1.6068,1.6068,1.6068,1.6068,1.6068,1.6068,1.6068,1.6068,1.6068,1.6068,1.6068,1.6068,1.6068,1.6092,1.6092,1.6092,1.6092,1.6092,1.6068,1.6068,1.6068,1.6068,1.6068,1.6068,1.6068,1.6068,1.6068,1.6068,1.6068,1.6068,1.6068,1.6068,1.6068,1.6068,1.6068,1.6068,1.6068,1.6092,1.6092,1.6092,1.6092,1.6092,1.6092,1.6092,1.6092,1.6092,1.6092,1.6092,1.6092,1.6092,1.6389,1.6389,1.6389,1.6365,1.6068,1.6365,1.6365,1.6365,1.6365,1.6365
1.6084,1.6084,1.6084,1.6084,1.6108,1.6108,1.6108,1.6108,1.6108,1.6108,1.6108,1.6108,1.6108,1.6108,1.6108,1.6108,1.6108,1.6108,1.6108,1.6108,1.6084,1.6084,1.6084,1.6084,1.6084,1.6084,1.6084,1.6084,1.6084,1.6084,1.6084,1.6084,1.6084,1.6084,1.6084,1.6084,1.6084,1.6084,1.6084,1.6084,1.6084,1.6084,1.6108,1.6108,1.6108,1.6108,1.6108,1.6108,1.6108,1.6108,1.6405,1.6405,1.6405,1.6405,1.6084,1.6381,1.6381,1.6381,1.6405,1.6405
1.61,1.61,1.6124,1.6124,1.6124,1.6124,1.6124,1.6124,1.6124,1.6124,1.6124,1.6124,1.6124,1.6124,1.6124,1.6124,1.6124,1.6124,1.6124,1.61,1.61,1.61,1.61,1.61,1.61,1.61,1.61,1.61,1.6124,1.6124,1.6124,1.6124,1.61,1.61,1.6124,1.6124,1.6124,1.6124,1.6124,1.6124,1.6124,1.6124,1.6124,1.6124,1.6124,1.6124,1.6124,1.6124,1.6124,1.6124,1.6421,1.6421,1.6421,1.6397,1.61,1.6397,1.6397,1.6397,1.6397,1.6421
1.6115,1.6115,1.6115,1.6115,1.6115,1.6115,1.6115,1.6115,1.6115,1.6115,1.6115,1.6115,1.6115,1.6115,1.614,1.614,1.614,1.6115,1.6115,1.6115,1.6115,1.6115,1.6115,1.6115,1.6115,1.6115,1.6115,1.6115,1.6115,1.6115,1.6115,1.6115,1.6115,1.6115,1.6115,1.6115,1.6115,1.6115,1.6115,1.6115,1.6115,1.6115,1.6115,1.6115,1.6115,1.6115,1.6115,1.6115,1.6115,1.6115,1.6437,1.6437,1.6437,1.6413,1.16,1.6413,1.6413,1.6413,1.6413,1.6413
1.6131,1.6155,1.6155,1.6155,1.6155,1.6155,1.6155,1.6155,1.6155,1.6155,1.6155,1.6155,1.6155,1.6155,1.6155,1.6155,1.6155,1.6155,1.6155,1.6155,1.6131,1.6155,1.6155,1.6155,1.6155,1.6155,1.6131,1.6131,1.6155,1.6155,1.6155,1.6155,1.6131,1.6131,1.6155,1.6155,1.6155,1.6155,1.6155,1.6155,1.6155,1.6155,1.6155,1.6155,1.6155,1.6155,1.6155,1.6155,1.6155,1.6155,1.2291,1.6453,1.6453,1.6453,1.6453,1.6453,1.6453,1.6453,1.6453,1.6453
1.6147,1.6147,1.6147,1.6147,1.6147,1.6147,1.6147,1.6147,1.6147,1.6147,1.6147,1.6147,1.6147,1.6171,1.6171,1.6147,1.6147,1.6147,1.6147,1.6147,1.6147,1.6147,1.6147,1.6147,1.6147,1.6147,1.6147,1.6147,1.6147,1.6147,1.6147,1.6147,1.6147,1.6147,1.6171,1.6171,1.6171,1.6171,1.6171,1.6171,1.6171,1.6171,1.6171,1.6171,1.6171,1.6171,1.6171,1.6171,1.6171,1.6171,1.6469,1.6469,1.6445,1.6445,1.6147,1.6445,1.6445,1.6445,1.6445,1.6445
1.6163,1.6163,1.6163,1.6163,1.6163,1.6163,1.6163,1.6163,1.6163,1.6163,1.6163,1.6163,1.6163,1.6187,1.6187,1.6187,1.6187,1.6187,1.6187,1.6187,1.6163,1.6163,1.6163,1.6163,1.6163,1.6163,1.6163,1.6163,1.6163,1.6163,1.6163,1.6163,1.6163,1.6163,1.6163,1.6163,1.6163,1.6163,1.6163,1.6163,1.6163,1.6163,1.6163,1.6163,1.6163,1.6163,1.6163,1.6163,1.6163,1.6163,1.6486,1.6486,1.6486,1.6486,1.6461,1.6461,1.6461,1.6461,1.6461,1.6486
1.6179,1.6203,1.6203,1.6203,1.6203,1.6203,1.6203,1.6203,1.6203,1.6203,1.6203,1.6203,1.6203,1.6203,1.6203,1.6203,1.6203,1.6203,1.6203,1.6203,1.6179,1.6203,1.6203,1.6203,1.6203,1.6203,1.6179,1.6203,1.6203,1.6203,1.6203,1.6203,1.6203,1.6179,1.6203,1.6203,1.6203,1.6203,1.6203,1.6203,1.6203,1.6203,1.6203,1.6203,1.6203,1.6203,1.6203,1.6203,1.6203,1.6203,1.6502,1.6502,1.6502,1.6502,1.6502,1.6502,1.6478,1.6502,1.6502,1.6502
1.6195,1.6195,1.6195,1.6195,1.6195,1.6195,1.6195,1.6195,1.6195,1.6195,1.6195,1.6195,1.6195,1.6195,1.6219,1.6195,1.6195,1.6195,1.6195,1.6195,1.6195,1.6195,1.6195,1.6195,1.6195,1.6195,1.6195,1.6195,1.6195,1.6195,1.6195,1.6195,1.6195,1.6195,1.6195,1.6195,1.6195,1.6195,1.6195,1.6195,1.6195,1.6195,1.6195,1.6195,1.6195,1.6195,1.6195,1.6195,1.6219,1.198,1.6518,1.6518,1.6494,1.6494,1.0273,1.6494,1.6494,1.6494,1.6494,1.6494
1.6211,1.6211,1.6235,1.6235,1.6235,1.6235,1.6235,1.6235,1.6235,1.6235,1.6235,1.6235,1.6235,1.6235,1.6235,1.6235,1.6235,1.6235,1.6235,1.6235,1.6211,1.6235,1.6235,1.6235,1.6235,1.6235,1.6211,1.6211,1.6211,1.6211,1.6211,1.6211,1.6211,1.6211,1.6211,1.6211,1.6211,1.6211,1.6211,1.6211,1.6211,1.6211,1.6211,1.6211,1.6235,1.6235,1.6235,1.6235,1.6235,1.6235,1.1992,1.6534,1.6534,1.6534,1.6534,1.6534,1.6534,1.6534,1.6534,1.6534
1.6227,1.6227,1.6227,1.6251,1.6251,1.6251,1.6251,1.6251,1.6251,1.6251,1.6251,1.6251,1.6251,1.6251,1.6251,1.6227,1.6227,1.6227,1.6227,1.6227,1.6227,1.6227,1.6227,1.6227,1.6227,1.6227,1.6227,1.6227,1.6251,1.6251,1.6251,1.6251,1.6227,1.6251,1.6251,1.6251,1.6251,1.6251,1.6251,1.6251,1.6251,1.6251,1.6251,1.6251,1.6251,1.6251,1.6251,1.6251,1.6251,1.6251,1.6551,1.6551,1.6551,1.6526,1.6526,1.6526,1.6526,1.6526,1.6526,1.6526
1.6243,1.6243,1.6243,1.6243,1.6243,1.6243,1.6243,1.6243,1.6243,1.6243,1.6243,1.6243,1.6243,1.6243,1.6267,1.6267,1.6267,1.6267,1.6243,1.6243,1.6243,1.6243,1.6243,1.6243,1.6243,1.6243,1.6243,1.6243,1.6243,1.6243,1.6243,1.6243,1.6243,1.6243,1.6243,1.6243,1.6243,1.6243,1.6243,1.6243,1.6243,1.6243,1.6243,1.6243,1.6243,1.6243,1.6243,1.6243,1.6243,1.6243,1.6567,1.6567,1.6567,1.6543,1.6243,1.6543,1.6543,1.6543,1.6543,1.6543
1.6259,1.6283,1.6283,1.6283,1.6283,1.6283,1.6283,1.6283,1.6283,1.6283,1.6283,1.6283,1.6283,1.6283,1.6283,1.6283,1.6283,1.6283,1.6283,1.6283,1.6283,1.6283,1.6283,1.6283,1.6283,1.6283,1.6259,1.6259,1.6283,1.6283,1.6283,1.6283,1.6283,1.6259,1.6283,1.6283,1.6283,1.6283,1.6283,1.6283,1.6283,1.6283,1.6283,1.6283,1.6283,1.6283,1.6283,1.6283,1.6283,1.6283,1.2028,1.6583,1.6583,1.6583,1.6583,1.6583,1.6583,1.6583,1.6583,1.6583
1.6275,1.6275,1.6275,1.6275,1.6275,1.6275,1.6275,1.6275,1.6275,1.6275,1.6275,1.6275,1.6275,1.6275,1.6275,1.6275,1.6275,1.6275,1.6275,1.6275,1.6275,1.6275,1.6275,1.6275,1.6275,1.6275,1.6275,1.6275,1.6275,1.6275,1.6275,1.6275,1.6275,1.6275,1.6299,1.6299,1.6299,1.6299,1.6299,1.6299,1.6299,1.6299,1.6299,1.6299,1.6299,1.6299,1.6299,1.6299,1.6299,1.204,1.66,1.66,1.6575,1.6275,1.6275,1.6575,1.6575,1.6575,1.6575,1.6575
1.6291,1.6291,1.6291,1.6291,1.6291,1.6291,1.6291,1.6291,1.6291,1.6291,1.6291,1.6291,1.6291,1.6315,1.6315,1.6315,1.6315,1.6315,1.6315,1.6315,1.6291,1.6291,1.6291,1.6291,1.6291,1.6291,1.6291,1.6291,1.6291,1.6291,1.6291,1.6291,1.6291,1.6291,1.6291,1.6291,1.6291,1.6291,1.6291,1.6291,1.6291,1.6291,1.6291,1.6291,1.6291,1.6291,1.6291,1.6291,1.6291,1.6291,1.2262,1.6616,1.6616,1.6616,1.6616,1.6616,1.6616,1.6616,1.6616,1.6616
1.6307,1.6332,1.6332,1.6332,1.6332,1.6332,1.6332,1.6332,1.6332,1.6332,1.6332,1.6332,1.6332,1.6332,1.6332,1.6332,1.6332,1.6332,1.6332,1.6307,1.6307,1.6332,1.6332,1.6332,1.6332,1.6332,1.6307,1.6332,1.6332,1.6332,1.6332,1.6332,1.6332,1.6307,1.6332,1.6332,1.6332,1.6332,1.6332,1.6332,1.6332,1.6332,1.6332,1.6332,1.6332,1.6332,1.6332,1.6332,1.6332,1.6332,1.6633,1.6633,1.6633,1.6633,1.6608,1.6608,1.6608,1.6608,1.6608,1.6633
1.6323,1.6323,1.6323,1.6323,1.6323,1.6323,1.6323,1.6323,1.6323,1.6323,1.6323,1.6323,1.6323,1.6323,1.6348,1.6323,1.6323,1.6323,1.6323,1.6323,1.6323,1.6323,1.6323,1.6323,1.6323,1.6323,1.6323,1.6323,1.6323,1.6323,1.6323,1.6323,1.6323,1.6323,1.6323,1.6323,1.6323,1.6323,1.6323,1.6323,1.6323,1.6323,1.6323,1.6323,1.6323,1.6323,1.6323,1.6323,1.6323,1.2075,1.6649,1.6649,1.6625,1.6625,0.6379,1.6323,1.6625,1.6625,1.6625,1.6625
1.634,1.6364,1.6364,1.6364,1.6364,1.6364,1.6364,1.6364,1.6364,1.6364,1.6364,1.6364,1.6364,1.6364,1.6364,1.1786,1.6364,1.6364,1.6364,1.6364,1.6364,1.6364,1.6364,1.6364,1.6364,1.6364,1.634,1.634,1.6364,1.6364,1.6364,1.6364,1.6364,1.634,1.634,1.6364,1.6364,1.6364,1.6364,1.6364,1.6364,1.6364,1.6364,1.6364,1.6364,1.6364,1.6364,1.6364,1.6364,1.6364,1.2087,1.6666,1.6666,1.6666,1.6666,1.6666,1.6666,1.6666,1.6666,1.6666
1.6356,1.6356,1.6356,1.6356,1.6356,1.6356,1.6356,1.6356,1.6356,1.6356,1.6356,1.6356,1.6356,1.638,1.6356,1.6356,1.6356,1.6356,1.6356,1.6356,1.6356,1.6356,1.6356,1.6356,1.6356,1.6356,1.6356,1.6356,1.638,1.638,1.638,1.6356,1.6356,1.638,1.638,1.638,1.638,1.638,1.638,1.638,1.638,1.638,1.638,1.638,1.638,1.638,1.638,1.638,1.638,1.2099,1.6682,1.6682,1.6658,1.6356,1.6356,1.6658,1.6658,1.6658,1.6658,1.6658
1.6372,1.6372,1.6372,1.6372,1.6372,1.6372,1.6372,1.6372,1.6372,1.6372,1.6372,1.6372,1.6372,1.6372,1.6397,1.6397,1.6397,1.6397,1.6397,1.6397,1.6372,1.6372,1.6372,1.6372,1.6372,1.6372,1.6372,1.6372,1.6372,1.6372,1.6372,1.6372,1.6372,1.6372,1.6372,1.6372,1.6372,1.6372,1.6372,1.6372,1.6372,1.6372,1.6372,1.6372,1.6372,1.6372,1.6372,1.6372,1.6372,1.6372,1.6699,1.6699,1.6699,1.6699,1.6674,1.6674,1.6674,1.6674,1.6674,1.6699
1.6413,1.6413,1.6413,1.6413,1.6413,1.6413,1.6413,1.6413,1.6413,1.6413,1.6413,1.6413,1.6413,1.6413,1.6413,1.6413,1.6413,1.6413,1.6413,1.6413,1.6413,1.6413,1.6413,1.6413,1.6413,1.6413,1.6413,1.6413,1.6413,1.6413,1.6413,1.6413,1.6413,1.6413,1.6413,1.6413,1.6413,1.6413,1.6413,1.6413,1.6413,1.6413,1.6413,1.6413,1.6413,1.6413,1.6413,1.6413,1.6413,1.6413,1.2124,1.6716,1.6716,1.6716,1.6716,1.6716,1.6716,1.6716,1.6716,1.6716
1.6405,1.6405,1.6405,1.6405,1.6405,1.6405,1.6405,1.6405,1.6405,1.6405,1.6405,1.6405,1.6405,1.6405,1.6405,1.6405,1.6405,1.6405,1.6405,1.6405,1.6405,1.6405,1.6405,1.6405,1.6405,1.6405,1.6405,1.6405,1.6405,1.6405,1.6405,1.6405,1.6405,1.6405,1.6405,1.6405,1.6405,1.6405,1.6405,1.6405,1.6405,1.6405,1.6405,1.6405,1.6405,1.6405,1.6429,1.6429,1.6429,1.2136,1.6732,1.6708,1.6708,1.6405,1.6405,1.6708,1.6708,1.6708,1.6708,1.6708
1.6421,1.6421,1.6446,1.6446,1.6446,1.6446,1.6446,1.6446,1.6446,1.6446,1.6446,1.6446,1.6446,1.6446,1.6446,1.6446,1.6446,1.6446,1.6446,1.6446,1.6446,1.6446,1.6446,1.6446,1.6446,1.6446,1.6446,1.6421,1.6421,1.6421,1.6421,1.6421,1.6421,1.6421,1.6421,1.6421,1.6421,1.6421,1.6421,1.6421,1.6421,1.6421,1.6421,1.6421,1.6421,1.6421,1.6421,1.6421,1.6421,1.6421,1.2148,1.6749,1.6749,1.6749,1.6749,1.6749,1.6749,1.6749,1.6749,1.6749
1.6438,1.6462,1.6462,1.6462,1.6462,1.6462,1.6462,1.6462,1.6462,1.6462,1.6462,1.6462,1.6462,1.6462,1.6462,1.6438,1.6438,1.6438,1.6438,1.6438,1.6438,1.6438,1.6438,1.6438,1.6438,1.6438,1.6438,1.6462,1.6462,1.6462,1.6462,1.6462,1.6462,1.6462,1.6462,1.6462,1.6462,1.6462,1.6462,1.6462,1.6462,1.6462,1.6462,1.6462,1.6462,1.6462,1.6462,1.6462,1.6462,1.6462,1.6766,1.6766,1.6766,1.6438,1.6741,1.6741,1.6741,1.6741,1.6741,1.6741
1.6454,1.6454,1.6454,1.6454,1.6454,1.6454,1.6454,1.6454,1.6454,1.6454,1.6454,1.6454,1.6454,1.6454,1.6454,1.6454,1.6454,1.6454,1.6454,1.6454,1.6454,1.6454,1.6454,1.6454,1.6454,1.6454,1.6454,1.6454,1.6454,1.6454,1.6454,1.6454,1.6454,1.6454,1.6454,1.6454,1.6454,1.6454,1.6454,1.6454,1.6454,1.6454,1.6454,1.6454,1.6454,1.6454,1.6454,1.6454,1.6454,1.2172,1.6782,1.6782,1.6758,1.6758,1.1844,1.6454,1.6758,1.6758,1.6758,1.6758
1.6495,1.6495,1.6495,1.6495,1.6495,1.6495,1.6495,1.6495,1.6495,1.6495,1.6495,1.6495,1.6495,1.6495,1.6495,1.188,1.6495,1.6495,1.6495,1.6495,1.6495,1.6495,1.6495,1.6495,1.6495,1.6495,1.647,1.6495,1.6495,1.6495,1.6495,1.6495,1.6495,1.6495,1.6495,1.6495,1.6495,1.6495,1.6495,1.6495,1.6495,1.6495,1.6495,1.6495,1.6495,1.6495,1.6495,1.6495,1.6495,1.6495,1.2184,1.6799,1.6799,1.6799,1.6799,1.6799,1.6799,1.6799,1.6799,1.6799
1.6487,1.6487,1.6487,1.6487,1.6487,1.6487,1.6487,1.6487,1.6487,1.6487,1.6487,1.6487,1.6487,1.6487,1.6487,1.6487,1.6487,1.6487,1.6487,1.6487,1.6487,1.6487,1.6487,1.6487,1.6487,1.6487,1.6487,1.6487,1.6487,1.6487,1.6487,1.6487,1.6487,1.6512,1.6512,1.6512,1.6512,1.6512,1.6512,1.6512,1.6512,1.6512,1.6512,1.6512,1.6512,1.6512,1.6512,1.6512,1.6512,1.2197,1.6816,1.6791,1.6791,1.632,1.6487,1.6791,1.6791,1.6791,1.6791,1.6791
1.6504,1.6504,1.6504,1.6504,1.6504,1.6504,1.6504,1.6504,1.6504,1.6504,1.6504,1.6504,1.6504,1.6504,1.6528,1.6528,1.6528,1.6528,1.6528,1.6528,1.6528,1.6504,1.6504,1.6504,1.6504,1.6504,1.6504,1.6504,1.6504,1.6504,1.6504,1.6504,1.6504,1.6504,1.6504,1.6504,1.6504,1.6504,1.6504,1.6504,1.6504,1.6504,1.6504,1.6504,1.6504,1.6504,1.6504,1.6504,1.6504,1.6504,1.6504,1.6833,1.6833,1.6833,1.6833,1.6833,1.6833,1.6833,1.6833,1.6833
1.6545,1.6545,1.6545,1.6545,1.6545,1.6545,1.6545,1.6545,1.6545,1.6545,1.6545,1.6545,1.6545,1.6545,1.6545,1.6545,1.6545,1.6545,1.6545,1.6545,1.6545,1.6545,1.6545,1.6545,1.6545,1.6545,1.6545,1.6545,1.6545,1.6545,1.6545,1.6545,1.6545,1.6545,1.6545,1.6545,1.6545,1.6545,1.6545,1.6545,1.6545,1.6545,1.6545,1.6545,1.6545,1.6545,1.6545,1.6545,1.6545,1.6545,1.685,1.685,1.685,1.685,1.685,1.685,1.685,1.685,1.685,1.685
1.6537,1.6537,1.6537,1.6537,1.6537,1.6537,1.6537,1.6537,1.6537,1.6537,1.6537,1.6537,1.6537,1.6537,1.6537,1.6537,1.6537,1.6537,1.6537,1.6537,1.6537,1.6537,1.6537,1.6537,1.6537,1.6537,1.6537,1.6537,1.6537,1.6537,1.6537,1.6537,1.6537,1.6537,1.6537,1.6537,1.6537,1.6537,1.6537,1.6537,1.6537,1.6537,1.6537,1.6537,1.6537,1.6537,1.6537,1.6537,1.6537,1.2233,1.6867,1.6842,1.6842,1.6842,0.5151,1.6537,1.6842,1.6842,1.6842,1.6842
1.6553,1.6578,1.6578,1.6578,1.6578,1.6578,1.6578,1.6578,1.6578,1.6578,1.6578,1.6578,1.6578,1.6578,1.6578,1.194,1.6578,1.6578,1.6578,1.6578,1.6578,1.6578,1.6578,1.6578,1.6578,1.6578,1.6578,1.6553,1.6578,1.6578,1.6578,1.6578,1.6553,1.6553,1.6553,1.6553,1.6553,1.6553,1.6553,1.6553,1.6553,1.6553,1.6553,1.6578,1.6578,1.6578,1.6578,1.6578,1.6578,1.6578,1.2246,1.6884,1.6884,1.6884,1.6884,1.6884,1.6884,1.6884,1.6884,1.6884
1.657,1.657,1.657,1.6595,1.6595,1.6595,1.6595,1.6595,1.6595,1.6595,1.6595,1.6595,1.6595,1.6595,1.657,1.657,1.657,1.657,1.657,1.657,1.657,1.657,1.657,1.657,1.657,1.657,1.657,1.6595,1.6595,1.6595,1.6595,1.6595,1.6595,1.6595,1.6595,1.6595,1.6595,1.6595,1.6595,1.6595,1.6595,1.6595,1.6595,1.6595,1.6595,1.6595,1.6595,1.6595,1.6595,1.2258,1.6901,1.6901,1.6876,1.555,1.6876,1.6876,1.6876,1.6876,1.6876,1.6876
1.6587,1.6587,1.6587,1.6587,1.6587,1.6587,1.6587,1.6587,1.6587,1.6587,1.6587,1.6587,1.6587,1.6587,1.6612,1.6612,1.6612,1.6612,1.6612,1.6587,1.6587,1.6587,1.6587,1.6587,1.6587,1.6587,1.6587,1.6587,1.6587,1.6587,1.6587,1.6587,1.6587,1.6587,1.6587,1.6587,1.6587,1.6587,1.6587,1.6587,1.6587,1.6587,1.6587,1.6587,1.6587,1.6587,1.6587,1.6587,1.6587,1.6587,1.6918,1.6918,1.6918,1.6893,1.6893,1.6587,1.6893,1.6893,1.6893,1.6893
1.6628,1.6628,1.6628,1.6628,1.6628,1.6628,1.6628,1.6628,1.6628,1.6628,1.6628,1.6628,1.4202,1.6628,1.6628,1.6628,1.6628,1.6628,1.6628,1.6628,1.6628,1.6628,1.6628,1.6628,1.6628,1.6628,1.6628,1.6628,1.6628,1.6628,1.6628,1.6628,1.6628,1.6628,1.6628,1.6628,1.6628,1.6628,1.6628,1.6628,1.6628,1.6628,1.6628,1.6628,1.6628,1.6628,1.6628,1.6628,1.6628,1.6628,1.2283,1.6935,1.6935,1.6935,1.6935,1.6935,1.6935,1.6935,1.6935,1.6935
1.662,1.662,1.662,1.662,1.662,1.662,1.662,1.662,1.662,1.662,1.662,1.662,1.662,1.662,1.662,1.662,1.662,1.662,1.662,1.662,1.662,1.662,1.662,1.662,1.662,1.662,1.662,1.662,1.662,1.662,1.662,1.662,1.662,1.662,1.662,1.662,1.662,1.662,1.6645,1.6645,1.6645,1.6645,1.6645,1.6645,1.6645,1.6645,1.6645,1.6645,1.6645,1.2295,1.6952,1.6927,1.6927,1.662,1.662,1.6927,1.6927,1.6927,1.6927,1.6927
1.6637,1.6637,1.6662,1.6662,1.6662,1.6662,1.6662,1.6662,1.6662,1.6662,1.6662,1.6662,1.6662,1.6662,1.6662,1.6662,1.6662,1.6662,1.6662,1.6662,1.6662,1.6637,1.6662,1.6662,1.6662,1.6662,1.6637,1.6637,1.6637,1.6637,1.6637,1.6637,1.6637,1.6637,1.6637,1.6637,1.6637,1.6637,1.6637,1.6637,1.6637,1.6637,1.6637,1.6637,1.6637,1.6637,1.6637,1.6637,1.6637,1.6637,1.2308,1.6969,1.6969,1.6969,1.6969,1.6969,1.6969,1.6969,1.6969,1.6969
1.6679,1.6679,1.6679,1.6679,1.6679,1.6679,1.6679,1.6679,1.6679,1.6679,1.6679,1.6679,1.6679,1.6679,1.6679,1.6679,1.6679,1.6654,1.6654,1.6654,1.6654,1.6679,1.6679,1.6679,1.6679,1.6654,1.6654,1.6679,1.6679,1.6679,1.6679,1.6679,1.6679,1.6679,1.6679,1.6679,1.6679,1.6679,1.6679,1.6679,1.6679,1.6679,1.6679,1.6679,1.6679,1.6679,1.6679,1.6679,1.6679,1.6679,1.6986,1.6986,1.6986,1.6654,1.6961,1.6961,1.6961,1.6961,1.6961,1.6986
1.6671,1.6671,1.6671,1.6671,1.6671,1.6671,1.6671,1.6671,1.6671,1.6671,1.6671,1.6671,1.6671,1.6671,1.6671,1.6671,1.6671,1.6671,1.6671,1.6671,1.6671,1.6671,1.6671,1.6671,1.6671,1.6671,1.6671,1.6671,1.6671,1.6671,1.6671,1.6671,1.6671,1.6671,1.6671,1.6671,1.6671,1.6671,1.6671,1.6671,1.6671,1.6671,1.6671,1.6671,1.6671,1.6671,1.6671,1.6671,1.6671,1.2333,1.7004,1.7004,1.6979,1.6979,0.4168,1.6671,1.6979,1.6979,1.6979,1.6979
1.6713,1.6713,1.6713,1.6713,1.6713,1.6713,1.6713,1.6713,1.6713,1.6713,1.6713,1.6713,1.6713,1.6713,1.6713,0.8792,1.6713,1.6713,1.6713,1.6713,1.6713,1.6713,1.6713,1.6713,1.6713,1.6713,1.6713,1.6713,1.6713,1.6713,1.6713,1.6713,1.6713,1.6688,1.6688,1.6713,1.6713,1.6713,1.6713,1.6713,1.6713,1.6713,1.6713,1.6713,1.6713,1.6713,1.6713,1.6713,1.6713,1.6713,1.2345,1.7021,1.7021,1.7021,1.7021,1.7021,1.7021,1.7021,1.7021,1.7021
1.6705,1.6705,1.6705,1.6705,1.6705,1.6705,1.6705,1.6705,1.6705,1.6705,1.6705,1.6705,1.6705,1.6705,1.6705,1.6705,1.6705,1.6705,1.6705,1.6705,1.6705,1.6705,1.6705,1.6705,1.6705,1.6705,1.6705,1.6705,1.6705,1.6705,1.6705,1.6705,1.6705,1.673,1.673,1.673,1.673,1.673,1.673,1.673,1.673,1.673,1.673,1.673,1.673,1.673,1.673,1.673,1.673,1.2358,1.7038,1.7013,1.7013,1.2024,1.6705,1.7013,1.7013,1.7013,1.7013,1.7013
1.6722,1.6722,1.6722,1.6722,1.6722,1.6722,1.6722,1.6722,1.6722,1.6722,1.6722,1.6722,1.6722,1.6722,1.6747,1.6747,1.6747,1.6747,1.6747,1.6747,1.6722,1.6722,1.6722,1.6722,1.6722,1.6722,1.6722,1.6722,1.6722,1.6722,1.6722,1.6722,1.6722,1.6722,1.6722,1.6722,1.6722,1.6722,1.6722,1.6722,1.6722,1.6722,1.6722,1.6722,1.6722,1.6722,1.6722,1.6722,1.6722,1.6722,1.6722,1.7055,1.7055,1.7055,1.7055,1.6722,1.703,1.703,1.7055,1.7055
1.6764,1.6764,1.6764,1.6764,1.6764,1.6764,1.6764,1.6764,1.6764,1.6764,1.6764,1.6764,1.2074,1.6764,1.6764,1.6764,1.6764,1.6764,1.6764,1.6764,1.6764,1.6764,1.6764,1.6764,1.6764,1.6764,1.6764,1.6764,1.6764,1.6764,1.6764,1.6764,1.6764,1.6764,1.6764,1.6764,1.6764,1.6764,1.6764,1.6764,1.6764,1.6764,1.6764,1.6764,1.6764,1.6764,1.6764,1.6764,1.6764,1.6764,1.2383,1.7073,1.7073,1.7073,1.7073,1.7073,1.7073,1.7073,1.7073,1.7073
1.6756,1.6756,1.6756,1.6756,1.6756,1.6756,1.6756,1.6756,1.6756,1.6756,1.6756,1.6756,1.6756,1.6756,1.6756,1.6756,1.6756,1.6756,1.6756,1.6756,1.6756,1.6756,1.6756,1.6756,1.6756,1.2061,1.6756,1.5994,1.6756,1.6756,1.6756,1.6756,1.6756,1.6756,1.6756,1.6756,1.6756,1.6756,1.6756,1.6756,1.6756,1.6756,1.6756,1.6756,1.6756,1.6756,1.6756,1.6756,1.6756,1.2395,1.709,1.7065,1.7065,1.6756,0.4908,1.6756,1.7065,1.7065,1.7065,1.7065
1.6773,1.6798,1.6798,1.6798,1.6798,1.6798,1.6798,1.6798,1.6798,1.6798,1.6798,1.6798,1.6798,1.6798,1.6798,1.2098,1.6798,1.6798,1.6798,1.6798,1.6798,1.6798,1.6798,1.6798,1.6798,1.6798,1.6798,1.6773,1.6773,1.6773,1.6773,1.6773,1.6773,1.6773,1.6773,1.6773,1.6773,1.6773,1.6773,1.6773,1.6773,1.6773,1.6773,1.6773,1.6773,1.6773,1.6773,1.6773,1.6773,1.6773,1.2408,1.7108,1.7108,1.7108,1.7108,1.7108,1.7108,1.7108,1.7108,1.7108
1.679,1.6815,1.6815,1.6815,1.6815,1.6815,1.6815,1.6815,1.6815,1.6815,1.6815,1.6815,1.6815,1.6815,1.679,1.679,1.679,1.679,1.679,1.679,1.679,1.679,1.679,1.679,1.679,1.679,1.679,1.6815,1.6815,1.6815,1.6815,1.6815,1.6815,1.6815,1.6815,1.6815,1.6815,1.6815,1.6815,1.6815,1.6815,1.6815,1.6815,1.6815,1.6815,1.6815,1.6815,1.6815,1.6815,1.6815,1.7125,1.7125,1.71,1.2571,1.71,1.71,1.71,1.71,1.71,1.71
1.6807,1.6807,1.6807,1.6807,1.6807,1.6807,1.6807,1.6807,1.6807,1.6807,1.6807,1.6807,1.6807,1.6807,1.6807,1.6807,1.6807,1.6807,1.6807,1.6807,1.6807,1.6807,1.6807,1.6807,1.6807,1.6807,1.6807,1.6807,1.6807,1.6807,1.6807,1.6807,1.6807,1.6807,1.6807,1.6807,1.6807,1.6807,1.6807,1.6807,1.6807,1.6807,1.6807,1.6807,1.6807,1.6807,1.6807,1.6807,1.6807,1.2433,1.7143,1.7143,1.7117,1.7117,1.6807,1.6807,1.7117,1.7117,1.7117,1.7117
1.685,1.685,1.685,1.685,1.685,1.685,1.685,1.685,1.685,1.685,1.685,1.685,1.685,1.685,1.685,1.685,1.685,1.685,1.685,1.685,1.685,1.685,1.685,1.685,1.685,1.685,1.685,1.685,1.685,1.685,1.685,1.685,1.685,1.685,1.685,1.685,1.685,1.685,1.685,1.685,1.685,1.685,1.685,1.685,1.685,1.685,1.685,1.685,1.685,1.685,1.2446,1.716,1.716,1.716,1.716,1.716,1.716,1.716,1.716,1.716
1.6842,1.6842,1.6842,1.6842,1.6842,1.6842,1.6842,1.6842,1.6842,1.6842,1.6842,1.6842,1.6842,1.6842,1.6842,1.6842,1.6842,1.6842,1.6842,1.6842,1.6842,1.6842,1.6842,1.6842,1.6842,1.6842,1.6842,1.6842,1.6842,1.6842,1.6842,1.6842,1.6842,1.6842,1.6867,1.6867,1.6867,1.6867,1.6867,1.6867,1.6867,1.6867,1.6867,1.6867,1.6867,1.6867,1.6867,1.6867,1.6867,1.2459,1.7178,1.7152,1.7152,1.2123,1.6842,1.7152,1.7152,1.7152,1.7152,1.7152
1.6859,1.6859,1.6859,1.6859,1.6859,1.6859,1.6859,1.6859,1.6859,1.6859,1.6859,1.6859,1.6859,1.6884,1.6884,1.6884,1.6519,1.6884,1.6884,1.6884,1.6884,1.6859,1.6859,1.6859,1.6859,1.6859,1.6859,1.6859,1.6859,1.6859,1.6859,1.6859,1.6859,1.6859,1.6859,1.6859,1.6859,1.6859,1.6859,1.6859,1.6859,1.6859,1.6859,1.6859,1.6859,1.6859,1.6859,1.6859,1.6859,1.6859,1.2472,1.7195,1.7195,1.7195,1.7195,1.7195,1.7195,1.7195,1.7195,1.7195
1.6901,1.6901,1.6901,1.6901,1.6901,1.6901,1.6901,1.6901,1.6901,1.6901,1.6901,1.6901,1.6901,1.6901,1.6901,1.6901,1.6901,1.6901,1.6901,1.6901,1.6901,1.6901,1.6901,1.6901,1.6901,1.6876,1.6901,1.6901,1.6901,1.6901,1.6901,1.6901,1.6901,1.6901,1.6901,1.6901,1.6901,1.6901,1.6901,1.6901,1.6901,1.6901,1.6901,1.6901,1.6901,1.6901,1.6901,1.6901,1.6901,1.6901,1.7213,1.7213,1.7213,1.7213,1.7213,1.7213,1.7213,1.7213,1.7213,1.7213
1.6893,1.6893,1.6893,1.6893,1.6893,1.6893,1.6893,1.6893,1.6893,1.6893,1.6893,1.6893,1.6893,1.6893,1.6893,1.6893,1.6893,1.6893,1.6893,1.6893,1.6893,1.6893,1.6893,1.6893,1.6893,1.6893,1.6893,1.6893,1.6893,1.6893,1.6893,1.6893,1.6893,1.6893,1.6893,1.6893,1.6893,1.6893,1.6893,1.6893,1.6893,1.6893,1.6893,1.6893,1.6893,1.6893,1.6893,1.6893,1.6893,1.2497,1.7231,1.7205,1.7205,1.7205,0.3759,1.6893,1.7205,1.7205,1.7205,1.7205
1.6936,1.6936,1.6936,1.6936,1.6936,1.6936,1.6936,1.6936,1.6936,1.6936,1.6936,1.6936,1.6936,1.6936,1.6936,0.9003,1.6936,1.6936,1.6936,1.6936,1.6936,1.6936,1.6936,1.6936,1.6936,1.6936,1.6936,1.6936,1.6936,1.6936,1.6936,1.6936,1.6936,1.6911,1.6911,1.6911,1.6911,1.6936,1.6936,1.6936,1.6936,1.6936,1.6936,1.6936,1.6936,1.6936,1.6936,1.6936,1.6936,1.6936,1.6936,1.7248,1.7248,1.7248,1.7248,1.7248,1.7248,1.7248,1.7248,1.7248
1.6928,1.6928,1.6928,1.6928,1.6928,1.6928,1.6928,1.6928,1.6928,1.6928,1.6928,1.6928,1.6928,1.6928,1.6928,1.6928,1.6928,1.6928,1.6928,1.6928,1.6928,1.6928,1.6928,1.6928,1.6928,1.6928,1.6928,1.6954,1.6954,1.6954,1.6954,1.6954,1.6954,1.6954,1.6954,1.6954,1.6954,1.6954,1.6954,1.6954,1.6954,1.6954,1.6954,1.6954,1.6954,1.6954,1.6954,1.6954,1.6954,1.2523,1.7266,1.7241,1.7241,1.2185,1.7241,1.7241,1.7241,1.7241,1.7241,1.7241
1.6946,1.6946,1.6946,1.6946,1.6946,1.6946,1.6946,1.6946,1.6946,1.6946,1.6946,1.6946,1.6946,1.6946,1.6946,1.6971,1.6971,1.6971,1.6971,1.6971,1.6946,1.6946,1.6946,1.6946,1.6946,1.6946,1.6946,1.6946,1.6946,1.6946,1.6946,1.6946,1.6946,1.6946,1.6946,1.6946,1.6946,1.6946,1.6946,1.6946,1.6946,1.6946,1.6946,1.6946,1.6946,1.6946,1.6946,1.6946,1.6946,1.6946,1.7284,1.7284,1.7284,1.7259,1.7259,1.6946,1.7259,1.7259,1.7259,1.7259
1.6989,1.6989,1.6989,1.6989,1.6989,1.6989,1.6989,1.6989,1.6989,1.6989,1.6989,1.6989,0.9978,1.6989,1.5057,1.6989,1.6989,1.6989,1.6989,1.6989,1.6989,1.6989,1.6989,1.6989,1.6989,1.6989,1.6989,1.6989,1.6989,1.6989,1.6989,1.6989,1.6989,1.6989,1.6989,1.6989,1.6989,1.6989,1.6989,1.6989,1.6989,1.6989,1.6989,1.6989,1.6989,1.6989,1.6989,1.6989,1.6989,1.6989,1.2549,1.7302,1.7302,1.7302,1.7302,1.7302,1.7302,1.7302,1.7302,1.7302
1.6981,1.6981,1.6981,1.6981,1.6981,1.6981,1.6981,1.6981,1.6981,1.6981,1.6981,1.6981,1.6981,1.6981,1.6981,1.6981,1.6981,1.6981,1.6981,1.6981,1.6981,1.6981,1.6981,1.6981,1.6981,1.2223,1.6981,1.6981,1.6981,1.6981,1.6981,1.6981,1.6981,1.6981,1.6981,1.6981,1.6981,1.6981,1.6981,1.6981,1.6981,1.6981,1.6981,1.6981,1.6981,1.6981,1.6981,1.7006,1.7006,1.732,1.732,1.7294,1.7294,1.2521,1.6981,1.6981,1.7294,1.7294,1.7294,1.7294
1.6998,1.7024,1.7024,1.7024,1.7024,1.7024,1.7024,1.7024,1.7024,1.7024,1.7024,1.7024,1.7024,1.7024,1.7024,1.7024,1.7024,1.7024,1.7024,1.7024,1.7024,1.7024,1.7024,1.7024,1.7024,1.7024,1.7024,1.6998,1.6998,1.6998,1.6998,1.6998,1.6998,1.6998,1.6998,1.6998,1.6998,1.6998,1.6998,1.6998,1.6998,1.6998,1.6998,1.6998,1.6998,1.6998,1.6998,1.6998,1.6998,1.6998,1.2575,1.7337,1.7337,1.7337,1.7337,1.7337,1.7337,1.7337,1.7337,1.7337
1.7041,1.7041,1.7041,1.7041,1.7041,1.7041,1.7041,1.7041,1.7041,1.7041,1.7041,1.7041,1.7041,1.7041,1.7041,1.7016,1.7016,1.7016,1.7016,1.7016,1.7016,1.7016,1.7016,1.7041,1.7041,1.7016,1.7016,1.7041,1.7041,1.7041,1.7041,1.7041,1.7041,1.7041,1.7041,1.7041,1.7041,1.7041,1.7041,1.7041,1.7041,1.7041,1.7041,1.7041,1.7041,1.7041,1.7041,1.7041,1.7041,1.7041,1.7355,1.7355,1.7355,1.7016,1.733,1.733,1.733,1.733,1.733,1.733
1.7033,1.7033,1.7033,1.7033,1.7033,1.7033,1.7033,1.7033,1.7033,1.7033,1.7033,1.7033,1.7033,1.7033,1.7033,1.7033,1.7033,1.7033,1.7033,1.7033,1.7033,1.7033,1.7033,1.7033,1.7033,1.7033,1.7033,1.7033,1.7033,1.7033,1.7033,1.7033,1.7033,1.7033,1.7033,1.7033,1.7033,1.7033,1.7033,1.7033,1.7033,1.7033,1.7033,1.7033,1.7033,1.7033,1.7033,1.7033,1.7033,1.2601,1.7373,1.7348,1.7348,1.7348,1.2261,1.7033,1.7348,1.7348,1.7348,1.7348
1.7077,1.7077,1.7077,1.7077,1.7077,1.7077,1.7077,1.7077,1.7077,1.7077,1.7077,1.7077,1.7077,1.7077,1.7077,0.8939,1.7077,1.7077,1.7077,1.7077,1.7077,1.7077,1.7077,1.7077,1.7077,1.7077,1.7077,1.7077,1.7077,1.7077,1.7077,1.7077,1.7077,1.7077,1.7077,1.7077,1.7077,1.7077,1.7077,1.7077,1.7077,1.7077,1.7077,1.7077,1.7077,1.7077,1.7077,1.7077,1.7077,1.7077,1.7077,1.7391,1.7391,1.7391,1.7391,1.7391,1.7391,1.7391,1.7391,1.7391
1.7069,1.7069,1.7069,1.7069,1.7069,1.7069,1.7069,1.7069,1.7069,1.7069,1.7069,1.7069,1.7069,1.7069,1.7069,1.7069,1.7069,1.7069,1.7069,1.7069,1.7069,1.7069,1.7069,1.7069,1.7069,1.7069,1.7069,1.7069,1.7069,1.7069,1.7069,1.7069,1.7069,1.7094,1.7094,1.7094,1.7094,1.7094,1.7094,1.7094,1.7094,1.7094,1.7094,1.7094,1.7094,1.7094,1.7094,1.7094,1.7094,1.2627,1.7409,1.7384,1.7384,1.2286,1.7069,1.7384,1.7384,1.7384,1.7384,1.7384
1.7087,1.7087,1.7087,1.7087,1.7087,1.7087,1.7087,1.7087,1.7087,1.7087,1.7087,1.7087,1.7087,1.7087,1.7112,1.7112,1.7112,1.7112,1.7112,1.7112,1.7112,1.7087,1.7087,1.7087,1.7087,1.7087,1.7087,1.7087,1.7087,1.7087,1.7087,1.7087,1.7087,1.7087,1.7087,1.7087,1.7087,1.7087,1.7087,1.7087,1.7087,1.7087,1.7087,1.7087,1.7087,1.7087,1.7087,1.7087,1.7087,1.7087,1.264,1.7428,1.7428,1.7428,1.7428,1.7087,1.7428,1.7428,1.7428,1.7428
1.713,1.713,1.713,1.713,1.713,1.713,1.713,1.713,1.713,1.713,1.713,1.713,1.713,1.713,1.5922,1.713,1.713,1.713,1.713,1.713,1.713,1.713,1.713,1.713,1.713,1.713,1.713,1.713,1.713,1.713,1.713,1.713,1.713,1.713,1.713,1.713,1.713,1.713,1.713,1.713,1.713,1.713,1.713,1.713,1.713,1.713,1.713,1.713,1.713,1.713,1.2653,1.7446,1.7446,1.7446,1.7446,1.7446,1.7446,1.7446,1.7446,1.7446
1.7122,1.7122,1.7122,1.7122,1.7122,1.7122,1.7122,1.7122,1.7122,1.7122,1.7122,1.7122,1.7122,1.7122,1.7122,1.7122,1.7122,1.7122,1.7122,1.7122,1.7122,1.2807,1.7122,1.7122,1.7122,1.1254,1.7122,1.2325,1.7122,1.7122,1.7122,1.7122,1.7122,1.7122,1.7122,1.7122,1.7122,1.7122,1.7122,1.7122,1.7122,1.7122,1.7122,1.7122,1.7122,1.7122,1.7122,1.7122,1.7122,1.7464,1.7464,1.7438,1.7438,1.7122,0.3695,1.7122,1.7438,1.7438,1.7438,1.7438
1.7166,1.7166,1.7166,1.7166,1.7166,1.7166,1.7166,1.7166,1.7166,1.7166,1.7166,1.7166,1.7166,1.2363,1.7166,1.2363,1.7166,1.7166,1.7166,1.7166,1.7166,1.7166,1.7166,1.7166,1.7166,1.7166,1.7166,1.7166,1.714,1.7166,1.7166,1.7166,1.7166,1.714,1.714,1.714,1.714,1.714,1.714,1.714,1.714,1.714,1.714,1.714,1.714,1.714,1.714,1.714,1.714,1.714,1.7166,1.7482,1.7482,1.7482,1.7482,1.7482,1.7482,1.7482,1.7482,1.7482
1.7158,1.7158,1.7184,1.7184,1.7184,1.7184,1.7184,1.7184,1.7184,1.7184,1.7184,1.7184,1.7184,1.7158,1.7158,1.7158,1.7158,1.7158,1.7158,1.7158,1.7158,1.7158,1.7158,1.7158,1.7158,1.7158,1.7158,1.7184,1.7184,1.7184,1.7184,1.7184,1.7184,1.7184,1.7184,1.7184,1.7184,1.7184,1.7184,1.7184,1.7184,1.7184,1.7184,1.7184,1.7184,1.7184,1.7184,1.7184,1.7184,1.2693,1.75,1.75,1.7475,1.125,1.7475,1.7475,1.7475,1.7475,1.7475,1.7475
1.7176,1.7176,1.7176,1.7176,1.7176,1.7176,1.7176,1.7176,1.7176,1.7176,1.7176,1.7176,1.7176,1.7176,1.7176,1.7201,1.7201,1.7176,1.7176,1.7176,1.7176,1.7176,1.7176,1.7176,1.7176,1.7176,1.4632,1.7176,1.2363,1.7176,1.7176,1.7176,1.7176,1.7176,1.7176,1.7176,1.7176,1.7176,1.7176,1.7176,1.7176,1.7176,1.7176,1.7176,1.7176,1.7176,1.7176,1.7176,1.7176,1.7176,1.7519,1.7519,1.7493,1.7493,1.7493,1.7176,1.7493,1.7493,1.7493,1.7493
1.7219,1.7219,1.7219,1.7219,1.7219,1.7219,1.7219,1.7219,1.7219,1.7219,1.7219,1.7219,1.7219,1.7219,1.2402,1.7219,1.7219,1.7219,1.7219,1.7219,1.7219,1.7219,1.7219,1.7219,1.7219,1.7219,1.7219,1.7219,1.7219,1.7219,1.7219,1.7219,1.7219,1.7219,1.7219,1.7219,1.7219,1.7219,1.7219,1.7219,1.7219,1.7219,1.7219,1.7219,1.7219,1.7219,1.7219,1.7219,1.7219,1.7219,1.7219,1.7537,1.7537,1.7537,1.7537,1.7537,1.7537,1.7537,1.7537,1.7537
1.7212,1.7212,1.7212,1.7212,1.7212,1.7212,1.7212,1.7212,1.7212,1.7212,1.7212,1.7212,1.7212,1.7212,1.7212,1.7212,1.7212,1.7212,1.7212,1.7212,1.7212,1.7212,1.7212,1.7212,1.7212,1.7212,1.7212,1.7212,1.7212,1.7212,1.7212,1.7212,1.7212,1.7212,1.7237,1.7237,1.7237,1.7237,1.7237,1.7237,1.7237,1.7237,1.7237,1.7237,1.7237,1.7237,1.7237,1.7237,1.7237,1.7555,1.7555,1.7529,1.7529,1.2389,1.7212,1.7212,1.7529,1.7529,1.7529,1.7529
1.723,1.723,1.723,1.723,1.7256,1.7256,1.7256,1.7256,1.7256,1.7256,1.7256,1.7256,1.7256,1.7256,1.7256,1.7256,1.2614,1.7256,1.7256,1.7256,1.7256,1.7256,1.7256,1.7256,1.7256,1.7256,1.723,1.723,1.723,1.723,1.723,1.723,1.723,1.723,1.723,1.723,1.723,1.723,1.723,1.723,1.723,1.723,1.723,1.723,1.723,1.723,1.723,1.723,1.723,1.723,1.2746,1.7574,1.7574,1.7574,1.7574,1.7574,1.7574,1.7574,1.7574,1.7574
1.7274,1.7274,1.7274,1.7274,1.7274,1.7274,1.7274,1.7274,1.7274,1.7274,1.7274,1.7274,1.7274,1.7274,1.7274,1.7274,1.7274,1.7274,1.7248,1.7248,1.7274,1.7274,1.7274,1.7274,1.7274,1.7274,1.7274,1.7274,1.7274,1.7274,1.7274,1.7274,1.7274,1.7274,1.7274,1.7274,1.7274,1.7274,1.7274,1.7274,1.7274,1.7274,1.7274,1.7274,1.7274,1.7274,1.7274,1.7274,1.7274,1.7274,1.7592,1.7592,1.7592,1.7592,1.7592,1.7566,1.7566,1.7566,1.7592,1.7592
1.7266,1.7266,1.7266,1.7266,1.7266,1.7266,1.7266,1.7266,1.7266,1.7266,1.7266,1.7266,1.7266,1.7266,1.7266,1.7266,1.7266,1.7266,1.7266,1.7266,1.7266,1.7266,1.7266,1.7266,1.7266,1.7266,1.2428,1.2428,1.7266,1.7266,1.7266,1.7266,1.7266,1.5023,1.7266,1.7266,1.7266,1.7266,1.7266,1.7266,1.7266,1.7266,1.7266,1.7266,1.7266,1.7266,1.7266,1.7266,1.7266,1.2773,1.7611,1.7585,1.7585,1.7585,0.3076,1.7266,1.7585,1.7585,1.7585,1.7585
1.731,1.731,1.731,1.731,1.731,1.731,1.731,1.731,1.731,1.731,1.731,1.731,1.731,1.2467,1.731,0.6825,1.731,1.731,1.731,1.731,1.731,1.731,1.731,1.731,1.731,1.731,1.731,1.731,1.731,1.731,1.731,1.731,1.731,1.731,1.7284,1.731,1.731,1.731,1.731,1.731,1.731,1.731,1.731,1.731,1.731,1.731,1.731,1.731,1.731,1.731,1.731,1.731,1.7629,1.7629,1.7629,1.7629,1.7629,1.7629,1.7629,1.7629
1.7302,1.7302,1.7302,1.7302,1.7302,1.7302,1.7302,1.7302,1.7302,1.7302,1.7302,1.7302,1.7302,1.7302,1.7302,1.7302,1.7302,1.7302,1.7302,1.7302,1.7302,1.7302,1.7302,1.7302,1.7302,1.7302,1.7302,1.7302,1.7328,1.7328,1.7328,1.7302,1.7302,1.7328,1.7328,1.7328,1.7328,1.7328,1.7328,1.7328,1.7328,1.7328,1.7328,1.7328,1.7328,1.7328,1.7328,1.7328,1.7328,1.28,1.7648,1.7622,1.7302,1.2454,1.7302,1.7622,1.7622,1.7622,1.7622,1.7622
1.732,1.732,1.732,1.732,1.732,1.732,1.732,1.732,1.732,1.732,1.732,1.732,1.732,1.732,1.732,1.7346,1.7346,1.7346,1.7346,1.7346,1.732,1.732,1.732,1.732,1.732,1.732,1.732,1.732,1.732,1.732,1.732,1.732,1.732,1.732,1.4591,1.732,1.732,1.732,1.732,1.732,1.732,1.732,1.732,1.732,1.732,1.732,1.732,1.732,1.732,1.732,1.732,1.7666,1.7666,1.7666,1.764,1.732,1.764,1.764,1.7666,1.7666
1.7365,1.7365,1.7365,1.7365,1.7365,1.7365,1.7365,1.7365,1.7365,1.7365,1.7365,1.7365,1.2506,1.7365,1.2506,1.7365,1.7365,1.7365,1.7365,1.7365,1.7365,1.7365,1.7365,1.7365,1.7365,1.7365,1.7365,1.7365,1.7365,1.7365,1.7365,1.7365,1.7365,1.7365,1.7365,1.7365,1.7365,1.7365,1.7365,1.7365,1.7365,1.7365,1.7365,1.7365,1.7365,1.7365,1.7365,1.7365,1.7365,1.7365,1.2827,1.7685,1.7685,1.7685,1.7685,1.7685,1.7685,1.7685,1.7685,1.7685
1.7357,1.7357,1.7357,1.7357,1.7357,1.7357,1.7357,1.7357,1.7357,1.7357,1.7357,1.7357,1.7357,1.7357,1.7357,1.7357,1.7357,1.7357,1.7357,1.7357,1.7357,1.7357,1.7357,1.7357,1.7357,1.2494,1.7357,1.7357,1.7357,1.7357,1.7357,1.7357,1.7357,1.7357,1.7357,1.7357,1.7357,1.7357,1.7357,1.7357,1.7357,1.7357,1.7357,1.7357,1.7357,1.7357,1.7357,1.7357,1.7357,1.7703,1.7703,1.7677,1.7677,1.2494,1.7357,1.7357,1.7677,1.7677,1.7677,1.7677
1.7375,1.7401,1.7401,1.7401,1.7401,1.7401,1.7401,1.7401,1.7401,1.7401,1.7401,1.7401,1.7401,1.7401,1.7401,1.2533,1.7401,1.7401,1.7401,1.7401,1.7401,1.7401,1.7401,1.7401,1.7401,1.7401,1.7401,1.7375,1.7375,1.7375,1.7375,1.7375,1.7375,1.7375,1.7375,1.7375,1.7375,1.7375,1.7375,1.7375,1.7375,1.7375,1.7375,1.7375,1.7375,1.7375,1.7375,1.7375,1.7375,1.7375,1.7375,1.7652,1.7722,1.7722,1.7722,1.7722,1.7722,1.7722,1.7722,1.7722
1.7394,1.742,1.742,1.742,1.742,1.742,1.742,1.742,1.742,1.742,1.742,1.742,1.742,1.742,1.7394,1.7394,1.7394,1.7394,1.7394,1.7394,1.7394,1.7394,1.7394,1.7394,1.7394,1.7394,1.742,1.742,1.742,1.742,1.742,1.742,1.742,1.742,1.742,1.742,1.742,1.742,1.742,1.742,1.742,1.742,1.742,1.742,1.742,1.742,1.742,1.742,1.742,1.742,1.7741,1.7741,1.7715,1.252,1.7715,1.7715,1.7715,1.7715,1.7715,1.7715
1.7412,1.7412,1.7412,1.7412,1.7412,1.7412,1.7412,1.7412,1.7412,1.7412,1.7412,1.7412,1.7412,1.7412,1.7412,1.7412,1.7412,1.7412,1.7412,1.7412,1.7412,1.7412,1.7412,1.7412,1.7412,1.7412,1.2533,1.7412,1.7412,1.7412,1.7412,1.7412,1.6078,1.2616,1.7412,1.7412,1.7412,1.7412,1.7412,1.7412,1.7412,1.7412,1.7412,1.7412,1.7412,1.7412,1.7412,1.7412,1.7412,1.2881,1.776,1.7734,1.7734,1.7734,1.7412,1.7412,1.7412,1.7734,1.7734,1.7734
1.7457,1.7457,1.7457,1.7457,1.7457,1.7457,1.7457,1.7457,1.7457,1.7457,1.7457,1.7457,1.7457,1.2573,1.2573,1.7457,1.7457,1.7457,1.7457,1.7457,1.7457,1.7457,1.7457,1.7457,1.7457,1.7457,1.7457,1.7457,1.7457,1.7457,1.7457,1.7457,1.7457,1.7457,1.7457,1.7457,1.7457,1.7457,1.7457,1.7457,1.7457,1.7457,1.7457,1.7457,1.7457,1.7457,1.7457,1.7457,1.7457,1.7457,1.7457,1.7562,1.7779,1.7779,1.7779,1.7779,1.7779,1.7779,1.7779,1.7779
1.7449,1.7449,1.7449,1.7449,1.7449,1.7449,1.7449,1.7449,1.7449,1.7449,1.7449,1.7449,1.7449,1.7449,1.7449,1.7449,1.7449,1.7449,1.7449,1.7449,1.6087,1.7449,1.7449,1.7449,1.7449,1.7449,1.7449,1.7449,1.7449,1.7449,1.7449,1.7449,1.7449,1.7475,1.7475,1.7475,1.7475,1.7475,1.7475,1.7475,1.7475,1.7475,1.7475,1.7475,1.7475,1.7475,1.7475,1.7475,1.7475,1.7797,1.7797,1.7771,1.7449,1.256,1.7449,1.7771,1.7771,1.7771,1.7771,1.7771
1.7468,1.7468,1.7468,1.7468,1.7468,1.7468,1.7468,1.7468,1.7468,1.7468,1.7468,1.7468,1.7468,1.7468,1.7494,1.7494,1.2599,1.7494,1.7494,1.7494,1.7494,1.7468,1.7468,1.7468,1.7468,1.7468,1.7468,1.7468,1.7468,1.7468,1.7468,1.7468,1.7468,1.7468,1.7468,1.7468,1.7468,1.7468,1.7468,1.7468,1.7468,1.7468,1.7468,1.7468,1.7468,1.7468,1.7468,1.7468,1.7468,1.7468,1.2922,1.7816,1.7816,1.7816,1.7816,1.7816,1.7816,1.7816,1.7816,1.7816
1.7512,1.7512,1.7512,1.7512,1.7512,1.7512,1.7512,1.7512,1.7512,1.7512,1.7512,1.7512,1.7512,1.7512,1.7512,1.7512,1.7512,1.7512,1.7512,1.7512,1.7512,1.7512,1.7512,1.7512,1.7512,1.7512,1.7512,1.7512,1.7512,1.7512,1.7512,1.7512,1.7512,1.7512,1.7512,1.7512,1.7512,1.7512,1.7512,1.7512,1.7512,1.7512,1.7512,1.7512,1.7512,1.7512,1.7512,1.7512,1.7512,1.7512,1.2936,1.7835,1.7835,1.7835,1.7835,1.7835,1.7835,1.7835,1.7835,1.7835
1.26,1.7505,1.7505,1.7505,1.7505,1.7505,1.7505,1.7505,1.7505,1.7505,1.7505,1.7505,1.7505,1.7505,1.7505,1.7505,1.7505,1.7505,1.7505,1.7505,1.7505,1.26,1.7505,1.7505,1.7505,1.7505,1.26,1.26,1.7505,1.7505,1.7505,1.7505,1.7505,1.7505,1.7505,1.7505,1.7505,1.7505,1.7505,1.7505,1.7505,1.7505,1.7505,1.7505,1.7505,1.7505,1.7505,1.7505,1.7505,1.7854,1.7854,1.7828,1.7828,1.7505,0.3018,1.7505,1.7792,1.7828,1.7828,1.7828
1.755,1.755,1.755,1.755,1.755,1.755,1.755,1.755,1.755,1.755,1.755,1.755,1.755,1.264,1.755,1.264,1.755,1.755,1.755,1.755,1.755,1.755,1.755,1.755,1.755,1.755,1.755,1.755,1.755,1.755,1.755,1.755,1.755,1.7523,1.7523,1.7523,1.7523,1.7523,1.7523,1.7523,1.7523,1.7523,1.7523,1.7523,1.755,1.755,1.755,1.755,1.755,1.755,1.755,1.755,1.7873,1.7873,1.7873,1.7873,1.7873,1.7873,1.7873,1.7873
1.7542,1.7542,1.7542,1.7542,1.7568,1.7568,1.7568,1.7568,1.7568,1.7542,1.7542,1.7542,1.7542,1.7542,1.7542,1.7542,1.7542,1.7542,1.7542,1.7542,1.7542,1.7542,1.7542,1.7542,1.7542,1.7542,1.7542,1.7568,1.7568,1.7568,1.7568,1.7568,1.7568,1.7568,1.7568,1.7568,1.7568,1.7568,1.7568,1.7568,1.7568,1.7568,1.7568,1.7568,1.7568,1.7568,1.7568,1.7568,1.7568,1.2977,1.7892,1.7866,1.7542,0.9354,1.7866,1.7866,1.7866,1.7866,1.7866,1.7866
1.7561,1.7561,1.7561,1.7561,1.7561,1.7561,1.7561,1.7561,1.7561,1.7561,1.7561,1.7561,1.7561,1.7561,1.7561,1.7587,1.7587,1.7587,1.7587,1.7587,1.7561,1.7561,1.7561,1.7561,1.7561,1.7561,1.264,1.7561,1.264,1.7561,1.7561,1.7561,1.7561,1.685,1.7561,1.7561,1.7561,1.7561,1.7561,1.7561,1.7561,1.7561,1.7561,1.7561,1.7561,1.7561,1.7561,1.7561,1.7561,1.7561,1.7911,1.7911,1.7911,1.7885,1.7885,1.264,1.7885,1.7885,1.7885,1.7885
1.7606,1.7606,1.7606,1.7606,1.7606,1.7606,1.7606,1.7606,1.7606,1.7606,1.7606,1.7606,0.8448,1.7606,1.268,1.7606,1.7606,1.7606,1.7606,1.7606,1.7606,1.7606,1.7606,1.7606,1.7606,1.7606,1.7606,1.7606,1.7606,1.7606,1.7606,1.7606,1.7606,1.7606,1.7606,1.7606,1.7606,1.7606,1.7606,1.7606,1.7606,1.7606,1.7606,1.7606,1.7606,1.7606,1.7606,1.7606,1.7606,1.7606,1.7606,1.7931,1.7931,1.7931,1.7931,1.7931,1.7931,1.7931,1.7931,1.7931
1.6741,1.7598,1.7598,1.7598,1.7598,1.7598,1.7598,1.7598,1.7598,1.7598,1.7598,1.7598,1.7598,1.7598,1.7598,1.7598,1.7598,1.7598,1.7598,1.5204,1.7598,1.7598,1.7598,1.7598,1.7598,1.2667,1.7598,1.7598,1.7598,1.7598,1.7598,1.7598,1.7598,1.7598,1.7598,1.7598,1.7598,1.7598,1.7598,1.7598,1.7598,1.7598,1.7598,1.7625,1.7625,1.7625,1.7625,1.7625,1.7625,1.795,1.795,1.7923,1.7923,1.2667,1.7598,1.7625,1.7923,1.7923,1.7923,1.7923
1.7617,1.7617,1.7644,1.7644,1.7644,1.7644,1.7644,1.7644,1.7644,1.7644,1.7644,1.7644,1.7644,1.7644,1.7644,1.7644,1.7644,1.7644,1.7644,1.7644,1.7644,1.7644,1.7644,1.7644,1.7644,1.7644,1.7644,1.7617,1.7617,1.7617,1.7617,1.7617,1.7617,1.7617,1.7617,1.7617,1.7617,1.7617,1.7617,1.7617,1.7617,1.7617,1.7617,1.7617,1.7617,1.7617,1.7617,1.7617,1.7617,1.7617,1.7617,1.7969,1.7969,1.7969,1.7969,1.7969,1.7969,1.7969,1.7969,1.7969
1.7663,1.7663,1.7663,1.7663,1.7663,1.7663,1.7663,1.7663,1.7663,1.7663,1.7663,1.5147,1.7663,1.7663,1.7663,1.7636,1.7636,1.7636,1.7636,1.7636,1.7663,1.7663,1.7663,1.7663,1.7663,1.7663,1.7663,1.7663,1.7663,1.7663,1.7663,1.7663,1.7663,1.7663,1.7663,1.7663,1.7663,1.7663,1.7663,1.7663,1.7663,1.7663,1.7663,1.7663,1.7663,1.7663,1.7663,1.7663,1.7663,1.6834,1.7988,1.7988,1.7988,1.7962,1.7962,1.7962,1.7962,1.7962,1.7962,1.7988
1.2708,1.7655,1.7655,1.7655,1.7655,1.7655,1.7655,1.7655,1.7655,1.7655,1.7655,1.7655,1.7655,1.7655,1.7655,1.7655,1.7655,1.7655,1.7655,1.7655,1.7655,1.7655,1.7655,1.7655,1.7655,1.7655,1.2708,1.2708,1.7655,1.7655,1.7655,1.7655,1.6682,1.2708,1.7655,1.7655,1.7655,1.7655,1.7655,1.7655,1.7655,1.7655,1.7655,1.7655,1.7655,1.7655,1.7655,1.7655,1.7655,1.3061,1.8008,1.7981,1.7981,1.7981,0.4571,1.7655,1.7655,1.7981,1.7981,1.7981
1.7701,1.7701,1.7701,1.7701,1.7701,1.7701,1.7701,1.7701,1.7701,1.7701,1.7701,1.7701,1.7701,1.2748,1.2748,0.606,1.7701,1.7701,1.7701,1.7701,1.7701,1.7701,1.7701,1.7701,1.7701,1.7701,1.7701,1.7701,1.7701,1.7701,1.7701,1.7701,1.7701,1.7701,1.7701,1.7701,1.7701,1.7701,1.7701,1.7701,1.7701,1.7701,1.7701,1.7701,1.7701,1.7701,1.7701,1.7701,1.7701,1.7701,1.7701,1.7701,1.8027,1.8027,1.8027,1.8027,1.8027,1.8027,1.8027,1.8027
1.7693,1.7693,1.7693,1.7693,1.7693,1.7693,1.7693,1.7693,1.7693,1.7693,1.7693,1.7693,1.7693,1.7693,1.7693,1.7693,1.7693,1.7693,1.7693,1.7693,1.7693,1.7693,1.7693,1.7693,1.4726,1.7693,1.7693,1.7693,1.7693,1.7693,1.7693,1.7693,1.772,1.772,1.772,1.772,1.772,1.772,1.772,1.772,1.772,1.772,1.772,1.772,1.772,1.772,1.772,1.772,1.772,1.8046,1.8046,1.802,1.7693,1.7693,1.7693,1.802,1.802,1.802,1.802,1.802
1.7712,1.7712,1.7712,1.7712,1.7712,1.7712,1.7712,1.7712,1.7712,1.7712,1.7712,1.7712,1.7712,1.7712,1.7739,1.7739,1.7739,1.7739,1.7739,1.7739,1.7739,1.7712,1.7712,1.7712,1.7712,1.7712,1.7712,1.7712,1.7712,1.7712,1.7712,1.7712,1.7712,1.7282,1.2749,1.7712,1.7712,1.7712,1.7712,1.7712,1.7712,1.7712,1.7712,1.7712,1.7712,1.7712,1.7712,1.7712,1.7712,1.7712,1.3266,1.8066,1.8066,1.8066,1.8066,1.8066,1.8066,1.8066,1.8066,1.8066
1.7758,1.7758,1.7758,1.7758,1.7758,1.7758,1.7758,1.7758,1.7758,1.7758,1.7758,1.7758,1.279,1.7758,1.2398,1.7758,1.7758,1.7758,1.7758,1.7758,1.7758,1.7758,1.7758,1.7758,1.7758,1.7758,1.7758,1.7758,1.7758,1.7758,1.7758,1.7758,1.7758,1.7758,1.7758,1.7758,1.7758,1.7758,1.7758,1.7758,1.7758,1.7758,1.7758,1.7758,1.7758,1.7758,1.7758,1.7758,1.7758,1.7758,1.3117,1.8085,1.8085,1.8085,1.8085,1.8085,1.8085,1.8085,1.8085,1.8085
1.2777,1.775,1.775,1.775,1.775,1.775,1.775,1.775,1.775,1.775,1.775,1.775,1.775,1.775,1.775,1.775,1.775,1.775,1.775,1.775,1.775,1.2777,1.775,1.775,1.775,0.8194,1.289,1.2777,1.775,1.775,1.775,1.775,1.775,1.775,1.775,1.775,1.775,1.775,1.775,1.775,1.775,1.775,1.775,1.775,1.775,1.775,1.775,1.775,1.775,1.8105,1.8105,1.8078,1.8078,1.2902,0.3167,1.775,1.8078,1.8078,1.8078,1.8078
1.7796,1.7796,1.7796,1.7796,1.7796,1.7796,1.7796,1.7796,1.7796,1.7796,1.7796,1.7796,1.7796,1.1116,1.3004,1.2817,1.7796,1.7796,1.7796,1.7796,1.7796,1.7796,1.7796,1.7796,1.7796,1.7796,1.7796,1.7796,1.777,1.7796,1.7796,1.7796,1.777,1.777,1.777,1.777,1.777,1.777,1.777,1.777,1.777,1.777,1.777,1.777,1.777,1.777,1.777,1.777,1.777,1.777,1.777,1.777,1.8124,1.8124,1.8124,1.8124,1.8124,1.8124,1.8124,1.8124
1.7789,1.7815,1.7815,1.7815,1.7815,1.7815,1.7815,1.7815,1.7815,1.7815,1.7815,1.7815,1.7815,1.7789,1.7789,1.7789,1.7789,1.7789,1.7789,1.7789,1.7789,1.7789,1.7789,1.7789,1.7789,1.7789,1.7815,1.7815,1.7815,1.7815,1.7815,1.7815,1.7815,1.7815,1.7815,1.7815,1.7815,1.7815,1.7815,1.7815,1.7815,1.7815,1.7815,1.7815,1.7815,1.7815,1.7815,1.7815,1.7815,1.316,1.8144,1.8144,1.7789,0.9603,1.8117,1.8117,1.8117,1.8117,1.8117,1.8117
1.5084,1.7808,1.7808,1.7808,1.7808,1.7808,1.7808,1.7808,1.7808,1.7808,1.7808,1.7808,1.7808,1.7808,1.7808,1.7808,1.7808,1.7808,1.7808,1.7808,1.7808,1.7808,1.7808,1.7808,1.7808,1.7808,1.2818,1.7808,1.1175,1.7808,1.7808,1.7808,1.2818,1.2818,1.7808,1.7808,1.7808,1.7808,1.7808,1.7808,1.7808,1.7808,1.7808,1.7808,1.7808,1.7808,1.7808,1.7808,1.7808,1.3174,1.8164,1.8164,1.8137,1.8137,1.8137,1.7808,1.7808,1.8137,1.8137,1.8137
1.7854,1.7854,1.7854,1.7854,1.7854,1.7854,1.7854,1.7854,1.7854,1.7854,1.7854,1.7854,1.7854,1.2859,1.2859,1.7854,1.7854,1.7854,1.7854,1.7854,1.7854,1.7854,1.7854,1.7854,1.7854,1.7854,1.7854,1.7854,1.7854,1.7854,1.7854,1.7854,1.7854,1.7854,1.7854,1.7854,1.7854,1.7854,1.7854,1.7854,1.7854,1.7854,1.7854,1.7854,1.7854,1.7854,1.7854,1.7854,1.7854,1.7854,1.7854,1.7854,1.8183,1.8183,1.8183,1.8183,1.8183,1.8183,1.8183,1.8183
1.7847,1.7847,1.7847,1.7847,1.7847,1.7847,1.7847,1.7847,1.7847,1.7847,1.7847,1.7847,1.7847,1.7847,1.7847,1.7847,1.7847,1.7847,1.7847,1.7847,1.2924,1.7847,1.7847,1.7847,1.7847,1.7847,1.7418,1.7847,1.7847,1.7847,1.7847,1.7847,1.7847,1.7847,1.7873,1.7873,1.7873,1.7873,1.7873,1.7873,1.7873,1.7873,1.7873,1.7873,1.7873,1.7873,1.7873,1.7873,1.6467,1.8203,1.8203,1.8176,1.7847,1.7847,1.7847,1.7873,1.8176,1.8176,1.8176,1.8176
1.7866,1.7866,1.7866,1.7866,1.7866,1.7866,1.7866,1.7866,1.7866,1.7866,1.7866,1.7866,1.7866,1.7893,1.7893,1.7893,1.142,1.7893,1.7893,1.7893,1.7893,1.7893,1.7893,1.7893,1.7893,1.7893,1.7866,1.7866,1.7866,1.7866,1.7866,1.7866,1.7866,1.7866,1.7866,1.7866,1.7866,1.7866,1.7866,1.7866,1.7866,1.7866,1.7866,1.7866,1.7866,1.7866,1.7866,1.7866,1.7866,1.7866,1.3217,1.8223,1.8223,1.8223,1.8223,1.8223,1.8223,1.8223,1.8223,1.8223
1.7912,1.7912,1.7912,1.7912,1.7912,1.7912,1.7912,1.7912,1.7912,1.7912,1.7912,1.7912,1.7912,1.7912,1.7912,1.7912,1.7912,1.7912,1.7886,1.7912,1.7912,1.7912,1.7912,1.7912,1.7912,1.7912,1.7912,1.7912,1.7912,1.7912,1.7912,1.7912,1.7912,1.7912,1.7912,1.7912,1.7912,1.7912,1.7912,1.7912,1.7912,1.7082,1.7912,1.7912,1.7912,1.7912,1.7912,1.7912,1.7912,1.7912,1.8243,1.8243,1.8243,1.8243,1.8243,1.8243,1.8243,1.8243,1.8243,1.8243
1.2888,1.4995,1.7905,1.7905,1.7905,1.7905,1.7905,1.7905,1.7905,1.7905,1.7905,1.7905,1.7905,1.7905,1.7905,1.7905,1.7905,1.7905,1.7905,1.7905,1.4869,1.2888,1.7905,1.6197,1.7905,1.7905,1.2888,1.2888,1.7905,1.7905,1.7905,1.7905,1.7905,1.7905,1.7905,1.7905,1.7905,1.7905,1.7905,1.7905,1.7905,1.7905,1.7905,1.7905,1.7905,1.7905,1.7905,1.7905,1.7905,1.8262,1.8262,1.8236,1.8236,1.8236,0.2599,1.7905,1.7905,1.8236,1.8236,1.8236
1.7951,1.7951,1.7951,1.7951,1.7951,1.7951,1.7951,1.7951,1.7951,1.7951,1.7951,1.7951,1.7951,1.2929,1.2929,0.6063,1.7951,1.7951,1.7951,1.7951,1.7951,1.7951,1.7951,1.7951,1.7951,1.7951,1.7951,1.7951,1.7951,1.7951,1.7951,1.7951,1.7951,1.7951,1.7925,1.7951,1.7951,1.7951,1.7951,1.7951,1.7951,1.7951,1.7951,1.7951,1.7951,1.7951,1.7951,1.7951,1.7951,1.7951,1.7951,1.3572,1.8282,1.8282,1.8282,1.8282,1.8282,1.8282,1.8282,1.8282
1.7944,1.7944,1.7944,1.7944,1.7944,1.7944,1.7944,1.7944,1.7944,1.7944,1.7944,1.7944,1.7944,1.7944,1.7944,1.7944,1.7944,1.7944,1.7944,1.7944,1.7944,1.7944,1.7944,1.7944,1.7944,1.7944,1.7944,1.7971,1.7971,1.7971,1.7971,1.7971,1.7971,1.7971,1.7971,1.7971,1.7971,1.7971,1.7971,1.7971,1.7971,1.7971,1.7971,1.7971,1.7971,1.7971,1.7971,1.7971,1.7971,1.8302,1.8302,1.8275,1.7944,1.7944,1.8275,1.8275,1.8275,1.8275,1.8275,1.8275
1.7964,1.7964,1.7964,1.7964,1.7964,1.7964,1.7964,1.7964,1.7964,1.7964,1.7964,1.7964,1.7964,1.7964,1.7964,1.7991,1.7991,1.7991,1.7991,1.7991,1.7964,1.7964,1.7964,1.7964,1.7964,1.7964,1.7964,1.7964,1.293,1.7964,1.7964,1.7964,1.7964,1.2999,1.293,1.7964,1.7964,1.7964,1.7964,1.7964,1.7964,1.7964,1.7964,1.7964,1.7964,1.7964,1.7964,1.7964,1.7964,1.7964,1.8322,1.8322,1.8322,1.8295,1.8295,1.293,1.8295,1.8295,1.8295,1.8322
1.801,1.801,1.801,1.801,1.801,1.801,1.801,1.801,1.801,1.801,1.801,1.801,0.7424,1.801,1.2971,1.801,1.801,1.801,1.801,1.801,1.801,1.801,1.801,1.801,1.801,1.801,1.801,1.801,1.801,1.801,1.801,1.801,1.801,1.801,1.801,1.801,1.801,1.801,1.801,1.801,1.801,1.801,1.801,1.801,1.801,1.801,1.801,1.801,1.801,1.801,1.7619,1.8342,1.8342,1.8342,1.8342,1.8342,1.8342,1.8342,1.8342,1.8342
1.2959,1.8003,1.8003,1.8003,1.8003,1.8003,1.8003,1.8003,1.8003,1.8003,1.8003,1.8003,1.8003,1.8003,1.8003,1.8003,1.8003,1.8003,1.8003,1.8003,1.2959,1.8003,1.8003,1.8003,1.8003,1.2959,1.2959,1.8003,1.8003,1.8003,1.8003,1.8003,1.8003,1.8003,1.8003,1.8003,1.8003,1.8003,1.8003,1.8003,1.8003,1.8003,1.8003,1.8003,1.8003,1.8003,1.8003,1.8003,1.8003,1.8362,1.8335,1.8335,1.8335,1.2959,1.8003,1.803,1.8335,1.8335,1.8335,1.8335
1.8023,1.805,1.805,1.805,1.805,1.805,1.805,1.805,1.805,1.805,1.805,1.805,1.805,1.805,1.3427,1.3,1.805,1.805,1.805,1.805,1.805,1.805,1.805,1.805,1.805,1.805,1.805,1.805,1.8023,1.8023,1.8023,1.8023,1.8023,1.8023,1.8023,1.8023,1.8023,1.8023,1.8023,1.8023,1.8023,1.8023,1.8023,1.8023,1.8023,1.8023,1.8023,1.8023,1.8023,1.8023,1.8023,1.8023,1.8382,1.8382,1.8382,1.8382,1.8382,1.8382,1.8382,1.8382
1.807,1.807,1.807,1.807,1.807,1.807,1.807,1.807,1.807,1.807,1.807,1.807,1.807,1.807,1.8043,1.8043,1.8043,1.8043,1.8043,1.8043,1.8043,1.807,1.807,1.807,1.8043,1.807,1.807,1.807,1.807,1.807,1.807,1.807,1.807,1.807,1.807,1.807,1.807,1.807,1.807,1.807,1.807,1.807,1.807,1.807,1.807,1.807,1.807,1.6134,1.807,1.576,1.8403,1.8403,1.8043,1.8376,1.8376,1.8376,1.8376,1.8376,1.8376,1.8376
1.3001,1.8062,1.8062,1.8062,1.8062,1.8062,1.8062,1.8062,1.8062,1.8062,1.8062,1.8062,1.8062,1.8062,1.8062,1.8062,1.8062,1.8062,1.8062,1.8062,1.8062,1.8062,1.8062,1.8062,1.8062,1.8062,1.3001,1.3001,1.8062,1.8062,1.8062,1.8062,1.3001,1.3001,1.8062,1.8062,1.8062,1.8062,1.8062,1.8062,1.8062,1.8062,1.8062,1.8062,1.8062,1.8062,1.8062,1.8062,1.8062,1.3362,1.8423,1.8396,1.8396,1.8396,1.8062,1.8062,1.8062,1.8396,1.8396,1.8396
1.8109,1.8109,1.8109,1.8109,1.8109,1.8109,1.8109,1.8109,1.8109,1.8109,1.8109,1.8109,1.8109,1.3043,1.3043,1.8109,1.8109,1.8109,1.8109,1.8109,1.8109,1.8109,1.8109,1.8109,1.8109,1.8109,1.8109,1.8109,1.8109,1.8109,1.8109,1.8109,1.8109,1.8109,1.8109,1.8109,1.8109,1.8109,1.8109,1.8109,1.8109,1.8109,1.8109,1.8109,1.8109,1.8109,1.8109,1.8109,1.8109,1.8109,1.8109,1.3475,1.8443,1.8443,1.8443,1.8443,1.8443,1.8443,1.8443,1.8443
1.8102,1.8102,1.8102,1.8102,1.8102,1.8102,1.8102,1.8102,1.8102,1.8102,1.8102,1.8102,1.8102,1.8102,1.8102,1.8102,1.8102,1.8102,1.8102,1.8102,1.303,1.8102,1.8102,1.8102,1.3054,1.8102,1.8102,1.8102,1.8102,1.8102,1.8102,1.8102,1.8129,1.8129,1.8129,1.8129,1.8129,1.8129,1.8129,1.8129,1.8129,1.8129,1.8129,1.8129,1.8129,1.8129,1.8129,1.8129,1.8129,1.8463,1.8463,1.8436,1.8102,1.8102,1.8102,1.8436,1.8436,1.8436,1.8436,1.8436
1.8122,1.8122,1.8122,1.8122,1.8122,1.8122,1.8122,1.8122,1.8122,1.8122,1.8122,1.8122,1.8122,1.8122,1.8149,1.8149,1.3072,1.8149,1.8149,1.8149,1.8149,1.8149,1.8122,1.8122,1.8122,1.8122,1.8122,1.8122,1.8122,1.6759,1.8122,1.8122,1.8122,1.8122,1.3044,1.8122,1.8122,1.8122,1.8122,1.8122,1.8122,1.8122,1.8122,1.8122,1.8122,1.8122,1.8122,1.8122,1.8122,1.8122,1.3406,1.8484,1.8484,1.8484,1.8484,1.8484,1.8484,1.8484,1.8484,1.8484
1.8169,1.8169,1.8169,1.8169,1.8169,1.8169,1.8169,1.8169,1.8169,1.8169,1.8169,1.8169,1.3086,1.8169,1.3086,1.8169,1.8169,1.8169,1.8169,1.8169,1.8169,1.8169,1.8169,1.8169,1.8169,1.8169,1.8169,1.8169,1.8169,1.8169,1.8169,1.8169,1.8169,1.8169,1.8169,1.8169,1.8169,1.8169,1.8169,1.8169,1.8169,1.8169,1.8169,1.6366,1.8169,1.8169,1.8169,1.8169,1.8169,1.8169,1.3129,1.8504,1.8504,1.8504,1.8504,1.8504,1.8504,1.8504,1.8504,1.8504
1.3073,1.334,1.8162,1.8162,1.8162,1.8162,1.8162,1.8162,1.8162,1.8162,1.8162,1.8162,1.7392,1.8162,1.8162,1.8162,1.8162,1.8162,1.8162,1.8162,1.3073,1.0797,1.3467,1.3559,1.3576,1.3573,1.3073,1.8162,1.8162,1.8162,1.8162,1.6249,1.8162,1.8162,1.8162,1.8162,1.8162,1.8162,1.8162,1.8162,1.8162,1.8162,1.8162,1.8162,1.8162,1.8162,1.8162,1.8162,1.8162,1.8525,1.8525,1.8497,1.8497,1.8162,0.2669,1.8162,1.8189,1.8497,1.8497,1.8497
1.8209,1.8209,1.8209,1.8209,1.8209,1.8209,1.8209,1.8209,1.8209,1.8209,1.8209,1.8209,1.8209,1.8209,1.3115,1.353,1.8209,1.8209,1.8209,1.7027,1.8209,1.8209,1.8209,1.8209,1.8209,1.8209,1.8209,1.8209,1.8209,1.8209,1.8209,1.8209,1.8209,1.8182,1.8182,1.8182,1.8182,1.8182,1.8182,1.8182,1.8182,1.8182,1.8182,1.8182,1.8182,1.8182,1.8182,1.8182,1.8182,1.8182,1.8182,1.3457,1.8518,1.8545,1.8545,1.8545,1.8545,1.8545,1.8545,1.8545
1.8202,1.8202,1.823,1.823,1.823,1.823,1.823,1.823,1.823,1.823,1.823,1.823,1.823,1.8202,1.8202,1.8202,1.8202,1.8202,1.8202,1.8202,1.8202,1.8202,1.8202,1.8202,1.8202,1.8202,1.823,1.823,1.823,1.823,1.823,1.823,1.823,1.823,1.823,1.823,1.823,1.823,1.823,1.823,1.823,1.823,1.823,1.823,1.823,1.823,1.823,1.823,1.823,1.3465,1.8566,1.8538,1.7305,0.823,1.8538,1.8538,1.8538,1.8538,1.8538,1.8538
1.8222,1.8222,1.8222,1.8222,1.8222,1.8222,1.8222,1.8222,1.8222,1.8222,1.8222,1.8222,1.8222,1.8222,1.8222,1.8222,1.825,1.8222,1.8222,1.8222,1.8222,1.8222,1.8222,1.8222,1.8222,1.8222,1.1182,1.8222,0.9291,1.8222,1.6638,1.8222,1.8222,1.3117,1.8222,1.8222,1.8222,1.8222,1.8222,1.8222,1.8222,1.8222,1.8222,1.8222,1.8222,1.8222,1.8222,1.8222,1.8222,1.348,1.8586,1.8586,1.8559,1.8559,1.8559,1.1892,1.8222,1.8559,1.8559,1.8559
1.827,1.827,1.827,1.827,1.827,1.827,1.827,1.827,1.827,1.827,1.827,1.827,0.7844,1.3159,1.7038,1.827,1.827,1.827,1.827,1.827,1.827,1.827,1.827,1.827,1.827,1.827,1.827,1.827,1.827,1.827,1.827,1.827,1.827,1.827,1.827,1.827,1.827,1.827,1.827,1.827,1.827,1.827,1.827,1.827,1.827,1.827,1.827,1.827,1.827,1.827,1.827,1.6914,1.8607,1.8607,1.8607,1.8607,1.8607,1.8607,1.8607,1.8607
1.8263,1.8263,1.8263,1.8263,1.8263,1.8263,1.8263,1.8263,1.8263,1.8263,1.8263,1.8263,1.8263,1.8263,1.8263,1.8263,1.8263,1.8263,1.8263,1.3146,1.3146,1.8263,1.8263,1.8263,1.5979,1.3146,1.3146,1.8263,1.8263,1.8263,1.8263,1.8263,1.8263,1.8263,1.8263,1.8263,1.829,1.829,1.829,1.829,1.829,1.829,1.829,1.829,1.829,1.829,1.829,1.829,1.351,1.8627,1.86,1.86,1.8263,1.8263,1.8263,1.829,1.86,1.86,1.86,1.86
1.8283,1.8283,1.8311,1.8311,1.8311,1.8311,1.8311,1.8311,1.8311,1.8311,1.8311,1.8311,1.8311,1.8311,1.6341,1.8311,1.8311,1.8311,1.8311,1.8311,1.8311,1.8311,1.8311,1.8311,1.8311,1.8311,1.8311,1.8283,1.8283,1.8283,1.8283,1.8283,1.8283,1.8283,1.8283,1.7291,1.8283,1.8283,1.8283,1.8283,1.8283,1.8283,1.8283,1.8283,1.8283,1.8283,1.8283,1.8283,1.8283,1.8283,1.8283,1.8283,1.8648,1.8648,1.8648,1.8648,1.8648,1.8648,1.8648,1.8648
1.8331,1.8331,1.8331,1.8331,1.8331,1.8331,1.8331,1.8331,1.8331,1.8331,1.8331,1.3202,1.8331,1.8331,1.8331,1.8331,1.8304,1.8304,1.8304,1.8331,1.8331,1.8331,1.8331,1.8331,1.8331,1.8331,1.8331,1.8331,1.8331,1.8331,1.8331,1.8331,1.8331,1.8331,1.8331,1.8331,1.8331,1.8331,1.8331,1.8331,1.8331,1.8331,1.8331,1.8331,1.5614,1.8331,1.8331,1.3643,1.3473,1.3303,1.8669,1.8669,1.8669,1.8669,1.8642,1.8642,1.8642,1.8642,1.8669,1.8669
1.319,1.319,1.8324,1.8324,1.8324,1.8324,1.8324,1.8324,1.8324,1.8324,1.8324,1.6439,1.8324,1.8324,1.8324,1.8324,1.8324,1.8324,1.8324,1.8324,1.3263,1.319,1.8324,1.8324,1.6822,1.8324,1.319,1.319,1.8324,1.8324,1.8324,1.8324,1.319,1.1324,1.8324,1.8324,1.8324,1.8324,1.8324,1.8324,1.8324,1.8324,1.8324,1.8324,1.8324,1.8324,1.8324,1.8324,1.8324,1.869,1.869,1.8662,1.8662,1.8662,0.2328,1.8324,1.8324,1.8662,1.8662,1.8662
1.8372,1.8372,1.8372,1.8372,1.8372,1.8372,1.8372,1.8372,1.8372,1.8372,1.8372,1.8372,1.8372,1.8372,1.3232,0.5041,1.8372,1.5615,1.8372,1.8372,1.8372,1.8372,1.8372,1.8372,1.8372,1.8372,1.8372,1.8372,1.8372,1.8372,1.8372,1.8372,1.8372,1.8372,1.8372,1.8372,1.8372,1.8372,1.8372,1.8372,1.8372,1.8372,1.8372,1.8372,1.8372,1.8372,1.8372,1.8372,1.8372,1.8372,1.8372,1.3571,1.8372,1.8711,1.8711,1.8711,1.8711,1.8711,1.8711,1.8711
1.8365,1.8365,1.8365,1.8365,1.8365,1.8365,1.8365,1.8365,1.8365,1.8365,1.8365,1.8365,1.8365,1.8365,1.8365,1.8365,1.8365,1.8365,1.6322,1.8365,1.8365,1.8365,1.8365,1.8365,1.3219,1.8365,1.8365,1.8365,1.8392,1.8392,1.8392,1.8392,1.8392,1.8392,1.8392,1.8392,1.8392,1.8392,1.8392,1.8392,1.8392,1.8392,1.8392,1.8392,1.8392,1.8392,1.8392,1.8392,1.8392,1.8731,1.8731,1.8704,1.8365,1.8365,1.8365,1.8704,1.8704,1.8704,1.8704,1.8704
1.8385,1.8385,1.8385,1.8385,1.8385,1.8385,1.8385,1.8385,1.8385,1.8385,1.8385,1.8385,1.8385,1.8385,1.8385,1.8413,1.8413,1.8413,1.8413,1.8413,1.8413,1.8385,1.8385,1.8385,1.8385,1.8385,1.8385,1.8241,1.8385,1.8385,1.8385,1.8385,1.8385,1.3258,1.0646,1.8385,1.8385,1.8385,1.8385,1.8385,1.8385,1.8385,1.8385,1.8178,1.8385,1.8385,1.8385,1.8385,1.8385,1.8385,1.8385,1.8752,1.8752,1.8752,1.8752,1.8752,1.8752,1.8752,1.8752,1.8752
1.8434,1.8434,1.829,1.8434,1.8434,1.8434,1.8434,1.8434,1.8434,1.8434,1.8434,1.8434,1.3276,1.8434,1.3276,1.8434,1.8434,1.8434,1.8434,1.8434,1.8434,1.8434,1.8434,1.8434,1.8434,1.8434,1.8434,1.8434,1.8434,1.8434,1.8434,1.8434,1.8434,1.8434,1.8434,1.8434,1.8434,1.8434,1.8434,1.8434,1.8434,1.8434,1.8434,1.8434,1.8434,1.6591,1.8434,1.8434,1.8434,1.8434,1.3797,1.8773,1.8773,1.8773,1.8773,1.8773,1.8773,1.8773,1.8773,1.8773
1.3264,1.3561,1.6561,1.8427,1.8427,1.8427,1.8427,1.8427,1.8427,1.8427,1.7351,1.8427,1.8427,1.8427,1.8427,1.8427,1.8427,1.8427,1.8427,1.8427,1.3264,1.3264,1.3264,1.3264,1.3264,0.7404,1.3264,0.933,1.8427,1.8427,1.8427,1.8427,1.8427,1.8427,1.8427,1.8427,1.8427,1.8427,1.8427,1.8427,1.8427,1.8427,1.8427,1.8427,1.8427,1.8427,1.8427,1.8427,1.3631,1.8794,1.8767,1.8767,1.8767,1.3264,0.2926,1.8454,1.8454,1.8767,1.8767,1.8767
1.8475,1.8475,1.8475,1.8475,1.8475,1.8475,1.8475,1.8475,1.8475,1.8475,1.8475,1.8475,1.8475,1.8475,1.3306,1.3306,1.8475,1.8475,1.8475,1.8475,1.8475,1.8475,1.8475,1.8475,1.8475,1.8475,1.8475,1.8475,1.8447,1.8475,1.8447,1.8447,1.8447,1.8447,1.8447,1.8447,1.8447,1.8447,1.8447,1.8447,1.8447,1.8447,1.8447,1.8447,1.8447,1.8447,1.8447,1.8447,1.8447,1.8447,1.8447,1.4144,1.8809,1.8816,1.8816,1.8816,1.8816,1.8816,1.8816,1.8816
1.8496,1.8496,1.8496,1.8496,1.8496,1.8496,1.8496,1.8496,1.8496,1.8496,1.8496,1.8496,1.8496,1.8468,1.8468,1.8468,1.8468,1.8468,1.8468,1.8468,1.8468,1.8468,1.8468,1.8468,1.8468,1.8468,1.8496,1.8496,1.8496,1.8496,1.8496,1.8496,1.8496,1.8496,1.8496,1.8496,1.8496,1.7516,1.8496,1.8496,1.8496,1.8496,1.8496,1.8496,1.8496,1.8496,1.8496,1.8496,1.8496,1.3662,1.8837,1.8837,1.8468,1.8809,1.8809,1.8809,1.8809,1.8809,1.8809,1.8809
1.3308,1.8489,1.8489,1.8489,1.8489,1.8489,1.8489,1.8489,1.8489,1.8489,1.817,1.8489,1.8489,1.8489,1.8489,1.8489,1.8489,1.8489,1.8489,1.8489,1.8489,1.8489,1.4514,1.8489,1.8489,1.8489,1.7446,1.3308,1.8489,1.5865,1.8489,1.344,1.2319,1.3308,1.8489,1.8489,1.8489,1.8489,1.8489,1.8489,1.8489,1.8489,1.7931,1.8489,1.8489,1.8489,1.8489,1.8489,1.8489,1.3293,1.8858,1.883,1.883,1.883,1.883,1.8489,1.8489,1.883,1.883,1.883
1.8537,1.8537,1.8537,1.6894,1.8537,1.8537,1.8537,1.8537,1.8537,1.8537,1.8537,1.8537,1.8537,1.3351,1.3351,1.5943,1.8537,1.8537,1.8537,1.8537,1.8537,1.8517,1.8537,1.8537,1.8537,1.8537,1.8537,1.8537,1.8537,1.8537,1.8537,1.8537,1.8537,1.8537,1.8537,1.8537,1.8537,1.8537,1.8537,1.8537,1.8537,1.8537,1.8537,1.8537,1.8537,1.8537,1.8537,1.8537,1.8537,1.8537,1.8537,1.3693,1.8879,1.8879,1.8879,1.8879,1.8879,1.8879,1.8879,1.8879
1.853,1.853,1.853,1.853,1.853,1.853,1.853,1.853,1.853,1.853,1.853,1.853,1.853,1.853,1.853,1.853,1.853,1.853,1.853,1.3587,1.3338,1.853,1.853,1.853,1.853,1.7691,1.543,1.853,1.853,1.853,1.853,1.853,1.853,1.8558,1.8558,1.8558,1.8558,1.8558,1.8558,1.8558,1.8558,1.8558,1.8558,1.8558,1.8558,1.8558,1.8558,1.8558,1.3708,1.89,1.8873,1.8873,1.853,1.853,1.853,1.8558,1.8873,1.8873,1.8873,1.8873
1.8551,1.8551,1.8551,1.8551,1.8551,1.8551,1.8551,1.8551,1.8551,1.8551,1.8551,1.8551,1.8551,1.8551,1.8579,1.8579,1.0075,1.8579,1.8579,1.8579,1.8579,1.8579,1.8551,1.8579,1.8579,1.8579,1.8551,1.8551,1.8551,1.8551,1.8551,1.8551,1.8551,1.8551,1.7647,1.8551,1.8551,1.8551,1.8551,1.8551,1.8551,1.8551,1.8551,1.8551,1.8551,1.8551,1.8551,1.8551,1.8551,1.8551,1.3724,1.8922,1.8922,1.8922,1.8922,1.8922,1.8922,1.8922,1.8922,1.8922
1.86,1.86,1.86,1.86,1.86,1.86,1.86,1.86,1.86,1.86,1.86,1.86,1.86,1.86,1.86,1.86,1.86,1.86,1.86,1.86,1.86,1.86,1.86,1.86,1.86,1.86,1.86,1.86,1.86,1.86,1.86,1.8555,1.86,1.8143,1.86,1.86,1.86,1.86,1.86,1.86,1.86,1.86,1.3914,1.375,1.3587,1.3423,1.3396,1.3396,1.3396,1.3396,1.3739,1.8943,1.8943,1.8943,1.8943,1.8943,1.8943,1.8943,1.8943,1.8943
1.3384,1.3384,1.3869,1.8593,1.8593,1.8593,1.8593,1.8593,1.8593,1.5584,1.8593,1.8593,1.8593,1.8593,1.8593,1.8593,1.8593,1.8593,1.8593,1.8593,1.3384,1.3384,1.3384,1.3384,1.3384,1.3384,1.3384,1.3384,1.7209,1.8593,1.8593,1.5334,1.3384,1.8593,1.8593,1.8593,1.8593,1.8593,1.8593,1.8593,1.8593,1.8593,1.8593,1.8593,1.8593,1.8593,1.8593,1.8593,1.6192,1.8964,1.8937,1.8937,1.8937,1.8593,0.2338,1.8593,1.8621,1.8937,1.8937,1.8937
1.8642,1.8642,1.8642,1.8642,1.8642,1.8642,1.8642,1.8642,1.8642,1.8642,1.8642,1.8642,1.8642,1.8642,1.3427,1.3427,1.3427,1.3651,1.8642,1.8642,1.8642,1.8642,1.8642,1.8642,1.8642,1.8642,1.8642,1.8642,1.8642,1.8642,1.8642,1.8642,1.8642,1.8642,1.8614,1.8614,1.8614,1.8614,1.8614,1.8614,1.8614,1.8642,1.8642,1.8642,1.8642,1.8642,1.8642,1.8642,1.8642,1.8642,1.8642,1.377,1.8642,1.8986,1.8986,1.8986,1.8986,1.8986,1.8986,1.8986
1.8635,1.8635,1.8635,1.8635,1.8635,1.8635,1.8635,1.8635,1.8635,1.8635,1.8635,1.8635,1.8635,1.8635,1.8635,1.8635,1.8635,1.8635,1.8635,1.8635,1.8635,1.8635,1.8635,1.8635,1.8635,1.8635,1.8635,1.8663,1.8663,1.8663,1.8663,1.8663,1.8663,1.8663,1.8663,1.8663,1.8663,1.8663,1.8663,1.8663,1.8663,1.8663,1.8663,1.8663,1.8663,1.8663,1.8663,1.8663,1.8663,1.9007,1.9007,1.8979,1.538,0.88,1.8979,1.8979,1.8979,1.8979,1.8979,1.8979
1.8657,1.8657,1.8657,1.8657,1.8657,1.8657,1.8657,1.8657,1.8657,1.8657,1.8657,1.8657,1.8657,1.8657,1.8657,1.8657,1.8685,1.8685,1.8685,1.8685,1.8657,1.8657,1.8657,1.8657,1.8657,1.8657,1.8657,1.3851,1.3429,1.8657,1.8657,1.6234,1.3662,1.3429,1.8657,1.8657,1.8657,1.8657,1.8657,1.8657,1.8657,1.6499,1.8657,1.8657,1.8657,1.8657,1.8657,1.8657,1.8657,1.8657,1.9874,1.9029,1.9029,1.9001,1.9001,1.115,1.8657,1.9001,1.9001,1.9001
1.8706,1.8706,1.8706,1.8706,1.581,1.8706,1.8706,1.8706,1.8706,1.8706,1.8706,1.8706,0.6446,1.3472,1.8706,1.8706,1.8706,1.8706,1.8706,1.8706,1.8706,1.8706,1.8706,1.8706,1.8706,1.8706,1.8706,1.8593,1.8706,1.8706,1.8706,1.8706,1.8706,1.8706,1.8706,1.8706,1.8706,1.8706,1.8706,1.8706,1.8706,1.8706,1.8706,1.8706,1.8706,1.8706,1.8706,1.7948,1.8706,1.8706,1.8706,1.8706,1.9051,1.9051,1.9051,1.9051,1.9051,1.9051,1.9051,1.9051
1.3138,1.8699,1.8699,1.8699,1.8699,1.8699,1.8699,1.8699,1.8699,1.8699,1.8699,1.8699,1.8699,1.8699,1.8699,1.8699,1.8699,1.8699,1.8699,1.346,1.346,1.346,1.346,1.346,1.346,1.346,1.346,1.8699,1.8699,1.8699,1.8699,1.8699,1.8699,1.8699,1.8699,1.8699,1.8699,1.8699,1.8699,1.8699,1.8699,1.8699,1.8699,1.8699,1.8699,1.8699,1.8699,1.8699,1.3833,1.9072,1.9044,1.9044,1.8699,1.8699,1.8699,1.8727,1.9044,1.7345,1.9044,1.9044
1.872,1.8748,1.8748,1.8748,1.8748,1.8748,1.8748,1.8748,1.8748,1.8748,1.8748,1.8748,1.8748,1.8748,1.3503,1.8748,1.8748,1.8748,1.8748,1.8748,1.8748,1.8748,1.8748,1.8748,1.8748,1.8748,1.8748,1.8748,1.872,1.872,1.872,1.872,1.872,1.872,1.872,1.872,1.872,1.872,1.872,1.872,1.872,1.872,1.872,1.872,1.872,1.872,1.872,1.872,1.872,1.872,1.872,1.872,1.9094,1.9094,1.9094,1.9094,1.9094,1.9094,1.9094,1.9094
1.877,1.877,1.877,1.877,1.877,1.877,1.877,1.877,1.877,1.877,1.877,1.228,1.877,1.877,1.8742,1.8742,1.8742,1.8742,1.8742,1.877,1.877,1.877,1.877,1.877,1.8742,1.877,1.877,1.877,1.877,1.877,1.877,1.877,1.877,1.877,1.6331,1.877,1.877,1.877,1.877,1.5248,1.4092,1.393,1.3768,1.3606,1.3518,1.3518,1.3518,1.3518,1.3518,1.3518,1.9116,1.9116,1.8742,1.9088,1.9088,1.9088,1.9088,1.9088,1.9088,1.9088
1.3506,1.3506,1.8763,1.5611,1.8763,1.8763,1.8763,1.8763,1.5921,1.8763,1.8763,1.8763,1.8763,1.7524,1.8763,1.8763,1.8763,1.8763,1.8763,1.8763,1.8763,1.8763,1.5693,1.8763,1.8763,1.7262,1.3506,1.3506,1.3506,1.3506,1.3506,1.3506,1.3506,1.8763,1.8763,1.8509,1.8763,1.8763,1.8763,1.8763,1.8543,1.8763,1.8763,1.8763,1.8763,1.8763,1.8763,1.8763,1.8763,1.9987,1.9138,1.9109,1.9109,1.9109,1.3506,1.8763,1.8763,1.9109,1.9109,1.9109
1.8813,1.8813,1.8813,1.8813,1.8813,1.7063,1.8813,1.8813,1.8813,1.8813,1.8728,1.8813,1.8813,1.8813,1.19,0.5399,1.3549,1.4066,1.8813,1.8813,1.8813,1.8813,1.8813,1.8813,1.8813,1.7742,1.8813,1.8813,1.8813,1.8813,1.8813,1.8813,1.8813,1.8813,1.8813,1.8813,1.8813,1.8813,1.8813,1.8813,1.8813,1.8813,1.8813,1.8813,1.8813,1.8813,1.8813,1.8813,1.8813,1.8813,1.8813,1.3896,1.8813,1.8987,1.9159,1.9159,1.9159,1.9159,1.9159,1.9159
1.8806,1.8806,1.8806,1.8806,1.8806,1.8806,1.8806,1.8806,1.8806,1.8806,1.8806,1.8806,1.8806,1.8806,1.8806,1.8806,1.8806,1.8806,1.7306,1.8806,1.8806,1.8806,1.8806,1.8806,1.1877,1.8806,1.8806,1.8806,1.8806,1.8806,1.8806,1.8806,1.8834,1.8834,1.8834,1.8834,1.8834,1.8834,1.8834,1.8834,1.8834,1.8834,1.8834,1.8834,1.8834,1.8834,1.8834,1.8834,1.4408,1.9181,1.9153,1.9153,1.3664,1.8806,1.8834,1.9153,1.9153,1.9153,1.9153,1.9153
1.8827,1.8827,1.8827,1.8827,1.8827,1.8827,1.8827,1.8827,1.8827,1.8827,1.8827,1.8827,1.8827,1.8827,1.8827,1.8856,1.8856,1.8856,1.8856,1.8856,1.8856,1.8856,1.8827,1.8827,1.8827,1.8827,1.8827,1.8827,1.8827,1.8827,1.8827,1.8827,1.8827,1.3552,1.3552,1.6239,1.8827,1.8827,1.8827,1.8827,1.7237,1.8827,1.8827,1.8827,1.8827,1.8194,1.8827,1.8827,1.8827,1.8827,1.3888,1.9203,1.9203,1.9203,1.9203,1.9203,1.9203,1.9203,1.9203,1.9203
1.8877,1.8877,1.8877,1.8877,1.8877,1.7204,1.8877,1.8877,1.8877,1.8877,1.8877,1.8877,1.3596,1.8877,1.0289,1.8877,1.8877,1.8877,1.8877,1.8877,1.8877,1.8877,1.8877,1.8877,1.8877,1.8877,1.8877,1.8877,1.8877,1.8877,1.6477,1.8877,1.8877,1.8355,1.8877,1.64,1.8877,1.8877,1.8877,1.8877,1.8877,1.8877,1.4076,1.3911,1.3746,1.3596,1.3596,1.3596,1.3596,1.3596,1.3427,1.9225,1.9225,1.9225,1.9225,1.9225,1.9225,1.9225,1.9225,1.9225
2.0102,1.3583,1.3777,1.8871,1.8871,1.8871,1.8871,1.5551,1.8871,1.8871,1.8871,1.8871,1.5366,1.8871,1.8871,1.8871,1.8871,1.8871,1.8871,1.8807,1.3583,0.9679,1.3583,1.3583,1.2965,0.7104,1.3583,1.5707,1.8871,1.8399,1.8871,1.6686,1.6664,1.8871,1.8871,1.8871,1.8871,1.8871,1.8871,1.8871,1.8871,1.8871,1.8871,1.8871,1.8871,1.8871,1.8871,1.8871,1.396,1.9247,1.9219,1.9219,1.9219,1.3583,0.2485,1.8871,1.8899,1.9219,1.9219,1.9219
1.8921,1.8921,1.8921,1.8921,1.8921,1.8921,1.8921,1.8921,1.8921,1.8921,1.8921,1.8921,1.8921,0.891,1.3627,1.3627,1.3627,1.3627,1.3948,1.8921,1.8921,1.8921,1.8921,1.8921,1.8921,1.8921,1.8921,1.8921,1.8921,1.8921,1.8921,1.8921,1.8921,1.8892,1.8892,1.8892,1.8892,1.8892,1.8892,1.8892,1.8892,1.8892,1.8892,1.8892,1.8892,1.8892,1.8892,1.8892,1.8892,1.8892,1.8892,1.3976,1.8921,1.9269,1.9269,1.9269,1.9269,1.9269,1.9269,1.9269
1.8914,1.8942,1.8942,1.8942,1.8942,1.8942,1.8942,1.8942,1.8942,1.8942,1.8942,1.8942,1.8942,1.8914,1.8914,1.8914,1.8914,1.8914,1.8914,1.8914,1.8914,1.8914,1.8914,1.8914,1.8914,1.8914,1.8942,1.8942,1.8942,1.8942,1.8942,1.8942,1.8942,1.8942,1.8942,1.8137,1.8942,1.8942,1.8942,1.8942,1.7057,1.8942,1.8942,1.8942,1.8942,1.8942,1.8942,1.8942,1.8942,1.3926,1.9292,1.9263,1.5999,0.7609,1.9263,1.9263,1.9263,1.9263,1.9263,1.9263
1.363,1.8936,1.7751,1.8936,1.8936,1.8936,1.8936,1.8698,1.8936,1.8936,1.8936,1.8936,1.8604,1.8936,1.8936,1.8936,1.8936,1.8936,1.8936,1.8936,1.8936,1.8936,1.8936,1.8936,1.8936,1.8936,1.8936,1.363,0.876,1.363,1.363,1.363,1.2966,1.363,1.3758,1.4037,1.8936,1.8936,1.8936,1.576,1.8936,1.8936,1.8936,1.8936,1.8936,1.8936,1.8936,1.8936,1.8936,1.2181,2.0172,1.9314,1.9285,1.9285,1.9285,1.363,1.8936,1.9285,1.9285,1.9285
1.8986,1.8986,1.8986,1.8986,1.4188,1.4182,1.4175,1.4207,1.424,1.8986,1.8986,1.8986,1.8986,1.3674,1.3674,1.8986,1.8754,1.8986,1.8986,1.8986,1.8528,1.8986,1.8986,1.8986,1.8986,1.8813,1.8986,1.8986,1.8986,1.8986,1.8986,1.8462,1.8986,1.8986,1.8986,1.8986,1.8986,1.8986,1.8986,1.8986,1.8986,1.8986,1.8986,1.8986,1.8986,1.8986,1.8986,1.8986,1.8986,1.8986,1.8986,1.4024,1.9336,1.9336,1.9336,1.9336,1.9336,1.9336,1.9336,1.9336
1.3662,1.8651,1.898,1.898,1.898,1.898,1.898,1.898,1.898,1.898,1.898,1.898,1.898,1.898,1.898,1.7161,1.898,1.898,1.898,1.3662,1.3662,1.3662,1.3734,1.3828,1.3846,1.3662,1.3662,1.898,1.898,1.898,1.898,1.898,1.898,1.898,1.9008,1.9008,1.9008,1.9008,1.9008,1.9008,1.9008,1.9008,1.9008,1.9008,1.9008,1.9008,1.9008,1.9008,1.404,1.9358,1.933,1.933,1.898,1.898,1.9008,1.9008,1.933,1.933,1.933,1.933
1.9001,1.9001,1.9001,1.9001,1.9001,1.9001,1.9001,1.9001,1.9001,1.9001,1.9001,1.9001,1.9001,1.903,1.5716,1.903,1.3706,1.903,1.903,1.903,1.903,1.903,1.903,1.903,1.903,1.903,1.903,1.9001,1.9001,1.9001,1.9001,1.9001,1.9001,1.9001,1.9001,1.9001,1.9001,1.9001,1.9001,1.9001,1.9001,1.9001,1.9001,1.9001,1.9001,1.9001,1.9001,1.9001,1.9001,1.9001,1.9001,1.9001,1.9381,1.9381,1.9381,1.9381,1.9381,1.9381,1.9381,1.9381
1.9052,1.9052,1.9052,1.9052,1.9052,1.9052,1.9052,1.9052,1.9052,1.9052,1.9052,1.3849,1.9052,1.9052,1.9052,1.9052,1.9052,1.9052,1.9052,1.9052,1.9052,1.9052,1.9052,1.9052,1.9052,1.9052,1.9052,1.9052,1.9052,1.9052,1.7902,1.9052,1.9052,1.9052,1.9052,1.4126,1.386,1.3722,1.3722,1.3722,1.3722,1.3722,1.3722,1.3722,1.3722,1.3722,1.3722,1.3722,1.3722,1.3722,1.9403,1.9403,1.9403,1.9403,1.9403,1.9403,1.9403,1.9403,1.9403,1.9403
2.0288,1.237,1.3709,1.3709,1.3796,1.3803,1.3809,1.3777,1.3745,1.371,1.3709,1.3709,1.3709,1.9045,1.9045,1.9045,1.9045,1.9045,1.9045,1.9045,1.2456,1.3709,1.3709,1.3709,1.3709,1.3709,1.3431,1.3709,1.3709,1.3709,1.3709,1.3709,1.3709,1.8014,1.9045,1.9045,1.9045,1.9045,1.9045,1.9045,1.9045,1.9045,1.9045,1.9045,1.9045,1.9045,1.9045,1.9045,1.6726,1.9426,1.9408,1.9397,1.9397,1.9397,0.2113,1.9045,1.9045,1.9397,1.9397,1.9397
1.9096,1.9096,1.9096,1.9096,1.9096,1.9096,1.9096,1.8786,1.9096,1.9096,1.9096,1.9096,1.9007,1.9096,1.3754,0.4791,1.3754,1.3754,1.3754,1.3798,1.8293,1.9096,1.9096,1.9096,1.8162,1.9096,1.9096,1.9096,1.9096,1.9096,1.9096,1.9096,1.9096,1.9096,1.9096,1.9068,1.9096,1.9096,1.9096,1.9096,1.9096,1.9096,1.9096,1.9096,1.9096,1.9096,1.9096,1.9096,1.9096,1.9096,1.9096,1.4106,1.4698,1.9448,1.9448,1.9448,1.9448,1.9448,1.9448,1.9448
1.909,1.909,1.909,1.909,1.909,1.909,1.909,1.909,1.909,1.909,1.909,1.909,1.909,1.909,1.909,1.909,1.909,1.909,1.3741,1.8297,1.909,1.909,1.909,1.909,1.909,1.909,1.909,1.9118,1.9118,1.9118,1.9118,1.9118,1.9118,1.9118,1.9118,1.9118,1.9118,1.9118,1.9118,1.9118,1.9118,1.9118,1.9118,1.9118,1.9118,1.9118,1.9118,1.9118,1.9118,1.9471,1.9471,1.909,1.3741,1.909,1.9442,1.9442,1.9442,1.9442,1.9442,1.9442
1.9112,1.9112,1.9112,1.9112,1.9112,1.9112,1.9112,1.9112,1.9112,1.9112,1.9112,1.9112,1.9112,1.9112,1.9112,1.914,1.914,1.914,1.914,1.914,1.914,1.9112,1.9112,1.9112,1.9112,1.9112,1.9112,1.4173,1.3757,1.9112,1.9112,1.9112,1.3979,1.3757,1.0503,1.3757,1.3997,1.416,1.4323,1.9112,1.9112,1.9112,1.9112,1.9112,1.9112,1.9112,1.9112,1.9112,1.9112,1.9112,1.9112,2.0359,1.9493,1.9493,1.9465,1.9465,1.9112,1.9465,1.9465,1.9493
1.9163,1.9163,1.7542,1.9163,1.429,1.4284,1.4277,1.431,1.4342,1.4378,1.9163,1.9163,1.5441,1.3802,1.9163,1.9163,1.9163,1.9163,1.9163,1.9163,1.9163,1.9163,1.9163,1.9163,1.9163,1.9163,1.9163,1.9163,1.9163,1.9163,1.9163,1.9163,1.9163,1.9163,1.9163,1.9163,1.9163,1.7071,1.9163,1.9163,1.9163,1.9163,1.7153,1.9163,1.9163,1.9163,1.4373,1.4195,1.4018,1.3841,1.3802,1.9516,1.9516,1.9516,1.9516,1.9516,1.9516,1.9516,1.9516,1.9516
1.3789,1.3789,1.9156,1.9156,1.9156,1.6341,1.9156,1.9156,1.9156,1.9156,1.9156,1.9156,1.9156,1.9156,1.9156,1.8205,1.9156,1.9156,1.9156,1.4371,1.3789,1.3789,1.3789,1.3789,1.3789,1.3789,1.3789,1.9156,1.9156,1.9156,1.9156,1.9156,1.9156,1.9156,1.9156,1.9156,1.9156,1.9156,1.9156,1.9156,1.9156,1.9156,1.9156,1.9156,1.9156,1.9156,1.9156,1.9156,1.4171,1.9539,1.951,1.951,1.9156,1.9156,1.9156,1.9185,1.6262,1.951,1.951,1.951
1.9207,1.9207,1.9207,1.9207,1.9207,1.9207,1.9207,1.9207,1.9207,1.9207,1.9207,1.9207,1.9207,1.9207,1.3834,1.3834,1.3834,1.4034,1.9207,1.9207,1.9207,1.9207,1.9207,1.9207,1.9207,1.9207,1.9207,1.9207,1.9179,1.9179,1.9179,1.9179,1.9179,1.9179,1.9179,1.9179,1.9179,1.9179,1.9179,1.9179,1.9179,1.9179,1.9179,1.9179,1.9179,1.9179,1.9179,1.9179,1.9179,1.9179,1.9179,1.4188,1.9207,1.9562,1.9562,1.9562,1.9562,1.9562,1.9562,1.9562
1.923,1.923,1.923,1.923,1.923,1.923,1.923,1.923,1.923,1.923,1.923,1.923,1.923,1.9201,1.9201,1.9201,1.9201,1.9201,1.9201,1.9201,1.9201,1.9201,1.9201,1.9201,1.9201,1.9201,1.923,1.923,1.923,1.923,1.923,1.923,1.923,1.923,1.923,1.923,1.4442,1.4273,1.4104,1.3943,1.385,1.385,1.385,1.385,1.385,1.385,1.385,1.385,1.385,1.3333,1.9584,1.9584,1.9201,1.9556,1.9556,1.9556,1.9556,1.9556,1.9556,1.9556
2.0478,1.3837,1.4003,1.9224,1.9224,1.5834,1.9224,1.9224,1.9224,1.9224,1.9224,1.9224,1.9224,1.9224,1.9224,1.9224,1.9224,1.9224,1.9224,1.9224,1.9224,1.8093,1.3451,1.6466,1.9224,1.9224,1.3837,1.3837,1.3837,1.3837,1.3837,1.3837,1.3837,1.3837,1.412,1.4407,1.9224,1.5841,1.9224,1.9224,1.9224,1.9224,1.9224,1.9224,1.9224,1.826,1.9224,1.9224,1.9224,2.0478,2.0478,1.9578,1.9578,1.9578,1.9578,1.9224,1.9224,1.9351,1.9578,1.9578
1.9275,1.9275,1.9275,1.9275,1.4292,1.4286,1.4279,1.4312,1.4344,1.438,1.4417,1.4454,1.9275,1.3882,1.3882,1.3882,1.3882,1.4005,1.9275,1.9275,1.9275,1.9275,1.9275,1.9275,1.6501,1.9275,1.9275,1.9275,1.9275,1.9275,1.9275,1.9275,1.9275,1.9275,1.9275,1.9275,1.9275,1.9275,1.9275,1.9275,1.9275,1.9275,1.9275,1.9275,1.9275,1.9275,1.9275,1.9275,1.9275,1.9275,1.9275,1.4238,1.9275,1.963,1.963,1.963,1.963,1.963,1.963,1.963
1.9269,1.9269,1.9269,1.9269,1.9269,1.9269,1.9269,1.9269,1.9269,1.9269,1.9269,1.9269,1.9269,1.9269,1.9269,1.9269,1.7661,1.9269,1.9269,1.387,1.1778,1.9269,1.6904,1.9269,1.8198,1.9269,1.387,1.9269,1.9269,1.9269,1.9269,1.9269,1.9297,1.9297,1.9297,1.9297,1.9297,1.9297,1.9297,1.9297,1.9297,1.9297,1.9297,1.9297,1.9297,1.9297,1.9297,1.9297,1.4254,1.9653,1.9624,1.9269,1.387,1.9269,1.9297,1.9624,1.9575,1.9624,1.9624,1.9624
1.9291,1.9291,1.9291,1.9291,1.9291,1.9291,1.9291,1.9291,1.9291,1.9291,1.9291,1.9291,1.9291,1.9291,1.932,1.932,0.9239,1.932,1.932,1.932,1.932,1.932,1.9291,1.9291,1.9291,1.9291,1.9291,1.9291,1.9291,1.3886,1.9291,1.9291,1.9291,1.3886,1.3886,1.9291,1.9291,1.6829,1.9291,1.9291,1.9291,1.9291,1.7875,1.9291,1.9291,1.9291,1.9291,1.9291,1.9291,1.9291,1.3682,2.055,1.9676,1.9676,1.9676,1.9676,1.9676,1.9676,1.9676,1.9676
1.9343,1.9343,1.9343,1.7982,1.9343,1.9343,1.9343,1.9343,1.7646,1.9343,1.9343,1.9343,1.3931,1.5907,1.9343,1.9343,1.9343,1.9343,1.9343,1.9343,1.9343,1.9343,1.9343,1.9343,1.9343,1.9343,1.9343,1.9343,1.9343,1.5762,1.9343,1.9343,1.9343,1.6642,1.4217,1.3948,1.3931,1.3931,1.3931,1.3931,1.3931,1.3931,1.3931,1.3931,1.3931,1.3931,1.3931,1.3931,1.3931,1.3931,1.0773,1.9699,1.9699,1.9699,1.9699,1.9699,1.9699,1.9699,1.9699,1.9699
2.0598,1.3919,1.3919,1.3919,1.3919,1.3919,1.3919,1.3919,1.3919,1.3919,1.3919,1.3919,1.3919,1.9337,1.9337,1.9337,1.9337,1.9337,1.9337,1.9337,1.3919,1.3919,1.3919,1.3919,1.3919,1.3919,2.0598,1.3919,1.3957,1.4093,1.3929,1.3278,1.3919,1.9337,1.9337,1.9337,1.9337,1.9337,1.9337,1.9337,1.9337,1.9337,1.9337,1.9337,1.9337,1.9337,1.9337,1.9337,1.4305,1.9723,1.9694,1.9694,1.9694,1.3919,0.2185,1.9337,1.9366,1.9694,1.8925,1.9694
1.9388,1.9388,1.9388,1.9388,1.9388,1.9388,1.9388,1.9388,1.9388,1.9388,1.9388,1.9388,1.9388,1.9388,1.3964,1.3964,1.2765,1.3964,1.3964,1.3964,1.9388,1.9388,1.9388,1.9388,1.9388,1.9388,1.9388,1.9388,1.9388,1.9388,1.9388,1.9388,1.9388,1.9388,1.9359,1.9359,1.9359,1.9359,1.9359,1.9359,1.9359,1.9359,1.9359,1.9359,1.9359,1.9359,1.9359,1.9359,1.9359,1.9359,1.9388,1.4321,1.4683,1.9388,1.9746,1.9746,1.9746,1.9746,1.9746,1.9746
1.9382,1.9382,1.9411,1.9411,1.9411,1.9411,1.9411,1.9411,1.9411,1.9411,1.9411,1.9411,1.9382,1.9382,1.9382,1.9382,1.9382,1.9382,1.9382,1.9382,1.9382,1.9382,1.9382,1.9382,1.9382,1.9382,1.9411,1.9411,1.9411,1.9411,1.9411,1.9411,1.9411,1.9411,1.9411,1.9411,1.9411,1.9411,1.8152,1.9411,1.9411,1.9411,1.9411,1.7195,1.9411,1.9411,1.9411,1.9411,1.6243,1.9769,1.9769,1.9382,1.3951,0.679,1.974,1.974,1.974,1.974,1.974,1.974
1.3968,1.9405,1.9405,1.9405,1.9405,1.9405,1.9405,1.9405,1.9405,1.9405,1.9405,1.9405,1.9405,1.9405,1.9405,1.9405,1.9434,1.9434,1.9434,1.9405,1.9405,1.9405,1.9405,1.9405,1.9405,1.9405,1.9405,1.3968,0.7898,1.3968,1.3968,1.3968,1.3968,1.3968,1.3968,1.3968,1.3968,1.3968,1.3968,1.3968,1.3968,1.4065,1.421,1.4355,1.45,1.9405,1.9405,1.9405,1.9405,1.6117,2.0671,2.0671,1.9763,1.9763,1.9763,0.9617,1.9405,1.9763,1.9763,1.9763
1.9457,1.9457,1.4082,1.4013,1.4013,1.4013,1.4013,1.4013,1.4013,1.4013,1.4013,1.4013,0.6284,1.4013,1.4013,1.8711,1.9457,1.9457,1.9457,1.9457,1.9457,1.9457,1.9457,1.9457,1.8351,1.9457,1.9457,1.9457,1.9457,1.9457,1.6044,1.9457,1.9457,1.9457,1.9457,1.9457,1.9457,1.9457,1.9457,1.9457,1.9457,1.9457,1.9457,1.9457,1.817,1.9457,1.9457,1.9457,1.9457,1.8439,1.9457,1.4372,1.9073,1.9816,1.9816,1.9816,1.9816,1.9816,1.9816,1.9816
1.2449,1.4177,1.9451,1.9451,1.9451,1.9451,1.9207,1.9451,1.9451,1.9451,1.9451,1.8063,1.9451,1.9451,1.9451,1.9451,1.5652,1.4213,1.4001,1.1166,1.4001,1.4001,1.4001,1.4001,1.4001,1.4001,1.4001,1.9451,1.9451,1.9451,1.9451,1.9451,1.9451,1.9451,1.9451,1.9451,1.9451,1.9451,1.9451,1.9451,1.9451,1.9451,1.9451,1.948,1.948,1.948,1.948,1.948,1.4389,1.9839,1.981,1.981,1.9451,1.9451,1.948,1.4725,1.4554,1.4715,1.6599,1.981
1.9474,1.9503,1.9503,1.9503,1.9503,1.9503,1.9503,1.9503,1.9503,1.9503,1.9503,1.9503,1.9503,1.9503,1.4047,1.4126,1.9503,1.6674,1.9503,1.9503,1.9503,1.9503,1.9503,1.9503,1.9503,1.9503,1.9503,1.9503,1.9474,1.9474,1.9474,1.9474,1.9474,1.9474,1.9474,1.407,1.9474,1.9474,1.9474,1.9474,1.9474,1.9474,1.9474,1.9474,1.9474,1.9474,1.9474,1.9474,1.9474,1.9474,1.9474,1.7342,1.9639,1.9863,1.9863,1.9863,1.9863,1.9863,1.9863,1.9863
1.9526,1.9526,1.9526,1.9526,1.9526,1.9526,1.9526,1.9526,1.9526,1.9526,1.9526,1.0976,1.9526,1.9526,1.9526,1.9497,1.9497,1.9497,1.9497,1.9526,1.9526,1.9526,1.9526,1.9526,1.9526,1.9526,1.9526,1.9526,1.9526,1.8104,1.9526,1.9526,1.7941,1.9526,1.4063,1.4063,1.4063,1.4063,1.4063,1.3658,1.4063,1.4063,1.4063,1.4063,1.4063,1.4063,1.4063,1.4063,1.4063,1.4063,1.9886,1.9886,1.9886,1.9886,1.9857,1.9857,1.9857,1.9857,1.9857,1.9886
2.0794,1.4051,1.4051,1.4051,1.4051,1.4051,1.4051,1.4051,1.4051,1.4051,1.4051,1.4051,1.4051,1.952,1.952,1.952,1.952,1.952,1.952,1.952,1.952,1.4051,1.4051,1.4051,1.4051,1.4051,1.4051,1.3363,1.4051,1.4051,1.4051,1.4051,1.4051,1.4051,1.952,1.6745,1.952,1.952,1.8924,1.952,1.952,1.952,1.952,1.8297,1.952,1.952,1.952,1.952,1.9167,2.0794,1.991,1.9881,1.9881,1.9881,0.1963,1.952,1.952,1.9549,1.9881,1.9881
1.9573,1.9573,1.7567,1.9573,1.9573,1.9573,1.9573,1.9573,1.9573,1.9573,1.6357,1.9573,1.9573,1.4097,1.2019,0.4194,1.4097,1.4097,1.4097,1.4097,1.7434,1.9573,1.9573,1.6428,1.9573,1.9573,1.9565,1.9573,1.9573,1.9573,1.9573,1.9573,1.9573,1.9573,1.9573,1.9573,1.9573,1.9573,1.9573,1.9573,1.9573,1.9573,1.9573,1.9573,1.9573,1.9573,1.9573,1.9573,1.9573,1.9573,1.9573,1.4458,1.4458,1.9933,1.9933,1.9933,1.9933,1.9933,1.8013,1.9933
1.9567,1.9567,1.9567,1.9567,1.9567,1.9567,1.9567,1.9567,1.9567,1.9567,1.9567,1.9567,1.9567,1.9567,1.9567,1.9567,1.9567,1.8054,1.4084,1.9567,1.9567,1.9567,1.9567,1.9567,1.0832,1.9567,1.9567,1.9567,1.9596,1.9596,1.9567,1.9567,1.9596,1.9596,1.9596,1.9596,1.9596,1.9596,1.9596,1.9596,1.9596,1.9596,1.9596,1.9596,1.9596,1.9596,1.9596,1.9596,1.4475,1.9957,1.9928,1.9567,1.4084,1.9567,1.9596,1.9928,1.9928,1.9928,1.9928,1.9928
1.959,1.959,1.959,1.959,1.959,1.959,1.959,1.959,1.959,1.959,1.959,1.959,1.959,1.959,1.959,1.9619,1.9619,1.6932,1.9619,1.9619,1.9619,1.959,1.959,1.959,1.959,1.959,1.959,1.6257,1.789,1.959,1.959,1.9017,1.959,1.4101,1.4101,1.4101,1.4101,1.4101,1.4101,1.4171,1.4321,1.4471,1.462,1.959,1.959,1.959,1.959,1.959,1.6432,1.959,1.7287,2.0868,1.9981,1.9981,1.9981,1.9981,1.9981,1.9981,1.9981,1.9981
1.9643,1.9643,1.9643,1.4501,1.4161,1.4154,1.4148,1.418,1.4212,1.4248,1.4284,1.4321,1.4147,1.4147,0.9548,1.9643,1.9643,1.9643,1.9643,1.9643,1.9643,1.9643,1.9643,1.9643,1.9643,1.9643,1.9643,1.9643,1.4147,1.4147,1.4147,1.4497,1.9643,1.8386,1.9643,1.4513,1.424,1.4147,1.4147,1.4147,1.4147,1.4147,1.4147,1.4147,1.4147,1.4147,1.4147,1.4147,1.4147,1.4147,1.241,2.0005,2.0005,2.0005,2.0005,2.0005,2.0005,2.0005,2.0005,2.0005
2.0918,1.4135,1.4135,1.4135,1.4135,1.4135,1.4135,1.4135,1.4135,1.4135,1.4135,1.4135,1.4135,1.9637,1.9637,1.9637,1.7855,1.9637,1.9637,1.431,1.4135,1.1682,1.4135,1.4135,1.4135,0.6023,1.4135,0.7914,1.8841,1.9637,1.9637,1.7301,1.4135,1.9637,1.9637,1.9637,1.9637,1.9637,1.9637,1.9637,1.9637,1.9637,1.9637,1.9637,1.9637,1.9637,1.9637,1.9637,1.4527,2.0029,1.9999,1.9999,1.9637,1.4135,0.2397,1.4883,1.471,1.4873,1.9999,1.9999
1.969,1.969,1.969,1.969,1.969,1.969,1.969,1.969,1.969,1.969,1.969,1.969,1.969,1.969,1.969,1.4181,1.4181,1.4181,1.4181,1.4181,1.969,1.969,1.969,1.969,1.969,1.969,1.969,1.969,1.969,1.966,1.969,1.969,1.966,1.966,1.966,1.966,1.966,1.966,1.966,1.966,1.966,1.966,1.966,1.966,1.966,1.966,1.966,1.966,1.966,1.966,1.966,1.4544,1.969,1.969,2.0053,2.0053,2.0053,2.0053,1.9997,2.0053
1.9713,1.9713,1.9713,1.9713,1.9713,1.9713,1.9713,1.9713,1.9713,1.9713,1.9713,1.9713,1.9713,1.9684,1.9684,1.9684,1.9684,1.9684,1.9684,1.9684,1.9684,1.9684,1.9684,1.9684,1.9684,1.9713,1.9713,1.9713,1.9713,1.9713,1.9713,1.9713,1.9713,1.9713,1.9713,1.9713,1.4533,1.4363,1.4198,1.4198,1.4198,1.4198,1.4198,1.4198,1.4198,1.4053,1.4198,1.4198,1.4198,1.2297,2.0077,2.0047,1.4285,0.7274,2.0047,2.0047,2.0047,2.0047,2.0047,2.0047
2.0993,1.4185,1.4292,1.476,1.9707,1.9707,1.9707,1.7576,1.9707,1.9707,1.9707,1.9707,1.9707,1.9707,1.9707,1.9707,1.9707,1.9707,1.9707,1.9707,1.9707,1.9707,1.4185,1.9707,1.9707,1.9552,1.4422,1.4185,1.4185,1.3055,1.4185,1.4185,1.0377,1.4185,1.4185,1.4185,1.4185,1.4185,1.4185,1.4185,1.4185,1.4185,1.4212,1.4357,1.4502,1.4647,1.4792,1.5829,1.9707,1.1108,2.0993,2.0993,2.0071,2.0071,2.0071,1.4185,1.9707,1.9707,2.0071,2.0071
1.9761,1.9761,1.4232,1.4232,1.4232,1.4232,1.4232,1.4232,1.4232,1.4232,1.4232,1.4142,1.4232,1.4232,1.4232,1.4232,1.4232,1.4374,1.9761,1.7444,1.9761,1.9761,1.9761,1.7317,1.9761,1.9761,1.9761,1.932,1.9761,1.7001,1.9761,1.9761,1.8644,1.9761,1.9761,1.9761,1.9761,1.9761,1.9761,1.9761,1.9761,1.9761,1.9761,1.9761,1.9761,1.9761,1.9761,1.9761,1.9761,1.9761,1.9761,1.4596,1.5028,2.0125,2.0125,2.0125,2.0125,2.0125,2.0125,2.0125
1.422,1.9755,1.9755,1.9755,1.9755,1.9755,1.9755,1.9755,1.9755,1.9755,1.9755,1.9755,1.9755,1.9755,1.9755,1.9755,1.4413,1.422,1.422,1.422,1.422,1.422,1.422,1.422,1.422,1.422,1.422,1.9755,1.9755,1.9755,1.9755,1.9755,1.9755,1.9784,1.9784,1.9784,1.9784,1.9784,1.9784,1.9784,1.9784,1.9784,1.9784,1.9784,1.9784,1.9784,1.9784,1.9784,1.4614,2.0149,2.0119,1.9755,1.422,1.9755,1.6754,1.49,1.4727,1.489,2.0119,2.0119
1.9778,1.9778,1.9778,1.9778,1.9778,1.9778,1.9778,1.9778,1.9778,1.9778,1.9778,1.9778,1.9778,1.9778,1.9808,1.9808,0.8591,1.9808,1.9808,1.9808,1.9808,1.9808,1.9808,1.9808,1.9808,1.9808,1.9808,1.9778,1.9778,1.9778,1.9778,1.9778,1.9778,1.9778,1.4237,1.9778,1.9778,1.9778,1.9778,1.7857,1.9778,1.9778,1.9778,1.9778,1.901,1.9778,1.9778,1.9778,1.9778,1.9778,1.9778,1.9778,2.0173,2.0173,2.0173,2.0173,2.0173,2.0173,2.0173,2.0173
1.9832,1.9832,1.9832,1.9832,1.9832,1.9832,1.858,1.9832,1.9832,1.9832,1.9832,1.9832,1.9832,1.6821,1.9832,1.9832,1.9832,1.9832,1.9832,1.9832,1.9832,1.9832,1.9832,1.9832,1.9832,1.9832,1.9832,1.9832,1.4832,1.471,1.4858,1.9832,1.9832,1.4634,1.4283,1.4283,1.4283,1.4283,1.4283,1.4283,1.4283,1.4283,1.4283,1.4283,1.4283,1.4283,1.2179,1.4283,1.4283,2.1095,1.4649,2.0198,2.0198,2.0198,2.0198,2.0198,2.0198,2.0198,2.0198,2.0198
2.112,2.112,1.4271,1.4271,1.4271,1.4271,1.4271,1.4271,1.4271,1.4271,1.4271,1.4271,1.4271,1.4271,1.9826,1.9826,1.9826,1.9826,1.9826,1.9826,1.4271,1.4271,1.4271,1.2893,1.4271,1.4271,2.112,1.4271,1.4271,1.4271,1.4271,1.369,1.4271,1.9826,1.9826,1.9826,1.9826,1.9826,1.9826,1.9826,1.9826,1.9826,1.9826,1.9826,1.9826,1.9826,1.9826,1.9826,1.4667,2.0222,2.0192,2.0192,2.0192,1.9826,0.1977,1.9826,1.9856,1.8497,2.0192,2.0192
1.988,1.988,1.988,1.988,1.8447,1.988,1.988,1.988,1.988,1.8553,1.988,1.988,1.988,1.988,1.4318,0.4711,1.4318,1.4318,1.4318,1.4318,1.988,1.988,1.7304,1.988,1.988,1.988,1.988,1.988,1.988,1.988,1.988,1.988,1.988,1.988,1.988,1.985,1.988,1.988,1.988,1.988,1.988,1.988,1.988,1.988,1.988,1.988,1.988,1.988,1.988,1.988,1.988,1.988,1.4684,2.0246,2.0246,2.0246,2.0246,2.0246,2.0246,2.0246
1.9874,1.9874,1.9874,1.9874,1.9874,1.9874,1.9874,1.9874,1.9874,1.9874,1.9874,1.9874,1.9874,1.9874,1.9874,1.9874,1.9874,1.9874,1.4628,1.9874,1.9874,1.9874,1.9874,1.7906,1.9874,1.9874,1.9904,1.9904,1.9904,1.9904,1.9904,1.9904,1.9904,1.9904,1.9904,1.9904,1.9904,1.9904,1.9904,1.9904,1.9904,1.9904,1.9904,1.9904,1.9904,1.9904,1.9904,1.9904,1.9904,2.0271,2.0271,1.9874,1.4305,1.9874,2.0241,2.0241,2.0241,2.0241,2.0241,2.0241
1.4323,1.849,1.9898,1.9898,1.9898,1.9898,1.9898,1.9898,1.9898,1.9898,1.9898,1.9898,1.9898,1.9898,1.9898,1.9898,1.9928,1.9928,1.9928,1.9928,1.9898,1.9898,1.9898,1.9898,1.9898,1.9898,1.9898,1.4323,1.4323,1.4323,1.4323,1.4323,1.4323,2.1197,1.4323,1.4323,1.4323,1.4323,1.4323,1.4323,1.4323,1.4323,1.4323,1.4323,1.4323,1.4323,1.4323,1.4323,1.439,1.4529,1.9898,2.1197,2.0295,2.0265,2.0265,2.0265,1.8014,2.0265,2.0265,2.0265
1.9952,1.9952,1.437,1.437,1.437,1.437,1.437,1.437,1.437,1.437,1.437,1.437,0.5394,1.3555,1.861,1.9952,1.9952,1.9952,1.9952,1.9952,1.9952,1.9952,1.9952,1.792,1.9952,1.9952,1.8721,1.9952,1.437,1.437,1.437,1.437,1.6012,1.9952,1.7402,1.9952,1.9952,1.9952,1.9952,1.7745,1.9952,1.4843,1.4671,1.4499,1.437,1.437,1.437,1.437,1.437,1.437,1.437,1.4738,2.032,2.032,2.032,2.032,2.032,2.032,2.032,2.032
1.2246,1.4358,1.4358,1.4389,1.4749,1.4756,1.4763,1.4729,1.4695,1.4657,1.4619,1.458,1.4541,1.7273,1.9946,1.4865,1.4358,1.4358,1.4358,1.4358,2.1248,2.1248,1.4358,1.4358,1.4358,1.1933,1.4358,1.9946,1.9946,1.9946,1.9136,1.9946,1.9946,1.9946,1.9946,1.9946,1.9946,1.9946,1.9946,1.9946,1.9946,1.9946,1.9946,1.9946,1.9946,1.9946,1.9946,1.9946,2.0344,2.0344,2.0315,2.0315,1.9946,1.9946,1.4726,1.4726,1.4726,1.4726,1.4726,2.0315
2.0,2.0,2.0,2.0,2.0,2.0,2.0,2.0,2.0,2.0,2.0,2.0,2.0,2.0,2.0,1.4405,1.4405,1.4405,1.4405,1.445,1.9157,2.0,2.0,2.0,2.0,2.0,2.0,2.0,1.9971,1.9971,1.9971,1.9971,1.9971,1.9971,1.9971,1.9971,1.9971,1.9971,1.9971,1.9971,1.9971,1.9971,1.9971,1.9971,1.9971,1.9971,1.9971,1.9971,1.9971,1.9971,1.9971,1.4774,1.9971,2.0369,2.0369,2.0369,2.0369,2.0369,2.0369,2.0369
2.0025,2.0025,2.0025,2.0025,2.0025,2.0025,2.0025,2.0025,2.0025,2.0025,2.0025,2.0025,2.0025,1.9995,1.9995,1.9995,1.9995,1.9995,1.9995,2.0025,2.0025,2.0025,2.0025,2.0025,2.0025,2.0025,2.0025,2.0025,2.0025,2.0025,1.9847,2.0025,1.7554,1.4863,1.4422,1.4422,1.4422,1.4422,1.4422,1.4422,1.4422,1.4422,1.4422,1.4422,1.4422,1.4422,1.4422,1.4422,1.4422,1.1945,2.0394,2.0394,2.0364,2.0364,2.0364,2.0364,2.0364,2.0364,2.0364,2.0364
2.1326,2.1326,1.441,1.441,1.441,1.441,1.441,1.441,1.4029,1.441,1.441,1.441,1.441,1.455,2.0019,2.0019,2.0019,2.0019,2.0019,2.0019,2.0019,1.441,1.441,1.441,1.441,1.4191,1.441,2.1326,1.441,1.441,1.441,2.1326,2.1326,1.441,1.441,1.441,1.441,1.441,1.441,1.4526,1.468,1.4833,1.4986,2.0019,2.0019,1.6385,2.0019,2.0019,2.0019,2.1326,2.1326,2.1326,2.0389,2.0389,2.0019,2.0019,2.0019,2.0019,2.0389,2.0389
2.0074,2.0074,1.4458,1.4458,1.4458,1.4458,1.4458,1.4458,1.4458,1.4458,1.4458,1.4458,1.4458,1.4458,10.0,0.5256,1.4458,1.4458,1.4458,1.4458,2.0074,1.4598,1.4521,1.4458,1.4458,1.4458,2.0074,2.0074,2.0074,2.0074,2.0074,2.0074,2.0074,2.0074,2.0074,2.0074,2.0074,2.0074,2.0074,2.0074,2.0074,2.0074,2.0074,2.0074,2.0074,2.0074,2.0074,2.0074,2.0074,2.0074,2.0074,2.0074,1.4828,2.0444,2.0444,2.0444,2.0444,2.0444,2.0444,1.5279
2.0068,2.0068,2.0068,2.0068,2.0068,2.0068,2.0068,2.0068,2.0068,2.0068,2.0068,2.0068,2.0068,2.0068,2.0068,2.0068,1.48,1.4445,1.4445,1.4445,1.4445,1.6858,2.0068,1.8598,1.0332,2.0068,2.0068,2.0068,2.0068,2.0068,2.0068,2.0098,2.0098,2.0098,2.0098,2.0098,2.0098,2.0098,2.0098,2.0098,2.0098,2.0098,2.0098,2.0098,2.0098,2.0098,2.0098,2.0098,1.4846,2.0469,2.0439,2.0068,1.4445,2.0068,2.0098,2.0439,1.6918,1.872,2.0439,2.0439
2.0093,2.0093,2.0093,2.0093,2.0093,2.0093,2.0093,2.0093,2.0093,2.0093,2.0093,2.0093,2.0093,2.0093,2.0093,2.0123,2.0123,2.0123,2.0123,2.0123,2.0123,2.0123,2.0093,2.0093,2.0093,2.0093,2.0093,2.0093,2.0093,1.4463,2.0093,2.0093,1.8928,1.2654,1.4463,1.4463,1.4463,1.4463,1.4463,1.4463,1.4463,1.4543,1.4693,1.4843,1.4993,1.6065,2.0093,2.0093,2.0093,2.0093,1.2241,2.1404,2.0494,2.0494,2.0494,2.0494,2.0494,2.0494,2.0494,2.0494
2.0147,2.0147,2.0147,1.4772,1.4511,1.4511,1.4511,1.4511,1.4511,1.4514,1.4551,1.4588,1.4511,1.4511,0.9197,2.0147,2.0147,2.0147,2.0147,2.0147,2.0147,2.0147,2.0147,2.0147,2.0147,2.0147,2.0147,1.4688,1.4511,1.4511,1.4511,1.4511,1.483,1.4817,1.4511,1.4511,1.4511,1.4511,1.4511,1.4511,1.4511,1.4511,1.4511,1.2756,1.4511,1.4511,1.4511,1.4511,1.4511,2.143,1.0284,2.0519,2.0519,2.0519,2.0519,2.0519,2.0519,2.0519,2.0519,2.0519
2.1456,2.1456,1.4498,1.4498,1.4498,1.4498,1.4498,1.4266,1.4498,1.4498,1.4498,1.4498,1.4498,1.4498,1.8841,2.0142,2.0142,1.7575,2.0142,1.4655,1.4498,0.8186,2.1456,2.1456,2.1456,0.6657,2.1456,1.4498,1.4498,1.4498,1.4498,1.324,1.4498,2.0142,2.0142,2.0142,2.0142,2.0142,2.0142,2.0142,2.0142,2.0142,2.0142,2.0142,2.0142,2.0142,2.0142,2.0142,1.49,2.0544,2.0514,2.0514,2.0514,1.4498,0.21,1.487,1.487,1.487,2.0514,1.7978
2.0197,2.0197,2.0197,2.0197,2.0197,2.0197,2.0197,2.0197,2.0197,2.0197,2.0197,2.0197,2.0197,2.0197,1.4546,10.0,10.0,1.4546,1.4546,1.327,2.0197,1.938,2.0197,2.0197,1.9176,2.0197,2.0197,2.0197,2.0197,2.0197,2.0197,2.0197,2.0197,2.0197,2.0166,2.0166,2.0166,2.0166,2.0166,2.0166,2.0166,2.0166,2.0166,2.0166,2.0166,2.0166,2.0166,2.0166,2.0166,2.0166,2.0166,2.0166,1.4918,1.9036,2.0569,2.0569,2.0569,2.0569,2.0569,1.8465
2.0191,2.0221,2.0221,2.0221,2.0221,2.0221,2.0221,2.0221,2.0221,2.0221,2.0221,2.0221,2.0191,2.0191,2.0191,2.0191,2.0191,1.8911,2.0191,2.0191,2.0191,2.0191,2.0191,2.0191,2.0191,2.0221,2.0221,2.0221,2.0221,2.0221,2.0221,2.0221,2.0221,1.8525,2.0221,2.0221,1.506,1.4884,1.4708,1.4564,1.4564,1.4564,1.4564,1.4564,1.4564,1.4564,1.4564,1.4564,1.4564,2.0594,2.0594,2.0191,1.4534,0.6476,2.0564,2.0564,2.0564,2.0564,2.0564,2.0564
1.4552,1.4552,1.5054,2.0216,1.7394,2.0216,2.0216,2.0216,2.0216,1.8643,2.0216,2.0216,1.679,2.0216,2.0216,2.0216,2.0216,2.0216,2.0216,2.0216,2.0216,2.0216,2.0216,2.0216,2.0216,2.0216,0.8949,1.4552,0.7374,1.4552,1.4552,1.4552,2.1535,2.1535,1.4552,1.4552,1.4552,1.4552,1.4552,1.3643,1.4552,1.4552,1.4552,1.4552,1.4552,1.4552,1.4552,1.4552,1.4552,1.4552,2.1535,2.1535,2.0589,2.0589,2.0589,0.9901,2.0216,2.0216,2.0589,2.0589
2.0271,1.46,1.46,1.46,1.46,1.46,1.46,1.46,1.46,1.46,1.46,1.46,1.46,10.0,1.46,1.46,1.46,2.0271,1.7447,1.7156,2.0271,1.472,1.4642,1.46,1.46,1.46,2.0271,2.0271,1.46,1.46,1.46,1.4853,2.0271,2.0271,2.0271,2.0271,2.0271,2.0271,2.0271,2.0271,2.0271,1.8981,2.0271,2.0271,2.0271,2.0271,1.8687,2.0271,2.0271,1.7336,1.51,1.3523,1.5441,2.0645,2.0645,2.0645,2.0645,2.0645,2.0172,2.0645
1.4588,1.4588,2.0266,2.0266,2.0266,2.0266,2.0266,2.0266,2.0266,1.9347,2.0266,2.0266,2.0266,2.0266,2.0266,1.4588,1.4588,1.4588,1.4588,1.4588,2.1588,1.4588,1.4588,1.4588,1.4588,1.4588,2.0266,2.0266,2.0266,2.0266,2.0266,2.0266,2.0266,2.0266,2.0296,2.0296,2.0296,2.0296,2.0296,2.0296,2.0296,2.0296,2.0296,2.0296,2.0296,2.0296,2.0296,2.0296,2.067,2.067,2.064,2.0266,1.4588,1.5359,1.4962,1.4962,1.4962,1.4962,1.4962,1.6668
2.0291,2.0291,2.0321,2.0321,2.0321,2.0321,2.0321,2.0321,2.0321,2.0321,2.0321,2.0321,2.0321,2.0321,1.4161,1.4636,1.4755,2.0321,1.711,2.0321,2.0321,2.0321,2.0321,2.0321,2.0321,2.0321,2.0321,2.0321,2.0291,2.0291,2.0291,2.0291,2.0291,2.0291,1.7946,1.3652,1.862,2.0291,2.0291,2.0291,2.0291,1.9601,2.0291,2.0291,2.0291,2.0291,2.0291,2.0291,2.0291,2.0291,2.0291,1.771,2.0291,2.0696,2.0696,2.0696,2.0696,2.0696,2.0696,2.0696
2.0346,2.0346,2.0346,2.0346,2.0346,2.0346,2.0346,2.0346,2.0346,2.0346,2.0346,1.4654,2.0346,2.0346,2.0346,2.0346,2.0316,2.0316,2.0346,2.0346,2.0346,2.0346,2.0346,2.0346,2.0346,2.0346,2.0346,2.0346,1.5109,1.4984,1.5134,2.0346,1.7461,1.4654,1.4654,1.4654,1.2965,1.4654,1.4654,1.4654,1.4654,2.1642,2.1642,2.1642,2.1642,2.1642,2.1642,2.1642,2.1642,2.1642,2.0721,2.0721,2.0721,2.0721,2.0721,2.0721,2.0721,2.0721,2.0721,2.0721
2.1669,1.0896,1.4642,1.4642,1.4642,1.4642,1.4642,1.4642,1.4642,1.4642,1.4642,1.2835,1.4642,1.4642,2.0341,2.0341,2.0341,2.0341,2.0341,2.0341,1.4814,1.4642,2.1669,1.4642,1.4642,1.4642,1.0693,2.1669,1.4642,1.4642,1.4642,2.1669,1.4642,0.8945,1.5147,2.0341,2.0341,2.0341,1.7177,2.0341,2.0341,1.9151,2.0341,2.0341,2.0341,2.0341,1.8554,2.0341,1.8897,2.1669,2.1669,2.0717,2.0717,2.0717,0.1834,1.97,2.0341,2.0372,2.0717,2.0717
2.0397,2.0397,2.0397,1.5211,1.4854,1.4847,1.484,1.4874,1.4908,1.4945,1.4983,1.5021,1.506,1.469,10.0,0.4046,10.0,1.22,1.469,1.469,1.6151,1.4882,1.4803,1.473,1.4717,1.4719,2.0397,1.9675,2.0397,2.0397,2.0397,2.0397,2.0397,2.0397,2.0397,2.0397,2.0397,2.0397,2.0397,2.0397,2.0397,2.0397,2.0397,2.0397,2.0397,2.0397,2.0397,2.0397,2.0397,2.0397,2.0397,2.0397,1.5066,1.5066,1.5668,2.0773,2.0773,1.7351,1.563,1.5066
2.0392,2.0392,2.0392,2.0392,2.0392,2.0392,2.0392,2.0392,2.0392,2.0392,2.0392,2.0392,2.0392,2.0392,2.0392,2.0392,1.8685,2.0392,1.2614,1.4678,2.0392,2.0392,2.0392,2.0392,2.0392,2.0392,2.0392,2.0422,2.0422,2.0422,2.0422,2.0422,2.0422,2.0422,2.0422,2.0422,2.0422,2.0422,2.0422,2.0422,2.0422,2.0422,2.0422,2.0422,2.0422,2.0422,2.0422,2.016,1.5085,2.0799,2.0768,2.0392,2.0392,2.0422,2.0422,2.0768,2.0768,2.0768,2.0768,2.0768
2.0417,2.0417,2.0417,2.0417,2.0417,2.0417,2.0417,2.0417,2.0417,2.0417,2.0417,2.0417,2.0417,2.0417,2.0417,2.0417,2.0447,2.0447,2.0447,2.0447,2.0447,2.0417,2.0417,2.0417,2.0417,2.0417,2.0417,1.4696,1.4696,1.4696,1.4696,1.4696,1.4696,2.1749,0.8638,1.4696,1.4696,1.4696,1.4696,1.4696,1.4696,1.4696,1.4696,1.4219,1.4696,1.4696,1.4696,1.4696,1.4696,1.4696,1.4838,2.1749,2.0824,2.0824,2.0824,2.0824,2.0824,2.0824,2.0824,2.0824
2.0473,1.4891,1.4745,1.4745,1.4745,1.4745,1.4745,1.3611,1.4745,1.4745,1.4745,1.4745,1.4745,1.4745,2.0473,2.0473,2.0473,2.0473,2.0473,1.9788,2.0473,2.0473,1.7866,2.0473,2.0473,2.0473,2.0473,1.4745,1.4745,1.4745,1.4745,1.4745,1.4745,2.0473,1.4745,1.4745,1.4745,1.4745,1.4745,1.4745,1.4745,1.4745,1.4745,1.4745,1.4745,1.4745,1.4745,1.4745,1.4745,1.4745,2.1776,2.085,2.085,2.085,2.085,2.085,2.085,2.085,2.085,2.085
2.1803,2.1803,1.4733,1.4733,1.4733,1.4733,1.4733,1.4733,1.4733,1.4733,1.389,1.4733,1.4733,1.4733,2.0468,1.4766,1.4733,1.4733,1.4733,1.4733,2.1803,2.1803,2.1803,2.1803,2.1803,2.1803,1.3076,1.4733,2.0468,2.0468,1.7846,1.5139,2.0468,2.0468,2.0468,2.0468,2.0468,2.0468,2.0468,2.0468,2.0468,2.0468,2.0468,2.0468,2.0468,2.0468,2.0468,2.0468,2.0876,2.0876,2.0846,2.0846,2.0468,1.5128,0.2376,1.5111,1.5111,1.5111,1.5111,1.5409
2.0524,2.0524,2.0524,2.0524,2.0524,2.0524,2.0524,2.0524,2.0524,2.0524,2.0524,2.0524,2.0524,2.0524,2.0524,1.1837,1.4782,1.4782,1.3985,1.4782,2.0524,2.0524,2.0524,2.0524,2.0524,2.0524,2.0524,2.0524,2.0524,2.0493,2.0493,2.0493,2.0493,2.0493,2.0493,2.0493,2.0493,2.0493,2.0493,2.0493,2.0493,2.0493,2.0493,2.0493,2.0493,2.0493,2.0493,2.0493,2.0493,2.0493,2.0493,1.516,1.516,2.0524,2.0524,2.0902,2.0685,2.0902,2.0902,2.0902
2.0549,2.0549,2.0549,2.0549,2.0549,2.0549,2.0549,2.0549,2.0549,2.0549,1.7156,2.0549,2.0549,2.0519,2.0519,2.0519,2.0519,2.0519,2.0519,2.0519,2.0519,2.0519,2.0519,2.0519,2.0519,2.0549,2.0549,2.0549,2.0549,2.0549,2.0549,2.0549,2.0549,1.4908,1.48,1.48,1.48,1.48,1.48,1.48,1.48,1.48,1.2976,1.48,1.48,1.48,1.48,2.1858,2.1858,1.2066,2.0928,2.0519,1.477,2.0898,2.0898,2.0898,2.0898,2.0898,2.0898,2.0898
2.1885,2.1885,1.4788,1.4788,1.4788,1.4312,1.4788,1.4788,1.4788,1.4788,1.4788,1.4788,1.4788,1.4788,2.0544,2.0544,2.0544,2.0544,2.0544,2.0544,2.0544,1.4788,1.1643,1.4788,1.4788,1.4788,1.4788,2.1885,2.1885,2.1885,2.1885,2.1885,0.989,2.1885,1.4788,1.4788,1.4788,1.4788,1.4788,1.4788,1.4788,1.4788,1.4396,1.4788,1.4788,1.4788,1.4788,1.4788,1.4788,1.0727,2.1885,2.1885,2.0924,2.0924,2.0924,2.0544,2.0544,2.0544,2.0924,2.0924
2.0601,1.4837,1.4837,1.4837,1.4837,1.4837,1.4837,1.4837,1.4591,1.4837,1.4837,1.4837,1.4837,10.0,10.0,1.2975,1.4837,1.4837,1.4837,1.4837,1.4837,1.4711,1.4837,1.4837,1.4837,1.4837,1.5067,1.8129,2.0601,2.0601,1.7119,2.0601,2.0601,2.0601,2.0601,2.0601,2.0601,2.0601,2.0601,2.0601,2.0601,2.0601,2.0601,2.0601,2.0601,2.0601,2.0601,2.0601,2.0601,2.0601,2.0601,2.0601,1.5217,1.5512,2.0981,1.8191,2.0981,2.0981,2.0981,1.5219
1.4825,2.0596,2.0596,2.0596,2.0596,2.0596,2.0596,2.0596,2.0596,2.0596,2.0596,2.0596,2.0596,2.0596,2.194,1.4825,1.4825,1.4825,1.4825,1.4825,1.3158,1.4825,1.4825,1.4825,1.4825,1.4825,1.2623,2.0596,2.0596,2.0596,2.0596,2.0596,2.0627,2.0627,2.0627,2.0627,2.0627,2.0627,2.0627,2.0627,2.0627,2.0627,2.0627,2.0627,2.0627,2.0627,2.0627,2.0627,2.1007,2.1007,2.0976,2.0596,1.4825,2.0596,1.5205,1.5205,1.5205,1.5205,1.5205,2.0976
2.0622,2.0622,2.0622,2.0622,2.0622,2.0622,2.0622,2.0622,2.0622,2.0622,2.0622,2.0622,2.0622,2.0622,2.0653,1.9432,0.8079,2.0653,2.0653,2.0653,2.0653,2.0653,2.0653,2.0653,2.0653,2.0653,2.0622,2.0622,2.0622,1.4844,2.0622,2.0622,2.0622,1.5254,1.4844,1.4844,1.4844,1.4844,1.4844,1.4844,1.4866,1.5021,1.5176,1.5331,2.0622,2.0622,2.0622,1.6903,2.0622,2.0622,2.0622,2.0622,2.1033,2.1033,2.1033,2.1033,2.1033,2.1033,2.1033,2.1033
2.0678,1.905,2.0678,1.5495,1.5132,1.5125,1.5118,1.5152,1.5187,1.5225,1.5263,1.5302,1.5342,1.4893,2.0678,2.0678,2.0678,2.0678,2.0678,2.0678,2.0678,2.0678,2.0678,2.0678,2.0678,2.0678,2.0678,1.4893,1.4893,1.4893,1.4893,1.4893,1.4893,1.4893,1.4893,1.4893,1.4893,1.4893,2.1995,2.1995,2.1995,2.1995,2.1995,2.1995,2.1995,2.1995,1.1452,2.1995,2.1995,2.1995,0.9415,2.106,2.106,2.106,2.106,2.106,2.106,2.106,2.106,2.106
2.2023,2.2023,2.2023,2.2023,1.257,2.2023,2.2023,2.2023,2.2023,2.2023,2.2023,2.2023,2.2023,1.4881,1.7701,2.0674,1.9499,2.0674,1.7444,1.5468,1.4461,2.2023,2.2023,2.2023,2.2023,2.2023,2.2023,2.2023,1.2908,1.4881,1.4881,1.22,1.4881,2.0674,1.9749,2.0674,2.0674,2.0674,2.0674,2.0674,2.0674,2.0674,2.0674,2.0674,2.0674,2.0674,2.0674,2.0674,1.5294,2.1086,2.1055,2.1055,2.1055,1.4881,0.1892,1.5263,1.5263,1.5263,2.1055,2.1055
2.0731,2.0731,2.0731,2.0731,2.0731,2.0731,1.8718,2.0731,2.0731,2.0731,2.0731,1.9778,2.0731,2.0731,10.0,10.0,10.0,10.0,10.0,2.205,1.4931,2.0731,2.0731,1.7854,2.0731,2.0731,1.9305,2.0731,2.0731,2.0731,2.0731,2.0731,2.0731,2.0731,2.0731,2.07,2.07,2.07,2.07,2.07,2.07,2.07,2.07,2.07,2.07,2.07,2.07,2.07,2.0731,2.0731,2.0731,2.0731,1.5313,1.5313,1.5626,1.7295,2.1113,2.1113,1.5588,1.5313
2.0726,2.0726,2.0726,2.0726,2.0726,2.0726,2.0726,2.0726,2.0726,2.0726,2.0726,2.0726,2.0726,2.0726,2.0726,2.0726,2.0726,1.9149,2.0726,2.0726,2.0726,2.0726,2.0726,2.0726,2.0726,2.0726,2.0757,2.0757,2.0757,2.0757,2.0757,2.0757,2.0757,2.0757,2.0757,2.0757,1.8379,2.0757,2.0757,1.5562,1.5385,1.5208,1.5031,1.4949,1.4949,1.4949,1.4949,1.4949,1.4949,2.1139,2.1139,2.012,2.0726,0.6271,2.1108,2.1108,2.1108,2.1108,2.1108,2.1108
1.4937,1.4937,2.0752,2.0752,2.0752,2.0752,1.8596,2.0752,2.0752,2.0752,2.0752,1.946,2.0752,2.0752,2.0752,2.0752,2.0783,2.0783,2.0783,2.0783,2.0752,2.0752,2.0752,2.0752,2.0752,2.0752,2.0752,1.4937,1.302,1.4937,1.4937,1.3834,2.2106,2.2106,2.2106,2.2106,1.2583,1.4937,1.4937,1.4937,1.4937,1.4937,1.4937,1.4937,1.4937,1.4937,1.4937,1.4937,1.4937,1.4937,2.2106,2.2106,2.1135,2.1135,2.1135,0.8781,1.5506,2.0752,2.1135,2.1135
2.2134,1.4987,1.4987,1.4987,1.2677,10.0,10.0,10.0,1.4987,1.4987,1.4987,1.4987,0.5324,10.0,1.4987,1.5246,2.0809,1.7996,2.0809,2.0809,1.5544,1.4987,1.4987,1.4987,1.4987,1.4987,1.812,1.4987,1.4987,1.4987,1.4987,1.4987,1.4987,1.7721,1.7371,2.0809,1.8138,1.5521,1.5337,1.5163,1.499,1.4987,1.4987,1.4987,1.4987,1.4987,1.4987,1.4843,1.4987,1.4987,1.4987,1.5371,2.1193,2.1193,2.1183,2.1193,2.1193,2.1193,2.1193,1.971
1.0607,1.4975,1.4975,1.4975,1.4975,1.4975,1.4975,1.4975,1.4975,1.4975,1.4975,1.4975,1.4975,1.7066,1.5155,1.4975,1.4975,1.4975,1.4975,1.0036,2.2162,2.2162,1.1359,2.2162,2.2162,2.2162,1.4975,2.0804,2.0804,2.0804,2.0804,2.0804,2.0804,2.0804,2.0804,2.0804,2.0804,2.0804,2.0804,2.0804,2.0804,2.0804,2.0804,2.0804,2.0804,2.0804,2.0804,2.0804,2.122,2.1188,2.1188,2.0804,1.4975,1.5359,1.5359,1.5359,1.5359,1.5359,1.5359,1.5359
2.0831,2.0862,2.0862,2.0862,2.0862,2.0862,2.0862,2.0862,2.0862,2.0862,2.0862,2.0862,2.0862,2.0862,2.0862,1.5025,1.5025,1.5025,1.5025,1.5025,2.0862,2.0862,2.0862,2.0862,2.0862,2.0862,2.0862,2.0862,2.0862,2.0831,2.0831,2.0831,2.0831,2.0831,2.0831,1.4994,2.0831,2.0831,2.0831,2.0831,2.0831,2.0831,2.0831,2.0831,2.0831,2.0831,2.0831,2.0831,2.0831,2.0831,2.0831,1.541,2.0831,2.0862,2.1246,2.1246,2.1246,2.1246,2.1246,2.1246
2.0888,2.0888,2.0888,2.0888,2.0888,2.0888,2.0888,2.0888,2.0888,2.0888,2.0888,0.9849,2.0888,2.0888,2.0857,2.0857,2.0857,2.0857,2.0857,2.0888,2.0888,2.0888,2.0888,2.0888,2.0888,2.0888,2.0888,2.0888,1.8378,2.0888,2.0888,1.7333,1.5279,1.5044,1.5044,1.5044,2.2218,2.2218,2.2218,1.2239,2.2218,2.2218,2.2218,2.2218,2.2218,2.2218,2.2218,2.2218,2.2218,2.1273,2.1273,2.1273,2.1273,2.1242,2.1242,2.1242,2.1242,2.1242,2.1242,2.1242
2.2246,2.2246,2.2246,2.2246,1.5032,1.5032,1.5032,1.5032,1.3563,1.5032,1.5032,2.2246,2.2246,1.5032,2.0884,2.0884,2.0884,2.0884,2.0884,2.0884,2.0884,1.5032,1.2915,1.5032,1.5032,1.5032,2.2246,2.2246,2.2246,2.2246,1.1513,2.2246,2.2246,1.5032,1.5032,1.44,1.5032,1.5032,1.5032,1.5032,1.5032,1.5032,1.5032,1.5032,1.5032,1.5114,1.5263,1.5413,1.5563,2.2246,2.2246,2.2246,2.1269,2.1269,1.5032,2.0884,2.0884,2.0915,2.1269,2.1269
2.0941,1.5381,1.5083,1.5083,1.5083,1.4036,1.5083,1.5083,1.5083,1.5083,1.5083,1.5083,1.5083,1.5083,0.954,0.4101,10.0,10.0,2.2275,1.5083,1.5083,1.5083,1.5083,1.5083,1.5083,1.5083,1.5083,2.0941,2.0941,2.0941,2.0656,2.0941,2.0941,2.0941,2.0941,2.0941,2.0941,2.0941,2.0941,2.0941,2.0941,2.0941,2.0941,2.0941,2.0941,2.0941,2.0941,2.0941,2.0941,2.0941,2.0941,2.0941,1.5259,1.5469,1.5469,1.5841,1.5993,1.585,1.5469,1.5469
2.0937,2.0937,2.0937,2.0937,2.0937,2.0937,2.0937,2.0937,2.0937,2.0937,2.0937,2.0937,2.0937,2.0937,2.0937,1.507,1.507,1.507,1.507,1.507,1.507,2.0937,1.8968,2.0937,0.9629,1.7823,2.0937,2.0937,2.0937,2.0937,2.0937,2.0968,2.0968,2.0968,2.0968,2.0968,2.0968,2.0968,2.0968,2.0968,2.0968,2.0968,2.0968,2.0968,2.0968,2.0968,2.0968,2.0968,1.5488,2.1355,2.1323,2.0937,2.0937,2.0693,2.0968,1.5677,1.5495,1.5667,1.8155,2.1015
2.0963,2.0963,2.0963,2.0963,2.0963,2.0963,2.0963,2.0963,2.0963,2.0963,2.0963,2.0963,2.0963,2.0963,2.0963,2.0995,2.0995,1.4754,2.0995,2.0995,2.0995,2.0995,2.0963,2.0963,2.0963,2.0963,2.0963,2.0963,1.5652,1.7855,1.5621,1.509,1.509,1.1631,1.509,1.509,1.509,1.509,1.509,1.509,1.3833,1.509,1.509,1.509,1.509,1.509,1.509,1.509,1.509,1.509,1.509,2.2331,2.1382,2.1382,2.1382,2.1382,2.1382,2.1382,2.1382,2.1382
2.1022,1.514,1.514,1.514,1.514,1.514,1.514,1.514,1.514,1.514,1.3888,1.514,1.514,2.1022,0.8235,2.1022,2.1022,2.1022,2.1022,2.1022,2.0727,2.1022,2.1022,1.941,2.1022,2.1022,2.236,1.514,1.514,1.514,1.3354,1.514,1.514,1.514,1.514,1.514,1.514,1.514,1.514,1.514,1.3215,2.236,2.236,2.236,2.236,2.236,2.236,2.236,2.236,2.236,1.0824,2.1409,2.1409,2.1409,2.1409,2.1409,2.1409,2.1409,2.1409,2.1409
2.2389,2.2389,2.2389,2.2389,2.2389,1.5128,1.5128,1.2775,2.2389,2.2389,2.2389,2.2389,2.2389,1.5128,1.753,1.5128,1.5128,1.5128,1.5128,1.5128,2.2389,0.8359,2.2389,2.2389,2.2389,0.5545,2.2389,1.5128,1.5128,1.4538,1.5128,1.5128,1.4764,2.1017,2.1017,2.1017,2.1017,2.1017,2.1017,2.1017,2.1017,2.1017,2.1017,2.1017,2.1017,2.1017,2.1017,1.9309,2.1436,2.1405,2.1405,2.1405,2.1017,1.5516,0.2064,1.5516,1.5516,1.5516,1.5516,1.5516
2.1075,2.1075,2.1075,2.1075,2.1075,2.1075,2.1075,2.1075,2.1075,2.1075,2.1075,2.1075,2.1075,0.7321,1.5179,10.0,10.0,10.0,10.0,2.2417,1.5179,1.8778,2.1075,2.1075,2.1075,1.9353,2.1075,2.1075,2.1075,2.1075,2.1075,2.1075,2.1075,2.1044,2.1044,2.1044,2.1044,2.1044,2.1044,2.1044,2.1044,2.1044,2.1044,2.1044,2.1044,2.1044,2.1044,2.1044,2.1044,2.1044,2.1044,2.1044,1.5568,1.5568,2.1464,2.1464,2.1464,2.1464,1.7985,1.5568
2.1102,2.1102,2.1102,2.1102,2.1102,2.1102,2.1102,2.1102,2.1102,2.1102,2.1102,2.1102,2.1071,2.1071,2.1071,2.1071,2.1071,2.1071,2.1071,2.1071,2.1071,2.1071,2.1071,2.1071,2.1071,2.1102,2.1102,2.1102,2.1102,2.1102,2.1102,2.1102,2.1102,1.5345,1.5198,1.4514,1.5198,1.5198,1.5198,1.5198,1.5198,1.5198,1.5198,1.5198,1.5198,1.2917,1.5198,1.5198,2.1491,1.1206,2.1491,2.0421,1.3465,0.6311,2.146,2.146,2.146,2.146,2.146,2.146
2.2475,1.5186,1.4168,1.5186,1.5186,1.5186,1.5186,1.5186,1.5186,1.5186,1.5186,1.5186,1.5186,1.5443,2.1098,2.1098,2.1098,2.1098,2.1098,2.1098,2.1098,2.1098,1.5186,1.5738,1.5758,1.5754,1.5186,2.2475,0.733,2.2475,2.2475,2.2475,1.0492,2.2475,2.2475,2.2475,2.2475,2.2475,2.2475,1.2952,1.5186,1.5186,1.5186,1.5186,1.5186,1.5186,1.5186,1.5186,1.5186,0.9733,2.2475,2.2475,2.1487,2.1487,2.1487,1.5186,2.1098,2.1098,2.1487,2.1487
1.5537,1.5238,1.5238,10.0,10.0,10.0,10.0,10.0,10.0,10.0,10.0,1.2551,10.0,10.0,10.0,1.5238,1.5238,1.5238,1.5238,1.5238,1.5238,1.5238,1.5238,1.5238,1.5238,1.5238,1.5238,1.5238,1.5238,1.5238,1.5238,1.5238,1.5332,2.1157,2.1157,2.1157,2.1157,2.1157,2.1157,2.1157,2.1157,2.1157,2.1157,1.9329,2.1157,2.1157,2.1157,2.1157,1.9876,2.1157,1.5718,1.5238,1.5628,1.584,2.1547,2.1547,2.1547,1.8586,2.1547,1.5628
1.5225,1.5225,2.1152,2.1152,1.8662,2.1152,2.1152,2.0489,2.1152,2.1152,2.1152,2.1152,1.9499,2.1152,1.5225,1.5225,1.5225,1.5225,2.2533,2.2533,2.2533,2.2533,2.2533,1.3169,2.2533,1.5225,2.1152,2.1152,2.1152,2.1152,2.1152,2.1152,2.1152,2.1184,2.1184,2.1184,2.1184,2.1184,2.1184,2.1184,2.1184,2.1184,2.1184,2.1184,2.1184,2.1184,2.1184,2.1184,2.1574,2.1543,2.1543,2.1152,2.1152,1.5616,1.5174,1.5616,1.5616,1.5616,1.5616,1.5616
2.1179,2.1179,2.1179,2.1179,2.1179,2.1179,2.1179,2.1179,2.1179,2.1179,2.1179,2.1179,2.1179,2.1211,2.1211,1.5277,1.5277,1.5751,2.1211,1.8009,2.1211,2.1211,2.1211,2.1211,2.1211,2.1211,2.1211,2.1211,2.1179,2.1179,1.8523,2.1179,2.1179,2.1179,1.5245,1.5245,1.5245,1.5314,1.549,1.5658,1.5824,2.1179,2.1179,2.1179,1.7497,2.1179,2.1179,2.1179,2.1179,1.8322,2.1179,2.0112,2.1179,2.1602,2.1602,2.1602,2.1602,2.1602,2.1602,2.1602
2.1238,2.1238,2.1238,2.1238,1.8878,2.1238,2.1238,2.1238,2.1238,1.7827,2.1238,2.1238,2.1238,1.5296,2.1238,2.1238,2.1238,2.1238,2.1238,2.1238,2.1238,2.1238,2.1238,2.1238,2.1238,2.1238,2.1238,1.5296,1.5296,1.5296,1.5296,1.5296,1.5296,1.5296,2.2591,2.2591,1.2146,2.2591,2.2591,2.2591,2.2591,2.2591,2.2591,2.2591,2.2591,2.2591,2.2591,2.2591,2.2591,2.2591,1.5688,2.163,2.163,2.163,2.163,2.163,2.163,2.163,2.163,2.163
2.262,1.0142,2.262,2.262,2.262,2.262,2.262,2.262,2.262,2.262,2.262,2.262,2.262,1.5284,2.262,2.0902,2.1234,1.9176,2.1234,1.8028,1.0773,2.262,2.262,1.1019,2.262,2.262,2.262,2.262,2.262,2.262,2.262,2.262,1.5284,1.5284,1.5301,1.5611,1.5915,2.1234,2.1234,2.1234,2.1234,1.7875,2.1234,2.1234,1.9321,2.1234,2.1234,2.1234,1.3398,2.262,2.262,2.1626,2.1626,2.1234,0.1748,1.6036,1.585,1.6025,2.1626,2.1626
2.1293,1.9863,1.5647,1.5336,1.5336,1.5336,1.5336,1.5336,1.5336,1.5336,1.5336,1.5336,1.5336,1.5336,10.0,0.4042,10.0,10.0,10.0,2.2649,1.5336,1.5336,1.5336,1.5336,1.5336,1.5336,1.5607,2.1293,2.1293,2.1293,2.1293,2.1293,2.1293,2.1293,2.1293,2.1293,2.1262,2.1293,2.1293,2.1293,2.1293,2.1293,2.1293,2.1293,2.1293,2.1293,2.1293,2.1293,2.1293,2.1293,2.1293,2.1293,1.5729,1.5729,1.5729,1.5729,1.5729,1.5729,1.5729,1.5729
2.1289,2.1289,2.1289,2.1289,2.1289,2.1289,2.1289,2.1289,2.1289,2.1289,2.1289,2.1289,2.1289,2.1289,2.1289,1.906,2.1289,1.5407,1.5324,1.5324,2.1289,2.1289,2.1289,1.5565,2.1289,2.1289,2.1321,2.1321,2.1321,2.1321,2.1321,2.1321,2.1321,2.1321,1.9827,2.1321,2.1321,2.1321,2.1321,1.8512,2.1321,2.1321,2.1321,2.1321,1.7529,2.1321,1.593,1.5734,1.5507,2.1714,2.1682,2.1289,2.1289,2.1321,2.1682,1.9969,2.1682,2.1682,2.1682,2.1682
1.5344,2.1317,2.1317,2.1317,2.1317,2.1317,2.1317,2.1317,2.1317,2.1317,2.1317,2.1317,2.1317,2.1317,2.1317,2.1317,2.1349,2.1349,2.1349,2.1349,2.1349,2.1317,2.1317,2.1317,2.1317,2.1317,2.1317,2.1317,1.5344,1.5344,1.5344,1.5344,2.2708,2.2708,2.2708,2.2708,2.2708,2.2708,2.2708,2.2708,2.2708,2.2708,2.2708,1.5344,1.5344,1.5344,1.3519,1.5344,1.5344,1.5344,2.2708,2.2708,2.2708,2.1742,2.171,2.171,1.5524,2.1317,2.171,2.1742
1.5614,1.5396,10.0,10.0,10.0,10.0,10.0,1.2497,10.0,10.0,10.0,10.0,0.5224,1.5396,1.5396,2.0327,2.1376,2.1376,2.1336,2.1376,1.5967,1.5396,1.5396,1.5396,1.5396,1.5396,1.6046,1.5396,2.2737,1.36,2.2737,1.5396,1.5396,1.5396,1.5396,1.5396,1.5396,1.4383,1.5396,1.5396,1.5396,1.5396,1.5396,1.5396,1.5396,1.5396,1.5396,1.5396,2.2737,2.2737,2.2737,1.579,2.177,2.177,2.177,2.177,2.177,2.177,2.177,2.177
2.2767,2.2767,1.5384,1.5384,1.5384,1.5384,1.5384,1.5384,1.5384,1.5384,1.5384,1.5384,1.5384,1.5384,1.5384,1.5384,1.5384,1.5384,2.2767,2.2767,2.2767,2.2767,2.2767,2.2767,2.2767,2.2767,1.1666,1.5384,2.1372,1.8308,1.5879,1.5587,2.1372,2.1372,2.1372,2.1372,2.1372,2.1372,2.1372,2.1372,2.1372,2.1372,2.1372,2.1372,2.1372,2.1372,2.1372,2.1372,2.1799,2.1767,2.1767,1.9704,1.5384,1.5778,1.5778,1.5778,1.5778,1.5778,1.5778,1.5778
2.1432,2.1432,2.1432,2.1432,2.1432,2.1432,2.1432,2.1432,2.1432,2.1432,2.1432,2.1432,2.1432,2.1432,2.1432,1.5436,10.0,10.0,1.5436,1.5436,1.589,2.1432,2.1432,2.1432,2.1432,2.1432,2.1432,2.1432,2.1432,2.14,2.14,2.14,2.14,2.14,2.14,2.14,1.8895,2.14,2.14,2.14,2.14,2.14,2.14,2.14,2.14,2.14,2.14,2.14,2.14,2.14,2.14,1.5831,1.5831,2.1432,2.1432,2.021,2.1827,2.1827,2.1827,2.1827
2.146,2.146,2.146,2.146,2.146,2.146,2.146,2.146,2.146,2.146,2.146,2.146,2.146,2.1428,2.1428,2.1428,2.1428,2.1428,2.1428,2.1428,2.146,2.146,2.146,2.1428,2.146,2.146,2.146,2.146,2.146,1.9906,2.146,2.146,1.5456,1.5456,2.2826,2.2826,2.2826,2.2826,2.2826,2.2826,2.2826,2.2826,1.1823,2.2826,2.2826,2.2826,2.2826,2.2826,2.2826,1.0917,2.1855,2.1428,2.1823,2.1823,2.1823,2.1823,2.1823,2.1823,2.1823,2.1823
2.2856,2.2856,2.2856,2.2856,2.2856,1.4021,2.2856,2.2856,2.2856,2.2856,2.2856,2.2856,2.2856,1.5444,2.1456,2.1456,2.1456,2.1456,2.1456,2.1456,2.1456,1.5444,1.5444,1.5444,1.5444,1.5444,2.2856,2.2856,2.2856,2.2856,2.2856,2.2856,2.2856,2.2856,2.2856,2.2856,1.5444,1.5444,1.5444,1.5444,1.5444,1.5444,1.5444,1.5444,1.5444,1.4396,1.5444,1.5444,1.5444,2.2856,2.2856,2.2856,2.1852,2.1852,2.1852,2.1456,2.1456,2.1456,2.1852,2.1852
1.5991,1.5496,1.5496,10.0,10.0,10.0,10.0,10.0,1.2825,10.0,10.0,10.0,10.0,10.0,10.0,10.0,10.0,2.2886,1.2675,2.2886,1.5496,1.5496,1.5496,1.5496,1.5496,1.5496,1.5496,2.2886,1.5879,1.5748,1.5906,1.772,2.1516,2.1516,2.1516,2.1516,2.1516,2.1516,2.1516,2.1516,2.1516,2.1516,2.1516,2.1516,2.1516,2.1516,2.1516,2.1516,2.1516,2.1516,2.1516,2.1516,1.5893,1.5893,1.5893,1.5893,1.5893,1.5893,1.5893,1.5893
1.5562,2.1512,2.1512,2.1512,2.1512,2.1512,2.1512,2.1512,2.1512,2.1512,2.1512,2.1512,2.1512,2.1512,1.5484,1.5484,1.5484,1.5484,2.2916,2.2916,0.9625,1.5484,1.5484,1.5484,1.4591,1.5484,2.1512,2.1512,2.1512,2.1512,2.1512,2.1544,2.1544,2.1544,2.1544,2.1544,2.1544,2.1544,2.1544,2.1544,2.1544,2.1544,2.1544,2.1544,2.1544,2.1544,2.1544,2.1544,2.1941,2.1909,2.1909,2.1512,2.1512,1.5881,1.5881,1.5881,1.4914,1.5881,1.5881,1.5881
2.154,2.154,2.154,2.154,2.154,2.154,2.154,2.154,2.154,2.154,2.154,2.154,2.154,2.154,2.154,2.1572,2.1572,2.1572,2.1572,2.1572,2.1572,2.1572,2.1572,2.154,2.154,2.154,2.154,2.154,1.9499,1.1656,2.154,2.0561,1.5852,1.5505,1.5505,1.5505,1.5505,1.4166,1.5505,1.5505,1.5505,1.5505,1.5505,1.5505,1.5505,1.5505,1.5505,1.5505,1.5505,1.5505,1.1235,2.2946,2.197,2.197,2.197,2.197,2.197,2.197,2.197,2.197
2.1601,1.5692,1.5557,1.5046,1.5557,1.5557,1.5557,1.5557,1.5557,1.5557,1.5557,1.5557,1.5557,2.1601,2.1601,2.1601,2.1601,2.1601,2.1601,2.1601,2.1601,2.1601,2.1601,2.1601,2.0984,2.0353,1.606,1.5557,2.2976,2.2976,2.2976,1.5557,1.5557,1.5557,2.2976,2.2976,2.2976,2.2976,2.2976,2.2976,2.2976,2.2976,2.2976,1.1346,2.2976,2.2976,2.2976,2.2976,2.2976,2.2976,0.9075,2.1999,2.1999,2.1999,2.1999,2.1999,2.1999,2.1999,2.1999,2.1999
2.3006,2.3006,2.3006,2.3006,1.1959,2.3006,2.3006,2.3006,2.3006,2.3006,2.3006,2.3006,2.3006,2.3006,1.6084,1.5723,1.5545,1.5484,1.5545,1.5545,2.3006,2.3006,2.3006,2.3006,2.3006,2.3006,2.3006,2.3006,2.3006,2.3006,2.3006,1.1012,1.5545,2.1597,2.1597,2.1597,2.1597,2.1597,2.1597,2.1597,2.1597,2.1597,2.1597,2.1597,2.1597,2.1597,2.1597,2.1597,2.2028,2.1995,2.1995,2.1995,1.8275,1.5545,0.1846,1.5944,1.5944,1.5944,1.5944,1.5944
2.1657,2.1657,2.1657,1.9797,2.1657,2.1657,2.1657,2.1657,1.9906,2.1657,2.1657,2.1657,2.1657,2.1657,10.0,10.0,1.0684,10.0,10.0,1.3214,1.5598,1.5927,1.5843,1.5764,1.575,1.5753,2.1657,2.1657,2.1657,2.1657,2.1657,2.1657,2.1657,2.1657,2.1657,2.1625,2.1625,2.1625,2.1625,2.1625,2.1625,2.1625,2.1625,2.1625,2.1625,2.1625,2.1625,2.1625,2.1625,2.1625,2.1625,2.1625,1.5997,1.5997,1.5997,1.5997,1.5997,1.5997,1.5997,1.5997
2.1653,2.1653,2.1686,2.1686,2.1686,2.1686,2.1686,2.1686,2.1686,2.1686,2.1686,2.1686,2.1653,2.1653,2.1653,2.1653,2.1653,1.7252,2.078,2.1653,2.1653,2.1653,2.1653,2.1653,2.1653,2.1686,2.1686,2.1686,2.1686,2.1686,2.1686,2.1686,2.1686,1.6245,1.5619,1.5619,1.5619,1.5619,1.4763,1.5619,1.5619,1.5619,1.5619,1.5619,1.5619,1.5619,1.5619,1.5619,1.5619,2.2086,2.2086,1.8548,2.1653,0.5732,2.2053,2.2053,2.2053,2.2053,2.2053,2.2053
2.3097,1.5607,1.5607,1.5607,1.5607,1.5607,1.5607,1.5607,1.5607,1.5607,1.5607,1.5607,1.5607,2.1682,2.1682,2.1682,2.1682,2.1682,2.1682,2.1682,2.1682,2.1682,1.9963,1.6911,2.1682,2.0978,0.7926,1.3353,0.6458,2.3097,2.3097,2.3097,2.3097,2.3097,2.3097,2.3097,2.3097,2.3097,2.3097,2.3097,2.3097,2.3097,2.3097,2.3097,2.3097,2.3097,2.3097,2.3097,2.3097,1.5607,2.3097,2.3097,2.3097,2.2082,2.2082,0.8041,1.8581,2.1682,2.2082,2.2082
1.566,1.566,10.0,10.0,10.0,10.0,10.0,10.0,10.0,10.0,10.0,10.0,0.5419,10.0,10.0,1.566,1.566,1.566,1.566,1.566,1.566,1.566,1.4212,1.566,1.566,1.566,1.566,1.566,1.4731,1.566,1.566,1.566,1.566,1.5906,1.9,2.1743,1.6048,1.586,1.5672,1.566,1.566,1.566,1.566,1.566,1.566,1.566,1.566,1.566,1.566,1.566,1.566,1.2081,1.6061,1.6614,2.2144,2.2144,2.2144,2.2144,2.2144,1.63
2.3158,1.5648,1.5648,1.5648,1.5648,1.5648,1.5648,1.5648,1.5648,1.5648,1.5648,1.5648,1.5648,1.6089,1.5648,1.5648,2.3158,2.3158,2.3158,2.3158,2.3158,2.3158,2.3158,2.3158,2.3158,2.3158,1.5648,2.1739,2.1739,2.1739,2.1739,2.1739,2.1739,2.1739,2.1739,2.1739,2.1739,2.1739,2.1739,2.1772,2.1772,2.1772,2.1772,2.1772,2.1772,2.1772,2.1772,2.2173,2.2173,2.2141,2.2141,2.1739,1.5648,1.6049,1.6049,2.1772,2.1772,2.3158,1.6049,1.6049
2.1768,2.1801,2.1801,2.1801,2.1801,2.1801,2.1801,2.1801,2.1801,2.1801,2.1801,2.1801,2.1801,2.1801,2.1801,1.5701,1.5701,1.5701,1.5701,1.5701,2.1801,2.1801,2.1801,2.1801,2.1801,2.1801,2.1801,2.1801,2.1768,2.1768,2.1768,2.1768,2.1768,2.1768,1.6047,1.2174,2.1768,2.1768,1.8793,2.1768,2.1768,2.1768,2.1768,1.9756,2.1768,2.1768,2.1768,2.1768,2.0719,2.1768,2.1768,1.5975,2.155,2.1801,2.2203,2.2203,2.2203,2.2203,2.2203,2.2203
2.183,2.183,2.0777,2.183,2.183,2.183,2.183,1.9793,2.183,2.183,2.1203,0.9163,2.0025,2.183,2.183,2.1797,2.1797,2.1797,2.183,2.183,2.183,2.183,2.183,2.183,2.183,2.183,2.183,1.5722,1.5722,1.5521,1.5722,1.5722,1.5722,2.3219,2.3219,2.3219,2.3219,2.3219,2.3219,2.3219,2.3219,2.3219,2.3219,2.3219,2.3219,2.3219,2.3219,2.3219,2.3219,2.3219,2.2232,2.2232,2.2232,2.2232,2.2232,2.2199,2.2199,2.2199,2.2232,2.2232
2.325,2.325,2.325,2.325,2.325,2.325,2.325,2.325,2.325,2.325,2.325,1.1729,2.325,2.325,1.5946,2.0818,2.1826,2.1826,2.1826,2.1643,1.571,2.325,2.325,2.325,2.325,2.325,2.325,1.0006,2.325,2.325,2.325,2.325,2.325,0.8386,1.571,1.571,1.571,1.571,1.4958,1.571,1.571,1.571,1.571,1.571,1.571,1.571,1.571,1.571,1.571,2.325,2.325,2.325,2.2229,2.0778,0.1652,2.1826,2.1826,2.1859,2.1859,2.114
2.1888,1.5764,1.4601,1.5764,1.5764,1.5764,1.5764,1.5764,1.5764,1.5764,1.5764,1.5764,1.5764,10.0,10.0,0.3547,10.0,10.0,2.3281,2.3281,1.4768,1.5764,1.5764,1.3915,1.5764,1.5764,1.5156,2.3281,2.0768,2.1888,2.1888,2.1888,2.1888,2.1888,2.1888,2.1888,2.1888,2.1888,2.1888,2.1888,2.1888,2.1888,2.1888,2.1888,2.1888,2.1888,2.1888,2.1888,2.1888,2.1888,2.1888,2.1888,1.2593,1.6167,1.6167,1.6167,1.6167,1.6167,1.6167,1.6167
2.1884,2.1884,2.1884,2.1884,2.1884,2.1884,2.1884,2.1884,2.1884,2.1884,2.1884,2.1884,2.1884,1.9311,1.6264,1.5752,1.5752,1.5752,1.1794,1.5752,1.5897,1.9353,2.1884,2.0759,1.8847,2.1884,2.1884,2.1917,2.1917,2.1917,2.1917,2.1917,2.1917,2.1917,2.1917,2.1917,2.1917,2.1917,2.1917,2.1917,2.1516,2.1917,2.1917,2.1917,2.1917,2.0676,2.1917,1.9789,1.6189,2.2321,2.1884,1.6414,2.1884,2.1917,1.6549,1.6156,1.6156,1.6156,1.6594,2.2288
1.5916,2.1913,2.1913,2.1913,2.1913,2.1913,2.1913,2.1913,2.1913,2.1913,2.1913,2.1913,2.1913,2.1913,2.1913,2.1913,2.1946,1.4471,2.1946,2.1946,2.1946,2.1946,2.1913,2.1913,2.1913,2.1913,2.1913,1.4149,1.5773,1.5773,1.5773,1.5773,1.5773,2.3343,0.7751,2.3343,2.3343,2.3343,2.3343,2.3343,2.3343,2.3343,2.3343,1.3077,2.3343,2.3343,2.3343,1.5773,1.5773,1.5773,1.4411,2.3343,2.3343,2.235,2.235,2.235,2.235,2.235,2.235,2.235
1.5827,1.5827,10.0,10.0,10.0,10.0,10.0,10.0,10.0,10.0,1.3156,10.0,10.0,1.5827,0.8711,2.1975,2.1975,2.1975,2.1975,2.1975,2.1975,1.5992,1.5908,1.5829,1.5827,1.5827,1.5827,2.3374,2.3374,2.3374,2.3374,2.3374,2.3374,1.5827,1.5827,2.3374,2.3374,2.3374,2.3374,2.3374,1.2444,2.3374,2.3374,2.3374,2.3374,2.3374,2.3374,2.3374,2.3374,2.3374,1.0613,1.6232,2.2171,2.238,2.238,2.238,2.238,2.238,2.238,2.238
2.3406,2.3406,2.3406,2.3406,2.3406,2.3406,2.3406,2.3406,2.3406,2.3406,1.254,2.3406,2.3406,1.5815,1.5815,1.5815,1.5815,2.3406,1.3087,2.3406,2.3406,0.9875,2.3406,2.3406,2.3406,0.5223,2.3406,0.6689,1.5815,1.5815,1.5815,1.5815,1.3103,2.1972,2.1972,2.1972,2.1972,2.1972,2.1972,2.1972,2.1972,2.1972,2.1972,2.1972,2.1972,2.1972,2.1972,1.6911,2.241,2.2377,2.2377,2.2377,1.6221,1.6221,0.207,1.3375,2.2005,2.2005,1.6221,1.6221
2.2034,2.2034,2.2034,2.2034,2.2034,2.2034,2.2034,2.2034,2.2034,2.2034,2.2034,2.2034,2.2034,2.2034,1.5869,10.0,10.0,10.0,10.0,10.0,1.5869,2.3437,2.2034,2.2034,2.1221,2.2034,2.2034,2.2034,2.2034,2.2034,2.2001,2.2034,2.2001,2.2001,2.2001,2.2001,2.2001,2.2001,2.2001,2.2001,2.2001,2.2001,2.2001,2.2001,2.2001,2.2001,2.2001,2.2001,2.2001,2.2001,2.2001,2.2001,1.6276,1.6276,1.6276,1.6869,2.244,1.6879,1.6276,1.6276
2.2063,2.2063,2.2063,2.2063,2.2063,2.2063,2.2063,2.2063,2.2063,2.2063,1.5891,2.2063,2.2031,2.2031,2.2031,2.2031,2.2031,2.2031,2.2031,2.2031,2.2031,2.2031,2.2031,2.2031,2.2031,2.2063,2.2063,2.2063,2.2063,2.2063,2.1176,2.0088,1.5891,1.5891,2.3468,2.3468,2.3468,2.3468,2.3468,2.3468,2.3468,2.3468,2.3468,2.3468,2.3468,1.2215,2.3468,2.3468,2.3468,1.0274,2.247,2.2031,1.3177,0.6267,2.2437,2.2437,2.2437,2.2437,2.2437,2.2437
2.35,2.35,1.4251,2.35,2.35,2.35,2.35,2.35,2.35,2.35,2.35,2.35,2.35,1.5879,1.9755,2.206,2.206,2.206,2.206,2.206,2.206,1.4568,1.0695,1.5879,1.46,1.5879,1.5879,2.35,2.35,1.097,2.35,2.35,0.8849,2.35,2.35,2.35,2.35,2.35,2.35,2.35,2.35,2.35,1.2881,2.35,2.35,2.35,2.35,2.35,2.35,0.952,2.35,2.35,2.35,2.2467,2.2467,1.5879,2.206,2.206,2.2093,2.2467
1.5933,1.5933,10.0,10.0,10.0,10.0,10.0,10.0,10.0,10.0,10.0,1.2038,10.0,10.0,10.0,1.1685,10.0,2.3531,2.3531,1.5933,1.5933,2.3531,2.3531,2.3531,2.3531,2.3531,1.5933,1.5933,1.5933,1.5933,1.5933,1.5933,1.5933,1.8224,2.0997,2.2123,2.2123,2.2123,2.2123,2.2123,2.2123,2.2123,2.2123,2.2123,2.2123,2.0274,2.2123,2.2123,2.2123,2.2123,2.0886,1.5933,2.3531,1.6341,1.6341,1.6341,1.6341,1.6341,1.6341,1.6341
1.5922,1.5922,1.9033,2.2119,2.2119,2.1452,2.2119,2.2119,2.2119,2.2119,2.0574,2.2119,1.9366,1.6,1.4856,2.3563,2.3563,1.2549,2.3563,2.3563,1.2436,2.3563,2.3563,2.3563,2.3563,1.5298,1.1776,2.2119,2.2119,2.2119,2.2119,2.2119,2.2153,2.2153,2.2153,2.2153,2.2153,2.2153,2.2153,2.2153,2.2153,2.2153,2.2153,2.2153,2.2153,2.2153,2.2153,2.2561,2.2561,2.2528,2.2528,1.9943,1.633,1.633,1.633,1.633,2.3563,1.633,1.633,1.633
2.2149,2.2149,2.2149,2.2149,2.2149,2.2149,2.2149,2.2149,2.2149,2.2149,2.2149,2.2149,2.2149,2.2149,2.2182,1.5976,0.7305,1.6465,1.9398,2.2182,2.2182,2.2182,2.2182,2.2182,2.2182,2.2182,2.2182,2.2149,2.2149,2.2149,2.2149,2.2149,2.0701,1.5943,1.5943,1.5943,1.5943,1.5943,1.5943,1.5943,1.5943,1.5943,1.5943,1.5943,1.5943,1.5943,1.5943,1.5943,1.5943,1.5943,1.6034,1.8172,2.2149,2.2591,2.2591,2.2591,2.2591,2.2591,2.2591,2.2591
2.2212,1.7757,1.5998,1.5998,1.5998,1.5998,1.5323,1.5998,1.5998,1.5998,1.5998,1.5998,1.5998,1.4328,2.2212,2.2212,2.2212,2.2212,2.2212,2.2212,2.2212,2.2212,2.2212,2.2212,2.2212,2.2212,1.6158,1.5998,1.4483,2.3626,2.3626,1.3605,1.5998,2.3626,2.3626,2.3626,2.3626,2.3626,2.3626,2.3626,2.3626,2.3626,2.3626,2.3626,2.3626,2.3626,1.0362,2.3626,2.3626,2.3626,1.6407,2.2622,2.2622,2.2622,2.2622,2.2622,2.2622,2.2622,2.2622,2.2622
2.3658,2.3658,2.3658,2.3658,2.3658,2.3658,2.3658,2.3658,2.3658,2.3658,2.3658,2.3658,2.3658,2.3658,1.5986,2.2209,1.6311,1.5986,1.5986,1.5986,1.2432,2.3658,2.3658,2.3658,2.3658,2.3658,2.3658,2.3658,1.2919,2.3658,2.3658,1.1094,1.5986,1.5986,1.5986,1.6135,1.6448,1.664,2.2209,1.8115,2.2209,2.2209,2.0432,2.2209,2.2209,2.2209,2.2209,1.9549,1.3693,2.3658,2.2619,2.239,2.2619,1.5986,0.1694,1.6396,1.6396,1.6396,1.6396,1.6396
2.2272,2.2272,1.6041,1.6041,1.6041,1.6041,1.6041,1.6041,1.6041,1.6041,1.6041,1.6041,1.6041,1.6041,10.0,0.4123,10.0,10.0,10.0,2.369,1.6041,1.6041,1.6041,1.6041,1.6041,1.5323,1.6041,2.2272,2.2272,2.2272,2.2272,2.2272,2.2272,2.2272,2.2272,2.2272,2.2239,2.2239,2.2239,2.2239,2.2239,2.2272,2.2272,2.2272,2.2272,2.2272,2.2272,2.2272,2.2272,2.2272,2.2272,2.2272,2.2272,1.6452,1.6452,1.6452,1.6452,1.6452,1.6452,1.6452
2.2269,2.2269,2.2269,2.2269,2.2269,2.2269,2.2269,2.2269,2.2269,2.2269,2.2269,2.2269,2.2269,2.2186,1.9691,2.2269,1.6259,1.6029,1.6029,2.2269,2.2269,2.2269,2.2269,1.5369,2.2269,2.2269,2.2303,2.2303,2.2303,2.2303,2.2303,2.2303,2.2303,2.2303,1.6069,1.6063,1.6063,1.6063,1.6063,1.6063,1.6063,1.5636,1.6063,1.6063,1.6063,1.6063,1.6063,1.6063,1.445,2.2714,2.2269,1.651,2.2269,2.2303,2.268,2.268,2.268,2.1301,2.268,2.268
2.3755,1.6051,1.6051,1.6448,2.2299,2.2299,2.2299,2.2299,1.9493,2.2299,1.6711,1.6667,1.6622,1.9974,2.2299,2.2299,2.2299,2.2333,2.2333,2.2333,2.2299,2.2299,2.2299,2.2299,2.2299,2.2299,2.2299,1.6051,2.3755,2.3755,2.3755,1.1786,2.3755,2.3755,2.3755,2.3755,2.3755,2.3755,2.3755,2.3755,2.3755,2.3755,2.3755,2.3755,2.3755,2.3755,1.2703,2.3755,2.3755,2.3755,2.3755,2.3755,2.3755,2.2711,2.2711,0.8287,1.4988,2.2144,2.2711,2.2711
1.6106,10.0,10.0,10.0,1.1649,10.0,10.0,10.0,10.0,10.0,10.0,10.0,0.4665,1.1818,1.6106,1.6106,1.6106,1.6325,1.9405,1.6106,1.6106,1.6106,1.6106,1.6106,1.6106,1.6106,1.6106,2.3787,2.3787,2.3787,2.3787,2.3787,1.3725,1.6106,1.6106,1.6106,1.6106,1.6106,1.6106,1.6106,1.6106,1.6106,1.6106,1.6106,2.3787,2.3787,2.3787,1.2979,2.3787,2.3787,2.3787,1.6519,1.6519,2.2775,2.2775,2.1067,2.2269,2.2775,2.2775,2.2775
0.9947,2.3819,2.3819,1.4048,1.6095,1.6095,1.6095,1.6095,1.6095,1.6095,2.3819,2.3819,2.3819,1.6095,1.6095,2.3819,2.3819,2.3819,2.3819,1.1688,2.3819,2.3819,2.3819,2.3819,2.3819,1.0269,2.3819,1.6095,1.8748,2.236,1.6095,1.6471,2.236,2.236,2.236,2.236,2.236,2.236,2.236,2.236,2.236,2.236,2.236,2.236,2.236,2.236,2.236,1.6541,2.2806,2.2773,2.2773,2.236,1.6095,1.6508,2.2393,2.2393,1.9278,1.2768,2.3819,1.6508
2.2424,2.2424,2.2424,2.2424,2.2424,2.2424,2.2424,2.2424,2.2424,2.2424,2.2424,2.2424,2.2424,2.2424,2.2424,1.615,10.0,10.0,10.0,10.0,1.615,2.2424,2.2424,2.2424,2.2424,2.2424,2.2424,2.2424,2.2424,2.239,2.239,2.239,2.239,2.239,2.239,1.6117,2.239,2.1895,2.239,2.239,2.239,2.239,2.239,2.239,2.239,2.239,2.239,2.239,2.239,2.239,2.239,2.239,1.6564,2.2424,1.9719,2.2837,2.2837,2.2837,2.2837,1.7164
2.2455,2.2455,2.2455,2.2455,2.2455,2.2455,2.2455,2.2455,2.2455,2.2455,2.2455,2.2455,2.2455,2.2421,2.2421,2.2421,2.2421,2.2421,2.2421,2.2455,2.2455,2.2455,2.2455,2.2455,2.2455,2.2455,2.103,1.6338,1.6172,1.6172,1.6172,1.6172,1.6172,2.3884,2.3884,2.3884,2.3884,2.3884,2.3884,2.3884,2.3884,2.3884,2.3884,2.3884,2.3884,2.3884,2.3884,2.3884,2.3884,1.0481,2.2868,2.2868,2.2835,2.2835,2.2835,2.2835,2.2835,2.2835,2.2835,2.2835
2.3917,2.3917,2.3917,2.3917,2.3917,2.3917,2.3917,2.3917,1.1854,2.3917,2.3917,2.3917,2.3917,2.3917,1.6161,2.2452,2.2452,2.2452,2.2452,2.2452,2.0977,1.6161,1.1767,2.3917,2.3917,1.2405,2.3917,2.3917,2.3917,2.3917,2.3917,2.3917,2.3917,2.3917,2.3917,1.3779,2.3917,2.3917,2.3917,2.3917,2.3917,2.3917,1.6161,1.6161,1.6161,1.6161,1.6161,1.6161,1.6161,2.3917,2.3917,2.3917,2.2866,2.2866,1.6161,2.2452,2.2452,2.1252,2.2485,2.2866
1.6217,1.6217,10.0,10.0,10.0,1.2749,10.0,10.0,10.0,10.0,10.0,10.0,10.0,10.0,10.0,0.4175,10.0,10.0,2.3949,2.3949,2.3949,2.3949,2.3949,2.3949,2.3949,2.3949,1.6217,1.6217,1.6262,1.6217,1.6289,1.6789,2.2516,2.2516,2.2516,2.2516,2.2516,2.2516,2.2516,2.2516,2.2516,2.2516,2.2516,2.2516,2.2516,2.2516,2.2516,2.2516,2.2516,2.2516,2.2516,2.2516,2.3949,1.6632,1.6632,1.6632,1.6632,1.6632,1.6632,1.3873
1.9344,2.2513,2.2513,2.2513,2.2513,2.2513,2.2513,2.2513,2.2513,2.2513,2.2513,2.2513,2.2513,1.6725,1.6205,1.4953,2.3982,2.3982,1.285,2.3982,1.6205,1.6205,1.6205,1.6205,0.8823,1.6205,2.2513,2.2513,2.2513,2.2513,2.2513,2.2547,2.2547,2.2547,2.2547,2.2547,2.2547,2.2547,2.2547,2.2547,2.2547,2.2547,2.2547,2.2547,2.2547,2.2547,2.2547,2.2962,2.2962,2.2929,2.2513,1.6205,1.8495,1.6621,1.6621,1.6621,1.6621,1.6621,1.6621,1.6621
2.2544,2.2544,2.2544,2.2544,2.2544,2.2544,2.2544,2.2544,2.2544,2.2544,2.2544,2.2544,2.2544,2.2544,2.2544,2.2578,2.2578,1.6261,2.2578,2.2578,2.2578,2.2578,2.2578,2.2544,2.2544,2.2544,2.2544,2.2544,1.6227,1.6227,1.6227,1.6227,1.6227,1.068,2.4015,2.4015,2.4015,2.4015,2.4015,2.4015,1.2925,2.4015,2.4015,2.4015,2.4015,2.4015,2.4015,2.4015,2.4015,1.6227,1.0383,2.4015,2.4015,2.2994,2.2994,2.2994,2.2994,2.2994,2.2994,2.2994
1.6283,1.6283,10.0,10.0,10.0,10.0,10.0,10.0,10.0,10.0,10.0,10.0,10.0,2.2609,0.7743,2.2609,2.2609,2.2609,2.2609,2.0765,2.2609,2.2609,1.9667,2.2609,2.2609,1.848,1.6283,1.3245,2.4048,2.4048,2.4048,2.4048,2.4048,1.3579,2.4048,2.4048,2.4048,2.4048,2.4048,2.4048,2.4048,2.4048,2.4048,1.1043,2.4048,2.4048,2.4048,2.4048,2.4048,2.4048,0.8948,2.3025,2.3025,2.3025,2.3025,2.3025,2.3025,2.3025,2.3025,2.3025
2.4081,2.4081,2.4081,2.4081,2.4081,2.4081,2.4081,1.1543,2.4081,2.4081,2.4081,2.4081,2.4081,2.4081,1.6272,1.6272,1.6272,1.6272,2.4081,2.4081,2.4081,0.6977,2.4081,2.4081,0.9678,0.5448,2.4081,2.4081,2.4081,1.3961,2.4081,2.4081,1.6272,2.2606,2.2606,2.2606,2.2606,2.2606,2.2606,2.2606,2.2606,2.2606,2.2606,2.2606,2.2606,2.2606,2.2606,1.7083,2.3057,2.3023,2.3023,2.3023,1.6689,1.5649,0.1833,2.264,2.264,2.0579,1.6689,1.6689
2.2671,2.2671,2.2392,2.2671,2.2671,2.0628,2.2671,2.2671,2.2671,2.2671,2.0931,2.2671,2.2671,0.7091,10.0,10.0,10.0,10.0,10.0,10.0,2.4114,1.6328,1.6328,1.6328,1.6328,1.6328,2.2671,2.2671,2.2671,2.2671,2.2671,2.2671,2.2671,2.2671,2.2637,2.2637,2.2637,2.2637,2.2637,2.2637,2.2637,2.2637,2.2637,2.2637,2.2637,2.2637,2.2637,2.2637,2.2637,2.2637,2.2637,2.2637,2.2671,1.5014,1.6746,1.6746,1.6746,1.6746,1.6746,1.6746
2.2668,2.2702,2.2702,2.2702,2.2702,2.2702,2.2702,2.2702,2.2702,2.2702,2.2702,2.2702,2.2668,2.2668,2.2668,2.2668,2.2668,1.6317,2.0334,2.2668,2.2668,2.2668,2.2668,2.2668,2.2668,2.2702,2.2702,2.2702,2.2702,2.2702,2.2702,2.017,1.6351,1.6351,1.6351,1.3749,2.4148,2.4148,2.4148,2.4148,2.4148,2.4148,2.4148,2.4148,2.4148,2.4148,2.4148,2.4148,2.3121,2.3121,2.2991,1.8256,2.2668,0.5641,2.3087,2.3087,2.3087,2.3087,2.3087,2.3087
2.4181,2.4181,2.4181,1.6339,1.6339,1.6339,1.6339,1.6339,1.6339,1.6339,1.6339,1.6339,1.4061,1.6339,2.2699,2.2699,2.2699,2.2699,2.2699,2.2699,2.2699,2.2699,1.6339,1.6339,1.6339,1.6339,0.8452,1.2817,0.6475,2.4181,2.4181,2.4181,0.9778,2.4181,2.4181,2.4181,2.4181,2.4181,2.4181,1.1776,2.4181,2.4181,2.4181,2.4181,2.4181,2.4181,2.4181,2.4181,2.4181,2.4181,2.4181,2.4181,2.4181,2.3119,2.3119,0.9163,2.2699,2.2699,2.2699,2.3119
1.6396,1.3135,10.0,10.0,10.0,10.0,10.0,10.0,10.0,10.0,10.0,10.0,10.0,10.0,10.0,10.0,1.3622,2.4214,1.6396,1.4581,2.4214,2.4214,2.4214,2.4214,2.4214,1.3152,1.6396,1.6396,2.4214,2.4214,2.4214,1.3733,1.6396,1.6396,2.4214,1.7099,1.6778,1.6581,1.6396,1.6396,1.6396,1.6396,1.6396,1.6396,1.6396,1.6396,1.6396,1.6396,1.6396,1.6396,1.6396,1.2239,1.6816,1.6816,1.6816,1.6816,1.6816,1.6816,1.6816,1.6816
2.4248,1.6384,1.6384,1.6384,1.6384,1.6384,1.6384,1.6384,1.6384,1.6096,1.6384,1.6384,1.6384,1.6384,2.4248,2.4248,2.4248,2.4248,2.4248,2.4248,2.4248,2.4248,2.4248,2.4248,2.4248,2.4248,1.6384,2.2762,2.2762,2.2762,2.2762,2.2762,2.2762,2.2762,2.2796,2.2796,2.2796,2.2796,2.2796,2.2796,2.2796,2.2796,2.2796,2.2796,2.2796,2.2796,2.2796,1.6839,2.3217,2.3183,2.3183,2.2762,1.6805,2.2796,2.2796,2.1344,2.4248,2.4248,2.4248,1.4432
2.4281,2.2794,2.2794,2.2828,2.2828,2.2828,2.2828,2.2828,2.2828,2.2828,2.2828,2.2828,2.2828,2.2828,1.1803,2.2828,1.5623,1.6441,1.6441,1.6441,2.2828,2.2828,2.2828,2.2828,2.2828,2.2828,2.2828,2.2828,2.2794,2.2794,1.6985,2.2794,2.2794,2.2794,1.5421,1.6407,1.6407,1.6407,1.6407,1.6407,1.6407,1.6407,1.6407,1.6407,1.6407,1.6407,1.6407,1.6407,1.6498,1.6657,2.2794,1.9356,2.0523,2.2794,2.3249,2.3249,2.3249,2.3249,2.3249,2.3249
2.286,2.286,1.6799,1.6464,1.6464,1.6464,1.6464,1.6464,1.6464,1.6464,1.6464,1.6464,1.6464,2.286,2.286,2.286,2.286,2.2826,2.286,2.286,2.286,2.286,2.286,2.286,2.286,2.286,1.6639,1.6464,2.4315,2.4315,2.4315,2.4315,1.6464,2.4315,2.4315,2.4315,1.116,2.4315,2.4315,2.4315,2.4315,2.4315,2.4315,2.4315,2.4315,2.4315,2.4315,2.4315,2.4315,2.4315,1.6886,2.3281,2.3281,2.3281,2.3281,2.3281,2.3281,2.3281,2.3281,2.3092
2.4349,0.9362,2.4349,2.4349,2.4349,2.4349,2.4349,2.4349,2.4349,2.4349,2.4349,2.4349,2.4349,2.4349,1.6453,1.9573,2.091,2.2857,1.7012,1.647,0.9483,2.4349,2.4349,2.4349,2.4349,2.4349,0.9663,2.4349,2.4349,2.4349,2.4349,2.4349,2.4349,2.4349,1.6453,1.6453,1.6453,1.6453,1.6453,1.6453,1.6453,1.5677,1.6453,1.6453,1.6453,1.6453,1.6453,1.6453,1.6453,2.4349,2.4349,2.4349,2.3279,1.7151,0.159,1.6875,1.6875,1.6875,1.6875,1.747
2.4383,1.651,1.651,1.651,10.0,10.0,10.0,1.651,1.651,1.651,1.651,1.651,1.4168,10.0,10.0,0.3572,10.0,10.0,10.0,2.4383,2.4383,2.4383,2.4383,2.4383,2.4383,2.4383,1.651,1.651,2.2923,2.2923,2.236,2.2923,2.2923,2.2923,2.2923,2.2923,2.2923,2.2923,2.2923,2.2923,2.2923,2.2923,2.2923,2.2923,2.2923,2.2923,2.2923,2.2923,2.2923,2.2923,2.2923,2.2923,2.2923,2.4383,2.4383,1.6933,1.6933,1.4981,2.4383,2.4383
2.2921,2.2921,2.2921,2.2921,2.2921,2.2921,2.2921,2.2921,2.2921,2.2921,2.2921,2.2921,2.2921,2.2921,1.6499,1.6499,1.5251,1.6499,1.1159,1.6499,1.9745,2.2921,2.1057,1.6499,2.2334,2.2921,2.2921,2.2955,2.2955,2.2955,2.2955,2.2955,2.2955,2.2955,2.2955,2.2955,2.2955,1.9322,1.7207,1.7011,1.6817,1.6624,1.6533,1.6533,1.6533,1.6533,1.6533,1.6533,1.4999,2.3378,2.2759,1.6499,2.2921,2.2955,1.6963,1.6922,1.6922,1.6922,1.7009,2.3344
1.6522,1.6522,2.1628,2.2953,2.2953,2.2953,2.2953,2.2417,2.2953,2.2953,2.095,2.2953,2.2953,2.2953,2.2953,2.2953,2.2987,2.2987,2.0587,2.2987,2.2987,2.2953,2.2953,2.2953,2.2953,2.2953,2.2953,2.2953,1.6522,2.4451,1.4201,2.4451,2.4451,2.4451,0.7767,2.4451,2.4451,2.4451,2.4451,2.4451,2.4451,2.4451,2.4451,1.2938,2.4451,2.4451,2.4451,2.4451,2.4451,2.4451,2.4451,2.4451,2.4451,2.3411,2.3411,2.3411,2.3411,2.2953,2.3411,2.3411
1.6579,10.0,10.0,10.0,10.0,10.0,10.0,1.1659,10.0,10.0,10.0,10.0,10.0,1.6579,1.6579,2.3019,2.1714,2.3019,2.0255,1.6579,1.6579,1.6579,1.6579,1.6579,1.6579,1.6579,1.6579,2.4485,2.4485,2.4485,2.4485,2.4485,2.4485,1.6579,2.4485,2.4485,2.4485,1.2816,2.4485,2.4485,2.4485,2.4485,2.4485,2.4485,2.4485,2.4485,2.4485,2.4485,2.4485,2.4485,2.4485,1.7004,1.7537,2.3444,2.3444,2.3444,2.3444,2.3444,2.273,2.3444
2.4519,2.4519,2.4519,2.4519,2.4519,2.4519,2.4519,2.4519,2.4519,2.4519,1.2204,2.4519,2.4519,2.4519,1.6568,1.3376,2.4519,2.4519,2.4519,2.4519,2.4519,2.4519,2.4519,2.4519,2.4519,2.4519,1.0981,1.6568,1.6568,1.6568,1.5082,1.6568,2.3017,2.3017,2.3017,2.3017,2.3017,2.3017,2.3017,2.3017,2.3017,2.3017,2.3017,2.3017,2.3017,2.3017,2.3017,1.7027,2.3477,2.3442,2.3442,1.7393,1.6568,2.3017,2.3052,2.3052,2.1074,2.4519,2.4519,2.4519
2.3084,2.3084,2.3084,2.3084,2.3084,2.3084,2.3084,2.3084,2.3084,2.3084,2.3084,2.3084,2.3084,2.3084,1.667,1.0395,10.0,10.0,1.1736,10.0,1.6626,1.7204,2.0979,2.2746,2.3084,2.1326,2.3084,2.3084,2.3084,2.3049,2.3049,2.3049,2.3049,2.3049,2.3049,2.3049,1.7126,2.3049,2.3049,2.3049,2.3049,2.3049,2.3049,2.3049,2.3049,2.3049,2.3049,2.3049,2.3049,2.3049,2.3049,2.3049,1.7051,1.7051,1.7051,1.7051,1.7079,1.7051,1.7051,1.7051
2.3116,2.3116,2.3116,2.3116,2.3116,2.3116,2.3116,2.3116,2.3116,2.3116,1.5138,2.3116,2.3082,2.3082,2.3082,2.3082,2.3082,2.3082,2.3082,2.3082,2.3082,2.3116,2.3116,2.3082,2.3116,2.3116,2.3116,2.3116,1.6672,1.6649,1.67,1.7212,1.6649,2.4588,2.4588,2.4588,2.4588,2.4588,2.4588,2.4588,2.4588,2.4588,1.11,2.4588,2.4588,2.4588,2.4588,2.4588,2.4588,1.7075,2.3542,2.3508,2.3508,2.3508,2.3508,2.3508,2.3508,2.3508,2.3508,2.3525
2.4623,2.4623,2.4623,2.4623,2.4623,1.2213,2.4623,2.4623,2.4623,2.4623,2.4623,2.4623,2.4623,2.4623,1.6638,2.3114,2.3114,2.3114,2.3114,2.3114,2.3114,1.6638,1.0205,2.4623,2.4623,2.4623,2.4623,2.4623,2.4623,2.4623,2.4623,2.4623,2.4623,2.4623,2.4623,2.4623,2.4623,2.4623,2.4623,2.4623,2.4623,2.4623,2.4623,2.4623,2.4623,1.4136,2.4623,2.4623,2.4623,2.4623,2.4623,2.4623,2.4623,2.3541,2.3541,1.6638,2.3114,2.3114,2.3149,2.3541
1.6696,10.0,10.0,10.0,10.0,10.0,10.0,10.0,1.1635,10.0,10.0,10.0,10.0,10.0,10.0,1.1928,10.0,2.4657,2.4657,2.4657,2.4657,2.4657,2.4657,2.4657,1.2624,2.4657,2.4657,1.6696,1.6696,1.6696,1.4954,1.6696,1.6696,2.4657,2.3181,2.3181,2.3181,2.3181,2.3181,2.3181,2.3181,2.3181,2.3181,2.3181,2.3181,2.3181,2.3181,2.1979,2.3181,2.3181,2.3181,1.7138,2.4657,2.4657,1.7123,1.7123,1.7123,1.7123,1.7123,2.4657
1.6685,1.6685,2.3179,2.2326,2.3179,2.3179,2.3179,2.3179,2.1539,2.3179,2.3179,2.3179,2.013,1.6685,2.4692,2.4692,2.4692,2.4692,2.4692,2.4692,0.9692,2.4692,2.4692,2.4692,1.4116,1.6685,2.3179,2.3179,2.3179,2.3179,2.3179,2.3214,2.3214,2.3214,2.3214,2.3214,2.3214,2.3214,2.3214,2.3214,2.3214,2.3214,2.3214,2.3214,2.3214,2.3214,2.3214,1.7147,2.3642,2.3607,2.3179,1.6685,1.7113,1.7113,2.3214,2.4692,2.4692,2.4692,2.4692,1.7113
2.4727,2.3212,2.3212,2.3212,2.3212,2.3212,2.3212,2.3212,2.3212,2.3212,2.3212,2.3212,2.3212,2.3212,2.3212,1.6743,0.706,2.1099,2.3247,2.02,2.3247,2.3247,2.3247,2.3247,2.3247,2.3247,2.3212,2.3212,1.9051,1.0792,2.3212,1.7076,1.6708,1.6708,2.4727,2.4727,2.4727,1.3064,2.4727,2.4727,2.4727,2.4727,2.4727,2.4727,2.4727,2.4727,2.4727,1.4553,1.6708,1.6708,1.6708,2.4727,2.3212,2.3675,2.3675,2.3675,2.3675,2.3675,2.3675,2.3675
1.7141,1.6767,1.6767,1.401,10.0,10.0,10.0,10.0,10.0,10.0,10.0,10.0,1.5207,2.328,2.328,2.328,2.328,2.328,2.328,2.328,2.1919,2.328,2.328,2.0837,2.328,2.4762,1.6767,2.4762,2.4762,2.4762,2.4762,2.4762,2.4762,2.4762,2.4762,2.4762,2.4762,2.4762,2.4762,2.4762,2.4762,2.4762,2.4762,2.4762,2.4762,2.4762,2.4762,2.4762,2.4762,2.4762,0.822,2.3709,2.3709,2.3709,2.3709,2.3709,2.3709,2.3709,2.3709,2.3709
2.4797,2.4797,2.4797,2.4797,1.0968,2.4797,2.4797,2.4797,2.4797,2.4797,2.4797,2.4797,2.4797,2.4797,1.6756,1.6756,1.6756,1.6756,1.6756,2.4797,2.4797,2.4797,2.4797,2.4797,2.4797,2.4797,2.4797,2.4797,1.1405,2.4797,2.4797,1.0361,1.6756,1.6756,1.6756,1.7069,1.7401,1.9079,2.3278,2.3278,2.1382,2.3278,2.3278,2.3278,2.3278,2.0547,2.3278,2.0682,2.4797,2.4797,2.3708,2.0335,1.7185,1.6756,0.1667,2.3313,2.3313,2.3313,1.4656,1.7185
2.2088,2.3346,1.6814,1.6814,1.6814,1.6814,1.6802,1.6814,1.6814,1.6814,1.6814,1.6814,1.6814,1.6814,10.0,10.0,1.0262,10.0,10.0,10.0,2.4832,1.6814,1.6814,1.6814,1.6814,1.6814,1.6814,1.9003,2.3346,2.3346,2.3346,2.3346,2.3346,2.3346,2.3346,2.3311,2.3311,2.3311,2.3311,2.3311,2.3311,2.3311,2.3311,2.3311,2.3311,2.3311,2.3311,2.3311,2.3311,2.3311,2.3311,2.3346,2.3346,1.6814,2.4832,1.7245,1.7245,1.7245,2.4832,2.4832
2.3344,2.3344,2.3344,2.3379,2.3379,2.3379,2.3379,2.3379,2.3379,2.3379,2.3379,2.3344,2.3344,2.3344,2.3344,1.7505,1.6852,1.6803,1.6803,2.3344,2.3344,2.3344,2.1005,2.3344,2.3344,2.3379,2.3379,2.3379,2.3379,2.3379,2.3379,2.3379,2.4867,1.6838,1.6838,1.6838,1.6838,1.6838,1.4241,2.4867,2.4867,1.5279,2.4867,2.4867,2.4867,2.4867,2.4867,2.4867,1.402,2.381,2.3344,1.6803,2.3344,0.5204,2.3775,2.3775,2.3775,2.3775,2.3775,2.3775
2.4903,2.4903,1.6827,1.6827,1.6827,1.6827,1.6519,1.6827,1.6827,1.5562,1.6827,1.6827,1.6827,1.6827,2.3377,2.3377,2.3377,2.3412,2.3412,2.3412,2.3377,2.3377,2.3377,1.5619,2.2277,2.3377,1.6827,1.6827,0.6328,2.4903,2.4903,2.4903,2.4903,2.4903,2.4903,2.4903,1.0968,2.4903,2.4903,2.4903,2.4903,2.4903,2.4903,2.4903,2.4903,2.4903,2.4903,2.4903,2.4903,2.4903,2.4903,2.4903,2.4903,2.3809,2.3809,0.751,1.563,2.3377,2.3377,2.3809
10.0,10.0,10.0,10.0,1.1028,10.0,10.0,10.0,10.0,10.0,10.0,10.0,0.4773,10.0,10.0,2.4938,1.6886,1.564,1.6886,1.6886,2.4938,2.4938,2.4938,2.4938,2.4938,2.4938,2.4938,2.4938,2.4938,2.4938,2.4938,2.4938,2.4938,1.6886,1.5596,1.6886,1.6886,1.6886,1.6886,1.6886,1.6886,1.6886,2.4938,2.4938,1.3789,2.4938,2.4938,2.4938,2.4938,2.4938,2.4938,2.4938,1.7318,1.7049,1.7318,1.7647,1.7816,1.7657,1.7318,1.7318
0.9487,2.4974,2.4974,1.3597,2.4974,2.4974,1.4937,2.4974,2.4974,2.4974,2.4974,2.4974,2.4974,1.5263,2.4974,2.4974,1.214,2.4974,2.4974,0.8575,2.4974,2.4974,1.0036,2.4974,2.4974,2.4974,1.6875,1.6875,2.3444,2.0489,2.3444,2.3444,2.3444,2.3444,2.3444,2.3444,2.3444,2.3444,2.3444,2.3444,2.3444,2.3444,2.3444,2.3444,2.3444,2.3444,2.3444,1.7343,2.3912,2.3877,2.3877,1.7308,1.517,2.3479,2.3479,2.3479,2.4974,2.4974,2.4974,2.4974
2.5009,2.3512,2.3512,2.3512,2.3512,2.3512,2.3512,2.3512,2.3512,2.3512,2.3512,2.3512,2.3512,2.3512,2.3512,1.6934,10.0,1.2735,10.0,10.0,1.6934,2.3512,2.3512,2.3512,2.3512,2.3512,2.3512,2.3512,2.3512,2.3477,2.3477,2.3477,2.3477,2.3477,2.3477,1.6899,1.6899,1.6899,1.6899,1.6979,1.7159,1.7338,1.7517,2.3477,2.3477,2.0721,2.3477,2.3477,2.3477,2.3477,2.1544,2.3477,1.7368,1.9333,2.3512,2.3512,2.3946,2.2422,2.0486,1.7766
2.3546,2.3546,2.3546,2.3546,2.3546,1.9738,2.3546,2.3546,2.1948,2.3546,1.9828,0.855,1.9924,2.3546,2.3511,2.3511,2.3511,2.3511,2.3546,2.3546,2.3546,2.3546,2.3546,2.3546,2.3546,2.3546,1.7574,1.6958,2.5045,2.5045,2.5045,1.6958,1.3968,2.5045,2.5045,2.5045,2.5045,2.5045,2.5045,1.0634,2.5045,2.5045,2.5045,2.5045,2.5045,2.5045,2.5045,2.5045,2.5045,2.398,2.398,2.398,2.398,2.3945,2.3945,2.3945,2.3945,2.3945,2.3945,2.2391
2.5081,2.5081,2.5081,2.5081,2.5081,2.5081,2.5081,2.5081,2.5081,2.5081,2.5081,2.5081,2.5081,2.5081,1.6947,1.9492,2.3544,2.3544,2.2948,2.3544,1.6947,2.5081,1.19,2.5081,2.5081,2.5081,2.5081,2.5081,2.5081,2.5081,1.0099,2.5081,2.5081,2.5081,2.5081,1.2845,2.5081,2.5081,1.4807,2.5081,2.5081,2.5081,2.5081,2.5081,2.5081,2.5081,2.5081,2.5081,1.6947,2.5081,2.5081,2.5081,2.2764,2.3979,0.19,1.7382,1.7382,1.7382,1.7989,2.3979
1.7007,2.5117,1.4136,10.0,10.0,1.2484,10.0,10.0,10.0,10.0,10.0,10.0,10.0,10.0,0.8687,0.3379,10.0,10.0,10.0,2.5117,2.5117,2.5117,2.5117,1.3592,2.5117,2.5117,2.5117,1.7007,1.7007,1.7007,1.703,1.7552,2.3613,2.3613,2.3613,2.3613,2.3613,2.3613,2.3613,2.3613,2.3613,2.3613,2.3613,2.3613,2.3613,2.3613,2.3613,2.3613,2.3613,2.3613,2.3613,2.3613,1.1714,2.5117,2.5117,2.5117,2.5117,2.5117,2.5117,2.5117
2.3612,2.3612,2.3612,2.3612,2.3612,2.3612,2.3612,2.3612,2.3612,2.3612,2.3612,2.3612,2.152,1.6996,1.6996,2.5153,2.5153,2.5153,2.5153,1.6996,1.6996,1.6996,1.6126,1.6996,0.8432,1.6404,2.3612,2.3612,2.3647,2.3647,2.3647,2.3647,2.3647,2.3647,2.3647,2.3647,2.3647,2.3647,2.2198,2.3647,2.3647,2.3647,2.3647,2.1442,2.3647,2.3647,2.3647,2.0105,2.4083,2.4048,2.3612,1.6996,1.7656,1.7101,1.7432,1.7432,1.7432,1.7432,1.5819,1.7432
1.7021,2.3646,2.3646,2.3646,2.3646,2.3646,2.3646,2.3646,2.3646,2.3646,2.3646,2.3646,2.3646,2.3646,2.3646,2.3646,2.3681,1.3093,2.3681,2.3681,2.3681,2.3681,2.3646,2.3646,2.3646,2.3646,2.3646,1.2931,1.7021,1.611,2.5189,2.5189,2.5189,1.1117,2.5189,2.5189,2.5189,2.5189,2.5189,2.5189,1.3221,2.5189,2.5189,2.5189,2.5189,2.5189,2.5189,2.5189,2.5189,2.5189,1.3575,2.5189,2.5189,2.4118,2.4118,2.4118,2.4118,2.4118,2.4118,2.4118
1.5626,10.0,10.0,10.0,10.0,10.0,10.0,10.0,10.0,10.0,1.1994,10.0,10.0,1.708,0.7125,2.3715,2.3715,2.3715,2.3715,1.7112,1.708,1.6334,1.708,1.708,1.708,1.708,2.5225,2.5225,2.5225,2.5225,2.5225,2.5225,2.5225,2.5225,2.5225,2.5225,2.5225,2.5225,2.5225,2.5225,1.1267,2.5225,2.5225,2.5225,2.5225,2.5225,2.5225,2.5225,2.5225,2.5225,0.9609,1.7518,2.4153,2.4153,2.4153,2.4153,2.4153,2.4153,2.4153,2.4153
2.5262,2.5262,2.5262,2.5262,2.5262,2.5262,2.5262,1.1315,2.5262,2.5262,2.5262,2.5262,2.5262,2.5262,1.707,2.5262,2.5262,2.5262,2.5262,2.5262,2.5262,0.9127,2.5262,2.5262,2.5262,0.4674,2.5262,0.6183,2.5262,2.5262,2.5262,1.707,1.2444,2.3714,2.3714,2.3714,2.3714,2.3714,2.3714,2.3714,2.3714,2.3714,2.3714,2.3714,2.3714,2.3714,2.3714,1.7543,2.4187,2.4152,2.4152,1.7507,1.707,2.3714,0.1849,2.375,2.375,2.5262,2.5262,2.5262
2.3784,2.3784,2.3784,2.3784,2.3198,2.3784,2.3784,2.3784,2.3784,2.3784,2.3784,2.3784,2.2951,0.6481,1.713,10.0,10.0,10.0,10.0,10.0,2.5298,1.713,1.713,1.713,1.713,1.713,1.9001,2.1766,2.3784,2.3784,2.3784,2.3784,2.3784,2.3748,2.3748,2.3748,2.3748,2.3283,2.3748,2.3748,2.3748,2.3748,2.3748,2.3748,2.3748,2.3748,2.3748,2.3748,2.3748,2.3748,2.3748,2.3748,2.3784,2.3784,1.7568,1.7568,1.7568,1.7568,1.5502,2.5298
2.3818,2.3818,2.3818,2.3818,2.3818,2.3818,2.3818,2.3818,2.3818,2.088,2.3818,2.3818,2.3783,2.3783,2.3783,2.3783,2.3783,2.3783,2.3783,2.3783,2.3783,2.3783,2.3783,2.3783,2.3818,2.3818,2.3818,2.3818,2.3818,2.1231,2.3818,1.7576,1.7155,2.5335,2.5335,1.2996,2.5335,2.5335,2.5335,2.5335,2.5335,2.5335,2.5335,2.5335,2.5335,1.1133,2.5335,2.5335,2.4257,0.9711,2.4257,1.7459,1.1853,0.5637,2.4222,2.4222,2.4222,2.4222,2.4222,2.3964
2.5371,2.5371,1.2199,2.5371,2.5371,2.5371,2.5371,2.5371,2.5371,2.5371,2.5371,2.5371,2.5371,2.5371,1.7268,2.3817,2.3817,2.3817,2.3817,2.3817,2.3817,2.3817,1.7144,1.7144,1.7144,1.7144,2.5371,2.5371,2.5371,2.5371,2.5371,2.5371,0.8104,2.5371,2.5371,2.5371,2.5371,2.5371,2.5371,2.5371,2.5371,2.5371,2.5371,2.5371,2.5371,2.5371,2.5371,2.5371,2.5371,0.8649,2.5371,2.5371,2.5371,2.4257,2.4257,1.7144,2.3817,2.3817,2.3817,2.4257
2.5408,10.0,10.0,10.0,10.0,10.0,10.0,10.0,10.0,10.0,10.0,1.1076,10.0,10.0,10.0,10.0,10.0,2.5408,2.5408,2.5408,2.5408,2.5408,2.5408,2.5408,2.5408,2.5408,2.5408,2.5408,2.5408,2.5408,2.5408,2.5408,2.5408,1.7204,1.7896,1.9524,2.3887,1.776,1.755,1.735,1.7204,1.7204,1.7204,1.7204,1.7204,1.7204,1.7204,1.7204,1.7074,1.7204,1.7204,1.7204,2.5408,2.5408,1.7645,1.7645,1.7645,1.7645,1.7645,2.5408
2.5445,1.7194,1.7194,1.7194,1.7194,1.7194,1.7194,1.7194,1.7194,1.7194,1.7194,1.7194,1.7194,1.7194,2.5445,2.5445,2.5445,2.5445,2.5445,2.5445,2.5445,2.5445,2.5445,1.1197,2.5445,1.4427,2.3636,2.3886,2.3886,2.3886,2.3886,2.3886,2.3922,2.3922,2.3922,2.3922,2.3922,2.3922,2.3922,2.3922,2.3922,2.3922,2.3922,2.3922,2.3922,2.3922,2.3922,1.767,2.4363,2.4327,2.3886,1.7194,1.7635,2.3922,1.3101,1.9664,2.5445,2.5445,2.5445,2.5445
2.5482,2.3921,2.3921,2.3921,2.3921,2.3921,2.3921,2.3921,2.3921,2.3921,2.3921,2.3921,2.3921,2.3921,2.3957,2.3957,0.6756,1.7254,1.7254,1.7254,2.3957,2.3957,2.3957,2.3957,2.3957,2.3957,2.3957,2.3957,2.3921,2.3921,1.7219,2.3921,2.3921,1.7219,1.7219,2.5482,2.5482,2.5482,2.5482,2.5482,2.5482,2.5482,2.5482,1.7219,1.499,1.7219,1.7219,1.7219,1.7219,1.7219,1.7219,1.7219,2.3864,2.3921,2.4399,2.4399,2.4399,2.4399,2.4399,2.4399
2.3992,1.728,1.728,1.728,1.728,1.728,1.4919,1.728,1.728,1.5938,1.728,1.728,1.728,1.3507,2.3992,2.3992,2.3992,2.3992,2.3992,2.3992,2.3992,2.3992,2.3992,2.3992,2.3841,2.5519,1.728,2.5519,1.252,2.5519,2.5519,2.5519,2.5519,2.5519,2.5519,2.5519,2.5519,2.5519,2.5519,2.5519,2.5519,2.5519,2.5519,2.5519,2.5519,2.5519,1.0363,2.5519,2.5519,2.5519,1.7722,2.4434,2.4434,2.4434,2.4434,2.4434,2.4434,2.4434,2.4434,2.2363
2.5557,0.892,2.5557,2.5557,2.5557,2.5557,2.5557,2.5557,2.5557,2.5557,2.5557,2.5557,2.5557,2.5557,2.5557,1.7269,1.7269,1.7269,1.7269,1.5845,2.5557,2.5557,2.5557,0.9601,2.5557,2.5557,2.5557,2.5557,2.5557,2.5557,2.5557,1.1397,2.5557,2.5557,1.7269,1.7269,1.7269,1.7269,1.7269,1.7269,1.7269,1.7269,1.7269,1.7269,1.672,1.7269,1.7269,1.7269,1.1824,2.5557,2.5557,2.5557,1.7712,1.7269,0.1552,1.7712,1.5658,1.7712,1.7712,1.7712
1.792,1.733,1.733,10.0,10.0,10.0,10.0,10.0,10.0,1.4896,10.0,10.0,10.0,10.0,10.0,0.3658,10.0,10.0,10.0,10.0,2.5594,2.5594,1.3923,2.5594,2.5594,2.5594,2.5594,1.733,2.5594,2.4062,2.4062,2.4062,2.4062,2.4062,2.4062,2.4062,2.4062,2.4062,2.4062,2.4062,2.4062,2.4062,2.4062,2.4062,2.4062,2.4062,2.4062,2.4062,2.4062,2.4062,2.4062,2.4062,2.4062,2.5594,2.5594,2.5594,2.5594,2.5594,2.5594,2.5594
2.4061,2.4061,2.4061,2.4061,2.4061,2.4061,2.4061,2.4061,2.4061,2.4061,2.4061,2.4061,2.4061,2.5631,1.7319,1.7319,1.7319,2.5631,1.7319,1.3948,2.3445,2.4061,2.4061,1.409,2.4061,2.4061,2.4097,2.4097,2.4097,2.4097,2.4097,2.4097,2.0647,1.7482,1.7146,1.7355,1.7355,1.7355,1.7355,1.7355,1.7355,1.7355,1.7355,1.7355,1.5421,1.7355,1.7355,2.4541,1.4111,2.4541,2.2049,1.7319,2.2503,2.4097,1.7764,1.7764,1.7764,1.7764,1.7782,2.4505
2.5669,1.7345,1.7345,1.7345,1.7345,1.7345,1.7345,1.7345,1.7345,1.7345,1.7345,1.7345,1.7345,2.4096,2.4096,2.4096,2.4096,2.4132,2.4132,2.4132,2.4132,2.4096,2.4096,2.4096,2.1366,2.4096,2.4096,1.7345,2.5669,2.5669,2.5669,2.5669,2.5669,2.5669,2.5669,2.5669,2.5669,2.5669,2.5669,2.5669,2.5669,2.5669,2.5669,2.5669,2.5669,2.5669,1.1875,2.5669,2.5669,2.5669,2.5669,2.5669,2.5669,2.4541,2.4541,2.4541,1.4477,2.1156,2.4541,2.4541
10.0,10.0,10.0,10.0,10.0,10.0,10.0,10.0,10.0,10.0,10.0,10.0,0.4397,1.0781,1.4457,1.7406,1.7406,1.7406,1.7406,1.7406,1.5136,2.5707,2.5707,1.3764,2.5707,2.5707,1.4907,2.5707,2.5707,1.1535,2.5707,2.5707,2.5707,2.5707,2.5707,2.5707,2.5707,2.5707,2.5707,2.5707,2.5707,2.5707,2.5707,2.5707,2.5707,2.5707,2.5707,1.2477,2.5707,2.5707,2.5707,2.5707,1.7852,1.7852,2.4613,2.4613,2.4613,2.1537,1.8591,1.7852
2.5744,2.5744,2.5744,2.5744,2.5744,2.5744,2.5744,2.5744,2.5744,2.5744,2.5744,2.5744,2.5744,2.5744,2.5744,2.5744,2.5744,2.5744,2.5744,2.5744,2.5744,2.5744,2.5744,2.5744,2.5744,0.985,2.5744,1.451,1.7396,1.7396,1.451,1.7396,2.4167,2.4167,2.4167,2.4167,2.4167,2.4167,2.4167,2.4167,2.4167,2.4167,2.4167,2.4167,2.4167,2.4167,2.4167,1.7878,2.4613,2.4613,2.4613,1.7842,2.4167,2.4203,2.4203,2.4203,1.7693,2.5744,2.5744,2.5744
2.5782,2.4239,2.4239,2.4239,2.4239,2.4239,2.4239,2.4239,2.4239,2.4239,2.4239,2.4239,2.4239,2.4239,2.4239,10.0,10.0,10.0,10.0,10.0,1.5734,1.7458,2.1498,2.4239,2.2798,2.4239,2.4239,2.4239,2.4239,2.4239,2.4203,2.4203,2.4203,2.4203,2.4203,2.0354,1.7421,2.4203,2.4203,2.2591,2.4203,2.4203,2.4203,2.4203,2.335,2.4203,2.4203,2.4203,2.4203,2.4108,2.4203,2.4203,2.4203,1.7904,1.7904,1.7904,1.7904,1.7904,1.7904,1.7904
2.4275,2.4275,2.4275,2.4275,2.4275,2.4275,2.4275,2.4275,2.4275,2.4275,1.7483,2.4275,2.4275,2.4238,2.4238,2.4238,2.4238,2.4238,2.4238,2.4275,2.4275,2.4275,2.4275,2.4275,2.4275,2.4275,2.4275,1.6839,1.7483,1.7483,1.564,1.7483,2.582,2.582,2.582,2.582,2.582,2.582,2.582,2.582,2.582,2.582,1.0903,2.582,2.582,2.582,2.582,2.582,2.582,0.9554,2.4722,2.4722,2.4686,2.4686,2.4686,2.4686,2.4686,2.4686,2.4686,2.2153
2.5858,2.5858,2.5858,2.5858,2.5858,2.5858,2.5858,2.5858,1.1252,2.5858,2.5858,2.5858,2.5858,2.5858,1.7473,2.5858,2.4274,2.4274,2.4274,2.4274,1.8003,1.5277,2.5858,2.5858,2.5858,1.1467,2.5858,2.5858,2.5858,2.5858,2.5858,2.5858,2.5858,2.5858,2.5858,2.5858,2.5858,2.5858,2.5858,2.5858,2.5858,2.5858,2.5858,2.5858,2.5858,1.2919,2.5858,2.5858,2.5858,2.5858,2.5858,2.5858,2.5858,2.4722,2.3873,2.2247,2.1072,2.4274,2.4311,2.4722
2.5897,10.0,10.0,10.0,10.0,10.0,10.0,10.0,1.1481,10.0,10.0,10.0,10.0,10.0,10.0,10.0,10.0,10.0,1.1712,2.5897,2.5897,2.5897,2.5897,2.5897,2.5897,2.5897,2.5897,2.5897,1.7535,1.6744,1.7535,1.7535,1.7535,1.8014,2.2604,2.4346,2.4346,2.4346,2.4346,2.4346,2.4346,2.4346,2.4346,2.4346,2.4346,2.4346,2.4346,2.4346,2.4346,2.4346,2.4346,2.4346,2.5897,2.5897,1.4053,2.5897,2.5897,2.5897,2.5897,2.5897
1.7524,2.4346,2.4346,2.4346,2.4346,2.4346,2.4346,2.4346,2.4346,2.4346,2.4346,2.3434,2.5935,1.7524,2.5935,2.5935,2.5935,2.5935,2.5935,2.5935,2.5935,1.3529,2.5935,2.5935,2.4346,2.4346,2.4346,2.4346,2.4346,2.4346,2.4383,2.4383,2.4383,2.4383,2.4383,2.4383,2.4383,2.4383,2.4383,2.4383,2.4383,2.4383,2.4383,2.4383,2.4383,2.4383,2.4383,1.801,2.4832,2.4796,2.4346,1.7524,1.7974,2.4383,2.284,2.5935,1.335,2.5935,2.5935,2.5935
2.5973,2.4382,2.4382,2.4382,2.4382,2.4382,2.4382,2.4382,2.4382,2.4382,2.4382,2.4382,2.4382,2.4382,2.4382,2.4419,2.2623,1.7587,2.1626,2.3475,2.4419,2.4419,2.4419,2.4419,2.4382,2.4382,2.4382,2.4382,1.755,1.0317,1.755,1.755,1.4887,1.0203,2.5973,2.5973,2.5973,1.3331,2.5973,2.5973,2.5973,2.5973,2.5973,2.5973,2.5973,2.5973,2.5973,2.5973,2.5973,2.5973,0.9839,2.5973,2.5973,2.4869,2.4869,2.4869,2.4869,2.4869,2.4869,2.4869
1.7613,10.0,10.0,1.4018,10.0,10.0,10.0,10.0,10.0,10.0,10.0,10.0,1.4452,2.4223,0.7439,2.4455,2.4455,2.4455,2.4455,2.4455,1.8068,1.7613,1.7613,1.7613,1.7613,1.7613,2.6012,2.6012,2.6012,2.6012,2.6012,2.6012,2.6012,1.2854,2.6012,2.6012,2.6012,2.6012,2.6012,2.6012,2.6012,2.6012,2.6012,1.0139,2.6012,2.6012,2.6012,2.6012,2.6012,2.6012,0.8149,2.3979,2.4906,2.4906,2.4906,2.4906,2.4906,2.4906,2.4906,2.3468
2.6051,2.6051,2.6051,2.6051,2.6051,2.6051,2.6051,2.6051,2.6051,2.6051,2.6051,2.6051,2.6051,2.6051,1.5017,2.6051,2.6051,1.3633,2.6051,2.6051,2.6051,0.6633,2.6051,2.6051,2.6051,0.5493,2.6051,2.6051,2.6051,2.6051,2.6051,1.0258,1.7603,1.7603,1.8156,2.0166,2.4455,2.4455,2.2258,2.4455,2.4455,2.4455,2.4455,2.1623,2.4455,2.4455,2.359,2.6051,2.6051,2.6051,2.4906,1.8054,1.8054,1.426,0.1663,2.4491,2.4491,2.0675,2.6051,2.6051
2.4528,2.4528,1.7698,1.7666,1.7666,1.7666,1.7666,1.7666,1.7666,1.7666,1.7666,1.7666,1.7666,1.7652,10.0,10.0,10.0,10.0,10.0,1.0594,2.6089,1.6019,2.6089,2.6089,1.5637,2.6089,1.7666,1.8061,2.4528,2.4528,2.4528,2.4528,2.4528,2.4528,2.4528,2.4491,2.4491,2.4491,2.4491,2.4491,2.4491,2.4491,2.4491,2.4491,2.4491,2.4491,2.4491,2.4491,2.4491,2.4491,2.4491,2.4491,2.4528,1.5742,2.6089,2.6089,2.6089,2.6089,2.6089,2.6089
2.4528,2.4564,2.4564,2.4564,2.4564,2.4564,2.4564,2.4564,2.4564,2.4564,2.4564,2.4528,2.4528,2.4528,2.1597,2.4528,1.7833,1.5215,1.7655,2.4528,2.4528,2.4528,2.4528,2.4528,2.4564,2.4564,2.4564,2.4564,2.4564,2.4564,2.3548,2.6128,1.7692,2.6128,2.6128,2.6128,2.6128,2.6128,1.3274,2.6128,2.6128,2.6128,2.6128,2.6128,2.6128,2.6128,2.6128,2.6128,1.8145,2.5017,2.4528,1.7655,2.4564,0.515,2.498,2.498,2.498,2.498,2.498,2.4983
2.6167,2.6167,2.6167,2.6167,2.6167,2.6167,2.6167,2.6167,2.6167,1.4617,2.6167,2.6167,2.6167,1.7682,2.6167,2.4564,2.4564,2.4564,2.4564,2.4564,2.4564,2.4564,1.7682,1.7682,1.7682,1.7682,0.695,1.1569,0.5845,2.6167,2.6167,2.6167,2.6167,2.6167,2.6167,2.6167,2.6167,2.6167,2.6167,2.6167,2.6167,2.6167,2.6167,2.6167,2.6167,2.6167,2.6167,2.6167,2.6167,2.6167,2.6167,2.6167,2.6167,2.5018,2.5018,0.7616,1.7682,2.4564,2.4564,2.5018
10.0,1.2242,10.0,10.0,10.0,10.0,10.0,10.0,10.0,10.0,10.0,10.0,0.4974,10.0,10.0,10.0,2.6206,2.6206,2.6206,2.6206,2.6206,2.6206,1.2509,2.6206,2.6206,2.6206,2.6206,2.6206,1.2178,2.6206,2.6206,2.6206,2.6206,2.6206,1.7745,1.7745,1.7745,1.7745,1.6772,1.7745,1.7745,1.4913,2.6206,2.6206,2.6206,2.6206,2.6206,2.6206,2.6206,2.6206,2.6206,1.0546,2.6206,1.8199,1.8199,1.8199,1.8199,1.8199,1.6238,2.6206
2.6246,2.6246,2.6246,2.6246,2.6246,2.6246,1.4386,2.6246,2.6246,1.5618,2.6246,2.6246,2.6246,2.6246,2.6246,2.6246,2.6246,2.6246,2.6246,2.6246,2.6246,2.6246,2.6246,2.6246,2.6246,2.6246,1.7734,2.2755,2.4638,2.4104,2.2388,2.4638,2.4638,2.4638,2.4675,2.4675,2.4675,2.4675,2.4675,2.4675,2.4675,2.4675,2.4675,2.4675,2.4675,2.4675,2.4675,2.513,2.5093,2.5093,2.4638,1.7734,2.4638,2.4675,2.4675,2.0511,2.6246,2.6246,2.6246,1.3643
2.6285,2.4675,2.4712,2.4712,2.4712,2.4712,2.4712,2.4712,2.4712,2.4712,2.4712,2.4712,2.4712,2.4712,1.1645,2.4712,10.0,10.0,10.0,10.0,1.7798,2.0719,2.4712,2.4712,2.4712,2.4712,2.4712,2.4712,2.4712,2.4675,2.4675,2.4675,2.4675,2.4196,1.4743,1.0923,1.7761,1.7761,1.7188,1.7761,1.7761,1.6103,1.7761,1.7761,1.7761,1.7761,1.7761,1.7761,1.7761,1.7761,1.7761,1.3908,1.8254,2.4675,2.4712,2.3418,2.5167,2.5167,2.5167,1.8766
2.4749,1.8492,1.7743,1.7825,1.7825,1.7825,1.7825,1.7825,1.7825,1.7825,1.7825,1.7825,1.7825,2.4749,2.4749,2.4712,2.4712,2.4749,2.4749,2.4749,2.4749,2.4749,2.4749,2.4749,2.4749,2.6325,1.7825,2.6325,2.6325,2.6325,2.6325,2.6325,1.5104,2.6325,2.6325,2.6325,2.6325,2.6325,2.6325,2.6325,2.6325,2.6325,2.6325,2.6325,2.6325,2.6325,2.6325,2.6325,2.6325,2.6325,2.5205,2.5205,2.5205,2.5205,2.5205,2.5205,2.5205,2.5205,2.5205,2.1517
2.6364,2.6364,2.6364,2.6364,2.6364,2.6364,2.6364,2.6364,2.6364,2.6364,2.6364,1.0382,2.6364,2.6364,2.6364,1.7815,1.8178,1.7815,1.7815,1.7815,2.6364,2.6364,2.6364,2.6364,2.6364,2.6364,0.8702,0.896,2.6364,2.6364,2.6364,2.6364,2.6364,0.7184,2.6364,2.6364,2.6364,2.6364,1.3638,2.6364,2.6364,1.554,2.6364,2.6364,2.6364,2.6364,2.6364,2.6364,1.5004,2.6364,2.6364,2.6364,1.8952,1.8271,0.1476,1.8271,1.8271,1.8271,1.8271,1.8271
1.7879,2.6404,1.3267,10.0,10.0,10.0,10.0,10.0,10.0,10.0,10.0,10.0,1.4155,10.0,10.0,0.3223,10.0,0.9884,10.0,2.6404,1.3084,2.6404,2.6404,2.6404,2.6404,2.6404,2.6404,2.6404,1.8171,1.8021,1.8202,2.4824,2.4824,2.4824,2.4824,2.4824,2.4824,2.4824,2.4824,2.4824,2.4824,2.4824,2.4824,2.4824,2.4824,2.4824,2.4824,2.4824,2.4824,2.4824,2.4824,2.4824,1.7879,2.6404,2.6404,2.6404,2.6404,2.6404,2.6404,2.6404
2.4824,2.4824,2.4824,2.4824,2.4824,2.4824,2.4824,2.4824,2.4824,2.4824,2.4824,2.4824,2.4824,1.7868,2.6444,2.6444,2.6444,2.6444,1.0308,1.5528,1.7868,1.7868,1.7868,1.7868,1.7868,2.4824,2.4824,2.4861,2.4861,2.4861,2.4861,2.4861,2.4861,2.3054,1.8435,1.8087,1.7906,1.7906,1.7906,1.7906,1.7906,1.7906,1.7906,1.7906,1.7906,1.7906,1.7906,1.7906,2.5319,2.512,2.4824,2.4824,1.8327,1.8327,1.8327,1.8327,1.8327,1.8327,1.8327,1.8327
1.7895,1.7895,2.0479,2.4861,2.2369,2.4861,2.4861,2.4861,2.4861,2.31,2.4861,2.4861,2.1313,2.4861,2.4861,2.4861,2.4899,2.4899,1.8065,2.4899,2.4899,2.4899,2.4861,2.4861,2.4861,2.4861,2.4861,1.3068,1.5682,2.6484,1.2644,2.6484,2.6484,2.6484,0.6827,2.6484,2.6484,2.6484,2.6484,2.6484,2.6484,2.6484,2.6484,1.1556,2.6484,2.6484,2.6484,2.6484,2.6484,2.6484,1.2781,2.6484,2.6484,2.6484,2.5358,2.5358,2.5358,2.5358,2.5358,2.5358
1.5684,10.0,10.0,10.0,10.0,10.0,10.0,10.0,10.0,10.0,10.0,10.0,10.0,10.0,1.796,1.8144,2.4936,2.3026,2.6524,1.796,2.6524,2.6524,2.6524,2.6524,1.5583,2.6524,2.6524,2.6524,2.6524,2.6524,2.6524,2.6524,2.6524,2.6524,2.6524,2.6524,2.6524,1.241,2.6524,2.6524,2.6524,2.6524,2.6524,2.6524,2.6524,2.6524,2.6524,2.6524,2.6524,2.6524,2.6524,1.8419,1.8419,2.1958,2.3633,2.5275,2.5396,2.5396,2.5396,2.2148
2.6564,2.6564,2.6564,2.6564,2.6564,2.6564,2.6564,2.6564,2.6564,2.6564,1.1158,2.6564,2.6564,2.6564,2.6564,2.6564,2.6564,2.6564,1.2585,2.6564,2.6564,2.6564,2.6564,2.6564,2.6564,0.4801,2.6564,2.6564,2.6564,2.6564,1.4637,1.795,2.4937,2.4937,2.4937,2.4937,2.4937,2.4937,2.4937,2.4937,2.4937,2.4937,2.4937,2.4937,2.4937,2.4937,2.239,2.5434,2.5397,2.5397,2.5397,1.841,1.795,2.4937,0.1894,1.2408,2.0919,2.6564,2.6564,2.6564
2.6604,2.5012,2.5012,2.5012,2.5012,2.5012,2.5012,2.5012,2.5012,2.5012,2.5012,2.5012,2.5012,2.5012,1.8014,0.9921,10.0,10.0,1.1893,10.0,10.0,1.8014,1.8014,1.8014,1.8014,1.8014,2.6604,2.5012,2.5012,2.5012,2.5012,2.5012,2.4975,2.4975,2.4975,2.4975,1.7977,2.4975,2.4975,2.4975,2.4975,2.4975,2.4975,2.4975,2.4975,2.4975,2.4975,2.4975,2.4975,2.4975,2.4975,2.4975,2.4975,2.5012,2.1148,1.8475,1.7304,1.8475,2.6604,2.6604
2.505,2.505,2.505,2.505,2.505,2.505,2.505,2.505,2.505,2.505,1.4056,2.505,2.5013,2.5013,2.5013,2.5013,2.5013,2.5013,2.5013,2.5013,2.5013,2.5013,2.5013,2.5013,2.505,2.505,2.505,1.8042,1.7917,1.8042,1.8042,1.8042,2.6645,2.6645,2.6645,2.6645,2.6645,2.6645,2.6645,2.6645,2.6645,2.6645,2.6645,2.6645,2.6645,2.6645,2.6645,2.6645,2.5512,0.9142,2.5512,1.8004,1.2018,2.5474,2.5474,2.5474,2.5474,2.5474,2.5474,2.237
2.6685,2.6685,2.6685,2.6685,2.6685,1.1753,2.6685,2.6685,2.6685,2.6685,2.6685,2.6685,2.6685,2.6685,1.8032,2.6685,2.5051,2.5051,2.5051,2.5051,2.5051,1.3412,0.9403,2.6685,1.3092,2.6685,2.6685,2.6685,2.6685,2.6685,2.6685,2.6685,0.7983,2.6685,2.6685,2.6685,2.6685,2.6685,2.6685,2.6685,2.6685,2.6685,1.162,2.6685,2.6685,2.6685,2.6685,2.6685,2.6685,0.8631,2.6685,2.6685,2.6685,2.5513,2.5513,1.8032,2.5051,2.5051,2.5051,2.5312
2.6726,10.0,10.0,10.0,10.0,10.0,10.0,10.0,10.0,10.0,10.0,10.0,10.0,10.0,10.0,1.0242,10.0,10.0,2.6726,2.6726,2.6726,1.1974,2.6726,2.6726,2.6726,2.6726,2.6726,1.4983,2.6726,2.6726,1.4311,2.6726,2.6726,1.8097,1.8135,2.5126,2.5126,2.5126,2.5126,2.1631,2.5126,1.8665,1.8448,1.8232,1.8097,1.8097,1.8097,1.8097,1.8097,1.8097,1.8097,1.8097,2.6726,2.6726,2.6726,2.6726,1.6092,2.6726,2.6726,2.6726
2.6767,1.8087,1.7408,1.8087,1.8087,1.8087,1.8087,1.8087,1.8087,1.8087,1.8087,1.8087,1.8087,2.6767,2.6767,2.6767,2.6767,2.6767,2.6767,2.6767,1.069,2.6767,2.6767,2.6767,2.6767,1.8087,1.0122,2.5127,2.5127,2.5127,2.5127,2.5165,2.5165,2.5165,2.5165,2.5165,2.5165,2.5165,2.5165,2.5165,2.5165,2.5165,2.5165,2.5165,2.5165,2.5165,2.5165,1.8588,2.5591,2.5591,2.5127,1.8039,2.5165,2.5165,2.5165,1.8124,2.6767,2.6767,2.6767,2.6767
2.6808,2.5166,2.5166,2.5166,2.5166,2.5166,2.5166,2.5166,2.5166,2.5166,2.5166,2.5166,2.5166,2.5166,2.5203,1.8152,0.6562,1.8152,1.7021,1.8152,2.5203,2.5203,2.5203,2.5203,2.5203,2.5203,2.5203,2.5166,2.5166,1.8317,1.8114,1.8114,1.8114,2.6808,2.6808,2.6808,2.6808,2.6808,2.6808,2.6808,2.6808,2.6808,2.6808,2.6808,2.6808,2.6808,2.6808,1.3952,2.6808,2.6808,2.6808,1.6999,2.2683,2.5166,2.5668,2.5668,2.5668,2.5668,2.5668,2.5668
1.818,10.0,10.0,10.0,10.0,10.0,1.4093,10.0,10.0,10.0,10.0,10.0,1.818,1.3316,2.5242,2.5242,2.5242,2.5242,2.5242,2.5242,2.5242,2.5242,2.1034,2.5242,2.2309,1.818,2.6849,2.6849,2.6849,2.6849,2.6849,1.2042,2.6849,2.6849,2.6849,2.6849,2.6849,2.6849,2.6849,2.6849,2.6849,2.6849,2.6849,10.0,10.0,2.6849,0.9311,2.6849,2.6849,2.6849,0.8195,2.5707,2.5707,2.5707,2.5707,2.5707,2.5707,2.5707,2.5707,2.1925
2.689,2.689,2.689,2.689,1.0433,2.689,2.689,2.689,2.689,2.689,2.689,2.689,2.689,2.689,2.689,2.689,1.5545,2.689,2.689,2.689,1.1533,2.689,2.689,2.689,2.689,2.689,2.689,2.689,1.0752,2.689,2.689,1.0069,2.689,2.689,1.6148,1.817,1.817,1.817,1.817,1.817,1.817,1.817,1.817,1.817,1.817,1.817,1.817,1.817,2.689,2.689,2.689,1.8715,1.8636,1.817,0.1533,2.5281,2.5281,2.5281,2.5281,2.689
1.8674,1.8236,1.8236,10.0,10.0,10.0,1.5565,10.0,10.0,10.0,10.0,10.0,10.0,10.0,10.0,10.0,10.0,10.0,10.0,10.0,2.6932,2.6932,2.6932,2.6932,2.6932,1.3541,2.6932,1.8236,2.1234,2.532,2.532,2.532,2.532,2.532,2.532,2.532,2.5282,2.5282,2.5282,2.5282,2.5282,2.5282,2.5282,2.5282,2.5282,2.5282,2.5282,2.5282,2.5282,2.5282,2.532,2.532,2.532,2.532,2.6932,1.4072,2.6932,2.6932,2.6932,2.6932
2.5321,2.5321,2.5321,2.5321,2.5321,2.5321,2.5321,2.5321,2.5321,2.5321,2.5321,2.5321,2.5321,2.6973,1.8226,1.8226,1.8226,1.5612,1.8226,2.5321,2.5321,2.5321,2.5321,2.5321,2.5321,2.5359,2.5359,2.5359,2.5359,2.5359,2.5359,2.5359,1.8264,1.8264,2.6973,2.6973,2.6973,2.6973,2.6973,2.6973,2.6973,1.3573,2.6973,2.6973,2.6973,2.6973,2.6973,2.5826,1.2543,2.5593,2.1624,2.5321,2.5359,0.5508,1.8935,1.8693,1.8693,1.8693,1.8986,2.1955
2.7015,2.7015,2.7015,2.7015,1.8254,1.8254,1.5556,1.8254,1.8254,1.8254,2.7015,2.7015,2.7015,1.8254,2.536,2.536,2.536,2.536,2.5398,2.5398,2.536,2.536,2.536,1.8254,2.536,2.2386,1.8254,1.8254,2.7015,2.7015,2.7015,1.0906,2.7015,2.7015,2.7015,2.7015,1.0301,2.7015,2.7015,2.7015,2.7015,2.7015,2.7015,2.7015,2.7015,2.7015,2.7015,2.7015,2.7015,2.7015,2.7015,2.7015,2.7015,2.7015,2.5828,0.7274,1.3495,2.0812,2.536,2.5828
10.0,10.0,10.0,10.0,1.0404,10.0,10.0,10.0,10.0,10.0,10.0,10.0,0.429,1.0867,10.0,2.7056,2.7056,2.7056,1.832,2.7056,2.7056,2.7056,2.7056,2.7056,2.7056,2.7056,2.7056,2.7056,2.7056,2.7056,2.7056,2.7056,2.7056,2.7056,1.4984,2.7056,2.7056,2.7056,2.7056,2.7056,2.7056,2.7056,2.7056,2.7056,1.3483,2.7056,2.7056,1.195,2.7056,2.7056,2.7056,2.7056,2.7056,1.8789,1.8789,1.8527,1.8789,1.8789,1.8789,1.8789
0.857,2.7098,2.7098,1.2282,2.7098,2.7098,2.7098,2.7098,2.7098,2.7098,2.7098,2.7098,2.7098,1.4173,2.7098,2.7098,2.7098,2.7098,2.7098,0.8676,2.7098,2.7098,0.9517,2.7098,2.7098,2.7098,2.7098,1.8311,1.8311,1.8311,1.8311,1.6659,2.5438,2.5438,2.5438,2.5438,2.5438,2.5438,2.5438,2.5438,2.5438,2.5438,2.5438,2.5438,2.5438,2.5438,2.5946,2.5946,2.5908,2.5908,2.5438,1.8311,2.5438,2.5476,2.5476,2.5476,1.7991,2.7098,2.7098,2.7098
2.714,2.5516,2.5516,2.5516,2.5516,2.5516,2.5516,2.5516,2.5516,2.5516,2.5516,2.5516,2.5516,2.5516,2.5516,1.8377,10.0,1.2821,10.0,10.0,10.0,1.8377,2.5516,2.5019,2.5516,2.5516,2.5516,2.5516,2.5516,2.5516,2.5478,2.5478,2.5478,2.5478,2.5478,1.8339,1.8339,1.8339,1.8339,1.8339,1.8339,1.8339,1.8339,1.8339,1.8339,1.8339,1.8339,1.8507,1.8687,1.8866,2.5478,2.5478,2.5478,1.8847,1.8847,1.8847,1.8847,1.8847,1.8847,1.8298
2.5555,2.3287,2.5555,2.0698,1.8783,1.8774,1.8766,1.8808,1.8851,1.8898,1.8946,0.8122,2.5555,2.5517,2.5517,2.5517,2.5517,2.5517,2.5555,2.5555,2.5555,2.5555,2.5555,2.5555,2.5555,2.1746,1.8406,2.7182,2.7182,2.7182,2.7182,2.7182,1.3251,2.7182,2.7182,2.7182,2.7182,2.7182,2.7182,1.0088,2.7182,10.0,10.0,2.7182,2.7182,2.7182,2.7182,2.7182,2.7182,2.6026,2.6026,2.6026,2.5988,2.5988,2.5988,2.5988,2.5988,2.5988,2.5988,2.1116
2.7225,2.7225,2.7225,2.7225,2.7225,2.7225,2.7225,2.7225,1.0544,2.7225,2.7225,2.7225,2.7225,2.7225,2.7225,1.8396,2.2933,2.4186,2.5557,2.2975,1.8396,2.7225,1.0349,2.7225,2.7225,1.168,2.7225,2.7225,2.7225,2.7225,2.7225,2.7225,2.7225,2.7225,2.7225,1.1712,2.7225,2.7225,2.7225,2.7225,2.7225,2.7225,2.7225,2.7225,2.7225,2.7225,2.7225,2.7225,2.7225,2.7225,2.7225,2.7225,2.7225,1.904,1.8396,1.8868,1.8868,1.8868,1.8868,1.9394
2.7267,2.7267,10.0,10.0,10.0,1.1431,10.0,10.0,10.0,10.0,10.0,10.0,10.0,10.0,0.7894,0.3507,10.0,10.0,10.0,2.7267,2.7267,2.7267,2.7267,2.7267,2.7267,2.7267,2.7267,2.7267,1.8463,1.8463,1.8463,1.8463,1.8463,1.8831,2.5635,2.5635,2.5635,2.5635,2.5635,2.5635,2.5635,2.5635,2.5635,2.5635,2.5635,2.5635,2.5635,2.5635,2.5635,2.5635,2.5635,2.5635,1.3198,2.7267,2.7267,2.7267,2.7267,2.7267,2.7267,1.2955
1.8453,2.5636,2.5636,2.5636,2.5636,2.5636,2.5636,2.5636,2.5636,2.5636,2.5636,2.5636,1.9044,2.7309,2.7309,1.2842,2.7309,2.7309,1.1614,2.7309,2.7309,2.7309,1.575,2.7309,0.7926,1.6022,2.5636,2.5636,2.5636,2.5636,2.5675,2.5675,2.5675,2.5675,2.5538,2.5675,2.3514,2.5675,2.5675,2.485,2.5675,2.2269,2.5675,2.5675,2.4157,2.5675,2.1555,1.8965,2.6148,2.5636,2.5636,1.897,1.8927,2.5675,2.1776,2.7309,2.7309,2.7309,1.515,2.7309
1.8482,2.3776,2.5676,2.5676,2.5676,2.5676,2.5676,2.5676,2.5676,2.5676,2.5676,2.5676,2.5676,2.5676,2.5676,2.5676,2.5715,1.2634,2.4844,2.5715,2.5715,2.5715,2.5715,2.5676,2.5676,2.5676,2.5676,2.5676,2.5676,1.4444,2.7352,2.7352,2.7352,0.9479,2.7352,2.7352,2.7352,2.7352,2.7352,2.7352,1.1472,2.7352,2.7352,2.7352,2.7352,2.7352,2.7352,2.7352,2.7352,2.7352,0.9304,2.7352,2.7352,2.7352,2.6189,2.6189,2.6189,2.6189,2.6189,2.6189
10.0,10.0,10.0,10.0,10.0,10.0,10.0,10.0,10.0,10.0,10.0,10.0,10.0,1.8549,0.6854,2.5755,2.5755,2.5755,2.1415,1.8549,1.8549,1.8549,2.7395,2.7395,2.7395,2.7395,2.7395,2.7395,2.7395,2.7395,1.1029,2.7395,2.7395,1.2357,2.7395,2.7395,2.7395,2.7395,2.7395,2.7395,1.1458,2.7395,2.7395,2.7395,10.0,2.7395,2.7395,2.7395,2.7395,2.7395,0.8856,1.9024,2.623,2.623,2.623,2.623,2.623,2.623,2.623,2.3516
2.7438,2.7438,2.7438,2.7438,2.7438,2.7438,2.7438,1.0479,2.7438,2.7438,2.7438,2.7438,2.7438,2.7438,1.5942,2.7438,2.7438,2.7438,2.7438,2.7438,2.7438,0.6645,2.7438,2.7438,0.8705,0.4694,2.7438,2.7438,2.7438,1.2029,2.7438,2.7438,1.854,1.854,2.5757,2.5757,2.312,2.5757,2.5757,2.5045,2.5757,2.5757,2.5757,2.5757,2.4412,2.5757,2.4872,1.7337,2.6232,2.6232,2.4078,1.9016,1.854,2.5757,0.1682,2.5795,2.5795,1.8579,2.7438,2.7438
2.7481,2.4667,1.9307,1.8749,1.8608,1.8608,1.8608,1.8608,1.8608,1.8608,1.8608,1.8608,1.8608,0.6014,10.0,10.0,10.0,10.0,10.0,10.0,10.0,2.7481,2.7481,2.7481,2.7481,2.7481,1.8608,1.866,2.5836,2.5836,2.5836,2.5836,2.5836,2.5836,2.5797,2.5797,2.5797,2.5797,2.5797,2.5797,2.5797,2.5797,2.5797,2.5797,2.5797,2.5797,2.5797,2.5797,2.5797,2.5797,2.5797,2.5797,2.5836,1.3528,2.5836,2.7481,2.7481,2.7481,1.55,2.7481
2.5877,2.5877,2.5877,2.5877,2.5877,2.5877,2.5877,2.5877,2.5877,2.5877,2.5877,2.5838,2.5838,2.5838,2.4673,2.2706,1.931,1.8598,2.5838,2.5838,2.5838,2.5838,2.5838,2.5838,2.5877,2.5877,2.5877,2.3355,2.1429,1.9414,2.2648,1.8637,2.7524,2.7524,2.7524,1.2137,2.7524,2.7524,2.7524,2.7524,2.7524,2.7524,2.7524,2.7524,2.7524,1.0802,2.7524,2.7524,1.9761,0.9339,2.6315,1.7169,1.1549,0.5162,2.6315,2.6315,2.6315,2.6315,2.6315,2.308
2.7567,2.7567,1.1885,2.7567,2.7567,2.7567,2.7567,2.7567,2.7567,2.7567,2.7567,2.7567,1.2759,2.7567,1.8627,2.5878,2.5878,2.5878,2.5878,2.5878,2.5878,2.5878,1.8627,1.4934,2.7567,2.7567,2.7567,2.7567,0.5972,2.7567,2.7567,2.7567,0.873,2.7567,2.7567,2.7567,2.7567,2.7567,2.7567,1.0671,2.7567,2.7567,2.7567,2.7567,2.7567,2.7567,2.7567,2.7567,2.7567,0.7996,2.7567,2.7567,2.7567,2.7567,2.6356,2.6356,1.8864,2.5878,2.5878,2.5878
10.0,1.1875,10.0,10.0,10.0,10.0,10.0,10.0,10.0,10.0,10.0,10.0,10.0,10.0,10.0,10.0,1.2767,2.7611,2.7611,1.3155,2.7611,2.7611,2.7611,2.7611,2.7611,2.7611,2.7611,2.7611,2.7611,2.7611,2.7611,2.7611,2.7611,2.7611,1.8696,1.8696,1.8696,1.8696,1.6447,1.8696,1.8696,1.8696,1.8696,2.7611,2.7611,2.7611,2.7611,2.7611,1.6679,2.7611,2.7611,1.2671,2.7611,2.7611,2.7611,2.7611,2.7611,2.7611,2.7611,2.7611
2.7654,2.7654,2.7654,2.7654,2.7654,2.7654,2.7654,2.7654,2.7654,1.5027,2.7654,2.7654,2.7654,2.7654,2.7654,2.7654,2.7654,2.7654,2.7654,2.7654,2.7654,2.7654,2.7654,1.1247,2.7654,2.7654,1.7685,2.596,2.5043,2.596,2.596,2.596,2.596,2.5999,2.5999,2.5999,2.5999,2.5999,2.5999,2.5999,2.5999,2.5999,2.5999,2.5999,2.5999,2.5999,2.6478,2.6478,2.6439,2.6439,2.596,1.9166,2.5999,2.5999,1.359,1.8725,2.7654,2.7654,2.7654,2.7654
2.7698,2.7698,2.6001,2.6001,2.6001,2.6001,2.6001,2.6001,2.6001,2.6001,2.6001,2.6001,2.6001,2.604,1.0816,2.604,1.367,10.0,10.0,1.4659,1.8755,2.604,2.5997,2.604,2.604,2.604,2.604,2.604,2.6001,2.6001,1.5434,2.5181,2.6001,1.8716,1.4396,2.7698,2.7698,2.7698,2.7698,2.7698,2.7698,1.5507,2.7698,2.7698,2.7698,2.7698,2.7698,2.7698,2.7698,2.7698,2.7698,1.8716,1.9235,2.4409,2.3285,2.604,2.604,2.652,2.583,2.4228
1.8784,1.8784,10.0,10.0,10.0,10.0,10.0,10.0,10.0,1.4903,10.0,1.8784,2.6081,2.6081,2.6081,2.6081,2.6081,2.6081,2.6081,2.6081,2.6081,2.6081,2.6081,2.6081,2.6081,1.8784,2.7742,2.7742,2.7742,2.7742,2.7742,2.7742,2.7742,2.7742,2.7742,2.7742,1.0072,2.7742,2.7742,2.7742,2.7742,10.0,10.0,10.0,10.0,2.7742,2.7516,2.6699,2.7742,2.7742,1.9265,2.6562,2.6562,2.6562,2.6562,2.6562,2.6562,2.6562,2.6562,2.0917
2.7786,0.843,2.7786,2.7786,2.7786,2.7786,2.7786,2.7786,2.7786,2.7786,2.7786,2.7786,2.7786,2.7786,2.7786,1.8338,1.8775,1.8775,2.7786,2.7786,0.8477,2.7786,2.7786,2.7786,2.7786,2.7786,2.7786,2.7786,2.7786,2.7786,2.7786,2.7786,2.7786,2.7786,2.7786,2.7786,2.7786,2.7786,2.7786,2.7786,2.7786,1.4567,2.7786,2.7786,1.6123,2.7786,2.7786,2.7786,1.1297,2.7786,2.7786,2.7786,1.9257,1.8849,0.1445,2.6084,1.4369,2.6123,2.6123,1.9257
1.8844,2.783,2.783,10.0,10.0,10.0,10.0,10.0,10.0,10.0,10.0,10.0,1.3113,10.0,10.0,0.3305,10.0,10.0,10.0,10.0,2.783,2.783,2.783,2.783,2.783,2.783,2.783,2.783,1.8844,2.3071,2.6164,2.1862,2.3862,2.6073,2.6164,2.6164,2.6164,2.6164,2.6164,2.6164,2.6164,2.6164,2.6164,2.6164,2.6164,2.6164,2.6164,2.6164,2.6164,2.6164,2.6164,2.6164,2.6164,2.783,2.783,2.783,2.783,2.783,2.783,2.783
2.6167,2.6167,2.6167,2.6167,2.6167,2.6167,2.6167,2.6167,2.6167,2.6167,2.6167,2.6167,2.2503,1.8835,2.7874,2.7874,1.39,2.7874,2.7874,1.3592,1.8835,1.8835,1.8835,1.8835,1.8835,2.6167,2.6206,2.6206,2.6206,2.6206,2.6206,2.5846,2.7874,1.8874,1.8874,1.8874,1.8874,1.7668,1.8874,2.7874,2.7874,2.7874,2.7874,2.7874,1.4936,2.7874,2.7225,2.6689,1.3134,2.6167,2.0638,2.6167,1.9318,1.9318,1.9318,1.674,2.7874,1.9318,1.9318,1.9318
2.7919,2.7919,1.8865,1.8865,1.8865,1.8865,1.8865,1.8865,1.8865,1.8865,1.8638,1.8865,1.8865,1.8865,2.6208,2.6208,2.6208,2.6248,1.8904,2.467,2.6248,2.6248,2.6208,2.6208,2.6208,2.6208,2.6208,1.8865,2.7919,2.7919,2.7919,2.7919,2.7919,2.7919,0.7324,2.7919,2.7919,2.7919,2.7919,2.7919,2.7919,2.7919,2.7919,2.7919,2.7919,2.7919,2.7919,2.7919,2.7919,2.7919,2.7919,2.7919,2.7919,2.7919,2.6732,2.6692,2.6692,2.6692,2.6208,2.6732
10.0,10.0,10.0,10.0,10.0,10.0,10.0,1.0455,10.0,10.0,10.0,10.0,10.0,10.0,10.0,1.6632,1.8934,1.8934,1.8934,2.7963,2.7963,2.7963,2.7963,2.7963,2.7963,2.7963,2.7963,2.7963,2.7963,2.7963,2.7963,2.7963,2.7963,2.7963,2.7963,2.7963,2.7963,1.1823,2.7963,2.7963,2.7963,2.7963,2.7963,2.7963,2.7963,2.7963,2.7963,2.7963,2.7963,2.7963,2.7963,2.7963,1.9419,1.9419,1.9419,1.9419,1.9583,1.9419,1.9419,1.9419
2.8008,2.8008,2.8008,2.8008,2.8008,2.8008,2.8008,2.8008,2.8008,2.8008,2.8008,2.8008,2.8008,2.8008,2.8008,1.3051,2.8008,2.8008,2.8008,2.8008,2.8008,2.8008,2.8008,2.8008,2.8008,2.8008,0.9658,1.387,2.8008,2.8008,1.3857,1.8925,2.6292,2.6292,2.6292,2.6292,2.6292,2.6292,2.6292,2.6292,2.6292,2.6292,2.6292,2.6292,2.6292,2.6292,2.6817,2.6817,2.6778,2.6778,2.6432,2.6292,2.6292,2.6332,2.6332,2.6332,1.8965,2.8008,2.8008,2.8008
2.8053,2.6374,2.6374,2.6374,2.6374,2.6374,2.6374,2.6374,2.6374,2.6374,2.6374,2.6374,2.6374,2.6374,1.8995,10.0,10.0,10.0,10.0,10.0,10.0,2.8053,1.8995,1.8995,1.8995,1.8995,2.6374,2.6374,2.6374,2.6374,2.6334,2.6334,2.6334,2.6334,2.6334,1.969,1.5746,2.6334,2.6334,2.6334,2.6334,2.3332,2.6334,2.6334,2.6334,2.6334,2.4028,2.6334,2.6334,2.6334,2.6334,2.6334,2.6334,2.6374,1.8421,2.6374,1.9481,2.8053,2.8053,2.8053
2.6416,2.6416,2.6416,2.6416,2.6416,2.6416,2.6416,2.5561,2.6416,2.6416,1.9025,2.6416,2.6377,2.6377,2.6377,2.5953,2.6377,2.6377,2.6377,2.6416,2.6416,2.6416,2.6416,2.6416,2.6416,2.4264,1.9025,1.9025,2.8098,2.8098,2.8098,2.8098,2.8098,2.8098,2.8098,2.8098,2.8098,2.8098,2.8098,2.8098,10.0,10.0,0.9933,2.8098,2.8098,2.8098,2.8098,2.8098,2.8098,0.9172,2.6903,2.6864,2.6864,2.6864,2.6864,2.6864,2.6864,2.6864,2.6864,2.1135
2.8143,2.8143,2.8143,2.8143,2.8143,1.1199,2.8143,2.8143,2.8143,2.8143,2.8143,2.8143,2.8143,2.8143,2.8143,1.9017,2.6419,2.6419,2.6419,2.6419,1.9174,1.4357,0.9354,2.8143,2.8143,2.8143,2.8143,2.8143,2.8143,2.8143,2.8143,2.8143,2.8143,2.8143,2.8143,2.8143,2.8143,2.8143,2.8143,2.8143,2.8143,2.8143,2.8143,2.8143,2.8143,1.192,2.8143,2.8143,2.8143,2.8143,2.8143,2.8143,2.8143,2.4154,2.6907,1.9017,2.0064,2.0286,2.4703,2.6458
2.8188,10.0,10.0,10.0,10.0,10.0,10.0,10.0,1.0647,10.0,10.0,10.0,10.0,10.0,10.0,10.0,10.0,10.0,1.0692,2.8188,2.8188,2.8188,2.8188,2.8188,1.1445,2.8188,2.8188,2.8188,2.8188,2.8188,2.8188,2.8188,2.8188,1.9087,1.9087,2.6501,2.4035,2.6501,2.4436,2.6501,2.6501,2.2762,2.6501,2.5109,2.6501,2.6501,2.3253,1.9767,1.9521,1.9274,1.9087,1.9087,2.8188,2.8188,1.3459,2.8188,2.8188,2.8188,2.8188,2.8188
2.8234,1.9078,1.9078,1.9078,1.9078,1.9078,1.9078,1.9078,1.9078,1.9078,1.9078,1.9078,1.9078,2.8234,2.8234,2.8234,2.8234,2.8234,2.8234,2.8234,0.8001,1.3432,2.8234,2.8234,1.2376,1.9078,2.6504,2.6504,2.6504,2.6504,2.6544,2.6544,2.6544,2.6544,2.6544,2.6544,2.6544,2.6544,2.6544,2.6544,2.6544,2.6544,2.6544,2.6544,2.6544,2.6544,2.7033,2.7033,2.6993,2.6504,2.6504,1.9567,2.6544,2.6544,2.1805,2.8234,1.2973,2.8234,2.8234,2.8234
2.8279,2.8279,2.6547,2.6547,2.6547,2.6547,2.6547,2.6547,2.6547,2.6547,2.6547,2.6547,2.6547,2.6547,2.6547,2.6587,0.6446,1.8756,1.9148,1.9148,2.4325,2.6587,2.6587,2.6587,2.6587,2.6587,2.6547,2.6547,1.7252,0.9764,1.9109,1.6973,2.8279,2.8279,2.8279,2.8279,2.8279,1.1628,2.8279,2.8279,2.8279,2.8279,2.8279,2.8279,2.8279,2.8279,2.8279,1.3925,2.8279,2.8279,0.9473,2.8279,2.8279,2.6547,2.7077,2.7077,2.7077,2.7077,2.7077,2.7077
10.0,10.0,10.0,1.2429,10.0,10.0,10.0,10.0,10.0,10.0,10.0,10.0,1.3499,2.663,2.663,2.663,2.663,2.663,2.4211,1.9179,1.9179,1.9179,1.9179,1.9179,1.9179,2.8325,2.8325,2.8325,2.8325,2.8325,2.8325,2.8325,2.8325,2.8325,2.8325,2.8325,2.8325,2.8325,2.8325,2.8325,2.8325,2.8325,10.0,1.0126,10.0,10.0,2.8325,2.7746,2.6897,2.8325,0.7542,2.712,2.712,2.712,2.712,2.712,2.712,2.712,2.712,2.175
2.8371,2.8371,2.8371,2.8371,0.9993,2.8371,2.8371,2.8371,2.8371,2.8371,2.8371,2.8371,2.8371,2.8371,2.8371,2.8371,2.8371,2.8371,2.8371,2.8371,2.8371,2.8371,2.8371,2.8371,2.8371,2.8371,2.8371,2.8371,2.8371,2.8371,2.8371,0.9192,2.8371,2.8371,1.917,1.917,1.917,1.7803,1.917,1.917,1.8766,1.917,1.917,1.917,1.917,1.917,1.917,1.917,2.8371,2.8371,2.8371,1.9662,2.6633,2.6633,0.1533,2.6673,2.6673,2.1715,1.3516,2.8371
1.9826,1.9242,1.9242,1.6204,10.0,10.0,10.0,10.0,10.0,10.0,10.0,10.0,10.0,10.0,10.0,10.0,0.8938,10.0,10.0,10.0,10.0,2.8417,2.8417,2.8417,2.8417,2.8417,2.8417,1.7218,2.8417,2.6716,2.6716,2.6716,2.6716,2.6716,2.6716,2.6716,2.6676,2.6676,2.6676,2.6676,2.6676,2.6676,2.6676,2.6676,2.6676,2.6676,2.6676,2.6676,2.6676,2.6676,2.6676,2.6676,2.6716,1.4759,2.8417,2.8417,2.8417,2.8417,2.8417,2.8417
2.6719,2.6719,2.6759,2.6759,2.6759,2.6759,2.6759,2.6759,2.6759,2.6759,2.6719,2.6719,2.6719,2.2839,1.9233,1.8566,1.9233,2.8463,1.9233,2.6719,2.6719,2.6719,1.9233,2.6719,2.6759,2.6759,2.6759,2.6759,2.6759,2.6759,2.2464,1.9273,2.8463,2.8463,2.8463,2.8463,2.8463,2.8463,1.2588,2.8463,2.8463,2.8463,2.8463,2.8463,2.8463,2.8463,2.8463,2.7253,1.9766,2.7253,2.6719,2.6719,2.6759,0.4776,2.2172,1.9726,1.9726,1.9726,2.7213,2.438
2.8509,2.8509,2.8509,2.8509,2.8509,2.8509,2.8509,2.8509,2.8509,1.3694,2.8509,2.8509,2.8509,2.8509,1.9264,2.6763,2.6763,2.6763,2.6763,2.6763,2.6763,2.6763,1.7668,1.4193,1.9264,1.7418,0.6711,2.8509,0.5422,2.8509,2.8509,2.8509,2.8509,2.8509,2.8509,2.8509,0.9974,2.8509,2.8509,2.8509,2.8509,2.8509,2.8509,2.8509,2.8509,2.8509,2.8509,2.8509,2.8509,2.8509,2.8509,2.8509,2.8509,2.8509,2.7257,0.6704,2.7257,2.3183,2.6763,2.6844
10.0,10.0,10.0,10.0,10.0,10.0,10.0,10.0,10.0,10.0,10.0,10.0,0.4468,10.0,10.0,10.0,2.8556,1.4639,2.8556,2.8556,2.8556,2.8556,2.8556,2.8556,2.8556,2.8556,2.8556,2.8556,2.8556,2.8556,2.8556,2.8556,2.8556,2.8556,1.462,2.8556,2.8556,2.8556,2.8556,2.8556,2.8556,1.4293,2.8556,2.8556,1.2925,2.8556,2.8556,2.8556,2.8556,2.8556,2.8556,1.0299,2.8556,1.5574,2.8556,2.8556,2.8556,2.8556,2.8556,2.8556
0.8854,2.8602,2.8602,2.8602,2.8602,2.8602,1.3073,2.8602,2.8602,2.8602,2.8602,2.8602,2.8602,2.8602,2.8602,2.8602,2.8602,2.8602,2.8602,0.7903,2.8602,2.8602,2.8602,2.8602,2.8602,2.8602,2.8602,1.9327,1.9327,1.8897,1.9327,2.685,2.685,2.685,2.685,2.685,2.685,2.685,2.685,2.685,2.685,2.685,2.685,2.685,2.685,2.685,2.0293,2.7386,2.7346,2.7346,2.4085,1.9327,2.689,2.689,2.689,1.9367,2.8602,2.8602,2.8602,2.8602
2.8649,2.8649,2.6934,2.6934,2.6934,2.6934,2.6934,2.6934,2.6934,2.6934,2.6934,2.6934,2.6934,2.6934,2.6934,1.9399,10.0,10.0,10.0,10.0,10.0,1.9399,2.2449,2.6934,2.6934,2.6934,2.6934,2.6934,2.6934,2.6894,2.6894,2.1055,2.6894,2.6894,1.9359,1.0193,2.8649,2.8649,1.5662,2.8649,2.8649,2.8649,2.8649,2.8649,1.9359,1.9359,1.9359,1.9359,1.7231,1.9359,1.9359,1.3675,2.6894,1.9895,1.9895,1.9895,1.9895,1.9895,1.9895,1.9895
2.6979,1.9431,1.9431,1.9431,1.9431,1.8147,1.9431,1.9431,1.9431,1.9431,1.9431,0.7737,1.7319,2.6979,2.6938,2.6938,2.6938,2.6979,2.6979,2.6979,2.6979,2.6979,2.6979,2.6979,2.434,1.9431,2.8696,2.8696,2.8696,1.2683,2.8696,2.8696,1.3909,2.8696,2.8696,2.8696,2.8696,2.8696,2.8696,0.9948,10.0,10.0,10.0,10.0,2.8374,2.7579,2.6783,2.8696,2.8696,2.8696,2.7476,2.7476,2.7476,2.7476,2.7436,2.7436,2.7436,2.7436,2.6539,2.0352
2.8743,2.8743,2.8743,2.8743,2.8743,2.8743,2.8743,2.8743,2.8743,2.8743,2.8743,0.9922,2.8743,2.8743,2.8743,1.9422,1.9422,1.9224,1.9422,1.9422,2.8743,2.8743,2.8743,2.8743,2.8743,2.8743,2.8743,0.873,2.8743,2.8743,2.8743,2.8743,2.8743,2.8743,2.8743,2.8743,2.8743,2.8743,1.2868,2.8743,2.8743,2.8743,2.8743,2.8743,2.8743,2.8743,2.8743,2.8743,1.4455,2.8743,2.8743,2.8743,1.992,1.992,0.139,2.6982,2.6982,2.7023,1.992,1.992
2.879,2.879,1.2177,10.0,10.0,10.0,10.0,10.0,10.0,10.0,10.0,10.0,10.0,10.0,10.0,0.2956,10.0,10.0,10.0,10.0,1.2389,2.879,2.879,1.1674,2.879,2.879,1.319,2.879,1.8086,1.9494,1.9494,1.7793,1.9494,2.006,2.3962,2.7067,2.7067,2.7067,2.7067,2.7067,2.7067,2.7067,2.7067,2.7067,2.7067,2.7067,2.7067,2.7067,2.7067,2.7067,2.7067,2.7067,1.0633,2.879,2.879,2.879,2.879,2.879,2.879,2.879
2.6425,2.7071,2.7071,2.7071,2.7071,2.7071,2.7071,2.7071,2.7071,2.7071,2.7071,2.7071,1.9486,1.6714,2.8838,2.8838,2.8838,2.8838,1.0077,1.5181,2.8838,2.8838,2.8838,2.7071,2.7071,2.7071,2.7071,2.7112,2.7112,2.7112,2.7112,2.7112,2.7112,2.7112,1.9527,1.9527,1.9527,1.9527,1.9527,1.9527,1.865,1.9527,1.9527,1.9527,1.9527,1.9527,1.9527,1.7251,2.7612,2.5639,1.9486,1.9986,1.9986,1.5576,2.8838,2.8838,2.8838,2.8838,2.8838,2.8838
1.9518,1.9518,2.0006,2.7116,2.7116,2.7116,2.3164,2.7116,2.7116,2.7116,2.7116,2.3839,2.7116,2.604,2.7116,2.7116,2.7116,1.2102,1.9559,2.7156,2.7156,2.7156,2.7156,2.7116,2.7116,2.7116,2.7116,1.1699,1.9518,2.8885,2.8885,2.8885,2.8885,2.8885,0.6665,2.8885,2.8885,2.8885,2.8885,2.8885,2.8885,2.8885,2.8885,1.1106,2.8885,2.8885,2.8885,2.8885,2.8885,2.8885,1.2239,2.8885,2.8885,2.8885,2.7657,2.7657,2.7657,2.7657,2.7657,2.7657
1.4052,10.0,10.0,10.0,10.0,10.0,10.0,10.0,10.0,10.0,1.0785,10.0,10.0,2.8933,0.7,1.9591,2.013,2.2602,1.9591,2.8933,2.8933,1.4967,2.8933,2.8933,1.4354,2.8933,2.8933,2.8933,2.8933,2.8933,2.8933,2.8933,2.8933,2.8933,2.8933,2.8933,2.8933,2.8933,2.8933,2.8933,1.0415,2.8933,2.8933,2.8933,10.0,10.0,10.0,2.8933,2.8933,2.8563,0.8883,2.8933,2.0093,2.0564,2.7703,2.7703,2.4604,2.6081,2.7703,2.0176
2.8981,2.8981,2.8981,2.8981,2.8981,2.8981,2.8981,2.8981,2.8981,2.8981,1.1149,2.8981,2.8981,2.8981,2.8981,2.8981,2.8981,2.8981,1.1156,2.8981,2.8981,0.8335,2.8981,2.8981,2.8981,0.4339,2.8981,0.5646,2.8981,2.8981,2.8981,2.8981,1.0932,2.7206,2.7206,2.7206,2.7206,2.6463,2.7206,2.7206,2.7206,2.7206,2.7206,2.7206,2.7206,2.7206,2.0682,2.7749,2.7708,2.7708,2.8981,2.7206,2.7206,2.7246,0.1724,1.1362,2.0118,2.8981,2.8981,2.8981
2.9029,2.5399,2.7291,2.7291,2.7291,2.7291,2.3343,2.7291,2.7291,2.2062,2.7291,2.4023,2.7291,1.9656,10.0,10.0,10.0,10.0,10.0,10.0,10.0,2.9029,2.9029,1.6434,2.9029,2.9029,1.9656,1.9656,2.6018,2.7291,2.7291,2.7251,2.7291,2.7251,2.7251,2.7251,2.7251,2.1149,2.7251,2.7251,2.7251,2.7251,2.7251,2.7251,2.7251,2.7251,2.7251,2.7251,2.7251,2.7251,2.7251,2.7251,2.7251,2.7291,2.7291,2.9029,2.9029,2.9029,2.9029,2.9029
2.7337,2.7337,2.7337,2.7337,2.7337,2.7337,2.7337,2.7337,2.7337,1.9689,2.7337,2.7296,2.7296,2.7296,2.7296,2.6007,1.9635,2.2101,2.7296,2.7296,2.7296,2.7296,2.7296,2.7337,2.7337,2.7337,2.7337,1.9689,1.9689,1.9689,1.9689,1.6459,2.9077,2.9077,2.9077,2.9077,2.9077,2.9077,2.9077,2.9077,10.0,10.0,2.9077,2.9077,2.9077,0.9986,2.9077,2.9077,2.5905,0.8755,2.7841,1.6957,1.1018,0.524,2.78,2.78,2.78,2.78,2.78,2.1589
2.9126,2.9126,1.1691,2.9126,2.9126,2.9126,2.9126,2.9126,2.9126,2.9126,2.9126,2.9126,2.9126,2.9126,2.9126,1.968,2.7341,2.7341,2.7341,2.7341,2.7341,1.2457,2.9126,2.9126,2.9126,2.9126,2.9126,2.9126,2.9126,0.9326,2.9126,2.9126,0.7455,2.9126,2.9126,2.9126,2.9126,2.9126,2.9126,2.9126,2.9126,2.9126,1.0898,2.9126,2.9126,2.9126,2.9126,2.9126,2.9126,0.7995,2.9126,2.9126,2.9126,2.9126,2.7846,2.7846,2.7341,2.7341,2.7341,2.7382
10.0,10.0,10.0,10.0,10.0,10.0,10.0,10.0,10.0,10.0,10.0,1.0165,10.0,10.0,10.0,10.0,10.0,10.0,2.9174,2.9174,2.9174,2.9174,2.9174,2.9174,2.9174,2.9174,2.9174,2.9174,2.9174,2.9174,2.9174,2.9174,2.9174,1.5598,2.9174,1.8706,1.9754,1.9754,1.9754,1.9754,1.9754,1.9754,1.9182,1.9754,1.9754,1.7224,1.9754,2.9174,1.6083,2.9174,2.9174,2.9174,2.9174,2.9174,2.9174,2.9174,1.4574,2.9174,2.9174,2.9174
2.9223,2.9223,1.6169,2.9223,2.9223,2.9223,2.9223,2.9223,2.9223,2.9223,2.9223,2.9223,1.7312,2.9223,1.34,2.9223,2.9223,1.0609,2.9223,2.9223,1.0822,2.9223,2.9223,2.9223,2.9223,1.3046,1.0247,2.7432,2.7432,2.7432,2.7432,2.7474,2.7474,2.7474,2.7474,2.7474,2.7474,2.7474,2.7474,2.7474,2.7474,2.7474,2.7474,2.7474,2.7474,2.7474,2.1009,2.798,2.7939,2.7432,2.3113,1.7526,2.7474,2.7474,1.208,1.7732,2.9223,2.9223,2.9223,2.9223
2.9272,2.9272,2.7478,2.7478,2.7478,2.7478,2.7478,2.7478,2.7478,2.7478,2.7478,2.7478,2.7478,2.7478,2.7519,2.7519,0.6187,2.7519,1.6712,10.0,1.982,2.7519,2.7519,2.7519,2.7519,2.7519,2.7519,2.7519,2.7478,1.9779,1.9779,1.9779,1.9779,2.9272,2.9272,2.9272,2.9272,2.9272,2.9272,2.9272,2.9272,2.9272,2.9272,2.9272,1.3877,2.9272,2.9272,2.9272,2.9272,2.9272,2.9272,1.5352,2.0489,2.4448,2.7478,2.7519,2.7096,2.8027,2.8027,2.8027
10.0,10.0,10.0,10.0,10.0,10.0,1.3238,10.0,10.0,10.0,10.0,2.9321,2.7566,1.1985,2.7566,2.7566,2.7566,2.7566,2.7566,2.5306,2.3316,2.0363,2.0256,2.0156,2.0137,2.9321,2.9321,2.9321,1.1675,2.9321,2.9321,2.9321,2.9321,2.9321,2.9321,2.9321,2.9321,2.9321,2.9321,2.9321,2.9321,3.3694,10.0,10.0,2.8642,2.7839,0.8782,2.6234,2.9321,2.9321,2.9321,2.8074,2.8074,2.8074,2.8074,2.8074,2.8074,2.8074,2.6806,2.0557
2.937,2.937,2.937,2.937,2.937,2.937,2.937,2.937,2.937,2.937,2.937,2.937,2.937,2.937,2.937,2.937,2.937,2.937,2.937,1.4954,1.0367,2.937,2.937,0.9696,2.937,2.937,2.937,2.937,2.937,2.937,2.937,0.9571,2.937,2.937,2.937,2.937,2.937,2.937,2.937,2.937,2.937,2.937,2.937,2.937,1.5805,2.937,2.937,2.937,1.1301,2.937,2.937,2.937,2.757,1.9845,0.1431,2.7612,2.7612,2.7612,2.0544,2.937
1.992,2.9419,2.9419,10.0,10.0,10.0,10.0,10.0,10.0,1.3553,10.0,10.0,10.0,10.0,10.0,0.3441,10.0,10.0,10.0,10.0,10.0,2.9419,1.2576,2.9419,2.9419,1.3532,2.9419,2.9419,1.992,2.3032,2.7658,2.5198,2.7052,2.7658,2.7658,2.7658,2.7658,2.7617,2.7658,2.7658,2.7658,2.7658,2.7658,2.7658,2.7658,2.7658,2.7658,2.7658,2.7658,2.7658,2.7658,2.7658,2.7658,2.7658,2.9419,2.9419,2.9419,2.9419,2.9419,2.9351
2.7663,2.7663,2.7663,2.7663,2.7663,2.7663,2.7663,2.7663,2.7663,2.7663,2.7663,2.7663,2.9468,1.9912,1.6517,2.9468,2.9468,2.9468,2.9468,1.9912,1.9912,2.4101,2.7663,1.2999,2.7663,2.7705,2.7705,2.7705,2.7705,2.7705,2.7705,2.0512,1.9954,2.9468,1.6131,2.9468,2.9468,2.9468,2.9468,2.9468,2.9468,1.3581,2.9468,2.9468,1.4508,2.9468,2.8968,2.2969,1.2551,2.7663,1.9912,2.6246,2.0423,2.0423,2.0423,2.0423,2.0423,1.8252,2.0423,2.0423
2.9518,2.9518,2.9518,1.5572,2.9518,2.9518,2.9518,2.9518,2.9518,2.9518,2.9518,2.9518,2.9518,1.7225,2.3528,2.771,2.771,2.771,2.7751,2.7751,2.7751,2.771,2.771,2.2601,1.9946,2.5558,1.9946,2.9518,2.9518,2.9518,2.9518,1.015,2.9518,2.9518,2.9518,2.9518,2.9518,2.9518,2.9518,2.9518,2.9518,2.9518,2.9518,2.9518,2.9518,2.9518,1.0829,2.9518,2.9518,2.9518,2.9518,2.9518,2.9518,2.9518,2.8221,2.8221,1.2937,1.8905,2.5175,2.8221
10.0,10.0,10.0,10.0,0.9953,10.0,10.0,10.0,10.0,10.0,10.0,10.0,0.3916,0.992,1.353,2.9568,2.9568,2.9568,1.7348,2.9568,2.9568,2.9568,2.9568,1.3157,2.9568,2.9568,1.3964,2.9568,2.9568,2.9568,2.9568,2.9568,1.1644,2.9568,2.9568,2.9568,2.9568,2.9568,2.9568,2.9568,2.9568,2.9568,2.9568,2.9568,2.9568,2.9568,2.9568,1.0947,2.9568,2.9568,2.9568,2.9568,2.9568,2.9568,2.0533,2.0533,2.0533,2.0162,2.0533,2.7996
0.8731,2.9618,2.9618,1.2331,2.9618,2.9618,2.9618,2.9618,2.9618,2.9618,2.9618,2.9618,2.9618,2.9618,2.9618,2.9618,2.9618,2.9618,2.9618,2.9618,2.9618,2.9618,2.9618,2.9618,2.9618,0.87,2.9618,2.9618,1.6114,2.9618,2.0013,1.6382,2.7804,2.7804,2.7804,2.7804,2.7804,2.7804,2.7804,2.7804,2.7804,2.7804,2.7804,2.7804,2.7804,2.7804,2.0568,2.8317,2.8317,2.8317,2.1063,2.0013,2.7845,2.7845,2.7845,2.9618,1.6556,1.0888,2.9618,2.9618
2.9668,2.9668,2.7892,2.7892,2.7892,2.7892,2.7892,2.7892,2.7892,2.7892,2.7892,2.7892,2.7892,2.7892,2.7892,10.0,10.0,10.0,10.0,10.0,1.4038,10.0,2.0089,2.0517,2.0498,2.0502,2.4285,2.7892,2.7892,2.7892,2.7851,2.7851,2.7851,2.7851,2.7851,1.8283,2.0047,2.0047,2.0047,2.0047,2.0047,2.0047,1.917,2.0047,2.0047,2.0047,2.0047,2.0047,2.0047,2.0047,2.0197,2.7851,2.7851,2.7851,1.6677,2.7892,2.9668,2.9668,2.9668,2.9668
2.794,2.794,2.0604,2.0123,2.0123,2.0123,2.0123,2.0123,2.0123,2.0123,2.0123,2.0123,2.7898,2.7898,2.7898,2.7898,2.7898,2.7898,2.794,2.794,2.794,2.794,2.794,2.794,2.6472,2.075,2.0123,1.5422,2.9718,2.9718,1.4547,2.9718,2.9718,2.9718,2.9718,2.9718,2.9718,2.9718,2.9718,2.9718,10.0,10.0,10.0,2.8946,2.8157,2.7368,2.6579,2.9718,2.9718,0.8674,2.8455,2.8455,2.8413,2.8413,2.8413,2.8413,2.8413,2.8413,2.6327,2.0231
2.9769,2.9769,2.9769,2.9769,2.9769,2.9769,2.9769,2.9769,1.019,2.9769,2.9769,2.9769,2.9769,2.9769,2.9769,2.9769,2.2164,2.7945,2.4275,2.069,1.7732,2.9769,2.9769,2.9769,2.9769,1.0304,2.9769,2.9769,2.9769,2.9769,2.9769,2.9769,2.9769,2.9769,2.9769,2.9769,2.9769,2.9769,2.9769,2.9769,2.9769,2.9769,2.9769,2.9769,2.9769,2.9769,2.9769,2.9769,2.9769,2.9769,2.9769,2.9769,2.9769,2.0631,2.0631,2.0631,2.0631,1.8638,2.0631,2.0631
2.982,10.0,10.0,10.0,10.0,1.1391,10.0,10.0,10.0,10.0,10.0,10.0,10.0,10.0,10.0,0.373,10.0,10.0,10.0,2.982,2.982,2.982,2.982,2.982,2.982,2.982,2.982,2.982,2.982,1.4834,2.982,2.982,1.5779,2.0191,2.0191,2.982,2.8035,2.8035,2.8035,2.8035,2.8035,2.8035,2.7671,2.8035,2.8035,2.593,2.8035,2.8035,2.5027,2.8035,2.6539,2.0191,2.982,2.982,2.982,2.982,2.982,2.982,2.982,1.1899
2.987,2.0184,2.0538,2.8041,2.3212,2.8041,2.8041,2.4542,2.8041,2.8041,2.8041,2.2961,2.0184,2.987,2.987,2.987,2.987,2.987,1.1533,2.987,2.987,1.2502,2.987,2.987,0.7551,2.8041,2.8041,2.8041,2.8041,2.8083,2.8083,2.8083,2.8083,2.8083,2.8083,2.7927,2.8083,2.5511,2.8083,2.8083,2.8083,2.8083,2.4868,2.8083,2.296,2.8083,2.0866,2.86,2.8558,2.8041,2.0184,2.0701,2.8083,2.8083,2.0226,2.987,2.987,2.987,2.987,2.987
2.9921,2.9921,2.8088,2.8088,2.8088,2.8088,2.8088,2.8088,2.8088,2.8088,2.8088,2.8088,2.8088,2.8088,2.8088,2.8088,2.026,2.026,2.026,2.0398,2.7463,2.813,2.813,2.813,2.8088,2.8088,2.8088,2.8088,2.8088,2.0218,2.9921,2.9921,1.3993,0.9216,2.9921,2.9921,2.9921,2.9921,2.9921,2.9921,1.1154,2.9921,2.9921,2.9921,2.9921,2.9921,2.9921,2.9921,2.9921,2.9921,0.8932,2.9921,2.9921,2.9921,2.8649,2.8649,2.8649,2.8649,2.8649,2.8649
10.0,10.0,10.0,10.0,10.0,10.0,10.0,10.0,10.0,10.0,10.0,10.0,10.0,2.0295,0.6699,2.8179,2.8179,2.6691,2.0542,1.7723,2.9973,2.9973,1.6411,2.9973,2.9973,1.6694,2.9973,1.1368,2.9973,2.9973,2.9973,2.9973,2.9973,1.1547,2.9973,2.9973,2.9973,2.9973,2.9973,2.9973,2.9973,2.9973,3.2091,0.9391,10.0,2.9536,2.8685,2.7833,2.6982,2.9777,0.7585,2.0814,2.485,2.8698,2.8698,2.8698,2.8698,2.8698,2.8459,2.1825
3.0024,3.0024,3.0024,3.0024,3.0024,3.0024,3.0024,0.9928,3.0024,3.0024,3.0024,3.0024,3.0024,3.0024,1.3874,3.0024,3.0024,1.3156,3.0024,3.0024,3.0024,0.5967,3.0024,3.0024,3.0024,0.4801,3.0024,3.0024,3.0024,3.0024,3.0024,3.0024,3.0024,2.0288,2.0288,2.0288,2.0288,2.0288,2.0288,2.0288,2.0288,2.0288,2.0288,2.0288,2.0288,2.0288,2.0299,1.5548,3.0024,3.0024,2.3348,2.8185,2.0288,1.2913,0.1552,2.8227,2.8227,1.7891,3.0024,3.0024
3.0076,2.0365,2.0365,2.0365,3.0076,10.0,10.0,10.0,10.0,2.0365,1.8163,2.0365,2.0365,0.667,10.0,10.0,10.0,10.0,10.0,10.0,10.0,1.439,3.0076,3.0076,1.4238,3.0076,3.0076,3.0076,2.0788,2.8275,2.8275,2.8275,2.8275,2.8275,2.8275,2.8233,2.8233,2.8233,2.8233,2.8233,2.8233,2.8233,2.8233,2.8233,2.8233,2.8233,2.8233,2.8233,2.8233,2.8233,2.8233,2.8233,2.8275,1.3532,2.8275,3.0076,3.0076,3.0076,3.0076,3.0076
2.8324,2.8324,2.8324,2.8324,2.8324,2.8324,2.8324,2.8324,2.8324,2.8324,2.8282,2.8282,2.8282,2.8282,2.0357,2.0357,2.0357,1.3899,1.7164,2.8282,2.8282,2.8282,2.8282,2.8282,2.8324,2.8324,2.8068,2.8324,2.04,2.04,2.04,3.0127,3.0127,3.0127,3.0127,3.0127,3.0127,3.0127,1.2735,3.0127,10.0,3.0127,3.0127,3.0127,3.0127,3.0127,3.0127,2.8846,2.0922,2.8846,2.8804,2.8804,2.8804,0.4793,2.8035,2.8804,2.8804,2.3969,2.5365,2.2539
3.0179,3.0179,3.0179,3.0179,3.0179,3.0179,3.0179,3.0179,3.0179,3.0179,3.0179,3.0179,1.2254,3.0179,3.0179,2.1017,2.833,2.833,2.833,2.833,2.833,2.833,2.0392,3.0179,3.0179,3.0179,0.6832,1.0848,0.548,3.0179,3.0179,3.0179,3.0179,3.0179,3.0179,3.0179,3.0179,3.0179,3.0179,1.0074,3.0179,3.0179,3.0179,3.0179,3.0179,3.0179,3.0179,3.0179,3.0179,3.0179,3.0179,3.0179,3.0179,3.0179,2.8853,0.7503,2.0392,2.833,2.833,2.833
10.0,1.1261,10.0,10.0,10.0,10.0,10.0,10.0,10.0,10.0,10.0,10.0,10.0,10.0,10.0,10.0,1.1439,3.0231,3.0231,1.2627,3.0231,3.0231,3.0231,3.0231,3.0231,1.1339,3.0231,3.0231,1.1338,3.0231,3.0231,1.2017,3.0231,3.0231,3.0231,3.0231,3.0231,3.0231,1.4997,3.0231,3.0231,1.4213,3.0231,3.0231,3.0231,3.0231,3.0231,3.0231,3.0231,3.0231,3.0231,1.0175,3.0231,3.0231,3.0231,3.0231,3.0231,3.0231,1.4952,3.0231
3.0284,3.0284,3.0284,3.0284,3.0284,3.0284,3.0284,3.0284,3.0284,1.3901,3.0284,3.0284,3.0284,3.0284,3.0284,3.0284,3.0284,3.0284,3.0284,3.0284,3.0284,3.0284,3.0284,3.0284,3.0284,3.0284,1.7196,2.0463,2.0578,2.0778,2.0537,2.8428,2.8428,2.8428,2.8471,2.8471,2.8471,2.8471,2.8471,2.8471,2.8471,2.8471,2.8471,2.8471,2.8471,2.6794,2.103,2.8953,2.8953,2.8428,2.1184,2.8471,2.8471,2.8471,3.0284,3.0284,3.0284,3.0284,3.0284,1.2347
3.0336,3.0336,2.852,2.852,2.852,2.852,2.852,2.852,2.852,2.852,2.852,2.852,2.852,2.852,1.0347,2.852,2.852,10.0,10.0,1.4687,10.0,2.0541,3.0336,2.7517,2.852,2.852,2.852,2.852,2.852,2.8478,1.493,2.5384,2.5265,2.0498,1.3121,1.0145,3.0336,3.0336,3.0336,3.0336,3.0336,1.4331,3.0336,3.0336,3.0336,3.0336,3.0336,3.0336,3.0336,3.0336,3.0336,1.3316,1.866,2.1067,2.1067,2.1067,2.1067,2.1067,2.1067,2.1067
2.0577,10.0,1.6663,10.0,10.0,10.0,10.0,10.0,10.0,10.0,10.0,1.7112,2.857,2.857,2.857,2.8527,2.857,2.857,2.857,2.857,2.857,2.857,2.7219,2.6673,3.0389,3.0389,1.5147,3.0389,3.0389,3.0389,3.0389,3.0389,3.0389,3.0389,3.0389,10.0,0.9602,3.0389,3.0389,3.0389,3.0726,2.9952,2.9177,2.8403,2.7629,2.6855,2.608,2.6001,3.0389,3.0389,2.1103,2.9096,2.9096,2.9096,2.9096,2.9096,2.9096,2.9096,2.5849,2.0687
3.0441,0.8071,3.0441,3.0441,3.0441,3.0441,3.0441,3.0441,3.0441,3.0441,3.0441,0.9508,3.0441,3.0441,3.0441,1.6876,3.0441,3.0441,1.6422,3.0441,0.8226,3.0441,3.0441,3.0441,3.0441,3.0441,0.7938,3.0441,3.0441,3.0441,3.0441,3.0441,3.0441,0.6656,3.0441,3.0441,3.0441,3.0441,3.0441,3.0441,3.0441,1.3752,3.0441,3.0441,3.0441,3.0441,3.0441,3.0441,1.4162,3.0441,3.0441,3.0441,3.0441,2.8576,0.1364,2.8576,2.8619,2.8619,2.8619,1.7694
3.0494,3.0494,3.0494,10.0,10.0,10.0,10.0,10.0,10.0,10.0,10.0,10.0,1.244,10.0,10.0,0.3031,10.0,0.9671,10.0,10.0,10.0,3.0494,3.0494,3.0494,3.0494,3.0494,3.0494,3.0494,3.0494,2.0648,1.9489,2.0648,2.0648,3.0494,2.698,2.8669,2.8669,2.8669,2.8669,2.8669,2.8669,2.8669,2.8669,2.8669,2.8669,2.8669,2.8669,2.8669,2.8669,2.8669,2.8669,2.8669,2.0648,3.0494,3.0494,2.9385,2.9659,1.289,2.9329,2.8653
2.8676,2.8676,2.8676,2.8676,2.8676,2.8676,2.8676,2.8676,2.8676,2.8676,2.8676,2.8676,2.0641,3.0548,3.0548,3.0548,1.3516,3.0548,0.932,3.0548,1.71,3.0548,2.0641,2.0641,2.0641,2.8676,2.8719,2.8719,2.8719,2.8719,2.8719,2.8719,2.0684,2.0684,3.0548,3.0548,3.0548,1.646,3.0548,3.0548,3.0548,3.0548,3.0548,3.0548,3.0548,3.0548,2.9249,2.1214,1.3185,2.4976,2.0641,2.1171,2.8719,2.4732,3.0548,3.0548,3.0548,3.0548,3.0548,2.9669
3.0601,3.0601,2.0677,2.0677,2.0677,2.0677,2.0677,1.9083,2.0677,2.0677,2.0677,2.0677,2.0677,2.0677,2.8726,2.8726,2.8726,2.8769,1.7533,2.4153,2.8769,2.8769,2.8726,2.8726,2.8726,2.5085,2.8726,2.0677,1.4544,3.0601,1.1938,3.0601,3.0601,3.0601,0.6529,3.0601,3.0601,3.0601,3.0601,3.0601,3.0601,3.0601,3.0601,1.056,3.0601,3.0601,3.0601,3.0601,3.0601,3.0601,3.0601,3.0601,3.0601,3.0601,3.0601,2.93,2.93,2.93,2.93,2.93
10.0,10.0,10.0,10.0,10.0,10.0,10.0,1.011,10.0,10.0,10.0,10.0,10.0,10.0,3.0654,3.0654,1.8436,2.0757,3.0654,3.0654,3.0654,3.0654,3.0654,3.0654,3.0654,3.0654,3.0654,3.0654,3.0654,3.0654,3.0654,3.0654,3.0654,3.0654,3.0654,3.0654,3.0654,1.0922,3.0654,3.0654,3.0654,3.0654,3.0654,3.0654,10.0,10.0,10.0,10.0,3.0318,2.9361,3.0171,3.0654,1.8821,2.1288,2.1288,2.1288,2.1288,2.1288,2.1288,2.1288
3.0708,3.0708,3.0708,3.0708,3.0708,3.0708,3.0708,3.0708,3.0708,3.0708,1.0428,3.0708,3.0708,3.0708,3.0708,1.1613,3.0708,3.0708,3.0708,3.0708,3.0708,3.0708,3.0708,3.0708,3.0708,3.0708,0.9648,3.0708,3.0708,3.0708,1.3068,2.075,2.1395,2.8827,2.8827,2.8827,2.8827,2.8827,2.8827,2.8827,2.8827,2.8827,2.8827,2.8827,2.8827,2.8827,2.1325,2.9359,2.9359,2.9359,2.1282,2.075,2.8827,2.887,0.1793,3.0708,2.0793,3.0708,3.0708,3.0708
3.0762,3.0762,2.7722,2.8921,2.8921,2.597,2.8921,2.8347,2.8921,2.8921,2.6606,2.8921,2.8921,2.1542,10.0,0.8893,10.0,10.0,1.0164,10.0,10.0,10.0,1.8953,3.0762,3.0762,1.8685,2.0829,2.0963,2.8921,2.8921,2.8921,2.8878,2.8878,2.8878,2.8878,2.8878,1.5013,2.1452,2.3471,2.8878,2.5901,2.8878,2.8878,2.4279,2.8878,2.6547,2.8878,2.8878,2.5434,2.8878,2.717,2.8878,2.8878,2.8921,1.8162,2.8921,1.5433,3.0762,3.0762,3.0762
2.8972,2.8972,2.8972,2.8289,2.8972,2.8972,2.8972,2.8972,2.776,2.1417,1.2769,2.8928,2.8928,2.8928,2.8928,2.8928,2.7188,2.8928,2.8928,2.8928,2.8928,2.8928,2.8972,2.8972,2.8972,3.0816,2.0741,3.0816,1.6962,3.0816,3.0816,1.7244,3.0816,3.0816,3.0816,3.0816,3.0816,3.0816,3.0816,10.0,10.0,10.0,0.9661,2.9293,2.8494,2.7696,3.0816,3.0816,2.9506,2.9506,2.9506,2.9462,2.9462,2.9462,2.9462,2.9462,2.9462,2.9462,2.6632,2.0978
3.0871,3.0871,3.0871,3.0871,3.0871,1.0655,3.0871,3.0871,3.0871,3.0871,3.0871,3.0871,3.0871,3.0871,3.0871,3.0871,3.0871,2.7483,2.8979,2.8979,2.1032,2.086,0.8757,3.0871,1.2466,3.0871,3.0871,3.0871,3.0871,3.0871,3.0871,3.0871,0.7442,3.0871,3.0871,3.0871,3.0871,3.0871,3.0871,3.0871,3.0871,3.0871,1.0832,3.0871,3.0871,3.0871,3.0871,3.0871,3.0871,3.0871,3.0871,3.0871,3.0871,3.0871,2.2264,2.086,2.1395,2.1395,2.8979,2.9023
3.0925,10.0,10.0,10.0,10.0,10.0,10.0,10.0,1.0463,10.0,10.0,10.0,10.0,10.0,10.0,0.9944,10.0,10.0,10.0,3.0925,3.0925,3.0925,3.0925,3.0925,3.0925,3.0925,3.0925,1.363,3.0925,3.0925,1.2741,3.0925,3.0925,3.0925,3.0925,2.094,2.094,2.094,2.094,1.9979,2.094,2.094,2.094,2.094,2.094,2.094,2.094,2.094,2.094,2.094,3.0925,3.0925,3.0925,2.972,3.0583,3.0925,3.0925,3.0925,3.0925,3.0504
3.098,3.098,3.098,3.098,2.0933,1.7787,2.0933,2.0933,1.8664,3.098,3.098,3.098,3.098,3.098,3.098,3.098,3.098,3.098,3.098,3.098,0.9985,3.098,3.098,3.098,3.098,2.0933,0.958,2.9082,2.9082,2.9082,2.9125,2.9125,2.9125,2.9125,2.9125,2.9125,2.9125,2.9125,2.9125,2.9125,2.9125,2.9125,2.9125,2.9125,2.9125,2.9125,2.1514,2.9662,2.9275,2.9082,2.0933,2.9125,2.9125,3.098,2.0977,3.098,3.098,3.098,3.098,3.098
3.1035,3.1035,2.9133,2.9133,2.9133,2.9133,2.9133,2.9133,2.9133,2.9133,2.9133,2.9133,2.9133,2.9133,2.9133,1.5586,0.6087,2.1014,10.0,10.0,2.1014,2.5451,2.9177,2.9177,2.9177,2.9177,2.9177,2.9133,2.9133,0.9357,1.8775,3.1035,3.1035,3.1035,3.1035,3.1035,3.1035,1.1443,3.1035,3.1035,3.1035,3.1035,3.1035,3.1035,3.1035,3.1035,3.1035,1.2609,3.1035,3.1035,3.1035,3.1035,2.0999,2.6128,2.9133,2.9133,2.9715,2.9715,2.9715,2.871
10.0,10.0,10.0,1.2307,10.0,10.0,10.0,10.0,10.0,10.0,10.0,10.0,2.1051,2.9229,2.9229,2.9229,2.9229,2.8944,2.9229,2.1051,2.1051,2.1051,2.1051,2.1051,2.1051,3.109,3.109,3.109,3.109,3.109,3.109,1.205,3.109,3.109,3.109,3.109,10.0,10.0,3.109,3.109,3.109,3.0832,3.0035,2.9238,2.8441,2.7644,0.8638,2.6601,2.6601,3.109,0.7071,2.8353,2.9768,2.9768,2.9768,2.9768,2.9768,2.9768,2.6625,2.1164
3.1145,3.1145,3.1145,3.1145,0.9482,3.1145,3.1145,3.1145,3.1145,3.1145,3.1145,3.1145,3.1145,3.1145,3.1145,3.1145,1.4907,3.1145,3.1145,3.1145,3.1145,3.1145,3.1145,3.1145,3.1145,3.1145,3.1145,3.1145,0.9783,3.1145,3.1145,0.9108,3.1145,3.1145,1.5104,3.1145,3.1145,1.6569,3.1145,3.1145,3.1145,3.1145,3.1145,3.1145,3.1145,3.1145,3.1145,1.7682,3.1145,3.1145,3.1145,3.1145,2.9237,2.9237,0.1433,2.9281,2.9281,2.1756,1.2834,3.1145
2.1126,3.12,3.12,1.6125,10.0,10.0,1.4246,10.0,10.0,10.0,10.0,10.0,10.0,10.0,10.0,10.0,10.0,10.0,10.0,10.0,10.0,3.12,3.12,3.12,3.12,3.12,3.12,1.6987,2.1126,3.12,2.7781,2.9333,2.9333,2.9333,2.9333,2.9333,2.9333,2.9289,2.9289,2.9289,2.9289,2.9289,2.9289,2.9289,2.9289,2.9289,2.9289,2.9289,2.9289,2.9289,2.9289,2.9289,2.9333,2.1126,3.12,1.3083,2.9947,2.9996,2.9614,2.8931
2.9341,2.9341,2.9341,2.9341,2.9385,2.9385,2.9385,2.9385,2.9385,2.9341,2.9341,2.9341,3.1256,2.112,3.1256,3.1256,3.1256,3.1256,1.8349,2.6229,2.9,2.8806,1.8395,2.9341,2.9385,2.9385,2.9385,2.9385,2.9385,2.6768,2.1617,2.1164,3.1256,3.1256,3.1256,3.1256,3.1256,3.1256,3.1256,3.1256,3.1256,1.2965,3.1256,3.1256,3.1256,3.1256,3.1256,2.9927,1.1896,2.9883,2.0152,2.9385,2.1906,0.4543,2.1017,2.1662,2.1662,2.1662,2.1662,2.151
3.1312,3.1312,3.1312,3.1312,3.1312,3.1312,1.407,3.1312,3.1312,3.1312,3.1312,3.1312,3.1312,3.1312,2.1158,3.1312,2.9394,2.9394,2.9394,2.9438,2.9394,2.9394,2.9394,1.3555,1.9133,2.1158,3.1312,3.1312,0.9785,3.1312,3.1312,3.1312,3.1312,3.1312,3.1312,3.1312,0.9514,3.1312,3.1312,3.1312,3.1312,3.1312,3.1312,3.1312,3.1312,3.1312,3.1312,3.1312,3.1312,3.1312,3.1312,3.1312,3.1312,3.1312,3.1312,0.6591,1.3118,2.1158,2.6668,2.9394
10.0,10.0,10.0,10.0,0.9586,10.0,10.0,10.0,10.0,10.0,10.0,10.0,0.4072,10.0,10.0,10.0,3.1368,1.3433,3.1368,3.1368,3.1368,3.1368,3.1368,3.1368,3.1368,3.1368,3.1368,3.1368,3.1368,3.1368,3.1368,3.1368,3.1368,3.1368,1.3366,3.1368,3.1368,3.1368,3.1368,3.1368,3.1368,3.1368,3.1368,3.1368,1.2026,3.1368,3.1368,3.1368,3.1368,3.1368,3.1368,3.1368,3.1368,1.5036,3.1368,1.7769,3.1368,3.1368,3.1368,2.9741
0.8113,3.1424,3.1424,1.1628,3.1424,3.1424,1.3297,3.1424,3.1424,3.1424,3.1424,3.1424,3.1424,1.3052,3.1424,3.1424,1.0565,3.1424,3.1424,0.7389,3.1424,3.1424,0.8648,3.1424,3.1424,3.1424,3.1424,3.1424,3.1424,1.792,2.1234,2.9499,2.9499,2.9499,2.9499,2.9499,2.9499,2.9499,2.9499,2.9499,2.9499,2.9499,2.9499,2.9499,2.9499,3.0088,2.1822,3.0044,3.0044,2.7074,2.1778,2.9499,1.316,2.9543,3.1424,2.1278,3.1424,3.1424,3.1424,3.1424
3.1481,3.1481,2.9596,2.9596,2.9596,2.9596,2.9596,2.9596,2.9596,2.9596,2.9596,2.9596,2.9596,2.9596,2.9596,2.1316,10.0,1.1337,10.0,10.0,10.0,10.0,2.1316,2.4007,2.9596,2.5684,2.7378,2.9596,2.9596,2.9596,2.9552,2.9552,2.596,2.9552,2.1272,3.1481,3.1481,3.1481,3.1481,3.1481,3.1481,3.1481,3.1481,3.1481,3.1481,1.7723,3.1481,3.1481,3.1481,3.1481,3.1481,2.1272,2.9552,2.9552,2.9596,2.1316,2.9596,1.9847,3.1481,1.6386
2.2036,2.1354,2.1354,10.0,10.0,1.7606,10.0,10.0,1.8647,10.0,2.2207,0.7461,2.965,2.9605,2.9605,2.9605,2.9605,2.965,2.965,2.965,2.965,2.965,2.965,2.9221,3.1537,2.0367,3.1537,3.1537,3.1537,3.1537,3.1537,3.1537,1.2183,3.1537,10.0,10.0,3.1537,3.1537,3.1537,0.9275,3.0214,2.9453,2.8692,2.793,2.7169,2.6984,2.6984,3.1537,3.1537,3.0196,3.0196,3.0196,3.0196,3.0152,3.0152,3.0152,3.0152,3.0152,2.5409,2.1469
3.1594,3.1594,3.1594,3.1594,3.1594,3.1594,3.1594,3.1594,1.0784,3.1594,3.1594,3.1594,3.1594,3.1594,3.1594,3.1594,2.1349,2.1349,2.1349,2.1349,3.1594,3.1594,1.0015,3.1594,3.1594,3.1594,3.1594,3.1594,3.1594,3.1594,0.8764,3.1594,3.1594,3.1594,3.1594,1.1032,3.1594,3.1594,3.1594,3.1594,3.1594,3.1594,3.1594,3.1594,3.1594,3.1594,3.1594,3.1594,3.1594,3.1594,3.1594,3.1594,3.1594,3.1594,2.1349,2.9659,2.9659,2.9703,2.9703,2.9703
3.1651,3.1651,10.0,10.0,10.0,1.075,10.0,10.0,10.0,10.0,10.0,10.0,10.0,10.0,0.7235,0.3049,10.0,10.0,10.0,10.0,3.1651,3.1651,3.1651,3.1651,3.1651,3.1651,3.1651,3.1651,3.1651,3.1651,3.1651,3.1651,3.1651,2.1432,2.1432,2.5309,2.9757,2.9757,2.9757,2.9757,2.9757,2.9757,2.9757,2.9757,2.9757,2.9757,2.9757,2.9757,2.9757,2.9757,2.9757,2.9757,1.2105,3.1651,2.9677,2.9241,2.9513,2.9562,2.9185,2.8512
2.1426,2.152,2.9766,2.7718,2.9766,2.9766,2.9414,2.9766,2.7621,2.9766,2.7487,3.1709,3.1709,3.1709,3.1709,3.1709,3.1709,3.1709,3.1709,3.1709,3.1709,3.1709,1.4237,3.1709,0.7338,1.4483,2.9766,2.9766,2.9766,2.9811,2.9811,2.9811,2.6208,2.1992,2.147,2.147,2.1394,2.147,2.147,2.147,2.147,2.147,2.147,1.8933,2.147,2.147,2.147,1.7259,2.971,2.9766,2.9766,2.9811,2.9811,1.5296,2.147,3.1709,3.1709,3.1709,1.358,3.1709
1.7143,2.1465,2.1465,2.2139,2.982,2.5728,2.982,2.982,2.4145,2.982,2.6358,2.982,2.2373,2.982,2.982,2.982,2.982,1.131,2.1509,2.9865,2.9865,2.9865,2.9865,2.9865,2.982,2.982,2.982,2.982,2.1465,1.377,3.1766,3.1766,3.1766,0.9164,3.1766,3.1766,3.1766,3.1766,3.1766,3.1766,1.0899,3.1766,3.1766,3.1766,3.1766,3.1766,3.1766,3.1766,3.1766,3.1766,3.1766,3.1766,3.1766,3.1766,3.1766,3.0415,3.0415,3.0415,3.0415,3.0415
10.0,10.0,10.0,10.0,10.0,10.0,10.0,10.0,10.0,10.0,1.0545,10.0,10.0,1.7435,0.6252,2.1548,2.1785,2.1822,3.1824,3.1824,3.1824,3.1824,3.1824,3.1824,3.1824,3.1824,3.1824,3.1824,3.1824,3.1824,1.0682,3.1824,3.1824,3.1824,3.1824,3.1824,3.1824,3.1824,3.1824,3.1824,0.9796,3.1824,10.0,3.1699,3.0835,2.9971,2.9107,2.8243,2.7379,2.7229,0.8305,3.1824,2.21,2.21,2.2631,3.0471,3.0471,3.0471,2.2575,2.2152
3.1882,3.1882,3.1882,3.1882,3.1882,3.1882,3.1882,0.9802,3.1882,3.1882,3.1882,3.1882,3.1882,3.1882,3.1882,3.1882,3.1882,3.1882,3.1882,3.1882,3.1882,0.6544,3.1882,3.1882,3.1882,0.4174,3.1882,3.1882,3.1882,1.1219,3.1882,3.1882,1.1114,1.9188,2.1543,2.1543,2.1543,2.1543,2.1543,2.1595,2.1824,2.2052,2.2279,2.9929,2.9929,2.6362,3.1882,3.1882,3.1882,3.1882,2.2095,2.9929,2.9929,2.9973,0.159,2.8885,2.1588,3.1882,3.1882,3.1882
3.194,2.1627,2.1627,2.1627,2.0451,2.1627,2.1627,1.9111,2.1627,2.1627,2.1627,2.1627,2.1627,0.5621,10.0,10.0,10.0,10.0,10.0,10.0,10.0,10.0,3.194,1.6001,3.194,3.194,1.6802,3.194,2.178,3.0028,3.0028,3.0028,3.0028,3.0028,2.9983,2.9983,2.9983,2.1582,2.9983,2.9983,2.9983,2.9983,2.9983,2.9983,2.9983,2.9983,2.9983,2.9983,2.9983,2.9983,2.9983,2.9983,2.9983,3.0028,2.8268,3.194,3.194,3.1827,1.3398,3.0697
3.0083,3.0083,3.0083,3.0083,3.0083,3.0083,3.0083,3.0083,3.0083,1.8438,3.0038,3.0038,3.0038,3.0038,2.1651,2.1622,2.1622,2.1622,3.0038,3.0038,3.0038,3.0038,3.0038,3.0083,3.0083,2.9844,2.2452,2.1666,3.1998,1.8203,3.1998,1.6195,3.1998,3.1998,3.1998,1.1039,3.1998,3.1998,10.0,10.0,10.0,3.191,3.1085,3.026,2.9436,0.9825,3.1998,3.1349,2.2221,0.8541,3.0593,1.5746,1.0231,0.4866,3.0593,2.7841,2.887,3.0143,2.7501,2.1783
3.2057,3.2057,1.0772,3.2057,3.2057,3.2057,3.2057,3.2057,3.2057,3.2057,3.2057,3.2057,1.2362,3.2057,3.2057,2.1661,3.2057,3.0093,3.0093,3.0093,3.0093,2.9919,3.2057,1.4192,3.2057,3.2057,3.2057,3.2057,0.5675,3.2057,3.2057,3.2057,0.7603,3.2057,3.2057,3.2057,3.2057,3.2057,3.2057,0.9958,3.2057,3.2057,3.2057,3.2057,3.2057,3.2057,3.2057,3.2057,3.2057,0.7497,3.2057,3.2057,3.2057,3.2057,3.2057,3.0649,2.1661,3.0093,3.0093,3.0093
10.0,10.0,10.0,10.0,10.0,10.0,10.0,10.0,10.0,10.0,10.0,0.9649,10.0,10.0,10.0,10.0,10.0,10.0,3.2116,1.2715,3.2116,3.2116,3.2116,3.2116,3.2116,3.2116,3.2116,3.2116,3.2116,3.2116,3.2116,3.2116,3.2116,3.2116,3.2116,1.8149,3.2116,3.2116,3.2116,3.2116,3.2116,3.2116,3.2116,3.2116,3.2116,3.2116,3.2116,3.2116,1.5118,3.2116,3.2116,3.2116,3.2116,3.113,3.2034,3.2116,3.2116,3.2116,3.2116,3.1951
3.2175,3.2175,3.2175,3.2175,3.2175,3.2175,3.2175,3.2175,3.2175,3.2175,3.2175,3.2175,3.2175,3.2175,3.2175,3.2175,3.2175,3.2175,3.2175,3.2175,3.2175,3.2175,3.2175,0.9936,3.2175,1.2692,2.1741,2.2354,2.6839,3.0203,3.0203,3.0203,3.0249,3.0249,3.0249,3.0249,3.0249,3.0249,3.0249,3.0249,3.0249,3.0249,3.0249,3.0249,3.0249,3.0806,2.2343,3.0761,3.0241,3.0203,2.1741,3.0249,3.0249,3.2175,1.1387,1.7331,3.2175,3.2175,3.2175,3.2175
3.2234,3.2234,3.2234,3.0259,3.0259,3.0259,3.0259,3.0259,3.0259,3.0259,3.0259,3.0259,3.0259,3.0259,3.0304,3.0304,0.666,10.0,10.0,10.0,10.0,2.1826,3.2234,3.0304,3.0304,3.0304,3.0304,3.0304,3.0304,2.1781,2.1781,2.1781,2.0778,1.774,3.2234,3.2234,3.2234,3.2234,3.2234,3.2234,3.2234,3.2234,3.2234,3.2234,1.3321,3.2234,3.2234,3.2234,3.2234,3.2234,3.2234,3.2234,2.1781,2.2385,2.2385,2.2385,2.2446,2.2385,2.2385,2.2385
10.0,10.0,10.0,10.0,10.0,10.0,10.0,10.0,10.0,1.3667,10.0,3.036,3.036,1.2044,3.036,3.036,3.036,3.036,2.998,3.036,2.2436,2.1866,2.1866,2.1866,2.1866,3.2293,3.2293,3.2293,3.2293,3.2293,3.2293,3.2293,3.2293,3.2293,10.0,10.0,0.9356,10.0,3.2293,3.2293,10.0,2.9458,2.8697,2.7935,2.763,2.763,2.763,2.763,3.2293,3.2293,2.2426,3.092,3.092,3.092,3.092,3.092,3.092,3.092,2.5429,2.1983
3.2353,0.7812,3.2353,3.2353,3.2353,3.2353,3.2353,3.2353,3.2353,3.2353,3.2353,3.2353,3.2353,3.2353,3.2353,3.2353,3.2353,3.2353,3.2353,1.3717,0.8598,3.2353,3.2353,0.8458,3.2353,3.2353,3.2353,3.2353,3.2353,3.2353,3.2353,3.2353,3.2353,3.2353,3.2353,3.2353,3.2353,3.2353,3.2353,3.2353,3.2353,3.2353,3.2353,3.2353,1.4486,3.2353,3.2353,3.2353,1.0231,3.2353,3.2353,3.2353,3.0371,2.1861,0.1351,3.0416,1.335,3.0416,2.1607,3.2353
3.2413,3.2413,3.2413,10.0,10.0,10.0,10.0,10.0,10.0,1.3343,10.0,10.0,10.0,10.0,10.0,0.315,10.0,10.0,10.0,10.0,10.0,3.2413,1.273,3.2413,3.2413,3.2413,3.2413,3.2413,3.2413,2.1947,2.1947,2.1947,2.1947,3.0473,2.9852,3.0473,3.0473,3.0473,3.0473,3.0473,3.0473,3.0473,3.0473,3.0473,3.0473,3.0473,3.0473,3.0473,3.0473,3.0473,3.0473,3.0473,3.0473,3.2413,3.2413,3.2413,2.8964,2.9012,2.8642,2.7982
3.0483,3.0483,3.0483,3.0483,3.0483,3.0483,3.0483,3.0483,3.0483,3.0483,3.0483,2.6818,2.1942,3.2473,3.2473,3.2473,3.2473,3.2473,3.2473,1.2116,2.1942,2.1942,2.1705,1.2584,3.0483,3.0529,3.0529,3.0529,3.0529,3.0529,3.2473,2.1988,3.2473,3.2473,1.509,3.2473,3.2473,3.2473,3.2473,3.2473,3.2473,3.2473,3.2473,3.2473,1.3341,3.2473,3.1092,2.2551,1.2094,3.0483,3.0529,2.2505,1.9566,3.2473,3.2473,1.5551,3.2473,3.2473,3.2473,2.6546
3.2533,3.2533,3.2533,3.2533,3.2533,3.2533,3.2533,3.2533,3.2533,3.2533,1.7693,3.2533,3.2533,3.2533,2.1983,2.83,3.054,3.054,3.0586,2.2801,3.0586,3.0586,3.054,3.054,1.8782,3.054,2.1983,1.8137,3.2533,3.2533,3.2533,3.2533,3.2533,3.2533,3.2533,3.2533,3.2533,3.2533,3.2533,3.2533,3.2533,3.2533,3.2533,3.2533,3.2533,3.2533,1.0433,3.2533,3.2533,3.2533,3.2533,3.2533,3.2533,3.2533,3.2533,3.1104,3.1104,3.1104,3.1104,3.054
10.0,10.0,10.0,10.0,10.0,10.0,10.0,1.0047,10.0,10.0,10.0,10.0,0.3969,10.0,1.2511,1.577,3.2594,3.2594,1.63,3.2594,1.2943,3.2594,3.2594,1.2196,3.2594,3.2594,3.2594,3.2594,3.2594,1.0083,3.2594,3.2594,3.2594,3.2594,3.2594,3.2594,3.2594,3.2594,3.2594,3.2594,3.2594,3.2594,3.2594,3.2594,3.6407,10.0,10.0,1.1246,3.1593,3.0596,2.9131,3.2594,3.2594,3.2594,3.2594,3.2594,3.2594,1.8476,3.2594,2.5584
3.2654,3.2654,3.2654,3.2654,3.2654,3.2654,3.2654,3.2654,3.2654,3.2654,3.2654,3.2654,3.2654,3.2654,3.2654,3.2654,3.2654,3.2654,3.2654,3.2654,3.2654,3.2654,3.2654,3.2654,3.2654,0.933,0.917,1.2556,3.2654,3.2654,1.2783,2.2065,3.0654,3.0654,3.0654,3.0654,3.0654,3.0654,3.0654,3.0654,3.0654,3.0654,3.0654,3.0654,3.0654,2.5607,3.1266,3.122,3.122,3.1071,2.2631,3.0654,3.07,3.07,2.8232,2.2111,1.662,3.2654,3.2654,3.2654
3.2715,3.2715,3.0757,3.0757,3.0757,3.0757,3.0757,3.0757,3.0757,3.0757,3.0757,3.0757,3.0757,3.0757,1.879,10.0,10.0,10.0,10.0,10.0,1.4305,10.0,10.0,2.2152,2.0263,2.2152,2.2152,2.2892,3.0757,3.0757,3.0757,3.0711,3.0711,3.0711,3.0711,3.0711,2.2106,2.2106,2.2106,1.9594,2.2106,2.2106,2.2106,2.2106,2.2106,2.2106,2.2106,2.2106,2.2106,2.1332,2.2106,2.2237,3.0711,3.0711,3.0757,3.0757,3.2715,3.2715,3.2715,3.2715
3.0815,3.0815,2.2193,2.2193,2.213,2.2193,2.2193,2.2193,2.2193,2.2193,2.2193,2.2193,3.0769,3.0769,2.9887,3.0769,3.0769,3.0769,3.0769,3.0815,3.0815,3.0815,3.0815,3.0815,3.2776,2.2193,3.2776,3.2776,3.2776,3.2776,3.2776,3.2776,3.2776,10.0,10.0,10.0,3.2776,3.2776,10.0,3.1048,3.0285,2.9521,0.914,2.8044,2.8044,2.8044,2.8044,3.2776,3.2776,0.844,3.1383,3.1337,3.1337,3.1337,3.1337,3.1337,3.1337,3.141,2.5458,2.2312
3.2838,3.2838,3.2838,3.2838,3.2838,3.2838,3.2838,3.2838,3.2838,3.2838,3.2838,3.2838,3.2838,3.2838,3.2838,3.2838,2.2189,2.5553,2.2882,2.2189,2.2189,1.3305,3.2838,3.2838,3.2838,3.2838,3.2838,3.2838,3.2838,3.2838,3.2838,3.2838,3.2838,3.2838,3.2838,3.2838,3.2838,3.2838,3.2838,3.2838,3.2838,3.2838,3.2838,3.2838,3.2838,1.1245,3.2838,3.2838,3.2838,3.2838,3.2838,3.2838,3.2838,2.2758,2.2758,1.9289,2.2758,2.2758,2.2758,2.2758
3.29,10.0,10.0,10.0,10.0,10.0,10.0,10.0,1.0016,10.0,10.0,10.0,10.0,10.0,10.0,10.0,10.0,10.0,0.9843,10.0,3.29,3.29,3.29,3.29,3.29,3.29,3.29,3.29,3.29,3.29,3.29,3.29,3.29,3.29,3.29,2.2277,2.2523,2.2277,2.2277,2.2277,2.2277,2.2277,2.2277,2.2277,2.2277,2.2277,2.1533,2.2277,2.2277,2.2277,2.2277,2.2277,3.29,3.29,1.2413,2.9668,2.9945,2.9994,2.9612,2.8929
3.2961,3.2961,2.2272,2.2272,2.2186,2.2272,2.2272,2.2272,2.2272,2.2272,2.2272,2.1384,3.2961,3.2961,3.2961,3.2961,3.2961,3.2961,3.2961,3.2961,0.7521,1.2116,3.2961,3.2961,1.1499,2.2272,3.0942,3.0942,3.0942,3.0989,3.0989,3.0989,3.0989,3.0989,3.0989,3.0989,3.02,3.0989,2.7927,3.0989,2.6243,3.0989,3.0989,2.7322,3.0989,2.3107,2.2632,3.1513,3.0942,3.0942,2.2844,3.0989,3.0989,3.2961,3.2961,3.2961,1.1616,3.2961,3.2961,3.2961
3.3024,3.3024,3.3024,3.1001,3.1001,3.1001,3.1001,3.1001,3.1001,3.1001,3.1001,3.1001,3.1001,3.1001,3.1001,3.1001,3.1047,3.1047,3.1047,2.0867,2.2361,2.8421,3.1047,3.1047,3.1047,3.1001,3.1001,3.1001,1.6419,0.9078,3.3024,3.3024,1.3141,3.3024,3.3024,3.3024,3.3024,1.1289,3.3024,3.3024,3.3024,3.3024,3.3024,3.3024,3.3024,3.3024,3.3024,3.3024,3.3024,3.3024,0.8714,3.3024,3.3024,3.3024,3.1001,3.1619,3.1619,3.1619,3.1619,3.1619
10.0,10.0,10.0,1.1955,10.0,10.0,10.0,10.0,10.0,10.0,10.0,10.0,1.2658,2.2403,3.1106,3.1106,3.1106,3.3086,2.2403,3.3086,3.3086,3.3086,3.3086,3.3086,3.3086,3.3086,3.3086,3.3086,3.3086,3.3086,3.3086,3.3086,3.3086,3.3086,3.3086,10.0,10.0,10.0,10.0,10.0,3.3086,10.0,3.0136,0.8875,2.8537,2.8309,2.8309,2.8309,2.8309,3.2295,0.7112,2.0802,3.1679,3.1679,3.1679,3.1679,3.1679,3.1679,2.6721,2.2523
3.3149,3.3149,3.3149,3.3149,3.3149,3.3149,3.3149,3.3149,3.3149,3.3149,3.3149,3.3149,3.3149,3.3149,1.4049,3.3149,3.3149,1.1987,3.3149,3.3149,3.3149,3.3149,3.3149,3.3149,3.3149,3.3149,3.3149,3.3149,3.3149,3.3149,3.3149,0.8756,3.3149,3.3149,3.3149,3.3149,3.3149,3.3149,3.3149,3.3149,1.7929,3.3149,3.3149,1.8977,3.3149,3.3149,3.3149,3.3149,3.3149,3.3149,3.3149,3.1118,2.2399,3.1118,0.145,3.1164,3.1164,2.2445,1.344,3.3149
2.018,3.3211,3.3211,1.571,3.3211,10.0,10.0,10.0,10.0,10.0,10.0,10.0,10.0,10.0,10.0,10.0,10.0,10.0,10.0,0.9475,10.0,1.4484,3.3211,3.3211,1.4139,3.3211,3.3211,3.3211,3.3211,2.419,3.1224,3.1224,3.1224,3.1224,3.1224,3.1224,3.1177,3.1177,3.1177,3.1177,3.1177,3.1177,3.1177,3.1177,3.1177,3.1177,3.1177,3.1177,3.1177,3.1177,3.1177,3.1177,3.1224,1.3817,3.3211,3.3211,3.3211,2.9866,2.9485,2.8805
3.1236,3.1283,3.1283,3.1283,3.1283,3.1283,3.1283,3.1283,3.1283,3.1236,3.1236,3.1236,2.6774,2.0926,3.3274,1.6853,3.3274,1.3458,2.2484,3.1236,3.1236,2.3158,3.1236,3.1283,3.1283,3.1283,3.0902,2.3344,2.2531,2.2531,2.0409,3.3274,3.3274,3.3274,3.3274,3.3274,3.3274,3.3274,1.1436,10.0,10.0,10.0,3.2843,3.1971,3.11,3.3274,3.3274,2.7757,3.186,3.1813,3.1813,3.0303,3.1813,0.4503,2.3061,2.3061,2.2175,2.3061,2.3061,2.2651
3.3338,3.3338,3.3338,3.3338,3.3338,3.3338,3.3338,3.3338,3.3338,1.2609,3.3338,3.3338,3.3338,3.3338,3.3338,2.2527,3.3338,3.1295,3.1295,3.1295,3.1295,3.1295,1.6773,3.1295,3.3338,1.6535,0.6174,1.0242,0.5091,3.3338,3.3338,3.3338,3.3338,3.3338,3.3338,3.3338,3.3338,3.3338,3.3338,3.3338,3.3338,3.3338,3.3338,3.3338,3.3338,3.3338,3.3338,3.3338,3.3338,3.3338,3.3338,3.3338,3.3338,3.3338,3.3338,0.6447,3.1873,2.2527,3.1295,3.1295
10.0,10.0,10.0,10.0,10.0,10.0,10.0,10.0,10.0,10.0,10.0,10.0,0.4298,10.0,10.0,10.0,10.0,3.3401,3.3401,3.3401,3.3401,3.3401,1.1094,3.3401,3.3401,3.3401,3.3401,3.3401,1.1175,3.3401,3.3401,3.3401,3.3401,3.3401,3.3401,3.3401,3.3401,3.3401,3.3401,3.3401,3.3401,1.2928,3.3401,3.3401,3.3401,3.3401,3.3401,3.3401,3.3401,3.3401,3.3401,0.9385,3.1524,1.5169,3.3401,3.3401,3.3401,3.3401,1.4514,3.2197
3.3465,3.3465,3.3465,3.3465,3.3465,3.3465,1.2464,3.3465,3.3465,3.3465,3.3465,3.3465,3.3465,3.3465,3.3465,3.3465,3.3465,3.3465,3.3465,3.3465,3.3465,3.3465,3.3465,3.3465,3.3465,3.3465,3.3465,3.3465,2.2613,1.7609,2.0564,3.1415,3.1415,3.1415,3.1415,3.1415,3.1415,3.1415,3.1462,3.1462,3.1462,3.1462,3.1462,3.1462,3.1462,3.2042,3.2042,3.1995,3.1949,2.81,2.2613,3.1462,3.1462,3.3465,2.266,3.3465,3.3465,3.3465,3.3465,3.3465
3.3529,3.3529,3.3529,3.1522,3.1522,3.1522,3.1522,3.1522,3.1522,3.1522,3.1522,3.1522,3.1522,3.1522,3.1522,2.2703,10.0,10.0,10.0,10.0,10.0,1.8545,2.2703,3.3529,2.8594,2.8986,3.1522,3.1522,3.1522,3.1522,3.1475,1.9787,2.8232,2.2656,2.2656,0.9587,3.3529,3.3529,1.4901,3.3529,3.3529,3.3529,3.3529,3.3529,3.3529,3.3529,3.3529,3.3529,1.6429,3.3529,3.3529,1.2411,2.2919,3.1475,3.1475,2.0998,3.1522,3.3529,3.3529,3.3529
2.2747,10.0,1.6065,10.0,10.0,10.0,10.0,10.0,10.0,10.0,3.1583,0.7188,1.644,3.1583,3.1536,3.1536,3.1583,3.1583,3.1583,3.1583,3.1583,3.1583,3.0078,3.3594,2.2747,3.3594,3.3594,3.3594,3.3594,1.243,3.3594,3.3594,1.2915,10.0,10.0,10.0,10.0,10.0,10.0,10.0,2.944,2.8743,2.8743,2.8743,2.8743,2.8743,2.8711,2.8743,3.3594,3.3594,3.2165,3.2165,3.2165,3.2165,3.2165,3.2165,3.2165,3.0552,2.4763,2.2869
3.3658,3.3658,3.3658,3.3658,3.3658,3.3658,3.3658,3.3658,3.3658,3.3658,3.3658,0.9202,3.3658,3.3658,3.3658,3.3658,3.3658,1.8338,3.3658,3.3658,3.3658,3.3658,3.3658,3.3658,3.3658,3.3658,0.7762,0.7885,3.3658,3.3658,3.3658,3.3658,3.3658,0.6322,3.3658,3.3658,3.3658,3.3658,1.1868,3.3658,3.3658,3.3658,3.3658,3.3658,3.3658,3.3658,3.3658,3.3658,1.3057,3.3658,3.3658,3.3658,3.3658,3.1596,0.1301,3.1596,3.1643,3.1643,3.1643,1.6422
3.3723,3.3723,1.1578,10.0,10.0,10.0,10.0,10.0,10.0,10.0,10.0,10.0,10.0,10.0,10.0,0.2813,10.0,0.877,10.0,10.0,1.1609,3.3723,3.3723,3.3723,3.3723,3.3723,1.1968,3.3723,1.6608,3.3723,3.3723,3.3723,3.3723,2.0476,2.2834,2.8228,3.1704,3.1704,3.1704,3.1704,3.1704,3.1704,3.1704,3.1704,3.1704,3.1704,3.1704,3.1704,3.1704,3.1704,3.1704,3.1704,0.9906,3.3723,3.3723,2.8854,2.8854,2.8854,2.8854,2.8854
2.2831,3.1718,3.1718,3.1718,3.1718,3.1718,3.1718,3.1718,3.1718,3.1718,3.3788,2.2994,3.3788,1.5298,3.3788,3.3788,3.3788,3.3788,0.9221,1.3891,3.3788,3.3788,3.3788,1.615,3.1718,3.1718,3.1718,3.1765,3.1765,3.1765,3.1765,3.3788,2.2878,1.9947,3.3788,3.3788,3.3788,3.3788,3.3788,3.3788,1.6892,3.3788,3.3788,3.3788,3.3788,3.2351,2.7162,1.6064,2.8958,2.3359,3.1765,3.1765,3.3788,2.3124,3.3788,3.3788,3.3788,3.3788,3.3788,3.028
3.3853,3.3853,3.3853,2.2875,1.982,2.2875,2.2875,2.2875,2.2875,2.2875,2.2875,2.2875,2.2875,2.2875,3.1779,3.1779,3.1779,3.1779,1.7155,3.1827,3.0117,3.1827,3.1827,3.1779,3.1779,3.1779,2.9203,1.1305,1.3817,3.3853,1.1377,3.3853,3.3853,3.3853,0.6045,3.3853,3.3853,3.3853,3.3853,3.3853,3.3853,3.3853,3.3853,1.0275,3.3853,3.3853,3.3853,3.3853,3.3853,3.3853,1.1323,3.3853,3.3853,3.3853,3.3853,3.2414,3.2414,3.2414,3.2414,3.2414
1.3135,10.0,10.0,10.0,10.0,10.0,10.0,10.0,10.0,10.0,1.0724,10.0,10.0,10.0,3.3919,3.3919,3.3919,2.1076,3.3919,3.3919,3.3919,1.4569,3.3919,3.3919,1.3424,3.3919,3.3919,3.3919,3.3919,3.3919,3.3919,3.3919,3.3919,3.3919,3.3919,3.3919,3.3919,1.1399,10.0,10.0,0.988,3.3919,3.3919,3.2545,3.1657,3.077,2.9883,2.9021,2.9021,2.9021,3.1187,3.3919,1.7414,3.3919,2.0664,2.3555,2.3337,2.3555,2.3555,2.0966
3.3985,3.3985,3.3985,3.3985,3.3985,3.3985,3.3985,3.3985,3.3985,3.3985,0.9798,3.3985,3.3985,3.3985,3.3985,3.3985,3.3985,3.3985,1.0595,3.3985,3.3985,3.3985,3.3985,3.3985,3.3985,0.4171,3.3985,0.5289,3.3985,3.3985,3.3985,3.3985,1.0466,2.2964,2.39,2.6068,3.1903,3.1903,2.7726,3.1903,3.1903,2.9383,3.1903,3.1903,3.104,3.3985,1.9905,3.3985,3.2492,2.6882,3.1903,2.2964,3.195,3.195,0.165,1.0535,3.3985,3.3985,3.3985,3.3985
3.4051,2.3957,2.3056,2.3056,2.3056,2.3056,2.3056,2.3056,2.3056,2.3056,2.3056,2.2102,2.3056,2.3056,10.0,0.9239,10.0,10.0,10.0,10.0,10.0,10.0,10.0,3.4051,3.4051,3.4051,3.4051,3.4051,2.3188,2.9828,3.2012,3.2012,3.1965,3.1965,3.1965,3.1965,2.3008,2.3008,2.3447,2.37,2.3951,3.1965,2.663,3.1965,2.8913,3.1965,3.1965,2.7237,3.1965,2.9521,3.1965,3.1752,3.1965,3.2012,2.3056,3.2012,1.5841,3.4051,3.1962,3.1225
3.2075,3.2075,3.2075,3.2075,3.0885,3.2075,3.2075,3.2075,3.2075,2.3101,1.2575,3.2027,3.2027,3.2027,2.5821,2.3053,1.8352,3.2027,3.2027,3.2027,3.2027,3.2027,3.2075,3.2075,3.1507,2.3851,2.3101,3.4117,1.5979,3.4117,3.4117,1.6297,3.4117,10.0,10.0,3.4117,3.4117,10.0,3.252,3.1739,3.0958,3.0178,2.9398,2.9191,2.9191,0.991,3.4117,3.4117,2.4259,0.8097,3.2618,3.2618,1.0508,0.4998,3.2618,3.2618,3.2618,3.2096,2.6014,2.3225
3.4183,3.4183,3.4183,3.4183,3.4183,3.4183,3.4183,3.4183,3.4183,3.4183,3.4183,3.4183,3.4183,3.4183,3.4183,3.4183,2.3098,3.4183,3.1586,3.2089,2.3862,1.1667,0.8288,3.4183,1.1414,3.4183,3.4183,3.4183,3.4183,0.8669,3.4183,3.4183,0.7033,3.4183,3.4183,3.4183,3.4183,3.4183,3.4183,3.4183,3.4183,3.4183,1.0237,3.4183,3.4183,3.4183,3.4183,3.4183,3.4183,0.758,3.4183,3.4183,3.4183,3.4183,2.3719,2.3691,2.3691,2.3691,2.3783,2.7772
10.0,10.0,10.0,10.0,10.0,10.0,10.0,10.0,10.0,10.0,10.0,0.9565,10.0,10.0,10.0,0.9191,10.0,10.0,10.0,3.425,3.425,1.0631,3.425,3.425,3.425,3.425,3.425,1.3681,3.425,3.425,1.3067,3.425,3.425,1.4556,3.425,3.425,3.425,3.425,3.425,1.939,3.425,3.425,1.7594,3.425,3.425,1.6397,3.425,3.425,3.425,3.425,3.425,3.425,3.425,2.9305,3.0038,3.0726,1.3595,3.1063,3.0667,2.996
3.4317,3.4317,1.5012,3.4317,3.4317,1.6681,3.4317,3.4317,3.4317,3.4317,3.4317,3.4317,1.5823,3.4317,1.181,3.4317,3.4317,3.4317,3.4317,3.4317,0.9715,3.4317,3.4317,3.4317,3.4317,1.2273,0.9198,2.7917,3.2215,3.2215,3.2215,3.2263,3.2263,3.2263,3.2263,3.2263,3.2263,3.2263,3.2263,3.2263,3.2263,3.2263,3.2263,3.2263,3.2263,3.2858,3.2858,3.281,3.2215,3.2215,2.3783,1.5887,3.2263,3.4317,3.4317,1.6863,3.4317,3.4317,3.4317,3.4317
3.4385,3.4385,3.4385,3.2278,3.2278,3.2278,3.2278,3.2278,3.2278,3.2278,3.2278,3.2278,3.2278,3.2278,3.2278,3.2327,0.5808,3.148,1.5256,10.0,1.8856,2.3282,2.6937,3.2327,3.2327,3.2327,3.2327,3.2327,3.2278,3.2278,1.787,3.4385,3.4385,3.4385,3.4385,3.4385,3.4385,3.4385,3.4385,3.4385,3.4385,3.4385,3.4385,3.4385,3.4385,3.4385,3.4385,1.2552,3.4385,3.4385,3.4385,1.467,1.9576,2.601,2.4061,3.2278,3.2327,3.0581,2.4002,2.3878
10.0,10.0,10.0,10.0,10.0,10.0,1.2221,10.0,10.0,10.0,10.0,3.4452,2.3328,1.1547,3.239,3.239,3.239,3.1703,2.554,2.3328,3.4452,2.0279,3.4452,3.4452,2.051,3.4452,3.4452,3.4452,3.4452,3.4452,3.4452,1.0763,3.4452,3.4452,10.0,10.0,10.0,10.0,10.0,10.0,10.0,2.9478,2.9478,2.9478,2.9478,2.9478,0.8245,2.9232,2.9478,3.4452,3.4452,3.2987,3.2987,3.2987,3.2987,3.2987,3.2987,3.1166,2.5261,2.3453
3.452,3.452,3.452,3.452,3.452,3.452,3.452,3.452,3.452,3.452,3.452,3.452,3.452,3.452,3.452,3.452,1.3603,3.452,3.452,3.452,1.0019,3.452,3.452,3.452,3.452,3.452,3.452,3.452,0.9984,3.452,3.452,0.8867,3.452,3.452,1.4579,3.452,3.452,3.452,3.452,3.452,3.452,3.452,3.452,3.452,3.452,3.452,3.452,3.452,3.452,3.452,3.452,1.7667,2.7531,3.2405,0.1353,3.2454,3.2454,2.4082,3.452,3.452
3.4588,3.4588,3.4588,3.4588,10.0,10.0,1.4099,10.0,10.0,1.3079,10.0,10.0,10.0,10.0,10.0,0.3321,10.0,10.0,10.0,10.0,10.0,10.0,3.4588,3.4588,3.4588,1.1924,3.4588,3.4588,3.4588,2.342,2.342,2.342,3.2518,3.1064,3.2518,3.2518,3.2518,3.2518,3.2469,3.2469,3.2469,3.2469,3.2469,3.2469,3.2469,3.2469,3.2469,3.2469,3.2469,3.2518,3.2518,3.2518,3.2518,3.2518,3.4588,1.2459,2.9594,2.9594,2.9594,2.9594
3.2534,3.2534,3.2534,3.2534,3.2534,3.2534,3.2534,3.2534,3.2534,3.2534,3.2534,3.4657,2.3418,3.4657,3.4657,3.4657,3.4657,1.4165,3.4657,2.1198,2.3418,2.3418,2.3418,1.229,3.2582,3.2582,3.2582,3.2582,3.1541,2.6196,2.3467,3.4657,3.4657,3.4657,3.4657,3.4657,3.4657,3.4657,10.0,10.0,3.4657,1.2302,3.4657,3.4657,3.4657,3.4657,3.3183,2.4067,1.1369,3.3134,1.9549,2.4019,2.4019,0.5291,3.4657,3.4657,3.4657,1.677,3.1465,2.4129
3.4726,3.4726,3.4726,1.4959,3.4726,3.4726,1.4155,3.4726,3.4726,3.4726,3.4726,3.4726,3.4726,1.6074,3.4726,2.3935,3.2598,3.2598,3.2598,3.2647,3.2647,3.2598,3.2598,2.1701,2.3464,2.3464,3.4726,3.4726,3.4726,3.4726,3.4726,0.9361,3.4726,3.4726,3.4726,3.4726,3.4726,3.4726,3.4726,3.4726,3.4726,3.4726,3.4726,3.4726,3.4726,3.4726,1.0492,3.4726,3.4726,3.4726,3.4726,3.4726,3.4726,3.4726,3.4726,0.6553,1.1851,1.7968,2.3464,2.9
10.0,10.0,10.0,10.0,0.9278,10.0,10.0,10.0,10.0,10.0,10.0,10.0,0.3757,0.9518,10.0,3.4794,3.4794,3.4794,3.4794,3.4794,3.4794,3.4794,3.4794,3.4794,3.4794,3.4794,3.4794,3.4794,3.4794,3.4794,3.4794,3.4794,3.4794,3.4794,3.4794,3.4794,3.4794,3.4794,3.4794,3.4794,3.4794,3.4794,3.4794,3.4794,3.4794,4.0547,10.0,1.0458,3.3413,3.2359,3.081,3.1592,3.4794,3.4794,3.4794,1.6621,3.4794,3.4794,3.4794,2.707
0.7805,3.4864,3.4864,1.1023,3.4864,3.4864,3.4864,3.4864,3.4864,3.4864,3.4864,3.4864,3.4864,1.2965,3.4864,3.4864,3.4864,3.4864,3.4864,0.9314,3.4864,3.4864,0.8965,3.4864,3.4864,3.4864,3.4864,3.4864,1.4932,3.4864,2.3558,1.5009,3.2728,3.2728,3.2728,3.2728,3.2728,3.2728,3.2728,3.2728,3.2728,3.2728,3.2728,3.2728,3.2728,2.4239,3.3332,3.3332,3.3332,3.2728,2.3558,3.2777,3.2777,3.2777,2.42,3.4864,1.5623,1.0195,3.4864,3.4864
3.4933,3.4933,3.4933,3.2842,3.2842,3.2842,3.2842,3.2842,3.2842,3.2842,3.2842,3.2842,3.2842,3.2842,2.3654,10.0,10.0,10.0,10.0,10.0,10.0,10.0,10.0,2.2728,2.3654,2.3654,2.3654,2.8627,3.2842,3.2842,3.2842,3.2793,3.2793,3.2793,3.2793,1.7496,3.4933,3.4933,3.4933,3.4933,3.4933,3.4933,1.8311,3.4933,3.4933,1.7625,3.4933,3.4933,3.4933,3.4933,3.4933,3.4933,2.7796,3.2793,1.5932,2.3654,3.2842,3.4933,3.4933,3.4933
2.3701,2.136,10.0,10.0,10.0,10.0,10.0,10.0,1.8511,3.2908,2.0923,0.7269,3.2859,3.2859,3.2859,3.2859,3.2859,3.2908,3.2908,3.2908,3.2908,3.2908,3.2908,3.5003,2.3701,3.5003,3.5003,1.5003,3.5003,3.5003,3.5003,3.5003,10.0,10.0,10.0,10.0,10.0,10.0,10.0,0.9024,2.9949,2.9949,2.9949,2.9949,2.9949,2.9949,2.9949,3.5003,3.5003,0.8822,3.3515,3.3515,3.3465,3.3465,3.3465,3.3465,3.3465,3.032,2.4575,2.3828
3.5073,3.5073,3.5073,3.5073,3.5073,3.5073,3.5073,3.5073,0.9452,3.5073,3.5073,3.5073,3.5073,3.5073,3.5073,3.5073,2.0558,2.3699,3.5073,2.0252,1.6895,3.5073,0.9342,3.5073,3.5073,1.0106,3.5073,3.5073,3.5073,3.5073,3.5073,3.5073,3.5073,3.5073,3.5073,1.0794,3.5073,3.5073,3.5073,3.5073,3.5073,3.5073,3.5073,3.5073,3.5073,3.5073,3.5073,3.5073,3.5073,3.5073,3.5073,3.5073,3.5073,3.5073,3.2924,3.2924,3.2924,1.7104,3.2974,3.2974
3.5143,10.0,10.0,10.0,10.0,1.0096,10.0,10.0,10.0,10.0,10.0,10.0,10.0,10.0,0.7084,0.3257,10.0,10.0,10.0,10.0,10.0,3.5143,3.5143,3.5143,3.5143,3.5143,3.5143,3.5143,3.5143,1.3897,3.5143,3.5143,3.5143,3.5143,3.5143,2.3796,2.6963,3.304,3.1099,3.304,3.304,2.9483,3.304,3.304,2.7868,2.4789,2.4487,2.4185,2.3884,2.3796,2.3796,2.3796,3.5143,3.5143,3.0069,3.0069,3.0069,3.0069,3.0069,1.1089
3.5214,1.9653,2.3795,2.3795,2.3795,2.3795,2.3795,2.3372,2.3795,2.3795,2.3795,3.5214,3.5214,3.5214,3.5214,1.1649,3.5214,3.5214,1.0268,3.5214,3.5214,3.5214,3.5214,3.5214,0.7071,3.3057,3.3057,3.3057,3.3106,3.3106,3.3106,3.3106,3.3106,2.3844,2.3844,2.3844,2.3844,2.3844,2.3844,2.179,2.3844,2.3844,2.3844,2.3844,2.3844,3.3717,2.103,1.7541,2.8748,2.3795,2.4405,3.3106,3.5214,2.3844,1.9459,3.5214,3.5214,3.5214,1.3923,3.5214
3.5285,2.2356,2.3842,2.4325,2.815,3.3123,3.3123,2.6587,2.4842,2.4778,2.4713,2.4648,2.4582,3.3123,3.3123,3.3123,1.9821,2.3892,2.2352,2.3892,3.3173,3.3173,3.3173,3.3173,3.3173,3.3123,3.3123,3.3123,3.3123,1.3012,3.5285,3.5285,3.5285,0.8525,3.5285,3.5285,3.5285,3.5285,3.5285,3.5285,1.0317,3.5285,3.5285,3.5285,3.5285,3.5285,3.5285,3.5285,3.5285,3.5285,0.8303,3.5285,3.5285,3.5285,3.5285,3.3785,3.3785,3.3785,3.3785,3.3785
10.0,10.0,10.0,10.0,10.0,10.0,10.0,10.0,10.0,10.0,10.0,10.0,10.0,1.6783,0.6178,2.394,2.4242,2.394,3.5356,1.6784,3.5356,3.5356,1.5891,3.5356,3.5356,3.5356,3.5356,1.062,3.5356,3.5356,3.5356,3.5356,3.5356,1.095,3.5356,10.0,10.0,10.0,10.0,10.0,10.0,10.0,3.0556,0.8905,3.0251,3.0251,3.0251,3.0251,3.0251,3.0251,0.82,3.5356,2.4553,2.4553,2.4553,2.4954,2.5192,2.4968,2.4553,2.4069
3.5428,3.5428,3.5428,3.5428,3.5428,3.5428,3.5428,0.9306,3.5428,3.5428,3.5428,3.5428,3.5428,3.5428,1.3122,3.5428,3.5428,3.5428,3.5428,3.5428,3.5428,0.5727,3.5428,3.5428,0.7775,0.4304,3.5428,3.5428,3.5428,1.103,3.5428,3.5428,3.5428,1.8832,3.5428,3.5428,2.0678,3.5428,3.5428,3.5428,3.5428,3.5428,2.3939,2.3939,2.3939,2.3939,2.1633,1.4651,3.5428,3.5428,3.3257,2.4727,3.3257,1.299,0.1483,3.3307,2.3989,1.6657,3.5428,3.5428
3.55,3.55,3.55,3.55,3.55,10.0,10.0,1.8512,10.0,10.0,1.7047,10.0,10.0,0.5407,10.0,10.0,10.0,10.0,10.0,10.0,10.0,1.3712,10.0,3.55,3.55,3.55,3.55,3.55,2.079,2.4519,3.3375,3.3375,3.3375,3.3375,3.3375,3.3325,3.3325,3.3325,2.4865,3.3325,3.3325,3.3325,3.3325,3.3325,3.3325,3.3325,3.3325,3.3325,3.3325,3.3325,3.3325,3.3325,3.3325,1.1983,3.3375,3.55,3.55,3.0374,3.0374,3.0374
3.3442,3.3442,3.3442,3.3442,3.3442,3.3442,3.3442,2.965,2.3309,3.3442,3.3392,3.3392,2.9603,2.4036,3.5572,3.5572,1.8556,2.2144,3.3392,3.3392,2.8811,3.3392,3.3442,3.3442,3.3442,3.3442,2.4086,2.0688,3.5572,3.5572,2.0919,3.5572,3.5572,3.5572,3.5572,1.098,3.5572,3.4771,3.395,3.3134,3.2319,3.1504,3.069,3.0435,3.0435,3.5572,3.5572,3.3137,3.4059,3.4059,3.4009,1.5952,1.073,0.4567,2.4653,2.4653,2.4653,2.4653,2.4653,2.4215
3.5644,3.5644,1.0781,3.5644,3.5644,3.5644,3.5644,3.5644,3.5644,3.5644,3.5644,3.5644,1.122,3.5644,3.5644,3.5644,2.4085,3.5644,3.346,3.346,3.346,3.346,1.7116,1.3225,3.5644,3.5644,3.5644,1.0414,0.5261,3.5644,3.5644,3.5644,0.7848,3.5644,3.5644,3.5644,3.5644,3.5644,3.5644,0.9505,3.5644,3.5644,3.5644,3.5644,3.5644,3.5644,3.5644,3.5644,3.5644,0.7531,3.5644,3.5644,3.5644,3.5644,3.5644,3.4078,3.4078,3.346,3.346,3.346
10.0,1.0599,10.0,10.0,10.0,10.0,10.0,10.0,10.0,10.0,10.0,10.0,10.0,10.0,10.0,10.0,1.1142,10.0,3.5717,1.1637,3.5717,3.5717,3.5717,3.5717,3.5717,1.064,3.5717,3.5717,3.5717,3.5717,3.5717,1.1134,3.5717,3.5717,3.5717,3.5717,3.5717,3.5717,1.4336,3.5717,3.5717,3.5717,3.5717,3.5717,3.5717,3.5717,3.5717,3.5717,3.5717,3.5717,3.5717,1.0071,3.056,3.0917,3.1815,3.2544,3.2847,3.2901,1.48,3.1732
3.579,3.579,3.579,3.579,3.579,3.579,3.579,3.579,3.579,1.3155,3.579,3.579,3.579,3.579,3.579,3.579,3.579,3.579,3.579,3.579,3.579,3.579,3.579,3.579,3.579,3.579,1.5941,2.4183,2.2362,2.4183,3.3597,3.3597,3.3647,3.3647,3.3647,3.3647,3.3647,3.3647,3.3647,3.3647,3.3647,3.3647,3.3647,3.3647,3.4268,2.4854,3.4217,3.4217,3.3597,2.5718,3.3647,3.3647,3.3647,3.579,3.579,3.579,3.579,3.579,3.579,1.1674
3.5863,3.5863,3.5863,3.3666,3.3716,3.3716,3.3716,3.3716,3.3716,3.3716,3.3716,3.3666,3.3666,3.3716,0.9484,3.3716,1.2464,10.0,10.0,1.3366,10.0,10.0,2.3699,3.5863,3.3716,3.3716,3.3716,3.3716,3.3716,3.3666,1.3889,2.4233,2.4233,3.5863,1.2611,3.5863,3.5863,3.5863,3.5863,3.5863,3.5863,1.3583,3.5863,3.5863,3.5863,3.5863,3.5863,3.5863,3.5863,3.5863,3.5863,3.5863,1.7134,3.5863,3.3666,3.3666,2.446,3.3716,3.5863,3.5863
10.0,10.0,10.0,10.0,10.0,10.0,10.0,10.0,10.0,1.3624,3.5936,2.4255,3.3785,3.3785,3.3785,3.3785,3.3785,3.3785,3.2372,2.5115,2.4333,2.4333,2.4333,2.4333,3.5936,3.5936,1.4497,3.5936,3.5936,3.5936,3.5936,3.5936,3.5936,10.0,10.0,10.0,0.9016,10.0,10.0,10.0,3.0748,3.0748,3.0748,3.0748,3.0748,3.0748,3.0748,3.0748,3.5936,3.5936,2.0189,3.4408,3.4408,3.4408,3.4408,3.4408,3.4408,3.0056,2.4463,2.4463
3.601,0.7561,3.601,3.601,3.601,3.601,3.601,3.601,3.601,3.601,3.601,3.601,3.601,3.601,3.601,1.5809,3.601,3.601,1.5845,3.601,0.7631,3.601,3.601,3.601,3.601,3.601,0.805,3.601,3.601,3.601,3.601,3.601,3.601,3.601,3.601,3.601,3.601,3.601,3.601,3.601,3.601,1.2813,3.601,3.601,3.601,3.601,3.601,3.601,3.601,3.601,3.601,3.601,3.601,2.4333,0.1289,3.3855,1.3077,3.3855,2.4383,3.601
3.6084,3.6084,3.6084,10.0,10.0,10.0,10.0,10.0,10.0,10.0,10.0,10.0,1.157,10.0,10.0,0.2917,10.0,10.0,10.0,10.0,10.0,10.0,3.6084,3.6084,3.6084,3.6084,3.6084,3.6084,3.6084,3.6084,1.8379,3.6084,2.1628,2.4433,2.4671,3.0934,3.3925,3.3925,3.3925,3.3925,3.3925,3.3925,3.3925,3.3925,3.3925,3.3925,3.3925,3.3925,3.3925,3.3925,3.3925,3.3925,2.4433,3.6084,3.6084,3.0874,3.0874,1.2128,3.0874,3.0874
3.3944,3.3944,3.3944,3.3944,3.3944,3.3944,3.3944,3.3944,3.3944,3.3944,3.6159,2.4433,2.0597,3.6159,3.6159,3.6159,1.228,3.6159,3.6159,3.6159,1.5817,1.8647,3.3944,2.0923,1.886,3.3995,3.3995,3.3995,3.3995,3.3995,2.521,2.4484,3.6159,3.6159,3.6159,3.6159,3.6159,1.5598,3.6159,3.6159,3.6159,3.6159,3.6159,3.6159,3.6159,3.4621,2.5888,3.4621,1.1999,2.3552,2.8518,3.3995,2.7851,2.3321,3.6159,1.5293,3.6159,3.6159,3.5151,2.6957
3.6234,3.6234,3.6234,3.6234,3.6234,3.6234,3.6234,1.8297,3.6234,3.6234,1.6653,3.6234,3.6234,3.6234,2.4484,3.4014,3.4014,3.4014,3.4014,2.184,3.4065,3.4065,3.4065,3.4014,3.4014,2.3424,2.4484,2.4484,3.6234,3.6234,1.1693,3.6234,3.6234,3.6234,0.6395,3.6234,3.6234,3.6234,3.6234,3.6234,3.6234,3.6234,3.6234,3.6234,3.6234,3.6234,3.6234,3.6234,3.6234,3.6234,3.6234,3.6234,3.6234,3.6234,3.6234,3.6234,3.4693,3.4693,3.4693,3.4693
10.0,10.0,10.0,10.0,10.0,10.0,10.0,0.9424,10.0,10.0,10.0,10.0,10.0,10.0,3.6309,1.5121,1.7657,3.6309,3.6309,3.6309,3.6309,3.6309,3.6309,3.6309,3.6309,3.6309,3.6309,3.6309,3.6309,3.6309,3.6309,3.6309,3.6309,3.6309,3.6309,3.6309,3.6309,1.0472,10.0,10.0,10.0,3.6309,3.6309,10.0,3.2906,3.1984,3.1066,3.1066,3.1066,3.1066,3.1066,3.6177,3.6309,3.6309,3.6309,3.6309,3.6309,3.6309,3.0847,2.4717
3.6384,3.6384,3.6384,3.6384,3.6384,3.6384,3.6384,3.6384,3.6384,3.6384,0.9966,3.6384,3.6384,3.6384,3.6384,1.0959,3.6384,3.6384,3.6384,3.6384,3.6384,3.6384,3.6384,3.6384,3.6384,3.6384,0.8815,1.2659,3.6384,3.6384,1.2404,3.6384,2.4585,3.4155,3.4155,3.4155,3.4155,3.4155,3.4155,3.4155,3.4155,3.4155,3.4155,3.4155,3.6384,2.4852,3.4786,3.4786,3.4786,2.5231,3.4155,3.4206,3.4206,3.4206,3.6384,3.6384,3.6384,3.6384,3.6384,3.6384
3.646,3.646,2.7449,2.5073,2.4688,2.4688,2.4688,2.4688,2.4688,2.4688,2.4698,2.4761,2.4825,2.4688,1.8223,10.0,10.0,10.0,0.9587,10.0,10.0,10.0,1.7408,10.0,3.646,1.7222,3.646,3.646,2.5139,3.2396,3.4278,3.4278,3.4226,3.4226,3.4226,3.4226,1.4126,3.646,3.646,3.646,3.646,3.646,2.4636,2.3042,2.4636,2.4636,2.2026,2.4636,2.4636,2.4636,2.4636,2.4636,3.4226,3.4226,1.6365,3.0309,1.4836,3.646,3.2883,3.2125
3.4349,2.8951,2.4739,2.4739,2.4739,2.4739,2.4739,2.4739,2.4739,2.4739,2.4739,3.4298,3.4298,3.4298,3.2916,2.325,2.5067,3.4298,3.4298,3.4349,3.4298,3.4349,3.4349,3.4349,2.7545,3.6536,3.6536,3.6536,3.6536,3.6536,3.6536,3.6536,10.0,10.0,10.0,10.0,10.0,10.0,3.2296,3.1261,3.1261,3.1261,0.8982,3.1261,3.1261,3.1202,3.6536,3.6536,3.4982,0.8293,3.4982,3.4931,3.4931,3.4931,3.4931,3.4931,3.4931,3.0669,2.4872,2.4872
3.6612,3.6612,3.6612,3.6612,3.6612,0.9877,3.6612,3.6612,3.6612,3.6612,3.6612,3.6612,3.6612,3.6612,3.6612,3.6612,3.6612,2.485,2.5085,2.4739,3.6612,3.6612,0.8338,3.6612,3.6612,3.6612,3.6612,3.6612,3.6612,3.6612,3.6612,3.6612,3.6612,3.6612,3.6612,3.6612,3.6612,3.6612,3.6612,3.6612,3.6612,3.6612,3.6612,3.6612,3.6612,1.1153,3.6612,3.6612,3.6612,3.6612,3.6612,3.6612,3.6612,2.2428,3.6612,2.4739,3.4369,3.4369,2.1928,2.5374
10.0,10.0,10.0,10.0,10.0,10.0,10.0,10.0,0.9506,10.0,10.0,10.0,10.0,10.0,10.0,10.0,10.0,10.0,10.0,10.0,10.0,3.6689,3.6689,3.6689,1.0278,3.6689,3.6689,3.6689,3.6689,3.6689,3.6689,3.6689,3.6689,3.6689,3.6689,3.6689,2.2022,3.6689,3.6689,3.6689,3.6689,3.6689,3.6689,3.6689,3.6689,3.6689,3.6689,3.6689,3.6689,1.9392,3.6689,3.6689,3.6689,3.1392,3.1392,3.1392,3.1392,3.1392,3.1392,3.1392
3.6766,3.6766,3.6766,3.6766,3.6766,3.6766,3.6766,3.6766,1.7579,3.6766,3.6766,3.6766,3.6766,3.6766,3.6766,3.6766,3.6766,3.6766,3.6766,3.6766,0.755,3.6766,3.6766,3.6766,1.1351,1.9897,3.1969,3.4514,3.4514,3.4565,3.4565,3.4565,3.4565,3.4565,3.4565,3.4565,3.4565,3.2417,3.4565,3.0258,3.4565,3.4565,3.1843,3.4565,2.9684,2.6274,3.5151,3.4514,3.4514,2.4843,3.4565,3.4565,3.6766,2.4895,3.6766,3.6766,1.215,3.6766,3.6766,3.6766
3.6843,3.6843,3.6843,3.4586,3.4586,3.4586,3.4586,3.4586,3.4586,3.4586,3.4586,3.4586,3.4586,3.4586,3.4586,1.44,0.577,1.7065,3.4638,10.0,10.0,2.4947,2.9771,3.4638,3.4638,3.4638,3.4638,3.4586,1.5311,0.8789,3.4586,1.5064,3.6843,3.6843,3.6843,3.6843,3.6843,1.0573,3.6843,3.6843,3.6843,3.6843,3.6843,3.6843,3.6843,3.6843,3.6843,1.2105,3.6843,3.6843,3.6843,3.6843,3.6843,2.4895,3.0495,3.1654,3.4586,3.4638,3.4562,2.6043
10.0,10.0,10.0,1.1331,10.0,10.0,10.0,10.0,10.0,10.0,10.0,10.0,1.2095,2.5311,3.4711,3.4711,3.6921,2.5254,3.6921,3.6921,1.7887,3.6921,3.6921,1.7074,3.6921,3.6921,3.6921,3.6921,3.6921,3.6921,3.6921,3.6921,3.6921,3.6921,10.0,10.0,10.0,10.0,10.0,10.0,10.0,10.0,3.159,3.159,3.159,3.159,3.159,3.0256,3.159,3.5987,0.6734,2.564,2.6446,3.5351,3.5351,3.5351,3.5351,3.126,2.5337,2.5134
3.6999,3.6999,3.6999,3.6999,0.8967,3.6999,3.6999,3.6999,3.6999,3.6999,3.6999,3.6999,3.6999,3.6999,3.6999,3.6999,3.6999,3.6999,3.6999,3.6999,3.6999,3.6999,3.6999,3.6999,3.6999,3.6999,3.6999,3.6999,3.6999,3.6999,3.6999,0.8384,3.6999,3.6999,3.6999,3.6999,3.6999,1.5579,3.6999,3.6999,1.7117,3.6999,3.6999,3.6999,3.6999,3.6999,3.6999,1.7167,3.6999,3.6999,3.6999,3.4732,2.5001,3.4732,0.1368,3.4784,2.9541,3.6999,1.1888,3.6999
1.9713,3.7077,3.7077,1.4784,10.0,10.0,1.392,10.0,10.0,10.0,10.0,10.0,10.0,10.0,10.0,10.0,0.8028,10.0,10.0,10.0,10.0,10.0,10.0,3.7077,3.7077,3.7077,3.7077,1.5295,3.7077,3.7077,2.6041,3.0639,3.2259,3.4858,3.4858,3.4858,3.4858,3.4806,3.4806,3.4806,3.4806,3.4806,3.4806,3.4806,3.4806,3.4806,3.4806,3.4806,3.4806,3.4806,3.4806,3.4806,3.4858,2.5106,3.7077,3.7077,3.7077,3.1724,3.1724,3.1724
3.488,3.488,3.4932,3.4932,3.4932,3.4932,3.4932,3.4932,3.488,3.488,3.488,3.7156,2.5107,3.7156,3.7156,3.7156,3.7156,3.7156,1.7151,2.5107,3.1295,2.5107,1.7259,3.4932,3.4932,3.4932,3.3581,2.5251,2.5159,2.5159,3.7156,3.7156,3.7156,3.7156,3.7156,3.7156,3.8036,10.0,1.1521,3.5408,3.4537,3.3667,3.2797,3.1926,3.7156,3.7156,3.5576,2.5803,1.1622,3.5524,3.5524,2.5751,2.5751,0.4272,1.9401,3.7156,3.7156,3.5773,2.8995,2.5294
3.7235,3.7235,3.7235,3.7235,3.7235,3.7235,1.3674,3.7235,3.7235,1.2575,3.7235,3.7235,3.7235,3.7235,3.7235,3.7235,3.7235,3.4954,3.4954,3.4954,3.4954,3.4954,1.6092,1.2778,1.8338,3.7235,3.7235,3.7235,0.506,3.7235,3.7235,3.7235,3.7235,3.7235,3.7235,3.7235,0.8976,3.7235,3.7235,3.7235,3.7235,3.7235,3.7235,3.7235,3.7235,3.7235,3.7235,3.7235,3.7235,3.7235,3.7235,3.7235,3.7235,3.7235,3.7235,0.6102,3.5599,3.5599,2.5401,3.4954
10.0,10.0,10.0,10.0,10.0,10.0,10.0,10.0,10.0,10.0,10.0,10.0,0.3951,10.0,10.0,10.0,10.0,1.2947,3.7314,3.7314,3.7314,3.7314,3.7314,3.7314,3.7314,3.7314,3.7314,3.7314,3.7314,3.7314,3.7314,3.7314,3.7314,3.7314,1.2918,3.7314,3.7314,3.7314,3.7314,3.7314,3.7314,1.3132,3.7314,3.7314,1.1421,3.9331,4.412,3.7064,3.593,3.4796,3.313,3.1926,3.1926,1.3826,3.4575,3.5366,3.5696,3.5755,3.5299,2.9124
0.7849,3.7394,3.7394,3.7394,3.7394,3.7394,1.2058,3.7394,3.7394,3.7394,3.7394,3.7394,3.7394,1.2628,3.7394,3.7394,0.9936,3.7394,3.7394,0.7061,3.7394,3.7394,3.7394,3.7394,3.7394,3.7394,3.7394,3.7394,3.7394,1.6858,3.5103,3.5103,3.5103,3.5103,3.5103,3.5103,3.5103,3.5103,3.5103,3.5103,3.5103,3.5103,3.5103,3.5103,3.5804,2.5968,3.5751,3.5751,3.5103,2.5915,3.5156,3.5156,1.244,2.7792,3.7394,3.7394,3.7394,3.7394,3.7394,3.7394
3.7474,3.7474,3.7474,3.7474,3.5231,3.5231,3.5231,3.5231,3.5231,3.5231,3.5231,3.5231,3.5231,3.5231,3.5231,2.184,10.0,1.0538,10.0,10.0,10.0,10.0,10.0,10.0,2.5374,2.5374,2.5683,3.1355,3.5231,3.5231,3.5231,1.9146,2.5321,2.5321,2.1398,0.9147,3.7474,3.7474,1.4454,3.7474,3.7474,3.7474,3.7474,3.7474,3.7474,3.7474,3.7474,3.7474,1.5902,3.7474,3.7474,1.2549,2.5321,3.5178,3.5178,2.0307,3.5231,1.8169,3.7474,1.5771
10.0,10.0,10.0,10.0,10.0,1.6143,10.0,10.0,10.0,3.7554,2.5429,0.7,1.6058,3.5254,3.5254,3.5254,3.5306,3.5306,3.5306,3.5306,3.5306,3.4464,3.7554,2.5696,3.7554,3.7554,3.7554,3.7554,3.7554,1.159,3.7554,3.7554,1.1439,10.0,10.0,10.0,10.0,10.0,10.0,0.8708,3.2131,3.2132,3.2132,3.2132,3.0772,3.019,2.8446,3.7554,3.7554,3.5957,3.5957,3.5957,3.5957,3.5904,3.5904,3.5904,3.516,2.9541,2.5565,2.454
3.7635,3.7635,3.7635,3.7635,3.7635,3.7635,3.7635,3.7635,3.7635,3.7635,3.7635,0.899,3.7635,3.7635,3.7635,3.7635,3.7635,1.7579,3.7635,3.7635,3.7635,3.7635,3.7635,3.7635,3.7635,3.7635,3.7635,3.7635,3.7635,3.7635,3.7635,3.7635,3.7635,3.7635,3.7635,1.0631,3.7635,3.7635,1.194,3.7635,3.7635,3.7635,3.7635,3.7635,3.7635,3.7635,3.7635,3.7635,1.3412,3.7635,3.7635,3.7635,1.8649,3.7635,0.1252,3.5329,3.5329,3.5382,3.5382,2.5984
3.7716,3.7716,1.1365,10.0,10.0,10.0,10.0,10.0,10.0,10.0,10.0,10.0,10.0,10.0,0.7465,0.2717,10.0,10.0,10.0,10.0,1.1559,10.0,10.0,1.0589,3.7716,3.7716,3.7716,3.7716,1.6583,3.7716,3.7716,1.6315,3.7716,2.0096,3.7716,2.5538,2.978,3.5458,3.5458,3.5458,3.5458,3.5458,3.5458,3.5458,3.5458,3.5458,3.5458,3.4562,3.5458,3.5458,3.2995,2.9312,0.9612,3.7716,3.5375,3.1401,3.227,3.227,3.227,3.227
3.7797,2.554,2.554,2.6232,2.9633,3.5482,3.5482,3.1212,3.5482,2.9055,2.6047,3.7797,3.7797,3.7797,3.7797,3.7797,3.7797,3.7797,3.7797,3.7797,3.7797,3.7797,1.3426,3.5482,0.6936,1.3524,3.5482,3.5535,3.5535,3.5535,3.5535,2.6027,2.4998,3.7797,3.7797,3.7797,3.7797,3.7797,3.7797,3.7797,3.7797,3.7797,3.7797,1.7572,3.619,3.619,3.619,1.6113,2.8011,3.5535,2.6195,3.7797,3.7797,1.3851,3.7797,3.7797,3.7797,3.7797,1.3123,3.1318
1.6415,3.7879,3.7879,3.7879,3.7879,3.7879,3.7879,3.7879,2.2976,3.7879,3.7879,2.1325,3.7879,2.5595,3.5558,3.5558,3.5558,1.083,2.5648,2.5648,3.2639,3.5612,3.5612,3.5612,3.5612,3.5558,3.5558,1.051,2.1407,3.7879,3.7879,3.7879,3.7879,3.7879,3.7879,3.7879,3.7879,3.7879,3.7879,3.7879,3.7879,3.7879,3.7879,3.7879,3.7879,3.7879,3.7879,3.7879,3.7879,3.7879,1.1122,3.7879,3.7879,3.7879,3.7879,3.7879,3.6268,3.6268,3.6268,3.6268
1.2797,10.0,10.0,10.0,10.0,10.0,10.0,10.0,10.0,10.0,0.9822,10.0,10.0,3.7961,0.6032,3.7961,3.7961,3.7961,3.7961,3.7961,3.7961,1.3312,3.7961,3.7961,3.7961,3.7961,3.7961,3.7961,3.7961,3.7961,3.7961,3.7961,3.7961,3.7961,3.7961,3.7961,10.0,10.0,10.0,10.0,0.9324,10.0,10.0,3.248,3.248,3.248,3.248,3.248,3.248,3.0607,0.7953,3.7961,3.7961,3.7961,3.7961,3.7961,2.6362,3.4279,2.7784,2.0085
3.8043,3.8043,3.8043,3.8043,3.8043,3.8043,3.8043,3.8043,3.8043,3.8043,3.8043,3.8043,3.8043,3.8043,3.8043,3.8043,3.8043,3.8043,3.8043,3.8043,3.8043,0.7523,3.8043,3.8043,3.8043,0.3855,3.8043,0.5096,3.8043,3.8043,3.8043,3.8043,1.0104,3.8043,2.5706,2.5706,2.5706,2.5706,2.5706,2.5706,2.5706,2.5706,2.5706,2.5706,2.5706,2.5706,3.8043,3.8043,3.8043,2.6336,3.1436,3.5713,3.5766,3.5766,0.1536,1.0321,3.8043,3.8043,3.8043,3.8043
3.8126,2.3016,3.8126,3.8126,1.9098,3.8126,10.0,10.0,10.0,10.0,10.0,10.0,10.0,10.0,10.0,10.0,10.0,10.0,10.0,10.0,10.0,10.0,10.0,1.4645,3.8126,3.8126,1.5855,3.8126,3.8126,2.5986,3.8126,3.5844,3.5844,3.5791,3.5791,3.5791,3.5791,1.9162,2.5978,2.6259,2.6537,2.6814,3.5791,3.1196,3.5791,3.5791,2.9896,3.5791,3.1773,3.5791,3.3919,3.5791,3.5791,3.5791,2.5816,3.5844,3.8126,3.8126,1.2857,3.2621
3.5922,3.5922,3.5922,3.5922,3.5922,3.5922,3.5922,3.5922,2.5872,1.7383,3.5869,3.5869,3.2199,2.5818,2.5818,3.8209,2.5818,2.11,3.5869,3.5869,3.5869,3.5922,3.5922,3.5922,3.5922,2.5872,3.8209,3.8209,3.8209,1.758,3.8209,1.5038,10.0,10.0,10.0,1.096,10.0,3.5912,3.2692,3.2692,3.2692,3.2692,3.2692,3.2692,3.1745,0.9123,3.8209,3.6585,2.3196,0.7973,3.6531,1.5153,0.9846,0.4683,3.17,2.656,2.6481,2.6542,2.6011,2.6011
3.8293,3.8293,1.0255,3.8293,3.8293,3.8293,3.8293,3.8293,3.8293,3.8293,3.8293,3.8293,3.8293,3.8293,3.8293,3.8293,3.8293,2.6464,3.8293,3.5942,3.1432,2.5875,3.8293,3.8293,3.8293,3.8293,3.8293,3.8293,3.8293,3.8293,3.8293,3.8293,0.6709,3.8293,3.8293,3.8293,3.8293,3.8293,3.8293,3.8293,3.8293,3.8293,1.0616,3.8293,3.8293,3.8293,3.8293,3.8293,3.8293,0.7174,3.8293,3.8293,3.8293,3.8293,2.6539,2.6539,2.5875,2.6539,2.6539,3.5947
10.0,10.0,10.0,10.0,10.0,10.0,10.0,10.0,10.0,10.0,10.0,0.9166,10.0,10.0,10.0,10.0,10.0,10.0,10.0,10.0,10.0,3.8377,3.8377,3.8377,3.8377,3.8377,3.8377,3.8377,3.8377,3.8377,3.8377,3.8377,3.8377,1.4584,3.8377,1.6795,3.8377,3.8377,3.8377,3.8377,3.8377,3.8377,3.8377,3.8377,3.8377,1.5783,3.8377,3.8377,1.4119,3.8377,3.8377,3.8377,3.3399,3.279,3.2836,3.2836,1.3308,3.2836,3.2836,3.2836
3.8461,3.8461,1.4857,3.8461,3.8461,3.8461,3.8461,3.8461,3.8461,3.8461,3.8461,3.8461,3.8461,3.8461,3.8461,3.8461,3.8461,1.0078,3.8461,3.8461,3.8461,3.8461,3.8461,0.9333,3.8461,1.1878,3.8461,2.5989,2.5989,3.6105,3.6105,3.6159,3.6159,3.6159,3.6159,3.6159,3.6159,3.6159,3.6159,3.6159,3.6159,3.6159,3.6159,3.6159,3.6826,2.6709,3.6771,3.6105,3.6105,2.5989,2.1345,3.6159,3.019,2.6043,1.0867,1.6173,3.8461,3.8461,3.8461,3.8461
3.8546,3.8546,3.8546,3.8546,3.6184,3.6184,3.6184,3.6184,3.6184,3.6184,3.6184,3.6184,3.6184,3.6184,3.6238,3.6238,0.5592,3.6238,10.0,10.0,10.0,10.0,2.61,2.8444,3.6238,3.6238,3.6238,3.6238,3.6238,2.0215,3.6184,3.5005,3.8546,3.8546,3.8546,3.8546,3.8546,3.8546,3.8546,3.8546,3.8546,3.8546,3.8546,3.8546,1.2278,3.8546,3.8546,3.8546,3.8546,3.8546,3.8546,1.4113,3.8546,2.2221,3.6184,2.6768,2.4392,2.6768,2.2539,3.8546
10.0,10.0,10.0,10.0,10.0,10.0,1.2207,10.0,10.0,1.3359,10.0,3.8631,3.6318,1.1051,3.6318,3.6318,3.5972,3.6318,2.6157,2.2577,3.8631,3.8631,2.1872,3.8631,3.8631,3.8631,3.8631,3.8631,1.0309,3.8631,3.8631,3.8631,3.8631,10.0,10.0,10.0,10.0,10.0,10.0,10.0,10.0,3.3053,3.3053,3.1789,3.1115,3.0391,0.7942,2.78,3.3053,3.8631,3.8631,3.6988,3.6988,3.6988,3.6988,3.6988,3.5516,2.984,2.6298,2.4788
3.8716,3.8716,3.8716,3.8716,3.8716,3.8716,3.8716,3.8716,3.8716,3.8716,3.8716,3.8716,3.8716,3.8716,3.8716,3.8716,3.8716,3.8716,3.8716,1.328,0.9574,3.8716,3.8716,0.8221,3.8716,3.8716,3.8716,3.8716,3.8716,3.8716,3.8716,0.9129,3.8716,3.8716,3.8716,3.8716,3.8716,3.8716,3.8716,3.8716,3.8716,3.8716,3.8716,3.8716,1.4022,3.8716,3.8716,3.8716,0.9957,3.8716,3.8716,3.8716,3.6344,3.6344,0.1289,3.6399,1.3185,3.2416,1.9278,3.8716
3.8802,3.8802,3.8802,3.8802,10.0,10.0,10.0,10.0,10.0,1.2177,10.0,10.0,10.0,10.0,10.0,0.3064,10.0,10.0,10.0,10.0,10.0,10.0,1.129,10.0,3.8802,3.8802,3.8802,3.8802,3.8802,2.0663,3.8802,2.3061,3.8802,2.6273,3.8802,3.6479,3.6479,3.6479,3.6479,3.6479,3.6479,3.6479,3.6479,3.6479,3.6479,3.6479,3.6479,3.6479,3.6479,3.6479,3.6479,3.6479,3.6479,3.8802,3.8802,3.8802,3.2609,3.3199,3.3199,3.1555
3.6506,3.6506,3.6506,3.6506,3.6506,3.6506,3.6506,3.6506,3.6506,3.6506,3.069,2.6277,3.8888,3.8888,1.5318,3.8888,3.8888,3.8888,3.8888,1.1683,3.8888,3.6506,2.0271,1.1721,3.656,3.656,3.656,3.5262,3.0616,2.6332,3.8888,3.8888,3.8888,3.8888,1.4369,3.8888,10.0,10.0,10.0,3.8883,3.7927,3.6971,3.6015,3.8888,1.2923,3.7234,2.7769,3.7234,3.718,3.718,3.656,2.4044,1.8922,3.8888,3.8888,3.8888,3.8888,1.6821,3.1822,2.6473
3.8974,3.8974,3.8974,1.4275,3.8974,3.8974,3.8974,3.8974,3.8974,3.8974,3.8974,3.8974,3.8974,1.6025,2.1014,2.6335,3.2102,3.6587,3.6587,3.6587,3.6642,3.6642,3.6587,3.6587,1.7699,2.3003,2.0238,1.7364,3.8974,3.8974,3.8974,3.8974,3.8974,3.8974,3.8974,3.8974,3.8974,3.8974,3.8974,3.8974,3.8974,3.8974,3.8974,3.8974,3.8974,3.8974,0.984,3.8974,3.8974,3.8974,3.8974,3.8974,3.8974,3.8974,3.8974,3.8974,1.1902,1.7393,3.7262,3.7262
10.0,10.0,10.0,10.0,10.0,10.0,10.0,10.0,10.0,10.0,10.0,10.0,0.3588,0.8875,1.2104,3.9061,3.9061,3.9061,1.5519,3.9061,1.2864,3.9061,3.9061,1.1477,3.9061,3.9061,1.2368,3.9061,3.9061,0.9597,3.9061,3.9061,1.0901,3.9061,3.9061,3.9061,3.9061,3.9061,10.0,10.0,10.0,10.0,10.0,10.0,3.4665,3.3693,3.3421,1.019,3.3421,3.3421,3.3407,3.3421,3.5532,3.7662,3.8755,3.9061,3.9061,1.7937,3.2508,2.6591
0.8171,3.9149,3.9149,3.9149,3.9149,3.9149,3.9149,3.9149,3.9149,3.9149,3.9149,3.9149,3.9149,3.9149,3.9149,3.9149,3.9149,3.9149,3.9149,3.9149,3.9149,3.9149,3.9149,3.9149,3.9149,0.7851,3.9149,3.9149,1.4839,3.9149,1.2127,2.6453,3.675,3.675,3.675,3.675,3.675,3.675,3.675,3.675,3.675,3.675,3.675,3.5198,2.9698,3.7429,3.7429,3.7429,3.675,2.7132,3.675,3.6805,3.6805,3.9149,2.6508,3.9149,1.5285,0.9889,3.9149,3.9149
3.9236,3.9236,3.9236,3.9236,3.6146,3.3112,3.6888,3.46,3.6888,3.6711,3.3396,3.6888,3.5165,3.1241,10.0,10.0,10.0,10.0,10.0,10.0,1.2808,10.0,10.0,10.0,1.9073,3.9236,2.2307,2.6568,2.9492,3.5125,3.6888,3.6888,3.6833,2.9191,3.6833,1.6587,3.9236,3.9236,3.9236,1.891,3.9236,3.9236,1.7952,3.9236,3.9236,3.9236,3.9236,3.9236,3.9236,2.018,3.9236,3.9236,3.9236,3.6833,1.5495,2.6568,3.6888,3.9236,3.9236,3.3571
2.581,10.0,10.0,10.0,2.0965,10.0,10.0,10.0,3.6971,2.6899,3.6971,2.0207,3.6915,3.6915,3.6915,3.6915,3.6915,3.6915,3.6971,3.6971,3.6971,3.6971,3.6971,3.0011,3.9324,3.9324,3.9324,1.3852,3.9324,3.9324,1.2924,10.0,10.0,10.0,10.0,10.0,10.0,10.0,10.0,3.3646,3.3646,3.3646,0.9453,3.1613,3.3646,2.9406,3.9324,3.9324,3.9324,0.7919,3.7652,3.7597,3.7597,3.7597,3.7597,3.7597,3.5213,2.9586,2.677,2.677
3.9413,3.9413,3.9413,3.9413,3.9413,3.9413,3.9413,3.9413,0.9323,3.9413,3.9413,3.9413,3.9413,3.9413,3.9413,3.9413,3.9413,3.9413,2.1842,3.9413,1.5957,1.2787,3.9413,3.9413,3.9413,0.9457,3.9413,3.9413,3.9413,3.9413,3.9413,3.9413,3.9413,3.9413,3.9413,3.9413,3.9413,3.9413,3.9413,3.9413,3.9413,3.9413,3.9413,3.9413,3.9413,1.0817,3.9413,3.9413,3.9413,3.9413,3.9413,3.9413,3.9413,3.9413,3.9413,1.8663,3.6998,3.6998,3.7054,3.7054
3.9502,10.0,10.0,10.0,10.0,10.0,10.0,10.0,10.0,10.0,10.0,10.0,10.0,10.0,10.0,0.3554,10.0,10.0,1.0041,10.0,10.0,10.0,10.0,10.0,3.9502,3.9502,3.9502,3.9502,3.9502,1.3762,3.9502,3.9502,1.4639,3.9502,1.8575,3.9502,3.9502,2.6747,2.6747,2.6747,2.36,2.6747,2.6747,2.6747,2.6747,2.6747,3.9502,3.9502,3.9502,3.9502,3.9502,3.9502,3.9502,3.8547,1.2262,3.3798,3.3798,3.3798,3.3798,3.2304
3.9591,1.8918,3.9591,3.9591,2.07,3.9591,3.9591,2.2347,3.9591,3.9591,3.9591,2.0019,3.9591,3.9591,3.9591,3.9591,3.9591,3.9591,3.9591,3.9591,3.9591,1.1152,3.9591,3.9591,0.6874,3.543,3.7166,3.7166,3.7221,3.7221,3.7221,3.7221,3.3096,2.6808,2.6808,2.5024,2.6808,2.6808,2.6808,2.6808,2.6808,2.6808,2.2386,3.7926,3.7907,2.7494,2.1394,3.2926,2.75,2.811,3.7221,3.9591,2.6871,3.9591,3.9591,3.9591,1.1201,3.9591,3.9591,3.8408
3.9681,3.9681,2.6813,2.7516,3.725,3.2619,3.725,3.725,3.1067,3.725,2.7955,2.7881,2.7806,3.725,3.725,3.725,3.725,3.7306,2.6868,1.9449,2.5215,2.7053,3.7306,3.7306,3.7306,3.7306,3.725,3.725,3.725,0.8604,3.9681,3.9681,1.2529,0.8458,3.9681,3.9681,3.9681,3.9681,3.9681,3.9681,3.9681,3.9681,3.9681,3.9681,3.9681,3.9681,3.9681,3.9681,3.9681,3.9681,0.8172,3.9681,3.9681,3.9681,3.9681,3.5458,3.725,3.725,3.7306,3.7306
10.0,10.0,10.0,10.0,10.0,10.0,10.0,10.0,10.0,10.0,10.0,10.0,3.9771,3.9771,0.6162,2.6929,2.6929,3.9771,3.9771,3.9771,3.9771,3.9771,1.4856,3.9771,3.9771,1.4905,3.9771,3.9771,3.9771,3.9771,3.9771,3.9771,3.9771,1.044,10.0,10.0,10.0,10.0,10.0,10.0,10.0,10.0,3.4028,0.849,3.4028,3.2174,3.4028,3.4028,2.8804,3.4028,0.6837,1.9997,3.9771,2.7619,2.7619,2.7619,2.7619,2.7619,2.7074,2.6303
3.9861,3.9861,3.9861,3.9861,3.9861,3.9861,3.9861,0.987,3.9861,3.9861,3.9861,3.9861,3.9861,3.9861,1.2569,3.9861,3.9861,1.1599,3.9861,3.9861,3.9861,0.5495,3.9861,3.9861,3.9861,0.45,3.9861,3.9861,3.9861,3.9861,3.9861,0.8736,3.9861,3.9861,3.9861,3.9861,3.9861,3.9861,3.9861,3.9861,3.9861,3.9861,3.9861,1.8416,3.9861,3.9861,3.9861,1.4261,3.9861,3.9861,2.1415,2.6935,3.7419,1.1844,0.1397,3.9861,2.6991,1.687,3.9861,3.9861
3.9952,3.9952,3.9952,3.9952,3.9952,10.0,10.0,10.0,10.0,10.0,1.6759,10.0,10.0,1.4619,10.0,10.0,10.0,10.0,10.0,0.8869,10.0,1.3175,10.0,10.0,1.2861,3.9952,3.9952,3.9952,3.9952,3.9952,2.7125,3.9952,3.7561,3.7561,3.7561,3.7561,3.7561,3.7505,3.7505,3.7505,3.4957,3.7505,3.7505,3.7505,3.7505,3.7505,3.7505,3.7505,3.7505,3.7505,3.7505,3.7505,3.7505,1.3183,3.5335,3.9952,3.9952,3.4183,3.4183,3.2792
3.7647,3.7647,3.7647,3.7647,3.7647,3.7647,3.3396,2.8161,3.759,3.759,3.759,4.0043,2.7058,4.0043,4.0043,4.0043,4.0043,1.2692,1.5855,3.7276,2.7375,2.2558,3.7647,3.7647,3.7647,4.0043,2.7114,4.0043,2.2258,4.0043,2.0011,10.0,10.0,10.0,10.0,10.0,3.7964,3.465,1.128,3.4262,3.4262,3.4262,3.4262,3.391,4.0043,4.0043,3.8341,2.7808,3.8341,3.8284,3.8284,4.0043,2.7752,0.4327,4.0043,4.0043,2.0679,3.3369,2.7259,2.7259
4.0135,4.0135,4.0135,4.0135,4.0135,4.0135,4.0135,4.0135,4.0135,1.2398,4.0135,4.0135,1.1344,4.0135,4.0135,4.0135,4.0135,4.0135,3.7676,3.7676,3.7676,3.7676,2.4499,4.0135,4.0135,4.0135,0.5884,0.9752,0.4927,4.0135,4.0135,4.0135,4.0135,4.0135,4.0135,4.0135,4.0135,4.0135,4.0135,0.9593,4.0135,4.0135,4.0135,4.0135,4.0135,4.0135,4.0135,4.0135,4.0135,4.0135,4.0135,4.0135,4.0135,4.0135,4.0135,0.6539,3.8372,2.712,3.8372,3.7676
10.0,1.0249,10.0,10.0,10.0,10.0,10.0,10.0,10.0,10.0,10.0,10.0,10.0,10.0,10.0,10.0,1.0604,10.0,10.0,1.1559,10.0,4.0227,1.0861,4.0227,4.0227,4.0227,4.0227,4.0227,1.0243,4.0227,4.0227,1.1457,4.0227,4.0227,4.0227,4.0227,4.0227,4.0227,1.389,4.0227,4.0227,1.2654,4.0227,4.0227,4.0227,4.0227,4.1874,4.7364,3.9388,3.8145,3.6319,0.8989,3.3983,3.4419,3.4419,3.4419,3.4419,3.4419,1.3483,3.1947
4.032,4.032,4.032,4.032,4.032,4.032,4.032,4.032,4.032,1.2917,4.032,4.032,4.032,4.032,4.032,4.032,4.032,4.032,4.032,4.032,4.032,4.032,4.032,4.032,4.032,4.032,4.032,1.8877,2.17,3.785,1.9236,3.785,3.785,3.785,3.7907,3.7907,3.7907,3.7907,3.7907,3.7907,3.7907,3.7907,3.7907,3.6362,2.9174,3.8549,3.8549,3.785,3.785,2.7245,3.7907,3.7907,4.032,2.7301,4.032,4.032,4.032,4.032,4.032,1.1213
4.0413,4.0413,4.0413,4.0413,3.7994,3.7994,3.7994,3.7994,3.7994,3.7994,3.7994,3.7994,3.7994,3.7994,0.963,3.7994,10.0,10.0,10.0,10.0,10.0,1.7554,10.0,10.0,2.7364,2.8297,3.2636,3.7994,3.7994,3.7994,3.7937,2.7307,2.7052,3.9557,1.2199,0.9188,4.0413,4.0413,4.0413,4.0413,4.0413,1.3324,4.0413,4.0413,4.0413,4.0413,4.0413,4.0413,4.0413,4.0413,4.0413,1.1833,1.7265,2.8422,3.7937,1.943,2.7364,3.7994,3.9167,4.0413
10.0,10.0,1.4948,10.0,10.0,10.0,10.0,10.0,10.0,10.0,3.8082,1.5625,3.8082,3.8082,3.8082,3.8082,3.8082,3.8082,3.5003,2.7428,2.7428,2.6211,2.7428,4.0506,4.0506,4.0506,4.0506,4.0506,4.0506,4.0506,4.0506,4.0506,1.2929,10.0,10.0,10.0,0.8763,10.0,10.0,10.0,3.4658,3.4658,3.4658,3.0999,3.0429,3.4658,3.4658,3.4658,4.0506,4.0506,2.813,3.8784,3.8784,3.8784,3.8784,3.8784,3.4566,2.9042,2.7574,2.4125
4.06,0.7381,4.06,4.06,4.06,4.06,4.06,4.06,4.06,4.06,4.06,0.8695,4.06,4.06,4.06,1.5432,4.06,4.06,1.4917,4.06,4.06,4.06,4.06,4.06,4.06,4.06,0.726,4.06,4.06,4.06,4.06,4.06,4.06,0.6043,4.06,4.06,4.06,4.06,1.1553,4.06,4.06,1.2843,4.06,4.06,4.06,4.06,4.06,4.06,1.271,4.06,4.06,4.06,4.06,2.7434,0.124,3.8113,3.817,3.817,3.5796,1.5798
4.0695,4.0695,1.1228,10.0,10.0,10.0,10.0,10.0,10.0,10.0,10.0,10.0,1.1672,10.0,10.0,0.2728,10.0,0.8279,10.0,10.0,1.1406,10.0,10.0,10.0,10.0,4.0695,4.0695,4.0695,4.0695,4.0695,1.802,4.0695,4.0695,4.0695,4.0695,2.7555,3.2308,3.8259,3.8259,3.8259,3.8259,3.8259,3.8259,3.8259,3.8259,3.8259,3.8259,3.8259,3.8259,3.8259,3.8259,3.8259,4.0695,4.0695,4.0695,3.4819,3.4819,1.176,3.1756,3.1138
2.7562,3.6049,3.8291,3.8291,3.8018,3.8291,3.8291,3.8291,3.6652,4.0789,2.7562,4.0789,4.0789,4.0789,4.0789,4.0789,1.2709,4.0789,0.8598,1.2952,1.5775,4.0789,3.8291,1.5154,3.8291,3.8291,3.8348,3.8348,3.8348,4.0789,2.7619,4.0789,4.0789,1.9342,4.0789,4.0789,10.0,1.5453,4.0789,4.0789,1.638,4.0789,4.0789,4.0789,3.9055,3.9055,3.9055,1.5577,3.8348,3.8348,2.8269,4.0789,2.7619,2.284,4.0789,4.0789,4.0789,4.0789,3.6105,2.7767
4.0885,4.0885,4.0885,4.0885,1.8918,4.0885,4.0885,1.7738,4.0885,4.0885,4.0885,4.0885,4.0885,4.0885,2.7626,4.0885,3.838,3.838,1.5827,3.419,2.6988,3.2285,3.8437,3.8437,3.838,3.838,2.7626,2.4639,1.3216,4.0885,1.0641,4.0885,4.0885,4.0885,0.582,4.0885,4.0885,4.0885,4.0885,4.0885,4.0885,4.0885,4.0885,0.9683,4.0885,4.0885,4.0885,4.0885,4.0885,4.0885,1.1279,4.0885,4.0885,4.0885,4.0885,4.0885,4.0885,3.9146,3.9146,3.9146
10.0,10.0,10.0,10.0,10.0,10.0,10.0,0.929,10.0,10.0,10.0,10.0,10.0,10.0,4.098,4.098,1.6859,4.098,4.098,4.098,4.098,4.098,4.098,4.098,1.3332,4.098,4.098,4.098,4.098,4.098,4.098,4.098,4.098,4.098,4.098,4.098,10.0,1.0208,10.0,10.0,10.0,10.0,10.0,10.0,3.4972,3.5063,3.5063,3.5063,3.3506,3.2705,3.5063,3.7595,1.6931,4.098,1.9917,4.098,4.098,3.5546,2.8811,2.7897
4.1076,4.1076,4.1076,4.1076,4.1076,4.1076,4.1076,4.1076,4.1076,4.1076,0.9439,4.1076,4.1076,4.1076,4.1076,4.1076,4.1076,4.1076,4.1076,4.1076,4.1076,4.1076,4.1076,4.1076,4.1076,4.1076,0.8982,4.1076,4.1076,4.1076,1.2167,4.1076,2.2563,2.7756,2.7756,2.7756,2.7756,2.7756,2.7756,2.7756,2.7756,2.7756,2.7756,2.7854,2.8136,4.1076,4.1076,4.1076,3.0914,3.6187,2.7756,3.8618,3.8618,3.8618,0.161,1.1111,4.1076,4.1076,4.1076,4.1076
4.1173,4.1173,4.1173,4.1173,4.1173,2.3915,4.1173,10.0,2.2383,10.0,10.0,10.0,10.0,10.0,10.0,0.811,10.0,10.0,0.9722,10.0,10.0,10.0,10.0,10.0,10.0,4.1173,4.1173,2.0859,4.1173,2.7988,4.1173,3.8708,3.8708,3.865,3.865,3.865,2.1576,2.7821,4.1173,4.1173,2.3448,4.1173,4.1173,4.1173,4.1173,4.1173,4.1173,2.6234,2.7821,2.7821,2.5516,2.7821,3.865,3.865,3.8708,3.8708,1.4285,4.1173,4.1173,3.4634
3.88,3.88,2.7944,2.7944,2.7944,2.7944,2.6971,2.7944,2.7944,2.7944,1.1774,3.8742,3.8742,2.822,2.7886,2.7886,3.8742,3.8742,3.8742,3.8742,3.88,3.88,3.88,4.127,2.7944,4.127,1.874,4.127,1.5246,4.127,10.0,1.5499,10.0,10.0,10.0,10.0,7.2261,10.0,3.5311,3.5311,3.5311,3.3688,3.5311,3.5311,3.1486,3.5311,4.127,4.0763,2.866,0.8032,3.9457,3.9457,1.021,3.9457,3.9457,3.8318,3.5949,3.0204,2.8094,2.509
4.1367,4.1367,4.1367,4.1367,4.1367,0.9842,4.1367,4.1367,4.1367,4.1367,4.1367,4.1367,4.1367,4.1367,4.1367,4.1367,4.1367,4.1367,2.8262,2.7952,2.3283,1.1443,0.7955,4.1367,1.1169,4.1367,4.1367,4.1367,4.1367,4.1367,4.1367,4.1367,0.6757,4.1367,4.1367,4.1367,4.1367,4.1367,4.1367,4.1367,4.1367,4.1367,0.9835,4.1367,4.1367,4.1367,4.1367,4.1367,4.1367,0.7319,4.1367,4.1367,4.1367,4.1367,4.1367,4.1367,2.3202,3.8833,3.8833,2.6811
10.0,10.0,10.0,10.0,10.0,10.0,10.0,10.0,10.0,10.0,10.0,10.0,10.0,10.0,10.0,0.8785,10.0,10.0,10.0,10.0,10.0,1.0093,10.0,10.0,10.0,10.0,10.0,1.2418,4.1465,4.1465,1.1862,4.1465,4.1465,4.1465,4.1465,4.1465,4.1465,4.1465,4.1465,1.8114,4.1465,4.1465,1.7051,4.1465,4.1465,4.1465,4.1465,4.1465,4.1465,4.1465,4.1465,4.1465,3.936,3.5478,3.3525,3.4134,3.5478,3.5478,3.4079,3.2559
4.1564,4.1564,4.1564,4.1564,4.1564,1.5784,4.1564,4.1564,1.7289,4.1564,4.1564,4.1564,1.5569,4.1564,4.1564,4.1564,4.1564,4.1564,4.1564,4.1564,0.8981,4.1564,4.1564,4.1564,4.1564,4.1564,0.8616,3.388,3.9017,3.9076,3.9076,3.9076,3.9076,3.9076,3.876,3.9076,3.6696,3.9076,3.5361,3.8214,3.9076,3.6146,3.9076,3.4079,3.153,3.9738,3.9017,3.9017,2.8085,2.8805,3.8026,3.2698,2.8143,4.1564,4.1564,4.1564,4.1564,4.1564,4.1564,4.1564
4.1662,4.1662,4.1662,4.1662,3.911,3.911,3.911,3.911,3.911,3.911,3.911,3.911,3.911,3.911,3.911,1.4454,0.5551,2.821,1.4619,10.0,10.0,2.3598,2.821,10.0,3.66,3.9169,3.9169,3.9169,3.911,3.911,1.6983,4.1281,4.1662,4.1662,4.1662,4.1662,4.1662,1.0605,4.1662,4.1662,4.1662,4.1662,4.1662,4.1662,4.1662,4.1662,4.1662,1.1685,4.1662,4.1662,4.1662,4.1662,4.1662,2.4214,2.6935,2.8932,2.8932,2.8932,2.8932,2.6506
10.0,10.0,10.0,10.0,10.0,10.0,1.2087,10.0,10.0,10.0,10.0,4.1762,1.9622,1.142,3.9262,3.9262,3.2109,2.8277,4.1762,4.1762,4.1762,4.1762,4.1762,4.1762,4.1762,4.1762,4.1762,4.1762,4.1762,4.1762,4.1762,1.0345,4.1762,10.0,10.0,10.0,10.0,10.0,10.0,10.0,10.0,10.0,3.1601,3.5732,3.5732,3.5732,0.788,3.5732,3.5732,4.1433,0.6646,2.9001,2.9999,3.9986,3.9986,3.9986,3.5585,2.9898,2.8429,2.4836
4.1861,4.1861,4.1861,4.1861,0.8667,4.1861,4.1861,4.1861,4.1861,4.1861,4.1861,4.1861,4.1861,4.1861,4.1861,4.1861,1.3329,4.1861,4.1861,4.1861,0.9888,4.1861,4.1861,4.1861,4.1861,4.1861,4.1861,4.1861,0.8874,4.1861,4.1861,0.8467,4.1861,4.1861,1.3518,4.1861,4.1861,1.5403,4.1861,4.1861,4.1861,4.1861,4.1861,4.1861,4.1861,4.1861,4.1861,1.6438,4.1861,4.1861,4.1861,1.7576,2.6252,3.9356,0.1302,3.9356,3.9356,4.1861,4.1861,4.1861
4.1962,4.1962,4.1962,4.1962,10.0,10.0,1.3014,10.0,10.0,10.0,10.0,10.0,10.0,10.0,10.0,10.0,10.0,10.0,10.0,10.0,10.0,10.0,10.0,10.0,10.0,1.1532,4.1962,4.1962,4.1962,4.1962,2.5341,2.8413,2.7691,2.8749,3.4817,3.945,3.945,3.945,3.945,3.9391,3.9391,3.9391,3.9391,3.9391,3.9391,3.9391,3.9391,3.9391,3.9391,3.9391,3.9391,3.9391,3.945,2.8413,4.1962,1.1931,3.5903,3.2349,3.205,3.1522
3.9486,3.9486,3.9486,3.9486,3.9486,3.9486,3.9486,3.9486,3.9486,3.8581,3.3052,2.8422,4.2062,4.2062,4.2062,4.2062,4.2062,1.315,1.6908,4.2062,3.8878,2.5078,2.8422,3.9545,3.9545,3.9545,3.6179,2.8481,2.8481,2.4175,4.2062,4.2062,4.2062,4.2062,10.0,3.9601,3.8344,3.7459,3.6575,3.5989,3.5989,1.1631,3.5989,4.2062,4.2062,4.0274,3.0339,4.0274,1.0673,4.0215,1.8359,4.2062,4.2062,0.4456,1.952,4.2062,4.2062,3.6056,2.9224,1.9978
4.2164,4.2164,4.2164,4.2164,4.2164,4.2164,1.2992,4.2164,4.2164,4.2164,4.2164,4.2164,4.2164,1.5726,4.2164,4.2164,2.849,4.2164,3.9581,3.9581,3.9581,3.9581,3.9581,3.9581,1.7438,4.2164,4.2164,4.2164,4.2164,4.2164,4.2164,0.9448,4.2164,4.2164,4.2164,4.2164,0.872,4.2164,4.2164,4.2164,4.2164,4.2164,4.2164,4.2164,4.2164,4.2164,4.2164,4.2164,4.2164,4.2164,4.2164,4.2164,4.2164,4.2164,4.2164,0.6112,1.1645,4.0311,4.0311,2.849
10.0,10.0,10.0,10.0,0.8803,10.0,10.0,10.0,10.0,10.0,10.0,10.0,0.3671,0.9299,10.0,10.0,10.0,4.2265,4.2265,10.0,4.2265,4.2265,4.2265,4.2265,4.2265,10.0,10.0,10.0,4.2265,4.2265,4.2265,4.2265,4.2265,4.2265,1.252,4.2265,4.2265,4.2265,10.0,10.0,10.0,10.0,10.0,10.0,1.1265,3.6163,3.6163,1.0231,3.6163,3.6163,3.6163,3.5024,3.6163,3.6163,3.6163,1.5915,3.6255,3.6314,3.4773,2.8772
0.7329,4.2368,4.2368,1.0504,4.2368,4.2368,4.2368,4.2368,4.2368,4.2368,4.2368,4.2368,4.2368,1.1818,4.2368,4.2368,4.2368,4.2368,4.2368,0.7114,4.2368,4.2368,0.7871,4.2368,4.2368,4.2368,4.2368,4.2368,4.2368,1.6632,2.8628,1.4387,3.9772,3.9772,3.9772,3.9772,3.9772,3.9772,3.9772,3.9772,3.9772,3.9772,3.9772,4.0566,2.9422,4.0506,4.0506,3.9772,2.9535,2.8628,3.9832,3.9059,1.2056,2.8688,4.2368,4.2368,4.2368,4.2368,4.2368,4.2368
4.247,4.247,4.247,4.247,4.247,3.9928,3.9928,3.9928,3.9928,3.9928,3.9928,3.9928,3.9928,3.9928,2.8757,10.0,10.0,1.0686,10.0,10.0,10.0,10.0,10.0,2.1713,10.0,2.3785,4.247,2.7092,4.247,3.9928,3.9928,3.9928,2.3562,3.2742,2.858,4.247,4.247,4.247,4.247,4.247,4.247,4.247,4.247,4.247,4.247,1.606,4.247,4.247,4.247,4.247,4.247,4.247,4.247,4.247,3.9869,3.9869,2.8952,3.9928,4.247,1.5326
10.0,1.9735,10.0,10.0,10.0,10.0,10.0,10.0,1.6898,3.9969,4.0025,0.6873,3.9965,3.9965,3.9965,3.9965,4.0025,4.0025,4.0025,4.0025,3.9702,4.2574,4.2574,4.2574,4.2574,1.8282,4.2574,4.2574,4.2574,4.2574,4.2574,10.0,1.1218,10.0,10.0,10.0,10.0,10.0,10.0,0.854,3.1959,3.215,3.6426,3.6426,3.6426,3.6426,3.6426,4.2574,4.2574,2.9565,4.0763,4.0763,4.0703,4.0703,4.0703,3.9743,3.4277,2.8982,2.8982,2.8982
4.2677,4.2677,4.2677,4.2677,4.2677,4.2677,4.2677,4.2677,0.9214,4.2677,4.2677,4.2677,4.2677,4.2677,4.2677,4.2677,1.9886,4.2677,4.2677,4.2677,4.2677,4.2677,0.8904,4.2677,4.2677,4.2677,4.2677,4.2677,4.2677,4.2677,0.8027,4.2677,4.2677,4.2677,4.2677,1.0001,4.2677,4.2677,4.2677,4.2677,4.2677,4.2677,4.2677,4.2677,4.2677,4.2677,4.2677,4.2677,4.2677,4.2677,4.2677,4.2677,4.2677,4.2677,2.8837,4.0063,4.0063,1.671,4.0123,4.0123
4.2781,10.0,10.0,10.0,10.0,0.9769,10.0,10.0,10.0,10.0,10.0,10.0,10.0,10.0,0.6681,0.2907,10.0,10.0,10.0,10.0,10.0,10.0,10.0,10.0,10.0,10.0,10.0,4.2781,4.2781,4.2781,4.2781,4.2781,4.2781,4.2781,4.2781,2.3547,4.2781,2.8968,2.8968,2.8968,2.8968,2.8968,2.8968,2.8968,2.8968,2.8968,2.8968,2.8968,2.8968,2.8968,2.8968,2.8968,1.1172,4.2781,3.6604,3.6604,3.6604,3.2224,3.6604,3.6604
4.2886,4.2886,4.2886,2.5478,4.2886,4.2886,4.2886,4.2886,4.2886,4.2886,2.4772,4.2886,4.2886,4.2886,4.2886,1.0977,4.2886,4.2886,4.2886,4.2886,4.2886,4.2886,1.3264,4.2886,0.6736,1.3493,4.0259,4.0319,4.0319,4.0319,3.5072,2.9039,4.2886,4.2886,4.2886,4.2886,1.9499,4.2886,4.2886,2.1083,4.2886,4.2886,4.2886,4.1062,4.1062,2.9782,4.0259,1.5935,3.7889,2.9722,4.2886,4.2886,4.2886,1.4444,1.8491,4.2886,4.2886,4.2886,1.2649,3.282
1.5915,2.1297,4.2991,4.2991,4.2991,2.3435,4.2991,4.2991,4.2991,4.2991,4.2991,4.2991,4.2991,2.905,4.2991,4.0358,4.0358,1.0417,4.0418,2.911,2.911,3.3576,4.0418,4.0418,4.0418,4.0418,4.0358,3.2696,2.8582,1.2419,4.2991,4.2991,4.2991,0.8024,4.2991,4.2991,4.2991,4.2991,4.2991,4.2991,0.9711,4.2991,4.2991,4.2991,4.2991,4.2991,4.2991,4.2991,4.2991,4.2991,0.8317,4.2991,4.2991,4.2991,4.2991,4.2991,4.0649,4.1163,4.1163,4.1163
10.0,10.0,10.0,10.0,10.0,10.0,10.0,10.0,10.0,10.0,0.9777,10.0,4.3097,1.5901,0.5797,2.1658,2.4775,4.3097,4.3097,4.3097,4.3097,4.3097,4.3097,4.3097,4.3097,4.3097,4.3097,4.3097,4.3097,4.3097,0.9374,4.3097,4.3097,1.2225,4.3097,10.0,10.0,10.0,10.0,10.0,0.9448,10.0,10.0,3.6874,3.6874,3.2964,3.6874,3.6874,3.0608,3.4106,0.7571,4.3097,4.3097,4.3097,4.3097,4.3097,3.8559,3.2396,2.4678,2.6912
4.3203,4.3203,4.3203,4.3203,4.3203,4.3203,4.3203,0.8953,4.3203,4.3203,4.3203,4.3203,4.3203,4.3203,4.3203,4.3203,4.3203,4.3203,4.3203,4.3203,4.3203,0.5788,4.3203,4.3203,0.7412,0.3933,4.3203,4.3203,4.3203,1.0154,4.3203,4.3203,4.3203,1.7671,4.3203,4.3203,1.9654,4.3203,4.3203,2.1032,4.3203,4.3203,2.2661,4.3203,4.3203,4.3203,4.3203,4.3203,4.3203,4.0557,4.0557,4.0557,4.0618,4.0618,0.1443,2.9254,4.3203,1.62,4.3203,4.3203
4.331,4.331,4.331,4.331,4.331,4.331,10.0,1.7314,10.0,10.0,10.0,10.0,10.0,0.5139,10.0,10.0,10.0,10.0,10.0,10.0,10.0,10.0,10.0,10.0,10.0,4.331,1.5768,4.331,4.331,2.5242,2.9326,4.331,4.0718,4.0718,4.0718,4.0718,4.0657,4.0657,2.378,2.9974,3.0291,4.0657,3.345,4.0657,3.5524,4.0657,3.7598,3.4441,4.0657,3.6076,4.0657,3.8501,4.0657,1.1585,2.9326,4.0718,4.331,4.331,1.2848,3.7057
4.0819,4.0819,4.0819,4.0819,4.0819,4.0819,3.6726,2.9399,4.0758,1.7161,4.0758,3.6921,2.9338,4.3418,2.0789,4.3418,1.7776,2.1057,4.0758,3.2764,4.0758,4.0819,4.0819,4.0819,4.3418,2.9399,4.3418,1.998,4.3418,4.3418,10.0,10.0,10.0,10.0,7.7,1.0268,10.0,3.7149,3.7149,3.7149,3.7149,3.5115,3.4413,3.7149,3.7149,0.9139,4.1571,3.0894,4.1571,0.7918,4.151,1.4326,0.9617,0.4427,3.009,2.5458,3.7456,3.147,2.9556,2.6142
4.3526,4.3526,1.0046,4.3526,4.3526,4.3526,4.3526,4.3526,4.3526,4.3526,4.3526,4.3526,1.1061,4.3526,4.3526,4.3526,4.3526,4.3526,4.3526,4.3526,3.8681,2.7415,1.6412,1.2853,4.3526,4.3526,4.3526,4.3526,0.5139,4.3526,4.3526,4.3526,0.742,4.3526,4.3526,4.3526,4.3526,4.3526,4.3526,0.9121,4.3526,4.3526,4.3526,4.3526,4.3526,4.3526,4.3526,4.3526,4.3526,0.6847,4.3526,4.3526,4.3526,4.3526,4.3526,3.0165,3.0165,2.9411,3.0165,3.1125
10.0,10.0,10.0,10.0,10.0,10.0,10.0,10.0,10.0,10.0,10.0,0.919,10.0,10.0,10.0,10.0,10.0,10.0,10.0,1.1399,10.0,10.0,10.0,10.0,10.0,10.0,10.0,10.0,10.0,4.3634,4.3634,4.3634,4.3634,4.3634,4.3634,4.3634,4.3634,4.3634,4.3634,4.3634,4.3634,4.3634,4.3634,4.3634,4.3634,4.3634,4.3634,4.5594,1.4104,4.2804,4.0755,1.0988,3.7334,3.7334,3.54,3.7334,3.7334,3.7334,3.5171,3.5878
4.3743,4.3743,4.3743,4.3743,4.3743,4.3743,4.3743,4.3743,4.3743,4.3743,4.3743,4.3743,4.3743,4.3743,4.3743,4.3743,4.3743,4.3743,4.3743,4.3743,4.3743,4.3743,4.3743,0.942,4.3743,4.3743,4.3743,4.1063,2.1405,2.4058,4.1063,4.1125,4.1125,4.1125,4.1125,4.1125,4.1125,4.1125,4.1125,4.1125,4.1125,4.1125,4.1125,4.1883,3.0377,4.1821,4.1063,3.6937,2.9557,4.1125,4.1125,4.3743,2.9619,4.3743,1.1046,4.3743,4.3743,4.3743,4.3743,4.3743
4.3852,4.3852,4.3852,4.3852,4.3852,4.1166,4.1166,4.1166,4.1166,4.1166,4.1166,4.1166,4.1166,4.1166,4.1228,4.1228,1.1545,10.0,10.0,1.2647,10.0,10.0,2.2434,10.0,2.9693,4.3852,4.1228,4.1228,4.1228,4.1228,1.314,2.161,1.8969,1.6195,1.3332,4.3852,4.3852,4.3852,4.3852,4.3852,4.3852,1.3426,4.3852,4.3852,1.2469,4.3852,4.3852,4.3852,4.3852,4.3852,4.3852,4.3852,4.3852,4.3852,4.3852,4.1166,2.4325,2.986,2.1879,4.2839
10.0,10.0,10.0,10.0,10.0,10.0,10.0,10.0,10.0,1.2576,4.3962,4.1331,4.1331,4.1331,4.1331,4.1331,3.8379,4.3962,2.9768,4.3962,2.4088,4.3962,4.3962,4.3962,4.3962,4.3962,4.3962,4.3962,4.3962,4.3962,4.3962,4.3962,10.0,10.0,10.0,10.0,0.8609,10.0,10.0,10.0,10.0,3.1267,3.7615,3.7615,3.7615,2.9339,2.864,3.7615,4.0959,4.3962,1.9362,4.2093,4.2093,4.2093,4.2093,3.9748,3.4281,2.9927,2.9369,2.3926
4.4073,0.7202,4.4073,4.4073,4.4073,4.4073,4.4073,4.4073,4.4073,4.4073,4.4073,4.4073,4.4073,4.4073,4.4073,1.5851,4.4073,4.4073,4.4073,4.4073,0.7489,4.4073,4.4073,0.7843,4.4073,4.4073,4.4073,4.4073,4.4073,4.4073,4.4073,4.4073,4.4073,4.4073,4.4073,4.4073,4.4073,4.4073,4.4073,4.4073,4.4073,1.2597,4.4073,4.4073,1.361,4.4073,4.4073,4.4073,0.9566,4.4073,4.4073,4.4073,3.925,4.1373,0.1239,4.1435,1.2168,4.1435,4.4073,4.4073
4.4184,4.4184,4.4184,10.0,10.0,10.0,10.0,10.0,10.0,10.0,10.0,10.0,1.1326,10.0,10.0,0.2855,10.0,10.0,10.0,10.0,10.0,10.0,10.0,10.0,10.0,10.0,10.0,4.4184,4.4184,4.4184,4.4184,4.4184,2.0265,4.4184,4.4184,2.9918,3.4941,4.0346,4.1539,4.1539,4.1539,4.1539,4.1539,4.1539,4.1539,4.1539,4.1539,4.1539,4.1539,4.1539,4.1539,4.1539,2.9918,4.4184,4.4184,10.0,3.0609,3.7804,3.1263,3.7804
4.0228,4.1582,4.1582,4.1582,4.1582,4.1582,4.1582,4.1582,3.8218,4.4296,2.9931,4.4296,1.9135,4.4296,4.4296,4.4296,4.4296,4.4296,4.4296,1.1448,4.4296,1.754,2.9931,4.1582,1.774,4.1644,4.1644,4.4296,3.08,2.9993,4.4296,4.4296,4.4296,4.4296,1.424,4.3748,4.2679,4.1694,4.0709,3.9731,3.8753,3.79,3.79,4.4296,1.259,4.2412,4.2412,4.235,1.1113,2.258,3.0699,3.0618,1.8358,4.4296,4.4296,1.4163,4.4296,4.0106,3.2507,3.0154
4.4408,4.4408,4.4408,4.4408,4.4408,4.4408,4.4408,4.4408,4.4408,4.4408,1.609,4.4408,4.4408,4.4408,4.4408,4.4408,4.4408,4.1688,4.1688,2.1297,4.1688,4.175,4.175,4.1688,2.5379,3.0007,4.1688,1.661,4.4408,4.4408,4.4408,4.4408,4.4408,4.4408,0.6379,4.4408,4.4408,4.4408,4.4408,4.4408,4.4408,4.4408,4.4408,4.4408,4.4408,4.4408,4.4408,4.4408,4.4408,4.4408,4.4408,4.4408,4.4408,4.4408,4.4408,4.4408,4.4408,4.4408,4.252,4.252
10.0,10.0,10.0,10.0,10.0,10.0,10.0,0.8931,10.0,10.0,10.0,10.0,0.3771,10.0,1.1831,1.4357,4.4521,4.4521,1.5287,4.4521,1.2065,4.4521,4.4521,4.4521,10.0,10.0,10.0,10.0,10.0,1.0267,4.4521,4.4521,4.4521,4.4521,4.4521,4.4521,4.4521,1.021,10.0,10.0,10.0,10.0,10.0,10.0,3.8093,3.6999,3.8093,3.6064,3.8093,3.8093,3.1846,3.8093,3.8093,3.8849,3.9977,4.0892,4.1273,1.7405,3.0307,3.0307
4.4634,4.4634,4.4634,4.4634,4.4634,4.4634,4.4634,4.4634,4.4634,4.4634,4.4634,4.4634,4.4634,4.4634,4.4634,4.4634,4.4634,4.4634,4.4634,4.4634,4.4634,4.4634,4.4634,4.4634,4.4634,4.4634,0.826,1.1768,4.4634,4.4634,1.1843,4.4634,3.016,3.016,3.8225,4.19,3.619,3.9725,4.19,3.7686,4.1221,4.19,3.9182,4.4634,4.4634,4.2674,4.0821,3.5443,3.0934,3.0729,4.1963,4.1963,4.4634,3.0421,4.4634,4.4634,4.4634,4.4634,4.4634,4.4634
4.4748,4.4748,4.4748,3.03,3.03,3.03,2.8517,3.03,3.03,2.7456,3.03,3.03,3.03,10.0,1.7222,10.0,10.0,10.0,10.0,10.0,10.0,10.0,1.7042,10.0,1.8943,10.0,4.4748,4.4748,4.4748,3.0716,4.207,4.207,4.207,4.2007,3.3256,4.2007,1.351,4.4748,4.4748,1.854,4.4748,4.4748,4.4748,4.4748,4.4748,4.4748,2.0735,4.4748,4.4748,4.4748,4.4748,4.4748,3.0237,4.2007,1.5902,4.207,4.207,4.4345,4.4748,3.8287
3.0377,10.0,10.0,10.0,10.0,10.0,10.0,2.1516,3.6993,2.4501,4.2115,4.2115,4.2115,3.6654,2.75,3.0314,4.2115,4.2115,4.2115,4.2178,4.2178,3.9769,4.4863,3.0377,4.4863,4.4863,4.4863,4.4863,4.4863,4.4863,10.0,10.0,10.0,10.0,10.0,10.0,10.0,6.8886,3.8385,3.2803,3.8385,3.2497,0.8488,3.8385,3.8385,2.8687,4.4863,4.4863,4.1343,0.7837,4.2955,4.2892,4.2892,4.2892,4.2892,4.0157,3.4633,3.054,2.967,3.054
4.4978,4.4978,4.4978,4.4978,4.4978,0.988,4.4978,4.4978,4.4978,4.4978,4.4978,4.4978,4.4978,4.4978,4.4978,4.4978,4.4978,2.4007,4.4978,4.4978,4.4978,1.2179,0.807,4.4978,4.4978,4.4978,4.4978,4.4978,4.4978,4.4978,4.4978,4.4978,4.4978,4.4978,4.4978,4.4978,4.4978,4.4978,4.4978,4.4978,4.4978,4.4978,4.4978,4.4978,4.4978,1.0288,4.4978,4.4978,4.4978,4.4978,4.4978,4.4978,4.4978,2.1793,4.4978,1.8355,4.2223,4.2223,2.1358,4.2286
10.0,10.0,10.0,10.0,10.0,10.0,10.0,10.0,0.9183,10.0,10.0,10.0,10.0,10.0,10.0,10.0,10.0,10.0,0.9131,10.0,10.0,10.0,10.0,10.0,10.0,10.0,10.0,10.0,10.0,4.5094,4.5094,4.5094,4.5094,4.5094,4.5094,4.5094,2.1208,4.5094,4.5094,4.5094,4.5094,4.5094,4.5094,2.1444,4.5094,4.5094,1.9858,4.5094,4.5094,1.8344,4.5094,4.5094,10.0,3.8583,1.1521,3.2671,3.8583,3.8583,3.2618,3.1984
4.521,4.521,4.521,4.521,4.521,4.521,4.521,4.521,4.521,4.521,4.521,4.521,4.521,4.521,4.521,4.521,4.521,4.521,4.521,4.521,0.6902,1.1404,4.521,4.521,1.0507,2.6792,3.0549,4.2441,4.2504,4.2504,4.2504,4.2504,4.521,3.0613,2.9627,3.0613,3.0613,3.0613,2.6184,3.0613,4.521,2.699,4.3288,4.3288,3.1476,2.4771,3.718,3.1842,3.2619,4.2504,4.521,3.0949,4.521,4.521,4.521,4.521,1.0879,4.521,4.521,4.1428
4.5327,4.5327,4.5327,4.5327,3.5333,4.2551,3.6901,4.2551,3.8937,3.541,4.2551,3.7446,4.2551,3.9225,4.2551,4.2551,4.2551,1.6013,3.0692,4.2614,10.0,10.0,3.0692,10.0,4.2614,4.2614,4.2614,4.2614,1.4957,0.839,4.2551,1.4715,4.5327,4.5327,4.5327,4.5327,4.5327,1.0056,4.5327,4.5327,4.5327,4.5327,4.5327,4.5327,4.5327,4.5327,4.5327,4.5327,4.5327,4.5327,0.8107,4.5327,4.5327,4.5327,2.8849,3.1477,3.1477,3.1477,3.1477,3.1477
10.0,10.0,10.0,1.0718,10.0,10.0,10.0,10.0,10.0,10.0,10.0,4.5445,1.1643,2.3222,3.0771,3.0771,4.5445,4.5445,2.0803,4.5445,1.7554,4.5445,4.5445,1.6757,4.5445,4.5445,4.5445,4.5445,4.5445,4.5445,4.5445,4.5445,4.5445,4.5445,10.0,10.0,10.0,10.0,10.0,10.0,10.0,10.0,3.8883,0.8277,3.8883,3.8883,3.8883,2.935,2.7896,3.8883,0.6519,1.9437,2.8199,3.1559,3.0718,3.1559,3.1559,3.0936,3.0828,2.5115
4.5563,4.5563,4.5563,4.5563,0.8617,4.5563,4.5563,4.5563,4.5563,4.5563,4.5563,4.5563,4.5563,4.5563,4.5563,4.5563,4.5563,4.5563,4.5563,4.5563,4.5563,4.5563,4.5563,4.5563,4.5563,4.5563,4.5563,4.5563,4.5563,4.5563,4.5563,0.7855,4.5563,4.5563,4.5563,4.5563,4.5563,4.5563,4.5563,4.5563,1.6084,4.5563,4.5563,1.7764,4.5563,4.5563,4.5563,4.5563,4.5563,4.5563,4.2204,3.0787,4.2836,4.2836,0.1327,4.5563,4.5563,4.5563,1.1921,4.5563
1.8377,4.5682,4.5682,1.4164,4.5682,10.0,10.0,10.0,10.0,10.0,10.0,10.0,10.0,10.0,10.0,10.0,0.7708,10.0,10.0,10.0,10.0,10.0,10.0,10.0,10.0,10.0,10.0,4.5682,4.5682,4.5682,4.5682,3.0932,3.1133,4.0105,4.2948,4.2948,4.2948,4.2948,4.2883,4.2883,4.2883,4.2883,4.2883,4.2883,4.2883,4.2883,4.2883,4.2883,4.2883,4.2883,4.2883,4.2883,4.2883,1.2732,4.2948,4.5682,4.5682,3.9086,3.2154,3.9086
4.306,4.306,4.306,4.306,4.306,4.306,4.306,4.2995,4.2995,4.2995,3.5253,3.0123,4.5801,1.9391,4.5801,1.5831,4.5801,4.5801,4.5801,3.0948,3.0948,3.0978,4.306,4.306,4.2514,4.5801,3.1013,4.5801,4.5801,4.5801,1.9164,10.0,10.0,10.0,10.0,4.3926,3.9188,3.9188,1.0739,3.9188,3.9188,3.7434,3.6621,3.9188,4.5801,4.3854,4.3854,2.5411,4.3789,4.3789,3.7343,4.5801,4.5801,0.4133,4.5801,4.5801,2.0739,3.3533,3.1179,2.7855
4.5921,4.5921,4.5921,4.5921,4.5921,4.5921,4.5921,4.5921,4.5921,1.1668,4.5921,4.5921,4.5921,4.5921,4.5921,4.5921,4.5921,3.103,3.5206,4.0915,4.3108,4.3108,1.5335,1.2239,4.5921,1.5118,0.5755,4.5921,0.4655,4.5921,4.5921,4.5921,4.5921,4.5921,4.5921,4.5921,0.8603,4.5921,4.5921,4.5921,4.5921,4.5921,4.5921,4.5921,4.5921,4.5921,4.5921,4.5921,4.5921,4.5921,4.5921,4.5921,4.5921,4.5921,4.5921,0.5742,4.5921,4.5921,4.3904,3.1809
10.0,10.0,10.0,10.0,10.0,10.0,10.0,10.0,10.0,10.0,10.0,10.0,0.3899,10.0,10.0,10.0,10.0,10.0,10.0,10.0,10.0,10.0,10.0,10.0,10.0,10.0,10.0,10.0,10.0,10.0,10.0,4.6042,4.6042,4.6042,4.6042,4.6042,4.6042,4.6042,4.6042,10.0,10.0,1.2182,10.0,10.0,1.1286,10.0,3.9394,3.9394,3.9394,3.9394,3.9394,0.8803,3.5873,1.3653,3.9394,3.9394,3.9394,3.8181,3.784,3.1343
0.772,4.6163,4.6163,4.6163,4.6163,4.6163,1.1333,4.6163,4.6163,4.6163,4.6163,4.6163,4.6163,4.6163,4.6163,4.6163,4.6163,4.6163,4.6163,4.6163,4.6163,4.6163,4.6163,4.6163,4.6163,4.6163,4.6163,4.6163,4.6163,1.6299,4.3335,4.3335,4.3335,4.3335,4.3335,4.3335,4.3335,4.3335,4.3335,4.3335,4.3335,4.3335,4.42,4.42,4.4135,4.4135,4.3335,4.3335,3.1199,4.34,4.34,4.6163,3.1258,4.6163,4.6163,4.6163,4.6163,4.6163,4.6163,4.6163
4.6285,4.6285,4.6285,4.6285,4.6285,4.3515,4.3515,4.3515,4.3515,4.3515,4.3515,4.3515,4.3515,4.3515,4.3515,2.0831,10.0,10.0,10.0,10.0,10.0,1.7565,10.0,10.0,2.6005,10.0,2.8232,3.1341,3.8819,4.3515,4.3515,1.8084,3.1275,2.3361,4.5127,0.8827,4.6285,4.6285,1.3555,4.6285,4.6285,4.6285,4.6285,4.6285,4.6285,4.6285,4.6285,4.6285,1.4944,4.6285,4.6285,1.168,4.6285,3.1275,4.6285,1.997,4.345,1.75,4.3515,4.6285
10.0,10.0,10.0,10.0,10.0,1.5811,10.0,10.0,10.0,4.6408,3.1424,0.6671,1.4998,4.363,4.363,4.363,4.363,4.363,4.363,3.1424,3.0748,3.1424,2.8648,4.6408,4.6408,4.6408,4.6408,4.6408,4.6408,1.1158,4.6408,10.0,1.1918,10.0,10.0,10.0,10.0,10.0,10.0,10.0,3.9707,3.9707,3.0875,3.0188,2.9502,3.9707,2.7047,4.6408,4.6408,4.6408,4.4435,4.4435,4.4435,4.4435,4.4373,3.9025,3.3657,3.1592,2.8834,2.3491
4.6531,4.6531,4.6531,4.6531,4.6531,4.6531,4.6531,4.6531,4.6531,4.6531,4.6531,0.8553,4.6531,4.6531,4.6531,4.6531,4.6531,1.6749,4.6531,4.6531,4.6531,4.6531,4.6531,4.6531,4.6531,4.6531,4.6531,0.7276,4.6531,4.6531,4.6531,4.6531,4.6531,0.6373,4.6531,4.6531,4.6531,4.6531,1.0935,4.6531,4.6531,4.6531,4.6531,4.6531,4.6531,4.6531,4.6531,4.6531,1.2282,4.6531,4.6531,4.6531,1.8397,4.3681,0.1202,4.3681,4.3746,4.3746,4.3746,1.5512
4.6655,4.6655,1.0595,10.0,10.0,10.0,10.0,10.0,10.0,10.0,10.0,10.0,10.0,10.0,10.0,0.2574,10.0,10.0,10.0,10.0,1.0744,10.0,10.0,1.0124,10.0,10.0,1.1026,10.0,1.5488,4.6655,4.6655,1.5452,4.6655,1.8769,4.6655,4.6655,4.6655,3.1591,4.6655,4.3863,4.1158,4.3863,4.1306,4.3863,4.3311,3.9834,4.3863,4.1839,3.8362,4.3863,3.2392,3.1591,0.9185,4.6655,4.6021,3.0807,3.9919,3.1407,3.9919,3.9919
2.2624,4.678,3.0003,3.161,3.161,3.1512,3.161,3.161,3.161,3.161,4.678,4.678,4.678,1.4149,4.678,4.678,4.678,4.678,0.8649,1.3028,4.678,4.678,4.678,1.5147,4.3914,4.398,4.398,4.398,4.678,3.2257,3.1675,4.678,4.678,1.8812,10.0,10.0,10.0,10.0,4.678,4.5876,1.5807,4.678,4.678,1.7147,4.479,4.479,4.4725,1.4706,2.6824,3.191,4.678,3.1675,4.678,1.3602,4.678,4.678,4.678,4.627,3.7503,3.1845
4.6905,4.6905,4.6905,4.6905,4.6905,4.6905,4.6905,4.6905,4.6905,4.6905,4.6905,2.0743,4.6905,4.6905,4.6905,3.2306,4.4032,1.0534,2.9078,3.176,3.176,3.2284,3.7016,4.2121,4.4097,4.4032,2.7229,1.0255,4.6472,4.6905,4.6905,4.6905,4.6905,4.6905,0.5703,4.6905,4.6905,4.6905,4.6905,4.6905,4.6905,4.6905,4.6905,0.9575,4.6905,4.6905,4.6905,4.6905,4.6905,4.6905,1.0552,4.6905,4.6905,4.6905,4.6905,4.6905,4.6905,4.6905,4.491,4.491
1.2108,10.0,10.0,10.0,10.0,10.0,10.0,10.0,10.0,10.0,0.9438,10.0,10.0,4.7031,0.6249,4.7031,4.7031,1.9358,4.7031,4.7031,4.7031,1.316,4.7031,4.7031,1.2311,10.0,10.0,10.0,10.0,10.0,10.0,4.7031,4.7031,4.7031,4.7031,4.7031,10.0,10.0,10.0,10.0,0.9069,10.0,10.0,10.0,3.4253,4.024,3.3263,4.024,4.024,2.9529,0.7735,4.024,1.6397,4.6236,4.7031,4.6228,2.1345,3.3498,3.2016,1.9176
4.7158,4.7158,4.7158,4.7158,4.7158,4.7158,4.7158,4.7158,4.7158,4.7158,0.9358,4.7158,4.7158,4.7158,4.7158,4.7158,4.7158,4.7158,0.9613,4.7158,4.7158,0.7226,4.7158,4.7158,4.7158,0.3799,4.7158,0.4895,4.7158,4.7158,4.7158,4.7158,0.9531,4.7158,4.7158,2.4196,4.7158,4.7158,2.5746,4.7158,4.7158,2.7293,4.7158,4.7158,4.7158,2.5554,1.8539,4.7158,4.4269,4.4269,4.4335,4.4335,4.4335,3.5996,0.1507,0.9812,4.7158,4.7158,4.7158,4.7158
4.7285,2.2548,4.7285,4.7285,4.7285,4.7285,4.7285,4.7285,10.0,10.0,10.0,2.0686,10.0,10.0,10.0,10.0,10.0,10.0,10.0,10.0,10.0,10.0,10.0,10.0,10.0,10.0,4.7285,4.7285,4.7285,4.7285,3.2017,4.7285,4.4455,4.4455,4.4388,4.4388,4.4388,1.8305,4.3397,4.7285,4.7285,4.7285,4.7285,4.7285,2.6602,4.7285,4.7285,4.7285,4.7285,4.7285,3.1951,2.9662,4.1443,4.4388,4.4455,3.2211,4.4455,4.7285,4.7285,3.8134
4.1004,3.347,3.2104,3.2104,3.2104,3.1476,3.2104,3.2104,3.2104,4.4508,4.4508,4.4508,3.2037,4.7413,4.7413,2.2331,1.7022,1.9881,4.4508,4.4575,4.4575,4.4575,3.9763,3.3443,2.8949,2.358,4.7413,4.7413,4.7413,10.0,10.0,1.4523,10.0,10.0,10.0,7.2532,10.0,4.0567,3.4715,4.0567,4.0567,4.0567,3.2765,4.0567,3.0247,0.8831,4.7413,4.3319,4.5397,0.7559,4.533,1.4813,0.9625,0.4578,3.2859,3.2859,3.2859,3.2276,3.0568,2.4904
4.7541,4.7541,1.0342,4.7541,4.7541,4.7541,4.7541,4.7541,4.7541,4.7541,4.7541,4.7541,4.7541,4.7541,4.7541,4.7541,4.7541,4.7541,4.7541,3.2124,4.7541,1.0662,4.7541,4.7541,1.0815,4.7541,4.7541,4.7541,4.7541,0.8071,4.7541,4.7541,0.6488,4.7541,4.7541,4.7541,4.7541,4.7541,4.7541,4.7541,4.7541,4.7541,0.9444,4.7541,4.7541,4.7541,4.7541,4.7541,4.7541,0.6971,4.7541,4.7541,4.7541,4.7541,2.595,4.7541,4.7541,4.4629,4.4629,4.4629
10.0,10.0,10.0,10.0,10.0,10.0,10.0,10.0,10.0,10.0,10.0,0.8842,10.0,10.0,10.0,10.0,10.0,10.0,10.0,10.0,10.0,10.0,10.0,10.0,10.0,10.0,10.0,10.0,10.0,10.0,10.0,4.7671,4.7671,1.3342,4.7671,1.6552,4.7671,4.7671,4.7671,4.7671,4.7671,4.7671,1.6522,4.7671,4.7671,1.4836,4.7671,4.7671,10.0,5.3494,4.7112,4.4458,4.0788,3.1967,3.3475,4.0788,1.258,4.0788,4.0788,4.0788
4.7801,4.7801,1.3913,4.7801,4.7801,1.5704,4.7801,4.7801,4.7801,4.7801,4.7801,4.7801,1.4897,4.7801,1.0926,4.7801,4.7801,0.9229,4.7801,4.7801,0.9247,4.7801,4.7801,4.7801,4.7801,1.1288,0.8756,2.5814,4.4873,4.4873,4.494,4.494,4.494,4.494,4.494,4.494,4.4512,4.494,4.494,4.494,4.494,4.3796,4.1381,4.5768,4.5701,4.4873,4.4873,3.2815,3.3128,4.494,2.0149,1.4679,4.7801,4.7801,4.7801,1.5326,4.7801,4.7801,4.7801,4.7801
4.7932,4.7932,4.7932,4.7932,4.7932,4.7932,4.4995,4.4995,4.4995,4.4995,4.4995,4.4995,4.4995,4.4995,4.4995,4.5063,0.5381,3.2455,1.438,10.0,1.7648,10.0,10.0,10.0,3.2429,10.0,4.5063,4.5063,4.5063,4.4995,2.1373,4.121,4.7932,4.7932,4.7932,4.7932,4.7932,4.7932,4.7932,4.7932,4.7932,4.7932,4.7932,4.7932,1.225,4.7932,4.7932,4.7932,4.7932,4.7932,4.7932,1.3261,1.8303,2.1704,3.2388,4.7932,4.4359,2.8199,4.5063,4.5063
10.0,10.0,10.0,10.0,10.0,10.0,1.1382,10.0,10.0,10.0,4.8063,4.8063,2.6787,1.0484,4.8063,4.8063,3.2544,4.8063,4.8063,2.2083,4.8063,1.8599,4.8063,4.8063,1.8811,4.8063,4.8063,4.8063,1.0474,4.8063,4.8063,4.8063,4.8063,10.0,10.0,10.0,10.0,10.0,10.0,10.0,10.0,10.0,4.1123,4.1123,4.1123,4.1123,0.7641,2.7087,4.1123,4.8063,4.8063,3.1329,4.0112,4.6019,4.5217,3.9767,3.4297,3.2719,2.9383,2.3938
4.8195,4.8195,4.8195,4.8195,4.8195,4.8195,4.8195,4.8195,4.8195,4.8195,4.8195,4.8195,4.8195,4.8195,4.8195,4.8195,1.2864,4.8195,4.8195,4.8195,0.9111,4.8195,4.8195,4.8195,4.8195,4.8195,4.8195,4.8195,4.8195,4.8195,4.8195,0.8171,4.8195,4.8195,1.3776,4.8195,4.8195,4.8195,4.8195,4.8195,4.8195,4.8195,4.8195,4.8195,4.8195,4.8195,4.8195,4.8195,1.0003,4.8195,4.8195,1.6624,4.5243,4.5311,0.1249,4.5311,4.8195,4.8195,1.8673,4.8195
4.8328,4.8328,4.8328,4.8328,10.0,10.0,10.0,10.0,10.0,1.1924,10.0,10.0,10.0,10.0,10.0,0.3028,10.0,10.0,10.0,10.0,10.0,10.0,1.1006,10.0,10.0,1.1496,10.0,10.0,4.8328,4.8328,4.8328,2.1952,4.8328,4.8328,3.0505,3.3848,4.1261,4.5436,4.5436,4.5436,4.5436,4.5368,4.5368,4.5368,4.5368,4.5436,4.5436,4.5436,4.5436,4.5436,4.5436,4.5436,4.5436,4.5436,4.8328,4.8328,4.135,3.1381,4.135,4.135
4.5493,4.5493,4.5493,4.5493,4.5493,4.5493,4.5493,4.5404,4.8462,4.8462,4.8462,4.8462,4.8462,4.8462,1.4481,4.8462,4.8462,1.3449,4.8462,1.9841,4.5373,3.2746,4.5493,1.1353,4.5561,4.4596,4.8462,3.2814,2.8834,4.8462,4.8462,4.8462,10.0,10.0,1.4197,4.1465,4.1465,4.1465,4.1465,4.1465,4.1465,1.1668,4.8462,4.8462,4.6401,3.8096,2.8745,4.6333,1.0783,4.8462,4.8462,2.2484,2.6715,4.8462,4.8462,4.8462,4.3641,1.573,3.299,3.0459
4.8596,4.8596,4.8596,1.3688,4.8596,4.8596,4.8596,4.8596,4.8596,4.8596,4.8596,4.8596,4.8596,1.477,4.8596,4.8596,4.8596,3.3894,4.1915,4.5619,4.5619,4.5619,4.5619,2.001,2.5475,4.5619,4.8596,4.8596,4.8596,4.8596,4.8596,0.8774,4.8596,4.8596,4.8596,4.8596,4.8596,4.8596,4.8596,4.8596,4.8596,4.8596,4.8596,4.8596,4.8596,4.8596,0.942,4.8596,4.8596,4.8596,4.8596,4.8596,4.8596,4.8596,4.8596,0.6175,1.1167,1.6319,2.1732,2.7326
10.0,10.0,10.0,10.0,0.8653,10.0,10.0,10.0,10.0,10.0,10.0,10.0,0.3442,0.8719,1.1892,10.0,10.0,10.0,10.0,10.0,10.0,10.0,10.0,1.1754,10.0,10.0,1.2475,10.0,10.0,10.0,10.0,10.0,1.0167,4.8732,4.8732,4.8732,4.8732,4.8732,10.0,10.0,10.0,10.0,10.0,10.0,10.0,4.1695,3.9385,0.9573,3.7505,3.6574,4.1695,3.6794,3.979,4.1695,4.1695,4.1695,4.1695,3.9703,3.3174,3.2981
0.7471,4.8868,4.8868,1.0551,4.8868,4.8868,4.8868,4.8868,4.8868,4.8868,4.8868,4.8868,4.8868,4.8868,4.8868,4.8868,4.8868,4.8868,4.8868,0.8693,4.8868,4.8868,4.8868,4.8868,4.8868,0.761,4.8868,4.8868,1.3921,4.8868,4.8868,1.4152,3.9426,4.5874,4.5874,4.5874,4.5874,4.5874,4.5874,4.5874,4.5874,4.5874,3.9035,3.3936,4.6721,4.6721,4.5874,3.4113,3.4128,4.5943,4.5943,4.8868,3.3347,4.8868,4.8868,4.8868,1.428,0.9485,4.8868,4.8868
4.9004,4.9004,4.9004,4.9004,3.3652,3.3637,3.3622,3.3698,3.3775,3.3859,3.3946,3.4032,3.412,3.3182,10.0,10.0,10.0,10.0,10.0,10.0,1.2331,10.0,10.0,10.0,10.0,10.0,2.1041,4.9004,4.9004,3.4486,4.2097,4.6071,4.6071,4.6002,3.3113,1.6066,4.9004,4.9004,4.9004,4.9004,4.9004,4.9004,1.6814,4.9004,4.9004,4.9004,4.9004,4.9004,4.9004,4.9004,4.9004,4.9004,4.9004,4.9004,1.4566,4.6002,3.3182,4.2734,4.7765,4.9004
2.4603,10.0,10.0,10.0,10.0,10.0,10.0,4.9142,4.62,3.1502,1.9573,1.9735,4.6131,4.6131,4.6131,4.6131,4.62,4.62,4.62,4.62,4.9142,3.6956,3.3275,4.9142,2.3243,4.9142,4.9142,1.3641,4.9142,10.0,1.2866,10.0,10.0,10.0,10.0,10.0,10.0,10.0,6.6249,4.2046,4.2046,4.2046,4.2046,4.2046,2.9519,4.2046,4.9142,4.9142,4.9142,0.757,4.7052,4.6983,4.6983,4.6983,4.4382,3.9033,3.3664,3.3453,3.3453,3.3453
4.928,4.928,4.928,4.928,4.928,4.928,4.928,4.928,0.8855,4.928,4.928,4.928,4.928,4.928,4.928,4.928,1.926,4.928,2.1309,1.8801,1.5568,4.928,4.928,4.928,4.928,0.9145,4.928,4.928,4.928,4.928,4.928,4.928,4.928,4.928,4.928,1.0408,4.928,4.928,4.928,4.928,4.928,4.928,4.928,4.928,4.928,4.928,4.928,4.928,4.928,4.928,4.928,4.928,4.928,4.928,4.928,4.6261,4.6261,1.5996,4.633,4.633
4.9419,10.0,10.0,10.0,10.0,0.9671,10.0,10.0,10.0,10.0,10.0,10.0,10.0,10.0,10.0,0.3167,10.0,10.0,10.0,10.0,10.0,10.0,10.0,10.0,10.0,10.0,10.0,10.0,10.0,1.2791,4.9419,4.9419,1.3915,4.9419,4.9419,4.9419,4.9419,2.5549,4.9419,4.9419,4.9419,4.9419,4.9419,4.9419,2.6111,4.9419,4.9419,2.4597,4.9419,4.9419,2.3064,4.9419,10.0,4.2283,4.0533,4.2283,4.2283,4.2283,4.2283,1.0363
4.9559,1.7916,4.9559,4.9559,4.9559,4.9559,4.9559,2.1164,4.9559,4.9559,4.9559,4.9559,4.9559,4.9559,4.9559,1.1371,4.9559,4.9559,0.9772,4.9559,4.9559,4.9559,4.9559,4.9559,0.6591,3.431,4.6592,4.6592,4.6592,4.6592,4.9559,3.3557,4.9559,4.9559,4.9559,4.9559,4.9559,4.9559,4.9559,2.0587,4.9559,4.9445,2.1675,4.7451,3.4416,4.6523,1.9416,4.1656,3.4346,4.9559,3.4944,4.9559,4.9559,4.9559,1.8166,4.9559,4.9559,4.9559,4.5465,3.4866
4.9699,4.9699,2.5934,4.9699,4.9699,4.9699,2.8095,4.9699,4.9699,2.6588,4.9699,4.9699,2.5877,3.0443,4.9699,4.6655,1.8632,4.6655,2.1011,3.3652,2.4225,2.9309,3.3652,10.0,4.6725,4.6725,4.6725,4.6655,3.6507,4.6655,4.9699,4.9699,1.2348,0.8009,4.9699,4.9699,4.9699,4.9699,4.9699,4.9699,0.9693,4.9699,4.9699,4.9699,4.9699,4.9699,4.9699,4.9699,4.9699,4.9699,0.7777,4.9699,4.9699,4.9699,4.9699,4.9699,3.856,4.0705,3.9013,3.4514
10.0,10.0,10.0,10.0,10.0,10.0,10.0,10.0,10.0,10.0,10.0,10.0,4.9841,4.9841,0.5817,4.9841,4.9841,4.9841,4.9841,1.5333,4.9841,4.9841,1.4517,4.9841,10.0,1.4767,10.0,0.992,10.0,10.0,10.0,10.0,4.9841,1.0135,4.9841,10.0,10.0,10.0,10.0,10.0,10.0,10.0,10.0,0.8242,3.2189,4.2644,4.2644,2.9914,2.9113,4.2644,0.667,4.9841,4.9841,2.3345,4.8432,2.5643,3.6736,3.3929,3.1472,2.5639
4.9983,4.9983,4.9983,4.9983,4.9983,4.9983,4.9983,0.863,4.9983,4.9983,4.9983,4.9983,4.9983,4.9983,1.2169,4.9983,4.9983,4.9983,4.9983,4.9983,4.9983,0.5182,4.9983,4.9983,4.9983,0.4124,4.9983,4.9983,4.9983,1.057,4.9983,4.9983,4.9983,4.9983,4.9983,4.9983,1.9477,4.9983,4.9983,4.9983,4.9983,4.9983,4.9983,4.9983,4.9983,4.9983,2.0376,1.3534,4.9983,4.6921,2.061,2.5101,4.6991,1.1496,0.1367,4.9983,4.9983,1.5347,4.9983,4.9983
5.0126,5.0126,5.0126,5.0126,5.0126,5.0126,5.0126,10.0,10.0,10.0,1.5763,10.0,10.0,0.5504,10.0,10.0,10.0,10.0,10.0,10.0,10.0,1.2716,10.0,10.0,10.0,10.0,10.0,10.0,1.9462,5.0126,5.0126,5.0126,5.0126,5.0126,4.7126,4.7126,4.7126,4.7055,4.7055,2.8416,3.5103,4.7055,4.1188,4.7055,4.3187,4.0104,4.7055,4.172,4.7055,4.3719,4.7055,4.5673,4.7055,1.1472,3.3941,4.7126,5.0126,5.0126,3.2501,3.1918
4.7261,4.7261,4.7261,4.7261,4.653,4.7261,3.4038,2.6885,2.2032,4.719,5.027,3.3968,5.027,5.027,5.027,5.027,1.7539,1.2207,1.5101,3.3968,2.6562,4.7261,4.7261,5.027,3.4154,3.0014,2.4663,5.027,10.0,10.0,1.9287,10.0,8.3091,7.8819,10.0,1.0371,4.3011,3.7189,4.3011,4.3011,4.3011,3.5253,4.3011,3.2817,5.027,4.8132,4.8132,4.8132,4.8061,4.8061,4.2811,3.37,2.8812,0.4219,4.9492,4.3526,3.754,3.4221,2.3442,2.62
5.0414,5.0414,5.0414,5.0414,5.0414,5.0414,5.0414,5.0414,5.0414,5.0414,5.0414,5.0414,1.0627,5.0414,5.0414,5.0414,5.0414,5.0414,3.4066,5.0414,3.9347,3.4066,2.3639,5.0414,5.0414,5.0414,0.6204,0.9579,0.4839,5.0414,5.0414,5.0414,5.0414,5.0414,5.0414,5.0414,5.0414,5.0414,5.0414,0.8837,5.0414,5.0414,5.0414,5.0414,5.0414,5.0414,5.0414,5.0414,5.0414,5.0414,5.0414,5.0414,5.0414,5.0414,5.0414,0.6761,3.4939,3.4939,3.4066,3.5716
10.0,0.9873,10.0,10.0,10.0,10.0,10.0,10.0,10.0,10.0,10.0,10.0,10.0,10.0,10.0,10.0,1.0155,10.0,10.0,1.1032,10.0,10.0,10.0,10.0,10.0,0.9907,10.0,10.0,10.0,10.0,10.0,1.0293,10.0,5.056,5.056,5.056,5.056,5.056,1.305,5.056,10.0,10.0,10.0,10.0,10.0,10.0,10.0,4.326,4.326,4.326,4.326,0.9091,3.3717,4.326,3.5755,4.326,4.326,3.6932,1.336,3.4418
5.0706,5.0706,5.0706,5.0706,5.0706,5.0706,5.0706,5.0706,5.0706,1.2042,5.0706,5.0706,5.0706,5.0706,5.0706,5.0706,5.0706,5.0706,5.0706,5.0706,5.0706,5.0706,5.0706,5.0706,5.0706,5.0706,1.4994,1.8086,2.0583,4.76,4.76,4.76,4.7671,4.7671,4.7671,4.7671,4.7671,4.7671,4.7671,4.7671,4.7671,4.855,4.855,3.5213,4.8479,4.76,4.76,3.4535,4.7671,4.7671,5.0706,3.4334,5.0706,5.0706,5.0706,5.0706,5.0706,5.0706,5.0706,1.0848
5.0853,5.0853,5.0853,5.0853,5.0853,5.0853,4.781,4.781,4.781,4.781,4.781,4.781,4.781,4.781,0.8961,4.781,1.1862,10.0,10.0,1.272,10.0,10.0,10.0,10.0,10.0,3.1146,3.4434,4.0401,4.6986,4.781,1.3041,4.7738,3.4362,4.7738,1.1531,5.0853,5.0853,5.0853,5.0853,5.0853,5.0853,1.242,5.0853,5.0853,5.0853,5.0853,5.0853,5.0853,5.0853,5.0853,5.0853,5.0853,1.6217,5.0853,3.4362,5.0853,4.7738,4.7738,3.8852,4.781
10.0,10.0,1.4772,10.0,10.0,10.0,10.0,10.0,5.1002,5.1002,5.1002,1.5001,4.7949,4.7949,4.7949,4.7949,5.1002,3.5159,3.4534,5.1002,5.1002,2.5573,5.1002,2.3191,5.1002,5.1002,1.3202,5.1002,5.1002,5.1002,5.1002,10.0,10.0,10.0,10.0,10.0,0.842,10.0,10.0,10.0,10.0,3.0542,3.0569,2.9842,2.8051,2.7371,2.6692,4.3637,5.1002,5.1002,1.8802,4.8833,4.8833,4.8833,4.3944,3.8647,3.4719,3.3861,2.8555,2.3263
5.115,0.7074,5.115,5.115,5.115,5.115,5.115,5.115,5.115,5.115,5.115,0.9221,5.115,5.115,5.115,1.479,5.115,5.115,1.4555,5.115,0.7182,5.115,5.115,5.115,5.115,5.115,0.7166,5.115,5.115,5.115,5.115,5.115,5.115,0.5859,5.115,5.115,5.115,5.115,5.115,5.115,5.115,1.19,5.115,5.115,5.115,5.115,5.115,5.115,5.115,5.115,5.115,5.115,4.8017,2.7457,0.1199,4.8089,4.8089,4.4642,3.4635,1.5742
5.13,5.13,5.13,10.0,10.0,10.0,10.0,10.0,10.0,10.0,10.0,10.0,1.0742,10.0,10.0,0.2685,10.0,10.0,10.0,10.0,10.0,10.0,10.0,10.0,10.0,10.0,10.0,10.0,10.0,10.0,1.6977,5.13,5.13,5.13,2.3498,5.13,5.13,3.4736,5.13,4.823,4.823,4.823,4.823,4.823,4.823,4.823,4.823,4.823,4.823,4.823,4.823,4.823,5.13,5.13,10.0,4.3893,3.0832,1.132,3.0495,2.9902
3.4766,3.4766,4.8299,4.1432,4.4866,4.8299,4.2886,5.1451,3.5382,5.1451,5.1451,5.1451,5.1451,5.1451,5.1451,5.1451,1.1663,5.1451,0.8323,5.1451,1.4924,4.8299,3.4766,1.9478,4.8371,4.8371,4.8371,5.1451,3.4838,5.1451,5.1451,5.1451,5.2052,4.8397,4.6251,4.5142,4.4039,1.4363,4.4022,4.4022,4.4022,5.1451,5.0906,4.9263,4.9263,3.3376,4.9191,4.9191,1.1436,2.2256,2.7027,5.1451,5.1451,2.1746,5.1451,1.4575,4.9241,4.1372,3.5025,3.4367
5.1602,5.1602,5.1602,5.1602,5.1602,5.1602,5.1602,1.6891,5.1602,5.1602,1.6061,5.1602,5.1602,5.1602,5.1602,5.1602,3.4868,4.3341,1.5519,2.08,2.5909,4.8441,4.8514,4.8514,4.8441,2.1982,2.6554,4.8441,5.1602,5.1602,1.0651,5.1602,5.1602,5.1602,0.5825,5.1602,5.1602,5.1602,5.1602,5.1602,5.1602,5.1602,5.1602,0.9445,5.1602,5.1602,5.1602,5.1602,5.1602,5.1602,5.1602,5.1602,5.1602,5.1602,5.1602,5.1602,5.1602,5.1602,5.1602,4.9408
10.0,10.0,10.0,10.0,10.0,10.0,10.0,0.8857,10.0,10.0,10.0,10.0,10.0,10.0,10.0,5.1755,1.6317,10.0,10.0,10.0,10.0,10.0,10.0,10.0,10.0,10.0,10.0,10.0,10.0,10.0,10.0,10.0,10.0,10.0,5.1755,5.1755,5.1755,0.9671,10.0,10.0,10.0,10.0,10.0,10.0,10.0,4.0222,3.4773,4.4282,4.4282,4.4282,4.4282,4.2517,4.4282,4.4282,4.4282,4.4282,4.1695,3.5232,3.5232,2.91
5.1908,5.1908,5.1908,5.1908,5.1908,5.1908,5.1908,5.1908,5.1908,5.1908,0.9226,5.1908,5.1908,5.1908,5.1908,1.0173,5.1908,5.1908,5.1908,5.1908,5.1908,5.1908,5.1908,5.1908,5.1908,5.1908,0.8389,5.1908,5.1908,5.1908,1.1364,5.1908,2.151,5.1908,2.8736,5.1908,5.1908,3.0223,3.5075,3.5075,3.1708,3.5075,3.5075,3.5075,5.1908,2.3297,5.0578,3.5975,3.9414,4.8801,4.8801,5.1908,5.1908,5.1908,5.1908,5.1908,5.1908,5.1908,5.1908,5.1908
5.2062,5.2062,2.6236,5.2062,5.2062,2.319,5.2062,5.2062,5.2062,10.0,10.0,10.0,2.5374,10.0,10.0,0.7867,10.0,10.0,0.8883,10.0,10.0,10.0,1.652,10.0,10.0,1.6286,10.0,1.9595,2.5347,5.2062,3.5252,4.1147,4.604,4.8946,4.8946,3.7914,1.3208,4.8873,5.2062,5.2062,5.2062,5.2062,5.2062,2.1337,5.2062,5.2062,5.2062,5.2062,5.2062,5.2062,2.4039,5.2062,3.3474,4.4803,1.5582,4.8946,1.3689,4.8946,5.2062,5.2062
10.0,10.0,10.0,2.4757,10.0,5.2218,2.6281,4.105,4.9092,4.9019,1.1307,4.9019,3.6451,3.2384,2.7089,2.1705,2.461,4.9019,4.9092,4.9092,4.9092,5.2218,3.5357,5.2218,5.2218,5.2218,1.8455,5.2218,10.0,10.0,10.0,1.5343,10.0,10.0,10.0,10.0,6.8964,4.7885,4.4678,3.3602,3.2915,4.4678,0.8463,3.075,3.0257,5.2218,5.2218,4.9997,3.4265,4.9997,4.9924,4.9924,4.9924,4.7443,4.2034,3.6599,3.5547,3.4857,2.9395,2.3948
5.2374,5.2374,5.2374,5.2374,5.2374,0.9327,5.2374,5.2374,5.2374,5.2374,5.2374,5.2374,5.2374,5.2374,5.2374,5.2374,5.2374,5.2374,2.89,2.5572,5.2374,5.2374,0.7745,5.2374,1.112,5.2374,5.2374,5.2374,5.2374,5.2374,5.2374,5.2374,0.6583,5.2374,5.2374,5.2374,5.2374,5.2374,5.2374,5.2374,5.2374,5.2374,5.2374,5.2374,5.2374,5.2374,5.2374,5.2374,5.2374,5.2374,5.2374,5.2374,5.2374,5.2374,5.2374,5.2374,3.5389,4.9165,2.0583,4.9165
10.0,10.0,10.0,10.0,10.0,10.0,10.0,10.0,0.8843,10.0,10.0,10.0,10.0,10.0,10.0,0.8958,10.0,10.0,10.0,10.0,10.0,10.0,10.0,10.0,0.9616,10.0,10.0,10.0,10.0,10.0,1.1326,10.0,10.0,5.2531,5.2531,5.2531,2.0803,5.2531,5.2531,1.8022,5.2531,5.2531,5.2531,5.2531,5.2531,5.2531,5.2531,5.2531,5.2531,5.2531,5.67,6.2063,4.4946,4.4946,3.1921,4.4946,4.4946,4.4946,4.4946,3.1801
5.2689,5.2689,5.2689,5.2689,5.2689,5.2689,5.2689,5.2689,1.6329,5.2689,5.2689,5.2689,5.2689,5.2689,5.2689,5.2689,5.2689,5.2689,5.2689,5.2689,0.7604,5.2689,5.2689,5.2689,1.085,1.8686,2.9478,4.9461,4.9535,4.9535,4.9535,4.9535,3.946,3.5676,3.5676,3.5676,3.5676,3.0576,3.5676,5.2689,3.1491,5.0448,5.0448,3.659,2.9354,2.5724,3.6299,3.687,5.2689,5.2689,3.5676,5.2689,5.2689,5.2689,5.2689,5.2689,5.2689,5.2689,5.2689,4.5541
5.2848,5.2848,5.2848,5.2848,5.2848,5.2848,4.4507,4.961,4.6478,4.3345,4.961,4.5035,4.961,4.961,4.961,1.3635,0.538,4.9684,3.5784,4.9684,10.0,2.2605,2.7872,10.0,3.5784,4.0458,4.9684,4.9684,4.9684,0.8241,3.571,1.4189,5.2848,5.2848,5.2848,5.2848,5.2848,1.0015,5.2848,5.2848,5.2848,5.2848,5.2848,5.2848,5.2848,5.2848,5.2848,1.1035,5.2848,5.2848,5.2848,5.2848,5.2848,2.3426,5.2848,3.571,5.2848,2.7863,3.252,2.5174
10.0,10.0,10.0,1.076,10.0,10.0,10.0,10.0,10.0,10.0,5.3008,5.3008,5.3008,3.0123,3.5892,5.3008,5.3008,2.5552,5.3008,5.3008,1.6907,5.3008,5.3008,1.5931,10.0,10.0,10.0,10.0,10.0,10.0,10.0,10.0,5.3008,10.0,10.0,10.0,10.0,10.0,10.0,10.0,10.0,10.0,3.0695,3.0974,2.9115,2.841,2.7704,2.7595,3.424,4.5354,0.6263,5.3008,5.3008,3.5043,3.6811,3.6811,3.6085,3.5167,2.9657,2.4161
5.3168,5.3168,5.3168,5.3168,0.8378,5.3168,5.3168,5.3168,5.3168,5.3168,5.3168,5.3168,5.3168,5.3168,5.3168,5.3168,5.3168,5.3168,5.3168,5.3168,5.3168,5.3168,5.3168,5.3168,5.3168,5.3168,5.3168,5.3168,0.8686,5.3168,5.3168,0.7965,5.3168,5.3168,1.3544,5.3168,5.3168,1.449,5.3168,5.3168,1.626,5.3168,5.3168,5.3168,5.3168,5.3168,5.3168,1.5654,5.3168,5.3168,4.9911,3.5926,4.9986,4.9986,0.127,3.6178,5.3168,5.3168,1.1251,5.3168
5.333,5.333,5.333,1.4084,5.333,10.0,1.2749,10.0,10.0,10.0,10.0,10.0,10.0,10.0,10.0,10.0,10.0,10.0,10.0,10.0,10.0,10.0,10.0,10.0,10.0,10.0,10.0,1.4709,10.0,5.333,5.333,5.333,5.333,3.1832,3.6111,4.2341,5.0138,5.0138,5.0138,5.0138,5.0063,5.0063,5.0063,5.0063,5.0063,5.0063,5.0063,5.0063,5.0063,5.0063,5.0063,5.0063,5.0138,5.0138,5.2035,5.333,5.333,3.0565,3.1043,2.9268
5.0216,5.0216,5.0291,5.0291,5.0291,5.0216,5.0216,5.0216,5.3493,3.7053,5.3493,5.3493,5.3493,5.3493,5.3493,5.3493,5.3493,5.3493,1.6152,4.6221,3.4071,5.0291,1.604,5.0291,4.8909,3.6306,3.1192,2.6229,10.0,2.3961,10.0,10.0,10.0,10.0,4.8878,4.5769,4.5769,4.5769,4.0472,4.5769,4.5769,1.1605,3.5904,5.3493,5.1218,4.3027,5.1218,5.1143,1.0649,5.3493,1.7865,5.3493,5.3493,0.3977,1.8412,4.6881,4.0433,3.6415,3.4639,1.8951
5.3657,5.3657,5.3657,5.3657,5.3657,5.3657,1.2575,5.3657,5.3657,5.3657,5.3657,5.3657,5.3657,5.3657,5.3657,5.3657,5.3657,5.3657,3.6257,5.3657,4.4819,5.037,5.037,1.1975,1.701,5.3657,5.3657,5.3657,0.8596,5.3657,5.3657,5.3657,5.3657,5.3657,5.3657,5.3657,0.8408,5.3657,5.3657,5.3657,5.3657,5.3657,5.3657,5.3657,5.3657,5.3657,5.3657,5.3657,5.3657,5.3657,5.3657,5.3657,5.3657,5.3657,5.3657,0.5782,1.183,5.3657,5.3657,5.13
10.0,10.0,10.0,10.0,0.8467,10.0,10.0,10.0,10.0,10.0,10.0,10.0,0.3638,10.0,10.0,10.0,10.0,1.1922,10.0,10.0,10.0,10.0,10.0,10.0,10.0,10.0,10.0,10.0,10.0,10.0,10.0,10.0,10.0,10.0,1.1884,5.3822,5.3822,5.3822,5.3822,10.0,10.0,10.0,10.0,10.0,1.0507,10.0,10.0,4.6051,4.6051,4.6051,4.6051,3.6112,4.6051,1.3161,4.6051,1.5941,4.347,4.2898,3.6639,3.5635
0.7243,5.3988,5.3988,1.0381,5.3988,5.3988,1.158,5.3988,5.3988,5.3988,5.3988,5.3988,5.3988,1.1653,5.3988,5.3988,0.9331,5.3988,5.3988,0.6566,5.3988,5.3988,0.7685,5.3988,5.3988,5.3988,5.3988,5.3988,5.3988,1.5733,3.0337,5.068,5.068,5.068,5.068,5.068,5.068,5.068,5.068,5.068,5.068,5.1692,3.7969,5.1616,5.1616,5.068,3.8969,3.721,5.0756,5.0756,4.2656,3.6556,1.1646,5.3988,5.3988,5.3988,5.3988,5.3988,5.3988,5.3988
5.4155,5.4155,5.4155,5.4155,5.4155,5.4155,5.4155,5.0913,5.0913,5.0913,5.0913,5.0913,5.0913,5.0913,3.3543,10.0,10.0,0.9868,10.0,10.0,10.0,10.0,10.0,10.0,10.0,2.2589,10.0,10.0,3.6669,5.4155,5.0913,5.0913,3.405,3.0363,2.0126,5.0837,5.4155,5.4155,5.4155,5.4155,5.4155,5.4155,5.4155,5.4155,5.4155,1.5828,5.4155,5.4155,5.4155,5.4155,5.4155,5.4155,5.4155,5.4155,5.4155,1.9232,5.0837,1.7354,4.5129,1.4487
10.0,1.9428,10.0,10.0,10.0,1.5298,10.0,5.4323,1.6635,4.604,2.6691,0.6588,5.1071,5.1071,5.1071,5.1071,5.1071,5.1071,4.4121,3.6783,3.6783,3.3005,5.4323,5.4323,5.4323,1.8328,5.4323,5.4323,5.4323,5.4323,10.0,10.0,1.0761,10.0,10.0,10.0,10.0,10.0,10.0,0.8192,3.0585,2.9805,2.9132,2.8458,2.8279,2.8279,2.8279,5.4323,5.4323,5.2012,5.2012,5.2012,5.2012,4.873,4.3511,3.8266,3.698,3.698,3.698,3.698
5.4492,5.4492,5.4492,5.4492,5.4492,5.4492,5.4492,5.4492,5.4492,5.4492,5.4492,5.4492,5.4492,5.4492,5.4492,5.4492,5.4492,5.4492,5.4492,5.4492,5.4492,5.4492,0.9049,5.4492,5.4492,5.4492,5.4492,5.4492,5.4492,5.4492,0.7771,5.4492,5.4492,5.4492,5.4492,0.9845,5.4492,5.4492,5.4492,5.4492,5.4492,5.4492,5.4492,5.4492,5.4492,5.4492,5.4492,5.4492,5.4492,5.4492,5.4492,5.4492,1.7682,5.4492,0.1754,5.1153,5.1153,5.123,5.123,3.7055
5.4662,5.4662,1.1047,10.0,10.0,0.9584,10.0,10.0,10.0,10.0,10.0,10.0,10.0,10.0,0.652,0.2641,10.0,10.0,10.0,10.0,10.0,10.0,10.0,10.0,10.0,10.0,10.0,10.0,10.0,10.0,10.0,1.5563,5.4662,5.4662,5.4662,5.4662,5.4662,5.4662,5.4662,3.5388,3.7012,3.7012,3.2051,3.7012,5.4662,3.0592,5.4662,5.4662,2.9459,5.4662,5.4662,2.763,1.0689,10.0,4.6769,2.9525,2.9702,2.9744,2.9411,2.8816
5.4833,5.4833,5.4833,2.4836,5.4833,5.4833,2.5806,5.4833,5.4833,5.4833,5.4833,5.4833,5.4833,5.4833,5.4833,5.4833,5.4833,5.4833,5.4833,5.4833,5.4833,5.4833,1.2508,5.1473,0.6505,1.2723,5.1551,5.1551,5.4833,3.7128,5.4833,5.4833,2.3213,10.0,5.4397,5.3094,1.908,5.0601,4.9405,4.8218,5.4833,5.2501,5.2501,1.6398,5.2424,5.2424,4.8813,1.5428,3.8001,5.4833,5.4833,5.4833,5.4833,1.3329,5.4833,5.4833,5.4833,4.8612,1.2139,3.7327
1.5277,5.5005,5.5005,5.5005,5.5005,2.2919,5.5005,5.5005,2.1383,5.5005,5.5005,2.0656,5.5005,5.5005,5.5005,3.7167,4.5259,1.0079,5.1635,2.5655,3.0856,3.6058,5.1712,5.0116,4.8093,5.1712,5.1712,1.0063,2.0044,1.235,5.5005,5.5005,5.5005,0.8403,5.5005,5.5005,5.5005,5.5005,5.5005,5.5005,0.9993,5.5005,5.5005,5.5005,5.5005,5.5005,5.5005,5.5005,5.5005,5.5005,5.5005,5.5005,5.5005,5.5005,5.5005,5.5005,5.5005,5.5005,5.5005,5.0438
1.2118,10.0,10.0,10.0,10.0,10.0,10.0,10.0,10.0,10.0,0.9301,10.0,5.5178,1.5536,0.5515,2.0843,5.5178,5.5178,5.5178,10.0,10.0,1.2706,10.0,10.0,10.0,10.0,10.0,10.0,10.0,10.0,10.0,10.0,10.0,10.0,10.0,5.5178,10.0,10.0,10.0,10.0,0.8681,10.0,10.0,10.0,3.3148,3.2323,3.0291,2.9519,2.8748,2.9085,0.7404,4.7211,4.7211,4.9327,4.9935,4.3916,3.7876,3.7562,3.2448,2.6435
5.5352,5.5352,5.5352,5.5352,5.5352,5.5352,5.5352,0.8731,5.5352,5.5352,5.5352,5.5352,5.5352,5.5352,5.5352,5.5352,5.5352,5.5352,5.5352,5.5352,5.5352,0.5951,5.5352,5.5352,5.5352,0.3649,5.5352,0.5336,5.5352,5.5352,5.5352,5.5352,0.9714,1.7476,5.5352,5.5352,5.5352,5.5352,5.5352,2.0942,5.5352,5.5352,2.1565,5.5352,5.5352,5.5352,5.5352,5.1961,5.1961,3.7402,2.9937,5.2039,4.5183,3.748,0.1423,5.5352,5.5352,5.5352,5.5352,5.5352
5.5528,2.1851,5.5528,5.5528,1.8029,5.5528,5.5528,1.733,10.0,10.0,10.0,10.0,10.0,0.5007,10.0,10.0,10.0,10.0,10.0,10.0,10.0,10.0,10.0,1.4028,10.0,10.0,1.4729,10.0,10.0,5.5528,2.9476,3.5217,3.8219,4.5359,5.2204,5.2204,5.2126,5.2126,3.0479,3.8541,5.2126,5.5528,5.5528,5.5528,5.5528,3.1127,5.5528,5.5528,3.0305,5.5528,5.5528,3.7521,4.8915,5.2126,5.2126,3.7599,5.2204,5.5528,1.196,3.2563
4.8468,4.3238,3.7718,3.7718,3.6326,3.7718,3.7718,3.7718,5.2292,1.6254,4.3745,3.764,3.0527,5.5704,5.5704,5.5704,5.2292,3.5457,3.764,5.237,5.237,5.5704,4.1856,3.7718,5.5704,5.5704,5.5704,10.0,10.0,1.6295,10.0,1.4282,10.0,10.0,7.333,0.9939,4.7661,4.7661,3.5788,4.7661,4.7661,3.3492,3.2713,3.0793,5.5704,0.8664,5.089,3.6368,2.1958,0.7548,5.3257,1.4077,0.9147,0.435,2.9896,4.1364,3.792,2.7944,3.0562,2.4899
5.5882,5.5882,0.9491,5.5882,5.5882,5.5882,5.5882,5.5882,5.5882,5.5882,5.5882,5.5882,5.5882,5.5882,5.5882,5.5882,5.5882,5.5882,5.5882,5.5882,3.776,5.5882,5.5882,1.2731,5.5882,5.5882,5.5882,5.5882,5.5882,5.5882,5.5882,5.5882,0.6403,5.5882,5.5882,5.5882,5.5882,5.5882,5.5882,5.5882,5.5882,5.5882,5.5882,5.5882,5.5882,5.5882,5.5882,5.5882,5.5882,0.669,5.5882,5.5882,5.5882,5.5882,5.5882,5.5882,5.5882,2.6831,3.776,5.2459
10.0,10.0,10.0,10.0,10.0,10.0,10.0,10.0,10.0,10.0,10.0,0.8589,10.0,10.0,10.0,10.0,10.0,10.0,10.0,10.0,10.0,10.0,10.0,10.0,10.0,10.0,10.0,10.0,10.0,10.0,10.0,10.0,10.0,10.0,10.0,1.5995,5.6061,5.6061,5.6061,5.6061,5.6061,5.6061,10.0,10.0,10.0,1.5031,10.0,10.0,1.3323,4.7966,4.7966,4.7966,4.7966,3.2807,3.3658,4.7966,4.7966,4.7966,3.4219,3.8163
5.6241,5.6241,5.6241,5.6241,5.6241,5.6241,5.6241,5.6241,5.6241,5.6241,5.6241,5.6241,5.6241,5.6241,5.6241,5.6241,5.6241,5.6241,5.6241,5.6241,5.6241,5.6241,5.6241,0.8678,5.6241,1.1237,5.2795,2.5118,5.2795,5.2795,5.2874,5.2874,5.2874,5.2874,5.2874,5.2874,5.2874,5.2874,5.2874,5.2874,5.3849,5.3849,3.9245,5.2795,5.2795,5.2795,3.8002,5.2874,3.016,2.5497,3.8082,5.6241,5.6241,5.6241,1.0158,1.5328,5.6241,5.6241,5.6241,5.6241
5.6422,5.6422,5.6422,5.6422,5.6422,5.6422,5.6422,5.6422,5.2965,5.2965,5.2965,5.2965,5.2965,5.2965,5.3045,5.3045,0.5252,5.3045,10.0,10.0,10.0,10.0,10.0,2.6784,10.0,10.0,3.8204,4.4464,5.3045,1.8989,5.2965,3.3058,1.8579,1.5862,5.6422,5.6422,5.6422,5.6422,5.6422,5.6422,5.6422,5.6422,5.6422,5.6422,1.1729,5.6422,5.6422,5.6422,5.6422,5.6422,5.6422,1.3482,5.6422,2.1142,5.6422,3.8125,2.3208,5.2965,2.072,4.2336
10.0,10.0,10.0,10.0,10.0,10.0,10.0,10.0,10.0,1.231,5.6604,5.6604,5.6604,1.059,4.4372,3.8328,5.6604,3.1916,2.6457,5.6604,5.6604,5.6604,2.0342,5.6604,10.0,10.0,10.0,10.0,0.9777,10.0,10.0,10.0,10.0,10.0,10.0,10.0,10.0,10.0,10.0,10.0,10.0,4.8431,2.9467,2.9467,2.9467,2.9467,4.8431,2.627,4.8431,5.6604,5.6604,3.9309,5.1697,4.9153,4.3888,3.8598,3.8533,3.3818,2.8519,2.3234
5.6788,0.6951,5.6788,5.6788,5.6788,5.6788,5.6788,5.6788,5.6788,5.6788,5.6788,5.6788,5.6788,5.6788,5.6788,5.6788,5.6788,5.6788,5.6788,1.2255,5.6788,5.6788,5.6788,0.7498,5.6788,5.6788,5.6788,5.6788,5.6788,5.6788,5.6788,5.6788,5.6788,5.6788,5.6788,5.6788,5.6788,5.6788,5.6788,5.6788,5.6788,5.6788,5.6788,5.6788,1.2926,5.6788,5.6788,5.6788,0.9119,5.6788,5.6788,4.9725,5.3309,5.3389,0.1207,5.3389,1.2075,5.6788,1.8337,5.6788
5.6972,5.6972,5.6972,5.6972,10.0,10.0,10.0,10.0,10.0,1.1715,10.0,10.0,10.0,10.0,10.0,0.2834,10.0,10.0,10.0,10.0,10.0,10.0,1.1034,10.0,10.0,10.0,10.0,10.0,10.0,1.9515,10.0,5.6972,5.6972,2.5016,5.6972,5.6972,3.8577,3.9362,5.6972,5.3562,5.3562,5.3562,5.3562,5.3562,5.3562,5.3562,5.3562,5.3562,5.3562,5.3562,5.3562,5.3562,5.3562,5.6972,5.6972,10.0,2.9895,2.9659,2.9659,2.9659
5.3657,5.3657,5.3657,5.3657,5.3657,5.3164,4.733,5.7158,3.8622,5.7158,2.9365,2.3693,5.7158,5.7158,1.476,5.7158,5.7158,5.7158,5.7158,1.0819,5.1649,3.8622,1.9234,1.0975,5.3737,5.7158,3.9015,5.7158,5.7158,5.7158,10.0,10.0,5.5818,4.8905,1.3296,4.8905,4.6622,4.595,4.8905,4.8905,4.3118,5.7158,5.4829,4.9939,1.1958,5.4647,5.4647,5.4647,1.0919,5.7158,5.7158,5.7158,1.7413,5.7158,5.7158,1.404,4.4769,3.891,3.8353,3.1246
5.7345,5.7345,5.7345,1.3799,5.7345,5.7345,5.7345,5.7345,5.7345,5.7345,5.7345,5.7345,5.7345,5.7345,1.9888,2.4869,3.061,3.8749,5.7345,5.7345,5.3832,5.3832,5.3832,5.3832,1.6706,2.1501,1.8917,1.623,5.7345,5.7345,5.7345,5.7345,5.7345,5.7345,5.7345,5.7345,5.7345,5.7345,5.7345,5.7345,5.7345,5.7345,5.7345,5.7345,5.7345,5.7345,0.9283,5.7345,5.7345,5.7345,5.7345,5.7345,5.7345,5.7345,5.7345,5.7345,5.7345,5.7345,5.7345,5.7345
10.0,10.0,10.0,10.0,10.0,10.0,10.0,0.9479,10.0,10.0,10.0,10.0,0.3475,0.852,1.1244,1.4173,10.0,10.0,1.4416,10.0,1.1667,10.0,10.0,1.0802,10.0,10.0,1.1765,10.0,10.0,0.9006,10.0,10.0,10.0,10.0,10.0,10.0,5.7534,5.7534,10.0,10.0,10.0,10.0,10.0,10.0,10.0,3.6275,4.3742,0.9855,4.9226,3.4046,3.1258,4.9226,4.9226,4.331,4.9226,4.395,4.4146,1.6574,3.782,3.0811
5.7723,5.7723,5.7723,5.7723,5.7723,5.7723,5.7723,5.7723,5.7723,5.7723,5.7723,5.7723,5.7723,5.7723,5.7723,5.7723,5.7723,5.7723,5.7723,5.7723,5.7723,5.7723,5.7723,5.7723,5.7723,0.793,5.7723,1.1246,5.7723,5.7723,1.137,5.7723,5.7723,3.9004,3.9004,3.9004,3.9004,3.9004,3.9004,3.9004,3.9339,3.975,4.016,5.7723,5.7723,4.4555,4.0005,5.4187,5.4268,5.4268,5.7723,4.0061,3.4936,5.7723,5.7723,5.7723,1.4654,5.7723,5.7723,5.7723
5.7914,5.7914,5.7914,3.0664,5.7914,5.7914,5.7914,5.7914,5.7914,5.7914,3.1306,10.0,10.0,2.9588,10.0,10.0,10.0,10.0,10.0,10.0,1.2485,10.0,10.0,10.0,1.7935,10.0,10.0,10.0,10.0,5.7914,3.9215,5.7914,5.1913,5.4448,5.4448,1.6139,5.1815,5.6193,5.7914,1.7605,5.7914,5.7914,5.7914,5.7914,5.7914,5.7914,5.7914,5.7914,5.7914,1.8787,5.7914,5.7914,5.7914,3.9133,1.4952,5.4366,5.4366,5.4448,5.4448,5.7914
10.0,10.0,10.0,10.0,1.9562,5.8106,5.5318,2.112,3.9345,5.4628,5.4547,1.9461,5.4547,3.1893,3.4474,5.4547,5.4628,5.4628,5.4628,5.8106,4.0793,5.8106,5.8106,2.7831,5.8106,5.8106,5.8106,5.8106,10.0,10.0,1.2344,10.0,10.0,10.0,10.0,10.0,10.0,6.8054,4.9716,3.2397,3.0755,3.0249,0.8337,3.0249,3.0249,2.7478,5.8106,5.8106,4.1632,0.7504,5.5554,5.5554,5.4293,4.9154,4.3889,3.9555,3.9139,3.3819,2.8519,3.9555
5.83,5.83,5.83,5.83,5.83,5.83,5.83,5.83,0.8852,5.83,5.83,5.83,5.83,5.83,5.83,5.83,5.83,2.3807,5.83,5.83,5.83,1.1943,5.83,5.83,5.83,5.83,5.83,5.83,5.83,5.83,5.83,5.83,5.83,5.83,5.83,5.83,5.83,5.83,5.83,5.83,5.83,5.83,5.83,5.83,5.83,1.0097,5.83,5.83,5.83,5.83,5.83,5.83,5.83,5.83,5.83,1.7358,5.4728,5.4728,5.4728,5.481
10.0,10.0,10.0,10.0,10.0,10.0,10.0,10.0,0.8987,10.0,10.0,10.0,10.0,10.0,10.0,10.0,10.0,10.0,0.9036,10.0,10.0,10.0,10.0,10.0,10.0,10.0,10.0,10.0,10.0,10.0,10.0,10.0,1.4099,10.0,1.7889,5.8494,5.8494,2.6773,5.8494,5.8494,2.1987,5.8494,5.8494,2.0486,5.8494,5.8494,1.9805,5.8494,5.8494,5.8494,5.8494,5.8494,5.2533,5.0048,1.1053,3.0451,3.0451,3.0451,3.0451,3.0451
5.869,5.869,5.869,5.869,1.9703,5.869,5.869,5.869,5.869,5.869,5.869,1.899,5.869,5.869,5.869,5.869,5.869,5.869,5.869,5.869,0.6748,1.0703,5.869,5.7762,5.5095,3.3401,5.5177,5.5177,5.5177,5.869,3.9876,5.869,5.869,5.869,5.869,2.4127,5.869,5.869,2.4915,5.869,5.6194,5.6194,5.6194,5.6112,5.5177,2.4241,1.9953,4.0675,5.869,3.974,5.869,5.869,5.869,5.869,5.869,5.869,1.0446,5.869,4.9014,3.9953
5.8887,5.8887,5.8887,3.047,5.8887,5.8887,5.8887,3.2563,5.8887,5.8887,3.1108,5.8887,5.8887,5.8887,4.0821,5.528,5.528,5.528,5.5363,1.853,5.5363,5.5363,5.5363,5.8677,3.9874,4.6316,5.5363,5.5363,5.5363,0.8113,5.528,5.8887,1.1641,0.8053,5.8887,5.8887,5.8887,1.0329,5.8887,5.8887,5.8887,5.8887,5.8887,5.8887,5.8887,5.8887,5.8887,5.8887,5.8887,5.8887,0.7756,5.8887,5.8887,5.8887,5.8887,3.2984,3.552,5.8887,5.8887,3.6557
10.0,10.0,10.0,1.0898,10.0,10.0,10.0,10.0,10.0,10.0,10.0,5.9086,1.1352,2.254,2.5116,2.8884,5.9086,5.9086,5.9086,10.0,10.0,10.0,10.0,10.0,10.0,1.4123,10.0,10.0,10.0,10.0,10.0,10.0,10.0,1.0388,10.0,10.0,10.0,10.0,10.0,10.0,10.0,10.0,10.0,0.7963,3.0759,3.0759,3.0759,5.0555,2.6857,5.0555,0.6392,1.8698,5.7501,5.2058,4.6482,4.0879,4.0222,2.8156,3.0204,2.4607
5.9286,5.9286,5.9286,5.9286,5.9286,5.9286,5.9286,5.9286,5.9286,5.9286,5.9286,5.9286,5.9286,5.9286,1.1811,5.9286,5.9286,1.0637,5.9286,5.9286,5.9286,0.525,5.9286,5.9286,5.9286,5.9286,5.9286,5.9286,5.9286,5.9286,5.9286,0.7983,5.9286,5.9286,5.9286,5.9286,5.9286,5.9286,5.9286,5.9286,5.9286,5.9286,5.9286,1.6847,5.9286,5.9286,5.9286,5.9286,5.5654,5.5654,4.006,5.5737,5.5737,1.1268,0.1305,5.9286,5.9286,5.9286,5.9286,5.9286
1.835,5.9487,5.9487,5.9487,5.9487,5.9487,5.9487,10.0,10.0,10.0,10.0,10.0,10.0,1.3992,10.0,10.0,10.0,10.0,10.0,0.8341,10.0,1.2753,10.0,10.0,1.2448,10.0,10.0,10.0,10.0,10.0,5.9487,5.9487,5.9487,4.028,4.4865,5.9487,5.5927,5.5927,5.5927,5.5927,3.3161,3.8316,4.7701,5.3971,5.0604,5.5843,5.2546,5.5843,5.4487,5.5843,5.5843,5.5843,5.5843,1.2391,4.028,5.6336,5.9487,5.9487,3.0968,3.0968
5.6117,5.6117,5.6117,4.7842,4.1377,3.6781,3.1999,5.6033,4.7586,4.0333,5.969,5.969,2.3659,5.969,5.969,1.5315,5.969,1.202,1.5192,3.3819,3.6987,2.1077,5.6117,4.6433,4.0417,5.969,10.0,10.0,2.0797,10.0,1.8394,8.4279,10.0,10.0,5.4905,5.1071,5.1071,3.8787,1.0368,5.1071,5.1071,5.1071,3.4774,5.969,5.7152,4.7613,5.7152,5.7068,5.7068,5.969,4.1368,5.969,5.969,0.4051,4.9974,4.395,1.9717,3.8508,3.2473,2.6456
5.9894,5.9894,5.9894,5.9894,5.9894,5.9894,5.9894,5.9894,5.9894,1.1445,5.9894,5.9894,5.9894,5.9894,5.9894,5.9894,5.9894,5.9894,5.9894,5.9894,4.0471,4.2928,1.5133,5.9894,5.9894,1.4919,0.5503,0.9092,0.4593,5.9894,5.9894,5.9894,5.9894,5.9894,5.9894,5.9894,5.9894,5.9894,5.9894,5.9894,5.9894,5.9894,5.9894,5.9894,5.9894,5.9894,5.9894,5.9894,5.9894,5.9894,5.9894,5.9894,5.9894,5.9894,5.9894,0.5919,5.9894,4.0226,4.1509,4.2571
10.0,0.9672,10.0,10.0,10.0,10.0,10.0,10.0,10.0,10.0,10.0,10.0,0.3899,10.0,10.0,10.0,10.0,10.0,10.0,10.0,10.0,10.0,0.9905,10.0,10.0,10.0,10.0,10.0,0.9705,10.0,10.0,10.0,10.0,10.0,10.0,10.0,10.0,6.01,1.3342,6.01,10.0,1.1687,10.0,10.0,10.0,10.0,10.0,10.0,4.4581,4.3503,4.1683,0.8339,3.2572,3.5421,5.1422,5.1422,5.1422,3.7008,1.2896,3.92
6.0306,6.0306,6.0306,6.0306,6.0306,6.0306,1.1297,6.0306,6.0306,1.2449,6.0306,6.0306,6.0306,6.0306,6.0306,6.0306,6.0306,6.0306,6.0306,6.0306,6.0306,6.0306,6.0306,6.0306,6.0306,6.0306,6.0306,1.7992,5.6612,4.075,1.8321,5.6612,5.6612,5.6612,5.6697,5.6697,5.6697,5.6697,5.6697,5.7742,5.7742,4.3087,5.7657,5.6457,5.1215,4.5972,4.075,5.6697,6.0306,6.0306,4.0834,6.0306,6.0306,6.0306,6.0306,6.0306,6.0306,6.0306,6.0306,1.134
6.0515,6.0515,6.0515,6.0515,6.0515,6.0515,6.0515,6.0515,5.6893,5.6893,5.6893,5.6893,5.6893,5.6893,0.9294,3.7204,10.0,10.0,10.0,10.0,10.0,1.6399,10.0,10.0,10.0,10.0,10.0,10.0,4.0975,4.965,5.6893,2.8673,2.5398,2.283,1.1762,0.8626,6.0515,6.0515,1.3509,6.0515,6.0515,6.0515,6.0515,6.0515,6.0515,6.0515,6.0515,6.0515,1.4894,6.0515,6.0515,1.1018,6.0515,6.0515,6.0515,1.8641,6.0515,5.6808,4.0975,4.7908
10.0,10.0,1.4187,10.0,10.0,10.0,10.0,6.0725,6.0725,6.0725,4.1117,1.4789,1.4884,5.709,5.709,5.2172,4.7049,4.1117,6.0725,6.0725,6.0725,6.0725,2.7887,6.0725,6.0725,10.0,10.0,10.0,10.0,1.1372,10.0,10.0,1.1815,10.0,10.0,10.0,10.0,10.0,10.0,10.0,5.1957,3.1612,5.1957,5.1957,5.1957,5.1957,2.6945,5.1957,6.0243,5.9563,4.217,5.7462,5.3211,4.8174,4.3014,4.1338,3.8359,3.3145,2.7951,2.2771
6.0936,6.0936,6.0936,6.0936,6.0936,6.0936,6.0936,6.0936,6.0936,6.0936,6.0936,0.824,6.0936,6.0936,6.0936,6.0936,6.0936,6.0936,6.0936,6.0936,6.0936,6.0936,6.0936,6.0936,6.0936,6.0936,0.6923,0.7092,6.0936,6.0936,6.0936,6.0936,6.0936,0.5686,6.0936,6.0936,6.0936,6.0936,1.0748,6.0936,6.0936,6.0936,6.0936,6.0936,6.0936,6.0936,6.0936,6.0936,1.1825,6.0936,6.0936,6.0936,5.7203,4.1175,0.1169,5.7288,5.7288,5.7288,4.1261,1.4626
6.1148,6.1148,1.0474,10.0,10.0,10.0,10.0,10.0,10.0,10.0,10.0,10.0,10.0,10.0,10.0,0.2545,10.0,0.7853,10.0,10.0,1.0395,10.0,10.0,10.0,10.0,10.0,1.0781,10.0,10.0,10.0,10.0,10.0,10.0,6.1148,6.1148,6.1148,6.1148,3.2472,6.1148,4.1405,4.2999,6.1148,4.3159,4.2652,4.2145,4.1638,4.1405,4.1405,4.1405,4.1405,4.1405,4.1405,6.1148,6.1148,10.0,5.2319,5.2319,5.2319,5.2319,5.2319
2.2625,6.1363,6.1363,6.1363,3.5652,6.1363,6.1363,6.1363,3.3558,6.1363,6.1363,6.1363,6.1363,6.1363,6.1363,6.1363,6.1363,6.1363,0.822,1.2383,6.1363,5.7603,4.8581,1.4397,5.769,5.769,6.1363,4.155,6.1363,6.1363,6.0883,5.6775,5.3039,1.805,5.2502,5.2502,5.2502,5.2502,5.1344,5.2502,1.5285,5.8753,5.8753,4.2624,3.6676,5.8667,5.273,1.4536,6.1363,6.1363,6.1363,6.1363,6.1363,6.1363,6.1363,5.9477,5.1297,4.3099,4.125,3.5802
6.1578,6.1578,6.1578,6.1578,1.7696,6.1578,6.1578,6.1578,6.1578,6.1578,6.1578,6.1578,6.1578,6.1578,6.1578,6.1578,6.1578,6.1578,1.5062,5.7806,3.8329,3.0534,5.7806,5.7806,5.7892,5.7892,3.4241,1.0295,1.2442,6.1578,1.0112,6.1578,6.1578,6.1578,0.5378,6.1578,6.1578,6.1578,6.1578,6.1578,6.1578,6.1578,6.1578,0.92,6.1578,6.1578,6.1578,6.1578,6.1578,6.1578,1.0139,6.1578,6.1578,6.1578,6.1578,6.1578,6.1578,6.1578,6.1578,6.1578
1.2208,10.0,10.0,10.0,10.0,10.0,10.0,10.0,10.0,10.0,10.0,10.0,10.0,10.0,10.0,10.0,10.0,1.9051,10.0,10.0,10.0,10.0,10.0,10.0,1.2264,10.0,10.0,10.0,10.0,10.0,10.0,10.0,10.0,10.0,10.0,10.0,10.0,1.0008,10.0,10.0,0.8934,10.0,10.0,10.0,3.3159,3.2356,3.2169,3.2169,3.2169,5.2873,3.3793,5.2873,1.5783,5.0992,1.8566,4.5759,2.1151,4.0093,3.381,1.9002
6.2014,6.2014,6.2014,6.2014,6.2014,6.2014,6.2014,6.2014,6.2014,6.2014,0.8852,6.2014,6.2014,6.2014,6.2014,6.2014,6.2014,6.2014,0.9822,6.2014,6.2014,6.2014,6.2014,6.2014,6.2014,0.3793,6.2014,0.4761,6.2014,6.2014,1.1739,6.2014,6.2014,6.2014,6.2014,6.2014,6.2014,6.2014,2.5184,6.2014,6.2014,2.6149,6.2014,6.2014,2.9522,5.981,1.8604,5.8215,2.9353,3.3868,6.2014,6.2014,4.1991,3.4301,0.1498,0.9522,6.2014,6.2014,6.2014,6.2014
6.2235,6.2235,6.2235,6.2235,6.2235,6.2235,6.2235,6.2235,2.129,6.2235,10.0,2.0403,10.0,10.0,10.0,0.8052,10.0,10.0,10.0,10.0,10.0,10.0,10.0,10.0,10.0,10.0,10.0,10.0,10.0,10.0,6.2235,6.2235,4.214,6.2235,5.5435,5.8509,4.2052,2.6001,5.8422,6.0847,2.226,6.2235,6.2235,6.2235,6.2235,6.2235,6.2235,2.4609,6.2235,6.2235,6.2235,2.8689,6.2235,6.2235,5.8422,5.8422,1.3955,5.6737,6.2235,3.2398
10.0,10.0,2.9347,6.2456,5.8718,5.8718,4.229,5.863,5.863,2.8692,1.1245,4.1488,6.2456,6.2456,5.863,2.1596,1.6514,4.0223,5.8718,5.435,6.2456,4.229,6.2456,6.2456,6.2456,2.3214,10.0,10.0,1.4196,10.0,10.0,1.459,10.0,10.0,10.0,10.0,5.615,5.3438,3.8692,3.2514,3.2514,3.2514,3.2514,5.0209,3.0014,0.9148,5.98,4.3373,5.98,0.7257,5.9713,4.4415,0.953,5.0537,4.5124,4.2517,3.2298,3.477,2.9322,2.3888
6.268,6.268,6.268,6.268,6.268,0.9415,6.268,6.268,6.268,6.268,6.268,6.268,6.268,6.268,6.268,6.268,6.268,6.268,2.823,6.268,6.268,1.0622,0.7484,6.268,1.0368,6.268,6.268,6.268,6.268,0.84,6.268,6.268,0.6353,6.268,6.268,6.268,6.268,6.268,6.268,6.268,6.268,6.268,0.9248,6.268,6.268,6.268,6.268,6.268,6.268,0.6861,6.268,6.268,6.268,6.268,6.268,6.268,2.1748,4.2353,5.884,2.513
10.0,10.0,10.0,10.0,10.0,10.0,10.0,10.0,10.0,10.0,10.0,10.0,10.0,10.0,10.0,0.8213,10.0,10.0,10.0,10.0,10.0,0.9563,10.0,10.0,10.0,10.0,10.0,1.2094,10.0,10.0,1.1552,10.0,10.0,10.0,10.0,10.0,10.0,6.2905,6.2905,1.7334,6.2905,6.2905,1.5729,10.0,10.0,1.5072,10.0,10.0,10.0,10.0,5.3822,5.3822,4.7775,3.2747,3.2747,3.2747,1.2607,3.2747,3.2747,3.0927
6.3132,6.3132,1.3757,6.3132,6.3132,1.4897,6.3132,6.3132,6.3132,6.3132,6.3132,6.3132,1.4317,6.3132,1.0661,6.3132,6.3132,6.3132,6.3132,6.3132,0.8619,6.3132,6.3132,6.3132,6.3132,5.9264,0.8161,3.2785,5.9353,5.9353,5.9353,5.9353,4.7236,4.2747,4.2747,3.9764,4.2747,4.2747,4.2747,3.5959,6.0447,4.5405,3.9122,3.443,5.9353,4.2659,6.3132,6.3132,6.3132,6.3132,6.3132,1.4372,6.3132,6.3132,6.3132,6.3132,6.3132,6.3132,6.3132,5.1191
6.336,6.336,6.336,6.336,6.336,6.336,6.336,6.336,6.336,5.9096,5.9478,5.9478,5.769,5.9478,5.9478,5.9478,0.5241,2.8157,1.3622,10.0,10.0,10.0,10.0,10.0,10.0,10.0,4.2902,10.0,5.9567,5.9567,1.5906,4.2813,5.9229,6.336,6.336,6.336,6.336,6.336,6.336,6.336,6.336,6.336,6.336,6.336,6.336,6.336,6.336,1.1213,6.336,6.336,6.336,1.3446,1.7942,6.336,2.5754,6.336,4.2813,6.336,6.336,5.9478
10.0,10.0,10.0,10.0,10.0,10.0,1.1175,10.0,10.0,6.359,6.359,6.359,1.8541,1.0558,6.359,3.5657,3.0309,6.359,6.359,6.359,10.0,1.8424,10.0,10.0,10.0,10.0,10.0,10.0,10.0,10.0,10.0,0.966,10.0,10.0,10.0,10.0,10.0,10.0,10.0,10.0,10.0,10.0,3.0309,5.4408,5.4408,5.4408,0.7443,5.4408,4.0814,5.4408,0.6731,5.9054,5.4685,4.9509,4.2834,4.3288,3.9422,3.4063,2.8725,2.3402
6.3822,6.3822,6.3822,6.3822,6.3822,6.3822,6.3822,6.3822,6.3822,6.3822,6.3822,6.3822,6.3822,6.3822,6.3822,6.3822,1.2342,6.3822,6.3822,6.3822,0.9157,6.3822,6.3822,6.3822,6.3822,6.3822,6.3822,6.3822,0.8755,6.3822,6.3822,0.8036,6.3822,6.3822,1.3011,6.3822,6.3822,6.3822,6.3822,6.3822,6.3822,6.3822,6.3822,6.3822,6.3822,6.3822,6.3822,1.5822,6.3822,6.0158,5.2817,1.6124,2.4695,6.0001,0.1225,4.3215,6.3822,6.3822,6.3822,6.3822
6.4055,6.4055,6.4055,6.4055,6.4055,6.4055,1.2565,10.0,10.0,10.0,10.0,10.0,10.0,10.0,10.0,10.0,10.0,10.0,10.0,10.0,10.0,10.0,10.0,10.0,10.0,1.0806,10.0,10.0,10.0,10.0,2.4212,10.0,2.6457,6.4055,6.4055,6.4055,4.3373,4.8667,5.3783,5.8896,6.0221,6.0221,6.0221,6.0131,6.0131,6.0131,6.0131,6.0131,6.0131,6.0131,6.0131,6.0131,6.0221,4.3373,6.4055,1.1261,6.4055,3.447,5.4806,5.4806
6.0351,6.0351,6.0351,6.0351,6.0351,6.429,6.429,4.4654,6.429,6.429,6.429,6.429,6.429,6.429,6.429,6.429,6.429,1.2618,6.0351,1.9047,2.1481,2.3916,6.0442,6.429,4.8449,4.3532,10.0,10.0,2.8271,2.3349,10.0,10.0,6.0832,5.5007,5.5007,4.3096,5.5007,5.5007,4.1335,5.5007,5.5007,1.0965,6.1556,6.1556,4.5098,6.1466,6.1466,5.7407,1.0134,3.9747,1.7309,3.0492,6.429,0.4547,5.4431,4.7871,4.3765,1.5372,3.537,1.9207
6.4527,6.4527,6.4527,1.3639,6.4527,6.4527,1.2594,6.4527,6.4527,6.4527,6.4527,6.4527,6.4527,1.4655,6.4527,6.4527,6.4527,6.4527,6.4527,4.3601,4.5177,4.8933,6.4527,6.4527,3.2156,6.0574,6.4527,6.4527,6.4527,6.4527,6.4527,0.8634,6.4527,6.4527,6.4527,6.4527,0.827,6.4527,6.4527,6.4527,6.4527,6.4527,6.4527,6.4527,6.4527,6.4527,6.4527,6.4527,6.4527,6.4527,6.4527,6.4527,6.4527,6.4527,6.4527,0.5867,1.0708,1.6514,2.1768,2.6636
10.0,10.0,10.0,10.0,0.8364,10.0,10.0,10.0,10.0,10.0,10.0,10.0,0.3425,0.8676,10.0,10.0,10.0,10.0,10.0,10.0,10.0,10.0,10.0,10.0,10.0,10.0,10.0,10.0,10.0,10.0,10.0,10.0,10.0,10.0,1.2142,10.0,10.0,10.0,10.0,6.4765,10.0,10.0,10.0,10.0,1.0925,10.0,3.863,0.9538,3.7528,3.4961,3.3716,3.3386,3.7528,5.5414,5.5414,1.4843,4.0166,4.4089,4.0604,3.308
0.693,6.5006,6.5006,0.982,6.5006,6.5006,6.5006,6.5006,6.5006,6.5006,6.5006,6.5006,6.5006,1.1511,6.5006,6.5006,6.5006,6.5006,6.5006,0.7124,6.5006,6.5006,0.7815,6.5006,6.5006,6.5006,6.5006,6.5006,6.5006,6.5006,6.5006,1.3445,4.3925,5.8038,6.1023,6.1023,6.1023,6.1023,6.1023,6.2241,4.8139,6.215,5.9363,6.1023,6.1023,4.5052,4.3925,6.1115,6.5006,6.5006,4.4016,6.5006,6.5006,6.5006,6.5006,6.0678,1.4325,0.9208,6.0726,6.1307
6.5248,6.5248,6.5248,6.5248,6.5248,4.0311,4.418,4.418,4.418,4.2357,4.418,4.418,4.0937,10.0,10.0,10.0,10.0,10.0,10.0,10.0,10.0,10.0,10.0,2.0399,10.0,10.0,10.0,2.5691,3.0751,10.0,4.418,6.5248,2.2578,3.7933,2.7019,1.6668,5.7538,6.3949,6.5248,6.5248,6.5248,6.5248,1.6683,6.5248,6.5248,1.565,6.5248,6.5248,6.5248,6.5248,6.5248,6.5248,6.5248,6.5248,4.4089,5.1018,6.1251,6.1251,4.6083,1.4836
10.0,1.8909,10.0,10.0,10.0,6.5492,6.5492,6.1572,1.6387,6.1572,1.8853,0.655,6.1572,6.1572,6.1572,6.1572,6.1191,6.5492,6.5492,4.2733,6.5492,6.5492,6.5492,6.5492,6.5492,6.5492,6.5492,10.0,10.0,10.0,10.0,10.0,1.0685,10.0,10.0,10.0,10.0,10.0,10.0,0.8134,5.6035,5.6035,5.6035,5.6035,5.6035,5.2739,6.1503,6.0824,6.0146,3.1861,5.8477,5.7369,5.3125,4.8096,4.4583,4.4583,4.4583,4.4583,4.4583,4.4583
6.5737,6.5737,6.5737,6.5737,6.5737,6.5737,6.5737,6.5737,0.8513,6.5737,6.5737,6.5737,6.5737,6.5737,6.5737,6.5737,1.8517,6.5737,6.5737,1.843,6.5737,6.5737,0.8378,6.5737,6.5737,0.9303,6.5737,6.5737,6.5737,6.5737,6.5737,6.5737,6.5737,6.5737,6.5737,0.9556,6.5737,6.5737,6.5737,6.5737,6.5737,6.5737,6.5737,6.5737,6.5737,6.5737,6.5737,6.5737,6.5737,6.5737,6.5737,6.5737,6.5737,6.5737,6.171,6.171,6.171,1.5609,6.1803,6.1803
6.5985,10.0,10.0,10.0,10.0,0.9183,10.0,10.0,10.0,10.0,10.0,10.0,10.0,10.0,0.6381,0.2871,10.0,10.0,10.0,10.0,10.0,10.0,10.0,10.0,10.0,10.0,10.0,10.0,10.0,10.0,10.0,10.0,10.0,10.0,10.0,10.0,6.5985,6.5985,2.9887,6.5985,6.5985,2.6557,6.5985,6.5985,2.5312,6.5985,6.5985,2.4462,6.5985,6.5985,2.2556,6.5985,1.0665,5.6457,4.6679,5.6457,5.6457,5.6457,5.6457,1.0009
6.6234,6.6234,6.6234,6.6234,6.6234,6.6234,6.6234,6.6234,6.6234,6.6234,2.3694,6.6234,6.6234,6.6234,6.6234,1.0327,6.6234,6.6234,0.9339,6.6234,6.6234,6.6234,1.2783,5.0861,0.6395,6.227,6.1155,6.6234,4.4848,3.8864,3.3638,10.0,6.368,6.0552,5.7866,5.6671,1.9272,5.6671,6.6234,1.9825,6.3418,6.3418,4.5576,6.3325,6.6234,5.2762,1.9134,1.5575,4.4848,6.6234,6.6234,6.6234,6.6234,6.6234,1.7583,6.6234,6.152,5.1688,1.2363,4.025
6.6486,2.0068,6.6486,6.6486,6.6486,6.6486,6.6486,6.6486,6.6486,6.6486,6.6486,6.6486,2.4645,6.6486,3.4724,4.4925,1.8253,1.0404,2.0121,6.2413,6.2413,4.5019,4.5019,4.5019,4.6629,5.626,6.2506,6.0374,3.4568,1.1614,6.2413,6.6486,6.6486,0.7677,6.6486,6.6486,6.6486,6.6486,6.6486,6.6486,0.9291,6.6486,6.6486,6.6486,6.6486,6.6486,6.6486,6.6486,6.6486,6.6486,0.7491,6.6486,6.6486,6.6486,6.6486,6.6486,6.6486,4.2514,4.4959,4.6171
10.0,10.0,10.0,10.0,10.0,10.0,10.0,10.0,10.0,10.0,10.0,10.0,10.0,1.4996,0.5559,10.0,2.3364,10.0,10.0,1.5389,10.0,10.0,10.0,10.0,10.0,10.0,10.0,1.0476,10.0,10.0,0.8919,10.0,10.0,0.9957,10.0,10.0,10.0,10.0,10.0,10.0,10.0,10.0,10.0,3.1426,4.1561,5.292,5.7103,5.7103,5.7103,3.4743,0.718,5.6664,5.7103,2.2798,4.7787,2.5198,4.2615,3.6823,2.3185,2.5298
6.6994,6.6994,6.6994,6.6994,6.6994,6.6994,6.6994,0.8456,6.6994,6.6994,6.6994,6.6994,6.6994,6.6994,1.2715,6.6994,6.6994,6.6994,6.6994,6.6994,6.6994,0.53,6.6994,6.6994,0.704,0.3834,6.6994,6.6994,6.6994,0.9825,6.6994,6.6994,6.6994,1.6949,6.6994,6.6994,1.861,6.6994,6.6994,2.0172,6.6994,6.6994,6.6994,6.6994,6.6994,6.6994,1.9821,1.3722,4.9166,6.2984,6.2984,5.6098,4.7079,6.6994,0.1353,6.6994,6.6994,1.5198,6.6994,6.6994
6.7252,6.7252,6.7252,6.7252,6.7252,6.7252,6.7252,1.6645,6.7252,10.0,1.5741,10.0,10.0,0.4858,10.0,10.0,10.0,10.0,10.0,10.0,10.0,10.0,10.0,10.0,10.0,10.0,10.0,10.0,10.0,10.0,10.0,10.0,6.7252,6.7252,4.6842,6.7252,6.7252,6.3226,2.2672,3.4884,4.5443,5.6739,6.3132,3.695,6.7252,6.7252,3.5513,6.7252,6.7252,6.7252,3.9412,6.7252,5.6142,1.0912,6.3132,4.5537,6.3226,6.7252,1.2762,4.6049
6.347,6.347,4.5713,4.5713,4.5713,4.5713,6.3375,6.7511,2.0954,4.5618,3.9895,6.7511,6.7511,6.7511,2.0005,6.3375,1.6681,2.0043,3.7802,3.0754,5.7797,6.7511,4.4575,3.9347,10.0,10.0,10.0,1.8754,10.0,10.0,10.0,10.0,10.0,7.5401,6.3423,0.9874,5.7763,3.6885,3.5145,3.5145,3.5145,3.5145,4.7476,3.5145,6.464,6.464,6.464,6.4545,6.4545,0.7588,4.6788,1.4109,0.9491,0.4164,4.735,2.4397,4.2226,3.6486,3.0769,2.5067
6.7772,6.7772,0.9685,6.7772,6.7772,6.7772,6.7772,6.7772,6.7772,6.7772,6.7772,6.7772,1.0237,6.7772,6.7772,6.7772,6.7772,6.7772,6.7772,6.7772,3.732,3.3504,1.5546,1.2035,6.7772,6.7772,6.7772,6.7772,0.4812,6.7772,6.7772,6.7772,0.7089,6.7772,6.7772,6.7772,6.7772,6.7772,6.7772,0.8635,6.7772,6.7772,6.7772,6.7772,6.7772,6.7772,6.7772,6.7772,6.7772,0.6575,6.7772,6.7772,6.7772,6.7772,6.7772,2.9635,6.7772,6.7772,3.1328,3.6711
10.0,0.9623,10.0,10.0,10.0,10.0,10.0,10.0,10.0,10.0,10.0,10.0,10.0,10.0,10.0,10.0,1.0257,10.0,10.0,1.0569,10.0,10.0,10.0,10.0,10.0,1.0251,10.0,10.0,10.0,10.0,10.0,1.0158,10.0,10.0,10.0,10.0,10.0,10.0,1.3207,6.8035,6.8035,6.8035,10.0,10.0,10.0,10.0,10.0,10.0,10.0,4.8697,4.6803,1.0175,3.5418,5.8212,3.5418,3.5418,3.5418,3.5418,3.3607,4.2742
6.83,6.83,6.83,6.83,6.83,6.83,6.83,6.83,6.83,1.2094,6.83,6.83,6.83,6.83,6.83,6.83,6.83,6.83,6.83,6.83,6.83,6.83,6.83,0.9238,6.83,6.83,1.4394,4.6151,2.0309,2.304,6.4116,6.4212,6.4212,6.4212,6.4212,6.4212,6.4212,6.4212,6.5396,6.5396,4.8586,6.4116,6.4116,6.4212,4.7951,4.5003,6.83,6.83,4.7409,6.83,6.83,6.83,6.83,6.299,6.2282,6.1708,6.1469,6.1427,6.1757,6.2347
6.8568,6.8568,6.8568,6.8568,6.8568,6.8568,6.8568,6.8568,6.8568,6.8568,6.4367,6.4367,6.4367,6.4463,0.8715,6.4463,1.1181,10.0,10.0,1.199,10.0,10.0,2.1259,10.0,10.0,10.0,10.0,10.0,4.6429,10.0,1.2561,2.0388,3.6883,1.5279,1.1596,6.8568,6.8568,6.8568,6.8568,6.8568,6.8568,1.249,6.8568,6.8568,6.8568,6.8568,6.8568,6.8568,6.8568,6.8568,6.8568,6.8568,1.5563,6.8568,6.8568,6.8568,2.2652,6.8568,6.8568,6.4367
10.0,10.0,10.0,10.0,10.0,10.0,10.0,6.8837,6.8837,1.2208,6.8837,3.6896,4.6611,4.7458,4.6586,6.8837,6.8837,6.8837,6.8837,6.8837,2.268,10.0,10.0,2.2899,10.0,10.0,1.3483,10.0,10.0,10.0,10.0,10.0,10.0,10.0,10.0,10.0,0.8185,10.0,10.0,10.0,10.0,2.9425,5.8878,5.8898,5.8898,5.8898,5.6513,3.5835,5.8898,5.9371,1.8359,4.7804,5.3039,4.8019,4.686,4.3421,3.8235,3.3038,2.7861,2.2698
6.9109,0.686,6.9109,6.9109,6.9109,6.9109,6.9109,6.9109,6.9109,6.9109,6.9109,6.9109,6.9109,6.9109,6.9109,1.4816,6.9109,6.9109,6.9109,6.9109,0.6898,6.9109,6.9109,6.9109,6.9109,6.9109,0.7541,6.9109,6.9109,6.9109,6.9109,6.9109,6.9109,6.9109,6.9109,6.9109,6.9109,6.9109,6.9109,6.9109,6.9109,1.1765,6.9109,6.9109,1.3218,6.9109,6.9109,6.9109,0.9244,6.9109,6.9109,6.1656,6.4875,6.4972,0.1173,6.4972,1.1758,6.9109,6.9109,6.9109
6.9382,6.9382,6.9382,6.9382,10.0,10.0,10.0,10.0,10.0,10.0,10.0,10.0,1.0609,10.0,10.0,0.2674,10.0,10.0,10.0,10.0,10.0,10.0,10.0,10.0,10.0,10.0,10.0,10.0,10.0,10.0,10.0,10.0,1.9504,10.0,10.0,2.8006,3.3375,6.9382,6.9382,4.698,4.8238,6.9382,6.9382,6.2839,6.5229,6.5229,6.5229,6.5229,6.5229,6.5229,6.5229,6.5229,2.888,6.9382,6.9382,6.9382,2.9392,5.9364,5.9364,5.9364
3.8257,4.7069,4.7069,4.7069,4.7069,4.7069,6.9658,6.9658,6.9658,6.9658,6.9658,6.9658,1.8409,6.9658,6.9658,6.9658,1.1258,6.9658,6.9658,1.1182,1.4687,1.6846,3.0798,6.5489,1.7038,4.7673,6.9658,6.9658,10.0,10.0,6.4731,5.96,5.96,5.1199,5.96,5.96,5.96,1.4306,4.6411,4.5461,4.2984,6.2045,6.6696,4.8374,1.2281,3.1992,5.6494,4.8276,1.0775,2.1433,2.62,6.9658,1.78,2.1223,6.1075,1.3733,4.7419,4.4829,3.9687,3.2332
10.0,6.9936,6.9936,6.9936,6.9936,6.9936,6.9936,6.9936,6.9936,6.9936,1.5117,6.9936,6.9936,6.9936,6.9936,6.9936,6.9936,6.9936,4.7257,2.0009,6.9936,6.9936,6.5652,6.5347,6.5652,2.1624,4.1333,5.6451,6.9936,6.9936,6.9936,6.9936,6.9936,6.9936,0.5909,6.9936,6.9936,6.9936,6.9936,6.9936,6.9936,6.9936,6.9936,6.9936,6.9936,6.9936,6.9936,6.9936,6.9936,6.9936,6.9936,6.9936,6.9936,6.9936,6.9936,6.9936,6.9936,6.9936,6.9936,6.9936
10.0,10.0,10.0,10.0,10.0,10.0,10.0,0.8543,10.0,10.0,10.0,10.0,10.0,10.0,10.0,1.3503,10.0,10.0,10.0,10.0,10.0,10.0,10.0,10.0,10.0,10.0,10.0,10.0,10.0,10.0,10.0,10.0,10.0,10.0,10.0,10.0,10.0,0.9596,10.0,10.0,10.0,10.0,10.0,10.0,10.0,3.6019,4.5721,6.0078,6.0078,6.0078,3.0454,3.7963,6.0078,6.0078,4.7232,4.8229,4.7799,4.2257,3.5635,2.9031
7.0499,7.0499,7.0499,7.0499,7.0499,7.0499,7.0499,7.0499,7.0499,7.0499,7.0499,7.0499,7.0499,7.0499,7.0499,1.038,7.0499,7.0499,7.0499,7.0499,7.0499,7.0499,7.0499,7.0499,7.0499,7.0499,0.7934,1.1394,7.0499,7.0499,1.1332,7.0499,7.0499,7.0499,7.0499,7.0499,3.4485,7.0499,7.0499,3.5917,7.0499,7.0499,7.0499,3.4236,6.618,6.618,4.9076,4.3405,7.0499,5.5529,4.8168,7.0499,7.0499,7.0499,7.0499,7.0499,7.0499,6.0731,6.1057,6.1641
7.0784,7.0784,2.5823,7.0784,7.0784,7.0784,2.7339,7.0784,7.0784,2.5873,7.0784,7.0784,2.4888,10.0,1.6511,10.0,10.0,10.0,0.8775,10.0,10.0,10.0,1.6018,10.0,10.0,1.5932,10.0,10.0,2.4132,2.9335,10.0,7.0784,4.7929,7.0784,3.2112,6.6547,1.2857,6.6448,6.3298,6.6929,7.0784,7.0784,7.0784,2.11,7.0784,7.0784,1.9581,7.0784,7.0784,7.0784,7.0784,7.0784,3.2421,7.0784,1.4986,6.6448,3.8154,4.7929,5.8236,6.6547
10.0,10.0,10.0,7.1071,6.7005,6.3307,5.0107,2.126,6.6817,2.3509,2.3732,4.8244,3.6178,3.9442,3.4391,2.1193,6.6817,7.1071,7.1071,4.8057,7.1071,7.1071,7.1071,7.1071,7.1071,7.1071,10.0,10.0,10.0,10.0,10.0,10.0,10.0,10.0,10.0,10.0,10.0,6.0809,5.1517,3.1441,6.0809,6.0809,0.814,6.0809,6.0809,6.325,6.2559,5.9291,6.1179,0.7516,5.9481,5.8354,5.4037,4.8922,4.8381,4.4239,3.8955,3.366,2.8385,2.3125
7.1361,7.1361,7.1361,7.1361,7.1361,0.901,7.1361,7.1361,7.1361,7.1361,7.1361,7.1361,7.1361,7.1361,7.1361,7.1361,7.1361,2.307,7.1361,2.5179,7.1361,7.1361,0.7628,7.1361,7.1361,7.1361,7.1361,7.1361,7.1361,7.1361,7.1361,7.1361,7.1361,7.1361,7.1361,7.1361,7.1361,7.1361,7.1361,7.1361,7.1361,7.1361,7.1361,7.1361,7.1361,0.9861,7.1361,7.1361,7.1361,7.1361,7.1361,7.1361,7.1361,2.0518,7.1361,7.1361,4.8219,6.6989,2.0109,6.6989
10.0,10.0,10.0,10.0,10.0,10.0,10.0,10.0,0.8693,10.0,10.0,10.0,10.0,10.0,10.0,10.0,10.0,10.0,0.8782,10.0,10.0,10.0,10.0,10.0,0.9365,10.0,10.0,10.0,10.0,10.0,10.0,10.0,10.0,10.0,10.0,10.0,1.9947,10.0,10.0,7.1652,7.1652,7.1652,7.1652,7.1652,7.1652,7.1652,1.9089,10.0,10.0,1.7565,10.0,6.1307,5.8236,6.1307,3.0308,6.1307,6.1307,6.1307,5.4402,3.7301
7.1947,7.1947,7.1947,7.1947,7.1947,7.1947,7.1947,7.1947,1.6357,7.1947,7.1947,7.1947,7.1947,7.1947,7.1947,7.1947,7.1947,7.1947,7.1947,7.1947,0.6593,7.1947,7.1947,6.7539,1.0214,1.8096,2.9241,6.764,6.764,7.1947,4.8622,7.1947,7.1947,3.3363,2.8067,7.1947,7.1947,2.9506,6.5232,6.8887,6.8786,2.5648,6.764,4.9917,4.4752,2.478,7.1947,4.8716,7.1947,7.1947,7.1947,7.1055,6.8776,6.7304,6.6548,6.5935,1.0791,6.5635,5.3717,4.8977
7.2243,7.2243,7.2243,7.2243,7.2243,4.0174,7.2243,7.2243,3.6934,7.2243,7.2243,3.6162,7.2243,7.2243,4.9163,1.3385,0.5274,1.5441,3.2292,4.8917,5.841,6.7919,6.7919,3.221,3.7299,4.263,4.7373,5.6014,1.4068,0.8006,4.8816,1.3841,6.7818,7.2243,7.2243,7.2243,7.2243,0.957,7.2243,7.2243,7.2243,7.2243,7.2243,7.2243,7.2243,7.2243,7.2243,1.1264,7.2243,7.2243,0.7787,7.2243,7.2243,7.2243,2.7604,3.0116,7.2243,7.2243,3.2163,7.2243
10.0,10.0,10.0,1.0245,10.0,10.0,10.0,10.0,10.0,10.0,10.0,7.2543,1.1054,7.2543,3.2784,7.2543,10.0,10.0,10.0,10.0,1.6468,10.0,10.0,1.572,10.0,10.0,10.0,10.0,10.0,10.0,10.0,10.0,10.0,10.0,10.0,10.0,10.0,10.0,10.0,10.0,10.0,10.0,10.0,0.8582,5.6902,6.2068,5.9162,5.8652,6.2068,6.2068,0.6168,5.9999,2.6683,5.0302,4.9383,4.5486,3.2658,3.4608,2.9185,2.3777
7.2844,7.2844,7.2844,7.2844,0.8192,7.2844,7.2844,7.2844,7.2844,7.2844,7.2844,7.2844,7.2844,7.2844,7.2844,7.2844,7.2844,7.2844,7.2844,7.2844,7.2844,7.2844,7.2844,7.2844,7.2844,7.2844,7.2844,7.2844,7.2844,7.2844,7.2844,0.7583,7.2844,7.2844,7.2844,7.2844,7.2844,1.4455,7.2844,7.2844,1.5481,7.2844,7.2844,7.2844,7.2844,7.2844,7.2844,7.0247,6.8382,5.09,6.8484,6.8484,7.2844,5.0389,0.1254,7.2844,7.2844,7.2844,1.093,7.2844
1.7806,7.1529,7.0976,1.3354,7.3148,7.3148,7.3148,10.0,10.0,10.0,10.0,10.0,10.0,10.0,10.0,10.0,0.7334,10.0,10.0,10.0,10.0,10.0,10.0,10.0,10.0,10.0,10.0,1.4069,10.0,10.0,10.0,2.8617,10.0,10.0,7.3148,7.3148,4.9849,5.846,6.4561,6.877,6.877,6.877,6.877,4.7916,5.2823,6.8667,6.7378,6.8667,6.8667,6.8667,6.8667,6.8667,6.8667,1.2242,4.953,7.3148,7.3148,3.0025,6.2586,6.2586
6.9058,6.8955,6.8955,6.8955,6.8955,7.3455,7.3455,4.9033,4.3907,3.9012,3.4116,7.3455,7.3455,1.881,7.3455,1.5357,6.961,6.2994,4.9634,2.6061,2.8418,3.1573,1.5835,4.9738,10.0,3.5662,10.0,2.5488,10.0,2.3327,8.8817,10.0,6.7585,6.2849,5.838,4.9375,3.8872,3.8239,1.0409,3.8239,3.8239,4.6539,3.5276,7.0331,5.1011,7.0228,7.0228,2.453,5.2265,7.0382,3.5929,6.7899,6.2876,0.3915,1.8004,5.0004,4.5326,3.9165,3.3028,2.6907
10.0,7.3764,7.3764,7.3764,7.3764,7.3764,1.2637,7.3764,7.3764,1.1344,7.3764,7.3764,7.3764,7.3764,7.3764,7.3764,7.3764,7.3764,7.3764,7.3764,7.3764,7.3764,1.4469,1.1669,7.3764,1.4476,0.5537,7.3764,0.4519,7.3764,7.3764,7.3764,7.3764,7.3764,7.3764,7.3764,0.8199,7.3764,7.3764,7.3764,7.3764,7.3764,7.3764,7.3764,7.3764,7.3764,7.3764,7.3764,7.3764,7.3764,7.3764,7.3764,7.3764,7.3764,7.3764,0.5535,7.3764,7.3764,7.3764,7.3764
10.0,10.0,10.0,10.0,10.0,10.0,10.0,10.0,10.0,10.0,10.0,10.0,0.365,10.0,10.0,10.0,10.0,1.1961,10.0,10.0,10.0,10.0,10.0,10.0,10.0,10.0,10.0,10.0,10.0,10.0,10.0,10.0,10.0,10.0,1.1941,10.0,10.0,10.0,10.0,10.0,10.0,1.1849,10.0,10.0,1.0557,10.0,10.0,4.0223,3.9172,3.8563,3.8563,0.8522,6.338,1.2689,3.8563,3.8563,3.8563,4.9002,4.4298,3.6089
0.7244,7.4391,7.4391,7.4391,7.4391,7.4391,1.086,7.4391,7.4391,7.4391,7.4391,7.4391,7.4391,7.4391,7.4391,7.4391,0.9217,7.4391,7.4391,0.6486,7.4391,7.4391,7.4391,7.4391,7.4391,7.4391,7.4391,7.4391,7.4391,1.5566,5.0267,6.9833,6.9833,6.9833,6.9833,6.9833,6.9833,7.1227,7.1123,5.2393,7.1123,6.9833,6.9833,5.337,5.1488,6.9938,6.2189,5.6856,5.0906,4.6189,7.4391,7.4391,7.4391,7.4391,6.365,6.365,6.365,6.365,6.365,6.365
7.4708,7.4708,7.4708,7.4708,7.4708,7.4708,7.4708,7.4708,7.4708,7.4708,6.5917,6.869,7.0236,6.1885,5.0586,1.993,10.0,0.9723,10.0,10.0,10.0,10.0,10.0,10.0,2.503,10.0,2.7173,10.0,3.736,10.0,5.0586,1.7406,7.4708,7.0236,1.9613,0.8384,7.0131,7.4251,1.302,7.4708,7.4708,7.4708,7.4708,7.4708,7.4708,7.4708,7.4708,7.4708,1.4324,7.4708,7.4708,1.1344,7.4708,7.4708,7.4708,1.8747,5.2043,1.6424,7.0131,5.0586
10.0,10.0,10.0,10.0,7.5028,1.4884,7.5028,7.5028,7.5028,5.0803,3.3368,0.6387,1.443,6.8724,6.3437,5.8596,5.0803,7.5028,3.9476,3.4558,7.5028,10.0,10.0,10.0,10.0,10.0,10.0,10.0,10.0,1.051,10.0,10.0,1.0809,10.0,10.0,10.0,10.0,10.0,10.0,0.7948,3.9058,10.0,10.0,6.2688,6.2019,5.6568,2.5845,6.001,5.9341,5.8671,5.7694,5.6601,5.2414,5.1075,5.1075,5.1075,5.1075,5.1075,5.1075,2.243
7.5351,7.5351,7.5351,7.5351,7.5351,7.5351,7.5351,7.5351,7.5351,7.5351,7.5351,0.82,7.5351,7.5351,7.5351,7.5351,7.5351,1.5784,7.5351,7.5351,7.5351,7.5351,7.5351,7.5351,7.5351,7.5351,7.5351,0.756,7.5351,7.5351,7.5351,7.5351,7.5351,7.5351,7.5351,0.9805,7.5351,7.5351,1.0731,7.5351,7.5351,7.5351,7.5351,7.5351,7.5351,7.5351,7.5351,7.5351,1.2054,7.5351,7.5351,7.5351,1.7246,5.0915,0.1146,7.0735,7.084,7.084,7.084,7.5351
7.5676,7.5676,1.0182,10.0,10.0,10.0,10.0,10.0,10.0,10.0,10.0,10.0,10.0,10.0,0.7161,0.2434,10.0,10.0,10.0,10.0,1.021,10.0,10.0,0.9621,10.0,10.0,1.1219,10.0,1.5022,10.0,10.0,1.478,10.0,1.8205,10.0,10.0,2.6974,10.0,7.5676,7.5676,3.9502,7.5676,7.5676,3.6272,7.5676,7.5676,3.4861,7.5676,7.5676,3.345,7.5676,7.5676,0.8784,7.5676,10.0,2.8959,5.9192,5.9206,5.8928,5.8351
2.1738,7.6004,2.8828,7.6004,7.6004,3.0278,7.6004,7.6004,7.6004,2.8184,7.6004,7.6004,7.6004,1.3998,7.6004,7.6004,7.6004,7.6004,0.8367,7.6004,7.1348,7.1348,5.1357,4.9052,0.6352,1.26,5.1464,10.0,7.3455,6.8667,6.503,6.503,6.503,6.1141,6.503,5.7571,6.503,5.5795,7.2772,7.2772,1.5608,5.3133,7.2666,1.6192,7.6004,5.4363,7.6004,1.4437,2.5628,7.6004,7.6004,7.6004,7.6004,1.2794,7.1171,6.2592,5.3983,5.1739,4.6248,3.7677
1.5112,10.0,7.6336,7.6336,7.6336,7.6336,7.6336,7.6336,2.1152,7.6336,7.6336,1.9632,7.6336,7.6336,7.6336,7.6336,7.6336,0.997,7.6336,2.4906,7.1659,7.1659,7.1659,4.0319,4.5304,7.1659,7.1659,0.9598,1.9633,6.3494,7.1659,7.6336,7.6336,7.6336,0.555,7.6336,7.6336,7.6336,7.6336,7.6336,7.6336,7.6336,7.6336,7.6336,7.6336,7.6336,7.6336,7.6336,7.6336,7.6336,1.0142,7.6336,7.6336,7.6336,7.6336,7.6336,7.6336,7.6336,7.6336,5.1594
1.166,10.0,10.0,10.0,10.0,10.0,10.0,10.0,10.0,10.0,0.895,10.0,10.0,10.0,0.5686,10.0,10.0,1.8857,10.0,10.0,10.0,1.2267,10.0,10.0,10.0,10.0,10.0,10.0,10.0,10.0,10.0,10.0,10.0,10.0,10.0,10.0,10.0,10.0,10.0,10.0,0.8586,10.0,10.0,10.0,10.0,4.5471,10.0,6.3559,6.5599,2.8008,0.7323,6.5599,6.1382,5.5572,5.2192,5.0251,2.0363,3.8234,3.2243,1.809
7.7007,7.7007,7.7007,7.7007,7.7007,7.7007,7.7007,7.7007,7.7007,7.7007,0.9416,7.7007,7.7007,7.7007,7.7007,7.7007,7.7007,7.7007,0.9266,7.7007,7.7007,0.6896,7.7007,7.7007,7.7007,0.3568,7.7007,0.4672,7.7007,7.7007,7.7007,7.7007,0.9127,7.7007,7.7007,2.3309,7.7007,7.7007,7.7007,7.7007,7.7007,7.7007,7.7007,7.7007,7.2289,2.4131,5.8083,5.2034,7.2397,2.4061,2.8787,7.7007,7.7007,7.7007,0.1419,0.9424,7.7007,7.7007,7.7007,6.5888
7.7347,2.0958,7.7347,7.7347,1.7909,7.7347,7.7347,7.7347,7.7347,7.7347,7.7347,1.9969,10.0,10.0,10.0,10.0,10.0,10.0,10.0,10.0,10.0,10.0,10.0,1.3507,10.0,10.0,10.0,10.0,10.0,10.0,10.0,10.0,10.0,7.7347,5.2373,7.7347,6.4151,1.7534,3.7847,5.2264,6.6736,2.6709,7.6484,7.7347,2.5992,7.7347,7.7347,7.7347,2.9234,7.7347,7.7347,7.7347,7.7347,5.3876,6.9957,3.4938,5.2373,6.375,1.1855,4.0265
7.5323,7.3039,6.7349,7.3039,5.2605,7.293,7.293,6.7139,3.3171,5.2496,4.6064,7.6102,2.9682,2.453,7.293,5.8943,1.6278,1.921,3.5182,5.6167,5.2605,7.769,10.0,10.0,10.0,10.0,10.0,10.0,10.0,1.6255,10.0,1.3697,10.0,10.0,10.0,1.0277,6.0998,4.7255,3.3236,6.6472,6.401,6.3308,6.6472,4.0444,2.9038,0.8309,5.3951,6.4169,2.117,0.7277,5.3842,1.3992,0.9091,0.4324,2.8823,4.5883,4.0403,2.7018,2.944,2.3984
10.0,7.8036,0.9582,7.8036,7.8036,7.8036,7.8036,7.8036,7.8036,7.8036,7.8036,7.8036,7.8036,7.8036,7.8036,7.8036,7.8036,7.8036,7.8036,3.2704,2.89,1.042,7.8036,7.8036,7.8036,7.8036,7.8036,7.8036,7.8036,0.7747,7.8036,7.8036,0.6171,7.8036,7.8036,7.8036,7.8036,7.8036,7.8036,7.8036,7.8036,7.8036,0.9292,7.8036,7.8036,7.8036,7.8036,7.8036,7.8036,0.6611,7.8036,7.8036,7.8036,7.8036,2.4611,7.8036,7.8036,2.6514,7.8036,5.2107
10.0,10.0,10.0,10.0,10.0,10.0,10.0,10.0,10.0,10.0,10.0,0.8425,10.0,10.0,10.0,10.0,10.0,10.0,10.0,10.0,10.0,10.0,10.0,10.0,10.0,10.0,10.0,10.0,10.0,10.0,10.0,10.0,10.0,1.3107,10.0,1.5345,10.0,10.0,10.0,10.0,10.0,10.0,7.8385,7.8385,7.8385,1.4364,10.0,10.0,1.3193,10.0,5.3375,5.176,4.0806,3.0554,6.7067,6.7067,1.2138,5.0624,4.0806,10.0
7.8737,7.8737,1.3505,7.8737,7.8737,7.8737,7.8737,7.8737,7.8737,7.8737,7.8737,7.8737,1.446,7.8737,7.8737,7.8737,7.8737,0.8801,7.8737,7.8737,0.9079,7.8737,7.8737,0.8639,7.8737,1.0859,0.8597,2.4271,2.7556,7.4024,7.4024,7.4024,6.2844,5.3314,5.3314,5.3314,5.0608,5.3314,5.3314,5.3314,4.8584,4.4646,4.0451,5.5633,7.8737,7.8737,5.4866,7.8737,7.8737,2.4402,1.915,1.4894,6.7368,6.7368,1.0009,1.4769,6.7368,6.7368,6.7368,5.9153
7.9093,7.9093,7.9093,7.9093,7.9093,7.9093,7.9093,7.9093,7.9093,7.9093,7.9093,7.9093,7.4247,7.4247,7.4247,7.4247,0.5138,4.4408,7.4358,10.0,1.715,10.0,10.0,10.0,3.1296,10.0,10.0,10.0,5.3555,1.8661,2.0525,7.4358,5.0908,6.1973,7.4247,7.5648,7.9093,7.9093,7.9093,7.9093,7.9093,7.9093,7.9093,7.9093,1.1422,7.9093,7.9093,7.9093,7.9093,7.9093,7.9093,1.2832,1.7772,2.0253,7.9093,7.9093,2.2232,7.9093,5.4956,7.9093
10.0,10.0,10.0,10.0,10.0,10.0,1.1084,10.0,10.0,1.2427,7.9451,7.9451,3.2991,1.0034,3.9734,7.9451,7.9451,10.0,10.0,2.0878,10.0,10.0,10.0,10.0,1.7937,10.0,10.0,10.0,0.9526,10.0,10.0,10.0,10.0,10.0,10.0,10.0,10.0,10.0,10.0,10.0,10.0,10.0,4.1361,10.0,5.8164,10.0,0.7299,2.5575,5.4581,5.9671,5.8678,5.7566,5.4086,4.6912,4.8835,4.3641,3.8428,3.3205,2.8001,2.2812
7.9813,7.9813,7.9813,7.9813,7.9813,7.9813,7.9813,7.9813,7.9813,7.9813,7.9813,7.9813,7.9813,7.9813,7.9813,7.9813,7.9813,7.9813,7.9813,1.2348,0.8689,7.9813,7.9813,0.7862,7.9813,7.9813,7.9813,7.9813,7.9813,7.9813,7.9813,0.8119,7.9813,7.9813,7.9813,7.9813,7.9813,7.9813,7.9813,7.9813,7.9813,7.9813,7.9813,7.9813,1.3045,7.9813,7.9813,7.9813,0.9303,7.4924,7.4924,7.5036,7.5036,7.5036,0.1188,5.4043,1.2319,7.9813,1.7767,7.9813
6.498,7.4536,8.0179,8.0179,8.0179,8.0179,10.0,10.0,10.0,1.1208,10.0,10.0,10.0,10.0,10.0,0.2846,10.0,10.0,10.0,10.0,10.0,10.0,1.0433,10.0,10.0,1.1438,10.0,10.0,10.0,10.0,10.0,2.1057,10.0,2.4155,2.9481,10.0,8.0179,8.0179,8.0179,5.429,5.5594,6.1661,6.6752,7.1917,7.5379,7.5379,7.5379,7.5379,7.5379,7.5379,7.5379,7.5379,7.5379,8.0179,8.0179,8.0179,8.0179,5.8105,5.8767,5.8191
7.1257,8.0547,8.0547,6.1438,5.6217,8.0547,8.0547,8.0547,3.877,3.3238,8.0547,8.0547,8.0547,8.0547,1.388,8.0547,7.9989,7.5613,7.5613,5.5403,4.6964,3.5377,2.3499,1.0808,10.0,10.0,3.7516,3.2759,2.7762,7.6624,7.0038,6.8917,6.3551,6.8917,1.3349,4.3772,4.282,4.1944,4.1931,4.1931,4.1931,3.8562,5.7509,7.7009,1.2006,6.8987,2.7925,7.9337,7.8452,7.7567,7.6276,2.1873,2.5473,6.2736,5.6016,5.395,4.8756,1.5302,3.6399,2.9654
10.0,10.0,10.0,1.2917,8.0919,8.0919,8.0919,8.0919,8.0919,8.0919,8.0919,8.0919,8.0919,1.45,1.9496,8.0919,2.9775,3.4676,3.9654,4.519,8.0919,8.0919,5.4678,1.9204,1.6247,2.1244,1.869,8.0919,8.0919,8.0919,8.0919,0.8501,8.0919,8.0919,8.0919,8.0919,8.0919,8.0919,8.0919,8.0919,8.0919,8.0919,8.0919,8.0919,8.0919,8.0919,0.9035,8.0919,8.0919,8.0919,8.0919,8.0919,8.0919,8.0919,8.0919,8.0919,1.0844,1.5847,2.1104,8.0919
10.0,10.0,10.0,10.0,10.0,10.0,10.0,10.0,10.0,10.0,10.0,10.0,0.3249,0.8232,1.1227,10.0,10.0,10.0,1.4395,10.0,10.0,10.0,10.0,1.0811,10.0,10.0,1.1431,10.0,10.0,10.0,10.0,10.0,0.97,10.0,10.0,10.0,10.0,10.0,10.0,10.0,10.0,10.0,10.0,10.0,10.0,10.0,4.232,0.9222,5.5966,6.3305,6.9557,6.9557,6.5728,4.232,4.232,4.232,5.2204,1.6694,3.804,3.099
0.7374,8.1674,8.1674,1.0414,8.1674,8.1674,8.1674,8.1674,8.1674,8.1674,8.1674,8.1674,8.1674,8.1674,8.1674,8.1674,8.1674,8.1674,8.1674,8.1674,8.1674,8.1674,8.1674,8.1674,8.1674,0.7247,8.1674,8.1674,1.3527,8.1674,1.1903,1.3751,3.7187,8.1674,4.4426,8.1674,5.0567,8.1674,5.5188,8.1674,4.8545,7.667,7.667,6.3325,5.6766,7.4444,8.1674,8.1674,5.6124,8.1674,8.1674,8.1674,8.1674,8.1674,8.1674,8.1674,1.3911,0.9092,6.4737,6.9881
8.2056,8.2056,8.2056,8.2056,3.4973,8.2056,8.2056,3.1901,8.2056,8.2056,8.2056,3.5599,8.2056,2.882,8.2056,10.0,10.0,10.0,10.0,10.0,1.1674,10.0,10.0,10.0,10.0,10.0,2.0374,10.0,10.0,10.0,4.0762,4.5364,10.0,2.6662,4.2082,1.52,7.7145,6.0993,7.7029,1.7532,8.2056,8.2056,1.6202,8.2056,8.2056,8.2056,8.2056,8.2056,8.2056,1.8709,8.2056,8.2056,8.2056,3.5958,1.4053,5.5446,8.2056,4.0502,7.7029,6.0493
2.3332,10.0,8.2442,8.2442,1.9417,8.2442,6.5106,5.3352,4.1854,3.0358,7.7508,1.8715,7.7508,7.7508,8.2442,8.2442,6.2376,5.5823,8.2442,8.2442,8.2442,8.2442,8.2442,10.0,2.2273,10.0,10.0,1.2782,10.0,10.0,1.2057,10.0,10.0,10.0,10.0,10.0,10.0,10.0,10.0,4.2918,10.0,6.445,6.3776,5.8283,5.7623,2.7502,6.108,6.0406,5.7252,0.7265,5.8075,5.6975,5.6122,5.345,4.8333,4.3193,3.8034,3.2864,5.6122,5.6122
8.2832,8.2832,8.2832,8.2832,8.2832,8.2832,8.2832,8.2832,0.8546,8.2832,8.2832,8.2832,8.2832,8.2832,8.2832,8.2832,8.2832,8.2832,2.0227,8.2832,1.4777,1.1842,8.2832,8.2832,8.2832,0.8629,8.2832,8.2832,8.2832,8.2832,8.2832,8.2832,8.2832,8.2832,8.2832,8.2832,8.2832,8.2832,8.2832,8.2832,8.2832,8.2832,8.2832,8.2832,8.2832,1.0021,8.2832,8.2832,8.2832,8.2832,8.2832,8.2832,8.2832,8.2832,8.2832,1.7329,7.7758,7.7758,7.7758,7.7874
10.0,10.0,10.0,10.0,10.0,0.9704,10.0,10.0,10.0,10.0,10.0,10.0,10.0,10.0,10.0,0.3178,10.0,10.0,10.0,10.0,10.0,10.0,10.0,10.0,10.0,10.0,10.0,10.0,10.0,1.2513,10.0,10.0,1.3309,10.0,1.6888,10.0,10.0,2.4567,10.0,10.0,10.0,8.3226,8.3226,8.3226,8.3226,8.3226,8.3226,8.3226,8.3226,10.0,10.0,10.0,10.0,5.7137,1.1916,10.0,6.0342,10.0,10.0,0.9975
8.3623,1.733,8.3623,8.3623,1.9126,8.3623,8.3623,2.0472,8.3623,8.3623,8.3623,1.8921,8.3623,8.3623,8.3623,8.3623,8.3623,8.3623,0.9847,8.3623,8.3623,1.0381,6.9533,5.6505,0.6327,3.3102,6.8035,5.6622,8.3623,10.0,7.8783,7.3466,7.1549,7.1549,6.9725,2.3167,8.0067,8.0067,6.7503,5.9992,7.9949,8.3623,2.0612,8.3623,5.7954,5.6622,1.9138,8.3623,8.3623,8.3623,7.9145,7.3452,7.1549,7.1549,7.1549,7.1549,1.0391,5.6926,5.6772,4.6251
10.0,10.0,2.5309,8.4024,8.4024,8.4024,2.6771,8.4024,8.4024,8.4024,8.4024,8.4024,8.4024,2.9279,8.4024,8.4024,1.8039,8.4024,7.8877,1.7977,2.3095,2.8376,3.3454,3.853,4.3588,4.8641,5.6894,6.9141,3.4699,7.8995,5.6776,7.8877,1.1656,0.775,8.4024,8.4024,8.4024,8.4024,8.4024,8.4024,0.9379,8.4024,8.4024,8.4024,8.4024,8.4024,8.4024,8.4024,8.4024,8.4024,0.7502,8.4024,8.4024,8.4024,8.4024,8.4024,3.7311,3.9705,8.4024,3.6135
10.0,10.0,10.0,10.0,10.0,10.0,10.0,10.0,10.0,10.0,10.0,10.0,10.0,10.0,0.5641,2.7994,10.0,10.0,10.0,10.0,10.0,10.0,1.3662,10.0,10.0,1.3897,10.0,10.0,10.0,10.0,10.0,10.0,10.0,0.966,10.0,10.0,10.0,10.0,10.0,10.0,10.0,10.0,10.0,0.7855,4.3952,6.0472,10.0,5.9973,6.4486,5.855,0.6338,1.8538,5.7474,5.7474,5.218,4.663,4.1061,2.7915,2.992,2.4375
8.4838,8.4838,8.4838,8.4838,8.4838,8.4838,8.4838,0.8608,8.4838,8.4838,8.4838,8.4838,8.4838,8.4838,1.1621,8.4838,8.4838,1.0904,8.4838,8.4838,8.4838,0.503,8.4838,8.4838,8.4838,0.4073,8.4838,8.4838,8.4838,8.4838,8.4838,8.4838,8.4838,8.4838,8.4838,8.4838,8.4838,8.4838,8.4838,8.4838,8.4838,8.4838,8.4838,8.4838,8.4838,7.9641,7.9641,1.3085,7.976,7.976,1.9649,2.4723,8.4838,1.0867,0.1297,8.4838,8.4838,1.5214,8.4838,8.4838
8.5251,8.3104,7.9221,7.6614,7.83,8.4479,8.5251,8.5251,8.5251,8.5251,1.5327,10.0,10.0,1.337,10.0,10.0,10.0,10.0,10.0,0.8199,10.0,1.2008,10.0,10.0,1.1882,10.0,10.0,10.0,1.9125,10.0,10.0,10.0,10.0,10.0,10.0,10.0,5.7725,8.5251,8.5251,2.7393,3.9972,4.4454,8.0028,5.7994,4.1539,7.9461,8.0746,8.5251,4.5067,8.5251,8.5251,8.5251,8.5251,1.1591,3.2319,5.7725,8.0148,8.5251,8.5251,8.5251
8.0419,5.8348,8.0419,7.7516,7.2795,8.5668,5.9022,2.5991,8.5668,8.5668,8.5668,8.5668,8.5668,8.4263,8.0058,7.093,8.0419,1.1689,1.4498,4.1109,6.3769,5.5254,10.0,10.0,10.0,2.8533,2.359,10.0,10.0,10.0,1.8425,10.0,7.6899,7.3298,6.6612,7.3298,4.4597,3.6067,1.0585,7.3298,6.361,5.2952,4.4597,3.1525,5.9492,6.9491,3.7885,6.7974,5.9971,6.6457,6.535,6.4112,5.9369,0.4013,5.4388,4.8604,1.9525,3.6981,2.2719,2.5407
10.0,10.0,10.0,8.6089,8.6089,8.6089,8.6089,8.6089,8.6089,1.1607,8.6089,8.6089,1.0364,8.6089,8.6089,8.6089,8.6089,8.6089,8.6089,8.6089,8.6089,4.0846,2.2639,8.6089,8.6089,8.6089,0.5619,0.9073,0.4584,8.6089,8.6089,8.6089,8.6089,8.6089,8.6089,8.6089,8.6089,8.6089,8.6089,0.8459,8.6089,8.6089,8.6089,8.6089,8.6089,8.6089,8.6089,8.6089,8.6089,8.6089,8.6089,8.6089,8.6089,8.6089,8.6089,0.62,3.4369,3.9223,8.6089,8.6089
10.0,0.9468,10.0,10.0,10.0,10.0,10.0,10.0,10.0,10.0,10.0,10.0,10.0,10.0,10.0,10.0,0.9684,10.0,10.0,1.064,10.0,10.0,1.0517,10.0,10.0,0.9555,10.0,10.0,0.9506,10.0,10.0,1.0281,10.0,10.0,10.0,10.0,10.0,10.0,1.2692,10.0,10.0,1.1849,10.0,10.0,10.0,10.0,10.0,10.0,4.5037,4.5037,10.0,0.8457,3.1773,6.8634,7.4022,10.0,4.692,10.0,1.2428,4.013
8.6943,8.6943,8.6943,8.6943,8.6943,8.6943,8.6943,8.6943,8.6943,1.1785,8.6943,8.6943,8.6943,8.6943,8.6943,8.6943,8.6943,8.6943,8.6943,8.6943,8.6943,8.6943,8.6943,8.6943,8.6943,8.6943,1.452,1.7338,1.9932,8.1617,8.1617,8.1617,8.1739,8.1739,8.3246,8.3246,8.3124,6.2831,8.1617,8.1617,8.1739,8.1739,5.8748,8.6943,8.6943,8.6943,5.887,8.6943,8.6943,8.6943,8.6943,8.6943,8.6943,7.4389,7.4389,7.4389,7.4389,7.4389,7.4389,1.0377
8.7377,8.7377,8.7377,8.7377,8.7377,8.7377,8.7377,8.7377,8.7377,8.7377,8.7377,8.7377,8.7377,8.7377,0.8782,5.3001,8.7377,8.7377,10.0,10.0,10.0,10.0,10.0,10.0,10.0,2.9448,10.0,10.0,4.4499,10.0,10.0,10.0,10.0,10.0,1.1132,0.8521,8.2024,8.1638,8.6196,8.7377,8.7377,1.2159,8.7377,8.7377,8.7377,8.7377,8.7377,8.7377,8.7377,8.7377,8.7377,1.1104,1.5803,8.7377,8.7377,1.7908,4.7899,8.7377,8.7377,8.7377
10.0,10.0,1.3953,10.0,10.0,8.7815,8.7815,8.7815,8.7815,8.7815,8.7815,1.4426,8.7815,8.7815,5.2937,4.764,4.2563,3.7491,3.245,2.7408,10.0,2.4348,10.0,10.0,10.0,10.0,1.2815,10.0,10.0,10.0,10.0,10.0,10.0,10.0,10.0,10.0,0.8093,10.0,10.0,10.0,10.0,4.5715,10.0,10.0,6.1688,6.1022,6.0356,5.9779,5.9779,5.9779,3.0298,5.9779,5.7751,5.2816,4.7761,4.2681,3.7583,3.2474,2.7386,2.2311
8.8257,0.6812,8.8257,8.8257,8.8257,8.8257,8.8257,8.8257,8.8257,8.8257,8.8257,0.8024,8.8257,8.8257,8.8257,1.4242,8.8257,8.8257,1.3764,8.8257,8.8257,8.8257,8.8257,8.8257,8.8257,8.8257,0.6675,8.8257,8.8257,8.8257,8.8257,8.8257,8.8257,0.5601,8.8257,8.8257,8.8257,8.8257,1.0786,8.8257,8.8257,1.1698,8.8257,8.8257,8.8257,8.8257,8.8257,8.8257,1.1866,8.8257,8.8257,8.285,5.9636,2.6292,0.1148,8.2974,8.2974,8.8257,8.8257,1.4796
8.8704,8.8704,8.8704,8.8704,10.0,10.0,10.0,10.0,10.0,10.0,10.0,10.0,1.0606,10.0,10.0,0.2544,10.0,0.7784,10.0,10.0,10.0,10.0,10.0,10.0,10.0,10.0,10.0,10.0,10.0,10.0,1.6525,10.0,10.0,10.0,2.2872,10.0,10.0,10.0,10.0,4.188,8.8704,8.8704,8.8704,8.8704,5.9208,6.0063,6.0063,5.6049,6.0063,6.0063,5.4651,8.8704,8.8704,8.8704,10.0,10.0,10.0,1.0874,10.0,10.0
8.9155,3.3113,8.9155,3.9839,8.9155,8.9155,8.9155,3.781,8.9155,8.9155,8.9155,8.9155,8.9155,8.9155,8.9155,8.9155,1.1539,8.5335,0.79,1.216,1.4494,8.3819,4.4994,1.8661,6.0368,8.4775,8.1481,7.7437,7.6282,7.6282,7.6282,6.0161,5.5618,7.6282,5.2567,5.166,4.8777,1.4044,4.678,4.6272,1.5276,8.5239,8.9155,8.9155,8.9155,8.9155,8.9155,8.9155,8.9155,3.8264,8.6822,8.5177,7.8876,2.0866,6.3761,6.0692,5.686,4.9131,4.1432,3.3754
10.0,10.0,10.0,10.0,1.7625,10.0,8.9611,1.6068,8.9611,8.9611,8.9611,8.9611,8.9611,8.9611,8.9611,8.9611,8.9611,8.9611,1.4745,3.2694,2.4617,3.0077,6.6545,8.9611,8.9611,7.4268,8.9611,2.2862,1.2263,8.9611,0.9991,8.9611,8.9611,8.9611,0.5464,8.9611,8.9611,8.9611,8.9611,8.9611,8.9611,8.9611,8.9611,0.8934,8.9611,8.9611,8.9611,8.9611,8.9611,8.9611,8.9611,8.9611,8.9611,8.9611,8.9611,8.9611,8.9611,8.9611,8.9611,8.9611
10.0,10.0,10.0,10.0,10.0,10.0,10.0,0.8565,10.0,10.0,10.0,10.0,10.0,10.0,10.0,10.0,1.5518,10.0,10.0,10.0,10.0,10.0,10.0,10.0,10.0,10.0,10.0,10.0,10.0,10.0,10.0,10.0,10.0,10.0,10.0,10.0,10.0,0.9247,10.0,10.0,10.0,10.0,10.0,10.0,10.0,10.0,4.689,5.6854,6.5357,10.0,6.4987,6.3779,1.5815,4.689,1.8604,5.2739,4.644,4.0128,3.3839,2.7568
9.0538,9.0538,9.0538,9.0538,9.0538,9.0538,9.0538,9.0538,9.0538,9.0538,0.8788,9.0538,9.0538,9.0538,9.0538,0.9846,9.0538,9.0538,9.0538,9.0538,9.0538,9.0538,9.0538,9.0538,9.0538,9.0538,0.8218,9.0538,9.0538,9.0538,1.1131,9.0538,2.0807,9.0538,2.7796,9.0538,9.0538,2.9235,9.0538,9.0538,3.0671,8.4991,8.4991,7.2114,2.8684,8.5118,7.8148,9.0538,3.8633,9.0538,9.0538,9.0538,9.0538,9.0538,0.1506,9.0538,9.0538,9.0538,6.5411,6.6255
9.1008,9.1008,9.1008,9.1008,9.1008,2.2035,9.1008,9.1008,2.1329,9.1008,9.1008,9.1008,9.1008,9.1008,10.0,0.7501,10.0,10.0,0.875,10.0,10.0,10.0,1.6134,10.0,10.0,1.5905,10.0,1.9128,10.0,10.0,10.0,10.0,10.0,4.9148,10.0,3.6074,1.9673,5.5553,8.5561,6.348,2.1834,7.8773,8.5433,2.0877,9.1008,9.1008,9.1008,9.1008,9.1008,9.1008,2.3007,9.1008,9.1008,9.1008,9.1008,9.1008,1.2997,8.5433,6.2643,3.248
8.8239,8.6007,8.0251,2.4443,6.1945,5.5794,2.5093,8.5879,2.774,8.5879,1.0847,4.0471,3.5907,6.1816,2.6016,2.8973,2.3873,6.3251,5.7686,9.1483,9.1483,10.0,10.0,10.0,10.0,10.0,1.7447,10.0,1.4269,10.0,10.0,1.4506,10.0,10.0,10.0,10.0,10.0,5.9954,8.3938,6.7493,6.6801,6.6109,0.8205,5.043,6.4035,6.3344,6.2653,4.6738,6.2276,6.2276,6.2276,6.2276,5.9948,5.4826,4.9578,3.6599,3.9013,3.371,2.8427,2.3159
10.0,9.1963,9.1963,9.1963,9.1963,0.9062,9.1963,9.1963,9.1963,9.1963,9.1963,9.1963,9.1963,9.1963,9.1963,9.1963,9.1963,9.1963,2.7573,9.1963,2.1659,1.0735,0.7401,9.1963,1.0479,9.1963,9.1963,9.1963,9.1963,9.1963,9.1963,9.1963,0.6287,9.1963,9.1963,9.1963,9.1963,9.1963,9.1963,9.1963,9.1963,9.1963,0.9152,9.1963,9.1963,9.1963,9.1963,9.1963,9.1963,0.6825,9.1963,9.1963,9.1963,9.1963,9.1963,9.1963,2.1634,9.1963,6.2141,7.712
10.0,10.0,10.0,10.0,10.0,10.0,10.0,10.0,0.9117,10.0,10.0,10.0,10.0,10.0,10.0,0.8317,10.0,10.0,10.0,10.0,10.0,10.0,9.2449,9.2449,9.2449,9.2449,9.2449,1.1555,10.0,10.0,1.081,10.0,10.0,10.0,10.0,10.0,10.0,10.0,10.0,1.6696,10.0,10.0,10.0,10.0,10.0,10.0,9.2449,9.2449,10.0,10.0,10.0,10.0,4.8127,10.0,10.0,6.2459,6.2707,6.0469,4.8127,3.0296
9.2939,9.2939,9.2939,9.2939,9.2939,1.491,9.2939,9.2939,1.5905,9.2939,9.2939,9.2939,9.2939,9.2939,9.2939,9.2939,9.2939,9.2939,9.2939,9.2939,0.8414,9.2939,9.2939,8.7245,6.3869,5.0522,0.8072,8.6966,7.4088,6.293,9.2939,9.2939,9.2152,8.8987,8.8987,7.8627,3.3988,6.679,8.7376,8.5629,3.0604,9.2939,5.4008,3.3353,2.9379,9.2939,9.2939,9.0234,8.4829,7.952,7.952,7.3744,7.952,7.952,7.952,7.952,7.5142,7.4041,6.3268,6.1505
10.0,10.0,10.0,9.3435,9.3435,9.3435,9.3435,4.9622,9.3435,9.3435,4.6453,5.1616,9.3435,9.3435,6.3135,1.3294,0.5159,8.7711,8.7842,6.3266,7.4007,2.1705,8.7842,9.0165,10.0,10.0,10.0,10.0,10.0,6.4276,1.5863,8.7842,8.7842,8.7842,8.7711,8.7711,9.2993,0.9758,9.3435,9.3435,9.3435,9.3435,9.3435,9.3435,9.3435,9.3435,9.3435,1.0753,9.3435,9.3435,9.3435,9.3435,9.3435,2.2281,2.484,9.3435,9.3435,2.6765,9.3435,2.4444
10.0,10.0,10.0,1.0511,10.0,10.0,1.1389,10.0,10.0,10.0,10.0,10.0,1.8235,3.7088,10.0,10.0,2.9973,10.0,10.0,10.0,10.0,10.0,10.0,10.0,10.0,10.0,10.0,10.0,10.0,10.0,10.0,0.998,10.0,10.0,10.0,10.0,10.0,10.0,10.0,10.0,10.0,10.0,2.93,4.8901,10.0,10.0,0.7325,6.3946,5.6235,4.9326,0.599,6.3946,5.9848,3.3518,4.9495,3.704,3.8948,3.3654,2.838,2.3121
9.4442,9.4442,9.4442,9.4442,0.8051,9.4442,9.4442,9.4442,9.4442,9.4442,9.4442,9.4442,9.4442,9.4442,9.4442,9.4442,1.2551,9.4442,9.4442,9.4442,9.4442,9.4442,9.4442,9.4442,9.4442,9.4442,9.4442,9.4442,0.8283,9.4442,9.4442,0.7783,9.4442,9.4442,1.271,9.4442,9.4442,1.416,9.4442,9.4442,9.4442,9.4442,9.4442,9.4442,9.4442,9.4442,9.0759,1.5111,7.1263,8.8789,8.8789,9.4442,9.4442,9.4442,0.1214,9.4442,9.4442,9.4442,1.0952,9.4442
6.8865,10.0,7.3423,8.2972,9.3016,9.4954,1.2013,9.4954,10.0,10.0,10.0,10.0,10.0,10.0,10.0,10.0,10.0,10.0,10.0,10.0,10.0,10.0,10.0,10.0,10.0,10.0,10.0,10.0,10.0,10.0,2.3444,10.0,2.558,3.0884,10.0,4.1078,4.605,5.0996,5.6026,6.4295,6.6417,7.4721,7.9664,8.927,8.927,8.927,8.927,8.927,8.9137,8.9137,8.9137,8.9137,8.9137,3.0314,8.1559,1.1104,9.4954,2.9761,5.8233,10.0
7.8491,9.5471,7.1402,6.5247,9.5471,9.5471,9.5471,9.5471,9.5471,9.5471,9.5471,9.5471,9.5471,9.3583,8.9623,8.9623,8.9757,1.2361,1.5643,4.4242,9.5471,6.4645,2.6342,5.2275,4.7503,10.0,10.0,10.0,9.1449,2.2588,8.1686,8.1686,7.002,8.1686,5.2061,7.776,7.6933,7.5169,8.1151,8.0326,4.9701,1.094,3.5223,7.7034,7.6211,7.5388,6.6166,7.3743,1.0038,7.2097,1.7106,6.9554,6.4992,0.3965,1.7971,5.2729,4.6431,4.012,3.3833,1.8393
10.0,10.0,10.0,10.0,10.0,10.0,1.1908,9.5995,9.5995,9.5995,9.5995,9.5995,9.5995,9.5995,9.5995,9.5995,9.5995,9.5995,9.5995,9.5995,9.5995,9.5995,9.5995,1.154,1.6226,9.5995,9.5995,9.5995,0.836,9.5995,9.5995,0.8984,9.5995,9.5995,9.5995,9.5995,0.8098,9.5995,9.5995,9.5995,9.5995,9.5995,9.5995,9.5995,9.5995,9.5995,9.5995,9.5995,9.5995,9.5995,9.5995,9.5995,9.5995,9.5995,9.5995,0.5635,1.1029,9.5995,9.5995,9.5995
10.0,10.0,10.0,10.0,0.8169,10.0,10.0,10.0,10.0,10.0,10.0,10.0,0.3446,10.0,10.0,10.0,10.0,1.154,9.6524,9.6524,9.6524,9.6524,10.0,10.0,10.0,10.0,10.0,10.0,10.0,10.0,10.0,10.0,10.0,10.0,1.1477,10.0,10.0,10.0,10.0,10.0,10.0,10.0,10.0,10.0,1.0326,10.0,3.8784,10.0,5.0248,10.0,6.4882,3.265,7.1281,10.0,5.6141,1.4998,3.9272,4.8853,4.1198,3.3563
0.6874,9.7058,9.7058,0.9852,9.7058,9.7058,9.7058,9.7058,9.7058,9.7058,9.7058,9.7058,9.7058,1.1059,9.7058,9.7058,9.7058,9.7058,9.7058,0.6403,9.7058,9.7058,0.7348,9.7058,9.7058,9.7058,9.7058,9.7058,9.7058,1.5341,2.928,9.7058,6.5583,6.8103,9.7058,9.2794,8.8372,6.2729,5.7268,9.1112,6.7653,9.1249,6.5583,9.7058,9.7058,9.7058,9.7058,9.7058,9.7058,9.7058,9.7058,3.5976,1.121,9.7058,9.7058,8.3044,6.3945,8.3044,8.3044,8.3044
9.7599,9.7599,9.7599,9.7599,9.7599,9.7599,9.7599,4.9588,9.7599,9.7599,4.6509,5.1581,9.7599,4.48,3.2433,9.7599,9.7599,0.9767,10.0,10.0,10.0,10.0,10.0,2.0359,10.0,2.1977,10.0,10.0,10.0,10.0,4.6866,10.0,2.1804,2.9406,10.0,10.0,10.0,7.0158,8.0953,9.162,9.162,9.5628,9.7599,9.7599,9.7599,1.5026,9.7599,9.7599,9.7599,9.7599,9.7599,9.7599,9.7599,9.7599,3.9375,9.7599,9.7599,6.4083,7.4033,1.4075
10.0,1.8491,9.8146,9.8146,9.8146,1.5197,9.8146,9.8146,1.5833,6.0445,6.6456,0.6375,7.5884,9.8146,6.7739,9.8146,9.8146,10.0,4.6821,10.0,3.6778,10.0,10.0,10.0,10.0,1.7202,10.0,10.0,10.0,10.0,10.0,10.0,1.0408,10.0,10.0,10.0,10.0,10.0,10.0,0.7923,2.9506,5.8668,5.7968,5.7318,5.687,6.639,6.5726,6.5063,6.4399,5.683,6.2768,6.1684,6.6812,6.6812,6.6812,6.6812,6.6812,6.6812,6.6812,6.6812
9.8699,9.8699,9.8699,9.8699,9.8699,9.8699,9.8699,9.8699,0.8952,9.8699,9.8699,9.8699,9.8699,9.8699,9.8699,9.8699,1.8629,9.8699,9.8699,9.8699,9.8699,9.8699,0.8445,9.8699,9.8699,9.8699,9.8699,9.8699,9.8699,9.8699,0.7475,9.8699,9.8699,9.8699,9.8699,0.9373,9.8699,9.8699,9.8699,9.8699,9.8699,9.8699,9.8699,9.8699,9.8699,9.8699,9.8699,9.8699,9.8699,9.8699,9.8699,9.8699,9.8699,9.8699,2.947,9.2652,9.2652,1.57,9.2791,9.2791
9.9258,9.9258,10.0,10.0,10.0,0.9146,10.0,10.0,10.0,10.0,10.0,10.0,10.0,10.0,0.6193,0.2642,10.0,10.0,10.0,10.0,10.0,10.0,10.0,10.0,10.0,9.9258,9.9258,9.9258,9.9258,9.9258,9.9258,10.0,10.0,10.0,10.0,2.1671,10.0,10.0,2.9499,3.5479,10.0,10.0,3.1064,10.0,9.9258,2.9651,9.9258,9.9258,2.8237,9.9258,9.9258,9.9258,1.036,10.0,5.1672,10.0,10.0,10.0,10.0,10.0
9.9823,9.9823,9.9823,2.3606,9.9823,9.9823,2.506,9.9823,9.9823,9.9823,2.3013,9.9823,9.9823,9.9823,9.9823,1.0275,9.9823,9.9823,9.5311,8.7638,7.7065,6.7452,1.2234,9.9823,0.627,1.2445,9.1472,4.7544,4.2897,3.7828,3.2688,2.7467,2.2522,6.5068,6.2734,6.6623,1.8213,9.5438,6.9322,8.944,9.9823,7.7001,7.0124,1.6416,9.9823,9.9823,9.9823,1.4672,3.4479,8.8617,8.541,8.541,8.541,1.3211,1.7195,6.7954,6.7516,5.8338,1.1569,3.8944
1.4614,1.9925,10.0,10.0,10.0,2.1925,10.0,10.0,2.102,10.0,10.0,10.0,10.0,10.0,10.0,3.9035,10.0,0.9641,10.0,7.0772,7.8618,8.3711,3.9904,4.4763,9.4245,9.4245,5.446,3.0291,2.6642,1.1692,6.7838,8.1024,10.0,0.768,10.0,10.0,10.0,10.0,10.0,10.0,0.9134,10.0,10.0,10.0,10.0,10.0,10.0,10.0,10.0,10.0,10.0,10.0,10.0,10.0,10.0,10.0,10.0,10.0,4.658,4.8907
10.0,10.0,10.0,10.0,10.0,10.0,10.0,10.0,10.0,10.0,0.9053,10.0,10.0,1.4875,0.5368,1.9955,10.0,10.0,10.0,10.0,10.0,10.0,10.0,10.0,10.0,10.0,10.0,10.0,10.0,10.0,0.8721,10.0,10.0,10.0,10.0,10.0,10.0,10.0,10.0,10.0,0.8535,10.0,10.0,10.0,10.0,10.0,5.952,10.0,10.0,10.0,0.7084,5.2565,5.3736,5.9716,5.4,4.8257,4.2493,3.6717,2.314,2.5225
10.0,10.0,10.0,10.0,10.0,10.0,10.0,0.8371,10.0,10.0,10.0,10.0,10.0,10.0,10.0,10.0,10.0,10.0,10.0,10.0,10.0,0.552,10.0,10.0,10.0,0.3607,10.0,10.0,10.0,0.9547,10.0,10.0,0.9604,1.6366,10.0,10.0,1.8771,10.0,10.0,1.9478,10.0,9.8831,2.0987,9.5338,7.7722,6.8848,9.5481,10.0,10.0,6.8768,10.0,10.0,10.0,10.0,0.1355,10.0,10.0,10.0,10.0,10.0
10.0,9.9453,9.5263,9.255,1.7592,8.7295,8.67,1.616,9.7551,10.0,10.0,10.0,10.0,0.4805,10.0,10.0,10.0,10.0,10.0,10.0,10.0,10.0,10.0,1.3814,10.0,10.0,1.4504,10.0,10.0,2.3367,10.0,10.0,10.0,10.0,4.897,10.0,10.0,10.0,2.923,10.0,5.4399,6.645,3.1276,9.6037,9.5894,3.0259,9.6705,10.0,10.0,3.3732,10.0,10.0,4.7722,1.0855,10.0,9.5894,9.5894,7.1787,1.166,10.0
7.0227,9.6456,9.6456,3.9615,8.1285,4.2487,6.4707,3.8246,5.5494,1.5875,8.8763,3.4083,8.1793,7.6771,1.9292,8.9451,8.4445,2.6935,6.9409,10.0,5.356,4.8951,10.0,10.0,10.0,10.0,10.0,1.8768,10.0,1.5777,10.0,10.0,10.0,10.0,10.0,0.9502,5.349,6.6873,6.6173,7.0626,6.9947,6.2435,6.9947,6.9947,6.9947,0.8457,6.9947,6.9947,6.9947,0.7342,6.8436,1.344,0.8765,0.4153,5.1879,2.3608,4.0824,3.5275,2.9747,2.4234
10.0,10.0,0.9286,10.0,10.0,10.0,10.0,10.0,10.0,10.0,10.0,10.0,1.0488,10.0,10.0,10.0,10.0,10.0,10.0,10.0,3.6501,2.5617,1.5335,1.2097,10.0,10.0,10.0,10.0,0.4837,10.0,10.0,10.0,0.6749,10.0,10.0,10.0,10.0,10.0,10.0,0.8525,10.0,10.0,10.0,10.0,10.0,10.0,10.0,10.0,10.0,0.6411,10.0,10.0,10.0,10.0,10.0,2.9235,10.0,10.0,3.1072,10.0
10.0,10.0,10.0,10.0,10.0,10.0,10.0,10.0,10.0,10.0,10.0,0.8271,10.0,10.0,10.0,10.0,10.0,10.0,10.0,1.0801,10.0,10.0,10.0,10.0,10.0,10.0,10.0,10.0,10.0,10.0,10.0,10.0,10.0,10.0,10.0,1.5654,10.0,10.0,10.0,10.0,10.0,10.0,10.0,10.0,10.0,10.0,10.0,10.0,1.3039,4.8895,5.4125,6.1023,10.0,6.4888,10.0,6.5192,5.4125,10.0,3.2906,4.2702
10.0,10.0,10.0,10.0,10.0,10.0,10.0,10.0,10.0,10.0,10.0,10.0,10.0,10.0,10.0,10.0,10.0,10.0,10.0,10.0,10.0,10.0,10.0,0.8626,10.0,9.8184,7.0673,4.2613,9.8331,2.255,9.8331,9.4955,8.6741,7.1463,7.082,7.082,6.8129,6.4242,5.9831,7.0673,10.0,8.0727,7.522,7.082,10.0,9.6587,9.3369,3.4148,2.9463,8.9489,8.9489,8.9489,7.8763,6.7069,0.9836,1.4927,6.5567,6.5525,7.2482,7.12
10.0,10.0,10.0,10.0,10.0,10.0,10.0,10.0,10.0,10.0,10.0,10.0,10.0,10.0,10.0,10.0,1.0749,9.3522,10.0,10.0,10.0,10.0,10.0,10.0,10.0,10.0,10.0,10.0,10.0,5.5197,1.2393,2.0268,1.779,1.5189,1.2504,7.202,9.8921,9.8773,9.8773,10.0,10.0,10.0,10.0,10.0,1.1515,10.0,10.0,10.0,10.0,10.0,10.0,10.0,10.0,10.0,10.0,10.0,10.0,10.0,2.0257,10.0
10.0,10.0,10.0,10.0,10.0,10.0,10.0,10.0,10.0,1.1659,10.0,10.0,10.0,1.0428,10.0,4.1,3.5746,3.0636,10.0,10.0,10.0,10.0,1.9517,10.0,10.0,10.0,10.0,10.0,10.0,10.0,10.0,10.0,10.0,10.0,10.0,10.0,0.8039,10.0,10.0,10.0,10.0,10.0,5.5106,5.6591,5.5937,5.5283,5.5106,2.5921,6.482,6.4152,6.3178,4.1563,5.0947,5.2963,4.7893,4.2799,3.7687,3.2564,2.7461,2.2372
10.0,0.672,10.0,10.0,10.0,10.0,10.0,10.0,10.0,10.0,10.0,10.0,10.0,10.0,10.0,10.0,10.0,10.0,10.0,1.189,0.7235,10.0,10.0,0.7292,10.0,10.0,10.0,10.0,10.0,10.0,10.0,10.0,10.0,10.0,10.0,10.0,10.0,10.0,10.0,10.0,10.0,10.0,10.0,10.0,1.2551,10.0,10.0,10.0,0.8848,9.1788,7.1962,10.0,10.0,9.249,0.116,6.0282,1.1369,10.0,10.0,10.0
10.0,8.3041,9.8777,10.0,10.0,10.0,10.0,10.0,10.0,1.1583,10.0,10.0,1.0683,10.0,10.0,0.2693,10.0,10.0,10.0,10.0,10.0,10.0,10.0,10.0,10.0,10.0,10.0,10.0,10.0,1.906,10.0,10.0,1.9166,10.0,10.0,10.0,10.0,3.7743,4.2675,4.7928,10.0,10.0,10.0,10.0,10.0,7.2553,10.0,10.0,8.6822,9.2075,10.0,9.8718,4.4866,10.0,10.0,10.0,2.8594,5.6972,5.6654,5.6086
10.0,4.9526,6.2578,5.7625,10.0,10.0,10.0,10.0,10.0,10.0,10.0,2.3208,10.0,10.0,10.0,10.0,10.0,7.9741,10.0,1.053,10.0,1.6585,1.8747,9.6099,1.6824,9.2243,9.2243,9.2243,8.447,7.848,7.2468,6.6019,5.8156,9.2243,1.3108,9.3418,7.2536,9.1489,5.643,7.5835,4.2017,8.7805,8.6887,4.86,1.1589,6.3406,8.3214,8.2296,1.0327,2.1131,3.3795,7.7621,1.6959,7.2818,6.5848,1.3279,5.1816,4.4773,3.7757,3.076
10.0,10.0,10.0,10.0,10.0,10.0,10.0,10.0,10.0,10.0,1.516,10.0,10.0,10.0,10.0,2.4637,10.0,10.0,10.0,10.0,10.0,5.4568,10.0,10.0,1.6197,2.8911,4.7749,1.5583,10.0,10.0,10.0,10.0,10.0,10.0,10.0,10.0,10.0,10.0,10.0,10.0,10.0,10.0,10.0,10.0,10.0,10.0,0.8996,10.0,10.0,10.0,10.0,10.0,10.0,10.0,10.0,10.0,10.0,10.0,10.0,10.0
10.0,10.0,10.0,10.0,10.0,10.0,10.0,0.8375,10.0,10.0,10.0,10.0,0.3459,10.0,1.0853,1.3525,10.0,10.0,1.4192,10.0,1.1201,10.0,10.0,10.0,10.0,10.0,10.0,10.0,10.0,0.8773,10.0,10.0,10.0,10.0,10.0,10.0,10.0,10.0,10.0,10.0,10.0,10.0,10.0,10.0,10.0,3.471,10.0,10.0,5.6823,6.6298,2.985,10.0,10.0,5.6823,10.0,5.5636,4.9316,1.6053,3.5935,2.9276
10.0,10.0,10.0,10.0,10.0,10.0,10.0,10.0,10.0,10.0,10.0,10.0,10.0,10.0,10.0,10.0,10.0,10.0,10.0,10.0,10.0,10.0,10.0,10.0,10.0,10.0,0.7835,1.0893,10.0,10.0,1.1041,10.0,10.0,3.2118,10.0,3.8797,10.0,10.0,4.0193,9.1192,10.0,7.7204,3.817,10.0,2.7117,7.6539,4.7403,10.0,10.0,10.0,10.0,10.0,3.4412,10.0,10.0,10.0,10.0,6.3241,9.2377,9.3978
10.0,10.0,10.0,2.9833,10.0,10.0,2.6566,10.0,10.0,10.0,10.0,10.0,10.0,10.0,1.6044,10.0,10.0,10.0,10.0,10.0,10.0,10.0,10.0,10.0,1.7571,10.0,10.0,10.0,10.0,10.0,10.0,10.0,10.0,5.4662,10.0,3.8021,7.6886,8.5776,10.0,1.6968,7.9658,10.0,9.5143,10.0,10.0,10.0,1.9523,10.0,10.0,1.8648,10.0,10.0,10.0,10.0,1.4973,10.0,10.0,7.7382,10.0,10.0
10.0,10.0,10.0,10.0,1.9413,7.5317,5.7543,2.024,3.4395,10.0,9.0467,8.8693,4.308,3.0753,2.5771,2.8316,10.0,10.0,5.1992,10.0,10.0,10.0,3.1866,10.0,10.0,10.0,10.0,10.0,10.0,10.0,10.0,10.0,10.0,10.0,10.0,10.0,10.0,10.0,5.7905,3.0755,5.9093,5.8433,0.7909,5.7905,6.8049,2.6646,6.6702,6.6029,4.4657,0.7303,7.572,6.26,5.8389,5.34,4.8288,4.3152,3.7998,3.2833,2.7688,7.572
10.0,10.0,10.0,10.0,10.0,0.9511,10.0,10.0,10.0,10.0,10.0,10.0,10.0,10.0,10.0,10.0,10.0,2.2835,10.0,10.0,10.0,1.1455,10.0,10.0,10.0,10.0,10.0,10.0,10.0,10.0,10.0,10.0,10.0,10.0,10.0,10.0,10.0,10.0,10.0,10.0,10.0,10.0,10.0,10.0,10.0,0.9679,10.0,10.0,10.0,10.0,10.0,10.0,10.0,2.0548,10.0,1.6848,10.0,7.5641,10.0,10.0
10.0,10.0,10.0,10.0,10.0,10.0,10.0,10.0,0.8632,10.0,10.0,10.0,10.0,10.0,10.0,10.0,10.0,10.0,0.85,10.0,10.0,10.0,10.0,10.0,10.0,10.0,10.0,10.0,10.0,10.0,10.0,10.0,10.0,10.0,10.0,10.0,10.0,10.0,10.0,10.0,2.1445,10.0,10.0,1.9969,10.0,10.0,1.8492,10.0,10.0,1.7655,10.0,10.0,10.0,5.865,1.0748,5.9037,5.9276,5.9319,5.865,10.0
10.0,10.0,10.0,10.0,10.0,10.0,10.0,10.0,10.0,10.0,10.0,1.8562,10.0,10.0,10.0,10.0,10.0,10.0,10.0,10.0,0.6487,1.0552,7.662,10.0,0.9866,2.5048,7.6779,10.0,5.7886,9.7019,10.0,10.0,10.0,10.0,2.7857,8.0238,10.0,10.0,2.3939,5.8463,10.0,2.5378,10.0,6.5523,10.0,2.3291,1.9852,9.7019,9.7019,9.7019,9.7019,9.7019,9.7019,9.7019,8.5182,7.072,1.0005,7.3581,6.2051,5.0552
10.0,10.0,10.0,10.0,3.4556,10.0,10.0,3.1523,10.0,10.0,10.0,10.0,10.0,10.0,10.0,10.0,10.0,1.5173,10.0,10.0,10.0,10.0,10.0,10.0,7.7279,7.7279,7.8714,5.8216,1.4128,0.7855,4.9464,1.39,1.1487,7.7119,8.8976,10.0,10.0,0.963,10.0,10.0,10.0,10.0,10.0,10.0,10.0,10.0,10.0,10.0,10.0,10.0,0.7559,10.0,10.0,10.0,2.7627,10.0,3.4617,10.0,3.1071,10.0
10.0,10.0,10.0,1.0229,10.0,10.0,10.0,10.0,10.0,10.0,10.0,10.0,1.0937,2.1716,10.0,10.0,10.0,10.0,1.9691,10.0,10.0,10.0,10.0,10.0,10.0,10.0,10.0,10.0,10.0,10.0,10.0,10.0,10.0,10.0,10.0,10.0,10.0,10.0,10.0,10.0,10.0,10.0,10.0,0.7668,10.0,5.9804,5.9804,10.0,2.5996,6.6199,0.6137,1.7951,6.1184,5.5956,2.8919,4.5218,3.9817,3.4404,2.9013,2.3637
10.0,10.0,10.0,10.0,0.8091,10.0,10.0,10.0,10.0,10.0,10.0,10.0,10.0,10.0,10.0,10.0,10.0,1.0434,10.0,10.0,10.0,10.0,10.0,10.0,10.0,10.0,10.0,10.0,10.0,10.0,10.0,0.7496,10.0,10.0,10.0,10.0,10.0,10.0,10.0,10.0,1.535,10.0,10.0,1.6515,9.8884,10.0,7.8137,10.0,5.9046,10.0,7.83,10.0,10.0,10.0,0.1251,10.0,10.0,10.0,1.1456,10.0
1.7318,10.0,10.0,1.3482,10.0,8.9403,9.803,10.0,10.0,10.0,10.0,10.0,10.0,10.0,10.0,10.0,0.7237,10.0,10.0,0.865,10.0,10.0,10.0,10.0,1.2378,10.0,10.0,10.0,10.0,10.0,10.0,10.0,3.3132,3.8256,4.3298,4.8317,10.0,10.0,10.0,10.0,10.0,3.707,4.2137,5.3845,5.8967,6.4586,10.0,5.5821,6.0943,9.5118,10.0,10.0,8.7167,1.1957,10.0,7.882,10.0,10.0,10.0,5.861
8.6452,5.6051,5.0661,4.5755,4.0892,10.0,10.0,10.0,10.0,10.0,10.0,2.7961,2.3278,1.7999,8.1734,1.4695,6.9462,1.1685,2.2676,3.2878,6.6356,2.0263,10.0,10.0,4.0023,10.0,10.0,10.0,2.0155,10.0,1.7798,10.0,7.6914,7.5682,6.1004,7.9772,7.9772,7.1566,0.9973,7.9772,7.9772,7.9772,7.9751,7.8977,5.4428,7.7429,7.6655,2.3758,7.5108,7.4334,7.3205,7.0462,6.5884,0.3893,5.5494,4.9592,1.9308,3.7733,3.182,2.5923
10.0,10.0,10.0,10.0,10.0,10.0,10.0,10.0,10.0,1.085,10.0,10.0,10.0,10.0,10.0,10.0,10.0,10.0,10.0,10.0,10.0,10.0,1.4485,10.0,10.0,1.428,0.5371,0.8996,0.4397,10.0,10.0,10.0,10.0,10.0,10.0,10.0,10.0,10.0,10.0,10.0,10.0,10.0,10.0,10.0,10.0,10.0,10.0,10.0,10.0,10.0,10.0,10.0,10.0,10.0,10.0,0.551,10.0,10.0,10.0,4.8634
10.0,10.0,10.0,10.0,10.0,10.0,10.0,10.0,10.0,10.0,10.0,10.0,0.3702,10.0,10.0,10.0,10.0,10.0,10.0,10.0,10.0,10.0,0.965,10.0,10.0,10.0,10.0,10.0,0.9893,10.0,10.0,10.0,10.0,10.0,10.0,10.0,10.0,10.0,10.0,10.0,10.0,1.1299,10.0,10.0,10.0,10.0,10.0,4.1331,10.0,10.0,10.0,0.8188,6.8904,1.3026,6.1831,10.0,10.0,3.5741,4.5195,3.6971
10.0,10.0,10.0,10.0,10.0,10.0,1.0751,10.0,10.0,10.0,10.0,10.0,10.0,10.0,10.0,10.0,10.0,10.0,10.0,10.0,10.0,10.0,10.0,10.0,10.0,10.0,10.0,10.0,10.0,1.5292,1.7925,9.1545,8.6466,8.3045,10.0,9.3714,8.8508,8.2876,8.0804,9.6267,9.1452,8.6637,8.0972,10.0,10.0,10.0,10.0,10.0,10.0,10.0,10.0,10.0,10.0,10.0,8.3533,6.3142,6.2912,6.2871,6.3189,6.3757
10.0,10.0,10.0,10.0,10.0,10.0,10.0,10.0,10.0,10.0,10.0,10.0,10.0,7.8975,10.0,10.0,10.0,10.0,10.0,10.0,10.0,1.6253,10.0,10.0,2.4685,10.0,10.0,3.1581,10.0,10.0,5.3893,1.6892,10.0,2.2001,10.0,0.8313,7.3399,10.0,1.286,9.1131,9.6825,10.0,10.0,10.0,10.0,10.0,10.0,10.0,1.4179,10.0,10.0,1.0851,10.0,10.0,10.0,1.8359,10.0,10.0,10.0,10.0
10.0,10.0,1.4103,10.0,10.0,1.498,10.0,10.0,10.0,10.0,4.0007,0.6254,1.421,10.0,5.9148,5.4008,4.9081,10.0,10.0,10.0,2.9001,10.0,2.6804,10.0,10.0,10.0,10.0,10.0,10.0,1.0677,10.0,10.0,1.1105,10.0,10.0,10.0,10.0,10.0,10.0,10.0,10.0,10.0,10.0,8.2533,6.6191,6.5888,2.5501,6.4571,6.3912,6.3254,5.5433,6.1218,5.71,5.2221,4.7222,4.22,3.7159,3.2108,2.7077,2.2059
10.0,10.0,10.0,10.0,10.0,10.0,10.0,10.0,10.0,10.0,10.0,0.8015,10.0,10.0,10.0,10.0,10.0,1.5865,10.0,10.0,10.0,10.0,10.0,10.0,10.0,10.0,10.0,0.6849,10.0,10.0,10.0,10.0,10.0,0.5591,10.0,10.0,10.0,10.0,1.0265,10.0,10.0,10.0,10.0,10.0,10.0,10.0,10.0,10.0,1.1349,10.0,10.0,10.0,1.7484,10.0,0.113,10.0,10.0,8.2665,4.523,1.439
10.0,10.0,1.0029,10.0,10.0,10.0,10.0,10.0,10.0,10.0,10.0,10.0,10.0,10.0,10.0,0.2437,10.0,0.7644,10.0,10.0,1.0119,10.0,10.0,10.0,10.0,10.0,1.0393,10.0,1.4416,10.0,10.0,10.0,10.0,1.7642,10.0,10.0,10.0,3.1608,10.0,10.0,10.0,4.3744,5.012,10.0,4.0588,10.0,10.0,3.9208,10.0,10.0,3.7811,10.0,0.8623,10.0,10.0,5.7197,10.0,10.0,10.0,10.0
2.1188,10.0,2.8351,10.0,10.0,2.9914,10.0,10.0,3.2709,10.0,10.0,10.0,10.0,1.3261,10.0,10.0,10.0,10.0,0.8066,1.2151,9.8905,10.0,10.0,1.4127,10.0,9.5787,10.0,10.0,7.5466,7.2326,6.6306,6.4453,10.0,1.7332,10.0,9.4264,6.4453,10.0,5.0105,10.0,1.4639,10.0,7.6001,9.9402,3.5623,9.7278,9.6217,1.3922,2.521,2.9743,9.1483,8.9749,8.4282,8.4197,7.6137,6.8039,5.9912,5.1769,4.1546,3.5566
10.0,10.0,10.0,10.0,1.7518,10.0,10.0,10.0,10.0,10.0,10.0,10.0,10.0,10.0,10.0,10.0,10.0,10.0,1.5162,10.0,10.0,4.2272,3.4412,10.0,10.0,10.0,2.5498,0.9767,1.2019,6.593,10.0,10.0,10.0,10.0,0.5302,10.0,10.0,10.0,10.0,10.0,10.0,10.0,10.0,0.897,10.0,10.0,10.0,10.0,10.0,10.0,0.9885,10.0,10.0,10.0,10.0,10.0,10.0,10.0,10.0,10.0
1.1332,10.0,10.0,10.0,10.0,10.0,10.0,10.0,10.0,10.0,0.916,10.0,10.0,10.0,0.6065,10.0,10.0,1.8304,10.0,10.0,10.0,1.2572,10.0,10.0,1.1583,10.0,10.0,10.0,10.0,10.0,10.0,10.0,10.0,10.0,10.0,10.0,10.0,10.0,10.0,10.0,0.8579,10.0,10.0,10.0,3.2103,10.0,10.0,10.0,6.5377,2.819,10.0,10.0,1.5147,4.9549,1.8204,5.0446,2.0235,3.8382,3.2368,1.8179
10.0,10.0,10.0,10.0,10.0,10.0,10.0,10.0,10.0,10.0,0.8539,10.0,10.0,10.0,10.0,10.0,10.0,10.0,0.907,10.0,10.0,10.0,10.0,10.0,10.0,0.3613,10.0,0.4609,10.0,10.0,10.0,10.0,0.9063,10.0,10.0,2.2651,10.0,10.0,2.4102,10.0,10.0,2.555,10.0,10.0,9.6883,8.8542,1.7387,10.0,6.8184,10.0,10.0,10.0,10.0,3.3334,0.1431,0.9203,10.0,10.0,10.0,6.5553
10.0,10.0,10.0,10.0,10.0,10.0,10.0,10.0,2.0845,10.0,10.0,1.9347,10.0,10.0,10.0,0.8223,10.0,10.0,10.0,10.0,10.0,10.0,10.0,10.0,10.0,10.0,10.0,10.0,10.0,10.0,10.0,10.0,10.0,10.0,10.0,10.0,4.053,2.4508,5.1725,6.067,9.3087,10.0,8.0151,8.6109,2.5145,10.0,10.0,2.4205,10.0,10.0,10.0,2.7614,10.0,5.0157,10.0,10.0,8.8749,10.0,7.2061,8.6272
3.8584,3.3475,2.9028,6.4956,10.0,2.9727,10.0,3.2452,6.1907,2.7777,1.1019,4.0529,10.0,9.4981,8.7834,2.0882,1.6019,1.8763,10.0,10.0,4.7437,4.2453,3.7403,3.2349,2.7269,2.2181,10.0,10.0,10.0,10.0,10.0,1.4007,10.0,10.0,10.0,10.0,6.4012,8.737,3.2855,7.3296,7.3181,7.2484,5.9804,7.1091,2.8542,0.8517,6.9001,6.8304,8.737,0.7085,5.847,4.2849,0.9128,0.4341,4.9953,4.464,3.1534,3.3965,2.8642,2.3335
10.0,10.0,10.0,10.0,10.0,10.0,10.0,10.0,10.0,10.0,10.0,10.0,10.0,10.0,10.0,10.0,10.0,10.0,10.0,3.2179,10.0,1.0119,0.7272,10.0,1.0048,10.0,10.0,10.0,10.0,0.7581,10.0,10.0,0.6129,10.0,10.0,10.0,10.0,10.0,10.0,10.0,10.0,10.0,0.8921,10.0,10.0,10.0,10.0,10.0,10.0,0.6598,10.0,10.0,10.0,10.0,2.4559,10.0,2.1306,10.0,4.7004,2.4271
10.0,10.0,10.0,10.0,10.0,10.0,10.0,10.0,10.0,10.0,10.0,0.8345,10.0,10.0,10.0,0.8069,10.0,10.0,10.0,10.0,10.0,10.0,10.0,10.0,10.0,10.0,10.0,1.2093,10.0,10.0,10.0,10.0,10.0,1.2659,10.0,10.0,10.0,10.0,10.0,10.0,10.0,10.0,1.5443,10.0,10.0,1.4149,10.0,10.0,10.0,10.0,10.0,10.0,10.0,3.0316,10.0,10.0,1.1783,10.0,10.0,3.087
10.0,10.0,1.299,10.0,10.0,1.4662,10.0,10.0,10.0,10.0,10.0,10.0,1.3908,10.0,1.0312,10.0,10.0,0.871,10.0,10.0,0.8574,10.0,10.0,10.0,8.5442,1.0597,0.8119,2.437,8.8857,10.0,10.0,5.895,5.3691,4.8655,4.359,10.0,9.2383,10.0,3.9826,6.8304,10.0,10.0,3.7822,3.3962,10.0,10.0,10.0,10.0,10.0,8.2187,7.599,1.3854,6.8657,6.8315,6.8315,1.4429,10.0,6.6385,10.0,7.0339
10.0,10.0,10.0,10.0,10.0,10.0,10.0,10.0,10.0,10.0,6.4925,6.9145,10.0,7.907,10.0,10.0,0.5076,10.0,1.3421,8.4696,1.6472,10.0,10.0,10.0,10.0,3.566,4.0644,10.0,10.0,6.0418,2.0093,3.8739,8.9528,9.0715,10.0,10.0,8.9342,9.6921,10.0,10.0,10.0,10.0,10.0,10.0,1.1732,10.0,10.0,10.0,10.0,10.0,10.0,1.27,1.7091,10.0,10.0,10.0,10.0,2.6475,10.0,10.0
10.0,10.0,10.0,10.0,10.0,10.0,1.0614,10.0,10.0,10.0,10.0,10.0,2.5268,1.0018,10.0,3.4183,10.0,10.0,10.0,10.0,10.0,1.7662,10.0,10.0,1.7863,10.0,10.0,10.0,10.0,10.0,10.0,0.9445,10.0,10.0,10.0,10.0,10.0,10.0,10.0,10.0,10.0,10.0,10.0,5.7177,10.0,10.0,0.721,6.4834,6.5534,6.4859,6.3874,2.9612,3.781,5.3546,4.138,4.327,3.8102,3.2923,2.7764,2.2619
10.0,10.0,10.0,10.0,10.0,10.0,10.0,10.0,10.0,10.0,10.0,10.0,10.0,10.0,10.0,10.0,1.1992,10.0,10.0,10.0,0.8701,10.0,10.0,10.0,10.0,10.0,10.0,10.0,0.8898,10.0,10.0,0.7741,10.0,10.0,1.2849,10.0,10.0,10.0,10.0,10.0,10.0,10.0,10.0,10.0,10.0,10.0,10.0,9.3119,0.9603,10.0,10.0,1.5545,2.4479,10.0,0.1182,10.0,10.0,10.0,10.0,10.0
10.0,10.0,10.0,10.0,10.0,10.0,1.2447,10.0,10.0,1.1375,10.0,10.0,10.0,10.0,10.0,0.2888,10.0,10.0,10.0,10.0,10.0,10.0,10.0,10.0,10.0,1.0593,10.0,10.0,10.0,10.0,10.0,10.0,10.0,10.0,2.8912,3.395,3.8995,10.0,10.0,10.0,10.0,10.0,10.0,10.0,10.0,10.0,9.1602,9.4724,10.0,10.0,10.0,10.0,10.0,6.2934,10.0,1.1321,10.0,10.0,10.0,10.0
10.0,10.0,10.0,10.0,5.8127,5.2865,10.0,10.0,10.0,10.0,10.0,10.0,10.0,10.0,9.2123,8.5802,10.0,1.2517,10.0,1.863,2.1012,10.0,10.0,1.0747,10.0,4.212,3.7422,3.2464,2.7509,8.5673,7.8941,7.0973,9.2809,9.2809,9.2809,4.2057,7.8107,7.0973,9.089,9.004,8.919,1.0866,6.1396,8.6643,4.4106,8.4945,2.7526,8.3247,1.0042,8.1549,1.7683,2.121,7.3616,6.7325,6.0881,5.2487,4.7907,1.4694,3.4908,2.8439
10.0,10.0,10.0,1.3039,10.0,10.0,10.0,10.0,10.0,10.0,10.0,10.0,10.0,1.401,10.0,10.0,10.0,10.0,10.0,10.0,10.0,10.0,10.0,1.8972,2.4005,5.034,10.0,10.0,10.0,10.0,10.0,0.8219,10.0,10.0,10.0,10.0,10.0,10.0,10.0,10.0,10.0,10.0,10.0,10.0,10.0,10.0,0.8879,10.0,10.0,10.0,10.0,10.0,10.0,10.0,10.0,0.5776,1.0447,1.5587,2.0545,2.5563
10.0,10.0,10.0,10.0,0.815,10.0,10.0,10.0,10.0,10.0,10.0,10.0,0.3278,0.8303,10.0,10.0,10.0,10.0,10.0,10.0,10.0,10.0,10.0,10.0,10.0,10.0,10.0,10.0,10.0,10.0,10.0,10.0,0.9619,10.0,10.0,10.0,10.0,10.0,10.0,10.0,10.0,10.0,10.0,10.0,10.0,10.0,3.8004,0.9121,10.0,10.0,10.0,7.2095,10.0,10.0,10.0,1.4686,5.1674,4.5853,3.8668,3.1502
0.6927,10.0,10.0,0.9782,10.0,10.0,10.0,10.0,10.0,10.0,10.0,10.0,10.0,1.1506,10.0,10.0,10.0,10.0,10.0,0.8187,10.0,10.0,0.805,10.0,10.0,0.721,10.0,10.0,1.3028,10.0,10.0,1.3244,10.0,4.8111,10.0,5.4655,10.0,9.4325,5.7766,10.0,10.0,4.1815,6.7278,10.0,10.0,10.0,10.0,10.0,10.0,10.0,10.0,10.0,10.0,10.0,10.0,10.0,1.3591,0.8951,10.0,10.0
10.0,10.0,10.0,10.0,10.0,3.9362,10.0,10.0,3.6188,10.0,10.0,10.0,3.9973,10.0,10.0,10.0,10.0,10.0,10.0,10.0,10.0,10.0,10.0,2.0048,10.0,10.0,10.0,10.0,10.0,3.4877,10.0,10.0,10.0,10.0,3.3521,1.529,10.0,6.3163,9.528,10.0,10.0,9.5083,1.6002,10.0,10.0,10.0,10.0,10.0,10.0,10.0,10.0,10.0,10.0,10.0,1.39,10.0,5.9822,10.0,10.0,10.0
2.3389,10.0,10.0,10.0,10.0,10.0,10.0,6.0404,10.0,7.4072,1.8423,0.6401,10.0,10.0,10.0,10.0,10.0,10.0,10.0,10.0,10.0,10.0,10.0,10.0,2.2265,10.0,10.0,1.3067,10.0,10.0,1.2325,10.0,10.0,10.0,10.0,10.0,10.0,10.0,10.0,0.7944,10.0,9.6566,9.2736,6.6931,6.6832,6.6171,6.5509,6.4848,6.4187,0.751,6.2561,9.6566,5.7345,5.2445,4.7425,4.2381,3.7319,9.6566,9.6566,9.6566
10.0,10.0,10.0,10.0,10.0,10.0,10.0,10.0,0.8331,10.0,10.0,10.0,10.0,10.0,10.0,10.0,1.812,10.0,10.0,1.7737,1.4797,10.0,0.8256,10.0,10.0,0.8789,10.0,10.0,10.0,10.0,10.0,10.0,10.0,10.0,10.0,0.9618,10.0,10.0,10.0,10.0,10.0,10.0,10.0,10.0,10.0,10.0,10.0,10.0,10.0,10.0,10.0,10.0,10.0,10.0,10.0,8.3754,10.0,1.4954,10.0,10.0
10.0,10.0,10.0,10.0,10.0,0.8893,10.0,10.0,10.0,10.0,10.0,10.0,10.0,10.0,10.0,0.2913,10.0,10.0,10.0,10.0,10.0,10.0,10.0,10.0,10.0,10.0,10.0,10.0,10.0,1.2133,10.0,10.0,10.0,10.0,10.0,10.0,10.0,10.0,3.0528,10.0,10.0,2.5994,10.0,10.0,2.457,10.0,10.0,2.3145,10.0,10.0,2.1702,10.0,10.0,10.0,10.0,10.0,10.0,10.0,10.0,0.9769
10.0,1.6996,10.0,10.0,10.0,10.0,10.0,2.0212,10.0,10.0,10.0,10.0,10.0,10.0,10.0,1.0436,10.0,10.0,0.9009,9.8239,10.0,10.0,10.0,9.3949,0.6225,7.1027,10.0,10.0,10.0,10.0,10.0,7.5685,7.5685,7.5685,6.8766,6.3937,10.0,9.8616,10.0,1.9114,10.0,10.0,2.0594,10.0,10.0,10.0,1.8448,3.8661,10.0,9.0568,10.0,7.7979,7.5685,7.5685,1.7142,8.2525,7.2668,6.279,1.2401,4.0387
10.0,2.0104,2.4619,10.0,10.0,10.0,2.667,10.0,10.0,2.524,10.0,10.0,2.3809,2.8899,3.3712,10.0,1.7514,6.3529,1.9751,10.0,10.0,10.0,9.9061,10.0,10.0,10.0,5.9585,10.0,4.1627,1.1559,9.9061,10.0,10.0,0.7531,10.0,10.0,10.0,10.0,10.0,10.0,0.9115,10.0,10.0,10.0,10.0,10.0,10.0,10.0,10.0,10.0,0.7327,10.0,10.0,10.0,10.0,10.0,10.0,10.0,10.0,3.5886
10.0,10.0,10.0,10.0,10.0,10.0,10.0,10.0,10.0,10.0,10.0,10.0,10.0,10.0,0.5465,10.0,2.3166,10.0,10.0,1.4675,10.0,10.0,1.3895,10.0,10.0,1.4134,10.0,0.9365,10.0,10.0,10.0,10.0,10.0,0.9622,10.0,10.0,10.0,10.0,10.0,10.0,10.0,10.0,10.0,0.7825,10.0,10.0,10.0,10.0,10.0,10.0,0.6345,5.545,6.3115,2.1961,5.2197,2.4273,4.1074,3.5491,2.27,2.4383
10.0,10.0,10.0,10.0,10.0,10.0,10.0,0.8187,10.0,10.0,10.0,10.0,10.0,10.0,1.1545,10.0,10.0,10.0,10.0,10.0,10.0,0.4982,10.0,10.0,0.6855,0.3834,10.0,10.0,10.0,0.9825,10.0,10.0,10.0,10.0,10.0,10.0,1.8301,10.0,10.0,10.0,10.0,10.0,10.0,10.0,10.0,10.0,1.9146,1.2742,10.0,10.0,2.012,2.3909,10.0,1.1223,0.1302,10.0,10.0,1.4618,10.0,10.0
10.0,10.0,10.0,10.0,10.0,10.0,10.0,1.6406,10.0,10.0,1.4862,10.0,10.0,0.4927,10.0,10.0,10.0,10.0,10.0,10.0,10.0,1.2073,10.0,10.0,10.0,10.0,10.0,10.0,1.8219,10.0,10.0,10.0,10.0,10.0,10.0,10.0,10.0,10.0,10.0,3.4086,3.9665,5.1741,10.0,3.5786,8.0544,10.0,9.4365,3.9581,10.0,10.0,3.9053,4.3332,10.0,1.0536,10.0,5.0195,6.7961,10.0,3.0495,10.0
10.0,6.218,5.714,10.0,5.2247,10.0,10.0,10.0,2.0673,4.374,10.0,9.3099,8.6973,8.2144,10.0,6.6647,1.6458,1.9557,3.6884,10.0,2.5311,10.0,10.0,10.0,3.3236,10.0,2.3501,1.8489,10.0,10.0,1.8378,10.0,10.0,10.0,6.908,0.9735,9.055,3.5226,7.8751,7.8014,6.4817,7.6542,7.5807,3.1237,7.4336,5.101,10.0,7.2129,7.1393,7.0658,6.9585,3.1705,2.7107,0.4016,5.275,4.7139,4.1509,3.5867,2.2055,2.4641
10.0,10.0,10.0,10.0,10.0,10.0,10.0,10.0,10.0,10.0,10.0,10.0,0.9963,10.0,10.0,10.0,10.0,10.0,10.0,10.0,10.0,3.2532,1.5095,1.1797,10.0,10.0,0.6099,0.9145,0.462,10.0,10.0,10.0,0.6944,10.0,10.0,10.0,10.0,10.0,10.0,0.8381,10.0,10.0,10.0,10.0,10.0,10.0,10.0,10.0,10.0,0.6811,10.0,10.0,10.0,10.0,10.0,10.0,3.3777,10.0,10.0,3.5527
10.0,0.9356,10.0,10.0,10.0,10.0,10.0,10.0,10.0,10.0,10.0,10.0,10.0,10.0,10.0,10.0,0.9753,10.0,10.0,1.0342,10.0,10.0,10.0,10.0,10.0,0.9356,10.0,10.0,10.0,10.0,10.0,0.98,10.0,10.0,10.0,10.0,10.0,10.0,1.2543,10.0,10.0,10.0,10.0,10.0,10.0,10.0,10.0,10.0,4.5238,10.0,10.0,0.8783,10.0,10.0,6.7385,10.0,10.0,10.0,1.2907,4.1568
10.0,10.0,10.0,10.0,10.0,10.0,10.0,10.0,10.0,1.1532,10.0,10.0,10.0,10.0,10.0,10.0,10.0,10.0,10.0,10.0,10.0,10.0,10.0,10.0,10.0,10.0,1.413,10.0,1.94,10.0,10.0,10.0,10.0,10.0,10.0,10.0,10.0,10.0,10.0,10.0,6.9047,6.3966,5.8886,5.4966,10.0,10.0,10.0,10.0,10.0,10.0,10.0,10.0,9.5391,10.0,10.0,10.0,9.331,9.3269,8.5764,1.0299
10.0,10.0,10.0,10.0,10.0,10.0,10.0,10.0,10.0,10.0,10.0,10.0,10.0,10.0,0.8387,10.0,1.1101,10.0,10.0,1.1905,10.0,10.0,2.1108,10.0,10.0,10.0,3.3938,3.8928,10.0,10.0,1.2307,10.0,10.0,4.6996,1.1061,10.0,9.3426,10.0,10.0,10.0,10.0,1.1915,10.0,10.0,10.0,10.0,10.0,10.0,10.0,10.0,10.0,10.0,1.5229,10.0,10.0,10.0,2.2471,10.0,10.0,10.0
10.0,10.0,10.0,10.0,10.0,10.0,10.0,10.0,10.0,1.2152,10.0,2.1461,4.8098,5.0385,10.0,10.0,10.0,10.0,10.0,10.0,10.0,10.0,10.0,2.2099,10.0,10.0,1.2639,10.0,10.0,10.0,10.0,10.0,10.0,10.0,10.0,10.0,0.7976,10.0,10.0,10.0,10.0,2.8722,10.0,10.0,10.0,10.0,6.5257,5.3224,6.3939,6.3281,1.7842,6.1244,5.7124,5.2243,4.7242,4.2218,3.7175,3.2122,2.7088,2.2068
10.0,0.6696,10.0,10.0,10.0,10.0,10.0,10.0,10.0,10.0,10.0,10.0,10.0,10.0,10.0,1.4001,10.0,10.0,1.3935,10.0,0.6774,10.0,10.0,10.0,10.0,10.0,0.6994,10.0,10.0,10.0,10.0,10.0,10.0,10.0,10.0,10.0,10.0,10.0,10.0,10.0,10.0,1.1265,10.0,10.0,10.0,10.0,10.0,10.0,10.0,10.0,10.0,10.0,10.0,10.0,0.1139,10.0,10.0,4.1335,10.0,10.0
10.0,10.0,10.0,10.0,10.0,10.0,10.0,10.0,10.0,10.0,10.0,10.0,1.0187,10.0,10.0,0.2568,10.0,10.0,10.0,10.0,10.0,10.0,10.0,10.0,10.0,10.0,10.0,10.0,10.0,10.0,1.6082,10.0,10.0,10.0,2.2526,2.7516,10.0,10.0,10.0,10.0,10.0,5.1232,10.0,10.0,10.0,10.0,6.8313,7.3368,7.9389,6.5913,7.0246,5.8753,2.8199,10.0,10.0,10.0,10.0,1.0736,10.0,10.0
10.0,10.0,4.4173,10.0,10.0,4.7306,4.2709,10.0,10.0,10.0,10.0,10.0,10.0,10.0,10.0,10.0,1.087,10.0,0.8078,9.6036,1.4065,1.6582,10.0,1.851,1.6771,9.2366,8.7741,8.4838,10.0,10.0,10.0,9.9578,5.4915,8.7074,10.0,10.0,9.4731,1.3741,10.0,7.2359,10.0,9.9925,5.1809,9.8004,6.684,3.1259,9.5123,4.6291,1.071,2.0849,2.5313,8.9274,8.3269,2.0645,6.8864,1.3651,5.4189,4.4705,3.9486,3.2169
10.0,10.0,10.0,10.0,10.0,10.0,10.0,1.6141,10.0,10.0,1.4937,10.0,10.0,10.0,10.0,10.0,10.0,10.0,1.483,1.9345,10.0,10.0,10.0,10.0,6.8588,2.0795,2.5271,5.1548,6.9922,10.0,1.0262,10.0,10.0,10.0,0.5612,10.0,10.0,10.0,10.0,10.0,10.0,10.0,10.0,0.9514,10.0,10.0,10.0,10.0,10.0,10.0,10.0,10.0,10.0,10.0,10.0,10.0,10.0,10.0,10.0,10.0
10.0,10.0,10.0,10.0,10.0,10.0,10.0,0.8374,10.0,10.0,10.0,10.0,10.0,10.0,10.0,10.0,1.5589,10.0,10.0,10.0,10.0,10.0,10.0,10.0,10.0,10.0,10.0,10.0,10.0,10.0,10.0,10.0,10.0,10.0,10.0,10.0,10.0,0.9243,10.0,10.0,10.0,10.0,10.0,10.0,10.0,10.0,10.0,10.0,10.0,10.0,10.0,10.0,10.0,10.0,4.5556,5.3316,4.6947,4.0566,3.4209,2.787
10.0,10.0,10.0,10.0,10.0,10.0,10.0,10.0,10.0,10.0,0.8808,10.0,10.0,10.0,10.0,0.9618,10.0,10.0,10.0,10.0,10.0,10.0,10.0,10.0,10.0,10.0,0.7874,1.1307,10.0,10.0,1.0915,10.0,2.1173,10.0,2.7946,10.0,10.0,2.9311,10.0,10.0,3.0226,10.0,10.0,3.318,8.7189,2.2071,10.0,3.3067,3.7539,10.0,10.0,10.0,10.0,10.0,10.0,10.0,10.0,10.0,6.4196,9.2745
10.0,10.0,2.4791,10.0,10.0,10.0,10.0,10.0,10.0,2.5417,10.0,10.0,2.3976,10.0,1.622,0.751,10.0,10.0,0.8479,10.0,10.0,10.0,1.5539,10.0,10.0,1.5319,10.0,1.8897,2.3841,2.8914,3.3872,3.8699,10.0,10.0,10.0,10.0,1.2538,10.0,10.0,9.4108,10.0,8.0869,10.0,2.0376,10.0,10.0,10.0,10.0,10.0,10.0,2.2956,10.0,3.1308,10.0,1.4471,10.0,1.3101,10.0,10.0,10.0
10.0,10.0,10.0,2.362,6.6211,10.0,10.0,3.8718,10.0,10.0,2.2966,4.7512,4.3263,3.0596,3.3481,2.0632,2.325,6.1755,10.0,10.0,10.0,10.0,10.0,10.0,10.0,10.0,10.0,10.0,10.0,10.0,10.0,10.0,10.0,10.0,10.0,10.0,10.0,6.2128,10.0,10.0,8.3801,6.9235,0.7999,5.754,6.8382,6.7705,6.7029,6.6352,3.2443,10.0,6.4012,6.2907,5.113,4.6115,4.1091,4.3364,3.8184,3.2994,2.7824,2.2668
10.0,10.0,10.0,10.0,10.0,0.8807,10.0,10.0,10.0,10.0,10.0,10.0,10.0,10.0,10.0,10.0,10.0,10.0,10.0,2.4386,10.0,10.0,0.7388,10.0,10.0,10.0,10.0,10.0,10.0,10.0,10.0,10.0,10.0,10.0,10.0,10.0,10.0,10.0,10.0,10.0,10.0,10.0,10.0,10.0,10.0,1.0097,10.0,10.0,10.0,10.0,10.0,10.0,10.0,2.0191,10.0,10.0,3.7158,10.0,1.94,10.0
10.0,10.0,10.0,10.0,10.0,10.0,10.0,10.0,0.8431,10.0,10.0,10.0,10.0,10.0,10.0,0.8708,10.0,10.0,10.0,10.0,10.0,10.0,10.0,10.0,0.9135,10.0,10.0,10.0,10.0,10.0,10.0,10.0,10.0,10.0,10.0,10.0,1.9646,10.0,10.0,10.0,10.0,10.0,10.0,10.0,10.0,10.0,10.0,10.0,10.0,1.73,10.0,10.0,10.0,10.0,10.0,10.0,10.0,6.1528,10.0,10.0
10.0,10.0,10.0,10.0,10.0,10.0,10.0,10.0,1.5438,10.0,10.0,10.0,10.0,10.0,10.0,10.0,10.0,10.0,10.0,10.0,0.6901,10.0,9.1507,10.0,1.0176,1.7718,2.8368,7.7944,10.0,10.0,10.0,4.2369,3.7489,3.2367,10.0,10.0,10.0,2.8625,10.0,10.0,3.0031,10.0,10.0,4.838,2.7992,2.3966,10.0,9.4234,10.0,10.0,10.0,10.0,10.0,10.0,9.1659,10.0,6.757,7.8615,6.8972,5.619
10.0,10.0,10.0,10.0,10.0,3.9048,10.0,10.0,10.0,4.1028,10.0,10.0,3.9653,4.4546,10.0,1.286,0.5126,1.5256,10.0,5.2001,10.0,10.0,2.6289,3.158,9.303,9.7952,10.0,5.1357,1.3719,0.7825,4.1604,1.334,6.3458,10.0,10.0,9.194,10.0,0.9449,10.0,10.0,10.0,10.0,10.0,10.0,10.0,10.0,10.0,1.0637,10.0,10.0,10.0,10.0,10.0,10.0,10.0,2.9635,10.0,10.0,3.0685,2.4338
10.0,10.0,10.0,1.0141,10.0,10.0,10.0,10.0,10.0,10.0,10.0,10.0,1.0756,2.8699,10.0,10.0,10.0,2.452,10.0,10.0,1.583,10.0,10.0,1.5111,10.0,10.0,10.0,10.0,10.0,10.0,10.0,10.0,10.0,10.0,10.0,10.0,10.0,10.0,10.0,10.0,10.0,10.0,2.9759,10.0,5.7696,10.0,10.0,10.0,6.5662,6.6125,0.5979,6.3997,2.5911,5.4591,4.9365,4.4115,3.8846,3.3566,2.8306,2.306
10.0,10.0,10.0,10.0,0.7979,10.0,10.0,10.0,10.0,10.0,10.0,10.0,10.0,10.0,10.0,10.0,10.0,10.0,10.0,10.0,10.0,10.0,10.0,10.0,10.0,10.0,10.0,10.0,10.0,10.0,10.0,0.7508,10.0,10.0,10.0,10.0,10.0,1.3733,10.0,10.0,1.5327,10.0,10.0,10.0,10.0,10.0,10.0,1.5132,10.0,5.4584,10.0,10.0,10.0,10.0,0.1214,3.5587,10.0,10.0,1.063,10.0
10.0,10.0,10.0,1.3258,10.0,10.0,1.2296,10.0,10.0,10.0,10.0,10.0,10.0,10.0,10.0,10.0,0.7149,10.0,10.0,10.0,10.0,10.0,10.0,10.0,10.0,10.0,10.0,1.3729,10.0,10.0,10.0,2.8187,10.0,10.0,3.5242,10.0,10.0,10.0,10.0,6.7947,7.2772,10.0,10.0,10.0,10.0,5.6765,6.159,10.0,10.0,8.3434,8.8469,9.3497,10.0,10.0,6.4299,10.0,10.0,2.9062,10.0,10.0
10.0,10.0,7.3298,6.8202,6.3151,5.8264,5.3377,10.0,10.0,10.0,10.0,10.0,10.0,10.0,10.0,10.0,7.6116,6.4867,1.532,2.5578,2.7892,10.0,1.5338,5.1848,10.0,3.4851,2.978,2.4687,10.0,2.2595,10.0,8.1166,10.0,9.8066,8.7125,8.7571,3.8536,8.5901,1.0337,8.4303,8.3508,1.1194,3.4122,10.0,8.0328,4.0497,6.9872,7.7943,1.0272,7.6353,1.7065,7.3896,6.8925,0.3799,1.738,5.0939,4.4855,3.8758,3.2684,1.8363
10.0,10.0,10.0,10.0,10.0,10.0,1.2108,10.0,10.0,1.1302,10.0,10.0,10.0,10.0,10.0,10.0,10.0,10.0,10.0,10.0,10.0,10.0,10.0,1.1397,1.6292,10.0,10.0,10.0,0.4577,10.0,10.0,10.0,10.0,10.0,10.0,10.0,0.8004,10.0,10.0,10.0,10.0,10.0,10.0,10.0,10.0,10.0,10.0,10.0,10.0,10.0,10.0,10.0,10.0,10.0,10.0,0.5465,10.0,10.0,10.0,10.0
10.0,10.0,10.0,10.0,0.8517,10.0,10.0,10.0,10.0,10.0,10.0,10.0,0.3502,10.0,10.0,10.0,10.0,1.1474,10.0,10.0,10.0,10.0,10.0,10.0,10.0,10.0,10.0,10.0,10.0,10.0,10.0,10.0,10.0,10.0,1.1444,10.0,10.0,10.0,10.0,10.0,10.0,10.0,10.0,10.0,1.0118,10.0,10.0,10.0,10.0,10.0,10.0,10.0,7.1209,1.241,10.0,10.0,10.0,4.824,4.2247,3.4418
0.6965,10.0,10.0,0.9982,10.0,10.0,1.0863,10.0,10.0,10.0,10.0,10.0,10.0,1.1205,10.0,10.0,0.8876,10.0,10.0,0.6284,10.0,10.0,0.7355,10.0,10.0,10.0,10.0,10.0,10.0,1.4877,4.5303,7.357,10.0,10.0,7.6578,10.0,10.0,10.0,10.0,10.0,10.0,10.0,10.0,10.0,10.0,10.0,10.0,10.0,10.0,4.5732,4.0279,10.0,1.1099,10.0,10.0,6.2503,10.0,10.0,10.0,10.0
10.0,10.0,10.0,10.0,10.0,10.0,10.0,10.0,10.0,5.8908,10.0,10.0,5.6107,10.0,10.0,1.9528,10.0,0.9358,10.0,10.0,10.0,10.0,10.0,10.0,10.0,2.1807,10.0,10.0,10.0,4.1278,10.0,10.0,3.2208,2.8996,1.9081,0.8385,10.0,10.0,1.303,10.0,10.0,10.0,10.0,10.0,10.0,1.5222,10.0,10.0,1.4335,10.0,10.0,1.1287,10.0,10.0,10.0,1.8044,10.0,1.6341,10.0,1.3975
10.0,10.0,10.0,10.0,10.0,1.4352,10.0,10.0,1.5978,10.0,2.5374,0.6263,1.4507,7.1268,6.6057,6.1103,5.6306,10.0,10.0,3.3559,10.0,3.1456,10.0,10.0,10.0,10.0,10.0,10.0,10.0,1.0411,10.0,10.0,1.0233,10.0,10.0,10.0,10.0,10.0,10.0,0.779,2.9303,10.0,10.0,10.0,6.5031,6.5516,2.5597,6.4206,6.3552,6.2897,6.1942,6.0873,5.6778,10.0,10.0,10.0,10.0,10.0,10.0,2.1935
10.0,10.0,10.0,10.0,10.0,10.0,10.0,10.0,10.0,10.0,10.0,10.0,10.0,10.0,10.0,10.0,10.0,10.0,10.0,10.0,10.0,10.0,0.8805,10.0,10.0,10.0,10.0,10.0,10.0,10.0,0.7417,10.0,10.0,10.0,10.0,0.9457,10.0,10.0,1.0793,10.0,10.0,10.0,10.0,10.0,10.0,10.0,10.0,10.0,10.0,10.0,10.0,10.0,1.6622,7.6347,0.1265,10.0,10.0,10.0,9.5502,4.9087
10.0,10.0,1.0302,10.0,10.0,0.9197,10.0,10.0,10.0,10.0,10.0,10.0,10.0,10.0,0.6493,0.2463,10.0,10.0,10.0,10.0,1.068,10.0,10.0,0.9784,10.0,10.0,10.0,10.0,10.0,10.0,10.0,1.4684,10.0,10.0,10.0,10.0,10.0,10.0,10.0,3.3632,4.0048,10.0,10.0,10.0,10.0,10.0,10.0,10.0,10.0,3.2852,10.0,2.6259,0.8603,10.0,10.0,2.8277,10.0,10.0,10.0,10.0
10.0,10.0,10.0,10.0,10.0,10.0,2.5135,10.0,10.0,2.7733,10.0,10.0,10.0,10.0,10.0,10.0,10.0,10.0,10.0,10.0,10.0,10.0,1.1885,7.8848,0.6205,1.2029,5.172,10.0,10.0,10.0,10.0,10.0,2.2279,10.0,10.0,8.9757,1.8312,5.4198,10.0,6.4355,8.4074,10.0,10.0,1.566,10.0,10.0,10.0,1.4842,10.0,10.0,8.818,10.0,7.9572,1.2503,8.102,7.2403,6.3755,5.5089,1.1678,3.7847
1.4647,10.0,10.0,10.0,10.0,10.0,10.0,10.0,2.0502,10.0,10.0,1.9168,10.0,10.0,10.0,10.0,4.3305,0.9663,10.0,2.4358,2.9297,3.4235,10.0,10.0,4.4628,4.9185,9.2397,0.948,1.9146,5.8674,10.0,10.0,10.0,10.0,10.0,10.0,10.0,10.0,10.0,10.0,10.0,10.0,10.0,10.0,10.0,10.0,10.0,10.0,10.0,10.0,0.9982,10.0,10.0,10.0,10.0,10.0,10.0,10.0,10.0,5.0842
1.1499,10.0,10.0,10.0,10.0,10.0,10.0,10.0,10.0,10.0,0.8826,10.0,10.0,10.0,0.531,1.9981,10.0,10.0,10.0,10.0,10.0,1.1998,10.0,10.0,10.0,10.0,10.0,10.0,10.0,10.0,10.0,10.0,10.0,10.0,10.0,10.0,10.0,10.0,10.0,10.0,0.8325,10.0,10.0,10.0,10.0,10.0,10.0,10.0,10.0,2.7495,0.71,6.9156,5.2627,6.0117,5.4363,4.8581,4.2778,3.6963,3.1171,1.8208
10.0,10.0,10.0,10.0,10.0,10.0,10.0,10.0,10.0,10.0,10.0,10.0,10.0,10.0,10.0,10.0,10.0,10.0,10.0,10.0,10.0,0.6739,10.0,10.0,10.0,0.3433,10.0,0.4565,10.0,10.0,10.0,10.0,0.9135,10.0,10.0,10.0,10.0,10.0,10.0,10.0,10.0,10.0,2.1141,8.0916,10.0,2.3804,10.0,10.0,10.0,2.3651,2.8077,10.0,10.0,10.0,0.1369,10.0,10.0,10.0,10.0,10.0
10.0,2.0718,10.0,10.0,1.7095,10.0,10.0,10.0,10.0,10.0,10.0,10.0,10.0,0.4797,10.0,10.0,10.0,10.0,10.0,10.0,10.0,10.0,10.0,1.3228,10.0,10.0,1.4108,10.0,10.0,10.0,2.8226,3.3208,3.8369,4.3204,10.0,10.0,10.0,1.7197,2.9826,4.8983,6.0846,2.6124,10.0,10.0,10.0,2.9829,10.0,10.0,2.8407,10.0,10.0,10.0,10.0,10.0,10.0,10.0,5.2095,10.0,1.1483,10.0
10.0,10.0,10.0,5.8053,3.431,10.0,3.7077,6.7082,3.3124,1.5408,10.0,7.9488,2.8938,2.4271,6.4953,8.8577,10.0,4.1066,10.0,10.0,10.0,10.0,10.0,10.0,10.0,10.0,10.0,10.0,10.0,1.5687,10.0,1.3544,10.0,10.0,10.0,0.9697,10.0,9.5059,3.3314,7.4883,7.4177,7.347,7.2764,7.2058,2.9198,0.8217,4.8253,3.4559,2.0866,0.7172,6.6792,1.3533,0.8793,0.4182,2.8408,4.5247,3.9843,2.6554,2.9032,2.3652
10.0,10.0,0.9099,10.0,10.0,10.0,10.0,10.0,10.0,10.0,10.0,10.0,10.0,10.0,10.0,10.0,10.0,10.0,10.0,10.0,10.0,10.0,10.0,10.0,10.0,10.0,10.0,10.0,10.0,10.0,10.0,10.0,0.601,10.0,10.0,10.0,10.0,10.0,10.0,10.0,10.0,10.0,10.0,10.0,10.0,10.0,10.0,10.0,10.0,0.6418,10.0,10.0,10.0,10.0,10.0,10.0,10.0,2.5743,10.0,10.0
10.0,10.0,10.0,10.0,10.0,10.0,10.0,10.0,10.0,10.0,10.0,0.822,10.0,10.0,10.0,10.0,10.0,10.0,10.0,10.0,10.0,10.0,10.0,10.0,10.0,10.0,10.0,10.0,10.0,10.0,10.0,10.0,10.0,1.3263,10.0,1.5154,10.0,10.0,10.0,10.0,10.0,10.0,10.0,10.0,10.0,1.4241,10.0,10.0,1.2622,10.0,10.0,10.0,10.0,3.0302,10.0,10.0,10.0,10.0,10.0,10.0
10.0,10.0,1.3424,10.0,10.0,10.0,10.0,10.0,10.0,10.0,10.0,10.0,10.0,10.0,10.0,10.0,10.0,10.0,10.0,10.0,10.0,10.0,10.0,0.8339,10.0,1.0695,10.0,2.3904,2.7139,10.0,9.7179,10.0,6.9481,6.452,5.953,5.4458,10.0,10.0,10.0,5.2485,4.8617,10.0,10.0,10.0,10.0,10.0,9.5696,10.0,10.0,2.3745,1.965,10.0,6.7308,10.0,0.9739,1.4571,10.0,10.0,6.4731,7.7339
10.0,10.0,10.0,10.0,10.0,10.0,10.0,10.0,10.0,10.0,10.0,10.0,10.0,10.0,10.0,10.0,0.5023,5.9841,9.8205,10.0,10.0,10.0,10.0,2.5336,10.0,10.0,10.0,10.0,5.0287,1.8103,10.0,3.1506,1.7853,10.0,8.6324,10.0,10.0,9.0951,10.0,10.0,10.0,10.0,10.0,10.0,1.11,10.0,10.0,10.0,10.0,10.0,10.0,1.2759,10.0,2.0058,10.0,10.0,2.2018,10.0,2.0002,10.0
10.0,10.0,10.0,10.0,10.0,10.0,1.1052,10.0,10.0,1.1916,10.0,10.0,10.0,1.0006,10.0,10.0,10.0,10.0,2.5466,2.0218,10.0,10.0,1.958,10.0,10.0,10.0,10.0,10.0,0.9298,10.0,10.0,10.0,10.0,10.0,10.0,10.0,10.0,10.0,10.0,10.0,10.0,10.0,10.0,10.0,10.0,10.0,0.7168,2.5009,5.3068,6.3819,6.285,6.1765,5.761,5.2688,4.7644,4.2577,3.7491,3.2395,2.7319,2.2256
10.0,0.6644,10.0,10.0,10.0,10.0,10.0,10.0,10.0,10.0,10.0,10.0,10.0,10.0,10.0,10.0,10.0,10.0,10.0,1.1857,0.8676,10.0,10.0,0.7218,10.0,10.0,10.0,10.0,10.0,10.0,10.0,0.8381,10.0,10.0,10.0,10.0,10.0,10.0,10.0,10.0,10.0,10.0,10.0,10.0,1.2514,10.0,10.0,10.0,0.8863,7.8741,10.0,4.7481,10.0,7.8951,0.1157,10.0,1.1738,10.0,1.7306,10.0
10.0,10.0,10.0,10.0,10.0,10.0,10.0,10.0,10.0,1.105,10.0,10.0,10.0,10.0,10.0,0.2739,10.0,10.0,10.0,10.0,10.0,10.0,1.0281,10.0,10.0,10.0,10.0,10.0,10.0,1.8542,10.0,2.0834,10.0,2.3772,10.0,10.0,10.0,10.0,10.0,10.0,10.0,10.0,10.0,6.7426,7.2184,7.7294,8.2405,8.7515,9.2626,10.0,10.0,10.0,10.0,10.0,10.0,10.0,10.0,10.0,10.0,10.0
5.3333,6.6649,10.0,10.0,10.0,10.0,10.0,10.0,10.0,10.0,2.7683,10.0,10.0,10.0,1.3914,10.0,10.0,10.0,10.0,1.0453,7.8181,3.4473,1.8307,1.0532,10.0,10.0,10.0,3.2018,10.0,10.0,10.0,10.0,10.0,10.0,1.2852,8.2084,9.6256,9.5366,9.4476,9.3591,10.0,6.4706,9.0943,8.0236,1.1559,8.8296,8.7413,8.4625,1.059,8.4766,8.3479,8.2038,1.6889,6.9981,6.3282,5.6552,4.7965,1.5242,3.6285,2.9561
10.0,10.0,10.0,1.2988,10.0,10.0,10.0,10.0,10.0,10.0,10.0,10.0,10.0,10.0,1.8823,2.4007,2.881,3.4298,10.0,10.0,4.8628,10.0,10.0,10.0,1.5959,2.0663,1.8179,1.5598,10.0,10.0,10.0,10.0,10.0,10.0,10.0,10.0,10.0,10.0,10.0,10.0,10.0,10.0,10.0,10.0,10.0,10.0,0.887,10.0,10.0,10.0,10.0,10.0,10.0,10.0,10.0,10.0,1.0782,1.5756,10.0,10.0
10.0,10.0,10.0,10.0,10.0,10.0,10.0,10.0,10.0,10.0,10.0,10.0,0.3268,0.8013,1.0851,10.0,10.0,10.0,1.3913,10.0,1.1426,10.0,10.0,1.0273,10.0,10.0,1.1163,10.0,10.0,0.8637,10.0,10.0,1.0247,10.0,10.0,10.0,10.0,10.0,10.0,10.0,10.0,10.0,10.0,10.0,10.0,10.0,10.0,0.9277,10.0,10.0,6.937,10.0,10.0,10.0,10.0,4.197,5.0227,1.6048,3.6599,2.9816
10.0,10.0,10.0,10.0,10.0,10.0,10.0,10.0,10.0,10.0,10.0,10.0,10.0,10.0,10.0,10.0,10.0,10.0,10.0,10.0,10.0,10.0,10.0,10.0,10.0,0.7252,10.0,1.0933,1.3455,10.0,1.0858,2.4643,10.0,10.0,4.3262,10.0,10.0,4.4636,10.0,10.0,10.0,4.2906,10.0,3.1748,5.7293,5.1894,10.0,10.0,10.0,10.0,10.0,10.0,3.3446,10.0,10.0,10.0,1.3874,9.1573,10.0,10.0
10.0,10.0,10.0,2.9759,10.0,10.0,10.0,3.1269,10.0,10.0,2.9872,10.0,10.0,2.8233,10.0,10.0,10.0,10.0,10.0,10.0,1.1703,10.0,10.0,10.0,1.7042,10.0,2.0216,10.0,10.0,10.0,10.0,10.0,4.9434,2.6455,6.5035,1.5146,8.0668,10.0,6.7526,1.698,10.0,10.0,1.6391,10.0,10.0,10.0,10.0,10.0,10.0,1.812,10.0,10.0,10.0,3.5596,1.4104,10.0,10.0,10.0,10.0,10.0
10.0,10.0,10.0,10.0,1.8848,10.0,7.2893,10.0,8.5144,10.0,10.0,1.8188,10.0,3.7977,3.313,10.0,10.0,5.6234,10.0,10.0,10.0,10.0,10.0,2.6775,10.0,10.0,10.0,1.2586,10.0,10.0,1.1691,10.0,10.0,10.0,10.0,10.0,10.0,10.0,10.0,10.0,10.0,9.4063,0.8313,6.7653,5.5673,2.6416,6.5665,6.5002,6.4339,0.7162,10.0,6.1627,5.7481,5.257,4.7537,4.2481,3.7407,3.2323,2.7258,10.0
10.0,10.0,10.0,10.0,10.0,10.0,10.0,10.0,0.8441,10.0,10.0,10.0,10.0,10.0,10.0,10.0,10.0,10.0,1.9741,10.0,1.459,1.1505,10.0,10.0,10.0,0.8587,10.0,10.0,10.0,10.0,10.0,10.0,10.0,10.0,10.0,10.0,10.0,10.0,10.0,10.0,10.0,10.0,10.0,10.0,10.0,0.973,10.0,10.0,10.0,10.0,10.0,10.0,10.0,10.0,10.0,1.6765,10.0,10.0,10.0,10.0
10.0,10.0,10.0,10.0,10.0,10.0,10.0,10.0,0.8652,10.0,10.0,10.0,10.0,10.0,10.0,10.0,10.0,10.0,0.8908,10.0,10.0,10.0,10.0,10.0,10.0,10.0,10.0,10.0,10.0,1.2532,10.0,10.0,1.333,10.0,1.6915,10.0,10.0,2.5314,10.0,10.0,2.0969,10.0,10.0,2.0236,10.0,10.0,10.0,10.0,10.0,10.0,10.0,10.0,10.0,10.0,1.0729,10.0,10.0,10.0,10.0,10.0
10.0,1.7158,10.0,10.0,1.8773,10.0,10.0,10.0,10.0,10.0,10.0,1.8094,10.0,10.0,10.0,10.0,10.0,10.0,10.0,10.0,9.8137,1.0146,10.0,10.0,10.0,3.1978,10.0,10.0,10.0,10.0,8.8014,8.2782,7.7823,10.0,8.7302,2.2547,10.0,10.0,2.3991,10.0,5.3236,10.0,2.0618,10.0,6.0117,10.0,1.9252,10.0,10.0,10.0,10.0,10.0,10.0,10.0,10.0,10.0,1.008,6.8472,5.7743,4.7042
10.0,10.0,10.0,2.9316,10.0,10.0,10.0,10.0,10.0,10.0,2.993,10.0,10.0,10.0,10.0,10.0,10.0,10.0,8.3725,1.7652,2.2885,10.0,10.0,10.0,10.0,10.0,5.2653,10.0,6.8006,0.7778,10.0,10.0,1.1263,0.7675,10.0,10.0,10.0,10.0,10.0,10.0,10.0,10.0,10.0,10.0,10.0,10.0,10.0,10.0,10.0,10.0,0.7406,10.0,10.0,10.0,10.0,3.1573,3.4072,10.0,10.0,3.5232
10.0,10.0,10.0,1.066,10.0,10.0,10.0,10.0,10.0,10.0,10.0,10.0,1.0921,10.0,0.5599,2.732,10.0,10.0,10.0,10.0,10.0,10.0,1.3546,10.0,10.0,1.3473,10.0,10.0,10.0,10.0,10.0,10.0,10.0,0.9547,10.0,10.0,10.0,10.0,10.0,10.0,10.0,10.0,10.0,0.7662,10.0,5.8668,10.0,10.0,2.589,10.0,0.6163,1.8026,6.1388,5.6143,5.0769,4.5369,3.995,2.7145,2.911,2.3716
10.0,10.0,10.0,10.0,10.0,10.0,10.0,10.0,10.0,10.0,10.0,10.0,10.0,10.0,1.1356,10.0,10.0,1.0374,10.0,10.0,10.0,0.4996,10.0,10.0,10.0,0.412,10.0,10.0,10.0,10.0,10.0,0.7809,10.0,10.0,10.0,10.0,10.0,10.0,10.0,10.0,10.0,10.0,10.0,1.646,10.0,10.0,10.0,6.3268,10.0,10.0,10.0,10.0,5.3935,1.0752,0.1259,10.0,10.0,1.5483,10.0,10.0
10.0,10.0,10.0,10.0,10.0,10.0,10.0,10.0,10.0,10.0,1.5254,10.0,10.0,1.3306,10.0,10.0,10.0,10.0,10.0,0.8019,10.0,1.2043,10.0,10.0,1.1756,10.0,10.0,10.0,10.0,10.0,10.0,10.0,10.0,10.0,10.0,10.0,10.0,10.0,10.0,10.0,3.1711,4.3536,4.8557,10.0,6.6212,4.5422,10.0,8.7759,10.0,4.9156,10.0,10.0,10.0,1.1917,10.0,10.0,8.4122,10.0,10.0,10.0
8.8227,10.0,10.0,10.0,10.0,3.5446,3.0421,10.0,10.0,10.0,10.0,9.8846,2.2952,10.0,10.0,7.2626,10.0,1.151,1.4443,7.0944,10.0,2.0352,4.9226,10.0,10.0,10.0,10.0,10.0,2.0082,10.0,1.7941,10.0,10.0,7.2254,10.0,9.1953,8.0502,8.1337,1.0113,6.7875,7.907,7.8317,7.7565,3.1516,7.6059,10.0,3.7573,7.3802,7.3049,4.8614,7.1198,6.997,6.5263,0.3907,5.3973,4.8232,1.8798,3.6698,3.0948,2.5213
10.0,10.0,10.0,10.0,10.0,10.0,10.0,10.0,10.0,1.1137,10.0,10.0,1.0346,10.0,10.0,10.0,10.0,10.0,10.0,10.0,10.0,10.0,2.9428,10.0,10.0,1.443,0.5259,0.8794,0.4443,10.0,10.0,10.0,10.0,10.0,10.0,10.0,10.0,10.0,10.0,10.0,10.0,10.0,10.0,10.0,10.0,10.0,10.0,10.0,10.0,10.0,10.0,10.0,10.0,10.0,10.0,0.583,10.0,3.8311,10.0,10.0
10.0,0.929,10.0,10.0,10.0,10.0,10.0,10.0,10.0,10.0,10.0,10.0,0.3793,10.0,10.0,10.0,0.9679,10.0,10.0,10.0,10.0,10.0,0.9572,10.0,10.0,10.0,10.0,10.0,0.9257,10.0,10.0,10.0,10.0,10.0,10.0,10.0,10.0,10.0,1.2674,10.0,10.0,1.1374,10.0,10.0,10.0,10.0,10.0,10.0,10.0,10.0,10.0,0.8057,3.1168,10.0,10.0,10.0,10.0,3.5977,1.2283,3.8289
10.0,10.0,10.0,10.0,10.0,10.0,1.0975,10.0,10.0,1.1806,10.0,10.0,10.0,10.0,10.0,10.0,10.0,10.0,10.0,10.0,10.0,10.0,10.0,10.0,10.0,10.0,10.0,1.718,8.6824,10.0,1.7494,10.0,10.0,10.0,10.0,10.0,10.0,10.0,10.0,10.0,10.0,10.0,10.0,10.0,10.0,10.0,10.0,10.0,10.0,10.0,10.0,10.0,10.0,9.3221,6.3337,10.0,10.0,10.0,10.0,1.0157
10.0,10.0,10.0,10.0,10.0,10.0,10.0,10.0,10.0,10.0,10.0,10.0,10.0,10.0,0.8809,3.5711,10.0,10.0,10.0,10.0,10.0,1.5819,10.0,10.0,10.0,2.9122,10.0,10.0,10.0,4.8801,10.0,10.0,2.4488,3.9916,1.1156,0.8317,7.1653,10.0,1.3126,9.2521,10.0,1.2184,10.0,10.0,10.0,10.0,10.0,10.0,10.0,10.0,10.0,1.0636,10.0,10.0,10.0,1.7734,10.0,10.0,10.0,4.654
10.0,10.0,1.3487,10.0,10.0,10.0,10.0,10.0,10.0,10.0,4.7535,1.4193,1.444,5.6849,10.0,10.0,10.0,10.0,10.0,2.6699,10.0,2.4062,10.0,10.0,10.0,10.0,10.0,10.0,10.0,10.0,10.0,10.0,1.1587,10.0,10.0,10.0,10.0,10.0,10.0,10.0,10.0,5.6887,10.0,10.0,10.0,6.4077,6.4733,6.408,6.3426,6.2773,2.9715,6.0753,5.6666,5.1824,4.6863,4.1879,3.6877,3.1864,2.6871,2.1891
10.0,10.0,10.0,10.0,10.0,10.0,10.0,10.0,10.0,10.0,10.0,0.7905,10.0,10.0,10.0,10.0,10.0,10.0,1.368,10.0,10.0,10.0,10.0,10.0,10.0,10.0,0.6616,0.6833,10.0,10.0,10.0,10.0,10.0,0.5479,10.0,10.0,10.0,10.0,1.0429,10.0,10.0,1.1772,10.0,10.0,10.0,10.0,10.0,10.0,1.1474,10.0,10.0,10.0,10.0,10.0,0.1125,10.0,10.0,10.0,10.0,1.4235
10.0,10.0,1.015,10.0,10.0,10.0,10.0,10.0,10.0,10.0,10.0,10.0,1.0722,10.0,10.0,0.2466,10.0,0.7532,10.0,10.0,0.9971,10.0,10.0,10.0,10.0,10.0,10.0,10.0,10.0,10.0,1.6458,10.0,10.0,10.0,10.0,10.0,10.0,10.0,3.617,10.0,10.0,10.0,4.8208,5.3276,10.0,10.0,5.0163,10.0,10.0,4.8803,10.0,4.2332,10.0,10.0,10.0,5.6865,10.0,10.0,10.0,10.0
10.0,10.0,10.0,10.0,3.4181,10.0,10.0,3.7325,10.0,10.0,10.0,10.0,10.0,10.0,10.0,10.0,10.0,10.0,0.7849,1.1824,10.0,10.0,10.0,1.3747,6.0413,10.0,8.3735,10.0,10.0,6.9239,6.3991,5.9442,10.0,1.7494,10.0,10.0,10.0,1.4204,10.0,9.6318,1.4815,5.5666,10.0,10.0,10.0,10.0,5.0109,1.4089,9.8313,9.73,9.5823,9.4169,8.7834,8.0329,7.264,6.4914,5.716,4.9391,4.0989,3.3932
10.0,10.0,10.0,10.0,1.7133,10.0,10.0,1.6349,10.0,10.0,10.0,10.0,10.0,10.0,10.0,10.0,10.0,10.0,1.4334,3.1943,2.4874,2.9238,10.0,10.0,10.0,10.0,7.7391,2.2369,1.1998,7.2877,0.9626,10.0,10.0,10.0,0.5246,10.0,10.0,10.0,10.0,10.0,10.0,10.0,10.0,0.8822,10.0,10.0,10.0,10.0,10.0,10.0,0.9949,10.0,10.0,10.0,10.0,10.0,10.0,10.0,10.0,10.0
10.0,10.0,10.0,10.0,10.0,10.0,10.0,10.0,10.0,10.0,10.0,10.0,10.0,10.0,10.0,10.0,10.0,10.0,10.0,10.0,10.0,10.0,10.0,10.0,1.2,10.0,10.0,10.0,10.0,10.0,10.0,10.0,10.0,10.0,10.0,10.0,10.0,0.9415,10.0,10.0,10.0,10.0,10.0,10.0,3.2383,10.0,10.0,10.0,6.4436,10.0,10.0,10.0,1.5319,4.9729,1.802,5.1122,4.5015,3.8897,3.2801,2.6723
10.0,10.0,10.0,10.0,10.0,10.0,10.0,10.0,10.0,10.0,0.8563,10.0,10.0,10.0,10.0,10.0,10.0,10.0,0.9758,10.0,10.0,10.0,10.0,10.0,10.0,10.0,0.8237,10.0,10.0,10.0,1.1158,10.0,2.0589,10.0,10.0,10.0,10.0,10.0,10.0,9.947,10.0,2.5842,10.0,10.0,2.829,10.0,10.0,7.2008,2.8178,3.2458,10.0,10.0,10.0,10.0,0.1456,0.9727,10.0,10.0,10.0,10.0
10.0,10.0,10.0,10.0,10.0,2.1848,10.0,10.0,2.0383,10.0,10.0,10.0,10.0,10.0,10.0,0.752,10.0,10.0,0.9014,10.0,10.0,10.0,10.0,10.0,10.0,10.0,10.0,1.9113,10.0,10.0,10.0,10.0,10.0,10.0,10.0,10.0,1.9983,3.2233,5.5555,10.0,2.1282,10.0,10.0,8.9429,10.0,10.0,10.0,2.381,10.0,10.0,10.0,10.0,10.0,10.0,10.0,7.0664,1.3167,5.4328,10.0,3.1801
10.0,10.0,2.8369,10.0,5.9341,10.0,2.4828,10.0,2.7507,2.7735,1.0764,5.4964,6.9023,9.1726,5.9474,4.2903,7.1336,3.911,10.0,10.0,10.0,10.0,10.0,10.0,10.0,10.0,1.7225,10.0,1.3803,10.0,10.0,1.4032,10.0,10.0,10.0,10.0,10.0,10.0,10.0,8.6352,7.0309,7.1166,7.0482,6.9798,6.9115,6.8431,6.07,4.6041,10.0,0.7128,6.4697,6.3581,0.9253,5.4236,4.9045,3.6188,3.8593,3.3347,2.8122,2.291
10.0,10.0,10.0,10.0,10.0,0.9006,10.0,10.0,10.0,10.0,10.0,10.0,10.0,10.0,10.0,10.0,10.0,10.0,2.7004,10.0,2.1171,1.0351,0.7234,10.0,1.0104,10.0,10.0,10.0,10.0,10.0,10.0,10.0,0.6143,10.0,10.0,10.0,10.0,10.0,10.0,10.0,10.0,10.0,0.8941,10.0,10.0,10.0,10.0,10.0,10.0,0.6646,10.0,10.0,10.0,10.0,10.0,10.0,2.1068,4.1431,10.0,2.4344
10.0,10.0,10.0,10.0,10.0,10.0,10.0,10.0,10.0,10.0,10.0,10.0,10.0,10.0,10.0,0.7908,10.0,10.0,10.0,10.0,10.0,0.9206,10.0,10.0,10.0,10.0,10.0,1.1375,10.0,10.0,1.0932,10.0,10.0,10.0,10.0,10.0,10.0,10.0,10.0,1.6585,10.0,10.0,1.5337,10.0,10.0,10.0,10.0,10.0,10.0,10.0,10.0,5.6208,10.0,10.0,10.0,10.0,1.2522,10.0,10.0,2.9687
10.0,10.0,1.3493,10.0,10.0,1.4237,10.0,10.0,1.5849,10.0,10.0,10.0,1.4043,10.0,10.0,10.0,10.0,10.0,10.0,10.0,0.8184,10.0,10.0,10.0,10.0,10.0,0.7811,3.1498,10.0,6.8572,6.3174,10.0,9.1961,8.7277,10.0,3.8421,3.4003,9.3834,10.0,3.4657,10.0,5.7993,10.0,3.2654,2.8866,10.0,10.0,10.0,10.0,10.0,10.0,10.0,10.0,10.0,10.0,10.0,10.0,10.0,7.635,6.3734
10.0,10.0,10.0,10.0,10.0,10.0,10.0,10.0,5.3735,10.0,10.0,5.1122,5.5691,6.052,10.0,1.326,0.506,2.7184,1.3201,6.7879,10.0,2.165,10.0,10.0,10.0,10.0,10.0,10.0,5.592,10.0,1.5433,5.359,7.8828,6.6569,10.0,10.0,10.0,10.0,10.0,10.0,10.0,10.0,10.0,10.0,10.0,10.0,10.0,1.0718,10.0,10.0,10.0,10.0,1.7598,2.2208,2.4671,10.0,10.0,2.6583,10.0,2.4278
10.0,10.0,10.0,10.0,10.0,10.0,1.0933,10.0,10.0,10.0,10.0,10.0,1.7898,1.033,10.0,10.0,2.909,10.0,10.0,10.0,10.0,10.0,10.0,10.0,10.0,10.0,10.0,10.0,10.0,10.0,10.0,0.9275,10.0,10.0,10.0,10.0,10.0,10.0,10.0,10.0,10.0,10.0,2.8935,10.0,10.0,10.0,0.7187,10.0,6.5028,5.3702,0.6222,6.2803,5.8578,5.3573,4.8445,4.3292,3.8121,3.2939,2.7778,2.263
10.0,10.0,10.0,10.0,0.7913,10.0,10.0,10.0,10.0,10.0,10.0,10.0,10.0,10.0,10.0,10.0,1.2068,10.0,10.0,10.0,0.8953,10.0,10.0,10.0,10.0,10.0,10.0,10.0,0.8218,10.0,10.0,0.778,10.0,10.0,1.2422,10.0,10.0,1.4154,10.0,10.0,10.0,10.0,10.0,10.0,10.0,10.0,10.0,1.5105,10.0,10.0,10.0,1.5856,2.3913,10.0,0.1186,10.0,10.0,10.0,10.0,10.0
10.0,10.0,10.0,10.0,10.0,10.0,1.1977,10.0,10.0,10.0,10.0,10.0,10.0,10.0,10.0,10.0,10.0,10.0,10.0,10.0,10.0,10.0,10.0,10.0,10.0,1.0493,10.0,10.0,10.0,10.0,2.323,10.0,2.5384,10.0,10.0,10.0,10.0,10.0,10.0,6.0419,6.5325,7.023,7.5136,8.0203,10.0,10.0,10.0,10.0,10.0,10.0,10.0,10.0,10.0,2.9801,9.9254,1.0886,10.0,10.0,10.0,10.0
10.0,7.2316,10.0,10.0,10.0,10.0,10.0,10.0,10.0,10.0,10.0,10.0,10.0,10.0,8.9174,10.0,10.0,1.2022,6.0906,10.0,2.0641,2.2981,10.0,10.0,4.6365,4.2205,10.0,10.0,2.7387,2.226,10.0,10.0,9.5584,9.1347,9.1469,4.182,8.9667,8.8838,8.8009,8.7186,8.6363,1.0551,10.0,8.3897,8.3074,7.3083,8.143,5.5252,0.9682,3.8486,1.675,7.6423,7.1282,0.4188,5.7467,5.17,4.6389,4.0083,3.3802,1.8363
10.0,10.0,10.0,10.0,10.0,10.0,1.1984,10.0,10.0,10.0,10.0,10.0,10.0,1.4289,10.0,10.0,10.0,10.0,10.0,10.0,10.0,10.0,10.0,10.0,1.6206,10.0,10.0,10.0,10.0,10.0,10.0,0.852,10.0,10.0,10.0,10.0,0.7977,10.0,10.0,10.0,10.0,10.0,10.0,10.0,10.0,10.0,10.0,10.0,10.0,10.0,10.0,10.0,10.0,10.0,10.0,0.5617,1.0526,1.6234,10.0,2.6185
10.0,10.0,10.0,10.0,0.8061,10.0,10.0,10.0,10.0,10.0,10.0,10.0,0.3338,0.8456,10.0,10.0,10.0,10.0,10.0,10.0,10.0,10.0,10.0,10.0,10.0,10.0,10.0,10.0,10.0,10.0,10.0,10.0,10.0,10.0,1.1554,10.0,10.0,10.0,10.0,10.0,10.0,10.0,10.0,10.0,1.0396,10.0,3.7311,0.9301,10.0,10.0,10.0,3.2066,10.0,10.0,10.0,1.4438,3.854,4.7078,3.9701,3.2344
0.6672,10.0,10.0,0.9563,10.0,10.0,10.0,10.0,10.0,10.0,10.0,10.0,10.0,1.0929,10.0,10.0,10.0,10.0,10.0,0.6646,10.0,10.0,0.7291,10.0,10.0,10.0,10.0,10.0,10.0,1.5298,10.0,1.3019,5.2506,6.404,10.0,7.2235,10.0,9.1609,8.6143,5.1426,10.0,10.0,10.0,10.0,10.0,10.0,10.0,10.0,10.0,10.0,10.0,10.0,10.0,10.0,10.0,10.0,1.4044,10.0,10.0,10.0
10.0,10.0,10.0,10.0,10.0,10.0,4.3929,10.0,10.0,4.1224,4.59,10.0,10.0,10.0,10.0,10.0,10.0,0.9892,10.0,10.0,10.0,10.0,10.0,1.9604,10.0,10.0,10.0,2.4648,2.9673,10.0,10.0,5.0957,2.1662,3.6699,2.6141,1.6126,8.4829,7.0453,9.6974,10.0,10.0,10.0,10.0,10.0,10.0,1.4859,10.0,10.0,10.0,10.0,10.0,10.0,10.0,10.0,10.0,10.0,10.0,10.0,10.0,1.4145
10.0,1.8,10.0,10.0,10.0,10.0,10.0,10.0,1.5511,3.6622,6.9192,0.6308,10.0,10.0,10.0,10.0,10.0,10.0,10.0,4.1193,10.0,10.0,10.0,10.0,10.0,1.6847,10.0,10.0,10.0,10.0,10.0,10.0,1.0293,10.0,10.0,10.0,10.0,10.0,10.0,0.7836,2.9548,10.0,10.0,6.5352,6.6165,5.4211,6.4855,6.4201,6.3546,3.0746,6.1936,10.0,10.0,10.0,10.0,10.0,10.0,10.0,10.0,10.0
10.0,10.0,10.0,10.0,10.0,10.0,10.0,10.0,0.823,10.0,10.0,10.0,10.0,10.0,10.0,10.0,1.7824,10.0,10.0,1.7925,10.0,10.0,0.8067,10.0,10.0,0.9156,10.0,10.0,10.0,10.0,0.7941,10.0,10.0,10.0,10.0,0.9126,10.0,10.0,10.0,10.0,10.0,10.0,10.0,10.0,10.0,10.0,10.0,10.0,10.0,10.0,10.0,10.0,10.0,10.0,10.0,10.0,10.0,1.5225,10.0,10.0
10.0,10.0,10.0,10.0,10.0,0.8926,10.0,10.0,10.0,10.0,10.0,10.0,10.0,10.0,0.6141,0.2706,10.0,10.0,10.0,10.0,10.0,10.0,10.0,10.0,10.0,10.0,10.0,10.0,10.0,10.0,10.0,10.0,10.0,10.0,10.0,2.1742,10.0,10.0,2.8773,10.0,10.0,2.6302,10.0,10.0,10.0,10.0,10.0,10.0,10.0,10.0,10.0,10.0,1.0268,10.0,10.0,10.0,10.0,10.0,10.0,1.0396
10.0,10.0,10.0,2.3441,10.0,10.0,10.0,10.0,10.0,10.0,2.2792,10.0,10.0,10.0,10.0,1.0036,10.0,10.0,0.9075,10.0,10.0,10.0,1.2239,10.0,0.618,1.2449,10.0,10.0,4.1873,3.6926,3.1909,2.7123,10.0,10.0,10.0,10.0,1.8162,10.0,9.2736,1.9272,10.0,10.0,4.4011,6.3441,10.0,10.0,5.0682,1.4781,9.7153,10.0,10.0,10.0,10.0,7.5644,1.6974,7.7879,6.8577,5.9256,1.1733,3.8583
1.4888,1.949,10.0,10.0,10.0,2.1846,10.0,10.0,10.0,10.0,10.0,10.0,2.3935,10.0,10.0,3.8342,10.0,0.9744,1.9558,10.0,10.0,10.0,10.0,9.297,4.9297,5.4104,10.0,7.0914,2.6216,1.1322,6.1904,10.0,10.0,0.7386,10.0,10.0,10.0,10.0,10.0,10.0,0.8939,10.0,10.0,10.0,10.0,10.0,10.0,10.0,10.0,10.0,0.74,10.0,10.0,10.0,10.0,10.0,10.0,4.1732,4.3333,10.0
10.0,10.0,10.0,10.0,10.0,10.0,10.0,10.0,10.0,10.0,0.901,10.0,10.0,1.4562,0.5343,10.0,2.2688,10.0,10.0,10.0,10.0,10.0,10.0,10.0,10.0,10.0,10.0,10.0,10.0,10.0,0.8614,10.0,10.0,0.9672,10.0,10.0,10.0,10.0,10.0,10.0,0.8844,10.0,10.0,10.0,10.0,10.0,6.0092,10.0,10.0,10.0,0.6931,6.8361,6.3714,2.219,5.2692,2.4526,4.1463,3.5827,2.2567,2.4614
10.0,10.0,10.0,10.0,10.0,10.0,10.0,0.8207,10.0,10.0,10.0,10.0,10.0,10.0,10.0,10.0,10.0,10.0,10.0,10.0,10.0,0.5242,10.0,10.0,0.6808,0.3649,10.0,10.0,10.0,0.935,10.0,10.0,10.0,1.6293,10.0,10.0,1.789,10.0,10.0,1.9392,10.0,10.0,2.0894,10.0,10.0,7.1161,1.9631,10.0,10.0,10.0,10.0,5.4115,10.0,10.0,0.1319,10.0,10.0,1.4811,10.0,10.0
10.0,10.0,10.0,10.0,10.0,10.0,10.0,1.5983,10.0,10.0,10.0,10.0,10.0,0.4714,10.0,10.0,10.0,10.0,10.0,10.0,10.0,10.0,10.0,10.0,10.0,10.0,1.4609,10.0,10.0,2.3387,10.0,10.0,10.0,10.0,10.0,5.2823,10.0,10.0,2.1883,3.4577,4.6503,5.8428,3.0993,8.3054,8.3683,10.0,3.4472,10.0,10.0,3.3076,10.0,10.0,10.0,1.0612,10.0,9.6164,10.0,10.0,1.2007,10.0
5.4375,4.9007,4.401,9.3674,4.6712,6.8746,4.2032,9.8708,2.0543,10.0,3.8591,8.5305,10.0,10.0,1.9205,10.0,1.6156,1.9372,4.4534,2.9982,10.0,4.8079,4.3025,10.0,10.0,10.0,10.0,1.8284,10.0,10.0,10.0,10.0,10.0,10.0,10.0,0.9484,9.6022,8.4334,7.5842,7.6358,7.5637,7.4917,7.4197,7.3477,7.2757,0.844,10.0,7.0597,6.9878,0.7303,4.5452,1.3334,0.8969,0.4054,5.163,2.3482,4.0627,3.5105,2.9604,2.4118
10.0,10.0,0.929,10.0,10.0,10.0,10.0,10.0,10.0,10.0,10.0,10.0,1.007,10.0,10.0,10.0,10.0,10.0,10.0,10.0,3.58,2.5552,1.5076,1.1755,10.0,10.0,10.0,10.0,0.47,10.0,10.0,10.0,0.6838,10.0,10.0,10.0,10.0,10.0,10.0,0.8377,10.0,10.0,10.0,10.0,10.0,10.0,10.0,10.0,10.0,0.6281,10.0,10.0,10.0,10.0,10.0,2.8644,10.0,10.0,3.0444,10.0
10.0,10.0,10.0,10.0,10.0,10.0,10.0,10.0,10.0,10.0,10.0,0.9042,10.0,10.0,10.0,10.0,1.0082,10.0,10.0,1.0389,10.0,10.0,10.0,10.0,10.0,10.0,10.0,10.0,10.0,10.0,10.0,10.0,10.0,10.0,10.0,10.0,10.0,10.0,10.0,10.0,10.0,10.0,10.0,10.0,10.0,10.0,10.0,10.0,1.305,4.8377,10.0,1.001,10.0,10.0,10.0,10.0,10.0,10.0,3.2382,4.1504
10.0,10.0,10.0,10.0,10.0,10.0,10.0,10.0,10.0,1.1871,10.0,10.0,10.0,10.0,10.0,10.0,10.0,10.0,10.0,10.0,10.0,10.0,10.0,0.8774,10.0,10.0,1.4021,4.1958,1.969,2.2209,10.0,10.0,10.0,8.3503,7.832,7.3747,10.0,10.0,10.0,10.0,10.0,10.0,10.0,10.0,10.0,4.3705,3.8618,3.4624,10.0,10.0,10.0,10.0,10.0,6.506,1.0479,10.0,10.0,10.0,10.0,10.0
10.0,10.0,10.0,10.0,10.0,10.0,10.0,10.0,10.0,10.0,10.0,10.0,10.0,10.0,0.855,10.0,1.0707,10.0,10.0,1.1554,10.0,10.0,2.0496,10.0,10.0,10.0,10.0,10.0,10.0,10.0,1.2126,1.9842,1.7642,1.487,1.1383,8.9403,10.0,8.5057,10.0,10.0,10.0,1.2261,10.0,10.0,10.0,10.0,10.0,10.0,10.0,10.0,10.0,10.0,1.5345,10.0,10.0,10.0,2.2214,5.0898,2.025,10.0
10.0,10.0,10.0,10.0,10.0,10.0,10.0,10.0,10.0,1.1677,10.0,10.0,10.0,10.0,4.5411,4.034,10.0,10.0,10.0,10.0,2.2108,10.0,10.0,10.0,10.0,10.0,10.0,10.0,10.0,10.0,10.0,10.0,10.0,10.0,10.0,10.0,0.7931,10.0,10.0,10.0,10.0,2.8639,5.6938,10.0,10.0,10.0,6.3724,6.4466,6.3808,6.3151,1.7818,6.1118,5.7007,5.2136,4.7145,4.2131,3.7099,3.2056,2.7033,2.2023
10.0,0.6642,10.0,10.0,10.0,10.0,10.0,10.0,10.0,10.0,10.0,10.0,10.0,10.0,10.0,1.4512,10.0,10.0,10.0,10.0,0.6764,10.0,10.0,0.7249,10.0,10.0,10.0,10.0,10.0,10.0,10.0,10.0,10.0,10.0,10.0,10.0,10.0,10.0,10.0,10.0,10.0,1.153,10.0,10.0,1.2644,10.0,10.0,10.0,0.8871,10.0,7.5858,10.0,10.0,10.0,0.114,10.0,1.1283,10.0,10.0,10.0
10.0,10.0,10.0,10.0,10.0,10.0,10.0,10.0,10.0,10.0,10.0,10.0,1.0382,10.0,10.0,0.2617,10.0,10.0,10.0,10.0,10.0,10.0,10.0,10.0,10.0,10.0,10.0,10.0,10.0,10.0,10.0,10.0,1.8769,10.0,10.0,10.0,3.2117,3.7365,10.0,10.0,10.0,10.0,10.0,10.0,6.5713,7.0958,10.0,10.0,10.0,10.0,8.8467,9.2776,10.0,10.0,10.0,10.0,2.8285,10.0,10.0,10.0
3.7019,4.8659,10.0,10.0,5.1858,10.0,10.0,10.0,10.0,10.0,10.0,10.0,1.756,10.0,10.0,10.0,10.0,10.0,9.8428,1.0666,6.0606,1.6239,2.9933,10.0,1.6423,10.0,10.0,10.0,10.0,10.0,10.0,10.0,10.0,4.9705,1.3261,10.0,10.0,1.4001,10.0,9.8035,4.1377,9.6186,9.5261,9.4337,1.1724,9.208,9.1564,9.064,1.0325,2.0811,3.3282,8.5933,1.7057,7.3304,6.6287,1.316,5.2161,4.3993,3.8008,3.0965
10.0,10.0,10.0,10.0,10.0,10.0,10.0,10.0,10.0,10.0,1.4776,10.0,10.0,10.0,10.0,10.0,10.0,10.0,10.0,1.9558,10.0,10.0,5.8122,10.0,2.3369,10.0,3.9989,1.5383,10.0,10.0,10.0,10.0,10.0,10.0,0.5826,10.0,10.0,10.0,10.0,10.0,10.0,10.0,10.0,10.0,10.0,10.0,10.0,10.0,10.0,10.0,10.0,10.0,10.0,10.0,10.0,10.0,10.0,10.0,10.0,10.0
10.0,10.0,10.0,10.0,10.0,10.0,10.0,0.8262,10.0,10.0,10.0,10.0,10.0,10.0,10.0,1.3195,10.0,10.0,1.4176,10.0,10.0,10.0,10.0,10.0,10.0,10.0,10.0,10.0,10.0,10.0,10.0,10.0,10.0,10.0,10.0,10.0,10.0,0.9381,10.0,10.0,10.0,10.0,10.0,10.0,10.0,3.4438,10.0,10.0,10.0,6.6792,2.9413,10.0,10.0,10.0,5.8982,5.4409,4.791,4.1398,3.4911,2.8441
10.0,10.0,10.0,10.0,10.0,10.0,10.0,10.0,10.0,10.0,10.0,10.0,10.0,10.0,10.0,10.0,10.0,10.0,10.0,10.0,10.0,10.0,10.0,10.0,10.0,10.0,0.7618,1.0939,10.0,10.0,1.096,10.0,10.0,10.0,10.0,10.0,3.3353,10.0,10.0,3.4738,10.0,10.0,3.7888,10.0,10.0,10.0,3.7738,4.2028,10.0,10.0,10.0,10.0,10.0,10.0,10.0,10.0,10.0,10.0,9.1527,10.0
10.0,10.0,10.0,10.0,10.0,10.0,2.642,10.0,10.0,2.5003,10.0,10.0,10.0,10.0,1.5956,10.0,10.0,10.0,10.0,10.0,10.0,10.0,1.5689,10.0,10.0,10.0,10.0,10.0,10.0,10.0,10.0,10.0,10.0,10.0,3.0894,10.0,1.2481,10.0,6.0965,1.737,10.0,8.7618,10.0,10.0,10.0,10.0,1.9084,10.0,10.0,10.0,10.0,10.0,10.0,10.0,1.4636,10.0,10.0,10.0,5.6773,10.0
10.0,10.0,10.0,10.0,7.3445,6.1491,10.0,2.0064,3.4232,2.2714,10.0,10.0,3.5167,3.8341,2.5399,2.8182,10.0,10.0,10.0,4.6714,4.1564,3.6415,10.0,10.0,10.0,10.0,10.0,10.0,10.0,10.0,10.0,10.0,10.0,10.0,10.0,10.0,10.0,10.0,10.0,3.0347,9.5022,6.8191,0.7868,6.8195,6.7527,2.6776,6.6191,6.5523,6.4854,0.7264,6.3211,6.2121,5.7942,5.2991,4.7918,4.2822,3.7707,3.2582,2.7476,10.0
10.0,10.0,10.0,10.0,10.0,0.8985,10.0,10.0,10.0,10.0,10.0,10.0,10.0,10.0,10.0,10.0,10.0,2.2277,10.0,10.0,10.0,1.127,0.7441,10.0,10.0,10.0,10.0,10.0,10.0,10.0,10.0,10.0,10.0,10.0,10.0,10.0,10.0,10.0,10.0,10.0,10.0,10.0,10.0,10.0,10.0,0.9484,10.0,10.0,10.0,10.0,10.0,10.0,10.0,2.0065,10.0,10.0,10.0,6.6255,1.9665,10.0
10.0,10.0,10.0,10.0,10.0,10.0,10.0,10.0,0.8475,10.0,10.0,10.0,10.0,10.0,10.0,10.0,10.0,10.0,0.8479,10.0,10.0,10.0,10.0,10.0,10.0,10.0,10.0,10.0,10.0,10.0,10.0,10.0,10.0,10.0,10.0,10.0,1.9298,10.0,10.0,10.0,10.0,10.0,10.0,1.9908,10.0,10.0,1.8436,10.0,10.0,1.6964,10.0,10.0,5.6722,10.0,1.0683,10.0,10.0,10.0,10.0,10.0
10.0,10.0,10.0,10.0,10.0,10.0,10.0,10.0,10.0,10.0,10.0,10.0,10.0,10.0,10.0,10.0,10.0,10.0,10.0,10.0,0.6374,1.0636,10.0,10.0,0.98,2.4827,3.5723,10.0,10.0,5.2164,10.0,10.0,10.0,10.0,2.7357,10.0,10.0,9.1307,6.2736,10.0,10.0,2.4922,6.9487,10.0,4.3348,2.296,10.0,10.0,10.0,10.0,10.0,10.0,10.0,10.0,10.0,10.0,1.0223,7.5801,6.3923,5.2077
10.0,10.0,10.0,10.0,3.4,10.0,10.0,10.0,3.5987,10.0,10.0,3.4608,10.0,10.0,4.9135,10.0,0.5139,1.4894,3.1464,10.0,10.0,6.1681,6.6601,7.1627,10.0,4.1119,8.6439,10.0,1.378,0.7773,10.0,1.3558,10.0,10.0,10.0,10.0,10.0,0.9235,10.0,10.0,10.0,10.0,10.0,10.0,10.0,10.0,10.0,1.1179,10.0,10.0,0.753,10.0,10.0,10.0,2.6636,2.9261,10.0,10.0,3.095,10.0
10.0,10.0,10.0,0.9875,10.0,10.0,10.0,10.0,10.0,10.0,10.0,10.0,1.0769,10.0,3.1938,10.0,10.0,10.0,1.9189,10.0,1.6163,10.0,10.0,1.5428,10.0,10.0,10.0,10.0,10.0,10.0,10.0,10.0,10.0,10.0,10.0,10.0,10.0,10.0,10.0,10.0,10.0,10.0,10.0,0.7912,10.0,10.0,10.0,10.0,2.6007,6.5536,0.6022,6.4399,2.605,5.4935,2.8451,4.4393,3.1884,3.3777,2.8484,2.3205
10.0,10.0,10.0,10.0,0.7977,10.0,10.0,10.0,10.0,10.0,10.0,10.0,10.0,10.0,10.0,10.0,10.0,10.0,10.0,10.0,10.0,10.0,10.0,10.0,10.0,10.0,10.0,10.0,10.0,10.0,10.0,0.731,10.0,10.0,10.0,10.0,10.0,1.4298,10.0,10.0,1.4923,10.0,10.0,1.6547,10.0,10.0,10.0,10.0,10.0,10.0,8.0423,10.0,10.0,10.0,0.1226,10.0,10.0,10.0,1.0882,10.0
1.7142,10.0,10.0,1.3012,10.0,10.0,10.0,10.0,10.0,10.0,10.0,10.0,10.0,10.0,10.0,10.0,0.7141,10.0,10.0,10.0,10.0,10.0,10.0,10.0,10.0,10.0,10.0,10.0,10.0,10.0,10.0,2.7996,10.0,10.0,10.0,4.7876,5.2655,10.0,10.0,10.0,10.0,10.0,4.1648,4.64,10.0,6.3204,6.9036,7.3787,10.0,6.5153,7.0186,7.5213,9.6329,1.1792,4.7771,8.1896,10.0,10.0,10.0,10.0
10.0,10.0,10.0,10.0,10.0,10.0,10.0,10.0,10.0,3.7621,3.2832,2.8121,10.0,1.8102,10.0,1.4779,10.0,10.0,10.0,10.0,2.794,3.0618,1.5483,10.0,3.9603,10.0,10.0,10.0,10.0,2.2808,1.7885,10.0,7.6375,10.0,9.3535,8.3666,3.8134,8.3757,1.0022,8.2198,8.1423,8.0647,7.1798,7.9097,10.0,7.7547,7.6772,2.3679,7.5222,7.4447,3.4681,7.0316,6.5461,0.3823,5.5579,4.9667,4.3735,3.779,3.1868,2.5963
10.0,10.0,10.0,10.0,10.0,10.0,10.0,10.0,10.0,1.0906,10.0,10.0,10.0,10.0,10.0,10.0,10.0,10.0,10.0,10.0,10.0,10.0,1.417,1.1355,10.0,1.397,0.5358,10.0,0.4302,10.0,10.0,10.0,10.0,10.0,10.0,10.0,0.7981,10.0,10.0,10.0,10.0,10.0,10.0,10.0,10.0,10.0,10.0,10.0,10.0,10.0,10.0,10.0,10.0,10.0,10.0,0.5349,10.0,10.0,10.0,10.0
10.0,10.0,10.0,10.0,10.0,10.0,10.0,10.0,10.0,10.0,10.0,10.0,0.3593,10.0,10.0,10.0,10.0,1.1773,10.0,10.0,10.0,10.0,10.0,10.0,10.0,10.0,10.0,10.0,10.0,10.0,10.0,10.0,10.0,10.0,1.176,10.0,10.0,10.0,10.0,10.0,10.0,1.1392,10.0,10.0,1.0398,10.0,10.0,4.0611,10.0,10.0,10.0,0.8218,10.0,1.2547,10.0,10.0,10.0,3.5845,4.3768,3.5657
0.7124,10.0,10.0,10.0,10.0,10.0,1.0458,10.0,10.0,10.0,10.0,10.0,10.0,10.0,10.0,10.0,10.0,10.0,10.0,10.0,10.0,10.0,10.0,10.0,10.0,10.0,10.0,10.0,10.0,1.5142,7.7751,10.0,10.0,10.0,10.0,10.0,10.0,10.0,10.0,10.0,10.0,10.0,10.0,7.5496,7.0346,6.5197,6.0047,5.5028,5.0407,10.0,10.0,10.0,10.0,10.0,9.1666,10.0,10.0,10.0,10.0,10.0
10.0,10.0,10.0,10.0,10.0,10.0,10.0,10.0,10.0,10.0,10.0,10.0,7.3534,10.0,4.8083,1.9372,10.0,10.0,10.0,10.0,10.0,10.0,10.0,10.0,2.4239,10.0,2.6314,3.1513,3.6179,10.0,10.0,1.6855,10.0,2.1707,1.9149,0.8186,10.0,7.5377,1.2514,10.0,10.0,10.0,10.0,10.0,10.0,10.0,10.0,10.0,1.3797,10.0,10.0,1.0924,10.0,10.0,10.0,1.8436,10.0,1.6123,6.5981,10.0
10.0,10.0,10.0,10.0,10.0,1.4618,10.0,10.0,10.0,10.0,3.243,0.6208,1.3866,6.3308,10.0,10.0,10.0,4.3406,3.8598,10.0,2.8849,10.0,10.0,10.0,10.0,10.0,10.0,10.0,10.0,1.0254,10.0,10.0,1.1133,10.0,10.0,10.0,10.0,10.0,10.0,0.8294,10.0,10.0,10.0,10.0,6.4488,6.5222,2.5118,6.3919,6.3267,6.2615,6.1664,6.06,5.6523,5.1694,4.6745,10.0,10.0,10.0,2.6803,2.1836
10.0,10.0,10.0,10.0,10.0,10.0,10.0,10.0,10.0,10.0,10.0,0.7966,10.0,10.0,10.0,10.0,10.0,1.5496,10.0,10.0,10.0,10.0,10.0,10.0,10.0,10.0,10.0,0.6817,10.0,10.0,10.0,10.0,10.0,0.6198,10.0,10.0,10.0,10.0,1.0274,10.0,10.0,10.0,10.0,10.0,10.0,10.0,10.0,10.0,1.154,10.0,10.0,10.0,1.6987,5.09,0.1117,10.0,10.0,9.118,10.0,10.0
10.0,10.0,0.9813,10.0,10.0,10.0,10.0,10.0,10.0,10.0,10.0,10.0,10.0,10.0,10.0,0.2384,10.0,10.0,10.0,10.0,0.9976,10.0,10.0,0.94,10.0,10.0,1.042,10.0,1.4493,10.0,10.0,1.4259,10.0,1.7564,10.0,10.0,2.6146,10.0,10.0,10.0,3.8379,4.4638,10.0,3.5742,10.0,10.0,3.4555,10.0,10.0,3.3368,10.0,10.0,0.8549,10.0,10.0,2.84,10.0,10.0,10.0,10.0
2.1103,10.0,2.7985,10.0,10.0,2.9393,10.0,10.0,10.0,2.7505,10.0,10.0,10.0,1.3344,10.0,10.0,10.0,10.0,0.8088,1.2184,6.8165,10.0,8.2737,1.4165,10.0,5.6326,10.0,10.0,10.0,10.0,10.0,10.0,10.0,1.7729,10.0,10.0,8.4626,10.0,5.0232,10.0,1.4897,10.0,10.0,1.5888,10.0,5.4259,10.0,1.3779,2.4966,2.9977,10.0,8.3561,9.2817,1.2585,7.7332,6.9107,6.0852,5.2581,4.1909,3.6124
10.0,10.0,10.0,10.0,10.0,10.0,10.0,10.0,10.0,10.0,10.0,1.9244,10.0,10.0,10.0,10.0,10.0,0.9773,2.7141,10.0,10.0,10.0,4.6815,3.9076,10.0,10.0,2.5415,0.9473,4.7954,10.0,7.5986,10.0,10.0,10.0,0.5347,10.0,10.0,10.0,10.0,10.0,10.0,10.0,10.0,0.8936,10.0,10.0,10.0,10.0,10.0,10.0,0.9847,10.0,10.0,10.0,10.0,10.0,10.0,10.0,10.0,10.0
1.1311,10.0,10.0,10.0,10.0,10.0,10.0,10.0,10.0,10.0,0.8682,10.0,10.0,10.0,0.5711,10.0,10.0,1.804,10.0,10.0,10.0,1.2141,10.0,10.0,1.1534,10.0,10.0,10.0,10.0,10.0,10.0,10.0,10.0,10.0,10.0,10.0,10.0,10.0,10.0,10.0,0.8418,10.0,10.0,10.0,3.2073,10.0,10.0,6.2093,10.0,2.7388,0.7179,10.0,1.5445,6.1073,5.5227,4.9353,1.9784,3.7551,3.1667,1.7774
10.0,10.0,10.0,10.0,10.0,10.0,10.0,10.0,10.0,10.0,0.8891,10.0,10.0,10.0,10.0,10.0,10.0,10.0,0.8987,10.0,10.0,0.673,10.0,10.0,10.0,0.3516,10.0,0.4559,10.0,10.0,10.0,10.0,0.8822,10.0,10.0,2.2615,10.0,10.0,2.4063,10.0,10.0,10.0,8.4759,10.0,10.0,2.3412,1.7308,10.0,10.0,6.277,2.8322,10.0,10.0,10.0,0.1396,0.9161,10.0,10.0,10.0,6.5508
10.0,2.0708,10.0,10.0,10.0,10.0,10.0,10.0,10.0,10.0,10.0,1.9356,10.0,10.0,10.0,10.0,10.0,10.0,10.0,10.0,10.0,10.0,10.0,10.0,10.0,10.0,10.0,10.0,10.0,10.0,10.0,10.0,10.0,10.0,10.0,10.0,10.0,1.7078,3.6863,6.3896,6.4723,2.6164,10.0,10.0,2.473,10.0,10.0,10.0,10.0,10.0,10.0,10.0,10.0,10.0,6.7969,3.4226,10.0,10.0,10.0,8.8552
3.841,3.3858,10.0,10.0,5.3061,2.9293,9.1325,3.2256,3.2466,4.9267,4.4639,10.0,10.0,2.3903,10.0,2.091,1.5876,1.8616,3.4625,10.0,10.0,10.0,10.0,10.0,10.0,10.0,10.0,10.0,10.0,10.0,10.0,1.3346,10.0,10.0,10.0,10.0,6.4195,10.0,3.2351,7.2252,7.3041,7.2345,7.165,7.0955,2.8212,0.8115,6.8869,6.8174,2.1227,0.7068,5.8003,1.3751,0.8935,0.4249,2.8566,4.4554,3.9233,3.39,2.8588,2.329
10.0,10.0,0.9532,10.0,10.0,10.0,10.0,10.0,10.0,10.0,10.0,10.0,10.0,10.0,10.0,10.0,10.0,10.0,10.0,3.167,2.8282,1.003,10.0,10.0,10.0,10.0,10.0,10.0,10.0,0.7541,10.0,10.0,0.6041,10.0,10.0,10.0,10.0,10.0,10.0,10.0,10.0,10.0,0.8793,10.0,10.0,10.0,10.0,10.0,10.0,0.6483,10.0,10.0,10.0,10.0,2.4133,10.0,10.0,10.0,4.6221,10.0
10.0,10.0,10.0,10.0,10.0,10.0,10.0,10.0,10.0,10.0,10.0,0.8241,10.0,10.0,10.0,10.0,10.0,10.0,10.0,10.0,10.0,10.0,10.0,10.0,10.0,10.0,10.0,10.0,10.0,10.0,10.0,10.0,10.0,1.2541,10.0,1.5264,10.0,10.0,10.0,10.0,10.0,10.0,1.5493,10.0,10.0,1.3912,10.0,10.0,1.3124,10.0,5.2202,10.0,10.0,2.979,10.0,10.0,1.1781,10.0,10.0,10.0
10.0,10.0,1.3064,10.0,10.0,1.4746,10.0,10.0,10.0,10.0,10.0,10.0,1.3987,10.0,1.0554,10.0,10.0,0.8607,10.0,10.0,0.872,10.0,10.0,10.0,10.0,1.0563,0.8257,2.4071,2.691,10.0,7.9057,10.0,10.0,10.0,10.0,10.0,9.1633,4.4423,7.2823,10.0,10.0,4.2444,3.8544,10.0,10.0,10.0,10.0,10.0,8.5185,8.0209,1.8767,1.4013,10.0,10.0,0.9809,1.4351,10.0,10.0,10.0,7.4145
10.0,10.0,10.0,10.0,10.0,10.0,10.0,10.0,10.0,10.0,10.0,10.0,10.0,10.0,10.0,10.0,0.5022,4.341,1.3512,10.0,1.6584,10.0,10.0,10.0,3.0264,10.0,10.0,4.5461,10.0,1.833,1.9994,3.8548,10.0,8.2357,7.0,10.0,10.0,10.0,10.0,10.0,10.0,10.0,10.0,10.0,1.133,10.0,10.0,10.0,10.0,10.0,10.0,1.2415,1.7194,2.0003,10.0,10.0,2.217,2.649,10.0,10.0
10.0,10.0,10.0,10.0,10.0,10.0,1.0707,10.0,10.0,10.0,10.0,10.0,3.2246,0.9716,3.9094,10.0,10.0,10.0,10.0,2.0542,10.0,1.7361,10.0,10.0,1.7436,10.0,10.0,10.0,0.9597,10.0,10.0,10.0,10.0,10.0,10.0,10.0,10.0,10.0,10.0,10.0,10.0,10.0,10.0,10.0,10.0,10.0,0.7136,2.5132,6.4712,6.4045,6.3072,2.9226,3.7318,4.5944,4.7813,4.2727,3.7624,3.251,2.7415,2.2335
10.0,10.0,10.0,10.0,10.0,10.0,10.0,10.0,10.0,10.0,10.0,10.0,10.0,10.0,10.0,10.0,10.0,10.0,10.0,1.2215,0.8451,10.0,10.0,0.8012,10.0,10.0,10.0,10.0,10.0,10.0,10.0,0.769,10.0,10.0,10.0,10.0,10.0,10.0,10.0,10.0,10.0,10.0,10.0,10.0,10.0,10.0,10.0,10.0,0.9249,10.0,10.0,1.562,10.0,10.0,0.1165,10.0,10.0,10.0,1.7418,10.0
10.0,10.0,10.0,10.0,10.0,10.0,10.0,10.0,10.0,1.1075,10.0,10.0,10.0,10.0,10.0,0.2812,10.0,10.0,10.0,10.0,10.0,10.0,1.0255,10.0,10.0,1.091,10.0,10.0,10.0,10.0,10.0,2.0452,10.0,10.0,2.8635,3.3682,3.8728,4.3748,4.8767,5.3785,5.8802,6.3819,10.0,10.0,10.0,10.0,10.0,10.0,10.0,10.0,10.0,10.0,10.0,9.7907,10.0,10.0,10.0,5.6865,10.0,10.0
10.0,10.0,10.0,10.0,10.0,10.0,4.813,4.2751,3.7512,10.0,10.0,10.0,10.0,10.0,1.346,10.0,10.0,10.0,10.0,1.8617,10.0,10.0,10.0,1.0599,10.0,4.2061,3.7052,3.2241,2.6792,10.0,10.0,10.0,9.9166,9.7069,1.3192,9.4326,9.339,9.2526,9.1663,8.1904,8.9948,1.1005,8.8236,8.7379,1.1864,8.5667,2.7022,8.3955,1.017,8.2242,8.0993,2.1165,2.4957,6.7898,6.1398,5.3672,4.7804,1.4807,3.5205,2.8681
10.0,10.0,10.0,1.2737,10.0,10.0,10.0,10.0,10.0,10.0,10.0,10.0,10.0,1.3957,1.9238,10.0,10.0,3.4217,3.8997,4.378,10.0,10.0,10.0,1.8675,2.3865,4.2801,1.8358,10.0,10.0,10.0,10.0,0.8249,10.0,10.0,10.0,10.0,10.0,10.0,10.0,10.0,10.0,10.0,10.0,10.0,10.0,10.0,0.8823,10.0,10.0,10.0,10.0,10.0,10.0,10.0,10.0,0.5811,1.0509,1.5357,2.045,2.5715
10.0,10.0,10.0,10.0,0.8113,10.0,10.0,10.0,10.0,10.0,10.0,10.0,0.3205,0.812,1.1075,10.0,10.0,10.0,1.4199,10.0,10.0,10.0,10.0,1.0835,10.0,10.0,1.15,10.0,10.0,10.0,10.0,10.0,0.9507,10.0,10.0,10.0,10.0,10.0,10.0,10.0,10.0,10.0,10.0,10.0,10.0,10.0,10.0,0.8912,10.0,10.0,10.0,10.0,10.0,10.0,10.0,10.0,5.1566,4.4625,3.7632,3.0658
0.7078,10.0,10.0,0.9997,10.0,10.0,10.0,10.0,10.0,10.0,10.0,10.0,10.0,10.0,10.0,10.0,10.0,10.0,10.0,0.8156,10.0,10.0,10.0,10.0,10.0,0.7113,10.0,10.0,1.3112,10.0,10.0,1.333,3.6291,10.0,10.0,10.0,4.935,10.0,10.0,5.2446,10.0,10.0,3.6577,5.2354,10.0,10.0,10.0,10.0,10.0,10.0,10.0,10.0,10.0,10.0,10.0,10.0,1.3464,0.8888,10.0,10.0
10.0,10.0,10.0,10.0,3.4104,10.0,10.0,10.0,3.6096,10.0,10.0,3.4714,10.0,10.0,10.0,10.0,10.0,10.0,10.0,10.0,1.1504,10.0,10.0,10.0,10.0,10.0,1.9786,10.0,10.0,10.0,3.9586,10.0,10.0,6.0263,4.1219,1.4984,5.2371,10.0,10.0,10.0,10.0,10.0,1.5682,10.0,10.0,10.0,10.0,10.0,10.0,10.0,10.0,10.0,10.0,3.5447,1.3563,10.0,10.0,3.985,7.9115,10.0
2.2975,10.0,10.0,10.0,10.0,10.0,10.0,6.8294,4.0862,2.9599,1.839,1.8429,10.0,10.0,10.0,6.5944,10.0,10.0,10.0,10.0,10.0,10.0,10.0,10.0,2.1605,10.0,10.0,1.268,10.0,10.0,1.196,10.0,10.0,10.0,10.0,10.0,10.0,10.0,10.0,10.0,10.0,10.0,6.7007,6.7184,6.6526,6.5867,6.5209,6.4551,6.3893,0.7085,6.2274,10.0,5.7083,5.2205,4.7208,4.2187,3.7148,3.2098,10.0,10.0
10.0,10.0,10.0,10.0,10.0,10.0,10.0,10.0,0.8327,10.0,10.0,10.0,10.0,10.0,10.0,10.0,10.0,10.0,1.9913,10.0,1.4548,10.0,10.0,10.0,10.0,0.8489,10.0,10.0,10.0,10.0,10.0,10.0,10.0,10.0,10.0,0.99,10.0,10.0,10.0,10.0,10.0,10.0,10.0,10.0,10.0,10.0,10.0,10.0,10.0,10.0,10.0,10.0,10.0,10.0,10.0,1.7106,10.0,1.5158,10.0,10.0
10.0,10.0,10.0,10.0,10.0,0.9232,10.0,10.0,10.0,10.0,10.0,10.0,10.0,10.0,10.0,0.3023,10.0,10.0,10.0,10.0,10.0,10.0,10.0,10.0,10.0,10.0,10.0,10.0,10.0,1.2095,10.0,10.0,1.2963,10.0,1.6713,10.0,10.0,2.3944,10.0,10.0,10.0,10.0,10.0,10.0,10.0,10.0,10.0,2.3142,10.0,10.0,2.1699,10.0,10.0,5.6542,10.0,10.0,10.0,10.0,10.0,0.9739
10.0,1.6875,10.0,10.0,1.9227,10.0,10.0,1.9934,10.0,10.0,10.0,10.0,10.0,10.0,10.0,10.0,10.0,10.0,0.9346,10.0,10.0,1.0306,10.0,10.0,0.619,3.2574,10.0,10.0,10.0,10.0,10.0,10.0,10.0,7.2869,6.7694,2.2797,10.0,10.0,10.0,1.9665,10.0,4.8379,2.0283,10.0,10.0,5.5341,1.8204,10.0,10.0,10.0,10.0,10.0,10.0,10.0,1.7071,8.2702,7.4654,6.4507,5.4398,4.4318
10.0,10.0,2.4295,10.0,10.0,10.0,2.632,10.0,10.0,2.5037,10.0,10.0,10.0,2.852,10.0,10.0,1.7561,10.0,10.0,8.7808,2.2484,2.7625,3.2568,3.751,4.2565,10.0,10.0,6.3708,3.378,4.5052,5.5336,6.5449,1.1526,0.7547,10.0,10.0,10.0,10.0,10.0,10.0,0.9134,10.0,10.0,10.0,10.0,10.0,10.0,10.0,10.0,10.0,0.732,10.0,10.0,10.0,10.0,10.0,3.6336,3.8741,10.0,3.5258
10.0,10.0,10.0,10.0,10.0,10.0,10.0,10.0,10.0,10.0,10.0,10.0,10.0,10.0,0.5488,10.0,10.0,10.0,10.0,1.4488,10.0,10.0,1.354,10.0,10.0,1.3773,10.0,0.9331,10.0,10.0,10.0,10.0,10.0,0.9498,10.0,10.0,10.0,10.0,10.0,10.0,10.0,10.0,10.0,0.7724,10.0,10.0,10.0,10.0,10.0,10.0,0.6244,6.6622,6.2141,2.2271,5.1391,2.4463,4.044,3.4943,2.9467,2.4006
10.0,10.0,10.0,10.0,10.0,10.0,10.0,0.8097,10.0,10.0,10.0,10.0,10.0,10.0,1.1417,10.0,10.0,1.0898,10.0,10.0,10.0,0.4892,10.0,10.0,10.0,0.3919,10.0,10.0,10.0,1.0044,10.0,10.0,10.0,10.0,10.0,10.0,10.0,10.0,10.0,10.0,10.0,10.0,10.0,10.0,10.0,10.0,1.9232,1.2758,10.0,10.0,1.9158,2.3704,10.0,1.0602,0.1279,10.0,10.0,1.4587,10.0,10.0
10.0,10.0,10.0,10.0,10.0,10.0,10.0,10.0,10.0,10.0,1.4897,10.0,10.0,0.5364,10.0,10.0,10.0,10.0,10.0,10.0,10.0,1.1883,10.0,10.0,1.1759,10.0,10.0,10.0,1.8466,10.0,10.0,10.0,10.0,10.0,10.0,10.0,10.0,10.0,6.7379,2.6766,3.8552,4.4242,5.6297,9.6505,4.0531,10.0,8.9695,3.9658,10.0,10.0,10.0,10.0,6.2166,1.0998,3.1758,5.0377,10.0,10.0,10.0,10.0
10.0,6.683,6.1876,5.7222,10.0,10.0,10.0,2.5252,4.85,10.0,10.0,10.0,10.0,10.0,7.7092,10.0,1.6587,1.1437,1.4086,10.0,2.4882,10.0,10.0,10.0,10.0,2.8115,2.3103,10.0,10.0,10.0,1.8067,10.0,10.0,10.0,10.0,9.7227,8.6691,3.5048,1.0557,7.8337,6.5329,7.6859,7.612,3.0834,7.4643,10.0,3.7431,7.2427,6.3444,7.095,6.9872,6.8666,6.4047,0.3955,5.2968,4.7334,4.168,3.6015,2.2133,2.4743
10.0,10.0,10.0,10.0,10.0,10.0,10.0,10.0,10.0,10.0,10.0,10.0,1.0061,10.0,10.0,10.0,10.0,10.0,10.0,10.0,10.0,4.0286,2.2226,10.0,10.0,10.0,0.5708,0.8968,0.4531,10.0,10.0,10.0,10.0,10.0,10.0,10.0,10.0,10.0,10.0,0.8307,10.0,10.0,10.0,10.0,10.0,10.0,10.0,10.0,10.0,10.0,10.0,10.0,10.0,10.0,10.0,0.6251,3.3387,10.0,10.0,10.0
10.0,0.929,10.0,10.0,10.0,10.0,10.0,10.0,10.0,10.0,10.0,10.0,10.0,10.0,10.0,10.0,0.9478,10.0,10.0,1.0404,10.0,10.0,10.0,10.0,10.0,0.9343,10.0,10.0,10.0,10.0,10.0,0.9809,10.0,10.0,10.0,10.0,10.0,10.0,1.2322,10.0,10.0,10.0,10.0,10.0,10.0,10.0,10.0,10.0,4.43,10.0,10.0,0.8455,3.1391,10.0,6.6457,10.0,10.0,10.0,1.2425,4.0082
10.0,10.0,10.0,10.0,10.0,10.0,10.0,10.0,10.0,1.1424,10.0,10.0,10.0,10.0,10.0,10.0,10.0,10.0,10.0,10.0,10.0,10.0,10.0,10.0,10.0,10.0,1.4167,1.6917,1.9447,10.0,10.0,10.0,10.0,10.0,9.8564,9.3542,8.898,10.0,10.0,10.0,10.0,10.0,10.0,10.0,10.0,10.0,10.0,10.0,10.0,10.0,10.0,10.0,10.0,10.0,10.0,10.0,10.0,10.0,10.0,1.0202
10.0,10.0,10.0,10.0,10.0,10.0,10.0,10.0,10.0,10.0,10.0,10.0,10.0,10.0,0.8508,6.8334,10.0,10.0,10.0,1.2077,10.0,10.0,10.0,10.0,10.0,2.9125,3.3915,3.8957,4.395,10.0,1.2317,6.3989,10.0,10.0,1.0792,0.8395,10.0,10.0,10.0,10.0,10.0,1.1787,10.0,10.0,10.0,10.0,10.0,10.0,10.0,10.0,10.0,10.0,1.5364,10.0,10.0,1.7853,4.6762,10.0,10.0,10.0
10.0,10.0,1.3834,10.0,10.0,10.0,10.0,10.0,10.0,10.0,10.0,1.4146,10.0,10.0,10.0,4.7003,4.1994,3.699,3.2016,10.0,10.0,2.4022,10.0,2.2001,10.0,10.0,1.2493,10.0,10.0,10.0,10.0,10.0,10.0,10.0,10.0,10.0,0.7938,10.0,10.0,10.0,10.0,2.9088,10.0,10.0,10.0,6.4185,6.48,5.3161,6.3491,6.2837,1.7708,6.0815,5.6724,5.1877,4.6911,4.1922,3.6914,3.1897,2.6898,2.1914
10.0,0.6676,10.0,10.0,10.0,10.0,10.0,10.0,10.0,10.0,10.0,0.8153,10.0,10.0,10.0,1.3958,10.0,10.0,1.3641,10.0,0.6794,10.0,10.0,10.0,10.0,10.0,0.664,10.0,10.0,10.0,10.0,10.0,10.0,0.5514,10.0,10.0,10.0,10.0,10.0,10.0,10.0,1.1319,10.0,10.0,10.0,10.0,10.0,10.0,10.0,10.0,9.9682,7.1925,4.8366,2.5857,0.1129,8.4282,6.2825,10.0,10.0,1.4719
10.0,10.0,10.0,10.0,10.0,10.0,10.0,10.0,10.0,10.0,10.0,10.0,1.0238,10.0,10.0,0.2519,10.0,0.8257,10.0,10.0,10.0,10.0,10.0,10.0,10.0,10.0,10.0,10.0,10.0,10.0,1.6093,10.0,10.0,10.0,2.2275,10.0,10.0,10.0,10.0,4.0998,4.6206,10.0,10.0,10.0,5.8611,6.3081,6.916,10.0,5.9985,10.0,5.3572,10.0,10.0,10.0,10.0,10.0,10.0,1.0677,10.0,10.0
10.0,3.2434,10.0,3.9022,10.0,10.0,4.2146,10.0,10.0,10.0,10.0,10.0,10.0,10.0,10.0,10.0,1.1128,10.0,0.7745,10.0,1.414,5.6337,3.6967,1.8359,10.0,10.0,10.0,10.0,10.0,10.0,10.0,5.996,5.4212,10.0,10.0,9.7748,10.0,1.3556,10.0,4.5499,9.2275,10.0,10.0,9.9625,9.6505,9.7672,9.6696,9.572,1.0877,3.7609,2.5707,9.075,8.4646,2.0509,7.0003,6.2557,5.5085,4.569,4.0139,3.27
10.0,10.0,10.0,10.0,10.0,10.0,10.0,1.5876,10.0,10.0,10.0,10.0,10.0,10.0,10.0,10.0,10.0,10.0,1.4586,1.9883,2.4352,10.0,10.0,10.0,10.0,2.0789,2.5021,10.0,1.2081,10.0,0.9961,10.0,10.0,10.0,0.5448,10.0,10.0,10.0,10.0,10.0,10.0,10.0,10.0,0.8752,10.0,10.0,10.0,10.0,10.0,10.0,10.0,10.0,10.0,10.0,10.0,10.0,10.0,10.0,10.0,10.0
10.0,10.0,10.0,10.0,10.0,10.0,10.0,0.8383,10.0,10.0,10.0,10.0,10.0,10.0,10.0,10.0,1.5347,10.0,10.0,10.0,10.0,10.0,10.0,10.0,10.0,10.0,10.0,10.0,10.0,10.0,10.0,10.0,10.0,10.0,10.0,10.0,10.0,0.9094,10.0,10.0,10.0,10.0,10.0,10.0,10.0,10.0,10.0,10.0,10.0,10.0,10.0,10.0,10.0,6.3099,4.5824,5.2282,4.6037,3.9779,3.3546,2.7329
10.0,10.0,10.0,10.0,10.0,10.0,10.0,10.0,10.0,10.0,0.8685,10.0,10.0,10.0,10.0,0.9636,10.0,10.0,10.0,10.0,10.0,10.0,10.0,10.0,10.0,10.0,0.7982,10.0,10.0,10.0,1.0813,10.0,2.0369,10.0,2.7212,10.0,10.0,2.8621,10.0,10.0,3.0026,10.0,10.0,10.0,10.0,8.2182,10.0,10.0,3.7452,10.0,10.0,10.0,10.0,10.0,0.1496,10.0,10.0,10.0,6.3366,9.2826
10.0,10.0,2.4872,10.0,10.0,2.1553,10.0,10.0,10.0,10.0,10.0,10.0,2.4055,10.0,10.0,0.7412,10.0,10.0,0.8368,10.0,10.0,10.0,1.5706,10.0,10.0,1.5484,10.0,1.8621,10.0,10.0,10.0,10.0,4.3769,10.0,10.0,3.5497,1.2485,5.1193,10.0,10.0,2.1582,10.0,10.0,2.0096,10.0,10.0,10.0,10.0,10.0,10.0,2.2641,10.0,10.0,10.0,1.4959,10.0,1.2875,10.0,10.0,3.2328
9.3203,8.7659,9.1224,2.3343,10.0,5.4563,2.4781,3.8877,10.0,9.9258,1.0607,3.9823,3.5129,5.9869,2.5441,2.8508,2.3345,10.0,10.0,10.0,10.0,10.0,10.0,10.0,10.0,10.0,1.7335,10.0,1.4177,10.0,10.0,1.4412,10.0,10.0,10.0,10.0,10.0,6.1397,10.0,9.6027,7.0575,7.0485,0.8027,5.7565,6.8453,6.7776,6.7098,6.6421,3.2461,10.0,6.4078,5.5415,5.8736,5.3717,4.1016,3.6089,3.8224,3.3028,2.7853,2.2691
10.0,10.0,10.0,10.0,10.0,0.8856,10.0,10.0,10.0,10.0,10.0,10.0,10.0,10.0,10.0,10.0,10.0,10.0,2.7268,10.0,2.1386,10.0,0.7307,10.0,1.0436,10.0,10.0,10.0,10.0,10.0,10.0,10.0,0.621,10.0,10.0,10.0,10.0,10.0,10.0,10.0,10.0,10.0,0.9039,10.0,10.0,10.0,10.0,10.0,10.0,10.0,10.0,10.0,10.0,10.0,10.0,10.0,10.0,10.0,1.974,7.6042
10.0,10.0,10.0,10.0,10.0,10.0,10.0,10.0,0.858,10.0,10.0,10.0,10.0,10.0,10.0,0.8361,10.0,10.0,10.0,10.0,10.0,10.0,10.0,10.0,10.0,10.0,10.0,1.1475,10.0,10.0,1.0659,10.0,10.0,10.0,10.0,10.0,2.1032,10.0,10.0,1.6807,10.0,10.0,10.0,10.0,10.0,10.0,10.0,10.0,10.0,10.0,10.0,10.0,10.0,10.0,10.0,10.0,10.0,6.0385,10.0,3.0101
10.0,10.0,10.0,10.0,10.0,1.4952,10.0,10.0,1.553,10.0,10.0,10.0,10.0,10.0,10.0,10.0,10.0,10.0,10.0,10.0,0.8367,10.0,10.0,10.0,1.0358,1.7715,0.8027,10.0,10.0,10.0,10.0,10.0,10.0,10.0,10.0,10.0,3.3547,10.0,10.0,8.3954,2.9751,10.0,5.3482,4.8452,2.7732,2.4776,10.0,10.0,10.0,10.0,10.0,10.0,10.0,10.0,9.7918,10.0,10.0,10.0,7.2038,5.8689
10.0,10.0,10.0,10.0,10.0,10.0,4.3846,10.0,10.0,10.0,4.5813,10.0,10.0,10.0,6.5288,1.2977,0.5088,10.0,10.0,10.0,10.0,2.1187,2.6527,10.0,10.0,10.0,10.0,10.0,10.0,0.781,1.5724,7.4721,9.093,10.0,10.0,10.0,10.0,0.9529,10.0,10.0,10.0,10.0,10.0,10.0,10.0,10.0,10.0,1.05,10.0,10.0,10.0,10.0,10.0,2.1923,2.4931,10.0,10.0,2.6193,10.0,2.3922
10.0,10.0,10.0,1.0251,10.0,10.0,10.0,10.0,10.0,10.0,10.0,10.0,1.7981,10.0,10.0,10.0,10.0,2.4074,10.0,10.0,10.0,10.0,10.0,1.5244,10.0,10.0,10.0,10.0,10.0,10.0,10.0,10.0,10.0,10.0,10.0,10.0,10.0,10.0,10.0,10.0,10.0,10.0,2.894,10.0,10.0,10.0,0.7226,10.0,6.4632,5.4152,0.5919,6.3383,5.9119,3.312,4.8892,3.6599,3.8473,3.3243,2.8034,2.2839
10.0,10.0,10.0,10.0,0.7935,10.0,10.0,10.0,10.0,10.0,10.0,10.0,10.0,10.0,10.0,10.0,10.0,10.0,10.0,10.0,10.0,10.0,10.0,10.0,10.0,10.0,10.0,10.0,0.8203,10.0,10.0,0.7592,10.0,10.0,1.2711,10.0,10.0,1.3812,10.0,10.0,10.0,10.0,10.0,10.0,10.0,10.0,9.0697,1.4739,10.0,10.0,10.0,7.6846,10.0,5.5131,0.1201,3.6278,10.0,10.0,1.0708,10.0
10.0,10.0,10.0,1.3444,10.0,10.0,1.1988,10.0,10.0,10.0,10.0,10.0,10.0,10.0,10.0,10.0,10.0,10.0,10.0,10.0,10.0,10.0,10.0,10.0,10.0,10.0,10.0,1.4115,10.0,10.0,10.0,10.0,10.0,3.0269,3.5386,4.026,4.5132,10.0,10.0,10.0,10.0,10.0,8.2759,8.7604,9.263,10.0,10.0,10.0,7.1531,7.6376,8.1348,8.6369,10.0,10.0,10.0,10.0,10.0,2.9055,5.7321,10.0
10.0,10.0,10.0,10.0,10.0,10.0,10.0,10.0,10.0,10.0,10.0,10.0,9.8717,9.3909,10.0,10.0,10.0,9.0401,1.5354,4.3652,10.0,10.0,1.5231,5.1275,4.7006,10.0,10.0,10.0,10.0,2.2542,8.4974,10.0,10.0,9.5088,8.76,8.8506,8.7628,7.4204,8.6008,8.5203,8.4399,1.0918,3.4177,5.7302,8.1185,8.0382,7.9578,7.8775,1.0018,7.7168,1.6908,7.4685,6.9661,0.3764,1.7554,5.1483,4.5333,3.9171,3.3033,1.7966
10.0,10.0,10.0,10.0,10.0,10.0,1.1849,10.0,10.0,10.0,10.0,10.0,10.0,10.0,10.0,10.0,10.0,10.0,10.0,10.0,10.0,10.0,10.0,1.1365,1.6081,10.0,10.0,10.0,0.8187,10.0,10.0,10.0,10.0,10.0,10.0,10.0,0.7978,10.0,10.0,10.0,10.0,10.0,10.0,10.0,10.0,10.0,10.0,10.0,10.0,10.0,10.0,10.0,10.0,10.0,10.0,0.5511,1.1085,10.0,10.0,10.0
10.0,10.0,10.0,10.0,0.8042,10.0,10.0,10.0,10.0,10.0,10.0,10.0,0.3431,10.0,10.0,10.0,10.0,1.1243,10.0,10.0,10.0,10.0,10.0,10.0,10.0,10.0,10.0,10.0,10.0,10.0,10.0,10.0,10.0,10.0,1.1204,10.0,10.0,10.0,10.0,10.0,10.0,10.0,10.0,10.0,1.0042,10.0,10.0,10.0,10.0,10.0,10.0,3.2491,7.0729,1.2571,10.0,1.4996,3.9344,4.7998,4.1164,3.3535
0.6839,10.0,10.0,0.9801,10.0,10.0,1.1102,10.0,10.0,10.0,10.0,10.0,10.0,1.1002,10.0,10.0,0.8869,10.0,10.0,0.6218,10.0,10.0,0.7277,10.0,10.0,10.0,10.0,10.0,10.0,1.5009,2.8828,5.7059,10.0,10.0,9.7043,10.0,6.6386,10.0,10.0,10.0,10.0,10.0,10.0,10.0,10.0,10.0,10.0,10.0,10.0,10.0,4.0728,3.5148,1.1056,10.0,10.0,9.0702,10.0,10.0,10.0,10.0
10.0,10.0,10.0,10.0,10.0,10.0,10.0,4.8829,5.3861,10.0,10.0,5.0746,10.0,4.4113,3.1908,10.0,10.0,0.947,10.0,10.0,10.0,10.0,10.0,10.0,10.0,2.1538,10.0,10.0,10.0,10.0,4.593,10.0,10.0,2.8804,10.0,8.0647,10.0,9.3038,10.0,10.0,10.0,10.0,10.0,10.0,10.0,1.4951,10.0,10.0,10.0,10.0,10.0,10.0,10.0,10.0,3.9178,1.8448,10.0,1.6608,4.2797,1.3712
10.0,1.8376,10.0,10.0,10.0,1.4706,10.0,10.0,1.5734,4.3762,2.5405,0.6271,10.0,10.0,10.0,10.0,10.0,5.1061,10.0,10.0,3.6394,10.0,10.0,10.0,10.0,1.7242,10.0,10.0,10.0,10.0,10.0,10.0,1.0241,10.0,10.0,10.0,10.0,10.0,10.0,0.7796,2.9048,10.0,10.0,9.6596,6.6071,6.5417,6.4763,6.4109,6.3456,6.2802,6.1848,6.0781,10.0,10.0,10.0,10.0,10.0,10.0,10.0,10.0
10.0,10.0,10.0,10.0,10.0,10.0,10.0,10.0,10.0,10.0,10.0,10.0,10.0,10.0,10.0,10.0,1.8508,10.0,10.0,10.0,10.0,10.0,0.8497,10.0,10.0,10.0,10.0,10.0,10.0,10.0,0.7382,10.0,10.0,10.0,10.0,0.9316,10.0,10.0,10.0,10.0,10.0,10.0,10.0,10.0,10.0,10.0,10.0,10.0,10.0,10.0,10.0,10.0,1.6958,10.0,0.2081,10.0,10.0,10.0,10.0,7.4222
10.0,10.0,10.0,10.0,10.0,0.908,10.0,10.0,10.0,10.0,10.0,10.0,10.0,10.0,0.6088,0.2547,10.0,10.0,10.0,10.0,10.0,10.0,10.0,10.0,10.0,10.0,10.0,10.0,10.0,10.0,10.0,10.0,10.0,10.0,10.0,2.1437,10.0,10.0,10.0,3.3727,10.0,10.0,3.0546,10.0,10.0,2.9156,10.0,10.0,2.7766,10.0,10.0,2.6333,1.0187,10.0,5.628,2.8533,10.0,10.0,10.0,10.0
10.0,10.0,10.0,2.3193,10.0,10.0,2.4621,10.0,10.0,10.0,10.0,10.0,10.0,10.0,10.0,10.0,10.0,10.0,10.0,10.0,10.0,6.4324,1.1966,10.0,0.6188,1.2172,10.0,4.7208,10.0,10.0,10.0,2.7273,2.2002,10.0,9.3698,10.0,1.8085,10.0,10.0,10.0,10.0,10.0,10.0,1.5825,5.9359,10.0,10.0,1.4602,3.4027,9.2615,8.7815,10.0,7.9454,1.2816,8.3158,7.4314,6.5437,5.6543,1.1489,3.8541
1.4496,10.0,10.0,10.0,10.0,2.1748,10.0,10.0,2.029,10.0,10.0,10.0,10.0,10.0,10.0,10.0,10.0,0.9564,10.0,10.0,2.9458,3.4424,3.9198,10.0,10.0,10.0,5.4022,2.9755,1.9064,1.1673,10.0,7.9517,10.0,0.7833,10.0,10.0,10.0,10.0,10.0,10.0,0.9316,10.0,10.0,10.0,10.0,10.0,10.0,10.0,10.0,10.0,10.0,10.0,10.0,10.0,10.0,10.0,10.0,10.0,4.6146,4.8144
10.0,10.0,10.0,10.0,10.0,10.0,10.0,10.0,10.0,10.0,0.8888,10.0,10.0,1.4752,0.527,1.9791,10.0,10.0,10.0,10.0,10.0,10.0,10.0,10.0,10.0,10.0,10.0,10.0,10.0,10.0,10.0,10.0,10.0,10.0,10.0,10.0,10.0,10.0,10.0,10.0,0.8241,10.0,10.0,10.0,10.0,10.0,10.0,10.0,10.0,2.8063,0.7028,6.7902,5.2615,5.9346,5.3666,4.7958,4.223,3.6489,3.0771,2.5069
10.0,10.0,10.0,10.0,10.0,10.0,10.0,0.8298,10.0,10.0,10.0,10.0,10.0,10.0,10.0,10.0,10.0,10.0,10.0,10.0,10.0,0.5583,10.0,10.0,10.0,0.3508,10.0,10.0,10.0,0.9518,10.0,10.0,0.9341,1.6381,10.0,10.0,10.0,10.0,10.0,1.9629,10.0,10.0,2.0606,10.0,7.5784,10.0,10.0,10.0,10.0,10.0,2.8833,10.0,10.0,10.0,0.1348,10.0,10.0,10.0,10.0,10.0
10.0,10.0,10.0,10.0,1.7255,10.0,10.0,1.6299,10.0,10.0,10.0,10.0,10.0,0.4762,10.0,10.0,10.0,10.0,10.0,10.0,10.0,10.0,10.0,1.3472,10.0,10.0,1.4146,10.0,10.0,10.0,2.8308,10.0,10.0,4.3558,4.7954,10.0,10.0,10.0,2.8979,4.1746,5.3625,9.1838,3.1006,10.0,10.0,2.9595,10.0,10.0,10.0,10.0,10.0,10.0,4.6501,10.0,10.0,10.0,10.0,6.9862,1.1358,10.0
7.2935,6.785,6.3035,3.924,10.0,4.1883,7.1869,3.7241,5.4417,1.5567,10.0,10.0,10.0,10.0,10.0,6.0328,10.0,2.6588,10.0,5.8051,5.3181,10.0,10.0,10.0,10.0,10.0,10.0,10.0,10.0,1.5459,10.0,1.3675,10.0,10.0,10.0,0.9353,10.0,9.0614,7.4846,7.5398,7.4687,6.1794,7.3265,7.2554,7.1843,0.8296,7.0421,3.4778,2.0998,0.7218,6.7251,1.3365,0.8684,0.413,5.0981,2.3841,4.0117,2.6723,2.9232,2.3815
10.0,10.0,0.9098,10.0,10.0,10.0,10.0,10.0,10.0,10.0,10.0,10.0,1.0544,10.0,10.0,10.0,10.0,10.0,10.0,10.0,10.0,2.5371,10.0,1.207,10.0,10.0,10.0,10.0,0.4826,10.0,10.0,10.0,0.631,10.0,10.0,10.0,10.0,10.0,10.0,0.8446,10.0,10.0,10.0,10.0,10.0,10.0,10.0,10.0,10.0,0.6363,10.0,10.0,10.0,10.0,10.0,10.0,10.0,2.5519,10.0,10.0
10.0,10.0,10.0,10.0,10.0,10.0,10.0,10.0,10.0,10.0,10.0,0.8187,10.0,10.0,10.0,10.0,10.0,10.0,10.0,1.0849,10.0,10.0,10.0,10.0,10.0,10.0,10.0,10.0,10.0,10.0,10.0,10.0,10.0,10.0,10.0,1.5341,10.0,10.0,10.0,10.0,10.0,10.0,10.0,10.0,10.0,10.0,10.0,10.0,1.2778,4.8808,10.0,10.0,10.0,10.0,10.0,6.4581,10.0,10.0,3.2849,4.316
10.0,10.0,10.0,10.0,10.0,10.0,10.0,10.0,10.0,10.0,10.0,10.0,10.0,10.0,10.0,10.0,10.0,10.0,10.0,10.0,10.0,10.0,10.0,0.8374,10.0,1.0754,6.2169,10.0,10.0,10.0,10.0,9.2185,10.0,10.0,10.0,10.0,10.0,6.2399,5.8577,5.3701,10.0,10.0,10.0,10.0,10.0,10.0,10.0,10.0,2.8729,10.0,10.0,9.9032,10.0,10.0,0.9676,1.4678,9.4103,10.0,6.4619,10.0
10.0,10.0,10.0,10.0,10.0,10.0,10.0,10.0,10.0,10.0,10.0,10.0,10.0,10.0,10.0,10.0,0.5148,7.6121,10.0,10.0,10.0,10.0,10.0,2.5743,10.0,10.0,10.0,10.0,10.0,10.0,10.0,6.8837,1.7683,1.5098,10.0,7.3226,10.0,10.0,10.0,10.0,10.0,10.0,10.0,10.0,1.127,10.0,10.0,10.0,10.0,10.0,10.0,10.0,10.0,2.0283,10.0,10.0,2.2265,10.0,1.9878,10.0
10.0,10.0,10.0,10.0,10.0,10.0,10.0,10.0,10.0,1.1671,10.0,10.0,10.0,1.019,10.0,10.0,3.5587,3.0362,2.5271,10.0,10.0,10.0,1.9352,10.0,10.0,10.0,10.0,10.0,0.937,10.0,10.0,10.0,10.0,10.0,10.0,10.0,10.0,10.0,10.0,10.0,10.0,10.0,5.7033,10.0,10.0,10.0,6.4457,2.5218,6.4228,6.3566,6.2601,4.1195,5.0496,5.2479,4.7455,4.2408,3.7343,3.2267,2.721,2.2168
10.0,0.6644,10.0,10.0,10.0,10.0,10.0,10.0,10.0,10.0,10.0,10.0,10.0,10.0,10.0,10.0,10.0,10.0,10.0,1.1628,0.7414,10.0,10.0,0.7183,10.0,10.0,10.0,10.0,10.0,10.0,10.0,10.0,10.0,10.0,10.0,10.0,10.0,10.0,10.0,10.0,10.0,10.0,10.0,10.0,1.2266,10.0,10.0,10.0,0.8673,10.0,10.0,4.786,10.0,10.0,0.1151,10.0,1.1426,10.0,1.8043,10.0
10.0,10.0,10.0,10.0,10.0,10.0,10.0,10.0,10.0,1.1298,10.0,10.0,10.0,10.0,10.0,0.2692,10.0,10.0,10.0,10.0,10.0,10.0,1.0725,10.0,10.0,10.0,10.0,10.0,10.0,1.8733,10.0,10.0,10.0,10.0,10.0,10.0,10.0,10.0,10.0,4.7105,5.2268,5.7431,10.0,10.0,10.0,10.0,10.0,10.0,10.0,10.0,9.5789,10.0,6.0759,10.0,10.0,10.0,2.8416,10.0,10.0,10.0
10.0,10.0,6.1834,10.0,10.0,10.0,10.0,10.0,10.0,10.0,10.0,2.2621,10.0,10.0,10.0,10.0,10.0,10.0,10.0,1.0286,5.2964,10.0,1.8454,1.0519,10.0,9.7833,9.4284,10.0,10.0,9.9931,9.6283,9.3423,10.0,8.7784,1.2786,9.8971,9.7989,9.7083,9.6177,10.0,4.2402,9.3479,9.2581,4.7573,1.1364,8.9886,8.8253,8.8089,1.0357,8.6293,3.3508,8.3516,1.6601,7.1241,6.4422,1.3317,4.8683,4.3803,3.6939,3.0094
10.0,10.0,10.0,1.3341,10.0,10.0,10.0,10.0,10.0,10.0,1.5135,10.0,10.0,10.0,1.9227,2.3973,10.0,10.0,10.0,10.0,10.0,5.3651,10.0,10.0,1.6003,2.8564,1.8437,1.5489,10.0,10.0,10.0,10.0,10.0,10.0,10.0,10.0,10.0,10.0,10.0,10.0,10.0,10.0,10.0,10.0,10.0,10.0,0.889,10.0,10.0,10.0,10.0,10.0,10.0,10.0,10.0,10.0,10.0,10.0,10.0,10.0
10.0,10.0,10.0,10.0,10.0,10.0,10.0,0.8757,10.0,10.0,10.0,10.0,0.3363,0.8246,1.0708,1.3498,10.0,10.0,1.3812,10.0,1.1017,10.0,10.0,1.0381,10.0,10.0,1.2001,10.0,10.0,0.861,10.0,10.0,10.0,10.0,10.0,10.0,10.0,10.0,10.0,10.0,10.0,10.0,10.0,10.0,10.0,3.4505,10.0,0.9533,10.0,10.0,2.9819,10.0,10.0,10.0,10.0,4.2285,4.9349,1.5754,3.5959,2.9295
10.0,10.0,10.0,10.0,10.0,10.0,10.0,10.0,10.0,10.0,10.0,10.0,10.0,10.0,10.0,10.0,10.0,10.0,10.0,10.0,10.0,10.0,10.0,10.0,10.0,0.782,0.7876,1.0682,10.0,10.0,1.0905,10.0,10.0,3.1997,10.0,3.8317,10.0,10.0,3.9697,10.0,10.0,4.2831,10.0,10.0,2.6828,4.2687,4.717,10.0,10.0,10.0,10.0,10.0,3.3688,10.0,10.0,10.0,1.4131,6.2412,9.195,9.2514
10.0,10.0,10.0,2.944,10.0,10.0,10.0,10.0,10.0,10.0,3.0056,10.0,10.0,10.0,1.6298,10.0,10.0,10.0,10.0,10.0,1.2122,10.0,10.0,10.0,1.7265,10.0,10.0,10.0,10.0,10.0,10.0,10.0,10.0,10.0,10.0,3.0449,10.0,5.6975,10.0,1.679,8.3433,10.0,9.7708,10.0,10.0,10.0,1.9473,10.0,10.0,1.8086,10.0,10.0,10.0,10.0,1.4459,5.6249,10.0,7.6579,10.0,9.6031
10.0,10.0,10.0,10.0,1.8744,6.9009,5.6774,2.0167,10.0,10.0,10.0,1.8942,10.0,3.0526,2.5581,10.0,10.0,10.0,5.1733,10.0,10.0,10.0,3.1967,10.0,10.0,10.0,10.0,10.0,10.0,10.0,10.0,10.0,10.0,10.0,10.0,10.0,10.0,10.0,5.9706,3.0711,10.0,8.4551,0.7806,6.7927,5.5893,2.6329,6.593,6.5265,4.4153,0.7208,10.0,6.1876,5.7714,5.2782,4.773,4.2653,3.7558,3.2453,2.7368,10.0
10.0,10.0,10.0,10.0,10.0,10.0,10.0,10.0,10.0,10.0,10.0,10.0,10.0,10.0,10.0,10.0,10.0,2.2748,10.0,10.0,10.0,1.1411,10.0,10.0,10.0,10.0,10.0,10.0,10.0,10.0,10.0,10.0,10.0,10.0,10.0,10.0,10.0,10.0,10.0,10.0,10.0,10.0,10.0,10.0,10.0,0.9646,10.0,10.0,10.0,10.0,10.0,10.0,10.0,10.0,10.0,1.656,6.2205,9.1627,10.0,10.0
10.0,10.0,10.0,10.0,10.0,10.0,10.0,10.0,0.8595,10.0,10.0,10.0,10.0,10.0,10.0,10.0,10.0,10.0,0.8519,10.0,10.0,10.0,10.0,10.0,10.0,10.0,10.0,10.0,10.0,10.0,10.0,10.0,1.3636,10.0,10.0,10.0,10.0,10.0,10.0,10.0,2.115,10.0,10.0,1.9694,10.0,10.0,1.8651,10.0,10.0,10.0,10.0,10.0,10.0,10.0,1.062,10.0,10.0,10.0,5.8639,10.0
10.0,10.0,10.0,10.0,1.8974,10.0,10.0,10.0,10.0,10.0,10.0,1.8289,10.0,10.0,10.0,10.0,10.0,10.0,10.0,10.0,0.6457,1.0341,7.5819,10.0,0.9905,2.4799,10.0,6.1996,10.0,10.0,10.0,10.0,9.7409,10.0,10.0,10.0,9.9702,10.0,2.3837,8.207,10.0,10.0,10.0,6.4807,10.0,2.3192,1.9233,10.0,10.0,8.6626,10.0,10.0,10.0,10.0,10.0,6.9738,0.9982,7.1191,6.0035,4.891
10.0,10.0,10.0,2.9238,10.0,10.0,10.0,3.1188,10.0,10.0,2.9795,10.0,10.0,10.0,10.0,5.4006,10.0,7.8899,10.0,1.7857,10.0,10.0,10.0,10.0,10.0,10.0,10.0,5.7345,10.0,0.7788,10.0,5.9137,1.1203,10.0,10.0,10.0,10.0,0.9771,10.0,10.0,10.0,10.0,10.0,10.0,10.0,10.0,10.0,10.0,10.0,10.0,0.7464,10.0,10.0,10.0,10.0,3.1779,3.418,10.0,3.0678,3.5221
10.0,10.0,10.0,1.034,10.0,10.0,10.0,10.0,10.0,10.0,10.0,10.0,1.088,2.1601,10.0,10.0,10.0,10.0,1.9738,10.0,10.0,10.0,10.0,10.0,10.0,10.0,10.0,10.0,10.0,10.0,10.0,10.0,10.0,1.0251,10.0,10.0,10.0,10.0,10.0,10.0,10.0,10.0,10.0,0.763,10.0,5.9248,10.0,10.0,2.5754,6.5997,0.6118,1.7895,6.0974,5.5764,2.8829,4.5063,3.968,2.7475,2.8914,2.3556
10.0,10.0,10.0,10.0,10.0,10.0,10.0,10.0,10.0,10.0,10.0,10.0,10.0,10.0,1.1766,10.0,10.0,1.0267,10.0,10.0,10.0,0.5068,10.0,10.0,10.0,10.0,10.0,10.0,10.0,10.0,10.0,0.7578,10.0,10.0,10.0,10.0,10.0,10.0,10.0,10.0,1.5517,10.0,10.0,1.6258,10.0,10.0,10.0,10.0,10.0,8.4414,10.0,10.0,5.4836,1.086,0.1249,10.0,10.0,10.0,10.0,10.0
1.7458,10.0,10.0,1.3591,10.0,10.0,10.0,10.0,10.0,10.0,10.0,10.0,10.0,1.352,10.0,10.0,10.0,10.0,10.0,0.8005,10.0,1.2377,10.0,10.0,1.2082,10.0,10.0,10.0,10.0,10.0,10.0,10.0,3.2953,3.7826,4.2812,10.0,10.0,10.0,10.0,10.0,10.0,3.6654,4.888,5.3544,5.914,10.0,5.0758,5.5509,9.9324,9.7815,5.4384,5.9192,10.0,1.1891,10.0,6.5931,9.825,10.0,10.0,5.7691
6.0686,5.5344,7.8645,7.3823,4.0203,3.5567,10.0,10.0,10.0,10.0,10.0,9.7368,2.2879,1.8111,8.4443,1.4585,10.0,1.1571,1.4691,3.2555,3.5605,2.0185,10.0,4.4403,10.0,10.0,10.0,10.0,1.9918,10.0,1.7509,10.0,10.0,7.0432,9.8738,8.9085,8.1776,8.2403,0.9869,6.7377,8.0107,7.9344,7.8582,7.7819,5.4192,7.6294,7.5532,6.628,7.4007,7.3244,7.2132,7.0035,6.5702,0.3882,5.4681,4.8865,1.9032,3.718,3.1353,2.5543
10.0,10.0,10.0,10.0,10.0,10.0,10.0,10.0,10.0,1.0915,10.0,10.0,10.0,10.0,10.0,10.0,10.0,10.0,10.0,10.0,10.0,10.0,1.4486,10.0,10.0,1.428,0.5307,0.8754,0.4397,10.0,10.0,10.0,10.0,10.0,10.0,10.0,10.0,10.0,10.0,10.0,10.0,10.0,10.0,10.0,10.0,10.0,10.0,10.0,10.0,10.0,10.0,10.0,10.0,10.0,10.0,0.5605,10.0,10.0,4.3316,4.8414
10.0,10.0,10.0,10.0,10.0,10.0,10.0,10.0,10.0,10.0,10.0,10.0,0.3722,10.0,10.0,10.0,10.0,10.0,10.0,10.0,10.0,10.0,0.9549,10.0,10.0,10.0,10.0,10.0,0.9516,10.0,10.0,10.0,10.0,10.0,10.0,10.0,10.0,10.0,10.0,10.0,10.0,1.1151,10.0,10.0,10.0,10.0,10.0,10.0,10.0,10.0,10.0,0.8063,3.1662,1.3161,10.0,10.0,10.0,3.5501,1.2469,3.7321
10.0,10.0,10.0,10.0,10.0,10.0,1.0797,10.0,10.0,10.0,10.0,10.0,10.0,10.0,10.0,10.0,10.0,10.0,10.0,10.0,10.0,10.0,10.0,10.0,10.0,10.0,10.0,10.0,10.0,1.5188,1.7696,9.1074,10.0,10.0,9.8043,9.3048,10.0,10.0,9.9629,9.4561,10.0,10.0,10.0,10.0,10.0,10.0,10.0,10.0,10.0,10.0,10.0,10.0,10.0,10.0,7.6142,10.0,10.0,9.196,9.2276,9.2671
10.0,10.0,10.0,10.0,10.0,10.0,10.0,10.0,10.0,10.0,10.0,10.0,10.0,10.0,6.4566,3.5838,10.0,10.0,10.0,10.0,10.0,1.5923,10.0,10.0,10.0,10.0,10.0,3.1609,10.0,4.8753,10.0,2.7544,2.4398,2.1932,1.1416,0.8287,9.2988,9.9644,1.2916,10.0,9.7198,10.0,10.0,10.0,10.0,10.0,10.0,10.0,1.4241,10.0,10.0,1.0672,10.0,10.0,10.0,1.8056,10.0,10.0,10.0,4.6312
10.0,10.0,1.3795,10.0,10.0,10.0,10.0,10.0,10.0,10.0,3.9698,0.626,1.4252,10.0,10.0,10.0,10.0,10.0,10.0,10.0,2.8952,10.0,2.6778,10.0,10.0,10.0,10.0,10.0,10.0,1.0819,10.0,10.0,1.124,10.0,10.0,10.0,10.0,10.0,10.0,10.0,10.0,5.7768,10.0,10.0,10.0,6.549,2.5597,6.4181,6.3526,6.2872,4.18,6.0848,5.6755,5.1905,4.6937,4.1945,3.6935,3.1914,2.6913,2.1926
10.0,10.0,10.0,10.0,10.0,10.0,10.0,10.0,10.0,10.0,10.0,0.7949,10.0,10.0,10.0,10.0,10.0,1.5906,10.0,10.0,10.0,10.0,10.0,10.0,10.0,10.0,0.6695,0.6823,10.0,10.0,10.0,10.0,10.0,0.547,10.0,10.0,10.0,10.0,1.0296,10.0,10.0,10.0,10.0,10.0,10.0,10.0,10.0,10.0,1.1327,10.0,10.0,9.5159,7.3675,10.0,0.1125,10.0,9.1389,6.6318,4.5014,1.4132
10.0,10.0,1.0047,10.0,10.0,10.0,10.0,10.0,10.0,10.0,10.0,10.0,10.0,10.0,10.0,0.2441,10.0,0.758,10.0,10.0,1.0034,10.0,10.0,10.0,10.0,10.0,1.0368,10.0,1.4409,10.0,10.0,10.0,10.0,10.0,10.0,10.0,10.0,3.1141,10.0,10.0,10.0,4.3392,4.938,10.0,10.0,4.5359,10.0,10.0,4.399,10.0,3.7507,10.0,0.8568,10.0,10.0,5.5087,10.0,10.0,10.0,10.0
2.1198,10.0,10.0,10.0,3.4442,10.0,10.0,10.0,3.2419,10.0,10.0,10.0,10.0,1.3282,10.0,10.0,9.9698,9.199,0.7962,1.1993,9.6058,8.7322,10.0,1.3944,10.0,9.3992,8.693,7.9127,7.414,6.9325,6.6727,6.2729,10.0,1.7321,7.6646,9.2094,8.7201,8.0694,4.9808,9.4959,1.4668,10.0,7.5434,10.0,3.5139,10.0,10.0,1.3949,10.0,2.9877,9.8378,9.668,9.0177,8.2471,7.4577,6.6645,5.8684,5.0708,4.1099,3.4837
10.0,10.0,10.0,10.0,1.7022,10.0,10.0,10.0,10.0,10.0,10.0,10.0,10.0,10.0,10.0,10.0,10.0,10.0,1.4734,5.8192,3.7052,2.9869,3.4441,10.0,10.0,10.0,2.5268,0.9846,1.1983,7.3702,0.9818,10.0,10.0,10.0,0.5216,10.0,10.0,10.0,10.0,10.0,10.0,10.0,10.0,0.8892,10.0,10.0,10.0,10.0,10.0,10.0,0.9799,10.0,10.0,10.0,10.0,10.0,10.0,10.0,10.0,10.0
1.1535,10.0,10.0,10.0,10.0,10.0,10.0,10.0,10.0,10.0,0.9418,10.0,10.0,10.0,10.0,10.0,10.0,1.8316,10.0,10.0,10.0,10.0,10.0,10.0,1.1713,10.0,10.0,10.0,10.0,10.0,10.0,10.0,10.0,10.0,10.0,10.0,10.0,0.9796,10.0,10.0,0.8587,10.0,10.0,10.0,3.1971,10.0,10.0,10.0,6.4149,10.0,10.0,10.0,1.5149,4.9135,1.782,5.0589,2.0301,3.8492,3.246,1.8239
10.0,10.0,10.0,10.0,10.0,10.0,10.0,10.0,10.0,10.0,0.8518,10.0,10.0,10.0,10.0,10.0,10.0,10.0,0.9301,10.0,10.0,10.0,10.0,10.0,10.0,0.3636,10.0,0.4592,10.0,10.0,1.142,10.0,10.0,10.0,10.0,2.2889,10.0,10.0,2.3875,10.0,9.3672,2.531,10.0,10.0,9.4499,8.7581,1.7338,10.0,6.7847,3.2994,10.0,10.0,10.0,3.2911,0.1437,0.9133,10.0,10.0,10.0,6.5736
10.0,10.0,10.0,10.0,10.0,10.0,10.0,10.0,2.063,10.0,10.0,1.9385,10.0,10.0,10.0,0.7927,10.0,10.0,10.0,10.0,10.0,10.0,10.0,10.0,10.0,10.0,10.0,10.0,10.0,10.0,10.0,10.0,10.0,10.0,5.3876,10.0,4.023,2.5121,5.9456,8.6222,2.1884,7.5489,10.0,8.764,2.5149,10.0,10.0,2.3691,10.0,10.0,10.0,2.7619,10.0,5.0044,10.0,10.0,1.3648,9.8845,10.0,3.2179
8.3996,3.345,2.8283,6.4271,10.0,10.0,10.0,10.0,8.1974,2.7651,1.0903,4.0102,9.6697,9.3114,8.6914,2.0662,1.595,3.9068,10.0,5.2116,4.7391,10.0,3.7589,3.2511,2.7405,2.2292,10.0,10.0,1.3806,10.0,10.0,1.4227,10.0,10.0,10.0,10.0,6.4391,6.3727,3.3366,8.1592,7.198,7.1861,5.982,7.048,2.8661,0.8697,6.8408,6.7718,10.0,0.7027,6.5329,6.4202,0.916,3.3444,4.9524,4.4256,3.1273,3.3673,2.8396,2.3134
10.0,10.0,10.0,10.0,10.0,10.0,10.0,10.0,10.0,10.0,10.0,10.0,10.0,10.0,10.0,10.0,10.0,10.0,10.0,3.215,10.0,1.0191,0.7217,10.0,0.9948,10.0,10.0,10.0,10.0,0.7736,10.0,10.0,0.6125,10.0,10.0,10.0,10.0,10.0,10.0,10.0,10.0,10.0,0.8916,10.0,10.0,10.0,10.0,10.0,10.0,0.6607,10.0,10.0,10.0,10.0,10.0,10.0,2.0943,10.0,10.0,2.42
10.0,10.0,10.0,10.0,10.0,10.0,10.0,10.0,10.0,10.0,10.0,0.8334,10.0,10.0,10.0,0.7977,10.0,10.0,10.0,10.0,10.0,0.925,10.0,10.0,10.0,10.0,10.0,1.1824,10.0,10.0,1.1294,10.0,10.0,10.0,10.0,10.0,10.0,10.0,10.0,1.6831,10.0,10.0,1.5272,10.0,10.0,1.4384,10.0,10.0,10.0,10.0,10.0,5.5643,10.0,10.0,10.0,10.0,1.1965,10.0,10.0,3.0047
10.0,10.0,1.3162,10.0,10.0,1.4482,10.0,10.0,10.0,10.0,10.0,10.0,1.3738,10.0,1.0295,10.0,10.0,10.0,10.0,10.0,0.8413,10.0,10.0,10.0,10.0,1.0887,0.7966,9.5422,8.5637,10.0,10.0,5.8416,9.1425,8.5266,8.1472,3.8394,8.2292,8.7801,3.9776,7.7217,6.3174,10.0,3.7775,3.3866,10.0,10.0,9.8039,10.0,10.0,10.0,10.0,1.3861,6.9528,6.8141,6.7429,1.4888,6.6611,6.5748,7.8461,6.7603
10.0,10.0,10.0,10.0,10.0,10.0,10.0,10.0,10.0,5.9039,6.3934,10.0,10.0,10.0,8.3632,10.0,0.5065,2.7214,1.3252,8.0653,1.6538,10.0,10.0,10.0,10.0,3.5361,4.0424,10.0,10.0,10.0,1.5444,4.5851,8.4403,9.2403,9.8285,8.1047,8.7818,10.0,10.0,10.0,10.0,10.0,10.0,10.0,10.0,10.0,10.0,1.0906,10.0,10.0,10.0,1.2871,1.7175,10.0,2.5012,10.0,10.0,2.683,10.0,5.8967
10.0,10.0,10.0,10.0,10.0,10.0,1.0719,10.0,10.0,10.0,10.0,10.0,1.7999,1.0128,10.0,3.4339,10.0,10.0,10.0,10.0,10.0,1.7743,10.0,10.0,1.7945,10.0,10.0,10.0,10.0,10.0,10.0,0.9374,10.0,10.0,10.0,10.0,10.0,10.0,10.0,10.0,10.0,10.0,2.9809,5.5002,10.0,10.0,0.7196,6.5503,5.4907,6.4828,6.3844,2.9607,5.8522,5.3521,4.1373,4.325,3.8084,3.2908,2.7751,2.2608
10.0,10.0,10.0,10.0,10.0,10.0,10.0,10.0,10.0,10.0,10.0,10.0,10.0,10.0,10.0,10.0,1.185,10.0,10.0,10.0,0.8791,10.0,10.0,10.0,10.0,10.0,10.0,10.0,0.8622,10.0,10.0,0.7756,10.0,10.0,1.2677,10.0,10.0,10.0,10.0,10.0,10.0,10.0,10.0,10.0,10.0,10.0,10.0,8.8019,7.9319,10.0,5.0789,1.5428,2.385,10.0,0.1183,10.0,10.0,10.0,10.0,10.0
10.0,10.0,10.0,10.0,10.0,10.0,1.226,10.0,10.0,1.1478,10.0,10.0,10.0,10.0,10.0,10.0,10.0,10.0,10.0,10.0,10.0,10.0,10.0,10.0,10.0,1.0424,10.0,10.0,10.0,10.0,10.0,10.0,10.0,10.0,10.0,10.0,10.0,10.0,10.0,10.0,10.0,10.0,10.0,7.8315,8.2318,8.7621,9.1426,9.4685,9.7945,10.0,10.0,10.0,10.0,4.6339,10.0,1.0893,10.0,10.0,5.8042,10.0
10.0,10.0,6.8116,6.2786,10.0,10.0,10.0,10.0,10.0,10.0,10.0,10.0,10.0,10.0,9.1661,8.2903,7.7801,1.2323,8.6945,1.8502,2.0868,2.3233,10.0,1.0761,10.0,4.2177,3.7469,9.9303,2.7326,9.345,7.9905,10.0,6.5559,9.5059,9.3294,4.1746,7.8082,9.0611,6.3652,8.8926,7.7106,1.0705,6.0699,8.5571,4.4292,8.3894,8.3055,5.5817,0.9893,3.8732,1.6771,2.1486,7.2705,0.4539,6.0127,5.2025,4.7314,1.4749,3.4476,2.8087
10.0,10.0,10.0,1.3138,10.0,10.0,1.2316,10.0,10.0,10.0,10.0,10.0,10.0,1.4117,10.0,10.0,10.0,10.0,10.0,10.0,10.0,10.0,10.0,1.9024,3.1186,5.8247,10.0,10.0,10.0,10.0,10.0,0.8257,10.0,10.0,10.0,10.0,10.0,10.0,10.0,10.0,10.0,10.0,10.0,10.0,10.0,10.0,10.0,10.0,10.0,10.0,10.0,10.0,10.0,10.0,10.0,0.5715,1.0336,1.5829,2.0864,2.5531
10.0,10.0,10.0,10.0,0.8118,10.0,10.0,10.0,10.0,10.0,10.0,10.0,0.3301,0.8363,10.0,10.0,10.0,10.0,10.0,10.0,10.0,10.0,10.0,10.0,10.0,10.0,10.0,10.0,10.0,10.0,10.0,10.0,10.0,10.0,1.1879,10.0,10.0,10.0,10.0,10.0,10.0,10.0,10.0,10.0,1.0689,10.0,3.7539,0.9191,10.0,10.0,6.6164,3.2595,6.7392,10.0,10.0,1.4491,3.9342,4.6326,3.9066,3.1827
0.6794,10.0,10.0,0.9594,10.0,10.0,10.0,10.0,10.0,10.0,10.0,10.0,10.0,1.1285,10.0,10.0,10.0,10.0,10.0,0.7063,10.0,10.0,0.7748,10.0,10.0,10.0,10.0,10.0,1.3171,10.0,10.0,1.3109,10.0,10.0,5.9522,10.0,10.0,6.2623,7.7484,7.2806,7.6753,4.1729,8.6895,8.1719,7.6145,10.0,10.0,10.0,10.0,10.0,10.0,10.0,10.0,10.0,10.0,10.0,1.3767,0.8933,6.3405,6.3968
10.0,10.0,10.0,10.0,10.0,3.9184,10.0,10.0,10.0,4.1173,10.0,10.0,3.9793,10.0,10.0,10.0,10.0,10.0,10.0,10.0,10.0,10.0,10.0,1.9878,10.0,10.0,10.0,2.5033,2.9965,3.496,10.0,10.0,2.2001,3.6777,3.8053,1.5389,8.4145,8.8897,7.362,8.074,9.0943,10.0,1.6106,10.0,10.0,1.5351,10.0,10.0,10.0,10.0,10.0,10.0,10.0,10.0,1.4028,10.0,10.0,10.0,7.5743,1.4514
10.0,1.8593,10.0,10.0,10.0,10.0,10.0,10.0,1.6113,7.7036,1.8337,0.6371,7.8038,7.4791,10.0,10.0,10.0,10.0,10.0,10.0,10.0,10.0,10.0,10.0,10.0,10.0,10.0,10.0,10.0,10.0,10.0,10.0,10.0,10.0,10.0,10.0,10.0,10.0,10.0,0.791,10.0,10.0,9.8071,6.5998,5.628,5.4975,6.5317,6.4657,6.3998,0.7899,6.2377,10.0,10.0,5.2291,4.7286,4.2256,10.0,10.0,10.0,10.0
10.0,10.0,10.0,10.0,10.0,10.0,10.0,10.0,0.8287,10.0,10.0,10.0,10.0,10.0,10.0,10.0,1.8026,10.0,10.0,1.7827,1.4872,10.0,0.8177,10.0,10.0,0.8935,10.0,10.0,10.0,10.0,10.0,10.0,10.0,10.0,10.0,0.9402,10.0,10.0,10.0,10.0,10.0,10.0,10.0,10.0,10.0,10.0,10.0,10.0,10.0,10.0,10.0,10.0,10.0,10.0,10.0,8.601,9.5925,1.5072,9.5702,9.5702
10.0,10.0,10.0,10.0,10.0,0.8891,10.0,10.0,10.0,10.0,10.0,10.0,10.0,10.0,0.6215,0.2834,10.0,10.0,10.0,10.0,10.0,10.0,10.0,10.0,10.0,10.0,10.0,10.0,10.0,1.227,10.0,10.0,10.0,10.0,10.0,10.0,10.0,10.0,3.0135,10.0,10.0,2.5863,10.0,10.0,2.4446,10.0,10.0,2.3212,10.0,10.0,2.1593,10.0,10.0,10.0,5.804,10.0,5.907,5.907,10.0,0.9737
10.0,1.7475,10.0,10.0,10.0,10.0,10.0,10.0,10.0,10.0,2.31,10.0,10.0,10.0,10.0,1.0135,10.0,10.0,0.9048,10.0,8.041,7.2269,6.0782,8.7018,0.6217,10.0,10.0,9.7414,9.1505,9.6435,10.0,8.655,10.0,10.0,7.0218,6.3392,7.7672,7.3222,8.8421,1.9202,8.0022,7.4355,4.4811,10.0,10.0,10.0,1.8532,1.5314,9.6773,9.9996,9.9293,7.9621,7.7241,10.0,1.7103,8.0811,7.1159,6.1486,1.2156,3.9436
10.0,1.9459,10.0,10.0,10.0,10.0,10.0,10.0,10.0,2.5332,10.0,10.0,2.3897,10.0,3.367,10.0,1.7452,1.0322,1.9629,7.9075,8.3118,8.6112,8.846,9.0804,9.3115,9.3389,5.9219,5.9059,3.3594,1.139,8.8739,7.1632,7.9181,0.7488,10.0,10.0,10.0,10.0,10.0,10.0,0.9062,10.0,10.0,10.0,10.0,10.0,10.0,10.0,10.0,10.0,0.7298,10.0,10.0,10.0,10.0,10.0,10.0,4.1465,4.38,10.0
10.0,10.0,10.0,10.0,10.0,10.0,10.0,10.0,10.0,10.0,10.0,10.0,10.0,1.4575,0.5428,10.0,2.2669,10.0,10.0,1.4852,10.0,10.0,1.4062,10.0,10.0,10.0,10.0,0.9537,10.0,10.0,0.8682,10.0,10.0,0.9659,10.0,10.0,10.0,10.0,10.0,10.0,10.0,10.0,10.0,0.7855,10.0,10.0,6.074,6.0025,5.9309,5.8594,0.7129,5.5311,6.3459,2.2088,5.2481,2.4413,4.1297,3.5684,2.2463,2.4516
10.0,10.0,10.0,10.0,10.0,10.0,10.0,0.8211,10.0,10.0,10.0,10.0,10.0,10.0,1.2207,10.0,10.0,10.0,10.0,10.0,10.0,0.5088,10.0,10.0,0.6851,0.3769,10.0,10.0,10.0,0.9659,10.0,10.0,10.0,1.6556,10.0,10.0,1.8179,10.0,10.0,1.9705,10.0,10.0,10.0,9.9722,8.1909,7.3608,1.9018,1.3076,8.0625,7.2693,10.0,2.4077,10.0,1.1594,0.1311,10.0,10.0,1.4721,10.0,10.0
10.0,10.0,10.0,10.0,10.0,10.0,10.0,1.6279,10.0,10.0,1.5143,10.0,10.0,0.472,10.0,10.0,10.0,10.0,10.0,10.0,10.0,1.2107,10.0,10.0,10.0,10.0,10.0,10.0,1.8409,10.0,10.0,10.0,10.0,10.0,10.0,10.0,5.792,10.0,2.2103,3.3889,3.9576,5.1608,6.3653,3.5897,7.75,9.3213,3.4776,10.0,10.0,10.0,3.8288,10.0,10.0,1.0588,8.5204,9.0984,9.0773,10.0,3.0323,10.0
6.6961,6.2093,5.7067,5.2131,7.3917,4.7255,10.0,10.0,2.0507,10.0,3.9044,9.7369,9.0935,7.9715,1.9579,8.7736,1.6325,1.9533,3.684,3.0179,10.0,10.0,10.0,3.8145,3.3481,10.0,10.0,1.8181,10.0,10.0,1.8514,10.0,10.0,10.0,6.9297,0.9661,6.8238,3.5491,7.8296,7.7563,6.5165,5.6145,7.5368,3.142,6.6282,7.3174,10.0,7.1712,7.098,0.7414,6.9182,1.3947,0.9382,0.404,5.2445,2.3839,4.1269,3.5659,2.2332,2.4499
10.0,10.0,0.9488,10.0,10.0,10.0,10.0,10.0,10.0,10.0,10.0,10.0,0.9875,10.0,10.0,10.0,10.0,10.0,10.0,10.0,10.0,3.2602,1.5127,1.166,10.0,10.0,10.0,0.9229,0.4662,10.0,10.0,10.0,0.6921,10.0,10.0,10.0,10.0,10.0,10.0,0.8401,10.0,10.0,10.0,10.0,10.0,10.0,10.0,10.0,10.0,0.6555,10.0,10.0,10.0,10.0,10.0,10.0,10.0,10.0,3.1,3.5676
10.0,0.9371,10.0,10.0,10.0,10.0,10.0,10.0,10.0,10.0,10.0,10.0,10.0,10.0,10.0,10.0,0.9904,10.0,10.0,1.0247,10.0,10.0,10.0,10.0,10.0,0.9619,10.0,10.0,10.0,10.0,10.0,0.9863,10.0,10.0,10.0,10.0,10.0,10.0,1.2746,10.0,10.0,10.0,10.0,10.0,10.0,10.0,10.0,10.0,10.0,4.6919,5.6037,0.8973,10.0,6.6026,10.0,10.0,10.0,10.0,1.3186,4.1665
10.0,10.0,10.0,10.0,10.0,10.0,10.0,10.0,10.0,1.1694,10.0,10.0,10.0,10.0,10.0,10.0,10.0,10.0,10.0,10.0,10.0,10.0,10.0,10.0,10.0,10.0,1.4073,5.8675,1.9786,2.2527,8.776,8.776,8.6632,8.3864,8.0016,7.2144,6.8312,8.1738,7.5628,7.0668,6.7471,6.4951,7.6109,5.3995,4.8897,4.4968,10.0,10.0,10.0,10.0,10.0,10.0,9.2958,6.5277,6.5478,9.3061,9.2958,9.2958,8.6444,6.5053
10.0,10.0,10.0,10.0,10.0,10.0,10.0,10.0,10.0,10.0,10.0,10.0,10.0,10.0,0.8434,8.2739,1.0983,10.0,10.0,1.1777,10.0,10.0,2.0882,10.0,10.0,10.0,10.0,10.0,10.0,10.0,1.2277,2.007,3.6049,1.5162,1.1217,6.9363,7.9381,9.1836,9.833,10.0,10.0,1.2083,10.0,10.0,10.0,10.0,10.0,10.0,10.0,10.0,10.0,10.0,1.5117,10.0,10.0,10.0,2.2244,10.0,10.0,6.6915
10.0,10.0,10.0,10.0,10.0,10.0,10.0,10.0,10.0,1.2007,10.0,2.8742,4.8071,10.0,4.5569,10.0,10.0,10.0,10.0,10.0,2.2108,10.0,10.0,2.2258,10.0,10.0,1.2959,10.0,10.0,10.0,10.0,10.0,10.0,10.0,10.0,10.0,0.7986,10.0,10.0,10.0,10.0,2.8694,5.7464,5.6817,5.6171,5.5524,5.4877,5.3868,6.4106,6.3445,1.7893,5.4528,5.7273,5.2379,4.7365,4.2327,3.7272,3.2205,2.7159,2.2126
10.0,0.6699,10.0,10.0,10.0,10.0,10.0,10.0,10.0,10.0,10.0,10.0,10.0,10.0,10.0,1.4007,10.0,10.0,1.4101,10.0,0.6752,10.0,10.0,10.0,10.0,10.0,0.722,10.0,10.0,10.0,10.0,10.0,10.0,10.0,10.0,10.0,10.0,10.0,10.0,10.0,10.0,1.1405,10.0,10.0,1.3006,10.0,10.0,10.0,0.9078,10.0,10.0,8.5827,8.5628,8.5628,0.1144,6.9789,1.1547,4.1496,10.0,10.0
10.0,10.0,10.0,10.0,10.0,10.0,10.0,10.0,10.0,10.0,10.0,10.0,1.0299,10.0,10.0,0.2596,10.0,10.0,10.0,10.0,10.0,10.0,10.0,10.0,10.0,10.0,10.0,10.0,10.0,10.0,10.0,10.0,1.913,10.0,10.0,2.7358,3.2735,10.0,10.0,10.0,10.0,10.0,5.6285,6.1631,6.5105,6.8089,7.2209,7.4559,7.4355,7.415,7.0405,6.5105,2.8216,10.0,10.0,10.0,2.8992,1.0761,10.0,5.6945
10.0,10.0,4.4165,10.0,10.0,4.7297,10.0,10.0,10.0,10.0,10.0,10.0,1.8167,10.0,10.0,10.0,1.0937,8.8723,7.1968,1.1035,1.413,1.6515,3.0038,9.7549,1.6703,9.256,8.9371,8.5884,10.0,7.5116,6.9214,6.3189,5.7117,5.0146,4.9655,10.0,10.0,1.3894,5.5135,4.479,6.6262,8.204,5.2163,7.3449,6.7612,3.1013,9.4108,4.6463,1.0602,2.0917,2.5398,8.8321,8.238,2.0712,6.8129,1.3513,5.3611,4.4472,3.9064,3.1825
10.0,10.0,10.0,10.0,10.0,10.0,10.0,1.6301,10.0,10.0,1.47,10.0,10.0,10.0,10.0,10.0,10.0,10.0,10.0,1.9458,10.0,10.0,10.0,6.3538,6.5712,2.0788,6.9473,6.9414,6.8267,10.0,10.0,10.0,10.0,10.0,0.5716,10.0,10.0,10.0,10.0,10.0,10.0,10.0,10.0,10.0,10.0,10.0,10.0,10.0,10.0,10.0,10.0,10.0,10.0,10.0,10.0,10.0,10.0,10.0,10.0,10.0
10.0,10.0,10.0,10.0,10.0,10.0,10.0,0.8367,10.0,10.0,10.0,10.0,10.0,10.0,10.0,1.3338,1.5739,10.0,10.0,10.0,10.0,10.0,10.0,10.0,10.0,10.0,10.0,10.0,10.0,10.0,10.0,10.0,10.0,10.0,10.0,10.0,10.0,0.9336,10.0,10.0,10.0,10.0,10.0,10.0,10.0,3.4598,10.0,5.2852,10.0,6.736,2.9939,10.0,10.0,5.3329,4.5652,5.3961,4.7515,4.1057,3.4623,2.8207
10.0,10.0,10.0,10.0,10.0,10.0,10.0,10.0,10.0,10.0,10.0,10.0,10.0,10.0,10.0,0.9898,10.0,10.0,10.0,10.0,10.0,10.0,10.0,10.0,10.0,10.0,0.781,1.1215,10.0,10.0,1.1103,10.0,10.0,10.0,10.0,10.0,3.3789,10.0,10.0,10.0,9.5428,8.6584,7.4872,3.3157,8.1714,2.2364,7.3058,4.2773,10.0,10.0,10.0,10.0,10.0,10.0,10.0,10.0,10.0,10.0,7.5253,9.2995
10.0,10.0,2.4753,10.0,10.0,10.0,10.0,10.0,10.0,2.5377,10.0,10.0,2.3939,10.0,1.6195,10.0,10.0,10.0,0.8553,10.0,10.0,10.0,1.551,10.0,10.0,1.5427,10.0,10.0,2.3697,2.8738,3.3666,10.0,10.0,10.0,5.9624,6.5832,1.2576,7.7455,8.1661,6.5674,7.6861,9.1359,10.0,2.0561,10.0,10.0,1.9432,10.0,10.0,10.0,10.0,10.0,3.1592,10.0,1.4602,6.2782,3.7179,7.8768,8.1851,6.6655
10.0,10.0,10.0,2.3811,6.5731,7.8066,5.0352,8.1035,8.1035,2.3073,2.3152,4.7687,3.5374,3.0822,3.3627,2.0722,6.6881,10.0,10.0,10.0,10.0,10.0,10.0,10.0,10.0,10.0,10.0,10.0,10.0,10.0,10.0,10.0,10.0,10.0,10.0,10.0,10.0,10.0,10.0,3.0988,6.046,6.8906,0.7987,5.8272,6.839,6.7713,6.7036,5.9309,3.2456,0.7375,6.4019,6.2914,5.1509,4.6134,4.853,4.3369,3.8189,3.2998,2.7827,2.267
10.0,10.0,10.0,10.0,10.0,0.8786,10.0,10.0,10.0,10.0,10.0,10.0,10.0,10.0,10.0,10.0,10.0,2.2662,10.0,2.4578,10.0,10.0,0.7446,10.0,10.0,10.0,10.0,10.0,10.0,10.0,10.0,10.0,10.0,10.0,10.0,10.0,10.0,10.0,10.0,10.0,10.0,10.0,10.0,10.0,10.0,0.983,10.0,10.0,10.0,10.0,10.0,10.0,10.0,1.9999,10.0,10.0,3.7211,6.1827,1.96,7.7273
10.0,10.0,10.0,10.0,10.0,10.0,10.0,10.0,0.8493,10.0,10.0,10.0,10.0,10.0,10.0,10.0,10.0,10.0,10.0,10.0,10.0,10.0,10.0,10.0,0.917,10.0,10.0,10.0,10.0,10.0,10.0,10.0,10.0,10.0,10.0,10.0,1.9603,10.0,10.0,10.0,10.0,10.0,10.0,10.0,10.0,10.0,1.876,10.0,10.0,1.7262,10.0,10.0,5.6711,5.9617,3.0113,6.0913,10.0,10.0,5.1136,10.0
10.0,10.0,10.0,10.0,10.0,10.0,10.0,10.0,1.5818,10.0,10.0,10.0,10.0,10.0,10.0,10.0,10.0,10.0,10.0,10.0,0.663,10.0,10.0,6.7972,1.0085,1.775,2.858,7.0487,6.2622,10.0,4.7523,4.2686,10.0,3.2609,2.8161,8.6445,7.7857,2.8839,6.133,5.8442,7.2321,2.5734,6.3738,5.8626,4.3922,2.4191,10.0,9.5282,8.9828,8.4454,7.9852,10.0,10.0,10.0,8.9803,10.0,1.074,7.8493,6.7327,5.485
10.0,10.0,10.0,10.0,10.0,3.9306,10.0,10.0,3.691,10.0,10.0,10.0,3.9917,4.4842,10.0,1.296,0.516,1.5202,3.2059,7.8625,5.7143,6.4991,6.7179,3.1469,3.6722,10.0,4.6641,10.0,1.372,0.785,4.9792,1.3498,6.3489,8.2393,10.0,10.0,10.0,0.942,10.0,10.0,10.0,10.0,10.0,10.0,10.0,10.0,10.0,1.0899,10.0,10.0,0.7655,10.0,10.0,10.0,2.717,2.9605,10.0,10.0,3.112,10.0
10.0,10.0,10.0,1.0097,10.0,10.0,10.0,10.0,10.0,10.0,10.0,10.0,1.0822,2.8886,3.2096,10.0,10.0,10.0,10.0,10.0,1.6049,10.0,10.0,1.532,10.0,10.0,10.0,10.0,10.0,10.0,10.0,10.0,10.0,10.0,10.0,10.0,10.0,10.0,10.0,10.0,10.0,10.0,10.0,10.0,5.7576,5.8493,5.7814,10.0,10.0,6.6674,0.6031,6.4528,2.6088,5.5044,4.9775,4.4481,3.1931,3.3844,2.8541,2.3252
10.0,10.0,10.0,10.0,0.8027,10.0,10.0,10.0,10.0,10.0,10.0,10.0,10.0,10.0,10.0,10.0,10.0,10.0,10.0,10.0,10.0,10.0,10.0,10.0,10.0,10.0,10.0,10.0,10.0,10.0,10.0,0.7476,10.0,10.0,10.0,10.0,10.0,1.4028,10.0,10.0,1.5263,10.0,10.0,10.0,10.0,10.0,10.0,1.5457,6.2943,7.7473,7.6023,6.9845,6.1531,10.0,0.1226,3.5934,10.0,10.0,1.061,10.0
1.758,10.0,10.0,1.3184,10.0,10.0,1.2531,10.0,10.0,10.0,10.0,10.0,10.0,10.0,10.0,10.0,0.7191,10.0,10.0,10.0,10.0,10.0,10.0,10.0,10.0,10.0,10.0,1.3735,10.0,10.0,10.0,2.8199,10.0,10.0,10.0,10.0,10.0,5.8318,6.2481,6.8003,7.1244,7.4475,7.6909,7.6909,5.1961,5.7025,6.3584,6.8644,6.8821,6.8998,6.9833,7.0919,7.7088,1.2732,5.895,10.0,10.0,2.9304,4.8515,5.8646
7.6532,7.4102,7.1301,6.7985,6.3563,5.8291,5.3059,4.8221,4.3382,3.8545,10.0,10.0,10.0,10.0,9.3353,1.5173,7.4526,6.2094,1.5348,2.5626,2.7944,3.1047,1.5493,10.0,10.0,3.489,3.008,2.4936,10.0,2.2822,10.0,8.097,7.9048,7.7325,5.6968,4.7555,3.8436,8.5623,1.0281,6.2907,8.3237,8.2444,3.4419,5.935,8.0068,4.0801,6.7815,2.4191,5.1979,7.6106,3.5431,7.3657,6.8005,0.3833,1.7464,5.0774,4.4709,3.8632,3.2578,2.6541
10.0,10.0,10.0,10.0,10.0,10.0,1.2316,10.0,10.0,1.1222,10.0,10.0,10.0,10.0,10.0,10.0,10.0,10.0,10.0,10.0,10.0,10.0,1.4305,1.1457,10.0,10.0,10.0,10.0,0.4498,10.0,10.0,10.0,10.0,10.0,10.0,10.0,0.8048,10.0,10.0,10.0,10.0,10.0,10.0,10.0,10.0,10.0,10.0,10.0,10.0,10.0,10.0,10.0,10.0,10.0,10.0,0.5457,10.0,10.0,10.0,10.0
10.0,10.0,10.0,10.0,10.0,10.0,10.0,10.0,10.0,10.0,10.0,10.0,0.356,10.0,10.0,10.0,10.0,1.1666,10.0,10.0,10.0,10.0,10.0,10.0,10.0,10.0,10.0,10.0,10.0,10.0,10.0,10.0,10.0,10.0,1.1642,10.0,10.0,10.0,10.0,10.0,10.0,1.1727,10.0,10.0,1.0293,10.0,10.0,4.0933,4.8934,10.0,6.201,6.8332,10.0,1.2361,10.0,5.0695,3.7984,4.8852,4.3108,3.512
0.7074,10.0,10.0,10.0,10.0,10.0,1.0766,10.0,10.0,10.0,10.0,10.0,10.0,1.1381,10.0,10.0,0.8917,10.0,10.0,0.6352,10.0,10.0,10.0,10.0,10.0,10.0,10.0,10.0,10.0,1.5259,4.5527,6.7136,7.1559,7.4185,7.4909,7.4909,6.8937,6.0851,5.7078,7.0066,6.6572,6.3045,5.8038,5.7457,6.992,6.6218,6.1413,5.6147,5.088,4.5613,4.0838,10.0,10.0,10.0,9.2725,6.2996,6.3725,6.3619,9.1622,9.2188
10.0,10.0,10.0,10.0,10.0,10.0,10.0,10.0,10.0,6.1055,6.1201,6.1348,6.1496,5.6881,10.0,1.961,10.0,0.9502,10.0,10.0,10.0,10.0,10.0,10.0,2.4685,10.0,2.6799,10.0,10.0,4.1478,10.0,1.7166,3.2486,3.3474,1.9245,0.8227,6.2899,8.1944,1.2914,9.8581,10.0,10.0,10.0,10.0,10.0,10.0,10.0,10.0,1.4207,10.0,10.0,1.1227,10.0,10.0,10.0,1.8314,10.0,1.6254,6.6996,1.424
10.0,10.0,10.0,10.0,10.0,1.456,10.0,10.0,10.0,5.2032,5.6485,0.6288,1.4342,6.5603,6.3561,5.8907,5.6485,10.0,3.9073,3.3897,10.0,3.1773,10.0,10.0,10.0,10.0,10.0,10.0,10.0,1.0387,10.0,10.0,1.0278,10.0,10.0,10.0,10.0,10.0,10.0,0.7824,2.9905,10.0,10.0,10.0,6.5111,5.555,2.5499,6.4574,6.3916,6.3257,6.2296,6.1221,5.7103,5.2224,10.0,10.0,10.0,10.0,10.0,2.206
10.0,10.0,10.0,10.0,10.0,10.0,10.0,10.0,10.0,10.0,10.0,0.808,10.0,10.0,10.0,10.0,10.0,1.5704,10.0,10.0,10.0,10.0,10.0,10.0,10.0,10.0,10.0,10.0,10.0,10.0,10.0,10.0,10.0,10.0,10.0,0.9595,10.0,10.0,1.067,10.0,10.0,10.0,10.0,10.0,10.0,10.0,10.0,10.0,1.1985,10.0,10.0,10.0,1.6849,5.9064,0.1127,7.3354,7.3184,7.1667,6.4989,5.88
10.0,10.0,1.015,10.0,10.0,10.0,10.0,10.0,10.0,10.0,10.0,10.0,10.0,10.0,0.6842,0.2427,10.0,10.0,10.0,10.0,1.0206,10.0,10.0,0.945,10.0,10.0,10.0,10.0,1.4873,10.0,10.0,1.4633,10.0,1.8025,10.0,10.0,2.6707,10.0,10.0,3.4512,3.9909,10.0,10.0,3.5756,10.0,10.0,3.4365,10.0,10.0,3.2973,10.0,2.6875,0.865,10.0,10.0,2.8444,10.0,10.0,10.0,10.0
10.0,10.0,10.0,10.0,10.0,10.0,10.0,10.0,10.0,2.7811,10.0,10.0,10.0,1.3973,10.0,10.0,10.0,10.0,0.8279,9.522,8.1994,5.9128,1.2178,4.8269,0.625,1.2267,5.2422,8.5184,7.9654,7.6053,9.6959,6.7496,2.2581,7.9377,5.8515,6.8214,10.0,5.4625,8.0416,6.9084,5.7527,5.3256,6.8581,1.5873,6.0279,5.3994,10.0,1.4399,2.5234,10.0,8.7453,8.3474,8.0094,1.2523,8.0213,7.1682,6.312,5.454,1.1865,3.747
1.4831,10.0,10.0,10.0,10.0,10.0,10.0,10.0,2.0759,10.0,10.0,1.9267,10.0,10.0,10.0,10.0,10.0,0.9785,5.7,2.4423,6.6266,6.8653,7.0525,5.2383,4.4462,6.3081,6.7422,0.9433,1.9314,5.863,10.0,10.0,10.0,10.0,10.0,10.0,10.0,10.0,10.0,10.0,10.0,10.0,10.0,10.0,10.0,10.0,10.0,10.0,10.0,10.0,1.0012,10.0,10.0,10.0,10.0,10.0,10.0,10.0,10.0,5.1051
1.1523,10.0,10.0,10.0,10.0,10.0,10.0,10.0,10.0,10.0,0.8844,10.0,10.0,10.0,0.5502,10.0,10.0,1.869,10.0,10.0,10.0,1.1974,10.0,10.0,10.0,10.0,10.0,10.0,10.0,10.0,10.0,10.0,10.0,10.0,10.0,10.0,10.0,10.0,10.0,10.0,0.843,10.0,10.0,10.0,3.2334,4.4817,10.0,6.2831,10.0,2.7599,0.719,10.0,5.2012,6.0988,5.515,4.9284,2.0297,3.7498,3.1622,1.799
10.0,10.0,10.0,10.0,10.0,10.0,10.0,10.0,10.0,10.0,10.0,10.0,10.0,10.0,10.0,10.0,10.0,10.0,0.9163,10.0,10.0,0.6794,10.0,10.0,10.0,0.3494,10.0,0.4602,10.0,10.0,10.0,10.0,0.9073,10.0,10.0,10.0,10.0,10.0,10.0,10.0,10.0,10.0,10.0,9.2376,8.2856,2.3857,5.783,7.0736,6.7932,2.3748,2.8217,10.0,10.0,10.0,0.1391,0.9307,10.0,10.0,10.0,10.0
10.0,2.0744,10.0,10.0,1.7406,10.0,10.0,10.0,10.0,10.0,10.0,10.0,10.0,10.0,10.0,10.0,10.0,10.0,10.0,10.0,10.0,10.0,10.0,1.3214,10.0,10.0,10.0,10.0,10.0,10.0,10.0,3.3466,3.8389,10.0,10.0,5.6351,6.2227,1.7303,3.7348,4.9284,5.8363,2.6263,8.6305,9.4732,10.0,10.0,10.0,10.0,2.8746,10.0,10.0,10.0,10.0,5.5751,6.5654,3.4355,7.0266,8.1966,1.1643,10.0
9.2985,8.5426,7.7715,5.665,3.4689,6.9965,3.7445,6.3034,3.2651,1.5844,10.0,9.0631,2.8967,2.4295,6.7626,5.7339,5.0288,1.9027,3.4514,5.5973,10.0,10.0,10.0,10.0,10.0,10.0,10.0,10.0,10.0,1.5946,10.0,1.3562,10.0,10.0,10.0,0.9994,5.9152,4.5083,3.2919,7.3641,7.4404,6.2579,5.4922,7.2279,2.8788,0.8228,5.1498,3.4835,2.0936,0.7196,5.2309,1.3738,0.8926,0.4245,2.8505,4.5386,3.9965,2.6644,2.9121,2.3725
10.0,10.0,0.9345,10.0,10.0,10.0,10.0,10.0,10.0,10.0,10.0,10.0,10.0,10.0,10.0,10.0,10.0,10.0,10.0,10.0,2.8465,10.0,10.0,10.0,10.0,10.0,10.0,10.0,10.0,0.7656,10.0,10.0,0.6077,10.0,10.0,10.0,10.0,10.0,10.0,10.0,10.0,10.0,0.9433,10.0,10.0,10.0,10.0,10.0,10.0,0.6502,10.0,10.0,10.0,10.0,2.4723,10.0,10.0,2.6079,10.0,5.1525
10.0,10.0,10.0,10.0,10.0,10.0,10.0,10.0,10.0,10.0,10.0,0.8305,10.0,10.0,10.0,10.0,10.0,10.0,10.0,10.0,10.0,10.0,10.0,10.0,10.0,10.0,10.0,10.0,10.0,10.0,10.0,10.0,10.0,1.31,10.0,1.516,10.0,10.0,10.0,10.0,10.0,10.0,10.0,10.0,10.0,1.4246,10.0,10.0,1.2873,10.0,5.2427,10.0,10.0,3.0237,6.4016,10.0,1.2022,10.0,3.2706,10.0
10.0,10.0,1.3412,10.0,10.0,10.0,10.0,10.0,10.0,10.0,10.0,10.0,1.436,10.0,10.0,10.0,10.0,0.8833,10.0,10.0,10.0,10.0,10.0,0.8484,10.0,1.0746,0.8576,2.402,2.727,6.8447,6.7318,6.3628,6.0376,5.5643,5.2463,5.2463,4.9907,5.2463,5.2463,5.2463,4.7912,4.398,5.539,5.5455,5.0658,5.9583,5.4877,9.0053,8.6058,2.4038,1.9053,7.8511,6.8094,9.7094,0.986,1.4626,6.619,6.6139,10.0,7.6383
10.0,10.0,10.0,10.0,10.0,10.0,10.0,10.0,10.0,10.0,6.5819,6.5777,6.5735,6.7617,6.8165,6.8007,0.5072,4.3837,10.0,10.0,1.7043,10.0,10.0,10.0,3.1103,10.0,10.0,10.0,5.0308,1.8367,6.267,3.1703,5.0362,6.6284,7.8468,9.039,9.2094,10.0,10.0,10.0,10.0,10.0,10.0,10.0,1.1174,10.0,10.0,10.0,10.0,10.0,10.0,1.2749,10.0,2.0091,10.0,10.0,2.2055,10.0,5.5242,6.0928
10.0,10.0,10.0,10.0,10.0,10.0,1.1027,10.0,10.0,1.218,10.0,10.0,4.0653,0.9984,3.9292,10.0,10.0,10.0,2.5879,2.0539,10.0,10.0,1.9898,10.0,10.0,10.0,10.0,10.0,0.9336,10.0,10.0,10.0,10.0,10.0,10.0,10.0,10.0,10.0,10.0,10.0,10.0,10.0,4.2485,10.0,10.0,10.0,0.7208,2.5228,5.2354,6.4543,6.3563,6.2466,5.8264,4.6279,4.8185,4.306,3.7917,3.2763,2.7629,2.2509
10.0,10.0,10.0,10.0,10.0,10.0,10.0,10.0,10.0,10.0,10.0,10.0,10.0,10.0,10.0,10.0,10.0,10.0,10.0,1.2113,0.8652,10.0,10.0,0.7578,10.0,10.0,10.0,10.0,10.0,10.0,10.0,0.8186,10.0,10.0,10.0,10.0,10.0,10.0,10.0,10.0,10.0,10.0,10.0,10.0,1.2792,10.0,10.0,10.0,0.9098,10.0,5.5983,6.7299,6.7143,6.5456,0.1172,5.1464,1.2049,10.0,1.7525,10.0
10.0,10.0,10.0,10.0,10.0,10.0,10.0,10.0,10.0,1.1008,10.0,10.0,10.0,10.0,10.0,0.2795,10.0,10.0,10.0,10.0,10.0,10.0,1.028,10.0,10.0,10.0,10.0,10.0,10.0,1.8826,10.0,2.0901,10.0,2.3849,10.0,10.0,10.0,10.0,10.0,5.1139,5.5285,5.918,6.1747,6.4314,6.672,6.672,6.672,6.672,6.672,6.672,6.672,6.672,6.2084,10.0,10.0,10.0,10.0,5.7652,5.8068,10.0
5.815,6.0733,6.2451,5.9546,5.5923,5.1285,10.0,10.0,10.0,3.3121,2.8011,10.0,10.0,10.0,1.385,10.0,10.0,8.481,7.5203,5.4426,4.6362,3.4923,1.8506,1.0669,5.0819,10.0,3.742,3.2189,2.7691,8.0996,7.4536,6.89,8.7875,5.5255,1.3117,8.2234,4.3923,4.305,4.2178,4.131,4.0674,3.8415,5.7277,4.9602,1.1797,6.2042,2.7798,5.1086,8.5553,8.4672,8.3386,2.1773,2.5163,6.9903,6.3212,5.6489,4.8255,1.5233,3.6245,2.9528
10.0,10.0,10.0,1.2908,10.0,10.0,10.0,10.0,10.0,10.0,10.0,10.0,10.0,1.449,1.9184,2.4466,2.9299,3.4121,3.9627,10.0,4.9559,5.1372,5.381,5.6242,1.6093,2.0963,1.8444,10.0,10.0,10.0,10.0,10.0,10.0,10.0,10.0,10.0,10.0,10.0,10.0,10.0,10.0,10.0,10.0,10.0,10.0,10.0,0.8947,10.0,10.0,10.0,10.0,10.0,10.0,10.0,10.0,10.0,1.0791,1.5769,2.1,10.0
10.0,10.0,10.0,10.0,10.0,10.0,10.0,10.0,10.0,10.0,10.0,10.0,0.3245,0.8106,1.1055,10.0,10.0,10.0,1.4175,10.0,1.1818,10.0,10.0,1.0543,10.0,10.0,1.1234,10.0,10.0,0.8744,10.0,10.0,0.9677,10.0,10.0,10.0,10.0,10.0,10.0,10.0,10.0,10.0,10.0,10.0,10.0,10.0,3.6422,0.922,5.6023,6.3166,3.2453,3.6037,10.0,4.0782,4.1695,4.2499,5.1315,1.6404,3.7392,3.0463
0.7389,10.0,10.0,10.0,10.0,10.0,10.0,10.0,10.0,10.0,10.0,10.0,10.0,10.0,10.0,10.0,10.0,10.0,10.0,10.0,10.0,10.0,10.0,10.0,10.0,0.7162,10.0,10.0,1.3471,10.0,1.1319,2.4842,3.6879,10.0,4.3611,5.2538,5.2784,4.4997,5.3083,5.0032,4.8143,8.4307,5.7045,3.2058,4.8047,5.1405,6.4266,6.0461,5.6627,5.0766,10.0,10.0,3.4251,10.0,10.0,10.0,1.3868,0.9007,6.4192,6.4761
10.0,10.0,10.0,10.0,10.0,10.0,10.0,3.1496,10.0,10.0,3.0957,10.0,10.0,2.8438,10.0,10.0,10.0,10.0,10.0,10.0,1.1584,10.0,10.0,10.0,1.7517,10.0,2.0278,10.0,10.0,10.0,10.0,4.5128,5.0932,2.6536,4.1661,1.5009,5.0826,6.4158,8.051,1.7288,10.0,10.0,1.6244,10.0,10.0,10.0,10.0,10.0,10.0,1.8449,10.0,10.0,10.0,3.5458,1.4047,5.3917,6.0391,4.0606,5.0168,6.621
2.3334,10.0,10.0,10.0,1.917,10.0,10.0,5.0851,4.1575,6.4286,6.4286,1.8477,6.4436,6.4436,6.4286,6.3721,5.9862,5.5988,4.9954,10.0,10.0,10.0,10.0,2.7427,10.0,10.0,10.0,1.2584,10.0,10.0,1.185,10.0,10.0,10.0,10.0,10.0,10.0,10.0,10.0,4.1165,5.9711,5.9186,0.8766,6.8253,5.7287,2.6941,6.6247,6.5578,5.1756,0.7215,10.0,6.2173,5.7991,5.3036,4.7959,4.2858,3.7739,3.2609,10.0,10.0
10.0,10.0,10.0,10.0,10.0,10.0,10.0,10.0,0.8496,10.0,10.0,10.0,10.0,10.0,10.0,10.0,10.0,10.0,1.9982,10.0,1.4599,1.1699,10.0,10.0,10.0,0.8603,10.0,10.0,10.0,10.0,10.0,10.0,10.0,10.0,10.0,10.0,10.0,10.0,10.0,10.0,10.0,10.0,10.0,10.0,10.0,0.9898,10.0,10.0,10.0,10.0,10.0,10.0,10.0,10.0,10.0,1.7092,5.9366,6.4046,6.4046,6.3898
10.0,10.0,10.0,10.0,10.0,10.0,10.0,10.0,10.0,10.0,10.0,10.0,10.0,10.0,10.0,0.321,10.0,10.0,0.9277,10.0,10.0,10.0,10.0,10.0,10.0,10.0,10.0,10.0,10.0,1.2509,10.0,10.0,1.3306,10.0,1.6884,10.0,10.0,2.4434,10.0,10.0,2.1822,10.0,10.0,10.0,10.0,10.0,10.0,10.0,10.0,10.0,10.0,10.0,10.0,5.5399,1.1429,10.0,6.0091,6.0003,5.9676,0.991
10.0,1.7256,10.0,10.0,1.888,10.0,10.0,2.0383,10.0,10.0,10.0,1.8478,10.0,10.0,10.0,10.0,10.0,10.0,10.0,10.0,10.0,1.0213,10.0,5.4014,0.6281,3.2745,6.0785,5.6101,4.9762,9.3491,8.8339,8.2258,7.7244,7.342,10.0,2.2917,10.0,8.2316,7.481,6.6948,5.3616,4.8451,2.039,5.8218,5.4592,4.9556,1.9608,9.9584,9.4647,8.894,8.3292,7.6995,7.4666,7.3163,7.2391,10.0,1.0266,6.7716,5.7105,4.6522
10.0,10.0,10.0,10.0,10.0,10.0,2.7158,10.0,10.0,10.0,10.0,10.0,10.0,10.0,10.0,4.8251,5.6478,6.1101,6.2906,1.7749,2.3011,4.8104,5.1949,3.8389,4.3428,4.8104,5.3369,5.8071,3.4571,6.276,5.0903,7.5637,1.1502,0.772,10.0,10.0,10.0,10.0,10.0,10.0,0.9342,10.0,10.0,10.0,10.0,10.0,10.0,10.0,10.0,10.0,0.7464,10.0,10.0,10.0,10.0,10.0,10.0,10.0,4.8356,5.3979
10.0,10.0,10.0,10.0,10.0,10.0,10.0,10.0,10.0,10.0,10.0,10.0,10.0,10.0,0.5625,2.7739,10.0,10.0,10.0,10.0,10.0,10.0,1.3532,10.0,10.0,1.3647,10.0,10.0,10.0,10.0,10.0,10.0,10.0,0.957,10.0,10.0,10.0,10.0,10.0,10.0,10.0,10.0,10.0,0.7782,4.6549,5.9017,10.0,5.9264,2.6521,5.7856,0.6271,1.8343,6.2447,5.7111,5.1644,4.6151,4.0639,2.7623,2.9612,2.4125
10.0,10.0,10.0,10.0,10.0,10.0,10.0,0.8847,10.0,10.0,10.0,10.0,10.0,10.0,1.1524,10.0,10.0,1.0702,10.0,10.0,10.0,0.5019,10.0,10.0,10.0,0.4092,10.0,10.0,10.0,10.0,10.0,0.8065,10.0,10.0,10.0,10.0,10.0,10.0,10.0,10.0,10.0,10.0,10.0,1.6999,10.0,10.0,10.0,1.3038,5.1244,6.2168,1.9578,2.4897,5.2162,1.0828,0.1283,10.0,10.0,1.5321,10.0,10.0
10.0,10.0,10.0,10.0,10.0,10.0,10.0,10.0,10.0,10.0,1.5311,10.0,10.0,1.3356,10.0,10.0,10.0,10.0,10.0,0.8136,10.0,1.2006,10.0,10.0,1.1737,10.0,10.0,10.0,10.0,10.0,10.0,10.0,10.0,10.0,10.0,5.0096,5.5068,5.8781,6.1662,6.1662,3.2004,4.4104,4.9326,5.0139,5.027,4.6103,4.7407,4.7407,4.4712,4.7407,4.7407,4.9134,5.8471,1.2095,3.2064,5.0934,10.0,10.0,3.0866,10.0
6.0754,5.8466,5.1887,4.797,6.1447,6.0121,3.0608,2.5981,4.7163,10.0,10.0,10.0,10.0,10.0,10.0,10.0,7.5689,1.1633,1.4492,4.0914,5.8136,5.4313,4.8501,10.0,10.0,10.0,10.0,10.0,2.0466,10.0,10.0,10.0,10.0,7.3081,6.4893,7.0482,6.9669,3.694,1.0413,6.7428,6.1992,5.1708,4.1631,3.1455,7.6504,4.7298,3.7806,5.9687,5.5696,4.9357,7.1615,7.0379,6.5645,0.3977,5.4289,4.8514,1.9134,3.6913,2.2672,2.536
10.0,10.0,10.0,10.0,10.0,10.0,10.0,10.0,10.0,1.1441,10.0,10.0,1.0372,10.0,10.0,10.0,10.0,10.0,10.0,10.0,10.0,4.0875,2.2497,10.0,10.0,10.0,0.5471,0.8978,0.4536,10.0,10.0,10.0,10.0,10.0,10.0,10.0,10.0,10.0,10.0,0.8465,10.0,10.0,10.0,10.0,10.0,10.0,10.0,10.0,10.0,10.0,10.0,10.0,10.0,10.0,10.0,0.6063,10.0,3.8928,10.0,4.7801
10.0,0.9416,10.0,10.0,10.0,10.0,10.0,10.0,10.0,10.0,10.0,10.0,10.0,10.0,10.0,10.0,0.9699,10.0,10.0,1.0604,10.0,10.0,1.0156,10.0,10.0,10.0,10.0,10.0,0.9426,10.0,10.0,1.0408,10.0,10.0,10.0,10.0,10.0,10.0,1.2707,10.0,10.0,1.1685,10.0,10.0,10.0,10.0,10.0,10.0,4.4798,4.3866,4.2174,0.8316,3.1552,6.7697,6.454,10.0,10.0,3.5893,1.2347,3.9481
10.0,10.0,10.0,10.0,10.0,10.0,10.0,10.0,10.0,1.1817,10.0,10.0,10.0,10.0,10.0,10.0,10.0,10.0,10.0,10.0,10.0,10.0,10.0,10.0,10.0,10.0,10.0,1.7313,1.9902,5.6465,1.7857,6.0397,6.0397,6.0257,6.0257,6.0257,6.0257,6.0257,6.0257,5.3818,4.6565,5.8667,5.6126,5.2835,4.8793,4.4596,5.6618,5.3266,4.8613,10.0,10.0,9.9867,9.9431,9.1454,6.475,6.4061,6.3878,6.3848,6.4101,1.0314
10.0,10.0,10.0,10.0,10.0,10.0,10.0,10.0,10.0,5.9915,5.9915,5.9915,5.9915,5.9915,0.8813,4.5924,10.0,10.0,10.0,10.0,10.0,10.0,10.0,10.0,10.0,2.9393,10.0,10.0,4.4415,5.0017,5.479,5.8798,2.9449,6.0055,1.1167,0.8463,10.0,10.0,10.0,10.0,10.0,1.2197,10.0,10.0,10.0,10.0,10.0,10.0,10.0,10.0,10.0,1.0948,1.5823,10.0,10.0,1.7807,4.8049,5.414,5.8586,4.5924
10.0,10.0,1.381,10.0,10.0,10.0,10.0,10.0,10.0,10.0,4.8925,1.4375,5.2399,5.3023,5.1357,4.7597,4.2327,3.7217,3.2213,2.7208,10.0,2.417,10.0,10.0,10.0,10.0,10.0,10.0,10.0,10.0,10.0,10.0,10.0,10.0,10.0,10.0,0.8063,10.0,10.0,10.0,10.0,2.9864,5.786,10.0,10.0,6.4844,2.6618,6.501,6.4347,6.3684,3.0155,5.4399,5.7489,5.2576,4.7544,4.2487,3.7412,3.2327,2.7261,2.2209
10.0,0.6793,10.0,10.0,10.0,10.0,10.0,10.0,10.0,10.0,10.0,0.8002,10.0,10.0,10.0,1.4203,10.0,10.0,1.3657,10.0,10.0,10.0,10.0,10.0,10.0,10.0,0.6673,10.0,10.0,10.0,10.0,10.0,10.0,0.5571,10.0,10.0,10.0,10.0,1.068,10.0,10.0,1.1761,10.0,10.0,10.0,10.0,10.0,10.0,1.175,10.0,10.0,10.0,4.7785,2.6165,0.1143,5.9244,5.6678,5.0639,10.0,1.4622
10.0,10.0,1.0381,10.0,10.0,10.0,10.0,10.0,10.0,10.0,10.0,10.0,1.0685,10.0,10.0,0.2522,10.0,0.7624,10.0,10.0,1.0797,10.0,10.0,10.0,10.0,10.0,10.0,10.0,10.0,10.0,1.6554,10.0,10.0,10.0,2.2912,10.0,10.0,10.0,3.6595,4.1954,4.5157,4.8117,5.1651,5.1511,5.1371,5.0895,5.0319,4.9743,4.9167,4.8591,4.5867,4.2861,10.0,10.0,10.0,10.0,2.9651,1.0838,5.8074,5.7431
10.0,3.307,10.0,10.0,10.0,10.0,10.0,3.7761,10.0,10.0,10.0,10.0,10.0,10.0,10.0,10.0,1.1637,10.0,0.7909,1.1963,1.4511,5.9044,4.4813,1.4089,5.5961,5.1471,4.4906,8.2622,7.7609,6.9152,6.4998,5.9925,9.1549,1.7894,7.9557,7.2146,6.5517,1.4155,4.8826,4.6254,1.5153,6.6794,4.8426,4.3323,5.7042,5.4461,5.0586,4.462,9.8345,3.8133,9.5854,9.42,8.7863,2.0795,7.2663,6.4935,5.7179,4.9407,4.1665,3.3943
10.0,10.0,10.0,10.0,1.7504,10.0,10.0,1.6237,10.0,10.0,10.0,10.0,10.0,10.0,10.0,10.0,10.0,10.0,1.4644,3.2312,2.4703,2.9871,5.84,5.84,5.84,5.8265,5.8265,2.2763,1.2209,10.0,0.9875,10.0,10.0,10.0,0.5401,10.0,10.0,10.0,10.0,10.0,10.0,10.0,10.0,0.8926,10.0,10.0,10.0,10.0,10.0,10.0,1.0613,10.0,10.0,10.0,10.0,10.0,10.0,10.0,10.0,10.0
10.0,10.0,10.0,10.0,10.0,10.0,10.0,0.8566,10.0,10.0,10.0,10.0,10.0,10.0,10.0,10.0,1.5433,10.0,10.0,10.0,10.0,10.0,10.0,10.0,10.0,10.0,10.0,10.0,10.0,10.0,10.0,10.0,10.0,10.0,10.0,10.0,10.0,0.9349,10.0,10.0,10.0,10.0,10.0,10.0,10.0,3.3528,4.8665,10.0,6.4573,3.0336,3.4042,6.2065,1.569,6.2997,1.8457,5.2338,4.6086,3.9822,3.3582,2.7358
10.0,10.0,10.0,10.0,10.0,10.0,10.0,10.0,10.0,10.0,0.8741,10.0,10.0,10.0,10.0,10.0,10.0,10.0,10.0,10.0,10.0,10.0,10.0,10.0,10.0,10.0,0.8263,10.0,10.0,10.0,1.1192,10.0,2.0819,10.0,2.7812,10.0,10.0,10.0,10.0,10.0,10.0,10.0,10.0,10.0,2.8605,6.8588,5.4061,4.5636,2.9233,3.3293,5.0926,4.4378,10.0,10.0,0.1494,10.0,10.0,10.0,6.5003,6.5404
10.0,10.0,10.0,10.0,10.0,2.2072,10.0,10.0,2.0923,10.0,10.0,10.0,10.0,10.0,10.0,0.7466,10.0,10.0,0.8891,10.0,10.0,10.0,10.0,10.0,10.0,1.5978,10.0,1.9216,10.0,10.0,10.0,10.0,10.0,4.8628,5.2935,3.624,1.9747,4.0047,6.5392,7.5059,2.1728,10.0,10.0,10.0,10.0,10.0,10.0,2.4309,10.0,10.0,2.3353,10.0,10.0,4.5581,5.3613,5.7451,1.3113,6.7133,10.0,3.2328
10.0,10.0,10.0,10.0,10.0,6.9307,2.4998,5.7008,2.7782,5.4514,1.0872,4.3829,3.5989,7.6017,2.6075,3.6266,4.496,5.7008,5.4276,5.0226,4.5301,10.0,10.0,10.0,10.0,10.0,1.7317,10.0,1.4162,10.0,10.0,1.4397,10.0,10.0,10.0,10.0,10.0,5.7897,4.0749,3.2563,6.0972,6.0415,6.0281,5.298,2.9171,6.925,6.8558,4.542,5.5372,0.7557,5.4539,4.8623,0.9479,4.4853,4.4194,3.6632,3.9055,3.3747,2.8459,2.3185
10.0,10.0,10.0,10.0,10.0,0.9091,10.0,10.0,10.0,10.0,10.0,10.0,10.0,10.0,10.0,10.0,10.0,10.0,2.7257,10.0,2.1591,1.0645,0.7377,10.0,1.0391,10.0,10.0,10.0,10.0,10.0,10.0,10.0,0.6266,10.0,10.0,10.0,10.0,10.0,10.0,10.0,10.0,10.0,0.9121,10.0,10.0,10.0,10.0,10.0,10.0,0.6793,10.0,10.0,10.0,10.0,10.0,10.0,2.1534,4.3594,5.189,2.4884
10.0,10.0,10.0,10.0,10.0,10.0,10.0,10.0,0.9376,10.0,10.0,10.0,10.0,10.0,10.0,0.8205,10.0,10.0,10.0,10.0,10.0,0.9351,10.0,10.0,10.0,10.0,10.0,1.1499,10.0,10.0,1.0919,10.0,10.0,10.0,10.0,10.0,10.0,10.0,10.0,1.6743,10.0,10.0,1.5934,10.0,10.0,10.0,10.0,10.0,10.0,10.0,10.0,5.7912,5.9671,3.6011,3.1142,6.1746,6.1995,5.8544,4.5718,3.0201
10.0,10.0,10.0,10.0,10.0,1.4738,10.0,10.0,1.5982,10.0,10.0,10.0,1.4537,10.0,10.0,10.0,10.0,10.0,10.0,10.0,0.836,10.0,10.0,10.0,10.0,4.5132,0.802,3.2082,5.6101,5.4871,5.1817,4.8977,4.3001,4.4988,10.0,10.0,3.3923,10.0,7.1389,3.5331,5.5054,4.4227,4.139,3.3289,2.9289,4.6602,4.152,4.8981,4.4428,8.3998,7.8665,7.2746,7.0518,6.9098,6.8369,6.7777,6.7531,6.7675,7.6979,6.2714
10.0,10.0,10.0,10.0,10.0,10.0,10.0,4.8677,4.8571,4.8455,4.8336,4.8216,4.8096,4.9973,5.389,1.3368,0.5154,5.5805,4.2774,10.0,10.0,2.1825,10.0,10.0,10.0,10.0,4.2781,4.8859,5.2903,5.5805,1.5799,4.4801,7.4904,10.0,10.0,10.0,10.0,0.9809,10.0,10.0,10.0,10.0,10.0,10.0,10.0,10.0,10.0,1.0809,10.0,10.0,10.0,10.0,10.0,2.2398,2.4936,10.0,10.0,2.6869,5.1055,2.4539
10.0,10.0,10.0,10.0,10.0,10.0,1.1288,10.0,10.0,10.0,10.0,10.0,1.8229,3.7077,10.0,10.0,2.9835,10.0,10.0,10.0,10.0,10.0,10.0,10.0,10.0,10.0,10.0,10.0,10.0,10.0,10.0,0.9747,10.0,10.0,10.0,10.0,10.0,10.0,10.0,10.0,10.0,10.0,2.9323,10.0,5.8588,5.7913,0.7322,2.6981,3.594,5.4341,0.6078,6.4076,5.9766,3.3657,4.3025,3.6981,3.8894,3.3607,2.8341,2.3089
10.0,10.0,10.0,10.0,0.8055,10.0,10.0,10.0,10.0,10.0,10.0,10.0,10.0,10.0,10.0,10.0,1.2452,10.0,10.0,10.0,0.9238,10.0,10.0,10.0,10.0,10.0,10.0,10.0,0.8263,10.0,10.0,0.7838,10.0,10.0,1.2604,10.0,10.0,1.4259,10.0,10.0,10.0,10.0,10.0,10.0,10.0,10.0,10.0,1.5216,10.0,10.0,4.5149,1.6458,2.4432,5.2717,0.1212,4.4163,10.0,10.0,10.0,10.0
10.0,10.0,10.0,10.0,10.0,10.0,1.2047,10.0,10.0,10.0,10.0,10.0,10.0,10.0,10.0,10.0,10.0,10.0,10.0,10.0,10.0,10.0,10.0,10.0,10.0,10.0,10.0,10.0,10.0,10.0,2.3443,10.0,2.5695,10.0,10.0,10.0,4.3547,4.8508,5.1048,5.3592,5.4935,5.4935,5.5063,5.5063,5.2409,5.5063,5.5063,5.5063,5.5063,5.5063,5.5063,5.5063,5.4935,3.0342,10.0,1.1103,10.0,3.0085,5.8481,5.8189
5.4779,5.4779,5.4651,5.4779,5.4779,5.2468,4.9482,4.5611,10.0,10.0,10.0,10.0,10.0,10.0,10.0,10.0,10.0,1.229,1.5707,4.5219,5.4779,2.3434,2.645,5.0696,4.6462,4.4049,9.7113,9.2959,8.6884,2.245,8.3498,7.6603,6.8102,6.0067,7.8853,7.7958,4.1504,4.0776,4.0004,5.7944,5.064,1.0873,10.0,8.4596,4.4699,5.3082,5.3209,5.1606,0.9977,4.0448,1.7101,7.706,7.1877,0.4078,1.81,5.2945,4.6775,4.0417,3.4084,1.8524
10.0,10.0,10.0,10.0,10.0,10.0,1.2033,10.0,10.0,10.0,10.0,10.0,10.0,10.0,10.0,10.0,10.0,10.0,10.0,4.1801,4.3926,4.6753,4.8354,4.9635,1.6204,10.0,10.0,10.0,0.841,10.0,10.0,0.8874,10.0,10.0,10.0,10.0,0.8117,10.0,10.0,10.0,10.0,10.0,10.0,10.0,10.0,10.0,10.0,10.0,10.0,10.0,10.0,10.0,10.0,10.0,10.0,0.5674,1.0921,10.0,10.0,10.0
10.0,10.0,10.0,10.0,0.8196,10.0,10.0,10.0,10.0,10.0,10.0,10.0,0.3433,10.0,10.0,10.0,10.0,1.1671,10.0,10.0,10.0,10.0,10.0,10.0,10.0,10.0,10.0,10.0,10.0,10.0,10.0,10.0,10.0,10.0,1.1603,10.0,10.0,10.0,10.0,10.0,10.0,10.0,10.0,10.0,1.044,10.0,3.8272,0.9569,10.0,5.7627,3.5275,3.2654,3.5978,6.2009,5.5499,1.4905,3.9253,4.8571,4.096,3.337
0.6856,10.0,10.0,0.9825,10.0,10.0,10.0,10.0,10.0,10.0,10.0,10.0,10.0,1.103,10.0,10.0,10.0,10.0,10.0,0.655,10.0,10.0,0.735,10.0,10.0,10.0,10.0,10.0,10.0,1.5458,2.9389,4.1375,4.8902,5.0695,5.2095,5.2345,5.2589,5.2738,5.2887,5.3029,4.8534,4.231,5.2397,5.0382,4.7244,4.3275,4.2823,5.3817,5.0829,4.7416,4.2043,3.6284,1.124,10.0,9.1985,9.2283,6.3316,6.3275,6.3594,6.4165
10.0,10.0,10.0,10.0,10.0,10.0,4.4401,4.4496,4.4591,4.4695,4.4802,4.491,4.5018,4.1041,10.0,10.0,10.0,0.9903,10.0,10.0,10.0,10.0,10.0,2.0319,10.0,2.2134,10.0,10.0,10.0,10.0,4.4537,4.9102,2.1926,5.3545,2.6681,6.2474,10.0,10.0,10.0,10.0,10.0,10.0,10.0,10.0,10.0,1.4993,10.0,10.0,10.0,10.0,10.0,10.0,10.0,10.0,3.9696,4.7467,5.2075,5.3669,4.3001,1.4229
10.0,1.8473,10.0,10.0,10.0,10.0,10.0,10.0,1.5818,3.7208,5.3275,0.6409,5.3275,5.3275,5.3275,5.3275,5.206,4.9321,4.65,4.0834,3.6837,10.0,10.0,10.0,10.0,1.7097,10.0,10.0,10.0,10.0,10.0,10.0,1.0461,10.0,10.0,10.0,10.0,10.0,10.0,0.7964,2.9725,5.7966,5.7325,5.6746,5.643,2.7416,6.6007,6.534,6.4674,3.9305,5.1745,5.1745,5.1869,10.0,10.0,10.0,10.0,10.0,10.0,10.0
10.0,10.0,10.0,10.0,10.0,10.0,10.0,10.0,0.8748,10.0,10.0,10.0,10.0,10.0,10.0,10.0,1.8624,10.0,10.0,10.0,10.0,10.0,0.8378,10.0,10.0,10.0,10.0,10.0,10.0,10.0,0.7501,10.0,10.0,10.0,10.0,0.9368,10.0,10.0,10.0,10.0,10.0,10.0,10.0,10.0,10.0,10.0,10.0,10.0,10.0,10.0,10.0,10.0,10.0,10.0,2.9587,5.2418,5.3131,1.5667,5.3008,4.8875
10.0,10.0,10.0,10.0,10.0,0.9152,10.0,10.0,10.0,10.0,10.0,10.0,10.0,10.0,0.6235,0.2693,10.0,10.0,10.0,10.0,10.0,10.0,10.0,10.0,10.0,10.0,10.0,10.0,10.0,10.0,10.0,10.0,10.0,10.0,10.0,2.1915,10.0,10.0,2.9224,10.0,10.0,10.0,10.0,10.0,10.0,2.9846,10.0,10.0,2.8423,10.0,10.0,10.0,1.0428,10.0,5.2058,2.9758,5.8466,5.8508,5.8184,5.7605
10.0,10.0,10.0,2.3787,10.0,10.0,2.5251,10.0,10.0,10.0,2.3128,10.0,10.0,10.0,10.0,1.0288,10.0,10.0,10.0,10.0,10.0,10.0,1.2362,6.036,0.63,1.2575,5.0686,4.678,4.1639,3.7869,3.2723,2.7496,2.2967,6.4606,6.2059,6.0744,1.8233,10.0,10.0,10.0,6.9588,6.0518,4.4682,3.9123,5.1097,4.901,4.5523,1.4803,3.5021,8.597,8.2784,8.1448,7.9581,1.3419,1.7287,7.7923,6.8615,5.9289,1.1751,3.9169
1.4724,1.9969,10.0,10.0,10.0,2.1973,10.0,10.0,10.0,10.0,10.0,10.0,10.0,10.0,10.0,3.9121,4.613,0.9662,5.2344,5.2222,5.2222,4.0028,4.0028,4.3148,4.743,5.0113,5.2222,3.0542,2.6761,1.1672,10.0,10.0,10.0,0.7569,10.0,10.0,10.0,10.0,10.0,10.0,0.9072,10.0,10.0,10.0,10.0,10.0,10.0,10.0,10.0,10.0,0.7938,10.0,10.0,10.0,10.0,10.0,10.0,4.1511,4.4618,4.3182
10.0,10.0,10.0,10.0,10.0,10.0,10.0,10.0,10.0,10.0,0.9136,10.0,10.0,1.4917,0.5417,2.0029,2.3241,10.0,10.0,10.0,10.0,10.0,10.0,10.0,10.0,10.0,10.0,10.0,10.0,10.0,0.8776,10.0,10.0,10.0,10.0,10.0,10.0,10.0,10.0,10.0,0.8745,10.0,10.0,10.0,3.1716,10.0,5.8956,6.1074,2.8766,3.1779,0.7103,5.2776,6.5398,5.981,5.4085,4.8332,4.2559,3.6774,2.3171,2.5265
10.0,10.0,10.0,10.0,10.0,10.0,10.0,0.8402,10.0,10.0,10.0,10.0,10.0,10.0,10.0,10.0,10.0,10.0,10.0,10.0,10.0,0.5472,10.0,10.0,0.6946,0.3664,10.0,10.0,10.0,0.9549,10.0,10.0,10.0,1.6523,10.0,10.0,1.8593,10.0,10.0,1.9665,10.0,10.0,2.1188,10.0,10.0,10.0,10.0,6.8603,5.2055,3.9757,5.1712,4.9303,4.5368,3.9636,0.1356,10.0,10.0,10.0,10.0,10.0
10.0,10.0,10.0,10.0,1.7782,10.0,10.0,1.6192,10.0,10.0,10.0,10.0,10.0,0.4825,10.0,10.0,10.0,10.0,10.0,10.0,10.0,10.0,10.0,10.0,10.0,10.0,1.4713,10.0,10.0,2.3553,10.0,10.0,10.0,4.2328,4.6675,5.0287,5.146,5.158,2.2281,3.5206,4.151,10.0,3.1404,10.0,10.0,10.0,10.0,10.0,10.0,3.387,10.0,4.1609,4.6482,1.0887,5.146,4.0391,10.0,10.0,1.1926,3.1422
4.6806,4.5046,4.1853,4.0716,3.9819,3.9802,3.9785,3.987,4.9189,1.6056,4.0135,3.4473,10.0,10.0,1.945,10.0,6.8359,1.9895,4.5059,3.0835,4.9688,4.6421,4.2354,10.0,10.0,10.0,10.0,1.8804,10.0,10.0,10.0,10.0,10.0,10.0,7.1005,0.9609,5.2558,6.6559,6.5785,3.4396,3.3489,3.2772,3.2056,3.1529,7.3847,0.8552,4.0617,4.9741,4.986,0.7415,4.447,1.3476,0.8947,0.4164,5.2403,2.3842,4.1236,3.5631,3.0047,2.4479
10.0,10.0,0.9401,10.0,10.0,10.0,10.0,10.0,10.0,10.0,10.0,10.0,1.0452,10.0,10.0,10.0,10.0,10.0,10.0,10.0,3.6669,2.5763,1.5423,1.2112,10.0,10.0,10.0,10.0,0.4843,10.0,10.0,10.0,0.6958,10.0,10.0,10.0,10.0,10.0,10.0,0.8572,10.0,10.0,10.0,10.0,10.0,10.0,10.0,10.0,10.0,0.6439,10.0,10.0,10.0,10.0,10.0,2.9365,10.0,10.0,3.121,4.3155
10.0,10.0,10.0,10.0,10.0,10.0,10.0,10.0,10.0,10.0,10.0,0.8325,10.0,10.0,10.0,10.0,10.0,10.0,10.0,1.0775,10.0,10.0,10.0,10.0,10.0,10.0,10.0,10.0,10.0,10.0,10.0,10.0,10.0,10.0,10.0,10.0,10.0,10.0,10.0,10.0,10.0,10.0,10.0,10.0,10.0,10.0,10.0,10.0,1.3208,4.92,5.506,6.08,3.7842,3.2371,3.3159,3.3798,5.374,3.4404,3.3068,4.2692
10.0,10.0,10.0,10.0,10.0,10.0,10.0,10.0,10.0,10.0,10.0,10.0,10.0,10.0,10.0,10.0,10.0,10.0,10.0,10.0,10.0,10.0,10.0,0.8793,10.0,10.0,10.0,3.8808,2.0136,2.2582,5.0595,5.0478,5.0478,5.0478,4.93,4.9067,4.8839,4.87,4.8561,4.8429,4.8299,4.3957,3.8563,4.9146,4.7051,4.1484,3.9561,3.4349,4.5848,4.2065,8.0644,7.9664,7.848,6.7254,1.02,6.5389,6.5131,6.5088,6.5444,7.9346
10.0,10.0,10.0,10.0,10.0,10.0,10.0,5.0355,5.0355,5.0355,5.0355,5.0355,5.0355,5.0355,5.0238,5.0238,1.0817,10.0,10.0,1.1959,10.0,10.0,10.0,10.0,10.0,10.0,10.0,4.1616,4.609,4.9923,1.2348,2.037,1.7881,1.5266,1.2567,10.0,10.0,10.0,10.0,10.0,10.0,10.0,10.0,10.0,1.1684,10.0,10.0,10.0,10.0,10.0,10.0,10.0,10.0,10.0,10.0,3.8623,2.3007,4.8339,2.0523,4.0834
10.0,10.0,10.0,10.0,10.0,10.0,10.0,10.0,10.0,1.1784,10.0,4.0271,4.4147,4.4672,4.346,4.0278,3.591,10.0,10.0,10.0,2.2733,10.0,1.9961,10.0,10.0,10.0,10.0,10.0,10.0,10.0,10.0,10.0,10.0,10.0,10.0,10.0,0.8106,10.0,10.0,10.0,10.0,2.9607,2.9643,5.7181,5.6522,5.5864,5.5205,3.5066,6.5307,6.4634,6.3652,4.1338,4.4375,4.5852,4.8252,4.312,3.797,3.2809,2.7668,2.254
10.0,0.6783,10.0,10.0,10.0,10.0,10.0,10.0,10.0,10.0,10.0,10.0,10.0,10.0,10.0,1.4996,10.0,10.0,10.0,1.2093,0.7146,10.0,10.0,0.7376,10.0,10.0,10.0,10.0,10.0,10.0,10.0,10.0,10.0,10.0,10.0,10.0,10.0,10.0,10.0,10.0,10.0,1.1921,10.0,10.0,1.2761,10.0,10.0,10.0,0.898,10.0,10.0,10.0,3.826,4.9881,0.1168,4.8628,1.1422,4.0165,10.0,10.0
10.0,10.0,10.0,10.0,10.0,10.0,10.0,10.0,10.0,1.1798,10.0,10.0,1.0717,10.0,10.0,0.2702,10.0,10.0,10.0,10.0,10.0,10.0,10.0,10.0,10.0,10.0,10.0,10.0,10.0,1.932,10.0,10.0,1.9094,10.0,10.0,10.0,10.0,3.793,4.2,4.4726,4.6851,4.8975,4.9532,4.9532,4.9532,4.9532,4.9532,4.9532,4.9532,4.9532,4.9532,4.8972,3.7965,10.0,10.0,10.0,2.8844,5.7933,5.7612,5.7039
3.8501,4.3988,4.5271,4.5614,4.5885,4.589,4.4346,4.0695,10.0,10.0,10.0,2.3661,1.8114,10.0,10.0,10.0,10.0,10.0,10.0,1.0735,10.0,1.6511,4.9416,4.9301,1.6711,4.495,4.0138,7.983,7.8754,7.741,7.2152,6.5844,5.8537,5.1501,1.3357,4.7804,7.2099,4.5867,5.6808,5.0503,4.2304,9.7181,9.6247,5.9123,1.1809,4.7885,4.8,4.5248,1.0438,2.1314,3.4087,8.6823,1.7243,7.4063,6.6973,1.3303,5.2701,4.5138,3.8402,3.1285
10.0,10.0,10.0,10.0,10.0,10.0,10.0,10.0,10.0,10.0,1.5235,10.0,10.0,10.0,10.0,10.0,10.0,3.7727,4.293,4.599,4.7708,4.9186,4.9186,4.9072,2.3992,2.9241,4.0587,1.5702,10.0,10.0,10.0,10.0,10.0,10.0,10.0,10.0,10.0,10.0,10.0,10.0,10.0,10.0,10.0,10.0,10.0,10.0,0.9097,10.0,10.0,10.0,10.0,10.0,10.0,10.0,10.0,10.0,10.0,10.0,10.0,4.7663
10.0,10.0,10.0,10.0,10.0,10.0,10.0,0.8427,10.0,10.0,10.0,10.0,0.3536,10.0,1.1094,1.3601,10.0,10.0,1.4402,10.0,1.1366,10.0,10.0,10.0,10.0,10.0,10.0,10.0,10.0,0.9361,10.0,10.0,10.0,10.0,10.0,10.0,10.0,0.9674,10.0,10.0,10.0,10.0,10.0,10.0,10.0,3.5076,10.0,3.4295,5.8474,3.2353,3.009,3.8548,6.1141,5.4659,4.4971,5.623,4.9514,1.6356,3.6079,2.9393
10.0,10.0,10.0,10.0,10.0,10.0,10.0,10.0,10.0,10.0,10.0,10.0,10.0,10.0,10.0,10.0,10.0,10.0,10.0,10.0,10.0,10.0,10.0,10.0,10.0,10.0,0.785,1.108,10.0,10.0,1.1181,10.0,10.0,3.2524,3.738,3.738,3.4836,3.738,3.738,3.5957,3.738,3.738,3.738,10.0,2.7431,4.2614,3.8566,4.0635,4.8621,4.8621,4.521,4.0897,10.0,10.0,10.0,10.0,10.0,6.3702,6.4968,6.5546
10.0,10.0,10.0,10.0,10.0,10.0,2.693,10.0,10.0,2.6331,10.0,10.0,10.0,10.0,1.6264,10.0,10.0,10.0,10.0,10.0,10.0,10.0,10.0,10.0,1.7859,10.0,10.0,10.0,10.0,10.0,3.7097,4.149,4.4931,4.8398,3.1604,3.9548,1.278,10.0,10.0,1.7389,10.0,10.0,10.0,10.0,10.0,10.0,1.9661,10.0,10.0,10.0,10.0,10.0,10.0,3.8887,1.5078,4.8511,4.8398,5.7701,10.0,10.0
10.0,10.0,10.0,10.0,10.0,10.0,10.0,2.0405,3.4887,2.3149,4.829,4.6113,4.2101,3.1449,2.6043,2.8721,4.829,4.8178,4.8178,4.4572,4.1696,3.6928,3.2376,10.0,10.0,10.0,10.0,10.0,10.0,10.0,10.0,10.0,10.0,10.0,10.0,10.0,10.0,10.0,5.2738,3.1057,3.1246,3.0577,0.8021,5.8034,2.8749,2.7064,6.7582,6.6899,3.8286,0.7406,4.6907,4.6907,4.5067,4.3668,4.3027,4.3722,3.8499,3.3266,2.8053,10.0
10.0,10.0,10.0,10.0,10.0,0.9457,10.0,10.0,10.0,10.0,10.0,10.0,10.0,10.0,10.0,10.0,10.0,2.2791,10.0,10.0,10.0,1.1556,10.0,10.0,10.0,10.0,10.0,10.0,10.0,10.0,10.0,10.0,10.0,10.0,10.0,10.0,10.0,10.0,10.0,10.0,10.0,10.0,10.0,10.0,10.0,0.9763,10.0,10.0,10.0,10.0,10.0,10.0,10.0,2.0698,10.0,1.7254,4.2856,4.7495,2.0285,4.7959
10.0,10.0,10.0,10.0,10.0,10.0,10.0,10.0,0.8716,10.0,10.0,10.0,10.0,10.0,10.0,10.0,10.0,10.0,0.8634,10.0,10.0,10.0,10.0,10.0,10.0,10.0,10.0,10.0,10.0,10.0,10.0,10.0,10.0,10.0,10.0,10.0,2.031,10.0,10.0,10.0,2.178,10.0,10.0,2.0281,10.0,10.0,1.8781,10.0,10.0,1.7568,10.0,10.0,5.7858,5.9073,1.0904,3.0854,3.1097,3.114,3.0804,3.0204
10.0,10.0,10.0,10.0,10.0,10.0,10.0,10.0,10.0,10.0,10.0,1.8874,10.0,10.0,10.0,10.0,10.0,10.0,10.0,10.0,0.6554,1.0765,10.0,10.0,0.9918,2.5391,4.7639,4.7528,4.7413,4.4752,4.2261,3.7402,3.7903,7.6044,2.8139,10.0,10.0,10.0,2.4496,10.0,10.0,2.5635,4.4793,3.6296,4.6274,2.3527,2.04,3.7382,4.2929,3.9262,7.7882,7.5679,7.3642,7.2488,7.1963,7.1346,1.0222,7.5682,6.3823,5.1995
10.0,10.0,10.0,10.0,3.4943,3.6377,3.6377,3.6377,3.6377,3.6377,3.6377,3.5568,3.6377,3.6377,4.2866,4.6344,4.7426,1.5173,3.2336,3.8149,10.0,10.0,10.0,10.0,3.8165,4.204,4.4933,4.7316,1.4239,0.796,10.0,1.4009,10.0,10.0,10.0,10.0,10.0,0.9623,10.0,10.0,10.0,10.0,10.0,10.0,10.0,10.0,10.0,10.0,10.0,10.0,0.768,10.0,10.0,10.0,2.7606,10.0,3.6948,3.6859,3.1566,3.6358
10.0,10.0,10.0,1.0249,10.0,10.0,10.0,10.0,10.0,10.0,10.0,10.0,1.1066,2.1972,10.0,10.0,10.0,10.0,1.983,10.0,1.6733,10.0,10.0,10.0,10.0,10.0,10.0,10.0,10.0,10.0,10.0,10.0,10.0,10.0,10.0,10.0,10.0,10.0,10.0,10.0,10.0,10.0,10.0,0.7757,2.9817,2.9338,5.847,5.7773,2.6411,4.3304,0.6201,1.8243,6.1836,5.6552,2.9221,4.57,3.2833,3.4771,2.9322,2.3889
10.0,10.0,10.0,10.0,0.8193,10.0,10.0,10.0,10.0,10.0,10.0,10.0,10.0,10.0,10.0,10.0,10.0,1.0634,10.0,10.0,10.0,10.0,10.0,10.0,10.0,10.0,10.0,10.0,10.0,10.0,10.0,0.7515,10.0,10.0,10.0,10.0,10.0,10.0,10.0,10.0,1.5388,10.0,10.0,1.6826,10.0,10.0,10.0,10.0,10.0,10.0,3.8647,4.7005,4.6896,4.4299,0.1264,10.0,10.0,10.0,1.1435,10.0
1.7409,10.0,10.0,1.3545,10.0,10.0,10.0,10.0,10.0,10.0,10.0,10.0,10.0,10.0,10.0,10.0,0.7333,10.0,10.0,10.0,10.0,10.0,10.0,10.0,10.0,10.0,10.0,10.0,10.0,10.0,10.0,10.0,3.3683,3.5957,4.0766,4.3228,4.5693,4.6689,4.6689,4.6798,4.6798,3.6666,4.152,4.419,4.4305,4.442,4.4535,4.4651,4.4766,4.4881,4.5424,4.613,4.6798,1.2113,3.772,10.0,10.0,10.0,3.0547,2.9952
4.6484,4.6484,4.6484,4.6484,4.048,3.5676,4.6592,4.5735,4.2785,3.9136,3.3554,2.8548,2.3766,1.8377,10.0,1.5003,10.0,1.1875,10.0,3.7208,3.782,4.6484,4.6393,4.3228,3.9564,10.0,10.0,10.0,9.8748,8.9166,1.8166,7.3691,7.697,6.9343,5.8992,4.9595,3.953,3.8739,1.0179,6.6641,5.5976,3.5669,3.8429,8.0505,10.0,7.8927,3.4294,2.411,4.5257,4.1913,3.5742,7.1622,6.6867,0.3939,5.6568,5.0551,1.9677,3.8463,3.2435,2.6425
10.0,10.0,10.0,10.0,10.0,10.0,10.0,10.0,10.0,1.106,10.0,10.0,10.0,10.0,10.0,10.0,10.0,10.0,10.0,3.803,4.0554,4.2014,1.4638,1.1653,10.0,1.4431,0.5469,10.0,0.4443,10.0,10.0,10.0,10.0,10.0,10.0,10.0,10.0,10.0,10.0,10.0,10.0,10.0,10.0,10.0,10.0,10.0,10.0,10.0,10.0,10.0,10.0,10.0,10.0,10.0,10.0,0.5511,10.0,4.0348,4.0847,4.1622
10.0,10.0,10.0,10.0,10.0,10.0,10.0,10.0,10.0,10.0,10.0,10.0,0.3731,10.0,10.0,10.0,10.0,10.0,10.0,10.0,10.0,10.0,0.9821,10.0,10.0,10.0,10.0,10.0,1.0251,10.0,10.0,10.0,10.0,10.0,10.0,10.0,10.0,10.0,10.0,10.0,10.0,1.1554,10.0,10.0,1.0803,10.0,10.0,4.1752,4.2423,5.4099,3.9707,0.8358,6.9986,1.3089,6.1632,5.2211,10.0,3.6381,4.5624,3.7169
10.0,10.0,10.0,10.0,10.0,10.0,1.0847,10.0,10.0,10.0,10.0,10.0,10.0,10.0,10.0,10.0,10.0,10.0,10.0,10.0,10.0,10.0,10.0,10.0,10.0,10.0,10.0,10.0,10.0,1.5535,1.8278,4.5703,4.5986,4.5986,4.5986,4.5986,4.5986,4.5986,4.5986,4.5986,4.5986,4.9369,3.6525,3.3848,4.4668,4.1734,3.8761,3.3955,4.5879,4.3208,3.9996,3.5165,10.0,7.0815,6.382,6.4879,6.4646,6.4604,6.4927,6.5504
10.0,10.0,10.0,10.0,10.0,10.0,4.5681,4.5681,4.5681,4.5681,4.5681,4.5681,4.5681,4.474,4.1061,2.0611,10.0,10.0,10.0,10.0,10.0,1.6662,10.0,10.0,2.4758,10.0,2.6878,3.2189,3.7346,4.2008,4.5303,1.7217,4.5787,2.2311,10.0,0.843,10.0,10.0,1.2982,10.0,10.0,10.0,10.0,10.0,10.0,10.0,10.0,10.0,1.4313,10.0,10.0,1.1097,10.0,10.0,3.6099,4.1913,4.5787,1.6782,3.9111,5.9371
10.0,10.0,1.4479,10.0,10.0,1.5143,10.0,10.0,10.0,10.0,3.3244,0.6363,1.4365,4.5484,4.5484,4.525,4.2991,4.0729,3.6305,10.0,2.9399,10.0,2.7191,10.0,10.0,10.0,10.0,10.0,10.0,1.0727,10.0,10.0,1.1342,10.0,10.0,10.0,10.0,10.0,10.0,10.0,5.9046,2.9981,2.9325,2.867,2.8328,5.5591,2.5841,6.5634,6.4964,6.4295,3.9171,4.4178,4.4178,4.4178,4.8,4.2894,3.7771,3.2637,2.7522,2.2422
10.0,10.0,10.0,10.0,10.0,10.0,10.0,10.0,10.0,10.0,10.0,0.8162,10.0,10.0,10.0,10.0,10.0,1.6049,10.0,10.0,10.0,10.0,10.0,10.0,10.0,10.0,10.0,0.6955,10.0,10.0,10.0,10.0,10.0,0.5927,10.0,10.0,10.0,10.0,1.0381,10.0,10.0,10.0,10.0,10.0,10.0,10.0,10.0,10.0,1.1658,10.0,10.0,10.0,1.765,3.7594,0.1149,4.5395,4.5289,4.4881,4.0696,1.4745
10.0,10.0,1.0155,10.0,10.0,10.0,10.0,10.0,10.0,10.0,10.0,10.0,10.0,10.0,10.0,0.2467,10.0,10.0,10.0,10.0,1.0281,10.0,10.0,0.9688,10.0,10.0,1.0551,10.0,1.4664,10.0,10.0,1.4856,10.0,1.7875,10.0,10.0,10.0,3.2338,3.4565,3.8127,3.9534,3.9427,3.9321,3.8958,3.8527,3.8096,3.7664,3.7233,3.6802,3.637,3.4565,3.4565,0.8776,10.0,10.0,2.9814,2.9903,2.9945,2.9622,2.9045
2.1608,10.0,2.8655,3.5995,3.6208,3.0097,3.6216,3.6196,3.6176,10.0,10.0,10.0,10.0,1.3438,10.0,10.0,10.0,10.0,0.8247,1.2423,10.0,10.0,10.0,1.4444,4.5009,4.4905,4.3645,4.0281,3.6115,6.9738,6.8973,6.5372,6.1559,1.7855,5.5635,5.4456,5.3282,5.2201,5.105,10.0,1.5003,10.0,10.0,5.1755,3.5382,4.372,4.372,1.4104,2.5654,3.0345,3.4419,7.7802,7.6866,1.3058,7.8224,6.9904,6.1554,5.3187,4.249,3.6541
10.0,10.0,10.0,10.0,1.8099,10.0,10.0,10.0,10.0,10.0,10.0,1.9896,10.0,10.0,10.0,3.5944,3.9139,1.0104,2.7786,4.4819,3.4273,3.9251,3.5097,3.793,4.4715,4.4715,2.6019,0.9863,1.231,10.0,10.0,10.0,10.0,10.0,0.5434,10.0,10.0,10.0,10.0,10.0,10.0,10.0,10.0,0.9151,10.0,10.0,10.0,10.0,10.0,10.0,1.0085,10.0,10.0,10.0,10.0,10.0,10.0,10.0,4.3431,4.266
1.1574,10.0,10.0,10.0,10.0,10.0,10.0,10.0,10.0,10.0,0.9147,10.0,10.0,10.0,0.6056,10.0,10.0,1.8577,10.0,10.0,10.0,1.2678,10.0,10.0,1.1748,10.0,10.0,10.0,10.0,10.0,10.0,10.0,10.0,10.0,10.0,10.0,10.0,10.0,10.0,10.0,0.8705,10.0,10.0,10.0,3.2746,10.0,3.198,6.2106,3.0522,2.8387,0.7424,4.6108,1.5595,4.9938,1.8743,5.1128,2.0503,3.8901,3.2805,1.842
10.0,10.0,10.0,10.0,10.0,10.0,10.0,10.0,10.0,10.0,0.8863,10.0,10.0,10.0,10.0,10.0,10.0,10.0,0.9194,10.0,10.0,0.6927,10.0,10.0,10.0,0.3655,10.0,0.4693,10.0,10.0,10.0,10.0,0.9171,10.0,10.0,2.3144,10.0,10.0,2.4626,10.0,10.0,2.6106,10.0,10.0,10.0,2.4777,1.7745,10.0,5.1674,3.4626,4.434,4.3255,3.9803,3.4287,0.1449,0.9392,10.0,10.0,7.0777,6.6328
10.0,10.0,10.0,10.0,10.0,10.0,10.0,10.0,10.0,10.0,10.0,1.979,10.0,10.0,10.0,10.0,10.0,10.0,10.0,10.0,10.0,10.0,10.0,10.0,10.0,10.0,10.0,10.0,10.0,10.0,10.0,3.5211,3.9485,4.2636,4.4155,4.4257,4.4257,1.7544,3.6101,10.0,10.0,10.0,10.0,10.0,2.5553,10.0,10.0,10.0,10.0,10.0,10.0,2.8105,3.8709,4.365,4.4257,3.3844,10.0,10.0,10.0,3.306
3.7912,3.3703,3.3703,3.5504,3.5296,3.0241,3.5288,3.2971,3.5327,2.9029,1.1279,3.8636,3.5275,10.0,10.0,2.1374,1.6332,1.9029,3.4719,4.3971,4.3577,4.071,3.792,3.2794,2.7644,2.2488,10.0,10.0,10.0,10.0,10.0,1.4065,10.0,10.0,7.7383,7.0225,6.4779,4.7957,3.3357,6.4029,3.2811,6.2633,5.9971,3.0717,2.9032,0.8552,7.0538,3.4821,4.2709,0.7242,4.2811,3.8699,0.9262,0.4405,3.2543,3.2543,3.223,3.4722,2.9281,2.3855
10.0,10.0,1.0005,10.0,10.0,10.0,10.0,10.0,10.0,10.0,10.0,10.0,10.0,10.0,10.0,10.0,10.0,10.0,10.0,3.262,10.0,1.025,0.7625,10.0,1.0331,10.0,10.0,10.0,10.0,0.7742,10.0,10.0,0.6238,10.0,10.0,10.0,10.0,10.0,10.0,10.0,10.0,10.0,0.9079,10.0,10.0,10.0,10.0,10.0,10.0,0.6707,10.0,10.0,10.0,10.0,2.4965,10.0,10.0,3.5339,4.0707,2.5166
10.0,10.0,10.0,10.0,10.0,10.0,10.0,10.0,10.0,10.0,10.0,0.8502,10.0,10.0,10.0,0.8273,10.0,10.0,10.0,10.0,10.0,10.0,10.0,10.0,10.0,10.0,10.0,10.0,10.0,10.0,10.0,10.0,10.0,1.2855,10.0,1.6022,10.0,10.0,10.0,10.0,10.0,10.0,1.5828,10.0,10.0,1.426,10.0,10.0,10.0,10.0,5.3372,5.2526,4.4288,3.0776,6.3919,3.2833,1.2062,3.3136,3.278,10.0
10.0,10.0,1.3331,10.0,10.0,1.5046,10.0,10.0,10.0,10.0,10.0,10.0,1.4273,10.0,1.0512,10.0,10.0,0.8879,10.0,10.0,0.8836,10.0,10.0,10.0,10.0,1.0838,0.8367,2.4838,4.353,4.3429,4.3429,4.3429,4.1527,4.02,3.9164,3.8979,3.8798,3.8688,3.8577,3.8472,3.8368,3.8265,3.8162,3.4459,4.2284,4.2012,3.5692,3.5491,4.2609,3.9747,1.94,1.4104,6.9906,6.8595,6.7956,1.4709,6.7241,6.7204,7.039,7.3461
10.0,10.0,10.0,10.0,10.0,10.0,4.301,4.2985,4.2959,4.2931,4.2903,4.2876,4.2848,4.3352,4.3352,4.3252,0.5179,3.3152,1.3783,10.0,1.6916,10.0,10.0,10.0,3.4556,3.5315,3.9023,4.1962,4.3252,4.3352,2.0543,3.5787,10.0,10.0,10.0,10.0,10.0,10.0,10.0,10.0,10.0,10.0,10.0,10.0,1.1858,10.0,10.0,10.0,10.0,10.0,10.0,1.2837,1.7547,10.0,10.0,3.5896,4.0284,2.7034,3.34,4.344
10.0,10.0,10.0,10.0,10.0,10.0,1.0912,10.0,10.0,10.0,10.0,10.0,2.5794,1.0145,3.7755,3.5223,3.3017,10.0,10.0,10.0,10.0,1.7955,10.0,10.0,1.816,10.0,10.0,10.0,1.0209,10.0,10.0,10.0,10.0,10.0,10.0,10.0,10.0,10.0,10.0,10.0,10.0,10.0,10.0,5.7244,2.8979,2.8127,0.7359,2.6259,4.4603,6.614,6.5135,3.0191,3.5947,3.742,3.7973,3.8397,3.8855,3.3573,2.8312,2.3066
10.0,10.0,10.0,10.0,10.0,10.0,10.0,10.0,10.0,10.0,10.0,10.0,10.0,10.0,10.0,10.0,1.2338,10.0,10.0,10.0,0.8819,10.0,10.0,10.0,10.0,10.0,10.0,10.0,10.0,10.0,10.0,0.7886,10.0,10.0,1.3216,10.0,10.0,10.0,10.0,10.0,10.0,10.0,10.0,10.0,10.0,10.0,10.0,10.0,0.9702,10.0,10.0,1.5963,2.5598,4.2901,0.1205,4.0041,3.4621,10.0,1.8012,10.0
10.0,10.0,10.0,10.0,10.0,10.0,10.0,10.0,10.0,1.1544,10.0,10.0,10.0,10.0,10.0,0.2931,10.0,10.0,10.0,10.0,10.0,10.0,10.0,10.0,10.0,1.0982,10.0,10.0,10.0,10.0,10.0,2.1365,10.0,10.0,2.9337,3.4155,3.8041,4.0143,4.2245,4.2727,4.2727,4.2827,4.2827,4.2827,4.2827,4.2827,4.2727,4.2727,4.2727,4.2727,4.2727,4.2727,4.2226,3.4303,10.0,1.211,10.0,4.5258,5.912,5.8538
4.1951,4.2655,4.2655,4.2655,4.2655,4.2556,4.2655,4.0846,3.8211,3.4206,10.0,10.0,10.0,10.0,1.4024,10.0,10.0,1.2905,10.0,1.9103,2.1545,3.2717,4.2655,1.0965,4.2556,3.9932,3.6826,3.2618,2.7931,7.4739,6.9202,6.6614,6.5111,5.7946,4.9297,4.3389,4.3522,4.2894,6.3662,5.475,4.6776,1.1199,9.0026,8.9153,8.8279,3.4067,2.7884,4.1433,1.0349,3.6717,3.3109,2.1605,7.5748,6.9275,6.2644,5.4023,4.9295,1.5115,3.592,2.9263
10.0,10.0,10.0,1.3259,10.0,10.0,10.0,10.0,10.0,10.0,10.0,10.0,10.0,1.4246,10.0,10.0,10.0,3.3343,3.7896,4.0597,4.2116,4.2385,4.2484,1.9348,2.4574,3.5595,10.0,10.0,10.0,10.0,10.0,0.8444,10.0,10.0,10.0,10.0,10.0,10.0,10.0,10.0,10.0,10.0,10.0,10.0,10.0,10.0,0.9088,10.0,10.0,10.0,10.0,10.0,10.0,10.0,10.0,0.594,1.0742,1.5774,2.0905,2.6287
10.0,10.0,10.0,10.0,0.835,10.0,10.0,10.0,10.0,10.0,10.0,10.0,0.3335,0.8449,1.1524,10.0,10.0,10.0,10.0,10.0,10.0,10.0,10.0,10.0,10.0,10.0,1.2166,10.0,10.0,10.0,10.0,10.0,0.9828,10.0,10.0,10.0,10.0,10.0,10.0,10.0,10.0,10.0,10.0,10.0,10.0,10.0,3.8647,0.9279,3.6533,3.5451,6.7986,3.5529,6.6426,6.033,5.2248,1.5136,5.2891,4.6573,3.9275,3.1997
0.717,10.0,10.0,1.0126,10.0,10.0,10.0,10.0,10.0,10.0,10.0,10.0,10.0,1.191,10.0,10.0,10.0,10.0,10.0,0.8393,10.0,10.0,10.0,10.0,10.0,0.7364,10.0,10.0,1.3408,10.0,10.0,1.3631,3.7222,3.8586,3.9652,3.9842,4.0028,4.0142,4.0255,4.0363,4.047,4.0577,4.0683,3.2619,4.0939,4.0162,3.7304,3.3596,3.3523,4.2048,4.0839,3.7521,3.2771,10.0,10.0,6.7968,1.379,0.9165,6.4657,6.5114
10.0,10.0,10.0,10.0,3.5372,3.5357,3.5342,3.5417,3.5493,3.5576,3.5661,3.5746,3.5833,3.2101,10.0,10.0,10.0,10.0,10.0,10.0,10.0,10.0,10.0,2.0621,10.0,10.0,2.0508,10.0,10.0,3.4647,3.8483,4.1398,4.1881,3.7734,3.2199,1.5582,10.0,10.0,10.0,10.0,10.0,10.0,1.6308,10.0,10.0,10.0,10.0,10.0,10.0,10.0,10.0,10.0,10.0,3.4213,1.4141,4.1979,4.1881,5.127,10.0,10.0
2.3865,10.0,10.0,10.0,10.0,10.0,10.0,10.0,10.0,3.0441,1.8914,1.9143,4.1813,3.8805,4.1813,4.1813,4.1716,4.1716,4.1716,3.9294,3.7767,3.4384,10.0,10.0,2.2611,10.0,10.0,1.327,10.0,10.0,1.2517,10.0,10.0,10.0,10.0,10.0,10.0,10.0,6.6103,4.7056,3.123,3.0669,5.8951,5.8286,5.7622,2.7732,6.7182,6.6504,6.5826,0.7461,4.0518,4.0616,4.0616,4.0616,4.0616,4.3463,3.8272,3.307,10.0,10.0
10.0,10.0,10.0,10.0,10.0,10.0,10.0,10.0,0.856,10.0,10.0,10.0,10.0,10.0,10.0,10.0,1.8618,10.0,2.068,1.8109,1.5108,10.0,0.8506,10.0,10.0,0.8912,10.0,10.0,10.0,10.0,10.0,10.0,10.0,10.0,10.0,0.9992,10.0,10.0,10.0,10.0,10.0,10.0,10.0,10.0,10.0,10.0,10.0,10.0,10.0,10.0,10.0,10.0,10.0,10.0,10.0,3.7846,4.1649,1.5391,4.1552,4.1552
10.0,10.0,10.0,10.0,10.0,0.9272,10.0,10.0,10.0,10.0,10.0,10.0,10.0,10.0,10.0,0.3036,10.0,10.0,10.0,10.0,10.0,10.0,10.0,10.0,10.0,10.0,10.0,10.0,10.0,1.2349,10.0,10.0,1.3543,10.0,10.0,10.0,10.0,2.5086,10.0,10.0,10.0,2.6721,10.0,10.0,2.5256,10.0,10.0,2.3792,10.0,10.0,2.2309,10.0,10.0,5.8647,4.0519,6.0174,3.0881,3.0896,6.0125,1.003
10.0,1.7333,10.0,10.0,10.0,10.0,10.0,2.0475,10.0,10.0,10.0,10.0,10.0,10.0,10.0,1.0899,10.0,10.0,0.9366,10.0,10.0,10.0,10.0,10.0,0.6388,3.1697,4.1324,4.1228,4.0163,3.7922,3.562,3.1601,7.0985,6.3728,6.7891,6.4324,6.1054,10.0,10.0,1.9747,10.0,10.0,2.1055,4.7174,3.2337,4.014,1.8861,3.7229,3.3484,3.7801,3.4376,7.1831,6.966,6.8669,1.76,6.9107,6.771,6.5229,5.5008,4.4814
10.0,10.0,2.5197,10.0,10.0,10.0,2.7297,10.0,10.0,2.5833,10.0,10.0,2.4765,2.9578,3.5343,3.86,1.8034,4.1164,2.0338,3.2233,3.4988,2.837,3.3899,3.7237,3.9461,4.1068,4.1068,4.1164,3.3607,10.0,10.0,10.0,1.2024,0.7753,10.0,10.0,10.0,10.0,10.0,10.0,0.9383,10.0,10.0,10.0,10.0,10.0,10.0,10.0,10.0,10.0,0.7534,10.0,10.0,10.0,10.0,3.1757,3.61,3.6014,3.5589,3.4386
10.0,10.0,10.0,10.0,10.0,10.0,10.0,10.0,10.0,10.0,10.0,10.0,10.0,10.0,0.5632,10.0,10.0,10.0,10.0,1.4952,10.0,10.0,1.4156,10.0,10.0,1.44,10.0,0.9623,10.0,10.0,10.0,10.0,10.0,0.9853,10.0,10.0,10.0,10.0,10.0,10.0,10.0,10.0,10.0,0.8012,4.3332,3.0587,6.1697,2.9131,6.0241,3.5732,0.6489,5.695,6.4561,2.2459,5.3392,2.4823,4.2014,3.6303,3.0615,2.4941
10.0,10.0,10.0,10.0,10.0,10.0,10.0,0.8392,10.0,10.0,10.0,10.0,10.0,10.0,1.1833,10.0,10.0,10.0,10.0,10.0,10.0,0.5051,10.0,10.0,0.7042,0.3979,10.0,10.0,10.0,1.0198,10.0,10.0,10.0,10.0,10.0,10.0,1.887,10.0,10.0,10.0,10.0,10.0,10.0,10.0,10.0,10.0,1.9741,1.3122,10.0,10.0,2.0259,2.4446,4.0752,1.13,0.1331,10.0,10.0,1.4946,10.0,6.7761
10.0,10.0,10.0,10.0,10.0,10.0,10.0,10.0,10.0,10.0,1.5273,10.0,10.0,0.5235,10.0,10.0,10.0,10.0,10.0,10.0,10.0,1.2382,10.0,10.0,10.0,10.0,10.0,10.0,1.8811,10.0,10.0,3.1118,3.5547,3.8384,4.0595,4.0595,4.0595,4.069,4.069,2.7589,3.2521,3.5822,3.5916,3.601,3.6103,3.6197,3.6291,3.6385,3.6478,3.6572,3.7015,3.759,4.069,1.102,3.1116,10.0,10.0,10.0,3.1559,4.708
4.044,4.0289,3.9196,3.8907,3.8679,3.8675,3.2582,2.6317,2.1357,3.9336,3.6421,3.1403,10.0,10.0,10.0,10.0,1.7002,10.0,1.4782,3.2062,2.5901,4.044,4.0138,3.7408,3.3991,2.9266,2.4049,10.0,10.0,10.0,1.8806,8.6006,7.4935,6.6112,6.8537,1.0055,4.6536,3.6153,6.6003,6.7368,6.4824,3.4235,4.3138,3.1967,7.6686,7.5927,9.6984,2.9835,3.9279,3.9373,3.6915,3.0555,2.7958,0.4112,5.4418,4.863,4.2821,3.7001,2.2747,2.542
10.0,10.0,10.0,10.0,10.0,10.0,10.0,10.0,10.0,10.0,10.0,10.0,1.0304,10.0,10.0,10.0,10.0,10.0,3.1322,3.5467,3.6792,3.4553,1.5675,1.2257,10.0,10.0,0.6124,0.9352,0.4725,10.0,10.0,10.0,0.7156,10.0,10.0,10.0,10.0,10.0,10.0,0.8606,10.0,10.0,10.0,10.0,10.0,10.0,10.0,10.0,10.0,10.0,10.0,10.0,10.0,10.0,10.0,0.6653,3.2003,3.2333,3.1253,3.4664
10.0,0.9617,10.0,10.0,10.0,10.0,10.0,10.0,10.0,10.0,10.0,10.0,10.0,10.0,10.0,10.0,0.9943,10.0,10.0,1.0704,10.0,10.0,10.0,10.0,10.0,0.9638,10.0,10.0,10.0,10.0,10.0,1.0044,10.0,10.0,10.0,10.0,10.0,10.0,1.2781,10.0,10.0,10.0,10.0,10.0,10.0,10.0,10.0,10.0,4.5633,4.5112,4.3307,0.8921,3.5178,3.4028,6.7677,6.0429,4.9692,3.59,1.3109,4.2247
10.0,10.0,10.0,10.0,10.0,10.0,10.0,10.0,10.0,1.1772,10.0,10.0,10.0,10.0,10.0,10.0,10.0,10.0,10.0,10.0,10.0,10.0,10.0,10.0,10.0,10.0,1.4582,1.7816,2.0017,3.8373,4.0074,4.0074,3.9981,3.9981,3.9981,3.9981,3.9981,3.9981,3.9981,3.9981,3.9981,3.9981,3.9981,3.2112,3.8833,3.8926,3.6948,3.3001,2.959,3.9888,3.6914,3.3213,6.6927,6.4159,6.591,6.5326,6.1538,6.1644,6.5373,1.058
10.0,10.0,10.0,10.0,10.0,3.9831,3.9831,3.9831,3.9831,3.9831,3.9831,3.9831,3.9831,3.9831,0.8697,3.679,1.1512,10.0,10.0,1.2345,10.0,10.0,10.0,10.0,10.0,3.053,3.4104,3.6053,3.8621,3.9831,1.2697,3.9923,3.3026,10.0,1.1297,10.0,10.0,10.0,10.0,10.0,10.0,1.2168,10.0,10.0,10.0,10.0,10.0,10.0,10.0,10.0,10.0,10.0,1.5759,10.0,3.3391,3.7693,2.3294,3.053,4.5745,10.0
10.0,10.0,1.4471,10.0,10.0,10.0,10.0,10.0,10.0,10.0,10.0,1.4728,3.9681,3.9681,3.9681,3.867,3.6748,3.4814,3.0415,10.0,10.0,10.0,10.0,2.2627,10.0,10.0,1.2849,10.0,10.0,10.0,10.0,10.0,10.0,10.0,10.0,10.0,0.8214,10.0,10.0,10.0,10.0,2.9691,2.9866,5.8219,5.7555,5.6892,5.6228,4.6405,6.5789,6.5111,1.8354,3.6686,3.8542,3.8542,3.8542,4.3439,3.825,3.3051,2.7872,2.2707
10.0,0.6903,10.0,10.0,10.0,10.0,10.0,10.0,10.0,10.0,10.0,10.0,10.0,10.0,10.0,1.4433,10.0,10.0,1.4264,10.0,0.6999,10.0,10.0,10.0,10.0,10.0,0.7074,10.0,10.0,10.0,10.0,10.0,10.0,10.0,10.0,10.0,10.0,10.0,10.0,10.0,10.0,1.1557,10.0,10.0,10.0,10.0,10.0,10.0,10.0,10.0,10.0,10.0,10.0,2.6828,0.1172,3.9533,3.9533,3.6087,3.0301,10.0
10.0,10.0,10.0,10.0,10.0,10.0,10.0,10.0,10.0,10.0,10.0,10.0,1.0439,10.0,10.0,0.2632,10.0,10.0,10.0,10.0,10.0,10.0,10.0,10.0,10.0,10.0,10.0,10.0,10.0,10.0,1.6536,10.0,10.0,10.0,2.2942,2.8489,3.0943,3.4641,3.6455,3.8272,3.9386,3.9288,3.9175,3.9063,3.8952,3.8846,3.874,3.8634,3.8528,3.8422,3.7921,3.7271,3.2294,10.0,10.0,6.2687,5.6502,1.106,5.892,5.834
3.0168,3.4562,3.5569,3.5839,3.6052,3.6056,3.606,3.604,3.4854,3.0918,10.0,10.0,10.0,10.0,10.0,10.0,1.1325,10.0,0.8208,10.0,1.4554,10.0,3.242,1.9055,1.7354,3.924,3.8483,3.5517,3.2176,3.1406,7.8501,5.9966,5.427,5.0822,5.0916,4.9789,4.8716,1.4087,4.6739,4.5757,4.5041,10.0,10.0,10.0,9.947,3.1298,3.8113,3.8204,1.1125,2.1477,2.6294,3.0076,8.0938,2.1266,7.1559,1.418,5.631,4.6396,4.1031,3.3427
10.0,10.0,10.0,10.0,10.0,10.0,10.0,1.6569,10.0,10.0,1.5591,10.0,10.0,10.0,10.0,3.1338,3.4077,3.6917,1.5223,2.0192,2.5415,3.9091,3.9094,3.9094,3.9185,2.1479,2.6007,10.0,10.0,10.0,1.0481,10.0,10.0,10.0,0.5732,10.0,10.0,10.0,10.0,10.0,10.0,10.0,10.0,0.9449,10.0,10.0,10.0,10.0,10.0,10.0,10.0,10.0,10.0,10.0,10.0,10.0,10.0,3.7972,3.7972,3.7972
10.0,10.0,10.0,10.0,10.0,10.0,10.0,0.8657,10.0,10.0,10.0,10.0,10.0,10.0,10.0,10.0,1.6013,10.0,10.0,10.0,10.0,10.0,10.0,10.0,10.0,10.0,10.0,10.0,10.0,10.0,10.0,10.0,10.0,10.0,10.0,10.0,10.0,0.9492,10.0,10.0,10.0,10.0,10.0,10.0,10.0,3.926,3.4249,5.5686,3.2525,6.7713,3.3291,4.1258,4.3719,4.5948,4.705,5.4683,4.8152,4.1606,3.5087,2.8585
10.0,10.0,10.0,10.0,10.0,10.0,10.0,10.0,10.0,10.0,0.9056,10.0,10.0,10.0,10.0,0.9949,10.0,10.0,10.0,10.0,10.0,10.0,10.0,10.0,10.0,10.0,0.8182,10.0,10.0,10.0,1.1173,10.0,2.1298,3.1362,2.8112,2.9836,2.9836,2.9561,2.9836,3.0105,3.0405,3.0703,3.1001,3.1299,2.8631,2.2802,3.6309,3.3528,2.8978,3.167,3.8808,3.871,3.5611,3.136,10.0,10.0,10.0,6.1475,6.1584,6.0025
10.0,10.0,2.5667,10.0,10.0,2.2997,10.0,10.0,10.0,10.0,10.0,10.0,2.4824,10.0,10.0,0.7727,10.0,10.0,0.8724,10.0,10.0,10.0,1.6133,10.0,10.0,1.5905,10.0,1.9319,2.4754,2.9637,3.3717,3.6271,3.8666,3.8666,3.8756,3.6809,1.2944,10.0,10.0,10.0,10.0,10.0,10.0,2.0959,10.0,10.0,10.0,10.0,10.0,10.0,2.3612,10.0,3.2497,3.7536,1.5127,3.8666,1.3457,10.0,10.0,10.0
3.0029,3.1143,10.0,2.4322,10.0,10.0,10.0,10.0,2.9895,3.8525,1.121,3.8366,3.5023,3.0259,3.123,2.1294,2.4087,3.8614,3.8614,3.8525,3.8525,3.641,3.4092,2.9905,10.0,10.0,1.8173,10.0,10.0,10.0,10.0,10.0,10.0,10.0,10.0,7.0843,5.8314,6.2278,4.3264,6.2114,3.2255,6.0845,0.8285,5.815,3.9447,7.0062,6.9361,6.8661,3.056,3.7419,3.7508,3.7508,3.6023,3.4905,3.4392,3.4,3.3909,3.4142,2.8792,2.3456
10.0,10.0,10.0,10.0,10.0,0.9132,10.0,10.0,10.0,10.0,10.0,10.0,10.0,10.0,10.0,10.0,10.0,10.0,2.8407,2.5127,10.0,10.0,0.7612,10.0,10.0,10.0,10.0,10.0,10.0,10.0,10.0,10.0,0.6472,10.0,10.0,10.0,10.0,10.0,10.0,10.0,10.0,10.0,10.0,10.0,10.0,1.0634,10.0,10.0,10.0,10.0,10.0,10.0,10.0,10.0,10.0,10.0,3.3607,3.7245,2.0029,3.8474
10.0,10.0,10.0,10.0,10.0,10.0,10.0,10.0,0.8695,10.0,10.0,10.0,10.0,10.0,10.0,0.8873,10.0,10.0,10.0,10.0,10.0,10.0,10.0,10.0,0.9442,10.0,10.0,10.0,10.0,10.0,1.116,10.0,10.0,10.0,10.0,10.0,2.038,10.0,10.0,10.0,10.0,10.0,10.0,10.0,10.0,10.0,10.0,10.0,10.0,1.7946,10.0,5.8878,5.4242,3.9922,6.148,3.2016,6.2306,6.1273,4.7806,3.1159
10.0,10.0,10.0,10.0,10.0,10.0,10.0,10.0,1.5999,10.0,10.0,10.0,10.0,10.0,10.0,10.0,10.0,10.0,10.0,10.0,0.7339,10.0,10.0,10.0,1.0607,1.8344,2.8939,3.8197,3.8197,3.8108,3.8108,3.641,3.4549,3.3445,3.0975,3.0425,2.9888,2.956,2.9233,2.9209,2.9209,2.9209,2.9209,2.9209,2.888,2.5013,3.7103,3.1506,3.1386,3.7304,3.4531,3.0638,6.5243,6.4096,6.3863,6.3301,6.3939,6.1894,6.6107,5.9139
10.0,10.0,10.0,10.0,3.5057,3.5061,3.5065,3.5045,3.5025,3.5004,3.4982,3.496,3.4937,3.5933,3.806,1.3366,0.5294,1.5856,3.0995,10.0,10.0,10.0,2.7322,3.1153,3.4177,3.611,3.7971,3.7971,1.4359,0.8099,3.1362,1.3848,10.0,10.0,10.0,10.0,10.0,0.9819,10.0,10.0,10.0,10.0,10.0,10.0,10.0,10.0,10.0,1.0868,10.0,10.0,10.0,10.0,10.0,2.3206,2.9193,2.8014,2.8014,2.7683,2.8014,2.4744
10.0,10.0,10.0,1.055,10.0,10.0,10.0,10.0,10.0,10.0,10.0,10.0,10.0,2.9,3.348,3.1583,2.9,2.5227,10.0,10.0,1.6533,10.0,10.0,1.5579,10.0,10.0,10.0,10.0,10.0,10.0,10.0,10.0,10.0,10.0,10.0,10.0,10.0,10.0,10.0,10.0,10.0,10.0,3.0337,4.2534,5.749,5.8995,2.851,5.79,3.3995,4.8052,0.6171,6.1332,2.7914,3.1185,3.2165,3.2523,3.2606,3.4649,2.9219,2.3805
10.0,10.0,10.0,10.0,0.8252,10.0,10.0,10.0,10.0,10.0,10.0,10.0,10.0,10.0,10.0,10.0,10.0,10.0,10.0,10.0,10.0,10.0,10.0,10.0,10.0,10.0,10.0,10.0,0.8572,10.0,10.0,0.7814,10.0,10.0,1.3417,10.0,10.0,1.4216,10.0,10.0,1.5953,10.0,10.0,10.0,10.0,10.0,10.0,1.5506,10.0,10.0,10.0,3.1451,3.7788,3.7701,0.1253,3.415,2.8897,10.0,1.1048,10.0
10.0,10.0,10.0,1.3818,10.0,10.0,1.2625,10.0,10.0,10.0,10.0,10.0,10.0,10.0,10.0,10.0,0.8012,10.0,10.0,10.0,10.0,10.0,10.0,10.0,10.0,10.0,10.0,1.4384,10.0,10.0,10.0,2.8794,2.8794,3.1425,3.3725,3.5762,3.7567,3.7567,3.7567,3.7654,3.7654,3.7654,3.7654,3.7654,3.7654,3.7654,3.7654,3.7654,3.7654,3.7654,3.7654,3.7654,3.7567,3.4048,10.0,10.0,10.0,3.0085,5.4441,5.9236
3.7521,3.7521,3.7434,3.7434,3.7434,3.7434,3.7434,3.7434,3.7521,3.502,3.2124,10.0,10.0,10.0,10.0,10.0,10.0,10.0,1.5902,2.655,3.0462,2.878,1.5841,3.7434,3.6905,3.404,3.0397,2.556,10.0,2.352,8.8747,8.0021,6.1817,5.8192,5.6477,4.6472,4.0775,3.972,3.9585,3.8771,3.8017,1.1499,3.5354,8.9774,8.3646,8.2818,2.9253,3.6359,1.0551,3.5845,1.7636,3.1067,7.1773,0.3926,1.8093,5.3043,4.6708,4.0359,3.4034,1.8809
10.0,10.0,10.0,10.0,10.0,10.0,1.2458,10.0,10.0,10.0,10.0,10.0,10.0,10.0,10.0,10.0,10.0,3.0636,3.4068,3.6496,3.7389,3.7389,3.5712,1.1811,1.6818,10.0,10.0,10.0,0.4812,10.0,10.0,10.0,10.0,10.0,10.0,10.0,0.8294,10.0,10.0,10.0,10.0,10.0,10.0,10.0,10.0,10.0,10.0,10.0,10.0,10.0,10.0,10.0,10.0,10.0,10.0,0.5688,1.1762,3.5727,3.6183,2.9258
10.0,10.0,10.0,10.0,0.8354,10.0,10.0,10.0,10.0,10.0,10.0,10.0,0.3606,10.0,10.0,10.0,10.0,1.1815,10.0,10.0,10.0,10.0,10.0,10.0,10.0,10.0,10.0,10.0,10.0,10.0,10.0,10.0,10.0,10.0,1.1781,10.0,10.0,10.0,10.0,10.0,10.0,10.0,10.0,10.0,1.0416,10.0,10.0,3.9901,3.9372,3.889,3.7649,6.4631,6.3118,1.2942,3.8459,3.9201,3.9372,4.9906,4.3408,3.5364
0.718,10.0,10.0,1.029,10.0,10.0,1.1371,10.0,10.0,10.0,10.0,10.0,10.0,1.1551,10.0,10.0,0.9212,10.0,10.0,0.6497,10.0,10.0,0.7604,10.0,10.0,10.0,10.0,10.0,10.0,1.5496,3.0225,3.4774,3.7085,3.7127,3.7127,3.7127,3.7127,3.7127,3.7127,3.7127,3.7127,3.7127,3.7127,3.9133,2.784,3.6063,3.5427,3.2713,2.8827,3.7127,3.704,3.4372,1.1505,10.0,5.9386,6.0634,5.8216,6.2259,6.565,7.2976
10.0,10.0,10.0,10.0,3.6045,3.6041,3.6037,3.6057,3.6077,3.6099,3.6122,3.6145,3.6168,3.5146,3.2256,2.0284,10.0,0.9692,10.0,10.0,10.0,10.0,10.0,10.0,10.0,2.2275,10.0,2.8292,3.2739,3.5409,3.6911,3.6911,3.24,2.8378,1.9765,10.0,10.0,10.0,1.3645,10.0,10.0,10.0,10.0,10.0,10.0,1.5699,10.0,10.0,1.5012,10.0,10.0,10.0,10.0,3.0824,3.5319,1.8896,2.8292,1.7075,10.0,1.4385
10.0,10.0,10.0,10.0,10.0,1.5023,10.0,10.0,1.6501,10.0,2.6372,0.6509,3.6868,3.6868,3.6868,3.6783,3.6783,3.6783,3.5156,3.3028,3.2556,3.2083,2.8635,10.0,10.0,10.0,10.0,10.0,10.0,10.0,10.0,10.0,1.0634,10.0,10.0,10.0,10.0,10.0,6.9651,0.8095,3.0295,3.0654,5.8346,5.7751,5.7191,2.7968,2.6939,6.6661,6.5981,6.5301,3.3786,3.5727,3.5727,3.5812,3.5812,3.5812,8.8213,8.8213,8.8213,8.8213
10.0,10.0,10.0,10.0,10.0,10.0,10.0,10.0,10.0,10.0,10.0,10.0,10.0,10.0,10.0,10.0,10.0,10.0,10.0,10.0,10.0,10.0,0.9025,10.0,10.0,10.0,10.0,10.0,10.0,10.0,0.7694,10.0,10.0,10.0,10.0,0.9771,10.0,10.0,1.1333,10.0,10.0,10.0,10.0,10.0,10.0,10.0,10.0,10.0,10.0,10.0,10.0,10.0,1.7405,10.0,0.1546,3.6741,3.6741,3.6655,3.6085,3.2649
10.0,10.0,1.0846,10.0,10.0,0.9514,10.0,10.0,10.0,10.0,10.0,10.0,10.0,10.0,0.6562,0.2593,10.0,10.0,10.0,10.0,10.0,10.0,10.0,1.051,10.0,10.0,10.0,10.0,10.0,10.0,10.0,1.5349,10.0,10.0,10.0,10.0,10.0,2.9435,3.2169,3.2082,3.1995,3.1909,3.1793,3.1445,3.1096,3.0748,3.04,3.0052,2.9704,2.9356,2.7999,2.7326,0.8944,6.1249,5.8068,2.9437,3.0694,3.0737,3.0407,2.9818
10.0,10.0,2.9508,2.494,2.7987,2.7987,2.5546,2.7987,2.7987,2.7987,10.0,10.0,10.0,10.0,10.0,10.0,10.0,10.0,10.0,10.0,10.0,10.0,1.2352,10.0,0.6446,1.2565,3.6448,3.6403,3.4977,3.3025,3.0347,2.7902,2.3056,5.6386,6.0179,5.8899,1.8951,5.6071,5.2072,10.0,10.0,10.0,10.0,1.6207,4.5308,2.8123,3.5358,1.5337,3.3093,2.9347,3.329,2.9737,8.2929,1.3123,7.1711,6.8735,6.6953,5.7852,1.2068,3.9746
1.5176,10.0,10.0,10.0,10.0,2.2768,10.0,10.0,2.1242,10.0,10.0,2.0264,10.0,10.0,2.8847,3.3191,3.6148,1.0012,3.6278,2.539,2.9163,3.2644,3.4823,3.6278,3.6278,3.6362,3.4244,0.9929,1.9884,1.23,10.0,10.0,10.0,0.8441,10.0,10.0,10.0,10.0,10.0,10.0,1.0039,10.0,10.0,10.0,10.0,10.0,10.0,10.0,10.0,10.0,10.0,10.0,10.0,10.0,10.0,10.0,3.5236,3.5236,3.4816,3.417
1.1997,10.0,10.0,10.0,10.0,10.0,10.0,10.0,10.0,10.0,0.9208,10.0,10.0,10.0,0.546,2.0715,10.0,10.0,10.0,10.0,10.0,1.2555,10.0,10.0,10.0,10.0,10.0,10.0,10.0,10.0,10.0,10.0,10.0,10.0,10.0,10.0,10.0,10.0,10.0,10.0,0.8629,10.0,10.0,10.0,3.7422,4.6518,5.6816,6.6526,5.9008,2.873,0.7359,5.0821,5.4448,5.2516,5.6288,5.0302,4.4293,3.8273,3.2275,2.6294
10.0,10.0,10.0,10.0,10.0,10.0,10.0,0.8681,10.0,10.0,10.0,10.0,10.0,10.0,10.0,10.0,10.0,10.0,10.0,10.0,10.0,0.7009,10.0,10.0,10.0,0.3602,10.0,0.4748,10.0,10.0,10.0,10.0,0.9589,1.7526,10.0,10.0,10.0,10.0,10.0,10.0,10.0,10.0,2.1627,10.0,10.0,10.0,10.0,10.0,10.0,10.0,2.9521,3.6115,3.6031,3.3951,0.1417,10.0,10.0,10.0,6.2031,6.1515
10.0,2.165,10.0,10.0,1.7863,10.0,10.0,10.0,10.0,10.0,10.0,10.0,10.0,0.4981,10.0,10.0,10.0,10.0,10.0,10.0,10.0,10.0,10.0,1.3869,10.0,10.0,1.4574,10.0,10.0,10.0,2.9158,3.255,3.4965,3.5908,3.5908,3.5992,3.5992,1.7915,2.7607,2.7607,2.7607,2.7797,2.8067,2.8337,2.8606,2.8876,2.9145,2.9415,2.9684,2.9954,3.1228,3.1819,3.5546,3.5992,3.5908,10.0,10.0,10.0,1.1907,3.887
3.483,3.352,3.2622,3.2382,3.2192,3.2188,3.2185,2.9254,3.2221,1.6111,3.587,3.3184,2.8847,10.0,10.0,10.0,2.8755,3.1417,3.4158,3.4698,3.587,3.5787,3.5518,3.3102,3.0077,10.0,10.0,10.0,10.0,1.6248,10.0,1.4159,10.0,7.8994,6.5355,0.996,5.6036,4.2691,3.5236,6.2353,5.8409,3.3257,3.2631,3.8457,7.4514,0.859,7.304,8.5825,2.1786,0.7488,3.4843,1.4029,0.9115,0.4335,2.6817,2.6486,2.6486,2.6486,3.0319,2.47
10.0,10.0,0.941,10.0,10.0,10.0,10.0,10.0,10.0,10.0,10.0,10.0,10.0,10.0,10.0,10.0,10.0,10.0,2.9771,3.2606,3.0784,2.9024,10.0,10.0,10.0,10.0,10.0,10.0,10.0,10.0,10.0,10.0,0.6248,10.0,10.0,10.0,10.0,10.0,10.0,10.0,10.0,10.0,10.0,10.0,10.0,10.0,10.0,10.0,10.0,0.6665,10.0,10.0,10.0,10.0,2.6818,2.6397,2.6397,2.6397,2.6885,2.8873
10.0,10.0,10.0,10.0,10.0,10.0,10.0,10.0,10.0,10.0,10.0,0.8554,10.0,10.0,10.0,10.0,10.0,10.0,10.0,10.0,10.0,10.0,10.0,10.0,10.0,10.0,10.0,10.0,10.0,10.0,10.0,10.0,10.0,10.0,10.0,1.5868,10.0,10.0,10.0,10.0,10.0,10.0,10.0,10.0,10.0,1.4912,10.0,10.0,1.3218,5.0639,5.1757,4.9399,3.8953,3.2555,6.008,5.8016,3.4457,4.7977,3.4134,10.0
10.0,10.0,10.0,10.0,10.0,10.0,10.0,10.0,10.0,10.0,10.0,10.0,10.0,10.0,10.0,10.0,10.0,10.0,10.0,10.0,10.0,10.0,10.0,0.8647,10.0,1.1174,10.0,2.4976,2.7237,3.551,3.551,3.5427,3.5427,3.5427,3.5408,3.523,3.5057,3.4958,3.4858,3.4763,3.4669,3.4576,3.4482,3.4389,2.772,3.441,3.4493,3.2722,2.8284,2.499,3.4435,3.1637,2.765,6.1585,1.0129,1.5235,6.0141,6.0049,6.0424,5.9806
10.0,10.0,10.0,10.0,3.5391,3.5391,3.5391,3.5391,3.5391,3.5391,3.5391,3.5391,3.5391,3.5391,3.5309,3.5309,0.5235,10.0,10.0,10.0,10.0,10.0,10.0,2.6584,2.9926,3.2101,3.4311,3.5309,3.5309,1.8812,3.5391,2.9356,1.8552,1.584,10.0,10.0,10.0,10.0,10.0,10.0,10.0,10.0,10.0,10.0,1.1644,10.0,10.0,10.0,10.0,10.0,10.0,1.3384,10.0,2.1009,3.1097,3.44,2.3062,2.8559,2.06,10.0
10.0,10.0,10.0,10.0,10.0,10.0,10.0,10.0,10.0,1.2334,10.0,10.0,3.1809,1.0512,3.511,3.3896,3.2211,3.0281,2.645,2.1365,10.0,10.0,2.0337,10.0,10.0,10.0,10.0,10.0,0.9729,10.0,10.0,10.0,10.0,10.0,10.0,10.0,10.0,10.0,10.0,10.0,10.0,5.5258,4.5017,2.9812,5.7917,5.724,5.6585,2.6131,5.4927,5.7892,6.3515,3.0659,3.2411,3.349,3.3995,3.4181,3.9056,3.3748,2.8459,2.3185
10.0,0.6935,10.0,10.0,10.0,10.0,10.0,10.0,10.0,10.0,10.0,10.0,10.0,10.0,10.0,10.0,10.0,10.0,10.0,1.2282,10.0,10.0,10.0,0.747,10.0,10.0,10.0,10.0,10.0,10.0,10.0,10.0,10.0,10.0,10.0,10.0,10.0,10.0,10.0,10.0,10.0,10.0,10.0,10.0,1.2959,10.0,10.0,10.0,0.9155,10.0,10.0,10.0,2.8586,3.5156,0.1205,3.5075,1.2124,2.9344,1.8023,10.0
10.0,10.0,10.0,10.0,10.0,10.0,10.0,10.0,10.0,1.1634,10.0,10.0,10.0,10.0,10.0,0.2841,10.0,10.0,10.0,10.0,10.0,10.0,1.0906,10.0,10.0,10.0,10.0,10.0,10.0,1.9435,10.0,10.0,10.0,2.4914,2.6795,3.079,3.2546,3.4344,3.4959,3.4959,3.4959,3.4959,3.4959,3.4959,3.4959,3.4959,3.4959,3.4959,3.4959,3.4959,3.4959,3.4959,3.214,10.0,10.0,6.4663,3.0019,5.9013,5.8983,5.7057
3.2951,3.4414,3.4925,3.4925,3.4925,3.4925,3.4925,3.4925,3.4196,3.1837,2.8501,2.3759,10.0,10.0,1.4663,10.0,10.0,10.0,10.0,1.085,10.0,10.0,1.9178,1.0977,3.4844,3.4844,3.4193,3.1896,2.9281,2.6707,8.0457,5.885,5.5608,5.4595,1.3335,4.711,4.5369,4.436,4.3441,4.2528,4.1617,3.9286,9.5625,9.4697,1.1993,9.2842,2.664,3.3843,1.0966,3.2107,2.8235,3.0267,1.7488,7.3584,6.654,1.41,5.0307,4.5243,3.8154,3.1083
10.0,10.0,10.0,1.3707,10.0,10.0,10.0,10.0,10.0,10.0,10.0,10.0,10.0,10.0,1.9755,2.4944,3.0371,3.2858,3.481,3.481,3.4729,3.4729,3.481,3.481,1.669,2.153,1.8942,1.6252,10.0,10.0,10.0,10.0,10.0,10.0,10.0,10.0,10.0,10.0,10.0,10.0,10.0,10.0,10.0,10.0,10.0,10.0,0.9275,10.0,10.0,10.0,10.0,10.0,10.0,10.0,10.0,10.0,3.3813,3.3813,3.3813,3.3813
10.0,10.0,10.0,10.0,10.0,10.0,10.0,10.0,10.0,10.0,10.0,10.0,0.3453,0.8466,1.1283,1.4222,10.0,10.0,1.4466,10.0,1.1773,10.0,10.0,1.0779,10.0,10.0,1.1652,10.0,10.0,0.9016,10.0,10.0,10.0,10.0,10.0,10.0,10.0,10.0,10.0,10.0,10.0,10.0,10.0,10.0,10.0,3.6545,3.6666,0.9795,3.5155,5.9103,3.2737,3.6937,3.9991,4.203,4.3077,4.3892,5.2137,1.6652,3.7991,3.095
10.0,10.0,10.0,10.0,10.0,10.0,10.0,10.0,10.0,10.0,10.0,10.0,10.0,10.0,10.0,10.0,10.0,10.0,10.0,10.0,10.0,10.0,10.0,10.0,10.0,0.7798,10.0,1.1322,10.0,10.0,1.137,2.8256,3.0001,3.1221,3.2083,3.2237,3.2388,3.2479,3.2571,3.2659,3.2745,3.2831,3.2917,3.3003,2.6742,3.3512,3.3592,3.1715,2.9014,2.8034,3.4583,3.4503,3.2359,2.9157,10.0,6.004,1.4606,5.8525,5.8828,5.9206
10.0,10.0,10.0,3.0066,2.9671,2.9658,2.9645,2.9708,2.9772,2.9842,2.9913,2.9973,2.9992,2.6839,10.0,10.0,10.0,10.0,10.0,10.0,1.2403,10.0,10.0,10.0,1.791,10.0,10.0,10.0,2.6629,3.0945,3.337,3.439,3.447,2.662,3.2117,1.604,10.0,10.0,10.0,1.7681,10.0,10.0,10.0,10.0,10.0,10.0,10.0,10.0,10.0,1.8868,10.0,10.0,2.8166,3.3051,1.489,3.439,10.0,10.0,10.0,10.0
2.6274,10.0,10.0,10.0,1.965,10.0,10.0,2.1214,10.0,2.6274,3.4279,1.9321,3.4359,3.098,3.1057,3.0174,3.4359,3.4359,3.4279,3.4279,3.4279,3.3075,3.097,2.7773,10.0,10.0,10.0,1.3261,10.0,10.0,1.2318,10.0,10.0,10.0,10.0,10.0,7.3508,5.695,6.3272,3.6309,3.1987,5.8831,0.8483,5.9208,5.381,2.7567,6.88,6.8105,6.7411,0.7511,3.3295,3.3375,3.3375,3.3375,3.3375,3.3287,3.3193,3.3866,2.8559,8.2208
10.0,10.0,10.0,10.0,10.0,10.0,10.0,10.0,0.8861,10.0,10.0,10.0,10.0,10.0,10.0,10.0,10.0,2.3925,10.0,10.0,10.0,1.2002,10.0,10.0,10.0,0.904,10.0,10.0,10.0,10.0,10.0,10.0,10.0,10.0,10.0,10.0,10.0,10.0,10.0,10.0,10.0,10.0,10.0,10.0,10.0,1.0149,10.0,10.0,10.0,10.0,10.0,10.0,10.0,10.0,10.0,1.7461,3.346,3.4248,3.4168,3.4168
10.0,10.0,10.0,10.0,10.0,10.0,10.0,10.0,0.9034,10.0,10.0,10.0,10.0,10.0,10.0,10.0,10.0,10.0,0.9165,10.0,10.0,10.0,10.0,10.0,10.0,10.0,10.0,10.0,10.0,1.3233,10.0,10.0,1.4075,10.0,1.786,10.0,10.0,2.6105,2.7233,2.7159,2.2023,10.0,10.0,2.0795,10.0,10.0,10.0,10.0,10.0,10.0,6.07,6.1535,5.3689,5.1713,1.1079,3.1506,3.1752,3.1796,3.1455,4.2974
10.0,10.0,10.0,10.0,1.9739,10.0,10.0,10.0,10.0,10.0,10.0,1.9026,10.0,10.0,10.0,10.0,10.0,10.0,10.0,10.0,0.6787,1.0702,10.0,10.0,10.0,2.7907,3.2147,3.4028,3.3949,3.3949,3.3088,3.1275,2.9676,2.6786,2.6021,2.3933,2.6021,2.6021,2.5061,2.7493,2.7419,2.7345,2.7271,2.7197,2.7123,2.5995,2.0086,3.3053,2.6634,2.7127,3.2684,3.0028,2.6037,8.0574,7.3941,7.0446,1.0516,6.4221,6.1363,4.9992
10.0,10.0,2.8453,2.9323,2.9681,2.9684,2.9687,2.9671,2.9654,2.9636,2.9617,2.9598,2.9579,3.0422,3.2807,3.3919,3.384,3.384,2.5974,1.8572,10.0,2.6028,3.0093,3.1978,3.384,3.384,3.3919,3.3919,3.2601,0.8152,10.0,10.0,1.1737,0.8073,10.0,10.0,10.0,1.0473,10.0,10.0,10.0,10.0,10.0,10.0,10.0,10.0,10.0,10.0,10.0,10.0,0.7781,10.0,10.0,10.0,2.7327,3.0018,3.0095,3.0023,2.9669,2.9118
10.0,10.0,10.0,1.104,10.0,10.0,10.0,10.0,10.0,10.0,10.0,10.0,1.1427,2.2689,0.5896,2.8752,2.5855,10.0,10.0,10.0,10.0,10.0,10.0,10.0,10.0,1.4187,10.0,10.0,10.0,10.0,10.0,10.0,10.0,1.0274,10.0,10.0,10.0,10.0,10.0,10.0,10.0,10.0,10.0,0.8016,4.9569,5.9221,5.5055,2.8956,2.7035,3.8529,0.644,1.8837,2.4887,2.5456,2.6875,2.7961,2.8214,2.7976,3.0426,2.4787
10.0,10.0,10.0,10.0,10.0,10.0,10.0,10.0,10.0,10.0,10.0,10.0,10.0,10.0,1.1893,10.0,10.0,1.0756,10.0,10.0,10.0,0.5266,10.0,10.0,10.0,0.4373,10.0,10.0,10.0,10.0,10.0,0.8091,10.0,10.0,10.0,10.0,10.0,10.0,10.0,10.0,10.0,10.0,10.0,1.7056,10.0,10.0,10.0,10.0,10.0,10.0,10.0,2.677,3.3703,1.1314,0.1316,2.9879,2.722,10.0,10.0,6.3335
10.0,10.0,10.0,10.0,10.0,10.0,10.0,10.0,10.0,10.0,10.0,10.0,10.0,1.4038,10.0,10.0,10.0,10.0,10.0,0.8403,10.0,1.276,10.0,10.0,1.2456,10.0,10.0,10.0,10.0,10.0,2.6131,2.9783,3.0945,3.2145,3.3518,3.3518,3.3518,3.3596,3.2406,3.0845,3.2579,3.2665,3.275,3.2836,3.2921,3.3007,3.3092,3.3178,3.3264,3.3355,3.3596,3.3596,3.3596,1.2485,10.0,10.0,10.0,10.0,3.7981,3.1172
3.3412,3.3412,3.3412,3.3412,3.3412,3.3412,3.3412,2.6068,3.3412,3.349,3.2024,2.9461,2.3862,10.0,10.0,10.0,10.0,1.2098,1.5249,2.9992,2.7956,2.1281,3.3412,3.3412,3.2277,2.9771,2.561,10.0,2.0999,10.0,1.8643,10.0,8.0849,6.1088,6.8847,5.3144,3.9786,3.7896,1.0509,3.6331,3.5638,3.5392,3.4818,8.0974,8.0181,8.013,7.8594,2.5785,3.2453,3.2531,3.164,2.815,2.4729,0.4088,5.6897,5.0846,1.9811,3.8687,3.2624,2.6579
10.0,10.0,10.0,10.0,10.0,10.0,10.0,10.0,10.0,1.1596,10.0,10.0,10.0,10.0,10.0,10.0,2.6677,2.8596,3.1078,3.3303,3.3385,3.1601,2.6774,10.0,10.0,1.5082,0.5537,0.9191,0.4643,10.0,10.0,10.0,10.0,10.0,10.0,10.0,10.0,10.0,10.0,10.0,10.0,10.0,10.0,10.0,10.0,10.0,10.0,10.0,10.0,10.0,10.0,10.0,10.0,10.0,10.0,0.6025,3.0266,3.0343,2.8303,3.0998
10.0,0.9757,10.0,10.0,10.0,10.0,10.0,10.0,10.0,10.0,10.0,10.0,0.3952,10.0,10.0,10.0,10.0,10.0,10.0,10.0,10.0,10.0,0.9978,10.0,10.0,10.0,10.0,10.0,0.9695,10.0,10.0,10.0,10.0,10.0,10.0,10.0,10.0,10.0,1.3402,10.0,10.0,1.1848,10.0,10.0,10.0,10.0,10.0,4.1695,4.4734,4.2514,4.0812,0.8385,3.2837,3.5169,3.567,3.6349,3.6641,3.6693,1.2967,3.9797
10.0,10.0,10.0,10.0,10.0,10.0,1.1452,10.0,10.0,1.2504,10.0,10.0,10.0,10.0,10.0,10.0,10.0,10.0,10.0,10.0,10.0,10.0,10.0,10.0,10.0,10.0,10.0,1.8119,10.0,2.9217,1.845,3.3176,3.3176,3.3176,3.3099,3.3099,3.3099,3.3099,3.3099,3.3099,3.3099,3.3099,3.3099,3.3099,2.7099,3.2148,3.2225,3.127,2.8676,2.4496,3.3099,3.1855,2.9313,2.537,5.9316,5.8691,6.2861,6.4025,5.9063,1.1096
10.0,10.0,10.0,10.0,3.2995,3.2995,3.2995,3.2995,3.2995,3.2995,3.2995,3.2995,3.2995,3.2995,0.9338,2.8897,10.0,10.0,10.0,10.0,10.0,1.652,10.0,10.0,2.6274,2.7418,2.9088,3.0377,3.2541,3.2995,3.3072,2.5844,2.5367,2.6427,1.1821,0.8724,10.0,10.0,1.3702,10.0,10.0,1.2911,10.0,10.0,10.0,10.0,10.0,10.0,1.5107,10.0,10.0,1.1086,10.0,2.8309,3.1964,1.8756,2.529,10.0,10.0,10.0
10.0,10.0,1.4254,10.0,10.0,10.0,10.0,10.0,10.0,10.0,10.0,1.4938,1.5097,3.2893,3.2969,3.2893,3.2893,3.2269,3.0423,2.8401,2.7086,2.5771,2.5642,10.0,10.0,10.0,10.0,10.0,10.0,10.0,10.0,10.0,1.2033,10.0,10.0,10.0,10.0,10.0,10.0,10.0,5.165,3.095,3.0278,5.4699,5.4825,5.7402,2.7409,5.6913,5.7665,6.5998,2.7837,3.1948,3.1948,3.1948,3.1948,3.1948,3.1948,3.3501,2.8252,2.3016
10.0,10.0,10.0,10.0,10.0,10.0,10.0,10.0,10.0,10.0,10.0,0.8326,10.0,10.0,10.0,10.0,10.0,10.0,10.0,10.0,10.0,10.0,10.0,10.0,10.0,10.0,0.6986,0.7178,10.0,10.0,10.0,10.0,10.0,0.5755,10.0,10.0,10.0,10.0,1.0908,10.0,10.0,10.0,10.0,10.0,10.0,10.0,10.0,10.0,1.2001,10.0,10.0,10.0,10.0,2.6935,0.1183,3.2867,3.2791,3.2762,2.9693,1.486
10.0,10.0,1.0631,10.0,10.0,10.0,10.0,10.0,10.0,10.0,10.0,10.0,1.1413,10.0,10.0,0.2583,10.0,0.7939,10.0,10.0,1.051,10.0,10.0,10.0,10.0,10.0,10.0,10.0,10.0,10.0,10.0,10.0,10.0,10.0,10.0,2.5422,2.878,3.037,3.196,3.194,3.1853,3.1768,3.1682,3.1596,3.151,3.1425,3.1339,3.1253,3.1167,3.1082,3.0677,3.015,2.6124,10.0,5.1327,5.1602,5.6715,5.3907,3.0505,5.3353
2.5055,2.8534,2.9366,2.9588,2.9764,2.9767,2.977,2.9754,2.9737,2.9451,2.6077,10.0,10.0,10.0,10.0,10.0,10.0,10.0,0.8301,1.2504,10.0,10.0,10.0,1.4538,3.2529,3.2665,3.2589,3.2589,3.1098,2.9362,2.6696,2.6208,5.6514,1.8331,5.4619,5.3355,5.2259,5.1356,5.0549,4.7858,1.5523,10.0,10.0,10.0,10.0,10.0,2.4043,1.4762,2.6341,2.9295,2.4879,2.9298,2.575,7.8576,7.5788,6.8963,6.0726,5.2472,4.3095,3.6049
10.0,10.0,10.0,10.0,1.7974,10.0,10.0,10.0,10.0,10.0,10.0,10.0,10.0,10.0,2.4978,2.9219,3.1816,3.2564,1.513,2.8871,2.6562,3.2489,3.2489,3.2489,3.2564,2.9588,2.7037,1.0487,1.2618,10.0,1.0204,10.0,10.0,10.0,0.5478,10.0,10.0,10.0,10.0,10.0,10.0,10.0,10.0,0.931,10.0,10.0,10.0,10.0,10.0,10.0,1.026,10.0,10.0,10.0,10.0,10.0,3.1556,3.1556,3.1556,3.1556
1.2541,10.0,10.0,10.0,10.0,10.0,10.0,10.0,10.0,10.0,10.0,10.0,10.0,10.0,10.0,10.0,10.0,1.9359,10.0,10.0,10.0,10.0,10.0,10.0,1.2513,10.0,10.0,10.0,10.0,10.0,10.0,10.0,10.0,10.0,10.0,10.0,10.0,1.0059,10.0,10.0,10.0,10.0,10.0,10.0,3.3815,3.4118,3.3301,3.27,5.7177,6.4101,3.487,4.5041,1.6055,5.0282,1.8886,5.3592,4.7191,4.0776,3.4386,2.8014
10.0,10.0,10.0,10.0,10.0,10.0,10.0,10.0,10.0,10.0,0.8998,10.0,10.0,10.0,10.0,10.0,10.0,10.0,1.0085,10.0,10.0,10.0,10.0,10.0,10.0,0.3865,10.0,10.0,10.0,10.0,1.1852,10.0,10.0,2.6416,2.4825,2.4877,2.533,2.5606,2.5882,2.6145,2.6405,2.6665,2.6923,2.7182,2.744,2.3823,1.9301,3.1055,2.8479,2.4428,2.677,3.2365,3.229,3.0581,0.1526,0.9878,10.0,5.9083,6.0678,6.7135
10.0,10.0,2.6015,2.5823,2.5672,2.3117,2.5666,2.5681,2.1568,2.5711,2.5727,2.0925,2.576,10.0,10.0,0.8079,10.0,10.0,0.9685,10.0,10.0,10.0,10.0,10.0,10.0,10.0,10.0,10.0,10.0,2.7219,2.9862,3.2134,3.2192,3.2267,3.2267,3.2267,2.9776,2.6093,2.6167,2.6237,2.2373,2.475,2.475,2.475,2.475,2.475,2.475,2.475,2.475,2.475,2.5357,2.67,3.0919,3.2267,3.2192,10.0,1.4057,10.0,10.0,3.3586
2.992,2.8795,2.8023,2.7407,2.6803,2.6792,2.678,2.6838,2.6432,2.6958,1.1397,3.2169,3.0071,2.7498,2.4674,2.5947,2.5789,3.1224,3.2169,3.2169,3.2169,3.2094,3.1988,2.9807,2.7232,2.3668,10.0,10.0,1.4474,10.0,10.0,1.4737,10.0,10.0,7.7799,7.2896,5.2911,5.3354,3.7048,3.3844,3.3134,3.2595,5.2382,4.9328,3.0299,0.9387,7.1645,7.0921,2.5697,0.7361,3.1247,3.1247,0.9711,2.9137,2.8709,2.8381,2.8305,2.8376,2.974,2.4229
10.0,10.0,10.0,10.0,10.0,0.9545,10.0,10.0,10.0,10.0,10.0,10.0,10.0,10.0,10.0,10.0,10.0,2.4619,2.8292,2.8336,2.2449,1.0845,0.7618,10.0,1.0586,10.0,10.0,10.0,10.0,0.8807,10.0,10.0,0.6467,10.0,10.0,10.0,10.0,10.0,10.0,10.0,10.0,10.0,0.9413,10.0,10.0,10.0,10.0,10.0,10.0,0.6989,10.0,10.0,10.0,10.0,2.3681,2.3681,2.2155,2.3681,2.3681,2.4153
10.0,10.0,10.0,10.0,10.0,10.0,10.0,10.0,10.0,10.0,10.0,10.0,10.0,10.0,10.0,0.8331,10.0,10.0,10.0,10.0,10.0,0.9724,10.0,10.0,10.0,10.0,10.0,1.2217,10.0,10.0,1.1669,10.0,10.0,10.0,10.0,10.0,10.0,10.0,10.0,1.7584,10.0,10.0,1.598,10.0,10.0,10.0,10.0,10.0,4.9984,5.3295,5.0677,4.9249,4.8393,3.4045,3.2426,3.3052,1.2972,3.3358,3.2998,3.1399
10.0,10.0,1.4096,10.0,10.0,1.5114,10.0,10.0,10.0,10.0,10.0,10.0,1.467,10.0,10.0,10.0,10.0,10.0,10.0,10.0,0.8722,10.0,10.0,10.0,10.0,10.0,0.8259,2.8379,2.9027,3.1879,3.1805,3.1805,3.1758,3.0729,2.9937,2.9795,2.9657,2.9573,2.9488,2.9408,2.9329,2.925,2.9171,2.9092,2.9013,2.461,3.0891,3.0966,2.6644,2.5682,3.1805,1.4652,2.7121,7.7068,7.7803,7.414,7.0076,6.5983,6.1261,6.1742
10.0,10.0,10.0,3.1783,3.1783,3.1783,3.1783,3.1783,3.1783,3.1783,3.1783,3.1783,3.1783,3.1783,3.1783,3.1709,0.5341,2.5603,1.3826,10.0,10.0,10.0,2.528,2.8355,3.0049,3.1709,3.1709,3.1709,3.1783,3.1783,1.624,10.0,10.0,10.0,10.0,10.0,10.0,10.0,10.0,10.0,10.0,10.0,10.0,10.0,10.0,10.0,10.0,1.1383,10.0,10.0,10.0,1.3785,1.8394,2.4378,2.4264,2.5245,2.5473,2.5258,2.4208,2.3394
10.0,10.0,10.0,10.0,10.0,10.0,1.1452,10.0,10.0,10.0,10.0,10.0,1.8904,1.082,3.0579,3.0289,2.8783,2.6837,2.4232,10.0,10.0,1.8834,10.0,10.0,10.0,10.0,10.0,10.0,10.0,10.0,10.0,0.9829,10.0,10.0,10.0,10.0,10.0,10.0,10.0,10.0,10.0,10.0,3.074,5.1007,5.1599,2.9297,0.7589,5.1599,3.7517,5.7445,0.6749,2.5453,2.7907,2.8836,2.9262,2.9589,2.9664,2.9593,2.9307,2.3876
10.0,10.0,10.0,10.0,0.8934,10.0,10.0,10.0,10.0,10.0,10.0,10.0,10.0,10.0,10.0,10.0,1.2652,10.0,10.0,10.0,0.9386,10.0,10.0,10.0,10.0,10.0,10.0,10.0,0.8835,10.0,10.0,0.8211,10.0,10.0,1.3217,10.0,10.0,10.0,10.0,10.0,10.0,10.0,10.0,10.0,10.0,10.0,10.0,1.6072,10.0,10.0,10.0,1.6565,2.4233,3.1594,0.1251,3.152,2.8831,2.416,10.0,10.0
10.0,10.0,10.0,10.0,10.0,10.0,1.2763,10.0,10.0,10.0,10.0,10.0,10.0,10.0,10.0,10.0,10.0,10.0,10.0,10.0,10.0,10.0,10.0,10.0,10.0,1.1055,10.0,10.0,10.0,10.0,2.4088,2.4088,2.4861,2.763,2.8841,3.0583,3.1427,3.1427,3.15,3.15,3.15,3.15,3.15,3.15,3.15,3.15,3.15,3.15,3.15,3.15,3.1427,3.1427,3.1427,2.5937,10.0,1.15,4.9717,3.6442,5.7485,5.285
3.1406,3.1406,3.1406,3.1406,3.1406,3.1406,3.1406,3.1333,3.1406,3.1359,2.9026,2.5878,10.0,10.0,10.0,10.0,10.0,1.2822,10.0,1.971,2.1899,2.409,2.409,3.1406,3.1333,3.1333,2.9522,2.7988,2.7119,2.3731,10.0,8.4333,7.9549,5.077,5.2379,4.22,4.3472,4.2605,4.1739,4.0093,3.9233,1.1144,3.7748,8.9309,8.8433,8.7558,8.6683,2.3117,1.0299,3.0507,1.7694,2.319,2.6705,0.456,6.2754,5.4683,4.9381,1.5792,3.5982,1.9543
10.0,10.0,10.0,1.399,10.0,10.0,1.2798,10.0,10.0,10.0,10.0,10.0,10.0,1.5032,10.0,2.5233,2.7475,2.9724,3.1314,3.1241,3.1241,3.1314,3.1314,2.8748,2.5751,10.0,10.0,10.0,10.0,10.0,10.0,0.8896,10.0,10.0,10.0,10.0,0.8448,10.0,10.0,10.0,10.0,10.0,10.0,10.0,10.0,10.0,10.0,10.0,10.0,10.0,10.0,10.0,10.0,10.0,10.0,0.5976,1.1017,1.6991,2.2396,2.7339
10.0,10.0,10.0,10.0,0.8546,10.0,10.0,10.0,10.0,10.0,10.0,10.0,0.3514,0.8902,10.0,10.0,10.0,10.0,10.0,10.0,10.0,10.0,10.0,10.0,10.0,10.0,10.0,10.0,10.0,10.0,10.0,10.0,10.0,10.0,1.2345,10.0,10.0,10.0,10.0,10.0,10.0,10.0,10.0,10.0,1.1108,10.0,3.9473,0.9789,3.7329,3.6339,3.4884,3.4045,3.7196,3.9092,4.0066,1.5164,4.0297,4.9466,4.1715,3.3984
0.7043,10.0,10.0,1.0079,10.0,10.0,10.0,10.0,10.0,10.0,10.0,10.0,10.0,1.17,10.0,10.0,10.0,10.0,10.0,0.7192,10.0,10.0,0.7889,10.0,10.0,10.0,10.0,10.0,10.0,10.0,2.3877,1.3712,2.9979,3.1095,3.113,3.113,3.113,3.113,3.113,3.113,3.113,3.113,3.113,3.113,3.113,2.3049,3.0238,3.0219,2.7703,2.4053,3.113,3.1057,2.9781,2.7268,2.3805,6.1901,1.474,6.6083,6.5658,7.3166
10.0,10.0,10.0,2.9926,2.9751,2.9748,2.9745,2.9761,2.9778,2.9796,2.9815,2.9834,2.9853,2.9009,2.5039,10.0,10.0,1.0602,10.0,10.0,10.0,10.0,10.0,2.083,2.4731,2.4732,2.3735,2.5565,2.8381,3.0698,3.0966,3.1039,2.3054,2.8387,2.6108,1.7074,10.0,10.0,10.0,10.0,10.0,10.0,1.7133,10.0,10.0,1.5916,10.0,10.0,10.0,10.0,10.0,10.0,2.5102,2.964,3.1039,3.0966,10.0,10.0,10.0,1.5113
2.3666,1.9218,10.0,10.0,10.0,10.0,10.0,10.0,1.6655,10.0,1.9289,0.6701,3.0948,3.0948,3.0805,3.0029,3.0948,3.0876,3.0876,3.0461,3.0025,2.9589,2.8495,2.6166,2.4642,1.7972,10.0,10.0,10.0,10.0,10.0,10.0,1.0933,10.0,10.0,10.0,10.0,7.2692,5.1778,0.8323,3.1811,3.1311,5.851,5.4126,5.0393,2.8589,4.7565,6.8132,6.7437,2.4601,2.9649,2.999,3.0061,3.0061,3.0061,3.0061,3.0061,7.4047,7.4047,7.4047
10.0,10.0,10.0,10.0,10.0,10.0,10.0,10.0,0.8713,10.0,10.0,10.0,10.0,10.0,10.0,10.0,1.8952,2.4658,10.0,1.8938,10.0,10.0,0.8561,10.0,10.0,0.9603,10.0,10.0,10.0,10.0,10.0,10.0,10.0,10.0,10.0,0.9718,10.0,10.0,10.0,10.0,10.0,10.0,10.0,10.0,10.0,10.0,10.0,10.0,10.0,10.0,10.0,10.0,10.0,10.0,2.5456,2.9506,3.0858,1.6057,3.0786,2.9278
10.0,10.0,10.0,10.0,10.0,0.9439,10.0,10.0,10.0,10.0,10.0,10.0,10.0,10.0,0.6534,0.2917,10.0,10.0,10.0,10.0,10.0,10.0,10.0,10.0,10.0,10.0,10.0,10.0,10.0,10.0,10.0,10.0,10.0,10.0,10.0,2.4594,2.5011,2.7166,2.7089,2.7015,2.6942,2.6869,2.6797,2.6645,2.635,2.6055,2.576,2.5465,2.517,2.4875,2.3481,2.3529,1.0922,4.9932,4.6626,3.1175,3.1341,3.1384,3.1175,1.0522
10.0,2.4492,2.3532,2.3532,2.3532,2.3532,2.3532,2.3532,2.3532,2.3532,2.3532,10.0,10.0,10.0,10.0,1.062,10.0,10.0,0.9604,10.0,10.0,10.0,1.307,10.0,0.6563,1.3296,3.0679,3.0679,3.0608,3.0608,2.91,2.7505,2.4896,2.3461,2.4614,2.4497,1.9586,5.0544,5.1806,2.0389,10.0,10.0,10.0,10.0,10.0,3.841,1.9679,1.5872,2.5589,2.7148,2.2653,2.863,2.6048,8.0924,1.8036,7.2092,6.819,6.3665,1.2599,4.1155
10.0,2.0643,2.3464,2.3464,2.3651,2.3661,2.3672,2.362,2.3569,2.3513,2.3464,2.3464,2.3464,2.5942,2.8537,3.0591,3.0591,1.0554,2.0621,2.3393,2.6171,2.8022,2.9893,3.052,3.052,3.0591,3.0591,2.9525,2.6901,1.1946,10.0,10.0,10.0,0.7869,10.0,10.0,10.0,10.0,10.0,10.0,0.9523,10.0,10.0,10.0,10.0,10.0,10.0,10.0,10.0,10.0,0.7684,10.0,10.0,10.0,10.0,2.9449,2.9529,2.9454,2.9099,2.8559
10.0,10.0,10.0,10.0,10.0,10.0,10.0,10.0,10.0,10.0,10.0,10.0,10.0,1.5434,0.5699,2.3325,2.3325,10.0,10.0,1.589,10.0,10.0,10.0,10.0,10.0,10.0,10.0,10.0,10.0,10.0,0.916,10.0,10.0,1.0249,10.0,10.0,10.0,10.0,10.0,10.0,0.9586,10.0,10.0,3.258,3.2234,3.1749,3.0989,5.623,5.9903,3.259,0.7345,4.704,2.3689,2.2452,2.2944,2.3872,2.4087,2.3884,2.2892,2.6056
10.0,10.0,10.0,10.0,10.0,10.0,10.0,0.8706,10.0,10.0,10.0,10.0,10.0,10.0,1.3185,10.0,10.0,10.0,10.0,10.0,10.0,0.5496,10.0,10.0,0.7238,0.3918,10.0,10.0,10.0,1.0039,10.0,10.0,10.0,1.7386,10.0,10.0,1.909,10.0,10.0,2.0693,10.0,10.0,2.4278,2.4341,2.4404,2.4468,2.0564,1.4296,10.0,2.5535,10.0,2.3414,3.0415,3.0344,0.1396,2.6658,2.4286,1.5671,6.1342,6.5375
10.0,10.0,10.0,10.0,10.0,10.0,10.0,1.7076,10.0,10.0,1.6316,10.0,10.0,0.5004,10.0,10.0,10.0,10.0,10.0,10.0,10.0,10.0,10.0,10.0,10.0,10.0,10.0,10.0,10.0,2.3908,2.7241,2.9305,3.0258,3.0258,3.0258,3.0328,3.0328,2.7737,2.3262,2.789,2.7964,2.8037,2.8111,2.8184,2.8258,2.8331,2.8404,2.8478,2.8551,2.8624,2.8971,2.9421,3.0328,1.1249,2.5152,10.0,10.0,10.0,1.299,3.205
3.0171,3.0171,2.9985,2.9757,2.9583,2.958,2.9576,2.9593,2.1609,2.9627,3.0242,2.9173,2.6635,2.3196,2.0533,10.0,1.7121,2.0625,2.7636,2.9849,2.5971,3.0242,3.0171,3.0171,2.8788,2.6553,2.3126,1.9363,10.0,10.0,10.0,10.0,10.0,10.0,7.3876,1.0137,5.0654,3.6909,3.5944,3.5189,3.4435,3.3681,3.2927,3.2238,7.7682,0.9022,7.6145,7.5376,2.7967,0.7796,2.9375,1.4394,0.9683,0.4297,2.4182,2.3105,2.2855,2.309,2.4243,2.575
10.0,10.0,0.9943,10.0,10.0,10.0,10.0,10.0,10.0,10.0,10.0,10.0,1.0611,10.0,10.0,10.0,2.313,2.6647,2.8695,3.0156,2.8493,2.6606,1.6027,1.2441,10.0,10.0,10.0,10.0,0.4975,10.0,10.0,10.0,0.7294,10.0,10.0,10.0,10.0,10.0,10.0,0.8904,10.0,10.0,10.0,10.0,10.0,10.0,10.0,10.0,10.0,0.6679,10.0,10.0,10.0,10.0,2.6747,2.6442,2.6371,2.633,2.6765,2.7273
10.0,0.9924,10.0,10.0,10.0,10.0,10.0,10.0,10.0,10.0,10.0,10.0,10.0,10.0,10.0,10.0,1.0634,10.0,10.0,1.0958,10.0,10.0,10.0,10.0,10.0,1.0825,10.0,10.0,10.0,10.0,10.0,10.0,10.0,10.0,10.0,10.0,10.0,10.0,1.3697,10.0,10.0,10.0,10.0,10.0,10.0,10.0,10.0,5.0006,4.6133,4.8475,4.691,1.0553,3.6231,3.3361,3.4192,3.4866,3.5147,3.5197,3.368,4.4075
10.0,10.0,10.0,10.0,10.0,10.0,10.0,10.0,10.0,1.2539,10.0,10.0,10.0,10.0,10.0,10.0,10.0,10.0,10.0,10.0,10.0,10.0,10.0,0.9458,10.0,10.0,1.4821,2.438,2.0958,2.2999,2.9985,2.9985,2.9915,2.9915,2.9915,2.9915,2.9915,2.9915,2.9915,2.9915,2.9915,2.9915,2.9915,2.9915,2.9915,2.3798,2.9056,2.9126,2.7568,2.4383,2.9915,2.9821,2.7434,2.4144,7.5067,7.5222,7.6163,7.5322,7.1119,6.6363
10.0,10.0,10.0,2.99,2.99,2.99,2.99,2.99,2.99,2.99,2.99,2.99,2.99,2.9831,0.9039,2.8722,1.149,10.0,10.0,1.2321,10.0,10.0,2.1847,2.5222,2.7199,2.8212,2.8939,2.9831,2.9831,2.99,1.2948,2.1082,2.4109,1.58,1.203,10.0,10.0,10.0,10.0,10.0,10.0,1.2958,10.0,10.0,10.0,10.0,10.0,10.0,10.0,10.0,10.0,10.0,1.6173,2.6224,2.3258,2.2008,2.2008,2.2008,2.3243,10.0
10.0,10.0,10.0,10.0,10.0,10.0,10.0,10.0,10.0,1.2547,10.0,2.4508,2.8594,2.9747,2.9747,2.9747,2.9747,2.8541,2.6909,2.3953,2.2844,2.2801,2.2801,2.2801,10.0,10.0,1.4057,10.0,10.0,10.0,10.0,10.0,10.0,10.0,10.0,10.0,0.8455,10.0,10.0,10.0,5.1742,3.0427,3.0669,3.0165,2.9479,5.4314,4.8551,3.5093,4.6535,6.3709,1.8975,2.7733,2.8893,2.8893,2.8893,2.8893,2.8893,2.8893,2.8792,2.3457
10.0,0.7087,10.0,10.0,10.0,10.0,10.0,10.0,10.0,10.0,10.0,10.0,10.0,10.0,10.0,1.5375,10.0,10.0,10.0,10.0,0.7117,10.0,10.0,10.0,10.0,10.0,0.7888,10.0,10.0,10.0,10.0,10.0,10.0,10.0,10.0,10.0,10.0,10.0,10.0,10.0,10.0,1.2212,10.0,10.0,1.3593,10.0,10.0,10.0,0.9518,10.0,10.0,10.0,10.0,2.2806,0.1214,2.9664,1.2106,2.7888,2.275,10.0
10.0,10.0,10.0,10.0,10.0,10.0,10.0,10.0,10.0,10.0,10.0,10.0,1.1012,10.0,10.0,0.2776,10.0,10.0,10.0,10.0,10.0,10.0,10.0,10.0,10.0,10.0,10.0,10.0,10.0,10.0,10.0,10.0,2.0115,2.2673,2.4854,2.6987,2.8526,2.9581,2.9581,2.9581,2.9581,2.9581,2.9581,2.9581,2.9581,2.9581,2.9581,2.9581,2.9581,2.9581,2.9581,2.9581,2.5995,10.0,10.0,4.7784,3.0296,3.1014,3.0679,3.0082
2.7192,2.84,2.9228,2.9461,2.9567,2.9567,2.9567,2.9567,2.9567,2.8908,2.6766,2.3279,1.8932,10.0,10.0,10.0,1.169,10.0,10.0,1.15,10.0,1.7395,2.445,2.7754,1.7593,2.9498,2.9498,2.9498,2.8104,2.6536,2.4068,2.3685,5.128,4.5686,4.768,4.9339,4.8198,1.4858,4.6442,4.571,4.4015,4.7548,9.9148,9.8808,1.2634,9.6774,2.384,2.8651,1.1101,2.2192,2.5798,2.2999,1.8338,2.261,7.129,1.4148,5.6098,4.6955,4.0877,3.3302
10.0,10.0,10.0,10.0,10.0,10.0,10.0,10.0,10.0,10.0,1.5701,10.0,10.0,10.0,2.2615,2.6196,2.8524,2.9484,2.8502,2.0782,2.3963,2.9416,2.9484,2.9484,2.5205,2.2921,2.2615,2.3625,10.0,10.0,10.0,10.0,10.0,10.0,0.6157,10.0,10.0,10.0,10.0,10.0,10.0,10.0,10.0,10.0,10.0,10.0,10.0,10.0,10.0,10.0,10.0,10.0,10.0,10.0,10.0,2.8571,2.864,2.8571,2.8571,2.4796
10.0,10.0,10.0,10.0,10.0,10.0,10.0,0.8842,10.0,10.0,10.0,10.0,10.0,10.0,10.0,1.4031,10.0,10.0,10.0,10.0,10.0,10.0,10.0,10.0,10.0,10.0,10.0,10.0,10.0,10.0,10.0,10.0,10.0,10.0,10.0,10.0,10.0,0.9973,10.0,10.0,10.0,10.0,10.0,10.0,10.0,3.5833,3.4952,3.4071,3.3191,3.231,3.1478,4.0846,4.4262,4.5582,4.6438,4.4786,5.0866,4.3952,3.7064,3.0196
10.0,10.0,10.0,10.0,10.0,10.0,10.0,10.0,10.0,10.0,10.0,10.0,10.0,10.0,10.0,1.0935,10.0,10.0,10.0,10.0,10.0,10.0,10.0,10.0,10.0,10.0,0.8193,1.1766,10.0,10.0,1.1735,2.3787,2.4581,2.6283,2.7009,2.7139,2.7266,2.7343,2.742,2.7494,2.7567,2.7639,2.7711,2.7784,2.7856,2.3393,2.8413,2.8481,2.7023,2.4412,2.3871,2.9321,2.9253,2.7934,2.564,2.3401,5.9913,6.4794,6.9785,7.4997
10.0,10.0,2.5867,2.5676,2.5526,2.5523,2.552,2.5534,2.5549,2.5564,2.558,2.5596,2.5613,2.336,1.7103,10.0,10.0,10.0,10.0,10.0,10.0,10.0,1.6711,10.0,10.0,10.0,10.0,2.236,2.5197,2.7403,2.9173,2.9173,2.924,2.8113,2.9107,2.6807,1.3341,10.0,10.0,10.0,2.3361,2.3422,2.3483,2.3545,2.3606,2.3667,2.0322,2.2428,2.2428,2.2428,2.2428,2.272,2.7457,2.924,1.5586,2.3552,10.0,10.0,10.0,3.5851
2.6311,2.5248,2.292,2.2299,2.2299,2.2299,2.2299,2.1834,2.2299,2.2299,2.2299,2.2299,2.916,2.769,2.6653,2.2014,2.5633,2.916,2.916,2.9092,2.9092,2.9092,2.9092,2.722,2.5122,2.3294,10.0,10.0,10.0,10.0,10.0,10.0,10.0,10.0,10.0,10.0,7.2496,4.7589,5.023,3.2276,3.2049,3.1353,0.8437,3.0685,2.9984,4.4328,7.0917,7.0201,6.9485,0.779,2.8257,2.8325,2.8325,2.8325,2.8174,2.7844,2.7769,2.7839,2.9438,2.3982
10.0,10.0,10.0,10.0,10.0,0.9455,10.0,10.0,10.0,10.0,10.0,10.0,10.0,10.0,10.0,10.0,10.0,2.3916,2.4185,2.3462,2.3286,1.2287,0.7939,10.0,10.0,10.0,10.0,10.0,10.0,10.0,10.0,10.0,10.0,10.0,10.0,10.0,10.0,10.0,10.0,10.0,10.0,10.0,10.0,10.0,10.0,1.0132,10.0,10.0,10.0,10.0,10.0,10.0,10.0,2.1374,2.1472,2.2305,2.2672,2.2729,2.0948,2.1472
10.0,10.0,10.0,10.0,10.0,10.0,10.0,10.0,0.905,10.0,10.0,10.0,10.0,10.0,10.0,10.0,10.0,10.0,0.9109,10.0,10.0,10.0,10.0,10.0,0.9737,10.0,10.0,10.0,10.0,10.0,10.0,10.0,10.0,10.0,10.0,10.0,2.0692,2.2177,2.2177,2.3532,2.3469,2.3405,2.3342,2.3279,2.3216,2.3153,1.9802,10.0,5.3073,1.8221,5.3186,5.0662,4.7616,4.4105,1.1461,3.174,3.1996,3.2041,3.1688,3.1079
10.0,10.0,10.0,10.0,10.0,10.0,10.0,10.0,1.7154,10.0,10.0,10.0,10.0,10.0,10.0,10.0,10.0,10.0,10.0,10.0,0.6811,10.0,10.0,10.0,1.0574,1.8813,2.6564,2.8244,2.8905,2.8854,2.8854,2.8854,2.7589,2.6708,2.6019,2.5896,2.5776,2.5703,2.5629,2.556,2.5491,2.5422,2.5353,2.5285,2.5216,2.5147,2.1288,2.8093,2.804,2.2702,2.1355,2.8255,2.5999,2.248,8.0435,7.5968,1.1117,6.7509,6.3969,5.6685
10.0,10.0,2.7083,2.7289,2.7451,2.7454,2.7457,2.7441,2.7426,2.7409,2.7392,2.7374,2.7357,2.8137,2.8843,2.8843,0.5495,1.6028,10.0,10.0,2.2056,2.4273,2.6451,2.8108,2.8776,2.8776,2.8843,2.8843,1.4689,0.8331,10.0,1.4452,10.0,10.0,10.0,10.0,10.0,0.9935,10.0,10.0,10.0,10.0,10.0,10.0,10.0,10.0,10.0,1.182,10.0,10.0,0.8091,10.0,10.0,2.2686,2.5515,2.58,2.5866,2.5804,2.5499,2.5026
10.0,10.0,10.0,1.0637,10.0,10.0,10.0,10.0,10.0,10.0,10.0,10.0,1.1525,2.4762,2.6137,2.6992,2.6119,2.434,2.0753,10.0,1.7217,10.0,10.0,1.6435,10.0,10.0,10.0,10.0,10.0,10.0,10.0,10.0,10.0,10.0,10.0,10.0,10.0,10.0,10.0,10.0,10.0,10.0,3.2137,0.8758,3.0397,3.0238,2.9514,2.8981,2.819,4.4952,0.6436,2.1172,2.457,2.5387,2.5763,2.605,2.6116,2.6054,3.0447,2.4805
10.0,10.0,10.0,10.0,0.8544,10.0,10.0,10.0,10.0,10.0,10.0,10.0,10.0,10.0,10.0,10.0,10.0,10.0,10.0,10.0,10.0,10.0,10.0,10.0,10.0,10.0,10.0,10.0,10.0,10.0,10.0,0.7878,10.0,10.0,10.0,10.0,10.0,1.5165,10.0,10.0,1.6083,10.0,10.0,1.7834,10.0,10.0,10.0,10.0,10.0,10.0,2.1386,10.0,2.2003,2.8687,0.131,2.7948,2.5461,2.3084,1.1496,10.0
1.85,10.0,10.0,1.3875,10.0,10.0,10.0,10.0,10.0,10.0,10.0,10.0,10.0,10.0,10.0,10.0,0.7653,10.0,10.0,10.0,10.0,10.0,10.0,10.0,10.0,10.0,10.0,1.4718,10.0,2.1877,2.5256,2.6042,2.6451,2.7476,2.8543,2.8543,2.8543,2.8609,2.8609,2.8382,2.8609,2.8609,2.8609,2.8609,2.8609,2.8609,2.8609,2.8609,2.8609,2.8609,2.8609,2.8609,2.8543,1.2636,10.0,10.0,10.0,3.1481,3.1095,3.0528
2.8532,2.8466,2.8466,2.8466,2.8466,2.8466,2.8466,2.7756,2.8466,2.8466,2.8532,2.6373,2.2898,1.9551,10.0,1.5962,10.0,10.0,2.3379,2.5251,2.5667,2.2814,1.6559,2.8532,2.8466,2.7845,2.6062,2.447,2.2693,2.2311,10.0,10.0,9.9912,7.669,4.6818,5.0873,3.8919,4.0674,1.0821,3.9026,3.8206,3.6635,3.5815,8.529,8.4454,8.3619,8.2783,2.2055,2.7648,2.7715,2.7715,2.4747,2.243,0.4092,1.8928,2.2236,2.2177,2.2233,2.1068,2.1068
10.0,10.0,10.0,10.0,10.0,10.0,1.3259,10.0,10.0,1.1793,10.0,10.0,10.0,10.0,10.0,2.1826,2.5187,2.7249,2.8455,2.8389,2.8455,2.8455,1.5149,1.2187,10.0,1.4992,0.5771,10.0,0.468,10.0,10.0,10.0,10.0,10.0,10.0,10.0,0.8564,10.0,10.0,10.0,10.0,10.0,10.0,10.0,10.0,10.0,10.0,10.0,10.0,10.0,10.0,10.0,10.0,10.0,10.0,0.5766,2.7596,2.1826,2.5227,2.7126
10.0,10.0,10.0,10.0,10.0,10.0,10.0,10.0,10.0,10.0,10.0,10.0,0.3831,10.0,10.0,10.0,10.0,1.2553,10.0,10.0,10.0,10.0,10.0,10.0,10.0,10.0,10.0,10.0,10.0,10.0,10.0,10.0,10.0,10.0,1.2535,10.0,10.0,10.0,10.0,10.0,10.0,1.2325,10.0,10.0,1.1083,10.0,4.0402,4.3287,4.2654,4.1549,3.9926,0.8875,3.5098,1.3341,3.8607,3.9352,3.9663,3.7665,4.656,3.7931
0.7605,10.0,10.0,10.0,10.0,10.0,1.1294,10.0,10.0,10.0,10.0,10.0,10.0,10.0,10.0,10.0,1.0332,10.0,10.0,0.6796,10.0,10.0,10.0,10.0,10.0,10.0,10.0,10.0,10.0,1.6273,2.5879,2.7969,2.8304,2.8304,2.8304,2.8304,2.8304,2.8304,2.8304,2.8304,2.8304,2.8304,2.8304,2.8304,2.8304,2.2153,2.7427,2.7493,2.6545,2.4144,2.171,2.8238,2.7702,2.5364,2.1713,6.8293,7.391,7.9775,7.9345,7.4887
10.0,10.0,2.8163,2.8163,2.8163,2.8163,2.8163,2.8163,2.8163,2.8163,2.8163,2.8163,2.8163,2.8163,2.6492,2.0841,10.0,1.0211,10.0,10.0,10.0,10.0,10.0,2.2477,2.457,2.4571,2.5204,2.6321,2.8163,2.8163,2.8228,1.8175,2.3329,2.4037,2.0544,0.8782,10.0,10.0,1.3549,10.0,10.0,10.0,10.0,10.0,10.0,10.0,10.0,10.0,1.4906,10.0,10.0,1.182,2.2868,2.6974,2.8228,1.9691,10.0,1.7185,10.0,10.0
2.2627,10.0,10.0,10.0,10.0,1.5635,10.0,10.0,10.0,10.0,2.2889,0.6682,1.5011,2.8153,2.8153,2.8153,2.8088,2.8088,2.8088,2.6645,2.6264,2.5883,2.5846,2.47,2.1529,10.0,10.0,10.0,10.0,1.097,10.0,10.0,1.1725,10.0,10.0,10.0,10.0,10.0,10.0,0.8397,3.1548,3.0676,3.004,2.9751,2.9341,2.8654,2.7037,4.4728,6.8037,6.7336,2.4988,2.7281,2.7281,2.7281,2.7347,2.7347,2.7347,2.7347,6.736,2.3483
10.0,10.0,10.0,10.0,10.0,10.0,10.0,10.0,10.0,10.0,10.0,0.8583,10.0,10.0,10.0,10.0,10.0,1.6587,10.0,10.0,10.0,10.0,10.0,10.0,10.0,10.0,10.0,0.7685,10.0,10.0,10.0,10.0,10.0,10.0,10.0,10.0,10.0,10.0,1.1169,10.0,10.0,10.0,10.0,10.0,10.0,10.0,10.0,10.0,1.2546,10.0,10.0,10.0,1.8146,10.0,0.1201,2.8079,2.8079,2.8013,2.7146,2.4561
10.0,10.0,1.0591,10.0,10.0,10.0,10.0,10.0,10.0,10.0,10.0,10.0,10.0,10.0,10.0,0.2555,10.0,10.0,10.0,10.0,1.0716,10.0,10.0,1.0097,10.0,10.0,1.1546,10.0,1.569,10.0,10.0,1.5437,10.0,1.9015,2.1415,2.4269,2.5704,2.7033,2.6956,2.6882,2.681,2.6737,2.6665,2.6593,2.6521,2.6449,2.6376,2.6304,2.6232,2.616,2.5819,2.5376,0.9206,6.7449,4.2596,3.0416,3.0704,3.0747,3.0408,2.9859
2.1424,2.4361,2.5071,2.5261,2.5411,2.5414,2.5417,2.5402,2.5388,2.5373,2.5046,2.1546,10.0,1.4561,10.0,10.0,10.0,10.0,0.8751,10.0,10.0,10.0,10.0,10.0,2.5616,2.7931,2.7931,2.7866,2.7866,2.7602,2.6064,2.4636,2.1568,2.263,4.7957,4.7032,4.6383,4.541,4.3972,4.5953,1.6244,10.0,10.0,1.7032,10.0,10.0,2.1586,1.5025,2.7131,2.2223,2.3862,2.7472,2.528,1.347,8.4089,7.5145,6.617,5.7175,4.5763,3.9281
10.0,10.0,2.2616,2.1367,2.1367,2.1367,2.1367,2.1367,2.1367,2.1367,2.1367,2.0653,2.1367,2.1652,2.5337,2.7392,2.7857,1.0489,2.457,2.2878,2.6318,2.7792,2.7792,2.7792,2.7857,2.728,2.6524,1.0123,2.0624,10.0,10.0,10.0,10.0,10.0,0.58,10.0,10.0,10.0,10.0,10.0,10.0,10.0,10.0,0.9647,10.0,10.0,10.0,10.0,10.0,10.0,1.0631,10.0,10.0,10.0,10.0,2.6995,2.6995,2.6995,2.6995,2.6995
1.2225,10.0,10.0,10.0,10.0,10.0,10.0,10.0,10.0,10.0,0.9383,10.0,10.0,10.0,0.604,2.2422,2.1247,1.9734,10.0,10.0,10.0,1.296,10.0,10.0,1.2502,10.0,10.0,10.0,10.0,10.0,10.0,10.0,10.0,10.0,10.0,10.0,10.0,10.0,10.0,10.0,0.9039,10.0,10.0,10.0,3.3661,3.2854,3.2047,3.1239,3.0432,2.9441,0.7709,4.5293,2.1367,2.0451,2.0451,2.1049,2.1238,2.106,2.0451,1.9059
10.0,10.0,10.0,10.0,10.0,10.0,10.0,10.0,10.0,10.0,0.9775,10.0,10.0,10.0,10.0,10.0,10.0,10.0,0.972,10.0,10.0,0.7251,10.0,10.0,10.0,0.3766,10.0,0.4912,10.0,10.0,10.0,10.0,0.9543,2.1255,2.1802,2.2216,2.262,2.2867,2.3114,2.3348,2.358,2.3812,2.4043,2.4189,2.4252,2.4315,10.0,2.6918,2.6593,2.4187,2.0462,2.1255,2.7712,2.7647,0.1497,0.9894,10.0,10.0,6.4383,6.9246
10.0,2.2006,2.1136,2.1136,1.9006,2.1136,2.1136,2.1136,2.1136,2.1136,2.1136,2.0954,2.1136,10.0,10.0,10.0,10.0,10.0,10.0,10.0,10.0,10.0,10.0,1.4276,10.0,10.0,10.0,10.0,2.1608,2.4933,2.6886,2.7575,2.7575,2.7575,2.7639,2.7639,2.6625,1.8432,2.4441,2.4506,2.4571,2.4636,2.47,2.4765,2.4829,2.4894,2.4958,2.5023,2.5087,2.5152,2.5456,2.5852,2.7639,2.7575,2.1136,10.0,10.0,10.0,1.25,3.3218
2.7503,2.6777,2.606,2.5868,2.5716,2.5714,2.5711,2.5725,2.2911,2.5755,2.5771,2.7567,2.6426,2.4482,2.2576,2.1145,1.7131,2.0167,2.7482,2.7567,2.7567,2.7567,2.7503,2.7503,2.608,2.4055,2.1081,10.0,10.0,1.7165,10.0,1.4381,10.0,10.0,10.0,1.0913,4.3865,4.7359,3.3267,3.4426,3.3688,3.295,3.2213,3.1475,3.0492,0.8725,7.4512,7.376,2.2097,0.7646,2.6778,1.4767,0.9595,0.4563,2.4695,2.4413,2.4348,2.4409,2.4711,2.5198
10.0,10.0,1.0166,10.0,10.0,10.0,10.0,10.0,10.0,10.0,10.0,10.0,10.0,10.0,10.0,10.0,2.1775,2.4855,2.6517,2.6305,2.4671,1.0917,10.0,10.0,10.0,10.0,10.0,10.0,10.0,0.8151,10.0,10.0,0.6507,10.0,10.0,10.0,10.0,10.0,10.0,10.0,10.0,10.0,0.962,10.0,10.0,10.0,10.0,10.0,10.0,0.6976,10.0,10.0,10.0,10.0,2.3765,2.3494,2.2378,2.349,2.3781,2.4232
10.0,10.0,10.0,10.0,10.0,10.0,10.0,10.0,10.0,10.0,10.0,0.8886,10.0,10.0,10.0,10.0,10.0,10.0,10.0,10.0,10.0,10.0,10.0,10.0,10.0,10.0,10.0,10.0,10.0,10.0,10.0,10.0,10.0,1.3708,10.0,1.6288,10.0,10.0,10.0,10.0,10.0,10.0,1.6809,10.0,10.0,1.5093,10.0,4.644,1.4005,4.2886,4.2959,4.3492,4.2811,3.1356,3.3155,3.3809,1.2764,3.413,3.3753,3.3289
10.0,10.0,1.4192,10.0,10.0,10.0,10.0,10.0,10.0,10.0,10.0,10.0,1.5195,10.0,1.1953,10.0,10.0,0.9287,10.0,10.0,0.9515,10.0,10.0,0.9141,10.0,1.1435,0.9009,2.3609,2.4804,2.4859,2.7354,2.729,2.729,2.729,2.729,2.729,2.729,2.729,2.7276,2.7198,2.712,2.7042,2.6967,2.6894,2.6821,2.6748,2.0134,2.657,2.657,2.2717,2.0224,1.5484,2.5893,2.3627,1.057,1.5547,7.6957,7.2578,6.8522,6.449
10.0,10.0,2.7284,2.7284,2.7284,2.7284,2.7284,2.7284,2.7284,2.7284,2.7284,2.7284,2.7284,2.7284,2.722,2.722,0.5424,10.0,1.469,10.0,1.8029,2.0864,2.3885,2.5381,2.6898,2.722,2.722,2.722,2.7284,1.9736,2.0927,2.1841,10.0,10.0,10.0,10.0,10.0,10.0,10.0,10.0,10.0,10.0,10.0,10.0,1.2125,10.0,10.0,10.0,10.0,10.0,10.0,1.3493,1.8688,2.1332,2.2522,2.3077,2.2469,2.308,2.247,2.0955
10.0,10.0,10.0,10.0,10.0,10.0,1.1654,10.0,10.0,10.0,10.0,10.0,2.4091,1.0551,2.715,2.715,2.7116,2.5679,2.4211,2.0937,2.081,1.8998,2.081,2.2033,1.8831,10.0,10.0,10.0,1.0177,10.0,10.0,10.0,10.0,10.0,10.0,10.0,10.0,10.0,10.0,10.0,10.0,4.9137,3.0773,3.0068,2.9364,2.8809,0.771,2.7048,4.6448,4.2688,6.4373,2.421,2.5594,2.6371,2.6371,2.6371,2.6371,2.6371,2.9595,2.411
10.0,10.0,10.0,10.0,10.0,10.0,10.0,10.0,10.0,10.0,10.0,10.0,10.0,10.0,10.0,10.0,10.0,10.0,10.0,1.3109,0.914,10.0,10.0,0.8441,10.0,10.0,10.0,10.0,10.0,10.0,10.0,0.8477,10.0,10.0,10.0,10.0,10.0,10.0,10.0,10.0,10.0,10.0,10.0,10.0,1.3853,10.0,10.0,10.0,0.9895,10.0,10.0,10.0,10.0,2.6133,0.1257,2.7081,2.687,2.4358,1.8798,10.0
10.0,10.0,10.0,10.0,10.0,10.0,10.0,10.0,10.0,1.19,10.0,10.0,10.0,10.0,10.0,0.3022,10.0,10.0,10.0,10.0,10.0,10.0,1.1056,10.0,10.0,1.1982,10.0,10.0,10.0,2.0704,2.0941,2.1546,2.2751,2.4207,2.5268,2.6797,2.7012,2.7012,2.7012,2.7012,2.7012,2.7012,2.7012,2.7012,2.7012,2.7012,2.7012,2.7012,2.7012,2.7012,2.7012,2.7012,2.5828,10.0,10.0,10.0,3.11,3.0956,3.0614,3.0005
2.7006,2.7006,2.7006,2.7006,2.7006,2.7006,2.7006,2.7006,2.6943,2.7006,2.6361,2.4251,2.0714,10.0,1.4608,10.0,10.0,10.0,10.0,2.0211,2.0714,2.0714,2.0714,1.1449,2.7006,2.6943,2.6943,2.6078,2.5529,2.4303,2.2134,2.1692,8.0816,4.6222,1.4183,4.3713,4.5323,4.4291,4.3397,4.2606,4.1903,1.201,4.3788,9.1072,1.2756,9.0445,9.0131,2.0178,1.1099,2.1718,2.5264,2.2029,1.994,2.0777,6.6894,5.9779,5.161,1.6128,3.8356,2.0873
10.0,10.0,10.0,1.3714,10.0,10.0,10.0,10.0,10.0,10.0,10.0,10.0,10.0,1.526,2.0661,2.3831,2.5949,2.6937,2.6874,2.6874,2.5782,2.6937,2.6937,2.0166,1.7525,2.0661,1.9823,10.0,10.0,10.0,10.0,0.8975,10.0,10.0,10.0,10.0,10.0,10.0,10.0,10.0,10.0,10.0,10.0,10.0,10.0,10.0,0.9561,10.0,10.0,10.0,10.0,10.0,10.0,10.0,2.6165,2.6165,1.1442,1.6721,2.1251,2.4387
10.0,10.0,10.0,10.0,10.0,10.0,10.0,10.0,10.0,10.0,10.0,10.0,0.3454,0.875,1.1933,10.0,10.0,10.0,1.5301,10.0,10.0,10.0,10.0,1.156,10.0,10.0,1.2121,10.0,10.0,10.0,10.0,10.0,1.0285,10.0,10.0,10.0,10.0,10.0,10.0,10.0,10.0,10.0,10.0,10.0,10.0,3.691,3.9036,0.9711,3.7113,3.6152,3.1529,3.4613,4.0746,4.1991,4.283,4.3604,4.1554,1.7768,4.0478,3.2977
0.7761,10.0,10.0,1.0961,10.0,10.0,10.0,10.0,10.0,10.0,10.0,10.0,10.0,10.0,10.0,10.0,10.0,10.0,10.0,10.0,10.0,10.0,10.0,10.0,10.0,0.7693,10.0,10.0,1.429,10.0,2.1899,1.4528,2.5227,2.6151,2.6801,2.6801,2.6801,2.6801,2.6801,2.6801,2.6801,2.6801,2.6801,2.6801,2.6801,2.6801,2.5971,2.6033,2.5807,2.347,1.9789,2.6801,2.6738,2.5816,2.3695,2.0495,1.4688,0.9636,7.5571,8.0885
10.0,10.0,2.5733,2.5543,2.5394,2.5391,2.5388,2.5402,2.5416,2.5432,2.5448,2.5464,2.548,2.476,2.056,10.0,10.0,10.0,10.0,10.0,1.2418,10.0,10.0,2.0443,2.0443,2.0443,2.0853,2.3453,2.5124,2.6671,2.6671,2.6733,2.4384,2.6135,2.4779,1.6171,10.0,10.0,10.0,10.0,10.0,10.0,1.7063,10.0,10.0,2.1363,2.1418,2.1473,2.1529,1.9904,2.0505,2.0505,2.4783,2.6733,1.4827,2.1821,10.0,10.0,10.0,10.0
2.3562,2.1525,2.0391,2.0391,2.0391,2.0391,2.0391,2.0391,2.0391,2.0391,2.0391,1.9914,2.6666,2.6666,2.6518,2.54,2.5497,2.6666,2.6604,2.6604,2.6604,2.6604,2.6604,2.515,2.3334,2.0391,10.0,1.3639,10.0,10.0,1.2865,10.0,10.0,10.0,10.0,10.0,10.0,10.0,4.1794,3.2888,3.1998,3.1297,3.0597,2.9896,2.9196,2.8528,4.2174,7.0104,6.9389,0.7702,2.584,2.584,2.5902,2.5902,2.5902,2.5902,2.5902,2.5902,6.3802,6.3802
10.0,10.0,10.0,10.0,10.0,10.0,10.0,10.0,0.9062,10.0,10.0,10.0,10.0,10.0,10.0,10.0,2.0402,2.0924,2.0402,2.0402,1.5731,1.2606,10.0,10.0,10.0,0.9135,10.0,10.0,10.0,10.0,10.0,10.0,10.0,10.0,10.0,10.0,10.0,10.0,10.0,10.0,10.0,10.0,10.0,10.0,10.0,10.0,10.0,10.0,10.0,10.0,10.0,10.0,10.0,1.964,2.0883,1.8466,2.0589,1.6624,2.0897,1.964
10.0,10.0,10.0,10.0,10.0,1.0201,10.0,10.0,10.0,10.0,10.0,10.0,10.0,10.0,10.0,0.3341,10.0,10.0,10.0,10.0,10.0,10.0,10.0,10.0,10.0,10.0,10.0,10.0,10.0,1.3235,10.0,10.0,1.4078,10.0,1.8017,2.1157,2.3566,2.3526,2.3459,2.3396,2.3332,2.3269,2.3207,2.3144,2.3081,2.2865,2.2606,2.2347,2.2088,2.1829,2.0606,2.0289,6.5077,4.1167,3.1035,3.145,3.1704,3.1748,3.1398,1.0591
10.0,1.8393,2.03,2.03,2.0546,2.0555,2.0564,2.052,2.0475,2.0426,2.0376,2.0325,10.0,10.0,10.0,10.0,10.0,10.0,1.0348,10.0,10.0,1.1099,10.0,10.0,0.6727,2.4216,2.643,2.6466,2.6466,2.6405,2.6405,2.5795,2.4476,2.3694,2.3083,2.2875,2.2472,2.2225,2.1979,2.1745,2.1513,2.1282,2.1051,2.082,2.059,2.0359,2.0129,2.5646,2.5708,2.1585,2.2361,2.6405,2.4836,2.245,9.2183,8.8933,8.2178,7.1008,5.9881,4.8784
10.0,2.3125,2.38,2.398,2.4122,2.4125,2.4128,2.4114,2.4101,2.4086,2.4071,2.4055,2.404,2.4725,2.64,2.64,1.9154,2.0188,2.0188,1.931,2.3253,2.462,2.6273,2.6339,2.6339,2.64,2.64,2.64,2.4594,2.1651,10.0,10.0,1.2451,0.823,10.0,10.0,10.0,10.0,10.0,10.0,0.996,10.0,10.0,10.0,10.0,10.0,10.0,10.0,10.0,10.0,0.7973,10.0,10.0,10.0,2.5068,2.5349,2.5418,2.5353,2.5052,2.4587
10.0,10.0,10.0,10.0,10.0,10.0,10.0,10.0,10.0,10.0,10.0,10.0,10.0,2.0138,0.5992,2.3636,2.3895,2.2496,2.0138,1.5873,10.0,10.0,1.4614,10.0,10.0,1.4866,10.0,1.0156,10.0,10.0,10.0,10.0,10.0,1.0302,10.0,10.0,10.0,10.0,10.0,10.0,10.0,10.0,10.0,0.8378,3.1659,3.09,3.014,2.9381,2.8746,3.8599,0.6764,1.9384,2.1603,2.2742,2.3078,2.3335,2.3395,2.3339,2.3063,2.6012
10.0,10.0,10.0,10.0,10.0,10.0,10.0,0.8988,10.0,10.0,10.0,10.0,10.0,10.0,1.2397,10.0,10.0,1.1708,10.0,10.0,10.0,0.5345,10.0,10.0,10.0,0.4311,10.0,10.0,10.0,10.0,10.0,10.0,10.0,10.0,10.0,2.1044,2.1142,2.1202,2.1262,2.1319,2.1375,2.0149,2.0149,2.0149,2.0149,2.0149,2.0149,1.3918,10.0,10.0,2.09,10.0,2.6022,1.1559,0.1386,2.5111,2.2877,1.6078,10.0,10.0
2.0118,2.1041,10.0,10.0,10.0,10.0,10.0,10.0,10.0,10.0,1.6293,10.0,10.0,0.6058,10.0,10.0,10.0,10.0,10.0,0.8752,10.0,1.2853,10.0,10.0,1.2718,10.0,10.0,10.0,2.0039,2.305,2.4856,2.5909,2.6143,2.6143,2.6143,2.6204,2.6204,2.5786,2.343,2.5928,2.6001,2.6073,2.6145,2.6204,2.6204,2.6204,2.6204,2.6204,2.6204,2.6204,2.6204,2.6204,2.6143,1.2207,10.0,10.0,10.0,4.1325,3.234,3.1696
2.6079,2.6079,2.6079,2.6079,2.6079,2.6079,2.6079,2.6079,2.1524,2.6079,2.6079,2.6121,2.3838,2.0802,2.005,10.0,10.0,1.2464,1.5418,2.512,2.5534,2.1233,2.5995,2.6079,2.6079,2.5012,2.341,2.0988,1.9989,1.9989,1.9587,10.0,9.8034,9.6159,9.2323,4.3038,4.602,3.7091,1.137,3.7687,3.6895,3.6103,3.5311,3.2739,8.1582,8.0775,7.9967,7.916,1.924,2.533,2.005,2.4304,2.3138,0.4291,2.209,2.1252,2.1022,2.1238,2.2104,2.7043
10.0,10.0,10.0,10.0,10.0,10.0,10.0,10.0,10.0,10.0,10.0,10.0,1.1025,10.0,10.0,2.0001,2.3346,2.5257,2.6075,2.6015,2.6075,2.4536,2.0001,10.0,10.0,10.0,0.6081,0.9718,0.4909,10.0,10.0,10.0,10.0,10.0,10.0,10.0,10.0,10.0,10.0,0.9038,10.0,10.0,10.0,10.0,10.0,10.0,10.0,10.0,10.0,10.0,10.0,10.0,10.0,10.0,2.4666,0.669,2.4319,2.3029,2.4682,2.5155
10.0,1.0118,10.0,10.0,10.0,10.0,10.0,10.0,10.0,10.0,10.0,10.0,10.0,10.0,10.0,10.0,1.0306,10.0,10.0,1.1356,10.0,10.0,10.0,10.0,10.0,1.0198,10.0,10.0,1.0177,10.0,10.0,1.087,10.0,10.0,10.0,10.0,10.0,10.0,1.3509,10.0,10.0,1.273,10.0,10.0,10.0,10.0,4.1802,4.5199,4.0305,4.0499,4.4159,0.9103,3.3777,3.6021,3.6899,3.7612,3.7908,3.7961,1.3376,4.3177
10.0,10.0,10.0,10.0,10.0,10.0,10.0,10.0,10.0,1.2543,10.0,10.0,10.0,10.0,10.0,10.0,10.0,10.0,10.0,10.0,10.0,10.0,10.0,10.0,10.0,10.0,1.5493,1.85,1.9903,1.9921,1.9903,2.5948,2.5948,2.5888,2.5888,2.5888,2.5888,2.5888,2.5888,2.5888,2.5888,2.5888,2.5888,2.5888,2.5888,2.5888,1.9099,2.5144,2.5204,2.3257,1.9734,2.5888,2.5888,2.3809,2.0974,10.0,8.2648,7.9737,10.0,1.1105
10.0,10.0,2.5824,2.5824,2.5824,2.5824,2.5824,2.5824,2.5824,2.5824,2.5824,2.5824,2.5824,2.5824,0.935,2.3698,10.0,10.0,10.0,1.3272,10.0,10.0,2.1074,2.3309,2.4432,2.4433,2.5062,2.5824,2.5824,2.5884,2.3134,2.1201,2.2561,1.9854,1.1856,0.9131,10.0,10.0,10.0,10.0,10.0,1.2949,10.0,10.0,10.0,10.0,10.0,10.0,10.0,10.0,10.0,1.1952,1.6848,1.9052,1.9052,1.9276,1.945,1.9286,1.9052,1.9052
2.0716,10.0,1.4996,10.0,10.0,10.0,10.0,10.0,10.0,10.0,10.0,1.544,2.5761,2.5761,2.5761,2.5821,2.5761,2.5761,2.5289,2.3758,2.3418,2.3078,2.3045,2.3014,2.0322,10.0,1.3686,10.0,10.0,10.0,10.0,10.0,10.0,10.0,10.0,10.0,0.8663,10.0,10.0,10.0,3.9832,3.1206,3.0508,2.9809,2.9111,2.8413,2.7726,4.2581,4.4489,6.8515,2.047,2.5022,2.5022,2.5022,2.5022,2.5022,2.5022,2.5022,2.9329,2.3894
10.0,0.7293,10.0,10.0,10.0,10.0,10.0,10.0,10.0,10.0,10.0,0.8591,10.0,10.0,10.0,1.5249,10.0,10.0,1.48,10.0,10.0,10.0,10.0,10.0,10.0,10.0,0.7137,10.0,10.0,10.0,10.0,10.0,10.0,0.6008,10.0,10.0,10.0,10.0,1.16,10.0,10.0,1.2464,10.0,10.0,10.0,10.0,10.0,10.0,1.2761,10.0,10.0,10.0,10.0,2.0912,0.1231,2.5759,2.5699,2.5699,2.3435,1.5932
10.0,10.0,10.0,10.0,10.0,10.0,10.0,10.0,10.0,10.0,10.0,10.0,1.1296,10.0,10.0,0.2736,10.0,0.8589,10.0,10.0,10.0,10.0,10.0,10.0,10.0,10.0,10.0,10.0,10.0,10.0,1.766,2.0633,1.965,2.0637,2.2724,2.4096,2.5475,2.5636,2.5636,2.5636,2.5636,2.5636,2.5636,2.5636,2.5636,2.5636,2.5636,2.5636,2.5636,2.5636,2.5636,2.5241,1.965,10.0,10.0,4.1597,3.1012,1.1658,3.0714,3.0102
2.3204,2.4234,2.4941,2.513,2.5279,2.5282,2.5285,2.5271,2.5257,2.5241,2.4594,2.2625,2.0657,10.0,10.0,10.0,1.2292,10.0,0.8453,1.3154,1.5509,10.0,10.0,1.9662,2.5347,2.5634,2.5574,2.5574,2.5574,2.5087,2.3691,2.2392,1.9602,2.0569,4.2974,4.3126,4.252,1.4966,4.0323,3.9438,4.167,4.135,9.3698,9.3219,9.2739,9.2259,9.3094,1.8868,1.1977,2.1529,2.3332,1.9291,1.9803,2.2336,2.0502,6.8911,6.068,5.2432,4.4215,3.6022
10.0,10.0,2.0409,2.0564,1.897,2.0688,2.069,1.7274,2.0667,2.0654,2.0641,2.0628,2.0615,1.9615,2.2864,2.4719,2.5572,2.4245,1.5871,2.0733,2.5513,2.5513,2.5572,2.5572,2.3854,2.1693,2.3192,2.0787,1.3178,10.0,1.0786,10.0,10.0,10.0,0.5899,10.0,10.0,10.0,10.0,10.0,10.0,10.0,10.0,0.9581,10.0,10.0,10.0,10.0,10.0,10.0,10.0,10.0,10.0,10.0,2.478,2.478,2.478,2.478,2.0749,2.478
10.0,10.0,10.0,10.0,10.0,10.0,10.0,0.9187,10.0,10.0,10.0,10.0,10.0,10.0,10.0,10.0,1.6711,2.0614,10.0,10.0,10.0,10.0,10.0,10.0,10.0,10.0,10.0,10.0,10.0,10.0,10.0,10.0,10.0,10.0,10.0,10.0,10.0,0.9899,10.0,10.0,10.0,10.0,10.0,10.0,3.431,3.6063,3.5196,3.433,3.2669,3.1802,3.1292,4.3675,1.7049,1.8777,1.8777,1.9026,1.9198,1.9036,1.8777,1.8777
10.0,10.0,10.0,10.0,10.0,10.0,10.0,10.0,10.0,10.0,0.9466,10.0,10.0,10.0,10.0,1.0566,10.0,10.0,10.0,10.0,10.0,10.0,10.0,10.0,10.0,10.0,0.8794,10.0,10.0,10.0,1.1912,2.0595,2.1085,2.2756,2.3384,2.3497,2.3606,2.3673,2.374,2.3804,2.3867,2.393,2.3992,2.4055,2.4118,2.418,1.8732,2.4661,2.472,2.3012,1.9766,1.952,2.5449,2.539,0.1626,2.2173,10.0,10.0,10.0,10.0
10.0,2.3259,2.2636,2.2469,2.2337,2.2335,2.2332,2.2345,2.2357,2.2371,2.2385,2.2399,2.2414,2.0914,10.0,0.8084,10.0,10.0,0.9312,10.0,10.0,10.0,1.729,10.0,10.0,1.7045,2.0388,1.9888,2.2808,2.4669,2.5329,2.5388,2.5388,2.5388,2.5388,2.4455,2.0718,2.0944,2.117,2.1385,2.1598,2.181,2.2022,2.2159,2.2217,2.2275,2.2333,2.239,2.2448,2.2506,2.2778,2.3132,2.5388,2.5329,2.3872,10.0,1.4021,10.0,10.0,3.4424
2.4684,2.3756,2.3119,2.2949,2.2815,2.2812,2.281,2.2823,2.2835,2.074,1.1651,2.5269,2.5328,2.4323,2.3411,2.1403,2.2516,2.5059,2.5328,2.5328,2.5328,2.5269,2.5269,2.5269,2.3931,2.2073,1.8855,10.0,1.542,10.0,10.0,1.5676,10.0,10.0,10.0,10.0,9.3542,4.0781,4.1828,3.4668,3.394,3.2544,0.8815,3.1088,3.036,4.0942,7.3613,7.287,7.2127,2.304,2.4543,2.4602,2.4602,2.4602,2.4267,2.399,2.3926,2.3987,2.4283,2.4894
10.0,10.0,10.0,10.0,10.0,0.9737,10.0,10.0,10.0,10.0,10.0,10.0,10.0,10.0,10.0,10.0,2.1096,2.3386,2.3452,2.3264,2.1082,2.0374,0.7983,10.0,1.1341,10.0,10.0,10.0,10.0,10.0,10.0,10.0,0.6783,10.0,10.0,10.0,10.0,10.0,10.0,10.0,10.0,10.0,0.9874,10.0,10.0,10.0,10.0,10.0,10.0,10.0,10.0,10.0,10.0,2.1765,2.1445,2.0848,2.067,2.0883,2.1459,2.1866
10.0,10.0,10.0,10.0,10.0,10.0,10.0,10.0,0.9659,10.0,10.0,10.0,10.0,10.0,10.0,0.9039,10.0,10.0,10.0,10.0,10.0,10.0,10.0,10.0,10.0,10.0,10.0,1.2453,10.0,10.0,1.1616,10.0,10.0,10.0,10.0,1.9276,1.9276,1.9276,1.9276,1.8154,1.9276,1.9276,1.9276,1.9276,1.9276,2.0487,2.0431,2.0375,2.0319,2.0264,5.9659,6.3004,4.063,3.8654,3.2485,3.3807,3.4074,3.4121,3.3752,3.2744
10.0,10.0,10.0,10.0,2.0087,1.6198,2.0092,2.0081,1.7104,10.0,10.0,10.0,10.0,10.0,10.0,10.0,10.0,10.0,10.0,10.0,0.9112,10.0,10.0,10.0,10.0,1.9289,0.8741,2.4124,2.4674,2.4729,2.5089,2.5089,2.5089,2.4956,2.4306,2.4191,2.4079,2.4011,2.3942,2.3877,2.3813,2.3748,2.3684,2.362,2.3556,2.3492,1.9987,2.4369,2.4427,2.3504,1.9289,2.5089,2.4619,2.2541,1.9302,9.6972,8.9812,8.5568,8.0468,6.5556
10.0,10.0,2.5088,2.5088,2.5088,2.5088,2.5088,2.5088,2.5088,2.5088,2.5088,2.5088,2.5088,2.5088,2.5088,1.4303,0.5572,2.0726,10.0,10.0,1.9217,2.2189,2.367,2.503,2.503,2.503,2.503,2.5088,2.5088,2.3272,1.7167,10.0,10.0,10.0,10.0,10.0,10.0,1.05,10.0,10.0,10.0,10.0,10.0,10.0,10.0,10.0,10.0,1.157,10.0,10.0,10.0,10.0,2.0188,2.2101,2.2428,2.2678,2.2736,2.2681,2.2414,2.1998
10.0,10.0,10.0,1.1311,10.0,10.0,10.0,10.0,10.0,10.0,10.0,10.0,1.914,2.3163,2.4249,2.4971,2.4729,2.3427,2.2087,1.914,1.914,2.0157,2.0128,2.0101,2.0096,10.0,10.0,10.0,10.0,10.0,10.0,1.0945,10.0,10.0,10.0,10.0,10.0,10.0,10.0,10.0,10.0,3.9417,3.0008,3.1174,3.0444,2.9714,0.7917,2.8253,2.8938,3.9665,0.6478,2.1536,2.2767,2.3524,2.3872,2.4146,2.4212,2.415,2.3857,2.5003
10.0,10.0,10.0,10.0,0.8704,10.0,10.0,10.0,10.0,10.0,10.0,10.0,10.0,10.0,10.0,10.0,1.364,10.0,10.0,10.0,10.0,10.0,10.0,10.0,10.0,10.0,10.0,10.0,0.8971,10.0,10.0,0.8381,10.0,10.0,1.3818,10.0,10.0,1.5248,10.0,10.0,10.0,10.0,10.0,10.0,10.0,10.0,10.0,1.6272,10.0,10.0,10.0,1.927,1.9944,2.497,0.1314,2.4912,2.3924,2.1632,1.1804,10.0
1.9997,10.0,10.0,1.4864,10.0,10.0,1.3057,10.0,10.0,10.0,10.0,10.0,10.0,10.0,10.0,10.0,10.0,10.0,10.0,10.0,10.0,10.0,10.0,10.0,10.0,10.0,10.0,1.5691,1.9974,2.153,2.2625,2.2804,2.3162,2.406,2.4853,2.4853,2.4853,2.4911,2.4911,2.4911,2.4911,2.4911,2.4911,2.4911,2.4911,2.4911,2.4911,2.4911,2.4911,2.4911,2.4911,2.4853,2.4853,2.0241,10.0,1.2021,3.996,3.2054,3.1505,3.0878
2.4853,2.4853,2.4853,2.4853,2.4795,2.4795,2.4795,2.4795,2.4795,2.4795,2.4795,2.395,2.1867,1.9063,10.0,10.0,10.0,1.344,1.6905,2.1862,2.2222,2.2582,1.7059,2.265,2.4853,2.4795,2.4487,2.3215,2.2726,2.2506,2.07,1.9005,9.4714,9.132,4.4071,3.8434,4.0616,4.2404,4.1272,4.0369,3.9574,1.1898,3.707,4.0343,8.4471,8.4139,8.3847,8.3555,1.0917,2.4083,1.8535,2.2104,2.1044,0.4223,1.8351,1.8351,1.8351,1.8351,1.8351,1.9324
10.0,10.0,10.0,10.0,10.0,10.0,1.2935,10.0,10.0,10.0,10.0,10.0,10.0,10.0,1.9018,2.1944,2.3894,2.4795,2.4737,2.4737,2.4795,2.4795,2.3994,1.2494,1.761,1.9018,10.0,10.0,0.9032,10.0,10.0,0.9818,10.0,10.0,10.0,10.0,0.8769,10.0,10.0,10.0,10.0,10.0,10.0,10.0,10.0,10.0,10.0,10.0,10.0,10.0,10.0,10.0,10.0,10.0,2.4084,0.6085,1.2034,1.9018,2.2496,2.4084
10.0,10.0,10.0,10.0,0.8849,10.0,10.0,10.0,10.0,10.0,10.0,10.0,0.3749,10.0,10.0,10.0,10.0,1.2438,10.0,10.0,10.0,10.0,10.0,10.0,10.0,10.0,10.0,10.0,10.0,10.0,10.0,10.0,10.0,10.0,1.2373,10.0,10.0,10.0,10.0,10.0,10.0,10.0,10.0,10.0,1.1133,3.9198,3.9467,4.0896,3.9833,3.8942,3.7907,3.3486,3.7895,3.9267,4.0145,1.6342,4.1346,3.9872,4.4877,3.6561
0.748,10.0,10.0,1.072,10.0,10.0,10.0,10.0,10.0,10.0,10.0,10.0,10.0,1.2034,10.0,10.0,10.0,10.0,10.0,0.686,10.0,10.0,0.7982,10.0,10.0,10.0,10.0,10.0,10.0,1.6587,2.1772,2.353,2.4679,2.4679,2.4679,2.4679,2.4679,2.4679,2.4679,2.4679,2.4679,2.4679,2.4679,2.4679,2.4679,2.4679,1.8521,2.3915,2.3972,2.2537,1.963,2.4679,1.2158,2.4094,2.2115,1.8872,10.0,10.0,8.3749,10.0
10.0,10.0,2.4565,2.4565,2.4565,2.4565,2.4565,2.4565,2.4565,2.4565,2.4565,2.4565,2.4565,2.4565,2.2602,1.8828,10.0,1.053,10.0,10.0,10.0,10.0,1.9043,2.1717,2.1741,2.1742,2.2302,2.329,2.4565,2.4565,2.443,2.372,2.3824,2.2816,2.1632,1.993,10.0,10.0,10.0,10.0,10.0,10.0,10.0,10.0,10.0,1.6361,10.0,1.9642,1.9692,1.9743,1.9982,1.8886,2.267,1.8884,1.9163,1.8123,1.8123,1.8123,1.9151,1.5203
2.141,1.8975,1.8785,1.9905,1.9789,1.6381,1.9784,1.9795,1.7242,1.9819,1.9831,0.6915,2.4508,2.4565,2.4565,2.4565,2.4565,2.4565,2.4508,2.4508,2.4508,2.4239,2.4204,2.3467,2.1773,1.8785,10.0,10.0,10.0,10.0,10.0,10.0,1.1291,10.0,10.0,10.0,10.0,10.0,10.0,0.8596,3.0243,3.1522,3.0816,3.0111,2.9405,2.87,2.8186,4.2446,6.9903,6.9183,2.263,2.3804,2.3804,2.3861,2.3861,2.3861,2.3861,2.3861,2.3861,5.8775
10.0,10.0,10.0,10.0,10.0,10.0,10.0,10.0,0.9895,10.0,10.0,10.0,10.0,10.0,10.0,10.0,1.8922,1.8798,1.8798,1.8798,10.0,10.0,0.9245,10.0,10.0,10.0,10.0,10.0,10.0,10.0,0.8126,10.0,10.0,10.0,10.0,1.0213,10.0,10.0,10.0,10.0,10.0,10.0,10.0,10.0,10.0,10.0,10.0,10.0,10.0,10.0,10.0,10.0,1.8846,1.8096,1.8798,1.8971,1.892,1.7124,1.9203,1.8096
10.0,10.0,10.0,10.0,10.0,0.9968,10.0,10.0,10.0,10.0,10.0,10.0,10.0,10.0,0.6724,0.2847,10.0,10.0,10.0,10.0,10.0,10.0,10.0,10.0,10.0,10.0,10.0,10.0,10.0,10.0,10.0,10.0,10.0,1.8698,1.9951,2.2041,2.3299,2.3398,2.3332,2.3268,2.3205,2.3143,2.308,2.3018,2.2955,2.2893,2.2831,2.2768,2.2706,2.2643,2.2348,2.1965,1.125,4.3388,3.9449,2.9549,3.1773,3.1857,3.1393,3.0768
1.8712,2.1312,2.1934,2.21,2.2231,2.2234,2.2236,2.2224,2.2211,2.2197,2.2183,2.1378,1.9518,10.0,10.0,10.0,10.0,10.0,10.0,10.0,10.0,10.0,1.3266,10.0,0.6822,1.3494,2.4395,2.4395,2.4395,2.4338,2.4338,2.3259,2.207,2.1365,1.9799,1.9448,1.9105,1.8895,1.8686,1.8655,1.8655,1.8655,1.8655,1.7701,1.8655,1.8655,1.8655,1.6015,2.364,2.3696,1.8712,1.8013,2.3869,1.4279,1.8702,7.9238,7.2952,6.3036,1.2601,4.2401
1.5941,1.9072,2.1295,2.1456,2.1583,2.1586,2.1588,2.1576,2.1564,2.1551,2.1537,2.1523,2.151,2.2123,2.3856,2.4339,2.4283,1.0517,1.9657,2.1752,2.3111,2.4283,2.4283,2.4339,2.4339,2.3974,2.4339,2.3343,2.1269,1.2785,10.0,10.0,10.0,0.8466,10.0,10.0,10.0,10.0,10.0,10.0,1.0068,10.0,10.0,10.0,10.0,10.0,10.0,10.0,10.0,10.0,10.0,10.0,10.0,10.0,2.3585,2.3585,2.3585,2.3585,2.3585,2.3585
10.0,10.0,10.0,10.0,10.0,10.0,10.0,10.0,10.0,10.0,0.9842,10.0,10.0,1.6234,0.5836,2.1011,2.132,2.1118,1.857,10.0,10.0,10.0,10.0,10.0,10.0,10.0,10.0,10.0,10.0,10.0,0.9565,10.0,10.0,10.0,10.0,10.0,10.0,10.0,10.0,10.0,0.9194,10.0,10.0,3.2636,3.426,3.3456,3.2652,3.1111,3.0307,2.9721,0.7733,1.8912,1.8764,2.0658,2.0964,2.1197,2.1252,2.1201,2.095,2.0562
10.0,10.0,10.0,10.0,10.0,10.0,10.0,0.914,10.0,10.0,10.0,10.0,10.0,10.0,10.0,10.0,10.0,10.0,10.0,10.0,10.0,0.6073,10.0,10.0,10.0,0.391,10.0,10.0,10.0,1.0447,10.0,10.0,1.041,1.7803,1.9917,2.0295,2.0664,2.0889,2.1115,2.1175,2.1231,2.1287,2.1343,2.1399,2.1454,2.151,1.946,2.3478,2.3534,2.2739,2.0505,10.0,2.4228,2.4228,0.1481,2.2881,2.0378,10.0,10.0,10.0
10.0,2.0549,1.8654,1.8485,1.8485,1.8485,1.8485,1.777,1.8485,1.8485,1.8485,1.8485,1.8485,0.5248,10.0,10.0,10.0,10.0,10.0,10.0,10.0,10.0,10.0,1.4997,10.0,10.0,1.5747,1.8485,2.1033,2.2749,2.4116,2.4116,2.4116,2.4116,2.4173,2.4173,2.2799,2.1705,2.2928,2.299,2.305,2.3111,2.3172,2.3232,2.3293,2.3353,2.3414,2.3474,2.3534,2.3595,2.3881,2.4173,2.4173,2.4116,2.0181,10.0,10.0,3.8185,1.2596,3.3983
2.4062,2.4062,2.4062,2.4062,2.4035,2.4032,2.403,2.4044,2.4058,1.7281,2.4062,2.4118,2.3643,2.1904,2.1083,1.9254,1.8575,1.8499,2.3114,2.4118,2.4118,2.2686,2.4118,2.4062,2.4062,2.2785,2.1326,1.8587,1.8443,1.7103,1.8443,10.0,10.0,10.0,9.1814,1.0346,3.9419,3.7905,3.7069,3.6618,3.6012,3.5239,3.4466,3.3693,3.1525,0.9208,7.7863,7.7287,1.9158,0.8,1.9421,1.4709,0.9558,0.4545,2.1719,2.1471,2.1414,2.1468,2.1733,2.6403
10.0,10.0,1.0111,10.0,10.0,10.0,10.0,10.0,10.0,10.0,10.0,10.0,1.1533,10.0,10.0,1.8725,2.1845,2.3633,2.4063,2.4063,2.3008,2.1484,1.9653,1.3264,10.0,10.0,10.0,10.0,0.5304,10.0,10.0,10.0,0.7216,10.0,10.0,10.0,10.0,10.0,10.0,0.9322,10.0,10.0,10.0,10.0,10.0,10.0,10.0,10.0,10.0,0.7015,10.0,10.0,10.0,2.2445,2.2115,2.1862,1.9485,2.1859,2.2129,2.2549
10.0,10.0,10.0,10.0,10.0,10.0,10.0,10.0,10.0,10.0,10.0,0.9047,10.0,10.0,10.0,10.0,10.0,10.0,10.0,1.188,10.0,10.0,10.0,10.0,10.0,10.0,10.0,10.0,10.0,10.0,10.0,10.0,10.0,10.0,10.0,1.7057,10.0,10.0,10.0,10.0,10.0,10.0,10.0,10.0,10.0,10.0,4.0875,4.1354,1.4208,3.9883,3.7931,3.8249,3.9362,3.4832,3.5681,3.633,3.6467,3.6491,3.5868,3.9439
10.0,10.0,10.0,10.0,10.0,10.0,10.0,10.0,10.0,10.0,10.0,10.0,10.0,10.0,10.0,10.0,10.0,10.0,10.0,10.0,10.0,10.0,10.0,0.9371,10.0,1.1931,1.8373,2.123,1.9485,2.1763,2.3954,2.3954,2.3898,2.3898,2.3898,2.3898,2.3898,2.3898,2.3898,2.3898,2.3898,2.3898,2.3898,2.3898,2.3898,2.3898,1.9245,2.3212,2.3268,2.2505,1.9595,2.3954,2.3898,2.2526,1.0686,1.6296,10.0,9.7899,8.9578,8.2069
10.0,10.0,2.39,2.39,2.39,2.39,2.39,2.39,2.39,2.39,2.39,2.39,2.39,2.39,2.3845,2.3508,1.1827,10.0,10.0,10.0,1.9203,1.9521,2.1689,2.3048,2.3845,2.3845,2.3845,2.3845,2.39,2.0768,2.0544,1.985,1.8467,1.6661,10.0,10.0,10.0,10.0,10.0,10.0,10.0,10.0,10.0,10.0,1.2556,10.0,10.0,10.0,10.0,10.0,10.0,10.0,1.7663,2.0097,2.0394,2.0622,2.0675,2.0625,2.0382,1.9751
1.9177,10.0,10.0,10.0,10.0,10.0,10.0,10.0,10.0,1.283,10.0,1.9011,2.2181,1.1371,2.3791,2.3791,2.3791,2.3791,2.2896,2.151,2.1202,2.0894,2.0864,2.0836,1.9829,10.0,10.0,10.0,10.0,10.0,10.0,10.0,10.0,10.0,10.0,10.0,0.8807,10.0,10.0,10.0,3.7869,3.117,3.1962,3.0589,2.9873,2.9156,2.844,2.7981,3.875,7.0324,1.7552,2.2345,2.3108,2.3108,2.3108,2.3108,2.3108,2.3108,2.3108,2.4525
10.0,0.7365,10.0,10.0,10.0,10.0,10.0,10.0,10.0,10.0,10.0,10.0,10.0,10.0,10.0,10.0,10.0,10.0,10.0,1.2969,0.8037,10.0,10.0,0.798,10.0,10.0,10.0,10.0,10.0,10.0,10.0,10.0,10.0,10.0,10.0,10.0,10.0,10.0,10.0,10.0,10.0,10.0,10.0,10.0,1.3694,10.0,10.0,10.0,0.9665,10.0,10.0,1.8093,1.8447,1.825,0.1273,2.3793,1.2537,2.2797,2.0605,10.0
10.0,10.0,10.0,10.0,10.0,10.0,10.0,10.0,10.0,1.2636,10.0,10.0,1.1764,10.0,10.0,0.2966,10.0,10.0,10.0,10.0,10.0,10.0,1.2093,10.0,10.0,10.0,10.0,10.0,1.8948,1.9328,1.9511,2.0074,2.0799,2.1605,2.2552,2.3684,2.3684,2.3684,2.3684,2.3684,2.3684,2.3684,2.3684,2.3684,2.3684,2.3684,2.3684,2.3684,2.3684,2.3684,2.3684,2.3684,2.1728,10.0,10.0,3.8032,2.9626,3.2292,3.1943,3.0696
2.307,2.3686,2.3686,2.3686,2.3686,2.3686,2.3686,2.3686,2.3686,2.3631,2.3686,2.2286,1.9878,10.0,10.0,10.0,10.0,10.0,10.0,1.1491,1.8168,1.8395,1.852,1.8637,1.8659,2.3686,2.3631,2.3631,2.3631,2.3081,2.1796,2.0602,1.8113,1.8924,1.4308,3.9337,3.8414,3.877,3.7555,3.6729,3.7196,3.7911,3.7578,8.6531,1.265,8.5641,8.5196,1.8671,1.1393,2.3008,1.8186,2.039,1.8169,1.749,1.8533,1.4649,1.8272,1.8318,1.8545,1.749
10.0,10.0,10.0,10.0,1.8916,1.8918,1.892,1.891,1.8899,1.8887,1.6706,1.8864,1.8851,1.8128,2.0908,2.2604,2.3634,2.3579,2.3579,1.9665,2.3579,2.3634,2.3634,2.125,1.7779,2.1255,2.0666,1.7144,10.0,10.0,10.0,10.0,10.0,10.0,10.0,10.0,10.0,10.0,10.0,10.0,10.0,10.0,10.0,10.0,10.0,10.0,0.9875,10.0,10.0,10.0,10.0,10.0,10.0,10.0,2.2957,2.2957,2.2957,1.887,2.0411,2.2902
10.0,10.0,10.0,10.0,10.0,10.0,10.0,0.9396,10.0,10.0,10.0,10.0,0.3776,10.0,1.1846,1.4911,10.0,1.8808,1.5508,10.0,1.2281,10.0,10.0,1.1572,10.0,10.0,10.0,10.0,10.0,0.9548,10.0,10.0,10.0,10.0,10.0,10.0,10.0,10.0,10.0,10.0,10.0,10.0,10.0,10.0,3.8807,3.732,3.7239,1.0697,3.5968,3.5429,3.1399,3.9842,3.7071,1.7357,1.7357,1.7548,1.7706,1.7557,1.7357,1.7357
10.0,10.0,10.0,10.0,10.0,10.0,10.0,10.0,10.0,10.0,10.0,10.0,10.0,10.0,10.0,10.0,10.0,10.0,10.0,10.0,10.0,10.0,10.0,10.0,10.0,10.0,0.8667,1.1937,10.0,10.0,1.2132,2.0317,2.183,2.263,2.3255,2.3372,2.3488,2.3529,2.3529,2.3529,2.3529,2.3529,2.3529,2.3529,2.3529,2.3529,1.8771,2.28,2.2855,2.2024,1.986,1.8047,2.3529,2.3474,2.2537,2.057,1.5807,10.0,10.0,10.0
10.0,2.3126,2.2507,2.2341,2.221,2.2208,2.2205,2.2218,2.223,2.2244,2.2258,2.2272,2.2286,2.1656,1.7683,10.0,10.0,10.0,10.0,10.0,10.0,10.0,1.7953,1.8151,1.8135,1.8138,1.9769,2.1106,2.261,2.3422,2.3452,2.3477,2.3477,2.3477,2.2925,1.8007,1.8007,1.8144,1.834,1.8526,1.871,1.8894,1.9077,1.926,1.9443,1.9627,1.981,1.9993,2.0176,2.0359,2.0682,2.1004,2.3476,2.3422,1.6524,1.8109,1.8155,1.8111,10.0,3.5381
2.2256,2.1419,2.0845,2.0691,2.057,2.0568,2.0565,2.0577,2.0588,2.0601,2.0614,2.0627,2.3425,2.3425,2.3279,2.1971,2.2384,2.3425,2.3425,2.337,2.337,2.337,2.337,2.337,2.2196,2.0473,1.7913,10.0,10.0,10.0,10.0,10.0,10.0,10.0,10.0,10.0,10.0,10.0,3.6967,3.2074,3.3834,3.3108,0.8699,3.1656,3.0294,2.7729,3.7098,7.2661,7.192,0.8032,2.2699,1.7967,2.2754,2.2754,2.2754,2.2754,2.2754,2.2754,2.2754,5.6047
10.0,10.0,10.0,10.0,10.0,1.0599,10.0,10.0,10.0,10.0,10.0,10.0,10.0,10.0,10.0,1.8821,2.0494,2.1255,2.109,2.0922,1.7928,1.2651,10.0,10.0,10.0,10.0,10.0,10.0,10.0,10.0,10.0,10.0,10.0,10.0,10.0,10.0,10.0,10.0,10.0,10.0,10.0,10.0,10.0,10.0,10.0,1.0691,10.0,10.0,10.0,10.0,10.0,10.0,10.0,1.9891,1.9296,1.8436,1.8237,1.8425,1.9344,1.9984
10.0,10.0,10.0,10.0,10.0,10.0,10.0,10.0,0.9537,10.0,10.0,10.0,10.0,10.0,10.0,10.0,10.0,10.0,0.9356,10.0,10.0,10.0,10.0,10.0,10.0,10.0,10.0,10.0,10.0,10.0,10.0,10.0,10.0,10.0,1.7834,2.0457,2.0867,2.0807,2.0748,2.0691,2.0636,2.058,2.0524,2.0469,2.0413,2.0358,2.0302,2.0153,1.9919,1.9686,1.8583,1.7834,10.0,3.7167,1.1841,3.3442,3.3705,3.3752,3.3387,3.2736
10.0,1.7849,1.8036,1.8587,1.9022,1.9031,1.9039,1.8998,1.8956,1.8911,1.8865,1.8818,1.865,10.0,10.0,10.0,10.0,10.0,10.0,10.0,0.7171,1.1595,10.0,10.0,1.0942,2.0676,2.2554,2.327,2.327,2.327,2.3216,2.3216,2.305,2.231,2.1735,2.1632,2.1532,2.1471,2.1409,2.1351,2.1294,2.1236,2.1179,2.1121,2.1064,2.1007,2.095,2.255,2.255,2.2604,1.8418,1.7182,2.3216,2.157,1.9247,8.49,1.1069,7.5918,6.7847,5.5274
10.0,2.1695,2.2327,2.2496,2.263,2.2632,2.2635,2.2622,2.261,2.2596,2.2581,2.2567,2.2553,2.3208,2.3219,2.3165,1.7756,1.7756,1.7756,1.8013,2.08,2.2023,2.3165,2.3165,2.3219,2.3219,2.3219,2.3219,1.5657,0.8675,10.0,10.0,1.2606,10.0,10.0,10.0,10.0,1.0729,10.0,10.0,10.0,10.0,10.0,10.0,10.0,10.0,10.0,10.0,10.0,10.0,0.8335,10.0,1.8351,2.1738,2.2059,2.2308,2.2368,2.2311,2.2045,2.1636
10.0,10.0,10.0,1.1387,10.0,10.0,10.0,10.0,10.0,10.0,10.0,10.0,1.2102,2.048,2.144,2.2142,2.2384,2.1621,2.0384,1.7717,1.7717,1.8602,1.8576,1.8551,1.8546,10.0,10.0,10.0,10.0,10.0,10.0,10.0,10.0,10.0,10.0,10.0,10.0,10.0,10.0,10.0,10.0,10.0,3.1739,0.8485,3.2558,3.1794,3.103,2.9566,2.8147,3.8304,0.6796,1.9314,2.0558,2.1242,2.1556,2.1796,2.1852,2.18,2.1542,2.6172
10.0,10.0,10.0,10.0,10.0,10.0,10.0,10.0,10.0,10.0,10.0,10.0,10.0,10.0,1.3677,10.0,10.0,1.1504,10.0,10.0,10.0,10.0,10.0,10.0,10.0,10.0,10.0,10.0,10.0,10.0,10.0,0.835,10.0,10.0,1.7732,1.7732,1.7732,1.7732,1.7732,1.7732,1.7099,1.7732,1.7732,1.7732,1.7769,1.7937,1.8104,1.8271,10.0,10.0,2.0404,1.707,1.9248,2.3118,0.1387,2.3064,2.1635,1.8229,1.2796,10.0
1.9283,1.764,1.8548,1.5011,10.0,10.0,10.0,10.0,10.0,10.0,10.0,1.8354,1.8366,10.0,10.0,10.0,10.0,10.0,10.0,0.9267,10.0,1.3946,10.0,10.0,1.3613,10.0,10.0,1.8354,1.9046,2.1265,2.2496,2.2674,2.3014,2.3014,2.3014,2.3068,2.3068,2.3068,2.3068,2.3068,2.3068,2.3068,2.3068,2.3068,2.3068,2.3068,2.3068,2.3068,2.3068,2.3068,2.3068,2.3068,2.3014,1.3245,10.0,10.0,10.0,3.1334,3.3395,3.2744
2.3018,2.2964,2.2964,2.2964,2.2964,2.2964,2.2964,2.2964,2.2964,2.2964,2.2964,2.3018,2.1644,2.0025,1.7772,1.6214,1.8562,1.2931,2.0127,2.1739,2.2097,2.2455,2.1789,2.2522,2.2964,2.2964,2.2138,2.0988,2.0547,2.0503,1.9642,1.7602,9.2416,9.0315,8.7705,3.9366,3.5761,4.853,1.1006,3.9064,3.8048,3.7204,3.6464,3.3794,3.725,7.9037,7.8725,7.8413,1.6942,2.2305,1.8762,2.1728,2.0685,0.4319,1.9749,1.9523,1.9471,1.952,1.9762,2.0137
10.0,10.0,10.0,10.0,10.0,10.0,10.0,10.0,10.0,1.2086,10.0,10.0,10.0,10.0,1.7617,2.0414,2.2228,2.2968,2.2915,2.2968,2.2968,2.2732,1.6099,1.8515,1.852,1.5871,0.5942,0.9894,0.4887,10.0,10.0,10.0,10.0,10.0,10.0,10.0,10.0,10.0,10.0,10.0,10.0,10.0,10.0,10.0,10.0,10.0,10.0,10.0,10.0,10.0,10.0,10.0,10.0,10.0,2.231,0.6163,1.8521,2.0526,2.231,2.231
10.0,10.0,10.0,10.0,10.0,10.0,10.0,10.0,10.0,10.0,10.0,10.0,0.4125,10.0,10.0,10.0,10.0,10.0,10.0,10.0,10.0,10.0,1.0689,10.0,10.0,10.0,10.0,10.0,1.0838,10.0,10.0,10.0,10.0,10.0,10.0,10.0,10.0,10.0,10.0,10.0,10.0,1.2478,10.0,10.0,10.0,3.9139,3.5627,3.5992,3.6059,3.7232,3.5373,0.9052,3.4645,1.4543,3.8292,1.7665,1.771,1.7668,3.6676,4.1262
10.0,10.0,10.0,10.0,10.0,10.0,1.1982,10.0,10.0,10.0,10.0,10.0,10.0,10.0,10.0,10.0,10.0,10.0,10.0,10.0,10.0,10.0,10.0,10.0,10.0,10.0,10.0,1.7541,1.8228,1.6972,1.8194,2.2869,2.2869,2.2869,2.2869,2.2869,2.2869,2.2816,2.2816,2.2816,2.2816,2.2816,2.2816,2.2816,2.2816,2.2816,1.7618,2.2161,2.2214,2.1747,1.961,2.2869,2.2816,2.2683,2.0817,1.7678,10.0,8.5502,10.0,10.0
10.0,2.2767,2.2767,2.2767,2.2767,2.2767,2.2767,2.2767,2.2767,2.2767,2.2767,2.2767,2.2767,2.2767,2.2459,2.0213,10.0,10.0,10.0,10.0,10.0,1.745,2.0158,2.1421,2.1607,2.1608,2.2165,2.2767,2.2767,2.282,2.1736,1.8957,2.12,2.0303,1.7503,0.9245,10.0,10.0,1.4343,10.0,10.0,10.0,10.0,10.0,10.0,10.0,10.0,10.0,1.5813,1.8261,1.8483,1.2006,1.6796,1.6928,1.7872,1.8595,1.8762,1.8605,1.7831,1.6796
1.947,1.7413,1.558,1.8308,1.8201,1.8199,1.8197,1.8207,1.8217,1.8228,1.824,0.6947,1.585,2.2718,2.277,2.277,2.277,2.2718,2.2718,2.2413,2.2093,2.1772,2.174,2.1711,2.049,1.7544,10.0,10.0,10.0,1.1955,10.0,10.0,1.2421,10.0,10.0,10.0,10.0,10.0,10.0,3.6972,3.1331,3.2684,3.1968,3.1251,3.0534,2.9161,2.671,3.5139,7.1042,7.031,1.9857,2.2065,2.2065,2.2065,2.2065,2.2065,2.2065,2.2065,2.2065,2.452
10.0,10.0,10.0,10.0,10.0,10.0,10.0,10.0,10.0,10.0,10.0,0.8907,10.0,10.0,10.0,10.0,1.7428,1.7428,1.7428,1.8447,10.0,10.0,10.0,10.0,10.0,10.0,0.7519,0.7624,10.0,10.0,10.0,10.0,10.0,0.6112,10.0,10.0,10.0,10.0,1.1457,10.0,10.0,10.0,10.0,10.0,10.0,10.0,10.0,10.0,1.2604,10.0,10.0,10.0,1.7536,1.6777,0.1258,1.7608,1.7561,1.7605,1.7823,1.5932
10.0,10.0,1.1195,10.0,10.0,10.0,10.0,10.0,10.0,10.0,10.0,10.0,10.0,10.0,10.0,0.272,10.0,0.8499,10.0,10.0,1.1251,10.0,10.0,10.0,10.0,10.0,1.1583,10.0,1.6025,1.7338,1.7338,1.7338,1.7438,1.9726,2.0591,2.1835,2.262,2.262,2.262,2.262,2.262,2.262,2.262,2.262,2.262,2.262,2.262,2.262,2.2587,2.2521,2.2219,2.1838,0.9596,10.0,3.6381,3.0428,3.2637,3.2682,3.2329,3.1698
2.029,2.1191,2.1809,2.1974,2.2104,2.2107,2.2109,2.2097,2.2085,2.2071,2.2057,2.0998,1.8341,1.4811,10.0,10.0,10.0,10.0,0.8958,1.3495,10.0,1.819,1.8219,1.569,1.825,2.2625,2.2625,2.2572,2.2572,2.2572,2.2493,2.1253,2.0167,1.9163,1.7431,1.7301,1.7301,1.7301,1.7301,1.7301,1.6352,1.7301,1.7301,1.7301,1.7301,1.8382,1.8332,1.5551,2.1924,2.1977,1.8188,1.8974,1.6706,1.7565,1.9008,7.3243,6.6345,5.7327,4.6152,1.7647
10.0,1.7317,1.8348,1.8908,1.9351,1.9359,1.9368,1.9326,1.9284,1.9238,1.9191,1.9143,1.9095,2.0084,2.1658,2.2577,2.2524,2.128,1.6749,2.1626,2.2524,2.2524,2.2577,2.2577,2.2325,2.2326,2.1707,1.0942,1.3409,10.0,1.1075,10.0,10.0,10.0,0.5885,10.0,10.0,10.0,10.0,10.0,10.0,10.0,10.0,0.9985,10.0,10.0,10.0,10.0,10.0,10.0,1.1003,10.0,10.0,2.1877,2.1877,2.1877,2.1877,2.1877,2.1877,2.1877
1.2671,10.0,10.0,10.0,10.0,10.0,10.0,10.0,10.0,10.0,1.0345,10.0,10.0,10.0,0.685,1.7638,1.8477,1.9283,1.7228,10.0,10.0,1.4109,10.0,10.0,1.3,10.0,10.0,10.0,10.0,10.0,10.0,10.0,10.0,10.0,10.0,10.0,10.0,10.0,10.0,10.0,0.9591,10.0,10.0,3.6786,3.5139,3.5053,3.4495,3.4071,3.323,3.1385,3.8114,1.738,1.6783,1.8984,1.9265,1.948,1.953,1.9483,1.9253,1.8768
10.0,10.0,10.0,10.0,10.0,10.0,10.0,10.0,10.0,10.0,0.9525,10.0,10.0,10.0,10.0,10.0,10.0,10.0,1.024,10.0,10.0,10.0,10.0,10.0,10.0,0.405,10.0,0.5147,10.0,10.0,10.0,1.8209,1.016,2.012,2.0676,2.0775,2.0872,2.0932,2.0991,2.1047,2.1103,2.1158,2.1214,2.1269,2.1324,2.138,1.7982,2.1785,2.1837,2.1691,1.9556,1.7435,2.2481,2.2429,0.1603,1.0261,1.853,10.0,10.0,10.0
10.0,2.0738,2.0183,2.0034,1.9917,1.9915,1.9912,1.9923,1.9935,1.9947,1.9959,1.9972,1.9985,1.9163,10.0,0.9072,10.0,10.0,10.0,10.0,10.0,10.0,1.816,1.8136,1.8131,1.8132,1.7155,1.9266,2.0807,2.2381,2.2381,2.2381,2.2381,2.2433,2.2433,2.2433,2.051,1.8546,2.066,2.0715,2.077,2.0824,2.0879,2.0933,2.0988,2.1042,2.1097,2.1151,2.1206,2.126,2.1518,2.1852,2.2433,2.2381,1.8466,10.0,10.0,10.0,3.7246,3.5206
2.2334,2.2334,2.1771,2.161,2.1484,2.1482,2.1479,2.1491,2.1503,1.838,1.2288,2.1543,2.2386,2.1751,2.0936,2.0341,1.717,1.9937,2.2386,2.2386,2.2386,2.2386,2.2386,2.2334,2.2334,2.1,1.9656,1.7118,1.5648,1.7118,1.7118,1.5807,10.0,10.0,10.0,10.0,8.4342,3.7817,3.4063,3.5433,3.4835,3.4317,3.3908,3.3222,3.1832,0.9612,7.4936,7.4396,7.332,0.7908,2.1693,2.1745,1.0234,0.4867,2.1367,2.1123,2.1066,2.112,2.1381,2.6041
10.0,10.0,10.0,10.0,10.0,10.0,10.0,10.0,10.0,10.0,10.0,10.0,10.0,10.0,10.0,1.8092,2.0608,2.2235,2.2056,2.188,2.0521,1.1367,0.809,10.0,1.1184,10.0,10.0,10.0,10.0,0.8473,10.0,10.0,0.6865,10.0,10.0,10.0,10.0,10.0,10.0,10.0,10.0,10.0,0.9992,10.0,10.0,10.0,10.0,10.0,10.0,0.7396,10.0,10.0,10.0,2.0398,2.0099,1.8216,1.9816,1.9866,2.0112,2.0493
10.0,10.0,10.0,10.0,10.0,10.0,10.0,10.0,10.0,10.0,10.0,0.9351,10.0,10.0,10.0,0.9006,10.0,10.0,10.0,10.0,10.0,10.0,10.0,10.0,10.0,10.0,10.0,1.344,10.0,10.0,10.0,10.0,10.0,1.4212,1.7046,1.7934,1.7617,1.7424,1.7231,1.7048,1.7046,1.7046,1.7046,1.7046,1.7046,1.5961,1.7046,1.7046,1.7046,1.7046,1.7991,10.0,3.6922,3.1199,3.4336,3.4813,1.3207,3.5062,3.4771,3.2843
10.0,10.0,1.4643,1.8084,1.7062,1.6369,1.7062,1.7062,1.7062,1.7062,1.7062,1.7062,1.5528,10.0,1.156,10.0,10.0,0.9765,10.0,10.0,0.9548,10.0,10.0,10.0,10.0,1.1887,0.9041,2.1108,2.0587,2.1637,2.2245,2.2193,2.2193,2.2193,2.2193,2.2193,2.2193,2.2193,2.2193,2.2193,2.2193,2.2193,2.2193,2.2159,2.2096,2.2032,2.1968,2.1556,2.1556,2.1608,1.8145,1.5544,2.2193,2.146,1.9698,1.6378,10.0,8.0149,7.6392,7.2143
10.0,2.2198,2.2198,2.2198,2.2198,2.2198,2.2198,2.2198,2.2198,2.2198,2.2198,2.2198,2.2198,2.2198,2.2147,2.2147,0.5693,10.0,1.4992,1.7906,1.8419,2.0144,2.1488,2.2147,2.2147,2.2147,2.2147,2.2198,2.2198,1.7809,1.7616,1.7027,1.7027,10.0,10.0,10.0,10.0,10.0,10.0,10.0,10.0,10.0,10.0,10.0,1.3235,10.0,10.0,10.0,10.0,10.0,10.0,1.4328,1.9095,1.9767,2.0059,2.0283,2.0335,2.0286,2.0047,1.9675
1.694,10.0,10.0,10.0,10.0,10.0,1.1958,10.0,10.0,10.0,10.0,10.0,1.9432,1.1298,2.21,2.21,2.21,2.21,2.0992,1.9721,1.9439,1.891,1.8815,1.8728,1.8711,1.694,10.0,10.0,10.0,10.0,10.0,1.0578,10.0,10.0,10.0,10.0,10.0,10.0,10.0,10.0,10.0,3.6015,3.3075,3.2352,3.161,3.0868,0.8092,2.8781,3.6894,3.812,1.7151,2.0058,2.1204,2.1466,2.1466,2.1466,2.1466,2.1466,2.1466,2.54
10.0,10.0,10.0,10.0,10.0,10.0,10.0,10.0,10.0,10.0,10.0,10.0,10.0,10.0,10.0,1.7735,1.3405,10.0,10.0,10.0,0.9817,10.0,10.0,10.0,10.0,10.0,10.0,10.0,0.9879,10.0,10.0,0.8706,10.0,10.0,1.4366,10.0,10.0,10.0,10.0,1.7644,1.7691,1.7737,1.7784,1.783,1.7876,1.7923,1.7969,1.6956,10.0,10.0,10.0,1.7398,1.6322,2.0208,0.1328,2.2054,2.2054,2.0454,1.6904,10.0
1.6869,1.765,10.0,10.0,10.0,10.0,1.3916,10.0,10.0,1.2836,10.0,10.0,10.0,10.0,10.0,0.3259,10.0,10.0,10.0,10.0,10.0,10.0,10.0,10.0,10.0,1.1797,10.0,10.0,1.7717,2.0115,2.0183,2.0343,2.0662,2.1463,2.2008,2.2008,2.206,2.206,2.206,2.206,2.206,2.206,2.206,2.2008,2.2008,2.2008,2.2008,2.2008,2.2008,2.2008,2.2008,2.2008,2.1545,10.0,10.0,1.2379,3.0685,3.3194,3.2835,3.2194
2.2014,2.2014,2.2014,2.2014,2.2014,2.2014,2.2014,2.2014,2.2014,2.1963,2.2014,2.2014,2.0094,1.7564,1.6885,10.0,10.0,1.4001,1.7897,1.933,1.9648,1.9966,1.7821,1.2099,2.2014,2.1963,2.1963,2.1898,2.1429,2.1383,2.026,1.915,1.6834,1.759,4.1401,3.8563,3.577,3.6394,3.5819,3.5527,3.3899,1.2157,3.8489,3.4549,8.0693,8.0276,7.9858,7.9441,1.1235,2.1332,1.7684,2.0027,1.9066,0.5276,1.7243,1.6475,1.6296,1.6464,1.7286,1.8561
10.0,10.0,10.0,1.4724,10.0,10.0,10.0,10.0,10.0,10.0,10.0,10.0,10.0,1.5821,1.9333,2.0901,2.1968,2.1917,2.1917,2.0838,2.1968,2.1968,2.1968,1.9225,1.7902,1.923,1.7156,1.7757,10.0,10.0,10.0,0.9221,10.0,10.0,10.0,10.0,10.0,10.0,10.0,10.0,10.0,10.0,10.0,10.0,10.0,10.0,0.9986,10.0,10.0,10.0,10.0,10.0,10.0,2.1339,2.1339,0.6477,1.1715,1.7653,2.0363,2.1339
10.0,10.0,10.0,10.0,0.9169,10.0,10.0,10.0,10.0,10.0,10.0,10.0,0.3703,0.9381,10.0,10.0,10.0,10.0,1.7498,10.0,10.0,10.0,10.0,10.0,10.0,10.0,10.0,10.0,10.0,10.0,10.0,10.0,10.0,10.0,10.0,10.0,10.0,10.0,10.0,10.0,10.0,10.0,10.0,10.0,3.5719,3.5441,3.4912,1.0306,3.3928,3.6515,3.6268,3.4683,1.6814,1.6136,1.6136,1.6462,1.661,1.6471,1.6136,1.6136
0.7751,10.0,10.0,1.0947,10.0,10.0,10.0,10.0,10.0,10.0,10.0,10.0,10.0,1.2876,10.0,10.0,10.0,10.0,10.0,0.9216,10.0,10.0,0.8943,10.0,10.0,0.8134,10.0,10.0,1.4707,1.7821,1.6781,1.4873,2.1698,2.1878,2.1878,2.1878,2.1878,2.1878,2.1878,2.1878,2.1878,2.1878,2.1878,2.1878,2.1878,2.1878,1.7682,2.12,2.1251,2.1195,1.9106,1.7033,2.1878,2.1827,2.1101,1.9258,1.5397,1.0083,10.0,8.7194
10.0,2.1782,2.1782,2.1782,2.1782,2.1782,2.1782,2.1782,2.1782,2.1782,2.1782,2.1782,2.1782,2.1529,1.9759,1.7783,10.0,10.0,10.0,10.0,10.0,1.6695,1.8948,1.9562,1.9557,1.9558,2.0062,2.095,2.1782,2.1782,2.1832,2.0386,2.1832,2.133,2.0223,1.6746,1.6746,1.6746,1.6746,1.6746,1.6746,1.6871,1.7034,1.7198,1.7361,1.7525,1.7689,1.7852,1.8016,1.8179,1.8952,1.9304,2.1565,1.607,1.5735,1.6371,1.6519,1.638,1.607,1.607
2.0332,1.9568,1.9043,1.8796,1.8382,1.8374,1.8366,1.8405,1.8445,1.8488,1.7959,0.7212,2.1737,2.1788,2.1788,2.1788,2.1788,2.1788,2.1737,2.1737,2.1737,2.1737,2.1737,2.1737,2.0777,1.9164,1.6661,1.4824,10.0,10.0,1.3982,10.0,10.0,10.0,10.0,10.0,10.0,10.0,3.9972,0.8953,3.3544,3.3114,3.2578,3.1848,3.1118,3.0387,3.5227,7.1077,7.0863,0.864,2.0637,2.1113,2.1163,2.1163,2.1163,2.1163,2.1163,2.1163,2.1163,5.213
10.0,10.0,10.0,10.0,10.0,10.0,10.0,10.0,0.9391,10.0,10.0,10.0,10.0,10.0,10.0,1.6677,1.956,1.9377,1.9226,1.9073,1.6677,10.0,0.9291,10.0,10.0,0.999,10.0,10.0,10.0,10.0,10.0,10.0,10.0,10.0,10.0,1.0769,10.0,10.0,10.0,10.0,10.0,10.0,10.0,10.0,10.0,10.0,10.0,10.0,10.0,10.0,10.0,10.0,1.8961,1.8373,1.7471,1.6693,1.6512,1.6682,1.7515,1.8458
10.0,10.0,10.0,10.0,10.0,1.0021,10.0,10.0,10.0,10.0,10.0,10.0,10.0,10.0,10.0,0.3258,10.0,10.0,10.0,10.0,10.0,10.0,10.0,10.0,10.0,10.0,10.0,10.0,10.0,1.3772,10.0,1.7316,1.6593,1.7112,1.9071,2.0223,2.0742,2.0683,2.0624,2.0568,2.0513,2.0457,2.0402,2.0347,2.0292,2.0236,2.0181,2.0126,2.0071,2.0016,1.9755,1.9416,10.0,3.4976,3.1172,3.3085,3.325,3.3279,3.3057,1.1027
1.6609,1.8998,1.9552,1.97,1.9817,1.9819,1.9821,1.981,1.9799,1.9787,1.9774,1.9762,1.7354,10.0,10.0,1.167,10.0,10.0,1.0206,10.0,10.0,10.0,10.0,10.0,0.7037,2.0524,2.1654,2.1654,2.1654,2.1654,2.1604,2.1604,2.091,2.0242,1.972,1.9627,1.9536,1.948,1.9425,1.9372,1.932,1.9268,1.9216,1.9164,1.9112,1.906,1.9008,1.5957,2.0983,2.1034,1.7401,1.7421,1.5989,2.076,1.9055,1.7391,7.3314,6.9743,1.3918,1.666
1.8227,1.9549,2.0119,2.0272,2.0392,2.0394,2.0396,2.0385,2.0374,2.0361,2.0348,2.0335,2.0322,2.0901,2.161,2.161,1.8938,1.9136,1.929,1.9447,2.0662,2.156,2.156,2.161,2.161,2.161,2.161,2.161,1.9786,1.3007,10.0,10.0,10.0,0.8504,10.0,10.0,10.0,10.0,10.0,10.0,1.0292,10.0,10.0,10.0,10.0,10.0,10.0,10.0,10.0,10.0,0.8279,10.0,10.0,2.0941,2.0941,2.0941,2.0941,2.0941,2.0941,2.0941
10.0,10.0,10.0,10.0,10.0,10.0,10.0,10.0,10.0,10.0,10.0,10.0,10.0,1.6889,0.6172,1.9903,2.0121,2.015,1.8998,1.6492,1.6492,1.7337,1.5806,1.7289,1.7285,1.7281,10.0,1.0598,10.0,10.0,10.0,10.0,10.0,1.0912,10.0,10.0,10.0,10.0,10.0,10.0,10.0,10.0,3.492,0.8874,3.3659,3.3113,3.2688,3.1988,3.118,3.5763,0.7201,1.647,1.8794,1.942,1.9707,1.9926,1.9977,1.9929,1.9694,1.9329
10.0,10.0,10.0,10.0,10.0,10.0,10.0,0.9288,10.0,10.0,10.0,10.0,10.0,10.0,1.3096,10.0,10.0,10.0,10.0,10.0,10.0,0.5691,10.0,10.0,0.7766,0.4316,10.0,10.0,10.0,1.106,10.0,10.0,1.7562,1.6582,1.8554,1.8798,1.8886,1.894,1.8993,1.9044,1.9094,1.9145,1.9195,1.9245,1.9295,1.9345,1.9395,1.452,2.0856,2.0906,1.939,1.5892,1.6847,1.2874,0.1479,2.1472,1.9815,1.6458,10.0,10.0
1.9643,1.8904,1.7694,1.7214,1.6834,1.6827,1.682,1.6856,1.6892,1.6931,1.6972,1.7012,1.7053,0.5474,10.0,10.0,10.0,10.0,10.0,10.0,10.0,1.3703,10.0,10.0,10.0,10.0,1.7346,1.7094,1.9405,2.0988,2.1429,2.1429,2.1429,2.1429,2.145,2.1479,2.1473,1.9691,2.1479,2.1479,2.1479,2.1479,2.1479,2.1479,2.1479,2.1479,2.1479,2.1479,2.1479,2.1479,2.1479,2.1479,2.1429,1.1969,10.0,10.0,10.0,3.5422,3.3934,3.3579
2.1385,2.1385,2.1385,2.1385,2.1385,2.1385,2.1385,2.1385,2.1385,1.7114,2.1385,2.1385,2.1435,1.9881,1.9136,1.8363,1.7716,1.6441,1.6606,2.1435,2.1435,2.1435,2.102,2.1435,2.1385,2.1385,2.0272,1.9218,1.8814,1.8774,1.8729,1.6392,10.0,10.0,8.5712,1.1013,3.7086,3.6911,3.4147,3.3402,3.4244,3.6438,3.5425,3.4606,3.161,7.5949,7.562,7.5291,1.6836,2.0771,2.0771,2.0821,2.0355,0.4567,1.9433,1.9211,1.916,1.9208,1.9446,1.9815
10.0,10.0,1.0831,10.0,10.0,10.0,10.0,10.0,10.0,10.0,10.0,10.0,1.1273,10.0,1.6408,1.9158,2.0861,2.1392,2.1342,2.1392,2.1392,2.0106,1.6408,1.331,1.7074,1.7074,10.0,1.0418,0.5263,10.0,10.0,10.0,0.7874,10.0,10.0,10.0,10.0,10.0,10.0,0.9524,10.0,10.0,10.0,10.0,10.0,10.0,10.0,10.0,10.0,0.7619,10.0,10.0,10.0,2.0779,2.0682,2.0439,1.7494,2.0398,2.0696,2.0779
10.0,1.0635,10.0,10.0,10.0,10.0,10.0,10.0,10.0,10.0,10.0,10.0,10.0,10.0,10.0,10.0,1.1145,10.0,10.0,1.1708,10.0,10.0,10.0,10.0,10.0,1.0621,10.0,10.0,10.0,10.0,10.0,1.116,10.0,10.0,1.6325,1.6325,1.6325,1.7312,1.4337,1.7216,1.7169,1.7123,1.7077,1.7031,1.6984,3.9857,3.957,3.8774,3.801,3.7325,3.5602,1.0059,3.4236,3.6131,1.6484,1.6668,1.5714,1.667,1.4782,3.3819
10.0,10.0,10.0,10.0,10.0,10.0,10.0,10.0,10.0,1.3179,10.0,10.0,10.0,10.0,10.0,10.0,10.0,10.0,10.0,10.0,10.0,10.0,10.0,10.0,10.0,10.0,1.6037,1.8934,1.9366,1.9409,1.9357,2.1306,2.1306,2.1256,2.1256,2.1256,2.1256,2.1256,2.1256,2.1256,2.1256,2.1256,2.1256,2.1256,2.1256,2.1256,2.1256,2.0646,2.0646,2.0696,1.9004,1.5732,2.1256,2.1256,1.974,1.7224,10.0,10.0,10.0,1.1724
10.0,2.1263,2.1263,2.1214,2.1214,2.1214,2.1214,2.1214,2.1214,2.1214,2.1214,2.1214,2.1214,2.1214,0.9515,2.0052,1.2576,10.0,10.0,1.3486,1.626,1.8683,1.9929,2.1186,2.1214,2.1214,2.1214,2.1214,2.1263,1.9692,1.3986,1.9478,1.9155,1.758,1.265,10.0,10.0,10.0,10.0,10.0,10.0,1.3625,10.0,10.0,10.0,10.0,10.0,1.6965,1.7009,1.7052,1.7259,1.6309,1.6888,1.8216,1.8485,1.8691,1.8739,1.8694,1.8473,1.813
1.7981,1.6227,1.7138,1.7012,1.6912,1.691,1.6909,1.6918,1.6927,1.3768,1.6948,1.6959,1.697,2.1171,2.1171,2.1171,2.1171,2.1171,2.1171,2.0411,2.0118,1.9826,1.9798,1.9771,1.9427,1.7082,1.4523,10.0,10.0,10.0,10.0,10.0,10.0,10.0,10.0,10.0,0.9083,10.0,10.0,10.0,3.444,3.2193,3.2425,3.2039,3.1304,3.0569,2.9834,2.8535,3.3303,7.0226,1.6084,2.0563,2.0563,2.0563,2.0563,2.0563,2.0563,2.0563,2.0563,2.5144
10.0,0.7628,10.0,10.0,10.0,10.0,10.0,10.0,10.0,10.0,10.0,10.0,10.0,10.0,10.0,1.5949,1.6244,1.6244,1.5943,1.7111,0.7706,10.0,10.0,10.0,10.0,10.0,0.8062,10.0,10.0,10.0,10.0,10.0,10.0,10.0,10.0,10.0,10.0,10.0,10.0,10.0,10.0,1.2891,10.0,10.0,10.0,10.0,10.0,10.0,10.0,10.0,10.0,1.8345,1.6578,1.5638,0.1299,1.6484,1.3222,1.6481,1.5638,1.5638
1.6163,10.0,10.0,10.0,10.0,10.0,10.0,10.0,10.0,10.0,10.0,10.0,1.1659,10.0,10.0,0.2939,10.0,10.0,10.0,10.0,10.0,10.0,10.0,10.0,10.0,10.0,10.0,10.0,1.6882,1.8303,1.8403,1.8549,1.884,1.957,2.0428,2.1087,2.1087,2.1087,2.1087,2.1087,2.1087,2.1087,2.1087,2.1087,2.1087,2.1087,2.1087,2.1087,2.1087,2.1087,2.1087,2.1087,1.8794,10.0,10.0,3.4971,3.2659,1.2247,3.246,3.2099
2.0164,2.1071,2.1094,2.1094,2.1094,2.1094,2.1094,2.1094,2.1094,2.1094,2.1094,2.0686,1.8886,1.618,1.6841,10.0,1.2391,10.0,10.0,1.618,1.6015,1.7048,1.7165,1.618,1.7294,2.1094,2.1045,2.1045,2.1045,2.1045,2.0776,1.9638,1.8634,1.7327,1.6131,1.6131,1.6131,1.5737,1.6131,1.6131,1.6131,1.6131,1.7124,1.7077,1.7031,1.6985,1.6938,1.6892,1.2167,2.0441,1.7511,1.8681,1.7784,1.5882,1.5575,1.5507,1.5575,1.5575,1.5575,1.6158
10.0,1.6147,1.6191,1.6686,1.7077,1.7084,1.7092,1.7055,1.7018,1.6977,1.6935,1.6893,1.6851,1.8455,1.9901,2.1052,2.1052,2.1003,1.6099,2.1003,2.1003,2.1003,2.1052,2.0043,1.8968,2.0048,1.9492,1.8512,1.6867,10.0,1.1793,10.0,10.0,10.0,0.6449,10.0,10.0,10.0,10.0,10.0,10.0,10.0,10.0,10.0,10.0,10.0,10.0,10.0,10.0,10.0,10.0,10.0,10.0,2.04,2.04,2.04,2.04,1.6147,2.04,2.04
10.0,10.0,10.0,10.0,10.0,10.0,10.0,0.956,10.0,10.0,10.0,10.0,10.0,10.0,1.6961,1.5401,1.6133,1.6837,1.6555,10.0,10.0,10.0,10.0,10.0,10.0,10.0,10.0,10.0,10.0,10.0,10.0,10.0,10.0,10.0,10.0,10.0,10.0,1.0595,10.0,10.0,10.0,10.0,10.0,3.2904,3.644,3.2536,3.2047,3.6453,3.4875,3.3927,3.117,1.6129,1.5465,1.749,1.7878,1.8078,1.8124,1.808,1.7867,1.7181
10.0,10.0,10.0,10.0,10.0,10.0,10.0,10.0,10.0,10.0,1.0099,10.0,10.0,10.0,10.0,1.1019,10.0,10.0,10.0,10.0,10.0,10.0,10.0,10.0,10.0,10.0,0.8969,1.288,10.0,10.0,1.2549,1.716,1.9292,1.9999,2.0552,2.065,2.0747,2.0809,2.0871,2.093,2.0969,2.0969,2.0969,2.0969,2.0969,2.0969,2.0969,2.0319,2.0319,2.0368,1.8755,1.5483,2.0969,2.092,2.092,1.964,1.7188,10.0,10.0,10.0
10.0,2.061,2.0057,1.991,1.9793,1.9791,1.9789,1.98,1.9811,1.9823,1.9835,1.9848,1.986,1.9299,1.6003,0.8616,10.0,10.0,0.9728,10.0,10.0,1.6003,1.7526,1.7445,1.7429,1.7432,1.8432,1.9249,2.062,2.0879,2.0927,2.0927,2.0927,2.0927,2.0927,1.8669,1.4352,1.881,1.8863,1.8913,1.8963,1.9013,1.9063,1.9113,1.9163,1.9212,1.9262,1.9312,1.9362,1.9411,1.9647,1.9952,2.0927,1.6314,1.5404,1.5404,1.5045,1.5404,1.5404,1.6238
2.0838,2.0296,1.9753,1.9607,1.9492,1.949,1.9488,1.9499,1.951,1.9522,1.9049,1.9546,2.0886,2.0886,2.081,2.0211,1.9101,1.9811,2.0886,2.0886,2.0838,2.0838,2.0838,2.0838,2.0838,1.9549,1.8297,1.5972,1.5972,1.5972,1.5972,1.5972,10.0,10.0,10.0,10.0,10.0,10.0,3.2857,3.3101,3.4427,3.3674,0.9147,3.2436,3.1943,2.8835,3.3876,7.1165,7.0882,1.5373,2.0239,1.707,2.0288,2.0288,2.0288,2.0288,2.0288,2.0288,2.0288,2.5937
10.0,10.0,10.0,10.0,10.0,1.0074,10.0,10.0,10.0,10.0,10.0,10.0,10.0,10.0,1.6633,1.768,1.958,2.0122,1.9966,1.9807,1.8576,1.5989,0.8484,10.0,10.0,10.0,10.0,10.0,10.0,10.0,10.0,10.0,10.0,10.0,10.0,10.0,10.0,10.0,10.0,10.0,10.0,10.0,10.0,10.0,10.0,1.1441,10.0,10.0,10.0,10.0,10.0,10.0,10.0,1.8749,1.8474,1.7466,1.8214,1.826,1.8486,1.8837
10.0,10.0,10.0,10.0,10.0,10.0,10.0,10.0,0.9686,10.0,10.0,10.0,10.0,10.0,10.0,10.0,10.0,10.0,10.0,10.0,10.0,10.0,10.0,10.0,1.0481,10.0,10.0,10.0,10.0,10.0,10.0,10.0,10.0,1.5909,1.7513,1.8849,1.8762,1.8709,1.8655,1.8604,1.8554,1.8504,1.8454,1.8404,1.8354,1.8304,1.8254,1.8204,1.8155,1.8105,1.7144,1.5909,3.7886,3.5577,3.351,3.4158,3.4455,3.4507,3.4097,3.3439
1.6572,1.5926,1.6995,1.7515,1.7925,1.7932,1.794,1.7901,1.7862,1.782,1.7776,1.7732,1.6786,10.0,10.0,10.0,10.0,10.0,10.0,10.0,0.779,10.0,10.0,10.0,1.1626,1.7951,1.9727,2.0763,2.0763,2.0763,2.0763,2.0715,2.0715,2.0715,2.0531,2.0432,2.0338,2.028,2.0222,2.0167,2.0113,2.0058,2.0004,1.995,1.9896,1.9842,1.9788,1.5283,2.012,2.0169,1.9222,1.6417,1.5331,2.0574,1.8881,1.601,1.2483,7.3874,6.9852,6.3821
10.0,2.0416,2.0723,2.0723,2.0723,2.0723,2.0723,2.0723,2.0723,2.0723,2.0723,2.0723,2.0723,2.0723,2.0723,1.4733,0.5895,1.6021,1.6546,1.708,1.8875,1.9985,2.0675,2.0675,2.0675,2.0675,2.0723,2.0723,1.565,0.8987,1.5895,1.5372,1.5895,10.0,10.0,10.0,10.0,1.0827,10.0,10.0,10.0,10.0,10.0,10.0,10.0,10.0,10.0,1.2316,10.0,10.0,10.0,10.0,1.8216,1.9458,1.9745,1.9971,2.0025,1.9974,1.9733,1.9367
1.5816,10.0,10.0,1.1621,10.0,10.0,10.0,10.0,10.0,10.0,10.0,10.0,1.2374,1.9246,2.0148,2.0634,2.0634,2.0634,1.9452,1.8275,1.8013,1.721,1.7124,1.7044,1.7029,1.5851,10.0,10.0,10.0,10.0,10.0,10.0,10.0,10.0,10.0,10.0,10.0,10.0,10.0,10.0,10.0,3.4827,3.1509,3.2924,3.2308,3.178,3.1366,3.0714,2.8023,3.3596,0.6886,1.8243,1.9285,1.9933,2.0042,2.0042,2.0042,2.0042,2.0042,1.9834
10.0,10.0,10.0,10.0,0.9186,10.0,10.0,10.0,10.0,10.0,10.0,10.0,10.0,10.0,10.0,10.0,10.0,10.0,10.0,10.0,10.0,10.0,10.0,10.0,10.0,10.0,10.0,10.0,10.0,10.0,10.0,0.861,10.0,1.6721,1.5833,1.5833,1.5833,1.5903,1.6074,1.6238,1.6399,1.656,1.6721,1.6881,1.7042,1.7202,1.7363,1.5508,10.0,2.0051,1.9345,1.693,1.5242,1.591,0.14,2.0594,2.0533,1.8609,1.2202,1.5984
1.8159,1.6497,1.5754,1.5207,1.5754,1.5754,1.4236,1.5754,1.5754,1.5754,1.5754,1.5754,1.5754,10.0,10.0,10.0,0.8235,10.0,10.0,10.0,10.0,10.0,10.0,10.0,10.0,10.0,10.0,1.5698,1.831,1.9804,2.0058,2.0217,2.0545,2.0554,2.0554,2.0602,2.0602,2.0602,2.0602,2.0602,2.0602,2.0602,2.0602,2.0602,2.0602,2.0602,2.0602,2.0602,2.0602,2.0602,2.0602,2.0554,2.0554,1.5754,10.0,10.0,3.351,3.1423,3.3145,3.2574
2.0562,2.0562,2.0514,2.0514,2.0514,2.0514,2.0514,2.0514,2.0514,2.0445,2.0514,2.0514,1.9886,1.8423,1.7315,1.5772,1.5772,1.5772,1.5772,1.9211,1.9528,1.9844,1.6589,1.9904,2.0562,2.0514,2.0514,1.991,1.9491,1.945,1.8999,1.7958,1.5724,1.6496,8.6344,3.7246,3.5224,3.3683,1.1865,3.3486,3.3123,3.1652,3.362,3.5125,3.1963,7.6061,7.5493,7.5099,1.1901,1.9925,1.9973,1.97,1.8755,0.4384,1.7906,1.7701,1.7654,1.7698,1.7917,1.8257
10.0,10.0,10.0,10.0,10.0,10.0,1.4027,10.0,10.0,1.2972,10.0,10.0,10.0,1.5741,1.8047,1.9511,2.0522,2.0474,2.0474,2.0474,2.0522,2.0522,1.6641,1.3144,1.6766,1.6762,1.5741,10.0,0.5233,10.0,10.0,10.0,10.0,10.0,10.0,10.0,0.9232,10.0,10.0,10.0,10.0,10.0,10.0,10.0,10.0,10.0,10.0,10.0,10.0,10.0,10.0,10.0,10.0,1.9934,1.9934,0.6287,1.6758,1.8572,1.9934,1.9934
10.0,10.0,10.0,10.0,10.0,10.0,10.0,10.0,10.0,10.0,10.0,10.0,0.4059,10.0,10.0,10.0,10.0,1.3299,1.6307,10.0,10.0,10.0,10.0,10.0,10.0,10.0,10.0,10.0,10.0,10.0,10.0,10.0,10.0,10.0,1.3267,10.0,10.0,10.0,10.0,10.0,10.0,1.3564,10.0,10.0,1.173,3.5137,3.4725,3.4014,3.2668,3.1723,3.3688,3.8529,1.58,1.4271,1.5076,1.5676,1.5817,1.5684,1.5076,1.5076
0.8075,10.0,10.0,1.1573,10.0,10.0,1.2477,10.0,10.0,10.0,10.0,10.0,10.0,1.2991,10.0,10.0,1.0248,10.0,10.0,0.7272,10.0,10.0,10.0,10.0,10.0,10.0,10.0,1.568,1.7142,1.568,1.711,2.0201,2.0443,2.0443,2.0443,2.0443,2.0443,2.0443,2.0443,2.0443,2.0443,2.0443,2.0443,2.0443,2.0443,2.0443,2.0443,1.5047,1.981,1.9857,1.8465,1.5095,1.2825,2.0395,1.9914,1.8175,1.5633,10.0,10.0,10.0
10.0,2.0356,2.0356,2.0356,2.0356,2.0356,2.0356,2.0356,2.0356,2.0356,2.0356,2.0356,2.0356,2.0356,1.9627,1.6879,10.0,1.0855,10.0,10.0,1.5603,1.7168,1.8711,1.9432,1.9427,1.9428,1.9928,2.0356,2.0356,2.0404,2.0404,1.8583,1.9978,1.9133,1.565,0.9494,1.565,1.565,1.4975,1.565,1.565,1.565,1.565,1.5727,1.5877,1.6026,1.6176,1.6325,1.6475,1.6625,1.7332,1.2991,1.5018,1.6525,1.7234,1.7426,1.7471,1.7429,1.7223,1.6233
1.8782,1.8076,1.7294,1.6825,1.6454,1.6447,1.644,1.6475,1.651,1.6549,1.6588,0.7239,1.6668,2.0317,2.0364,2.0364,2.0364,2.0364,2.0317,2.0317,2.0317,2.0317,2.0317,2.0317,1.9605,1.8083,1.5573,10.0,10.0,1.2004,10.0,10.0,1.1829,10.0,10.0,10.0,10.0,10.0,10.0,0.9005,3.1685,3.2912,3.2259,3.1684,3.1194,3.0816,2.7757,3.3155,6.9222,6.8957,1.8322,1.9734,1.9734,1.9734,1.9781,1.9781,1.9781,1.9781,1.9781,1.9734
10.0,10.0,10.0,10.0,10.0,10.0,10.0,10.0,10.0,10.0,10.0,0.9311,10.0,10.0,10.0,1.6525,1.8044,1.7866,1.7727,1.7222,1.6494,10.0,10.0,10.0,10.0,10.0,10.0,10.0,10.0,10.0,0.8591,10.0,10.0,10.0,10.0,1.0982,10.0,10.0,1.2409,10.0,10.0,10.0,10.0,10.0,10.0,10.0,10.0,10.0,10.0,10.0,10.0,10.0,1.7673,1.7095,0.134,1.5435,1.5268,1.5425,1.6195,1.7205
1.631,10.0,1.1837,10.0,10.0,10.0,10.0,10.0,10.0,10.0,10.0,10.0,10.0,10.0,0.7653,0.283,10.0,10.0,10.0,10.0,1.2126,10.0,10.0,1.1108,10.0,10.0,10.0,10.0,1.5541,1.5513,1.5566,1.6015,1.6911,1.8094,1.8888,2.0028,2.0239,2.0239,2.0239,2.0239,2.0239,2.0239,2.0239,2.0232,2.0174,2.0115,2.0057,2.0001,1.9946,1.9891,1.9632,1.9295,0.9963,10.0,3.2732,3.0692,3.3001,3.3045,3.27,3.2129
1.8077,1.888,1.943,1.9578,1.9694,1.9696,1.9698,1.9687,1.9676,1.9664,1.9652,1.9639,1.7945,1.5531,10.0,10.0,10.0,10.0,10.0,10.0,1.6322,1.5531,1.3872,1.5531,0.7195,1.3973,2.0248,2.0248,2.0201,2.0201,2.0201,2.0201,1.9202,1.8589,1.8109,1.8024,1.794,1.7889,1.7838,1.779,1.7742,1.7694,1.7646,1.7582,1.7387,1.7193,1.6998,1.5545,1.9621,1.9668,1.9668,1.7609,1.6059,1.4407,1.4951,1.5823,1.578,1.582,1.3586,1.4951
1.5501,1.7848,1.8369,1.8508,1.8617,1.862,1.8622,1.8611,1.8601,1.8589,1.8578,1.8566,1.8554,1.9083,2.0209,2.0209,1.882,1.1235,1.647,1.9325,2.0162,2.0162,2.0209,2.0209,2.0042,2.0209,2.0209,1.0949,1.7634,10.0,10.0,10.0,10.0,10.0,10.0,10.0,10.0,10.0,10.0,10.0,10.0,10.0,10.0,10.0,10.0,10.0,10.0,10.0,10.0,10.0,1.1564,10.0,10.0,1.9583,1.9583,1.9583,1.9583,1.9583,1.9583,1.9583
1.3326,10.0,10.0,10.0,10.0,10.0,10.0,10.0,10.0,10.0,1.0228,10.0,10.0,1.5425,0.6232,1.8133,1.8332,1.8522,1.7857,1.5425,1.5425,1.3879,1.6273,1.6251,1.6247,1.6248,10.0,10.0,10.0,10.0,10.0,10.0,10.0,10.0,10.0,10.0,10.0,10.0,10.0,10.0,0.9686,10.0,3.1173,3.4216,3.7894,3.3524,3.4136,3.3104,3.2278,2.9043,0.8261,1.4847,1.7361,1.7939,1.8204,1.8407,1.8454,1.841,1.8193,1.7855
10.0,10.0,10.0,10.0,10.0,10.0,10.0,10.0,10.0,10.0,10.0,10.0,10.0,10.0,1.6079,10.0,10.0,10.0,10.0,10.0,10.0,0.7833,10.0,10.0,10.0,0.4005,10.0,0.5306,10.0,10.0,10.0,1.6369,1.0557,1.8086,1.8586,1.8675,1.8762,1.8816,1.8869,1.8919,1.8969,1.9019,1.9069,1.9119,1.9169,1.9219,1.9268,1.4819,1.9509,1.9556,1.8535,1.566,1.5442,2.0132,0.1596,1.0757,1.8344,1.5395,10.0,10.0
1.9503,1.8769,1.8266,1.8132,1.8026,1.8024,1.8022,1.8032,1.8042,1.8053,1.8064,1.8076,1.8087,1.7576,1.6131,10.0,10.0,10.0,10.0,10.0,10.0,1.5366,1.5366,1.5313,1.5366,1.5366,1.6483,1.7917,1.9194,2.0047,2.0047,2.0047,2.0047,2.0094,2.0094,2.0094,1.8888,1.9518,1.9574,1.9626,1.9678,1.973,1.9781,1.9833,1.9885,1.9939,1.9994,2.0049,2.0094,2.0094,2.0094,2.0094,2.0047,1.5538,1.479,1.479,1.479,1.479,1.3385,1.5465
2.001,2.001,2.001,2.001,2.001,2.001,2.001,2.001,2.001,1.6608,2.001,2.001,2.0056,1.9734,1.8994,1.8454,1.7439,1.8088,1.9836,2.0056,2.0056,2.0056,2.0056,2.0056,2.001,2.001,1.8763,1.7788,1.7352,1.7218,1.738,1.5723,10.0,10.0,10.0,1.1381,8.0361,3.2178,3.2531,3.2877,3.7865,3.1278,3.1987,3.4398,3.1058,0.9539,7.2189,7.1845,7.1515,0.8332,1.9435,1.5792,1.0261,0.488,1.9133,1.8914,1.8864,1.8911,1.9145,1.9482
10.0,10.0,1.0673,10.0,10.0,10.0,10.0,10.0,10.0,10.0,10.0,10.0,10.0,10.0,1.5505,1.8119,1.9729,2.0018,2.0018,2.0018,1.9354,1.8072,1.6532,10.0,10.0,10.0,10.0,10.0,10.0,10.0,10.0,10.0,0.7007,10.0,10.0,10.0,10.0,10.0,10.0,10.0,10.0,10.0,1.1223,10.0,10.0,10.0,10.0,10.0,10.0,0.7489,10.0,10.0,10.0,1.9194,1.8912,1.622,1.8291,1.8693,1.8924,1.9286
10.0,10.0,10.0,10.0,10.0,10.0,10.0,10.0,10.0,10.0,10.0,0.9588,10.0,10.0,10.0,10.0,10.0,10.0,10.0,10.0,10.0,10.0,10.0,10.0,10.0,10.0,10.0,10.0,10.0,10.0,10.0,10.0,10.0,1.5279,1.6227,1.7111,1.6809,1.6625,1.644,1.6265,1.6092,1.5919,1.5746,1.5574,1.5401,1.5279,1.5279,1.5279,1.4712,1.5279,1.5279,1.6121,3.2851,1.5429,1.4707,1.4707,1.4707,1.4707,1.4707,1.5356
10.0,1.5989,1.5297,1.5297,1.5297,1.5297,1.5297,1.5297,1.5297,1.5297,1.5297,1.5297,1.5297,10.0,10.0,10.0,10.0,1.0785,10.0,10.0,10.0,10.0,10.0,0.976,10.0,1.2457,1.7697,1.8816,1.9245,1.9288,1.9236,1.9943,1.9897,1.9897,1.9897,1.9897,1.9897,1.9897,1.9897,1.9897,1.9897,1.9897,1.9897,1.9897,1.9897,1.9897,1.9897,1.4679,1.9325,1.9372,1.8485,1.5297,1.4725,1.9897,1.1377,1.6966,10.0,10.0,7.2505,7.0359
10.0,1.9905,1.9905,1.9905,1.9905,1.9905,1.9905,1.9905,1.9905,1.9905,1.9905,1.9905,1.9905,1.9905,1.9859,1.5846,0.5866,1.5222,1.5222,1.5222,1.7477,1.8505,1.9744,1.9859,1.9859,1.9859,1.9859,1.9859,1.9905,1.802,1.6619,1.7824,1.7529,1.5268,1.5916,10.0,10.0,10.0,10.0,10.0,10.0,10.0,10.0,10.0,1.291,1.5891,1.5932,1.5973,1.6014,1.6055,1.5268,1.484,1.735,1.7928,1.8193,1.8396,1.8443,1.8398,1.8181,1.7844
1.6902,1.5193,1.6066,1.5948,1.5855,1.5853,1.2857,1.586,1.5869,1.399,1.5889,1.5899,1.5909,1.164,1.9822,1.9822,1.9822,1.9822,1.9822,1.8802,1.8532,1.8263,1.8237,1.8213,1.8208,1.6816,1.6007,10.0,1.0842,10.0,10.0,10.0,10.0,10.0,10.0,10.0,10.0,10.0,10.0,10.0,3.3765,3.203,3.2997,3.2214,3.1537,3.0948,0.8341,2.7904,3.1707,6.8464,1.4624,1.8757,1.9253,1.9253,1.9253,1.9253,1.9253,1.9253,1.9253,1.9253
10.0,10.0,10.0,10.0,10.0,10.0,10.0,10.0,10.0,10.0,10.0,10.0,10.0,10.0,10.0,1.5211,1.5211,1.5211,1.5211,1.3927,1.0097,10.0,10.0,0.8566,10.0,10.0,10.0,10.0,10.0,10.0,10.0,0.9675,10.0,10.0,1.5987,1.6064,1.6139,1.5211,1.5211,1.5211,1.5211,1.5211,1.5211,1.5211,1.4702,1.5211,1.5211,1.5211,1.043,10.0,10.0,1.7302,1.5896,1.4643,0.1355,1.5546,1.3812,1.5544,1.4643,1.4643
1.6552,1.5137,1.5917,1.58,10.0,10.0,10.0,10.0,10.0,1.2863,10.0,1.5751,1.5761,10.0,10.0,0.3218,10.0,10.0,10.0,10.0,10.0,10.0,1.1912,10.0,10.0,10.0,10.0,1.5137,1.7459,1.8227,1.8274,1.8419,1.8708,1.9433,1.9748,1.9748,1.9748,1.9748,1.9748,1.9748,1.9748,1.9748,1.9748,1.9748,1.9748,1.9748,1.9748,1.9748,1.9748,1.9748,1.9748,1.9748,1.8635,10.0,10.0,1.5255,1.5294,1.5257,3.2906,3.2214
1.9757,1.9757,1.9757,1.9757,1.9757,1.9757,1.9757,1.9757,1.9757,1.9757,1.9711,1.9757,1.8651,1.7279,1.5436,1.5154,1.5995,1.5838,1.6087,1.2288,1.7661,1.7947,1.7975,1.2348,1.8006,1.9757,1.9711,1.9711,1.9711,1.9711,1.9381,1.8319,1.7382,1.6009,1.5108,1.5108,1.5108,1.5108,1.5108,1.5108,1.5108,1.6017,1.5973,1.593,1.3591,1.5844,1.5801,1.5757,1.2468,1.9145,1.9191,1.836,1.7479,1.6937,1.6688,1.6031,1.5858,1.6021,1.6699,1.7016
10.0,1.6024,1.5126,1.5127,1.5481,1.5487,1.5494,1.5461,1.5427,1.539,1.5352,1.5314,1.5276,1.698,1.8475,1.972,1.9675,1.9675,1.5238,1.9675,1.9675,1.972,1.972,1.8244,1.7567,1.8248,1.7742,1.5334,10.0,10.0,10.0,10.0,10.0,10.0,10.0,10.0,10.0,10.0,10.0,10.0,10.0,10.0,10.0,10.0,10.0,10.0,1.039,10.0,10.0,10.0,10.0,10.0,10.0,1.9155,1.9155,1.9155,1.2591,1.7031,1.9155,1.9155
10.0,10.0,10.0,10.0,10.0,10.0,10.0,10.0,10.0,10.0,10.0,10.0,0.3807,0.9361,1.2767,1.5052,1.5052,1.5141,1.5637,1.5753,1.3521,10.0,10.0,1.2062,10.0,10.0,1.3092,10.0,10.0,1.0138,10.0,10.0,1.1707,10.0,1.6432,10.0,10.0,10.0,10.0,10.0,10.0,10.0,10.0,3.5,3.1419,4.0635,3.1472,1.0812,3.1212,3.1115,3.293,1.5095,1.4488,1.6323,1.6732,1.6919,1.6962,1.6921,1.6722,1.6034
0.8686,10.0,10.0,10.0,10.0,10.0,10.0,10.0,10.0,10.0,10.0,10.0,10.0,10.0,10.0,10.0,10.0,10.0,10.0,10.0,10.0,10.0,10.0,10.0,10.0,0.8369,10.0,1.5944,1.507,1.507,1.2733,1.507,1.9165,1.9647,1.9647,1.9647,1.9647,1.9647,1.9647,1.9647,1.9647,1.9647,1.9647,1.9647,1.9647,1.9647,1.9647,1.4461,1.9039,1.9084,1.8074,1.5248,1.534,1.9602,1.9602,1.8444,1.6217,1.0467,10.0,10.0
1.9565,1.9565,1.9565,1.9565,1.9565,1.9565,1.9565,1.9565,1.9565,1.9565,1.9565,1.9565,1.9565,1.9177,1.76,1.584,10.0,10.0,10.0,10.0,1.3637,1.5919,1.7758,1.7833,1.7829,1.783,1.8289,1.91,1.9565,1.9565,1.9611,1.9611,1.9611,1.9611,1.8959,1.7236,1.5974,1.7365,1.7415,1.7461,1.7507,1.7553,1.7599,1.7645,1.7691,1.7737,1.7783,1.7829,1.7875,1.7921,1.8138,1.842,1.4435,1.4783,1.4996,1.6238,1.6384,1.6247,1.5571,1.4522
1.9367,1.8637,1.8138,1.8004,1.7899,1.7897,1.7895,1.7905,1.7915,1.7926,1.6268,1.7948,1.796,1.9575,1.9575,1.9575,1.8842,1.9575,1.9575,1.9529,1.9529,1.9529,1.9529,1.9529,1.9529,1.8355,1.7179,1.4733,1.4969,1.4969,1.3685,1.4969,10.0,10.0,10.0,10.0,10.0,10.0,3.3939,3.3007,3.9228,3.1911,0.9929,3.2332,3.157,3.0428,3.2226,6.9421,6.9117,0.8408,1.8934,1.8968,1.9014,1.9014,1.9014,1.9014,1.9014,1.9014,1.9014,1.9014
10.0,10.0,10.0,10.0,10.0,10.0,10.0,10.0,0.9913,10.0,10.0,10.0,10.0,10.0,1.4987,1.7194,1.8624,1.8441,1.8298,1.8152,1.6995,1.3564,10.0,10.0,10.0,1.0067,10.0,10.0,10.0,10.0,10.0,10.0,10.0,10.0,10.0,10.0,10.0,10.0,10.0,10.0,10.0,10.0,10.0,10.0,10.0,1.1474,10.0,10.0,10.0,10.0,10.0,10.0,1.7957,1.74,1.7144,1.6949,1.6903,1.6946,1.7155,1.7481
1.5622,10.0,10.0,10.0,10.0,10.0,10.0,10.0,10.0,10.0,10.0,10.0,10.0,10.0,10.0,10.0,10.0,10.0,1.0605,10.0,10.0,10.0,10.0,10.0,10.0,10.0,10.0,1.5599,1.4914,1.4682,1.4914,1.4914,1.4914,1.689,1.7678,1.8728,1.8641,1.8588,1.8535,1.8484,1.8434,1.8385,1.8335,1.8285,1.8236,1.8186,1.8137,1.8087,1.8037,1.7988,1.7753,1.7449,10.0,3.2814,1.2882,1.5235,1.4355,1.5237,1.5057,3.7819
1.4932,1.719,1.7691,1.7825,1.7931,1.7933,1.7935,1.7925,1.7915,1.7904,1.7893,1.7881,1.722,1.4932,10.0,10.0,10.0,10.0,10.0,10.0,10.0,1.1905,10.0,10.0,0.7321,1.7947,1.9467,1.9467,1.9467,1.9467,1.9422,1.9422,1.9422,1.9232,1.8735,1.8647,1.856,1.8507,1.8455,1.8404,1.8355,1.8305,1.8256,1.8206,1.8157,1.8107,1.8058,1.5347,1.8864,1.8909,1.88,1.4932,1.493,1.4374,1.5231,1.5057,1.1908,1.5055,1.5241,1.4374
1.7732,1.8519,1.9059,1.9204,1.9323,1.9325,1.9327,1.9316,1.9304,1.9292,1.9279,1.9266,1.9253,1.9431,1.9431,1.9386,1.7178,1.4859,1.7497,1.764,1.8742,1.9386,1.9386,1.9431,1.9431,1.9431,1.9431,1.9431,1.4904,0.9173,1.4904,1.4904,1.3329,0.903,10.0,10.0,10.0,10.0,10.0,10.0,10.0,10.0,10.0,10.0,10.0,10.0,10.0,10.0,10.0,10.0,0.8721,1.5532,10.0,1.8829,1.8829,1.8829,1.8829,1.8829,1.8829,1.8829
1.4832,10.0,10.0,10.0,10.0,10.0,10.0,10.0,10.0,10.0,10.0,10.0,1.5689,1.742,0.6589,1.8833,1.9039,1.9243,1.819,1.7089,1.6803,1.5987,1.5908,1.5833,1.5819,1.5822,1.545,10.0,10.0,10.0,10.0,10.0,10.0,1.1135,10.0,10.0,10.0,10.0,10.0,10.0,10.0,3.3257,3.2403,0.9055,2.9585,3.3623,3.2264,3.1419,2.932,3.2299,0.7288,1.6775,1.7734,1.8324,1.8595,1.8795,1.8795,1.8795,1.8583,1.8238
10.0,10.0,10.0,10.0,10.0,10.0,10.0,10.0,10.0,10.0,10.0,10.0,10.0,10.0,1.3426,1.5467,10.0,1.2341,10.0,10.0,10.0,0.5884,10.0,10.0,10.0,0.4831,10.0,10.0,10.0,10.0,10.0,0.9293,1.485,1.5724,1.7053,1.7135,1.7215,1.7263,1.7312,1.7359,1.7405,1.745,1.7496,1.7542,1.7587,1.7633,1.7679,1.5261,1.8761,1.8806,1.8429,1.643,1.4295,1.2674,0.1491,1.9315,1.889,1.7126,1.4943,1.4295
1.8006,1.7329,1.6864,1.6573,1.6208,1.6201,1.6194,1.6229,1.6264,1.6302,1.6341,1.638,1.6419,1.4778,10.0,10.0,10.0,10.0,10.0,0.9486,10.0,1.4151,1.4778,1.4778,1.3813,1.4778,1.4851,1.6871,1.8073,1.928,1.928,1.928,1.928,1.928,1.928,1.9325,1.9325,1.9325,1.9325,1.9325,1.9325,1.9325,1.9325,1.9325,1.9325,1.9325,1.9325,1.9325,1.9325,1.9325,1.9325,1.9325,1.928,1.4099,1.4224,1.4224,1.4224,1.4224,1.4224,1.4857
1.929,1.9245,1.9245,1.9245,1.9245,1.9245,1.9245,1.9245,1.9245,1.8433,1.9245,1.9245,1.929,1.8261,1.7577,1.7077,1.6904,1.3606,1.6064,1.9079,1.929,1.929,1.7584,1.929,1.929,1.9245,1.9245,1.8321,1.7935,1.7897,1.7943,1.6972,1.4784,1.5589,8.4187,10.0,3.4299,3.2145,1.2039,3.2334,3.1637,3.0583,3.0891,3.1369,3.1793,7.397,7.3082,7.2195,1.495,1.8692,1.8692,1.4985,1.8466,0.4631,1.763,1.7429,1.7382,1.7426,1.7642,1.7976
10.0,10.0,10.0,10.0,1.5367,1.5369,1.5371,1.5362,10.0,1.3256,10.0,10.0,1.22,1.4769,1.6986,1.8364,1.9255,1.921,1.921,1.9255,1.9255,1.8866,1.4798,1.4891,1.4909,1.4905,0.6264,1.0443,0.5276,10.0,10.0,10.0,10.0,10.0,10.0,10.0,10.0,10.0,10.0,1.0553,10.0,10.0,10.0,10.0,10.0,10.0,10.0,10.0,10.0,10.0,10.0,10.0,10.0,1.8703,1.8703,0.6971,1.6109,1.8447,1.8703,1.8703
10.0,1.1008,10.0,10.0,10.0,10.0,10.0,10.0,10.0,10.0,10.0,10.0,10.0,10.0,10.0,10.0,1.1419,10.0,1.5326,10.0,10.0,10.0,1.154,10.0,10.0,10.0,10.0,10.0,1.0989,10.0,10.0,1.2391,10.0,1.4697,1.4826,1.4697,1.4697,1.4697,1.4697,1.4697,1.4697,1.3548,1.4697,1.4697,1.4697,1.5621,1.5579,1.5536,1.5493,1.5451,3.2628,0.9614,1.4953,1.4147,1.4543,1.5131,1.5267,1.5139,1.451,1.4147
10.0,10.0,1.5387,1.5504,1.5596,1.5598,1.3073,1.5591,1.5582,1.3933,1.5563,1.5553,1.5543,1.4715,10.0,10.0,10.0,10.0,10.0,10.0,10.0,10.0,10.0,10.0,10.0,10.0,1.4715,1.7139,1.753,1.6905,1.7522,1.9185,1.9185,1.9185,1.914,1.914,1.914,1.914,1.914,1.914,1.914,1.914,1.914,1.914,1.914,1.914,1.914,1.4265,1.8591,1.8635,1.7918,1.5573,1.4166,1.914,1.8926,1.7274,1.4671,10.0,10.0,1.2053
1.915,1.915,1.9106,1.9106,1.9106,1.9106,1.9106,1.9106,1.9106,1.9106,1.9106,1.9106,1.9106,1.9106,1.0402,1.7521,10.0,10.0,1.5289,1.5414,1.5781,1.734,1.8497,1.9106,1.9106,1.9106,1.9106,1.9106,1.915,1.8676,1.7452,1.8473,1.8166,1.7398,1.3176,0.9885,1.4689,1.4689,1.4689,1.4689,1.4689,1.439,1.4689,1.4689,1.4809,1.4949,1.5088,1.5228,1.5367,1.5507,1.6166,1.2696,1.6166,1.6704,1.6951,1.714,1.7184,1.7143,1.694,1.6626
1.7516,1.6858,1.5858,1.5428,1.5088,1.5081,1.5075,1.5107,1.5139,1.5175,1.5211,1.4618,1.5284,1.9071,1.9071,1.9116,1.9116,1.9116,1.9071,1.9071,1.9071,1.8863,1.8836,1.8811,1.8629,1.7183,1.5079,1.5247,10.0,10.0,10.0,10.0,1.3871,10.0,10.0,10.0,10.0,10.0,10.0,3.238,3.0955,3.5865,3.9268,3.235,3.1447,3.0705,3.0069,3.217,6.8049,6.775,1.6505,1.8524,1.8524,1.8524,1.8524,1.8524,1.8524,1.8524,1.8524,1.8524
10.0,10.0,10.0,10.0,10.0,10.0,10.0,10.0,10.0,10.0,10.0,0.939,10.0,10.0,1.5397,1.6646,1.68,1.6635,1.6164,1.568,1.5357,10.0,10.0,10.0,10.0,10.0,0.7848,0.8131,10.0,10.0,10.0,10.0,10.0,0.6519,10.0,10.0,10.0,1.5232,1.2443,1.5316,1.5357,1.3913,1.5437,1.5478,1.5518,1.4636,1.4636,1.4636,1.3689,10.0,10.0,1.7441,1.6604,1.6088,0.1338,1.453,1.4373,1.4521,1.5245,1.6163
1.5137,1.4565,1.2113,10.0,10.0,10.0,10.0,10.0,10.0,10.0,10.0,10.0,1.2669,10.0,10.0,0.2943,10.0,0.8953,10.0,10.0,1.2131,10.0,10.0,10.0,10.0,10.0,10.0,1.4565,1.6805,1.6832,1.6875,1.7009,1.7276,1.7945,1.8732,1.9003,1.9003,1.9003,1.9003,1.9003,1.9003,1.9003,1.9003,1.9003,1.9003,1.9003,1.9003,1.9003,1.9003,1.9003,1.9003,1.9003,1.6599,10.0,1.4748,1.402,1.402,1.402,1.4738,3.2334
1.7957,1.8755,1.9013,1.9013,1.9013,1.9013,1.9013,1.9013,1.9013,1.9013,1.9013,1.9013,1.7682,1.6008,1.4583,1.5319,10.0,10.0,0.932,1.404,1.498,1.6106,1.6216,1.5281,1.6337,1.9013,1.9013,1.8969,1.8969,1.8969,1.8969,1.8775,1.7815,1.7246,1.6802,1.6722,1.6645,1.6597,1.655,1.6432,1.6257,1.6082,1.5908,1.5733,1.5559,1.5385,1.5211,1.5037,1.7818,1.8424,1.8468,1.4583,1.6458,1.5725,1.486,1.4198,1.4044,1.4189,1.4897,1.5999
1.4557,1.6245,1.6956,1.7085,1.7186,1.7188,1.719,1.718,1.7171,1.716,1.7149,1.7138,1.7127,1.7616,1.8979,1.8979,1.8696,1.8867,1.5422,1.8935,1.8935,1.8935,1.8979,1.8962,1.8322,1.8966,1.843,1.7504,1.4311,10.0,1.1492,10.0,10.0,10.0,0.6285,10.0,10.0,10.0,10.0,10.0,10.0,10.0,10.0,1.05,10.0,10.0,10.0,10.0,10.0,10.0,1.2079,10.0,10.0,1.8391,1.8391,1.8391,1.8391,1.5411,1.8391,1.8391
1.5285,10.0,10.0,10.0,10.0,10.0,10.0,1.0089,10.0,10.0,10.0,10.0,10.0,1.5455,1.5142,1.6709,1.6892,1.7067,1.6911,1.4721,1.4487,1.4487,1.4487,1.4487,1.4406,1.4487,1.52,10.0,10.0,10.0,10.0,10.0,10.0,10.0,10.0,10.0,10.0,1.1133,10.0,10.0,10.0,10.0,3.3486,3.2293,2.9462,3.0217,2.9755,3.1361,2.9535,3.1367,3.2845,1.3945,1.6181,1.672,1.6967,1.7156,1.72,1.7159,1.6956,1.6642
10.0,10.0,10.0,10.0,10.0,10.0,10.0,10.0,10.0,10.0,1.0241,10.0,10.0,10.0,1.4543,10.0,10.0,10.0,10.0,10.0,10.0,10.0,10.0,10.0,10.0,10.0,0.9786,10.0,1.525,1.5284,1.3255,1.5118,1.7334,1.7969,1.8465,1.8554,1.8641,1.8693,1.8748,1.8801,1.8854,1.8906,1.8911,1.8911,1.8911,1.8911,1.8911,1.4419,1.8325,1.8369,1.781,1.5741,1.3964,1.4647,0.1745,1.1889,1.7139,1.4461,10.0,1.4715
1.8834,1.8644,1.8144,1.8011,1.7905,1.7903,1.7901,1.7911,1.7921,1.7932,1.7944,1.7955,1.7966,1.7459,1.4436,0.8882,10.0,10.0,1.0647,10.0,1.5068,1.5136,1.6598,1.6575,1.6571,1.6572,1.6999,1.7752,1.8834,1.8834,1.8834,1.8877,1.8877,1.8877,1.8877,1.7781,1.6704,1.7915,1.7965,1.8013,1.8061,1.8109,1.8156,1.8203,1.8251,1.8298,1.8346,1.8393,1.844,1.8488,1.8713,1.8877,1.4723,1.3895,1.4405,1.4987,1.5122,1.4995,1.4372,1.3895
1.88,1.88,1.8774,1.8628,1.8517,1.8515,1.8513,1.8524,1.8534,1.8545,1.2839,1.8569,1.8844,1.8844,1.8844,1.8329,1.8143,1.7965,1.8844,1.8844,1.8844,1.8844,1.8844,1.8844,1.88,1.8733,1.7527,1.6617,1.5969,1.5845,1.5994,1.5476,1.5239,10.0,10.0,10.0,10.0,3.3615,3.1901,3.1288,2.8692,2.971,3.2069,2.9494,3.4973,3.0231,3.1149,6.815,6.7792,0.866,1.826,1.5628,1.1097,1.8304,1.8304,1.8304,1.8304,1.8304,1.8304,1.8304
10.0,10.0,10.0,10.0,10.0,1.0748,10.0,10.0,10.0,10.0,10.0,10.0,10.0,10.0,1.513,1.7252,1.8794,1.881,1.881,1.8808,1.7629,1.2441,0.8667,10.0,1.2144,10.0,10.0,10.0,10.0,10.0,10.0,10.0,0.736,10.0,10.0,10.0,10.0,10.0,10.0,10.0,10.0,10.0,1.0714,10.0,10.0,10.0,10.0,10.0,10.0,0.797,10.0,10.0,1.8272,1.7736,1.7476,1.4428,1.723,1.7273,1.7487,1.7819
1.5098,10.0,10.0,10.0,10.0,10.0,10.0,10.0,10.0,10.0,10.0,10.0,10.0,10.0,10.0,0.9544,10.0,10.0,10.0,10.0,10.0,1.1021,10.0,10.0,10.0,10.0,10.0,1.3614,1.506,1.5028,1.3003,1.5186,1.4359,1.541,1.6725,1.7177,1.7098,1.7049,1.7,1.6954,1.6908,1.6863,1.6817,1.6772,1.6726,1.6681,1.6635,1.659,1.6544,1.6499,1.6141,1.4897,3.2118,1.3821,1.3821,1.3821,1.3821,1.3821,1.3821,1.4671
1.5188,1.4421,1.6282,1.6449,1.6547,1.6549,1.655,1.6541,1.6532,1.6522,1.6511,1.6501,1.649,1.4377,10.0,10.0,10.0,10.0,10.0,10.0,0.9795,10.0,10.0,10.0,10.0,1.4391,0.9396,1.8697,1.8744,1.8744,1.8744,1.8744,1.87,1.87,1.87,1.87,1.87,1.87,1.87,1.87,1.87,1.87,1.87,1.87,1.87,1.87,1.87,1.4903,1.8163,1.8207,1.8041,1.463,1.4229,1.384,1.4618,1.4451,10.0,1.4449,1.4628,1.384
1.8439,1.8711,1.8711,1.8711,1.8711,1.8711,1.8711,1.8711,1.8711,1.8711,1.8711,1.8711,1.8711,1.8711,1.8667,1.4308,0.6073,1.5431,1.5936,1.6314,1.7334,1.8353,1.8667,1.8667,1.8667,1.8667,1.8667,1.8711,1.663,1.6667,1.6623,1.6486,1.5883,1.4352,10.0,10.0,10.0,10.0,10.0,10.0,10.0,10.0,1.4953,1.4992,1.5032,1.5071,1.511,1.2814,1.5188,1.4352,1.4352,1.4352,1.7088,1.7657,1.7918,1.8129,1.8131,1.8131,1.7907,1.7575
1.6136,1.4283,1.4283,1.5067,1.4979,1.4977,1.3199,1.4984,1.4992,1.5001,1.5011,1.502,1.503,1.2471,1.8634,1.8634,1.8634,1.8634,1.8626,1.749,1.724,1.699,1.6965,1.6942,1.6938,1.6418,1.4283,10.0,10.0,10.0,10.0,1.1236,10.0,10.0,10.0,10.0,10.0,10.0,10.0,10.0,10.0,3.0914,3.0323,2.9271,2.8656,3.1127,0.8632,3.0467,3.1719,3.3241,0.7353,1.7172,1.8099,1.8099,1.8099,1.8099,1.8099,1.8099,1.8099,1.8099
10.0,10.0,10.0,10.0,0.9509,10.0,10.0,10.0,10.0,10.0,10.0,10.0,10.0,10.0,1.4301,1.4361,1.4301,1.4301,1.4301,1.511,1.0814,10.0,10.0,10.0,10.0,10.0,10.0,10.0,0.9774,10.0,10.0,0.9312,1.4873,1.4301,1.4748,1.5028,1.5302,1.5469,1.5635,1.5794,1.5951,1.6108,1.6256,1.6299,1.6341,1.6384,1.6426,1.4898,10.0,1.8068,1.8111,1.6426,1.5441,1.3789,0.1427,1.3767,1.3767,1.3767,1.3767,1.4029
1.6824,1.6191,1.472,1.4321,1.4233,1.4233,1.4233,1.4233,1.4233,1.4233,1.4233,1.4233,1.4233,1.4233,10.0,10.0,10.0,10.0,10.0,10.0,10.0,1.5027,1.5006,1.4986,1.4982,1.265,1.4233,1.5793,1.7193,1.8105,1.8152,1.8296,1.8569,1.8569,1.8569,1.8612,1.8612,1.8612,1.8612,1.8612,1.8612,1.8612,1.8612,1.8612,1.8612,1.8612,1.8612,1.8569,1.8569,1.8569,1.8569,1.8569,1.8439,1.4453,1.37,1.3101,1.37,1.37,1.37,1.4385
1.858,1.858,1.858,1.858,1.858,1.858,1.858,1.858,1.858,1.858,1.8536,1.858,1.8459,1.7098,1.6457,1.5497,1.4951,1.4426,1.4251,1.726,1.7545,1.7829,1.7857,1.721,1.7887,1.8536,1.8536,1.8536,1.8536,1.8504,1.8229,1.723,1.635,1.5066,1.4208,1.4208,1.4208,1.4208,1.4208,1.4208,1.4208,1.2758,1.5025,1.4984,1.4943,1.4903,1.4862,1.4821,1.1706,1.8004,1.8047,1.4538,1.7203,0.4954,1.6424,1.6237,1.6193,1.6234,1.6435,1.6747
10.0,1.5008,1.4226,1.4226,1.4344,1.4351,1.4357,1.4326,1.4295,1.4261,1.4226,1.4226,1.4226,1.5734,1.7303,1.8547,1.8504,1.8504,1.7414,1.8504,1.8547,1.8547,1.6772,1.6342,1.6801,1.68,1.6335,1.4226,10.0,10.0,10.0,1.035,10.0,10.0,10.0,10.0,0.9605,10.0,10.0,10.0,10.0,10.0,10.0,10.0,10.0,10.0,10.0,10.0,10.0,10.0,10.0,10.0,10.0,1.8016,1.8016,0.6745,1.2769,1.7014,1.8016,1.8016
1.4862,10.0,10.0,10.0,0.9711,10.0,10.0,10.0,10.0,10.0,10.0,10.0,0.4039,1.0231,10.0,1.4158,1.4158,1.4158,1.4398,1.4158,1.4862,10.0,10.0,10.0,10.0,10.0,1.4158,10.0,10.0,10.0,10.0,10.0,10.0,1.4158,1.3853,1.4158,1.4158,1.5013,1.497,1.493,1.4889,1.4849,1.4809,1.4769,1.2465,3.3897,4.5519,1.1255,3.1361,3.0753,3.1239,1.4232,1.3628,1.549,1.5776,1.5952,1.5993,1.5954,1.5766,1.5217
0.8076,10.0,10.0,1.1575,1.4742,1.4744,1.4746,10.0,10.0,10.0,10.0,10.0,10.0,1.3101,10.0,10.0,10.0,10.0,10.0,0.7917,10.0,10.0,0.8684,10.0,10.0,10.0,1.4879,1.4903,1.6181,1.5768,1.6174,1.5817,1.8482,1.8482,1.8482,1.8482,1.8482,1.8482,1.8482,1.8482,1.8482,1.8482,1.8482,1.8482,1.8482,1.8482,1.8482,1.4314,1.791,1.7953,1.7494,1.5596,1.3647,1.4387,1.8439,1.7451,1.5535,10.0,10.0,1.4454
1.8407,1.8407,1.8407,1.8407,1.8407,1.8407,1.8407,1.8407,1.8407,1.8407,1.8407,1.8407,1.8407,1.8407,1.7476,1.4109,10.0,1.1864,10.0,10.0,1.441,1.6423,1.7519,1.7707,1.7703,1.7704,1.816,1.8407,1.8407,1.845,1.8218,1.845,1.845,1.8071,1.5712,1.4152,1.614,1.6186,1.6231,1.6275,1.6318,1.6361,1.6404,1.6446,1.6489,1.6532,1.6575,1.6618,1.666,1.6703,1.6906,1.4392,1.4345,1.5721,1.5953,1.6131,1.6172,1.6133,1.5943,1.5647
1.7964,1.7289,1.6826,1.6702,1.6604,1.6602,1.66,1.6609,1.6619,1.6629,1.6639,0.7614,1.666,1.8375,1.8418,1.8418,1.8418,1.8418,1.8418,1.8375,1.8375,1.8375,1.8375,1.8375,1.8375,1.7364,1.6252,1.4101,1.4084,1.4084,1.4084,1.4084,1.2426,10.0,10.0,10.0,10.0,10.0,10.0,0.9459,3.0832,2.9271,3.3543,3.4144,2.801,3.1587,2.9076,3.0617,6.6992,6.667,1.6975,1.7848,1.4127,1.7891,1.7891,1.7891,1.7891,1.7891,1.7891,1.7891
10.0,10.0,10.0,10.0,10.0,10.0,10.0,10.0,1.0113,10.0,10.0,10.0,10.0,10.0,1.4103,1.6535,1.7248,1.7078,1.6946,1.6811,1.4864,1.4722,0.9826,10.0,10.0,10.0,10.0,10.0,10.0,10.0,0.9074,10.0,10.0,10.0,10.0,1.1067,10.0,10.0,10.0,10.0,10.0,10.0,1.4679,1.4717,1.4755,1.4794,1.4832,1.487,1.4909,10.0,10.0,10.0,1.6805,1.6283,1.5347,1.5861,1.5818,1.5858,1.6054,1.6359
1.4228,1.4787,10.0,10.0,10.0,1.0828,10.0,10.0,10.0,10.0,10.0,10.0,10.0,10.0,0.7422,0.3245,10.0,10.0,10.0,10.0,10.0,10.0,10.0,10.0,10.0,10.0,10.0,1.4036,1.5269,1.5151,1.5294,1.5735,1.6144,1.677,1.7505,1.8312,1.8312,1.8312,1.8312,1.8312,1.8312,1.827,1.8218,1.8166,1.8114,1.8064,1.8015,1.7966,1.7917,1.7867,1.7634,1.7332,1.241,1.4301,1.351,1.351,1.351,1.351,1.351,1.2974
1.6349,1.7075,1.7573,1.7706,1.7811,1.7813,1.7815,1.7805,1.7795,1.7785,1.7773,1.7762,1.6926,1.5127,1.4054,1.2182,10.0,10.0,1.1017,1.4807,1.4054,1.4054,1.4054,1.4054,0.7486,1.4054,1.8323,1.8323,1.8323,1.8323,1.828,1.828,1.828,1.7744,1.7287,1.7205,1.7125,1.7077,1.7028,1.6982,1.6936,1.689,1.6845,1.6799,1.6753,1.6708,1.6662,1.6617,1.7738,1.7755,1.7798,1.4168,1.5639,1.4401,1.3609,1.3529,1.3529,1.3529,1.3644,1.4652
1.6276,1.6999,1.7494,1.7627,1.7731,1.7733,1.7735,1.7726,1.7716,1.7705,1.7694,1.7682,1.7671,1.8179,1.8291,1.8249,1.7062,1.1675,1.7379,1.7521,1.8249,1.8249,1.8291,1.8291,1.8291,1.8291,1.8291,1.8217,1.403,1.3783,1.403,1.403,1.4805,0.8938,10.0,10.0,10.0,10.0,10.0,10.0,1.0817,10.0,10.0,10.0,10.0,10.0,10.0,10.0,10.0,10.0,0.9144,10.0,1.7725,1.7725,1.7725,1.7725,1.7725,1.7725,1.7725,1.7725
1.4213,1.4731,10.0,10.0,10.0,10.0,10.0,10.0,10.0,10.0,1.0909,10.0,10.0,1.596,0.6468,1.7255,1.7443,1.7625,1.7147,1.6109,1.5879,1.5116,1.5041,1.4971,1.4958,1.496,1.3963,10.0,10.0,10.0,1.0447,10.0,10.0,1.1757,10.0,10.0,10.0,10.0,10.0,10.0,1.0604,10.0,3.1233,2.8324,2.8668,2.8594,3.0245,2.9236,3.7014,2.9,0.8426,1.5571,1.6461,1.7009,1.7261,1.7453,1.7498,1.7456,1.725,1.6929
10.0,10.0,10.0,10.0,10.0,10.0,10.0,0.998,10.0,10.0,10.0,10.0,10.0,10.0,1.3981,1.4756,1.4607,10.0,10.0,10.0,10.0,0.6422,10.0,10.0,0.8268,0.4404,10.0,10.0,10.0,1.1303,10.0,1.4913,1.5896,1.6479,1.6934,1.7015,1.7094,1.7143,1.7191,1.7237,1.7283,1.7328,1.7374,1.7419,1.7465,1.751,1.7555,1.4255,1.7664,1.7706,1.7661,1.5739,1.412,1.3459,0.1607,1.4142,1.4104,1.414,1.4315,1.3459
1.7871,1.7199,1.6738,1.6614,1.6517,1.6515,1.6513,1.6523,1.6532,1.6542,1.6552,1.6563,1.6573,0.5736,1.4781,10.0,10.0,10.0,10.0,10.0,1.4568,1.4713,1.5083,1.5013,1.5,1.5002,1.5978,1.6686,1.7875,1.8155,1.8155,1.8155,1.8155,1.8155,1.8197,1.8197,1.7446,1.8197,1.8197,1.8197,1.8197,1.8197,1.8197,1.8197,1.8197,1.8197,1.8197,1.8197,1.8197,1.8197,1.8197,1.8197,1.4119,1.2925,1.3645,1.4197,1.4325,1.4204,1.3614,1.3394
1.8123,1.8123,1.8123,1.8123,1.8123,1.8123,1.8123,1.8123,1.8123,1.8123,1.7704,1.8123,1.8166,1.8127,1.7441,1.6945,1.6773,1.6113,1.648,1.8166,1.8166,1.8166,1.8166,1.8166,1.8166,1.8123,1.796,1.7026,1.6668,1.6632,1.6675,1.6149,1.4365,1.3891,1.4452,1.1504,3.6104,3.1619,3.1718,3.1175,3.0586,3.0182,2.9481,2.8341,2.9657,1.0239,10.0,10.0,7.0173,0.8866,1.7603,1.464,1.0815,0.4944,1.7367,1.7169,1.7123,1.7166,1.7379,1.7645
10.0,10.0,1.1273,1.4484,1.4569,1.4571,1.4573,1.4565,1.4556,1.4548,1.4538,1.4529,1.2338,1.391,1.6104,1.741,1.8135,1.8092,1.8135,1.8135,1.8135,1.7081,1.391,1.391,1.391,1.391,1.4818,10.0,0.5743,10.0,10.0,10.0,0.8315,10.0,10.0,10.0,10.0,10.0,10.0,1.0208,10.0,10.0,10.0,10.0,10.0,10.0,10.0,10.0,10.0,0.766,10.0,10.0,1.7615,1.7615,1.7615,1.4662,1.6534,1.7615,1.7615,1.7615
1.3844,10.0,10.0,10.0,10.0,10.0,10.0,10.0,10.0,10.0,10.0,1.0566,10.0,10.0,10.0,10.0,1.2358,10.0,1.4511,1.2734,10.0,10.0,10.0,10.0,10.0,10.0,1.449,1.3844,10.0,10.0,10.0,1.4509,1.3844,1.4457,1.5979,1.5952,1.5878,1.5833,1.5788,1.5745,1.5593,1.5425,1.5258,1.5091,1.4924,1.4757,1.459,1.4423,1.4255,1.4088,1.3844,1.2273,1.3325,1.3465,1.4216,1.479,1.4924,1.4798,1.4183,1.3325
10.0,1.3862,1.3881,1.4305,1.4639,1.4646,1.4652,1.4621,1.4589,1.4554,1.4518,1.4482,1.4446,1.3873,1.4509,10.0,10.0,10.0,10.0,10.0,10.0,10.0,10.0,1.0623,10.0,1.4679,1.6012,1.7024,1.7412,1.67,1.7405,1.8073,1.8073,1.8031,1.8031,1.8031,1.8031,1.8031,1.8031,1.8031,1.8031,1.8031,1.8031,1.8031,1.8031,1.8031,1.8031,1.4248,1.7513,1.7555,1.7454,1.4498,1.3861,1.3345,1.2544,1.3978,1.3941,1.3976,1.4149,1.3345
1.8042,1.8042,1.8042,1.8042,1.8042,1.8042,1.8042,1.8042,1.8042,1.8042,1.8042,1.8042,1.8042,1.8,1.8,1.3797,1.3013,1.3797,1.3797,1.4174,1.6219,1.7172,1.8,1.8,1.8,1.8,1.8,1.8,1.8042,1.7178,1.4098,1.6991,1.671,1.6003,1.3839,1.3839,1.3839,1.3839,1.3839,1.3839,1.3839,1.3839,1.3839,1.392,1.4052,1.4185,1.4317,1.445,1.4582,1.4714,1.534,1.4624,1.5919,1.6449,1.6692,1.6878,1.6921,1.688,1.6681,1.6372
1.6472,1.5852,1.4837,1.4434,1.4116,1.411,1.4104,1.4134,1.4164,1.4197,1.4231,1.4266,1.43,1.3773,1.7969,1.7969,1.7969,1.7969,1.7969,1.7969,1.7712,1.7455,1.743,1.7407,1.7402,1.6432,1.4833,1.458,10.0,10.0,10.0,1.4393,1.3773,10.0,10.0,10.0,0.969,10.0,10.0,10.0,2.9676,2.9642,3.0557,3.1292,2.8207,2.76,3.6043,2.9163,3.0558,6.5309,1.3722,1.7454,1.7454,1.7454,1.7454,1.7454,1.7454,1.7454,1.7454,1.7454
10.0,0.8119,10.0,10.0,10.0,10.0,10.0,10.0,10.0,10.0,10.0,10.0,10.0,10.0,1.3792,1.5936,1.5775,1.5478,1.5036,1.4586,0.8375,10.0,10.0,0.8848,10.0,10.0,10.0,10.0,10.0,10.0,10.0,10.0,10.0,1.4487,1.3792,1.3792,1.3792,1.3792,1.3792,1.3884,1.4022,1.416,1.4297,1.4435,1.4572,1.4709,1.4846,1.4984,1.0807,10.0,1.7466,1.6499,1.5708,1.4664,0.1395,1.3896,1.3745,1.3887,1.458,1.5291
1.5889,1.4575,1.3727,1.3727,1.3727,1.3727,1.3727,1.3727,1.3727,1.3727,1.3727,1.3727,1.2752,1.432,10.0,0.3215,10.0,10.0,10.0,10.0,1.4326,1.4429,1.4409,1.4389,1.4386,1.4386,1.3727,1.5036,1.6509,1.6707,1.675,1.6883,1.7148,1.7817,1.7909,1.7909,1.7909,1.7909,1.7909,1.7909,1.7909,1.7909,1.7909,1.7909,1.7909,1.7909,1.7909,1.7909,1.7909,1.7909,1.7909,1.7909,1.6456,1.3212,1.3212,1.3212,1.3212,1.3212,1.3212,1.4029
1.7825,1.792,1.792,1.792,1.792,1.792,1.792,1.792,1.792,1.792,1.7878,1.792,1.7463,1.6178,1.5462,1.4031,1.3745,1.3745,1.3745,1.2985,1.609,1.6351,1.6376,1.4459,1.6405,1.792,1.7878,1.7878,1.7878,1.7878,1.7878,1.7575,1.6676,1.6144,1.5727,1.5653,1.558,1.5412,1.5241,1.5078,1.4918,1.4757,1.4597,1.4437,1.4278,1.4118,1.3958,1.3798,1.2591,1.7365,1.7407,1.4396,1.6185,1.5682,1.5452,1.5275,1.5234,1.5273,1.5462,1.5755
1.3722,1.4583,1.5802,1.5922,1.6016,1.6018,1.602,1.6011,1.6002,1.5992,1.5982,1.5972,1.5961,1.6416,1.7703,1.789,1.7848,1.7848,1.5337,1.7848,1.7848,1.789,1.7325,1.7042,1.7355,1.7354,1.6873,1.6025,1.4601,10.0,10.0,10.0,10.0,10.0,0.7189,10.0,10.0,10.0,10.0,10.0,10.0,10.0,10.0,10.0,10.0,10.0,10.0,10.0,10.0,10.0,10.0,10.0,1.7336,1.7336,1.7377,1.7377,1.4328,1.5879,1.7377,1.7336
1.3657,10.0,10.0,10.0,10.0,10.0,10.0,1.0125,10.0,10.0,10.0,10.0,10.0,1.438,1.3657,1.5547,1.5717,1.588,1.6008,1.4355,1.3691,1.3657,1.3657,1.3657,1.3657,1.3657,1.3657,10.0,10.0,10.0,10.0,10.0,10.0,1.3657,1.4437,1.4369,1.4302,1.1545,1.4221,10.0,10.0,10.0,3.1756,3.2115,3.1335,3.2382,3.0409,2.9817,2.8517,2.99,2.7577,1.3146,1.52,1.5706,1.5938,1.6116,1.6157,1.6118,1.5928,1.5632
10.0,10.0,10.0,10.0,10.0,10.0,10.0,10.0,10.0,10.0,10.0,10.0,10.0,1.4423,1.3676,10.0,10.0,10.0,10.0,10.0,10.0,10.0,10.0,10.0,10.0,10.0,0.9338,1.3381,1.392,1.4046,1.3443,1.3676,1.7212,1.783,1.783,1.783,1.783,1.783,1.783,1.783,1.783,1.783,1.783,1.783,1.783,1.783,1.783,1.4105,1.7277,1.7319,1.7195,1.5327,1.3616,1.3165,1.3931,1.3772,1.3735,1.377,1.394,1.3165
1.7758,1.7758,1.7758,1.7758,1.7758,1.7758,1.7758,1.7758,1.7758,1.7758,1.7758,1.7758,1.7758,1.734,1.5914,1.4323,10.0,10.0,10.0,10.0,1.3611,1.5703,1.6464,1.6442,1.6437,1.6438,1.6862,1.7611,1.7758,1.78,1.78,1.78,1.78,1.78,1.78,1.6409,1.4177,1.6611,1.6658,1.6703,1.6747,1.6791,1.6835,1.6879,1.6923,1.6967,1.7011,1.7055,1.7099,1.7143,1.735,1.3668,1.3102,1.4832,1.5026,1.5319,1.5358,1.5322,1.5141,1.457
1.7728,1.7728,1.7315,1.7187,1.7087,1.7085,1.7083,1.7092,1.7102,1.7112,1.4801,1.7134,1.7145,1.777,1.777,1.777,1.777,1.777,1.777,1.777,1.7728,1.7728,1.7728,1.7728,1.7728,1.764,1.6506,1.5649,1.4987,1.487,1.5011,1.5404,1.3589,1.4177,10.0,10.0,10.0,10.0,3.0857,2.8944,3.5144,2.8239,0.9663,3.0092,2.8755,3.0275,2.786,6.6758,6.5938,0.8922,1.7219,1.7219,1.363,1.7261,1.7261,1.7261,1.7261,1.7261,1.7261,1.7261
10.0,10.0,10.0,10.0,10.0,1.1179,10.0,10.0,10.0,10.0,10.0,10.0,10.0,1.4177,1.4939,1.6528,1.774,1.7592,1.7454,1.7314,1.6239,1.3718,0.9179,10.0,10.0,10.0,10.0,10.0,10.0,10.0,10.0,10.0,10.0,10.0,10.0,10.0,10.0,10.0,10.0,10.0,10.0,10.0,10.0,10.0,1.4161,1.1701,1.4234,1.4271,1.4308,1.4345,10.0,10.0,1.7064,1.6533,1.629,1.5981,1.6061,1.6102,1.6301,1.661
1.3694,1.4256,10.0,10.0,10.0,10.0,10.0,10.0,1.0461,10.0,10.0,10.0,10.0,10.0,10.0,10.0,10.0,10.0,1.0426,10.0,1.4158,10.0,10.0,10.0,10.0,10.0,1.4269,1.4003,1.3687,1.358,1.3708,1.4104,1.4893,1.5838,1.6533,1.7059,1.698,1.6932,1.6883,1.6837,1.6792,1.6747,1.6701,1.6656,1.6611,1.6566,1.6521,1.6475,1.643,1.6385,1.6171,1.5894,1.37,1.3036,1.3147,1.3679,1.3802,1.3686,1.3117,1.3036
1.3814,1.5748,1.6207,1.633,1.6427,1.6429,1.6431,1.6422,1.6412,1.6402,1.6392,1.6381,1.6344,1.4627,1.3562,1.416,10.0,10.0,10.0,10.0,0.7873,1.3058,1.4389,1.4409,1.2031,1.4413,1.7437,1.7681,1.7681,1.7681,1.7681,1.764,1.764,1.764,1.764,1.764,1.764,1.763,1.7576,1.7526,1.7476,1.7427,1.738,1.7333,1.7286,1.7239,1.7192,1.7145,1.7133,1.7133,1.7174,1.4718,1.4985,1.3557,1.3055,1.3055,1.2492,1.3055,1.3055,1.3793
1.6831,1.7585,1.7651,1.7651,1.7651,1.7651,1.7651,1.7651,1.7651,1.7651,1.7651,1.7651,1.7651,1.7651,1.7651,1.5599,1.577,1.4178,1.6062,1.6193,1.7205,1.761,1.761,1.7651,1.7651,1.7651,1.7651,1.7651,1.5524,0.9594,1.5517,1.5389,1.4323,1.3539,10.0,10.0,10.0,1.1438,1.4124,1.4162,1.4199,1.4237,1.4274,1.4311,1.4348,1.3539,1.3539,1.3539,1.3539,1.3539,0.9279,1.4007,1.6835,1.7105,1.7105,1.7105,1.7105,1.7105,1.7105,1.7105
1.5416,1.3773,1.3476,1.2217,1.4249,1.4247,1.4245,1.4253,1.4261,1.427,1.4279,1.4288,1.332,1.6516,1.729,1.7581,1.7581,1.7581,1.7471,1.641,1.6175,1.5941,1.5918,1.5896,1.5892,1.5844,1.391,1.4059,10.0,10.0,10.0,10.0,1.4096,10.0,10.0,10.0,10.0,10.0,10.0,10.0,10.0,3.0457,2.8227,0.9588,2.7119,2.8708,2.8528,2.8301,2.9246,3.0132,0.7454,1.5877,1.6784,1.7076,1.7076,1.7076,1.7076,1.7076,1.7076,1.7076
10.0,10.0,10.0,10.0,0.9872,10.0,10.0,10.0,10.0,10.0,10.0,10.0,10.0,10.0,1.3903,1.3854,1.3494,1.3494,1.3494,1.3494,10.0,10.0,10.0,10.0,10.0,10.0,10.0,10.0,10.0,10.0,10.0,0.9012,1.3494,1.5169,1.572,1.5795,1.5869,1.5914,1.5959,1.6002,1.6044,1.6086,1.6128,1.617,1.6212,1.6255,1.6297,1.6339,1.7048,1.7048,1.7089,1.5686,1.4933,1.356,0.1519,1.299,1.299,1.299,1.299,1.3797
1.6678,1.6051,1.5621,1.5506,1.5415,1.5414,1.5412,1.542,1.5429,1.5438,1.5448,1.5458,1.5468,1.4329,10.0,10.0,0.8844,10.0,10.0,10.0,1.4199,1.3861,1.3791,1.3727,1.3715,1.3717,1.4951,1.5843,1.6972,1.7523,1.7523,1.7523,1.7523,1.7523,1.7523,1.7564,1.7564,1.7564,1.7564,1.7564,1.7564,1.7564,1.7564,1.7564,1.7564,1.7564,1.7564,1.7564,1.7564,1.7564,1.7564,1.7523,1.3644,1.2928,1.3223,1.3758,1.3882,1.3765,1.3193,1.2928
1.7535,1.7535,1.7494,1.7494,1.7494,1.7494,1.7494,1.7494,1.7494,1.7494,1.7494,1.7494,1.7494,1.6944,1.6309,1.5846,1.5685,1.345,1.5411,1.7134,1.7421,1.7535,1.7535,1.6766,1.7535,1.7494,1.7494,1.7494,1.7136,1.71,1.7144,1.6326,1.5491,1.4409,1.3409,1.3409,1.3409,1.3409,1.237,1.3409,1.3409,1.3409,1.4236,1.4197,1.4159,1.412,1.4082,1.4043,1.3645,1.6898,1.6992,1.405,1.6952,0.4745,1.6179,1.5995,1.5952,1.5992,1.619,1.6497
10.0,1.4166,1.3427,1.3427,1.3542,1.3548,1.3554,1.3525,1.3495,1.3463,1.343,1.3427,1.3427,1.4854,1.6333,1.7506,1.7465,1.7465,1.7506,1.7506,1.7506,1.7506,1.5594,1.3427,1.562,1.562,0.6631,1.3427,0.5347,10.0,10.0,10.0,10.0,10.0,10.0,10.0,0.9899,10.0,10.0,10.0,10.0,10.0,10.0,10.0,10.0,10.0,10.0,10.0,10.0,10.0,10.0,10.0,1.7004,1.7004,1.7004,0.6617,1.5173,1.6893,1.7004,1.7004
1.3365,1.3901,10.0,10.0,10.0,10.0,10.0,10.0,10.0,10.0,10.0,10.0,0.448,10.0,10.0,1.3365,1.3365,1.3365,1.3522,1.3365,1.3365,1.4097,1.4076,1.4057,1.4054,1.4054,1.3365,1.3365,10.0,10.0,10.0,1.3985,1.3365,1.3893,1.4665,1.4405,1.4151,1.3996,1.3841,1.3693,1.3547,1.3401,1.3365,1.3365,1.2966,1.3365,1.3365,1.3365,1.3365,1.3365,1.4199,1.0164,1.311,1.4754,1.4972,1.5139,1.5178,1.5141,1.4963,1.466
0.8885,1.3979,1.3383,1.3383,1.3383,1.3383,1.3043,1.3383,1.3383,1.3383,1.3383,1.3383,1.3383,1.4098,1.3383,10.0,10.0,10.0,10.0,10.0,10.0,10.0,10.0,10.0,10.0,10.0,1.3383,1.5707,1.6065,1.6101,1.6058,1.5925,1.7448,1.7448,1.7448,1.7448,1.7448,1.7448,1.7448,1.7407,1.7407,1.7407,1.7407,1.7407,1.7407,1.7407,1.7407,1.344,1.6908,1.6948,1.6948,1.5155,1.3779,1.2883,1.2883,1.3617,1.358,1.3615,1.2883,1.2883
1.7419,1.7379,1.7379,1.7379,1.7379,1.7379,1.7379,1.7379,1.7379,1.7379,1.7379,1.7379,1.7379,1.7379,1.7337,1.3903,1.4055,1.3321,1.3321,1.3321,1.5334,1.6236,1.7325,1.7379,1.7379,1.7379,1.7379,1.7379,1.7419,1.7419,1.5841,1.7419,1.7263,1.6532,1.4576,1.019,1.5123,1.5212,1.5255,1.5296,1.5336,1.5377,1.5417,1.5457,1.5497,1.5538,1.5578,1.5618,1.5658,1.5698,1.5889,1.2822,1.4972,1.5471,1.5699,1.5874,1.5915,1.5877,1.5689,1.5398
1.6813,1.6181,1.5747,1.5631,1.554,1.5538,1.5536,1.5545,1.5554,1.5563,1.5573,0.772,1.5593,1.735,1.735,1.7391,1.7391,1.7391,1.735,1.735,1.735,1.735,1.735,1.735,1.735,1.6538,1.5479,1.3688,1.3299,1.2851,1.3299,1.3299,1.3299,10.0,10.0,10.0,10.0,10.0,10.0,1.0733,2.9291,2.8659,2.7183,2.678,4.3181,3.0483,2.9094,2.9168,6.5135,6.4325,1.5419,1.6852,1.6852,1.6852,1.6893,1.6893,1.6893,1.6893,1.6852,1.6852
10.0,10.0,10.0,10.0,10.0,10.0,10.0,10.0,10.0,10.0,10.0,0.9913,10.0,10.0,1.4111,1.5982,1.6119,1.596,1.5836,1.571,1.3412,10.0,10.0,10.0,10.0,10.0,10.0,0.8424,10.0,10.0,10.0,10.0,10.0,0.7508,1.413,1.3317,1.3317,1.3317,1.2716,1.3317,1.3317,1.3317,1.3317,1.3317,1.3317,1.34,1.3525,1.3651,1.3776,10.0,10.0,1.664,1.5842,1.535,0.1392,1.4952,1.4912,1.4949,1.5134,1.5421
1.5152,1.3514,1.2268,1.3255,1.4004,1.4003,1.4001,1.4009,1.4017,1.4026,1.4034,1.4043,1.4052,10.0,10.0,0.2981,10.0,10.0,10.0,10.0,1.2452,1.3973,1.3953,1.1733,1.393,1.3931,1.2779,1.4638,1.5629,1.5596,1.5636,1.576,1.6007,1.6627,1.7294,1.7294,1.7294,1.7294,1.7294,1.7294,1.7294,1.7294,1.7294,1.7294,1.7294,1.7294,1.7294,1.7294,1.7294,1.7294,1.7294,1.7207,1.0655,1.2759,1.2805,1.3323,1.3443,1.333,1.2776,1.2759
1.6233,1.6954,1.7306,1.7306,1.7306,1.7306,1.7306,1.7306,1.7306,1.7306,1.7306,1.7306,1.6682,1.5454,1.4421,1.3274,1.3274,1.3274,1.0063,1.333,1.4412,1.5177,1.5201,1.5223,1.5227,1.5226,1.7306,1.7306,1.7265,1.7265,1.7265,1.7265,1.7075,1.6529,1.6103,1.6027,1.5952,1.5907,1.5862,1.5819,1.5776,1.5733,1.5691,1.5648,1.5606,1.5563,1.5521,1.5479,1.2738,1.677,1.681,1.4375,1.5363,1.4886,1.4667,1.4232,1.4078,1.4222,1.4676,1.4955
1.5092,1.5762,1.6222,1.6344,1.6441,1.6443,1.6445,1.6436,1.6427,1.6417,1.6406,1.6396,1.6385,1.6852,1.7277,1.7277,1.6943,1.2233,1.7237,1.7237,1.7237,1.7237,1.7277,1.7277,1.7277,1.7277,1.7277,1.1889,1.3252,1.3252,1.3252,1.3252,1.3995,10.0,0.6649,10.0,10.0,10.0,10.0,10.0,10.0,10.0,10.0,1.1145,10.0,1.3811,1.3847,1.3883,1.3919,1.3954,1.2282,10.0,1.6742,1.6742,1.6742,1.6742,1.6742,1.6742,1.6742,1.6742
1.4115,1.3191,1.3773,10.0,10.0,10.0,10.0,10.0,10.0,10.0,1.091,10.0,10.0,1.3765,0.7224,1.5973,1.6148,1.6316,1.6279,1.5294,1.5075,1.452,1.4448,1.438,1.4368,1.437,1.3718,1.3797,10.0,10.0,10.0,10.0,1.3834,1.3191,1.3841,1.3775,10.0,10.0,10.0,10.0,1.0546,10.0,2.9682,3.0264,2.9502,2.8981,2.8553,2.7438,2.9205,3.0089,0.8995,1.4573,1.5406,1.5919,1.6154,1.6334,1.6376,1.6336,1.6144,1.5844
10.0,10.0,10.0,10.0,10.0,10.0,10.0,10.0,10.0,10.0,1.0992,10.0,10.0,1.3889,1.3676,1.3209,1.3209,1.388,1.1223,10.0,10.0,0.8424,10.0,10.0,10.0,0.4418,10.0,0.5707,1.3209,1.3209,1.3209,1.3209,1.1084,1.6364,1.6816,1.6897,1.6976,1.7024,1.7074,1.7122,1.717,1.7218,1.7221,1.7221,1.7221,1.7221,1.7221,1.37,1.6688,1.6688,1.6728,1.5152,1.3817,1.2716,0.1753,1.1449,1.2716,1.2716,1.2716,1.2901
1.7153,1.7082,1.6619,1.6497,1.64,1.6398,1.6396,1.6406,1.6415,1.6425,1.6435,1.6445,1.6456,1.5991,1.3514,10.0,10.0,10.0,10.0,10.0,1.3148,1.5146,1.5455,1.5434,1.543,1.5431,1.5829,1.653,1.7153,1.7153,1.7153,1.7153,1.7153,1.7193,1.7193,1.6969,1.5587,1.7102,1.7153,1.7193,1.7193,1.7193,1.7193,1.7193,1.7193,1.7193,1.7193,1.7193,1.7193,1.7193,1.7193,1.7193,1.2655,1.3871,1.4507,1.4669,1.4706,1.4671,1.4498,1.3626
1.7126,1.7126,1.7126,1.7126,1.7126,1.7126,1.7126,1.7126,1.7126,1.7126,1.3126,1.7126,1.7126,1.7165,1.7165,1.6823,1.6652,1.5948,1.6361,1.7165,1.7165,1.7165,1.7165,1.7165,1.7145,1.7126,1.6835,1.596,1.5625,1.5591,1.5631,1.5462,1.4134,1.3126,1.3836,1.3771,1.3707,1.3668,3.1079,3.0382,5.6476,2.9338,2.8698,2.8369,2.7119,1.0266,2.9468,9.9959,9.9332,0.8846,1.6634,1.6674,1.1233,0.5342,1.6674,1.6674,1.6674,1.6674,1.6674,1.6674
10.0,10.0,1.205,1.3821,1.3903,1.3905,1.3906,1.3899,1.3891,1.3882,1.3874,1.3865,1.3856,1.3145,1.5368,1.6614,1.7138,1.7098,1.7138,1.7138,1.6761,1.252,1.3145,1.3145,1.27,1.3145,1.3957,10.0,10.0,0.9453,10.0,10.0,0.7589,10.0,10.0,10.0,10.0,10.0,10.0,10.0,10.0,10.0,1.1047,1.3669,1.3705,1.374,1.3776,1.3812,1.3847,0.8151,10.0,10.0,1.6647,1.6647,1.6586,1.3145,1.6346,1.6388,1.6598,1.6647
1.3464,1.3855,10.0,10.0,10.0,10.0,10.0,10.0,10.0,10.0,10.0,1.0359,10.0,10.0,10.0,10.0,10.0,1.3721,1.3832,1.3084,1.3084,1.3749,1.3729,1.3711,1.3707,1.3708,1.3084,1.3655,1.3084,1.3084,1.3084,1.3084,1.378,1.5102,1.5764,1.5832,1.5758,1.5713,1.5669,1.5626,1.5584,1.5542,1.55,1.5458,1.5416,1.5374,1.5332,1.529,1.5248,1.5206,1.5008,1.4296,1.2594,1.3322,1.4065,1.4455,1.4492,1.4457,1.4033,1.3087
1.3103,1.4046,1.512,1.5234,1.5325,1.5327,1.5328,1.532,1.5311,1.5302,1.5292,1.5282,1.5273,1.4443,1.2898,1.3783,1.3644,1.0828,10.0,10.0,1.0895,1.3629,1.3651,1.367,1.3674,1.3103,1.0316,1.6901,1.7082,1.6618,1.7082,1.7082,1.7043,1.7043,1.7043,1.7043,1.7043,1.7043,1.7043,1.7043,1.7043,1.7043,1.7043,1.7043,1.7043,1.7043,1.7043,1.7043,1.6553,1.6553,1.6593,1.4275,1.4468,1.3068,1.2613,1.2613,1.2613,1.2613,1.2613,1.3295
1.7055,1.7055,1.7055,1.7055,1.7055,1.7055,1.7055,1.7055,1.7055,1.7055,1.7055,1.7055,1.7055,1.7055,1.7015,1.3811,0.6322,1.4894,1.5014,1.5136,1.6082,1.7015,1.7015,1.7015,1.7015,1.7015,1.7015,1.7055,1.5922,1.5779,1.4117,1.5784,1.5522,1.486,1.3082,1.3082,1.3082,1.3082,1.3082,1.3082,1.3082,1.3159,1.3287,1.3415,1.3542,1.367,1.3797,1.3925,1.4052,1.418,1.4783,1.4838,1.5686,1.6208,1.6453,1.6527,1.6527,1.6527,1.6442,1.6132
1.5603,1.5017,1.4128,1.3744,1.3441,1.3435,1.343,1.3458,1.3487,1.3518,1.3551,1.3583,1.3616,1.2299,1.6988,1.6988,1.6988,1.6988,1.6988,1.678,1.654,1.63,1.6277,1.6255,1.6251,1.5802,1.4761,1.3021,1.2234,1.3697,1.3733,1.3021,1.3021,1.3656,10.0,10.0,10.0,10.0,10.0,10.0,3.0277,2.7395,2.8536,2.7651,2.6524,2.6377,0.8991,2.9305,2.6577,10.0,1.2533,1.6209,1.65,1.65,1.65,1.65,1.65,1.65,1.65,1.65
10.0,10.0,10.0,10.0,10.0,10.0,10.0,10.0,10.0,10.0,10.0,10.0,10.0,10.0,1.4008,1.5077,1.4924,1.4667,1.4249,1.3823,1.0705,10.0,10.0,10.0,10.0,10.0,10.0,10.0,10.0,10.0,10.0,0.9619,1.3848,1.304,1.4557,1.4823,1.4892,1.4934,1.4977,1.5017,1.5057,1.5096,1.5136,1.5175,1.5215,1.5254,1.5294,1.5333,1.1738,1.6474,1.6513,1.5706,1.4952,1.4015,0.147,1.3483,1.3337,1.3474,1.4147,1.4556
1.5729,1.5138,1.4666,1.4268,1.3953,1.3947,1.3941,1.3971,1.4001,1.4034,1.4067,1.4101,1.4135,1.2979,10.0,0.3563,10.0,10.0,10.0,10.0,1.2979,1.3035,1.297,1.2979,1.2979,1.2979,1.406,1.5181,1.6263,1.6589,1.6631,1.6764,1.6934,1.6934,1.6934,1.6973,1.6973,1.6934,1.6934,1.6934,1.6934,1.6934,1.6934,1.6934,1.6934,1.6934,1.6934,1.6934,1.6934,1.6934,1.6934,1.6934,1.3277,1.2493,1.3084,1.3613,1.3736,1.362,1.3054,1.2493
1.6946,1.6946,1.6946,1.6946,1.6946,1.6946,1.6946,1.6946,1.6946,1.6946,1.6907,1.6946,1.6946,1.6009,1.5409,1.4971,1.4819,1.4417,1.3326,1.3587,1.5977,1.6236,1.6261,1.2998,1.6289,1.6946,1.6907,1.6907,1.6907,1.6907,1.6907,1.658,1.5733,1.523,1.4838,1.4767,1.4603,1.4443,1.4283,1.413,1.398,1.3829,1.368,1.353,1.338,1.323,1.308,1.2959,1.2781,1.6421,1.6421,1.3779,1.5937,1.5442,1.5215,1.5041,1.5001,1.5039,1.5225,1.5514
1.3815,1.3429,1.4849,1.4961,1.505,1.5052,1.5054,1.5045,1.5037,1.5028,1.5018,1.5009,1.4999,1.5426,1.6635,1.6919,1.688,1.688,1.688,1.688,1.6919,1.6919,1.6027,1.5262,1.6055,1.6054,1.5609,1.4824,1.3507,1.3562,1.3526,1.0399,10.0,10.0,10.0,10.0,10.0,10.0,10.0,10.0,10.0,10.0,10.0,10.0,10.0,10.0,1.1149,1.3563,1.3598,1.3633,1.2977,10.0,1.6395,1.6434,1.6434,0.7321,1.2977,1.5752,1.6434,1.6434
1.3473,1.2917,10.0,10.0,1.0257,10.0,10.0,10.0,10.0,10.0,10.0,10.0,0.407,1.0309,1.2917,1.4273,1.4748,1.4902,1.5022,1.4174,1.3518,1.2917,1.2917,1.2917,1.2917,1.2917,1.3873,1.2917,1.3476,1.3447,1.3482,1.3589,1.204,1.3641,1.3246,1.3011,1.2917,1.2917,1.2917,1.2917,1.2917,1.2917,1.2917,1.2917,1.2917,1.2917,1.2917,1.1317,1.3681,1.3644,1.3466,1.2433,1.4377,1.4855,1.5075,1.5243,1.5282,1.5245,1.5065,1.4786
0.8902,10.0,1.3707,1.2572,1.2936,1.2936,1.2936,1.2936,1.2936,1.2936,1.2936,1.2936,1.2936,1.3155,1.2964,1.2936,1.358,10.0,10.0,1.032,10.0,10.0,10.0,10.0,10.0,0.9021,1.3785,1.4504,1.4991,1.5024,1.4819,1.4861,1.6865,1.6865,1.6865,1.6865,1.6865,1.6865,1.6865,1.6865,1.6865,1.6865,1.6865,1.6865,1.6865,1.6865,1.6865,1.3476,1.6343,1.6343,1.6382,1.4858,1.2936,1.2473,1.2453,1.2453,1.2453,1.1255,1.2453,1.269
1.6799,1.6799,1.6799,1.6799,1.6799,1.6799,1.6799,1.6799,1.6799,1.6799,1.6799,1.6799,1.6799,1.6799,1.5795,1.2876,1.3414,1.3553,1.3663,1.2876,1.4624,1.5495,1.6342,1.632,1.6316,1.6316,1.6743,1.6799,1.6799,1.6838,1.6349,1.6838,1.6838,1.6838,1.5351,1.4933,1.5496,1.554,1.5584,1.5626,1.5667,1.5708,1.575,1.5791,1.5832,1.5873,1.5914,1.5955,1.5996,1.6037,1.6232,1.2394,1.4206,1.4679,1.4896,1.5062,1.51,1.5064,1.4886,1.461
1.6772,1.6572,1.6128,1.601,1.5916,1.5914,1.5912,1.5921,1.593,1.594,1.595,1.5714,1.597,1.6812,1.6812,1.6812,1.6812,1.6812,1.6812,1.6772,1.6772,1.6772,1.6772,1.6772,1.6772,1.6735,1.5657,1.4843,1.4311,1.42,1.4334,1.4653,1.3196,1.2856,10.0,10.0,10.0,10.0,2.9893,3.4054,2.891,2.8323,2.7974,2.6999,2.8,3.2859,2.8603,2.852,10.0,0.8979,1.5776,1.6291,1.3528,1.633,1.633,1.633,1.633,1.633,1.633,1.633
10.0,10.0,10.0,10.0,10.0,10.0,10.0,10.0,1.0559,10.0,10.0,10.0,10.0,1.2874,1.4726,1.5921,1.6523,1.636,1.6233,1.6104,1.5103,1.2874,1.3428,1.3448,1.3451,1.0851,10.0,10.0,10.0,10.0,10.0,10.0,10.0,10.0,1.3533,1.2465,1.3661,1.2874,1.2874,1.2874,1.2874,1.2874,1.2874,1.2874,1.2874,1.2874,1.2874,1.2874,1.2917,10.0,10.0,1.6304,1.6029,1.5531,1.3653,1.5128,1.5088,1.5126,1.5313,1.5603
1.4576,1.286,1.2815,1.3551,1.3472,1.1612,1.3469,1.3476,1.3484,1.3492,1.3501,1.3509,1.3518,10.0,10.0,0.3803,10.0,10.0,10.0,1.3333,1.2815,1.2815,1.2815,1.2815,1.2815,1.2815,1.2815,1.4548,1.4741,1.4709,1.4747,1.4864,1.5097,1.5682,1.637,1.6719,1.6719,1.6719,1.6719,1.6719,1.668,1.6632,1.6584,1.6537,1.6492,1.6448,1.6403,1.6358,1.6313,1.6268,1.6056,1.5781,1.2335,1.2592,1.3294,1.3831,1.3956,1.3838,1.3263,1.2369
1.4972,1.5637,1.6093,1.6214,1.6311,1.6312,1.6314,1.6305,1.6296,1.6286,1.6276,1.6265,1.6073,1.4891,1.3793,1.2834,1.2834,1.2834,1.1756,1.2834,1.2834,1.3185,1.3275,1.3359,0.7874,1.3371,1.6732,1.6732,1.6732,1.6732,1.6732,1.6693,1.6693,1.6693,1.6535,1.6456,1.638,1.6333,1.6287,1.6243,1.6199,1.6155,1.6111,1.6068,1.6024,1.5981,1.5937,1.5893,1.5189,1.6214,1.6253,1.3693,1.4701,1.4245,1.3834,1.3217,1.3074,1.3209,1.3869,1.4311
1.5529,1.6219,1.6702,1.6706,1.6706,1.6706,1.6706,1.6706,1.6706,1.6706,1.6706,1.6706,1.6706,1.6706,1.6706,1.5488,1.5657,1.3883,1.5948,1.6078,1.6667,1.6667,1.6706,1.6706,1.6706,1.6706,1.6706,1.6706,1.461,1.3763,1.4603,1.4233,1.3241,0.9593,1.3358,1.3422,1.3485,1.3523,1.3561,1.3597,1.1609,1.2814,1.2814,1.2814,1.2814,1.2814,1.2814,1.2814,1.2814,1.2814,0.9311,10.0,1.6188,1.6188,1.6188,1.6188,1.6188,1.6188,1.6188,1.6188
1.4755,1.3517,1.2755,1.2755,1.2755,1.2755,1.2755,1.2755,1.2755,1.2755,1.2755,1.2755,1.2755,1.3298,0.6979,1.6447,1.6637,1.6641,1.6516,1.5514,1.5292,1.507,1.5048,1.5028,1.5024,1.5025,1.4137,1.1888,1.3346,1.3318,1.3352,1.3458,1.2755,1.2128,1.338,1.3317,10.0,10.0,10.0,10.0,10.0,2.8867,2.9411,0.9863,2.8453,2.7908,2.7194,2.621,2.7635,2.6138,0.7978,1.4806,1.5652,1.6163,1.6163,1.6163,1.6163,1.6163,1.6163,1.6103
10.0,10.0,10.0,10.0,10.0,10.0,10.0,1.0344,10.0,10.0,10.0,10.0,10.0,1.3483,1.454,1.355,1.3073,1.2773,1.2773,1.2773,10.0,0.6226,10.0,10.0,10.0,0.4968,10.0,1.3285,1.2773,1.2731,1.2773,1.2773,1.4648,1.5185,1.5604,1.5679,1.5752,1.5797,1.5842,1.5884,1.5926,1.5968,1.601,1.6052,1.6094,1.6135,1.6177,1.6219,1.5797,1.6137,1.6176,1.5058,1.4335,1.3497,0.1637,1.2296,1.2296,1.2296,1.2787,1.3732
1.6556,1.5926,1.5499,1.5385,1.5295,1.5294,1.5292,1.53,1.5309,1.5318,1.5328,1.5338,1.5347,0.67,1.2715,10.0,10.0,10.0,10.0,10.0,1.2788,1.4673,1.4652,1.4632,1.4628,1.4629,1.5006,1.5671,1.6588,1.6588,1.6588,1.6588,1.6588,1.6588,1.6627,1.6627,1.615,1.6627,1.6627,1.6627,1.6627,1.6627,1.6627,1.6627,1.6627,1.6627,1.6627,1.6627,1.6627,1.6627,1.6627,1.6627,1.2238,1.2715,1.3996,1.4152,1.4188,1.4154,1.3987,1.3063
1.6601,1.6562,1.6562,1.6562,1.6562,1.6562,1.6562,1.6562,1.6562,1.6562,1.5734,1.6562,1.6562,1.6601,1.6179,1.5719,1.556,1.4381,1.5287,1.6601,1.6601,1.6601,1.6601,1.6251,1.6601,1.6562,1.6562,1.6333,1.5989,1.5955,1.5996,1.5571,1.4775,1.3988,1.2723,1.2695,1.2695,1.2695,1.2695,1.2695,1.2695,1.2695,1.2695,1.2695,1.2695,1.3467,1.3431,1.3394,1.3357,1.5048,1.6087,1.6125,1.6125,0.5068,1.5945,1.5763,1.5721,1.5761,1.5955,1.6125
10.0,1.3465,1.2713,1.2713,1.3,1.3006,1.3012,1.2983,1.2955,1.2924,1.2892,1.286,1.2828,1.426,1.5524,1.6575,1.6575,1.6536,1.6575,1.6575,1.6575,1.6169,1.4622,1.3411,1.4647,1.4647,0.7408,1.1514,0.5817,10.0,10.0,10.0,10.0,10.0,10.0,10.0,10.0,10.0,10.0,1.0639,1.3227,1.3262,1.3297,1.3331,1.3366,1.3401,1.3435,1.347,1.2713,1.2713,10.0,10.0,1.61,1.61,1.61,0.8087,1.5134,1.61,1.61,1.61
1.3506,1.1905,1.3202,10.0,10.0,10.0,10.0,10.0,10.0,10.0,10.0,10.0,10.0,10.0,10.0,1.2655,1.2207,1.2655,1.2924,1.3314,1.2698,1.2655,1.2655,1.2655,1.2655,1.1956,1.3031,1.2973,1.2655,1.2655,1.2655,1.2438,1.3091,1.4526,1.4921,1.4851,1.4782,1.474,1.4698,1.4658,1.4618,1.4579,1.454,1.45,1.4461,1.4422,1.4364,1.42,1.4035,1.3871,1.3093,1.0913,1.2809,1.4085,1.4293,1.4452,1.4489,1.4454,1.4284,1.4019
1.3259,1.2674,1.3808,1.423,1.4444,1.4446,1.4448,1.444,1.4432,1.4423,1.4414,1.4404,1.437,1.4452,1.2912,1.2674,1.3378,1.3247,10.0,10.0,10.0,10.0,10.0,10.0,10.0,1.3446,1.4667,1.5595,1.5951,1.5986,1.5943,1.5812,1.6523,1.6523,1.6485,1.6485,1.6485,1.6485,1.6485,1.6485,1.6485,1.6485,1.6485,1.6485,1.6485,1.6485,1.6485,1.6485,1.6012,1.6012,1.605,1.4776,1.4067,1.287,1.22,1.22,1.22,1.22,1.22,1.3094
1.6498,1.6498,1.6498,1.6459,1.6459,1.6459,1.6459,1.6459,1.6459,1.6459,1.6459,1.6459,1.6459,1.6459,1.0869,1.2616,1.2715,1.327,1.3705,1.4147,1.5185,1.6078,1.6459,1.6459,1.6459,1.6459,1.6459,1.6459,1.6371,1.6327,1.4506,1.6226,1.5957,1.5283,1.379,1.335,1.4307,1.4403,1.4443,1.4482,1.4521,1.4559,1.4597,1.4635,1.4673,1.4711,1.4749,1.4787,1.4825,1.4864,1.5044,1.3953,1.475,1.5241,1.5466,1.5639,1.5679,1.5641,1.5456,1.517
1.586,1.5263,1.4854,1.4745,1.4658,1.4657,1.4655,1.4663,1.4672,1.4681,1.469,1.3664,1.4708,1.4206,1.6434,1.6434,1.6434,1.6472,1.6434,1.6434,1.6434,1.6434,1.6434,1.6434,1.6434,1.5847,1.4832,1.3464,1.2596,1.2596,1.2596,1.2867,1.2963,1.2596,10.0,10.0,1.0198,10.0,10.0,2.9289,2.8102,2.8296,2.7675,2.7352,2.6375,2.5693,2.7381,2.7753,2.7859,10.0,1.4153,1.5962,1.5962,1.5962,1.5962,1.5962,1.5962,1.5962,1.5962,1.5962
10.0,0.8582,10.0,10.0,10.0,10.0,10.0,10.0,10.0,10.0,10.0,1.0906,10.0,1.3311,1.4354,1.5339,1.5184,1.5035,1.4918,1.4799,0.8721,10.0,10.0,10.0,10.0,10.0,0.8632,10.0,10.0,10.0,10.0,10.0,1.3124,0.71,1.3026,1.3273,1.3515,1.3662,1.3809,1.395,1.4088,1.4227,1.4344,1.4382,1.4419,1.4457,1.4494,1.4532,1.2105,10.0,1.5975,1.5789,1.5031,1.4565,0.1454,1.4187,1.4149,1.4185,1.436,1.4633
1.4974,1.4411,1.3391,1.3028,1.2741,1.2735,1.273,1.2757,1.2784,1.2814,1.2845,1.2876,1.2907,1.2557,10.0,0.3254,10.0,10.0,10.0,10.0,1.2751,1.2558,1.2557,1.2557,1.2557,1.2557,1.3546,1.4668,1.5509,1.5476,1.5515,1.5639,1.5884,1.6383,1.6383,1.6383,1.6383,1.6383,1.6383,1.6383,1.6383,1.6383,1.6383,1.6383,1.6383,1.6383,1.6383,1.6383,1.6383,1.6383,1.6383,1.6383,1.2087,1.2508,1.3206,1.374,1.3822,1.3747,1.3175,1.2287
1.6103,1.6395,1.6395,1.6395,1.6395,1.6395,1.6395,1.6395,1.6395,1.6395,1.6395,1.6395,1.6395,1.5266,1.4694,1.4237,1.3735,1.3252,1.0067,1.2576,1.4827,1.5067,1.509,1.3166,1.5116,1.5115,1.6395,1.6357,1.6357,1.6357,1.6357,1.6357,1.6038,1.5526,1.5126,1.5054,1.4984,1.4942,1.4899,1.4858,1.4818,1.4778,1.4738,1.4699,1.4659,1.4619,1.4579,1.4539,1.2295,1.5888,1.5926,1.3791,1.5116,1.4647,1.4432,1.4267,1.4229,1.4265,1.4441,1.4715
1.351,1.4745,1.5175,1.529,1.5381,1.5382,1.5384,1.5376,1.5367,1.5358,1.5348,1.5338,1.5328,1.5765,1.637,1.637,1.6332,1.5244,1.6332,1.6332,1.6332,1.637,1.637,1.5791,1.637,1.637,1.6072,1.3357,1.2556,1.2556,1.2556,1.2556,1.3318,10.0,0.7068,10.0,10.0,1.3093,1.313,1.3166,1.3201,1.3235,1.327,1.1347,1.2556,1.2556,1.2556,1.2556,1.2556,1.2556,1.2556,10.0,1.5863,1.5863,1.5863,1.5863,1.3391,1.5863,1.5863,1.5863
1.4181,1.25,1.2499,1.3203,1.3125,1.3124,1.3123,1.081,1.3137,1.3145,1.3154,1.3162,1.317,1.2499,1.4449,1.4921,1.5085,1.5242,1.5365,1.4612,1.4403,1.4153,1.4082,1.4016,1.4004,1.4006,1.4212,1.2499,1.3191,1.3162,1.3196,1.2499,1.2499,1.3563,1.2499,1.2499,1.2499,1.1774,1.2499,1.2499,1.2499,1.2499,1.2499,1.3272,1.3236,1.32,1.3164,1.3128,1.3092,1.3056,2.7761,1.372,1.4523,1.5006,1.5228,1.5398,1.5437,1.54,1.5218,1.4936
10.0,10.0,1.3173,1.3273,1.2518,1.2518,1.2518,1.2518,1.2518,1.2518,1.1251,1.2518,1.2518,1.2518,1.3704,1.2435,1.2518,1.2518,1.2518,1.3181,10.0,10.0,10.0,10.0,10.0,10.0,1.0273,1.2582,1.3847,1.3972,1.2518,1.3354,1.2518,1.6248,1.632,1.632,1.632,1.632,1.632,1.632,1.632,1.632,1.632,1.632,1.632,1.632,1.632,1.632,1.5741,1.5814,1.5852,1.4652,1.3173,1.2892,1.2183,1.205,1.205,1.205,1.2214,1.3117
1.6257,1.6257,1.6257,1.6257,1.6257,1.6257,1.6257,1.6257,1.6257,1.6257,1.6257,1.6257,1.6257,1.5876,1.457,0.9609,10.0,1.3046,1.0849,1.2461,1.3906,1.4915,1.5327,1.5307,1.5303,1.5304,1.5698,1.6257,1.6257,1.6295,1.6295,1.6295,1.6295,1.6295,1.6295,1.5436,1.4925,1.5921,1.5966,1.6009,1.6051,1.6093,1.6136,1.6181,1.6225,1.627,1.6295,1.6295,1.6295,1.6295,1.6295,1.1994,1.3243,1.4039,1.4247,1.4406,1.4443,1.4408,1.4238,1.3974
1.6232,1.6232,1.6232,1.6232,1.6232,1.6232,1.6232,1.6232,1.6232,1.6232,1.3511,1.6227,1.6232,1.627,1.627,1.627,1.627,1.5744,1.6251,1.627,1.627,1.627,1.627,1.627,1.6232,1.6232,1.5903,1.5076,1.4759,1.4728,1.4766,1.4883,1.408,1.262,1.2441,1.2441,1.3197,1.3159,1.3121,1.3086,1.305,1.3015,1.0376,1.2945,2.736,2.7574,2.6749,10.0,10.0,1.1975,1.5766,1.5766,1.2479,1.5804,1.5804,1.5804,1.5804,1.5804,1.5804,1.5804
10.0,10.0,1.3167,1.246,1.246,1.1455,1.246,1.246,1.246,1.246,1.246,1.246,1.246,1.2559,1.4751,1.5948,1.6245,1.6245,1.6245,1.6245,1.5516,1.246,0.9488,1.246,1.246,1.246,1.3241,10.0,10.0,10.0,10.0,10.0,0.8065,10.0,1.3069,1.3132,1.3193,1.246,1.246,1.246,1.246,1.246,1.1739,1.246,1.246,1.246,1.246,1.246,1.246,1.2528,10.0,10.0,1.5779,1.5761,1.5521,1.4434,1.5303,1.5342,1.5531,1.5779
1.4134,1.252,1.2403,1.314,1.3064,1.3062,1.3061,1.3068,1.0954,1.3083,1.3091,1.31,1.3108,10.0,10.0,1.0943,1.3021,1.3157,1.2403,1.2403,1.2543,1.2403,1.2403,1.2403,1.2403,1.2403,1.2873,1.431,1.3858,1.375,1.388,1.4151,1.4373,1.493,1.5585,1.5717,1.5644,1.5599,1.5555,1.5513,1.5471,1.5429,1.5387,1.5346,1.5304,1.5262,1.5221,1.5179,1.5138,1.5096,1.4899,1.4644,1.1939,1.3339,1.3757,1.391,1.3946,1.3912,1.3748,1.3103
1.3335,1.4581,1.5006,1.512,1.5209,1.5211,1.5213,1.5204,1.5196,1.5186,1.5177,1.5167,1.5158,1.4461,1.349,1.2422,1.2422,1.2422,1.3152,1.3047,1.0914,1.2422,1.2422,1.2422,1.2422,1.2422,1.5764,1.6195,1.6195,1.6195,1.6195,1.6195,1.6157,1.6157,1.6157,1.6157,1.6157,1.6157,1.6157,1.6157,1.6157,1.6157,1.6157,1.6157,1.6157,1.6157,1.6157,1.6157,1.4824,1.5694,1.5731,1.4887,1.4173,1.3733,1.3188,1.26,1.2464,1.2592,1.3221,1.3797
1.5998,1.617,1.617,1.617,1.617,1.617,1.617,1.617,1.617,1.617,1.617,1.617,1.617,1.617,1.6133,1.4469,0.6621,1.4779,1.4898,1.502,1.5958,1.6133,1.6133,1.6133,1.6133,1.6133,1.617,1.617,1.4919,1.0152,1.4912,1.4789,1.4544,1.3068,1.2403,1.2403,1.2403,1.2355,1.2489,1.2615,1.2741,1.2866,1.2991,1.3115,1.324,1.3365,1.349,1.3614,1.3739,1.3864,1.2505,1.442,1.5459,1.567,1.567,1.567,1.567,1.567,1.567,1.567
1.4879,1.4319,1.3669,1.3298,1.3005,1.2999,1.2993,1.3021,1.3049,1.308,1.3111,1.3142,1.3174,1.2347,1.6108,1.6108,1.6108,1.6108,1.6108,1.5797,1.5571,1.5345,1.5323,1.5302,1.5298,1.5274,1.4296,1.2497,1.2347,1.2347,1.2347,1.2347,1.2611,1.2347,1.3034,1.2973,1.2912,1.2876,10.0,10.0,2.8709,2.9092,2.8374,4.205,2.7651,2.7083,0.9413,3.4434,2.7844,2.9538,0.7716,1.5064,1.5646,1.5646,1.5646,1.5646,1.5646,1.5646,1.5646,1.5646
10.0,10.0,10.0,10.0,1.0344,1.2865,1.2866,1.2859,10.0,10.0,10.0,10.0,10.0,1.2365,1.4218,1.436,1.4215,1.4075,1.373,1.332,1.2994,10.0,10.0,10.0,10.0,10.0,10.0,10.0,1.0713,1.3087,1.3052,0.9858,1.2625,1.424,1.4633,1.4703,1.4772,1.4814,1.4856,1.4895,1.4935,1.4974,1.5013,1.5053,1.5092,1.5131,1.517,1.5209,1.1866,1.5622,1.5659,1.5034,1.4313,1.251,0.1567,1.3264,1.312,1.3255,1.3674,1.3933
1.5591,1.5005,1.4603,1.4495,1.441,1.4409,1.4407,1.4415,1.4423,1.4432,1.4441,1.445,1.4459,1.4051,1.2895,10.0,10.0,10.0,10.0,1.2819,1.2825,1.4036,1.4015,1.3996,1.3989,1.3991,1.4354,1.499,1.6059,1.6059,1.6059,1.6059,1.6059,1.6059,1.6059,1.6097,1.6097,1.6097,1.6097,1.6097,1.6097,1.6097,1.6097,1.6097,1.6097,1.6097,1.6097,1.6097,1.6097,1.6059,1.6059,1.6059,1.1848,1.3034,1.3595,1.3747,1.3782,1.3749,1.3587,1.2804
1.6072,1.6072,1.6072,1.6035,1.6035,1.6035,1.6035,1.6035,1.6035,1.6035,1.5998,1.6035,1.6035,1.5863,1.5269,1.4835,1.4685,1.407,1.4428,1.5597,1.5854,1.6072,1.6072,1.4403,1.6072,1.6072,1.6035,1.6035,1.6035,1.6035,1.6035,1.5752,1.4947,1.4469,1.4096,1.403,1.394,1.3787,1.3634,1.3489,1.3345,1.3201,1.3058,1.2915,1.2772,1.2629,1.2486,1.2343,1.2291,1.5216,1.5575,1.5612,1.5612,0.4921,1.4995,1.4823,1.4784,1.4821,1.5004,1.5289
1.3078,1.2636,1.4057,1.4164,1.4248,1.4249,1.4251,1.4243,1.4235,1.4226,1.4217,1.4208,1.4199,1.4604,1.5748,1.6048,1.6011,1.6011,1.6011,1.6011,1.6048,1.6048,1.4962,1.3612,1.4988,1.4987,1.4572,1.3135,1.0676,1.3032,1.2997,1.289,10.0,10.0,10.0,10.0,1.0428,1.2885,1.2922,1.2956,1.2991,1.3025,1.2309,1.2309,1.2309,1.2309,1.2309,1.2309,1.2309,1.2309,10.0,10.0,1.5588,1.5588,1.5588,0.7184,1.4108,1.5588,1.5588,1.5588
1.3816,1.2253,1.2253,1.2918,1.0518,1.2841,1.2839,1.2846,1.2854,1.2861,1.2869,1.2878,0.4508,1.2758,1.2253,1.3352,1.3944,1.4089,1.4203,1.4004,1.3513,1.2857,1.2793,1.2733,1.2722,1.2724,1.3868,1.2614,1.2253,1.2253,1.2253,1.2253,1.2729,1.4083,1.4133,1.4067,1.4001,1.3961,1.3894,1.3746,1.3599,1.3453,1.3307,1.3162,1.3016,1.287,1.2725,1.2579,1.2433,1.2287,1.2253,1.1794,1.3683,1.4138,1.4347,1.4507,1.4544,1.4509,1.4338,1.4072
0.8989,1.2272,1.2502,1.2883,1.3185,1.3191,1.3197,1.3168,1.3139,1.3108,1.3076,1.3043,1.3011,1.4086,1.3262,1.2272,1.161,1.2272,1.2973,0.8158,10.0,10.0,0.9548,10.0,10.0,10.0,1.2578,1.4547,1.4879,1.4912,1.4673,1.4749,1.5999,1.5999,1.5999,1.5999,1.5999,1.5999,1.5999,1.5999,1.5999,1.5999,1.5999,1.5999,1.5999,1.5999,1.5962,1.5962,1.5202,1.5504,1.5541,1.4457,1.2272,1.2933,1.2222,1.1814,1.1814,1.1814,1.2253,1.3159
1.5975,1.5938,1.5938,1.5938,1.5938,1.5938,1.5938,1.5938,1.5938,1.5938,1.5938,1.5938,1.5938,1.5938,1.5657,1.2216,1.2216,1.2216,1.2498,1.2901,1.4471,1.5322,1.5938,1.5938,1.5938,1.5938,1.5938,1.5938,1.5975,1.5975,1.5975,1.5975,1.5975,1.573,1.4474,1.2254,1.4611,1.4653,1.4694,1.4734,1.4773,1.4811,1.485,1.4889,1.4928,1.4967,1.5005,1.5044,1.5083,1.5122,1.5305,1.2475,1.3987,1.4453,1.4667,1.483,1.4868,1.4832,1.4657,1.4385
1.5914,1.5566,1.5149,1.5037,1.4949,1.4948,1.4946,1.4954,1.4963,1.4972,1.4981,0.8223,1.5,1.4576,1.5951,1.5951,1.5951,1.5951,1.5951,1.5914,1.5914,1.5914,1.5914,1.5914,1.5914,1.5914,1.4947,1.4171,1.3873,1.3777,1.3879,1.3989,1.343,1.2198,1.2198,1.2888,1.2828,1.2791,1.2755,1.0224,1.2686,4.4494,2.8062,5.4361,2.6573,2.5741,2.7807,2.514,10.0,10.0,1.4438,1.5457,1.3314,1.5494,1.5494,1.5494,1.5494,1.5494,1.5494,1.5457
10.0,10.0,1.2725,1.2821,1.2897,1.2899,1.29,1.2893,1.2886,1.2878,1.287,1.2862,1.2853,1.2217,1.4256,1.5412,1.5498,1.5346,1.5226,1.5105,1.4167,1.2217,1.125,1.2886,1.289,1.2889,10.0,10.0,10.0,10.0,0.9704,10.0,10.0,1.2217,1.2217,1.2275,1.2499,1.2635,1.2772,1.2901,1.303,1.3157,1.3285,1.3413,1.354,1.3668,1.3795,1.3895,1.2461,10.0,1.5434,1.5471,1.5161,1.469,0.2371,1.4309,1.4271,1.4307,1.4484,1.4758
1.4379,1.3838,1.2589,1.2247,1.2161,1.1972,1.2161,1.2161,1.2161,1.2161,1.2161,1.2161,1.2161,1.2161,0.8075,0.3321,10.0,1.2688,1.2791,1.2895,1.2998,1.2367,1.2305,1.2248,1.2237,1.2239,1.3339,1.428,1.4614,1.4583,1.462,1.4736,1.4967,1.5548,1.5867,1.5867,1.5867,1.5867,1.5867,1.5867,1.5867,1.5867,1.5867,1.5867,1.5867,1.5867,1.5867,1.5867,1.5867,1.5867,1.5867,1.5656,1.1706,1.2874,1.3431,1.3581,1.3616,1.3583,1.3423,1.2647
1.486,1.552,1.588,1.588,1.588,1.588,1.588,1.588,1.588,1.588,1.588,1.588,1.5855,1.4682,1.4132,1.3458,1.2984,1.2528,1.218,1.218,1.3903,1.4128,1.415,1.4171,0.8148,1.4174,1.588,1.588,1.588,1.588,1.588,1.5843,1.5843,1.5843,1.5463,1.539,1.5319,1.5275,1.5232,1.519,1.5149,1.5108,1.5068,1.5027,1.4986,1.4945,1.4905,1.4864,1.1688,1.5388,1.5425,1.5179,1.4451,1.4003,1.3797,1.3639,1.3603,1.3637,1.3806,1.4068
1.4463,1.5105,1.5546,1.5663,1.576,1.5762,1.5764,1.5755,1.5745,1.5735,1.5724,1.5714,1.5703,1.5856,1.5856,1.5373,1.5541,1.2125,1.5819,1.5819,1.5819,1.5819,1.5856,1.5856,1.5856,1.5856,1.5856,1.2662,1.3849,1.388,1.3843,1.3439,1.2502,1.0458,1.2893,1.2162,1.2162,1.2162,1.2162,1.2162,1.2162,1.2162,1.2162,1.2162,1.2162,1.2206,1.232,1.2434,1.2548,1.2661,1.1671,10.0,1.5365,1.5365,1.5365,1.5365,1.2733,1.5365,1.5365,1.5365
1.4202,1.3439,1.22,1.2107,1.2107,1.2107,1.2107,1.2107,1.2107,1.2107,1.1702,1.2107,1.2107,1.2799,0.6938,1.5296,1.5463,1.5624,1.5722,1.4767,1.4555,1.4344,1.4323,1.4304,1.43,1.4301,1.4005,1.2216,1.2107,1.2107,1.2107,1.2107,1.2327,1.2965,1.2107,1.2107,1.2107,1.2107,1.2107,1.2107,1.0894,1.2107,1.2841,1.2806,1.2771,1.2736,1.2702,1.2667,1.2632,1.2597,0.9291,1.3911,1.4706,1.5197,1.5342,1.5342,1.5342,1.5342,1.5342,1.5125
10.0,10.0,1.2761,1.2857,1.2126,1.2126,1.2126,1.0976,1.2126,1.2126,1.2126,1.2126,1.2126,1.2126,1.4079,1.3432,1.2958,1.2503,1.2146,1.2126,10.0,0.7444,10.0,10.0,10.0,0.4607,10.0,1.2126,1.2505,1.2618,1.2482,1.2126,1.2126,1.5074,1.549,1.5565,1.5637,1.5684,1.5731,1.5775,1.5809,1.5809,1.5809,1.5809,1.5809,1.5809,1.5809,1.5809,1.4486,1.5319,1.5356,1.4524,1.3828,1.3398,0.1787,1.2276,1.2143,1.2268,1.288,1.3461
1.5748,1.5748,1.5385,1.5271,1.5182,1.518,1.5179,1.5187,1.5196,1.5205,1.5214,1.5224,1.5234,0.6304,1.2971,10.0,10.0,1.2656,1.2758,1.2071,1.3535,1.447,1.4515,1.4495,1.4491,1.4492,1.4865,1.5524,1.5748,1.5748,1.5748,1.5748,1.5748,1.5785,1.5785,1.5785,1.5434,1.5785,1.5785,1.5785,1.5785,1.5785,1.5785,1.5785,1.5785,1.5785,1.5785,1.5785,1.5785,1.5785,1.5785,1.2383,1.2551,1.3527,1.3726,1.3879,1.3915,1.3882,1.3718,1.3463
1.5725,1.5725,1.5725,1.5725,1.5725,1.5725,1.5725,1.5725,1.5725,1.5725,1.3845,1.5725,1.5725,1.5762,1.5762,1.5601,1.5443,1.4315,1.5173,1.5762,1.5762,1.5762,1.5762,1.5676,1.5762,1.5725,1.5725,1.5364,1.5041,1.5009,1.5047,1.4939,1.4176,1.3723,1.2527,1.2305,1.2088,1.2053,1.2053,1.2053,1.2053,1.2053,1.2053,1.2053,1.2053,1.0952,1.2053,1.2053,1.2815,0.9536,1.5273,1.531,1.1524,0.5481,1.531,1.531,1.531,1.531,1.531,1.531
10.0,1.2072,1.2017,1.2385,1.2675,1.268,1.2686,1.2658,1.2631,1.26,1.2569,1.2538,1.2507,1.3769,1.4849,1.5738,1.5738,1.5702,1.5738,1.5738,1.5738,1.3795,1.2644,1.3836,1.384,1.3839,1.2542,1.2779,0.6419,1.2612,1.2578,10.0,0.8193,10.0,1.2718,1.2779,1.2072,1.2072,1.2072,1.2072,1.2072,1.2072,1.2072,1.2072,1.2072,1.2072,1.2072,1.209,1.22,0.8445,10.0,10.0,1.5287,1.5287,1.5287,1.2072,1.5019,1.5287,1.5287,1.5287
1.3806,1.245,1.2017,1.2017,1.276,1.2759,1.2757,1.2017,1.2017,1.2017,1.2017,1.0867,1.2017,10.0,1.2568,1.2017,1.2017,1.2154,1.2552,1.2958,1.2966,1.2336,1.2275,1.2218,1.2207,1.2209,1.3307,1.3765,1.3004,1.2903,1.3025,1.3401,1.3801,1.4336,1.4806,1.4736,1.4667,1.4626,1.4584,1.4544,1.4505,1.4466,1.4427,1.4388,1.4349,1.431,1.4271,1.4232,1.4192,1.4153,1.3969,1.2375,1.2686,1.3517,1.3717,1.387,1.3906,1.3872,1.3708,1.3454
1.2036,1.3733,1.4133,1.424,1.4325,1.4326,1.4328,1.432,1.4312,1.4303,1.4294,1.4285,1.4276,1.4144,1.3471,1.2224,1.2036,1.2036,1.2036,1.2762,1.2691,1.2036,1.2036,1.1045,1.2036,1.2036,1.258,1.5476,1.5692,1.5692,1.5692,1.5692,1.5692,1.5655,1.5655,1.5655,1.5655,1.5655,1.5655,1.5655,1.5655,1.5655,1.5655,1.5655,1.5655,1.5655,1.5655,1.5655,1.431,1.5206,1.5242,1.445,1.2036,1.333,1.2865,1.2292,1.2159,1.2284,1.2897,1.3392
1.5668,1.5668,1.5668,1.5668,1.5668,1.5668,1.5668,1.5668,1.5668,1.5668,1.5668,1.5668,1.5668,1.5632,1.1982,1.365,0.6665,1.3943,1.4055,1.417,1.5055,1.5632,1.5632,1.5632,1.5632,1.5632,1.5632,1.5668,1.527,1.4663,1.5264,1.5138,1.4887,1.4257,1.275,1.353,1.3689,1.3728,1.3767,1.3803,1.384,1.3876,1.3913,1.3949,1.3985,1.4022,1.4058,1.4094,1.4131,1.4167,1.4339,1.3754,1.454,1.5024,1.5183,1.5183,1.5183,1.5183,1.5183,1.4954
1.5065,1.4499,1.411,1.4006,1.3924,1.3923,1.3921,1.3929,1.3937,1.3945,1.3954,1.2471,1.3972,1.3499,1.5609,1.5609,1.5609,1.5609,1.5609,1.5609,1.5609,1.5609,1.5609,1.5609,1.5609,1.5269,1.4291,1.3418,1.2444,1.2347,1.2464,1.2823,1.3458,1.2062,1.1964,1.1964,1.2666,1.263,1.2594,1.256,1.2526,1.2492,1.2459,7.4881,2.7085,2.651,2.5993,2.6845,2.5409,10.0,1.2488,1.5161,1.5161,1.5161,1.5161,1.5161,1.5161,1.5161,1.5161,1.5161
10.0,0.885,1.2494,1.2589,1.2664,1.2665,1.2666,1.2659,1.2652,1.2644,1.2637,1.2628,1.262,1.1983,1.3997,1.4554,1.4406,1.4265,1.4154,1.4041,1.0015,10.0,10.0,0.9555,10.0,10.0,10.0,10.0,1.2648,1.2676,1.2642,1.2538,1.1983,1.3048,1.3854,1.392,1.3985,1.4025,1.4064,1.4102,1.414,1.4177,1.4214,1.4251,1.4288,1.4325,1.4362,1.4399,1.1514,1.5138,1.5175,1.5073,1.4347,1.3902,0.1535,1.3541,1.3505,1.3539,1.3706,1.3967
1.4825,1.4267,1.3885,1.3783,1.3702,1.37,1.3699,1.3707,1.3714,1.3723,1.3731,1.374,1.3749,1.2767,10.0,0.3604,10.0,1.2433,1.2533,1.2636,1.3119,1.3472,1.3405,1.3342,1.3331,1.3333,1.3843,1.4457,1.5394,1.5361,1.5401,1.553,1.5563,1.5563,1.5563,1.5563,1.5563,1.5563,1.5563,1.5563,1.5563,1.5563,1.5563,1.5563,1.5563,1.5563,1.5563,1.5563,1.5563,1.5563,1.5563,1.1989,1.1482,1.3044,1.329,1.3438,1.3472,1.344,1.3281,1.2813
1.5576,1.5576,1.5576,1.5576,1.5576,1.5576,1.5576,1.5576,1.5576,1.5576,1.5576,1.554,1.5576,1.5108,1.4542,1.4129,1.3986,1.3848,1.2422,1.3631,1.4717,1.4955,1.4979,1.2923,1.4955,1.5004,1.5576,1.554,1.554,1.554,1.554,1.554,1.5177,1.4692,1.4314,1.4246,1.418,1.4139,1.4099,1.4061,1.4023,1.3985,1.3947,1.3909,1.3872,1.3834,1.3796,1.3759,1.2098,1.5094,1.5094,1.513,1.4892,1.443,1.4218,1.4055,1.4018,1.4053,1.4227,1.4497
1.2361,1.3902,1.4308,1.4416,1.4502,1.4503,1.4505,1.4497,1.4489,1.448,1.4471,1.4462,1.4452,1.4864,1.5553,1.5517,1.5517,1.4672,1.5517,1.5517,1.5553,1.5553,1.5338,1.4269,1.5365,1.5364,1.4938,1.193,1.193,1.193,1.193,1.193,1.193,10.0,1.258,1.2641,1.193,1.193,1.193,1.193,1.193,1.193,1.193,1.193,1.193,1.193,1.1875,1.1985,1.2095,1.2205,1.2724,10.0,1.5072,1.5072,1.5108,1.5108,1.2278,1.5108,1.5108,1.5072
1.378,1.2707,1.1876,1.1876,1.1876,1.1876,1.1876,1.1876,1.1876,1.1876,1.1876,1.1876,0.4469,1.0958,1.3605,1.4051,1.4204,1.4352,1.4468,1.4042,1.3841,1.364,1.362,1.3602,1.3598,1.3599,1.3929,1.2529,1.1876,1.1529,1.1876,1.1973,1.2643,1.3753,1.3505,1.3274,1.304,1.2897,1.2754,1.2618,1.2483,1.2349,1.2215,1.2081,1.1948,1.1876,1.1876,1.1876,1.1876,1.1876,1.1876,1.2524,1.378,1.4239,1.4449,1.461,1.4648,1.4612,1.444,1.4172
10.0,1.2641,1.1895,1.2033,1.2314,1.232,1.2325,1.2299,1.2272,1.2242,1.2212,1.2182,1.2152,1.3507,1.3632,1.261,1.2165,1.1895,1.1895,1.1895,10.0,10.0,10.0,10.0,10.0,1.0285,1.1895,1.3704,1.4016,1.4047,1.3124,1.3895,1.5508,1.5508,1.5508,1.5508,1.5508,1.5508,1.5508,1.5508,1.5508,1.5508,1.5508,1.5508,1.5508,1.5508,1.5508,1.5508,1.4258,1.5028,1.5064,1.4226,1.2492,1.3123,1.2528,1.197,1.1841,1.1963,1.256,1.3184
1.5449,1.5449,1.5449,1.5449,1.5449,1.5449,1.5449,1.5449,1.5449,1.5449,1.5449,1.5449,1.5449,1.5449,1.4455,1.1842,1.1842,1.1842,1.1842,1.212,1.3906,1.4724,1.521,1.519,1.5186,1.5187,1.5449,1.5449,1.5449,1.5485,1.5485,1.5485,1.5485,1.5485,1.4768,1.4141,1.4908,1.495,1.4992,1.5032,1.5072,1.5112,1.5151,1.5191,1.523,1.527,1.531,1.535,1.5392,1.5434,1.5485,1.1398,1.3367,1.3812,1.4017,1.4173,1.4209,1.4175,1.4008,1.3748
1.5427,1.5427,1.5427,1.5379,1.5284,1.5282,1.528,1.5289,1.5298,1.5308,1.5318,1.4509,1.5339,1.5463,1.5463,1.5463,1.5463,1.5463,1.5463,1.5463,1.5427,1.5427,1.5427,1.5427,1.5427,1.5427,1.5125,1.4339,1.4038,1.4008,1.4044,1.4155,1.3668,1.2727,1.1824,1.1824,1.1824,1.1824,1.1824,1.1824,1.1824,1.1824,1.0626,1.2526,1.2492,1.2458,1.2424,1.239,1.2356,0.9662,1.4697,1.4984,1.2552,1.502,1.502,1.502,1.502,1.502,1.502,1.502
10.0,1.2347,1.1843,1.1843,1.1843,1.1843,1.1843,1.1843,1.1418,1.1843,1.1843,1.1843,1.1843,1.2567,1.4235,1.5396,1.544,1.544,1.544,1.544,1.4492,1.1843,1.1843,1.1843,1.1843,1.1843,1.1843,10.0,1.237,1.2398,1.2365,10.0,10.0,1.2541,1.1843,1.1843,1.188,1.201,1.214,1.2263,1.2385,1.2506,1.2628,1.2749,1.287,1.2992,1.3113,1.3234,1.3355,1.3464,10.0,1.4998,1.4998,1.4854,1.2328,1.429,1.4429,1.4465,1.4644,1.4927
1.3917,1.3366,1.2134,1.1804,1.179,1.179,1.179,1.179,1.1584,1.179,1.179,1.179,1.179,1.179,10.0,1.2418,1.179,1.179,1.1583,1.179,1.3065,1.2431,1.2369,1.2311,1.23,1.2302,1.3405,1.3999,1.3897,1.3868,1.3903,1.4014,1.4233,1.4785,1.5382,1.5382,1.5382,1.5382,1.5382,1.5382,1.5363,1.5319,1.5275,1.5231,1.5189,1.5148,1.5107,1.5065,1.5024,1.4983,1.4787,1.1998,1.1875,1.3105,1.3299,1.3447,1.3482,1.3449,1.3291,1.3044
1.3857,1.4473,1.4895,1.5008,1.5097,1.5098,1.51,1.5092,1.5083,1.5074,1.5064,1.5055,1.5045,1.423,1.3697,1.3035,1.2575,1.2133,1.1809,1.1809,0.8712,1.3217,1.3308,1.3392,1.26,1.3405,1.5395,1.5395,1.5395,1.5395,1.5395,1.536,1.536,1.536,1.536,1.536,1.536,1.536,1.536,1.536,1.536,1.536,1.536,1.536,1.5358,1.5314,1.527,1.5225,1.1332,1.4919,1.4954,1.4617,1.3916,1.3484,1.3286,1.3134,1.3099,1.3132,1.3294,1.3547
1.4836,1.5373,1.5373,1.5373,1.5373,1.5373,1.5373,1.5373,1.5373,1.5373,1.5373,1.5373,1.5373,1.5373,1.5337,1.4361,1.4338,1.2731,1.4788,1.4908,1.5337,1.5337,1.5373,1.5373,1.5373,1.5373,1.5373,1.5373,1.4086,1.0501,1.408,1.3964,1.3733,1.1791,1.1791,1.1901,1.2118,1.225,1.2382,1.2508,1.2632,1.2756,1.288,1.3004,1.3127,1.3251,1.3375,1.3428,1.3463,1.3498,1.0048,1.4409,1.4897,1.4897,1.4897,1.4897,1.4897,1.4897,1.4897,1.4897
1.4273,1.3736,1.3368,1.3062,1.2774,1.2769,1.2763,1.2791,1.2818,1.2848,1.2879,1.291,1.1739,1.1739,1.5202,1.5315,1.5315,1.5315,1.5315,1.4979,1.4764,1.455,1.4529,1.4509,1.4506,1.4506,1.3884,1.2733,1.1808,1.1739,1.1827,1.2169,1.2849,1.2682,1.1739,1.1739,1.1739,1.1739,1.1739,1.1739,1.1739,1.1739,1.1739,1.0313,1.2415,1.2381,1.2347,1.2314,1.228,1.2246,0.8276,1.4109,1.4875,1.4875,1.4875,1.4875,1.4875,1.4875,1.4875,1.4875
10.0,10.0,1.2451,1.1757,1.1757,1.1757,1.1757,1.1757,1.1757,1.1757,1.1757,1.1757,1.1757,1.1936,1.3949,1.3761,1.3621,1.3488,1.3383,1.3038,1.2451,0.6828,10.0,10.0,10.0,10.0,10.0,1.1757,1.1757,1.1763,1.1757,1.0316,1.1757,1.4132,1.4522,1.4592,1.466,1.4702,1.4743,1.4783,1.4822,1.4861,1.49,1.4939,1.4977,1.5016,1.5055,1.5094,1.1283,1.4854,1.4889,1.4464,1.377,1.1757,0.1691,1.2997,1.2962,1.2995,1.3155,1.3405
1.5271,1.4886,1.4487,1.438,1.4296,1.4294,1.4293,1.4301,1.4309,1.4317,1.4326,1.4335,1.4344,1.3939,1.1705,10.0,1.2239,1.2366,1.1705,1.0839,1.3353,1.3886,1.3866,1.3847,1.3844,1.3844,1.4201,1.483,1.5271,1.5271,1.5271,1.5271,1.5271,1.5271,1.5306,1.5306,1.5306,1.5306,1.5306,1.5306,1.5306,1.5306,1.5306,1.5306,1.5306,1.5306,1.5306,1.5306,1.5306,1.5306,1.5306,1.2011,1.2185,1.312,1.3314,1.3463,1.3497,1.3465,1.3306,1.3059
1.5284,1.5284,1.5249,1.5249,1.5249,1.5249,1.5249,1.5249,1.5249,1.5249,1.5249,1.5249,1.5249,1.5284,1.5146,1.4715,1.4566,1.4423,1.4311,1.5284,1.5284,1.5284,1.5284,1.3998,1.5284,1.5284,1.5249,1.5249,1.5249,1.5249,1.5249,1.506,1.429,1.3834,1.3477,1.3414,1.3351,1.3313,1.3238,1.3097,1.2957,1.2818,1.2679,1.254,1.2401,1.2262,1.2124,1.1985,1.1846,1.3717,1.4811,1.4846,1.1723,0.5268,1.4789,1.4615,1.4575,1.4612,1.4799,1.4846
1.2464,1.212,1.3397,1.3498,1.3578,1.358,1.3581,1.3574,1.3566,1.3558,1.3549,1.3541,1.3532,1.3918,1.5008,1.5227,1.5227,1.5227,1.5262,1.5262,1.5262,1.5262,1.4014,1.4101,1.4105,1.4104,0.7184,1.1783,0.598,1.1707,1.1707,1.2452,1.2245,10.0,1.1707,1.1707,1.1707,1.1707,1.1707,1.1707,1.1707,1.1707,1.1707,1.1707,1.1796,1.1908,1.2019,1.213,1.2241,1.2352,10.0,10.0,1.4825,1.4825,1.4825,0.7674,1.4003,1.4825,1.4825,1.4825
1.3575,1.2633,1.1654,1.1654,1.1654,1.1654,1.1654,1.1654,1.1654,1.1654,1.1654,1.1654,0.5078,1.2145,1.1654,1.2745,1.3274,1.3412,1.352,1.3569,1.3375,1.3013,1.2948,1.2887,1.2876,1.2878,1.348,1.3321,1.2517,1.242,1.2537,1.2899,1.3356,1.3874,1.4012,1.3946,1.3881,1.3842,1.3802,1.3765,1.3728,1.3691,1.3654,1.3617,1.358,1.3543,1.3506,1.3469,1.3432,1.3395,1.3118,1.0912,1.3096,1.3532,1.3732,1.3885,1.392,1.3887,1.3723,1.3468
1.1673,1.2367,1.3432,1.3534,1.3614,1.3616,1.3618,1.361,1.3602,1.3594,1.3585,1.3577,1.3568,1.3926,1.3404,1.2455,1.2016,1.1673,1.1673,1.1673,1.223,1.1673,1.1673,1.1673,1.1673,1.1673,1.358,1.4438,1.4768,1.4801,1.4496,1.464,1.5218,1.5218,1.5218,1.5183,1.5183,1.5183,1.5183,1.5183,1.5183,1.5183,1.5183,1.5183,1.5183,1.5183,1.5183,1.5183,1.3677,1.4747,1.4783,1.4113,1.2016,1.3019,1.282,1.2249,1.2117,1.2242,1.2836,1.308
1.5197,1.5197,1.5161,1.5161,1.5161,1.5161,1.5161,1.5161,1.5161,1.5161,1.5161,1.5161,1.5161,1.5161,1.1621,1.2313,1.2107,1.3273,1.338,1.3489,1.4332,1.5161,1.5161,1.5161,1.5161,1.5161,1.5161,1.5161,1.5197,1.5044,1.5197,1.5197,1.5197,1.4613,1.3744,1.1292,1.3875,1.3914,1.3953,1.3991,1.4028,1.4065,1.4102,1.4138,1.4175,1.4212,1.4249,1.4286,1.4322,1.4359,1.4533,1.3041,1.3786,1.4245,1.4456,1.462,1.4659,1.4622,1.4447,1.4178
1.514,1.473,1.4335,1.423,1.4146,1.4145,1.4143,1.4151,1.4159,1.4168,1.4177,0.8892,1.4194,1.3793,1.514,1.514,1.5175,1.5175,1.5175,1.514,1.514,1.514,1.514,1.514,1.514,1.514,1.4354,1.3608,1.3322,1.3294,1.3328,1.3434,1.3383,1.2396,1.1604,1.1604,1.1604,1.1604,1.1604,1.1604,1.1604,1.2332,1.2299,1.2265,1.2232,1.2199,1.2165,1.2132,1.2099,10.0,1.3337,1.4705,1.4705,1.4705,1.4705,1.474,1.474,1.474,1.4705,1.4705
10.0,10.0,1.1623,1.1623,1.1623,1.1623,1.1623,1.1623,1.1623,1.1623,1.1623,1.0834,1.1623,1.2013,1.3863,1.4797,1.4647,1.4504,1.4391,1.4276,1.3389,1.1623,1.1623,1.1623,1.1623,1.1623,0.9111,0.9315,1.2339,1.1623,1.2333,1.2232,1.1623,0.7468,1.3231,1.3294,1.3356,1.3394,1.3432,1.3468,1.3504,1.3539,1.3575,1.361,1.3646,1.3681,1.3716,1.3752,1.1848,1.4684,1.4684,1.4719,1.4429,1.3981,0.1535,1.3618,1.3582,1.3616,1.3784,1.4046
1.4215,1.3681,1.3314,1.3216,1.3092,1.3086,1.3081,1.3109,1.3137,1.3159,1.3167,1.3175,1.3184,1.1843,10.0,0.3343,1.2202,1.0342,1.1571,1.1571,1.3313,1.3145,1.3079,1.3018,1.3007,1.3009,1.3451,1.4047,1.4499,1.4469,1.4506,1.4621,1.485,1.5096,1.5096,1.5096,1.5096,1.5096,1.5096,1.5096,1.5096,1.5096,1.5096,1.5096,1.5096,1.5096,1.5096,1.5096,1.5096,1.5096,1.5096,1.1786,1.1699,1.2875,1.3065,1.321,1.3244,1.3212,1.3057,1.2814
1.4734,1.511,1.511,1.511,1.511,1.511,1.511,1.511,1.511,1.511,1.511,1.5075,1.511,1.4509,1.3965,1.3568,1.3431,1.3299,1.0855,1.2865,1.3798,1.4022,1.4044,1.4064,1.3572,1.4067,1.511,1.5075,1.5075,1.5075,1.5075,1.5075,1.5075,1.4964,1.4576,1.4507,1.444,1.4399,1.4358,1.4319,1.428,1.4241,1.4203,1.4165,1.4126,1.4088,1.4049,1.4011,1.2038,1.4642,1.4642,1.4677,1.159,1.3786,1.3584,1.3429,1.3393,1.3427,1.3593,1.3851
1.3582,1.4185,1.4599,1.4709,1.4797,1.4798,1.48,1.4792,1.4783,1.4774,1.4765,1.4756,1.4746,1.5088,1.5088,1.5053,1.5053,1.1538,1.5053,1.5053,1.5053,1.5088,1.5088,1.4887,1.5088,1.5088,1.5088,1.2185,1.3215,1.3244,1.3209,1.2932,1.2031,1.217,0.7111,1.1573,1.1573,1.1573,1.1575,1.1692,1.1809,1.1925,1.204,1.2156,1.2272,1.2387,1.2503,1.2619,1.2734,1.285,1.3224,10.0,1.4621,1.4621,1.4621,1.4621,1.1573,1.4621,1.4621,1.4621
1.374,1.3224,1.2288,1.1955,1.1691,1.1686,1.1681,1.1706,1.1731,1.1759,1.1787,1.1815,1.1844,1.1522,1.3891,1.4345,1.4502,1.4653,1.4771,1.4142,1.394,1.3738,1.3718,1.3699,1.3696,1.3697,1.3693,1.2701,1.1778,1.1687,1.1797,1.2137,1.2817,1.3354,1.277,1.2544,1.2322,1.2187,1.2052,1.1924,1.1796,1.167,1.1543,1.1522,1.1522,1.1522,1.1522,1.1522,1.1522,1.1522,1.1522,1.316,1.3913,1.4376,1.4597,1.46,1.46,1.46,1.4587,1.4308
10.0,1.2224,1.154,1.154,1.1808,1.1813,1.1818,1.1793,1.1767,1.1739,1.171,1.1681,1.1652,1.2952,1.3609,1.3222,1.3017,1.256,1.2201,1.1836,10.0,10.0,1.2014,1.2031,1.2035,0.501,1.2252,0.6304,1.3323,1.3353,1.2524,1.3208,1.257,1.496,1.5046,1.5046,1.5046,1.5046,1.5046,1.5046,1.5046,1.5046,1.5046,1.5046,1.5046,1.5046,1.5046,1.5046,1.1074,1.458,1.4615,1.4071,1.3396,1.298,0.198,1.2518,1.2383,1.251,1.2797,1.304
1.4989,1.4989,1.4989,1.4989,1.4989,1.4989,1.4989,1.4989,1.4989,1.4989,1.4989,1.4989,1.4989,1.4692,1.3484,1.076,1.1489,1.1489,1.1489,1.1681,1.3467,1.4259,1.4394,1.4375,1.4371,1.4372,1.4742,1.4989,1.4989,1.4989,1.4989,1.5024,1.5024,1.5024,1.5024,1.4532,1.5024,1.5024,1.5024,1.5024,1.5024,1.5024,1.5024,1.5024,1.5024,1.5024,1.5024,1.5024,1.5024,1.5024,1.5024,1.1059,1.2866,1.3295,1.3491,1.3641,1.3676,1.3644,1.3483,1.3232
1.4968,1.4968,1.4968,1.4968,1.4968,1.4968,1.4968,1.4968,1.4968,1.4968,1.4968,1.4837,1.4968,1.5003,1.5003,1.5003,1.5003,1.4329,1.5003,1.5003,1.5003,1.5003,1.5003,1.5003,1.5003,1.4968,1.4968,1.4558,1.4252,1.4222,1.4258,1.4371,1.3675,1.3238,1.2508,1.2286,1.2069,1.1937,1.1804,1.1679,1.1554,1.1473,1.1473,1.1473,1.1473,1.1473,1.1473,1.1473,1.1473,0.965,1.4538,1.4538,1.2484,1.4573,1.4573,1.4573,1.4573,1.4573,1.4573,1.4573
10.0,1.1491,1.1893,1.2256,1.2543,1.2549,1.2554,1.2527,1.25,1.247,1.2439,1.2408,1.2377,1.3246,1.4284,1.4982,1.4982,1.4982,1.4982,1.4982,1.4843,1.3124,0.9951,1.3164,1.3167,1.3167,1.1909,1.1975,1.1491,1.0972,1.1491,1.2141,0.8447,1.2181,1.1491,1.1491,1.1567,1.1693,1.1819,1.1939,1.2058,1.2177,1.2295,1.2413,1.2531,1.2649,1.2767,1.2885,1.3003,0.9117,10.0,1.4553,1.4553,1.4553,1.4553,1.3202,1.4553,1.4553,1.4553,1.4553
1.3566,1.3056,1.1962,1.1637,1.1441,1.1441,1.1441,1.1441,1.1441,1.1446,1.1473,1.1501,1.1529,1.1441,1.2077,1.0966,1.1487,1.1988,1.2381,1.2781,1.3122,1.2748,1.2685,1.2625,1.2614,1.2616,1.3225,1.3613,1.3327,1.3298,1.3332,1.3438,1.3649,1.4178,1.4694,1.4625,1.4557,1.4516,1.4474,1.4435,1.4396,1.4357,1.4318,1.428,1.4241,1.4202,1.4163,1.4125,1.4086,1.4047,1.3864,1.1012,1.2616,1.3036,1.3228,1.3376,1.341,1.3378,1.322,1.2975
1.3047,1.3627,1.4024,1.4131,1.4214,1.4216,1.4218,1.421,1.4202,1.4193,1.4184,1.4175,1.4166,1.389,1.337,1.2907,1.2452,1.2014,1.1672,1.1459,1.1459,1.198,1.2062,1.2138,1.2152,1.215,1.0932,1.494,1.494,1.494,1.494,1.494,1.4905,1.4905,1.4905,1.4905,1.4905,1.4905,1.4905,1.4905,1.4905,1.4905,1.4905,1.4905,1.4905,1.4905,1.4905,1.4905,1.0996,1.4477,1.4512,1.4169,1.1459,1.3071,1.2879,1.2732,1.2698,1.273,1.2887,1.3132
1.4919,1.4919,1.4919,1.4919,1.4919,1.4919,1.4919,1.4919,1.4919,1.4919,1.4919,1.4919,1.4919,1.4919,1.4884,1.3543,0.7005,1.3834,1.3946,1.4059,1.4884,1.4884,1.4884,1.4884,1.4884,1.4884,1.4919,1.4919,1.4362,1.333,1.4356,1.4237,1.4001,1.1616,1.1443,1.3066,1.3127,1.3164,1.3201,1.3236,1.3271,1.3306,1.3341,1.3376,1.3411,1.3446,1.348,1.3515,1.355,1.3585,1.1596,1.3561,1.4338,1.4457,1.4457,1.4457,1.4457,1.4457,1.4457,1.4457
1.4402,1.3861,1.3489,1.339,1.3312,1.331,1.3309,1.3316,1.3324,1.3332,1.334,1.3348,1.3357,1.298,1.4863,1.4863,1.4863,1.4863,1.4863,1.4863,1.4863,1.4806,1.4784,1.4763,1.4759,1.476,1.3839,1.312,1.2566,1.2468,1.2586,1.2949,1.3154,1.2672,1.1527,1.1392,1.1392,1.1392,1.1392,1.1392,1.1392,1.1392,1.1392,1.1392,1.1392,1.1392,0.9963,1.2053,1.202,1.1987,1.0966,1.4322,1.4436,1.4436,1.4436,1.4436,1.4436,1.4436,1.4436,1.4436
10.0,1.1883,1.1411,1.1411,1.1411,1.1411,1.1411,1.1411,1.1411,1.1411,1.1411,1.1411,1.1411,1.2064,1.3701,1.3898,1.3758,1.3622,1.3517,1.3409,1.1411,1.2009,1.2028,1.2045,1.2049,1.2048,10.0,1.1411,1.1411,1.1411,1.1411,1.0766,1.1411,1.3372,1.3741,1.3807,1.3871,1.3911,1.395,1.3988,1.4025,1.4061,1.4098,1.4135,1.4172,1.4209,1.4245,1.4282,1.1347,1.4416,1.4451,1.4451,1.3768,1.1985,0.1641,1.2994,1.2959,1.2992,1.3153,1.3402
1.4697,1.4143,1.3764,1.3663,1.3583,1.3581,1.3579,1.3587,1.3595,1.3603,1.3612,1.362,1.3629,1.3244,1.136,1.1906,1.2036,1.136,1.136,1.136,1.3132,1.3372,1.3353,1.3335,1.3332,1.3332,1.3676,1.4282,1.4821,1.4821,1.4821,1.4821,1.4821,1.4821,1.4821,1.4856,1.4856,1.4856,1.4856,1.4856,1.4856,1.4821,1.4821,1.4821,1.4821,1.4821,1.4821,1.4821,1.4821,1.4821,1.4821,1.0935,1.2093,1.2805,1.2994,1.3139,1.3173,1.3141,1.2986,1.2745
1.4835,1.4835,1.4835,1.4835,1.4835,1.4835,1.4835,1.4835,1.4835,1.4835,1.4835,1.4801,1.4835,1.4835,1.4412,1.4002,1.386,1.3724,1.3297,1.3509,1.4598,1.4835,1.4835,1.3569,1.462,1.4835,1.4801,1.4801,1.4801,1.4801,1.4801,1.4801,1.446,1.3998,1.3637,1.3572,1.3509,1.3471,1.3433,1.3396,1.336,1.3324,1.3288,1.3252,1.3216,1.318,1.3144,1.3108,1.3072,1.3774,1.4376,1.441,1.1379,0.6188,1.4018,1.3858,1.3821,1.3856,1.4027,1.4295
1.1601,1.3201,1.3586,1.3689,1.377,1.3772,1.3774,1.3766,1.3758,1.375,1.3741,1.3732,1.3724,1.4115,1.4814,1.478,1.478,1.4048,1.478,1.478,1.4814,1.4814,1.4378,1.4399,1.4403,1.4402,1.4003,1.1363,1.1709,1.1815,1.1688,1.1363,1.1363,1.1957,1.1363,1.1363,1.1148,1.1363,1.1391,1.1507,1.1622,1.1736,1.1849,1.1963,1.2077,1.2191,1.2305,1.2418,1.2532,1.1368,1.2992,1.4356,1.4356,1.439,1.439,0.7922,1.3181,1.439,1.439,1.439
1.3429,1.2924,1.1872,1.155,1.1295,1.1313,1.1313,1.1313,1.1334,1.136,1.1388,1.1415,0.4613,1.1313,1.2904,1.3326,1.3472,1.3612,1.3722,1.3565,1.3371,1.3177,1.3158,1.314,1.3137,1.3138,1.3476,1.2983,1.2327,1.2231,1.2346,1.2703,1.3018,1.3522,1.3376,1.3313,1.3251,1.3214,1.3176,1.314,1.3105,1.3069,1.3034,1.2999,1.2963,1.2928,1.2893,1.2845,1.2696,1.2547,1.1844,1.1347,1.3153,1.359,1.3791,1.3945,1.3981,1.3947,1.3783,1.3527
0.9408,1.1389,1.2859,1.2971,1.3048,1.3049,1.3051,1.3043,1.3036,1.3028,1.302,1.3012,1.3003,1.3374,1.3275,1.2898,1.2491,1.2052,1.1708,0.9712,1.1873,1.1331,1.0654,1.1331,1.1331,1.1331,1.24,1.3599,1.3909,1.394,1.3348,1.3788,1.4773,1.4773,1.4773,1.4773,1.4773,1.4773,1.4773,1.4773,1.4773,1.4773,1.4773,1.4773,1.4773,1.4773,1.4773,1.4773,1.0874,1.4316,1.435,1.3862,1.1789,1.2788,1.26,1.2456,1.2324,1.2451,1.2608,1.2847
1.4752,1.4718,1.4718,1.4718,1.4718,1.4718,1.4718,1.4718,1.4718,1.4718,1.4718,1.4718,1.4718,1.4718,1.1281,1.1415,1.1958,1.2479,1.2842,1.2946,1.3755,1.4564,1.4718,1.4718,1.4718,1.4718,1.4718,1.4718,1.4752,1.4752,1.4752,1.4752,1.4752,1.4752,1.3971,1.3084,1.4104,1.4144,1.4183,1.4222,1.4259,1.4297,1.4334,1.4372,1.4409,1.4446,1.4484,1.4521,1.4559,1.4596,1.4752,1.2458,1.317,1.3608,1.3809,1.3963,1.3999,1.3965,1.38,1.3544
1.4698,1.4698,1.4603,1.4492,1.4407,1.4406,1.4404,1.4412,1.442,1.4429,1.4438,0.8892,1.4456,1.4048,1.4732,1.4732,1.4732,1.4732,1.4732,1.4698,1.4698,1.4698,1.4698,1.4698,1.4698,1.4698,1.4477,1.3725,1.3436,1.3407,1.3442,1.3548,1.3287,1.2862,1.1825,1.1615,1.141,1.1285,1.1266,1.1041,1.1266,1.1266,1.1266,1.1266,1.1266,1.1266,1.1266,1.1266,1.1266,1.1979,1.3543,1.4276,1.4276,1.431,1.431,1.431,1.431,1.431,1.431,1.431
10.0,1.1974,1.1284,1.1353,1.1618,1.1624,1.1629,1.1603,1.1578,1.1551,1.1522,1.1494,1.1465,1.2744,1.3805,1.4712,1.4712,1.4712,1.4672,1.4548,1.3644,1.1328,1.1406,1.1478,1.1491,1.1489,1.1284,1.1846,1.1284,1.1284,1.1284,1.1284,1.1812,1.1284,1.2487,1.2724,1.2858,1.2895,1.2931,1.2966,1.3,1.3034,1.3069,1.3103,1.3137,1.3171,1.3205,1.3239,1.3273,1.3307,1.4256,1.429,1.429,1.4096,1.2178,1.373,1.3693,1.3728,1.3898,1.4163
1.3737,1.322,1.2866,1.2768,1.2487,1.2481,1.2476,1.2503,1.2529,1.2559,1.2589,1.2619,1.2649,1.1295,0.8693,0.3932,1.1234,1.1234,1.138,1.1748,1.3057,1.2867,1.2849,1.2832,1.2828,1.2829,1.3159,1.3743,1.3779,1.3749,1.3785,1.3894,1.4112,1.4657,1.4657,1.4657,1.4657,1.4657,1.4657,1.4657,1.4657,1.4657,1.4657,1.4657,1.4657,1.4657,1.4657,1.4657,1.4657,1.4657,1.4657,1.0814,1.1352,1.2722,1.291,1.3054,1.3087,1.3056,1.2901,1.2662
1.3749,1.436,1.4671,1.4671,1.4671,1.4671,1.4671,1.4671,1.4671,1.4671,1.4671,1.4671,1.4671,1.404,1.3514,1.313,1.2997,1.2869,1.1892,1.2335,1.3056,1.3267,1.3288,1.3307,0.8719,1.331,1.4671,1.4671,1.4671,1.4671,1.4671,1.4637,1.4637,1.4637,1.4637,1.4637,1.4637,1.4637,1.4637,1.4617,1.4575,1.4533,1.4491,1.4452,1.4413,1.4373,1.4334,1.4295,1.1624,1.4216,1.4251,1.4251,1.1253,1.3265,1.307,1.2921,1.2886,1.2919,1.3078,1.3327
1.3878,1.4494,1.4651,1.4651,1.4651,1.4651,1.4651,1.4651,1.4651,1.4651,1.4651,1.4651,1.4651,1.4651,1.4651,1.425,1.3997,1.187,1.4617,1.4617,1.4617,1.4617,1.4651,1.4651,1.4651,1.4651,1.4651,1.3095,1.3393,1.1968,1.3387,1.3277,1.3057,1.0495,1.1744,1.1967,1.2185,1.2317,1.245,1.2577,1.2702,1.2786,1.282,1.2853,1.2887,1.292,1.2953,1.2987,1.302,1.3054,1.0237,1.4197,1.4197,1.4197,1.4197,1.4197,1.243,1.4197,1.4197,1.4197
1.3767,1.3249,1.2894,1.2799,1.2724,1.2723,1.2721,1.2728,1.2736,1.2743,1.2751,1.2759,1.1188,1.1521,0.7614,1.4596,1.4596,1.4596,1.4596,1.4296,1.4092,1.3887,1.3867,1.3849,1.3845,1.3846,1.3541,1.2838,1.2183,1.2088,1.2202,1.2555,1.2872,1.296,1.2375,1.2156,1.1941,1.181,1.1679,1.1555,1.1432,1.1309,1.1188,1.1188,1.1188,1.1188,1.1188,1.1188,1.1188,1.1188,0.9897,1.3309,1.4073,1.4177,1.4177,1.4177,1.4177,1.4177,1.4177,1.4177
10.0,1.1906,1.1206,1.1326,1.1591,1.1596,1.1601,1.1576,1.1551,1.1523,1.1495,1.1466,1.1437,1.2713,1.3648,1.326,1.3126,1.2997,1.2896,1.2793,1.1206,0.7224,1.1839,1.1856,0.9645,0.5273,1.1743,1.1701,1.277,1.2798,1.2764,1.2418,1.1553,1.4025,1.4412,1.4483,1.4554,1.4598,1.461,1.461,1.461,1.461,1.461,1.461,1.461,1.461,1.461,1.461,1.0754,1.4158,1.4192,1.3981,1.331,1.1206,0.1851,1.2562,1.2529,1.256,1.2716,1.2957
1.4556,1.4556,1.4377,1.4271,1.4188,1.4186,1.4184,1.4192,1.42,1.4209,1.4218,1.4227,1.4236,0.6661,1.2696,1.1157,1.1157,1.1157,1.1157,1.1518,1.3133,1.3758,1.3739,1.372,1.3717,1.3717,1.4071,1.4556,1.4556,1.4556,1.4556,1.4556,1.4556,1.459,1.459,1.459,1.459,1.459,1.459,1.459,1.459,1.459,1.459,1.459,1.459,1.459,1.459,1.459,1.459,1.459,1.459,1.0739,1.2466,1.2881,1.3071,1.3217,1.3251,1.3219,1.3063,1.282
1.457,1.4536,1.4536,1.4536,1.4536,1.4536,1.4536,1.4536,1.4536,1.4536,1.4536,1.4536,1.4536,1.457,1.457,1.457,1.4457,1.4313,1.4158,1.457,1.457,1.457,1.457,1.457,1.457,1.4536,1.4536,1.4536,1.4512,1.4479,1.4519,1.4488,1.3743,1.3303,1.2961,1.2899,1.2839,1.2803,1.2766,1.2732,1.2697,1.265,1.2513,1.2376,1.2239,1.2102,1.1965,1.1828,1.1691,1.0444,1.4119,1.4153,1.2019,0.5716,1.4153,1.4153,1.4153,1.4153,1.4153,1.4153
1.116,1.1836,1.2846,1.2943,1.302,1.3021,1.3023,1.3015,1.3008,1.3,1.2992,1.2984,1.2975,1.3345,1.4391,1.455,1.4516,1.455,1.455,1.455,1.455,1.3327,1.2985,1.3368,1.3371,1.3371,1.3,1.116,0.6612,1.116,1.116,1.116,0.9769,1.116,1.116,1.1307,1.1513,1.1639,1.1764,1.1884,1.2002,1.212,1.2237,1.2355,1.2473,1.259,1.269,1.2723,1.2756,0.9133,10.0,1.4099,1.4133,1.4133,1.4133,1.116,1.3891,1.4133,1.4133,1.4133
1.3311,1.2811,1.2045,1.1718,1.1459,1.1454,1.145,1.1474,1.1499,1.1525,1.1553,1.1581,1.1609,1.1111,1.1111,1.2396,1.2715,1.2847,1.2951,1.3056,1.3019,1.283,1.2811,1.2794,1.2791,1.2791,1.3121,1.3155,1.2878,1.2851,1.2884,1.2986,1.3189,1.3701,1.3903,1.3837,1.3773,1.3734,1.3695,1.3657,1.362,1.3584,1.3547,1.351,1.3474,1.3437,1.34,1.3364,1.3327,1.329,1.3117,1.0838,1.2598,1.3018,1.321,1.3357,1.3392,1.3359,1.3202,1.2957
1.1422,1.2944,1.3322,1.3423,1.3502,1.3504,1.3505,1.3498,1.349,1.3482,1.3473,1.3465,1.3456,1.3646,1.3135,1.2762,1.2591,1.2149,1.1802,1.113,1.113,1.1214,1.1291,1.1362,1.1375,1.113,1.113,1.4324,1.451,1.451,1.428,1.451,1.451,1.451,1.4476,1.4476,1.4476,1.4476,1.4476,1.4476,1.4476,1.4476,1.4476,1.4476,1.4476,1.4476,1.4476,1.4476,1.068,1.4061,1.4095,1.3819,1.2019,1.2748,1.2561,1.2417,1.2384,1.2415,1.2569,1.2807
1.449,1.449,1.449,1.449,1.4457,1.4457,1.4457,1.4457,1.449,1.449,1.449,1.449,1.449,1.4457,1.2024,1.2884,1.195,1.3161,1.3267,1.3375,1.4211,1.4457,1.4457,1.4457,1.4457,1.4457,1.4457,1.449,1.449,1.3636,1.449,1.449,1.4296,1.3691,1.2981,1.1959,1.3261,1.3298,1.3336,1.3371,1.3407,1.3442,1.3477,1.3512,1.3548,1.3583,1.3618,1.3653,1.3688,1.3724,1.389,1.2861,1.3596,1.4042,1.4042,1.4042,1.4042,1.4042,1.4042,1.3988
1.4437,1.4033,1.3657,1.3557,1.3477,1.3476,1.3474,1.3482,1.349,1.3498,1.3506,1.1784,1.3523,1.3141,1.4437,1.4437,1.4437,1.4437,1.4437,1.4437,1.4437,1.4437,1.4437,1.4437,1.4437,1.4437,1.386,1.3139,1.2863,1.2836,1.2869,1.2971,1.3096,1.2678,1.1759,1.155,1.1346,1.1222,1.1097,1.1066,1.1066,1.1066,1.1066,1.1066,1.1066,1.1066,1.1066,1.1066,1.1066,1.1066,1.2422,1.4022,1.4022,1.4022,1.4022,1.4022,1.4022,1.4022,1.4022,1.4022
10.0,0.9527,1.1084,1.1085,1.1345,1.135,1.1355,1.133,1.1305,1.1278,1.1251,1.1223,1.1195,1.2444,1.3538,1.4082,1.3939,1.3802,1.3695,1.3586,0.9589,1.1084,1.1084,1.1084,1.1084,1.1084,1.0393,1.1084,1.1084,1.1084,1.1084,1.1084,1.1084,1.2761,1.3113,1.3176,1.3237,1.3275,1.3313,1.3348,1.3384,1.3419,1.3454,1.3489,1.3524,1.3559,1.3594,1.3629,1.1232,1.4003,1.4003,1.4037,1.381,1.3381,0.1628,1.3034,1.2999,1.3032,1.3193,1.3444
1.4078,1.3548,1.3185,1.3088,1.3012,1.301,1.3009,1.3016,1.3023,1.3031,1.3039,1.3048,1.3056,1.2687,1.1644,0.3712,1.1036,1.1036,1.1038,1.1394,1.2991,1.2973,1.2954,1.2937,1.2933,1.2934,1.3267,1.3855,1.4398,1.4366,1.4398,1.4398,1.4398,1.4398,1.4398,1.4398,1.4398,1.4398,1.4398,1.4398,1.4398,1.4398,1.4398,1.4398,1.4398,1.4398,1.4398,1.4398,1.4398,1.4398,1.4398,1.0622,1.2162,1.2567,1.2753,1.2895,1.2928,1.2897,1.2745,1.2508
1.4412,1.4412,1.4412,1.4412,1.4412,1.4412,1.4412,1.4412,1.4412,1.4412,1.4412,1.4378,1.4412,1.4369,1.3826,1.3433,1.3297,1.3166,1.1936,1.296,1.3693,1.3914,1.3936,1.3956,1.3326,1.3959,1.4412,1.4378,1.4378,1.4378,1.4378,1.4378,1.4378,1.4204,1.3838,1.3773,1.3709,1.367,1.3631,1.3594,1.3557,1.352,1.3484,1.3447,1.3411,1.3374,1.3338,1.3301,1.1647,1.3731,1.3965,1.3999,1.1054,1.359,1.339,1.3237,1.3202,1.3235,1.3399,1.3653
1.285,1.3421,1.3813,1.3917,1.4,1.4001,1.4003,1.3995,1.3987,1.3979,1.397,1.3961,1.3952,1.4356,1.4392,1.4359,1.4359,1.136,1.4359,1.4359,1.4359,1.4392,1.4392,1.4392,1.4392,1.4392,1.4314,1.1938,1.1039,1.2714,1.268,1.2575,1.1788,1.1039,0.8214,1.144,1.1648,1.1775,1.1902,1.2023,1.2143,1.2262,1.2381,1.25,1.2566,1.2599,1.2631,1.2664,1.2696,1.2729,1.2738,1.3946,1.3946,1.3946,1.3946,1.398,1.24,1.398,1.3946,1.3946
1.3356,1.2854,1.2509,1.2206,1.1937,1.1932,1.1927,1.1952,1.1978,1.2006,1.2035,1.2064,1.2093,1.0991,1.3127,1.3556,1.3705,1.3847,1.3959,1.3622,1.3427,1.3232,1.3213,1.3195,1.3192,1.3192,1.3436,1.2738,1.2402,1.2306,1.2422,1.2574,1.2771,1.3211,1.2871,1.281,1.2751,1.2714,1.2678,1.2644,1.2609,1.2575,1.2541,1.2507,1.2406,1.2267,1.2128,1.1989,1.185,1.1711,1.1055,1.2527,1.3243,1.3684,1.3893,1.3927,1.3927,1.3927,1.3883,1.362
1.1567,1.1009,1.2198,1.2527,1.2601,1.2602,1.2604,1.2597,1.259,1.2582,1.2574,1.2566,1.2558,1.2916,1.3217,1.2841,1.2712,1.2587,1.2427,1.2055,1.1606,1.1009,1.1009,1.1009,1.1009,1.1009,1.1009,1.2921,1.3216,1.3245,1.2667,1.3101,1.2884,1.4353,1.4353,1.4353,1.4353,1.4353,1.4353,1.4353,1.4353,1.4353,1.4353,1.4353,1.4353,1.4353,1.4353,1.4353,1.0565,1.3908,1.3942,1.3685,1.3029,1.2624,1.2439,1.2297,1.2264,1.2295,1.2447,1.2683
1.43,1.43,1.43,1.43,1.43,1.43,1.43,1.43,1.43,1.43,1.43,1.43,1.43,1.43,1.1678,1.0961,1.1406,1.1903,1.2293,1.252,1.3302,1.4085,1.4291,1.427,1.4267,1.4267,1.43,1.43,1.43,1.4334,1.4334,1.4334,1.4334,1.4334,1.4232,1.3397,1.4334,1.4334,1.4334,1.4334,1.4334,1.4334,1.4334,1.4334,1.4334,1.4334,1.4334,1.4334,1.4334,1.4334,1.4334,1.1714,1.2668,1.309,1.3283,1.3431,1.3466,1.3433,1.3275,1.3028
1.4281,1.4281,1.4281,1.4281,1.4281,1.4281,1.4281,1.4281,1.4281,1.4281,1.4281,1.341,1.4281,1.4281,1.4314,1.4314,1.4314,1.4314,1.4314,1.4314,1.4314,1.4314,1.4281,1.4281,1.4281,1.4281,1.4281,1.3887,1.3595,1.3566,1.3601,1.3709,1.3258,1.2834,1.2503,1.2443,1.2223,1.2089,1.1955,1.1828,1.1702,1.1576,1.1451,1.1325,1.12,1.1074,1.0949,1.0946,1.0946,1.0573,1.3713,1.3871,1.2241,1.3904,1.3904,1.3904,1.3904,1.3904,1.3904,1.3904
1.1471,1.0965,1.1948,1.2313,1.2497,1.2499,1.25,1.2493,1.2486,1.2478,1.247,1.2463,1.2435,1.2809,1.3813,1.4295,1.4262,1.4295,1.4295,1.4295,1.3922,1.2565,1.0726,1.2603,1.2606,1.2606,1.1538,1.0965,1.0965,1.0965,1.0965,1.0965,1.1596,1.0965,1.2044,1.2273,1.247,1.2506,1.2541,1.2575,1.2608,1.2641,1.2674,1.2707,1.274,1.2773,1.2806,1.284,1.2873,1.2575,1.3852,1.3885,1.3885,1.3885,1.3885,1.3066,1.3835,1.3872,1.3885,1.3885
1.3369,1.2866,1.2522,1.243,1.2205,1.22,1.2195,1.2221,1.2247,1.2275,1.2305,1.2334,1.2364,1.104,1.0917,1.0984,1.1506,1.2008,1.2402,1.251,1.2854,1.2667,1.2649,1.2632,1.2629,1.2629,1.2955,1.3485,1.3201,1.3173,1.3207,1.3312,1.3521,1.4045,1.4242,1.4242,1.4242,1.4242,1.4242,1.4242,1.4242,1.4242,1.4214,1.4173,1.4133,1.4092,1.4054,1.4015,1.3977,1.3938,1.3757,1.0508,1.2221,1.2628,1.2814,1.2957,1.299,1.2959,1.2806,1.2568
1.2949,1.3524,1.3918,1.4023,1.4107,1.4108,1.411,1.4102,1.4094,1.4085,1.4076,1.4067,1.4058,1.3682,1.3169,1.2795,1.2665,1.2541,1.2444,1.1625,0.9406,1.266,1.268,1.2698,1.153,1.2701,1.2059,1.4256,1.4256,1.4256,1.4256,1.4256,1.4223,1.4223,1.4223,1.4223,1.4223,1.4223,1.4223,1.4223,1.4223,1.4223,1.4223,1.4223,1.4223,1.4223,1.4223,1.4223,1.1118,1.3815,1.3848,1.3848,1.1326,1.2846,1.2657,1.2513,1.2479,1.2511,1.2666,1.2906
1.4191,1.4237,1.4237,1.4237,1.4237,1.4237,1.4237,1.4237,1.4237,1.4237,1.4237,1.4237,1.4237,1.4237,1.4204,1.3441,0.7458,1.3729,1.384,1.3953,1.4204,1.4204,1.4237,1.4237,1.4237,1.4237,1.4237,1.3304,1.3608,1.092,1.3601,1.3489,1.3266,1.1558,1.092,1.2599,1.2658,1.2694,1.273,1.2764,1.2798,1.2831,1.2865,1.2899,1.2932,1.2966,1.2999,1.3033,1.3066,1.31,1.0479,1.3367,1.3796,1.3796,1.3796,1.3796,1.3796,1.3796,1.3796,1.3796
1.385,1.3329,1.2972,1.2876,1.2801,1.2799,1.2798,1.2805,1.2812,1.282,1.2828,1.2836,1.2488,1.2482,1.1455,1.4185,1.4185,1.4185,1.4185,1.4185,1.4185,1.4081,1.406,1.404,1.4036,1.4037,1.3464,1.2764,1.2496,1.2469,1.2501,1.26,1.2798,1.2663,1.227,1.2053,1.184,1.171,1.158,1.1457,1.1335,1.1213,1.1091,1.097,1.0873,1.0873,1.0873,1.0873,1.0873,1.0873,0.8734,1.347,1.3778,1.3778,1.3778,1.3778,1.3778,1.3778,1.3778,1.3778
10.0,1.0891,1.1026,1.1363,1.1629,1.1634,1.1639,1.1614,1.1589,1.1561,1.1532,1.1504,1.1475,1.248,1.3458,1.3352,1.3217,1.3087,1.2985,1.2882,1.1094,1.0891,1.0891,1.0891,1.0891,1.0891,1.1341,1.1084,1.2197,1.2308,1.2174,1.079,1.0944,1.327,1.3636,1.3702,1.3766,1.3805,1.3844,1.3881,1.3917,1.3954,1.3991,1.4027,1.4064,1.4103,1.4142,1.418,1.1359,1.3759,1.3792,1.3792,1.3277,1.1663,0.1779,1.2531,1.2497,1.2529,1.2684,1.2925
1.4147,1.4033,1.3655,1.3555,1.3475,1.3474,1.3472,1.348,1.3487,1.3496,1.3504,1.3513,1.3521,1.3139,1.093,1.0844,1.043,1.0886,1.1242,1.1605,1.2891,1.3236,1.3217,1.3199,1.3196,1.3196,1.3536,1.4143,1.4147,1.4147,1.4147,1.4147,1.4147,1.4147,1.418,1.418,1.418,1.418,1.418,1.418,1.418,1.418,1.418,1.418,1.418,1.418,1.418,1.418,1.418,1.418,1.4147,1.0437,1.2151,1.2555,1.2741,1.2883,1.2916,1.2885,1.2733,1.2496
1.4161,1.4161,1.4128,1.4128,1.4128,1.4128,1.4128,1.4128,1.4128,1.4128,1.4128,1.4128,1.4128,1.4161,1.4161,1.389,1.3749,1.3614,1.3173,1.3401,1.4161,1.4161,1.4161,1.4161,1.4161,1.4161,1.4128,1.4128,1.4128,1.4128,1.4128,1.4128,1.3862,1.3419,1.3073,1.3011,1.2951,1.2914,1.2877,1.2842,1.2807,1.2773,1.2738,1.2704,1.2669,1.2635,1.26,1.2566,1.2531,1.2543,1.3723,1.3756,1.172,0.5574,1.3756,1.3672,1.3633,1.367,1.3756,1.3756
1.1138,1.2617,1.2985,1.3084,1.3161,1.3163,1.3164,1.3157,1.315,1.3141,1.3133,1.3125,1.3116,1.349,1.4142,1.4109,1.4109,1.3812,1.4109,1.4109,1.4142,1.356,1.3282,1.3601,1.3605,1.3604,1.3227,1.0848,0.6485,1.1905,1.1777,1.1379,1.0848,1.0848,1.1281,1.1495,1.1704,1.1832,1.1959,1.2081,1.2201,1.2321,1.2358,1.2391,1.2423,1.2455,1.2488,1.252,1.2552,1.1102,1.338,1.3704,1.3737,1.3737,1.3737,0.7914,1.308,1.3737,1.3737,1.3737
1.314,1.2646,1.2307,1.2046,1.178,1.1775,1.177,1.1795,1.1821,1.1848,1.1877,1.1905,0.5206,1.08,1.232,1.2723,1.2862,1.2996,1.3101,1.317,1.2981,1.2793,1.2775,1.2757,1.2754,1.2755,1.3083,1.2802,1.2533,1.2506,1.2538,1.2637,1.2836,1.3333,1.3264,1.3202,1.3141,1.3103,1.3066,1.303,1.2995,1.296,1.2925,1.289,1.2855,1.282,1.2785,1.275,1.2715,1.268,1.2515,1.194,1.2622,1.3042,1.3235,1.3383,1.3417,1.3385,1.3227,1.2981
1.0354,1.2396,1.2758,1.2854,1.2931,1.2932,1.2933,1.2926,1.2919,1.2911,1.2903,1.2895,1.2886,1.3254,1.2981,1.2611,1.2484,1.2361,1.2183,0.928,1.0819,1.0819,1.0862,1.093,1.0943,1.0941,1.0819,1.3495,1.3803,1.3834,1.3183,1.3683,1.4105,1.4105,1.4105,1.4105,1.4105,1.4105,1.4105,1.4105,1.4072,1.4072,1.4072,1.4072,1.4072,1.4072,1.4072,1.4072,1.0382,1.3668,1.3701,1.3553,1.1641,1.2502,1.2319,1.2178,1.2145,1.2176,1.2327,1.2561
1.4086,1.4053,1.4053,1.4053,1.4053,1.4053,1.4053,1.4053,1.4053,1.4053,1.4053,1.4053,1.4053,1.4053,1.0984,1.2356,1.2491,1.2621,1.2723,1.2827,1.3628,1.4053,1.4053,1.4053,1.4053,1.4053,1.4053,1.4053,1.4086,1.3876,1.4086,1.4086,1.4086,1.3986,1.3257,1.1453,1.3434,1.3472,1.351,1.3547,1.3583,1.3618,1.3654,1.369,1.3725,1.3761,1.3797,1.3832,1.3868,1.3903,1.4079,1.2285,1.2987,1.342,1.3625,1.365,1.365,1.365,1.3616,1.3357
1.4035,1.4035,1.3862,1.376,1.3679,1.3678,1.3676,1.3684,1.3691,1.37,1.3708,0.9188,1.3726,1.3338,1.4035,1.4067,1.4067,1.4067,1.4067,1.4035,1.4035,1.4035,1.4035,1.4035,1.4035,1.4035,1.3939,1.3212,1.2935,1.2907,1.294,1.3043,1.2972,1.2558,1.2234,1.2027,1.1815,1.1686,1.1556,1.1433,1.1311,1.1189,1.1068,1.0947,1.0826,1.0757,1.0757,1.0757,1.0757,1.0757,1.2584,1.3632,1.3632,1.3632,1.3664,1.3664,1.3664,1.3664,1.3664,1.3632
10.0,1.0776,1.1328,1.1674,1.1948,1.1953,1.1958,1.1932,1.1906,1.1878,1.1849,1.1819,1.179,1.2472,1.345,1.4049,1.4049,1.4024,1.3909,1.3797,1.0776,1.127,1.1402,1.1474,1.1488,1.1485,1.0776,1.0776,1.0975,1.1074,1.0954,1.0776,1.0776,1.2273,1.2612,1.2673,1.2732,1.2768,1.2804,1.2838,1.2872,1.2906,1.294,1.2974,1.3008,1.3041,1.3075,1.3109,1.3143,1.3067,1.3614,1.3646,1.3646,1.3457,0.1651,1.3108,1.3073,1.3106,1.3268,1.3521
1.3589,1.3078,1.2727,1.2634,1.256,1.2558,1.2557,1.2564,1.2571,1.2579,1.2587,1.2595,1.2603,1.2247,1.0217,0.353,1.0831,1.1304,1.1674,1.2051,1.2857,1.2671,1.2652,1.2635,1.2632,1.2633,1.2958,1.3533,1.3671,1.3642,1.3677,1.3786,1.3997,1.3997,1.3997,1.3997,1.3997,1.3997,1.3997,1.3997,1.3997,1.3997,1.3997,1.3997,1.3997,1.3997,1.3997,1.3997,1.3997,1.3997,1.3997,1.0327,1.1997,1.2396,1.258,1.272,1.2752,1.2722,1.2572,1.2338
1.3629,1.4011,1.4011,1.4011,1.4011,1.4011,1.4011,1.4011,1.4011,1.4011,1.4011,1.4011,1.4011,1.3885,1.3363,1.2983,1.2852,1.2726,1.0747,1.2526,1.2957,1.3167,1.3187,1.3206,0.9181,1.3209,1.4011,1.4011,1.3979,1.3979,1.3979,1.3979,1.3979,1.3979,1.3979,1.3979,1.3944,1.3902,1.386,1.3821,1.3784,1.3747,1.371,1.3672,1.3635,1.3598,1.3561,1.3524,1.0761,1.3578,1.3578,1.361,1.1234,1.307,1.2878,1.2731,1.2697,1.2729,1.2886,1.3131
1.3084,1.3665,1.3993,1.3993,1.3993,1.3993,1.3993,1.3993,1.3993,1.3993,1.3993,1.3993,1.3993,1.3993,1.3993,1.396,1.3604,1.1536,1.396,1.396,1.396,1.3993,1.3993,1.3993,1.3993,1.3993,1.3993,1.253,1.265,1.2845,1.2811,1.2705,1.2495,1.0733,1.1345,1.2201,1.2258,1.2293,1.2328,1.2361,1.2393,1.2426,1.2458,1.2491,1.2524,1.2556,1.2589,1.2621,1.2654,1.2686,1.1932,1.356,1.356,1.356,1.356,1.356,1.1798,1.356,1.356,1.356
1.3347,1.2845,1.2501,1.2409,1.2336,1.2335,1.2333,1.234,1.2347,1.2355,1.2362,1.237,1.1503,1.1665,0.8193,1.3809,1.3942,1.3942,1.3942,1.3728,1.3532,1.3336,1.3316,1.3298,1.3295,1.3296,1.326,1.2571,1.2306,1.228,1.2312,1.2409,1.2604,1.2805,1.2475,1.2416,1.2359,1.2323,1.2288,1.2255,1.2222,1.2189,1.2156,1.2042,1.1908,1.1775,1.1642,1.1508,1.1375,1.1242,1.0612,1.2636,1.3358,1.3542,1.3542,1.3542,1.3542,1.3542,1.3542,1.3542
1.1249,1.0705,1.1872,1.2183,1.2256,1.2257,1.2258,1.2252,1.2245,1.2237,1.2229,1.2222,1.2214,1.2562,1.3221,1.2845,1.2715,1.259,1.2492,1.2393,1.0705,1.0023,1.0705,1.0705,1.0705,0.5174,1.0705,0.679,1.2658,1.2686,1.2653,1.2548,1.234,1.3918,1.3956,1.3956,1.3956,1.3956,1.3956,1.3956,1.3956,1.3956,1.3956,1.3956,1.3956,1.3956,1.3956,1.3956,1.0662,1.3524,1.3556,1.3556,1.292,1.0705,0.2059,1.2194,1.2162,1.2193,1.2343,1.2578
1.3905,1.3905,1.3905,1.3905,1.3905,1.3905,1.3905,1.3905,1.3905,1.3905,1.3905,1.3905,1.3905,1.3727,1.0658,1.0658,1.1155,1.1642,1.2023,1.2192,1.2954,1.3647,1.3627,1.3609,1.3606,1.3606,1.3905,1.3905,1.3905,1.3905,1.3905,1.3905,1.3938,1.3938,1.3938,1.3683,1.3938,1.3938,1.3938,1.3938,1.3938,1.3938,1.3938,1.3938,1.3938,1.3938,1.3938,1.3938,1.3938,1.3938,1.3938,1.1147,1.2264,1.2672,1.286,1.3003,1.3036,1.3005,1.2851,1.2613
1.3919,1.3887,1.3887,1.3887,1.3887,1.3887,1.3887,1.3887,1.3887,1.3887,1.3887,1.3593,1.3887,1.3887,1.3919,1.3919,1.3919,1.3919,1.3919,1.3919,1.3919,1.3919,1.3919,1.3919,1.3919,1.3887,1.3887,1.3887,1.3793,1.3762,1.38,1.3887,1.3287,1.2863,1.2531,1.2472,1.2414,1.2379,1.2343,1.231,1.2277,1.2243,1.221,1.2177,1.2144,1.2111,1.2004,1.1867,1.1729,1.0246,1.3488,1.3488,1.1511,0.6297,1.3521,1.3521,1.3521,1.3521,1.3521,1.3521
1.0663,1.1765,1.2387,1.2481,1.2555,1.2557,1.2558,1.2551,1.2544,1.2536,1.2528,1.252,1.2512,1.2869,1.3884,1.3901,1.3869,1.3901,1.3901,1.3901,1.3901,1.2719,1.2137,1.2757,1.2761,1.276,1.2406,1.0663,1.1229,1.1331,1.1208,1.083,0.9014,1.0663,1.1897,1.2119,1.2176,1.221,1.2245,1.2278,1.231,1.2343,1.2375,1.2407,1.244,1.2472,1.2504,1.2536,1.2569,0.9652,1.3471,1.3503,1.3503,1.3503,1.3503,1.2207,1.3503,1.3503,1.3503,1.3503
1.3096,1.2604,1.2266,1.2176,1.2104,1.2103,1.2102,1.2108,1.2115,1.2123,1.213,1.2138,1.2146,1.1038,1.0616,1.2117,1.225,1.2377,1.2477,1.2579,1.2725,1.2541,1.2522,1.2506,1.2503,1.2503,1.2825,1.3018,1.2744,1.2717,1.2749,1.2851,1.3052,1.3558,1.3803,1.3734,1.3669,1.363,1.3591,1.3554,1.3517,1.3481,1.3444,1.3408,1.3372,1.3335,1.3299,1.3263,1.3226,1.319,1.3018,1.0938,1.2178,1.2583,1.2769,1.2912,1.2945,1.2914,1.2761,1.2524
1.2299,1.2845,1.322,1.332,1.3399,1.34,1.3402,1.3395,1.3387,1.3379,1.337,1.3362,1.3353,1.3418,1.2916,1.2548,1.2422,1.23,1.2204,1.0739,1.0635,1.2175,1.2194,1.2211,1.2215,1.2214,1.1139,1.3865,1.3865,1.3865,1.3865,1.3865,1.3865,1.3833,1.3833,1.3833,1.3833,1.3833,1.3833,1.3833,1.3833,1.3833,1.3833,1.3833,1.3833,1.3833,1.3833,1.3833,1.0902,1.3435,1.3468,1.3468,1.1278,1.2516,1.2332,1.2191,1.2158,1.2189,1.234,1.2574
1.3847,1.3847,1.3847,1.3847,1.3847,1.3847,1.3847,1.3847,1.3847,1.3847,1.3847,1.3847,1.3847,1.3815,1.238,1.2785,0.7551,1.3059,1.3164,1.3272,1.3815,1.3815,1.3815,1.3815,1.3815,1.3815,1.3847,1.3847,1.3847,1.2493,1.3847,1.3727,1.3498,1.229,1.2256,1.1682,1.275,1.2786,1.2822,1.2856,1.289,1.2924,1.2958,1.2992,1.3026,1.3059,1.3093,1.3127,1.3161,1.3195,1.0847,1.2685,1.3418,1.3418,1.3418,1.3418,1.3418,1.3418,1.3418,1.3418
1.3797,1.3454,1.3093,1.2997,1.2921,1.2919,1.2918,1.2925,1.2932,1.294,1.2948,1.2957,1.2753,1.2599,1.0575,1.3797,1.3797,1.3797,1.3797,1.3797,1.3797,1.3797,1.3797,1.3797,1.3797,1.3797,1.345,1.2751,1.2483,1.2456,1.2488,1.2587,1.2785,1.245,1.2129,1.2072,1.1997,1.1866,1.1734,1.1609,1.1485,1.1362,1.1239,1.1116,1.0993,1.087,1.0746,1.0623,1.0575,1.0575,1.0575,1.34,1.34,1.34,1.34,1.34,1.34,1.34,1.34,1.34
1.1022,1.0593,1.1299,1.1645,1.1917,1.1922,1.1928,1.1902,1.1876,1.1848,1.1818,1.1789,1.176,1.2308,1.3272,1.3487,1.335,1.3219,1.3116,1.3012,1.0593,1.0593,1.0637,1.0705,1.0717,1.0715,1.0593,1.0778,1.1861,1.1968,1.1839,1.0593,1.0642,1.2659,1.3009,1.3071,1.3132,1.317,1.3207,1.3242,1.3277,1.3312,1.3347,1.3382,1.3417,1.3452,1.3486,1.3521,1.0617,1.3383,1.3383,1.3415,1.3288,1.2875,0.1752,1.2541,1.2507,1.2539,1.2694,1.2935
1.3761,1.3435,1.3075,1.2978,1.2902,1.2901,1.29,1.2907,1.2914,1.2922,1.293,1.2938,1.2946,1.2581,1.0547,0.4196,1.0734,1.1202,1.1569,1.1943,1.2727,1.2826,1.2807,1.279,1.2787,1.2787,1.3117,1.3702,1.3761,1.3761,1.3761,1.3761,1.3761,1.3761,1.3761,1.3761,1.3761,1.3761,1.3761,1.3761,1.3761,1.3761,1.3761,1.3761,1.3761,1.3761,1.3761,1.3761,1.3761,1.3761,1.3761,1.0152,1.1909,1.2306,1.2488,1.2627,1.2659,1.2629,1.248,1.2248
1.3775,1.3775,1.3775,1.3775,1.3775,1.3775,1.3775,1.3775,1.3775,1.3775,1.3775,1.3743,1.3775,1.3743,1.3711,1.3317,1.3183,1.3053,1.2368,1.2848,1.3579,1.3775,1.3775,1.3775,1.3035,1.3775,1.3775,1.3743,1.3743,1.3743,1.3743,1.3743,1.3743,1.3574,1.3224,1.3161,1.31,1.3063,1.3026,1.299,1.2955,1.292,1.2886,1.2851,1.2816,1.2781,1.2746,1.2711,1.2676,1.2515,1.3348,1.338,1.1415,1.338,1.3209,1.3059,1.3024,1.3057,1.3218,1.338
1.2242,1.2786,1.3159,1.3259,1.3337,1.3339,1.334,1.3333,1.3325,1.3317,1.3309,1.33,1.3292,1.3674,1.3757,1.3725,1.3725,1.27,1.3725,1.3725,1.3757,1.3757,1.3551,1.3757,1.3757,1.3757,1.347,1.1907,1.0552,1.2273,1.224,1.214,1.1189,1.0552,1.1711,1.1933,1.2033,1.2067,1.2101,1.2134,1.2166,1.2198,1.223,1.2262,1.2293,1.2325,1.2357,1.2389,1.2421,1.2453,1.2478,1.3331,1.3331,1.3363,1.3363,1.1015,1.2422,1.3363,1.3363,1.3363
1.304,1.255,1.2213,1.2123,1.2052,1.2051,1.205,1.2056,1.2063,1.2071,1.2078,1.2086,0.4842,1.1187,1.2492,1.2901,1.3042,1.3178,1.3284,1.319,1.3001,1.2812,1.2794,1.2777,1.2774,1.2774,1.3103,1.2539,1.2276,1.2249,1.2281,1.2378,1.2572,1.306,1.2754,1.2694,1.2635,1.2599,1.2563,1.2529,1.2495,1.2461,1.2428,1.2394,1.236,1.2327,1.2293,1.226,1.2226,1.2192,1.2033,1.1993,1.2679,1.3101,1.3302,1.3314,1.3314,1.3314,1.3293,1.3039
1.0525,1.1961,1.231,1.2403,1.2477,1.2478,1.248,1.2473,1.2466,1.2458,1.245,1.2442,1.2434,1.2789,1.2895,1.2529,1.2402,1.228,1.2185,1.0525,1.0525,1.0636,1.0708,1.0776,1.0789,1.0786,1.0525,1.2823,1.3115,1.3144,1.3109,1.3001,1.2786,1.3721,1.3721,1.3721,1.3721,1.3721,1.3721,1.3721,1.3721,1.3721,1.3721,1.3721,1.3721,1.3721,1.3721,1.3721,1.0541,1.3296,1.3328,1.3328,1.2718,1.2323,1.2142,1.2004,1.1972,1.2002,1.215,1.2381
1.3704,1.3672,1.3672,1.3672,1.3672,1.3672,1.3672,1.3672,1.3672,1.3672,1.3672,1.3672,1.3672,1.3672,1.0479,1.1922,1.2068,1.2194,1.2293,1.2393,1.3167,1.3672,1.3672,1.3672,1.3672,1.3672,1.3672,1.3672,1.3704,1.3704,1.3704,1.3704,1.3704,1.3704,1.3509,1.2464,1.3642,1.3683,1.3704,1.3704,1.3704,1.3704,1.3704,1.3704,1.3704,1.3704,1.3704,1.3704,1.3704,1.3704,1.3704,1.1815,1.249,1.2906,1.3096,1.3249,1.3279,1.3251,1.3088,1.2845
1.3654,1.3654,1.3654,1.3654,1.3654,1.3654,1.3654,1.3654,1.3654,1.3654,1.3654,1.2252,1.3654,1.3561,1.3686,1.3686,1.3686,1.3686,1.3686,1.3686,1.3654,1.3654,1.3654,1.3654,1.3654,1.3654,1.3654,1.333,1.3049,1.3022,1.3055,1.3159,1.2914,1.2502,1.2179,1.2122,1.2066,1.2031,1.1997,1.1964,1.1932,1.19,1.1774,1.1645,1.1517,1.1388,1.1259,1.113,1.1001,1.0552,1.2718,1.3262,1.3262,1.3294,1.3294,1.3294,1.3294,1.3294,1.3294,1.3294
1.1148,1.0801,1.1983,1.2074,1.2146,1.2147,1.2148,1.2142,1.2135,1.2127,1.212,1.2112,1.2104,1.2449,1.3425,1.3668,1.3636,1.3668,1.3668,1.3668,1.3159,1.2101,1.1241,1.2137,1.2141,1.214,1.14,1.0484,1.1241,1.1343,1.122,1.0841,1.0484,1.0964,1.2219,1.2277,1.2335,1.237,1.2405,1.2438,1.2471,1.2504,1.2536,1.2569,1.2602,1.2635,1.2667,1.27,1.2733,1.2091,1.3245,1.3277,1.3277,1.3277,1.1131,1.2902,1.3172,1.3207,1.3277,1.3277
1.3209,1.2713,1.2372,1.2281,1.2209,1.2208,1.2206,1.2213,1.222,1.2227,1.2235,1.2243,1.225,1.1904,1.0439,0.4804,1.1712,1.1954,1.205,1.2148,1.2636,1.2452,1.2434,1.2418,1.2415,1.2415,1.2735,1.3299,1.3093,1.3065,1.3099,1.3203,1.341,1.3619,1.3619,1.3619,1.3619,1.3619,1.3619,1.3619,1.3619,1.3619,1.3619,1.3619,1.3619,1.3619,1.3619,1.3619,1.3619,1.3619,1.3619,1.0389,1.1887,1.2283,1.2464,1.2603,1.2636,1.2605,1.2456,1.2225
1.2845,1.3416,1.3633,1.3633,1.3633,1.3633,1.3633,1.3633,1.3633,1.3633,1.3633,1.3633,1.3633,1.3514,1.3006,1.2636,1.2509,1.2386,1.229,1.2161,1.0457,1.2562,1.2582,1.26,0.9519,1.2603,1.2253,1.3633,1.3633,1.3633,1.3633,1.3633,1.3601,1.3601,1.3601,1.3601,1.3601,1.3601,1.3601,1.3601,1.3601,1.3601,1.3601,1.3601,1.3601,1.3601,1.3601,1.3601,1.056,1.3211,1.3211,1.3242,1.1199,1.265,1.2464,1.2322,1.2289,1.232,1.2472,1.2709
1.3328,1.3616,1.3616,1.3616,1.3616,1.3616,1.3616,1.3616,1.3616,1.3616,1.3616,1.3616,1.3616,1.3616,1.3584,1.3335,1.2476,1.3584,1.3584,1.3584,1.3584,1.3584,1.3616,1.3616,1.3616,1.3616,1.3616,1.2691,1.2903,1.1359,1.2975,1.2868,1.2654,1.1695,1.0443,1.2213,1.227,1.2305,1.234,1.2373,1.2406,1.2438,1.2471,1.2503,1.2536,1.2569,1.2601,1.2634,1.2666,1.2699,1.0022,1.3173,1.3194,1.3194,1.3194,1.3194,1.3194,1.3194,1.3194,1.3194
1.3392,1.2888,1.2543,1.2451,1.2378,1.2376,1.2375,1.2382,1.2389,1.2396,1.2404,1.2412,1.0604,1.2069,0.8532,1.3566,1.3566,1.3566,1.3566,1.3566,1.3566,1.3482,1.3461,1.3442,1.3438,1.3439,1.3156,1.2472,1.221,1.2184,1.2215,1.2312,1.2505,1.2495,1.2173,1.2116,1.2059,1.2025,1.1991,1.1958,1.1926,1.1894,1.1862,1.1829,1.1721,1.1589,1.1458,1.1327,1.1196,1.1065,0.9558,1.2756,1.3177,1.3177,1.3177,1.3177,1.3177,1.3177,1.3177,1.3177
1.1012,1.0479,1.1831,1.1926,1.1997,1.1998,1.2,1.1993,1.1986,1.1979,1.1971,1.1964,1.1956,1.2297,1.3261,1.2899,1.2768,1.2643,1.2545,1.2445,1.0417,0.7623,1.0461,1.0527,1.0539,0.619,1.0417,1.1943,1.2216,1.2243,1.221,1.1918,1.1909,1.3168,1.3538,1.3581,1.3581,1.3581,1.3581,1.3581,1.3581,1.3581,1.3581,1.3581,1.3581,1.3581,1.3581,1.3581,1.0713,1.316,1.316,1.3192,1.2863,1.1296,0.1959,1.214,1.2108,1.2138,1.2289,1.2522
1.3532,1.3532,1.3532,1.3456,1.3374,1.3373,1.3371,1.3379,1.3386,1.3394,1.3403,1.3412,1.3421,1.304,1.0372,1.066,1.1166,1.1654,1.1852,1.1949,1.2696,1.3121,1.3102,1.3084,1.3081,1.3082,1.342,1.3532,1.3532,1.3532,1.3532,1.3532,1.3532,1.3563,1.3563,1.3563,1.3563,1.3563,1.3563,1.3563,1.3563,1.3563,1.3563,1.3563,1.3563,1.3563,1.3563,1.3563,1.3563,1.3563,1.3563,1.0889,1.1944,1.2341,1.2524,1.2663,1.2696,1.2665,1.2516,1.2283
1.3546,1.3546,1.3514,1.3514,1.3514,1.3514,1.3514,1.3514,1.3514,1.3514,1.3514,1.3514,1.3514,1.3514,1.3546,1.3546,1.3546,1.3518,1.3028,1.33,1.3546,1.3546,1.3546,1.3546,1.3546,1.3546,1.3514,1.3514,1.3514,1.3514,1.3514,1.3514,1.3366,1.2939,1.2605,1.2545,1.2487,1.2452,1.2416,1.2382,1.2349,1.2316,1.2282,1.2249,1.2216,1.2183,1.2149,1.2116,1.2083,0.9971,1.3126,1.3158,1.113,0.6089,1.3158,1.3158,1.3158,1.3158,1.3158,1.3158
1.0926,1.2132,1.2486,1.2581,1.2656,1.2657,1.2658,1.2651,1.2644,1.2636,1.2628,1.262,1.2612,1.2972,1.3529,1.3497,1.3497,1.3529,1.3529,1.3529,1.3529,1.29,1.2373,1.2938,1.2942,1.2941,0.8484,1.0979,0.6964,1.1889,1.1857,1.1652,1.0377,1.0742,1.185,1.1906,1.1962,1.1996,1.203,1.2062,1.2094,1.2126,1.2158,1.2189,1.2221,1.2253,1.2285,1.2316,1.2348,1.0812,1.3035,1.311,1.3141,1.3141,1.3141,0.9377,1.2974,1.3141,1.3141,1.3141
1.2905,1.242,1.2087,1.1998,1.1928,1.1926,1.1925,1.1932,1.1938,1.1946,1.1953,1.1961,1.1968,1.0332,1.1835,1.2222,1.2356,1.2485,1.2586,1.2688,1.2661,1.2478,1.246,1.2443,1.244,1.244,1.2761,1.2655,1.2388,1.2362,1.2394,1.2492,1.2688,1.318,1.3163,1.3101,1.304,1.3003,1.2966,1.2931,1.2896,1.2861,1.2827,1.2792,1.2757,1.2722,1.2688,1.2653,1.2618,1.2584,1.242,1.1517,1.2175,1.258,1.2766,1.2909,1.2942,1.2911,1.2758,1.2521
1.1775,1.2298,1.2657,1.2753,1.2828,1.283,1.2831,1.2824,1.2817,1.2809,1.2801,1.2793,1.2785,1.3149,1.2741,1.2379,1.2253,1.2133,1.2039,1.035,1.035,1.1793,1.1811,1.1828,1.1832,1.035,1.0614,1.3388,1.3494,1.3494,1.3215,1.3494,1.3494,1.3494,1.3463,1.3463,1.3463,1.3463,1.3463,1.3463,1.3463,1.3463,1.3463,1.3463,1.3463,1.3463,1.3463,1.3463,1.0828,1.3076,1.3108,1.3108,1.2653,1.2261,1.208,1.1943,1.1911,1.1941,1.2088,1.2318
1.3477,1.3477,1.3446,1.3446,1.3446,1.3446,1.3446,1.3446,1.3446,1.3446,1.3446,1.3446,1.3446,1.3446,1.1868,1.2257,1.0926,1.252,1.2621,1.2724,1.3446,1.3446,1.3446,1.3446,1.3446,1.3446,1.3446,1.3477,1.3477,1.2683,1.3477,1.3477,1.3477,1.3159,1.2476,1.1479,1.2879,1.2915,1.2952,1.2986,1.3021,1.3055,1.3089,1.3123,1.3157,1.3192,1.3226,1.326,1.3294,1.3328,1.0366,1.2123,1.2815,1.306,1.306,1.306,1.306,1.306,1.306,1.306
1.3429,1.3429,1.3249,1.3151,1.3074,1.3073,1.3071,1.3079,1.3086,1.3094,1.3102,1.1135,1.2991,1.2748,1.3429,1.3429,1.3429,1.3429,1.346,1.3429,1.3429,1.3429,1.3429,1.3429,1.3429,1.3429,1.3429,1.2789,1.252,1.2493,1.2525,1.2625,1.2716,1.231,1.1992,1.1936,1.188,1.1847,1.1813,1.1781,1.1749,1.1717,1.1635,1.1508,1.138,1.1253,1.1126,1.0998,1.0871,1.0743,1.1781,1.3043,1.3043,1.0324,1.3043,1.3074,1.3074,1.3074,1.3043,1.3043
1.0928,1.0478,1.1746,1.1835,1.1905,1.1906,1.1908,1.1901,1.1894,1.1887,1.188,1.1872,1.1865,1.2203,1.3159,1.3443,1.3443,1.3388,1.328,1.3174,1.0712,1.0646,1.1596,1.1669,1.1683,1.168,1.0277,1.0735,1.1742,1.1768,1.1736,1.1014,1.06,0.8607,1.2506,1.2566,1.2625,1.2661,1.2697,1.2731,1.2764,1.2798,1.2831,1.2865,1.2898,1.2932,1.2965,1.2999,1.3032,1.2444,1.3027,1.3058,1.3058,1.2918,0.1765,1.2583,1.2549,1.2581,1.2737,1.2982
1.3395,1.296,1.2613,1.252,1.2446,1.2445,1.2444,1.2451,1.2458,1.2465,1.2473,1.2481,1.2489,1.2136,1.0267,0.3911,1.1285,1.1698,1.1792,1.1889,1.2631,1.2512,1.2494,1.2477,1.2474,1.2475,1.2796,1.3369,1.3395,1.3395,1.3395,1.3395,1.3395,1.3395,1.3395,1.3395,1.3395,1.3395,1.3395,1.3395,1.3395,1.3395,1.3395,1.3395,1.3395,1.3395,1.3395,1.3395,1.3395,1.3395,1.3395,1.0383,1.1731,1.2122,1.2301,1.2438,1.247,1.244,1.2293,1.2065
1.3409,1.3409,1.3409,1.3409,1.3409,1.3409,1.3409,1.3409,1.3409,1.3409,1.3409,1.3409,1.3409,1.3409,1.3239,1.2863,1.2733,1.2608,1.1711,1.241,1.2857,1.3065,1.3086,1.3105,1.2041,1.3107,1.3409,1.3378,1.3378,1.3378,1.3378,1.3378,1.3378,1.3378,1.3378,1.3346,1.3281,1.3241,1.3203,1.3167,1.3131,1.3096,1.3061,1.3025,1.299,1.2954,1.2919,1.2884,1.2848,1.2401,1.2994,1.3025,1.0852,1.2894,1.2704,1.2559,1.2525,1.2557,1.2712,1.2958
1.2425,1.2977,1.3362,1.3392,1.3392,1.3392,1.3392,1.3392,1.3392,1.3392,1.3392,1.3392,1.3392,1.3392,1.3392,1.3361,1.3159,1.206,1.3361,1.3361,1.3361,1.3392,1.3392,1.3392,1.3392,1.3392,1.3392,1.2063,1.1869,1.2365,1.2333,1.2231,1.2028,1.0907,0.8424,1.1912,1.1967,1.2001,1.2035,1.2067,1.2099,1.2131,1.2163,1.2195,1.2226,1.2258,1.229,1.2322,1.2353,1.2385,1.1717,1.2977,1.2977,1.2977,1.2977,1.3008,1.189,1.3008,1.2977,1.2977
1.3002,1.2513,1.2178,1.2088,1.2018,1.2016,1.2015,1.2022,1.2028,1.2036,1.2043,1.2051,1.0912,1.1718,1.0754,1.3099,1.3244,1.3344,1.3344,1.3261,1.3069,1.2879,1.286,1.2843,1.284,1.284,1.3032,1.2355,1.2095,1.2069,1.21,1.2196,1.2387,1.2679,1.2352,1.2294,1.2237,1.2202,1.2167,1.2134,1.2101,1.2068,1.2036,1.2003,1.1971,1.1938,1.1906,1.1873,1.184,1.1808,1.0319,1.2068,1.2758,1.2961,1.2961,1.2961,1.2961,1.2961,1.2961,1.2961
1.0246,1.1546,1.1961,1.2052,1.2123,1.2125,1.2126,1.2119,1.2112,1.2105,1.2097,1.209,1.2082,1.2426,1.287,1.2504,1.2377,1.2256,1.216,1.2063,1.0246,1.0729,1.0803,1.0871,1.0884,1.0881,1.0246,1.228,1.256,1.2588,1.2555,1.2451,1.2245,1.3358,1.3358,1.3358,1.3358,1.3358,1.3358,1.3358,1.3358,1.3358,1.3358,1.3358,1.3358,1.3358,1.3358,1.3358,1.0622,1.2944,1.2944,1.2975,1.2592,1.0246,0.2334,1.1885,1.1853,1.1883,1.203,1.2258
1.331,1.331,1.331,1.331,1.331,1.331,1.331,1.331,1.331,1.331,1.331,1.331,1.331,1.331,1.0202,1.0202,1.1741,1.1863,1.1959,1.2056,1.2809,1.331,1.331,1.331,1.331,1.331,1.331,1.331,1.3341,1.3341,1.3341,1.3341,1.3341,1.3341,1.3341,1.269,1.3341,1.3341,1.3341,1.3341,1.3341,1.3341,1.3341,1.3341,1.3341,1.3341,1.3341,1.3341,1.3341,1.3341,1.3341,1.1434,1.2087,1.249,1.2674,1.2817,1.2852,1.2819,1.2666,1.2431
1.3294,1.3294,1.3294,1.3294,1.3294,1.3294,1.3294,1.3294,1.3294,1.3294,1.3294,1.2398,1.3294,1.3294,1.3325,1.3325,1.3325,1.3325,1.3325,1.3325,1.3325,1.3325,1.3325,1.3325,1.3325,1.3294,1.3294,1.3294,1.32,1.317,1.3206,1.3294,1.2913,1.25,1.2178,1.212,1.2064,1.203,1.1996,1.1963,1.1931,1.1898,1.1866,1.1834,1.1802,1.177,1.1738,1.1706,1.1674,1.0627,1.2811,1.2912,1.2943,1.257,1.2943,1.2943,1.2943,1.2943,1.2943,1.2943
1.0207,1.1669,1.201,1.21,1.2172,1.2174,1.2175,1.2168,1.2161,1.2154,1.2146,1.2139,1.2131,1.2476,1.3308,1.3308,1.3277,1.3308,1.3308,1.3308,1.3308,1.2214,1.0207,1.2251,1.2254,1.2254,1.0704,1.0207,1.1641,1.1666,1.1635,1.1347,0.982,1.0868,1.1917,1.1974,1.203,1.2064,1.2098,1.2131,1.2163,1.2195,1.2227,1.2259,1.2291,1.2323,1.2354,1.2386,1.2418,0.9795,1.2896,1.2927,1.2927,1.2927,1.2927,1.2077,1.2927,1.2927,1.2927,1.2927
1.2923,1.2437,1.2104,1.2015,1.1945,1.1943,1.1942,1.1949,1.1955,1.1963,1.197,1.1978,1.1985,1.0857,1.0686,1.1738,1.1866,1.199,1.2086,1.2185,1.2488,1.2307,1.2289,1.2272,1.2269,1.227,1.2586,1.2904,1.2633,1.2606,1.2638,1.2738,1.2938,1.326,1.326,1.326,1.326,1.326,1.326,1.326,1.326,1.326,1.326,1.326,1.326,1.3238,1.3199,1.3161,1.3123,1.3087,1.2916,1.1185,1.1824,1.2218,1.2399,1.2537,1.2569,1.2539,1.2391,1.2161
1.2206,1.2749,1.312,1.3225,1.3274,1.3274,1.3274,1.3274,1.3274,1.3274,1.3274,1.3269,1.326,1.3241,1.2739,1.2377,1.2252,1.2132,1.2037,1.1692,1.0182,1.2077,1.2096,1.2113,1.0665,1.211,1.178,1.3274,1.3274,1.3274,1.3274,1.3274,1.3244,1.3244,1.3244,1.3244,1.3244,1.3244,1.3244,1.3244,1.3244,1.3244,1.3244,1.3244,1.3244,1.3244,1.3244,1.3244,1.0284,1.2863,1.2863,1.2894,1.0964,1.2316,1.2135,1.1997,1.1965,1.1995,1.2143,1.2374
1.3258,1.3258,1.3258,1.3258,1.3258,1.3258,1.3258,1.3258,1.3258,1.3258,1.3258,1.3258,1.3258,1.3258,1.2287,1.2689,0.8113,1.2962,1.3066,1.3178,1.3227,1.3227,1.3258,1.3258,1.3258,1.3258,1.3258,1.2873,1.3123,1.098,1.3163,1.3052,1.2836,1.1883,1.1655,1.227,1.2328,1.2362,1.2397,1.2431,1.2464,1.2496,1.2529,1.2562,1.2594,1.2627,1.266,1.2693,1.2725,1.2758,0.9759,1.2509,1.2847,1.2847,1.2847,1.2847,1.2847,1.2847,1.2847,1.2847
1.3211,1.2975,1.2627,1.2534,1.2461,1.2459,1.2458,1.2465,1.2472,1.2479,1.2487,1.2495,1.193,1.215,1.0126,1.3211,1.3211,1.3211,1.3211,1.3211,1.3211,1.3211,1.3211,1.3211,1.3211,1.3211,1.3117,1.2433,1.2172,1.2146,1.2177,1.2273,1.2466,1.2268,1.1952,1.1895,1.184,1.1806,1.1773,1.1741,1.1709,1.1677,1.1646,1.1614,1.1583,1.1551,1.152,1.1413,1.128,1.1148,0.9436,1.2831,1.2831,1.2831,1.2831,1.2831,1.2831,1.2831,1.2831,1.2831
1.0144,1.0681,1.1656,1.1744,1.1814,1.1815,1.1816,1.181,1.1803,1.1796,1.1788,1.1781,1.1773,1.2109,1.3058,1.2994,1.2863,1.2736,1.2637,1.2537,1.0238,1.0144,1.1083,1.1153,1.1166,1.1163,1.0144,1.0566,1.1871,1.1897,1.1865,1.057,1.1572,1.2565,1.2913,1.2974,1.3035,1.3072,1.311,1.3147,1.3184,1.3221,1.3225,1.3225,1.3225,1.3225,1.3225,1.3225,1.0586,1.2635,1.2815,1.2846,1.2846,1.2449,0.1916,1.2126,1.2094,1.2124,1.2274,1.2507
1.3178,1.3178,1.2976,1.2881,1.2805,1.2804,1.2803,1.281,1.2817,1.2825,1.2833,1.2841,1.2849,1.2486,1.01,1.0912,1.1431,1.159,1.1684,1.1779,1.2515,1.2706,1.2688,1.2671,1.2668,1.2668,1.2995,1.3178,1.3178,1.3178,1.3178,1.3178,1.3178,1.3178,1.3208,1.3208,1.3208,1.3208,1.3208,1.3208,1.3208,1.3208,1.3178,1.3178,1.3178,1.3178,1.3178,1.3178,1.3178,1.3178,1.3178,1.0896,1.1695,1.2085,1.2263,1.24,1.2432,1.2402,1.2256,1.2028
1.3192,1.3192,1.3192,1.3192,1.3161,1.3161,1.3161,1.3161,1.3192,1.3192,1.3192,1.3161,1.3161,1.3161,1.3192,1.3192,1.3084,1.2954,1.225,1.2751,1.3192,1.3192,1.3192,1.3192,1.2696,1.3192,1.3192,1.3161,1.3161,1.3161,1.3161,1.3161,1.3161,1.3054,1.2716,1.2656,1.2597,1.2561,1.2525,1.2491,1.2457,1.2424,1.239,1.2357,1.2323,1.229,1.2256,1.2223,1.2189,1.1494,1.2783,1.2814,1.1037,0.6355,1.2814,1.2814,1.2814,1.2814,1.2814,1.2814
1.1738,1.226,1.2617,1.2713,1.2788,1.279,1.2791,1.2784,1.2777,1.2769,1.2761,1.2753,1.2745,1.3112,1.3175,1.3145,1.3145,1.3145,1.3145,1.3145,1.3175,1.31,1.2586,1.3142,1.3145,1.3145,1.0106,1.1619,1.0106,1.1911,1.1879,1.1781,1.0106,1.0106,1.052,1.1763,1.1818,1.1852,1.1885,1.1917,1.1948,1.198,1.2011,1.2043,1.2074,1.2105,1.2137,1.2168,1.2199,1.0118,1.2194,1.2767,1.2767,1.2798,1.2798,0.8978,1.2328,1.2798,1.2798,1.2798
1.2784,1.2304,1.1974,1.1886,1.1816,1.1815,1.1814,1.182,1.1827,1.1834,1.1841,1.1849,0.5479,1.1379,1.0574,1.2358,1.2493,1.2623,1.2725,1.2828,1.2653,1.2469,1.2451,1.2434,1.2431,1.2432,1.2752,1.2381,1.212,1.2095,1.2126,1.2222,1.2414,1.2895,1.2654,1.2595,1.2536,1.25,1.2465,1.2431,1.2397,1.2364,1.2331,1.2297,1.2264,1.223,1.2197,1.2164,1.213,1.2097,1.1939,1.1544,1.2204,1.261,1.2752,1.2752,1.2752,1.2752,1.2752,1.2551
1.0957,1.1862,1.2208,1.23,1.2373,1.2375,1.2376,1.2369,1.2362,1.2355,1.2347,1.2339,1.2331,1.2683,1.2634,1.2275,1.2151,1.2032,1.1938,1.0081,1.0081,1.15,1.1518,1.1534,1.1537,1.0081,1.0392,1.2726,1.3017,1.3048,1.3011,1.2903,1.269,1.3143,1.3143,1.3143,1.3143,1.3143,1.3143,1.3143,1.3143,1.3143,1.3143,1.3143,1.3112,1.3112,1.3112,1.3112,1.0355,1.2736,1.2736,1.2766,1.2457,1.2071,1.1893,1.1758,1.1726,1.1756,1.1901,1.2127
1.3127,1.3096,1.3096,1.3096,1.3096,1.3096,1.3096,1.3096,1.3096,1.3096,1.3096,1.3096,1.3096,1.3096,1.1462,1.1789,1.1966,1.2091,1.2188,1.2288,1.3061,1.3096,1.3096,1.3096,1.3096,1.3096,1.3096,1.3096,1.3127,1.2801,1.3127,1.3127,1.3127,1.3127,1.269,1.1692,1.3038,1.3077,1.3116,1.3127,1.3127,1.3127,1.3127,1.3127,1.3127,1.3127,1.3127,1.3127,1.3127,1.3127,1.3127,1.1661,1.2327,1.272,1.272,1.272,1.272,1.272,1.272,1.2683
1.308,1.308,1.308,1.308,1.308,1.308,1.308,1.308,1.308,1.308,1.308,1.0025,1.308,1.292,1.308,1.311,1.311,1.311,1.311,1.308,1.308,1.308,1.308,1.308,1.308,1.308,1.308,1.2869,1.2599,1.2572,1.2604,1.2704,1.2636,1.2232,1.1916,1.186,1.1805,1.1772,1.1738,1.1706,1.1674,1.1643,1.1612,1.158,1.1549,1.1517,1.1486,1.1454,1.1423,1.137,1.1882,1.2704,1.2704,1.0056,1.2735,1.2735,1.2735,1.2735,1.2735,1.2704
1.0044,1.1217,1.1701,1.1789,1.1859,1.1861,1.1862,1.1856,1.1849,1.1842,1.1834,1.1827,1.1819,1.2156,1.3094,1.3094,1.3094,1.3094,1.3094,1.3094,1.2527,1.1697,1.1287,1.1754,1.1757,1.1757,1.0631,1.0044,1.1561,1.1587,1.1556,1.1461,1.0803,1.0044,1.2109,1.2168,1.2224,1.2259,1.2294,1.2327,1.2359,1.2392,1.2424,1.2457,1.2489,1.2522,1.2554,1.2586,1.2619,1.1586,1.2689,1.2719,1.2719,1.2719,1.0044,1.2652,1.2616,1.265,1.2719,1.2719
1.3048,1.2589,1.2251,1.2161,1.209,1.2089,1.2087,1.2094,1.2101,1.2108,1.2116,1.2124,1.2131,1.0562,0.999,0.4282,1.1543,1.1664,1.1758,1.1854,1.2462,1.2281,1.2264,1.2247,1.2244,1.2245,1.256,1.3048,1.3001,1.2972,1.3007,1.3048,1.3048,1.3048,1.3048,1.3048,1.3048,1.3048,1.3048,1.3048,1.3048,1.3048,1.3048,1.3048,1.3048,1.3048,1.3048,1.3048,1.3048,1.3048,1.3048,1.0919,1.1608,1.1994,1.2171,1.2307,1.2339,1.2309,1.2164,1.1938
1.273,1.3062,1.3062,1.3062,1.3062,1.3062,1.3062,1.3062,1.3062,1.3062,1.3062,1.3062,1.3062,1.3062,1.2876,1.251,1.2383,1.2262,1.2166,1.2069,1.1078,1.247,1.2489,1.2507,1.0019,1.251,1.2163,1.3062,1.3062,1.3062,1.3062,1.3062,1.3031,1.3031,1.3031,1.3031,1.3031,1.3031,1.3031,1.3031,1.3031,1.3031,1.3031,1.3031,1.3031,1.3031,1.3031,1.3031,1.3031,1.22,1.2657,1.2688,1.0817,1.2477,1.2294,1.2154,1.2121,1.2152,1.2302,1.2536
1.2617,1.3046,1.3046,1.3046,1.3046,1.3046,1.3046,1.3046,1.3046,1.3046,1.3046,1.3046,1.3046,1.3046,1.2801,1.3015,1.2134,1.3015,1.3015,1.3015,1.3015,1.3046,1.3046,1.3046,1.3046,1.3046,1.3046,1.2183,1.2069,1.1253,1.2456,1.2353,1.2149,1.1523,1.0006,1.1898,1.1954,1.1988,1.2022,1.2054,1.2086,1.2118,1.2149,1.2181,1.2213,1.2245,1.2276,1.2308,1.234,1.2371,1.1076,1.2642,1.2642,1.2642,1.2642,1.2642,1.2642,1.2642,1.2642,1.2642
1.2999,1.2528,1.2192,1.2102,1.2031,1.203,1.2029,1.2035,1.2042,1.2049,1.2057,1.2065,0.9964,1.1731,0.8722,1.2999,1.2999,1.2999,1.2999,1.2999,1.2999,1.299,1.297,1.2952,1.2948,1.2949,1.2911,1.2238,1.198,1.1955,1.1986,1.2081,1.227,1.2361,1.2043,1.1986,1.193,1.1896,1.1862,1.183,1.1798,1.1766,1.1734,1.1703,1.1671,1.1639,1.1607,1.1576,1.1544,1.1512,0.9591,1.2156,1.2626,1.2626,1.2626,1.2626,1.2626,1.2626,1.2626,1.2626
0.9982,1.1366,1.1697,1.1786,1.1856,1.1857,1.1858,1.1852,1.1845,1.1838,1.183,1.1823,1.1815,1.2152,1.2895,1.2528,1.2401,1.2279,1.2184,1.2087,1.0297,0.8927,1.1146,1.1217,1.123,0.5888,0.9982,1.045,1.2118,1.2145,1.2112,1.1821,1.1814,1.3014,1.3014,1.3014,1.3014,1.3014,1.3014,1.3014,1.3014,1.3014,1.3014,1.3014,1.3014,1.3014,1.3014,1.3014,1.001,1.2611,1.2611,1.2641,1.2517,1.081,0.2199,1.1813,1.1782,1.1811,1.1957,1.2184
1.2968,1.2968,1.2968,1.2968,1.2968,1.2968,1.2968,1.2968,1.2968,1.2968,1.2968,1.2968,1.2968,0.7826,1.0013,1.0689,1.1495,1.1614,1.1708,1.1803,1.2541,1.2968,1.2968,1.2968,1.2968,1.2968,1.2968,1.2968,1.2968,1.2968,1.2968,1.2968,1.2968,1.2998,1.2998,1.2878,1.2998,1.2998,1.2998,1.2998,1.2998,1.2998,1.2998,1.2998,1.2998,1.2998,1.2998,1.2998,1.2998,1.2998,1.2998,1.113,1.1766,1.2158,1.2337,1.2476,1.251,1.2478,1.233,1.2101
1.2982,1.2952,1.2952,1.2952,1.2952,1.2952,1.2952,1.2952,1.2952,1.2952,1.2952,1.2461,1.2952,1.2952,1.2982,1.2982,1.2982,1.2982,1.2854,1.2982,1.2982,1.2982,1.2982,1.2982,1.2982,1.2982,1.2952,1.2952,1.2952,1.2952,1.2952,1.2952,1.2952,1.2545,1.2221,1.2163,1.2107,1.2073,1.2038,1.2005,1.1973,1.1941,1.1908,1.1876,1.1844,1.1812,1.1779,1.1747,1.1715,0.9555,1.258,1.258,1.261,0.6775,1.261,1.261,1.261,1.261,1.261,1.261
1.0956,1.1734,1.2076,1.2167,1.224,1.2241,1.2242,1.2235,1.2229,1.2221,1.2213,1.2206,1.2198,1.2545,1.2966,1.2966,1.2936,1.2966,1.2966,1.2966,1.2966,1.2353,1.1621,1.239,1.2394,1.2393,0.9945,1.1335,0.7904,1.1619,1.1588,1.1493,0.9945,0.9945,1.1695,1.1751,1.1805,1.1839,1.1872,1.1904,1.1936,1.1967,1.1998,1.203,1.2061,1.2092,1.2124,1.2155,1.2186,0.9713,1.2564,1.2564,1.2595,1.2595,1.2595,1.1398,1.2595,1.2595,1.2595,1.2595
1.2719,1.224,1.1912,1.1825,1.1755,1.1754,1.1753,1.1759,1.1766,1.1773,1.178,1.1788,1.1795,0.9903,1.052,1.181,1.194,1.2064,1.2161,1.226,1.2404,1.2224,1.2206,1.219,1.2186,1.2187,1.2501,1.2537,1.2273,1.2247,1.2278,1.2376,1.257,1.292,1.292,1.292,1.292,1.2915,1.2876,1.2839,1.2802,1.2767,1.2733,1.2698,1.2664,1.2629,1.2595,1.256,1.2526,1.2491,1.2329,1.1163,1.18,1.2193,1.2373,1.2517,1.2549,1.2519,1.2366,1.2136
1.169,1.2209,1.2565,1.266,1.2735,1.2737,1.2738,1.2731,1.2724,1.2716,1.2708,1.27,1.2692,1.2934,1.2551,1.2194,1.2071,1.1952,1.1859,1.132,1.022,1.1693,1.1712,1.1729,1.1732,1.1436,1.1406,1.2934,1.2934,1.2934,1.2934,1.2934,1.2934,1.2934,1.2904,1.2904,1.2904,1.2904,1.2904,1.2904,1.2904,1.2904,1.2904,1.2904,1.2904,1.2904,1.2904,1.2904,0.9945,1.2534,1.2534,1.2564,1.2444,1.2057,1.1879,1.1744,1.1712,1.1742,1.1887,1.2113
1.2919,1.2919,1.2919,1.2919,1.2919,1.2919,1.2919,1.2919,1.2919,1.2919,1.2919,1.2919,1.2919,1.2889,1.1782,1.2168,1.075,1.2429,1.2529,1.2631,1.2889,1.2889,1.2889,1.2889,1.2889,1.2889,1.2889,1.2919,1.2919,1.1755,1.2919,1.2919,1.2919,1.1973,1.1828,1.2363,1.2421,1.2456,1.2491,1.2525,1.2558,1.2591,1.2624,1.2657,1.269,1.2723,1.2756,1.2789,1.2824,1.2858,1.023,1.1964,1.2518,1.2518,1.2518,1.2518,1.2518,1.2518,1.2518,1.2518
1.2873,1.2873,1.2743,1.2649,1.2575,1.2574,1.2573,1.258,1.2587,1.2594,1.2602,1.0385,1.2117,1.2262,1.1253,1.2873,1.2873,1.2873,1.2873,1.2873,1.2873,1.2873,1.2873,1.2873,1.2873,1.2873,1.2873,1.2444,1.2182,1.2156,1.2187,1.2284,1.2477,1.2113,1.18,1.1745,1.169,1.1657,1.1624,1.1592,1.1561,1.153,1.1498,1.1467,1.1436,1.1405,1.1374,1.1343,1.1312,1.1281,1.1106,1.2503,1.2503,1.0517,1.2503,1.2503,1.2503,1.2503,1.2503,1.2503
0.9885,1.1137,1.1539,1.1626,1.1695,1.1697,1.1698,1.1691,1.1685,1.1678,1.167,1.1663,1.1655,1.1988,1.2887,1.2887,1.2887,1.2867,1.2761,1.2659,1.1102,1.0349,1.1405,1.1421,1.1424,1.1424,0.9885,1.0549,1.161,1.1635,1.1604,0.9885,1.1318,0.9885,1.2414,1.2474,1.2532,1.2568,1.2603,1.2637,1.2671,1.2704,1.2737,1.2771,1.2807,1.2842,1.2877,1.2887,1.2887,1.1813,1.2488,1.2518,1.2518,1.2472,0.1921,1.2143,1.2111,1.2141,1.2291,1.2518
1.2842,1.2842,1.2516,1.2424,1.2351,1.235,1.2349,1.2356,1.2362,1.237,1.2378,1.2386,1.2393,1.04,0.9854,0.4463,1.1367,1.1485,1.1578,1.1672,1.2402,1.2387,1.2369,1.2352,1.2349,1.235,1.2668,1.2842,1.2842,1.2842,1.2842,1.2842,1.2842,1.2842,1.2842,1.2842,1.2842,1.2842,1.2842,1.2842,1.2842,1.2842,1.2842,1.2842,1.2842,1.2842,1.2842,1.2842,1.2842,1.2842,1.2842,1.0887,1.1509,1.1893,1.2068,1.2203,1.2234,1.2205,1.2061,1.1837
1.2856,1.2856,1.2856,1.2856,1.2856,1.2856,1.2856,1.2856,1.2856,1.2856,1.2856,1.2856,1.2826,1.2856,1.2856,1.2765,1.2634,1.251,1.1613,1.2314,1.2751,1.2856,1.2856,1.2856,1.1778,1.2856,1.2856,1.2826,1.2826,1.2826,1.2826,1.2826,1.2826,1.2826,1.2826,1.2798,1.2735,1.2697,1.2661,1.2626,1.2592,1.2558,1.2524,1.249,1.2456,1.2423,1.2389,1.2355,1.2321,1.1398,1.2458,1.2488,1.2488,1.2488,1.2488,1.2402,1.2367,1.24,1.2488,1.2488
1.188,1.2408,1.2773,1.284,1.284,1.284,1.284,1.284,1.284,1.284,1.284,1.284,1.284,1.284,1.284,1.281,1.2666,1.281,1.281,1.281,1.284,1.284,1.276,1.284,1.284,1.284,1.284,1.1679,1.1221,1.1972,1.1941,1.1842,1.1646,1.0988,0.9849,1.168,1.1734,1.1768,1.1801,1.1832,1.1864,1.1895,1.1926,1.1957,1.1988,1.202,1.2051,1.2082,1.2113,1.2144,1.1482,1.2443,1.2443,1.2443,1.2472,1.0468,1.1805,1.2472,1.2472,1.2443
1.2729,1.2247,1.1918,1.1831,1.1761,1.176,1.1759,1.1765,1.1772,1.1779,1.1786,1.1794,0.5813,1.1468,0.9807,1.2512,1.2648,1.2787,1.2795,1.2795,1.2692,1.2506,1.2488,1.2471,1.2468,1.2469,1.2795,1.2185,1.1928,1.1903,1.1934,1.2028,1.2217,1.2576,1.2252,1.2194,1.2137,1.2103,1.2068,1.2036,1.2003,1.1971,1.1938,1.1906,1.1874,1.1841,1.1809,1.1777,1.1745,1.1712,0.9912,1.1592,1.2255,1.2428,1.2428,1.2428,1.2428,1.2428,1.2428,1.2428
1.0494,1.1521,1.1857,1.1946,1.2017,1.2019,1.202,1.2013,1.2007,1.1999,1.1992,1.1984,1.1976,1.2318,1.2587,1.2229,1.2105,1.1986,1.1893,1.0061,1.0706,1.0333,1.13,1.1317,1.132,1.0513,1.0436,1.0452,1.2471,1.2498,1.2465,1.2341,1.2157,1.2809,1.2809,1.2809,1.2809,1.2809,1.2809,1.2809,1.2809,1.2809,1.2809,1.2809,1.2809,1.2809,1.2809,1.2809,0.9853,1.2413,1.2413,1.2442,1.232,0.9825,1.1762,1.1627,1.1596,1.1626,1.1769,1.1993
1.2794,1.2764,1.2764,1.2764,1.2764,1.2764,1.2764,1.2764,1.2764,1.2764,1.2764,1.2764,1.2764,1.2764,1.1145,1.1135,1.1635,1.1757,1.1851,1.1948,1.2698,1.2764,1.2764,1.2764,1.2764,1.2764,1.2764,1.2764,1.2794,1.2794,1.2794,1.2794,1.2794,1.2794,1.2794,1.19,1.2794,1.2794,1.2794,1.2794,1.2794,1.2794,1.2794,1.2794,1.2794,1.2794,1.2794,1.2794,1.2794,1.2794,1.2794,1.1286,1.193,1.2331,1.2398,1.2398,1.2398,1.2398,1.2398,1.227
1.2749,1.2749,1.2749,1.2749,1.2749,1.2749,1.2749,1.2749,1.2749,1.2749,1.2749,1.1412,1.2749,1.2749,1.2778,1.2778,1.2778,1.2778,1.2778,1.2778,1.2778,1.2778,1.2778,1.2749,1.2749,1.2749,1.2749,1.2749,1.2715,1.2686,1.272,1.2749,1.261,1.2208,1.1893,1.1837,1.1782,1.1748,1.1715,1.1683,1.1651,1.162,1.1589,1.1557,1.1526,1.1494,1.1463,1.1432,1.14,0.9913,1.1947,1.2383,1.2383,0.9801,1.2412,1.2412,1.2412,1.2412,1.2412,1.2412
0.9988,1.1372,1.1703,1.1792,1.1862,1.1863,1.1865,1.1858,1.1851,1.1844,1.1837,1.1829,1.1822,1.2158,1.2763,1.2763,1.2733,1.2763,1.2763,1.2763,1.2709,1.18,1.1049,1.1835,1.1839,1.1838,0.979,1.0053,1.1445,1.147,1.1439,1.1345,1.0905,0.979,1.1803,1.186,1.1915,1.1949,1.1983,1.2015,1.2047,1.2079,1.211,1.2142,1.2173,1.2205,1.2237,1.2268,1.23,0.9394,1.2368,1.2397,1.2397,1.2397,1.0285,1.1922,1.2397,1.2397,1.2397,1.2397
1.2718,1.2307,1.1978,1.1889,1.182,1.1818,1.1817,1.1824,1.183,1.1838,1.1845,1.1852,1.186,0.9748,0.9748,1.143,1.1555,1.1675,1.1769,1.1865,1.2301,1.2122,1.2105,1.2089,1.2086,1.2086,1.2398,1.2718,1.2539,1.2513,1.2545,1.2648,1.2718,1.2718,1.2718,1.2718,1.2718,1.2718,1.2718,1.2718,1.2718,1.2718,1.2718,1.2718,1.2718,1.2718,1.2718,1.2718,1.2718,1.2718,1.2718,1.0907,1.153,1.1914,1.209,1.2225,1.2258,1.2227,1.2082,1.1858
1.211,1.2651,1.2732,1.2732,1.2732,1.2732,1.2732,1.2732,1.2732,1.2732,1.2732,1.2732,1.2732,1.2732,1.2602,1.2244,1.212,1.2001,1.1907,1.1608,1.1003,1.1991,1.201,1.2027,1.0529,1.1956,1.1696,1.2732,1.2732,1.2732,1.2732,1.2732,1.2703,1.2703,1.2703,1.2703,1.2703,1.2703,1.2703,1.2703,1.2703,1.2703,1.2703,1.2703,1.2703,1.2703,1.2703,1.2703,1.2703,1.1918,1.2338,1.2368,1.2368,1.2145,1.1967,1.183,1.1799,1.1828,1.1975,1.2202
1.2717,1.2717,1.2717,1.2717,1.2717,1.2717,1.2717,1.2717,1.2717,1.2717,1.2717,1.2717,1.2717,1.2717,1.2193,1.2594,1.1268,1.2688,1.2688,1.2688,1.2688,1.2688,1.2717,1.2717,1.2717,1.2717,1.2717,1.2324,1.224,1.2636,1.2601,1.2496,1.2289,1.1553,1.1159,1.1929,1.1985,1.2018,1.2052,1.2085,1.2117,1.2149,1.218,1.2212,1.2244,1.2276,1.2308,1.2339,1.2371,1.2403,0.936,1.2323,1.2323,1.2323,1.2323,1.2323,1.2323,1.2323,1.2323,1.2323
1.2672,1.2586,1.2246,1.2156,1.2085,1.2084,1.2082,1.2089,1.2096,1.2103,1.2111,1.2119,1.1248,1.1784,0.9852,1.2672,1.2672,1.2672,1.2672,1.2672,1.2672,1.2672,1.2672,1.2672,1.2672,1.2672,1.2672,1.2179,1.1923,1.1898,1.1928,1.2023,1.2211,1.2126,1.1813,1.1758,1.1703,1.167,1.1636,1.1605,1.1573,1.1542,1.1511,1.148,1.1449,1.1418,1.1386,1.1355,1.1324,1.1293,0.9349,1.2249,1.2308,1.2308,1.2308,1.2308,1.2308,1.2308,1.2308,1.2308
0.9731,1.1181,1.1507,1.1594,1.1663,1.1664,1.1665,1.1659,1.1652,1.1645,1.1638,1.163,1.1623,1.1954,1.2687,1.2594,1.2465,1.2342,1.2246,1.2149,1.0873,0.9731,1.1215,1.1231,1.1234,1.1233,0.9861,1.0373,1.1772,1.1798,1.1766,1.1288,1.1476,1.2473,1.2687,1.2687,1.2687,1.2687,1.2687,1.2687,1.2687,1.2687,1.2687,1.2687,1.2687,1.2687,1.2687,1.2687,1.2687,1.1886,1.2294,1.2323,1.2323,1.0424,0.2137,1.1781,1.1749,1.1779,1.1924,1.2151
1.2642,1.2642,1.2642,1.2642,1.2642,1.2642,1.2642,1.2642,1.2642,1.2642,1.2642,1.2642,1.2642,1.0356,1.0214,1.024,1.1319,1.1437,1.1529,1.1623,1.235,1.2615,1.2595,1.2577,1.2574,1.2575,1.2642,1.2642,1.2642,1.2642,1.2642,1.2642,1.2642,1.2671,1.2671,1.2671,1.2671,1.2671,1.2671,1.2671,1.2671,1.2671,1.2671,1.2671,1.2671,1.2671,1.2671,1.2671,1.2671,1.2642,1.2642,1.0893,1.1516,1.1899,1.2075,1.2213,1.2246,1.2215,1.2067,1.1843
1.2656,1.2656,1.2627,1.2627,1.2627,1.2627,1.2627,1.2627,1.2627,1.2627,1.2627,1.243,1.2627,1.2627,1.2656,1.2656,1.2656,1.2656,1.2111,1.2656,1.2656,1.2656,1.2656,1.2656,1.2309,1.2656,1.2627,1.2627,1.2627,1.2627,1.2627,1.2627,1.2627,1.2627,1.23,1.2242,1.2185,1.215,1.2116,1.2083,1.205,1.2018,1.1985,1.1953,1.192,1.1888,1.1855,1.1823,1.1791,0.9316,1.2264,1.2294,1.2294,0.6686,1.2294,1.2294,1.2294,1.2294,1.2294,1.2294
1.1325,1.1828,1.2173,1.2265,1.2338,1.2339,1.2341,1.2334,1.2327,1.2319,1.2312,1.2304,1.2296,1.2641,1.2612,1.2612,1.2612,1.2612,1.2612,1.2641,1.2641,1.2506,1.1786,1.2546,1.255,1.2549,0.9269,1.1335,0.7566,1.1619,1.1588,1.1493,1.0163,1.0067,1.1541,1.1596,1.165,1.1683,1.1716,1.1748,1.1779,1.181,1.1841,1.1872,1.1903,1.1933,1.1964,1.1995,1.2026,0.9859,1.1882,1.225,1.2279,1.2279,1.2279,0.9444,1.2228,1.2279,1.2279,1.2279
1.2591,1.2111,1.1786,1.17,1.1631,1.163,1.1628,1.1635,1.1641,1.1649,1.1656,1.1663,0.6379,1.1018,0.9655,1.1912,1.2042,1.2167,1.2265,1.2365,1.2374,1.2194,1.2177,1.216,1.2157,1.2158,1.2471,1.2258,1.2,1.1975,1.2005,1.2101,1.229,1.2597,1.2572,1.2509,1.2449,1.2413,1.2378,1.2344,1.2311,1.2278,1.2245,1.2211,1.2178,1.2145,1.2112,1.2079,1.2046,1.2013,1.1856,1.1169,1.1807,1.2206,1.2235,1.2235,1.2235,1.2235,1.2235,1.2145
1.1277,1.1778,1.2122,1.2213,1.2286,1.2287,1.2289,1.2282,1.2275,1.2267,1.226,1.2252,1.2244,1.26,1.243,1.2076,1.1954,1.1837,1.1745,1.1034,1.0689,1.1398,1.1415,1.1432,1.1435,1.0029,1.1118,1.2611,1.2611,1.2611,1.2611,1.2611,1.2595,1.2611,1.2611,1.2611,1.2582,1.2582,1.2582,1.2582,1.2582,1.2582,1.2582,1.2582,1.2582,1.2582,1.2582,1.2582,1.0047,1.2065,1.2221,1.225,1.2248,1.1496,1.1687,1.1553,1.1523,1.1552,1.1694,1.1916
1.2596,1.2596,1.2567,1.2567,1.2567,1.2567,1.2567,1.2567,1.2567,1.2567,1.2567,1.2567,1.2567,1.2567,1.138,1.1629,1.0098,1.2004,1.2101,1.22,1.2567,1.2567,1.2567,1.2567,1.2567,1.2567,1.2567,1.2596,1.2596,1.2596,1.2596,1.2596,1.2596,1.2088,1.1996,1.2482,1.2544,1.2582,1.2596,1.2596,1.2596,1.2596,1.2596,1.2596,1.2596,1.2596,1.2596,1.2596,1.2596,1.2596,0.9847,1.1516,1.218,1.2206,1.2206,1.2206,1.2206,1.2206,1.2206,1.2206
1.2552,1.2552,1.2552,1.2552,1.2552,1.2552,1.2552,1.2552,1.2552,1.2552,1.2552,0.9692,1.2265,1.2394,1.2552,1.2552,1.2552,1.2581,1.2581,1.2552,1.2552,1.2552,1.2552,1.2552,1.2552,1.2552,1.2552,1.25,1.2233,1.2207,1.2238,1.2335,1.2416,1.202,1.171,1.1654,1.16,1.1567,1.1534,1.1503,1.1472,1.1441,1.141,1.1379,1.1348,1.1317,1.1286,1.1256,1.1225,1.1194,1.1179,1.2192,1.2192,1.0506,1.2221,1.2221,1.2221,1.2221,1.2221,1.2192
0.9651,1.1152,1.1477,1.1564,1.1633,1.1634,1.1636,1.1629,1.1623,1.1616,1.1608,1.1601,1.1593,1.1924,1.2566,1.2566,1.2566,1.2566,1.2566,1.2566,1.1228,1.121,1.1428,1.1445,1.1448,1.1447,0.9639,0.9639,1.1421,1.1447,1.1416,1.1322,1.1134,0.9639,1.2021,1.2078,1.2135,1.2169,1.2203,1.2236,1.2269,1.2301,1.2333,1.2365,1.2397,1.243,1.2463,1.2497,1.2531,1.1063,1.2177,1.2206,1.2206,1.2206,0.1974,1.2189,1.2155,1.2187,1.2206,1.2206
1.2522,1.2496,1.2156,1.2067,1.1996,1.1995,1.1993,1.2,1.2007,1.2014,1.2022,1.2029,1.2037,0.9598,0.9969,0.4259,1.1316,1.1434,1.1526,1.162,1.2329,1.215,1.2132,1.2116,1.2113,1.2113,1.2427,1.2522,1.2522,1.2522,1.2522,1.2522,1.2522,1.2522,1.2522,1.2522,1.2522,1.2522,1.2522,1.2522,1.2522,1.2522,1.2522,1.2522,1.2522,1.2522,1.2522,1.2522,1.2522,1.2522,1.2522,1.0762,1.1377,1.1756,1.193,1.2064,1.2097,1.2066,1.1922,1.1701
1.2537,1.2537,1.2537,1.2537,1.2537,1.2537,1.2537,1.2537,1.2537,1.2537,1.2537,1.2537,1.2507,1.2537,1.2537,1.241,1.2285,1.2164,1.2069,1.1973,1.218,1.2377,1.2396,1.2415,1.1008,1.2418,1.2073,1.2537,1.2507,1.2507,1.2507,1.2537,1.2507,1.2507,1.2507,1.2507,1.2507,1.2507,1.2507,1.2507,1.2507,1.2507,1.2507,1.2507,1.2507,1.2507,1.2507,1.2507,1.2473,1.123,1.2148,1.2177,1.2177,1.2003,1.2148,1.2004,1.1971,1.2002,1.2156,1.2177
1.2031,1.2522,1.2522,1.2522,1.2522,1.2522,1.2522,1.2522,1.2522,1.2522,1.2522,1.2522,1.2522,1.2522,1.2493,1.2493,1.1745,1.2493,1.2493,1.2493,1.2493,1.2522,1.2522,1.2522,1.2522,1.2522,1.2522,1.1769,1.1377,1.2064,1.2032,1.1933,1.1735,1.1239,0.9357,1.1648,1.1702,1.1736,1.1769,1.18,1.1832,1.1863,1.1894,1.1925,1.1956,1.1987,1.2018,1.2049,1.208,1.2111,1.0879,1.2134,1.2134,1.2134,1.2134,1.0097,1.2134,1.2134,1.2134,1.2134
1.2478,1.2239,1.1911,1.1824,1.1754,1.1753,1.1752,1.1758,1.1765,1.1772,1.178,1.1787,0.9564,1.1461,0.9564,1.2478,1.2478,1.2478,1.2478,1.2478,1.2478,1.2478,1.2478,1.2478,1.2478,1.2478,1.2478,1.2056,1.1802,1.1777,1.1807,1.1901,1.2088,1.2257,1.1941,1.1885,1.183,1.1796,1.1763,1.1731,1.1699,1.1667,1.1636,1.1604,1.1573,1.1541,1.151,1.1478,1.1447,1.1415,0.9964,1.1652,1.212,1.212,1.212,1.212,1.212,1.212,1.212,1.212
1.0352,1.1261,1.159,1.1678,1.1747,1.1748,1.175,1.1743,1.1736,1.1729,1.1722,1.1714,1.1707,1.204,1.2492,1.2231,1.2107,1.1988,1.1895,1.18,1.0955,0.9582,1.115,1.1166,1.1169,0.6377,1.0743,0.8155,1.2035,1.2062,1.2029,1.1712,1.1733,1.2492,1.2492,1.2492,1.2492,1.2492,1.2492,1.2492,1.2492,1.2492,1.2492,1.2492,1.2492,1.2492,1.2492,1.2492,1.2492,1.1792,1.2105,1.2134,1.2134,1.043,0.2527,1.1544,1.1513,1.1542,1.1685,1.1906
1.2449,1.2449,1.2449,1.2449,1.2449,1.2449,1.2449,1.2449,1.2449,1.2449,1.2449,1.2449,1.2449,0.9542,1.0906,0.9542,1.1386,1.1504,1.1597,1.1692,1.2428,1.2449,1.2449,1.2449,1.2449,1.2449,1.2449,1.2449,1.2449,1.2449,1.2449,1.2478,1.2478,1.2478,1.2478,1.2478,1.2478,1.2478,1.2478,1.2478,1.2478,1.2478,1.2478,1.2478,1.2478,1.2478,1.2478,1.2478,1.2478,1.2478,1.2478,1.0986,1.1614,1.2003,1.2091,1.2091,1.2091,1.2091,1.2091,1.1944
1.2463,1.2434,1.2434,1.2434,1.2434,1.2434,1.2434,1.2434,1.2434,1.2434,1.2434,1.1454,1.2434,1.2434,1.2463,1.2463,1.2463,1.2463,1.2463,1.2463,1.2463,1.2463,1.2463,1.2463,1.2463,1.2463,1.2434,1.2434,1.2434,1.2434,1.2434,1.2434,1.2434,1.2228,1.1913,1.1857,1.1802,1.1768,1.1735,1.1703,1.1671,1.164,1.1608,1.1577,1.1545,1.1514,1.1483,1.1451,1.142,0.9927,1.1966,1.2077,1.2106,0.7711,1.2106,1.2106,1.2106,1.2106,1.2106,1.2106
1.0927,1.1412,1.1745,1.1834,1.1904,1.1905,1.1907,1.19,1.1893,1.1886,1.1879,1.1871,1.1863,1.2202,1.2419,1.2419,1.2419,1.2448,1.2448,1.2448,1.2448,1.1906,1.1112,1.1941,1.1945,1.1944,0.9548,1.1029,1.0049,1.1408,1.1378,1.1284,1.0867,0.9772,1.1576,1.1632,1.1686,1.1719,1.1752,1.1784,1.1815,1.1846,1.1877,1.1908,1.1939,1.197,1.2001,1.2032,1.2063,0.9163,1.2063,1.2063,1.2092,1.2092,1.2092,1.1275,1.2092,1.2092,1.2092,1.2092
1.2405,1.2104,1.1779,1.1693,1.1624,1.1623,1.1622,1.1628,1.1635,1.1642,1.1649,1.1656,1.1664,0.9751,0.9508,1.1478,1.1603,1.1724,1.1819,1.1915,1.2203,1.2026,1.2009,1.1993,1.199,1.199,1.23,1.2405,1.2182,1.2156,1.2187,1.2285,1.2405,1.2405,1.2405,1.2405,1.2405,1.2405,1.2405,1.2405,1.2405,1.2405,1.2405,1.2405,1.2405,1.2405,1.2405,1.2405,1.2405,1.2405,1.2236,1.087,1.1491,1.1874,1.2049,1.2049,1.2049,1.2049,1.2049,1.1818
1.1608,1.2123,1.2419,1.2419,1.2419,1.2419,1.2419,1.2419,1.2419,1.2419,1.2419,1.2419,1.2419,1.2419,1.2412,1.2053,1.1931,1.1814,1.1722,1.1242,1.0906,1.1612,1.163,1.1647,0.9963,1.1313,1.1327,1.2419,1.2419,1.2419,1.2419,1.2419,1.2419,1.239,1.239,1.239,1.239,1.239,1.239,1.239,1.239,1.239,1.239,1.239,1.239,1.239,1.239,1.239,1.239,1.1566,1.2034,1.2063,1.2063,1.1524,1.1712,1.1578,1.1547,1.1576,1.1719,1.1942
1.2405,1.2405,1.2405,1.2405,1.2405,1.2405,1.2405,1.2405,1.2405,1.2405,1.2405,1.2405,1.2405,1.2376,1.1701,1.2084,0.9131,1.2349,1.2376,1.2376,1.2376,1.2376,1.2376,1.2376,1.2376,1.2376,1.2405,1.2405,1.2373,1.2405,1.2405,1.2405,1.2405,1.1616,1.1294,1.1994,1.205,1.2084,1.2118,1.2151,1.2183,1.2215,1.2247,1.2279,1.2313,1.2347,1.2381,1.2405,1.2405,1.2405,0.913,1.1805,1.202,1.202,1.202,1.202,1.202,1.202,1.202,1.202
1.2361,1.2361,1.2338,1.2242,1.217,1.2168,1.2167,1.2174,1.2181,1.2188,1.2196,1.2203,1.1392,1.1866,1.089,1.2361,1.2361,1.2361,1.2361,1.2361,1.2361,1.2361,1.2361,1.2361,1.2361,1.2361,1.2361,1.217,1.1914,1.1889,1.1919,1.2014,1.2202,1.1963,1.1654,1.1599,1.1545,1.1512,1.148,1.1448,1.1417,1.1387,1.1356,1.1325,1.1294,1.1264,1.1233,1.1202,1.1171,1.1141,1.0538,1.2006,1.2006,1.2006,1.2006,1.2006,1.2006,1.2006,1.2006,1.2006
0.9818,1.1058,1.138,1.1467,1.1535,1.1536,1.1537,1.1531,1.1524,1.1517,1.151,1.1503,1.1495,1.1823,1.2376,1.2376,1.2376,1.2376,1.2344,1.224,1.0985,1.0361,1.118,1.1197,1.12,1.1199,0.9732,0.9492,1.1509,1.1535,1.1504,1.086,1.122,1.0569,1.2336,1.2376,1.2376,1.2376,1.2376,1.2376,1.2376,1.2376,1.2376,1.2376,1.2376,1.2376,1.2376,1.2376,1.2376,1.118,1.1992,1.2021,1.2021,1.2021,0.2136,1.1779,1.1747,1.1777,1.1924,1.2021
1.2332,1.2332,1.2332,1.2332,1.2274,1.2272,1.2271,1.2278,1.2285,1.2293,1.2302,1.231,1.2318,0.9453,1.068,0.5227,1.1205,1.1322,1.1413,1.1507,1.2227,1.2295,1.2277,1.2259,1.2256,1.2256,1.2332,1.2332,1.2332,1.2332,1.2332,1.2332,1.2332,1.2332,1.2361,1.2361,1.2361,1.2332,1.2332,1.2332,1.2332,1.2332,1.2332,1.2332,1.2332,1.2332,1.2332,1.2332,1.2332,1.2332,1.2332,1.0715,1.1327,1.1704,1.1879,1.1978,1.1978,1.1978,1.1871,1.1649
1.2347,1.2347,1.2347,1.2347,1.2347,1.2347,1.2347,1.2347,1.2347,1.2347,1.2347,1.2347,1.2318,1.2318,1.2347,1.2347,1.2347,1.2347,1.1501,1.2233,1.2347,1.2347,1.2347,1.2347,1.1471,1.2347,1.2347,1.2318,1.2318,1.2318,1.2318,1.2318,1.2318,1.2318,1.2318,1.2318,1.2294,1.2257,1.222,1.2185,1.2152,1.212,1.2087,1.2054,1.2022,1.1989,1.1956,1.1923,1.1891,0.9088,1.1964,1.1993,1.1993,1.1509,1.1993,1.1993,1.1993,1.1993,1.1993,1.1993
1.1434,1.1942,1.2296,1.2332,1.2332,1.2332,1.2332,1.2332,1.2332,1.2332,1.2332,1.2332,1.2332,1.2332,1.2304,1.2304,1.2129,1.2304,1.2304,1.2304,1.2332,1.2332,1.1915,1.2332,1.2332,1.2332,1.0452,1.1372,1.0051,1.1658,1.1627,1.1531,1.0724,1.086,0.9459,1.1502,1.1555,1.1588,1.1621,1.1652,1.1683,1.1714,1.1744,1.1775,1.1806,1.1836,1.1867,1.1897,1.1928,1.1959,1.1223,1.195,1.195,1.1979,1.1979,0.9459,1.1721,1.1979,1.1979,1.1979
1.2289,1.204,1.1717,1.1631,1.1563,1.1562,1.1561,1.1567,1.1573,1.1581,1.1588,1.1595,0.5987,1.1128,0.942,1.2031,1.2162,1.2289,1.2289,1.2289,1.2289,1.2213,1.2194,1.2177,1.2174,1.2174,1.2289,1.2057,1.1803,1.1778,1.1808,1.1902,1.2089,1.2289,1.2171,1.2113,1.2057,1.2022,1.1988,1.1956,1.1923,1.1891,1.1859,1.1827,1.1795,1.1763,1.1731,1.1699,1.1666,1.1634,0.9574,1.1196,1.1838,1.1937,1.1937,1.1937,1.1937,1.1937,1.1937,1.1937
1.0955,1.1441,1.1775,1.1864,1.1934,1.1936,1.1937,1.193,1.1924,1.1916,1.1909,1.1901,1.1894,1.2236,1.2304,1.2016,1.1894,1.1778,1.1686,1.0822,1.0873,1.1178,1.1196,1.1212,1.1215,0.9437,1.0904,1.2107,1.2304,1.2304,1.2304,1.2181,1.2072,1.2304,1.2304,1.2304,1.2304,1.2304,1.2304,1.2304,1.2304,1.2304,1.2304,1.2304,1.2304,1.2304,1.2304,1.2275,1.2275,1.1539,1.1923,1.1951,1.1951,0.9437,1.1549,1.1417,1.1387,1.1416,1.1557,1.1776
1.2289,1.2261,1.2261,1.2261,1.2261,1.2261,1.2261,1.2261,1.2261,1.2261,1.2261,1.2261,1.2261,1.2261,1.1067,1.1008,1.1554,1.1674,1.1768,1.1864,1.2261,1.2261,1.2261,1.2261,1.2261,1.2261,1.2261,1.2289,1.2289,1.2289,1.2289,1.2289,1.2289,1.222,1.2145,1.2289,1.2289,1.2289,1.2289,1.2289,1.2289,1.2289,1.2289,1.2289,1.2289,1.2289,1.2289,1.2289,1.2289,1.2289,0.9536,1.1152,1.179,1.1909,1.1909,1.1909,1.1909,1.1909,1.1909,1.1909
1.2247,1.2247,1.2247,1.2247,1.2247,1.2247,1.2247,1.2247,1.2247,1.2247,1.2247,1.0004,1.2247,1.2247,1.2247,1.2275,1.2275,1.2275,1.2275,1.2275,1.2275,1.2247,1.2247,1.2247,1.2247,1.2247,1.2247,1.2247,1.2247,1.2247,1.2247,1.2247,1.2247,1.198,1.1671,1.1616,1.1562,1.1529,1.1496,1.1465,1.1434,1.1403,1.1372,1.1342,1.1311,1.128,1.1249,1.1218,1.1188,1.1157,1.122,1.1895,1.1895,0.9546,1.1924,1.1924,1.1924,1.1924,1.1924,1.1924
1.0567,1.1139,1.1463,1.155,1.1619,1.162,1.1621,1.1615,1.1608,1.1601,1.1594,1.1587,1.1579,1.1909,1.2261,1.2261,1.2261,1.2261,1.2261,1.2261,1.1284,1.134,1.1485,1.1502,1.1505,1.1504,0.9405,1.0309,1.1297,1.1322,1.1292,1.1199,1.0999,0.9988,1.1717,1.1773,1.1828,1.1862,1.1895,1.1927,1.1959,1.199,1.2022,1.2053,1.2084,1.2116,1.2148,1.2181,1.2214,0.9025,1.1881,1.191,1.191,1.191,1.0124,1.1735,1.191,1.191,1.191,1.191
1.2218,1.2217,1.1883,1.1795,1.1726,1.1725,1.1724,1.173,1.1737,1.1744,1.1751,1.1759,1.1766,0.9365,0.9822,0.5446,1.1311,1.1428,1.152,1.1614,1.2165,1.1985,1.1967,1.1951,1.1948,1.1949,1.2218,1.2218,1.2218,1.2218,1.2218,1.2218,1.2218,1.2218,1.2218,1.2218,1.2218,1.2218,1.2218,1.2218,1.2218,1.2218,1.2218,1.2218,1.2218,1.2218,1.2218,1.2218,1.2218,1.2218,1.2218,1.068,1.1291,1.1667,1.1845,1.1868,1.1868,1.1868,1.1837,1.1612
1.2003,1.2233,1.2233,1.2233,1.2233,1.2233,1.2233,1.2233,1.2233,1.2233,1.2233,1.2233,1.2204,1.2233,1.2233,1.2146,1.2021,1.1903,1.1811,1.1532,1.0989,1.1912,1.1931,1.1948,0.9822,1.177,1.1619,1.2233,1.2233,1.2233,1.2233,1.2233,1.2204,1.2204,1.2204,1.2204,1.2204,1.2204,1.2204,1.2204,1.2204,1.2204,1.2204,1.2204,1.2204,1.2204,1.2204,1.2204,1.2204,1.0991,1.1854,1.1882,1.1882,1.1351,1.1826,1.1688,1.1656,1.1686,1.1835,1.1882
1.2182,1.2219,1.2219,1.2219,1.2219,1.2219,1.2219,1.2219,1.2219,1.2219,1.2219,1.2219,1.2219,1.2219,1.2091,1.219,1.0958,1.219,1.219,1.219,1.219,1.2219,1.2219,1.2219,1.2219,1.2219,1.2219,1.1878,1.1507,1.2181,1.2146,1.2043,1.1843,1.1292,1.0754,1.166,1.1714,1.1747,1.178,1.1812,1.1843,1.1874,1.1906,1.1937,1.1968,1.1999,1.203,1.2061,1.2092,1.2125,1.0373,1.184,1.184,1.184,1.184,0.9807,1.184,1.184,1.184,1.184
1.2176,1.2176,1.1944,1.1857,1.1787,1.1786,1.1784,1.1791,1.1798,1.1805,1.1812,1.182,1.0685,1.1493,1.0262,1.2176,1.2176,1.2176,1.2176,1.2176,1.2176,1.2176,1.2176,1.2176,1.2176,1.2176,1.2176,1.1985,1.1733,1.1708,1.1738,1.1831,1.2017,1.2021,1.1711,1.1656,1.1602,1.1569,1.1536,1.1504,1.1473,1.1442,1.1412,1.1381,1.135,1.1319,1.1288,1.1257,1.1226,1.1195,0.8983,1.1716,1.1827,1.1827,1.1827,1.1827,1.1827,1.1827,1.1827,1.1827
1.0504,1.1074,1.1397,1.1483,1.1551,1.1553,1.1554,1.1548,1.1541,1.1534,1.1527,1.1519,1.1512,1.184,1.2191,1.2191,1.2153,1.2029,1.1936,1.184,1.0864,0.9324,1.1057,1.1073,1.1076,0.724,1.0754,0.935,1.1695,1.1721,1.1689,1.12,1.1401,1.2191,1.2191,1.2191,1.2191,1.2191,1.2191,1.2191,1.2191,1.2191,1.2191,1.2191,1.2191,1.2191,1.2191,1.2191,1.2191,1.1157,1.1813,1.1841,1.1841,0.9766,0.2444,1.1499,1.1468,1.1497,1.1639,1.1841
1.2148,1.2148,1.2148,1.2148,1.2148,1.2148,1.2148,1.2148,1.2148,1.2148,1.2148,1.2148,1.2148,0.9311,1.0735,0.9311,1.1208,1.1324,1.1416,1.1509,1.2148,1.2148,1.2148,1.2148,1.2148,1.2148,1.2148,1.2148,1.2148,1.2148,1.2148,1.2148,1.2148,1.2177,1.2177,1.2177,1.2177,1.2177,1.2177,1.2177,1.2177,1.2177,1.2177,1.2177,1.2177,1.2177,1.2177,1.2177,1.2177,1.2177,1.2148,1.0753,1.1367,1.175,1.1799,1.1799,1.1799,1.1799,1.1799,1.1691
1.2163,1.2163,1.2134,1.2134,1.2134,1.2134,1.2134,1.2134,1.2134,1.2134,1.2134,1.2082,1.2134,1.2134,1.2163,1.2163,1.2163,1.2163,1.1945,1.2163,1.2163,1.2163,1.2163,1.2163,1.1873,1.2163,1.2134,1.2134,1.2134,1.2134,1.2134,1.2134,1.2134,1.2134,1.1968,1.1912,1.1856,1.1823,1.1789,1.1757,1.1725,1.1694,1.1662,1.163,1.1599,1.1567,1.1536,1.1504,1.1473,0.8952,1.1786,1.1786,1.1814,0.7589,1.1814,1.1814,1.1814,1.1814,1.1814,1.1814
1.0993,1.1482,1.1817,1.1906,1.1977,1.1978,1.1979,1.1973,1.1966,1.1959,1.1951,1.1943,1.1936,1.2149,1.212,1.212,1.212,1.2149,1.2149,1.2149,1.2149,1.2025,1.148,1.2063,1.2067,1.2066,0.9865,1.1114,0.8753,1.1393,1.1363,1.1269,1.0719,1.0614,1.1418,1.1473,1.1527,1.1559,1.1592,1.1623,1.1654,1.1685,1.1715,1.1746,1.1776,1.1807,1.1838,1.1868,1.1899,0.9576,1.1541,1.1772,1.1801,1.1801,1.1801,1.0745,1.1801,1.1801,1.1801,1.1801
1.2107,1.1968,1.1647,1.1562,1.1494,1.1493,1.1491,1.1498,1.1504,1.1511,1.1519,1.1526,1.1533,1.0686,0.9279,1.1553,1.168,1.1801,1.1896,1.1994,1.2107,1.1984,1.1966,1.195,1.1947,1.1948,1.2107,1.2107,1.1912,1.1886,1.1917,1.2013,1.2107,1.2107,1.2107,1.2107,1.2107,1.2107,1.2107,1.2107,1.2107,1.2107,1.2107,1.2107,1.2106,1.2071,1.2036,1.2001,1.1967,1.1934,1.1779,1.0862,1.1483,1.1759,1.1759,1.1759,1.1759,1.1759,1.1759,1.1759
1.1207,1.1705,1.2049,1.2121,1.2121,1.2121,1.2121,1.2121,1.2121,1.2121,1.2121,1.2121,1.2121,1.2121,1.2121,1.1929,1.1809,1.1693,1.1602,1.096,1.0794,1.1321,1.1339,1.1355,1.1358,1.0787,1.1043,1.2121,1.2121,1.2121,1.2121,1.2121,1.2121,1.2121,1.2093,1.2093,1.2093,1.2093,1.2093,1.2093,1.2093,1.2093,1.2093,1.2093,1.2093,1.2093,1.2093,1.2093,1.2093,1.1158,1.1745,1.1774,1.1774,0.9297,1.152,1.1388,1.1358,1.1386,1.1527,1.1752
1.2107,1.2107,1.2107,1.2107,1.2079,1.2079,1.2079,1.2079,1.2079,1.2079,1.2079,1.2079,1.2079,1.2079,1.131,1.1436,0.9931,1.1931,1.2032,1.2079,1.2079,1.2079,1.2079,1.2079,1.2079,1.2079,1.2079,1.2107,1.2107,1.2107,1.2107,1.2107,1.2107,1.1703,1.1424,1.2091,1.2107,1.2107,1.2107,1.2107,1.2107,1.2107,1.2107,1.2107,1.2107,1.2107,1.2107,1.2107,1.2107,1.2107,0.8911,1.1376,1.1732,1.1732,1.1732,1.1732,1.1732,1.1732,1.1732,1.1732
1.2065,1.2065,1.2065,1.2065,1.2065,1.2065,1.2065,1.2065,1.2065,1.2065,1.2065,1.0058,1.1501,1.197,1.0984,1.2065,1.2065,1.2065,1.2065,1.2065,1.2065,1.2065,1.2065,1.2065,1.2065,1.2065,1.2065,1.2065,1.1945,1.192,1.1951,1.2051,1.2065,1.1862,1.1556,1.1501,1.1448,1.1415,1.1383,1.1352,1.1321,1.1291,1.126,1.123,1.1199,1.1169,1.1138,1.1108,1.1077,1.1047,1.0587,1.1719,1.1719,0.9669,1.1719,1.1747,1.1747,1.1747,1.1719,1.1719
1.049,1.099,1.131,1.1396,1.1463,1.1465,1.1466,1.146,1.1453,1.1446,1.1439,1.1432,1.1424,1.175,1.2079,1.2079,1.2079,1.2079,1.2079,1.2079,1.0993,1.0815,1.1188,1.1204,1.1207,1.1207,0.9888,0.9528,1.132,1.1345,1.1315,1.1222,1.1036,1.0569,1.1948,1.2009,1.2068,1.2079,1.2079,1.2079,1.2079,1.2079,1.2079,1.2079,1.2079,1.2079,1.2079,1.2079,1.2079,1.0526,1.1705,1.1733,1.1733,1.1733,0.2196,1.1733,1.1733,1.1733,1.1733,1.1733
1.2038,1.2038,1.2038,1.1998,1.1924,1.1922,1.1921,1.1928,1.1935,1.1943,1.195,1.1958,1.1967,0.9227,1.067,0.4959,1.1145,1.1261,1.1352,1.1445,1.2038,1.2038,1.2038,1.2027,1.2024,1.2025,1.2038,1.2038,1.2038,1.2038,1.2038,1.2038,1.2038,1.2038,1.2038,1.2038,1.2038,1.2038,1.2038,1.2038,1.2038,1.2038,1.2038,1.2038,1.2038,1.2038,1.2038,1.2038,1.2038,1.2038,1.2038,1.0587,1.1192,1.1565,1.1692,1.1692,1.1692,1.1692,1.1692,1.1511
1.2052,1.2052,1.2052,1.2052,1.2052,1.2052,1.2052,1.2052,1.2052,1.2052,1.2052,1.2052,1.2024,1.2052,1.2052,1.2052,1.2052,1.2052,1.2,1.1886,1.2052,1.2052,1.2052,1.2052,1.0762,1.2052,1.1979,1.2052,1.2024,1.2024,1.2024,1.2024,1.2024,1.2024,1.2024,1.2024,1.2024,1.2024,1.2024,1.2024,1.2024,1.2024,1.2024,1.2024,1.2024,1.2024,1.2024,1.2024,1.2011,1.0391,1.1679,1.1707,1.1707,1.1002,1.1707,1.1707,1.1707,1.1707,1.1707,1.1707
1.1552,1.2038,1.2038,1.2038,1.2038,1.2038,1.2038,1.2038,1.2038,1.2038,1.2038,1.2038,1.2038,1.2038,1.201,1.201,1.1309,1.201,1.201,1.201,1.2038,1.2038,1.1997,1.2038,1.2038,1.2038,1.2038,1.1439,1.0807,1.1726,1.1694,1.1598,1.1406,1.0924,0.9622,1.1459,1.1513,1.1545,1.1578,1.1609,1.164,1.167,1.1701,1.1731,1.1762,1.1792,1.1823,1.1854,1.1884,1.1915,1.0663,1.1665,1.1665,1.1665,1.1665,0.9234,1.1693,1.1693,1.1665,1.1665
1.1997,1.1997,1.1698,1.1611,1.1543,1.1542,1.1541,1.1547,1.1554,1.1561,1.1568,1.1575,0.9195,1.1244,0.9781,1.1997,1.1997,1.1997,1.1997,1.1997,1.1997,1.1997,1.1997,1.1997,1.1997,1.1997,1.1997,1.1927,1.1673,1.1648,1.1678,1.1771,1.196,1.1997,1.1867,1.181,1.1756,1.1722,1.1689,1.1657,1.1626,1.1594,1.1563,1.1532,1.15,1.1469,1.1438,1.1406,1.1375,1.1344,0.8851,1.1236,1.1652,1.1652,1.1652,1.1652,1.1652,1.1652,1.1652,1.1652
1.0711,1.1186,1.1513,1.16,1.1669,1.167,1.1671,1.1665,1.1658,1.1651,1.1644,1.1636,1.1629,1.1964,1.2011,1.2011,1.1883,1.1766,1.1675,1.1581,1.085,0.9873,1.1043,1.1059,1.1062,0.9213,1.0755,0.9213,1.1967,1.1995,1.1961,1.1586,1.1662,1.2011,1.2011,1.2011,1.2011,1.2011,1.2011,1.2011,1.2011,1.2011,1.2011,1.2011,1.2011,1.2011,1.2011,1.2011,1.2011,1.0995,1.1639,1.1667,1.1667,0.9959,1.1459,1.1328,1.1298,1.1326,1.1466,1.1667
1.1997,1.1969,1.1969,1.1969,1.1969,1.1969,1.1969,1.1969,1.1969,1.1969,1.1969,1.1969,1.1969,0.9949,1.0832,1.05,1.1308,1.1426,1.1518,1.1612,1.1969,1.1969,1.1969,1.1969,1.1969,1.1969,1.1969,1.1969,1.1997,1.1997,1.1997,1.1997,1.1997,1.1997,1.1997,1.1997,1.1997,1.1997,1.1997,1.1997,1.1997,1.1997,1.1997,1.1997,1.1997,1.1997,1.1997,1.1997,1.1997,1.1997,0.9288,1.0863,1.1483,1.1626,1.1626,1.1626,1.1626,1.1626,1.1626,1.1626
1.1984,1.1956,1.1956,1.1956,1.1956,1.1956,1.1956,1.1956,1.1956,1.1956,1.1956,1.1169,1.1956,1.1956,1.1984,1.1984,1.1984,1.1984,1.1984,1.1984,1.1984,1.1984,1.1984,1.1984,1.1984,1.1984,1.1956,1.1956,1.1956,1.1956,1.1956,1.1956,1.1956,1.1956,1.1676,1.1621,1.1567,1.1534,1.1502,1.147,1.1439,1.1408,1.1378,1.1347,1.1316,1.1285,1.1254,1.1224,1.1193,0.9309,1.1219,1.1613,1.1613,0.9192,1.1641,1.1641,1.1641,1.1641,1.1641,1.1641
1.0688,1.1163,1.1488,1.1575,1.1644,1.1645,1.1647,1.164,1.1634,1.1627,1.1619,1.1612,1.1604,1.194,1.1942,1.1942,1.197,1.197,1.197,1.197,1.197,1.1463,1.1566,1.1583,1.1586,1.1586,0.9844,1.0698,0.9747,1.1253,1.1223,1.113,1.0789,1.0483,1.1493,1.1548,1.1602,1.1635,1.1668,1.1699,1.173,1.1761,1.1792,1.1823,1.1854,1.1886,1.1919,1.1952,1.197,0.8811,1.16,1.16,1.1627,1.1627,0.9599,1.1127,1.1627,1.1627,1.1627,1.1627
1.1929,1.1929,1.1686,1.16,1.1532,1.1531,1.153,1.1536,1.1542,1.155,1.1557,1.1564,1.1571,1.0289,0.9978,1.1219,1.1342,1.146,1.1552,1.1647,1.1929,1.1888,1.187,1.1853,1.185,1.185,1.1929,1.1929,1.1929,1.1929,1.1929,1.1929,1.1929,1.1929,1.1929,1.1929,1.1929,1.1929,1.1929,1.1929,1.1929,1.1929,1.1929,1.1929,1.1929,1.1929,1.1929,1.1929,1.1929,1.1929,1.1929,1.0635,1.1243,1.1586,1.1586,1.1586,1.1586,1.1586,1.1586,1.1569
1.1523,1.1943,1.1943,1.1943,1.1943,1.1943,1.1943,1.1943,1.1943,1.1943,1.1943,1.1943,1.1943,1.1943,1.1916,1.1943,1.1835,1.1718,1.1627,1.1178,1.0817,1.1546,1.1564,1.1581,1.1584,1.1166,1.1263,1.1943,1.1943,1.1943,1.1943,1.1943,1.1943,1.1916,1.1916,1.1916,1.1916,1.1916,1.1916,1.1916,1.1916,1.1916,1.1916,1.1916,1.1916,1.1916,1.1916,1.1916,1.1916,1.0689,1.1573,1.1601,1.1601,0.9161,1.158,1.1442,1.1412,1.144,1.1588,1.1601
1.193,1.193,1.193,1.193,1.193,1.193,1.193,1.193,1.193,1.193,1.193,1.193,1.193,1.193,1.1619,1.1855,0.9123,1.1902,1.1902,1.1902,1.1902,1.193,1.193,1.193,1.193,1.193,1.193,1.193,1.1596,1.193,1.193,1.193,1.193,1.1337,1.086,1.1706,1.1761,1.1794,1.1829,1.1862,1.1895,1.1929,1.193,1.193,1.193,1.193,1.193,1.193,1.193,1.193,0.8899,1.156,1.156,1.156,1.156,0.9589,1.156,1.156,1.156,1.156
1.1889,1.1889,1.1889,1.1889,1.1855,1.1854,1.1853,1.186,1.1867,1.1874,1.1882,1.1889,1.0793,1.1555,1.0605,1.1889,1.1889,1.1889,1.1889,1.1889,1.1889,1.1889,1.1889,1.1889,1.1889,1.1889,1.1889,1.1889,1.1713,1.1688,1.1718,1.1814,1.1889,1.1863,1.1552,1.1497,1.1444,1.1412,1.1379,1.1348,1.1317,1.1287,1.1256,1.1226,1.1195,1.1165,1.1135,1.1104,1.1074,1.1043,1.0063,1.1547,1.1547,1.1547,1.1547,1.1547,1.1547,1.1547,1.1547,1.1547
1.0484,1.095,1.1269,1.1354,1.1422,1.1423,1.1424,1.1418,1.1412,1.1405,1.1397,1.139,1.1383,1.1707,1.1903,1.1875,1.1903,1.1903,1.1903,1.1903,1.0823,1.043,1.1015,1.1031,1.1034,0.9643,1.0518,0.9344,1.1439,1.1464,1.1434,1.079,1.1151,1.1903,1.1903,1.1903,1.1903,1.1903,1.1903,1.1903,1.1903,1.1903,1.1903,1.1903,1.1903,1.1903,1.1903,1.1903,1.1903,1.0548,1.1534,1.1562,1.1562,1.1562,0.2446,1.1488,1.1455,1.1486,1.1562,1.1562
1.1862,1.1862,1.1862,1.1862,1.1862,1.1862,1.1862,1.1862,1.1862,1.1862,1.1862,1.1862,1.1862,0.9307,1.0624,0.9092,1.1092,1.1207,1.1298,1.139,1.1862,1.1862,1.1862,1.1862,1.1862,1.1862,1.1862,1.1862,1.1862,1.1862,1.1862,1.1862,1.1862,1.189,1.189,1.189,1.189,1.189,1.189,1.189,1.189,1.189,1.1862,1.1862,1.1862,1.1862,1.1862,1.1862,1.1862,1.1862,1.1862,1.0578,1.1182,1.1521,1.1521,1.1521,1.1521,1.1521,1.1521,1.1507
1.1876,1.1876,1.1876,1.1849,1.1849,1.1849,1.1849,1.1849,1.1849,1.1849,1.1849,1.1849,1.1849,1.1849,1.1876,1.1876,1.1876,1.1876,1.1876,1.1876,1.1876,1.1876,1.1876,1.1876,1.153,1.1876,1.1876,1.1849,1.1849,1.1849,1.1849,1.1849,1.1849,1.1849,1.1849,1.1849,1.1849,1.1849,1.1849,1.1843,1.1809,1.1775,1.1741,1.1709,1.1677,1.1645,1.1613,1.1582,1.155,0.8742,1.1509,1.1509,1.1536,0.7709,1.1536,1.1536,1.1536,1.1536,1.1536,1.1536
1.1079,1.1571,1.1863,1.1863,1.1863,1.1863,1.1863,1.1863,1.1863,1.1863,1.1863,1.1863,1.1863,1.1863,1.1836,1.1836,1.1553,1.1836,1.1836,1.1836,1.1863,1.1863,1.1863,1.1863,1.1863,1.1863,1.0475,1.1137,0.9381,1.1417,1.1386,1.1293,1.0628,1.0636,1.1321,1.1376,1.1429,1.1461,1.1494,1.1525,1.1555,1.1585,1.1616,1.1646,1.1676,1.1707,1.1737,1.1769,1.1801,0.9759,1.0937,1.1496,1.1496,1.1523,1.1523,1.0092,1.1523,1.1523,1.1523,1.1523
1.1822,1.1822,1.1574,1.1489,1.1421,1.142,1.1419,1.1425,1.1432,1.1439,1.1446,1.1453,0.7146,1.0773,0.9852,1.1647,1.1779,1.1822,1.1822,1.1822,1.1822,1.1822,1.1822,1.1822,1.1822,1.1822,1.1822,1.1822,1.1719,1.1693,1.1725,1.1822,1.1822,1.1822,1.1822,1.1822,1.1822,1.1822,1.1822,1.1822,1.1822,1.1822,1.18,1.1766,1.1732,1.1698,1.1667,1.1635,1.1603,1.1571,0.9299,1.0875,1.1483,1.1483,1.1483,1.1483,1.1483,1.1483,1.1483,1.1483
1.0896,1.138,1.1712,1.1806,1.1837,1.1837,1.1837,1.1837,1.1837,1.1837,1.1837,1.1837,1.1837,1.1837,1.1837,1.1837,1.1745,1.1628,1.1538,1.0753,1.0735,1.1108,1.1125,1.1141,1.1144,1.0362,1.0835,1.1837,1.1837,1.1837,1.1837,1.1837,1.1837,1.1837,1.1837,1.1837,1.1837,1.1837,1.1837,1.1809,1.1809,1.1809,1.1809,1.1809,1.1809,1.1809,1.1809,1.1809,1.1809,1.0711,1.147,1.1498,1.1498,0.9079,1.1383,1.1253,1.1223,1.1251,1.1391,1.1498
1.1823,1.1823,1.1796,1.1796,1.1796,1.1796,1.1796,1.1796,1.1796,1.1796,1.1796,1.1796,1.1796,1.1796,1.1008,1.0856,0.9427,1.1613,1.1708,1.1796,1.1796,1.1796,1.1796,1.1796,1.1796,1.1796,1.1796,1.1823,1.1823,1.1823,1.1823,1.1823,1.1823,1.1811,1.1536,1.1823,1.1823,1.1823,1.1823,1.1823,1.1823,1.1823,1.1823,1.1823,1.1823,1.1823,1.1823,1.1823,1.1823,1.1823,0.8703,1.103,1.1457,1.1457,1.1457,1.1457,1.1457,1.1457,1.1457,1.1457
1.1783,1.1783,1.1783,1.1783,1.1783,1.1783,1.1783,1.1783,1.1783,1.1783,1.1783,1.1783,1.156,1.1783,1.1086,1.1783,1.181,1.181,1.181,1.181,1.1783,1.1783,1.1783,1.1783,1.1783,1.1783,1.1783,1.1783,1.1783,1.1783,1.1783,1.1783,1.1783,1.1783,1.1511,1.1457,1.1403,1.1371,1.1339,1.1308,1.1277,1.1247,1.1216,1.1186,1.1156,1.1125,1.1095,1.1065,1.1034,1.1004,1.0606,1.1444,1.1444,0.9575,1.1472,1.1472,1.1472,1.1472,1.1472,1.1444
1.0502,1.0968,1.1288,1.1373,1.1441,1.1442,1.1444,1.1437,1.1431,1.1424,1.1417,1.1409,1.1402,1.173,1.1797,1.177,1.1797,1.1797,1.1797,1.1797,1.1033,1.0917,1.1229,1.1246,1.1249,1.1248,1.0295,1.0387,1.1196,1.1221,1.1191,1.1099,1.0915,1.0453,1.1656,1.1714,1.1772,1.1797,1.1797,1.1797,1.1797,1.1797,1.1797,1.1797,1.1797,1.1797,1.1797,1.1797,1.1797,0.8683,1.1432,1.1459,1.1459,1.1459,0.2787,1.1459,1.1459,1.1459,1.1459,1.1459
1.1757,1.1757,1.1757,1.1737,1.1664,1.1663,1.1662,1.1668,1.1675,1.1683,1.1691,1.1698,1.1706,0.9895,1.0437,0.5161,1.1131,1.1247,1.1338,1.143,1.1757,1.1757,1.1757,1.1757,1.1757,1.1757,1.1757,1.1757,1.1757,1.1757,1.1757,1.1757,1.1757,1.1757,1.1757,1.1757,1.1757,1.1757,1.1757,1.1757,1.1757,1.1757,1.1757,1.1757,1.1757,1.1757,1.1757,1.1757,1.1757,1.1757,1.1757,1.0504,1.1104,1.1419,1.1419,1.1419,1.1419,1.1419,1.1419,1.1419
1.1771,1.1771,1.1771,1.1771,1.1771,1.1771,1.1771,1.1771,1.1771,1.1771,1.1771,1.1771,1.1744,1.1771,1.1771,1.1771,1.1771,1.1771,1.1752,1.1458,1.0928,1.1771,1.1771,1.1771,1.1771,1.1546,1.1545,1.1771,1.1771,1.1771,1.1771,1.1771,1.1744,1.1744,1.1744,1.1744,1.1744,1.1744,1.1744,1.1744,1.1744,1.1744,1.1744,1.1744,1.1744,1.1744,1.1744,1.1744,1.1744,1.0177,1.1406,1.1434,1.1434,0.9029,1.1434,1.1434,1.1434,1.1434,1.1434,1.1434
1.1666,1.1758,1.1758,1.1758,1.1758,1.1758,1.1758,1.1758,1.1758,1.1758,1.1758,1.1758,1.1758,1.1758,1.173,1.173,1.0601,1.173,1.173,1.173,1.173,1.1758,1.1758,1.1758,1.1758,1.1758,1.1758,1.1524,1.0902,1.1758,1.1758,1.1688,1.1491,1.1005,1.0434,1.1461,1.1514,1.1547,1.158,1.1611,1.1642,1.1674,1.1706,1.1739,1.1758,1.1758,1.1758,1.1758,1.1758,1.1758,1.0192,1.1394,1.1394,1.1394,1.1394,0.9019,1.1394,1.1394,1.1394,1.1394
1.1718,1.1718,1.1718,1.1634,1.1564,1.1563,1.1562,1.1568,1.1575,1.1582,1.1589,1.1596,1.0225,1.1276,1.0349,1.1718,1.1718,1.1718,1.1718,1.1718,1.1718,1.1718,1.1718,1.1718,1.1718,1.1718,1.1718,1.1718,1.1602,1.1577,1.1607,1.1704,1.1718,1.1718,1.1647,1.1589,1.1536,1.1503,1.147,1.1439,1.1408,1.1377,1.1346,1.1316,1.1285,1.1254,1.1224,1.1193,1.1162,1.1131,0.8645,1.1279,1.1381,1.1381,1.1381,1.1381,1.1381,1.1381,1.1381,1.1381
1.0537,1.1005,1.1326,1.1412,1.1479,1.1481,1.1482,1.1476,1.1469,1.1462,1.1455,1.1448,1.144,1.1732,1.1732,1.1732,1.1732,1.1732,1.1708,1.1609,1.0759,0.9853,1.0951,1.0967,1.097,0.7291,1.0665,0.9666,1.1639,1.1666,1.1633,1.1102,1.1345,1.1732,1.1732,1.1732,1.1732,1.1732,1.1732,1.1732,1.1732,1.1732,1.1732,1.1732,1.1732,1.1732,1.1732,1.1732,1.1732,1.045,1.1368,1.1396,1.1396,0.9637,0.2893,1.1278,1.1248,1.1276,1.1396,1.1396
1.1692,1.1692,1.1692,1.1692,1.1692,1.1692,1.1692,1.1692,1.1692,1.1692,1.1692,1.1692,1.1692,1.0189,1.0666,0.9121,1.1136,1.1252,1.1342,1.1435,1.1692,1.1692,1.1692,1.1692,1.1692,1.1692,1.1692,1.1692,1.1692,1.1692,1.1692,1.1719,1.1719,1.1719,1.1719,1.1719,1.1719,1.1719,1.1719,1.1719,1.1719,1.1719,1.1719,1.1719,1.1719,1.1719,1.1719,1.1719,1.1719,1.1719,0.9098,1.064,1.1248,1.1356,1.1356,1.1356,1.1356,1.1356,1.1356,1.1356
1.1706,1.1679,1.1679,1.1679,1.1679,1.1679,1.1679,1.1679,1.1679,1.1679,1.1679,1.1679,1.1679,1.1679,1.1706,1.1706,1.1706,1.1706,1.1706,1.1706,1.1706,1.1706,1.1706,1.1706,1.1706,1.1706,1.1679,1.1679,1.1679,1.1679,1.1679,1.1679,1.1679,1.1679,1.1679,1.1668,1.1611,1.1576,1.1542,1.1511,1.148,1.1449,1.1418,1.1387,1.1356,1.1325,1.1294,1.1263,1.1232,0.9264,1.1165,1.1343,1.1371,0.8912,1.1371,1.1371,1.1371,1.1371,1.1371,1.1371
1.074,1.1217,1.1544,1.1635,1.1693,1.1693,1.1693,1.1693,1.1693,1.1689,1.1682,1.1674,1.1666,1.1693,1.1666,1.1666,1.1663,1.1693,1.1693,1.1693,1.1693,1.1566,1.1667,1.1685,1.1688,1.1687,1.0305,1.0786,0.8969,1.1232,1.1202,1.111,1.0645,1.0464,1.134,1.1395,1.1448,1.148,1.1513,1.1544,1.1574,1.1607,1.1639,1.1671,1.1693,1.1693,1.1693,1.1693,1.1693,0.9266,1.1167,1.1331,1.1358,1.1358,1.1358,1.063,1.1358,1.1358,1.1358,1.1358
1.1653,1.1653,1.1559,1.1473,1.1406,1.1404,1.1403,1.1409,1.1416,1.1423,1.143,1.1437,0.9396,1.0432,1.0207,1.1278,1.1402,1.1521,1.1618,1.1653,1.1653,1.1653,1.1653,1.1653,1.1653,1.1653,1.1653,1.1653,1.1653,1.1653,1.1653,1.1653,1.1653,1.1653,1.1653,1.1653,1.1653,1.1653,1.1653,1.1653,1.1653,1.1653,1.1653,1.1653,1.1653,1.1653,1.1653,1.1653,1.1653,1.1653,0.908,1.0619,1.1228,1.1318,1.1318,1.1318,1.1318,1.1318,1.1318,1.1318
1.1144,1.1644,1.1667,1.1667,1.1667,1.1667,1.1667,1.1667,1.1667,1.1667,1.1667,1.1667,1.1667,1.1667,1.1667,1.1667,1.1667,1.1602,1.1509,1.0909,1.0708,1.1269,1.1286,1.1303,1.1306,1.0672,1.0992,1.1667,1.1667,1.1667,1.1667,1.1667,1.1667,1.1667,1.164,1.164,1.164,1.164,1.164,1.164,1.164,1.164,1.164,1.164,1.164,1.164,1.164,1.164,1.164,1.0335,1.1306,1.1333,1.1333,0.8949,1.1333,1.1263,1.1231,1.1261,1.1333,1.1333
1.1654,1.1654,1.1654,1.1654,1.1654,1.1654,1.1654,1.1654,1.1654,1.1654,1.1654,1.1654,1.1654,1.1627,1.1249,1.1204,0.8912,1.1627,1.1627,1.1627,1.1627,1.1627,1.1627,1.1627,1.1627,1.1627,1.1654,1.1654,1.1636,1.1654,1.1654,1.1654,1.1654,1.1406,1.0961,1.1654,1.1654,1.1654,1.1654,1.1654,1.1654,1.1654,1.1654,1.1654,1.1654,1.1654,1.1654,1.1654,1.1654,1.1654,0.8578,1.1241,1.1293,1.1293,1.1293,0.9433,1.1293,1.1293,1.1293,1.1293
1.1615,1.1615,1.1615,1.1615,1.1615,1.1615,1.1615,1.1615,1.1615,1.1615,1.1615,1.1615,1.0869,1.1615,1.068,1.1615,1.1615,1.1615,1.1615,1.1615,1.1615,1.1615,1.1615,1.1615,1.1615,1.1615,1.1615,1.1615,1.1615,1.1615,1.1615,1.1615,1.1615,1.1615,1.1456,1.1402,1.1349,1.1317,1.1285,1.1254,1.1223,1.1193,1.1163,1.1133,1.1103,1.1072,1.1042,1.1012,1.0982,1.0951,1.0091,1.1281,1.1281,1.1281,1.1281,1.1281,1.1281,1.1281,1.1281,1.1281
1.0419,1.0882,1.1199,1.1284,1.1351,1.1352,1.1354,1.1347,1.1341,1.1334,1.1327,1.132,1.1312,1.1629,1.1629,1.1602,1.1629,1.1629,1.1629,1.1629,1.0824,1.0507,1.1016,1.1032,1.1035,0.9491,1.0353,1.0189,1.1258,1.1283,1.1253,1.116,1.0975,1.0511,1.1629,1.1629,1.1629,1.1629,1.1629,1.1629,1.1629,1.1629,1.1629,1.1629,1.1629,1.1629,1.1629,1.1629,1.1629,0.9976,1.1269,1.1296,1.1296,1.1296,0.2531,1.1296,1.1296,1.1296,1.1296,1.1296
1.1589,1.1589,1.1589,1.1589,1.1589,1.1589,1.1589,1.1589,1.1589,1.1589,1.1589,1.1589,1.1589,1.0067,1.0567,0.6005,1.1032,1.1147,1.1237,1.1328,1.1589,1.1589,1.1589,1.1589,1.1589,1.1589,1.1589,1.1589,1.1589,1.1589,1.1589,1.1589,1.1589,1.1616,1.1616,1.1589,1.1589,1.1589,1.1589,1.1589,1.1589,1.1589,1.1589,1.1589,1.1589,1.1589,1.1589,1.1589,1.1589,1.1589,0.894,1.0455,1.1052,1.1256,1.1256,1.1256,1.1256,1.1256,1.1256,1.1256
1.1603,1.1603,1.1603,1.1603,1.1603,1.1603,1.1603,1.1603,1.1603,1.1603,1.1603,1.1603,1.1576,1.1576,1.1603,1.1603,1.1603,1.1603,1.1603,1.1603,1.1603,1.1603,1.1603,1.1603,1.1603,1.1603,1.1603,1.1576,1.1576,1.1576,1.1576,1.1576,1.1576,1.1576,1.1576,1.1576,1.1576,1.1576,1.1576,1.1576,1.1576,1.1576,1.1576,1.1576,1.1576,1.1576,1.1576,1.1576,1.1576,0.8541,1.1244,1.1271,1.1271,0.89,1.1271,1.1271,1.1271,1.1271,1.1271,1.1271
1.1172,1.1591,1.1591,1.1591,1.1591,1.1591,1.1591,1.1591,1.1591,1.1591,1.1591,1.1591,1.1591,1.1591,1.1564,1.1564,1.0827,1.1564,1.1564,1.1564,1.1591,1.1591,1.1591,1.1591,1.1591,1.1591,1.0525,1.1191,1.0343,1.1471,1.1441,1.1346,1.0587,1.0687,1.0132,1.1333,1.1385,1.1418,1.145,1.1481,1.1513,1.1546,1.1578,1.1591,1.1591,1.1591,1.1591,1.1591,1.1591,1.1591,1.0423,1.1232,1.1232,1.1232,1.1259,0.8952,1.1259,1.1259,1.1259,1.1232
1.1551,1.1551,1.1551,1.1468,1.1399,1.1398,1.1397,1.1403,1.1409,1.1416,1.1424,1.1431,0.7307,1.0865,1.0201,1.1551,1.1551,1.1551,1.1551,1.1551,1.1551,1.1551,1.1551,1.1551,1.1551,1.1551,1.1551,1.1551,1.1551,1.1551,1.1551,1.1551,1.1551,1.1551,1.1551,1.1551,1.1551,1.1551,1.1551,1.1551,1.1551,1.1551,1.1519,1.1486,1.1453,1.1421,1.139,1.1359,1.1327,1.1296,0.8522,1.09,1.1219,1.1219,1.1219,1.1219,1.1219,1.1219,1.1219,1.1219
1.0666,1.114,1.1466,1.1558,1.1565,1.1565,1.1565,1.1565,1.1565,1.1565,1.1565,1.1565,1.1565,1.1565,1.1565,1.1565,1.1565,1.1565,1.1528,1.1431,1.0721,1.0964,1.0981,1.0997,1.0999,0.9589,1.0694,1.0156,1.1565,1.1565,1.1565,1.1434,1.1565,1.1565,1.1565,1.1565,1.1565,1.1565,1.1565,1.1565,1.1565,1.1565,1.1565,1.1565,1.1565,1.1565,1.1565,1.1539,1.1539,1.024,1.1207,1.1234,1.1234,0.9446,1.1234,1.1169,1.1137,1.1167,1.1234,1.1234
1.1553,1.1526,1.1526,1.1526,1.1526,1.1526,1.1526,1.1526,1.1526,1.1526,1.1526,1.1526,1.1526,1.0304,1.0787,1.0382,1.1262,1.1379,1.1475,1.1526,1.1526,1.1526,1.1526,1.1526,1.1526,1.1526,1.1526,1.1553,1.1553,1.1553,1.1553,1.1553,1.1553,1.1553,1.1553,1.1553,1.1553,1.1553,1.1553,1.1553,1.1553,1.1553,1.1553,1.1553,1.1553,1.1553,1.1553,1.1553,1.1553,1.1553,0.9199,1.0758,1.1195,1.1195,1.1195,1.1195,1.1195,1.1195,1.1195,1.1195
1.154,1.1513,1.1513,1.1513,1.1513,1.1513,1.1513,1.1513,1.1513,1.1513,1.1513,1.1513,1.1513,1.1513,1.1183,1.154,1.154,1.154,1.154,1.154,1.154,1.154,1.154,1.154,1.154,1.154,1.1513,1.1513,1.1513,1.1513,1.1513,1.1513,1.1513,1.1513,1.1513,1.1462,1.1405,1.1372,1.134,1.1309,1.1278,1.1248,1.1218,1.1187,1.1157,1.1127,1.1096,1.1066,1.1036,1.1005,1.0586,1.1183,1.1183,0.9406,1.121,1.121,1.121,1.121,1.121,1.121
1.0519,1.0986,1.1307,1.1392,1.1463,1.1465,1.1466,1.1459,1.1452,1.1445,1.1437,1.1429,1.1422,1.1528,1.1501,1.1501,1.1528,1.1528,1.1528,1.1528,1.1098,1.1012,1.1296,1.1312,1.1315,1.1315,1.0235,1.0448,1.113,1.1155,1.1125,1.1034,1.0744,1.0392,1.1448,1.1506,1.1528,1.1528,1.1528,1.1528,1.1528,1.1528,1.1528,1.1528,1.1528,1.1528,1.1528,1.1528,1.1528,0.8485,1.1171,1.1171,1.1197,1.1197,0.9445,1.0948,1.1197,1.1197,1.1197,1.1197
1.1488,1.1488,1.1488,1.1488,1.1487,1.1486,1.1485,1.1488,1.1488,1.1488,1.1488,1.1488,1.1488,1.0207,1.0274,0.9246,1.1156,1.1272,1.1363,1.1461,1.1488,1.1488,1.1488,1.1488,1.1488,1.1488,1.1488,1.1488,1.1488,1.1488,1.1488,1.1488,1.1488,1.1488,1.1488,1.1488,1.1488,1.1488,1.1488,1.1488,1.1488,1.1488,1.1488,1.1488,1.1488,1.1488,1.1488,1.1488,1.1488,1.1488,0.8942,1.0458,1.1057,1.1159,1.1159,1.1159,1.1159,1.1159,1.1159,1.1159
1.1434,1.1503,1.1503,1.1503,1.1503,1.1503,1.1503,1.1503,1.1503,1.1503,1.1503,1.1503,1.1476,1.1503,1.1476,1.1503,1.1503,1.1503,1.1503,1.1126,1.0768,1.15,1.1503,1.1503,1.1503,1.0988,1.121,1.1503,1.1503,1.1503,1.1503,1.1503,1.1503,1.1476,1.1476,1.1476,1.1476,1.1476,1.1476,1.1476,1.1476,1.1476,1.1476,1.1476,1.1476,1.1476,1.1476,1.1476,1.1476,0.9906,1.1146,1.1173,1.1173,0.8823,1.1173,1.1173,1.1173,1.1173,1.1173,1.1173
1.149,1.149,1.149,1.149,1.149,1.149,1.149,1.149,1.149,1.149,1.149,1.149,1.149,1.149,1.1463,1.1463,0.8787,1.1463,1.1463,1.1463,1.1463,1.149,1.149,1.149,1.149,1.149,1.149,1.149,1.0958,1.149,1.149,1.149,1.149,1.1095,1.0519,1.149,1.149,1.149,1.149,1.149,1.149,1.149,1.149,1.149,1.149,1.149,1.149,1.149,1.149,1.149,0.9802,1.1134,1.1134,1.1134,1.1134,0.8813,1.1134,1.1134,1.1134,1.1134
1.1451,1.1451,1.1451,1.1451,1.1451,1.1451,1.1451,1.1451,1.1451,1.1451,1.1451,1.1451,1.0305,1.1327,1.0396,1.1451,1.1451,1.1451,1.1451,1.1451,1.1451,1.1451,1.1451,1.1451,1.1451,1.1451,1.1451,1.1451,1.1451,1.1451,1.1451,1.1451,1.1451,1.1451,1.1451,1.1449,1.1392,1.1358,1.1324,1.1293,1.1263,1.1233,1.1202,1.1172,1.1142,1.1111,1.1081,1.1051,1.102,1.099,0.9672,1.1122,1.1122,1.1122,1.1122,1.1122,1.1122,1.1122,1.1122,1.1122
1.0427,1.089,1.1208,1.1292,1.136,1.1362,1.1363,1.1356,1.1349,1.1342,1.1335,1.1328,1.1321,1.1465,1.1465,1.1465,1.1465,1.1465,1.1465,1.1465,1.0721,1.0217,1.0912,1.0927,1.093,0.8794,1.0481,1.0093,1.1402,1.1428,1.1396,1.072,1.1112,1.1465,1.1465,1.1465,1.1465,1.1465,1.1465,1.1465,1.1465,1.1465,1.1465,1.1465,1.1465,1.1465,1.1465,1.1465,1.1465,0.9919,1.111,1.1137,1.1137,1.1137,0.2919,1.1137,1.1137,1.1137,1.1137,1.1137
1.1426,1.1426,1.1426,1.1426,1.1426,1.1426,1.1426,1.1426,1.1426,1.1426,1.1426,1.1426,1.1426,1.0091,1.0564,0.8758,1.1029,1.1144,1.1234,1.1327,1.1426,1.1426,1.1426,1.1426,1.1426,1.1426,1.1426,1.1426,1.1426,1.1426,1.1426,1.1426,1.1426,1.1453,1.1453,1.1453,1.1453,1.1453,1.1453,1.1453,1.1453,1.1453,1.1453,1.1453,1.1453,1.1453,1.1426,1.1426,1.1426,1.1426,0.8959,1.0477,1.1081,1.1098,1.1098,1.1098,1.1098,1.1098,1.1098,1.1098
1.1441,1.1441,1.1414,1.1414,1.1414,1.1414,1.1414,1.1414,1.1414,1.1414,1.1414,1.1414,1.1414,1.1414,1.1414,1.1441,1.1441,1.1441,1.1441,1.1441,1.1441,1.1441,1.1441,1.1441,1.1441,1.1441,1.1441,1.1414,1.1414,1.1414,1.1414,1.1414,1.1414,1.1414,1.1414,1.1414,1.1414,1.1414,1.1414,1.1414,1.1414,1.1414,1.1414,1.1414,1.1414,1.1397,1.1364,1.1331,1.1298,0.917,1.1058,1.1086,1.1113,0.9146,1.1113,1.1113,1.1113,1.1113,1.1113,1.1113
1.0811,1.1291,1.1428,1.1428,1.1428,1.1428,1.1428,1.1428,1.1428,1.1428,1.1428,1.1428,1.1428,1.1428,1.1402,1.1402,1.0938,1.1402,1.1402,1.1428,1.1428,1.1428,1.1428,1.1428,1.1428,1.1428,1.0324,1.0875,0.9367,1.1252,1.1223,1.113,1.0562,1.0483,1.1252,1.1306,1.1362,1.1396,1.1428,1.1428,1.1428,1.1428,1.1428,1.1428,1.1428,1.1428,1.1428,1.1428,1.1428,0.8811,1.0619,1.1074,1.1074,1.1101,1.1101,1.0231,1.1101,1.1101,1.1101,1.1101
1.1389,1.1389,1.1389,1.1389,1.1344,1.1343,1.1342,1.1348,1.1355,1.1362,1.137,1.1378,0.873,1.0504,1.0148,0.9133,1.1389,1.1389,1.1389,1.1389,1.1389,1.1389,1.1389,1.1389,1.1389,1.1389,1.1389,1.1389,1.1389,1.1389,1.1389,1.1389,1.1389,1.1389,1.1389,1.1389,1.1389,1.1389,1.1389,1.1389,1.1389,1.1389,1.1389,1.1389,1.1389,1.1389,1.1389,1.1389,1.1389,1.1389,0.9086,1.0626,1.1062,1.1062,1.1062,1.1062,1.1062,1.1062,1.1062,1.1062
1.0855,1.1341,1.1404,1.1404,1.1404,1.1404,1.1404,1.1404,1.1404,1.1404,1.1404,1.1404,1.1404,1.1404,1.1404,1.1404,1.1404,1.1404,1.1404,1.0719,1.0655,1.1072,1.1089,1.1105,1.1108,1.0279,1.08,1.1404,1.1404,1.1404,1.1404,1.1404,1.1404,1.1404,1.1404,1.1377,1.1377,1.1377,1.1377,1.1377,1.1377,1.1377,1.1377,1.1377,1.1377,1.1377,1.1377,1.1377,1.1377,0.9942,1.105,1.1077,1.1077,0.9456,1.1077,1.1077,1.1077,1.1077,1.1077,1.1077
1.1391,1.1391,1.1391,1.1365,1.1365,1.1365,1.1365,1.1365,1.1365,1.1365,1.1365,1.1365,1.1365,1.1365,1.097,1.067,0.9266,1.1365,1.1365,1.1365,1.1365,1.1365,1.1365,1.1365,1.1365,1.1365,1.1391,1.1391,1.1391,1.1391,1.1391,1.1391,1.1391,1.1391,1.1043,1.1391,1.1391,1.1391,1.1391,1.1391,1.1391,1.1391,1.1391,1.1391,1.1391,1.1391,1.1391,1.1391,1.1391,1.1391,0.8385,1.0917,1.1039,1.1039,1.1039,1.1039,1.1039,1.1039,1.1039,1.1039
1.1353,1.1353,1.1353,1.1353,1.1353,1.1353,1.1353,1.1353,1.1353,1.1353,1.1353,1.1353,1.0895,1.1353,1.0763,1.1353,1.1353,1.1353,1.1379,1.1379,1.1353,1.1353,1.1353,1.1353,1.1353,1.1353,1.1353,1.1353,1.1353,1.1353,1.1353,1.1353,1.1353,1.1353,1.1353,1.1353,1.1315,1.1281,1.1247,1.1216,1.1185,1.1155,1.1125,1.1095,1.1065,1.1035,1.1005,1.0975,1.0944,1.0914,1.0091,1.1027,1.1027,1.1027,1.1053,1.1053,1.1053,1.1053,1.1027,1.1027
1.0403,1.0865,1.1181,1.1267,1.1338,1.1339,1.1341,1.1334,1.1327,1.132,1.1312,1.1305,1.1297,1.1367,1.1367,1.1341,1.1367,1.1367,1.1367,1.1367,1.0861,1.059,1.1054,1.107,1.1073,1.1072,1.025,1.0224,1.1147,1.1172,1.1142,1.105,1.0867,1.0407,1.1367,1.1367,1.1367,1.1367,1.1367,1.1367,1.1367,1.1367,1.1367,1.1367,1.1367,1.1367,1.1367,1.1367,1.1367,0.8367,1.1015,1.1015,1.1041,1.1041,0.2718,1.1041,1.1041,1.1041,1.1041,1.1041
1.1328,1.1328,1.1328,1.1328,1.1328,1.1328,1.1328,1.1328,1.1328,1.1328,1.1328,1.1328,1.1328,1.0084,1.0408,0.598,1.1022,1.1136,1.1227,1.1324,1.1328,1.1328,1.1328,1.1328,1.1328,1.1328,1.1328,1.1328,1.1328,1.1328,1.1328,1.1328,1.1328,1.1328,1.1328,1.1328,1.1328,1.1328,1.1328,1.1328,1.1328,1.1328,1.1328,1.1328,1.1328,1.1328,1.1328,1.1328,1.1328,1.1328,0.8875,1.0379,1.0978,1.1003,1.1003,1.1003,1.1003,1.1003,1.1003,1.1003
1.1343,1.1343,1.1343,1.1343,1.1343,1.1343,1.1343,1.1343,1.1343,1.1343,1.1343,1.1343,1.1316,1.1343,1.1316,1.1343,1.1343,1.1343,1.1343,1.1343,1.0899,1.1343,1.1343,1.1343,1.1343,1.128,1.1343,1.1343,1.1316,1.1316,1.1316,1.1343,1.1316,1.1316,1.1316,1.1316,1.1316,1.1316,1.1316,1.1316,1.1316,1.1316,1.1316,1.1316,1.1316,1.1316,1.1316,1.1316,1.1316,0.8349,1.0991,1.1018,1.1018,0.8812,1.1018,1.1018,1.1018,1.1018,1.1018,1.1018
1.1264,1.133,1.133,1.133,1.133,1.133,1.133,1.133,1.133,1.133,1.133,1.133,1.133,1.133,1.1304,1.1304,1.0193,1.1304,1.1304,1.1304,1.133,1.133,1.133,1.133,1.133,1.133,1.0595,1.1268,1.041,1.133,1.133,1.133,1.1233,1.0757,1.0199,1.133,1.133,1.133,1.133,1.133,1.133,1.133,1.133,1.133,1.133,1.133,1.133,1.133,1.133,1.133,0.9991,1.098,1.098,1.098,1.098,0.8691,1.1006,1.1006,1.098,1.098
1.1292,1.1292,1.1292,1.1292,1.1292,1.1292,1.1292,1.1292,1.1292,1.1292,1.1292,1.1292,0.9862,1.095,1.022,1.1292,1.1292,1.1292,1.1292,1.1292,1.1292,1.1292,1.1292,1.1292,1.1292,1.1292,1.1292,1.1292,1.1292,1.1292,1.1292,1.1292,1.1292,1.1292,1.1292,1.1292,1.1292,1.1292,1.1292,1.1292,1.1292,1.1292,1.1292,1.1292,1.1262,1.123,1.1197,1.1165,1.1135,1.1104,0.8331,1.0934,1.0968,1.0968,1.0968,1.0968,1.0968,1.0968,1.0968,1.0968
1.051,1.0977,1.1304,1.1306,1.1306,1.1306,1.1306,1.1306,1.1306,1.1306,1.1306,1.1306,1.1306,1.1306,1.1306,1.1306,1.1306,1.1306,1.1306,1.1306,1.071,1.0884,1.0901,1.0917,1.092,0.9145,1.0616,1.0083,1.1306,1.1306,1.1306,1.0989,1.1306,1.1306,1.1306,1.1306,1.1306,1.1306,1.1306,1.1306,1.1306,1.1306,1.1306,1.1306,1.1306,1.1306,1.1306,1.1306,1.1306,0.9761,1.0956,1.0982,1.0982,1.0982,0.3607,1.0982,1.0982,1.0982,1.0982,1.0982
1.1294,1.1268,1.1268,1.1268,1.1268,1.1268,1.1268,1.1268,1.1268,1.1268,1.1268,1.1268,1.1268,1.0163,1.064,1.0005,1.1108,1.1228,1.1268,1.1268,1.1268,1.1268,1.1268,1.1268,1.1268,1.1268,1.1268,1.1294,1.1294,1.1294,1.1294,1.1294,1.1294,1.1294,1.1294,1.1294,1.1294,1.1294,1.1294,1.1294,1.1294,1.1294,1.1294,1.1294,1.1294,1.1294,1.1294,1.1294,1.1294,1.1294,0.8313,1.0555,1.0945,1.0945,1.0945,1.0945,1.0945,1.0945,1.0945,1.0945
1.1282,1.1256,1.1256,1.1256,1.1256,1.1256,1.1256,1.1256,1.1256,1.1256,1.1256,1.1256,1.1256,1.1256,1.1256,1.1282,1.1282,1.1282,1.1282,1.1282,1.1282,1.1282,1.1282,1.1282,1.1282,1.1282,1.1282,1.1256,1.1256,1.1256,1.1256,1.1256,1.1256,1.1256,1.1256,1.1256,1.1256,1.1256,1.1256,1.1256,1.1256,1.1256,1.1256,1.1232,1.12,1.1167,1.1135,1.1105,1.1074,0.8725,1.0516,1.0933,1.0933,0.9164,1.0959,1.0959,1.0959,1.0959,1.0959,1.0959
1.0568,1.1038,1.127,1.127,1.127,1.127,1.127,1.127,1.127,1.127,1.127,1.127,1.127,1.127,1.1244,1.1244,1.127,1.127,1.127,1.127,1.118,1.1087,1.127,1.127,1.127,1.127,1.0223,1.0524,0.994,1.1142,1.1113,1.1021,1.0618,1.038,1.127,1.127,1.127,1.127,1.127,1.127,1.127,1.127,1.127,1.127,1.127,1.127,1.127,1.127,1.127,0.8924,1.0755,1.0921,1.0947,1.0947,0.9051,1.0491,1.0947,1.0947,1.0947,1.0947
1.1232,1.1232,1.1232,1.1232,1.1232,1.1232,1.1232,1.1232,1.1232,1.1232,1.1232,1.1232,0.924,1.0259,1.0176,0.9159,1.1219,1.1232,1.1232,1.1232,1.1232,1.1232,1.1232,1.1232,1.1232,1.1232,1.1232,1.1232,1.1232,1.1232,1.1232,1.1232,1.1232,1.1232,1.1232,1.1232,1.1232,1.1232,1.1232,1.1232,1.1232,1.1232,1.1232,1.1232,1.1232,1.1232,1.1232,1.1232,1.1232,1.1232,0.8931,1.0445,1.091,1.091,1.091,1.091,1.091,1.091,1.091,1.091
1.1084,1.1246,1.1246,1.1246,1.1246,1.1246,1.1246,1.1246,1.1246,1.1246,1.1246,1.1246,1.1246,1.1246,1.122,1.1246,1.1246,1.1246,1.1246,1.0884,1.0675,1.1246,1.1246,1.1246,1.1246,1.0536,1.0966,1.1246,1.1246,1.1246,1.1246,1.1246,1.1246,1.122,1.122,1.122,1.122,1.122,1.122,1.122,1.122,1.122,1.122,1.122,1.122,1.122,1.122,1.122,1.122,0.8278,1.0898,1.0924,1.0924,0.9347,1.0924,1.0924,1.0924,1.0924,1.0924,1.0924
1.1234,1.1234,1.1234,1.1234,1.1234,1.1234,1.1234,1.1234,1.1234,1.1234,1.1234,1.1234,1.1234,1.1208,1.1201,1.0925,0.8591,1.1208,1.1208,1.1208,1.1208,1.1234,1.1234,1.1234,1.1234,1.1234,1.1234,1.1234,1.0959,1.1234,1.1234,1.1234,1.1234,1.1184,1.06,1.1234,1.1234,1.1234,1.1234,1.1234,1.1234,1.1234,1.1234,1.1234,1.1234,1.1234,1.1234,1.1234,1.1234,1.1234,0.9488,1.0887,1.0887,1.0887,1.0887,0.8646,1.0887,1.0887,1.0887,1.0887
1.1196,1.1196,1.1196,1.1196,1.1196,1.1196,1.1196,1.1196,1.1196,1.1196,1.1196,1.1196,1.0351,1.1196,1.0464,1.1196,1.1196,1.1196,1.1196,1.1196,1.1196,1.1196,1.1196,1.1196,1.1196,1.1196,1.1196,1.1196,1.1196,1.1196,1.1196,1.1196,1.1196,1.1196,1.1196,1.1196,1.1196,1.1196,1.1196,1.1196,1.1192,1.116,1.1128,1.1096,1.1065,1.1035,1.1005,1.0975,1.0945,1.0915,0.9684,1.0875,1.0875,1.0875,1.0875,1.0875,1.0875,1.0875,1.0875,1.0875
1.0376,1.0837,1.1157,1.1211,1.1211,1.1211,1.1211,1.1211,1.1211,1.1211,1.1211,1.1211,1.1211,1.1211,1.1211,1.1185,1.1211,1.1211,1.1211,1.1211,1.073,1.0287,1.0921,1.0937,1.0939,0.8599,1.0337,1.0101,1.1211,1.1211,1.1211,1.1146,1.0959,1.0495,1.1211,1.1211,1.1211,1.1211,1.1211,1.1211,1.1211,1.1211,1.1211,1.1211,1.1211,1.1211,1.1211,1.1211,1.1211,0.8252,1.0863,1.089,1.089,1.089,0.3083,1.089,1.089,1.089,1.089,1.089
1.1173,1.1173,1.1173,1.1173,1.1173,1.1173,1.1173,1.1173,1.1173,1.1173,1.1173,1.1173,1.1173,1.005,1.0521,0.8564,1.0984,1.1101,1.1173,1.1173,1.1173,1.1173,1.1173,1.1173,1.1173,1.1173,1.1173,1.1173,1.1173,1.1173,1.1173,1.1173,1.1173,1.1199,1.1199,1.1199,1.1199,1.1199,1.1173,1.1173,1.1173,1.1173,1.1173,1.1173,1.1173,1.1173,1.1173,1.1173,1.1173,1.1173,0.8868,1.037,1.0852,1.0852,1.0852,1.0852,1.0852,1.0852,1.0852,1.0852
1.1187,1.1187,1.1187,1.1187,1.1187,1.1187,1.1187,1.1187,1.1187,1.1187,1.1187,1.1187,1.1161,1.1161,1.1161,1.1187,1.1187,1.1187,1.1187,1.1187,1.1084,1.1187,1.1187,1.1187,1.1187,1.1187,1.1187,1.1161,1.1161,1.1161,1.1161,1.1161,1.1161,1.1161,1.1161,1.1161,1.1161,1.1161,1.1161,1.1161,1.1161,1.1161,1.1161,1.1161,1.1161,1.1161,1.1161,1.1161,1.1161,0.8783,1.0841,1.0841,1.0867,0.926,1.0867,1.0867,1.0867,1.0867,1.0867,1.0867
1.0893,1.1175,1.1175,1.1175,1.1175,1.1175,1.1175,1.1175,1.1175,1.1175,1.1175,1.1175,1.1175,1.1175,1.1149,1.1149,1.0294,1.1149,1.1149,1.1149,1.1175,1.1175,1.1175,1.1175,1.1175,1.1175,1.0375,1.0953,0.9979,1.1175,1.1175,1.1175,1.0536,1.0534,1.1175,1.1175,1.1175,1.1175,1.1175,1.1175,1.1175,1.1175,1.1175,1.1175,1.1175,1.1175,1.1175,1.1175,1.1175,1.1175,1.0152,1.0829,1.0829,1.0855,1.0855,0.9925,1.0855,1.0855,1.0855,1.0855
1.1137,1.1137,1.1137,1.1137,1.1137,1.1137,1.1137,1.1137,1.1137,1.1137,1.1137,1.1137,0.8537,1.0584,1.014,0.9126,1.1137,1.1137,1.1137,1.1137,1.1137,1.1137,1.1137,1.1137,1.1137,1.1137,1.1137,1.1137,1.1137,1.1137,1.1137,1.1137,1.1137,1.1137,1.1137,1.1137,1.1137,1.1137,1.1137,1.1137,1.1137,1.1137,1.1137,1.1137,1.1137,1.1137,1.1137,1.1137,1.1137,1.1137,0.8217,1.0647,1.0818,1.0818,1.0818,1.0818,1.0818,1.0818,1.0818,1.0818
1.0653,1.1132,1.1152,1.1152,1.1152,1.1152,1.1152,1.1152,1.1152,1.1152,1.1152,1.1152,1.1152,1.1152,1.1152,1.1152,1.1152,1.1152,1.1152,1.0603,1.0654,1.0952,1.0969,1.0985,1.0988,0.9977,1.0683,1.0146,1.1152,1.1152,1.1152,1.1152,1.1152,1.1152,1.1152,1.1152,1.1152,1.1152,1.1152,1.1152,1.1152,1.1126,1.1126,1.1126,1.1126,1.1126,1.1126,1.1126,1.1126,0.8208,1.0806,1.0832,1.0832,0.8898,1.0632,1.0832,1.0832,1.0832,1.0832,1.0832
1.114,1.114,1.1114,1.1114,1.1114,1.1114,1.1114,1.1114,1.1114,1.1114,1.1114,1.1114,1.1114,1.0294,1.0776,1.0239,0.8891,1.1114,1.1114,1.1114,1.1114,1.1114,1.1114,1.1114,1.1114,1.1114,1.1114,1.114,1.114,1.114,1.114,1.114,1.114,1.114,1.1096,1.114,1.114,1.114,1.114,1.114,1.114,1.114,1.114,1.114,1.114,1.114,1.114,1.114,1.114,1.114,0.82,1.0674,1.0795,1.0795,1.0795,1.0795,1.0795,1.0795,1.0795,1.0795
1.1128,1.1102,1.1102,1.1102,1.1102,1.1102,1.1102,1.1102,1.1102,1.1102,1.1102,1.1102,1.0858,1.1102,1.0843,1.1102,1.1102,1.1128,1.1128,1.1128,1.1128,1.1128,1.1128,1.1102,1.1102,1.1102,1.1102,1.1102,1.1102,1.1102,1.1102,1.1102,1.1102,1.1102,1.1102,1.1102,1.1102,1.1102,1.1102,1.1102,1.1102,1.1102,1.1102,1.1102,1.1084,1.1052,1.102,1.0988,1.0958,1.0928,1.0052,1.0784,1.0784,1.0809,1.0809,1.0809,1.0809,1.0809,1.0809,1.0784
1.043,1.0893,1.1117,1.1117,1.1117,1.1117,1.1117,1.1117,1.1117,1.1117,1.1117,1.1117,1.1117,1.1117,1.1091,1.1091,1.1117,1.1117,1.1117,1.1117,1.0926,1.0667,1.1117,1.1117,1.1117,1.1117,1.0208,1.0286,1.1108,1.1117,1.1102,1.1005,1.0738,1.0365,1.1117,1.1117,1.1117,1.1117,1.1117,1.1117,1.1117,1.1117,1.1117,1.1117,1.1117,1.1117,1.1117,1.1117,1.1117,0.866,1.0772,1.0772,1.0798,1.0798,0.9256,1.0729,1.0798,1.0798,1.0798,1.0798
1.1079,1.1079,1.1079,1.1079,1.1079,1.1079,1.1079,1.1079,1.1079,1.1079,1.1079,1.1079,1.1079,1.0116,1.0271,0.7513,1.1062,1.1079,1.1079,1.1079,1.1079,1.1079,1.1079,1.1079,1.1079,1.1079,1.1079,1.1079,1.1079,1.1079,1.1079,1.1079,1.1079,1.1079,1.1079,1.1079,1.1079,1.1079,1.1079,1.1079,1.1079,1.1079,1.1079,1.1079,1.1079,1.1079,1.1079,1.1079,1.1079,1.1079,0.8847,1.0346,1.0761,1.0761,1.0761,1.0761,1.0761,1.0761,1.0761,1.0761
1.1093,1.1093,1.1093,1.1093,1.1093,1.1093,1.1093,1.1093,1.1093,1.1093,1.1093,1.1093,1.1068,1.1093,1.1068,1.1093,1.1093,1.1093,1.1093,1.1093,1.0767,1.1093,1.1093,1.1093,1.1093,1.077,1.1093,1.1093,1.1093,1.1093,1.1093,1.1093,1.1093,1.1068,1.1068,1.1068,1.1068,1.1068,1.1068,1.1068,1.1068,1.1068,1.1068,1.1068,1.1068,1.1068,1.1068,1.1068,1.1068,0.8165,1.075,1.075,1.0776,0.9129,1.0776,1.0776,1.0776,1.0776,1.0776,1.0776
1.1082,1.1082,1.1082,1.1082,1.1082,1.1082,1.1082,1.1082,1.1082,1.1082,1.1082,1.1082,1.1082,1.1082,1.1056,1.1056,0.8539,1.1056,1.1056,1.1056,1.1082,1.1082,1.1082,1.1082,1.1082,1.1082,1.0675,1.1082,1.0437,1.1082,1.1082,1.1082,1.1082,1.0838,1.0276,1.1082,1.1082,1.1082,1.1082,1.1082,1.1082,1.1082,1.1082,1.1082,1.1082,1.1082,1.1082,1.1082,1.1082,1.1082,0.9638,1.0739,1.0739,1.0739,1.0739,0.8614,1.0739,1.0739,1.0739,1.0739
1.1044,1.1044,1.1044,1.1044,1.1044,1.1044,1.1044,1.1044,1.1044,1.1044,1.1044,1.1044,0.9921,1.1021,1.0274,1.1044,1.1044,1.1044,1.1044,1.1044,1.1044,1.1044,1.1044,1.1044,1.1044,1.1044,1.1044,1.1044,1.1044,1.1044,1.1044,1.1044,1.1044,1.1044,1.1044,1.1044,1.1044,1.1044,1.1044,1.1044,1.1044,1.1044,1.1044,1.1044,1.1044,1.1044,1.1044,1.1044,1.1027,1.0995,0.9364,1.0727,1.0727,1.0727,1.0727,1.0727,1.0727,1.0727,1.0727,1.0727
1.0427,1.089,1.1059,1.1059,1.1059,1.1059,1.1059,1.1059,1.1059,1.1059,1.1059,1.1059,1.1059,1.1033,1.1059,1.1059,1.1059,1.1059,1.1059,1.1059,1.0693,1.0092,1.0883,1.0899,1.0902,0.9317,1.0478,1.0066,1.1059,1.1059,1.1059,1.1059,1.1059,1.0639,1.1059,1.1059,1.1059,1.1059,1.1059,1.1059,1.1059,1.1059,1.1059,1.1059,1.1059,1.1059,1.1059,1.1059,1.1059,0.814,1.0716,1.0742,1.0742,1.0742,0.374,1.0742,1.0742,1.0742,1.0742,1.0742
1.1047,1.1021,1.1021,1.1021,1.1021,1.1021,1.1021,1.1021,1.1021,1.1021,1.1021,1.1021,1.1021,1.0091,1.0564,0.9719,1.1021,1.1021,1.1021,1.1021,1.1021,1.1021,1.1021,1.1021,1.1021,1.1021,1.1021,1.1047,1.1021,1.1021,1.1021,1.1047,1.1047,1.1047,1.1047,1.1047,1.1047,1.1047,1.1047,1.1047,1.1047,1.1047,1.1047,1.1047,1.1047,1.1047,1.1047,1.1021,1.1021,1.1021,0.8131,1.0419,1.0705,1.0705,1.0705,1.0705,1.0705,1.0705,1.0705,1.0705
1.1036,1.1036,1.101,1.101,1.101,1.101,1.101,1.101,1.101,1.101,1.101,1.101,1.101,1.101,1.101,1.1036,1.1036,1.1036,1.1036,1.1036,1.1036,1.1036,1.1036,1.1036,1.1036,1.1036,1.1036,1.101,1.101,1.101,1.101,1.101,1.101,1.101,1.101,1.101,1.101,1.101,1.101,1.101,1.101,1.101,1.101,1.101,1.101,1.101,1.101,1.101,1.101,0.8617,1.0385,1.0694,1.0719,0.8853,1.0578,1.0719,1.0719,1.0719,1.0719,1.0719
1.0642,1.1024,1.1024,1.1024,1.1024,1.1024,1.1024,1.1024,1.1024,1.1024,1.1024,1.1024,1.1024,1.1024,1.0998,1.0998,1.0998,1.0998,1.1024,1.1024,1.1024,1.1024,1.1024,1.1024,1.1024,1.1024,1.0257,1.0603,1.0174,1.1024,1.1024,1.1024,1.0562,1.0414,1.1024,1.1024,1.1024,1.1024,1.1024,1.1024,1.1024,1.1024,1.1024,1.1024,1.1024,1.1024,1.1024,1.1024,1.1024,0.8513,1.026,1.0683,1.0683,1.0708,1.0708,1.0135,1.0708,1.0708,1.0708,1.0708
1.0987,1.0987,1.0987,1.0987,1.0987,1.0987,1.0987,1.0987,1.0987,1.0987,1.0987,1.0987,0.8421,1.0333,1.0143,0.8421,1.0987,1.0987,1.0987,1.0987,1.0987,1.0987,1.0987,1.0987,1.0987,1.0987,1.0987,1.0987,1.0987,1.0987,1.0987,1.0987,1.0987,1.0987,1.0987,1.0987,1.0987,1.0987,1.0987,1.0987,1.0987,1.0987,1.0987,1.0987,1.0987,1.0987,1.0987,1.0987,1.0987,1.0987,0.8106,1.0459,1.0672,1.0672,1.0672,1.0672,1.0672,1.0672,1.0672,1.0672
1.0835,1.1001,1.1001,1.1001,1.1001,1.1001,1.1001,1.1001,1.1001,1.1001,1.1001,1.1001,1.1001,1.1001,1.0976,1.1001,1.1001,1.1001,1.1001,1.0728,1.0649,1.1001,1.1001,1.1001,1.1001,1.0184,1.0809,1.1001,1.1001,1.1001,1.1001,1.1001,1.1001,1.1001,1.0976,1.0976,1.0976,1.0976,1.0976,1.0976,1.0976,1.0976,1.0976,1.0976,1.0976,1.0976,1.0976,1.0976,1.0976,0.8098,1.0661,1.0686,1.0686,0.8811,1.0528,1.0686,1.0686,1.0686,1.0686,1.0686
1.099,1.099,1.099,1.099,1.0964,1.0964,1.0964,1.099,1.099,1.099,1.099,1.099,1.099,1.0964,1.0962,1.0443,0.9068,1.0964,1.0964,1.0964,1.0964,1.099,1.099,1.099,1.099,1.099,1.099,1.099,1.0889,1.099,1.099,1.099,1.099,1.099,1.0663,1.099,1.099,1.099,1.099,1.099,1.099,1.099,1.099,1.099,1.099,1.099,1.099,1.099,1.099,1.099,0.9246,1.0649,1.0649,1.0649,1.0649,1.0649,1.0649,1.0649,1.0649,1.0649
1.0953,1.0953,1.0953,1.0953,1.0953,1.0953,1.0953,1.0953,1.0953,1.0953,1.0953,1.0953,1.0348,1.0953,1.0545,1.0953,1.0953,1.0953,1.0953,1.0953,1.0953,1.0953,1.0953,1.0953,1.0953,1.0953,1.0953,1.0953,1.0953,1.0953,1.0953,1.0953,1.0953,1.0953,1.0953,1.0953,1.0953,1.0953,1.0953,1.0953,1.0953,1.0953,1.0953,1.0953,1.0953,1.0953,1.0953,1.0953,1.0941,1.0909,0.9667,1.0638,1.0638,1.0638,1.0638,1.0664,1.0664,1.0664,1.0638,1.0638
1.0385,1.0846,1.0967,1.0967,1.0967,1.0967,1.0967,1.0967,1.0967,1.0967,1.0967,1.0967,1.0967,1.0967,1.0967,1.0942,1.0967,1.0967,1.0967,1.0967,1.0783,1.0366,1.0967,1.0967,1.0967,1.0967,1.0267,1.0151,1.0967,1.0967,1.0967,1.0967,1.0886,1.0424,1.0967,1.0967,1.0967,1.0967,1.0967,1.0967,1.0967,1.0967,1.0967,1.0967,1.0967,1.0967,1.0967,1.0967,1.0967,0.8072,1.0627,1.0627,1.0653,1.0653,0.3448,1.0653,1.0653,1.0653,1.0653,1.0653
1.093,1.093,1.093,1.093,1.093,1.093,1.093,1.093,1.093,1.093,1.093,1.093,1.093,1.0065,1.0415,0.797,1.093,1.093,1.093,1.093,1.093,1.093,1.093,1.093,1.093,1.093,1.093,1.093,1.093,1.093,1.093,1.093,1.093,1.0956,1.093,1.093,1.093,1.093,1.093,1.093,1.093,1.093,1.093,1.093,1.093,1.093,1.093,1.093,1.093,1.093,0.8064,1.0319,1.0616,1.0616,1.0616,1.0616,1.0616,1.0616,1.0616,1.0616
1.0944,1.0944,1.0944,1.0944,1.0944,1.0944,1.0944,1.0944,1.0944,1.0944,1.0944,1.0944,1.0919,1.0919,1.0919,1.0944,1.0944,1.0944,1.0944,1.0944,1.0917,1.0944,1.0944,1.0944,1.0944,1.0944,1.0944,1.0944,1.0919,1.0919,1.0919,1.0944,1.0919,1.0919,1.0919,1.0919,1.0919,1.0919,1.0919,1.0919,1.0919,1.0919,1.0919,1.0919,1.0919,1.0919,1.0919,1.0919,1.0919,0.8747,1.0605,1.0605,1.0631,0.8828,1.0548,1.0631,1.0631,1.0631,1.0631,1.0631
1.0933,1.0933,1.0933,1.0933,1.0933,1.0933,1.0933,1.0933,1.0933,1.0933,1.0933,1.0933,1.0933,1.0933,1.0908,1.0908,1.0908,1.0908,1.0908,1.0908,1.0933,1.0933,1.0933,1.0933,1.0933,1.0933,1.0452,1.0933,1.0026,1.0933,1.0933,1.0933,1.0565,1.0613,1.0933,1.0933,1.0933,1.0933,1.0933,1.0933,1.0933,1.0933,1.0933,1.0933,1.0933,1.0933,1.0933,1.0933,1.0933,1.0933,0.9763,1.0595,1.0595,1.0595,1.062,0.9709,1.062,1.062,1.062,1.0595
1.0896,1.0896,1.0896,1.0896,1.0896,1.0896,1.0896,1.0896,1.0896,1.0896,1.0896,1.0896,0.9601,1.066,1.0182,0.8352,1.0896,1.0896,1.0896,1.0896,1.0896,1.0896,1.0896,1.0896,1.0896,1.0896,1.0896,1.0896,1.0896,1.0896,1.0896,1.0896,1.0896,1.0896,1.0896,1.0896,1.0896,1.0896,1.0896,1.0896,1.0896,1.0896,1.0896,1.0896,1.0896,1.0896,1.0896,1.0896,1.0896,1.0896,0.8375,1.0584,1.0584,1.0584,1.0584,1.0584,1.0584,1.0584,1.0584,1.0584
1.0538,1.0911,1.0911,1.0911,1.0911,1.0911,1.0911,1.0911,1.0911,1.0911,1.0911,1.0911,1.0911,1.0885,1.0885,1.0911,1.0911,1.0911,1.0911,1.0911,1.0704,1.0911,1.0911,1.0911,1.0911,0.9766,1.0641,1.0106,1.0911,1.0911,1.0911,1.0911,1.0911,1.0911,1.0911,1.0911,1.0911,1.0911,1.0911,1.0911,1.0911,1.0911,1.0911,1.0911,1.0911,1.0885,1.0885,1.0885,1.0885,0.8031,1.0573,1.0598,1.0598,1.0598,1.0024,1.0598,1.0598,1.0598,1.0598,1.0598
1.0899,1.0899,1.0874,1.0874,1.0874,1.0874,1.0874,1.0874,1.0874,1.0874,1.0874,1.0874,1.0874,1.0193,1.067,0.9907,1.0874,1.0874,1.0874,1.0874,1.0874,1.0874,1.0874,1.0874,1.0874,1.0874,1.0874,1.0899,1.0899,1.0899,1.0899,1.0899,1.0899,1.0899,1.0899,1.0899,1.0899,1.0899,1.0899,1.0899,1.0899,1.0899,1.0899,1.0899,1.0899,1.0899,1.0899,1.0899,1.0899,1.0899,0.8023,1.0512,1.0562,1.0562,1.0562,1.0562,1.0562,1.0562,1.0562,1.0562
1.0888,1.0863,1.0863,1.0863,1.0863,1.0863,1.0863,1.0863,1.0863,1.0863,1.0863,1.0863,1.074,1.0863,1.0863,1.0863,1.0888,1.0888,1.0888,1.0888,1.0888,1.0888,1.0888,1.0888,1.0888,1.0888,1.0888,1.0863,1.0863,1.0863,1.0863,1.0863,1.0863,1.0863,1.0863,1.0863,1.0863,1.0863,1.0863,1.0863,1.0863,1.0863,1.0863,1.0863,1.0863,1.0863,1.0863,1.0863,1.0863,1.0863,0.996,1.0551,1.0551,1.0576,1.008,1.0576,1.0576,1.0576,1.0576,1.0576
1.0499,1.0877,1.0877,1.0877,1.0877,1.0877,1.0877,1.0877,1.0877,1.0877,1.0877,1.0877,1.0877,1.0877,1.0852,1.0852,1.0877,1.0877,1.0877,1.0877,1.0877,1.0726,1.0877,1.0877,1.0877,1.0877,1.0229,1.0369,1.0877,1.0877,1.0877,1.0877,1.0655,1.0386,1.0877,1.0877,1.0877,1.0877,1.0877,1.0877,1.0877,1.0877,1.0877,1.0877,1.0877,1.0877,1.0877,1.0877,1.0877,0.8541,1.0294,1.054,1.0565,1.0565,0.8906,1.0323,1.0565,1.0565,1.0565,1.0565
1.0841,1.0841,1.0841,1.0841,1.0841,1.0841,1.0841,1.0841,1.0841,1.0841,1.0841,1.0841,1.0841,1.0187,1.0214,0.8309,1.0841,1.0841,1.0841,1.0841,1.0841,1.0841,1.0841,1.0841,1.0841,1.0841,1.0841,1.0841,1.0841,1.0841,1.0841,1.0841,1.0841,1.0841,1.0841,1.0841,1.0841,1.0841,1.0841,1.0841,1.0841,1.0841,1.0841,1.0841,1.0841,1.0841,1.0841,1.0841,1.0841,1.0841,0.7998,1.0355,1.0529,1.0529,1.0529,1.0529,1.0529,1.0529,1.0529,1.0529
1.0855,1.0855,1.0855,1.0855,1.0855,1.0855,1.0855,1.0855,1.0855,1.0855,1.0855,1.0855,1.0855,1.083,1.083,1.0855,1.0855,1.0855,1.0855,1.0855,1.0718,1.0855,1.0855,1.0855,1.0855,1.0368,1.0855,1.0855,1.0855,1.0855,1.0855,1.0855,1.0855,1.083,1.083,1.083,1.083,1.083,1.083,1.083,1.083,1.083,1.083,1.083,1.083,1.083,1.083,1.083,1.083,0.799,1.0519,1.0519,1.0544,0.8897,1.0305,1.0544,1.0544,1.0544,1.0544,1.0544
1.0844,1.0844,1.0844,1.0844,1.0844,1.0844,1.0844,1.0844,1.0844,1.0844,1.0844,1.0844,1.0844,1.0818,1.0818,1.0583,0.9818,1.0818,1.0818,1.0818,1.0844,1.0844,1.0844,1.0844,1.0844,1.0844,1.0756,1.0844,1.0406,1.0844,1.0844,1.0844,1.0844,1.0844,1.0353,1.0844,1.0844,1.0844,1.0844,1.0844,1.0844,1.0844,1.0844,1.0844,1.0844,1.0844,1.0844,1.0844,1.0844,1.0844,0.9364,1.0508,1.0508,1.0508,1.0508,0.9598,1.0508,1.0508,1.0508,1.0508
1.0807,1.0807,1.0807,1.0807,1.0807,1.0807,1.0807,1.0807,1.0807,1.0807,1.0807,1.0807,0.9946,1.0807,1.0358,1.0807,1.0807,1.0807,1.0807,1.0807,1.0807,1.0807,1.0807,1.0807,1.0807,1.0807,1.0807,1.0807,1.0807,1.0807,1.0807,1.0807,1.0807,1.0807,1.0807,1.0807,1.0807,1.0807,1.0807,1.0807,1.0807,1.0807,1.0807,1.0807,1.0807,1.0807,1.0807,1.0807,1.0807,1.0807,0.9367,1.0497,1.0497,1.0497,1.0497,1.0497,1.0497,1.0497,1.0497,1.0497
1.042,1.0822,1.0822,1.0822,1.0822,1.0822,1.0822,1.0822,1.0822,1.0822,1.0822,1.0822,1.0822,1.0796,1.0796,1.0796,1.0822,1.0822,1.0822,1.0822,1.0741,1.0177,1.0822,1.0822,1.0822,0.9517,1.0381,1.0109,1.0822,1.0822,1.0822,1.0822,1.0822,1.0541,1.0822,1.0822,1.0822,1.0822,1.0822,1.0822,1.0822,1.0822,1.0822,1.0822,1.0822,1.0822,1.0822,1.0822,1.0822,0.7965,1.0486,1.0486,1.0512,1.0512,0.4199,1.0512,1.0512,1.0512,1.0512,1.0512
1.081,1.0785,1.0785,1.0785,1.0785,1.0785,1.0785,1.0785,1.0785,1.0785,1.0785,1.0785,1.0785,1.0093,1.0566,0.9527,1.0785,1.0785,1.0785,1.0785,1.0785,1.0785,1.0785,1.0785,1.0785,1.0785,1.0785,1.081,1.0785,1.0785,1.0785,1.0785,1.081,1.081,1.081,1.081,1.081,1.081,1.081,1.081,1.0785,1.0785,1.0785,1.0785,1.0785,1.0785,1.0785,1.0785,1.0785,1.0785,0.7957,1.0352,1.0476,1.0476,1.0476,1.0476,1.0476,1.0476,1.0476,1.0476
1.0799,1.0799,1.0799,1.0774,1.0774,1.0774,1.0774,1.0774,1.0774,1.0774,1.0774,1.0774,1.0774,1.0774,1.0774,1.0799,1.0799,1.0799,1.0799,1.0799,1.0799,1.0799,1.0799,1.0799,1.0799,1.0799,1.0799,1.0774,1.0774,1.0774,1.0774,1.0774,1.0774,1.0774,1.0774,1.0774,1.0774,1.0774,1.0774,1.0774,1.0774,1.0774,1.0774,1.0774,1.0774,1.0774,1.0774,1.0774,1.0774,0.845,1.0184,1.0465,1.049,1.049,1.0127,1.049,1.049,1.049,1.049,1.049
1.0738,1.0788,1.0788,1.0788,1.0788,1.0788,1.0788,1.0788,1.0788,1.0788,1.0788,1.0788,1.0788,1.0788,1.0763,1.0763,1.0763,1.0763,1.0763,1.0763,1.0788,1.0788,1.0788,1.0788,1.0788,1.0788,1.0337,1.0676,1.0788,1.0788,1.0788,1.0788,1.0582,1.0496,1.0788,1.0788,1.0788,1.0788,1.0788,1.0788,1.0788,1.0788,1.0788,1.0788,1.0788,1.0788,1.0788,1.0788,1.0788,1.0788,0.9838,1.0454,1.0454,1.0479,1.0479,0.9878,1.0479,1.0479,1.0479,1.0479
1.0752,1.0752,1.0752,1.0752,1.0752,1.0752,1.0752,1.0752,1.0752,1.0752,1.0752,1.0752,0.9387,1.0423,1.0179,0.8242,1.0752,1.0752,1.0752,1.0752,1.0752,1.0752,1.0752,1.0752,1.0752,1.0752,1.0752,1.0752,1.0752,1.0752,1.0752,1.0752,1.0752,1.0752,1.0752,1.0752,1.0752,1.0752,1.0752,1.0752,1.0752,1.0752,1.0752,1.0752,1.0752,1.0752,1.0752,1.0752,1.0752,1.0752,0.7933,1.0444,1.0444,1.0444,1.0444,1.0444,1.0444,1.0444,1.0444,1.0444
1.0692,1.0767,1.0767,1.0767,1.0767,1.0767,1.0767,1.0767,1.0767,1.0767,1.0767,1.0767,1.0767,1.0742,1.0742,1.0767,1.0767,1.0767,1.0767,1.0767,1.0697,1.0767,1.0767,1.0767,1.0767,0.9934,1.0754,1.0208,1.0767,1.0767,1.0767,1.0767,1.0767,1.0767,1.0767,1.0767,1.0742,1.0742,1.0742,1.0742,1.0742,1.0742,1.0742,1.0742,1.0742,1.0742,1.0742,1.0742,1.0742,0.7925,1.0433,1.0433,1.0458,1.0458,0.9917,1.0458,1.0458,1.0458,1.0458,1.0458
1.0756,1.0756,1.0756,1.0731,1.0731,1.0731,1.0731,1.0731,1.0731,1.0731,1.0731,1.0731,1.0731,1.0336,1.0731,1.0064,1.0731,1.0731,1.0731,1.0731,1.0731,1.0731,1.0731,1.0731,1.0731,1.0731,1.0756,1.0756,1.0756,1.0756,1.0756,1.0756,1.0756,1.0756,1.0695,1.0756,1.0756,1.0756,1.0756,1.0756,1.0756,1.0756,1.0756,1.0756,1.0756,1.0756,1.0756,1.0756,1.0756,1.0756,0.9082,1.0423,1.0423,1.0423,1.0423,1.0423,1.0423,1.0423,1.0423,1.0423
1.0745,1.072,1.072,1.072,1.072,1.072,1.072,1.072,1.072,1.072,1.072,1.072,1.0276,1.072,1.0631,1.072,1.072,1.072,1.072,1.0745,1.0745,1.0745,1.0745,1.0745,1.0745,1.0745,1.0745,1.072,1.072,1.072,1.072,1.072,1.072,1.072,1.072,1.072,1.072,1.072,1.072,1.072,1.072,1.072,1.072,1.072,1.072,1.072,1.072,1.072,1.072,1.072,0.9609,1.0412,1.0412,1.0412,0.9608,1.0437,1.0437,1.0437,1.0437,1.0412
1.0458,1.0734,1.0734,1.0734,1.0734,1.0734,1.0734,1.0734,1.0734,1.0734,1.0734,1.0734,1.0734,1.0709,1.0709,1.0709,1.0734,1.0734,1.0734,1.0734,1.0734,1.0447,1.0734,1.0734,1.0734,1.0734,1.028,1.0245,1.0734,1.0734,1.0734,1.0734,1.0734,1.0438,1.0734,1.0734,1.0734,1.0734,1.0734,1.0734,1.0734,1.0734,1.0734,1.0734,1.0734,1.0734,1.0734,1.0734,1.0734,0.8493,1.0236,1.0401,1.0426,1.0426,0.4221,1.0426,1.0426,1.0426,1.0426,1.0426
1.0723,1.0698,1.0698,1.0698,1.0698,1.0698,1.0698,1.0698,1.0698,1.0698,1.0698,1.0698,1.0698,1.0141,1.0339,0.9118,1.0698,1.0698,1.0698,1.0698,1.0698,1.0698,1.0698,1.0698,1.0698,1.0698,1.0698,1.0698,1.0698,1.0698,1.0698,1.0698,1.0698,1.0723,1.0698,1.0698,1.0698,1.0698,1.0698,1.0698,1.0698,1.0698,1.0698,1.0698,1.0698,1.0698,1.0698,1.0698,1.0698,1.0698,0.7893,1.0333,1.0391,1.0391,1.0391,1.0391,1.0391,1.0391,1.0391,1.0391
1.0712,1.0712,1.0712,1.0712,1.0712,1.0712,1.0712,1.0712,1.0712,1.0712,1.0712,1.0712,1.0712,1.0687,1.0687,1.0712,1.0712,1.0712,1.0712,1.0712,1.0712,1.0712,1.0712,1.0712,1.0712,1.0497,1.0712,1.0712,1.0712,1.0712,1.0712,1.0712,1.0712,1.0687,1.0687,1.0687,1.0687,1.0687,1.0687,1.0687,1.0687,1.0687,1.0687,1.0687,1.0687,1.0687,1.0687,1.0687,1.0687,0.8536,1.0289,1.038,1.0405,1.0405,0.9983,1.0405,1.0405,1.0405,1.0405,1.0405
1.0701,1.0701,1.0701,1.0701,1.0701,1.0701,1.0701,1.0701,1.0701,1.0701,1.0701,1.0701,1.0701,1.0701,1.0676,1.0631,1.0676,1.0676,1.0676,1.0676,1.0701,1.0701,1.0701,1.0701,1.0701,1.0701,1.0554,1.0701,1.0701,1.0701,1.0701,1.0701,1.0701,1.0701,1.0701,1.0701,1.0701,1.0701,1.0701,1.0701,1.0701,1.0701,1.0701,1.0701,1.0701,1.0701,1.0701,1.0701,1.0701,1.0701,0.9456,1.037,1.037,1.037,1.037,0.9592,1.0395,1.0395,1.037,1.037
1.0666,1.0666,1.0666,1.0666,1.0666,1.0666,1.0666,1.0666,1.0666,1.0666,1.0666,1.0666,0.9655,1.0666,1.028,0.8809,1.0666,1.0666,1.0666,1.0666,1.0666,1.0666,1.0666,1.0666,1.0666,1.0666,1.0666,1.0666,1.0666,1.0666,1.0666,1.0666,1.0666,1.0666,1.0666,1.0666,1.0666,1.0666,1.0666,1.0666,1.0666,1.0666,1.0666,1.0666,1.0666,1.0666,1.0666,1.0666,1.0666,1.0666,0.9154,1.0359,1.0359,1.0359,0.82,1.0359,1.0359,1.0359,1.0359,1.0359
1.0523,1.068,1.068,1.068,1.068,1.068,1.068,1.068,1.068,1.068,1.068,1.068,1.068,1.0655,1.0655,1.0655,1.068,1.068,1.068,1.068,1.068,1.068,1.068,1.068,1.068,0.9657,1.0534,1.0152,1.068,1.068,1.068,1.068,1.068,1.068,1.068,1.068,1.068,1.068,1.068,1.068,1.068,1.068,1.068,1.068,1.068,1.068,1.068,1.0655,1.0655,0.8264,1.0349,1.0349,1.0374,1.0374,0.5661,1.0374,1.0374,1.0374,1.0374,1.0374
1.0669,1.0669,1.0644,1.0644,1.0644,1.0644,1.0644,1.0644,1.0644,1.0644,1.0644,1.0644,1.0644,1.0189,1.0644,0.9681,1.0644,1.0644,1.0644,1.0644,1.0644,1.0644,1.0644,1.0644,1.0644,1.0644,1.0669,1.0669,1.0669,1.0669,1.0669,1.0669,1.0669,1.0669,1.0669,1.0669,1.0669,1.0669,1.0669,1.0669,1.0669,1.0669,1.0669,1.0669,1.0669,1.0669,1.0644,1.0644,1.0644,1.0644,0.8223,1.0339,1.0339,1.0339,1.0339,1.0339,1.0339,1.0339,1.0339,1.0339
1.0658,1.0658,1.0634,1.0634,1.0634,1.0634,1.0634,1.0634,1.0634,1.0634,1.0634,1.0634,1.0517,1.0634,1.0634,1.0634,1.0658,1.0658,1.0658,1.0658,1.0658,1.0658,1.0658,1.0658,1.0658,1.0658,1.0658,1.0634,1.0634,1.0634,1.0634,1.0634,1.0634,1.0634,1.0634,1.0634,1.0634,1.0634,1.0634,1.0634,1.0634,1.0634,1.0634,1.0634,1.0634,1.0634,1.0634,1.0634,1.0634,1.0634,0.98,1.0328,1.0328,1.0353,0.9682,1.0353,1.0353,1.0353,1.0353,1.0353
1.0622,1.0648,1.0648,1.0648,1.0648,1.0648,1.0648,1.0648,1.0648,1.0648,1.0648,1.0648,1.0648,1.0648,1.0623,1.0623,1.0623,1.0623,1.0648,1.0648,1.0648,1.0648,1.0648,1.0648,1.0648,1.0648,1.0325,1.0472,1.0648,1.0648,1.0648,1.0648,1.0648,1.0483,1.0648,1.0648,1.0648,1.0648,1.0648,1.0648,1.0648,1.0648,1.0648,1.0648,1.0648,1.0648,1.0648,1.0648,1.0648,0.8164,0.9839,1.0318,1.0318,1.0343,0.8649,1.0026,1.0343,1.0343,1.0343,1.0343
1.0637,1.0612,1.0612,1.0612,1.0612,1.0612,1.0612,1.0612,1.0612,1.0612,1.0612,1.0612,1.0612,1.0304,1.0256,0.9041,1.0612,1.0612,1.0612,1.0612,1.0612,1.0612,1.0612,1.0612,1.0612,1.0612,1.0612,1.0612,1.0612,1.0612,1.0612,1.0612,1.0612,1.0612,1.0612,1.0612,1.0612,1.0612,1.0612,1.0612,1.0612,1.0612,1.0612,1.0612,1.0612,1.0612,1.0612,1.0612,1.0612,1.0612,0.8349,1.0307,1.0307,1.0307,0.8501,1.0307,1.0307,1.0307,1.0307,1.0307
1.0626,1.0626,1.0626,1.0626,1.0626,1.0626,1.0626,1.0626,1.0626,1.0626,1.0626,1.0626,1.0626,1.0602,1.0602,1.0626,1.0626,1.0626,1.0626,1.0626,1.0626,1.0626,1.0626,1.0626,1.0626,1.0079,1.0626,1.0354,1.0626,1.0626,1.0626,1.0626,1.0626,1.0626,1.0602,1.0602,1.0602,1.0602,1.0602,1.0602,1.0602,1.0602,1.0602,1.0602,1.0602,1.0602,1.0602,1.0602,1.0602,0.8501,1.025,1.0297,1.0322,1.0322,0.9691,1.0322,1.0322,1.0322,1.0322,1.0322
1.0616,1.0616,1.0616,1.0616,1.0616,1.0616,1.0616,1.0616,1.0616,1.0616,1.0616,1.0616,1.0616,1.05,1.0591,1.0154,1.0591,1.0591,1.0591,1.0591,1.0616,1.0616,1.0616,1.0616,1.0616,1.0616,1.0616,1.0616,1.0616,1.0616,1.0616,1.0616,1.0616,1.0616,1.0616,1.0616,1.0616,1.0616,1.0616,1.0616,1.0616,1.0616,1.0616,1.0616,1.0616,1.0616,1.0616,1.0616,1.0616,1.0616,0.9177,1.0287,1.0287,1.0287,1.0287,1.0287,1.0287,1.0287,1.0287,1.0287
1.0605,1.058,1.058,1.058,1.058,1.058,1.058,1.058,1.058,1.058,1.058,1.058,0.9917,1.058,1.0479,1.058,1.058,1.058,1.058,1.058,1.0605,1.058,1.058,1.058,1.058,1.058,1.0605,1.058,1.058,1.058,1.058,1.058,1.058,1.058,1.058,1.058,1.058,1.058,1.058,1.058,1.058,1.058,1.058,1.058,1.058,1.058,1.058,1.058,1.058,1.058,0.9342,1.0277,1.0277,1.0277,0.8134,1.0301,1.0301,1.0301,1.0277,1.0277
1.0515,1.0594,1.0594,1.0594,1.0594,1.0594,1.0594,1.0594,1.0594,1.0594,1.0594,1.0594,1.0594,1.057,1.057,1.057,1.0594,1.0594,1.0594,1.0594,1.0594,1.0324,1.0594,1.0594,1.0594,1.0594,1.0401,1.0231,1.0594,1.0594,1.0594,1.0594,1.0594,1.0565,1.0594,1.0594,1.0594,1.0594,1.0594,1.0594,1.0594,1.0594,1.0594,1.0594,1.0594,1.0594,1.0594,1.0594,1.0594,0.8359,1.0075,1.0266,1.0291,1.0291,0.5464,1.0291,1.0291,1.0291,1.0291,1.0291
1.0584,1.0559,1.0559,1.0559,1.0559,1.0559,1.0559,1.0559,1.0559,1.0559,1.0559,1.0559,1.0559,1.0193,1.0502,0.9449,1.0559,1.0559,1.0559,1.0559,1.0559,1.0559,1.0559,1.0559,1.0559,1.0559,1.0559,1.0584,1.0559,1.0559,1.0559,1.0559,1.0584,1.0584,1.0584,1.0584,1.0559,1.0559,1.0559,1.0559,1.0559,1.0559,1.0559,1.0559,1.0559,1.0559,1.0559,1.0559,1.0559,1.0559,0.8498,1.0256,1.0256,1.0256,1.0256,1.0256,1.0256,1.0256,1.0256,1.0256
1.0573,1.0573,1.0573,1.0573,1.0573,1.0573,1.0573,1.0573,1.0573,1.0573,1.0573,1.0573,1.0573,1.0549,1.0549,1.0573,1.0573,1.0573,1.0573,1.0573,1.0573,1.0573,1.0573,1.0573,1.0573,1.0535,1.0573,1.0573,1.0549,1.0549,1.0549,1.0573,1.0573,1.0549,1.0549,1.0549,1.0549,1.0549,1.0549,1.0549,1.0549,1.0549,1.0549,1.0549,1.0549,1.0549,1.0549,1.0549,1.0549,0.8206,0.989,1.0246,1.0246,1.027,0.9587,1.027,1.027,1.027,1.027,1.027
1.0563,1.0563,1.0563,1.0563,1.0563,1.0563,1.0563,1.0563,1.0563,1.0563,1.0563,1.0563,1.0563,1.0538,1.0538,1.0538,1.0538,1.0538,1.0538,1.0538,1.0563,1.0563,1.0563,1.0563,1.0563,1.0563,1.0482,1.0563,1.0563,1.0563,1.0563,1.0563,1.0563,1.0563,1.0563,1.0563,1.0563,1.0563,1.0563,1.0563,1.0563,1.0563,1.0563,1.0563,1.0563,1.0563,1.0563,1.0563,1.0563,1.0563,0.9495,1.0236,1.0236,1.0236,1.026,0.9743,1.026,1.026,1.026,1.0236
1.0552,1.0528,1.0528,1.0528,1.0528,1.0528,1.0528,1.0528,1.0528,1.0528,1.0528,1.0528,1.0528,1.0528,1.0313,0.9282,1.0528,1.0528,1.0528,1.0528,1.0528,1.0528,1.0528,1.0528,1.0528,1.0528,1.0528,1.0528,1.0528,1.0528,1.0528,1.0528,1.0528,1.0528,1.0528,1.0528,1.0528,1.0528,1.0528,1.0528,1.0528,1.0528,1.0528,1.0528,1.0528,1.0528,1.0528,1.0528,1.0528,1.0528,0.9035,1.0225,1.0225,1.0225,0.871,1.0225,1.0225,1.0225,1.0225,1.0225
1.0542,1.0542,1.0542,1.0542,1.0542,1.0542,1.0542,1.0542,1.0542,1.0542,1.0542,1.0542,1.0542,1.0517,1.0517,1.0542,1.0542,1.0542,1.0542,1.0542,1.0542,1.0542,1.0542,1.0542,1.0542,0.981,1.0542,1.0276,1.0542,1.0542,1.0542,1.0542,1.0542,1.0542,1.0542,1.0542,1.0542,1.0542,1.0542,1.0517,1.0517,1.0517,1.0517,1.0517,1.0517,1.0517,1.0517,1.0517,1.0517,0.8353,1.0067,1.0215,1.024,1.024,0.9326,1.024,1.024,1.024,1.024,1.024
1.0531,1.0531,1.0507,1.0507,1.0507,1.0507,1.0507,1.0507,1.0507,1.0507,1.0507,1.0507,1.0507,1.0344,1.0507,0.9802,1.0507,1.0507,1.0507,1.0507,1.0531,1.0531,1.0531,1.0531,1.0531,1.0531,1.0531,1.0531,1.0531,1.0531,1.0531,1.0531,1.0531,1.0531,1.0531,1.0531,1.0531,1.0531,1.0531,1.0531,1.0531,1.0531,1.0531,1.0531,1.0531,1.0531,1.0531,1.0507,1.0507,1.0507,0.9017,1.0205,1.0205,1.0205,1.0205,1.0205,1.0205,1.0205,1.0205,1.0205
1.0521,1.0521,1.0496,1.0496,1.0496,1.0496,1.0496,1.0496,1.0496,1.0496,1.0496,1.0496,1.0101,1.0496,1.0496,1.0496,1.0496,1.0496,1.0521,1.0521,1.0521,1.0521,1.0521,1.0521,1.0521,1.0521,1.0521,1.0496,1.0496,1.0496,1.0496,1.0496,1.0496,1.0496,1.0496,1.0496,1.0496,1.0496,1.0496,1.0496,1.0496,1.0496,1.0496,1.0496,1.0496,1.0496,1.0496,1.0496,1.0496,1.0496,0.9487,1.0195,1.0195,1.0195,0.9244,1.0219,1.0219,1.0219,1.0219,1.0195
1.051,1.051,1.051,1.051,1.051,1.051,1.051,1.051,1.051,1.051,1.051,1.051,1.051,1.0486,1.0486,1.0486,1.0486,1.051,1.051,1.051,1.051,1.051,1.051,1.051,1.051,1.051,1.0423,1.0407,1.051,1.051,1.051,1.051,1.051,1.051,1.051,1.051,1.051,1.051,1.051,1.051,1.051,1.051,1.051,1.051,1.051,1.051,1.051,1.051,1.051,0.8078,0.9736,1.0185,1.0185,1.0209,0.8724,1.0112,1.0209,1.0209,1.0209,1.0209
1.05,1.0476,1.0476,1.0476,1.0476,1.0476,1.0476,1.0476,1.0476,1.0476,1.0476,1.0476,1.0476,1.0318,1.0415,0.9371,1.0476,1.0476,1.0476,1.0476,1.0476,1.0476,1.0476,1.0476,1.0476,1.0476,1.05,1.0476,1.0476,1.0476,1.0476,1.0476,1.0476,1.05,1.0476,1.0476,1.0476,1.0476,1.0476,1.0476,1.0476,1.0476,1.0476,1.0476,1.0476,1.0476,1.0476,1.0476,1.0476,1.0476,0.8923,1.0175,1.0175,1.0175,0.8389,1.0175,1.0175,1.0175,1.0175,1.0175
1.049,1.049,1.049,1.049,1.049,1.049,1.049,1.049,1.049,1.049,1.049,1.049,1.049,1.0465,1.0465,1.049,1.049,1.049,1.049,1.049,1.049,1.049,1.049,1.049,1.049,1.016,1.049,1.049,1.049,1.049,1.049,1.049,1.049,1.049,1.0465,1.0465,1.0465,1.0465,1.0465,1.0465,1.0465,1.0465,1.0465,1.0465,1.0465,1.0465,1.0465,1.0465,1.0465,0.8167,0.9842,1.0165,1.0189,1.0189,0.9343,1.0189,1.0189,1.0189,1.0189,1.0189
1.0479,1.0479,1.0479,1.0479,1.0479,1.0479,1.0479,1.0479,1.0479,1.0479,1.0479,1.0479,1.0479,1.0455,1.0455,1.0131,1.0455,1.0455,1.0455,1.0455,1.0479,1.0479,1.0479,1.0479,1.0479,1.0479,1.0479,1.0479,1.0479,1.0479,1.0479,1.0479,1.0479,1.0479,1.0479,1.0479,1.0479,1.0479,1.0479,1.0479,1.0479,1.0479,1.0479,1.0479,1.0479,1.0479,1.0479,1.0479,1.0479,1.0479,0.9248,1.0155,1.0155,1.0155,1.0155,1.0179,1.0179,1.0179,1.0155,1.0155
1.0469,1.0444,1.0444,1.0444,1.0444,1.0444,1.0444,1.0444,1.0444,1.0444,1.0444,1.0444,1.0444,1.0444,1.0444,0.943,1.0444,1.0444,1.0444,1.0444,1.0469,1.0469,1.0444,1.0444,1.0444,1.0444,1.0469,1.0444,1.0444,1.0444,1.0444,1.0444,1.0444,1.0444,1.0444,1.0444,1.0444,1.0444,1.0444,1.0444,1.0444,1.0444,1.0444,1.0444,1.0444,1.0444,1.0444,1.0444,1.0444,1.0444,0.9181,1.0145,1.0145,1.0145,0.803,1.0169,1.0169,1.0169,1.0145,1.0145
1.0458,1.0458,1.0458,1.0458,1.0458,1.0458,1.0458,1.0458,1.0458,1.0458,1.0458,1.0458,1.0458,1.0434,1.0434,1.0434,1.0458,1.0458,1.0458,1.0458,1.0458,1.0458,1.0458,1.0458,1.0458,1.0458,1.0458,1.035,1.0458,1.0458,1.0458,1.0458,1.0458,1.0458,1.0458,1.0458,1.0458,1.0458,1.0458,1.0458,1.0458,1.0458,1.0458,1.0458,1.0434,1.0434,1.0434,1.0434,1.0434,0.8123,0.979,1.0135,1.0135,1.0159,0.8022,1.0159,1.0159,1.0159,1.0159,1.0159
1.0448,1.0448,1.0424,1.0424,1.0424,1.0424,1.0424,1.0424,1.0424,1.0424,1.0424,1.0424,1.0424,1.0364,1.0424,0.9608,1.0424,1.0424,1.0424,1.0424,1.0448,1.0448,1.0424,1.0424,1.0424,1.0424,1.0448,1.0448,1.0448,1.0448,1.0448,1.0448,1.0448,1.0448,1.0448,1.0448,1.0448,1.0448,1.0424,1.0424,1.0424,1.0424,1.0424,1.0424,1.0424,1.0424,1.0424,1.0424,1.0424,1.0424,0.8984,1.0125,1.0125,1.0125,1.0125,1.0125,1.0125,1.0125,1.0125,1.0125
1.0438,1.0438,1.0438,1.0414,1.0414,1.0414,1.0414,1.0414,1.0414,1.0414,1.0414,1.0414,1.0414,1.0414,1.0414,1.0414,1.0414,1.0438,1.0438,1.0438,1.0438,1.0438,1.0438,1.0438,1.0438,1.0438,1.0438,1.0438,1.0414,1.0414,1.0414,1.0438,1.0438,1.0414,1.0414,1.0414,1.0414,1.0414,1.0414,1.0414,1.0414,1.0414,1.0414,1.0414,1.0414,1.0414,1.0414,1.0414,1.0414,1.0414,0.9528,1.0115,1.0115,1.0139,0.8006,1.0139,1.0139,1.0139,1.0139,1.0139
1.0428,1.0428,1.0428,1.0428,1.0428,1.0428,1.0428,1.0428,1.0428,1.0428,1.0428,1.0428,1.0428,1.0403,1.0403,1.0269,1.0403,1.0403,1.0403,1.0403,1.0428,1.0428,1.0428,1.0428,1.0428,1.0428,1.0428,1.0428,1.0428,1.0428,1.0428,1.0428,1.0428,1.0428,1.0428,1.0428,1.0428,1.0428,1.0428,1.0428,1.0428,1.0428,1.0428,1.0428,1.0428,1.0428,1.0428,1.0428,1.0428,1.0428,0.9438,1.0105,1.0105,1.0129,0.8526,1.0129,1.0129,1.0129,1.0129,1.0105
1.0417,1.0417,1.0393,1.0393,1.0393,1.0393,1.0393,1.0393,1.0393,1.0393,1.0393,1.0393,1.0393,1.0393,1.0393,0.945,1.0393,1.0393,1.0393,1.0393,1.0417,1.0393,1.0393,1.0393,1.0393,1.0393,1.0417,1.0417,1.0393,1.0393,1.0393,1.0393,1.0417,1.0417,1.0393,1.0393,1.0393,1.0393,1.0393,1.0393,1.0393,1.0393,1.0393,1.0393,1.0393,1.0393,1.0393,1.0393,1.0393,1.0393,0.9048,1.0095,1.0095,1.0095,0.8553,1.0095,1.0095,1.0095,1.0095,1.0095
1.0407,1.0407,1.0407,1.0407,1.0407,1.0407,1.0407,1.0407,1.0407,1.0407,1.0407,1.0407,1.0407,1.0383,1.0383,1.016,1.0407,1.0407,1.0407,1.0407,1.0407,1.0407,1.0407,1.0407,1.0407,1.0407,1.0407,1.0407,1.0407,1.0407,1.0407,1.0407,1.0407,1.0407,1.0407,1.0383,1.0383,1.0383,1.0383,1.0383,1.0383,1.0383,1.0383,1.0383,1.0383,1.0383,1.0383,1.0383,1.0383,0.7997,0.9638,1.0085,1.0085,1.0109,0.7983,1.0109,1.0109,1.0109,1.0109,1.0109
1.0397,1.0397,1.0397,1.0397,1.0373,1.0373,1.0373,1.0373,1.0373,1.0373,1.0373,1.0373,1.0397,1.0373,1.0373,0.9843,1.0373,1.0373,1.0373,1.0373,1.0397,1.0397,1.0397,1.0397,1.0397,1.0397,1.0397,1.0397,1.0397,1.0397,1.0397,1.0397,1.0397,1.0397,1.0397,1.0397,1.0397,1.0397,1.0397,1.0397,1.0397,1.0397,1.0397,1.0373,1.0373,1.0373,1.0373,1.0373,1.0373,1.0373,0.9144,1.0075,1.0075,1.0075,0.836,1.0099,1.0099,1.0099,1.0075,1.0075
1.0387,1.0387,1.0363,1.0363,1.0363,1.0363,1.0363,1.0363,1.0363,1.0363,1.0363,1.0363,1.0363,1.0363,1.0363,0.964,1.0363,1.0363,1.0363,1.0363,1.0387,1.0387,1.0387,1.0387,1.0387,1.0387,1.0387,1.0387,1.0363,1.0363,1.0363,1.0363,1.0387,1.0387,1.0363,1.0363,1.0363,1.0363,1.0363,1.0363,1.0363,1.0363,1.0363,1.0363,1.0363,1.0363,1.0363,1.0363,1.0363,1.0363,0.9277,1.0065,1.0065,1.0065,0.7967,1.0089,1.0089,1.0089,1.0089,1.0065
1.0377,1.0377,1.0377,1.0377,1.0377,1.0377,1.0377,1.0377,1.0377,1.0377,1.0377,1.0377,1.0377,1.0352,1.0352,1.0116,1.0352,1.0352,1.0377,1.0377,1.0377,1.0377,1.0377,1.0377,1.0377,1.0377,1.0377,1.0377,1.0377,1.0377,1.0377,1.0377,1.0377,1.0377,1.0377,1.0377,1.0377,1.0377,1.0377,1.0377,1.0377,1.0352,1.0352,1.0352,1.0352,1.0352,1.0352,1.0352,1.0352,1.0352,0.9452,1.0055,1.0055,1.0079,0.7959,1.0079,1.0079,1.0079,1.0079,1.0079
1.0366,1.0366,1.0342,1.0342,1.0342,1.0342,1.0342,1.0342,1.0342,1.0342,1.0342,1.0342,1.0342,1.0342,1.0342,0.9658,1.0342,1.0342,1.0342,1.0342,1.0366,1.0366,1.0366,1.0366,1.0366,1.0366,1.0366,1.0366,1.0366,1.0366,1.0366,1.0366,1.0366,1.0366,1.0366,1.0342,1.0342,1.0342,1.0342,1.0342,1.0342,1.0342,1.0342,1.0342,1.0342,1.0342,1.0342,1.0342,1.0342,1.0342,0.9124,1.0045,1.0045,1.0045,0.8494,1.0069,1.0069,1.0069,1.0045,1.0045
1.0356,1.0356,1.0356,1.0356,1.0356,1.0356,1.0332,1.0356,1.0356,1.0356,1.0356,1.0356,1.0356,1.0332,1.0332,0.9843,1.0332,1.0332,1.0332,1.0356,1.0356,1.0356,1.0356,1.0356,1.0356,1.0356,1.0356,1.0356,1.0356,1.0356,1.0356,1.0356,1.0356,1.0356,1.0332,1.0332,1.0332,1.0332,1.0332,1.0332,1.0332,1.0332,1.0332,1.0332,1.0332,1.0332,1.0332,1.0332,1.0332,1.0332,0.9343,1.0036,1.0036,1.006,0.7944,1.006,1.006,1.006,1.006,1.0036
