1.6008,1.6008,1.6008,1.6008,1.6008,1.6008,1.6008,1.6008,1.6008,1.6008,1.6008,1.6008,1.6008,1.6008,1.6008,1.6008,1.6008,1.6008,1.6008,1.6008,1.6008,1.6008,1.6008,1.6008,1.6008
1.6023,1.6023,1.6023,1.6023,1.6023,1.6023,1.6023,1.6023,1.6023,1.6023,1.6023,1.6023,1.6023,1.6023,1.6023,1.6023,1.6023,1.6023,1.6023,1.6023,1.6023,1.6023,1.6023,1.6023,1.6023
1.6039,1.6039,1.6039,1.6039,1.6039,1.6039,1.6039,1.6039,1.6039,1.6039,1.6039,1.6039,1.6039,1.6039,1.6039,1.6039,1.6039,1.6039,1.6039,1.6039,1.6039,1.6039,1.6039,1.6039,1.6039
1.6055,1.6055,1.6055,1.6055,1.6055,1.6055,1.6055,1.6055,1.6055,1.6055,1.6055,1.6055,1.6055,1.6055,1.6055,1.6055,1.6055,1.6055,1.6055,1.6055,1.6055,1.6055,1.6055,1.6055,1.6055
1.6071,1.6071,1.6071,1.6071,1.6071,1.6071,1.6071,1.6071,1.6071,1.6071,1.6071,1.6071,1.6071,1.6071,1.6071,1.6071,1.6071,1.6071,1.6071,1.6071,1.6071,1.6071,1.6071,1.6071,1.6071
1.6086,1.6086,1.6086,1.6086,1.6086,1.6086,1.6086,1.6086,1.6086,1.6086,1.6086,1.6086,1.6086,1.6086,1.6086,1.6086,1.6086,1.6086,1.6086,1.6086,1.6086,1.6086,1.6086,1.6086,1.6086
1.6102,1.6102,1.6102,1.6102,1.6102,1.6102,1.6102,1.6102,1.6102,1.6102,1.6102,1.6102,1.6102,1.6102,1.6102,1.6102,1.6102,1.6102,1.6102,1.6102,1.6102,1.6102,1.6102,1.6102,1.6102
1.6118,1.6118,1.6118,1.6118,1.6118,1.6118,1.6118,1.6118,1.6118,1.6118,1.6118,1.6118,1.6118,1.6118,1.6118,1.6118,1.6118,1.6118,1.6118,1.6118,1.6118,1.6118,1.6118,1.6118,1.6118
1.6134,1.6134,1.6134,1.6134,1.6134,1.6134,1.6134,1.6134,1.6134,1.6134,1.6134,1.6134,1.6134,1.6134,1.6134,1.6134,1.6134,1.6134,1.6134,1.6134,1.6134,1.6134,1.6134,1.6134,1.6134
1.615,1.615,1.615,1.615,1.615,1.615,1.615,1.615,1.615,1.615,1.615,1.615,1.615,1.615,1.615,1.615,1.615,1.615,1.615,1.615,1.615,1.615,1.615,1.615,1.615
1.6166,1.6166,1.6166,1.6166,1.6166,1.6166,1.6166,1.6166,1.6166,1.6166,1.6166,1.6166,1.6166,1.6166,1.6166,1.6166,1.6166,1.6166,1.6166,1.6166,1.6166,1.6166,1.6166,1.6166,1.6166
1.6182,1.6182,1.6182,1.6182,1.6182,1.6182,1.6182,1.6182,1.6182,1.6182,1.6182,1.6182,1.6182,1.6182,1.6182,1.6182,1.6182,1.6182,1.6182,1.6182,1.6182,1.6182,1.6182,1.6182,1.6182
1.6198,1.6198,1.6198,1.6198,1.6198,1.6198,1.6198,1.6198,1.6198,1.6198,1.6198,1.6198,1.6198,1.6198,1.6198,1.6198,1.6198,1.6198,1.6198,1.6198,1.6198,1.6198,1.6198,1.6198,1.6198
1.6214,1.6214,1.6214,1.6214,1.6214,1.6214,1.6214,1.6214,1.6214,1.6214,1.6214,1.6214,1.6214,1.6214,1.6214,1.6214,1.6214,1.6214,1.6214,1.6214,1.6214,1.6214,1.6214,1.6214,1.6214
1.623,1.623,1.623,1.623,1.623,1.623,1.623,1.623,1.623,1.623,1.623,1.623,1.623,1.623,1.623,1.623,1.623,1.623,1.623,1.623,1.623,1.623,1.623,1.623,1.623
1.6246,1.6246,1.6246,1.6246,1.6246,1.6246,1.6246,1.6246,1.6246,1.6246,1.6246,1.6246,1.6246,1.6246,1.6246,1.6246,1.6246,1.6246,1.6246,1.6246,1.6246,1.6246,1.6246,1.6246,1.6246
1.6262,1.6262,1.6262,1.6262,1.6262,1.6262,1.6262,1.6262,1.6262,1.6262,1.6262,1.6262,1.6262,1.6262,1.6262,1.6262,1.6262,1.6262,1.6262,1.6262,1.6262,1.6262,1.6262,1.6262,1.6262
1.6278,1.6278,1.6278,1.6278,1.6278,1.6278,1.6278,1.6278,1.6278,1.6278,1.6278,1.6278,1.6278,1.6278,1.6278,1.6278,1.6278,1.6278,1.6278,1.6278,1.6278,1.6278,1.6278,1.6278,1.6278
1.6294,1.6294,1.6294,1.6294,1.6294,1.6294,1.6294,1.6294,1.6294,1.6294,1.6294,1.6294,1.6294,1.6294,1.6294,1.6294,1.6294,1.6294,1.6294,1.6294,1.6294,1.6294,1.6294,1.6294,1.6294
1.6311,1.6311,1.6311,1.6311,1.6311,1.6311,1.6311,1.6311,1.6311,1.6311,1.6311,1.6311,1.6311,1.6311,1.6311,1.6311,1.6311,1.6311,1.6311,1.6311,1.6311,1.6311,1.6311,1.6311,1.6311
1.6327,1.6327,1.6327,1.6327,1.6327,1.6327,1.6327,1.6327,1.6327,1.6327,1.6327,1.6327,1.6327,1.6327,1.6327,1.6327,1.6327,1.6327,1.6327,1.6327,1.6327,1.6327,1.6327,1.6327,1.6327
1.6343,1.6343,1.6343,1.6343,1.6343,1.6343,1.6343,1.6343,1.6343,1.6343,1.6343,1.6343,1.6343,1.6343,1.6343,1.6343,1.6343,1.6343,1.6343,1.6343,1.6343,1.6343,1.6343,1.6343,1.6343
1.6359,1.6359,1.6359,1.6359,1.6359,1.6359,1.6359,1.6359,1.6359,1.6359,1.6359,1.6359,1.6359,1.6359,1.6359,1.6359,1.6359,1.6359,1.6359,1.6359,1.6359,1.6359,1.6359,1.6359,1.6359
1.6376,1.6376,1.6376,1.6376,1.6376,1.6376,1.6376,1.6376,1.6376,1.6376,1.6376,1.6376,1.6376,1.6376,1.6376,1.6376,1.6376,1.6376,1.6376,1.6376,1.6376,1.6376,1.6376,1.6376,1.6376
1.6392,1.6392,1.6392,1.6392,1.6392,1.6392,1.6392,1.6392,1.6392,1.6392,1.6392,1.6392,1.6392,1.6392,1.6392,1.6392,1.6392,1.6392,1.6392,1.6392,1.6392,1.6392,1.6392,1.6392,1.6392
1.6409,1.6409,1.6409,1.6409,1.6409,1.6409,1.6409,1.6409,1.6409,1.6409,1.6409,1.6409,1.6409,1.6409,1.6409,1.6409,1.6409,1.6409,1.6409,1.6409,1.6409,1.6409,1.6409,1.6409,1.6409
1.6425,1.6425,1.6425,1.6425,1.6425,1.6425,1.6425,1.6425,1.6425,1.6425,1.6425,1.6425,1.6425,1.6425,1.6425,1.6425,1.6425,1.6425,1.6425,1.6425,1.6425,1.6425,1.6425,1.6425,1.6425
1.6442,1.6442,1.6442,1.6442,1.6442,1.6442,1.6442,1.6442,1.6442,1.6442,1.6442,1.6442,1.6442,1.6442,1.6442,1.6442,1.6442,1.6442,1.6442,1.6442,1.6442,1.6442,1.6442,1.6442,1.6442
1.6458,1.6458,1.6458,1.6458,1.6458,1.6458,1.6458,1.6458,1.6458,1.6458,1.6458,1.6458,1.6458,1.6458,1.6458,1.6458,1.6458,1.6458,1.6458,1.6458,1.6458,1.6458,1.6458,1.6458,1.6458
1.6475,1.6475,1.6475,1.6475,1.6475,1.6475,1.6475,1.6475,1.6475,1.6475,1.6475,1.6475,1.6475,1.6475,1.6475,1.6475,1.6475,1.6475,1.6475,1.6475,1.6475,1.6475,1.6475,1.6475,1.6475
1.6491,1.6491,1.6491,1.6491,1.6491,1.6491,1.6491,1.6491,1.6491,1.6491,1.6491,1.6491,1.6491,1.6491,1.6491,1.6491,1.6491,1.6491,1.6491,1.6491,1.6491,1.6491,1.6491,1.6491,1.6491
1.6508,1.6508,1.6508,1.6508,1.6508,1.6508,1.6508,1.6508,1.6508,1.6508,1.6508,1.6508,1.6508,1.6508,1.6508,1.6508,1.6508,1.6508,1.6508,1.6508,1.6508,1.6508,1.6508,1.6508,1.6508
1.6524,1.6524,1.6524,1.6524,1.6524,1.6524,1.6524,1.6524,1.6524,1.6524,1.6524,1.6524,1.6524,1.6524,1.6524,1.6524,1.6524,1.6524,1.6524,1.6524,1.6524,1.6524,1.6524,1.6524,1.6524
1.6541,1.6541,1.6541,1.6541,1.6541,1.6541,1.6541,1.6541,1.6541,1.6541,1.6541,1.6541,1.6541,1.6541,1.6541,1.6541,1.6541,1.6541,1.6541,1.6541,1.6541,1.6541,1.6541,1.6541,1.6541
1.5936,1.6558,1.6558,1.6558,1.6558,1.6558,1.6558,1.6558,1.6558,1.6558,1.6558,1.6558,1.6558,1.6558,1.6558,1.6558,1.6558,1.6558,1.6558,1.6558,1.6558,1.6558,1.6558,1.6558,1.6558
1.6575,1.6575,1.6575,1.6575,1.6575,1.6575,1.6575,1.6575,1.6575,1.6575,1.6575,1.6575,1.6575,1.6575,1.6575,1.6575,1.6575,1.6575,1.6575,1.6575,1.6575,1.6575,1.6575,1.6575,1.6575
1.6591,1.6591,1.6591,1.6591,1.6591,1.6591,1.6591,1.6591,1.6591,1.6591,1.6591,1.6591,1.6591,1.6591,1.6591,1.6591,1.6591,1.6591,1.6591,1.6591,1.6591,1.6591,1.6591,1.6591,1.6591
1.6608,1.6608,1.6608,1.6608,1.6608,1.6608,1.6608,1.6608,1.6608,1.6608,1.6608,1.6608,1.6608,1.6608,1.6608,1.6608,1.6608,1.6608,1.6608,1.6608,1.6608,1.6608,1.6608,1.6608,1.6608
1.6625,1.6625,1.6625,1.6625,1.6625,1.6625,1.6625,1.6625,1.6625,1.6625,1.6625,1.6625,1.6625,1.6625,1.6625,1.6625,1.6625,1.6625,1.6625,1.6625,1.6625,1.6625,1.6625,1.6625,1.6625
1.6642,1.6642,1.6642,1.6642,1.6642,1.6642,1.6642,1.6642,1.6642,1.6642,1.6642,1.6642,1.6642,1.6642,1.6642,1.6642,1.6642,1.6642,1.6642,1.6642,1.6642,1.6642,1.6642,1.6642,1.6642
1.6659,1.6659,1.6659,1.6659,1.6659,1.6659,1.6659,1.6659,1.6659,1.6659,1.6659,1.6659,1.6659,1.6659,1.6659,1.6659,1.6659,1.6659,1.6659,1.6659,1.6659,1.6659,1.6659,1.6659,1.6659
1.6676,1.6676,1.6676,1.6676,1.6676,1.6676,1.6676,1.6676,1.6676,1.6676,1.6676,1.6676,1.6676,1.6676,1.6676,1.6676,1.6676,1.6676,1.6676,1.6676,1.6676,1.6676,1.6676,1.6676,1.6676
1.4866,1.5899,1.6693,1.6693,1.6693,1.6693,1.6693,1.6693,1.6693,1.6693,1.6693,1.6693,1.6693,1.6693,1.6693,1.6693,1.6693,1.6693,1.6693,1.6693,1.6693,1.6693,1.6693,1.6693,1.6693
1.671,1.671,1.671,1.671,1.671,1.671,1.671,1.671,1.671,1.671,1.671,1.671,1.671,1.671,1.671,1.671,1.671,1.671,1.671,1.671,1.671,1.671,1.671,1.671,1.671
1.6727,1.6727,1.6727,1.6727,1.6727,1.6727,1.6727,1.6727,1.6727,1.6727,1.6727,1.6727,1.6727,1.6727,1.6727,1.6727,1.6727,1.6727,1.6727,1.6727,1.6727,1.6727,1.6727,1.6727,1.6727
1.6744,1.6744,1.6744,1.6744,1.6744,1.6744,1.6744,1.6744,1.6744,1.6744,1.6744,1.6744,1.6744,1.6744,1.6744,1.6744,1.6744,1.6744,1.6744,1.6744,1.6744,1.6744,1.6744,1.6744,1.6744
1.6761,1.6761,1.6761,1.6761,1.6761,1.6761,1.6761,1.6761,1.6761,1.6761,1.6761,1.6761,1.6761,1.6761,1.6761,1.6761,1.6761,1.6761,1.6761,1.6761,1.6761,1.6761,1.6761,1.6761,1.6761
1.4209,1.5196,1.6383,1.6778,1.6778,1.6778,1.6778,1.6778,1.6778,1.6778,1.6778,1.6778,1.6778,1.6778,1.6778,1.6778,1.6778,1.6778,1.6778,1.6778,1.6778,1.6778,1.6778,1.6778,1.6778
1.6795,1.6795,1.6795,1.6795,1.6795,1.6795,1.6795,1.6795,1.6795,1.6795,1.6795,1.6795,1.6795,1.6795,1.6795,1.6795,1.6795,1.6795,1.6795,1.6795,1.6795,1.6795,1.6795,1.6795,1.6795
1.6813,1.6813,1.6813,1.6813,1.6813,1.6813,1.6813,1.6813,1.6813,1.6813,1.6813,1.6813,1.6813,1.6813,1.6813,1.6813,1.6813,1.6813,1.6813,1.6813,1.6813,1.6813,1.6813,1.6813,1.6813
1.6166,1.683,1.683,1.683,1.683,1.683,1.683,1.683,1.683,1.683,1.683,1.683,1.683,1.683,1.683,1.683,1.683,1.683,1.683,1.683,1.683,1.683,1.683,1.683,1.683
1.6847,1.6847,1.6847,1.6847,1.6847,1.6847,1.6847,1.6847,1.6847,1.6847,1.6847,1.6847,1.6847,1.6847,1.6847,1.6847,1.6847,1.6847,1.6847,1.6847,1.6847,1.6847,1.6847,1.6847,1.6847
1.6865,1.6865,1.6865,1.6865,1.6865,1.6865,1.6865,1.6865,1.6865,1.6865,1.6865,1.6865,1.6865,1.6865,1.6865,1.6865,1.6865,1.6865,1.6865,1.6865,1.6865,1.6865,1.6865,1.6865,1.6865
1.6882,1.6882,1.6882,1.6882,1.6882,1.6882,1.6882,1.6882,1.6882,1.6882,1.6882,1.6882,1.6882,1.6882,1.6882,1.6882,1.6882,1.6882,1.6882,1.6882,1.6882,1.6882,1.6882,1.6882,1.6882
1.6899,1.6899,1.6899,1.6899,1.6899,1.6899,1.6899,1.6899,1.6899,1.6899,1.6899,1.6899,1.6899,1.6899,1.6899,1.6899,1.6899,1.6899,1.6899,1.6899,1.6899,1.6899,1.6899,1.6899,1.6899
1.2604,1.3479,1.4532,1.5821,1.6917,1.6917,1.6917,1.6917,1.6917,1.6917,1.6917,1.6917,1.6917,1.6917,1.6917,1.6917,1.6917,1.6917,1.6917,1.6917,1.6917,1.6917,1.6917,1.6917,1.6917
1.6934,1.6934,1.6934,1.6934,1.6934,1.6934,1.6934,1.6934,1.6934,1.6934,1.6934,1.6934,1.6934,1.6934,1.6934,1.6934,1.6934,1.6934,1.6934,1.6934,1.6934,1.6934,1.6934,1.6934,1.6934
1.6952,1.6952,1.6952,1.6952,1.6952,1.6952,1.6952,1.6952,1.6952,1.6952,1.6952,1.6952,1.6952,1.6952,1.6952,1.6952,1.6952,1.6952,1.6952,1.6952,1.6952,1.6952,1.6952,1.6952,1.6952
1.6969,1.6969,1.6969,1.6969,1.6969,1.6969,1.6969,1.6969,1.6969,1.6969,1.6969,1.6969,1.6969,1.6969,1.6969,1.6969,1.6969,1.6969,1.6969,1.6969,1.6969,1.6969,1.6969,1.6969,1.6969
1.6987,1.6987,1.6987,1.6987,1.6987,1.6987,1.6987,1.6987,1.6987,1.6987,1.6987,1.6987,1.6987,1.6987,1.6987,1.6987,1.6987,1.6987,1.6987,1.6987,1.6987,1.6987,1.6987,1.6987,1.6987
1.3874,1.4837,1.5996,1.7005,1.7005,1.7005,1.7005,1.7005,1.7005,1.7005,1.7005,1.7005,1.7005,1.6945,1.7005,1.7005,1.7005,1.7005,1.7005,1.7005,1.7005,1.7005,1.7005,1.7005,1.7005
1.7022,1.7022,1.7022,1.7022,1.7022,1.7022,1.7022,1.7022,1.7022,1.7022,1.7022,1.7022,1.7022,1.7022,1.7022,1.7022,1.7022,1.7022,1.7022,1.7022,1.7022,1.7022,1.7022,1.7022,1.7022
1.704,1.704,1.704,1.704,1.704,1.704,1.704,1.704,1.704,1.704,1.704,1.704,1.704,1.704,1.704,1.704,1.704,1.704,1.704,1.704,1.704,1.704,1.704,1.704,1.704
1.2808,1.3698,1.4768,1.6078,1.7058,1.7058,1.7058,1.7058,1.7058,1.7058,1.7058,1.7058,1.5494,1.7058,1.7058,1.7058,1.7058,1.7058,1.7058,1.7058,1.7058,1.7058,1.7058,1.7058,1.7058
1.7076,1.7076,1.7076,1.7076,1.7076,1.7076,1.7076,1.7076,1.7076,1.7076,1.7076,1.7076,1.7076,1.7076,1.7076,1.7076,1.7076,1.7076,1.7076,1.7076,1.7076,1.7076,1.7076,1.7076,1.7076
1.7093,1.7093,1.7093,1.7093,1.7093,1.7093,1.7093,1.7093,1.7093,1.7093,1.7093,1.7093,1.7093,1.7093,1.7093,1.7093,1.7093,1.7093,1.7093,1.7093,1.7093,1.7093,1.7093,1.7093,1.7093
1.7111,1.7111,1.7111,1.7111,1.7111,1.7111,1.7111,1.7111,1.7111,1.7111,1.7111,1.7111,1.7111,1.7111,1.7111,1.7111,1.7111,1.7111,1.7111,1.7111,1.7111,1.7111,1.7111,1.7111,1.7111
1.7129,1.7129,1.7129,1.7129,1.7129,1.7129,1.7129,1.7129,1.7129,1.7129,1.7129,1.7129,1.7129,1.7129,1.7129,1.7129,1.7129,1.7129,1.7129,1.7129,1.7129,1.7129,1.7129,1.7129,1.7129
1.1524,1.2325,1.3287,1.4466,1.5678,1.6985,1.7147,1.7147,1.7147,1.7147,1.7147,1.7147,1.7147,1.7147,1.7147,1.7147,1.7147,1.7147,1.7147,1.7147,1.7147,1.7147,1.7147,1.7147,1.7147
1.7165,1.7165,1.7165,1.7165,1.7165,1.7165,1.7165,1.7165,1.7165,1.7165,1.7165,1.7165,1.7165,1.7165,1.7165,1.7165,1.7165,1.7165,1.7165,1.7165,1.7165,1.7165,1.7165,1.7165,1.7165
1.7183,1.7183,1.7183,1.7183,1.7183,1.7183,1.7183,1.7183,1.7183,1.7183,1.7183,1.7183,1.7183,1.7183,1.7183,1.7183,1.7183,1.7183,1.7183,1.7183,1.7183,1.7183,1.7183,1.7183,1.7183
1.5237,1.6296,1.7201,1.7201,1.7201,1.7201,1.7201,1.7201,1.7201,1.7201,1.7201,1.7201,1.7201,1.7201,1.7201,1.7201,1.7201,1.7201,1.7201,1.7201,1.7201,1.7201,1.7201,1.7201,1.7201
1.7219,1.7219,1.7219,1.7219,1.7219,1.7219,1.7219,1.7219,1.7219,1.7219,1.7219,1.7219,1.7219,1.7219,1.7219,1.7219,1.7219,1.7219,1.7219,1.7219,1.7219,1.7219,1.7219,1.7219,1.7219
1.477,1.5796,1.7029,1.7237,1.7237,1.7237,1.7237,1.7237,1.7237,1.7237,1.7237,1.7237,1.7237,1.7237,1.7237,1.7237,1.7237,1.7237,1.7237,1.7237,1.7237,1.7237,1.7237,1.7237,1.7237
1.7255,1.7255,1.7255,1.7255,1.7255,1.7255,1.7255,1.7255,1.7255,1.7255,1.7255,1.7255,1.7255,1.7255,1.7255,1.7255,1.7255,1.7255,1.7255,1.7255,1.7255,1.7255,1.7255,1.7255,1.7255
1.7274,1.7274,1.7274,1.7274,1.7274,1.7274,1.7274,1.7274,1.7274,1.7274,1.7274,1.7274,1.7274,1.7274,1.7274,1.7274,1.7274,1.7274,1.7274,1.7274,1.7274,1.7274,1.7274,1.7274,1.7274
1.0965,1.1727,1.2642,1.3764,1.4917,1.6161,1.7292,1.7292,1.7292,1.7292,1.7292,1.7292,1.7292,1.7292,1.7292,1.7292,1.7292,1.7292,1.7292,1.7292,1.7292,1.7292,1.7292,1.7292,1.7292
1.731,1.731,1.731,1.731,1.731,1.731,1.731,1.731,1.731,1.731,1.731,1.731,1.731,1.731,1.731,1.731,1.731,1.731,1.731,1.731,1.731,1.731,1.731,1.731,1.731
1.7328,1.7328,1.7328,1.7328,1.7328,1.7328,1.7328,1.7328,1.7328,1.7328,1.7328,1.7328,1.7328,1.7328,1.7328,1.7328,1.7328,1.7328,1.7328,1.7328,1.7328,1.7328,1.7328,1.7328,1.7328
1.7347,1.7347,1.7347,1.7347,1.7347,1.7347,1.7347,1.7347,1.7347,1.7347,1.7347,1.7347,1.7347,1.7347,1.7347,1.7347,1.7347,1.7347,1.7347,1.7347,1.7347,1.7347,1.7347,1.7347,1.7347
1.7365,1.7365,1.7365,1.7365,1.7365,1.7365,1.7365,1.7365,1.7365,1.7365,1.7365,1.7365,1.7365,1.3766,1.7365,1.7365,1.7365,1.7365,1.7365,1.7365,1.7365,1.7365,1.7365,1.7365,1.7365
1.1266,1.2049,1.299,1.4142,1.5327,1.6605,1.7384,1.7384,1.7384,1.7384,1.7384,1.7384,1.7384,1.3761,1.7384,1.7384,1.7384,1.7384,1.7384,1.7384,1.7384,1.7384,1.7384,1.7384,1.7384
1.7402,1.7402,1.7402,1.7402,1.7402,1.7402,1.7402,1.7402,1.7402,1.7402,1.7402,1.7402,1.7402,1.7402,1.7402,1.7402,1.7402,1.7402,1.7402,1.7402,1.7402,1.7402,1.7402,1.7402,1.7402
1.7421,1.7421,1.7421,1.7421,1.7421,1.7421,1.7421,1.7421,1.7421,1.7421,1.7421,1.7421,1.7421,1.7421,1.7421,1.7421,1.7421,1.7421,1.7421,1.7421,1.7421,1.7421,1.7421,1.7421,1.7421
1.1945,1.2775,1.3772,1.4994,1.625,1.7439,1.7439,1.7439,1.7439,1.7439,1.7439,1.7439,1.2972,1.7439,1.7439,1.7439,1.7439,1.7439,1.7439,1.7439,1.7439,1.7439,1.7439,1.7439,1.7439
1.7458,1.7458,1.7458,1.7458,1.7458,1.7458,1.7458,1.7458,1.7458,1.7458,1.7458,1.7458,1.7458,1.7458,1.7458,1.7458,1.7458,1.7458,1.7458,1.7458,1.7458,1.7458,1.7458,1.7458,1.7458
1.7428,1.7476,1.7476,1.7476,1.7476,1.7476,1.7476,1.7476,1.7476,1.7476,1.7476,1.7476,1.7476,1.7476,1.7476,1.7476,1.7476,1.7476,1.7476,1.7476,1.7476,1.7476,1.7476,1.7476,1.7476
1.7495,1.7495,1.7495,1.7495,1.7495,1.7495,1.7495,1.7495,1.7495,1.7495,1.7495,1.7495,1.7495,1.7495,1.7495,1.7495,1.7495,1.7495,1.7495,1.7495,1.7495,1.7495,1.7495,1.7495,1.7495
1.7514,1.7514,1.7514,1.7514,1.7514,1.7514,1.7514,1.7514,1.7514,1.7514,1.7514,1.7514,1.7514,1.7514,1.7514,1.7514,1.7514,1.7514,1.7514,1.7514,1.7514,1.7514,1.7514,1.7514,1.7514
1.0003,1.0697,1.1533,1.2556,1.3608,1.4743,1.5878,1.7024,1.7532,1.7532,1.7532,1.7532,1.7532,1.7532,1.7532,1.7532,1.7532,1.7532,1.7532,1.7532,1.7532,1.7532,1.7532,1.7532,1.7532
1.7551,1.7551,1.7551,1.7551,1.7551,1.7551,1.7551,1.7551,1.7551,1.7551,1.7551,1.7551,1.7551,1.7551,1.7551,1.7551,1.7551,1.7551,1.7551,1.7551,1.7551,1.7551,1.7551,1.7551,1.7551
1.757,1.757,1.757,1.757,1.757,1.757,1.757,1.757,1.757,1.757,1.757,1.757,1.757,1.757,1.757,1.757,1.757,1.757,1.757,1.757,1.757,1.757,1.757,1.757,1.757
1.5543,1.6623,1.7589,1.7589,1.7589,1.7589,1.7589,1.7589,1.7589,1.7589,1.7589,1.7589,1.7589,1.7589,1.7589,1.7589,1.7589,1.7589,1.7589,1.7589,1.7589,1.7589,1.7589,1.7589,1.7589
1.7608,1.7608,1.7608,1.7608,1.7608,1.7608,1.7608,1.7608,1.7608,1.7608,1.7608,1.7608,1.7608,1.7608,1.7608,1.7608,1.7608,1.7608,1.7608,1.7608,1.7608,1.7608,1.7608,1.7608,1.7608
1.1789,1.2608,1.3592,1.4798,1.6037,1.7375,1.7627,1.7627,1.7627,1.7627,1.7627,1.7627,1.7627,1.7627,1.7627,1.7627,1.7627,1.7627,1.7627,1.7627,1.7627,1.7627,1.7627,1.7627,1.7627
1.7646,1.7646,1.7646,1.7646,1.7646,1.7646,1.7646,1.7646,1.7646,1.7646,1.7646,1.7646,1.7646,1.7646,1.7646,1.7646,1.7646,1.7646,1.7646,1.7646,1.7646,1.7646,1.7646,1.7646,1.7646
1.7665,1.7665,1.7665,1.7665,1.7665,1.7665,1.7665,1.7665,1.7665,1.7665,1.7665,1.7665,1.7665,1.7665,1.7665,1.7665,1.7665,1.7665,1.7665,1.7665,1.7665,1.7665,1.7665,1.7665,1.7665
1.0107,1.0809,1.1653,1.2687,1.375,1.4896,1.6044,1.7201,1.7684,1.7684,1.7684,1.7684,1.5727,1.7684,1.7684,1.7684,1.7684,1.7684,1.7684,1.7684,1.7684,1.7684,1.7684,1.7684,1.7684
1.7703,1.7703,1.7703,1.7703,1.7703,1.7703,1.7703,1.7703,1.7703,1.7703,1.7703,1.7703,1.4251,1.7703,1.7703,1.7703,1.7703,1.7703,1.7703,1.7703,1.7703,1.7703,1.7703,1.7703,1.7703
1.7722,1.7722,1.7722,1.7722,1.7722,1.7722,1.7722,1.7722,1.7722,1.7722,1.7722,1.7722,1.7722,1.7722,1.7722,1.7722,1.7722,1.7722,1.7722,1.7722,1.7722,1.7722,1.7722,1.7722,1.7722
1.7741,1.7741,1.7741,1.7741,1.7741,1.7741,1.7741,1.7741,1.7741,1.7741,1.7741,1.7741,1.7741,1.7741,1.7741,1.7741,1.7741,1.7741,1.7741,1.7741,1.7741,1.7741,1.7741,1.7741,1.7741
1.776,1.776,1.776,1.776,1.776,1.776,1.776,1.776,1.776,1.776,1.776,1.776,1.776,1.31,1.776,1.776,1.776,1.776,1.776,1.776,1.776,1.776,1.776,1.776,1.776
0.9669,1.0341,1.1148,1.2137,1.3154,1.4251,1.5349,1.6456,1.7563,1.778,1.778,1.778,1.778,1.7485,1.778,1.778,1.778,1.778,1.778,1.778,1.778,1.778,1.778,1.778,1.778
1.7799,1.7799,1.7799,1.7799,1.7799,1.7799,1.7799,1.7799,1.7799,1.7799,1.7799,1.7799,1.7799,1.7799,1.7799,1.7799,1.7799,1.7799,1.7799,1.7799,1.7799,1.7799,1.7799,1.7799,1.7799
1.7818,1.7818,1.7818,1.7818,1.7818,1.7818,1.7818,1.7818,1.7818,1.7818,1.7818,1.7818,1.7818,1.7818,1.7818,1.7818,1.7818,1.7818,1.7818,1.7818,1.7818,1.7818,1.7818,1.7818,1.7818
1.1784,1.2603,1.3587,1.4792,1.6032,1.7369,1.7838,1.7838,1.7838,1.7838,1.7838,1.7838,1.7838,1.7838,1.7838,1.7838,1.7838,1.7838,1.7838,1.7838,1.7838,1.7838,1.7838,1.7838,1.7838
1.7857,1.7857,1.7857,1.7857,1.7857,1.7857,1.7857,1.7857,1.7857,1.7857,1.7857,1.7857,1.7857,1.7857,1.7857,1.7857,1.7857,1.7857,1.7857,1.7857,1.7857,1.7857,1.7857,1.7857,1.7857
1.3355,1.4283,1.5398,1.6764,1.7877,1.7877,1.7877,1.7877,1.7877,1.7877,1.7877,1.7877,1.7877,1.7877,1.7877,1.7877,1.7877,1.7877,1.7877,1.7877,1.7877,1.7877,1.7877,1.7877,1.7877
1.7896,1.7896,1.7896,1.7896,1.7896,1.7896,1.7896,1.7896,1.7896,1.7896,1.7896,1.7896,1.7896,1.7896,1.7896,1.7896,1.7896,1.7896,1.7896,1.7896,1.7896,1.7896,1.7896,1.7896,1.7896
1.7916,1.7916,1.7916,1.7916,1.7916,1.7916,1.7916,1.7916,1.7916,1.7916,1.7916,1.7916,1.7916,1.7916,1.7916,1.7916,1.7916,1.7916,1.7916,1.7916,1.7916,1.7916,1.7916,1.7916,1.7916
0.9094,0.9725,1.0485,1.1415,1.2371,1.3403,1.4435,1.5477,1.6518,1.756,1.7935,1.7935,1.7935,1.7935,1.7935,1.7935,1.7935,1.7935,1.7935,1.7935,1.7935,1.7935,1.7935,1.7935,1.7935
1.7955,1.7955,1.7955,1.7955,1.7955,1.7955,1.7955,1.7955,1.7955,1.7955,1.7955,1.7955,1.7955,1.7955,1.7955,1.7955,1.7955,1.7955,1.7955,1.7955,1.7955,1.7955,1.7955,1.7955,1.7955
1.7975,1.7975,1.7975,1.7975,1.7975,1.7975,1.7975,1.7975,1.7975,1.7975,1.7975,1.7975,1.7975,1.7975,1.7975,1.7975,1.7975,1.7975,1.7975,1.7975,1.7975,1.7975,1.7975,1.7975,1.7975
1.7037,1.7995,1.7995,1.7995,1.7995,1.7995,1.7995,1.7995,1.7995,1.7995,1.7995,1.7995,1.7995,1.7995,1.7995,1.7995,1.7995,1.7995,1.7995,1.7995,1.7995,1.7995,1.7995,1.7995,1.7995
1.8014,1.8014,1.8014,1.8014,1.8014,1.8014,1.8014,1.8014,1.8014,1.8014,1.8014,1.8014,1.8014,1.4881,1.8014,1.8014,1.8014,1.8014,1.8014,1.8014,1.8014,1.8014,1.8014,1.8014,1.8014
0.9909,1.0597,1.1425,1.2438,1.3481,1.4605,1.573,1.6864,1.7999,1.8034,1.8034,1.8034,1.8034,1.2103,1.8034,1.8034,1.8034,1.8034,1.8034,1.8034,1.8034,1.8034,1.8034,1.8034,1.8034
1.8054,1.8054,1.8054,1.8054,1.8054,1.8054,1.8054,1.8054,1.8054,1.8054,1.8054,1.8054,1.8054,1.8054,1.8054,1.8054,1.8054,1.8054,1.8054,1.8054,1.8054,1.8054,1.8054,1.8054,1.8054
1.8074,1.8074,1.8074,1.8074,1.8074,1.8074,1.8074,1.8074,1.8074,1.8074,1.8074,1.8074,1.8074,1.8074,1.8074,1.8074,1.8074,1.8074,1.8074,1.8074,1.8074,1.8074,1.8074,1.8074,1.8074
0.9732,1.0408,1.1221,1.2217,1.324,1.4344,1.5449,1.6564,1.7678,1.8094,1.8094,1.8094,1.0569,1.8094,1.8094,1.8094,1.8094,1.8094,1.8094,1.8094,1.8094,1.8094,1.8094,1.8094,1.8094
1.8114,1.8114,1.8114,1.8114,1.8114,1.8114,1.8114,1.8114,1.8114,1.8114,1.8114,1.8114,1.5685,1.8114,1.8114,1.8114,1.8114,1.8114,1.8114,1.8114,1.8114,1.8114,1.8114,1.8114,1.8114
1.6897,1.8071,1.8134,1.8134,1.8134,1.8134,1.8134,1.8134,1.8134,1.8134,1.8134,1.8134,1.8134,1.8134,1.8134,1.8134,1.8134,1.8134,1.8134,1.8134,1.8134,1.8134,1.8134,1.8134,1.8134
1.8154,1.8154,1.8154,1.8154,1.8154,1.8154,1.8154,1.8154,1.8154,1.8154,1.8154,1.8154,1.8154,1.8154,1.8154,1.8154,1.8154,1.8154,1.8154,1.8154,1.8154,1.8154,1.8154,1.8154,1.8154
1.8174,1.8174,1.8174,1.8174,1.8174,1.8174,1.8174,1.8174,1.8174,1.8174,1.8174,1.8174,1.8174,1.8174,1.8174,1.8174,1.8174,1.8174,1.8174,1.8174,1.8174,1.8174,1.8174,1.8174,1.8174
0.8642,0.9242,0.9964,1.0848,1.1757,1.2737,1.3718,1.4708,1.5698,1.6688,1.7679,1.8194,1.8194,1.8194,1.8194,1.8194,1.8194,1.8194,1.8194,1.8194,1.8194,1.8194,1.8194,1.8194,1.8194
1.8215,1.8215,1.8215,1.8215,1.8215,1.8215,1.8215,1.8215,1.8215,1.8215,1.8215,1.8215,1.8215,1.8215,1.8215,1.8215,1.8215,1.8215,1.8215,1.8215,1.8215,1.8215,1.8215,1.8215,1.8215
1.8235,1.8235,1.8235,1.8235,1.8235,1.8235,1.8235,1.8235,1.8235,1.8235,1.8235,1.8235,1.8235,1.8235,1.8235,1.8235,1.8235,1.8235,1.8235,1.8235,1.8235,1.8235,1.8235,1.8235,1.8235
1.2217,1.3066,1.4086,1.5335,1.662,1.8006,1.8255,1.8255,1.8255,1.8255,1.8255,1.8255,1.8255,1.8255,1.8255,1.8255,1.8255,1.8255,1.8255,1.8255,1.8255,1.8255,1.8255,1.8255,1.8255
1.8276,1.8276,1.8276,1.8276,1.8276,1.8276,1.8276,1.8276,1.8276,1.8276,1.8276,1.8276,1.8276,1.8276,1.8276,1.8276,1.8276,1.8276,1.8276,1.8276,1.8276,1.8276,1.8276,1.8276,1.8276
1.0846,1.1599,1.2505,1.3614,1.4755,1.5985,1.7217,1.8296,1.8296,1.8296,1.8296,1.8296,1.8296,1.8296,1.8296,1.8296,1.8296,1.8296,1.8296,1.8296,1.8296,1.8296,1.8296,1.8296,1.8296
1.8316,1.8316,1.8316,1.8316,1.8316,1.8316,1.8316,1.8316,1.8316,1.8316,1.8316,1.8316,1.8316,1.8316,1.8316,1.8316,1.8316,1.8316,1.8316,1.8316,1.8316,1.8316,1.8316,1.8316,1.8316
1.8337,1.8337,1.8337,1.8337,1.8337,1.8337,1.8337,1.8337,1.8337,1.8337,1.8337,1.8337,1.8337,1.8337,1.689,1.8337,1.8337,1.8337,1.8337,1.8337,1.8337,1.8337,1.8337,1.8337,1.8337
0.8575,0.9171,0.9887,1.0764,1.1666,1.2639,1.3612,1.4594,1.5576,1.6559,1.7542,1.8357,1.8308,1.8357,1.8357,1.8357,1.8357,1.8357,1.8357,1.8357,1.8357,1.8357,1.8357,1.8357,1.8357
1.8378,1.8378,1.8378,1.8378,1.8378,1.8378,1.8378,1.8378,1.8378,1.8378,1.8378,1.8378,1.292,1.8378,1.8378,1.8378,1.8378,1.8378,1.8378,1.8378,1.8378,1.8378,1.8378,1.8378,1.8378
1.8399,1.8399,1.8399,1.8399,1.8399,1.8399,1.8399,1.8399,1.8399,1.8399,1.8399,1.8399,1.8399,1.8399,1.8399,1.8399,1.8399,1.8399,1.8399,1.8399,1.8399,1.8399,1.8399,1.8399,1.8399
1.8419,1.8419,1.8419,1.8419,1.8419,1.8419,1.8419,1.8419,1.8419,1.8419,1.8419,1.8419,1.8419,1.8419,1.8419,1.8419,1.8419,1.8419,1.8419,1.8419,1.8419,1.8419,1.8419,1.8419,1.8419
1.844,1.844,1.844,1.844,1.844,1.844,1.844,1.844,1.844,1.844,1.844,1.844,1.844,1.0988,1.844,1.844,1.844,1.844,1.844,1.844,1.844,1.844,1.844,1.844,1.844
0.8664,0.9266,0.9989,1.0875,1.1786,1.2769,1.3753,1.4745,1.5737,1.673,1.7723,1.8461,1.8461,1.1557,1.8461,1.8461,1.8461,1.8461,1.8461,1.8461,1.8461,1.8461,1.8461,1.8461,1.8461
1.8482,1.8482,1.8482,1.8482,1.8482,1.8482,1.8482,1.8482,1.8482,1.8482,1.8482,1.8482,1.8482,1.8482,1.8482,1.8482,1.8482,1.8482,1.8482,1.8482,1.8482,1.8482,1.8482,1.8482,1.8482
1.8503,1.8503,1.8503,1.8503,1.8503,1.8503,1.8503,1.8503,1.8503,1.8503,1.8503,1.8503,1.8503,1.8503,1.8503,1.8503,1.8503,1.8503,1.8503,1.8503,1.8503,1.8503,1.8503,1.8503,1.8503
0.9737,1.0414,1.1227,1.2223,1.3247,1.4351,1.5457,1.6572,1.7687,1.8523,1.8523,1.8523,1.0574,1.8523,1.8523,1.8523,1.8523,1.8523,1.8523,1.8523,1.8523,1.8523,1.8523,1.8523,1.8523
1.8544,1.8544,1.8544,1.8544,1.8544,1.8544,1.8544,1.8544,1.8544,1.8544,1.8544,1.8544,1.8544,1.8544,1.8544,1.8544,1.8544,1.8544,1.8544,1.8544,1.8544,1.8544,1.8544,1.8544,1.8544
1.2919,1.3816,1.4895,1.6216,1.7575,1.8565,1.8565,1.8565,1.8565,1.8565,1.8565,1.8565,1.8565,1.8565,1.752,1.8565,1.8565,1.8565,1.8565,1.8565,1.8565,1.8565,1.8565,1.8565,1.8565
1.8587,1.8587,1.8587,1.8587,1.8587,1.8587,1.8587,1.8587,1.8587,1.8587,1.8587,1.8587,1.8587,1.8587,1.8587,1.8587,1.8587,1.8587,1.8587,1.8587,1.8587,1.8587,1.8587,1.8587,1.8587
1.8608,1.8608,1.8608,1.8608,1.8608,1.8608,1.8608,1.8608,1.8608,1.8608,1.8608,1.8608,1.8608,1.8608,1.8608,1.8608,1.8608,1.8608,1.8608,1.8608,1.8608,1.8608,1.8608,1.8608,1.8608
0.7983,0.8537,0.9204,1.002,1.086,1.1765,1.2671,1.3586,1.45,1.5414,1.6329,1.7347,1.8433,1.8629,1.8629,1.8629,1.8629,1.8629,1.8629,1.8629,1.8629,1.8629,1.8629,1.8629,1.8629
1.865,1.865,1.865,1.865,1.865,1.865,1.865,1.865,1.865,1.865,1.865,1.865,1.865,1.865,1.865,1.865,1.865,1.865,1.865,1.865,1.865,1.865,1.865,1.865,1.865
1.8671,1.8671,1.8671,1.8671,1.8671,1.8671,1.8671,1.8671,1.8671,1.8671,1.8671,1.8671,1.8671,1.8671,1.8671,1.8671,1.8671,1.8671,1.8671,1.8671,1.8671,1.8671,1.8671,1.8671,1.8671
1.3335,1.4262,1.5375,1.6739,1.8142,1.8693,1.8693,1.8693,1.8693,1.8693,1.8693,1.6972,1.8693,1.8693,1.8693,1.8693,1.8693,1.8693,1.8693,1.8693,1.8693,1.8693,1.8693,1.8693,1.8693
1.8714,1.8714,1.8714,1.8714,1.8714,1.8714,1.8714,1.8714,1.8714,1.8714,1.8714,1.8714,1.8714,1.8661,1.8714,1.8714,1.8714,1.8714,1.8714,1.8714,1.8714,1.8714,1.8714,1.8714,1.8714
0.9199,0.9838,1.0607,1.1547,1.2515,1.3559,1.4603,1.5656,1.671,1.7764,1.8735,1.8735,1.8735,1.8735,1.8735,1.8735,1.8735,1.8735,1.8735,1.8735,1.8735,1.8735,1.8735,1.8735,1.8735
1.8757,1.8757,1.8757,1.8757,1.8757,1.8757,1.8757,1.8757,1.8757,1.8757,1.8757,1.8757,1.8757,1.8757,1.8757,1.8757,1.8757,1.8757,1.8757,1.8757,1.8757,1.8757,1.8757,1.8757,1.8757
1.8778,1.8778,1.8778,1.8778,1.8778,1.8778,1.8778,1.8778,1.8778,1.8778,1.8778,1.8778,1.8778,1.8778,1.8778,1.8778,1.8778,1.8778,1.8778,1.8778,1.8778,1.8778,1.8778,1.8778,1.8778
0.8349,0.8929,0.9627,1.048,1.1359,1.2306,1.3254,1.421,1.5166,1.6123,1.708,1.8144,1.1059,1.88,1.88,1.88,1.88,1.88,1.88,1.88,1.88,1.88,1.88,1.88,1.88
1.8821,1.8821,1.8821,1.8821,1.8821,1.8821,1.8821,1.8821,1.8821,1.8821,1.8821,1.8821,1.1335,1.8821,1.8821,1.8821,1.8821,1.8821,1.8821,1.8821,1.8821,1.8821,1.8821,1.8821,1.8821
1.7531,1.8749,1.8843,1.8843,1.8843,1.8843,1.8843,1.8843,1.8843,1.8843,1.8843,1.8843,1.8843,1.8843,1.8843,1.8843,1.8843,1.8843,1.8843,1.8843,1.8843,1.8843,1.8843,1.8843,1.8843
1.8865,1.8865,1.8865,1.8865,1.8865,1.8865,1.8865,1.8865,1.8865,1.8865,1.8865,1.8865,1.8865,1.8865,1.8865,1.8865,1.8865,1.8865,1.8865,1.8865,1.8865,1.8865,1.8865,1.8865,1.8865
1.8886,1.8886,1.8886,1.8886,1.8886,1.8886,1.8886,1.8886,1.8886,1.8886,1.8886,1.8886,1.8886,1.8886,1.8886,1.8886,1.8886,1.8886,1.8886,1.8886,1.8886,1.8886,1.8886,1.8886,1.8886
0.7822,0.8365,0.9019,0.9819,1.0641,1.1529,1.2417,1.3312,1.4208,1.5104,1.6001,1.6998,1.8062,1.7954,1.8908,1.8908,1.8908,1.8908,1.8908,1.8908,1.8908,1.8908,1.8908,1.8908,1.8908
1.893,1.893,1.893,1.893,1.893,1.893,1.893,1.893,1.893,1.893,1.893,1.893,1.893,1.893,1.893,1.893,1.893,1.893,1.893,1.893,1.893,1.893,1.893,1.893,1.893
1.8952,1.8952,1.8952,1.8952,1.8952,1.8952,1.8952,1.8952,1.8952,1.8952,1.8952,1.8952,1.8952,1.8952,1.8952,1.8952,1.8952,1.8952,1.8952,1.8952,1.8952,1.8952,1.8952,1.8952,1.8952
1.0114,1.0816,1.1661,1.2695,1.3759,1.4907,1.6055,1.7213,1.8371,1.8974,1.8974,1.8974,1.8974,1.8974,1.8974,1.8974,1.8974,1.8974,1.8974,1.8974,1.8974,1.8974,1.8974,1.8974,1.8974
1.8996,1.8996,1.8996,1.8996,1.8996,1.8996,1.8996,1.8996,1.8996,1.8996,1.8996,1.8996,1.8996,1.8996,1.8996,1.8996,1.8996,1.8996,1.8996,1.8996,1.8996,1.8996,1.8996,1.8996,1.8996
1.0467,1.1194,1.2068,1.3139,1.4239,1.5427,1.6615,1.7814,1.9012,1.9018,1.9018,1.9018,1.9018,1.9018,1.8304,1.9018,1.9018,1.9018,1.9018,1.9018,1.9018,1.9018,1.9018,1.9018,1.9018
1.904,1.904,1.904,1.904,1.904,1.904,1.904,1.904,1.904,1.904,1.904,1.904,1.904,1.904,1.904,1.904,1.904,1.904,1.904,1.904,1.904,1.904,1.904,1.904,1.904
1.9062,1.9062,1.9062,1.9062,1.9062,1.9062,1.9062,1.9062,1.9062,1.9062,1.9062,1.9062,1.9062,1.9062,1.6132,1.9062,1.9062,1.9062,1.9062,1.9062,1.9062,1.9062,1.9062,1.9062,1.9062
0.7588,0.8115,0.8749,0.9525,1.0323,1.1184,1.2045,1.2914,1.3783,1.4652,1.5522,1.6489,1.7522,1.9084,1.9084,1.9084,1.9084,1.9084,1.9084,1.9084,1.9084,1.9084,1.9084,1.9084,1.9084
1.9107,1.9107,1.9107,1.9107,1.9107,1.9107,1.9107,1.9107,1.9107,1.9107,1.9107,1.9107,1.9107,1.9107,1.9107,1.9107,1.9107,1.9107,1.9107,1.9107,1.9107,1.9107,1.9107,1.9107,1.9107
1.9129,1.9129,1.9129,1.9129,1.9129,1.9129,1.9129,1.9129,1.9129,1.9129,1.9129,1.9129,1.9129,1.9129,1.9129,1.9129,1.9129,1.9129,1.9129,1.9129,1.9129,1.9129,1.9129,1.9129,1.9129
1.5491,1.6567,1.786,1.9151,1.9151,1.9151,1.9151,1.9151,1.9151,1.9151,1.9151,1.4714,1.9151,1.9151,1.9151,1.9151,1.9151,1.9151,1.9151,1.9151,1.9151,1.9151,1.9151,1.9151,1.9151
1.9174,1.9174,1.9174,1.9174,1.9174,1.9174,1.9174,1.9174,1.9174,1.9174,1.9174,1.9174,1.9174,1.0532,1.9174,1.9174,1.9174,1.9174,1.9174,1.9174,1.9174,1.9174,1.9174,1.9174,1.9174
0.8078,0.8639,0.9314,1.014,1.099,1.1906,1.2823,1.3748,1.4673,1.5599,1.6525,1.7555,1.8654,0.9867,1.9196,1.9196,1.9196,1.9196,1.9196,1.9196,1.9196,1.9196,1.9196,1.9196,1.9196
1.9219,1.9219,1.9219,1.9219,1.9219,1.9219,1.9219,1.9219,1.9219,1.9219,1.9219,1.9219,1.9219,1.9219,1.9219,1.9219,1.9219,1.9219,1.9219,1.9219,1.9219,1.9219,1.9219,1.9219,1.9219
1.9241,1.9241,1.9241,1.9241,1.9241,1.9241,1.9241,1.9241,1.9241,1.9241,1.9241,1.9241,1.9241,1.9241,1.9241,1.9241,1.9241,1.9241,1.9241,1.9241,1.9241,1.9241,1.9241,1.9241,1.9241
0.8379,0.8961,0.9661,1.0518,1.1399,1.235,1.3301,1.4261,1.522,1.618,1.7141,1.8209,0.91,1.9264,1.9264,1.9264,1.9264,1.9264,1.9264,1.9264,1.9264,1.9264,1.9264,1.9264,1.9264
1.9287,1.9287,1.9287,1.9287,1.9287,1.9287,1.9287,1.9287,1.9287,1.9287,1.9287,1.9287,1.5921,1.9287,1.9287,1.9287,1.9287,1.9287,1.9287,1.9287,1.9287,1.9287,1.9287,1.9287,1.9287
1.3105,1.4016,1.511,1.6451,1.7829,1.9309,1.9309,1.9309,1.9309,1.9309,1.9309,1.9309,1.9309,1.9309,1.9309,1.9309,1.9309,1.9309,1.9309,1.9309,1.9309,1.9309,1.9309,1.9309,1.9309
1.9332,1.9332,1.9332,1.9332,1.9332,1.9332,1.9332,1.9332,1.9332,1.9332,1.9332,1.9332,1.9332,1.9332,1.9332,1.9332,1.9332,1.9332,1.9332,1.9332,1.9332,1.9332,1.9332,1.9332,1.9332
1.9355,1.9355,1.9355,1.9355,1.9355,1.9355,1.9355,1.9355,1.9355,1.9355,1.9355,1.9355,1.9355,1.9355,1.9355,1.9355,1.9355,1.9355,1.9355,1.9355,1.9355,1.9355,1.9355,1.9355,1.9355
0.726,0.7765,0.8371,0.9114,0.9877,1.0701,1.1525,1.2356,1.3188,1.402,1.4852,1.5777,1.6765,1.9378,1.9378,1.9378,1.9378,1.9378,1.9378,1.9378,1.9378,1.9378,1.9378,1.9378,1.9378
1.9401,1.9401,1.9401,1.9401,1.9401,1.9401,1.9401,1.9401,1.9401,1.9401,1.9401,1.7338,1.9401,1.9401,1.9401,1.9401,1.9401,1.9401,1.9401,1.9401,1.9401,1.9401,1.9401,1.9401,1.9401
1.9424,1.9424,1.9424,1.9424,1.9424,1.9424,1.9424,1.9424,1.9424,1.9424,1.9424,1.9424,1.9424,1.9424,1.9424,1.9424,1.9424,1.9424,1.9424,1.9424,1.9424,1.9424,1.9424,1.9424,1.9424
1.0941,1.1701,1.2615,1.3734,1.4884,1.6126,1.7367,1.862,1.9447,1.9447,1.9447,1.6497,1.9447,1.9447,1.9447,1.9447,1.9447,1.9447,1.9447,1.9447,1.9447,1.9447,1.9447,1.9447,1.9447
1.947,1.947,1.947,1.947,1.947,1.947,1.947,1.947,1.947,1.947,1.947,1.947,1.8651,1.947,1.947,1.947,1.947,1.947,1.947,1.947,1.947,1.947,1.947,1.947,1.947
0.8854,0.9469,1.0209,1.1114,1.2045,1.305,1.4055,1.5069,1.6083,1.7098,1.8113,1.9241,1.9493,1.9493,1.9493,1.9493,1.9493,1.9493,1.9493,1.9493,1.9493,1.9493,1.9493,1.9493,1.9493
1.9516,1.9516,1.9516,1.9516,1.9516,1.9516,1.9516,1.9516,1.9516,1.9516,1.9516,1.9516,1.9516,1.9516,1.9516,1.9516,1.9516,1.9516,1.9516,1.9516,1.9516,1.9516,1.9516,1.9516,1.9516
1.954,1.954,1.954,1.954,1.954,1.954,1.954,1.954,1.954,1.954,1.954,1.954,1.954,1.954,1.5047,1.954,1.954,1.954,1.954,1.954,1.954,1.954,1.954,1.954,1.954
0.7407,0.7921,0.854,0.9298,1.0077,1.0917,1.1758,1.2606,1.3454,1.4303,1.5152,1.6096,1.2879,1.9563,1.9563,1.9563,1.9563,1.9563,1.9563,1.9563,1.9563,1.9563,1.9563,1.9563,1.9563
1.9586,1.9586,1.9586,1.9586,1.9586,1.9586,1.9586,1.9586,1.9586,1.9586,1.9586,1.9586,1.0731,1.9586,1.9586,1.9586,1.9586,1.9586,1.9586,1.9586,1.9586,1.9586,1.9586,1.9586,1.9586
1.9325,1.961,1.961,1.961,1.961,1.961,1.961,1.961,1.961,1.961,1.961,1.961,1.961,1.961,1.961,1.961,1.961,1.961,1.961,1.961,1.961,1.961,1.961,1.961,1.961
1.9633,1.9633,1.9633,1.9633,1.9633,1.9633,1.9633,1.9633,1.9633,1.9633,1.9633,1.9633,1.9633,1.9633,1.9633,1.9633,1.9633,1.9633,1.9633,1.9633,1.9633,1.9633,1.9633,1.9633,1.9633
1.9657,1.9657,1.9657,1.9657,1.9657,1.9657,1.9657,1.9657,1.9657,1.9657,1.9657,1.9657,1.9657,0.963,1.9657,1.9657,1.9657,1.9657,1.9657,1.9657,1.9657,1.9657,1.9657,1.9657,1.9657
0.7304,0.7811,0.8421,0.9168,0.9936,1.0765,1.1594,1.243,1.3266,1.4103,1.494,1.5871,1.6865,1.1649,1.968,1.968,1.968,1.968,1.968,1.968,1.968,1.968,1.968,1.968,1.968
1.9704,1.9704,1.9704,1.9704,1.9704,1.9704,1.9704,1.9704,1.9704,1.9704,1.9704,1.9704,1.9704,1.9704,1.9704,1.9704,1.9704,1.9704,1.9704,1.9704,1.9704,1.9704,1.9704,1.9704,1.9704
1.9728,1.9728,1.9728,1.9728,1.9728,1.9728,1.9728,1.9728,1.9728,1.9728,1.9728,1.9728,1.9728,1.9728,1.9728,1.9728,1.9728,1.9728,1.9728,1.9728,1.9728,1.9728,1.9728,1.9728,1.9728
0.8673,0.9276,1.0,1.0887,1.1799,1.2783,1.3768,1.4761,1.5754,1.6748,1.7742,1.8847,1.9752,1.9752,1.9752,1.9752,1.9752,1.9752,1.9752,1.9752,1.9752,1.9752,1.9752,1.9752,1.9752
1.9775,1.9775,1.9775,1.9775,1.9775,1.9775,1.9775,1.9775,1.9775,1.9775,1.9775,1.9021,1.8069,1.9775,1.9775,1.9775,1.9775,1.9775,1.9775,1.9775,1.9775,1.9775,1.9775,1.9775,1.9775
1.0468,1.1196,1.207,1.314,1.4241,1.5429,1.6617,1.7816,1.9015,1.9799,1.9799,1.9799,1.9799,1.9799,1.5512,1.9799,1.9799,1.9799,1.9799,1.9799,1.9799,1.9799,1.9799,1.9799,1.9799
1.9823,1.9823,1.9823,1.9823,1.9823,1.9823,1.9823,1.9823,1.9823,1.9823,1.9823,1.9823,1.9823,1.9823,1.9823,1.9823,1.9823,1.9823,1.9823,1.9823,1.9823,1.9823,1.9823,1.9823,1.9823
1.9847,1.9847,1.9847,1.9847,1.9847,1.9847,1.9847,1.9847,1.9847,1.9847,1.9847,1.9847,1.9847,1.9847,1.5929,1.9847,1.9847,1.9847,1.9847,1.9847,1.9847,1.9847,1.9847,1.9847,1.9847
0.691,0.739,0.7967,0.8674,0.94,1.0184,1.0969,1.176,1.2551,1.3343,1.4135,1.5016,1.5956,1.9871,1.9871,1.9871,1.9871,1.9871,1.9871,1.9871,1.9871,1.9871,1.9871,1.9871,1.9871
1.9896,1.9896,1.9896,1.9896,1.9896,1.9896,1.9896,1.9896,1.9896,1.9896,1.9896,1.9122,1.9896,1.9896,1.9896,1.9896,1.9896,1.9896,1.9896,1.9896,1.9896,1.9896,1.9896,1.9896,1.9896
1.992,1.992,1.992,1.992,1.992,1.992,1.992,1.992,1.992,1.992,1.992,1.992,1.992,1.992,1.992,1.992,1.992,1.992,1.992,1.992,1.992,1.992,1.992,1.992,1.992
1.2428,1.3291,1.4329,1.56,1.6907,1.8317,1.9728,1.9944,1.9944,1.9944,1.9944,1.4184,1.9944,1.9944,1.9944,1.9944,1.9944,1.9944,1.9944,1.9944,1.9944,1.9944,1.9944,1.9944,1.9944
1.9968,1.9968,1.9968,1.9968,1.9968,1.9968,1.9968,1.9968,1.9968,1.9968,1.9968,1.9157,1.8198,1.2862,1.9968,1.9968,1.9968,1.9968,1.9968,1.9968,1.9968,1.9968,1.9968,1.9968,1.9968
0.7751,0.8289,0.8937,0.973,1.0545,1.1424,1.2304,1.3192,1.4079,1.4967,1.5856,1.6843,1.7899,0.9467,1.9993,1.9993,1.9993,1.9993,1.9993,1.9993,1.9993,1.9993,1.9993,1.9993,1.9993
2.0017,2.0017,2.0017,2.0017,2.0017,2.0017,2.0017,2.0017,2.0017,2.0017,2.0017,2.0017,2.0017,2.0017,2.0017,2.0017,2.0017,2.0017,2.0017,2.0017,2.0017,2.0017,2.0017,2.0017,2.0017
2.0042,2.0042,2.0042,2.0042,2.0042,2.0042,2.0042,2.0042,2.0042,2.0042,2.0042,2.0042,2.0042,2.0042,2.0042,2.0042,2.0042,2.0042,2.0042,2.0042,2.0042,2.0042,2.0042,2.0042,2.0042
0.742,0.7936,0.8556,0.9314,1.0095,1.0937,1.1779,1.2629,1.3478,1.4329,1.5179,1.6125,0.8511,2.0066,2.0066,2.0066,2.0066,2.0066,2.0066,2.0066,2.0066,2.0066,2.0066,2.0066,2.0066
2.0091,2.0091,2.0091,2.0091,2.0091,2.0091,2.0091,2.0091,2.0091,2.0091,2.0091,1.9371,1.0998,2.0091,2.0091,2.0091,2.0091,2.0091,2.0091,2.0091,2.0091,2.0091,2.0091,2.0091,2.0091
1.3858,1.4821,1.5978,1.7395,1.8853,2.0115,2.0115,2.0115,2.0115,2.0115,2.0115,2.0115,2.0115,2.0115,2.0115,2.0115,2.0115,2.0115,2.0115,2.0115,2.0115,2.0115,2.0115,2.0115,2.0115
2.014,2.014,2.014,2.014,2.014,2.014,2.014,2.014,2.014,2.014,2.014,2.014,2.014,2.014,2.014,2.014,2.014,2.014,2.014,2.014,2.014,2.014,2.014,2.014,2.014
2.0165,2.0165,2.0165,2.0165,2.0165,2.0165,2.0165,2.0165,2.0165,2.0165,2.0165,2.0165,2.0165,1.9866,2.0029,2.0165,2.0165,2.0165,2.0165,2.0165,2.0165,2.0165,2.0165,2.0165,2.0165
0.6774,0.7245,0.781,0.8503,0.9216,0.9984,1.0753,1.1529,1.2304,1.3081,1.3857,1.472,1.5643,2.019,2.019,2.019,2.019,2.019,2.019,2.019,2.019,2.019,2.019,2.019,2.019
2.0215,2.0215,2.0215,2.0215,2.0215,2.0215,2.0215,2.0215,2.0215,2.0215,2.0215,1.5852,2.0215,2.0215,2.0215,2.0215,2.0215,2.0215,2.0215,2.0215,2.0215,2.0215,2.0215,2.0215,2.0215
2.024,2.024,2.024,2.024,2.024,2.024,2.024,2.024,2.024,2.024,2.024,2.024,2.024,2.024,2.024,2.024,2.024,2.024,2.024,2.024,2.024,2.024,2.024,2.024,2.024
0.9286,0.9931,1.0707,1.1656,1.2633,1.3687,1.4741,1.5804,1.6867,1.7932,1.8996,1.6526,2.0265,2.0265,2.0265,2.0265,2.0265,2.0265,2.0265,2.0265,2.0265,2.0265,2.0265,2.0265,2.0265
2.029,2.029,2.029,2.029,2.029,2.029,2.029,2.029,2.029,1.9696,1.8934,1.8086,1.7181,2.029,2.029,2.029,2.029,2.029,2.029,2.029,2.029,2.029,2.029,2.029,2.029
0.8765,0.9374,1.0106,1.1003,1.1924,1.2919,1.3914,1.4918,1.5921,1.6926,1.793,1.9047,2.0241,2.0315,1.6986,2.0315,2.0315,2.0315,2.0315,2.0315,2.0315,2.0315,2.0315,2.0315,2.0315
2.034,2.034,2.034,2.034,2.034,2.034,2.034,2.034,2.034,2.034,2.034,2.034,2.034,2.034,2.034,2.034,2.034,2.034,2.034,2.034,2.034,2.034,2.034,2.034,2.034
2.0365,2.0365,2.0365,2.0365,2.0365,2.0365,2.0365,2.0365,2.0365,2.0365,2.0365,2.0365,2.0365,2.0365,1.3633,2.0365,2.0365,2.0365,2.0365,2.0365,2.0365,2.0365,2.0365,2.0365,2.0365
0.6734,0.7202,0.7764,0.8453,0.9161,0.9925,1.0689,1.1461,1.2232,1.3003,1.3775,1.4633,1.555,2.0391,2.0391,2.0391,2.0391,2.0391,2.0391,2.0391,2.0391,2.0391,2.0391,2.0391,2.0391
2.0416,2.0416,2.0416,2.0416,2.0416,2.0416,2.0416,2.0416,2.0416,2.0416,2.0416,2.0416,2.0416,2.0416,2.0416,2.0416,2.0416,2.0416,2.0416,2.0416,2.0416,2.0416,2.0416,2.0416,2.0416
2.0442,2.0442,2.0442,2.0442,2.0442,2.0442,2.0442,2.0442,2.0442,2.0442,2.0442,2.0442,2.0442,2.0442,2.0442,2.0442,2.0442,2.0442,2.0442,2.0442,2.0442,2.0442,2.0442,2.0442,2.0442
1.5078,1.6125,1.7384,1.8926,2.0467,2.0467,2.0467,2.0467,2.0467,2.0467,2.0467,1.4322,2.0467,2.0467,2.0467,2.0467,2.0467,2.0467,2.0467,2.0467,2.0467,2.0467,2.0467,2.0467,2.0467
2.0493,2.0493,2.0493,2.0493,2.0493,2.0493,2.0493,2.0493,2.0493,2.0493,2.0052,1.9155,1.8196,0.8628,2.0493,2.0493,2.0493,2.0493,2.0493,2.0493,2.0493,2.0493,2.0493,2.0493,2.0493
0.6982,0.7467,0.805,0.8765,0.9499,1.0291,1.1084,1.1883,1.2683,1.3483,1.4283,1.5173,1.6123,0.8528,2.0518,2.0518,2.0518,2.0518,2.0518,2.0518,2.0518,2.0518,2.0518,2.0518,2.0518
2.0544,2.0544,2.0544,2.0544,2.0544,2.0544,2.0544,2.0544,2.0544,2.0544,2.0544,2.0544,2.0544,2.0544,2.0544,2.0544,2.0544,2.0544,2.0544,2.0544,2.0544,2.0544,2.0544,2.0544,2.0544
2.057,2.057,2.057,2.057,2.057,2.057,2.057,2.057,2.057,2.057,2.057,2.057,2.057,2.057,2.057,2.057,2.057,2.057,2.057,2.057,2.057,2.057,2.057,2.057,2.057
0.7636,0.8166,0.8804,0.9585,1.0388,1.1254,1.2121,1.2995,1.387,1.4745,1.562,1.6593,0.8292,2.0596,2.0596,2.0596,2.0596,2.0596,2.0596,2.0596,2.0596,2.0596,2.0596,2.0596,2.0596
2.0622,2.0622,2.0622,2.0622,2.0622,2.0622,2.0622,2.0622,2.0287,1.9531,1.8775,1.7935,1.7037,2.0622,2.0622,2.0622,2.0622,2.0622,2.0622,2.0622,2.0622,2.0622,2.0622,2.0622,2.0622
1.0799,1.155,1.2451,1.3556,1.4692,1.5917,1.7143,1.838,1.9616,2.0648,2.0648,2.0648,2.0648,2.0648,1.4645,2.0648,2.0648,2.0648,2.0648,2.0648,2.0648,2.0648,2.0648,2.0648,2.0648
2.0674,2.0674,2.0674,2.0674,2.0674,2.0674,2.0674,2.0674,2.0674,2.0674,2.0674,2.0674,2.0674,2.0674,2.0674,2.0674,2.0674,2.0674,2.0674,2.0674,2.0674,2.0674,2.0674,2.0674,2.0674
2.07,2.07,2.07,2.07,2.07,2.07,2.07,2.07,2.07,2.07,2.07,2.07,2.07,2.07,1.6176,2.07,2.07,2.07,2.07,2.07,2.07,2.07,2.07,2.07,2.07
0.6431,0.6878,0.7415,0.8073,0.8749,0.9479,1.0209,1.0945,1.1681,1.2418,1.3156,1.3975,1.485,2.0726,2.0726,2.0726,2.0726,2.0726,2.0726,2.0726,2.0726,2.0726,2.0726,2.0726,2.0726
2.0752,2.0752,2.0752,2.0752,2.0752,2.0752,2.0752,2.0752,2.0752,2.0752,2.0752,1.6215,2.0752,2.0752,2.0752,2.0752,2.0752,2.0752,2.0752,2.0752,2.0752,2.0752,2.0752,2.0752,2.0752
2.0779,2.0779,2.0779,2.0779,2.0779,2.0779,2.0779,2.0779,2.0779,2.0779,2.0779,2.0779,2.0779,2.0779,2.0779,2.0779,2.0779,2.0779,2.0779,2.0779,2.0779,2.0779,2.0779,2.0779,2.0779
1.0348,1.1067,1.1931,1.299,1.4078,1.5252,1.6427,1.7612,1.8797,1.9983,2.0805,1.4062,2.0805,2.0805,2.0805,2.0805,2.0805,2.0805,2.0805,2.0805,2.0805,2.0805,2.0805,2.0805,2.0805
2.0832,2.0832,2.0832,2.0832,2.0832,2.0832,2.0832,2.0642,1.9901,1.916,1.8418,1.7594,1.6713,1.8008,2.0832,2.0832,2.0832,2.0832,2.0832,2.0832,2.0832,2.0832,2.0832,2.0832,2.0832
0.761,0.8139,0.8775,0.9553,1.0353,1.1217,1.2081,1.2952,1.3824,1.4696,1.5568,1.6538,1.7574,1.8604,1.9499,2.0858,2.0858,2.0858,2.0858,2.0858,2.0858,2.0858,2.0858,2.0858,2.0858
2.0885,2.0885,2.0885,2.0885,2.0885,2.0885,2.0885,2.0885,2.0885,2.0885,2.0885,2.0885,2.0885,2.0885,2.0885,2.0885,2.0885,2.0885,2.0885,2.0885,2.0885,2.0885,2.0885,2.0885,2.0885
2.0911,2.0911,2.0911,2.0911,2.0911,2.0911,2.0911,2.0911,2.0911,2.0911,2.0911,2.0911,2.0911,2.0911,2.0911,2.0822,2.0911,2.0911,2.0911,2.0911,2.0911,2.0911,2.0911,2.0911,2.0911
0.6717,0.7184,0.7745,0.8432,0.9138,0.9901,1.0663,1.1432,1.2202,1.2971,1.3741,1.4597,0.9805,2.0938,2.0938,2.0938,2.0938,2.0938,2.0938,2.0938,2.0938,2.0938,2.0938,2.0938,2.0938
2.0965,2.0965,2.0965,2.0965,2.0965,2.0965,2.0965,2.0965,2.0965,2.0372,1.9584,1.8707,0.9357,2.0965,2.0965,2.0965,2.0965,2.0965,2.0965,2.0965,2.0965,2.0965,2.0965,2.0965,2.0965
1.5293,1.6356,1.7633,1.9197,2.0806,2.0992,2.0992,2.0992,2.0992,2.0992,2.0992,2.0992,2.0992,2.0992,2.0992,2.0992,2.0992,2.0992,2.0992,2.0992,2.0992,2.0992,2.0992,2.0992,2.0992
2.0283,2.1019,2.1019,2.1019,2.1019,2.1019,2.1019,2.1019,2.1019,2.1019,1.9533,2.1019,2.1019,2.1019,2.1019,2.1019,2.1019,2.1019,2.1019,2.1019,2.1019,2.1019,2.1019,2.1019,2.1019
2.1046,2.1046,2.1046,2.1046,2.1046,2.1046,2.1046,2.1046,2.1046,2.1046,2.0564,1.9644,1.866,0.8848,2.1046,2.1046,2.1046,2.1046,2.1046,2.1046,2.1046,2.1046,2.1046,2.1046,2.1046
0.6449,0.6897,0.7435,0.8095,0.8773,0.9505,1.0237,1.0975,1.1714,1.2453,1.3192,1.4014,1.4892,1.2698,2.1073,2.1073,2.1073,2.1073,2.1073,2.1073,2.1073,2.1073,2.1073,2.1073,2.1073
2.11,2.11,2.11,2.11,2.11,2.11,2.11,2.11,2.11,2.11,2.11,2.11,2.11,2.11,2.11,2.11,2.11,2.11,2.11,2.11,2.11,2.11,2.11,2.11,2.11
2.1127,2.1127,2.1127,2.1127,2.1127,2.1127,2.1127,2.1127,2.1127,2.1127,2.1127,2.1127,2.1127,2.1127,2.1127,2.1127,2.1127,2.1127,2.1127,2.1127,2.1127,2.1127,2.1127,2.1127,2.1127
0.809,0.8652,0.9328,1.0155,1.1006,1.1924,1.2842,1.3769,1.4695,1.5622,1.655,1.7007,2.1154,2.1154,2.1154,2.1154,2.1154,2.1154,2.1154,2.1154,2.1154,2.1154,2.1154,2.1154,2.1154
2.1182,2.1182,2.1182,2.1182,2.1182,2.1182,2.0648,1.9933,1.9217,1.8502,1.7786,1.699,1.6139,2.1182,2.1182,2.1182,2.1182,2.1182,2.1182,2.1182,2.1182,2.1182,2.1182,2.1182,2.1182
0.8892,0.951,1.0253,1.1162,1.2097,1.3106,1.4116,1.5134,1.6152,1.7171,1.8191,1.9324,2.0534,2.1209,1.4599,2.1209,2.1209,2.1209,2.1209,2.1209,2.1209,2.1209,2.1209,2.1209,2.1209
2.1237,2.1237,2.1237,2.1237,2.1237,2.1237,2.1237,2.1237,2.1237,2.1237,2.1237,2.1237,2.1237,2.1237,2.1237,2.1237,2.1237,2.1237,2.1237,2.1237,2.1237,2.1237,2.1237,2.1237,2.1237
2.1264,2.1264,2.1264,2.1264,2.1264,2.1264,2.1264,2.1264,2.1264,2.1264,2.1264,2.1264,2.1264,2.1264,1.3666,2.1264,2.1264,2.1264,2.1264,2.1264,2.1264,2.1264,2.1264,2.1264,2.1264
0.6242,0.6675,0.7196,0.7835,0.8491,0.9199,0.9908,1.0623,1.1337,1.2053,1.2768,1.3564,1.4413,2.1292,2.1292,2.1292,2.1292,2.1292,2.1292,2.1292,2.1292,2.1292,2.1292,2.1292,2.1292
2.1319,2.1319,2.1319,2.1319,2.1319,2.1319,2.1319,2.1319,2.1319,2.1319,2.1319,1.8405,2.1319,2.1319,2.1319,2.1319,2.1319,2.1319,2.1319,2.1319,2.1319,2.1319,2.1319,2.1319,2.1319
2.1347,2.1347,2.1347,2.1347,2.1347,2.1347,2.1347,2.1347,2.1347,2.1347,2.1347,2.1347,2.1347,2.1347,2.1347,2.1347,2.1347,2.1347,2.1347,2.1347,2.1347,2.1347,2.1347,2.1347,2.1347
1.2144,1.2988,1.4002,1.5244,1.6521,1.7899,1.9278,2.0668,2.1375,2.1375,2.1073,1.2369,2.1375,2.1375,2.1375,2.1375,2.1375,2.1375,2.1375,2.1375,2.1375,2.1375,2.1375,2.1375,2.1375
2.1403,2.1403,2.1403,2.1403,2.1403,2.1403,2.1272,2.0535,1.9798,1.9061,1.8323,1.7503,1.6627,0.9636,2.1403,2.1403,2.1403,2.1403,2.1403,2.1403,2.1403,2.1403,2.1403,2.1403,2.1403
0.6807,0.7279,0.7848,0.8544,0.926,1.0032,1.0805,1.1584,1.2364,1.3144,1.3924,1.4791,1.5718,0.8314,2.1431,2.1431,2.1431,2.1431,2.1431,2.1431,2.1431,2.1431,2.1431,2.1431,2.1431
2.1459,2.1459,2.1459,2.1459,2.1459,2.1459,2.1459,2.1459,2.1459,2.1459,2.1459,2.1459,2.1459,2.1459,2.1459,2.1459,2.1459,2.1459,2.1459,2.1459,2.1459,2.1459,2.1459,2.1459,2.1459
2.1487,2.1487,2.1487,2.1487,2.1487,2.1487,2.1487,2.1487,2.1487,2.1487,2.1487,2.1487,2.1487,2.1487,2.1487,1.8907,2.1487,2.1487,2.1487,2.1487,2.1487,2.1487,2.1487,2.1487,2.1487
0.6864,0.7341,0.7914,0.8616,0.9338,1.0117,1.0896,1.1682,1.2468,1.3255,1.4041,1.4916,0.7454,2.1515,2.1515,2.1515,2.1515,2.1515,2.1515,2.1515,2.1515,2.1515,2.1515,2.1515,2.1515
2.1544,2.1544,2.1544,2.1544,2.1544,2.1544,2.0934,2.0209,1.9484,1.8758,1.8032,1.7225,1.1754,2.1544,2.1544,2.1544,2.1544,2.1544,2.1544,2.1544,2.1544,2.1544,2.1544,2.1544,2.1544
1.1484,1.2282,1.3241,1.4416,1.5624,1.6927,1.823,1.9545,2.086,2.1572,2.1572,2.1572,2.1572,2.1572,2.1572,2.0796,2.1572,2.1572,2.1572,2.1572,2.1572,2.1572,2.1572,2.1572,2.1572
2.1601,2.1601,2.1601,2.1601,2.1601,2.1601,2.1601,2.1601,2.1601,2.1601,2.1601,2.1601,2.1601,2.1601,2.1601,2.1601,2.1601,2.1601,2.1601,2.1601,2.1601,2.1601,2.1601,2.1601,2.1601
2.1629,2.1629,2.1629,2.1629,2.1629,2.1629,2.1629,2.1629,2.1629,2.1629,2.1629,2.0705,1.9669,1.8638,1.6868,2.1629,2.1629,2.1629,2.1629,2.1629,2.1629,2.1629,2.1629,2.1629,2.1629
0.6092,0.6516,0.7024,0.7648,0.8288,0.898,0.9671,1.0369,1.1066,1.1765,1.2463,1.3239,1.4069,2.1658,2.1658,2.1658,2.1658,2.1658,2.1658,2.1658,2.1658,2.1658,2.1658,2.1658,2.1658
2.1686,2.1686,2.1686,2.1686,2.1686,2.1686,2.1686,2.1686,2.1686,2.1686,2.1686,1.4105,2.1686,2.1686,2.1686,2.1686,2.1686,2.1686,2.1686,2.1686,2.1686,2.1686,2.1686,2.1686,2.1686
2.1715,2.1715,2.1715,2.1715,2.1715,2.1715,2.1715,2.1715,2.1715,2.1715,2.1715,2.1715,2.1715,2.1715,2.1715,2.1715,2.1715,2.1715,2.1715,2.1715,2.1715,2.1715,2.1715,2.1715,2.1715
0.8867,0.9483,1.0224,1.1131,1.2063,1.3069,1.4076,1.5091,1.6106,1.7123,1.8139,1.4247,2.1744,2.1744,2.1744,2.1744,2.1744,2.1744,2.1744,2.1744,2.1744,2.1744,2.1744,2.1744,2.1744
2.1773,2.1773,2.1773,2.1773,2.1359,2.0673,1.9986,1.9294,1.8602,1.7909,1.7216,1.6445,1.5622,2.1773,2.1773,2.1773,2.1773,2.1773,2.1773,2.1773,2.1773,2.1773,2.1773,2.1773,2.1773
0.7625,0.8155,0.8791,0.9571,1.0373,1.1238,1.2104,1.2977,1.385,1.4724,1.5598,1.6569,1.7607,1.864,1.6399,2.1802,2.1802,2.1802,2.1802,2.1802,2.1802,2.1802,2.1802,2.1802,2.1802
2.1831,2.1831,2.1831,2.1831,2.1831,2.1831,2.1831,2.1831,2.1831,2.1831,2.1831,2.1831,2.1831,2.1831,2.1831,2.1831,2.1831,2.1831,2.1831,2.1831,2.1831,2.1831,2.1831,2.1831,2.1831
2.186,2.186,2.186,2.186,2.186,2.186,2.186,2.186,2.186,2.186,2.186,2.186,2.186,2.186,1.205,2.0659,2.186,2.186,2.186,2.186,2.186,2.186,2.186,2.186,2.186
0.6191,0.6621,0.7138,0.7771,0.8422,0.9124,0.9827,1.0536,1.1245,1.1954,1.2664,1.3453,1.2167,2.1889,2.1889,2.1889,2.1889,2.1889,2.1889,2.1889,2.1889,2.1889,2.1889,2.1889,2.1889
2.1918,2.1918,2.1918,2.1918,2.1918,2.1918,2.1918,2.1585,2.0811,2.0035,1.926,1.8398,0.9203,2.1918,2.1918,2.1918,2.1918,2.1918,2.1918,2.1918,2.1918,2.1918,2.1918,2.1918,2.1918
1.7758,1.8991,2.0474,2.1948,2.1948,2.1948,2.1948,2.1948,2.1948,2.1948,2.1948,2.1948,2.1948,2.1948,2.1948,2.1948,2.1948,2.1948,2.1948,2.1948,2.1948,2.1948,2.1948,2.1948,2.1948
1.536,1.6427,1.771,1.9281,2.0896,2.1977,2.1977,2.1977,2.1977,2.1977,1.9056,2.1977,2.1977,2.1977,2.1977,2.1977,2.1977,2.1977,2.1977,2.1977,2.1977,2.1977,2.1977,2.1977,2.1977
2.2007,2.2007,2.2007,2.2007,2.2007,2.2007,2.1655,2.0905,2.0155,1.9404,1.8653,1.7818,1.6926,0.8026,2.2007,2.2007,2.2007,2.2007,2.2007,2.2007,2.2007,2.2007,2.2007,2.2007,2.2007
0.6244,0.6678,0.72,0.7838,0.8495,0.9204,0.9912,1.0627,1.1342,1.2058,1.2774,1.357,1.442,0.8891,2.2036,2.2036,2.2036,2.2036,2.2036,2.2036,2.2036,2.2036,2.2036,2.2036,2.2036
2.2066,2.2066,2.2066,2.2066,2.2066,2.2066,2.2066,2.2066,2.2066,2.2066,2.0123,2.2066,2.2066,2.2066,2.2066,2.2066,2.2066,2.2066,2.2066,2.2066,2.2066,2.2066,2.2066,2.2066,2.2066
2.2096,2.2096,2.2096,2.2096,2.2096,2.2096,2.2096,2.2096,2.2096,2.2096,2.2096,2.2096,2.2096,2.2096,2.2096,2.2096,2.2096,2.2096,2.2096,2.2096,2.2096,2.2096,2.2096,2.2096,2.2096
0.7198,0.7698,0.8299,0.9036,0.9793,1.0609,1.1426,1.2251,1.3075,1.39,1.4725,1.5642,0.7817,2.2126,2.2126,2.2126,2.2126,2.2126,2.2126,2.2126,2.2126,2.2126,2.2126,2.2126,2.2126
2.2156,2.2156,2.2156,2.1696,2.1069,2.0392,1.9715,1.9032,1.8349,1.7666,1.6982,1.6222,1.541,2.2156,2.2156,2.2156,2.2156,2.2156,2.2156,2.2156,2.2156,2.2156,2.2156,2.2156,2.2156
0.9235,0.9877,1.0648,1.1592,1.2564,1.3612,1.466,1.5717,1.6775,1.7833,1.8892,2.0069,2.1326,2.2186,1.2838,2.2186,2.2186,2.2186,2.2186,2.2186,2.2186,2.2186,2.2186,2.2186,2.2186
2.2216,2.2216,2.2216,2.2216,2.2216,2.2216,2.2216,2.2216,2.2216,2.2216,2.2216,2.2216,2.2216,2.2216,2.2216,2.2216,2.2216,2.2216,2.2216,2.2216,2.2216,2.2216,2.2216,2.2216,2.2216
2.2246,2.2246,2.2246,2.2246,2.2246,2.2246,2.2246,2.2246,2.2246,2.2246,2.2246,2.2246,2.1396,2.0274,1.3992,2.2246,2.2246,2.2246,2.2246,2.2246,2.2246,2.2246,2.2246,2.2246,2.2246
0.5879,0.6288,0.6779,0.738,0.7998,0.8666,0.9333,1.0006,1.0679,1.1353,1.2027,1.2776,1.3577,2.2276,2.2276,2.2276,2.2276,2.2276,2.2276,2.2276,2.2276,2.2276,2.2276,2.2276,2.2276
2.2306,2.2306,2.2306,2.2306,2.2306,2.2306,2.2306,2.2306,2.2306,2.2306,2.1886,1.5695,2.2306,2.2306,2.2306,2.2306,2.2306,2.2306,2.2306,2.2306,2.2306,2.2306,2.2306,2.2306,2.2306
2.2337,2.2337,2.2337,2.2337,2.2337,2.2337,2.2337,2.2337,2.2337,2.2337,2.2337,2.2337,2.2337,2.2337,2.2337,2.2337,2.2337,2.2337,2.2337,2.2337,2.2337,2.2337,2.2337,2.2337,2.2337
1.0138,1.0842,1.1689,1.2725,1.3792,1.4942,1.6093,1.7254,1.8414,1.9576,2.0738,1.2382,2.2367,2.2367,2.2367,2.2367,2.2367,2.2367,2.2367,2.2367,2.2367,2.2367,2.2367,2.2367,2.2367
2.2398,2.2398,2.2356,2.1744,2.1116,2.0438,1.9759,1.9075,1.839,1.7705,1.702,1.6258,1.5444,1.2587,2.2398,2.2398,2.2398,2.2398,2.2398,2.2398,2.2398,2.2398,2.2398,2.2398,2.2398
0.6751,0.722,0.7783,0.8474,0.9184,0.995,1.0716,1.1489,1.2262,1.3036,1.381,1.467,1.5589,1.6503,1.9392,2.2428,2.2428,2.2428,2.2428,2.2428,2.2428,2.2428,2.2428,2.2428,2.2428
2.2459,2.2459,2.2459,2.2459,2.2459,2.2459,2.2459,2.2459,2.2459,2.2459,2.2459,2.2459,2.2459,2.2459,2.2459,2.2459,2.2459,2.2459,2.2459,2.2459,2.2459,2.2459,2.2459,2.2459,2.2459
2.249,2.249,2.249,2.249,2.249,2.249,2.249,2.249,2.249,2.249,2.249,2.249,2.249,2.249,2.249,1.8594,2.249,2.249,2.249,2.249,2.249,2.249,2.249,2.249,2.249
0.6278,0.6714,0.7238,0.788,0.854,0.9253,0.9965,1.0684,1.1403,1.2123,1.2842,1.3642,0.7856,2.2521,2.2521,2.2521,2.2521,2.2521,2.2521,2.2521,2.2521,2.2521,2.2521,2.2521,2.2521
2.2552,2.2552,2.2552,2.2481,2.1831,2.113,2.0428,1.972,1.9013,1.8304,1.7596,1.6808,0.8623,2.2552,2.2552,2.2552,2.2552,2.2552,2.2552,2.2552,2.2552,2.2552,2.2552,2.2552,2.2552
1.2623,1.35,1.4554,1.5845,1.7172,1.8605,2.0038,2.1483,2.2583,2.2583,2.2583,2.2583,2.2583,2.2583,2.2583,1.8855,2.2583,2.2583,2.2583,2.2583,2.2583,2.2583,2.2583,2.2583,2.2583
2.2091,2.2614,2.2614,2.2614,2.2614,2.2614,2.2614,2.2614,2.2614,2.2614,1.8169,2.2614,2.2614,2.2614,2.2614,2.2614,2.2614,2.2614,2.2614,2.2614,2.2614,2.2614,2.2614,2.2614,2.2614
2.2645,2.2645,2.2645,2.2645,2.2645,2.2645,2.2595,2.1812,2.103,2.0246,1.9463,1.8592,1.7661,1.6736,1.8077,2.2645,2.2645,2.2645,2.2645,2.2645,2.2645,2.2645,2.2645,2.2645,2.2645
0.586,0.6267,0.6757,0.7356,0.7972,0.8637,0.9302,0.9973,1.0645,1.1316,1.1988,1.2735,1.3532,1.4967,2.2677,2.2677,2.2677,2.2677,2.2677,2.2677,2.2677,2.2677,2.2677,2.2677,2.2677
2.2708,2.2708,2.2708,2.2708,2.2708,2.2708,2.2708,2.2708,2.2708,2.2708,2.1341,1.4211,2.2708,2.2708,2.2708,2.2708,2.2708,2.2708,2.2708,2.2708,2.2708,2.2708,2.2708,2.2708,2.2708
2.274,2.274,2.274,2.274,2.274,2.274,2.274,2.274,2.274,2.274,2.274,2.274,2.274,2.274,2.274,2.274,2.274,2.274,2.274,2.274,2.274,2.274,2.274,2.274,2.274
0.7774,0.8314,0.8964,0.9759,1.0576,1.1459,1.2341,1.3231,1.4122,1.5013,1.5904,1.474,2.2771,2.2771,2.2771,2.2771,2.2771,2.2771,2.2771,2.2771,2.2771,2.2771,2.2771,2.2771,2.2771
2.2333,2.1934,2.1455,2.0868,2.0265,1.9614,1.8963,1.8306,1.7649,1.6992,1.6334,1.5603,1.4822,2.2803,2.2803,2.2803,2.2803,2.2803,2.2803,2.2803,2.2803,2.2803,2.2803,2.2803,2.2803
0.7786,0.8327,0.8977,0.9774,1.0593,1.1476,1.236,1.3251,1.4143,1.5035,1.5928,1.692,1.798,1.9034,1.4159,2.2835,2.2835,2.2835,2.2835,2.2835,2.2835,2.2835,2.2835,2.2835,2.2835
2.2867,2.2867,2.2867,2.2867,2.2867,2.2867,2.2867,2.2867,2.2867,2.2867,2.2867,2.2867,2.2867,2.2867,2.2867,2.2867,2.2867,2.2867,2.2867,2.2867,2.2867,2.2867,2.2867,2.2867,2.2867
2.2899,2.2899,2.2899,2.2899,2.2899,2.2899,2.2899,2.2899,2.2899,2.2899,2.2899,2.2899,2.2899,2.2899,1.2071,2.0861,2.2899,2.2899,2.2899,2.2899,2.2899,2.2899,2.2899,2.2899,2.2899
0.5793,0.6195,0.6679,0.7271,0.788,0.8538,0.9195,0.9858,1.0522,1.1185,1.1849,1.2588,1.3376,2.2931,2.2931,2.2931,2.2931,2.2931,2.2931,2.2931,2.2931,2.2931,2.2931,2.2931,2.2931
2.2963,2.2963,2.2963,2.2963,2.2963,2.2963,2.2358,2.1583,2.0809,2.0033,1.9258,1.829,2.2963,2.2963,2.2963,2.2963,2.2963,2.2963,2.2963,2.2963,2.2963,2.2963,2.2963,2.2963,2.2963
2.2112,2.2995,2.2995,2.2995,2.2995,2.2995,2.2995,2.2995,2.2995,2.2995,2.2995,2.2995,2.2995,2.2995,2.2995,2.2995,2.2995,2.2995,2.2995,2.2995,2.2995,2.2995,2.2995,2.2995,2.2995
1.2277,1.313,1.4155,1.5411,1.6702,1.8095,1.9489,2.0895,2.2301,2.3027,1.8886,1.1662,2.3027,2.3027,2.3027,2.3027,2.3027,2.3027,2.3027,2.3027,2.3027,2.3027,2.3027,2.3027,2.3027
2.306,2.306,2.2581,2.1963,2.1328,2.0643,1.9958,1.9266,1.8575,1.7883,1.7191,1.6422,1.56,0.7624,2.306,2.306,2.306,2.306,2.306,2.306,2.306,2.306,2.306,2.306,2.306
0.6139,0.6565,0.7078,0.7706,0.8351,0.9048,0.9745,1.0448,1.115,1.1854,1.2558,1.334,1.4175,0.7498,2.3092,2.3092,2.3092,2.3092,2.3092,2.3092,2.3092,2.3092,2.3092,2.3092,2.3092
2.3125,2.3125,2.3125,2.3125,2.3125,2.3125,2.3125,2.3125,2.3125,2.3125,2.3125,2.3125,2.3125,2.3125,2.3125,2.3125,2.3125,2.3125,2.3125,2.3125,2.3125,2.3125,2.3125,2.3125,2.3125
2.3158,2.3158,2.3158,2.3158,2.3158,2.3158,2.3158,2.3158,2.3158,2.3158,2.3158,2.3158,2.3158,2.3158,2.3158,2.3158,2.3158,2.3158,2.3158,2.3158,2.3158,2.3158,2.3158,2.3158,2.3158
0.6518,0.6971,0.7515,0.8182,0.8867,0.9607,1.0347,1.1093,1.1839,1.2586,1.3333,1.4164,0.7078,2.319,2.319,2.319,2.319,2.319,2.319,2.319,2.319,2.319,2.319,2.319,2.319
2.249,2.2089,2.1606,2.1015,2.0408,1.9752,1.9097,1.8435,1.7773,1.7111,1.6449,1.5713,1.334,2.3223,2.3223,2.3223,2.3223,2.3223,2.3223,2.3223,2.3223,2.3223,2.3223,2.3223,2.3223
0.9826,1.0508,1.1329,1.2334,1.3367,1.4482,1.5597,1.6722,1.7847,1.8974,2.01,2.1352,2.2689,2.3256,2.3256,1.9882,2.3256,2.3256,2.3256,2.3256,2.3256,2.3256,2.3256,2.3256,2.3256
2.3289,2.3289,2.3289,2.3289,2.3289,2.3289,2.3289,2.3289,2.3289,2.3289,2.3289,2.3289,2.3289,2.3289,2.3289,2.3289,2.3289,2.3289,2.3289,2.3289,2.3289,2.3289,2.3289,2.3289,2.3289
2.3322,2.3322,2.3322,2.3322,2.3322,2.3322,2.3322,2.3322,2.256,2.1719,2.0879,1.9945,1.8946,1.7953,1.463,2.3322,2.3322,2.3322,2.3322,2.3322,2.3322,2.3322,2.3322,2.3322,2.3322
0.5616,0.6007,0.6476,0.705,0.7641,0.8278,0.8916,0.9559,1.0202,1.0845,1.1489,1.2205,1.2969,2.3356,2.3356,2.3356,2.3356,2.3356,2.3356,2.3356,2.3356,2.3356,2.3356,2.3356,2.3356
2.3389,2.3389,2.3389,2.3389,2.3389,2.3389,2.3389,2.3389,2.3389,2.3389,2.2562,1.3703,2.3389,2.3389,2.3389,2.3389,2.3389,2.3389,2.3389,2.3389,2.3389,2.3389,2.3389,2.3389,2.3389
2.3422,2.3422,2.3422,2.3422,2.3422,2.3422,2.3422,2.3422,2.3422,2.3422,2.3422,2.3422,2.3422,2.3422,2.3422,2.3422,2.3422,2.3422,2.3422,2.3422,2.3422,2.3422,2.3422,2.3422,2.3422
0.8701,0.9305,1.0032,1.0922,1.1837,1.2824,1.3812,1.4808,1.5804,1.6801,1.7799,1.2611,2.3456,2.3456,2.3456,2.3456,2.3456,2.3456,2.3456,2.3456,2.3456,2.3456,2.3456,2.3456,2.3456
2.1923,2.1532,2.1062,2.0486,1.9893,1.9254,1.8615,1.797,1.7325,1.668,1.6034,1.5317,1.455,1.9504,2.349,2.349,2.349,2.349,2.349,2.349,2.349,2.349,2.349,2.349,2.349
0.6804,0.7277,0.7845,0.8541,0.9256,1.0028,1.0801,1.158,1.2359,1.3139,1.3919,1.4786,1.5712,1.6633,1.6286,2.3523,2.3523,2.3523,2.3523,2.3523,2.3523,2.3523,2.3523,2.3523,2.3523
2.3557,2.3557,2.3557,2.3557,2.3557,2.3557,2.3557,2.3557,2.3557,2.3557,2.3557,2.3557,2.3557,2.3557,2.3557,2.3557,2.3557,2.3557,2.3557,2.3557,2.3557,2.3557,2.3557,2.3557,2.3557
2.3591,2.3591,2.3591,2.3591,2.3591,2.3591,2.3591,2.3591,2.3591,2.3591,2.3591,2.3591,2.3591,2.3591,1.2149,1.8567,2.3591,2.3591,2.3591,2.3591,2.3591,2.3591,2.3591,2.3591,2.3591
0.5827,0.6232,0.6719,0.7315,0.7928,0.8589,0.925,0.9917,1.0585,1.1253,1.1921,1.2663,0.9449,2.3625,2.3625,2.3625,2.3625,2.3625,2.3625,2.3625,2.3625,2.3625,2.3625,2.3625,2.3625
2.3659,2.3395,2.2884,2.2258,2.1615,2.0921,2.0226,1.9525,1.8825,1.8123,1.7422,1.6642,0.8325,2.3659,2.3659,2.3659,2.3659,2.3659,2.3659,2.3659,2.3659,2.3659,2.3659,2.3659,2.3659
1.4435,1.5438,1.6643,1.812,1.9638,2.1276,2.2914,2.3693,2.3693,2.3693,2.3693,2.3693,2.3693,2.3693,2.3693,2.3693,2.3693,2.3693,2.3693,2.3693,2.3693,2.3693,2.3693,2.3693,2.3693
1.6251,1.738,1.8737,2.0399,2.2108,2.3728,2.3728,2.3728,2.3728,2.3728,1.7341,2.3728,2.3728,2.3728,2.3728,2.3728,2.3728,2.3728,2.3728,2.3728,2.3728,2.3728,2.3728,2.3728,2.3728
2.3762,2.3762,2.333,2.2692,2.2036,2.1329,2.062,1.9906,1.9192,1.8477,1.7762,1.6967,1.6118,0.7642,1.9977,2.3762,2.3762,2.3762,2.3762,2.3762,2.3762,2.3762,2.3762,2.3762,2.3762
0.5714,0.6111,0.6588,0.7173,0.7774,0.8422,0.9071,0.9725,1.0379,1.1034,1.1689,1.2417,1.3195,0.9833,2.3797,2.3797,2.3797,2.3797,2.3797,2.3797,2.3797,2.3797,2.3797,2.3797,2.3797
2.3831,2.3831,2.3831,2.3831,2.3831,2.3831,2.3831,2.3831,2.3831,2.3831,1.9285,2.3831,2.3831,2.3831,2.3831,2.3831,2.3831,2.3831,2.3831,2.3831,2.3831,2.3831,2.3831,2.3831,2.3831
2.3866,2.3866,2.3866,2.3866,2.3866,2.3866,2.3866,2.3866,2.3866,2.3866,2.3866,2.3866,2.3866,2.3866,2.3866,2.3866,2.3866,2.3866,2.3866,2.3866,2.3866,2.3866,2.3866,2.3866,2.3866
0.6947,0.743,0.801,0.8721,0.9451,1.0239,1.1028,1.1824,1.2619,1.3415,1.4212,1.5097,2.3901,2.3901,2.3901,2.3901,2.3901,2.3901,2.3901,2.3901,2.3901,2.3901,2.3901,2.3901,2.3901
2.1472,2.1089,2.0628,2.0064,1.9484,1.8858,1.8232,1.7601,1.6969,1.6337,1.5705,1.5002,1.4251,2.3936,2.3936,2.3936,2.3936,2.3936,2.3936,2.3936,2.3936,2.3936,2.3936,2.3936,2.3936
0.8104,0.8667,0.9344,1.0172,1.1025,1.1944,1.2864,1.3792,1.472,1.5649,1.6578,1.761,1.8714,1.9811,1.2489,2.1583,2.3971,2.3971,2.3971,2.3971,2.3971,2.3971,2.3971,2.3971,2.3971
2.4006,2.4006,2.4006,2.4006,2.4006,2.4006,2.4006,2.4006,2.4006,2.4006,2.4006,2.4006,2.4006,2.4006,2.4006,2.4006,2.4006,2.4006,2.4006,2.4006,2.4006,2.4006,2.4006,2.4006,2.4006
2.4041,2.4041,2.4041,2.4041,2.4041,2.4041,2.4041,2.4041,2.4041,2.4041,2.3149,2.2113,2.1006,1.9905,1.2401,2.1431,2.4041,2.4041,2.4041,2.4041,2.4041,2.4041,2.4041,2.4041,2.4041
0.5493,0.5874,0.6333,0.6895,0.7472,0.8095,0.8719,0.9348,0.9977,1.0606,1.1236,1.1936,1.2683,2.4076,2.4076,2.4076,2.4076,2.4076,2.4076,2.4076,2.4076,2.4076,2.4076,2.4076,2.4076
2.4112,2.4112,2.4112,2.4112,2.4112,2.3493,2.2713,2.1926,2.1139,2.0352,1.9564,1.5578,2.4112,2.4112,2.4112,2.4112,2.4112,2.4112,2.4112,2.4112,2.4112,2.4112,2.4112,2.4112,2.4112
2.4147,2.4147,2.4147,2.4147,2.4147,2.4147,2.4147,2.4147,2.4147,2.4147,2.4147,2.4147,2.4147,2.4147,2.4147,2.4147,2.4147,2.4147,2.4147,2.4147,2.4147,2.4147,2.4147,2.4147,2.4147
1.0198,1.0906,1.1758,1.2801,1.3873,1.5031,1.6188,1.7356,1.8524,1.9692,1.8998,1.1151,2.4183,2.4183,2.4183,2.4183,2.4183,2.4183,2.4183,2.4183,2.4183,2.4183,2.4183,2.4183,2.4183
2.1965,2.1573,2.1101,2.0524,1.9931,1.9291,1.865,1.8004,1.7358,1.6711,1.6065,1.5346,1.4578,0.9512,2.4219,2.4219,2.4219,2.4219,2.4219,2.4219,2.4219,2.4219,2.4219,2.4219,2.4219
0.6121,0.6546,0.7057,0.7683,0.8326,0.9021,0.9716,1.0416,1.1117,1.1819,1.252,1.33,1.4133,0.7476,1.9848,2.4255,2.4255,2.4255,2.4255,2.4255,2.4255,2.4255,2.4255,2.4255,2.4255
2.4291,2.4291,2.4291,2.4291,2.4291,2.4291,2.4291,2.4291,2.4291,2.4291,2.4291,2.4291,2.4291,2.4291,2.4291,2.4291,2.4291,2.4291,2.4291,2.4291,2.4291,2.4291,2.4291,2.4291,2.4291
2.4327,2.4327,2.4327,2.4327,2.4327,2.4327,2.4327,2.4327,2.4327,2.4327,2.4327,2.4327,2.4327,2.4327,2.4327,1.6962,2.4135,2.4327,2.4327,2.4327,2.4327,2.4327,2.4327,2.4327,2.4327
0.5992,0.6408,0.6908,0.7521,0.8151,0.8831,0.9511,1.0197,1.0884,1.157,1.2257,1.3021,0.6527,2.4363,2.4363,2.4363,2.4363,2.4363,2.4363,2.4363,2.4363,2.4363,2.4363,2.4363,2.4363
2.2072,2.1678,2.1204,2.0624,2.0028,1.9385,1.8741,1.8092,1.7443,1.6793,1.6143,1.5421,0.9361,2.4399,2.4399,2.4399,2.4399,2.4399,2.4399,2.4399,2.4399,2.4399,2.4399,2.4399,2.4399
1.0738,1.1484,1.2381,1.3479,1.4609,1.5827,1.7046,1.8276,1.9505,2.0736,2.1967,2.3335,2.4435,2.4435,2.4435,1.8106,2.4435,2.4435,2.4435,2.4435,2.4435,2.4435,2.4435,2.4435,2.4435
2.4472,2.4472,2.4472,2.4472,2.4472,2.4472,2.4472,2.4472,2.4472,2.3014,2.4472,2.4472,2.4472,2.4472,2.4472,2.4472,2.4472,2.4472,2.4472,2.4472,2.4472,2.4472,2.4472,2.4472,2.4472
2.4509,2.4509,2.4509,2.4038,2.3343,2.2593,2.1843,2.1086,2.033,1.9572,1.8815,1.7973,1.7073,1.6179,1.5646,2.4509,2.4509,2.4509,2.4509,2.4509,2.4509,2.4509,2.4509,2.4509,2.4509
0.5433,0.5811,0.6265,0.682,0.7392,0.8008,0.8625,0.9247,0.9869,1.0492,1.1115,1.1807,1.2547,1.9593,2.4545,2.4545,2.4545,2.4545,2.4545,2.4545,2.4545,2.4545,2.4545,2.4545,2.4545
2.4582,2.4582,2.4582,2.4582,2.4582,2.4582,2.4582,2.4582,2.4582,2.4582,2.0785,1.2465,2.4582,2.4582,2.4582,2.4582,2.4582,2.4582,2.4582,2.4582,2.4582,2.4582,2.4582,2.4582,2.4582
2.4619,2.4619,2.4619,2.4619,2.4619,2.4619,2.4619,2.4619,2.4619,2.4619,2.4619,2.4619,2.4619,2.4619,2.4619,2.4619,2.4619,2.4619,2.4619,2.4619,2.4619,2.4619,2.4619,2.4619,2.4619
0.7636,0.8167,0.8804,0.9585,1.0388,1.1255,1.2122,1.2996,1.387,1.4746,1.5621,1.307,2.4656,2.4656,2.4656,2.4656,2.4656,2.4656,2.4656,2.4656,2.4656,2.4656,2.4656,2.4656,2.4656
2.0916,2.0543,2.0094,1.9544,1.8979,1.837,1.776,1.7145,1.6529,1.5914,1.5298,1.4613,1.3882,2.4693,2.4693,2.4693,2.4693,2.4693,2.4693,2.4693,2.4693,2.4693,2.4693,2.4693,2.4693
0.6967,0.7451,0.8033,0.8746,0.9478,1.0269,1.106,1.1857,1.2655,1.3454,1.4252,1.514,1.6088,1.7032,1.4046,2.4274,2.4731,2.4731,2.4731,2.4731,2.4731,2.4731,2.4731,2.4731,2.4731
2.4768,2.4768,2.4768,2.4768,2.4768,2.4768,2.4768,2.4768,2.4768,2.4768,2.4768,2.4768,2.4768,2.4768,2.4768,2.4768,2.4768,2.4768,2.4768,2.4768,2.4768,2.4768,2.4768,2.4768,2.4768
2.4805,2.4805,2.4805,2.4805,2.4805,2.4805,2.4805,2.4805,2.4805,2.4805,2.4805,2.4805,2.4288,2.3015,1.0887,1.8814,2.4805,2.4805,2.4805,2.4805,2.4805,2.4805,2.4805,2.4805,2.4805
0.548,0.5861,0.6318,0.6879,0.7455,0.8077,0.8699,0.9327,0.9954,1.0582,1.121,1.1909,1.2353,2.4843,2.4843,2.4843,2.4843,2.4843,2.4843,2.4843,2.4843,2.4843,2.4843,2.4843,2.4843
2.3913,2.3486,2.2973,2.2345,2.1699,2.1002,2.0305,1.9601,1.8898,1.8194,1.749,1.6707,2.4881,2.4881,2.4881,2.4881,2.4881,2.4881,2.4881,2.4881,2.4881,2.4881,2.4881,2.4881,2.4881
1.7403,1.8612,2.0065,2.1845,2.3675,2.4919,2.4919,2.4919,2.4919,2.4919,2.4919,2.4919,2.4919,2.4919,2.4919,2.4919,2.4919,2.4919,2.4919,2.4919,2.4919,2.4919,2.4919,2.4919,2.4919
1.277,1.3657,1.4724,1.603,1.7373,1.8822,2.0271,2.1734,2.3196,2.4397,1.7261,2.4957,2.4957,2.4957,2.4957,2.4957,2.4957,2.4957,2.4957,2.4957,2.4957,2.4957,2.4957,2.4957,2.4957
2.2477,2.2076,2.1594,2.1003,2.0396,1.9741,1.9086,1.8424,1.7763,1.7101,1.644,1.5704,1.4918,0.7073,2.2924,2.4995,2.4995,2.4995,2.4995,2.4995,2.4995,2.4995,2.4995,2.4995,2.4995
0.5643,0.6035,0.6506,0.7084,0.7677,0.8317,0.8958,0.9604,1.025,1.0897,1.1544,1.2263,1.3031,0.7242,2.5033,2.5033,2.5033,2.5033,2.5033,2.5033,2.5033,2.5033,2.5033,2.5033,2.5033
2.5071,2.5071,2.5071,2.5071,2.5071,2.5071,2.5071,2.5071,2.5071,2.5005,1.8443,2.5071,2.5071,2.5071,2.5071,2.5071,2.5071,2.5071,2.5071,2.5071,2.5071,2.5071,2.5071,2.5071,2.5071
2.511,2.511,2.511,2.511,2.511,2.511,2.511,2.511,2.511,2.511,2.511,2.511,2.511,2.511,2.511,2.511,2.2558,2.511,2.511,2.511,2.511,2.511,2.511,2.511,2.511
0.631,0.6748,0.7275,0.792,0.8584,0.9299,1.0016,1.0738,1.1461,1.2184,1.2907,1.3711,0.6852,2.5148,2.5148,2.5148,2.5148,2.5148,2.5148,2.5148,2.5148,2.5148,2.5148,2.5148,2.5148
2.0897,2.0524,2.0075,1.9526,1.8962,1.8353,1.7744,1.7129,1.6514,1.5899,1.5284,1.46,1.3869,2.5187,2.5187,2.5187,2.5187,2.5187,2.5187,2.5187,2.5187,2.5187,2.5187,2.5187,2.5187
0.8606,0.9204,0.9923,1.0803,1.1708,1.2685,1.3662,1.4647,1.5633,1.6619,1.7606,1.8702,1.9874,2.1039,1.1672,1.9381,2.5226,2.5226,2.5226,2.5226,2.5226,2.5226,2.5226,2.5226,2.5226
2.5264,2.5264,2.5264,2.5264,2.5264,2.5264,2.5264,2.5264,2.5264,2.5264,2.5264,2.5264,2.5264,2.5264,2.5264,2.5264,2.5264,2.5264,2.5264,2.5264,2.5264,2.5264,2.5264,2.5264,2.5264
2.5303,2.5303,2.5303,2.5303,2.5303,2.4634,2.3816,2.2991,2.2166,2.134,2.0514,1.9596,1.8615,1.764,1.2968,2.241,2.5303,2.5303,2.5303,2.5303,2.5303,2.5303,2.5303,2.5303,2.5303
0.5271,0.5637,0.6077,0.6617,0.7171,0.7769,0.8367,0.8971,0.9575,1.0179,1.0783,1.1454,1.2172,2.5343,2.5343,2.5343,2.5343,2.5343,2.5343,2.5343,2.5343,2.5343,2.5343,2.5343,2.5343
2.5382,2.5382,2.5382,2.5382,2.5055,2.425,2.3445,2.2632,2.182,2.1007,2.0194,1.3587,2.5382,2.5382,2.5382,2.5382,2.5382,2.5382,2.5382,2.5382,2.5382,2.5382,2.5382,2.5382,2.5382
2.5421,2.5421,2.5421,2.5421,2.5421,2.5421,2.5421,2.5421,2.5421,2.5421,2.5421,2.5421,2.5421,2.5421,2.5421,2.5421,2.5421,2.5421,2.5421,2.5421,2.5421,2.5421,2.5421,2.5421,2.5421
0.8722,0.9328,1.0056,1.0948,1.1865,1.2855,1.3845,1.4843,1.5842,1.6842,1.7841,1.1383,2.5461,2.5461,2.5461,2.5461,2.5461,2.5461,2.5461,2.5461,2.5461,2.5461,2.5461,2.5461,2.5461
2.0781,2.041,1.9964,1.9418,1.8857,1.8251,1.7645,1.7034,1.6423,1.5811,1.5199,1.4519,1.3792,1.3241,2.55,2.55,2.55,2.55,2.55,2.55,2.55,2.55,2.55,2.55,2.55
0.6186,0.6616,0.7133,0.7765,0.8416,0.9118,0.982,1.0528,1.1237,1.1946,1.2655,1.3443,1.4285,1.5123,1.6547,2.554,2.554,2.554,2.554,2.554,2.554,2.554,2.554,2.554,2.554
2.558,2.558,2.558,2.558,2.558,2.558,2.558,2.558,2.558,2.558,2.558,2.558,2.558,2.558,2.558,2.558,2.558,2.558,2.558,2.558,2.558,2.558,2.558,2.558,2.558
2.562,2.562,2.562,2.562,2.562,2.562,2.562,2.562,2.562,2.562,2.562,2.562,2.562,2.562,2.562,1.6992,2.4178,2.562,2.562,2.562,2.562,2.562,2.562,2.562,2.562
0.5582,0.5969,0.6435,0.7006,0.7593,0.8227,0.886,0.9499,1.0139,1.0778,1.1418,1.2129,0.7666,2.566,2.566,2.566,2.566,2.566,2.566,2.566,2.566,2.566,2.566,2.566,2.566
2.1931,2.1539,2.1069,2.0493,1.99,1.9261,1.8622,1.7976,1.7331,1.6686,1.604,1.5322,0.7664,2.57,2.57,2.57,2.57,2.57,2.57,2.57,2.57,2.57,2.57,2.57,2.57
1.2119,1.2961,1.3973,1.5212,1.6487,1.7862,1.9237,2.0625,2.2013,2.3401,2.4791,2.5741,2.5741,2.5741,2.5741,1.7447,2.3794,2.5741,2.5741,2.5741,2.5741,2.5741,2.5741,2.5741,2.5741
1.7843,1.9082,2.0572,2.2397,2.4274,2.5781,2.5781,2.5781,2.5781,2.2693,1.6054,2.5781,2.5781,2.5781,2.5781,2.5781,2.5781,2.5781,2.5781,2.5781,2.5781,2.5781,2.5781,2.5781,2.5781
2.3534,2.3114,2.2609,2.1991,2.1355,2.0669,1.9983,1.9291,1.8598,1.7905,1.7212,1.6442,1.5619,1.4801,1.7163,2.5822,2.5822,2.5822,2.5822,2.5822,2.5822,2.5822,2.5822,2.5822,2.5822
0.5318,0.5688,0.6132,0.6676,0.7235,0.7839,0.8442,0.9051,0.966,1.027,1.088,1.1557,1.2281,1.1484,2.5863,2.5863,2.5863,2.5863,2.5863,2.5863,2.5863,2.5863,2.5863,2.5863,2.5863
2.5904,2.5904,2.5904,2.5904,2.5904,2.5904,2.5904,2.5904,2.5904,2.5904,1.8813,2.5904,2.5904,2.5904,2.5904,2.5904,2.5904,2.5904,2.5904,2.5904,2.5904,2.5904,2.5904,2.5904,2.5904
2.5945,2.5945,2.5945,2.5945,2.5945,2.5945,2.5945,2.5945,2.5945,2.5945,2.5945,2.5945,2.5945,2.5945,2.5945,2.5945,2.5945,2.5945,2.5945,2.5945,2.5945,2.5945,2.5945,2.5945,2.5945
0.6827,0.7302,0.7872,0.857,0.9288,1.0063,1.0838,1.1619,1.2401,1.3184,1.3966,1.3795,2.5986,2.5986,2.5986,2.5986,2.5986,2.5986,2.5986,2.5986,2.5986,2.5986,2.5986,2.5986,2.5986
2.0186,1.9826,1.9393,1.8863,1.8317,1.7729,1.714,1.6547,1.5953,1.5359,1.4764,1.4103,1.3398,2.6027,2.6027,2.6027,2.6027,2.6027,2.6027,2.6027,2.6027,2.6027,2.6027,2.6027,2.6027
0.7251,0.7755,0.836,0.9102,0.9864,1.0687,1.151,1.234,1.3171,1.4001,1.4833,1.5757,1.6744,1.7725,1.2378,2.1391,2.6068,2.6068,2.6068,2.6068,2.6068,2.6068,2.6068,2.6068,2.6068
2.611,2.611,2.611,2.611,2.611,2.611,2.611,2.611,2.611,2.611,2.611,2.611,2.611,2.611,2.611,2.611,2.611,2.611,2.611,2.611,2.611,2.611,2.611,2.611,2.611
2.6152,2.6152,2.6152,2.6152,2.6152,2.6152,2.6152,2.5969,2.5037,2.4104,2.3172,2.2135,2.1027,1.9925,1.1195,1.9347,2.6152,2.6152,2.6152,2.6152,2.6152,2.6152,2.6152,2.6152,2.6152
0.5215,0.5577,0.6012,0.6546,0.7094,0.7686,0.8278,0.8875,0.9472,1.007,1.0667,1.1332,1.2042,2.6193,2.6193,2.6193,2.6193,2.6193,2.6193,2.6193,2.6193,2.6193,2.6193,2.6193,2.6193
2.4335,2.3901,2.3379,2.2739,2.2082,2.1373,2.0663,1.9947,1.9231,1.8515,1.7798,1.5782,2.6235,2.6235,2.6235,2.6235,2.6235,2.6235,2.6235,2.6235,2.6235,2.6235,2.6235,2.6235,2.6235
2.2726,2.4304,2.6202,2.6277,2.6277,2.6277,2.6277,2.6277,2.6277,2.6277,2.6277,2.6277,2.6277,2.6277,2.6277,2.6277,2.6277,2.6277,2.6277,2.6277,2.6277,2.6277,2.6277,2.6277,2.6277
1.0491,1.122,1.2096,1.3169,1.4273,1.5463,1.6654,1.7855,1.9057,2.0259,1.7402,1.0214,2.632,2.632,2.632,2.632,2.632,2.632,2.632,2.632,2.632,2.632,2.632,2.632,2.632
2.1067,2.0691,2.0239,1.9685,1.9116,1.8502,1.7888,1.7268,1.6649,1.6028,1.5408,1.4718,1.3982,0.7571,2.6362,2.6362,2.6362,2.6362,2.6362,2.6362,2.6362,2.6362,2.6362,2.6362,2.6362
0.5641,0.6033,0.6504,0.7081,0.7674,0.8314,0.8955,0.9601,1.0247,1.0893,1.154,1.2259,1.3026,0.689,2.0841,2.6405,2.6405,2.6405,2.6405,2.6405,2.6405,2.6405,2.6405,2.6405,2.6405
2.6447,2.6447,2.6447,2.6447,2.6447,2.6447,2.6447,2.6447,2.6447,2.3241,2.6447,2.6447,2.6447,2.6447,2.6447,2.6447,2.6447,2.6447,2.6447,2.6447,2.6447,2.6447,2.6447,2.6447,2.6447
2.649,2.649,2.649,2.649,2.649,2.649,2.649,2.649,2.649,2.649,2.649,2.649,2.649,2.649,2.649,1.5723,2.2372,2.649,2.649,2.649,2.649,2.649,2.649,2.649,2.649
0.5812,0.6215,0.6701,0.7295,0.7906,0.8566,0.9225,0.9891,1.0556,1.1222,1.1889,1.2629,0.6311,2.6533,2.6533,2.6533,2.6533,2.6533,2.6533,2.6533,2.6533,2.6533,2.6533,2.6533,2.6533
2.057,2.0203,1.9761,1.9221,1.8665,1.8066,1.7466,1.6861,1.6256,1.565,1.5045,1.4371,1.0608,2.6576,2.6576,2.6576,2.6576,2.6576,2.6576,2.6576,2.6576,2.6576,2.6576,2.6576,2.6576
0.9349,0.9998,1.0779,1.1735,1.2718,1.3779,1.484,1.5911,1.6981,1.8053,1.9124,2.0316,2.1588,2.2854,2.4114,1.7672,2.5146,2.6619,2.6619,2.6619,2.6619,2.6619,2.6619,2.6619,2.6619
2.6662,2.6662,2.6662,2.6662,2.6662,2.6662,2.6662,2.6662,2.6662,2.2323,2.6662,2.6662,2.6662,2.6662,2.6662,2.6662,2.6662,2.6662,2.6662,2.6662,2.6662,2.6662,2.6662,2.6662,2.6662
2.5284,2.4833,2.429,2.3626,2.2943,2.2206,2.1469,2.0725,1.9981,1.9237,1.8492,1.7665,1.6781,1.5901,1.3822,2.3886,2.6706,2.6706,2.6706,2.6706,2.6706,2.6706,2.6706,2.6706,2.6706
0.5115,0.547,0.5898,0.6421,0.6959,0.7539,0.812,0.8705,0.9291,0.9877,1.0464,1.1116,1.1812,2.6749,2.6749,2.6749,2.6749,2.6749,2.6749,2.6749,2.6749,2.6749,2.6749,2.6749,2.6749
2.6793,2.6793,2.6793,2.6793,2.6297,2.5453,2.4608,2.3755,2.2903,2.2049,2.059,1.2086,2.6793,2.6793,2.6793,2.6793,2.6793,2.6793,2.6793,2.6793,2.6793,2.6793,2.6793,2.6793,2.6793
2.6837,2.6837,2.6837,2.6837,2.6837,2.6837,2.6837,2.6837,2.6837,2.6837,2.6837,2.6837,2.6837,2.6837,2.6837,2.6837,2.6837,2.6837,2.6837,2.6837,2.6837,2.6837,2.6837,2.6837,2.6837
0.7634,0.8164,0.8802,0.9583,1.0385,1.1252,1.2118,1.2992,1.3866,1.4741,1.5616,1.1794,2.6881,2.6881,2.6881,2.6881,2.6881,2.6881,2.6881,2.6881,2.6881,2.6881,2.6881,2.6881,2.6881
1.9883,1.9529,1.9102,1.858,1.8043,1.7463,1.6883,1.6298,1.5713,1.5128,1.4543,1.3892,1.3196,2.3339,2.6925,2.6925,2.6925,2.6925,2.6925,2.6925,2.6925,2.6925,2.6925,2.6925,2.6925
0.6339,0.6779,0.7309,0.7957,0.8624,0.9343,1.0062,1.0788,1.1514,1.2241,1.2967,1.3775,1.4638,1.5496,1.4197,2.4534,2.697,2.697,2.697,2.697,2.697,2.697,2.697,2.697,2.697
2.7014,2.7014,2.7014,2.7014,2.7014,2.7014,2.7014,2.7014,2.7014,2.7014,2.7014,2.7014,2.7014,2.7014,2.7014,2.7014,2.7014,2.7014,2.7014,2.7014,2.7014,2.7014,2.7014,2.7014,2.7014
2.7059,2.7059,2.7059,2.7059,2.7059,2.7059,2.7059,2.7059,2.7059,2.7059,2.7059,2.6194,2.4883,2.3579,1.0501,1.7241,2.4532,2.7059,2.7059,2.7059,2.7059,2.7059,2.7059,2.7059,2.7059
0.5262,0.5627,0.6067,0.6605,0.7158,0.7755,0.8353,0.8955,0.9558,1.0161,1.0764,1.1434,0.9573,2.7103,2.7103,2.7103,2.7103,2.7103,2.7103,2.7103,2.7103,2.7103,2.7103,2.7103,2.7103
2.2055,2.1662,2.1188,2.0609,2.0013,1.937,1.8727,1.8078,1.743,1.678,1.6131,1.5409,0.7708,2.7148,2.7148,2.7148,2.7148,2.7148,2.7148,2.7148,2.7148,2.7148,2.7148,2.7148,2.7148
1.4256,1.5247,1.6437,1.7895,1.9395,2.1012,2.2631,2.4263,2.5896,2.7193,2.7193,2.7193,2.7193,2.7193,2.7193,2.7193,2.2251,2.7193,2.7193,2.7193,2.7193,2.7193,2.7193,2.7193,2.7193
1.3646,1.4594,1.5734,1.7129,1.8565,2.0113,2.1662,2.3224,2.4787,2.2635,1.6014,2.7239,2.7239,2.7239,2.7239,2.7239,2.7239,2.7239,2.7239,2.7239,2.7239,2.7239,2.7239,2.7239,2.7239
2.1817,2.1428,2.096,2.0386,1.9797,1.9161,1.8525,1.7883,1.7241,1.6599,1.5957,1.5243,1.448,0.6865,1.9416,2.7284,2.7284,2.7284,2.7284,2.7284,2.7284,2.7284,2.7284,2.7284,2.7284
0.5264,0.563,0.607,0.6608,0.7162,0.7759,0.8356,0.8959,0.9562,1.0165,1.0769,1.144,1.2156,0.803,2.7329,2.7329,2.7329,2.7329,2.7329,2.7329,2.7329,2.7329,2.7329,2.7329,2.7329
2.7375,2.7375,2.7375,2.7375,2.7375,2.7375,2.7375,2.7375,2.7375,2.4416,1.7274,2.7375,2.7375,2.7375,2.7375,2.7375,2.7375,2.7375,2.7375,2.7375,2.7375,2.7375,2.7375,2.7375,2.7375
2.7421,2.7421,2.7421,2.7421,2.7421,2.7421,2.7421,2.7421,2.7421,2.7421,2.7421,2.7421,2.7421,2.7421,2.7421,2.7421,2.7421,2.7421,2.7421,2.7421,2.7421,2.7421,2.7421,2.7421,2.7421
0.6202,0.6632,0.715,0.7785,0.8437,0.9141,0.9844,1.0555,1.1265,1.1975,1.2686,1.3477,2.7467,2.7467,2.7467,2.7467,2.7467,2.7467,2.7467,2.7467,2.7467,2.7467,2.7467,2.7467,2.7467
1.9694,1.9342,1.892,1.8402,1.787,1.7296,1.6722,1.6143,1.5563,1.4984,1.4404,1.3759,1.307,2.7513,2.7513,2.7513,2.7513,2.7513,2.7513,2.7513,2.7513,2.7513,2.7513,2.7513,2.7513
0.7678,0.8212,0.8853,0.9638,1.0446,1.1317,1.2189,1.3068,1.3947,1.4827,1.5707,1.6686,1.7731,1.8771,1.1104,1.919,2.7306,2.7559,2.7559,2.7559,2.7559,2.7559,2.7559,2.7559,2.7559
2.7606,2.7606,2.7606,2.7606,2.7606,2.7606,2.7606,2.7606,2.7606,2.7606,2.7606,2.7606,2.7606,2.7606,2.7606,2.7606,2.7606,2.7606,2.7606,2.7606,2.7606,2.7606,2.7606,2.7606,2.7606
2.7652,2.7508,2.6907,2.6172,2.5415,2.4599,2.3782,2.2958,2.2134,2.131,2.0485,1.9568,1.8589,1.7614,1.1691,2.0204,2.7652,2.7652,2.7652,2.7652,2.7652,2.7652,2.7652,2.7652,2.7652
0.5016,0.5365,0.5783,0.6297,0.6824,0.7393,0.7963,0.8537,0.9111,0.9686,1.0261,1.09,1.1583,2.7699,2.7699,2.7699,2.7699,2.7699,2.7699,2.7699,2.7699,2.7699,2.7699,2.7699,2.7699
2.5111,2.4663,2.4124,2.3465,2.2786,2.2054,2.1322,2.0584,1.9845,1.9106,1.8366,1.3704,2.7746,2.7746,2.7746,2.7746,2.7746,2.7746,2.7746,2.7746,2.7746,2.7746,2.7746,2.7746,2.7746
2.7793,2.7793,2.7793,2.7793,2.7793,2.7793,2.7793,2.7793,2.7793,2.7793,2.7793,2.7793,2.7793,2.7793,2.7793,2.7793,2.7793,2.7793,2.7793,2.7793,2.7793,2.7793,2.7793,2.7793,2.7793
0.8904,0.9523,1.0266,1.1177,1.2113,1.3124,1.4134,1.5154,1.6174,1.7194,1.7771,1.0431,2.784,2.784,2.784,2.784,2.784,2.784,2.784,2.784,2.784,2.784,2.784,2.784,2.784
1.997,1.9614,1.9186,1.8661,1.8121,1.7539,1.6957,1.637,1.5782,1.5194,1.4606,1.3953,1.3254,0.9871,2.7888,2.7888,2.7888,2.7888,2.7888,2.7888,2.7888,2.7888,2.7888,2.7888,2.7888
0.5707,0.6104,0.658,0.7164,0.7764,0.8412,0.906,0.9713,1.0367,1.1021,1.1675,1.2402,1.3179,0.6971,1.7156,2.7935,2.7935,2.7935,2.7935,2.7935,2.7935,2.7935,2.7935,2.7935,2.7935
2.7983,2.7983,2.7983,2.7983,2.7983,2.7983,2.7983,2.7983,2.7983,2.7983,2.7983,2.7983,2.7983,2.7983,2.7983,2.7983,2.7983,2.7983,2.7983,2.7983,2.7983,2.7983,2.7983,2.7983,2.7983
2.8031,2.8031,2.8031,2.8031,2.8031,2.8031,2.8031,2.8031,2.8031,2.8031,2.8031,2.8031,2.8031,2.8031,2.8031,1.5773,2.2443,2.8031,2.8031,2.8031,2.8031,2.8031,2.8031,2.8031,2.8031
0.5421,0.5797,0.625,0.6804,0.7374,0.7989,0.8605,0.9225,0.9846,1.0467,1.1089,1.1779,0.6424,2.8079,2.8079,2.8079,2.8079,2.8079,2.8079,2.8079,2.8079,2.8079,2.8079,2.8079,2.8079
2.0472,2.0107,1.9667,1.913,1.8576,1.798,1.7383,1.6781,1.6178,1.5576,1.4973,1.4303,0.7805,2.8127,2.8127,2.8127,2.8127,2.8127,2.8127,2.8127,2.8127,2.8127,2.8127,2.8127,2.8127
1.043,1.1155,1.2026,1.3093,1.419,1.5373,1.6557,1.7752,1.8946,2.0141,2.1337,2.2666,2.4086,2.5498,2.6903,1.6333,2.3241,2.8175,2.8175,2.8175,2.8175,2.8175,2.8175,2.8175,2.8175
2.0424,2.1843,2.3548,2.5637,2.7785,2.8224,2.8224,2.8224,2.7525,2.1295,2.8224,2.8224,2.8224,2.8224,2.8224,2.8224,2.8224,2.8224,2.8224,2.8224,2.8224,2.8224,2.8224,2.8224,2.8224
2.3131,2.2718,2.2222,2.1614,2.0989,2.0315,1.9641,1.896,1.828,1.7599,1.6918,1.6161,1.5352,1.4547,1.5055,2.6017,2.8273,2.8273,2.8273,2.8273,2.8273,2.8273,2.8273,2.8273,2.8273
0.5016,0.5365,0.5784,0.6297,0.6824,0.7393,0.7963,0.8537,0.9112,0.9687,1.0262,1.0901,1.1584,1.4428,2.8322,2.8322,2.8322,2.8322,2.8322,2.8322,2.8322,2.8322,2.8322,2.8322,2.8322
2.8371,2.8371,2.8371,2.8371,2.8111,2.7208,2.6304,2.5393,2.4482,2.357,1.8619,1.1909,2.8371,2.8371,2.8371,2.8371,2.8371,2.8371,2.8371,2.8371,2.8371,2.8371,2.8371,2.8371,2.8371
2.842,2.842,2.842,2.842,2.842,2.842,2.842,2.842,2.842,2.842,2.842,2.842,2.842,2.842,2.842,2.842,2.842,2.842,2.842,2.842,2.842,2.842,2.842,2.842,2.842
0.6811,0.7284,0.7852,0.8549,0.9265,1.0038,1.0811,1.1591,1.2371,1.3151,1.3932,1.2417,2.8469,2.8469,2.8469,2.8469,2.8469,2.8469,2.8469,2.8469,2.8469,2.8469,2.8469,2.8469,2.8469
1.9226,1.8882,1.847,1.7965,1.7446,1.6885,1.6325,1.5759,1.5193,1.4627,1.4061,1.3432,1.276,2.8519,2.8519,2.8519,2.8519,2.8519,2.8519,2.8519,2.8519,2.8519,2.8519,2.8519,2.8519
0.6589,0.7046,0.7596,0.827,0.8963,0.9711,1.0459,1.1213,1.1967,1.2723,1.3478,1.4317,1.5214,1.6106,1.2461,2.1534,2.8568,2.8568,2.8568,2.8568,2.8568,2.8568,2.8568,2.8568,2.8568
2.8618,2.8618,2.8618,2.8618,2.8618,2.8618,2.8618,2.8618,2.8618,2.8618,2.8618,2.8618,2.8618,2.8618,2.8618,2.8618,2.8618,2.8618,2.8618,2.8618,2.8618,2.8618,2.8618,2.8618,2.8618
2.8668,2.8668,2.8668,2.8668,2.8668,2.8321,2.7381,2.6432,2.5484,2.4534,2.3585,2.2529,2.1402,2.028,1.0255,1.7722,2.5218,2.8668,2.8668,2.8668,2.8668,2.8668,2.8668,2.8668,2.8668
0.5015,0.5363,0.5782,0.6295,0.6822,0.7391,0.796,0.8535,0.9109,0.9684,1.0258,1.0897,1.158,2.8719,2.8719,2.8719,2.8719,2.8719,2.8719,2.8719,2.8719,2.8719,2.8719,2.8719,2.8719
2.245,2.2049,2.1568,2.0978,2.0371,1.9717,1.9062,1.8402,1.7741,1.7081,1.642,1.5685,2.8769,2.8769,2.8769,2.8769,2.8769,2.8769,2.8769,2.8769,2.8769,2.8769,2.8769,2.8769,2.8769
1.7795,1.9031,2.0517,2.2337,2.4208,2.6227,2.8247,2.882,2.882,2.882,2.882,2.882,2.882,2.882,2.882,2.882,2.882,2.7299,2.882,2.882,2.882,2.882,2.882,2.882,2.882
1.1021,1.1787,1.2707,1.3835,1.4994,1.6244,1.7495,1.8757,2.0019,2.1282,1.6156,1.0469,2.887,2.887,2.887,2.887,2.887,2.887,2.887,2.887,2.887,2.887,2.887,2.887,2.887
2.0467,2.0102,1.9663,1.9125,1.8572,1.7976,1.7379,1.6777,1.6175,1.5572,1.497,1.43,1.3584,0.6441,2.2866,2.8921,2.8921,2.8921,2.8921,2.8921,2.8921,2.8921,2.8921,2.8921,2.8921
0.5268,0.5634,0.6074,0.6612,0.7166,0.7764,0.8362,0.8965,0.9568,1.0172,1.0776,1.1447,1.2164,0.6434,2.2445,2.8973,2.8973,2.8973,2.8973,2.8973,2.8973,2.8973,2.8973,2.8973,2.8973
2.9024,2.9024,2.9024,2.9024,2.9024,2.9024,2.9024,2.9024,2.9024,2.2706,2.9024,2.9024,2.9024,2.9024,2.9024,2.9024,2.9024,2.9024,2.9024,2.9024,2.9024,2.9024,2.9024,2.9024,2.9024
2.9075,2.9075,2.9075,2.9075,2.9075,2.9075,2.9075,2.9075,2.9075,2.9075,2.9075,2.9075,2.9075,2.9075,2.9075,2.9075,2.1005,2.7248,2.9075,2.9075,2.9075,2.9075,2.9075,2.9075,2.9075
0.5712,0.6108,0.6585,0.717,0.777,0.8418,0.9067,0.9721,1.0375,1.1029,1.1684,1.2412,0.6203,2.9127,2.9127,2.9127,2.9127,2.9127,2.9127,2.9127,2.9127,2.9127,2.9127,2.9127,2.9127
1.9412,1.9066,1.8649,1.8139,1.7615,1.7049,1.6483,1.5912,1.5341,1.4769,1.4198,1.3562,1.2677,2.9179,2.9179,2.9179,2.9179,2.9179,2.9179,2.9179,2.9179,2.9179,2.9179,2.9179,2.9179
0.8291,0.8867,0.9559,1.0407,1.1279,1.222,1.3161,1.411,1.5059,1.601,1.696,1.8016,1.9145,2.0268,1.1243,1.7483,2.4876,2.9231,2.9231,2.9231,2.9231,2.9231,2.9231,2.9231,2.9231
2.9283,2.9283,2.9283,2.9283,2.9283,2.9283,2.9283,2.9283,2.6427,2.9283,2.9283,2.9283,2.9283,2.9283,2.9283,2.9283,2.9283,2.9283,2.9283,2.9283,2.9283,2.9283,2.9283,2.9283,2.9283
2.5197,2.4748,2.4207,2.3545,2.2864,2.213,2.1395,2.0654,1.9913,1.9171,1.8429,1.7604,1.6723,1.5847,1.2413,2.1452,2.9336,2.9336,2.9336,2.9336,2.9336,2.9336,2.9336,2.9336,2.9336
0.4875,0.5213,0.562,0.6119,0.6631,0.7185,0.7738,0.8296,0.8854,0.9413,0.9972,1.0593,1.1256,2.9388,2.9388,2.9388,2.9388,2.9388,2.9388,2.9388,2.9388,2.9388,2.9388,2.9388,2.9388
2.6296,2.5827,2.5263,2.4572,2.3862,2.3095,2.2328,2.1555,2.0781,2.0007,1.9233,1.2147,2.9441,2.9441,2.9441,2.9441,2.9441,2.9441,2.9441,2.9441,2.9441,2.9441,2.9441,2.9441,2.9441
2.9494,2.9494,2.9494,2.9494,2.9494,2.9494,2.9494,2.9494,2.9494,2.9494,2.9494,2.9494,2.9494,2.9494,2.9494,2.9494,2.9494,2.9494,2.9494,2.9494,2.9494,2.9494,2.9494,2.9494,2.9494
0.775,0.8288,0.8935,0.9728,1.0543,1.1422,1.2302,1.3189,1.4077,1.4965,1.5853,1.0795,2.9547,2.9547,2.9547,2.9547,2.9547,2.9547,2.9547,2.9547,2.9547,2.9547,2.9547,2.9547,2.9547
1.9131,1.879,1.8379,1.7877,1.736,1.6802,1.6244,1.5682,1.5119,1.4556,1.3992,1.3366,1.2697,1.4792,2.9601,2.9601,2.9601,2.9601,2.9601,2.9601,2.9601,2.9601,2.9601,2.9601,2.9601
0.5845,0.6251,0.674,0.7337,0.7952,0.8615,0.9279,0.9948,1.0618,1.1287,1.1957,1.2702,1.3498,1.4289,1.459,2.5213,2.9654,2.9654,2.9654,2.9654,2.9654,2.9654,2.9654,2.9654,2.9654
2.9708,2.9708,2.9708,2.9708,2.9708,2.9708,2.9708,2.9708,2.9708,2.9708,2.9708,2.9708,2.9708,2.9708,2.9708,2.9708,2.9708,2.9708,2.9708,2.9708,2.9708,2.9708,2.9708,2.9708,2.9708
2.9762,2.9762,2.9762,2.9762,2.9762,2.9762,2.9762,2.9762,2.9762,2.9762,2.8625,2.7344,2.5976,2.4614,2.326,1.6004,2.2773,2.9541,2.9762,2.9762,2.9762,2.9762,2.9762,2.9762,2.9762
0.5114,0.5469,0.5896,0.6419,0.6957,0.7537,0.8117,0.8703,0.9288,0.9874,1.046,1.1112,0.7762,2.9816,2.9816,2.9816,2.9816,2.9816,2.9816,2.9816,2.9816,2.9816,2.9816,2.9816,2.9816
2.0597,2.0229,1.9788,1.9246,1.869,1.809,1.7489,1.6883,1.6277,1.5671,1.5064,1.439,0.7198,2.9871,2.9871,2.9871,2.9871,2.9871,2.9871,2.9871,2.9871,2.9871,2.9871,2.9871,2.9871
1.2036,1.2872,1.3877,1.5108,1.6374,1.774,1.9106,2.0484,2.1863,2.3242,2.4622,2.6155,2.7794,2.9423,2.9925,2.9925,2.174,2.8201,2.9925,2.9925,2.9925,2.9925,2.9925,2.9925,2.9925
1.5001,1.6043,1.7296,1.883,2.0408,2.211,2.3813,2.5531,2.7249,2.1256,1.5038,2.998,2.998,2.998,2.998,2.998,2.998,2.998,2.998,2.998,2.998,2.998,2.998,2.998,2.998
2.1438,2.1056,2.0596,2.0032,1.9453,1.8828,1.8203,1.7573,1.6942,1.6311,1.568,1.4978,1.4228,0.6746,1.6827,2.908,3.0035,3.0035,3.0035,3.0035,3.0035,3.0035,3.0035,3.0035,3.0035
0.497,0.5315,0.573,0.6238,0.6761,0.7325,0.7889,0.8458,0.9027,0.9596,1.0166,1.0799,1.1476,0.9277,3.009,3.009,3.009,3.009,3.009,3.009,3.009,3.009,3.009,3.009,3.009
3.0145,3.0145,3.0145,3.0145,3.0145,2.9699,2.8713,2.7718,2.6723,2.4142,1.708,3.0145,3.0145,3.0145,3.0145,3.0145,3.0145,3.0145,3.0145,3.0145,3.0145,3.0145,3.0145,3.0145,3.0145
3.0201,3.0201,3.0201,3.0201,3.0201,3.0201,3.0201,3.0201,3.0201,3.0201,3.0201,3.0201,3.0201,3.0201,3.0201,3.0201,3.0201,3.0201,3.0201,3.0201,3.0201,3.0201,3.0201,3.0201,3.0201
0.6175,0.6604,0.7119,0.7751,0.84,0.9101,0.9802,1.0509,1.1216,1.1924,1.2631,1.3304,3.0257,3.0257,3.0257,3.0257,3.0257,3.0257,3.0257,3.0257,3.0257,3.0257,3.0257,3.0257,3.0257
1.8775,1.844,1.8037,1.7544,1.7037,1.6489,1.5942,1.539,1.4837,1.4285,1.3732,1.3117,1.2461,3.0313,3.0313,3.0313,3.0313,3.0313,3.0313,3.0313,3.0313,3.0313,3.0313,3.0313,3.0313
0.6954,0.7437,0.8017,0.8729,0.946,1.0249,1.1038,1.1834,1.2631,1.3428,1.4225,1.5111,1.6057,1.6999,1.1144,1.9258,2.7403,3.0369,3.0369,3.0369,3.0369,3.0369,3.0369,3.0369,3.0369
3.0425,3.0425,3.0425,3.0425,3.0425,3.0425,3.0425,3.0425,3.0425,3.0425,3.0425,3.0425,3.0425,3.0425,3.0425,3.0425,3.0425,3.0425,3.0425,3.0425,3.0425,3.0425,3.0425,3.0425,3.0425
2.8367,2.7861,2.7252,2.6507,2.574,2.4914,2.4087,2.3252,2.2418,2.1583,2.0747,1.9819,1.8827,1.784,1.0686,1.8468,2.6278,3.0482,3.0482,3.0482,3.0482,3.0482,3.0482,3.0482,3.0482
0.4828,0.5163,0.5567,0.606,0.6568,0.7116,0.7664,0.8217,0.877,0.9323,0.9876,1.0492,1.1149,3.0539,3.0539,3.0539,3.0539,3.0539,3.0539,3.0539,3.0539,3.0539,3.0539,3.0539,3.0539
2.3138,2.2725,2.2228,2.1621,2.0995,2.0321,1.9646,1.8966,1.8285,1.7604,1.6923,1.4034,3.0596,3.0596,3.0596,3.0596,3.0596,3.0596,3.0596,3.0596,3.0596,3.0596,3.0596,3.0596,3.0596
2.4464,2.6164,2.8207,3.0653,3.0653,3.0653,3.0653,3.0653,3.0653,3.0653,3.0653,3.0653,3.0653,3.0653,3.0653,3.0653,3.0653,3.0653,3.0653,3.0653,3.0653,3.0653,3.0653,3.0653,3.0653
0.9246,0.9888,1.066,1.1606,1.2578,1.3627,1.4677,1.5735,1.6794,1.7854,1.6489,0.9679,3.071,3.071,3.071,3.071,3.071,3.071,3.071,3.071,3.071,3.071,3.071,3.071,3.071
1.9411,1.9064,1.8648,1.8138,1.7614,1.7048,1.6482,1.5911,1.534,1.4768,1.4197,1.3562,1.2883,0.7801,2.8516,3.0768,3.0768,3.0768,3.0768,3.0768,3.0768,3.0768,3.0768,3.0768,3.0768
0.5329,0.5699,0.6144,0.6689,0.725,0.7854,0.8459,0.9069,0.968,1.029,1.0901,1.158,1.2306,0.6509,1.8141,3.0826,3.0826,3.0826,3.0826,3.0826,3.0826,3.0826,3.0826,3.0826,3.0826
3.0884,3.0884,3.0884,3.0884,3.0884,3.0884,3.0884,3.0884,2.7606,3.0884,3.0884,3.0884,3.0884,3.0884,3.0884,3.0884,3.0884,3.0884,3.0884,3.0884,3.0884,3.0884,3.0884,3.0884,3.0884
3.0942,3.0942,3.0942,3.0942,3.0942,3.0942,3.0942,3.0942,3.0942,3.0942,3.0942,3.0942,3.0942,3.0942,3.0601,1.4812,2.1076,2.734,3.0942,3.0942,3.0942,3.0942,3.0942,3.0942,3.0942
0.5325,0.5695,0.614,0.6685,0.7245,0.7849,0.8453,0.9063,0.9673,1.0283,1.0894,1.1572,0.5783,3.1001,3.1001,3.1001,3.1001,3.1001,3.1001,3.1001,3.1001,3.1001,3.1001,3.1001,3.1001
1.9328,1.8983,1.8568,1.806,1.7538,1.6975,1.6411,1.5843,1.5274,1.4705,1.4136,1.3504,0.88,3.106,3.106,3.106,3.106,3.106,3.106,3.106,3.106,3.106,3.106,3.106,3.106
0.9158,0.9794,1.0559,1.1496,1.2459,1.3498,1.4538,1.5586,1.6635,1.7684,1.8734,1.9901,2.1148,2.2388,2.3622,1.6142,2.2969,2.9796,3.1119,3.1119,3.1119,3.1119,3.1119,3.1119,3.1119
2.4664,2.6378,2.8437,3.096,3.1178,3.1178,3.1178,3.1178,2.6119,2.0208,3.1178,3.1178,3.1178,3.1178,3.1178,3.1178,3.1178,3.1178,3.1178,3.1178,3.1178,3.1178,3.1178,3.1178,3.1178
2.3011,2.26,2.2106,2.1502,2.088,2.021,1.9539,1.8862,1.8185,1.7507,1.683,1.6077,1.5272,1.4472,1.3431,2.3211,3.1237,3.1237,3.1237,3.1237,3.1237,3.1237,3.1237,3.1237,3.1237
0.4783,0.5116,0.5515,0.6004,0.6507,0.705,0.7593,0.8141,0.8689,0.9237,0.9785,1.0395,1.1046,2.0432,3.1297,3.1297,3.1297,3.1297,3.1297,3.1297,3.1297,3.1297,3.1297,3.1297,3.1297
2.7984,2.7484,2.6884,2.6149,2.5393,2.4577,2.3761,2.2938,2.2115,2.1291,1.866,1.0953,3.1357,3.1357,3.1357,3.1357,3.1357,3.1357,3.1357,3.1357,3.1357,3.1357,3.1357,3.1357,3.1357
3.1417,3.1417,3.1417,3.1417,3.1417,3.1417,3.1417,3.1417,3.1417,3.1417,3.1417,3.1417,3.1417,3.1417,3.1417,3.1417,3.1417,3.1417,3.1417,3.1417,3.1417,3.1417,3.1417,3.1417,3.1417
0.6884,0.7362,0.7937,0.8641,0.9364,1.0146,1.0927,1.1715,1.2503,1.3292,1.4081,1.133,3.1477,3.1477,3.1477,3.1477,3.1477,3.1477,3.1477,3.1477,3.1477,3.1477,3.1477,3.1477,3.1477
1.8508,1.8178,1.7781,1.7295,1.6795,1.6255,1.5715,1.5171,1.4627,1.4082,1.3537,1.2931,1.2284,3.1538,3.1538,3.1538,3.1538,3.1538,3.1538,3.1538,3.1538,3.1538,3.1538,3.1538,3.1538
0.6064,0.6485,0.6991,0.7611,0.8249,0.8937,0.9625,1.032,1.1014,1.1709,1.2404,1.3177,1.4002,1.4823,1.2722,2.1985,3.1284,3.1599,3.1599,3.1599,3.1599,3.1599,3.1599,3.1599,3.1599
3.166,3.166,3.166,3.166,3.166,3.166,3.166,3.166,3.166,3.166,3.166,3.166,3.166,3.166,3.166,3.166,3.166,3.166,3.166,3.166,3.166,3.166,3.166,3.166,3.166
3.1721,3.1721,3.1721,3.1147,3.0246,2.9275,2.8303,2.7322,2.6342,2.5361,2.4379,2.3288,2.2123,2.0963,0.9508,1.6431,2.3381,3.033,3.1721,3.1721,3.1721,3.1721,3.1721,3.1721,3.1721
0.4874,0.5213,0.562,0.6119,0.6631,0.7184,0.7738,0.8296,0.8854,0.9413,0.9971,1.0593,1.0075,3.1783,3.1783,3.1783,3.1783,3.1783,3.1783,3.1783,3.1783,3.1783,3.1783,3.1783,3.1783
2.0951,2.0578,2.0128,1.9578,1.9012,1.8401,1.779,1.7174,1.6557,1.5941,1.5324,1.4638,0.7322,3.1845,3.1845,3.1845,3.1845,3.1845,3.1845,3.1845,3.1845,3.1845,3.1845,3.1845,3.1845
1.4542,1.5552,1.6766,1.8253,1.9783,2.1433,2.3083,2.4748,2.6414,2.808,2.9747,3.16,3.1907,3.1907,3.1907,3.1907,2.0991,2.667,3.1907,3.1907,3.1907,3.1907,3.1907,3.1907,3.1907
1.1825,1.2647,1.3634,1.4844,1.6087,1.7429,1.8772,2.0126,2.148,2.1439,1.5168,3.1969,3.1969,3.1969,3.1969,3.1969,3.1969,3.1969,3.1969,3.1969,3.1969,3.1969,3.1969,3.1969,3.1969
2.0102,1.9744,1.9313,1.8784,1.8241,1.7655,1.7069,1.6478,1.5887,1.5295,1.4703,1.4045,1.3342,0.6326,1.9434,3.2031,3.2031,3.2031,3.2031,3.2031,3.2031,3.2031,3.2031,3.2031,3.2031
0.4973,0.5318,0.5734,0.6242,0.6765,0.7329,0.7894,0.8463,0.9033,0.9603,1.0173,1.0806,1.1483,0.6798,2.4849,3.2094,3.2094,3.2094,3.2094,3.2094,3.2094,3.2094,3.2094,3.2094,3.2094
3.2157,3.2157,3.2157,3.2157,3.2157,3.2157,3.2138,3.1025,2.8989,2.2428,1.5868,3.2157,3.2157,3.2157,3.2157,3.2157,3.2157,3.2157,3.2157,3.2157,3.2157,3.2157,3.2157,3.2157,3.2157
3.222,3.222,3.222,3.222,3.222,3.222,3.222,3.222,3.222,3.222,3.222,3.222,3.222,3.222,3.222,3.222,2.0229,2.5856,3.178,3.222,3.222,3.222,3.222,3.222,3.222
0.5677,0.6072,0.6546,0.7126,0.7723,0.8368,0.9012,0.9662,1.0312,1.0963,1.1614,1.2337,0.6165,3.2284,3.2284,3.2284,3.2284,3.2284,3.2284,3.2284,3.2284,3.2284,3.2284,3.2284,3.2284
1.8512,1.8181,1.7784,1.7298,1.6798,1.6258,1.5718,1.5174,1.4629,1.4084,1.3539,1.2933,1.2286,3.2347,3.2347,3.2347,3.2347,3.2347,3.2347,3.2347,3.2347,3.2347,3.2347,3.2347,3.2347
0.7465,0.7984,0.8607,0.9371,1.0156,1.1003,1.185,1.2705,1.356,1.4416,1.5271,1.6223,1.7239,1.825,1.0125,1.7498,2.4899,3.2299,3.2411,3.2411,3.2411,3.2411,3.2411,3.2411,3.2411
3.2476,3.2476,3.2476,3.2476,3.2476,3.2476,3.2476,3.2476,3.2476,3.2476,3.2476,3.2476,3.2476,3.2476,3.2476,3.2476,3.2476,3.2476,3.2476,3.2476,3.2476,3.2476,3.2476,3.2476,3.2476
2.542,2.4966,2.4421,2.3753,2.3066,2.2325,2.1584,2.0836,2.0089,1.934,1.8592,1.776,1.6871,1.5987,1.1302,1.9532,2.7792,3.254,3.254,3.254,3.254,3.254,3.254,3.254,3.254
0.4693,0.5019,0.5411,0.5891,0.6384,0.6917,0.745,0.7987,0.8524,0.9062,0.96,1.0198,1.0837,3.2605,3.2605,3.2605,3.2605,3.2605,3.2605,3.2605,3.2605,3.2605,3.2605,3.2605,3.2605
2.4163,2.3732,2.3214,2.2579,2.1926,2.1222,2.0517,1.9807,1.9096,1.8384,1.7673,1.2368,3.267,3.267,3.267,3.267,3.267,3.267,3.267,3.267,3.267,3.267,3.267,3.267,3.267
3.2735,3.2735,3.2735,3.2735,3.2735,3.2735,3.2735,3.2735,3.2735,3.2735,3.2735,3.2735,3.2735,3.2735,3.2735,3.2735,3.2735,3.2735,3.2735,3.2735,3.2735,3.2735,3.2735,3.2735,3.2735
0.7979,0.8534,0.92,1.0016,1.0855,1.1761,1.2666,1.358,1.4494,1.5408,1.6323,0.9998,3.2801,3.2801,3.2801,3.2801,3.2801,3.2801,3.2801,3.2801,3.2801,3.2801,3.2801,3.2801,3.2801
1.8595,1.8263,1.7864,1.7376,1.6873,1.6331,1.5789,1.5242,1.4695,1.4148,1.36,1.2992,1.2341,1.0677,3.2867,3.2867,3.2867,3.2867,3.2867,3.2867,3.2867,3.2867,3.2867,3.2867,3.2867
0.5451,0.583,0.6285,0.6843,0.7416,0.8034,0.8653,0.9277,0.9902,1.0526,1.1151,1.1846,1.2588,1.3326,1.5234,2.6327,3.2933,3.2933,3.2933,3.2933,3.2933,3.2933,3.2933,3.2933,3.2933
3.2999,3.2999,3.2999,3.2999,3.2999,3.2999,3.2999,3.2207,3.2999,3.2999,3.2999,3.2999,3.2999,3.2999,3.2999,3.2999,3.2999,3.2999,3.2999,3.2999,3.2999,3.2999,3.2999,3.2999,3.2999
3.3066,3.3066,3.3066,3.3066,3.3066,3.3066,3.3066,3.3066,3.2896,3.1671,3.0445,2.9083,2.7627,2.6179,2.4738,1.5018,2.1369,2.7721,3.3066,3.3066,3.3066,3.3066,3.3066,3.3066,3.3066
0.5021,0.537,0.5789,0.6302,0.683,0.74,0.797,0.8545,0.912,0.9695,1.0271,1.0911,0.6506,3.3132,3.3132,3.3132,3.3132,3.3132,3.3132,3.3132,3.3132,3.3132,3.3132,3.3132,3.3132
1.9438,1.9091,1.8674,1.8163,1.7638,1.7071,1.6505,1.5933,1.5361,1.4789,1.4217,1.358,0.6793,3.32,3.32,3.32,3.32,3.32,3.32,3.32,3.32,3.32,3.32,3.32,3.32
1.0404,1.1127,1.1996,1.306,1.4154,1.5335,1.6516,1.7707,1.8898,2.0091,2.1283,2.2609,2.4025,2.5434,2.6836,1.5084,2.1463,2.7842,3.3267,3.3267,3.3267,3.3267,3.3267,3.3267,3.3267
1.704,1.8223,1.9646,2.1389,2.3181,2.5114,2.7048,2.9,2.6066,2.0167,1.4267,3.3335,3.3335,3.3335,3.3335,3.3335,3.3335,3.3335,3.3335,3.3335,3.3335,3.3335,3.3335,3.3335,3.3335
2.1292,2.0912,2.0455,1.9896,1.932,1.87,1.8079,1.7453,1.6826,1.62,1.5573,1.4876,1.4131,1.3391,1.4857,2.5676,3.3403,3.3403,3.3403,3.3403,3.3403,3.3403,3.3403,3.3403,3.3403
0.4739,0.5068,0.5463,0.5948,0.6446,0.6984,0.7522,0.8065,0.8607,0.915,0.9693,1.0297,1.0942,1.1315,3.3471,3.3471,3.3471,3.3471,3.3471,3.3471,3.3471,3.3471,3.3471,3.3471,3.3471
3.0328,2.9787,2.9137,2.834,2.752,2.6636,2.5752,2.486,2.3968,2.3075,1.7075,3.3539,3.3539,3.3539,3.3539,3.3539,3.3539,3.3539,3.3539,3.3539,3.3539,3.3539,3.3539,3.3539,3.3539
3.3608,3.3608,3.3608,3.3608,3.3608,3.3608,3.3608,3.3608,3.3608,3.3608,3.3608,3.3608,3.3608,3.3608,3.3608,3.3608,3.3608,3.3608,3.3608,3.3608,3.3608,3.3608,3.3608,3.3608,3.3608
0.6219,0.6651,0.717,0.7806,0.846,0.9166,0.9872,1.0584,1.1296,1.2009,1.2721,1.208,3.3677,3.3677,3.3677,3.3677,3.3677,3.3677,3.3677,3.3677,3.3677,3.3677,3.3677,3.3677,3.3677
1.8075,1.7752,1.7364,1.6889,1.6401,1.5874,1.5347,1.4816,1.4284,1.3752,1.322,1.2628,1.1996,3.3747,3.3747,3.3747,3.3747,3.3747,3.3747,3.3747,3.3747,3.3747,3.3747,3.3747,3.3747
0.6377,0.682,0.7353,0.8005,0.8675,0.9399,1.0123,1.0853,1.1583,1.2314,1.3045,1.3858,1.4726,1.5589,1.1319,1.9562,2.7835,3.3816,3.3816,3.3816,3.3816,3.3816,3.3816,3.3816,3.3816
3.3886,3.3886,3.3886,3.3886,3.3886,3.3886,3.3886,3.3886,3.3886,3.3886,3.3886,3.3886,3.3886,3.3886,3.3886,3.3886,3.3886,3.3886,3.3886,3.3886,3.3886,3.3886,3.3886,3.3886,3.3886
2.9108,2.8589,2.7964,2.72,2.6413,2.5565,2.4716,2.386,2.3004,2.2147,2.129,2.0337,1.9319,1.8306,0.9883,1.708,2.4303,3.1526,3.3956,3.3956,3.3956,3.3956,3.3956,3.3956,3.3956
0.4692,0.5018,0.541,0.589,0.6383,0.6916,0.7448,0.7985,0.8523,0.906,0.9598,1.0196,1.0835,3.4027,3.4027,3.4027,3.4027,3.4027,3.4027,3.4027,3.4027,3.4027,3.4027,3.4027,3.4027
2.1555,2.1171,2.0708,2.0142,1.956,1.8931,1.8303,1.7669,1.7035,1.64,1.5765,1.4582,3.4098,3.4098,3.4098,3.4098,3.4098,3.4098,3.4098,3.4098,3.4098,3.4098,3.4098,3.4098,3.4098
1.8828,2.0136,2.1708,2.3634,2.5614,2.775,2.9887,3.2043,3.4169,3.4169,3.4169,3.4169,3.4169,3.4169,3.4169,3.4169,3.4169,3.4169,3.1316,3.4169,3.4169,3.4169,3.4169,3.4169,3.4169
0.9762,1.044,1.1256,1.2254,1.3281,1.4388,1.5497,1.6614,1.7732,1.8851,1.5462,0.9273,3.424,3.424,3.424,3.424,3.424,3.424,3.424,3.424,3.424,3.424,3.424,3.424,3.424
1.9052,1.8712,1.8303,1.7803,1.7288,1.6733,1.6177,1.5617,1.5056,1.4495,1.3934,1.3311,1.2644,0.642,2.3469,3.4312,3.4312,3.4312,3.4312,3.4312,3.4312,3.4312,3.4312,3.4312,3.4312
0.5026,0.5376,0.5795,0.6309,0.6838,0.7408,0.7979,0.8554,0.913,0.9706,1.0282,1.0923,1.1607,0.6139,1.9577,3.3832,3.4384,3.4384,3.4384,3.4384,3.4384,3.4384,3.4384,3.4384,3.4384
3.4456,3.4456,3.4456,3.4456,3.4456,3.4456,3.4456,3.3405,2.724,2.1075,3.4456,3.4456,3.4456,3.4456,3.4456,3.4456,3.4456,3.4456,3.4456,3.4456,3.4456,3.4456,3.4456,3.4456,3.4456
3.4529,3.4529,3.4529,3.4529,3.4529,3.4529,3.4529,3.4529,3.4529,3.4529,3.4529,3.4529,3.4529,3.4529,3.4099,1.4839,1.9988,2.5928,3.1869,3.4529,3.4529,3.4529,3.4529,3.4529,3.4529
0.5285,0.5652,0.6093,0.6634,0.719,0.7789,0.8389,0.8994,0.9599,1.0205,1.0811,1.1484,0.5739,3.4602,3.4602,3.4602,3.4602,3.4602,3.4602,3.4602,3.4602,3.4602,3.4602,3.4602,3.4602
1.8424,1.8096,1.77,1.7216,1.6719,1.6181,1.5644,1.5102,1.456,1.4018,1.3475,1.2872,1.0338,3.4675,3.4675,3.4675,3.4675,3.4675,3.4675,3.4675,3.4675,3.4675,3.4675,3.4675,3.4675
0.8174,0.8742,0.9425,1.0261,1.1121,1.2048,1.2976,1.3912,1.4848,1.5785,1.6722,1.7763,1.8876,1.9983,2.1085,1.6119,2.2936,2.9754,3.4749,3.4749,3.4749,3.4749,3.4749,3.4749,3.4749
3.2242,3.4481,3.4823,3.4823,3.4823,3.4823,3.4823,3.0683,2.502,3.4823,3.4823,3.4823,3.4823,3.4823,3.4823,3.4823,3.4823,3.4823,3.4823,3.4823,3.4823,3.4823,3.4823,3.4823,3.4823
2.3139,2.2726,2.2229,2.1621,2.0996,2.0322,1.9647,1.8967,1.8286,1.7605,1.6923,1.6166,1.5357,1.4552,1.2153,2.1003,2.9886,3.4897,3.4897,3.4897,3.4897,3.4897,3.4897,3.4897,3.4897
0.4604,0.4924,0.5308,0.5779,0.6264,0.6786,0.7309,0.7836,0.8363,0.8891,0.9418,1.0005,1.0632,3.4971,3.4971,3.4971,3.4971,3.4971,3.4971,3.4971,3.4971,3.4971,3.4971,3.4971,3.4971
2.56,2.5144,2.4594,2.3922,2.323,2.2484,2.1738,2.0984,2.0231,1.9478,1.8724,1.1101,3.5046,3.5046,3.5046,3.5046,3.5046,3.5046,3.5046,3.5046,3.5046,3.5046,3.5046,3.5046,3.5046
3.5121,3.5121,3.5121,3.5121,3.5121,3.5121,3.5121,3.5121,3.5121,3.5121,3.5121,3.5121,3.5121,3.5121,3.5121,3.5121,3.5121,3.5121,3.5121,3.5121,3.5121,3.5121,3.5121,3.5121,3.5121
0.7042,0.7531,0.812,0.884,0.958,1.0379,1.1179,1.1985,1.2792,1.3599,1.4406,1.046,3.5197,3.5197,3.5197,3.5197,3.5197,3.5197,3.5197,3.5197,3.5197,3.5197,3.5197,3.5197,3.5197
1.7983,1.7662,1.7276,1.6804,1.6318,1.5794,1.527,1.4741,1.4212,1.3682,1.3153,1.2564,1.1935,1.7632,3.5272,3.5272,3.5272,3.5272,3.5272,3.5272,3.5272,3.5272,3.5272,3.5272,3.5272
0.5641,0.6033,0.6504,0.7082,0.7675,0.8315,0.8955,0.9601,1.0247,1.0894,1.154,1.2259,1.3027,1.3791,1.3163,2.2747,3.2368,3.5348,3.5348,3.5348,3.5348,3.5348,3.5348,3.5348,3.5348
3.5425,3.5425,3.5425,3.5425,3.5425,3.5425,3.5425,3.5425,3.5425,3.5425,3.5425,3.5425,3.5425,3.5425,3.5425,3.5425,3.5425,3.5425,3.5425,3.5425,3.5425,3.5425,3.5425,3.5425,3.5425
3.498,3.4355,3.3605,3.2686,3.1741,3.0721,2.9702,2.8673,2.7644,2.6614,2.5584,2.4439,2.3216,2.1999,0.9797,1.5392,2.1902,2.8412,3.4921,3.5502,3.5502,3.5502,3.5502,3.5502,3.5502
0.4782,0.5115,0.5514,0.6003,0.6506,0.7049,0.7591,0.8139,0.8687,0.9235,0.9783,1.0392,0.8093,3.5579,3.5579,3.5579,3.5579,3.5579,3.5579,3.5579,3.5579,3.5579,3.5579,3.5579,3.5579
1.9747,1.9395,1.8971,1.8453,1.7919,1.7343,1.6768,1.6187,1.5606,1.5025,1.4443,1.3797,0.6901,3.5656,3.5656,3.5656,3.5656,3.5656,3.5656,3.5656,3.5656,3.5656,3.5656,3.5656,3.5656
1.2264,1.3115,1.4139,1.5394,1.6683,1.8075,1.9467,2.0871,2.2276,2.3681,2.5087,2.6649,2.8319,2.9979,3.1632,3.2656,2.0275,2.6301,3.2327,3.5734,3.5734,3.5734,3.5734,3.5734,3.5734
1.2983,1.3884,1.4969,1.6296,1.7662,1.9135,2.0608,2.2095,2.3582,2.0321,1.4377,3.5812,3.5812,3.5812,3.5812,3.5812,3.5812,3.5812,3.5812,3.5812,3.5812,3.5812,3.5812,3.5812,3.5812
1.9934,1.9578,1.915,1.8627,1.8088,1.7507,1.6926,1.634,1.5753,1.5166,1.4579,1.3927,1.323,0.6273,1.6891,2.919,3.589,3.589,3.589,3.589,3.589,3.589,3.589,3.589,3.589
0.4738,0.5068,0.5463,0.5948,0.6446,0.6984,0.7522,0.8064,0.8607,0.915,0.9693,1.0297,1.0942,0.7775,2.8422,3.5969,3.5969,3.5969,3.5969,3.5969,3.5969,3.5969,3.5969,3.5969,3.5969
3.3587,3.2987,3.2267,3.1384,3.0477,2.9498,2.8519,2.7531,2.6543,2.2373,1.5828,3.6048,3.6048,3.6048,3.6048,3.6048,3.6048,3.6048,3.6048,3.6048,3.6048,3.6048,3.6048,3.6048,3.6048
3.6128,3.6128,3.6128,3.6128,3.6128,3.6128,3.6128,3.6128,3.6128,3.6128,3.6128,3.6128,3.6128,3.6128,3.6128,3.6128,3.6128,2.4871,3.0433,3.6106,3.6128,3.6128,3.6128,3.6128,3.6128
0.5701,0.6097,0.6573,0.7156,0.7755,0.8402,0.9049,0.9702,1.0355,1.1008,1.1661,1.2388,3.6208,3.6208,3.6208,3.6208,3.6208,3.6208,3.6208,3.6208,3.6208,3.6208,3.6208,3.6208,3.6208
1.7812,1.7495,1.7113,1.6645,1.6163,1.5644,1.5125,1.4601,1.4077,1.3552,1.3028,1.2445,1.1822,3.6288,3.6288,3.6288,3.6288,3.6288,3.6288,3.6288,3.6288,3.6288,3.6288,3.6288,3.6288
0.6809,0.7282,0.7851,0.8547,0.9263,1.0036,1.0809,1.1589,1.2369,1.3149,1.3929,1.4797,1.5724,1.6646,1.0243,1.7701,2.5187,3.2673,3.6368,3.6368,3.6368,3.6368,3.6368,3.6368,3.6368
3.6449,3.6449,3.6449,3.6449,3.6449,3.6449,3.6449,3.6449,3.6449,3.6449,3.6449,3.6449,3.6449,3.6449,3.6449,3.6449,3.6449,3.6449,3.6449,3.6449,3.6449,3.6449,3.6449,3.6449,3.6449
2.5937,2.5474,2.4917,2.4236,2.3535,2.2779,2.2023,2.126,2.0497,1.9733,1.897,1.8121,1.7214,1.6312,1.0411,1.7992,2.5602,3.3211,3.6531,3.6531,3.6531,3.6531,3.6531,3.6531,3.6531
0.4558,0.4875,0.5256,0.5722,0.6201,0.6719,0.7236,0.7758,0.828,0.8802,0.9325,0.9906,1.0526,3.6612,3.6612,3.6612,3.6612,3.6612,3.6612,3.6612,3.6612,3.6612,3.6612,3.6612,3.6612
2.2445,2.2044,2.1563,2.0973,2.0367,1.9712,1.9058,1.8398,1.7738,1.7077,1.6416,1.2749,3.6694,3.6694,3.6694,3.6694,3.6694,3.6694,3.6694,3.6694,3.6694,3.6694,3.6694,3.6694,3.6694
2.7541,2.9455,3.1755,3.4572,3.6777,3.6777,3.6777,3.6777,3.6777,3.6777,3.6777,3.6777,3.6777,3.6777,3.6777,3.6777,3.6777,3.6777,3.6777,3.6777,3.6777,3.6777,3.6777,3.6777,3.6777
0.833,0.8909,0.9604,1.0456,1.1332,1.2277,1.3223,1.4177,1.5131,1.6085,1.5936,0.9354,3.6859,3.6859,3.6859,3.6859,3.6859,3.6859,3.6859,3.6859,3.6859,3.6859,3.6859,3.6859,3.6859
1.8235,1.791,1.7519,1.7039,1.6547,1.6015,1.5484,1.4947,1.4411,1.3874,1.3337,1.274,1.2103,0.8291,3.0307,3.6943,3.6943,3.6943,3.6943,3.6943,3.6943,3.6943,3.6943,3.6943,3.6943
0.5133,0.549,0.5918,0.6443,0.6983,0.7566,0.8148,0.8736,0.9324,0.9912,1.05,1.1154,1.1853,0.6269,1.6164,2.7935,3.7026,3.7026,3.7026,3.7026,3.7026,3.7026,3.7026,3.7026,3.7026
3.711,3.711,3.711,3.711,3.711,3.711,3.711,3.1717,2.5864,3.711,3.711,3.711,3.711,3.711,3.711,3.711,3.711,3.711,3.711,3.711,3.711,3.711,3.711,3.711,3.711
3.7194,3.7194,3.7194,3.7194,3.7194,3.7194,3.7194,3.7018,3.569,3.436,3.303,3.1552,2.9973,2.8402,2.6839,1.4224,2.024,2.6256,3.2272,3.7194,3.7194,3.7194,3.7194,3.7194,3.7194
0.4975,0.532,0.5736,0.6245,0.6768,0.7332,0.7897,0.8467,0.9036,0.9606,1.0177,1.0811,0.5594,3.7279,3.7279,3.7279,3.7279,3.7279,3.7279,3.7279,3.7279,3.7279,3.7279,3.7279,3.7279
1.851,1.818,1.7783,1.7297,1.6797,1.6257,1.5717,1.5173,1.4628,1.4083,1.3538,1.2932,0.7529,3.7364,3.7364,3.7364,3.7364,3.7364,3.7364,3.7364,3.7364,3.7364,3.7364,3.7364,3.7364
0.9167,0.9804,1.0569,1.1507,1.2471,1.3511,1.4552,1.5602,1.6651,1.7702,1.8753,1.9921,2.1169,2.241,2.3645,1.5031,2.1388,2.7745,3.4102,3.7449,3.7449,3.7449,3.7449,3.7449,3.7449
2.0175,2.1577,2.3262,2.5325,2.7447,2.9736,3.2026,3.0595,2.4949,1.9303,3.7535,3.7535,3.7535,3.7535,3.7535,3.7535,3.7535,3.7535,3.7535,3.7535,3.7535,3.7535,3.7535,3.7535,3.7535
2.135,2.0969,2.0511,1.995,1.9374,1.8751,1.8129,1.7501,1.6873,1.6244,1.5616,1.4917,1.417,1.3427,1.3323,2.3024,3.2762,3.7621,3.7621,3.7621,3.7621,3.7621,3.7621,3.7621,3.7621
0.4558,0.4874,0.5255,0.5721,0.62,0.6718,0.7235,0.7757,0.8279,0.8801,0.9323,0.9904,1.0525,1.4987,3.7708,3.7708,3.7708,3.7708,3.7708,3.7708,3.7708,3.7708,3.7708,3.7708,3.7708
2.7566,2.7074,2.6482,2.5758,2.5013,2.421,2.3406,2.2595,2.1785,2.0973,1.7242,1.0597,3.7795,3.7795,3.7795,3.7795,3.7795,3.7795,3.7795,3.7795,3.7795,3.7795,3.7795,3.7795,3.7795
3.7882,3.7882,3.7882,3.7882,3.7882,3.7882,3.7882,3.7882,3.7882,3.7882,3.7882,3.7882,3.7882,3.7882,3.7882,3.7882,3.7882,3.7882,3.7882,3.7882,3.7882,3.7882,3.7882,3.7882,3.7882
0.633,0.677,0.7298,0.7946,0.8611,0.933,1.0048,1.0773,1.1498,1.2223,1.2949,1.1099,3.797,3.797,3.797,3.797,3.797,3.797,3.797,3.797,3.797,3.797,3.797,3.797,3.797
1.7549,1.7236,1.686,1.6399,1.5925,1.5413,1.4901,1.4385,1.3869,1.3352,1.2835,1.2261,1.1647,3.8058,3.8001,3.7625,3.7607,3.7599,3.7637,3.7675,3.7718,3.7761,3.7804,3.7848,3.7892
0.5912,0.6322,0.6816,0.7421,0.8043,0.8713,0.9384,1.0061,1.0738,1.1416,1.2093,1.2847,1.3651,1.4452,1.163,2.0099,2.86,3.71,3.8147,3.8147,3.8147,3.8147,3.8147,3.8147,3.8147
3.8236,3.8236,3.8236,3.8236,3.8236,3.8236,3.8236,3.8236,3.8236,3.8236,3.8236,3.8236,3.8236,3.8236,3.8236,3.8236,3.8236,3.8236,3.8236,3.8236,3.8236,3.8236,3.8236,3.8236,3.8236
3.025,2.971,2.9061,2.8266,2.7449,2.6567,2.5685,2.4796,2.3906,2.3015,2.2125,2.1134,2.0077,1.9024,0.9233,1.5956,2.2704,2.9452,3.62,3.8325,3.8325,3.8325,3.8325,3.8325,3.8325
0.4599,0.4918,0.5302,0.5773,0.6256,0.6778,0.73,0.7827,0.8354,0.8881,0.9408,0.9994,1.062,3.8415,3.8415,3.8415,3.8415,3.8415,3.8415,3.8415,3.8415,3.8415,3.8415,3.8415,3.8415
2.0274,1.9912,1.9477,1.8945,1.8397,1.7806,1.7215,1.6618,1.6022,1.5425,1.4828,1.4165,3.8505,3.8505,3.8505,3.8505,3.8505,3.8505,3.8505,3.8505,3.8505,3.8505,3.8505,3.8505,3.8505
1.5232,1.629,1.7562,1.912,2.0722,2.2451,2.418,2.5924,2.7668,2.9414,3.116,3.3101,3.5174,3.7237,3.8596,3.8596,3.8596,2.5096,3.0846,3.6596,3.8596,3.8596,3.8596,3.8596,3.8596
1.0489,1.1218,1.2094,1.3167,1.427,1.546,1.6651,1.7852,1.9053,2.0255,1.4631,3.8687,3.8687,3.8687,3.8687,3.8687,3.8687,3.8687,3.8687,3.8687,3.8687,3.8687,3.8687,3.8687,3.8687
1.8863,1.8526,1.8121,1.7626,1.7116,1.6566,1.6016,1.5462,1.4907,1.4351,1.3796,1.3179,1.2519,0.5936,1.9905,3.44,3.8779,3.8779,3.8779,3.8779,3.8779,3.8779,3.8779,3.8779,3.8779
0.4783,0.5115,0.5515,0.6004,0.6507,0.705,0.7593,0.814,0.8688,0.9236,0.9784,1.0394,1.1045,0.5912,2.161,3.7346,3.8871,3.8871,3.8871,3.8871,3.8871,3.8871,3.8871,3.8871,3.8871
3.8203,3.7521,3.6702,3.5698,3.4666,3.3552,3.2439,3.1315,2.7118,2.0981,1.5937,3.8963,3.8963,3.8963,3.8963,3.8963,3.8963,3.8963,3.8963,3.8963,3.8963,3.8963,3.8963,3.8963,3.8963
3.9056,3.9056,3.9056,3.9056,3.9056,3.9056,3.9056,3.9056,3.9056,3.9056,3.9056,3.9056,3.9056,3.9056,3.9056,3.7842,1.912,2.4802,3.0485,3.6167,3.9056,3.9056,3.9056,3.9056,3.9056
0.5293,0.566,0.6102,0.6644,0.72,0.7801,0.8402,0.9008,0.9614,1.022,1.0827,1.1501,0.5748,3.9149,3.9149,3.9149,3.9149,3.9149,3.9149,3.9149,3.9149,3.9149,3.9149,3.9149,3.9149
1.7712,1.7396,1.7016,1.655,1.6072,1.5556,1.5039,1.4518,1.3997,1.3476,1.2954,1.2374,1.1755,3.8966,3.8353,3.7973,3.7955,3.7947,3.7985,3.8023,3.8067,3.811,3.8154,3.8198,3.8243
0.7399,0.7913,0.853,0.9287,1.0065,1.0905,1.1744,1.2592,1.3439,1.4287,1.5135,1.6078,1.7085,1.8086,1.0033,1.625,2.3122,2.9995,3.6867,3.9337,3.9337,3.9337,3.9337,3.9337,3.9337
3.9432,3.9432,3.9432,3.9432,3.9432,3.9432,3.5108,2.9638,3.9432,3.9432,3.9432,3.9432,3.9432,3.9432,3.9432,3.9432,3.9432,3.9432,3.9432,3.9432,3.9432,3.9432,3.9432,3.9432,3.9432
2.3501,2.3082,2.2577,2.196,2.1325,2.064,1.9955,1.9264,1.8572,1.788,1.7188,1.6419,1.5597,1.478,1.1132,1.9237,2.7373,3.5509,3.9527,3.9527,3.9527,3.9527,3.9527,3.9527,3.9527
0.4468,0.4779,0.5152,0.5609,0.6079,0.6586,0.7093,0.7604,0.8116,0.8628,0.914,0.971,1.0318,3.825,3.8852,3.9225,3.9243,3.9251,3.9213,3.9176,3.9133,3.9091,3.9047,3.9004,3.8961
2.3678,2.3255,2.2747,2.2125,2.1486,2.0795,2.0105,1.9408,1.8712,1.8015,1.7318,1.1373,3.9719,3.9719,3.9719,3.9719,3.9719,3.9719,3.9719,3.9719,3.9719,3.9719,3.9719,3.9719,3.9719
3.9815,3.9815,3.9815,3.9815,3.9815,3.9815,3.9815,3.9815,3.9815,3.9815,3.9815,3.9815,3.9815,3.9815,3.9815,3.9815,3.9815,3.9815,3.9815,3.9815,3.9815,3.9815,3.9815,3.9815,3.9815
0.729,0.7796,0.8405,0.915,0.9917,1.0744,1.1571,1.2406,1.3241,1.4076,1.4912,0.9754,3.9912,3.9912,3.9912,3.9912,3.9912,3.9912,3.9912,3.9912,3.9912,3.9912,3.9912,3.9912,3.9912
1.7616,1.7302,1.6924,1.6461,1.5985,1.5472,1.4958,1.444,1.3922,1.3403,1.2884,1.2308,1.1692,1.2036,3.8146,3.7769,3.7751,3.7743,3.7781,3.7819,3.7862,3.7905,3.7949,3.7993,3.8037
0.5299,0.5667,0.6109,0.6651,0.7208,0.781,0.8411,0.9018,0.9625,1.0232,1.0839,1.1514,1.2236,1.2953,1.38,2.3849,3.3935,4.0108,4.0108,4.0108,4.0108,4.0108,4.0108,4.0108,4.0108
4.0206,4.0206,4.0206,4.0206,4.0206,4.0206,3.6361,4.0206,4.0206,4.0206,4.0206,4.0206,4.0206,4.0206,4.0206,4.0206,4.0206,4.0206,4.0206,4.0206,4.0206,4.0206,4.0206,4.0206,4.0206
3.7285,3.6619,3.5819,3.484,3.3833,3.2746,3.1659,3.0562,2.9465,2.8367,2.727,2.6049,2.4745,2.3449,2.2158,1.455,2.0703,2.6856,3.3009,3.9163,4.0305,4.0305,4.0305,4.0305,4.0305
0.4731,0.506,0.5455,0.5939,0.6436,0.6973,0.751,0.8052,0.8594,0.9136,0.9678,1.0281,0.6745,4.0404,4.0404,4.0404,4.0404,4.0404,4.0404,4.0404,4.0404,4.0404,4.0404,4.0404,4.0404
1.8775,1.844,1.8037,1.7544,1.7036,1.6489,1.5942,1.5389,1.4837,1.4284,1.3732,1.3117,0.6561,4.0504,4.0504,4.0252,4.0233,4.0224,4.0265,4.0305,4.0351,4.0397,4.0444,4.0491,4.0504
1.0598,1.1334,1.2219,1.3303,1.4417,1.562,1.6822,1.8036,1.925,2.0464,2.1679,2.3029,2.4472,2.5907,2.7335,1.5257,2.0165,2.6159,3.2152,3.8145,4.0605,4.0605,4.0605,4.0605,4.0605
1.4639,1.5656,1.6878,1.8375,1.9915,2.1576,2.3237,2.4914,2.5106,1.9424,1.3742,4.0706,4.0706,4.0706,4.0706,4.0706,4.0706,4.0706,4.0706,4.0706,4.0706,4.0706,4.0706,4.0706,4.0706
1.9939,1.9583,1.9156,1.8632,1.8093,1.7512,1.693,1.6344,1.5757,1.517,1.4583,1.3931,1.3233,0.6275,1.495,2.5837,3.6764,4.0807,4.0807,4.0807,4.0807,4.0807,4.0807,4.0807,4.0807
0.4552,0.4868,0.5249,0.5714,0.6193,0.6709,0.7226,0.7747,0.8269,0.879,0.9312,0.9892,1.0512,0.9276,3.3908,3.9963,3.998,3.9988,3.995,3.9912,3.9869,3.9825,3.9781,3.9737,3.9693
3.0247,2.9707,2.9059,2.8264,2.7447,2.6565,2.5683,2.4793,2.3904,2.252,1.5932,4.1011,4.1011,4.1011,4.1011,4.1011,4.1011,4.1011,4.1011,4.1011,4.1011,4.1011,4.1011,4.1011,4.1011
4.1114,4.1114,4.1114,4.1114,4.1114,4.1114,4.1114,4.1114,4.1114,4.1114,4.1114,4.1114,4.1114,4.1114,4.1114,4.1114,4.1114,4.1114,4.1114,3.4856,4.0332,4.1114,4.1114,4.1114,4.1114
0.5778,0.618,0.6662,0.7253,0.7861,0.8516,0.9172,0.9834,1.0496,1.1158,1.182,1.1964,4.1218,4.1218,4.1218,4.1218,4.1218,4.1218,4.1218,4.1218,4.1218,4.1218,4.1218,4.1218,4.1218
1.7277,1.6969,1.6598,1.6144,1.5677,1.5174,1.467,1.4162,1.3654,1.3145,1.2636,1.2071,1.1467,3.8009,3.7411,3.7041,3.7023,3.7016,3.7053,3.709,3.7132,3.7175,3.7217,3.7261,3.7304
0.6281,0.6717,0.7242,0.7884,0.8544,0.9257,0.997,1.0689,1.1408,1.2128,1.2848,1.3648,1.4503,1.5354,1.0466,1.8087,2.5736,3.3386,4.1035,4.1426,4.1426,4.1426,4.1426,4.1426,4.1426
4.1531,4.1531,4.1531,4.1531,4.1531,4.1531,4.1531,4.1531,4.1531,4.1531,4.1531,4.1531,4.1531,4.1531,4.1531,4.1531,4.1531,4.1531,4.1531,4.1531,4.1531,4.1531,4.1531,4.1531,4.1531
2.6754,2.6276,2.5702,2.4999,2.4277,2.3497,2.2717,2.193,2.1143,2.0355,1.9567,1.8692,1.7756,1.6826,0.9689,1.6744,2.3825,3.0906,3.7987,4.1637,4.1637,4.1637,4.1637,4.1637,4.1637
0.4463,0.4773,0.5145,0.5602,0.6071,0.6578,0.7084,0.7595,0.8106,0.8618,0.9129,0.9698,1.0305,3.8204,3.8806,3.9178,3.9196,3.9204,3.9166,3.9129,3.9087,3.9044,3.9001,3.8957,3.8914
2.1047,2.0671,2.0219,1.9666,1.9098,1.8484,1.7871,1.7252,1.6633,1.6013,1.5393,1.3303,4.1849,4.1849,4.1849,4.1849,4.1849,4.1849,4.1849,4.1849,4.1849,4.1849,4.1849,4.1849,4.1849
2.0568,2.1997,2.3714,2.5818,2.7981,3.0315,3.2649,3.5004,3.736,3.9717,4.1956,4.1956,4.1956,4.1956,4.1956,4.1956,4.1956,4.1956,2.971,3.5248,4.0786,4.1956,4.1956,4.1956,4.1956
0.8819,0.9432,1.0168,1.107,1.1998,1.2998,1.3999,1.5009,1.6019,1.703,1.5044,0.883,4.2064,4.2064,4.2064,4.2064,4.2064,4.2064,4.2064,4.2064,4.2064,4.2064,4.2064,4.2064,4.2064
1.8026,1.7704,1.7318,1.6844,1.6357,1.5832,1.5306,1.4776,1.4245,1.3715,1.3184,1.2594,1.1964,0.6753,2.4684,3.8647,3.8629,3.862,3.8659,3.8698,3.8742,3.8786,3.8831,3.8876,3.8921
0.4875,0.5214,0.5621,0.6119,0.6632,0.7185,0.7739,0.8297,0.8855,0.9414,0.9973,1.0594,1.1257,0.5954,1.7447,3.0152,4.2281,4.2281,4.2281,4.2281,4.2281,4.2281,4.2281,4.2281,4.2281
4.2391,4.2391,4.2391,4.2054,4.0838,3.9527,3.7332,3.1515,2.5699,2.01,4.2391,4.2391,4.2391,4.2391,4.2391,4.2391,4.2391,4.2391,4.2391,4.2391,4.2391,4.2391,4.2391,4.2391,4.2391
4.2501,4.2501,4.2501,4.2501,4.2501,4.2501,4.2501,4.1073,3.9599,3.8124,3.6648,3.5008,3.3256,3.1513,2.9779,1.3584,1.933,2.5075,3.082,3.6565,4.231,4.2501,4.2501,4.2501,4.2501
0.497,0.5316,0.5731,0.6239,0.6762,0.7326,0.789,0.8459,0.9028,0.9598,1.0168,1.0801,0.5398,4.255,4.2611,4.2611,4.2611,4.2611,4.2611,4.2611,4.2611,4.2611,4.2611,4.2611,4.2611
1.7769,1.7452,1.7071,1.6604,1.6124,1.5606,1.5088,1.4565,1.4043,1.352,1.2996,1.2415,0.8724,3.9093,3.8478,3.8096,3.8079,3.8071,3.8109,3.8147,3.819,3.8234,3.8278,3.8323,3.8367
0.8207,0.8777,0.9462,1.0301,1.1164,1.2096,1.3027,1.3967,1.4907,1.5847,1.6788,1.7833,1.8951,2.0062,2.1168,1.5108,2.1497,2.7887,3.4276,4.0665,4.2834,4.2834,4.2834,4.2834,4.2834
2.5327,2.7086,2.9201,3.1792,3.4455,3.7329,3.4963,2.9516,2.4068,1.8621,4.2946,4.2946,4.2946,4.2946,4.2946,4.2946,4.2946,4.2946,4.2946,4.2946,4.2946,4.2946,4.2946,4.2946,4.2946
2.1602,2.1216,2.0753,2.0185,1.9602,1.8972,1.8342,1.7707,1.7071,1.6435,1.5799,1.5092,1.4337,1.3585,1.2107,2.0922,2.977,3.8619,4.3059,4.3059,4.3059,4.3059,4.3059,4.3059,4.3059
0.4418,0.4725,0.5094,0.5546,0.601,0.6511,0.7013,0.7519,0.8025,0.8531,0.9037,0.96,1.0202,2.312,3.8415,3.8784,3.8801,3.8809,3.8772,3.8735,3.8693,3.865,3.8608,3.8565,3.8522
2.5345,2.4892,2.4349,2.3683,2.2998,2.2259,2.152,2.0775,2.0029,1.9283,1.7576,1.0317,4.3287,4.3287,4.3287,4.3287,4.3287,4.3287,4.3287,4.3287,4.3287,4.3287,4.3287,4.3287,4.3287
4.3401,4.3401,4.3401,4.3401,4.3401,4.3401,4.3401,4.3401,4.3401,4.3401,4.3401,4.3401,4.3401,4.3401,4.3401,4.3401,4.3401,4.3401,4.3401,4.3401,4.3401,4.3401,4.3401,4.3401,4.3401
0.6509,0.6961,0.7505,0.8171,0.8855,0.9594,1.0332,1.1078,1.1823,1.2569,1.3315,1.0303,4.3517,4.3517,4.3517,4.3517,4.3517,4.3517,4.3517,4.3517,4.3517,4.3517,4.3517,4.3517,4.3517
1.717,1.6864,1.6495,1.6044,1.558,1.508,1.4579,1.4074,1.3569,1.3064,1.2558,1.1996,1.1396,2.2939,3.718,3.6812,3.6794,3.6787,3.6823,3.686,3.6902,3.6944,3.6987,3.703,3.7073
0.5533,0.5917,0.6379,0.6945,0.7527,0.8155,0.8783,0.9417,1.005,1.0684,1.1318,1.2023,1.2777,1.3526,1.2085,2.0885,2.9717,3.855,4.3749,4.3749,4.3749,4.3749,4.3749,4.3749,4.3749
4.3866,4.3866,4.3866,4.3866,4.3866,4.3866,4.3866,4.3866,4.3866,4.3866,4.3866,4.3866,4.3866,4.3866,4.3866,4.3866,4.3866,4.3866,4.3866,4.3866,4.3866,4.3866,4.3866,4.3866,4.3866
3.1841,3.1273,3.059,2.9753,2.8893,2.7965,2.7037,2.61,2.5163,2.4226,2.3288,2.2246,2.1133,2.0025,0.8918,1.504,2.14,2.7761,3.4122,4.0482,4.3984,4.3984,4.3984,4.3984,4.3984
0.4543,0.4858,0.5237,0.5702,0.618,0.6695,0.7211,0.7731,0.8251,0.8772,0.9292,0.9871,0.8663,3.8887,3.9499,3.9878,3.9896,3.9904,3.9866,3.9828,3.9785,3.9741,3.9697,3.9653,3.9609
1.9231,1.8888,1.8475,1.797,1.745,1.689,1.6329,1.5763,1.5198,1.4632,1.4065,1.3436,0.6721,4.2308,4.1642,4.123,4.1211,4.1202,4.1243,4.1285,4.1332,4.1379,4.1427,4.1475,4.1523
1.2767,1.3654,1.472,1.6026,1.7369,1.8817,2.0267,2.1729,2.3191,2.4654,2.6117,2.7744,2.9482,3.1211,3.2931,3.3997,1.9205,2.4913,3.0621,3.6329,4.2037,4.4341,4.4341,4.4341,4.4341
1.149,1.2288,1.3248,1.4423,1.5631,1.6935,1.8239,1.9555,2.087,1.973,1.3958,4.4461,4.4461,4.4461,4.4461,4.4461,4.4461,4.4461,4.4461,4.4461,4.4461,4.4461,4.4461,4.4461,4.4461
1.8825,1.8489,1.8085,1.759,1.7082,1.6533,1.5984,1.5431,1.4877,1.4323,1.3768,1.3152,1.2494,0.5924,1.7282,2.9867,4.0341,4.0332,4.0372,4.0413,4.0459,4.0505,4.0552,4.0599,4.0646
0.4588,0.4906,0.5289,0.5759,0.6241,0.6761,0.7282,0.7808,0.8333,0.8859,0.9384,0.9969,1.0593,0.6703,2.4501,4.0273,4.0291,4.0299,4.0261,4.0222,4.0179,4.0135,4.0091,4.0046,4.0001
3.3957,3.3351,3.2623,3.1731,3.0813,2.9824,2.8833,2.7835,2.6836,2.1059,1.4899,4.4826,4.4826,4.4826,4.4826,4.4826,4.4826,4.4826,4.4826,4.4826,4.4826,4.4826,4.4826,4.4826,4.4826
4.4949,4.4949,4.4949,4.4949,4.4949,4.4949,4.4949,4.4949,4.4949,4.4949,4.4949,4.4949,4.4949,4.4949,4.4949,4.4949,4.4949,2.3908,2.9386,3.4864,4.0342,4.4949,4.4949,4.4949,4.4949
0.5346,0.5717,0.6164,0.671,0.7273,0.7879,0.8486,0.9098,0.971,1.0323,1.0936,1.1617,4.504,4.5073,4.5073,4.5073,4.5073,4.5073,4.5073,4.5073,4.5073,4.5073,4.5073,4.5073,4.5073
1.7156,1.685,1.6482,1.6031,1.5567,1.5067,1.4567,1.4062,1.3558,1.3053,1.2548,1.1986,1.1386,3.7743,3.7149,3.6781,3.6764,3.6756,3.6793,3.683,3.6872,3.6914,3.6957,3.6999,3.7042
0.6777,0.7248,0.7814,0.8507,0.922,0.9989,1.0758,1.1534,1.231,1.3087,1.3864,1.4727,1.565,1.6567,0.9565,1.6529,2.352,3.051,3.7501,4.4491,4.5322,4.5322,4.5322,4.5322,4.5322
4.5448,4.5448,4.5448,4.5448,4.4813,3.9489,4.5448,4.5448,4.5448,4.5448,4.5448,4.5448,4.5448,4.5448,4.5448,4.5448,4.5448,4.5448,4.5448,4.5448,4.5448,4.5448,4.5448,4.5448,4.5448
2.4099,2.3669,2.3152,2.2519,2.1868,2.1165,2.0462,1.9754,1.9045,1.8335,1.7626,1.6837,1.5994,1.5156,1.0305,1.7808,2.5339,3.2871,4.0402,4.5574,4.5574,4.5574,4.5574,4.5574,4.5574
0.4369,0.4672,0.5037,0.5484,0.5943,0.6439,0.6935,0.7435,0.7935,0.8436,0.8936,0.9493,1.0088,3.7397,3.7986,3.8351,3.8368,3.8375,3.8339,3.8302,3.8261,3.8219,3.8177,3.8134,3.8092
2.2112,2.1717,2.1243,2.0662,2.0064,1.942,1.8775,1.8125,1.7474,1.6823,1.6172,1.1774,4.5829,4.5829,4.5829,4.5829,4.5829,4.5829,4.5829,4.5829,4.5829,4.5829,4.5829,4.5829,4.5829
3.2634,3.4901,3.7626,4.0964,4.4396,4.5958,4.5958,4.5958,4.5958,4.5958,4.5958,4.5958,4.5958,4.5958,4.5958,4.5958,4.5958,4.5958,4.5958,4.5958,4.5958,4.5958,4.5958,4.5958,4.5958
0.7635,0.8165,0.8803,0.9584,1.0386,1.1253,1.2119,1.2994,1.3868,1.4743,1.5618,0.9178,4.6087,4.6087,4.6087,4.6087,4.6087,4.6087,4.6087,4.6087,4.6087,4.6087,4.6087,4.6087,4.6087
1.7386,1.7076,1.6703,1.6246,1.5776,1.527,1.4763,1.4251,1.374,1.3228,1.2716,1.2147,1.1539,0.9078,3.3184,3.7275,3.7258,3.725,3.7287,3.7324,3.7367,3.741,3.7453,3.7496,3.754
0.5019,0.5368,0.5787,0.63,0.6828,0.7397,0.7967,0.8542,0.9117,0.9692,1.0267,1.0907,1.159,0.613,1.4668,2.5349,3.6069,4.4089,4.4047,4.4005,4.3958,4.391,4.3861,4.3812,4.3764
4.6479,4.6479,4.6479,4.6479,4.6479,4.1291,3.5724,3.0159,4.6479,4.6479,4.6479,4.6479,4.6479,4.6479,4.6479,4.6479,4.6479,4.6479,4.6479,4.6479,4.6479,4.6479,4.6479,4.6479,4.6479
4.0417,3.9696,3.8829,3.7767,3.6675,3.5497,3.4318,3.3129,3.194,3.0751,2.9561,2.8238,2.6824,2.5418,2.402,1.3864,1.9728,2.5591,3.1454,3.7318,4.3181,4.6612,4.6612,4.6612,4.6612
0.4717,0.5044,0.5438,0.592,0.6416,0.6952,0.7487,0.8027,0.8567,0.9108,0.9648,1.0249,0.578,4.0377,4.1012,4.1406,4.1424,4.1433,4.1393,4.1354,4.1309,4.1264,4.1218,4.1172,4.1127
1.7989,1.7668,1.7282,1.6809,1.6323,1.5799,1.5275,1.4745,1.4216,1.3687,1.3157,1.2568,0.6599,3.9576,3.8953,3.8567,3.8549,3.8541,3.858,3.8618,3.8662,3.8707,3.8751,3.8796,3.8841
0.9339,0.9988,1.0768,1.1723,1.2705,1.3765,1.4825,1.5894,1.6964,1.8034,1.9105,2.0295,2.1566,2.2831,2.4089,1.4206,2.0214,2.6222,3.223,3.8237,4.4245,4.7013,4.7013,4.7013,4.7013
1.7066,1.8252,1.9677,2.1422,2.3217,2.5153,2.7091,2.9045,2.418,1.8708,1.4036,4.7148,4.7148,4.7148,4.7148,4.7148,4.7148,4.7148,4.7148,4.7148,4.7148,4.7148,4.7148,4.7148,4.7148
2.0107,1.9749,1.9317,1.8789,1.8246,1.766,1.7073,1.6482,1.589,1.5298,1.4706,1.4048,1.3345,1.2646,1.3436,2.322,3.3041,4.2861,4.3123,4.3166,4.3215,4.3265,4.3315,4.3365,4.3415
0.4406,0.4712,0.508,0.553,0.5994,0.6494,0.6994,0.7498,0.8003,0.8507,0.9012,0.9574,1.0174,1.1756,3.8309,3.8677,3.8694,3.8702,3.8665,3.8628,3.8586,3.8544,3.8502,3.8459,3.8416
2.7587,2.7094,2.6503,2.5778,2.5033,2.4228,2.3424,2.2613,2.1801,2.0989,1.6174,1.0605,4.7559,4.7559,4.7559,4.7559,4.7559,4.7559,4.7559,4.7559,4.7559,4.7559,4.7559,4.7559,4.7559
4.7697,4.7697,4.7697,4.7697,4.7697,4.7697,4.7697,4.7697,4.7697,4.7697,4.7697,4.7697,4.7697,4.7697,4.7697,4.7697,4.7697,4.7697,4.7697,4.7697,4.7697,4.7697,4.7697,4.7697,4.7697
0.591,0.6321,0.6814,0.7419,0.804,0.8711,0.9382,1.0059,1.0736,1.1413,1.209,1.1039,4.7836,4.7836,4.7836,4.7836,4.7836,4.7836,4.7836,4.7836,4.7836,4.7836,4.7836,4.7836,4.7836
1.6879,1.6578,1.6216,1.5772,1.5316,1.4824,1.4332,1.3835,1.3339,1.2842,1.2345,1.1793,1.1202,3.7134,3.655,3.6187,3.617,3.6163,3.6199,3.6235,3.6277,3.6318,3.636,3.6402,3.6444
0.585,0.6257,0.6745,0.7344,0.7959,0.8623,0.9287,0.9957,1.0627,1.1297,1.1968,1.2713,1.351,1.4302,1.08,1.8663,2.6557,3.445,4.2343,4.8117,4.8117,4.8117,4.8117,4.8117,4.8117
4.8259,4.8259,4.8259,4.8259,4.8259,4.8259,4.8259,4.8259,4.8259,4.8259,4.8259,4.8259,4.8259,4.8259,4.8259,4.8259,4.8259,4.8259,4.8259,4.8259,4.8259,4.8259,4.8259,4.8259,4.8259
2.7898,2.7401,2.6802,2.6069,2.5315,2.4502,2.3689,2.2868,2.2047,2.1226,2.0405,1.9491,1.8516,1.7545,0.9098,1.5723,2.2372,2.9022,3.5671,4.2321,4.8402,4.8402,4.8402,4.8402,4.8402
0.4401,0.4707,0.5074,0.5524,0.5987,0.6486,0.6986,0.749,0.7994,0.8498,0.9002,0.9563,1.0162,3.7674,3.8267,3.8634,3.8651,3.8659,3.8622,3.8586,3.8544,3.8502,3.8459,3.8416,3.8373
1.9903,1.9548,1.9121,1.8598,1.806,1.748,1.69,1.6314,1.5729,1.5143,1.4557,1.3905,4.4479,4.3787,4.3098,4.2671,4.2651,4.2642,4.2685,4.2727,4.2776,4.2825,4.2875,4.2924,4.2974
1.6352,1.7488,1.8854,2.0526,2.2246,2.4102,2.5958,2.783,2.9703,3.1577,3.3451,3.5535,3.7761,3.9975,4.2178,4.3544,4.3608,2.3951,2.9438,3.4926,4.0413,4.5901,4.8835,4.8835,4.8835
0.9478,1.0136,1.0927,1.1897,1.2893,1.3969,1.5045,1.613,1.7215,1.8301,1.4316,0.9002,4.8981,4.8981,4.8981,4.8981,4.8981,4.8981,4.8981,4.8981,4.8981,4.8981,4.8981,4.8981,4.8981
1.7951,1.7631,1.7246,1.6774,1.6289,1.5766,1.5242,1.4714,1.4186,1.3658,1.3129,1.2542,1.1914,0.569,2.08,3.5945,3.8468,3.846,3.8499,3.8537,3.8581,3.8625,3.867,3.8715,3.876
0.4666,0.499,0.5379,0.5857,0.6347,0.6877,0.7406,0.7941,0.8475,0.9009,0.9544,1.0139,1.0774,0.5699,1.9196,3.3175,4.0978,4.0986,4.0947,4.0908,4.0863,4.0819,4.0774,4.0728,4.0683
3.9248,3.8548,3.7706,3.6675,3.5614,3.447,3.3326,3.1552,2.5729,1.9906,4.9424,4.9424,4.9424,4.9424,4.9424,4.9424,4.9424,4.9424,4.9424,4.9424,4.9424,4.9424,4.9424,4.9424,4.9424
4.9573,4.9573,4.9573,4.9573,4.9573,4.9573,4.8495,4.6815,4.5135,4.3454,4.1772,3.9903,3.7905,3.5919,3.3942,3.2717,1.8598,2.4125,2.9653,3.518,4.0708,4.6235,4.9573,4.9573,4.9573
0.5005,0.5352,0.577,0.6282,0.6809,0.7377,0.7945,0.8518,0.9091,0.9664,1.0238,1.0876,0.5435,4.2844,4.3519,4.3937,4.3956,4.3965,4.3923,4.3881,4.3834,4.3786,4.3737,4.3689,4.364
1.7182,1.6876,1.6507,1.6056,1.5591,1.5091,1.459,1.4084,1.3579,1.3073,1.2567,1.2005,1.0563,3.7801,3.7207,3.6838,3.6821,3.6813,3.685,3.6887,3.6929,3.6971,3.7014,3.7057,3.71
0.7447,0.7964,0.8586,0.9348,1.0131,1.0976,1.1821,1.2674,1.3527,1.438,1.5234,1.6182,1.7196,1.8205,1.0099,1.5309,2.1783,2.8257,3.4731,4.1206,4.768,5.0027,5.0027,5.0027,5.0027
3.4949,3.7377,4.0295,4.387,4.4557,3.9264,3.3971,2.8678,2.3385,5.0181,5.0181,5.0181,5.0181,5.0181,5.0181,5.0181,5.0181,5.0181,5.0181,5.0181,5.0181,5.0181,5.0181,5.0181,5.0181
2.2044,2.1651,2.1178,2.0599,2.0003,1.9361,1.8718,1.807,1.7421,1.6772,1.6123,1.5402,1.4631,1.3864,1.1128,1.9232,2.7365,3.5498,4.3632,4.7325,4.7378,4.7433,4.7488,4.7543,4.7598
0.4313,0.4612,0.4972,0.5413,0.5867,0.6356,0.6846,0.734,0.7833,0.8328,0.8822,0.9371,0.9959,3.6918,3.7499,3.7859,3.7876,3.7884,3.7848,3.7812,3.7771,3.7729,3.7688,3.7646,3.7604
2.354,2.312,2.2615,2.1997,2.1361,2.0675,1.9988,1.9296,1.8603,1.791,1.7217,1.0614,5.0646,5.0646,5.0646,5.0469,5.0445,5.0435,5.0485,5.0536,5.0593,5.0646,5.0646,5.0646,5.0646
5.0803,5.0803,5.0803,5.0803,5.0803,5.0803,5.0803,5.0803,5.0803,5.0803,5.0803,5.0803,5.0803,5.0803,5.0803,5.0803,5.0803,5.0803,5.0803,5.0803,5.0803,5.0803,5.0803,5.0803,5.0803
0.6761,0.7231,0.7796,0.8487,0.9198,0.9966,1.0733,1.1507,1.2282,1.3056,1.3831,0.9653,5.0961,5.0961,5.0961,5.0961,5.0961,5.0961,5.0961,5.0961,5.0961,5.0961,5.0961,5.0961,5.0961
1.6917,1.6615,1.6252,1.5808,1.5351,1.4858,1.4364,1.3867,1.3369,1.2871,1.2373,1.1819,1.1228,1.4233,3.6632,3.6269,3.6252,3.6245,3.6281,3.6317,3.6359,3.64,3.6442,3.6485,3.6527
0.5223,0.5586,0.6022,0.6556,0.7105,0.7698,0.829,0.8889,0.9487,1.0085,1.0684,1.1349,1.206,1.2767,1.2702,2.1951,3.1234,4.0517,4.5835,4.5792,4.5742,4.5692,4.5641,4.5591,4.554
5.1441,5.1441,5.1441,5.0629,4.5251,5.1441,5.1441,5.1441,5.1441,5.1441,5.1441,5.1441,5.1441,5.1441,5.1441,5.1441,5.1441,5.1441,5.1441,5.1441,5.1441,5.1441,5.1441,5.1441,5.1441
3.397,3.3364,3.2635,3.1743,3.0825,2.9835,2.8844,2.7845,2.6846,2.5846,2.4845,2.3733,2.2546,2.1364,2.0188,1.429,2.0334,2.6378,3.2421,3.8465,4.4508,5.0552,5.1603,5.1603,5.1603
0.4519,0.4833,0.521,0.5672,0.6148,0.666,0.7173,0.7691,0.8208,0.8726,0.9244,0.982,0.7142,3.8685,3.9294,3.9672,3.9689,3.9697,3.9659,3.9622,3.9579,3.9535,3.9492,3.9448,3.9404
1.8382,1.8053,1.7659,1.7176,1.668,1.6144,1.5608,1.5067,1.4526,1.3985,1.3444,1.2842,0.6424,4.044,3.9803,3.9409,3.9391,3.9382,3.9422,3.9461,3.9506,3.9551,3.9597,3.9643,3.9689
1.0991,1.1754,1.2672,1.3796,1.4952,1.6199,1.7446,1.8705,1.9964,2.1223,2.2483,2.3883,2.538,2.6868,2.8349,2.9266,1.9204,2.4912,3.062,3.6327,4.2035,4.7743,5.2095,5.2095,5.2095
1.2871,1.3765,1.484,1.6156,1.751,1.897,2.0431,2.1905,2.3379,1.8962,1.3415,5.2262,5.2262,5.2262,5.2262,5.2262,5.2262,5.2262,5.2262,5.2262,5.2262,5.2262,5.2262,5.2262,5.2262
1.8928,1.859,1.8184,1.7687,1.7176,1.6624,1.6072,1.5515,1.4959,1.4401,1.3844,1.3224,1.2562,0.5956,1.5292,2.6427,3.7603,4.0554,4.0594,4.0635,4.0681,4.0728,4.0775,4.0822,4.0869
0.4432,0.4739,0.511,0.5563,0.6029,0.6532,0.7035,0.7542,0.805,0.8557,0.9065,0.963,1.0233,0.7861,2.8736,3.8904,3.8922,3.893,3.8892,3.8855,3.8813,3.8771,3.8728,3.8685,3.8642
3.063,3.0084,2.9427,2.8622,2.7794,2.6902,2.6009,2.5108,2.4206,2.1302,1.5071,5.2767,5.2767,5.2767,5.2767,5.2767,5.2767,5.2767,5.2767,5.2767,5.2767,5.2767,5.2767,5.2767,5.2767
5.2937,5.2937,5.2937,5.2937,5.2937,5.2937,5.2937,5.2937,5.2937,5.2937,5.2937,5.2937,5.2937,5.2937,5.2937,5.2937,5.2937,5.2937,2.8526,3.3844,3.9161,4.4478,4.9796,5.2937,5.2937
0.5444,0.5822,0.6277,0.6833,0.7406,0.8024,0.8641,0.9265,0.9888,1.0512,1.1136,1.183,4.5865,4.6603,4.7336,4.7791,4.7812,4.7822,4.7776,4.773,4.7679,4.7627,4.7574,4.7521,4.7468
1.6733,1.6434,1.6075,1.5635,1.5183,1.4696,1.4208,1.3716,1.3223,1.2731,1.2238,1.169,1.1105,3.6812,3.6233,3.5874,3.5857,3.5849,3.5885,3.5921,3.5962,3.6003,3.6045,3.6087,3.6128
0.6274,0.671,0.7233,0.7875,0.8535,0.9247,0.9959,1.0677,1.1396,1.2115,1.2834,1.3633,1.4487,1.5337,0.9814,1.6961,2.4133,3.1306,3.8479,4.5652,5.2825,5.3455,5.3455,5.3455,5.3455
5.363,5.363,5.363,5.363,5.363,5.363,5.363,5.363,5.363,5.363,5.363,5.363,5.363,5.363,5.363,5.363,5.363,5.363,5.363,5.363,5.363,5.363,5.363,5.363,5.363
2.4947,2.4502,2.3967,2.3311,2.2637,2.191,2.1183,2.0449,1.9715,1.8981,1.8246,1.743,1.6557,1.5689,0.9629,1.6641,2.3679,3.0717,3.7754,4.4792,5.183,5.3679,5.3741,5.3803,5.3806
0.43,0.4599,0.4958,0.5398,0.585,0.6338,0.6826,0.7319,0.7811,0.8304,0.8797,0.9345,0.993,3.6814,3.7393,3.7752,3.7769,3.7777,3.7741,3.7705,3.7664,3.7623,3.7581,3.7539,3.7498
2.0828,2.0457,2.001,1.9463,1.89,1.8293,1.7686,1.7073,1.646,1.5847,1.5234,1.2319,4.6547,4.5823,4.5102,4.4655,4.4634,4.4625,4.4669,4.4714,4.4765,4.4816,4.4868,4.492,4.4972
2.324,2.4854,2.6795,2.9172,3.1616,3.4253,3.6891,3.9552,4.2213,4.4876,4.754,5.0501,5.3665,5.4342,5.4342,5.4342,5.4342,5.4342,5.4342,3.3877,3.92,4.4522,4.9845,5.4342,5.4342
0.8095,0.8657,0.9333,1.0161,1.1012,1.193,1.2849,1.3776,1.4703,1.5631,1.4832,0.8706,5.4522,5.4522,5.4522,5.4522,5.4522,5.4522,5.4522,5.4522,5.4522,5.4522,5.4522,5.4522,5.4522
1.7278,1.697,1.6599,1.6145,1.5679,1.5175,1.4671,1.4163,1.3655,1.3146,1.2637,1.2072,1.1467,0.7268,2.6567,3.7044,3.7026,3.7018,3.7056,3.7093,3.7135,3.7177,3.722,3.7263,3.7307
0.479,0.5123,0.5523,0.6013,0.6517,0.7061,0.7604,0.8153,0.8701,0.925,0.98,1.041,1.1062,0.5851,1.5823,2.7345,3.8909,4.2082,4.2042,4.2002,4.1956,4.191,4.1864,4.1817,4.1771
4.7184,4.6342,4.533,4.409,4.2816,4.1241,3.5681,3.0122,2.4563,5.5072,5.5072,5.5072,5.5072,5.5072,5.5072,5.5072,5.5072,5.5072,5.5072,5.5072,5.5072,5.5072,5.5072,5.5072,5.5072
4.4657,4.3861,4.2903,4.1729,4.0523,3.9221,3.7919,3.6605,3.5292,3.3977,3.2662,3.12,2.9639,2.8085,2.654,1.3308,1.8936,2.4565,3.0193,3.5821,4.1449,4.7077,5.2705,5.5258,5.5258
0.4736,0.5065,0.5461,0.5945,0.6443,0.698,0.7518,0.806,0.8603,0.9145,0.9688,1.0292,0.5143,4.0543,4.1182,4.1577,4.1596,4.1604,4.1564,4.1525,4.148,4.1434,4.1388,4.1342,4.1296
1.7359,1.7049,1.6677,1.622,1.5752,1.5246,1.4739,1.4229,1.3718,1.3207,1.2696,1.2128,0.7561,3.8189,3.7589,3.7216,3.7199,3.7191,3.7228,3.7265,3.7308,3.7351,3.7394,3.7437,3.748
0.8365,0.8946,0.9645,1.05,1.138,1.2329,1.3279,1.4236,1.5194,1.6153,1.7112,1.8178,1.9316,2.0449,2.1576,1.4347,2.0414,2.6482,3.2549,3.8617,4.4684,5.0752,5.5823,5.5823,5.5823
2.0815,2.2261,2.3999,2.6128,2.8317,3.0679,3.3042,2.8756,2.3449,1.8142,5.6014,5.6014,5.6014,5.6014,5.6014,5.6014,5.6014,5.6014,5.6014,5.6014,5.6014,5.6014,5.6014,5.6014,5.6014
2.0436,2.0071,1.9633,1.9096,1.8544,1.7948,1.7352,1.6751,1.615,1.5548,1.4947,1.4278,1.3563,1.2852,1.2234,2.1143,3.0085,3.9027,4.3828,4.3872,4.3921,4.3972,4.4023,4.4074,4.4125
0.4293,0.4591,0.495,0.5389,0.584,0.6327,0.6815,0.7306,0.7798,0.829,0.8782,0.9329,0.9913,1.6462,3.7329,3.7688,3.7705,3.7712,3.7676,3.7641,3.76,3.7559,3.7517,3.7475,3.7434
2.544,2.4986,2.4441,2.3772,2.3085,2.2343,2.1602,2.0853,2.0105,1.9356,1.6555,0.978,5.6594,5.5969,5.5088,5.4543,5.4517,5.4505,5.456,5.4615,5.4677,5.474,5.4803,5.4866,5.493
5.679,5.679,5.679,5.679,5.679,5.679,5.679,5.679,5.679,5.679,5.679,5.679,5.679,5.679,5.679,5.679,5.679,5.679,5.679,5.679,5.679,5.679,5.679,5.679,5.679
0.61,0.6523,0.7033,0.7656,0.8298,0.899,0.9682,1.0381,1.1079,1.1778,1.2477,1.0285,5.139,5.2216,5.3038,5.3547,5.3571,5.3582,5.3531,5.348,5.3422,5.3363,5.3304,5.3245,5.3186
1.6601,1.6304,1.5948,1.5512,1.5064,1.458,1.4096,1.3607,1.3119,1.263,1.2142,1.1598,1.1018,3.4682,3.5947,3.5591,3.5574,3.5567,3.5602,3.5638,3.5678,3.5719,3.5761,3.5802,3.5843
0.5498,0.588,0.6339,0.6901,0.748,0.8103,0.8728,0.9357,0.9987,1.0617,1.1247,1.1948,1.2696,1.344,1.1254,1.9449,2.7674,3.59,4.4125,4.8206,4.8153,4.8101,4.8047,4.7994,4.7941
5.7589,5.7589,5.7589,5.7589,5.7589,5.7589,5.7589,5.7589,5.7589,5.7589,5.7589,5.7589,5.7589,5.7589,5.7589,5.7589,5.7589,5.7589,5.7589,5.7589,5.7589,5.7589,5.7589,5.7589,5.7589
2.942,2.8895,2.8264,2.7491,2.6696,2.5839,2.4981,2.4115,2.325,2.2384,2.1518,2.0555,1.9526,1.8502,0.8613,1.4885,2.1181,2.7476,3.3771,4.0067,4.6362,5.2657,5.7792,5.7792,5.7792
0.4369,0.4673,0.5037,0.5484,0.5944,0.6439,0.6935,0.7436,0.7936,0.8437,0.8937,0.9494,0.952,3.7402,3.799,3.8355,3.8372,3.838,3.8343,3.8307,3.8265,3.8223,3.8181,3.8139,3.8096
1.8967,1.8628,1.8221,1.7723,1.7211,1.6658,1.6105,1.5547,1.4989,1.443,1.3872,1.3251,4.2386,4.1727,4.107,4.0663,4.0644,4.0636,4.0676,4.0717,4.0764,4.081,4.0857,4.0905,4.0952
1.3558,1.45,1.5632,1.7019,1.8445,1.9983,2.1522,2.3075,2.4628,2.6181,2.7736,2.9463,3.1309,3.3145,3.4972,3.6104,3.6157,2.3895,2.9369,3.4844,4.0319,4.5793,5.1268,5.6743,5.841
1.0356,1.1075,1.194,1.2999,1.4088,1.5263,1.6439,1.7625,1.881,1.9397,1.3723,5.8619,5.8619,5.8619,5.8619,5.8619,5.8619,5.8619,5.8619,5.8619,5.8619,5.8619,5.8619,5.8619,5.8619
1.8002,1.7681,1.7294,1.6821,1.6335,1.581,1.5286,1.4756,1.4226,1.3696,1.3166,1.2577,1.1948,0.5665,1.7984,3.108,3.8577,3.8569,3.8607,3.8646,3.869,3.8734,3.8779,3.8824,3.8869
0.4497,0.4809,0.5185,0.5645,0.6118,0.6628,0.7138,0.7653,0.8168,0.8684,0.9199,0.9772,1.0384,0.591,2.1602,3.7332,3.9495,3.9503,3.9465,3.9428,3.9385,3.9342,3.9298,3.9255,3.9211
3.4859,3.4237,3.3489,3.2574,3.1632,3.0616,2.9599,2.8574,2.5945,2.0073,1.4542,5.9255,5.9255,5.9255,5.9255,5.9255,5.9255,5.9255,5.9255,5.9255,5.9255,5.9255,5.9255,5.9255,5.9255
5.947,5.947,5.947,5.947,5.947,5.9182,5.7217,5.5235,5.3253,5.1269,4.9285,4.7079,4.4723,4.2379,4.0047,3.8601,1.8016,2.3371,2.8726,3.4081,3.9435,4.479,5.0145,5.55,5.947
0.5077,0.543,0.5854,0.6373,0.6907,0.7483,0.806,0.8641,0.9223,0.9804,1.0386,1.1033,0.5514,4.3465,4.4149,4.4573,4.4593,4.4602,4.4559,4.4517,4.4469,4.442,4.4371,4.4322,4.4272
1.6726,1.6428,1.6069,1.563,1.5178,1.469,1.4202,1.371,1.3218,1.2726,1.2234,1.1686,1.1101,3.6798,3.6219,3.586,3.5844,3.5836,3.5872,3.5908,3.5949,3.599,3.6031,3.6073,3.6115
0.6837,0.7312,0.7883,0.8583,0.9302,1.0077,1.0854,1.1637,1.2419,1.3203,1.3987,1.4858,1.5789,1.6715,0.9272,1.5635,2.2247,2.886,3.5472,4.2084,4.8696,5.5309,5.9752,5.9686,5.9619
5.842,5.9127,5.394,4.8759,4.3579,3.8402,3.3225,2.8049,6.0346,6.0346,6.0346,6.0346,6.0346,6.0346,6.0346,6.0346,6.0346,6.0346,6.0346,6.0346,6.0346,6.0346,6.0346,6.0346,6.0346
2.2687,2.2282,2.1796,2.1199,2.0587,1.9925,1.9264,1.8596,1.7929,1.7261,1.6593,1.5851,1.5057,1.4268,1.0334,1.7858,2.5411,3.2963,4.0516,4.8068,4.876,4.8815,4.8872,4.8928,4.8985
0.4237,0.4532,0.4886,0.5319,0.5765,0.6246,0.6727,0.7212,0.7697,0.8183,0.8668,0.9208,0.9785,3.6275,3.6846,3.72,3.7217,3.7224,3.7189,3.7153,3.7113,3.7072,3.7031,3.699,3.6949
2.2064,2.167,2.1197,2.0617,2.0021,1.9378,1.8734,1.8085,1.7436,1.6787,1.6137,1.1022,4.9307,4.854,4.7776,4.7303,4.7281,4.7271,4.7318,4.7366,4.742,4.7474,4.7529,4.7584,4.7639
4.1409,4.4285,4.7743,5.1979,5.6333,6.1032,6.1249,6.1249,6.1249,6.1249,6.1249,6.1249,6.1249,6.1249,6.1249,6.1249,6.1249,6.1249,6.1249,6.1249,6.1249,6.1249,6.1249,6.1249,5.9176
0.7097,0.759,0.8182,0.8908,0.9655,1.046,1.1265,1.2078,1.2891,1.3704,1.4517,0.9119,5.9792,6.0753,6.1478,6.1478,6.1478,6.1478,6.1478,6.1478,6.1478,6.1478,6.1478,6.1478,6.1478
1.6778,1.6478,1.6118,1.5678,1.5224,1.4735,1.4246,1.3753,1.3259,1.2765,1.2271,1.1722,1.1135,1.0262,3.633,3.597,3.5954,3.5946,3.5982,3.6018,3.6059,3.61,3.6142,3.6184,3.6226
0.4968,0.5313,0.5728,0.6236,0.6759,0.7323,0.7886,0.8455,0.9024,0.9594,1.0163,1.0796,1.1472,1.2145,1.3512,2.3351,3.3226,4.3101,4.3602,4.356,4.3513,4.3465,4.3417,4.3369,4.3321
6.0105,5.9032,5.5816,5.0454,4.5094,3.9737,3.438,6.2178,6.2178,6.2178,6.2178,6.2178,6.2178,6.2178,6.2178,6.2178,6.2178,6.2178,6.2178,6.2178,6.2178,6.2178,6.2178,6.2178,6.2178
3.6777,3.6121,3.5332,3.4366,3.3372,3.23,3.1228,3.0146,2.9064,2.7981,2.6899,2.5695,2.4409,2.3129,2.1857,1.3678,1.9463,2.5248,3.1032,3.6817,4.2601,4.8386,5.4171,5.9955,6.2415
0.4526,0.484,0.5218,0.5681,0.6157,0.6671,0.7185,0.7703,0.8221,0.874,0.9259,0.9835,0.6078,3.8746,3.9356,3.9734,3.9751,3.9759,3.9721,3.9684,3.9641,3.9597,3.9553,3.9509,3.9465
1.7693,1.7378,1.6998,1.6533,1.6055,1.554,1.5024,1.4503,1.3983,1.3462,1.2941,1.2362,0.6183,3.8926,3.8313,3.7934,3.7916,3.7908,3.7946,3.7984,3.8027,3.8071,3.8115,3.8159,3.8203
0.9663,1.0334,1.1141,1.2129,1.3146,1.4242,1.5339,1.6445,1.7552,1.8659,1.9767,2.0998,2.2313,2.3622,2.4924,1.3911,1.9337,2.5085,3.0832,3.6579,4.2326,4.8073,5.3821,5.9568,6.3137
1.4821,1.5851,1.7088,1.8604,2.0163,2.1845,2.3527,2.5224,2.3715,1.8348,1.2981,6.3381,6.3381,6.3381,6.3381,6.3381,6.3381,6.3381,6.3381,6.3381,6.3381,6.3381,6.3381,6.3381,6.3381
1.917,1.8828,1.8416,1.7913,1.7395,1.6836,1.6277,1.5713,1.5149,1.4585,1.4021,1.3393,1.2723,1.2056,1.3745,2.3753,3.3799,4.1071,4.1112,4.1153,4.12,4.1247,4.1295,4.1343,4.1391
0.4309,0.4609,0.4969,0.5409,0.5863,0.6352,0.6841,0.7334,0.7828,0.8322,0.8816,0.9365,0.9951,0.9659,3.5308,3.7832,3.7849,3.7856,3.782,3.7784,3.7743,3.7702,3.766,3.7618,3.7576
2.7981,2.7482,2.6881,2.6146,2.539,2.4575,2.3759,2.2936,2.2113,2.1289,1.536,6.351,6.2532,6.1558,6.059,5.999,5.9962,5.9949,6.0009,6.0069,6.0138,6.0206,6.0276,6.0346,6.0416
6.4377,6.4377,6.4377,6.4377,6.4377,6.4377,6.4377,6.4377,6.4377,6.4377,6.4377,6.4377,6.4377,6.4377,6.4377,6.4377,6.4377,6.4377,6.4377,6.4377,3.8263,4.3459,4.8654,5.385,5.9045
0.5588,0.5977,0.6443,0.7015,0.7602,0.8237,0.8871,0.9511,1.0151,1.0791,1.1432,1.1122,4.7083,4.7839,4.8592,4.9059,4.9081,4.9091,4.9044,4.8997,4.8944,4.8891,4.8837,4.8782,4.8728
1.6425,1.6132,1.578,1.5348,1.4904,1.4426,1.3947,1.3464,1.298,1.2497,1.2013,1.1476,1.0901,3.6135,3.5567,3.5215,3.5198,3.5191,3.5226,3.5261,3.5301,3.5342,3.5383,3.5424,3.5465
0.5863,0.627,0.6759,0.7359,0.7976,0.8641,0.9306,0.9978,1.0649,1.1321,1.1993,1.274,1.3538,1.4332,1.0158,1.7555,2.4979,3.2404,3.9828,4.7252,5.1347,5.1291,5.1234,5.1177,5.112
6.5405,6.5405,6.5405,6.5405,6.5405,6.5405,6.5405,6.5405,6.5405,6.5405,6.5405,6.5405,6.5405,6.5405,6.5405,6.5405,6.5405,6.5405,6.5405,6.5405,6.5405,6.5405,6.5405,6.5405,6.5405
2.6076,2.5611,2.5051,2.4366,2.3662,2.2902,2.2141,2.1374,2.0607,1.984,1.9072,1.8218,1.7306,1.6399,0.9075,1.5683,2.2316,2.8949,3.5582,4.2214,4.8847,5.548,5.6172,5.6237,5.6302
0.4261,0.4557,0.4912,0.5348,0.5796,0.628,0.6763,0.7251,0.7739,0.8227,0.8716,0.9258,0.9838,3.6473,3.7047,3.7403,3.742,3.7427,3.7391,3.7356,3.7315,3.7275,3.7233,3.7192,3.715
1.9774,1.9422,1.8997,1.8478,1.7944,1.7367,1.6791,1.6209,1.5627,1.5045,1.4463,1.3032,4.4192,4.3504,4.282,4.2395,4.2376,4.2367,4.2409,4.2452,4.25,4.2549,4.2598,4.2647,4.2696
1.7998,1.9248,2.0751,2.2592,2.4484,2.6527,2.8569,3.063,3.2691,3.4754,3.6817,3.911,4.156,4.3997,4.6422,4.7925,4.7995,4.8027,2.8424,3.3723,3.9021,4.432,4.9618,5.4916,6.0215
0.8696,0.93,1.0026,1.0915,1.183,1.2817,1.3804,1.4799,1.5795,1.6792,1.4173,0.8319,6.6737,6.6737,6.6737,6.6737,6.6737,6.6737,6.6737,6.6737,6.6737,6.6737,6.6737,6.6737,6.6737
1.7284,1.6976,1.6605,1.6151,1.5684,1.518,1.4676,1.4168,1.3659,1.315,1.2641,1.2076,1.1471,0.6059,2.2147,3.7056,3.7039,3.7031,3.7068,3.7105,3.7148,3.719,3.7233,3.7276,3.7319
0.4605,0.4924,0.5309,0.578,0.6264,0.6787,0.7309,0.7837,0.8364,0.8892,0.9419,1.0006,1.0633,0.5624,1.7354,2.9991,4.0441,4.0449,4.0411,4.0372,4.0328,4.0284,4.024,4.0195,4.015
4.0969,4.0238,3.9359,3.8283,3.7176,3.5982,3.4787,3.0289,2.4699,1.9109,6.7563,6.7563,6.7563,6.7563,6.7563,6.7563,6.7563,6.7563,6.7563,6.7563,6.7563,6.7563,6.7563,6.7563,6.7563
5.0477,4.9577,4.8494,4.7168,4.5804,4.4333,4.2861,4.1376,3.9891,3.8405,3.6919,3.5266,3.3501,3.1746,2.9998,1.3055,1.83,2.374,2.9179,3.4618,4.0057,4.5496,5.0935,5.6374,6.1813
0.4789,0.5121,0.5521,0.6011,0.6515,0.7058,0.7602,0.815,0.8698,0.9247,0.9796,1.0406,0.52,4.0994,4.164,4.204,4.2058,4.2067,4.2027,4.1987,4.1941,4.1895,4.1849,4.1802,4.1756
1.6861,1.656,1.6198,1.5755,1.53,1.4808,1.4317,1.3821,1.3325,1.2828,1.2332,1.178,0.8974,3.7094,3.6511,3.6149,3.6132,3.6124,3.6161,3.6197,3.6238,3.628,3.6322,3.6364,3.6406
0.7596,0.8124,0.8758,0.9535,1.0334,1.1196,1.2059,1.2928,1.3798,1.4669,1.554,1.6508,1.7542,1.857,1.9594,1.4595,2.0767,2.6939,3.3111,3.9284,4.5456,5.1628,5.78,6.3972,6.6238
2.717,2.9057,3.1326,3.4105,3.6962,3.8428,3.3247,2.8067,2.2887,6.8985,6.8985,6.8985,6.8985,6.8985,6.8985,6.8985,6.8985,6.8985,6.8985,6.8985,6.8985,6.8985,6.8985,6.8985,6.8985
2.093,2.0556,2.0107,1.9557,1.8992,1.8382,1.7771,1.7156,1.654,1.5924,1.5308,1.4623,1.3891,1.3163,1.1268,1.9472,2.7707,3.5943,4.4178,4.4931,4.4982,4.5034,4.5086,4.5138,4.519
0.421,0.4502,0.4854,0.5284,0.5727,0.6205,0.6683,0.7165,0.7647,0.8129,0.8612,0.9148,0.9721,2.8406,3.6606,3.6958,3.6974,3.6982,3.6947,3.6911,3.6871,3.6831,3.679,3.6749,3.6708
2.3693,2.327,2.2762,2.2139,2.1499,2.0809,2.0118,1.9421,1.8724,1.8026,1.7086,1.0029,5.2949,5.2125,5.1304,5.0796,5.0772,5.0762,5.0813,5.0863,5.0921,5.098,5.1039,5.1098,5.1157
7.0167,7.0167,7.0167,7.0167,7.0167,7.0167,7.0167,7.0167,7.0167,7.0167,7.0167,7.0167,7.0167,7.0167,7.0167,7.0167,7.0167,7.0167,7.0167,7.0167,7.0167,7.0167,7.0167,7.0167,7.0167
0.6352,0.6793,0.7324,0.7973,0.8641,0.9362,1.0083,1.0811,1.1538,1.2266,1.2994,0.9667,5.3517,5.4377,5.5233,5.5764,5.5789,5.58,5.5747,5.5694,5.5633,5.5572,5.5511,5.5449,5.5387
1.643,1.6137,1.5784,1.5353,1.4909,1.443,1.3951,1.3467,1.2984,1.25,1.2017,1.1479,1.0904,1.7936,3.5577,3.5225,3.5208,3.5201,3.5236,3.5271,3.5311,3.5352,3.5393,3.5434,3.5475
0.5208,0.557,0.6005,0.6538,0.7086,0.7677,0.8268,0.8864,0.9461,1.0058,1.0655,1.1318,1.2027,1.2732,1.1848,2.0475,2.9134,3.7794,4.571,4.5666,4.5617,4.5567,4.5517,4.5466,4.5415
6.4691,5.947,5.4514,7.139,7.139,7.139,7.139,7.139,7.139,7.139,7.139,7.139,7.139,7.139,7.139,7.139,7.139,7.139,7.139,7.139,7.139,7.139,7.139,7.139,7.139
3.1396,3.0836,3.0163,2.9338,2.849,2.7574,2.6659,2.5735,2.4812,2.3888,2.2963,2.1935,2.0838,1.9745,0.8793,1.4198,2.0203,2.6208,3.2213,3.8217,4.4222,5.0226,5.6231,6.2236,6.779
0.4365,0.4669,0.5033,0.548,0.5939,0.6434,0.6929,0.7429,0.7929,0.8429,0.893,0.9486,0.7721,3.737,3.7958,3.8322,3.8339,3.8347,3.8311,3.8274,3.8233,3.8191,3.8149,3.8106,3.8064
1.8202,1.7878,1.7487,1.7009,1.6517,1.5987,1.5456,1.492,1.4385,1.3849,1.3313,1.2717,0.6361,4.0046,3.9416,3.9025,3.9007,3.8999,3.9038,3.9077,3.9121,3.9166,3.9211,3.9257,3.9302
1.159,1.2395,1.3363,1.4549,1.5768,1.7083,1.8398,1.9725,2.1053,2.2381,2.3709,2.5186,2.6764,2.8333,2.9895,3.0863,1.8497,2.3995,2.9493,3.499,4.0488,4.5985,5.1483,5.6981,6.2478
1.1535,1.2337,1.33,1.448,1.5693,1.7002,1.8311,1.9632,2.0953,1.872,1.3244,7.298,7.298,7.298,7.298,7.298,7.298,7.298,7.298,7.298,7.298,7.298,7.298,7.298,7.298
1.8174,1.785,1.746,1.6983,1.6492,1.5962,1.5432,1.4897,1.4363,1.3828,1.3293,1.2698,1.2062,0.5719,1.5871,2.7428,3.8947,3.8938,3.8977,3.9016,3.9061,3.9106,3.9151,3.9196,3.9241
0.4363,0.4666,0.503,0.5476,0.5935,0.643,0.6925,0.7425,0.7924,0.8424,0.8924,0.948,1.0074,0.6839,2.4999,3.8299,3.8316,3.8324,3.8287,3.8251,3.8209,3.8167,3.8125,3.8083,3.804
3.1438,3.0877,3.0202,2.9376,2.8527,2.7611,2.6694,2.5769,2.4845,2.0383,1.4421,7.1357,7.0257,6.9164,6.8076,6.7401,6.737,6.7355,6.7423,6.749,6.7567,6.7645,6.7723,6.7801,6.788
7.4304,7.4304,7.4304,7.4304,7.4304,7.3257,7.0824,6.8371,6.5917,6.3462,6.1006,5.8275,5.5359,5.2457,4.957,4.7781,4.7697,2.2786,2.8006,3.3227,3.8447,4.3668,4.8889,5.4109,5.933
0.5189,0.5549,0.5983,0.6513,0.7059,0.7648,0.8237,0.8831,0.9425,1.002,1.0614,1.1276,4.3717,4.4419,4.5119,4.5552,4.5572,4.5581,4.5538,4.5495,4.5445,4.5395,4.5345,4.5295,4.5244
1.6385,1.6092,1.5741,1.531,1.4868,1.439,1.3913,1.3431,1.2949,1.2466,1.1984,1.1447,1.0874,3.6047,3.548,3.5128,3.5112,3.5104,3.514,3.5175,3.5215,3.5255,3.5296,3.5337,3.5378
0.6343,0.6784,0.7314,0.7962,0.863,0.9349,1.0069,1.0796,1.1522,1.2249,1.2976,1.3784,1.4648,1.5507,0.9313,1.6094,2.29,2.9707,3.6513,4.3319,5.0126,5.5496,5.5434,5.5373,5.5311
6.3297,5.8189,5.3084,4.7985,4.2888,7.5677,7.5677,7.5677,7.5677,7.5677,7.5677,7.5677,7.5677,7.5677,7.5677,7.5677,7.5677,7.5677,7.5677,7.5677,7.5677,7.5677,7.5677,7.5677,7.5677
2.3548,2.3128,2.2623,2.2004,2.1368,2.0682,1.9995,1.9302,1.861,1.7916,1.7223,1.6452,1.5629,1.481,0.9684,1.6735,2.3812,3.089,3.7967,4.5045,5.061,5.0668,5.0727,5.0786,5.0844
0.4189,0.4481,0.483,0.5259,0.5699,0.6175,0.665,0.713,0.761,0.809,0.857,0.9104,0.9674,3.5865,3.6429,3.6779,3.6795,3.6803,3.6768,3.6733,3.6693,3.6653,3.6612,3.6571,3.6531
2.0851,2.0479,2.0031,1.9483,1.892,1.8312,1.7704,1.7091,1.6478,1.5864,1.525,1.1554,4.6597,4.5872,4.515,4.4703,4.4682,4.4672,4.4717,4.4762,4.4813,4.4864,4.4916,4.4968,4.502
2.7324,2.9222,3.1504,3.4298,3.7172,4.0272,4.3374,4.6503,4.9632,5.2763,5.5895,5.9377,6.3096,6.6796,7.0477,7.2759,7.2866,7.2914,7.2686,7.2457,3.8775,4.3262,4.8433,5.3605,5.8777
0.753,0.8054,0.8682,0.9453,1.0244,1.1099,1.1954,1.2816,1.3678,1.4541,1.4789,0.8681,6.3445,6.4465,6.5479,6.6108,6.6138,6.6151,6.6088,6.6025,6.5953,6.5881,6.5808,6.5735,6.5662
1.6744,1.6445,1.6086,1.5646,1.5194,1.4706,1.4217,1.3725,1.3232,1.2739,1.2246,1.1698,1.1113,0.801,2.928,3.5898,3.5881,3.5873,3.5909,3.5945,3.5986,3.6027,3.6069,3.6111,3.6153
0.476,0.5091,0.5488,0.5975,0.6476,0.7016,0.7556,0.8101,0.8646,0.9192,0.9737,1.0344,1.0992,0.5814,1.4563,2.5167,3.581,4.1814,4.1774,4.1734,4.1689,4.1643,4.1597,4.1551,4.1505
5.0362,4.9463,4.8383,4.7059,4.5225,3.9852,3.448,2.9108,2.3975,7.858,7.858,7.858,7.858,7.858,7.858,7.858,7.858,7.858,7.858,7.858,7.858,7.858,7.858,7.858,7.858
4.0484,3.9762,3.8893,3.7829,3.6736,3.5556,3.4375,3.3184,3.1994,3.0802,2.961,2.8284,2.6869,2.5461,2.4059,1.3181,1.8756,2.4331,2.9905,3.548,4.1054,4.6629,5.2203,5.7778,6.3353
0.4563,0.488,0.5261,0.5727,0.6207,0.6725,0.7243,0.7765,0.8288,0.8811,0.9334,0.9915,0.5298,3.906,3.9675,4.0056,4.0074,4.0082,4.0044,4.0006,3.9962,3.9918,3.9874,3.983,3.9786
1.7143,1.6837,1.6469,1.6019,1.5556,1.5056,1.4556,1.4052,1.3548,1.3043,1.2538,1.1977,0.6697,3.7715,3.7121,3.6753,3.6736,3.6728,3.6765,3.6802,3.6844,3.6886,3.6929,3.6972,3.7014
0.8643,0.9244,0.9965,1.0849,1.1758,1.2739,1.372,1.471,1.57,1.669,1.7681,1.8782,1.9959,2.1129,2.2294,1.3777,1.9603,2.5429,3.1255,3.7082,4.2908,4.8734,5.456,6.0386,6.6212
1.7695,1.8924,2.0402,2.2211,2.4072,2.608,2.8088,2.832,2.3094,1.7867,8.0511,8.0511,8.0511,8.0511,8.0511,8.0511,8.0511,8.0511,8.0511,8.0511,8.0511,8.0511,8.0511,8.0511,8.0511
1.9552,1.9203,1.8783,1.827,1.7741,1.7172,1.6601,1.6026,1.5451,1.4876,1.43,1.366,1.2976,1.2296,1.2521,2.1639,3.079,3.9941,4.1931,4.1973,4.2021,4.2069,4.2118,4.2166,4.2215
0.4217,0.451,0.4862,0.5293,0.5737,0.6215,0.6694,0.7176,0.7659,0.8143,0.8626,0.9163,0.9737,1.2739,3.6666,3.7018,3.7035,3.7042,3.7007,3.6972,3.6932,3.6891,3.685,3.6809,3.6768
2.5846,2.5384,2.483,2.4151,2.3453,2.2699,2.1946,2.1185,2.0425,1.9664,1.5773,0.9936,5.7759,5.686,5.5966,5.5411,5.5386,5.5374,5.5429,5.5485,5.5548,5.5612,5.5676,5.574,5.5805
8.2125,8.2125,8.2125,8.2125,8.2125,8.2125,8.2125,8.2125,8.2125,8.2125,8.2125,8.2125,8.2125,8.2125,8.2125,8.2125,8.2125,8.2125,8.2125,8.2125,8.2125,8.2125,8.2125,8.2125,8.2125
0.5783,0.6185,0.6668,0.7259,0.7867,0.8524,0.918,0.9842,1.0505,1.1167,1.183,1.0388,4.8724,4.9507,5.0286,5.0769,5.0792,5.0802,5.0754,5.0705,5.065,5.0595,5.0539,5.0483,5.0427
1.6222,1.5932,1.5584,1.5158,1.472,1.4247,1.3774,1.3297,1.282,1.2342,1.1864,1.1334,1.0766,3.5688,3.5127,3.4779,3.4762,3.4755,3.479,3.4825,3.4864,3.4904,3.4945,3.4985,3.5026
0.5525,0.5909,0.6371,0.6936,0.7517,0.8144,0.8771,0.9404,1.0036,1.067,1.1303,1.2007,1.2759,1.3507,1.0608,1.8333,2.6086,3.3839,4.1592,4.8445,4.8393,4.834,4.8286,4.8233,4.8179
8.3806,8.3806,8.3806,8.3806,8.3806,8.3806,8.3806,8.3806,8.3806,8.3806,8.3806,8.3806,8.3806,8.3806,8.3806,8.3806,8.3806,8.3806,8.3806,8.3806,8.3806,8.3806,8.3806,8.3806,8.3806
2.7532,2.704,2.645,2.5726,2.4983,2.418,2.3377,2.2568,2.1758,2.0947,2.0136,1.9235,1.8273,1.7315,0.862,1.4896,2.1196,2.7496,3.3796,4.0096,4.6396,5.2696,5.8996,5.9377,5.9446
0.4247,0.4542,0.4897,0.5331,0.5778,0.626,0.6742,0.7228,0.7714,0.8201,0.8688,0.9229,0.9807,3.6357,3.693,3.7284,3.7301,3.7308,3.7273,3.7237,3.7197,3.7156,3.7115,3.7074,3.7033
1.891,1.8573,1.8167,1.767,1.716,1.6608,1.6057,1.5501,1.4944,1.4388,1.3831,1.3212,4.2261,4.1603,4.0949,4.0543,4.0524,4.0515,4.0556,4.0597,4.0643,4.0689,4.0736,4.0784,4.0831
1.4686,1.5706,1.6932,1.8434,1.9979,2.1645,2.3312,2.4994,2.6675,2.8358,3.0042,3.1913,3.3912,3.59,3.7879,3.9106,3.9163,2.3164,2.8471,3.3778,3.9085,4.4392,4.9699,5.5007,6.0314
0.9479,1.0138,1.0929,1.1899,1.2896,1.3971,1.5047,1.6133,1.7218,1.8305,1.3637,0.9004,7.9864,8.1148,8.2425,8.3217,8.3254,8.327,8.3191,8.3112,8.3022,8.2931,8.2839,8.2747,8.2655
1.74,1.709,1.6716,1.6259,1.5789,1.5282,1.4775,1.4263,1.3751,1.3239,1.2726,1.2157,1.1548,0.5476,1.9015,3.2861,3.7287,3.7279,3.7317,3.7354,3.7397,3.7439,3.7483,3.7526,3.757
0.4455,0.4765,0.5137,0.5592,0.6061,0.6566,0.7072,0.7582,0.8092,0.8603,0.9113,0.9681,1.0288,0.5441,1.9406,3.3538,3.9128,3.9136,3.9098,3.9061,3.9019,3.8976,3.8933,3.889,3.8846
3.6287,3.564,3.4861,3.3908,3.2928,3.187,3.0812,2.9744,2.4998,1.9341,8.3551,8.2363,8.1094,7.9832,7.8576,7.7798,7.7761,7.7745,7.7823,7.7901,7.799,7.8079,7.8169,7.826,7.835
5.8706,5.7658,5.6399,5.4857,5.3271,5.156,4.9848,4.8121,4.6394,4.4666,4.2937,4.1016,3.8963,3.6921,3.4889,3.3629,1.7798,2.3088,2.8378,3.3668,3.8958,4.4248,4.9538,5.4827,6.0117
0.4875,0.5214,0.5621,0.6119,0.6632,0.7185,0.7739,0.8297,0.8855,0.9414,0.9973,1.0594,0.5294,4.1734,4.239,4.2798,4.2817,4.2825,4.2784,4.2744,4.2697,4.2651,4.2603,4.2556,4.2509
1.6479,1.6185,1.5832,1.5399,1.4953,1.4473,1.3993,1.3508,1.3023,1.2538,1.2053,1.1513,1.0937,3.6254,3.5684,3.533,3.5314,3.5306,3.5342,3.5377,3.5417,3.5458,3.5499,3.554,3.5581
0.6981,0.7466,0.8049,0.8764,0.9498,1.029,1.1082,1.1882,1.2681,1.3481,1.4282,1.5171,1.6122,1.7067,0.9468,1.4954,2.1278,2.7602,3.3926,4.025,4.6574,5.2898,5.9221,6.0944,6.0876
3.9938,4.2712,4.6047,4.7913,4.2822,3.7735,3.2648,2.7562,8.9775,8.9775,8.9775,8.9775,8.9775,8.9775,8.9775,8.9775,8.9775,8.9775,8.9775,8.9775,8.9775,8.9775,8.9775,8.9775,8.9775
2.16,2.1215,2.0752,2.0184,1.96,1.8971,1.8341,1.7706,1.707,1.6434,1.5798,1.5091,1.4336,1.3585,1.0483,1.8116,2.5777,3.3439,4.11,4.6371,4.6424,4.6477,4.6531,4.6585,4.6639
0.4153,0.4442,0.4789,0.5213,0.565,0.6121,0.6593,0.7068,0.7544,0.802,0.8496,0.9025,0.9591,3.5554,3.6114,3.6461,3.6477,3.6484,3.6449,3.6415,3.6375,3.6335,3.6295,3.6255,3.6214
2.2262,2.1865,2.1387,2.0803,2.0201,1.9552,1.8903,1.8248,1.7593,1.6938,1.6282,1.0438,4.9752,4.8977,4.8207,4.7729,4.7707,4.7697,4.7745,4.7792,4.7847,4.7902,4.7957,4.8012,4.8068
5.8623,6.2695,6.759,7.3586,7.9751,8.6403,9.1787,9.1787,9.1787,9.1787,9.1787,9.1787,9.1787,9.1787,9.1787,9.1787,9.1787,9.1787,9.1787,9.1787,9.1787,9.1787,9.1787,9.1787,9.1787
0.6677,0.7141,0.7699,0.8382,0.9084,0.9842,1.0599,1.1364,1.2129,1.2894,1.3659,0.916,5.6257,5.7161,5.8061,5.8619,5.8645,5.8657,5.8601,5.8545,5.8481,5.8418,5.8353,5.8288,5.8223
1.6359,1.6067,1.5716,1.5286,1.4844,1.4368,1.3891,1.3409,1.2928,1.2447,1.1965,1.1429,1.0857,1.2044,3.5424,3.5073,3.5056,3.5049,3.5084,3.5119,3.5159,3.5199,3.524,3.5281,3.5322
0.4971,0.5316,0.5731,0.624,0.6762,0.7326,0.789,0.846,0.9029,0.9599,1.0168,1.0802,1.1478,1.2151,1.2609,2.179,3.1005,4.0221,4.3624,4.3582,4.3535,4.3487,4.3439,4.3391,4.3343
6.4718,5.9495,5.4276,4.9062,4.385,3.8641,9.3891,9.3891,9.3891,9.3891,9.3891,9.3891,9.3891,9.3891,9.3891,9.3891,9.3891,9.3891,9.3891,9.3891,9.3891,9.3891,9.3891,9.3891,9.3891
3.3946,3.334,3.2612,3.172,3.0803,2.9814,2.8824,2.7825,2.6827,2.5827,2.4828,2.3717,2.253,2.1349,2.0174,1.3637,1.9405,2.5172,3.094,3.6707,4.2474,4.8242,5.4009,5.9776,6.5544
0.4389,0.4694,0.506,0.5509,0.597,0.6468,0.6967,0.7469,0.7972,0.8475,0.8978,0.9537,0.6502,3.757,3.8161,3.8528,3.8545,3.8552,3.8516,3.8479,3.8437,3.8395,3.8353,3.831,3.8267
1.7585,1.7271,1.6894,1.6432,1.5957,1.5444,1.4931,1.4414,1.3897,1.3379,1.2861,1.2286,0.6145,3.8687,3.8078,3.7701,3.7683,3.7675,3.7713,3.7751,3.7794,3.7837,3.7881,3.7925,3.7969
1.0143,1.0848,1.1695,1.2732,1.3799,1.495,1.6101,1.7263,1.8424,1.9587,2.075,2.2042,2.3423,2.4796,2.6163,2.701,1.8693,2.4249,2.9805,3.5361,4.0917,4.6472,5.2028,5.7584,6.314
1.3152,1.4066,1.5164,1.6509,1.7892,1.9385,2.0878,2.2384,2.3501,1.8182,1.2863,9.6661,9.6661,9.6661,9.6661,9.6661,9.6661,9.6661,9.6661,9.6661,9.6661,9.6661,9.6661,9.6661,9.6661
1.847,1.814,1.7744,1.7259,1.676,1.6221,1.5683,1.5139,1.4596,1.4052,1.3509,1.2904,1.2258,0.5812,1.4244,2.4616,3.5026,3.9571,3.9611,3.965,3.9696,3.9741,3.9787,3.9833,3.9879
0.4259,0.4554,0.491,0.5346,0.5793,0.6277,0.676,0.7248,0.7735,0.8223,0.8712,0.9254,0.9834,0.8214,3.0024,3.7385,3.7402,3.741,3.7374,3.7338,3.7298,3.7257,3.7216,3.7175,3.7133
2.8726,2.8213,2.7597,2.6842,2.6066,2.5229,2.4391,2.3546,2.2701,2.0841,1.4745,6.52,6.4196,6.3197,6.2202,6.1586,6.1557,6.1544,6.1606,6.1668,6.1738,6.1808,6.188,6.1952,6.2023
9.8997,9.8997,9.8997,9.8997,9.8997,9.7652,9.441,9.1139,8.7869,8.4595,8.1321,7.7682,7.3794,6.9926,6.6078,6.3693,6.3581,6.3531,6.377,3.2591,3.7711,4.2832,4.7953,5.3073,5.8194
0.5342,0.5713,0.6159,0.6705,0.7267,0.7873,0.848,0.9091,0.9703,1.0315,1.0927,1.1336,4.5006,4.5729,4.6449,4.6895,4.6916,4.6925,4.6881,4.6836,4.6785,4.6734,4.6682,4.663,4.6578
1.6146,1.5858,1.5512,1.5088,1.4651,1.4181,1.371,1.3235,1.276,1.2285,1.1809,1.1281,1.0716,3.5522,3.4963,3.4617,3.4601,3.4593,3.4628,3.4663,3.4702,3.4742,3.4782,3.4822,3.4863
0.594,0.6353,0.6849,0.7456,0.8081,0.8755,0.9429,1.0109,1.079,1.147,1.2151,1.2908,1.3717,1.4521,0.9662,1.6698,2.376,3.0822,3.7884,4.4946,5.2008,5.1968,5.1911,5.1853,5.1795
10.0,10.0,10.0,10.0,10.0,10.0,10.0,10.0,10.0,10.0,10.0,10.0,10.0,10.0,10.0,10.0,10.0,10.0,10.0,10.0,10.0,10.0,10.0,10.0,10.0
2.4657,2.4217,2.3688,2.3041,2.2374,2.1656,2.0937,2.0211,1.9486,1.876,1.8034,1.7227,1.6365,1.5507,0.915,1.5813,2.2501,2.9188,3.5876,4.2563,4.9251,5.3055,5.3116,5.3178,5.3239
0.4167,0.4456,0.4804,0.523,0.5668,0.6141,0.6614,0.7091,0.7568,0.8046,0.8523,0.9054,0.9622,3.5669,3.6231,3.6579,3.6595,3.6602,3.6567,3.6532,3.6493,3.6453,3.6413,3.6372,3.6332
1.9854,1.95,1.9074,1.8553,1.8016,1.7438,1.6859,1.6275,1.5691,1.5106,1.4521,1.2233,4.4371,4.368,4.2993,4.2567,4.2547,4.2538,4.2581,4.2623,4.2672,4.2721,4.277,4.282,4.2869
2.0359,2.1774,2.3474,2.5556,2.7697,3.0007,3.2318,3.465,3.6981,3.9314,4.1648,4.4242,4.7014,4.977,5.2514,5.4214,5.4293,5.4329,5.4159,3.2892,3.806,4.3227,4.8395,5.3563,5.8731
0.8085,0.8647,0.9322,1.0149,1.0999,1.1917,1.2835,1.376,1.4686,1.5613,1.4178,0.8322,6.812,6.9215,7.0305,7.098,7.1011,7.1026,7.0958,7.0891,7.0814,7.0736,7.0658,7.0579,7.0501
1.6811,1.6511,1.6151,1.5709,1.5255,1.4765,1.4275,1.378,1.3286,1.2791,1.2296,1.1745,1.1158,0.6574,2.4031,3.6043,3.6026,3.6018,3.6054,3.6091,3.6132,3.6173,3.6215,3.6257,3.6299
0.4591,0.491,0.5293,0.5763,0.6246,0.6767,0.7288,0.7813,0.8339,0.8865,0.9391,0.9976,1.0601,0.5607,1.5927,2.7525,3.9166,4.0329,4.0291,4.0253,4.0209,4.0165,4.0121,4.0076,4.0031
4.3423,4.2649,4.1717,4.0576,3.9403,3.8137,3.4795,2.9374,2.3953,1.9394,9.9982,9.8561,9.7043,9.5532,9.4029,9.3098,9.3054,9.3034,9.3128,9.3221,9.3327,9.3434,9.3542,9.365,9.3759
4.5446,4.4635,4.366,4.2466,4.1238,3.9914,3.8589,3.7252,3.5915,3.4577,3.3239,3.1751,3.0162,2.8581,2.7008,1.2784,1.8191,2.3597,2.9004,3.4411,3.9817,4.5224,5.063,5.6037,6.1443
0.4629,0.4951,0.5337,0.5811,0.6298,0.6823,0.7348,0.7879,0.8409,0.8939,0.947,1.006,0.5027,3.9629,4.0253,4.064,4.0658,4.0666,4.0627,4.0589,4.0545,4.05,4.0455,4.041,4.0365
1.6712,1.6414,1.6056,1.5616,1.5165,1.4678,1.4191,1.3699,1.3207,1.2715,1.2223,1.1676,0.7827,3.6767,3.6189,3.583,3.5814,3.5806,3.5842,3.5878,3.5919,3.596,3.6001,3.6043,3.6085
0.7844,0.8389,0.9044,0.9846,1.0671,1.1561,1.2452,1.335,1.4248,1.5147,1.6046,1.7046,1.8114,1.9176,2.0233,1.4059,2.0005,2.5951,3.1897,3.7842,4.3788,4.9734,5.568,6.1625,6.7571
2.2238,2.3783,2.564,2.7914,3.0253,3.2776,3.2865,2.7745,2.2624,1.7504,10.0,10.0,10.0,10.0,10.0,10.0,10.0,10.0,10.0,10.0,10.0,10.0,10.0,10.0,10.0
2.0082,1.9724,1.9293,1.8765,1.8223,1.7637,1.7052,1.6461,1.587,1.5279,1.4688,1.4031,1.3328,1.263,1.154,1.9944,2.8378,3.6813,4.3069,4.3112,4.3161,4.321,4.326,4.331,4.3361
0.4151,0.4439,0.4786,0.521,0.5647,0.6117,0.6589,0.7064,0.7539,0.8015,0.8491,0.9019,0.9584,1.907,3.6091,3.6437,3.6453,3.6461,3.6426,3.6391,3.6352,3.6312,3.6272,3.6232,3.6191
2.411,2.368,2.3163,2.2529,2.1878,2.1175,2.0472,1.9763,1.9054,1.8344,1.632,0.9579,5.3881,5.3043,5.2208,5.1691,5.1667,5.1656,5.1708,5.1759,5.1818,5.1878,5.1938,5.1998,5.2058
10.0,10.0,10.0,10.0,10.0,10.0,10.0,10.0,10.0,10.0,10.0,10.0,10.0,10.0,10.0,10.0,10.0,10.0,10.0,10.0,10.0,10.0,10.0,10.0,10.0
0.6034,0.6454,0.6958,0.7575,0.8209,0.8894,0.9579,1.027,1.0961,1.1653,1.2344,0.9786,5.0841,5.1658,5.2471,5.2975,5.2999,5.301,5.2959,5.2909,5.2851,5.2794,5.2735,5.2677,5.2618
1.6115,1.5827,1.5482,1.5058,1.4623,1.4153,1.3683,1.3209,1.2735,1.2261,1.1786,1.1259,1.0695,2.4973,3.4895,3.455,3.4533,3.4526,3.4561,3.4595,3.4635,3.4674,3.4714,3.4755,3.4795
0.5248,0.5613,0.6051,0.6588,0.714,0.7736,0.8331,0.8932,0.9533,1.0135,1.0736,1.1405,1.212,1.283,1.1181,1.9323,2.7496,3.5668,4.384,4.6017,4.5967,4.5917,4.5866,4.5815,4.5764
10.0,10.0,10.0,10.0,10.0,10.0,10.0,10.0,10.0,10.0,10.0,10.0,10.0,10.0,10.0,10.0,10.0,10.0,10.0,10.0,10.0,10.0,10.0,10.0,10.0
2.9384,2.8859,2.8229,2.7457,2.6663,2.5807,2.495,2.4085,2.3221,2.2356,2.1491,2.0529,1.9502,1.848,0.8247,1.4252,2.0279,2.6306,3.2333,3.836,4.4387,5.0414,5.6442,6.2469,6.3444
0.4259,0.4555,0.491,0.5346,0.5794,0.6277,0.676,0.7248,0.7736,0.8224,0.8712,0.9255,0.853,3.6458,3.7032,3.7387,3.7404,3.7412,3.7376,3.734,3.73,3.7259,3.7218,3.7176,3.7135
1.8207,1.7882,1.7492,1.7013,1.6521,1.5991,1.546,1.4924,1.4389,1.3853,1.3317,1.2721,0.6363,4.0056,3.9426,3.9035,3.9017,3.9008,3.9048,3.9087,3.9131,3.9176,3.9221,3.9267,3.9312
1.2425,1.3288,1.4326,1.5597,1.6903,1.8313,1.9724,2.1146,2.2569,2.3993,2.5417,2.7001,2.8692,3.0374,3.2049,3.3086,1.7994,2.3343,2.8691,3.4039,3.9387,4.4735,5.0083,5.5431,6.0779
1.0509,1.1239,1.2116,1.3191,1.4296,1.5489,1.6681,1.7885,1.9088,1.8666,1.3205,8.7108,8.8538,8.9961,9.1377,9.2255,9.2296,9.2314,9.2226,9.2138,9.2038,9.1938,9.1836,9.1734,9.1632
1.7626,1.7311,1.6933,1.647,1.5994,1.548,1.4966,1.4448,1.3929,1.3411,1.2892,1.2315,1.1698,0.5547,1.6704,2.8866,3.7772,3.7764,3.7801,3.7839,3.7882,3.7926,3.797,3.8014,3.8058
0.4337,0.4638,0.5001,0.5444,0.59,0.6393,0.6885,0.7381,0.7878,0.8375,0.8872,0.9425,1.0015,0.6079,2.2221,3.8076,3.8093,3.81,3.8064,3.8028,3.7986,3.7945,3.7903,3.7861,3.7819
3.2671,3.2088,3.1387,3.0529,2.9646,2.8694,2.7741,2.678,2.5465,1.9702,1.3939,7.4156,7.3014,7.1877,7.0746,7.0045,7.0013,6.9998,7.0068,7.0138,7.0218,7.0298,7.038,7.0461,7.0543
7.0928,6.9663,6.8141,6.6278,6.4361,6.2294,6.0226,5.8139,5.6053,5.3965,5.1876,4.9555,4.7075,4.4607,4.2152,4.0631,1.8273,2.259,2.7766,3.2942,3.8118,4.3293,4.8469,5.3645,5.8821
0.4997,0.5344,0.5761,0.6272,0.6798,0.7365,0.7932,0.8504,0.9076,0.9649,1.0222,1.0858,0.5426,4.2775,4.3448,4.3866,4.3885,4.3894,4.3852,4.381,4.3763,4.3715,4.3667,4.3618,4.357
1.6201,1.5912,1.5565,1.5139,1.4701,1.4229,1.3757,1.328,1.2803,1.2326,1.1849,1.1319,1.0753,3.5643,3.5082,3.4734,3.4718,3.4711,3.4746,3.478,3.482,3.486,3.49,3.4941,3.4981
0.6485,0.6935,0.7476,0.814,0.8822,0.9557,1.0293,1.1036,1.1779,1.2522,1.3265,1.4091,1.4974,1.5852,0.893,1.5432,2.1959,2.8486,3.5012,4.1539,4.8065,5.4592,5.6669,5.6606,5.6543
6.2425,5.7387,5.2353,4.7324,4.2297,3.7272,3.2248,10.0,10.0,10.0,10.0,10.0,10.0,10.0,10.0,10.0,10.0,10.0,10.0,10.0,10.0,10.0,10.0,10.0,10.0
2.2468,2.2067,2.1585,2.0995,2.0388,1.9733,1.9078,1.8417,1.7756,1.7095,1.6433,1.5698,1.4912,1.413,0.9842,1.7008,2.4202,3.1395,3.8588,4.5781,4.8289,4.8344,4.84,4.8456,4.8513
0.4121,0.4407,0.4752,0.5173,0.5606,0.6074,0.6542,0.7014,0.7486,0.7958,0.843,0.8955,0.9516,3.5279,3.5835,3.6179,3.6195,3.6202,3.6168,3.6133,3.6094,3.6054,3.6015,3.5975,3.5935
2.1089,2.0713,2.026,1.9706,1.9136,1.8522,1.7907,1.7286,1.6666,1.6045,1.5424,1.0958,4.7129,4.6396,4.5666,4.5213,4.5192,4.5183,4.5228,4.5273,4.5325,4.5377,4.5429,4.5482,4.5534
3.3847,3.6198,3.9025,4.2487,4.6046,4.9887,5.3729,5.7605,6.148,6.5359,6.9239,7.3552,7.8159,8.2743,8.7303,9.013,9.0262,9.0322,9.0039,8.9756,8.9433,8.9109,4.7519,5.2593,5.7668
0.7089,0.7582,0.8174,0.8899,0.9644,1.0449,1.1253,1.2065,1.2877,1.3689,1.4502,0.8744,5.9728,6.0688,6.1643,6.2235,6.2263,6.2275,6.2216,6.2157,6.2089,6.2022,6.1953,6.1884,6.1815
1.6384,1.6091,1.574,1.5309,1.4867,1.4389,1.3912,1.343,1.2948,1.2465,1.1983,1.1447,1.0874,0.9063,3.3129,3.5126,3.511,3.5102,3.5137,3.5173,3.5213,3.5253,3.5294,3.5334,3.5375
0.4777,0.5109,0.5507,0.5996,0.6498,0.704,0.7583,0.813,0.8677,0.9224,0.9771,1.038,1.103,1.1677,1.3578,2.3465,3.3388,4.1961,4.1921,4.1881,4.1836,4.179,4.1744,4.1698,4.1651
5.4741,5.3764,5.259,4.9375,4.4129,3.8887,3.3645,2.8403,10.0,10.0,10.0,10.0,10.0,10.0,10.0,10.0,10.0,10.0,10.0,10.0,10.0,10.0,10.0,10.0,10.0
3.7248,3.6583,3.5784,3.4805,3.3799,3.2713,3.1627,3.0532,2.9436,2.8339,2.7243,2.6023,2.4721,2.3425,2.2136,1.3184,1.876,2.4336,2.9912,3.5487,4.1063,4.6639,5.2215,5.779,6.3366
0.4439,0.4747,0.5118,0.5572,0.6039,0.6543,0.7046,0.7555,0.8063,0.8572,0.9081,0.9646,0.5629,3.8001,3.8599,3.897,3.8987,3.8995,3.8958,3.8921,3.8878,3.8836,3.8793,3.875,3.8707
1.7095,1.6789,1.6423,1.5974,1.5512,1.5014,1.4515,1.4012,1.3509,1.3006,1.2503,1.1943,0.6041,3.7608,3.7017,3.665,3.6633,3.6625,3.6662,3.6698,3.674,3.6782,3.6825,3.6867,3.691
0.9046,0.9675,1.043,1.1355,1.2307,1.3333,1.436,1.5396,1.6432,1.7468,1.8505,1.9658,2.0889,2.2114,2.3333,1.336,1.901,2.466,3.031,3.596,4.161,4.726,5.291,5.856,6.421
1.5448,1.6521,1.7811,1.9392,2.1016,2.2769,2.4522,2.6291,2.2963,1.7766,1.2705,10.0,10.0,10.0,10.0,10.0,10.0,10.0,10.0,10.0,10.0,10.0,10.0,10.0,10.0
1.8893,1.8556,1.8151,1.7654,1.7144,1.6593,1.6042,1.5487,1.4931,1.4375,1.3818,1.32,1.2539,1.1882,1.2966,2.2408,3.1884,4.0479,4.0519,4.056,4.0606,4.0653,4.07,4.0747,4.0794
0.4182,0.4472,0.4821,0.5249,0.5689,0.6163,0.6638,0.7117,0.7595,0.8075,0.8554,0.9087,0.9656,1.0404,3.636,3.6709,3.6726,3.6733,3.6698,3.6663,3.6623,3.6583,3.6543,3.6502,3.6462
2.6549,2.6075,2.5506,2.4808,2.4091,2.3317,2.2543,2.1762,2.0981,2.02,1.5181,6.026,5.9332,5.8408,5.7489,5.692,5.6893,5.6881,5.6938,5.6995,5.706,5.7125,5.7191,5.7258,5.7324
10.0,10.0,10.0,10.0,10.0,10.0,10.0,10.0,10.0,10.0,10.0,10.0,10.0,10.0,10.0,9.7223,9.7053,9.6976,9.7341,9.7705,9.812,9.8538,4.7308,5.2359,5.7411
0.5541,0.5925,0.6388,0.6955,0.7537,0.8166,0.8795,0.9429,1.0064,1.0699,1.1334,1.0602,4.668,4.7431,4.8177,4.864,4.8661,4.8671,4.8625,4.8579,4.8526,4.8473,4.8419,4.8365,4.8312
1.6003,1.5717,1.5374,1.4954,1.4521,1.4055,1.3588,1.3117,1.2647,1.2176,1.1704,1.1181,1.0621,3.5206,3.4653,3.4309,3.4293,3.4286,3.432,3.4355,3.4394,3.4433,3.4473,3.4513,3.4553
0.561,0.6,0.6468,0.7042,0.7632,0.8268,0.8905,0.9548,1.019,1.0833,1.1476,1.2191,1.2954,1.3714,1.0108,1.7468,2.4856,3.2243,3.9631,4.7018,4.9134,4.908,4.9026,4.8971,4.8917
10.0,10.0,10.0,10.0,10.0,10.0,10.0,10.0,10.0,10.0,10.0,10.0,10.0,10.0,10.0,10.0,10.0,10.0,10.0,10.0,10.0,10.0,10.0,10.0,10.0
2.6058,2.5593,2.5034,2.435,2.3646,2.2886,2.2126,2.136,2.0593,1.9826,1.9059,1.8206,1.7295,1.6388,0.8713,1.5057,2.1425,2.7793,3.4161,4.0529,4.6897,5.3264,5.6135,5.62,5.6265
0.4168,0.4457,0.4805,0.5232,0.567,0.6143,0.6616,0.7093,0.7571,0.8048,0.8526,0.9057,0.9624,3.568,3.6241,3.6589,3.6605,3.6613,3.6578,3.6543,3.6503,3.6464,3.6423,3.6383,3.6342
1.904,1.87,1.8292,1.7792,1.7277,1.6722,1.6167,1.5607,1.5047,1.4487,1.3926,1.3092,4.2551,4.1889,4.123,4.0821,4.0802,4.0793,4.0834,4.0875,4.0922,4.0969,4.1016,4.1063,4.1111
1.6243,1.7371,1.8728,2.0389,2.2097,2.394,2.5784,2.7644,2.9504,3.1365,3.3227,3.5297,3.7508,3.9707,4.1896,4.3253,4.3316,2.3476,2.7864,3.3058,3.8252,4.3446,4.864,5.3834,5.9028
0.8796,0.9407,1.0141,1.1041,1.1966,1.2964,1.3962,1.4969,1.5977,1.6985,1.3683,0.8355,7.4106,7.5297,7.6482,7.7217,7.7251,7.7266,7.7193,7.7119,7.7036,7.6951,7.6866,7.6781,7.6695
1.698,1.6677,1.6313,1.5867,1.5408,1.4913,1.4418,1.3918,1.3419,1.2919,1.2419,1.1863,1.1269,0.5588,2.0426,3.53,3.6387,3.638,3.6416,3.6452,3.6494,3.6536,3.6578,3.662,3.6663
0.4456,0.4766,0.5138,0.5593,0.6062,0.6568,0.7073,0.7584,0.8094,0.8605,0.9115,0.9683,1.029,0.5443,1.7719,3.0621,3.9136,3.9144,3.9107,3.907,3.9027,3.8985,3.8941,3.8898,3.8855
3.8284,3.7601,3.6779,3.5774,3.4739,3.3623,3.2507,2.9824,2.432,1.8816,8.8149,8.6895,8.5557,8.4225,8.29,8.2079,8.204,8.2023,8.2105,8.2187,8.2281,8.2375,8.247,8.2566,8.2661
5.2261,5.1328,5.0207,4.8834,4.7422,4.5899,4.4375,4.2838,4.1301,3.9762,3.8223,3.6513,3.4685,3.2867,3.1058,1.3516,1.775,2.3026,2.8301,3.3577,3.8852,4.4128,4.9403,5.4679,5.9954
0.4727,0.5055,0.545,0.5933,0.643,0.6967,0.7503,0.8044,0.8586,0.9127,0.9669,1.0271,0.5133,4.0464,4.1101,4.1495,4.1514,4.1522,4.1483,4.1443,4.1398,4.1353,4.1307,4.1261,4.1215
1.6389,1.6097,1.5745,1.5314,1.4872,1.4394,1.3916,1.3434,1.2952,1.2469,1.1987,1.145,0.9514,3.6056,3.5489,3.5137,3.5121,3.5113,3.5148,3.5184,3.5224,3.5264,3.5305,3.5346,3.5387
0.7209,0.771,0.8312,0.9049,0.9807,1.0625,1.1443,1.2269,1.3094,1.392,1.4747,1.5665,1.6646,1.7623,1.8594,1.4444,2.0553,2.6661,3.277,3.8878,4.4987,5.1095,5.7204,6.2928,6.2858
3.0325,3.2431,3.4964,3.8065,4.1255,3.7429,3.2384,2.7338,2.2293,10.0,10.0,10.0,10.0,10.0,10.0,10.0,10.0,10.0,10.0,10.0,10.0,10.0,10.0,10.0,10.0
2.0775,2.0404,1.9959,1.9413,1.8852,1.8246,1.764,1.7029,1.6418,1.5806,1.5195,1.4515,1.3788,1.3066,1.0747,1.8573,2.6428,3.4283,4.2138,4.4599,4.465,4.4701,4.4753,4.4805,4.4857
0.4109,0.4394,0.4737,0.5158,0.559,0.6056,0.6522,0.6993,0.7463,0.7934,0.8405,0.8929,0.9488,3.5174,3.5728,3.6071,3.6087,3.6094,3.606,3.6025,3.5986,3.5947,3.5907,3.5867,3.5827
2.2694,2.2289,2.1802,2.1206,2.0592,1.9931,1.9269,1.8602,1.7934,1.7266,1.6598,0.9989,5.0715,4.9926,4.9141,4.8654,4.8631,4.8621,4.867,4.8718,4.8774,4.883,4.8886,4.8943,4.8999
10.0,10.0,10.0,10.0,10.0,10.0,10.0,10.0,10.0,10.0,10.0,10.0,10.0,10.0,10.0,10.0,10.0,10.0,10.0,10.0,10.0,10.0,10.0,10.0,10.0
0.6351,0.6793,0.7323,0.7973,0.8641,0.9361,1.0082,1.0809,1.1537,1.2265,1.2993,0.9292,5.3512,5.4372,5.5227,5.5758,5.5783,5.5794,5.5741,5.5688,5.5627,5.5566,5.5505,5.5443,5.5381
1.61,1.5813,1.5467,1.5044,1.4609,1.414,1.3671,1.3197,1.2724,1.225,1.1776,1.1248,1.0685,1.4849,3.4863,3.4518,3.4502,3.4494,3.4529,3.4564,3.4603,3.4642,3.4682,3.4723,3.4763
0.5022,0.5371,0.579,0.6304,0.6832,0.7402,0.7972,0.8547,0.9122,0.9697,1.0273,1.0913,1.1596,1.2276,1.1903,2.0571,2.927,3.797,4.4072,4.403,4.3983,4.3935,4.3886,4.3837,4.3788
6.3523,5.8396,5.3273,4.8156,10.0,10.0,10.0,10.0,10.0,10.0,10.0,10.0,10.0,10.0,10.0,10.0,10.0,10.0,10.0,10.0,10.0,10.0,10.0,10.0,10.0
3.1733,3.1167,3.0486,2.9652,2.8795,2.787,2.6945,2.6011,2.5078,2.4144,2.3209,2.217,2.1061,1.9957,0.8888,1.3727,1.9533,2.5338,3.1144,3.6949,4.2755,4.856,5.4365,6.0171,6.5976
0.4296,0.4594,0.4953,0.5392,0.5844,0.6331,0.6819,0.7311,0.7803,0.8295,0.8787,0.9335,0.7079,3.6773,3.7352,3.771,3.7727,3.7735,3.7699,3.7663,3.7622,3.7581,3.7539,3.7497,3.7456
1.7643,1.7328,1.6949,1.6486,1.6009,1.5495,1.498,1.4461,1.3943,1.3423,1.2904,1.2326,0.6166,3.8814,3.8203,3.7825,3.7807,3.7799,3.7837,3.7875,3.7918,3.7961,3.8005,3.8049,3.8093
1.08,1.1551,1.2452,1.3557,1.4693,1.5918,1.7144,1.8381,1.9618,2.0856,2.2094,2.347,2.494,2.6402,2.7858,2.876,1.8242,2.3664,2.9086,3.4508,3.9929,4.5351,5.0773,5.6194,6.1616
1.1887,1.2713,1.3705,1.4921,1.6171,1.752,1.8869,2.023,2.1591,1.8186,1.2866,9.8531,10.0,10.0,10.0,10.0,10.0,10.0,10.0,10.0,10.0,10.0,10.0,10.0,10.0
1.7966,1.7645,1.726,1.6788,1.6302,1.5779,1.5255,1.4726,1.4198,1.3669,1.314,1.2552,1.1924,0.5654,1.4946,2.5829,3.6753,3.8492,3.853,3.8569,3.8613,3.8657,3.8702,3.8746,3.8791
0.4248,0.4543,0.4897,0.5332,0.5778,0.626,0.6743,0.7229,0.7715,0.8202,0.8689,0.923,0.9808,0.7176,2.6232,3.7289,3.7305,3.7313,3.7277,3.7242,3.7201,3.7161,3.712,3.7078,3.7037
2.9828,2.9295,2.8655,2.7872,2.7066,2.6197,2.5327,2.4449,2.3572,2.0201,1.4291,6.7702,6.6659,6.5621,6.4589,6.3949,6.3919,6.3905,6.3969,6.4033,6.4106,6.418,6.4254,6.4328,6.4403
9.0571,8.8955,8.7012,8.4632,8.2185,7.9545,7.6905,7.424,7.1576,6.891,6.6243,6.3278,6.0111,5.6961,5.3826,5.1883,5.1792,5.1751,2.7325,3.2419,3.7512,4.2606,4.7699,5.2793,5.7886
0.5157,0.5515,0.5946,0.6473,0.7015,0.76,0.8186,0.8776,0.9367,0.9958,1.0549,1.1206,4.3447,4.4145,4.484,4.5271,4.5291,4.53,4.5257,4.5214,4.5165,4.5115,4.5065,4.5015,4.4965
1.6019,1.5733,1.5389,1.4968,1.4536,1.4069,1.3602,1.3131,1.2659,1.2188,1.1716,1.1192,1.0632,3.5242,3.4687,3.4344,3.4328,3.432,3.4355,3.4389,3.4428,3.4468,3.4507,3.4547,3.4587
0.608,0.6503,0.7011,0.7633,0.8272,0.8962,0.9652,1.0348,1.1045,1.1742,1.2438,1.3213,1.4041,1.4864,0.9284,1.6045,2.2831,2.9617,3.6402,4.3188,4.9973,5.3197,5.3138,5.3079,5.3019
6.2008,5.7003,5.2003,10.0,10.0,10.0,10.0,10.0,10.0,10.0,10.0,10.0,10.0,10.0,10.0,10.0,10.0,10.0,10.0,10.0,10.0,10.0,10.0,10.0,10.0
2.3562,2.3142,2.2636,2.2017,2.1381,2.0694,2.0007,1.9314,1.8621,1.7927,1.7233,1.6462,1.5638,1.4818,0.9318,1.6103,2.2913,2.9723,3.6533,4.3343,5.0153,5.0699,5.0757,5.0816,5.0875
0.4112,0.4398,0.4741,0.5162,0.5595,0.6061,0.6528,0.6999,0.747,0.7941,0.8412,0.8936,0.9496,3.5204,3.5759,3.6102,3.6118,3.6125,3.6091,3.6057,3.6017,3.5978,3.5938,3.5898,3.5858
2.0129,1.9769,1.9338,1.8809,1.8265,1.7678,1.7091,1.6499,1.5907,1.5315,1.4722,1.1611,4.4983,4.4283,4.3586,4.3155,4.3134,4.3125,4.3169,4.3212,4.3261,4.331,4.3361,4.3411,4.3461
2.3794,2.5446,2.7433,2.9867,3.2369,3.5069,3.777,4.0494,4.3219,4.5946,4.8673,5.1705,5.4944,5.8166,6.1371,6.3359,6.3451,6.3493,6.3294,6.3096,3.7464,4.2551,4.7638,5.2725,5.7812
0.7608,0.8137,0.8772,0.955,1.035,1.1214,1.2077,1.2948,1.382,1.4691,1.4318,0.8405,6.41,6.513,6.6155,6.6791,6.6821,6.6834,6.677,6.6707,6.6634,6.6562,6.6488,6.6414,6.634
1.6503,1.6209,1.5855,1.5421,1.4975,1.4494,1.4013,1.3528,1.3042,1.2556,1.207,1.153,1.0953,0.7279,2.6609,3.5382,3.5365,3.5358,3.5393,3.5429,3.5469,3.551,3.5551,3.5592,3.5633
0.462,0.4941,0.5327,0.58,0.6286,0.681,0.7334,0.7863,0.8393,0.8922,0.9452,1.004,1.0669,0.5643,1.4815,2.5603,3.6431,4.0588,4.0549,4.0511,4.0467,4.0422,4.0378,4.0333,4.0288
4.6739,4.5905,4.4902,4.3674,4.2412,3.9365,3.4058,2.8752,2.3446,10.0,10.0,10.0,10.0,10.0,10.0,10.0,10.0,10.0,10.0,10.0,10.0,10.0,10.0,10.0,10.0
4.158,4.0838,3.9946,3.8853,3.773,3.6518,3.5306,3.4083,3.286,3.1635,3.0411,2.905,2.7596,2.615,2.4711,1.2826,1.825,2.3674,2.9098,3.4522,3.9946,4.537,5.0794,5.6218,6.1642
0.4517,0.4831,0.5208,0.567,0.6145,0.6658,0.7171,0.7688,0.8205,0.8723,0.9241,0.9816,0.498,3.867,3.9279,3.9656,3.9673,3.9681,3.9644,3.9606,3.9563,3.952,3.9476,3.9432,3.9388
1.6718,1.6419,1.6061,1.5621,1.517,1.4683,1.4195,1.3703,1.3212,1.2719,1.2227,1.168,0.6977,3.6779,3.62,3.5842,3.5825,3.5817,3.5853,3.5889,3.593,3.5971,3.6013,3.6054,3.6096
0.8195,0.8765,0.9449,1.0287,1.1149,1.2079,1.3009,1.3948,1.4886,1.5825,1.6765,1.7809,1.8925,2.0034,2.1138,1.3672,1.9454,2.5237,3.1019,3.6801,4.2583,4.8365,5.4147,5.9929,6.5711
1.8895,2.0207,2.1785,2.3718,2.5705,2.7849,2.9993,2.7677,2.2569,1.7461,10.0,10.0,10.0,10.0,10.0,10.0,10.0,10.0,10.0,10.0,10.0,10.0,10.0,10.0,10.0
1.9455,1.9108,1.8691,1.818,1.7654,1.7087,1.652,1.5947,1.5375,1.4802,1.423,1.3593,1.2912,1.2236,1.1949,2.065,2.9383,3.8116,4.1725,4.1767,4.1814,4.1862,4.191,4.1959,4.2007
0.4129,0.4416,0.4761,0.5183,0.5618,0.6086,0.6555,0.7028,0.7501,0.7974,0.8447,0.8973,0.9536,1.4361,3.5907,3.6252,3.6268,3.6275,3.624,3.6206,3.6167,3.6127,3.6087,3.6047,3.6007
2.4789,2.4347,2.3815,2.3164,2.2494,2.1771,2.1049,2.0319,1.959,1.886,1.5742,0.953,5.5398,5.4536,5.3678,5.3146,5.3121,5.311,5.3163,5.3217,5.3277,5.3338,5.34,5.3462,5.3524
10.0,10.0,10.0,10.0,10.0,10.0,10.0,10.0,10.0,10.0,10.0,10.0,10.0,10.0,10.0,10.0,10.0,10.0,10.0,10.0,10.0,10.0,10.0,10.0,10.0
0.5791,0.6194,0.6677,0.727,0.7879,0.8536,0.9193,0.9856,1.0519,1.1183,1.1847,1.0004,4.8793,4.9577,5.0358,5.0841,5.0864,5.0874,5.0826,5.0777,5.0722,5.0667,5.0611,5.0555,5.0498
1.595,1.5665,1.5323,1.4904,1.4473,1.4008,1.3543,1.3074,1.2605,1.2135,1.1665,1.1143,1.0586,3.509,3.4537,3.4195,3.4179,3.4172,3.4206,3.4241,3.428,3.4319,3.4358,3.4398,3.4438
0.534,0.5711,0.6157,0.6703,0.7265,0.7871,0.8477,0.9088,0.97,1.0312,1.0924,1.1604,1.2331,1.3054,1.0666,1.8432,2.6227,3.4022,4.1817,4.682,4.6769,4.6718,4.6667,4.6615,4.6563
10.0,10.0,10.0,10.0,10.0,10.0,10.0,10.0,10.0,10.0,10.0,10.0,10.0,10.0,10.0,10.0,10.0,10.0,10.0,10.0,10.0,10.0,10.0,10.0,10.0
2.7814,2.7318,2.6721,2.599,2.5239,2.4428,2.3617,2.2799,2.1981,2.1162,2.0343,1.9432,1.846,1.7492,0.8356,1.4441,2.0548,2.6655,3.2762,3.8869,4.4976,5.1083,5.7191,5.9985,6.0055
0.4193,0.4484,0.4834,0.5263,0.5704,0.618,0.6656,0.7136,0.7616,0.8096,0.8577,0.9111,0.9657,3.5893,3.6458,3.6808,3.6824,3.6832,3.6797,3.6762,3.6722,3.6681,3.6641,3.66,3.6559
1.8382,1.8054,1.7659,1.7176,1.668,1.6144,1.5608,1.5067,1.4527,1.3986,1.3444,1.2843,4.1079,4.044,3.9804,3.9409,3.9391,3.9383,3.9422,3.9462,3.9507,3.9552,3.9597,3.9643,3.9689
1.355,1.4491,1.5623,1.7008,1.8433,1.9971,2.1509,2.306,2.4612,2.6165,2.7718,2.9445,3.1289,3.3124,3.4949,3.6081,3.6134,2.2916,2.8166,3.3417,3.8667,4.3918,4.9168,5.4418,5.9669
0.9713,1.0388,1.1199,1.2193,1.3214,1.4316,1.5419,1.6531,1.7643,1.8756,1.3288,8.0514,8.1836,8.3151,8.446,8.5271,8.5309,8.5326,8.5245,8.5164,8.5071,8.4978,8.4884,8.479,8.4695
1.7252,1.6944,1.6574,1.6121,1.5655,1.5152,1.4649,1.4141,1.3634,1.3126,1.2618,1.2053,1.145,0.5429,1.7824,3.0803,3.697,3.6962,3.7,3.7037,3.7079,3.7121,3.7164,3.7207,3.725
0.4351,0.4654,0.5017,0.5462,0.592,0.6413,0.6907,0.7405,0.7904,0.8402,0.8901,0.9456,1.0048,0.5504,2.0118,3.4768,3.8216,3.8224,3.8188,3.8151,3.811,3.8068,3.8026,3.7984,3.7942
3.4367,3.3754,3.3016,3.2114,3.1185,3.0183,2.9181,2.817,2.4844,1.9221,1.4337,7.8005,7.6803,7.5608,7.4418,7.3681,7.3647,7.3631,7.3705,7.3779,7.3863,7.3947,7.4033,7.4118,7.4204
6.2004,6.0898,5.9568,5.7939,5.6264,5.4456,5.2649,5.0825,4.9001,4.7175,4.535,4.332,4.1152,3.8995,3.6849,3.5519,1.7422,2.26,2.7777,3.2955,3.8133,4.3311,4.8489,5.3667,5.8845
0.4857,0.5195,0.56,0.6097,0.6608,0.7159,0.7711,0.8267,0.8823,0.938,0.9936,1.0555,0.5275,4.1582,4.2236,4.2642,4.2661,4.267,4.2629,4.2588,4.2542,4.2496,4.2449,4.2402,4.2354
1.6164,1.5876,1.5529,1.5104,1.4667,1.4196,1.3725,1.3249,1.2774,1.2298,1.1822,1.1293,1.0728,3.5561,3.5001,3.4655,3.4639,3.4631,3.4666,3.4701,3.474,3.478,3.482,3.486,3.4901
0.6698,0.7164,0.7723,0.8408,0.9113,0.9873,1.0633,1.14,1.2167,1.2935,1.3702,1.4556,1.5468,1.6375,0.9084,1.4941,2.126,2.7579,3.3898,4.0216,4.6535,5.2854,5.8537,5.8472,5.8407
4.8357,5.1717,5.2096,4.7092,4.2089,3.7089,3.2089,2.709,10.0,10.0,10.0,10.0,10.0,10.0,10.0,10.0,10.0,10.0,10.0,10.0,10.0,10.0,10.0,10.0,10.0
2.1651,2.1265,2.08,2.0231,1.9646,1.9015,1.8384,1.7747,1.711,1.6473,1.5835,1.5127,1.437,1.3616,1.0103,1.746,2.4844,3.2228,3.9612,4.648,4.6533,4.6586,4.664,4.6694,4.6748
0.409,0.4374,0.4716,0.5134,0.5564,0.6029,0.6493,0.6961,0.743,0.7898,0.8367,0.8888,0.9445,3.5015,3.5566,3.5908,3.5924,3.5931,3.5897,3.5862,3.5824,3.5784,3.5745,3.5705,3.5665
2.1537,2.1153,2.0691,2.0125,1.9543,1.8915,1.8287,1.7654,1.702,1.6386,1.5752,1.0501,4.813,4.7381,4.6636,4.6174,4.6152,4.6142,4.6189,4.6235,4.6288,4.6341,4.6394,4.6448,4.6502
4.5312,4.846,5.2244,5.6878,6.1644,6.6785,7.1928,7.7117,8.2306,8.7499,9.2693,9.8466,10.0,10.0,10.0,10.0,10.0,10.0,10.0,10.0,10.0,10.0,10.0,10.0,10.0
0.6747,0.7216,0.7779,0.8469,0.9179,0.9944,1.071,1.1483,1.2255,1.3028,1.3802,0.889,5.6844,5.7758,5.8667,5.923,5.9256,5.9268,5.9212,5.9156,5.9091,5.9027,5.8961,5.8896,5.883
1.6176,1.5887,1.554,1.5115,1.4678,1.4207,1.3735,1.3259,1.2783,1.2307,1.1831,1.1301,1.0736,1.058,3.5027,3.468,3.4664,3.4656,3.4691,3.4726,3.4765,3.4805,3.4845,3.4886,3.4926
0.4838,0.5174,0.5578,0.6073,0.6582,0.7131,0.768,0.8234,0.8788,0.9342,0.9897,1.0514,1.1172,1.1827,1.2809,2.2137,3.1499,4.0861,4.246,4.242,4.2374,4.2327,4.2281,4.2234,4.2186
6.068,5.895,5.3779,4.8613,4.3449,3.8287,3.3126,10.0,10.0,10.0,10.0,10.0,10.0,10.0,10.0,10.0,10.0,10.0,10.0,10.0,10.0,10.0,10.0,10.0,10.0
3.4729,3.4109,3.3364,3.2452,3.1514,3.0501,2.9489,2.8467,2.7445,2.6423,2.54,2.4264,2.3049,2.1841,2.0639,1.3308,1.8936,2.4564,3.0192,3.582,4.1448,4.7076,5.2704,5.8332,6.396
0.4358,0.4661,0.5025,0.547,0.5929,0.6423,0.6918,0.7417,0.7916,0.8415,0.8915,0.947,0.6071,3.7306,3.7894,3.8258,3.8275,3.8282,3.8246,3.8209,3.8168,3.8126,3.8084,3.8042,3.7999
1.7201,1.6894,1.6525,1.6073,1.5608,1.5107,1.4605,1.4099,1.3593,1.3087,1.2581,1.2018,0.6011,3.7842,3.7247,3.6878,3.686,3.6853,3.689,3.6926,3.6969,3.7011,3.7054,3.7096,3.7139
0.9589,1.0255,1.1056,1.2037,1.3045,1.4133,1.5222,1.632,1.7418,1.8517,1.9616,2.0838,2.2143,2.3441,2.4733,1.3805,1.8604,2.4134,2.9664,3.5193,4.0722,4.6252,5.1781,5.7311,6.284
1.3787,1.4745,1.5897,1.7307,1.8757,2.0321,2.1886,2.3465,2.3039,1.7825,1.261,10.0,10.0,10.0,10.0,10.0,10.0,10.0,10.0,10.0,10.0,10.0,10.0,10.0,10.0
1.8427,1.8098,1.7703,1.7219,1.6721,1.6184,1.5647,1.5105,1.4562,1.402,1.3477,1.2874,1.223,1.1589,1.3581,2.347,3.3396,3.948,3.9519,3.9559,3.9604,3.9649,3.9695,3.9741,3.9787
0.4184,0.4474,0.4824,0.5252,0.5692,0.6166,0.6641,0.712,0.7599,0.8079,0.8558,0.9092,0.9661,0.8833,3.2287,3.6729,3.6745,3.6752,3.6717,3.6682,3.6642,3.6602,3.6562,3.6521,3.6481
2.7563,2.7071,2.648,2.5755,2.5011,2.4207,2.3404,2.2593,2.1782,2.0849,1.475,6.2561,6.1597,6.0638,5.9684,5.9093,5.9065,5.9053,5.9112,5.9171,5.9238,5.9306,5.9375,5.9444,5.9512
10.0,10.0,10.0,10.0,10.0,10.0,10.0,10.0,10.0,9.6346,9.2617,8.8472,8.4044,7.9639,7.5256,7.254,7.2413,7.2355,7.2627,7.2899,3.7125,4.2166,4.7206,5.2247,5.7288
0.536,0.5732,0.618,0.6728,0.7291,0.79,0.8508,0.9122,0.9735,1.035,1.0964,1.0931,4.5157,4.5882,4.6605,4.7052,4.7073,4.7083,4.7038,4.6993,4.6942,4.6891,4.6839,4.6787,4.6735
1.5927,1.5643,1.5301,1.4883,1.4452,1.3988,1.3524,1.3055,1.2587,1.2118,1.1649,1.1128,1.0571,3.504,3.4488,3.4147,3.4131,3.4124,3.4158,3.4192,3.4231,3.427,3.431,3.4349,3.4389
0.5751,0.6151,0.6631,0.7219,0.7824,0.8477,0.913,0.9788,1.0447,1.1106,1.1765,1.2498,1.3281,1.406,0.9728,1.6811,2.3921,3.1031,3.8141,4.5251,5.0372,5.0317,5.0262,5.0206,5.015
10.0,10.0,10.0,10.0,10.0,10.0,10.0,10.0,10.0,10.0,10.0,10.0,10.0,10.0,10.0,10.0,10.0,10.0,10.0,10.0,10.0,10.0,10.0,10.0,10.0
2.4924,2.4479,2.3944,2.329,2.2616,2.189,2.1163,2.043,1.9697,1.8963,1.8229,1.7413,1.6542,1.5675,0.889,1.5364,2.1862,2.8359,3.4857,4.1354,4.7852,5.3629,5.3691,5.3753,5.3815
0.4127,0.4413,0.4758,0.518,0.5614,0.6082,0.655,0.7023,0.7495,0.7968,0.8441,0.8967,0.9529,3.5326,3.5882,3.6226,3.6242,3.625,3.6215,3.6181,3.6141,3.6102,3.6062,3.6022,3.5982
1.9349,1.9003,1.8588,1.808,1.7557,1.6993,1.6429,1.586,1.5291,1.4721,1.4152,1.2425,4.324,4.2567,4.1898,4.1483,4.1463,4.1454,4.1496,4.1538,4.1585,4.1632,4.1681,4.1729,4.1777
1.8393,1.9671,2.1207,2.3088,2.5022,2.7109,2.9197,3.1303,3.3409,3.5517,3.7625,3.9969,4.2473,4.4963,4.7442,4.8978,4.9049,4.9082,2.7513,3.2641,3.777,4.2899,4.8027,5.3156,5.8284
0.8263,0.8837,0.9527,1.0373,1.1242,1.2179,1.3117,1.4063,1.501,1.5957,1.3854,0.8132,6.962,7.0739,7.1852,7.2542,7.2575,7.2589,7.252,7.2451,7.2372,7.2293,7.2213,7.2133,7.2053
1.6719,1.642,1.6062,1.5623,1.5171,1.4684,1.4196,1.3704,1.3213,1.272,1.2228,1.1681,1.1096,0.6104,2.2311,3.5844,3.5828,3.582,3.5856,3.5892,3.5933,3.5974,3.6015,3.6057,3.6099
0.4497,0.481,0.5185,0.5645,0.6118,0.6628,0.7139,0.7654,0.8169,0.8684,0.92,0.9773,1.0385,0.5493,1.6413,2.8364,3.9498,3.9506,3.9468,3.943,3.9388,3.9344,3.9301,3.9257,3.9214
4.0941,4.021,3.9332,3.8256,3.715,3.5957,3.468,2.9277,2.3874,1.847,9.4266,9.2926,9.1494,9.007,8.8653,8.7775,8.7734,8.7715,8.7803,8.7891,8.7991,8.8092,8.8193,8.8296,8.8398
4.7392,4.6546,4.553,4.4285,4.3004,4.1623,4.0241,3.8847,3.7453,3.6058,3.4662,3.3111,3.1454,2.9805,2.8165,1.2552,1.786,2.3168,2.8477,3.3785,3.9093,4.4401,4.9709,5.5018,6.0326
0.4625,0.4946,0.5332,0.5805,0.6292,0.6817,0.7341,0.7871,0.8401,0.8931,0.9461,1.005,0.5023,3.9592,4.0215,4.0601,4.0619,4.0627,4.0589,4.055,4.0506,4.0462,4.0417,4.0372,4.0327
1.6444,1.6151,1.5798,1.5366,1.4921,1.4442,1.3963,1.3479,1.2995,1.2511,1.2027,1.1489,0.832,3.6177,3.5608,3.5255,3.5239,3.5231,3.5266,3.5302,3.5342,3.5382,3.5423,3.5464,3.5505
0.7525,0.8048,0.8676,0.9446,1.0237,1.1091,1.1945,1.2806,1.3668,1.453,1.5393,1.6352,1.7376,1.8395,1.9409,1.4082,2.0037,2.5992,3.1948,3.7903,4.3858,4.9813,5.5769,6.1724,6.5613
2.454,2.6245,2.8294,3.0804,3.3385,3.617,3.2404,2.7356,2.2307,1.737,10.0,10.0,10.0,10.0,10.0,10.0,10.0,10.0,10.0,10.0,10.0,10.0,10.0,10.0,10.0
2.0171,1.9811,1.9378,1.8848,1.8303,1.7716,1.7127,1.6534,1.5941,1.5347,1.4753,1.4093,1.3387,1.2686,1.1132,1.9238,2.7374,3.551,4.326,4.3303,4.3352,4.3402,4.3452,4.3502,4.3553
0.4101,0.4386,0.4728,0.5147,0.5579,0.6044,0.6509,0.6979,0.7449,0.7919,0.8389,0.8911,0.9469,2.3474,3.5657,3.5999,3.6015,3.6023,3.5988,3.5954,3.5915,3.5876,3.5836,3.5796,3.5756
2.336,2.2944,2.2443,2.1829,2.1198,2.0517,1.9836,1.9148,1.8461,1.7774,1.6444,0.9652,5.2206,5.1393,5.0585,5.0084,5.006,5.005,5.01,5.015,5.0207,5.0265,5.0323,5.0381,5.0439
10.0,10.0,10.0,10.0,10.0,10.0,10.0,10.0,10.0,10.0,10.0,10.0,10.0,10.0,10.0,10.0,10.0,10.0,10.0,10.0,10.0,10.0,10.0,10.0,10.0
0.6103,0.6527,0.7037,0.7661,0.8303,0.8995,0.9688,1.0387,1.1086,1.1785,1.2485,0.9517,5.1419,5.2245,5.3068,5.3577,5.3601,5.3612,5.3561,5.351,5.3452,5.3393,5.3334,5.3275,5.3216
1.5985,1.57,1.5357,1.4937,1.4505,1.4039,1.3573,1.3103,1.2632,1.2162,1.1691,1.1168,1.0609,1.9676,3.4614,3.4271,3.4255,3.4247,3.4282,3.4316,3.4355,3.4394,3.4434,3.4474,3.4514
0.5121,0.5476,0.5904,0.6428,0.6966,0.7547,0.8128,0.8715,0.9301,0.9888,1.0475,1.1127,1.1824,1.2518,1.1359,1.9629,2.7931,3.6233,4.4534,4.4896,4.4848,4.4798,4.4749,4.4699,4.4649
6.29,5.8468,10.0,10.0,10.0,10.0,10.0,10.0,10.0,10.0,10.0,10.0,10.0,10.0,10.0,10.0,10.0,10.0,10.0,10.0,10.0,10.0,10.0,10.0,10.0
3.0013,2.9477,2.8833,2.8045,2.7234,2.6359,2.5484,2.4601,2.3718,2.2835,2.1951,2.0969,1.9919,1.8875,0.8406,1.3944,1.9841,2.5738,3.1635,3.7532,4.3429,4.9326,5.5223,6.112,6.4802
0.4242,0.4536,0.4891,0.5324,0.5771,0.6252,0.6733,0.7219,0.7705,0.8191,0.8677,0.9218,0.7856,3.6312,3.6883,3.7238,3.7254,3.7262,3.7226,3.7191,3.715,3.711,3.7069,3.7028,3.6986
1.786,1.7541,1.7158,1.6689,1.6206,1.5686,1.5165,1.4639,1.4114,1.3588,1.3062,1.2478,0.6241,3.9292,3.8673,3.829,3.8272,3.8264,3.8303,3.8341,3.8385,3.8429,3.8473,3.8518,3.8562
1.167,1.248,1.3455,1.4649,1.5876,1.72,1.8524,1.9861,2.1197,2.2534,2.3872,2.5359,2.6948,2.8528,3.01,3.1075,1.7961,2.3299,2.8637,3.3976,3.9314,4.4652,4.999,5.5328,6.0667
1.0918,1.1677,1.2588,1.3705,1.4853,1.6092,1.7331,1.8581,1.9832,1.8353,1.2984,9.0501,9.1987,9.3465,9.4936,9.5848,9.5891,9.591,9.5819,9.5727,9.5624,9.5519,9.5413,9.5307,9.5201
1.7634,1.7319,1.6941,1.6477,1.6001,1.5487,1.4973,1.4454,1.3935,1.3416,1.2897,1.232,1.1703,0.5549,1.588,2.7443,3.7788,3.778,3.7817,3.7855,3.7898,3.7942,3.7986,3.803,3.8074
0.4274,0.4571,0.4928,0.5365,0.5814,0.6299,0.6784,0.7274,0.7763,0.8253,0.8743,0.9288,0.9869,0.6412,2.3437,3.7521,3.7537,3.7545,3.7509,3.7473,3.7433,3.7392,3.7351,3.7309,3.7267
3.1321,3.0762,3.009,2.9267,2.8421,2.7508,2.6595,2.5673,2.4752,1.9759,1.3979,7.1091,6.9996,6.8906,6.7822,6.715,6.7119,6.7105,6.7172,6.7239,6.7316,6.7393,6.7471,6.7549,6.7627
7.6815,7.5444,7.3796,7.1778,6.9703,6.7464,6.5224,6.2964,6.0705,5.8444,5.6182,5.3667,5.0981,4.8309,4.5651,4.4003,4.3926,2.2308,2.7419,3.253,3.7641,4.2753,4.7864,5.2975,5.8086
0.5025,0.5374,0.5793,0.6307,0.6836,0.7406,0.7976,0.8551,0.9127,0.9703,1.0278,1.0919,4.2333,4.3014,4.3691,4.411,4.413,4.4139,4.4097,4.4055,4.4007,4.3959,4.391,4.3861,4.3812
1.6031,1.5745,1.5401,1.498,1.4547,1.408,1.3612,1.3141,1.2669,1.2197,1.1725,1.1201,1.064,3.5269,3.4715,3.4371,3.4355,3.4347,3.4382,3.4416,3.4455,3.4495,3.4535,3.4575,3.4615
0.6286,0.6723,0.7248,0.7891,0.8552,0.9265,0.9979,1.0698,1.1418,1.2139,1.2859,1.366,1.4516,1.5367,0.9007,1.5565,2.2148,2.873,3.5313,4.1896,4.8478,5.4996,5.4935,5.4874,5.4813
6.1895,5.69,5.1908,4.6922,4.1937,3.6956,10.0,10.0,10.0,10.0,10.0,10.0,10.0,10.0,10.0,10.0,10.0,10.0,10.0,10.0,10.0,10.0,10.0,10.0,10.0
2.2739,2.2333,2.1846,2.1248,2.0634,1.9971,1.9308,1.8639,1.797,1.7301,1.6631,1.5887,1.5092,1.4301,0.9579,1.6555,2.3556,3.0557,3.7558,4.4559,4.8872,4.8927,4.8984,4.9041,4.9098
0.4094,0.4379,0.4721,0.5139,0.557,0.6034,0.6499,0.6968,0.7437,0.7906,0.8375,0.8897,0.9454,3.5049,3.5601,3.5943,3.5959,3.5966,3.5932,3.5898,3.5859,3.5819,3.578,3.574,3.57
2.0597,2.0229,1.9787,1.9246,1.869,1.8089,1.7489,1.6883,1.6277,1.5671,1.5064,1.1135,4.6029,4.5313,4.46,4.4158,4.4138,4.4128,4.4172,4.4217,4.4267,4.4318,4.4369,4.442,4.4472
2.8996,3.1011,3.3432,3.6398,3.9447,4.2737,4.6028,4.9349,5.2669,5.5992,5.9316,6.3011,6.6958,7.0884,7.4791,7.7213,7.7326,7.7377,7.7134,7.6892,7.6616,4.2252,4.7304,5.2355,5.7406
0.7239,0.7742,0.8347,0.9087,0.9848,1.067,1.1491,1.232,1.3149,1.3979,1.4592,0.8565,6.0992,6.1972,6.2948,6.3552,6.358,6.3593,6.3533,6.3472,6.3403,6.3334,6.3264,6.3194,6.3123
1.6343,1.6051,1.5701,1.5271,1.483,1.4353,1.3877,1.3396,1.2915,1.2434,1.1953,1.1418,1.0847,0.8246,3.0143,3.5038,3.5022,3.5014,3.505,3.5085,3.5125,3.5165,3.5205,3.5246,3.5287
0.4692,0.5018,0.5409,0.5889,0.6383,0.6915,0.7448,0.7985,0.8522,0.906,0.9598,1.0196,1.0834,0.573,1.3952,2.4111,3.4308,4.1215,4.1176,4.1137,4.1092,4.1047,4.1002,4.0956,4.091
5.1133,5.022,4.9124,4.778,4.4112,3.8872,3.3632,2.8392,10.0,10.0,10.0,10.0,10.0,10.0,10.0,10.0,10.0,10.0,10.0,10.0,10.0,10.0,10.0,10.0,10.0
3.8597,3.7908,3.708,3.6066,3.5024,3.3899,3.2773,3.1638,3.0502,2.9366,2.823,2.6966,2.5616,2.4274,2.2938,1.2982,1.8472,2.3962,2.9452,3.4942,4.0432,4.5922,5.1412,5.6902,6.2392
0.4447,0.4756,0.5127,0.5582,0.605,0.6555,0.7059,0.7569,0.8078,0.8588,0.9097,0.9664,0.5337,3.807,3.867,3.9041,3.9058,3.9066,3.9029,3.8992,3.8949,3.8907,3.8864,3.8821,3.8777
1.687,1.6569,1.6207,1.5764,1.5308,1.4816,1.4325,1.3828,1.3332,1.2835,1.2339,1.1786,0.6337,3.7114,3.653,3.6169,3.6152,3.6144,3.618,3.6216,3.6258,3.6299,3.6341,3.6383,3.6425
0.8663,0.9264,0.9988,1.0874,1.1785,1.2768,1.3751,1.4743,1.5735,1.6728,1.772,1.8824,2.0004,2.1176,2.2344,1.3416,1.909,2.4764,3.0438,3.6111,4.1785,4.7459,5.3132,5.8806,6.448
1.6528,1.7677,1.9057,2.0747,2.2485,2.4361,2.6237,2.785,2.2711,1.7571,10.0,10.0,10.0,10.0,10.0,10.0,10.0,10.0,10.0,10.0,10.0,10.0,10.0,10.0,10.0
1.9021,1.8682,1.8274,1.7774,1.726,1.6706,1.6151,1.5592,1.5032,1.4472,1.3912,1.3289,1.2624,1.1963,1.2505,2.161,3.075,3.9889,4.0794,4.0835,4.0881,4.0928,4.0975,4.1023,4.107
0.4144,0.4432,0.4778,0.5202,0.5638,0.6108,0.6578,0.7053,0.7527,0.8002,0.8477,0.9005,0.957,1.1575,3.6035,3.6381,3.6397,3.6404,3.637,3.6335,3.6296,3.6256,3.6216,3.6176,3.6135
2.5745,2.5285,2.4733,2.4057,2.3361,2.2611,2.186,2.1103,2.0346,1.9588,1.5328,0.9897,5.7534,5.6639,5.5748,5.5195,5.517,5.5158,5.5213,5.5269,5.5332,5.5395,5.5459,5.5523,5.5587
10.0,10.0,10.0,10.0,10.0,10.0,10.0,10.0,10.0,10.0,10.0,10.0,10.0,10.0,10.0,10.0,10.0,10.0,10.0,10.0,10.0,10.0,10.0,10.0,10.0
0.5612,0.6002,0.647,0.7044,0.7635,0.8271,0.8908,0.9551,1.0194,1.0837,1.148,1.0326,4.7282,4.8041,4.8798,4.9266,4.9288,4.9298,4.9251,4.9204,4.9151,4.9097,4.9043,4.8988,4.8934
1.5923,1.5639,1.5297,1.4879,1.4449,1.3985,1.3521,1.3052,1.2584,1.2115,1.1646,1.1125,1.0568,3.5031,3.448,3.4139,3.4123,3.4115,3.415,3.4184,3.4223,3.4262,3.4301,3.4341,3.4381
0.5484,0.5865,0.6323,0.6884,0.7461,0.8083,0.8706,0.9334,0.9962,1.059,1.1219,1.1917,1.2664,1.3407,1.0276,1.7759,2.527,3.278,4.0291,4.7801,4.8032,4.7979,4.7926,4.7873,4.782
10.0,10.0,10.0,10.0,10.0,10.0,10.0,10.0,10.0,10.0,10.0,10.0,10.0,10.0,10.0,10.0,10.0,10.0,10.0,10.0,10.0,10.0,10.0,10.0,10.0
2.6611,2.6136,2.5565,2.4866,2.4147,2.3371,2.2596,2.1813,2.103,2.0247,1.9463,1.8592,1.7661,1.6736,0.8545,1.4766,2.1011,2.7256,3.3501,3.9746,4.5991,5.2236,5.7324,5.7391,5.7457
0.4164,0.4453,0.4801,0.5227,0.5664,0.6137,0.661,0.7086,0.7563,0.804,0.8518,0.9048,0.9615,3.5645,3.6206,3.6553,3.657,3.6577,3.6542,3.6507,3.6468,3.6428,3.6388,3.6347,3.6307
1.8725,1.8391,1.7989,1.7497,1.6991,1.6446,1.59,1.5349,1.4798,1.4247,1.3695,1.3082,4.1847,4.1195,4.0547,4.0146,4.0127,4.0118,4.0159,4.0199,4.0245,4.0291,4.0337,4.0384,4.0431
1.5054,1.61,1.7357,1.8897,2.048,2.2188,2.3897,2.562,2.7344,2.9069,3.0795,3.2713,3.4762,3.6801,3.8829,4.0086,4.0145,2.2695,2.7894,3.3094,3.8294,4.3493,4.8693,5.3892,5.9092
0.9098,0.973,1.049,1.142,1.2377,1.3409,1.4442,1.5484,1.6525,1.7568,1.3491,0.8642,7.6651,7.7883,7.9109,7.9868,7.9904,7.992,7.9844,7.9768,7.9681,7.9594,7.9506,7.9418,7.9329
1.7035,1.6731,1.6366,1.5918,1.5458,1.4962,1.4465,1.3964,1.3463,1.2961,1.246,1.1902,1.1306,0.5361,1.9296,3.3347,3.6506,3.6498,3.6535,3.6571,3.6613,3.6655,3.6697,3.674,3.6782
0.4404,0.471,0.5077,0.5528,0.5991,0.6491,0.6991,0.7495,0.7999,0.8504,0.9009,0.957,1.0169,0.5379,1.8513,3.1994,3.8678,3.8685,3.8649,3.8612,3.857,3.8528,3.8485,3.8442,3.8399
3.6597,3.5944,3.5159,3.4197,3.3209,3.2142,3.1075,2.9989,2.4455,1.892,8.4265,8.3067,8.1787,8.0514,7.9248,7.8462,7.8426,7.8409,7.8488,7.8566,7.8656,7.8746,7.8837,7.8928,7.902
5.5456,5.4466,5.3277,5.1819,5.0321,4.8705,4.7088,4.5457,4.3825,4.2193,4.056,3.8745,3.6805,3.4877,3.2957,3.1767,1.7581,2.2806,2.8031,3.3257,3.8482,4.3707,4.8932,5.4157,5.9383
0.4765,0.5096,0.5494,0.5981,0.6482,0.7023,0.7563,0.8109,0.8655,0.9201,0.9747,1.0354,0.5174,4.0789,4.1431,4.1829,4.1847,4.1856,4.1816,4.1776,4.1731,4.1685,4.1639,4.1593,4.1546
1.6267,1.5977,1.5628,1.52,1.4761,1.4287,1.3812,1.3334,1.2855,1.2376,1.1897,1.1365,1.0377,3.5787,3.5224,3.4875,3.4859,3.4852,3.4887,3.4922,3.4961,3.5001,3.5042,3.5082,3.5123
0.6991,0.7477,0.806,0.8775,0.951,1.0304,1.1097,1.1898,1.2698,1.3499,1.4301,1.5192,1.6143,1.709,0.9481,1.4599,2.0774,2.6948,3.3122,3.9296,4.5471,5.1645,5.7819,6.1026,6.0958
3.5281,3.7731,4.0678,4.4286,4.2245,3.7226,3.2208,2.719,2.2172,10.0,10.0,10.0,10.0,10.0,10.0,10.0,10.0,10.0,10.0,10.0,10.0,10.0,10.0,10.0,10.0
2.1062,2.0686,2.0234,1.9681,1.9112,1.8498,1.7884,1.7264,1.6645,1.6025,1.5404,1.4715,1.3979,1.3246,1.0473,1.8099,2.5754,3.3408,4.1063,4.5215,4.5267,4.5318,4.5371,4.5423,4.5476
0.4095,0.4379,0.4721,0.514,0.5571,0.6035,0.65,0.6969,0.7438,0.7907,0.8376,0.8898,0.9455,3.5053,3.5605,3.5947,3.5963,3.597,3.5936,3.5902,3.5863,3.5823,3.5784,3.5744,3.5704
2.2203,2.1807,2.133,2.0747,2.0147,1.95,1.8853,1.8199,1.7546,1.6893,1.6239,1.0162,4.9619,4.8846,4.8078,4.7602,4.7579,4.7569,4.7617,4.7665,4.7719,4.7774,4.7829,4.7884,4.794
6.9643,7.4481,8.0296,8.7419,9.4743,10.0,10.0,10.0,10.0,10.0,10.0,10.0,10.0,10.0,10.0,10.0,10.0,10.0,10.0,10.0,10.0,10.0,10.0,10.0,10.0
0.6488,0.6938,0.748,0.8144,0.8826,0.9562,1.0299,1.1041,1.1784,1.2528,1.3272,0.9122,5.4661,5.5539,5.6413,5.6955,5.698,5.6992,5.6938,5.6883,5.6822,5.6759,5.6697,5.6634,5.6571
1.6109,1.5821,1.5476,1.5053,1.4617,1.4148,1.3678,1.3204,1.273,1.2256,1.1782,1.1255,1.0691,1.2853,3.4882,3.4537,3.452,3.4513,3.4548,3.4582,3.4622,3.4661,3.4701,3.4742,3.4782
0.4945,0.5288,0.5701,0.6207,0.6727,0.7288,0.7849,0.8415,0.8981,0.9548,1.0115,1.0745,1.1418,1.2088,1.2219,2.1117,3.0048,3.8979,4.3395,4.3353,4.3306,4.3259,4.3211,4.3163,4.3115
6.3687,5.8547,5.3411,4.8281,4.3152,3.879,10.0,10.0,10.0,10.0,10.0,10.0,10.0,10.0,10.0,10.0,10.0,10.0,10.0,10.0,10.0,10.0,10.0,10.0,10.0
3.2783,3.2198,3.1495,3.0633,2.9748,2.8792,2.7836,2.6872,2.5908,2.4943,2.3977,2.2904,2.1758,2.0617,1.9483,1.3552,1.9284,2.5015,3.0747,3.6478,4.2209,4.7941,5.3672,5.9403,6.5135
0.4316,0.4616,0.4976,0.5417,0.5871,0.6361,0.6851,0.7345,0.7839,0.8334,0.8829,0.9379,0.6652,3.6946,3.7527,3.7888,3.7905,3.7912,3.7876,3.784,3.7799,3.7758,3.7716,3.7674,3.7632
1.746,1.7149,1.6774,1.6315,1.5844,1.5335,1.4826,1.4312,1.3798,1.3284,1.277,1.2199,0.6102,3.8412,3.7808,3.7433,3.7416,3.7408,3.7446,3.7483,3.7526,3.7569,3.7612,3.7656,3.7699
1.0299,1.1014,1.1874,1.2927,1.401,1.5179,1.6348,1.7527,1.8706,1.9887,2.1067,2.2379,2.3781,2.5176,2.6563,2.7423,1.8369,2.3828,2.9288,3.4747,4.0207,4.5666,5.1125,5.6585,6.2044
1.2541,1.3412,1.446,1.5742,1.7061,1.8484,1.9908,2.1344,2.278,1.8039,1.2762,10.0,10.0,10.0,10.0,10.0,10.0,10.0,10.0,10.0,10.0,10.0,10.0,10.0,10.0
1.8134,1.781,1.7421,1.6945,1.6455,1.5926,1.5397,1.4864,1.4331,1.3797,1.3263,1.2669,1.2035,0.5706,1.439,2.4868,3.5386,3.8851,3.889,3.8929,3.8973,3.9018,3.9063,3.9108,3.9153
0.4222,0.4516,0.4868,0.53,0.5744,0.6223,0.6702,0.7186,0.7669,0.8153,0.8637,0.9175,0.975,0.7728,2.8247,3.7066,3.7083,3.709,3.7055,3.702,3.698,3.6939,3.6898,3.6857,3.6816
2.8919,2.8403,2.7783,2.7023,2.6242,2.5399,2.4556,2.3705,2.2854,2.0442,1.4462,6.564,6.4629,6.3623,6.2622,6.2002,6.1973,6.196,6.2022,6.2084,6.2154,6.2226,6.2297,6.237,6.2442
10.0,9.9798,9.7618,9.4949,9.2204,8.9242,8.6279,8.329,8.0301,7.731,7.4318,7.0992,6.7439,6.3904,6.0387,5.8207,5.8106,5.8059,2.7218,3.2292,3.7365,4.2439,4.7513,5.2586,5.766
0.5233,0.5597,0.6034,0.6569,0.7119,0.7713,0.8307,0.8906,0.9506,1.0105,1.0705,1.1372,4.4091,4.48,4.5505,4.5942,4.5962,4.5972,4.5928,4.5884,4.5834,4.5784,4.5733,4.5683,4.5632
1.5988,1.5703,1.536,1.494,1.4508,1.4042,1.3576,1.3106,1.2635,1.2165,1.1694,1.117,1.0611,3.5175,3.4621,3.4278,3.4262,3.4255,3.4289,3.4324,3.4363,3.4402,3.4442,3.4482,3.4522
0.5953,0.6367,0.6864,0.7473,0.8099,0.8774,0.945,1.0132,1.0813,1.1495,1.2178,1.2936,1.3747,1.4553,0.9453,1.6336,2.3244,3.0153,3.7061,4.397,5.0878,5.2082,5.2024,5.1966,5.1908
6.2013,5.7287,10.0,10.0,10.0,10.0,10.0,10.0,10.0,10.0,10.0,10.0,10.0,10.0,10.0,10.0,10.0,10.0,10.0,10.0,10.0,10.0,10.0,10.0,10.0
2.4079,2.365,2.3133,2.25,2.185,2.1148,2.0446,1.9738,1.9029,1.832,1.7611,1.6823,1.5981,1.5144,0.9156,1.5823,2.2515,2.9206,3.5898,4.259,4.9281,5.1811,5.1871,5.1931,5.1991
0.4121,0.4407,0.4751,0.5173,0.5606,0.6074,0.6541,0.7013,0.7485,0.7958,0.843,0.8955,0.9516,3.5277,3.5833,3.6177,3.6193,3.62,3.6166,3.6131,3.6092,3.6053,3.6013,3.5973,3.5933
1.9841,1.9487,1.9062,1.854,1.8004,1.7426,1.6847,1.6264,1.568,1.5096,1.4512,1.1919,4.4341,4.3651,4.2964,4.2539,4.2519,4.251,4.2552,4.2595,4.2643,4.2692,4.2742,4.2791,4.2841
2.1418,2.2906,2.4695,2.6885,2.9138,3.1568,3.3999,3.6452,3.8904,4.1359,4.3814,4.6543,4.9459,5.2359,5.5245,5.7033,5.7117,5.7155,5.6976,3.251,3.7618,4.2726,4.7834,5.2942,5.8049
0.7854,0.84,0.9056,0.9859,1.0685,1.1576,1.2468,1.3367,1.4266,1.5167,1.4154,0.8308,6.6173,6.7237,6.8295,6.8951,6.8982,6.8996,6.893,6.8864,6.8789,6.8714,6.8638,6.8562,6.8486
1.6605,1.6309,1.5953,1.5516,1.5068,1.4584,1.41,1.3611,1.3123,1.2634,1.2145,1.1601,1.1021,0.6789,2.4818,3.5601,3.5584,3.5577,3.5612,3.5648,3.5689,3.5729,3.5771,3.5812,3.5854
0.4579,0.4897,0.5279,0.5748,0.6229,0.6749,0.7268,0.7793,0.8317,0.8842,0.9367,0.995,1.0573,0.5592,1.5407,2.6627,3.7888,4.0222,4.0184,4.0146,4.0102,4.0058,4.0014,3.997,3.9925
4.4408,4.3616,4.2663,4.1496,4.0297,3.9002,3.4343,2.8992,2.3642,10.0,10.0,10.0,9.9243,9.7698,9.6161,9.5209,9.5164,9.5144,9.5239,9.5335,9.5443,9.5552,9.5663,9.5774,9.5885
4.369,4.2911,4.1973,4.0825,3.9645,3.8372,3.7098,3.5813,3.4527,3.3241,3.1955,3.0525,2.8997,2.7477,2.5965,1.274,1.8128,2.3516,2.8904,3.4291,3.9679,4.5067,5.0455,5.5843,6.123
0.4565,0.4883,0.5264,0.5731,0.6211,0.6729,0.7247,0.777,0.8293,0.8816,0.9339,0.9921,0.4958,3.9083,3.9698,4.008,4.0097,4.0105,4.0067,4.0029,3.9986,3.9942,3.9898,3.9853,3.9809
1.6642,1.6345,1.5988,1.5551,1.5102,1.4617,1.4131,1.3642,1.3152,1.2662,1.2172,1.1627,0.7449,3.6614,3.6038,3.5681,3.5664,3.5656,3.5692,3.5728,3.5768,3.5809,3.5851,3.5892,3.5934
0.7941,0.8493,0.9156,0.9968,1.0803,1.1704,1.2606,1.3515,1.4425,1.5335,1.6245,1.7257,1.8338,1.9413,2.0483,1.3852,1.9711,2.5569,3.1428,3.7286,4.3144,4.9003,5.4861,6.0719,6.6578
2.0756,2.2198,2.3931,2.6054,2.8236,3.0592,3.2706,2.761,2.2515,1.7419,10.0,10.0,10.0,10.0,10.0,10.0,10.0,10.0,10.0,10.0,10.0,10.0,10.0,10.0,10.0
1.9765,1.9413,1.8989,1.8469,1.7935,1.7359,1.6783,1.6202,1.562,1.5038,1.4456,1.3809,1.3118,1.2431,1.1649,2.0131,2.8645,3.7158,4.239,4.2432,4.248,4.2529,4.2578,4.2627,4.2677
0.4128,0.4415,0.4759,0.5182,0.5616,0.6084,0.6553,0.7025,0.7498,0.7971,0.8444,0.897,0.9532,1.6897,3.5893,3.6238,3.6254,3.6261,3.6227,3.6192,3.6153,3.6114,3.6074,3.6034,3.5993
2.4282,2.3849,2.3328,2.269,2.2034,2.1326,2.0618,1.9904,1.919,1.8475,1.6042,0.9416,5.4266,5.3421,5.2581,5.206,5.2035,5.2024,5.2077,5.2129,5.2188,5.2248,5.2308,5.2369,5.2429
10.0,10.0,10.0,10.0,10.0,10.0,10.0,10.0,10.0,10.0,10.0,10.0,10.0,10.0,10.0,10.0,10.0,10.0,10.0,10.0,10.0,10.0,4.7011,5.2031,5.7051
0.5922,0.6334,0.6828,0.7434,0.8057,0.8729,0.9401,1.0079,1.0757,1.1436,1.2115,0.9838,4.9895,5.0697,5.1495,5.199,5.2013,5.2023,5.1974,5.1924,5.1868,5.1811,5.1754,5.1696,5.1639
1.6007,1.5722,1.5378,1.4958,1.4525,1.4059,1.3592,1.3121,1.265,1.2179,1.1708,1.1184,1.0624,2.952,3.4662,3.4319,3.4303,3.4296,3.433,3.4364,3.4403,3.4443,3.4483,3.4523,3.4563
0.5269,0.5635,0.6075,0.6614,0.7168,0.7766,0.8364,0.8968,0.9571,1.0175,1.0779,1.145,1.2168,1.2881,1.0951,1.8926,2.693,3.4934,4.2938,4.62,4.615,4.6099,4.6048,4.5997,4.5946
6.2823,5.7753,5.2687,4.7626,10.0,10.0,10.0,10.0,10.0,10.0,10.0,10.0,10.0,10.0,10.0,10.0,10.0,10.0,10.0,10.0,10.0,10.0,10.0,10.0,10.0
2.8704,2.8191,2.7576,2.6821,2.6046,2.5209,2.4372,2.3528,2.2684,2.1839,2.0994,2.0054,1.905,1.8052,0.827,1.4291,2.0336,2.638,3.2424,3.8468,4.4512,5.0556,5.66,6.1904,6.1976
0.4225,0.4519,0.4871,0.5303,0.5748,0.6227,0.6707,0.7191,0.7674,0.8159,0.8643,0.9181,0.8908,3.6169,3.6738,3.7091,3.7107,3.7115,3.7079,3.7044,3.7004,3.6963,3.6922,3.6881,3.684
1.824,1.7915,1.7523,1.7044,1.6551,1.602,1.5488,1.4951,1.4415,1.3878,1.3341,1.2744,0.6374,4.0128,3.9497,3.9106,3.9087,3.9079,3.9118,3.9157,3.9202,3.9247,3.9292,3.9338,3.9383
1.2809,1.3699,1.4769,1.6079,1.7426,1.8879,2.0333,2.18,2.3267,2.4735,2.6203,2.7835,2.9579,3.1313,3.3039,3.4109,1.8491,2.3141,2.8443,3.3745,3.9047,4.4349,4.9651,5.4953,6.0255
1.0177,1.0884,1.1734,1.2775,1.3845,1.5,1.6155,1.732,1.8486,1.8683,1.3218,8.4357,8.5743,8.7121,8.8492,8.9342,8.9382,8.94,8.9314,8.9229,8.9133,8.9035,8.8937,8.8838,8.8739
1.746,1.7149,1.6774,1.6316,1.5844,1.5335,1.4826,1.4312,1.3799,1.3285,1.277,1.2199,1.1588,0.5495,1.7092,2.9537,3.7417,3.7409,3.7446,3.7484,3.7527,3.7569,3.7613,3.7656,3.77
0.4338,0.4639,0.5002,0.5445,0.5902,0.6394,0.6886,0.7383,0.788,0.8377,0.8874,0.9427,1.0017,0.5841,2.135,3.6896,3.81,3.8108,3.8071,3.8035,3.7994,3.7952,3.791,3.7868,3.7826
3.3268,3.2674,3.196,3.1086,3.0188,2.9218,2.8248,2.7269,2.5204,1.95,1.3878,7.551,7.4346,7.3189,7.2038,7.1324,7.1291,7.1276,7.1347,7.1419,7.15,7.1582,7.1664,7.1747,7.1831
6.7204,6.6005,6.4563,6.2798,6.0982,5.9023,5.7064,5.5087,5.311,5.1132,4.9153,4.6953,4.4603,4.2265,3.9939,3.8497,1.7406,2.2579,2.7752,3.2925,3.8099,4.3272,4.8445,5.3618,5.8791
0.4941,0.5284,0.5696,0.6202,0.6721,0.7282,0.7843,0.8408,0.8974,0.954,1.0107,1.0736,0.5365,4.2294,4.296,4.3372,4.3391,4.34,4.3359,4.3318,4.3271,4.3223,4.3175,4.3127,4.3079
1.6183,1.5894,1.5547,1.5122,1.4684,1.4213,1.3741,1.3265,1.2789,1.2312,1.1836,1.1306,1.074,3.5602,3.5042,3.4695,3.4678,3.4671,3.4706,3.4741,3.478,3.482,3.486,3.4901,3.4941
0.6564,0.702,0.7568,0.8239,0.8929,0.9674,1.0419,1.1171,1.1922,1.2675,1.3427,1.4263,1.5157,1.6046,0.8901,1.5241,2.1686,2.8132,3.4577,4.1022,4.7468,5.3913,5.7361,5.7297,5.7233
6.2315,5.7286,5.2261,4.7241,4.2222,3.7206,3.2191,10.0,10.0,10.0,10.0,10.0,10.0,10.0,10.0,10.0,10.0,10.0,10.0,10.0,10.0,10.0,10.0,10.0,10.0
2.2157,2.1762,2.1286,2.0704,2.0106,1.946,1.8814,1.8162,1.751,1.6858,1.6205,1.548,1.4705,1.3935,0.9943,1.7183,2.4449,3.1716,3.8983,4.625,4.762,4.7675,4.773,4.7785,4.7841
0.4111,0.4397,0.474,0.5161,0.5593,0.606,0.6526,0.6997,0.7468,0.7939,0.841,0.8934,0.9494,3.5196,3.575,3.6093,3.6109,3.6116,3.6082,3.6048,3.6009,3.5969,3.5929,3.5889,3.5849
2.1272,2.0892,2.0436,1.9877,1.9302,1.8682,1.8062,1.7436,1.6811,1.6184,1.5558,1.0787,4.7538,4.6798,4.6062,4.5605,4.5584,4.5574,4.562,4.5666,4.5718,4.577,4.5823,4.5876,4.5929
3.7485,4.0089,4.3219,4.7053,5.0995,5.5248,5.9503,6.3795,6.8088,7.2384,7.668,8.1457,8.6559,9.1635,9.6686,9.9816,9.9962,10.0,9.9715,9.9402,3.7406,4.2318,4.7378,5.2437,5.7496
0.6962,0.7446,0.8028,0.874,0.9472,1.0262,1.1052,1.1849,1.2647,1.3445,1.4243,0.8808,5.866,5.9603,6.0541,6.1123,6.115,6.1162,6.1104,6.1046,6.0979,6.0913,6.0845,6.0778,6.071
1.6325,1.6033,1.5683,1.5254,1.4813,1.4337,1.3861,1.3381,1.2901,1.242,1.194,1.1405,1.0835,0.9598,3.5085,3.4999,3.4983,3.4975,3.5011,3.5046,3.5086,3.5126,3.5166,3.5207,3.5248
0.4807,0.5141,0.5542,0.6034,0.6539,0.7085,0.763,0.8181,0.8731,0.9282,0.9833,1.0446,1.11,1.1751,1.3294,2.2975,3.2691,4.2226,4.2186,4.2146,4.21,4.2054,4.2008,4.1961,4.1914
5.6952,5.5936,5.4387,4.9163,4.394,3.872,3.3501,2.8788,10.0,10.0,10.0,10.0,10.0,10.0,10.0,10.0,10.0,10.0,10.0,10.0,10.0,10.0,10.0,10.0,10.0
3.6314,3.5666,3.4887,3.3933,3.2952,3.1894,3.0835,2.9767,2.8698,2.7629,2.656,2.5371,2.4101,2.2838,2.1581,1.3255,1.8861,2.4467,3.0073,3.5679,4.1285,4.6891,5.2497,5.8102,6.3708
0.4417,0.4724,0.5092,0.5544,0.6009,0.651,0.7011,0.7517,0.8023,0.8529,0.9035,0.9598,0.5801,3.781,3.8406,3.8774,3.8792,3.88,3.8763,3.8726,3.8684,3.8641,3.8599,3.8556,3.8513
1.7173,1.6867,1.6498,1.6047,1.5583,1.5083,1.4582,1.4077,1.3571,1.3066,1.256,1.1998,0.6001,3.7781,3.7187,3.6818,3.6801,3.6793,3.683,3.6867,3.6909,3.6951,3.6994,3.7037,3.708
0.9268,0.9912,1.0686,1.1633,1.2608,1.366,1.4712,1.5773,1.6834,1.7896,1.8959,2.0139,2.1401,2.2656,2.3905,1.3342,1.8899,2.4517,3.0134,3.5751,4.1368,4.6985,5.2602,5.8219,6.3836
1.481,1.5839,1.7075,1.859,2.0147,2.1828,2.3509,2.5205,2.3052,1.7835,1.2618,10.0,10.0,10.0,10.0,10.0,10.0,10.0,10.0,10.0,10.0,10.0,10.0,10.0,10.0
1.8766,1.8431,1.8028,1.7535,1.7028,1.6481,1.5934,1.5382,1.483,1.4278,1.3725,1.3111,1.2455,1.1802,1.3231,2.2865,3.2534,4.0205,4.0246,4.0286,4.0332,4.0378,4.0425,4.0471,4.0518
0.4195,0.4486,0.4837,0.5266,0.5707,0.6183,0.6659,0.7139,0.762,0.8101,0.8581,0.9116,0.9687,0.9774,3.5726,3.6827,3.6843,3.6851,3.6816,3.6781,3.6741,3.67,3.666,3.6619,3.6578
2.7012,2.653,2.5951,2.5241,2.4511,2.3724,2.2936,2.2142,2.1347,2.0552,1.5062,6.1311,6.0366,5.9427,5.8492,5.7912,5.7885,5.7873,5.7931,5.7989,5.8055,5.8121,5.8189,5.8256,5.8324
10.0,10.0,10.0,10.0,10.0,10.0,10.0,10.0,10.0,10.0,10.0,10.0,10.0,9.4819,8.9601,8.6366,8.6215,8.6147,8.647,8.6794,3.73,4.2365,4.7429,5.2494,5.7559
0.549,0.5871,0.633,0.6891,0.7469,0.8091,0.8715,0.9343,0.9972,1.0601,1.123,1.0763,4.6253,4.6997,4.7736,4.8195,4.8216,4.8226,4.818,4.8134,4.8082,4.8029,4.7976,4.7923,4.787
1.6034,1.5748,1.5404,1.4983,1.455,1.4082,1.3615,1.3143,1.2671,1.2199,1.1727,1.1202,1.0642,3.5275,3.472,3.4376,3.436,3.4353,3.4388,3.4422,3.4461,3.4501,3.454,3.458,3.4621
0.5685,0.608,0.6555,0.7137,0.7735,0.838,0.9025,0.9676,1.0327,1.0979,1.163,1.2355,1.3129,1.3899,0.9999,1.728,2.4589,3.1897,3.9205,4.6513,4.9795,4.974,4.9685,4.963,4.9575
6.2476,5.7434,5.2396,4.7363,4.2331,3.7303,3.2379,10.0,10.0,10.0,10.0,10.0,10.0,10.0,10.0,10.0,10.0,10.0,10.0,10.0,10.0,10.0,10.0,10.0,10.0
2.5726,2.5267,2.4715,2.4039,2.3344,2.2594,2.1844,2.1087,2.0331,1.9573,1.8816,1.7974,1.7074,1.6179,0.8818,1.5239,2.1683,2.8128,3.4572,4.1017,4.7461,5.3906,5.5418,5.5483,5.5547
0.4171,0.4461,0.4809,0.5236,0.5674,0.6147,0.6621,0.7098,0.7576,0.8054,0.8532,0.9064,0.9631,3.5706,3.6268,3.6616,3.6632,3.664,3.6605,3.657,3.653,3.649,3.645,3.6409,3.6369
1.9247,1.8904,1.8491,1.7985,1.7465,1.6904,1.6343,1.5777,1.5211,1.4644,1.4077,1.2891,4.3014,4.2344,4.1678,4.1265,4.1246,4.1237,4.1279,4.132,4.1367,4.1414,4.1462,4.151,4.1558
1.7084,1.827,1.9697,2.1444,2.3241,2.5179,2.7118,2.9075,3.1031,3.2989,3.4947,3.7124,3.9449,4.1762,4.4064,4.5491,4.5558,4.5588,2.7866,3.306,3.8255,4.3449,4.8643,5.3838,5.9032
0.8629,0.9229,0.9949,1.0832,1.1739,1.2718,1.3698,1.4686,1.5674,1.6663,1.3818,0.8196,7.2702,7.387,7.5033,7.5754,7.5787,7.5803,7.573,7.5658,7.5576,7.5494,7.541,7.5326,7.5242
1.6969,1.6667,1.6303,1.5857,1.5398,1.4904,1.4409,1.391,1.3411,1.2911,1.2411,1.1856,1.1262,0.5805,2.1218,3.6382,3.6365,3.6357,3.6393,3.643,3.6471,3.6513,3.6555,3.6597,3.664
0.4496,0.4809,0.5184,0.5644,0.6117,0.6627,0.7137,0.7652,0.8167,0.8682,0.9198,0.9771,1.0383,0.5492,1.7292,2.9884,3.949,3.9498,3.946,3.9422,3.938,3.9337,3.9293,3.9249,3.9206
3.9478,3.8774,3.7927,3.689,3.5823,3.4672,3.3521,2.9782,2.4286,1.8789,9.0899,8.9606,8.8226,8.6853,8.5486,8.4639,8.46,8.4582,8.4667,8.4751,8.4848,8.4945,8.5043,8.5142,8.524
5.059,4.9687,4.8602,4.7272,4.5906,4.4431,4.2956,4.1468,3.998,3.849,3.7001,3.5345,3.3576,3.1816,3.0065,1.3084,1.7897,2.3216,2.8535,3.3854,3.9173,4.4493,4.9812,5.5131,6.045
0.4716,0.5044,0.5437,0.592,0.6416,0.6951,0.7486,0.8026,0.8566,0.9107,0.9647,1.0248,0.5121,4.0372,4.1007,4.1401,4.1419,4.1428,4.1388,4.1349,4.1304,4.1259,4.1213,4.1167,4.1121
1.6513,1.6218,1.5864,1.543,1.4984,1.4503,1.4021,1.3536,1.305,1.2564,1.2078,1.1537,0.9078,3.6329,3.5757,3.5403,3.5387,3.5379,3.5415,3.545,3.549,3.5531,3.5572,3.5613,3.5655
0.7374,0.7886,0.8501,0.9256,1.0031,1.0868,1.1705,1.2549,1.3393,1.4238,1.5084,1.6023,1.7027,1.8025,1.9019,1.4397,2.0485,2.6574,3.2662,3.8751,4.4839,5.0927,5.7016,6.3104,6.4294
2.8012,2.9958,3.2297,3.5162,3.8108,3.7689,3.2608,2.7528,2.2447,10.0,10.0,10.0,10.0,10.0,10.0,10.0,10.0,10.0,10.0,10.0,10.0,10.0,10.0,10.0,10.0
2.0682,2.0313,1.9869,1.9326,1.8767,1.8164,1.7561,1.6953,1.6344,1.5735,1.5127,1.445,1.3726,1.3007,1.0966,1.895,2.6965,3.4979,4.2994,4.4399,4.445,4.4501,4.4552,4.4604,4.4656
0.4135,0.4422,0.4767,0.519,0.5625,0.6094,0.6563,0.7037,0.751,0.7984,0.8458,0.8985,0.9548,3.1357,3.5953,3.6298,3.6314,3.6322,3.6287,3.6253,3.6213,3.6174,3.6134,3.6093,3.6053
2.311,2.2697,2.2202,2.1594,2.097,2.0297,1.9623,1.8943,1.8263,1.7583,1.6902,0.9929,5.1646,5.0842,5.0042,4.9546,4.9523,4.9512,4.9562,4.9612,4.9668,4.9725,4.9782,4.984,4.9898
10.0,9.9902,9.9902,9.9902,9.9902,9.9902,9.9902,9.9902,9.9902,9.9902,9.9902,9.9902,9.9902,9.9902,9.9902,9.9902,9.9902,9.9902,9.9902,3.2151,3.7203,4.2254,4.7306,5.2358,5.7409
0.6302,0.674,0.7266,0.7911,0.8574,0.9289,1.0004,1.0726,1.1447,1.217,1.2892,0.9448,5.3097,5.3951,5.48,5.5326,5.5351,5.5362,5.5309,5.5257,5.5197,5.5136,5.5075,5.5014,5.4953
1.6182,1.5893,1.5546,1.5121,1.4684,1.4212,1.374,1.3264,1.2788,1.2312,1.1835,1.1306,1.074,1.6509,3.504,3.4693,3.4677,3.467,3.4704,3.4739,3.4779,3.4819,3.4859,3.4899,3.494
0.51,0.5454,0.588,0.6401,0.6938,0.7516,0.8095,0.8679,0.9263,0.9848,1.0432,1.1082,1.1776,1.2467,1.1784,2.0364,2.8976,3.7588,4.4756,4.4713,4.4664,4.4616,4.4566,4.4517,4.4467
6.3805,5.8656,5.351,4.837,4.3232,3.8096,3.296,2.7825,10.0,10.0,10.0,10.0,10.0,10.0,10.0,10.0,10.0,10.0,10.0,10.0,10.0,10.0,10.0,10.0,10.0
3.1316,3.0757,3.0086,2.9263,2.8417,2.7504,2.6591,2.567,2.4748,2.3826,2.2904,2.1879,2.0784,1.9695,0.8771,1.3925,1.9815,2.5704,3.1593,3.7483,4.3372,4.9261,5.515,6.1039,6.6928
0.4312,0.4611,0.4971,0.5412,0.5866,0.6355,0.6844,0.7338,0.7832,0.8326,0.882,0.937,0.7419,3.6911,3.7492,3.7852,3.7869,3.7877,3.7841,3.7805,3.7764,3.7722,3.7681,3.7639,3.7597
1.7881,1.7562,1.7178,1.6709,1.6226,1.5704,1.5183,1.4657,1.4131,1.3605,1.3078,1.2493,0.6249,3.9338,3.872,3.8336,3.8318,3.831,3.8348,3.8387,3.843,3.8474,3.8519,3.8564,3.8608
1.1216,1.1995,1.2932,1.4079,1.5259,1.6531,1.7805,1.9089,2.0373,2.1659,2.2944,2.4374,2.59,2.7419,2.893,2.9867,1.8297,2.3736,2.9174,3.4612,4.005,4.5488,5.0927,5.6365,6.1803
1.1604,1.241,1.3379,1.4566,1.5786,1.7103,1.842,1.9748,2.1077,1.8418,1.303,9.6184,9.7764,9.9335,10.0,10.0,10.0,10.0,10.0,10.0,10.0,10.0,10.0,10.0,10.0
1.8005,1.7684,1.7298,1.6825,1.6338,1.5814,1.5289,1.4759,1.4229,1.3699,1.3169,1.258,1.195,0.5666,1.5433,2.667,3.7949,3.8576,3.8615,3.8654,3.8698,3.8742,3.8787,3.8832,3.8877
0.4298,0.4597,0.4956,0.5396,0.5848,0.6335,0.6823,0.7316,0.7808,0.83,0.8793,0.9341,0.9926,0.693,2.5332,3.7736,3.7752,3.776,3.7724,3.7688,3.7647,3.7606,3.7565,3.7523,3.7481
3.0677,3.013,2.9472,2.8666,2.7837,2.6943,2.6048,2.5146,2.4244,2.0226,1.4309,6.9631,6.8558,6.7491,6.6429,6.5771,6.574,6.5726,6.5792,6.5858,6.5933,6.6008,6.6085,6.6161,6.6238
8.5628,8.41,8.2263,8.0014,7.77,7.5204,7.2708,7.0189,6.767,6.5149,6.2628,5.9825,5.6831,5.3852,5.0888,4.9051,4.8966,2.2483,2.7634,3.2785,3.7937,4.3088,4.8239,5.339,5.8541
0.5158,0.5516,0.5947,0.6474,0.7016,0.7602,0.8187,0.8778,0.9368,0.9959,1.0551,1.1208,4.3453,4.4152,4.4847,4.5277,4.5298,4.5307,4.5264,4.522,4.5171,4.5122,4.5072,4.5022,4.4972
1.619,1.5901,1.5554,1.5128,1.4691,1.4219,1.3747,1.3271,1.2795,1.2318,1.1841,1.1311,1.0745,3.5618,3.5058,3.4711,3.4694,3.4687,3.4722,3.4757,3.4796,3.4836,3.4876,3.4917,3.4957
0.6222,0.6655,0.7174,0.7811,0.8465,0.9171,0.9877,1.059,1.1303,1.2016,1.2729,1.3522,1.4369,1.5211,0.9274,1.6026,2.2804,2.9582,3.636,4.3137,4.9915,5.4438,5.4378,5.4318,5.4257
6.2632,5.7577,5.2527,4.7481,4.2437,3.7396,3.2355,2.7314,10.0,10.0,10.0,10.0,10.0,10.0,10.0,10.0,10.0,10.0,10.0,10.0,10.0,10.0,10.0,10.0,10.0
2.3496,2.3077,2.2573,2.1956,2.1321,2.0636,1.9951,1.926,1.8569,1.7877,1.7185,1.6416,1.5594,1.4777,0.9519,1.6451,2.3408,3.0365,3.7322,4.4279,5.0499,5.0557,5.0615,5.0674,5.0732
0.4151,0.444,0.4786,0.5211,0.5647,0.6119,0.659,0.7065,0.754,0.8016,0.8492,0.9021,0.9586,3.5538,3.6097,3.6444,3.646,3.6467,3.6432,3.6398,3.6358,3.6318,3.6278,3.6238,3.6198
2.0535,2.0169,1.9728,1.9189,1.8634,1.8035,1.7437,1.6833,1.6229,1.5624,1.5019,1.1554,4.5892,4.5178,4.4467,4.4027,4.4006,4.3997,4.4041,4.4085,4.4135,4.4186,4.4237,4.4288,4.4339
2.5837,2.7632,2.979,3.2432,3.5149,3.8081,4.1014,4.3972,4.6931,4.9892,5.2853,5.6146,5.9663,6.3161,6.6643,6.88,6.8901,6.8947,2.7531,3.2663,3.7795,4.2927,4.8059,5.3191,5.8323
0.7551,0.8075,0.8706,0.9478,1.0272,1.1129,1.1986,1.2851,1.3715,1.4581,1.4591,0.8565,6.3617,6.4639,6.5657,6.6287,6.6317,6.633,6.6267,6.6204,6.6132,6.606,6.5987,6.5913,6.584
1.6638,1.6341,1.5984,1.5547,1.5098,1.4613,1.4128,1.3638,1.3149,1.2659,1.2169,1.1624,1.1043,0.7711,2.8188,3.5671,3.5655,3.5647,3.5683,3.5719,3.5759,3.58,3.5842,3.5883,3.5925
0.4704,0.5031,0.5423,0.5904,0.6399,0.6933,0.7467,0.8005,0.8544,0.9083,0.9622,1.0222,1.0862,0.5745,1.4649,2.5317,3.6023,4.1321,4.1282,4.1242,4.1197,4.1152,4.1107,4.1061,4.1015
4.892,4.8047,4.6998,4.5712,4.4391,3.9659,3.4312,2.8967,2.3621,10.0,10.0,10.0,10.0,10.0,10.0,10.0,10.0,10.0,10.0,10.0,10.0,10.0,10.0,10.0,10.0
4.0895,4.0165,3.9288,3.8214,3.7109,3.5917,3.4725,3.3522,3.2319,3.1115,2.991,2.8572,2.7142,2.5719,2.4304,1.3046,1.8564,2.4081,2.9599,3.5116,4.0633,4.6151,5.1668,5.7186,6.2703
0.4547,0.4863,0.5243,0.5708,0.6186,0.6702,0.7219,0.7739,0.826,0.8781,0.9302,0.9882,0.5176,3.8929,3.9541,3.9921,3.9939,3.9947,3.9909,3.9871,3.9828,3.9784,3.974,3.9696,3.9652
1.6992,1.6689,1.6325,1.5878,1.5419,1.4924,1.4428,1.3929,1.3429,1.2929,1.2428,1.1872,0.6805,3.7384,3.6796,3.6431,3.6414,3.6406,3.6443,3.6479,3.6521,3.6563,3.6605,3.6647,3.669
0.8477,0.9066,0.9774,1.0641,1.1533,1.2495,1.3457,1.4428,1.5399,1.637,1.7342,1.8422,1.9576,2.0724,2.1866,1.3752,1.9567,2.5383,3.1199,3.7014,4.283,4.8646,5.4461,6.0277,6.6093
1.8155,1.9416,2.0932,2.2789,2.4698,2.6758,2.8818,2.8113,2.2924,1.7736,10.0,10.0,10.0,10.0,10.0,10.0,10.0,10.0,10.0,10.0,10.0,10.0,10.0,10.0,10.0
1.9548,1.9199,1.878,1.8267,1.7738,1.7169,1.6599,1.6024,1.5449,1.4873,1.4297,1.3658,1.2974,1.2294,1.232,2.129,3.0294,3.9298,4.1924,4.1966,4.2014,4.2062,4.2111,4.2159,4.2208
0.4192,0.4483,0.4833,0.5262,0.5703,0.6178,0.6654,0.7134,0.7614,0.8094,0.8575,0.9109,0.968,1.3333,3.6449,3.6799,3.6815,3.6823,3.6788,3.6753,3.6713,3.6673,3.6632,3.6591,3.6551
2.5495,2.504,2.4494,2.3824,2.3135,2.2392,2.1648,2.0898,2.0148,1.9398,1.5798,0.9801,5.6977,5.609,5.5208,5.4661,5.4635,5.4624,5.4679,5.4733,5.4796,5.4858,5.4922,5.4985,5.5049
8.0766,8.0766,8.0766,8.0766,8.0766,8.0766,8.0766,8.0766,8.0766,8.0766,8.0766,8.0766,8.0766,8.0766,8.0766,8.0766,8.0766,2.3076,2.7277,3.2361,3.7446,4.253,4.7615,5.2699,5.7784
0.5803,0.6207,0.6691,0.7285,0.7895,0.8554,0.9212,0.9877,1.0541,1.1207,1.1872,1.027,4.8895,4.9681,5.0463,5.0948,5.097,5.098,5.0932,5.0883,5.0828,5.0773,5.0716,5.066,5.0604
1.6171,1.5882,1.5536,1.5111,1.4674,1.4202,1.3731,1.3255,1.278,1.2303,1.1827,1.1298,1.0733,3.5576,3.5017,3.467,3.4653,3.4646,3.4681,3.4716,3.4755,3.4795,3.4835,3.4875,3.4916
0.5474,0.5854,0.6311,0.6871,0.7446,0.8067,0.8689,0.9315,0.9942,1.0569,1.1197,1.1894,1.2639,1.3381,1.0668,1.8436,2.6233,3.403,4.1827,4.7991,4.7939,4.7886,4.7833,4.778,4.7727
6.33,5.8191,5.3086,4.7987,4.2889,3.7794,3.2699,2.7605,2.2567,10.0,10.0,10.0,10.0,10.0,10.0,10.0,10.0,10.0,10.0,10.0,10.0,10.0,10.0,10.0,10.0
2.7755,2.726,2.6664,2.5935,2.5185,2.4376,2.3567,2.2751,2.1934,2.1117,2.03,1.9391,1.8421,1.7455,0.8554,1.4783,2.1036,2.7288,3.354,3.9792,4.6044,5.2296,5.8548,5.9859,5.9928
0.4246,0.4541,0.4895,0.5329,0.5776,0.6258,0.674,0.7226,0.7712,0.8198,0.8685,0.9226,0.9804,3.6346,3.6918,3.7272,3.7289,3.7296,3.7261,3.7225,3.7185,3.7144,3.7103,3.7062,3.7021
1.8798,1.8463,1.806,1.7566,1.7058,1.651,1.5962,1.5409,1.4856,1.4303,1.3749,1.3134,4.2011,4.1357,4.0706,4.0303,4.0284,4.0276,4.0316,4.0356,4.0402,4.0448,4.0495,4.0542,4.0589
1.4309,1.5303,1.6498,1.7961,1.9466,2.1089,2.2713,2.4352,2.599,2.763,2.927,3.1094,3.3041,3.4979,3.6907,3.8102,3.8158,2.319,2.8503,3.3816,3.9129,4.4442,4.9755,5.5068,6.0381
0.9619,1.0287,1.1091,1.2075,1.3086,1.4178,1.5269,1.6371,1.7472,1.8575,1.3578,7.9734,8.1044,8.2346,8.3642,8.4446,8.4483,8.45,8.442,8.4339,8.4248,8.4156,8.4063,8.3969,8.3876
1.7445,1.7134,1.676,1.6301,1.583,1.5322,1.4813,1.43,1.3787,1.3273,1.2759,1.2188,1.1578,0.549,1.8655,3.2239,3.7384,3.7376,3.7414,3.7451,3.7494,3.7537,3.758,3.7624,3.7667
0.4442,0.4751,0.5122,0.5576,0.6044,0.6548,0.7052,0.7561,0.8069,0.8578,0.9088,0.9654,1.0259,0.5426,1.9791,3.4202,3.9017,3.9025,3.8988,3.8951,3.8909,3.8866,3.8823,3.878,3.8737
3.5767,3.5129,3.4361,3.3422,3.2455,3.1413,3.037,2.9318,2.5102,1.9421,8.2353,8.1182,7.9931,7.8687,7.7449,7.6682,7.6646,7.663,7.6707,7.6784,7.6871,7.6959,7.7048,7.7137,7.7227
6.0319,5.9243,5.7949,5.6364,5.4734,5.2976,5.1217,4.9443,4.7669,4.5893,4.4117,4.2143,4.0033,3.7935,3.5847,3.4553,1.7774,2.3057,2.834,3.3622,3.8905,4.4187,4.947,5.4753,6.0035
0.4903,0.5244,0.5653,0.6155,0.667,0.7227,0.7783,0.8344,0.8906,0.9468,1.003,1.0655,0.5325,4.1973,4.2634,4.3043,4.3062,4.3071,4.303,4.2989,4.2942,4.2895,4.2848,4.28,4.2753
1.648,1.6186,1.5833,1.54,1.4954,1.4474,1.3994,1.3509,1.3024,1.2539,1.2054,1.1514,1.0938,3.6257,3.5686,3.5333,3.5316,3.5309,3.5344,3.538,3.542,3.546,3.5501,3.5543,3.5584
0.6925,0.7406,0.7984,0.8693,0.9421,1.0207,1.0993,1.1786,1.2579,1.3372,1.4166,1.5048,1.5991,1.6929,0.9391,1.5065,2.1436,2.7807,3.4178,4.055,4.6921,5.3292,5.9663,6.045,6.0383
4.31,4.6094,4.9693,4.7984,4.2886,3.7791,3.2697,2.7603,2.2508,10.0,10.0,10.0,10.0,10.0,10.0,10.0,10.0,10.0,10.0,10.0,10.0,10.0,10.0,10.0,10.0
2.1801,2.1412,2.0945,2.0372,1.9783,1.9147,1.8512,1.787,1.7229,1.6587,1.5945,1.5232,1.4469,1.3711,1.0423,1.8012,2.563,3.3247,4.0865,4.6803,4.6856,4.691,4.6964,4.7018,4.7073
0.4165,0.4455,0.4802,0.5228,0.5666,0.6139,0.6612,0.7089,0.7566,0.8043,0.8521,0.9051,0.9618,3.5657,3.6218,3.6566,3.6582,3.6589,3.6555,3.652,3.648,3.644,3.64,3.6359,3.6319
2.2181,2.1785,2.1309,2.0727,2.0127,1.9481,1.8834,1.8182,1.7529,1.6876,1.6223,1.0556,4.957,4.8798,4.8031,4.7555,4.7533,4.7523,4.757,4.7618,4.7672,4.7727,4.7782,4.7837,4.7893
5.3252,5.6951,6.1398,6.6845,7.2222,7.2222,7.2222,7.2222,7.2222,7.2222,7.2222,7.2222,7.2222,7.2222,7.2222,7.2222,7.2222,2.2313,2.7425,3.2537,3.765,4.2762,4.7874,5.2986,5.8098
0.6768,0.7239,0.7804,0.8496,0.9208,0.9976,1.0744,1.1519,1.2294,1.307,1.3846,0.9144,5.7025,5.7942,5.8854,5.9419,5.9445,5.9457,5.9401,5.9344,5.928,5.9215,5.915,5.9084,5.9018
1.6452,1.6159,1.5806,1.5373,1.4929,1.4449,1.397,1.3486,1.3002,1.2517,1.2033,1.1495,1.0919,1.1559,3.5626,3.5273,3.5256,3.5249,3.5284,3.5319,3.536,3.54,3.5441,3.5482,3.5523
0.4971,0.5316,0.5731,0.6239,0.6762,0.7326,0.789,0.8459,0.9029,0.9598,1.0168,1.0801,1.1478,1.2151,1.2815,2.2147,3.1513,4.0879,4.3622,4.3581,4.3533,4.3486,4.3438,4.3389,4.3341
6.4751,5.9919,5.4663,4.9412,4.4163,3.8917,3.367,2.8425,2.3179,10.0,10.0,10.0,10.0,10.0,10.0,10.0,10.0,10.0,10.0,10.0,10.0,10.0,10.0,10.0,10.0
3.4614,3.3996,3.3254,3.2344,3.1409,3.04,2.9391,2.8373,2.7355,2.6336,2.5317,2.4183,2.2973,2.1769,2.0571,1.3659,1.9436,2.5212,3.0989,3.6765,4.2542,4.8318,5.4095,5.9871,6.5648
0.4426,0.4734,0.5104,0.5556,0.6022,0.6524,0.7026,0.7533,0.804,0.8548,0.9055,0.9619,0.6403,3.7893,3.8489,3.8859,3.8876,3.8884,3.8847,3.881,3.8768,3.8726,3.8683,3.864,3.8597
1.764,1.7325,1.6947,1.6483,1.6007,1.5493,1.4978,1.4459,1.3941,1.3421,1.2902,1.2324,0.6165,3.8808,3.8198,3.7819,3.7802,3.7794,3.7832,3.7869,3.7913,3.7956,3.8,3.8044,3.8088
1.0045,1.0742,1.1581,1.2609,1.3665,1.4805,1.5945,1.7095,1.8245,1.9396,2.0548,2.1828,2.3195,2.4555,2.5908,2.6747,1.8882,2.4495,3.0107,3.5719,4.1331,4.6943,5.2555,5.8167,6.3779
1.355,1.4491,1.5623,1.7009,1.8434,1.9971,2.1509,2.3061,2.361,1.8266,1.2923,10.0,10.0,10.0,10.0,10.0,10.0,10.0,10.0,10.0,10.0,10.0,10.0,10.0,10.0
1.8686,1.8352,1.7952,1.7461,1.6956,1.6411,1.5866,1.5317,1.4767,1.4217,1.3667,1.3055,1.2402,0.588,1.4161,2.4473,3.4824,4.0034,4.0074,4.0115,4.016,4.0206,4.0253,4.0299,4.0346
0.4285,0.4582,0.494,0.5378,0.5829,0.6315,0.6801,0.7292,0.7783,0.8274,0.8765,0.9311,0.9894,0.8547,3.1241,3.7613,3.763,3.7638,3.7602,3.7566,3.7525,3.7484,3.7443,3.7401,3.736
2.8648,2.8137,2.7522,2.6769,2.5995,2.516,2.4325,2.3482,2.264,2.112,1.4942,6.5024,6.4022,6.3026,6.2034,6.142,6.1391,6.1378,6.1439,6.1501,6.1571,6.1641,6.1713,6.1784,6.1856
6.7783,6.7783,6.7783,6.7783,6.7783,6.7783,6.7783,6.7783,6.7783,6.7783,6.7783,6.7783,6.7783,6.7783,6.7783,6.7684,6.7566,2.2518,2.7677,3.2836,3.7995,4.3154,4.8313,5.3473,5.8632
0.5423,0.58,0.6252,0.6807,0.7377,0.7993,0.8608,0.9229,0.985,1.0472,1.1093,1.1334,4.5689,4.6423,4.7154,4.7606,4.7628,4.7637,4.7592,4.7546,4.7495,4.7443,4.739,4.7338,4.7285
1.6291,1.6,1.5651,1.5223,1.4782,1.4308,1.3833,1.3353,1.2874,1.2395,1.1915,1.1382,1.0812,3.584,3.5276,3.4926,3.491,3.4903,3.4938,3.4973,3.5013,3.5053,3.5093,3.5134,3.5174
0.5952,0.6366,0.6863,0.7472,0.8098,0.8773,0.9449,1.013,1.0812,1.1494,1.2176,1.2935,1.3745,1.4551,0.9828,1.6984,2.4167,3.135,3.8533,4.5716,5.2133,5.2076,5.2018,5.196,5.1903
6.3312,5.8203,5.3097,4.7997,4.2898,3.7802,3.2706,2.761,2.2515,10.0,10.0,10.0,10.0,10.0,10.0,10.0,10.0,10.0,10.0,10.0,10.0,10.0,10.0,10.0,10.0
2.5134,2.4685,2.4146,2.3486,2.2807,2.2074,2.1341,2.0602,1.9862,1.9123,1.8383,1.756,1.6681,1.5807,0.9187,1.5877,2.2592,2.9307,3.6021,4.2736,4.945,5.408,5.4142,5.4205,5.4268
0.4216,0.4509,0.4861,0.5292,0.5735,0.6213,0.6692,0.7175,0.7657,0.8141,0.8624,0.9161,0.9735,3.6089,3.6657,3.7009,3.7026,3.7033,3.6998,3.6963,3.6923,3.6882,3.6841,3.68,3.6759
1.9971,1.9614,1.9186,1.8661,1.8122,1.754,1.6957,1.637,1.5783,1.5195,1.4607,1.25,4.4631,4.3936,4.3245,4.2816,4.2796,4.2787,4.283,4.2873,4.2922,4.2971,4.3021,4.3071,4.312
1.9882,2.1263,2.2924,2.4957,2.7048,2.9304,3.1561,3.3838,3.6114,3.8393,4.0672,4.3205,4.5912,4.8604,5.1283,5.2943,1.8661,2.2854,2.809,3.3326,3.8562,4.3798,4.9035,5.4271,5.9507
0.8286,0.8862,0.9554,1.0401,1.1273,1.2213,1.3154,1.4102,1.5051,1.6001,1.4285,0.8385,6.9813,7.0935,7.2052,7.2744,7.2776,7.2791,7.2722,7.2652,7.2573,7.2494,7.2414,7.2333,7.2253
1.7058,1.6754,1.6388,1.594,1.5479,1.4982,1.4484,1.3982,1.3481,1.2978,1.2476,1.1918,1.1321,0.6495,2.3741,3.6572,3.6555,3.6547,3.6584,3.662,3.6662,3.6704,3.6746,3.6789,3.6831
0.4633,0.4955,0.5342,0.5816,0.6303,0.6828,0.7354,0.7885,0.8415,0.8946,0.9477,1.0068,1.0698,0.5659,1.6384,2.8314,4.0289,4.0698,4.066,4.0621,4.0577,4.0532,4.0488,4.0443,4.0398
4.3188,4.2417,4.1491,4.0356,3.9189,3.7931,3.5358,2.9849,2.434,1.8832,9.944,9.8027,9.6517,9.5014,9.3519,9.2593,9.255,9.253,9.2623,9.2716,9.2821,9.2927,9.3035,9.3142,9.325
4.6986,4.6147,4.514,4.3905,4.2636,4.1266,3.9896,3.8514,3.7132,3.5749,3.4365,3.2827,3.1184,2.955,2.7924,1.2921,1.8385,2.3849,2.9314,3.4778,4.0242,4.5707,5.1171,5.6635,6.2099
0.4711,0.5039,0.5432,0.5914,0.6409,0.6944,0.7479,0.8018,0.8558,0.9098,0.9638,1.0238,0.5117,4.0332,4.0967,4.1361,4.1379,4.1387,4.1348,4.1309,4.1264,4.1219,4.1173,4.1127,4.1082
1.6916,1.6614,1.6251,1.5806,1.535,1.4856,1.4363,1.3866,1.3368,1.287,1.2372,1.1818,0.8155,3.7215,3.6629,3.6266,3.6249,3.6242,3.6278,3.6314,3.6356,3.6397,3.6439,3.6482,3.6524
0.7865,0.8411,0.9068,0.9872,1.0699,1.1592,1.2484,1.3385,1.4286,1.5187,1.6088,1.709,1.8161,1.9226,2.0286,1.4332,2.0393,2.6454,3.2515,3.8576,4.4637,5.0698,5.6759,6.282,6.8577
2.3499,2.5131,2.7094,2.9497,3.1968,3.4635,3.3313,2.8123,2.2932,1.7742,10.0,10.0,10.0,10.0,10.0,10.0,10.0,10.0,10.0,10.0,10.0,10.0,10.0,10.0,10.0
2.0506,2.014,1.97,1.9162,1.8608,1.801,1.7412,1.6809,1.6206,1.5602,1.4998,1.4327,1.361,1.2897,1.1603,2.0052,2.8532,3.7012,4.3979,4.4023,4.4073,4.4123,4.4174,4.4225,4.4277
0.4213,0.4506,0.4858,0.5288,0.5732,0.621,0.6688,0.717,0.7653,0.8135,0.8618,0.9155,0.9729,2.0937,3.6634,3.6986,3.7002,3.701,3.6975,3.6939,3.6899,3.6859,3.6818,3.6777,3.6736
2.4298,2.3864,2.3343,2.2705,2.2048,2.134,2.0632,1.9917,1.9202,1.8487,1.6695,0.98,5.4301,5.3456,5.2615,5.2094,5.2069,5.2058,5.2111,5.2163,5.2222,5.2282,5.2342,5.2403,5.2464
6.166,6.166,6.166,6.166,6.166,6.166,6.166,6.166,6.166,6.166,6.166,6.166,6.166,6.166,6.166,6.166,1.7617,2.2408,2.7542,3.2676,3.781,4.2944,4.8078,5.3212,5.8346
0.6186,0.6616,0.7132,0.7765,0.8415,0.9117,0.9819,1.0528,1.1236,1.1945,1.2654,0.9882,5.2117,5.2955,5.3788,5.4305,5.4329,5.434,5.4288,5.4237,5.4178,5.4118,5.4059,5.3999,5.3938
1.6404,1.6111,1.5759,1.5328,1.4885,1.4407,1.3928,1.3446,1.2963,1.248,1.1997,1.146,1.0887,2.3134,3.552,3.5168,3.5152,3.5144,3.518,3.5215,3.5255,3.5295,3.5336,3.5377,3.5418
0.531,0.5679,0.6123,0.6666,0.7224,0.7827,0.843,0.9038,0.9646,1.0254,1.0863,1.154,1.2262,1.2982,1.1489,1.9854,2.8251,3.6647,4.5044,4.656,4.6509,4.6458,4.6407,4.6355,4.6304
6.0617,5.9302,5.41,4.8904,4.3708,3.8516,3.3324,2.8132,2.294,1.7748,10.0,10.0,10.0,10.0,10.0,10.0,10.0,10.0,10.0,10.0,10.0,10.0,10.0,10.0,10.0
3.0272,2.9732,2.9082,2.8287,2.7469,2.6587,2.5704,2.4814,2.3923,2.3032,2.2141,2.115,2.0091,1.9038,0.8478,1.4445,2.0553,2.6662,3.2771,3.888,4.4989,5.1097,5.7206,6.3315,6.5363
0.4347,0.4649,0.5012,0.5457,0.5914,0.6408,0.6901,0.7399,0.7897,0.8395,0.8893,0.9447,0.8446,3.7217,3.7802,3.8165,3.8182,3.819,3.8154,3.8117,3.8076,3.8034,3.7992,3.795,3.7908
1.8484,1.8154,1.7757,1.7272,1.6772,1.6234,1.5695,1.5151,1.4607,1.4063,1.3519,1.2914,0.646,4.0665,4.0025,3.9628,3.961,3.9601,3.9641,3.9681,3.9726,3.9771,3.9817,3.9863,3.991
1.2406,1.3268,1.4304,1.5573,1.6878,1.8285,1.9693,2.1114,2.2535,2.3957,2.5379,2.6959,2.8648,3.0328,3.2,3.3036,1.8396,2.3863,2.9331,3.4798,4.0265,4.5733,5.12,5.6668,6.2135
1.091,1.1667,1.2578,1.3694,1.4842,1.6079,1.7318,1.8567,1.9816,1.8979,1.3427,9.043,9.1915,9.3392,9.4862,9.5773,9.5816,9.5835,9.5744,9.5653,9.5549,9.5445,9.5339,9.5233,9.5127
1.8046,1.7724,1.7337,1.6863,1.6376,1.585,1.5323,1.4793,1.4262,1.373,1.3199,1.2608,1.1977,0.5679,1.6769,2.8979,3.8672,3.8664,3.8703,3.8742,3.8786,3.883,3.8875,3.892,3.8965
0.4417,0.4723,0.5092,0.5544,0.6008,0.6509,0.7011,0.7517,0.8022,0.8528,0.9035,0.9597,1.0199,0.635,2.3213,3.8772,3.8789,3.8797,3.876,3.8723,3.8681,3.8639,3.8596,3.8553,3.8511
3.2927,3.234,3.1633,3.0768,2.9879,2.8919,2.7959,2.699,2.6022,2.0204,1.4294,7.4737,7.3586,7.244,7.1301,7.0594,7.0561,7.0546,7.0617,7.0688,7.0768,7.0849,7.0931,7.1013,7.1095
5.8395,5.8395,5.8395,5.8395,5.8395,5.8395,5.8395,5.8395,5.8395,5.6955,5.4751,5.2301,4.9683,4.7079,4.4488,4.2882,1.7759,2.3037,2.8315,3.3593,3.8871,4.415,4.9428,5.4706,5.9984
0.5133,0.5489,0.5918,0.6443,0.6982,0.7565,0.8147,0.8735,0.9323,0.9911,1.0499,1.1153,0.5574,4.3937,4.4629,4.5058,4.5078,4.5087,4.5044,4.5001,4.4952,4.4903,4.4853,4.4803,4.4753
1.6545,1.625,1.5895,1.546,1.5013,1.4531,1.4049,1.3562,1.3075,1.2588,1.2101,1.1559,1.0981,3.6399,3.5827,3.5472,3.5455,3.5448,3.5483,3.5519,3.5559,3.56,3.5641,3.5682,3.5724
0.6572,0.7029,0.7578,0.825,0.8941,0.9687,1.0433,1.1185,1.1938,1.2691,1.3444,1.4282,1.5176,1.6066,0.9189,1.588,2.2596,2.9312,3.6028,4.2743,4.9459,5.6175,5.7434,5.737,5.7307
5.7459,5.7459,5.354,4.8397,4.3256,3.8117,3.2979,2.7841,2.2703,1.7564,10.0,10.0,10.0,10.0,10.0,10.0,10.0,10.0,10.0,10.0,10.0,10.0,10.0,10.0,10.0
2.3165,2.2751,2.2254,2.1646,2.102,2.0345,1.9669,1.8988,1.8307,1.7625,1.6943,1.6184,1.5374,1.4569,0.9997,1.7276,2.4583,3.1889,3.9196,4.6502,4.9786,4.9843,4.9901,4.9959,5.0017
0.422,0.4514,0.4866,0.5298,0.5742,0.6221,0.67,0.7183,0.7666,0.815,0.8634,0.9171,0.9746,3.613,3.6699,3.7051,3.7068,3.7075,3.704,3.7004,3.6964,3.6924,3.6883,3.6842,3.6801
2.1463,2.108,2.062,2.0056,1.9476,1.885,1.8225,1.7593,1.6962,1.633,1.5698,1.1322,4.7966,4.7219,4.6477,4.6016,4.5995,4.5985,4.6031,4.6077,4.6129,4.6182,4.6236,4.6289,4.6343
3.2692,3.4963,3.7694,4.1037,4.4475,4.8185,5.1896,5.5639,5.6552,5.6552,5.6552,5.6552,5.6552,5.6552,5.6552,5.6552,1.7509,2.2714,2.7918,3.3122,3.8326,4.353,4.8734,5.3938,5.9142
0.7343,0.7853,0.8467,0.9218,0.999,1.0823,1.1657,1.2497,1.3338,1.418,1.5022,0.8915,6.1868,6.2863,6.3852,6.4465,6.4494,6.4507,6.4445,6.4384,6.4314,6.4244,6.4173,6.4101,6.403
1.6827,1.6526,1.6165,1.5723,1.5269,1.4778,1.4288,1.3793,1.3298,1.2802,1.2307,1.1756,1.1168,0.8979,3.282,3.6075,3.6058,3.6051,3.6087,3.6123,3.6164,3.6205,3.6247,3.6289,3.6331
0.4878,0.5217,0.5625,0.6124,0.6637,0.719,0.7744,0.8303,0.8861,0.942,0.998,1.0601,1.1265,1.1926,1.4106,2.4378,3.4688,4.2855,4.2814,4.2773,4.2727,4.268,4.2633,4.2586,4.2538
5.4838,5.386,5.2683,5.0782,4.5387,3.9996,3.4604,2.9213,2.3821,1.843,10.0,10.0,10.0,10.0,10.0,10.0,10.0,10.0,10.0,10.0,10.0,10.0,10.0,10.0,10.0
3.8845,3.8151,3.7318,3.6298,3.5248,3.4116,3.2983,3.1841,3.0698,2.9554,2.8411,2.7139,2.5781,2.443,2.3085,1.3487,1.919,2.4894,3.0597,3.6301,4.2005,4.7708,5.3412,5.9115,6.4819
0.4572,0.489,0.5272,0.574,0.622,0.6739,0.7258,0.7782,0.8305,0.8829,0.9354,0.9936,0.5676,3.9143,3.9759,4.0141,4.0159,4.0167,4.0128,4.009,4.0047,4.0003,3.9959,3.9914,3.987
1.7513,1.7201,1.6825,1.6365,1.5892,1.5381,1.4871,1.4355,1.384,1.3325,1.2809,1.2236,0.6333,3.8529,3.7923,3.7547,3.753,3.7522,3.7559,3.7597,3.764,3.7683,3.7726,3.777,3.7814
0.9163,0.98,1.0565,1.1502,1.2466,1.3506,1.4546,1.5595,1.6644,1.7694,1.8745,1.9912,2.116,2.24,2.3635,1.3783,1.9612,2.5441,3.127,3.7098,4.2927,4.8756,5.4585,6.0414,6.6242
1.6323,1.7457,1.882,2.0489,2.2206,2.4058,2.5911,2.778,2.356,1.8228,1.3425,10.0,10.0,10.0,10.0,10.0,10.0,10.0,10.0,10.0,10.0,10.0,10.0,10.0,10.0
1.9523,1.9175,1.8756,1.8243,1.7715,1.7146,1.6577,1.6003,1.5429,1.4854,1.4279,1.364,1.2957,1.2278,1.3179,2.2775,3.2407,4.1828,4.187,4.1912,4.1959,4.2007,4.2056,4.2105,4.2153
0.4296,0.4595,0.4954,0.5393,0.5845,0.6333,0.682,0.7312,0.7804,0.8297,0.8789,0.9337,0.9921,1.1156,3.7359,3.7718,3.7735,3.7743,3.7707,3.7671,3.763,3.7589,3.7547,3.7505,3.7464
2.706,2.6577,2.5996,2.5285,2.4554,2.3766,2.2977,2.2181,2.1385,2.0588,1.5714,1.0403,6.0473,5.9531,5.8595,5.8014,5.7987,5.7975,5.8033,5.8091,5.8157,5.8224,5.8291,5.8359,5.8426
5.3794,5.3794,5.3794,5.3794,5.3794,5.3794,5.3794,5.3794,5.3794,5.3794,5.3794,5.3794,5.3794,5.3794,5.3794,5.3794,1.7489,2.2687,2.7885,3.3083,3.8281,4.3479,4.8677,5.3875,5.9073
0.5746,0.6145,0.6625,0.7212,0.7817,0.8469,0.9121,0.9779,1.0437,1.1095,1.1754,1.0832,4.841,4.9188,4.9962,5.0442,5.0464,5.0474,5.0426,5.0378,5.0323,5.0268,5.0213,5.0157,5.0101
1.6489,1.6195,1.5841,1.5408,1.4963,1.4482,1.4001,1.3516,1.3031,1.2546,1.206,1.152,1.0944,3.6277,3.5706,3.5352,3.5336,3.5328,3.5364,3.5399,3.5439,3.548,3.5521,3.5562,3.5603
0.5743,0.6142,0.6622,0.7209,0.7813,0.8465,0.9117,0.9774,1.0432,1.109,1.1749,1.248,1.3262,1.404,1.0504,1.8153,2.583,3.3507,4.1184,4.886,5.0301,5.0246,5.019,5.0135,5.0079
5.2998,5.2998,5.2998,4.8806,4.3621,3.8439,3.3257,2.8076,2.2894,1.7713,10.0,10.0,10.0,10.0,10.0,10.0,10.0,10.0,10.0,10.0,10.0,10.0,10.0,10.0,10.0
2.7143,2.6658,2.6076,2.5363,2.463,2.3839,2.3047,2.2249,2.145,2.0651,1.9852,1.8964,1.8014,1.707,0.8937,1.5444,2.1975,2.8507,3.5038,4.157,4.8101,5.4632,5.847,5.8538,5.8606
0.4307,0.4606,0.4966,0.5406,0.5859,0.6348,0.6837,0.733,0.7823,0.8316,0.881,0.9359,0.9945,3.6869,3.7449,3.7809,3.7825,3.7833,3.7797,3.7761,3.772,3.7679,3.7637,3.7595,3.7553
1.9563,1.9214,1.8794,1.828,1.7752,1.7182,1.6611,1.6036,1.546,1.4884,1.4308,1.3668,4.372,4.3039,4.2362,4.1942,4.1923,4.1914,4.1956,4.1998,4.2046,4.2094,4.2143,4.2191,4.224
1.6311,1.7444,1.8806,2.0474,2.2189,2.404,2.5892,2.7759,2.9627,3.1496,3.3366,3.5444,3.7665,3.9873,4.2071,4.3433,1.8084,2.3459,2.8834,3.4209,3.9584,4.4959,5.0333,5.5708,6.1083
0.9218,0.9858,1.0628,1.1571,1.254,1.3586,1.4632,1.5688,1.6743,1.78,1.4082,0.8756,7.7662,7.891,8.0152,8.0922,8.0958,8.0974,8.0897,8.082,8.0732,8.0644,8.0555,8.0465,8.0376
1.7597,1.7283,1.6906,1.6443,1.5968,1.5455,1.4942,1.4424,1.3907,1.3389,1.2871,1.2295,1.1679,0.5658,2.0681,3.5741,3.771,3.7702,3.774,3.7778,3.7821,3.7864,3.7908,3.7952,3.7996
0.4593,0.4912,0.5296,0.5765,0.6248,0.677,0.7291,0.7817,0.8343,0.8869,0.9396,0.9981,1.0606,0.561,1.8651,3.2232,4.034,4.0348,4.031,4.0271,4.0227,4.0183,4.0139,4.0094,4.005
3.8968,3.8273,3.7437,3.6413,3.536,3.4224,3.3088,3.0955,2.5242,1.9529,1.4707,8.8449,8.7086,8.573,8.4382,8.3546,8.3507,8.3489,8.3573,8.3656,8.3752,8.3847,8.3944,8.4042,8.4139
5.1292,5.1292,5.1292,5.1292,5.0237,4.8623,4.7009,4.538,4.3752,4.2122,4.0492,3.868,3.6744,3.4818,3.2902,3.1714,1.8323,2.3769,2.9215,3.4661,4.0107,4.5553,5.0999,5.6445,6.1891
0.4914,0.5255,0.5666,0.6168,0.6685,0.7242,0.78,0.8363,0.8926,0.9489,1.0052,1.0678,0.5336,4.2066,4.2728,4.3138,4.3157,4.3166,4.3125,4.3084,4.3037,4.299,4.2942,4.2895,4.2847
1.6943,1.6641,1.6277,1.5832,1.5375,1.4881,1.4387,1.3888,1.339,1.2891,1.2392,1.1838,1.0187,3.7275,3.6689,3.6325,3.6308,3.6301,3.6337,3.6373,3.6415,3.6457,3.6499,3.6541,3.6583
0.7389,0.7902,0.8519,0.9275,1.0052,1.089,1.1729,1.2575,1.3421,1.4267,1.5114,1.6056,1.7062,1.8062,1.9058,1.5041,2.1402,2.7763,3.4125,4.0486,4.6847,5.3208,5.9569,6.4497,6.4425
3.3241,3.555,3.8326,4.1726,4.3975,3.8751,3.3527,2.8303,2.308,1.7856,10.0,10.0,10.0,10.0,10.0,10.0,10.0,10.0,10.0,10.0,10.0,10.0,10.0,10.0,10.0
2.1673,2.1286,2.0821,2.0252,1.9666,1.9035,1.8403,1.7765,1.7128,1.649,1.5851,1.5142,1.4384,1.363,1.1043,1.9085,2.7156,3.5227,4.3299,4.6527,4.658,4.6633,4.6687,4.6741,4.6795
0.426,0.4556,0.4912,0.5347,0.5795,0.6279,0.6762,0.725,0.7738,0.8226,0.8714,0.9257,0.9837,3.6468,3.7042,3.7398,3.7414,3.7422,3.7386,3.735,3.731,3.7269,3.7228,3.7187,3.7145
2.337,2.2953,2.2452,2.1838,2.1206,2.0525,1.9844,1.9156,1.8469,1.7781,1.7093,1.0441,5.2227,5.1414,5.0605,5.0104,5.0081,5.007,5.012,5.017,5.0228,5.0285,5.0343,5.0401,5.046
4.9864,4.9864,4.9864,4.9864,4.9864,4.9864,4.9864,4.9864,4.9864,4.9864,4.9864,4.9864,4.9864,4.9864,4.9864,4.9864,1.7547,2.2762,2.7977,3.3192,3.8407,4.3622,4.8837,5.4052,5.9268
0.6654,0.7116,0.7671,0.8352,0.9052,0.9807,1.0562,1.1324,1.2086,1.2848,1.3611,0.9588,5.6057,5.6958,5.7855,5.841,5.8436,5.8448,5.8393,5.8337,5.8274,5.821,5.8146,5.8081,5.8016
1.674,1.6441,1.6082,1.5642,1.519,1.4702,1.4214,1.3722,1.3229,1.2736,1.2243,1.1695,1.111,1.4573,3.6248,3.5889,3.5873,3.5865,3.5901,3.5937,3.5978,3.6019,3.6061,3.6102,3.6144
0.5191,0.5552,0.5985,0.6516,0.7062,0.7651,0.824,0.8835,0.9429,1.0024,1.0619,1.1281,1.1987,1.269,1.2501,2.1604,3.0741,3.9877,4.5558,4.5514,4.5465,4.5415,4.5365,4.5315,4.5264
4.918,4.918,4.918,4.918,4.4815,3.9491,3.4168,2.8844,2.3521,1.8198,10.0,10.0,10.0,10.0,10.0,10.0,10.0,10.0,10.0,10.0,10.0,10.0,10.0,10.0,10.0
3.3428,3.2832,3.2115,3.1236,3.0333,2.9359,2.8384,2.7401,2.6418,2.5434,2.4449,2.3355,2.2186,2.1023,0.9362,1.4214,2.0225,2.6237,3.2248,3.8259,4.427,5.0282,5.6293,6.2304,6.8315
0.4479,0.479,0.5164,0.5623,0.6094,0.6602,0.711,0.7623,0.8136,0.865,0.9163,0.9734,0.7192,3.8345,3.8949,3.9323,3.934,3.9348,3.9311,3.9273,3.9231,3.9188,3.9145,3.9101,3.9058
1.8297,1.7971,1.7578,1.7098,1.6603,1.607,1.5536,1.4998,1.446,1.3921,1.3383,1.2784,0.6394,4.0254,3.9621,3.9228,3.921,3.9202,3.9241,3.928,3.9325,3.937,3.9416,3.9461,3.9507
1.1044,1.1811,1.2734,1.3863,1.5025,1.6278,1.7531,1.8796,2.0061,2.1326,2.2592,2.4,2.5503,2.6998,2.8487,1.3861,1.9051,2.4713,3.0375,3.6038,4.17,4.7362,5.3024,5.8686,6.4348
1.2637,1.3515,1.457,1.5863,1.7192,1.8626,2.006,2.1507,2.2954,1.889,1.3364,10.0,10.0,10.0,10.0,10.0,10.0,10.0,10.0,10.0,10.0,10.0,10.0,10.0,10.0
1.8792,1.8457,1.8053,1.756,1.7052,1.6504,1.5956,1.5404,1.4851,1.4298,1.3744,1.3129,1.2472,0.5914,1.5352,2.653,3.7751,4.0262,4.0302,4.0342,4.0388,4.0434,4.0481,4.0528,4.0575
0.4419,0.4725,0.5094,0.5546,0.6011,0.6512,0.7014,0.752,0.8026,0.8532,0.9039,0.9602,1.0203,0.7692,2.8116,3.879,3.8807,3.8815,3.8778,3.8741,3.8699,3.8657,3.8614,3.8571,3.8528
3.0741,3.0193,2.9533,2.8725,2.7895,2.6999,2.6103,2.5198,2.4294,2.1164,1.4973,6.9775,6.87,6.7631,6.6567,6.5907,6.5877,6.5863,6.5929,6.5995,6.607,6.6145,6.6222,6.6299,6.6375
4.7707,4.7707,4.7707,4.7707,4.7707,4.7707,4.7707,4.7707,4.7707,4.7707,4.7707,4.7707,4.7707,4.7707,4.7707,4.7707,1.7854,2.316,2.8466,3.3773,3.9079,4.4385,4.9692,5.4998,6.0304
0.5412,0.5788,0.624,0.6794,0.7363,0.7977,0.8591,0.9211,0.9831,1.0451,1.1071,1.1761,4.5599,4.6332,4.7061,4.7513,4.7534,4.7544,4.7499,4.7453,4.7402,4.735,4.7298,4.7245,4.7192
1.6712,1.6414,1.6055,1.5616,1.5165,1.4678,1.419,1.3699,1.3207,1.2715,1.2223,1.1676,1.1092,3.6767,3.6188,3.583,3.5813,3.5805,3.5841,3.5877,3.5918,3.5959,3.6001,3.6042,3.6084
0.6299,0.6736,0.7262,0.7907,0.8569,0.9284,0.9999,1.072,1.1441,1.2163,1.2885,1.3688,1.4545,1.5398,0.9763,1.6872,2.4007,3.1143,3.8278,4.5413,5.2548,5.5107,5.5046,5.4985,5.4923
4.708,4.708,4.708,4.708,4.3895,3.868,3.3466,2.8252,2.3038,1.7824,1.3452,10.0,10.0,10.0,10.0,10.0,10.0,10.0,10.0,10.0,10.0,10.0,10.0,10.0,10.0
2.4828,2.4385,2.3852,2.32,2.2529,2.1806,2.1082,2.0351,1.9621,1.889,1.8159,1.7346,1.6478,1.5615,0.9672,1.6716,2.3785,3.0854,3.7924,4.4993,5.2062,5.3422,5.3484,5.3546,5.3608
0.4303,0.4602,0.4961,0.5401,0.5853,0.6342,0.683,0.7323,0.7815,0.8308,0.8802,0.935,0.9936,3.6833,3.7413,3.7772,3.7789,3.7796,3.776,3.7724,3.7684,3.7642,3.7601,3.7559,3.7517
2.0934,2.0561,2.0112,1.9562,1.8996,1.8386,1.7776,1.716,1.6544,1.5928,1.5311,1.2264,4.6784,4.6056,4.5331,4.4882,4.4861,4.4852,4.4897,4.4942,4.4993,4.5044,4.5096,4.5148,4.5201
2.3879,2.5538,2.7532,2.9975,3.2486,3.5195,3.7906,4.064,4.3375,4.6112,4.647,4.647,4.647,4.647,4.647,1.3277,1.7934,2.3264,2.8594,3.3924,3.9254,4.4584,4.9914,5.5244,6.0574
0.8058,0.8618,0.9291,1.0115,1.0963,1.1877,1.2792,1.3714,1.4637,1.5561,1.4918,0.8756,6.7893,6.8984,7.007,7.0743,7.0774,7.0788,7.0721,7.0654,7.0577,7.05,7.0422,7.0344,7.0265
1.7317,1.7008,1.6636,1.6181,1.5714,1.5209,1.4704,1.4195,1.3685,1.3175,1.2665,1.2099,1.1493,0.7416,2.7108,3.7126,3.7109,3.7101,3.7138,3.7176,3.7218,3.7261,3.7304,3.7347,3.739
0.4822,0.5157,0.5559,0.6052,0.656,0.7107,0.7654,0.8206,0.8758,0.9311,0.9863,1.0478,1.1134,0.5889,1.5746,2.7211,3.8719,4.2356,4.2316,4.2276,4.223,4.2184,4.2137,4.209,4.2043
4.5875,4.5875,4.5875,4.4851,4.3554,4.1367,3.5791,3.0215,2.4638,1.9062,1.3486,10.0,10.0,10.0,10.0,10.0,10.0,10.0,10.0,10.0,10.0,10.0,10.0,10.0,10.0
4.4391,4.3599,4.2647,4.148,4.0281,3.8987,3.7693,3.6387,3.5081,3.3774,3.2467,3.1014,2.9462,2.7918,2.6381,1.3406,1.9075,2.4744,3.0414,3.6083,4.1752,4.7422,5.3091,5.876,6.443
0.4754,0.5085,0.5482,0.5968,0.6468,0.7007,0.7547,0.8092,0.8636,0.9181,0.9726,1.0332,0.5163,4.07,4.1341,4.1738,4.1757,4.1765,4.1725,4.1686,4.164,4.1595,4.1549,4.1503,4.1456
1.75,1.7188,1.6812,1.6353,1.588,1.537,1.4859,1.4345,1.383,1.3315,1.2799,1.2227,0.7498,3.85,3.7895,3.7519,3.7502,3.7494,3.7531,3.7569,3.7612,3.7655,3.7698,3.7742,3.7786
0.8493,0.9083,0.9792,1.066,1.1554,1.2517,1.3481,1.4454,1.5426,1.64,1.7373,1.8455,1.9611,2.0761,2.1905,1.4413,2.0509,2.6605,3.27,3.8796,4.4891,5.0987,5.7082,6.3178,6.9273
2.0531,2.1957,2.3671,2.5771,2.793,3.026,3.259,2.9015,2.366,1.8305,1.2951,10.0,10.0,10.0,10.0,10.0,10.0,10.0,10.0,10.0,10.0,10.0,10.0,10.0,10.0
2.0545,2.0178,1.9738,1.9198,1.8643,1.8044,1.7445,1.6841,1.6236,1.5631,1.5027,1.4354,1.3636,1.2921,1.242,2.1464,3.0541,3.9619,4.4062,4.4106,4.4156,4.4207,4.4258,4.4309,4.436
0.4335,0.4637,0.4999,0.5442,0.5898,0.639,0.6882,0.7378,0.7875,0.8372,0.8869,0.9421,1.0011,1.5998,3.7698,3.806,3.8077,3.8084,3.8048,3.8012,3.7971,3.7929,3.7887,3.7845,3.7803
2.5832,2.5371,2.4817,2.4138,2.344,2.2687,2.1934,2.1174,2.0414,1.9654,1.6654,0.9931,5.7729,5.6831,5.5936,5.5382,5.5356,5.5345,5.54,5.5456,5.5519,5.5582,5.5646,5.5711,5.5775
4.4591,4.4591,4.4591,4.4591,4.4591,4.4591,4.4591,4.4591,4.4591,4.4591,4.4591,4.4591,4.4591,4.4591,4.4591,1.274,1.773,2.3,2.8269,3.3539,3.8808,4.4078,4.9347,5.4617,5.9886
0.6139,0.6566,0.7078,0.7706,0.8352,0.9048,0.9745,1.0448,1.1151,1.1855,1.2559,1.0448,5.1724,5.2555,5.3382,5.3895,5.3919,5.393,5.3878,5.3827,5.3769,5.371,5.3651,5.3591,5.3531
1.6794,1.6494,1.6134,1.5692,1.5239,1.4749,1.426,1.3766,1.3272,1.2777,1.2283,1.1733,1.1146,3.6946,3.6365,3.6005,3.5988,3.598,3.6016,3.6052,3.6093,3.6135,3.6177,3.6218,3.626
0.5588,0.5976,0.6443,0.7014,0.7602,0.8236,0.887,0.951,1.015,1.0791,1.1431,1.2143,1.2904,1.366,1.1331,1.9583,2.7864,3.6146,4.4428,4.8995,4.8942,4.8888,4.8834,4.878,4.8725
4.4043,4.4043,4.4043,4.4043,4.4043,3.933,3.4028,2.8727,2.3425,1.8124,1.2822,10.0,10.0,10.0,10.0,10.0,10.0,10.0,10.0,10.0,10.0,10.0,10.0,10.0,10.0
2.9627,2.9098,2.8462,2.7684,2.6884,2.602,2.5156,2.4285,2.3413,2.2541,2.1669,2.0699,1.9663,1.8632,0.876,1.5139,2.1541,2.7944,3.4346,4.0749,4.7151,5.3554,5.9956,6.3895,6.3969
0.4428,0.4735,0.5105,0.5558,0.6023,0.6526,0.7028,0.7535,0.8042,0.855,0.9057,0.9621,0.9851,3.7902,3.8499,3.8869,3.8886,3.8894,3.8857,3.882,3.8777,3.8735,3.8692,3.8649,3.8606
1.9303,1.8959,1.8545,1.8038,1.7516,1.6954,1.6391,1.5823,1.5255,1.4687,1.4118,1.3487,4.3139,4.2468,4.18,4.1385,4.1366,4.1357,4.1399,4.144,4.1487,4.1535,4.1583,4.1631,4.1679
1.3967,1.4938,1.6104,1.7533,1.9001,2.0586,2.2172,2.3771,2.537,2.6971,2.8572,3.0352,3.2253,3.4144,3.6026,1.313,1.8682,2.4235,2.9788,3.534,4.0893,4.6446,5.1998,5.7551,6.3103
1.0419,1.1143,1.2013,1.3079,1.4175,1.5357,1.654,1.7733,1.8926,1.9757,1.3977,8.6367,8.7785,8.9196,9.06,9.147,9.1511,9.1529,9.1442,9.1355,9.1256,9.1156,9.1055,9.0954,9.0852
1.8273,1.7947,1.7555,1.7075,1.6581,1.6049,1.5516,1.4978,1.4441,1.3903,1.3365,1.2767,1.2128,0.575,1.849,3.1953,3.9158,3.915,3.9189,3.9229,3.9273,3.9318,3.9364,3.9409,3.9455
0.4584,0.4902,0.5285,0.5754,0.6236,0.6756,0.7277,0.7801,0.8326,0.8852,0.9377,0.9961,1.0585,0.5936,2.1698,3.7498,4.026,4.0268,4.023,4.0192,4.0148,4.0104,4.006,4.0015,3.9971
3.5807,3.5168,3.44,3.3459,3.2491,3.1448,3.0404,2.935,2.6357,2.0392,1.4427,8.1273,8.0021,7.8775,7.7536,7.6768,7.6732,7.6715,7.6792,7.6869,7.6957,7.7045,7.7134,7.7223,7.7313
4.2858,4.2858,4.2858,4.2858,4.2858,4.2858,4.2858,4.2858,4.2858,4.2858,4.2858,4.2858,4.2858,4.2414,4.0079,1.2918,1.8381,2.3844,2.9307,3.477,4.0233,4.5696,5.1159,5.6622,6.2085
0.5162,0.552,0.5951,0.6479,0.7022,0.7608,0.8194,0.8785,0.9376,0.9967,1.0559,1.1217,0.5606,4.4187,4.4883,4.5314,4.5334,4.5343,4.53,4.5257,4.5208,4.5158,4.5108,4.5058,4.5008
1.7079,1.6775,1.6408,1.5959,1.5498,1.5,1.4502,1.4,1.3497,1.2995,1.2492,1.1933,1.1335,3.7575,3.6984,3.6617,3.66,3.6592,3.6629,3.6666,3.6708,3.675,3.6792,3.6835,3.6877
0.7022,0.751,0.8096,0.8814,0.9553,1.0349,1.1146,1.1951,1.2755,1.3559,1.4364,1.5259,1.6215,1.7166,0.9523,1.5905,2.2632,2.9359,3.6085,4.2812,4.9539,5.6265,6.1364,6.1296,6.1228
4.2352,4.2352,4.2352,4.2352,4.2352,3.9247,3.3956,2.8666,2.3375,1.8085,1.2795,10.0,10.0,10.0,10.0,10.0,10.0,10.0,10.0,10.0,10.0,10.0,10.0,10.0,10.0
2.3093,2.2681,2.2185,2.1579,2.0955,2.0282,1.9608,1.8929,1.825,1.757,1.689,1.6134,1.5326,1.4523,1.0616,1.8346,2.6105,3.3864,4.1623,4.9382,4.9632,4.9689,4.9746,4.9804,4.9861
0.4334,0.4636,0.4998,0.5441,0.5897,0.6389,0.6881,0.7377,0.7873,0.837,0.8867,0.9419,1.0009,3.7106,3.769,3.8052,3.8069,3.8076,3.804,3.8004,3.7963,3.7921,3.7879,3.7837,3.7795
2.2678,2.2273,2.1786,2.1191,2.0578,1.9917,1.9256,1.8589,1.7922,1.7254,1.6586,1.1224,5.068,4.9891,4.9106,4.862,4.8597,4.8587,4.8635,4.8684,4.8739,4.8795,4.8852,4.8908,4.8965
4.1857,4.1857,4.1857,4.1857,4.1857,4.1857,4.1857,4.1857,4.1857,4.1857,4.1857,4.1857,4.1857,4.1857,4.1857,1.2605,1.7936,2.3267,2.8598,3.3929,3.926,4.4591,4.9922,5.5253,6.0584
0.7229,0.7731,0.8335,0.9074,0.9834,1.0655,1.1475,1.2303,1.3131,1.3959,1.4788,0.9379,6.0905,6.1884,6.2858,6.3462,6.349,6.3503,6.3442,6.3382,6.3313,6.3244,6.3174,6.3104,6.3033
1.7192,1.6885,1.6516,1.6065,1.56,1.5099,1.4598,1.4092,1.3586,1.308,1.2574,1.2011,1.141,1.0782,3.7227,3.6858,3.6841,3.6833,3.687,3.6907,3.6949,3.6992,3.7034,3.7077,3.712
0.5113,0.5468,0.5895,0.6418,0.6956,0.7536,0.8117,0.8702,0.9288,0.9874,1.046,1.1111,1.1807,1.2499,1.3763,2.3786,3.3845,4.3904,4.4874,4.4831,4.4782,4.4733,4.4684,4.4634,4.4584
4.1374,4.1374,4.1374,4.1374,4.1374,4.0753,3.5259,2.9766,2.4273,1.8779,1.3286,10.0,10.0,10.0,10.0,10.0,10.0,10.0,10.0,10.0,10.0,10.0,10.0,10.0,10.0
3.7447,3.6778,3.5975,3.4991,3.398,3.2888,3.1796,3.0695,2.9593,2.8491,2.7388,2.6162,2.4853,2.355,2.2254,1.4088,2.0046,2.6004,3.1962,3.7919,4.3877,4.9835,5.5793,6.1751,6.7709
0.4646,0.4968,0.5356,0.5831,0.632,0.6847,0.7374,0.7906,0.8438,0.8971,0.9503,1.0095,0.6326,3.977,4.0396,4.0784,4.0802,4.081,4.0771,4.0732,4.0688,4.0644,4.0599,4.0554,4.0508
1.8238,1.7912,1.7521,1.7042,1.6549,1.6018,1.5486,1.495,1.4413,1.3876,1.3339,1.2742,0.6374,4.0124,3.9492,3.9101,3.9083,3.9075,3.9114,3.9153,3.9198,3.9242,3.9288,3.9333,3.9379
1.0044,1.0741,1.158,1.2607,1.3663,1.4803,1.5943,1.7093,1.8243,1.9394,2.0546,2.1825,2.3193,2.4553,2.5906,1.396,1.9864,2.5768,3.1672,3.7576,4.348,4.9384,5.5288,6.1191,6.7095
1.5036,1.6081,1.7336,1.8874,2.0455,2.2162,2.3868,2.559,2.4466,1.8928,1.3391,9.905,9.905,9.905,9.905,9.905,9.905,9.905,9.905,9.905,9.905,9.905,9.905,9.905,9.905
1.9707,1.9356,1.8933,1.8415,1.7883,1.7308,1.6734,1.6154,1.5574,1.4994,1.4414,1.3769,1.3079,1.2394,1.4279,2.4676,3.5112,4.2222,4.2265,4.2307,4.2355,4.2404,4.2453,4.2502,4.2551
0.445,0.4759,0.513,0.5585,0.6053,0.6558,0.7063,0.7573,0.8082,0.8592,0.9102,0.9669,1.0275,0.9744,3.5618,3.9062,3.9079,3.9087,3.905,3.9013,3.897,3.8928,3.8885,3.8842,3.8798
2.9067,2.8548,2.7925,2.7161,2.6376,2.5528,2.4681,2.3826,2.2971,2.2115,1.5802,6.5975,6.4958,6.3947,6.2941,6.2318,6.2288,6.2275,6.2338,6.24,6.2471,6.2543,6.2615,6.2687,6.276
4.0326,4.0326,4.0326,4.0326,4.0326,4.0326,4.0326,4.0326,4.0326,4.0326,4.0326,4.0326,4.0326,4.0326,4.0326,1.2696,1.8065,2.3434,2.8804,3.4173,3.9542,4.4911,5.028,5.5649,6.1018
0.5753,0.6152,0.6633,0.7221,0.7826,0.8479,0.9132,0.9791,1.0449,1.1109,1.1768,1.1557,4.8468,4.9247,5.0022,5.0503,5.0525,5.0535,5.0487,5.0439,5.0384,5.0329,5.0273,5.0218,5.0162
1.6989,1.6686,1.6321,1.5875,1.5416,1.4921,1.4426,1.3926,1.3426,1.2926,1.2426,1.187,1.1275,3.7376,3.6788,3.6424,3.6407,3.6399,3.6435,3.6472,3.6513,3.6555,3.6597,3.664,3.6682
0.6094,0.6518,0.7026,0.765,0.8291,0.8982,0.9674,1.0372,1.107,1.1768,1.2467,1.3243,1.4073,1.4898,1.0463,1.8081,2.5728,3.3375,4.1021,4.8668,5.3375,5.3316,5.3257,5.3198,5.3139
3.9878,3.9878,3.9878,3.9878,3.9878,3.9503,3.4178,2.8853,2.3528,1.8203,1.2878,9.6846,9.6846,9.6846,9.6846,9.6846,9.6846,9.6846,9.6846,9.6846,9.6846,9.6846,9.6846,9.6846,9.6846
2.6867,2.6388,2.5812,2.5106,2.438,2.3597,2.2813,2.2023,2.1233,2.0442,1.9651,1.8771,1.7832,1.6897,0.9439,1.6312,2.3211,3.011,3.7008,4.3907,5.0805,5.7704,5.7877,5.7944,5.8011
0.4415,0.4721,0.509,0.5542,0.6006,0.6507,0.7008,0.7513,0.8019,0.8525,0.9031,0.9593,1.0194,3.7792,3.8387,3.8756,3.8773,3.8781,3.8744,3.8707,3.8665,3.8623,3.858,3.8537,3.8494
2.0581,2.0214,1.9772,1.9231,1.8675,1.8075,1.7475,1.687,1.6265,1.5659,1.5053,1.343,4.5994,4.5278,4.4566,4.4124,4.4104,4.4094,4.4138,4.4183,4.4233,4.4284,4.4335,4.4386,4.4438
1.905,2.0374,2.1964,2.3913,2.5916,2.8078,3.024,3.2422,3.4603,3.6786,3.897,3.9439,3.9439,3.9439,3.9439,1.2993,1.8488,2.3983,2.9478,3.4973,4.0468,4.5962,5.1457,5.6952,6.2447
0.8959,0.9582,1.033,1.1246,1.2188,1.3205,1.4222,1.5248,1.6274,1.7301,1.4762,0.8665,7.5485,7.6698,7.7905,7.8653,7.8688,7.8704,7.8629,7.8554,7.8469,7.8383,7.8296,7.8209,7.8122
1.794,1.762,1.7235,1.6764,1.6279,1.5756,1.5233,1.4705,1.4178,1.365,1.3121,1.2534,1.1907,0.6386,2.3343,3.8463,3.8445,3.8437,3.8475,3.8514,3.8558,3.8602,3.8646,3.8691,3.8736
0.48,0.5133,0.5534,0.6025,0.653,0.7074,0.7619,0.8169,0.8718,0.9268,0.9818,1.043,1.1083,0.5862,1.7867,3.0877,4.2155,4.2163,4.2123,4.2083,4.2037,4.1991,4.1945,4.1898,4.1851
3.901,3.901,3.901,3.901,3.901,3.7854,3.6597,3.1465,2.5658,1.9851,1.4044,9.4737,9.4737,9.4737,9.333,9.2405,9.2362,9.2343,9.2435,9.2528,9.2633,9.2739,9.2846,9.2954,9.3061
3.8904,3.8904,3.8904,3.8904,3.8904,3.8904,3.8904,3.8904,3.8904,3.8904,3.7944,3.6246,3.4432,3.2627,3.0832,1.3417,1.9092,2.4766,3.044,3.6115,4.1789,4.7463,5.3137,5.8811,6.4486
0.4979,0.5324,0.574,0.6249,0.6773,0.7338,0.7903,0.8473,0.9043,0.9614,1.0184,1.0819,0.5407,4.262,4.3291,4.3706,4.3726,4.3735,4.3693,4.3651,4.3604,4.3556,4.3508,4.346,4.3411
1.7605,1.7291,1.6913,1.6451,1.5975,1.5462,1.4949,1.4431,1.3913,1.3395,1.2876,1.23,0.9188,3.8731,3.8122,3.7744,3.7726,3.7718,3.7756,3.7794,3.7837,3.788,3.7924,3.7968,3.8012
0.7983,0.8538,0.9204,1.0021,1.086,1.1766,1.2672,1.3586,1.4501,1.5415,1.633,1.7348,1.8434,1.9515,2.0591,1.5185,2.1606,2.8028,3.445,4.0872,4.7293,5.3715,6.0137,6.6559,6.9609
2.7562,2.9476,3.1778,3.4597,3.7496,3.8486,3.4745,2.9331,2.3918,1.8505,1.3092,9.3466,9.3466,9.3466,9.3466,9.3466,9.3466,9.3466,9.3466,9.3466,9.3466,9.3466,9.3466,9.3466,9.3466
2.179,2.1402,2.0934,2.0362,1.9773,1.9138,1.8503,1.7862,1.7221,1.6579,1.5937,1.5224,1.4462,1.3704,1.1843,2.0466,2.9121,3.7777,4.6432,4.678,4.6833,4.6886,4.6941,4.6995,4.7049
0.4403,0.4709,0.5077,0.5527,0.599,0.649,0.699,0.7494,0.7998,0.8503,0.9008,0.9569,1.0168,2.7814,3.8289,3.8657,3.8674,3.8682,3.8645,3.8608,3.8566,3.8524,3.8482,3.8439,3.8396
2.4911,2.4466,2.3932,2.3277,2.2604,2.1878,2.1152,2.0419,1.9686,1.8953,1.78,1.0448,5.567,5.4804,5.3942,5.3407,5.3382,5.3371,5.3425,5.3478,5.3539,5.36,5.3662,5.3724,5.3787
3.8077,3.8077,3.8077,3.8077,3.8077,3.8077,3.8077,3.8077,3.8077,3.8077,3.8077,3.8077,3.8077,3.8077,3.8077,1.2715,1.8092,2.3469,2.8846,3.4223,3.96,4.4977,5.0354,5.5731,6.1108
0.662,0.708,0.7633,0.831,0.9006,0.9758,1.0509,1.1267,1.2025,1.2784,1.3543,1.017,5.5777,5.6674,5.7566,5.8119,5.8145,5.8156,5.8101,5.8046,5.7983,5.7919,5.7855,5.7791,5.7726
1.7216,1.6909,1.6539,1.6087,1.5622,1.512,1.4618,1.4112,1.3605,1.3099,1.2592,1.2028,1.1426,1.9644,3.7279,3.691,3.6893,3.6885,3.6922,3.6959,3.7001,3.7043,3.7086,3.7129,3.7172
0.5482,0.5863,0.6321,0.6882,0.7458,0.8081,0.8703,0.9331,0.9958,1.0587,1.1215,1.1914,1.266,1.3402,1.2352,2.1346,3.0373,3.9401,4.8115,4.8069,4.8017,4.7965,4.7912,4.7858,4.7805
3.7677,3.7677,3.7677,3.7677,3.7677,3.7677,3.5048,2.9588,2.4127,1.8667,1.3206,9.1501,9.1501,9.1501,9.1501,9.1501,9.1501,9.1501,9.1501,9.1501,9.1501,9.1501,9.1501,9.1501,9.1501
3.2732,3.2148,3.1445,3.0585,2.9701,2.8747,2.7793,2.683,2.5867,2.4903,2.394,2.2868,2.1724,2.0585,0.9167,1.4956,2.1281,2.7607,3.3932,4.0257,4.6582,5.2907,5.9232,6.5557,7.0673
0.4582,0.4901,0.5283,0.5752,0.6234,0.6754,0.7274,0.7799,0.8323,0.8848,0.9374,0.9958,0.8247,3.9227,3.9844,4.0227,4.0245,4.0253,4.0215,4.0176,4.0133,4.0089,4.0045,4.0,3.9956
1.9189,1.8846,1.8435,1.7931,1.7412,1.6853,1.6293,1.5729,1.5164,1.46,1.4035,1.3406,0.6706,4.2216,4.1551,4.114,4.1121,4.1112,4.1153,4.1194,4.1241,4.1288,4.1336,4.1384,4.1432
1.2345,1.3203,1.4234,1.5496,1.6794,1.8195,1.9596,2.101,2.2424,2.3838,2.5254,2.6827,2.8507,3.0179,3.1842,1.3657,1.9433,2.5209,3.0985,3.6761,4.2536,4.8312,5.4088,5.9864,6.5639
1.2007,1.2841,1.3843,1.5071,1.6334,1.7696,1.9059,2.0434,2.1809,1.9751,1.3973,9.0314,9.0314,9.0314,9.0314,9.0314,9.0314,9.0314,9.0314,9.0314,9.0314,9.0314,9.0314,9.0314,9.0314
1.911,1.8769,1.8359,1.7857,1.734,1.6783,1.6226,1.5664,1.5102,1.4539,1.3977,1.3351,1.2683,0.6014,1.6884,2.9179,4.0951,4.0942,4.0983,4.1024,4.1071,4.1118,4.1166,4.1213,4.1261
0.4607,0.4927,0.5311,0.5783,0.6267,0.679,0.7313,0.784,0.8368,0.8896,0.9424,1.0011,1.0638,0.71,2.5954,4.0442,4.046,4.0468,4.043,4.0391,4.0347,4.0303,4.0259,4.0214,4.0169
3.3428,3.2832,3.2115,3.1236,3.0333,2.9359,2.8384,2.7401,2.6418,2.1449,1.5175,7.5874,7.4705,7.3542,7.2385,7.1668,7.1635,7.162,7.1691,7.1763,7.1845,7.1927,7.201,7.2094,7.2177
3.6806,3.6806,3.6806,3.6806,3.6806,3.6806,3.6806,3.6806,3.6806,3.6806,3.6806,3.6806,3.6806,3.6806,3.6806,1.3047,1.8564,2.4082,2.96,3.5117,4.0635,4.6152,5.167,5.7187,6.2705
0.5464,0.5844,0.63,0.6859,0.7433,0.8053,0.8674,0.9299,0.9925,1.0551,1.1178,1.1874,4.6036,4.6776,4.7512,4.7969,4.799,4.8,4.7954,4.7908,4.7856,4.7804,4.7751,4.7698,4.7645
1.7333,1.7023,1.6651,1.6196,1.5728,1.5223,1.4717,1.4207,1.3698,1.3187,1.2677,1.211,1.1503,3.8132,3.7532,3.716,3.7143,3.7135,3.7172,3.7209,3.7252,3.7294,3.7337,3.7381,3.7424
0.6747,0.7215,0.7779,0.8469,0.9178,0.9944,1.071,1.1482,1.2255,1.3028,1.3801,1.4661,1.5579,1.6493,0.9813,1.6959,2.4131,3.1303,3.8475,4.5647,5.2819,5.9024,5.8959,5.8894,5.8828
3.6432,3.6432,3.6432,3.6432,3.6432,3.6432,3.4621,2.9227,2.3833,1.8439,1.3045,8.8478,8.8478,8.8478,8.8478,8.8478,8.8478,8.8478,8.8478,8.8478,8.8478,8.8478,8.8478,8.8478,8.8478
2.4827,2.4384,2.3851,2.3199,2.2528,2.1805,2.1081,2.0351,1.962,1.8889,1.8158,1.7346,1.6477,1.5614,1.0304,1.7807,2.5338,3.2869,4.04,4.7931,5.3359,5.342,5.3482,5.3544,5.3606
0.444,0.4748,0.5119,0.5573,0.604,0.6544,0.7048,0.7556,0.8065,0.8573,0.9082,0.9648,1.0252,3.8008,3.8606,3.8977,3.8994,3.9002,3.8965,3.8928,3.8886,3.8843,3.88,3.8757,3.8714
2.22,2.1804,2.1328,2.0744,2.0145,1.9497,1.885,1.8197,1.7544,1.6891,1.6237,1.2186,4.9612,4.884,4.8072,4.7595,4.7573,4.7563,4.7611,4.7659,4.7713,4.7767,4.7823,4.7878,4.7933
2.9894,3.197,3.4467,3.6065,3.6065,3.6065,3.6065,3.6065,3.6065,3.6065,3.6065,3.6065,3.6065,3.6065,3.6065,1.2972,1.8458,2.3944,2.943,3.4917,4.0403,4.5889,5.1375,5.6861,6.2347
0.7944,0.8496,0.9159,0.9971,1.0807,1.1708,1.261,1.3519,1.4429,1.5339,1.5757,0.9249,6.6928,6.8003,6.9074,6.9737,6.9768,6.9782,6.9716,6.9649,6.9574,6.9498,6.9421,6.9344,6.9266
1.7777,1.7459,1.7078,1.6611,1.6131,1.5613,1.5094,1.4571,1.4048,1.3525,1.3002,1.242,1.1798,0.8677,3.1716,3.8112,3.8094,3.8086,3.8124,3.8162,3.8206,3.825,3.8294,3.8338,3.8382
0.5075,0.5428,0.5852,0.6371,0.6905,0.7481,0.8057,0.8638,0.9219,0.9801,1.0382,1.1029,1.172,0.6199,1.5359,2.6543,3.7769,4.4585,4.4542,4.45,4.4452,4.4403,4.4354,4.4305,4.4255
3.5706,3.5706,3.5706,3.5706,3.5706,3.5706,3.5706,3.0931,2.5222,1.9514,1.3806,8.6715,8.6715,8.6715,8.6715,8.6715,8.6715,8.6715,8.6715,8.6715,8.6715,8.6715,8.6715,8.6715,8.6715
3.5617,3.5617,3.5617,3.5617,3.5617,3.5617,3.5617,3.4973,3.3718,3.2462,3.1206,2.9809,2.8317,2.6833,2.5356,1.4066,2.0015,2.5964,3.1913,3.7862,4.3811,4.976,5.5708,6.1657,6.7606
0.4853,0.519,0.5595,0.6091,0.6602,0.7152,0.7703,0.8259,0.8814,0.937,0.9927,1.0545,0.5706,4.1541,4.2195,4.26,4.2619,4.2628,4.2587,4.2547,4.2501,4.2454,4.2407,4.236,4.2313
1.831,1.7983,1.759,1.7109,1.6614,1.6081,1.5547,1.5008,1.447,1.3931,1.3391,1.2792,0.7045,4.0281,3.9647,3.9255,3.9236,3.9228,3.9267,3.9307,3.9351,3.9396,3.9442,3.9488,3.9533
0.9301,0.9947,1.0724,1.1675,1.2653,1.3708,1.4764,1.5829,1.6894,1.796,1.9026,2.0211,2.1478,2.2737,2.399,1.4664,2.0865,2.7067,3.3268,3.947,4.5671,5.1872,5.8074,6.4275,7.0476
1.8542,1.983,2.1379,2.3275,2.5225,2.7329,2.9434,3.0274,2.4687,1.91,1.3513,8.5648,8.5648,8.5648,8.5648,8.5648,8.5648,8.5648,8.5648,8.5648,8.5648,8.5648,8.5648,8.5648,8.5648
2.0827,2.0455,2.0008,1.9461,1.8898,1.8291,1.7684,1.7072,1.6459,1.5846,1.5233,1.4551,1.3823,1.3098,1.3471,2.3281,3.3127,4.2973,4.4666,4.4711,4.4761,4.4813,4.4864,4.4916,4.4968
0.4512,0.4825,0.5202,0.5663,0.6138,0.665,0.7162,0.7679,0.8195,0.8712,0.9229,0.9804,1.0419,1.3219,3.9232,3.9608,3.9626,3.9634,3.9596,3.9559,3.9516,3.9472,3.9429,3.9385,3.9341
2.7812,2.7315,2.6719,2.5988,2.5237,2.4426,2.3615,2.2797,2.1979,2.116,1.6814,1.0002,6.2154,6.1186,6.0224,5.9627,5.9599,5.9586,5.9646,5.9706,5.9774,5.9842,5.9911,5.9981,6.005
3.4923,3.4923,3.4923,3.4923,3.4923,3.4923,3.4923,3.4923,3.4923,3.4923,3.4923,3.4923,3.4923,3.4923,3.4923,1.2934,1.8404,2.3875,2.9345,3.4815,4.0285,4.5755,5.1225,5.6695,6.2165
0.6168,0.6597,0.7112,0.7743,0.8392,0.9092,0.9792,1.0498,1.1204,1.1911,1.2618,1.1182,5.197,5.2805,5.3637,5.4152,5.4176,5.4187,5.4135,5.4084,5.4025,5.3966,5.3906,5.3846,5.3786
1.7389,1.7079,1.6706,1.6249,1.5779,1.5272,1.4765,1.4254,1.3742,1.323,1.2718,1.2149,1.1541,3.8256,3.7654,3.7281,3.7263,3.7255,3.7293,3.733,3.7373,3.7415,3.7459,3.7502,3.7546
0.5951,0.6365,0.6862,0.7471,0.8096,0.8772,0.9447,1.0129,1.081,1.1492,1.2174,1.2933,1.3743,1.4549,1.132,1.9564,2.7837,3.6111,4.4385,5.2181,5.2124,5.2067,5.2009,5.1952,5.1894
3.4586,3.4586,3.4586,3.4586,3.4586,3.4586,3.4586,2.967,2.4194,1.8718,1.3243,8.3995,8.3995,8.3995,8.3995,8.3995,8.3995,8.3995,8.3995,8.3995,8.3995,8.3995,8.3995,8.3995,8.3995
2.9389,2.8864,2.8234,2.7462,2.6668,2.5811,2.4954,2.409,2.3225,2.236,2.1495,2.0533,1.9505,1.8483,0.9291,1.6056,2.2846,2.9636,3.6427,4.3217,5.0007,5.6797,6.3309,6.3382,6.3456
0.4561,0.4878,0.5259,0.5725,0.6205,0.6722,0.724,0.7762,0.8285,0.8807,0.933,0.9911,1.0532,3.9045,3.966,4.0041,4.0058,4.0066,4.0028,3.999,3.9947,3.9903,3.9859,3.9815,3.977
2.0397,2.0033,1.9596,1.906,1.8509,1.7914,1.732,1.672,1.612,1.5519,1.4919,1.4251,4.5584,4.4875,4.4169,4.3731,4.3711,4.3701,4.3745,4.3789,4.3839,4.3889,4.394,4.3991,4.4042
1.6057,1.7173,1.8514,2.0156,2.1845,2.3667,2.5489,2.7328,2.9167,3.1007,3.2848,3.4256,3.4256,3.4256,3.4256,1.3489,1.9194,2.4899,3.0603,3.6308,4.2013,4.7717,5.3422,5.9127,6.4831
1.0115,1.0817,1.1662,1.2696,1.376,1.4908,1.6056,1.7214,1.8372,1.9531,1.4721,0.9607,8.2994,8.2994,8.2994,8.2994,8.2994,8.2994,8.2994,8.2994,8.2994,8.2994,8.2994,8.2994,8.2994
1.872,1.8386,1.7984,1.7492,1.6987,1.6441,1.5895,1.5345,1.4794,1.4243,1.3692,1.3079,1.2424,0.5891,2.0737,3.5837,4.0116,4.0107,4.0147,4.0188,4.0233,4.0279,4.0326,4.0373,4.0419
0.4813,0.5148,0.555,0.6042,0.6548,0.7094,0.7641,0.8192,0.8743,0.9295,0.9847,1.046,1.1115,0.5879,2.0682,3.5743,4.2275,4.2284,4.2244,4.2203,4.2158,4.2111,4.2065,4.2018,4.1971
3.3931,3.3931,3.3931,3.3931,3.3931,3.3931,3.3564,3.2401,2.6918,2.0826,1.4734,0.9695,8.2405,8.2405,8.2405,8.2405,8.2405,8.2405,8.2405,8.2405,8.2405,8.2405,8.2405,8.2405,8.2405
3.3851,3.3851,3.3851,3.3851,3.3851,3.3851,3.3851,3.3851,3.3851,3.3851,3.3851,3.3851,3.3851,3.3851,3.3851,1.3527,1.9247,2.4968,3.0688,3.6409,4.2129,4.785,5.357,5.9291,6.5011
0.5254,0.5619,0.6057,0.6595,0.7147,0.7743,0.834,0.8941,0.9543,1.0145,1.0747,1.1417,0.5705,4.4974,4.5682,4.6121,4.6142,4.6151,4.6107,4.6063,4.6013,4.5963,4.5912,4.5861,4.581
1.7837,1.7519,1.7136,1.6667,1.6185,1.5666,1.5145,1.4621,1.4096,1.3571,1.3046,1.2462,1.1822,3.9241,3.8624,3.8241,3.8224,3.8215,3.8254,3.8292,3.8336,3.838,3.8424,3.8468,3.8513
0.7602,0.813,0.8765,0.9543,1.0342,1.1205,1.2068,1.2938,1.3809,1.468,1.5552,1.652,1.7555,1.8585,0.9604,1.6127,2.2947,2.9768,3.6588,4.3408,5.0228,5.7049,6.3869,6.6363,6.6289
3.3535,3.3535,3.3535,3.3535,3.3535,3.3535,3.3535,2.9861,2.435,1.8839,1.3328,8.1441,8.1441,8.1441,8.1441,8.1441,8.1441,8.1441,8.1441,8.1441,8.1441,8.1441,8.1441,8.1441,8.1441
2.3311,2.2895,2.2395,2.1783,2.1153,2.0474,1.9794,1.9108,1.8422,1.7736,1.705,1.6287,1.5471,1.4661,1.1419,1.9733,2.8079,3.6424,4.477,5.0044,5.0101,5.0159,5.0217,5.0275,5.0333
0.4504,0.4817,0.5193,0.5654,0.6127,0.6638,0.7149,0.7665,0.8181,0.8697,0.9213,0.9787,1.04,3.8556,3.9163,3.9539,3.9556,3.9564,3.9527,3.9489,3.9446,3.9403,3.936,3.9316,3.9272
2.4262,2.3829,2.3309,2.2671,2.2016,2.1309,2.0601,1.9888,1.9174,1.846,1.7745,1.1271,5.4221,5.3377,5.2537,5.2017,5.1992,5.1981,5.2034,5.2086,5.2145,5.2205,5.2265,5.2325,5.2386
3.3224,3.3224,3.3224,3.3224,3.3224,3.3224,3.3224,3.3224,3.3224,3.3224,3.3224,3.3224,3.3224,3.3224,3.3224,1.3065,1.8591,2.4116,2.9642,3.5167,4.0692,4.6218,5.1743,5.7268,6.2794
0.7213,0.7714,0.8317,0.9054,0.9813,1.0632,1.145,1.2276,1.3102,1.3929,1.4756,0.9989,6.0773,6.175,6.2722,6.3324,6.3352,6.3365,6.3305,6.3245,6.3176,6.3107,6.3037,6.2967,6.2897
1.7774,1.7457,1.7075,1.6608,1.6128,1.561,1.5092,1.4569,1.4046,1.3523,1.3,1.2418,1.1796,1.3484,3.8487,3.8106,3.8088,3.808,3.8118,3.8156,3.82,3.8243,3.8288,3.8332,3.8376
0.5425,0.5802,0.6255,0.6809,0.738,0.7995,0.8611,0.9232,0.9853,1.0475,1.1097,1.1788,1.2527,1.3261,1.3623,2.3544,3.3501,4.3458,4.7608,4.7563,4.7511,4.7459,4.7407,4.7354,4.7301
3.2918,3.2918,3.2918,3.2918,3.2918,3.2918,3.2918,3.0693,2.5028,1.9364,1.3699,7.9945,7.9945,7.9945,7.9945,7.9945,7.9945,7.9945,7.9945,7.9945,7.9945,7.9945,7.9945,7.9945,7.9945
3.2843,3.2843,3.2843,3.2843,3.2843,3.2207,3.1138,3.0059,2.8981,2.7901,2.6821,2.5621,2.4339,2.3063,0.9384,1.4895,2.1194,2.7494,3.3793,4.0092,4.6391,5.269,5.8989,6.5289,7.1588
0.4777,0.5109,0.5508,0.5996,0.6499,0.7041,0.7583,0.813,0.8677,0.9225,0.9772,1.0381,0.7184,4.0895,4.1538,4.1937,4.1956,4.1964,4.1924,4.1884,4.1839,4.1793,4.1747,4.1701,4.1654
1.9223,1.888,1.8467,1.7962,1.7443,1.6883,1.6322,1.5757,1.5191,1.4625,1.4059,1.343,0.6718,4.2291,4.1625,4.1213,4.1194,4.1185,4.1226,4.1267,4.1314,4.1362,4.1409,4.1457,4.1505
1.1189,1.1966,1.29,1.4045,1.5221,1.6491,1.7761,1.9042,2.0323,2.1606,2.2888,2.4314,2.5837,2.7352,0.932,1.4313,2.0366,2.6419,3.2472,3.8525,4.4577,5.063,5.6683,6.2736,6.8789
1.4172,1.5156,1.6339,1.7789,1.9279,2.0887,2.2496,2.4119,2.5713,1.9893,1.4074,0.9299,7.9037,7.9037,7.9037,7.9037,7.9037,7.9037,7.9037,7.9037,7.9037,7.9037,7.9037,7.9037,7.9037
2.0139,1.978,1.9348,1.8819,1.8275,1.7688,1.7101,1.6508,1.5916,1.5323,1.473,1.4071,1.3366,0.6338,1.5701,2.7135,3.861,4.3149,4.3192,4.3235,4.3284,4.3334,4.3384,4.3434,4.3485
0.4664,0.4988,0.5377,0.5854,0.6345,0.6874,0.7403,0.7937,0.8471,0.9006,0.954,1.0135,1.077,0.8814,3.222,4.0943,4.0961,4.0969,4.093,4.0891,4.0847,4.0802,4.0757,4.0712,4.0666
3.1661,3.1096,3.0417,2.9585,2.873,2.7807,2.6884,2.5952,2.5021,2.2744,1.6091,0.9445,7.0756,6.9654,6.8559,6.7879,6.7848,6.7833,6.7901,6.7969,6.8047,6.8124,6.8203,6.8282,6.8361
3.2252,3.2252,3.2252,3.2252,3.2252,3.2252,3.2252,3.2252,3.2252,3.2252,3.2252,3.2252,3.2252,3.2252,3.2252,1.3273,1.8886,2.4499,3.0113,3.5726,4.1339,4.6952,5.2565,5.8178,6.3791
0.5834,0.6239,0.6726,0.7323,0.7936,0.8598,0.9261,0.9929,1.0597,1.1265,1.1934,1.2497,4.9151,4.9941,5.0727,5.1214,5.1237,5.1247,5.1199,5.115,5.1094,5.1038,5.0982,5.0925,5.0869
1.7716,1.74,1.702,1.6555,1.6076,1.556,1.5043,1.4522,1.4001,1.3479,1.2958,1.2378,1.1758,3.8977,3.8363,3.7983,3.7965,3.7957,3.7995,3.8034,3.8077,3.812,3.8164,3.8209,3.8253
0.6552,0.7007,0.7554,0.8224,0.8913,0.9656,1.04,1.115,1.19,1.2651,1.3402,1.4237,1.5129,1.6016,1.0559,1.8248,2.5966,3.3683,4.14,4.9118,5.6835,5.7317,5.7254,5.719,5.7127
3.1964,3.1964,3.1964,3.1964,3.1964,3.1964,3.1964,3.0014,2.4475,1.8936,1.3396,7.7628,7.7628,7.7628,7.7628,7.7628,7.7628,7.7628,7.7628,7.7628,7.7628,7.7628,7.7628,7.7628,7.7628
2.696,2.6479,2.59,2.5192,2.4464,2.3678,2.2892,2.2099,2.1306,2.0512,1.9718,1.8836,1.7893,1.6955,1.0098,1.7451,2.4832,3.2212,3.9593,4.6973,5.4354,5.8009,5.8076,5.8144,5.8211
0.4581,0.4899,0.5281,0.575,0.6232,0.6751,0.7271,0.7796,0.8321,0.8845,0.9371,0.9954,1.0578,3.9214,3.9831,4.0214,4.0231,4.024,4.0201,4.0163,4.0119,4.0076,4.0031,3.9987,3.9942
2.1927,2.1536,2.1066,2.0489,1.9897,1.9258,1.8619,1.7974,1.7329,1.6683,1.6037,1.338,4.9003,4.824,4.7481,4.7011,4.6989,4.6979,4.7026,4.7073,4.7127,4.7181,4.7235,4.729,4.7345
2.2935,2.4528,2.6443,2.8789,3.1201,3.1682,3.1682,3.1682,3.1682,3.1682,3.1682,3.1682,3.1682,3.1682,3.1682,1.3447,1.9134,2.4821,3.0508,3.6195,4.1882,4.7569,5.3256,5.8943,6.463
0.8844,0.9458,1.0196,1.1101,1.2031,1.3034,1.4038,1.5051,1.6064,1.7077,1.5671,0.9198,7.4509,7.5707,7.6772,7.6772,7.6772,7.6772,7.6772,7.6772,7.6772,7.6772,7.6772,7.6772,7.6772
1.8518,1.8187,1.779,1.7303,1.6803,1.6263,1.5723,1.5179,1.4634,1.4089,1.3544,1.2938,1.229,0.7364,2.6919,3.9701,3.9682,3.9674,3.9714,3.9753,3.9799,3.9844,3.989,3.9936,3.9983
0.5079,0.5431,0.5856,0.6375,0.6909,0.7485,0.8062,0.8643,0.9225,0.9807,1.0389,1.1036,1.1728,0.6203,1.7414,3.0094,4.2822,4.4614,4.4571,4.4529,4.4481,4.4432,4.4383,4.4333,4.4284
3.1404,3.1404,3.1404,3.1404,3.1404,3.1404,3.1404,3.1404,2.6408,2.0432,1.4455,0.8973,7.6267,7.6267,7.6267,7.6267,7.6267,7.6267,7.6267,7.6267,7.6267,7.6267,7.6267,7.6267,7.6267
3.1336,3.1336,3.1336,3.1336,3.1336,3.1336,3.1336,3.1336,3.1336,3.1336,3.1336,3.1336,3.1336,3.1211,0.8953,1.4155,2.0142,2.6128,3.2114,3.8101,4.4087,5.0073,5.606,6.2046,6.8032
0.5108,0.5463,0.589,0.6412,0.695,0.7529,0.8109,0.8694,0.9279,0.9865,1.045,1.1101,0.5548,4.3732,4.442,4.4847,4.4866,4.4875,4.4833,4.479,4.4741,4.4693,4.4643,4.4593,4.4544
1.8522,1.8191,1.7794,1.7307,1.6807,1.6267,1.5727,1.5182,1.4637,1.4092,1.3547,1.2941,0.8524,4.0749,4.0107,3.971,3.9692,3.9683,3.9723,3.9763,3.9808,3.9854,3.99,3.9946,3.9992
0.8753,0.9362,1.0092,1.0988,1.1908,1.2902,1.3895,1.4898,1.59,1.6903,1.7906,1.9022,2.0213,2.1399,0.8985,1.5528,2.2095,2.8662,3.5229,4.1796,4.8362,5.4929,6.1496,6.8063,7.463
2.4062,2.5733,2.7743,3.0204,3.1064,3.1064,3.1064,3.0779,2.5098,1.9418,1.3738,0.8875,7.5441,7.5441,7.5441,7.5441,7.5441,7.5441,7.5441,7.5441,7.5441,7.5441,7.5441,7.5441,7.5441
2.2198,2.1802,2.1325,2.0742,2.0143,1.9496,1.8848,1.8195,1.7542,1.6889,1.6235,1.5509,1.4732,1.396,1.2879,2.2258,3.1671,4.1084,4.7606,4.7654,4.7708,4.7763,4.7818,4.7873,4.7929
0.4609,0.4929,0.5314,0.5785,0.627,0.6793,0.7316,0.7844,0.8372,0.89,0.9428,1.0016,1.0643,2.0231,4.0077,4.0462,4.048,4.0488,4.0449,4.0411,4.0367,4.0323,4.0278,4.0233,4.0188
2.6918,2.6438,2.586,2.5153,2.4426,2.3641,2.2856,2.2065,2.1273,2.048,1.8052,1.0596,6.0156,5.922,5.8288,5.7711,5.7684,5.7672,5.7729,5.7787,5.7853,5.7919,5.7986,5.8053,5.8121
3.0797,3.0797,3.0797,3.0797,3.0797,3.0797,3.0797,3.0797,3.0797,3.0797,3.0797,3.0797,3.0797,3.0797,0.8799,1.3275,1.8889,2.4504,3.0118,3.5732,4.1346,4.696,5.2574,5.8189,6.3803
0.6679,0.7143,0.7701,0.8384,0.9086,0.9844,1.0602,1.1367,1.2132,1.2897,1.3663,1.0931,5.6273,5.7177,5.8077,5.8635,5.8661,5.8673,5.8617,5.8561,5.8498,5.8434,5.8369,5.8304,5.8239
1.793,1.761,1.7226,1.6755,1.627,1.5748,1.5225,1.4697,1.417,1.3642,1.3114,1.2527,1.19,2.9593,3.8827,3.8442,3.8424,3.8416,3.8454,3.8493,3.8537,3.8581,3.8625,3.867,3.8715
0.5867,0.6275,0.6765,0.7365,0.7982,0.8647,0.9313,0.9985,1.0657,1.1329,1.2002,1.275,1.3548,1.4343,1.2382,2.1398,3.0447,3.9496,4.8546,5.1441,5.1386,5.1329,5.1273,5.1216,5.1159
3.0535,3.0535,3.0535,3.0535,3.0535,3.0535,3.0535,3.0535,2.5065,1.9392,1.372,0.8724,7.4155,7.4155,7.4155,7.4155,7.4155,7.4155,7.4155,7.4155,7.4155,7.4155,7.4155,7.4155,7.4155
3.047,3.047,3.047,3.0411,2.9532,2.8583,2.7634,2.6677,2.5719,2.4761,2.3803,2.2738,2.16,2.0468,0.9226,1.5944,2.2687,2.943,3.6173,4.2916,4.9659,5.6402,6.3145,6.9888,7.027
0.4748,0.5078,0.5474,0.596,0.6459,0.6998,0.7537,0.8081,0.8624,0.9168,0.9713,1.0318,0.9696,4.0646,4.1286,4.1682,4.1701,4.1709,4.1669,4.163,4.1584,4.1539,4.1493,4.1447,4.1401
2.0387,2.0023,1.9586,1.905,1.8499,1.7905,1.7311,1.6711,1.6111,1.5511,1.4911,1.4244,0.7125,4.4852,4.4146,4.3709,4.3688,4.3679,4.3723,4.3767,4.3816,4.3866,4.3917,4.3968,4.4019
1.4073,1.505,1.6225,1.7665,1.9145,2.0741,2.2339,2.395,2.5562,2.7174,2.8787,3.0277,3.0277,3.0277,0.865,1.4112,2.0081,2.6049,3.2017,3.7986,4.3954,4.9922,5.589,6.1859,6.7827
1.1629,1.2437,1.3408,1.4597,1.582,1.714,1.846,1.9791,2.1123,2.092,1.48,0.8687,7.3374,7.3374,7.3374,7.3374,7.3374,7.3374,7.3374,7.3374,7.3374,7.3374,7.3374,7.3374,7.3374
1.9688,1.9337,1.8915,1.8397,1.7866,1.7292,1.6718,1.6138,1.5559,1.498,1.44,1.3756,1.3067,0.6196,1.8889,3.2643,4.2191,4.2182,4.2225,4.2267,4.2315,4.2363,4.2412,4.2462,4.2511
0.4866,0.5204,0.561,0.6108,0.6619,0.7171,0.7724,0.8281,0.8838,0.9396,0.9953,1.0573,1.1236,0.6715,2.4545,4.2418,4.2733,4.2742,4.2701,4.2661,4.2614,4.2568,4.2521,4.2473,4.2426
3.0023,3.0023,3.0023,3.0023,3.0023,3.0023,3.0023,3.0023,2.8471,2.2027,1.5584,0.9147,7.2913,7.2913,7.2913,7.2913,7.2913,7.2913,7.2913,7.2913,7.2913,7.2913,7.2913,7.2913,7.2913
2.996,2.996,2.996,2.996,2.996,2.996,2.996,2.996,2.996,2.996,2.996,2.996,2.996,2.996,0.856,1.3743,1.9555,2.5367,3.1179,3.6992,4.2804,4.8616,5.4428,6.024,6.6052
0.5591,0.598,0.6447,0.7019,0.7607,0.8241,0.8876,0.9516,1.0156,1.0797,1.1438,1.215,0.6072,4.7865,4.8619,4.9086,4.9107,4.9117,4.907,4.9024,4.897,4.8917,4.8863,4.8809,4.8754
1.8211,1.7886,1.7496,1.7017,1.6525,1.5994,1.5463,1.4928,1.4392,1.3856,1.3319,1.2723,1.2087,4.0065,3.9434,3.9044,3.9025,3.9017,3.9056,3.9095,3.914,3.9185,3.923,3.9275,3.9321
0.7331,0.784,0.8452,0.9202,0.9973,1.0804,1.1636,1.2476,1.3315,1.4155,1.4996,1.593,1.6928,1.792,1.0,1.7283,2.4592,3.1901,3.921,4.6519,5.3828,6.1136,6.4062,6.399,6.3919
2.9712,2.9712,2.9712,2.9712,2.9712,2.9712,2.9712,2.9712,2.4979,1.9326,1.3672,0.8489,7.2158,7.2158,7.2158,7.2158,7.2158,7.2158,7.2158,7.2158,7.2158,7.2158,7.2158,7.2158,7.2158
2.5179,2.473,2.419,2.3528,2.2848,2.2114,2.138,2.0639,1.9899,1.9157,1.8416,1.7592,1.6711,1.5836,1.1132,1.9237,2.7373,3.5509,4.3645,5.178,5.4116,5.4178,5.4241,5.4304,5.4367
0.4642,0.4964,0.5352,0.5827,0.6315,0.6842,0.7369,0.79,0.8432,0.8964,0.9496,1.0087,1.0719,3.9738,4.0363,4.0751,4.0769,4.0777,4.0738,4.0699,4.0655,4.0611,4.0566,4.0521,4.0476
2.3869,2.3443,2.2931,2.2304,2.1659,2.0963,2.0267,1.9565,1.8863,1.816,1.7457,1.2287,5.3342,5.2511,5.1685,5.1173,5.1149,5.1138,5.119,5.1241,5.1299,5.1358,5.1417,5.1477,5.1536
2.9468,2.9468,2.9468,2.9468,2.9468,2.9468,2.9468,2.9468,2.9468,2.9468,2.9468,2.9468,2.9468,2.9468,0.8419,1.3529,1.925,2.4972,3.0693,3.6415,4.2136,4.7858,5.3579,5.9301,6.5022
0.7952,0.8505,0.9169,0.9982,1.0818,1.1721,1.2623,1.3534,1.4445,1.5356,1.6267,0.9904,6.6999,6.8076,6.9147,6.9812,6.9843,6.9857,6.979,6.9724,6.9648,6.9572,6.9495,6.9418,6.934
1.8492,1.8162,1.7765,1.728,1.678,1.6241,1.5702,1.5158,1.4614,1.407,1.3525,1.292,1.2273,1.0466,3.8258,3.9646,3.9628,3.9619,3.9659,3.9699,3.9744,3.9789,3.9835,3.9882,3.9928
0.5415,0.5791,0.6244,0.6798,0.7367,0.7981,0.8596,0.9216,0.9836,1.0457,1.1078,1.1768,1.2505,1.3238,1.5232,2.6323,3.7456,4.7571,4.7525,4.748,4.7429,4.7377,4.7324,4.7272,4.7219
2.9227,2.9227,2.9227,2.9227,2.9227,2.9227,2.9227,2.9227,2.6168,2.0246,1.4323,0.8407,7.0981,7.0981,7.0981,7.0981,7.0981,7.0981,7.0981,7.0981,7.0981,7.0981,7.0981,7.0981,7.0981
2.9168,2.9168,2.9168,2.9168,2.9168,2.9168,2.9168,2.9168,2.9168,2.9168,2.9168,2.9168,2.7722,2.6269,0.8657,1.4961,2.1288,2.7615,3.3942,4.0269,4.6596,5.2923,5.925,6.5577,7.0836
0.502,0.5369,0.5788,0.6302,0.683,0.7399,0.7969,0.8544,0.9119,0.9694,1.027,1.091,0.6451,4.2977,4.3654,4.4073,4.4092,4.4101,4.4059,4.4017,4.397,4.3922,4.3873,4.3824,4.3775
1.9417,1.907,1.8654,1.8143,1.7619,1.7053,1.6487,1.5916,1.5344,1.4773,1.4201,1.3566,0.6786,4.2717,4.2045,4.1628,4.1609,4.16,4.1642,4.1683,4.1731,4.1778,4.1827,4.1875,4.1924
1.0358,1.1078,1.1943,1.3002,1.4091,1.5267,1.6443,1.7629,1.8815,2.0002,2.1189,2.2509,2.3919,2.5322,0.8751,1.5124,2.152,2.7916,3.4313,4.0709,4.7105,5.3501,5.9897,6.6293,7.0406
1.7254,1.8453,1.9894,2.1659,2.3473,2.5431,2.7389,2.8932,2.6109,2.02,1.4291,0.8388,7.0264,7.0264,7.0264,7.0264,7.0264,7.0264,7.0264,7.0264,7.0264,7.0264,7.0264,7.0264,7.0264
2.1408,2.1026,2.0567,2.0004,1.9426,1.8802,1.8178,1.7548,1.6918,1.6288,1.5658,1.4957,1.4208,1.3464,1.4843,2.5652,3.65,4.5866,4.5912,4.5958,4.601,4.6063,4.6116,4.617,4.6223
0.4759,0.509,0.5487,0.5974,0.6475,0.7015,0.7555,0.81,0.8645,0.919,0.9736,1.0342,1.099,1.1542,4.1384,4.1781,4.18,4.1808,4.1768,4.1728,4.1683,4.1638,4.1591,4.1545,4.1499
2.8758,2.8758,2.8758,2.8405,2.7584,2.6698,2.5812,2.4918,2.4023,2.3128,1.7217,1.0106,6.7935,6.6877,6.5825,6.5173,6.5143,6.5129,6.5194,6.5259,6.5334,6.5409,6.5484,6.556,6.5636
2.8701,2.8701,2.8701,2.8701,2.8701,2.8701,2.8701,2.8701,2.8701,2.8701,2.8701,2.8701,2.8701,2.8701,0.82,1.361,1.9366,2.5121,3.0877,3.6633,4.2389,4.8144,5.39,5.9656,6.5411
0.6288,0.6725,0.725,0.7893,0.8555,0.9268,0.9982,1.0702,1.1422,1.2143,1.2864,1.2145,5.298,5.3832,5.4679,5.5204,5.5229,5.524,5.5187,5.5135,5.5075,5.5015,5.4954,5.4893,5.4832
1.8252,1.7926,1.7535,1.7055,1.6562,1.603,1.5498,1.4961,1.4424,1.3887,1.3349,1.2752,1.2114,4.0155,3.9523,3.9132,3.9113,3.9105,3.9144,3.9184,3.9228,3.9273,3.9318,3.9364,3.941
0.6431,0.6877,0.7414,0.8072,0.8748,0.9478,1.0208,1.0944,1.168,1.2417,1.3155,1.3974,1.4849,1.572,1.148,1.9839,2.8229,3.662,4.501,5.34,5.632,5.6259,5.6197,5.6134,5.6072
2.8473,2.8473,2.8473,2.8473,2.8473,2.8473,2.8473,2.8473,2.5333,1.96,1.3866,0.8139,6.9148,6.9148,6.9148,6.9148,6.9148,6.9148,6.9148,6.9148,6.9148,6.9148,6.9148,6.9148,6.9148
2.8416,2.8416,2.8416,2.7669,2.6869,2.6006,2.5143,2.4272,2.3401,2.2529,2.1657,2.0688,1.9652,1.8622,0.9995,1.7273,2.4578,3.1883,3.9188,4.6493,5.3797,6.1102,6.3786,6.386,6.3934
0.4764,0.5095,0.5493,0.598,0.6481,0.7021,0.7562,0.8108,0.8653,0.9199,0.9745,1.0352,1.1001,4.0781,4.1423,4.1821,4.184,4.1848,4.1808,4.1768,4.1723,4.1677,4.1631,4.1585,4.1539
2.1861,2.1471,2.1002,2.0427,1.9837,1.92,1.8562,1.7919,1.7276,1.6633,1.5989,1.4881,4.8855,4.8094,4.7338,4.6869,4.6847,4.6837,4.6884,4.6931,4.6984,4.7038,4.7092,4.7147,4.7201
1.8941,2.0257,2.1839,2.3776,2.5768,2.7917,2.8248,2.8248,2.8248,2.8248,2.8248,2.8248,2.8248,2.8248,0.8131,1.4053,1.9996,2.5939,3.1882,3.7825,4.3768,4.971,5.5653,6.1596,6.7539
0.9996,1.0691,1.1526,1.2548,1.3599,1.4734,1.5868,1.7013,1.8158,1.9303,1.5725,0.923,6.8468,6.8468,6.8468,6.8468,6.8468,6.8468,6.8468,6.8468,6.8468,6.8468,6.8468,6.8468,6.8468
1.9449,1.9102,1.8685,1.8174,1.7648,1.7081,1.6514,1.5942,1.537,1.4797,1.4225,1.3588,1.2908,0.6495,2.3741,4.1028,4.1678,4.1669,4.1711,4.1752,4.18,4.1848,4.1896,4.1945,4.1993
0.5126,0.5482,0.591,0.6434,0.6974,0.7555,0.8137,0.8724,0.9311,0.9898,1.0486,1.1139,1.1837,0.6261,2.0123,3.4776,4.5021,4.503,4.4987,4.4944,4.4895,4.4846,4.4797,4.4747,4.4697
2.8027,2.8027,2.8027,2.8027,2.8027,2.8027,2.8027,2.8027,2.7884,2.1573,1.5263,0.8959,6.8066,6.8066,6.8066,6.8066,6.8066,6.8066,6.8066,6.8066,6.8066,6.8066,6.8066,6.8066,6.8066
2.7973,2.7973,2.7973,2.7973,2.7973,2.7973,2.7973,2.7973,2.7973,2.7973,2.7973,2.7973,2.7973,2.7973,0.8312,1.4365,2.044,2.6515,3.259,3.8665,4.474,5.0815,5.689,6.2965,6.7934
0.5425,0.5802,0.6255,0.681,0.738,0.7996,0.8611,0.9232,0.9854,1.0475,1.1097,1.1788,0.5891,4.644,4.7171,4.7624,4.7645,4.7654,4.7609,4.7564,4.7512,4.746,4.7408,4.7355,4.7302
1.8893,1.8556,1.815,1.7654,1.7143,1.6593,1.6042,1.5486,1.493,1.4374,1.3818,1.32,1.0738,4.1564,4.091,4.0505,4.0486,4.0477,4.0518,4.0559,4.0605,4.0651,4.0698,4.0745,4.0792
0.8363,0.8944,0.9643,1.0498,1.1377,1.2326,1.3276,1.4233,1.5191,1.6149,1.7108,1.8174,1.9312,2.0445,0.9601,1.6593,2.361,3.0627,3.7645,4.4662,5.1679,5.8696,6.5713,6.7538,6.7538
2.7756,2.7756,2.7756,2.7756,2.7756,2.7756,2.7756,2.7756,2.5726,1.9904,1.4082,0.8265,6.7408,6.7408,6.7408,6.7408,6.7408,6.7408,6.7408,6.7408,6.7408,6.7408,6.7408,6.7408,6.7408
2.3886,2.346,2.2947,2.232,2.1675,2.0978,2.0282,1.9579,1.8877,1.8173,1.747,1.6688,1.5853,1.5022,1.2473,2.1556,3.0672,3.9789,4.8905,5.1278,5.1337,5.1395,5.1455,5.1514,5.1574
0.4747,0.5077,0.5473,0.5958,0.6458,0.6996,0.7535,0.8079,0.8622,0.9166,0.971,1.0315,1.0961,4.0636,4.1275,4.1672,4.169,4.1699,4.1659,4.1619,4.1574,4.1529,4.1483,4.1437,4.1391
2.6354,2.5884,2.5318,2.4626,2.3914,2.3146,2.2377,2.1602,2.0827,2.0051,1.9275,1.1493,5.8895,5.7979,5.7067,5.6501,5.6475,5.6463,5.6519,5.6576,5.6641,5.6705,5.6771,5.6837,5.6902
2.7543,2.7543,2.7543,2.7543,2.7543,2.7543,2.7543,2.7543,2.7543,2.7543,2.7543,2.7543,2.7543,2.7543,0.7949,1.3737,1.9546,2.5356,3.1165,3.6974,4.2784,4.8593,5.4402,6.0211,6.6021
0.7313,0.7821,0.8431,0.9179,0.9948,1.0778,1.1608,1.2446,1.3283,1.4121,1.4959,1.0799,6.1612,6.2602,6.3587,6.4198,6.4227,6.424,6.4178,6.4117,6.4048,6.3978,6.3907,6.3836,6.3765
1.8641,1.8309,1.7909,1.7419,1.6915,1.6372,1.5829,1.528,1.4732,1.4183,1.3634,1.3024,1.2372,1.7848,4.0366,3.9966,3.9947,3.9939,3.9979,4.0019,4.0065,4.011,4.0157,4.0203,4.025
0.5841,0.6247,0.6735,0.7332,0.7947,0.8609,0.9272,0.9941,1.061,1.128,1.1949,1.2693,1.3489,1.428,1.3711,2.3695,3.3716,4.3737,5.1264,5.1215,5.116,5.1104,5.1047,5.0991,5.0934
2.7333,2.7333,2.7333,2.7333,2.7333,2.7333,2.7333,2.7333,2.6184,2.0258,1.4332,0.8412,6.6379,6.6379,6.6379,6.6379,6.6379,6.6379,6.6379,6.6379,6.6379,6.6379,6.6379,6.6379,6.6379
2.7281,2.7281,2.7281,2.7281,2.7281,2.7281,2.7281,2.7281,2.7281,2.7281,2.6738,2.5541,2.4263,2.2991,0.9248,1.5983,2.2742,2.9501,3.626,4.3019,4.9778,5.6538,6.3297,6.6253,6.6253
0.4985,0.5331,0.5747,0.6257,0.6781,0.7347,0.7912,0.8483,0.9054,0.9625,1.0196,1.0832,0.8349,4.267,4.3342,4.3758,4.3778,4.3787,4.3745,4.3703,4.3656,4.3608,4.356,4.3511,4.3463
2.0562,2.0195,1.9754,1.9213,1.8658,1.8059,1.7459,1.6854,1.6249,1.5644,1.5039,1.4366,0.7186,4.5236,4.4524,4.4083,4.4063,4.4053,4.4097,4.4142,4.4192,4.4242,4.4294,4.4345,4.4396
1.2712,1.3595,1.4657,1.5957,1.7294,1.8736,2.0179,2.1635,2.3091,2.4548,2.6005,2.7126,2.7126,2.7126,0.8617,1.4892,2.119,2.7489,3.3787,4.0085,4.6383,5.2681,5.8979,6.5277,6.5877
1.3673,1.4623,1.5765,1.7164,1.8602,2.0153,2.1705,2.3271,2.4837,2.1218,1.5011,0.8811,6.5753,6.5753,6.5753,6.5753,6.5753,6.5753,6.5753,6.5753,6.5753,6.5753,6.5753,6.5753,6.5753
2.0891,2.0519,2.007,1.9522,1.8957,1.8348,1.7739,1.7125,1.651,1.5895,1.528,1.4596,1.3865,0.6574,1.7578,3.0378,4.3225,4.476,4.4805,4.4849,4.49,4.4952,4.5004,4.5056,4.5108
0.4961,0.5306,0.572,0.6227,0.6749,0.7312,0.7875,0.8443,0.9011,0.958,1.0148,1.0781,1.1456,0.8231,3.0088,4.3552,4.3571,4.358,4.3539,4.3497,4.345,4.3402,4.3354,4.3306,4.3258
2.6922,2.6922,2.6922,2.6922,2.6922,2.6922,2.6922,2.6922,2.6922,2.3514,1.6635,0.9764,6.5382,6.5382,6.5382,6.5382,6.5382,6.5382,6.5382,6.5382,6.5382,6.5382,6.5382,6.5382,6.5382
2.6872,2.6872,2.6872,2.6872,2.6872,2.6872,2.6872,2.6872,2.6872,2.6872,2.6872,2.6872,2.6872,2.6872,0.8149,1.4083,2.0039,2.5994,3.195,3.7906,4.3862,4.9817,5.5773,6.1729,6.526
0.6008,0.6426,0.6927,0.7542,0.8174,0.8855,0.9537,1.0225,1.0913,1.1602,1.2291,1.3056,5.062,5.1434,5.2243,5.2745,5.2769,5.2779,5.2729,5.2679,5.2622,5.2564,5.2506,5.2448,5.2389
1.8752,1.8417,1.8015,1.7522,1.7015,1.6469,1.5922,1.5371,1.4819,1.4267,1.3715,1.3101,1.2445,4.1254,4.0605,4.0202,4.0184,4.0175,4.0215,4.0256,4.0302,4.0348,4.0394,4.0441,4.0488
0.7157,0.7654,0.8251,0.8983,0.9736,1.0548,1.136,1.218,1.2999,1.3819,1.464,1.5552,1.6526,1.7495,1.0827,1.871,2.6623,3.4536,4.2449,5.0362,5.8275,6.261,6.2541,6.2471,6.2402
2.6672,2.6672,2.6672,2.6672,2.6672,2.6672,2.6672,2.6672,2.5842,1.9994,1.4145,0.8303,6.4774,6.4774,6.4774,6.4774,6.4774,6.4774,6.4774,6.4774,6.4774,6.4774,6.4774,6.4774,6.4774
2.6622,2.6622,2.6416,2.5694,2.4951,2.415,2.3348,2.2539,2.173,2.0921,2.0111,1.9211,1.825,1.7293,1.0975,1.8966,2.6987,3.5009,4.303,5.1051,5.9071,5.9165,5.9233,5.9302,5.9371
0.4825,0.516,0.5563,0.6057,0.6564,0.7112,0.7659,0.8212,0.8764,0.9317,0.987,1.0485,1.1142,4.1305,4.1955,4.2358,4.2377,4.2385,4.2345,4.2305,4.2259,4.2213,4.2166,4.2119,4.2072
2.3729,2.3305,2.2796,2.2173,2.1532,2.084,2.0148,1.945,1.8752,1.8054,1.7355,1.3558,5.3029,5.2203,5.1382,5.0873,5.0849,5.0838,5.0889,5.094,5.0998,5.1057,5.1116,5.1175,5.1234
2.6475,2.6475,2.6475,2.6475,2.6475,2.6475,2.6475,2.6475,2.6475,2.6475,2.6475,2.6475,2.6475,2.6475,0.8176,1.413,2.0105,2.6081,3.2056,3.8032,4.4007,4.9983,5.5958,6.1934,6.4295
0.8887,0.9504,1.0246,1.1155,1.209,1.3098,1.4107,1.5125,1.6142,1.7161,1.6896,0.9917,6.4177,6.4177,6.4177,6.4177,6.4177,6.4177,6.4177,6.4177,6.4177,6.4177,6.4177,6.4177,6.4177
1.9408,1.9061,1.8645,1.8135,1.7611,1.7045,1.6479,1.5908,1.5337,1.4766,1.4195,1.3559,1.2881,0.8722,3.1881,4.1609,4.1589,4.158,4.1622,4.1664,4.1711,4.1759,4.1807,4.1856,4.1904
0.5458,0.5837,0.6292,0.6851,0.7425,0.8044,0.8663,0.9288,0.9913,1.0539,1.1164,1.186,1.2603,0.6666,1.7305,2.9906,4.2554,4.7942,4.7897,4.7851,4.7799,4.7747,4.7694,4.7641,4.7588
2.628,2.628,2.628,2.628,2.628,2.628,2.628,2.628,2.628,2.1356,1.5109,0.8868,6.3824,6.3824,6.3824,6.3824,6.3824,6.3824,6.3824,6.3824,6.3824,6.3824,6.3824,6.3824,6.3824
2.6232,2.6232,2.6232,2.6232,2.6232,2.6232,2.6232,2.6232,2.6232,2.6232,2.6232,2.6232,2.6232,2.6232,0.8776,1.5166,2.158,2.7994,3.4408,4.0822,4.7236,5.3649,6.0063,6.3707,6.3707
0.5324,0.5694,0.6139,0.6683,0.7243,0.7847,0.8451,0.9061,0.9671,1.0281,1.0891,1.157,0.5941,4.5577,4.6295,4.6739,4.676,4.677,4.6725,4.6681,4.663,4.6579,4.6527,4.6476,4.6424
1.979,1.9437,1.9013,1.8493,1.7958,1.7381,1.6804,1.6222,1.564,1.5057,1.4475,1.3827,0.8129,4.3539,4.2854,4.243,4.241,4.2401,4.2443,4.2486,4.2534,4.2583,4.2632,4.2682,4.2731
0.9773,1.0452,1.1268,1.2268,1.3296,1.4405,1.5514,1.6633,1.7752,1.8872,1.9993,2.1238,2.2568,2.3892,0.9335,1.6132,2.2954,2.9776,3.6599,4.3421,5.0243,5.7065,6.3359,6.3359,6.3359
2.1916,2.3438,2.5268,2.6042,2.6042,2.6042,2.6042,2.6042,2.6042,2.0694,1.4641,0.8594,6.3244,6.3244,6.3244,6.3244,6.3244,6.3244,6.3244,6.3244,6.3244,6.3244,6.3244,6.3244,6.3244
2.2979,2.2569,2.2076,2.1472,2.0851,2.0181,1.9511,1.8835,1.816,1.7483,1.6806,1.6054,1.5251,1.4451,1.4252,2.463,3.5047,4.5463,4.9281,4.933,4.9387,4.9443,4.95,4.9558,4.9615
0.49,0.524,0.5649,0.6151,0.6666,0.7222,0.7778,0.8339,0.89,0.9462,1.0023,1.0648,1.1315,1.6454,4.2606,4.3015,4.3034,4.3043,4.3002,4.2961,4.2914,4.2867,4.282,4.2772,4.2725
2.5901,2.5901,2.5901,2.5901,2.5901,2.5901,2.5118,2.4248,2.3378,2.2507,1.8611,1.0924,6.2902,6.2902,6.2902,6.2902,6.2902,6.2902,6.2902,6.2902,6.2902,6.2902,6.2902,6.2902,6.2902
2.5854,2.5854,2.5854,2.5854,2.5854,2.5854,2.5854,2.5854,2.5854,2.5854,2.5854,2.5854,2.5854,2.5854,0.8147,1.4079,2.0033,2.5987,3.1942,3.7896,4.385,4.9804,5.5758,6.1712,6.2788
0.6853,0.7329,0.7901,0.8602,0.9322,1.01,1.0878,1.1662,1.2447,1.3232,1.4018,1.1947,5.7735,5.8663,5.9586,6.0158,6.0185,6.0197,6.014,6.0082,6.0017,5.9952,5.9885,5.9819,5.9752
1.8971,1.8632,1.8225,1.7727,1.7214,1.6661,1.6108,1.555,1.4992,1.4434,1.3875,1.3254,1.2591,4.1736,4.1079,4.0673,4.0654,4.0645,4.0686,4.0726,4.0773,4.0819,4.0867,4.0914,4.0961
0.6383,0.6826,0.7359,0.8012,0.8683,0.9407,1.0132,1.0862,1.1593,1.2325,1.3056,1.387,1.4739,1.5603,1.2629,2.1825,3.1056,4.0286,4.9516,5.5961,5.59,5.5839,5.5777,5.5715,5.5653
2.5669,2.5669,2.5669,2.5669,2.5669,2.5669,2.5669,2.5669,2.5669,2.0468,1.4481,0.85,6.2338,6.2338,6.2338,6.2338,6.2338,6.2338,6.2338,6.2338,6.2338,6.2338,6.2338,6.2338,6.2338
2.5623,2.5623,2.5623,2.5623,2.5623,2.5623,2.5623,2.5623,2.5623,2.5071,2.4101,2.3022,2.187,2.0724,0.9997,1.7277,2.4583,3.189,3.9197,4.6503,5.3809,6.1116,6.2227,6.2227,6.2227
0.4999,0.5346,0.5764,0.6275,0.6801,0.7368,0.7935,0.8508,0.908,0.9653,1.0226,1.0863,1.1544,4.2794,4.3468,4.3885,4.3905,4.3914,4.3872,4.383,4.3783,4.3735,4.3686,4.3638,4.3589
2.2015,2.1622,2.115,2.0571,1.9977,1.9335,1.8693,1.8045,1.7398,1.675,1.6102,1.5381,0.7295,4.8433,4.7671,4.7199,4.7177,4.7167,4.7214,4.7261,4.7315,4.7369,4.7424,4.7479,4.7534
1.6437,1.7579,1.8952,2.0633,2.2361,2.4226,2.5486,2.5486,2.5486,2.5486,2.5486,2.5486,2.5486,2.5486,0.8575,1.482,2.1087,2.7355,3.3622,3.989,4.6157,5.2425,5.8692,6.1895,6.1895
1.1507,1.2306,1.3267,1.4444,1.5654,1.696,1.8266,1.9584,2.0901,2.222,1.5933,0.9352,6.1785,6.1785,6.1785,6.1785,6.1785,6.1785,6.1785,6.1785,6.1785,6.1785,6.1785,6.1785,6.1785
2.0618,2.025,1.9808,1.9266,1.8709,1.8108,1.7507,1.6901,1.6294,1.5687,1.508,1.4405,1.3684,0.6488,2.1582,3.7297,4.4184,4.4174,4.4218,4.4263,4.4313,4.4364,4.4415,4.4467,4.4518
0.5223,0.5586,0.6022,0.6556,0.7106,0.7698,0.8291,0.8889,0.9487,1.0086,1.0685,1.135,1.2061,0.6513,2.3807,4.1142,4.5874,4.5883,4.584,4.5796,4.5746,4.5696,4.5646,4.5595,4.5544
2.5306,2.5306,2.5306,2.5306,2.5306,2.5306,2.5306,2.5306,2.5306,2.2998,1.6271,0.955,6.1458,6.1458,6.1458,6.1458,6.1458,6.1458,6.1458,6.1458,6.1458,6.1458,6.1458,6.1458,6.1458
2.5262,2.5262,2.5262,2.5262,2.5262,2.5262,2.5262,2.5262,2.5262,2.5262,2.5262,2.5262,2.5262,2.5262,0.8515,1.4714,2.0938,2.7161,3.3383,3.9606,4.5829,5.2052,5.8275,6.135,6.135
0.5818,0.6222,0.6708,0.7303,0.7915,0.8575,0.9236,0.9902,1.0568,1.1235,1.1902,1.2643,0.6318,4.9807,5.0591,5.1077,5.11,5.111,5.1061,5.1013,5.0957,5.0901,5.0845,5.0789,5.0732
1.945,1.9103,1.8686,1.8175,1.7649,1.7082,1.6515,1.5943,1.5371,1.4798,1.4226,1.3589,1.2909,4.279,4.2117,4.17,4.168,4.1671,4.1713,4.1755,4.1802,4.185,4.1899,4.1947,4.1996
0.8109,0.8672,0.9349,1.0178,1.1031,1.1951,1.2872,1.38,1.4729,1.5658,1.6587,1.7621,1.8725,1.9823,1.0367,1.7915,2.5492,3.3069,4.0645,4.8222,5.5798,6.1027,6.1027,6.1027,6.1027
2.5085,2.5085,2.5085,2.5085,2.5085,2.5085,2.5085,2.5085,2.5085,2.0591,1.4567,0.8551,6.092,6.092,6.092,6.092,6.092,6.092,6.092,6.092,6.092,6.092,6.092,6.092,6.092
2.5041,2.5041,2.4965,2.4282,2.358,2.2823,2.2065,2.13,2.0536,1.9771,1.9006,1.8155,1.7247,1.6343,1.2239,2.115,3.0095,3.904,4.7984,5.5786,5.585,5.5914,5.5978,5.6043,5.6108
0.4934,0.5277,0.5689,0.6193,0.6712,0.7272,0.7832,0.8397,0.8962,0.9528,1.0093,1.0722,1.1394,4.2239,4.2903,4.3315,4.3335,4.3343,4.3302,4.3261,4.3214,4.3167,4.3119,4.3071,4.3023
2.4954,2.4954,2.4954,2.4399,2.3694,2.2933,2.2171,2.1403,2.0635,1.9867,1.9098,1.2614,5.8354,5.7445,5.6542,5.5981,5.5955,5.5943,5.6,5.6056,5.6119,5.6184,5.6249,5.6314,5.6379
2.4911,2.4911,2.4911,2.4911,2.4911,2.4911,2.4911,2.4911,2.4911,2.4911,2.4911,2.4911,2.4911,2.4911,0.8301,1.4346,2.0414,2.6481,3.2548,3.8615,4.4682,5.0749,5.6817,6.0497,6.0497
0.811,0.8674,0.9351,1.018,1.1033,1.1954,1.2874,1.3803,1.4732,1.5661,1.6591,1.0789,6.0392,6.0392,6.0392,6.0392,6.0392,6.0392,6.0392,6.0392,6.0392,6.0392,6.0392,6.0392,6.0392
1.9562,1.9213,1.8793,1.8279,1.7751,1.7181,1.661,1.6035,1.546,1.4884,1.4308,1.3667,1.2983,1.3142,4.236,4.194,4.1921,4.1912,4.1954,4.1996,4.2044,4.2092,4.214,4.2189,4.2238
0.5878,0.6286,0.6777,0.7378,0.7996,0.8663,0.933,1.0004,1.0677,1.135,1.2024,1.2773,1.3573,1.4369,1.5405,2.6622,3.788,4.9139,5.1585,5.1536,5.148,5.1424,5.1367,5.131,5.1253
2.4739,2.4739,2.4739,2.4739,2.4739,2.4739,2.4739,2.4739,2.4739,2.1363,1.5114,0.8872,6.0079,6.0079,6.0079,6.0079,6.0079,6.0079,6.0079,6.0079,6.0079,6.0079,6.0079,6.0079,6.0079
2.4696,2.4696,2.4696,2.4696,2.4696,2.4696,2.4696,2.4696,2.4696,2.4696,2.4696,2.4696,2.4696,2.4696,0.9366,1.6186,2.3032,2.9877,3.6723,4.3568,5.0413,5.7259,5.9976,5.9976,5.9976
0.5283,0.565,0.6092,0.6632,0.7188,0.7787,0.8387,0.8992,0.9597,1.0202,1.0808,1.1481,0.7466,4.523,4.5941,4.6383,4.6403,4.6413,4.6368,4.6324,4.6274,4.6223,4.6172,4.6121,4.607
2.0946,2.0573,2.0123,1.9573,1.9007,1.8397,1.7786,1.717,1.6554,1.5937,1.532,1.4634,0.7032,4.6083,4.5358,4.4908,4.4887,4.4878,4.4923,4.4968,4.5019,4.507,4.5122,4.5175,4.5227
1.178,1.2599,1.3582,1.4787,1.6026,1.7363,1.87,2.0049,2.1398,2.2748,2.4098,2.4569,2.4569,2.4569,0.9184,1.5871,2.2583,2.9295,3.6007,4.2719,4.9431,5.6143,5.9668,5.9668,5.9668
1.6541,1.769,1.9072,2.0764,2.2503,2.438,2.4527,2.4527,2.4527,2.1733,1.5376,0.9025,5.9565,5.9565,5.9565,5.9565,5.9565,5.9565,5.9565,5.9565,5.9565,5.9565,5.9565,5.9565,5.9565
2.2394,2.1995,2.1514,2.0926,2.0321,1.9668,1.9015,1.8357,1.7698,1.7039,1.6379,1.5646,1.4863,0.6996,1.6681,2.8828,4.102,4.798,4.8028,4.8076,4.8131,4.8186,4.8242,4.8297,4.8353
0.5108,0.5462,0.5889,0.6411,0.6949,0.7528,0.8108,0.8693,0.9278,0.9863,1.0448,1.1099,1.1795,1.0549,3.8559,4.4839,4.4859,4.4868,4.4826,4.4783,4.4734,4.4685,4.4636,4.4586,4.4537
2.4402,2.4402,2.4402,2.4402,2.4402,2.4402,2.4402,2.4402,2.4402,2.4402,1.7946,1.0534,5.9261,5.9261,5.9261,5.9261,5.9261,5.9261,5.9261,5.9261,5.9261,5.9261,5.9261,5.9261,5.9261
2.436,2.436,2.436,2.436,2.436,2.436,2.436,2.436,2.436,2.436,2.436,2.436,2.436,2.436,0.8431,1.4571,2.0733,2.6895,3.3057,3.922,4.5382,5.1544,5.7706,5.9161,5.9161
0.6528,0.6982,0.7527,0.8194,0.8881,0.9622,1.0363,1.111,1.1858,1.2606,1.3354,1.3439,5.5001,5.5885,5.6764,5.7309,5.7335,5.7346,5.7292,5.7237,5.7175,5.7113,5.7049,5.6986,5.6922
1.9495,1.9147,1.8729,1.8217,1.769,1.7122,1.6553,1.598,1.5406,1.4833,1.4259,1.362,1.2939,4.2889,4.2215,4.1796,4.1777,4.1768,4.181,4.1852,4.1899,4.1947,4.1996,4.2044,4.2093
0.7077,0.7569,0.816,0.8883,0.9628,1.0431,1.1234,1.2044,1.2855,1.3666,1.4477,1.5379,1.6342,1.73,1.186,2.0496,2.9165,3.7833,4.6501,5.5169,5.8861,5.8861,5.8861,5.8861,5.8861
2.4196,2.4196,2.4196,2.4196,2.4196,2.4196,2.4196,2.4196,2.4196,2.0885,1.4776,0.8673,5.8761,5.8761,5.8761,5.8761,5.8761,5.8761,5.8761,5.8761,5.8761,5.8761,5.8761,5.8761,5.8761
2.4155,2.4155,2.4155,2.4155,2.4155,2.4155,2.4155,2.4155,2.4034,2.3139,2.2243,2.1248,2.0184,1.9127,1.095,1.8924,2.6927,3.493,4.2933,5.0936,5.8662,5.8662,5.8662,5.8662,5.8662
0.5064,0.5416,0.5839,0.6357,0.689,0.7464,0.8039,0.8619,0.9199,0.9779,1.036,1.1005,1.1695,4.3354,4.4037,4.446,4.4479,4.4488,4.4446,4.4404,4.4355,4.4307,4.4258,4.4209,4.4159
2.3858,2.3432,2.292,2.2294,2.1649,2.0954,2.0258,1.9556,1.8854,1.8152,1.745,1.5171,5.3318,5.2488,5.1662,5.115,5.1126,5.1115,5.1167,5.1218,5.1276,5.1335,5.1394,5.1454,5.1513
2.3094,2.4034,2.4034,2.4034,2.4034,2.4034,2.4034,2.4034,2.4034,2.4034,2.4034,2.4034,2.4034,2.4034,0.8623,1.4903,2.1206,2.7508,3.3811,4.0113,4.6416,5.2718,5.8367,5.8367,5.8367
1.0093,1.0794,1.1637,1.2669,1.373,1.4875,1.6021,1.7177,1.8333,1.9489,1.7103,1.0039,5.8269,5.8269,5.8269,5.8269,5.8269,5.8269,5.8269,5.8269,5.8269,5.8269,5.8269,5.8269,5.8269
2.0573,2.0206,1.9765,1.9224,1.8668,1.8069,1.7469,1.6864,1.6258,1.5653,1.5047,1.4373,1.3654,0.7631,2.7894,4.4107,4.4087,4.4077,4.4122,4.4166,4.4216,4.4267,4.4318,4.4369,4.4421
0.5559,0.5945,0.6409,0.6978,0.7562,0.8193,0.8824,0.946,1.0097,1.0734,1.1371,1.2079,1.2836,0.6789,2.0043,3.4637,4.8821,4.8831,4.8784,4.8738,4.8685,4.8632,4.8578,4.8524,4.847
2.3873,2.3873,2.3873,2.3873,2.3873,2.3873,2.3873,2.3873,2.3873,2.2758,1.6101,0.9451,5.7978,5.7978,5.7978,5.7978,5.7978,5.7978,5.7978,5.7978,5.7978,5.7978,5.7978,5.7978,5.7978
2.3834,2.3834,2.3834,2.3834,2.3834,2.3834,2.3834,2.3834,2.3834,2.3834,2.3834,2.3834,2.3834,2.3834,0.8989,1.5535,2.2104,2.8674,3.5244,4.1814,4.8383,5.4953,5.7882,5.7882,5.7882
0.5706,0.6102,0.6579,0.7162,0.7762,0.841,0.9057,0.9711,1.0364,1.1018,1.1672,1.2399,0.6196,4.8844,4.9613,5.009,5.0112,5.0122,5.0074,5.0026,4.9972,4.9918,4.9862,4.9807,4.9751
2.0379,2.0015,1.9578,1.9043,1.8492,1.7898,1.7304,1.6704,1.6105,1.5505,1.4905,1.4238,1.012,4.4834,4.4128,4.3691,4.3671,4.3662,4.3705,4.3749,4.3799,4.3849,4.39,4.3951,4.4001
0.9389,1.0042,1.0826,1.1786,1.2773,1.3839,1.4905,1.598,1.7055,1.8131,1.9207,2.0404,2.1682,2.2953,1.0065,1.7394,2.475,3.2106,3.9463,4.6819,5.4175,5.7595,5.7595,5.7595,5.7595
2.3676,2.3676,2.3676,2.3676,2.3676,2.3676,2.3676,2.3676,2.3676,2.1418,1.5152,0.8894,5.75,5.75,5.75,5.75,5.75,5.75,5.75,5.75,5.75,5.75,5.75,5.75,5.75
2.3637,2.3637,2.3637,2.3309,2.2636,2.1908,2.1181,2.0447,1.9714,1.8979,1.8245,1.7428,1.6556,1.5688,1.3898,2.4018,3.4176,4.4334,5.3498,5.3552,5.3613,5.3674,5.3736,5.3798,5.3861
0.5096,0.545,0.5875,0.6397,0.6933,0.7511,0.8089,0.8673,0.9256,0.984,1.0424,1.1074,1.1767,2.7572,4.431,4.4736,4.4756,4.4765,4.4722,4.468,4.4631,4.4582,4.4533,4.4484,4.4434
2.356,2.356,2.356,2.356,2.356,2.356,2.356,2.356,2.3068,2.2209,2.0359,1.195,5.7216,5.7216,5.7216,5.7216,5.7216,5.7216,5.7216,5.7216,5.7216,5.7216,5.7216,5.7216,5.7216
2.3521,2.3521,2.3521,2.3521,2.3521,2.3521,2.3521,2.3521,2.3521,2.3521,2.3521,2.3521,2.3521,2.3521,0.8513,1.4713,2.0935,2.7157,3.3379,3.9601,4.5824,5.2046,5.7122,5.7122,5.7122
0.7563,0.8089,0.872,0.9494,1.0289,1.1147,1.2006,1.2872,1.3738,1.4605,1.5472,1.1903,5.7029,5.7029,5.7029,5.7029,5.7029,5.7029,5.7029,5.7029,5.7029,5.7029,5.7029,5.7029,5.7029
1.992,1.9564,1.9137,1.8614,1.8076,1.7495,1.6914,1.6328,1.5742,1.5156,1.4569,1.3917,1.3221,2.5772,4.3134,4.2707,4.2687,4.2678,4.2721,4.2764,4.2812,4.2861,4.2911,4.296,4.301
0.6412,0.6857,0.7393,0.8049,0.8723,0.945,1.0178,1.0913,1.1647,1.2382,1.3117,1.3934,1.4806,1.5675,1.4088,2.4346,3.4642,4.4938,5.5234,5.6219,5.6158,5.6096,5.6034,5.5972,5.591
2.3368,2.3368,2.3368,2.3368,2.3368,2.3368,2.3368,2.3368,2.3368,2.1596,1.5279,0.8968,5.675,5.675,5.675,5.675,5.675,5.675,5.675,5.675,5.675,5.675,5.675,5.675,5.675
2.333,2.333,2.333,2.333,2.333,2.333,2.333,2.333,2.333,2.333,2.333,2.333,2.333,2.333,1.0116,1.7482,2.4875,3.2269,3.9662,4.7055,5.4448,5.6657,5.6657,5.6657,5.6657
0.5301,0.5669,0.6112,0.6654,0.7211,0.7813,0.8414,0.9021,0.9628,1.0236,1.0843,1.1519,0.9995,4.5378,4.6092,4.6535,4.6555,4.6565,4.652,4.6476,4.6425,4.6375,4.6323,4.6272,4.622
2.242,2.202,2.1539,2.095,2.0344,1.9691,1.9037,1.8378,1.7718,1.7058,1.6398,1.5664,0.6644,4.9325,4.8549,4.8068,4.8045,4.8035,4.8083,4.8131,4.8186,4.8241,4.8297,4.8353,4.8409
1.4811,1.584,1.7077,1.8592,2.0149,2.183,2.3216,2.3216,2.3216,2.3216,2.3216,2.3216,2.3216,2.3216,0.914,1.5796,2.2476,2.9157,3.5837,4.2517,4.9197,5.5877,5.6382,5.6382,5.6382
1.3544,1.4485,1.5616,1.7002,1.8426,1.9963,2.15,2.3051,2.3179,2.307,1.6322,0.958,5.6291,5.6291,5.6291,5.6291,5.6291,5.6291,5.6291,5.6291,5.6291,5.6291,5.6291,5.6291,5.6291
2.2097,2.1702,2.1228,2.0648,2.0051,1.9407,1.8762,1.8112,1.7462,1.6812,1.6161,1.5438,1.4665,0.6612,2.0137,3.48,4.7352,4.7342,4.7389,4.7437,4.7491,4.7545,4.76,4.7655,4.771
0.538,0.5754,0.6203,0.6753,0.7319,0.793,0.854,0.9156,0.9772,1.0389,1.1006,1.1691,1.2424,0.794,2.9023,4.7231,4.7252,4.7261,4.7216,4.7171,4.712,4.7069,4.7017,4.6964,4.6912
2.3067,2.3067,2.3067,2.3067,2.3067,2.3067,2.3067,2.3067,2.3067,2.3067,1.754,1.0296,5.6019,5.6019,5.6019,5.6019,5.6019,5.6019,5.6019,5.6019,5.6019,5.6019,5.6019,5.6019,5.6019
2.303,2.303,2.303,2.303,2.303,2.303,2.303,2.303,2.303,2.303,2.303,2.303,2.303,2.303,0.8816,1.5235,2.1678,2.8121,3.4564,4.1007,4.745,5.3893,5.5929,5.5929,5.5929
0.6313,0.6751,0.7279,0.7924,0.8588,0.9304,1.0021,1.0744,1.1467,1.219,1.2914,1.3718,0.6569,5.4042,5.4893,5.542,5.5444,5.5456,5.5403,5.535,5.529,5.5229,5.5168,5.5107,5.5046
2.0238,1.9877,1.9443,1.8911,1.8365,1.7775,1.7185,1.6589,1.5994,1.5398,1.4802,1.414,1.3432,4.4525,4.3824,4.339,4.337,4.336,4.3404,4.3447,4.3497,4.3547,4.3597,4.3647,4.3698
0.7982,0.8536,0.9203,1.0019,1.0858,1.1764,1.267,1.3584,1.4498,1.5413,1.6328,1.7345,1.8431,1.9512,1.133,1.958,2.786,3.6141,4.4421,5.2702,5.5661,5.5661,5.5661,5.5661,5.5661
2.2883,2.2883,2.2883,2.2883,2.2883,2.2883,2.2883,2.2883,2.2883,2.1529,1.5232,0.8941,5.5572,5.5572,5.5572,5.5572,5.5572,5.5572,5.5572,5.5572,5.5572,5.5572,5.5572,5.5572,5.5572
2.2846,2.2846,2.2846,2.2846,2.2846,2.2846,2.2846,2.2846,2.2631,2.1788,2.0944,2.0007,1.9006,1.801,1.2175,2.1041,2.994,3.8838,4.7737,5.5484,5.5484,5.5484,5.5484,5.5484,5.5484
0.5184,0.5544,0.5977,0.6507,0.7052,0.764,0.8229,0.8822,0.9416,1.001,1.0604,1.1265,1.1971,4.4377,4.5076,4.5509,4.5529,4.5538,4.5495,4.5451,4.5402,4.5352,4.5302,4.5252,4.5201
2.2774,2.2774,2.2774,2.2774,2.2774,2.2774,2.2254,2.1483,2.0712,1.994,1.9169,1.4037,5.5307,5.5307,5.5307,5.5307,5.5307,5.5307,5.5307,5.5307,5.5307,5.5307,5.5307,5.5307,5.5307
2.2738,2.2738,2.2738,2.2738,2.2738,2.2738,2.2738,2.2738,2.2738,2.2738,2.2738,2.2738,2.2738,2.2738,0.8764,1.5146,2.1551,2.7956,3.4361,4.0767,4.7172,5.3577,5.522,5.522,5.522
0.9133,0.9767,1.053,1.1464,1.2424,1.3461,1.4497,1.5543,1.6589,1.7636,1.8591,1.0913,5.5132,5.5132,5.5132,5.5132,5.5132,5.5132,5.5132,5.5132,5.5132,5.5132,5.5132,5.5132,5.5132
2.0754,2.0384,1.9938,1.9393,1.8832,1.8228,1.7622,1.7012,1.6401,1.579,1.5179,1.45,1.3774,1.0694,3.9092,4.4495,4.4475,4.4465,4.451,4.4554,4.4605,4.4656,4.4708,4.4759,4.4811
0.5986,0.6402,0.6901,0.7514,0.8143,0.8822,0.9502,1.0187,1.0873,1.1559,1.2245,1.3007,1.3822,0.6466,1.7609,3.0432,4.3302,5.2582,5.2532,5.2482,5.2425,5.2368,5.231,5.2251,5.2193
2.2594,2.2594,2.2594,2.2594,2.2594,2.2594,2.2594,2.2594,2.2594,2.2594,1.6117,0.946,5.4872,5.4872,5.4872,5.4872,5.4872,5.4872,5.4872,5.4872,5.4872,5.4872,5.4872,5.4872,5.4872
2.2559,2.2559,2.2559,2.2559,2.2559,2.2559,2.2559,2.2559,2.2559,2.2559,2.2559,2.2559,2.2559,2.2559,0.9597,1.6585,2.3599,3.0613,3.7627,4.4641,5.1655,5.4785,5.4785,5.4785,5.4785
0.5664,0.6058,0.6531,0.711,0.7706,0.8348,0.8991,0.964,1.0288,1.0937,1.1587,1.2308,0.6886,4.8488,4.9251,4.9724,4.9747,4.9757,4.9709,4.9662,4.9608,4.9554,4.9499,4.9444,4.9389
2.1585,2.1199,2.0736,2.0169,1.9586,1.8957,1.8328,1.7693,1.7058,1.6422,1.5787,1.508,0.799,4.7486,4.6739,4.6276,4.6255,4.6245,4.6291,4.6337,4.639,4.6443,4.6497,4.6551,4.6605
1.1172,1.1948,1.2881,1.4024,1.5199,1.6467,1.7735,1.9014,2.0294,2.1574,2.2453,2.2453,2.2453,2.2453,0.9902,1.7112,2.4349,3.1586,3.8822,4.6059,5.3296,5.4528,5.4528,5.4528,5.4528
2.0779,2.2223,2.2418,2.2418,2.2418,2.2418,2.2418,2.2418,2.2418,2.2418,1.5929,0.935,5.4443,5.4443,5.4443,5.4443,5.4443,5.4443,5.4443,5.4443,5.4443,5.4443,5.4443,5.4443,5.4443
2.2383,2.2383,2.2383,2.2383,2.2046,2.1338,2.0629,1.9915,1.92,1.8485,1.7769,1.6974,1.6125,0.6395,1.6134,2.7882,3.9674,5.1465,5.2105,5.2157,5.2216,5.2276,5.2336,5.2397,5.2458
0.5318,0.5688,0.6132,0.6676,0.7235,0.7839,0.8442,0.9051,0.966,1.027,1.0879,1.1557,1.2281,1.4438,4.6245,4.6689,4.6709,4.6719,4.6674,4.663,4.6579,4.6528,4.6477,4.6425,4.6374
2.2313,2.2313,2.2313,2.2313,2.2313,2.2313,2.2313,2.2313,2.2313,2.2313,1.9604,1.1507,5.4188,5.4188,5.4188,5.4188,5.4188,5.4188,5.4188,5.4188,5.4188,5.4188,5.4188,5.4188,5.4188
2.2278,2.2278,2.2278,2.2278,2.2278,2.2278,2.2278,2.2278,2.2278,2.2278,2.2278,2.2278,2.2278,2.2278,0.8822,1.5247,2.1695,2.8143,3.4591,4.1039,4.7487,5.3935,5.4104,5.4104,5.4104
0.7187,0.7686,0.8286,0.9021,0.9777,1.0592,1.1408,1.2231,1.3054,1.3877,1.4701,1.3347,5.402,5.402,5.402,5.402,5.402,5.402,5.402,5.402,5.402,5.402,5.402,5.402,5.402
2.0499,2.0133,1.9693,1.9154,1.8601,1.8003,1.7405,1.6802,1.62,1.5596,1.4992,1.4321,1.3605,4.5097,4.4388,4.3948,4.3927,4.3918,4.3962,4.4006,4.4056,4.4106,4.4157,4.4209,4.426
0.7097,0.759,0.8182,0.8908,0.9654,1.046,1.1265,1.2078,1.289,1.3704,1.4517,1.5421,1.6387,1.7348,1.3175,2.2768,3.2398,4.2027,5.1656,5.3853,5.3853,5.3853,5.3853,5.3853,5.3853
2.2141,2.2141,2.2141,2.2141,2.2141,2.2141,2.2141,2.2141,2.2141,2.2067,1.5612,0.9164,5.377,5.377,5.377,5.377,5.377,5.377,5.377,5.377,5.377,5.377,5.377,5.377,5.377
2.2106,2.2106,2.2106,2.2106,2.2106,2.2106,2.2106,2.2106,2.2106,2.2106,2.2106,2.2106,2.2106,2.1478,1.1071,1.9133,2.7225,3.5316,4.3408,5.1499,5.3687,5.3687,5.3687,5.3687,5.3687
0.5377,0.5751,0.62,0.675,0.7315,0.7925,0.8536,0.9151,0.9767,1.0383,1.1,1.1685,1.2417,4.6032,4.6756,4.7205,4.7226,4.7236,4.7191,4.7146,4.7095,4.7043,4.6991,4.6939,4.6887
2.2038,2.2038,2.2038,2.2038,2.2038,2.1339,2.063,1.9916,1.9201,1.8486,1.777,1.6975,0.6297,5.3452,5.2611,5.209,5.2066,5.2055,5.2107,5.2159,5.2218,5.2278,5.2339,5.2399,5.246
1.982,2.1197,2.2005,2.2005,2.2005,2.2005,2.2005,2.2005,2.2005,2.2005,2.2005,2.2005,2.2005,2.2005,0.9202,1.5903,2.2629,2.9354,3.608,4.2805,4.9531,5.344,5.344,5.344,5.344
1.1688,1.25,1.3476,1.4671,1.59,1.7226,1.8553,1.9891,2.123,2.1971,1.753,1.029,5.3358,5.3358,5.3358,5.3358,5.3358,5.3358,5.3358,5.3358,5.3358,5.3358,5.3358,5.3358,5.3358
2.1937,2.1675,2.1202,2.0622,2.0026,1.9382,1.8739,1.809,1.744,1.6791,1.6141,1.5419,1.4647,0.6935,2.5349,4.3808,4.7292,4.7282,4.733,4.7377,4.7431,4.7485,4.754,4.7595,4.765
0.5731,0.6129,0.6608,0.7194,0.7797,0.8447,0.9098,0.9754,1.041,1.1067,1.1724,1.2454,1.3235,0.6504,2.3774,4.1086,5.0336,5.0347,5.0299,5.0251,5.0196,5.0141,5.0086,5.003,4.9974
2.187,2.187,2.187,2.187,2.187,2.187,2.187,2.187,2.187,2.187,1.7367,1.0194,5.3114,5.3114,5.3114,5.3114,5.3114,5.3114,5.3114,5.3114,5.3114,5.3114,5.3114,5.3114,5.3114
2.1837,2.1837,2.1837,2.1837,2.1837,2.1837,2.1837,2.1837,2.1837,2.1837,2.1837,2.1837,2.1837,2.1837,0.9319,1.6105,2.2916,2.9728,3.6539,4.335,5.0161,5.3033,5.3033,5.3033,5.3033
0.6191,0.6622,0.7139,0.7772,0.8423,0.9126,0.9828,1.0537,1.1246,1.1956,1.2666,1.3454,0.623,5.2952,5.2952,5.2952,5.2952,5.2952,5.2952,5.2952,5.2952,5.2952,5.2952,5.2952,5.2952
2.1238,2.0859,2.0403,1.9845,1.9272,1.8653,1.8033,1.7409,1.6784,1.6159,1.5533,1.4838,1.324,4.6724,4.5989,4.5533,4.5512,4.5502,4.5548,4.5594,4.5645,4.5698,4.575,4.5803,4.5857
0.9187,0.9825,1.0592,1.1531,1.2498,1.354,1.4583,1.5635,1.6687,1.7739,1.8792,1.9963,2.1213,2.1738,1.0994,1.8999,2.7034,3.5069,4.3104,5.1139,5.2792,5.2792,5.2792,5.2792,5.2792
2.1705,2.1705,2.1705,2.1705,2.1705,2.1705,2.1705,2.1705,2.1705,2.1705,1.5871,0.9316,5.2712,5.2712,5.2712,5.2712,5.2712,5.2712,5.2712,5.2712,5.2712,5.2712,5.2712,5.2712,5.2712
2.1672,2.1672,2.1672,2.1672,2.1672,2.1672,2.1672,2.1672,2.1672,2.0883,2.0075,1.9177,1.8217,1.7262,1.3776,2.3808,3.3876,4.3945,5.2632,5.2632,5.2632,5.2632,5.2632,5.2632,5.2632
0.5364,0.5736,0.6184,0.6733,0.7297,0.7905,0.8514,0.9129,0.9743,1.0357,1.0972,1.1656,1.2386,4.5917,4.6639,4.7087,4.7108,4.7118,4.7073,4.7028,4.6977,4.6926,4.6874,4.6822,4.6769
2.1607,2.1607,2.1607,2.1607,2.1607,2.1607,2.1607,2.1607,2.1607,2.1607,2.1387,1.326,5.2473,5.2473,5.2473,5.2473,5.2473,5.2473,5.2473,5.2473,5.2473,5.2473,5.2473,5.2473,5.2473
2.1574,2.1574,2.1574,2.1574,2.1574,2.1574,2.1574,2.1574,2.1574,2.1574,2.1574,2.1574,2.1574,2.1574,0.9005,1.5561,2.2143,2.8724,3.5305,4.1886,4.8467,5.2394,5.2394,5.2394,5.2394
0.8476,0.9065,0.9772,1.0639,1.1531,1.2492,1.3454,1.4425,1.5396,1.6367,1.7339,1.2031,5.2316,5.2316,5.2316,5.2316,5.2316,5.2316,5.2316,5.2316,5.2316,5.2316,5.2316,5.2316,5.2316
2.1172,2.0794,2.034,1.9784,1.9212,1.8595,1.7978,1.7355,1.6732,1.6109,1.5485,1.4792,1.4052,1.745,4.5846,4.5392,4.5371,4.5361,4.5407,4.5452,4.5504,4.5556,4.5609,4.5662,4.5714
0.653,0.6984,0.7529,0.8197,0.8884,0.9625,1.0366,1.1114,1.1862,1.261,1.3359,1.4191,1.508,0.6136,1.5979,2.7615,3.9294,5.0973,5.2159,5.2159,5.2159,5.2159,5.2159,5.2159,5.2159
2.1445,2.1445,2.1445,2.1445,2.1445,2.1445,2.1445,2.1445,2.1445,2.1445,1.6321,0.958,5.2081,5.2081,5.2081,5.2081,5.2081,5.2081,5.2081,5.2081,5.2081,5.2081,5.2081,5.2081,5.2081
2.1413,2.1413,2.1413,2.1413,2.1413,2.1413,2.1413,2.1413,2.1413,2.1413,2.1413,2.1413,2.1413,2.1413,1.0373,1.7927,2.5508,3.3089,4.0671,4.8252,5.2003,5.2003,5.2003,5.2003,5.2003
0.5691,0.6087,0.6562,0.7144,0.7743,0.8389,0.9035,0.9686,1.0338,1.099,1.1643,1.2368,0.8909,4.8723,4.949,4.9965,4.9987,4.9997,4.995,4.9902,4.9848,4.9793,4.9738,4.9683,4.9628
2.1349,2.1349,2.1349,2.1349,2.0991,2.0317,1.9642,1.8962,1.8282,1.76,1.6919,1.6162,0.6742,5.0893,5.0092,4.9596,4.9573,4.9562,4.9612,4.9662,4.9718,4.9775,4.9833,4.989,4.9948
1.3777,1.4735,1.5885,1.7294,1.8743,2.0306,2.1317,2.1317,2.1317,2.1317,2.1317,2.1317,2.1317,2.1317,0.9867,1.7053,2.4264,3.1476,3.8688,4.5899,5.1771,5.1771,5.1771,5.1771,5.1771
1.6399,1.7538,1.8907,2.0584,2.1286,2.1286,2.1286,2.1286,2.1286,2.1286,1.6937,0.9942,5.1694,5.1694,5.1694,5.1694,5.1694,5.1694,5.1694,5.1694,5.1694,5.1694,5.1694,5.1694,5.1694
2.1254,2.1254,2.1254,2.1254,2.1254,2.1072,2.0373,1.9667,1.8961,1.8255,1.7548,1.6763,1.5924,0.6073,1.9251,3.3269,4.7339,5.1405,5.1456,5.1508,5.1567,5.1617,5.1617,5.1617,5.1617
0.5613,0.6003,0.6472,0.7046,0.7636,0.8273,0.891,0.9553,1.0196,1.0839,1.1482,1.2197,1.2961,1.0076,3.683,4.9276,4.9298,4.9308,4.9261,4.9214,4.916,4.9107,4.9052,4.8998,4.8943
2.1191,2.1191,2.1191,2.1191,2.1191,2.1191,2.1191,2.1191,2.1191,2.1191,1.9166,1.125,5.1465,5.1465,5.1465,5.1465,5.1465,5.1465,5.1465,5.1465,5.1465,5.1465,5.1465,5.1465,5.1465
2.116,2.116,2.116,2.116,2.116,2.116,2.116,2.116,2.116,2.116,2.116,2.116,2.116,2.116,0.9245,1.5977,2.2733,2.949,3.6247,4.3003,4.976,5.1389,5.1389,5.1389,5.1389
0.6946,0.7429,0.8009,0.8719,0.945,1.0238,1.1026,1.1822,1.2617,1.3413,1.4209,1.5094,0.6037,5.1313,5.1313,5.1313,5.1313,5.1313,5.1313,5.1313,5.1313,5.1313,5.1313,5.1313,5.1313
2.1098,2.0949,2.0491,1.9931,1.9355,1.8733,1.8111,1.7484,1.6856,1.6228,1.56,1.4902,1.4156,4.6925,4.6187,4.5729,4.5708,4.5698,4.5744,4.579,4.5842,4.5894,4.5948,4.6001,4.6054
0.7987,0.8541,0.9208,1.0025,1.0865,1.1771,1.2678,1.3592,1.4507,1.5422,1.6338,1.7355,1.8443,1.9524,1.2565,2.1715,3.0898,4.0082,4.9265,5.1162,5.1162,5.1162,5.1162,5.1162,5.1162
2.1036,2.1036,2.1036,2.1036,2.1036,2.1036,2.1036,2.1036,2.1036,2.1036,1.6132,0.9469,5.1087,5.1087,5.1087,5.1087,5.1087,5.1087,5.1087,5.1087,5.1087,5.1087,5.1087,5.1087,5.1087
2.1005,2.1005,2.1005,2.1005,2.1005,2.1005,2.1005,2.1005,2.1005,2.1005,2.1005,2.1005,2.1005,2.0158,1.2301,2.1258,3.0248,3.9239,4.8229,5.1012,5.1012,5.1012,5.1012,5.1012,5.1012
0.5517,0.5901,0.6361,0.6926,0.7506,0.8132,0.8758,0.939,1.0022,1.0654,1.1286,1.1989,1.274,4.7231,4.7975,4.8435,4.8457,4.8467,4.8421,4.8375,4.8322,4.8269,4.8216,4.8162,4.8109
2.0944,2.0944,2.0944,2.0944,2.0944,2.0944,2.0944,2.0944,2.0944,2.0313,1.9527,1.5884,0.5984,5.0863,5.0863,5.0863,5.0863,5.0863,5.0863,5.0863,5.0863,5.0863,5.0863,5.0863,5.0863
2.0913,2.0913,2.0913,2.0913,2.0913,2.0913,2.0913,2.0913,2.0913,2.0913,2.0913,2.0913,2.0913,2.0913,0.9374,1.62,2.3051,2.9902,3.6754,4.3605,5.0456,5.0789,5.0789,5.0789,5.0789
1.0477,1.1205,1.208,1.3151,1.4253,1.5442,1.6631,1.7831,1.9031,2.0231,1.9076,1.1197,5.0715,5.0715,5.0715,5.0715,5.0715,5.0715,5.0715,5.0715,5.0715,5.0715,5.0715,5.0715,5.0715
2.0852,2.0852,2.0852,2.0849,2.0247,1.9596,1.8946,1.8289,1.7633,1.6976,1.6319,1.5589,1.4809,0.9284,3.3935,4.7837,4.7814,4.7804,4.7852,4.79,4.7955,4.8009,4.8065,4.8121,4.8176
0.6182,0.6611,0.7127,0.776,0.841,0.9111,0.9813,1.0521,1.1229,1.1937,1.2646,1.3433,1.4275,0.5949,2.0563,3.5537,5.0566,5.0568,5.0568,5.0568,5.0568,5.0568,5.0568,5.0568,5.0568
2.0792,2.0792,2.0792,2.0792,2.0792,2.0792,2.0792,2.0792,2.0792,2.0792,1.7419,1.0225,5.0495,5.0495,5.0495,5.0495,5.0495,5.0495,5.0495,5.0495,5.0495,5.0495,5.0495,5.0495,5.0495
2.0762,2.0762,2.0762,2.0762,2.0762,2.0762,2.0762,2.0762,2.0762,2.0762,2.0762,2.0762,2.0762,2.0762,0.997,1.723,2.4517,3.1804,3.9091,4.6378,5.0421,5.0421,5.0421,5.0421,5.0421
0.6157,0.6584,0.7098,0.7728,0.8376,0.9074,0.9773,1.0478,1.1183,1.1888,1.2594,1.3379,0.6532,5.0349,5.0349,5.0349,5.0349,5.0349,5.0349,5.0349,5.0349,5.0349,5.0349,5.0349,5.0349
2.0702,2.0702,2.0702,2.0702,2.0462,1.9804,1.9147,1.8484,1.782,1.7156,1.6492,1.5754,0.9924,4.9609,4.8828,4.8345,4.8322,4.8312,4.836,4.8409,4.8464,4.8519,4.8575,4.8632,4.8688
1.084,1.1593,1.2499,1.3607,1.4747,1.5977,1.7208,1.8449,1.969,2.0672,2.0672,2.0672,2.0672,2.0672,1.0828,1.8713,2.6627,3.4541,4.2455,5.0203,5.0203,5.0203,5.0203,5.0203,5.0203
2.0642,2.0642,2.0642,2.0642,2.0642,2.0642,2.0642,2.0642,2.0642,2.0642,1.6729,0.9819,5.0131,5.0131,5.0131,5.0131,5.0131,5.0131,5.0131,5.0131,5.0131,5.0131,5.0131,5.0131,5.0131
2.0613,2.0613,2.0613,2.0613,2.0613,2.0613,2.0613,2.0613,2.0613,2.035,1.9562,1.8687,1.7751,0.5889,1.5916,2.7506,3.9139,5.0059,5.0059,5.0059,5.0059,5.0059,5.0059,5.0059,5.0059
0.5614,0.6004,0.6473,0.7047,0.7637,0.8274,0.8911,0.9554,1.0197,1.0841,1.1484,1.2199,1.2964,2.206,4.8815,4.9284,4.9306,4.9316,4.9269,4.9222,4.9168,4.9115,4.906,4.9006,4.8951
2.0553,2.0553,2.0553,2.0553,2.0553,2.0553,2.0553,2.0553,2.0553,2.0553,2.0553,1.2763,4.9915,4.9915,4.9915,4.9915,4.9915,4.9915,4.9915,4.9915,4.9915,4.9915,4.9915,4.9915,4.9915
2.0524,2.0524,2.0524,2.0524,2.0524,2.0524,2.0524,2.0524,2.0524,2.0524,2.0524,2.0524,2.0524,2.0524,0.9359,1.6175,2.3015,2.9856,3.6696,4.3536,4.9844,4.9844,4.9844,4.9844,4.9844
0.8039,0.8598,0.9269,1.0092,1.0937,1.1849,1.2762,1.3682,1.4603,1.5524,1.6446,1.3479,0.5856,4.9773,4.9773,4.9773,4.9773,4.9773,4.9773,4.9773,4.9773,4.9773,4.9773,4.9773,4.9773
2.0465,2.0465,2.0465,2.0421,1.983,1.9193,1.8556,1.7913,1.727,1.6627,1.5984,1.5268,1.4504,4.3453,4.7322,4.6853,4.6831,4.6821,4.6868,4.6915,4.6969,4.7022,4.7077,4.7131,4.7186
0.7231,0.7733,0.8337,0.9077,0.9837,1.0658,1.1479,1.2307,1.3135,1.3963,1.4792,1.5714,1.6698,0.5839,1.4888,2.5729,3.661,4.7491,4.9631,4.9631,4.9631,4.9631,4.9631,4.9631,4.9631
2.0407,2.0407,2.0407,2.0407,2.0407,2.0407,2.0407,2.0407,2.0407,2.0407,1.6727,0.9818,4.956,4.956,4.956,4.956,4.956,4.956,4.956,4.956,4.956,4.956,4.956,4.956,4.956
2.0378,2.0378,2.0378,2.0378,2.0378,2.0378,2.0378,2.0378,2.0378,2.0378,2.0378,2.0378,2.0378,2.0378,1.1368,1.9646,2.7955,3.6264,4.4573,4.949,4.949,4.949,4.949,4.949,4.949
0.5791,0.6193,0.6676,0.7269,0.7878,0.8535,0.9192,0.9855,1.0518,1.1182,1.1845,1.2583,1.2459,4.9419,4.9419,4.9419,4.9419,4.9419,4.9419,4.9419,4.9419,4.9419,4.9419,4.9419,4.9419
2.032,2.032,2.032,2.032,2.032,2.032,2.032,2.032,1.9852,1.9112,1.8373,1.755,0.5956,4.9349,4.9349,4.9349,4.9349,4.9349,4.9349,4.9349,4.9349,4.9349,4.9349,4.9349,4.9349
1.786,1.9101,2.0292,2.0292,2.0292,2.0292,2.0292,2.0292,2.0292,2.0292,2.0292,2.0292,2.0292,2.0292,0.9962,1.7216,2.4497,3.1777,3.9058,4.6339,4.928,4.928,4.928,4.928,4.928
1.3869,1.4832,1.599,1.7409,1.8867,2.0263,2.0263,2.0263,2.0263,2.0263,1.8238,1.0705,4.921,4.921,4.921,4.921,4.921,4.921,4.921,4.921,4.921,4.921,4.921,4.921,4.921
2.0234,2.0234,2.0234,2.0234,2.0234,2.0234,2.0234,1.9691,1.8985,1.8278,1.757,1.6784,1.5944,0.6514,2.3813,4.1152,4.914,4.914,4.914,4.914,4.914,4.914,4.914,4.914,4.914
0.5997,0.6414,0.6915,0.7528,0.8159,0.8839,0.952,1.0207,1.0893,1.1581,1.2268,1.3032,1.3849,0.7954,2.9075,4.9071,4.9071,4.9071,4.9071,4.9071,4.9071,4.9071,4.9071,4.9071,4.9071
2.0177,2.0177,2.0177,2.0177,2.0177,2.0177,2.0177,2.0177,2.0177,2.0177,1.9017,1.1163,4.9002,4.9002,4.9002,4.9002,4.9002,4.9002,4.9002,4.9002,4.9002,4.9002,4.9002,4.9002,4.9002
2.0149,2.0149,2.0149,2.0149,2.0149,2.0149,2.0149,2.0149,2.0149,2.0149,2.0149,2.0149,2.0149,2.0149,0.9805,1.6944,2.411,3.1277,3.8442,4.5608,4.8933,4.8933,4.8933,4.8933,4.8933
0.6823,0.7297,0.7867,0.8565,0.9282,1.0057,1.0831,1.1612,1.2394,1.3176,1.3958,1.4827,0.5749,4.8865,4.8865,4.8865,4.8865,4.8865,4.8865,4.8865,4.8865,4.8865,4.8865,4.8865,4.8865
2.0093,2.0093,2.0093,2.0093,2.0093,1.9727,1.9072,1.8412,1.7751,1.709,1.6428,1.5693,1.4907,4.8796,4.8638,4.8156,4.8134,4.8124,4.8172,4.822,4.8275,4.833,4.8386,4.8442,4.8498
0.9168,0.9805,1.057,1.1508,1.2472,1.3512,1.4553,1.5603,1.6652,1.7703,1.8754,1.9922,2.0064,2.0064,1.2202,2.1087,3.0005,3.8923,4.7841,4.8728,4.8728,4.8728,4.8728,4.8728,4.8728
2.0036,2.0036,2.0036,2.0036,2.0036,2.0036,2.0036,2.0036,2.0036,2.0036,1.687,0.9902,4.866,4.866,4.866,4.866,4.866,4.866,4.866,4.866,4.866,4.866,4.866,4.866,4.866
2.0008,2.0008,2.0008,2.0008,2.0008,2.0008,2.0008,2.0008,2.0008,2.0008,2.0008,2.0008,2.0008,0.5717,1.3908,2.4036,3.4201,4.4367,4.8592,4.8592,4.8592,4.8592,4.8592,4.8592,4.8592
0.573,0.6128,0.6607,0.7193,0.7795,0.8446,0.9096,0.9752,1.0408,1.1065,1.1722,1.2452,1.3232,4.8524,4.8524,4.8524,4.8524,4.8524,4.8524,4.8524,4.8524,4.8524,4.8524,4.8524,4.8524
1.9953,1.9953,1.9953,1.9953,1.9953,1.9953,1.9953,1.9953,1.9953,1.9953,1.9953,1.4975,0.5701,4.8457,4.8457,4.8457,4.8457,4.8457,4.8457,4.8457,4.8457,4.8457,4.8457,4.8457,4.8457
1.9925,1.9925,1.9925,1.9925,1.9925,1.9925,1.9925,1.9925,1.9925,1.9925,1.9925,1.9925,1.9925,1.9925,0.9668,1.6708,2.3774,3.084,3.7906,4.4972,4.8389,4.8389,4.8389,4.8389,4.8389
0.968,1.0353,1.1161,1.2151,1.3169,1.4267,1.5366,1.6475,1.7583,1.8693,1.9802,1.2365,4.8322,4.8322,4.8322,4.8322,4.8322,4.8322,4.8322,4.8322,4.8322,4.8322,4.8322,4.8322,4.8322
1.987,1.987,1.987,1.987,1.987,1.987,1.94,1.8728,1.8056,1.7383,1.671,1.5963,1.5164,1.3762,4.8255,4.8255,4.8255,4.8255,4.8255,4.8255,4.8255,4.8255,4.8255,4.8255,4.8255
0.6761,0.7231,0.7795,0.8487,0.9198,0.9965,1.0733,1.1507,1.2281,1.3056,1.3831,1.4692,1.5613,0.5669,1.8506,3.1981,4.5506,4.8188,4.8188,4.8188,4.8188,4.8188,4.8188,4.8188,4.8188
1.9815,1.9815,1.9815,1.9815,1.9815,1.9815,1.9815,1.9815,1.9815,1.9815,1.7704,1.0392,4.8122,4.8122,4.8122,4.8122,4.8122,4.8122,4.8122,4.8122,4.8122,4.8122,4.8122,4.8122,4.8122
1.9787,1.9787,1.9787,1.9787,1.9787,1.9787,1.9787,1.9787,1.9787,1.9787,1.9787,1.9787,1.9787,1.9787,1.081,1.8682,2.6583,3.4484,4.2384,4.8055,4.8055,4.8055,4.8055,4.8055,4.8055
0.6208,0.6639,0.7157,0.7792,0.8445,0.9149,0.9854,1.0565,1.1276,1.1987,1.2698,1.3489,0.8265,4.7989,4.7989,4.7989,4.7989,4.7989,4.7989,4.7989,4.7989,4.7989,4.7989,4.7989,4.7989
1.9733,1.9733,1.9733,1.9733,1.9733,1.9733,1.9733,1.9733,1.9167,1.8453,1.7739,1.6945,0.8154,4.7923,4.7923,4.7923,4.7923,4.7923,4.7923,4.7923,4.7923,4.7923,4.7923,4.7923,4.7923
1.3205,1.4122,1.5225,1.6576,1.7964,1.9463,1.9706,1.9706,1.9706,1.9706,1.9706,1.9706,1.9706,1.9706,1.0824,1.8706,2.6617,3.4529,4.244,4.7857,4.7857,4.7857,4.7857,4.7857,4.7857
1.9679,1.9679,1.9679,1.9679,1.9679,1.9679,1.9679,1.9679,1.9679,1.9679,1.7858,1.0482,4.7791,4.7791,4.7791,4.7791,4.7791,4.7791,4.7791,4.7791,4.7791,4.7791,4.7791,4.7791,4.7791
1.9652,1.9652,1.9652,1.9652,1.9652,1.9652,1.9652,1.9652,1.9652,1.9652,1.937,1.8503,1.7577,0.5615,1.8867,3.2605,4.6395,4.7726,4.7726,4.7726,4.7726,4.7726,4.7726,4.7726,4.7726
0.595,0.6363,0.686,0.7469,0.8094,0.877,0.9445,1.0126,1.0808,1.149,1.2172,1.293,1.374,1.3533,4.7661,4.7661,4.7661,4.7661,4.7661,4.7661,4.7661,4.7661,4.7661,4.7661,4.7661
1.9598,1.9598,1.9598,1.9598,1.9598,1.9598,1.9598,1.9598,1.9598,1.9598,1.9598,1.2502,4.7595,4.7595,4.7595,4.7595,4.7595,4.7595,4.7595,4.7595,4.7595,4.7595,4.7595,4.7595,4.7595
1.9571,1.9571,1.9571,1.9571,1.9571,1.9571,1.9571,1.9571,1.9571,1.9571,1.9571,1.9571,1.9571,1.9571,0.9851,1.7024,2.4223,3.1423,3.8623,4.5822,4.753,4.753,4.753,4.753,4.753
0.7779,0.8319,0.8969,0.9764,1.0582,1.1465,1.2348,1.3239,1.4129,1.5021,1.5912,1.5393,0.5584,4.7466,4.7466,4.7466,4.7466,4.7466,4.7466,4.7466,4.7466,4.7466,4.7466,4.7466,4.7466
1.9518,1.9518,1.9518,1.9518,1.9518,1.9518,1.9397,1.8725,1.8053,1.738,1.6707,1.596,1.5161,4.7401,4.7401,4.7401,4.7401,4.7401,4.7401,4.7401,4.7401,4.7401,4.7401,4.7401,4.7401
0.8146,0.8711,0.9392,1.0225,1.1081,1.2006,1.293,1.3863,1.4796,1.5729,1.6663,1.7701,1.881,0.5569,1.4195,2.4531,3.4905,4.5279,4.7337,4.7337,4.7337,4.7337,4.7337,4.7337,4.7337
1.9465,1.9465,1.9465,1.9465,1.9465,1.9465,1.9465,1.9465,1.9465,1.9465,1.7364,1.0192,4.7272,4.7272,4.7272,4.7272,4.7272,4.7272,4.7272,4.7272,4.7272,4.7272,4.7272,4.7272,4.7272
1.9439,1.9439,1.9439,1.9439,1.9439,1.9439,1.9439,1.9439,1.9439,1.9439,1.9439,1.9439,1.9439,1.9439,1.2658,2.1875,3.1126,4.0378,4.7208,4.7208,4.7208,4.7208,4.7208,4.7208,4.7208
0.5969,0.6384,0.6882,0.7493,0.812,0.8798,0.9475,1.0159,1.0842,1.1526,1.2211,1.2971,1.3784,4.7144,4.7144,4.7144,4.7144,4.7144,4.7144,4.7144,4.7144,4.7144,4.7144,4.7144,4.7144
1.9386,1.9386,1.9386,1.9386,1.9386,1.9386,1.9386,1.9386,1.9386,1.9386,1.9386,1.8359,0.5539,4.708,4.708,4.708,4.708,4.708,4.708,4.708,4.708,4.708,4.708,4.708,4.708
1.936,1.936,1.936,1.936,1.936,1.936,1.936,1.936,1.936,1.936,1.936,1.936,1.936,1.936,1.0194,1.7618,2.5069,3.252,3.997,4.7017,4.7017,4.7017,4.7017,4.7017,4.7017
1.2304,1.3159,1.4186,1.5445,1.6739,1.8135,1.9334,1.9334,1.9334,1.9334,1.9334,1.1693,4.6953,4.6953,4.6953,4.6953,4.6953,4.6953,4.6953,4.6953,4.6953,4.6953,4.6953,4.6953,4.6953
1.9308,1.9308,1.9308,1.9308,1.9308,1.9308,1.9308,1.9308,1.928,1.8562,1.7843,1.7045,1.6192,0.8472,3.0967,4.689,4.689,4.689,4.689,4.689,4.689,4.689,4.689,4.689,4.689
0.6496,0.6947,0.749,0.8154,0.8838,0.9575,1.0312,1.1056,1.18,1.2544,1.3289,1.4117,1.5001,0.675,2.4673,4.2638,4.6827,4.6827,4.6827,4.6827,4.6827,4.6827,4.6827,4.6827,4.6827
1.9256,1.9256,1.9256,1.9256,1.9256,1.9256,1.9256,1.9256,1.9256,1.9256,1.9154,1.1243,4.6764,4.6764,4.6764,4.6764,4.6764,4.6764,4.6764,4.6764,4.6764,4.6764,4.6764,4.6764,4.6764
1.923,1.923,1.923,1.923,1.923,1.923,1.923,1.923,1.923,1.923,1.923,1.923,1.923,1.923,1.0539,1.8214,2.5916,3.3619,4.1322,4.6702,4.6702,4.6702,4.6702,4.6702,4.6702
0.6811,0.7284,0.7853,0.8549,0.9265,1.0038,1.0811,1.1591,1.2371,1.3152,1.3932,1.48,0.6373,4.6639,4.6639,4.6639,4.6639,4.6639,4.6639,4.6639,4.6639,4.6639,4.6639,4.6639,4.6639
1.9179,1.9179,1.9179,1.9179,1.9179,1.9179,1.9179,1.9179,1.8942,1.8236,1.7531,1.6746,1.2914,4.6577,4.6577,4.6577,4.6577,4.6577,4.6577,4.6577,4.6577,4.6577,4.6577,4.6577,4.6577
1.0779,1.1528,1.2428,1.3531,1.4664,1.5887,1.7111,1.8345,1.9153,1.9153,1.9153,1.9153,1.9153,1.9153,1.2058,2.0838,2.965,3.8463,4.6514,4.6514,4.6514,4.6514,4.6514,4.6514,4.6514
1.9127,1.9127,1.9127,1.9127,1.9127,1.9127,1.9127,1.9127,1.9127,1.9127,1.7877,1.0493,4.6452,4.6452,4.6452,4.6452,4.6452,4.6452,4.6452,4.6452,4.6452,4.6452,4.6452,4.6452,4.6452
1.9102,1.9102,1.9102,1.9102,1.9102,1.9102,1.9102,1.9102,1.9102,1.9102,1.9102,1.9102,1.9102,0.5458,1.6057,2.7749,3.9485,4.639,4.639,4.639,4.639,4.639,4.639,4.639,4.639
0.603,0.6449,0.6953,0.757,0.8204,0.8888,0.9573,1.0263,1.0954,1.1645,1.2336,1.3104,1.3925,4.2479,4.6329,4.6329,4.6329,4.6329,4.6329,4.6329,4.6329,4.6329,4.6329,4.6329,4.6329
1.9051,1.9051,1.9051,1.9051,1.9051,1.9051,1.9051,1.9051,1.9051,1.9051,1.9051,1.4434,0.5443,4.6267,4.6267,4.6267,4.6267,4.6267,4.6267,4.6267,4.6267,4.6267,4.6267,4.6267,4.6267
1.9026,1.9026,1.9026,1.9026,1.9026,1.9026,1.9026,1.9026,1.9026,1.9026,1.9026,1.9026,1.9026,1.9026,1.0105,1.7464,2.4849,3.2235,3.9621,4.6206,4.6206,4.6206,4.6206,4.6206,4.6206
0.918,0.9817,1.0584,1.1523,1.2488,1.353,1.4572,1.5623,1.6674,1.7726,1.8778,1.3891,0.5429,4.6144,4.6144,4.6144,4.6144,4.6144,4.6144,4.6144,4.6144,4.6144,4.6144,4.6144,4.6144
1.8976,1.8976,1.8976,1.8976,1.8976,1.8976,1.8976,1.8976,1.8743,1.8045,1.7346,1.657,1.5741,2.5217,4.6083,4.6083,4.6083,4.6083,4.6083,4.6083,4.6083,4.6083,4.6083,4.6083,4.6083
0.7514,0.8036,0.8664,0.9432,1.0222,1.1075,1.1928,1.2788,1.3649,1.451,1.5371,1.6329,1.7351,0.5414,1.7195,2.9716,4.2283,4.6022,4.6022,4.6022,4.6022,4.6022,4.6022,4.6022,4.6022
1.8925,1.8925,1.8925,1.8925,1.8925,1.8925,1.8925,1.8925,1.8925,1.8925,1.8248,1.0711,4.5962,4.5962,4.5962,4.5962,4.5962,4.5962,4.5962,4.5962,4.5962,4.5962,4.5962,4.5962,4.5962
1.89,1.89,1.89,1.89,1.89,1.89,1.89,1.89,1.89,1.89,1.89,1.89,1.89,1.89,1.19,2.0566,2.9264,3.7962,4.5901,4.5901,4.5901,4.5901,4.5901,4.5901,4.5901
0.6351,0.6792,0.7322,0.7972,0.864,0.936,1.0081,1.0809,1.1536,1.2264,1.2992,1.3801,1.1115,4.5841,4.5841,4.5841,4.5841,4.5841,4.5841,4.5841,4.5841,4.5841,4.5841,4.5841,4.5841
1.8851,1.8851,1.8851,1.8851,1.8851,1.8851,1.8851,1.8851,1.8851,1.8851,1.8851,1.8495,0.7108,4.578,4.578,4.578,4.578,4.578,4.578,4.578,4.578,4.578,4.578,4.578,4.578
1.6787,1.7953,1.8826,1.8826,1.8826,1.8826,1.8826,1.8826,1.8826,1.8826,1.8826,1.8826,1.8826,1.8826,1.0987,1.8988,2.7018,3.5048,4.3078,4.572,4.572,4.572,4.572,4.572,4.572
1.6986,1.8165,1.8801,1.8801,1.8801,1.8801,1.8801,1.8801,1.8801,1.8801,1.8801,1.1351,4.566,4.566,4.566,4.566,4.566,4.566,4.566,4.566,4.566,4.566,4.566,4.566,4.566
1.8777,1.8777,1.8777,1.8777,1.8777,1.8777,1.8777,1.8777,1.8777,1.8777,1.8777,1.8621,1.7689,0.6322,2.3109,3.9937,4.5601,4.5601,4.5601,4.5601,4.5601,4.5601,4.5601,4.5601,4.5601
0.6395,0.684,0.7374,0.8028,0.8701,0.9426,1.0152,1.0884,1.1617,1.235,1.3083,1.3898,1.4768,1.0133,3.704,4.5541,4.5541,4.5541,4.5541,4.5541,4.5541,4.5541,4.5541,4.5541,4.5541
1.8728,1.8728,1.8728,1.8728,1.8728,1.8728,1.8728,1.8728,1.8728,1.8728,1.8728,1.2464,0.5351,4.5481,4.5481,4.5481,4.5481,4.5481,4.5481,4.5481,4.5481,4.5481,4.5481,4.5481,4.5481
1.8703,1.8703,1.8703,1.8703,1.8703,1.8703,1.8703,1.8703,1.8703,1.8703,1.8703,1.8703,1.8703,1.8703,1.0514,1.8169,2.5854,3.3538,4.1222,4.5422,4.5422,4.5422,4.5422,4.5422,4.5422
0.7672,0.8205,0.8846,0.963,1.0437,1.1308,1.2179,1.3057,1.3936,1.4815,1.5694,1.6672,0.534,4.5363,4.5363,4.5363,4.5363,4.5363,4.5363,4.5363,4.5363,4.5363,4.5363,4.5363,4.5363
1.8655,1.8655,1.8655,1.8655,1.8655,1.8655,1.8655,1.8655,1.8655,1.8423,1.771,1.6917,1.6071,4.5304,4.5304,4.5304,4.5304,4.5304,4.5304,4.5304,4.5304,4.5304,4.5304,4.5304,4.5304
0.9365,1.0015,1.0797,1.1755,1.274,1.3802,1.4865,1.5938,1.701,1.8083,1.863,1.863,1.863,0.5323,1.3828,2.3896,3.4003,4.4109,4.5245,4.5245,4.5245,4.5245,4.5245,4.5245,4.5245
1.8606,1.8606,1.8606,1.8606,1.8606,1.8606,1.8606,1.8606,1.8606,1.8606,1.8282,1.0731,4.5186,4.5186,4.5186,4.5186,4.5186,4.5186,4.5186,4.5186,4.5186,4.5186,4.5186,4.5186,4.5186
1.8582,1.8582,1.8582,1.8582,1.8582,1.8582,1.8582,1.8582,1.8582,1.8582,1.8582,1.8582,1.8582,0.5309,1.4358,2.4813,3.5307,4.5128,4.5128,4.5128,4.5128,4.5128,4.5128,4.5128,4.5128
0.6242,0.6676,0.7197,0.7835,0.8492,0.92,0.9908,1.0623,1.1338,1.2053,1.2769,1.3564,1.4414,4.5069,4.5069,4.5069,4.5069,4.5069,4.5069,4.5069,4.5069,4.5069,4.5069,4.5069,4.5069
1.8534,1.8534,1.8534,1.8534,1.8534,1.8534,1.8534,1.8534,1.8534,1.8534,1.8534,1.7305,0.5295,4.5011,4.5011,4.5011,4.5011,4.5011,4.5011,4.5011,4.5011,4.5011,4.5011,4.5011,4.5011
1.851,1.851,1.851,1.851,1.851,1.851,1.851,1.851,1.851,1.851,1.851,1.851,1.851,1.851,1.0587,1.8296,2.6034,3.3771,4.1509,4.4953,4.4953,4.4953,4.4953,4.4953,4.4953
1.1331,1.2118,1.3064,1.4223,1.5415,1.6701,1.7987,1.8486,1.8486,1.8486,1.8486,1.2982,0.5282,4.4895,4.4895,4.4895,4.4895,4.4895,4.4895,4.4895,4.4895,4.4895,4.4895,4.4895,4.4895
1.8462,1.8462,1.8462,1.8462,1.8462,1.8462,1.8462,1.8462,1.8462,1.8462,1.8397,1.7574,1.6694,1.1887,4.3453,4.4837,4.4837,4.4837,4.4837,4.4837,4.4837,4.4837,4.4837,4.4837,4.4837
0.7149,0.7645,0.8242,0.8973,0.9725,1.0536,1.1348,1.2166,1.2985,1.3804,1.4623,1.5534,1.6507,0.6024,2.2019,3.8053,4.4779,4.4779,4.4779,4.4779,4.4779,4.4779,4.4779,4.4779,4.4779
1.8415,1.8415,1.8415,1.8415,1.8415,1.8415,1.8415,1.8415,1.8415,1.8415,1.8415,1.1504,4.4722,4.4722,4.4722,4.4722,4.4722,4.4722,4.4722,4.4722,4.4722,4.4722,4.4722,4.4722,4.4722
1.8391,1.8391,1.8391,1.8391,1.8391,1.8391,1.8391,1.8391,1.8391,1.8391,1.8391,1.8391,1.8391,1.8391,1.1504,1.988,2.8288,3.6696,4.4665,4.4665,4.4665,4.4665,4.4665,4.4665,4.4665
0.6912,0.7393,0.797,0.8677,0.9404,1.0188,1.0973,1.1764,1.2556,1.3348,1.414,1.5021,0.7966,4.4607,4.4607,4.4607,4.4607,4.4607,4.4607,4.4607,4.4607,4.4607,4.4607,4.4607,4.4607
1.8344,1.8344,1.8344,1.8344,1.8344,1.8344,1.8344,1.8344,1.8344,1.8344,1.8344,1.8141,1.0239,4.455,4.455,4.455,4.455,4.455,4.455,4.455,4.455,4.455,4.455,4.455,4.455
1.3062,1.397,1.5061,1.6397,1.777,1.8321,1.8321,1.8321,1.8321,1.8321,1.8321,1.8321,1.8321,1.8321,1.2129,2.0961,2.9825,3.869,4.4493,4.4493,4.4493,4.4493,4.4493,4.4493,4.4493
1.8297,1.8297,1.8297,1.8297,1.8297,1.8297,1.8297,1.8297,1.8297,1.8297,1.8297,1.1286,4.4437,4.4437,4.4437,4.4437,4.4437,4.4437,4.4437,4.4437,4.4437,4.4437,4.4437,4.4437,4.4437
1.8274,1.8274,1.8274,1.8274,1.8274,1.8274,1.8274,1.8274,1.8274,1.8274,1.8274,1.8274,1.8274,0.5221,1.9017,3.2864,4.438,4.438,4.438,4.438,4.438,4.438,4.438,4.438,4.438
0.6442,0.6889,0.7427,0.8086,0.8763,0.9494,1.0225,1.0963,1.1701,1.2439,1.3177,1.3998,1.4875,1.9841,4.4323,4.4323,4.4323,4.4323,4.4323,4.4323,4.4323,4.4323,4.4323,4.4323,4.4323
1.8228,1.8228,1.8228,1.8228,1.8228,1.8228,1.8228,1.8228,1.8228,1.8228,1.8228,1.4211,0.5208,4.4267,4.4267,4.4267,4.4267,4.4267,4.4267,4.4267,4.4267,4.4267,4.4267,4.4267,4.4267
1.8204,1.8204,1.8204,1.8204,1.8204,1.8204,1.8204,1.8204,1.8204,1.8204,1.8204,1.8204,1.8204,1.8204,1.0722,1.8529,2.6366,3.4202,4.2038,4.4211,4.4211,4.4211,4.4211,4.4211,4.4211
0.8917,0.9536,1.0281,1.1193,1.213,1.3142,1.4154,1.5175,1.6196,1.7218,1.8181,1.5925,0.5195,4.4155,4.4155,4.4155,4.4155,4.4155,4.4155,4.4155,4.4155,4.4155,4.4155,4.4155,4.4155
1.8158,1.8158,1.8158,1.8158,1.8158,1.8158,1.8158,1.8158,1.8158,1.8158,1.8158,1.7464,1.659,4.4099,4.4099,4.4099,4.4099,4.4099,4.4099,4.4099,4.4099,4.4099,4.4099,4.4099,4.4099
0.851,0.9101,0.9812,1.0682,1.1577,1.2542,1.3508,1.4483,1.5457,1.6432,1.7408,1.8135,1.8135,0.5182,1.6432,2.8398,4.0407,4.4043,4.4043,4.4043,4.4043,4.4043,4.4043,4.4043,4.4043
1.8112,1.8112,1.8112,1.8112,1.8112,1.8112,1.8112,1.8112,1.8112,1.8112,1.8112,1.1212,4.3987,4.3987,4.3987,4.3987,4.3987,4.3987,4.3987,4.3987,4.3987,4.3987,4.3987,4.3987,4.3987
1.809,1.809,1.809,1.809,1.809,1.809,1.809,1.809,1.809,1.809,1.809,1.809,1.809,0.5168,1.3336,2.3047,3.2794,4.2541,4.3932,4.3932,4.3932,4.3932,4.3932,4.3932,4.3932
0.6602,0.7061,0.7612,0.8287,0.8981,0.9731,1.048,1.1236,1.1992,1.2748,1.3505,1.4346,1.5245,4.3876,4.3876,4.3876,4.3876,4.3876,4.3876,4.3876,4.3876,4.3876,4.3876,4.3876,4.3876
1.8044,1.8044,1.8044,1.8044,1.8044,1.8044,1.8044,1.8044,1.8044,1.8044,1.8044,1.8044,0.6478,4.3821,4.3821,4.3821,4.3821,4.3821,4.3821,4.3821,4.3821,4.3821,4.3821,4.3821,4.3821
1.8021,1.8021,1.8021,1.8021,1.8021,1.8021,1.8021,1.8021,1.8021,1.8021,1.8021,1.8021,1.8021,1.8021,1.1338,1.9594,2.7881,3.6168,4.3766,4.3766,4.3766,4.3766,4.3766,4.3766,4.3766
1.4907,1.5942,1.7187,1.7999,1.7999,1.7999,1.7999,1.7999,1.7999,1.7999,1.7999,1.2497,0.5142,4.3711,4.3711,4.3711,4.3711,4.3711,4.3711,4.3711,4.3711,4.3711,4.3711,4.3711,4.3711
1.7976,1.7976,1.7976,1.7976,1.7976,1.7976,1.7976,1.7976,1.7976,1.7976,1.7976,1.7976,1.7976,0.8091,2.9577,4.3656,4.3656,4.3656,4.3656,4.3656,4.3656,4.3656,4.3656,4.3656,4.3656
0.6987,0.7472,0.8056,0.877,0.9505,1.0298,1.1091,1.1891,1.2691,1.3492,1.4293,1.5183,1.6134,0.8398,3.0696,4.3602,4.3602,4.3602,4.3602,4.3602,4.3602,4.3602,4.3602,4.3602,4.3602
1.7931,1.7931,1.7931,1.7931,1.7931,1.7931,1.7931,1.7931,1.7931,1.7931,1.7931,1.2655,0.5123,4.3547,4.3547,4.3547,4.3547,4.3547,4.3547,4.3547,4.3547,4.3547,4.3547,4.3547,4.3547
1.7909,1.7909,1.7909,1.7909,1.7909,1.7909,1.7909,1.7909,1.7909,1.7909,1.7909,1.7909,1.7909,1.7909,1.1403,1.9707,2.8041,3.6375,4.3493,4.3493,4.3493,4.3493,4.3493,4.3493,4.3493
0.7717,0.8253,0.8897,0.9687,1.0498,1.1374,1.225,1.3133,1.4017,1.4901,1.5786,1.6769,0.642,4.3439,4.3439,4.3439,4.3439,4.3439,4.3439,4.3439,4.3439,4.3439,4.3439,4.3439,4.3439
1.7864,1.7864,1.7864,1.7864,1.7864,1.7864,1.7864,1.7864,1.7864,1.7864,1.7864,1.7864,1.731,4.3384,4.3384,4.3384,4.3384,4.3384,4.3384,4.3384,4.3384,4.3384,4.3384,4.3384,4.3384
1.1037,1.1804,1.2726,1.3855,1.5015,1.6268,1.7521,1.7842,1.7842,1.7842,1.7842,1.7842,1.7842,0.5098,1.3761,2.3782,3.3839,4.333,4.333,4.333,4.333,4.333,4.333,4.333,4.333
1.782,1.782,1.782,1.782,1.782,1.782,1.782,1.782,1.782,1.782,1.782,1.1481,4.3277,4.3277,4.3277,4.3277,4.3277,4.3277,4.3277,4.3277,4.3277,4.3277,4.3277,4.3277,4.3277
1.7798,1.7798,1.7798,1.7798,1.7798,1.7798,1.7798,1.7798,1.7798,1.7798,1.7798,1.7798,1.7798,0.5085,1.6656,2.8784,4.0957,4.3223,4.3223,4.3223,4.3223,4.3223,4.3223,4.3223,4.3223
0.6634,0.7095,0.7649,0.8328,0.9025,0.9778,1.0531,1.1291,1.2051,1.2811,1.3571,1.4417,1.532,4.3169,4.3169,4.3169,4.3169,4.3169,4.3169,4.3169,4.3169,4.3169,4.3169,4.3169,4.3169
1.7754,1.7754,1.7754,1.7754,1.7754,1.7754,1.7754,1.7754,1.7754,1.7754,1.7754,1.6761,0.5072,4.3116,4.3116,4.3116,4.3116,4.3116,4.3116,4.3116,4.3116,4.3116,4.3116,4.3116,4.3116
1.7732,1.7732,1.7732,1.7732,1.7732,1.7732,1.7732,1.7732,1.7732,1.7732,1.7732,1.7732,1.7732,1.7732,1.1178,1.9317,2.7487,3.5657,4.3062,4.3062,4.3062,4.3062,4.3062,4.3062,4.3062
1.0777,1.1525,1.2425,1.3527,1.4661,1.5883,1.7107,1.771,1.771,1.771,1.771,1.4697,0.506,4.3009,4.3009,4.3009,4.3009,4.3009,4.3009,4.3009,4.3009,4.3009,4.3009,4.3009,4.3009
1.7688,1.7688,1.7688,1.7688,1.7688,1.7688,1.7688,1.7688,1.7688,1.7688,1.7688,1.7688,1.7507,1.9072,4.2956,4.2956,4.2956,4.2956,4.2956,4.2956,4.2956,4.2956,4.2956,4.2956,4.2956
0.8014,0.8571,0.924,1.006,1.0903,1.1812,1.2722,1.364,1.4558,1.5476,1.6395,1.7416,1.7666,0.5596,2.0456,3.5352,4.2903,4.2903,4.2903,4.2903,4.2903,4.2903,4.2903,4.2903,4.2903
1.7644,1.7644,1.7644,1.7644,1.7644,1.7644,1.7644,1.7644,1.7644,1.7644,1.7644,1.198,0.5041,4.285,4.285,4.285,4.285,4.285,4.285,4.285,4.285,4.285,4.285,4.285,4.285
1.7623,1.7623,1.7623,1.7623,1.7623,1.7623,1.7623,1.7623,1.7623,1.7623,1.7623,1.7623,1.7623,0.5035,1.2785,2.2095,3.144,4.0784,4.2798,4.2798,4.2798,4.2798,4.2798,4.2798,4.2798
0.7145,0.7641,0.8238,0.8969,0.972,1.0531,1.1342,1.216,1.2978,1.3797,1.4616,1.5526,1.0488,4.2745,4.2745,4.2745,4.2745,4.2745,4.2745,4.2745,4.2745,4.2745,4.2745,4.2745,4.2745
1.7579,1.7579,1.7579,1.7579,1.7579,1.7579,1.7579,1.7579,1.7579,1.7579,1.7579,1.7579,0.8797,4.2693,4.2693,4.2693,4.2693,4.2693,4.2693,4.2693,4.2693,4.2693,4.2693,4.2693,4.2693
1.6468,1.7558,1.7558,1.7558,1.7558,1.7558,1.7558,1.7558,1.7558,1.7558,1.7558,1.7558,1.7558,0.5017,1.2436,2.1492,3.0581,3.9671,4.2641,4.2641,4.2641,4.2641,4.2641,4.2641,4.2641
1.7536,1.7536,1.7536,1.7536,1.7536,1.7536,1.7536,1.7536,1.7536,1.7536,1.7536,1.2353,0.501,4.2588,4.2588,4.2588,4.2588,4.2588,4.2588,4.2588,4.2588,4.2588,4.2588,4.2588,4.2588
1.7515,1.7515,1.7515,1.7515,1.7515,1.7515,1.7515,1.7515,1.7515,1.7515,1.7515,1.7515,1.7515,0.6364,2.3262,4.0201,4.2536,4.2536,4.2536,4.2536,4.2536,4.2536,4.2536,4.2536,4.2536
0.7002,0.7488,0.8073,0.8789,0.9526,1.032,1.1115,1.1917,1.2718,1.3521,1.4323,1.5216,1.6169,1.3678,4.2484,4.2484,4.2484,4.2484,4.2484,4.2484,4.2484,4.2484,4.2484,4.2484,4.2484
1.7472,1.7472,1.7472,1.7472,1.7472,1.7472,1.7472,1.7472,1.7472,1.7472,1.7472,1.4301,0.4992,4.2433,4.2433,4.2433,4.2433,4.2433,4.2433,4.2433,4.2433,4.2433,4.2433,4.2433,4.2433
1.7451,1.7451,1.7451,1.7451,1.7451,1.7451,1.7451,1.7451,1.7451,1.7451,1.7451,1.7451,1.7451,1.7451,1.1577,2.0007,2.8468,3.6929,4.2381,4.2381,4.2381,4.2381,4.2381,4.2381,4.2381
0.8872,0.9488,1.0229,1.1136,1.2069,1.3076,1.4083,1.5099,1.6115,1.7131,1.743,1.743,0.5556,4.2329,4.2329,4.2329,4.2329,4.2329,4.2329,4.2329,4.2329,4.2329,4.2329,4.2329,4.2329
1.7409,1.7409,1.7409,1.7409,1.7409,1.7409,1.7409,1.7409,1.7409,1.7409,1.7409,1.7409,1.7409,4.2278,4.2278,4.2278,4.2278,4.2278,4.2278,4.2278,4.2278,4.2278,4.2278,4.2278,4.2278
0.9861,1.0546,1.1369,1.2378,1.3415,1.4533,1.5653,1.6782,1.7388,1.7388,1.7388,1.7388,1.7388,0.4968,1.6131,2.7878,3.9668,4.2227,4.2227,4.2227,4.2227,4.2227,4.2227,4.2227,4.2227
1.7366,1.7366,1.7366,1.7366,1.7366,1.7366,1.7366,1.7366,1.7366,1.7366,1.7366,1.1949,0.4962,4.2176,4.2176,4.2176,4.2176,4.2176,4.2176,4.2176,4.2176,4.2176,4.2176,4.2176,4.2176
1.7345,1.7345,1.7345,1.7345,1.7345,1.7345,1.7345,1.7345,1.7345,1.7345,1.7345,1.7345,1.7345,0.4956,1.527,2.6389,3.7549,4.2125,4.2125,4.2125,4.2125,4.2125,4.2125,4.2125,4.2125
0.699,0.7475,0.8059,0.8774,0.9509,1.0302,1.1095,1.1896,1.2696,1.3497,1.4298,1.5189,1.6141,4.2074,4.2074,4.2074,4.2074,4.2074,4.2074,4.2074,4.2074,4.2074,4.2074,4.2074,4.2074
1.7304,1.7304,1.7304,1.7304,1.7304,1.7304,1.7304,1.7304,1.7304,1.7304,1.7304,1.7304,0.6129,4.2023,4.2023,4.2023,4.2023,4.2023,4.2023,4.2023,4.2023,4.2023,4.2023,4.2023,4.2023
1.7283,1.7283,1.7283,1.7283,1.7283,1.7283,1.7283,1.7283,1.7283,1.7283,1.7283,1.7283,1.7283,0.4938,1.1923,2.0605,2.9319,3.8033,4.1972,4.1972,4.1972,4.1972,4.1972,4.1972,4.1972
1.3724,1.4678,1.5824,1.7228,1.7262,1.7262,1.7262,1.7262,1.7262,1.7262,1.7262,1.4035,0.4932,4.1922,4.1922,4.1922,4.1922,4.1922,4.1922,4.1922,4.1922,4.1922,4.1922,4.1922,4.1922
1.7241,1.7241,1.7241,1.7241,1.7241,1.7241,1.7241,1.7241,1.7241,1.7241,1.7241,1.7241,1.7241,1.1029,4.0316,4.1871,4.1871,4.1871,4.1871,4.1871,4.1871,4.1871,4.1871,4.1871,4.1871
0.7784,0.8324,0.8974,0.977,1.0589,1.1472,1.2356,1.3247,1.4138,1.503,1.5922,1.6914,1.722,0.7441,2.7201,4.1821,4.1821,4.1821,4.1821,4.1821,4.1821,4.1821,4.1821,4.1821,4.1821
1.72,1.72,1.72,1.72,1.72,1.72,1.72,1.72,1.72,1.72,1.72,1.3113,0.4914,4.1771,4.1771,4.1771,4.1771,4.1771,4.1771,4.1771,4.1771,4.1771,4.1771,4.1771,4.1771
1.7179,1.7179,1.7179,1.7179,1.7179,1.7179,1.7179,1.7179,1.7179,1.7179,1.7179,1.7179,1.7179,0.4908,1.2609,2.179,3.1005,4.022,4.1721,4.1721,4.1721,4.1721,4.1721,4.1721,4.1721
0.793,0.8481,0.9143,0.9954,1.0788,1.1688,1.2588,1.3496,1.4404,1.5313,1.6222,1.7159,0.8011,4.1671,4.1671,4.1671,4.1671,4.1671,4.1671,4.1671,4.1671,4.1671,4.1671,4.1671,4.1671
1.7138,1.7138,1.7138,1.7138,1.7138,1.7138,1.7138,1.7138,1.7138,1.7138,1.7138,1.7138,1.356,4.1621,4.1621,4.1621,4.1621,4.1621,4.1621,4.1621,4.1621,4.1621,4.1621,4.1621,4.1621
1.3425,1.4357,1.5479,1.6852,1.7118,1.7118,1.7118,1.7118,1.7118,1.7118,1.7118,1.7118,1.7118,0.4891,1.4012,2.4215,3.4455,4.1571,4.1571,4.1571,4.1571,4.1571,4.1571,4.1571,4.1571
1.7097,1.7097,1.7097,1.7097,1.7097,1.7097,1.7097,1.7097,1.7097,1.7097,1.7097,1.2523,0.4885,4.1522,4.1522,4.1522,4.1522,4.1522,4.1522,4.1522,4.1522,4.1522,4.1522,4.1522,4.1522
1.7077,1.7077,1.7077,1.7077,1.7077,1.7077,1.7077,1.7077,1.7077,1.7077,1.7077,1.7077,1.7077,0.5435,1.9868,3.4336,4.1472,4.1472,4.1472,4.1472,4.1472,4.1472,4.1472,4.1472,4.1472
0.7189,0.7689,0.8289,0.9025,0.9781,1.0596,1.1412,1.2236,1.3059,1.3883,1.4707,1.5623,1.6602,3.4013,4.1423,4.1423,4.1423,4.1423,4.1423,4.1423,4.1423,4.1423,4.1423,4.1423,4.1423
1.7036,1.7036,1.7036,1.7036,1.7036,1.7036,1.7036,1.7036,1.7036,1.7036,1.7036,1.6683,0.4953,4.1374,4.1374,4.1374,4.1374,4.1374,4.1374,4.1374,4.1374,4.1374,4.1374,4.1374,4.1374
1.7016,1.7016,1.7016,1.7016,1.7016,1.7016,1.7016,1.7016,1.7016,1.7016,1.7016,1.7016,1.7016,0.4862,1.2036,2.0801,2.9598,3.8395,4.1325,4.1325,4.1325,4.1325,4.1325,4.1325,4.1325
1.057,1.1304,1.2187,1.3268,1.438,1.5579,1.6779,1.6996,1.6996,1.6996,1.6996,1.6996,0.5059,4.1276,4.1276,4.1276,4.1276,4.1276,4.1276,4.1276,4.1276,4.1276,4.1276,4.1276,4.1276
1.6976,1.6976,1.6976,1.6976,1.6976,1.6976,1.6976,1.6976,1.6976,1.6976,1.6976,1.6976,1.6976,4.1227,4.1227,4.1227,4.1227,4.1227,4.1227,4.1227,4.1227,4.1227,4.1227,4.1227,4.1227
0.9194,0.9832,1.06,1.154,1.2507,1.355,1.4594,1.5647,1.67,1.6956,1.6956,1.6956,1.6956,0.539,1.9702,3.4048,4.1178,4.1178,4.1178,4.1178,4.1178,4.1178,4.1178,4.1178,4.1178
1.6936,1.6936,1.6936,1.6936,1.6936,1.6936,1.6936,1.6936,1.6936,1.6936,1.6936,1.2734,0.4839,4.1129,4.1129,4.1129,4.1129,4.1129,4.1129,4.1129,4.1129,4.1129,4.1129,4.1129,4.1129
1.6916,1.6916,1.6916,1.6916,1.6916,1.6916,1.6916,1.6916,1.6916,1.6916,1.6916,1.6916,1.6916,0.4833,1.4529,2.5109,3.5727,4.1081,4.1081,4.1081,4.1081,4.1081,4.1081,4.1081,4.1081
0.7543,0.8067,0.8697,0.9468,1.0262,1.1118,1.1974,1.2838,1.3701,1.4566,1.543,1.6392,1.4932,4.1032,4.1032,4.1032,4.1032,4.1032,4.1032,4.1032,4.1032,4.1032,4.1032,4.1032,4.1032
1.6876,1.6876,1.6876,1.6876,1.6876,1.6876,1.6876,1.6876,1.6876,1.6876,1.6876,1.6876,0.8014,4.0984,4.0984,4.0984,4.0984,4.0984,4.0984,4.0984,4.0984,4.0984,4.0984,4.0984,4.0984
1.6856,1.6856,1.6856,1.6856,1.6856,1.6856,1.6856,1.6856,1.6856,1.6856,1.6856,1.6856,1.6856,0.4816,1.3035,2.2527,3.2054,4.0936,4.0936,4.0936,4.0936,4.0936,4.0936,4.0936,4.0936
1.6836,1.6836,1.6836,1.6836,1.6836,1.6836,1.6836,1.6836,1.6836,1.6836,1.6836,1.3815,0.481,4.0888,4.0888,4.0888,4.0888,4.0888,4.0888,4.0888,4.0888,4.0888,4.0888,4.0888,4.0888
1.6816,1.6816,1.6816,1.6816,1.6816,1.6816,1.6816,1.6816,1.6816,1.6816,1.6816,1.6816,1.6816,0.8126,2.9703,4.084,4.084,4.084,4.084,4.084,4.084,4.084,4.084,4.084,4.084
0.7776,0.8316,0.8965,0.976,1.0578,1.146,1.2343,1.3233,1.4124,1.5015,1.5906,1.6797,1.6797,1.1005,4.0225,4.0792,4.0792,4.0792,4.0792,4.0792,4.0792,4.0792,4.0792,4.0792,4.0792
1.6777,1.6777,1.6777,1.6777,1.6777,1.6777,1.6777,1.6777,1.6777,1.6777,1.6777,1.4746,0.4793,4.0744,4.0744,4.0744,4.0744,4.0744,4.0744,4.0744,4.0744,4.0744,4.0744,4.0744,4.0744
1.6757,1.6757,1.6757,1.6757,1.6757,1.6757,1.6757,1.6757,1.6757,1.6757,1.6757,1.6757,1.6757,0.4788,1.2771,2.2071,3.1405,4.0697,4.0697,4.0697,4.0697,4.0697,4.0697,4.0697,4.0697
0.906,0.969,1.0446,1.1373,1.2326,1.3354,1.4382,1.542,1.6457,1.6738,1.6738,1.6738,0.6741,4.0649,4.0649,4.0649,4.0649,4.0649,4.0649,4.0649,4.0649,4.0649,4.0649,4.0649,4.0649
1.6718,1.6718,1.6718,1.6718,1.6718,1.6718,1.6718,1.6718,1.6718,1.6718,1.6718,1.6718,1.6718,4.0602,4.0602,4.0602,4.0602,4.0602,4.0602,4.0602,4.0602,4.0602,4.0602,4.0602,4.0602
1.1762,1.2579,1.3561,1.4764,1.6001,1.6699,1.6699,1.6699,1.6699,1.6699,1.6699,1.6699,1.6699,0.4771,1.6291,2.8154,4.0061,4.0554,4.0554,4.0554,4.0554,4.0554,4.0554,4.0554,4.0554
1.6679,1.6679,1.6679,1.6679,1.6679,1.6679,1.6679,1.6679,1.6679,1.6679,1.6679,1.3017,0.4766,4.0507,4.0507,4.0507,4.0507,4.0507,4.0507,4.0507,4.0507,4.0507,4.0507,4.0507,4.0507
1.666,1.666,1.666,1.666,1.666,1.666,1.666,1.666,1.666,1.666,1.666,1.666,1.666,0.4915,1.7965,3.1046,4.046,4.046,4.046,4.046,4.046,4.046,4.046,4.046,4.046
0.7567,0.8093,0.8725,0.9499,1.0294,1.1153,1.2012,1.2879,1.3745,1.4612,1.548,1.6444,1.6641,4.0413,4.0413,4.0413,4.0413,4.0413,4.0413,4.0413,4.0413,4.0413,4.0413,4.0413,4.0413
1.6621,1.6621,1.6621,1.6621,1.6621,1.6621,1.6621,1.6621,1.6621,1.6621,1.6621,1.6621,0.601,4.0366,4.0366,4.0366,4.0366,4.0366,4.0366,4.0366,4.0366,4.0366,4.0366,4.0366,4.0366
1.6602,1.6602,1.6602,1.6602,1.6602,1.6602,1.6602,1.6602,1.6602,1.6602,1.6602,1.6602,1.6602,0.4743,1.2827,2.2168,3.1543,4.032,4.032,4.032,4.032,4.032,4.032,4.032,4.032
1.3185,1.4101,1.5202,1.655,1.6583,1.6583,1.6583,1.6583,1.6583,1.6583,1.6583,1.6164,0.4798,4.0273,4.0273,4.0273,4.0273,4.0273,4.0273,4.0273,4.0273,4.0273,4.0273,4.0273,4.0273
1.6564,1.6564,1.6564,1.6564,1.6564,1.6564,1.6564,1.6564,1.6564,1.6564,1.6564,1.6564,1.6564,1.6617,4.0226,4.0226,4.0226,4.0226,4.0226,4.0226,4.0226,4.0226,4.0226,4.0226,4.0226
0.8887,0.9504,1.0246,1.1155,1.209,1.3098,1.4107,1.5125,1.6142,1.6545,1.6545,1.6545,1.6545,0.6956,2.5426,4.018,4.018,4.018,4.018,4.018,4.018,4.018,4.018,4.018,4.018
1.6526,1.6526,1.6526,1.6526,1.6526,1.6526,1.6526,1.6526,1.6526,1.6526,1.6526,1.3922,0.4722,4.0134,4.0134,4.0134,4.0134,4.0134,4.0134,4.0134,4.0134,4.0134,4.0134,4.0134,4.0134
1.6507,1.6507,1.6507,1.6507,1.6507,1.6507,1.6507,1.6507,1.6507,1.6507,1.6507,1.6507,1.6507,0.4716,1.4285,2.4686,3.5127,4.0088,4.0088,4.0088,4.0088,4.0088,4.0088,4.0088,4.0088
0.8358,0.8939,0.9637,1.0492,1.1371,1.2319,1.3268,1.4225,1.5182,1.614,1.6488,1.6488,1.0513,4.0041,4.0041,4.0041,4.0041,4.0041,4.0041,4.0041,4.0041,4.0041,4.0041,4.0041,4.0041
1.6469,1.6469,1.6469,1.6469,1.6469,1.6469,1.6469,1.6469,1.6469,1.6469,1.6469,1.6469,1.1485,3.9995,3.9995,3.9995,3.9995,3.9995,3.9995,3.9995,3.9995,3.9995,3.9995,3.9995,3.9995
1.645,1.645,1.645,1.645,1.645,1.645,1.645,1.645,1.645,1.645,1.645,1.645,1.645,0.47,1.4651,2.532,3.6028,3.995,3.995,3.995,3.995,3.995,3.995,3.995,3.995
1.6431,1.6431,1.6431,1.6431,1.6431,1.6431,1.6431,1.6431,1.6431,1.6431,1.6431,1.3995,0.4695,3.9904,3.9904,3.9904,3.9904,3.9904,3.9904,3.9904,3.9904,3.9904,3.9904,3.9904,3.9904
1.6412,1.6412,1.6412,1.6412,1.6412,1.6412,1.6412,1.6412,1.6412,1.6412,1.6412,1.6412,1.6412,0.6725,2.4581,3.9858,3.9858,3.9858,3.9858,3.9858,3.9858,3.9858,3.9858,3.9858,3.9858
0.7985,0.8539,0.9206,1.0023,1.0862,1.1768,1.2675,1.3589,1.4503,1.5418,1.6334,1.6393,1.6393,2.0189,3.9812,3.9812,3.9812,3.9812,3.9812,3.9812,3.9812,3.9812,3.9812,3.9812,3.9812
1.6375,1.6375,1.6375,1.6375,1.6375,1.6375,1.6375,1.6375,1.6375,1.6375,1.6375,1.6375,0.5081,3.9767,3.9767,3.9767,3.9767,3.9767,3.9767,3.9767,3.9767,3.9767,3.9767,3.9767,3.9767
1.6356,1.6356,1.6356,1.6356,1.6356,1.6356,1.6356,1.6356,1.6356,1.6356,1.6356,1.6356,1.6356,0.4673,1.3287,2.2962,3.2673,3.9722,3.9722,3.9722,3.9722,3.9722,3.9722,3.9722,3.9722
1.0715,1.146,1.2355,1.3451,1.4577,1.5793,1.6337,1.6337,1.6337,1.6337,1.6337,1.6337,0.6052,3.9676,3.9676,3.9676,3.9676,3.9676,3.9676,3.9676,3.9676,3.9676,3.9676,3.9676,3.9676
1.6319,1.6319,1.6319,1.6319,1.6319,1.6319,1.6319,1.6319,1.6319,1.6319,1.6319,1.6319,1.6319,3.9631,3.9631,3.9631,3.9631,3.9631,3.9631,3.9631,3.9631,3.9631,3.9631,3.9631,3.9631
1.0864,1.1619,1.2526,1.3637,1.478,1.6013,1.63,1.63,1.63,1.63,1.63,1.63,1.63,0.5386,1.9687,3.4022,3.9586,3.9586,3.9586,3.9586,3.9586,3.9586,3.9586,3.9586,3.9586
1.6282,1.6282,1.6282,1.6282,1.6282,1.6282,1.6282,1.6282,1.6282,1.6282,1.6282,1.3891,0.4652,3.9541,3.9541,3.9541,3.9541,3.9541,3.9541,3.9541,3.9541,3.9541,3.9541,3.9541,3.9541
1.6263,1.6263,1.6263,1.6263,1.6263,1.6263,1.6263,1.6263,1.6263,1.6263,1.6263,1.6263,1.6263,0.4649,1.6993,2.9367,3.9496,3.9496,3.9496,3.9496,3.9496,3.9496,3.9496,3.9496,3.9496
0.8178,0.8746,0.9429,1.0266,1.1126,1.2054,1.2982,1.3918,1.4855,1.5792,1.6245,1.6245,1.6245,3.9452,3.9452,3.9452,3.9452,3.9452,3.9452,3.9452,3.9452,3.9452,3.9452,3.9452,3.9452
1.6226,1.6226,1.6226,1.6226,1.6226,1.6226,1.6226,1.6226,1.6226,1.6226,1.6226,1.6226,0.7682,3.9407,3.9407,3.9407,3.9407,3.9407,3.9407,3.9407,3.9407,3.9407,3.9407,3.9407,3.9407
1.6208,1.6208,1.6208,1.6208,1.6208,1.6208,1.6208,1.6208,1.6208,1.6208,1.6208,1.6208,1.6208,0.4631,1.4043,2.4269,3.4533,3.9362,3.9362,3.9362,3.9362,3.9362,3.9362,3.9362,3.9362
1.619,1.619,1.619,1.619,1.619,1.619,1.619,1.619,1.619,1.619,1.619,1.589,0.4717,3.9318,3.9318,3.9318,3.9318,3.9318,3.9318,3.9318,3.9318,3.9318,3.9318,3.9318,3.9318
1.6171,1.6171,1.6171,1.6171,1.6171,1.6171,1.6171,1.6171,1.6171,1.6171,1.6171,1.6171,1.6171,1.1023,3.9274,3.9274,3.9274,3.9274,3.9274,3.9274,3.9274,3.9274,3.9274,3.9274,3.9274
0.888,0.9497,1.0238,1.1147,1.2081,1.3088,1.4096,1.5113,1.613,1.6153,1.6153,1.6153,1.6153,0.9737,3.5593,3.9229,3.9229,3.9229,3.9229,3.9229,3.9229,3.9229,3.9229,3.9229,3.9229
1.6135,1.6135,1.6135,1.6135,1.6135,1.6135,1.6135,1.6135,1.6135,1.6135,1.6135,1.5665,0.465,3.9185,3.9185,3.9185,3.9185,3.9185,3.9185,3.9185,3.9185,3.9185,3.9185,3.9185,3.9185
1.6117,1.6117,1.6117,1.6117,1.6117,1.6117,1.6117,1.6117,1.6117,1.6117,1.6117,1.6117,1.6117,0.4605,1.4491,2.5042,3.5633,3.9141,3.9141,3.9141,3.9141,3.9141,3.9141,3.9141,3.9141
0.9547,1.021,1.1007,1.1984,1.2988,1.4071,1.5155,1.6099,1.6099,1.6099,1.6099,1.6099,0.8534,3.9097,3.9097,3.9097,3.9097,3.9097,3.9097,3.9097,3.9097,3.9097,3.9097,3.9097,3.9097
1.6081,1.6081,1.6081,1.6081,1.6081,1.6081,1.6081,1.6081,1.6081,1.6081,1.6081,1.6081,1.6081,3.9053,3.9053,3.9053,3.9053,3.9053,3.9053,3.9053,3.9053,3.9053,3.9053,3.9053,3.9053
1.4582,1.5595,1.6063,1.6063,1.6063,1.6063,1.6063,1.6063,1.6063,1.6063,1.6063,1.6063,1.6063,0.4653,1.7009,2.9395,3.901,3.901,3.901,3.901,3.901,3.901,3.901,3.901,3.901
1.6045,1.6045,1.6045,1.6045,1.6045,1.6045,1.6045,1.6045,1.6045,1.6045,1.6045,1.4595,0.4584,3.8966,3.8966,3.8966,3.8966,3.8966,3.8966,3.8966,3.8966,3.8966,3.8966,3.8966,3.8966
1.6027,1.6027,1.6027,1.6027,1.6027,1.6027,1.6027,1.6027,1.6027,1.6027,1.6027,1.6027,1.6027,0.5995,2.1914,3.7871,3.8922,3.8922,3.8922,3.8922,3.8922,3.8922,3.8922,3.8922,3.8922
0.8437,0.9023,0.9727,1.059,1.1477,1.2435,1.3392,1.4358,1.5325,1.6009,1.6009,1.6009,1.6009,3.8879,3.8879,3.8879,3.8879,3.8879,3.8879,3.8879,3.8879,3.8879,3.8879,3.8879,3.8879
1.5991,1.5991,1.5991,1.5991,1.5991,1.5991,1.5991,1.5991,1.5991,1.5991,1.5991,1.5991,0.6129,3.8835,3.8835,3.8835,3.8835,3.8835,3.8835,3.8835,3.8835,3.8835,3.8835,3.8835,3.8835
1.5973,1.5973,1.5973,1.5973,1.5973,1.5973,1.5973,1.5973,1.5973,1.5973,1.5973,1.5973,1.5973,0.4564,1.4222,2.4577,3.4971,3.8792,3.8792,3.8792,3.8792,3.8792,3.8792,3.8792,3.8792
1.3236,1.4155,1.5261,1.5955,1.5955,1.5955,1.5955,1.5955,1.5955,1.5955,1.5955,1.5955,0.5716,3.8749,3.8749,3.8749,3.8749,3.8749,3.8749,3.8749,3.8749,3.8749,3.8749,3.8749,3.8749
1.5938,1.5938,1.5938,1.5938,1.5938,1.5938,1.5938,1.5938,1.5938,1.5938,1.5938,1.5938,1.5938,3.0283,3.8706,3.8706,3.8706,3.8706,3.8706,3.8706,3.8706,3.8706,3.8706,3.8706,3.8706
1.0489,1.1218,1.2094,1.3167,1.427,1.546,1.592,1.592,1.592,1.592,1.592,1.592,1.592,0.6843,2.5013,3.8663,3.8663,3.8663,3.8663,3.8663,3.8663,3.8663,3.8663,3.8663,3.8663
1.5902,1.5902,1.5902,1.5902,1.5902,1.5902,1.5902,1.5902,1.5902,1.5902,1.5902,1.5258,0.4544,3.862,3.862,3.862,3.862,3.862,3.862,3.862,3.862,3.862,3.862,3.862,3.862
1.5885,1.5885,1.5885,1.5885,1.5885,1.5885,1.5885,1.5885,1.5885,1.5885,1.5885,1.5885,1.5885,0.4576,1.6727,2.8908,3.8577,3.8577,3.8577,3.8577,3.8577,3.8577,3.8577,3.8577,3.8577
0.9105,0.9737,1.0498,1.1429,1.2386,1.3419,1.4453,1.5495,1.5867,1.5867,1.5867,1.5867,1.4855,3.8535,3.8535,3.8535,3.8535,3.8535,3.8535,3.8535,3.8535,3.8535,3.8535,3.8535,3.8535
1.585,1.585,1.585,1.585,1.585,1.585,1.585,1.585,1.585,1.585,1.585,1.585,1.0576,3.8492,3.8492,3.8492,3.8492,3.8492,3.8492,3.8492,3.8492,3.8492,3.8492,3.8492,3.8492
1.5832,1.5832,1.5832,1.5832,1.5832,1.5832,1.5832,1.5832,1.5832,1.5832,1.5832,1.5832,1.5832,0.4523,1.5855,2.7399,3.8449,3.8449,3.8449,3.8449,3.8449,3.8449,3.8449,3.8449,3.8449
1.5815,1.5815,1.5815,1.5815,1.5815,1.5815,1.5815,1.5815,1.5815,1.5815,1.5815,1.5815,0.48,3.8407,3.8407,3.8407,3.8407,3.8407,3.8407,3.8407,3.8407,3.8407,3.8407,3.8407,3.8407
1.5797,1.5797,1.5797,1.5797,1.5797,1.5797,1.5797,1.5797,1.5797,1.5797,1.5797,1.5797,1.5797,0.8752,3.199,3.8365,3.8365,3.8365,3.8365,3.8365,3.8365,3.8365,3.8365,3.8365,3.8365
0.9172,0.9809,1.0575,1.1514,1.2478,1.3519,1.456,1.561,1.578,1.578,1.578,1.578,1.578,1.5673,3.8323,3.8323,3.8323,3.8323,3.8323,3.8323,3.8323,3.8323,3.8323,3.8323,3.8323
1.5763,1.5763,1.5763,1.5763,1.5763,1.5763,1.5763,1.5763,1.5763,1.5763,1.5763,1.5763,0.5414,3.828,3.828,3.828,3.828,3.828,3.828,3.828,3.828,3.828,3.828,3.828,3.828
1.5745,1.5745,1.5745,1.5745,1.5745,1.5745,1.5745,1.5745,1.5745,1.5745,1.5745,1.5745,1.5745,0.4499,1.518,2.6234,3.7328,3.8238,3.8238,3.8238,3.8238,3.8238,3.8238,3.8238,3.8238
1.131,1.2096,1.304,1.4197,1.5387,1.5728,1.5728,1.5728,1.5728,1.5728,1.5728,1.5728,0.7558,3.8196,3.8196,3.8196,3.8196,3.8196,3.8196,3.8196,3.8196,3.8196,3.8196,3.8196,3.8196
1.5711,1.5711,1.5711,1.5711,1.5711,1.5711,1.5711,1.5711,1.5711,1.5711,1.5711,1.5711,1.5711,3.8155,3.8155,3.8155,3.8155,3.8155,3.8155,3.8155,3.8155,3.8155,3.8155,3.8155,3.8155
1.338,1.431,1.5427,1.5693,1.5693,1.5693,1.5693,1.5693,1.5693,1.5693,1.5693,1.5693,1.5693,0.5621,2.0548,3.551,3.8113,3.8113,3.8113,3.8113,3.8113,3.8113,3.8113,3.8113,3.8113
1.5676,1.5676,1.5676,1.5676,1.5676,1.5676,1.5676,1.5676,1.5676,1.5676,1.5676,1.5676,0.4663,3.8071,3.8071,3.8071,3.8071,3.8071,3.8071,3.8071,3.8071,3.8071,3.8071,3.8071,3.8071
1.5659,1.5659,1.5659,1.5659,1.5659,1.5659,1.5659,1.5659,1.5659,1.5659,1.5659,1.5659,1.5659,0.5661,2.0695,3.5764,3.8029,3.8029,3.8029,3.8029,3.8029,3.8029,3.8029,3.8029,3.8029
0.92,0.984,1.0608,1.1549,1.2516,1.356,1.4605,1.5642,1.5642,1.5642,1.5642,1.5642,1.5642,3.7988,3.7988,3.7988,3.7988,3.7988,3.7988,3.7988,3.7988,3.7988,3.7988,3.7988,3.7988
1.5625,1.5625,1.5625,1.5625,1.5625,1.5625,1.5625,1.5625,1.5625,1.5625,1.5625,1.5625,0.7773,3.7947,3.7947,3.7947,3.7947,3.7947,3.7947,3.7947,3.7947,3.7947,3.7947,3.7947,3.7947
1.5608,1.5608,1.5608,1.5608,1.5608,1.5608,1.5608,1.5608,1.5608,1.5608,1.5608,1.5608,1.5608,0.4459,1.5717,2.7162,3.7905,3.7905,3.7905,3.7905,3.7905,3.7905,3.7905,3.7905,3.7905
1.5591,1.5591,1.5591,1.5591,1.5591,1.5591,1.5591,1.5591,1.5591,1.5591,1.5591,1.5591,0.5647,3.7864,3.7864,3.7864,3.7864,3.7864,3.7864,3.7864,3.7864,3.7864,3.7864,3.7864,3.7864
1.5574,1.5574,1.5574,1.5574,1.5574,1.5574,1.5574,1.5574,1.5574,1.5574,1.5574,1.5574,1.5574,1.6406,3.7823,3.7823,3.7823,3.7823,3.7823,3.7823,3.7823,3.7823,3.7823,3.7823,3.7823
1.0558,1.1291,1.2173,1.3253,1.4363,1.5557,1.5557,1.5557,1.5557,1.5557,1.5557,1.5557,1.5557,0.9326,3.4089,3.7782,3.7782,3.7782,3.7782,3.7782,3.7782,3.7782,3.7782,3.7782,3.7782
1.554,1.554,1.554,1.554,1.554,1.554,1.554,1.554,1.554,1.554,1.554,1.554,0.5147,3.7741,3.7741,3.7741,3.7741,3.7741,3.7741,3.7741,3.7741,3.7741,3.7741,3.7741,3.7741
1.5524,1.5524,1.5524,1.5524,1.5524,1.5524,1.5524,1.5524,1.5524,1.5524,1.5524,1.5524,1.5524,0.4685,1.7125,2.9594,3.77,3.77,3.77,3.77,3.77,3.77,3.77,3.77,3.77
1.05,1.1229,1.2106,1.318,1.4284,1.5475,1.5507,1.5507,1.5507,1.5507,1.5507,1.5507,1.1491,3.7659,3.7659,3.7659,3.7659,3.7659,3.7659,3.7659,3.7659,3.7659,3.7659,3.7659,3.7659
1.549,1.549,1.549,1.549,1.549,1.549,1.549,1.549,1.549,1.549,1.549,1.549,1.549,3.7619,3.7619,3.7619,3.7619,3.7619,3.7619,3.7619,3.7619,3.7619,3.7619,3.7619,3.7619
1.5473,1.5473,1.5473,1.5473,1.5473,1.5473,1.5473,1.5473,1.5473,1.5473,1.5473,1.5473,1.5473,0.5082,1.8575,3.2101,3.7578,3.7578,3.7578,3.7578,3.7578,3.7578,3.7578,3.7578,3.7578
1.5457,1.5457,1.5457,1.5457,1.5457,1.5457,1.5457,1.5457,1.5457,1.5457,1.5457,1.5457,0.5068,3.7537,3.7537,3.7537,3.7537,3.7537,3.7537,3.7537,3.7537,3.7537,3.7537,3.7537,3.7537
1.544,1.544,1.544,1.544,1.544,1.544,1.544,1.544,1.544,1.544,1.544,1.544,1.544,0.7708,2.8175,3.7497,3.7497,3.7497,3.7497,3.7497,3.7497,3.7497,3.7497,3.7497,3.7497
0.9822,1.0505,1.1325,1.233,1.3363,1.4477,1.5423,1.5423,1.5423,1.5423,1.5423,1.5423,1.5423,3.4928,3.7457,3.7457,3.7457,3.7457,3.7457,3.7457,3.7457,3.7457,3.7457,3.7457,3.7457
1.5407,1.5407,1.5407,1.5407,1.5407,1.5407,1.5407,1.5407,1.5407,1.5407,1.5407,1.5407,0.6576,3.7416,3.7416,3.7416,3.7416,3.7416,3.7416,3.7416,3.7416,3.7416,3.7416,3.7416,3.7416
1.539,1.539,1.539,1.539,1.539,1.539,1.539,1.539,1.539,1.539,1.539,1.539,1.539,0.451,1.6485,2.8488,3.7376,3.7376,3.7376,3.7376,3.7376,3.7376,3.7376,3.7376,3.7376
1.4036,1.5011,1.5374,1.5374,1.5374,1.5374,1.5374,1.5374,1.5374,1.5374,1.5374,1.5374,0.7157,3.7336,3.7336,3.7336,3.7336,3.7336,3.7336,3.7336,3.7336,3.7336,3.7336,3.7336,3.7336
1.5357,1.5357,1.5357,1.5357,1.5357,1.5357,1.5357,1.5357,1.5357,1.5357,1.5357,1.5357,1.5357,3.7296,3.7296,3.7296,3.7296,3.7296,3.7296,3.7296,3.7296,3.7296,3.7296,3.7296,3.7296
1.3013,1.3917,1.5003,1.5341,1.5341,1.5341,1.5341,1.5341,1.5341,1.5341,1.5341,1.5341,1.5341,0.7151,2.6141,3.7256,3.7256,3.7256,3.7256,3.7256,3.7256,3.7256,3.7256,3.7256,3.7256
1.5324,1.5324,1.5324,1.5324,1.5324,1.5324,1.5324,1.5324,1.5324,1.5324,1.5324,1.5324,0.5206,3.7216,3.7216,3.7216,3.7216,3.7216,3.7216,3.7216,3.7216,3.7216,3.7216,3.7216,3.7216
1.5308,1.5308,1.5308,1.5308,1.5308,1.5308,1.5308,1.5308,1.5308,1.5308,1.5308,1.5308,1.5308,0.5634,2.0593,3.5589,3.7177,3.7177,3.7177,3.7177,3.7177,3.7177,3.7177,3.7177,3.7177
1.0418,1.1141,1.2011,1.3077,1.4172,1.5292,1.5292,1.5292,1.5292,1.5292,1.5292,1.5292,1.5292,3.7137,3.7137,3.7137,3.7137,3.7137,3.7137,3.7137,3.7137,3.7137,3.7137,3.7137,3.7137
1.5275,1.5275,1.5275,1.5275,1.5275,1.5275,1.5275,1.5275,1.5275,1.5275,1.5275,1.5275,1.0563,3.7097,3.7097,3.7097,3.7097,3.7097,3.7097,3.7097,3.7097,3.7097,3.7097,3.7097,3.7097
1.5259,1.5259,1.5259,1.5259,1.5259,1.5259,1.5259,1.5259,1.5259,1.5259,1.5259,1.5259,1.5259,0.494,1.8057,3.1205,3.7058,3.7058,3.7058,3.7058,3.7058,3.7058,3.7058,3.7058,3.7058
1.5243,1.5243,1.5243,1.5243,1.5243,1.5243,1.5243,1.5243,1.5243,1.5243,1.5243,1.5243,0.5841,3.7019,3.7019,3.7019,3.7019,3.7019,3.7019,3.7019,3.7019,3.7019,3.7019,3.7019,3.7019
1.5227,1.5227,1.5227,1.5227,1.5227,1.5227,1.5227,1.5227,1.5227,1.5227,1.5227,1.5227,1.5227,1.2304,3.6979,3.6979,3.6979,3.6979,3.6979,3.6979,3.6979,3.6979,3.6979,3.6979,3.6979
1.1108,1.188,1.2807,1.3943,1.5112,1.5211,1.5211,1.5211,1.5211,1.5211,1.5211,1.5211,1.5211,1.4176,3.694,3.694,3.694,3.694,3.694,3.694,3.694,3.694,3.694,3.694,3.694
1.5194,1.5194,1.5194,1.5194,1.5194,1.5194,1.5194,1.5194,1.5194,1.5194,1.5194,1.5194,0.6101,3.6901,3.6901,3.6901,3.6901,3.6901,3.6901,3.6901,3.6901,3.6901,3.6901,3.6901,3.6901
1.5178,1.5178,1.5178,1.5178,1.5178,1.5178,1.5178,1.5178,1.5178,1.5178,1.5178,1.5178,1.5178,0.5009,1.8309,3.1641,3.6862,3.6862,3.6862,3.6862,3.6862,3.6862,3.6862,3.6862,3.6862
1.2663,1.3542,1.46,1.5162,1.5162,1.5162,1.5162,1.5162,1.5162,1.5162,1.5162,1.5162,1.0089,3.6823,3.6823,3.6823,3.6823,3.6823,3.6823,3.6823,3.6823,3.6823,3.6823,3.6823,3.6823
1.5146,1.5146,1.5146,1.5146,1.5146,1.5146,1.5146,1.5146,1.5146,1.5146,1.5146,1.5146,1.5146,3.6784,3.6784,3.6784,3.6784,3.6784,3.6784,3.6784,3.6784,3.6784,3.6784,3.6784,3.6784
1.513,1.513,1.513,1.513,1.513,1.513,1.513,1.513,1.513,1.513,1.513,1.513,1.513,0.6246,2.283,3.6745,3.6745,3.6745,3.6745,3.6745,3.6745,3.6745,3.6745,3.6745,3.6745
1.5114,1.5114,1.5114,1.5114,1.5114,1.5114,1.5114,1.5114,1.5114,1.5114,1.5114,1.5114,0.5585,3.6706,3.6706,3.6706,3.6706,3.6706,3.6706,3.6706,3.6706,3.6706,3.6706,3.6706,3.6706
1.5098,1.5098,1.5098,1.5098,1.5098,1.5098,1.5098,1.5098,1.5098,1.5098,1.5098,1.5098,1.5098,0.7354,2.688,3.6668,3.6668,3.6668,3.6668,3.6668,3.6668,3.6668,3.6668,3.6668,3.6668
1.0988,1.1751,1.2669,1.3792,1.4948,1.5083,1.5083,1.5083,1.5083,1.5083,1.5083,1.5083,1.5083,3.6629,3.6629,3.6629,3.6629,3.6629,3.6629,3.6629,3.6629,3.6629,3.6629,3.6629,3.6629
1.5067,1.5067,1.5067,1.5067,1.5067,1.5067,1.5067,1.5067,1.5067,1.5067,1.5067,1.5067,0.8456,3.6591,3.6591,3.6591,3.6591,3.6591,3.6591,3.6591,3.6591,3.6591,3.6591,3.6591,3.6591
1.5051,1.5051,1.5051,1.5051,1.5051,1.5051,1.5051,1.5051,1.5051,1.5051,1.5051,1.5051,1.5051,0.512,1.8716,3.2345,3.6552,3.6552,3.6552,3.6552,3.6552,3.6552,3.6552,3.6552,3.6552
1.5035,1.5035,1.5035,1.5035,1.5035,1.5035,1.5035,1.5035,1.5035,1.5035,1.5035,1.5035,0.7218,3.6514,3.6514,3.6514,3.6514,3.6514,3.6514,3.6514,3.6514,3.6514,3.6514,3.6514,3.6514
1.5019,1.5019,1.5019,1.5019,1.5019,1.5019,1.5019,1.5019,1.5019,1.5019,1.5019,1.5019,1.5019,2.8746,3.6476,3.6476,3.6476,3.6476,3.6476,3.6476,3.6476,3.6476,3.6476,3.6476,3.6476
1.3424,1.4356,1.5004,1.5004,1.5004,1.5004,1.5004,1.5004,1.5004,1.5004,1.5004,1.5004,1.5004,0.9784,3.5765,3.6437,3.6437,3.6437,3.6437,3.6437,3.6437,3.6437,3.6437,3.6437,3.6437
1.4988,1.4988,1.4988,1.4988,1.4988,1.4988,1.4988,1.4988,1.4988,1.4988,1.4988,1.4988,0.6093,3.6399,3.6399,3.6399,3.6399,3.6399,3.6399,3.6399,3.6399,3.6399,3.6399,3.6399,3.6399
1.4972,1.4972,1.4972,1.4972,1.4972,1.4972,1.4972,1.4972,1.4972,1.4972,1.4972,1.4972,1.4972,0.5932,2.1682,3.6361,3.6361,3.6361,3.6361,3.6361,3.6361,3.6361,3.6361,3.6361,3.6361
1.2392,1.3253,1.4288,1.4957,1.4957,1.4957,1.4957,1.4957,1.4957,1.4957,1.4957,1.4957,1.4957,3.6323,3.6323,3.6323,3.6323,3.6323,3.6323,3.6323,3.6323,3.6323,3.6323,3.6323,3.6323
1.4941,1.4941,1.4941,1.4941,1.4941,1.4941,1.4941,1.4941,1.4941,1.4941,1.4941,1.4941,1.4941,3.6286,3.6286,3.6286,3.6286,3.6286,3.6286,3.6286,3.6286,3.6286,3.6286,3.6286,3.6286
1.4926,1.4926,1.4926,1.4926,1.4926,1.4926,1.4926,1.4926,1.4926,1.4926,1.4926,1.4926,1.4926,0.5977,2.1846,3.6248,3.6248,3.6248,3.6248,3.6248,3.6248,3.6248,3.6248,3.6248,3.6248
1.491,1.491,1.491,1.491,1.491,1.491,1.491,1.491,1.491,1.491,1.491,1.491,0.638,3.621,3.621,3.621,3.621,3.621,3.621,3.621,3.621,3.621,3.621,3.621,3.621
1.4895,1.4895,1.4895,1.4895,1.4895,1.4895,1.4895,1.4895,1.4895,1.4895,1.4895,1.4895,1.4895,1.0829,3.6172,3.6172,3.6172,3.6172,3.6172,3.6172,3.6172,3.6172,3.6172,3.6172,3.6172
1.2344,1.3201,1.4232,1.4879,1.4879,1.4879,1.4879,1.4879,1.4879,1.4879,1.4879,1.4879,1.4879,2.6424,3.6135,3.6135,3.6135,3.6135,3.6135,3.6135,3.6135,3.6135,3.6135,3.6135,3.6135
1.4864,1.4864,1.4864,1.4864,1.4864,1.4864,1.4864,1.4864,1.4864,1.4864,1.4864,1.4864,0.7665,3.6097,3.6097,3.6097,3.6097,3.6097,3.6097,3.6097,3.6097,3.6097,3.6097,3.6097,3.6097
1.4848,1.4848,1.4848,1.4848,1.4848,1.4848,1.4848,1.4848,1.4848,1.4848,1.4848,1.4848,1.4848,0.566,2.0691,3.5757,3.606,3.606,3.606,3.606,3.606,3.606,3.606,3.606,3.606
1.4833,1.4833,1.4833,1.4833,1.4833,1.4833,1.4833,1.4833,1.4833,1.4833,1.4833,1.4833,0.9787,3.6023,3.6023,3.6023,3.6023,3.6023,3.6023,3.6023,3.6023,3.6023,3.6023,3.6023,3.6023
1.4818,1.4818,1.4818,1.4818,1.4818,1.4818,1.4818,1.4818,1.4818,1.4818,1.4818,1.4818,1.4818,3.5986,3.5986,3.5986,3.5986,3.5986,3.5986,3.5986,3.5986,3.5986,3.5986,3.5986,3.5986
1.4802,1.4802,1.4802,1.4802,1.4802,1.4802,1.4802,1.4802,1.4802,1.4802,1.4802,1.4802,1.4802,0.8217,3.0037,3.5948,3.5948,3.5948,3.5948,3.5948,3.5948,3.5948,3.5948,3.5948,3.5948
1.4787,1.4787,1.4787,1.4787,1.4787,1.4787,1.4787,1.4787,1.4787,1.4787,1.4787,1.4787,0.6526,3.5911,3.5911,3.5911,3.5911,3.5911,3.5911,3.5911,3.5911,3.5911,3.5911,3.5911,3.5911
1.4772,1.4772,1.4772,1.4772,1.4772,1.4772,1.4772,1.4772,1.4772,1.4772,1.4772,1.4772,1.4772,0.7605,2.78,3.5874,3.5874,3.5874,3.5874,3.5874,3.5874,3.5874,3.5874,3.5874,3.5874
1.3059,1.3966,1.4757,1.4757,1.4757,1.4757,1.4757,1.4757,1.4757,1.4757,1.4757,1.4757,1.4757,3.5837,3.5837,3.5837,3.5837,3.5837,3.5837,3.5837,3.5837,3.5837,3.5837,3.5837,3.5837
1.4741,1.4741,1.4741,1.4741,1.4741,1.4741,1.4741,1.4741,1.4741,1.4741,1.4741,1.4741,1.1827,3.5801,3.5801,3.5801,3.5801,3.5801,3.5801,3.5801,3.5801,3.5801,3.5801,3.5801,3.5801
1.4726,1.4726,1.4726,1.4726,1.4726,1.4726,1.4726,1.4726,1.4726,1.4726,1.4726,1.4726,1.4726,0.6193,2.2637,3.5764,3.5764,3.5764,3.5764,3.5764,3.5764,3.5764,3.5764,3.5764,3.5764
1.4711,1.4711,1.4711,1.4711,1.4711,1.4711,1.4711,1.4711,1.4711,1.4711,1.4711,1.4711,0.7846,3.5727,3.5727,3.5727,3.5727,3.5727,3.5727,3.5727,3.5727,3.5727,3.5727,3.5727,3.5727
1.4696,1.4696,1.4696,1.4696,1.4696,1.4696,1.4696,1.4696,1.4696,1.4696,1.4696,1.4696,1.4696,1.9893,3.569,3.569,3.569,3.569,3.569,3.569,3.569,3.569,3.569,3.569,3.569
1.4681,1.4681,1.4681,1.4681,1.4681,1.4681,1.4681,1.4681,1.4681,1.4681,1.4681,1.4681,1.4681,1.5008,3.5654,3.5654,3.5654,3.5654,3.5654,3.5654,3.5654,3.5654,3.5654,3.5654,3.5654
1.4666,1.4666,1.4666,1.4666,1.4666,1.4666,1.4666,1.4666,1.4666,1.4666,1.4666,1.4666,0.7652,3.5617,3.5617,3.5617,3.5617,3.5617,3.5617,3.5617,3.5617,3.5617,3.5617,3.5617,3.5617
1.4651,1.4651,1.4651,1.4651,1.4651,1.4651,1.4651,1.4651,1.4651,1.4651,1.4651,1.4651,1.4651,0.6733,2.4613,3.5581,3.5581,3.5581,3.5581,3.5581,3.5581,3.5581,3.5581,3.5581,3.5581
1.4636,1.4636,1.4636,1.4636,1.4636,1.4636,1.4636,1.4636,1.4636,1.4636,1.4636,1.4636,1.4636,3.5545,3.5545,3.5545,3.5545,3.5545,3.5545,3.5545,3.5545,3.5545,3.5545,3.5545,3.5545
1.4621,1.4621,1.4621,1.4621,1.4621,1.4621,1.4621,1.4621,1.4621,1.4621,1.4621,1.4621,1.4621,3.5508,3.5508,3.5508,3.5508,3.5508,3.5508,3.5508,3.5508,3.5508,3.5508,3.5508,3.5508
1.4606,1.4606,1.4606,1.4606,1.4606,1.4606,1.4606,1.4606,1.4606,1.4606,1.4606,1.4606,1.4606,0.7833,2.8632,3.5472,3.5472,3.5472,3.5472,3.5472,3.5472,3.5472,3.5472,3.5472,3.5472
1.4591,1.4591,1.4591,1.4591,1.4591,1.4591,1.4591,1.4591,1.4591,1.4591,1.4591,1.4591,0.7546,3.5436,3.5436,3.5436,3.5436,3.5436,3.5436,3.5436,3.5436,3.5436,3.5436,3.5436,3.5436
1.4577,1.4577,1.4577,1.4577,1.4577,1.4577,1.4577,1.4577,1.4577,1.4577,1.4577,1.4577,1.4577,1.0897,3.54,3.54,3.54,3.54,3.54,3.54,3.54,3.54,3.54,3.54,3.54
1.4562,1.4562,1.4562,1.4562,1.4562,1.4562,1.4562,1.4562,1.4562,1.4562,1.4562,1.4562,1.4562,3.5364,3.5364,3.5364,3.5364,3.5364,3.5364,3.5364,3.5364,3.5364,3.5364,3.5364,3.5364
1.4547,1.4547,1.4547,1.4547,1.4547,1.4547,1.4547,1.4547,1.4547,1.4547,1.4547,1.4547,1.0577,3.5328,3.5328,3.5328,3.5328,3.5328,3.5328,3.5328,3.5328,3.5328,3.5328,3.5328,3.5328
1.4532,1.4532,1.4532,1.4532,1.4532,1.4532,1.4532,1.4532,1.4532,1.4532,1.4532,1.4532,1.4532,0.698,2.5514,3.5292,3.5292,3.5292,3.5292,3.5292,3.5292,3.5292,3.5292,3.5292,3.5292
1.4517,1.4517,1.4517,1.4517,1.4517,1.4517,1.4517,1.4517,1.4517,1.4517,1.4517,1.4517,1.0649,3.5257,3.5257,3.5257,3.5257,3.5257,3.5257,3.5257,3.5257,3.5257,3.5257,3.5257,3.5257
1.4503,1.4503,1.4503,1.4503,1.4503,1.4503,1.4503,1.4503,1.4503,1.4503,1.4503,1.4503,1.4503,3.5221,3.5221,3.5221,3.5221,3.5221,3.5221,3.5221,3.5221,3.5221,3.5221,3.5221,3.5221
1.4488,1.4488,1.4488,1.4488,1.4488,1.4488,1.4488,1.4488,1.4488,1.4488,1.4488,1.4488,1.4488,1.2118,3.5185,3.5185,3.5185,3.5185,3.5185,3.5185,3.5185,3.5185,3.5185,3.5185,3.5185
1.4473,1.4473,1.4473,1.4473,1.4473,1.4473,1.4473,1.4473,1.4473,1.4473,1.4473,1.4473,0.8414,3.515,3.515,3.515,3.515,3.515,3.515,3.515,3.515,3.515,3.515,3.515,3.515
1.4459,1.4459,1.4459,1.4459,1.4459,1.4459,1.4459,1.4459,1.4459,1.4459,1.4459,1.4459,1.4459,0.8816,3.2225,3.5114,3.5114,3.5114,3.5114,3.5114,3.5114,3.5114,3.5114,3.5114,3.5114
1.4444,1.4444,1.4444,1.4444,1.4444,1.4444,1.4444,1.4444,1.4444,1.4444,1.4444,1.4444,1.4444,3.5079,3.5079,3.5079,3.5079,3.5079,3.5079,3.5079,3.5079,3.5079,3.5079,3.5079,3.5079
1.443,1.443,1.443,1.443,1.443,1.443,1.443,1.443,1.443,1.443,1.443,1.443,1.443,3.5044,3.5044,3.5044,3.5044,3.5044,3.5044,3.5044,3.5044,3.5044,3.5044,3.5044,3.5044
1.4415,1.4415,1.4415,1.4415,1.4415,1.4415,1.4415,1.4415,1.4415,1.4415,1.4415,1.4415,1.4415,0.8394,3.0682,3.5009,3.5009,3.5009,3.5009,3.5009,3.5009,3.5009,3.5009,3.5009,3.5009
1.4401,1.4401,1.4401,1.4401,1.4401,1.4401,1.4401,1.4401,1.4401,1.4401,1.4401,1.4401,0.9646,3.4973,3.4973,3.4973,3.4973,3.4973,3.4973,3.4973,3.4973,3.4973,3.4973,3.4973,3.4973
1.4386,1.4386,1.4386,1.4386,1.4386,1.4386,1.4386,1.4386,1.4386,1.4386,1.4386,1.4386,1.4386,1.8759,3.4938,3.4938,3.4938,3.4938,3.4938,3.4938,3.4938,3.4938,3.4938,3.4938,3.4938
1.4372,1.4372,1.4372,1.4372,1.4372,1.4372,1.4372,1.4372,1.4372,1.4372,1.4372,1.4372,1.4372,2.8633,3.4903,3.4903,3.4903,3.4903,3.4903,3.4903,3.4903,3.4903,3.4903,3.4903,3.4903
1.4358,1.4358,1.4358,1.4358,1.4358,1.4358,1.4358,1.4358,1.4358,1.4358,1.4358,1.4358,1.1001,3.4868,3.4868,3.4868,3.4868,3.4868,3.4868,3.4868,3.4868,3.4868,3.4868,3.4868,3.4868
1.4343,1.4343,1.4343,1.4343,1.4343,1.4343,1.4343,1.4343,1.4343,1.4343,1.4343,1.4343,1.4343,0.8793,3.2141,3.4833,3.4833,3.4833,3.4833,3.4833,3.4833,3.4833,3.4833,3.4833,3.4833
1.4329,1.4329,1.4329,1.4329,1.4329,1.4329,1.4329,1.4329,1.4329,1.4329,1.4329,1.4329,1.4329,3.4799,3.4799,3.4799,3.4799,3.4799,3.4799,3.4799,3.4799,3.4799,3.4799,3.4799,3.4799
1.4315,1.4315,1.4315,1.4315,1.4315,1.4315,1.4315,1.4315,1.4315,1.4315,1.4315,1.4315,1.4315,3.4764,3.4764,3.4764,3.4764,3.4764,3.4764,3.4764,3.4764,3.4764,3.4764,3.4764,3.4764
1.43,1.43,1.43,1.43,1.43,1.43,1.43,1.43,1.43,1.43,1.43,1.43,1.43,1.2116,3.4729,3.4729,3.4729,3.4729,3.4729,3.4729,3.4729,3.4729,3.4729,3.4729,3.4729
1.4286,1.4286,1.4286,1.4286,1.4286,1.4286,1.4286,1.4286,1.4286,1.4286,1.4286,1.4286,1.0542,3.4695,3.4695,3.4695,3.4695,3.4695,3.4695,3.4695,3.4695,3.4695,3.4695,3.4695,3.4695
1.4272,1.4272,1.4272,1.4272,1.4272,1.4272,1.4272,1.4272,1.4272,1.4272,1.4272,1.4272,1.4272,1.3453,3.466,3.466,3.466,3.466,3.466,3.466,3.466,3.466,3.466,3.466,3.466
1.4258,1.4258,1.4258,1.4258,1.4258,1.4258,1.4258,1.4258,1.4258,1.4258,1.4258,1.4258,1.4258,3.4626,3.4626,3.4626,3.4626,3.4626,3.4626,3.4626,3.4626,3.4626,3.4626,3.4626,3.4626
1.4243,1.4243,1.4243,1.4243,1.4243,1.4243,1.4243,1.4243,1.4243,1.4243,1.4243,1.4243,1.4243,3.4591,3.4591,3.4591,3.4591,3.4591,3.4591,3.4591,3.4591,3.4591,3.4591,3.4591,3.4591
1.4229,1.4229,1.4229,1.4229,1.4229,1.4229,1.4229,1.4229,1.4229,1.4229,1.4229,1.4229,1.4229,1.0578,3.4557,3.4557,3.4557,3.4557,3.4557,3.4557,3.4557,3.4557,3.4557,3.4557,3.4557
1.4215,1.4215,1.4215,1.4215,1.4215,1.4215,1.4215,1.4215,1.4215,1.4215,1.4215,1.4215,1.4215,3.4523,3.4523,3.4523,3.4523,3.4523,3.4523,3.4523,3.4523,3.4523,3.4523,3.4523,3.4523
1.4201,1.4201,1.4201,1.4201,1.4201,1.4201,1.4201,1.4201,1.4201,1.4201,1.4201,1.4201,1.4201,3.4488,3.4488,3.4488,3.4488,3.4488,3.4488,3.4488,3.4488,3.4488,3.4488,3.4488,3.4488
1.4187,1.4187,1.4187,1.4187,1.4187,1.4187,1.4187,1.4187,1.4187,1.4187,1.4187,1.4187,1.4187,2.3697,3.4454,3.4454,3.4454,3.4454,3.4454,3.4454,3.4454,3.4454,3.4454,3.4454,3.4454
1.4173,1.4173,1.4173,1.4173,1.4173,1.4173,1.4173,1.4173,1.4173,1.4173,1.4173,1.4173,1.4173,3.442,3.442,3.442,3.442,3.442,3.442,3.442,3.442,3.442,3.442,3.442,3.442
1.4159,1.4159,1.4159,1.4159,1.4159,1.4159,1.4159,1.4159,1.4159,1.4159,1.4159,1.4159,1.4159,1.3729,3.4386,3.4386,3.4386,3.4386,3.4386,3.4386,3.4386,3.4386,3.4386,3.4386,3.4386
1.4145,1.4145,1.4145,1.4145,1.4145,1.4145,1.4145,1.4145,1.4145,1.4145,1.4145,1.4145,1.4145,3.4352,3.4352,3.4352,3.4352,3.4352,3.4352,3.4352,3.4352,3.4352,3.4352,3.4352,3.4352
1.4131,1.4131,1.4131,1.4131,1.4131,1.4131,1.4131,1.4131,1.4131,1.4131,1.4131,1.4131,1.4131,3.4318,3.4318,3.4318,3.4318,3.4318,3.4318,3.4318,3.4318,3.4318,3.4318,3.4318,3.4318
1.4117,1.4117,1.4117,1.4117,1.4117,1.4117,1.4117,1.4117,1.4117,1.4117,1.4117,1.4117,1.4117,1.6536,3.4285,3.4285,3.4285,3.4285,3.4285,3.4285,3.4285,3.4285,3.4285,3.4285,3.4285
1.4103,1.4103,1.4103,1.4103,1.4103,1.4103,1.4103,1.4103,1.4103,1.4103,1.4103,1.4103,1.4103,3.4251,3.4251,3.4251,3.4251,3.4251,3.4251,3.4251,3.4251,3.4251,3.4251,3.4251,3.4251
1.4089,1.4089,1.4089,1.4089,1.4089,1.4089,1.4089,1.4089,1.4089,1.4089,1.4089,1.4089,1.4089,3.0265,3.4217,3.4217,3.4217,3.4217,3.4217,3.4217,3.4217,3.4217,3.4217,3.4217,3.4217
1.4076,1.4076,1.4076,1.4076,1.4076,1.4076,1.4076,1.4076,1.4076,1.4076,1.4076,1.4076,1.4076,3.4184,3.4184,3.4184,3.4184,3.4184,3.4184,3.4184,3.4184,3.4184,3.4184,3.4184,3.4184
1.4062,1.4062,1.4062,1.4062,1.4062,1.4062,1.4062,1.4062,1.4062,1.4062,1.4062,1.4062,1.4062,3.415,3.415,3.415,3.415,3.415,3.415,3.415,3.415,3.415,3.415,3.415,3.415
1.4048,1.4048,1.4048,1.4048,1.4048,1.4048,1.4048,1.4048,1.4048,1.4048,1.4048,1.4048,1.4048,2.2714,3.4117,3.4117,3.4117,3.4117,3.4117,3.4117,3.4117,3.4117,3.4117,3.4117,3.4117
1.4034,1.4034,1.4034,1.4034,1.4034,1.4034,1.4034,1.4034,1.4034,1.4034,1.4034,1.4034,1.4034,3.4083,3.4083,3.4083,3.4083,3.4083,3.4083,3.4083,3.4083,3.4083,3.4083,3.4083,3.4083
1.4021,1.4021,1.4021,1.4021,1.4021,1.4021,1.4021,1.4021,1.4021,1.4021,1.4021,1.4021,1.4021,3.405,3.405,3.405,3.405,3.405,3.405,3.405,3.405,3.405,3.405,3.405,3.405
1.4007,1.4007,1.4007,1.4007,1.4007,1.4007,1.4007,1.4007,1.4007,1.4007,1.4007,1.4007,1.4007,3.4017,3.4017,3.4017,3.4017,3.4017,3.4017,3.4017,3.4017,3.4017,3.4017,3.4017,3.4017
