1.6008,1.6008,1.6008,1.6008,1.6008,1.6008,1.6008,1.6008,1.6008,1.6008,1.6008,1.6008,1.6008,1.6008,1.6008,1.6008,1.6008,1.6008,1.6008,1.6008,1.6008,1.6008,1.6008,1.6008,1.6008,1.6008
1.6023,1.6023,1.6023,1.6023,1.6023,1.6023,1.6023,1.6023,1.6023,1.6023,1.6023,1.6023,1.6023,1.6023,1.6023,1.6023,1.6023,1.6023,1.6023,1.6023,1.6023,1.6023,1.6023,1.6023,1.6023,1.6023
1.6039,1.6039,1.6039,1.6039,1.6039,1.6039,1.6039,1.6039,1.6039,1.6039,1.6039,1.6039,1.6039,1.6039,1.6039,1.6039,1.6039,1.6039,1.6039,1.6039,1.6039,1.6039,1.6039,1.6039,1.6039,1.6039
1.6055,1.6055,1.6055,1.6055,1.6055,1.6055,1.6055,1.6055,1.6055,1.6055,1.6055,1.6055,1.6055,1.6055,1.6055,1.6055,1.6055,1.6055,1.6055,1.6055,1.6055,1.6055,1.6055,1.6055,1.6055,1.6055
1.6071,1.6071,1.6071,1.6071,1.6071,1.6071,1.6071,1.6071,1.6071,1.6071,1.6071,1.6071,1.6071,1.6071,1.6071,1.6071,1.6071,1.6071,1.6071,1.6071,1.6071,1.6071,1.6071,1.6071,1.6071,1.6071
1.6086,1.6086,1.6086,1.6086,1.6086,1.6086,1.6086,1.6086,1.6086,1.6086,1.6086,1.6086,1.6086,1.6086,1.6086,1.6086,1.6086,1.6086,1.6086,1.6086,1.6086,1.6086,1.6086,1.6086,1.6086,1.6086
1.6102,1.6102,1.6102,1.6102,1.6102,1.6102,1.6102,1.6102,1.6102,1.6102,1.6102,1.6102,1.6102,1.6102,1.6102,1.6102,1.6102,1.6102,1.6102,1.6102,1.6102,1.6102,1.6102,1.6102,1.6102,1.6102
1.6118,1.6118,1.6118,1.6118,1.6118,1.6118,1.6118,1.6118,1.6118,1.6118,1.6118,1.6118,1.6118,1.6118,1.6118,1.6118,1.6118,1.6118,1.6118,1.6118,1.6118,1.6118,1.6118,1.6118,1.6118,1.6118
1.6134,1.6134,1.6134,1.6134,1.6134,1.6134,1.6134,1.6134,1.6134,1.6134,1.6134,1.6134,1.6134,1.6134,1.6134,1.6134,1.6134,1.6134,1.6134,1.6134,1.6134,1.6134,1.6134,1.6134,1.6134,1.6134
1.615,1.615,1.615,1.615,1.615,1.615,1.615,1.615,1.615,1.615,1.615,1.615,1.615,1.615,1.615,1.615,1.615,1.615,1.615,1.615,1.615,1.615,1.615,1.615,1.615,1.615
1.6166,1.6166,1.6166,1.6166,1.6166,1.6166,1.6166,1.6166,1.6166,1.6166,1.6166,1.6166,1.6166,1.6166,1.6166,1.6166,1.6166,1.6166,1.6166,1.6166,1.6166,1.6166,1.6166,1.6166,1.6166,1.6166
1.6182,1.6182,1.6182,1.6182,1.6182,1.6182,1.6182,1.6182,1.6182,1.6182,1.6182,1.6182,1.6182,1.6182,1.6182,1.6182,1.6182,1.6182,1.6182,1.6182,1.6182,1.6182,1.6182,1.6182,1.6182,1.6182
1.6198,1.6198,1.6198,1.6198,1.6198,1.6198,1.6198,1.6198,1.6198,1.6198,1.6198,1.6198,1.6198,1.6198,1.6198,1.6198,1.6198,1.6198,1.6198,1.6198,1.6198,1.6198,1.6198,1.6198,1.6198,1.6198
1.6214,1.6214,1.6214,1.6214,1.6214,1.6214,1.6214,1.6214,1.6214,1.6214,1.6214,1.6214,1.6214,1.6214,1.6214,1.6214,1.6214,1.6214,1.6214,1.6214,1.6214,1.6214,1.6214,1.6214,1.6214,1.6214
1.623,1.623,1.623,1.623,1.623,1.623,1.623,1.623,1.623,1.623,1.623,1.623,1.623,1.623,1.623,1.623,1.623,1.623,1.623,1.623,1.623,1.623,1.623,1.623,1.623,1.623
1.6246,1.6246,1.6246,1.6246,1.6246,1.6246,1.6246,1.6246,1.6246,1.6246,1.6246,1.6246,1.6246,1.6246,1.6246,1.6246,1.6246,1.6246,1.6246,1.6246,1.6246,1.6246,1.6246,1.6246,1.6246,1.6246
1.6262,1.6262,1.6262,1.6262,1.6262,1.6262,1.6262,1.6262,1.6262,1.6262,1.6262,1.6262,1.6262,1.6262,1.6262,1.6262,1.6262,1.6262,1.6262,1.6262,1.6262,1.6262,1.6262,1.6262,1.6262,1.6262
1.6278,1.6278,1.6278,1.6278,1.6278,1.6278,1.6278,1.6278,1.6278,1.6278,1.6278,1.6278,1.6278,1.6278,1.6278,1.6278,1.6278,1.6278,1.6278,1.6278,1.6278,1.6278,1.6278,1.6278,1.6278,1.6278
1.6294,1.6294,1.6294,1.6294,1.6294,1.6294,1.6294,1.6294,1.6294,1.6294,1.6294,1.6294,1.6294,1.6294,1.6294,1.6294,1.6294,1.6294,1.6294,1.6294,1.6294,1.6294,1.6294,1.6294,1.6294,1.6294
1.6311,1.6311,1.6311,1.6311,1.6311,1.6311,1.6311,1.6311,1.6311,1.6311,1.6311,1.6311,1.6311,1.6311,1.6311,1.6311,1.6311,1.6311,1.6311,1.6311,1.6311,1.6311,1.6311,1.6311,1.6311,1.6311
1.6327,1.6327,1.6327,1.6327,1.6327,1.6327,1.6327,1.6327,1.6327,1.6327,1.6327,1.6327,1.6327,1.6327,1.6327,1.6327,1.6327,1.6327,1.6327,1.6327,1.6327,1.6327,1.6327,1.6327,1.6327,1.6327
1.6343,1.6343,1.6343,1.6343,1.6343,1.6343,1.6343,1.6343,1.6343,1.6343,1.6343,1.6343,1.6343,1.6343,1.6343,1.6343,1.6343,1.6343,1.6343,1.6343,1.6343,1.6343,1.6343,1.6343,1.6343,1.6343
1.6359,1.6359,1.6359,1.6359,1.6359,1.6359,1.6359,1.6359,1.6359,1.6359,1.6359,1.6359,1.6359,1.6359,1.6359,1.6359,1.6359,1.6359,1.6359,1.6359,1.6359,1.6359,1.6359,1.6359,1.6359,1.6359
1.6376,1.6376,1.6376,1.6376,1.6376,1.6376,1.6376,1.6376,1.6376,1.6376,1.6376,1.6376,1.6376,1.6376,1.6376,1.6376,1.6376,1.6376,1.6376,1.6376,1.6376,1.6376,1.6376,1.6376,1.6376,1.6376
1.6392,1.6392,1.6392,1.6392,1.6392,1.6392,1.6392,1.6392,1.6392,1.6392,1.6392,1.6392,1.6392,1.6392,1.6392,1.6392,1.6392,1.6392,1.6392,1.6392,1.6392,1.6392,1.6392,1.6392,1.6392,1.6392
1.6409,1.6409,1.6409,1.6409,1.6409,1.6409,1.6409,1.6409,1.6409,1.6409,1.6409,1.6409,1.6409,1.6409,1.6409,1.6409,1.6409,1.6409,1.6409,1.6409,1.6409,1.6409,1.6409,1.6409,1.6409,1.6409
1.6425,1.6425,1.6425,1.6425,1.6425,1.6425,1.6425,1.6425,1.6425,1.6425,1.6425,1.6425,1.6425,1.6425,1.6425,1.6425,1.6425,1.6425,1.6425,1.6425,1.6425,1.6425,1.6425,1.6425,1.6425,1.6425
1.6442,1.6442,1.6442,1.6442,1.6442,1.6442,1.6442,1.6442,1.6442,1.6442,1.6442,1.6442,1.6442,1.6442,1.6442,1.6442,1.6442,1.6442,1.6442,1.6442,1.6442,1.6442,1.6442,1.6442,1.6442,1.6442
1.6458,1.6458,1.6458,1.6458,1.6458,1.6458,1.6458,1.6458,1.6458,1.6458,1.6458,1.6458,1.6458,1.6458,1.6458,1.6458,1.6458,1.6458,1.6458,1.6458,1.6458,1.6458,1.6458,1.6458,1.6458,1.6458
1.6475,1.6475,1.6475,1.6475,1.6475,1.6475,1.6475,1.6475,1.6475,1.6475,1.6475,1.6475,1.6475,1.6475,1.6475,1.6475,1.6475,1.6475,1.6475,1.6475,1.6475,1.6475,1.6475,1.6475,1.6475,1.6475
1.6491,1.6491,1.6491,1.6491,1.6491,1.6491,1.6491,1.6491,1.6491,1.6491,1.6491,1.6491,1.6491,1.6491,1.6491,1.6491,1.6491,1.6491,1.6491,1.6491,1.6491,1.6491,1.6491,1.6491,1.6491,1.6491
1.6508,1.6508,1.6508,1.6508,1.6508,1.6508,1.6508,1.6508,1.6508,1.6508,1.6508,1.6508,1.6508,1.6508,1.6508,1.6508,1.6508,1.6508,1.6508,1.6508,1.6508,1.6508,1.6508,1.6508,1.6508,1.6508
1.6524,1.6524,1.6524,1.6524,1.6524,1.6524,1.6524,1.6524,1.6524,1.6524,1.6524,1.6524,1.6524,1.6524,1.6524,1.6524,1.6524,1.6524,1.6524,1.6524,1.6524,1.6524,1.6524,1.6524,1.6524,1.6524
1.6541,1.6541,1.6541,1.6541,1.6541,1.6541,1.6541,1.6541,1.6541,1.6541,1.6541,1.6541,1.6541,1.6541,1.6541,1.6541,1.6541,1.6541,1.6541,1.6541,1.6541,1.6541,1.6541,1.6541,1.6541,1.6541
1.6558,1.6558,1.6558,1.6558,1.6558,1.6558,1.6558,1.6558,1.6558,1.6558,1.6558,1.6558,1.6558,1.6558,1.6558,1.6558,1.6558,1.6558,1.6558,1.6558,1.6558,1.6558,1.6558,1.6558,1.6558,1.6558
1.6575,1.6575,1.6575,1.6575,1.6575,1.6575,1.6575,1.6575,1.6575,1.6575,1.6575,1.6575,1.6575,1.6575,1.6575,1.6575,1.6575,1.6575,1.6575,1.6575,1.6575,1.6575,1.6575,1.6575,1.6575,1.6575
1.6591,1.6591,1.6591,1.6591,1.6591,1.6591,1.6591,1.6591,1.6591,1.6591,1.6591,1.6591,1.6591,1.6591,1.6591,1.6591,1.6591,1.6591,1.6591,1.6591,1.6591,1.6591,1.6591,1.6591,1.6591,1.6591
1.6608,1.6608,1.6608,1.6608,1.6608,1.6608,1.6608,1.6608,1.6608,1.6608,1.6608,1.6608,1.6608,1.6608,1.6608,1.6608,1.6608,1.6608,1.6608,1.6608,1.6608,1.6608,1.6608,1.6608,1.6608,1.6608
1.6625,1.6625,1.6625,1.6625,1.6625,1.6625,1.6625,1.6625,1.6625,1.6625,1.6625,1.6625,1.6625,1.6625,1.6625,1.6625,1.6625,1.6625,1.6625,1.6625,1.6625,1.6625,1.6625,1.6625,1.6625,1.6625
1.6642,1.6642,1.6642,1.6642,1.6642,1.6642,1.6642,1.6642,1.6642,1.6642,1.6642,1.6642,1.6642,1.6642,1.6642,1.6642,1.6642,1.6642,1.6642,1.6642,1.6642,1.6642,1.6642,1.6642,1.6642,1.6642
1.6659,1.6659,1.6659,1.6659,1.6659,1.6659,1.6659,1.6659,1.6659,1.6659,1.6659,1.6659,1.6659,1.6659,1.6659,1.6659,1.6659,1.6659,1.6659,1.6659,1.6659,1.6659,1.6659,1.6659,1.6659,1.6659
1.6676,1.6676,1.6676,1.6676,1.6676,1.6676,1.6676,1.6676,1.6676,1.6676,1.6676,1.6676,1.6676,1.6676,1.6676,1.6676,1.6676,1.6676,1.6676,1.6676,1.6676,1.6676,1.6676,1.6676,1.6676,1.6676
1.6693,1.6693,1.6693,1.6693,1.6693,1.6693,1.6693,1.6693,1.6693,1.6693,1.6693,1.6693,1.6693,1.6693,1.6693,1.6693,1.6693,1.6693,1.6693,1.6693,1.6693,1.6693,1.6693,1.6693,1.6693,1.6693
1.671,1.671,1.671,1.671,1.671,1.671,1.671,1.671,1.671,1.671,1.671,1.671,1.4941,1.671,1.671,1.671,1.671,1.671,1.671,1.671,1.671,1.671,1.671,1.671,1.671,1.671
1.6727,1.6727,1.6727,1.6727,1.6727,1.6727,1.6727,1.6727,1.6727,1.6727,1.6727,1.6727,1.6727,1.6727,1.6727,1.6727,1.6727,1.6727,1.6727,1.6727,1.6727,1.6727,1.6727,1.6727,1.6727,1.6727
1.6744,1.6744,1.6744,1.6744,1.6744,1.6744,1.6744,1.6744,1.6744,1.6744,1.6744,1.6744,1.6744,1.6744,1.6744,1.6744,1.6744,1.6744,1.6744,1.6744,1.6744,1.6744,1.6744,1.6744,1.6744,1.6744
1.6761,1.6761,1.6761,1.6761,1.6761,1.6761,1.6761,1.6761,1.6761,1.6761,1.6761,1.6761,1.6761,1.659,1.6761,1.6761,1.6761,1.6761,1.6761,1.6761,1.6761,1.6761,1.6761,1.6761,1.6761,1.6761
1.6778,1.6778,1.6778,1.6778,1.6778,1.6778,1.6778,1.6778,1.6778,1.6778,1.6778,1.6778,1.6778,1.6778,1.6778,1.6778,1.6778,1.6778,1.6778,1.6778,1.6778,1.6778,1.6778,1.6778,1.6778,1.6778
1.6795,1.6795,1.6795,1.6795,1.6795,1.6795,1.6795,1.6795,1.6795,1.6795,1.6795,1.6795,1.6795,1.6795,1.6795,1.6795,1.6795,1.6795,1.6795,1.6795,1.6795,1.6795,1.6795,1.6795,1.6795,1.6795
1.6813,1.6813,1.6813,1.6813,1.6813,1.6813,1.6813,1.6813,1.6813,1.6813,1.6813,1.6813,1.6813,1.6813,1.6813,1.6813,1.6813,1.6813,1.6813,1.6813,1.6813,1.6813,1.6813,1.6813,1.6813,1.6813
1.683,1.683,1.683,1.683,1.683,1.683,1.683,1.683,1.683,1.683,1.683,1.683,1.683,1.683,1.683,1.683,1.683,1.683,1.683,1.683,1.683,1.683,1.683,1.683,1.683,1.683
1.6847,1.6847,1.6847,1.6847,1.6847,1.6847,1.6847,1.6847,1.6847,1.6847,1.6847,1.6847,1.6847,1.6847,1.6847,1.6847,1.6847,1.6847,1.6847,1.6847,1.6847,1.6847,1.6847,1.6847,1.6847,1.6847
1.6865,1.6865,1.6865,1.6865,1.6865,1.6865,1.6865,1.6865,1.6865,1.6865,1.6865,1.6865,1.6865,1.6865,1.6865,1.6865,1.6865,1.6865,1.6865,1.6865,1.6865,1.6865,1.6865,1.6865,1.6865,1.6865
1.6882,1.6882,1.6882,1.6882,1.6882,1.6882,1.6882,1.6882,1.6882,1.6882,1.6882,1.6882,1.6882,1.6882,1.6882,1.6882,1.6882,1.6882,1.6882,1.6882,1.6882,1.6882,1.6882,1.6882,1.6882,1.6882
1.6899,1.6899,1.6899,1.6899,1.6899,1.6899,1.6899,1.6899,1.6899,1.6899,1.6899,1.6899,1.6899,1.6899,1.6899,1.6899,1.6899,1.6899,1.6899,1.6899,1.6899,1.6899,1.6899,1.6899,1.6899,1.6899
1.6917,1.6917,1.6917,1.6917,1.6917,1.6917,1.6917,1.6917,1.6917,1.6917,1.6917,1.6917,1.6917,1.6917,1.6917,1.6917,1.6917,1.6917,1.6917,1.6917,1.6917,1.6917,1.6917,1.6917,1.6917,1.6917
1.6934,1.6934,1.6934,1.6934,1.6934,1.6934,1.6934,1.6934,1.6934,1.6934,1.6934,1.6934,1.6934,1.6934,1.6934,1.6934,1.6934,1.6934,1.6934,1.6934,1.6934,1.6934,1.6934,1.6934,1.6934,1.6934
1.6952,1.6952,1.6952,1.6952,1.6952,1.6952,1.6952,1.6952,1.6952,1.6952,1.6952,1.6952,1.6952,1.6952,1.6952,1.6952,1.6952,1.6952,1.6952,1.6952,1.6952,1.6952,1.6952,1.6952,1.6952,1.6952
1.6969,1.6969,1.6969,1.6969,1.6969,1.6969,1.6969,1.6969,1.6969,1.6969,1.6969,1.6969,1.6969,1.6969,1.6969,1.6969,1.6969,1.6969,1.6969,1.6969,1.6969,1.6969,1.6969,1.6969,1.6969,1.6969
1.6987,1.6987,1.6987,1.6987,1.6987,1.6987,1.6987,1.6987,1.6987,1.6987,1.6987,1.6987,1.6987,1.6987,1.6987,1.6987,1.6987,1.6987,1.6987,1.6987,1.6987,1.6987,1.6987,1.6987,1.6987,1.6987
1.7005,1.7005,1.7005,1.7005,1.7005,1.7005,1.7005,1.7005,1.7005,1.7005,1.7005,1.7005,1.7005,1.7005,1.7005,1.7005,1.7005,1.7005,1.7005,1.7005,1.7005,1.7005,1.7005,1.7005,1.7005,1.7005
1.7022,1.7022,1.7022,1.7022,1.7022,1.7022,1.7022,1.7022,1.7022,1.7022,1.7022,1.7022,1.7022,1.7022,1.7022,1.7022,1.7022,1.7022,1.7022,1.7022,1.7022,1.7022,1.7022,1.7022,1.7022,1.7022
1.704,1.704,1.704,1.704,1.704,1.704,1.704,1.704,1.704,1.704,1.704,1.704,1.704,1.704,1.704,1.704,1.704,1.704,1.704,1.704,1.704,1.704,1.704,1.704,1.704,1.704
1.7058,1.7058,1.7058,1.7058,1.7058,1.7058,1.7058,1.7058,1.7058,1.7058,1.7058,1.7058,1.7058,1.7058,1.7058,1.7058,1.7058,1.7058,1.7058,1.7058,1.7058,1.7058,1.7058,1.7058,1.7058,1.7058
1.7076,1.7076,1.7076,1.7076,1.7076,1.7076,1.7076,1.7076,1.7076,1.7076,1.7076,1.7076,1.5927,1.7076,1.7076,1.7076,1.7076,1.7076,1.7076,1.7076,1.7076,1.7076,1.7076,1.7076,1.7076,1.7076
1.7093,1.7093,1.7093,1.7093,1.7093,1.7093,1.7093,1.7093,1.7093,1.7093,1.7093,1.7093,1.7093,1.7093,1.7093,1.7093,1.7093,1.7093,1.7093,1.7093,1.7093,1.7093,1.7093,1.7093,1.7093,1.7093
1.7111,1.7111,1.7111,1.7111,1.7111,1.7111,1.7111,1.7111,1.7111,1.7111,1.7111,1.7111,1.7111,1.7111,1.7111,1.7111,1.7111,1.7111,1.7111,1.7111,1.7111,1.7111,1.7111,1.7111,1.7111,1.7111
1.7129,1.7129,1.7129,1.7129,1.7129,1.7129,1.7129,1.7129,1.7129,1.7129,1.7129,1.7129,1.7129,1.1437,1.7129,1.7129,1.7129,1.7129,1.7129,1.7129,1.7129,1.7129,1.7129,1.7129,1.7129,1.7129
1.7147,1.7147,1.7147,1.7147,1.7147,1.7147,1.7147,1.7147,1.7147,1.7147,1.7147,1.7147,1.7147,1.7147,1.7147,1.7147,1.7147,1.7147,1.7147,1.7147,1.7147,1.7147,1.7147,1.7147,1.7147,1.7147
1.7165,1.7165,1.7165,1.7165,1.7165,1.7165,1.7165,1.7165,1.7165,1.7165,1.7165,1.7165,1.7165,1.7165,1.7165,1.7165,1.7165,1.7165,1.7165,1.7165,1.7165,1.7165,1.7165,1.7165,1.7165,1.7165
1.7183,1.7183,1.7183,1.7183,1.7183,1.7183,1.7183,1.7183,1.7183,1.7183,1.7183,1.7183,1.7183,1.7183,1.7183,1.7183,1.7183,1.7183,1.7183,1.7183,1.7183,1.7183,1.7183,1.7183,1.7183,1.7183
1.7201,1.7201,1.7201,1.7201,1.7201,1.7201,1.7201,1.7201,1.7201,1.7201,1.7201,1.7201,1.7201,1.7201,1.7201,1.7201,1.7201,1.7201,1.7201,1.7201,1.7201,1.7201,1.7201,1.7201,1.7201,1.7201
1.7219,1.7219,1.7219,1.7219,1.7219,1.7219,1.7219,1.7219,1.7219,1.7219,1.7219,1.7219,1.7219,1.7219,1.7219,1.7219,1.7219,1.7219,1.7219,1.7219,1.7219,1.7219,1.7219,1.7219,1.7219,1.7219
1.7237,1.7237,1.7237,1.7237,1.7237,1.7237,1.7237,1.7237,1.7237,1.7237,1.7237,1.7237,1.7237,1.7237,1.7237,1.7237,1.7237,1.7237,1.7237,1.7237,1.7237,1.7237,1.7237,1.7237,1.7237,1.7237
1.7255,1.7255,1.7255,1.7255,1.7255,1.7255,1.7255,1.7255,1.7255,1.7255,1.7255,1.7255,1.7255,1.7255,1.7255,1.7255,1.7255,1.7255,1.7255,1.7255,1.7255,1.7255,1.7255,1.7255,1.7255,1.7255
1.7274,1.7274,1.7274,1.7274,1.7274,1.7274,1.7274,1.7274,1.7274,1.7274,1.7274,1.7274,1.7274,1.7274,1.7274,1.7274,1.7274,1.7274,1.7274,1.7274,1.7274,1.7274,1.7274,1.7274,1.7274,1.7274
1.7292,1.7292,1.7292,1.7292,1.7292,1.7292,1.7292,1.7292,1.7292,1.7292,1.7292,1.7292,1.7292,1.7292,1.7292,1.7292,1.7292,1.7292,1.7292,1.7292,1.7292,1.7292,1.7292,1.7292,1.7292,1.7292
1.731,1.731,1.731,1.731,1.731,1.731,1.731,1.731,1.731,1.731,1.731,1.731,1.1832,1.731,1.731,1.731,1.731,1.731,1.731,1.731,1.731,1.731,1.731,1.731,1.731,1.731
1.7328,1.7328,1.7328,1.7328,1.7328,1.7328,1.7328,1.7328,1.7328,1.7328,1.7328,1.7328,1.7328,1.7328,1.7328,1.7328,1.7328,1.7328,1.7328,1.7328,1.7328,1.7328,1.7328,1.7328,1.7328,1.7328
1.7347,1.7347,1.7347,1.7347,1.7347,1.7347,1.7347,1.7347,1.7347,1.7347,1.7347,1.7347,1.7347,1.7347,1.7347,1.7347,1.7347,1.7347,1.7347,1.7347,1.7347,1.7347,1.7347,1.7347,1.7347,1.7347
1.7365,1.7365,1.7365,1.7365,1.7365,1.7365,1.7365,1.7365,1.7365,1.7365,1.7365,1.7365,1.7365,1.5464,1.7365,1.7365,1.7365,1.7365,1.7365,1.7365,1.7365,1.7365,1.7365,1.7365,1.7365,1.7365
1.7384,1.7384,1.7384,1.7384,1.7384,1.7384,1.7384,1.7384,1.7384,1.7384,1.7384,1.7384,1.7384,1.7384,1.7384,1.7384,1.7384,1.7384,1.7384,1.7384,1.7384,1.7384,1.7384,1.7384,1.7384,1.7384
1.7402,1.7402,1.7402,1.7402,1.7402,1.7402,1.7402,1.7402,1.7402,1.7402,1.7402,1.7402,1.7402,1.7402,1.7402,1.7402,1.7402,1.7402,1.7402,1.7402,1.7402,1.7402,1.7402,1.7402,1.7402,1.7402
1.7421,1.7421,1.7421,1.7421,1.7421,1.7421,1.7421,1.7421,1.7421,1.7421,1.7421,1.7421,1.7421,1.7421,1.7421,1.7421,1.7421,1.7421,1.7421,1.7421,1.7421,1.7421,1.7421,1.7421,1.7421,1.7421
1.7439,1.7439,1.7439,1.7439,1.7439,1.7439,1.7439,1.7439,1.7439,1.7439,1.7439,1.7439,1.7439,1.7439,1.7439,1.7439,1.7439,1.7439,1.7439,1.7439,1.7439,1.7439,1.7439,1.7439,1.7439,1.7439
1.7458,1.7458,1.7458,1.7458,1.7458,1.7458,1.7458,1.7458,1.7458,1.7458,1.7458,1.7458,1.7458,1.7458,1.7458,1.7458,1.7458,1.7458,1.7458,1.7458,1.7458,1.7458,1.7458,1.7458,1.7458,1.7458
1.7476,1.7476,1.7476,1.7476,1.7476,1.7476,1.7476,1.7476,1.7476,1.7476,1.7476,1.7476,1.7476,1.7476,1.7476,1.7476,1.7476,1.7476,1.7476,1.7476,1.7476,1.7476,1.7476,1.7476,1.7476,1.7476
1.7495,1.7495,1.7495,1.7495,1.7495,1.7495,1.7495,1.7495,1.7495,1.7495,1.7495,1.7495,1.7495,1.7495,1.7495,1.7495,1.7495,1.7495,1.7495,1.7495,1.7495,1.7495,1.7495,1.7495,1.7495,1.7495
1.7514,1.7514,1.7514,1.7514,1.7514,1.7514,1.7514,1.7514,1.7514,1.7514,1.7514,1.7514,1.7514,1.1103,1.7514,1.7514,1.7514,1.7514,1.7514,1.7514,1.7514,1.7514,1.7514,1.7514,1.7514,1.7514
1.7532,1.7532,1.7532,1.7532,1.7532,1.7532,1.7532,1.7532,1.7532,1.7532,1.7532,1.7532,1.7532,1.7532,1.7532,1.7532,1.7532,1.7532,1.7532,1.7532,1.7532,1.7532,1.7532,1.7532,1.7532,1.7532
1.7551,1.7551,1.7551,1.7551,1.7551,1.7551,1.7551,1.7551,1.7551,1.7551,1.7551,1.7551,1.7551,1.7551,1.7551,1.7551,1.7551,1.7551,1.7551,1.7551,1.7551,1.7551,1.7551,1.7551,1.7551,1.7551
1.757,1.757,1.757,1.757,1.757,1.757,1.757,1.757,1.757,1.757,1.757,1.757,1.757,1.757,1.757,1.757,1.757,1.757,1.757,1.757,1.757,1.757,1.757,1.757,1.757,1.757
1.7589,1.7589,1.7589,1.7589,1.7589,1.7589,1.7589,1.7589,1.7589,1.7589,1.7589,1.7589,1.7589,1.7589,1.7589,1.7589,1.7589,1.7589,1.7589,1.7589,1.7589,1.7589,1.7589,1.7589,1.7589,1.7589
1.7608,1.7608,1.7608,1.7608,1.7608,1.7608,1.7608,1.7608,1.7608,1.7608,1.7608,1.7608,1.7608,1.7608,1.7608,1.7608,1.7608,1.7608,1.7608,1.7608,1.7608,1.7608,1.7608,1.7608,1.7608,1.7608
1.7627,1.7627,1.7627,1.7627,1.7627,1.7627,1.7627,1.7627,1.7627,1.7627,1.7627,1.7627,1.7627,1.7627,1.7627,1.7627,1.7627,1.7627,1.7627,1.7627,1.7627,1.7627,1.7627,1.7627,1.7627,1.7627
1.7646,1.7646,1.7646,1.7646,1.7646,1.7646,1.7646,1.7646,1.7646,1.7646,1.7646,1.7646,1.7646,1.7646,1.7646,1.7646,1.7646,1.7646,1.7646,1.7646,1.7646,1.7646,1.7646,1.7646,1.7646,1.7646
1.7665,1.7665,1.7665,1.7665,1.7665,1.7665,1.7665,1.7665,1.7665,1.7665,1.7665,1.7665,1.7665,1.7665,1.7665,1.7665,1.7665,1.7665,1.7665,1.7665,1.7665,1.7665,1.7665,1.7665,1.7665,1.7665
1.7684,1.7684,1.7684,1.7684,1.7684,1.7684,1.7684,1.7684,1.7684,1.7684,1.7684,1.7684,1.5247,1.7684,1.7684,1.7684,1.7684,1.7684,1.7684,1.7684,1.7684,1.7684,1.7684,1.7684,1.7684,1.7684
1.7703,1.7703,1.7703,1.7703,1.7703,1.7703,1.7703,1.7703,1.7703,1.7703,1.7703,1.7703,1.0572,1.7703,1.7703,1.7703,1.7703,1.7703,1.7703,1.7703,1.7703,1.7703,1.7703,1.7703,1.7703,1.7703
1.7722,1.7722,1.7722,1.7722,1.7722,1.7722,1.7722,1.7722,1.7722,1.7722,1.7722,1.7722,1.7722,1.7722,1.7722,1.7722,1.7722,1.7722,1.7722,1.7722,1.7722,1.7722,1.7722,1.7722,1.7722,1.7722
1.7741,1.7741,1.7741,1.7741,1.7741,1.7741,1.7741,1.7741,1.7741,1.7741,1.7741,1.7741,1.7741,1.7741,1.7741,1.7741,1.7741,1.7741,1.7741,1.7741,1.7741,1.7741,1.7741,1.7741,1.7741,1.7741
1.776,1.776,1.776,1.776,1.776,1.776,1.776,1.776,1.776,1.776,1.776,1.776,1.776,1.0291,1.776,1.776,1.776,1.776,1.776,1.776,1.776,1.776,1.776,1.776,1.776,1.776
1.778,1.778,1.778,1.778,1.778,1.778,1.778,1.778,1.778,1.778,1.778,1.778,1.778,1.778,1.778,1.778,1.778,1.778,1.778,1.778,1.778,1.778,1.778,1.778,1.778,1.778
1.7799,1.7799,1.7799,1.7799,1.7799,1.7799,1.7799,1.7799,1.7799,1.7799,1.7799,1.7799,1.7799,1.7799,1.7799,1.7799,1.7799,1.7799,1.7799,1.7799,1.7799,1.7799,1.7799,1.7799,1.7799,1.7799
1.7818,1.7818,1.7818,1.7818,1.7818,1.7818,1.7818,1.7818,1.7818,1.7818,1.7818,1.7818,1.7818,1.7818,1.7818,1.7818,1.7818,1.7818,1.7818,1.7818,1.7818,1.7818,1.7818,1.7818,1.7818,1.7818
1.7838,1.7838,1.7838,1.7838,1.7838,1.7838,1.7838,1.7838,1.7838,1.7838,1.7838,1.7838,1.7838,1.7838,1.7838,1.7838,1.7838,1.7838,1.7838,1.7838,1.7838,1.7838,1.7838,1.7838,1.7838,1.7838
1.7857,1.7857,1.7857,1.7857,1.7857,1.7857,1.7857,1.7857,1.7857,1.7857,1.7857,1.7857,1.7857,1.7857,1.7857,1.7857,1.7857,1.7857,1.7857,1.7857,1.7857,1.7857,1.7857,1.7857,1.7857,1.7857
1.7877,1.7877,1.7877,1.7877,1.7877,1.7877,1.7877,1.7877,1.7877,1.7877,1.7877,1.7877,1.7877,1.7877,1.7877,1.7877,1.7877,1.7877,1.7877,1.7877,1.7877,1.7877,1.7877,1.7877,1.7877,1.7877
1.7896,1.7896,1.7896,1.7896,1.7896,1.7896,1.7896,1.7896,1.7896,1.7896,1.7896,1.7896,1.7896,1.7896,1.7896,1.7896,1.7896,1.7896,1.7896,1.7896,1.7896,1.7896,1.7896,1.7896,1.7896,1.7896
1.7916,1.7916,1.7916,1.7916,1.7916,1.7916,1.7916,1.7916,1.7916,1.7916,1.7916,1.7916,1.7916,1.7916,1.7916,1.7916,1.7916,1.7916,1.7916,1.7916,1.7916,1.7916,1.7916,1.7916,1.7916,1.7916
1.7935,1.7935,1.7935,1.7935,1.7935,1.7935,1.7935,1.7935,1.7935,1.7935,1.7935,1.7935,1.7935,1.7935,1.7935,1.7935,1.7935,1.7935,1.7935,1.7935,1.7935,1.7935,1.7935,1.7935,1.7935,1.7935
1.7955,1.7955,1.7955,1.7955,1.7955,1.7955,1.7955,1.7955,1.7955,1.7955,1.7955,1.7955,1.0528,1.7955,1.7955,1.7955,1.7955,1.7955,1.7955,1.7955,1.7955,1.7955,1.7955,1.7955,1.7955,1.7955
1.7975,1.7975,1.7975,1.7975,1.7975,1.7975,1.7975,1.7975,1.7975,1.7975,1.7975,1.7975,1.7975,1.7975,1.7975,1.7975,1.7975,1.7975,1.7975,1.7975,1.7975,1.7975,1.7975,1.7975,1.7975,1.7975
1.7995,1.7995,1.7995,1.7995,1.7995,1.7995,1.7995,1.7995,1.7995,1.7995,1.7995,1.7995,1.7995,1.7995,1.7995,1.7995,1.7995,1.7995,1.7995,1.7995,1.7995,1.7995,1.7995,1.7995,1.7995,1.7995
1.8014,1.8014,1.8014,1.8014,1.8014,1.8014,1.8014,1.8014,1.8014,1.8014,1.8014,1.8014,1.8014,1.683,1.8014,1.8014,1.8014,1.8014,1.8014,1.8014,1.8014,1.8014,1.8014,1.8014,1.8014,1.8014
1.8034,1.8034,1.8034,1.8034,1.8034,1.8034,1.8034,1.8034,1.8034,1.8034,1.8034,1.8034,1.8034,1.8034,1.8034,1.8034,1.8034,1.8034,1.8034,1.8034,1.8034,1.8034,1.8034,1.8034,1.8034,1.8034
1.8054,1.8054,1.8054,1.8054,1.8054,1.8054,1.8054,1.8054,1.8054,1.8054,1.8054,1.8054,1.8054,1.8054,1.8054,1.8054,1.8054,1.8054,1.8054,1.8054,1.8054,1.8054,1.8054,1.8054,1.8054,1.8054
1.8074,1.8074,1.8074,1.8074,1.8074,1.8074,1.8074,1.8074,1.8074,1.8074,1.8074,1.8074,1.8074,1.8074,1.6347,1.8074,1.8074,1.8074,1.8074,1.8074,1.8074,1.8074,1.8074,1.8074,1.8074,1.8074
1.8094,1.8094,1.8094,1.8094,1.8094,1.8094,1.8094,1.8094,1.8094,1.8094,1.8094,1.8094,1.8094,1.8094,1.8094,1.8094,1.8094,1.8094,1.8094,1.8094,1.8094,1.8094,1.8094,1.8094,1.8094,1.8094
1.8114,1.8114,1.8114,1.8114,1.8114,1.8114,1.8114,1.8114,1.8114,1.8114,1.8114,1.8114,1.3887,1.8114,1.8114,1.8114,1.8114,1.8114,1.8114,1.8114,1.8114,1.8114,1.8114,1.8114,1.8114,1.8114
1.8134,1.8134,1.8134,1.8134,1.8134,1.8134,1.8134,1.8134,1.8134,1.8134,1.8134,1.8134,1.8134,1.8134,1.8134,1.8134,1.8134,1.8134,1.8134,1.8134,1.8134,1.8134,1.8134,1.8134,1.8134,1.8134
1.8154,1.8154,1.8154,1.8154,1.8154,1.8154,1.8154,1.8154,1.8154,1.8154,1.8154,1.8154,1.8154,1.8154,1.8154,1.8154,1.8154,1.8154,1.8154,1.8154,1.8154,1.8154,1.8154,1.8154,1.8154,1.8154
1.8174,1.8174,1.8174,1.8174,1.8174,1.8174,1.8174,1.8174,1.8174,1.8174,1.8174,1.8174,1.8174,0.8918,1.8174,1.8174,1.8174,1.8174,1.8174,1.8174,1.8174,1.8174,1.8174,1.8174,1.8174,1.8174
1.8194,1.8194,1.8194,1.8194,1.8194,1.8194,1.8194,1.8194,1.8194,1.8194,1.8194,1.8194,1.8194,1.8194,1.8194,1.8194,1.8194,1.8194,1.8194,1.8194,1.8194,1.8194,1.8194,1.8194,1.8194,1.8194
1.8215,1.8215,1.8215,1.8215,1.8215,1.8215,1.8215,1.8215,1.8215,1.8215,1.8215,1.8215,1.8215,1.8215,1.8215,1.8215,1.8215,1.8215,1.8215,1.8215,1.8215,1.8215,1.8215,1.8215,1.8215,1.8215
1.8235,1.8235,1.8235,1.8235,1.8235,1.8235,1.8235,1.8235,1.8235,1.8235,1.8235,1.8235,1.8235,1.8235,1.8235,1.8235,1.8235,1.8235,1.8235,1.8235,1.8235,1.8235,1.8235,1.8235,1.8235,1.8235
1.8255,1.8255,1.8255,1.8255,1.8255,1.8255,1.8255,1.8255,1.8255,1.8255,1.8255,1.8255,1.8255,1.8255,1.8255,1.8255,1.8255,1.8255,1.8255,1.8255,1.8255,1.8255,1.8255,1.8255,1.8255,1.8255
1.7453,1.7359,1.7345,1.7439,1.7548,1.7701,1.7854,1.8012,1.817,1.8276,1.8276,1.8276,1.8276,1.8276,1.8276,1.8276,1.8276,1.8276,1.8276,1.8276,1.8276,1.8276,1.8276,1.8276,1.8276,1.8276
1.8296,1.8296,1.8296,1.8296,1.8296,1.8296,1.8296,1.8296,1.8296,1.8296,1.8296,1.8296,1.8296,1.8296,1.8296,1.8296,1.8296,1.8296,1.8296,1.8296,1.8296,1.8296,1.8296,1.8296,1.8296,1.8296
1.8316,1.8316,1.8316,1.8316,1.8316,1.8316,1.8316,1.8316,1.8316,1.8316,1.8316,1.8316,1.8316,1.8316,1.8316,1.8316,1.8316,1.8316,1.8316,1.8316,1.8316,1.8316,1.8316,1.8316,1.8316,1.8316
1.8337,1.8337,1.8337,1.8337,1.8337,1.8337,1.8337,1.8337,1.8337,1.8337,1.8337,1.8337,1.8337,1.8337,1.7455,1.8337,1.8337,1.8337,1.8337,1.8337,1.8337,1.8337,1.8337,1.8337,1.8337,1.8337
1.8357,1.8357,1.8357,1.8357,1.8357,1.8357,1.8357,1.8357,1.8357,1.8357,1.8357,1.8357,1.6209,1.8357,1.8357,1.8357,1.8357,1.8357,1.8357,1.8357,1.8357,1.8357,1.8357,1.8357,1.8357,1.8357
1.8378,1.8378,1.8378,1.8378,1.8378,1.8378,1.8378,1.8378,1.8378,1.8378,1.8378,1.8378,0.8906,1.8378,1.8378,1.8378,1.8378,1.8378,1.8378,1.8378,1.8378,1.8378,1.8378,1.8378,1.8378,1.8378
1.8399,1.8399,1.8399,1.8399,1.8399,1.8399,1.8399,1.8399,1.8399,1.8399,1.8399,1.8399,1.8399,1.8399,1.8399,1.8399,1.8399,1.8399,1.8399,1.8399,1.8399,1.8399,1.8399,1.8399,1.8399,1.8399
1.8419,1.8419,1.8419,1.8419,1.8419,1.8419,1.8419,1.8419,1.8419,1.8419,1.8419,1.8419,1.8419,1.8419,1.8419,1.8419,1.8419,1.8419,1.8419,1.8419,1.8419,1.8419,1.8419,1.8419,1.8419,1.8419
1.844,1.8373,1.8358,1.844,1.844,1.844,1.844,1.844,1.844,1.844,1.844,1.844,1.844,1.0657,1.844,1.844,1.844,1.844,1.844,1.844,1.844,1.844,1.844,1.844,1.844,1.844
1.8461,1.8461,1.8461,1.8461,1.8461,1.8461,1.8461,1.8461,1.8461,1.8461,1.8461,1.8461,1.8461,1.3938,1.8461,1.8461,1.8461,1.8461,1.8461,1.8461,1.8461,1.8461,1.8461,1.8461,1.8461,1.8461
1.8482,1.8482,1.8482,1.8482,1.8482,1.8482,1.8482,1.8482,1.8482,1.8482,1.8482,1.6323,1.8482,1.8482,1.8482,1.8482,1.8482,1.8482,1.8482,1.8482,1.8482,1.8482,1.8482,1.8482,1.8482,1.8482
1.8503,1.8503,1.8503,1.8503,1.8503,1.8503,1.8503,1.8503,1.8503,1.8503,1.8503,1.8503,1.8503,1.8503,1.8503,1.8503,1.8503,1.8503,1.8503,1.8503,1.8503,1.8503,1.8503,1.8503,1.8503,1.8503
1.8523,1.8523,1.8523,1.8523,1.8523,1.8523,1.8523,1.8523,1.8523,1.8523,1.8523,1.8523,1.8523,1.8523,1.8523,1.8523,1.8523,1.8523,1.8523,1.8523,1.8523,1.8523,1.8523,1.8523,1.8523,1.8523
1.6855,1.6764,1.6751,1.6842,1.6947,1.7095,1.7242,1.7395,1.7548,1.7701,1.7854,1.7832,1.7686,1.8544,1.8544,1.8544,1.8544,1.8544,1.8544,1.8544,1.8544,1.8544,1.8544,1.8544,1.8544,1.8544
1.8565,1.8565,1.8565,1.8565,1.8565,1.8565,1.8565,1.8565,1.8565,1.8565,1.8565,1.8565,1.8565,1.8565,1.8565,1.8565,1.8565,1.8565,1.8565,1.8565,1.8565,1.8565,1.8565,1.8565,1.8565,1.8565
1.8587,1.8587,1.8587,1.8587,1.8587,1.8587,1.8587,1.8587,1.8587,1.8587,1.8587,1.8587,1.8587,1.8587,1.8587,1.8587,1.8587,1.8587,1.8587,1.8587,1.8587,1.8587,1.8587,1.8587,1.8587,1.8587
1.8608,1.8608,1.8608,1.8608,1.8608,1.8608,1.8608,1.8608,1.8608,1.8608,1.8608,1.8608,1.8608,1.8608,1.8608,1.8608,1.8608,1.8608,1.8608,1.8608,1.8608,1.8608,1.8608,1.8608,1.8608,1.8608
1.8629,1.8629,1.8629,1.8629,1.8629,1.8629,1.8629,1.8629,1.8629,1.8629,1.8629,1.8629,1.8629,1.8629,1.8629,1.8629,1.8629,1.8629,1.8629,1.8629,1.8629,1.8629,1.8629,1.8629,1.8629,1.8629
1.865,1.865,1.865,1.865,1.865,1.865,1.865,1.865,1.865,1.865,1.865,1.865,1.865,1.865,1.865,1.865,1.865,1.865,1.865,1.865,1.865,1.865,1.865,1.865,1.865,1.865
1.8671,1.8671,1.8671,1.8671,1.8671,1.8671,1.8671,1.8671,1.8671,1.8671,1.8671,1.8671,1.8671,1.8671,1.8671,1.8671,1.8671,1.8671,1.8671,1.8671,1.8671,1.8671,1.8671,1.8671,1.8671,1.8671
1.8693,1.8693,1.8693,1.8693,1.8693,1.8693,1.8693,1.8693,1.8693,1.8693,1.8693,1.8693,1.8693,1.8693,1.8693,1.8693,1.8693,1.8693,1.8693,1.8693,1.8693,1.8693,1.8693,1.8693,1.8693,1.8693
1.6543,1.6454,1.6441,1.653,1.6633,1.6778,1.6923,1.7073,1.7223,1.7373,1.7524,1.7502,1.7359,1.8714,1.8714,1.8714,1.8714,1.8714,1.8714,1.8714,1.8714,1.8714,1.8714,1.8714,1.8714,1.8714
1.8735,1.8735,1.8735,1.8735,1.8735,1.8735,1.8735,1.8735,1.8735,1.8735,1.8735,1.8735,1.8735,1.8735,1.8735,1.8735,1.8735,1.8735,1.8735,1.8735,1.8735,1.8735,1.8735,1.8735,1.8735,1.8735
1.8757,1.8757,1.8757,1.8757,1.8757,1.8757,1.8757,1.8757,1.8757,1.8757,1.8757,1.8757,1.8757,1.8757,1.8757,1.8757,1.8757,1.8757,1.8757,1.8757,1.8757,1.8757,1.8757,1.8757,1.8757,1.8757
1.8778,1.8778,1.8778,1.8778,1.8778,1.8778,1.8778,1.8778,1.8778,1.8778,1.8778,1.8778,1.8778,1.8778,1.5069,1.8778,1.8778,1.8778,1.8778,1.8778,1.8778,1.8778,1.8778,1.8778,1.8778,1.8778
1.88,1.88,1.88,1.88,1.88,1.88,1.88,1.88,1.88,1.88,1.88,1.88,1.2596,1.88,1.88,1.88,1.88,1.88,1.88,1.88,1.88,1.88,1.88,1.88,1.88,1.88
1.7159,1.7066,1.7053,1.7145,1.7252,1.7403,1.7553,1.7708,1.7864,1.802,1.8176,1.8154,0.9704,1.8821,1.8821,1.8821,1.8821,1.8821,1.8821,1.8821,1.8821,1.8821,1.8821,1.8821,1.8821,1.8821
1.8843,1.8843,1.8843,1.8843,1.8843,1.8843,1.8843,1.8843,1.8843,1.8843,1.8843,1.8843,1.8843,1.8843,1.8843,1.8843,1.8843,1.8843,1.8843,1.8843,1.8843,1.8843,1.8843,1.8843,1.8843,1.8843
1.8865,1.8865,1.8865,1.8865,1.8865,1.8865,1.8865,1.8865,1.8865,1.8865,1.8865,1.8865,1.8865,1.8865,1.8865,1.8865,1.8865,1.8865,1.8865,1.8865,1.8865,1.8865,1.8865,1.8865,1.8865,1.8865
1.8525,1.8426,1.8411,1.8511,1.8626,1.8788,1.8886,1.8886,1.8886,1.8886,1.8886,1.8886,1.8886,0.7688,1.8886,1.8886,1.8886,1.8886,1.8886,1.8886,1.8886,1.8886,1.8886,1.8886,1.8886,1.8886
1.8908,1.8908,1.8908,1.8908,1.8908,1.8908,1.8908,1.8908,1.8908,1.8908,1.8908,1.8908,1.8908,1.8908,1.8908,1.8908,1.8908,1.8908,1.8908,1.8908,1.8908,1.8908,1.8908,1.8908,1.8908,1.8908
1.893,1.893,1.893,1.893,1.893,1.893,1.893,1.893,1.893,1.893,1.893,1.5905,1.893,1.893,1.893,1.893,1.893,1.893,1.893,1.893,1.893,1.893,1.893,1.893,1.893,1.893
1.8952,1.8952,1.8952,1.8952,1.8952,1.8952,1.8952,1.8952,1.8952,1.8952,1.8952,1.8952,1.8952,1.8952,1.8952,1.8952,1.8952,1.8952,1.8952,1.8952,1.8952,1.8952,1.8952,1.8952,1.8952,1.8952
1.8974,1.8974,1.8974,1.8974,1.8974,1.8974,1.8974,1.8974,1.8974,1.8974,1.8974,1.8974,1.8974,1.8974,1.8974,1.8974,1.8974,1.8974,1.8974,1.8974,1.8974,1.8974,1.8974,1.8974,1.8974,1.8974
1.5621,1.5537,1.5524,1.5609,1.5706,1.5843,1.598,1.6121,1.6263,1.6405,1.6547,1.6527,1.6391,1.8996,1.8996,1.8996,1.8996,1.8996,1.8996,1.8996,1.8996,1.8996,1.8996,1.8996,1.8996,1.8996
1.9018,1.9018,1.9018,1.9018,1.9018,1.9018,1.9018,1.9018,1.9018,1.9018,1.9018,1.9018,1.9018,1.9018,1.8916,1.9018,1.9018,1.9018,1.9018,1.9018,1.9018,1.9018,1.9018,1.9018,1.9018,1.9018
1.904,1.904,1.904,1.904,1.904,1.904,1.904,1.904,1.904,1.904,1.904,1.904,1.904,1.904,1.904,1.904,1.904,1.904,1.904,1.904,1.904,1.904,1.904,1.904,1.904,1.904
1.9062,1.9062,1.9062,1.9062,1.9062,1.9062,1.9062,1.9062,1.9062,1.9062,1.9062,1.9062,1.9062,1.9062,1.6671,1.9062,1.9062,1.9062,1.9062,1.9062,1.9062,1.9062,1.9062,1.9062,1.9062,1.9062
1.9084,1.9084,1.9084,1.9084,1.9084,1.9084,1.9084,1.9084,1.9084,1.9084,1.9084,1.9084,1.9084,1.9084,1.9084,1.9084,1.9084,1.9084,1.9084,1.9084,1.9084,1.9084,1.9084,1.9084,1.9084,1.9084
1.8515,1.8415,1.84,1.8501,1.8616,1.8778,1.894,1.9107,1.9107,1.9107,1.9107,1.9107,0.8431,1.9107,1.9107,1.9107,1.9107,1.9107,1.9107,1.9107,1.9107,1.9107,1.9107,1.9107,1.9107,1.9107
1.9129,1.9129,1.9129,1.9129,1.9129,1.9129,1.9129,1.9129,1.9129,1.9129,1.9129,1.9129,1.9129,1.9129,1.9129,1.9129,1.9129,1.9129,1.9129,1.9129,1.9129,1.9129,1.9129,1.9129,1.9129,1.9129
1.9151,1.9151,1.9151,1.9151,1.9151,1.9151,1.9151,1.9151,1.9151,1.9151,1.9151,1.9151,1.9151,1.9151,1.9151,1.9151,1.9151,1.9151,1.9151,1.9151,1.9151,1.9151,1.9151,1.9151,1.9151,1.9151
1.6139,1.6052,1.6039,1.6126,1.6227,1.6368,1.651,1.6656,1.6802,1.6949,1.7095,1.7075,1.6935,1.1912,1.9174,1.9174,1.9174,1.9174,1.9174,1.9174,1.9174,1.9174,1.9174,1.9174,1.9174,1.9174
1.9196,1.9196,1.9196,1.9196,1.9196,1.9196,1.9196,1.9196,1.9196,1.9196,1.9196,1.9196,1.9196,1.2996,1.9196,1.9196,1.9196,1.9196,1.9196,1.9196,1.9196,1.9196,1.9196,1.9196,1.9196,1.9196
1.9219,1.9219,1.9219,1.9219,1.9219,1.9219,1.9219,1.9219,1.9219,1.9219,1.9219,1.9219,1.9219,1.9219,1.9219,1.9219,1.9219,1.9219,1.9219,1.9219,1.9219,1.9219,1.9219,1.9219,1.9219,1.9219
1.9241,1.9241,1.9241,1.9241,1.9241,1.9241,1.9241,1.9241,1.9241,1.9241,1.9241,1.9241,1.9241,1.9241,1.9241,1.9241,1.9241,1.9241,1.9241,1.9241,1.9241,1.9241,1.9241,1.9241,1.9241,1.9241
1.9264,1.9264,1.9264,1.9264,1.9264,1.9264,1.9264,1.9264,1.9264,1.9264,1.9264,1.9264,1.9264,1.9264,1.9264,1.9264,1.9264,1.9264,1.9264,1.9264,1.9264,1.9264,1.9264,1.9264,1.9264,1.9264
1.5515,1.5431,1.5419,1.5503,1.5599,1.5735,1.5871,1.6011,1.6152,1.6293,1.6434,1.6414,1.4096,1.9287,1.9287,1.9287,1.9287,1.9287,1.9287,1.9287,1.9287,1.9287,1.9287,1.9287,1.9287,1.9287
1.9309,1.9309,1.9309,1.9309,1.9309,1.9309,1.9309,1.9309,1.9309,1.9309,1.9309,1.9309,1.9309,1.9309,1.9309,1.9309,1.9309,1.9309,1.9309,1.9309,1.9309,1.9309,1.9309,1.9309,1.9309,1.9309
1.9332,1.9332,1.9332,1.9332,1.9332,1.9332,1.9332,1.9332,1.9332,1.9332,1.9332,1.9332,1.9332,1.9332,1.9332,1.9332,1.9332,1.9332,1.9332,1.9332,1.9332,1.9332,1.9332,1.9332,1.9332,1.9332
1.9216,1.9113,1.9098,1.9202,1.9321,1.9355,1.9355,1.9355,1.9355,1.9355,1.9355,1.9355,1.9355,0.7816,1.9355,1.9355,1.9355,1.9355,1.9355,1.9355,1.9355,1.9355,1.9355,1.9355,1.9355,1.9355
1.9378,1.9378,1.9378,1.9378,1.9378,1.9378,1.9378,1.9378,1.9378,1.9378,1.9378,1.9378,1.9378,1.9378,1.9378,1.9378,1.9378,1.9378,1.9378,1.9378,1.9378,1.9378,1.9378,1.9378,1.9378,1.9378
1.9401,1.9401,1.9401,1.9401,1.9401,1.9401,1.9401,1.9401,1.9401,1.9401,1.9401,1.6823,1.9401,1.9401,1.9401,1.9401,1.9401,1.9401,1.9401,1.9401,1.9401,1.9401,1.9401,1.9401,1.9401,1.9401
1.9424,1.9424,1.9424,1.9424,1.9424,1.9424,1.9424,1.9424,1.9424,1.9424,1.9424,1.9424,1.9424,1.9424,1.9424,1.9424,1.9424,1.9424,1.9424,1.9424,1.9424,1.9424,1.9424,1.9424,1.9424,1.9424
1.9447,1.9447,1.9447,1.9447,1.9447,1.9447,1.9447,1.9447,1.9447,1.9447,1.9447,1.631,1.9447,1.9447,1.9447,1.9447,1.9447,1.9447,1.9447,1.9447,1.9447,1.9447,1.9447,1.9447,1.9447,1.9447
1.4867,1.4787,1.4775,1.4855,1.4948,1.5078,1.5208,1.5343,1.5478,1.5613,1.5748,1.5729,1.56,1.947,1.947,1.947,1.947,1.947,1.947,1.947,1.947,1.947,1.947,1.947,1.947,1.947
1.9493,1.9493,1.9493,1.9493,1.9493,1.9493,1.9493,1.9493,1.9493,1.9493,1.9493,1.9493,1.9493,1.9493,1.9493,1.9493,1.9493,1.9493,1.9493,1.9493,1.9493,1.9493,1.9493,1.9493,1.9493,1.9493
1.9516,1.9516,1.9516,1.9516,1.9516,1.9516,1.9516,1.9516,1.9516,1.9516,1.9516,1.9516,1.9516,1.9516,1.9516,1.9516,1.9516,1.9516,1.9516,1.9516,1.9516,1.9516,1.9516,1.9516,1.9516,1.9516
1.954,1.954,1.954,1.954,1.954,1.954,1.954,1.954,1.954,1.954,1.954,1.954,1.954,1.954,1.4378,1.954,1.954,1.954,1.954,1.954,1.954,1.954,1.954,1.954,1.954,1.954
1.9563,1.9563,1.9563,1.9563,1.9563,1.9563,1.9563,1.9563,1.9563,1.9563,1.9563,1.9563,1.1403,1.9563,1.9563,1.9563,1.9563,1.9563,1.9563,1.9563,1.9563,1.9563,1.9563,1.9563,1.9563,1.9563
1.6245,1.6158,1.6145,1.6233,1.6334,1.6476,1.6618,1.6765,1.6913,1.706,1.7208,1.7187,0.7397,1.9586,1.9586,1.9586,1.9586,1.9586,1.9586,1.9586,1.9586,1.9586,1.9586,1.9586,1.9586,1.9586
1.961,1.961,1.961,1.961,1.961,1.961,1.961,1.961,1.961,1.961,1.961,1.961,1.961,1.961,1.961,1.961,1.961,1.961,1.961,1.961,1.961,1.961,1.961,1.961,1.961,1.961
1.9633,1.9633,1.9633,1.9633,1.9633,1.9633,1.9633,1.9633,1.9633,1.9633,1.9633,1.9633,1.9633,1.9633,1.9633,1.9633,1.9633,1.9633,1.9633,1.9633,1.9633,1.9633,1.9633,1.9633,1.9633,1.9633
1.6189,1.6102,1.6089,1.6177,1.6278,1.6419,1.6561,1.6708,1.6854,1.7002,1.7149,1.7128,1.6987,0.8173,1.9657,1.9657,1.9657,1.9657,1.9657,1.9657,1.9657,1.9657,1.9657,1.9657,1.9657,1.9657
1.968,1.968,1.968,1.968,1.968,1.968,1.968,1.968,1.968,1.968,1.968,1.968,1.968,1.3175,1.968,1.968,1.968,1.968,1.968,1.968,1.968,1.968,1.968,1.968,1.968,1.968
1.9704,1.9704,1.9704,1.9704,1.9704,1.9704,1.9704,1.9704,1.9704,1.9704,1.9704,1.3777,1.9704,1.9704,1.9704,1.9704,1.9704,1.9704,1.9704,1.9704,1.9704,1.9704,1.9704,1.9704,1.9704,1.9704
1.9728,1.9728,1.9728,1.9728,1.9728,1.9728,1.9728,1.9728,1.9728,1.9728,1.9728,1.9728,1.9728,1.9728,1.9728,1.9728,1.9728,1.9728,1.9728,1.9728,1.9728,1.9728,1.9728,1.9728,1.9728,1.9728
1.9752,1.9752,1.9752,1.9752,1.9752,1.9752,1.9752,1.9752,1.9752,1.9752,1.9752,1.9657,1.9752,1.9752,1.9752,1.9752,1.9752,1.9752,1.9752,1.9752,1.9752,1.9752,1.9752,1.9752,1.9752,1.9752
1.4403,1.4325,1.4314,1.4392,1.4481,1.4607,1.4733,1.4864,1.4994,1.5125,1.5256,1.5238,1.5113,1.9775,1.9775,1.9775,1.9775,1.9775,1.9775,1.9775,1.9775,1.9775,1.9775,1.9775,1.9775,1.9775
1.9799,1.9799,1.9799,1.9799,1.9799,1.9799,1.9799,1.9799,1.9799,1.9799,1.9799,1.9799,1.9799,1.9799,1.9799,1.9799,1.9799,1.9799,1.9799,1.9799,1.9799,1.9799,1.9799,1.9799,1.9799,1.9799
1.9823,1.9823,1.9823,1.9823,1.9823,1.9823,1.9823,1.9823,1.9823,1.9823,1.9823,1.9823,1.9823,1.9823,1.9823,1.9823,1.9823,1.9823,1.9823,1.9823,1.9823,1.9823,1.9823,1.9823,1.9823,1.9823
1.9847,1.9847,1.9847,1.9847,1.9847,1.9847,1.9847,1.9847,1.9847,1.9847,1.9847,1.9847,1.9847,1.9847,1.6461,1.9847,1.9847,1.9847,1.9847,1.9847,1.9847,1.9847,1.9847,1.9847,1.9847,1.9847
1.9578,1.9655,1.9666,1.9589,1.9501,1.9376,1.9252,1.9123,1.8994,1.8864,1.8735,1.8753,1.8877,1.9871,1.9871,1.9871,1.9871,1.9871,1.9871,1.9871,1.9871,1.9871,1.9871,1.9871,1.9871,1.9871
1.8085,1.7987,1.7973,1.8071,1.8183,1.8342,1.85,1.8664,1.8828,1.8992,1.9157,1.8553,1.9896,1.9896,1.9896,1.9896,1.9896,1.9896,1.9896,1.9896,1.9896,1.9896,1.9896,1.9896,1.9896,1.9896
1.992,1.992,1.992,1.992,1.992,1.992,1.992,1.992,1.992,1.992,1.992,1.992,1.992,1.992,1.992,1.992,1.992,1.992,1.992,1.992,1.992,1.992,1.992,1.992,1.992,1.992
1.9944,1.9944,1.9944,1.9944,1.9944,1.9944,1.9944,1.9944,1.9944,1.9944,1.9944,1.9944,1.9944,1.9944,1.9944,1.9944,1.9944,1.9944,1.9944,1.9944,1.9944,1.9944,1.9944,1.9944,1.9944,1.9944
1.4506,1.4428,1.4416,1.4495,1.4585,1.4712,1.4839,1.497,1.5102,1.5234,1.5366,1.5347,1.5221,1.4546,1.9968,1.9968,1.9968,1.9968,1.9968,1.9968,1.9968,1.9968,1.9968,1.9968,1.9968,1.9968
1.9993,1.9993,1.9993,1.9993,1.9993,1.9993,1.9993,1.9993,1.9993,1.9993,1.9993,1.9993,1.9993,1.9993,1.9993,1.9993,1.9993,1.9993,1.9993,1.9993,1.9993,1.9993,1.9993,1.9993,1.9993,1.9993
2.0017,2.0017,2.0017,2.0017,2.0017,2.0017,2.0017,2.0017,2.0017,2.0017,2.0017,2.0017,2.0017,2.0017,2.0017,2.0017,2.0017,2.0017,2.0017,2.0017,2.0017,2.0017,2.0017,2.0017,2.0017,2.0017
2.0042,2.0042,2.0042,2.0042,2.0042,2.0042,2.0042,2.0042,2.0042,2.0042,2.0042,2.0042,2.0042,2.0042,1.2792,2.0042,2.0042,2.0042,2.0042,2.0042,2.0042,2.0042,2.0042,2.0042,2.0042,2.0042
2.0066,2.0066,2.0066,2.0066,2.0066,2.0066,2.0066,2.0066,2.0066,2.0066,2.0066,2.0066,1.1195,2.0066,2.0066,2.0066,2.0066,2.0066,2.0066,2.0066,2.0066,2.0066,2.0066,2.0066,2.0066,2.0066
1.4668,1.4589,1.4577,1.4657,1.4748,1.4876,1.5005,1.5138,1.5271,1.5404,1.5537,1.5519,0.9737,2.0091,2.0091,2.0091,2.0091,2.0091,2.0091,2.0091,2.0091,2.0091,2.0091,2.0091,2.0091,2.0091
2.0115,2.0115,2.0115,2.0115,2.0115,2.0115,2.0115,2.0115,2.0115,2.0115,2.0115,2.0115,2.0115,2.0115,2.0115,2.0115,2.0115,2.0115,2.0115,2.0115,2.0115,2.0115,2.0115,2.0115,2.0115,2.0115
2.014,2.014,2.014,2.014,2.014,2.014,2.014,2.014,2.014,2.014,2.014,2.014,2.014,2.014,2.014,2.014,2.014,2.014,2.014,2.014,2.014,2.014,2.014,2.014,2.014,2.014
1.6711,1.6621,1.6608,1.6698,1.6802,1.6949,1.7095,1.7246,1.7398,1.755,1.7702,1.768,1.7535,0.6797,2.0165,2.0165,2.0165,2.0165,2.0165,2.0165,2.0165,2.0165,2.0165,2.0165,2.0165,2.0165
1.9193,1.9268,1.928,1.9204,1.9117,1.8995,1.8873,1.8747,1.862,1.8493,1.8366,1.8384,1.8505,2.019,2.019,2.019,2.019,2.019,2.019,2.019,2.019,2.019,2.019,2.019,2.019,2.019
2.0215,2.0215,2.0215,2.0215,2.0215,2.0215,2.0215,2.0215,2.0215,2.0215,2.0215,1.4468,2.0215,2.0215,2.0215,2.0215,2.0215,2.0215,2.0215,2.0215,2.0215,2.0215,2.0215,2.0215,2.0215,2.0215
2.024,2.024,2.024,2.024,2.024,2.024,2.024,2.024,2.024,2.024,2.024,2.024,2.024,2.024,2.024,2.024,2.024,2.024,2.024,2.024,2.024,2.024,2.024,2.024,2.024,2.024
2.0265,2.0265,2.0265,2.0265,2.0265,2.0265,2.0265,2.0265,2.0265,2.0265,2.0265,1.6035,2.0265,2.0265,2.0265,2.0265,2.0265,2.0265,2.0265,2.0265,2.0265,2.0265,2.0265,2.0265,2.0265,2.0265
1.3695,1.3622,1.3611,1.3685,1.377,1.389,1.401,1.4134,1.4258,1.4383,1.4507,1.449,1.4371,2.029,2.029,2.029,2.029,2.029,2.029,2.029,2.029,2.029,2.029,2.029,2.029,2.029
2.0315,2.0315,2.0315,2.0315,2.0315,2.0315,2.0315,2.0315,2.0315,2.0315,2.0315,2.0315,2.0315,2.0315,1.7554,2.0315,2.0315,2.0315,2.0315,2.0315,2.0315,2.0315,2.0315,2.0315,2.0315,2.0315
2.034,2.034,2.034,2.034,2.034,2.034,2.034,2.034,2.034,2.034,2.034,2.034,2.034,2.034,2.034,2.034,2.034,2.034,2.034,2.034,2.034,2.034,2.034,2.034,2.034,2.034
2.0365,2.0365,2.0365,2.0365,2.0365,2.0365,2.0365,2.0365,2.0365,2.0365,2.0365,2.0365,2.0365,2.0365,1.4089,2.0365,2.0365,2.0365,2.0365,2.0365,2.0365,2.0365,2.0365,2.0365,2.0365,2.0365
1.908,1.9154,1.9165,1.909,1.9004,1.8883,1.8761,1.8636,1.851,1.8384,1.8258,1.8275,1.4764,2.0391,2.0391,2.0391,2.0391,2.0391,2.0391,2.0391,2.0391,2.0391,2.0391,2.0391,2.0391,2.0391
1.5775,1.5691,1.5678,1.5763,1.5862,1.6,1.6138,1.6281,1.6424,1.6567,1.671,1.669,0.7184,2.0416,2.0416,2.0416,2.0416,2.0416,2.0416,2.0416,2.0416,2.0416,2.0416,2.0416,2.0416,2.0416
2.0442,2.0442,2.0442,2.0442,2.0442,2.0442,2.0442,2.0442,2.0442,2.0442,2.0442,2.0442,2.0442,2.0442,2.0442,2.0442,2.0442,2.0442,2.0442,2.0442,2.0442,2.0442,2.0442,2.0442,2.0442,2.0442
2.0467,2.0467,2.0467,2.0467,2.0467,2.0467,2.0467,2.0467,2.0467,2.0467,2.0467,2.0467,2.0467,2.0467,2.0467,2.0467,2.0467,2.0467,2.0467,2.0467,2.0467,2.0467,2.0467,2.0467,2.0467,2.0467
1.4504,1.4426,1.4415,1.4493,1.4584,1.4711,1.4838,1.4969,1.51,1.5232,1.5364,1.5346,1.522,0.9146,2.0493,2.0493,2.0493,2.0493,2.0493,2.0493,2.0493,2.0493,2.0493,2.0493,2.0493,2.0493
1.9783,1.9861,1.9872,1.9794,1.9705,1.9579,1.9453,1.9323,1.9193,1.9062,1.8931,1.895,1.9074,1.1233,2.0518,2.0518,2.0518,2.0518,2.0518,2.0518,2.0518,2.0518,2.0518,2.0518,2.0518,2.0518
2.0544,2.0544,2.0544,2.0544,2.0544,2.0544,2.0544,2.0544,2.0544,2.0544,2.0544,1.3834,2.0544,2.0544,2.0544,2.0544,2.0544,2.0544,2.0544,2.0544,2.0544,2.0544,2.0544,2.0544,2.0544,2.0544
2.057,2.057,2.057,2.057,2.057,2.057,2.057,2.057,2.057,2.057,2.057,2.057,2.057,2.057,2.057,1.973,2.057,2.057,2.057,2.057,2.057,2.057,2.057,2.057,2.057,2.057
2.0596,2.0596,2.0596,2.0596,2.0596,2.0596,2.0596,2.0596,2.0596,2.0596,2.0596,2.0596,2.0596,2.0596,2.0596,2.0596,2.0596,2.0596,2.0596,2.0596,2.0596,2.0596,2.0596,2.0596,2.0596,2.0596
1.3581,1.3508,1.3497,1.357,1.3655,1.3774,1.3893,1.4016,1.4139,1.4262,1.4386,1.4368,1.425,2.0622,2.0622,2.0622,2.0622,2.0622,2.0622,2.0622,2.0622,2.0622,2.0622,2.0622,2.0622,2.0622
2.0648,2.0648,2.0648,2.0648,2.0648,2.0648,2.0648,2.0648,2.0648,2.0648,2.0648,2.0648,2.0648,2.0648,2.0648,2.0648,2.0648,2.0648,2.0648,2.0648,2.0648,2.0648,2.0648,2.0648,2.0648,2.0648
2.0674,2.0674,2.0674,2.0674,2.0674,2.0674,2.0674,2.0674,2.0674,2.0674,2.0674,2.0674,2.0674,2.0674,2.0674,2.0674,2.0674,2.0674,2.0674,2.0674,2.0674,2.0674,2.0674,2.0674,2.0674,2.0674
1.7799,1.7703,1.7689,1.7785,1.7896,1.8052,1.8207,1.8369,1.853,1.8692,1.8854,1.8831,1.8676,0.724,1.6717,2.07,2.07,2.07,2.07,2.07,2.07,2.07,2.07,2.07,2.07,2.07
1.8222,1.8293,1.8303,1.8232,1.8149,1.8033,1.7917,1.7797,1.7677,1.7557,1.7436,1.7453,1.7568,2.0726,2.0726,2.0726,2.0726,2.0726,2.0726,2.0726,2.0726,2.0726,2.0726,2.0726,2.0726,2.0726
1.8129,1.8031,1.8016,1.8115,1.8228,1.8386,1.8545,1.8709,1.8873,1.9038,1.9203,1.5733,2.0752,2.0752,2.0752,2.0752,2.0752,2.0752,2.0752,2.0752,2.0752,2.0752,2.0752,2.0752,2.0752,2.0752
2.0779,2.0779,2.0779,2.0779,2.0779,2.0779,2.0779,2.0779,2.0779,2.0779,2.0779,2.0779,2.0779,2.0779,2.0779,2.0779,2.0779,2.0779,2.0779,2.0779,2.0779,2.0779,2.0779,2.0779,2.0779,2.0779
2.0805,2.0805,2.0805,2.0805,2.0805,2.0805,2.0805,2.0805,2.0805,2.0805,2.0805,1.5427,2.0805,2.0805,2.0805,2.0805,2.0805,2.0805,2.0805,2.0805,2.0805,2.0805,2.0805,2.0805,2.0805,2.0805
1.3323,1.3251,1.324,1.3312,1.3395,1.3512,1.3629,1.3749,1.387,1.3991,1.4112,1.4095,1.3979,2.0367,2.0832,2.0832,2.0832,2.0832,2.0832,2.0832,2.0832,2.0832,2.0832,2.0832,2.0832,2.0832
2.0858,2.0858,2.0858,2.0858,2.0858,2.0858,2.0858,2.0858,2.0858,2.0777,2.0634,2.0654,2.079,2.0858,2.0151,2.0858,2.0858,2.0858,2.0858,2.0858,2.0858,2.0858,2.0858,2.0858,2.0858,2.0858
2.0885,2.0885,2.0885,2.0885,2.0885,2.0885,2.0885,2.0885,2.0885,2.0885,2.0885,2.0885,2.0885,2.0885,2.0885,2.0885,2.0885,2.0885,2.0885,2.0885,2.0885,2.0885,2.0885,2.0885,2.0885,2.0885
2.0911,2.0911,2.0911,2.0911,2.0911,2.0911,2.0911,2.0911,2.0911,2.0911,2.0911,2.0911,2.0911,2.0911,1.2452,2.0911,2.0911,2.0911,2.0911,2.0911,2.0911,2.0911,2.0911,2.0911,2.0911,2.0911
1.9033,1.9107,1.9118,1.9044,1.8957,1.8836,1.8715,1.859,1.8464,1.8339,1.8213,1.8231,1.0134,2.0938,2.0938,2.0938,2.0938,2.0938,2.0938,2.0938,2.0938,2.0938,2.0938,2.0938,2.0938,2.0938
1.4165,1.4089,1.4078,1.4155,1.4243,1.4367,1.4491,1.4619,1.4748,1.4876,1.5005,1.4987,0.732,2.0965,2.0965,2.0965,2.0965,2.0965,2.0965,2.0965,2.0965,2.0965,2.0965,2.0965,2.0965,2.0965
2.0992,2.0992,2.0992,2.0992,2.0992,2.0992,2.0992,2.0992,2.0992,2.0992,2.0992,2.0992,2.0992,2.0992,2.0992,2.0992,2.0992,2.0992,2.0992,2.0992,2.0992,2.0992,2.0992,2.0992,2.0992,2.0992
2.1019,2.1019,2.1019,2.1019,2.1019,2.1019,2.1019,2.1019,2.1019,2.1019,2.1019,2.1019,2.1019,2.1019,2.1019,2.1019,2.1019,2.1019,2.1019,2.1019,2.1019,2.1019,2.1019,2.1019,2.1019,2.1019
1.4874,1.4795,1.4783,1.4863,1.4956,1.5086,1.5216,1.5351,1.5486,1.5621,1.5756,1.5737,1.5608,0.6637,2.1046,2.1046,2.1046,2.1046,2.1046,2.1046,2.1046,2.1046,2.1046,2.1046,2.1046,2.1046
1.8272,1.8343,1.8354,1.8282,1.8199,1.8083,1.7967,1.7846,1.7726,1.7605,1.7485,1.7502,1.7617,1.4361,2.1073,2.1073,2.1073,2.1073,2.1073,2.1073,2.1073,2.1073,2.1073,2.1073,2.1073,2.1073
2.11,2.11,2.11,2.11,2.11,2.11,2.11,2.11,2.11,2.11,2.11,1.275,2.11,2.11,2.11,2.11,2.11,2.11,2.11,2.11,2.11,2.11,2.11,2.11,2.11,2.11
2.1127,2.1127,2.1127,2.1127,2.1127,2.1127,2.1127,2.1127,2.1127,2.1127,2.1127,2.1127,2.1127,2.1127,2.1127,1.8459,2.1127,2.1127,2.1127,2.1127,2.1127,2.1127,2.1127,2.1127,2.1127,2.1127
2.1154,2.1154,2.1154,2.1154,2.1154,2.1154,2.1154,2.1154,2.1154,2.1154,2.1154,1.6502,2.1154,2.1154,2.1154,2.1154,2.1154,2.1154,2.1154,2.1154,2.1154,2.1154,2.1154,2.1154,2.1154,2.1154
1.2865,1.2796,1.2785,1.2855,1.2935,1.3048,1.316,1.3277,1.3393,1.351,1.3627,1.3611,1.3499,2.1182,2.1182,2.1182,2.1182,2.1182,2.1182,2.1182,2.1182,2.1182,2.1182,2.1182,2.1182,2.1182
2.1209,2.1209,2.1209,2.1209,2.1209,2.1209,2.1209,2.1209,2.1209,2.1209,2.1209,2.1209,2.1209,2.1209,1.5792,2.1209,2.1209,2.1209,2.1209,2.1209,2.1209,2.1209,2.1209,2.1209,2.1209,2.1209
2.1237,2.1237,2.1237,2.1237,2.1237,2.1237,2.1237,2.1237,2.1237,2.1237,2.1237,2.1237,2.1237,2.1237,2.1237,2.1237,2.1237,2.1237,2.1237,2.1237,2.1237,2.1237,2.1237,2.1237,2.1237,2.1237
1.9665,1.956,1.9544,1.965,1.9773,1.9945,2.0117,2.0295,2.0473,2.0652,2.0831,2.0806,2.0635,1.9679,1.4123,2.1264,2.1264,2.1264,2.1264,2.1264,2.1264,2.1264,2.1264,2.1264,2.1264,2.1264
1.7685,1.7754,1.7764,1.7695,1.7615,1.7502,1.739,1.7273,1.7157,1.704,1.6923,1.6939,1.7051,2.1292,2.1292,2.1292,2.1292,2.1292,2.1292,2.1292,2.1292,2.1292,2.1292,2.1292,2.1292,2.1292
1.565,1.5566,1.5553,1.5638,1.5736,1.5873,1.601,1.6151,1.6293,1.6435,1.6578,1.6558,0.7126,2.1319,2.1319,2.1319,2.1319,2.1319,2.1319,2.1319,2.1319,2.1319,2.1319,2.1319,2.1319,2.1319
2.1347,2.1347,2.1347,2.1347,2.1347,2.1347,2.1347,2.1347,2.1347,2.1347,2.1347,2.1347,2.1347,2.1347,2.1347,2.1347,2.1347,2.1347,2.1347,2.1347,2.1347,2.1347,2.1347,2.1347,2.1347,2.1347
2.1375,2.1375,2.1375,2.1375,2.1375,2.1375,2.1375,2.1375,2.1375,2.1375,2.0753,2.1375,2.1375,2.1375,2.1375,2.1375,2.1375,2.1375,2.1375,2.1375,2.1375,2.1375,2.1375,2.1375,2.1375,2.1375
1.3254,1.3182,1.3172,1.3243,1.3326,1.3442,1.3558,1.3678,1.3798,1.3919,1.4039,1.4022,1.3907,1.0898,2.1403,2.1403,2.1403,2.1403,2.1403,2.1403,2.1403,2.1403,2.1403,2.1403,2.1403,2.1403
1.9286,1.9361,1.9372,1.9296,1.9209,1.9086,1.8964,1.8837,1.871,1.8582,1.8455,1.8473,1.8594,1.9276,2.1431,2.1431,2.1431,2.1431,2.1431,2.1431,2.1431,2.1431,2.1431,2.1431,2.1431,2.1431
2.1459,2.1459,2.1459,2.1459,2.1459,2.1459,2.1459,2.1459,2.1459,2.1459,1.9192,2.1459,2.1459,2.1459,2.1459,2.1459,2.1459,2.1459,2.1459,2.1459,2.1459,2.1459,2.1459,2.1459,2.1459,2.1459
2.1487,2.1487,2.1487,2.1487,2.1487,2.1487,2.1487,2.1487,2.1487,2.1487,2.1487,2.1487,2.1487,2.1487,1.174,1.9086,2.1487,2.1487,2.1487,2.1487,2.1487,2.1487,2.1487,2.1487,2.1487,2.1487
1.9448,1.9524,1.9536,1.9459,1.9371,1.9247,1.9124,1.8996,1.8867,1.8739,1.861,1.8628,2.1515,2.1515,2.1515,2.1515,2.1515,2.1515,2.1515,2.1515,2.1515,2.1515,2.1515,2.1515,2.1515,2.1515
1.3043,1.2973,1.2962,1.3033,1.3114,1.3228,1.3342,1.3461,1.3579,1.3697,1.3816,1.3799,1.0406,2.1544,2.1544,2.1544,2.1544,2.1544,2.1544,2.1544,2.1544,2.1544,2.1544,2.1544,2.1544,2.1544
2.1572,2.1572,2.1572,2.1572,2.1572,2.1572,2.1572,2.1572,2.1572,2.1572,2.1572,2.1572,2.1572,2.1572,2.1572,2.1572,2.1572,2.1572,2.1572,2.1572,2.1572,2.1572,2.1572,2.1572,2.1572,2.1572
2.1601,2.1601,2.1601,2.1601,2.1601,2.1601,2.1601,2.1601,2.1601,2.1601,2.1601,2.1601,2.1601,2.1601,2.1601,2.1601,2.1601,2.1601,2.1601,2.1601,2.1601,2.1601,2.1601,2.1601,2.1601,2.1601
1.5678,1.5594,1.5582,1.5666,1.5764,1.5901,1.6039,1.6181,1.6323,1.6465,1.6608,1.6588,1.6452,0.6377,1.7432,2.1629,2.1629,2.1629,2.1629,2.1629,2.1629,2.1629,2.1629,2.1629,2.1629,2.1629
1.7262,1.733,1.734,1.7272,1.7193,1.7084,1.6974,1.686,1.6746,1.6632,1.6518,1.6534,1.6643,2.1658,2.1658,2.1658,2.1658,2.1658,2.1658,2.1658,2.1658,2.1658,2.1658,2.1658,2.1658,2.1658
1.8608,1.8508,1.8493,1.8594,1.871,1.8873,1.9036,1.9204,1.9373,1.9542,1.9711,1.3686,2.1686,2.1686,2.1686,2.1686,2.1686,2.1686,2.1686,2.1686,2.1686,2.1686,2.1686,2.1686,2.1686,2.1686
2.1715,2.1715,2.1715,2.1715,2.1715,2.1715,2.1715,2.1715,2.1715,2.1715,2.1715,2.1715,2.1715,2.1715,2.1715,2.1715,2.1715,2.1715,2.1715,2.1715,2.1715,2.1715,2.1715,2.1715,2.1715,2.1715
2.1744,2.1744,2.1744,2.1744,2.1744,2.1744,2.1744,2.1744,2.1744,2.1744,2.1744,1.3824,2.1744,2.1744,2.1744,2.1744,2.1744,2.1744,2.1744,2.1744,2.1744,2.1744,2.1744,2.1744,2.1744,2.1744
1.2453,1.2386,1.2376,1.2443,1.2521,1.263,1.2739,1.2851,1.2964,1.3077,1.3191,1.3175,1.3067,2.1773,2.1773,2.1773,2.1773,2.1773,2.1773,2.1773,2.1773,2.1773,2.1773,2.1773,2.1773,2.1773
2.1604,2.1689,2.1701,2.1616,2.1518,2.1381,2.1244,2.1101,2.0959,2.0816,2.0673,2.0694,2.083,2.1593,1.6948,2.1802,2.1802,2.1802,2.1802,2.1802,2.1802,2.1802,2.1802,2.1802,2.1802,2.1802
2.1831,2.1831,2.1831,2.1831,2.1831,2.1831,2.1831,2.1831,2.1831,2.1831,2.1831,2.1831,2.1831,2.1831,2.1831,2.1831,2.1831,2.1831,2.1831,2.1831,2.1831,2.1831,2.1831,2.1831,2.1831,2.1831
2.186,2.186,2.186,2.186,2.186,2.186,2.186,2.186,2.186,2.186,2.186,2.186,2.186,2.186,1.2354,2.0855,2.186,2.186,2.186,2.186,2.186,2.186,2.186,2.186,2.186,2.186
1.7541,1.7609,1.7619,1.755,1.7471,1.7359,1.7248,1.7132,1.7017,1.6901,1.6785,1.6801,1.0772,2.1889,2.1889,2.1889,2.1889,2.1889,2.1889,2.1889,2.1889,2.1889,2.1889,2.1889,2.1889,2.1889
1.3931,1.3856,1.3845,1.3921,1.4008,1.4129,1.4251,1.4378,1.4504,1.463,1.4757,1.4739,0.6344,2.1918,2.1918,2.1918,2.1918,2.1918,2.1918,2.1918,2.1918,2.1918,2.1918,2.1918,2.1918,2.1918
2.1948,2.1948,2.1948,2.1948,2.1948,2.1948,2.1948,2.1948,2.1948,2.1948,2.1948,2.1948,2.1948,2.1948,2.1948,2.1948,2.1948,2.1948,2.1948,2.1948,2.1948,2.1948,2.1948,2.1948,2.1948,2.1948
2.1977,2.1977,2.1977,2.1977,2.1977,2.1977,2.1977,2.1977,2.1977,2.1977,2.1977,2.1977,2.1977,2.1977,2.1977,2.1977,2.1977,2.1977,2.1977,2.1977,2.1977,2.1977,2.1977,2.1977,2.1977,2.1977
1.3492,1.342,1.3409,1.3482,1.3566,1.3684,1.3802,1.3924,1.4047,1.4169,1.4292,1.4275,1.4157,0.7387,2.2007,2.2007,2.2007,2.2007,2.2007,2.2007,2.2007,2.2007,2.2007,2.2007,2.2007,2.2007
1.7693,1.7762,1.7772,1.7703,1.7622,1.751,1.7397,1.7281,1.7164,1.7047,1.693,1.6947,1.7059,1.0056,2.2036,2.2036,2.2036,2.2036,2.2036,2.2036,2.2036,2.2036,2.2036,2.2036,2.2036,2.2036
2.2066,2.2066,2.2066,2.2066,2.2066,2.2066,2.2066,2.2066,2.2066,2.2066,1.9817,1.1461,2.2066,2.2066,2.2066,2.2066,2.2066,2.2066,2.2066,2.2066,2.2066,2.2066,2.2066,2.2066,2.2066,2.2066
2.2096,2.2096,2.2096,2.2096,2.2096,2.2096,2.2096,2.2096,2.2096,2.2096,2.2096,2.2096,2.2096,2.2096,2.2096,1.7747,2.2096,2.2096,2.2096,2.2096,2.2096,2.2096,2.2096,2.2096,2.2096,2.2096
2.0395,2.0475,2.0487,2.0406,2.0314,2.0184,2.0055,1.992,1.9786,1.9651,1.9516,1.744,2.2126,2.2126,2.2126,2.2126,2.2126,2.2126,2.2126,2.2126,2.2126,2.2126,2.2126,2.2126,2.2126,2.2126
1.2284,1.2218,1.2208,1.2274,1.2351,1.2458,1.2566,1.2677,1.2788,1.29,1.3012,1.2996,1.2889,2.2156,2.2156,2.2156,2.2156,2.2156,2.2156,2.2156,2.2156,2.2156,2.2156,2.2156,2.2156,2.2156
2.2186,2.2186,2.2186,2.2186,2.2186,2.2186,2.2186,2.2186,2.2186,2.2186,2.2186,2.2186,2.2186,2.2186,2.2186,2.2186,2.2186,2.2186,2.2186,2.2186,2.2186,2.2186,2.2186,2.2186,2.2186,2.2186
2.2216,2.2216,2.2216,2.2216,2.2216,2.2216,2.2216,2.2216,2.2216,2.2216,2.2216,2.2216,2.2216,2.2216,2.2216,2.2216,2.2216,2.2216,2.2216,2.2216,2.2216,2.2216,2.2216,2.2216,2.2216,2.2216
1.7055,1.6963,1.6949,1.7042,1.7148,1.7297,1.7447,1.7601,1.7756,1.7911,1.8066,1.8044,1.7896,1.7067,1.446,2.2246,2.2246,2.2246,2.2246,2.2246,2.2246,2.2246,2.2246,2.2246,2.2246,2.2246
1.6659,1.6724,1.6733,1.6668,1.6592,1.6486,1.638,1.6271,1.6161,1.6051,1.5941,1.5956,1.6062,2.2276,2.2276,2.2276,2.2276,2.2276,2.2276,2.2276,2.2276,2.2276,2.2276,2.2276,2.2276,2.2276
1.5831,1.5746,1.5733,1.5819,1.5918,1.6056,1.6195,1.6338,1.6482,1.6625,1.6769,1.5228,2.2306,2.2306,2.2306,2.2306,2.2306,2.2306,2.2306,2.2306,2.2306,2.2306,2.2306,2.2306,2.2306,2.2306
2.2337,2.2337,2.2337,2.2337,2.2337,2.2337,2.2337,2.2337,2.2337,2.2337,2.2337,2.2337,2.2337,2.2337,2.2337,2.2337,2.2337,2.2337,2.2337,2.2337,2.2337,2.2337,2.2337,2.2337,2.2337,2.2337
2.2367,2.2367,2.2367,2.2367,2.2367,2.2367,2.2367,2.2367,2.2367,2.2367,2.0774,2.2367,2.2367,2.2367,2.2367,2.2367,2.2367,2.2367,2.2367,2.2367,2.2367,2.2367,2.2367,2.2367,2.2367,2.2367
1.2311,1.2245,1.2235,1.2301,1.2378,1.2486,1.2594,1.2705,1.2817,1.2929,1.3041,1.3025,1.2918,1.4236,2.2398,2.2398,2.2398,2.2398,2.2398,2.2398,2.2398,2.2398,2.2398,2.2398,2.2398,2.2345
1.9127,1.9202,1.9213,1.9138,1.9051,1.893,1.8808,1.8682,1.8556,1.843,1.8303,1.8321,1.8442,1.9118,2.0041,2.2428,2.2428,2.2428,2.2428,2.2428,2.2428,2.2428,2.2428,2.2428,2.2428,2.2428
2.2459,2.2459,2.2459,2.2459,2.2459,2.2459,2.2459,2.2459,2.2459,2.2459,1.8789,2.2459,2.2459,2.2459,2.2459,2.2459,2.2459,2.2459,2.2459,2.2459,2.2459,2.2459,2.2459,2.2459,2.2459,2.2459
2.249,2.249,2.249,2.249,2.249,2.249,2.249,2.249,2.249,2.249,2.249,2.249,2.249,2.249,1.1119,1.877,2.249,2.249,2.249,2.249,2.249,2.249,2.249,2.249,2.249,2.249
1.7787,1.7857,1.7867,1.7797,1.7717,1.7604,1.749,1.7373,1.7256,1.7139,1.7021,1.7038,0.9471,2.2521,2.2521,2.2521,2.2521,2.2521,2.2521,2.2521,2.2521,2.2521,2.2521,2.2521,2.2521,2.2521
1.2728,1.2659,1.2649,1.2718,1.2797,1.2909,1.302,1.3135,1.3251,1.3366,1.3482,1.3466,0.7635,2.2552,2.2552,2.2552,2.2552,2.2552,2.2552,2.2552,2.2552,2.2552,2.2552,2.2552,2.2552,2.2552
2.2583,2.2583,2.2583,2.2583,2.2583,2.2583,2.2583,2.2583,2.2583,2.2583,2.2583,2.2583,2.2583,2.2583,2.2583,2.2583,2.2583,2.2583,2.2583,2.2583,2.2583,2.2583,2.2583,2.2583,2.2583,2.2583
2.2614,2.2614,2.2614,2.2614,2.2614,2.2614,2.2614,2.2614,2.2614,2.2614,2.2614,2.2614,2.2614,2.2614,2.2614,2.2614,2.2614,2.2614,2.2614,2.2614,2.2614,2.2614,2.2614,2.2614,2.2614,2.2614
1.4078,1.4002,1.3991,1.4067,1.4155,1.4278,1.4401,1.4529,1.4656,1.4784,1.4912,1.4894,1.4772,0.5726,1.8681,2.2645,2.2645,2.2645,2.2645,2.2645,2.2645,2.2645,2.2645,2.2645,2.2645,2.2645
1.6604,1.6669,1.6679,1.6613,1.6538,1.6433,1.6327,1.6218,1.6108,1.5998,1.5889,1.5904,1.6009,1.6928,2.2677,2.2677,2.2677,2.2677,2.2677,2.2677,2.2677,2.2677,2.2677,2.2677,2.2677,2.2677
1.9556,1.9451,1.9436,1.9541,1.9663,1.9834,2.0006,2.0183,2.036,2.0538,2.0716,1.2154,2.2708,2.2708,2.2708,2.2708,2.2708,2.2708,2.2708,2.2708,2.2708,2.2708,2.2708,2.2708,2.2708,2.2708
2.274,2.274,2.274,2.274,2.274,2.274,2.274,2.274,2.274,2.274,2.274,2.274,2.274,2.274,2.274,2.274,2.274,2.274,2.274,2.274,2.274,2.274,2.274,2.274,2.274,2.274
2.2028,2.2114,2.2127,2.204,2.194,2.18,2.166,2.1515,2.137,2.1224,2.1079,1.4302,2.2771,2.2771,2.2771,2.2771,2.2771,2.2771,2.2771,2.2771,2.2771,2.2771,2.2771,2.2771,2.2771,2.2771
1.1815,1.1751,1.1742,1.1806,1.188,1.1983,1.2086,1.2193,1.23,1.2408,1.2515,1.25,1.2398,2.2803,2.2803,2.2803,2.2803,2.2803,2.2803,2.2803,2.2803,2.2803,2.2803,2.2803,2.2803,2.1444
2.2061,2.2148,2.216,2.2074,2.1974,2.1833,2.1693,2.1548,2.1402,2.1257,2.1111,2.1131,2.1271,2.205,1.4633,2.2835,2.2835,2.2835,2.2835,2.2835,2.2835,2.2835,2.2835,2.2835,2.2835,2.2835
2.2867,2.2867,2.2867,2.2867,2.2867,2.2867,2.2867,2.2867,2.2867,2.2867,2.2867,2.2867,2.2867,2.2867,2.2867,2.2867,2.2867,2.2867,2.2867,2.2867,2.2867,2.2867,2.2867,2.2867,2.2867,2.2867
1.9282,1.9179,1.9163,1.9268,1.9388,1.9557,1.9725,1.99,2.0075,2.025,2.0425,2.0401,2.0233,1.9296,1.2475,2.1059,2.2899,2.2899,2.2899,2.2899,2.2899,2.2899,2.2899,2.2899,2.2899,2.2899
1.6412,1.6477,1.6486,1.6422,1.6347,1.6243,1.6138,1.603,1.5922,1.5814,1.5705,1.5721,1.5082,2.2931,2.2931,2.2931,2.2931,2.2931,2.2931,2.2931,2.2931,2.2931,2.2931,2.2931,2.2931,2.2931
1.393,1.3855,1.3844,1.3919,1.4006,1.4128,1.425,1.4376,1.4502,1.4629,1.4756,1.4738,0.6343,2.2963,2.2963,2.2963,2.2963,2.2963,2.2963,2.2963,2.2963,2.2963,2.2963,2.2963,2.2963,2.2963
2.2995,2.2995,2.2995,2.2995,2.2995,2.2995,2.2995,2.2995,2.2995,2.2995,2.2995,2.2995,2.2995,2.2995,2.2995,2.2995,2.2995,2.2995,2.2995,2.2995,2.2995,2.2995,2.2995,2.2995,2.2995,2.2995
2.3027,2.3027,2.3027,2.3027,2.3027,2.3027,2.3027,2.3027,2.3027,2.3027,1.8599,2.3027,2.3027,2.3027,2.3027,2.3027,2.3027,2.3027,2.3027,2.3027,2.3027,2.3027,2.3027,2.3027,2.3027,2.3027
1.2435,1.2368,1.2358,1.2425,1.2503,1.2611,1.272,1.2833,1.2946,1.3059,1.3172,1.3156,1.3048,0.8623,2.306,2.306,2.306,2.306,2.306,2.306,2.306,2.306,2.306,2.306,2.306,2.2569
1.7393,1.7461,1.7471,1.7403,1.7324,1.7214,1.7103,1.6988,1.6874,1.6759,1.6644,1.666,1.677,0.9876,2.3092,2.3092,2.3092,2.3092,2.3092,2.3092,2.3092,2.3092,2.3092,2.3092,2.3092,2.3092
2.3125,2.3125,2.3125,2.3125,2.3125,2.3125,2.3125,2.3125,2.3125,2.3125,1.8111,2.3125,2.3125,2.3125,2.3125,2.3125,2.3125,2.3125,2.3125,2.3125,2.3125,2.3125,2.3125,2.3125,2.3125,2.3125
2.3158,2.3158,2.3158,2.3158,2.3158,2.3158,2.3158,2.3158,2.3158,2.3158,2.3158,2.3158,2.3158,2.3158,2.3158,1.7314,2.3158,2.3158,2.3158,2.3158,2.3158,2.3158,2.3158,2.3158,2.3158,2.3158
1.8468,1.854,1.8551,1.8478,1.8394,1.8277,1.816,1.8038,1.7916,1.7794,1.7672,1.7689,2.319,2.319,2.319,2.319,2.319,2.319,2.319,2.319,2.319,2.319,2.319,2.319,2.319,2.319
1.1898,1.1834,1.1825,1.1889,1.1963,1.2067,1.2171,1.2279,1.2387,1.2495,1.2603,1.2588,1.1811,2.3223,2.3223,2.3223,2.3223,2.3223,2.3223,2.3223,2.3223,2.3223,2.3223,2.3223,2.3223,2.1595
2.3256,2.3256,2.3256,2.3256,2.3256,2.3256,2.3256,2.3256,2.3256,2.3256,2.3256,2.3256,2.3256,2.3256,2.3256,2.007,2.3256,2.3256,2.3256,2.3256,2.3256,2.3256,2.3256,2.3256,2.3256,2.3256
2.3289,2.3289,2.3289,2.3289,2.3289,2.3289,2.3289,2.3289,2.3289,2.3289,2.3289,2.3289,2.3289,2.3289,2.3289,2.3289,2.3289,2.3289,2.3289,2.3289,2.3289,2.3289,2.3289,2.3289,2.3289,2.3289
1.5102,1.5021,1.5009,1.5091,1.5185,1.5317,1.5449,1.5586,1.5723,1.586,1.5998,1.5978,1.5847,0.6143,1.5119,2.3322,2.3322,2.3322,2.3322,2.3322,2.3322,2.3322,2.3322,2.3322,2.3322,2.3322
1.5914,1.5976,1.5985,1.5922,1.585,1.5749,1.5648,1.5543,1.5438,1.5333,1.5228,1.5243,1.5343,2.3356,2.3356,2.3356,2.3356,2.3356,2.3356,2.3356,2.3356,2.3356,2.3356,2.3356,2.3356,2.3356
1.632,1.6232,1.6219,1.6307,1.6409,1.6552,1.6694,1.6842,1.699,1.7138,1.7287,1.3296,2.3389,2.3389,2.3389,2.3389,2.3389,2.3389,2.3389,2.3389,2.3389,2.3389,2.3389,2.3389,2.3389,2.3389
2.3422,2.3422,2.3422,2.3422,2.3422,2.3422,2.3422,2.3422,2.3422,2.3422,2.3422,2.3422,2.3422,2.3422,2.3422,2.3422,2.3422,2.3422,2.3422,2.3422,2.3422,2.3422,2.3422,2.3422,2.3422,2.3422
2.3456,2.3456,2.3456,2.3456,2.3456,2.3456,2.3456,2.3456,2.3456,2.3456,2.1159,1.2971,2.3456,2.3456,2.3456,2.3456,2.3456,2.3456,2.3456,2.3456,2.3456,2.3456,2.3456,2.3456,2.3456,2.3456
1.1598,1.1536,1.1526,1.1589,1.1662,1.1763,1.1865,1.197,1.2075,1.218,1.2286,1.2271,1.217,2.2059,2.349,2.349,2.349,2.349,2.349,2.349,2.349,2.349,2.349,2.349,2.3343,2.1051
1.9278,1.9354,1.9365,1.9289,1.9202,1.9079,1.8957,1.883,1.8703,1.8575,1.8448,1.8466,1.8587,1.9269,1.6831,2.3523,2.3523,2.3523,2.3523,2.3523,2.3523,2.3523,2.3523,2.3523,2.3523,2.3523
2.3557,2.3557,2.3557,2.3557,2.3557,2.3557,2.3557,2.3557,2.3557,2.3557,2.3557,2.3557,2.3557,2.3557,2.3557,2.3557,2.3557,2.3557,2.3557,2.3557,2.3557,2.3557,2.3557,2.3557,2.3557,2.3557
2.2949,2.2826,2.2807,2.2931,2.3074,2.3275,2.3476,2.3591,2.3591,2.3591,2.3591,2.3591,2.3591,2.2965,1.1103,1.8743,2.3591,2.3591,2.3591,2.3591,2.3591,2.3591,2.3591,2.3591,2.3591,2.3591
1.6511,1.6575,1.6585,1.652,1.6445,1.634,1.6235,1.6126,1.6018,1.5909,1.58,1.5815,0.8791,2.3625,2.3625,2.3625,2.3625,2.3625,2.3625,2.3625,2.3625,2.3625,2.3625,2.3625,2.3625,2.3625
1.2602,1.2534,1.2524,1.2592,1.2671,1.2781,1.2891,1.3006,1.312,1.3234,1.3349,1.3333,0.5982,2.3659,2.3659,2.3659,2.3659,2.3659,2.3659,2.3659,2.3659,2.3659,2.3659,2.3659,2.3659,2.2873
2.3693,2.3693,2.3693,2.3693,2.3693,2.3693,2.3693,2.3693,2.3693,2.3693,2.3693,2.3693,2.3693,2.3693,2.3693,2.3693,2.3693,2.3693,2.3693,2.3693,2.3693,2.3693,2.3693,2.3693,2.3693,2.3693
2.3728,2.3728,2.3728,2.3728,2.3728,2.3728,2.3728,2.3728,2.3728,2.3728,2.3728,2.3728,2.3728,2.3728,2.3728,2.3728,2.3728,2.3728,2.3728,2.3728,2.3728,2.3728,2.3728,2.3728,2.3728,2.3728
1.2848,1.2778,1.2768,1.2838,1.2918,1.303,1.3143,1.3259,1.3375,1.3492,1.3609,1.3593,1.3481,0.6181,2.0645,2.3762,2.3762,2.3762,2.3762,2.3762,2.3762,2.3762,2.3762,2.3762,2.3762,2.3319
1.6191,1.6254,1.6263,1.62,1.6126,1.6023,1.592,1.5814,1.5707,1.56,1.5493,1.5508,1.561,1.1122,2.3797,2.3797,2.3797,2.3797,2.3797,2.3797,2.3797,2.3797,2.3797,2.3797,2.3797,2.3797
2.1078,2.0965,2.0948,2.1062,2.1193,2.1378,2.1562,2.1753,2.1944,2.2136,1.8992,1.0983,2.3831,2.3831,2.3831,2.3831,2.3831,2.3831,2.3831,2.3831,2.3831,2.3831,2.3831,2.3831,2.3831,2.3831
2.3866,2.3866,2.3866,2.3866,2.3866,2.3866,2.3866,2.3866,2.3866,2.3866,2.3866,2.3866,2.3866,2.3866,2.3866,1.6327,2.2833,2.3866,2.3866,2.3866,2.3866,2.3866,2.3866,2.3866,2.3866,2.3866
1.9684,1.9761,1.9773,1.9695,1.9606,1.9481,1.9356,1.9226,1.9096,1.8966,1.8836,1.5119,2.3901,2.3901,2.3901,2.3901,2.3901,2.3901,2.3901,2.3901,2.3901,2.3901,2.3901,2.3901,2.3901,2.3901
1.136,1.1299,1.1289,1.1351,1.1422,1.1521,1.1621,1.1723,1.1826,1.193,1.2033,1.2018,1.192,2.3936,2.3936,2.3936,2.3936,2.3936,2.3936,2.3936,2.3936,2.3936,2.3936,2.3936,2.2863,2.0618
2.2961,2.3051,2.3065,2.2974,2.287,2.2724,2.2578,2.2427,2.2276,2.2124,2.1972,2.1994,2.2138,2.295,1.4392,2.1788,2.3971,2.3971,2.3971,2.3971,2.3971,2.3971,2.3971,2.3971,2.3971,2.3971
2.4006,2.4006,2.4006,2.4006,2.4006,2.4006,2.4006,2.4006,2.4006,2.4006,2.4006,2.4006,2.4006,2.4006,2.4006,2.4006,2.4006,2.4006,2.4006,2.4006,2.4006,2.4006,2.4006,2.4006,2.4006,2.4006
1.6744,1.6654,1.6641,1.6732,1.6836,1.6982,1.7129,1.7281,1.7432,1.7585,1.7737,1.7715,1.757,1.6756,1.2816,2.1635,2.4041,2.4041,2.4041,2.4041,2.4041,2.4041,2.4041,2.4041,2.4041,2.4041
1.5562,1.5623,1.5632,1.5571,1.5501,1.5402,1.5303,1.52,1.5098,1.4995,1.4892,1.4906,1.5005,2.4076,2.4076,2.4076,2.4076,2.4076,2.4076,2.4076,2.4076,2.4076,2.4076,2.4076,2.4076,2.4076
1.4151,1.4075,1.4064,1.414,1.4229,1.4353,1.4476,1.4605,1.4733,1.4861,1.499,1.4972,2.4112,2.4112,2.4112,2.4112,2.4112,2.4112,2.4112,2.4112,2.4112,2.4112,2.4112,2.4112,2.4112,2.4112
2.4147,2.4147,2.4147,2.4147,2.4147,2.4147,2.4147,2.4147,2.4147,2.4147,2.4147,2.4147,2.4147,2.4147,2.4147,2.4147,2.4147,2.4147,2.4147,2.4147,2.4147,2.4147,2.4147,2.4147,2.4147,2.4147
2.4183,2.4183,2.4183,2.4183,2.4183,2.4183,2.4183,2.4183,2.4183,2.4183,1.8709,2.4183,2.4183,2.4183,2.4183,2.4183,2.4183,2.4183,2.4183,2.4183,2.4183,2.4183,2.4183,2.4183,2.4183,2.4183
1.162,1.1558,1.1548,1.1611,1.1684,1.1785,1.1887,1.1992,1.2098,1.2203,1.2309,1.2294,1.2193,1.0758,2.4219,2.4219,2.4219,2.4219,2.4219,2.4219,2.4219,2.4219,2.4219,2.4219,2.3387,2.1091
1.7342,1.7409,1.742,1.7351,1.7273,1.7162,1.7052,1.6938,1.6824,1.6709,1.6595,1.6611,1.672,1.7333,2.0511,2.4255,2.4255,2.4255,2.4255,2.4255,2.4255,2.4255,2.4255,2.4255,2.4255,2.4255
2.4291,2.4291,2.4291,2.4291,2.4291,2.4291,2.4291,2.4291,2.4291,2.3872,1.6791,2.4291,2.4291,2.4291,2.4291,2.4291,2.4291,2.4291,2.4291,2.4291,2.4291,2.4291,2.4291,2.4291,2.4291,2.4291
2.4327,2.4327,2.4327,2.4327,2.4327,2.4327,2.4327,2.4327,2.4327,2.4327,2.4327,2.4327,2.4327,2.4327,1.0143,1.7123,2.3946,2.4327,2.4327,2.4327,2.4327,2.4327,2.4327,2.4327,2.4327,2.4327
1.6977,1.7043,1.7053,1.6986,1.6909,1.6802,1.6694,1.6582,1.647,1.6358,1.6246,1.6261,2.4363,2.4363,2.4363,2.4363,2.4363,2.4363,2.4363,2.4363,2.4363,2.4363,2.4363,2.4363,2.4363,2.4363
1.1677,1.1614,1.1605,1.1668,1.1741,1.1843,1.1945,1.2051,1.2157,1.2263,1.2369,1.2354,0.8288,2.4399,2.4399,2.4399,2.4399,2.4399,2.4399,2.4399,2.4399,2.4399,2.4399,2.4399,2.3501,2.1194
2.4435,2.4435,2.4435,2.4435,2.4435,2.4435,2.4435,2.4435,2.4435,2.4435,2.4435,2.4435,2.4435,2.4435,2.4435,2.4435,2.4435,2.4435,2.4435,2.4435,2.4435,2.4435,2.4435,2.4435,2.4435,2.4435
2.4472,2.4472,2.4472,2.4472,2.4472,2.4472,2.4472,2.4472,2.4472,2.4472,2.4472,2.4472,2.4472,2.4472,2.4472,2.4472,2.4472,2.4472,2.4472,2.4472,2.4472,2.4472,2.4472,2.4472,2.4472,2.4472
1.3609,1.3536,1.3525,1.3599,1.3684,1.3803,1.3922,1.4045,1.4169,1.4292,1.4416,1.4399,1.428,0.5536,1.6169,2.4509,2.4509,2.4509,2.4509,2.4509,2.4509,2.4509,2.4509,2.4509,2.4509,2.4509
1.5395,1.5455,1.5464,1.5404,1.5334,1.5236,1.5138,1.5037,1.4935,1.4834,1.4732,1.4746,1.4843,2.216,2.4545,2.4545,2.4545,2.4545,2.4545,2.4545,2.4545,2.4545,2.4545,2.4545,2.4545,2.4545
1.7154,1.7062,1.7048,1.7141,1.7248,1.7398,1.7548,1.7703,1.7859,1.8015,1.8171,1.1837,2.4582,2.4582,2.4582,2.4582,2.4582,2.4582,2.4582,2.4582,2.4582,2.4582,2.4582,2.4582,2.4582,2.4582
2.4619,2.4619,2.4619,2.4619,2.4619,2.4619,2.4619,2.4619,2.4619,2.4619,2.4619,2.4619,2.4619,2.4619,2.4619,2.4619,2.1977,2.4619,2.4619,2.4619,2.4619,2.4619,2.4619,2.4619,2.4619,2.4619
2.1636,2.1721,2.1733,2.1648,2.155,2.1413,2.1275,2.1132,2.099,2.0847,2.0704,1.2681,2.4656,2.4656,2.4656,2.4656,2.4656,2.4656,2.4656,2.4656,2.4656,2.4656,2.4656,2.4656,2.4656,2.4656
1.1065,1.1006,1.0997,1.1057,1.1126,1.1223,1.1319,1.142,1.152,1.1621,1.1721,1.1707,1.1611,2.4693,2.4693,2.4693,2.4693,2.4693,2.4693,2.4693,2.4693,2.4693,2.4693,2.4457,2.2271,2.0084
1.974,1.9818,1.9829,1.9751,1.9662,1.9537,1.9411,1.9281,1.9151,1.902,1.889,1.8908,1.9033,1.973,1.4516,2.4505,2.4731,2.4731,2.4731,2.4731,2.4731,2.4731,2.4731,2.4731,2.4731,2.4731
2.4768,2.4768,2.4768,2.4768,2.4768,2.4768,2.4768,2.4768,2.4768,2.4768,2.4768,2.4768,2.4768,2.4768,2.4768,2.4768,2.4768,2.4768,2.4768,2.4768,2.4768,2.4768,2.4768,2.4768,2.4768,2.4768
1.936,1.9256,1.924,1.9345,1.9466,1.9635,1.9805,1.998,2.0156,2.0332,2.0508,2.0483,2.0315,1.9374,1.1251,1.8992,2.4805,2.4805,2.4805,2.4805,2.4805,2.4805,2.4805,2.4805,2.4805,2.4805
1.5527,1.5588,1.5597,1.5536,1.5465,1.5367,1.5268,1.5166,1.5063,1.4961,1.4858,1.4873,1.0937,2.4843,2.4843,2.4843,2.4843,2.4843,2.4843,2.4843,2.4843,2.4843,2.4843,2.4843,2.4843,2.4843
1.2651,1.2583,1.2573,1.2641,1.272,1.2831,1.2941,1.3056,1.3171,1.3286,1.3401,1.3384,0.5761,2.4881,2.4881,2.4881,2.4881,2.4881,2.4881,2.4881,2.4881,2.4881,2.4881,2.4881,2.4881,2.2962
2.4919,2.4919,2.4919,2.4919,2.4919,2.4919,2.4919,2.4919,2.4919,2.4919,2.4919,2.4919,2.4919,2.4919,2.4919,2.4919,2.4919,2.4919,2.4919,2.4919,2.4919,2.4919,2.4919,2.4919,2.4919,2.4919
2.4957,2.4957,2.4957,2.4957,2.4957,2.4957,2.4957,2.4957,2.4957,2.4166,2.4957,2.4957,2.4957,2.4957,2.4957,2.4957,2.4957,2.4957,2.4957,2.4957,2.4957,2.4957,2.4957,2.4957,2.4957,2.4957
1.1891,1.1827,1.1818,1.1882,1.1956,1.206,1.2164,1.2272,1.238,1.2488,1.2596,1.2581,1.2478,0.7093,2.3691,2.4995,2.4995,2.4995,2.4995,2.4995,2.4995,2.4995,2.4995,2.4995,2.3933,2.1583
1.5989,1.6052,1.6061,1.5998,1.5926,1.5824,1.5722,1.5617,1.5512,1.5406,1.53,1.5315,1.5416,0.9078,2.5033,2.5033,2.5033,2.5033,2.5033,2.5033,2.5033,2.5033,2.5033,2.5033,2.5033,2.5033
2.3389,2.3263,2.3244,2.3371,2.3517,2.3721,2.3926,2.4138,2.435,2.4562,1.7421,1.0853,2.5071,2.5071,2.5071,2.5071,2.5071,2.5071,2.5071,2.5071,2.5071,2.5071,2.5071,2.5071,2.5071,2.5071
2.511,2.511,2.511,2.511,2.511,2.511,2.511,2.511,2.511,2.511,2.511,2.511,2.511,2.511,2.511,1.6004,2.2381,2.511,2.511,2.511,2.511,2.511,2.511,2.511,2.511,2.511
1.7877,1.7947,1.7957,1.7887,1.7806,1.7692,1.7579,1.7461,1.7343,1.7225,1.7107,1.6368,2.5148,2.5148,2.5148,2.5148,2.5148,2.5148,2.5148,2.5148,2.5148,2.5148,2.5148,2.5148,2.5148,2.5148
1.1055,1.0996,1.0987,1.1047,1.1116,1.1212,1.1309,1.1409,1.1509,1.161,1.171,1.1696,1.16,2.5187,2.5187,2.5187,2.5187,2.5187,2.5187,2.5187,2.5187,2.5187,2.5187,2.4435,2.225,2.0065
2.4385,2.4481,2.4495,2.4399,2.4288,2.4133,2.3978,2.3818,2.3657,2.3496,2.3335,2.3357,2.3511,2.4373,2.5226,1.9565,2.5226,2.5226,2.5226,2.5226,2.5226,2.5226,2.5226,2.5226,2.5226,2.5226
2.5264,2.5264,2.5264,2.5264,2.5264,2.5264,2.5264,2.5264,2.5264,2.5264,2.5264,2.5264,2.5264,2.5264,2.5264,2.5264,2.5264,2.5264,2.5264,2.5264,2.5264,2.5264,2.5264,2.5264,2.5264,2.5264
1.4838,1.4759,1.4747,1.4827,1.492,1.5049,1.5179,1.5314,1.5448,1.5583,1.5718,1.5699,1.557,1.4849,1.3401,2.2623,2.5303,2.5303,2.5303,2.5303,2.5303,2.5303,2.5303,2.5303,2.5303,2.5303
1.4935,1.4993,1.5002,1.4943,1.4876,1.4781,1.4686,1.4587,1.4489,1.439,1.4292,1.4305,1.44,2.5343,2.5343,2.5343,2.5343,2.5343,2.5343,2.5343,2.5343,2.5343,2.5343,2.5343,2.5343,2.5343
1.4607,1.4529,1.4517,1.4596,1.4687,1.4815,1.4943,1.5075,1.5207,1.534,1.5473,1.3184,2.5382,2.5382,2.5382,2.5382,2.5382,2.5382,2.5382,2.5382,2.5382,2.5382,2.5382,2.5382,2.5382,2.5382
2.5421,2.5421,2.5421,2.5421,2.5421,2.5421,2.5421,2.5421,2.5421,2.5421,2.5421,2.5421,2.5421,2.5421,2.5421,2.5421,2.5421,2.5421,2.5421,2.5421,2.5421,2.5421,2.5421,2.5421,2.5421,2.5421
2.4712,2.4808,2.4823,2.4725,2.4613,2.4456,2.4299,2.4136,2.3974,2.381,1.9097,2.5461,2.5461,2.5461,2.5461,2.5461,2.5461,2.5461,2.5461,2.5461,2.5461,2.5461,2.5461,2.5461,2.5461,2.5461
1.0994,1.0935,1.0926,1.0985,1.1054,1.115,1.1246,1.1346,1.1446,1.1545,1.1645,1.1631,1.1536,1.4976,2.55,2.55,2.55,2.55,2.55,2.55,2.55,2.55,2.55,2.4299,2.2127,1.9954
1.7528,1.7596,1.7607,1.7538,1.7458,1.7347,1.7235,1.712,1.7004,1.6889,1.6773,1.6789,1.69,1.7519,1.71,2.554,2.554,2.554,2.554,2.554,2.554,2.554,2.554,2.554,2.554,2.554
2.558,2.558,2.558,2.558,2.558,2.558,2.558,2.558,2.558,2.2416,2.558,2.558,2.558,2.558,2.558,2.558,2.558,2.558,2.558,2.558,2.558,2.558,2.558,2.558,2.558,2.558
2.3727,2.3599,2.358,2.3709,2.3856,2.4064,2.4272,2.4487,2.4702,2.4917,2.5133,2.5103,2.4897,2.3743,1.0161,1.7153,2.3989,2.562,2.562,2.562,2.562,2.562,2.562,2.562,2.562,2.562
1.5815,1.5877,1.5886,1.5824,1.5752,1.5651,1.5551,1.5447,1.5342,1.5238,1.5133,1.5148,0.8421,2.566,2.566,2.566,2.566,2.566,2.566,2.566,2.566,2.566,2.566,2.566,2.566,2.566
1.1602,1.154,1.153,1.1593,1.1666,1.1767,1.1869,1.1974,1.2079,1.2184,1.229,1.2275,0.6335,2.57,2.57,2.57,2.57,2.57,2.57,2.57,2.57,2.57,2.57,2.5644,2.3351,2.1058
2.5741,2.5741,2.5741,2.5741,2.5741,2.5741,2.5741,2.5741,2.5741,2.5741,2.5741,2.5741,2.5741,2.5741,2.5741,2.5741,2.5741,2.5741,2.5741,2.5741,2.5741,2.5741,2.5741,2.5741,2.5741,2.5741
2.5781,2.5781,2.5781,2.5781,2.5781,2.5781,2.5781,2.5781,2.5781,2.5781,2.5781,2.5781,2.5781,2.5781,2.5781,2.5781,2.5781,2.5781,2.5781,2.5781,2.5781,2.5781,2.5781,2.5781,2.5781,2.5781
1.245,1.2383,1.2373,1.2441,1.2518,1.2627,1.2736,1.2849,1.2962,1.3075,1.3188,1.3172,1.3064,0.531,1.7736,2.5822,2.5822,2.5822,2.5822,2.5822,2.5822,2.5822,2.5822,2.5822,2.5058,2.2598
1.5069,1.5128,1.5137,1.5078,1.5009,1.4913,1.4818,1.4718,1.4619,1.452,1.442,1.4434,1.4529,1.2988,2.5863,2.5863,2.5863,2.5863,2.5863,2.5863,2.5863,2.5863,2.5863,2.5863,2.5863,2.5863
1.8417,1.8318,1.8303,1.8403,1.8518,1.8679,1.884,1.9007,1.9174,1.9341,1.8526,1.0714,2.5904,2.5904,2.5904,2.5904,2.5904,2.5904,2.5904,2.5904,2.5904,2.5904,2.5904,2.5904,2.5904,2.5904
2.5945,2.5945,2.5945,2.5945,2.5945,2.5945,2.5945,2.5945,2.5945,2.5945,2.5945,2.5945,2.5945,2.5945,2.5945,2.5945,2.136,2.5945,2.5945,2.5945,2.5945,2.5945,2.5945,2.5945,2.5945,2.5945
1.9344,1.942,1.9431,1.9355,1.9268,1.9145,1.9021,1.8894,1.8767,1.8639,1.8511,1.3385,2.5986,2.5986,2.5986,2.5986,2.5986,2.5986,2.5986,2.5986,2.5986,2.5986,2.5986,2.5986,2.5986,2.5986
1.0679,1.0622,1.0613,1.0671,1.0738,1.0831,1.0925,1.1021,1.1118,1.1215,1.1312,1.1299,1.1206,2.6027,2.6027,2.6027,2.6027,2.6027,2.6027,2.6027,2.6027,2.6027,2.5714,2.3604,2.1494,1.9383
2.0544,2.0625,2.0637,2.0556,2.0463,2.0332,2.0201,2.0066,1.9931,1.9795,1.9659,1.9678,1.9808,2.0534,1.2877,2.1593,2.6068,2.6068,2.6068,2.6068,2.6068,2.6068,2.6068,2.6068,2.6068,2.6068
2.611,2.611,2.611,2.611,2.611,2.611,2.611,2.611,2.611,2.611,2.611,2.611,2.611,2.611,2.611,2.611,2.611,2.611,2.611,2.611,2.611,2.611,2.611,2.611,2.611,2.611
1.6761,1.6671,1.6657,1.6748,1.6852,1.6999,1.7146,1.7298,1.7449,1.7602,1.7754,1.7733,1.7587,1.6772,1.1569,1.9531,2.6152,2.6152,2.6152,2.6152,2.6152,2.6152,2.6152,2.6152,2.6152,2.6152
1.4775,1.4833,1.4841,1.4783,1.4716,1.4622,1.4528,1.4431,1.4334,1.4236,1.4138,1.4152,1.4245,2.6193,2.6193,2.6193,2.6193,2.6193,2.6193,2.6193,2.6193,2.6193,2.6193,2.6193,2.6193,2.6193
1.2874,1.2805,1.2794,1.2864,1.2944,1.3057,1.317,1.3286,1.3403,1.352,1.3637,1.3621,0.5862,2.6235,2.6235,2.6235,2.6235,2.6235,2.6235,2.6235,2.6235,2.6235,2.6235,2.6235,2.5911,2.3367
2.6277,2.6277,2.6277,2.6277,2.6277,2.6277,2.6277,2.6277,2.6277,2.6277,2.6277,2.6277,2.6277,2.6277,2.6277,2.6277,2.6277,2.6277,2.6277,2.6277,2.6277,2.6277,2.6277,2.6277,2.6277,2.6277
2.632,2.632,2.632,2.632,2.632,2.632,2.632,2.632,2.632,2.4364,1.7137,2.632,2.632,2.632,2.632,2.632,2.632,2.632,2.632,2.632,2.632,2.632,2.632,2.632,2.632,2.632
1.1145,1.1085,1.1076,1.1137,1.1206,1.1303,1.1401,1.1502,1.1603,1.1704,1.1806,1.1791,1.1695,0.8563,2.6362,2.6362,2.6362,2.6362,2.6362,2.6362,2.6362,2.6362,2.6362,2.4633,2.2431,2.0229
1.5983,1.6046,1.6055,1.5992,1.592,1.5818,1.5717,1.5611,1.5506,1.54,1.5295,1.531,1.5411,0.9075,2.1537,2.6405,2.6405,2.6405,2.6405,2.6405,2.6405,2.6405,2.6405,2.6405,2.6405,2.6405
2.6447,2.6447,2.6447,2.6447,2.6447,2.6447,2.6447,2.6447,2.6447,2.3021,1.6193,2.6447,2.6447,2.6447,2.6447,2.6447,2.6447,2.6447,2.6447,2.6447,2.6447,2.6447,2.6447,2.6447,2.6447,2.6447
2.649,2.649,2.649,2.649,2.649,2.649,2.649,2.649,2.649,2.649,2.649,2.649,2.649,2.649,1.0377,1.5872,2.2197,2.649,2.649,2.649,2.649,2.649,2.649,2.649,2.649,2.649
1.6467,1.6531,1.6541,1.6476,1.6401,1.6296,1.6192,1.6083,1.5975,1.5866,1.5757,1.5772,2.6533,2.6533,2.6533,2.6533,2.6533,2.6533,2.6533,2.6533,2.6533,2.6533,2.6533,2.6533,2.6533,2.6533
1.0882,1.0824,1.0815,1.0874,1.0942,1.1037,1.1132,1.1231,1.1329,1.1428,1.1527,1.1513,0.9392,2.6576,2.6576,2.6576,2.6576,2.6576,2.6576,2.6576,2.6576,2.6576,2.6203,2.4052,2.1902,1.9751
2.6489,2.6592,2.6608,2.6504,2.6384,2.6215,2.6047,2.5872,2.5698,2.5523,2.5348,2.5372,2.5539,2.6475,2.6619,1.9045,2.4949,2.6619,2.6619,2.6619,2.6619,2.6619,2.6619,2.6619,2.6619,2.6619
2.6662,2.6662,2.6662,2.6662,2.6662,2.6662,2.6662,2.6662,2.6662,2.6662,2.6662,2.6662,2.6662,2.6662,2.6662,2.6662,2.6662,2.6662,2.6662,2.6662,2.6662,2.6662,2.6662,2.6662,2.6662,2.6662
1.3376,1.3304,1.3293,1.3366,1.3449,1.3566,1.3683,1.3805,1.3926,1.4047,1.4169,1.4152,1.4036,0.5441,1.4284,2.4113,2.6706,2.6706,2.6706,2.6706,2.6706,2.6706,2.6706,2.6706,2.6706,2.4278
1.4493,1.455,1.4558,1.4501,1.4435,1.4343,1.4251,1.4156,1.406,1.3964,1.3869,1.3882,1.3974,2.6749,2.6749,2.6749,2.6749,2.6749,2.6749,2.6749,2.6749,2.6749,2.6749,2.6749,2.6749,2.6749
1.5332,1.5249,1.5237,1.532,1.5416,1.555,1.5684,1.5823,1.5962,1.6101,1.624,1.1726,2.6793,2.6793,2.6793,2.6793,2.6793,2.6793,2.6793,2.6793,2.6793,2.6793,2.6793,2.6793,2.6793,2.6793
2.6837,2.6837,2.6837,2.6837,2.6837,2.6837,2.6837,2.6837,2.6837,2.6837,2.6837,2.6837,2.6837,2.6837,2.6837,2.6837,2.6837,2.6705,2.6837,2.6837,2.6837,2.6837,2.6837,2.6837,2.6837,2.6837
2.163,2.1714,2.1727,2.1642,2.1544,2.1406,2.1269,2.1126,2.0984,2.0841,1.9788,1.1444,2.6881,2.6881,2.6881,2.6881,2.6881,2.6881,2.6881,2.6881,2.6881,2.6881,2.6881,2.6881,2.6881,2.6881
1.0519,1.0463,1.0454,1.0511,1.0577,1.0669,1.0761,1.0856,1.0951,1.1047,1.1143,1.1129,1.1038,2.6396,2.6925,2.6925,2.6925,2.6925,2.6925,2.6925,2.6925,2.6925,2.5328,2.325,2.1171,1.9092
1.796,1.8031,1.8041,1.797,1.7889,1.7775,1.7661,1.7542,1.7424,1.7305,1.7187,1.7203,1.7317,1.7951,1.4671,2.4767,2.697,2.697,2.697,2.697,2.697,2.697,2.697,2.697,2.697,2.697
2.7014,2.7014,2.7014,2.7014,2.7014,2.7014,2.7014,2.7014,2.7014,2.7014,2.7014,2.7014,2.7014,2.7014,2.7014,2.7014,2.7014,2.7014,2.7014,2.7014,2.7014,2.7014,2.7014,2.7014,2.7014,2.7014
1.9835,1.9728,1.9712,1.982,1.9943,2.0117,2.029,2.047,2.065,2.083,2.101,2.0985,2.0813,1.9849,1.031,1.7404,2.434,2.7059,2.7059,2.7059,2.7059,2.7059,2.7059,2.7059,2.7059,2.7059
1.4909,1.4967,1.4976,1.4917,1.4849,1.4755,1.466,1.4562,1.4463,1.4365,1.4266,1.428,0.8476,2.7103,2.7103,2.7103,2.7103,2.7103,2.7103,2.7103,2.7103,2.7103,2.7103,2.7103,2.7103,2.7103
1.1668,1.1605,1.1596,1.1659,1.1732,1.1834,1.1936,1.2042,1.2147,1.2253,1.236,1.2345,0.5313,2.7148,2.7148,2.7148,2.7148,2.7148,2.7148,2.7148,2.7148,2.7148,2.7148,2.5789,2.3483,2.1178
2.7193,2.7193,2.7193,2.7193,2.7193,2.7193,2.7193,2.7193,2.7193,2.7193,2.7193,2.7193,2.7193,2.7193,2.7193,2.7193,2.7193,2.7193,2.7193,2.7193,2.7193,2.7193,2.7193,2.7193,2.7193,2.7193
2.7239,2.7239,2.7239,2.7239,2.7239,2.7239,2.7239,2.7239,2.7239,2.242,2.7239,2.7239,2.7239,2.7239,2.7239,2.7239,2.7239,2.7239,2.7239,2.7239,2.7239,2.7239,2.7239,2.7239,2.7239,2.7239
1.1542,1.148,1.1471,1.1533,1.1605,1.1706,1.1807,1.1912,1.2016,1.2121,1.2226,1.2211,1.2111,0.6008,2.0065,2.7284,2.7284,2.7284,2.7284,2.7284,2.7284,2.7284,2.7284,2.5511,2.323,2.0949
1.4916,1.4974,1.4983,1.4924,1.4856,1.4762,1.4667,1.4568,1.447,1.4372,1.4273,1.4287,1.4381,0.9082,2.7329,2.7329,2.7329,2.7329,2.7329,2.7329,2.7329,2.7329,2.7329,2.7329,2.7329,2.7329
2.0262,2.0153,2.0136,2.0246,2.0373,2.055,2.0727,2.0911,2.1094,2.1278,1.7011,0.9838,2.7375,2.7375,2.7375,2.7375,2.7375,2.7375,2.7375,2.7375,2.7375,2.7375,2.7375,2.7375,2.7375,2.7375
2.7421,2.7421,2.7421,2.7421,2.7421,2.7421,2.7421,2.7421,2.7421,2.7421,2.7421,2.7421,2.7421,2.7421,2.7421,1.5007,2.0988,2.6957,2.7421,2.7421,2.7421,2.7421,2.7421,2.7421,2.7421,2.7421
1.7572,1.764,1.7651,1.7581,1.7502,1.739,1.7278,1.7162,1.7047,1.6931,1.6815,1.4416,2.7467,2.7467,2.7467,2.7467,2.7467,2.7467,2.7467,2.7467,2.7467,2.7467,2.7467,2.7467,2.7467,2.7467
1.0419,1.0363,1.0354,1.0411,1.0476,1.0567,1.0658,1.0752,1.0847,1.0941,1.1036,1.1023,1.0932,2.7513,2.7513,2.7513,2.7513,2.7513,2.7513,2.7513,2.7513,2.7145,2.5086,2.3028,2.0969,1.891
2.1756,2.1841,2.1853,2.1768,2.1669,2.1531,2.1393,2.1249,2.1106,2.0962,2.0818,2.0839,2.0976,2.1745,2.3028,1.9372,2.7092,2.7559,2.7559,2.7559,2.7559,2.7559,2.7559,2.7559,2.7559,2.7559
2.7606,2.7606,2.7606,2.7606,2.7606,2.7606,2.7606,2.7606,2.7606,2.7606,2.7606,2.7606,2.7606,2.7606,2.7606,2.7606,2.7606,2.7606,2.7606,2.7606,2.7606,2.7606,2.7606,2.7606,2.7606,2.7606
1.4817,1.4738,1.4726,1.4806,1.4898,1.5028,1.5158,1.5292,1.5426,1.5561,1.5696,1.5677,1.5548,1.4828,1.2082,2.0395,2.7652,2.7652,2.7652,2.7652,2.7652,2.7652,2.7652,2.7652,2.7652,2.6894
1.4213,1.4268,1.4276,1.4221,1.4156,1.4066,1.3975,1.3882,1.3788,1.3694,1.36,1.3613,1.3703,2.7699,2.7699,2.7699,2.7699,2.7699,2.7699,2.7699,2.7699,2.7699,2.7699,2.7699,2.7699,2.7699
1.3285,1.3213,1.3203,1.3275,1.3357,1.3474,1.359,1.371,1.3831,1.3951,1.4072,1.3297,2.7746,2.7746,2.7746,2.7746,2.7746,2.7746,2.7746,2.7746,2.7746,2.7746,2.7746,2.7746,2.6738,2.4112
2.7793,2.7793,2.7793,2.7793,2.7793,2.7793,2.7793,2.7793,2.7793,2.7793,2.7793,2.7793,2.7793,2.7793,2.7793,2.7793,2.7793,2.7793,2.7793,2.7793,2.7793,2.7793,2.7793,2.7793,2.7793,2.7793
2.5229,2.5327,2.5342,2.5243,2.5128,2.4968,2.4807,2.4641,2.4475,2.4308,1.7501,2.784,2.784,2.784,2.784,2.784,2.784,2.784,2.784,2.784,2.784,2.784,2.784,2.784,2.784,2.784
1.0565,1.0508,1.05,1.0557,1.0623,1.0715,1.0808,1.0904,1.0999,1.1095,1.1191,1.1178,1.1086,1.1164,2.7888,2.7888,2.7888,2.7888,2.7888,2.7888,2.7888,2.7526,2.5439,2.3352,2.1264,1.9176
1.6171,1.6234,1.6244,1.618,1.6107,1.6004,1.5901,1.5795,1.5688,1.5581,1.5474,1.5489,1.5591,1.6163,1.773,2.7935,2.7935,2.7935,2.7935,2.7935,2.7935,2.7935,2.7935,2.7935,2.7935,2.7935
2.7983,2.7983,2.7983,2.7983,2.7983,2.7983,2.7983,2.7983,2.7983,2.1652,1.523,2.7983,2.7983,2.7983,2.7983,2.7983,2.7983,2.7983,2.7983,2.7983,2.7983,2.7983,2.7983,2.7983,2.7983,2.7983
2.5117,2.4982,2.4961,2.5097,2.5254,2.5474,2.5694,2.5921,2.6149,2.6377,2.6605,2.6573,2.6355,2.5134,0.9432,1.5922,2.2267,2.8031,2.8031,2.8031,2.8031,2.8031,2.8031,2.8031,2.8031,2.8031
1.5359,1.5419,1.5428,1.5367,1.5298,1.52,1.5102,1.5001,1.49,1.4798,1.4697,1.4711,0.8178,2.8079,2.8079,2.8079,2.8079,2.8079,2.8079,2.8079,2.8079,2.8079,2.8079,2.8079,2.8079,2.8079
1.083,1.0772,1.0763,1.0822,1.089,1.0984,1.1079,1.1177,1.1275,1.1374,1.1472,1.1458,0.691,2.8127,2.8127,2.8127,2.8127,2.8127,2.8127,2.8127,2.8127,2.8127,2.6078,2.3938,2.1798,1.9657
2.8175,2.8175,2.8175,2.8175,2.8175,2.8175,2.8175,2.8175,2.8175,2.8175,2.8175,2.8175,2.8175,2.8175,2.8175,2.8175,2.8175,2.8175,2.8175,2.8175,2.8175,2.8175,2.8175,2.8175,2.8175,2.8175
2.8224,2.8224,2.8224,2.8224,2.8224,2.8224,2.8224,2.8224,2.8224,2.8224,2.8224,2.8224,2.8224,2.8224,2.8224,2.8224,2.8224,2.8224,2.8224,2.8224,2.8224,2.8224,2.8224,2.8224,2.8224,2.8224
1.2237,1.2171,1.2162,1.2228,1.2304,1.2411,1.2518,1.2629,1.274,1.2851,1.2962,1.2947,1.2841,0.4977,1.5558,2.6264,2.8273,2.8273,2.8273,2.8273,2.8273,2.8273,2.8273,2.7047,2.4629,2.2211
1.4213,1.4269,1.4277,1.4221,1.4157,1.4066,1.3976,1.3882,1.3789,1.3695,1.3601,1.3614,1.3704,1.6318,2.8322,2.8322,2.8322,2.8322,2.8322,2.8322,2.8322,2.8322,2.8322,2.8322,2.8322,2.8322
1.6389,1.6301,1.6288,1.6376,1.6479,1.6622,1.6765,1.6914,1.7062,1.7211,1.736,1.0604,2.8371,2.8371,2.8371,2.8371,2.8371,2.8371,2.8371,2.8371,2.8371,2.8371,2.8371,2.8371,2.8371,2.8371
2.842,2.842,2.842,2.842,2.842,2.842,2.842,2.842,2.842,2.842,2.842,2.842,2.842,2.842,2.842,2.842,2.0245,2.6004,2.842,2.842,2.842,2.842,2.842,2.842,2.842,2.842
1.9297,1.9372,1.9383,1.9307,1.922,1.9097,1.8975,1.8847,1.872,1.8593,1.8465,1.2048,2.8469,2.8469,2.8469,2.8469,2.8469,2.8469,2.8469,2.8469,2.8469,2.8469,2.8469,2.8469,2.8469,2.8469
1.0171,1.0116,1.0108,1.0163,1.0227,1.0316,1.0405,1.0497,1.0589,1.0681,1.0774,1.0761,1.0673,2.8519,2.8519,2.8519,2.8519,2.8519,2.8519,2.8519,2.8508,2.65,2.449,2.248,2.0471,1.8461
1.8668,1.8741,1.8752,1.8678,1.8594,1.8475,1.8356,1.8233,1.811,1.7987,1.7863,1.7881,1.7999,1.8658,1.2877,2.1738,2.8568,2.8568,2.8568,2.8568,2.8568,2.8568,2.8568,2.8568,2.8568,2.8568
2.8618,2.8618,2.8618,2.8618,2.8618,2.8618,2.8618,2.8618,2.8618,2.8618,2.8618,2.8618,2.8618,2.8618,2.8618,2.8618,2.8618,2.8618,2.8618,2.8618,2.8618,2.8618,2.8618,2.8618,2.8618,2.8618
1.706,1.6968,1.6954,1.7047,1.7153,1.7302,1.7452,1.7606,1.7761,1.7916,1.8071,1.8049,1.7901,1.7072,1.0598,1.789,2.502,2.8668,2.8668,2.8668,2.8668,2.8668,2.8668,2.8668,2.8668,2.8668
1.4209,1.4264,1.4272,1.4217,1.4152,1.4062,1.3971,1.3878,1.3784,1.369,1.3596,1.361,1.1704,2.8719,2.8719,2.8719,2.8719,2.8719,2.8719,2.8719,2.8719,2.8719,2.8719,2.8719,2.8719,2.8719
1.1877,1.1813,1.1803,1.1868,1.1942,1.2046,1.215,1.2257,1.2365,1.2473,1.2581,1.2566,0.5408,2.8769,2.8769,2.8769,2.8769,2.8769,2.8769,2.8769,2.8769,2.8769,2.8597,2.6251,2.3904,2.1557
2.882,2.882,2.882,2.882,2.882,2.882,2.882,2.882,2.882,2.882,2.882,2.882,2.882,2.882,2.882,2.882,2.882,2.882,2.882,2.882,2.882,2.882,2.882,2.882,2.882,2.882
2.887,2.887,2.887,2.887,2.887,2.887,2.887,2.887,2.887,2.2619,1.6401,2.887,2.887,2.887,2.887,2.887,2.887,2.887,2.887,2.887,2.887,2.887,2.887,2.887,2.887,2.887
1.0828,1.077,1.0761,1.082,1.0887,1.0982,1.1077,1.1175,1.1273,1.1371,1.147,1.1456,1.1362,0.7075,2.363,2.8921,2.8921,2.8921,2.8921,2.8921,2.8921,2.8211,2.6072,2.3933,2.1793,1.9653
1.4926,1.4984,1.4993,1.4934,1.4866,1.4771,1.4676,1.4578,1.448,1.4381,1.4282,1.4296,1.4391,0.8474,2.3196,2.8973,2.8973,2.8973,2.8973,2.8973,2.8973,2.8973,2.8973,2.8973,2.8973,2.8973
2.2964,2.2841,2.2822,2.2947,2.309,2.3291,2.3492,2.37,2.3908,2.249,1.5819,2.9024,2.9024,2.9024,2.9024,2.9024,2.9024,2.9024,2.9024,2.9024,2.9024,2.9024,2.9024,2.9024,2.9024,2.9024
2.9075,2.9075,2.9075,2.9075,2.9075,2.9075,2.9075,2.9075,2.9075,2.9075,2.9075,2.9075,2.9075,2.9075,2.9075,1.4902,2.084,2.6768,2.9075,2.9075,2.9075,2.9075,2.9075,2.9075,2.9075,2.9075
1.6183,1.6246,1.6256,1.6192,1.6119,1.6016,1.5913,1.5806,1.57,1.5593,1.5486,1.5501,2.9127,2.9127,2.9127,2.9127,2.9127,2.9127,2.9127,2.9127,2.9127,2.9127,2.9127,2.9127,2.9127,2.9127
1.027,1.0214,1.0206,1.0262,1.0326,1.0416,1.0506,1.0599,1.0692,1.0785,1.0878,1.0865,1.0776,2.9179,2.9179,2.9179,2.9179,2.9179,2.9179,2.9179,2.8785,2.6757,2.4728,2.2698,2.0669,1.864
2.3491,2.3583,2.3596,2.3504,2.3397,2.3248,2.3099,2.2944,2.2789,2.2634,2.2479,2.2501,2.2649,2.3479,2.4865,1.7648,2.4681,2.9231,2.9231,2.9231,2.9231,2.9231,2.9231,2.9231,2.9231,2.9231
2.9283,2.9283,2.9283,2.9283,2.9283,2.9283,2.9283,2.9283,2.9283,2.9283,2.9283,2.9283,2.9283,2.9283,2.9283,2.9283,2.9283,2.9283,2.9283,2.9283,2.9283,2.9283,2.9283,2.9283,2.9283,2.9283
1.333,1.3259,1.3248,1.332,1.3403,1.352,1.3636,1.3757,1.3878,1.3999,1.412,1.4103,1.3988,0.5422,1.2828,2.1656,2.9336,2.9336,2.9336,2.9336,2.9336,2.9336,2.9336,2.9336,2.6829,2.4195
1.3811,1.3865,1.3874,1.3819,1.3757,1.3669,1.3581,1.349,1.3399,1.3308,1.3216,1.3229,1.3316,2.9388,2.9388,2.9388,2.9388,2.9388,2.9388,2.9388,2.9388,2.9388,2.9388,2.9388,2.9388,2.9388
1.3912,1.3837,1.3826,1.3901,1.3988,1.4109,1.4231,1.4357,1.4483,1.461,1.4736,1.1786,2.9441,2.9441,2.9441,2.9441,2.9441,2.9441,2.9441,2.9441,2.9441,2.9441,2.9441,2.9441,2.7999,2.525
2.9494,2.9494,2.9494,2.9494,2.9494,2.9494,2.9494,2.9494,2.9494,2.9494,2.9494,2.9494,2.9494,2.9494,2.9494,2.9494,2.9494,2.5571,2.9494,2.9494,2.9494,2.9494,2.9494,2.9494,2.9494,2.9494
2.1958,2.2044,2.2056,2.197,2.1871,2.1731,2.1591,2.1447,2.1302,2.1157,1.8111,1.1553,2.9547,2.9547,2.9547,2.9547,2.9547,2.9547,2.9547,2.9547,2.9547,2.9547,2.9547,2.9547,2.9547,2.9547
1.0121,1.0067,1.0058,1.0113,1.0176,1.0265,1.0353,1.0445,1.0537,1.0629,1.0721,1.0708,1.062,1.673,2.9601,2.9601,2.9601,2.9601,2.9601,2.9601,2.8368,2.6369,2.437,2.237,2.037,1.837
1.6562,1.6627,1.6636,1.6571,1.6496,1.6391,1.6286,1.6176,1.6067,1.5958,1.5848,1.5864,1.5968,1.6554,1.5077,2.5452,2.9654,2.9654,2.9654,2.9654,2.9654,2.9654,2.9654,2.9654,2.9654,2.9654
2.9708,2.9708,2.9708,2.9708,2.9708,2.9708,2.9708,2.9708,2.6694,2.0588,2.9708,2.9708,2.9708,2.9708,2.9708,2.9708,2.9708,2.9708,2.9708,2.9708,2.9708,2.9708,2.9708,2.9708,2.9708,2.9708
2.0705,2.0594,2.0577,2.069,2.0819,2.1,2.1181,2.1369,2.1556,2.1744,2.1933,2.1906,2.1726,2.072,0.957,1.6156,2.2595,2.9021,2.9762,2.9762,2.9762,2.9762,2.9762,2.9762,2.9762,2.9762
1.4489,1.4545,1.4554,1.4497,1.4431,1.4339,1.4247,1.4151,1.4056,1.396,1.3864,1.3878,0.7714,2.9816,2.9816,2.9816,2.9816,2.9816,2.9816,2.9816,2.9816,2.9816,2.9816,2.9816,2.9816,2.9816
1.0897,1.0838,1.0829,1.0888,1.0956,1.1051,1.1147,1.1246,1.1344,1.1443,1.1542,1.1528,0.5448,2.9871,2.9871,2.9871,2.9871,2.9871,2.9871,2.9871,2.9871,2.839,2.6237,2.4084,2.1931,1.9778
2.9925,2.9925,2.9925,2.9925,2.9925,2.9925,2.9925,2.9925,2.9925,2.9925,2.9925,2.9925,2.9925,2.9925,2.9925,2.9925,2.9925,2.9925,2.9925,2.9925,2.9925,2.9925,2.9925,2.9925,2.9925,2.9925
2.998,2.998,2.998,2.998,2.998,2.998,2.998,2.998,2.7299,2.998,2.998,2.998,2.998,2.998,2.998,2.998,2.998,2.998,2.998,2.998,2.998,2.998,2.998,2.998,2.998,2.998
1.1342,1.1281,1.1271,1.1333,1.1404,1.1503,1.1602,1.1705,1.1808,1.1911,1.2014,1.1999,1.1901,0.5206,1.7389,2.9356,3.0035,3.0035,3.0035,3.0035,3.0035,2.955,2.7309,2.5068,2.2827,2.0585
1.4081,1.4136,1.4144,1.4089,1.4025,1.3935,1.3846,1.3753,1.366,1.3567,1.3474,1.3487,1.3576,1.0492,3.009,3.009,3.009,3.009,3.009,3.009,3.009,3.009,3.009,3.009,3.009,3.009
1.7889,1.7793,1.7779,1.7876,1.7987,1.8144,1.83,1.8462,1.8624,1.8787,1.682,0.9728,3.0145,3.0145,3.0145,3.0145,3.0145,3.0145,3.0145,3.0145,3.0145,3.0145,3.0145,3.0145,3.0145,3.0145
3.0201,3.0201,3.0201,3.0201,3.0201,3.0201,3.0201,3.0201,3.0201,3.0201,3.0201,3.0201,3.0201,3.0201,3.0201,1.4238,1.9912,2.5575,3.0201,3.0201,3.0201,3.0201,3.0201,3.0201,3.0201,3.0201
1.7495,1.7564,1.7574,1.7505,1.7426,1.7315,1.7203,1.7088,1.6973,1.6857,1.6742,1.2909,3.0257,3.0257,3.0257,3.0257,3.0257,3.0257,3.0257,3.0257,3.0257,3.0257,3.0257,3.0257,3.0257,3.0257
0.9933,0.9879,0.9871,0.9925,0.9987,1.0074,1.0161,1.0251,1.0341,1.0431,1.0521,1.0509,1.0422,3.0313,3.0313,3.0313,3.0313,3.0313,3.0313,2.9801,2.784,2.5879,2.3916,2.1954,1.9991,1.8028
1.9702,1.9779,1.9791,1.9713,1.9624,1.9499,1.9373,1.9244,1.9114,1.8984,1.8853,1.8872,1.8996,1.9692,1.2349,1.9441,2.7188,3.0369,3.0369,3.0369,3.0369,3.0369,3.0369,3.0369,3.0369,3.0369
3.0425,3.0425,3.0425,3.0425,3.0425,3.0425,3.0425,3.0425,3.0425,3.0425,3.0425,3.0425,3.0425,3.0425,3.0425,3.0425,3.0425,3.0425,3.0425,3.0425,3.0425,3.0425,3.0425,3.0425,3.0425,3.0425
1.5007,1.4926,1.4914,1.4996,1.5089,1.522,1.5352,1.5488,1.5624,1.576,1.5897,1.5877,1.5747,1.5018,1.1044,1.8643,2.6072,3.0482,3.0482,3.0482,3.0482,3.0482,3.0482,3.0482,3.0204,2.7238
1.368,1.3733,1.3741,1.3687,1.3625,1.3538,1.3451,1.3361,1.3271,1.3181,1.309,1.3103,1.3189,3.0539,3.0539,3.0539,3.0539,3.0539,3.0539,3.0539,3.0539,3.0539,3.0539,3.0539,3.0539,3.0539
1.2241,1.2175,1.2165,1.2231,1.2308,1.2415,1.2522,1.2633,1.2744,1.2855,1.2966,1.2951,0.5574,3.0596,3.0596,3.0596,3.0596,3.0596,3.0596,3.0596,3.0596,3.0596,2.9474,2.7055,2.4636,2.2217
3.0653,3.0653,3.0653,3.0653,3.0653,3.0653,3.0653,3.0653,3.0653,3.0653,3.0653,3.0653,3.0653,3.0653,3.0653,3.0653,3.0653,3.0653,3.0653,3.0653,3.0653,3.0653,3.0653,3.0653,3.0653,3.0653
2.6197,2.6299,2.6314,2.6211,2.6092,2.5926,2.5759,2.5587,2.5414,2.3086,1.6238,3.071,3.071,3.071,3.071,3.071,3.071,3.071,3.071,3.071,3.071,3.071,3.071,3.071,3.071,3.071
1.0269,1.0214,1.0206,1.0261,1.0325,1.0415,1.0505,1.0598,1.0691,1.0784,1.0878,1.0865,1.0775,0.8823,2.9469,3.0768,3.0768,3.0768,3.0768,3.0768,2.8783,2.6755,2.4726,2.2697,2.0668,1.8639
1.5099,1.5158,1.5167,1.5107,1.5039,1.4943,1.4847,1.4747,1.4648,1.4548,1.4448,1.4462,1.4558,1.5091,1.8747,3.0826,3.0826,3.0826,3.0826,3.0826,3.0826,3.0826,3.0826,3.0826,3.0826,3.0826
2.7061,2.6915,2.6893,2.704,2.7209,2.7445,2.7682,2.7927,2.743,2.1155,1.4881,3.0884,3.0884,3.0884,3.0884,3.0884,3.0884,3.0884,3.0884,3.0884,3.0884,3.0884,3.0884,3.0884,3.0884,3.0884
2.7241,2.7094,2.7072,2.722,2.739,2.7628,2.7866,2.8113,2.836,2.8608,2.8855,2.882,2.8584,2.726,0.8869,1.4952,2.0911,2.6858,3.0942,3.0942,3.0942,3.0942,3.0942,3.0942,3.0942,3.0942
1.5089,1.5148,1.5157,1.5097,1.5029,1.4933,1.4837,1.4738,1.4638,1.4538,1.4439,1.4453,3.1001,3.1001,3.1001,3.1001,3.1001,3.1001,3.1001,3.1001,3.1001,3.1001,3.1001,3.1001,3.1001,3.1001
1.0225,1.017,1.0162,1.0217,1.0281,1.037,1.046,1.0553,1.0645,1.0738,1.0831,1.0818,0.7791,3.106,3.106,3.106,3.106,3.106,3.106,3.0679,2.866,2.6641,2.4621,2.26,2.058,1.8559
2.5948,2.605,2.6065,2.5963,2.5845,2.568,2.5515,2.5344,2.5173,2.5002,2.483,2.4855,2.5018,2.5935,2.7466,2.9859,2.2789,2.9271,3.1119,3.1119,3.1119,3.1119,3.1119,3.1119,3.1119,3.1119
3.1178,3.1178,3.1178,3.1178,3.1178,3.1178,3.1178,3.1178,3.1178,3.1178,3.1178,3.1178,3.1178,3.1178,3.1178,3.1178,3.1178,3.1178,3.1178,3.1178,3.1178,3.1178,3.1178,3.1178,3.1178,3.1178
1.2173,1.2108,1.2098,1.2164,1.224,1.2347,1.2453,1.2563,1.2674,1.2784,1.2895,1.2879,1.2774,0.4952,1.388,2.3431,3.1237,3.1237,3.1237,3.1237,3.1237,3.1237,2.9312,2.6906,2.4501,2.2095
1.3553,1.3606,1.3614,1.3561,1.3499,1.3413,1.3327,1.3238,1.3148,1.3059,1.2969,1.2982,1.3067,2.3109,3.1297,3.1297,3.1297,3.1297,3.1297,3.1297,3.1297,3.1297,3.1297,3.1297,3.1297,3.1297
1.4804,1.4725,1.4713,1.4793,1.4885,1.5015,1.5144,1.5279,1.5413,1.5547,1.5682,1.0627,3.1357,3.1357,3.1357,3.1357,3.1357,3.1357,3.1357,3.1357,3.1357,3.1357,3.1357,3.1357,2.9796,2.6871
3.1417,3.1417,3.1417,3.1417,3.1417,3.1417,3.1417,3.1417,3.1417,3.1417,3.1417,3.1417,3.1417,3.1417,3.1417,3.1417,1.9398,2.4915,3.04,3.1417,3.1417,3.1417,3.1417,3.1417,3.1417,3.1417
1.9504,1.958,1.9591,1.9514,1.9426,1.9302,1.9178,1.9049,1.8921,1.8792,1.8663,1.0994,3.1477,3.1477,3.1477,3.1477,3.1477,3.1477,3.1477,3.1477,3.1477,3.1477,3.1477,3.1477,3.1477,3.1477
0.9792,0.9739,0.9731,0.9784,0.9845,0.9931,1.0016,1.0105,1.0194,1.0283,1.0372,1.0359,1.0274,3.1538,3.1538,3.1538,3.1538,3.1538,3.1299,2.9378,2.7444,2.5511,2.3576,2.1642,1.9707,1.7772
1.718,1.7248,1.7258,1.719,1.7112,1.7003,1.6894,1.678,1.6667,1.6554,1.644,1.6456,1.6565,1.7172,1.3147,2.2194,3.1038,3.1599,3.1599,3.1599,3.1599,3.1599,3.1599,3.1599,3.1599,3.1599
3.166,3.166,3.166,3.166,3.166,3.166,3.166,3.1503,3.166,3.166,3.166,3.166,3.166,3.166,3.166,3.166,3.166,3.166,3.166,3.166,3.166,3.166,3.166,3.166,3.166,3.166
1.7634,1.7539,1.7525,1.7621,1.7731,1.7885,1.8039,1.8199,1.8359,1.8519,1.8679,1.8657,1.8504,1.7646,0.9826,1.6587,2.3197,2.9795,3.1721,3.1721,3.1721,3.1721,3.1721,3.1721,3.1721,3.1721
1.3811,1.3865,1.3873,1.3819,1.3756,1.3668,1.3581,1.349,1.3399,1.3307,1.3216,1.3229,0.892,3.1783,3.1783,3.1783,3.1783,3.1783,3.1783,3.1783,3.1783,3.1783,3.1783,3.1783,3.1783,3.1783
1.1084,1.1025,1.1016,1.1076,1.1145,1.1242,1.1339,1.1439,1.154,1.164,1.1741,1.1727,0.5047,3.1845,3.1845,3.1845,3.1845,3.1845,3.1845,3.1845,3.1067,2.8879,2.6689,2.4499,2.2308,2.0118
3.1907,3.1907,3.1907,3.1907,3.1907,3.1907,3.1907,3.1907,3.1907,3.1907,3.1907,3.1907,3.1907,3.1907,3.1907,3.1907,3.1907,3.1907,3.1907,3.1907,3.1907,3.1907,3.1907,3.1907,3.1907,3.1907
3.1969,3.1969,3.1969,3.1969,3.1969,3.1969,3.1969,3.1969,2.7534,2.1236,3.1969,3.1969,3.1969,3.1969,3.1969,3.1969,3.1969,3.1969,3.1969,3.1969,3.1969,3.1969,3.1969,3.1969,3.1969,3.1969
1.0635,1.0578,1.0569,1.0627,1.0693,1.0786,1.0879,1.0976,1.1072,1.1169,1.1265,1.1252,1.1159,0.6013,2.0084,3.2031,3.2031,3.2031,3.2031,3.1908,2.9808,2.7708,2.5607,2.3506,2.1404,1.9303
1.409,1.4145,1.4153,1.4098,1.4034,1.3944,1.3855,1.3762,1.3669,1.3576,1.3483,1.3496,1.3585,0.8,2.568,3.2094,3.2094,3.2094,3.2094,3.2094,3.2094,3.2094,3.2094,3.2094,3.2094,3.2094
2.0024,1.9916,1.99,2.0008,2.0133,2.0308,2.0484,2.0665,2.0846,2.1028,1.5626,0.9292,3.2157,3.2157,3.2157,3.2157,3.2157,3.2157,3.2157,3.2157,3.2157,3.2157,3.2157,3.2157,3.2157,3.2157
3.222,3.222,3.222,3.222,3.222,3.222,3.222,3.222,3.222,3.222,3.222,3.222,3.222,3.222,3.222,1.4141,1.9776,2.54,3.0992,3.222,3.222,3.222,3.222,3.222,3.222,3.222
1.6086,1.6149,1.6158,1.6095,1.6022,1.5919,1.5817,1.5711,1.5605,1.5499,1.5393,1.4115,3.2284,3.2284,3.2284,3.2284,3.2284,3.2284,3.2284,3.2284,3.2284,3.2284,3.2284,3.2284,3.2284,3.2284
0.9793,0.9741,0.9733,0.9786,0.9847,0.9933,1.0018,1.0107,1.0196,1.0285,1.0374,1.0361,1.0276,3.2347,3.2347,3.2347,3.2347,3.2347,3.1305,2.9383,2.7449,2.5516,2.3581,2.1646,1.971,1.7775
2.1152,2.1235,2.1247,2.1164,2.1068,2.0933,2.0799,2.0659,2.052,2.038,2.0241,2.026,2.0394,2.1141,2.2389,1.7664,2.4703,3.173,3.2411,3.2411,3.2411,3.2411,3.2411,3.2411,3.2411,3.2411
3.2476,3.2476,3.2476,3.2476,3.2476,3.2476,3.2476,3.2476,3.2476,3.2476,3.2476,3.2476,3.2476,3.2476,3.2476,3.2476,3.2476,3.2476,3.2476,3.2476,3.2476,3.2476,3.2476,3.2476,3.2476,3.2476
1.3448,1.3376,1.3365,1.3438,1.3522,1.3639,1.3757,1.3879,1.4001,1.4123,1.4245,1.4228,1.4111,1.3457,1.168,1.9717,2.7575,3.254,3.254,3.254,3.254,3.254,3.2381,2.9724,2.7066,2.4409
1.3297,1.3349,1.3357,1.3305,1.3244,1.316,1.3075,1.2988,1.29,1.2812,1.2724,1.2737,1.2821,3.2605,3.2605,3.2605,3.2605,3.2605,3.2605,3.2605,3.2605,3.2605,3.2605,3.2605,3.2605,3.2605
1.2783,1.2715,1.2704,1.2774,1.2853,1.2965,1.3077,1.3193,1.3309,1.3425,1.3541,1.2,3.267,3.267,3.267,3.267,3.267,3.267,3.267,3.267,3.267,3.267,3.078,2.8254,2.5728,2.3202
3.2735,3.2735,3.2735,3.2735,3.2735,3.2735,3.2735,3.2735,3.2735,3.2735,3.2735,3.2735,3.2735,3.2735,3.2735,3.2735,3.2735,3.2735,3.018,3.2735,3.2735,3.2735,3.2735,3.2735,3.2735,3.2735
2.2609,2.2697,2.271,2.2621,2.2519,2.2375,2.2231,2.2082,2.1933,2.1784,1.6773,3.2801,3.2801,3.2801,3.2801,3.2801,3.2801,3.2801,3.2801,3.2801,3.2801,3.2801,3.2801,3.2801,3.2801,3.2801
0.9837,0.9785,0.9777,0.983,0.9891,0.9977,1.0063,1.0153,1.0242,1.0331,1.0421,1.0408,1.0323,1.2076,3.2867,3.2867,3.2867,3.2867,3.1446,2.9516,2.7573,2.5631,2.3687,2.1743,1.9799,1.7855
1.5445,1.5506,1.5515,1.5454,1.5384,1.5286,1.5187,1.5086,1.4984,1.4882,1.478,1.4794,1.4892,1.5437,1.5743,2.6576,3.2933,3.2933,3.2933,3.2933,3.2933,3.2933,3.2933,3.2933,3.2933,3.2933
3.2999,3.2999,3.2999,3.2999,3.2999,3.2999,3.2999,3.2039,2.6075,2.011,3.2999,3.2999,3.2999,3.2999,3.2999,3.2999,3.2999,3.2999,3.2999,3.2999,3.2999,3.2999,3.2999,3.2999,3.2999,3.2999
2.2022,2.1904,2.1886,2.2005,2.2142,2.2335,2.2528,2.2727,2.2927,2.3127,2.3327,2.3299,2.3108,2.2037,0.8981,1.516,2.1202,2.7232,3.3066,3.3066,3.3066,3.3066,3.3066,3.3066,3.3066,3.3066
1.4226,1.4281,1.429,1.4234,1.4169,1.4079,1.3988,1.3895,1.3801,1.3707,1.3613,1.3626,0.7574,3.3132,3.3132,3.3132,3.3132,3.3132,3.3132,3.3132,3.3132,3.3132,3.3132,3.3132,3.3132,3.3132
1.0283,1.0228,1.022,1.0275,1.0339,1.0429,1.0519,1.0613,1.0706,1.0799,1.0893,1.088,0.5946,3.32,3.32,3.32,3.32,3.32,3.2871,3.0853,2.8823,2.6792,2.476,2.2728,2.0696,1.8664
2.9479,2.9594,2.9612,2.9496,2.9362,2.9175,2.8987,2.8793,2.8599,2.8404,2.8209,2.8236,2.8422,2.9464,3.1203,3.3267,3.3267,3.3267,3.3267,3.3267,3.3267,3.3267,3.3267,3.3267,3.3267,3.3267
3.3335,3.3335,3.3335,3.3335,3.3335,3.3335,3.3335,3.1824,2.5995,3.3335,3.3335,3.3335,3.3335,3.3335,3.3335,3.3335,3.3335,3.3335,3.3335,3.3335,3.3335,3.3335,3.3335,3.3335,3.3335,3.3335
1.1264,1.1204,1.1195,1.1255,1.1326,1.1424,1.1523,1.1625,1.1727,1.1829,1.1932,1.1917,1.182,0.4597,1.5354,2.5919,3.3403,3.3403,3.3403,3.3403,3.1572,2.9348,2.7122,2.4897,2.2671,2.0445
1.3426,1.3479,1.3486,1.3434,1.3373,1.3287,1.3202,1.3114,1.3025,1.2936,1.2848,1.286,1.2945,1.2798,3.3471,3.3471,3.3471,3.3471,3.3471,3.3471,3.3471,3.3471,3.3471,3.3471,3.3471,3.3471
1.6045,1.5959,1.5946,1.6033,1.6133,1.6273,1.6413,1.6559,1.6704,1.685,1.6815,0.9725,3.3539,3.3539,3.3539,3.3539,3.3539,3.3539,3.3539,3.3539,3.3539,3.3539,3.3539,3.3539,3.2293,2.9122
3.3608,3.3608,3.3608,3.3608,3.3608,3.3608,3.3608,3.3608,3.3608,3.3608,3.3608,3.3608,3.3608,3.3608,3.3608,3.3608,1.9079,2.4505,2.9899,3.3608,3.3608,3.3608,3.3608,3.3608,3.3608,3.3608
1.762,1.7689,1.7699,1.763,1.755,1.7438,1.7326,1.721,1.7094,1.6977,1.6861,1.1721,3.3677,3.3677,3.3677,3.3677,3.3677,3.3677,3.3677,3.3677,3.3677,3.3677,3.3677,3.3677,3.3677,3.3677
0.9562,0.9511,0.9503,0.9555,0.9614,0.9698,0.9782,0.9868,0.9955,1.0042,1.0129,1.0117,1.0034,3.3747,3.3747,3.3747,3.3747,3.2443,3.0566,2.869,2.6802,2.4913,2.3024,2.1135,1.9245,1.7356
1.8068,1.8139,1.815,1.8078,1.7997,1.7882,1.7767,1.7648,1.7529,1.7409,1.729,1.7307,1.7421,1.8059,1.1698,1.9747,2.7617,3.3816,3.3816,3.3816,3.3816,3.3816,3.3816,3.3816,3.3816,3.3816
3.3886,3.3886,3.3886,3.3886,3.3886,3.3886,3.3886,3.3886,3.3886,3.3886,3.3886,3.3886,3.3886,3.3886,3.3886,3.3886,3.3886,3.3886,3.3886,3.3886,3.3886,3.3886,3.3886,3.3886,3.3886,3.3886
1.5399,1.5317,1.5304,1.5388,1.5484,1.5618,1.5753,1.5893,1.6032,1.6172,1.6312,1.6292,1.6159,1.541,1.0214,1.7242,2.4113,3.0971,3.3956,3.3956,3.3956,3.3956,3.3956,3.3956,3.0994,2.795
1.3294,1.3346,1.3354,1.3302,1.3242,1.3157,1.3072,1.2985,1.2897,1.2809,1.2722,1.2734,1.2818,3.4027,3.4027,3.4027,3.4027,3.4027,3.4027,3.4027,3.4027,3.4027,3.4027,3.4027,3.4027,3.4027
1.1404,1.1342,1.1333,1.1395,1.1466,1.1566,1.1665,1.1769,1.1872,1.1976,1.2079,1.2065,0.5193,3.4098,3.4098,3.4098,3.4098,3.4098,3.4098,3.4098,3.1963,2.9711,2.7458,2.5205,2.2951,2.0698
3.4169,3.4169,3.4169,3.4169,3.4169,3.4169,3.4169,3.4169,3.4169,3.4169,3.4169,3.4169,3.4169,3.4169,3.4169,3.4169,3.4169,3.4169,3.4169,3.4169,3.4169,3.4169,3.4169,3.4169,3.4169,3.4169
2.766,2.7768,2.7784,2.7676,2.755,2.7374,2.7198,2.7016,2.6834,2.1647,1.5226,3.424,3.424,3.424,3.424,3.424,3.424,3.424,3.424,3.424,3.424,3.424,3.424,3.424,3.424,3.424
1.0079,1.0025,1.0017,1.0071,1.0134,1.0222,1.0311,1.0402,1.0493,1.0585,1.0677,1.0664,1.0576,0.7262,2.4254,3.4312,3.4312,3.4197,3.2219,3.0241,2.825,2.626,2.4269,2.2277,2.0286,1.8294
1.4242,1.4297,1.4306,1.425,1.4185,1.4094,1.4004,1.391,1.3816,1.3722,1.3628,1.3641,1.3731,0.8086,2.0231,3.4153,3.4384,3.4384,3.4384,3.4384,3.4384,3.4384,3.4384,3.4384,3.4384,3.4384
2.3139,2.3014,2.2996,2.3121,2.3265,2.3467,2.367,2.388,2.4089,2.0875,1.4683,3.4456,3.4456,3.4456,3.4456,3.4456,3.4456,3.4456,3.4456,3.4456,3.4456,3.4456,3.4456,3.4456,3.4456,3.4456
3.0355,3.0191,3.0167,3.0331,3.0521,3.0786,3.1052,3.1327,3.1602,3.1878,3.2154,3.2115,3.1851,3.0376,2.7912,1.418,1.9831,2.5472,3.1079,3.4529,3.4529,3.4529,3.4529,3.4529,3.4529,3.4529
1.4974,1.5032,1.5041,1.4982,1.4914,1.4819,1.4724,1.4625,1.4527,1.4428,1.4329,1.4343,3.4602,3.4602,3.4602,3.4602,3.4602,3.4602,3.4602,3.4602,3.4602,3.4602,3.4602,3.4602,3.4602,3.4602
0.9747,0.9695,0.9687,0.974,0.98,0.9886,0.9971,1.0059,1.0148,1.0236,1.0325,1.0312,0.9153,3.4675,3.4675,3.4675,3.4675,3.307,3.1158,2.9245,2.732,2.5395,2.347,2.1544,1.9618,1.7691
2.3161,2.3252,2.3265,2.3174,2.3069,2.2922,2.2774,2.2622,2.2469,2.2316,2.2163,2.2185,2.2331,2.3149,2.4516,1.6652,2.2757,2.9229,3.4749,3.4749,3.4749,3.4749,3.4749,3.4749,3.4749,3.4749
3.4823,3.4823,3.4823,3.4823,3.4823,3.4823,3.4823,3.4823,3.4823,3.4823,3.4823,3.4823,3.4823,3.4823,3.4823,3.4823,3.4823,3.4823,3.4823,3.4823,3.4823,3.4823,3.4823,3.4823,3.4823,3.4823
1.2241,1.2175,1.2166,1.2232,1.2308,1.2415,1.2522,1.2633,1.2744,1.2855,1.2967,1.2951,1.2845,0.4979,1.256,2.1202,2.9651,3.4897,3.4897,3.4897,3.4311,3.1893,2.9475,2.7056,2.4637,2.2218
1.3045,1.3096,1.3104,1.3052,1.2993,1.291,1.2827,1.2741,1.2656,1.2569,1.2483,1.2495,1.2578,3.4971,3.4971,3.4971,3.4971,3.4971,3.4971,3.4971,3.4971,3.4971,3.4971,3.4971,3.4971,3.4971
1.3544,1.3471,1.346,1.3533,1.3618,1.3736,1.3855,1.3977,1.41,1.4223,1.4346,1.0771,3.5046,3.5046,3.5046,3.5046,3.5046,3.5046,3.5046,3.5046,3.5046,3.5046,3.2611,2.9935,2.7258,2.4582
3.5121,3.5121,3.5121,3.5121,3.5121,3.5121,3.5121,3.5121,3.5121,3.5121,3.5121,3.5121,3.5121,3.5121,3.5121,3.5121,3.5121,2.4094,2.9398,3.4702,3.5121,3.5121,3.5121,3.5121,3.5121,3.5121
1.9953,2.0031,2.0043,1.9964,1.9874,1.9747,1.962,1.9489,1.9357,1.9226,1.7549,1.0498,3.5197,3.5197,3.5197,3.5197,3.5197,3.5197,3.5197,3.5197,3.5197,3.5197,3.5197,3.5197,3.5197,3.5197
0.9514,0.9463,0.9455,0.9506,0.9566,0.9649,0.9732,0.9818,0.9905,0.9991,1.0078,1.0065,0.9983,1.9942,3.5272,3.5272,3.4051,3.2278,3.0411,2.8544,2.6666,2.4787,2.2907,2.1028,1.9148,1.7268
1.5984,1.6047,1.6056,1.5993,1.5921,1.5819,1.5718,1.5612,1.5507,1.5401,1.5296,1.5311,1.5412,1.5976,1.3603,2.2963,3.2114,3.5348,3.5348,3.5348,3.5348,3.5348,3.5348,3.5348,3.5348,3.5348
3.5425,3.5425,3.5425,3.5425,3.5425,3.5425,3.5425,3.0756,2.503,3.5425,3.5425,3.5425,3.5425,3.5425,3.5425,3.5425,3.5425,3.5425,3.5425,3.5425,3.5425,3.5425,3.5425,3.5425,3.5425,3.5425
1.8506,1.8406,1.8391,1.8491,1.8607,1.8769,1.8931,1.9098,1.9266,1.9434,1.9602,1.9579,1.9418,1.8518,0.9205,1.5538,2.173,2.7911,3.4055,3.5502,3.5502,3.5502,3.5502,3.5502,3.5502,3.3588
1.355,1.3603,1.3611,1.3558,1.3496,1.341,1.3324,1.3235,1.3145,1.3056,1.2966,1.2979,0.7215,3.5579,3.5579,3.5579,3.5579,3.5579,3.5579,3.5579,3.5579,3.5579,3.5579,3.5579,3.5579,3.5579
1.0447,1.0391,1.0383,1.0439,1.0504,1.0596,1.0687,1.0782,1.0876,1.0971,1.1066,1.1053,0.4806,3.5656,3.5656,3.5656,3.5656,3.5445,3.3395,3.1345,2.9282,2.7219,2.5155,2.3091,2.1026,1.8962
3.4747,3.4883,3.4903,3.4766,3.4609,3.4388,3.4167,3.3938,3.3709,3.348,3.325,3.3282,3.3502,3.4729,3.5734,3.5734,3.5734,3.5734,3.5734,3.5734,3.5734,3.5734,3.5734,3.5734,3.5734,3.5734
3.5812,3.5812,3.5812,3.5812,3.5812,3.5812,3.5812,3.2068,2.6098,2.0128,3.5812,3.5812,3.5812,3.5812,3.5812,3.5812,3.5812,3.5812,3.5812,3.5812,3.5812,3.5812,3.5812,3.5812,3.5812,3.5812
1.0546,1.0489,1.0481,1.0538,1.0603,1.0696,1.0788,1.0883,1.0979,1.1075,1.1171,1.1157,1.1066,0.5226,1.7455,2.9467,3.589,3.578,3.371,3.1641,2.9558,2.7476,2.5392,2.3309,2.1225,1.9141
1.3426,1.3478,1.3486,1.3433,1.3372,1.3287,1.3201,1.3113,1.3025,1.2936,1.2847,1.286,1.2944,0.8794,2.9372,3.5969,3.5969,3.5969,3.5969,3.5969,3.5969,3.5969,3.5969,3.5969,3.5969,3.5969
1.7769,1.7673,1.7659,1.7755,1.7866,1.8021,1.8177,1.8338,1.8499,1.866,1.5588,0.9015,3.6048,3.6048,3.6048,3.6048,3.6048,3.6048,3.6048,3.6048,3.6048,3.6048,3.6048,3.6048,3.5762,3.2251
3.6128,3.6128,3.6128,3.6128,3.6128,3.6128,3.6128,3.6128,3.6128,3.6128,3.6128,3.6128,3.6128,3.6128,3.6128,1.3541,1.8937,2.4324,2.9678,3.5033,3.6128,3.6128,3.6128,3.6128,3.6128,3.6128
1.6152,1.6215,1.6224,1.6161,1.6088,1.5985,1.5882,1.5776,1.5669,1.5563,1.5456,1.2721,3.6208,3.6208,3.6208,3.6208,3.6208,3.6208,3.6208,3.6208,3.6208,3.6208,3.6208,3.6208,3.6208,3.6208
0.9423,0.9373,0.9365,0.9416,0.9475,0.9557,0.964,0.9725,0.9811,0.9896,0.9982,0.997,0.9888,3.6288,3.6288,3.5455,3.3728,3.1972,3.0123,2.8274,2.6413,2.4552,2.269,2.0828,1.8966,1.7104
1.9293,1.9369,1.938,1.9304,1.9217,1.9094,1.8971,1.8844,1.8717,1.859,1.8462,1.848,1.8602,1.9284,2.0422,1.7869,2.499,3.2098,3.6368,3.6368,3.6368,3.6368,3.6368,3.6368,3.6368,3.6368
3.6449,3.6449,3.6449,3.6449,3.6449,3.6449,3.6449,3.6449,3.6449,3.6449,3.6449,3.6449,3.6449,3.6449,3.6449,3.6449,3.6449,3.6449,3.6449,3.6449,3.6449,3.6449,3.6449,3.6449,3.6449,3.6449
1.3721,1.3648,1.3637,1.3711,1.3796,1.3916,1.4037,1.4161,1.4285,1.441,1.4535,1.4517,1.4398,1.3731,1.0759,1.8163,2.5401,3.2626,3.6531,3.6531,3.6531,3.575,3.3039,3.0328,2.7616,2.4905
1.2916,1.2966,1.2974,1.2923,1.2864,1.2782,1.27,1.2615,1.253,1.2445,1.2359,1.2371,1.2453,3.6612,3.6612,3.6612,3.6612,3.6612,3.6612,3.6612,3.6612,3.6612,3.6612,3.6612,3.6612,3.6612
1.1874,1.181,1.1801,1.1865,1.1939,1.2043,1.2147,1.2254,1.2362,1.247,1.2578,1.237,3.6694,3.6694,3.6694,3.6694,3.6694,3.6694,3.6694,3.5626,3.3282,3.0937,2.8591,2.6245,2.3898,2.1552
3.6777,3.6777,3.6777,3.6777,3.6777,3.6777,3.6777,3.6777,3.6777,3.6777,3.6777,3.6777,3.6777,3.6777,3.6777,3.6777,3.6777,3.6777,3.6777,3.6777,3.6777,3.6777,3.6777,3.6777,3.6777,3.6777
2.3602,2.3694,2.3708,2.3615,2.3508,2.3358,2.3208,2.3052,2.2897,2.2311,1.5693,3.6859,3.6859,3.6859,3.6859,3.6859,3.6859,3.6859,3.6859,3.6859,3.6859,3.6859,3.6859,3.6859,3.6859,3.6859
0.9647,0.9595,0.9587,0.964,0.97,0.9784,0.9869,0.9956,1.0043,1.0131,1.0219,1.0207,1.0123,0.9377,3.132,3.6296,3.4528,3.2731,3.0838,2.8944,2.704,2.5135,2.3229,2.1322,1.9416,1.751
1.4544,1.4601,1.4609,1.4552,1.4486,1.4394,1.4301,1.4205,1.4109,1.4013,1.3917,1.3931,1.4023,1.4537,1.6705,2.82,3.7026,3.7026,3.7026,3.7026,3.7026,3.7026,3.7026,3.7026,3.7026,3.7026
2.7925,2.7774,2.7752,2.7903,2.8077,2.8321,2.8566,2.8819,2.5699,1.982,1.3941,3.711,3.711,3.711,3.711,3.711,3.711,3.711,3.711,3.711,3.711,3.711,3.711,3.711,3.711,3.711
2.3892,2.3763,2.3744,2.3874,2.4023,2.4231,2.4441,2.4657,2.4874,2.5091,2.5308,2.5277,2.507,2.3909,0.8506,1.4359,2.0082,2.5793,3.1471,3.7149,3.7194,3.7194,3.7194,3.7194,3.7194,3.7194
1.4096,1.4151,1.4159,1.4103,1.404,1.395,1.386,1.3767,1.3675,1.3581,1.3488,1.3501,0.7505,3.7279,3.7279,3.7279,3.7279,3.7279,3.7279,3.7279,3.7279,3.7279,3.7279,3.7279,3.7279,3.7279
0.9793,0.974,0.9732,0.9785,0.9846,0.9932,1.0018,1.0106,1.0195,1.0284,1.0373,1.0361,0.6666,3.7364,3.7364,3.6844,3.5049,3.3225,3.1303,2.9381,2.7448,2.5514,2.3579,2.1644,1.9709,1.7774
2.5974,2.6075,2.6091,2.5988,2.5871,2.5706,2.554,2.5369,2.5198,2.5027,2.4855,2.4879,2.5043,2.5961,2.7493,2.9888,2.2135,2.7256,3.3256,3.7449,3.7449,3.7449,3.7449,3.7449,3.7449,3.7449
3.7535,3.7535,3.7535,3.7535,3.7535,3.7535,3.6131,3.1155,3.7535,3.7535,3.7535,3.7535,3.7535,3.7535,3.7535,3.7535,3.7535,3.7535,3.7535,3.7535,3.7535,3.7535,3.7535,3.7535,3.7535,3.7535
1.1295,1.1234,1.1225,1.1286,1.1357,1.1456,1.1555,1.1657,1.1759,1.1862,1.1965,1.195,1.1852,0.4594,1.3768,2.3243,3.2505,3.7621,3.6106,3.3889,3.1659,2.9429,2.7197,2.4965,2.2733,2.0501
1.2914,1.2964,1.2972,1.2921,1.2862,1.278,1.2698,1.2613,1.2528,1.2443,1.2357,1.2369,1.2451,1.695,3.7708,3.7708,3.7708,3.7708,3.7708,3.7708,3.7708,3.7708,3.7708,3.7708,3.7708,3.7708
1.4583,1.4505,1.4493,1.4572,1.4663,1.4791,1.4918,1.505,1.5182,1.5315,1.5448,0.982,3.7795,3.7795,3.7795,3.7795,3.7795,3.7795,3.7795,3.7795,3.7795,3.7795,3.5114,3.2233,2.9351,2.6469
3.7882,3.7882,3.7882,3.7882,3.7882,3.7882,3.7882,3.7882,3.7882,3.7882,3.7882,3.7882,3.7882,3.7882,3.7882,3.7882,1.8438,2.3682,2.8895,3.4108,3.7882,3.7882,3.7882,3.7882,3.7882,3.7882
1.7935,1.8005,1.8016,1.7945,1.7864,1.775,1.7636,1.7517,1.7399,1.7281,1.7162,1.0769,3.797,3.797,3.797,3.797,3.797,3.797,3.797,3.797,3.797,3.797,3.797,3.797,3.797,3.797
0.9284,0.9234,0.9227,0.9277,0.9335,0.9416,0.9497,0.9582,0.9666,0.975,0.9835,0.9823,0.9742,3.6863,3.6109,3.4931,3.323,3.15,2.9678,2.7856,2.6023,2.4189,2.2355,2.052,1.8686,1.6851
1.675,1.6816,1.6826,1.676,1.6684,1.6577,1.6471,1.636,1.625,1.6139,1.6029,1.6044,1.615,1.6742,1.2019,2.029,2.8375,3.6446,3.8147,3.8147,3.8147,3.8147,3.8147,3.8147,3.8147,3.8147
3.8236,3.8236,3.8236,3.8236,3.8236,3.8236,3.5345,3.8236,3.8236,3.8236,3.8236,3.8236,3.8236,3.8236,3.8236,3.8236,3.8236,3.8236,3.8236,3.8236,3.8236,3.8236,3.8236,3.8236,3.8236,3.8236
1.6003,1.5917,1.5904,1.5991,1.6091,1.6231,1.6371,1.6516,1.6661,1.6806,1.6952,1.6931,1.6792,1.6014,0.9542,1.6107,2.2526,2.8933,3.5303,3.8325,3.8325,3.8325,3.8325,3.5371,3.2209,2.9047
1.3031,1.3081,1.3089,1.3038,1.2979,1.2896,1.2813,1.2727,1.2641,1.2555,1.2469,1.2481,0.9718,3.8415,3.8415,3.8415,3.8415,3.8415,3.8415,3.8415,3.8415,3.8415,3.8415,3.8415,3.8415,3.8415
1.0726,1.0668,1.0659,1.0717,1.0784,1.0878,1.0972,1.1069,1.1166,1.1264,1.1361,1.1348,0.4884,3.8505,3.8505,3.8505,3.8389,3.639,3.4285,3.2181,3.0063,2.7945,2.5826,2.3706,2.1587,1.9467
3.8596,3.8596,3.8596,3.8596,3.8596,3.8596,3.8596,3.8596,3.8596,3.8596,3.8596,3.8596,3.8596,3.8596,3.8596,3.8596,3.8596,3.8596,3.8596,3.8596,3.8596,3.8596,3.8596,3.8596,3.8596,3.8596
2.972,2.9836,2.9854,2.9737,2.9602,2.9413,2.9224,2.9028,2.656,2.0484,1.5609,3.8687,3.8687,3.8687,3.8687,3.8687,3.8687,3.8687,3.8687,3.8687,3.8687,3.8687,3.8687,3.8687,3.8687,3.8687
0.9979,0.9925,0.9917,0.9971,1.0034,1.0121,1.0208,1.0299,1.0389,1.048,1.0571,1.0558,1.0471,0.6159,2.0571,3.4726,3.5717,3.3857,3.1899,2.9941,2.797,2.6,2.4028,2.2056,2.0084,1.8112
1.3552,1.3605,1.3613,1.356,1.3498,1.3412,1.3326,1.3237,1.3147,1.3058,1.2968,1.2981,1.3066,0.7695,2.2332,3.77,3.8871,3.8871,3.8871,3.8871,3.8871,3.8871,3.8871,3.8871,3.8871,3.8871
2.0211,2.0102,2.0086,2.0195,2.0321,2.0498,2.0675,2.0858,2.1041,2.0781,1.4617,0.9379,3.8963,3.8963,3.8963,3.8963,3.8963,3.8963,3.8963,3.8963,3.8963,3.8963,3.8963,3.8963,3.8963,3.6683
3.4948,3.4761,3.4732,3.4922,3.514,3.5445,3.5751,3.6068,3.6385,3.6702,3.702,3.6975,3.6672,3.4973,3.2136,1.3564,1.897,2.4365,2.9729,3.5093,3.9056,3.9056,3.9056,3.9056,3.9056,3.9056
1.4996,1.5055,1.5063,1.5004,1.4936,1.4841,1.4746,1.4647,1.4548,1.4449,1.435,1.41,3.9149,3.9149,3.9149,3.9149,3.9149,3.9149,3.9149,3.9149,3.9149,3.9149,3.9149,3.9149,3.9149,3.9149
0.937,0.932,0.9312,0.9363,0.9421,0.9503,0.9585,0.967,0.9755,0.984,0.9926,0.9914,0.9832,3.7204,3.6443,3.5255,3.3537,3.1791,2.9953,2.8114,2.6263,2.4413,2.2562,2.071,1.8859,1.7007
2.0963,2.1045,2.1057,2.0975,2.088,2.0746,2.0613,2.0475,2.0337,2.0198,2.006,2.0079,2.0211,2.0952,2.2189,1.6404,2.2941,2.9466,3.5953,3.9337,3.9337,3.9337,3.9337,3.9337,3.9337,3.9337
3.9432,3.9432,3.9432,3.9432,3.9432,3.9432,3.9432,3.9432,3.9432,3.9432,3.9432,3.9432,3.9432,3.9432,3.9432,3.9432,3.9432,3.9432,3.9432,3.9432,3.9432,3.9432,3.9432,3.9432,3.9432,3.9432
1.2433,1.2366,1.2356,1.2423,1.2501,1.261,1.2718,1.2831,1.2944,1.3057,1.317,1.3154,1.3046,0.5057,1.1504,1.942,2.7159,3.4883,3.9527,3.7303,3.4848,3.2393,2.9936,2.748,2.5023,2.2566
1.266,1.2709,1.2717,1.2667,1.261,1.2529,1.2449,1.2365,1.2282,1.2198,1.2115,1.2126,1.2206,3.9623,3.9623,3.9623,3.9623,3.9623,3.9623,3.9623,3.9623,3.9623,3.9623,3.9623,3.9623,3.9623
1.2526,1.2459,1.2449,1.2517,1.2595,1.2704,1.2814,1.2928,1.3041,1.3155,1.3269,1.1035,3.9719,3.9719,3.9719,3.9719,3.9719,3.9719,3.9719,3.7583,3.511,3.2636,3.0162,2.7686,2.5211,2.2736
3.9815,3.9815,3.9815,3.9815,3.9815,3.9815,3.9815,3.9815,3.9815,3.9815,3.9815,3.9815,3.9815,3.9815,3.9815,3.9815,3.9815,3.9815,2.8664,3.3835,3.9003,3.9815,3.9815,3.9815,3.9815,3.9815
2.0654,2.0735,2.0747,2.0665,2.0572,2.0441,2.0309,2.0173,2.0037,1.9901,1.6365,3.9912,3.9912,3.9912,3.9912,3.9912,3.9912,3.9912,3.9912,3.9912,3.9912,3.9912,3.9912,3.9912,3.9912,3.9912
0.932,0.927,0.9262,0.9313,0.9371,0.9452,0.9534,0.9618,0.9703,0.9787,0.9872,0.986,0.9779,1.3613,3.6247,3.5065,3.3357,3.162,2.9791,2.7962,2.6122,2.4282,2.244,2.0599,1.8757,1.6916
1.5013,1.5072,1.5081,1.5022,1.4954,1.4858,1.4763,1.4664,1.4565,1.4466,1.4366,1.438,1.4475,1.5006,1.4261,2.4075,3.3669,4.0108,4.0108,4.0108,4.0108,4.0108,4.0108,4.0108,4.0108,4.0108
3.5963,3.577,3.5741,3.5936,3.616,3.6474,3.591,3.0274,2.4638,1.9002,4.0206,4.0206,4.0206,4.0206,4.0206,4.0206,4.0206,4.0206,4.0206,4.0206,4.0206,4.0206,4.0206,4.0206,4.0206,4.0206
1.9725,1.9619,1.9603,1.971,1.9833,2.0005,2.0178,2.0357,2.0535,2.0715,2.0894,2.0869,2.0698,1.9739,0.8701,1.4688,2.0541,2.6383,3.2191,3.7999,4.0305,4.0305,4.0305,4.0305,3.9699,3.5801
1.3405,1.3458,1.3465,1.3413,1.3352,1.3267,1.3181,1.3093,1.3005,1.2916,1.2828,1.284,0.7138,4.0404,4.0404,4.0404,4.0404,4.0404,4.0404,4.0404,4.0404,4.0404,4.0404,4.0404,4.0404,4.0404
0.9932,0.9879,0.9871,0.9925,0.9987,1.0074,1.0161,1.0251,1.0341,1.0431,1.0521,1.0508,0.524,3.9436,3.863,3.737,3.555,3.3699,3.175,2.9801,2.7839,2.5878,2.3916,2.1953,1.9991,1.8028
3.0027,3.0144,3.0162,3.0044,2.9907,2.9717,2.9525,2.9328,2.913,2.8932,2.8733,2.8761,2.8951,3.0012,3.1783,3.4552,3.8551,4.0605,4.0605,4.0605,4.0605,4.0605,4.0605,4.0605,4.0605,4.0605
4.0706,4.0706,4.0706,4.0706,4.0706,4.0706,3.6359,3.0653,2.4946,4.0706,4.0706,4.0706,4.0706,4.0706,4.0706,4.0706,4.0706,4.0706,4.0706,4.0706,4.0706,4.0706,4.0706,4.0706,4.0706,4.0706
1.0549,1.0492,1.0483,1.054,1.0606,1.0698,1.0791,1.0886,1.0982,1.1078,1.1174,1.116,1.1069,0.4626,1.545,2.6082,3.6476,3.5789,3.3719,3.1649,2.9566,2.7483,2.5399,2.3315,2.123,1.9146
1.2898,1.2948,1.2956,1.2905,1.2847,1.2765,1.2683,1.2598,1.2513,1.2427,1.2342,1.2354,1.2436,1.0491,3.5042,4.0909,4.0909,4.0909,4.0909,4.0909,4.0909,4.0909,4.0909,4.0909,4.0909,4.0909
1.6002,1.5916,1.5903,1.599,1.6089,1.6229,1.6369,1.6514,1.6659,1.6805,1.569,0.9074,4.1011,4.1011,4.1011,4.1011,4.1011,4.1011,4.1011,4.1011,4.1011,4.1011,3.853,3.5368,3.2206,2.9044
4.1114,4.1114,4.1114,4.1114,4.1114,4.1114,4.1114,4.1114,4.1114,4.1114,4.1114,4.1114,4.1114,4.1114,4.1114,1.3647,1.8282,2.3481,2.8651,3.382,3.8985,4.1114,4.1114,4.1114,4.1114,4.1114
1.6372,1.6436,1.6445,1.6381,1.6307,1.6203,1.6099,1.5991,1.5883,1.5775,1.5667,1.1609,4.1218,4.1218,4.1218,4.1218,4.1218,4.1218,4.1218,4.1218,4.1218,4.1218,4.1218,4.1218,4.1218,4.1218
0.914,0.9091,0.9084,0.9133,0.919,0.927,0.935,0.9433,0.9516,0.9599,0.9682,0.967,0.9591,3.629,3.5549,3.4389,3.2714,3.1011,2.9217,2.7423,2.5619,2.3814,2.2008,2.0202,1.8396,1.659
1.7796,1.7865,1.7876,1.7806,1.7725,1.7612,1.7499,1.7381,1.7264,1.7147,1.7029,1.7045,1.7158,1.7787,1.1154,1.8259,2.5535,3.2797,4.0017,4.1426,4.1426,4.1426,4.1426,4.1426,4.1426,4.1426
4.1531,4.1531,4.1531,4.1531,4.1531,4.1531,4.1531,4.1531,4.1531,4.1531,4.1531,4.1531,4.1531,4.1531,4.1531,4.1531,4.1531,4.1531,4.1531,4.1531,4.1531,4.1531,4.1531,4.1531,4.1531,4.1531
1.4154,1.4078,1.4066,1.4143,1.4231,1.4355,1.4479,1.4607,1.4735,1.4864,1.4993,1.4975,1.4852,1.4164,1.0012,1.6902,2.3638,3.0361,3.7045,4.1637,3.9671,3.6876,3.408,3.1283,2.8486,2.5689
1.2645,1.2694,1.2702,1.2652,1.2595,1.2514,1.2434,1.235,1.2267,1.2184,1.21,1.2112,1.2192,3.9933,4.0679,4.1743,4.1743,4.1743,4.1743,4.1743,4.1743,4.1743,4.1743,4.1743,4.1743,4.1743
1.1134,1.1075,1.1066,1.1126,1.1195,1.1293,1.139,1.1491,1.1592,1.1693,1.1794,1.178,0.507,4.1849,4.1849,4.1849,3.9852,3.7777,3.5592,3.3407,3.1208,2.901,2.681,2.461,2.241,2.0209
4.1956,4.1956,4.1956,4.1956,4.1956,4.1956,4.1956,4.1956,4.1956,4.1956,4.1956,4.1956,4.1956,4.1956,4.1956,4.1956,4.1956,4.1956,4.1956,4.1956,4.1956,4.1956,4.1956,4.1956,4.1956,4.1956
2.4988,2.5085,2.51,2.5001,2.4888,2.4729,2.457,2.4406,2.4241,2.1062,1.4815,4.2064,4.2064,4.2064,4.2064,4.2064,4.2064,4.2064,4.2064,4.2064,4.2064,4.2064,4.2064,4.2064,4.2064,4.2064
0.9536,0.9485,0.9477,0.9529,0.9589,0.9672,0.9755,0.9842,0.9928,1.0015,1.0102,1.0089,1.0007,0.7637,2.5509,3.588,3.4132,3.2355,3.0484,2.8612,2.6729,2.4846,2.2962,2.1078,1.9193,1.7309
1.3813,1.3867,1.3875,1.382,1.3758,1.367,1.3582,1.3491,1.34,1.3309,1.3218,1.323,1.3318,0.7843,1.8031,3.0438,4.2281,4.2281,4.2281,4.2281,4.2281,4.2281,4.2281,4.2281,4.2281,4.2281
2.3809,2.3681,2.3662,2.3791,2.394,2.4148,2.4356,2.4572,2.4788,1.9694,1.3853,4.2391,4.2391,4.2391,4.2391,4.2391,4.2391,4.2391,4.2391,4.2391,4.2391,4.2391,4.2391,4.2391,4.2391,4.2391
2.6509,2.6366,2.6345,2.6488,2.6654,2.6885,2.7118,2.7358,2.7598,2.7839,2.808,2.8046,2.7816,2.6527,0.8631,1.3713,1.9178,2.4633,3.0055,3.5478,4.0896,4.2501,4.2501,4.2501,4.2501,4.2501
1.4083,1.4138,1.4146,1.4091,1.4027,1.3937,1.3848,1.3755,1.3662,1.3569,1.3476,1.3489,4.2611,4.2611,4.2611,4.2611,4.2611,4.2611,4.2611,4.2611,4.2611,4.2611,4.2611,4.2611,4.2611,4.2611
0.9401,0.935,0.9343,0.9393,0.9452,0.9534,0.9617,0.9702,0.9787,0.9872,0.9958,0.9946,0.7724,3.7325,3.6562,3.5369,3.3646,3.1895,3.005,2.8205,2.6349,2.4492,2.2635,2.0778,1.892,1.7062
2.3252,2.3343,2.3357,2.3265,2.316,2.3012,2.2864,2.2711,2.2558,2.2404,2.2251,2.2272,2.2419,2.3241,2.4612,2.6756,2.1329,2.7395,3.3426,3.9456,4.2834,4.2834,4.2834,4.2834,4.2834,4.2834
4.2946,4.2946,4.2946,4.2946,4.2946,4.0327,4.2946,4.2946,4.2946,4.2946,4.2946,4.2946,4.2946,4.2946,4.2946,4.2946,4.2946,4.2946,4.2946,4.2946,4.2946,4.2946,4.2946,4.2946,4.2946,4.2946
1.1428,1.1367,1.1357,1.1419,1.1491,1.1591,1.1691,1.1794,1.1898,1.2002,1.2106,1.2091,1.1992,0.4648,1.2511,2.1121,2.9537,3.7938,3.6531,3.4288,3.2032,2.9775,2.7517,2.5259,2.3001,2.0742
1.2517,1.2566,1.2574,1.2524,1.2468,1.2388,1.2308,1.2226,1.2144,1.2061,1.1978,1.199,1.2069,2.6149,4.0269,4.1423,4.3091,4.3173,4.3173,4.3173,4.3173,4.3173,4.3173,4.3173,4.3173,4.3173
1.3408,1.3336,1.3325,1.3398,1.3482,1.3599,1.3716,1.3838,1.3959,1.4081,1.4203,1.001,4.3287,4.3287,4.3287,4.3287,4.3287,4.3287,4.2861,4.0229,3.7582,3.4934,3.2285,2.9636,2.6986,2.4336
4.3401,4.3401,4.3401,4.3401,4.3401,4.3401,4.3401,4.3401,4.3401,4.3401,4.3401,4.3401,4.3401,4.3401,4.3401,4.3401,4.3401,2.3062,2.8139,3.3216,3.8289,4.3362,4.3401,4.3401,4.3401,4.3401
1.8443,1.8515,1.8525,1.8453,1.8369,1.8252,1.8135,1.8013,1.7892,1.777,1.7286,0.9997,4.3517,4.3517,4.3517,4.3517,4.3517,4.3517,4.3517,4.3517,4.3517,4.3517,4.3517,4.3517,4.3517,4.3517
0.9084,0.9035,0.9027,0.9077,0.9133,0.9213,0.9292,0.9375,0.9457,0.9539,0.9622,0.961,0.9531,2.5944,3.5329,3.4176,3.2511,3.0819,2.9036,2.7254,2.546,2.3666,2.1872,2.0077,1.8282,1.6487
1.5677,1.5738,1.5747,1.5686,1.5615,1.5515,1.5415,1.5312,1.5209,1.5105,1.5002,1.5016,1.5115,1.5669,1.2489,2.1083,2.9484,3.7871,4.3749,4.3749,4.3749,4.3749,4.3749,4.3749,4.3749,4.3749
4.3866,4.3866,4.3866,4.3866,4.3866,4.0197,3.4744,2.9291,2.3838,4.3866,4.3866,4.3866,4.3866,4.3866,4.3866,4.3866,4.3866,4.3866,4.3866,4.3866,4.3866,4.3866,4.3866,4.3866,4.3866,4.3866
1.6845,1.6755,1.6741,1.6832,1.6937,1.7085,1.7232,1.7385,1.7537,1.769,1.7844,1.7822,1.7676,1.6857,0.8994,1.5182,2.1233,2.7272,3.3275,3.9279,4.3984,4.3889,4.056,3.7232,3.3903,3.0574
1.2871,1.2921,1.2929,1.2878,1.282,1.2738,1.2656,1.2571,1.2486,1.2401,1.2316,1.2328,0.767,4.0646,4.1406,4.2592,4.4102,4.4102,4.4102,4.4102,4.4102,4.4102,4.4102,4.4102,4.4102,4.4102
1.0174,1.0119,1.0111,1.0166,1.0229,1.0318,1.0408,1.05,1.0592,1.0684,1.0777,1.0764,0.4633,4.0395,3.9569,3.8278,3.6414,3.4518,3.2522,3.0525,2.8516,2.6507,2.4497,2.2487,2.0476,1.8466
3.6174,3.6316,3.6337,3.6194,3.6031,3.5801,3.557,3.5332,3.5094,3.4855,3.4616,3.4649,3.4878,3.6156,3.829,4.1625,4.4341,4.4341,4.4341,4.4341,4.4341,4.4341,4.4341,4.4341,4.4341,4.4341
3.2555,3.2682,3.2701,3.2573,3.2426,3.2219,3.2012,3.1135,2.5339,1.9542,4.4461,4.4461,4.4461,4.4461,4.4461,4.4461,4.4461,4.4461,4.4461,4.4461,4.4461,4.4461,4.4461,4.4461,4.4461,4.4461
0.9959,0.9905,0.9897,0.9951,1.0013,1.0101,1.0188,1.0278,1.0368,1.0459,1.0549,1.0537,1.045,0.5347,1.786,3.015,3.5645,3.3789,3.1835,2.988,2.7914,2.5947,2.398,2.2012,2.0044,1.8076
1.2998,1.3049,1.3057,1.3005,1.2946,1.2864,1.2781,1.2696,1.261,1.2524,1.2438,1.245,1.2532,0.7581,2.532,4.2744,4.4704,4.4704,4.4704,4.4704,4.4704,4.4704,4.4704,4.4704,4.4704,4.4704
1.7965,1.7868,1.7854,1.7951,1.8063,1.822,1.8377,1.854,1.8703,1.8866,1.4672,0.8485,4.4826,4.4826,4.4826,4.4826,4.4826,4.4826,4.4826,4.4826,4.4826,4.4826,4.3256,3.9706,3.6156,3.2606
4.2006,4.178,4.1746,4.1973,4.2235,4.2603,4.297,4.3351,4.3732,4.4113,4.4495,4.4442,4.4077,4.2035,3.8626,1.3075,1.8286,2.3487,2.8657,3.3828,3.8994,4.416,4.4949,4.4949,4.4949,4.4949
1.5147,1.5206,1.5215,1.5155,1.5087,1.499,1.4894,1.4794,1.4694,1.4594,1.4494,1.2748,4.5073,4.5073,4.5073,4.5073,4.5073,4.5073,4.5073,4.5073,4.5073,4.5073,4.5073,4.5073,4.5073,4.5073
0.9076,0.9027,0.902,0.9069,0.9126,0.9205,0.9285,0.9367,0.9449,0.9531,0.9614,0.9602,0.9524,3.6036,3.5299,3.4148,3.2485,3.0793,2.9012,2.7231,2.5439,2.3647,2.1854,2.006,1.8267,1.6473
1.9202,1.9277,1.9288,1.9213,1.9126,1.9004,1.8882,1.8755,1.8629,1.8502,1.8375,1.8393,1.8514,1.9192,2.0325,1.6686,2.3335,2.9973,3.6571,4.3169,4.5322,4.5322,4.5322,4.5322,4.5322,4.5322
4.5448,4.5448,4.5448,4.5448,4.5448,4.5448,4.5448,4.5448,4.5448,4.5448,4.5448,4.5448,4.5448,4.5448,4.5448,4.5448,4.5448,4.5448,4.5448,4.5448,4.5448,4.5448,4.5448,4.5448,4.5448,4.5448
1.2749,1.2681,1.267,1.2739,1.2819,1.293,1.3042,1.3157,1.3273,1.3389,1.3505,1.3488,1.3378,1.2758,1.0649,1.7977,2.5141,3.2292,3.94,3.8252,3.5734,3.3217,3.0698,2.8179,2.5659,2.314
1.2378,1.2426,1.2433,1.2385,1.2328,1.225,1.2171,1.2089,1.2008,1.1926,1.1844,1.1856,1.1934,3.9089,3.9819,4.0961,4.261,4.4286,4.5702,4.5702,4.5702,4.5702,4.5702,4.5702,4.5702,4.5702
1.1698,1.1635,1.1626,1.1689,1.1762,1.1864,1.1967,1.2073,1.2179,1.2285,1.2391,1.1424,4.5829,4.5829,4.5496,4.4012,4.1869,3.9689,3.7393,3.5098,3.2788,3.0478,2.8167,2.5855,2.3544,2.1232
4.5958,4.5958,4.5958,4.5958,4.5958,4.5958,4.5958,4.5958,4.5958,4.5958,4.5958,4.5958,4.5958,4.5958,4.5958,4.5958,4.5958,4.5958,4.5958,3.3235,3.8311,4.3387,4.5958,4.5958,4.5958,4.5958
2.1632,2.1717,2.1729,2.1644,2.1546,2.1408,2.1271,2.1128,2.0986,2.0843,1.5399,4.6087,4.6087,4.6087,4.6087,4.6087,4.6087,4.6087,4.6087,4.6087,4.6087,4.6087,4.6087,4.6087,4.6087,4.6087
0.9198,0.9148,0.9141,0.9191,0.9248,0.9329,0.9409,0.9493,0.9576,0.9659,0.9743,0.9731,0.9651,1.0267,3.4293,3.4606,3.2921,3.1207,2.9402,2.7597,2.5781,2.3964,2.2147,2.033,1.8512,1.6695
1.4221,1.4276,1.4285,1.4229,1.4164,1.4074,1.3983,1.389,1.3796,1.3702,1.3608,1.3621,1.3711,1.4213,1.5158,2.5589,3.5787,4.5965,4.6348,4.6348,4.6348,4.6348,4.6348,4.6348,4.6348,4.6348
2.9475,2.9317,2.9293,2.9453,2.9637,2.9894,3.0152,3.0026,2.4436,1.8846,1.3716,4.6479,4.6479,4.6479,4.6479,4.6479,4.6479,4.6479,4.6479,4.6479,4.6479,4.6479,4.6479,4.6479,4.6479,4.6479
2.1382,2.1267,2.125,2.1366,2.1499,2.1686,2.1873,2.2067,2.2261,2.2455,2.2649,2.2622,2.2436,2.1397,0.8291,1.3996,1.9573,2.514,3.0674,3.6208,4.1738,4.6612,4.6612,4.6612,4.3034,3.8809
1.3364,1.3416,1.3424,1.3371,1.3311,1.3226,1.3141,1.3053,1.2965,1.2876,1.2788,1.28,0.7115,4.2204,4.2992,4.4224,4.6004,4.6745,4.6745,4.6745,4.6745,4.6745,4.6745,4.6745,4.6745,4.6745
0.9517,0.9466,0.9458,0.951,0.9569,0.9652,0.9735,0.9822,0.9908,0.9994,1.0081,1.0069,0.5843,3.7786,3.7014,3.5806,3.4062,3.2289,3.0421,2.8554,2.6674,2.4795,2.2915,2.1035,1.9154,1.7273
2.6461,2.6565,2.658,2.6476,2.6356,2.6188,2.602,2.5845,2.5671,2.5496,2.5321,2.5346,2.5513,2.6448,2.8009,3.0449,3.3974,2.6134,3.143,3.7101,4.2767,4.7013,4.7013,4.7013,4.7013,4.7013
4.7148,4.7148,4.7148,4.7148,4.601,4.0514,3.5018,2.9522,4.7148,4.7148,4.7148,4.7148,4.7148,4.7148,4.7148,4.7148,4.7148,4.7148,4.7148,4.7148,4.7148,4.7148,4.7148,4.7148,4.7148,4.7148
1.0638,1.058,1.0572,1.0629,1.0696,1.0789,1.0882,1.0978,1.1075,1.1171,1.1268,1.1254,1.1162,0.4327,1.3886,2.344,3.2782,3.6091,3.4004,3.1916,2.9816,2.7715,2.5614,2.3512,2.141,1.9307
1.2483,1.2532,1.2539,1.249,1.2433,1.2354,1.2275,1.2192,1.211,1.2028,1.1945,1.1957,1.2036,1.3296,4.0158,4.1309,4.2972,4.4663,4.6443,4.7421,4.7421,4.7421,4.7421,4.7421,4.7421,4.7421
1.4594,1.4516,1.4504,1.4583,1.4674,1.4802,1.493,1.5062,1.5194,1.5327,1.5459,0.9211,4.7559,4.7559,4.7559,4.7559,4.7559,4.7559,4.6652,4.3788,4.0906,3.8024,3.5141,3.2257,2.9373,2.6489
4.7697,4.7697,4.7697,4.7697,4.7697,4.7697,4.7697,4.7697,4.7697,4.7697,4.7697,4.7697,4.7697,4.7697,4.7697,4.7697,1.7778,2.2834,2.7861,3.2887,3.791,4.2932,4.7697,4.7697,4.7697,4.7697
1.6746,1.6811,1.6821,1.6755,1.6679,1.6573,1.6466,1.6356,1.6246,1.6135,1.6025,1.0711,4.7836,4.7836,4.7836,4.7836,4.7836,4.7836,4.7836,4.7836,4.7836,4.7836,4.7836,4.7836,4.7836,4.7836
0.893,0.8882,0.8874,0.8923,0.8978,0.9056,0.9135,0.9216,0.9296,0.9378,0.9459,0.9447,0.937,3.5454,3.473,3.3597,3.196,3.0296,2.8544,2.6792,2.5028,2.3265,2.1501,1.9737,1.7972,1.6207
1.6577,1.6641,1.6651,1.6586,1.6511,1.6405,1.63,1.6191,1.6082,1.5972,1.5862,1.5878,1.5982,1.6568,1.1161,1.884,2.6348,3.3843,4.1293,4.8117,4.8117,4.8117,4.8117,4.8117,4.8117,4.8117
4.8259,4.8259,4.8259,4.8259,4.4553,4.8259,4.8259,4.8259,4.8259,4.8259,4.8259,4.8259,4.8259,4.8259,4.8259,4.8259,4.8259,4.8259,4.8259,4.8259,4.8259,4.8259,4.8259,4.8259,4.8259,4.8259
1.4759,1.468,1.4668,1.4748,1.484,1.4969,1.5098,1.5232,1.5366,1.55,1.5634,1.5615,1.5487,1.477,0.9402,1.5872,2.2197,2.8511,3.4787,4.1063,4.1368,3.8454,3.5538,3.2622,2.9705,2.6789
1.2469,1.2518,1.2525,1.2476,1.242,1.234,1.2261,1.2179,1.2097,1.2014,1.1932,1.1944,1.0975,3.9378,4.0114,4.1264,4.2925,4.4613,4.6392,4.8171,4.8545,4.8545,4.8545,4.8545,4.8545,4.8545
1.0529,1.0473,1.0464,1.0521,1.0587,1.0679,1.0771,1.0867,1.0962,1.1058,1.1154,1.114,0.4795,4.1806,4.0952,3.9616,3.7686,3.5724,3.3658,3.1592,2.9513,2.7433,2.5353,2.3273,2.1192,1.9111
4.6332,4.6513,4.6541,4.6358,4.6148,4.5854,4.5559,4.5254,4.4949,4.4643,4.4336,4.4379,4.4672,4.6309,4.8835,4.8835,4.8835,4.8835,4.8835,4.8835,4.8835,4.8835,4.8835,4.8835,4.8835,4.8835
2.6853,2.6958,2.6974,2.6868,2.6747,2.6576,2.6405,2.6228,2.5987,2.0042,1.4103,4.8981,4.8981,4.8981,4.8981,4.8981,4.8981,4.8981,4.8981,4.8981,4.8981,4.8981,4.8981,4.8981,4.8981,4.8981
0.9497,0.9446,0.9438,0.949,0.9549,0.9632,0.9715,0.9801,0.9887,0.9973,1.006,1.0048,0.9965,0.6436,2.1495,3.5731,3.3991,3.2221,3.0357,2.8494,2.6618,2.4743,2.2867,2.099,1.9114,1.7237
1.322,1.3271,1.3279,1.3227,1.3167,1.3083,1.2999,1.2912,1.2825,1.2737,1.265,1.2662,1.2746,0.7506,1.9838,3.3489,4.5508,4.7298,4.9184,4.9275,4.9275,4.9275,4.9275,4.9275,4.9275,4.9275
2.0764,2.0652,2.0635,2.0748,2.0877,2.1059,2.1241,2.1429,2.1617,1.9717,1.3869,4.9424,4.9424,4.9424,4.9424,4.9424,4.9424,4.9424,4.9424,4.9424,4.9424,4.9424,4.9424,4.5893,4.179,3.7687
3.0215,3.0052,3.0028,3.0192,3.038,3.0644,3.0909,3.1183,3.1456,3.1731,3.2006,3.1967,3.1705,3.0236,2.7784,1.3194,1.8452,2.37,2.8918,3.4135,3.9348,4.4561,4.9573,4.9573,4.9573,4.9573
1.418,1.4236,1.4244,1.4188,1.4124,1.4034,1.3944,1.385,1.3757,1.3663,1.357,1.3583,4.4282,4.4783,4.5619,4.6927,4.8816,4.9724,4.9724,4.9724,4.9724,4.9724,4.9724,4.9724,4.9724,4.9724
0.909,0.9041,0.9034,0.9083,0.914,0.9219,0.9299,0.9381,0.9464,0.9546,0.9629,0.9617,0.9352,3.6092,3.5354,3.4201,3.2535,3.0841,2.9057,2.7273,2.5478,2.3683,2.1887,2.0091,1.8295,1.6499
2.11,2.1182,2.1194,2.1111,2.1016,2.0882,2.0747,2.0608,2.047,2.033,2.0191,2.021,2.0343,2.1089,2.2334,1.5454,2.1612,2.7759,3.387,3.9981,4.6087,5.0027,5.0027,5.0027,5.0027,5.0027
5.0181,5.0181,5.0181,5.0181,5.0181,5.0181,5.0181,5.0181,5.0181,5.0181,5.0181,5.0181,5.0181,5.0181,5.0181,5.0181,5.0181,5.0181,5.0181,5.0181,5.0181,5.0181,5.0181,5.0181,5.0181,5.0181
1.1662,1.16,1.159,1.1653,1.1726,1.1828,1.193,1.2036,1.2142,1.2248,1.2354,1.2339,1.2237,0.4744,1.15,1.9414,2.7151,3.4873,3.728,3.4991,3.2688,3.0385,2.8081,2.5777,2.3472,2.1167
1.2219,1.2267,1.2274,1.2226,1.2171,1.2093,1.2015,1.1935,1.1854,1.1773,1.1693,1.1704,1.1781,3.8589,3.9309,4.0436,4.2064,4.3719,4.5462,4.7205,4.8958,5.049,5.049,5.049,5.049,5.049
1.2454,1.2387,1.2377,1.2444,1.2522,1.2631,1.274,1.2853,1.2965,1.3079,1.3192,1.0299,5.0052,4.9446,4.8436,4.6856,4.4574,4.2253,3.9809,3.7365,3.4906,3.2447,2.9986,2.7526,2.5065,2.2604
5.0803,5.0803,5.0803,5.0803,5.0803,5.0803,5.0803,5.0803,5.0803,5.0803,5.0803,5.0803,5.0803,5.0803,5.0803,5.0803,5.0803,2.2617,2.7596,3.2575,3.755,4.2525,4.75,5.0803,5.0803,5.0803
1.9158,1.9233,1.9244,1.9168,1.9082,1.896,1.8838,1.8712,1.8586,1.8459,1.6195,1.0079,5.0961,5.0961,5.0961,5.0961,5.0961,5.0961,5.0961,5.0961,5.0961,5.0961,5.0961,5.0961,5.0961,5.0961
0.895,0.8902,0.8894,0.8943,0.8999,0.9077,0.9155,0.9236,0.9318,0.9399,0.948,0.9469,0.9391,1.6097,3.4808,3.3673,3.2033,3.0365,2.8609,2.6852,2.5085,2.3318,2.155,1.9781,1.8013,1.6244
1.4798,1.4856,1.4864,1.4806,1.4739,1.4645,1.4551,1.4453,1.4356,1.4258,1.416,1.4174,1.4267,1.479,1.3126,2.2159,3.0989,3.9804,4.8566,5.128,5.128,5.128,5.128,5.128,5.128,5.128
3.9454,3.9242,3.921,3.9424,3.967,3.9793,3.4394,2.8996,2.3598,1.82,5.1441,5.1441,5.1441,5.1441,5.1441,5.1441,5.1441,5.1441,5.1441,5.1441,5.1441,5.1441,5.1441,5.1441,5.1441,5.1441
1.7971,1.7875,1.786,1.7958,1.807,1.8227,1.8384,1.8547,1.871,1.8873,1.9037,1.9014,1.8858,1.7984,0.8546,1.4426,2.0175,2.5913,3.1617,3.7321,4.3021,4.6823,4.3272,3.9721,3.617,3.2619
1.2804,1.2854,1.2862,1.2811,1.2753,1.2672,1.259,1.2506,1.2422,1.2337,1.2252,1.2264,0.6817,4.0436,4.1191,4.2372,4.4077,4.5811,4.7638,4.9464,5.1302,5.1766,5.1766,5.1766,5.1766,5.1766
0.9725,0.9672,0.9664,0.9717,0.9778,0.9863,0.9948,1.0036,1.0124,1.0212,1.0301,1.0288,0.4707,3.8611,3.7821,3.6588,3.4806,3.2993,3.1085,2.9177,2.7257,2.5336,2.3415,2.1494,1.9572,1.765
3.1141,3.1262,3.1281,3.1158,3.1017,3.0819,3.0621,3.0416,3.0211,3.0005,2.9799,2.9828,3.0024,3.1125,3.2962,3.5833,3.9981,4.4199,4.8641,5.2095,5.2095,5.2095,5.2095,5.2095,5.2095,5.2095
3.6468,3.6611,3.6632,3.6489,3.6324,3.6092,3.5494,2.9923,2.4352,1.9394,5.2262,5.2262,5.2262,5.2262,5.2262,5.2262,5.2262,5.2262,5.2262,5.2262,5.2262,5.2262,5.2262,5.2262,5.2262,5.2262
1.0014,0.996,0.9952,1.0006,1.0068,1.0156,1.0244,1.0334,1.0425,1.0516,1.0607,1.0594,1.0508,0.4731,1.5803,2.6677,3.5841,3.3975,3.201,3.0045,2.8067,2.609,2.4111,2.2133,2.0154,1.8175
1.2556,1.2605,1.2613,1.2563,1.2506,1.2427,1.2347,1.2264,1.2181,1.2098,1.2015,1.2027,1.2106,0.8891,2.9697,4.1552,4.3225,4.4925,4.6716,4.8508,5.031,5.2112,5.2597,5.2597,5.2597,5.2597
1.6205,1.6118,1.6104,1.6192,1.6293,1.6435,1.6577,1.6724,1.687,1.7018,1.4841,0.8583,5.2767,5.2767,5.2767,5.2767,5.2767,5.2767,5.1799,4.8619,4.5419,4.222,3.9018,3.5816,3.2614,2.9412
5.2937,5.2937,5.2937,5.2937,5.2937,5.2937,5.2937,5.2937,5.2937,5.2937,5.2937,5.2937,5.2937,5.2937,4.9427,1.2693,1.7751,2.28,2.7819,3.2838,3.7853,4.2868,4.7883,5.2897,5.2937,5.2937
1.5424,1.5485,1.5494,1.5433,1.5363,1.5265,1.5167,1.5065,1.4964,1.4862,1.476,1.1667,4.8166,4.8711,4.9621,5.1043,5.3098,5.3109,5.3109,5.3109,5.3109,5.3109,5.3109,5.3109,5.3109,5.3109
0.8852,0.8805,0.8797,0.8845,0.8901,0.8978,0.9055,0.9136,0.9216,0.9296,0.9377,0.9366,0.9289,3.5147,3.4428,3.3305,3.1683,3.0034,2.8297,2.6559,2.4811,2.3063,2.1315,1.9565,1.7816,1.6067
1.7776,1.7845,1.7856,1.7786,1.7705,1.7592,1.7479,1.7362,1.7245,1.7128,1.701,1.7027,1.7139,1.7767,1.1141,1.7121,2.3944,3.0755,3.7525,4.4295,5.106,5.3455,5.3455,5.3455,5.3455,5.3455
5.363,5.363,5.363,5.363,5.363,5.363,5.363,5.363,5.363,5.363,5.363,5.363,5.363,5.363,5.363,5.363,5.363,5.363,5.363,5.363,5.363,5.363,5.363,5.363,5.363,5.363
1.3198,1.3127,1.3116,1.3188,1.327,1.3386,1.3501,1.3621,1.374,1.386,1.398,1.3963,1.3849,1.3207,0.9951,1.6799,2.3493,3.0175,3.6818,3.9598,3.6992,3.4386,3.1779,2.9171,2.6563,2.3955
1.2185,1.2232,1.2239,1.2191,1.2136,1.2059,1.1981,1.1901,1.1821,1.174,1.166,1.1671,1.1748,3.848,3.9198,4.0322,4.1945,4.3595,4.5333,4.7071,4.882,5.0569,5.2319,5.3984,5.3984,5.3984
1.1019,1.096,1.0951,1.1011,1.1079,1.1176,1.1272,1.1372,1.1472,1.1572,1.1672,1.1658,4.4286,4.375,4.2856,4.1458,3.9439,3.7385,3.5223,3.3061,3.0885,2.8709,2.6532,2.4355,2.2177,2.0
5.4342,5.4342,5.4342,5.4342,5.4342,5.4342,5.4342,5.4342,5.4342,5.4342,5.4342,5.4342,5.4342,5.4342,5.4342,5.4342,5.4342,5.4342,5.4342,5.4342,5.4342,4.291,4.793,5.295,5.4342,5.4342
2.2935,2.3025,2.3038,2.2948,2.2844,2.2698,2.2552,2.2401,2.225,2.0766,1.4606,5.4522,5.4522,5.4522,5.4522,5.4522,5.4522,5.4522,5.4522,5.4522,5.4522,5.4522,5.4522,5.4522,5.4522,5.4522
0.9141,0.9092,0.9084,0.9134,0.9191,0.9271,0.9351,0.9434,0.9516,0.96,0.9683,0.9671,0.9592,0.822,2.7455,3.4392,3.2716,3.1013,2.9219,2.7426,2.5621,2.3816,2.201,2.0203,1.8397,1.6591
1.3573,1.3626,1.3634,1.3581,1.3519,1.3433,1.3347,1.3257,1.3168,1.3078,1.2988,1.3001,1.3087,1.3566,1.6352,2.7604,3.8604,4.8563,5.0499,5.2436,5.4384,5.4888,5.4888,5.4888,5.4888,5.4888
2.4962,2.4828,2.4808,2.4943,2.5099,2.5317,2.5536,2.5762,2.4406,1.8823,1.324,5.5072,5.5072,5.5072,5.5072,5.5072,5.5072,5.5072,5.5072,5.5072,5.5072,5.5072,5.5072,5.5072,5.024,4.5307
2.3625,2.3498,2.3479,2.3607,2.3755,2.3961,2.4168,2.4382,2.4596,2.4811,2.5026,2.4996,2.479,2.3642,0.7958,1.3434,1.8788,2.4132,2.9444,3.4756,4.0065,4.5373,5.0681,5.2218,4.755,4.2881
1.3419,1.3471,1.3479,1.3426,1.3366,1.328,1.3195,1.3107,1.3018,1.293,1.2841,1.2853,4.1904,4.2378,4.3169,4.4407,4.6194,4.8012,4.9926,5.184,5.3766,5.5445,5.5445,5.5445,5.5445,5.5445
0.9183,0.9134,0.9127,0.9176,0.9234,0.9314,0.9394,0.9478,0.9561,0.9644,0.9728,0.9716,0.6694,3.6462,3.5717,3.4552,3.2869,3.1158,2.9356,2.7553,2.574,2.3927,2.2112,2.0298,1.8483,1.6668
2.3701,2.3794,2.3808,2.3714,2.3607,2.3456,2.3305,2.3149,2.2993,2.2837,2.268,2.2702,2.2852,2.3689,2.5087,2.7273,2.0254,2.6015,3.1742,3.7469,4.3192,4.8914,5.4636,5.5823,5.5823,5.5823
5.6014,5.6014,5.528,4.9949,4.4619,3.9289,3.3959,5.6014,5.6014,5.6014,5.6014,5.6014,5.6014,5.6014,5.6014,5.6014,5.6014,5.6014,5.6014,5.6014,5.6014,5.6014,5.6014,5.6014,5.6014,5.6014
1.0811,1.0753,1.0745,1.0803,1.087,1.0965,1.106,1.1158,1.1256,1.1354,1.1452,1.1438,1.1344,0.4397,1.2643,2.1344,2.9849,3.6681,3.4559,3.2438,3.0303,2.8168,2.6032,2.3896,2.1759,1.9623
1.2164,1.2211,1.2218,1.2171,1.2115,1.2038,1.1961,1.1881,1.18,1.172,1.164,1.1651,1.1728,1.8618,3.9131,4.0253,4.1873,4.3521,4.5256,4.6991,4.8737,5.0483,5.2229,5.3976,5.5723,5.6399
1.3459,1.3386,1.3376,1.3449,1.3532,1.365,1.3768,1.389,1.4012,1.4134,1.4257,0.9429,5.4092,5.3437,5.2345,5.0638,4.8171,4.5663,4.3022,4.0381,3.7723,3.5066,3.2407,2.9747,2.7088,2.4428
5.679,5.679,5.679,5.679,5.679,5.679,5.679,5.679,5.679,5.679,5.679,5.679,5.679,5.679,5.679,5.679,1.7404,2.2354,2.7275,3.2196,3.7113,4.203,4.6947,5.1863,5.678,5.679
1.7282,1.735,1.736,1.7292,1.7214,1.7104,1.6994,1.688,1.6766,1.6652,1.6538,0.998,5.3968,5.4579,5.5598,5.6988,5.6988,5.6988,5.6988,5.6988,5.6988,5.6988,5.6988,5.6988,5.6988,5.6988
0.8782,0.8735,0.8728,0.8776,0.883,0.8907,0.8984,0.9064,0.9143,0.9223,0.9303,0.9292,0.9215,3.487,3.4157,3.3043,3.1433,2.9797,2.8073,2.635,2.4616,2.2882,2.1146,1.9411,1.7676,1.594
1.5578,1.5639,1.5648,1.5587,1.5516,1.5417,1.5318,1.5215,1.5113,1.501,1.4907,1.4921,1.502,1.557,1.163,1.9633,2.7457,3.5267,4.303,5.0794,5.7387,5.7387,5.7387,5.7387,5.7387,5.7387
5.7589,5.7589,5.454,4.9281,4.4022,3.8764,3.3505,2.8247,5.7589,5.7589,5.7589,5.7589,5.7589,5.7589,5.7589,5.7589,5.7589,5.7589,5.7589,5.7589,5.7589,5.7589,5.7589,5.7589,5.7589,5.7589
1.5564,1.5481,1.5468,1.5552,1.5649,1.5785,1.5922,1.6063,1.6204,1.6345,1.6487,1.6467,1.6332,1.5575,0.8901,1.5027,2.1015,2.6992,3.2934,3.8876,4.3625,4.0551,3.7476,3.4401,3.1325,2.825
1.2379,1.2427,1.2435,1.2386,1.233,1.2251,1.2172,1.2091,1.2009,1.1928,1.1846,1.1857,0.8429,3.9094,3.9824,4.0966,4.2614,4.4291,4.6057,4.7823,4.9599,5.1376,5.3154,5.4932,5.671,5.7996
1.0034,0.998,0.9972,1.0026,1.0089,1.0177,1.0264,1.0355,1.0446,1.0538,1.0629,1.0616,0.4569,3.9839,3.9025,3.7752,3.5913,3.4044,3.2075,3.0105,2.8124,2.6143,2.416,2.2178,2.0195,1.8212
3.8416,3.8566,3.8588,3.8437,3.8263,3.8019,3.7775,3.7522,3.7269,3.7015,3.6761,3.6797,3.7039,3.8396,4.0663,4.4205,4.9322,5.4525,5.841,5.841,5.841,5.841,5.841,5.841,5.841,5.841
2.9342,2.9457,2.9474,2.9358,2.9225,2.9039,2.8852,2.8659,2.4911,1.9213,5.8619,5.8619,5.8619,5.8619,5.8619,5.8619,5.8619,5.8619,5.8619,5.8619,5.8619,5.8619,5.8619,5.8619,5.8619,5.8619
0.9524,0.9472,0.9465,0.9516,0.9576,0.9659,0.9742,0.9829,0.9915,1.0002,1.0088,1.0076,0.9993,0.5564,1.8586,3.1375,3.4087,3.2312,3.0443,2.8574,2.6694,2.4813,2.2931,2.105,1.9168,1.7286
1.2741,1.2791,1.2799,1.2748,1.2691,1.261,1.2529,1.2445,1.2361,1.2277,1.2192,1.2204,1.2285,0.7234,2.2324,3.7686,4.3861,4.5587,4.7404,4.9222,5.1051,5.2879,5.4709,5.6539,5.8369,5.9041
1.8442,1.8343,1.8328,1.8428,1.8543,1.8704,1.8865,1.9033,1.92,1.9367,1.3985,0.8558,5.9255,5.9255,5.9255,5.9255,5.9255,5.9255,5.8951,5.5332,5.169,4.8049,4.4405,4.0761,3.7117,3.3473
3.5649,3.5458,3.5429,3.5622,3.5844,3.6156,3.6468,3.6791,3.7114,3.7438,3.7762,3.7717,3.7407,3.5674,3.2781,1.2782,1.7875,2.296,2.8014,3.3068,3.8118,4.3168,4.8218,5.3268,5.8318,5.947
1.4386,1.4442,1.4451,1.4394,1.4329,1.4237,1.4146,1.4051,1.3956,1.3861,1.3766,1.2958,4.4923,4.5432,4.628,4.7607,4.9523,5.1471,5.3523,5.5575,5.764,5.9687,5.9687,5.9687,5.9687,5.9687
0.8849,0.8801,0.8794,0.8842,0.8897,0.8975,0.9052,0.9132,0.9212,0.9293,0.9373,0.9362,0.9285,3.5134,3.4416,3.3293,3.1671,3.0023,2.8286,2.655,2.4802,2.3055,2.1307,1.9558,1.781,1.6061
1.9373,1.9448,1.946,1.9384,1.9296,1.9173,1.9049,1.8922,1.8794,1.8666,1.8538,1.8556,1.8678,1.9363,2.0506,1.5783,2.2073,2.8351,3.4592,4.0833,4.707,5.3306,5.9542,6.0125,6.0125,6.0125
6.0346,6.0346,6.0346,6.0346,6.0346,6.0346,6.0346,6.0346,6.0346,6.0346,6.0346,6.0346,6.0346,6.0346,6.0346,6.0346,6.0346,6.0346,6.0346,6.0346,6.0346,6.0346,6.0346,6.0346,6.0346,6.0346
1.2002,1.1938,1.1928,1.1993,1.2068,1.2173,1.2278,1.2387,1.2495,1.2605,1.2714,1.2698,1.2594,1.2011,1.0679,1.8028,2.5212,3.2383,3.8366,3.6011,3.3641,3.1271,2.89,2.6528,2.4156,2.1785
1.2006,1.2053,1.206,1.2013,1.1959,1.1882,1.1806,1.1727,1.1648,1.1568,1.1489,1.15,1.1576,3.7917,3.8625,3.9732,4.1331,4.2958,4.467,4.6383,4.8106,4.9829,5.1553,5.3278,5.5002,5.6727
1.1672,1.161,1.16,1.1663,1.1736,1.1838,1.1941,1.2046,1.2152,1.2258,1.2364,1.0694,4.6912,4.6345,4.5397,4.3917,4.1777,3.9602,3.7312,3.5021,3.2716,3.0411,2.8105,2.5799,2.3492,2.1186
6.1249,6.1249,6.1249,6.1249,6.1249,6.1249,6.1249,6.1249,6.1249,6.1249,6.1249,6.1249,6.1249,6.1249,6.1249,6.1249,6.1249,6.1249,2.7241,3.2156,3.7067,4.1978,4.6888,5.1799,5.6709,6.1249
2.0108,2.0186,2.0198,2.0119,2.0028,1.99,1.9772,1.964,1.9507,1.9374,1.53,6.1478,6.1478,6.1478,6.1478,6.1478,6.1478,6.1478,6.1478,6.1478,6.1478,6.1478,6.1478,6.1478,6.1478,6.1478
0.8876,0.8828,0.8821,0.8869,0.8925,0.9002,0.908,0.916,0.9241,0.9321,0.9402,0.9391,0.9314,1.1606,3.4521,3.3395,3.1769,3.0115,2.8373,2.6631,2.4878,2.3126,2.1372,1.9618,1.7864,1.611
1.4077,1.4132,1.414,1.4085,1.4021,1.3931,1.3842,1.3749,1.3656,1.3563,1.347,1.3483,1.3572,1.407,1.3963,2.3572,3.2966,4.2342,5.1663,5.4381,5.6401,5.8422,6.0443,6.1943,6.1943,6.1943
3.1798,3.1627,3.1601,3.1773,3.1971,3.225,3.2528,2.8896,2.3516,1.8137,6.2178,6.2178,6.2178,6.2178,6.2178,6.2178,6.2178,6.2178,6.2178,6.2178,6.2178,6.2178,6.2178,6.2178,6.2178,5.7714
1.9456,1.9352,1.9336,1.9442,1.9563,1.9733,1.9903,2.008,2.0256,2.0433,2.061,2.0585,2.0416,1.947,0.8179,1.3808,1.931,2.4803,3.0263,3.5723,4.1178,4.6634,4.6848,4.3004,3.9159,3.5314
1.2824,1.2874,1.2882,1.2831,1.2773,1.2692,1.261,1.2525,1.2441,1.2356,1.2271,1.2283,0.6828,4.0499,4.1255,4.2438,4.4146,4.5883,4.7712,4.9541,5.1382,5.3223,5.5064,5.6906,5.8748,6.059
0.9361,0.931,0.9303,0.9353,0.9412,0.9494,0.9576,0.966,0.9745,0.983,0.9915,0.9903,0.5223,3.7165,3.6406,3.5218,3.3503,3.1758,2.9922,2.8085,2.6236,2.4388,2.2539,2.0689,1.8839,1.699
2.7378,2.7485,2.7501,2.7394,2.727,2.7096,2.6921,2.6741,2.6561,2.638,2.6199,2.6224,2.6397,2.7365,2.898,3.1504,3.5151,3.8859,3.0945,3.5492,4.0912,4.6333,5.1753,5.7173,6.2593,6.3137
4.1994,4.2158,4.2183,4.2017,4.1827,3.9735,3.4345,2.8954,2.3564,6.3381,6.3381,6.3381,6.3381,6.3381,6.3381,6.3381,6.3381,6.3381,6.3381,6.3381,6.3381,6.3381,6.3381,6.3381,6.3381,6.3381
1.0141,1.0087,1.0079,1.0134,1.0197,1.0286,1.0374,1.0466,1.0558,1.065,1.0743,1.073,1.0642,0.4253,1.4204,2.3979,3.3534,3.4408,3.2418,3.0428,2.8425,2.6423,2.4419,2.2415,2.0411,1.8407
1.221,1.2258,1.2265,1.2217,1.2162,1.2084,1.2006,1.1926,1.1846,1.1765,1.1684,1.1695,1.1773,1.0924,3.6488,4.0407,4.2033,4.3687,4.5428,4.717,4.8923,5.0675,5.2429,5.4182,5.5936,5.769
1.4803,1.4723,1.4711,1.4792,1.4884,1.5013,1.5143,1.5277,1.5411,1.5546,1.5127,0.8748,5.9494,5.8774,5.7573,5.5695,5.2982,5.0224,4.7319,4.4414,4.1491,3.8568,3.5643,3.2718,2.9793,2.6868
6.4377,6.4377,6.4377,6.4377,6.4377,6.4377,6.4377,6.4377,6.4377,6.4377,6.4377,6.4377,6.4377,6.4377,6.4377,6.0583,1.7344,2.2277,2.7181,3.2085,3.6985,4.1885,4.6785,5.1685,5.6584,6.1484
1.5834,1.5896,1.5905,1.5843,1.5771,1.567,1.5569,1.5465,1.5361,1.5256,1.5152,1.0792,4.9445,5.0004,5.0938,5.2398,5.4507,5.6652,5.891,6.1169,6.3441,6.4631,6.4631,6.4631,6.4631,6.4631
0.8689,0.8643,0.8636,0.8683,0.8737,0.8813,0.8889,0.8968,0.9047,0.9126,0.9205,0.9193,0.9118,3.4501,3.3796,3.2694,3.1101,2.9482,2.7777,2.6071,2.4356,2.264,2.0923,1.9206,1.7489,1.5772
1.6611,1.6676,1.6686,1.662,1.6545,1.6439,1.6334,1.6224,1.6115,1.6005,1.5895,1.5911,1.6016,1.6603,1.0498,1.7722,2.4784,3.1833,3.884,4.5848,5.285,5.9852,6.5145,6.5145,6.5145,6.5145
6.3909,5.8743,6.5405,6.5405,6.5405,6.5405,6.5405,6.5405,6.5405,6.5405,6.5405,6.5405,6.5405,6.5405,6.5405,6.5405,6.5405,6.5405,6.5405,6.5405,6.5405,6.5405,6.5405,6.5405,6.5405,6.5405
1.3795,1.3721,1.371,1.3785,1.3871,1.3991,1.4112,1.4237,1.4362,1.4487,1.4613,1.4595,1.4475,1.3805,0.9379,1.5832,2.2141,2.8439,3.4699,4.096,3.8666,3.5942,3.3217,3.0491,2.7765,2.5039
1.2072,1.2119,1.2126,1.2079,1.2024,1.1947,1.187,1.1791,1.1711,1.1631,1.1552,1.1563,1.1639,3.8123,3.8835,3.9949,4.1557,4.3192,4.4913,4.6635,4.8368,5.0101,5.1834,5.3568,5.5302,5.7036
1.0461,1.0405,1.0397,1.0453,1.0519,1.061,1.0702,1.0797,1.0891,1.0986,1.1082,1.1068,0.4764,4.1536,4.0687,3.936,3.7443,3.5494,3.3441,3.1388,2.9322,2.7256,2.5189,2.3122,2.1055,1.8988
5.0994,5.1194,5.1223,5.1023,5.0792,5.0467,5.0143,4.9807,4.9471,4.9134,4.8797,4.8845,4.9167,5.0969,5.3977,5.8679,6.5472,6.6467,6.6467,6.6467,6.6467,6.6467,6.6467,6.6467,6.6467,6.2702
2.4638,2.4735,2.4749,2.4652,2.454,2.4384,2.4227,2.4065,2.3902,1.9843,1.3958,6.6737,6.6737,6.6737,6.6737,6.6737,6.6737,6.6737,6.6737,6.6737,6.6737,6.6737,6.6737,6.6737,6.6737,6.6737
0.9144,0.9095,0.9087,0.9137,0.9194,0.9274,0.9354,0.9437,0.952,0.9603,0.9686,0.9674,0.9595,0.6852,2.2887,3.4403,3.2728,3.1024,2.9229,2.7435,2.5629,2.3824,2.2017,2.021,1.8404,1.6597
1.3047,1.3098,1.3105,1.3054,1.2995,1.2912,1.2829,1.2743,1.2657,1.2571,1.2484,1.2497,1.2579,0.7408,1.7934,3.0276,4.234,4.6679,4.854,5.0401,5.2274,5.4146,5.602,5.7894,5.9767,6.1641
2.1674,2.1558,2.154,2.1658,2.1793,2.1982,2.2172,2.2369,2.2565,1.8927,1.3313,6.7563,6.7563,6.7563,6.7563,6.7563,6.7563,6.7563,6.7563,6.503,6.075,5.647,5.2188,4.7906,4.3623,3.934
2.6704,2.6561,2.6539,2.6684,2.685,2.7084,2.7318,2.756,2.7802,2.8044,2.8287,2.8253,2.8021,2.6723,0.8695,1.2983,1.8157,2.3321,2.8455,3.3589,3.8719,4.3849,4.8978,5.4108,5.3746,4.8469
1.3568,1.3621,1.3629,1.3576,1.3514,1.3428,1.3342,1.3252,1.3163,1.3073,1.2984,1.2996,4.237,4.2849,4.365,4.4901,4.6708,4.8546,5.0481,5.2417,5.4364,5.6311,5.826,6.0209,6.2157,6.4106
0.892,0.8872,0.8865,0.8913,0.8969,0.9047,0.9125,0.9206,0.9287,0.9368,0.9449,0.9437,0.7945,3.5417,3.4693,3.3561,3.1926,3.0264,2.8514,2.6763,2.5002,2.324,2.1478,1.9716,1.7953,1.619
2.1523,2.1608,2.162,2.1536,2.1438,2.1301,2.1164,2.1022,2.0881,2.0738,2.0596,2.0616,2.0752,2.1513,2.2782,1.5475,2.0604,2.6465,3.229,3.8116,4.3937,4.9759,5.5579,6.14,6.7221,6.8696
6.436,5.9158,5.3955,4.8753,4.355,6.8985,6.8985,6.8985,6.8985,6.8985,6.8985,6.8985,6.8985,6.8985,6.8985,6.8985,6.8985,6.8985,6.8985,6.8985,6.8985,6.8985,6.8985,6.8985,6.8985,6.8985
1.1073,1.1013,1.1004,1.1064,1.1133,1.123,1.1327,1.1427,1.1528,1.1628,1.1729,1.1715,1.1619,0.4504,1.1644,1.9657,2.749,3.5309,3.5394,3.3221,3.1035,2.8848,2.6661,2.4473,2.2285,2.0097
1.1928,1.1975,1.1982,1.1935,1.1881,1.1805,1.1729,1.165,1.1572,1.1493,1.1414,1.1425,1.1501,3.2127,3.8373,3.9473,4.1062,4.2678,4.4379,4.6081,4.7793,4.9505,5.1217,5.2931,5.4644,5.6357
1.2534,1.2467,1.2457,1.2525,1.2603,1.2713,1.2822,1.2936,1.3049,1.3163,1.3277,0.9731,5.0376,4.9767,4.875,4.716,4.4863,4.2527,4.0067,3.7607,3.5132,3.2657,3.0181,2.7704,2.5227,2.275
7.0167,7.0167,7.0167,7.0167,7.0167,7.0167,7.0167,7.0167,7.0167,7.0167,7.0167,7.0167,7.0167,7.0167,7.0167,7.0167,7.0167,2.2022,2.687,3.1718,3.6562,4.1406,4.625,5.1094,5.5938,6.0781
1.7998,1.8068,1.8079,1.8008,1.7926,1.7812,1.7697,1.7579,1.746,1.7341,1.622,0.9469,5.6202,5.6838,5.79,5.9559,6.1957,6.4394,6.6961,6.9528,7.0469,7.0469,7.0469,7.0469,7.0469,7.0469
0.8692,0.8645,0.8638,0.8685,0.874,0.8816,0.8892,0.897,0.9049,0.9128,0.9207,0.9196,0.9121,2.0286,3.3806,3.2703,3.111,2.949,2.7785,2.6079,2.4363,2.2646,2.0929,1.9211,1.7494,1.5776
1.4757,1.4815,1.4824,1.4766,1.4699,1.4605,1.4511,1.4414,1.4317,1.4219,1.4122,1.4135,1.4228,1.475,1.2244,2.0669,2.8906,3.7128,4.5301,5.3474,5.9129,6.1247,6.3366,6.5485,6.7605,6.9725
4.4611,4.4371,4.4335,4.4577,4.3774,3.8545,3.3316,2.8087,2.2858,7.139,7.139,7.139,7.139,7.139,7.139,7.139,7.139,7.139,7.139,7.139,7.139,7.139,7.139,7.139,7.139,7.139
1.661,1.6521,1.6507,1.6597,1.6701,1.6846,1.6991,1.7142,1.7292,1.7443,1.7594,1.7573,1.7429,1.6621,0.8491,1.4333,2.0045,2.5746,3.1414,3.7081,4.2744,4.3276,3.9994,3.6712,3.343,3.0147
1.2369,1.2417,1.2424,1.2375,1.2319,1.2241,1.2162,1.2081,1.1999,1.1917,1.1836,1.1847,0.6836,3.9061,3.979,4.0931,4.2578,4.4253,4.6018,4.7782,4.9557,5.1332,5.3109,5.4885,5.6661,5.8438
0.963,0.9578,0.957,0.9622,0.9682,0.9767,0.9851,0.9938,1.0025,1.0113,1.0201,1.0188,0.4385,3.8234,3.7453,3.6231,3.4466,3.2672,3.0782,2.8893,2.6991,2.5089,2.3187,2.1284,1.9381,1.7478
3.2839,3.2968,3.2987,3.2858,3.2709,3.25,3.2291,3.2075,3.1859,3.1642,3.1425,3.1455,3.1662,3.2823,3.476,3.7788,4.2162,4.661,5.1294,5.5979,6.0692,6.5405,7.0121,7.2656,7.2656,7.2656
3.2684,3.2811,3.2831,3.2702,3.2554,3.2346,3.2138,2.9541,2.4042,1.8542,7.298,7.298,7.298,7.298,7.298,7.298,7.298,7.298,7.298,7.298,7.298,7.298,7.298,7.298,7.298,7.298
0.9615,0.9563,0.9555,0.9608,0.9667,0.9752,0.9836,0.9923,1.001,1.0097,1.0185,1.0173,1.0089,0.4911,1.6402,2.7689,3.4413,3.2622,3.0735,2.8848,2.6949,2.5051,2.3151,2.1251,1.9351,1.7451
1.2361,1.2409,1.2416,1.2368,1.2312,1.2233,1.2155,1.2073,1.1992,1.191,1.1828,1.184,1.1918,0.7735,2.5835,4.0906,4.2552,4.4226,4.5989,4.7753,4.9527,5.1301,5.3076,5.4851,5.6627,5.8402
1.6632,1.6542,1.6529,1.6619,1.6723,1.6868,1.7014,1.7165,1.7315,1.7466,1.4201,0.8213,6.6844,6.6036,6.4686,6.2576,5.9528,5.6429,5.3165,4.9901,4.6617,4.3333,4.0047,3.676,3.3474,3.0187
4.4127,4.389,4.3854,4.4093,4.4368,4.4754,4.5141,4.5541,4.594,4.6341,4.6743,4.6686,4.6303,4.4158,4.0577,1.2461,1.7427,2.2384,2.7312,3.2239,3.7163,4.2087,4.701,5.1934,5.6857,6.178
1.4702,1.4759,1.4768,1.471,1.4643,1.455,1.4456,1.436,1.4263,1.4166,1.4068,1.1874,4.591,4.6429,4.7297,4.8652,5.0611,5.2602,5.4699,5.6796,5.8906,6.1016,6.3127,6.5239,6.735,6.9462
0.8668,0.8622,0.8615,0.8662,0.8716,0.8791,0.8867,0.8946,0.9024,0.9103,0.9182,0.9171,0.9096,3.4417,3.3713,3.2613,3.1025,2.941,2.7709,2.6008,2.4296,2.2584,2.0872,1.9159,1.7446,1.5733
1.7973,1.8043,1.8054,1.7983,1.7901,1.7787,1.7673,1.7554,1.7436,1.7317,1.7199,1.7215,1.7329,1.7964,1.9024,1.6247,2.2721,2.9183,3.5608,4.2032,4.8451,5.487,6.1289,6.7708,7.4127,7.5329
7.5677,7.5677,7.5677,7.5677,7.5677,7.5677,7.5677,7.5677,7.5677,7.5677,7.5677,7.5677,7.5677,7.5677,7.5677,7.5677,7.5677,7.5677,7.5677,7.5677,7.5677,7.5677,7.5677,7.5677,7.5677,7.5677
1.2458,1.2391,1.2381,1.2448,1.2526,1.2635,1.2744,1.2857,1.297,1.3083,1.3196,1.318,1.3072,1.2467,1.0007,1.6894,2.3626,3.0346,3.7026,3.7378,3.4918,3.2458,2.9996,2.7535,2.5073,2.2611
1.187,1.1917,1.1924,1.1877,1.1823,1.1748,1.1672,1.1594,1.1516,1.1437,1.1359,1.137,1.1445,3.7487,3.8188,3.9282,4.0863,4.2471,4.4164,4.5857,4.7561,4.9265,5.0969,5.2674,5.4379,5.6084
1.1031,1.0971,1.0963,1.1022,1.1091,1.1188,1.1284,1.1384,1.1484,1.1584,1.1685,1.121,4.4333,4.3797,4.2902,4.1502,3.9481,3.7425,3.5261,3.3096,3.0918,2.874,2.656,2.4381,2.2201,2.0021
7.7101,7.7101,7.7101,7.7101,7.7101,7.6619,7.6126,7.5616,7.5107,7.4595,7.4083,7.4155,7.4644,7.7101,7.7101,7.7101,7.7101,7.7101,7.7101,7.7101,3.6817,4.1695,4.6573,5.145,5.6328,6.1205
2.1336,2.142,2.1432,2.1348,2.1252,2.1116,2.098,2.084,2.0699,2.0558,1.4564,6.6493,6.6628,6.7382,6.864,7.0608,7.345,7.634,7.7466,7.7466,7.7466,7.7466,7.7466,7.7466,7.7466,7.7466
0.8858,0.881,0.8803,0.8851,0.8907,0.8984,0.9062,0.9142,0.9222,0.9303,0.9383,0.9372,0.9295,0.906,3.0259,3.3328,3.1705,3.0054,2.8316,2.6577,2.4828,2.3079,2.1329,1.9579,1.7828,1.6078
1.3487,1.3539,1.3547,1.3494,1.3433,1.3347,1.3262,1.3173,1.3084,1.2995,1.2906,1.2918,1.3003,1.348,1.505,2.5406,3.553,4.5635,5.0178,5.2101,5.4037,5.5973,5.791,5.9847,6.1784,6.3721
2.6643,2.65,2.6478,2.6623,2.6789,2.7022,2.7255,2.7497,2.3585,1.819,1.2795,7.858,7.858,7.858,7.858,7.858,7.858,7.858,7.858,7.858,7.4677,6.9416,6.4152,5.8888,5.3623,4.8358
2.1418,2.1302,2.1285,2.1401,2.1535,2.1722,2.1909,2.2104,2.2298,2.2492,2.2687,2.266,2.2474,2.1432,0.7882,1.3306,1.8609,2.3902,2.9164,3.4425,3.9683,4.4941,5.0198,4.7338,4.3106,3.8873
1.2928,1.2979,1.2986,1.2935,1.2877,1.2794,1.2712,1.2627,1.2542,1.2457,1.2371,1.2383,0.6883,4.0828,4.159,4.2782,4.4504,4.6255,4.8099,4.9943,5.1799,5.3654,5.5511,5.7368,5.9225,6.1081
0.9069,0.902,0.9013,0.9062,0.9119,0.9198,0.9278,0.936,0.9442,0.9524,0.9607,0.9595,0.5929,3.6009,3.5273,3.4122,3.246,3.077,2.8991,2.7211,2.542,2.3629,2.1837,2.0045,1.8253,1.6461
2.4489,2.4585,2.4599,2.4503,2.4392,2.4236,2.4081,2.3919,2.3758,2.3596,2.3434,2.3457,2.3612,2.4477,2.5922,2.818,3.1442,2.4981,3.048,3.5979,4.1474,4.6969,5.2464,5.7958,6.3453,6.8947
5.0136,5.0332,5.0361,4.9192,4.3943,3.8694,3.3445,2.8195,8.0511,8.0511,8.0511,8.0511,8.0511,8.0511,8.0511,8.0511,8.0511,8.0511,8.0511,8.0511,8.0511,8.0511,8.0511,8.0511,8.0511,8.0511
1.0344,1.0288,1.028,1.0336,1.04,1.0491,1.0581,1.0675,1.0769,1.0863,1.0957,1.0943,1.0854,0.4207,1.294,2.1844,3.0549,3.5094,3.3064,3.1034,2.8992,2.6949,2.4906,2.2862,2.0818,1.8774
1.1948,1.1994,1.2001,1.1954,1.19,1.1824,1.1748,1.1669,1.1591,1.1512,1.1433,1.1444,1.1519,1.4408,3.8436,3.9538,4.1129,4.2747,4.4452,4.6156,4.7871,4.9585,5.1301,5.3017,5.4733,5.6449
1.3673,1.36,1.3589,1.3663,1.3748,1.3868,1.3987,1.4111,1.4235,1.4359,1.4484,0.8983,5.4953,5.4289,5.3179,5.1445,4.8939,4.6391,4.3708,4.1024,3.8324,3.5624,3.2923,3.0221,2.7519,2.4817
8.2125,8.2125,8.2125,8.2125,8.2125,8.2125,8.2125,8.2125,8.2125,8.2125,8.2125,8.2125,8.2125,8.2125,8.2125,8.2125,1.705,2.19,2.6721,3.1542,3.6359,4.1176,4.5993,5.081,5.5627,6.0444
1.6386,1.645,1.6459,1.6395,1.6321,1.6216,1.6112,1.6004,1.5896,1.5788,1.568,1.0079,5.1168,5.1747,5.2714,5.4225,5.6407,5.8627,6.0964,6.3301,6.5653,6.8005,7.0358,7.2711,7.5064,7.7418
0.8582,0.8536,0.8529,0.8575,0.8629,0.8704,0.8779,0.8857,0.8935,0.9013,0.9091,0.908,0.9005,3.4074,3.3378,3.2289,3.0716,2.9117,2.7433,2.5749,2.4054,2.2359,2.0664,1.8968,1.7272,1.5576
1.5655,1.5717,1.5726,1.5664,1.5593,1.5494,1.5394,1.5291,1.5188,1.5084,1.4981,1.4995,1.5094,1.5647,1.0963,1.8507,2.5882,3.3243,4.0561,4.7879,5.5191,6.2503,6.7222,6.947,7.1719,7.3967
6.341,5.8284,5.3158,4.8033,4.2907,3.7782,3.2861,8.3806,8.3806,8.3806,8.3806,8.3806,8.3806,8.3806,8.3806,8.3806,8.3806,8.3806,8.3806,8.3806,8.3806,8.3806,8.3806,8.3806,8.3806,8.3806
1.4565,1.4487,1.4475,1.4554,1.4645,1.4772,1.49,1.5032,1.5164,1.5296,1.5429,1.541,1.5283,1.4575,0.8908,1.5038,2.103,2.7012,3.2958,3.8904,4.0825,3.7949,3.5071,3.2193,2.9315,2.6436
1.2033,1.2081,1.2088,1.204,1.1986,1.1909,1.1833,1.1753,1.1674,1.1595,1.1515,1.1526,0.9533,3.8002,3.8712,3.9822,4.1425,4.3055,4.4771,4.6488,4.8215,4.9942,5.167,5.3398,5.5127,5.6855
1.0004,0.9951,0.9942,0.9997,1.0059,1.0147,1.0234,1.0325,1.0415,1.0506,1.0597,1.0585,0.4556,3.9722,3.891,3.764,3.5807,3.3943,3.198,3.0016,2.8041,2.6065,2.4089,2.2112,2.0135,1.8158
4.161,4.1772,4.1797,4.1633,4.1444,4.118,4.0915,4.0641,4.0367,4.0092,3.9817,3.9856,4.0118,4.1589,4.4043,4.788,5.3423,5.9059,6.4993,7.0929,7.6901,8.2873,8.5556,8.5556,8.5556,8.5556
2.6858,2.6963,2.6979,2.6873,2.6751,2.6581,2.641,2.6233,2.4755,1.9092,1.4106,8.3701,8.3871,8.482,8.6005,8.6005,8.6005,8.6005,8.6005,8.6005,8.6005,8.6005,8.6005,8.6005,8.6005,8.6005
0.9205,0.9156,0.9148,0.9198,0.9256,0.9336,0.9417,0.95,0.9584,0.9667,0.9751,0.9739,0.9659,0.5883,1.9651,3.3173,3.2947,3.1232,2.9425,2.7619,2.5801,2.3983,2.2165,2.0346,1.8527,1.6708
1.2623,1.2672,1.268,1.263,1.2573,1.2492,1.2412,1.2329,1.2246,1.2162,1.2079,1.2091,1.217,0.7167,2.0055,3.3856,4.3454,4.5163,4.6964,4.8764,5.0576,5.2388,5.4201,5.6014,5.7827,5.964
1.9197,1.9094,1.9079,1.9183,1.9302,1.947,1.9638,1.9812,1.9986,1.9157,1.3475,0.8908,7.7155,7.6222,7.4664,7.2228,6.871,6.5133,6.1366,5.7598,5.3808,5.0017,4.6224,4.2431,3.8637,3.4844
3.1058,3.0891,3.0866,3.1034,3.1227,3.1499,3.1771,3.2052,3.2334,3.2616,3.2899,3.2859,3.2589,3.1079,2.8559,1.2627,1.7659,2.2681,2.7674,3.2667,3.7656,4.2646,4.7634,5.2623,5.7612,5.6371
1.3813,1.3867,1.3875,1.3821,1.3758,1.367,1.3582,1.3491,1.34,1.3309,1.3218,1.3231,4.3134,4.3622,4.4437,4.571,4.755,4.9421,5.1391,5.3362,5.5344,5.7327,5.931,6.1294,6.3278,6.5262
0.8718,0.8671,0.8664,0.8711,0.8766,0.8842,0.8918,0.8997,0.9076,0.9156,0.9235,0.9224,0.9148,3.4615,3.3907,3.2801,3.1203,2.9579,2.7868,2.6157,2.4436,2.2714,2.0992,1.9269,1.7546,1.5824
1.9781,1.9858,1.987,1.9792,1.9703,1.9577,1.9451,1.9321,1.919,1.906,1.8929,1.8947,1.9072,1.9771,2.0938,1.5095,2.1111,2.7115,3.3084,3.9053,4.5018,5.0982,5.6946,6.291,6.8874,7.4838
8.9775,8.9775,8.9775,8.9775,8.9775,8.9775,8.9775,8.9775,8.9775,8.9775,8.9775,8.9775,8.9775,8.9775,8.9775,8.9775,8.9775,8.9775,8.9775,8.9775,8.9775,8.9775,8.9775,8.9775,8.9775,8.9775
1.1427,1.1366,1.1357,1.1419,1.149,1.159,1.169,1.1793,1.1897,1.2001,1.2105,1.209,1.1991,0.4648,1.0833,1.8288,2.5575,3.285,3.6529,3.4286,3.203,2.9773,2.7515,2.5257,2.2999,2.0741
1.1768,1.1814,1.182,1.1774,1.1721,1.1646,1.1571,1.1494,1.1416,1.1338,1.1261,1.1272,1.1346,3.7163,3.7857,3.8942,4.051,4.2103,4.3782,4.546,4.7149,4.8838,5.0528,5.2218,5.3909,5.5599
1.1778,1.1714,1.1705,1.1769,1.1842,1.1945,1.2048,1.2155,1.2262,1.2369,1.2476,1.0128,4.7335,4.6762,4.5806,4.4312,4.2154,3.9959,3.7648,3.5337,3.3011,3.0685,2.8359,2.6031,2.3704,2.1377
9.1787,9.1787,9.1787,9.1787,9.1787,9.1787,9.1787,9.1787,9.1787,9.1787,9.1787,9.1787,9.1787,9.1787,9.1787,9.1787,9.1787,9.1787,2.6631,3.1435,3.6236,4.1037,4.5838,5.0639,5.5439,6.024
1.8919,1.8993,1.9004,1.893,1.8844,1.8724,1.8603,1.8479,1.8354,1.8229,1.5368,0.9954,5.9079,5.9748,6.0864,6.2608,6.5129,6.7691,7.0389,7.3088,7.5804,7.8519,8.1236,8.3953,8.667,8.9388
0.8655,0.8608,0.8601,0.8648,0.8702,0.8778,0.8853,0.8932,0.901,0.9089,0.9167,0.9156,0.9081,1.3622,3.366,3.2562,3.0976,2.9363,2.7665,2.5966,2.4257,2.2549,2.0839,1.9129,1.7418,1.5708
1.4084,1.4139,1.4147,1.4092,1.4028,1.3938,1.3849,1.3756,1.3663,1.357,1.3477,1.349,1.3579,1.4077,1.303,2.1997,3.0763,3.9512,4.821,5.4409,5.643,5.8451,6.0474,6.2497,6.4519,6.6542
3.5089,3.49,3.4872,3.5062,3.5281,3.5587,3.333,2.8099,2.2868,1.7637,9.3891,9.3891,9.3891,9.3891,9.3891,9.3891,9.3891,9.3891,9.3891,9.3891,9.3891,9.1421,8.4488,7.7555,7.0621,6.3687
1.7959,1.7862,1.7848,1.7945,1.8057,1.8214,1.8371,1.8534,1.8697,1.886,1.9023,1.9,1.8844,1.7971,0.8155,1.3767,1.9253,2.4729,3.0172,3.5616,4.1055,4.6495,4.3242,3.9693,3.6144,3.2596
1.2435,1.2483,1.2491,1.2442,1.2385,1.2306,1.2227,1.2145,1.2063,1.1981,1.1899,1.1911,0.6621,3.927,4.0003,4.115,4.2806,4.449,4.6264,4.8038,4.9822,5.1607,5.3393,5.5179,5.6965,5.8751
0.9303,0.9253,0.9246,0.9296,0.9354,0.9435,0.9517,0.9601,0.9685,0.977,0.9854,0.9843,0.4747,3.6937,3.6182,3.5002,3.3297,3.1563,2.9738,2.7912,2.6075,2.4238,2.24,2.0562,1.8724,1.6885
2.874,2.8852,2.8869,2.8756,2.8626,2.8443,2.826,2.8071,2.7881,2.7692,2.7502,2.7528,2.771,2.8725,3.0421,3.3071,3.6899,4.0791,4.4891,4.899,5.3115,4.4833,5.0029,5.5269,6.0508,6.5748
3.7265,3.741,3.7432,3.7286,3.7117,3.688,3.4034,2.8692,2.3351,9.6661,9.6661,9.6661,9.6661,9.6661,9.6661,9.6661,9.6661,9.6661,9.6661,9.6661,9.6661,9.6661,9.6661,9.6661,9.6661,9.6661
0.9771,0.9719,0.9711,0.9764,0.9825,0.991,0.9996,1.0084,1.0173,1.0261,1.035,1.0338,1.0253,0.4407,1.472,2.4849,3.4752,3.3152,3.1234,2.9317,2.7387,2.5458,2.3527,2.1597,1.9666,1.7735
1.2066,1.2113,1.212,1.2073,1.2018,1.1941,1.1865,1.1785,1.1706,1.1626,1.1546,1.1558,1.1634,0.929,3.1028,3.993,4.1537,4.3171,4.4893,4.6614,4.8345,5.0077,5.181,5.3543,5.5276,5.7009
1.5197,1.5115,1.5103,1.5185,1.528,1.5413,1.5546,1.5684,1.5821,1.5959,1.452,0.8398,6.1077,6.0338,5.9105,5.7177,5.4392,5.156,4.8578,4.5596,4.2595,3.9594,3.6592,3.3589,3.0586,2.7583
5.8822,5.8506,5.8459,5.8777,5.9144,5.9658,6.0173,6.0706,6.1239,6.1774,6.2309,6.2233,6.1723,5.8863,5.4089,1.2223,1.7094,2.1956,2.6789,3.1622,3.6452,4.1281,4.611,5.0939,5.5768,6.0597
1.5135,1.5194,1.5203,1.5144,1.5075,1.4979,1.4883,1.4783,1.4683,1.4583,1.4483,1.0999,4.7263,4.7798,4.8691,5.0087,5.2103,5.4153,5.6312,5.8471,6.0643,6.2815,6.4989,6.7162,6.9336,7.151
0.8542,0.8496,0.8489,0.8535,0.8589,0.8663,0.8738,0.8816,0.8893,0.8971,0.9048,0.9037,0.8963,3.3915,3.3222,3.2139,3.0573,2.8981,2.7305,2.5629,2.3942,2.2255,2.0568,1.888,1.7192,1.5504
1.683,1.6896,1.6906,1.684,1.6764,1.6657,1.6549,1.6439,1.6328,1.6217,1.6105,1.6121,1.6227,1.6822,1.0549,1.6857,2.3574,3.0279,3.6945,4.361,5.0271,5.6931,6.3591,7.0251,7.6911,7.9519
10.0,10.0,10.0,10.0,10.0,10.0,10.0,10.0,10.0,10.0,10.0,10.0,10.0,10.0,10.0,10.0,10.0,10.0,10.0,10.0,10.0,10.0,10.0,10.0,10.0,10.0
1.3045,1.2975,1.2964,1.3035,1.3116,1.323,1.3344,1.3462,1.3581,1.3699,1.3818,1.3801,1.3688,1.3054,0.9456,1.5963,2.2324,2.8674,3.4986,3.9138,3.6563,3.3987,3.1409,2.8832,2.6254,2.3676
1.1806,1.1852,1.1859,1.1812,1.1759,1.1684,1.1609,1.1531,1.1453,1.1375,1.1297,1.1308,1.1383,3.7283,3.7979,3.9068,4.0641,4.224,4.3924,4.5608,4.7302,4.8996,5.0692,5.2387,5.4083,5.5779
1.0504,1.0447,1.0439,1.0496,1.0561,1.0653,1.0745,1.084,1.0935,1.1031,1.1126,1.1113,0.4783,4.1705,4.0852,3.952,3.7595,3.5637,3.3576,3.1515,2.9441,2.7367,2.5291,2.3216,2.114,1.9065
5.7686,5.7911,5.7945,5.7718,5.7456,5.709,5.6723,5.6343,5.5963,5.5582,5.52,5.5254,5.5618,5.7656,6.1059,6.6378,7.4062,8.1875,9.0103,9.8332,10.0,10.0,4.6536,5.141,5.6283,6.1157
2.2909,2.2998,2.3012,2.2921,2.2818,2.2672,2.2526,2.2375,2.2224,1.985,1.3963,7.1393,7.1538,7.2347,7.3698,7.5811,7.8862,8.1965,8.5233,8.85,9.1788,9.5076,9.8366,10.0,10.0,10.0
0.8894,0.8846,0.8839,0.8887,0.8943,0.902,0.9098,0.9179,0.9259,0.934,0.9421,0.941,0.9332,0.7435,2.4835,3.3463,3.1833,3.0175,2.843,2.6685,2.4928,2.3172,2.1415,1.9658,1.79,1.6143
1.3008,1.3059,1.3066,1.3015,1.2956,1.2873,1.2791,1.2705,1.2619,1.2533,1.2447,1.246,1.2542,1.3001,1.646,2.7786,3.8859,4.6541,4.8396,5.0252,5.2119,5.3986,5.5854,5.7722,5.959,6.1459
2.2973,2.2849,2.2831,2.2955,2.3098,2.3299,2.35,2.3708,2.38,1.8356,1.2911,9.2528,9.2328,9.1211,8.9347,8.6433,8.2223,7.7942,7.3434,6.8926,6.4389,5.9853,5.5315,5.0775,4.6236,4.1696
2.4043,2.3913,2.3894,2.4024,2.4174,2.4384,2.4595,2.4813,2.5031,2.5249,2.5468,2.5437,2.5228,2.4059,0.7828,1.2905,1.8048,2.3182,2.8285,3.3388,3.8487,4.3586,4.8685,5.314,4.8389,4.3638
1.3116,1.3168,1.3175,1.3124,1.3064,1.2981,1.2897,1.2811,1.2725,1.2638,1.2551,1.2564,4.0959,4.1423,4.2196,4.3406,4.5153,4.6929,4.88,5.0671,5.2554,5.4436,5.632,5.8204,6.0088,6.1972
0.8841,0.8794,0.8787,0.8835,0.889,0.8967,0.9045,0.9125,0.9205,0.9285,0.9366,0.9354,0.693,3.5104,3.4387,3.3265,3.1645,2.9997,2.8262,2.6527,2.4781,2.3036,2.1289,1.9542,1.7795,1.6047
2.2226,2.2312,2.2325,2.2238,2.2137,2.1996,2.1855,2.1708,2.1562,2.1415,2.1268,2.1289,2.1429,2.2214,2.3525,2.5575,1.9848,2.5494,3.1106,3.6718,4.2325,4.7933,5.354,5.9148,6.4755,7.0362
6.3008,5.8478,5.3335,4.8192,4.3049,3.7907,10.0,10.0,10.0,10.0,10.0,10.0,10.0,10.0,10.0,10.0,10.0,10.0,10.0,10.0,10.0,10.0,10.0,10.0,10.0,10.0
1.0624,1.0567,1.0558,1.0616,1.0682,1.0775,1.0868,1.0964,1.1061,1.1157,1.1254,1.124,1.1148,0.4321,1.1926,2.0133,2.8156,3.6046,3.3961,3.1876,2.9778,2.768,2.5581,2.3482,2.1383,1.9283
1.176,1.1806,1.1813,1.1767,1.1713,1.1639,1.1564,1.1486,1.1409,1.1331,1.1253,1.1264,1.1339,2.1568,3.7833,3.8917,4.0484,4.2077,4.3754,4.5431,4.7119,4.8807,5.0496,5.2185,5.3874,5.5563
1.2755,1.2687,1.2676,1.2745,1.2825,1.2936,1.3048,1.3164,1.3279,1.3395,1.3511,0.9295,5.1264,5.0644,4.9608,4.799,4.5653,4.3276,4.0773,3.827,3.5751,3.3232,3.0712,2.8192,2.5672,2.3151
10.0,10.0,10.0,10.0,10.0,10.0,10.0,10.0,10.0,10.0,10.0,10.0,10.0,10.0,10.0,10.0,1.6861,2.1656,2.6423,3.1191,3.5954,4.0718,4.5481,5.0244,5.5007,5.9771
1.7098,1.7165,1.7175,1.7107,1.703,1.6921,1.6812,1.67,1.6587,1.6474,1.6361,0.9495,5.3392,5.3996,5.5004,5.6581,5.8858,6.1174,6.3613,6.6052,6.8506,7.096,7.3415,7.5871,7.8326,8.0782
0.8525,0.848,0.8473,0.8519,0.8572,0.8647,0.8721,0.8798,0.8876,0.8953,0.9031,0.902,0.8946,2.8245,3.3158,3.2076,3.0514,2.8925,2.7252,2.5579,2.3896,2.2212,2.0528,1.8843,1.7159,1.5474
1.4871,1.4929,1.4938,1.4879,1.4812,1.4717,1.4622,1.4525,1.4427,1.4328,1.423,1.4244,1.4338,1.4863,1.1555,1.9507,2.728,3.5039,4.2753,5.0466,5.8174,6.1717,6.3852,6.5988,6.8124,7.026
5.2279,5.1998,5.1956,4.7938,4.2822,3.7707,3.2592,2.7476,2.3376,10.0,10.0,10.0,10.0,10.0,10.0,10.0,10.0,10.0,10.0,10.0,10.0,10.0,10.0,10.0,10.0,9.4888
1.5545,1.5461,1.5449,1.5533,1.563,1.5766,1.5902,1.6043,1.6184,1.6325,1.6466,1.6447,1.6312,1.5556,0.8522,1.4387,2.012,2.5843,3.1531,3.722,4.2905,4.0501,3.743,3.4358,3.1287,2.8215
1.2067,1.2114,1.2121,1.2073,1.2019,1.1942,1.1865,1.1786,1.1706,1.1627,1.1547,1.1558,0.7552,3.8108,3.8819,3.9932,4.1539,4.3174,4.4895,4.6616,4.8348,5.008,5.1813,5.3546,5.5279,5.7012
0.9632,0.958,0.9573,0.9625,0.9685,0.9769,0.9853,0.9941,1.0028,1.0116,1.0203,1.0191,0.4386,3.8244,3.7462,3.624,3.4475,3.268,3.079,2.89,2.6998,2.5096,2.3193,2.129,1.9386,1.7483
3.5205,3.5343,3.5363,3.5225,3.5065,3.4841,3.4617,3.4385,3.4154,3.3921,3.3688,3.3721,3.3943,3.5187,3.7264,4.051,4.52,4.9968,5.4989,6.0011,6.5064,7.0117,7.5172,8.0229,8.5285,9.0342
2.9775,2.9891,2.9909,2.9792,2.9657,2.9467,2.9278,2.9082,2.3972,1.8488,9.2764,9.2791,9.2979,9.4031,9.5788,9.8533,10.0,10.0,10.0,10.0,10.0,10.0,10.0,10.0,10.0,10.0
0.9325,0.9275,0.9267,0.9318,0.9376,0.9457,0.9539,0.9623,0.9708,0.9793,0.9878,0.9866,0.9785,0.5168,1.7262,2.914,3.3375,3.1637,2.9808,2.7978,2.6136,2.4295,2.2453,2.061,1.8768,1.6925
1.2289,1.2337,1.2344,1.2296,1.224,1.2162,1.2084,1.2003,1.1922,1.1841,1.1759,1.1771,1.1848,0.6977,2.2964,3.8767,4.2304,4.3969,4.5721,4.7474,4.9238,5.1002,5.2767,5.4532,5.6297,5.8062
1.7284,1.7191,1.7177,1.7271,1.7379,1.753,1.7681,1.7838,1.7995,1.8152,1.3727,0.8021,6.9467,6.8626,6.7224,6.5031,6.1863,5.8643,5.5251,5.1859,4.8446,4.5033,4.1618,3.8203,3.4787,3.1372
3.7524,3.7322,3.7292,3.7495,3.7729,3.8057,3.8386,3.8726,3.9066,3.9407,3.9748,3.97,3.9374,3.755,3.4505,1.2355,1.7278,2.2192,2.7078,3.1963,3.6844,4.1726,4.6607,5.1488,5.6369,6.125
1.4158,1.4213,1.4221,1.4165,1.4101,1.4011,1.3921,1.3828,1.3735,1.3641,1.3548,1.2226,4.421,4.4711,4.5546,4.6851,4.8737,5.0655,5.2674,5.4693,5.6725,5.8757,6.079,6.2824,6.4857,6.6891
0.8571,0.8525,0.8518,0.8564,0.8618,0.8693,0.8768,0.8846,0.8923,0.9001,0.9079,0.9068,0.8994,3.4031,3.3335,3.2248,3.0677,2.908,2.7398,2.5716,2.4023,2.2331,2.0638,1.8944,1.725,1.5557
1.8373,1.8445,1.8456,1.8383,1.83,1.8183,1.8066,1.7945,1.7824,1.7703,1.7581,1.7599,1.7715,1.8364,1.9448,1.5579,2.1787,2.7984,3.4144,4.0304,4.6459,5.2615,5.877,6.4925,7.108,7.7234
10.0,10.0,10.0,10.0,10.0,10.0,10.0,10.0,10.0,10.0,10.0,10.0,10.0,10.0,10.0,10.0,10.0,10.0,10.0,10.0,10.0,10.0,10.0,10.0,10.0,10.0
1.1886,1.1823,1.1813,1.1877,1.1951,1.2055,1.2159,1.2267,1.2375,1.2483,1.2591,1.2576,1.2473,1.1895,1.0171,1.717,2.4012,3.0842,3.7631,3.5663,3.3316,3.0969,2.8621,2.6272,2.3923,2.1574
1.1677,1.1722,1.1729,1.1683,1.163,1.1556,1.1482,1.1405,1.1328,1.1251,1.1174,1.1184,1.1258,3.6876,3.7564,3.8641,4.0196,4.1778,4.3443,4.5109,4.6785,4.8461,5.0138,5.1815,5.3492,5.5169
1.1157,1.1097,1.1088,1.1148,1.1218,1.1315,1.1413,1.1514,1.1615,1.1717,1.1818,1.0632,4.484,4.4297,4.3392,4.1977,3.9932,3.7853,3.5664,3.3474,3.1271,2.9068,2.6864,2.4659,2.2455,2.025
9.5901,9.6276,9.6332,9.5955,9.552,9.4911,9.43,9.3669,9.3037,9.2404,9.177,9.1859,9.2464,9.5853,10.0,10.0,10.0,10.0,10.0,3.1336,3.6122,4.0908,4.5693,5.0479,5.5264,6.005
2.0086,2.0165,2.0177,2.0098,2.0007,1.9879,1.9751,1.9619,1.9486,1.9354,1.467,6.2597,6.2724,6.3434,6.4619,6.6471,6.9147,7.1867,7.4732,7.7597,8.048,8.3363,8.6248,8.9133,9.2018,9.4903
0.8668,0.8621,0.8614,0.8661,0.8715,0.8791,0.8867,0.8945,0.9024,0.9103,0.9181,0.917,0.9095,1.025,3.3711,3.2611,3.1023,2.9408,2.7707,2.6006,2.4294,2.2583,2.087,1.9158,1.7445,1.5732
1.3534,1.3587,1.3595,1.3542,1.348,1.3394,1.3308,1.3219,1.313,1.3041,1.2951,1.2964,1.3049,1.3527,1.4032,2.3687,3.3126,4.2549,5.0355,5.2285,5.4228,5.617,5.8114,6.0058,6.2001,6.3945
2.896,2.8804,2.8781,2.8938,2.9118,2.9372,2.9625,2.8278,2.3013,1.7749,1.3476,10.0,10.0,10.0,10.0,10.0,10.0,9.8256,9.2573,8.689,8.1171,7.5453,6.9731,6.4009,5.8286,5.2563
1.9705,1.9599,1.9584,1.969,1.9813,1.9985,2.0158,2.0337,2.0515,2.0694,2.0873,2.0848,2.0677,1.9719,0.7884,1.3309,1.8613,2.3907,2.917,3.4433,3.9691,4.495,4.7448,4.3554,3.966,3.5766
1.2577,1.2627,1.2634,1.2584,1.2527,1.2447,1.2367,1.2285,1.2202,1.2119,1.2036,1.2047,0.6697,3.972,4.0462,4.1622,4.3297,4.5001,4.6795,4.8589,5.0394,5.2199,5.4005,5.5812,5.7618,5.9425
0.9044,0.8995,0.8988,0.9037,0.9093,0.9172,0.9251,0.9333,0.9415,0.9497,0.958,0.9568,0.5349,3.5907,3.5173,3.4026,3.2369,3.0683,2.8909,2.7134,2.5348,2.3562,2.1776,1.9989,1.8202,1.6414
2.5631,2.5731,2.5746,2.5645,2.5529,2.5366,2.5203,2.5034,2.4866,2.4696,2.4527,2.4551,2.4713,2.5618,2.713,2.9494,3.2908,2.5314,2.9559,3.4891,4.022,4.5549,5.0877,5.6206,6.1534,6.6862
4.3771,4.3942,4.3967,4.3795,4.3597,3.8475,3.3255,2.8036,2.3567,10.0,10.0,10.0,10.0,10.0,10.0,10.0,10.0,10.0,10.0,10.0,10.0,10.0,10.0,10.0,10.0,10.0
0.9995,0.9942,0.9933,0.9988,1.005,1.0137,1.0225,1.0315,1.0406,1.0497,1.0588,1.0575,1.0488,0.4066,1.34,2.262,3.1634,3.3912,3.1951,2.9989,2.8015,2.6042,2.4067,2.2092,2.0117,1.8142
1.1848,1.1894,1.1901,1.1855,1.1801,1.1726,1.165,1.1572,1.1494,1.1416,1.1337,1.1349,1.1423,1.1767,3.8115,3.9208,4.0786,4.2391,4.4081,4.5771,4.7471,4.9172,5.0873,5.2575,5.4277,5.5978
1.4045,1.397,1.3959,1.4035,1.4122,1.4245,1.4368,1.4495,1.4623,1.475,1.4878,0.8646,5.645,5.5767,5.4627,5.2845,5.0271,4.7654,4.4898,4.2141,3.9368,3.6594,3.3819,3.1044,2.8269,2.5493
8.9789,8.9306,8.9234,8.972,9.028,9.1065,9.1851,9.2665,9.3478,9.4294,9.5111,9.4996,9.4216,8.9851,8.2564,7.1174,1.6864,2.166,2.6429,3.1197,3.5961,4.0726,4.549,5.0254,5.5018,5.9782
1.5698,1.576,1.5769,1.5707,1.5636,1.5536,1.5436,1.5333,1.523,1.5126,1.5022,1.0287,4.9022,4.9577,5.0503,5.195,5.4041,5.6168,5.8407,6.0646,6.2899,6.5152,6.7407,6.9661,7.1916,7.4171
0.8466,0.8421,0.8414,0.846,0.8512,0.8586,0.8661,0.8737,0.8814,0.8891,0.8968,0.8957,0.8884,3.3614,3.2927,3.1853,3.0301,2.8724,2.7063,2.5401,2.3729,2.2058,2.0385,1.8712,1.7039,1.5366
1.5895,1.5957,1.5967,1.5904,1.5832,1.5731,1.563,1.5525,1.542,1.5315,1.521,1.5225,1.5325,1.5887,1.0446,1.7634,2.4661,3.1675,3.8648,4.5621,5.2588,5.9555,6.6522,7.0534,7.2817,7.51
6.2392,5.7348,5.2305,4.7262,10.0,10.0,10.0,10.0,10.0,10.0,10.0,10.0,10.0,10.0,10.0,10.0,10.0,10.0,10.0,10.0,10.0,10.0,10.0,10.0,10.0,10.0
1.3786,1.3712,1.3701,1.3775,1.3861,1.3982,1.4103,1.4227,1.4352,1.4478,1.4603,1.4585,1.4466,1.3796,0.9004,1.52,2.1257,2.7303,3.3314,3.9324,3.864,3.5918,3.3194,3.047,2.7746,2.5022
1.1809,1.1855,1.1862,1.1816,1.1762,1.1687,1.1612,1.1534,1.1456,1.1378,1.13,1.1311,1.1155,3.7294,3.7991,3.9079,4.0653,4.2252,4.3936,4.5621,4.7316,4.9011,5.0706,5.2403,5.4099,5.5795
1.0073,1.0019,1.0011,1.0065,1.0128,1.0216,1.0304,1.0396,1.0487,1.0578,1.067,1.0657,0.4587,3.9994,3.9177,3.7899,3.6053,3.4176,3.2199,3.0222,2.8233,2.6244,2.4254,2.2264,2.0273,1.8283
4.6022,4.6202,4.6229,4.6048,4.5839,4.5547,4.5254,4.4951,4.4648,4.4344,4.404,4.4082,4.4373,4.5999,4.8714,5.2958,5.9088,6.5321,7.1886,7.845,8.5056,9.1661,9.827,10.0,10.0,10.0
2.4922,2.5019,2.5034,2.4935,2.4823,2.4664,2.4506,2.4341,2.4177,1.9157,1.3475,7.7666,7.7823,7.8704,8.0174,8.2472,8.5792,8.9167,9.2722,9.6277,9.9854,10.0,10.0,10.0,10.0,10.0
0.8983,0.8935,0.8928,0.8976,0.9032,0.9111,0.9189,0.9271,0.9352,0.9434,0.9516,0.9504,0.9426,0.632,2.1109,3.3798,3.2152,3.0478,2.8715,2.6952,2.5178,2.3405,2.163,1.9855,1.808,1.6305
1.2626,1.2675,1.2682,1.2633,1.2575,1.2495,1.2415,1.2332,1.2248,1.2165,1.2082,1.2093,1.2173,0.7169,1.8311,3.0911,4.3229,4.5173,4.6974,4.8775,5.0587,5.2399,5.4212,5.6025,5.7839,5.9652
2.0254,2.0145,2.0128,2.0238,2.0364,2.0541,2.0719,2.0902,2.1086,1.8637,1.3109,8.1576,8.14,8.0416,7.8772,7.6203,7.2491,6.8717,6.4742,6.0768,5.6768,5.2769,4.8768,4.4766,4.0763,3.6761
2.7648,2.7499,2.7477,2.7627,2.7799,2.8041,2.8283,2.8533,2.8784,2.9035,2.9287,2.9251,2.9011,2.7667,2.5423,1.2593,1.7611,2.262,2.7599,3.2579,3.7554,4.253,4.7505,5.248,5.5645,5.0182
1.3393,1.3445,1.3453,1.34,1.3339,1.3254,1.3169,1.3081,1.2993,1.2904,1.2816,1.2828,4.1821,4.2295,4.3085,4.432,4.6103,4.7917,4.9828,5.1738,5.366,5.5582,5.7506,5.9429,6.1353,6.3276
0.867,0.8624,0.8617,0.8664,0.8718,0.8794,0.887,0.8948,0.9027,0.9105,0.9184,0.9173,0.8423,3.4425,3.3722,3.2622,3.1033,2.9417,2.7716,2.6014,2.4302,2.259,2.0877,1.9164,1.745,1.5737
2.0425,2.0505,2.0517,2.0437,2.0344,2.0214,2.0084,1.995,1.9815,1.968,1.9545,1.9564,1.9693,2.0415,2.162,1.4685,2.0392,2.6192,3.1957,3.7723,4.3484,4.9245,5.5006,6.0767,6.6527,7.2288
6.2688,5.7621,5.2554,10.0,10.0,10.0,10.0,10.0,10.0,10.0,10.0,10.0,10.0,10.0,10.0,10.0,10.0,10.0,10.0,10.0,10.0,10.0,10.0,10.0,10.0,10.0
1.0991,1.0932,1.0923,1.0982,1.1051,1.1147,1.1243,1.1343,1.1442,1.1542,1.1642,1.1628,1.1533,0.447,1.1107,1.8749,2.6221,3.3679,3.5133,3.2976,3.0806,2.8635,2.6464,2.4292,2.212,1.9949
1.1642,1.1687,1.1694,1.1648,1.1596,1.1522,1.1447,1.1371,1.1294,1.1217,1.114,1.1151,1.1225,3.6766,3.7452,3.8526,4.0077,4.1653,4.3314,4.4974,4.6645,4.8316,4.9988,5.166,5.3332,5.5004
1.2006,1.1941,1.1932,1.1997,1.2071,1.2176,1.2282,1.239,1.2499,1.2608,1.2717,0.9692,4.8252,4.7668,4.6694,4.5171,4.297,4.0733,3.8377,3.6021,3.3651,3.128,2.8908,2.6536,2.4163,2.1791
10.0,10.0,10.0,10.0,10.0,10.0,10.0,10.0,10.0,10.0,10.0,10.0,10.0,10.0,10.0,10.0,10.0,2.1537,2.6278,3.1019,3.5756,4.0494,4.5231,4.9968,5.4705,5.9442
1.7996,1.8066,1.8077,1.8006,1.7924,1.781,1.7695,1.7577,1.7458,1.7339,1.559,0.9468,5.6196,5.6832,5.7893,5.9553,6.195,6.4387,6.6954,6.9521,7.2104,7.4687,7.7271,7.9856,8.244,8.5025
0.8518,0.8472,0.8465,0.8511,0.8564,0.8639,0.8713,0.879,0.8868,0.8945,0.9022,0.9012,0.8938,1.6795,3.3127,3.2047,3.0486,2.8899,2.7227,2.5556,2.3874,2.2192,2.0509,1.8826,1.7143,1.546
1.4229,1.4284,1.4293,1.4237,1.4172,1.4082,1.3991,1.3897,1.3804,1.371,1.3616,1.3629,1.3719,1.4221,1.2301,2.0766,2.9041,3.7301,4.5512,5.3724,5.701,5.9052,6.1096,6.3139,6.5183,6.7227
3.971,3.9497,3.9465,3.968,3.9927,3.7849,3.2714,2.758,2.2445,1.8117,10.0,10.0,10.0,10.0,10.0,10.0,10.0,10.0,10.0,10.0,10.0,10.0,9.5616,8.7769,7.9922,7.2075
1.6788,1.6698,1.6684,1.6775,1.688,1.7026,1.7173,1.7326,1.7478,1.763,1.7783,1.7761,1.7616,1.68,0.8209,1.3858,1.938,2.4892,3.0372,3.5851,4.1326,4.3739,4.0423,3.7105,3.3788,3.047
1.2171,1.2219,1.2226,1.2178,1.2123,1.2045,1.1968,1.1888,1.1807,1.1727,1.1647,1.1658,0.648,3.8437,3.9155,4.0277,4.1898,4.3547,4.5282,4.7019,4.8765,5.0512,5.226,5.4008,5.5756,5.7504
0.9334,0.9283,0.9276,0.9326,0.9385,0.9466,0.9548,0.9633,0.9717,0.9802,0.9887,0.9875,0.4377,3.7058,3.6301,3.5117,3.3406,3.1667,2.9836,2.8004,2.6161,2.4318,2.2474,2.063,1.8785,1.6941
3.0601,3.0721,3.0739,3.0618,3.048,3.0285,3.009,2.9889,2.9687,2.9485,2.9283,2.9311,2.9504,3.0586,3.2391,3.5213,3.9289,4.3434,4.7798,5.2163,5.6555,6.0948,6.5342,6.9737,7.4132,7.8528
3.368,3.3811,3.3831,3.3699,3.3546,3.3332,3.3118,2.8699,2.3356,1.8014,10.0,10.0,10.0,10.0,10.0,10.0,10.0,10.0,10.0,10.0,10.0,10.0,10.0,10.0,10.0,10.0
0.9505,0.9454,0.9446,0.9497,0.9557,0.964,0.9723,0.9809,0.9895,0.9982,1.0068,1.0056,0.9973,0.4624,1.5446,2.6074,3.4018,3.2247,3.0382,2.8517,2.664,2.4763,2.2886,2.1008,1.9129,1.7251
1.2035,1.2082,1.2089,1.2042,1.1987,1.1911,1.1834,1.1755,1.1675,1.1596,1.1516,1.1528,1.1604,0.8116,2.7109,3.9827,4.143,4.306,4.4776,4.6493,4.822,4.9948,5.1676,5.3405,5.5133,5.6862
1.578,1.5695,1.5682,1.5768,1.5866,1.6004,1.6142,1.6285,1.6428,1.6572,1.4074,0.8139,6.342,6.2653,6.1372,5.9371,5.6479,5.3538,5.0442,4.7345,4.4229,4.1113,3.7996,3.4877,3.1759,2.8641
4.7915,4.7658,4.7619,4.7879,4.8177,4.8596,4.9016,4.945,4.9884,5.032,5.0756,5.0694,5.0278,4.7949,4.406,1.2158,1.7003,2.184,2.6647,3.1455,3.6259,4.1063,4.5867,5.067,5.5474,6.0277
1.4611,1.4668,1.4677,1.4619,1.4553,1.446,1.4367,1.4271,1.4175,1.4078,1.3982,1.133,4.5626,4.6143,4.7004,4.8352,5.0298,5.2277,5.4361,5.6445,5.8542,6.0639,6.2737,6.4836,6.6935,6.9033
0.8475,0.8429,0.8422,0.8468,0.8521,0.8595,0.8669,0.8746,0.8823,0.89,0.8977,0.8966,0.8892,3.3648,3.296,3.1885,3.0332,2.8753,2.709,2.5427,2.3753,2.208,2.0405,1.8731,1.7056,1.5382
1.7228,1.7296,1.7306,1.7238,1.716,1.705,1.6941,1.6827,1.6714,1.66,1.6486,1.6502,1.6611,1.722,1.0798,1.6197,2.2652,2.9095,3.55,4.1904,4.8304,5.4704,6.1103,6.7502,7.3902,8.0301
10.0,10.0,10.0,10.0,10.0,10.0,10.0,10.0,10.0,10.0,10.0,10.0,10.0,10.0,10.0,10.0,10.0,10.0,10.0,10.0,10.0,10.0,10.0,10.0,10.0,10.0
1.2465,1.2398,1.2388,1.2456,1.2533,1.2642,1.2752,1.2865,1.2977,1.3091,1.3204,1.3188,1.308,1.2474,0.9629,1.6255,2.2733,2.9199,3.5627,3.74,3.4939,3.2477,3.0014,2.7551,2.5088,2.2625
1.1652,1.1697,1.1704,1.1658,1.1606,1.1531,1.1457,1.1381,1.1304,1.1227,1.115,1.1161,1.1234,3.6797,3.7485,3.8559,4.0111,4.1689,4.3351,4.5013,4.6686,4.8358,5.0031,5.1705,5.3378,5.5052
1.0649,1.0592,1.0583,1.0641,1.0707,1.08,1.0893,1.099,1.1086,1.1183,1.128,1.1266,4.2798,4.228,4.1416,4.0065,3.8114,3.6129,3.404,3.195,2.9847,2.7744,2.5641,2.3536,2.1432,1.9328
6.7416,6.7679,6.7719,6.7454,6.7148,6.6719,6.629,6.5846,6.5402,6.4957,6.4511,6.4574,6.5,6.7382,7.1359,7.7575,8.6555,9.5686,10.0,10.0,3.6213,4.1011,4.5808,5.0606,5.5403,6.02
2.1557,2.1641,2.1654,2.1569,2.1471,2.1334,2.1197,2.1055,2.0913,2.0046,1.4101,6.718,6.7316,6.8077,6.9349,7.1337,7.4208,7.7128,8.0202,8.3277,8.6371,8.9465,9.2561,9.5657,9.8753,10.0
0.8731,0.8684,0.8677,0.8724,0.8779,0.8855,0.8931,0.901,0.909,0.9169,0.9248,0.9237,0.9161,0.8233,2.7498,3.2849,3.1249,2.9622,2.7909,2.6195,2.4471,2.2747,2.1022,1.9297,1.7572,1.5847
1.3091,1.3142,1.315,1.3099,1.3039,1.2956,1.2873,1.2786,1.27,1.2614,1.2527,1.2539,1.2622,1.3085,1.531,2.5846,3.6146,4.6427,4.8706,5.0574,5.2453,5.4332,5.6212,5.8092,5.9972,6.1853
2.4727,2.4594,2.4574,2.4708,2.4862,2.5078,2.5295,2.5519,2.3296,1.7967,1.2638,9.9592,9.9378,9.8176,9.6169,9.3032,8.85,8.3893,7.9041,7.4188,6.9306,6.4423,5.9538,5.4652,4.9766,4.488
2.1997,2.1879,2.1861,2.198,2.2118,2.231,2.2502,2.2702,2.2901,2.3101,2.3301,2.3273,2.3082,2.2013,0.767,1.2947,1.8107,2.3257,2.8377,3.3496,3.8612,4.3728,4.8843,4.8619,4.4273,3.9926
1.2799,1.2849,1.2856,1.2806,1.2748,1.2667,1.2585,1.2501,1.2417,1.2332,1.2247,1.2259,3.9967,4.042,4.1175,4.2355,4.406,4.5793,4.7619,4.9444,5.1281,5.3118,5.4956,5.6795,5.8633,6.0471
0.8844,0.8797,0.879,0.8837,0.8893,0.897,0.9047,0.9128,0.9208,0.9288,0.9368,0.9357,0.6177,3.5116,3.4398,3.3276,3.1655,3.0007,2.8271,2.6536,2.4789,2.3043,2.1296,1.9548,1.78,1.6053
2.322,2.3311,2.3325,2.3233,2.3128,2.298,2.2833,2.268,2.2527,2.2373,2.222,2.2242,2.2388,2.3209,2.4578,2.6719,1.9788,2.4792,3.025,3.5707,4.116,4.6614,5.2067,5.752,6.2973,6.8425
5.3536,5.3745,5.3204,4.8074,4.2944,3.7814,3.2684,10.0,10.0,10.0,10.0,10.0,10.0,10.0,10.0,10.0,10.0,10.0,10.0,10.0,10.0,10.0,10.0,10.0,10.0,10.0
1.0293,1.0237,1.0229,1.0285,1.0349,1.0439,1.0529,1.0622,1.0716,1.0809,1.0903,1.089,1.08,0.4186,1.2348,2.0846,2.9153,3.4921,3.2901,3.0881,2.8849,2.6816,2.4783,2.2749,2.0715,1.8681
1.17,1.1746,1.1753,1.1707,1.1654,1.1579,1.1505,1.1428,1.1351,1.1273,1.1196,1.1207,1.1281,1.6242,3.764,3.8719,4.0277,4.1862,4.3531,4.52,4.6879,4.8558,5.0239,5.1919,5.3599,5.528
1.3114,1.3044,1.3033,1.3104,1.3186,1.3301,1.3416,1.3534,1.3653,1.3772,1.3892,0.8966,5.2707,5.207,5.1005,4.9342,4.6938,4.4494,4.1921,3.9347,3.6758,3.4168,3.1577,2.8986,2.6394,2.3803
10.0,10.0,10.0,10.0,10.0,10.0,10.0,10.0,10.0,10.0,10.0,10.0,10.0,10.0,10.0,10.0,1.6731,2.149,2.622,3.0951,3.5678,4.0405,4.5132,4.9858,5.4585,5.9311
1.6409,1.6473,1.6483,1.6418,1.6344,1.6239,1.6135,1.6027,1.5919,1.5811,1.5702,0.9707,5.1241,5.1821,5.2789,5.4302,5.6487,5.871,6.105,6.3391,6.5746,6.8101,7.0458,7.2814,7.5171,7.7528
0.8438,0.8393,0.8386,0.8432,0.8484,0.8558,0.8632,0.8708,0.8785,0.8861,0.8938,0.8927,0.8854,3.3502,3.2818,3.1747,3.0201,2.8629,2.6973,2.5317,2.3651,2.1984,2.0317,1.865,1.6983,1.5315
1.513,1.5189,1.5198,1.5139,1.507,1.4974,1.4878,1.4778,1.4678,1.4578,1.4478,1.4492,1.4588,1.5123,1.1022,1.8607,2.6021,3.3423,4.078,4.8137,5.5489,6.2794,6.4967,6.714,6.9313,7.1486
6.2471,5.7422,5.2372,4.7322,4.2272,3.7222,3.2173,2.8116,10.0,10.0,10.0,10.0,10.0,10.0,10.0,10.0,10.0,10.0,10.0,10.0,10.0,10.0,10.0,10.0,10.0,10.0
1.4715,1.4635,1.4624,1.4703,1.4795,1.4924,1.5053,1.5186,1.5319,1.5453,1.5587,1.5568,1.544,1.4725,0.8635,1.4578,2.0387,2.6185,3.195,3.7714,4.1243,3.8338,3.543,3.2523,2.9615,2.6707
1.188,1.1926,1.1933,1.1886,1.1832,1.1757,1.1681,1.1603,1.1525,1.1446,1.1368,1.1379,0.8549,3.7517,3.8218,3.9313,4.0895,4.2504,4.4199,4.5893,4.7599,4.9304,5.101,5.2716,5.4422,5.6128
0.9725,0.9672,0.9665,0.9717,0.9778,0.9863,0.9948,1.0036,1.0124,1.0213,1.0301,1.0289,0.4428,3.8611,3.7822,3.6588,3.4806,3.2994,3.1086,2.9177,2.7257,2.5337,2.3415,2.1494,1.9572,1.765
3.8392,3.8542,3.8564,3.8413,3.8239,3.7995,3.7751,3.7498,3.7245,3.6991,3.6738,3.6773,3.7016,3.8372,4.0637,4.4177,4.9291,5.4491,5.9967,6.5443,7.0953,7.6463,8.1977,8.749,9.3005,9.8519
2.7521,2.7629,2.7645,2.7537,2.7412,2.7237,2.7062,2.688,2.4123,1.8604,8.5742,8.5767,8.5941,8.6913,8.8537,9.1075,9.4741,9.8468,10.0,10.0,10.0,10.0,10.0,10.0,10.0,10.0
0.9127,0.9078,0.9071,0.912,0.9177,0.9257,0.9337,0.9419,0.9502,0.9585,0.9668,0.9656,0.9577,0.5515,1.842,3.1096,3.2667,3.0966,2.9175,2.7384,2.5582,2.378,2.1976,2.0173,1.8369,1.6566
1.2329,1.2377,1.2384,1.2336,1.228,1.2201,1.2123,1.2042,1.1961,1.1879,1.1798,1.1809,1.1887,0.7,2.0791,3.5098,4.2442,4.4111,4.587,4.7628,4.9398,5.1167,5.2938,5.4709,5.6479,5.825
1.8181,1.8084,1.8069,1.8167,1.8281,1.844,1.8599,1.8764,1.8929,1.9039,1.3392,0.8437,7.3072,7.2188,7.0713,6.8406,6.5074,6.1686,5.8118,5.455,5.096,4.737,4.3778,4.0185,3.6593,3.3
3.2803,3.2626,3.26,3.2777,3.2982,3.3269,3.3556,3.3853,3.4151,3.4449,3.4747,3.4705,3.442,3.2826,3.0163,1.236,1.7285,2.2201,2.7089,3.1976,3.6859,4.1743,4.6626,5.1509,5.6392,5.9538
1.3763,1.3816,1.3825,1.377,1.3708,1.3621,1.3533,1.3442,1.3352,1.3261,1.317,1.2729,4.2977,4.3463,4.4275,4.5544,4.7378,4.9242,5.1205,5.3168,5.5143,5.7118,5.9095,6.1071,6.3048,6.5025
0.8551,0.8505,0.8498,0.8545,0.8598,0.8673,0.8748,0.8825,0.8903,0.898,0.9058,0.9047,0.8973,3.3953,3.3259,3.2174,3.0607,2.9013,2.7335,2.5657,2.3968,2.228,2.059,1.8901,1.7211,1.5521
1.8979,1.9053,1.9064,1.899,1.8904,1.8783,1.8662,1.8537,1.8412,1.8287,1.8161,1.8179,1.8299,1.8969,2.0089,1.5083,2.1093,2.7093,3.3057,3.9021,4.4981,5.094,5.6899,6.2858,6.8817,7.4776
10.0,10.0,10.0,10.0,10.0,10.0,10.0,10.0,10.0,10.0,10.0,10.0,10.0,10.0,10.0,10.0,10.0,10.0,10.0,10.0,10.0,10.0,10.0,10.0,10.0,10.0
1.1454,1.1393,1.1383,1.1445,1.1517,1.1617,1.1717,1.1821,1.1925,1.2029,1.2133,1.2118,1.2019,1.1462,1.0441,1.7625,2.4649,3.166,3.6614,3.4366,3.2105,2.9843,2.758,2.5317,2.3053,2.079
1.1589,1.1634,1.1641,1.1596,1.1543,1.1469,1.1396,1.1319,1.1243,1.1166,1.109,1.1101,1.1174,3.6599,3.7283,3.8352,3.9895,4.1465,4.3118,4.4771,4.6434,4.8098,4.9762,5.1426,5.3091,5.4756
1.1394,1.1333,1.1323,1.1385,1.1456,1.1556,1.1655,1.1759,1.1862,1.1966,1.2069,1.0189,4.5792,4.5238,4.4314,4.2868,4.078,3.8657,3.6421,3.4185,3.1935,2.9685,2.7434,2.5183,2.2932,2.068
10.0,10.0,10.0,10.0,10.0,10.0,10.0,10.0,10.0,10.0,10.0,10.0,10.0,10.0,10.0,10.0,10.0,10.0,2.6279,3.1021,3.5758,4.0496,4.5233,4.997,5.4708,5.9445
1.9116,1.9191,1.9202,1.9127,1.904,1.8919,1.8797,1.8671,1.8546,1.8419,1.4915,5.9575,5.9695,6.0371,6.1499,6.3261,6.5808,6.8397,7.1124,7.385,7.6594,7.9338,8.2083,8.4829,8.7574,9.032
0.8558,0.8512,0.8505,0.8551,0.8604,0.8679,0.8754,0.8832,0.8909,0.8987,0.9065,0.9054,0.898,1.1966,3.3283,3.2197,3.0629,2.9034,2.7355,2.5676,2.3986,2.2296,2.0605,1.8914,1.7223,1.5532
1.3708,1.3762,1.377,1.3716,1.3654,1.3567,1.3479,1.3389,1.3299,1.3208,1.3118,1.313,1.3217,1.3701,1.3238,2.2347,3.1252,4.0141,4.8977,5.2957,5.4925,5.6892,5.8861,6.0829,6.2798,6.4767
3.2102,3.1929,3.1903,3.2077,3.2277,3.2558,3.2839,2.7842,2.2658,1.7475,10.0,10.0,10.0,10.0,10.0,10.0,10.0,10.0,10.0,9.6316,8.9977,8.3638,7.7296,7.0953,6.4609,5.8266
1.8373,1.8274,1.8259,1.8359,1.8473,1.8634,1.8795,1.8961,1.9128,1.9295,1.9462,1.9438,1.9279,1.8386,0.7958,1.3434,1.8788,2.4131,2.9444,3.4756,4.0064,4.5372,4.4239,4.0609,3.6978,3.3347
1.2348,1.2396,1.2403,1.2354,1.2299,1.222,1.2141,1.206,1.1979,1.1897,1.1816,1.1827,0.6574,3.8994,3.9723,4.0861,4.2506,4.4179,4.594,4.7701,4.9473,5.1245,5.3019,5.4792,5.6565,5.8339
0.91,0.9051,0.9044,0.9093,0.915,0.9229,0.9309,0.9391,0.9474,0.9556,0.9639,0.9628,0.4903,3.613,3.5392,3.4238,3.257,3.0874,2.9089,2.7303,2.5506,2.3709,2.1911,2.0113,1.8315,1.6517
2.7169,2.7276,2.7291,2.7185,2.7061,2.6889,2.6716,2.6537,2.6358,2.6178,2.5999,2.6024,2.6196,2.7156,2.8758,3.1264,3.4883,3.8563,4.2438,3.4584,3.9362,4.4577,4.9792,5.5007,6.0221,6.5436
3.9065,3.9218,3.924,3.9087,3.891,3.8601,3.3365,2.8128,2.2892,10.0,10.0,10.0,10.0,10.0,10.0,10.0,10.0,10.0,10.0,10.0,10.0,10.0,10.0,10.0,10.0,10.0
0.9749,0.9696,0.9688,0.9741,0.9802,0.9887,0.9973,1.0061,1.0149,1.0238,1.0326,1.0314,1.0229,0.4202,1.4035,2.3693,3.3135,3.3075,3.1162,2.9249,2.7324,2.5399,2.3473,2.1547,1.962,1.7694
1.1854,1.19,1.1907,1.1861,1.1807,1.1732,1.1656,1.1578,1.15,1.1422,1.1343,1.1354,1.1429,0.999,3.3367,3.9228,4.0807,4.2413,4.4104,4.5795,4.7496,4.9197,5.09,5.2602,5.4305,5.6007
1.4582,1.4503,1.4492,1.457,1.4661,1.4789,1.4917,1.5049,1.5181,1.5313,1.4526,0.8401,5.8604,5.7896,5.6712,5.4862,5.219,4.9473,4.6612,4.375,4.0871,3.7991,3.511,3.2229,2.9348,2.6466
6.6993,6.6632,6.6579,6.6941,6.7359,6.7945,6.8531,6.9138,6.9745,7.0354,7.0964,7.0878,7.0296,6.7039,6.1602,5.3104,1.6828,2.1614,2.6372,3.113,3.5884,4.0639,4.5393,5.0147,5.4901,5.9655
1.5186,1.5245,1.5254,1.5195,1.5126,1.5029,1.4933,1.4832,1.4732,1.4632,1.4532,1.0606,4.7422,4.7958,4.8854,5.0255,5.2277,5.4334,5.65,5.8666,6.0846,6.3026,6.5206,6.7387,6.9569,7.175
0.8426,0.8381,0.8374,0.842,0.8472,0.8546,0.862,0.8696,0.8772,0.8849,0.8925,0.8915,0.8841,3.3455,3.2771,3.1702,3.0158,2.8588,2.6934,2.5281,2.3617,2.1953,2.0288,1.8624,1.6959,1.5293
1.6296,1.636,1.6369,1.6305,1.6231,1.6127,1.6024,1.5916,1.5809,1.5701,1.5594,1.5609,1.5712,1.6288,1.0214,1.6971,2.3734,3.0484,3.7195,4.3906,5.0611,5.7317,6.4022,7.0727,7.4653,7.6993
10.0,10.0,10.0,10.0,10.0,10.0,10.0,10.0,10.0,10.0,10.0,10.0,10.0,10.0,10.0,10.0,10.0,10.0,10.0,10.0,10.0,10.0,10.0,10.0,10.0,10.0
1.3186,1.3115,1.3104,1.3176,1.3258,1.3373,1.3489,1.3608,1.3727,1.3847,1.3967,1.395,1.3836,1.3195,0.9187,1.551,2.169,2.786,3.3992,3.9561,3.6958,3.4354,3.1749,2.9144,2.6538,2.3932
1.1692,1.1738,1.1745,1.1699,1.1646,1.1571,1.1497,1.142,1.1343,1.1266,1.1188,1.1199,1.1273,3.6924,3.7614,3.8692,4.0249,4.1833,4.35,4.5168,4.6846,4.8525,5.0204,5.1883,5.3562,5.5241
1.0236,1.0181,1.0173,1.0228,1.0292,1.0382,1.0471,1.0564,1.0657,1.075,1.0843,1.083,0.4661,4.0642,3.9811,3.8513,3.6637,3.473,3.2721,3.0712,2.8691,2.667,2.4647,2.2625,2.0602,1.8579
5.2114,5.2318,5.2348,5.2143,5.1907,5.1576,5.1244,5.0901,5.0558,5.0213,4.9869,4.9917,5.0246,5.2088,5.5162,5.9967,6.6909,7.3968,8.1401,8.8834,9.6314,10.0,10.0,5.1019,5.5855,6.0692
2.3413,2.3505,2.3518,2.3426,2.332,2.3171,2.3022,2.2868,2.2714,1.9397,1.3644,7.2965,7.3112,7.394,7.5321,7.748,8.0598,8.377,8.7109,9.0449,9.3809,9.717,10.0,10.0,10.0,10.0
0.8845,0.8797,0.879,0.8838,0.8893,0.8971,0.9048,0.9128,0.9208,0.9289,0.9369,0.9358,0.9281,0.6903,2.3057,3.3278,3.1657,3.0009,2.8273,2.6538,2.4791,2.3045,2.1297,1.9549,1.7802,1.6054
1.2742,1.2792,1.2799,1.2749,1.2692,1.261,1.2529,1.2445,1.2362,1.2277,1.2193,1.2205,1.2285,0.7235,1.6961,2.8633,4.0044,4.559,4.7408,4.9225,5.1054,5.2883,5.4713,5.6543,5.8373,6.0203
2.1659,2.1543,2.1525,2.1643,2.1778,2.1967,2.2157,2.2353,2.2549,1.8295,1.2869,8.7237,8.7049,8.5996,8.4239,8.1491,7.7521,7.3485,6.9235,6.4985,6.0708,5.6431,5.2152,4.7872,4.3592,3.9312
2.5072,2.4937,2.4917,2.5053,2.5209,2.5429,2.5648,2.5875,2.6102,2.633,2.6558,2.6526,2.6308,2.509,0.8163,1.2671,1.772,2.276,2.777,3.2781,3.7787,4.2793,4.78,5.2806,5.0461,4.5507
1.3104,1.3155,1.3163,1.3111,1.3052,1.2969,1.2885,1.2799,1.2713,1.2626,1.2539,1.2552,4.092,4.1383,4.2156,4.3364,4.511,4.6885,4.8754,5.0623,5.2504,5.4384,5.6266,5.8148,6.003,6.1913
0.8699,0.8653,0.8646,0.8693,0.8747,0.8823,0.8899,0.8978,0.9057,0.9136,0.9215,0.9204,0.7366,3.4541,3.3835,3.2731,3.1137,2.9516,2.7809,2.6101,2.4384,2.2666,2.0947,1.9228,1.7509,1.579
2.132,2.1404,2.1416,2.1332,2.1236,2.11,2.0965,2.0824,2.0684,2.0543,2.0402,2.0422,2.0556,2.131,2.2567,1.5329,1.988,2.5534,3.1155,3.6776,4.2393,4.801,5.3626,5.9242,6.4858,7.0475
6.2729,5.7658,5.2587,4.7517,4.2446,10.0,10.0,10.0,10.0,10.0,10.0,10.0,10.0,10.0,10.0,10.0,10.0,10.0,10.0,10.0,10.0,10.0,10.0,10.0,10.0,10.0
1.0671,1.0614,1.0605,1.0663,1.073,1.0823,1.0916,1.1013,1.111,1.1207,1.1304,1.129,1.1197,0.4341,1.1504,1.942,2.7159,3.4884,3.4112,3.2017,2.991,2.7803,2.5695,2.3586,2.1477,1.9369
1.1619,1.1664,1.1671,1.1625,1.1573,1.1499,1.1425,1.1348,1.1272,1.1195,1.1118,1.1129,1.1202,2.6549,3.7378,3.845,3.9997,4.1571,4.3228,4.4885,4.6553,4.8221,4.9889,5.1558,5.3227,5.4896
1.2359,1.2292,1.2282,1.2349,1.2426,1.2534,1.2642,1.2754,1.2866,1.2979,1.3091,0.9366,4.967,4.9069,4.8066,4.6498,4.4233,4.193,3.9505,3.708,3.464,3.2199,2.9758,2.7316,2.4873,2.2431
10.0,10.0,10.0,10.0,10.0,10.0,10.0,10.0,10.0,10.0,10.0,10.0,10.0,10.0,10.0,10.0,10.0,2.1439,2.6158,3.0877,3.5593,4.0309,4.5024,4.974,5.4455,5.917
1.7292,1.736,1.737,1.7302,1.7223,1.7113,1.7003,1.6889,1.6776,1.6661,1.5967,0.9234,5.3998,5.4609,5.5629,5.7224,5.9527,6.1869,6.4336,6.6802,6.9284,7.1766,7.4249,7.6733,7.9216,8.17
0.8457,0.8411,0.8404,0.845,0.8503,0.8577,0.8651,0.8727,0.8804,0.8881,0.8958,0.8947,0.8874,2.2253,3.289,3.1817,3.0267,2.8692,2.7032,2.5373,2.3703,2.2033,2.0362,1.8691,1.702,1.5349
1.4508,1.4565,1.4574,1.4517,1.4451,1.4359,1.4266,1.4171,1.4075,1.3979,1.3883,1.3897,1.3988,1.4501,1.1738,1.9816,2.7712,3.5594,4.343,5.1265,5.8131,6.0214,6.2297,6.4381,6.6465,6.8549
4.6309,4.606,4.6023,4.6274,4.2562,3.7478,3.2394,2.731,2.2225,10.0,10.0,10.0,10.0,10.0,10.0,10.0,10.0,10.0,10.0,10.0,10.0,10.0,10.0,10.0,9.3204,8.4053
1.5878,1.5792,1.578,1.5866,1.5965,1.6103,1.6243,1.6386,1.653,1.6675,1.6819,1.6799,1.6661,1.5889,0.8338,1.4076,1.9686,2.5285,3.0851,3.6417,4.1978,4.1368,3.8231,3.5094,3.1956,2.8819
1.2018,1.2065,1.2072,1.2025,1.1971,1.1894,1.1818,1.1739,1.1659,1.158,1.1501,1.1512,0.6955,3.7955,3.8664,3.9772,4.1373,4.3001,4.4715,4.6429,4.8154,4.9879,5.1605,5.3331,5.5058,5.6784
0.9448,0.9398,0.939,0.9441,0.95,0.9583,0.9665,0.9751,0.9837,0.9923,1.0009,0.9996,0.4302,3.7515,3.6748,3.5549,3.3817,3.2057,3.0203,2.8349,2.6483,2.4617,2.275,2.0883,1.9016,1.7149
3.3065,3.3194,3.3213,3.3083,3.2933,3.2723,3.2513,3.2295,3.2077,3.1859,3.164,3.1671,3.188,3.3048,3.4998,3.8047,4.2452,4.693,5.1646,5.6363,6.1108,6.5854,7.0602,7.5351,8.01,8.4849
3.0935,3.1056,3.1074,3.0952,3.0812,3.0615,3.0418,2.8962,2.357,1.8178,9.6377,9.6406,9.6601,9.7694,9.9519,10.0,10.0,10.0,10.0,10.0,10.0,10.0,10.0,10.0,10.0,10.0
0.9329,0.9279,0.9271,0.9322,0.938,0.9461,0.9543,0.9628,0.9712,0.9797,0.9882,0.987,0.9789,0.4913,1.641,2.7703,3.3389,3.1651,2.982,2.7989,2.6147,2.4305,2.2462,2.0619,1.8776,1.6932
1.211,1.2157,1.2164,1.2117,1.2062,1.1985,1.1908,1.1828,1.1748,1.1668,1.1588,1.1599,1.1676,0.7252,2.4221,4.0074,4.1687,4.3328,4.5055,4.6782,4.852,5.0258,5.1997,5.3737,5.5476,5.7215
1.657,1.6481,1.6467,1.6557,1.666,1.6805,1.695,1.7101,1.7251,1.7401,1.3766,0.7961,6.6595,6.579,6.4445,6.2343,5.9306,5.6219,5.2967,4.9715,4.6443,4.3171,3.9898,3.6624,3.3349,3.0075
4.0638,4.0419,4.0387,4.0607,4.086,4.1215,4.1571,4.1939,4.2308,4.2677,4.3047,4.2995,4.2642,4.0666,3.7368,1.22,1.7062,2.1915,2.6739,3.1564,3.6384,4.1205,4.6025,5.0845,5.5665,6.0485
1.4237,1.4292,1.43,1.4244,1.418,1.4089,1.3999,1.3905,1.3811,1.3717,1.3623,1.1794,4.4457,4.496,4.58,4.7112,4.9009,5.0937,5.2968,5.4998,5.7042,5.9085,6.1129,6.3174,6.5219,6.7264
0.8481,0.8436,0.8429,0.8475,0.8528,0.8602,0.8676,0.8753,0.883,0.8907,0.8984,0.8973,0.8899,3.3674,3.2986,3.191,3.0356,2.8775,2.7111,2.5447,2.3772,2.2097,2.0421,1.8746,1.707,1.5394
1.7811,1.7881,1.7891,1.7821,1.774,1.7627,1.7514,1.7396,1.7279,1.7161,1.7044,1.706,1.7173,1.7802,1.8853,1.5713,2.1974,2.8224,3.4437,4.065,4.6859,5.3067,5.9275,6.5483,7.169,7.7898
10.0,10.0,10.0,10.0,10.0,10.0,10.0,10.0,10.0,10.0,10.0,10.0,10.0,10.0,10.0,10.0,10.0,10.0,10.0,10.0,10.0,10.0,10.0,10.0,10.0,10.0
1.203,1.1965,1.1955,1.2021,1.2096,1.2201,1.2306,1.2415,1.2524,1.2633,1.2743,1.2727,1.2623,1.2038,0.99,1.6712,2.3371,3.0019,3.6627,3.6093,3.3718,3.1343,2.8966,2.6589,2.4212,2.1834
1.1601,1.1646,1.1653,1.1607,1.1554,1.1481,1.1407,1.133,1.1254,1.1177,1.1101,1.1112,1.1185,3.6635,3.7319,3.8389,3.9934,4.1506,4.316,4.4815,4.648,4.8145,4.9811,5.1477,5.3143,5.4809
1.0896,1.0838,1.0829,1.0888,1.0956,1.1051,1.1147,1.1245,1.1344,1.1443,1.1542,1.0804,4.3793,4.3264,4.2379,4.0997,3.9,3.697,3.4831,3.2693,3.0541,2.839,2.6237,2.4084,2.1931,1.9777
8.2157,8.2478,8.2526,8.2203,8.1831,8.1308,8.0786,8.0244,7.9703,7.9161,7.8617,7.8694,7.9212,8.2116,8.6962,9.4537,10.0,10.0,10.0,3.1194,3.5958,4.0723,4.5486,5.025,5.5014,5.9777
2.0511,2.0592,2.0604,2.0523,2.043,2.03,2.0169,2.0034,1.9899,1.9763,1.437,6.3922,6.4052,6.4776,6.5986,6.7878,7.061,7.3388,7.6314,7.9239,8.2183,8.5127,8.8073,9.1019,9.3965,9.6911
0.8646,0.86,0.8593,0.8639,0.8693,0.8769,0.8845,0.8923,0.9001,0.908,0.9158,0.9147,0.9072,0.9326,3.115,3.253,3.0945,2.9334,2.7638,2.5941,2.4234,2.2526,2.0818,1.911,1.7401,1.5693
1.3294,1.3345,1.3353,1.3301,1.3241,1.3156,1.3072,1.2984,1.2897,1.2809,1.2721,1.2733,1.2817,1.3287,1.4418,2.434,3.4039,4.3721,4.9459,5.1355,5.3263,5.5171,5.708,5.899,6.0899,6.2808
2.7051,2.6906,2.6884,2.703,2.7199,2.7436,2.7673,2.7918,2.3004,1.7742,1.2588,10.0,10.0,10.0,10.0,10.0,9.682,9.178,8.6471,8.1163,7.5821,7.0479,6.5135,5.979,5.4444,4.9099
2.0419,2.0309,2.0293,2.0404,2.0531,2.071,2.0888,2.1073,2.1258,2.1444,2.163,2.1603,2.1426,2.0433,0.7763,1.3105,1.8327,2.354,2.8721,3.3903,3.9081,4.4259,4.9166,4.5132,4.1097,3.7062
1.26,1.265,1.2657,1.2607,1.255,1.247,1.239,1.2307,1.2224,1.2141,1.2058,1.2069,0.6709,3.9793,4.0536,4.1698,4.3377,4.5083,4.688,4.8678,5.0486,5.2295,5.4104,5.5914,5.7724,5.9534
0.8925,0.8877,0.887,0.8918,0.8974,0.9052,0.913,0.9211,0.9292,0.9373,0.9454,0.9443,0.561,3.5436,3.4711,3.3579,3.1944,3.0281,2.8529,2.6778,2.5015,2.3253,2.149,1.9726,1.7963,1.6199
2.4544,2.464,2.4655,2.4558,2.4447,2.4291,2.4135,2.3973,2.3811,2.3649,2.3487,2.351,2.3665,2.4532,2.598,2.8243,3.1512,2.4327,2.9683,3.5038,4.0389,4.574,5.1091,5.6442,6.1793,6.7143
4.6831,4.7014,4.7041,4.6857,4.3214,3.8052,3.289,2.7728,10.0,10.0,10.0,10.0,10.0,10.0,10.0,10.0,10.0,10.0,10.0,10.0,10.0,10.0,10.0,10.0,10.0,10.0
1.0063,1.0009,1.0001,1.0055,1.0118,1.0206,1.0294,1.0385,1.0477,1.0568,1.0659,1.0647,1.0559,0.4093,1.2923,2.1815,3.0509,3.4142,3.2167,3.0192,2.8205,2.6218,2.423,2.2242,2.0253,1.8265
1.1742,1.1788,1.1795,1.1748,1.1695,1.1621,1.1546,1.1469,1.1391,1.1314,1.1236,1.1247,1.1321,1.3092,3.7774,3.8857,4.0421,4.2011,4.3686,4.5361,4.7046,4.8732,5.0418,5.2104,5.3791,5.5477
1.362,1.3547,1.3536,1.361,1.3694,1.3814,1.3933,1.4056,1.418,1.4303,1.4427,0.8729,5.4739,5.4077,5.2972,5.1244,4.8748,4.621,4.3537,4.0864,3.8175,3.5486,3.2795,3.0103,2.7412,2.4721
10.0,10.0,10.0,10.0,10.0,10.0,10.0,10.0,10.0,10.0,10.0,10.0,10.0,10.0,10.0,8.9182,1.6747,2.151,2.6245,3.098,3.5711,4.0443,4.5174,4.9905,5.4636,5.9367
1.5901,1.5963,1.5972,1.591,1.5837,1.5736,1.5635,1.553,1.5426,1.5321,1.5216,1.002,4.9653,5.0215,5.1153,5.2619,5.4737,5.6891,5.9159,6.1427,6.3709,6.5991,6.8275,7.0558,7.2842,7.5126
0.8424,0.8379,0.8372,0.8418,0.847,0.8544,0.8617,0.8694,0.877,0.8847,0.8923,0.8913,0.8839,3.3447,3.2763,3.1695,3.0151,2.8581,2.6928,2.5275,2.3611,2.1948,2.0284,1.8619,1.6954,1.529
1.5539,1.5599,1.5609,1.5547,1.5477,1.5378,1.5279,1.5177,1.5075,1.4972,1.4869,1.4884,1.4982,1.5531,1.062,1.7927,2.5072,3.2203,3.9292,4.6381,5.3464,6.0547,6.6721,6.8952,7.1184,7.3416
6.2205,5.7177,5.2148,4.712,4.2092,3.7064,10.0,10.0,10.0,10.0,10.0,10.0,10.0,10.0,10.0,10.0,10.0,10.0,10.0,10.0,10.0,10.0,10.0,10.0,10.0,10.0
1.4078,1.4002,1.3991,1.4067,1.4155,1.4278,1.4401,1.4529,1.4657,1.4785,1.4913,1.4895,1.4772,1.4088,0.883,1.4906,2.0847,2.6776,3.267,3.8565,3.9459,3.6679,3.3898,3.1116,2.8334,2.5552
1.1798,1.1844,1.1851,1.1804,1.1751,1.1676,1.1601,1.1523,1.1445,1.1367,1.1289,1.13,0.9962,3.7257,3.7953,3.9041,4.0613,4.2211,4.3893,4.5576,4.7269,4.8963,5.0657,5.2351,5.4046,5.574
0.9906,0.9853,0.9845,0.9899,0.996,1.0047,1.0134,1.0224,1.0313,1.0403,1.0493,1.0481,0.4511,3.9332,3.8528,3.7272,3.5456,3.361,3.1666,2.9722,2.7766,2.581,2.3853,2.1895,1.9938,1.798
4.2653,4.282,4.2845,4.2677,4.2484,4.2213,4.1941,4.166,4.138,4.1098,4.0816,4.0855,4.1125,4.2632,4.5148,4.9081,5.4763,6.054,6.6623,7.2708,7.883,8.4952,9.1077,9.7203,10.0,10.0
2.5777,2.5878,2.5893,2.5792,2.5675,2.5511,2.5347,2.5177,2.449,1.8888,1.3538,8.0333,8.0496,8.1407,8.2927,8.5304,8.8738,9.2229,9.5906,9.9583,10.0,10.0,10.0,10.0,10.0,10.0
0.9012,0.8964,0.8957,0.9005,0.9062,0.914,0.9219,0.9301,0.9383,0.9465,0.9547,0.9535,0.9457,0.597,1.9941,3.3663,3.2257,3.0577,2.8809,2.704,2.526,2.3481,2.17,1.992,1.8139,1.6358
1.2478,1.2526,1.2534,1.2485,1.2428,1.2349,1.2269,1.2187,1.2105,1.2023,1.194,1.1952,1.203,0.7085,1.9132,3.2297,4.2954,4.4644,4.6423,4.8203,4.9994,5.1785,5.3577,5.5369,5.7161,5.8953
1.9361,1.9257,1.9242,1.9346,1.9467,1.9636,1.9806,1.9981,2.0157,1.874,1.3182,7.7982,7.7814,7.6873,7.5301,7.2845,6.9297,6.5689,6.189,5.809,5.4267,5.0444,4.6619,4.2793,3.8967,3.5141
2.9338,2.918,2.9157,2.9316,2.9499,2.9755,3.0012,3.0278,3.0544,3.081,3.1077,3.104,3.0785,2.9359,2.6978,1.2473,1.7443,2.2404,2.7336,3.2268,3.7196,4.2124,4.7052,5.198,5.6908,5.325
1.35,1.3553,1.3561,1.3508,1.3446,1.3361,1.3275,1.3186,1.3097,1.3008,1.2919,1.2931,4.2157,4.2634,4.3431,4.4675,4.6474,4.8302,5.0228,5.2154,5.4091,5.6029,5.7967,5.9906,6.1845,6.3785
0.8606,0.856,0.8553,0.8599,0.8653,0.8728,0.8803,0.8881,0.8959,0.9038,0.9116,0.9105,0.903,3.4169,3.347,3.2379,3.0802,2.9198,2.7509,2.582,2.4121,2.2422,2.0721,1.9021,1.732,1.562
1.9808,1.9885,1.9897,1.9819,1.9729,1.9603,1.9477,1.9347,1.9216,1.9085,1.8954,1.8973,1.9098,1.9798,2.0966,1.4738,2.0611,2.6473,3.2301,3.8128,4.3952,4.9775,5.5597,6.142,6.7243,7.3065
6.2348,5.7308,10.0,10.0,10.0,10.0,10.0,10.0,10.0,10.0,10.0,10.0,10.0,10.0,10.0,10.0,10.0,10.0,10.0,10.0,10.0,10.0,10.0,10.0,10.0,10.0
1.1142,1.1083,1.1074,1.1134,1.1203,1.1301,1.1398,1.1499,1.16,1.1702,1.1803,1.1789,1.1692,0.4532,1.0823,1.8271,2.5552,3.282,3.5618,3.3431,3.1231,2.9031,2.6829,2.4628,2.2426,2.0224
1.1602,1.1647,1.1654,1.1608,1.1556,1.1482,1.1408,1.1332,1.1255,1.1179,1.1102,1.1113,1.1186,3.6639,3.7324,3.8393,3.9939,4.151,4.3165,4.482,4.6485,4.815,4.9816,5.1483,5.3149,5.4815
1.1746,1.1683,1.1674,1.1737,1.181,1.1913,1.2016,1.2122,1.2229,1.2336,1.2442,0.986,4.7208,4.6637,4.5684,4.4194,4.2041,3.9852,3.7547,3.5242,3.2923,3.0603,2.8283,2.5962,2.3641,2.132
10.0,10.0,10.0,10.0,10.0,10.0,10.0,10.0,10.0,10.0,10.0,10.0,10.0,10.0,10.0,10.0,10.0,2.1506,2.624,3.0974,3.5704,4.0435,4.5165,4.9895,5.4625,5.9355
1.8382,1.8454,1.8465,1.8392,1.8309,1.8192,1.8075,1.7954,1.7833,1.7712,1.5305,0.9671,5.7402,5.8052,5.9136,6.0831,6.328,6.577,6.8392,7.1014,7.3652,7.629,7.893,8.157,8.421,8.6851
0.8522,0.8476,0.847,0.8516,0.8569,0.8643,0.8718,0.8795,0.8872,0.895,0.9027,0.9016,0.8942,1.4537,3.3145,3.2064,3.0502,2.8914,2.7242,2.5569,2.3887,2.2204,2.052,1.8836,1.7152,1.5468
1.401,1.4065,1.4073,1.4018,1.3954,1.3865,1.3776,1.3684,1.3591,1.3499,1.3406,1.3419,1.3508,1.4003,1.2628,2.1317,2.9813,3.8292,4.6721,5.4123,5.6134,5.8144,6.0156,6.2168,6.4181,6.6193
3.6383,3.6187,3.6158,3.6355,3.6581,3.69,3.2799,2.7651,2.2504,1.7356,10.0,10.0,10.0,10.0,10.0,10.0,10.0,10.0,10.0,10.0,10.0,9.4791,8.7603,8.0414,7.3225,6.6035
1.7343,1.725,1.7236,1.733,1.7438,1.759,1.7742,1.7899,1.8056,1.8214,1.8371,1.8349,1.8199,1.7356,0.8104,1.3681,1.9133,2.4575,2.9984,3.5394,4.0799,4.5187,4.176,3.8333,3.4906,3.1479
1.2228,1.2276,1.2283,1.2235,1.218,1.2102,1.2024,1.1944,1.1863,1.1782,1.1701,1.1713,0.6511,3.8618,3.9339,4.0467,4.2095,4.3752,4.5496,4.724,4.8995,5.075,5.2506,5.4263,5.6019,5.7775
0.9237,0.9187,0.918,0.923,0.9288,0.9368,0.9449,0.9533,0.9617,0.9701,0.9785,0.9773,0.4561,3.6675,3.5925,3.4754,3.3061,3.134,2.9527,2.7714,2.589,2.4066,2.2241,2.0416,1.8591,1.6766
2.9179,2.9293,2.9311,2.9196,2.9063,2.8878,2.8692,2.85,2.8308,2.8115,2.7922,2.7949,2.8134,2.9165,3.0886,3.3577,3.7463,4.1416,4.5577,4.974,5.3928,5.8116,4.9709,5.431,5.9458,6.4607
3.5534,3.5673,3.5693,3.5554,3.5392,3.5167,3.3767,2.8467,2.3167,1.8897,10.0,10.0,10.0,10.0,10.0,10.0,10.0,10.0,10.0,10.0,10.0,10.0,10.0,10.0,10.0,10.0
0.9593,0.9542,0.9534,0.9586,0.9646,0.973,0.9814,0.9901,0.9988,1.0075,1.0162,1.015,1.0066,0.4452,1.4871,2.5104,3.4336,3.2548,3.0666,2.8783,2.6889,2.4995,2.3099,2.1204,1.9308,1.7412
1.1963,1.201,1.2017,1.197,1.1916,1.184,1.1763,1.1685,1.1606,1.1527,1.1448,1.1459,1.1534,0.874,2.9192,3.9589,4.1183,4.2803,4.4509,4.6216,4.7933,4.965,5.1368,5.3086,5.4804,5.6523
1.5299,1.5217,1.5205,1.5288,1.5383,1.5517,1.5651,1.5789,1.5928,1.6067,1.4242,0.8237,6.1489,6.0745,5.9504,5.7563,5.4759,5.1908,4.8906,4.5903,4.2882,3.9861,3.6839,3.3816,3.0792,2.7769
5.3756,5.3467,5.3424,5.3715,5.405,5.452,5.4991,5.5478,5.5965,5.6454,5.6943,5.6874,5.6407,5.3794,4.9431,1.2111,1.6937,2.1754,2.6543,3.1332,3.6117,4.0902,4.5687,5.0472,5.5257,6.0041
1.4828,1.4886,1.4894,1.4836,1.4769,1.4675,1.458,1.4482,1.4385,1.4287,1.4189,1.1045,4.6303,4.6827,4.7701,4.9069,5.1044,5.3052,5.5167,5.7282,5.941,6.1538,6.3668,6.5797,6.7927,7.0057
0.8458,0.8413,0.8406,0.8452,0.8505,0.8579,0.8653,0.8729,0.8806,0.8883,0.896,0.8949,0.8876,3.3584,3.2897,3.1824,3.0274,2.8698,2.7038,2.5378,2.3708,2.2038,2.0367,1.8695,1.7024,1.5352
1.6867,1.6933,1.6943,1.6877,1.68,1.6693,1.6586,1.6475,1.6363,1.6252,1.614,1.6156,1.6263,1.6859,1.0572,1.6491,2.3062,2.9622,3.6142,4.2663,4.9179,5.5695,6.221,6.8725,7.524,7.9693
6.2013,5.7287,10.0,10.0,10.0,10.0,10.0,10.0,10.0,10.0,10.0,10.0,10.0,10.0,10.0,10.0,10.0,10.0,10.0,10.0,10.0,10.0,10.0,10.0,10.0,10.0
1.2739,1.267,1.266,1.2729,1.2808,1.292,1.3031,1.3147,1.3262,1.3378,1.3494,1.3478,1.3367,1.2748,0.9462,1.5973,2.2338,2.8692,3.5008,3.8221,3.5705,3.319,3.0673,2.8156,2.5639,2.3121
1.1676,1.1722,1.1728,1.1683,1.163,1.1555,1.1481,1.1404,1.1327,1.125,1.1173,1.1184,1.1258,3.6874,3.7562,3.8639,4.0194,4.1776,4.3441,4.5107,4.6782,4.8458,5.0135,5.1812,5.3489,5.5166
1.0497,1.044,1.0432,1.0489,1.0554,1.0646,1.0738,1.0833,1.0928,1.1023,1.1119,1.1106,0.478,4.1677,4.0825,3.9493,3.757,3.5614,3.3554,3.1494,2.9421,2.7348,2.5275,2.32,2.1126,1.9052
6.0686,6.0923,6.0958,6.072,6.0445,6.0059,5.9673,5.9273,5.8873,5.8472,5.8071,5.8128,5.8511,6.0655,6.4235,6.9831,7.7914,8.6134,9.4789,10.0,10.0,4.1179,4.5996,5.0813,5.563,6.0447
2.2254,2.2341,2.2354,2.2266,2.2165,2.2024,2.1882,2.1736,2.1589,1.9816,1.3938,6.9352,6.9493,7.0279,7.1592,7.3644,7.6608,7.9622,8.2796,8.5971,8.9165,9.2359,9.5555,9.8751,10.0,10.0
0.8785,0.8738,0.8731,0.8778,0.8833,0.891,0.8987,0.9066,0.9146,0.9226,0.9306,0.9294,0.9218,0.7679,2.5647,3.3052,3.1442,2.9805,2.8081,2.6357,2.4623,2.2888,2.1152,1.9417,1.7681,1.5945
1.2973,1.3024,1.3032,1.2981,1.2922,1.2839,1.2757,1.2671,1.2586,1.25,1.2414,1.2426,1.2508,1.2967,1.5923,2.6879,3.7591,4.6417,4.8268,5.0118,5.198,5.3842,5.5705,5.7569,5.9432,6.1295
2.3494,2.3367,2.3348,2.3475,2.3622,2.3827,2.4033,2.4246,2.3491,1.8117,1.2744,9.4626,9.4422,9.328,9.1373,8.8393,8.4087,7.9709,7.5099,7.0488,6.5849,6.121,5.6569,5.1927,4.7284,4.2641
2.3114,2.2989,2.2971,2.3096,2.324,2.3442,2.3645,2.3854,2.4064,2.4274,2.4484,2.4454,2.4254,2.313,0.7618,1.2861,1.7986,2.3101,2.8187,3.3272,3.8354,4.3435,4.8516,5.1087,4.652,4.1952
1.2936,1.2986,1.2994,1.2943,1.2884,1.2802,1.272,1.2634,1.2549,1.2464,1.2378,1.239,4.0394,4.0852,4.1615,4.2807,4.453,4.6283,4.8128,4.9973,5.1829,5.3686,5.5544,5.7401,5.9259,6.1117
0.8804,0.8757,0.875,0.8798,0.8853,0.893,0.9007,0.9086,0.9166,0.9246,0.9326,0.9315,0.6595,3.4958,3.4243,3.3126,3.1513,2.9872,2.8144,2.6416,2.4678,2.2939,2.12,1.946,1.772,1.598
2.25,2.2588,2.2601,2.2513,2.2411,2.2268,2.2125,2.1977,2.1828,2.168,2.1531,2.1552,2.1694,2.2489,2.3816,2.5891,1.9556,2.5119,3.0648,3.6178,4.1703,4.7228,5.2753,5.8278,6.3803,6.9328
5.8809,5.8194,5.3076,4.7959,4.2841,3.7723,3.2606,10.0,10.0,10.0,10.0,10.0,10.0,10.0,10.0,10.0,10.0,10.0,10.0,10.0,10.0,10.0,10.0,10.0,10.0,10.0
1.0457,1.04,1.0392,1.0449,1.0514,1.0605,1.0697,1.0792,1.0886,1.0981,1.1076,1.1063,1.0972,0.4253,1.2038,2.0322,2.842,3.5477,3.3426,3.1373,2.9309,2.7244,2.5178,2.3112,2.1045,1.8979
1.1696,1.1741,1.1748,1.1702,1.1649,1.1575,1.1501,1.1423,1.1346,1.1269,1.1192,1.1203,1.1277,1.9111,3.7626,3.8704,4.0262,4.1846,4.3515,4.5183,4.6862,4.854,5.022,5.19,5.3579,5.5259
1.2846,1.2777,1.2767,1.2836,1.2916,1.3029,1.3141,1.3258,1.3374,1.3491,1.3608,0.9136,5.163,5.1005,4.9962,4.8333,4.5979,4.3585,4.1064,3.8543,3.6006,3.347,3.0932,2.8393,2.5855,2.3316
10.0,10.0,10.0,10.0,10.0,10.0,10.0,10.0,10.0,10.0,10.0,10.0,10.0,10.0,10.0,10.0,1.6758,2.1525,2.6263,3.1001,3.5736,4.0471,4.5205,4.9939,5.4673,5.9408
1.678,1.6845,1.6855,1.6789,1.6713,1.6606,1.6499,1.6389,1.6278,1.6168,1.6057,0.9546,5.2398,5.2991,5.3981,5.5528,5.7763,6.0036,6.2429,6.4823,6.7231,6.9639,7.2049,7.4459,7.6869,7.9279
0.8468,0.8423,0.8416,0.8462,0.8515,0.8589,0.8663,0.874,0.8816,0.8893,0.897,0.896,0.8886,3.3388,3.2936,3.1862,3.031,2.8732,2.707,2.5408,2.3736,2.2064,2.0391,1.8717,1.7044,1.5371
1.493,1.4988,1.4997,1.4938,1.487,1.4775,1.468,1.4582,1.4484,1.4385,1.4287,1.43,1.4395,1.4922,1.1317,1.9105,2.6719,3.4318,4.1873,4.9428,5.6976,6.1962,6.4106,6.625,6.8394,7.0539
5.6108,5.5807,5.2666,4.7588,4.251,3.7432,3.2354,2.7276,10.0,10.0,10.0,10.0,10.0,10.0,10.0,10.0,10.0,10.0,10.0,10.0,10.0,10.0,10.0,10.0,10.0,10.0
1.5185,1.5104,1.5091,1.5174,1.5268,1.5401,1.5534,1.5672,1.5809,1.5947,1.6085,1.6066,1.5934,1.5196,0.8546,1.4427,2.0176,2.5915,3.162,3.7324,4.2562,3.9564,3.6564,3.3563,3.0562,2.7562
1.1971,1.2018,1.2025,1.1978,1.1923,1.1847,1.1771,1.1692,1.1613,1.1534,1.1455,1.1466,0.7887,3.7805,3.8511,3.9615,4.121,4.2831,4.4539,4.6246,4.7964,4.9682,5.1402,5.3121,5.484,5.656
0.965,0.9598,0.959,0.9642,0.9702,0.9787,0.9871,0.9959,1.0046,1.0134,1.0222,1.0209,0.4394,3.8313,3.753,3.6306,3.4538,3.274,3.0846,2.8952,2.7047,2.5141,2.3235,2.1328,1.9421,1.7514
3.6293,3.6435,3.6456,3.6314,3.6149,3.5918,3.5687,3.5448,3.5209,3.497,3.473,3.4763,3.4992,3.6275,3.8416,4.1762,4.6597,5.1513,5.6689,6.1866,6.7075,4.2743,4.7743,5.2744,5.7744,6.2744
2.8835,2.8948,2.8965,2.8851,2.872,2.8537,2.8354,2.8164,2.3995,1.8506,8.9835,8.9862,9.0044,9.1063,9.2764,9.5422,9.9264,10.0,10.0,10.0,10.0,10.0,10.0,10.0,10.0,10.0
0.9237,0.9188,0.918,0.923,0.9288,0.9369,0.9449,0.9533,0.9617,0.9701,0.9785,0.9773,0.9693,0.5288,1.7663,2.9817,3.3061,3.134,2.9528,2.7715,2.5891,2.4067,2.2242,2.0417,1.8591,1.6766
1.2291,1.2339,1.2346,1.2298,1.2242,1.2164,1.2086,1.2005,1.1924,1.1843,1.1762,1.1773,1.1851,0.6979,2.2064,3.7246,4.2312,4.3977,4.573,4.7483,4.9248,5.1012,5.2777,5.4542,5.6307,5.8073
1.76,1.7505,1.7491,1.7586,1.7696,1.785,1.8004,1.8164,1.8323,1.8483,1.3586,0.8167,7.0735,6.9879,6.8451,6.6218,6.2993,5.9713,5.6259,5.2805,4.933,4.5855,4.2378,3.89,3.5422,3.1944
3.5554,3.5362,3.5334,3.5526,3.5748,3.6059,3.637,3.6692,3.7015,3.7338,3.7661,3.7616,3.7307,3.5578,3.2693,1.2348,1.7269,2.2181,2.7064,3.1947,3.6826,4.1705,4.6584,5.1462,5.6341,6.122
1.3998,1.4053,1.4061,1.4006,1.3943,1.3854,1.3765,1.3672,1.358,1.3488,1.3395,1.2407,4.3713,4.4208,4.5033,4.6324,4.8189,5.0085,5.2081,5.4078,5.6087,5.8096,6.0107,6.2117,6.4128,6.6138
0.8561,0.8515,0.8508,0.8555,0.8608,0.8683,0.8758,0.8835,0.8913,0.8991,0.9069,0.9058,0.8983,3.3992,3.3297,3.2211,3.0642,2.9047,2.7367,2.5686,2.3996,2.2305,2.0614,1.8922,1.7231,1.5539
1.8597,1.867,1.8681,1.8608,1.8524,1.8405,1.8287,1.8164,1.8042,1.7919,1.7796,1.7813,1.7931,1.8588,1.9685,1.5385,2.1516,2.7636,3.372,3.9803,4.5882,5.1961,5.804,6.4118,7.0196,7.6275
6.2315,5.7278,5.2241,4.7203,4.2166,10.0,10.0,10.0,10.0,10.0,10.0,10.0,10.0,10.0,10.0,10.0,10.0,10.0,10.0,10.0,10.0,10.0,10.0,10.0,10.0,10.0
1.1722,1.1659,1.1649,1.1713,1.1786,1.1888,1.1991,1.2097,1.2204,1.231,1.2417,1.2402,1.23,1.173,1.0275,1.7346,2.4258,3.1157,3.747,3.517,3.2855,3.054,2.8224,2.5908,2.3592,2.1276
1.1649,1.1695,1.1701,1.1656,1.1603,1.1529,1.1455,1.1378,1.1301,1.1224,1.1147,1.1158,1.1232,3.6788,3.7475,3.855,4.0101,4.1679,4.3341,4.5002,4.6674,4.8346,5.0019,5.1692,5.3365,5.5038
1.1254,1.1193,1.1184,1.1245,1.1315,1.1413,1.1512,1.1614,1.1716,1.1818,1.1921,1.0466,4.5229,4.4681,4.3768,4.2341,4.0278,3.8181,3.5973,3.3764,3.1542,2.932,2.7097,2.4873,2.2649,2.0426
10.0,10.0,10.0,10.0,10.0,10.0,10.0,10.0,10.0,10.0,10.0,10.0,10.0,10.0,10.0,10.0,10.0,10.0,2.6468,3.1243,3.6015,4.0786,4.5557,5.0329,5.51,5.9871
1.9727,1.9804,1.9816,1.9738,1.9649,1.9523,1.9398,1.9268,1.9138,1.9008,1.4778,6.1478,6.1603,6.23,6.3464,6.5283,6.791,7.0582,7.3396,7.621,7.9041,8.1873,8.4706,8.7539,9.0372,9.3206
0.8636,0.859,0.8583,0.863,0.8684,0.8759,0.8835,0.8913,0.8991,0.907,0.9148,0.9137,0.9062,1.0855,3.3589,3.2494,3.0911,2.9302,2.7607,2.5912,2.4207,2.2501,2.0795,1.9089,1.7382,1.5675
1.362,1.3673,1.3681,1.3627,1.3566,1.3479,1.3392,1.3303,1.3213,1.3123,1.3033,1.3046,1.3132,1.3613,1.3739,2.3192,3.2435,4.166,5.0673,5.2616,5.457,5.6525,5.8481,6.0437,6.2393,6.435
3.013,2.9968,2.9944,3.0107,3.0295,3.0558,3.0822,2.8157,2.2915,1.7673,10.0,10.0,10.0,10.0,10.0,10.0,10.0,10.0,9.6313,9.04,8.445,7.8501,7.2548,6.6594,6.0641,5.4687
1.9212,1.9108,1.9093,1.9197,1.9317,1.9485,1.9653,1.9827,2.0001,2.0176,2.035,2.0326,2.0159,1.9225,0.7927,1.3381,1.8714,2.4036,2.9327,3.4619,3.9906,4.5193,4.6259,4.2462,3.8666,3.487
1.2514,1.2563,1.2571,1.2521,1.2465,1.2385,1.2305,1.2223,1.2141,1.2058,1.1975,1.1987,0.6663,3.9521,4.026,4.1413,4.308,4.4775,4.656,4.8346,5.0142,5.1938,5.3735,5.5532,5.733,5.9127
0.9085,0.9036,0.9029,0.9078,0.9135,0.9214,0.9294,0.9376,0.9459,0.9541,0.9624,0.9612,0.5182,3.6072,3.5335,3.4182,3.2517,3.0824,2.9042,2.7259,2.5465,2.3671,2.1876,2.0081,1.8285,1.649
2.6259,2.6362,2.6377,2.6274,2.6155,2.5988,2.5821,2.5648,2.5475,2.5301,2.5128,2.5152,2.5318,2.6246,2.7795,3.0216,3.3714,3.7271,2.9679,3.4688,3.9986,4.5284,5.0581,5.5878,6.1176,6.6473
4.1962,4.2126,4.215,4.1985,4.1795,3.8624,3.3384,2.8145,2.2905,10.0,10.0,10.0,10.0,10.0,10.0,10.0,10.0,10.0,10.0,10.0,10.0,10.0,10.0,10.0,10.0,10.0
0.9928,0.9874,0.9866,0.992,0.9982,1.0069,1.0156,1.0246,1.0336,1.0426,1.0516,1.0503,1.0417,0.4094,1.3673,2.3081,3.2279,3.3683,3.1735,2.9787,2.7826,2.5866,2.3904,2.1943,1.9981,1.8019
1.1886,1.1932,1.1939,1.1892,1.1839,1.1763,1.1687,1.1609,1.1531,1.1452,1.1374,1.1385,1.146,1.1054,3.692,3.9333,4.0917,4.2527,4.4222,4.5917,4.7623,4.9329,5.1036,5.2743,5.445,5.6157
1.429,1.4214,1.4202,1.4279,1.4368,1.4493,1.4619,1.4748,1.4878,1.5007,1.4833,0.8578,5.7434,5.6739,5.5579,5.3766,5.1147,4.8485,4.568,4.2876,4.0054,3.7232,3.4409,3.1585,2.8761,2.5937
7.9762,7.9333,7.9269,7.9701,8.0198,8.0895,8.1594,8.2317,8.3039,8.3764,8.449,8.4387,8.3695,7.9817,7.3344,6.3226,1.6907,2.1716,2.6497,3.1277,3.6054,4.0831,4.5607,5.0383,5.516,5.9936
1.5555,1.5616,1.5625,1.5564,1.5493,1.5394,1.5295,1.5193,1.509,1.4988,1.4885,1.0444,4.8574,4.9123,5.0041,5.1475,5.3547,5.5654,5.7873,6.0091,6.2324,6.4556,6.679,6.9024,7.1258,7.3493
0.8483,0.8437,0.843,0.8476,0.8529,0.8603,0.8678,0.8754,0.8831,0.8908,0.8985,0.8975,0.8901,3.368,3.2992,3.1915,3.0361,2.878,2.7116,2.5451,2.3776,2.2101,2.0425,1.8749,1.7073,1.5396
1.6109,1.6172,1.6181,1.6118,1.6045,1.5943,1.584,1.5734,1.5628,1.5521,1.5415,1.543,1.5532,1.6101,1.0334,1.7444,2.4396,3.1335,3.8233,4.5131,5.2023,5.8916,6.5808,7.1483,7.3797,7.6111
6.2476,5.7426,5.2376,4.7325,4.2275,3.7225,3.2379,10.0,10.0,10.0,10.0,10.0,10.0,10.0,10.0,10.0,10.0,10.0,10.0,10.0,10.0,10.0,10.0,10.0,10.0,10.0
1.361,1.3537,1.3526,1.36,1.3684,1.3803,1.3923,1.4046,1.4169,1.4293,1.4417,1.4399,1.4281,1.362,0.9113,1.5383,2.1513,2.7632,3.3715,3.9798,3.8147,3.546,3.2771,3.0082,2.7392,2.4703
1.1818,1.1864,1.1871,1.1824,1.1771,1.1696,1.162,1.1543,1.1465,1.1387,1.1309,1.132,1.1394,3.7321,3.8018,3.9108,4.0682,4.2283,4.3968,4.5654,4.735,4.9046,5.0743,5.2441,5.4138,5.5836
1.0183,1.0128,1.012,1.0175,1.0238,1.0327,1.0416,1.0509,1.0601,1.0694,1.0786,1.0773,0.4637,4.0429,3.9603,3.8311,3.6445,3.4548,3.2549,3.0551,2.854,2.653,2.4518,2.2506,2.0494,1.8482
4.8404,4.8593,4.8622,4.8431,4.8212,4.7904,4.7596,4.7277,4.6958,4.6639,4.6319,4.6364,4.6669,4.838,5.1235,5.5698,6.2146,6.8702,7.5606,3.2078,3.6977,4.1876,4.6774,5.1673,5.6572,6.147
2.4449,2.4545,2.4559,2.4463,2.4352,2.4197,2.4041,2.388,2.3719,1.9346,1.3608,7.6195,7.6349,7.7213,7.8655,8.0909,8.4166,8.7478,9.0965,9.4453,9.7962,10.0,10.0,10.0,10.0,10.0
0.8977,0.8929,0.8922,0.8971,0.9027,0.9105,0.9184,0.9265,0.9346,0.9428,0.951,0.9498,0.942,0.6565,2.1927,3.3777,3.2132,3.0459,2.8697,2.6935,2.5163,2.339,2.1616,1.9842,1.8068,1.6294
1.274,1.2789,1.2797,1.2747,1.2689,1.2608,1.2527,1.2443,1.2359,1.2275,1.2191,1.2203,1.2283,0.7233,1.787,3.0167,4.2189,4.5581,4.7398,4.9215,5.1044,5.2872,5.4702,5.6531,5.8361,6.0191
2.0885,2.0773,2.0756,2.0869,2.1,2.1182,2.1365,2.1554,2.1744,1.8611,1.3091,8.4121,8.394,8.2924,8.1229,7.858,7.4752,7.0861,6.6762,6.2663,5.8539,5.4415,5.0289,4.6162,4.2035,3.7908
2.6764,2.662,2.6598,2.6743,2.691,2.7144,2.7379,2.7621,2.7864,2.8107,2.835,2.8316,2.8084,2.6782,2.461,1.2697,1.7757,2.2807,2.7828,3.2848,3.7865,4.2882,4.7898,5.2914,5.3866,4.8577
1.3362,1.3414,1.3422,1.337,1.3309,1.3224,1.3139,1.3051,1.2963,1.2875,1.2786,1.2799,4.1726,4.2198,4.2987,4.4219,4.5999,4.7808,4.9714,5.162,5.3538,5.5456,5.7375,5.9294,6.1213,6.3132
0.8736,0.8689,0.8682,0.8729,0.8784,0.886,0.8937,0.9016,0.9095,0.9174,0.9254,0.9243,0.8037,3.4686,3.3977,3.2869,3.1268,2.964,2.7926,2.6211,2.4486,2.2761,2.1035,1.9309,1.7583,1.5856
2.0892,2.0973,2.0986,2.0904,2.0809,2.0676,2.0543,2.0405,2.0268,2.013,1.9992,2.0011,2.0143,2.0881,2.2114,1.5021,2.0325,2.6105,3.1852,3.7599,4.3341,4.9083,5.4825,6.0567,6.6309,7.205
6.3122,5.802,5.2917,4.7815,4.2713,3.761,3.2508,10.0,10.0,10.0,10.0,10.0,10.0,10.0,10.0,10.0,10.0,10.0,10.0,10.0,10.0,10.0,10.0,10.0,10.0,10.0
1.0941,1.0883,1.0874,1.0933,1.1001,1.1097,1.1193,1.1292,1.1391,1.149,1.159,1.1576,1.1481,0.445,1.1332,1.913,2.6754,3.4363,3.4975,3.2828,3.0667,2.8507,2.6345,2.4183,2.2021,1.9859
1.1715,1.1761,1.1768,1.1722,1.1669,1.1594,1.152,1.1442,1.1365,1.1288,1.121,1.1221,1.1295,3.5465,3.7689,3.8769,4.0329,4.1916,4.3587,4.5258,4.694,4.8621,5.0303,5.1986,5.3669,5.5351
1.2226,1.216,1.215,1.2217,1.2293,1.24,1.2507,1.2618,1.2728,1.2839,1.2951,0.9634,4.9137,4.8542,4.755,4.5999,4.3758,4.148,3.9081,3.6682,3.4268,3.1854,2.9438,2.7022,2.4606,2.219
10.0,9.9902,9.9902,9.9902,9.9902,9.9902,9.9902,9.9902,9.9902,9.9902,9.9902,9.9902,9.9902,9.9902,9.9902,9.9902,9.9902,2.166,2.6428,3.1196,3.596,4.0724,4.5488,5.0252,5.5016,5.978
1.7857,1.7926,1.7937,1.7866,1.7786,1.7672,1.7558,1.7441,1.7323,1.7205,1.5852,0.9395,5.5761,5.6392,5.7445,5.9092,6.147,6.3889,6.6436,6.8983,7.1546,7.4109,7.6673,7.9238,8.1802,8.4367
0.8561,0.8515,0.8508,0.8554,0.8608,0.8683,0.8757,0.8835,0.8913,0.899,0.9068,0.9057,0.8983,1.8672,3.3296,3.221,3.0641,2.9045,2.7366,2.5685,2.3995,2.2305,2.0613,1.8922,1.723,1.5538
1.4449,1.4506,1.4514,1.4457,1.4392,1.43,1.4208,1.4113,1.4018,1.3922,1.3827,1.384,1.3931,1.4442,1.2177,2.0557,2.8749,3.6926,4.5055,5.3183,5.7894,5.9968,6.2043,6.4118,6.6193,6.8269
4.2337,4.2109,4.2075,4.2304,4.2568,3.8017,3.286,2.7702,2.2545,10.0,10.0,10.0,10.0,10.0,10.0,10.0,10.0,10.0,10.0,10.0,10.0,10.0,10.0,9.3574,8.5209,7.6842
1.6567,1.6478,1.6465,1.6555,1.6658,1.6803,1.6948,1.7098,1.7248,1.7399,1.7549,1.7528,1.7384,1.6579,0.8327,1.4058,1.966,2.5251,3.081,3.6368,4.1923,4.3165,3.9892,3.6618,3.3344,3.007
1.2217,1.2265,1.2272,1.2224,1.2168,1.2091,1.2013,1.1932,1.1852,1.1771,1.169,1.1702,0.6569,3.8581,3.9302,4.0429,4.2056,4.3711,4.5453,4.7196,4.8949,5.0703,5.2457,5.4212,5.5966,5.7721
0.946,0.9409,0.9401,0.9452,0.9511,0.9594,0.9677,0.9763,0.9848,0.9934,1.002,1.0008,0.4308,3.7559,3.6792,3.5592,3.3858,3.2095,3.0239,2.8382,2.6514,2.4646,2.2778,2.0908,1.9039,1.717
3.178,3.1904,3.1923,3.1797,3.1653,3.1451,3.1249,3.104,3.0831,3.0621,3.0411,3.044,3.0641,3.1764,3.3638,3.6569,4.0802,4.5106,2.845,3.3583,3.8712,4.3841,4.897,5.4098,5.9227,6.4355
3.2878,3.3006,3.3025,3.2896,3.2747,3.2538,3.2329,2.9064,2.3653,1.8243,10.0,10.0,10.0,10.0,10.0,10.0,10.0,10.0,10.0,10.0,10.0,10.0,10.0,10.0,10.0,10.0
0.9526,0.9474,0.9467,0.9518,0.9578,0.9661,0.9744,0.9831,0.9917,1.0004,1.009,1.0078,0.9995,0.4775,1.5948,2.6923,3.4093,3.2318,3.0449,2.858,2.6699,2.4818,2.2936,2.1054,1.9172,1.7289
1.2179,1.2227,1.2234,1.2186,1.2131,1.2053,1.1976,1.1896,1.1815,1.1735,1.1654,1.1666,1.1743,0.7838,2.6179,4.0304,4.1926,4.3576,4.5313,4.705,4.8798,5.0546,5.2295,5.4045,5.5794,5.7543
1.623,1.6142,1.6129,1.6217,1.6318,1.646,1.6602,1.6749,1.6896,1.7044,1.4092,0.815,6.5227,6.4438,6.3121,6.1062,5.8088,5.5064,5.1879,4.8694,4.5489,4.2285,3.9078,3.5871,3.2664,2.9457
4.5301,4.5057,4.5021,4.5266,4.5548,4.5944,4.6341,4.6751,4.7162,4.7574,4.7986,4.7928,4.7534,4.5332,4.1656,1.2296,1.7196,2.2087,2.6949,3.1811,3.6669,4.1528,4.6386,5.1243,5.6101,6.0959
1.4613,1.467,1.4679,1.4621,1.4555,1.4462,1.4369,1.4273,1.4177,1.408,1.3984,1.162,4.5633,4.615,4.7012,4.8359,5.0306,5.2285,5.4369,5.6454,5.8551,6.0649,6.2747,6.4846,6.6945,6.9044
0.8565,0.8519,0.8512,0.8559,0.8612,0.8687,0.8762,0.8839,0.8917,0.8995,0.9073,0.9062,0.8987,3.4007,3.3312,3.2226,3.0656,2.906,2.7379,2.5698,2.4007,2.2316,2.0623,1.8931,1.7239,1.5546
1.7631,1.7699,1.771,1.764,1.756,1.7448,1.7336,1.722,1.7104,1.6987,1.6871,1.6887,1.6999,1.7622,1.8662,1.6178,2.2625,2.9061,3.5458,4.1855,4.8247,5.464,6.1032,6.7423,7.3815,8.0207
6.2632,5.7569,5.2506,4.7444,4.2381,3.7318,3.2256,2.7193,10.0,10.0,10.0,10.0,10.0,10.0,10.0,10.0,10.0,10.0,10.0,10.0,10.0,10.0,10.0,10.0,10.0,10.0
1.243,1.2364,1.2354,1.2421,1.2498,1.2607,1.2716,1.2829,1.2941,1.3054,1.3167,1.3151,1.3043,1.2439,0.9837,1.6607,2.3224,2.983,3.6397,3.7295,3.4841,3.2386,2.993,2.7474,2.5018,2.2562
1.1762,1.1808,1.1815,1.1769,1.1715,1.1641,1.1566,1.1488,1.1411,1.1333,1.1255,1.1266,1.1341,3.7145,3.7839,3.8924,4.0491,4.2084,4.3761,4.5439,4.7127,4.8816,5.0505,5.2194,5.3883,5.5573
1.0864,1.0806,1.0797,1.0856,1.0923,1.1018,1.1113,1.1212,1.131,1.1409,1.1508,1.1211,4.3663,4.3135,4.2253,4.0875,3.8884,3.6859,3.4728,3.2595,3.045,2.8305,2.6159,2.4012,2.1865,1.9718
7.3206,7.3492,7.3535,7.3247,7.2915,7.245,7.1984,7.1502,7.102,7.0536,7.0052,7.012,7.0582,7.3169,7.7487,8.4238,8.7149,8.7149,2.6849,3.1693,3.6533,4.1373,4.6213,5.1053,5.5892,6.0732
2.1394,2.1478,2.149,2.1406,2.1309,2.1173,2.1037,2.0896,2.0755,2.0428,1.4369,6.6673,6.6808,6.7564,6.8826,7.0799,7.3649,7.6546,7.9598,8.265,8.572,8.8791,9.1863,9.4936,9.8009,10.0
0.8802,0.8755,0.8748,0.8795,0.885,0.8927,0.9004,0.9084,0.9164,0.9244,0.9324,0.9313,0.9236,0.8722,2.913,3.3118,3.1504,2.9864,2.8137,2.641,2.4671,2.2933,2.1194,1.9455,1.7716,1.5976
1.3328,1.338,1.3388,1.3335,1.3275,1.319,1.3105,1.3017,1.293,1.2842,1.2753,1.2766,1.285,1.3321,1.5139,2.5557,3.5741,4.5907,4.9586,5.1487,5.34,5.5313,5.7227,5.9141,6.1055,6.297
2.588,2.5741,2.5721,2.5861,2.6022,2.6248,2.6475,2.6709,2.347,1.8101,1.2732,10.0,10.0,10.0,10.0,9.7373,9.263,8.7808,8.2729,7.765,7.254,6.7429,6.2316,5.7202,5.2088,4.6974
2.1635,2.1519,2.1501,2.1619,2.1753,2.1943,2.2132,2.2328,2.2524,2.2721,2.2918,2.289,2.2702,2.165,0.7802,1.317,1.8418,2.3657,2.8865,3.4072,3.9276,4.448,4.9683,4.7819,4.3544,3.9268
1.2884,1.2935,1.2942,1.2892,1.2833,1.2751,1.2669,1.2585,1.25,1.2415,1.2329,1.2341,0.686,4.069,4.145,4.2638,4.4354,4.61,4.7937,4.9775,5.1624,5.3474,5.5324,5.7174,5.9025,6.0876
0.899,0.8941,0.8934,0.8983,0.9039,0.9117,0.9196,0.9278,0.9359,0.9441,0.9523,0.9511,0.6025,3.5693,3.4963,3.3823,3.2175,3.05,2.8736,2.6972,2.5197,2.3422,2.1646,1.9869,1.8093,1.6317
2.402,2.4114,2.4128,2.4033,2.3924,2.3772,2.3619,2.3461,2.3302,2.3144,2.2985,2.3007,2.3159,2.4008,2.5425,2.7639,2.0469,2.4936,3.0425,3.5914,4.1399,4.6884,5.2369,5.7853,6.3338,6.8822
5.1439,5.164,5.167,4.8831,4.362,3.841,3.3199,2.7989,2.3608,10.0,10.0,10.0,10.0,10.0,10.0,10.0,10.0,10.0,10.0,10.0,10.0,10.0,10.0,10.0,10.0,10.0
1.0342,1.0286,1.0278,1.0334,1.0398,1.0489,1.0579,1.0673,1.0767,1.0861,1.0955,1.0942,1.0852,0.4206,1.2731,2.1492,3.0057,3.5088,3.3058,3.1029,2.8987,2.6945,2.4901,2.2858,2.0814,1.8771
1.1877,1.1923,1.193,1.1883,1.183,1.1754,1.1679,1.16,1.1522,1.1444,1.1365,1.1376,1.1451,1.508,3.8208,3.9304,4.0886,4.2494,4.4188,4.5882,4.7587,4.9292,5.0997,5.2703,5.4409,5.6115
1.3488,1.3416,1.3405,1.3478,1.3562,1.368,1.3798,1.392,1.4042,1.4165,1.4288,0.8998,5.4209,5.3553,5.2459,5.0748,4.8276,4.5762,4.3116,4.0469,3.7805,3.5142,3.2477,2.9812,2.7147,2.4481
8.0766,8.0766,8.0766,8.0766,8.0766,8.0766,8.0766,8.0766,8.0766,8.0766,8.0766,8.0766,8.0766,8.0766,8.0766,8.0766,1.6973,2.1801,2.66,3.1399,3.6195,4.099,4.5785,5.058,5.5375,6.017
1.6443,1.6508,1.6517,1.6452,1.6378,1.6273,1.6169,1.606,1.5952,1.5844,1.5735,0.9965,5.1348,5.1929,5.2899,5.4415,5.6605,5.8833,6.1178,6.3523,6.5883,6.8243,7.0605,7.2966,7.5328,7.769
0.8555,0.8509,0.8502,0.8548,0.8602,0.8677,0.8752,0.8829,0.8907,0.8984,0.9062,0.9051,0.8977,3.3967,3.3273,3.2188,3.062,2.9026,2.7347,2.5668,2.3979,2.2289,2.0599,1.8909,1.7218,1.5528
1.5509,1.5569,1.5578,1.5517,1.5447,1.5348,1.525,1.5147,1.5045,1.4943,1.484,1.4855,1.4953,1.5501,1.1025,1.8611,2.6028,3.3431,4.079,4.8149,5.5503,6.2857,6.6591,6.8818,7.1046,7.3273
6.33,5.8183,5.3066,4.7949,4.2832,3.7716,3.2599,2.7483,2.2567,10.0,10.0,10.0,10.0,10.0,10.0,10.0,10.0,10.0,10.0,10.0,10.0,10.0,10.0,10.0,10.0,10.0
1.4683,1.4605,1.4593,1.4672,1.4764,1.4892,1.5021,1.5154,1.5287,1.542,1.5554,1.5535,1.5408,1.4694,0.884,1.4924,2.0871,2.6807,3.2708,3.8609,4.1156,3.8256,3.5356,3.2454,2.9553,2.6651
1.203,1.2077,1.2084,1.2036,1.1982,1.1905,1.1829,1.175,1.167,1.1591,1.1511,1.1523,0.9177,3.799,3.87,3.9809,4.1411,4.3041,4.4757,4.6473,4.8199,4.9926,5.1653,5.3381,5.5109,5.6837
0.9945,0.9892,0.9884,0.9937,0.9999,1.0086,1.0174,1.0264,1.0354,1.0444,1.0535,1.0522,0.4529,3.9486,3.8679,3.7418,3.5595,3.3742,3.179,2.9839,2.7875,2.5911,2.3946,2.1981,2.0016,1.8051
4.0542,4.07,4.0724,4.0564,4.0381,4.0123,3.9865,3.9598,3.9331,3.9063,3.8795,3.8833,3.9089,4.0521,4.2913,4.6651,5.2052,2.2781,2.7796,3.2811,3.7822,4.2833,4.7843,5.2854,5.7864,6.2875
2.7255,2.7361,2.7377,2.727,2.7146,2.6973,2.68,2.662,2.4647,1.9009,1.4314,8.4937,8.5109,8.6072,8.768,9.0193,9.3824,9.7515,10.0,10.0,10.0,10.0,10.0,10.0,10.0,10.0
0.9229,0.918,0.9172,0.9222,0.928,0.936,0.9441,0.9525,0.9608,0.9692,0.9776,0.9764,0.9684,0.5772,1.9279,3.2545,3.3033,3.1313,2.9502,2.7691,2.5868,2.4046,2.2222,2.0399,1.8575,1.6751
1.2587,1.2636,1.2644,1.2594,1.2537,1.2457,1.2377,1.2294,1.2211,1.2128,1.2045,1.2057,1.2136,0.7147,2.0453,3.4526,4.3331,4.5036,4.6831,4.8627,5.0433,5.224,5.4047,5.5855,5.7663,5.9471
1.8922,1.882,1.8805,1.8907,1.9025,1.9191,1.9357,1.9528,1.9699,1.9236,1.3531,0.8781,7.6048,7.5129,7.3593,7.1192,6.7725,6.4199,6.0486,5.6772,5.3036,4.9299,4.5561,4.1822,3.8083,3.4344
3.1911,3.174,3.1714,3.1887,3.2086,3.2365,3.2644,3.2933,3.3222,3.3512,3.3803,3.3762,3.3485,3.1933,2.9343,1.261,1.7635,2.2651,2.7637,3.2623,3.7605,4.2587,4.7569,5.2551,5.7533,5.792
1.3892,1.3946,1.3955,1.39,1.3837,1.3749,1.366,1.3569,1.3477,1.3385,1.3294,1.3196,4.3381,4.3872,4.4692,4.5973,4.7823,4.9705,5.1686,5.3668,5.5662,5.7656,5.9651,6.1646,6.3641,6.5637
0.8719,0.8672,0.8665,0.8712,0.8766,0.8843,0.8919,0.8998,0.9077,0.9156,0.9235,0.9224,0.9149,3.4617,3.3909,3.2803,3.1206,2.9581,2.787,2.6159,2.4437,2.2716,2.0993,1.927,1.7548,1.5825
1.9621,1.9698,1.9709,1.9632,1.9543,1.9418,1.9293,1.9164,1.9035,1.8905,1.8776,1.8794,1.8918,1.9611,2.0769,1.5208,2.1268,2.7317,3.3331,3.9344,4.5353,5.1362,5.7371,6.3379,6.9387,7.5395
6.3295,5.8178,5.3062,4.7945,4.2829,3.7713,3.2597,2.7481,2.2365,10.0,10.0,10.0,10.0,10.0,10.0,10.0,10.0,10.0,10.0,10.0,10.0,10.0,10.0,10.0,10.0,10.0
1.1534,1.1472,1.1462,1.1525,1.1597,1.1698,1.1799,1.1903,1.2008,1.2112,1.2217,1.2203,1.2102,0.4691,1.0771,1.8183,2.5429,3.2662,3.6868,3.4605,3.2327,3.005,2.7771,2.5492,2.3213,2.0934
1.1802,1.1848,1.1855,1.1808,1.1755,1.168,1.1605,1.1527,1.1449,1.1371,1.1293,1.1304,1.1379,3.727,3.7966,3.9054,4.0627,4.2225,4.3908,4.5592,4.7285,4.8979,5.0674,5.2369,5.4064,5.5759
1.1735,1.1671,1.1662,1.1726,1.1799,1.1901,1.2004,1.211,1.2217,1.2323,1.243,1.0242,4.7162,4.6591,4.5639,4.415,4.2,3.9813,3.7511,3.5208,3.2891,3.0573,2.8255,2.5936,2.3618,2.1299
7.2222,7.2222,7.2222,7.2222,7.2222,7.2222,7.2222,7.2222,7.2222,7.2222,7.2222,7.2222,7.2222,7.2222,7.2222,7.2222,7.2222,2.192,2.6745,3.157,3.6392,4.1213,4.6035,5.0856,5.5677,6.0498
1.9177,1.9252,1.9264,1.9188,1.9101,1.8979,1.8857,1.8731,1.8605,1.8478,1.5341,1.009,5.9886,6.0564,6.1695,6.3463,6.6018,6.8615,7.135,7.4086,7.6838,7.9591,8.2345,8.5099,8.7854,9.0608
0.8704,0.8657,0.865,0.8697,0.8751,0.8828,0.8904,0.8983,0.9061,0.9141,0.922,0.9209,0.9133,1.3074,3.3852,3.2748,3.1152,2.9531,2.7823,2.6114,2.4396,2.2677,2.0957,1.9238,1.7518,1.5798
1.4083,1.4138,1.4147,1.4091,1.4027,1.3938,1.3848,1.3755,1.3663,1.357,1.3477,1.349,1.3579,1.4076,1.3243,2.2357,3.1266,4.0159,4.8999,5.4406,5.6428,5.8449,6.0471,6.2494,6.4517,6.654
3.4256,3.4072,3.4044,3.423,3.4443,3.4743,3.3568,2.8299,2.3031,1.7762,10.0,10.0,10.0,10.0,10.0,10.0,10.0,10.0,10.0,10.0,9.6015,8.9251,8.2483,7.5714,6.8945,6.2176
1.8312,1.8214,1.8199,1.8298,1.8412,1.8572,1.8733,1.8899,1.9065,1.9231,1.9398,1.9374,1.9215,1.8325,0.8168,1.3789,1.9283,2.4768,3.022,3.5673,4.1121,4.6569,4.4093,4.0474,3.6856,3.3237
1.2542,1.2591,1.2598,1.2549,1.2492,1.2412,1.2332,1.225,1.2167,1.2084,1.2001,1.2013,0.6678,3.9608,4.0347,4.1504,4.3175,4.4873,4.6662,4.8451,5.0251,5.2051,5.3852,5.5653,5.7455,5.9256
0.9332,0.9282,0.9275,0.9325,0.9383,0.9465,0.9547,0.9631,0.9716,0.9801,0.9885,0.9873,0.4861,3.7053,3.6296,3.5112,3.3402,3.1663,2.9831,2.8,2.6157,2.4314,2.2471,2.0627,1.8782,1.6938
2.846,2.8571,2.8588,2.8476,2.8347,2.8166,2.7985,2.7797,2.761,2.7422,2.7234,2.726,2.744,2.8446,3.0125,3.2749,1.9835,2.4063,2.936,3.4657,3.995,4.5243,5.0536,5.5828,6.1121,6.6413
3.8392,3.8542,3.8565,3.8414,3.824,3.7995,3.4192,2.8825,2.3459,10.0,10.0,10.0,10.0,10.0,10.0,10.0,10.0,10.0,10.0,10.0,10.0,10.0,10.0,10.0,10.0,10.0
0.9886,0.9832,0.9824,0.9878,0.994,1.0026,1.0113,1.0202,1.0292,1.0382,1.0471,1.0459,1.0373,0.4382,1.4635,2.4705,3.4551,3.354,3.16,2.966,2.7708,2.5756,2.3803,2.1849,1.9896,1.7943
1.214,1.2187,1.2194,1.2146,1.2091,1.2014,1.1937,1.1857,1.1777,1.1697,1.1617,1.1628,1.1705,0.9666,3.2286,4.0173,4.179,4.3435,4.5166,4.6898,4.864,5.0383,5.2126,5.3869,5.5613,5.7357
1.5156,1.5074,1.5062,1.5144,1.5239,1.5371,1.5504,1.5641,1.5779,1.5916,1.4715,0.851,6.0912,6.0175,5.8945,5.7022,5.4245,5.1421,4.8447,4.5472,4.248,3.9487,3.6493,3.3498,3.0503,2.7508
6.2508,6.2172,6.2122,6.246,6.285,6.3397,6.3944,6.4511,6.5077,6.5645,6.6214,6.6134,6.5591,6.2552,5.7479,1.2422,1.7222,2.2121,2.6991,3.186,3.6726,4.1592,4.6457,5.1323,5.6188,6.1053
1.5365,1.5425,1.5434,1.5373,1.5304,1.5206,1.5108,1.5007,1.4906,1.4805,1.4703,1.0997,4.798,4.8523,4.943,5.0846,5.2893,5.4974,5.7166,5.9358,6.1563,6.3768,6.5974,6.8181,7.0388,7.2595
0.8618,0.8572,0.8565,0.8612,0.8666,0.8741,0.8816,0.8894,0.8973,0.9051,0.9129,0.9118,0.9043,3.4219,3.3519,3.2426,3.0847,2.9241,2.7549,2.5858,2.4156,2.2454,2.0752,1.9049,1.7346,1.5643
1.6865,1.6931,1.6941,1.6875,1.6798,1.6691,1.6584,1.6473,1.6362,1.625,1.6139,1.6154,1.6261,1.6857,1.0571,1.7145,2.3978,3.0798,3.7578,4.4357,5.1132,5.7906,6.468,7.1454,7.7262,7.9684
6.3312,5.8194,5.3076,4.7959,4.2841,3.7723,3.2606,2.7488,2.2371,10.0,10.0,10.0,10.0,10.0,10.0,10.0,10.0,10.0,10.0,10.0,10.0,10.0,10.0,10.0,10.0,10.0
1.3297,1.3225,1.3214,1.3286,1.3369,1.3486,1.3602,1.3722,1.3843,1.3964,1.4085,1.4068,1.3952,1.3306,0.9494,1.6028,2.2415,2.879,3.5128,3.9894,3.7269,3.4643,3.2016,2.9389,2.6761,2.4134
1.1945,1.1991,1.1998,1.1951,1.1897,1.1821,1.1745,1.1667,1.1588,1.1509,1.143,1.1441,1.1517,3.7722,3.8427,3.9528,4.1119,4.2737,4.4441,4.6145,4.7859,4.9573,5.1289,5.3004,5.472,5.6435
1.0565,1.0509,1.05,1.0557,1.0623,1.0716,1.0808,1.0904,1.0999,1.1095,1.1192,1.1178,0.4811,4.1949,4.1092,3.9751,3.7815,3.5846,3.3773,3.17,2.9613,2.7527,2.544,2.3352,2.1264,1.9176
5.6334,5.6554,5.6587,5.6365,5.611,5.5752,5.5393,5.5022,5.4651,5.4279,5.3907,5.3959,5.4315,5.6305,5.9628,6.4823,6.5312,2.2451,2.7393,3.2336,3.7274,4.2213,4.7151,5.2089,5.7027,6.1965
2.3478,2.357,2.3583,2.3491,2.3385,2.3235,2.3086,2.2931,2.2777,2.0,1.4068,7.3167,7.3315,7.4145,7.553,7.7695,8.0822,8.4002,8.7351,9.07,9.407,9.7439,10.0,10.0,10.0,10.0
0.9024,0.8976,0.8969,0.9017,0.9074,0.9153,0.9232,0.9313,0.9395,0.9477,0.9559,0.9548,0.9469,0.7346,2.4534,3.3954,3.23,3.0618,2.8847,2.7076,2.5294,2.3512,2.1729,1.9946,1.8163,1.638
1.3127,1.3178,1.3186,1.3134,1.3075,1.2991,1.2908,1.2821,1.2735,1.2648,1.2561,1.2574,1.2656,0.7453,1.6932,2.8583,3.9973,4.6967,4.8839,5.0712,5.2596,5.448,5.6365,5.825,6.0135,6.2021
2.2848,2.2725,2.2707,2.2831,2.2973,2.3173,2.3373,2.358,2.3787,1.8653,1.312,9.2026,9.1828,9.0717,8.8863,8.5964,8.1777,7.7519,7.3036,6.8552,6.404,5.9529,5.5015,5.05,4.5985,4.147
2.4857,2.4724,2.4704,2.4838,2.4993,2.5211,2.5428,2.5653,2.5879,2.6105,2.6331,2.6299,2.6083,2.4875,0.8093,1.3043,1.8241,2.3429,2.8587,3.3744,3.8898,4.4052,4.9205,5.4358,5.0029,4.5117
1.3349,1.3401,1.3409,1.3357,1.3296,1.3211,1.3126,1.3038,1.295,1.2862,1.2774,1.2786,4.1686,4.2157,4.2945,4.4176,4.5954,4.7762,4.9666,5.157,5.3486,5.5402,5.7319,5.9236,6.1154,6.3071
0.8949,0.8901,0.8894,0.8942,0.8998,0.9076,0.9155,0.9236,0.9317,0.9398,0.9479,0.9468,0.722,3.5532,3.4805,3.367,3.203,3.0362,2.8606,2.685,2.5083,2.3316,2.1548,1.978,1.8011,1.6243
2.2284,2.2371,2.2384,2.2296,2.2195,2.2053,2.1912,2.1765,2.1618,2.1471,2.1324,2.1344,2.1485,2.2272,2.3587,2.5642,2.0233,2.5988,3.1709,3.7429,4.3146,4.8862,5.4578,6.0294,6.601,7.1725
6.274,5.9274,5.4061,4.8849,4.3636,3.8423,3.3211,2.7999,2.2786,1.7926,10.0,10.0,10.0,10.0,10.0,10.0,10.0,10.0,10.0,10.0,10.0,10.0,10.0,10.0,10.0,10.0
1.0849,1.079,1.0782,1.084,1.0908,1.1003,1.1098,1.1196,1.1294,1.1393,1.1492,1.1478,1.1384,0.4413,1.1991,2.0242,2.8308,3.636,3.4678,3.2549,3.0407,2.8265,2.6122,2.3978,2.1834,1.9691
1.1937,1.1984,1.1991,1.1944,1.189,1.1814,1.1738,1.1659,1.1581,1.1502,1.1423,1.1434,1.1509,2.368,3.8402,3.9503,4.1093,4.271,4.4413,4.6115,4.7829,4.9542,5.1256,5.2971,5.4685,5.64
1.2855,1.2785,1.2775,1.2845,1.2925,1.3037,1.315,1.3266,1.3383,1.35,1.3617,0.9508,5.1663,5.1038,4.9995,4.8364,4.6009,4.3613,4.1091,3.8568,3.603,3.3491,3.0952,2.8412,2.5872,2.3331
6.166,6.166,6.166,6.166,6.166,6.166,6.166,6.166,6.166,6.166,6.166,6.166,6.166,6.166,6.166,6.166,1.7617,2.2013,2.6859,3.1705,3.6547,4.1389,4.6231,5.1072,5.5914,6.0756
1.7527,1.7595,1.7606,1.7537,1.7457,1.7346,1.7234,1.7119,1.7003,1.6888,1.658,0.9589,5.4732,5.5351,5.6385,5.8001,6.0336,6.271,6.5209,6.771,7.0225,7.2741,7.5258,7.7775,8.0292,8.281
0.8678,0.8631,0.8624,0.8671,0.8726,0.8801,0.8877,0.8956,0.9035,0.9114,0.9192,0.9181,0.9106,2.6165,3.3751,3.2651,3.106,2.9443,2.774,2.6037,2.4324,2.261,2.0895,1.9181,1.7466,1.5751
1.5046,1.5105,1.5114,1.5054,1.4986,1.4891,1.4795,1.4696,1.4597,1.4497,1.4398,1.4412,1.4507,1.5038,1.1873,2.0042,2.8029,3.6002,4.3927,5.1852,5.9771,6.2445,6.4605,6.6766,6.8927,7.1088
5.0921,5.0648,5.0607,4.8865,4.365,3.8436,3.3222,2.8008,2.2794,1.758,10.0,10.0,10.0,10.0,10.0,10.0,10.0,10.0,10.0,10.0,10.0,10.0,10.0,10.0,10.0,9.2424
1.6015,1.5929,1.5916,1.6003,1.6103,1.6243,1.6383,1.6528,1.6673,1.6819,1.6964,1.6944,1.6805,1.6026,0.8638,1.4582,2.0392,2.6193,3.1958,3.7724,4.3486,4.1726,3.8562,3.5397,3.2233,2.9068
1.2318,1.2366,1.2373,1.2325,1.2269,1.2191,1.2112,1.2031,1.195,1.1869,1.1787,1.1799,0.7477,3.8901,3.9627,4.0763,4.2404,4.4072,4.5829,4.7586,4.9354,5.1122,5.2891,5.466,5.6429,5.8198
0.9779,0.9726,0.9718,0.9771,0.9832,0.9918,1.0003,1.0092,1.018,1.0269,1.0358,1.0346,0.4453,3.8825,3.8032,3.6791,3.4999,3.3177,3.1258,2.9339,2.7408,2.5477,2.3545,2.1613,1.9681,1.7748
3.5151,3.5289,3.5309,3.5171,3.5012,3.4788,3.4565,3.4333,3.4102,3.3869,3.3637,3.367,3.3891,3.5134,3.7207,4.0448,1.8252,2.3443,2.8603,3.3764,3.892,4.4077,4.9233,5.4389,5.9545,6.4701
3.0911,3.1032,3.105,3.0928,3.0788,3.0591,3.0395,2.995,2.4374,1.8798,9.6302,9.6331,9.6526,9.7618,9.9442,10.0,10.0,10.0,10.0,10.0,10.0,10.0,10.0,10.0,10.0,10.0
0.9547,0.9496,0.9488,0.954,0.9599,0.9683,0.9767,0.9853,0.994,1.0026,1.0113,1.0101,1.0018,0.5188,1.7329,2.9254,3.4171,3.2392,3.0519,2.8645,2.676,2.4874,2.2988,2.1102,1.9215,1.7329
1.2514,1.2563,1.257,1.2521,1.2464,1.2384,1.2305,1.2222,1.214,1.2057,1.1975,1.1986,1.2065,0.7182,2.3989,4.0496,4.3078,4.4773,4.6558,4.8343,5.0139,5.1935,5.3732,5.5529,5.7326,5.9124
1.742,1.7326,1.7312,1.7406,1.7515,1.7667,1.782,1.7978,1.8136,1.8294,1.4076,0.8141,7.0011,6.9164,6.775,6.554,6.2348,5.9102,5.5684,5.2265,4.8825,4.5386,4.1944,3.8502,3.506,3.1617
3.9603,3.939,3.9358,3.9573,3.982,4.0166,4.0513,4.0872,4.123,4.159,4.1951,4.19,4.1556,3.9631,3.6417,1.2599,1.762,2.2631,2.7613,3.2595,3.7573,4.2551,4.7529,5.2506,5.7484,6.2461
1.4542,1.4599,1.4608,1.455,1.4485,1.4392,1.43,1.4204,1.4108,1.4012,1.3916,1.236,4.5412,4.5925,4.6783,4.8124,5.0061,5.2031,5.4105,5.618,5.8267,6.0354,6.2442,6.4531,6.662,6.8708
0.8753,0.8706,0.8699,0.8746,0.8801,0.8877,0.8954,0.9033,0.9113,0.9192,0.9272,0.9261,0.9185,3.4753,3.4043,3.2932,3.1328,2.9697,2.798,2.6262,2.4534,2.2805,2.1076,1.9346,1.7617,1.5887
1.8621,1.8694,1.8705,1.8632,1.8547,1.8429,1.831,1.8188,1.8065,1.7942,1.7819,1.7836,1.7954,1.8612,1.971,1.6031,2.2419,2.8795,3.5134,4.1473,4.7807,5.4141,6.0474,6.6808,7.3141,7.9475
5.7459,5.7459,5.3519,4.8359,4.3198,3.8038,3.2878,2.7718,2.2558,1.7398,10.0,10.0,10.0,10.0,10.0,10.0,10.0,10.0,10.0,10.0,10.0,10.0,10.0,10.0,10.0,10.0
1.2255,1.2189,1.2179,1.2246,1.2322,1.2429,1.2537,1.2648,1.2759,1.287,1.2981,1.2966,1.2859,1.2264,1.0331,1.744,2.439,3.1327,3.8224,3.6769,3.4349,3.1929,2.9508,2.7087,2.4665,2.2243
1.1958,1.2005,1.2012,1.1965,1.1911,1.1835,1.1759,1.168,1.1601,1.1522,1.1443,1.1454,1.153,3.7765,3.847,3.9573,4.1166,4.2785,4.4491,4.6197,4.7913,4.9629,5.1347,5.3064,5.4782,5.6499
1.1355,1.1294,1.1285,1.1346,1.1417,1.1516,1.1616,1.1719,1.1821,1.1925,1.2028,1.0986,4.5636,4.5084,4.4162,4.2722,4.0641,3.8525,3.6297,3.4068,3.1826,2.9584,2.7341,2.5097,2.2853,2.0609
5.6552,5.6552,5.6552,5.6552,5.6552,5.6552,5.6552,5.6552,5.6552,5.6552,5.6552,5.6552,5.6552,5.6552,5.6552,5.6552,1.7372,2.2313,2.7225,3.2137,3.7045,4.1953,4.6861,5.1769,5.6677,6.1584
2.0806,2.0887,2.09,2.0818,2.0723,2.0591,2.0459,2.0322,2.0185,2.0047,1.4957,6.484,6.4972,6.5707,6.6934,6.8853,7.1624,7.4442,7.741,8.0378,8.3364,8.635,8.9338,9.2326,9.5315,9.8303
0.8902,0.8854,0.8847,0.8895,0.8951,0.9028,0.9106,0.9187,0.9268,0.9349,0.943,0.9418,0.9341,1.0155,3.3917,3.3493,3.1861,3.0202,2.8456,2.6709,2.4951,2.3193,2.1434,1.9675,1.7916,1.6157
1.3823,1.3877,1.3885,1.383,1.3768,1.368,1.3592,1.3501,1.341,1.3318,1.3227,1.324,1.3327,1.3816,1.4578,2.4609,3.4416,4.4205,5.1427,5.3399,5.5383,5.7367,5.9352,6.1337,6.3322,6.5308
2.9012,2.8856,2.8832,2.8989,2.917,2.9424,2.9678,2.9084,2.3669,1.8255,1.35,10.0,10.0,10.0,10.0,10.0,10.0,9.8431,9.2738,8.7044,8.1316,7.5587,6.9855,6.4123,5.839,5.2657
2.055,2.044,2.0423,2.0534,2.0663,2.0842,2.1022,2.1208,2.1395,2.1581,2.1768,2.1742,2.1564,2.0565,0.8065,1.3614,1.904,2.4455,2.9839,3.5222,4.0601,4.5981,4.9482,4.5421,4.136,3.7299
1.2955,1.3006,1.3014,1.2963,1.2904,1.2822,1.2739,1.2654,1.2568,1.2483,1.2397,1.2409,0.6898,4.0914,4.1678,4.2873,4.4599,4.6353,4.8201,5.0049,5.1909,5.3768,5.5628,5.7489,5.935,6.1211
0.9265,0.9215,0.9208,0.9258,0.9316,0.9397,0.9478,0.9562,0.9646,0.973,0.9814,0.9802,0.5607,3.6786,3.6035,3.4859,3.3161,3.1435,2.9617,2.7798,2.5969,2.4139,2.2309,2.0478,1.8647,1.6816
2.5963,2.6064,2.6079,2.5977,2.586,2.5695,2.5529,2.5358,2.5187,2.5016,2.4844,2.4868,2.5032,2.595,2.7481,2.9875,1.9458,2.4992,3.0494,3.5996,4.1493,4.6991,5.2488,5.7985,6.3482,6.8978
4.6249,4.643,4.6457,4.6275,4.483,3.9475,3.412,2.8765,2.341,1.8055,10.0,10.0,10.0,10.0,10.0,10.0,10.0,10.0,10.0,10.0,10.0,10.0,10.0,10.0,10.0,10.0
1.0328,1.0273,1.0265,1.032,1.0385,1.0475,1.0566,1.0659,1.0753,1.0847,1.0941,1.0927,1.0838,0.4201,1.3619,2.2991,3.2153,3.5042,3.3016,3.0989,2.8949,2.691,2.4869,2.2828,2.0787,1.8746
1.2174,1.2221,1.2228,1.218,1.2125,1.2048,1.197,1.189,1.181,1.173,1.1649,1.166,1.1737,1.2618,3.9163,4.0285,4.1907,4.3556,4.5292,4.7029,4.8776,5.0523,5.2271,5.402,5.5768,5.7517
1.4316,1.4239,1.4227,1.4305,1.4394,1.4519,1.4644,1.4774,1.4904,1.5034,1.5164,0.895,5.7535,5.6839,5.5677,5.3861,5.1238,4.857,4.5761,4.2951,4.0125,3.7298,3.447,3.1641,2.8812,2.5983
5.3794,5.3794,5.3794,5.3794,5.3794,5.3794,5.3794,5.3794,5.3794,5.3794,5.3794,5.3794,5.3794,5.3794,5.3794,5.3794,1.7352,2.2287,2.7194,3.21,3.7002,4.1905,4.6807,5.1709,5.6611,6.1513
1.628,1.6344,1.6353,1.6289,1.6215,1.6112,1.6008,1.5901,1.5794,1.5686,1.5579,1.051,5.0838,5.1413,5.2374,5.3875,5.6043,5.8248,6.057,6.2893,6.5229,6.7566,6.9904,7.2242,7.458,7.6919
0.8723,0.8677,0.867,0.8717,0.8771,0.8847,0.8924,0.9003,0.9082,0.9161,0.9241,0.9229,0.9154,3.4636,3.3928,3.2821,3.1223,2.9597,2.7885,2.6173,2.4451,2.2728,2.1005,1.9281,1.7557,1.5833
1.6273,1.6336,1.6346,1.6282,1.6208,1.6105,1.6001,1.5894,1.5787,1.5679,1.5572,1.5587,1.569,1.6265,1.0855,1.8325,2.5627,3.2916,4.0162,4.7408,5.4649,6.1889,6.9129,7.221,7.4547,7.6884
5.2998,5.2998,5.2998,4.8767,4.3563,3.8359,3.3156,2.7952,2.2748,1.7544,10.0,10.0,10.0,10.0,10.0,10.0,10.0,10.0,10.0,10.0,10.0,10.0,10.0,10.0,10.0,10.0
1.436,1.4282,1.4271,1.4349,1.4438,1.4564,1.4689,1.4819,1.495,1.508,1.5211,1.5192,1.5068,1.437,0.9235,1.559,2.1803,2.8005,3.4169,4.0334,4.0248,3.7412,3.4576,3.1738,2.8901,2.6063
1.2203,1.225,1.2258,1.221,1.2154,1.2077,1.1999,1.1919,1.1838,1.1758,1.1677,1.1688,1.1028,3.8537,3.9257,4.0382,4.2007,4.366,4.5401,4.7141,4.8893,5.0644,5.2396,5.4149,5.5902,5.7654
1.035,1.0294,1.0286,1.0342,1.0406,1.0497,1.0587,1.0681,1.0775,1.0869,1.0963,1.095,0.4713,4.1093,4.0253,3.894,3.7043,3.5114,3.3084,3.1052,2.9009,2.6965,2.492,2.2875,2.083,1.8785
4.6215,4.6395,4.6422,4.624,4.6031,4.5737,4.5443,4.5139,4.4834,4.4529,4.4223,4.4266,4.4558,4.6191,4.8917,5.2226,1.7942,2.3046,2.8119,3.3192,3.8261,4.3331,4.84,5.3468,5.8537,6.3606
2.6118,2.622,2.6235,2.6132,2.6014,2.5848,2.5682,2.5509,2.5337,1.9715,1.3867,8.1393,8.1558,8.2481,8.4021,8.643,8.9909,9.3446,9.7171,10.0,10.0,10.0,10.0,10.0,10.0,10.0
0.931,0.926,0.9252,0.9302,0.9361,0.9442,0.9523,0.9608,0.9692,0.9777,0.9861,0.985,0.9769,0.6399,2.1373,3.5027,3.3321,3.1586,2.9759,2.7932,2.6094,2.4255,2.2416,2.0577,1.8737,1.6897
1.3014,1.3065,1.3072,1.3021,1.2962,1.2879,1.2797,1.2711,1.2625,1.2539,1.2453,1.2465,1.2547,0.7389,1.9275,3.2538,4.48,4.6562,4.8419,5.0275,5.2143,5.4011,5.5879,5.7748,5.9618,6.1487
2.0616,2.0505,2.0488,2.06,2.0728,2.0909,2.1089,2.1276,2.1463,1.9344,1.3606,8.3034,8.2855,8.1853,8.018,7.7565,7.3786,6.9945,6.59,6.1854,5.7783,5.3712,4.9639,4.5566,4.1492,3.7418
2.9289,2.9131,2.9108,2.9266,2.9449,2.9705,2.9962,3.0227,3.0492,3.0759,3.1025,3.0988,3.0733,2.9309,2.6932,1.2999,1.818,2.3351,2.8491,3.3631,3.8768,4.3904,4.904,5.4176,5.8948,5.316
1.3923,1.3977,1.3985,1.3931,1.3867,1.3779,1.369,1.3599,1.3507,1.3415,1.3323,1.3336,4.3477,4.3969,4.479,4.6074,4.7929,4.9815,5.18,5.3786,5.5785,5.7783,5.9782,6.1782,6.3782,6.5781
0.8964,0.8915,0.8908,0.8957,0.9013,0.9091,0.9169,0.9251,0.9332,0.9413,0.9495,0.9483,0.9019,3.5589,3.4862,3.3725,3.2082,3.0412,2.8653,2.6894,2.5124,2.3354,2.1583,1.9812,1.8041,1.6269
2.0935,2.1016,2.1029,2.0946,2.0851,2.0718,2.0585,2.0447,2.0309,2.0171,2.0033,2.0052,2.0184,2.0924,2.2159,1.5184,2.1235,2.7274,3.3278,3.9282,4.5282,5.1281,5.728,6.3279,6.9278,7.5276
5.0568,5.0568,5.0568,4.9163,4.3916,3.867,3.3424,2.8179,2.2933,1.7687,10.0,10.0,10.0,10.0,10.0,10.0,10.0,10.0,10.0,10.0,10.0,10.0,10.0,10.0,10.0,10.0
1.1466,1.1404,1.1395,1.1457,1.1528,1.1629,1.1729,1.1833,1.1937,1.2041,1.2145,1.2131,1.2031,0.4664,1.1413,1.9266,2.6943,3.4607,3.6651,3.4401,3.2137,2.9873,2.7608,2.5342,2.3076,2.0811
1.207,1.2117,1.2124,1.2077,1.2022,1.1945,1.1869,1.1789,1.171,1.163,1.155,1.1561,1.1637,3.8118,3.883,3.9943,4.1551,4.3185,4.4907,4.6629,4.8361,5.0093,5.1827,5.356,5.5294,5.7028
1.2364,1.2297,1.2287,1.2354,1.2431,1.2539,1.2648,1.276,1.2872,1.2984,1.3096,1.0131,4.969,4.9089,4.8086,4.6517,4.4251,4.1947,3.9521,3.7095,3.4654,3.2212,2.977,2.7327,2.4884,2.244
4.9864,4.9864,4.9864,4.9864,4.9864,4.9864,4.9864,4.9864,4.9864,4.9864,4.9864,4.9864,4.9864,4.9864,4.9864,4.9864,1.7409,2.2361,2.7283,3.2206,3.7124,4.2043,4.6961,5.1879,5.6797,6.1715
1.8852,1.8926,1.8937,1.8862,1.8777,1.8657,1.8537,1.8413,1.8289,1.8164,1.6087,0.9919,5.8869,5.9536,6.0648,6.2386,6.4897,6.745,7.0139,7.2828,7.5534,7.824,8.0947,8.3655,8.6362,8.907
0.8856,0.8808,0.8801,0.8849,0.8904,0.8982,0.9059,0.914,0.922,0.93,0.9381,0.937,0.9293,1.6482,3.4444,3.332,3.1697,3.0047,2.8309,2.6571,2.4822,2.3074,2.1324,1.9574,1.7824,1.6074
1.4708,1.4766,1.4774,1.4716,1.465,1.4556,1.4463,1.4366,1.4269,1.4172,1.4075,1.4088,1.4181,1.4701,1.2919,2.1809,3.05,3.9175,4.7799,5.6422,5.8932,6.1043,6.3155,6.5267,6.738,6.9493
3.9914,3.9699,3.9667,3.9883,4.0132,3.941,3.4063,2.8717,2.3371,1.8025,10.0,10.0,10.0,10.0,10.0,10.0,10.0,10.0,10.0,10.0,10.0,10.0,9.6107,8.822,8.0333,7.2445
1.7685,1.759,1.7576,1.7671,1.7782,1.7936,1.8091,1.8251,1.8412,1.8572,1.8733,1.871,1.8557,1.7697,0.85,1.4349,2.0067,2.5774,3.1448,3.7122,4.2791,4.6076,4.2582,3.9088,3.5593,3.2099
1.2691,1.2741,1.2748,1.2699,1.2641,1.256,1.248,1.2396,1.2312,1.2229,1.2145,1.2156,0.6758,4.008,4.0829,4.1999,4.369,4.5409,4.7219,4.9029,5.0851,5.2673,5.4495,5.6318,5.8141,5.9964
0.968,0.9628,0.962,0.9673,0.9733,0.9818,0.9902,0.999,1.0078,1.0166,1.0254,1.0241,0.4629,3.8434,3.7648,3.642,3.4646,3.2842,3.0943,2.9043,2.7132,2.522,2.3308,2.1395,1.9482,1.7569
3.1292,3.1414,3.1433,3.131,3.1168,3.0969,3.077,3.0564,3.0358,3.0151,2.9944,2.9973,3.0171,3.1276,3.3122,1.3861,1.8902,2.4278,2.9622,3.4967,4.0307,4.5647,5.0987,5.6327,6.1667,6.7006
3.5805,3.5945,3.5966,3.5825,3.5663,3.5435,3.5208,2.981,2.426,1.8711,1.3815,10.0,10.0,10.0,10.0,10.0,10.0,10.0,10.0,10.0,10.0,10.0,10.0,10.0,10.0,10.0
0.9942,0.9888,0.988,0.9934,0.9996,1.0083,1.017,1.026,1.035,1.044,1.0531,1.0518,1.0432,0.475,1.5865,2.6782,3.5583,3.373,3.1779,2.9828,2.7865,2.5902,2.3938,2.1973,2.0009,1.8044
1.2519,1.2568,1.2576,1.2526,1.247,1.239,1.231,1.2228,1.2145,1.2063,1.198,1.1992,1.2071,0.8699,2.9056,4.143,4.3098,4.4793,4.6579,4.8365,5.0162,5.1958,5.3756,5.5554,5.7352,5.9151
1.6263,1.6176,1.6163,1.6251,1.6352,1.6494,1.6637,1.6784,1.6931,1.7079,1.4745,0.8528,6.5363,6.4572,6.3252,6.1189,5.8209,5.5178,5.1987,4.8795,4.5584,4.2372,3.9159,3.5946,3.2732,2.9518
4.7707,4.7707,4.7707,4.7707,4.7707,4.7707,4.7707,4.7707,4.7707,4.7707,4.7707,4.7707,4.7707,4.7707,4.7707,1.2666,1.7714,2.2752,2.776,3.2769,3.7774,4.2778,4.7782,5.2787,5.7791,6.2795
1.5335,1.5395,1.5404,1.5343,1.5274,1.5176,1.5079,1.4978,1.4877,1.4776,1.4674,1.171,4.7886,4.8428,4.9333,5.0747,5.279,5.4867,5.7054,5.9241,6.1442,6.3643,6.5845,6.8048,7.025,7.2453
0.8841,0.8794,0.8787,0.8834,0.889,0.8967,0.9044,0.9124,0.9205,0.9285,0.9365,0.9354,0.9277,3.5104,3.4386,3.3265,3.1644,2.9997,2.8262,2.6527,2.4781,2.3035,2.1288,1.9541,1.7794,1.6047
1.7847,1.7917,1.7927,1.7857,1.7776,1.7663,1.7549,1.7431,1.7314,1.7196,1.7078,1.7095,1.7207,1.7838,1.1186,1.7032,2.3819,3.0594,3.7329,4.4063,5.0793,5.7522,6.4252,7.098,7.7709,8.4322
4.708,4.708,4.708,4.708,4.3836,3.86,3.3364,2.8127,2.2891,1.7655,1.3452,10.0,10.0,10.0,10.0,10.0,10.0,10.0,10.0,10.0,10.0,10.0,10.0,10.0,10.0,10.0
1.3135,1.3064,1.3054,1.3125,1.3207,1.3322,1.3437,1.3556,1.3675,1.3794,1.3914,1.3897,1.3783,1.3144,0.9996,1.6874,2.3599,3.0311,3.6983,3.9409,3.6816,3.4222,3.1627,2.9032,2.6436,2.384
1.2191,1.2239,1.2246,1.2198,1.2142,1.2065,1.1987,1.1907,1.1827,1.1746,1.1666,1.1677,1.1754,3.85,3.9219,4.0343,4.1967,4.3618,4.5357,4.7096,4.8845,5.0595,5.2346,5.4097,5.5848,5.7599
1.1075,1.1015,1.1007,1.1067,1.1136,1.1232,1.1329,1.143,1.153,1.1631,1.1732,1.1717,4.4511,4.3973,4.3074,4.1669,3.9639,3.7576,3.5402,3.3229,3.1042,2.8855,2.6667,2.4479,2.229,2.0102
4.647,4.647,4.647,4.647,4.647,4.647,4.647,4.647,4.647,4.647,4.647,4.647,4.647,4.647,4.647,1.3277,1.7793,2.2854,2.7885,3.2916,3.7943,4.297,4.7996,5.3023,5.805,6.3076
2.2832,2.2921,2.2935,2.2845,2.2741,2.2596,2.2451,2.2301,2.215,2.0885,1.4691,7.1154,7.1299,7.2105,7.3452,7.5557,7.8599,8.1691,8.4948,8.8205,9.1482,9.4759,9.8038,10.0,10.0,10.0
0.9161,0.9112,0.9105,0.9154,0.9211,0.9291,0.9372,0.9455,0.9538,0.9621,0.9704,0.9693,0.9613,0.8387,2.8014,3.4469,3.279,3.1083,2.9285,2.7487,2.5678,2.3869,2.2059,2.0249,1.8438,1.6628
1.3662,1.3715,1.3723,1.3669,1.3607,1.352,1.3434,1.3344,1.3254,1.3163,1.3073,1.3086,1.3172,1.3655,1.6272,2.7469,3.8416,4.888,5.0829,5.2777,5.4738,5.6699,5.8661,6.0623,6.2585,6.4547
2.5393,2.5256,2.5236,2.5373,2.5532,2.5754,2.5976,2.6206,2.4481,1.8881,1.3281,10.0,10.0,10.0,9.876,9.5539,9.0885,8.6153,8.1171,7.6187,7.1173,6.6159,6.1142,5.6125,5.1107,4.6089
2.3485,2.3358,2.3339,2.3467,2.3613,2.3818,2.4024,2.4237,2.445,2.4663,2.4877,2.4847,2.4643,2.3501,0.8016,1.3533,1.8925,2.4308,2.966,3.5011,4.0358,4.5705,5.1051,5.1907,4.7266,4.2625
1.3471,1.3524,1.3531,1.3478,1.3417,1.3332,1.3246,1.3157,1.3069,1.298,1.2891,1.2903,4.2066,4.2542,4.3337,4.4579,4.6373,4.8198,5.0119,5.2041,5.3974,5.5908,5.7842,5.9777,6.1712,6.3647
0.9258,0.9208,0.9201,0.9251,0.9309,0.939,0.9471,0.9555,0.9639,0.9723,0.9807,0.9795,0.6638,3.6759,3.6008,3.4833,3.3136,3.1411,2.9595,2.7778,2.5949,2.4121,2.2292,2.0463,1.8633,1.6804
2.4063,2.4157,2.4171,2.4076,2.3967,2.3814,2.3661,2.3503,2.3344,2.3185,2.3026,2.3049,2.3201,2.4051,2.547,1.455,2.0348,2.6136,3.1889,3.7643,4.3392,4.9141,5.4889,6.0638,6.6386,7.2135
4.5153,4.5153,4.5153,4.5153,4.5021,3.9643,3.4265,2.8887,2.3509,1.8131,1.2901,10.0,10.0,10.0,10.0,10.0,10.0,10.0,10.0,10.0,10.0,10.0,10.0,10.0,10.0,10.0
1.0869,1.0811,1.0802,1.0861,1.0929,1.1024,1.1119,1.1217,1.1316,1.1415,1.1513,1.1499,1.1405,0.4421,1.2835,2.1668,3.0302,3.6877,3.4744,3.2611,3.0465,2.8318,2.6171,2.4023,2.1876,1.9728
1.2284,1.2332,1.2339,1.2291,1.2235,1.2157,1.2079,1.1998,1.1917,1.1836,1.1755,1.1766,1.1844,1.8094,3.9518,4.065,4.2287,4.395,4.5702,4.7455,4.9218,5.0981,5.2745,5.4509,5.6273,5.8038
1.3666,1.3593,1.3582,1.3656,1.3741,1.386,1.398,1.4104,1.4228,1.4352,1.4476,0.9485,5.4925,5.426,5.3151,5.1417,4.8913,4.6366,4.3685,4.1003,3.8304,3.5606,3.2906,3.0205,2.7505,2.4804
4.4591,4.4591,4.4591,4.4591,4.4591,4.4591,4.4591,4.4591,4.4591,4.4591,4.4591,4.4591,4.4591,4.4591,4.4591,1.274,1.7591,2.2594,2.7568,3.2542,3.7512,4.2482,4.7451,5.2421,5.739,6.236
1.7395,1.7463,1.7473,1.7404,1.7325,1.7215,1.7104,1.699,1.6875,1.676,1.6645,1.0138,5.4318,5.4933,5.5959,5.7563,5.988,6.2236,6.4717,6.7198,6.9695,7.2192,7.4689,7.7188,7.9686,8.2185
0.8884,0.8837,0.883,0.8878,0.8933,0.9011,0.9089,0.9169,0.925,0.933,0.9411,0.94,0.9323,3.5275,3.4554,3.3427,3.1799,3.0143,2.84,2.6656,2.4902,2.3148,2.1392,1.9637,1.7881,1.6126
1.5833,1.5895,1.5904,1.5842,1.577,1.5669,1.5569,1.5464,1.536,1.5255,1.5151,1.5166,1.5265,1.5825,1.171,1.9768,2.7646,3.5509,4.3326,5.1143,5.8954,6.5711,6.7984,7.0258,7.2532,7.4806
4.4043,4.4043,4.4043,4.4043,4.4043,3.9249,3.3924,2.86,2.3276,1.7951,1.2627,10.0,10.0,10.0,10.0,10.0,10.0,10.0,10.0,10.0,10.0,10.0,10.0,10.0,10.0,10.0
1.5674,1.5589,1.5577,1.5662,1.5759,1.5896,1.6034,1.6176,1.6318,1.646,1.6603,1.6583,1.6446,1.5685,0.9053,1.5283,2.1373,2.7452,3.3495,3.9538,4.3931,4.0836,3.774,3.4643,3.1545,2.8448
1.2545,1.2594,1.2601,1.2552,1.2495,1.2415,1.2335,1.2253,1.217,1.2087,1.2004,1.2016,0.8721,3.9617,4.0357,4.1514,4.3185,4.4884,4.6673,4.8463,5.0263,5.2064,5.3865,5.5667,5.7469,5.9271
1.0212,1.0157,1.0149,1.0204,1.0268,1.0357,1.0447,1.0539,1.0632,1.0725,1.0818,1.0804,0.465,4.0547,3.9718,3.8423,3.6551,3.4648,3.2644,3.064,2.8624,2.6607,2.4589,2.2572,2.0554,1.8535
3.9575,3.9729,3.9752,3.9597,3.9417,3.9166,3.8914,3.8653,3.8393,3.8131,3.787,3.7906,3.8156,3.9555,4.1889,1.3254,1.8536,2.3808,2.9049,3.429,3.9527,4.4764,5.0,5.5237,6.0473,6.571
2.9522,2.9637,2.9654,2.9538,2.9405,2.9217,2.9029,2.8835,2.5373,1.9569,1.3765,9.2002,9.2189,9.3232,9.4973,9.7695,10.0,10.0,10.0,10.0,10.0,10.0,10.0,10.0,10.0,10.0
0.9667,0.9615,0.9607,0.966,0.972,0.9805,0.9889,0.9977,1.0064,1.0152,1.024,1.0228,1.0144,0.5721,1.9108,3.2256,3.46,3.2799,3.0902,2.9005,2.7096,2.5187,2.3277,2.1367,1.9457,1.7546
1.2988,1.3039,1.3046,1.2995,1.2937,1.2854,1.2771,1.2686,1.26,1.2514,1.2429,1.2441,1.2523,0.7374,2.2424,3.7854,4.4711,4.647,4.8323,5.0176,5.204,5.3904,5.5769,5.7634,5.95,6.1365
1.8943,1.8841,1.8826,1.8929,1.9047,1.9212,1.9378,1.955,1.9721,1.9894,1.4207,0.879,7.6133,7.5212,7.3675,7.1272,6.78,6.427,6.0553,5.6836,5.3095,4.9354,4.5612,4.1869,3.8126,3.4382
3.5678,3.5486,3.5458,3.5651,3.5873,3.6185,3.6498,3.6821,3.7144,3.7469,3.7793,3.7747,3.7438,3.5703,3.2808,1.304,1.8237,2.3424,2.858,3.3737,3.8889,4.4042,4.9194,5.4346,5.9498,6.465
1.4625,1.4682,1.4691,1.4633,1.4567,1.4474,1.4381,1.4284,1.4188,1.4092,1.3995,1.3307,4.567,4.6186,4.7049,4.8398,5.0346,5.2327,5.4413,5.6499,5.8598,6.0697,6.2797,6.4898,6.6998,6.9099
0.9036,0.8987,0.898,0.9029,0.9085,0.9164,0.9243,0.9325,0.9407,0.9489,0.9571,0.956,0.9481,3.5875,3.5142,3.3996,3.234,3.0656,2.8883,2.711,2.5326,2.3542,2.1756,1.9971,1.8185,1.64
1.9896,1.9973,1.9985,1.9907,1.9816,1.969,1.9563,1.9432,1.9301,1.917,1.9038,1.9057,1.9182,1.9885,2.1059,1.6056,2.2455,2.8842,3.5191,4.154,4.7884,5.4228,6.0572,6.6915,7.3259,7.9602
4.2352,4.2352,4.2352,4.2352,4.2352,3.9165,3.3852,2.8539,2.3226,1.7913,1.26,10.0,10.0,10.0,10.0,10.0,10.0,10.0,10.0,10.0,10.0,10.0,10.0,10.0,10.0,10.0
1.2217,1.2151,1.2141,1.2208,1.2284,1.2391,1.2498,1.2608,1.2719,1.283,1.2941,1.2925,1.2819,1.2225,1.0971,1.852,2.5901,3.3267,3.9053,3.6655,3.4243,3.183,2.9416,2.7002,2.4588,2.2174
1.2281,1.2329,1.2336,1.2288,1.2232,1.2154,1.2076,1.1995,1.1914,1.1833,1.1752,1.1764,1.1841,3.8785,3.9509,4.0642,4.2278,4.3941,4.5693,4.7445,4.9207,5.097,5.2734,5.4497,5.6261,5.8025
1.1997,1.1933,1.1923,1.1988,1.2063,1.2168,1.2273,1.2382,1.249,1.2599,1.2708,1.089,4.8218,4.7635,4.6661,4.5139,4.294,4.0705,3.835,3.5996,3.3627,3.1258,2.8888,2.6517,2.4146,2.1775
4.1857,4.1857,4.1857,4.1857,4.1857,4.1857,4.1857,4.1857,4.1857,4.1857,4.1857,4.1857,4.1857,4.1857,4.1857,1.2725,1.7796,2.2858,2.7889,3.2921,3.7949,4.2977,4.8004,5.3031,5.8059,6.3086
2.0482,2.0562,2.0574,2.0494,2.0401,2.0271,2.014,2.0005,1.987,1.9735,1.5735,6.3831,6.396,6.4684,6.5892,6.7781,7.0509,7.3284,7.6205,7.9127,8.2066,8.5006,8.7947,9.0889,9.3831,9.6773
0.9095,0.9046,0.9039,0.9088,0.9145,0.9224,0.9304,0.9386,0.9469,0.9552,0.9634,0.9623,0.9544,1.2195,3.5374,3.422,3.2553,3.0858,2.9073,2.7288,2.5493,2.3697,2.19,2.0103,1.8305,1.6508
1.4487,1.4544,1.4552,1.4495,1.443,1.4338,1.4245,1.415,1.4055,1.3959,1.3863,1.3877,1.3968,1.448,1.4224,2.4011,3.358,4.3131,5.2625,5.5967,5.8047,6.0126,6.2206,6.4287,6.6368,6.8449
3.319,3.3012,3.2985,3.3165,3.3372,3.3662,3.3952,2.9635,2.4118,1.8601,1.3084,10.0,10.0,10.0,10.0,10.0,10.0,10.0,10.0,9.9581,9.3027,8.6474,7.9916,7.3358,6.68,6.0241
1.9811,1.9704,1.9688,1.9795,1.9919,2.0092,2.0266,2.0445,2.0625,2.0805,2.0985,2.096,2.0788,1.9824,0.8424,1.4221,1.9889,2.5546,3.1169,3.6792,4.2412,4.8031,4.7701,4.3786,3.9872,3.5957
1.3163,1.3214,1.3222,1.317,1.3111,1.3027,1.2943,1.2856,1.277,1.2683,1.2596,1.2608,0.7009,4.1569,4.2346,4.3559,4.5313,4.7096,4.8973,5.0851,5.274,5.4629,5.6519,5.841,6.03,6.2191
0.9649,0.9597,0.9589,0.9641,0.9701,0.9786,0.987,0.9958,1.0045,1.0133,1.022,1.0208,0.5312,3.8309,3.7526,3.6302,3.4534,3.2736,3.0842,2.8949,2.7044,2.5138,2.3232,2.1326,1.9419,1.7512
2.8457,2.8568,2.8585,2.8473,2.8344,2.8163,2.7982,2.7795,2.7607,2.7419,2.7231,2.7258,2.7437,2.8443,3.0121,1.4093,1.9709,2.5314,3.0887,3.6459,4.2027,4.7596,5.3163,5.8731,6.4299,6.9867
4.0785,4.0785,4.0785,4.0785,4.0785,4.0785,3.5431,2.987,2.4309,1.8749,1.3188,9.905,9.905,9.905,9.905,9.905,9.905,9.905,9.905,9.905,9.905,9.905,9.905,9.905,9.905,9.905
1.0426,1.037,1.0361,1.0418,1.0483,1.0574,1.0665,1.076,1.0854,1.0949,1.1044,1.103,1.094,0.4418,1.4756,2.491,3.4837,3.5373,3.3327,3.1281,2.9222,2.7164,2.5104,2.3044,2.0984,1.8923
1.2607,1.2656,1.2664,1.2614,1.2557,1.2477,1.2397,1.2314,1.2231,1.2147,1.2064,1.2076,1.2155,1.1021,3.6809,4.1721,4.34,4.5107,4.6906,4.8704,5.0513,5.2323,5.4133,5.5944,5.7755,5.9566
1.5377,1.5295,1.5282,1.5366,1.5461,1.5596,1.5731,1.587,1.6009,1.6149,1.5562,0.9,6.1803,6.1055,5.9807,5.7856,5.5038,5.2173,4.9155,4.6137,4.3101,4.0064,3.7026,3.3988,3.0949,2.791
4.0326,4.0326,4.0326,4.0326,4.0326,4.0326,4.0326,4.0326,4.0326,4.0326,4.0326,4.0326,4.0326,4.0326,4.0326,1.2816,1.7924,2.3021,2.8089,3.3157,3.8221,4.3285,4.8348,5.3412,5.8475,6.3539
1.63,1.6363,1.6373,1.6309,1.6235,1.6131,1.6028,1.592,1.5813,1.5705,1.5597,1.1213,5.0899,5.1475,5.2437,5.394,5.6111,5.8319,6.0643,6.2969,6.5308,6.7647,6.9988,7.2329,7.467,7.7011
0.8988,0.894,0.8932,0.8981,0.9037,0.9116,0.9194,0.9276,0.9357,0.9439,0.9521,0.9509,0.9431,3.5686,3.4956,3.3816,3.2169,3.0494,2.873,2.6966,2.5192,2.3417,2.1641,1.9865,1.8089,1.6313
1.7267,1.7335,1.7345,1.7277,1.7199,1.7089,1.6979,1.6865,1.6751,1.6637,1.6523,1.6539,1.6648,1.7258,1.0823,1.8253,2.5526,3.2787,4.0004,4.7221,5.4433,6.1645,6.8857,7.6068,7.9102,8.1582
3.9878,3.9878,3.9878,3.9878,3.9878,3.9422,3.4074,2.8726,2.3378,1.803,1.2682,9.6846,9.6846,9.6846,9.6846,9.6846,9.6846,9.6846,9.6846,9.6846,9.6846,9.6846,9.6846,9.6846,9.6846,9.6846
1.4214,1.4137,1.4126,1.4203,1.4292,1.4416,1.454,1.4669,1.4798,1.4927,1.5056,1.5038,1.4915,1.4224,0.9755,1.6467,2.3029,2.9579,3.609,4.2602,3.9839,3.7033,3.4225,3.1416,2.8607,2.5798
1.2508,1.2557,1.2565,1.2515,1.2459,1.2379,1.23,1.2217,1.2135,1.2052,1.1969,1.1981,1.206,3.9502,4.024,4.1393,4.306,4.4754,4.6538,4.8322,5.0117,5.1913,5.3709,5.5505,5.7302,5.9098
1.0888,1.083,1.0821,1.088,1.0948,1.1043,1.1138,1.1237,1.1335,1.1434,1.1533,1.1519,0.4958,4.323,4.2347,4.0965,3.897,3.6941,3.4805,3.2668,3.0518,2.8368,2.6217,2.4065,2.1914,1.9762
3.9439,3.9439,3.9439,3.9439,3.9439,3.9439,3.9439,3.9439,3.9439,3.9439,3.9439,3.9439,3.9439,3.9439,3.9439,1.3116,1.8343,2.356,2.8747,3.3933,3.9116,4.4298,4.948,5.4662,5.9844,6.5026
2.5385,2.5484,2.5499,2.5399,2.5284,2.5123,2.4961,2.4794,2.4627,2.0668,1.4538,7.9111,7.9271,8.0168,8.1665,8.4006,8.7388,9.0826,9.4447,9.5517,9.5517,9.5517,9.5517,9.5517,9.5517,9.5517
0.9491,0.944,0.9432,0.9484,0.9543,0.9626,0.9709,0.9795,0.9881,0.9967,1.0054,1.0041,0.9959,0.7223,2.4124,3.5709,3.397,3.2201,3.0339,2.8476,2.6602,2.4728,2.2853,2.0978,1.9102,1.7227
1.3599,1.3652,1.366,1.3607,1.3545,1.3459,1.3372,1.3283,1.3193,1.3103,1.3013,1.3026,1.3112,0.7721,1.8464,3.117,4.3592,4.8657,5.0597,5.2537,5.4488,5.644,5.8393,6.0346,6.23,6.4253
2.2802,2.2679,2.2661,2.2784,2.2926,2.3126,2.3326,2.3532,2.3739,1.9662,1.383,9.184,9.1642,9.0533,8.8683,8.579,8.1611,7.7362,7.2888,6.8413,6.3911,5.9408,5.4903,5.0398,4.5892,4.1386
2.7446,2.7299,2.7277,2.7425,2.7596,2.7836,2.8077,2.8325,2.8574,2.8823,2.9073,2.9038,2.88,2.7465,0.8936,1.3544,1.8942,2.433,2.9685,3.5041,4.0393,4.5744,5.1096,5.6447,5.5239,4.9816
1.4106,1.4161,1.417,1.4114,1.405,1.396,1.3871,1.3778,1.3685,1.3592,1.3498,1.3512,4.405,4.4548,4.538,4.6681,4.856,5.0471,5.2483,5.4495,5.652,5.8544,6.057,6.2596,6.4622,6.6648
0.9314,0.9264,0.9256,0.9307,0.9365,0.9446,0.9528,0.9612,0.9696,0.9781,0.9866,0.9854,0.8135,3.6979,3.6224,3.5042,3.3335,3.16,2.9772,2.7944,2.6105,2.4266,2.2426,2.0586,1.8745,1.6905
2.2619,2.2707,2.2721,2.2632,2.2529,2.2385,2.2241,2.2092,2.1943,2.1794,2.1644,2.1666,2.1808,2.2608,2.3942,1.5329,2.1437,2.7534,3.3596,3.9657,4.5714,5.177,5.7826,6.3882,6.9938,7.5995
3.8486,3.8486,3.8486,3.8486,3.8486,3.8486,3.4639,2.9202,2.3766,1.8329,1.2893,9.3466,9.3466,9.3466,9.3466,9.3466,9.3466,9.3466,9.3466,9.3466,9.3466,9.3466,9.3466,9.3466,9.3466,9.3466
1.1528,1.1466,1.1457,1.1519,1.1591,1.1692,1.1793,1.1897,1.2002,1.2106,1.2211,1.2197,1.2096,0.4689,1.2238,2.066,2.8893,3.7111,3.685,3.4588,3.2311,3.0035,2.7758,2.548,2.3202,2.0924
1.2476,1.2525,1.2533,1.2483,1.2427,1.2348,1.2268,1.2186,1.2104,1.2021,1.1939,1.1951,1.2029,3.1457,4.0137,4.1288,4.295,4.464,4.6419,4.8199,4.999,5.178,5.3572,5.5364,5.7156,5.8948
1.3179,1.3108,1.3097,1.3169,1.3251,1.3366,1.3481,1.3601,1.372,1.384,1.396,1.0137,5.2966,5.2325,5.1256,4.9584,4.7169,4.4713,4.2127,3.9541,3.6938,3.4336,3.1732,2.9128,2.6524,2.392
3.8077,3.8077,3.8077,3.8077,3.8077,3.8077,3.8077,3.8077,3.8077,3.8077,3.8077,3.8077,3.8077,3.8077,3.8077,1.2835,1.795,2.3055,2.8131,3.3206,3.8277,4.3349,4.842,5.3491,5.8562,6.3632
1.8758,1.8831,1.8842,1.8768,1.8683,1.8564,1.8445,1.8321,1.8198,1.8074,1.7062,0.9869,5.8575,5.9238,6.0345,6.2074,6.4573,6.7114,6.9789,7.2465,7.5157,7.7849,8.0543,8.3237,8.5931,8.8625
0.9108,0.9059,0.9052,0.9101,0.9158,0.9237,0.9317,0.94,0.9482,0.9565,0.9648,0.9636,0.9557,2.2217,3.5423,3.4268,3.2598,3.0901,2.9114,2.7327,2.5528,2.373,2.193,2.0131,1.8331,1.6531
1.5534,1.5595,1.5604,1.5543,1.5472,1.5373,1.5275,1.5172,1.507,1.4967,1.4865,1.4879,1.4977,1.5526,1.2765,2.1548,3.0135,3.8707,4.7227,5.5748,6.224,6.4469,6.67,6.8931,7.1162,7.3393
3.7677,3.7677,3.7677,3.7677,3.7677,3.7677,3.4941,2.9457,2.3973,1.8489,1.3005,9.1501,9.1501,9.1501,9.1501,9.1501,9.1501,9.1501,9.1501,9.1501,9.1501,9.1501,9.1501,9.1501,9.1501,8.7028
1.7316,1.7223,1.7209,1.7303,1.7411,1.7562,1.7714,1.7871,1.8028,1.8185,1.8343,1.8321,1.817,1.7328,0.8944,1.5098,2.1115,2.712,3.309,3.906,4.5026,4.5116,4.1695,3.8273,3.4851,3.143
1.2983,1.3034,1.3042,1.299,1.2932,1.2849,1.2766,1.2681,1.2595,1.251,1.2424,1.2436,0.7301,4.1002,4.1768,4.2965,4.4694,4.6453,4.8305,5.0157,5.202,5.3884,5.5748,5.7613,5.9477,6.1342
1.0152,1.0097,1.0089,1.0144,1.0207,1.0296,1.0385,1.0477,1.0569,1.0661,1.0753,1.074,0.4623,4.0306,3.9482,3.8195,3.6334,3.4442,3.245,3.0458,2.8454,2.6449,2.4443,2.2438,2.0432,1.8425
3.4978,3.5115,3.5135,3.4998,3.4839,3.4617,3.4394,3.4164,3.3933,3.3702,3.3471,3.3504,3.3724,3.496,3.7024,1.3787,1.9281,2.4765,3.0216,3.5668,4.1115,4.6563,5.201,5.7457,6.2904,6.835
3.4019,3.4152,3.4172,3.4038,3.3884,3.3668,3.3451,3.1168,2.5365,1.9563,1.3761,9.0314,9.0314,9.0314,9.0314,9.0314,9.0314,9.0314,9.0314,9.0314,9.0314,9.0314,9.0314,9.0314,9.0314,9.0314
1.011,1.0055,1.0047,1.0102,1.0165,1.0253,1.0342,1.0434,1.0525,1.0617,1.0709,1.0696,1.0608,0.5224,1.7448,2.9455,3.6184,3.43,3.2317,3.0333,2.8336,2.634,2.4343,2.2345,2.0347,1.8349
1.3053,1.3104,1.3111,1.306,1.3001,1.2918,1.2835,1.2749,1.2663,1.2577,1.249,1.2502,1.2585,0.803,2.6821,4.3195,4.4933,4.6701,4.8563,5.0425,5.2298,5.4172,5.6046,5.7921,5.9795,6.167
1.7685,1.759,1.7575,1.7671,1.7781,1.7936,1.8091,1.8251,1.8411,1.8572,1.4944,0.8642,7.1076,7.0216,6.8781,6.6537,6.3296,6.0001,5.6531,5.306,4.9568,4.6076,4.2582,3.9088,3.5593,3.2098
3.6806,3.6806,3.6806,3.6806,3.6806,3.6806,3.6806,3.6806,3.6806,3.6806,3.6806,3.6806,3.6806,3.6806,3.6806,1.317,1.8419,2.3658,2.8866,3.4073,3.9277,4.4481,4.9685,5.4888,6.0091,6.5295
1.5482,1.5542,1.5551,1.549,1.542,1.5322,1.5223,1.5121,1.5019,1.4917,1.4815,1.2626,4.8346,4.8893,4.9806,5.1233,5.3296,5.5393,5.7601,5.9809,6.2031,6.4253,6.6477,6.87,7.0924,7.3148
0.917,0.912,0.9113,0.9163,0.922,0.93,0.938,0.9463,0.9546,0.963,0.9713,0.9701,0.9622,3.6407,3.5663,3.45,3.2819,3.1111,2.9311,2.7512,2.5701,2.389,2.2079,2.0267,1.8455,1.6643
1.9116,1.919,1.9202,1.9126,1.904,1.8918,1.8797,1.8671,1.8545,1.8418,1.8292,1.831,1.8431,1.9106,1.0436,1.712,2.3942,3.0752,3.7521,4.4291,5.1055,5.7819,6.4583,7.1347,7.811,8.4874
3.6432,3.6432,3.6432,3.6432,3.6432,3.6432,3.4515,2.9098,2.3681,1.8264,1.2847,8.8478,8.8478,8.8478,8.8478,8.8478,8.8478,8.8478,8.8478,8.8478,8.8478,8.8478,8.8478,8.8478,8.8478,8.8478
1.3134,1.3064,1.3053,1.3124,1.3206,1.3321,1.3436,1.3555,1.3674,1.3794,1.3913,1.3896,1.3782,1.3144,1.0649,1.7976,2.514,3.229,3.9398,3.9408,3.6814,3.4221,3.1626,2.903,2.6435,2.3839
1.258,1.2629,1.2636,1.2587,1.253,1.245,1.237,1.2287,1.2204,1.2121,1.2038,1.2049,1.2129,3.9728,4.047,4.163,4.3305,4.5009,4.6804,4.8598,5.0404,5.2209,5.4016,5.5822,5.7629,5.9436
1.1745,1.1681,1.1672,1.1736,1.1809,1.1912,1.2014,1.2121,1.2227,1.2334,1.2441,1.1824,4.7202,4.6631,4.5678,4.4188,4.2036,3.9847,3.7543,3.5238,3.2919,3.0599,2.8279,2.5958,2.3638,2.1317
3.6065,3.6065,3.6065,3.6065,3.6065,3.6065,3.6065,3.6065,3.6065,3.6065,3.6065,3.6065,3.6065,3.6065,3.6065,1.3095,1.8314,2.3523,2.8701,3.3879,3.9053,4.4227,4.9401,5.4574,5.9748,6.4922
2.2508,2.2596,2.2609,2.252,2.2418,2.2275,2.2132,2.1984,2.1835,2.1687,1.5518,1.0279,7.0285,7.108,7.2408,7.4483,7.7481,8.053,8.374,8.6951,8.7368,8.7368,8.7368,8.7368,8.7368,8.7368
0.9404,0.9354,0.9346,0.9397,0.9456,0.9538,0.962,0.9706,0.9791,0.9876,0.9962,0.995,0.9868,0.9813,3.2776,3.5383,3.366,3.1908,3.0062,2.8216,2.6359,2.4502,2.2644,2.0786,1.8928,1.7069
1.438,1.4437,1.4445,1.4388,1.4323,1.4232,1.414,1.4046,1.3951,1.3856,1.3761,1.3774,1.3865,1.4373,1.5873,2.6795,3.7473,4.8132,5.3503,5.5554,5.7618,5.9682,6.1747,6.3812,6.5878,6.7943
2.8744,2.859,2.8566,2.8722,2.8901,2.9153,2.9404,2.9665,2.5061,1.9328,1.3596,8.6715,8.6715,8.6715,8.6715,8.6715,8.6715,8.6715,8.6715,8.6242,8.0566,7.489,6.9211,6.3532,5.7852,5.2172
2.2572,2.2451,2.2433,2.2555,2.2695,2.2893,2.3091,2.3295,2.35,2.3705,2.391,2.3881,2.3685,2.2588,0.8412,1.42,1.9859,2.5507,3.1122,3.6737,4.2347,4.7958,5.3568,4.989,4.543,4.0969
1.3749,1.3803,1.3811,1.3757,1.3695,1.3607,1.352,1.3429,1.3339,1.3248,1.3157,1.317,0.7321,4.3421,4.4232,4.55,4.7331,4.9194,5.1155,5.3116,5.5089,5.7063,5.9037,6.1012,6.2987,6.4962
0.9686,0.9634,0.9627,0.9679,0.9739,0.9824,0.9909,0.9997,1.0084,1.0172,1.0261,1.0248,0.6237,3.8459,3.7673,3.6444,3.4669,3.2864,3.0963,2.9063,2.715,2.5237,2.3323,2.1409,1.9495,1.7581
2.6353,2.6456,2.6471,2.6368,2.6248,2.6081,2.5913,2.5739,2.5566,2.5392,2.5218,2.5242,2.5408,2.634,2.7894,1.4803,2.0702,2.659,3.2443,3.8296,4.4145,4.9994,5.5842,6.1691,6.7539,7.3387
3.5267,3.5267,3.5267,3.5267,3.5267,3.5267,3.5267,3.0141,2.453,1.8918,1.3307,8.5648,8.5648,8.5648,8.5648,8.5648,8.5648,8.5648,8.5648,8.5648,8.5648,8.5648,8.5648,8.5648,8.5648,8.5648
1.1018,1.0959,1.095,1.101,1.1078,1.1175,1.1271,1.1371,1.1471,1.1571,1.1671,1.1657,1.1561,0.4482,1.3922,2.3502,3.2867,3.7382,3.522,3.3058,3.0882,2.8707,2.653,2.4353,2.2176,1.9998
1.2784,1.2834,1.2841,1.2791,1.2733,1.2652,1.257,1.2486,1.2402,1.2317,1.2233,1.2245,1.2325,1.495,4.1125,4.2304,4.4007,4.5738,4.7562,4.9385,5.122,5.3055,5.4891,5.6727,5.8563,6.0399
1.4713,1.4634,1.4623,1.4702,1.4794,1.4923,1.5051,1.5185,1.5318,1.5452,1.5586,0.9576,5.9134,5.8419,5.7225,5.5358,5.2662,4.992,4.7033,4.4145,4.124,3.8335,3.5428,3.252,2.9613,2.6705
3.4923,3.4923,3.4923,3.4923,3.4923,3.4923,3.4923,3.4923,3.4923,3.4923,3.4923,3.4923,3.4923,3.4923,3.4923,1.3057,1.826,2.3454,2.8617,3.378,3.8939,4.4098,4.9257,5.4415,5.9574,6.4732
1.7477,1.7546,1.7556,1.7487,1.7408,1.7297,1.7186,1.7071,1.6955,1.684,1.6724,1.085,5.4577,5.5195,5.6226,5.7837,6.0165,6.2533,6.5025,6.7518,7.0027,7.2535,7.5045,7.7555,8.0066,8.2576
0.9199,0.915,0.9142,0.9192,0.925,0.933,0.9411,0.9494,0.9577,0.9661,0.9745,0.9733,0.9653,3.6525,3.5779,3.4612,3.2926,3.1212,2.9407,2.7601,2.5785,2.3968,2.2151,2.0333,1.8515,1.6697
1.6863,1.6928,1.6938,1.6872,1.6795,1.6688,1.6581,1.647,1.6359,1.6247,1.6136,1.6152,1.6258,1.6854,1.1699,1.9749,2.7619,3.5475,4.3284,5.1093,5.8897,6.67,7.2405,7.4827,7.7249,7.9671
3.4586,3.4586,3.4586,3.4586,3.4586,3.4586,3.4586,2.9539,2.404,1.8541,1.3041,8.3995,8.3995,8.3995,8.3995,8.3995,8.3995,8.3995,8.3995,8.3995,8.3995,8.3995,8.3995,8.3995,8.3995,8.3995
1.5548,1.5464,1.5452,1.5536,1.5633,1.5769,1.5905,1.6046,1.6187,1.6328,1.6469,1.645,1.6314,1.5559,0.9601,1.6208,2.2667,2.9114,3.5523,4.1932,4.3579,4.0508,3.7437,3.4365,3.1292,2.822
1.2923,1.2974,1.2981,1.293,1.2872,1.279,1.2707,1.2622,1.2537,1.2452,1.2366,1.2378,1.0485,4.0812,4.1574,4.2766,4.4487,4.6238,4.8081,4.9924,5.1779,5.3634,5.549,5.7346,5.9202,6.1058
1.0791,1.0733,1.0724,1.0783,1.085,1.0944,1.1039,1.1137,1.1234,1.1333,1.1431,1.1417,0.4914,4.2845,4.1969,4.06,3.8623,3.6612,3.4494,3.2377,3.0246,2.8115,2.5983,2.3851,2.1718,1.9586
3.4256,3.4256,3.4256,3.4256,3.4256,3.4256,3.4256,3.4256,3.4256,3.4256,3.4256,3.4256,3.4256,3.4256,3.4256,1.3617,1.9044,2.446,2.9844,3.5229,4.0609,4.599,5.1369,5.6749,6.2129,6.7509
2.8658,2.877,2.8787,2.8674,2.8544,2.8362,2.818,2.7991,2.6723,2.061,1.4497,8.2994,8.2994,8.2994,8.2994,8.2994,8.2994,8.2994,8.2994,8.2994,8.2994,8.2994,8.2994,8.2994,8.2994,8.2994
0.9904,0.985,0.9842,0.9896,0.9958,1.0044,1.0131,1.0221,1.031,1.04,1.0491,1.0478,1.0392,0.6416,2.143,3.6177,3.5446,3.3601,3.1657,2.9714,2.7758,2.5803,2.3846,2.1889,1.9932,1.7975
1.3638,1.3692,1.37,1.3646,1.3584,1.3497,1.3411,1.3321,1.3231,1.3141,1.3051,1.3063,1.3149,0.7744,2.1374,3.6082,4.6949,4.8796,5.0742,5.2687,5.4645,5.6602,5.856,6.0519,6.2478,6.4437
2.0912,2.08,2.0783,2.0896,2.1026,2.1209,2.1392,2.1582,2.1771,2.0628,1.4509,8.2405,8.2405,8.2405,8.1333,7.868,7.4847,7.095,6.6847,6.2743,5.8614,5.4484,5.0353,4.6221,4.2088,3.7956
3.3011,3.2834,3.2807,3.2986,3.3192,3.348,3.3769,3.3851,3.3851,3.3851,3.3851,3.3851,3.3851,3.3034,3.0355,1.3655,1.9096,2.4528,2.9927,3.5327,4.0722,4.6117,5.1512,5.6907,6.2301,5.9916
1.4886,1.4944,1.4952,1.4894,1.4826,1.4732,1.4637,1.4539,1.4441,1.4343,1.4244,1.4258,4.6483,4.7009,4.7887,4.926,5.1243,5.3259,5.5382,5.7506,5.9642,6.1778,6.3916,6.6054,6.8192,7.033
0.9436,0.9386,0.9378,0.9429,0.9488,0.9571,0.9653,0.9739,0.9824,0.991,0.9996,0.9984,0.9902,3.7467,3.6701,3.5504,3.3774,3.2016,3.0164,2.8312,2.6449,2.4586,2.2721,2.0857,1.8992,1.7127
2.154,2.1624,2.1637,2.1552,2.1455,2.1318,2.1181,2.1039,2.0897,2.0755,2.0612,2.0632,2.0768,2.1529,0.9644,1.628,2.2768,2.9243,3.5681,4.2118,4.8551,5.4983,6.1415,6.7847,7.4279,8.0711
3.3535,3.3535,3.3535,3.3535,3.3535,3.3535,3.3535,2.9729,2.4194,1.866,1.3125,8.1441,8.1441,8.1441,8.1441,8.1441,8.1441,8.1441,8.1441,8.1441,8.1441,8.1441,8.1441,8.1441,8.1441,8.1441
1.2333,1.2266,1.2256,1.2323,1.24,1.2508,1.2616,1.2728,1.2839,1.2951,1.3064,1.3048,1.2941,0.5016,1.18,1.992,2.7859,3.5782,3.9422,3.7002,3.4567,3.2131,2.9695,2.7258,2.4821,2.2384
1.2761,1.2811,1.2818,1.2768,1.271,1.2629,1.2548,1.2464,1.238,1.2296,1.2211,1.2223,1.2304,4.03,4.1053,4.223,4.393,4.5658,4.7478,4.9299,5.113,5.2962,5.4794,5.6627,5.846,6.0293
1.2836,1.2767,1.2756,1.2826,1.2906,1.3018,1.313,1.3247,1.3363,1.348,1.3596,1.0936,5.1587,5.0963,4.9921,4.8293,4.5941,4.3549,4.103,3.8511,3.5977,3.3442,3.0906,2.837,2.5833,2.3297
3.3224,3.3224,3.3224,3.3224,3.3224,3.3224,3.3224,3.3224,3.3224,3.3224,3.3224,3.3224,3.3224,3.3224,3.3224,1.3189,1.8445,2.3691,2.8907,3.4122,3.9333,4.4544,4.9755,5.4966,6.0177,6.5387
2.0438,2.0518,2.053,2.0449,2.0357,2.0227,2.0097,1.9962,1.9827,1.9692,1.6759,0.9692,6.3822,6.4544,6.575,6.7634,7.0357,7.3125,7.604,7.8955,8.0499,8.0499,8.0499,8.0499,8.0499,8.0499
0.9403,0.9352,0.9345,0.9396,0.9454,0.9537,0.9619,0.9704,0.9789,0.9875,0.996,0.9948,0.9867,1.5251,3.6571,3.5378,3.3655,3.1902,3.0057,2.8212,2.6355,2.4499,2.2641,2.0783,1.8925,1.7067
1.537,1.543,1.5439,1.5379,1.5309,1.5211,1.5114,1.5012,1.4911,1.481,1.4708,1.4722,1.4819,1.5362,1.4079,2.3767,3.3238,4.2692,5.209,5.9378,6.1584,6.379,6.5997,6.8205,7.0412,7.262
3.2918,3.2918,3.2918,3.2918,3.2918,3.2918,3.2918,3.0557,2.4868,1.918,1.3491,7.9945,7.9945,7.9945,7.9945,7.9945,7.9945,7.9945,7.9945,7.9945,7.9945,7.9945,7.9945,7.9945,7.8326,7.0636
1.9401,1.9296,1.9281,1.9386,1.9507,1.9676,1.9846,2.0022,2.0198,2.0374,2.0551,2.0526,2.0357,1.9414,0.8907,1.5036,2.1028,2.7009,3.2955,3.89,4.4841,5.0547,4.6714,4.288,3.9046,3.5213
1.3535,1.3588,1.3596,1.3543,1.3481,1.3395,1.3309,1.322,1.3131,1.3042,1.2952,1.2965,0.7207,4.2745,4.3543,4.4791,4.6594,4.8428,5.0358,5.2289,5.4232,5.6174,5.8118,6.0062,6.2006,6.395
1.017,1.0115,1.0107,1.0162,1.0225,1.0314,1.0403,1.0495,1.0587,1.068,1.0772,1.0759,0.5124,4.0378,3.9553,3.8262,3.6399,3.4504,3.2508,3.0512,2.8504,2.6496,2.4487,2.2477,2.0468,1.8458
3.1702,3.1826,3.1844,3.172,3.1576,3.1374,3.1173,3.0964,3.0755,3.0546,3.0336,3.0366,3.0566,3.1686,0.932,1.4448,2.0206,2.5953,3.1666,3.738,4.3088,4.8797,5.4505,6.0214,6.5922,7.163
3.2545,3.2545,3.2545,3.2545,3.2545,3.2545,3.2545,3.1393,2.5549,1.9704,1.386,7.9037,7.9037,7.9037,7.9037,7.9037,7.9037,7.9037,7.9037,7.9037,7.9037,7.9037,7.9037,7.9037,7.9037,7.9037
1.0655,1.0597,1.0589,1.0646,1.0713,1.0806,1.0899,1.0996,1.1092,1.1189,1.1286,1.1272,1.118,0.4858,1.6226,2.7392,3.8134,3.6149,3.4058,3.1967,2.9863,2.7759,2.5654,2.3549,2.1444,1.9338
1.3214,1.3266,1.3274,1.3222,1.3162,1.3078,1.2994,1.2907,1.282,1.2732,1.2645,1.2657,1.2741,0.9969,3.3297,4.3729,4.549,4.7279,4.9164,5.1049,5.2946,5.4842,5.674,5.8638,6.0536,6.2434
1.675,1.666,1.6646,1.6737,1.6841,1.6988,1.7135,1.7286,1.7438,1.759,1.5846,0.9164,6.7318,6.6504,6.5145,6.302,5.995,5.6829,5.3542,5.0255,4.6948,4.364,4.0331,3.7021,3.3711,3.0401
3.2252,3.2252,3.2252,3.2252,3.2252,3.2252,3.2252,3.2252,3.2252,3.2252,3.2252,3.2252,3.2252,3.2252,3.2252,1.3399,1.8738,2.4068,2.9366,3.4664,3.9958,4.5252,5.0546,5.5839,6.1133,6.6426
1.6529,1.6594,1.6604,1.6539,1.6464,1.6359,1.6253,1.6145,1.6036,1.5926,1.5817,1.2125,5.1617,5.2201,5.3176,5.47,5.6902,5.914,6.1498,6.3856,6.6228,6.8601,7.0974,7.3348,7.5722,7.8097
0.9373,0.9322,0.9315,0.9365,0.9424,0.9506,0.9588,0.9673,0.9758,0.9843,0.9928,0.9916,0.9835,3.7214,3.6453,3.5264,3.3546,3.18,2.9961,2.8121,2.627,2.442,2.2568,2.0716,1.8864,1.7012
1.8563,1.8635,1.8646,1.8573,1.8489,1.8371,1.8253,1.8131,1.8008,1.7886,1.7763,1.778,1.7898,1.8553,1.0912,1.8421,2.5762,3.309,4.0374,4.7658,5.4936,6.2215,6.9493,7.6771,7.7801,7.7801
3.1964,3.1964,3.1964,3.1964,3.1964,3.1964,3.1964,2.9881,2.4318,1.8756,1.3193,7.7628,7.7628,7.7628,7.7628,7.7628,7.7628,7.7628,7.7628,7.7628,7.7628,7.7628,7.7628,7.7628,7.7628,7.7628
1.4263,1.4186,1.4175,1.4252,1.4341,1.4466,1.459,1.472,1.4849,1.4978,1.5108,1.509,1.4966,1.4273,1.0436,1.7617,2.4637,3.1645,3.8611,4.2793,3.9977,3.716,3.4343,3.1524,2.8706,2.5887
1.2979,1.303,1.3037,1.2986,1.2927,1.2845,1.2762,1.2677,1.2591,1.2506,1.242,1.2432,1.2514,4.0988,4.1754,4.2951,4.4679,4.6437,4.8289,5.014,5.2003,5.3866,5.5729,5.7593,5.9458,6.1322
1.16,1.1538,1.1529,1.1591,1.1664,1.1765,1.1867,1.1972,1.2077,1.2182,1.2288,1.2273,0.5282,4.6058,4.5117,4.3645,4.1519,3.9358,3.7081,3.4805,3.2514,3.0224,2.7932,2.564,2.3347,2.1055
3.1682,3.1682,3.1682,3.1682,3.1682,3.1682,3.1682,3.1682,3.1682,3.1682,3.1682,3.1682,3.1682,3.1682,0.9052,1.3575,1.8984,2.4384,2.9752,3.5119,4.0483,4.5847,5.121,5.6573,6.1936,6.7299
2.5057,2.5155,2.517,2.5071,2.4958,2.4798,2.4639,2.4474,2.4309,2.194,1.5433,0.9032,7.6772,7.6772,7.6772,7.6772,7.6772,7.6772,7.6772,7.6772,7.6772,7.6772,7.6772,7.6772,7.6772,7.6772
0.9797,0.9744,0.9736,0.9789,0.985,0.9936,1.0022,1.011,1.0199,1.0288,1.0377,1.0365,1.028,0.8329,2.7819,3.6859,3.5063,3.3238,3.1315,2.9393,2.7458,2.5524,2.3588,2.1653,1.9717,1.7781
1.439,1.4446,1.4454,1.4398,1.4333,1.4241,1.415,1.4055,1.396,1.3865,1.377,1.3783,1.3874,1.4383,1.7996,3.038,4.2486,5.1485,5.3538,5.559,5.7656,5.9721,6.1787,6.3854,6.5921,6.7988
2.5671,2.5533,2.5512,2.5651,2.5811,2.6035,2.626,2.6493,2.624,2.0237,1.4235,0.8973,7.6267,7.6267,7.6267,7.6267,7.6267,7.6267,7.6267,7.6267,7.1951,6.6882,6.1811,5.6738,5.1666,4.6593
2.6255,2.6114,2.6093,2.6235,2.6399,2.6628,2.6858,2.7096,2.7334,2.7573,2.7811,2.7778,2.755,2.6273,0.8548,1.4289,1.9984,2.5668,3.1318,3.6968,4.2614,4.826,5.3906,5.803,5.2842,4.7654
1.4474,1.4531,1.4539,1.4482,1.4417,1.4325,1.4233,1.4137,1.4042,1.3946,1.3851,1.3864,4.5199,4.571,4.6564,4.7899,4.9827,5.1787,5.3852,5.5916,5.7994,6.0071,6.215,6.4229,6.6307,6.8386
0.9799,0.9746,0.9738,0.9791,0.9852,0.9938,1.0024,1.0113,1.0201,1.0291,1.038,1.0367,0.7547,3.8906,3.811,3.6867,3.5071,3.3246,3.1323,2.94,2.7465,2.553,2.3594,2.1658,1.9722,1.7785
2.4802,2.4899,2.4913,2.4816,2.4703,2.4546,2.4388,2.4224,2.4061,2.3897,2.3733,2.3756,2.3913,2.4789,0.9286,1.5675,2.1922,2.8157,3.4355,4.0553,4.6747,5.294,5.9133,6.5326,7.1519,7.5605
3.1064,3.1064,3.1064,3.1064,3.1064,3.1064,3.1064,3.0643,2.4938,1.9233,1.3529,0.8875,7.5441,7.5441,7.5441,7.5441,7.5441,7.5441,7.5441,7.5441,7.5441,7.5441,7.5441,7.5441,7.5441,7.5441
1.1743,1.168,1.1671,1.1734,1.1808,1.191,1.2013,1.212,1.2226,1.2333,1.244,1.2424,1.2323,0.4777,1.331,2.2469,3.1423,3.9843,3.7539,3.5234,3.2915,3.0596,2.8276,2.5956,2.3635,2.1315
1.3059,1.311,1.3118,1.3066,1.3007,1.2924,1.2841,1.2755,1.2669,1.2583,1.2496,1.2508,1.2591,2.2881,4.2011,4.3215,4.4955,4.6724,4.8586,5.0449,5.2323,5.4198,5.6073,5.7949,5.9824,6.17
1.4241,1.4164,1.4153,1.423,1.4318,1.4443,1.4568,1.4697,1.4826,1.4955,1.5085,1.0281,5.7234,5.6542,5.5386,5.3579,5.0969,4.8316,4.5521,4.2727,3.9915,3.7103,3.4289,3.1475,2.8661,2.5847
3.0797,3.0797,3.0797,3.0797,3.0797,3.0797,3.0797,3.0797,3.0797,3.0797,3.0797,3.0797,3.0797,3.0797,0.8799,1.3401,1.8741,2.4072,2.9371,3.467,3.9965,4.526,5.0555,5.5849,6.1144,6.6438
1.8924,1.8998,1.9009,1.8935,1.8849,1.8729,1.8608,1.8484,1.8359,1.8234,1.8109,1.0607,5.9096,5.9764,6.0881,6.2626,6.5146,6.771,7.0409,7.3108,7.4632,7.4632,7.4632,7.4632,7.4632,7.4632
0.9486,0.9435,0.9427,0.9479,0.9538,0.9621,0.9704,0.979,0.9876,0.9962,1.0048,1.0036,0.9954,3.3469,3.6893,3.569,3.3951,3.2184,3.0322,2.8461,2.6588,2.4715,2.284,2.0966,1.9092,1.7217
1.6624,1.6689,1.6698,1.6633,1.6558,1.6452,1.6346,1.6237,1.6127,1.6017,1.5907,1.5923,1.6028,1.6615,1.2796,2.16,3.0208,3.8801,4.7342,5.5883,6.4418,6.8992,7.1379,7.3767,7.4314,7.4314
3.0535,3.0535,3.0535,3.0535,3.0535,3.0535,3.0535,3.0535,2.4905,1.9208,1.3511,0.8724,7.4155,7.4155,7.4155,7.4155,7.4155,7.4155,7.4155,7.4155,7.4155,7.4155,7.4155,7.4155,7.4155,7.4155
1.7217,1.7125,1.7111,1.7204,1.7311,1.7462,1.7613,1.7769,1.7925,1.8081,1.8238,1.8216,1.8066,1.7229,0.9534,1.6095,2.2509,2.8912,3.5276,4.164,4.8,4.4858,4.1457,3.8055,3.4652,3.125
1.3453,1.3505,1.3513,1.346,1.3399,1.3314,1.3228,1.314,1.3051,1.2962,1.2873,1.2886,0.8584,4.2485,4.3279,4.4519,4.6311,4.8133,5.0052,5.1971,5.3902,5.5833,5.7764,5.9697,6.1629,6.3561
1.0785,1.0727,1.0719,1.0777,1.0844,1.0939,1.1033,1.1131,1.1229,1.1327,1.1425,1.1411,0.4911,4.2823,4.1948,4.058,3.8603,3.6593,3.4477,3.236,3.023,2.8101,2.597,2.3839,2.1707,1.9576
3.0277,3.0277,3.0277,3.0277,3.0277,3.0277,3.0277,3.0277,3.0277,3.0277,3.0277,3.0277,3.0277,3.0277,0.865,1.4246,1.9923,2.559,3.1224,3.6857,4.2486,4.8115,5.3743,5.9372,6.5,7.0628
3.0213,3.0213,3.0213,3.0213,3.0213,3.0213,3.0213,3.0213,2.6867,2.0721,1.4575,0.8632,7.3374,7.3374,7.3374,7.3374,7.3374,7.3374,7.3374,7.3374,7.3374,7.3374,7.3374,7.3374,7.3374,7.3374
1.0416,1.036,1.0352,1.0408,1.0473,1.0564,1.0655,1.075,1.0844,1.0939,1.1033,1.102,1.093,0.5844,1.952,3.2953,3.728,3.5339,3.3295,3.1251,2.9195,2.7138,2.508,2.3022,2.0964,1.8905
1.3786,1.384,1.3848,1.3794,1.3731,1.3644,1.3556,1.3465,1.3374,1.3283,1.3192,1.3205,1.3292,0.7827,2.5366,4.282,4.7458,4.9325,5.1291,5.3258,5.5237,5.7215,5.9195,6.1175,6.3155,6.5135
1.9534,1.9429,1.9413,1.9519,1.9641,1.9812,1.9983,2.016,2.0337,2.0514,1.5347,0.8875,7.2913,7.2913,7.2913,7.2913,6.9916,6.6276,6.2443,5.8609,5.4752,5.0895,4.7035,4.3175,3.9315,3.5455
2.996,2.996,2.996,2.996,2.996,2.996,2.996,2.996,2.996,2.996,2.996,2.996,2.996,2.996,0.856,1.3873,1.9402,2.492,3.0406,3.5892,4.1374,4.6855,5.2337,5.7818,6.3299,6.878
1.5842,1.5904,1.5913,1.5851,1.5779,1.5679,1.5578,1.5473,1.5369,1.5264,1.516,1.3817,4.9471,5.0031,5.0965,5.2426,5.4537,5.6682,5.8942,6.1202,6.3476,6.5749,6.8024,7.03,7.2575,7.2609
0.9634,0.9583,0.9575,0.9627,0.9687,0.9771,0.9856,0.9943,1.003,1.0118,1.0205,1.0193,1.0109,3.8253,3.7471,3.6249,3.4483,3.2688,3.0797,2.8906,2.7004,2.5101,2.3198,2.1294,1.9391,1.7487
2.077,2.0851,2.0863,2.0782,2.0688,2.0555,2.0423,2.0287,2.015,2.0013,1.9875,1.9895,2.0026,2.076,1.0335,1.7446,2.4399,3.1339,3.8237,4.5136,5.2029,5.8923,6.5816,7.2307,7.2307,7.2307
2.9712,2.9712,2.9712,2.9712,2.9712,2.9712,2.9712,2.9712,2.4819,1.9142,1.3464,0.8489,7.2158,7.2158,7.2158,7.2158,7.2158,7.2158,7.2158,7.2158,7.2158,7.2158,7.2158,7.2158,7.2158,7.2158
1.3321,1.3249,1.3239,1.3311,1.3394,1.351,1.3627,1.3748,1.3868,1.3989,1.411,1.4093,1.3978,1.333,1.1504,1.942,2.7159,3.4883,4.2562,3.9967,3.7337,3.4706,3.2075,2.9442,2.681,2.4178
1.3152,1.3204,1.3211,1.316,1.31,1.3016,1.2933,1.2846,1.2759,1.2673,1.2586,1.2598,1.2681,4.1536,4.2311,4.3524,4.5276,4.7057,4.8933,5.0809,5.2697,5.4585,5.6474,5.8362,6.0252,6.2141
1.2627,1.256,1.2549,1.2618,1.2696,1.2807,1.2917,1.3032,1.3146,1.3261,1.3376,1.1922,5.075,5.0136,4.9112,4.751,4.5195,4.2842,4.0365,3.7886,3.5393,3.29,3.0405,2.791,2.5414,2.2919
2.9468,2.9468,2.9468,2.9468,2.9468,2.9468,2.9468,2.9468,2.9468,2.9468,2.9468,2.9468,2.9468,2.9468,0.8419,1.3657,1.91,2.4532,2.9932,3.5333,4.0729,4.6125,5.1521,5.6916,6.2312,6.7708
2.2532,2.262,2.2633,2.2544,2.2442,2.2299,2.2155,2.2007,2.1859,2.171,1.6616,0.961,7.036,7.1156,7.1417,7.1417,7.1417,7.1417,7.1417,7.1417,7.1417,7.1417,7.1417,7.1417,7.1417,7.1417
0.9783,0.973,0.9723,0.9776,0.9837,0.9922,1.0008,1.0096,1.0185,1.0274,1.0363,1.035,1.0265,1.1837,3.8049,3.6808,3.5015,3.3192,3.1272,2.9352,2.7421,2.5489,2.3556,2.1623,1.969,1.7757
1.5344,1.5403,1.5412,1.5352,1.5283,1.5185,1.5087,1.4986,1.4885,1.4784,1.4682,1.4697,1.4794,1.5336,1.5741,2.6573,3.7162,4.7732,5.7086,5.9275,6.1477,6.3679,6.5882,6.8086,7.029,7.1126
2.9227,2.9227,2.9227,2.9227,2.9227,2.9227,2.9227,2.9227,2.6001,2.0053,1.4105,0.8351,7.0981,7.0981,7.0981,7.0981,7.0981,7.0981,7.0981,7.0981,7.0981,7.0981,7.0981,7.0981,6.6954,6.038
2.2098,2.1979,2.1961,2.2081,2.2218,2.2412,2.2605,2.2805,2.3006,2.3206,2.3407,2.3379,2.3187,2.2113,0.8946,1.5102,2.1121,2.7128,3.31,3.9072,4.5039,5.1006,5.3208,4.8841,4.4475,4.0108
1.4224,1.428,1.4288,1.4232,1.4168,1.4078,1.3987,1.3893,1.38,1.3706,1.3612,1.3625,0.7574,4.4922,4.5761,4.7072,4.8967,5.0894,5.2923,5.4952,5.6993,5.9035,6.1078,6.3121,6.5164,6.7207
1.0272,1.0217,1.0209,1.0264,1.0328,1.0418,1.0508,1.0601,1.0694,1.0788,1.0881,1.0868,0.5991,4.0785,3.9951,3.8648,3.6765,3.4851,3.2836,3.082,2.8791,2.6763,2.4734,2.2704,2.0674,1.8644
2.8991,2.8991,2.8991,2.8991,2.8991,2.8991,2.8859,2.8665,2.8472,2.8278,2.8084,2.8112,2.8297,2.8991,0.9044,1.5267,2.1352,2.7425,3.3462,3.9499,4.5531,5.1564,5.7596,6.3627,6.9659,7.0406
2.8932,2.8932,2.8932,2.8932,2.8932,2.8932,2.8932,2.8932,2.5942,2.0008,1.4073,0.8266,7.0264,7.0264,7.0264,7.0264,7.0264,7.0264,7.0264,7.0264,7.0264,7.0264,7.0264,7.0264,7.0264,7.0264
1.1326,1.1265,1.1256,1.1317,1.1387,1.1487,1.1586,1.1688,1.1791,1.1894,1.1997,1.1982,1.1884,0.4607,1.534,2.5895,3.6214,3.8425,3.6203,3.398,3.1744,2.9508,2.727,2.5032,2.2794,2.0556
1.3485,1.3537,1.3545,1.3492,1.3431,1.3345,1.326,1.3171,1.3082,1.2993,1.2904,1.2916,1.3001,1.3054,4.3381,4.4625,4.6421,4.8247,5.0171,5.2094,5.403,5.5965,5.7901,5.9838,6.1775,6.3712
1.6082,1.5996,1.5983,1.607,1.617,1.6311,1.6451,1.6597,1.6743,1.6889,1.6955,0.9805,6.4635,6.3853,6.2548,6.0507,5.756,5.4563,5.1408,4.8252,4.5076,4.19,3.8723,3.5545,3.2367,2.9189
2.8701,2.8701,2.8701,2.8701,2.8701,2.8701,2.8701,2.8701,2.8701,2.8701,2.8701,2.8701,2.8701,2.8701,0.82,1.3739,1.9214,2.4679,3.0112,3.5544,4.0973,4.6401,5.1829,5.7257,6.2685,6.8113
1.7817,1.7887,1.7897,1.7827,1.7746,1.7633,1.752,1.7402,1.7285,1.7167,1.705,1.1784,5.5638,5.6268,5.7319,5.8962,6.1335,6.3748,6.6289,6.8831,6.9562,6.9562,6.9562,6.9562,6.9562,6.9562
0.9656,0.9604,0.9596,0.9649,0.9709,0.9793,0.9878,0.9965,1.0053,1.0141,1.0228,1.0216,1.0132,3.8339,3.7555,3.633,3.4561,3.2761,3.0866,2.8971,2.7065,2.5158,2.325,2.1342,1.9434,1.7526
1.822,1.8291,1.8302,1.823,1.8148,1.8032,1.7916,1.7796,1.7676,1.7555,1.7435,1.7452,1.7567,1.8211,1.1864,2.0027,2.8008,3.5974,4.3894,5.1813,5.9726,6.7639,6.9286,6.9286,6.9286,6.9286
2.8473,2.8473,2.8473,2.8473,2.8473,2.8473,2.8473,2.8473,2.5171,1.9413,1.3655,0.8135,6.9148,6.9148,6.9148,6.9148,6.9148,6.9148,6.9148,6.9148,6.9148,6.9148,6.9148,6.9148,6.9148,6.9148
1.5665,1.5581,1.5568,1.5653,1.5751,1.5888,1.6025,1.6167,1.6309,1.6451,1.6594,1.6574,1.6438,1.5676,1.0329,1.7437,2.4385,3.1321,3.8216,4.5111,4.3907,4.0814,3.7719,3.4624,3.1528,2.8433
1.3498,1.355,1.3558,1.3505,1.3444,1.3358,1.3272,1.3183,1.3095,1.3005,1.2916,1.2929,1.3014,4.2627,4.3423,4.4667,4.6465,4.8294,5.0219,5.2144,5.4081,5.6019,5.7957,5.9896,6.1834,6.3773
1.1565,1.1503,1.1494,1.1556,1.1628,1.173,1.1831,1.1936,1.204,1.2146,1.2251,1.2236,0.5266,4.5919,4.4981,4.3513,4.1394,3.9239,3.6969,3.47,3.2416,3.0132,2.7847,2.5562,2.3277,2.0991
2.8248,2.8248,2.8248,2.8248,2.8248,2.8248,2.8248,2.8248,2.8248,2.8248,2.8248,2.8248,2.8248,2.8248,0.8403,1.4186,1.9839,2.5482,3.1091,3.67,4.2305,4.7911,5.3515,5.912,6.4724,6.8603
2.8193,2.8193,2.8193,2.8193,2.8193,2.8031,2.7851,2.7664,2.7478,2.2015,1.5485,0.8956,6.8468,6.8468,6.8468,6.8468,6.8468,6.8468,6.8468,6.8468,6.8468,6.8468,6.8468,6.8468,6.8468,6.8468
1.0289,1.0234,1.0226,1.0281,1.0345,1.0435,1.0525,1.0619,1.0712,1.0805,1.0899,1.0886,1.0796,0.7346,2.4534,3.8712,3.6826,3.4909,3.289,3.0871,2.8839,2.6807,2.4775,2.2742,2.0708,1.8675
1.4524,1.4581,1.4589,1.4532,1.4466,1.4374,1.4281,1.4186,1.409,1.3994,1.3898,1.3912,1.4003,0.8024,2.0796,3.5106,4.9095,5.1965,5.4037,5.6109,5.8193,6.0278,6.2364,6.4449,6.6536,6.82
2.3507,2.338,2.3361,2.3489,2.3635,2.3841,2.4047,2.426,2.4473,2.1368,1.503,0.8692,6.8066,6.8066,6.8066,6.8066,6.8066,6.8066,6.8066,6.8066,6.5886,6.1245,5.66,5.1956,4.7311,4.2665
2.7973,2.7973,2.7973,2.7973,2.7973,2.7973,2.7973,2.7973,2.7973,2.7973,2.7973,2.7973,2.7973,2.7973,0.859,1.4501,2.028,2.6048,3.1782,3.7516,4.3246,4.8975,5.4704,6.0433,6.3079,5.6885
1.537,1.5431,1.544,1.5379,1.5309,1.5212,1.5114,1.5013,1.4911,1.481,1.4708,1.4723,4.7998,4.8541,4.9448,5.0865,5.2912,5.4994,5.7186,5.9379,6.1585,6.3791,6.5998,6.7801,6.7801,6.7801
0.9995,0.9941,0.9933,0.9987,1.005,1.0137,1.0224,1.0315,1.0406,1.0496,1.0587,1.0575,0.9507,3.9684,3.8873,3.7605,3.5773,3.3911,3.195,2.9988,2.8015,2.6041,2.4066,2.2091,2.0116,1.8141
2.3696,2.3789,2.3802,2.3709,2.3602,2.3451,2.33,2.3144,2.2988,2.2832,2.2675,2.2697,2.2847,2.3684,0.9922,1.675,2.3425,3.0088,3.6711,4.3334,4.9953,5.6571,6.3189,6.7538,6.7538,6.7538
2.7756,2.7756,2.7756,2.7756,2.7756,2.7756,2.7756,2.7756,2.5562,1.9715,1.3867,0.802,6.7408,6.7408,6.7408,6.7408,6.7408,6.7408,6.7408,6.7408,6.7408,6.7408,6.7408,6.7408,6.7408,6.7408
1.2637,1.2569,1.2559,1.2627,1.2706,1.2816,1.2927,1.3041,1.3156,1.3271,1.3386,1.3369,1.326,0.514,1.289,2.176,3.0432,3.9088,4.0394,3.7914,3.5419,3.2924,3.0427,2.793,2.5433,2.2936
1.345,1.3502,1.351,1.3457,1.3396,1.3311,1.3225,1.3136,1.3048,1.2959,1.287,1.2883,1.2968,4.2475,4.3268,4.4508,4.63,4.8121,5.004,5.1958,5.3888,5.5819,5.775,5.9682,6.1614,6.3545
1.3942,1.3867,1.3856,1.3931,1.4018,1.414,1.4262,1.4389,1.4515,1.4642,1.4769,1.1152,5.6034,5.5357,5.4225,5.2456,4.9901,4.7303,4.4567,4.1831,3.9078,3.6325,3.3571,3.0816,2.8061,2.5305
2.7543,2.7543,2.7543,2.7543,2.7543,2.7543,2.7543,2.7543,2.7543,2.7543,2.7543,2.7543,2.7543,2.7543,0.8214,1.3867,1.9393,2.4909,3.0392,3.5875,4.1354,4.6833,5.2312,5.7791,6.3269,6.689
2.072,2.0801,2.0813,2.0731,2.0638,2.0506,2.0374,2.0238,2.0101,1.9964,1.8119,1.0479,6.4702,6.5435,6.6657,6.6761,6.6761,6.6761,6.6761,6.6761,6.6761,6.6761,6.6761,6.6761,6.6761,6.6761
0.9862,0.9809,0.9801,0.9854,0.9916,1.0002,1.0088,1.0178,1.0267,1.0357,1.0447,1.0434,1.0348,2.0186,3.8356,3.7105,3.5297,3.346,3.1525,2.9589,2.7642,2.5694,2.3746,2.1797,1.9849,1.79
1.6551,1.6615,1.6625,1.656,1.6485,1.638,1.6274,1.6165,1.6056,1.5947,1.5837,1.5853,1.5957,1.6542,1.4169,2.392,3.3452,4.2967,5.2425,6.1883,6.6313,6.6506,6.6506,6.6506,6.6506,6.6506
2.7333,2.7333,2.7333,2.7333,2.7333,2.7333,2.7333,2.7333,2.6017,2.0065,1.4114,0.8162,6.6379,6.6379,6.6379,6.6379,6.6379,6.6379,6.6379,6.6379,6.6379,6.6379,6.6379,6.6379,6.6379,6.6379
1.934,1.9236,1.9221,1.9326,1.9446,1.9615,1.9785,1.996,2.0135,2.0311,2.0487,2.0462,2.0294,1.9354,0.9557,1.6134,2.2564,2.8981,3.5361,4.1741,4.8116,5.039,4.6569,4.2747,3.8925,3.5103
1.4123,1.4178,1.4186,1.4131,1.4067,1.3977,1.3887,1.3794,1.3701,1.3608,1.3514,1.3528,0.752,4.4601,4.5434,4.6736,4.8618,5.0531,5.2545,5.456,5.6587,5.8614,6.0642,6.267,6.4698,6.6127
1.0878,1.0819,1.0811,1.087,1.0937,1.1033,1.1128,1.1226,1.1325,1.1424,1.1523,1.1509,0.5041,4.319,4.2307,4.0927,3.8934,3.6907,3.4772,3.2637,3.0489,2.8341,2.6192,2.4043,2.1893,1.9744
2.7126,2.7126,2.7126,2.7126,2.7126,2.7126,2.7126,2.7126,2.7126,2.7126,2.7126,2.7126,2.7126,2.7126,0.8905,1.5034,2.1024,2.7004,3.2949,3.8893,4.4833,5.0773,5.6713,6.2653,6.5877,6.5877
2.7075,2.7075,2.7075,2.7075,2.7075,2.7075,2.7075,2.7075,2.7075,2.1016,1.4783,0.8549,6.5753,6.5753,6.5753,6.5753,6.5753,6.5753,6.5753,6.5753,6.5753,6.5753,6.5753,6.5753,6.5753,6.5753
1.1052,1.0993,1.0984,1.1044,1.1113,1.1209,1.1306,1.1406,1.1506,1.1607,1.1707,1.1693,1.1597,0.5439,1.8166,3.0666,3.9558,3.7499,3.533,3.3161,3.0978,2.8796,2.6612,2.4428,2.2244,2.006
1.4056,1.4111,1.412,1.4064,1.4,1.3911,1.3822,1.3729,1.3637,1.3544,1.3451,1.3464,1.3553,0.9309,3.1094,4.6516,4.8389,5.0292,5.2297,5.4302,5.632,5.8337,6.0356,6.2375,6.4393,6.5505
1.8556,1.8457,1.8442,1.8542,1.8658,1.882,1.8983,1.9151,1.9319,1.9488,1.6382,0.9474,6.5382,6.5382,6.5382,6.5382,6.5382,6.2959,5.9317,5.5676,5.2011,4.8347,4.4681,4.1014,3.7348,3.3681
2.6872,2.6872,2.6872,2.6872,2.6872,2.6872,2.6872,2.6872,2.6872,2.6872,2.6872,2.6872,2.6872,2.6872,0.8421,1.4216,1.9882,2.5536,3.1158,3.6779,4.2396,4.8014,5.363,5.9247,6.4863,6.526
1.7023,1.709,1.71,1.7033,1.6956,1.6848,1.6739,1.6627,1.6515,1.6403,1.629,1.3328,5.316,5.3761,5.4765,5.6335,5.8603,6.0908,6.3336,6.5138,6.5138,6.5138,6.5138,6.5138,6.5138,6.5138
0.992,0.9867,0.9859,0.9913,0.9975,1.0061,1.0148,1.0238,1.0328,1.0418,1.0508,1.0496,1.0409,3.9388,3.8583,3.7324,3.5506,3.3658,3.1711,2.9764,2.7805,2.5846,2.3887,2.1926,1.9966,1.8006
2.0277,2.0356,2.0368,2.0288,2.0196,2.0068,1.9939,1.9805,1.9671,1.9537,1.9403,1.9422,1.955,2.0267,1.1189,1.8888,2.6415,3.3928,4.1397,4.8865,5.6328,6.3791,6.4895,6.4895,6.4895,6.4895
2.6672,2.6672,2.6672,2.6672,2.6672,2.6672,2.6672,2.6672,2.5677,1.9804,1.393,0.8056,6.4774,6.4774,6.4774,6.4774,6.4774,6.4774,6.4774,6.4774,6.4774,6.4774,6.4774,6.4774,6.4774,6.4774
1.4547,1.4469,1.4457,1.4536,1.4626,1.4754,1.4881,1.5013,1.5145,1.5277,1.5409,1.5391,1.5264,1.4557,1.1342,1.9146,2.6776,3.4392,4.1963,4.3646,4.0773,3.7901,3.5027,3.2152,2.9278,2.6403
1.3671,1.3724,1.3732,1.3679,1.3617,1.353,1.3443,1.3353,1.3263,1.3172,1.3082,1.3095,1.3181,4.3174,4.398,4.5241,4.7062,4.8914,5.0864,5.2814,5.4776,5.6738,5.8701,6.0665,6.2628,6.4534
1.2553,1.2486,1.2476,1.2544,1.2622,1.2732,1.2842,1.2955,1.3069,1.3183,1.3297,1.3155,5.0452,4.9842,4.8823,4.7231,4.493,4.2591,4.0128,3.7664,3.5185,3.2707,3.0226,2.7746,2.5265,2.2785
2.6475,2.6475,2.6475,2.6475,2.6475,2.6475,2.6475,2.6475,2.6475,2.6475,2.6475,2.6475,2.6475,2.6475,0.8449,1.4263,1.9948,2.5621,3.1261,3.6901,4.2537,4.8173,5.3808,5.9443,6.4295,6.4295
2.518,2.5279,2.5293,2.5194,2.508,2.492,2.476,2.4594,2.4428,2.3654,1.6638,0.9623,6.4177,6.4177,6.4177,6.4177,6.4177,6.4177,6.4177,6.4177,6.4177,6.4177,6.4177,6.4177,6.4177,6.4177
1.0267,1.0212,1.0204,1.0259,1.0323,1.0413,1.0503,1.0596,1.0689,1.0783,1.0876,1.0863,1.0774,0.9864,3.2947,3.863,3.6748,3.4835,3.282,3.0805,2.8778,2.6751,2.4722,2.2693,2.0664,1.8635
1.5463,1.5524,1.5533,1.5472,1.5402,1.5304,1.5205,1.5103,1.5002,1.4899,1.4797,1.4812,1.4909,0.7522,1.7883,3.0189,4.222,5.4229,5.7532,5.9738,6.1957,6.3941,6.3941,6.3941,6.3941,6.3941
2.628,2.628,2.628,2.628,2.628,2.628,2.628,2.628,2.628,2.1153,1.4879,0.8605,6.3824,6.3824,6.3824,6.3824,6.3824,6.3824,6.3824,6.3824,6.3824,6.3824,6.3824,6.3824,5.9443,5.3606
2.5677,2.5539,2.5518,2.5657,2.5817,2.6042,2.6232,2.6232,2.6232,2.6232,2.6232,2.6232,2.6232,2.5695,0.9069,1.531,2.1411,2.7501,3.3555,3.9608,4.5658,5.1707,5.7756,5.6752,5.1678,4.6604
1.5085,1.5144,1.5153,1.5094,1.5025,1.4929,1.4833,1.4734,1.4635,1.4535,1.4435,1.4449,0.7481,4.764,4.8529,4.992,5.193,5.3973,5.6125,5.8276,6.0442,6.2607,6.3591,6.3591,6.3591,6.3591
1.047,1.0414,1.0405,1.0462,1.0527,1.0619,1.071,1.0805,1.09,1.0995,1.109,1.1077,0.7197,4.157,4.072,3.9392,3.7473,3.5522,3.3468,3.1413,2.9346,2.7278,2.521,2.3141,2.1072,1.9003
2.6089,2.6089,2.6089,2.6089,2.6089,2.6089,2.6089,2.6089,2.6089,2.6089,2.6089,2.6089,2.6089,2.6089,0.9647,1.6285,2.2774,2.9252,3.5691,4.213,4.8565,5.4999,6.1433,6.3359,6.3359,6.3359
2.6042,2.6042,2.6042,2.6042,2.6042,2.6042,2.6042,2.6042,2.6042,2.0498,1.4418,0.8338,6.3244,6.3244,6.3244,6.3244,6.3244,6.3244,6.3244,6.3244,6.3244,6.3244,6.3244,6.3244,6.3244,6.3244
1.2157,1.2091,1.2081,1.2147,1.2223,1.2329,1.2436,1.2546,1.2656,1.2767,1.2877,1.2862,1.2756,0.4945,1.4729,2.4864,3.4772,4.1245,3.886,3.6474,3.4073,3.1673,2.9271,2.6869,2.4467,2.2065
1.3883,1.3937,1.3945,1.3891,1.3828,1.374,1.3651,1.356,1.3468,1.3377,1.3285,1.3298,1.3386,1.861,4.4663,4.5943,4.7792,4.9672,5.1653,5.3633,5.5626,5.7618,5.9612,6.1606,6.3015,6.3015
1.565,1.5566,1.5553,1.5638,1.5736,1.5872,1.6009,1.6151,1.6293,1.6435,1.6578,1.0599,6.2898,6.2137,6.0867,5.8882,5.6014,5.3097,5.0026,4.6955,4.3865,4.0775,3.7683,3.459,3.1498,2.8405
2.5854,2.5854,2.5854,2.5854,2.5854,2.5854,2.5854,2.5854,2.5854,2.5854,2.5854,2.5854,2.5854,2.5854,0.8419,1.4213,1.9876,2.553,3.115,3.6769,4.2385,4.8001,5.3616,5.9231,6.2788,6.2788
1.9416,1.9492,1.9503,1.9427,1.9339,1.9215,1.9092,1.8964,1.8836,1.8708,1.8579,1.1592,6.0631,6.1317,6.2462,6.2675,6.2675,6.2675,6.2675,6.2675,6.2675,6.2675,6.2675,6.2675,6.2675,6.2675
1.0036,0.9982,0.9974,1.0029,1.0091,1.0179,1.0267,1.0358,1.0449,1.054,1.0631,1.0618,1.0531,3.9848,3.9034,3.7761,3.5921,3.4051,3.2082,3.0112,2.813,2.6149,2.4166,2.2183,2.0199,1.8216
1.8084,1.8155,1.8165,1.8094,1.8012,1.7897,1.7782,1.7663,1.7544,1.7425,1.7305,1.7322,1.7436,1.8075,1.3051,2.2032,3.0812,3.9576,4.8288,5.7,6.245,6.245,6.245,6.245,6.245,6.245
2.5669,2.5669,2.5669,2.5669,2.5669,2.5669,2.5669,2.5669,2.5669,2.0274,1.426,0.8247,6.2338,6.2338,6.2338,6.2338,6.2338,6.2338,6.2338,6.2338,6.2338,6.2338,6.2338,6.2338,6.2338,6.2338
1.7433,1.7339,1.7325,1.7419,1.7528,1.7681,1.7833,1.7991,1.8149,1.8308,1.8466,1.8444,1.8292,1.7445,1.0331,1.7441,2.4391,3.1328,3.8225,4.5121,4.8862,4.542,4.1976,3.8531,3.5086,3.1641
1.4164,1.4219,1.4228,1.4172,1.4108,1.4018,1.3928,1.3834,1.3741,1.3647,1.3554,1.3567,1.0419,4.4731,4.5566,4.6872,4.8759,5.0677,5.2698,5.4718,5.6751,5.8784,6.0818,6.2116,6.2116,6.2116
1.1647,1.1584,1.1575,1.1638,1.171,1.1812,1.1914,1.202,1.2125,1.2231,1.2337,1.2322,0.5303,4.6243,4.5297,4.382,4.1685,3.9515,3.723,3.4944,3.2644,3.0344,2.8043,2.5742,2.3441,2.1139
2.5486,2.5486,2.5486,2.5486,2.5486,2.5486,2.5486,2.5486,2.5486,2.5486,2.5486,2.5486,2.5486,2.5486,0.8862,1.496,2.0922,2.6873,3.2789,3.8704,4.4615,5.0527,5.6437,6.1895,6.1895,6.1895
2.5441,2.5441,2.5441,2.5441,2.5441,2.5441,2.5441,2.5441,2.5441,2.2306,1.569,0.9074,6.1785,6.1785,6.1785,6.1785,6.1785,6.1785,6.1785,6.1785,6.1785,6.1785,6.1785,6.1785,6.1785,6.1785
1.0908,1.0849,1.084,1.0899,1.0967,1.1063,1.1158,1.1257,1.1356,1.1455,1.1554,1.154,1.1446,0.6678,2.2303,3.7651,3.9041,3.7008,3.4868,3.2727,3.0573,2.8419,2.6264,2.4109,2.1953,1.9798
1.4799,1.4857,1.4866,1.4808,1.474,1.4646,1.4552,1.4455,1.4357,1.4259,1.4162,1.4175,1.4269,0.7366,2.4602,4.1532,5.0946,5.295,5.5061,5.7172,5.9296,6.142,6.1567,6.1567,6.1567,6.1567
2.2,2.1882,2.1864,2.1983,2.212,2.2313,2.2505,2.2705,2.2904,2.2779,1.6023,0.9267,6.1458,6.1458,6.1458,6.1458,6.1458,6.1458,6.1458,6.1458,6.1458,5.7319,5.2972,4.8625,4.4278,3.993
2.5262,2.5262,2.5262,2.5262,2.5262,2.5262,2.5262,2.5262,2.5262,2.5262,2.5262,2.5262,2.5262,2.5262,0.8799,1.4854,2.0773,2.6682,3.2556,3.8429,4.4298,5.0167,5.6036,6.135,6.135,6.135
1.6485,1.6549,1.6559,1.6494,1.6419,1.6315,1.621,1.6101,1.5993,1.5884,1.5775,1.5402,5.1478,5.2061,5.3033,5.4553,5.6749,5.8982,6.1242,6.1242,6.1242,6.1242,6.1242,6.1242,6.1242,6.1242
1.029,1.0234,1.0226,1.0282,1.0346,1.0436,1.0526,1.0619,1.0713,1.0806,1.09,1.0886,1.0797,4.0855,4.002,3.8714,3.6829,3.4911,3.2892,3.0873,2.8841,2.6809,2.4776,2.2743,2.071,1.8676
2.2975,2.3065,2.3078,2.2988,2.2884,2.2738,2.2591,2.244,2.2289,2.2137,2.1985,2.2007,2.2152,2.2963,1.0713,1.8085,2.5292,3.2486,3.9637,4.6789,5.3934,6.1027,6.1027,6.1027,6.1027,6.1027
2.5085,2.5085,2.5085,2.5085,2.5085,2.5085,2.5085,2.5085,2.5085,2.0395,1.4346,0.8297,6.092,6.092,6.092,6.092,6.092,6.092,6.092,6.092,6.092,6.092,6.092,6.092,6.092,6.092
1.3748,1.3674,1.3663,1.3737,1.3823,1.3943,1.4063,1.4188,1.4312,1.4437,1.4562,1.4545,1.4425,1.3757,1.2648,2.1351,2.9859,3.8352,4.3945,4.1247,3.8533,3.5818,3.3102,3.0385,2.7669,2.4952
1.398,1.4035,1.4043,1.3988,1.3924,1.3836,1.3747,1.3655,1.3562,1.347,1.3378,1.3391,1.3479,4.415,4.4974,4.6263,4.8126,5.0019,5.2013,5.4007,5.6014,5.802,6.0028,6.0708,6.0708,6.0708
1.3814,1.374,1.3729,1.3803,1.3889,1.401,1.4131,1.4256,1.4382,1.4507,1.4633,1.2239,5.5519,5.4847,5.3726,5.1974,4.9442,4.6868,4.4157,4.1446,3.8719,3.5991,3.3262,3.0532,2.7802,2.5073
2.4911,2.4911,2.4911,2.4911,2.4911,2.4911,2.4911,2.4911,2.4911,2.4911,2.4911,2.4911,2.4911,2.4911,0.8579,1.4482,2.0254,2.6014,3.1741,3.7467,4.319,4.8912,5.4634,6.0355,6.0497,6.0497
2.2979,2.3069,2.3083,2.2992,2.2888,2.2742,2.2596,2.2444,2.2293,2.2141,1.8101,1.0468,6.0392,6.0392,6.0392,6.0392,6.0392,6.0392,6.0392,6.0392,6.0392,6.0392,6.0392,6.0392,6.0392,6.0392
1.0349,1.0293,1.0285,1.0341,1.0406,1.0496,1.0587,1.0681,1.0774,1.0868,1.0963,1.0949,1.0859,1.4864,4.0251,3.8938,3.7041,3.5113,3.3082,3.1051,2.9007,2.6964,2.4919,2.2874,2.0829,1.8784
1.6654,1.6719,1.6729,1.6663,1.6588,1.6482,1.6376,1.6266,1.6157,1.6047,1.5937,1.5952,1.6057,1.6646,1.592,2.6874,3.7584,4.8273,5.89,6.0183,6.0183,6.0183,6.0183,6.0183,6.0183,6.0183
2.4739,2.4739,2.4739,2.4739,2.4739,2.4739,2.4739,2.4739,2.4739,2.116,1.4884,0.8608,6.0079,6.0079,6.0079,6.0079,6.0079,6.0079,6.0079,6.0079,6.0079,6.0079,6.0079,6.0079,6.0079,6.0079
2.2096,2.1978,2.196,2.208,2.2217,2.2411,2.2604,2.2804,2.3004,2.3205,2.3406,2.3378,2.3186,2.2112,0.9679,1.634,2.2851,2.9351,3.5812,4.2273,4.8729,5.5186,5.3205,4.8839,4.4472,4.0106
1.497,1.5028,1.5037,1.4978,1.491,1.4815,1.472,1.4621,1.4523,1.4424,1.4325,1.4339,0.7044,4.7276,4.8159,4.9539,5.1534,5.3561,5.5696,5.7832,5.9873,5.9873,5.9873,5.9873,5.9873,5.9873
1.1081,1.1022,1.1013,1.1073,1.1142,1.1239,1.1336,1.1436,1.1537,1.1638,1.1738,1.1724,0.5894,4.3998,4.3099,4.1693,3.9662,3.7597,3.5423,3.3248,3.106,2.8872,2.6682,2.4493,2.2303,2.0113
2.4569,2.4569,2.4569,2.4569,2.4569,2.4569,2.4569,2.4569,2.4569,2.4569,2.4569,2.4569,2.4569,2.4569,0.9491,1.6022,2.2406,2.8779,3.5114,4.145,4.778,5.411,5.9668,5.9668,5.9668,5.9668
2.4527,2.4527,2.4527,2.4527,2.4527,2.4527,2.4527,2.4527,2.4527,2.1526,1.5142,0.8757,5.9565,5.9565,5.9565,5.9565,5.9565,5.9565,5.9565,5.9565,5.9565,5.9565,5.9565,5.9565,5.9565,5.9565
1.1848,1.1784,1.1774,1.1838,1.1912,1.2016,1.212,1.2227,1.2334,1.2442,1.255,1.2535,1.2432,0.5161,1.7239,2.9101,4.0698,4.0196,3.7872,3.5546,3.3207,3.0868,2.8527,2.6186,2.3845,2.1504
1.4472,1.4528,1.4537,1.448,1.4414,1.4322,1.423,1.4135,1.404,1.3944,1.3848,1.3862,1.3953,1.193,3.9848,4.7891,4.9819,5.1779,5.3843,5.5907,5.7984,5.9362,5.9362,5.9362,5.9362,5.9362
1.7916,1.782,1.7805,1.7902,1.8014,1.817,1.8327,1.849,1.8652,1.8815,1.7673,1.0221,5.9261,5.9261,5.9261,5.9261,5.9261,5.9261,5.727,5.3754,5.0216,4.6678,4.3139,3.9598,3.6058,3.2518
2.436,2.436,2.436,2.436,2.436,2.436,2.436,2.436,2.436,2.436,2.436,2.436,2.436,2.436,0.8713,1.4709,2.0571,2.6421,3.2238,3.8054,4.3866,4.9677,5.5489,5.9161,5.9161,5.9161
1.8497,1.8569,1.858,1.8507,1.8423,1.8305,1.8188,1.8066,1.7944,1.7822,1.77,1.304,5.776,5.8413,5.906,5.906,5.906,5.906,5.906,5.906,5.906,5.906,5.906,5.906,5.906,5.906
1.0314,1.0258,1.025,1.0306,1.037,1.046,1.0551,1.0644,1.0737,1.0831,1.0925,1.0912,1.0822,4.095,4.0113,3.8804,3.6914,3.4992,3.2968,3.0944,2.8908,2.6871,2.4834,2.2796,2.0758,1.872
2.0052,2.013,2.0142,2.0063,1.9972,1.9844,1.9717,1.9585,1.9453,1.932,1.9188,1.9206,1.9333,2.0041,1.2257,2.0691,2.8936,3.7166,4.5348,5.3529,5.8861,5.8861,5.8861,5.8861,5.8861,5.8861
2.4196,2.4196,2.4196,2.4196,2.4196,2.4196,2.4196,2.4196,2.4196,2.0687,1.4551,0.8415,5.8761,5.8761,5.8761,5.8761,5.8761,5.8761,5.8761,5.8761,5.8761,5.8761,5.8761,5.8761,5.8761,5.8761
1.6089,1.6003,1.599,1.6077,1.6177,1.6318,1.6459,1.6605,1.675,1.6897,1.7043,1.7022,1.6883,1.6101,1.1316,1.9103,2.6716,3.4314,4.1868,4.8273,4.5096,4.1919,3.8741,3.5561,3.2382,2.9203
1.4349,1.4405,1.4414,1.4357,1.4292,1.4201,1.411,1.4015,1.3921,1.3826,1.3731,1.3744,1.3835,4.5316,4.6162,4.7486,4.9397,5.134,5.3387,5.5434,5.7493,5.8563,5.8563,5.8563,5.8563,5.8563
1.2622,1.2554,1.2544,1.2612,1.2691,1.2801,1.2912,1.3026,1.314,1.3255,1.337,1.3354,0.5747,5.0114,4.909,4.7488,4.5175,4.2823,4.0347,3.7869,3.5377,3.2885,3.0391,2.7897,2.5403,2.2909
2.4034,2.4034,2.4034,2.4034,2.4034,2.4034,2.4034,2.4034,2.4034,2.4034,2.4034,2.4034,2.4034,2.4034,0.8912,1.5044,2.1039,2.7024,3.2972,3.8921,4.4865,5.0809,5.6753,5.8367,5.8367,5.8367
2.3993,2.3993,2.3993,2.3993,2.3993,2.3993,2.3993,2.3993,2.3993,2.3945,1.6843,0.9741,5.8269,5.8269,5.8269,5.8269,5.8269,5.8269,5.8269,5.8269,5.8269,5.8269,5.8269,5.8269,5.8269,5.8269
1.0884,1.0825,1.0817,1.0876,1.0943,1.1039,1.1134,1.1232,1.1331,1.143,1.1529,1.1515,1.1421,0.8631,2.8826,4.095,3.8955,3.6927,3.4791,3.2655,3.0506,2.8357,2.6207,2.4056,2.1905,1.9755
1.575,1.5811,1.5821,1.5759,1.5687,1.5587,1.5487,1.5383,1.5279,1.5175,1.5071,1.5086,1.5185,0.6832,2.0713,3.4966,4.89,5.6352,5.8075,5.8075,5.8075,5.8075,5.8075,5.8075,5.8075,5.8075
2.3873,2.3873,2.3873,2.3873,2.3873,2.3873,2.3873,2.3873,2.3873,2.2542,1.5856,0.917,5.7978,5.7978,5.7978,5.7978,5.7978,5.7978,5.7978,5.7978,5.7978,5.7978,5.7978,5.7978,5.441,4.9067
2.3834,2.3834,2.3834,2.3834,2.3834,2.3834,2.3834,2.3834,2.3834,2.3834,2.3834,2.3834,2.3834,2.3834,0.929,1.5682,2.1931,2.8169,3.437,4.0571,4.6767,5.2963,5.7882,5.7882,5.7882,5.5511
1.6166,1.623,1.6239,1.6175,1.6102,1.5999,1.5896,1.579,1.5684,1.5577,1.547,1.5485,0.6798,5.1054,5.2008,5.3499,5.5652,5.7786,5.7786,5.7786,5.7786,5.7786,5.7786,5.7786,5.7786,5.7786
1.0781,1.0723,1.0715,1.0773,1.084,1.0934,1.1029,1.1127,1.1224,1.1322,1.142,1.1406,0.896,4.2806,4.1931,4.0563,3.8588,3.6579,3.4463,3.2347,3.0218,2.8089,2.5959,2.3829,2.1699,1.9568
2.3715,2.3715,2.3715,2.3715,2.3715,2.3715,2.3715,2.3715,2.3715,2.3715,2.3715,2.3715,2.3715,2.3715,1.0401,1.7559,2.4556,3.1541,3.8484,4.5427,5.2365,5.7595,5.7595,5.7595,5.7595,5.7595
2.3676,2.3676,2.3676,2.3676,2.3676,2.3676,2.3676,2.3676,2.3676,2.1214,1.4922,0.863,5.75,5.75,5.75,5.75,5.75,5.75,5.75,5.75,5.75,5.75,5.75,5.75,5.75,5.75
1.3197,1.3126,1.3115,1.3187,1.3269,1.3384,1.35,1.362,1.3739,1.3859,1.3979,1.3962,1.3848,0.5368,1.4363,2.4246,3.3909,4.3553,4.2185,3.9595,3.6989,3.4383,3.1776,2.9168,2.6561,2.3953
1.4439,1.4495,1.4503,1.4447,1.4381,1.4289,1.4197,1.4102,1.4007,1.3912,1.3816,1.383,1.3921,3.1184,4.6449,4.7781,4.9704,5.166,5.3719,5.5779,5.731,5.731,5.731,5.731,5.731,5.731
1.5442,1.5359,1.5347,1.5431,1.5527,1.5662,1.5797,1.5937,1.6077,1.6217,1.6358,1.1595,5.7216,5.7216,5.7216,5.7216,5.5271,5.2393,4.9363,4.6333,4.3283,4.0234,3.7183,3.4132,3.108,2.8029
2.3521,2.3521,2.3521,2.3521,2.3521,2.3521,2.3521,2.3521,2.3521,2.3521,2.3521,2.3521,2.3521,2.3521,0.8798,1.4852,2.0771,2.6679,3.2552,3.8424,4.4293,5.0161,5.6029,5.7122,5.7122,5.7122
2.1429,2.1513,2.1526,2.1441,2.1344,2.1208,2.1072,2.093,2.0789,2.0648,1.9971,1.155,5.7029,5.7029,5.7029,5.7029,5.7029,5.7029,5.7029,5.7029,5.7029,5.7029,5.7029,5.7029,5.7029,5.7029
1.0538,1.0482,1.0473,1.053,1.0596,1.0688,1.078,1.0876,1.0971,1.1067,1.1163,1.1149,1.1058,2.9149,4.0986,3.965,3.7718,3.5755,3.3687,3.1618,2.9538,2.7457,2.5375,2.3292,2.121,1.9127
1.8167,1.8238,1.8249,1.8178,1.8095,1.798,1.7864,1.7745,1.7625,1.7505,1.7385,1.7402,1.7516,1.8158,1.4559,2.4577,3.4371,4.4147,5.3865,5.6842,5.6842,5.6842,5.6842,5.6842,5.6842,5.6842
2.3368,2.3368,2.3368,2.3368,2.3368,2.3368,2.3368,2.3368,2.3368,2.1391,1.5046,0.8702,5.675,5.675,5.675,5.675,5.675,5.675,5.675,5.675,5.675,5.675,5.675,5.675,5.675,5.675
1.9704,1.9598,1.9582,1.9689,1.9812,1.9984,2.0157,2.0335,2.0514,2.0693,2.0872,2.0847,2.0676,1.9718,1.0454,1.7648,2.468,3.17,3.8678,4.5656,5.2629,5.1337,4.7444,4.3551,3.9657,3.5763
1.5019,1.5078,1.5086,1.5027,1.4959,1.4864,1.4768,1.4669,1.457,1.4471,1.4372,1.4386,0.8849,4.7431,4.8317,4.9702,5.1702,5.3736,5.5879,5.6565,5.6565,5.6565,5.6565,5.6565,5.6565,5.6565
1.1861,1.1797,1.1788,1.1852,1.1926,1.203,1.2134,1.2241,1.2348,1.2456,1.2564,1.2549,0.5401,4.7094,4.6131,4.4627,4.2453,4.0243,3.7915,3.5587,3.3245,3.0903,2.856,2.6216,2.3872,2.1528
2.3216,2.3216,2.3216,2.3216,2.3216,2.3216,2.3216,2.3216,2.3216,2.3216,2.3216,2.3216,2.3216,2.3216,0.9446,1.5946,2.23,2.8643,3.4948,4.1253,4.7554,5.3854,5.6382,5.6382,5.6382,5.6382
2.3179,2.3179,2.3179,2.3179,2.3179,2.3179,2.3179,2.3179,2.3179,2.2851,1.6073,0.9296,5.6291,5.6291,5.6291,5.6291,5.6291,5.6291,5.6291,5.6291,5.6291,5.6291,5.6291,5.6291,5.6291,5.6291
1.169,1.1627,1.1618,1.1681,1.1754,1.1856,1.1958,1.2064,1.217,1.2277,1.2383,1.2368,1.2266,0.623,2.081,3.513,4.184,3.9662,3.7368,3.5074,3.2765,3.0457,2.8148,2.5838,2.3528,2.1218
1.5244,1.5303,1.5312,1.5252,1.5183,1.5086,1.4989,1.4889,1.4788,1.4688,1.4587,1.4601,1.4697,0.898,2.9993,5.0445,5.2476,5.4541,5.611,5.611,5.611,5.611,5.611,5.611,5.611,5.611
2.1012,2.0899,2.0882,2.0996,2.1127,2.1311,2.1495,2.1685,2.1876,2.2066,1.7274,0.999,5.6019,5.6019,5.6019,5.6019,5.6019,5.6019,5.6019,5.6019,5.6019,5.4745,5.0594,4.6442,4.229,3.8138
2.303,2.303,2.303,2.303,2.303,2.303,2.303,2.303,2.303,2.303,2.303,2.303,2.303,2.303,0.911,1.5379,2.1508,2.7626,3.3707,3.9789,4.5865,5.1942,5.5929,5.5929,5.5929,5.5929
1.7887,1.7957,1.7967,1.7897,1.7816,1.7702,1.7588,1.747,1.7352,1.7234,1.7116,1.4963,5.584,5.584,5.584,5.584,5.584,5.584,5.584,5.584,5.584,5.584,5.584,5.584,5.584,5.584
1.0707,1.0649,1.0641,1.0699,1.0765,1.0859,1.0953,1.105,1.1147,1.1244,1.1341,1.1328,1.1235,4.2511,4.1642,4.0284,3.8321,3.6326,3.4225,3.2124,3.001,2.7896,2.578,2.3665,2.1549,1.9433
2.2615,2.2703,2.2717,2.2628,2.2525,2.2381,2.2237,2.2088,2.1939,2.179,2.1641,2.1662,2.1804,2.2603,1.1708,1.9765,2.7642,3.5504,4.332,5.1135,5.5661,5.5661,5.5661,5.5661,5.5661,5.5661
2.2883,2.2883,2.2883,2.2883,2.2883,2.2883,2.2883,2.2883,2.2883,2.1325,1.5,0.8675,5.5572,5.5572,5.5572,5.5572,5.5572,5.5572,5.5572,5.5572,5.5572,5.5572,5.5572,5.5572,5.5572,5.5572
1.515,1.5068,1.5056,1.5138,1.5232,1.5365,1.5498,1.5635,1.5772,1.591,1.6048,1.6028,1.5897,1.516,1.2582,2.1241,2.9705,3.8154,4.6553,4.5454,4.2463,3.9471,3.6478,3.3484,3.0491,2.7497
1.4688,1.4745,1.4754,1.4696,1.463,1.4536,1.4443,1.4346,1.4249,1.4152,1.4055,1.4069,1.4161,4.6385,4.7252,4.8606,5.0563,5.2552,5.4647,5.5395,5.5395,5.5395,5.5395,5.5395,5.5395,5.5395
1.3865,1.3791,1.378,1.3855,1.3941,1.4062,1.4184,1.4309,1.4435,1.4561,1.4687,1.362,5.5307,5.5051,5.3926,5.2167,4.9626,4.7042,4.4322,4.1601,3.8863,3.6125,3.3386,3.0646,2.7906,2.5166
2.2738,2.2738,2.2738,2.2738,2.2738,2.2738,2.2738,2.2738,2.2738,2.2738,2.2738,2.2738,2.2738,2.2738,0.9057,1.5289,2.1382,2.7464,3.3509,3.9555,4.5596,5.1637,5.522,5.522,5.522,5.522
2.2702,2.2702,2.2702,2.2702,2.2702,2.2702,2.2702,2.2702,2.2702,2.2702,1.8309,1.0588,5.5132,5.5132,5.5132,5.5132,5.5132,5.5132,5.5132,5.5132,5.5132,5.5132,5.5132,5.5132,5.5132,5.5132
1.098,1.0921,1.0912,1.0971,1.104,1.1136,1.1232,1.1331,1.1431,1.1531,1.163,1.1616,1.1521,1.2095,4.0399,4.131,3.9298,3.7252,3.5097,3.2943,3.0774,2.8606,2.6437,2.4268,2.2098,1.9928
1.696,1.7026,1.7036,1.6969,1.6892,1.6785,1.6677,1.6565,1.6453,1.6341,1.6229,1.6245,1.6352,0.6466,1.8198,3.0721,4.2963,5.4958,5.4958,5.4958,5.4958,5.4958,5.4958,5.4958,5.4958,5.4958
2.2594,2.2594,2.2594,2.2594,2.2594,2.2594,2.2594,2.2594,2.2594,2.2564,1.5871,0.9179,5.4872,5.4872,5.4872,5.4872,5.4872,5.4872,5.4872,5.4872,5.4872,5.4872,5.4872,5.4872,5.4872,5.4872
2.2559,2.2559,2.2559,2.2559,2.2559,2.2559,2.2559,2.2559,2.2559,2.2559,2.2559,2.2559,2.2559,2.2559,0.9918,1.6742,2.3414,3.0074,3.6694,4.3315,4.993,5.4785,5.4785,5.4785,5.1868,4.6775
1.6049,1.6111,1.6121,1.6057,1.5985,1.5883,1.5781,1.5675,1.5569,1.5463,1.5357,1.5372,0.6435,5.0682,5.1629,5.3109,5.4699,5.4699,5.4699,5.4699,5.4699,5.4699,5.4699,5.4699,5.4699,5.4699
1.1419,1.1358,1.1348,1.141,1.1481,1.1581,1.1681,1.1785,1.1888,1.1992,1.2096,1.2081,0.7074,4.5339,4.4412,4.2963,4.0871,3.8743,3.6502,3.4261,3.2006,2.9751,2.7495,2.5239,2.2982,2.0726
2.2453,2.2453,2.2453,2.2453,2.2453,2.2453,2.2453,2.2453,2.2453,2.2453,2.2453,2.2453,2.2453,2.2453,1.0233,1.7274,2.4158,3.1029,3.786,4.469,5.1516,5.4528,5.4528,5.4528,5.4528,5.4528
2.2418,2.2418,2.2418,2.2418,2.2418,2.2418,2.2418,2.2418,2.2418,2.2301,1.5686,0.9072,5.4443,5.4443,5.4443,5.4443,5.4443,5.4443,5.4443,5.4443,5.4443,5.4443,5.4443,5.4443,5.4443,5.4443
1.2853,1.2784,1.2774,1.2843,1.2923,1.3036,1.3148,1.3265,1.3381,1.3498,1.3615,1.3599,1.3487,0.5228,1.6673,2.8146,3.9363,4.3608,4.1086,3.8564,3.6026,3.3488,3.0948,2.8409,2.5869,2.3329
1.5069,1.5128,1.5136,1.5077,1.5009,1.4913,1.4817,1.4718,1.4619,1.4519,1.442,1.4434,1.4529,1.6329,4.8477,4.9866,5.1874,5.3915,5.4273,5.4273,5.4273,5.4273,5.4273,5.4273,5.4273,5.4273
1.7586,1.7491,1.7477,1.7572,1.7682,1.7836,1.799,1.8149,1.8308,1.8468,1.8628,1.1165,5.4188,5.4188,5.4188,5.4188,5.4188,5.4188,5.4188,5.2763,4.9291,4.5818,4.2344,3.8869,3.5394,3.1919
2.2278,2.2278,2.2278,2.2278,2.2278,2.2278,2.2278,2.2278,2.2278,2.2278,2.2278,2.2278,2.2278,2.2278,0.9117,1.5391,2.1525,2.7647,3.3733,3.9819,4.5901,5.1982,5.4104,5.4104,5.4104,5.4104
2.0362,2.0442,2.0454,2.0374,2.0281,2.0152,2.0022,1.9888,1.9754,1.962,1.9485,1.295,5.402,5.402,5.402,5.402,5.402,5.402,5.402,5.402,5.402,5.402,5.402,5.402,5.402,5.402
1.0844,1.0786,1.0777,1.0836,1.0904,1.0999,1.1094,1.1192,1.129,1.1389,1.1487,1.1473,1.1379,4.3057,4.2177,4.0802,3.8814,3.6793,3.4665,3.2537,3.0396,2.8254,2.6112,2.3969,2.1826,1.9683
2.0107,2.0186,2.0198,2.0118,2.0027,1.9899,1.9772,1.9639,1.9507,1.9374,1.9241,1.926,1.9387,2.0097,1.3615,2.2984,3.2144,4.1286,5.0375,5.3853,5.3853,5.3853,5.3853,5.3853,5.3853,5.3853
2.2141,2.2141,2.2141,2.2141,2.2141,2.2141,2.2141,2.2141,2.2141,2.1857,1.5374,0.8891,5.377,5.377,5.377,5.377,5.377,5.377,5.377,5.377,5.377,5.377,5.377,5.377,5.377,5.377
1.8067,1.797,1.7955,1.8053,1.8166,1.8324,1.8482,1.8646,1.8809,1.8974,1.9138,1.9115,1.8958,1.8079,1.1441,1.9314,2.7011,3.4694,4.2331,4.9969,5.0639,4.7072,4.3502,3.9932,3.6362,3.2792
1.5235,1.5295,1.5304,1.5244,1.5175,1.5078,1.4981,1.4881,1.478,1.468,1.4579,1.4593,1.3196,4.8114,4.9013,5.0418,5.2447,5.3604,5.3604,5.3604,5.3604,5.3604,5.3604,5.3604,5.3604,5.3604
1.2854,1.2785,1.2774,1.2844,1.2924,1.3036,1.3149,1.3265,1.3382,1.3499,1.3616,1.3599,0.5853,5.1035,4.9992,4.8361,4.6005,4.361,4.1088,3.8565,3.6027,3.3489,3.095,2.841,2.587,2.333
2.2005,2.2005,2.2005,2.2005,2.2005,2.2005,2.2005,2.2005,2.2005,2.2005,2.2005,2.2005,2.2005,2.2005,0.951,1.6054,2.2451,2.8837,3.5185,4.1533,4.7876,5.344,5.344,5.344,5.344,5.344
2.1971,2.1971,2.1971,2.1971,2.1971,2.1971,2.1971,2.1971,2.1971,2.1971,1.7264,0.9984,5.3358,5.3358,5.3358,5.3358,5.3358,5.3358,5.3358,5.3358,5.3358,5.3358,5.3358,5.3358,5.3358,5.3358
1.1675,1.1612,1.1603,1.1666,1.1739,1.1841,1.1943,1.2049,1.2155,1.2261,1.2367,1.2352,1.2251,0.7843,2.6197,4.3927,4.1788,3.9612,3.7321,3.503,3.2724,3.0419,2.8112,2.5805,2.3498,2.1191
1.6239,1.6302,1.6312,1.6248,1.6174,1.6071,1.5968,1.5861,1.5754,1.5647,1.5539,1.5554,1.5657,0.7356,2.4569,4.1476,5.3195,5.3195,5.3195,5.3195,5.3195,5.3195,5.3195,5.3195,5.3195,5.3195
2.187,2.187,2.187,2.187,2.187,2.187,2.187,2.187,2.187,2.187,1.7103,0.9891,5.3114,5.3114,5.3114,5.3114,5.3114,5.3114,5.3114,5.3114,5.3114,5.3114,5.3114,5.3114,5.1159,4.6136
2.1837,2.1837,2.1837,2.1837,2.1837,2.1837,2.1837,2.1837,2.1837,2.1837,2.1837,2.1837,2.1837,2.1837,0.9631,1.6258,2.2737,2.9204,3.5633,4.2061,4.8485,5.3033,5.3033,5.3033,5.3033,5.3033
1.7543,1.7611,1.7622,1.7553,1.7473,1.7362,1.725,1.7134,1.7019,1.6903,1.6787,1.6803,0.623,5.2952,5.2952,5.2952,5.2952,5.2952,5.2952,5.2952,5.2952,5.2952,5.2952,5.2952,5.2952,5.2952
1.1236,1.1175,1.1166,1.1227,1.1297,1.1395,1.1494,1.1596,1.1697,1.18,1.1902,1.1887,1.1722,4.4611,4.3699,4.2273,4.0214,3.8121,3.5916,3.3711,3.1492,2.9274,2.7054,2.4834,2.2613,2.0393
2.1738,2.1738,2.1738,2.1738,2.1738,2.1738,2.1738,2.1738,2.1738,2.1738,2.1738,2.1738,2.1738,2.1738,1.1361,1.9179,2.6822,3.4451,4.2035,4.9619,5.2792,5.2792,5.2792,5.2792,5.2792,5.2792
2.1705,2.1705,2.1705,2.1705,2.1705,2.1705,2.1705,2.1705,2.1705,2.1705,1.5629,0.9039,5.2712,5.2712,5.2712,5.2712,5.2712,5.2712,5.2712,5.2712,5.2712,5.2712,5.2712,5.2712,5.2712,5.2712
1.4521,1.4443,1.4431,1.451,1.46,1.4727,1.4854,1.4986,1.5118,1.5249,1.5382,1.5363,1.5237,0.5906,1.4237,2.4034,3.3611,4.3171,4.6417,4.3567,4.07,3.7833,3.4964,3.2095,2.9225,2.6356
1.5197,1.5257,1.5266,1.5206,1.5137,1.504,1.4944,1.4844,1.4743,1.4643,1.4543,1.4557,1.4653,4.7994,4.8891,5.0292,5.2316,5.2552,5.2552,5.2552,5.2552,5.2552,5.2552,5.2552,5.2552,5.2552
1.5469,1.5386,1.5374,1.5458,1.5554,1.5689,1.5825,1.5965,1.6105,1.6246,1.6386,1.2866,5.2473,5.2473,5.2473,5.2473,5.2473,5.2473,4.945,4.6414,4.3359,4.0304,3.7248,3.4191,3.1135,2.8078
2.1574,2.1574,2.1574,2.1574,2.1574,2.1574,2.1574,2.1574,2.1574,2.1574,2.1574,2.1574,2.1574,2.1574,0.9306,1.5709,2.1969,2.8218,3.4429,4.0641,4.6848,5.2394,5.2394,5.2394,5.2394,5.2394
2.1542,2.1542,2.1542,2.1542,2.1542,2.1542,2.1542,2.1542,2.1542,2.1542,2.0184,1.1673,5.2316,5.2316,5.2316,5.2316,5.2316,5.2316,5.2316,5.2316,5.2316,5.2316,5.2316,5.2316,5.2316,5.2316
1.1201,1.1141,1.1132,1.1192,1.1262,1.136,1.1458,1.156,1.1661,1.1763,1.1865,1.185,1.1753,1.9736,4.3563,4.2143,4.009,3.8003,3.5805,3.3606,3.1395,2.9183,2.697,2.4757,2.2543,2.033
1.8503,1.8575,1.8586,1.8513,1.843,1.8312,1.8194,1.8072,1.795,1.7828,1.7706,1.7723,1.784,0.6136,1.6514,2.7877,3.8986,5.0075,5.2159,5.2159,5.2159,5.2159,5.2159,5.2159,5.2159,5.2159
2.1445,2.1445,2.1445,2.1445,2.1445,2.1445,2.1445,2.1445,2.1445,2.1445,1.6072,0.9295,5.2081,5.2081,5.2081,5.2081,5.2081,5.2081,5.2081,5.2081,5.2081,5.2081,5.2081,5.2081,5.2081,5.2081
2.1413,2.1413,2.1413,2.1413,2.1413,2.1413,2.1413,2.1413,2.1413,2.1413,2.1413,2.1413,2.1413,2.1413,1.072,1.8097,2.5308,3.2506,3.9662,4.6818,5.2003,5.2003,5.2003,5.0161,4.5676,4.1192
1.6126,1.6189,1.6199,1.6135,1.6062,1.596,1.5857,1.5751,1.5644,1.5538,1.5431,1.5446,0.7888,5.0927,5.1878,5.1925,5.1925,5.1925,5.1925,5.1925,5.1925,5.1925,5.1925,5.1925,5.1925,5.1925
1.2238,1.2172,1.2163,1.2229,1.2305,1.2412,1.2519,1.263,1.2741,1.2852,1.2964,1.2948,0.5969,4.8591,4.7598,4.6045,4.3803,4.1522,3.9121,3.6719,3.4302,3.1886,2.9468,2.705,2.4631,2.2213
2.1317,2.1317,2.1317,2.1317,2.1317,2.1317,2.1317,2.1317,2.1317,2.1317,2.1317,2.1317,2.1317,2.1317,1.0197,1.7214,2.4074,3.0922,3.7728,4.4535,5.1337,5.1771,5.1771,5.1771,5.1771,5.1771
2.1286,2.1286,2.1286,2.1286,2.1286,2.1286,2.1286,2.1286,2.1286,2.1286,1.6679,0.9646,5.1694,5.1694,5.1694,5.1694,5.1694,5.1694,5.1694,5.1694,5.1694,5.1694,5.1694,5.1694,5.1694,5.1694
1.2693,1.2625,1.2615,1.2683,1.2763,1.2874,1.2985,1.31,1.3215,1.333,1.3446,1.3429,1.3319,0.5956,1.9895,3.3585,4.5431,4.3066,4.0575,3.8084,3.5577,3.3071,3.0563,2.8055,2.5547,2.3039
1.5904,1.5966,1.5975,1.5913,1.5841,1.5739,1.5638,1.5533,1.5429,1.5324,1.5219,1.5233,1.5334,1.1396,3.8061,5.1541,5.1541,5.1541,5.1541,5.1541,5.1541,5.1541,5.1541,5.1541,5.1541,5.1541
2.048,2.037,2.0354,2.0464,2.0592,2.0771,2.0951,2.1136,2.1191,2.1191,1.8874,1.0916,5.1465,5.1465,5.1465,5.1465,5.1465,5.1465,5.1465,5.1465,5.1465,5.1465,4.9313,4.5266,4.1219,3.7172
2.116,2.116,2.116,2.116,2.116,2.116,2.116,2.116,2.116,2.116,2.116,2.116,2.116,2.116,0.9554,1.6128,2.2555,2.897,3.5348,4.1725,4.8098,5.1389,5.1389,5.1389,5.1389,5.1389
1.9681,1.9758,1.977,1.9692,1.9603,1.9478,1.9353,1.9223,1.9093,1.8963,1.8833,1.4799,0.6037,5.1313,5.1313,5.1313,5.1313,5.1313,5.1313,5.1313,5.1313,5.1313,5.1313,5.1313,5.1313,5.1313
1.1284,1.1223,1.1214,1.1275,1.1346,1.1444,1.1543,1.1646,1.1748,1.185,1.1953,1.1939,1.1841,4.4803,4.3887,4.2456,4.0388,3.8285,3.6071,3.3856,3.1628,2.94,2.717,2.4941,2.2711,2.0481
2.1067,2.1067,2.1067,2.1067,2.1067,2.1067,2.1067,2.1067,2.1067,2.1067,2.1067,2.1067,2.1067,2.1067,1.2985,2.1921,3.0656,3.9376,4.8044,5.1162,5.1162,5.1162,5.1162,5.1162,5.1162,5.1162
2.1036,2.1036,2.1036,2.1036,2.1036,2.1036,2.1036,2.1036,2.1036,2.1036,1.5886,0.9188,5.1087,5.1087,5.1087,5.1087,5.1087,5.1087,5.1087,5.1087,5.1087,5.1087,5.1087,5.1087,5.1087,5.1087
1.6957,1.6865,1.6852,1.6944,1.7049,1.7198,1.7346,1.75,1.7653,1.7807,1.7962,1.794,1.7793,1.6968,1.2712,2.146,3.0011,3.8547,4.7033,5.0875,4.7527,4.4179,4.0829,3.7478,3.4127,3.0777
1.5633,1.5694,1.5703,1.5641,1.557,1.5471,1.5372,1.5269,1.5166,1.5062,1.4959,1.4974,1.5072,4.9368,5.0291,5.0938,5.0938,5.0938,5.0938,5.0938,5.0938,5.0938,5.0938,5.0938,5.0938,5.0938
1.4124,1.4048,1.4037,1.4113,1.4201,1.4325,1.4449,1.4577,1.4704,1.4833,1.4961,1.4943,0.5984,5.0863,5.0863,5.0863,5.0552,4.7921,4.5149,4.2377,3.9588,3.6799,3.4009,3.1218,2.8427,2.5636
2.0913,2.0913,2.0913,2.0913,2.0913,2.0913,2.0913,2.0913,2.0913,2.0913,2.0913,2.0913,2.0913,2.0913,0.9687,1.6354,2.2871,2.9376,3.5842,4.2309,4.877,5.0789,5.0789,5.0789,5.0789,5.0789
2.0883,2.0883,2.0883,2.0883,2.0883,2.0883,2.0883,2.0883,2.0883,2.0883,1.8786,1.0864,5.0715,5.0715,5.0715,5.0715,5.0715,5.0715,5.0715,5.0715,5.0715,5.0715,5.0715,5.0715,5.0715,5.0715
1.1804,1.1741,1.1731,1.1795,1.1869,1.1972,1.2075,1.2182,1.2289,1.2396,1.2504,1.2489,1.2386,1.05,3.507,4.4412,4.2249,4.0049,3.7733,3.5416,3.3085,3.0755,2.8422,2.609,2.3757,2.1425
1.7515,1.7583,1.7594,1.7525,1.7445,1.7334,1.7223,1.7107,1.6992,1.6876,1.676,1.6777,1.6887,0.6362,2.1251,3.5874,5.0169,5.0568,5.0568,5.0568,5.0568,5.0568,5.0568,5.0568,5.0568,5.0568
2.0792,2.0792,2.0792,2.0792,2.0792,2.0792,2.0792,2.0792,2.0792,2.0792,1.7154,0.9921,5.0495,5.0495,5.0495,5.0495,5.0495,5.0495,5.0495,5.0495,5.0495,5.0495,5.0495,5.0495,5.0495,5.0495
2.0762,2.0762,2.0762,2.0762,2.0762,2.0762,2.0762,2.0762,2.0762,2.0762,2.0762,2.0762,2.0762,2.0762,1.0304,1.7394,2.4325,3.1244,3.8122,4.5,5.0421,5.0421,5.0421,5.0421,5.0421,5.0421
1.7444,1.7512,1.7522,1.7454,1.7375,1.7264,1.7153,1.7038,1.6923,1.6808,1.6692,1.6709,0.5923,5.0349,5.0349,5.0349,5.0349,5.0349,5.0349,5.0349,5.0349,5.0349,5.0349,5.0349,5.0349,5.0349
1.1929,1.1865,1.1856,1.192,1.1995,1.2099,1.2203,1.2312,1.242,1.2528,1.2637,1.2621,0.8786,4.7365,4.6397,4.4884,4.2697,4.0474,3.8133,3.5792,3.3437,3.1081,2.8724,2.6367,2.401,2.1652
2.0672,2.0672,2.0672,2.0672,2.0672,2.0672,2.0672,2.0672,2.0672,2.0672,2.0672,2.0672,2.0672,2.0672,1.119,1.8891,2.6418,3.3933,4.1402,4.8872,5.0203,5.0203,5.0203,5.0203,5.0203,5.0203
2.0642,2.0642,2.0642,2.0642,2.0642,2.0642,2.0642,2.0642,2.0642,2.0642,1.6474,0.9527,5.0131,5.0131,5.0131,5.0131,5.0131,5.0131,5.0131,5.0131,5.0131,5.0131,5.0131,5.0131,5.0131,5.0131
1.415,1.4074,1.4062,1.4139,1.4227,1.4351,1.4475,1.4603,1.4731,1.486,1.4989,1.497,1.4848,0.5755,1.6448,2.7767,3.8832,4.8008,4.5231,4.2454,3.966,3.6866,3.4071,3.1275,2.8479,2.5682
1.5906,1.5968,1.5978,1.5915,1.5843,1.5742,1.5641,1.5536,1.5431,1.5326,1.5221,1.5236,1.5336,2.495,4.9987,4.9987,4.9987,4.9987,4.9987,4.9987,4.9987,4.9987,4.9987,4.9987,4.9987,4.9987
1.7575,1.748,1.7466,1.7561,1.7671,1.7825,1.7978,1.8138,1.8297,1.8457,1.8617,1.2383,4.9915,4.9915,4.9915,4.9915,4.9915,4.9915,4.9915,4.9915,4.926,4.579,4.2317,3.8845,3.5372,3.1899
2.0524,2.0524,2.0524,2.0524,2.0524,2.0524,2.0524,2.0524,2.0524,2.0524,2.0524,2.0524,2.0524,2.0524,0.9672,1.6328,2.2835,2.933,3.5786,4.2242,4.8694,4.9844,4.9844,4.9844,4.9844,4.9844
2.0495,2.0495,2.0495,2.0495,2.0495,2.0495,2.0495,2.0495,2.0495,2.0495,2.0495,1.3079,4.9773,4.9773,4.9773,4.9773,4.9773,4.9773,4.9773,4.9773,4.9773,4.9773,4.9773,4.9773,4.9773,4.9773
1.1561,1.1499,1.149,1.1553,1.1625,1.1726,1.1827,1.1932,1.2036,1.2142,1.2247,1.2232,1.2132,4.5904,4.4966,4.3499,4.138,3.9226,3.6957,3.4688,3.2405,3.0122,2.7838,2.5554,2.3269,2.0984
2.0436,2.0436,2.0436,2.0436,2.0407,2.0277,2.0146,2.0011,1.9876,1.9741,1.9606,1.9625,1.9754,0.5839,1.5386,2.5973,3.6323,4.6654,4.9631,4.9631,4.9631,4.9631,4.9631,4.9631,4.9631,4.9631
2.0407,2.0407,2.0407,2.0407,2.0407,2.0407,2.0407,2.0407,2.0407,2.0407,1.6472,0.9526,4.956,4.956,4.956,4.956,4.956,4.956,4.956,4.956,4.956,4.956,4.956,4.956,4.956,4.956
2.0378,2.0378,2.0378,2.0378,2.0378,2.0378,2.0378,2.0378,2.0378,2.0378,2.0378,2.0378,2.0378,2.0378,1.1748,1.9833,2.7736,3.5625,4.3467,4.949,4.949,4.949,4.949,4.5683,4.1598,3.7514
1.6407,1.6471,1.648,1.6416,1.6341,1.6237,1.6133,1.6025,1.5917,1.5808,1.57,1.5715,1.103,4.9419,4.9419,4.9419,4.9419,4.9419,4.9419,4.9419,4.9419,4.9419,4.9419,4.9419,4.9419,4.9419
1.3289,1.3218,1.3207,1.3279,1.3362,1.3478,1.3595,1.3715,1.3836,1.3956,1.4077,1.406,0.5806,4.9349,4.9349,4.9349,4.7565,4.5089,4.2481,3.9873,3.7249,3.4624,3.1999,2.9373,2.6747,2.4121
2.0292,2.0292,2.0292,2.0292,2.0292,2.0292,2.0292,2.0292,2.0292,2.0292,2.0292,2.0292,2.0292,2.0292,1.0295,1.7379,2.4305,3.1217,3.809,4.4961,4.928,4.928,4.928,4.928,4.928,4.928
2.0263,2.0263,2.0263,2.0263,2.0263,2.0263,2.0263,2.0263,2.0263,2.0263,1.7961,1.0387,4.921,4.921,4.921,4.921,4.921,4.921,4.921,4.921,4.921,4.921,4.921,4.921,4.921,4.921
1.2709,1.2641,1.2631,1.2699,1.2779,1.289,1.3001,1.3116,1.3231,1.3347,1.3462,1.3446,1.3336,0.7368,2.4609,4.1543,4.5488,4.312,4.0626,3.8131,3.5622,3.3112,3.0601,2.809,2.5579,2.3067
1.6992,1.7059,1.7069,1.7002,1.6925,1.6817,1.6709,1.6597,1.6485,1.6372,1.626,1.6276,1.6383,0.8996,3.0047,4.9071,4.9071,4.9071,4.9071,4.9071,4.9071,4.9071,4.9071,4.9071,4.9071,4.9071
2.0177,2.0177,2.0177,2.0177,2.0177,2.0177,2.0177,2.0177,2.0177,2.0177,1.8728,1.0831,4.9002,4.9002,4.9002,4.9002,4.9002,4.9002,4.9002,4.9002,4.9002,4.9002,4.9002,4.9002,4.9002,4.452
2.0149,2.0149,2.0149,2.0149,2.0149,2.0149,2.0149,2.0149,2.0149,2.0149,2.0149,2.0149,2.0149,2.0149,1.0133,1.7105,2.3922,3.0726,3.7489,4.4253,4.8933,4.8933,4.8933,4.8933,4.8933,4.8933
1.9333,1.9408,1.942,1.9344,1.9256,1.9133,1.901,1.8883,1.8755,1.8628,1.85,1.7307,0.5749,4.8865,4.8865,4.8865,4.8865,4.8865,4.8865,4.8865,4.8865,4.8865,4.8865,4.8865,4.8865,4.8865
1.1883,1.1819,1.181,1.1874,1.1948,1.2052,1.2156,1.2264,1.2371,1.2479,1.2587,1.2572,1.2469,4.7181,4.6216,4.4709,4.2531,4.0317,3.7985,3.5653,3.3306,3.096,2.8612,2.6264,2.3916,2.1568
2.0064,2.0064,2.0064,2.0064,2.0064,2.0064,2.0064,2.0064,2.0064,2.0064,2.0064,2.0064,2.0064,2.0064,1.261,2.1287,2.977,3.8237,4.6655,4.8728,4.8728,4.8728,4.8728,4.8728,4.8728,4.8728
2.0036,2.0036,2.0036,2.0036,2.0036,2.0036,2.0036,2.0036,2.0036,2.0036,1.6614,0.9608,4.866,4.866,4.866,4.866,4.866,4.866,4.866,4.866,4.866,4.866,4.866,4.866,4.866,4.866
1.6247,1.6159,1.6146,1.6234,1.6336,1.6478,1.662,1.6767,1.6914,1.7062,1.721,1.7189,1.7048,0.5717,1.4373,2.4264,3.3933,4.3585,4.8592,4.8592,4.5538,4.233,3.912,3.5909,3.2699,2.9488
1.6236,1.6299,1.6308,1.6245,1.6171,1.6068,1.5964,1.5858,1.5751,1.5643,1.5536,1.5551,1.5654,4.8524,4.8524,4.8524,4.8524,4.8524,4.8524,4.8524,4.8524,4.8524,4.8524,4.8524,4.8524,4.8524
1.5769,1.5684,1.5672,1.5757,1.5855,1.5993,1.6131,1.6274,1.6417,1.656,1.6704,1.453,0.5701,4.8457,4.8457,4.8457,4.8457,4.8457,4.8457,4.7312,4.4199,4.1085,3.7969,3.4854,3.1737,2.8621
1.9925,1.9925,1.9925,1.9925,1.9925,1.9925,1.9925,1.9925,1.9925,1.9925,1.9925,1.9925,1.9925,1.9925,0.9991,1.6866,2.3588,3.0296,3.6966,4.3635,4.8389,4.8389,4.8389,4.8389,4.8389,4.8389
1.9897,1.9897,1.9897,1.9897,1.9897,1.9897,1.9897,1.9897,1.9897,1.9897,1.9897,1.1998,4.8322,4.8322,4.8322,4.8322,4.8322,4.8322,4.8322,4.8322,4.8322,4.8322,4.8322,4.8322,4.8322,4.8322
1.2087,1.2022,1.2012,1.2078,1.2153,1.2259,1.2365,1.2474,1.2584,1.2694,1.2804,1.2788,1.2683,1.5565,4.701,4.5477,4.3262,4.1009,3.8638,3.6265,3.3879,3.1492,2.9104,2.6716,2.4327,2.1939
1.9157,1.9232,1.9243,1.9167,1.9081,1.8959,1.8837,1.8711,1.8585,1.8458,1.8331,1.8349,1.847,0.5726,1.9124,3.2284,4.515,4.8188,4.8188,4.8188,4.8188,4.8188,4.8188,4.8188,4.8188,4.8188
1.9815,1.9815,1.9815,1.9815,1.9815,1.9815,1.9815,1.9815,1.9815,1.9815,1.7435,1.0083,4.8122,4.8122,4.8122,4.8122,4.8122,4.8122,4.8122,4.8122,4.8122,4.8122,4.8122,4.8122,4.8122,4.8122
1.9787,1.9787,1.9787,1.9787,1.9787,1.9787,1.9787,1.9787,1.9787,1.9787,1.9787,1.9787,1.9787,1.9787,1.1172,1.8859,2.6374,3.3876,4.1333,4.8055,4.8055,4.8055,4.8055,4.8055,4.8055,4.8055
1.7588,1.7657,1.7667,1.7598,1.7518,1.7407,1.7295,1.7179,1.7063,1.6947,1.6831,1.6847,0.7318,4.7989,4.7989,4.7989,4.7989,4.7989,4.7989,4.7989,4.7989,4.7989,4.7989,4.7989,4.7989,4.7989
1.2831,1.2762,1.2752,1.2821,1.2901,1.3013,1.3126,1.3242,1.3358,1.3475,1.3592,1.3575,0.7219,4.7923,4.7923,4.7923,4.5924,4.3533,4.1015,3.8497,3.5964,3.343,3.0895,2.836,2.5824,2.3289
1.9706,1.9706,1.9706,1.9706,1.9706,1.9706,1.9706,1.9706,1.9706,1.9706,1.9706,1.9706,1.9706,1.9706,1.1186,1.8884,2.6409,3.392,4.1387,4.7857,4.7857,4.7857,4.7857,4.7857,4.7857,4.7857
1.9679,1.9679,1.9679,1.9679,1.9679,1.9679,1.9679,1.9679,1.9679,1.9679,1.7586,1.0171,4.7791,4.7791,4.7791,4.7791,4.7791,4.7791,4.7791,4.7791,4.7791,4.7791,4.7791,4.7791,4.7791,4.7791
1.4011,1.3936,1.3924,1.4,1.4087,1.421,1.4333,1.446,1.4587,1.4714,1.4841,1.4823,1.4702,0.5838,1.9498,3.2914,4.6031,4.7536,4.4787,4.2037,3.9271,3.6504,3.3736,3.0967,2.8199,2.543
1.6859,1.6924,1.6934,1.6868,1.6792,1.6684,1.6577,1.6466,1.6355,1.6244,1.6132,1.6148,1.6254,1.5305,4.7661,4.7661,4.7661,4.7661,4.7661,4.7661,4.7661,4.7661,4.7661,4.7661,4.7661,4.7661
1.9598,1.9598,1.9598,1.9598,1.9598,1.9598,1.9598,1.9598,1.9598,1.9598,1.9598,1.2131,4.7595,4.7595,4.7595,4.7595,4.7595,4.7595,4.7595,4.7595,4.7595,4.7595,4.7595,4.5099,4.1067,3.7035
1.9571,1.9571,1.9571,1.9571,1.9571,1.9571,1.9571,1.9571,1.9571,1.9571,1.9571,1.9571,1.9571,1.9571,1.018,1.7185,2.4034,3.0869,3.7665,4.446,4.753,4.753,4.753,4.753,4.753,4.753
1.9545,1.9545,1.9545,1.9545,1.9545,1.9545,1.9545,1.9545,1.9545,1.9545,1.9545,1.4936,0.5584,4.7466,4.7466,4.7466,4.7466,4.7466,4.7466,4.7466,4.7466,4.7466,4.7466,4.7466,4.7466,4.7466
1.2085,1.202,1.201,1.2076,1.2151,1.2257,1.2363,1.2472,1.2582,1.2691,1.2801,1.2786,1.2681,4.7401,4.7002,4.5469,4.3254,4.1002,3.8631,3.6259,3.3873,3.1486,2.9099,2.6711,2.4323,2.1935
1.9492,1.9492,1.9492,1.9492,1.9492,1.9492,1.9492,1.9492,1.9492,1.9492,1.9492,1.9492,1.9492,0.5569,1.4669,2.4763,3.4632,4.4482,4.7337,4.7337,4.7337,4.7337,4.7337,4.7337,4.7337,4.7337
1.9465,1.9465,1.9465,1.9465,1.9465,1.9465,1.9465,1.9465,1.9465,1.9465,1.71,0.9889,4.7272,4.7272,4.7272,4.7272,4.7272,4.7272,4.7272,4.7272,4.7272,4.7272,4.7272,4.7272,4.7272,4.7272
1.9354,1.925,1.9234,1.9339,1.9439,1.9439,1.9439,1.9439,1.9439,1.9439,1.9439,1.9439,1.9439,0.5554,1.3081,2.2083,3.0883,3.9666,4.7208,4.7208,4.7208,4.7208,4.6601,4.2777,3.8952,3.5128
1.6913,1.6979,1.6989,1.6922,1.6845,1.6738,1.663,1.6519,1.6407,1.6296,1.6184,1.62,1.6306,4.7144,4.7144,4.7144,4.7144,4.7144,4.7144,4.7144,4.7144,4.7144,4.7144,4.7144,4.7144,4.7144
1.4647,1.4569,1.4557,1.4636,1.4727,1.4856,1.4984,1.5117,1.5249,1.5382,1.5516,1.5497,0.5539,4.708,4.708,4.708,4.708,4.708,4.6822,4.3947,4.1055,3.8162,3.5269,3.2374,2.948,2.6585
1.936,1.936,1.936,1.936,1.936,1.936,1.936,1.936,1.936,1.936,1.936,1.936,1.936,1.936,1.0535,1.7785,2.4872,3.1947,3.8979,4.6012,4.7017,4.7017,4.7017,4.7017,4.7017,4.7017
1.9334,1.9334,1.9334,1.9334,1.9334,1.9334,1.9334,1.9334,1.9334,1.9334,1.9334,1.1345,4.6953,4.6953,4.6953,4.6953,4.6953,4.6953,4.6953,4.6953,4.6953,4.6953,4.6953,4.6953,4.6953,4.6953
1.2906,1.2837,1.2827,1.2897,1.2977,1.309,1.3203,1.332,1.3437,1.3554,1.3672,1.3655,1.3543,0.9581,3.2002,4.689,4.6194,4.3789,4.1257,3.8724,3.6175,3.3627,3.1077,2.8527,2.5976,2.3426
1.8406,1.8478,1.8489,1.8416,1.8333,1.8216,1.8099,1.7978,1.7856,1.7735,1.7613,1.763,1.7746,0.7634,2.5497,4.3043,4.6827,4.6827,4.6827,4.6827,4.6827,4.6827,4.6827,4.6827,4.6827,4.6827
1.9256,1.9256,1.9256,1.9256,1.9256,1.9256,1.9256,1.9256,1.9256,1.9256,1.8863,1.0909,4.6764,4.6764,4.6764,4.6764,4.6764,4.6764,4.6764,4.6764,4.6764,4.6764,4.6764,4.6764,4.6764,4.6764
1.923,1.923,1.923,1.923,1.923,1.923,1.923,1.923,1.923,1.923,1.923,1.923,1.923,1.923,1.0892,1.8386,2.5713,3.3027,4.0297,4.6702,4.6702,4.6702,4.6702,4.6702,4.6702,4.6702
1.9204,1.9204,1.9204,1.9204,1.9204,1.9098,1.8975,1.8848,1.8721,1.8594,1.8466,1.8484,0.5643,4.6639,4.6639,4.6639,4.6639,4.6639,4.6639,4.6639,4.6639,4.6639,4.6639,4.6639,4.6639,4.6639
1.268,1.2612,1.2602,1.2671,1.275,1.2861,1.2972,1.3086,1.3201,1.3317,1.3432,1.3416,1.1433,4.6577,4.6577,4.6577,4.5385,4.3022,4.0534,3.8045,3.5541,3.3037,3.0532,2.8027,2.5521,2.3015
1.9153,1.9153,1.9153,1.9153,1.9153,1.9153,1.9153,1.9153,1.9153,1.9153,1.9153,1.9153,1.9153,0.5472,1.2461,2.1035,2.9418,3.7785,4.6103,4.6514,4.6514,4.6514,4.6514,4.6514,4.6514,4.6514
1.9127,1.9127,1.9127,1.9127,1.9127,1.9127,1.9127,1.9127,1.9127,1.9127,1.7605,1.0181,4.6452,4.6452,4.6452,4.6452,4.6452,4.6452,4.6452,4.6452,4.6452,4.6452,4.6452,4.6452,4.6452,4.6452
1.5871,1.5786,1.5773,1.5859,1.5958,1.6097,1.6236,1.638,1.6524,1.6668,1.6812,1.6792,1.6654,0.5458,1.6594,2.8013,3.9176,4.639,4.639,4.639,4.4486,4.1352,3.8216,3.508,3.1944,2.8807
1.7086,1.7153,1.7163,1.7096,1.7018,1.691,1.6801,1.6688,1.6576,1.6463,1.635,1.6366,1.6474,4.6329,4.6329,4.6329,4.6329,4.6329,4.6329,4.6329,4.6329,4.6329,4.6329,4.6329,4.6329,4.6329
1.7937,1.784,1.7826,1.7923,1.8035,1.8192,1.8349,1.8511,1.8674,1.8837,1.9,1.4005,0.5443,4.6267,4.6267,4.6267,4.6267,4.6267,4.6267,4.6267,4.6267,4.6267,4.3189,3.9645,3.61,3.2556
1.9026,1.9026,1.9026,1.9026,1.9026,1.9026,1.9026,1.9026,1.9026,1.9026,1.9026,1.9026,1.9026,1.9026,1.0443,1.7629,2.4655,3.1667,3.8638,4.5609,4.6206,4.6206,4.6206,4.6206,4.6206,4.6206
1.9001,1.9001,1.9001,1.9001,1.9001,1.9001,1.9001,1.9001,1.9001,1.9001,1.9001,1.3478,0.5429,4.6144,4.6144,4.6144,4.6144,4.6144,4.6144,4.6144,4.6144,4.6144,4.6144,4.6144,4.6144,4.6144
1.2547,1.248,1.2469,1.2537,1.2616,1.2725,1.2835,1.2949,1.3063,1.3177,1.3291,1.3275,1.3166,2.852,4.6083,4.6083,4.4908,4.257,4.0108,3.7645,3.5168,3.269,3.0211,2.7732,2.5253,2.2773
1.895,1.895,1.895,1.895,1.895,1.895,1.895,1.895,1.895,1.895,1.895,1.895,1.895,0.5414,1.777,2.9998,4.1952,4.6022,4.6022,4.6022,4.6022,4.6022,4.6022,4.6022,4.6022,4.6022
1.8925,1.8925,1.8925,1.8925,1.8925,1.8925,1.8925,1.8925,1.8925,1.8925,1.797,1.0393,4.5962,4.5962,4.5962,4.5962,4.5962,4.5962,4.5962,4.5962,4.5962,4.5962,4.5962,4.5962,4.5962,4.5962
1.89,1.89,1.89,1.89,1.89,1.89,1.89,1.89,1.89,1.89,1.89,1.89,1.89,0.54,1.2298,2.0761,2.9034,3.7293,4.5502,4.5901,4.5901,4.5901,4.5901,4.5901,4.5901,4.3949
1.7994,1.8065,1.8075,1.8004,1.7923,1.7809,1.7694,1.7576,1.7457,1.7338,1.7219,1.7236,0.9841,4.5841,4.5841,4.5841,4.5841,4.5841,4.5841,4.5841,4.5841,4.5841,4.5841,4.5841,4.5841,4.5841
1.4004,1.3929,1.3918,1.3994,1.4081,1.4203,1.4326,1.4453,1.458,1.4707,1.4835,1.4817,0.6293,4.578,4.578,4.578,4.578,4.578,4.4766,4.2018,3.9253,3.6487,3.372,3.0953,2.8186,2.5418
1.8826,1.8826,1.8826,1.8826,1.8826,1.8826,1.8826,1.8826,1.8826,1.8826,1.8826,1.8826,1.8826,1.8826,1.1354,1.9168,2.6806,3.443,4.201,4.572,4.572,4.572,4.572,4.572,4.572,4.572
1.8801,1.8801,1.8801,1.8801,1.8801,1.8801,1.8801,1.8801,1.8801,1.8801,1.8801,1.1013,4.566,4.566,4.566,4.566,4.566,4.566,4.566,4.566,4.566,4.566,4.566,4.566,4.566,4.566
1.41,1.4025,1.4013,1.409,1.4177,1.4301,1.4424,1.4552,1.468,1.4808,1.4936,1.4918,1.4796,0.715,2.3882,4.0316,4.5601,4.5601,4.5073,4.2306,3.9521,3.6737,3.3951,3.1165,2.8379,2.5593
1.8121,1.8192,1.8202,1.8131,1.8049,1.7934,1.7818,1.7699,1.758,1.746,1.734,1.7357,1.7471,1.146,3.8278,4.5541,4.5541,4.5541,4.5541,4.5541,4.5541,4.5541,4.5541,4.5541,4.5541,4.5541
1.8728,1.8728,1.8728,1.8728,1.8728,1.8728,1.8728,1.8728,1.8728,1.8728,1.8728,1.2093,4.5481,4.5481,4.5481,4.5481,4.5481,4.5481,4.5481,4.5481,4.5481,4.5481,4.5481,4.5481,4.5481,4.4166
1.8703,1.8703,1.8703,1.8703,1.8703,1.8703,1.8703,1.8703,1.8703,1.8703,1.8703,1.8703,1.8703,1.8703,1.0865,1.8342,2.5651,3.2947,4.02,4.5422,4.5422,4.5422,4.5422,4.5422,4.5422,4.5422
1.8679,1.8679,1.8679,1.8679,1.8679,1.8679,1.8679,1.8679,1.8679,1.8679,1.8679,1.7452,0.5337,4.5363,4.5363,4.5363,4.5363,4.5363,4.5363,4.5363,4.5363,4.5363,4.5363,4.5363,4.5363,4.5363
1.281,1.2741,1.2731,1.28,1.288,1.2992,1.3104,1.322,1.3336,1.3453,1.3569,1.3553,1.3442,4.5304,4.5304,4.5304,4.5304,4.3462,4.0948,3.8435,3.5905,3.3375,3.0845,2.8313,2.5782,2.3251
1.863,1.863,1.863,1.863,1.863,1.863,1.863,1.863,1.863,1.863,1.863,1.863,1.863,0.5323,1.429,2.4123,3.3736,4.3332,4.5245,4.5245,4.5245,4.5245,4.5245,4.5245,4.5245,4.5245
1.8606,1.8606,1.8606,1.8606,1.8606,1.8606,1.8606,1.8606,1.8606,1.8606,1.8004,1.0412,4.5186,4.5186,4.5186,4.5186,4.5186,4.5186,4.5186,4.5186,4.5186,4.5186,4.5186,4.5186,4.5186,4.5186
1.8577,1.8477,1.8462,1.8563,1.8582,1.8582,1.8582,1.8582,1.8582,1.8582,1.8582,1.8582,1.8582,0.5309,1.4838,2.5049,3.5031,4.4994,4.5128,4.5128,4.5128,4.5128,4.4731,4.106,3.7389,3.3718
1.7686,1.7755,1.7765,1.7696,1.7615,1.7503,1.739,1.7274,1.7157,1.7041,1.6924,1.694,1.7052,4.5069,4.5069,4.5069,4.5069,4.5069,4.5069,4.5069,4.5069,4.5069,4.5069,4.5069,4.5069,4.5069
1.6426,1.6338,1.6324,1.6413,1.6516,1.6659,1.6803,1.6952,1.7101,1.725,1.7399,1.6791,0.5295,4.5011,4.5011,4.5011,4.5011,4.5011,4.5011,4.5011,4.5011,4.2796,3.9551,3.6305,3.3059,2.9813
1.851,1.851,1.851,1.851,1.851,1.851,1.851,1.851,1.851,1.851,1.851,1.851,1.851,1.851,1.0941,1.8469,2.583,3.3176,4.0479,4.4953,4.4953,4.4953,4.4953,4.4953,4.4953,4.4953
1.8486,1.8486,1.8486,1.8486,1.8486,1.8486,1.8486,1.8486,1.8486,1.8486,1.8486,1.2596,4.4895,4.4895,4.4895,4.4895,4.4895,4.4895,4.4895,4.4895,4.4895,4.4895,4.4895,4.4895,4.4895,4.4895
1.3307,1.3236,1.3225,1.3297,1.338,1.3496,1.3613,1.3733,1.3854,1.3975,1.4096,1.4079,1.3963,1.3445,4.4837,4.4837,4.4837,4.4837,4.2538,3.9926,3.7298,3.4671,3.2042,2.9412,2.6783,2.4153
1.8439,1.8439,1.8439,1.8439,1.8439,1.8439,1.8439,1.8439,1.8439,1.8439,1.8439,1.8439,1.8439,0.6813,2.2755,3.8414,4.4779,4.4779,4.4779,4.4779,4.4779,4.4779,4.4779,4.4779,4.4779,4.4779
1.8415,1.8415,1.8415,1.8415,1.8415,1.8415,1.8415,1.8415,1.8415,1.8415,1.8415,1.1163,4.4722,4.4722,4.4722,4.4722,4.4722,4.4722,4.4722,4.4722,4.4722,4.4722,4.4722,4.4722,4.4722,4.4722
1.8391,1.8391,1.8391,1.8391,1.8391,1.8391,1.8391,1.8391,1.8391,1.8391,1.8391,1.8391,1.8391,1.8391,1.1888,2.0069,2.8066,3.6049,4.3985,4.4665,4.4665,4.4665,4.4665,4.4665,4.4665,4.4665
1.8368,1.8368,1.8368,1.8368,1.8368,1.8368,1.8368,1.8368,1.8368,1.8368,1.8368,1.8368,0.7052,4.4607,4.4607,4.4607,4.4607,4.4607,4.4607,4.4607,4.4607,4.4607,4.4607,4.4607,4.4607,4.4607
1.3736,1.3663,1.3652,1.3726,1.3812,1.3932,1.4052,1.4176,1.4301,1.4426,1.4551,1.4533,0.9065,4.455,4.455,4.455,4.455,4.455,4.391,4.1214,3.8501,3.5789,3.3075,3.0361,2.7647,2.4932
1.8321,1.8321,1.8321,1.8321,1.8321,1.8321,1.8321,1.8321,1.8321,1.8321,1.8321,1.8321,1.8321,0.5235,1.2534,2.116,2.9592,3.8008,4.4493,4.4493,4.4493,4.4493,4.4493,4.4493,4.4493,4.4493
1.8297,1.8297,1.8297,1.8297,1.8297,1.8297,1.8297,1.8297,1.8297,1.8297,1.8297,1.0951,4.4437,4.4437,4.4437,4.4437,4.4437,4.4437,4.4437,4.4437,4.4437,4.4437,4.4437,4.4437,4.4437,4.4437
1.5806,1.5721,1.5708,1.5794,1.5893,1.6031,1.6169,1.6312,1.6456,1.6599,1.6743,1.6723,1.6586,0.5884,1.9652,3.3176,4.438,4.438,4.438,4.438,4.4303,4.1182,3.8059,3.4936,3.1812,2.8689
1.8251,1.8251,1.8251,1.8251,1.8179,1.8063,1.7947,1.7827,1.7706,1.7586,1.7465,1.7482,1.7597,2.244,4.4323,4.4323,4.4323,4.4323,4.4323,4.4323,4.4323,4.4323,4.4323,4.4323,4.4323,4.4323
1.8228,1.8228,1.8228,1.8228,1.8228,1.8228,1.8228,1.8228,1.8228,1.8228,1.8228,1.3788,0.5208,4.4267,4.4267,4.4267,4.4267,4.4267,4.4267,4.4267,4.4267,4.4267,4.4267,4.4267,4.1994,3.7871
1.8204,1.8204,1.8204,1.8204,1.8204,1.8204,1.8204,1.8204,1.8204,1.8204,1.8204,1.8204,1.8204,1.8204,1.108,1.8705,2.6159,3.36,4.0996,4.4211,4.4211,4.4211,4.4211,4.4211,4.4211,4.4211
1.8181,1.8181,1.8181,1.8181,1.8181,1.8181,1.8181,1.8181,1.8181,1.8181,1.8181,1.5452,0.5195,4.4155,4.4155,4.4155,4.4155,4.4155,4.4155,4.4155,4.4155,4.4155,4.4155,4.4155,4.4155,4.4155
1.3224,1.3153,1.3142,1.3214,1.3296,1.3412,1.3528,1.3647,1.3767,1.3887,1.4008,1.3991,1.3876,4.4099,4.4099,4.4099,4.4099,4.4099,4.2271,3.9676,3.7065,3.4453,3.1841,2.9228,2.6615,2.4002
1.8135,1.8135,1.8135,1.8135,1.8135,1.8135,1.8135,1.8135,1.8135,1.8135,1.8135,1.8135,1.8135,0.5182,1.6981,2.8667,4.0091,4.4043,4.4043,4.4043,4.4043,4.4043,4.4043,4.4043,4.4043,4.4043
1.8112,1.8112,1.8112,1.8112,1.8112,1.8112,1.8112,1.8112,1.8112,1.8112,1.8112,1.0879,4.3987,4.3987,4.3987,4.3987,4.3987,4.3987,4.3987,4.3987,4.3987,4.3987,4.3987,4.3987,4.3987,4.3987
1.809,1.809,1.809,1.809,1.809,1.809,1.809,1.809,1.809,1.809,1.809,1.809,1.809,0.5168,1.3782,2.3266,3.2537,4.1791,4.3932,4.3932,4.3932,4.3932,4.3932,4.3932,4.3932,4.1147
1.8067,1.8067,1.8067,1.8067,1.8067,1.8067,1.8067,1.8067,1.8067,1.8024,1.79,1.7917,1.4604,4.3876,4.3876,4.3876,4.3876,4.3876,4.3876,4.3876,4.3876,4.3876,4.3876,4.3876,4.3876,4.3876
1.5548,1.5465,1.5452,1.5536,1.5633,1.5769,1.5905,1.6046,1.6187,1.6329,1.647,1.645,0.5735,4.3821,4.3821,4.3821,4.3821,4.3821,4.3821,4.3821,4.358,4.051,3.7438,3.4366,3.1293,2.8221
1.8021,1.8021,1.8021,1.8021,1.8021,1.8021,1.8021,1.8021,1.8021,1.8021,1.8021,1.8021,1.8021,0.5149,1.1717,1.978,2.7663,3.5531,4.3352,4.3766,4.3766,4.3766,4.3766,4.3766,4.3766,4.3766
1.7999,1.7999,1.7999,1.7999,1.7999,1.7999,1.7999,1.7999,1.7999,1.7999,1.7999,1.2125,4.3711,4.3711,4.3711,4.3711,4.3711,4.3711,4.3711,4.3711,4.3711,4.3711,4.3711,4.3711,4.3711,4.3711
1.4438,1.436,1.4349,1.4427,1.4517,1.4643,1.477,1.4901,1.5031,1.5163,1.5294,1.5275,1.515,0.9151,3.0565,4.3656,4.3656,4.3656,4.3656,4.3319,4.0468,3.7617,3.4765,3.1912,2.9059,2.6206
1.7954,1.7954,1.7954,1.7954,1.7954,1.7954,1.7954,1.7954,1.7954,1.7954,1.7954,1.7954,1.7954,0.9498,3.1722,4.3602,4.3602,4.3602,4.3602,4.3602,4.3602,4.3602,4.3602,4.3602,4.3602,4.3602
1.7931,1.7931,1.7931,1.7931,1.7931,1.7931,1.7931,1.7931,1.7931,1.7931,1.7931,1.2279,4.3547,4.3547,4.3547,4.3547,4.3547,4.3547,4.3547,4.3547,4.3547,4.3547,4.3547,4.3547,4.3547,4.3547
1.7909,1.7909,1.7909,1.7909,1.7909,1.7909,1.7909,1.7909,1.7909,1.7909,1.7909,1.7909,1.7909,0.5117,1.1784,1.9893,2.7821,3.5734,4.3493,4.3493,4.3493,4.3493,4.3493,4.3493,4.3493,4.3493
1.7886,1.7886,1.7886,1.7886,1.7886,1.7886,1.7886,1.7886,1.7886,1.7886,1.7886,1.7886,0.5684,4.3439,4.3439,4.3439,4.3439,4.3439,4.3439,4.3439,4.3439,4.3439,4.3439,4.3439,4.3439,4.3439
1.3798,1.3724,1.3713,1.3787,1.3874,1.3994,1.4115,1.424,1.4365,1.449,1.4616,1.4598,1.4478,4.3384,4.3384,4.3384,4.3384,4.3384,4.3384,4.1399,3.8674,3.595,3.3224,3.0497,2.7771,2.5044
1.7842,1.7842,1.7842,1.7842,1.7842,1.7842,1.7842,1.7842,1.7842,1.7842,1.7842,1.7842,1.7842,0.5098,1.4221,2.4007,3.3574,4.3123,4.333,4.333,4.333,4.333,4.333,4.333,4.333,4.333
1.782,1.782,1.782,1.782,1.782,1.782,1.782,1.782,1.782,1.782,1.782,1.114,4.3277,4.3277,4.3277,4.3277,4.3277,4.3277,4.3277,4.3277,4.3277,4.3277,4.3277,4.3277,4.3277,4.3277
1.7798,1.7798,1.7798,1.7798,1.7798,1.7798,1.7798,1.7798,1.7798,1.7798,1.7798,1.7798,1.7798,0.5153,1.7212,2.9057,4.0636,4.3223,4.3223,4.3223,4.3223,4.3223,4.3223,4.0361,3.6753,3.3144
1.7776,1.7776,1.7776,1.7776,1.7776,1.7776,1.7776,1.7776,1.7776,1.7776,1.7776,1.7776,1.7776,4.3169,4.3169,4.3169,4.3169,4.3169,4.3169,4.3169,4.3169,4.3169,4.3169,4.3169,4.3169,4.3169
1.7754,1.7754,1.7754,1.7754,1.7754,1.7754,1.7754,1.7754,1.7754,1.7754,1.7754,1.6263,0.5072,4.3116,4.3116,4.3116,4.3116,4.3116,4.3116,4.3116,4.3116,4.3116,4.3116,4.1564,3.7848,3.4132
1.7732,1.7732,1.7732,1.7732,1.7732,1.7732,1.7732,1.7732,1.7732,1.7732,1.7732,1.7732,1.7732,0.5066,1.1552,1.9501,2.7272,3.5028,4.2739,4.3062,4.3062,4.3062,4.3062,4.3062,4.3062,4.3062
1.771,1.771,1.771,1.771,1.771,1.771,1.771,1.771,1.771,1.771,1.771,1.426,0.506,4.3009,4.3009,4.3009,4.3009,4.3009,4.3009,4.3009,4.3009,4.3009,4.3009,4.3009,4.3009,4.3009
1.3955,1.388,1.3869,1.3944,1.4031,1.4154,1.4276,1.4402,1.4529,1.4655,1.4782,1.4764,1.4643,2.1571,4.2956,4.2956,4.2956,4.2956,4.2956,4.187,3.9115,3.6359,3.3602,3.0844,2.8087,2.5329
1.7666,1.7666,1.7666,1.7666,1.7666,1.7666,1.7666,1.7666,1.7666,1.7666,1.7666,1.7666,1.7666,0.6329,2.114,3.5687,4.2903,4.2903,4.2903,4.2903,4.2903,4.2903,4.2903,4.2903,4.2903,4.2903
1.7644,1.7644,1.7644,1.7644,1.7644,1.7644,1.7644,1.7644,1.7644,1.7644,1.7644,1.1624,4.285,4.285,4.285,4.285,4.285,4.285,4.285,4.285,4.285,4.285,4.285,4.285,4.285,4.285
1.7623,1.7623,1.7623,1.7623,1.7623,1.7623,1.7623,1.7623,1.7623,1.7623,1.7623,1.7623,1.7623,0.5035,1.3213,2.2305,3.1193,4.0066,4.2798,4.2798,4.2798,4.2798,4.2798,4.2798,4.2798,4.2798
1.7601,1.7601,1.7601,1.7601,1.7601,1.7601,1.7601,1.7601,1.7601,1.7601,1.7601,1.7601,0.9286,4.2745,4.2745,4.2745,4.2745,4.2745,4.2745,4.2745,4.2745,4.2745,4.2745,4.2745,4.2745,4.2745
1.5146,1.5065,1.5053,1.5135,1.5229,1.5362,1.5494,1.5632,1.5769,1.5906,1.6044,1.6025,0.7789,4.2693,4.2693,4.2693,4.2693,4.2693,4.2693,4.2693,4.2453,3.9463,3.647,3.3477,3.0484,2.7491
1.7558,1.7558,1.7558,1.7558,1.7558,1.7558,1.7558,1.7558,1.7558,1.7558,1.7558,1.7558,1.7558,0.5017,1.2852,2.1696,3.0342,3.8972,4.2641,4.2641,4.2641,4.2641,4.2641,4.2641,4.2641,4.2641
1.7536,1.7536,1.7536,1.7536,1.7536,1.7536,1.7536,1.7536,1.7536,1.7536,1.7536,1.1986,4.2588,4.2588,4.2588,4.2588,4.2588,4.2588,4.2588,4.2588,4.2588,4.2588,4.2588,4.2588,4.2588,4.2588
1.6064,1.5978,1.5965,1.6052,1.6152,1.6293,1.6433,1.6579,1.6725,1.6871,1.7017,1.6996,1.6857,0.7197,2.404,4.0582,4.2536,4.2536,4.2536,4.2536,4.2536,4.1855,3.8681,3.5506,3.2332,2.9158
1.7494,1.7494,1.7494,1.7494,1.7494,1.7494,1.7494,1.7494,1.7494,1.7494,1.7494,1.7494,1.7494,1.547,4.2484,4.2484,4.2484,4.2484,4.2484,4.2484,4.2484,4.2484,4.2484,4.2484,4.2484,4.2484
1.7472,1.7472,1.7472,1.7472,1.7472,1.7472,1.7472,1.7472,1.7472,1.7472,1.7472,1.3876,0.4992,4.2433,4.2433,4.2433,4.2433,4.2433,4.2433,4.2433,4.2433,4.2433,4.2433,4.2433,4.2433,4.2433
1.7451,1.7451,1.7451,1.7451,1.7451,1.7451,1.7451,1.7451,1.7451,1.7451,1.7451,1.7451,1.7451,0.4986,1.1964,2.0197,2.8245,3.6279,4.2381,4.2381,4.2381,4.2381,4.2381,4.2381,4.2381,4.2381
1.743,1.743,1.743,1.743,1.743,1.743,1.743,1.743,1.743,1.743,1.743,1.743,0.498,4.2329,4.2329,4.2329,4.2329,4.2329,4.2329,4.2329,4.2329,4.2329,4.2329,4.2329,4.2329,4.2329
1.4185,1.4109,1.4097,1.4174,1.4263,1.4387,1.4511,1.4639,1.4768,1.4897,1.5026,1.5008,1.4885,4.2278,4.2278,4.2278,4.2278,4.2278,4.2278,4.2278,3.9759,3.6958,3.4155,3.1353,2.855,2.5746
1.7388,1.7388,1.7388,1.7388,1.7388,1.7388,1.7388,1.7388,1.7388,1.7388,1.7388,1.7388,1.7388,0.4991,1.6671,2.8142,3.9357,4.2227,4.2227,4.2227,4.2227,4.2227,4.2227,4.2227,4.2227,4.2227
1.7366,1.7366,1.7366,1.7366,1.7366,1.7366,1.7366,1.7366,1.7366,1.7366,1.7366,1.1594,4.2176,4.2176,4.2176,4.2176,4.2176,4.2176,4.2176,4.2176,4.2176,4.2176,4.2176,4.2176,4.2176,4.2176
1.7345,1.7345,1.7345,1.7345,1.7345,1.7345,1.7345,1.7345,1.7345,1.7345,1.7345,1.7345,1.7345,0.4956,1.578,2.6639,3.7255,4.2125,4.2125,4.2125,4.2125,4.2125,4.2125,4.2125,4.2125,3.974
1.7324,1.7324,1.7324,1.7324,1.7324,1.7324,1.7324,1.7324,1.7324,1.7324,1.7324,1.7324,1.7324,4.2074,4.2074,4.2074,4.2074,4.2074,4.2074,4.2074,4.2074,4.2074,4.2074,4.2074,4.2074,4.2074
1.7304,1.7304,1.7304,1.7304,1.7304,1.7304,1.7304,1.7304,1.7304,1.7304,1.7304,1.7304,0.5426,4.2023,4.2023,4.2023,4.2023,4.2023,4.2023,4.2023,4.2023,4.2023,4.2023,3.8947,3.5465,3.1983
1.7283,1.7283,1.7283,1.7283,1.7283,1.7283,1.7283,1.7283,1.7283,1.7283,1.7283,1.7283,1.7283,0.4938,1.2322,2.08,2.9089,3.7363,4.1972,4.1972,4.1972,4.1972,4.1972,4.1972,4.1972,4.1972
1.7262,1.7262,1.7262,1.7262,1.7262,1.7262,1.7262,1.7262,1.7262,1.7262,1.7262,1.3618,0.4932,4.1922,4.1922,4.1922,4.1922,4.1922,4.1922,4.1922,4.1922,4.1922,4.1922,4.1922,4.1922,4.1922
1.5075,1.4994,1.4982,1.5063,1.5157,1.5289,1.5421,1.5558,1.5694,1.5831,1.5968,1.5949,1.5818,1.2474,4.1663,4.1871,4.1871,4.1871,4.1871,4.1871,4.1871,3.9276,3.6298,3.3319,3.034,2.7361
1.722,1.722,1.722,1.722,1.722,1.722,1.722,1.722,1.722,1.722,1.722,1.722,1.722,0.8416,2.811,4.1821,4.1821,4.1821,4.1821,4.1821,4.1821,4.1821,4.1821,4.1821,4.1821,4.1821
1.72,1.72,1.72,1.72,1.72,1.72,1.72,1.72,1.72,1.72,1.72,1.2723,0.4914,4.1771,4.1771,4.1771,4.1771,4.1771,4.1771,4.1771,4.1771,4.1771,4.1771,4.1771,4.1771,4.1771
1.7179,1.7179,1.7179,1.7179,1.7179,1.7179,1.7179,1.7179,1.7179,1.7179,1.7179,1.7179,1.7179,0.4908,1.303,2.1996,3.0762,3.9511,4.1721,4.1721,4.1721,4.1721,4.1721,4.1721,4.1721,4.1721
1.7159,1.7159,1.7159,1.7159,1.7159,1.7159,1.7159,1.7159,1.7159,1.7159,1.7159,1.7159,0.7092,4.1671,4.1671,4.1671,4.1671,4.1671,4.1671,4.1671,4.1671,4.1671,4.1671,4.1671,4.1671,4.1671
1.515,1.5069,1.5057,1.5139,1.5233,1.5366,1.5498,1.5635,1.5773,1.591,1.6048,1.6029,1.2005,4.1621,4.1621,4.1621,4.1621,4.1621,4.1621,4.1621,4.1621,3.9473,3.6479,3.3486,3.0492,2.7498
1.7118,1.7118,1.7118,1.7118,1.7118,1.7118,1.7118,1.7118,1.7118,1.7118,1.7118,1.7118,1.7118,0.4891,1.448,2.4444,3.4186,4.1571,4.1571,4.1571,4.1571,4.1571,4.1571,4.1571,4.1571,4.1571
1.7097,1.7097,1.7097,1.7097,1.7097,1.7097,1.7097,1.7097,1.7097,1.7097,1.7097,1.2151,0.4885,4.1522,4.1522,4.1522,4.1522,4.1522,4.1522,4.1522,4.1522,4.1522,4.1522,4.1522,4.1522,4.1522
1.7077,1.7077,1.7077,1.7077,1.7077,1.7077,1.7077,1.7077,1.7077,1.7077,1.7077,1.7077,1.7077,0.6147,2.0532,3.4661,4.1472,4.1472,4.1472,4.1472,4.1472,4.1472,4.1472,4.0668,3.7032,3.3396
1.7057,1.7057,1.7057,1.7057,1.7057,1.7057,1.7057,1.7057,1.7057,1.7057,1.7057,1.7057,1.7057,3.8468,4.1423,4.1423,4.1423,4.1423,4.1423,4.1423,4.1423,4.1423,4.1423,4.1423,4.1423,4.1423
1.7036,1.7036,1.7036,1.7036,1.7036,1.7036,1.7036,1.7036,1.7036,1.7036,1.7036,1.6188,0.4867,4.1374,4.1374,4.1374,4.1374,4.1374,4.1374,4.1374,4.1374,4.1374,4.1374,4.1374,4.1374,4.009
1.7016,1.7016,1.7016,1.7016,1.7016,1.7016,1.7016,1.7016,1.7016,1.7016,1.7016,1.7016,1.7016,0.4862,1.2439,2.0998,2.9366,3.7718,4.1325,4.1325,4.1325,4.1325,4.1325,4.1325,4.1325,4.1325
1.6996,1.6996,1.6996,1.6996,1.6996,1.6996,1.6996,1.6996,1.6996,1.6996,1.6996,1.6537,0.4856,4.1276,4.1276,4.1276,4.1276,4.1276,4.1276,4.1276,4.1276,4.1276,4.1276,4.1276,4.1276,4.1276
1.4931,1.4851,1.4839,1.4919,1.5013,1.5143,1.5274,1.5409,1.5544,1.568,1.5816,1.5797,1.5667,4.1227,4.1227,4.1227,4.1227,4.1227,4.1227,4.1227,4.1227,3.8901,3.5951,3.3001,3.0051,2.71
1.6956,1.6956,1.6956,1.6956,1.6956,1.6956,1.6956,1.6956,1.6956,1.6956,1.6956,1.6956,1.6956,0.6096,2.0361,3.4371,4.1178,4.1178,4.1178,4.1178,4.1178,4.1178,4.1178,4.1178,4.1178,4.1178
1.6936,1.6936,1.6936,1.6936,1.6936,1.6936,1.6936,1.6936,1.6936,1.6936,1.6936,1.2356,0.4839,4.1129,4.1129,4.1129,4.1129,4.1129,4.1129,4.1129,4.1129,4.1129,4.1129,4.1129,4.1129,4.1129
1.6916,1.6916,1.6916,1.6916,1.6916,1.6916,1.6916,1.6916,1.6916,1.6916,1.6916,1.6916,1.6916,0.4833,1.5015,2.5347,3.5448,4.1081,4.1081,4.1081,4.1081,4.1081,4.1081,4.1081,4.1081,4.1081
1.6896,1.6896,1.6896,1.6896,1.6896,1.6896,1.6896,1.6896,1.6896,1.6896,1.6896,1.6896,1.322,4.1032,4.1032,4.1032,4.1032,4.1032,4.1032,4.1032,4.1032,4.1032,4.1032,4.1032,4.1032,4.1032
1.6876,1.6876,1.6876,1.6876,1.6876,1.6876,1.6876,1.6876,1.6876,1.6876,1.6876,1.6876,0.7095,4.0984,4.0984,4.0984,4.0984,4.0984,4.0984,4.0984,4.0984,4.0984,4.0984,3.7725,3.4353,3.098
1.6856,1.6856,1.6856,1.6856,1.6856,1.6856,1.6856,1.6856,1.6856,1.6856,1.6856,1.6856,1.6856,0.4816,1.3471,2.2741,3.1803,4.0849,4.0936,4.0936,4.0936,4.0936,4.0936,4.0936,4.0936,4.0936
1.6836,1.6836,1.6836,1.6836,1.6836,1.6836,1.6836,1.6836,1.6836,1.6836,1.6836,1.3405,0.481,4.0888,4.0888,4.0888,4.0888,4.0888,4.0888,4.0888,4.0888,4.0888,4.0888,4.0888,4.0888,4.0888
1.6708,1.6618,1.6604,1.6695,1.6799,1.6816,1.6816,1.6816,1.6816,1.6816,1.6816,1.6816,1.6816,0.919,3.0696,4.084,4.084,4.084,4.084,4.084,4.084,4.084,4.023,3.6928,3.3627,3.0325
1.6797,1.6797,1.6797,1.6797,1.6797,1.6797,1.6797,1.6797,1.6797,1.6797,1.6797,1.6797,1.6797,1.2446,4.0792,4.0792,4.0792,4.0792,4.0792,4.0792,4.0792,4.0792,4.0792,4.0792,4.0792,4.0792
1.6777,1.6777,1.6777,1.6777,1.6777,1.6777,1.6777,1.6777,1.6777,1.6777,1.6777,1.4308,0.4793,4.0744,4.0744,4.0744,4.0744,4.0744,4.0744,4.0744,4.0744,4.0744,4.0744,4.0744,4.0744,4.0744
1.6757,1.6757,1.6757,1.6757,1.6757,1.6757,1.6757,1.6757,1.6757,1.6757,1.6757,1.6757,1.6757,0.4788,1.3198,2.228,3.1158,4.0021,4.0697,4.0697,4.0697,4.0697,4.0697,4.0697,4.0697,4.0697
1.6738,1.6738,1.6738,1.6738,1.6738,1.6738,1.6738,1.6738,1.6738,1.6738,1.6738,1.6738,0.5968,4.0649,4.0649,4.0649,4.0649,4.0649,4.0649,4.0649,4.0649,4.0649,4.0649,4.0649,4.0649,4.0649
1.5549,1.5465,1.5453,1.5537,1.5634,1.577,1.5906,1.6047,1.6188,1.6329,1.6471,1.6451,1.6316,4.0602,4.0602,4.0602,4.0602,4.0602,4.0602,4.0602,4.0602,4.0511,3.7439,3.4367,3.1294,2.8222
1.6699,1.6699,1.6699,1.6699,1.6699,1.6699,1.6699,1.6699,1.6699,1.6699,1.6699,1.6699,1.6699,0.5041,1.6836,2.8421,3.9747,4.0554,4.0554,4.0554,4.0554,4.0554,4.0554,4.0554,4.0554,4.0554
1.6679,1.6679,1.6679,1.6679,1.6679,1.6679,1.6679,1.6679,1.6679,1.6679,1.6679,1.263,0.4766,4.0507,4.0507,4.0507,4.0507,4.0507,4.0507,4.0507,4.0507,4.0507,4.0507,4.0507,4.0507,4.0507
1.666,1.666,1.666,1.666,1.666,1.666,1.666,1.666,1.666,1.666,1.666,1.666,1.666,0.5558,1.8566,3.1341,4.046,4.046,4.046,4.046,4.046,4.046,4.046,4.046,4.046,3.9606
1.6641,1.6641,1.6641,1.6641,1.6641,1.6641,1.6641,1.6641,1.6641,1.6641,1.6641,1.6641,1.6641,4.0413,4.0413,4.0413,4.0413,4.0413,4.0413,4.0413,4.0413,4.0413,4.0413,4.0413,4.0413,4.0413
1.6621,1.6621,1.6621,1.6621,1.6621,1.6621,1.6621,1.6621,1.6621,1.6621,1.6621,1.6621,0.5321,4.0366,4.0366,4.0366,4.0366,4.0366,4.0366,4.0366,4.0366,4.0366,4.0366,4.0366,4.0366,3.7198
1.6602,1.6602,1.6602,1.6602,1.6602,1.6602,1.6602,1.6602,1.6602,1.6602,1.6602,1.6602,1.6602,0.4743,1.3256,2.2378,3.1296,4.0197,4.032,4.032,4.032,4.032,4.032,4.032,4.032,4.032
1.6583,1.6583,1.6583,1.6583,1.6583,1.6583,1.6583,1.6583,1.6583,1.6583,1.6583,1.5683,0.4738,4.0273,4.0273,4.0273,4.0273,4.0273,4.0273,4.0273,4.0273,4.0273,4.0273,4.0273,4.0273,4.0273
1.6114,1.6027,1.6014,1.6101,1.6202,1.6343,1.6484,1.6564,1.6564,1.6564,1.6564,1.6564,1.6564,1.8793,4.0226,4.0226,4.0226,4.0226,4.0226,4.0226,4.0226,4.0226,3.88,3.5616,3.2431,2.9247
1.6545,1.6545,1.6545,1.6545,1.6545,1.6545,1.6545,1.6545,1.6545,1.6545,1.6545,1.6545,1.6545,0.7867,2.6276,4.018,4.018,4.018,4.018,4.018,4.018,4.018,4.018,4.018,4.018,4.018
1.6526,1.6526,1.6526,1.6526,1.6526,1.6526,1.6526,1.6526,1.6526,1.6526,1.6526,1.3508,0.4722,4.0134,4.0134,4.0134,4.0134,4.0134,4.0134,4.0134,4.0134,4.0134,4.0134,4.0134,4.0134,4.0134
1.6507,1.6507,1.6507,1.6507,1.6507,1.6507,1.6507,1.6507,1.6507,1.6507,1.6507,1.6507,1.6507,0.4716,1.4762,2.4921,3.4851,4.0088,4.0088,4.0088,4.0088,4.0088,4.0088,4.0088,4.0088,4.0088
1.6488,1.6488,1.6488,1.6488,1.6488,1.6488,1.6488,1.6488,1.6488,1.6488,1.6488,1.6488,0.9307,4.0041,4.0041,4.0041,4.0041,4.0041,4.0041,4.0041,4.0041,4.0041,4.0041,4.0041,4.0041,4.0041
1.6469,1.6469,1.6469,1.6469,1.6469,1.6469,1.6469,1.6469,1.6469,1.6469,1.6469,1.6469,1.0168,3.9995,3.9995,3.9995,3.9995,3.9995,3.9995,3.9995,3.9995,3.9995,3.9995,3.767,3.4302,3.0934
1.645,1.645,1.645,1.645,1.645,1.645,1.645,1.645,1.645,1.645,1.645,1.645,1.645,0.47,1.5141,2.556,3.5746,3.995,3.995,3.995,3.995,3.995,3.995,3.995,3.995,3.995
1.6431,1.6431,1.6431,1.6431,1.6431,1.6431,1.6431,1.6431,1.6431,1.6431,1.6431,1.3579,0.4695,3.9904,3.9904,3.9904,3.9904,3.9904,3.9904,3.9904,3.9904,3.9904,3.9904,3.9904,3.9904,3.9904
1.6412,1.6412,1.6412,1.6412,1.6412,1.6412,1.6412,1.6412,1.6412,1.6412,1.6412,1.6412,1.6412,0.7606,2.5403,3.9858,3.9858,3.9858,3.9858,3.9858,3.9858,3.9858,3.9858,3.9858,3.8379,3.4611
1.6393,1.6393,1.6393,1.6393,1.6393,1.6393,1.6393,1.6393,1.6393,1.6393,1.6393,1.6393,1.6393,2.2833,3.9812,3.9812,3.9812,3.9812,3.9812,3.9812,3.9812,3.9812,3.9812,3.9812,3.9812,3.9812
1.6375,1.6375,1.6375,1.6375,1.6375,1.6375,1.6375,1.6375,1.6375,1.6375,1.6375,1.6375,0.4678,3.9767,3.9767,3.9767,3.9767,3.9767,3.9767,3.9767,3.9767,3.9767,3.9767,3.9767,3.9767,3.9767
1.6356,1.6356,1.6356,1.6356,1.6356,1.6356,1.6356,1.6356,1.6356,1.6356,1.6356,1.6356,1.6356,0.4673,1.3731,2.318,3.2417,3.9722,3.9722,3.9722,3.9722,3.9722,3.9722,3.9722,3.9722,3.9722
1.6337,1.6337,1.6337,1.6337,1.6337,1.6337,1.6337,1.6337,1.6337,1.6337,1.6337,1.6337,0.5358,3.9676,3.9676,3.9676,3.9676,3.9676,3.9676,3.9676,3.9676,3.9676,3.9676,3.9676,3.9676,3.9676
1.6319,1.6296,1.6283,1.6319,1.6319,1.6319,1.6319,1.6319,1.6319,1.6319,1.6319,1.6319,1.6319,3.9631,3.9631,3.9631,3.9631,3.9631,3.9631,3.9631,3.9631,3.9631,3.9451,3.6214,3.2976,2.9738
1.63,1.63,1.63,1.63,1.63,1.63,1.63,1.63,1.63,1.63,1.63,1.63,1.63,0.6091,2.0345,3.4345,3.9586,3.9586,3.9586,3.9586,3.9586,3.9586,3.9586,3.9586,3.9586,3.9586
1.6282,1.6282,1.6282,1.6282,1.6282,1.6282,1.6282,1.6282,1.6282,1.6282,1.6282,1.3478,0.4652,3.9541,3.9541,3.9541,3.9541,3.9541,3.9541,3.9541,3.9541,3.9541,3.9541,3.9541,3.9541,3.9541
1.6263,1.6263,1.6263,1.6263,1.6263,1.6263,1.6263,1.6263,1.6263,1.6263,1.6263,1.6263,1.6263,0.5258,1.7561,2.9645,3.9496,3.9496,3.9496,3.9496,3.9496,3.9496,3.9496,3.9496,3.9496,3.9496
1.6245,1.6245,1.6245,1.6245,1.6245,1.6245,1.6245,1.6245,1.6245,1.6245,1.6245,1.6245,1.6245,3.9452,3.9452,3.9452,3.9452,3.9452,3.9452,3.9452,3.9452,3.9452,3.9452,3.9452,3.9452,3.9452
1.6226,1.6226,1.6226,1.6226,1.6226,1.6226,1.6226,1.6226,1.6226,1.6226,1.6226,1.6226,0.6801,3.9407,3.9407,3.9407,3.9407,3.9407,3.9407,3.9407,3.9407,3.9407,3.9407,3.9407,3.9407,3.5912
1.6208,1.6208,1.6208,1.6208,1.6208,1.6208,1.6208,1.6208,1.6208,1.6208,1.6208,1.6208,1.6208,0.4631,1.4513,2.45,3.4263,3.9362,3.9362,3.9362,3.9362,3.9362,3.9362,3.9362,3.9362,3.9362
1.619,1.619,1.619,1.619,1.619,1.619,1.619,1.619,1.619,1.619,1.619,1.5417,0.4626,3.9318,3.9318,3.9318,3.9318,3.9318,3.9318,3.9318,3.9318,3.9318,3.9318,3.9318,3.9318,3.9318
1.6171,1.6171,1.6171,1.6171,1.6171,1.6171,1.6171,1.6171,1.6171,1.6171,1.6171,1.6171,1.6171,1.2467,3.9274,3.9274,3.9274,3.9274,3.9274,3.9274,3.9274,3.9274,3.9274,3.9274,3.5984,3.2451
1.6153,1.6153,1.6153,1.6153,1.6153,1.6153,1.6153,1.6153,1.6153,1.6153,1.6153,1.6153,1.6153,1.1013,3.6783,3.9229,3.9229,3.9229,3.9229,3.9229,3.9229,3.9229,3.9229,3.9229,3.9229,3.9229
1.6135,1.6135,1.6135,1.6135,1.6135,1.6135,1.6135,1.6135,1.6135,1.6135,1.6135,1.5199,0.461,3.9185,3.9185,3.9185,3.9185,3.9185,3.9185,3.9185,3.9185,3.9185,3.9185,3.9185,3.9185,3.9185
1.6117,1.6117,1.6117,1.6117,1.6117,1.6117,1.6117,1.6117,1.6117,1.6117,1.6117,1.6117,1.6117,0.4605,1.4975,2.528,3.5354,3.9141,3.9141,3.9141,3.9141,3.9141,3.9141,3.9141,3.9141,3.9141
1.6099,1.6099,1.6099,1.6099,1.6099,1.6099,1.6099,1.6099,1.6099,1.6099,1.6099,1.6099,0.7556,3.9097,3.9097,3.9097,3.9097,3.9097,3.9097,3.9097,3.9097,3.9097,3.9097,3.9097,3.9097,3.9097
1.6081,1.6081,1.6081,1.6081,1.6081,1.6081,1.6081,1.6081,1.6081,1.6081,1.6081,1.6081,1.6081,3.9053,3.9053,3.9053,3.9053,3.9053,3.9053,3.9053,3.9053,3.9053,3.9053,3.8757,3.5292,3.1827
1.6063,1.6063,1.6063,1.6063,1.6063,1.6063,1.6063,1.6063,1.6063,1.6063,1.6063,1.6063,1.6063,0.5263,1.7578,2.9674,3.901,3.901,3.901,3.901,3.901,3.901,3.901,3.901,3.901,3.901
1.6045,1.6045,1.6045,1.6045,1.6045,1.6045,1.6045,1.6045,1.6045,1.6045,1.6045,1.4161,0.4584,3.8966,3.8966,3.8966,3.8966,3.8966,3.8966,3.8966,3.8966,3.8966,3.8966,3.8966,3.8966,3.8966
1.6027,1.6027,1.6027,1.6027,1.6027,1.6027,1.6027,1.6027,1.6027,1.6027,1.6027,1.6027,1.6027,0.678,2.2647,3.8231,3.8922,3.8922,3.8922,3.8922,3.8922,3.8922,3.8922,3.8922,3.8922,3.8922
1.6009,1.6009,1.6009,1.6009,1.6009,1.6009,1.6009,1.6009,1.6009,1.6009,1.6009,1.6009,1.6009,3.8879,3.8879,3.8879,3.8879,3.8879,3.8879,3.8879,3.8879,3.8879,3.8879,3.8879,3.8879,3.8879
1.5991,1.5991,1.5991,1.5991,1.5991,1.5991,1.5991,1.5991,1.5991,1.5991,1.5991,1.5991,0.5427,3.8835,3.8835,3.8835,3.8835,3.8835,3.8835,3.8835,3.8835,3.8835,3.8835,3.8835,3.8835,3.8835
1.5973,1.5973,1.5973,1.5973,1.5973,1.5973,1.5973,1.5973,1.5973,1.5973,1.5973,1.5973,1.5973,0.4564,1.4697,2.481,3.4697,3.8792,3.8792,3.8792,3.8792,3.8792,3.8792,3.8792,3.8792,3.8792
1.5955,1.5955,1.5955,1.5955,1.5955,1.5955,1.5955,1.5955,1.5955,1.5955,1.5955,1.5955,0.506,3.8749,3.8749,3.8749,3.8749,3.8749,3.8749,3.8749,3.8749,3.8749,3.8749,3.8749,3.8749,3.8749
1.5938,1.5938,1.5938,1.5938,1.5938,1.5938,1.5938,1.5938,1.5938,1.5938,1.5938,1.5938,1.5938,3.425,3.8706,3.8706,3.8706,3.8706,3.8706,3.8706,3.8706,3.8706,3.8706,3.8706,3.5754,3.2243
1.592,1.592,1.592,1.592,1.592,1.592,1.592,1.592,1.592,1.592,1.592,1.592,1.592,0.7739,2.585,3.8663,3.8663,3.8663,3.8663,3.8663,3.8663,3.8663,3.8663,3.8663,3.8663,3.8663
1.5902,1.5902,1.5902,1.5902,1.5902,1.5902,1.5902,1.5902,1.5902,1.5902,1.5902,1.4805,0.4544,3.862,3.862,3.862,3.862,3.862,3.862,3.862,3.862,3.862,3.862,3.862,3.862,3.862
1.5885,1.5885,1.5885,1.5885,1.5885,1.5885,1.5885,1.5885,1.5885,1.5885,1.5885,1.5885,1.5885,0.5176,1.7286,2.9182,3.8577,3.8577,3.8577,3.8577,3.8577,3.8577,3.8577,3.8577,3.8577,3.8577
1.5867,1.5867,1.5867,1.5867,1.5867,1.5867,1.5867,1.5867,1.5867,1.5867,1.5867,1.5867,1.3152,3.8535,3.8535,3.8535,3.8535,3.8535,3.8535,3.8535,3.8535,3.8535,3.8535,3.8535,3.8535,3.8535
1.585,1.585,1.585,1.585,1.585,1.585,1.585,1.585,1.585,1.585,1.585,1.585,0.9364,3.8492,3.8492,3.8492,3.8492,3.8492,3.8492,3.8492,3.8492,3.8492,3.8492,3.8492,3.8492,3.597
1.5832,1.5832,1.5832,1.5832,1.5832,1.5832,1.5832,1.5832,1.5832,1.5832,1.5832,1.5832,1.5832,0.4906,1.6385,2.7659,3.8449,3.8449,3.8449,3.8449,3.8449,3.8449,3.8449,3.8449,3.8449,3.8449
1.5815,1.5815,1.5815,1.5815,1.5815,1.5815,1.5815,1.5815,1.5815,1.5815,1.5815,1.569,0.4518,3.8407,3.8407,3.8407,3.8407,3.8407,3.8407,3.8407,3.8407,3.8407,3.8407,3.8407,3.8407,3.8407
1.5797,1.5797,1.5797,1.5797,1.5797,1.5797,1.5797,1.5797,1.5797,1.5797,1.5797,1.5797,1.5797,0.9898,3.306,3.8365,3.8365,3.8365,3.8365,3.8365,3.8365,3.8365,3.8365,3.8365,3.8365,3.7182
1.578,1.578,1.578,1.578,1.578,1.578,1.578,1.578,1.578,1.578,1.578,1.578,1.578,1.7726,3.8323,3.8323,3.8323,3.8323,3.8323,3.8323,3.8323,3.8323,3.8323,3.8323,3.8323,3.8323
1.5763,1.5763,1.5763,1.5763,1.5763,1.5763,1.5763,1.5763,1.5763,1.5763,1.5763,1.5763,0.4793,3.828,3.828,3.828,3.828,3.828,3.828,3.828,3.828,3.828,3.828,3.828,3.828,3.828
1.5745,1.5745,1.5745,1.5745,1.5745,1.5745,1.5745,1.5745,1.5745,1.5745,1.5745,1.5745,1.5745,0.4697,1.5687,2.6482,3.7036,3.8238,3.8238,3.8238,3.8238,3.8238,3.8238,3.8238,3.8238,3.8238
1.5728,1.5728,1.5728,1.5728,1.5728,1.5728,1.5728,1.5728,1.5728,1.5728,1.5728,1.5728,0.6692,3.8196,3.8196,3.8196,3.8196,3.8196,3.8196,3.8196,3.8196,3.8196,3.8196,3.8196,3.8196,3.8196
1.5711,1.5711,1.5711,1.5711,1.5711,1.5711,1.5711,1.5711,1.5711,1.5711,1.5711,1.5711,1.5711,3.8155,3.8155,3.8155,3.8155,3.8155,3.8155,3.8155,3.8155,3.8155,3.8155,3.8155,3.7478,3.3798
1.5693,1.5693,1.5693,1.5693,1.5693,1.5693,1.5693,1.5693,1.5693,1.5693,1.5693,1.5693,1.5693,0.6358,2.1235,3.5847,3.8113,3.8113,3.8113,3.8113,3.8113,3.8113,3.8113,3.8113,3.8113,3.8113
1.5676,1.5676,1.5676,1.5676,1.5676,1.5676,1.5676,1.5676,1.5676,1.5676,1.5676,1.524,0.4479,3.8071,3.8071,3.8071,3.8071,3.8071,3.8071,3.8071,3.8071,3.8071,3.8071,3.8071,3.8071,3.8071
1.5659,1.5659,1.5659,1.5659,1.5659,1.5659,1.5659,1.5659,1.5659,1.5659,1.5659,1.5659,1.5659,0.6403,2.1386,3.6103,3.8029,3.8029,3.8029,3.8029,3.8029,3.8029,3.8029,3.8029,3.8029,3.8029
1.5642,1.5642,1.5642,1.5642,1.5642,1.5642,1.5642,1.5642,1.5642,1.5642,1.5642,1.5642,1.5642,3.7988,3.7988,3.7988,3.7988,3.7988,3.7988,3.7988,3.7988,3.7988,3.7988,3.7988,3.7988,3.7988
1.5625,1.5625,1.5625,1.5625,1.5625,1.5625,1.5625,1.5625,1.5625,1.5625,1.5625,1.5625,0.6882,3.7947,3.7947,3.7947,3.7947,3.7947,3.7947,3.7947,3.7947,3.7947,3.7947,3.7947,3.7947,3.7947
1.5608,1.5608,1.5608,1.5608,1.5608,1.5608,1.5608,1.5608,1.5608,1.5608,1.5608,1.5608,1.5608,0.4863,1.6243,2.7419,3.7905,3.7905,3.7905,3.7905,3.7905,3.7905,3.7905,3.7905,3.7905,3.7905
1.5591,1.5591,1.5591,1.5591,1.5591,1.5591,1.5591,1.5591,1.5591,1.5591,1.5591,1.5591,0.4999,3.7864,3.7864,3.7864,3.7864,3.7864,3.7864,3.7864,3.7864,3.7864,3.7864,3.7864,3.7864,3.7864
1.5574,1.5574,1.5574,1.5574,1.5574,1.5574,1.5574,1.5574,1.5574,1.5574,1.5574,1.5574,1.5574,1.8555,3.7823,3.7823,3.7823,3.7823,3.7823,3.7823,3.7823,3.7823,3.7823,3.7823,3.7823,3.6122
1.5557,1.5557,1.5557,1.5557,1.5557,1.5557,1.5557,1.5557,1.5557,1.5557,1.5557,1.5557,1.5557,1.0547,3.5229,3.7782,3.7782,3.7782,3.7782,3.7782,3.7782,3.7782,3.7782,3.7782,3.7782,3.7782
1.554,1.554,1.554,1.554,1.554,1.554,1.554,1.554,1.554,1.554,1.554,1.554,0.4557,3.7741,3.7741,3.7741,3.7741,3.7741,3.7741,3.7741,3.7741,3.7741,3.7741,3.7741,3.7741,3.7741
1.5524,1.5524,1.5524,1.5524,1.5524,1.5524,1.5524,1.5524,1.5524,1.5524,1.5524,1.5524,1.5524,0.5299,1.7697,2.9875,3.77,3.77,3.77,3.77,3.77,3.77,3.77,3.77,3.77,3.77
1.5507,1.5507,1.5507,1.5507,1.5507,1.5507,1.5507,1.5507,1.5507,1.5507,1.5507,1.5507,1.0173,3.7659,3.7659,3.7659,3.7659,3.7659,3.7659,3.7659,3.7659,3.7659,3.7659,3.7659,3.7659,3.7659
1.549,1.549,1.549,1.549,1.549,1.549,1.549,1.549,1.549,1.549,1.549,1.549,1.454,3.7619,3.7619,3.7619,3.7619,3.7619,3.7619,3.7619,3.7619,3.7619,3.7619,3.7619,3.7619,3.741
1.5473,1.5473,1.5473,1.5473,1.5473,1.5473,1.5473,1.5473,1.5473,1.5473,1.5473,1.5473,1.5473,0.5747,1.9196,3.2406,3.7578,3.7578,3.7578,3.7578,3.7578,3.7578,3.7578,3.7578,3.7578,3.7578
1.5457,1.5457,1.5457,1.5457,1.5457,1.5457,1.5457,1.5457,1.5457,1.5457,1.5457,1.5457,0.4487,3.7537,3.7537,3.7537,3.7537,3.7537,3.7537,3.7537,3.7537,3.7537,3.7537,3.7537,3.7537,3.7537
1.544,1.544,1.544,1.544,1.544,1.544,1.544,1.544,1.544,1.544,1.544,1.544,1.544,0.8717,2.9117,3.7497,3.7497,3.7497,3.7497,3.7497,3.7497,3.7497,3.7497,3.7497,3.7497,3.7497
1.5423,1.5423,1.5423,1.5423,1.5423,1.5423,1.5423,1.5423,1.5423,1.5423,1.5423,1.5423,1.5423,3.7457,3.7457,3.7457,3.7457,3.7457,3.7457,3.7457,3.7457,3.7457,3.7457,3.7457,3.7457,3.7457
1.5407,1.5407,1.5407,1.5407,1.5407,1.5407,1.5407,1.5407,1.5407,1.5407,1.5407,1.5407,0.5822,3.7416,3.7416,3.7416,3.7416,3.7416,3.7416,3.7416,3.7416,3.7416,3.7416,3.7416,3.7416,3.7416
1.539,1.539,1.539,1.539,1.539,1.539,1.539,1.539,1.539,1.539,1.539,1.539,1.539,0.5101,1.7036,2.8759,3.7376,3.7376,3.7376,3.7376,3.7376,3.7376,3.7376,3.7376,3.7376,3.7376
1.5374,1.5374,1.5374,1.5374,1.5374,1.5374,1.5374,1.5374,1.5374,1.5374,1.5374,1.5374,0.6336,3.7336,3.7336,3.7336,3.7336,3.7336,3.7336,3.7336,3.7336,3.7336,3.7336,3.7336,3.7336,3.7336
1.5357,1.5357,1.5357,1.5357,1.5357,1.5357,1.5357,1.5357,1.5357,1.5357,1.5357,1.5357,1.5357,3.7296,3.7296,3.7296,3.7296,3.7296,3.7296,3.7296,3.7296,3.7296,3.7296,3.7296,3.7296,3.7214
1.5341,1.5341,1.5341,1.5341,1.5341,1.5341,1.5341,1.5341,1.5341,1.5341,1.5341,1.5341,1.5341,0.8088,2.7015,3.7256,3.7256,3.7256,3.7256,3.7256,3.7256,3.7256,3.7256,3.7256,3.7256,3.7256
1.5324,1.5324,1.5324,1.5324,1.5324,1.5324,1.5324,1.5324,1.5324,1.5324,1.5324,1.5324,0.4609,3.7216,3.7216,3.7216,3.7216,3.7216,3.7216,3.7216,3.7216,3.7216,3.7216,3.7216,3.7216,3.7216
1.5308,1.5308,1.5308,1.5308,1.5308,1.5308,1.5308,1.5308,1.5308,1.5308,1.5308,1.5308,1.5308,0.6372,2.1282,3.5926,3.7177,3.7177,3.7177,3.7177,3.7177,3.7177,3.7177,3.7177,3.7177,3.7177
1.5292,1.5292,1.5292,1.5292,1.5292,1.5292,1.5292,1.5292,1.5292,1.5292,1.5292,1.5292,1.5292,3.7137,3.7137,3.7137,3.7137,3.7137,3.7137,3.7137,3.7137,3.7137,3.7137,3.7137,3.7137,3.7137
1.5275,1.5275,1.5275,1.5275,1.5275,1.5275,1.5275,1.5275,1.5275,1.5275,1.5275,1.5275,0.9352,3.7097,3.7097,3.7097,3.7097,3.7097,3.7097,3.7097,3.7097,3.7097,3.7097,3.7097,3.7097,3.7097
1.5259,1.5259,1.5259,1.5259,1.5259,1.5259,1.5259,1.5259,1.5259,1.5259,1.5259,1.5259,1.5259,0.5587,1.866,3.1501,3.7058,3.7058,3.7058,3.7058,3.7058,3.7058,3.7058,3.7058,3.7058,3.7058
1.5243,1.5243,1.5243,1.5243,1.5243,1.5243,1.5243,1.5243,1.5243,1.5243,1.5243,1.5243,0.5171,3.7019,3.7019,3.7019,3.7019,3.7019,3.7019,3.7019,3.7019,3.7019,3.7019,3.7019,3.7019,3.7019
1.5227,1.5227,1.5227,1.5227,1.5227,1.5227,1.5227,1.5227,1.5227,1.5227,1.5227,1.5227,1.5227,1.3915,3.6979,3.6979,3.6979,3.6979,3.6979,3.6979,3.6979,3.6979,3.6979,3.6979,3.6979,3.6979
1.5211,1.5211,1.5211,1.5211,1.5211,1.5211,1.5211,1.5211,1.5211,1.5211,1.5211,1.5211,1.5211,1.6033,3.694,3.694,3.694,3.694,3.694,3.694,3.694,3.694,3.694,3.694,3.694,3.694
1.5194,1.5194,1.5194,1.5194,1.5194,1.5194,1.5194,1.5194,1.5194,1.5194,1.5194,1.5194,0.5401,3.6901,3.6901,3.6901,3.6901,3.6901,3.6901,3.6901,3.6901,3.6901,3.6901,3.6901,3.6901,3.6901
1.5178,1.5178,1.5178,1.5178,1.5178,1.5178,1.5178,1.5178,1.5178,1.5178,1.5178,1.5178,1.5178,0.5665,1.8921,3.1941,3.6862,3.6862,3.6862,3.6862,3.6862,3.6862,3.6862,3.6862,3.6862,3.6862
1.5162,1.5162,1.5162,1.5162,1.5162,1.5162,1.5162,1.5162,1.5162,1.5162,1.5162,1.5162,0.8932,3.6823,3.6823,3.6823,3.6823,3.6823,3.6823,3.6823,3.6823,3.6823,3.6823,3.6823,3.6823,3.6823
1.5146,1.5146,1.5146,1.5146,1.5146,1.5146,1.5146,1.5146,1.5146,1.5146,1.5146,1.5146,1.5146,3.6784,3.6784,3.6784,3.6784,3.6784,3.6784,3.6784,3.6784,3.6784,3.6784,3.6784,3.6784,3.6784
1.513,1.513,1.513,1.513,1.513,1.513,1.513,1.513,1.513,1.513,1.513,1.513,1.513,0.7064,2.3593,3.6745,3.6745,3.6745,3.6745,3.6745,3.6745,3.6745,3.6745,3.6745,3.6745,3.6745
1.5114,1.5114,1.5114,1.5114,1.5114,1.5114,1.5114,1.5114,1.5114,1.5114,1.5114,1.5114,0.4945,3.6706,3.6706,3.6706,3.6706,3.6706,3.6706,3.6706,3.6706,3.6706,3.6706,3.6706,3.6706,3.6706
1.5098,1.5098,1.5098,1.5098,1.5098,1.5098,1.5098,1.5098,1.5098,1.5098,1.5098,1.5098,1.5098,0.8317,2.7778,3.6668,3.6668,3.6668,3.6668,3.6668,3.6668,3.6668,3.6668,3.6668,3.6668,3.6668
1.5083,1.5083,1.5083,1.5083,1.5083,1.5083,1.5083,1.5083,1.5083,1.5083,1.5083,1.5083,1.5083,3.6629,3.6629,3.6629,3.6629,3.6629,3.6629,3.6629,3.6629,3.6629,3.6629,3.6629,3.6629,3.6629
1.5067,1.5067,1.5067,1.5067,1.5067,1.5067,1.5067,1.5067,1.5067,1.5067,1.5067,1.5067,0.7486,3.6591,3.6591,3.6591,3.6591,3.6591,3.6591,3.6591,3.6591,3.6591,3.6591,3.6591,3.6591,3.6591
1.5051,1.5051,1.5051,1.5051,1.5051,1.5051,1.5051,1.5051,1.5051,1.5051,1.5051,1.5051,1.5051,0.5791,1.9342,3.2651,3.6552,3.6552,3.6552,3.6552,3.6552,3.6552,3.6552,3.6552,3.6552,3.6552
1.5035,1.5035,1.5035,1.5035,1.5035,1.5035,1.5035,1.5035,1.5035,1.5035,1.5035,1.5035,0.6391,3.6514,3.6514,3.6514,3.6514,3.6514,3.6514,3.6514,3.6514,3.6514,3.6514,3.6514,3.6514,3.6514
1.5019,1.5019,1.5019,1.5019,1.5019,1.5019,1.5019,1.5019,1.5019,1.5019,1.5019,1.5019,1.5019,3.2512,3.6476,3.6476,3.6476,3.6476,3.6476,3.6476,3.6476,3.6476,3.6476,3.6476,3.6476,3.6476
1.5004,1.5004,1.5004,1.5004,1.5004,1.5004,1.5004,1.5004,1.5004,1.5004,1.5004,1.5004,1.5004,1.1066,3.6437,3.6437,3.6437,3.6437,3.6437,3.6437,3.6437,3.6437,3.6437,3.6437,3.6437,3.6437
1.4988,1.4988,1.4988,1.4988,1.4988,1.4988,1.4988,1.4988,1.4988,1.4988,1.4988,1.4988,0.5395,3.6399,3.6399,3.6399,3.6399,3.6399,3.6399,3.6399,3.6399,3.6399,3.6399,3.6399,3.6399,3.6399
1.4972,1.4972,1.4972,1.4972,1.4972,1.4972,1.4972,1.4972,1.4972,1.4972,1.4972,1.4972,1.4972,0.6709,2.2407,3.6361,3.6361,3.6361,3.6361,3.6361,3.6361,3.6361,3.6361,3.6361,3.6361,3.6361
1.4957,1.4957,1.4957,1.4957,1.4957,1.4957,1.4957,1.4957,1.4957,1.4957,1.4957,1.4957,1.4957,3.6323,3.6323,3.6323,3.6323,3.6323,3.6323,3.6323,3.6323,3.6323,3.6323,3.6323,3.6323,3.6323
1.4941,1.4941,1.4941,1.4941,1.4941,1.4941,1.4941,1.4941,1.4941,1.4941,1.4941,1.4941,1.4131,3.6286,3.6286,3.6286,3.6286,3.6286,3.6286,3.6286,3.6286,3.6286,3.6286,3.6286,3.6286,3.6286
1.4926,1.4926,1.4926,1.4926,1.4926,1.4926,1.4926,1.4926,1.4926,1.4926,1.4926,1.4926,1.4926,0.6759,2.2577,3.6248,3.6248,3.6248,3.6248,3.6248,3.6248,3.6248,3.6248,3.6248,3.6248,3.6248
1.491,1.491,1.491,1.491,1.491,1.491,1.491,1.491,1.491,1.491,1.491,1.491,0.5648,3.621,3.621,3.621,3.621,3.621,3.621,3.621,3.621,3.621,3.621,3.621,3.621,3.621
1.4895,1.4895,1.4895,1.4895,1.4895,1.4895,1.4895,1.4895,1.4895,1.4895,1.4895,1.4895,1.4895,1.2247,3.6172,3.6172,3.6172,3.6172,3.6172,3.6172,3.6172,3.6172,3.6172,3.6172,3.6172,3.6172
1.4879,1.4879,1.4879,1.4879,1.4879,1.4879,1.4879,1.4879,1.4879,1.4879,1.4879,1.4879,1.4879,2.9885,3.6135,3.6135,3.6135,3.6135,3.6135,3.6135,3.6135,3.6135,3.6135,3.6135,3.6135,3.6135
1.4864,1.4864,1.4864,1.4864,1.4864,1.4864,1.4864,1.4864,1.4864,1.4864,1.4864,1.4864,0.6786,3.6097,3.6097,3.6097,3.6097,3.6097,3.6097,3.6097,3.6097,3.6097,3.6097,3.6097,3.6097,3.6097
1.4848,1.4848,1.4848,1.4848,1.4848,1.4848,1.4848,1.4848,1.4848,1.4848,1.4848,1.4848,1.4848,0.6402,2.1383,3.606,3.606,3.606,3.606,3.606,3.606,3.606,3.606,3.606,3.606,3.606
1.4833,1.4833,1.4833,1.4833,1.4833,1.4833,1.4833,1.4833,1.4833,1.4833,1.4833,1.4833,0.8665,3.6023,3.6023,3.6023,3.6023,3.6023,3.6023,3.6023,3.6023,3.6023,3.6023,3.6023,3.6023,3.6023
1.4818,1.4818,1.4818,1.4818,1.4818,1.4818,1.4818,1.4818,1.4818,1.4818,1.4818,1.4818,1.4818,3.5986,3.5986,3.5986,3.5986,3.5986,3.5986,3.5986,3.5986,3.5986,3.5986,3.5986,3.5986,3.5986
1.4802,1.4802,1.4802,1.4802,1.4802,1.4802,1.4802,1.4802,1.4802,1.4802,1.4802,1.4802,1.4802,0.9294,3.1041,3.5948,3.5948,3.5948,3.5948,3.5948,3.5948,3.5948,3.5948,3.5948,3.5948,3.5948
1.4787,1.4787,1.4787,1.4787,1.4787,1.4787,1.4787,1.4787,1.4787,1.4787,1.4787,1.4787,0.5778,3.5911,3.5911,3.5911,3.5911,3.5911,3.5911,3.5911,3.5911,3.5911,3.5911,3.5911,3.5911,3.5911
1.4772,1.4772,1.4772,1.4772,1.4772,1.4772,1.4772,1.4772,1.4772,1.4772,1.4772,1.4772,1.4772,0.8601,2.8729,3.5874,3.5874,3.5874,3.5874,3.5874,3.5874,3.5874,3.5874,3.5874,3.5874,3.5874
1.4757,1.4757,1.4757,1.4757,1.4757,1.4757,1.4757,1.4757,1.4757,1.4757,1.4757,1.4757,1.4757,3.5837,3.5837,3.5837,3.5837,3.5837,3.5837,3.5837,3.5837,3.5837,3.5837,3.5837,3.5837,3.5837
1.4741,1.4741,1.4741,1.4741,1.4741,1.4741,1.4741,1.4741,1.4741,1.4741,1.4741,1.4741,1.0471,3.5801,3.5801,3.5801,3.5801,3.5801,3.5801,3.5801,3.5801,3.5801,3.5801,3.5801,3.5801,3.5801
1.4726,1.4726,1.4726,1.4726,1.4726,1.4726,1.4726,1.4726,1.4726,1.4726,1.4726,1.4726,1.4726,0.7004,2.3394,3.5764,3.5764,3.5764,3.5764,3.5764,3.5764,3.5764,3.5764,3.5764,3.5764,3.5764
1.4711,1.4711,1.4711,1.4711,1.4711,1.4711,1.4711,1.4711,1.4711,1.4711,1.4711,1.4711,0.6947,3.5727,3.5727,3.5727,3.5727,3.5727,3.5727,3.5727,3.5727,3.5727,3.5727,3.5727,3.5727,3.5727
1.4696,1.4696,1.4696,1.4696,1.4696,1.4696,1.4696,1.4696,1.4696,1.4696,1.4696,1.4696,1.4696,2.2499,3.569,3.569,3.569,3.569,3.569,3.569,3.569,3.569,3.569,3.569,3.569,3.569
1.4681,1.4681,1.4681,1.4681,1.4681,1.4681,1.4681,1.4681,1.4681,1.4681,1.4681,1.4681,1.4681,1.6974,3.5654,3.5654,3.5654,3.5654,3.5654,3.5654,3.5654,3.5654,3.5654,3.5654,3.5654,3.5654
1.4666,1.4666,1.4666,1.4666,1.4666,1.4666,1.4666,1.4666,1.4666,1.4666,1.4666,1.4666,0.6774,3.5617,3.5617,3.5617,3.5617,3.5617,3.5617,3.5617,3.5617,3.5617,3.5617,3.5617,3.5617,3.5617
1.4651,1.4651,1.4651,1.4651,1.4651,1.4651,1.4651,1.4651,1.4651,1.4651,1.4651,1.4651,1.4651,0.7616,2.5436,3.5581,3.5581,3.5581,3.5581,3.5581,3.5581,3.5581,3.5581,3.5581,3.5581,3.5581
1.4636,1.4636,1.4636,1.4636,1.4636,1.4636,1.4636,1.4636,1.4636,1.4636,1.4636,1.4636,1.3545,3.5545,3.5545,3.5545,3.5545,3.5545,3.5545,3.5545,3.5545,3.5545,3.5545,3.5545,3.5545,3.5545
1.4621,1.4621,1.4621,1.4621,1.4621,1.4621,1.4621,1.4621,1.4621,1.4621,1.4621,1.4621,1.4621,3.5508,3.5508,3.5508,3.5508,3.5508,3.5508,3.5508,3.5508,3.5508,3.5508,3.5508,3.5508,3.5508
1.4606,1.4606,1.4606,1.4606,1.4606,1.4606,1.4606,1.4606,1.4606,1.4606,1.4606,1.4606,1.4606,0.8859,2.959,3.5472,3.5472,3.5472,3.5472,3.5472,3.5472,3.5472,3.5472,3.5472,3.5472,3.5472
1.4591,1.4591,1.4591,1.4591,1.4591,1.4591,1.4591,1.4591,1.4591,1.4591,1.4591,1.4591,0.6681,3.5436,3.5436,3.5436,3.5436,3.5436,3.5436,3.5436,3.5436,3.5436,3.5436,3.5436,3.5436,3.5436
1.4577,1.4577,1.4577,1.4577,1.4577,1.4577,1.4577,1.4577,1.4577,1.4577,1.4577,1.4577,1.4577,1.2324,3.54,3.54,3.54,3.54,3.54,3.54,3.54,3.54,3.54,3.54,3.54,3.54
1.4562,1.4562,1.4562,1.4562,1.4562,1.4562,1.4562,1.4562,1.4562,1.4562,1.4562,1.4562,1.4562,3.5364,3.5364,3.5364,3.5364,3.5364,3.5364,3.5364,3.5364,3.5364,3.5364,3.5364,3.5364,3.5364
1.4547,1.4547,1.4547,1.4547,1.4547,1.4547,1.4547,1.4547,1.4547,1.4547,1.4547,1.4547,0.9364,3.5328,3.5328,3.5328,3.5328,3.5328,3.5328,3.5328,3.5328,3.5328,3.5328,3.5328,3.5328,3.5328
1.4532,1.4532,1.4532,1.4532,1.4532,1.4532,1.4532,1.4532,1.4532,1.4532,1.4532,1.4532,1.4532,0.7894,2.6367,3.5292,3.5292,3.5292,3.5292,3.5292,3.5292,3.5292,3.5292,3.5292,3.5292,3.5292
1.4517,1.4517,1.4517,1.4517,1.4517,1.4517,1.4517,1.4517,1.4517,1.4517,1.4517,1.4517,0.9428,3.5257,3.5257,3.5257,3.5257,3.5257,3.5257,3.5257,3.5257,3.5257,3.5257,3.5257,3.5257,3.5257
1.4503,1.4503,1.4503,1.4503,1.4503,1.4503,1.4503,1.4503,1.4503,1.4503,1.4503,1.4503,1.4503,3.5221,3.5221,3.5221,3.5221,3.5221,3.5221,3.5221,3.5221,3.5221,3.5221,3.5221,3.5221,3.5221
1.4488,1.4488,1.4488,1.4488,1.4488,1.4488,1.4488,1.4488,1.4488,1.4488,1.4488,1.4488,1.4488,1.3706,3.5185,3.5185,3.5185,3.5185,3.5185,3.5185,3.5185,3.5185,3.5185,3.5185,3.5185,3.5185
1.4473,1.4473,1.4473,1.4473,1.4473,1.4473,1.4473,1.4473,1.4473,1.4473,1.4473,1.4473,0.7449,3.515,3.515,3.515,3.515,3.515,3.515,3.515,3.515,3.515,3.515,3.515,3.515,3.515
1.4459,1.4459,1.4459,1.4459,1.4459,1.4459,1.4459,1.4459,1.4459,1.4459,1.4459,1.4459,1.4459,0.9971,3.3302,3.5114,3.5114,3.5114,3.5114,3.5114,3.5114,3.5114,3.5114,3.5114,3.5114,3.5114
1.4444,1.4444,1.4444,1.4444,1.4444,1.4444,1.4444,1.4444,1.4444,1.4444,1.4444,1.4444,1.4444,3.5079,3.5079,3.5079,3.5079,3.5079,3.5079,3.5079,3.5079,3.5079,3.5079,3.5079,3.5079,3.5079
1.443,1.443,1.443,1.443,1.443,1.443,1.443,1.443,1.443,1.443,1.443,1.443,1.443,3.5044,3.5044,3.5044,3.5044,3.5044,3.5044,3.5044,3.5044,3.5044,3.5044,3.5044,3.5044,3.5044
1.4415,1.4415,1.4415,1.4415,1.4415,1.4415,1.4415,1.4415,1.4415,1.4415,1.4415,1.4415,1.4415,0.9493,3.1708,3.5009,3.5009,3.5009,3.5009,3.5009,3.5009,3.5009,3.5009,3.5009,3.5009,3.5009
1.4401,1.4401,1.4401,1.4401,1.4401,1.4401,1.4401,1.4401,1.4401,1.4401,1.4401,1.4401,0.854,3.4973,3.4973,3.4973,3.4973,3.4973,3.4973,3.4973,3.4973,3.4973,3.4973,3.4973,3.4973,3.4973
1.4386,1.4386,1.4386,1.4386,1.4386,1.4386,1.4386,1.4386,1.4386,1.4386,1.4386,1.4386,1.4386,2.1217,3.4938,3.4938,3.4938,3.4938,3.4938,3.4938,3.4938,3.4938,3.4938,3.4938,3.4938,3.4938
1.4372,1.4372,1.4372,1.4372,1.4372,1.4372,1.4372,1.4372,1.4372,1.4372,1.4372,1.4372,1.4372,3.2384,3.4903,3.4903,3.4903,3.4903,3.4903,3.4903,3.4903,3.4903,3.4903,3.4903,3.4903,3.4903
1.4358,1.4358,1.4358,1.4358,1.4358,1.4358,1.4358,1.4358,1.4358,1.4358,1.4358,1.4358,0.974,3.4868,3.4868,3.4868,3.4868,3.4868,3.4868,3.4868,3.4868,3.4868,3.4868,3.4868,3.4868,3.4868
1.4343,1.4343,1.4343,1.4343,1.4343,1.4343,1.4343,1.4343,1.4343,1.4343,1.4343,1.4343,1.4343,0.9945,3.3215,3.4833,3.4833,3.4833,3.4833,3.4833,3.4833,3.4833,3.4833,3.4833,3.4833,3.4833
1.4329,1.4329,1.4329,1.4329,1.4329,1.4329,1.4329,1.4329,1.4329,1.4329,1.4329,1.4329,1.4329,3.4799,3.4799,3.4799,3.4799,3.4799,3.4799,3.4799,3.4799,3.4799,3.4799,3.4799,3.4799,3.4799
1.4315,1.4315,1.4315,1.4315,1.4315,1.4315,1.4315,1.4315,1.4315,1.4315,1.4315,1.4315,1.4315,3.4764,3.4764,3.4764,3.4764,3.4764,3.4764,3.4764,3.4764,3.4764,3.4764,3.4764,3.4764,3.4764
1.43,1.43,1.43,1.43,1.43,1.43,1.43,1.43,1.43,1.43,1.43,1.43,1.43,1.3703,3.4729,3.4729,3.4729,3.4729,3.4729,3.4729,3.4729,3.4729,3.4729,3.4729,3.4729,3.4729
1.4286,1.4286,1.4286,1.4286,1.4286,1.4286,1.4286,1.4286,1.4286,1.4286,1.4286,1.4286,0.9333,3.4695,3.4695,3.4695,3.4695,3.4695,3.4695,3.4695,3.4695,3.4695,3.4695,3.4695,3.4695,3.4695
1.4272,1.4272,1.4272,1.4272,1.4272,1.4272,1.4272,1.4272,1.4272,1.4272,1.4272,1.4272,1.4272,1.5216,3.466,3.466,3.466,3.466,3.466,3.466,3.466,3.466,3.466,3.466,3.466,3.466
1.4258,1.4258,1.4258,1.4258,1.4258,1.4258,1.4258,1.4258,1.4258,1.4258,1.4258,1.4258,1.4258,3.4626,3.4626,3.4626,3.4626,3.4626,3.4626,3.4626,3.4626,3.4626,3.4626,3.4626,3.4626,3.4626
1.4243,1.4243,1.4243,1.4243,1.4243,1.4243,1.4243,1.4243,1.4243,1.4243,1.4243,1.4243,1.4243,3.4591,3.4591,3.4591,3.4591,3.4591,3.4591,3.4591,3.4591,3.4591,3.4591,3.4591,3.4591,3.4591
1.4229,1.4229,1.4229,1.4229,1.4229,1.4229,1.4229,1.4229,1.4229,1.4229,1.4229,1.4229,1.4229,1.1963,3.4557,3.4557,3.4557,3.4557,3.4557,3.4557,3.4557,3.4557,3.4557,3.4557,3.4557,3.4557
1.4215,1.4215,1.4215,1.4215,1.4215,1.4215,1.4215,1.4215,1.4215,1.4215,1.4215,1.4215,1.2959,3.4523,3.4523,3.4523,3.4523,3.4523,3.4523,3.4523,3.4523,3.4523,3.4523,3.4523,3.4523,3.4523
1.4201,1.4201,1.4201,1.4201,1.4201,1.4201,1.4201,1.4201,1.4201,1.4201,1.4201,1.4201,1.4201,3.4488,3.4488,3.4488,3.4488,3.4488,3.4488,3.4488,3.4488,3.4488,3.4488,3.4488,3.4488,3.4488
1.4187,1.4187,1.4187,1.4187,1.4187,1.4187,1.4187,1.4187,1.4187,1.4187,1.4187,1.4187,1.4187,2.6802,3.4454,3.4454,3.4454,3.4454,3.4454,3.4454,3.4454,3.4454,3.4454,3.4454,3.4454,3.4454
1.4173,1.4173,1.4173,1.4173,1.4173,1.4173,1.4173,1.4173,1.4173,1.4173,1.4173,1.4173,1.2558,3.442,3.442,3.442,3.442,3.442,3.442,3.442,3.442,3.442,3.442,3.442,3.442,3.442
1.4159,1.4159,1.4159,1.4159,1.4159,1.4159,1.4159,1.4159,1.4159,1.4159,1.4159,1.4159,1.4159,1.5527,3.4386,3.4386,3.4386,3.4386,3.4386,3.4386,3.4386,3.4386,3.4386,3.4386,3.4386,3.4386
1.4145,1.4145,1.4145,1.4145,1.4145,1.4145,1.4145,1.4145,1.4145,1.4145,1.4145,1.4145,1.4145,3.4352,3.4352,3.4352,3.4352,3.4352,3.4352,3.4352,3.4352,3.4352,3.4352,3.4352,3.4352,3.4352
1.4131,1.4131,1.4131,1.4131,1.4131,1.4131,1.4131,1.4131,1.4131,1.4131,1.4131,1.4131,1.4131,3.4318,3.4318,3.4318,3.4318,3.4318,3.4318,3.4318,3.4318,3.4318,3.4318,3.4318,3.4318,3.4318
1.4117,1.4117,1.4117,1.4117,1.4117,1.4117,1.4117,1.4117,1.4117,1.4117,1.4117,1.4117,1.4117,1.8702,3.4285,3.4285,3.4285,3.4285,3.4285,3.4285,3.4285,3.4285,3.4285,3.4285,3.4285,3.4285
1.4103,1.4103,1.4103,1.4103,1.4103,1.4103,1.4103,1.4103,1.4103,1.4103,1.4103,1.4103,1.4103,3.4251,3.4251,3.4251,3.4251,3.4251,3.4251,3.4251,3.4251,3.4251,3.4251,3.4251,3.4251,3.4251
1.4089,1.4089,1.4089,1.4089,1.4089,1.4089,1.4089,1.4089,1.4089,1.4089,1.4089,1.4089,1.4089,3.4217,3.4217,3.4217,3.4217,3.4217,3.4217,3.4217,3.4217,3.4217,3.4217,3.4217,3.4217,3.4217
1.4076,1.4076,1.4076,1.4076,1.4076,1.4076,1.4076,1.4076,1.4076,1.4076,1.4076,1.4076,1.4076,3.4184,3.4184,3.4184,3.4184,3.4184,3.4184,3.4184,3.4184,3.4184,3.4184,3.4184,3.4184,3.4184
1.4062,1.4062,1.4062,1.4062,1.4062,1.4062,1.4062,1.4062,1.4062,1.4062,1.4062,1.4062,1.4062,3.415,3.415,3.415,3.415,3.415,3.415,3.415,3.415,3.415,3.415,3.415,3.415,3.415
1.4048,1.4048,1.4048,1.4048,1.4048,1.4048,1.4048,1.4048,1.4048,1.4048,1.4048,1.4048,1.4048,2.569,3.4117,3.4117,3.4117,3.4117,3.4117,3.4117,3.4117,3.4117,3.4117,3.4117,3.4117,3.4117
1.4034,1.4034,1.4034,1.4034,1.4034,1.4034,1.4034,1.4034,1.4034,1.4034,1.4034,1.4034,1.4034,3.4083,3.4083,3.4083,3.4083,3.4083,3.4083,3.4083,3.4083,3.4083,3.4083,3.4083,3.4083,3.4083
1.4021,1.4021,1.4021,1.4021,1.4021,1.4021,1.4021,1.4021,1.4021,1.4021,1.4021,1.4021,1.4021,3.405,3.405,3.405,3.405,3.405,3.405,3.405,3.405,3.405,3.405,3.405,3.405,3.405
1.4007,1.4007,1.4007,1.4007,1.4007,1.4007,1.4007,1.4007,1.4007,1.4007,1.4007,1.4007,1.4007,3.4017,3.4017,3.4017,3.4017,3.4017,3.4017,3.4017,3.4017,3.4017,3.4017,3.4017,3.4017,3.4017
