1.6008,1.6008,1.6008,1.6008,1.6008,1.6008,1.6008,1.6008,1.6008,1.6008,1.6008,1.6008,1.6008,1.6008,1.6008,1.6008,1.6008,1.6008,1.6008,1.6008,1.6008,1.6008,1.6008,1.6008,1.6008,1.6008,1.6008
1.6023,1.6023,1.6023,1.6023,1.6023,1.6023,1.6023,1.6023,1.6023,1.6023,1.6023,1.6023,1.6023,1.6023,1.6023,1.6023,1.6023,1.6023,1.6023,1.6023,1.6023,1.6023,1.6023,1.6023,1.6023,1.6023,1.6023
1.6039,1.6039,1.6039,1.6039,1.6039,1.6039,1.6039,1.6039,1.6039,1.6039,1.6039,1.6039,1.6039,1.6039,1.6039,1.6039,1.6039,1.6039,1.6039,1.6039,1.6039,1.6039,1.6039,1.6039,1.6039,1.6039,1.6039
1.6055,1.6055,1.6055,1.6055,1.6055,1.6055,1.6055,1.6055,1.6055,1.6055,1.6055,1.6055,1.6055,1.6055,1.6055,1.6055,1.6055,1.6055,1.6055,1.6055,1.6055,1.6055,1.6055,1.6055,1.6055,1.6055,1.6055
1.6071,1.6071,1.6071,1.6071,1.6071,1.6071,1.6071,1.6071,1.6071,1.6071,1.6071,1.6071,1.6071,1.6071,1.6071,1.6071,1.6071,1.6071,1.6071,1.6071,1.6071,1.6071,1.6071,1.6071,1.6071,1.6071,1.6071
1.6086,1.6086,1.6086,1.6086,1.6086,1.6086,1.6086,1.6086,1.6086,1.6086,1.6086,1.6086,1.6086,1.6086,1.6086,1.6086,1.6086,1.6086,1.6086,1.6086,1.6086,1.6086,1.6086,1.6086,1.6086,1.6086,1.6086
1.6102,1.6102,1.6102,1.6102,1.6102,1.6102,1.6102,1.6102,1.6102,1.6102,1.6102,1.6102,1.6102,1.6102,1.6102,1.6102,1.6102,1.6102,1.6102,1.6102,1.6102,1.6102,1.6102,1.6102,1.6102,1.6102,1.6102
1.6118,1.6118,1.6118,1.6118,1.6118,1.6118,1.6118,1.6118,1.6118,1.6118,1.6118,1.6118,1.6118,1.6118,1.6118,1.6118,1.6118,1.6118,1.6118,1.6118,1.6118,1.6118,1.6118,1.6118,1.6118,1.6118,1.6118
1.6134,1.6134,1.6134,1.6134,1.6134,1.6134,1.6134,1.6134,1.6134,1.6134,1.6134,1.6134,1.6134,1.6134,1.6134,1.6134,1.6134,1.6134,1.6134,1.6134,1.6134,1.6134,1.6134,1.6134,1.6134,1.6134,1.6134
1.615,1.615,1.615,1.615,1.615,1.615,1.615,1.615,1.615,1.615,1.615,1.615,1.615,1.615,1.615,1.615,1.615,1.615,1.615,1.615,1.615,1.615,1.615,1.615,1.615,1.615,1.615
1.6166,1.6166,1.6166,1.6166,1.6166,1.6166,1.6166,1.6166,1.6166,1.6166,1.6166,1.6166,1.6166,1.6166,1.6166,1.6166,1.6166,1.6166,1.6166,1.6166,1.6166,1.6166,1.6166,1.6166,1.6166,1.6166,1.6166
1.6182,1.6182,1.6182,1.6182,1.6182,1.6182,1.6182,1.6182,1.6182,1.6182,1.6182,1.6182,1.6182,1.6182,1.6182,1.6182,1.6182,1.6182,1.6182,1.6182,1.6182,1.6182,1.6182,1.6182,1.6182,1.6182,1.6182
1.6198,1.6198,1.6198,1.6198,1.6198,1.6198,1.6198,1.6198,1.6198,1.6198,1.6198,1.6198,1.6198,1.6198,1.6198,1.6198,1.6198,1.6198,1.6198,1.6198,1.6198,1.6198,1.6198,1.6198,1.6198,1.6198,1.6198
1.6214,1.6214,1.6214,1.6214,1.6214,1.6214,1.6214,1.6214,1.6214,1.6214,1.6214,1.6214,1.6214,1.6214,1.6214,1.6214,1.6214,1.6214,1.6214,1.6214,1.6214,1.6214,1.6214,1.6214,1.6214,1.6214,1.6214
1.623,1.623,1.623,1.623,1.623,1.623,1.623,1.623,1.623,1.623,1.623,1.623,1.623,1.623,1.623,1.623,1.623,1.623,1.623,1.623,1.623,1.623,1.623,1.623,1.623,1.623,1.623
1.6246,1.6246,1.6246,1.6246,1.6246,1.6246,1.6246,1.6246,1.6246,1.6246,1.6246,1.6246,1.6246,1.6246,1.6246,1.6246,1.6246,1.6246,1.6246,1.6246,1.6246,1.6246,1.6246,1.6246,1.6246,1.6246,1.6246
1.6262,1.6262,1.6262,1.6262,1.6262,1.6262,1.6262,1.6262,1.6262,1.6262,1.6262,1.6262,1.6262,1.6262,1.6262,1.6262,1.6262,1.6262,1.6262,1.6262,1.6262,1.6262,1.6262,1.6262,1.6262,1.6262,1.6262
1.6278,1.6278,1.6278,1.6278,1.6278,1.6278,1.6278,1.6278,1.6278,1.6278,1.6278,1.6278,1.6278,1.6278,1.6278,1.6278,1.6278,1.6278,1.6278,1.6278,1.6278,1.6278,1.6278,1.6278,1.6278,1.6278,1.6278
1.6294,1.6294,1.6294,1.6294,1.6294,1.6294,1.6294,1.6294,1.6294,1.6294,1.6294,1.6294,1.6294,1.6294,1.6294,1.6294,1.6294,1.6294,1.6294,1.6294,1.6294,1.6294,1.6294,1.6294,1.6294,1.6294,1.6294
1.6311,1.6311,1.6311,1.6311,1.6311,1.6311,1.6311,1.6311,1.6311,1.6311,1.6311,1.6311,1.6311,1.6311,1.6311,1.6311,1.6311,1.6311,1.6311,1.6311,1.6311,1.6311,1.6311,1.6311,1.6311,1.6311,1.6311
1.6327,1.6327,1.6327,1.6327,1.6327,1.6327,1.6327,1.6327,1.6327,1.6327,1.6327,1.6327,1.6327,1.6327,1.6327,1.6327,1.6327,1.6327,1.6327,1.6327,1.6327,1.6327,1.6327,1.6327,1.6327,1.6327,1.6327
1.6343,1.6343,1.6343,1.6343,1.6343,1.6343,1.6343,1.6343,1.6343,1.6343,1.6343,1.6343,1.6343,1.6343,1.6343,1.6343,1.6343,1.6343,1.6343,1.6343,1.6343,1.6343,1.6343,1.6343,1.6343,1.6343,1.6343
1.6359,1.6359,1.6359,1.6359,1.6359,1.6359,1.6359,1.6359,1.6359,1.6359,1.6359,1.6359,1.6359,1.6359,1.6359,1.6359,1.6359,1.6359,1.6359,1.6359,1.6359,1.6359,1.6359,1.6359,1.6359,1.6359,1.6359
1.6376,1.6376,1.6376,1.6376,1.6376,1.6376,1.6376,1.6376,1.6376,1.6376,1.6376,1.6376,1.6376,1.6376,1.6376,1.6376,1.6376,1.6376,1.6376,1.6376,1.6376,1.6376,1.6376,1.6376,1.6376,1.6376,1.6376
1.6392,1.6392,1.6392,1.6392,1.6392,1.6392,1.6392,1.6392,1.6392,1.6392,1.6392,1.6392,1.6392,1.6392,1.6392,1.6392,1.6392,1.6392,1.6392,1.6392,1.6392,1.6392,1.6392,1.6392,1.6392,1.6392,1.6392
1.6409,1.6409,1.6409,1.6409,1.6409,1.6409,1.6409,1.6409,1.6409,1.6409,1.6409,1.6409,1.6409,1.6409,1.6409,1.6409,1.6409,1.6409,1.6409,1.6409,1.6409,1.6409,1.6409,1.6409,1.6409,1.6409,1.6409
1.6425,1.6425,1.6425,1.6425,1.6425,1.6425,1.6425,1.6425,1.6425,1.6425,1.6425,1.6425,1.6425,1.6425,1.6425,1.6425,1.6425,1.6425,1.6425,1.6425,1.6425,1.6425,1.6425,1.6425,1.6425,1.6425,1.6425
1.6442,1.6442,1.6442,1.6442,1.6442,1.6442,1.6442,1.6442,1.6442,1.6442,1.6442,1.6442,1.6442,1.6442,1.6442,1.6442,1.6442,1.6442,1.6442,1.6442,1.6442,1.6442,1.6442,1.6442,1.6442,1.6442,1.6442
1.6458,1.6458,1.6458,1.6458,1.6458,1.6458,1.6458,1.6458,1.6458,1.6458,1.6458,1.6458,1.6458,1.6458,1.6458,1.6458,1.6458,1.6458,1.6458,1.6458,1.6458,1.6458,1.6458,1.6458,1.6458,1.6458,1.6458
1.6475,1.6475,1.6475,1.6475,1.6475,1.6475,1.6475,1.6475,1.6475,1.6475,1.6475,1.6475,1.6475,1.6475,1.6475,1.6475,1.6475,1.6475,1.6475,1.6475,1.6475,1.6475,1.6475,1.6475,1.6475,1.6475,1.6475
1.6491,1.6491,1.6491,1.6491,1.6491,1.6491,1.6491,1.6491,1.6491,1.6491,1.6491,1.6491,1.6491,1.6491,1.6491,1.6491,1.6491,1.6491,1.6491,1.6491,1.6491,1.6491,1.6491,1.6491,1.6491,1.6491,1.6491
1.6508,1.6508,1.6508,1.6508,1.6508,1.6508,1.6508,1.6508,1.6508,1.6508,1.6508,1.6508,1.6508,1.6508,1.6508,1.6508,1.6508,1.6508,1.6508,1.6508,1.6508,1.6508,1.6508,1.6508,1.6508,1.6508,1.6508
1.6524,1.6524,1.6524,1.6524,1.6524,1.6524,1.6524,1.6524,1.6524,1.6524,1.6524,1.6524,1.6524,1.6524,1.6524,1.6524,1.6524,1.6524,1.6524,1.6524,1.6524,1.6524,1.6524,1.6524,1.6524,1.6524,1.6524
1.6541,1.6541,1.6541,1.6541,1.6541,1.6541,1.6541,1.6541,1.6541,1.6541,1.6541,1.6541,1.6541,1.6541,1.6541,1.6541,1.6541,1.6541,1.6541,1.6541,1.6541,1.6541,1.6541,1.6541,1.6541,1.6541,1.6541
1.6558,1.6558,1.6558,1.6558,1.6558,1.6558,1.6558,1.6558,1.6558,1.6558,1.6558,1.6558,1.6558,1.6558,1.6558,1.6558,1.6558,1.6558,1.6558,1.6558,1.6558,1.6558,1.6558,1.6558,1.6558,1.6558,1.6558
1.6575,1.6575,1.6575,1.6575,1.6575,1.6575,1.6575,1.6575,1.6575,1.6575,1.6575,1.6575,1.6575,1.6575,1.6575,1.6575,1.6575,1.6575,1.6575,1.6575,1.6575,1.6575,1.6575,1.6575,1.6575,1.6575,1.6575
1.6591,1.6591,1.6591,1.6591,1.6591,1.6591,1.6591,1.6591,1.6591,1.6591,1.6591,1.6591,1.6591,1.6591,1.6591,1.6591,1.6591,1.6591,1.6591,1.6591,1.6591,1.6591,1.6591,1.6591,1.6591,1.6591,1.6591
1.6608,1.6608,1.6608,1.6608,1.6608,1.6608,1.6608,1.6608,1.6608,1.6608,1.6608,1.6608,1.6608,1.6608,1.6608,1.6608,1.6608,1.6608,1.6608,1.6608,1.6608,1.6608,1.6608,1.6608,1.6608,1.6608,1.6608
1.6625,1.6625,1.6625,1.6625,1.6625,1.6625,1.6625,1.6625,1.6625,1.6625,1.6625,1.6625,1.6625,1.6625,1.6625,1.6625,1.6625,1.6625,1.6625,1.6625,1.6625,1.6625,1.6625,1.6625,1.6625,1.6625,1.6625
1.6642,1.6642,1.6642,1.6642,1.6642,1.6642,1.6642,1.6642,1.6642,1.6642,1.6642,1.6642,1.6642,1.6642,1.6642,1.6642,1.6642,1.6642,1.6642,1.6642,1.6642,1.6642,1.6642,1.6642,1.6642,1.6642,1.6642
1.6659,1.6659,1.6659,1.6659,1.6659,1.6659,1.6659,1.6659,1.6659,1.6659,1.6659,1.6659,1.6659,1.6659,1.6659,1.6659,1.6659,1.6659,1.6659,1.6659,1.6659,1.6659,1.6659,1.6659,1.6659,1.6659,1.6659
1.6676,1.6676,1.6676,1.6676,1.6676,1.6676,1.6676,1.6676,1.6676,1.6676,1.6676,1.6676,1.6676,1.6676,1.6676,1.6676,1.6676,1.6676,1.6676,1.6676,1.6676,1.6676,1.6676,1.6676,1.6676,1.6676,1.6676
1.6693,1.6693,1.6693,1.6693,1.6693,1.6693,1.6693,1.6693,1.6693,1.6693,1.6693,1.6693,1.6693,1.6693,1.6693,1.6693,1.6693,1.6693,1.6693,1.6693,1.6693,1.6693,1.6693,1.6693,1.6693,1.6693,1.6693
1.671,1.671,1.671,1.671,1.671,1.671,1.671,1.671,1.671,1.671,1.671,1.671,1.4576,1.671,1.671,1.671,1.671,1.671,1.671,1.671,1.671,1.671,1.671,1.671,1.671,1.671,1.671
1.6727,1.6727,1.6727,1.6727,1.6727,1.6727,1.6727,1.6727,1.6727,1.6727,1.6727,1.6727,1.6727,1.6727,1.6727,1.6727,1.6727,1.6727,1.6727,1.6727,1.6727,1.6727,1.6727,1.6727,1.6727,1.6727,1.6727
1.6744,1.6744,1.6744,1.6744,1.6744,1.6744,1.6744,1.6744,1.6744,1.6744,1.6744,1.6744,1.6744,1.6744,1.6744,1.6744,1.6744,1.6744,1.6744,1.6744,1.6744,1.6744,1.6744,1.6744,1.6744,1.6744,1.6744
1.6761,1.6761,1.6761,1.6761,1.6761,1.6761,1.6761,1.6761,1.6761,1.6761,1.6761,1.6761,1.6761,1.6761,1.6761,1.6761,1.6761,1.6761,1.6761,1.6761,1.6761,1.6761,1.6761,1.6761,1.6761,1.6761,1.6761
1.6778,1.6778,1.6778,1.6778,1.6778,1.6778,1.6778,1.6778,1.6778,1.6778,1.6778,1.6778,1.6778,1.6778,1.6778,1.6778,1.6778,1.6778,1.6778,1.6778,1.6778,1.6778,1.6778,1.6778,1.6778,1.6778,1.6778
1.6795,1.6795,1.6795,1.6795,1.6795,1.6795,1.6795,1.6795,1.6795,1.6795,1.6795,1.6795,1.6795,1.6795,1.6795,1.6795,1.6795,1.6795,1.6795,1.6795,1.6795,1.6795,1.6795,1.6795,1.6795,1.6795,1.6795
1.6813,1.6813,1.6813,1.6813,1.6813,1.6813,1.6813,1.6813,1.6813,1.6813,1.6813,1.6813,1.6813,1.6813,1.6813,1.6813,1.6813,1.6813,1.6813,1.6813,1.6813,1.6813,1.6813,1.6813,1.6813,1.6813,1.6813
1.683,1.683,1.683,1.683,1.683,1.683,1.683,1.683,1.683,1.683,1.683,1.683,1.683,1.683,1.683,1.683,1.683,1.683,1.683,1.683,1.683,1.683,1.683,1.683,1.683,1.683,1.683
1.6847,1.6847,1.6847,1.6847,1.6847,1.6847,1.6847,1.6847,1.6847,1.6847,1.6847,1.6847,1.6847,1.6847,1.6847,1.6847,1.6847,1.6847,1.6847,1.6847,1.6847,1.6847,1.6847,1.6847,1.6847,1.6847,1.6847
1.6865,1.6865,1.6865,1.6865,1.6865,1.6865,1.6865,1.6865,1.6865,1.6865,1.6865,1.6865,1.6865,1.6865,1.6865,1.6865,1.6865,1.6865,1.6865,1.6865,1.6865,1.6865,1.6865,1.6865,1.6865,1.6865,1.6865
1.6882,1.6882,1.6882,1.6882,1.6882,1.6882,1.6882,1.6882,1.6882,1.6882,1.6882,1.6882,1.6882,1.6882,1.6882,1.6882,1.6882,1.6882,1.6882,1.6882,1.6882,1.6882,1.6882,1.6882,1.6882,1.6882,1.6882
1.6899,1.6899,1.6899,1.6899,1.6899,1.6899,1.6899,1.6899,1.6899,1.6899,1.6899,1.6899,1.6899,1.6899,1.6899,1.6899,1.6899,1.6899,1.6899,1.6899,1.6899,1.6899,1.6899,1.6899,1.6899,1.6899,1.6899
1.6917,1.6917,1.6917,1.6917,1.6917,1.6917,1.6917,1.6917,1.6917,1.6917,1.6917,1.6917,1.6917,1.6917,1.6917,1.6917,1.6917,1.6917,1.6917,1.6917,1.6917,1.6917,1.6917,1.6917,1.6917,1.6917,1.6917
1.6934,1.6934,1.6934,1.6934,1.6934,1.6934,1.6934,1.6934,1.6934,1.6934,1.6934,1.6934,1.6934,1.6934,1.6934,1.6934,1.6934,1.6934,1.6934,1.6934,1.6934,1.6934,1.6934,1.6934,1.6934,1.6934,1.6934
1.6952,1.6952,1.6952,1.6952,1.6952,1.6952,1.6952,1.6952,1.6952,1.6952,1.6952,1.6952,1.6952,1.6952,1.6952,1.6952,1.6952,1.6952,1.6952,1.6952,1.6952,1.6952,1.6952,1.6952,1.6952,1.6952,1.6952
1.6969,1.6969,1.6969,1.6969,1.6969,1.6969,1.6969,1.6969,1.6969,1.6969,1.6969,1.6969,1.6969,1.6969,1.6969,1.6969,1.6969,1.6969,1.6969,1.6969,1.6969,1.6969,1.6969,1.6969,1.6969,1.6969,1.6969
1.6987,1.6987,1.6987,1.6987,1.6987,1.6987,1.6987,1.6987,1.6987,1.6987,1.6987,1.6987,1.6987,1.6987,1.6987,1.6987,1.6987,1.6987,1.6987,1.6987,1.6987,1.6987,1.6987,1.6987,1.6987,1.6987,1.6987
1.7005,1.7005,1.7005,1.7005,1.7005,1.7005,1.7005,1.7005,1.7005,1.7005,1.7005,1.7005,1.7005,1.6497,1.7005,1.7005,1.7005,1.7005,1.7005,1.7005,1.7005,1.7005,1.7005,1.7005,1.7005,1.7005,1.7005
1.7022,1.7022,1.7022,1.7022,1.7022,1.7022,1.7022,1.7022,1.7022,1.7022,1.7022,1.7022,1.7022,1.7022,1.7022,1.7022,1.7022,1.7022,1.7022,1.7022,1.7022,1.7022,1.7022,1.7022,1.7022,1.7022,1.7022
1.704,1.704,1.704,1.704,1.704,1.704,1.704,1.704,1.704,1.704,1.704,1.704,1.704,1.704,1.704,1.704,1.704,1.704,1.704,1.704,1.704,1.704,1.704,1.704,1.704,1.704,1.704
1.7058,1.7058,1.7058,1.7058,1.7058,1.7058,1.7058,1.7058,1.7058,1.7058,1.7058,1.7058,1.7058,1.7058,1.7058,1.7058,1.7058,1.7058,1.7058,1.7058,1.7058,1.7058,1.7058,1.7058,1.7058,1.7058,1.7058
1.7076,1.7076,1.7076,1.7076,1.7076,1.7076,1.7076,1.7076,1.7076,1.7076,1.7076,1.7076,1.6456,1.7076,1.7076,1.7076,1.7076,1.7076,1.7076,1.7076,1.7076,1.7076,1.7076,1.7076,1.7076,1.7076,1.7076
1.7093,1.7093,1.7093,1.7093,1.7093,1.7093,1.7093,1.7093,1.7093,1.7093,1.7093,1.7093,1.7093,1.7093,1.7093,1.7093,1.7093,1.7093,1.7093,1.7093,1.7093,1.7093,1.7093,1.7093,1.7093,1.7093,1.7093
1.7111,1.7111,1.7111,1.7111,1.7111,1.7111,1.7111,1.7111,1.7111,1.7111,1.7111,1.7111,1.7111,1.7111,1.7111,1.7111,1.7111,1.7111,1.7111,1.7111,1.7111,1.7111,1.7111,1.7111,1.7111,1.7111,1.7111
1.7129,1.7129,1.7129,1.7129,1.7129,1.7129,1.7129,1.7129,1.7129,1.7129,1.7129,1.7129,1.7129,1.7129,1.7129,1.7129,1.7129,1.7129,1.7129,1.7129,1.7129,1.7129,1.7129,1.7129,1.7129,1.7129,1.7129
1.7147,1.7147,1.7147,1.7147,1.7147,1.7147,1.7147,1.7147,1.7147,1.7147,1.7147,1.7147,1.7147,1.7147,1.7147,1.7147,1.7147,1.7147,1.7147,1.7147,1.7147,1.7147,1.7147,1.7147,1.7147,1.7147,1.7147
1.7165,1.7165,1.7165,1.7165,1.7165,1.7165,1.7165,1.7165,1.7165,1.7165,1.7165,1.7165,1.7165,1.7165,1.7165,1.7165,1.7165,1.7165,1.7165,1.7165,1.7165,1.7165,1.7165,1.7165,1.7165,1.7165,1.7165
1.7183,1.7183,1.7183,1.7183,1.7183,1.7183,1.7183,1.7183,1.7183,1.7183,1.7183,1.7183,1.7183,1.7183,1.7183,1.7183,1.7183,1.7183,1.7183,1.7183,1.7183,1.7183,1.7183,1.7183,1.7183,1.7183,1.7183
1.7201,1.7201,1.7201,1.7201,1.7201,1.7201,1.7201,1.7201,1.7201,1.7201,1.7201,1.7201,1.7201,1.7201,1.7201,1.7201,1.7201,1.7201,1.7201,1.7201,1.7201,1.7201,1.7201,1.7201,1.7201,1.7201,1.7201
1.7219,1.7219,1.7219,1.7219,1.7219,1.7219,1.7219,1.7219,1.7219,1.7219,1.7219,1.7219,1.7219,1.7219,1.7219,1.7219,1.7219,1.7219,1.7219,1.7219,1.7219,1.7219,1.7219,1.7219,1.7219,1.7219,1.7219
1.7237,1.7237,1.7237,1.7237,1.7237,1.7237,1.7237,1.7237,1.7237,1.7237,1.7237,1.7237,1.7237,1.7237,1.7237,1.7237,1.7237,1.7237,1.7237,1.7237,1.7237,1.7237,1.7237,1.7237,1.7237,1.7237,1.7237
1.7255,1.7255,1.7255,1.7255,1.7255,1.7255,1.7255,1.7255,1.7255,1.7255,1.7255,1.7255,1.7255,1.7255,1.7255,1.7255,1.7255,1.7255,1.7255,1.7255,1.7255,1.7255,1.7255,1.7255,1.7255,1.7255,1.7255
1.7274,1.7274,1.7274,1.7274,1.7274,1.7274,1.7274,1.7274,1.7274,1.7274,1.7274,1.7274,1.7274,1.7274,1.7274,1.7274,1.7274,1.7274,1.7274,1.7274,1.7274,1.7274,1.7274,1.7274,1.7274,1.7274,1.7274
1.7292,1.7292,1.7292,1.7292,1.7292,1.7292,1.7292,1.7292,1.7292,1.7292,1.7292,1.7292,1.7292,1.7292,1.7292,1.7292,1.7292,1.7292,1.7292,1.7292,1.7292,1.7292,1.7292,1.7292,1.7292,1.7292,1.6638
1.731,1.731,1.731,1.731,1.731,1.731,1.731,1.731,1.731,1.731,1.731,1.731,1.1299,1.731,1.731,1.731,1.731,1.731,1.731,1.731,1.731,1.731,1.731,1.731,1.731,1.731,1.731
1.7328,1.7328,1.7328,1.7328,1.7328,1.7328,1.7328,1.7328,1.7328,1.7328,1.7328,1.7328,1.7328,1.7328,1.7328,1.7328,1.7328,1.7328,1.7328,1.7328,1.7328,1.7328,1.7328,1.7328,1.7328,1.7328,1.7328
1.7347,1.7347,1.7347,1.7347,1.7347,1.7347,1.7347,1.7347,1.7347,1.7347,1.7347,1.7347,1.7347,1.7347,1.7347,1.7347,1.7347,1.7347,1.7347,1.7347,1.7347,1.7347,1.7347,1.7347,1.7347,1.7347,1.7347
1.7365,1.7365,1.7365,1.7365,1.7365,1.7365,1.7365,1.7365,1.7365,1.7365,1.7365,1.7365,1.7365,1.4129,1.7365,1.7365,1.7365,1.7365,1.7365,1.7365,1.7365,1.7365,1.7365,1.7365,1.7365,1.7365,1.7365
1.7384,1.7384,1.7384,1.7384,1.7384,1.7384,1.7384,1.7384,1.7384,1.7384,1.7384,1.7384,1.7384,1.3397,1.7384,1.7384,1.7384,1.7384,1.7384,1.7384,1.7384,1.7384,1.7384,1.7384,1.7384,1.7384,1.7095
1.7402,1.7402,1.7402,1.7402,1.7402,1.7402,1.7402,1.7402,1.7402,1.7402,1.7402,1.7402,1.7402,1.7402,1.7402,1.7402,1.7402,1.7402,1.7402,1.7402,1.7402,1.7402,1.7402,1.7402,1.7402,1.7402,1.7402
1.7421,1.7421,1.7421,1.7421,1.7421,1.7421,1.7421,1.7421,1.7421,1.7421,1.7421,1.7421,1.7421,1.7421,1.7421,1.7421,1.7421,1.7421,1.7421,1.7421,1.7421,1.7421,1.7421,1.7421,1.7421,1.7421,1.7421
1.7439,1.7439,1.7439,1.7439,1.7439,1.7439,1.7439,1.7439,1.7439,1.7439,1.7439,1.7439,1.7439,1.7439,1.7439,1.7439,1.7439,1.7439,1.7439,1.7439,1.7439,1.7439,1.7439,1.7439,1.7439,1.7439,1.7439
1.7458,1.7458,1.7458,1.7458,1.7458,1.7458,1.7458,1.7458,1.7458,1.7458,1.7458,1.7458,1.7458,1.7458,1.7458,1.7458,1.7458,1.7458,1.7458,1.7458,1.7458,1.7458,1.7458,1.7458,1.7458,1.7458,1.7458
1.7476,1.7476,1.7476,1.7476,1.7476,1.7476,1.7476,1.7476,1.7476,1.7476,1.7476,1.7476,1.7476,1.7476,1.7476,1.7476,1.7476,1.7476,1.7476,1.7476,1.7476,1.7476,1.7476,1.7476,1.7476,1.7476,1.7476
1.7495,1.7495,1.7495,1.7495,1.7495,1.7495,1.7495,1.7495,1.7495,1.7495,1.7495,1.7495,1.7495,1.7495,1.7495,1.7495,1.7495,1.7495,1.7495,1.7495,1.7495,1.7495,1.7495,1.7495,1.7495,1.7495,1.7495
1.7514,1.7514,1.7514,1.7514,1.7514,1.7514,1.7514,1.7514,1.7514,1.7514,1.7514,1.7514,1.7514,1.7514,1.7514,1.7514,1.7514,1.7514,1.7514,1.7514,1.7514,1.7514,1.7514,1.7514,1.7514,1.7514,1.7514
1.7532,1.7532,1.7532,1.7532,1.7532,1.7532,1.7532,1.7532,1.7532,1.7532,1.7532,1.7532,1.7532,1.7532,1.7532,1.7532,1.7532,1.7532,1.7532,1.7532,1.7532,1.7532,1.7532,1.7532,1.7532,1.7532,1.5178
1.7551,1.7551,1.7551,1.7551,1.7551,1.7551,1.7551,1.7551,1.7551,1.7551,1.7551,1.7551,1.7551,1.7551,1.7551,1.7551,1.7551,1.7551,1.7551,1.7551,1.7551,1.7551,1.7551,1.7551,1.7551,1.7551,1.7551
1.757,1.757,1.757,1.757,1.757,1.757,1.757,1.757,1.757,1.757,1.757,1.757,1.757,1.757,1.757,1.757,1.757,1.757,1.757,1.757,1.757,1.757,1.757,1.757,1.757,1.757,1.757
1.7589,1.7589,1.7589,1.7589,1.7589,1.7589,1.7589,1.7589,1.7589,1.7589,1.7589,1.7589,1.7589,1.7589,1.7589,1.7589,1.7589,1.7589,1.7589,1.7589,1.7589,1.7589,1.7589,1.7589,1.7589,1.7589,1.7589
1.7608,1.7608,1.7608,1.7608,1.7608,1.7608,1.7608,1.7608,1.7608,1.7608,1.7608,1.7608,1.7608,1.7608,1.7608,1.7608,1.7608,1.7608,1.7608,1.7608,1.7608,1.7608,1.7608,1.7608,1.7608,1.7608,1.7608
1.7627,1.7627,1.7627,1.7627,1.7627,1.7627,1.7627,1.7627,1.7627,1.7627,1.7627,1.7627,1.7627,1.7627,1.7627,1.7627,1.7627,1.7627,1.7627,1.7627,1.7627,1.7627,1.7627,1.7627,1.7627,1.7627,1.7627
1.7646,1.7646,1.7646,1.7646,1.7646,1.7646,1.7646,1.7646,1.7646,1.7646,1.7646,1.7646,1.7646,1.7646,1.7646,1.7646,1.7646,1.7646,1.7646,1.7646,1.7646,1.7646,1.7646,1.7646,1.7646,1.7646,1.7646
1.7665,1.7665,1.7665,1.7665,1.7665,1.7665,1.7665,1.7665,1.7665,1.7665,1.7665,1.7665,1.7665,1.7665,1.7665,1.7665,1.7665,1.7665,1.7665,1.7665,1.7665,1.7665,1.7665,1.7665,1.7665,1.7665,1.7665
1.7684,1.7684,1.7684,1.7684,1.7684,1.7684,1.7684,1.7684,1.7684,1.7684,1.7684,1.7684,1.5675,1.7684,1.7684,1.7684,1.7684,1.7684,1.7684,1.7684,1.7684,1.7684,1.7684,1.7684,1.7684,1.7684,1.5336
1.7703,1.7703,1.7703,1.7703,1.7703,1.7703,1.7703,1.7703,1.7703,1.7703,1.7703,1.7703,1.0923,1.7703,1.7703,1.7703,1.7703,1.7703,1.7703,1.7703,1.7703,1.7703,1.7703,1.7703,1.7703,1.7703,1.7703
1.7722,1.7722,1.7722,1.7722,1.7722,1.7722,1.7722,1.7722,1.7722,1.7722,1.7722,1.7722,1.7722,1.7722,1.5777,1.7722,1.7722,1.7722,1.7722,1.7722,1.7722,1.7722,1.7722,1.7722,1.7722,1.7722,1.7722
1.7741,1.7741,1.7741,1.7741,1.7741,1.7741,1.7741,1.7741,1.7741,1.7741,1.7741,1.7741,1.7741,1.7741,1.7741,1.7741,1.7741,1.7741,1.7741,1.7741,1.7741,1.7741,1.7741,1.7741,1.7741,1.7741,1.7741
1.776,1.776,1.776,1.776,1.776,1.776,1.776,1.776,1.776,1.776,1.776,1.776,1.776,1.3445,1.776,1.776,1.776,1.776,1.776,1.776,1.776,1.776,1.776,1.776,1.776,1.776,1.776
1.778,1.778,1.778,1.778,1.778,1.778,1.778,1.778,1.778,1.778,1.778,1.778,1.778,1.6563,1.778,1.778,1.778,1.778,1.778,1.778,1.778,1.778,1.778,1.778,1.778,1.778,1.4672
1.7799,1.7799,1.7799,1.7799,1.7799,1.7799,1.7799,1.7799,1.7799,1.7799,1.7799,1.7799,1.7799,1.7799,1.7799,1.7799,1.7799,1.7799,1.7799,1.7799,1.7799,1.7799,1.7799,1.7799,1.7799,1.7799,1.7799
1.7818,1.7818,1.7818,1.7818,1.7818,1.7818,1.7818,1.7818,1.7818,1.7818,1.7818,1.7818,1.7818,1.7818,1.7818,1.7818,1.7818,1.7818,1.7818,1.7818,1.7818,1.7818,1.7818,1.7818,1.7818,1.7818,1.7818
1.7838,1.7838,1.7838,1.7838,1.7838,1.7838,1.7838,1.7838,1.7838,1.7838,1.7838,1.7838,1.7838,1.7838,1.7838,1.7838,1.7838,1.7838,1.7838,1.7838,1.7838,1.7838,1.7838,1.7838,1.7838,1.7838,1.7838
1.6846,1.7617,1.7857,1.7857,1.7857,1.7857,1.7857,1.7857,1.7857,1.7774,1.7664,1.7857,1.7857,1.7857,1.7857,1.7857,1.7857,1.7857,1.7857,1.7857,1.7857,1.7857,1.7857,1.7857,1.7857,1.7857,1.7857
1.7877,1.7877,1.7877,1.7877,1.7877,1.7877,1.7877,1.7877,1.7877,1.7877,1.7877,1.7877,1.7877,1.7877,1.7877,1.7877,1.7877,1.7877,1.7877,1.7877,1.7877,1.7877,1.7877,1.7877,1.7877,1.7877,1.7877
1.7896,1.7896,1.7896,1.7896,1.7896,1.7896,1.7896,1.7896,1.7896,1.7896,1.7896,1.7896,1.7896,1.7896,1.7896,1.7896,1.7896,1.7896,1.7896,1.7896,1.7896,1.7896,1.7896,1.7896,1.7896,1.7896,1.7896
1.7916,1.7916,1.7916,1.7916,1.7916,1.7916,1.7916,1.7916,1.7916,1.7916,1.7916,1.7916,1.7916,1.7916,1.7916,1.7916,1.7916,1.7916,1.7916,1.7916,1.7916,1.7916,1.7916,1.7916,1.7916,1.7916,1.7916
1.7935,1.7935,1.7935,1.7935,1.7935,1.7935,1.7935,1.7935,1.7935,1.7935,1.7935,1.7935,1.7935,1.7935,1.7935,1.7935,1.7935,1.7935,1.7935,1.7935,1.7935,1.7935,1.7935,1.7935,1.7935,1.7935,1.3799
1.7955,1.7955,1.7955,1.7955,1.7955,1.7955,1.7955,1.7955,1.7955,1.7955,1.7955,1.7955,1.0053,1.7955,1.7955,1.7955,1.7955,1.7955,1.7955,1.7955,1.7955,1.7955,1.7955,1.7955,1.7955,1.7955,1.7955
1.7975,1.7975,1.7975,1.7975,1.7975,1.7975,1.7975,1.7975,1.7975,1.7975,1.7975,1.7975,1.7975,1.7975,1.7975,1.7975,1.7975,1.7975,1.7975,1.7975,1.7975,1.7975,1.7975,1.7975,1.7975,1.7975,1.7975
1.7995,1.7995,1.7995,1.7995,1.7995,1.7995,1.7995,1.7995,1.7995,1.7995,1.7995,1.7995,1.7995,1.7995,1.7995,1.7995,1.7995,1.7995,1.7995,1.7995,1.7995,1.7995,1.7995,1.7995,1.7995,1.7995,1.7995
1.6882,1.7654,1.8014,1.8014,1.8014,1.8014,1.8014,1.8014,1.7922,1.7812,1.7701,1.8014,1.8014,1.4097,1.8014,1.8014,1.8014,1.8014,1.8014,1.8014,1.8014,1.8014,1.8014,1.8014,1.8014,1.8014,1.8014
1.8034,1.8034,1.8034,1.8034,1.8034,1.8034,1.8034,1.8034,1.8034,1.8034,1.8034,1.8034,1.8034,1.1783,1.8034,1.8034,1.8034,1.8034,1.8034,1.8034,1.8034,1.8034,1.8034,1.8034,1.8034,1.8034,1.5036
1.8054,1.8054,1.8054,1.8054,1.8054,1.8054,1.8054,1.8054,1.8054,1.8054,1.8054,1.8054,1.8054,1.8054,1.8054,1.8054,1.8054,1.8054,1.8054,1.8054,1.8054,1.8054,1.8054,1.8054,1.8054,1.8054,1.8054
1.8074,1.8074,1.8074,1.8074,1.8074,1.8074,1.8074,1.8074,1.8074,1.8074,1.8074,1.8074,1.8074,1.8074,1.8074,1.8074,1.8074,1.8074,1.8074,1.8074,1.8074,1.8074,1.8074,1.8074,1.8074,1.8074,1.8074
1.8094,1.8094,1.8094,1.8094,1.8094,1.8094,1.8094,1.8094,1.8094,1.8094,1.8094,1.8094,1.8094,1.8094,1.8094,1.8094,1.8094,1.8094,1.8094,1.8094,1.8094,1.8094,1.8094,1.8094,1.8094,1.8094,1.4768
1.6605,1.7364,1.7852,1.796,1.8018,1.793,1.7841,1.7734,1.7627,1.7519,1.741,1.8072,1.4349,1.8114,1.8114,1.8114,1.8114,1.8114,1.8114,1.8114,1.8114,1.8114,1.8114,1.8114,1.8114,1.8114,1.8114
1.8134,1.8134,1.8134,1.8134,1.8134,1.8134,1.8134,1.8134,1.8134,1.8134,1.8134,1.8134,1.8134,1.8134,1.5437,1.8134,1.8134,1.8134,1.8134,1.8134,1.8134,1.8134,1.8134,1.8134,1.8134,1.8134,1.8134
1.8154,1.8154,1.8154,1.8154,1.8154,1.8154,1.8154,1.8154,1.8154,1.8154,1.8154,1.8154,1.8154,1.8154,1.8154,1.8154,1.8154,1.8154,1.8154,1.8154,1.8154,1.8154,1.8154,1.8154,1.8154,1.8154,1.8154
1.8174,1.8174,1.8174,1.8174,1.8174,1.8174,1.8174,1.8174,1.8174,1.8174,1.8174,1.8174,1.8174,1.8174,1.8174,1.8174,1.8174,1.8174,1.8174,1.8174,1.8174,1.8174,1.8174,1.8174,1.8174,1.8174,1.8174
1.8194,1.8194,1.8194,1.8194,1.8194,1.8194,1.8194,1.8194,1.8194,1.8194,1.8194,1.8194,1.8194,1.8194,1.8194,1.8194,1.8194,1.8194,1.8194,1.8194,1.8194,1.8194,1.8194,1.8194,1.8194,1.7769,1.3113
1.8215,1.8215,1.8215,1.8215,1.8215,1.8215,1.8215,1.8215,1.8215,1.8215,1.8215,1.8215,1.8215,1.8215,1.8215,1.8215,1.8215,1.8215,1.8215,1.8215,1.8215,1.8215,1.8215,1.8215,1.8215,1.8215,1.8215
1.8235,1.8235,1.8235,1.8235,1.8235,1.8235,1.8235,1.8235,1.8235,1.8235,1.8235,1.8235,1.8235,1.8235,1.8235,1.8235,1.8235,1.8235,1.8235,1.8235,1.8235,1.8235,1.8235,1.8235,1.8235,1.8235,1.8235
1.8255,1.8255,1.8255,1.8255,1.8255,1.8255,1.8255,1.8255,1.8255,1.8255,1.8255,1.8255,1.8255,1.8255,1.8255,1.8255,1.8255,1.8255,1.8255,1.8255,1.8255,1.8255,1.8255,1.8255,1.8255,1.8255,1.8255
1.5468,1.6175,1.663,1.673,1.6785,1.6703,1.662,1.652,1.6421,1.632,1.6218,1.6835,1.7955,1.8276,1.8276,1.8276,1.8276,1.8276,1.8276,1.8276,1.8276,1.8276,1.8276,1.8276,1.8276,1.8276,1.8276
1.8296,1.8296,1.8296,1.8296,1.8296,1.8296,1.8296,1.8296,1.8296,1.8296,1.8296,1.8296,1.8296,1.8296,1.8296,1.8296,1.8296,1.8296,1.8296,1.8296,1.8296,1.8296,1.8296,1.8296,1.8296,1.8296,1.6457
1.8316,1.8316,1.8316,1.8316,1.8316,1.8316,1.8316,1.8316,1.8316,1.8316,1.8316,1.8316,1.8316,1.8316,1.8316,1.8316,1.8316,1.8316,1.8316,1.8316,1.8316,1.8316,1.8316,1.8316,1.8316,1.8316,1.8316
1.8337,1.8337,1.8337,1.8337,1.8337,1.8337,1.8337,1.8337,1.8337,1.8337,1.8337,1.8337,1.8337,1.8337,1.8337,1.8337,1.8337,1.8337,1.8337,1.8337,1.8337,1.8337,1.8337,1.8337,1.8337,1.8337,1.8337
1.8357,1.8357,1.8357,1.8357,1.8357,1.8357,1.8357,1.8357,1.8357,1.8357,1.8357,1.8357,1.6747,1.8357,1.8357,1.8357,1.8357,1.8357,1.8357,1.8357,1.8357,1.8357,1.8357,1.8357,1.8357,1.7632,1.3012
1.7335,1.8127,1.8378,1.8378,1.8378,1.8378,1.8378,1.8378,1.8378,1.8289,1.8176,1.8378,0.8505,1.8378,1.8378,1.8378,1.8378,1.8378,1.8378,1.8378,1.8378,1.8378,1.8378,1.8378,1.8378,1.8378,1.8378
1.8399,1.8399,1.8399,1.8399,1.8399,1.8399,1.8399,1.8399,1.8399,1.8399,1.8399,1.8399,1.8399,1.8399,1.8399,1.8399,1.8399,1.8399,1.8399,1.8399,1.8399,1.8399,1.8399,1.8399,1.8399,1.8399,1.8399
1.8419,1.8419,1.8419,1.8419,1.8419,1.8419,1.8419,1.8419,1.8419,1.8419,1.8419,1.8419,1.8419,1.8419,1.8419,1.8419,1.8419,1.8419,1.8419,1.8419,1.8419,1.8419,1.8419,1.8419,1.8419,1.8419,1.8419
1.6371,1.712,1.7601,1.7707,1.7765,1.7678,1.759,1.7485,1.738,1.7273,1.7165,1.7818,1.844,1.1277,1.844,1.844,1.844,1.844,1.844,1.844,1.844,1.844,1.844,1.844,1.844,1.844,1.844
1.8461,1.8461,1.8461,1.8461,1.8461,1.8461,1.8461,1.8461,1.8461,1.8461,1.8461,1.8461,1.8461,1.0948,1.8461,1.8461,1.8461,1.8461,1.8461,1.8461,1.8461,1.8461,1.8461,1.8461,1.8461,1.7813,1.3146
1.8482,1.8482,1.8482,1.8482,1.8482,1.8482,1.8482,1.8482,1.8482,1.8482,1.8482,1.5673,1.8482,1.8482,1.8482,1.8482,1.8482,1.8482,1.8482,1.8482,1.8482,1.8482,1.8482,1.8482,1.8482,1.8482,1.8482
1.8503,1.8503,1.8503,1.8503,1.8503,1.8503,1.8503,1.8503,1.8503,1.8503,1.8503,1.8503,1.8503,1.8503,1.8503,1.8503,1.8503,1.8503,1.8503,1.8503,1.8503,1.8503,1.8503,1.8503,1.8503,1.8503,1.8503
1.8523,1.8523,1.8523,1.8523,1.8523,1.8523,1.8523,1.8523,1.8523,1.8523,1.8523,1.8523,1.8523,1.8523,1.8523,1.8523,1.8523,1.8523,1.8523,1.8523,1.8523,1.8523,1.8523,1.8523,1.8523,1.8523,1.4775
1.4938,1.5621,1.606,1.6157,1.621,1.613,1.605,1.5954,1.5858,1.5761,1.5663,1.6258,1.734,1.8544,1.8544,1.8544,1.8544,1.8544,1.8544,1.8544,1.8544,1.8544,1.8544,1.8544,1.8544,1.8544,1.8544
1.8565,1.8565,1.8565,1.8565,1.8565,1.8565,1.8565,1.8565,1.8565,1.8565,1.8565,1.8565,1.8565,1.8565,1.5721,1.8565,1.8565,1.8565,1.8565,1.8565,1.8565,1.8565,1.8565,1.8565,1.8565,1.8565,1.8565
1.8587,1.8587,1.8587,1.8587,1.8587,1.8587,1.8587,1.8587,1.8587,1.8587,1.8587,1.8587,1.8587,1.8587,1.8587,1.8587,1.8587,1.8587,1.8587,1.8587,1.8587,1.8587,1.8587,1.8587,1.8587,1.8587,1.8587
1.8608,1.8608,1.8608,1.8608,1.8608,1.8608,1.8608,1.8608,1.8608,1.8608,1.8608,1.8608,1.8608,1.8608,1.8608,1.8608,1.8608,1.8608,1.8608,1.8608,1.8608,1.8608,1.8608,1.8608,1.8608,1.8608,1.8608
1.8629,1.8629,1.8629,1.8629,1.8629,1.8629,1.8629,1.8629,1.8629,1.8629,1.8629,1.8629,1.8629,1.8629,1.8629,1.8629,1.8629,1.8629,1.8629,1.8629,1.8629,1.8629,1.8629,1.8629,1.8629,1.6413,1.2113
1.865,1.865,1.865,1.865,1.865,1.865,1.865,1.865,1.865,1.865,1.865,1.865,1.865,1.865,1.865,1.865,1.865,1.865,1.865,1.865,1.865,1.865,1.865,1.865,1.865,1.865,1.865
1.8671,1.8671,1.8671,1.8671,1.8671,1.8671,1.8671,1.8671,1.8671,1.8671,1.8671,1.8671,1.8671,1.8671,1.8671,1.8671,1.8671,1.8671,1.8671,1.8671,1.8671,1.8671,1.8671,1.8671,1.8671,1.8671,1.8671
1.8693,1.8693,1.8693,1.8693,1.8693,1.8693,1.8693,1.8693,1.8693,1.8693,1.8693,1.8693,1.8693,1.8693,1.8693,1.8693,1.8693,1.8693,1.8693,1.8693,1.8693,1.8693,1.8693,1.8693,1.8693,1.8693,1.8693
1.4662,1.5332,1.5763,1.5858,1.591,1.5832,1.5753,1.5659,1.5565,1.5469,1.5373,1.5957,1.7019,1.7678,1.8714,1.8714,1.8714,1.8714,1.8714,1.8714,1.8714,1.8714,1.8714,1.8714,1.8714,1.8714,1.8714
1.8735,1.8735,1.8735,1.8735,1.8735,1.8735,1.8735,1.8735,1.8735,1.8735,1.8735,1.8735,1.8735,1.8735,1.8735,1.8735,1.8735,1.8735,1.8735,1.8735,1.8735,1.8735,1.8735,1.8735,1.8735,1.8735,1.3959
1.8757,1.8757,1.8757,1.8757,1.8757,1.8757,1.8757,1.8757,1.8757,1.8757,1.8757,1.8757,1.8757,1.8757,1.8757,1.8757,1.8757,1.8757,1.8757,1.8757,1.8757,1.8757,1.8757,1.8757,1.8757,1.8757,1.8757
1.8778,1.8778,1.8778,1.8778,1.8778,1.8778,1.8778,1.8778,1.8778,1.8778,1.8778,1.8778,1.8778,1.8778,1.8778,1.8778,1.8778,1.8778,1.8778,1.8778,1.8778,1.8778,1.8778,1.8778,1.8778,1.8778,1.8778
1.88,1.88,1.88,1.88,1.88,1.88,1.88,1.88,1.88,1.88,1.88,1.88,1.2949,1.88,1.88,1.88,1.88,1.88,1.88,1.88,1.88,1.88,1.88,1.88,1.88,1.7167,1.2669
1.5208,1.5903,1.635,1.6448,1.6502,1.6421,1.634,1.6242,1.6144,1.6045,1.5945,1.6551,1.0026,1.8821,1.8821,1.8821,1.8821,1.8821,1.8821,1.8821,1.8821,1.8821,1.8821,1.8821,1.8821,1.8821,1.8821
1.8843,1.8843,1.8843,1.8843,1.8843,1.8843,1.8843,1.8843,1.8843,1.8843,1.8843,1.8843,1.8843,1.8843,1.315,1.8843,1.8843,1.8843,1.8843,1.8843,1.8843,1.8843,1.8843,1.8843,1.8843,1.8843,1.8843
1.8865,1.8865,1.8865,1.8865,1.8865,1.8865,1.8865,1.8865,1.8865,1.8865,1.8865,1.8865,1.8865,1.8865,1.8865,1.8865,1.8865,1.8865,1.8865,1.8865,1.8865,1.8865,1.8865,1.8865,1.8865,1.8865,1.8865
1.6419,1.7169,1.7652,1.7758,1.7816,1.7729,1.7641,1.7535,1.743,1.7323,1.7215,1.7869,1.8886,1.8886,1.8886,1.8886,1.8886,1.8886,1.8886,1.8886,1.8886,1.8886,1.8886,1.8886,1.8886,1.8886,1.8886
1.8908,1.8908,1.8908,1.8908,1.8908,1.8908,1.8908,1.8908,1.8908,1.8908,1.8908,1.8908,1.8908,1.7007,1.8908,1.8908,1.8908,1.8908,1.8908,1.8908,1.8908,1.8908,1.8908,1.8908,1.8908,1.6083,1.1869
1.893,1.893,1.893,1.893,1.893,1.893,1.893,1.893,1.893,1.893,1.893,1.5981,1.893,1.893,1.893,1.893,1.893,1.893,1.893,1.893,1.893,1.893,1.893,1.893,1.893,1.893,1.893
1.8952,1.8952,1.8952,1.8952,1.8952,1.8952,1.8952,1.8952,1.8952,1.8952,1.8952,1.8952,1.8952,1.8952,1.8952,1.8952,1.8952,1.8952,1.8952,1.8952,1.8952,1.8952,1.8952,1.8952,1.8952,1.8952,1.8952
1.8974,1.8974,1.8974,1.8974,1.8974,1.8974,1.8974,1.8974,1.8974,1.8974,1.8974,1.8974,1.8974,1.8974,1.8974,1.8974,1.8974,1.8974,1.8974,1.8974,1.8974,1.8974,1.8974,1.8974,1.8974,1.8974,1.5346
1.3845,1.4478,1.4885,1.4974,1.5023,1.495,1.4875,1.4786,1.4697,1.4607,1.4516,1.5068,1.6071,1.8996,1.8996,1.8996,1.8996,1.8996,1.8996,1.8996,1.8996,1.8996,1.8996,1.8996,1.8996,1.8996,1.8996
1.9018,1.9018,1.9018,1.9018,1.9018,1.9018,1.9018,1.9018,1.9018,1.9018,1.9018,1.9018,1.9018,1.9018,1.6675,1.9018,1.9018,1.9018,1.9018,1.9018,1.9018,1.9018,1.9018,1.9018,1.9018,1.9018,1.5882
1.904,1.904,1.904,1.904,1.904,1.904,1.904,1.904,1.904,1.904,1.904,1.904,1.904,1.904,1.904,1.904,1.904,1.904,1.904,1.904,1.904,1.904,1.904,1.904,1.904,1.904,1.904
1.9062,1.9062,1.9062,1.9062,1.9062,1.9062,1.9062,1.9062,1.9062,1.9062,1.9062,1.9062,1.9062,1.9062,1.9062,1.9062,1.9062,1.9062,1.9062,1.9062,1.9062,1.9062,1.9062,1.9062,1.9062,1.9062,1.9062
1.9084,1.9084,1.9084,1.9084,1.9084,1.9084,1.9084,1.9084,1.9084,1.9084,1.9084,1.9084,1.9084,1.9084,1.9084,1.9084,1.9084,1.9084,1.9084,1.9084,1.9084,1.9084,1.9084,1.9084,1.9084,1.5601,1.1514
1.6409,1.716,1.7642,1.7748,1.7806,1.7719,1.7631,1.7526,1.742,1.7313,1.7205,1.7859,0.8051,1.9107,1.9107,1.9107,1.9107,1.9107,1.9107,1.9107,1.9107,1.9107,1.9107,1.9107,1.9107,1.9107,1.9107
1.9129,1.9129,1.9129,1.9129,1.9129,1.9129,1.9129,1.9129,1.9129,1.9129,1.9129,1.9129,1.9129,1.9129,1.9129,1.9129,1.9129,1.9129,1.9129,1.9129,1.9129,1.9129,1.9129,1.9129,1.9129,1.9129,1.9129
1.9151,1.9151,1.9151,1.9151,1.9151,1.9151,1.9151,1.9151,1.9151,1.9151,1.9151,1.9151,1.9151,1.9151,1.9151,1.9151,1.9151,1.9151,1.9151,1.9151,1.9151,1.9151,1.9151,1.9151,1.9151,1.9151,1.9151
1.4304,1.4958,1.5378,1.5471,1.5521,1.5445,1.5369,1.5277,1.5185,1.5091,1.4997,1.5567,1.6603,0.9977,1.9174,1.9174,1.9174,1.9174,1.9174,1.9174,1.9174,1.9174,1.9174,1.9174,1.9174,1.9174,1.9174
1.9196,1.9196,1.9196,1.9196,1.9196,1.9196,1.9196,1.9196,1.9196,1.9196,1.9196,1.9196,1.9196,0.9606,1.9196,1.9196,1.9196,1.9196,1.9196,1.9196,1.9196,1.9196,1.9196,1.9196,1.9196,1.661,1.2258
1.9219,1.9219,1.9219,1.9219,1.9219,1.9219,1.9219,1.9219,1.9219,1.9219,1.9219,1.3941,1.9219,1.9219,1.9219,1.9219,1.9219,1.9219,1.9219,1.9219,1.9219,1.9219,1.9219,1.9219,1.9219,1.9219,1.9219
1.9241,1.9241,1.9241,1.9241,1.9241,1.9241,1.9241,1.9241,1.9241,1.9241,1.9241,1.9241,1.9241,1.9241,1.9241,1.9241,1.9241,1.9241,1.9241,1.9241,1.9241,1.9241,1.9241,1.9241,1.9241,1.9241,1.9241
1.9264,1.9264,1.9264,1.9264,1.9264,1.9264,1.9264,1.9264,1.9264,1.9264,1.9264,1.9264,1.9264,1.9264,1.9264,1.9264,1.9264,1.9264,1.9264,1.9264,1.9264,1.9264,1.9264,1.9264,1.9264,1.7228,1.2714
1.375,1.4379,1.4783,1.4872,1.4921,1.4848,1.4774,1.4686,1.4597,1.4507,1.4417,1.4965,1.4565,1.9287,1.9287,1.9287,1.9287,1.9287,1.9287,1.9287,1.9287,1.9287,1.9287,1.9287,1.9287,1.9287,1.9287
1.9309,1.9309,1.9309,1.9309,1.9309,1.9309,1.9309,1.9309,1.9309,1.9309,1.9309,1.9309,1.9309,1.9309,1.3406,1.9309,1.9309,1.9309,1.9309,1.9309,1.9309,1.9309,1.9309,1.9309,1.9309,1.9309,1.9309
1.9332,1.9332,1.9332,1.9332,1.9332,1.9332,1.9332,1.9332,1.9332,1.9332,1.9332,1.9332,1.9332,1.9332,1.9332,1.9332,1.9332,1.9332,1.9332,1.9332,1.9332,1.9332,1.9332,1.9332,1.9332,1.9332,1.9332
1.7031,1.781,1.8311,1.8421,1.8481,1.839,1.8299,1.819,1.808,1.7969,1.7857,1.8536,1.9355,1.9355,1.7647,1.9355,1.9355,1.9355,1.9355,1.9355,1.9355,1.9355,1.9355,1.9355,1.9355,1.9355,1.9355
1.9378,1.9378,1.9378,1.9378,1.9378,1.9378,1.9378,1.9378,1.9378,1.9378,1.9378,1.9378,1.9378,1.9378,1.9378,1.9378,1.9378,1.9378,1.9378,1.9378,1.9378,1.9378,1.9378,1.9378,1.8839,1.4928,1.1017
1.9029,1.9401,1.9401,1.9401,1.9401,1.9401,1.9401,1.9401,1.9401,1.9401,1.9401,1.6904,1.9401,1.9401,1.9401,1.9401,1.9401,1.9401,1.9401,1.9401,1.9401,1.9401,1.9401,1.9401,1.9401,1.9401,1.9401
1.9424,1.9424,1.9424,1.9424,1.9424,1.9424,1.9424,1.9424,1.9424,1.9424,1.9424,1.9424,1.9424,1.9424,1.9424,1.9424,1.9424,1.9424,1.9424,1.9424,1.9424,1.9424,1.9424,1.9424,1.9424,1.9424,1.9424
1.9447,1.9447,1.9447,1.9447,1.9447,1.9447,1.9447,1.9447,1.9447,1.9447,1.9447,1.8415,1.9447,1.9447,1.9447,1.9447,1.9447,1.9447,1.9447,1.9447,1.9447,1.9447,1.9447,1.9447,1.9447,1.9447,1.6601
1.3176,1.3779,1.4166,1.4251,1.4298,1.4228,1.4157,1.4072,1.3988,1.3902,1.3815,1.434,1.5295,1.947,1.947,1.947,1.947,1.947,1.947,1.947,1.947,1.947,1.947,1.947,1.947,1.947,1.947
1.9493,1.9493,1.9493,1.9493,1.9493,1.9493,1.9493,1.9493,1.9493,1.9493,1.9493,1.9493,1.9493,1.9493,1.8527,1.9493,1.9493,1.9493,1.9493,1.9493,1.9493,1.9493,1.9493,1.9493,1.9493,1.8205,1.3435
1.9516,1.9516,1.9516,1.9516,1.9516,1.9516,1.9516,1.9516,1.9516,1.9516,1.9516,1.9516,1.9516,1.9516,1.9516,1.9516,1.9516,1.9516,1.9516,1.9516,1.9516,1.9516,1.9516,1.9516,1.9516,1.9516,1.9516
1.954,1.954,1.954,1.954,1.954,1.954,1.954,1.954,1.954,1.954,1.954,1.954,1.954,1.954,1.954,1.954,1.954,1.954,1.954,1.954,1.954,1.954,1.954,1.954,1.954,1.954,1.954
1.9563,1.9563,1.9563,1.9563,1.9563,1.9563,1.9563,1.9563,1.9563,1.9563,1.9563,1.9563,1.1782,1.9563,1.9563,1.9563,1.9563,1.9563,1.9563,1.9563,1.9563,1.9563,1.9563,1.9563,1.9219,1.5229,1.1239
1.4398,1.5056,1.5479,1.5573,1.5624,1.5547,1.547,1.5377,1.5285,1.5191,1.5096,1.567,0.7577,1.9586,1.9586,1.9586,1.9586,1.9586,1.9586,1.9586,1.9586,1.9586,1.9586,1.9586,1.9586,1.9586,1.9586
1.961,1.961,1.961,1.961,1.961,1.961,1.961,1.961,1.961,1.961,1.961,1.961,1.961,1.961,1.2287,1.961,1.961,1.961,1.961,1.961,1.961,1.961,1.961,1.961,1.961,1.961,1.961
1.9633,1.9633,1.9633,1.9633,1.9633,1.9633,1.9633,1.9633,1.9633,1.9633,1.9633,1.9633,1.9633,1.9633,1.9633,1.9633,1.9633,1.9633,1.9633,1.9633,1.9633,1.9633,1.9633,1.9633,1.9633,1.9633,1.9633
1.4348,1.5004,1.5426,1.5519,1.557,1.5493,1.5416,1.5324,1.5232,1.5138,1.5044,1.5616,1.6655,0.9884,1.9657,1.9657,1.9657,1.9657,1.9657,1.9657,1.9657,1.9657,1.9657,1.9657,1.9657,1.9657,1.9657
1.968,1.968,1.968,1.968,1.968,1.968,1.968,1.968,1.968,1.968,1.968,1.968,1.968,1.1035,1.968,1.968,1.968,1.968,1.968,1.968,1.968,1.968,1.968,1.968,1.8951,1.5017,1.1082
1.9704,1.9704,1.9704,1.9704,1.9704,1.9704,1.9704,1.9704,1.9704,1.9704,1.9704,1.3844,1.9704,1.9704,1.9704,1.9704,1.9704,1.9704,1.9704,1.9704,1.9704,1.9704,1.9704,1.9704,1.9704,1.9704,1.9704
1.9728,1.9728,1.9728,1.9728,1.9728,1.9728,1.9728,1.9728,1.9728,1.9728,1.9728,1.9728,1.9728,1.9728,1.9728,1.9728,1.9728,1.9728,1.9728,1.9728,1.9728,1.9728,1.9728,1.9728,1.9728,1.9728,1.9728
1.9752,1.9752,1.9752,1.9752,1.9752,1.9752,1.9752,1.9752,1.9752,1.9752,1.9752,1.9751,1.9752,1.9752,1.9752,1.9752,1.9752,1.9752,1.9752,1.9752,1.9752,1.9752,1.9752,1.9752,1.9752,1.7832,1.316
1.2765,1.3348,1.3724,1.3806,1.3852,1.3784,1.3715,1.3633,1.3551,1.3468,1.3384,1.3893,1.4817,1.9775,1.9775,1.9775,1.9775,1.9775,1.9775,1.9775,1.9775,1.9775,1.9775,1.9775,1.9775,1.9775,1.9775
1.9799,1.9799,1.9799,1.9799,1.9799,1.9799,1.9799,1.9799,1.9799,1.9799,1.9799,1.9799,1.9799,1.9799,1.4131,1.9799,1.9799,1.9799,1.9799,1.9799,1.9799,1.9799,1.9799,1.9799,1.9799,1.9799,1.5884
1.9823,1.9823,1.9823,1.9823,1.9823,1.9823,1.9823,1.9823,1.9823,1.9823,1.9823,1.9823,1.9823,1.9823,1.9823,1.9823,1.9823,1.9823,1.9823,1.9823,1.9823,1.9823,1.9823,1.9823,1.9823,1.9823,1.9823
1.8331,1.9168,1.9707,1.9826,1.9847,1.9793,1.9695,1.9577,1.9459,1.934,1.922,1.9847,1.9847,1.9847,1.9847,1.9847,1.9847,1.9847,1.9847,1.9847,1.9847,1.9847,1.9847,1.9847,1.9847,1.9847,1.9847
1.9871,1.9871,1.9871,1.9871,1.9871,1.9871,1.9871,1.9871,1.9871,1.9871,1.9871,1.9871,1.9169,1.9871,1.9871,1.9871,1.9871,1.9871,1.9871,1.9871,1.9871,1.9871,1.9871,1.9871,1.793,1.4207,1.0485
1.6028,1.6761,1.7232,1.7336,1.7393,1.7307,1.7221,1.7118,1.7015,1.6911,1.6806,1.7444,0.7864,1.9896,1.9896,1.9896,1.9896,1.9896,1.9896,1.9896,1.9896,1.9896,1.9896,1.9896,1.9896,1.9896,1.9896
1.992,1.992,1.992,1.992,1.992,1.992,1.992,1.992,1.992,1.992,1.992,1.992,1.992,1.992,1.992,1.8201,1.992,1.992,1.992,1.992,1.992,1.992,1.992,1.992,1.992,1.992,1.992
1.9944,1.9944,1.9944,1.9944,1.9944,1.9944,1.9944,1.9944,1.9944,1.9944,1.9944,1.9944,1.9944,1.9944,1.9944,1.9944,1.9944,1.9944,1.9944,1.9944,1.9944,1.9944,1.9944,1.9944,1.9944,1.9944,1.8858
1.2856,1.3444,1.3822,1.3905,1.3951,1.3882,1.3813,1.3731,1.3648,1.3564,1.348,1.3992,1.4923,1.2184,1.9968,1.9968,1.9968,1.9968,1.9968,1.9968,1.9968,1.9968,1.9968,1.9968,1.9968,1.9968,1.9968
1.9993,1.9993,1.9993,1.9993,1.9993,1.9993,1.9993,1.9993,1.9993,1.9993,1.9993,1.9993,1.9993,0.9217,1.9993,1.9993,1.9993,1.9993,1.9993,1.9993,1.9993,1.9993,1.9993,1.9993,1.9993,1.5937,1.1761
2.0017,2.0017,2.0017,2.0017,2.0017,2.0017,2.0017,2.0017,2.0017,2.0017,2.0017,2.0017,2.0017,2.0017,2.0017,2.0017,2.0017,2.0017,2.0017,2.0017,2.0017,2.0017,2.0017,2.0017,2.0017,2.0017,2.0017
2.0042,2.0042,2.0042,2.0042,2.0042,2.0042,2.0042,2.0042,2.0042,2.0042,2.0042,2.0042,2.0042,2.0042,2.0042,2.0042,2.0042,2.0042,2.0042,2.0042,2.0042,2.0042,2.0042,2.0042,2.0042,2.0042,2.0042
2.0066,2.0066,2.0066,2.0066,2.0066,2.0066,2.0066,2.0066,2.0066,2.0066,2.0066,2.0066,1.1508,2.0066,2.0066,2.0066,2.0066,2.0066,2.0066,2.0066,2.0066,2.0066,2.0066,2.0066,1.9254,1.5257,1.126
1.3,1.3594,1.3977,1.4061,1.4107,1.4038,1.3968,1.3884,1.3801,1.3716,1.3631,1.4148,1.0061,2.0091,2.0091,2.0091,2.0091,2.0091,2.0091,2.0091,2.0091,2.0091,2.0091,2.0091,2.0091,2.0091,2.0091
2.0115,2.0115,2.0115,2.0115,2.0115,2.0115,2.0115,2.0115,2.0115,2.0115,2.0115,2.0115,2.0115,2.0115,1.1771,2.0115,2.0115,2.0115,2.0115,2.0115,2.0115,2.0115,2.0115,2.0115,2.0115,2.0115,2.0115
2.014,2.014,2.014,2.014,2.014,2.014,2.014,2.014,2.014,2.014,2.014,2.014,2.014,2.014,2.014,2.014,2.014,2.014,2.014,2.014,2.014,2.014,2.014,2.014,2.014,2.014,2.014
1.4811,1.5488,1.5923,1.6019,1.6072,1.5993,1.5913,1.5818,1.5723,1.5626,1.5529,1.6119,1.7192,2.0128,1.8246,2.0165,2.0165,2.0165,2.0165,2.0165,2.0165,2.0165,2.0165,2.0165,2.0165,2.0165,2.0165
2.019,2.019,1.9851,1.9771,1.9727,1.9793,1.9859,1.9939,2.0018,2.0099,2.018,1.9687,1.8792,2.0007,2.019,2.019,2.019,2.019,2.019,2.019,2.019,2.019,2.019,2.019,1.7577,1.3928,1.0279
1.9334,2.0215,2.0215,2.0215,2.0215,2.0215,2.0215,2.0215,2.0215,2.0215,2.0215,1.4538,2.0215,2.0215,2.0215,2.0215,2.0215,2.0215,2.0215,2.0215,2.0215,2.0215,2.0215,2.0215,2.0215,2.0215,2.0215
2.024,2.024,2.024,2.024,2.024,2.024,2.024,2.024,2.024,2.024,2.024,2.024,2.024,2.024,2.024,2.024,2.024,2.024,2.024,2.024,2.024,2.024,2.024,2.024,2.024,2.024,2.024
2.0265,2.0265,2.0265,2.0265,2.0265,2.0265,2.0265,2.0265,2.0265,2.0265,2.0265,1.6113,2.0265,2.0265,2.0265,2.0265,2.0265,2.0265,2.0265,2.0265,2.0265,2.0265,2.0265,2.0265,2.0265,1.9093,1.4091
1.2138,1.2693,1.305,1.3128,1.3171,1.3107,1.3042,1.2964,1.2886,1.2806,1.2727,1.321,1.409,2.029,2.029,2.029,2.029,2.029,2.029,2.029,2.029,2.029,2.029,2.029,2.029,2.029,2.029
2.0315,2.0315,2.0315,2.0315,2.0315,2.0315,2.0315,2.0315,2.0315,2.0315,2.0315,2.0315,2.0315,2.0315,1.5474,2.0315,2.0315,2.0315,2.0315,2.0315,2.0315,2.0315,2.0315,2.0315,2.0315,1.8022,1.33
2.034,2.034,2.034,2.034,2.034,2.034,2.034,2.034,2.034,2.034,2.034,2.034,2.034,2.034,2.034,2.034,2.034,2.034,2.034,2.034,2.034,2.034,2.034,2.034,2.034,2.034,2.034
2.0365,2.0365,2.0365,2.0365,2.0365,2.0365,2.0365,2.0365,2.0365,2.0365,2.0365,2.0365,2.0365,2.0365,2.0365,2.0365,2.0365,2.0365,2.0365,2.0365,2.0365,2.0365,2.0365,2.0365,2.0365,2.0365,2.0365
2.0391,2.0095,1.9733,1.9654,1.961,1.9676,1.9742,1.9821,1.99,1.998,2.0061,1.9571,1.5255,2.0391,2.0391,2.0391,2.0391,2.0391,2.0391,2.0391,2.0391,2.0391,2.0391,2.0391,1.7473,1.3846,1.0218
1.3982,1.4621,1.5032,1.5122,1.5172,1.5097,1.5022,1.4932,1.4843,1.4751,1.466,1.5217,0.686,2.0416,2.0416,2.0416,2.0416,2.0416,2.0416,2.0416,2.0416,2.0416,2.0416,2.0416,2.0416,2.0416,2.0416
2.0442,2.0442,2.0442,2.0442,2.0442,2.0442,2.0442,2.0442,2.0442,2.0442,2.0442,2.0442,2.0442,2.0442,2.0442,1.7962,2.0442,2.0442,2.0442,2.0442,2.0442,2.0442,2.0442,2.0442,2.0442,2.0442,2.0442
2.0467,2.0467,2.0467,2.0467,2.0467,2.0467,2.0467,2.0467,2.0467,2.0467,2.0467,2.0467,2.0467,2.0467,2.0467,2.0467,2.0467,2.0467,2.0467,2.0467,2.0467,2.0467,2.0467,2.0467,2.0467,2.0467,2.0467
1.2855,1.3443,1.3821,1.3904,1.3949,1.3881,1.3812,1.3729,1.3647,1.3563,1.3479,1.3991,1.4922,0.8855,2.0493,2.0493,2.0493,2.0493,2.0493,2.0493,2.0493,2.0493,2.0493,2.0493,2.0493,2.0493,2.0493
2.0518,2.0518,2.0461,2.0379,2.0334,2.0402,2.047,2.0518,2.0518,2.0518,2.0518,2.0293,1.937,0.8303,2.0518,2.0518,2.0518,2.0518,2.0518,2.0518,2.0518,2.0518,2.0518,2.0518,1.8118,1.4356,1.0595
2.0544,2.0544,2.0544,2.0544,2.0544,2.0544,2.0544,2.0544,2.0544,2.0544,2.0544,1.2301,2.0544,2.0544,2.0544,2.0544,2.0544,2.0544,2.0544,2.0544,2.0544,2.0544,2.0544,2.0544,2.0544,2.0544,2.0544
2.057,2.057,2.057,2.057,2.057,2.057,2.057,2.057,2.057,2.057,2.057,2.057,2.057,2.057,2.057,2.057,2.057,2.057,2.057,2.057,2.057,2.057,2.057,2.057,2.057,2.057,2.057
2.0596,2.0596,2.0596,2.0596,2.0596,2.0596,2.0596,2.0596,2.0596,2.0596,2.0596,2.0596,2.0596,2.0596,2.0596,2.0596,2.0596,2.0596,2.0596,2.0596,2.0596,2.0596,2.0596,2.0596,1.9813,1.57,1.1586
1.2036,1.2587,1.2941,1.3019,1.3061,1.2997,1.2932,1.2855,1.2778,1.2699,1.262,1.31,1.3972,2.0622,2.0622,2.0622,2.0622,2.0622,2.0622,2.0622,2.0622,2.0622,2.0622,2.0622,2.0622,2.0622,2.0622
2.0648,2.0648,2.0648,2.0648,2.0648,2.0648,2.0648,2.0648,2.0648,2.0648,2.0648,2.0648,2.0648,2.0648,1.2311,2.0648,2.0648,2.0648,2.0648,2.0648,2.0648,2.0648,2.0648,2.0648,2.0648,2.0648,1.6387
2.0674,2.0674,2.0674,2.0674,2.0674,2.0674,2.0674,2.0674,2.0674,2.0674,2.0674,2.0674,2.0674,2.0674,2.0674,2.0674,2.0674,2.0674,2.0674,2.0674,2.0674,2.0674,2.0674,2.0674,2.0674,2.0674,2.0674
1.5775,1.6496,1.696,1.7062,1.7118,1.7034,1.6949,1.6848,1.6746,1.6643,1.654,1.7168,1.8311,2.07,1.5648,2.07,2.07,2.07,2.07,2.07,2.07,2.07,2.07,2.07,2.07,2.07,2.07
1.9728,1.9191,1.8846,1.877,1.8728,1.8791,1.8854,1.8929,1.9005,1.9081,1.9158,1.8691,1.784,2.0726,2.0726,2.0726,2.0726,2.0726,2.0726,2.0726,2.0726,2.0726,2.0726,2.0152,1.6687,1.3223,0.9758
1.6067,1.6802,1.7274,1.7378,1.7435,1.7349,1.7263,1.716,1.7057,1.6952,1.6846,1.5809,2.0752,2.0752,2.0752,2.0752,2.0752,2.0752,2.0752,2.0752,2.0752,2.0752,2.0752,2.0752,2.0752,2.0752,2.0752
2.0779,2.0779,2.0779,2.0779,2.0779,2.0779,2.0779,2.0779,2.0779,2.0779,2.0779,2.0779,2.0779,2.0779,2.0779,1.6829,2.0779,2.0779,2.0779,2.0779,2.0779,2.0779,2.0779,2.0779,2.0779,2.0779,2.0779
2.0805,2.0805,2.0805,2.0805,2.0805,2.0805,2.0805,2.0805,2.0805,2.0805,2.0805,2.0805,2.0805,2.0805,2.0805,2.0805,2.0805,2.0805,2.0805,2.0805,2.0805,2.0805,2.0805,2.0805,2.0805,2.0805,1.5702
1.1808,1.2347,1.2695,1.2771,1.2813,1.275,1.2687,1.2611,1.2535,1.2458,1.238,1.2851,1.3706,1.7059,2.0832,2.0832,2.0832,2.0832,2.0832,2.0832,2.0832,2.0832,2.0832,2.0832,2.0832,2.0832,2.0832
2.0858,2.0858,2.0858,2.0858,2.0858,2.0858,2.0858,2.0858,2.0858,2.0858,2.0858,2.0858,2.0858,1.8359,1.7764,2.0858,2.0858,2.0858,2.0858,2.0858,2.0858,2.0858,2.0858,2.0858,1.9747,1.5648,1.1548
2.0885,2.0885,2.0885,2.0885,2.0885,2.0885,2.0885,2.0885,2.0885,2.0885,1.9068,2.0885,2.0885,2.0885,2.0885,2.0885,2.0885,2.0885,2.0885,2.0885,2.0885,2.0885,2.0885,2.0885,2.0885,2.0885,2.0885
2.0911,2.0911,2.0911,2.0911,2.0911,2.0911,2.0911,2.0911,2.0911,2.0911,2.0911,2.0911,2.0911,2.0911,2.0911,2.0911,2.0911,2.0911,2.0911,2.0911,2.0911,2.0911,2.0911,2.0911,2.0911,2.0911,2.0911
2.0606,2.0046,1.9685,1.9606,1.9562,1.9628,1.9693,1.9772,1.9851,1.9931,2.0011,1.9523,1.0418,2.0938,2.0938,2.0938,2.0938,2.0938,2.0938,2.0938,2.0938,2.0938,2.0938,2.0938,1.743,1.3812,1.0193
1.2555,1.3129,1.3498,1.3579,1.3623,1.3557,1.3489,1.3409,1.3328,1.3246,1.3164,1.3664,0.7563,2.0965,2.0965,2.0965,2.0965,2.0965,2.0965,2.0965,2.0965,2.0965,2.0965,2.0965,2.0965,2.0965,2.0965
2.0992,2.0992,2.0992,2.0992,2.0992,2.0992,2.0992,2.0992,2.0992,2.0992,2.0992,2.0992,2.0992,2.0992,1.0571,1.8159,2.0992,2.0992,2.0992,2.0992,2.0992,2.0992,2.0992,2.0992,2.0992,2.0992,2.0992
2.1019,2.1019,2.1019,2.1019,2.1019,2.1019,2.1019,2.1019,2.1019,2.1019,2.1019,2.1019,2.1019,2.1019,2.1019,2.1019,2.1019,2.1019,2.1019,2.1019,2.1019,2.1019,2.1019,2.1019,2.1019,2.1019,2.1019
1.3183,1.3786,1.4173,1.4259,1.4305,1.4235,1.4165,1.408,1.3995,1.3909,1.3823,1.4348,1.5303,1.7916,1.9541,2.1046,2.1046,2.1046,2.1046,2.1046,2.1046,2.1046,2.1046,2.1046,2.1046,2.1046,2.1046
1.9782,1.9244,1.8898,1.8822,1.878,1.8843,1.8906,1.8982,1.9057,1.9134,1.9211,1.8742,1.789,1.2029,2.1073,2.1073,2.1073,2.1073,2.1073,2.1073,2.1073,2.1073,2.1073,2.0207,1.6733,1.3259,0.9785
2.0248,2.11,2.11,2.11,2.11,2.11,2.11,2.11,2.11,2.11,2.11,1.2811,2.11,2.11,2.11,2.11,2.11,2.11,2.11,2.11,2.11,2.11,2.11,2.11,2.11,2.11,2.11
2.1127,2.1127,2.1127,2.1127,2.1127,2.1127,2.1127,2.1127,2.1127,2.1127,2.1127,2.1127,2.1127,2.1127,2.1127,2.1127,2.1127,2.1127,2.1127,2.1127,2.1127,2.1127,2.1127,2.1127,2.1127,2.1127,2.1127
2.1154,2.1154,2.1154,2.1154,2.1154,2.1154,2.1154,2.1154,2.1154,2.1154,2.1154,1.6581,2.1154,2.1154,2.1154,2.1154,2.1154,2.1154,2.1154,2.1154,2.1154,2.1154,2.1154,2.1154,2.0992,1.6634,1.2276
1.1402,1.1923,1.2258,1.2332,1.2372,1.2312,1.2251,1.2177,1.2104,1.203,1.1955,1.2409,1.3235,2.1182,2.1182,2.1182,2.1182,2.1182,2.1182,2.1182,2.1182,2.1182,2.1182,2.1182,2.1182,2.1182,2.1182
2.1209,2.1209,2.1209,2.1209,2.1209,2.1209,2.1209,2.1209,2.1209,2.1209,2.1209,2.1209,2.1209,2.1209,1.3299,2.1209,2.1209,2.1209,2.1209,2.1209,2.1209,2.1209,2.1209,2.1209,2.1209,1.8284,1.3493
2.1237,2.1237,2.1237,2.1237,2.1237,2.1237,2.1237,2.1237,2.1237,2.1237,2.1237,2.1237,2.1237,2.1237,2.1237,2.1237,2.1237,2.1237,2.1237,2.1237,2.1237,2.1237,2.1237,2.1237,2.1237,2.1237,2.1237
1.7429,1.8226,1.8738,1.8851,1.8913,1.882,1.8727,1.8614,1.8502,1.8389,1.8274,1.8969,2.0231,2.1264,2.1264,2.1264,2.1264,2.1264,2.1264,2.1264,2.1264,2.1264,2.1264,2.1264,2.1264,2.1264,2.1264
1.9147,1.8626,1.8291,1.8217,1.8177,1.8237,1.8298,1.8372,1.8445,1.8519,1.8594,1.814,1.7315,2.1292,2.1292,2.1292,2.1292,2.1292,2.1292,2.1292,2.1292,2.1292,2.1292,1.9558,1.6196,1.2833,0.9471
1.3871,1.4505,1.4912,1.5002,1.5051,1.4977,1.4903,1.4814,1.4725,1.4634,1.4543,1.5096,0.6805,2.1319,2.1319,2.1319,2.1319,2.1319,2.1319,2.1319,2.1319,2.1319,2.1319,2.1319,2.1319,2.1319,2.1319
2.1347,2.1347,2.1347,2.1347,2.1347,2.1347,2.1347,2.1347,2.1347,2.1347,2.1347,2.1347,2.1347,2.1347,2.1347,1.6534,2.1347,2.1347,2.1347,2.1347,2.1347,2.1347,2.1347,2.1347,2.1347,2.1347,2.1347
2.1375,2.1375,2.1375,2.1375,2.1375,2.1375,2.1375,2.1375,2.1375,2.1375,2.1323,2.1375,2.1375,2.1375,2.1375,2.1375,2.1375,2.1375,2.1375,2.1375,2.1375,2.1375,2.1375,2.1375,2.1375,2.1375,1.8427
1.1747,1.2284,1.2629,1.2705,1.2747,1.2684,1.2621,1.2545,1.247,1.2393,1.2316,1.2784,1.3635,0.9128,2.1403,2.1403,2.1403,2.1403,2.1403,2.1403,2.1403,2.1403,2.1403,2.1403,2.1403,2.1403,2.1403
2.088,2.0312,1.9946,1.9866,1.9822,1.9888,1.9955,2.0035,2.0115,2.0196,2.0277,1.9782,1.8882,0.8094,2.1431,2.1431,2.1431,2.1431,2.1431,2.1431,2.1431,2.1431,2.1431,2.1328,1.7662,1.3995,1.0328
2.1459,2.1459,2.1459,2.1459,2.1459,2.1459,2.1459,2.1459,2.1459,2.1459,1.9218,1.2489,2.1459,2.1459,2.1459,2.1459,2.1459,2.1459,2.1459,2.1459,2.1459,2.1459,2.1459,2.1459,2.1459,2.1459,2.1459
2.1487,2.1487,2.1487,2.1487,2.1487,2.1487,2.1487,2.1487,2.1487,2.1487,2.1487,2.1487,2.1487,2.1487,2.1487,2.1487,2.1487,2.1487,2.1487,2.1487,2.1487,2.1487,2.1487,2.1487,2.1487,2.1487,2.1487
2.1056,2.0483,2.0115,2.0033,1.9989,2.0056,2.0123,2.0204,2.0284,2.0366,2.0448,1.9949,2.1515,2.1515,2.1515,2.1515,2.1515,2.1515,2.1515,2.1515,2.1515,2.1515,2.1515,2.1508,1.7811,1.4113,1.0415
1.156,1.2088,1.2428,1.2503,1.2544,1.2482,1.242,1.2346,1.2272,1.2196,1.212,1.2581,1.0752,2.1544,2.1544,2.1544,2.1544,2.1544,2.1544,2.1544,2.1544,2.1544,2.1544,2.1544,2.1544,2.1544,2.1544
2.1572,2.1572,2.1572,2.1572,2.1572,2.1572,2.1572,2.1572,2.1572,2.1572,2.1572,2.1572,2.1572,2.1572,1.0962,1.8833,2.1572,2.1572,2.1572,2.1572,2.1572,2.1572,2.1572,2.1572,2.1572,2.1572,1.7426
2.1601,2.1601,2.1601,2.1601,2.1601,2.1601,2.1601,2.1601,2.1601,2.1601,2.1601,2.1601,2.1601,2.1601,2.1601,2.1601,2.1601,2.1601,2.1601,2.1601,2.1601,2.1601,2.1601,2.1601,2.1601,2.1601,2.1601
1.3896,1.4531,1.4939,1.5029,1.5079,1.5005,1.493,1.4841,1.4751,1.4661,1.457,1.5123,1.613,1.8884,1.5367,2.1629,2.1629,2.1629,2.1629,2.1629,2.1629,2.1629,2.1629,2.1629,2.1629,2.1629,2.1629
1.8689,1.818,1.7853,1.7781,1.7742,1.7801,1.7861,1.7932,1.8004,1.8077,1.8149,1.7706,1.6901,2.1658,2.1658,2.1658,2.1658,2.1658,2.1658,2.1658,2.1658,2.1658,2.1658,1.9091,1.5809,1.2527,0.9244
1.6492,1.7246,1.7731,1.7838,1.7896,1.7809,1.772,1.7614,1.7508,1.74,1.7292,1.3752,2.1686,2.1686,2.1686,2.1686,2.1686,2.1686,2.1686,2.1686,2.1686,2.1686,2.1686,2.1686,2.1686,2.1686,2.1686
2.1715,2.1715,2.1715,2.1715,2.1715,2.1715,2.1715,2.1715,2.1715,2.1715,2.1715,2.1715,2.1715,2.1715,2.1715,2.1715,2.1715,2.1715,2.1715,2.1715,2.1715,2.1715,2.1715,2.1715,2.1715,2.1715,2.1715
2.1744,2.1744,2.1744,2.1744,2.1744,2.1744,2.1744,2.1744,2.1744,2.1744,2.1744,1.4924,2.1744,2.1744,2.1744,2.1744,2.1744,2.1744,2.1744,2.1744,2.1744,2.1744,2.1744,2.1744,2.1744,1.8232,1.3455
1.1037,1.1541,1.1866,1.1937,1.1976,1.1917,1.1858,1.1787,1.1716,1.1644,1.1572,1.2011,1.2811,2.1773,2.1773,2.1773,2.1773,2.1773,2.1773,2.1773,2.1773,2.1773,2.1773,2.1773,2.1773,2.1773,2.1773
2.1802,2.1802,2.1802,2.1802,2.1802,2.1802,2.1802,2.1802,2.1802,2.1802,2.1802,2.1802,2.1152,1.8394,1.494,2.1802,2.1802,2.1802,2.1802,2.1802,2.1802,2.1802,2.1802,2.1802,1.9785,1.5677,1.157
2.1831,2.1831,2.1831,2.1831,2.1831,2.1831,2.1831,2.1831,2.1831,2.1831,2.1831,2.1831,2.1831,2.1831,2.1831,2.1831,2.1831,2.1831,2.1831,2.1831,2.1831,2.1831,2.1831,2.1831,2.1831,2.1831,2.1831
2.0174,2.1096,2.1689,2.182,2.186,2.1784,2.1676,2.1546,2.1416,2.1285,2.1152,2.186,2.186,2.186,2.186,2.186,2.186,2.186,2.186,2.186,2.186,2.186,2.186,2.186,2.186,2.186,2.186
1.899,1.8474,1.8142,1.8068,1.8028,1.8089,1.8149,1.8222,1.8295,1.8368,1.8442,1.7992,1.113,2.1889,2.1889,2.1889,2.1889,2.1889,2.1889,2.1889,2.1889,2.1889,2.1889,1.9399,1.6064,1.2729,0.9394
1.2347,1.2912,1.3275,1.3355,1.3398,1.3333,1.3266,1.3187,1.3108,1.3027,1.2946,1.3438,0.6058,2.1918,2.1918,2.1918,2.1918,2.1918,2.1918,2.1918,2.1918,2.1918,2.1918,2.1918,2.1918,2.1918,2.1918
2.1948,2.1948,2.1948,2.1948,2.1948,2.1948,2.1948,2.1948,2.1948,2.1948,2.1948,2.1948,2.1948,2.1948,2.1948,1.6608,2.1948,2.1948,2.1948,2.1948,2.1948,2.1948,2.1948,2.1948,2.1948,2.1948,2.1948
2.1977,2.1977,2.1977,2.1977,2.1977,2.1977,2.1977,2.1977,2.1977,2.1977,2.1977,2.1977,2.1977,2.1977,2.1977,2.1977,2.1977,2.1977,2.1977,2.1977,2.1977,2.1977,2.1977,2.1977,2.1977,2.1977,2.1977
1.1958,1.2505,1.2856,1.2934,1.2976,1.2912,1.2848,1.2771,1.2694,1.2616,1.2538,1.3014,1.388,0.8237,2.175,2.2007,2.2007,2.2007,2.2007,2.2007,2.2007,2.2007,2.2007,2.2007,2.2007,2.2007,2.2007
1.9155,1.8634,1.8299,1.8225,1.8185,1.8246,1.8307,1.838,1.8453,1.8528,1.8602,1.8148,1.7323,0.8422,2.2036,2.2036,2.2036,2.2036,2.2036,2.2036,2.2036,2.2036,2.2036,1.9567,1.6203,1.2839,0.9475
2.1879,2.2066,2.2066,2.2066,2.2066,2.2066,2.2066,2.2066,2.2066,2.2066,1.9844,1.1516,2.2066,2.2066,2.2066,2.2066,2.2066,2.2066,2.2066,2.2066,2.2066,2.2066,2.2066,2.2066,2.2066,2.2066,2.2066
2.2096,2.2096,2.2096,2.2096,2.2096,2.2096,2.2096,2.2096,2.2096,2.2096,2.2096,2.2096,2.2096,2.2096,2.2096,2.2096,2.2096,2.2096,2.2096,2.2096,2.2096,2.2096,2.2096,2.2096,2.2096,2.2096,2.2096
2.2081,2.148,2.1094,2.1009,2.0962,2.1032,2.1103,2.1187,2.1272,2.1357,2.1443,1.7524,2.2126,2.2126,2.2126,2.2126,2.2126,2.2126,2.2126,2.2126,2.2126,2.2126,2.2126,2.2126,1.8678,1.48,1.0922
1.0887,1.1384,1.1705,1.1775,1.1814,1.1756,1.1697,1.1627,1.1557,1.1486,1.1415,1.1848,1.2637,2.2156,2.2156,2.2156,2.2156,2.2156,2.2156,2.2156,2.2156,2.2156,2.2156,2.2156,2.2156,2.2156,2.2156
2.2186,2.2186,2.2186,2.2186,2.2186,2.2186,2.2186,2.2186,2.2186,2.2186,2.2186,2.2186,2.2186,2.2186,1.1695,2.0091,2.2186,2.2186,2.2186,2.2186,2.2186,2.2186,2.2186,2.2186,2.2186,1.8988,1.4013
2.2216,2.2216,2.2216,2.2216,2.2216,2.2216,2.2216,2.2216,2.2216,2.2216,2.2216,2.2216,2.2216,2.2216,2.2216,2.2216,2.2216,2.2216,2.2216,2.2216,2.2216,2.2216,2.2216,2.2216,2.2216,2.2216,2.2216
1.5116,1.5807,1.6251,1.6349,1.6402,1.6322,1.6241,1.6144,1.6046,1.5948,1.5849,1.6451,1.7546,2.0542,2.2246,2.1897,2.2246,2.2246,2.2246,2.2246,2.2246,2.2246,2.2246,2.2246,2.2246,2.2246,2.2246
1.8035,1.7545,1.7229,1.716,1.7122,1.7179,1.7237,1.7306,1.7375,1.7445,1.7515,1.7087,1.631,2.2276,2.2276,2.2276,2.2276,2.2276,2.2276,2.2276,2.2276,2.2276,2.159,1.8423,1.5256,1.2089,0.8921
1.4031,1.4672,1.5085,1.5176,1.5225,1.5151,1.5075,1.4985,1.4895,1.4803,1.4711,1.527,2.2306,2.2306,2.2306,2.2306,2.2306,2.2306,2.2306,2.2306,2.2306,2.2306,2.2306,2.2306,2.2306,2.2306,2.2306
2.2337,2.2337,2.2337,2.2337,2.2337,2.2337,2.2337,2.2337,2.2337,2.2337,2.2337,2.2337,2.2337,2.2337,2.2337,1.5467,2.1971,2.2337,2.2337,2.2337,2.2337,2.2337,2.2337,2.2337,2.2337,2.2337,2.2337
2.2367,2.2367,2.2367,2.2367,2.2367,2.2367,2.2367,2.2367,2.2367,2.2367,2.0803,2.2367,2.2367,2.2367,2.2367,2.2367,2.2367,2.2367,2.2367,2.2367,2.2367,2.2367,2.2367,2.2367,2.2367,2.0844,1.5383
1.0911,1.141,1.1731,1.1801,1.184,1.1782,1.1723,1.1653,1.1583,1.1512,1.144,1.1875,1.2665,1.1924,2.2398,2.2398,2.2398,2.2398,2.2398,2.2398,2.2398,2.2398,2.2398,2.2398,2.2398,2.2398,2.2398
2.0708,2.0145,1.9783,1.9703,1.9659,1.9725,1.9791,1.987,1.9949,2.003,2.0111,1.962,1.8727,1.6285,1.7666,2.2428,2.2428,2.2428,2.2428,2.2428,2.2428,2.2428,2.2428,2.1153,1.7517,1.388,1.0243
2.2459,2.2459,2.2459,2.2459,2.2459,2.2459,2.2459,2.2459,2.2459,2.2459,1.7718,2.2459,2.2459,2.2459,2.2459,2.2459,2.2459,2.2459,2.2459,2.2459,2.2459,2.2459,2.2459,2.2459,2.2459,2.2459,2.2459
2.249,2.249,2.249,2.249,2.249,2.249,2.249,2.249,2.249,2.249,2.249,2.249,2.249,2.249,2.249,2.249,2.249,2.249,2.249,2.249,2.249,2.249,2.249,2.249,2.249,2.249,2.249
1.9258,1.8734,1.8397,1.8323,1.8282,1.8343,1.8404,1.8478,1.8552,1.8627,1.8702,1.8245,0.9736,2.2521,2.2521,2.2521,2.2521,2.2521,2.2521,2.2521,2.2521,2.2521,2.2521,1.9671,1.629,1.2908,0.9526
1.128,1.1796,1.2128,1.2201,1.2241,1.2181,1.212,1.2048,1.1975,1.1901,1.1828,1.2277,0.7888,2.2552,2.2552,2.2552,2.2552,2.2552,2.2552,2.2552,2.2552,2.2552,2.2552,2.2552,2.2552,2.2552,2.2552
2.2583,2.2583,2.2583,2.2583,2.2583,2.2583,2.2583,2.2583,2.2583,2.2583,2.2583,2.2583,2.2583,2.2583,0.9939,1.7075,2.2583,2.2583,2.2583,2.2583,2.2583,2.2583,2.2583,2.2583,2.2583,2.2583,1.9154
2.2614,2.2614,2.2614,2.2614,2.2614,2.2614,2.2614,2.2614,2.2614,2.2614,2.2614,2.2614,2.2614,2.2614,2.2614,2.2614,2.2614,2.2614,2.2614,2.2614,2.2614,2.2614,2.2614,2.2614,2.2614,2.2614,2.2614
1.2477,1.3048,1.3414,1.3495,1.3539,1.3473,1.3406,1.3326,1.3245,1.3164,1.3082,1.3579,1.4483,1.6956,1.6468,2.2645,2.2645,2.2645,2.2645,2.2645,2.2645,2.2645,2.2645,2.2645,2.2645,2.2645,2.2645
1.7976,1.7487,1.7173,1.7104,1.7066,1.7123,1.718,1.7249,1.7318,1.7388,1.7458,1.7032,1.6257,1.4179,2.2677,2.2677,2.2677,2.2677,2.2677,2.2677,2.2677,2.2677,2.152,1.8363,1.5206,1.2049,0.8892
1.7333,1.8125,1.8635,1.8747,1.8808,1.8716,1.8623,1.8511,1.84,1.8287,1.8173,1.2213,2.2708,2.2708,2.2708,2.2708,2.2708,2.2708,2.2708,2.2708,2.2708,2.2708,2.2708,2.2708,2.2708,2.2708,2.2708
2.274,2.274,2.274,2.274,2.274,2.274,2.274,2.274,2.274,2.274,2.274,2.274,2.274,2.274,2.274,2.274,2.149,2.274,2.274,2.274,2.274,2.274,2.274,2.274,2.274,2.274,2.274
2.2771,2.2771,2.2771,2.2691,2.264,2.2716,2.2771,2.2771,2.2771,2.2771,2.2771,1.4371,2.2771,2.2771,2.2771,2.2771,2.2771,2.2771,2.2771,2.2771,2.2771,2.2771,2.2771,2.2771,2.0173,1.5985,1.1797
1.0471,1.095,1.1258,1.1326,1.1363,1.1307,1.1251,1.1184,1.1116,1.1048,1.0979,1.1396,1.2155,2.2803,2.2803,2.2803,2.2803,2.2803,2.2803,2.2803,2.2803,2.2803,2.2803,2.2803,2.2803,2.2803,2.2803
2.2835,2.2835,2.2817,2.2725,2.2675,2.2751,2.2827,2.2835,2.2835,2.2835,2.2835,2.2629,2.16,1.8783,1.2899,2.2159,2.2835,2.2835,2.2835,2.2835,2.2835,2.2835,2.2835,2.2835,2.0204,1.6009,1.1815
2.2867,2.2867,2.2867,2.2867,2.2867,2.2867,2.2867,2.2867,2.2867,2.2867,2.2867,2.2867,2.2867,2.2867,2.2867,2.2867,2.2867,2.2867,2.2867,2.2867,2.2867,2.2867,2.2867,2.2867,2.2867,2.2867,2.2867
1.709,1.7871,1.8374,1.8484,1.8545,1.8454,1.8362,1.8252,1.8142,1.8031,1.7919,1.86,1.9837,2.2899,2.2899,2.2899,2.2899,2.2899,2.2899,2.2899,2.2899,2.2899,2.2899,2.2899,2.2899,2.2899,2.2899
1.7769,1.7286,1.6975,1.6906,1.6869,1.6925,1.6982,1.705,1.7118,1.7187,1.7256,1.6835,1.5583,2.2931,2.2931,2.2931,2.2931,2.2931,2.2931,2.2931,2.2931,2.2931,2.1271,1.8151,1.503,1.191,0.8789
1.2346,1.291,1.3273,1.3353,1.3397,1.3331,1.3265,1.3186,1.3106,1.3026,1.2945,1.3437,0.6057,2.2963,2.2963,2.2963,2.2963,2.2963,2.2963,2.2963,2.2963,2.2963,2.2963,2.2963,2.2963,2.2963,2.2963
2.2995,2.2995,2.2995,2.2995,2.2995,2.2995,2.2995,2.2995,2.2995,2.2995,2.2995,2.2995,2.2995,2.2995,2.2995,1.5426,2.1913,2.2995,2.2995,2.2995,2.2995,2.2995,2.2995,2.2995,2.2995,2.2995,2.2995
2.3027,2.3027,2.3027,2.3027,2.3027,2.3027,2.3027,2.3027,2.3027,2.3027,2.3027,2.3027,2.3027,2.3027,2.3027,2.3027,2.3027,2.3027,2.3027,2.3027,2.3027,2.3027,2.3027,2.3027,2.3027,2.3027,1.8629
1.1021,1.1525,1.1849,1.192,1.1959,1.19,1.1841,1.177,1.1699,1.1628,1.1555,1.1994,1.2793,0.7592,2.306,2.306,2.306,2.306,2.306,2.306,2.306,2.306,2.306,2.306,2.306,2.306,2.306
1.8831,1.8319,1.7989,1.7917,1.7877,1.7937,1.7997,1.8069,1.8141,1.8214,1.8287,1.7841,1.7029,0.73,2.2527,2.3092,2.3092,2.3092,2.3092,2.3092,2.3092,2.3092,2.2543,1.9236,1.5929,1.2622,0.9315
2.3125,2.3125,2.3125,2.3125,2.3125,2.3125,2.3125,2.3125,2.3125,2.3125,1.8136,1.0524,2.3125,2.3125,2.3125,2.3125,2.3125,2.3125,2.3125,2.3125,2.3125,2.3125,2.3125,2.3125,2.3125,2.3125,2.3125
2.3158,2.3158,2.3158,2.3158,2.3158,2.3158,2.3158,2.3158,2.3158,2.3158,2.3158,2.3158,2.3158,2.3158,2.3158,2.3158,2.3158,2.3158,2.3158,2.3158,2.3158,2.3158,2.3158,2.3158,2.3158,2.3158,2.3158
1.9994,1.945,1.9101,1.9024,1.8982,1.9045,1.9109,1.9185,1.9262,1.9339,1.9417,1.8943,2.319,2.319,2.319,2.319,2.319,2.319,2.319,2.319,2.319,2.319,2.319,2.0424,1.6913,1.3402,0.989
1.0545,1.1027,1.1337,1.1406,1.1443,1.1387,1.133,1.1262,1.1195,1.1126,1.1057,1.1477,1.2203,2.3223,2.3223,2.3223,2.3223,2.3223,2.3223,2.3223,2.3223,2.3223,2.3223,2.3223,2.3223,2.3223,2.3223
2.3256,2.3256,2.3256,2.3256,2.3256,2.3256,2.3256,2.3256,2.3256,2.3256,2.3256,2.3256,2.3256,2.3256,1.0481,1.8005,2.3256,2.3256,2.3256,2.3256,2.3256,2.3256,2.3256,2.3256,2.3256,2.0202,1.4909
2.3289,2.3289,2.3289,2.3289,2.3289,2.3289,2.3289,2.3289,2.3289,2.3289,2.3289,2.3289,2.3289,2.3289,2.3289,2.3289,2.3289,2.3289,2.3289,2.3289,2.3289,2.3289,2.3289,2.3289,2.3289,2.3289,2.3289
1.3385,1.3997,1.439,1.4477,1.4524,1.4453,1.4381,1.4295,1.4209,1.4122,1.4034,1.4567,1.5537,1.819,1.3328,2.2897,2.3322,2.3322,2.3322,2.3322,2.3322,2.3322,2.3322,2.3322,2.3322,2.3322,2.3322
1.7229,1.676,1.6459,1.6392,1.6356,1.6411,1.6466,1.6532,1.6597,1.6664,1.6732,1.6323,1.5581,2.3356,2.3356,2.3356,2.3356,2.3356,2.3356,2.3356,2.3356,2.3356,2.0625,1.7599,1.4574,1.1548,0.8522
1.4464,1.5125,1.555,1.5644,1.5695,1.5618,1.5541,1.5448,1.5355,1.526,1.5165,1.336,2.3389,2.3389,2.3389,2.3389,2.3389,2.3389,2.3389,2.3389,2.3389,2.3389,2.3389,2.3389,2.3389,2.3389,2.3389
2.3422,2.3422,2.3422,2.3422,2.3422,2.3422,2.3422,2.3422,2.3422,2.3422,2.3422,2.3422,2.3422,2.3422,2.3422,1.4674,2.0845,2.3422,2.3422,2.3422,2.3422,2.3422,2.3422,2.3422,2.3422,2.3422,2.3422
2.3456,2.3456,2.3456,2.3456,2.3456,2.3456,2.3456,2.3456,2.3456,2.3456,2.1188,2.3456,2.3456,2.3456,2.3456,2.3456,2.3456,2.3456,2.3456,2.3456,2.3456,2.3456,2.3456,2.3456,2.2577,1.789,1.3202
1.0279,1.0749,1.1051,1.1118,1.1154,1.11,1.1045,1.0978,1.0912,1.0845,1.0778,1.1187,1.1932,1.8476,2.349,2.349,2.349,2.349,2.349,2.349,2.349,2.349,2.349,2.349,2.349,2.349,2.349
2.0872,2.0304,1.9939,1.9858,1.9815,1.9881,1.9947,2.0027,2.0107,2.0188,2.0269,1.9775,1.8875,1.6413,1.4837,2.3523,2.3523,2.3523,2.3523,2.3523,2.3523,2.3523,2.3523,2.132,1.7655,1.399,1.0324
2.3557,2.3557,2.3557,2.3557,2.3557,2.3557,2.3557,2.3557,2.3557,2.3551,1.7705,2.3557,2.3557,2.3557,2.3557,2.3557,2.3557,2.3557,2.3557,2.3557,2.3557,2.3557,2.3557,2.3557,2.3557,2.3557,2.3557
2.0339,2.1269,2.1867,2.1999,2.2071,2.1963,2.1854,2.1723,2.1592,2.1459,2.1326,2.2136,2.3591,2.3591,2.3591,2.3591,2.3591,2.3591,2.3591,2.3591,2.3591,2.3591,2.3591,2.3591,2.3591,2.3591,2.3591
1.7876,1.7389,1.7077,1.7008,1.697,1.7027,1.7084,1.7152,1.7221,1.729,1.736,1.6936,0.9037,2.3625,2.3625,2.3625,2.3625,2.3625,2.3625,2.3625,2.3625,2.3625,2.1399,1.826,1.5121,1.1981,0.8842
1.1169,1.1679,1.2008,1.208,1.212,1.206,1.2,1.1929,1.1857,1.1784,1.1711,1.2156,0.618,2.3659,2.3659,2.3659,2.3659,2.3659,2.3659,2.3659,2.3659,2.3659,2.3659,2.3659,2.3659,2.3659,2.3659
2.3693,2.3693,2.3693,2.3693,2.3693,2.3693,2.3693,2.3693,2.3693,2.3693,2.3693,2.3693,2.3693,2.3693,0.9178,1.5721,2.2332,2.3693,2.3693,2.3693,2.3693,2.3693,2.3693,2.3693,2.3693,2.3693,2.1904
2.3728,2.3728,2.3728,2.3728,2.3728,2.3728,2.3728,2.3728,2.3728,2.3728,2.3728,2.3728,2.3728,2.3728,2.3728,2.3728,2.3728,2.3728,2.3728,2.3728,2.3728,2.3728,2.3728,2.3728,2.3728,2.3728,2.3728
1.1387,1.1907,1.2242,1.2316,1.2356,1.2295,1.2234,1.2161,1.2088,1.2014,1.1939,1.2393,1.3217,0.7844,1.8199,2.3762,2.3762,2.3762,2.3762,2.3762,2.3762,2.3762,2.3762,2.3762,2.3762,2.3762,2.3762
1.7529,1.7052,1.6745,1.6678,1.6641,1.6697,1.6752,1.6819,1.6887,1.6955,1.7023,1.6607,1.5852,0.9315,2.3797,2.3797,2.3797,2.3797,2.3797,2.3797,2.3797,2.3797,2.0984,1.7906,1.4827,1.1749,0.8671
1.8681,1.9535,2.0085,2.0206,2.0272,2.0172,2.0072,1.9952,1.9832,1.971,1.9018,1.1036,2.3831,2.3831,2.3831,2.3831,2.3831,2.3831,2.3831,2.3831,2.3831,2.3831,2.3831,2.3831,2.3831,2.3831,2.3831
2.3866,2.3866,2.3866,2.3866,2.3866,2.3866,2.3866,2.3866,2.3866,2.3866,2.3866,2.3866,2.3866,2.3866,2.3866,2.3866,2.3866,2.3866,2.3866,2.3866,2.3866,2.3866,2.3866,2.3866,2.3866,2.3866,2.3866
2.1311,2.0731,2.0359,2.0277,2.0232,2.0299,2.0367,2.0449,2.053,2.0613,2.0696,1.5192,2.3901,2.3901,2.3901,2.3901,2.3901,2.3901,2.3901,2.3901,2.3901,2.3901,2.3901,2.1769,1.8027,1.4284,1.0542
1.0068,1.0528,1.0824,1.0889,1.0925,1.0871,1.0817,1.0753,1.0688,1.0622,1.0556,1.0957,1.1687,2.3936,2.3936,2.3936,2.3936,2.3936,2.3936,2.3936,2.3936,2.3936,2.3936,2.3936,2.3936,2.3936,2.3936
2.3971,2.3971,2.3748,2.3652,2.36,2.3679,2.3758,2.3853,2.3948,2.3971,2.3971,2.3553,2.2481,1.9549,1.1377,1.9545,2.3971,2.3971,2.3971,2.3971,2.3971,2.3971,2.3971,2.3971,2.1028,1.6662,1.2297
2.4006,2.4006,2.4006,2.4006,2.4006,2.4006,2.4006,2.4006,2.4006,2.4006,2.4006,2.4006,2.4006,2.4006,2.4006,2.4006,2.4006,2.4006,2.4006,2.4006,2.4006,2.4006,2.4006,2.4006,2.4006,2.4006,2.4006
1.484,1.5519,1.5955,1.6051,1.6104,1.6025,1.5945,1.585,1.5754,1.5657,1.556,1.6151,1.7226,2.0168,2.4041,1.9408,2.4041,2.4041,2.4041,2.4041,2.4041,2.4041,2.4041,2.4041,2.4041,2.4041,2.4041
1.6849,1.639,1.6096,1.6031,1.5995,1.6049,1.6102,1.6167,1.6231,1.6297,1.6362,1.5963,1.5237,2.4076,2.4076,2.4076,2.4076,2.4076,2.4076,2.4076,2.4076,2.3128,2.017,1.7211,1.4252,1.1293,0.8334
1.2542,1.3116,1.3484,1.3566,1.361,1.3543,1.3476,1.3395,1.3315,1.3233,1.3151,1.365,0.6154,2.4112,2.4112,2.4112,2.4112,2.4112,2.4112,2.4112,2.4112,2.4112,2.4112,2.4112,2.4112,2.4112,2.4112
2.4147,2.4147,2.4147,2.4147,2.4147,2.4147,2.4147,2.4147,2.4147,2.4147,2.4147,2.4147,2.4147,2.4147,2.4147,1.4523,2.063,2.4147,2.4147,2.4147,2.4147,2.4147,2.4147,2.4147,2.4147,2.4147,2.4147
2.4183,2.4183,2.4183,2.4183,2.4183,2.4183,2.4183,2.4183,2.4183,2.4183,1.8735,2.4183,2.4183,2.4183,2.4183,2.4183,2.4183,2.4183,2.4183,2.4183,2.4183,2.4183,2.4183,2.4183,2.4183,2.0968,1.5474
1.0299,1.077,1.1072,1.1139,1.1175,1.1121,1.1065,1.0999,1.0933,1.0866,1.0798,1.1209,1.1955,0.9011,2.4219,2.4219,2.4219,2.4219,2.4219,2.4219,2.4219,2.4219,2.4219,2.4219,2.4219,2.4219,2.4219
1.8775,1.8264,1.7936,1.7863,1.7824,1.7883,1.7943,1.8015,1.8087,1.816,1.8233,1.7788,1.6979,0.7278,1.8081,2.4255,2.4255,2.4255,2.4255,2.4255,2.4255,2.4255,2.2476,1.9179,1.5881,1.2584,0.9287
2.4291,2.4291,2.4291,2.4291,2.4291,2.4291,2.4291,2.4291,2.4291,2.3895,1.6814,2.4291,2.4291,2.4291,2.4291,2.4291,2.4291,2.4291,2.4291,2.4291,2.4291,2.4291,2.4291,2.4291,2.4291,2.4291,2.4291
2.4327,2.4327,2.4327,2.4327,2.4327,2.4327,2.4327,2.4327,2.4327,2.4327,2.4327,2.4327,2.4327,2.4327,2.4327,2.4327,2.4327,2.4327,2.4327,2.4327,2.4327,2.4327,2.4327,2.4327,2.4327,2.4327,2.4327
1.838,1.788,1.7559,1.7488,1.7449,1.7507,1.7566,1.7636,1.7707,1.7778,1.785,1.7414,2.4363,2.4363,2.4363,2.4363,2.4363,2.4363,2.4363,2.4363,2.4363,2.4363,2.2003,1.8775,1.5547,1.232,0.9092
1.0349,1.0822,1.1126,1.1193,1.123,1.1175,1.1119,1.1053,1.0986,1.0919,1.0851,1.1263,0.8564,2.4399,2.4399,2.4399,2.4399,2.4399,2.4399,2.4399,2.4399,2.4399,2.4399,2.4399,2.4399,2.4399,2.4399
2.4435,2.4435,2.4435,2.4435,2.4435,2.4435,2.4435,2.4435,2.4435,2.4435,2.4435,2.4435,2.4435,2.4435,0.9544,1.6397,2.3292,2.4435,2.4435,2.4435,2.4435,2.4435,2.4435,2.4435,2.4435,2.2079,1.6294
2.4472,2.4472,2.4472,2.4472,2.4472,2.4472,2.4472,2.4472,2.4472,2.4472,2.4472,2.4472,2.4472,2.4472,2.4472,2.4472,2.4472,2.4472,2.4472,2.4472,2.4472,2.4472,2.4472,2.4472,2.4472,2.4472,2.4472
1.2062,1.2613,1.2968,1.3046,1.3089,1.3024,1.296,1.2882,1.2805,1.2726,1.2647,1.3127,1.4001,1.6392,1.4253,2.4485,2.4509,2.4509,2.4509,2.4509,2.4509,2.4509,2.4509,2.4509,2.4509,2.4509,2.4509
1.6667,1.6214,1.5923,1.5858,1.5823,1.5876,1.5929,1.5993,1.6057,1.6121,1.6186,1.5791,1.5073,1.8561,2.4545,2.4545,2.4545,2.4545,2.4545,2.4545,2.4545,2.288,1.9953,1.7026,1.4099,1.1172,0.8245
1.5203,1.5898,1.6345,1.6444,1.6498,1.6417,1.6335,1.6237,1.614,1.604,1.5941,1.1894,2.4582,2.4582,2.4582,2.4582,2.4582,2.4582,2.4582,2.4582,2.4582,2.4582,2.4582,2.4582,2.4582,2.4582,2.4582
2.4619,2.4619,2.4619,2.4619,2.4619,2.4619,2.4619,2.4619,2.4619,2.4619,2.4619,2.4619,2.4619,2.4619,2.4619,2.4619,2.0026,2.4619,2.4619,2.4619,2.4619,2.4619,2.4619,2.4619,2.4619,2.4619,2.4619
2.3424,2.2787,2.2377,2.2287,2.2238,2.2312,2.2387,2.2476,2.2566,2.2657,2.1958,1.2852,2.4656,2.4656,2.4656,2.4656,2.4656,2.4656,2.4656,2.4656,2.4656,2.4656,2.4656,2.3928,1.9814,1.5701,1.1587
0.9807,1.0255,1.0544,1.0607,1.0642,1.059,1.0537,1.0474,1.0411,1.0347,1.0283,1.0673,1.1384,2.4693,2.4693,2.4693,2.4693,2.4693,2.4693,2.4693,2.4693,2.4693,2.4693,2.4693,2.4693,2.4693,2.4693
2.1372,2.0791,2.0417,2.0334,2.029,2.0357,2.0425,2.0507,2.0589,2.0672,2.0755,2.0249,1.9327,1.6807,1.2796,2.1983,2.4731,2.4731,2.4731,2.4731,2.4731,2.4731,2.4731,2.1831,1.8078,1.4325,1.0572
2.4768,2.4768,2.4768,2.4768,2.4768,2.4768,2.4768,2.4768,2.4768,2.4768,2.4768,2.4768,2.4768,2.4768,2.4768,2.4768,2.4768,2.4768,2.4768,2.4768,2.4768,2.4768,2.4768,2.4768,2.4768,2.4768,2.4768
1.7159,1.7943,1.8448,1.8559,1.8619,1.8528,1.8436,1.8326,1.8215,1.8103,1.7991,1.8674,1.9917,2.3319,2.4805,2.4805,2.4805,2.4805,2.4805,2.4805,2.4805,2.4805,2.4805,2.4805,2.4805,2.4805,2.4805
1.6811,1.6353,1.6059,1.5994,1.5959,1.6012,1.6066,1.613,1.6195,1.626,1.6325,1.5927,1.13,2.4843,2.4843,2.4843,2.4843,2.4843,2.4843,2.4843,2.4843,2.3076,2.0124,1.7172,1.422,1.1268,0.8315
1.1212,1.1725,1.2054,1.2127,1.2167,1.2107,1.2047,1.1975,1.1903,1.183,1.1756,1.2203,0.5501,2.4881,2.4881,2.4881,2.4881,2.4881,2.4881,2.4881,2.4881,2.4881,2.4881,2.4881,2.4881,2.4881,2.4881
2.4919,2.4919,2.4919,2.4919,2.4919,2.4919,2.4919,2.4919,2.4919,2.4919,2.4919,2.4919,2.4919,2.4919,2.4919,1.4671,2.084,2.4919,2.4919,2.4919,2.4919,2.4919,2.4919,2.4919,2.4919,2.4919,2.4919
2.4957,2.4957,2.4957,2.4957,2.4957,2.4957,2.4957,2.4957,2.4957,2.4189,2.4957,2.4957,2.4957,2.4957,2.4957,2.4957,2.4957,2.4957,2.4957,2.4957,2.4957,2.4957,2.4957,2.4957,2.4957,2.4957,1.9377
1.0539,1.1021,1.1331,1.1399,1.1436,1.138,1.1324,1.1256,1.1188,1.1119,1.105,1.147,1.2234,0.726,2.0884,2.4995,2.4995,2.4995,2.4995,2.4995,2.4995,2.4995,2.4995,2.4995,2.4995,2.4995,2.4995
1.7311,1.684,1.6537,1.647,1.6434,1.6489,1.6544,1.661,1.6676,1.6744,1.6811,1.6401,1.5655,0.686,2.4116,2.5033,2.5033,2.5033,2.5033,2.5033,2.5033,2.3762,2.0723,1.7683,1.4643,1.1603,0.8563
2.0729,2.1677,2.2286,2.242,2.2494,2.2383,2.2272,2.2139,2.2006,2.187,1.7445,1.0124,2.5071,2.5071,2.5071,2.5071,2.5071,2.5071,2.5071,2.5071,2.5071,2.5071,2.5071,2.5071,2.5071,2.5071,2.5071
2.511,2.511,2.511,2.511,2.511,2.511,2.511,2.511,2.511,2.511,2.511,2.511,2.511,2.511,2.511,2.511,2.511,2.511,2.511,2.511,2.511,2.511,2.511,2.511,2.511,2.511,2.511
1.9355,1.8828,1.849,1.8415,1.8374,1.8436,1.8497,1.8571,1.8646,1.8721,1.8796,1.6446,2.5148,2.5148,2.5148,2.5148,2.5148,2.5148,2.5148,2.5148,2.5148,2.5148,2.317,1.9771,1.6372,1.2973,0.9574
0.9798,1.0246,1.0534,1.0597,1.0632,1.058,1.0527,1.0464,1.0401,1.0337,1.0273,1.0664,1.1373,2.5187,2.5187,2.5187,2.5187,2.5187,2.5187,2.5187,2.5187,2.5187,2.5187,2.5187,2.5187,2.5187,2.5187
2.5226,2.5226,2.5221,2.5119,2.5064,2.5147,2.5226,2.5226,2.5226,2.5226,2.5226,2.5013,2.3875,2.0761,1.0216,1.7551,2.4931,2.5226,2.5226,2.5226,2.5226,2.5226,2.5226,2.5226,2.2332,1.7696,1.3059
2.5264,2.5264,2.5264,2.5264,2.5264,2.5264,2.5264,2.5264,2.5264,2.5264,2.5264,2.5264,2.5264,2.5264,2.5264,2.5264,2.5264,2.5264,2.5264,2.5264,2.5264,2.5264,2.5264,2.5264,2.5264,2.5264,2.5264
1.3151,1.3752,1.4139,1.4224,1.4271,1.4201,1.413,1.4046,1.3961,1.3875,1.3789,1.4313,1.5266,1.7872,1.3045,2.0295,2.5303,2.5303,2.5303,2.5303,2.5303,2.5303,2.5303,2.5303,2.5303,2.5303,2.5303
1.6169,1.573,1.5447,1.5384,1.535,1.5402,1.5453,1.5515,1.5577,1.564,1.5703,1.5319,1.4623,2.5343,2.5343,2.5343,2.5343,2.5343,2.5343,2.5343,2.5035,2.2196,1.9356,1.6517,1.3677,1.0838,0.7998
1.2946,1.3538,1.3919,1.4003,1.4048,1.3979,1.391,1.3827,1.3743,1.3659,1.3574,1.3247,2.5382,2.5382,2.5382,2.5382,2.5382,2.5382,2.5382,2.5382,2.5382,2.5382,2.5382,2.5382,2.5382,2.5382,2.5382
2.5421,2.5421,2.5421,2.5421,2.5421,2.5421,2.5421,2.5421,2.5421,2.5421,2.5421,2.5421,2.5421,2.5421,2.5421,1.384,1.966,2.5421,2.5421,2.5421,2.5421,2.5421,2.5421,2.5421,2.5421,2.5421,2.5421
2.5461,2.5461,2.5461,2.5455,2.5399,2.5461,2.5461,2.5461,2.5461,2.5461,1.9123,2.5461,2.5461,2.5461,2.5461,2.5461,2.5461,2.5461,2.5461,2.5461,2.5461,2.5461,2.5461,2.5461,2.2631,1.7932,1.3234
0.9744,1.0189,1.0476,1.0539,1.0573,1.0521,1.0469,1.0406,1.0344,1.028,1.0216,1.0604,1.131,1.2543,2.55,2.55,2.55,2.55,2.55,2.55,2.55,2.55,2.55,2.55,2.55,2.55,2.55
1.8977,1.846,1.8128,1.8055,1.8015,1.8075,1.8136,1.8209,1.8281,1.8355,1.8429,1.7979,1.7161,1.4923,1.5074,2.554,2.554,2.554,2.554,2.554,2.554,2.554,2.2717,1.9384,1.6052,1.2719,0.9387
2.558,2.558,2.558,2.558,2.558,2.558,2.558,2.558,2.558,2.2438,1.5789,2.558,2.558,2.558,2.558,2.558,2.558,2.558,2.558,2.558,2.558,2.558,2.558,2.558,2.558,2.558,2.558
2.1029,2.199,2.2608,2.2745,2.2819,2.2707,2.2594,2.2459,2.2324,2.2186,2.2049,2.2886,2.441,2.562,2.562,2.562,2.562,2.562,2.562,2.562,2.562,2.562,2.562,2.562,2.562,2.562,2.562
1.7122,1.6656,1.6357,1.6291,1.6255,1.6309,1.6363,1.6429,1.6495,1.6561,1.6628,1.6222,0.8656,2.566,2.566,2.566,2.566,2.566,2.566,2.566,2.566,2.3503,2.0497,1.749,1.4483,1.1476,0.8469
1.0283,1.0753,1.1055,1.1122,1.1158,1.1103,1.1048,1.0982,1.0916,1.0849,1.0782,1.1191,0.6545,2.57,2.57,2.57,2.57,2.57,2.57,2.57,2.57,2.57,2.57,2.57,2.57,2.57,2.57
2.5741,2.5741,2.5741,2.5741,2.5741,2.5741,2.5741,2.5741,2.5741,2.5741,2.5741,2.5741,2.5741,2.5741,0.8815,1.5143,2.1511,2.5741,2.5741,2.5741,2.5741,2.5741,2.5741,2.5741,2.5741,2.4917,1.8389
2.5781,2.5781,2.5781,2.5781,2.5781,2.5781,2.5781,2.5781,2.5781,2.5781,2.5781,2.5781,2.5781,2.5781,2.5781,2.5781,2.5781,2.5781,2.5781,2.5781,2.5781,2.5781,2.5781,2.5781,2.5781,2.5781,2.5781
1.1035,1.1539,1.1863,1.1935,1.1974,1.1915,1.1856,1.1785,1.1714,1.1642,1.157,1.2009,1.2809,1.4996,1.5635,2.5822,2.5822,2.5822,2.5822,2.5822,2.5822,2.5822,2.5822,2.5822,2.5822,2.5822,2.5822
1.6315,1.5871,1.5585,1.5523,1.5488,1.554,1.5592,1.5654,1.5717,1.578,1.5844,1.5457,1.4754,1.0878,2.5863,2.5863,2.5863,2.5863,2.5863,2.5863,2.526,2.2395,1.953,1.6665,1.38,1.0935,0.807
1.6323,1.7069,1.7549,1.7655,1.7713,1.7626,1.7538,1.7433,1.7328,1.7222,1.7115,1.0766,2.5904,2.5904,2.5904,2.5904,2.5904,2.5904,2.5904,2.5904,2.5904,2.5904,2.5904,2.5904,2.5904,2.5904,2.5904
2.5945,2.5945,2.5945,2.5945,2.5945,2.5945,2.5945,2.5945,2.5945,2.5945,2.5945,2.5945,2.5945,2.5945,2.5945,2.5945,2.5945,2.5223,2.5945,2.5945,2.5945,2.5945,2.5945,2.5945,2.5945,2.5945,2.5945
2.0943,2.0374,2.0007,1.9926,1.9882,1.9949,2.0016,2.0096,2.0176,2.0257,2.0339,1.3449,2.5986,2.5986,2.5986,2.5986,2.5986,2.5986,2.5986,2.5986,2.5986,2.5986,2.5071,2.1393,1.7716,1.4038,1.036
0.9465,0.9898,1.0176,1.0237,1.0271,1.022,1.017,1.0109,1.0048,0.9986,0.9924,1.0301,1.0987,2.6027,2.6027,2.6027,2.6027,2.6027,2.6027,2.6027,2.6027,2.6027,2.6027,2.6027,2.6027,2.6027,2.6027
2.2242,2.1637,2.1248,2.1162,2.1116,2.1186,2.1257,2.1342,2.1427,2.1514,2.16,2.1073,2.0115,1.7491,1.1276,1.9371,2.6068,2.6068,2.6068,2.6068,2.6068,2.6068,2.6068,2.272,1.8814,1.4908,1.1002
2.611,2.611,2.611,2.611,2.611,2.611,2.611,2.611,2.611,2.611,2.611,2.611,2.611,2.611,2.611,2.611,2.611,2.611,2.611,2.611,2.611,2.611,2.611,2.611,2.611,2.611,2.611
1.4855,1.5534,1.5971,1.6067,1.6119,1.604,1.5961,1.5865,1.577,1.5673,1.5575,1.6167,1.7243,2.0188,2.469,2.6152,2.4888,2.6152,2.6152,2.6152,2.6152,2.6152,2.6152,2.6152,2.6152,2.6152,2.6152
1.5996,1.5561,1.5281,1.522,1.5186,1.5237,1.5288,1.5349,1.541,1.5472,1.5535,1.5155,1.4466,2.6193,2.6193,2.6193,2.6193,2.6193,2.6193,2.6193,2.4767,2.1958,1.9149,1.634,1.3531,1.0722,0.7913
1.141,1.1932,1.2267,1.2341,1.2381,1.2321,1.226,1.2186,1.2113,1.2038,1.1964,1.2418,0.5598,2.6235,2.6235,2.6235,2.6235,2.6235,2.6235,2.6235,2.6235,2.6235,2.6235,2.6235,2.6235,2.6235,2.6235
2.6277,2.6277,2.6277,2.6277,2.6277,2.6277,2.6277,2.6277,2.6277,2.6277,2.6277,2.6277,2.6277,2.6277,2.6277,1.3858,1.9685,2.551,2.6277,2.6277,2.6277,2.6277,2.6277,2.6277,2.6277,2.6277,2.6277
2.632,2.632,2.632,2.632,2.632,2.632,2.632,2.632,2.632,2.4387,1.8421,2.632,2.632,2.632,2.632,2.632,2.632,2.632,2.632,2.632,2.632,2.632,2.632,2.632,2.632,2.1571,1.5919
0.9878,1.0329,1.062,1.0684,1.0719,1.0666,1.0613,1.055,1.0486,1.0422,1.0357,1.075,1.1466,0.7172,2.5212,2.6362,2.6362,2.6362,2.6362,2.6362,2.6362,2.6362,2.6362,2.6362,2.6362,2.6362,2.6362
1.7304,1.6834,1.6531,1.6464,1.6428,1.6483,1.6538,1.6604,1.667,1.6738,1.6805,1.6395,1.5649,0.6708,1.8986,2.6405,2.6405,2.6405,2.6405,2.6405,2.6405,2.3754,2.0715,1.7676,1.4638,1.1599,0.856
2.3847,2.4938,2.5639,2.5793,2.5877,2.5751,2.5623,2.5469,2.5316,2.3043,1.6215,0.9973,2.6447,2.6447,2.6447,2.6447,2.6447,2.6447,2.6447,2.6447,2.6447,2.6447,2.6447,2.6447,2.6447,2.6447,2.6447
2.649,2.649,2.649,2.649,2.649,2.649,2.649,2.649,2.649,2.649,2.649,2.649,2.649,2.649,2.649,2.649,2.649,2.649,2.649,2.649,2.649,2.649,2.649,2.649,2.649,2.649,2.649
1.7828,1.7343,1.7031,1.6962,1.6925,1.6981,1.7038,1.7106,1.7174,1.7244,1.7313,1.6891,2.6533,2.6533,2.6533,2.6533,2.6533,2.6533,2.6533,2.6533,2.6533,2.4472,2.1342,1.8211,1.508,1.1949,0.8818
0.9645,1.0086,1.0369,1.0432,1.0466,1.0414,1.0363,1.0301,1.0239,1.0176,1.0113,1.0497,0.9704,2.6576,2.6576,2.6576,2.6576,2.6576,2.6576,2.6576,2.6576,2.6576,2.6576,2.6576,2.6576,2.6576,2.6576
2.6619,2.6619,2.6619,2.6619,2.6619,2.6619,2.6619,2.6619,2.6619,2.6619,2.6619,2.6619,2.5935,2.2552,0.9316,1.6004,2.2734,2.6619,2.6619,2.6619,2.6619,2.6619,2.6619,2.6619,2.4258,1.9222,1.4186
2.6662,2.6662,2.6662,2.6662,2.6662,2.6662,2.6662,2.6662,2.6662,2.6662,2.6662,2.6662,2.6662,2.6662,2.6662,2.6662,2.6662,2.6662,2.6662,2.6662,2.6662,2.6662,2.6662,2.6662,2.6662,2.6662,2.6662
1.1855,1.2397,1.2746,1.2822,1.2864,1.2801,1.2738,1.2661,1.2585,1.2508,1.243,1.2902,1.3761,1.6111,1.2592,2.1631,2.6706,2.6706,2.6706,2.6706,2.6706,2.6706,2.6706,2.6706,2.6706,2.6706,2.6706
1.5691,1.5264,1.499,1.4929,1.4896,1.4946,1.4996,1.5056,1.5116,1.5177,1.5238,1.4866,1.419,2.6749,2.6749,2.6749,2.6749,2.6749,2.6749,2.6749,2.4294,2.1539,1.8784,1.6028,1.3273,1.0517,0.7762
1.3588,1.4209,1.4609,1.4697,1.4745,1.4673,1.46,1.4512,1.4425,1.4336,1.4247,1.1783,2.6793,2.6793,2.6793,2.6793,2.6793,2.6793,2.6793,2.6793,2.6793,2.6793,2.6793,2.6793,2.6793,2.6793,2.6793
2.6837,2.6837,2.6837,2.6837,2.6837,2.6837,2.6837,2.6837,2.6837,2.6837,2.6837,2.6837,2.6837,2.6837,2.6837,2.6837,1.8945,2.4551,2.6837,2.6837,2.6837,2.6837,2.6837,2.6837,2.6837,2.6837,2.6837
2.3418,2.2781,2.2371,2.2281,2.2231,2.2306,2.238,2.247,2.2559,2.265,1.9815,1.2849,2.6881,2.6881,2.6881,2.6881,2.6881,2.6881,2.6881,2.6881,2.6881,2.6881,2.6881,2.3921,1.9808,1.5696,1.1584
0.9323,0.9749,1.0023,1.0084,1.0117,1.0067,1.0017,0.9957,0.9897,0.9836,0.9775,1.0147,1.0822,2.2109,2.6925,2.6925,2.6925,2.6925,2.6925,2.6925,2.6925,2.6925,2.6925,2.6925,2.6925,2.6925,2.6925
1.9445,1.8916,1.8576,1.8501,1.846,1.8522,1.8584,1.8658,1.8732,1.8808,1.8884,1.8423,1.7585,1.5291,1.2933,2.2218,2.697,2.697,2.697,2.697,2.697,2.6692,2.3278,1.9863,1.6448,1.3033,0.9618
2.7014,2.7014,2.7014,2.7014,2.7014,2.7014,2.7014,2.7014,2.7014,2.1314,2.7014,2.7014,2.7014,2.7014,2.7014,2.7014,2.7014,2.7014,2.7014,2.7014,2.7014,2.7014,2.7014,2.7014,2.7014,2.7014,2.7014
1.7579,1.8383,1.89,1.9014,1.9076,1.8982,1.8888,1.8775,1.8662,1.8547,1.8432,1.9132,2.0406,2.389,2.7059,2.7059,2.7059,2.7059,2.7059,2.7059,2.7059,2.7059,2.7059,2.7059,2.7059,2.7059,2.7059
1.6141,1.5702,1.542,1.5357,1.5323,1.5375,1.5426,1.5488,1.555,1.5612,1.5675,1.5293,0.8757,2.7103,2.7103,2.7103,2.7103,2.7103,2.7103,2.7103,2.4991,2.2157,1.9322,1.6488,1.3653,1.0819,0.7984
1.0341,1.0814,1.1118,1.1185,1.1221,1.1166,1.1111,1.1045,1.0978,1.091,1.0843,1.1255,0.528,2.7148,2.7148,2.7148,2.7148,2.7148,2.7148,2.7148,2.7148,2.7148,2.7148,2.7148,2.7148,2.7148,2.7148
2.7193,2.7193,2.7193,2.7193,2.7193,2.7193,2.7193,2.7193,2.7193,2.7193,2.7193,2.7193,2.7193,2.7193,0.9065,1.4161,2.0116,2.6069,2.7193,2.7193,2.7193,2.7193,2.7193,2.7193,2.7193,2.7193,2.1632
2.7239,2.7239,2.7239,2.7239,2.7239,2.7239,2.7239,2.7239,2.7239,2.7239,2.7239,2.7239,2.7239,2.7239,2.7239,2.7239,2.7239,2.7239,2.7239,2.7239,2.7239,2.7239,2.7239,2.7239,2.7239,2.7239,2.0706
1.023,1.0697,1.0998,1.1064,1.11,1.1046,1.0991,1.0925,1.0859,1.0793,1.0726,1.1133,1.1874,0.7047,1.7688,2.7284,2.7284,2.7284,2.7284,2.7284,2.7284,2.7284,2.7284,2.7284,2.7284,2.7284,2.7284
1.6148,1.5709,1.5427,1.5364,1.5331,1.5382,1.5433,1.5495,1.5557,1.5619,1.5682,1.53,1.4604,0.7607,2.6739,2.7329,2.7329,2.7329,2.7329,2.7329,2.5003,2.2167,1.9331,1.6496,1.366,1.0824,0.7988
1.7958,1.8779,1.9307,1.9423,1.9486,1.9391,1.9295,1.9179,1.9064,1.8946,1.7034,0.9885,2.7375,2.7375,2.7375,2.7375,2.7375,2.7375,2.7375,2.7375,2.7375,2.7375,2.7375,2.7375,2.7375,2.7375,2.7375
2.7421,2.7421,2.7421,2.7421,2.7421,2.7421,2.7421,2.7421,2.7421,2.7421,2.7421,2.7421,2.7421,2.7421,2.7421,2.7421,2.7421,2.7421,2.7421,2.7421,2.7421,2.7421,2.7421,2.7421,2.7421,2.7421,2.7421
1.9024,1.8506,1.8174,1.81,1.806,1.8121,1.8181,1.8254,1.8327,1.8401,1.8475,1.4485,2.7467,2.7467,2.7467,2.7467,2.7467,2.7467,2.7467,2.7467,2.7467,2.6114,2.2774,1.9433,1.6092,1.2751,0.941
0.9234,0.9656,0.9928,0.9987,1.002,0.9971,0.9921,0.9862,0.9803,0.9742,0.9682,1.005,1.0719,2.7513,2.7513,2.7513,2.7513,2.7513,2.7513,2.7513,2.7513,2.7513,2.7513,2.7513,2.7513,2.7513,2.7513
2.3554,2.2913,2.2501,2.241,2.2361,2.2435,2.2511,2.2601,2.2691,2.2782,2.2874,2.2316,2.1301,1.8523,1.0116,1.7379,2.4686,2.7559,2.7559,2.7559,2.7559,2.7559,2.7559,2.406,1.9924,1.5787,1.1651
2.7606,2.7606,2.7606,2.7606,2.7606,2.7606,2.7606,2.7606,2.7606,2.7606,2.7606,2.7606,2.7606,2.7606,2.7606,2.7606,2.7606,2.7606,2.7606,2.7606,2.7606,2.7606,2.7606,2.7606,2.7606,2.7606,2.7606
1.3132,1.3733,1.4119,1.4204,1.425,1.418,1.411,1.4026,1.3941,1.3855,1.3769,1.4292,1.5244,1.7847,2.1827,1.8296,2.599,2.7652,2.7652,2.7652,2.7652,2.7652,2.7652,2.7652,2.7652,2.7652,2.7652
1.5387,1.4969,1.47,1.464,1.4608,1.4657,1.4706,1.4765,1.4823,1.4883,1.4943,1.4578,1.3915,2.7699,2.7699,2.7699,2.7699,2.7699,2.7699,2.6526,2.3824,2.1122,1.842,1.5718,1.3016,1.0314,0.7611
1.1774,1.2312,1.2659,1.2735,1.2776,1.2714,1.2651,1.2575,1.2499,1.2422,1.2345,1.2814,2.7746,2.7746,2.7746,2.7746,2.7746,2.7746,2.7746,2.7746,2.7746,2.7746,2.7746,2.7746,2.7746,2.7746,2.7746
2.7793,2.7793,2.7793,2.7793,2.7793,2.7793,2.7793,2.7793,2.7793,2.7793,2.7793,2.7793,2.7793,2.7793,2.7793,1.3235,1.88,2.4363,2.7793,2.7793,2.7793,2.7793,2.7793,2.7793,2.7793,2.7793,2.7793
2.7314,2.6571,2.6093,2.5988,2.593,2.6017,2.6104,2.6208,2.6313,2.4905,1.7525,2.784,2.784,2.784,2.784,2.784,2.784,2.784,2.784,2.784,2.784,2.784,2.784,2.784,2.3104,1.8308,1.3511
0.9364,0.9792,1.0067,1.0128,1.0161,1.0111,1.0061,1.0001,0.994,0.9879,0.9818,1.0191,1.0869,0.935,2.7888,2.7888,2.7888,2.7888,2.7888,2.7888,2.7888,2.7888,2.7888,2.7888,2.7888,2.7888,2.7888
1.7508,1.7031,1.6725,1.6658,1.6621,1.6676,1.6732,1.6799,1.6866,1.6934,1.7002,1.6587,1.5833,0.6787,1.5629,2.685,2.7935,2.7935,2.7935,2.7935,2.7107,2.4033,2.0958,1.7884,1.4809,1.1735,0.866
2.7983,2.7983,2.7983,2.7983,2.7983,2.7983,2.7983,2.7983,2.7983,2.1674,1.5251,2.7983,2.7983,2.7983,2.7983,2.7983,2.7983,2.7983,2.7983,2.7983,2.7983,2.7983,2.7983,2.7983,2.7983,2.7983,2.7983
2.2261,2.3278,2.3933,2.4077,2.4156,2.4037,2.3918,2.3775,2.3631,2.3486,2.334,2.4227,2.584,2.8031,2.8031,2.8031,2.8031,2.8031,2.8031,2.8031,2.8031,2.8031,2.8031,2.8031,2.8031,2.8031,2.8031
1.6628,1.6176,1.5885,1.5821,1.5786,1.5838,1.5891,1.5955,1.6019,1.6083,1.6148,1.5754,0.8407,2.8079,2.8079,2.8079,2.8079,2.8079,2.8079,2.8079,2.5745,2.2826,1.9906,1.6985,1.4065,1.1145,0.8225
0.9599,1.0038,1.032,1.0382,1.0416,1.0365,1.0313,1.0252,1.019,1.0127,1.0064,1.0447,0.714,2.8127,2.8127,2.8127,2.8127,2.8127,2.8127,2.8127,2.8127,2.8127,2.8127,2.8127,2.8127,2.8127,2.8127
2.8175,2.8175,2.8175,2.8175,2.8175,2.8175,2.8175,2.8175,2.8175,2.8175,2.8175,2.8175,2.8175,2.5161,0.861,1.4791,2.1011,2.7229,2.8175,2.8175,2.8175,2.8175,2.8175,2.8175,2.7065,2.1446,1.5827
2.8224,2.8224,2.8224,2.8224,2.8224,2.8224,2.8224,2.8224,2.8224,2.8224,2.8224,2.8224,2.8224,2.8224,2.8224,2.8224,2.8224,2.8224,2.8224,2.8224,2.8224,2.8224,2.8224,2.8224,2.8224,2.8224,2.8224
1.0846,1.1341,1.166,1.1731,1.1769,1.1711,1.1653,1.1583,1.1514,1.1443,1.1372,1.1804,1.2589,1.4739,1.3715,2.3561,2.8273,2.8273,2.8273,2.8273,2.8273,2.8273,2.8273,2.8273,2.8273,2.8273,2.8273
1.5388,1.4969,1.47,1.4641,1.4608,1.4657,1.4706,1.4765,1.4824,1.4884,1.4944,1.4579,1.3916,1.3667,2.8322,2.8322,2.8322,2.8322,2.8322,2.6527,2.3825,2.1123,1.8421,1.5718,1.3016,1.0314,0.7612
1.4525,1.5189,1.5616,1.5711,1.5762,1.5685,1.5607,1.5513,1.542,1.5325,1.523,1.0655,2.8371,2.8371,2.8371,2.8371,2.8371,2.8371,2.8371,2.8371,2.8371,2.8371,2.8371,2.8371,2.8371,2.8371,2.8371
2.842,2.842,2.842,2.842,2.842,2.842,2.842,2.842,2.842,2.842,2.842,2.842,2.842,2.842,2.842,2.842,1.8447,2.3907,2.842,2.842,2.842,2.842,2.842,2.842,2.842,2.842,2.842
2.0892,2.0323,1.9958,1.9877,1.9833,1.99,1.9966,2.0046,2.0126,2.0207,2.0289,1.2106,2.8469,2.8469,2.8469,2.8469,2.8469,2.8469,2.8469,2.8469,2.8469,2.8469,2.5009,2.1341,1.7672,1.4003,1.0334
0.9014,0.9427,0.9692,0.975,0.9782,0.9734,0.9686,0.9628,0.957,0.9511,0.9452,0.9811,1.0464,2.8519,2.8519,2.8519,2.8519,2.8519,2.8519,2.8519,2.8519,2.8519,2.8519,2.8519,2.8519,2.8519,2.8519
2.0211,1.9661,1.9307,1.9229,1.9187,1.9251,1.9315,1.9393,1.947,1.9549,1.9627,1.9148,1.8277,1.5893,1.1352,1.9501,2.7701,2.8568,2.8568,2.8568,2.8568,2.7743,2.4194,2.0645,1.7096,1.3547,0.9997
2.8618,2.8618,2.8618,2.8618,2.8618,2.8618,2.8618,2.8618,2.8618,2.8618,2.8618,2.8618,2.8618,2.8618,2.8618,2.8618,2.8618,2.8618,2.8618,2.8618,2.8618,2.8618,2.8618,2.8618,2.8618,2.8618,2.8618
1.512,1.5811,1.6256,1.6353,1.6407,1.6326,1.6245,1.6148,1.6051,1.5952,1.5853,1.6455,1.7551,2.0548,2.5131,2.8668,2.3928,2.8668,2.8668,2.8668,2.8668,2.8668,2.8668,2.8668,2.8668,2.8668,2.8668
1.5383,1.4965,1.4695,1.4636,1.4604,1.4653,1.4702,1.476,1.4819,1.4879,1.4939,1.4574,1.2093,2.8719,2.8719,2.8719,2.8719,2.8719,2.8719,2.6518,2.3818,2.1116,1.8415,1.5714,1.3012,1.0311,0.7609
1.0526,1.1007,1.1317,1.1385,1.1422,1.1366,1.131,1.1242,1.1174,1.1106,1.1037,1.1456,0.5164,2.8769,2.8769,2.8769,2.8769,2.8769,2.8769,2.8769,2.8769,2.8769,2.8769,2.8769,2.8769,2.8769,2.8769
2.882,2.882,2.882,2.882,2.882,2.882,2.882,2.882,2.882,2.882,2.882,2.882,2.882,2.882,2.882,1.3393,1.9025,2.4656,2.882,2.882,2.882,2.882,2.882,2.882,2.882,2.882,2.7001
2.887,2.887,2.887,2.887,2.887,2.887,2.887,2.887,2.887,2.2641,2.887,2.887,2.887,2.887,2.887,2.887,2.887,2.887,2.887,2.887,2.887,2.887,2.887,2.887,2.8598,2.2661,1.6724
0.9597,1.0035,1.0318,1.038,1.0414,1.0363,1.0311,1.0249,1.0188,1.0125,1.0062,1.0444,1.114,0.6611,2.083,2.8921,2.8921,2.8921,2.8921,2.8921,2.8921,2.8921,2.8921,2.8921,2.8921,2.8921,2.8921
1.6159,1.572,1.5437,1.5375,1.5341,1.5392,1.5443,1.5505,1.5567,1.563,1.5693,1.531,1.4613,0.6264,2.0448,2.8973,2.8973,2.8973,2.8973,2.7856,2.5019,2.2182,1.9344,1.6506,1.3669,1.0831,0.7993
2.0353,2.1283,2.1882,2.2014,2.2086,2.1977,2.1868,2.1737,2.1606,2.1474,1.5841,0.9193,2.9024,2.9024,2.9024,2.9024,2.9024,2.9024,2.9024,2.9024,2.9024,2.9024,2.9024,2.9024,2.9024,2.9024,2.9024
2.9075,2.9075,2.9075,2.9075,2.9075,2.9075,2.9075,2.9075,2.9075,2.9075,2.9075,2.9075,2.9075,2.9075,2.9075,2.9075,2.9075,2.9075,2.9075,2.9075,2.9075,2.9075,2.9075,2.9075,2.9075,2.9075,2.9075
1.7521,1.7044,1.6738,1.667,1.6633,1.6689,1.6745,1.6812,1.6879,1.6947,1.7015,1.5972,2.9127,2.9127,2.9127,2.9127,2.9127,2.9127,2.9127,2.9127,2.7127,2.4051,2.0974,1.7897,1.4821,1.1744,0.8667
0.9102,0.9518,0.9786,0.9845,0.9877,0.9828,0.9779,0.9721,0.9662,0.9603,0.9543,0.9906,1.0565,2.9179,2.9179,2.9179,2.9179,2.9179,2.9179,2.9179,2.9179,2.9179,2.9179,2.9179,2.9179,2.9179,2.9179
2.5432,2.4741,2.4296,2.4198,2.4144,2.4225,2.4306,2.4403,2.45,2.4599,2.4698,2.4096,2.2999,2.0,0.9216,1.5832,2.249,2.9145,2.9231,2.9231,2.9231,2.9231,2.9231,2.5979,2.1513,1.7046,1.258
2.9283,2.9283,2.9283,2.9283,2.9283,2.9283,2.9283,2.9283,2.9283,2.9283,2.9283,2.9283,2.9283,2.9283,2.9283,2.9283,2.9283,2.9283,2.9283,2.9283,2.9283,2.9283,2.9283,2.9283,2.9283,2.9283,2.9283
1.1814,1.2355,1.2702,1.2778,1.282,1.2757,1.2694,1.2618,1.2542,1.2465,1.2387,1.2858,1.3714,1.6056,1.1719,1.9427,2.7596,2.9336,2.9336,2.9336,2.9336,2.9336,2.9336,2.9336,2.9336,2.9336,2.9336
1.4953,1.4546,1.4285,1.4227,1.4196,1.4243,1.4291,1.4348,1.4405,1.4463,1.4521,1.4167,1.3523,2.9388,2.9388,2.9388,2.9388,2.9388,2.84,2.5777,2.3152,2.0526,1.79,1.5274,1.2648,1.0023,0.7397
1.233,1.2893,1.3256,1.3336,1.3379,1.3314,1.3248,1.3168,1.3089,1.3009,1.2928,1.1842,2.9441,2.9441,2.9441,2.9441,2.9441,2.9441,2.9441,2.9441,2.9441,2.9441,2.9441,2.9441,2.9441,2.9441,2.9441
2.9494,2.9494,2.9494,2.9494,2.9494,2.9494,2.9494,2.9494,2.9494,2.9494,2.9494,2.9494,2.9494,2.9494,2.9494,1.277,1.814,2.3509,2.8865,2.9494,2.9494,2.9494,2.9494,2.9494,2.9494,2.9494,2.9494
2.3773,2.3126,2.271,2.2619,2.2569,2.2644,2.272,2.2811,2.2902,2.2994,1.8136,2.9547,2.9547,2.9547,2.9547,2.9547,2.9547,2.9547,2.9547,2.9547,2.9547,2.9547,2.8458,2.4284,2.0109,1.5934,1.1759
0.897,0.938,0.9644,0.9702,0.9734,0.9686,0.9638,0.958,0.9523,0.9464,0.9405,0.9763,1.0412,1.4013,2.9601,2.9601,2.9601,2.9601,2.9601,2.9601,2.9601,2.9601,2.9601,2.9601,2.9601,2.9601,2.9601
1.7931,1.7443,1.7129,1.706,1.7023,1.7079,1.7137,1.7205,1.7274,1.7344,1.7413,1.6988,1.6216,1.4101,1.3291,2.2833,2.9654,2.9654,2.9654,2.9654,2.7762,2.4614,2.1465,1.8316,1.5167,1.2018,0.887
2.9708,2.9708,2.9708,2.9708,2.9708,2.9708,2.9708,2.9708,2.6715,2.0608,1.4501,2.9708,2.9708,2.9708,2.9708,2.9708,2.9708,2.9708,2.9708,2.9708,2.9708,2.9708,2.9708,2.9708,2.9708,2.9708,2.9708
1.8351,1.919,1.9729,1.9848,1.9913,1.9815,1.9717,1.9599,1.9481,1.9361,1.9241,1.9972,2.1301,2.4939,2.9762,2.9762,2.9762,2.9762,2.9762,2.9762,2.9762,2.9762,2.9762,2.9762,2.9762,2.9762,2.9762
1.5686,1.5259,1.4985,1.4925,1.4892,1.4941,1.4991,1.5051,1.5111,1.5172,1.5233,1.4862,0.7931,2.9816,2.9816,2.9816,2.9816,2.9816,2.9792,2.7041,2.4287,2.1532,1.8778,1.6023,1.3269,1.0514,0.7759
0.9657,1.0099,1.0383,1.0445,1.048,1.0428,1.0376,1.0314,1.0252,1.0189,1.0126,1.0511,0.5629,2.9871,2.9871,2.9871,2.9871,2.9871,2.9871,2.9871,2.9871,2.9871,2.9871,2.9871,2.9871,2.9871,2.9871
2.9925,2.9925,2.9925,2.9925,2.9925,2.9925,2.9925,2.9925,2.9925,2.9925,2.9925,2.9925,2.9925,2.9035,0.8054,1.3836,1.9654,2.547,2.9925,2.9925,2.9925,2.9925,2.9925,2.9925,2.9925,2.4747,1.8263
2.998,2.998,2.998,2.998,2.998,2.998,2.998,2.998,2.732,2.998,2.998,2.998,2.998,2.998,2.998,2.998,2.998,2.998,2.998,2.998,2.998,2.998,2.998,2.998,2.998,2.998,2.2763
1.0052,1.0511,1.0807,1.0872,1.0908,1.0854,1.08,1.0736,1.0671,1.0605,1.0539,1.094,1.1668,1.366,1.5329,2.6334,3.0035,3.0035,3.0035,3.0035,3.0035,3.0035,3.0035,3.0035,3.0035,3.0035,3.0035
1.5244,1.483,1.4563,1.4504,1.4472,1.4521,1.4569,1.4628,1.4686,1.4745,1.4805,1.4443,1.3786,0.8788,3.009,3.009,3.009,3.009,2.8953,2.628,2.3603,2.0926,1.8249,1.5572,1.2895,1.0218,0.7541
1.5855,1.658,1.7046,1.7149,1.7205,1.712,1.7035,1.6934,1.6832,1.6728,1.6624,0.9774,3.0145,3.0145,3.0145,3.0145,3.0145,3.0145,3.0145,3.0145,3.0145,3.0145,3.0145,3.0145,3.0145,3.0145,3.0145
3.0201,3.0201,3.0201,3.0201,3.0201,3.0201,3.0201,3.0201,3.0201,3.0201,3.0201,3.0201,3.0201,3.0201,3.0201,3.0201,3.0201,2.3513,2.887,3.0201,3.0201,3.0201,3.0201,3.0201,3.0201,3.0201,3.0201
1.8941,1.8426,1.8095,1.8022,1.7982,1.8042,1.8102,1.8175,1.8247,1.8321,1.8395,1.2971,3.0257,3.0257,3.0257,3.0257,3.0257,3.0257,3.0257,3.0257,2.9327,2.6001,2.2675,1.9348,1.6022,1.2696,0.9369
0.8803,0.9206,0.9464,0.9521,0.9553,0.9506,0.9459,0.9402,0.9345,0.9288,0.923,0.9581,1.0219,3.0313,3.0313,3.0313,3.0313,3.0313,3.0313,3.0313,3.0313,3.0313,3.0313,3.0313,3.0313,3.0313,3.0313
2.1331,2.075,2.0377,2.0295,2.025,2.0318,2.0386,2.0467,2.0549,2.0632,2.0715,2.0209,1.929,1.6774,1.0152,1.744,2.4774,3.0369,3.0369,3.0369,3.0369,2.9281,2.5535,2.1789,1.8043,1.4297,1.0551
3.0425,3.0425,3.0425,3.0425,3.0425,3.0425,3.0425,3.0425,3.0425,3.0425,3.0425,3.0425,3.0425,3.0425,3.0425,3.0425,3.0425,3.0425,3.0425,3.0425,3.0425,3.0425,3.0425,3.0425,3.0425,3.0425,3.0425
1.3301,1.3909,1.43,1.4386,1.4433,1.4362,1.4291,1.4205,1.412,1.4033,1.3946,1.4476,1.5439,1.8075,2.2107,1.7172,2.3757,3.0482,3.0482,3.0482,3.0482,3.0482,3.0482,3.0482,3.0482,3.0482,3.0482
1.481,1.4407,1.4148,1.4091,1.406,1.4107,1.4154,1.4211,1.4267,1.4325,1.4383,1.4032,1.3393,3.0539,3.0539,3.0539,3.0539,3.0539,2.8129,2.5531,2.2931,2.033,1.7729,1.5128,1.2528,0.9927,0.7326
1.0849,1.1345,1.1664,1.1734,1.1772,1.1715,1.1656,1.1587,1.1517,1.1446,1.1375,1.1807,0.5323,3.0596,3.0596,3.0596,3.0596,3.0596,3.0596,3.0596,3.0596,3.0596,3.0596,3.0596,3.0596,3.0596,3.0596
3.0653,3.0653,3.0653,3.0653,3.0653,3.0653,3.0653,3.0653,3.0653,3.0653,3.0653,3.0653,3.0653,3.0653,3.0653,1.28,1.8182,2.3563,2.8932,3.0653,3.0653,3.0653,3.0653,3.0653,3.0653,3.0653,3.0653
2.8362,2.759,2.7094,2.6985,2.6925,2.7015,2.7105,2.7214,2.7322,2.3108,1.6261,3.071,3.071,3.071,3.071,3.071,3.071,3.071,3.071,3.071,3.071,3.071,3.071,2.8971,2.3991,1.901,1.4029
0.9101,0.9517,0.9785,0.9844,0.9876,0.9828,0.9779,0.972,0.9662,0.9602,0.9543,0.9905,1.0565,0.739,2.5978,3.0768,3.0768,3.0768,3.0768,3.0768,3.0768,3.0768,3.0768,3.0768,3.0768,3.0768,3.0768
1.6347,1.5902,1.5616,1.5553,1.5519,1.5571,1.5623,1.5685,1.5748,1.5811,1.5875,1.5488,1.4783,0.6337,1.6526,2.8391,3.0826,3.0826,3.0826,2.818,2.531,2.2439,1.9569,1.6698,1.3827,1.0957,0.8086
2.3983,2.508,2.5785,2.594,2.6025,2.5897,2.5769,2.5615,2.546,2.1176,1.4901,3.0884,3.0884,3.0884,3.0884,3.0884,3.0884,3.0884,3.0884,3.0884,3.0884,3.0884,3.0884,3.0884,3.0884,3.0884,3.0884
2.4143,2.5247,2.5957,2.6113,2.6198,2.607,2.594,2.5785,2.563,2.5472,2.5314,2.6276,2.8025,3.0942,3.0942,3.0942,3.0942,3.0942,3.0942,3.0942,3.0942,3.0942,3.0942,3.0942,3.0942,3.0942,3.0942
1.6336,1.5892,1.5606,1.5543,1.5508,1.556,1.5612,1.5675,1.5737,1.5801,1.5864,1.5477,3.1001,3.1001,3.1001,3.1001,3.1001,3.1001,3.1001,2.8161,2.5293,2.2425,1.9556,1.6687,1.3818,1.0949,0.8081
0.9062,0.9477,0.9743,0.9802,0.9834,0.9786,0.9737,0.9679,0.9621,0.9561,0.9502,0.9863,0.805,3.106,3.106,3.106,3.106,3.106,3.106,3.106,3.106,3.106,3.106,3.106,3.106,3.106,3.106
2.8093,2.7329,2.6837,2.6729,2.667,2.6759,2.6849,2.6956,2.7064,2.7173,2.7282,2.6616,2.5405,2.2092,0.8509,1.4618,2.0765,2.691,3.1119,3.1119,3.1119,3.1119,3.1119,2.8697,2.3763,1.883,1.3896
3.1178,3.1178,3.1178,3.1178,3.1178,3.1178,3.1178,3.1178,3.1178,3.1178,3.1178,3.1178,3.1178,3.1178,3.1178,3.1178,3.1178,3.1178,3.1178,3.1178,3.1178,3.1178,3.1178,3.1178,3.1178,3.1178,3.1178
1.0789,1.1282,1.16,1.167,1.1708,1.165,1.1592,1.1523,1.1454,1.1383,1.1313,1.1742,1.2524,1.4662,1.2235,2.102,2.9858,3.1237,3.1237,3.1237,3.1237,3.1237,3.1237,3.1237,3.1237,3.1237,3.1237
1.4673,1.4274,1.4017,1.3961,1.393,1.3977,1.4023,1.4079,1.4136,1.4193,1.425,1.3902,1.327,1.9355,3.1297,3.1297,3.1297,3.0442,2.7869,2.5295,2.2719,2.0142,1.7565,1.4989,1.2412,0.9835,0.7258
1.3121,1.3721,1.4107,1.4192,1.4238,1.4168,1.4098,1.4013,1.3929,1.3843,1.3757,1.0678,3.1357,3.1357,3.1357,3.1357,3.1357,3.1357,3.1357,3.1357,3.1357,3.1357,3.1357,3.1357,3.1357,3.1357,3.1357
3.1417,3.1417,3.1417,3.1417,3.1417,3.1417,3.1417,3.1417,3.1417,3.1417,3.1417,3.1417,3.1417,3.1417,3.1417,3.1417,1.7675,2.2906,2.8124,3.1417,3.1417,3.1417,3.1417,3.1417,3.1417,3.1417,3.1417
2.1116,2.0541,2.0172,2.009,2.0046,2.0113,2.018,2.0261,2.0342,2.0424,1.9036,1.1586,3.1477,3.1477,3.1477,3.1477,3.1477,3.1477,3.1477,3.1477,3.1477,2.8986,2.5278,2.1569,1.7861,1.4153,1.0445
0.8678,0.9075,0.933,0.9386,0.9417,0.9371,0.9324,0.9268,0.9213,0.9156,0.9099,0.9445,1.0073,3.0147,3.1538,3.1538,3.1538,3.1538,3.1538,3.1538,3.1538,3.1538,3.1538,3.1538,3.1538,3.1538,3.1538
1.86,1.8095,1.7769,1.7697,1.7658,1.7717,1.7777,1.7848,1.7919,1.7991,1.8064,1.7623,1.6821,1.4627,1.159,1.991,2.8282,3.1599,3.1599,3.1599,2.8799,2.5533,2.2267,1.9,1.5734,1.2467,0.9201
3.166,3.166,3.166,3.166,3.166,3.166,3.166,3.1523,2.5658,3.166,3.166,3.166,3.166,3.166,3.166,3.166,3.166,3.166,3.166,3.166,3.166,3.166,3.166,3.166,3.166,3.166,3.166
1.5629,1.6343,1.6803,1.6904,1.6959,1.6876,1.6792,1.6692,1.6591,1.6489,1.6387,1.701,1.8142,2.124,2.5977,3.0651,3.1721,3.1721,3.1721,3.1721,3.1721,3.1721,3.1721,3.1721,3.1721,3.1721,3.1721
1.4953,1.4546,1.4284,1.4227,1.4195,1.4243,1.429,1.4348,1.4405,1.4463,1.4521,1.4167,0.9217,3.1783,3.1783,3.1783,3.1783,3.1022,2.8399,2.5777,2.3151,2.0526,1.79,1.5274,1.2648,1.0022,0.7396
0.9824,1.0273,1.0562,1.0625,1.066,1.0608,1.0555,1.0492,1.0429,1.0365,1.03,1.0692,0.482,3.1845,3.1845,3.1845,3.1845,3.1845,3.1845,3.1845,3.1845,3.1845,3.1845,3.1845,3.1845,3.1845,3.1845
3.1907,3.1907,3.1907,3.1907,3.1907,3.1907,3.1907,3.1907,3.1907,3.1907,3.1907,3.1907,3.1907,3.1907,2.7033,1.3085,1.8587,2.4087,2.9575,3.1907,3.1907,3.1907,3.1907,3.1907,3.1907,2.9899,2.2065
3.1969,3.1969,3.1969,3.1969,3.1969,3.1969,3.1969,3.1969,2.7556,2.1257,3.1969,3.1969,3.1969,3.1969,3.1969,3.1969,3.1969,3.1969,3.1969,3.1969,3.1969,3.1969,3.1969,3.1969,3.0684,2.4314,1.7944
0.9426,0.9857,1.0134,1.0195,1.0228,1.0178,1.0127,1.0067,1.0006,0.9945,0.9883,1.0258,1.0941,0.6493,1.7704,3.0414,3.2031,3.2031,3.2031,3.2031,3.2031,3.2031,3.2031,3.2031,3.2031,3.2031,3.2031
1.5254,1.484,1.4573,1.4514,1.4482,1.453,1.4579,1.4637,1.4695,1.4755,1.4814,1.4453,1.3795,0.644,2.2637,3.2094,3.2094,3.1648,2.8972,2.6297,2.3618,2.094,1.8261,1.5582,1.2903,1.0225,0.7546
1.7747,1.8558,1.908,1.9195,1.9257,1.9163,1.9068,1.8954,1.884,1.8724,1.5648,0.9081,3.2157,3.2157,3.2157,3.2157,3.2157,3.2157,3.2157,3.2157,3.2157,3.2157,3.2157,3.2157,3.2157,3.2157,3.2157
3.222,3.222,3.222,3.222,3.222,3.222,3.222,3.222,3.222,3.222,3.222,3.222,3.222,3.222,3.222,3.222,3.222,3.222,2.8672,3.222,3.222,3.222,3.222,3.222,3.222,3.222,3.222
1.7415,1.6941,1.6637,1.657,1.6533,1.6588,1.6644,1.671,1.6777,1.6845,1.6913,1.4183,3.2284,3.2284,3.2284,3.2284,3.2284,3.2284,3.2284,3.0022,2.6964,2.3906,2.0848,1.7789,1.4731,1.1673,0.8614
0.868,0.9076,0.9332,0.9388,0.9419,0.9372,0.9326,0.927,0.9214,0.9158,0.9101,0.9446,1.0075,3.2347,3.2347,3.2347,3.2347,3.2347,3.2347,3.2347,3.2347,3.2347,3.2347,3.2347,3.2347,3.2347,3.2347
2.29,2.2277,2.1877,2.1788,2.174,2.1813,2.1886,2.1973,2.2061,2.215,2.2239,2.1696,2.0709,1.8008,0.9224,1.5846,2.251,2.9171,3.2411,3.2411,3.2411,3.1435,2.7414,2.3392,1.9371,1.5349,1.1328
3.2476,3.2476,3.2476,3.2476,3.2476,3.2476,3.2476,3.2476,3.2476,3.2476,3.2476,3.2476,3.2476,3.2476,3.2476,3.2476,3.2476,3.2476,3.2476,3.2476,3.2476,3.2476,3.2476,3.2476,3.2476,3.2476,3.2476
1.1919,1.2464,1.2814,1.2891,1.2933,1.287,1.2806,1.2729,1.2653,1.2575,1.2497,1.2972,1.3835,1.6198,1.1823,1.7688,2.5126,3.254,3.254,3.254,3.254,3.254,3.254,3.254,3.254,3.254,3.254
1.4396,1.4005,1.3753,1.3697,1.3667,1.3713,1.3758,1.3814,1.3869,1.3925,1.3981,1.3639,1.3019,3.2605,3.2605,3.2605,3.2368,2.9867,2.7342,2.4817,2.229,1.9762,1.7234,1.4706,1.2177,0.9649,0.7121
1.133,1.1848,1.2181,1.2254,1.2294,1.2234,1.2173,1.21,1.2027,1.1953,1.1879,1.2058,3.267,3.267,3.267,3.267,3.267,3.267,3.267,3.267,3.267,3.267,3.267,3.267,3.267,3.267,3.267
3.2735,3.2735,3.2735,3.2735,3.2735,3.2735,3.2735,3.2735,3.2735,3.2735,3.2735,3.2735,3.2735,3.2735,3.2735,1.2353,1.7548,2.274,2.7921,3.2735,3.2735,3.2735,3.2735,3.2735,3.2735,3.2735,3.2735
2.4477,2.3812,2.3383,2.3289,2.3238,2.3315,2.3393,2.3487,2.358,2.3676,1.6796,3.2801,3.2801,3.2801,3.2801,3.2801,3.2801,3.2801,3.2801,3.2801,3.2801,3.2801,2.9302,2.5003,2.0705,1.6406,1.2108
0.8719,0.9117,0.9374,0.943,0.9461,0.9415,0.9368,0.9312,0.9256,0.9199,0.9142,0.9489,1.0121,1.0114,3.2867,3.2867,3.2867,3.2867,3.2867,3.2867,3.2867,3.2867,3.2867,3.2867,3.2867,3.2867,3.2867
1.6722,1.6267,1.5974,1.591,1.5875,1.5928,1.5981,1.6045,1.6109,1.6174,1.6239,1.5843,1.5122,1.315,1.3878,2.3841,3.2933,3.2933,3.1759,2.8826,2.589,2.2954,2.0018,1.7081,1.4145,1.1208,0.8271
2.9875,3.1241,3.2119,3.2313,3.2418,3.2259,3.2099,3.1907,2.6095,2.013,1.4165,3.2999,3.2999,3.2999,3.2999,3.2999,3.2999,3.2999,3.2999,3.2999,3.2999,3.2999,3.2999,3.2999,3.2999,3.2999,3.2999
1.9518,2.041,2.0984,2.111,2.1179,2.1075,2.0971,2.0845,2.072,2.0592,2.0464,2.1242,2.2656,2.6524,3.2441,3.3066,3.3066,3.3066,3.3066,3.3066,3.3066,3.3066,3.3066,3.3066,3.3066,3.3066,3.3066
1.5402,1.4983,1.4713,1.4654,1.4621,1.467,1.4719,1.4778,1.4837,1.4897,1.4957,1.4592,0.7787,3.3132,3.3132,3.3132,3.3132,3.1953,2.9252,2.655,2.3846,2.1142,1.8437,1.5733,1.3028,1.0323,0.7618
0.9114,0.9531,0.9799,0.9858,0.989,0.9841,0.9792,0.9734,0.9675,0.9616,0.9556,0.9919,0.6144,3.32,3.32,3.32,3.32,3.32,3.32,3.32,3.32,3.32,3.32,3.32,3.32,3.32,3.32
3.1916,3.1047,3.0489,3.0366,3.0299,3.04,3.0502,3.0624,3.0746,3.087,3.0994,3.0238,2.8862,2.5098,0.7951,1.366,1.9404,2.5146,3.0875,3.3267,3.3267,3.3267,3.3267,3.2602,2.6997,2.1392,1.5787
3.3335,3.3335,3.3335,3.3335,3.3335,3.3335,3.3335,3.1844,3.3335,3.3335,3.3335,3.3335,3.3335,3.3335,3.3335,3.3335,3.3335,3.3335,3.3335,3.3335,3.3335,3.3335,3.3335,3.3335,3.3335,3.3335,2.5855
0.9983,1.044,1.0733,1.0798,1.0833,1.078,1.0726,1.0662,1.0598,1.0533,1.0467,1.0865,1.1588,1.3567,1.3535,2.3251,3.3029,3.3403,3.3403,3.3403,3.3403,3.3403,3.3403,3.3403,3.3403,3.3403,3.3403
1.4536,1.414,1.3886,1.383,1.38,1.3846,1.3892,1.3948,1.4003,1.406,1.4116,1.3772,1.3145,1.0719,3.3471,3.3471,3.2682,3.0157,2.7607,2.5058,2.2506,1.9953,1.7401,1.4848,1.2296,0.9743,0.719
1.422,1.487,1.5289,1.5381,1.5431,1.5355,1.5279,1.5188,1.5096,1.5003,1.491,0.9772,3.3539,3.3539,3.3539,3.3539,3.3539,3.3539,3.3539,3.3539,3.3539,3.3539,3.3539,3.3539,3.3539,3.3539,3.3539
3.3608,3.3608,3.3608,3.3608,3.3608,3.3608,3.3608,3.3608,3.3608,3.3608,3.3608,3.3608,3.3608,3.3608,3.3608,3.3608,1.7384,2.2529,2.7661,3.2794,3.3608,3.3608,3.3608,3.3608,3.3608,3.3608,3.3608
1.9076,1.8557,1.8224,1.815,1.811,1.8171,1.8231,1.8304,1.8377,1.8451,1.8526,1.1777,3.3677,3.3677,3.3677,3.3677,3.3677,3.3677,3.3677,3.2885,2.9536,2.6186,2.2836,1.9486,1.6136,1.2786,0.9436
0.8475,0.8862,0.9111,0.9166,0.9196,0.9151,0.9106,0.9051,0.8997,0.8941,0.8886,0.9223,0.9837,3.3747,3.3747,3.3747,3.3747,3.3747,3.3747,3.3747,3.3747,3.3747,3.3747,3.3747,3.3747,3.3747,3.3747
1.9562,1.903,1.8687,1.8612,1.8571,1.8633,1.8695,1.877,1.8845,1.8921,1.8997,1.8534,1.769,1.5383,1.0312,1.7715,2.5164,3.2611,3.3816,3.3722,3.0287,2.6853,2.3417,1.9982,1.6547,1.3112,0.9676
3.3886,3.3886,3.3886,3.3886,3.3886,3.3886,3.3886,3.3886,3.3886,3.3886,3.3886,3.3886,3.3886,3.3886,3.3886,3.3886,3.3886,3.3886,3.3886,3.3886,3.3886,3.3886,3.3886,3.3886,3.3886,3.3886,3.3886
1.3648,1.4272,1.4674,1.4762,1.481,1.4737,1.4664,1.4577,1.4489,1.44,1.431,1.4854,1.5843,1.8548,2.2685,2.6767,2.1971,2.8473,3.3956,3.3956,3.3956,3.3956,3.3956,3.3956,3.3956,3.3956,3.3956
1.4393,1.4002,1.375,1.3694,1.3664,1.371,1.3756,1.3811,1.3866,1.3922,1.3978,1.3637,1.3016,3.4027,3.4027,3.4027,3.2361,2.9861,2.7337,2.4812,2.2285,1.9758,1.723,1.4703,1.2175,0.9647,0.712
1.0107,1.0569,1.0866,1.0931,1.0967,1.0913,1.0859,1.0794,1.0729,1.0663,1.0597,1.1,0.4959,3.4098,3.4098,3.4098,3.4098,3.4098,3.4098,3.4098,3.4098,3.4098,3.4098,3.4098,3.4098,3.4098,3.4098
3.4169,3.4169,3.4169,3.4169,3.4169,3.4169,3.4169,3.4169,3.4169,3.4169,3.4169,3.4169,3.4169,3.4169,3.4169,1.25,1.7757,2.3011,2.8254,3.3496,3.4169,3.4169,3.4169,3.4169,3.4169,3.4169,2.8569
2.9946,2.9132,2.8608,2.8492,2.8429,2.8524,2.862,2.8734,2.8089,2.1668,3.424,3.424,3.424,3.424,3.424,3.424,3.424,3.424,3.424,3.424,3.424,3.424,3.424,3.059,2.5331,2.0072,1.4813
0.8933,0.9341,0.9604,0.9662,0.9693,0.9646,0.9598,0.9541,0.9483,0.9425,0.9366,0.9722,1.0369,0.6153,2.138,3.4312,3.4312,3.4312,3.4312,3.4312,3.4312,3.4312,3.4312,3.4312,3.4312,3.4312,3.4312
1.5419,1.4999,1.4729,1.467,1.4638,1.4687,1.4736,1.4795,1.4854,1.4914,1.4974,1.4608,1.3944,0.5977,1.7835,3.0638,3.4384,3.1989,2.9284,2.658,2.3873,2.1165,1.8458,1.575,1.3042,1.0335,0.7627
2.0507,2.1445,2.2048,2.2181,2.2253,2.2144,2.2034,2.1902,2.177,2.0895,1.4703,0.8576,3.4456,3.4456,3.4456,3.4456,3.4456,3.4456,3.4456,3.4456,3.4456,3.4456,3.4456,3.4456,3.4456,3.4456,3.4456
2.6903,2.8133,2.8924,2.9098,2.9193,2.905,2.8906,2.8733,2.856,2.8384,2.8208,2.9279,3.1228,3.4529,3.4529,3.4529,3.4529,3.4529,3.4529,3.4529,3.4529,3.4529,3.4529,3.4529,3.4529,3.4529,3.4529
1.6212,1.5771,1.5487,1.5424,1.539,1.5442,1.5493,1.5555,1.5617,1.568,1.5744,1.5359,3.4602,3.4602,3.4602,3.4602,3.4602,3.3634,3.079,2.7947,2.51,2.2254,1.9407,1.656,1.3713,1.0866,0.8019
0.8639,0.9034,0.9288,0.9344,0.9374,0.9328,0.9282,0.9226,0.9171,0.9114,0.9058,0.9402,0.9457,3.4675,3.4675,3.4675,3.4675,3.4675,3.4675,3.4675,3.4675,3.4675,3.4675,3.4675,3.4675,3.4675,3.4675
2.5075,2.4393,2.3955,2.3858,2.3805,2.3885,2.3965,2.4061,2.4157,2.4254,2.4352,2.3757,2.2677,1.9719,0.8497,1.4598,2.0736,2.6872,3.2994,3.4749,3.4749,3.4421,3.0018,2.5614,2.1211,1.6807,1.2404
3.4823,3.4823,3.4823,3.4823,3.4823,3.4823,3.4823,3.4823,3.4823,3.4823,3.4823,3.4823,3.4823,3.4823,3.4823,3.4823,3.4823,3.4823,3.4823,3.4823,3.4823,3.4823,3.4823,3.4823,3.4823,3.4823,3.4823
1.0849,1.1345,1.1664,1.1734,1.1773,1.1715,1.1657,1.1587,1.1517,1.1447,1.1375,1.1808,1.2594,1.4744,1.1072,1.902,2.7018,3.4897,3.4897,3.4897,3.4897,3.4897,3.4897,3.4897,3.4897,3.4897,3.4897
1.4123,1.3739,1.3492,1.3438,1.3408,1.3453,1.3498,1.3552,1.3606,1.3661,1.3716,1.3381,1.2772,3.4971,3.4971,3.4205,3.1755,2.9301,2.6824,2.4347,2.1867,1.9387,1.6907,1.4427,1.1947,0.9466,0.6986
1.2003,1.2552,1.2905,1.2983,1.3025,1.2961,1.2897,1.282,1.2743,1.2664,1.2586,1.0823,3.5046,3.5046,3.5046,3.5046,3.5046,3.5046,3.5046,3.5046,3.5046,3.5046,3.5046,3.5046,3.5046,3.5046,3.5046
3.5121,3.5121,3.5121,3.5121,3.5121,3.5121,3.5121,3.5121,3.5121,3.5121,3.5121,3.5121,3.5121,3.5121,3.5121,1.2968,1.7093,2.2151,2.7198,3.2245,3.5121,3.5121,3.5121,3.5121,3.5121,3.5121,3.5121
2.1602,2.1015,2.0637,2.0554,2.0508,2.0577,2.0646,2.0728,2.0811,2.0895,1.7573,3.5197,3.5197,3.5197,3.5197,3.5197,3.5197,3.5197,3.5197,3.5197,3.3447,2.9654,2.586,2.2067,1.8273,1.4479,1.0686
0.8432,0.8817,0.9065,0.912,0.915,0.9105,0.906,0.9005,0.8951,0.8896,0.8841,0.9177,0.9788,1.6703,3.5272,3.5272,3.5272,3.5272,3.5272,3.5272,3.5272,3.5272,3.5272,3.5272,3.5272,3.5272,3.5272
1.7306,1.6835,1.6532,1.6465,1.6429,1.6484,1.6539,1.6605,1.6671,1.6739,1.6806,1.6396,1.565,1.3609,1.1991,2.06,2.9262,3.5348,3.2868,2.9833,2.6794,2.3756,2.0717,1.7678,1.4638,1.1599,0.856
3.5425,3.5425,3.5425,3.5425,3.5425,3.5425,3.5425,3.0775,2.5049,1.9323,3.5425,3.5425,3.5425,3.5425,3.5425,3.5425,3.5425,3.5425,3.5425,3.5425,3.5425,3.5425,3.5425,3.5425,3.5425,3.5425,3.5425
1.6401,1.7151,1.7633,1.7739,1.7797,1.771,1.7622,1.7517,1.7411,1.7304,1.7197,1.785,1.9038,2.2289,2.7261,3.2166,3.5502,3.5502,3.5502,3.5502,3.5502,3.5502,3.5502,3.5502,3.5502,3.5502,3.5502
1.467,1.4271,1.4014,1.3958,1.3927,1.3973,1.402,1.4076,1.4133,1.419,1.4247,1.3899,0.7417,3.5579,3.5579,3.5529,3.2984,3.0436,2.7863,2.5289,2.2714,2.0138,1.7562,1.4985,1.2409,0.9833,0.7257
0.9259,0.9682,0.9955,1.0015,1.0047,0.9998,0.9948,0.9889,0.9829,0.9769,0.9708,1.0077,0.4966,3.5656,3.5656,3.5656,3.5656,3.5656,3.5656,3.5656,3.5656,3.5656,3.5656,3.5656,3.5656,3.5656,3.5656
3.5734,3.5734,3.5734,3.5734,3.5713,3.5734,3.5734,3.5734,3.5734,3.5734,3.5734,3.5642,3.402,2.9583,0.7797,1.2904,1.833,2.3754,2.9166,3.4578,3.5734,3.5734,3.5734,3.5734,3.1821,2.5215,1.8608
3.5812,3.5812,3.5812,3.5812,3.5812,3.5812,3.5812,3.2089,2.6119,3.5812,3.5812,3.5812,3.5812,3.5812,3.5812,3.5812,3.5812,3.5812,3.5812,3.5812,3.5812,3.5812,3.5812,3.5812,3.3687,2.6693,1.9699
0.9347,0.9774,1.0049,1.0109,1.0142,1.0092,1.0042,0.9982,0.9922,0.9861,0.98,1.0172,1.0849,0.6438,1.5387,2.6434,3.589,3.589,3.589,3.589,3.589,3.589,3.589,3.589,3.589,3.589,3.589
1.4535,1.414,1.3885,1.3829,1.3799,1.3845,1.3891,1.3947,1.4003,1.4059,1.4116,1.3771,1.3145,0.7366,2.5892,3.5202,3.2681,3.0156,2.7606,2.5057,2.2505,1.9953,1.74,1.4848,1.2295,0.9742,0.719
1.5748,1.6468,1.6931,1.7033,1.7089,1.7005,1.692,1.6819,1.6718,1.6615,1.5609,0.9058,3.6048,3.6048,3.6048,3.6048,3.6048,3.6048,3.6048,3.6048,3.6048,3.6048,3.6048,3.6048,3.6048,3.6048,3.6048
3.6128,3.6128,3.6128,3.6128,3.6128,3.6128,3.6128,3.6128,3.6128,3.6128,3.6128,3.6128,3.6128,3.6128,3.6128,3.6128,3.6128,2.2362,2.7457,3.2552,3.6128,3.6128,3.6128,3.6128,3.6128,3.6128,3.6128
1.7487,1.7011,1.6705,1.6638,1.6601,1.6656,1.6712,1.6779,1.6846,1.6914,1.6982,1.2782,3.6208,3.6208,3.6208,3.6208,3.6208,3.6208,3.3212,3.0145,2.7075,2.4004,2.0933,1.7863,1.4792,1.1721,0.865
0.8352,0.8734,0.8979,0.9033,0.9063,0.9018,0.8974,0.892,0.8866,0.8812,0.8757,0.909,0.9695,3.6288,3.6288,3.6288,3.6288,3.6288,3.6288,3.6288,3.6288,3.6288,3.6288,3.6288,3.6288,3.6288,3.6288
2.0888,2.032,1.9954,1.9874,1.983,1.9896,1.9963,2.0043,2.0123,2.0204,2.0285,1.979,1.889,1.6426,0.9331,1.603,2.2771,2.9509,3.6232,3.6008,3.2341,2.8673,2.5005,2.1337,1.7669,1.4,1.0332
3.6449,3.6449,3.6449,3.6449,3.6449,3.6449,3.6449,3.6449,3.6449,3.6449,3.6449,3.6449,3.6449,3.6449,3.6449,3.6449,3.6449,3.6449,3.6449,3.6449,3.6449,3.6449,3.6449,3.6449,3.6449,3.6449,3.6449
1.2161,1.2717,1.3075,1.3153,1.3196,1.3132,1.3066,1.2988,1.291,1.2831,1.2751,1.3235,1.4116,1.6527,2.0213,1.6294,2.3145,2.9995,3.6531,3.6531,3.6531,3.6531,3.6531,3.6531,3.6531,3.6531,3.6531
1.3983,1.3603,1.3358,1.3304,1.3275,1.3319,1.3364,1.3417,1.3471,1.3525,1.358,1.3248,1.2646,3.6612,3.6354,3.3865,3.144,2.9011,2.6558,2.4105,2.165,1.9195,1.6739,1.4284,1.1828,0.9373,0.6917
1.0524,1.1005,1.1314,1.1383,1.142,1.1364,1.1307,1.124,1.1172,1.1103,1.1034,1.1454,0.5163,3.6694,3.6694,3.6694,3.6694,3.6694,3.6694,3.6694,3.6694,3.6694,3.6694,3.6694,3.6694,3.6694,3.6694
3.6777,3.6777,3.6777,3.6777,3.6777,3.6777,3.6777,3.6777,3.6777,3.6777,3.6777,3.6777,3.6777,3.6777,3.6777,1.2056,1.7125,2.2193,2.7249,3.2305,3.6777,3.6777,3.6777,3.6777,3.6777,3.6777,3.6777
2.5553,2.4858,2.4411,2.4312,2.4258,2.4339,2.4421,2.4519,2.4616,2.2333,1.5715,3.6859,3.6859,3.6859,3.6859,3.6859,3.6859,3.6859,3.6859,3.6859,3.6859,3.5076,3.0589,2.6102,2.1615,1.7127,1.264
0.855,0.8941,0.9192,0.9248,0.9278,0.9232,0.9187,0.9132,0.9077,0.9021,0.8965,0.9305,0.9925,0.7854,2.761,3.6943,3.6943,3.6943,3.6943,3.6943,3.6943,3.6943,3.6943,3.6943,3.6943,3.6943,3.6943
1.5746,1.5318,1.5042,1.4981,1.4948,1.4998,1.5048,1.5109,1.5169,1.523,1.5292,1.4918,1.424,0.6104,1.4726,2.5297,3.5403,3.2668,2.9906,2.7144,2.4379,2.1615,1.885,1.6084,1.3319,1.0554,0.7789
2.4749,2.5881,2.6608,2.6769,2.6856,2.6724,2.6592,2.6432,2.5719,1.984,1.3961,3.711,3.711,3.711,3.711,3.711,3.711,3.711,3.711,3.711,3.711,3.711,3.711,3.711,3.711,3.711,3.711
2.1175,2.2143,2.2766,2.2903,2.2978,2.2865,2.2751,2.2615,2.2479,2.2341,2.2202,2.3046,2.458,2.8777,3.5195,3.7194,3.7194,3.7194,3.7194,3.7194,3.7194,3.7194,3.7194,3.7194,3.7194,3.7194,3.7194
1.5261,1.4845,1.4578,1.452,1.4488,1.4536,1.4585,1.4643,1.4701,1.4761,1.482,1.4458,0.7715,3.7279,3.7279,3.6959,3.4312,3.1661,2.8984,2.6307,2.3628,2.0948,1.8268,1.5589,1.2909,1.0229,0.7549
0.8679,0.9076,0.9331,0.9387,0.9418,0.9372,0.9325,0.9269,0.9214,0.9157,0.91,0.9446,0.6888,3.7364,3.7364,3.7364,3.7364,3.7364,3.7364,3.7364,3.7364,3.7364,3.7364,3.7364,3.7364,3.7364,3.7364
2.8121,2.7356,2.6864,2.6755,2.6696,2.6785,2.6875,2.6983,2.709,2.7199,2.7309,2.6643,2.543,2.2114,0.7924,1.3612,1.9336,2.5058,3.0767,3.6476,3.7449,3.7449,3.3663,2.8725,2.3787,1.8848,1.391
3.7535,3.7535,3.7535,3.7535,3.7535,3.7535,3.6151,3.7535,3.7535,3.7535,3.7535,3.7535,3.7535,3.7535,3.7535,3.7535,3.7535,3.7535,3.7535,3.7535,3.7535,3.7535,3.7535,3.7535,3.7535,3.7535,3.0614
1.0011,1.0468,1.0763,1.0828,1.0863,1.081,1.0756,1.0692,1.0627,1.0562,1.0496,1.0895,1.162,1.3605,1.2137,2.0851,2.9619,3.7621,3.7621,3.7621,3.7621,3.7621,3.7621,3.7621,3.7621,3.7621,3.7621
1.3981,1.3601,1.3356,1.3302,1.3273,1.3317,1.3362,1.3415,1.3469,1.3523,1.3577,1.3246,1.2643,1.4197,3.6348,3.386,3.1435,2.9006,2.6554,2.4101,2.1647,1.9192,1.6737,1.4282,1.1826,0.9371,0.6916
1.2925,1.3516,1.3896,1.398,1.4025,1.3956,1.3887,1.3804,1.3721,1.3637,1.3552,0.9867,3.7795,3.7795,3.7795,3.7795,3.7795,3.7795,3.7795,3.7795,3.7795,3.7795,3.7795,3.7795,3.7795,3.7795,3.7795
3.7882,3.7882,3.7882,3.7882,3.7882,3.7882,3.7882,3.7882,3.7882,3.7882,3.7882,3.7882,3.7882,3.7882,3.7882,3.7882,1.68,2.1772,2.6732,3.1692,3.6652,3.7882,3.7882,3.7882,3.7882,3.7882,3.7882
1.9417,1.8889,1.8549,1.8475,1.8434,1.8495,1.8557,1.8632,1.8706,1.8781,1.8646,1.0821,3.797,3.797,3.797,3.797,3.797,3.797,3.6879,3.3473,3.0064,2.6654,2.3245,1.9835,1.6425,1.3015,0.9605
0.8229,0.8605,0.8847,0.89,0.8929,0.8885,0.8841,0.8788,0.8735,0.8682,0.8628,0.8955,0.9551,3.8058,3.8058,3.8058,3.8058,3.8058,3.8058,3.8058,3.8058,3.8058,3.8058,3.8058,3.8058,3.8058,3.8058
1.8135,1.7641,1.7324,1.7254,1.7216,1.7274,1.7331,1.7401,1.747,1.7541,1.7611,1.7182,1.64,1.4261,1.0595,1.8202,2.5856,3.3507,3.4443,3.1262,2.8078,2.4894,2.1709,1.8525,1.534,1.2155,0.897
3.8236,3.8236,3.8236,3.8236,3.8236,3.8236,3.5364,2.9817,3.8236,3.8236,3.8236,3.8236,3.8236,3.8236,3.8236,3.8236,3.8236,3.8236,3.8236,3.8236,3.8236,3.8236,3.8236,3.8236,3.8236,3.8236,3.8236
1.4184,1.4832,1.5249,1.5341,1.5391,1.5315,1.5239,1.5148,1.5057,1.4964,1.4871,1.5437,1.6464,1.9275,2.3575,2.7817,3.1952,2.66,3.266,3.8325,3.8325,3.8325,3.8325,3.8325,3.8325,3.8325,3.8325
1.4108,1.3724,1.3477,1.3423,1.3393,1.3438,1.3483,1.3537,1.3591,1.3645,1.37,1.3366,1.0041,3.8415,3.6677,3.4166,3.1719,2.9269,2.6794,2.432,2.1843,1.9366,1.6888,1.4411,1.1933,0.9456,0.6978
0.9506,0.9941,1.022,1.0282,1.0315,1.0265,1.0214,1.0153,1.0091,1.0029,0.9967,1.0346,0.4664,3.8505,3.8505,3.8505,3.8505,3.8505,3.8505,3.8505,3.8505,3.8505,3.8505,3.8505,3.8505,3.8505,3.8505
3.8596,3.8596,3.8596,3.8596,3.8596,3.8596,3.8596,3.8596,3.8596,3.8596,3.8596,3.8596,3.8596,3.6745,2.8317,1.2312,1.749,2.2666,2.783,3.2993,3.8156,3.8596,3.8596,3.8596,3.8596,3.1319,2.3113
3.2177,3.1301,3.0738,3.0614,3.0547,3.0649,3.0751,3.0874,2.6581,2.0504,3.8687,3.8687,3.8687,3.8687,3.8687,3.8687,3.8687,3.8687,3.8687,3.8687,3.8687,3.8687,3.8519,3.2868,2.7218,2.1567,1.5916
0.8844,0.9249,0.9509,0.9566,0.9597,0.955,0.9503,0.9446,0.9389,0.9331,0.9273,0.9626,1.0266,0.6092,1.8134,3.1152,3.8779,3.8779,3.8779,3.8779,3.8779,3.8779,3.8779,3.8779,3.8779,3.8779,3.8779
1.4672,1.4273,1.4016,1.396,1.3929,1.3976,1.4022,1.4078,1.4135,1.4192,1.4249,1.3901,1.3269,0.5687,1.9687,3.382,3.2989,3.044,2.7867,2.5293,2.2717,2.0141,1.7564,1.4988,1.2411,0.9834,0.7258
1.7913,1.8731,1.9258,1.9374,1.9437,1.9342,1.9246,1.9131,1.9016,1.8899,1.4638,0.8494,3.8963,3.8963,3.8963,3.8963,3.8963,3.8963,3.8963,3.8963,3.8963,3.8963,3.8963,3.8963,3.8963,3.8963,3.8963
3.0974,3.239,3.3301,3.3502,3.3611,3.3446,3.328,3.3081,3.2882,3.268,3.2477,3.3711,3.5954,3.9056,3.9056,3.9056,3.9056,3.9056,3.9056,3.2607,3.7709,3.9056,3.9056,3.9056,3.9056,3.9056,3.9056
1.6236,1.5794,1.551,1.5447,1.5413,1.5465,1.5516,1.5578,1.5641,1.5704,1.5767,1.4168,3.9149,3.9149,3.9149,3.9149,3.6504,3.3683,3.0836,2.7988,2.5137,2.2287,1.9436,1.6584,1.3733,1.0882,0.8031
0.8305,0.8684,0.8928,0.8982,0.9012,0.8967,0.8923,0.8869,0.8816,0.8762,0.8707,0.9038,0.964,3.9113,3.9243,3.9243,3.9243,3.9243,3.9243,3.9243,3.9243,3.9243,3.9243,3.9243,3.9243,3.9243,3.9243
2.2695,2.2078,2.1681,2.1594,2.1546,2.1618,2.169,2.1777,2.1864,2.1952,2.204,2.1502,2.0524,1.7847,0.8566,1.4716,2.0904,2.709,3.3262,3.9124,3.5139,3.1154,2.7169,2.3183,1.9198,1.5212,1.1226
3.9432,3.9432,3.9432,3.9432,3.9432,3.9432,3.9432,3.9432,3.9432,3.9432,3.9432,3.9432,3.9432,3.9432,3.9432,3.9432,3.9432,3.9432,3.9432,3.9432,3.9432,3.9432,3.9432,3.9432,3.9432,3.9432,3.9432
1.1019,1.1523,1.1847,1.1918,1.1957,1.1898,1.1839,1.1769,1.1698,1.1626,1.1554,1.1992,1.2791,1.4975,1.093,1.7421,2.4747,3.207,3.9377,3.9527,3.9527,3.9527,3.9527,3.9527,3.9527,3.9527,3.9527
1.3706,1.3334,1.3094,1.3041,1.3012,1.3055,1.3099,1.3152,1.3204,1.3257,1.3311,1.2986,1.2395,3.8106,3.5634,3.3195,3.0817,2.8436,2.6032,2.3628,2.1222,1.8815,1.6408,1.4001,1.1594,0.9187,0.678
1.1102,1.161,1.1936,1.2008,1.2047,1.1988,1.1928,1.1857,1.1786,1.1713,1.164,1.1088,3.9719,3.9719,3.9719,3.9719,3.9719,3.9719,3.9719,3.9719,3.9719,3.9719,3.9719,3.9719,3.9719,3.9719,3.9719
3.9815,3.9815,3.9815,3.9815,3.9815,3.9815,3.9815,3.9815,3.9815,3.9815,3.9815,3.9815,3.9815,3.9815,3.9815,1.1732,1.6666,2.1598,2.6518,3.1439,3.6358,3.9815,3.9815,3.9815,3.9815,3.9815,3.9815
2.2361,2.1753,2.1362,2.1275,2.1228,2.1299,2.1371,2.1456,2.1542,2.1629,1.6388,3.9912,3.9912,3.9912,3.9912,3.9912,3.9912,3.9912,3.9912,3.8548,3.4622,3.0695,2.6769,2.2842,1.8915,1.4988,1.1061
0.826,0.8638,0.888,0.8934,0.8963,0.8919,0.8875,0.8822,0.8769,0.8715,0.8661,0.899,0.9588,1.1402,4.001,4.001,4.001,4.001,4.001,4.001,4.001,4.001,4.001,4.001,4.001,4.001,4.001
1.6254,1.5812,1.5528,1.5465,1.5431,1.5482,1.5534,1.5596,1.5659,1.5722,1.5785,1.54,1.4699,1.2782,1.2572,2.1597,3.0679,3.3722,3.0871,2.802,2.5166,2.2312,1.9458,1.6604,1.3749,1.0895,0.804
3.1874,3.3331,3.4268,3.4474,3.4587,3.4417,3.4247,3.0294,2.4657,1.9021,1.3384,4.0206,4.0206,4.0206,4.0206,4.0206,4.0206,4.0206,4.0206,4.0206,4.0206,4.0206,4.0206,4.0206,4.0206,4.0206,4.0206
1.7482,1.8281,1.8795,1.8908,1.897,1.8877,1.8783,1.8671,1.8559,1.8444,1.833,1.9026,2.0293,2.3758,2.9057,3.4285,3.9382,4.0305,4.0305,4.0305,4.0305,4.0305,4.0305,4.0305,4.0305,4.0305,4.0305
1.4513,1.4118,1.3864,1.3809,1.3778,1.3824,1.387,1.3926,1.3981,1.4038,1.4094,1.375,0.7338,4.0349,3.7731,3.5149,3.2631,3.011,2.7565,2.5019,2.2471,1.9922,1.7374,1.4825,1.2276,0.9728,0.7179
0.8803,0.9205,0.9464,0.9521,0.9552,0.9506,0.9458,0.9402,0.9345,0.9288,0.923,0.9581,0.5414,4.0504,4.0504,4.0504,4.0504,4.0504,4.0504,4.0504,4.0504,4.0504,4.0504,4.0504,4.0504,4.0504,4.0504
3.2509,3.1624,3.1056,3.093,3.0862,3.0965,3.1069,3.1193,3.1317,3.1444,3.157,3.08,2.9399,2.5564,0.7471,1.2834,1.823,2.3625,2.9008,3.439,3.9772,4.0605,3.8916,3.3207,2.7498,2.1789,1.608
4.0706,4.0706,4.0706,4.0706,4.0706,4.0706,3.6379,3.0672,2.5354,4.0706,4.0706,4.0706,4.0706,4.0706,4.0706,4.0706,4.0706,4.0706,4.0706,4.0706,4.0706,4.0706,4.0706,4.0706,3.7984,3.0098,2.2213
0.9349,0.9776,1.0051,1.0112,1.0145,1.0095,1.0045,0.9985,0.9925,0.9864,0.9803,1.0175,1.0852,1.2705,1.362,2.3398,3.3236,4.0807,4.0807,4.0807,4.0807,4.0807,4.0807,4.0807,4.0807,4.0807,4.0807
1.3964,1.3584,1.334,1.3286,1.3257,1.3301,1.3345,1.3399,1.3452,1.3507,1.3561,1.323,1.2628,0.8787,3.089,3.3819,3.1396,2.8971,2.6521,2.4072,2.162,1.9168,1.6716,1.4264,1.1812,0.936,0.6907
1.4182,1.4831,1.5248,1.5339,1.539,1.5314,1.5238,1.5147,1.5056,1.4963,1.487,0.9117,4.1011,4.1011,4.1011,4.1011,4.1011,4.1011,4.1011,4.1011,4.1011,4.1011,4.1011,4.1011,4.1011,4.1011,4.1011
4.1114,4.1114,4.1114,4.1114,4.1114,4.1114,4.1114,4.1114,4.1114,4.1114,4.1114,4.1114,4.1114,4.1114,4.1114,4.1114,4.1114,2.1588,2.6506,3.1424,3.6342,4.1114,4.1114,4.1114,4.1114,4.1114,4.1114
1.7725,1.7243,1.6933,1.6865,1.6827,1.6883,1.694,1.7008,1.7076,1.7144,1.7214,1.1665,4.1218,4.1218,4.1218,4.1218,3.9853,3.6774,3.3665,3.0556,2.7444,2.4331,2.1219,1.8106,1.4993,1.1881,0.8768
0.8101,0.8471,0.8709,0.8762,0.879,0.8747,0.8704,0.8652,0.86,0.8547,0.8494,0.8816,0.9403,3.8153,4.0608,4.1322,4.1322,4.1322,4.1322,4.1322,4.1322,4.1322,4.1322,4.1322,4.1322,4.1322,4.1322
1.9266,1.8742,1.8405,1.8331,1.8291,1.8352,1.8413,1.8487,1.856,1.8635,1.871,1.8254,1.7423,1.5151,0.9534,1.6379,2.3267,3.0153,3.6592,3.3213,2.983,2.6447,2.3064,1.9681,1.6297,1.2914,0.953
4.1531,4.1531,4.1531,4.1531,4.1531,4.1531,4.1531,4.1531,4.1531,4.1531,4.1531,4.1531,4.1531,4.1531,4.1531,4.1531,4.1531,4.1531,4.1531,4.1531,4.1531,4.1531,4.1531,4.1531,4.1531,4.1531,4.1531
1.2544,1.3118,1.3487,1.3568,1.3612,1.3545,1.3478,1.3397,1.3317,1.3235,1.3153,1.3652,1.4561,1.7048,2.085,1.6195,2.1539,2.7913,3.4272,4.0631,4.1637,4.1637,4.1637,4.1637,4.1637,4.1637,4.1637
1.369,1.3318,1.3078,1.3025,1.2996,1.304,1.3083,1.3136,1.3188,1.3241,1.3295,1.297,1.238,3.806,3.5591,3.3155,3.078,2.8402,2.6001,2.36,2.1196,1.8792,1.6388,1.3984,1.158,0.9176,0.6772
0.9868,1.0319,1.061,1.0673,1.0708,1.0656,1.0603,1.0539,1.0476,1.0412,1.0347,1.074,0.4842,4.1849,4.1849,4.1849,4.1849,4.1849,4.1849,4.1849,4.1849,4.1849,4.1849,4.1849,4.1849,4.1849,4.1849
4.1956,4.1956,4.1956,4.1956,4.1956,4.1956,4.1956,4.1956,4.1956,4.1956,4.1956,4.1956,4.1956,4.1956,3.8236,1.1859,1.6846,2.1831,2.6804,3.1778,3.6751,4.1723,4.1956,4.1956,4.1956,4.1956,3.1209
2.7053,2.6317,2.5844,2.5739,2.5683,2.5768,2.5854,2.5958,2.6062,2.1082,1.5485,4.2064,4.2064,4.2064,4.2064,4.2064,4.2064,4.2064,4.2064,4.2064,4.1886,3.7136,3.2385,2.7634,2.2883,1.8133,1.3382
0.8452,0.8838,0.9087,0.9142,0.9171,0.9126,0.9081,0.9027,0.8972,0.8917,0.8862,0.9199,0.9811,0.6397,2.2487,3.8631,4.2172,4.2172,4.2172,4.2172,4.2172,4.2172,4.2172,4.2172,4.2172,4.2172,4.2172
1.4954,1.4548,1.4286,1.4228,1.4197,1.4244,1.4292,1.4349,1.4406,1.4464,1.4523,1.4168,1.3524,0.5797,1.5894,2.7305,3.3623,3.1026,2.8402,2.5779,2.3154,2.0528,1.7902,1.5276,1.265,1.0023,0.7397
2.1102,2.2067,2.2687,2.2824,2.2898,2.2786,2.2673,2.2537,2.2402,1.9713,1.3872,0.8825,4.2391,4.2391,4.2391,4.2391,4.2391,4.2391,4.2391,4.2391,4.2391,4.2391,4.2391,4.2391,4.2391,4.2391,4.2391
2.3494,2.4568,2.5259,2.5411,2.5494,2.5369,2.5243,2.5092,2.4941,2.4788,2.4634,2.557,2.7272,3.1929,3.905,4.2501,4.2501,4.2501,4.2501,4.2501,4.2501,4.2501,4.2501,4.2501,4.2501,4.2501,4.2501
1.5247,1.4832,1.4565,1.4507,1.4475,1.4523,1.4572,1.463,1.4688,1.4747,1.4807,1.4446,4.2611,4.2389,3.9639,3.6926,3.4281,3.1633,2.8958,2.6284,2.3607,2.093,1.8252,1.5575,1.2897,1.022,0.7542
0.8332,0.8713,0.8958,0.9011,0.9041,0.8997,0.8952,0.8898,0.8845,0.879,0.8736,0.9068,0.7981,3.924,4.1766,4.2722,4.2722,4.2722,4.2722,4.2722,4.2722,4.2722,4.2722,4.2722,4.2722,4.2722,4.2722
2.5174,2.4489,2.4049,2.3952,2.3899,2.3979,2.4059,2.4155,2.4252,2.435,2.4448,2.3851,2.2766,1.9797,0.7964,1.3681,1.9435,2.5186,3.0924,3.6662,3.8977,3.4557,3.0136,2.5715,2.1294,1.6873,1.2452
4.2946,4.2946,4.2946,4.2946,4.2946,4.2946,4.2946,4.2946,4.2946,4.2946,4.2946,4.2946,4.2946,4.2946,4.2946,4.2946,4.2946,4.2946,4.2946,4.2946,4.2946,4.2946,4.2946,4.2946,4.2946,4.2946,3.8431
1.0129,1.0592,1.0889,1.0955,1.0991,1.0937,1.0883,1.0817,1.0752,1.0686,1.062,1.1023,1.1757,1.3765,1.1029,1.8947,2.6914,3.4879,4.2825,4.3059,4.3059,4.3059,4.3059,4.3059,4.3059,4.3059,4.3059
1.3552,1.3183,1.2946,1.2894,1.2866,1.2908,1.2952,1.3004,1.3055,1.3108,1.3161,1.284,1.2255,2.1901,3.5232,3.2821,3.047,2.8116,2.5739,2.3362,2.0982,1.8603,1.6223,1.3843,1.1463,0.9083,0.6704
1.1884,1.2427,1.2776,1.2853,1.2895,1.2832,1.2768,1.2692,1.2615,1.2538,1.246,1.0058,4.3287,4.3287,4.3287,4.3287,4.3287,4.3287,4.3287,4.3287,4.3287,4.3287,4.3287,4.3287,4.3287,4.3287,4.3287
4.3401,4.3401,4.3401,4.3401,4.3401,4.3401,4.3401,4.3401,4.3401,4.3401,4.3401,4.3401,4.3401,4.3401,4.3401,4.3401,1.6361,2.1203,2.6033,3.0864,3.5693,4.0522,4.3401,4.3401,4.3401,4.3401,4.3401
1.9967,1.9424,1.9074,1.8998,1.8956,1.9019,1.9082,1.9159,1.9235,1.9313,1.731,1.0955,4.3517,4.3517,4.3517,4.3517,4.3517,4.1425,3.7923,3.4421,3.0915,2.7409,2.3903,2.0396,1.689,1.3383,0.9877
0.8051,0.8419,0.8655,0.8708,0.8736,0.8693,0.865,0.8598,0.8546,0.8494,0.8441,0.8762,0.9345,2.173,4.0357,4.2765,4.3632,4.3632,4.3632,4.3632,4.3632,4.3632,4.3632,4.3632,4.3632,4.3632,4.3632
1.6973,1.6511,1.6214,1.6149,1.6113,1.6167,1.6221,1.6286,1.6351,1.6417,1.6483,1.6081,1.5349,1.3347,1.1009,1.8913,2.6866,3.4816,3.2236,2.9259,2.6279,2.3299,2.0318,1.7337,1.4357,1.1376,0.8396
4.3866,4.3866,4.3866,4.3866,4.3866,4.0216,3.4763,2.9309,2.3856,1.8403,4.3866,4.3866,4.3866,4.3866,4.3866,4.3866,4.3866,4.3866,4.3866,4.3866,4.3866,4.3866,4.3866,4.3866,4.3866,4.3866,4.3866
1.493,1.5612,1.6051,1.6148,1.6201,1.6121,1.6041,1.5945,1.5849,1.5752,1.5654,1.6249,1.733,2.0289,2.4815,2.928,3.3632,3.7991,4.2392,3.6788,4.2208,4.3984,4.3984,4.3984,4.3984,4.3984,4.3984
1.3934,1.3555,1.3312,1.3258,1.3229,1.3273,1.3317,1.3371,1.3424,1.3478,1.3532,1.3202,0.7925,3.874,3.6227,3.3747,3.133,2.891,2.6465,2.4021,2.1575,1.9128,1.6681,1.4234,1.1787,0.934,0.6893
0.9017,0.9429,0.9694,0.9753,0.9785,0.9737,0.9688,0.963,0.9572,0.9513,0.9454,0.9813,0.4469,4.2468,4.4221,4.4221,4.4221,4.4221,4.4221,4.4221,4.4221,4.4221,4.4221,4.4221,4.4221,4.4221,4.4221
3.9164,3.8099,3.7414,3.7263,3.718,3.7304,3.7429,3.7579,3.7729,3.7881,3.8034,3.7106,3.5417,3.0798,0.8118,1.2223,1.7362,2.25,2.7627,3.2753,3.7878,4.3003,4.4341,4.0006,3.3128,2.625,1.9373
3.5246,3.4287,3.367,3.3535,3.346,3.3572,3.3684,3.1155,2.5358,2.0037,4.4461,4.4461,4.4461,4.4461,4.4461,4.4461,4.4461,4.4461,4.4461,4.4461,4.4461,4.4461,4.2193,3.6003,2.9814,2.3624,1.7434
0.8827,0.923,0.949,0.9547,0.9578,0.9531,0.9484,0.9427,0.937,0.9312,0.9255,0.9606,1.0246,0.608,1.5744,2.7047,3.8421,4.4582,4.4582,4.4582,4.4582,4.4582,4.4582,4.4582,4.4582,4.4582,4.4582
1.4072,1.369,1.3443,1.3389,1.336,1.3404,1.3449,1.3503,1.3557,1.3611,1.3666,1.3333,1.2726,0.635,2.232,3.4081,3.164,2.9196,2.6727,2.4259,2.1788,1.9317,1.6846,1.4375,1.1904,0.9432,0.6961
1.5922,1.665,1.7118,1.7221,1.7277,1.7192,1.7107,1.7005,1.6902,1.6798,1.4692,0.8526,4.4826,4.4826,4.4826,4.4826,4.4826,4.4826,4.4826,4.4826,4.4826,4.4826,4.4826,4.4826,4.4826,4.4826,4.4826
3.7229,3.8931,4.0026,4.0267,4.0398,4.02,4.0001,3.9761,3.9522,3.9279,3.9035,4.0518,4.3215,4.4949,4.4949,4.4949,4.4949,4.4949,2.6512,3.1432,3.635,4.1268,4.4949,4.4949,4.4949,4.4949,4.4949
1.6399,1.5953,1.5666,1.5602,1.5568,1.562,1.5672,1.5735,1.5798,1.5861,1.5925,1.2809,4.5073,4.5073,4.2633,3.9715,3.687,3.4022,3.1146,2.8269,2.539,2.2511,1.9631,1.6751,1.3871,1.0991,0.8112
0.8044,0.8412,0.8648,0.87,0.8729,0.8686,0.8643,0.8591,0.8539,0.8487,0.8434,0.8755,0.9337,3.7885,4.0324,4.2729,4.5074,4.5197,4.5197,4.5197,4.5197,4.5197,4.5197,4.5197,4.5197,4.5197,4.5197
2.0789,2.0224,1.986,1.978,1.9736,1.9802,1.9868,1.9948,2.0028,2.0108,2.0189,1.9697,1.88,1.6349,0.8713,1.4969,2.1263,2.7556,3.3834,3.5838,3.2188,2.8538,2.4887,2.1236,1.7585,1.3934,1.0283
4.5448,4.5448,4.5448,4.5448,4.5448,4.5448,4.5448,4.5448,4.5448,4.5448,4.5448,4.5448,4.5448,4.5448,4.5448,4.5448,4.5448,4.5448,4.5448,4.5448,4.5448,4.5448,4.5448,4.5448,4.5448,4.5448,4.5448
1.1299,1.1816,1.2148,1.2221,1.2261,1.2201,1.2141,1.2068,1.1995,1.1921,1.1847,1.2298,1.3116,1.5356,1.8781,1.6127,2.2908,2.9687,3.6451,4.3215,4.5574,4.5574,4.5574,4.5574,4.5574,4.5574,4.5574
1.3401,1.3036,1.2802,1.275,1.2722,1.2764,1.2807,1.2858,1.291,1.2962,1.3014,1.2696,1.2119,3.7256,3.4839,3.2454,3.013,2.7802,2.5452,2.3101,2.0748,1.8395,1.6042,1.3689,1.1335,0.8982,0.6629
1.0368,1.0842,1.1147,1.1214,1.125,1.1195,1.114,1.1073,1.1006,1.0939,1.0871,1.1284,4.5829,4.5829,4.5829,4.5829,4.5829,4.5829,4.5829,4.5829,4.5829,4.5829,4.5829,4.5829,4.5829,4.5829,4.5829
4.5958,4.5958,4.5958,4.5958,4.5958,4.5958,4.5958,4.5958,4.5958,4.5958,4.5958,4.5958,4.5958,4.5958,4.5958,1.1524,1.637,2.1215,2.6048,3.0881,3.5713,4.0545,4.5377,4.5958,4.5958,4.5958,4.5958
2.342,2.2783,2.2373,2.2283,2.2234,2.2308,2.2382,2.2472,2.2562,2.1913,1.542,4.6087,4.6087,4.6087,4.6087,4.6087,4.6087,4.6087,4.4481,4.0373,3.6261,3.2149,2.8036,2.3923,1.981,1.5698,1.1585
0.8152,0.8525,0.8764,0.8817,0.8846,0.8803,0.8759,0.8706,0.8654,0.8601,0.8547,0.8872,0.9463,0.86,3.023,4.3303,4.568,4.6217,4.6217,4.6217,4.6217,4.6217,4.6217,4.6217,4.6217,4.6217,4.6217
1.5396,1.4977,1.4708,1.4649,1.4616,1.4665,1.4714,1.4773,1.4832,1.4892,1.4952,1.4587,1.3923,1.2107,1.3362,2.2956,3.2609,3.1942,2.9241,2.6541,2.3838,2.1134,1.8431,1.5727,1.3023,1.0319,0.7616
2.6124,2.7318,2.8086,2.8255,2.8348,2.8208,2.8068,2.79,2.4455,1.8865,1.3274,4.6479,4.6479,4.6479,4.6479,4.6479,4.6479,4.6479,4.6479,4.6479,4.6479,4.6479,4.6479,4.6479,4.6479,4.6479,4.6479
1.8951,1.9817,2.0374,2.0497,2.0564,2.0463,2.0361,2.024,2.0118,1.9994,1.987,2.0625,2.1997,2.5754,3.1498,3.7166,4.269,4.6612,4.6612,4.6612,4.6612,4.6612,4.6612,4.6612,4.6612,4.6612,4.6612
1.4468,1.4075,1.3822,1.3766,1.3735,1.3781,1.3827,1.3883,1.3938,1.3994,1.4051,1.3708,0.7315,4.0224,3.7615,3.504,3.253,3.0017,2.7479,2.4942,2.2401,1.9861,1.732,1.4779,1.2238,0.9698,0.7157
0.8435,0.882,0.9068,0.9123,0.9153,0.9108,0.9063,0.9008,0.8954,0.8899,0.8844,0.918,0.6037,3.9725,4.2282,4.4804,4.6878,4.6878,4.6878,4.6878,4.6878,4.6878,4.6878,4.6878,4.6878,4.6878,4.6878
2.8648,2.7869,2.7368,2.7258,2.7197,2.7288,2.7379,2.7489,2.7599,2.771,2.7822,2.7143,2.5908,2.2529,0.7489,1.2865,1.8274,2.3682,2.9078,3.4473,3.9868,3.9326,3.4295,2.9264,2.4233,1.9202,1.4171
4.7148,4.7148,4.7148,4.7148,4.603,4.0533,3.5037,2.9541,4.7148,4.7148,4.7148,4.7148,4.7148,4.7148,4.7148,4.7148,4.7148,4.7148,4.7148,4.7148,4.7148,4.7148,4.7148,4.7148,4.4283,3.5089,2.5896
0.9428,0.9859,1.0136,1.0197,1.023,1.018,1.013,1.0069,1.0009,0.9947,0.9885,1.0261,1.0944,1.2812,1.224,2.1028,2.987,3.871,4.7284,4.7284,4.7284,4.7284,4.7284,4.7284,4.7284,4.7284,4.7284
1.3515,1.3147,1.2911,1.2859,1.283,1.2873,1.2916,1.2968,1.302,1.3072,1.3125,1.2804,1.2222,1.1137,3.5136,3.2731,3.0386,2.8039,2.5668,2.3298,2.0925,1.8552,1.6179,1.3805,1.1432,0.9058,0.6685
1.2935,1.3526,1.3906,1.399,1.4036,1.3967,1.3898,1.3815,1.3731,1.3647,1.3562,0.9256,4.7559,4.7559,4.7559,4.7559,4.7559,4.7559,4.7559,4.7559,4.7559,4.7559,4.7559,4.7559,4.7559,4.7559,4.7559
4.7697,4.7697,4.7697,4.7697,4.7697,4.7697,4.7697,4.7697,4.7697,4.7697,4.7697,4.7697,4.7697,4.7697,4.7697,4.7697,1.6199,2.0993,2.5775,3.0558,3.534,4.0121,4.4902,4.7697,4.7697,4.7697,4.7697
1.813,1.7637,1.732,1.725,1.7212,1.7269,1.7327,1.7396,1.7466,1.7536,1.7607,1.0763,4.7836,4.7836,4.7135,4.3908,4.0763,3.7614,3.4434,3.1254,2.8071,2.4887,2.1704,1.852,1.5336,1.2152,0.8968
0.7914,0.8276,0.8509,0.856,0.8588,0.8546,0.8503,0.8452,0.8402,0.835,0.8298,0.8613,0.9187,3.7274,3.9673,4.204,4.4347,4.6657,4.7977,4.7977,4.7977,4.7977,4.7977,4.7977,4.7977,4.7977,4.7977
1.7947,1.7459,1.7145,1.7075,1.7038,1.7094,1.7152,1.722,1.7289,1.7359,1.7429,1.7003,1.623,1.4113,0.9838,1.6901,2.4009,3.1113,3.4086,3.0938,2.7787,2.4636,2.1484,1.8332,1.5181,1.2029,0.8877
4.8259,4.8259,4.8259,4.8259,4.4573,3.925,3.4544,4.8259,4.8259,4.8259,4.8259,4.8259,4.8259,4.8259,4.8259,4.8259,4.8259,4.8259,4.8259,4.8259,4.8259,4.8259,4.8259,4.8259,4.8259,4.8259,4.8259
1.3081,1.3679,1.4064,1.4148,1.4195,1.4125,1.4055,1.3971,1.3887,1.3801,1.3715,1.4237,1.5184,1.7777,2.1742,2.5654,2.0702,2.6211,3.2183,3.8155,4.4125,4.8402,4.8402,4.8402,4.8402,4.8402,4.8402
1.35,1.3133,1.2896,1.2844,1.2816,1.2859,1.2902,1.2953,1.3005,1.3058,1.311,1.279,1.134,3.7532,3.5097,3.2694,3.0353,2.8008,2.564,2.3272,2.0902,1.8531,1.6161,1.379,1.1419,0.9048,0.6678
0.9332,0.9759,1.0033,1.0094,1.0127,1.0077,1.0027,0.9967,0.9907,0.9846,0.9785,1.0156,0.4579,4.3952,4.6781,4.8689,4.8689,4.8689,4.8689,4.8689,4.8689,4.8689,4.8689,4.8689,4.8689,4.8689,4.8689
4.8835,4.8797,4.792,4.7727,4.7621,4.778,4.794,4.8132,4.8324,4.8519,4.8714,4.7525,4.5363,3.9447,3.04,1.1751,1.6692,2.1631,2.656,3.1488,3.6415,4.1342,4.6269,4.8835,4.2431,3.3622,2.4813
2.9073,2.8282,2.7773,2.7661,2.76,2.7692,2.7785,2.7896,2.6007,2.0062,4.8981,4.8981,4.8981,4.8981,4.8981,4.8981,4.8981,4.8981,4.8981,4.8981,4.5013,3.9909,3.4803,2.9698,2.4592,1.9487,1.4381
0.8417,0.8802,0.9049,0.9104,0.9133,0.9089,0.9044,0.8989,0.8935,0.888,0.8825,0.916,0.977,0.5798,1.8948,3.2552,4.624,4.9127,4.9127,4.9127,4.9127,4.9127,4.9127,4.9127,4.9127,4.9127,4.9127
1.4312,1.3923,1.3672,1.3617,1.3587,1.3633,1.3678,1.3733,1.3788,1.3843,1.3899,1.356,1.2943,0.5548,1.7488,3.0043,3.2179,2.9693,2.7183,2.4672,2.216,1.9647,1.7133,1.462,1.2106,0.9593,0.708
1.8403,1.9244,1.9785,1.9904,1.9969,1.9871,1.9773,1.9654,1.9536,1.9416,1.3888,0.8059,4.9424,4.9424,4.9424,4.9424,4.9424,4.9424,4.9424,4.9424,4.9424,4.9424,4.9424,4.9424,4.9424,4.9424,4.9424
2.6779,2.8003,2.8791,2.8964,2.9059,2.8916,2.8773,2.86,2.8428,2.8253,2.8078,2.9145,3.1085,3.6393,4.451,4.9573,4.9573,4.9573,4.9573,4.9573,3.668,4.1643,4.6606,4.9573,4.9573,4.9573,4.9573
1.5353,1.4935,1.4666,1.4607,1.4575,1.4624,1.4672,1.4731,1.479,1.485,1.4909,1.4385,4.4493,4.2683,3.9914,3.7181,3.4518,3.1852,2.9159,2.6466,2.377,2.1075,1.8379,1.5683,1.2986,1.029,0.7594
0.8056,0.8425,0.8662,0.8714,0.8742,0.8699,0.8656,0.8604,0.8553,0.85,0.8447,0.8768,0.9352,3.7944,4.0386,4.2795,4.5144,4.7496,4.9871,4.9875,4.9875,4.9875,4.9875,4.9875,4.9875,4.9875,4.9875
2.2844,2.2222,2.1823,2.1735,2.1687,2.1759,2.1832,2.1919,2.2007,2.2095,2.2184,2.1643,2.0658,1.7964,0.807,1.3863,1.9693,2.5521,3.1335,3.715,3.5369,3.1358,2.7346,2.3335,1.9323,1.5311,1.13
5.0181,5.0181,5.0181,5.0181,5.0181,5.0181,5.0181,5.0181,5.0181,5.0181,5.0181,5.0181,5.0181,5.0181,5.0181,5.0181,5.0181,5.0181,5.0181,5.0181,5.0181,5.0181,5.0181,5.0181,5.0181,5.0181,5.0181
1.0336,1.0809,1.1113,1.118,1.1216,1.1161,1.1106,1.1039,1.0973,1.0905,1.0837,1.1249,1.1998,1.4047,1.0253,1.7416,2.4739,3.2061,3.9365,4.6669,5.0335,5.0335,5.0335,5.0335,5.0335,5.0335,5.0335
1.3229,1.2869,1.2638,1.2587,1.2559,1.2601,1.2643,1.2694,1.2744,1.2796,1.2847,1.2534,1.1963,3.6779,3.4393,3.2039,2.9744,2.7446,2.5126,2.2805,2.0483,1.816,1.5837,1.3513,1.119,0.8867,0.6544
1.1038,1.1542,1.1867,1.1938,1.1977,1.1918,1.1859,1.1788,1.1717,1.1645,1.1573,1.0348,4.9796,5.0646,5.0646,5.0646,5.0646,5.0646,5.0646,5.0646,5.0646,5.0646,5.0646,5.0646,5.0646,5.0646,5.0646
5.0803,5.0803,5.0803,5.0803,5.0803,5.0803,5.0803,5.0803,5.0803,5.0803,5.0803,5.0803,5.0803,5.0803,5.0803,1.1295,1.6045,2.0793,2.5531,3.0268,3.5004,3.974,4.4476,4.9212,5.0803,5.0803,5.0803
2.0741,2.0177,1.9814,1.9734,1.9691,1.9756,1.9822,1.9902,1.9981,2.0062,1.6217,5.0961,5.0961,5.0961,5.0961,5.0232,4.6634,4.3031,3.9393,3.5755,3.2113,2.8472,2.4829,2.1187,1.7545,1.3902,1.026
0.7932,0.8295,0.8528,0.8579,0.8607,0.8565,0.8523,0.8472,0.8421,0.8369,0.8317,0.8633,0.9207,1.3483,3.9762,4.2135,4.4447,4.6763,4.9101,5.112,5.112,5.112,5.112,5.112,5.112,5.112,5.112
1.6021,1.5585,1.5305,1.5243,1.5209,1.526,1.5311,1.5373,1.5434,1.5496,1.5559,1.5179,1.4488,1.2599,1.1571,1.9878,2.8237,3.3238,3.0428,2.7618,2.4805,2.1992,1.9179,1.6365,1.3552,1.0738,0.7925
3.4968,3.6566,3.7594,3.7821,3.7944,3.7758,3.4413,2.9015,2.3616,1.8218,1.323,5.1441,5.1441,5.1441,5.1441,5.1441,5.1441,5.1441,5.1441,5.1441,5.1441,5.1441,5.1441,5.1441,5.1441,5.1441,5.1441
1.5928,1.6656,1.7124,1.7227,1.7284,1.7199,1.7114,1.7011,1.6909,1.6805,1.67,1.7335,1.8489,2.1646,2.6474,3.1238,3.5881,4.0531,4.5226,4.9921,5.1603,5.1603,5.1603,5.1603,5.1603,5.1603,5.1603
1.3862,1.3485,1.3243,1.3189,1.316,1.3204,1.3248,1.3301,1.3354,1.3408,1.3462,1.3134,0.7008,3.8539,3.6039,3.3572,3.1168,2.876,2.6328,2.3897,2.1463,1.9029,1.6595,1.416,1.1726,0.9291,0.6857
0.8619,0.9013,0.9266,0.9322,0.9352,0.9307,0.926,0.9205,0.9149,0.9093,0.9037,0.938,0.4864,4.0592,4.3205,4.5782,4.8295,5.0811,5.193,5.193,5.193,5.193,5.193,5.193,5.193,5.193,5.193
3.3714,3.2797,3.2208,3.2078,3.2007,3.2114,3.2221,3.235,3.2479,3.261,3.2741,3.1942,3.0489,2.6513,0.7115,1.2222,1.7362,2.2499,2.7625,3.2751,3.7876,4.3001,4.036,3.4439,2.8518,2.2598,1.6677
3.9483,3.8409,3.7718,3.7566,3.7483,3.7608,3.5514,2.9942,2.4371,5.2262,5.2262,5.2262,5.2262,5.2262,5.2262,5.2262,5.2262,5.2262,5.2262,5.2262,5.2262,5.2262,4.7265,4.0331,3.3398,2.6464,1.953
0.8875,0.9281,0.9542,0.9599,0.9631,0.9583,0.9536,0.9479,0.9422,0.9364,0.9306,0.9659,1.0302,0.6113,1.3931,2.3932,3.3995,4.4055,5.2429,5.2429,5.2429,5.2429,5.2429,5.2429,5.2429,5.2429,5.2429
1.3594,1.3224,1.2987,1.2934,1.2906,1.2949,1.2992,1.3044,1.3096,1.3149,1.3202,1.288,1.2294,0.7447,2.6179,3.2923,3.0565,2.8204,2.5819,2.3435,2.1048,1.8661,1.6274,1.3886,1.1499,0.9112,0.6724
1.4362,1.5019,1.5441,1.5534,1.5585,1.5508,1.5431,1.5339,1.5246,1.5153,1.4862,0.8624,5.2767,5.2767,5.2767,5.2767,5.2767,5.2767,5.2767,5.2767,5.2767,5.2767,5.2767,5.2767,5.2767,5.2767,5.2767
4.7639,4.9817,5.1218,5.1526,5.1695,5.1441,5.1186,5.0879,5.0573,5.0262,4.995,5.1848,5.2937,5.2937,5.2937,5.2937,5.2937,2.0961,2.5737,3.0512,3.5286,4.0061,4.4835,4.9609,5.2937,5.2937,5.2937
1.6699,1.6245,1.5953,1.5889,1.5853,1.5906,1.596,1.6023,1.6087,1.6152,1.6217,1.1723,4.8396,4.6427,4.3415,4.0443,3.7546,3.4646,3.1716,2.8787,2.5855,2.2923,1.9991,1.7058,1.4126,1.1193,0.826
0.7846,0.8204,0.8435,0.8486,0.8513,0.8472,0.843,0.8379,0.8329,0.8277,0.8226,0.8539,0.9107,3.6951,3.9329,4.1675,4.3962,4.6253,4.8565,5.0878,5.3193,5.3281,5.3281,5.3281,5.3281,5.3281,5.3281
1.9245,1.8722,1.8385,1.8311,1.827,1.8331,1.8393,1.8466,1.854,1.8615,1.869,1.8233,1.7404,1.5134,0.8941,1.5359,2.1818,2.8275,3.4716,3.3176,2.9797,2.6418,2.3038,1.9659,1.6279,1.2899,0.952
5.363,5.363,5.363,5.363,5.363,5.363,5.363,5.363,5.363,5.363,5.363,5.363,5.363,5.363,5.363,5.363,5.363,5.363,5.363,5.363,5.363,5.363,5.363,5.363,5.363,5.363,5.363
1.1697,1.2232,1.2576,1.2652,1.2693,1.2631,1.2568,1.2493,1.2418,1.2341,1.2265,1.2731,1.3578,1.5896,1.9442,1.5102,2.1407,2.7742,3.4062,4.0383,4.6702,5.302,5.3806,5.3806,5.3806,5.3806,5.3806
1.3192,1.2833,1.2602,1.2551,1.2523,1.2565,1.2607,1.2658,1.2708,1.276,1.2811,1.2498,1.193,3.6675,3.4296,3.1948,2.966,2.7368,2.5055,2.2741,2.0425,1.8108,1.5792,1.3475,1.1159,0.8842,0.6525
0.9766,1.0212,1.05,1.0563,1.0597,1.0545,1.0493,1.043,1.0367,1.0304,1.024,1.0629,0.4791,4.5996,4.8956,5.1877,5.4162,5.4162,5.4162,5.4162,5.4162,5.4162,5.4162,5.4162,5.4162,5.4162,5.4162
5.4342,5.4342,5.4342,5.4342,5.4342,5.4342,5.4342,5.4342,5.4342,5.4342,5.4342,5.4342,5.4342,5.4342,4.3203,1.1398,1.6191,2.0982,2.5762,3.0542,3.5321,4.01,4.4879,4.9658,5.4342,4.7783,3.5263
2.4831,2.4155,2.3721,2.3625,2.3573,2.3652,2.3731,2.3826,2.3921,2.0786,1.4626,5.4522,5.4522,5.4522,5.4522,5.4522,5.4522,5.1516,4.716,4.2805,3.8445,3.4085,2.9725,2.5364,2.1004,1.6643,1.2283
0.8101,0.8472,0.871,0.8762,0.8791,0.8748,0.8705,0.8652,0.86,0.8547,0.8494,0.8817,0.9404,0.6885,2.4203,4.1578,4.5396,4.7761,5.0149,5.2537,5.4705,5.4705,5.4705,5.4705,5.4705,5.4705,5.4705
1.4695,1.4295,1.4038,1.3982,1.3951,1.3997,1.4044,1.41,1.4157,1.4214,1.4271,1.3923,1.3289,0.5696,1.4415,2.4763,3.304,3.0487,2.791,2.5332,2.2752,2.0172,1.7591,1.5011,1.243,0.985,0.7269
2.2124,2.3135,2.3786,2.3929,2.4007,2.3889,2.3771,2.3628,2.3486,1.8842,1.3258,5.5072,5.5072,5.5072,5.5072,5.5072,5.5072,5.5072,5.5072,5.5072,5.5072,5.5072,5.5072,5.5072,5.5072,5.5072,5.5072
2.0939,2.1896,2.2512,2.2647,2.2721,2.261,2.2498,2.2363,2.2228,2.2092,2.1955,2.2789,2.4305,2.8456,3.4803,4.1065,4.717,5.3282,5.5258,5.5258,5.5258,5.5258,5.5258,5.5258,5.5258,5.5258,5.5258
1.4528,1.4133,1.3879,1.3823,1.3792,1.3838,1.3885,1.394,1.3996,1.4052,1.4109,1.3764,4.2104,4.039,3.777,3.5185,3.2665,3.0141,2.7593,2.5045,2.2494,1.9943,1.7392,1.484,1.2289,0.9738,0.7186
0.8139,0.8511,0.8751,0.8803,0.8832,0.8789,0.8745,0.8693,0.864,0.8587,0.8534,0.8858,0.6917,3.8333,4.08,4.3235,4.5608,4.7984,5.0383,5.2782,5.5184,5.5633,5.5633,5.5633,5.5633,5.5633,5.5633
2.566,2.4962,2.4513,2.4414,2.436,2.4442,2.4523,2.4622,2.472,2.4819,2.492,2.4311,2.3205,2.0179,0.7563,1.2992,1.8456,2.3917,2.9366,3.4816,3.973,3.5224,3.0718,2.6212,2.1705,1.7199,1.2693
5.6014,5.6014,5.5299,4.9969,4.4639,3.9309,5.6014,5.6014,5.6014,5.6014,5.6014,5.6014,5.6014,5.6014,5.6014,5.6014,5.6014,5.6014,5.6014,5.6014,5.6014,5.6014,5.6014,5.6014,5.4011,4.2798,3.1585
0.9582,1.002,1.0302,1.0364,1.0398,1.0347,1.0295,1.0234,1.0172,1.011,1.0047,1.0428,1.1123,1.3022,1.1145,1.9147,2.7198,3.5247,4.3277,5.1308,5.6206,5.6206,5.6206,5.6206,5.6206,5.6206,5.6206
1.3169,1.2811,1.2581,1.253,1.2502,1.2544,1.2586,1.2636,1.2687,1.2738,1.2789,1.2477,1.1909,1.5594,3.4237,3.1894,2.9609,2.7322,2.5012,2.2702,2.039,1.8077,1.5765,1.3452,1.114,0.8827,0.6514
1.1928,1.2474,1.2824,1.2902,1.2944,1.288,1.2816,1.274,1.2663,1.2585,1.2507,0.9474,5.3816,5.618,5.6594,5.6594,5.6594,5.6594,5.6594,5.6594,5.6594,5.6594,5.6594,5.6594,5.6594,5.6594,5.6594
5.679,5.679,5.679,5.679,5.679,5.679,5.679,5.679,5.679,5.679,5.679,5.679,5.679,5.679,5.679,5.679,1.5858,2.0551,2.5234,2.9916,3.4597,3.9278,4.3959,4.8639,5.332,5.679,5.679
1.8711,1.8202,1.7874,1.7802,1.7763,1.7822,1.7882,1.7954,1.8025,1.8098,1.728,1.0266,5.4226,5.2019,4.8644,4.5314,4.2069,3.8819,3.5537,3.2255,2.897,2.5684,2.2399,1.9113,1.5827,1.2541,0.9255
0.7784,0.8139,0.8368,0.8419,0.8446,0.8405,0.8363,0.8313,0.8263,0.8212,0.8161,0.8471,0.9035,3.2854,3.9018,4.1346,4.3616,4.5888,4.8182,5.0477,5.2774,5.5071,5.7187,5.7187,5.7187,5.7187,5.7187
1.6865,1.6407,1.6112,1.6047,1.6011,1.6065,1.6118,1.6183,1.6247,1.6313,1.6379,1.5979,1.5252,1.3263,1.0252,1.7613,2.5019,3.2423,3.2032,2.9074,2.6113,2.3151,2.019,1.7228,1.4266,1.1304,0.8343
5.4207,5.6685,5.456,4.9301,4.4042,3.8783,3.3524,2.8265,2.3006,5.7589,5.7589,5.7589,5.7589,5.7589,5.7589,5.7589,5.7589,5.7589,5.7589,5.7589,5.7589,5.7589,5.7589,5.7589,5.7589,5.7589,5.7589
1.3794,1.4425,1.4831,1.492,1.4969,1.4895,1.4821,1.4733,1.4644,1.4554,1.4463,1.5013,1.6012,1.8747,2.2928,2.7054,3.1075,2.5858,3.0469,3.6122,4.1775,4.7427,5.3079,5.7792,5.7792,5.7792,5.7792
1.3402,1.3038,1.2803,1.2752,1.2723,1.2766,1.2809,1.286,1.2911,1.2963,1.3015,1.2698,0.8709,3.726,3.4843,3.2458,3.0133,2.7805,2.5455,2.3104,2.0751,1.8397,1.6044,1.369,1.1337,0.8983,0.6629
0.8893,0.93,0.9561,0.9619,0.965,0.9603,0.9555,0.9498,0.9441,0.9383,0.9324,0.9679,0.4363,4.1884,4.458,4.7239,4.9832,5.2428,5.505,5.7671,5.8202,5.8202,5.8202,5.8202,5.8202,5.8202,5.8202
4.1591,4.046,3.9732,3.9572,3.9484,3.9616,3.9749,3.9908,4.0067,4.0229,4.0391,3.9405,3.7612,3.2707,2.5205,1.1723,1.6653,2.1581,2.6497,3.1414,3.633,4.1245,4.616,4.2485,3.5181,2.7877,2.0573
3.1767,3.0903,3.0347,3.0225,3.0158,3.0259,3.036,3.0481,2.493,1.9231,5.8619,5.8619,5.8619,5.8619,5.8619,5.8619,5.8619,5.8619,5.8619,5.4762,4.9185,4.3607,3.8028,3.245,2.6871,2.1292,1.5714
0.8441,0.8827,0.9075,0.9129,0.9159,0.9114,0.9069,0.9015,0.896,0.8905,0.885,0.9186,0.9798,0.5814,1.6384,2.8146,3.9981,4.9761,5.225,5.4738,5.7228,5.8829,5.8829,5.8829,5.8829,5.8829,5.8829
1.3794,1.3419,1.3178,1.3125,1.3096,1.3139,1.3183,1.3236,1.3289,1.3343,1.3396,1.3069,1.2475,0.5598,1.9679,3.3408,3.1015,2.8619,2.6199,2.378,2.1358,1.8936,1.6513,1.4091,1.1668,0.9246,0.6823
1.6345,1.7092,1.7573,1.7678,1.7736,1.7649,1.7562,1.7456,1.7351,1.7245,1.4004,0.8127,5.9255,5.9255,5.9255,5.9255,5.9255,5.9255,5.9255,5.9255,5.9255,5.9255,5.9255,5.9255,5.9255,5.9255,5.9255
3.1596,3.304,3.3969,3.4174,3.4285,3.4117,3.3948,3.3745,3.3541,3.3335,3.3128,3.4387,3.6675,4.2938,5.2515,5.947,5.947,5.947,2.5917,3.0726,3.5534,4.0342,4.5149,4.9957,5.4764,5.947,5.947
1.5575,1.5151,1.4879,1.4819,1.4786,1.4835,1.4885,1.4945,1.5004,1.5065,1.5125,1.3021,4.5138,4.3301,4.0492,3.772,3.5018,3.2313,2.9581,2.6849,2.4115,2.138,1.8645,1.591,1.3175,1.0439,0.7704
0.7843,0.8201,0.8432,0.8483,0.851,0.8468,0.8426,0.8376,0.8326,0.8274,0.8223,0.8535,0.9104,3.6937,3.9314,4.166,4.3946,4.6236,4.8547,5.0859,5.3173,5.5488,5.7802,5.9905,5.9905,5.9905,5.9905
2.0974,2.0403,2.0036,1.9956,1.9912,1.9978,2.0045,2.0125,2.0205,2.0287,2.0369,1.9871,1.8967,1.6494,0.8242,1.4159,2.0113,2.6065,3.2003,3.6156,3.2474,2.8791,2.5108,2.1425,1.7741,1.4058,1.0375
6.0346,6.0346,6.0346,6.0346,6.0346,6.0346,6.0346,6.0346,6.0346,6.0346,6.0346,6.0346,6.0346,6.0346,6.0346,6.0346,6.0346,6.0346,6.0346,6.0346,6.0346,6.0346,6.0346,6.0346,6.0346,6.0346,6.0346
1.0637,1.1124,1.1437,1.1505,1.1543,1.1486,1.1429,1.1361,1.1293,1.1223,1.1153,1.1577,1.2348,1.4456,1.0552,1.6172,2.2973,2.9771,3.6554,4.3336,5.0117,5.6898,6.0569,6.0569,6.0569,6.0569,6.0569
1.2999,1.2645,1.2418,1.2368,1.234,1.2381,1.2423,1.2473,1.2522,1.2573,1.2624,1.2315,1.1755,3.6138,3.3794,3.1481,2.9226,2.6968,2.4688,2.2408,2.0126,1.7843,1.5561,1.3278,1.0995,0.8713,0.643
1.0345,1.0818,1.1122,1.1189,1.1226,1.1171,1.1115,1.1049,1.0982,1.0915,1.0847,1.0746,4.6672,4.8723,5.1859,5.4953,5.7969,6.0989,6.102,6.102,6.102,6.102,6.102,6.102,6.102,6.102,6.102
6.1249,6.1249,6.1249,6.1249,6.1249,6.1249,6.1249,6.1249,6.1249,6.1249,6.1249,6.1249,6.1249,6.1249,6.1249,1.115,1.5839,2.0526,2.5202,2.9878,3.4554,3.9229,4.3904,4.8579,5.3254,5.7929,6.1249
2.177,2.1178,2.0797,2.0713,2.0667,2.0736,2.0805,2.0889,2.0972,2.1057,1.5321,6.1478,6.1478,6.0523,5.6597,5.2723,4.8947,4.5165,4.1347,3.7528,3.3706,2.9883,2.6061,2.2238,1.8415,1.4592,1.0768
0.7867,0.8226,0.8458,0.8509,0.8536,0.8494,0.8452,0.8402,0.8351,0.83,0.8248,0.8562,0.9131,0.9721,3.4171,4.1788,4.4081,4.6377,4.8696,5.1015,5.3337,5.5658,5.798,6.0301,6.171,6.171,6.171
1.524,1.4826,1.4559,1.45,1.4468,1.4517,1.4565,1.4623,1.4682,1.4741,1.48,1.4439,1.3782,1.1985,1.2309,2.1146,3.0038,3.1618,2.8945,2.6272,2.3596,2.092,1.8244,1.5568,1.2891,1.0215,0.7539
2.8182,2.947,3.0299,3.0481,3.0581,3.0431,3.028,2.8915,2.3535,1.8155,1.2775,6.2178,6.2178,6.2178,6.2178,6.2178,6.2178,6.2178,6.2178,6.2178,6.2178,6.2178,6.2178,6.2178,6.2178,6.2178,6.2178
1.7244,1.8032,1.8539,1.8651,1.8712,1.862,1.8528,1.8417,1.8306,1.8193,1.808,1.8767,2.0017,2.3435,2.8662,3.3819,3.8846,4.388,4.8963,5.4047,5.9135,6.2415,6.2415,6.2415,6.2415,6.2415,6.2415
1.3884,1.3506,1.3263,1.321,1.3181,1.3225,1.3269,1.3322,1.3375,1.3429,1.3483,1.3154,0.7019,3.86,3.6096,3.3625,3.1216,2.8805,2.6369,2.3934,2.1497,1.9059,1.6621,1.4182,1.1744,0.9306,0.6868
0.8296,0.8675,0.8919,0.8973,0.9002,0.8958,0.8914,0.886,0.8807,0.8753,0.8698,0.9029,0.5396,3.9073,4.1587,4.4069,4.6487,4.8909,5.1354,5.38,5.6248,5.8696,6.1145,6.2894,6.2894,6.2894,6.2894
2.9641,2.8835,2.8316,2.8202,2.814,2.8234,2.8328,2.8442,2.8555,2.867,2.8786,2.8083,2.6806,2.331,0.7164,1.2307,1.7482,2.2655,2.7817,3.2978,3.8139,4.0689,3.5484,3.0278,2.5073,1.9868,1.4662
4.5465,4.4228,4.3433,4.3257,4.3162,3.9755,3.4364,2.8973,6.3381,6.3381,6.3381,6.3381,6.3381,6.3381,6.3381,6.3381,6.3381,6.3381,6.3381,6.3381,6.3381,6.241,5.4426,4.6442,3.8458,3.0474,2.2489
0.8988,0.9399,0.9663,0.9722,0.9753,0.9706,0.9657,0.96,0.9542,0.9483,0.9424,0.9782,1.0433,1.2215,1.2521,2.1511,3.0556,3.9599,4.862,5.7642,6.0941,6.3593,6.3627,6.3627,6.3627,6.3627,6.3627
1.3219,1.286,1.2629,1.2578,1.255,1.2592,1.2634,1.2684,1.2735,1.2786,1.2838,1.2525,1.1955,0.915,3.2165,3.2015,2.9722,2.7426,2.5107,2.2789,2.0468,1.8146,1.5825,1.3504,1.1182,0.8861,0.6539
1.312,1.3719,1.4105,1.419,1.4237,1.4167,1.4096,1.4012,1.3928,1.3842,1.3756,0.879,5.919,6.1791,6.4125,6.4125,6.4125,6.4125,6.4125,6.4125,6.4125,6.4125,6.4125,6.4125,6.4125,6.4125,6.4125
6.4377,6.4377,6.4377,6.4377,6.4377,6.4377,6.4377,6.4377,6.4377,6.4377,6.4377,6.4377,6.4377,6.4377,6.4377,6.4377,1.5804,2.048,2.5146,2.9813,3.4477,3.9142,4.3807,4.8472,5.3136,5.7801,6.2466
1.7142,1.6676,1.6376,1.631,1.6274,1.6328,1.6383,1.6449,1.6514,1.6581,1.6648,1.0844,4.9681,4.7659,4.4567,4.1516,3.8543,3.5565,3.2558,2.9552,2.6542,2.3532,2.0521,1.7511,1.4501,1.149,0.848
0.7701,0.8053,0.828,0.833,0.8357,0.8316,0.8275,0.8225,0.8176,0.8125,0.8075,0.8382,0.894,3.6272,3.8606,4.0909,4.3155,4.5403,4.7673,4.9943,5.2216,5.4488,5.6761,5.9034,6.1307,6.358,6.4887
1.7984,1.7495,1.718,1.7111,1.7073,1.713,1.7187,1.7256,1.7325,1.7395,1.7465,1.7039,1.6263,1.4142,0.9254,1.5898,2.2583,2.9266,3.4156,3.1002,2.7845,2.4687,2.1529,1.837,1.5212,1.2054,0.8896
6.391,5.8755,5.3596,6.5405,6.5405,6.5405,6.5405,6.5405,6.5405,6.5405,6.5405,6.5405,6.5405,6.5405,6.5405,6.5405,6.5405,6.5405,6.5405,6.5405,6.5405,6.5405,6.5405,6.5405,6.5405,6.5405,6.5405
1.2226,1.2785,1.3145,1.3224,1.3267,1.3202,1.3137,1.3058,1.2979,1.29,1.282,1.3307,1.4192,1.6616,2.0322,2.3979,2.0175,2.6146,3.2102,3.8059,4.4014,4.9969,5.5924,6.1879,6.5667,6.5667,6.5667
1.307,1.2714,1.2485,1.2435,1.2408,1.2449,1.2491,1.2541,1.2591,1.2641,1.2692,1.2383,1.1819,3.6335,3.3978,3.1652,2.9385,2.7115,2.4823,2.253,2.0236,1.7941,1.5646,1.335,1.1055,0.876,0.6465
0.9272,0.9696,0.9968,1.0028,1.0061,1.0012,0.9962,0.9902,0.9843,0.9782,0.9722,1.0091,0.4549,4.3668,4.6479,4.9252,5.1955,5.4661,5.7394,6.0128,6.2863,6.56,6.6198,6.6198,6.6198,6.6198,6.6198
5.5209,5.3707,5.2741,5.2529,5.2413,5.2588,5.2764,5.2975,5.3186,5.3401,5.3616,5.2307,4.9927,4.3416,3.3458,1.1346,1.6117,2.0886,2.5645,3.0403,3.516,3.9918,4.4675,4.9432,4.67,3.7005,2.7309
2.6675,2.5949,2.5482,2.538,2.5324,2.5408,2.5493,2.5595,2.5697,1.9863,6.6737,6.6737,6.6737,6.6737,6.6737,6.4602,5.9975,5.5342,5.0663,4.5984,4.1301,3.6617,3.1932,2.7248,2.2564,1.7879,1.3195
0.8104,0.8475,0.8713,0.8765,0.8794,0.8751,0.8707,0.8655,0.8603,0.855,0.8497,0.882,0.9407,0.5739,2.0175,3.466,4.5412,4.7777,5.0166,5.2555,5.4947,5.7338,5.973,6.2122,6.4514,6.6905,6.701
1.4125,1.3741,1.3494,1.3439,1.3409,1.3454,1.3499,1.3553,1.3607,1.3662,1.3717,1.3382,1.2774,0.5475,1.581,2.716,3.1758,2.9305,2.6827,2.4349,2.187,1.9389,1.6909,1.4428,1.1948,0.9467,0.6987
1.921,2.0088,2.0653,2.0777,2.0845,2.0743,2.064,2.0516,2.0393,1.8946,1.3332,0.8033,6.7563,6.7563,6.7563,6.7563,6.7563,6.7563,6.7563,6.7563,6.7563,6.7563,6.7563,6.7563,6.7563,6.7563,6.7563
2.3668,2.475,2.5446,2.5599,2.5683,2.5557,2.543,2.5278,2.5125,2.4971,2.4816,2.5759,2.7473,3.2164,3.9338,4.6417,5.3317,6.0226,6.7203,6.7843,6.7843,6.7843,4.5861,5.0744,5.5628,6.0511,6.5394
1.469,1.429,1.4033,1.3977,1.3946,1.3992,1.4039,1.4095,1.4151,1.4208,1.4266,1.3918,4.2572,4.084,3.819,3.5576,3.3028,3.0476,2.79,2.5323,2.2744,2.0165,1.7585,1.5005,1.2426,0.9846,0.7266
0.7906,0.8267,0.85,0.8551,0.8579,0.8537,0.8494,0.8443,0.8393,0.8341,0.8289,0.8604,0.8209,3.7234,3.9631,4.1995,4.43,4.6608,4.8938,5.1269,5.3601,5.5934,5.8268,6.0601,6.2934,6.5267,6.7601
2.3302,2.2669,2.2261,2.2171,2.2122,2.2196,2.227,2.2359,2.2449,2.2539,2.263,2.2078,2.1073,1.8325,0.7693,1.3217,1.8774,2.433,2.9874,3.5417,3.6079,3.1988,2.7896,2.3803,1.9711,1.5619,1.1527
6.4361,5.917,5.3974,4.8772,6.8985,6.8985,6.8985,6.8985,6.8985,6.8985,6.8985,6.8985,6.8985,6.8985,6.8985,6.8985,6.8985,6.8985,6.8985,6.8985,6.8985,6.8985,6.8985,6.8985,6.8985,5.5863,4.1226
0.9813,1.0262,1.0551,1.0614,1.0649,1.0597,1.0544,1.0481,1.0418,1.0354,1.0289,1.068,1.1391,1.3336,1.0265,1.7634,2.5049,3.2462,3.9858,4.7253,5.4647,6.2041,6.9277,6.9277,6.9277,6.9277,6.9277
1.2914,1.2563,1.2337,1.2287,1.226,1.2301,1.2342,1.2391,1.2441,1.2491,1.2541,1.2235,1.1679,2.6908,3.3574,3.1276,2.9036,2.6792,2.4527,2.2262,1.9995,1.7727,1.5459,1.3192,1.0924,0.8656,0.6388
1.1109,1.1617,1.1944,1.2016,1.2055,1.1996,1.1936,1.1865,1.1793,1.1721,1.1648,0.9778,5.0119,5.2321,5.5688,5.9011,6.225,6.5493,6.8767,6.9868,6.9868,6.9868,6.9868,6.9868,6.9868,6.9868,6.9868
7.0167,7.0167,7.0167,7.0167,7.0167,7.0167,7.0167,7.0167,7.0167,7.0167,7.0167,7.0167,7.0167,7.0167,7.0167,7.0167,1.5623,2.0246,2.4859,2.9472,3.4083,3.8695,4.3306,4.7918,5.2529,5.714,6.1752
1.9485,1.8955,1.8614,1.8539,1.8498,1.856,1.8622,1.8697,1.8771,1.8847,1.6242,1.0691,5.647,5.4172,5.0658,4.719,4.381,4.0426,3.7008,3.359,3.0169,2.6748,2.3326,1.9904,1.6482,1.306,0.9638
0.7704,0.8056,0.8282,0.8332,0.8359,0.8318,0.8277,0.8228,0.8178,0.8128,0.8077,0.8384,0.8942,1.6991,3.8617,4.0921,4.3167,4.5416,4.7687,4.9958,5.2231,5.4504,5.6778,5.9051,6.1325,6.3599,6.5872
1.5977,1.5543,1.5263,1.5201,1.5168,1.5218,1.5269,1.5331,1.5392,1.5454,1.5516,1.5137,1.4449,1.2564,1.0793,1.8542,2.6339,3.3147,3.0345,2.7543,2.4737,2.1932,1.9126,1.6321,1.3515,1.0709,0.7903
3.9538,4.1346,4.2508,4.2764,4.2904,3.8564,3.3334,2.8105,2.2876,1.7647,7.139,7.139,7.139,7.139,7.139,7.139,7.139,7.139,7.139,7.139,7.139,7.139,7.139,7.139,7.139,7.139,7.139
1.4721,1.5394,1.5827,1.5922,1.5974,1.5896,1.5817,1.5722,1.5628,1.5532,1.5435,1.6022,1.7088,2.0006,2.4468,2.8871,3.3163,3.746,4.18,4.6139,4.0618,4.5238,5.0629,5.602,6.1411,6.6802,7.1702
1.3391,1.3027,1.2792,1.2741,1.2713,1.2755,1.2798,1.2849,1.29,1.2952,1.3004,1.2687,0.7063,3.7229,3.4814,3.2431,3.0108,2.7782,2.5433,2.3084,2.0733,1.8382,1.603,1.3679,1.1327,0.8975,0.6624
0.8535,0.8925,0.9176,0.9231,0.9261,0.9216,0.917,0.9115,0.906,0.9005,0.8949,0.9289,0.4439,4.0197,4.2784,4.5336,4.7824,5.0316,5.2832,5.5348,5.7866,6.0385,6.2903,6.5422,6.7941,7.046,7.2336
3.5554,3.4587,3.3964,3.3828,3.3753,3.3865,3.3979,3.4115,3.4251,3.4389,3.4528,3.3685,3.2152,2.7959,0.7369,1.1772,1.6723,2.1671,2.6609,3.1546,3.6482,4.1418,4.2561,3.6318,3.0074,2.383,1.7587
3.5385,3.4423,3.3804,3.3667,3.3593,3.3705,3.3818,2.956,2.406,7.298,7.298,7.298,7.298,7.298,7.298,7.298,7.298,7.298,6.7206,6.0999,5.4787,4.8573,4.236,3.6146,2.9932,2.3717,1.7503
0.8522,0.8911,0.9162,0.9217,0.9247,0.9202,0.9156,0.9101,0.9046,0.8991,0.8935,0.9274,0.9892,0.587,1.4459,2.4839,3.5284,4.5725,5.275,5.5262,5.7777,6.0291,6.2806,6.5321,6.7836,7.0351,7.2866
1.3383,1.3019,1.2784,1.2733,1.2705,1.2747,1.279,1.2841,1.2892,1.2944,1.2996,1.2679,1.2102,0.6479,2.2774,3.2411,3.0089,2.7765,2.5417,2.307,2.072,1.837,1.602,1.367,1.132,0.897,0.662
1.4741,1.5414,1.5848,1.5943,1.5995,1.5917,1.5838,1.5743,1.5648,1.5552,1.4221,0.8252,6.6503,6.9425,7.3893,7.3968,7.3968,7.3968,7.3968,7.3968,7.3968,7.3968,7.3968,7.3968,7.3968,7.3968,7.3968
3.9109,4.0897,4.2047,4.23,4.2439,4.223,4.2021,4.1769,4.1518,4.1263,4.1006,4.2564,4.5397,5.3149,6.5004,7.4304,7.4304,2.0579,2.5268,2.9956,3.4644,3.9331,4.4018,4.8705,5.3392,5.8079,6.2767
1.5917,1.5484,1.5206,1.5144,1.5111,1.5161,1.5212,1.5273,1.5334,1.5396,1.5458,1.1931,4.6129,4.4252,4.1381,3.8548,3.5787,3.3023,3.0231,2.7439,2.4644,2.1849,1.9054,1.6259,1.3464,1.0669,0.7873
0.7683,0.8034,0.826,0.8309,0.8337,0.8296,0.8254,0.8205,0.8156,0.8105,0.8055,0.8361,0.8918,3.6183,3.8512,4.0809,4.3049,4.5292,4.7556,4.9821,5.2088,5.4355,5.6622,5.889,6.1157,6.3424,6.5692
1.9458,1.8929,1.8589,1.8514,1.8473,1.8534,1.8596,1.8671,1.8745,1.8821,1.8897,1.8436,1.7597,1.5302,0.8484,1.4575,2.0703,2.683,3.2943,3.3544,3.0127,2.6711,2.3294,1.9877,1.6459,1.3042,0.9625
7.5677,7.5677,7.5677,7.5677,7.5677,7.5677,7.5677,7.5677,7.5677,7.5677,7.5677,7.5677,7.5677,7.5677,7.5677,7.5677,7.5677,7.5677,7.5677,7.5677,7.5677,7.5677,7.5677,7.5677,7.5677,7.5677,7.5677
1.1041,1.1546,1.1871,1.1942,1.1981,1.1922,1.1863,1.1792,1.1721,1.1649,1.1577,1.2017,1.2816,1.5005,1.8352,1.5155,2.1528,2.7898,3.4254,4.061,4.6965,5.3319,5.9674,6.6028,7.2382,7.6028,7.6028
1.2851,1.2502,1.2277,1.2228,1.2201,1.2241,1.2282,1.2331,1.2381,1.243,1.2481,1.2176,1.1622,3.5729,3.3411,3.1124,2.8895,2.6663,2.4409,2.2154,1.9898,1.7641,1.5385,1.3128,1.0871,0.8614,0.6357
0.9776,1.0223,1.0511,1.0574,1.0609,1.0557,1.0504,1.0441,1.0378,1.0315,1.0251,1.064,4.4107,4.6045,4.9008,5.1932,5.4782,5.7636,6.0518,6.34,6.6285,6.917,7.2055,7.494,7.674,7.674,7.674
7.7101,7.7101,7.7101,7.7101,7.7101,7.7101,7.7101,7.7101,7.7101,7.7101,7.7101,7.7101,7.5799,6.5913,5.0796,1.1075,1.5732,2.0388,2.5032,2.9677,3.4321,3.8965,4.3608,4.8252,5.2895,5.618,4.1461
2.31,2.2472,2.2067,2.1978,2.193,2.2003,2.2077,2.2165,2.2253,2.0726,1.4584,6.7942,6.6946,6.4221,6.0055,5.5944,5.1937,4.7925,4.3873,3.9821,3.5766,3.1709,2.7653,2.3596,1.954,1.5483,1.1426
0.7851,0.821,0.8441,0.8491,0.8519,0.8477,0.8435,0.8385,0.8334,0.8283,0.8232,0.8544,0.9113,0.7588,2.6674,4.1703,4.3992,4.6284,4.8598,5.0912,5.3229,5.5546,5.7863,6.018,6.2497,6.4814,6.7131
1.4601,1.4204,1.3949,1.3892,1.3862,1.3908,1.3955,1.401,1.4066,1.4123,1.418,1.3834,1.3205,0.566,1.3267,2.2791,3.2375,3.0293,2.7732,2.5171,2.2607,2.0043,1.7479,1.4915,1.2351,0.9787,0.7223
2.3613,2.4693,2.5387,2.554,2.5624,2.5498,2.5371,2.522,2.3603,1.8207,1.2812,7.858,7.858,7.858,7.858,7.858,7.858,7.858,7.858,7.858,7.858,7.858,7.858,7.858,7.858,7.858,7.858
1.8982,1.985,2.0408,2.0531,2.0598,2.0497,2.0395,2.0273,2.0151,2.0027,1.9903,2.0659,2.2034,2.5797,3.155,3.7228,4.2761,4.8303,5.3898,5.9494,6.5095,7.0697,7.6299,7.8959,7.8959,7.8959,7.8959
1.3997,1.3616,1.3371,1.3317,1.3288,1.3332,1.3377,1.343,1.3484,1.3538,1.3593,1.3261,0.7076,3.8913,3.6388,3.3898,3.147,2.9038,2.6583,2.4128,2.1671,1.9213,1.6755,1.4297,1.1839,0.9381,0.6923
0.8038,0.8405,0.8642,0.8694,0.8722,0.8679,0.8636,0.8585,0.8533,0.848,0.8428,0.8748,0.6126,3.7857,4.0293,4.2697,4.5041,4.7387,4.9756,5.2126,5.4498,5.687,5.9242,6.1614,6.3986,6.6359,6.8731
2.6514,2.5792,2.5328,2.5226,2.5171,2.5255,2.5339,2.5441,2.5542,2.5645,2.5748,2.512,2.3977,2.085,0.7262,1.2476,1.7722,2.2967,2.8199,3.3431,3.8663,3.6395,3.1739,2.7083,2.2427,1.7771,1.3115
5.4279,5.2803,5.1853,4.9212,4.3962,3.8713,3.3463,8.0511,8.0511,8.0511,8.0511,8.0511,8.0511,8.0511,8.0511,8.0511,8.0511,8.0511,8.0511,8.0511,8.0511,7.451,6.4978,5.5446,4.5914,3.6382,2.685
0.9167,0.9586,0.9856,0.9915,0.9948,0.9899,0.985,0.9791,0.9732,0.9672,0.9612,0.9977,1.0641,1.2458,1.1407,1.9596,2.7836,3.6073,4.4292,5.251,6.0727,6.486,6.7566,7.0271,7.2977,7.5683,7.8388
1.2935,1.2583,1.2357,1.2307,1.228,1.2321,1.2362,1.2412,1.2461,1.2511,1.2562,1.2255,1.1698,1.2067,3.3629,3.1327,2.9083,2.6836,2.4567,2.2299,2.0027,1.7756,1.5485,1.3213,1.0942,0.867,0.6398
1.2118,1.2672,1.3029,1.3107,1.315,1.3086,1.3021,1.2943,1.2865,1.2786,1.2706,0.9026,5.4673,5.7075,6.0748,6.4373,6.7905,7.1443,7.5015,7.8588,8.1716,8.1716,8.1716,8.1716,8.1716,8.1716,8.1716
8.2125,8.2125,8.2125,8.2125,8.2125,8.2125,8.2125,8.2125,8.2125,8.2125,8.2125,8.2125,8.2125,8.2125,8.2125,8.2125,1.5536,2.0134,2.4721,2.9308,3.3894,3.848,4.3066,4.7652,5.2237,5.6823,6.1409
1.774,1.7257,1.6947,1.6879,1.6841,1.6898,1.6954,1.7022,1.709,1.7159,1.7228,1.0127,5.1413,4.932,4.6121,4.2964,3.9886,3.6805,3.3693,3.0582,2.7467,2.4352,2.1237,1.8121,1.5006,1.1891,0.8775
0.7606,0.7954,0.8177,0.8227,0.8254,0.8213,0.8172,0.8123,0.8074,0.8025,0.7975,0.8278,0.8829,3.5823,3.8128,4.0403,4.262,4.4841,4.7083,4.9325,5.1569,5.3814,5.6059,5.8304,6.0548,6.2793,6.5038
1.6949,1.6488,1.6192,1.6126,1.6091,1.6145,1.6199,1.6263,1.6328,1.6394,1.646,1.6058,1.5328,1.3329,0.9664,1.6602,2.3583,3.0562,3.2191,2.9219,2.6243,2.3267,2.029,1.7314,1.4337,1.1361,0.8384
6.341,5.8296,5.3177,4.8051,4.2926,3.78,3.2674,2.7549,8.3806,8.3806,8.3806,8.3806,8.3806,8.3806,8.3806,8.3806,8.3806,8.3806,8.3806,8.3806,8.3806,8.3806,8.3806,8.3806,8.3806,8.3806,8.3806
1.2909,1.3499,1.3879,1.3962,1.4008,1.3939,1.387,1.3787,1.3704,1.362,1.3535,1.4049,1.4985,1.7543,2.1456,2.5317,2.908,2.4834,3.0491,3.6149,4.1806,4.7462,5.3118,5.8774,6.4431,7.0087,7.5743
1.3028,1.2674,1.2446,1.2396,1.2368,1.2409,1.2451,1.2501,1.2551,1.2601,1.2652,1.2343,0.985,3.622,3.3871,3.1552,2.9292,2.7029,2.4744,2.2459,2.0171,1.7884,1.5596,1.3308,1.102,0.8732,0.6444
0.8867,0.9272,0.9533,0.959,0.9622,0.9574,0.9527,0.947,0.9413,0.9355,0.9297,0.965,0.435,4.176,4.4448,4.71,4.9684,5.2273,5.4887,5.75,6.0117,6.2733,6.535,6.7967,7.0584,7.3201,7.5818
4.5049,4.3824,4.3035,4.2862,4.2767,4.291,4.3053,4.3226,4.3398,4.3573,4.3749,4.2681,4.0739,3.5426,2.7301,1.1364,1.6143,2.092,2.5687,3.0453,3.5218,3.9983,4.4748,4.6017,3.8106,3.0195,2.2284
2.9078,2.8287,2.7778,2.7666,2.7605,2.7697,2.779,2.7901,2.4774,1.9111,8.6005,8.5525,8.4271,8.0842,7.5597,7.0422,6.5378,6.0328,5.5227,5.0127,4.5022,3.9916,3.4809,2.9703,2.4597,1.949,1.4384
0.8159,0.8531,0.8771,0.8824,0.8853,0.881,0.8766,0.8713,0.8661,0.8608,0.8554,0.8879,0.947,0.562,1.7322,2.9759,4.2272,4.8098,5.0503,5.2908,5.5315,5.7723,6.013,6.2538,6.4946,6.7354,6.9762
1.3666,1.3294,1.3055,1.3003,1.2974,1.3017,1.3061,1.3113,1.3165,1.3218,1.3272,1.2948,1.2359,0.5297,1.7679,3.0371,3.0727,2.8353,2.5956,2.3559,2.1159,1.876,1.636,1.396,1.156,0.916,0.676
1.7014,1.7792,1.8292,1.8403,1.8463,1.8372,1.8281,1.8172,1.8062,1.7951,1.3493,0.783,7.6761,8.0133,8.5291,8.7381,8.7381,8.7381,8.7381,8.7381,8.7381,8.7381,8.7381,8.7381,8.7381,8.7381,8.7381
2.7526,2.8784,2.9594,2.9772,2.9869,2.9723,2.9575,2.9398,2.9221,2.9041,2.8861,2.9958,3.1952,3.7408,4.5751,5.3984,6.2008,7.0044,7.8158,3.0354,3.5103,3.9853,4.4602,4.9352,5.4101,5.8851,6.36
1.4955,1.4548,1.4286,1.4228,1.4197,1.4244,1.4292,1.4349,1.4407,1.4465,1.4523,1.3406,4.334,4.1576,3.8879,3.6218,3.3623,3.1026,2.8403,2.578,2.3154,2.0528,1.7902,1.5276,1.265,1.0024,0.7397
0.7727,0.808,0.8307,0.8357,0.8384,0.8343,0.8302,0.8252,0.8203,0.8152,0.8101,0.8409,0.8969,3.6391,3.8733,4.1044,4.3297,4.5552,4.783,5.0108,5.2388,5.4668,5.6948,5.9228,6.1509,6.3789,6.607
2.1416,2.0834,2.0459,2.0376,2.0331,2.0399,2.0467,2.0549,2.0631,2.0715,2.0798,2.029,1.9367,1.6841,0.7883,1.3542,1.9236,2.4929,3.0608,3.6288,3.3159,2.9398,2.5637,2.1876,1.8115,1.4355,1.0594
8.9775,8.9775,8.9775,8.9775,8.9775,8.9775,8.9775,8.9775,8.9775,8.9775,8.9775,8.9775,8.9775,8.9775,8.9775,8.9775,8.9775,8.9775,8.9775,8.9775,8.9775,8.9775,8.9775,8.9775,8.9775,8.2115,6.0601
1.0128,1.0591,1.0889,1.0954,1.099,1.0936,1.0882,1.0817,1.0752,1.0686,1.0619,1.1023,1.1756,1.3764,1.0047,1.6406,2.3304,3.0201,3.7081,4.3962,5.0841,5.7719,6.4598,7.1477,7.8355,8.3613,8.6602
1.274,1.2394,1.2171,1.2122,1.2095,1.2135,1.2176,1.2225,1.2273,1.2323,1.2373,1.2071,1.1521,3.542,3.3122,3.0855,2.8645,2.6432,2.4197,2.1963,1.9726,1.7489,1.5251,1.3014,1.0777,0.8539,0.6302
1.0438,1.0916,1.1222,1.129,1.1327,1.1271,1.1215,1.1148,1.1081,1.1013,1.0945,1.0176,4.7093,4.9162,5.2326,5.5448,5.8491,6.1538,6.4615,6.7692,7.0772,7.3853,7.6933,8.0014,8.3095,8.6176,8.9256
9.1787,9.1787,9.1787,9.1787,9.1787,9.1787,9.1787,9.1787,9.1787,9.1787,9.1787,9.1787,9.1787,9.1787,9.1787,1.09,1.5484,2.0066,2.4638,2.9209,3.378,3.835,4.292,4.7491,5.2061,5.6631,6.1202
2.0483,1.9926,1.9567,1.9488,1.9445,1.951,1.9576,1.9654,1.9732,1.9812,1.5389,6.0245,5.9362,5.6946,5.3252,4.9606,4.6053,4.2495,3.8903,3.531,3.1714,2.8117,2.452,2.0923,1.7326,1.3729,1.0132
0.767,0.8021,0.8247,0.8296,0.8323,0.8283,0.8241,0.8192,0.8143,0.8093,0.8042,0.8348,0.8904,1.141,3.8451,4.0745,4.2981,4.522,4.7481,4.9742,5.2006,5.4269,5.6533,5.8797,6.106,6.3324,6.5588
1.5248,1.4833,1.4566,1.4508,1.4476,1.4524,1.4572,1.4631,1.4689,1.4748,1.4808,1.4446,1.3789,1.1991,1.1486,1.9733,2.8031,3.1635,2.896,2.6285,2.3608,2.0931,1.8253,1.5576,1.2898,1.022,0.7542
3.1099,3.252,3.3435,3.3636,3.3746,3.358,3.3348,2.8117,2.2885,1.7654,1.2423,9.3891,9.3891,9.3891,9.3891,9.3891,9.3891,9.3891,9.3891,9.3891,9.3891,9.3891,9.3891,9.3891,9.3891,9.3891,9.3891
1.5917,1.6644,1.7112,1.7215,1.7271,1.7187,1.7101,1.6999,1.6897,1.6793,1.6689,1.7323,1.8476,2.1631,2.6455,3.1215,3.5856,4.0502,4.5194,4.9886,5.4582,5.9279,6.3977,6.8674,7.3372,7.8069,8.2767
1.3462,1.3096,1.2861,1.2809,1.2781,1.2823,1.2866,1.2918,1.2969,1.3021,1.3074,1.2755,0.6806,3.7428,3.5,3.2604,3.0269,2.793,2.5569,2.3208,2.0844,1.848,1.6116,1.3752,1.1388,0.9023,0.6659
0.8245,0.8622,0.8865,0.8918,0.8947,0.8903,0.8859,0.8806,0.8753,0.8699,0.8645,0.8974,0.4904,3.8833,4.1332,4.3798,4.6202,4.8609,5.1039,5.347,5.5902,5.8336,6.0769,6.3202,6.5636,6.8069,7.0503
3.1115,3.0269,2.9724,2.9605,2.9539,2.9638,2.9737,2.9856,2.9975,3.0096,3.0217,2.948,2.8138,2.4469,0.6925,1.1897,1.69,2.1901,2.689,3.188,3.6868,4.1857,3.7248,3.1784,2.632,2.0855,1.5391
4.0345,3.9247,3.8541,3.8386,3.8301,3.8429,3.4053,2.8711,2.3369,9.6661,9.6661,9.6661,9.6661,9.6661,9.6661,9.6661,9.071,8.3702,7.6626,6.9549,6.2466,5.5382,4.8297,4.1212,3.4127,2.7042,1.9957
0.866,0.9056,0.9311,0.9367,0.9397,0.9351,0.9305,0.9249,0.9193,0.9137,0.908,0.9425,1.0052,1.1769,1.2976,2.2292,3.1666,4.1037,5.0386,5.616,5.8716,6.1271,6.3827,6.6383,6.8939,7.1495,7.405
1.3063,1.2708,1.248,1.2429,1.2402,1.2443,1.2485,1.2535,1.2585,1.2635,1.2686,1.2377,1.1814,0.7781,2.7352,3.1638,2.9372,2.7102,2.4811,2.252,2.0226,1.7932,1.5638,1.3344,1.105,0.8756,0.6462
1.3469,1.4085,1.4481,1.4568,1.4615,1.4544,1.4472,1.4385,1.4298,1.421,1.4122,0.8438,6.0765,6.3435,6.7517,7.1546,7.5472,7.9404,8.3375,8.7345,9.1319,9.5294,9.8402,9.8402,9.8402,9.8402,9.8402
5.2133,5.4517,5.6049,5.6387,5.6571,5.6294,5.6014,5.5679,5.5344,5.5003,5.4662,5.6739,6.0515,7.0849,8.6651,9.8997,9.8997,2.0185,2.4784,2.9383,3.398,3.8578,4.3175,4.7773,5.237,5.6967,6.1565
1.6386,1.5941,1.5654,1.5591,1.5556,1.5608,1.566,1.5723,1.5786,1.585,1.5913,1.1052,4.7489,4.5557,4.2601,3.9685,3.6843,3.3996,3.1122,2.8248,2.5371,2.2494,1.9616,1.6739,1.3861,1.0983,0.8106
0.7571,0.7917,0.8139,0.8188,0.8215,0.8175,0.8134,0.8086,0.8037,0.7987,0.7938,0.8239,0.8788,3.5656,3.7951,4.0215,4.2422,4.4632,4.6864,4.9096,5.133,5.3564,5.5798,5.8032,6.0267,6.2501,6.4735
1.8222,1.7726,1.7407,1.7337,1.7299,1.7356,1.7414,1.7484,1.7554,1.7625,1.7696,1.7264,1.6478,1.4329,0.8802,1.5122,2.1481,2.7838,3.418,3.1412,2.8212,2.5013,2.1813,1.8613,1.5413,1.2213,0.9013
10.0,10.0,10.0,10.0,10.0,10.0,10.0,10.0,10.0,10.0,10.0,10.0,10.0,10.0,10.0,10.0,10.0,10.0,10.0,10.0,10.0,10.0,10.0,10.0,10.0,10.0,10.0
1.1561,1.209,1.243,1.2505,1.2546,1.2484,1.2422,1.2348,1.2273,1.2198,1.2122,1.2583,1.342,1.5712,1.9216,1.4926,2.0342,2.6362,3.2368,3.8374,4.4378,5.0383,5.6387,6.2391,6.8395,7.4399,8.0404
1.2781,1.2434,1.221,1.2161,1.2134,1.2175,1.2215,1.2264,1.2313,1.2363,1.2413,1.211,1.1559,3.5535,3.3229,3.0955,2.8738,2.6517,2.4276,2.2034,1.979,1.7545,1.5301,1.3056,1.0812,0.8567,0.6322
0.9309,0.9735,1.0009,1.0069,1.0102,1.0052,1.0002,0.9943,0.9883,0.9822,0.9761,1.0132,0.4567,4.3845,4.6667,4.9451,5.2165,5.4883,5.7627,6.0371,6.3118,6.5865,6.8613,7.136,7.4108,7.6855,7.9603
6.2453,6.0755,5.9662,5.9421,5.929,5.9488,5.9687,5.9926,6.0165,6.0408,6.0651,5.9171,5.6479,4.9113,3.7849,1.1066,1.572,2.0372,2.5013,2.9654,3.4294,3.8934,4.3574,4.8214,5.2828,4.186,3.0893
2.4802,2.4127,2.3694,2.3598,2.3546,2.3624,2.3704,2.3798,2.3893,1.987,1.4196,7.2948,7.1879,6.8954,6.4481,6.0067,5.5765,5.1457,4.7106,4.2756,3.8401,3.4046,2.9691,2.5335,2.098,1.6624,1.2268
0.7883,0.8243,0.8475,0.8526,0.8554,0.8512,0.8469,0.8419,0.8368,0.8317,0.8265,0.8579,0.915,0.6228,2.1892,3.7609,4.417,4.6471,4.8794,5.1118,5.3444,5.577,5.8096,6.0423,6.2749,6.5076,6.7402
1.4083,1.37,1.3454,1.3399,1.337,1.3414,1.3459,1.3513,1.3567,1.3622,1.3677,1.3343,1.2736,0.5459,1.451,2.4926,3.1664,2.9218,2.6748,2.4277,2.1805,1.9332,1.6859,1.4386,1.1913,0.9439,0.6966
2.036,2.1291,2.189,2.2022,2.2094,2.1985,2.1876,2.1745,2.1614,1.8374,1.2929,0.8514,9.1857,9.5892,10.0,10.0,10.0,10.0,10.0,10.0,10.0,10.0,10.0,10.0,10.0,10.0,10.0
2.1309,2.2283,2.2909,2.3047,2.3123,2.3009,2.2895,2.2758,2.2621,2.2482,2.2342,2.3191,2.4735,2.8958,3.5417,4.179,4.8002,5.4223,6.0504,6.6786,7.3073,7.9362,8.565,9.1939,5.5294,6.0148,6.5002
1.4201,1.3814,1.3566,1.3511,1.3481,1.3526,1.3572,1.3626,1.368,1.3735,1.3791,1.3454,4.1155,3.948,3.6919,3.4392,3.1928,2.9462,2.6971,2.448,2.1987,1.9493,1.7,1.4506,1.2012,0.9518,0.7024
0.7836,0.8194,0.8425,0.8475,0.8503,0.8461,0.8419,0.8369,0.8319,0.8267,0.8216,0.8528,0.716,3.6906,3.9281,4.1625,4.3909,4.6197,4.8507,5.0817,5.3129,5.5441,5.7754,6.0067,6.2379,6.4692,6.7005
2.4063,2.3408,2.2987,2.2894,2.2844,2.292,2.2997,2.3089,2.3181,2.3274,2.3368,2.2798,2.1761,1.8923,0.7411,1.2732,1.8086,2.3438,2.8778,3.4117,3.7256,3.3031,2.8805,2.458,2.0354,1.6128,1.1903
6.3621,5.849,5.3354,4.8211,4.3068,3.7926,10.0,10.0,10.0,10.0,10.0,10.0,10.0,10.0,10.0,10.0,10.0,10.0,10.0,10.0,10.0,9.3641,8.1662,6.9682,5.7703,4.5723,3.3743
0.9416,0.9847,1.0123,1.0184,1.0218,1.0167,1.0117,1.0056,0.9996,0.9934,0.9873,1.0248,1.093,1.2796,1.0513,1.8061,2.5656,3.3248,4.0823,4.8397,5.5971,6.3543,6.9399,7.2178,7.4957,7.7736,8.0515
1.2732,1.2386,1.2163,1.2114,1.2087,1.2128,1.2168,1.2217,1.2266,1.2315,1.2365,1.2063,1.1514,1.8064,3.3101,3.0835,2.8627,2.6415,2.4182,2.1949,1.9713,1.7477,1.5242,1.3006,1.077,0.8534,0.6298
1.1305,1.1822,1.2154,1.2227,1.2267,1.2207,1.2146,1.2074,1.2001,1.1927,1.1853,0.9339,5.1002,5.3243,5.6669,6.005,6.3346,6.6646,6.9979,7.3311,7.6647,7.9983,8.3319,8.6656,8.9992,9.3328,9.6665
10.0,10.0,10.0,10.0,10.0,10.0,10.0,10.0,10.0,10.0,10.0,10.0,10.0,10.0,10.0,10.0,1.5363,1.991,2.4446,2.8982,3.3517,3.8052,4.2586,4.7121,5.1656,5.619,6.0725
1.8511,1.8007,1.7684,1.7612,1.7573,1.7632,1.7691,1.7762,1.7833,1.7905,1.644,1.0157,5.3647,5.1464,4.8125,4.4831,4.162,3.8404,3.5157,3.1911,2.8661,2.541,2.216,1.8909,1.5658,1.2407,0.9156
0.7556,0.7901,0.8124,0.8172,0.8199,0.8159,0.8118,0.807,0.8021,0.7972,0.7922,0.8223,0.8771,2.3657,3.7877,4.0137,4.234,4.4545,4.6773,4.9,5.123,5.346,5.5689,5.792,6.015,6.238,6.461
1.61,1.5662,1.538,1.5318,1.5284,1.5335,1.5387,1.5448,1.551,1.5572,1.5635,1.5254,1.456,1.2661,1.0186,1.7499,2.4858,3.2214,3.0578,2.7754,2.4927,2.21,1.9273,1.6446,1.3619,1.0791,0.7964
4.6334,4.8453,4.9815,4.7956,4.2841,3.7725,3.261,2.7494,2.2378,1.7834,10.0,10.0,10.0,10.0,10.0,10.0,10.0,10.0,10.0,10.0,10.0,10.0,10.0,10.0,10.0,10.0,10.0
1.3777,1.4407,1.4812,1.4901,1.495,1.4877,1.4803,1.4714,1.4626,1.4536,1.4446,1.4994,1.5992,1.8723,2.2899,2.702,3.1036,3.5058,2.9887,3.4584,3.9996,4.5407,5.0819,5.623,6.1641,6.7052,7.2464
1.3064,1.2709,1.248,1.243,1.2402,1.2444,1.2485,1.2535,1.2585,1.2636,1.2687,1.2377,0.7804,3.632,3.3964,3.1639,2.9373,2.7104,2.4812,2.2521,2.0227,1.7933,1.5639,1.3345,1.1051,0.8756,0.6462
0.8537,0.8927,0.9178,0.9233,0.9264,0.9218,0.9172,0.9118,0.9063,0.9007,0.8951,0.9291,0.4188,4.0207,4.2795,4.5348,4.7837,5.0329,5.2845,5.5362,5.7881,6.04,6.2919,6.5439,6.7959,7.0478,7.2998
3.8115,3.7078,3.6411,3.6264,3.6184,3.6305,3.6426,3.6572,3.6718,3.6866,3.7015,3.6111,3.4469,2.9973,2.3099,1.1452,1.6268,2.1082,2.5885,3.0688,3.549,4.0292,4.5094,3.8934,3.2241,2.5547,1.8854
3.2236,3.1359,3.0795,3.0671,3.0603,3.0705,3.0808,2.9474,2.399,1.8506,9.5577,9.4813,9.3424,8.9622,8.3808,7.8071,7.2479,6.6879,6.1225,5.5571,4.9911,4.4251,3.859,3.2929,2.7268,2.1607,1.5946
0.8264,0.8642,0.8885,0.8939,0.8968,0.8924,0.888,0.8827,0.8773,0.8719,0.8665,0.8995,0.9593,0.5693,1.5217,2.6141,3.7134,4.8123,5.1159,5.3595,5.6034,5.8472,6.0911,6.3351,6.579,6.8229,7.0668
1.3305,1.2943,1.271,1.2659,1.2631,1.2673,1.2715,1.2766,1.2817,1.2869,1.2921,1.2605,1.2032,0.5759,2.0244,3.2222,2.9914,2.7603,2.5269,2.2935,2.06,1.8263,1.5927,1.3591,1.1254,0.8918,0.6581
1.5319,1.6019,1.647,1.6569,1.6623,1.6541,1.6459,1.6361,1.6262,1.6162,1.3745,0.7977,6.9112,7.2148,7.6792,8.1373,8.5839,9.0311,9.4827,9.9343,10.0,10.0,10.0,10.0,10.0,10.0,10.0
3.3257,3.4777,3.5755,3.597,3.6088,3.5911,3.5733,3.5519,3.5305,3.5088,3.487,3.6195,3.8604,4.5196,5.5277,6.5223,7.4918,8.4627,2.5051,2.9699,3.4346,3.8993,4.364,4.8287,5.2934,5.7581,6.2228
1.5328,1.4911,1.4643,1.4584,1.4551,1.46,1.4649,1.4707,1.4766,1.4826,1.4885,1.2285,4.4422,4.2614,3.9849,3.7121,3.4463,3.18,2.9112,2.6423,2.3732,2.1041,1.8349,1.5657,1.2965,1.0274,0.7582
0.7596,0.7944,0.8167,0.8216,0.8243,0.8203,0.8162,0.8113,0.8064,0.8015,0.7965,0.8267,0.8818,3.5777,3.808,4.0352,4.2566,4.4784,4.7023,4.9262,5.1504,5.3746,5.5987,5.8229,6.0471,6.2713,6.4955
1.9892,1.9351,1.9003,1.8926,1.8884,1.8947,1.9011,1.9087,1.9163,1.924,1.9318,1.8846,1.7989,1.5643,0.8135,1.3975,1.9852,2.5727,3.1588,3.4291,3.0798,2.7305,2.3812,2.0319,1.6826,1.3333,0.9839
10.0,10.0,10.0,10.0,10.0,10.0,10.0,10.0,10.0,10.0,10.0,10.0,10.0,10.0,10.0,10.0,10.0,10.0,10.0,10.0,10.0,10.0,10.0,10.0,10.0,10.0,10.0
1.0535,1.1016,1.1326,1.1394,1.1432,1.1376,1.1319,1.1251,1.1184,1.1115,1.1046,1.1465,1.2229,1.4317,1.751,1.5403,2.188,2.8354,3.4814,4.1274,4.7733,5.4191,6.0649,6.7107,7.3565,8.0023,8.6481
1.2642,1.2298,1.2077,1.2028,1.2001,1.2041,1.2082,1.213,1.2179,1.2228,1.2277,1.1977,1.1432,3.5146,3.2866,3.0616,2.8423,2.6228,2.401,2.1793,1.9573,1.7353,1.5134,1.2913,1.0693,0.8473,0.6253
0.9888,1.034,1.0631,1.0695,1.073,1.0677,1.0624,1.0561,1.0497,1.0433,1.0368,1.0684,4.4611,4.6571,4.9568,5.2525,5.5408,5.8295,6.121,6.4124,6.7042,6.996,7.2878,7.5797,7.8715,8.1633,8.4552
10.0,10.0,9.9187,9.8787,9.8569,9.8898,9.9229,9.9626,10.0,10.0,10.0,9.837,9.3895,8.1649,6.2923,1.0866,1.5435,2.0003,2.456,2.9117,3.3673,3.8229,4.2785,4.7341,5.1897,5.6453,5.1359
2.1747,2.1155,2.0775,2.0691,2.0645,2.0714,2.0783,2.0866,2.095,2.0876,1.469,6.3961,6.3024,6.0459,5.6537,5.2667,4.8895,4.5117,4.1303,3.7488,3.367,2.9852,2.6033,2.2214,1.8395,1.4576,1.0757
0.7682,0.8033,0.8259,0.8309,0.8336,0.8295,0.8254,0.8205,0.8155,0.8105,0.8055,0.8361,0.8917,0.8586,3.0181,4.0807,4.3046,4.5289,4.7553,4.9818,5.2084,5.4351,5.6619,5.8886,6.1153,6.342,6.5688
1.4653,1.4254,1.3998,1.3941,1.3911,1.3957,1.4004,1.406,1.4116,1.4173,1.423,1.3883,1.3251,1.1523,1.2369,2.1249,3.0185,3.04,2.783,2.526,2.2687,2.0114,1.7541,1.4968,1.2395,0.9821,0.7248
2.5667,2.684,2.7595,2.7761,2.7852,2.7715,2.7578,2.7413,2.3031,1.7766,1.2502,10.0,10.0,10.0,10.0,10.0,10.0,10.0,10.0,10.0,10.0,10.0,10.0,10.0,10.0,10.0,10.0
1.7465,1.8263,1.8777,1.889,1.8951,1.8858,1.8765,1.8652,1.854,1.8426,1.8312,1.9007,2.0273,2.3734,2.9028,3.4252,3.9343,4.4441,4.959,5.4738,5.9891,6.5045,7.0199,7.5354,8.0508,8.5663,9.0817
1.3617,1.3247,1.3008,1.2956,1.2927,1.297,1.3014,1.3066,1.3118,1.3171,1.3224,1.2901,0.6884,3.7857,3.5402,3.2978,3.0616,2.8251,2.5862,2.3474,2.1083,1.8692,1.6301,1.391,1.1518,0.9127,0.6736
0.8015,0.8382,0.8617,0.8669,0.8698,0.8655,0.8612,0.856,0.8509,0.8457,0.8404,0.8723,0.5526,3.775,4.018,4.2577,4.4913,4.7253,4.9616,5.1979,5.4344,5.6709,5.9075,6.144,6.3806,6.6172,6.8537
2.775,2.6995,2.6509,2.6402,2.6344,2.6432,2.652,2.6627,2.6733,2.6841,2.6949,2.6291,2.5095,2.1822,0.7043,1.2099,1.7186,2.2272,2.7346,3.242,3.7493,3.8092,3.3219,2.8346,2.3473,1.86,1.3726
4.7388,4.6099,4.527,4.5088,4.3714,3.8494,3.3274,2.8054,10.0,10.0,10.0,10.0,10.0,10.0,10.0,10.0,10.0,9.8316,9.0004,8.1692,7.3372,6.5051,5.6729,4.8407,4.0085,3.1763,2.3441
0.8859,0.9264,0.9524,0.9581,0.9613,0.9566,0.9518,0.9461,0.9404,0.9346,0.9288,0.9641,1.0283,1.2039,1.1812,2.0292,2.8825,3.7355,4.5866,5.4376,6.0062,6.2677,6.5291,6.7905,7.052,7.3135,7.5749
1.2827,1.2478,1.2254,1.2204,1.2177,1.2218,1.2259,1.2308,1.2357,1.2407,1.2457,1.2153,1.16,0.9856,3.3348,3.1066,2.884,2.6612,2.4362,2.2112,1.986,1.7608,1.5356,1.3103,1.085,0.8598,0.6345
1.2448,1.3017,1.3383,1.3464,1.3508,1.3442,1.3375,1.3295,1.3215,1.3134,1.3052,0.8688,5.6161,5.8629,6.2402,6.6125,6.9754,7.3388,7.7058,8.0727,8.44,8.8074,9.1748,9.5422,9.9096,10.0,10.0
7.9579,8.3217,8.5556,8.6072,8.6353,8.5929,8.5503,8.4991,8.4479,8.396,8.3438,8.6609,9.2373,10.0,10.0,10.0,1.5366,1.9914,2.4451,2.8987,3.3523,3.8059,4.2595,4.713,5.1666,5.6201,6.0737
1.6996,1.6534,1.6236,1.6171,1.6135,1.6189,1.6243,1.6308,1.6373,1.6439,1.6505,1.0337,4.9256,4.7252,4.4186,4.1162,3.8213,3.5261,3.228,2.9299,2.6315,2.3331,2.0346,1.7361,1.4377,1.1392,0.8407
0.7503,0.7846,0.8067,0.8116,0.8142,0.8102,0.8062,0.8014,0.7965,0.7916,0.7867,0.8166,0.871,3.5339,3.7614,3.9858,4.2045,4.4236,4.6448,4.8659,5.0873,5.3088,5.5302,5.7517,5.9731,6.1946,6.416
1.7209,1.6741,1.644,1.6373,1.6337,1.6392,1.6447,1.6512,1.6578,1.6645,1.6712,1.6304,1.5563,1.3533,0.9208,1.5819,2.2471,2.9121,3.2684,2.9666,2.6645,2.3623,2.0601,1.7579,1.4557,1.1535,0.8512
6.2392,5.736,5.2324,4.728,4.2237,3.8155,10.0,10.0,10.0,10.0,10.0,10.0,10.0,10.0,10.0,10.0,10.0,10.0,10.0,10.0,10.0,10.0,10.0,10.0,10.0,10.0,10.0
1.2218,1.2777,1.3136,1.3215,1.3258,1.3193,1.3128,1.3049,1.2971,1.2891,1.2811,1.3298,1.4183,1.6605,2.0308,2.3962,1.937,2.5102,3.082,3.6539,4.2257,4.7974,5.3691,5.9409,6.5126,7.0843,7.656
1.2785,1.2437,1.2214,1.2164,1.2138,1.2178,1.2219,1.2268,1.2317,1.2366,1.2416,1.2113,1.1526,3.5545,3.3239,3.0964,2.8746,2.6525,2.4283,2.204,1.9795,1.755,1.5305,1.306,1.0815,0.8569,0.6324
0.8928,0.9336,0.9598,0.9656,0.9688,0.964,0.9592,0.9535,0.9477,0.9419,0.9361,0.9716,0.438,4.2047,4.4753,4.7423,5.0025,5.2632,5.5263,5.7895,6.0529,6.3164,6.5799,6.8433,7.1068,7.3703,7.6338
4.9826,4.8471,4.7599,4.7407,4.7302,4.746,4.7619,4.781,4.8,4.8194,4.8388,4.7207,4.506,3.9183,3.0196,1.1122,1.5799,2.0474,2.5139,2.9804,3.4467,3.9131,4.3794,4.8457,4.2147,3.3397,2.4647
2.6981,2.6247,2.5775,2.5671,2.5615,2.57,2.5786,2.5889,2.4858,1.9175,7.9998,7.9358,7.8195,7.5013,7.0146,6.5345,6.0665,5.5978,5.1245,4.6513,4.1775,3.7038,3.23,2.7561,2.2823,1.8085,1.3346
0.7962,0.8326,0.856,0.8611,0.8639,0.8597,0.8554,0.8503,0.8452,0.84,0.8348,0.8665,0.9242,0.5484,1.8608,3.1967,4.4613,4.6937,4.9284,5.1631,5.398,5.6329,5.8679,6.1029,6.3379,6.5728,6.8078
1.3669,1.3297,1.3058,1.3005,1.2977,1.302,1.3064,1.3116,1.3168,1.3221,1.3275,1.2951,1.2361,0.5299,1.6141,2.773,3.0733,2.8359,2.5961,2.3564,2.1164,1.8764,1.6363,1.3963,1.1562,0.9162,0.6761
1.7951,1.8771,1.9299,1.9415,1.9479,1.9383,1.9287,1.9171,1.9056,1.8655,1.3127,0.7618,8.0985,8.4543,8.9984,9.5353,10.0,10.0,10.0,10.0,10.0,10.0,10.0,10.0,10.0,10.0,10.0
2.4504,2.5624,2.6345,2.6503,2.659,2.646,2.6328,2.6171,2.6013,2.5853,2.5693,2.6669,2.8444,3.3301,4.0728,4.8057,5.5201,6.2354,6.9577,7.6801,8.4031,3.9745,4.4481,4.9218,5.3954,5.8691,6.3427
1.45,1.4105,1.3851,1.3796,1.3765,1.3811,1.3857,1.3913,1.3968,1.4025,1.4081,1.3737,4.2021,4.0311,3.7696,3.5116,3.26,3.0082,2.7539,2.4995,2.245,1.9904,1.7357,1.4811,1.2265,0.9719,0.7172
0.7684,0.8036,0.8262,0.8311,0.8339,0.8298,0.8257,0.8207,0.8158,0.8108,0.8057,0.8363,0.8703,3.6192,3.8521,4.082,4.306,4.5303,4.7568,4.9834,5.2101,5.4369,5.6637,5.8904,6.1172,6.344,6.5708
2.2113,2.1512,2.1125,2.104,2.0993,2.1063,2.1134,2.1218,2.1303,2.1389,2.1475,2.0951,1.9998,1.739,0.7614,1.308,1.8581,2.4079,2.9565,3.5051,3.4238,3.0355,2.6472,2.2589,1.8705,1.4822,1.0938
6.2689,5.7633,5.2572,10.0,10.0,10.0,10.0,10.0,10.0,10.0,10.0,10.0,10.0,10.0,10.0,10.0,10.0,10.0,10.0,10.0,10.0,10.0,10.0,9.5023,7.8687,6.235,4.6014
0.9741,1.0186,1.0473,1.0536,1.057,1.0518,1.0466,1.0403,1.0341,1.0277,1.0213,1.0601,1.1307,1.3238,0.9791,1.682,2.3893,3.0963,3.8017,4.5072,5.2124,5.9177,6.6229,7.3281,7.7543,8.0418,8.3293
1.2604,1.2261,1.2041,1.1992,1.1966,1.2006,1.2046,1.2094,1.2142,1.2191,1.224,1.1942,1.1398,3.5041,3.2768,3.0525,2.8339,2.6149,2.3939,2.1728,1.9515,1.7302,1.5088,1.2875,1.0662,0.8448,0.6235
1.0641,1.1127,1.144,1.1509,1.1546,1.149,1.1433,1.1364,1.1296,1.1226,1.1157,0.9738,4.8005,5.0114,5.334,5.6522,5.9624,6.273,6.5867,6.9004,7.2143,7.5283,7.8424,8.1564,8.4705,8.7845,9.0985
10.0,10.0,10.0,10.0,10.0,10.0,10.0,10.0,10.0,10.0,10.0,10.0,10.0,10.0,10.0,1.0756,1.5279,1.98,2.4311,2.8822,3.3332,3.7842,4.2352,4.6862,5.1371,5.5881,6.0391
1.9483,1.8953,1.8612,1.8537,1.8496,1.8558,1.862,1.8695,1.8769,1.8845,1.5612,5.7304,5.6464,5.4166,5.0652,4.7185,4.3806,4.0421,3.7004,3.3587,3.0166,2.6745,2.3323,1.9902,1.648,1.3059,0.9637
0.7549,0.7894,0.8116,0.8165,0.8192,0.8151,0.8111,0.8062,0.8014,0.7965,0.7915,0.8216,0.8763,1.4067,3.7842,4.01,4.2301,4.4505,4.673,4.8955,5.1183,5.341,5.5638,5.7866,6.0094,6.2322,6.455
1.5405,1.4986,1.4716,1.4657,1.4624,1.4673,1.4722,1.4781,1.484,1.49,1.496,1.4595,1.3931,1.2114,1.0844,1.8629,2.6462,3.196,2.9258,2.6556,2.3851,2.1146,1.8441,1.5736,1.3031,1.0325,0.762
3.5195,3.6804,3.7838,3.8066,3.8191,3.7867,3.2732,2.7598,2.2463,1.7328,10.0,10.0,10.0,10.0,10.0,10.0,10.0,10.0,10.0,10.0,10.0,10.0,10.0,10.0,10.0,10.0,10.0
1.4879,1.5559,1.5997,1.6093,1.6145,1.6066,1.5987,1.5891,1.5795,1.5698,1.5601,1.6193,1.7271,2.022,2.473,2.918,3.3518,3.7861,4.2248,4.6634,5.1024,5.5415,4.9835,5.4226,5.9374,6.4586,6.9798
1.3177,1.2818,1.2588,1.2537,1.2509,1.2551,1.2593,1.2644,1.2694,1.2745,1.2797,1.2484,0.6662,3.6634,3.4257,3.1912,2.9627,2.7338,2.5027,2.2715,2.0402,1.8088,1.5774,1.346,1.1146,0.8832,0.6518
0.8272,0.865,0.8894,0.8947,0.8976,0.8932,0.8888,0.8835,0.8782,0.8728,0.8673,0.9003,0.4523,3.896,4.1468,4.3942,4.6353,4.8768,5.1207,5.3645,5.6086,5.8527,6.0969,6.341,6.5852,6.8293,7.0734
3.3131,3.2229,3.165,3.1522,3.1452,3.1557,3.1663,3.179,3.1917,3.2045,3.2174,3.1389,2.9961,2.6054,0.6867,1.161,1.6492,2.1372,2.6241,3.1111,3.5979,4.0847,3.9661,3.3843,2.8024,2.2206,1.6388
3.6464,3.5472,3.4834,3.4693,3.4617,3.4732,3.4061,2.8718,2.3375,10.0,10.0,10.0,10.0,10.0,9.4798,8.8309,8.1984,7.565,6.9254,6.2859,5.6457,5.0054,4.3651,3.7247,3.0844,2.444,1.8037
0.8424,0.8809,0.9057,0.9111,0.9141,0.9096,0.9051,0.8997,0.8943,0.8888,0.8832,0.9168,0.9778,0.5803,1.3616,2.3391,3.3227,4.306,5.2145,5.4628,5.7114,5.96,6.2086,6.4572,6.7058,6.9544,7.2031
1.303,1.2675,1.2447,1.2397,1.237,1.2411,1.2452,1.2502,1.2552,1.2603,1.2654,1.2345,1.1783,0.6798,2.3897,3.1556,2.9296,2.7032,2.4747,2.2461,2.0174,1.7886,1.5598,1.331,1.1022,0.8733,0.6445
1.3986,1.4625,1.5036,1.5127,1.5176,1.5102,1.5027,1.4937,1.4847,1.4755,1.4093,0.8179,6.3096,6.5869,7.0108,7.4291,7.8368,8.245,8.6573,9.0696,9.4823,9.895,10.0,10.0,10.0,10.0,10.0
4.2467,4.4408,4.5657,4.5932,4.6082,4.5856,4.5628,4.5355,4.5082,4.4805,4.4527,4.6218,4.9295,5.7712,7.0585,8.3286,9.5666,2.0078,2.4653,2.9227,3.3801,3.8374,4.2947,4.752,5.2093,5.6666,6.124
1.5819,1.5388,1.5112,1.5051,1.5017,1.5068,1.5118,1.5179,1.5239,1.53,1.5362,1.1385,4.5844,4.3979,4.1126,3.831,3.5566,3.2819,3.0044,2.7269,2.4492,2.1714,1.8937,1.6159,1.3381,1.0603,0.7825
0.7511,0.7854,0.8075,0.8124,0.815,0.811,0.807,0.8022,0.7973,0.7924,0.7875,0.8174,0.8719,3.5375,3.7651,3.9898,4.2087,4.428,4.6494,4.8708,5.0924,5.3141,5.5357,5.7574,5.9791,6.2008,6.4225
1.8652,1.8145,1.7819,1.7747,1.7707,1.7767,1.7826,1.7897,1.7969,1.8041,1.8114,1.7672,1.6868,1.4668,0.8458,1.453,2.064,2.6748,3.2843,3.2154,2.8879,2.5604,2.2329,1.9053,1.5778,1.2502,0.9226
10.0,10.0,10.0,10.0,10.0,10.0,10.0,10.0,10.0,10.0,10.0,10.0,10.0,10.0,10.0,10.0,10.0,10.0,10.0,10.0,10.0,10.0,10.0,10.0,10.0,10.0,10.0
1.1048,1.1553,1.1878,1.1949,1.1988,1.1929,1.187,1.1799,1.1728,1.1656,1.1584,1.2024,1.2824,1.5014,1.8363,1.4582,2.0714,2.6844,3.296,3.9076,4.5191,5.1305,5.7419,6.3533,6.9648,7.5762,8.1876
1.2615,1.2272,1.2051,1.2002,1.1976,1.2016,1.2056,1.2104,1.2153,1.2202,1.2251,1.1952,1.1408,3.5072,3.2796,3.0551,2.8363,2.6172,2.3959,2.1747,1.9532,1.7317,1.5101,1.2886,1.0671,0.8455,0.624
0.9438,0.9869,1.0147,1.0208,1.0241,1.0191,1.014,1.008,1.0019,0.9957,0.9896,1.0272,0.463,4.445,4.7311,5.0134,5.2885,5.564,5.8422,6.1204,6.3989,6.6774,6.956,7.2345,7.5131,7.7916,8.0702
7.2988,7.1003,6.9726,6.9444,6.9291,6.9522,6.9755,7.0034,7.0314,7.0597,7.0882,6.9151,6.6006,5.7397,4.4233,1.0893,1.5474,2.0053,2.4622,2.919,3.3758,3.8325,4.2892,4.746,5.2027,4.8921,3.6104
2.3338,2.2704,2.2295,2.2205,2.2156,2.223,2.2305,2.2394,2.2483,2.0066,1.412,6.8643,6.7637,6.4885,6.0675,5.6522,5.2474,4.842,4.4326,4.0232,3.6135,3.2037,2.7939,2.384,1.9742,1.5643,1.1544
0.7738,0.8092,0.8319,0.8369,0.8397,0.8356,0.8314,0.8264,0.8215,0.8164,0.8113,0.8422,0.8982,0.6896,2.4241,4.1104,4.336,4.5619,4.79,5.0181,5.2464,5.4747,5.7031,5.9315,6.1599,6.3882,6.6166
1.4173,1.3788,1.354,1.3485,1.3455,1.35,1.3545,1.36,1.3654,1.3709,1.3764,1.3428,1.2817,0.5494,1.3497,2.3186,3.1867,2.9405,2.6919,2.4433,2.1944,1.9456,1.6967,1.4478,1.1989,0.95,0.7011
2.1915,2.2917,2.3561,2.3703,2.378,2.3664,2.3546,2.3405,2.3264,1.7985,1.2655,9.7283,9.887,10.0,10.0,10.0,10.0,10.0,10.0,10.0,10.0,10.0,10.0,10.0,10.0,10.0,10.0
1.9496,2.0387,2.096,2.1087,2.1156,2.1052,2.0947,2.0822,2.0696,2.0569,2.0441,2.1218,2.263,2.6495,3.2404,3.8235,4.3919,4.961,5.5357,6.1104,6.6857,7.261,7.8364,8.4118,8.9872,9.5626,10.0
1.3857,1.348,1.3237,1.3184,1.3155,1.3199,1.3243,1.3296,1.3349,1.3403,1.3457,1.3128,4.0158,3.8524,3.6025,3.3559,3.1155,2.8748,2.6318,2.3887,2.1454,1.9021,1.6588,1.4155,1.1721,0.9288,0.6854
0.7839,0.8197,0.8427,0.8478,0.8506,0.8464,0.8422,0.8372,0.8321,0.827,0.8219,0.8531,0.6382,3.6918,3.9294,4.1638,4.3923,4.6211,4.8522,5.0833,5.3146,5.5459,5.7772,6.0086,6.2399,6.4713,6.7026
2.514,2.4456,2.4016,2.3919,2.3866,2.3946,2.4026,2.4122,2.4218,2.4316,2.4414,2.3818,2.2735,1.977,0.7207,1.2381,1.7588,2.2793,2.7985,3.3178,3.837,3.4509,3.0095,2.568,2.1265,1.685,1.2435
5.7961,5.6384,5.3223,4.8093,4.2963,3.7833,3.2703,10.0,10.0,10.0,10.0,10.0,10.0,10.0,10.0,10.0,10.0,10.0,10.0,9.9917,8.9741,7.9563,6.9385,5.9206,4.9028,3.8849,2.867
0.9122,0.9539,0.9807,0.9867,0.9899,0.985,0.9801,0.9743,0.9684,0.9624,0.9565,0.9928,1.0589,1.2397,1.0885,1.87,2.6564,3.4425,4.2268,5.0111,5.7952,6.4541,6.7233,6.9926,7.2618,7.531,7.8002
1.2667,1.2323,1.2101,1.2052,1.2026,1.2066,1.2106,1.2155,1.2203,1.2252,1.2302,1.2001,1.1455,1.3604,3.2932,3.0678,2.8481,2.628,2.4059,2.1837,1.9613,1.7388,1.5164,1.2939,1.0715,0.849,0.6266
1.1623,1.2154,1.2496,1.2571,1.2612,1.2551,1.2488,1.2414,1.2339,1.2263,1.2187,0.9009,5.2438,5.4742,5.8265,6.1741,6.513,6.8523,7.1949,7.5375,7.8805,8.2235,8.5665,8.9095,9.2526,9.5956,9.9387
10.0,10.0,10.0,10.0,10.0,10.0,10.0,10.0,10.0,10.0,10.0,10.0,10.0,10.0,10.0,10.0,1.5245,1.9757,2.4258,2.8759,3.3259,3.7759,4.2259,4.6759,5.1259,5.5759,6.0258
1.7765,1.7282,1.6971,1.6903,1.6865,1.6922,1.6978,1.7046,1.7114,1.7183,1.6807,0.9753,5.1486,4.939,4.6186,4.3025,3.9943,3.6857,3.3741,3.0625,2.7506,2.4387,2.1267,1.8147,1.5027,1.1907,0.8788
0.7478,0.782,0.804,0.8089,0.8115,0.8075,0.8035,0.7987,0.7939,0.789,0.7841,0.8139,0.8681,3.5222,3.7489,3.9725,4.1906,4.4089,4.6293,4.8498,5.0704,5.2911,5.5118,5.7326,5.9533,6.174,6.3947
1.6381,1.5935,1.5649,1.5585,1.5551,1.5603,1.5655,1.5718,1.5781,1.5844,1.5908,1.552,1.4814,1.2882,0.9716,1.6692,2.3711,3.0727,3.1112,2.8238,2.5362,2.2486,1.9609,1.6733,1.3856,1.0979,0.8103
5.6881,5.7433,5.239,4.734,4.2291,3.7241,3.2191,2.7141,2.2265,10.0,10.0,10.0,10.0,10.0,10.0,10.0,10.0,10.0,10.0,10.0,10.0,10.0,10.0,10.0,10.0,10.0,10.0
1.3041,1.3638,1.4021,1.4105,1.4152,1.4082,1.4012,1.3928,1.3844,1.3759,1.3674,1.4193,1.5138,1.7723,2.1676,2.5577,2.9379,2.4446,2.9558,3.5043,4.0527,4.601,5.1493,5.6976,6.2459,6.7942,7.3425
1.2862,1.2512,1.2287,1.2237,1.221,1.2251,1.2292,1.2341,1.239,1.244,1.249,1.2186,0.8834,3.5757,3.3438,3.1149,2.8918,2.6684,2.4428,2.2172,1.9914,1.7655,1.5397,1.3138,1.0879,0.8621,0.6362
0.8619,0.9013,0.9266,0.9322,0.9353,0.9307,0.926,0.9205,0.915,0.9093,0.9037,0.938,0.4229,4.0593,4.3205,4.5783,4.8295,5.0811,5.3352,5.5893,5.8436,6.0979,6.3523,6.6067,6.861,7.1154,7.3698
4.1565,4.0434,3.9707,3.9547,3.9459,3.9591,3.9724,3.9883,4.0042,4.0203,4.0365,3.938,3.7588,3.2686,2.519,1.1243,1.5971,2.0697,2.5412,3.0127,3.4842,3.9556,4.427,4.2458,3.5159,2.786,2.056
2.9796,2.8985,2.8464,2.8349,2.8287,2.8381,2.8476,2.859,2.4141,1.8623,8.8342,8.7636,8.6352,8.2837,7.7463,7.2161,6.6992,6.1817,5.6591,5.1364,4.6133,4.0901,3.5669,3.0436,2.5204,1.9971,1.4739
0.8089,0.8459,0.8697,0.8749,0.8778,0.8735,0.8691,0.8639,0.8587,0.8534,0.8482,0.8804,0.939,0.5572,1.6238,2.7895,3.9625,4.7689,5.0073,5.2458,5.4845,5.7232,5.9619,6.2007,6.4394,6.6782,6.9169
1.3348,1.2985,1.2751,1.27,1.2672,1.2714,1.2757,1.2808,1.2859,1.2911,1.2963,1.2646,1.2071,0.5214,1.8328,3.1486,3.0011,2.7692,2.5351,2.301,2.0666,1.8323,1.5979,1.3635,1.1291,0.8947,0.6603
1.6114,1.6851,1.7324,1.7429,1.7486,1.74,1.7314,1.721,1.7106,1.7001,1.341,0.7782,7.2699,7.5893,8.0777,8.5597,9.0294,9.4998,9.9749,10.0,10.0,10.0,10.0,10.0,10.0,10.0,10.0
2.9073,3.0402,3.1256,3.1445,3.1547,3.1393,3.1237,3.105,3.0863,3.0673,3.0483,3.1641,3.3747,3.951,4.8322,5.7017,6.5492,7.398,8.255,2.9711,3.436,3.9009,4.3658,4.8307,5.2956,5.7605,6.2254
1.49,1.4495,1.4234,1.4177,1.4145,1.4193,1.424,1.4297,1.4354,1.4412,1.447,1.279,4.3183,4.1425,3.8738,3.6086,3.3501,3.0913,2.83,2.5686,2.307,2.0454,1.7837,1.522,1.2604,0.9987,0.737
0.7579,0.7925,0.8148,0.8197,0.8224,0.8184,0.8143,0.8094,0.8046,0.7996,0.7947,0.8248,0.8797,3.5695,3.7992,4.0259,4.2469,4.4681,4.6915,4.9149,5.1386,5.3622,5.5859,5.8096,6.0333,6.2569,6.4806
2.0548,1.9989,1.9629,1.955,1.9507,1.9572,1.9637,1.9716,1.9795,1.9875,1.9955,1.9468,1.8582,1.6158,0.7876,1.3531,1.922,2.4908,3.0583,3.5422,3.1814,2.8206,2.4598,2.0989,1.7381,1.3772,1.0164
10.0,10.0,10.0,10.0,10.0,10.0,10.0,10.0,10.0,10.0,10.0,10.0,10.0,10.0,10.0,10.0,10.0,10.0,10.0,10.0,10.0,10.0,10.0,10.0,10.0,9.9427,7.3376
1.0152,1.0616,1.0914,1.098,1.1016,1.0962,1.0907,1.0842,1.0777,1.0711,1.0644,1.1048,1.1784,1.3796,1.007,1.5811,2.246,2.9107,3.5738,4.237,4.8999,5.5629,6.2258,6.8888,7.5517,8.2147,8.6805
1.2547,1.2206,1.1986,1.1938,1.1912,1.1951,1.1991,1.2039,1.2087,1.2136,1.2185,1.1888,1.1347,3.4883,3.262,3.0387,2.8211,2.6031,2.383,2.163,1.9427,1.7223,1.502,1.2817,1.0613,0.841,0.6206
1.0098,1.056,1.0857,1.0922,1.0958,1.0904,1.085,1.0785,1.072,1.0654,1.0588,1.0238,4.5558,4.756,5.0621,5.3641,5.6585,5.9533,6.251,6.5486,6.8466,7.1446,7.4426,7.7407,8.0387,8.3367,8.6348
10.0,10.0,10.0,10.0,10.0,10.0,10.0,10.0,10.0,10.0,10.0,10.0,10.0,10.0,8.4237,1.0756,1.528,1.9801,2.4312,2.8824,3.3334,3.7844,4.2354,4.6864,5.1374,5.5884,6.0394
2.0696,2.0134,1.9771,1.9692,1.9648,1.9714,1.978,1.9859,1.9938,2.0018,1.4936,6.0873,5.9981,5.754,5.3807,5.0124,4.6534,4.2939,3.9308,3.5678,3.2044,2.841,2.4776,2.1141,1.7507,1.3872,1.0238
0.7584,0.7931,0.8154,0.8203,0.823,0.819,0.8149,0.81,0.8052,0.8002,0.7952,0.8254,0.8804,1.0022,3.5231,4.0288,4.2499,4.4714,4.6949,4.9185,5.1423,5.3661,5.59,5.8138,6.0377,6.2615,6.4853
1.4841,1.4437,1.4178,1.4121,1.4089,1.4136,1.4184,1.4241,1.4297,1.4355,1.4413,1.4061,1.3421,1.1671,1.1669,2.0047,2.8477,3.0791,2.8188,2.5584,2.2979,2.0373,1.7766,1.516,1.2554,0.9948,0.7341
2.8451,2.9752,3.0589,3.0773,3.0873,3.0722,3.0569,2.786,2.2676,1.7492,1.2309,10.0,10.0,10.0,10.0,10.0,10.0,10.0,10.0,10.0,10.0,10.0,10.0,10.0,10.0,10.0,10.0
1.6284,1.7028,1.7507,1.7612,1.767,1.7583,1.7496,1.7391,1.7286,1.718,1.7073,1.7722,1.8902,2.2129,2.7065,3.1935,3.6683,4.1436,4.6236,5.1036,5.5841,6.0647,6.5452,7.0258,7.5064,7.987,8.4676
1.3368,1.3005,1.2771,1.2719,1.2691,1.2733,1.2776,1.2827,1.2878,1.293,1.2982,1.2665,0.6759,3.7166,3.4755,3.2376,3.0057,2.7735,2.539,2.3045,2.0698,1.8351,1.6003,1.3655,1.1308,0.896,0.6613
0.8065,0.8434,0.8671,0.8723,0.8752,0.8709,0.8666,0.8614,0.8562,0.8509,0.8456,0.8778,0.5066,3.7985,4.0429,4.2842,4.5193,4.7547,4.9925,5.2302,5.4682,5.7062,5.9442,6.1822,6.4203,6.6583,6.8963
2.9415,2.8615,2.81,2.7987,2.7925,2.8018,2.8112,2.8225,2.8337,2.8451,2.8566,2.7869,2.6601,2.3132,0.6892,1.184,1.6819,2.1797,2.6763,3.1729,3.6693,4.0378,3.5213,3.0047,2.4882,1.9716,1.455
4.2294,4.1143,4.0403,4.024,4.0152,3.862,3.3383,2.8146,2.3879,10.0,10.0,10.0,10.0,10.0,10.0,10.0,9.5093,8.7746,8.0328,7.2909,6.5484,5.8057,5.063,4.3203,3.5776,2.8348,2.0921
0.864,0.9035,0.9289,0.9345,0.9376,0.933,0.9283,0.9228,0.9172,0.9116,0.9059,0.9403,1.0029,1.1742,1.2372,2.1254,3.0192,3.9127,4.8041,5.6031,5.858,6.113,6.368,6.623,6.878,7.133,7.388
1.2834,1.2485,1.226,1.2211,1.2184,1.2224,1.2265,1.2314,1.2364,1.2413,1.2463,1.2159,1.1606,0.8367,2.9413,3.1082,2.8855,2.6626,2.4375,2.2124,1.9871,1.7617,1.5363,1.311,1.0856,0.8602,0.6348
1.2924,1.3514,1.3894,1.3978,1.4024,1.3955,1.3886,1.3803,1.3719,1.3635,1.355,0.8441,5.8305,6.0867,6.4784,6.8649,7.2417,7.619,7.9999,8.3809,8.7622,9.1436,9.525,9.9064,10.0,10.0,10.0
5.9375,6.2089,6.3835,6.4219,6.4429,6.4113,6.3795,6.3413,6.3031,6.2644,6.2255,6.462,6.8921,8.069,9.8687,10.0,10.0,1.9871,2.4398,2.8925,3.3452,3.7978,4.2504,4.7029,5.1555,5.6081,6.0607
1.6441,1.5994,1.5706,1.5643,1.5608,1.566,1.5713,1.5776,1.5839,1.5903,1.5967,1.0657,4.7648,4.5709,4.2744,3.9818,3.6966,3.411,3.1226,2.8343,2.5456,2.2569,1.9682,1.6795,1.3907,1.102,0.8133
0.7468,0.7809,0.8029,0.8077,0.8104,0.8064,0.8024,0.7976,0.7928,0.7879,0.783,0.8128,0.8669,3.5172,3.7435,3.9669,4.1846,4.4026,4.6228,4.8429,5.0632,5.2836,5.504,5.7244,5.9448,6.1652,6.3856
1.7643,1.7163,1.6854,1.6786,1.6749,1.6805,1.6861,1.6929,1.6996,1.7065,1.7134,1.6715,1.5955,1.3874,0.8862,1.5224,2.1626,2.8026,3.3508,3.0414,2.7316,2.4218,2.112,1.8022,1.4924,1.1825,0.8727
6.1936,5.7152,10.0,10.0,10.0,10.0,10.0,10.0,10.0,10.0,10.0,10.0,10.0,10.0,10.0,10.0,10.0,10.0,10.0,10.0,10.0,10.0,10.0,10.0,10.0,10.0,10.0
1.1686,1.2221,1.2564,1.264,1.2681,1.2619,1.2556,1.2481,1.2406,1.233,1.2253,1.2719,1.3565,1.5882,1.9424,1.5088,1.9764,2.5613,3.1448,3.7283,4.3117,4.8951,5.4785,6.0618,6.6452,7.2286,7.8119
1.2658,1.2314,1.2093,1.2044,1.2017,1.2057,1.2098,1.2146,1.2195,1.2244,1.2293,1.1993,1.1447,3.5192,3.2909,3.0657,2.8461,2.6262,2.4042,2.1821,1.9599,1.7376,1.5153,1.293,1.0707,0.8484,0.6261
0.9072,0.9487,0.9754,0.9812,0.9845,0.9796,0.9748,0.9689,0.9631,0.9572,0.9512,0.9874,0.4451,4.2728,4.5478,4.8191,5.0836,5.3484,5.6159,5.8833,6.151,6.4187,6.6865,6.9542,7.222,7.4897,7.7575
5.6421,5.4887,5.39,5.3682,5.3564,5.3742,5.3922,5.4138,5.4354,5.4573,5.4793,5.3456,5.1024,4.4369,3.4193,1.0982,1.56,2.0217,2.4822,2.9428,3.4033,3.8638,4.3242,4.7847,4.7726,3.7817,2.7909
2.5348,2.4659,2.4215,2.4118,2.4064,2.4145,2.4225,2.4322,2.4419,1.9416,1.4509,7.4554,7.3462,7.0472,6.59,6.1389,5.6992,5.2589,4.8143,4.3697,3.9247,3.4796,3.0344,2.5893,2.1442,1.699,1.2539
0.7839,0.8197,0.8428,0.8479,0.8506,0.8465,0.8423,0.8372,0.8322,0.8271,0.8219,0.8532,0.9099,0.5782,2.0325,3.4917,4.3926,4.6215,4.8526,5.0836,5.315,5.5463,5.7776,6.009,6.2404,6.4717,6.7031
1.3795,1.342,1.3179,1.3126,1.3097,1.314,1.3184,1.3237,1.329,1.3343,1.3397,1.307,1.2476,0.5348,1.4952,2.5686,3.1017,2.8621,2.6201,2.3781,2.1359,1.8937,1.6514,1.4092,1.1669,0.9247,0.6824
1.9196,2.0074,2.0638,2.0763,2.083,2.0728,2.0625,2.0502,2.0378,1.8313,1.2886,0.8028,8.6605,9.041,9.6228,10.0,10.0,10.0,10.0,10.0,10.0,10.0,10.0,10.0,10.0,10.0,10.0
2.2221,2.3237,2.389,2.4034,2.4113,2.3994,2.3875,2.3732,2.359,2.3445,2.3299,2.4184,2.5794,3.0198,3.6934,4.358,5.0058,5.6545,6.3095,6.9646,7.6203,8.276,8.9318,4.9523,5.4289,5.9055,6.382
1.4187,1.3801,1.3553,1.3498,1.3468,1.3513,1.3559,1.3613,1.3667,1.3722,1.3778,1.3441,4.1116,3.9442,3.6883,3.4359,3.1898,2.9434,2.6945,2.4457,2.1966,1.9475,1.6983,1.4492,1.2001,0.9509,0.7018
0.771,0.8063,0.8289,0.8339,0.8367,0.8326,0.8284,0.8235,0.8185,0.8135,0.8084,0.8391,0.7611,3.6313,3.865,4.0956,4.3204,4.5455,4.7728,5.0001,5.2276,5.4551,5.6827,5.9102,6.1378,6.3653,6.5929
2.3083,2.2455,2.2051,2.1962,2.1913,2.1987,2.206,2.2149,2.2237,2.2327,2.2416,2.1869,2.0874,1.8152,0.7423,1.2752,1.8115,2.3475,2.8824,3.4172,3.5739,3.1686,2.7632,2.3579,1.9525,1.5472,1.1418
6.2729,5.767,5.2606,4.7536,4.2465,10.0,10.0,10.0,10.0,10.0,10.0,10.0,10.0,10.0,10.0,10.0,10.0,10.0,10.0,10.0,10.0,10.0,9.0116,7.6897,6.3677,5.0457,3.7237
0.9458,0.989,1.0168,1.0229,1.0263,1.0213,1.0162,1.0101,1.004,0.9978,0.9917,1.0293,1.0978,1.2853,1.0141,1.7422,2.4747,3.2071,3.9378,4.6684,5.3989,6.1294,6.8599,7.2498,7.5289,7.808,8.0872
1.2579,1.2237,1.2017,1.1968,1.1942,1.1982,1.2022,1.207,1.2118,1.2167,1.2216,1.1918,1.1376,2.2237,3.2703,3.0465,2.8283,2.6098,2.3891,2.1685,1.9476,1.7267,1.5059,1.2849,1.064,0.8431,0.6222
1.0953,1.1454,1.1776,1.1847,1.1886,1.1827,1.1769,1.1698,1.1628,1.1556,1.1485,0.9411,4.9416,5.1587,5.4907,5.8183,6.1376,6.4574,6.7803,7.1032,7.4264,7.7496,8.0728,8.3961,8.7194,9.0427,9.3659
10.0,10.0,10.0,10.0,10.0,10.0,10.0,10.0,10.0,10.0,10.0,10.0,10.0,10.0,10.0,10.0,1.5209,1.971,2.42,2.8691,3.318,3.7669,4.2158,4.6648,5.1137,5.5626,6.0115
1.8721,1.8212,1.7884,1.7812,1.7773,1.7832,1.7892,1.7964,1.8035,1.8108,1.5988,1.0272,5.4256,5.2048,4.8672,4.534,4.2093,3.8841,3.5557,3.2273,2.8986,2.5699,2.2411,1.9124,1.5836,1.2548,0.9261
0.7495,0.7838,0.8058,0.8107,0.8133,0.8093,0.8053,0.8005,0.7957,0.7908,0.7859,0.8157,0.87,1.8639,3.7571,3.9813,4.1998,4.4186,4.6395,4.8605,5.0816,5.3028,5.524,5.7452,5.9664,6.1876,6.4088
1.5708,1.528,1.5006,1.4945,1.4912,1.4962,1.5012,1.5072,1.5132,1.5193,1.5254,1.4882,1.4205,1.2352,1.0348,1.7776,2.5251,3.2588,2.9833,2.7078,2.432,2.1562,1.8804,1.6045,1.3287,1.0528,0.777
4.1043,4.292,4.4126,4.4392,4.2581,3.7496,3.2412,2.7327,2.2243,1.7158,10.0,10.0,10.0,10.0,10.0,10.0,10.0,10.0,10.0,10.0,10.0,10.0,10.0,10.0,10.0,10.0,10.0
1.4072,1.4716,1.5129,1.5221,1.527,1.5195,1.512,1.5029,1.4939,1.4847,1.4755,1.5315,1.6335,1.9124,2.339,2.7599,3.1701,3.5809,3.9957,3.4675,3.9132,4.4427,4.9721,5.5016,6.031,6.5605,7.0899
1.3012,1.2658,1.243,1.238,1.2353,1.2394,1.2435,1.2485,1.2535,1.2586,1.2636,1.2328,0.7186,3.6175,3.3828,3.1513,2.9255,2.6995,2.4713,2.2431,2.0146,1.7861,1.5576,1.3291,1.1006,0.8721,0.6436
0.8374,0.8757,0.9003,0.9057,0.9087,0.9042,0.8997,0.8944,0.889,0.8835,0.878,0.9114,0.4227,3.944,4.1978,4.4483,4.6924,4.9368,5.1837,5.4306,5.6776,5.9248,6.1719,6.4191,6.6662,6.9134,7.1605
3.5798,3.4824,3.4198,3.406,3.3984,3.4098,3.4212,3.4349,3.4486,3.4625,3.4764,3.3916,3.2373,2.8151,0.742,1.1431,1.6238,2.1043,2.5837,3.0631,3.5424,4.0217,4.2854,3.6567,3.0281,2.3994,1.7707
3.3492,3.2581,3.1995,3.1866,3.1795,3.1901,3.2008,2.8981,2.3588,1.904,9.93,9.8506,9.7063,9.3113,8.7072,8.1112,7.5302,6.9485,6.361,5.7736,5.1855,4.5974,4.0093,3.4212,2.833,2.2448,1.6567
0.8268,0.8646,0.8889,0.8943,0.8972,0.8928,0.8883,0.883,0.8777,0.8723,0.8669,0.8998,0.9597,0.5695,1.4466,2.4852,3.5302,4.5749,5.118,5.3618,5.6057,5.8497,6.0937,6.3377,6.5818,6.8258,7.0698
1.3111,1.2754,1.2525,1.2474,1.2447,1.2488,1.253,1.258,1.263,1.2681,1.2732,1.2422,1.1856,0.6074,2.1351,3.1752,2.9478,2.72,2.4901,2.2601,2.0299,1.7997,1.5695,1.3392,1.109,0.8788,0.6485
1.4686,1.5357,1.5789,1.5884,1.5936,1.5858,1.5779,1.5685,1.559,1.5494,1.3785,0.8,6.6255,6.9166,7.3618,7.801,8.2291,8.6578,9.0907,9.5236,9.957,10.0,10.0,10.0,10.0,10.0,10.0
3.6017,3.7663,3.8722,3.8956,3.9083,3.8891,3.8698,3.8466,3.8235,3.8,3.7764,3.9199,4.1808,4.8947,5.9864,7.0636,8.1136,9.165,2.4738,2.9328,3.3917,3.8506,4.3095,4.7684,5.2273,5.6862,6.1451
1.5413,1.4994,1.4724,1.4665,1.4632,1.4681,1.473,1.4789,1.4848,1.4908,1.4968,1.1851,4.4669,4.2851,4.0071,3.7328,3.4655,3.1977,2.9274,2.657,2.3864,2.1158,1.8451,1.5744,1.3038,1.0331,0.7624
0.7517,0.786,0.8081,0.813,0.8157,0.8117,0.8076,0.8028,0.798,0.7931,0.7881,0.8181,0.8725,3.5402,3.7681,3.9929,4.212,4.4315,4.6531,4.8746,5.0964,5.3183,5.5401,5.7619,5.9838,6.2056,6.4275
1.9283,1.8759,1.8421,1.8347,1.8306,1.8367,1.8429,1.8503,1.8576,1.8651,1.8727,1.8269,1.7438,1.5164,0.8205,1.4096,2.0023,2.5948,3.186,3.3242,2.9856,2.647,2.3084,1.9698,1.6311,1.2925,0.9538
10.0,10.0,10.0,10.0,10.0,10.0,10.0,10.0,10.0,10.0,10.0,10.0,10.0,10.0,10.0,10.0,10.0,10.0,10.0,10.0,10.0,10.0,10.0,10.0,10.0,10.0,10.0
1.0662,1.1149,1.1463,1.1532,1.1569,1.1513,1.1456,1.1387,1.1318,1.1249,1.1179,1.1604,1.2376,1.4489,1.7721,1.4992,2.1296,2.7598,3.3886,4.0173,4.6459,5.2745,5.9031,6.5317,7.1603,7.7888,8.4174
1.2559,1.2218,1.1998,1.195,1.1923,1.1963,1.2003,1.2051,1.2099,1.2148,1.2197,1.1899,1.1358,3.4917,3.2652,3.0417,2.8238,2.6057,2.3854,2.1651,1.9446,1.724,1.5035,1.2829,1.0624,0.8418,0.6213
0.9657,1.0099,1.0383,1.0445,1.0479,1.0428,1.0376,1.0314,1.0252,1.0189,1.0126,1.051,4.357,4.5484,4.8411,5.1299,5.4115,5.6934,5.9781,6.2628,6.5477,6.8327,7.1177,7.4028,7.6878,7.9728,8.2578
8.8948,8.6528,8.4972,8.4629,8.4442,8.4724,8.5007,8.5348,8.5688,8.6034,8.638,8.4272,8.0438,6.9948,5.3905,1.0817,1.5365,1.9912,2.4449,2.8985,3.3521,3.8056,4.2591,4.7126,5.1662,5.6197,4.3998
2.2207,2.1603,2.1214,2.1129,2.1082,2.1152,2.1223,2.1308,2.1393,2.045,1.439,6.5315,6.4358,6.1738,5.7733,5.3781,4.9929,4.6072,4.2177,3.8282,3.4383,3.0483,2.6584,2.2684,1.8784,1.4884,1.0985
0.7663,0.8013,0.8238,0.8288,0.8315,0.8274,0.8233,0.8184,0.8135,0.8085,0.8035,0.834,0.8895,0.7812,2.746,4.0705,4.2939,4.5176,4.7435,4.9693,5.1954,5.4216,5.6477,5.8739,6.1,6.3262,6.5524
1.4392,1.4001,1.3749,1.3694,1.3663,1.3709,1.3755,1.381,1.3865,1.3921,1.3977,1.3636,1.3015,0.5579,1.271,2.1835,3.1017,2.9859,2.7335,2.481,2.2284,1.9756,1.7229,1.4702,1.2174,0.9647,0.7119
2.3975,2.5071,2.5776,2.5931,2.6016,2.5888,2.576,2.5606,2.3022,1.7759,1.2497,10.0,10.0,10.0,10.0,10.0,10.0,10.0,10.0,10.0,10.0,10.0,10.0,10.0,10.0,10.0,10.0
1.8097,1.8925,1.9457,1.9574,1.9638,1.9542,1.9445,1.9328,1.9212,1.9094,1.8975,1.9696,2.1007,2.4594,3.008,3.5492,4.0768,4.6051,5.1386,5.6721,6.2061,6.7401,7.2742,7.8084,8.3425,8.8766,9.4107
1.3642,1.3271,1.3032,1.298,1.2951,1.2994,1.3038,1.309,1.3142,1.3195,1.3248,1.2925,0.6897,3.7927,3.5466,3.3039,3.0672,2.8303,2.591,2.3517,2.1122,1.8726,1.6331,1.3935,1.1539,0.9144,0.6748
0.791,0.8272,0.8504,0.8555,0.8583,0.8541,0.8499,0.8448,0.8397,0.8346,0.8294,0.8609,0.5797,3.7254,3.9652,4.2018,4.4324,4.6633,4.8965,5.1296,5.363,5.5965,5.8299,6.0634,6.2968,6.5303,6.7637
2.6573,2.585,2.5385,2.5283,2.5227,2.5311,2.5396,2.5498,2.5599,2.5702,2.5806,2.5176,2.4031,2.0897,0.7072,1.2149,1.7258,2.2366,2.7461,3.2557,3.7651,3.6477,3.1811,2.7144,2.2478,1.7811,1.3144
5.0702,4.9322,4.8435,4.824,4.3233,3.807,3.2908,2.8432,10.0,10.0,10.0,10.0,10.0,10.0,10.0,10.0,10.0,10.0,9.6296,8.7403,7.8501,6.9599,6.0695,5.1791,4.2888,3.3984,2.508
0.8919,0.9326,0.9589,0.9646,0.9678,0.963,0.9583,0.9525,0.9468,0.941,0.9351,0.9707,1.0353,1.212,1.1392,1.957,2.78,3.6026,4.4234,5.2442,6.0469,6.3101,6.5733,6.8366,7.0998,7.363,7.6262
1.2712,1.2367,1.2144,1.2095,1.2068,1.2109,1.2149,1.2198,1.2247,1.2296,1.2345,1.2044,1.1496,1.0965,3.305,3.0787,2.8582,2.6374,2.4144,2.1915,1.9683,1.745,1.5218,1.2986,1.0753,0.8521,0.6288
1.2071,1.2623,1.2978,1.3056,1.3099,1.3035,1.297,1.2892,1.2815,1.2736,1.2657,0.8771,5.446,5.6852,6.0511,6.4122,6.7641,7.1165,7.4723,7.8282,8.1843,8.5406,8.8968,9.2531,9.6093,9.9656,10.0
10.0,10.0,10.0,10.0,10.0,10.0,10.0,10.0,10.0,10.0,10.0,10.0,10.0,10.0,10.0,10.0,1.5259,1.9775,2.4281,2.8786,3.329,3.7794,4.2298,4.6803,5.1307,5.5811,6.0315
1.7215,1.6747,1.6445,1.6379,1.6343,1.6397,1.6452,1.6518,1.6584,1.6651,1.6718,1.0068,4.9891,4.786,4.4755,4.1692,3.8706,3.5715,3.2696,2.9676,2.6654,2.3631,2.0608,1.7585,1.4562,1.1539,0.8515
0.7466,0.7807,0.8027,0.8075,0.8102,0.8062,0.8022,0.7974,0.7926,0.7877,0.7828,0.8126,0.8666,3.5163,3.7426,3.9659,4.1836,4.4016,4.6216,4.8417,5.062,5.2824,5.5027,5.723,5.9434,6.1637,6.3841
1.6823,1.6365,1.6071,1.6006,1.5971,1.6024,1.6078,1.6142,1.6207,1.6272,1.6337,1.5939,1.5214,1.3229,0.9362,1.6082,2.2845,2.9606,3.1952,2.9001,2.6047,2.3093,2.0139,1.7185,1.423,1.1276,0.8322
6.2205,5.7189,5.2167,4.7139,4.211,3.7082,3.2054,10.0,10.0,10.0,10.0,10.0,10.0,10.0,10.0,10.0,10.0,10.0,10.0,10.0,10.0,10.0,10.0,10.0,10.0,10.0,10.0
1.2477,1.3048,1.3415,1.3495,1.3539,1.3473,1.3406,1.3326,1.3246,1.3164,1.3082,1.358,1.4483,1.6957,2.0739,2.447,1.9746,2.4617,3.0225,3.5834,4.1441,4.7048,5.2654,5.8261,6.3868,6.9475,7.5081
1.2773,1.2425,1.2202,1.2153,1.2126,1.2166,1.2207,1.2256,1.2305,1.2354,1.2404,1.2101,1.0293,3.551,3.3206,3.0933,2.8718,2.6499,2.4259,2.2018,1.9776,1.7533,1.529,1.3047,1.0804,0.8561,0.6318
0.878,0.9181,0.9439,0.9496,0.9527,0.948,0.9433,0.9377,0.9321,0.9263,0.9206,0.9555,0.4308,4.1351,4.4012,4.6638,4.9198,5.1761,5.4349,5.6937,5.9528,6.2119,6.471,6.7301,6.9892,7.2483,7.5075
4.6179,4.4923,4.4115,4.3937,4.384,4.3986,4.4133,4.431,4.4487,4.4666,4.4846,4.3752,4.1761,3.6315,2.7986,1.1134,1.5816,2.0497,2.5166,2.9836,3.4505,3.9173,4.3842,4.7171,3.9062,3.0952,2.2843
2.7908,2.7149,2.6661,2.6553,2.6494,2.6583,2.6672,2.6779,2.4509,1.8906,8.2745,8.2083,8.088,7.7589,7.2555,6.7589,6.2748,5.79,5.3005,4.811,4.321,3.831,3.3409,2.8508,2.3607,1.8706,1.3805
0.7988,0.8353,0.8588,0.8639,0.8667,0.8625,0.8582,0.8531,0.8479,0.8427,0.8375,0.8693,0.9272,0.5502,1.7579,3.0199,4.2898,4.709,4.9444,5.1799,5.4156,5.6513,5.887,6.1228,6.3585,6.5942,6.83
1.3509,1.3141,1.2905,1.2853,1.2825,1.2867,1.2911,1.2962,1.3014,1.3066,1.3119,1.2799,1.2217,0.5237,1.6865,2.8973,3.0373,2.8027,2.5657,2.3288,2.0916,1.8544,1.6172,1.3799,1.1427,0.9055,0.6682
1.716,1.7944,1.8449,1.856,1.862,1.8529,1.8437,1.8327,1.8216,1.8104,1.32,0.766,7.7417,8.0818,8.6019,9.1151,9.6154,10.0,10.0,10.0,10.0,10.0,10.0,10.0,10.0,10.0,10.0
2.6002,2.7191,2.7955,2.8124,2.8216,2.8077,2.7938,2.7771,2.7603,2.7434,2.7263,2.8299,3.0183,3.5337,4.3218,5.0995,5.8575,6.6166,7.3831,8.1496,3.4674,3.9366,4.4057,4.8749,5.344,5.8131,6.2823
1.4616,1.4218,1.3963,1.3906,1.3876,1.3922,1.3969,1.4024,1.408,1.4137,1.4194,1.3464,4.2359,4.0635,3.7999,3.5398,3.2862,3.0323,2.776,2.5196,2.263,2.0063,1.7497,1.493,1.2363,0.9797,0.723
0.7627,0.7976,0.82,0.825,0.8276,0.8236,0.8195,0.8146,0.8097,0.8047,0.7997,0.8301,0.8854,3.5922,3.8234,4.0515,4.2739,4.4966,4.7214,4.9462,5.1713,5.3964,5.6215,5.8466,6.0717,6.2968,6.5219
2.1445,2.0862,2.0486,2.0404,2.0359,2.0427,2.0495,2.0577,2.0659,2.0742,2.0826,2.0318,1.9393,1.6864,0.7696,1.3221,1.8781,2.4338,2.9883,3.5428,3.3203,2.9438,2.5672,2.1906,1.814,1.4374,1.0608
10.0,10.0,10.0,10.0,10.0,10.0,10.0,10.0,10.0,10.0,10.0,10.0,10.0,10.0,10.0,10.0,10.0,10.0,10.0,10.0,10.0,10.0,10.0,10.0,9.1546,7.254,5.3534
0.9875,1.0327,1.0617,1.0681,1.0716,1.0664,1.0611,1.0547,1.0484,1.0419,1.0354,1.0748,1.1463,1.3421,0.9796,1.6391,2.3283,3.0173,3.7047,4.3922,5.0794,5.7667,6.4539,7.1411,7.8284,8.1528,8.4443
1.2561,1.2219,1.1999,1.1951,1.1924,1.1964,1.2004,1.2052,1.21,1.2149,1.2198,1.19,1.1359,3.4921,3.2655,3.042,2.8241,2.6059,2.3856,2.1653,1.9448,1.7242,1.5036,1.2831,1.0625,0.8419,0.6213
1.041,1.0886,1.1192,1.126,1.1297,1.1241,1.1185,1.1118,1.1052,1.0984,1.0915,0.9907,4.6967,4.9031,5.2186,5.53,5.8335,6.1374,6.4443,6.7511,7.0583,7.3655,7.6728,7.98,8.2873,8.5945,8.9018
10.0,10.0,10.0,10.0,10.0,10.0,10.0,10.0,10.0,10.0,10.0,10.0,10.0,10.0,10.0,1.074,1.5256,1.9771,2.4276,2.878,3.3284,3.7787,4.229,4.6793,5.1296,5.58,6.0303
1.9901,1.936,1.9012,1.8935,1.8893,1.8956,1.902,1.9096,1.9172,1.925,1.5326,5.8535,5.7677,5.5329,5.174,4.8198,4.4746,4.1289,3.7798,3.4308,3.0814,2.7319,2.3824,2.0329,1.6834,1.3339,0.9844
0.7553,0.7898,0.812,0.8169,0.8196,0.8156,0.8115,0.8067,0.8018,0.7969,0.7919,0.822,0.8767,1.2176,3.7863,4.0122,4.2324,4.4529,4.6755,4.8982,5.121,5.3439,5.5668,5.7898,6.0127,6.2356,6.4585
1.5168,1.4755,1.449,1.4431,1.44,1.4448,1.4496,1.4554,1.4612,1.4671,1.473,1.4371,1.3717,1.1928,1.1132,1.9123,2.7165,3.1468,2.8808,2.6147,2.3484,2.0821,1.8157,1.5494,1.283,1.0167,0.7503
3.2245,3.3719,3.4668,3.4876,3.499,3.4819,3.2817,2.7669,2.2521,1.7373,1.2225,10.0,10.0,10.0,10.0,10.0,10.0,10.0,10.0,10.0,10.0,10.0,10.0,10.0,10.0,10.0,10.0
1.5371,1.6074,1.6526,1.6625,1.668,1.6598,1.6516,1.6417,1.6318,1.6218,1.6117,1.6729,1.7843,2.0889,2.5549,3.0146,3.4627,3.9114,4.3646,4.8177,5.2712,5.7249,6.1785,6.6322,7.0858,7.5395,6.8908
1.3239,1.2879,1.2647,1.2596,1.2568,1.261,1.2653,1.2703,1.2754,1.2805,1.2857,1.2543,0.6693,3.6807,3.4419,3.2063,2.9766,2.7467,2.5144,2.2822,2.0498,1.8173,1.5848,1.3524,1.1199,0.8874,0.6549
0.8187,0.8561,0.8802,0.8855,0.8884,0.884,0.8796,0.8743,0.8691,0.8637,0.8584,0.891,0.4713,3.8557,4.1039,4.3487,4.5874,4.8264,5.0677,5.309,5.5506,5.7922,6.0338,6.2754,6.517,6.7587,7.0003
3.1591,3.0732,3.0179,3.0057,2.9991,3.0091,3.0192,3.0313,3.0434,3.0556,3.0679,2.9931,2.8569,2.4843,0.6805,1.169,1.6606,2.1521,2.6424,3.1327,3.6229,4.113,3.7818,3.227,2.6722,2.1175,1.5627
3.8471,3.7424,3.6751,3.6603,3.6522,3.6644,3.3785,2.8485,2.3185,10.0,10.0,10.0,10.0,10.0,10.0,9.317,8.6497,7.9814,7.3066,6.6319,5.9564,5.2809,4.6053,3.9298,3.2542,2.5786,1.903
0.8502,0.8891,0.9141,0.9196,0.9226,0.9181,0.9135,0.9081,0.9026,0.8971,0.8915,0.9254,0.9869,1.1555,1.3109,2.2521,3.1991,4.1458,5.0903,5.5138,5.7647,6.0156,6.2665,6.5175,6.7684,7.0194,7.2703
1.2952,1.26,1.2373,1.2323,1.2296,1.2337,1.2378,1.2428,1.2477,1.2528,1.2578,1.2271,1.1713,0.732,2.5733,3.1368,2.9121,2.6871,2.4599,2.2328,2.0054,1.7779,1.5505,1.323,1.0956,0.8681,0.6407
1.356,1.418,1.4578,1.4666,1.4714,1.4642,1.4569,1.4482,1.4395,1.4306,1.4217,0.8276,6.1175,6.3863,6.7973,7.2029,7.5982,7.994,8.3937,8.7934,9.1935,9.5937,9.9939,10.0,10.0,10.0,10.0
4.7643,4.9822,5.1222,5.1531,5.1699,5.1446,5.119,5.0884,5.0577,5.0266,4.9954,5.1852,5.5303,6.4747,7.9189,9.3438,10.0,2.0,2.4557,2.9113,3.3669,3.8224,4.2779,4.7334,5.189,5.6445,6.1
1.6053,1.5617,1.5336,1.5274,1.524,1.5291,1.5342,1.5404,1.5465,1.5527,1.559,1.1098,4.6524,4.4631,4.1735,3.8878,3.6094,3.3305,3.049,2.7674,2.4855,2.2036,1.9217,1.6398,1.3579,1.076,0.7941
0.7497,0.7839,0.806,0.8108,0.8135,0.8095,0.8055,0.8006,0.7958,0.7909,0.786,0.8159,0.8702,3.5307,3.758,3.9822,4.2007,4.4196,4.6406,4.8615,5.0827,5.304,5.5252,5.7465,5.9677,6.189,6.4102
1.8261,1.7765,1.7445,1.7375,1.7336,1.7394,1.7452,1.7522,1.7592,1.7663,1.7734,1.7301,1.6514,1.4361,0.8611,1.4793,2.1014,2.7233,3.3437,3.148,2.8274,2.5067,2.1861,1.8654,1.5447,1.224,0.9033
6.2013,5.7287,10.0,10.0,10.0,10.0,10.0,10.0,10.0,10.0,10.0,10.0,10.0,10.0,10.0,10.0,10.0,10.0,10.0,10.0,10.0,10.0,10.0,10.0,10.0,10.0,10.0
1.129,1.1806,1.2138,1.2211,1.2251,1.2191,1.2131,1.2058,1.1986,1.1912,1.1838,1.2288,1.3105,1.5343,1.8766,1.4576,2.0354,2.6378,3.2388,3.8397,4.4405,5.0413,5.6421,6.2429,6.8437,7.4445,8.0453
1.2641,1.2297,1.2076,1.2027,1.2001,1.2041,1.2081,1.213,1.2178,1.2227,1.2276,1.1977,1.1432,3.5144,3.2864,3.0615,2.8422,2.6226,2.4009,2.1792,1.9572,1.7353,1.5133,1.2913,1.0693,0.8473,0.6253
0.9303,0.9728,1.0002,1.0062,1.0095,1.0046,0.9996,0.9936,0.9876,0.9815,0.9754,1.0125,0.4564,4.3816,4.6636,4.9418,5.213,5.4846,5.7588,6.0331,6.3076,6.5821,6.8567,7.1312,7.4058,7.6804,7.955
6.5702,6.3914,6.2765,6.2512,6.2374,6.2582,6.2791,6.3043,6.3294,6.3549,6.3805,6.2248,5.9416,5.1667,3.9817,1.0938,1.5537,2.0135,2.4722,2.931,3.3896,3.8482,4.3068,4.7654,5.224,4.4038,3.2499
2.4093,2.3438,2.3016,2.2923,2.2873,2.2949,2.3026,2.3118,2.321,1.9835,1.3957,7.0863,6.9825,6.6983,6.2638,5.835,5.4171,4.9986,4.576,4.1534,3.7304,3.3073,2.8842,2.4611,2.038,1.6149,1.1918
0.7786,0.8142,0.8371,0.8421,0.8449,0.8407,0.8365,0.8315,0.8265,0.8215,0.8164,0.8474,0.9038,0.6432,2.2609,3.884,4.3628,4.5901,4.8196,5.0491,5.2789,5.5086,5.7384,5.9682,6.198,6.4278,6.6576
1.4046,1.3664,1.3418,1.3364,1.3334,1.3379,1.3423,1.3477,1.3531,1.3586,1.364,1.3307,1.2702,0.5445,1.4036,2.4113,3.158,2.914,2.6677,2.4213,2.1747,1.9281,1.6814,1.4348,1.1881,0.9414,0.6948
2.0822,2.1774,2.2386,2.2521,2.2595,2.2484,2.2372,2.2238,2.2104,1.8135,1.2761,9.2431,9.3939,9.8067,10.0,10.0,10.0,10.0,10.0,10.0,10.0,10.0,10.0,10.0,10.0,10.0,10.0
2.0485,2.1422,2.2024,2.2157,2.2229,2.212,2.201,2.1879,2.1747,2.1613,2.1479,2.2295,2.3779,2.784,3.4049,4.0176,4.6148,5.2128,5.8167,6.4206,7.025,7.6296,8.2341,5.0882,5.5103,5.994,6.4778
1.4005,1.3624,1.3379,1.3325,1.3295,1.334,1.3384,1.3438,1.3492,1.3546,1.3601,1.3269,4.0587,3.8936,3.641,3.3917,3.1488,2.9055,2.6599,2.4143,2.1684,1.9225,1.6765,1.4306,1.1846,0.9387,0.6928
0.7803,0.816,0.8389,0.844,0.8468,0.8426,0.8384,0.8334,0.8284,0.8233,0.8182,0.8493,0.6814,3.6752,3.9117,4.1451,4.3726,4.6004,4.8304,5.0604,5.2907,5.521,5.7512,5.9815,6.2119,6.4422,6.6725
2.436,2.3697,2.3271,2.3177,2.3126,2.3203,2.3281,2.3374,2.3467,2.3562,2.3657,2.308,2.203,1.9157,0.7302,1.2545,1.782,2.3093,2.8354,3.3616,3.7717,3.3439,2.9162,2.4884,2.0606,1.6328,1.205
6.3312,5.8206,5.3095,4.7978,4.286,3.7742,10.0,10.0,10.0,10.0,10.0,10.0,10.0,10.0,10.0,10.0,10.0,10.0,10.0,10.0,9.8579,8.74,7.6219,6.5038,5.3857,4.2676,3.1494
0.9268,0.9691,0.9964,1.0024,1.0057,1.0007,0.9958,0.9898,0.9838,0.9778,0.9717,1.0086,1.0758,1.2595,1.0612,1.823,2.5896,3.356,4.1206,4.8852,5.6496,6.414,6.8305,7.104,7.3775,7.651,7.9245
1.2662,1.2318,1.2096,1.2048,1.2021,1.2061,1.2102,1.215,1.2198,1.2248,1.2297,1.1997,1.1451,1.6007,3.292,3.0667,2.847,2.6271,2.405,2.1828,1.9605,1.7382,1.5158,1.2935,1.0711,0.8487,0.6264
1.1385,1.1906,1.2241,1.2314,1.2355,1.2294,1.2233,1.216,1.2087,1.2012,1.1938,0.918,5.1366,5.3623,5.7074,6.0479,6.3798,6.7122,7.0478,7.3834,7.7194,8.0554,8.3914,8.7274,9.0634,9.3994,9.7355
10.0,10.0,10.0,10.0,10.0,10.0,10.0,10.0,10.0,10.0,10.0,10.0,10.0,10.0,10.0,10.0,1.527,1.9789,2.4297,2.8806,3.3313,3.782,4.2328,4.6835,5.1342,5.5849,6.0356
1.8166,1.7672,1.7354,1.7284,1.7246,1.7304,1.7362,1.7431,1.7501,1.7571,1.6529,0.9968,5.2648,5.0506,4.7229,4.3996,4.0845,3.769,3.4503,3.1317,2.8127,2.4937,2.1747,1.8557,1.5367,1.2176,0.8986
0.7506,0.7849,0.8069,0.8118,0.8144,0.8104,0.8064,0.8016,0.7968,0.7919,0.787,0.8169,0.8712,2.7965,3.7624,3.9869,4.2057,4.4248,4.6461,4.8673,5.0888,5.3103,5.5318,5.7533,5.9748,6.1963,6.4178
1.6164,1.5724,1.5441,1.5379,1.5345,1.5396,1.5448,1.551,1.5571,1.5634,1.5697,1.5314,1.4617,1.2711,0.9977,1.7139,2.4346,3.1551,3.0699,2.7864,2.5026,2.2188,1.935,1.6511,1.3673,1.0834,0.7995
4.9728,5.2001,5.2685,4.7607,4.2528,3.745,3.2372,2.7294,2.2215,10.0,10.0,10.0,10.0,10.0,10.0,10.0,10.0,10.0,10.0,10.0,10.0,10.0,10.0,10.0,10.0,10.0,10.0
1.3458,1.4074,1.4469,1.4557,1.4604,1.4533,1.446,1.4374,1.4287,1.4199,1.4111,1.4647,1.5622,1.829,2.237,2.6395,3.0318,3.4247,2.9253,3.4681,4.0108,4.5534,5.0961,5.6387,6.1814,6.724,7.2667
1.296,1.2608,1.2381,1.2331,1.2304,1.2345,1.2386,1.2436,1.2486,1.2536,1.2586,1.2279,0.8149,3.6032,3.3695,3.1388,2.914,2.6889,2.4615,2.2342,2.0067,1.7791,1.5515,1.3239,1.0963,0.8687,0.6411
0.8552,0.8943,0.9195,0.925,0.928,0.9235,0.9189,0.9134,0.9079,0.9023,0.8967,0.9308,0.4196,4.028,4.2872,4.543,4.7923,5.042,5.2941,5.5462,5.7986,6.0509,6.3033,6.5557,6.8082,7.0606,7.313
3.9293,3.8224,3.7537,3.7385,3.7303,3.7427,3.7552,3.7703,3.7853,3.8006,3.8159,3.7228,3.5534,3.09,2.3813,1.1353,1.6127,2.09,2.5662,3.0423,3.5184,3.9944,4.4705,4.0138,3.3237,2.6337,1.9436
3.1218,3.0369,2.9823,2.9703,2.9637,2.9736,2.9835,2.9503,2.4013,1.8524,9.256,9.182,9.0474,8.6792,8.1161,7.5606,7.0191,6.4768,5.9292,5.3816,4.8335,4.2854,3.7372,3.1889,2.6407,2.0925,1.5442
0.8187,0.8561,0.8802,0.8855,0.8884,0.884,0.8796,0.8744,0.8691,0.8638,0.8584,0.891,0.9503,0.5639,1.557,2.6748,3.7996,4.8265,5.0678,5.3092,5.5507,5.7923,6.0339,6.2756,6.5172,6.7588,7.0004
1.3307,1.2945,1.2712,1.2661,1.2633,1.2675,1.2718,1.2769,1.282,1.2871,1.2923,1.2608,1.2034,0.5533,1.945,3.2228,2.992,2.7608,2.5274,2.294,2.0603,1.8267,1.593,1.3593,1.1256,0.8919,0.6582
1.5599,1.6312,1.677,1.6871,1.6926,1.6843,1.676,1.6659,1.6559,1.6457,1.3604,0.7895,7.0373,7.3465,7.8193,8.2859,8.7406,9.196,9.6558,10.0,10.0,10.0,10.0,10.0,10.0,10.0,10.0
3.1511,3.2951,3.3878,3.4082,3.4193,3.4025,3.3857,3.3654,3.3451,3.3246,3.3039,3.4294,3.6577,4.2823,5.2374,6.1799,7.0985,8.0184,2.5038,2.9684,3.4329,3.8974,4.3619,4.8263,5.2908,5.7553,6.2197
1.5155,1.4743,1.4478,1.442,1.4388,1.4436,1.4484,1.4542,1.46,1.4659,1.4718,1.2466,4.3922,4.2134,3.9401,3.6704,3.4075,3.1442,2.8784,2.6126,2.3465,2.0804,1.8143,1.5481,1.282,1.0158,0.7497
0.7588,0.7935,0.8158,0.8207,0.8234,0.8193,0.8153,0.8104,0.8055,0.8005,0.7956,0.8258,0.8808,3.5736,3.8036,4.0306,4.2518,4.4733,4.6969,4.9206,5.1445,5.3684,5.5923,5.8163,6.0402,6.2642,6.4881
2.0135,1.9587,1.9235,1.9157,1.9115,1.9178,1.9243,1.932,1.9397,1.9475,1.9553,1.9076,1.8208,1.5834,0.8034,1.3802,1.9605,2.5407,3.1196,3.4709,3.1174,2.7639,2.4103,2.0567,1.7031,1.3496,0.996
6.2315,5.729,5.2259,4.7222,4.2185,10.0,10.0,10.0,10.0,10.0,10.0,10.0,10.0,10.0,10.0,10.0,10.0,10.0,10.0,10.0,10.0,10.0,10.0,10.0,10.0,10.0,9.574
1.0389,1.0864,1.1169,1.1237,1.1273,1.1218,1.1162,1.1096,1.1029,1.0961,1.0893,1.1307,1.2059,1.4119,1.0305,1.556,2.2104,2.8645,3.5171,4.1697,4.8221,5.4746,6.127,6.7794,7.4318,8.0843,8.7367
1.2612,1.2269,1.2048,1.2,1.1973,1.2013,1.2053,1.2101,1.215,1.2199,1.2248,1.1949,1.1405,3.5063,3.2788,3.0544,2.8356,2.6166,2.3953,2.1741,1.9527,1.7312,1.5098,1.2883,1.0668,0.8453,0.6238
0.9974,1.043,1.0723,1.0788,1.0823,1.077,1.0716,1.0652,1.0588,1.0523,1.0458,1.0517,4.4998,4.6975,4.9998,5.2981,5.5888,5.88,6.174,6.468,6.7623,7.0567,7.351,7.6454,7.9397,8.2341,8.5285
10.0,10.0,10.0,10.0,10.0,10.0,10.0,10.0,10.0,10.0,10.0,10.0,10.0,9.0424,6.9685,1.0833,1.5389,1.9943,2.4487,2.903,3.3573,3.8115,4.2658,4.72,5.1742,5.6285,5.6878
2.1358,2.0777,2.0403,2.0321,2.0276,2.0344,2.0412,2.0493,2.0575,2.0658,1.4798,6.2818,6.1897,5.9378,5.5526,5.1725,4.802,4.431,4.0564,3.6818,3.3068,2.9318,2.5567,2.1817,1.8066,1.4315,1.0565
0.7654,0.8004,0.8229,0.8279,0.8306,0.8265,0.8224,0.8175,0.8126,0.8076,0.8026,0.833,0.8885,0.9092,3.1962,4.0659,4.2891,4.5125,4.7382,4.9638,5.1897,5.4155,5.6414,5.8673,6.0932,6.3192,6.5451
1.4745,1.4344,1.4086,1.403,1.3999,1.4045,1.4092,1.4149,1.4205,1.4262,1.432,1.397,1.3335,1.1596,1.2111,2.0805,2.9554,3.0592,2.8006,2.5419,2.283,2.0241,1.7652,1.5062,1.2473,0.9883,0.7294
2.6704,2.7924,2.871,2.8883,2.8977,2.8835,2.8692,2.8175,2.2932,1.769,1.2448,10.0,10.0,10.0,10.0,10.0,10.0,10.0,10.0,10.0,10.0,10.0,10.0,10.0,10.0,10.0,10.0
1.7027,1.7805,1.8306,1.8416,1.8476,1.8386,1.8295,1.8185,1.8076,1.7964,1.7853,1.8531,1.9765,2.314,2.8301,3.3393,3.8357,4.3328,4.8347,5.3366,3.72,4.2233,4.7267,5.23,5.7333,6.2366,6.7399
1.3549,1.318,1.2943,1.2891,1.2862,1.2905,1.2949,1.3,1.3052,1.3105,1.3158,1.2837,0.685,3.7668,3.5224,3.2813,3.0463,2.8109,2.5733,2.3356,2.0978,1.8599,1.6219,1.384,1.1461,0.9081,0.6702
0.8052,0.842,0.8657,0.8709,0.8738,0.8695,0.8652,0.86,0.8548,0.8495,0.8443,0.8763,0.5354,3.7923,4.0364,4.2772,4.512,4.747,4.9844,5.2218,5.4594,5.697,5.9346,6.1723,6.4099,6.6475,6.8852
2.8429,2.7656,2.7159,2.7049,2.6989,2.7079,2.717,2.7279,2.7388,2.7498,2.7609,2.6935,2.571,2.2357,0.7002,1.2028,1.7086,2.2142,2.7187,3.2232,3.7275,3.9025,3.4033,2.904,2.4048,1.9055,1.4063
4.543,4.4194,4.3399,4.3224,4.3129,3.8643,3.3403,2.8163,10.0,10.0,10.0,10.0,10.0,10.0,10.0,10.0,10.0,9.4252,8.6284,7.8315,7.0339,6.2362,5.4384,4.6406,3.8428,3.045,2.2472
0.8799,0.9201,0.946,0.9517,0.9548,0.9501,0.9454,0.9397,0.9341,0.9283,0.9226,0.9576,1.0213,1.1958,1.2053,2.0706,2.9413,3.8117,4.6801,5.5485,5.9657,6.2253,6.485,6.7447,7.0044,7.264,7.5237
1.2868,1.2518,1.2293,1.2244,1.2216,1.2257,1.2298,1.2347,1.2397,1.2447,1.2497,1.2192,1.1637,0.9258,3.2546,3.1165,2.8933,2.6698,2.444,2.2183,1.9924,1.7664,1.5405,1.3145,1.0885,0.8625,0.6365
1.2665,1.3244,1.3617,1.3699,1.3744,1.3676,1.3608,1.3527,1.3445,1.3363,1.328,0.862,5.714,5.9651,6.349,6.7278,7.097,7.4668,7.8401,8.2135,8.5872,8.9609,9.3347,9.7085,10.0,10.0,10.0
7.0692,7.3924,7.6002,7.646,7.671,7.6333,7.5955,7.55,7.5045,7.4584,7.4121,7.6937,8.2058,9.607,10.0,10.0,1.5406,1.9965,2.4513,2.9062,3.3609,3.8157,4.2704,4.7251,5.1799,5.6346,6.0893
1.6841,1.6382,1.6088,1.6023,1.5988,1.6041,1.6095,1.6159,1.6223,1.6289,1.6354,1.0494,4.8806,4.6819,4.3782,4.0785,3.7864,3.4939,3.1985,2.9031,2.6074,2.3117,2.016,1.7202,1.4245,1.1288,0.833
0.7518,0.7862,0.8083,0.8132,0.8158,0.8118,0.8078,0.8029,0.7981,0.7932,0.7883,0.8182,0.8727,3.5408,3.7687,3.9936,4.2128,4.4322,4.6538,4.8755,5.0973,5.3192,5.541,5.7629,5.9848,6.2067,6.4286
1.744,1.6966,1.6661,1.6594,1.6557,1.6612,1.6668,1.6735,1.6801,1.6869,1.6937,1.6524,1.5772,1.3715,0.9109,1.5649,2.223,2.8808,3.3124,3.0065,2.7003,2.3941,2.0878,1.7815,1.4753,1.169,0.8627
6.2476,5.7438,5.2394,4.7344,4.2294,3.7243,3.2379,10.0,10.0,10.0,10.0,10.0,10.0,10.0,10.0,10.0,10.0,10.0,10.0,10.0,10.0,10.0,10.0,10.0,10.0,10.0,10.0
1.2062,1.2614,1.2969,1.3047,1.3089,1.3025,1.296,1.2883,1.2805,1.2726,1.2647,1.3128,1.4002,1.6393,2.0049,2.3657,1.9603,2.5404,3.1192,3.6979,4.2766,4.8552,5.4338,6.0124,6.591,7.1696,7.7482
1.2795,1.2446,1.2223,1.2173,1.2146,1.2187,1.2228,1.2277,1.2326,1.2375,1.2425,1.2122,1.1571,3.5571,3.3263,3.0986,2.8767,2.6545,2.43,2.2056,1.981,1.7563,1.5316,1.307,1.0823,0.8576,0.6329
0.9025,0.9437,0.9703,0.9761,0.9793,0.9745,0.9697,0.9638,0.958,0.9522,0.9462,0.9822,0.4428,4.2504,4.524,4.7939,5.057,5.3204,5.5865,5.8525,6.1188,6.3851,6.6514,6.9178,7.1841,7.4505,7.7168
5.2405,5.0979,5.0062,4.9861,4.975,4.9916,5.0083,5.0284,5.0484,5.0688,5.0892,4.965,4.7391,4.1211,3.1759,1.1123,1.58,2.0476,2.5141,2.9806,3.447,3.9134,4.3797,4.8461,4.4328,3.5125,2.5922
2.647,2.575,2.5287,2.5185,2.5129,2.5213,2.5298,2.5399,2.5104,1.9365,7.8482,7.7855,7.6714,7.3592,6.8817,6.4107,5.9515,5.4917,5.0274,4.5631,4.0984,3.6336,3.1688,2.7039,2.2391,1.7742,1.3094
0.7957,0.832,0.8554,0.8606,0.8634,0.8592,0.8549,0.8498,0.8447,0.8395,0.8343,0.8659,0.9236,0.5499,1.9329,3.3206,4.4585,4.6907,4.9253,5.1598,5.3946,5.6294,5.8642,6.0991,6.3339,6.5687,6.8036
1.3793,1.3417,1.3176,1.3123,1.3094,1.3138,1.3182,1.3234,1.3287,1.3341,1.3394,1.3068,1.2473,0.5346,1.5753,2.7063,3.1011,2.8615,2.6196,2.3777,2.1355,1.8933,1.6511,1.4089,1.1667,0.9245,0.6823
1.8511,1.9357,1.9901,2.0021,2.0086,1.9988,1.9889,1.977,1.965,1.8629,1.3109,0.7741,8.3511,8.718,9.2791,9.8327,10.0,10.0,10.0,10.0,10.0,10.0,10.0,10.0,10.0,10.0,10.0
2.372,2.4805,2.5502,2.5656,2.574,2.5613,2.5486,2.5334,2.5181,2.5026,2.4871,2.5816,2.7534,3.2236,3.9426,4.652,5.3435,6.036,6.7352,3.0522,3.5298,4.0074,4.4849,4.9625,5.4401,5.9176,6.3952
1.4467,1.4073,1.382,1.3764,1.3734,1.378,1.3826,1.3881,1.3936,1.3993,1.4049,1.3706,4.1926,4.0219,3.761,3.5036,3.2526,3.0013,2.7476,2.4938,2.2399,1.9858,1.7318,1.4777,1.2237,0.9696,0.7156
0.7743,0.8097,0.8324,0.8374,0.8402,0.8361,0.8319,0.8269,0.8219,0.8169,0.8118,0.8427,0.8304,3.6466,3.8813,4.1129,4.3386,4.5646,4.7929,5.0211,5.2496,5.478,5.7065,5.9351,6.1636,6.3921,6.6206
2.2619,2.2003,2.1608,2.152,2.1473,2.1545,2.1617,2.1703,2.179,2.1878,2.1966,2.143,2.0455,1.7787,0.7589,1.3037,1.852,2.4,2.9468,3.4936,3.502,3.1049,2.7077,2.3105,1.9133,1.5161,1.1188
6.3123,5.8032,5.2936,4.7834,4.2731,3.7629,3.2526,10.0,10.0,10.0,10.0,10.0,10.0,10.0,10.0,10.0,10.0,10.0,10.0,10.0,10.0,10.0,10.0,8.7775,7.2685,5.7594,4.2504
0.9697,1.0141,1.0426,1.0489,1.0523,1.0471,1.0419,1.0357,1.0294,1.0231,1.0168,1.0554,1.1256,1.3179,0.999,1.7161,2.4378,3.1592,3.8789,4.5987,5.3183,6.0378,6.7574,7.4334,7.7196,8.0058,8.292
1.2684,1.2339,1.2117,1.2068,1.2041,1.2081,1.2122,1.217,1.2219,1.2268,1.2317,1.2017,1.147,2.9704,3.2975,3.0718,2.8517,2.6314,2.409,2.1865,1.9638,1.7411,1.5184,1.2956,1.0729,0.8501,0.6274
1.0836,1.1331,1.165,1.172,1.1758,1.17,1.1642,1.1573,1.1503,1.1432,1.1361,0.9681,4.8886,5.1033,5.4318,5.7559,6.0718,6.3881,6.7075,7.0269,7.3466,7.6664,7.9862,8.306,8.6258,8.9456,9.2654
10.0,9.9902,9.9902,9.9902,9.9902,9.9902,9.9902,9.9902,9.9902,9.9902,9.9902,9.9902,9.9902,9.9902,9.9902,9.9902,1.5366,1.9913,2.445,2.8986,3.3522,3.8058,4.2593,4.7129,5.1664,5.6199,6.0735
1.9332,1.8807,1.8468,1.8394,1.8353,1.8414,1.8476,1.855,1.8624,1.8699,1.5874,5.6861,5.6027,5.3747,5.026,4.682,4.3467,4.0109,3.6718,3.3327,2.9932,2.6538,2.3143,1.9748,1.6353,1.2958,0.9563
0.7587,0.7934,0.8157,0.8206,0.8233,0.8193,0.8152,0.8103,0.8055,0.8005,0.7955,0.8258,0.8807,1.5639,3.8035,4.0304,4.2516,4.4731,4.6967,4.9204,5.1443,5.3682,5.5921,5.816,6.04,6.2639,6.4878
1.5644,1.5218,1.4944,1.4884,1.4851,1.4901,1.4951,1.501,1.507,1.5131,1.5192,1.4821,1.4147,1.2302,1.0735,1.8441,2.6196,3.2455,2.9711,2.6967,2.4221,2.1474,1.8727,1.598,1.3233,1.0485,0.7738
3.7522,3.9238,4.0341,4.0584,4.0717,3.8036,3.2878,2.772,2.2563,1.7405,10.0,10.0,10.0,10.0,10.0,10.0,10.0,10.0,10.0,10.0,10.0,10.0,10.0,10.0,10.0,10.0,10.0
1.4683,1.5355,1.5786,1.5882,1.5933,1.5855,1.5777,1.5682,1.5588,1.5492,1.5396,1.5981,1.7044,1.9955,2.4406,2.8797,3.3078,3.7364,2.8504,3.3793,3.9081,4.4368,4.9656,5.4943,6.0231,6.5518,7.0806
1.3227,1.2867,1.2635,1.2584,1.2557,1.2598,1.2641,1.2691,1.2742,1.2793,1.2845,1.2531,0.6787,3.6772,3.4386,3.2033,2.9738,2.7441,2.5121,2.2801,2.0479,1.8156,1.5834,1.3511,1.1188,0.8865,0.6543
0.8384,0.8767,0.9014,0.9068,0.9098,0.9053,0.9008,0.8954,0.89,0.8846,0.8791,0.9125,0.4444,3.9487,4.2028,4.4536,4.698,4.9427,5.1899,5.437,5.6844,5.9318,6.1793,6.4267,6.6742,6.9216,7.1691
3.4406,3.347,3.2869,3.2736,3.2664,3.2773,3.2882,3.3014,3.3146,3.3279,3.3413,3.2598,3.1115,2.7057,0.7132,1.1645,1.6542,2.1437,2.6321,3.1205,3.6088,4.097,4.1188,3.5146,2.9104,2.3061,1.7019
3.5595,3.4627,3.4004,3.3867,3.3792,3.3905,3.4018,2.9083,2.3672,10.0,10.0,10.0,10.0,9.896,9.2541,8.6206,8.0031,7.3849,6.7605,6.1362,5.5112,4.8862,4.2611,3.636,3.0109,2.3858,1.7607
0.8442,0.8828,0.9077,0.9131,0.9161,0.9116,0.9071,0.9017,0.8962,0.8907,0.8852,0.9188,0.98,0.5815,1.4059,2.4152,3.4308,4.4461,5.226,5.4749,5.724,5.9731,6.2223,6.4714,6.7206,6.9697,7.2189
1.3186,1.2827,1.2596,1.2546,1.2518,1.256,1.2602,1.2652,1.2703,1.2754,1.2805,1.2493,1.1924,0.6565,2.3077,3.1934,2.9647,2.7356,2.5043,2.2731,2.0416,1.81,1.5785,1.3469,1.1154,0.8838,0.6522
1.4384,1.5042,1.5465,1.5558,1.5608,1.5532,1.5455,1.5362,1.527,1.5176,1.4111,0.8189,6.4894,6.7745,7.2105,7.6407,8.0601,8.48,8.904,9.328,9.7524,10.0,10.0,10.0,10.0,10.0,10.0
4.0149,4.1985,4.3165,4.3425,4.3567,4.3353,4.3138,4.288,4.2622,4.236,4.2097,4.3696,4.6604,5.4563,6.6733,7.8741,9.0445,2.0306,2.4932,2.9558,3.4183,3.8808,4.3433,4.8058,5.2683,5.7308,6.1933
1.5821,1.5391,1.5114,1.5053,1.502,1.507,1.512,1.5181,1.5241,1.5303,1.5364,1.1676,4.5851,4.3985,4.1132,3.8316,3.5572,3.2824,3.0049,2.7274,2.4496,2.1718,1.894,1.6161,1.3383,1.0604,0.7826
0.7591,0.7938,0.8161,0.8211,0.8237,0.8197,0.8156,0.8107,0.8059,0.8009,0.7959,0.8262,0.8812,3.5753,3.8054,4.0324,4.2537,4.4753,4.6991,4.9229,5.1468,5.3709,5.5949,5.8189,6.043,6.267,6.4911
1.9088,1.8568,1.8235,1.8161,1.8121,1.8181,1.8242,1.8315,1.8388,1.8462,1.8537,1.8084,1.7262,1.501,0.8448,1.4513,2.0616,2.6717,3.2804,3.2905,2.9554,2.6202,2.285,1.9498,1.6146,1.2794,0.9442
6.2632,5.7581,5.2525,4.7462,4.2399,3.7337,3.2274,2.7211,10.0,10.0,10.0,10.0,10.0,10.0,10.0,10.0,10.0,10.0,10.0,10.0,10.0,10.0,10.0,10.0,10.0,10.0,10.0
1.1017,1.1521,1.1844,1.1916,1.1955,1.1896,1.1837,1.1766,1.1695,1.1623,1.1551,1.199,1.2788,1.4972,1.8311,1.4898,2.1162,2.7425,3.3673,3.9921,4.6167,5.2414,5.866,6.4906,7.1153,7.7399,8.3645
1.2734,1.2388,1.2165,1.2116,1.2089,1.213,1.217,1.2219,1.2268,1.2317,1.2367,1.2065,1.1516,3.5403,3.3107,3.084,2.8632,2.642,2.4186,2.1952,1.9717,1.748,1.5244,1.3008,1.0772,0.8535,0.6299
0.9629,1.0069,1.0352,1.0414,1.0448,1.0397,1.0345,1.0283,1.0222,1.0159,1.0096,1.0479,0.4724,4.5348,4.8267,5.1147,5.3954,5.6764,5.9603,6.2441,6.5282,6.8124,7.0965,7.3807,7.6649,7.9491,8.2332
7.9257,7.7101,7.5714,7.5409,7.5242,7.5493,7.5746,7.6049,7.6353,7.666,7.6969,7.5091,7.1675,6.2327,4.8032,1.0989,1.561,2.023,2.4839,2.9448,3.4056,3.8664,4.3271,4.7879,5.2487,5.3123,3.9205
2.3162,2.2532,2.2127,2.2038,2.1989,2.2063,2.2136,2.2225,2.2314,2.0448,1.4389,6.8126,6.7127,6.4395,6.0218,5.6096,5.2078,4.8055,4.3992,3.9929,3.5862,3.1795,2.7728,2.366,1.9593,1.5525,1.1457
0.7801,0.8158,0.8387,0.8438,0.8465,0.8424,0.8382,0.8332,0.8282,0.8231,0.818,0.849,0.9056,0.7305,2.5679,4.144,4.3714,4.5992,4.8291,5.0591,5.2893,5.5195,5.7498,5.98,6.2102,6.4405,6.6707
1.4429,1.4037,1.3784,1.3729,1.3698,1.3744,1.379,1.3845,1.39,1.3957,1.4013,1.3671,1.3049,0.5593,1.3345,2.2926,3.2442,2.9936,2.7405,2.4874,2.2341,1.9807,1.7273,1.4739,1.2205,0.9671,0.7137
2.2938,2.3986,2.4661,2.4809,2.489,2.4768,2.4645,2.4498,2.3488,1.8119,1.275,10.0,10.0,10.0,10.0,10.0,10.0,10.0,10.0,10.0,10.0,10.0,10.0,10.0,10.0,10.0,10.0
1.9175,2.0052,2.0615,2.0739,2.0807,2.0705,2.0602,2.0479,2.0356,2.0231,2.0105,2.0869,2.2258,2.6059,3.1871,3.7606,4.3196,4.8793,2.6704,3.1659,3.6613,4.1567,4.6521,5.1474,5.6428,6.1382,6.6335
1.3949,1.357,1.3326,1.3272,1.3243,1.3287,1.3332,1.3385,1.3438,1.3492,1.3547,1.3216,0.7053,3.8782,3.6266,3.3783,3.1364,2.8941,2.6494,2.4047,2.1598,1.9149,1.6699,1.4249,1.18,0.935,0.69
0.7967,0.8332,0.8566,0.8618,0.8646,0.8603,0.8561,0.8509,0.8458,0.8406,0.8354,0.8671,0.6225,3.7525,3.994,4.2323,4.4645,4.6971,4.932,5.1669,5.402,5.6371,5.8722,6.1074,6.3425,6.5777,6.8128
2.6005,2.5298,2.4843,2.4743,2.4688,2.477,2.4853,2.4953,2.5052,2.5153,2.5255,2.4638,2.3517,2.045,0.7249,1.2453,1.769,2.2925,2.8148,3.3371,3.8593,3.5697,3.1131,2.6564,2.1997,1.743,1.2863
5.569,5.4175,5.3201,4.8851,4.364,3.8429,3.3218,2.8007,2.3608,10.0,10.0,10.0,10.0,10.0,10.0,10.0,10.0,10.0,10.0,9.6003,8.6225,7.6446,6.6667,5.6887,4.7107,3.7327,2.7547
0.9166,0.9585,0.9854,0.9914,0.9946,0.9897,0.9848,0.9789,0.973,0.967,0.961,0.9976,1.0639,1.2456,1.1223,1.928,2.7388,3.5493,4.3579,5.1665,5.9749,6.4849,6.7554,7.026,7.2965,7.567,7.8375
1.2859,1.2509,1.2284,1.2234,1.2207,1.2248,1.2289,1.2338,1.2387,1.2437,1.2487,1.2183,1.1628,1.2631,3.343,3.1141,2.8911,2.6677,2.4422,2.2166,1.9909,1.7651,1.5393,1.3135,1.0877,0.8619,0.6361
1.1954,1.2501,1.2852,1.293,1.2972,1.2908,1.2844,1.2767,1.269,1.2612,1.2534,0.9041,5.3932,5.6302,5.9925,6.3501,6.6986,7.0475,7.3999,7.7523,8.1051,8.4578,8.8106,9.1635,9.5163,9.8691,10.0
8.0766,8.0766,8.0766,8.0766,8.0766,8.0766,8.0766,8.0766,8.0766,8.0766,8.0766,8.0766,8.0766,8.0766,8.0766,8.0766,1.5466,2.0043,2.4609,2.9176,3.3741,3.8306,4.2871,4.7436,5.2001,5.6566,6.1131
1.7802,1.7318,1.7007,1.6938,1.6901,1.6957,1.7014,1.7082,1.715,1.7219,1.7253,1.0012,5.1593,4.9494,4.6283,4.3115,4.0026,3.6934,3.3812,3.0689,2.7563,2.4437,2.1311,1.8185,1.5059,1.1932,0.8806
0.7582,0.7929,0.8152,0.8201,0.8228,0.8187,0.8147,0.8098,0.8049,0.8,0.795,0.8252,0.8801,3.571,3.8009,4.0277,4.2487,4.47,4.6935,4.9171,5.1408,5.3645,5.5883,5.8121,6.0359,6.2597,6.4834
1.679,1.6334,1.604,1.5975,1.594,1.5993,1.6047,1.6111,1.6175,1.624,1.6306,1.5908,1.5184,1.3204,0.9719,1.6696,2.3716,3.0735,3.1889,2.8944,2.5996,2.3048,2.01,1.7151,1.4203,1.1254,0.8305
6.33,5.8195,5.3085,4.7968,4.2851,3.7734,3.2618,2.7501,2.2567,10.0,10.0,10.0,10.0,10.0,10.0,10.0,10.0,10.0,10.0,10.0,10.0,10.0,10.0,10.0,10.0,10.0,10.0
1.3014,1.3609,1.3991,1.4076,1.4122,1.4052,1.3983,1.3899,1.3815,1.373,1.3645,1.4163,1.5106,1.7686,2.163,2.5523,2.9316,2.4645,3.026,3.5875,4.1488,4.7102,5.2715,5.8328,6.3942,6.9555,7.5168
1.3024,1.267,1.2442,1.2392,1.2364,1.2405,1.2447,1.2497,1.2547,1.2597,1.2648,1.2339,0.9482,3.6209,3.386,3.1542,2.9283,2.702,2.4736,2.2452,2.0165,1.7878,1.5591,1.3304,1.1017,0.8729,0.6442
0.8814,0.9217,0.9476,0.9533,0.9565,0.9518,0.947,0.9414,0.9357,0.9299,0.9242,0.9593,0.4324,4.1513,4.4185,4.6821,4.939,5.1963,5.4562,5.716,5.9761,6.2362,6.4963,6.7565,7.0166,7.2767,7.5369
4.3893,4.2699,4.1931,4.1762,4.1669,4.1808,4.1948,4.2116,4.2284,4.2455,4.2626,4.1585,3.9694,3.4517,2.66,1.1377,1.6161,2.0944,2.5715,3.0487,3.5257,4.0028,4.4798,4.4836,3.7128,2.942,2.1712
2.9507,2.8705,2.8189,2.8075,2.8013,2.8106,2.82,2.8313,2.4667,1.9028,8.7487,8.6788,8.5516,8.2036,7.6714,7.1463,6.6344,6.1219,5.6043,5.0867,4.5686,4.0505,3.5324,3.0142,2.496,1.9778,1.4596
0.818,0.8554,0.8794,0.8847,0.8876,0.8832,0.8789,0.8736,0.8683,0.863,0.8576,0.8902,0.9495,0.5635,1.6995,2.9195,4.1472,4.8223,5.0634,5.3045,5.5459,5.7873,6.0287,6.2701,6.5115,6.7529,6.9943
1.3628,1.3257,1.3018,1.2966,1.2937,1.298,1.3024,1.3076,1.3128,1.3181,1.3234,1.2911,1.2324,0.5283,1.8029,3.0973,3.064,2.8273,2.5882,2.3492,2.11,1.8707,1.6314,1.392,1.1527,0.9134,0.6741
1.677,1.7537,1.803,1.8139,1.8198,1.8109,1.8019,1.7911,1.7803,1.7694,1.3549,0.7863,7.566,7.8984,8.4068,8.9083,9.3972,9.8868,10.0,10.0,10.0,10.0,10.0,10.0,10.0,10.0,10.0
2.8282,2.9575,3.0407,3.059,3.069,3.0539,3.0388,3.0206,3.0024,2.9839,2.9654,3.0781,3.283,3.8436,4.7008,5.5467,6.3712,2.1501,2.5568,3.0313,3.5056,3.9799,4.4542,4.9285,5.4028,5.877,6.3513
1.504,1.4631,1.4368,1.431,1.4279,1.4326,1.4374,1.4432,1.4489,1.4548,1.4606,1.326,4.3589,4.1815,3.9102,3.6425,3.3816,3.1204,2.8566,2.5928,2.3287,2.0646,1.8005,1.5364,1.2722,1.0081,0.744
0.7727,0.8081,0.8308,0.8358,0.8385,0.8344,0.8303,0.8253,0.8203,0.8153,0.8102,0.841,0.897,3.6394,3.8736,4.1047,4.33,4.5555,4.7833,5.0111,5.2391,5.4672,5.6952,5.9233,6.1513,6.3794,6.6074
2.1243,2.0665,2.0293,2.0211,2.0167,2.0234,2.0302,2.0383,2.0464,2.0547,2.063,2.0126,1.9211,1.6705,0.7941,1.3643,1.9379,2.5114,3.0836,3.6558,3.289,2.916,2.543,2.1699,1.7969,1.4238,1.0508
6.3295,5.819,5.3081,4.7964,4.2848,3.7732,3.2615,2.7499,2.2382,10.0,10.0,10.0,10.0,10.0,10.0,10.0,10.0,10.0,10.0,10.0,10.0,10.0,10.0,10.0,10.0,8.8617,6.5399
1.0222,1.0689,1.099,1.1056,1.1092,1.1038,1.0983,1.0917,1.0852,1.0785,1.0718,1.1125,1.1866,1.3892,1.014,1.6312,2.3171,3.0028,3.6869,4.371,5.0549,5.7389,6.4228,7.1067,7.7906,8.4391,8.7408
1.2777,1.2429,1.2206,1.2157,1.213,1.217,1.2211,1.226,1.2309,1.2358,1.2408,1.2105,1.1555,3.5522,3.3218,3.0944,2.8728,2.6508,2.4267,2.2026,1.9783,1.7539,1.5295,1.3052,1.0808,0.8564,0.632
1.04,1.0876,1.1181,1.1249,1.1286,1.123,1.1174,1.1108,1.1041,1.0973,1.0905,1.0292,4.6921,4.8983,5.2135,5.5246,5.8277,6.1314,6.4379,6.7445,7.0514,7.3583,7.6652,7.9722,8.2791,8.5861,8.893
7.2222,7.2222,7.2222,7.2222,7.2222,7.2222,7.2222,7.2222,7.2222,7.2222,7.2222,7.2222,7.2222,7.2222,7.2222,1.0947,1.555,2.0152,2.4743,2.9334,3.3925,3.8515,4.3104,4.7694,5.2284,5.6874,6.1464
2.0763,2.0198,1.9834,1.9755,1.9711,1.9777,1.9843,1.9922,2.0002,2.0082,1.5362,6.1067,6.0172,5.7723,5.3979,5.0284,4.6682,4.3076,3.9434,3.5792,3.2147,2.8501,2.4855,2.1209,1.7563,1.3916,1.027
0.7714,0.8067,0.8294,0.8344,0.8371,0.833,0.8288,0.8239,0.8189,0.8139,0.8088,0.8396,0.8954,1.095,3.8492,4.0977,4.3226,4.5478,4.7752,5.0026,5.2302,5.4579,5.6855,5.9132,6.1409,6.3685,6.5962
1.5247,1.4833,1.4566,1.4507,1.4475,1.4523,1.4572,1.463,1.4689,1.4748,1.4807,1.4446,1.3789,1.199,1.1674,2.0056,2.8489,3.1633,2.8959,2.6284,2.3607,2.093,1.8253,1.5575,1.2897,1.022,0.7542
3.0361,3.1749,3.2641,3.2838,3.2945,3.2783,3.2621,2.8317,2.3049,1.778,1.2511,10.0,10.0,10.0,10.0,10.0,10.0,10.0,10.0,10.0,10.0,10.0,10.0,10.0,10.0,10.0,10.0
1.623,1.6972,1.7449,1.7554,1.7611,1.7525,1.7438,1.7334,1.7229,1.7123,1.7017,1.7664,1.8839,2.2056,2.6976,3.183,3.6561,2.2771,2.7959,3.3146,3.8333,4.3519,4.8706,5.3892,5.9078,6.4265,6.9451
1.3578,1.3209,1.2971,1.2919,1.2891,1.2934,1.2977,1.3029,1.3081,1.3134,1.3186,1.2865,0.6865,3.775,3.5301,3.2885,3.0529,2.8171,2.5789,2.3407,2.1023,1.8639,1.6255,1.387,1.1486,0.9101,0.6717
0.8271,0.8649,0.8892,0.8946,0.8975,0.8931,0.8887,0.8834,0.878,0.8726,0.8672,0.9002,0.5022,3.8955,4.1462,4.3936,4.6347,4.8761,5.1199,5.3638,5.6078,5.8519,6.096,6.3401,6.5842,6.8283,7.0724
3.0812,2.9974,2.9435,2.9316,2.9252,2.9349,2.9447,2.9565,2.9683,2.9803,2.9923,2.9193,2.7865,2.4231,0.6995,1.2017,1.7071,2.2122,2.7163,3.2203,3.7242,4.228,3.6886,3.1475,2.6064,2.0653,1.5241
4.1565,4.0435,3.9707,3.9547,3.946,3.9577,3.4211,2.8844,2.3477,10.0,10.0,10.0,10.0,10.0,10.0,10.0,9.3455,8.6235,7.8944,7.1653,6.4356,5.7057,4.9758,4.2459,3.5159,2.786,2.056
0.8761,0.9162,0.942,0.9476,0.9507,0.9461,0.9414,0.9357,0.9301,0.9244,0.9186,0.9535,1.017,1.1907,1.2901,2.2163,3.1482,4.0799,5.0094,5.6818,5.9403,6.1988,6.4574,6.716,6.9746,7.2331,7.4917
1.3143,1.2786,1.2556,1.2505,1.2477,1.2519,1.2561,1.2611,1.2661,1.2713,1.2764,1.2452,1.1886,0.8096,2.8461,3.183,2.9551,2.7268,2.4962,2.2657,2.0349,1.8042,1.5734,1.3426,1.1117,0.8809,0.6501
1.3432,1.4046,1.4441,1.4528,1.4576,1.4504,1.4432,1.4346,1.426,1.4172,1.4084,0.8551,6.0601,6.3263,6.7335,7.1352,7.5268,7.9189,8.3149,8.7109,9.1072,9.5036,9.9,10.0,10.0,10.0,10.0
5.54,5.7933,5.9562,5.9921,6.0117,5.9822,5.9525,5.9168,5.8812,5.845,5.8088,6.0294,6.4308,6.7783,6.7783,6.7783,6.7783,2.0337,2.497,2.9604,3.4236,3.8868,4.35,4.8132,5.2764,5.7396,6.2028
1.6635,1.6182,1.5891,1.5827,1.5792,1.5845,1.5898,1.5962,1.6025,1.609,1.6155,1.105,4.821,4.6248,4.3247,4.0287,3.7402,3.4512,3.1594,2.8676,2.5756,2.2835,1.9914,1.6992,1.4071,1.115,0.8228
0.7638,0.7988,0.8212,0.8262,0.8289,0.8248,0.8207,0.8158,0.8109,0.8059,0.8009,0.8313,0.8866,3.5975,3.829,4.0575,4.2802,4.5031,4.7283,4.9535,5.1789,5.4043,5.6297,5.8551,6.0806,6.306,6.5315
1.8259,1.7763,1.7443,1.7373,1.7334,1.7392,1.745,1.752,1.759,1.7661,1.7732,1.73,1.6512,1.4359,0.8953,1.5381,2.1849,2.8314,3.4679,3.1477,2.8271,2.5065,2.1858,1.8652,1.5445,1.2239,0.9032
6.3312,5.8206,5.3095,4.7978,4.286,3.7742,3.2624,2.7506,2.2388,10.0,10.0,10.0,10.0,10.0,10.0,10.0,10.0,10.0,10.0,10.0,10.0,10.0,10.0,10.0,10.0,10.0,10.0
1.1785,1.2323,1.267,1.2746,1.2788,1.2725,1.2662,1.2586,1.251,1.2433,1.2356,1.2826,1.3679,1.6015,1.9587,1.5214,2.0424,2.6469,3.2499,3.8529,4.4558,5.0587,5.6615,6.2644,6.8672,7.4701,8.0729
1.2932,1.258,1.2354,1.2304,1.2277,1.2318,1.2359,1.2409,1.2458,1.2508,1.2559,1.2252,1.1695,3.5953,3.3621,3.1319,2.9076,2.683,2.4561,2.2293,2.0023,1.7752,1.5481,1.321,1.0939,0.8668,0.6397
0.9364,0.9792,1.0067,1.0128,1.0161,1.0111,1.0061,1.0001,0.9941,0.9879,0.9818,1.0191,0.4594,4.4102,4.694,4.9741,5.2471,5.5204,5.7965,6.0725,6.3488,6.6251,6.9015,7.1778,7.4542,7.7306,8.0069
6.099,5.9331,5.8264,5.8029,5.7901,5.8094,5.8288,5.8522,5.8755,5.8992,5.923,5.7784,5.5155,4.7962,3.6962,1.1212,1.5927,2.0641,2.5343,3.0046,3.4747,3.9448,4.415,4.8851,5.159,4.088,3.0169
2.5419,2.4727,2.4282,2.4184,2.4131,2.4212,2.4293,2.439,2.4487,2.002,1.4549,7.4761,7.3666,7.0668,6.6083,6.156,5.715,5.2735,4.8277,4.3818,3.9356,3.4892,3.0429,2.5965,2.1501,1.7037,1.2573
0.7998,0.8364,0.8599,0.8651,0.8679,0.8636,0.8594,0.8542,0.8491,0.8439,0.8386,0.8705,0.9284,0.6152,2.1628,3.7155,4.4818,4.7153,4.951,5.1868,5.4228,5.6588,5.8949,6.1309,6.367,6.6031,6.8391
1.4212,1.3825,1.3577,1.3522,1.3492,1.3537,1.3582,1.3637,1.3691,1.3746,1.3802,1.3465,1.2852,0.5509,1.4926,2.5641,3.1954,2.9485,2.6992,2.4499,2.2004,1.9509,1.7013,1.4517,1.2022,0.9526,0.703
2.025,2.1176,2.1771,2.1902,2.1974,2.1866,2.1758,2.1627,2.1497,1.8671,1.3138,0.8468,9.1359,9.5373,10.0,10.0,10.0,10.0,10.0,10.0,10.0,10.0,10.0,10.0,10.0,10.0,10.0
2.2031,2.3038,2.3686,2.3828,2.3906,2.3789,2.3671,2.3529,2.3387,2.3244,2.3099,2.3977,2.5573,2.994,3.6618,4.3207,4.9629,2.154,2.6447,3.1355,3.6261,4.1167,4.6073,5.0979,5.5885,6.0791,6.5697
1.4452,1.4059,1.3806,1.3751,1.372,1.3766,1.3812,1.3868,1.3923,1.3979,1.4035,1.3693,4.1885,4.018,3.7574,3.5002,3.2495,2.9984,2.7449,2.4914,2.2377,1.9839,1.7301,1.4763,1.2225,0.9687,0.7149
0.7931,0.8294,0.8527,0.8579,0.8607,0.8564,0.8522,0.8471,0.842,0.8368,0.8316,0.8632,0.746,3.7355,3.9759,4.2131,4.4444,4.6759,4.9097,5.1435,5.3775,5.6116,5.8457,6.0797,6.3138,6.5479,6.782
2.4125,2.3469,2.3047,2.2954,2.2903,2.298,2.3057,2.3149,2.3241,2.3335,2.3429,2.2857,2.1817,1.8972,0.7555,1.2979,1.8436,2.3892,2.9335,3.4778,3.7353,3.3117,2.8881,2.4644,2.0407,1.617,1.1934
6.274,5.9286,5.4081,4.8868,4.3655,3.8442,3.3229,2.8017,2.2804,1.7926,10.0,10.0,10.0,10.0,10.0,10.0,10.0,10.0,10.0,10.0,10.0,9.8951,8.6293,7.3634,6.0975,4.8316,3.5657
0.9615,1.0055,1.0337,1.0399,1.0433,1.0382,1.0331,1.0269,1.0207,1.0144,1.0081,1.0464,1.1161,1.3067,1.057,1.8159,2.5794,3.3428,4.1044,4.8659,5.6273,6.3887,7.0865,7.3703,7.654,7.9378,8.2216
1.2924,1.2572,1.2346,1.2296,1.2269,1.231,1.2351,1.2401,1.245,1.25,1.2551,1.2244,1.1687,1.9834,3.3599,3.1299,2.9058,2.6813,2.4546,2.2279,2.001,1.7741,1.5471,1.3202,1.0932,0.8662,0.6393
1.1393,1.1914,1.2249,1.2322,1.2363,1.2302,1.2241,1.2168,1.2094,1.202,1.1945,0.9554,5.1399,5.3658,5.7111,6.0518,6.384,6.7166,7.0524,7.3882,7.7244,8.0606,8.3968,8.7331,9.0693,9.4056,9.7418
6.166,6.166,6.166,6.166,6.166,6.166,6.166,6.166,6.166,6.166,6.166,6.166,6.166,6.166,6.166,6.166,1.5617,2.0238,2.4849,2.9459,3.4069,3.8679,4.3288,4.7898,5.2507,5.7116,6.1726
1.8976,1.8459,1.8127,1.8054,1.8014,1.8074,1.8135,1.8208,1.828,1.8354,1.6603,1.0411,5.4993,5.2755,4.9333,4.5956,4.2664,3.9368,3.604,3.2711,2.938,2.6048,2.2716,1.9383,1.6051,1.2719,0.9386
0.7691,0.8043,0.8269,0.8319,0.8346,0.8305,0.8264,0.8214,0.8165,0.8115,0.8064,0.8371,0.8928,2.1915,3.8555,4.0856,4.3098,4.5343,4.761,4.9878,5.2147,5.4417,5.6687,5.8957,6.1227,6.3497,6.5767
1.629,1.5847,1.5562,1.5499,1.5465,1.5516,1.5568,1.563,1.5693,1.5756,1.582,1.5433,1.4731,1.281,1.0466,1.798,2.554,3.3098,3.0939,2.8081,2.5221,2.2361,1.95,1.664,1.3779,1.0918,0.8058
4.5131,4.7194,4.8521,4.8813,4.367,3.8455,3.324,2.8026,2.2811,1.7597,10.0,10.0,10.0,10.0,10.0,10.0,10.0,10.0,10.0,10.0,10.0,10.0,10.0,10.0,10.0,10.0,10.0
1.4194,1.4843,1.526,1.5352,1.5402,1.5327,1.5251,1.5159,1.5068,1.4975,1.4882,1.5448,1.6476,1.929,2.3592,2.7837,1.8581,2.408,2.9566,3.5053,4.0538,4.6022,5.1507,5.6991,6.2476,6.7961,7.3445
1.3336,1.2973,1.274,1.2688,1.266,1.2703,1.2745,1.2796,1.2847,1.2899,1.2951,1.2635,0.7726,3.7076,3.4671,3.2298,2.9984,2.7668,2.5329,2.2989,2.0648,1.8306,1.5965,1.3623,1.1281,0.8939,0.6597
0.8667,0.9063,0.9318,0.9374,0.9404,0.9358,0.9312,0.9256,0.92,0.9144,0.9087,0.9432,0.4252,4.0818,4.3445,4.6037,4.8563,5.1094,5.3648,5.6203,5.876,6.1318,6.3876,6.6433,6.8991,7.1549,7.4107
3.8057,3.7022,3.6356,3.6209,3.6129,3.625,3.6371,3.6517,3.6662,3.681,3.6958,3.6056,3.4416,2.9927,0.7888,1.1708,1.6631,2.1552,2.6462,3.1373,3.6282,4.1191,4.5558,3.8875,3.2191,2.5508,1.8825
3.3466,3.2555,3.197,3.1841,3.1771,3.1877,3.1983,2.9969,2.4393,1.8817,9.9223,9.843,9.6987,9.304,8.7004,8.1049,7.5243,6.943,6.356,5.7691,5.1815,4.5939,4.0062,3.4185,2.8308,2.2431,1.6554
0.8462,0.8848,0.9097,0.9152,0.9182,0.9137,0.9092,0.9037,0.8983,0.8927,0.8872,0.9209,0.9822,0.5829,1.5276,2.6243,3.7278,4.831,5.2379,5.4873,5.737,5.9867,6.2364,6.4862,6.7359,6.9856,7.2354
1.3548,1.3179,1.2942,1.289,1.2862,1.2905,1.2948,1.3,1.3052,1.3104,1.3157,1.2836,1.2252,0.6016,2.1147,3.2811,3.0461,2.8108,2.5731,2.3355,2.0976,1.8597,1.6218,1.3839,1.146,0.9081,0.6702
1.5439,1.6145,1.6599,1.6699,1.6753,1.6671,1.6588,1.6489,1.639,1.6289,1.4095,0.818,6.9653,7.2714,7.7393,8.2011,8.6512,9.1019,9.557,10.0,10.0,10.0,10.0,10.0,10.0,10.0,10.0
3.51,3.6704,3.7736,3.7964,3.8088,3.7901,3.7713,3.7487,3.7261,3.7032,3.6802,3.82,4.0743,4.77,5.834,5.8395,1.6684,2.0806,2.5546,3.0286,3.5026,3.9765,4.4503,4.9242,5.3981,5.872,6.3459
1.5744,1.5316,1.5041,1.498,1.4947,1.4997,1.5047,1.5107,1.5167,1.5228,1.529,1.2419,4.5629,4.3772,4.0932,3.813,3.5399,3.2664,2.9903,2.7141,2.4377,2.1612,1.8848,1.6083,1.3318,1.0553,0.7788
0.7758,0.8112,0.834,0.8391,0.8418,0.8377,0.8335,0.8285,0.8235,0.8185,0.8134,0.8443,0.9005,3.6537,3.8888,4.1208,4.347,4.5735,4.8021,5.0308,5.2597,5.4887,5.7176,5.9466,6.1755,6.4045,6.6334
2.016,1.9612,1.9259,1.9182,1.9139,1.9203,1.9267,1.9345,1.9422,1.95,1.9579,1.9101,1.8232,1.5854,0.8371,1.4381,2.0428,2.6473,3.2505,3.4754,3.1214,2.7674,2.4134,2.0594,1.7053,1.3513,0.9972
5.7459,5.7459,5.3538,4.8378,4.3217,3.8057,3.2896,2.7736,2.2575,1.7415,10.0,10.0,10.0,10.0,10.0,10.0,10.0,10.0,10.0,10.0,10.0,10.0,10.0,10.0,10.0,10.0,10.0
1.0861,1.1358,1.1677,1.1748,1.1786,1.1728,1.167,1.16,1.153,1.1459,1.1388,1.1821,1.2608,1.4761,1.8053,1.5645,2.2224,2.8801,3.5363,4.1924,4.8485,5.5045,6.1604,6.8164,7.4724,8.1284,8.7843
1.2947,1.2594,1.2368,1.2318,1.2291,1.2332,1.2373,1.2423,1.2472,1.2522,1.2573,1.2266,1.1708,3.5994,3.3659,3.1355,2.9109,2.686,2.4589,2.2318,2.0045,1.7772,1.5498,1.3225,1.0951,0.8678,0.6404
1.0064,1.0524,1.082,1.0885,1.092,1.0867,1.0813,1.0748,1.0683,1.0618,1.0552,1.0953,4.5403,4.7397,5.0448,5.3458,5.6392,5.9329,6.2296,6.5263,6.8232,7.1202,7.4172,7.7142,8.0112,8.3083,8.6053
5.6552,5.6552,5.6552,5.6552,5.6552,5.6552,5.6552,5.6552,5.6552,5.6552,5.6552,5.6552,5.6552,5.6552,5.6552,1.1144,1.5829,2.0514,2.5188,2.9861,3.4534,3.9206,4.3878,4.8551,5.3223,5.7895,4.9607
2.2526,2.1913,2.1519,2.1432,2.1385,2.1456,2.1528,2.1614,2.17,2.1285,1.4977,6.6253,6.5282,6.2625,5.8563,5.4554,5.0646,4.6734,4.2783,3.8832,3.4877,3.0921,2.6966,2.301,1.9054,1.5098,1.1142
0.789,0.825,0.8482,0.8533,0.8561,0.8519,0.8477,0.8426,0.8375,0.8324,0.8272,0.8587,0.9158,0.8505,2.9899,4.1909,4.4209,4.6512,4.8838,5.1164,5.3492,5.582,5.8149,6.0477,6.2806,6.5134,6.7463
1.4965,1.4558,1.4296,1.4238,1.4207,1.4254,1.4302,1.4359,1.4417,1.4475,1.4533,1.4178,1.3533,1.1768,1.2851,2.2077,3.136,3.1048,2.8423,2.5798,2.317,2.0543,1.7915,1.5287,1.2659,1.0031,0.7402
2.5713,2.6888,2.7644,2.7811,2.7901,2.7765,2.7627,2.7461,2.3688,1.8273,1.2858,10.0,10.0,10.0,10.0,10.0,10.0,10.0,10.0,10.0,10.0,10.0,10.0,10.0,10.0,10.0,10.0
1.8213,1.9046,1.9582,1.97,1.9764,1.9667,1.9569,1.9452,1.9335,1.9216,1.9097,1.9822,2.1142,2.4752,3.0273,3.572,1.7349,2.2483,2.7605,3.2728,3.7849,4.297,4.809,5.3211,5.8332,6.3453,6.8574
1.4026,1.3645,1.3399,1.3345,1.3316,1.336,1.3405,1.3459,1.3512,1.3567,1.3621,1.3289,0.7091,3.8995,3.6465,3.3969,3.1536,2.91,2.664,2.4179,2.1717,1.9254,1.6791,1.4328,1.1865,0.9401,0.6938
0.8212,0.8587,0.8828,0.8882,0.8911,0.8867,0.8823,0.877,0.8717,0.8664,0.861,0.8937,0.5793,3.8674,4.1163,4.3619,4.6013,4.841,5.0831,5.3252,5.5675,5.8098,6.0521,6.2945,6.5368,6.7792,7.0215
2.8109,2.7344,2.6852,2.6744,2.6685,2.6774,2.6864,2.6971,2.7079,2.7188,2.7297,2.6631,2.542,2.2104,0.7265,1.2482,1.773,2.2977,2.8212,3.3446,3.868,3.8585,3.3649,2.8713,2.3777,1.884,1.3904
5.0072,4.871,4.7834,4.7641,4.485,3.9495,3.4139,2.8784,2.3428,1.8073,10.0,10.0,10.0,10.0,10.0,10.0,10.0,10.0,9.51,8.6317,7.7526,6.8734,5.9941,5.1148,4.2355,3.3561,2.4768
0.9154,0.9572,0.9842,0.9901,0.9933,0.9884,0.9835,0.9776,0.9718,0.9658,0.9598,0.9963,1.0626,1.244,1.2006,2.0625,2.9298,3.7968,4.6618,5.5269,6.2064,6.4765,6.7467,7.0168,7.287,7.5572,7.8273
1.318,1.2821,1.2591,1.254,1.2512,1.2554,1.2596,1.2646,1.2697,1.2748,1.2799,1.2487,1.1919,1.0568,3.4265,3.1919,2.9633,2.7344,2.5032,2.272,2.0406,1.8092,1.5778,1.3463,1.1148,0.8834,0.6519
1.2688,1.3268,1.3641,1.3723,1.3768,1.37,1.3632,1.3551,1.3469,1.3386,1.3303,0.8993,5.7241,5.9756,6.3602,6.7397,7.1095,7.4799,7.8539,8.2279,8.6023,8.9767,9.3512,9.7256,10.0,10.0,10.0
5.3794,5.3794,5.3794,5.3794,5.3794,5.3794,5.3794,5.3794,5.3794,5.3794,5.3794,5.3794,5.3794,5.3794,5.3794,5.3794,1.5811,2.049,2.5158,2.9826,3.4494,3.9161,4.3828,4.8494,5.3161,5.7828,6.2495
1.7626,1.7146,1.6838,1.677,1.6733,1.6789,1.6845,1.6912,1.698,1.7048,1.7117,1.056,5.1081,4.9002,4.5823,4.2686,3.9629,3.6567,3.3476,3.0384,2.729,2.4195,2.11,1.8004,1.4909,1.1814,0.8719
0.7731,0.8085,0.8312,0.8362,0.839,0.8348,0.8307,0.8257,0.8208,0.8157,0.8106,0.8414,0.8975,3.6413,3.8757,4.1069,4.3323,4.558,4.7859,5.0139,5.242,5.4701,5.6983,5.9265,6.1547,6.3829,6.6111
1.7618,1.7138,1.683,1.6762,1.6725,1.6781,1.6837,1.6905,1.6972,1.7041,1.7109,1.6692,1.5932,1.3854,0.9569,1.6439,2.3351,3.0262,3.3461,3.0371,2.7278,2.4184,2.109,1.7996,1.4903,1.1809,0.8715
5.2998,5.2998,5.2998,4.8786,4.3582,3.8378,3.3174,2.797,2.2766,1.7562,10.0,10.0,10.0,10.0,10.0,10.0,10.0,10.0,10.0,10.0,10.0,10.0,10.0,10.0,10.0,10.0,10.0
1.2727,1.3308,1.3683,1.3765,1.381,1.3742,1.3674,1.3592,1.351,1.3427,1.3344,1.3851,1.4773,1.7295,2.1153,1.5087,1.9867,2.5746,3.1612,3.7478,4.3342,4.9206,5.507,6.0934,6.6798,7.2662,7.8526
1.3211,1.2852,1.2621,1.257,1.2542,1.2584,1.2626,1.2677,1.2727,1.2778,1.283,1.2517,1.1395,3.673,3.4347,3.1996,2.9704,2.7409,2.5092,2.2775,2.0455,1.8135,1.5815,1.3495,1.1175,0.8855,0.6535
0.9173,0.9592,0.9862,0.9921,0.9954,0.9905,0.9856,0.9797,0.9738,0.9678,0.9618,0.9983,0.45,4.3202,4.5982,4.8725,5.1399,5.4077,5.6781,5.9485,6.2192,6.4899,6.7606,7.0313,7.302,7.5727,7.8435
5.0034,4.8673,4.7798,4.7605,4.75,4.7658,4.7818,4.8009,4.8201,4.8395,4.859,4.7404,4.5248,3.9346,3.0322,1.1509,1.6349,2.1187,2.6014,3.0841,3.5667,4.0493,4.5319,5.0145,4.2323,3.3536,2.475
2.8276,2.7507,2.7012,2.6903,2.6844,2.6934,2.7024,2.7132,2.5582,1.9734,1.4868,8.3166,8.1948,7.8613,7.3513,6.8481,6.3576,5.8664,5.3704,4.8745,4.378,3.8815,3.385,2.8884,2.3918,1.8953,1.3987
0.8251,0.8628,0.8871,0.8924,0.8953,0.8909,0.8865,0.8812,0.8759,0.8705,0.8651,0.898,0.9578,0.5684,1.884,3.2366,4.5977,4.8643,5.1075,5.3508,5.5942,5.8377,6.0812,6.3247,6.5683,6.8118,7.0553
1.4089,1.3706,1.346,1.3405,1.3376,1.342,1.3465,1.3519,1.3573,1.3628,1.3683,1.3349,1.2742,0.5462,1.6991,2.9189,3.1679,2.9231,2.676,2.4288,2.1815,1.9341,1.6867,1.4392,1.1918,0.9444,0.6969
1.8271,1.9107,1.9644,1.9762,1.9827,1.9729,1.9632,1.9514,1.9397,1.9277,1.3625,0.7907,8.2432,8.6054,9.1592,9.7057,10.0,10.0,10.0,10.0,10.0,10.0,10.0,10.0,10.0,10.0,10.0
2.5958,2.7145,2.7908,2.8076,2.8168,2.803,2.7891,2.7724,2.7557,2.7388,2.7217,2.8252,3.0132,3.5277,4.3146,5.091,1.6565,2.1468,2.6359,3.1249,3.6139,4.1029,4.5918,5.0808,5.5697,6.0587,6.5476
1.5074,1.4664,1.44,1.4342,1.431,1.4358,1.4406,1.4464,1.4521,1.458,1.4639,1.4274,4.3685,4.1907,3.9188,3.6506,3.3891,3.1273,2.8629,2.5985,2.3338,2.0692,1.8045,1.5398,1.275,1.0103,0.7456
0.7944,0.8308,0.8541,0.8593,0.8621,0.8578,0.8536,0.8485,0.8434,0.8382,0.833,0.8646,0.9222,3.7416,3.9824,4.22,4.4516,4.6835,4.9177,5.1519,5.3863,5.6207,5.8552,6.0896,6.3241,6.5586,6.7931
2.2665,2.2048,2.1652,2.1564,2.1517,2.1589,2.1661,2.1748,2.1834,2.1922,2.2011,2.1473,2.0497,1.7823,0.7929,1.3621,1.9349,2.5075,3.0788,3.65,3.5092,3.1112,2.7132,2.3152,1.9172,1.5191,1.1211
5.0568,5.0568,5.0568,4.9182,4.3936,3.8689,3.3443,2.8197,2.295,1.7704,10.0,10.0,10.0,10.0,10.0,10.0,10.0,10.0,10.0,10.0,10.0,10.0,10.0,10.0,8.6253,6.8346,5.0439
1.0162,1.0627,1.0925,1.0991,1.1027,1.0973,1.0918,1.0853,1.0788,1.0721,1.0655,1.106,1.1796,1.381,1.008,1.7283,2.4551,3.1816,3.9065,4.6313,5.356,6.0807,6.8053,7.53,8.0895,8.3894,8.6893
1.3068,1.2712,1.2484,1.2433,1.2406,1.2447,1.2489,1.2539,1.2589,1.264,1.269,1.2381,1.1817,3.633,3.3973,3.1648,2.9381,2.7111,2.4819,2.2527,2.0233,1.7938,1.5643,1.3349,1.1054,0.8759,0.6464
1.0958,1.1459,1.1781,1.1852,1.1891,1.1832,1.1773,1.1703,1.1633,1.1561,1.1489,1.0179,4.9436,5.1608,5.493,5.8207,6.1401,6.46,6.783,7.1061,7.4294,7.7527,8.0761,8.3995,8.7229,9.0463,9.3697
4.9864,4.9864,4.9864,4.9864,4.9864,4.9864,4.9864,4.9864,4.9864,4.9864,4.9864,4.9864,4.9864,4.9864,4.9864,1.1167,1.5863,2.0558,2.5241,2.9925,3.4607,3.929,4.3972,4.8654,5.3336,5.8019,6.2701
2.041,1.9855,1.9498,1.9419,1.9376,1.9441,1.9506,1.9584,1.9662,1.9741,1.6109,6.003,5.9151,5.6743,5.3062,4.943,4.589,4.2344,3.8764,3.5184,3.1601,2.8017,2.4433,2.0849,1.7265,1.368,1.0096
0.7849,0.8208,0.8439,0.8489,0.8517,0.8475,0.8433,0.8383,0.8332,0.8281,0.823,0.8542,0.9111,1.3805,3.9346,4.1693,4.3982,4.6273,4.8587,5.09,5.3216,5.5533,5.7849,6.0166,6.2482,6.4799,6.7115
1.5924,1.5491,1.5212,1.5151,1.5117,1.5168,1.5219,1.528,1.534,1.5402,1.5464,1.5087,1.4401,1.2522,1.1388,1.9564,2.7791,3.3037,3.0244,2.7451,2.4655,2.1859,1.9063,1.6266,1.347,1.0673,0.7877
3.5375,3.6993,3.8033,3.8262,3.8387,3.8198,3.4082,2.8736,2.3389,1.8043,1.3384,10.0,10.0,10.0,10.0,10.0,10.0,10.0,10.0,10.0,10.0,10.0,10.0,10.0,10.0,10.0,10.0
1.5674,1.639,1.6851,1.6953,1.7008,1.6925,1.6841,1.674,1.6639,1.6537,1.6434,1.7058,1.8194,2.1301,2.6052,1.4003,1.8285,2.3696,2.9094,3.4493,3.989,4.5288,5.0685,5.6082,6.1479,6.6876,7.2273
1.374,1.3367,1.3126,1.3073,1.3044,1.3088,1.3132,1.3184,1.3237,1.329,1.3344,1.3018,0.6947,3.8201,3.5722,3.3277,3.0894,2.8507,2.6097,2.3687,2.1274,1.8862,1.6449,1.4036,1.1623,0.921,0.6797
0.8579,0.8971,0.9224,0.9279,0.931,0.9264,0.9218,0.9163,0.9108,0.9052,0.8995,0.9337,0.4783,4.0406,4.3007,4.5573,4.8074,5.0578,5.3107,5.5636,5.8168,6.0699,6.3231,6.5763,6.8295,7.0827,7.3359
3.3878,3.2957,3.2364,3.2234,3.2162,3.227,3.2378,3.2507,3.2637,3.2769,3.2901,3.2098,3.0637,2.6642,0.7058,1.2125,1.7223,2.232,2.7405,3.249,3.7574,4.2658,4.0556,3.4607,2.8657,2.2708,1.6758
3.8765,3.771,3.7032,3.6883,3.6801,3.6924,3.5379,2.9829,2.4279,1.8729,1.3815,10.0,10.0,10.0,10.0,9.3882,8.7158,8.0425,7.3625,6.6826,6.002,5.3213,4.6406,3.9598,3.279,2.5983,1.9175
0.8811,0.9214,0.9473,0.953,0.9561,0.9514,0.9467,0.941,0.9354,0.9296,0.9239,0.959,1.0228,0.6069,1.3985,2.4026,3.4129,4.4228,5.4305,5.714,5.974,6.234,6.4941,6.7541,7.0142,7.2742,7.5343
1.3554,1.3185,1.2948,1.2896,1.2868,1.2911,1.2954,1.3006,1.3057,1.311,1.3163,1.2842,1.2257,0.7286,2.5613,3.2826,3.0475,2.812,2.5743,2.3366,2.0986,1.8606,1.6226,1.3845,1.1465,0.9085,0.6705
1.4414,1.5073,1.5497,1.559,1.5641,1.5564,1.5487,1.5394,1.5302,1.5207,1.4766,0.8569,6.5029,6.7886,7.2255,7.6566,8.0768,8.4976,8.9225,9.3474,9.7727,10.0,10.0,10.0,10.0,10.0,10.0
4.6225,4.7707,4.7707,4.7707,4.7707,4.7707,4.7707,4.7707,4.7707,4.7707,4.7707,4.7707,4.7707,4.7707,4.7707,4.7707,1.6141,2.0917,2.5683,3.0448,3.5213,3.9977,4.4741,4.9505,5.4269,5.9034,6.3798
1.6602,1.6151,1.586,1.5796,1.5761,1.5814,1.5867,1.593,1.5994,1.6058,1.6123,1.1766,4.8115,4.6157,4.3163,4.0208,3.7328,3.4444,3.1532,2.862,2.5705,2.279,1.9875,1.6959,1.4044,1.1128,0.8212
0.7836,0.8194,0.8425,0.8475,0.8503,0.8461,0.8419,0.8369,0.8318,0.8267,0.8216,0.8528,0.9096,3.6905,3.928,4.1624,4.3908,4.6196,4.8506,5.0816,5.3128,5.544,5.7753,6.0066,6.2378,6.4691,6.7004
1.9322,1.8796,1.8458,1.8384,1.8343,1.8405,1.8466,1.854,1.8614,1.8689,1.8764,1.8306,1.7474,1.5195,0.8894,1.5279,2.1704,2.8127,3.4535,3.3309,2.9916,2.6524,2.3131,1.9737,1.6344,1.2951,0.9558
4.708,4.708,4.708,4.708,4.3856,3.8619,3.3382,2.8145,2.2909,1.7672,1.3452,10.0,10.0,10.0,10.0,10.0,10.0,10.0,10.0,10.0,10.0,10.0,10.0,10.0,10.0,10.0,10.0
1.1641,1.2174,1.2516,1.2591,1.2632,1.257,1.2508,1.2433,1.2358,1.2282,1.2206,1.267,1.3513,1.5821,1.9349,1.5138,2.1503,2.7866,3.4215,4.0564,4.6911,5.3258,5.9605,6.5952,7.2299,7.8646,8.4993
1.3198,1.2839,1.2609,1.2558,1.253,1.2572,1.2614,1.2664,1.2715,1.2766,1.2818,1.2505,1.1936,3.6694,3.4314,3.1965,2.9675,2.7383,2.5068,2.2753,2.0435,1.8118,1.58,1.3482,1.1164,0.8847,0.6529
0.9816,1.0264,1.0553,1.0617,1.0651,1.0599,1.0546,1.0483,1.042,1.0356,1.0292,1.0683,0.4816,4.6229,4.9205,5.214,5.5002,5.7867,6.0761,6.3654,6.6551,6.9447,7.2344,7.5241,7.8138,8.1035,8.3932
4.647,4.647,4.647,4.647,4.647,4.647,4.647,4.647,4.647,4.647,4.647,4.647,4.647,4.647,4.4393,1.1413,1.6213,2.1011,2.5798,3.0585,3.537,4.0156,4.4941,4.9727,5.4512,4.9098,3.6234
2.4719,2.4047,2.3614,2.3519,2.3467,2.3545,2.3624,2.3719,2.3813,2.0906,1.4711,7.2705,7.1639,6.8724,6.4265,5.9866,5.5578,5.1285,4.6949,4.2613,3.8273,3.3932,2.9592,2.5251,2.091,1.6569,1.2227
0.812,0.8491,0.8729,0.8782,0.8811,0.8767,0.8724,0.8672,0.862,0.8567,0.8513,0.8837,0.9425,0.7025,2.4695,4.2424,4.5498,4.7868,5.0261,5.2655,5.5051,5.7447,5.9843,6.2239,6.4636,6.7032,6.9429
1.4791,1.4388,1.413,1.4073,1.4042,1.4088,1.4136,1.4192,1.4249,1.4306,1.4364,1.4013,1.3376,0.5733,1.4344,2.4642,3.3255,3.0686,2.8092,2.5497,2.2901,2.0303,1.7706,1.5109,1.2511,0.9914,0.7316
2.2505,2.3534,2.4196,2.4342,2.4421,2.4301,2.4181,2.4036,2.3891,1.89,1.3299,9.9904,10.0,10.0,10.0,10.0,10.0,10.0,10.0,10.0,10.0,10.0,10.0,10.0,10.0,10.0,10.0
2.0814,2.1766,2.2378,2.2512,2.2586,2.2475,2.2364,2.223,2.2096,2.196,2.1824,2.2653,2.4161,2.8286,3.4595,1.3065,1.7245,2.2348,2.744,3.2531,3.7621,4.2712,4.7802,5.2892,5.7982,6.3072,6.8162
1.4584,1.4188,1.3932,1.3876,1.3846,1.3892,1.3938,1.3994,1.405,1.4107,1.4163,1.3818,4.2267,4.0547,3.7916,3.5321,3.2791,3.0258,2.77,2.5142,2.2581,2.002,1.7459,1.4898,1.2337,0.9775,0.7214
0.8205,0.8581,0.8822,0.8875,0.8904,0.886,0.8816,0.8763,0.8711,0.8657,0.8603,0.893,0.6859,3.8645,4.1133,4.3587,4.5979,4.8374,5.0793,5.3212,5.5633,5.8054,6.0476,6.2898,6.5319,6.7741,7.0163
2.6052,2.5343,2.4887,2.4787,2.4732,2.4815,2.4898,2.4998,2.5097,2.5198,2.53,2.4682,2.356,2.0487,0.7598,1.3053,1.8541,2.4028,2.9503,3.4977,4.0336,3.5762,3.1187,2.6612,2.2037,1.7462,1.2887
4.5153,4.5153,4.5153,4.5153,4.504,3.9662,3.4284,2.8906,2.3527,1.8149,1.2901,10.0,10.0,10.0,10.0,10.0,10.0,10.0,10.0,10.0,9.751,8.6451,7.5392,6.4332,5.3272,4.2212,3.1153
0.9633,1.0074,1.0357,1.0419,1.0453,1.0402,1.035,1.0288,1.0226,1.0164,1.01,1.0484,1.1182,1.3091,1.1315,1.9438,2.7611,3.5782,4.3934,5.2087,6.0237,6.8156,7.0999,7.3842,7.6685,7.9528,8.2371
1.3299,1.2937,1.2705,1.2653,1.2625,1.2668,1.271,1.2761,1.2812,1.2863,1.2915,1.26,1.2027,1.5155,3.4575,3.2208,2.9901,2.7591,2.5259,2.2926,2.0591,1.8256,1.592,1.3585,1.1249,0.8914,0.6578
1.2112,1.2666,1.3022,1.31,1.3143,1.3079,1.3014,1.2936,1.2858,1.2779,1.27,0.9531,5.4644,5.7045,6.0716,6.4339,6.787,7.1406,7.4976,7.8546,8.212,8.5695,8.9269,9.2844,9.6419,9.9993,10.0
4.4591,4.4591,4.4591,4.4591,4.4591,4.4591,4.4591,4.4591,4.4591,4.4591,4.4591,4.4591,4.4591,4.4591,4.4591,4.4591,1.6029,2.0772,2.5505,3.0237,3.4969,3.97,4.4431,4.9162,5.3893,5.8624,6.3356
1.8832,1.832,1.7991,1.7918,1.7878,1.7938,1.7998,1.807,1.8142,1.8215,1.7553,1.0333,5.4578,5.2357,4.896,4.5609,4.2342,3.9071,3.5768,3.2464,2.9158,2.5851,2.2544,1.9237,1.593,1.2623,0.9315
0.7874,0.8234,0.8466,0.8517,0.8545,0.8503,0.846,0.841,0.8359,0.8308,0.8256,0.857,0.914,3.6208,3.9472,4.1827,4.4123,4.6422,4.8743,5.1064,5.3387,5.5711,5.8035,6.0359,6.2683,6.5007,6.7331
1.7142,1.6675,1.6375,1.6309,1.6273,1.6328,1.6382,1.6448,1.6513,1.658,1.6647,1.6241,1.5502,1.348,1.0323,1.7734,2.5191,3.2646,3.2557,2.955,2.654,2.353,2.052,1.751,1.45,1.1489,0.8479
4.4043,4.4043,4.4043,4.4043,4.4043,3.9268,3.3943,2.8618,2.3294,1.7969,1.2644,10.0,10.0,10.0,10.0,10.0,10.0,10.0,10.0,10.0,10.0,10.0,10.0,10.0,10.0,10.0,10.0
1.3891,1.4526,1.4935,1.5025,1.5074,1.5,1.4925,1.4836,1.4747,1.4656,1.4565,1.5118,1.6125,1.8878,2.3089,1.371,1.9475,2.5238,3.0988,3.6738,4.2486,4.8234,5.3983,5.9731,6.5479,7.1227,7.6976
1.3582,1.3212,1.2975,1.2922,1.2894,1.2937,1.298,1.3032,1.3084,1.3137,1.319,1.2868,0.9011,3.7759,3.531,3.2893,3.0537,2.8178,2.5795,2.3413,2.1028,1.8644,1.6259,1.3874,1.1488,0.9103,0.6718
0.9051,0.9465,0.9731,0.9789,0.9821,0.9773,0.9725,0.9667,0.9608,0.9549,0.949,0.9851,0.4441,4.2628,4.5371,4.8078,5.0717,5.3359,5.6027,5.8695,6.1366,6.4037,6.6708,6.9379,7.2051,7.4722,7.7393
4.2845,4.168,4.093,4.0765,4.0675,4.0811,4.0948,4.1112,4.1275,4.1442,4.1609,4.0593,3.8747,3.3693,2.5966,1.189,1.689,2.1888,2.6875,3.1862,3.6847,4.1833,4.6818,4.3766,3.6242,2.8718,2.1194
3.1962,3.1092,3.0533,3.041,3.0343,3.0444,3.0546,3.0668,2.5393,1.9588,1.3784,9.4007,9.2629,8.8859,8.3095,7.7407,7.1862,6.6311,6.0704,5.5098,4.9487,4.3874,3.8262,3.2649,2.7036,2.1423,1.581
0.8568,0.896,0.9212,0.9267,0.9297,0.9252,0.9206,0.9151,0.9096,0.904,0.8983,0.9325,0.9945,0.5902,1.6844,2.8936,4.1104,5.0511,5.3037,5.5563,5.8091,6.0619,6.3148,6.5677,6.8205,7.0734,7.3263
1.4062,1.3679,1.3433,1.3379,1.3349,1.3394,1.3439,1.3493,1.3546,1.3601,1.3656,1.3322,1.2716,0.5623,1.9767,3.3958,3.1616,2.9173,2.6707,2.424,2.1772,1.9303,1.6833,1.4364,1.1894,0.9425,0.6956
1.6789,1.7557,1.805,1.8159,1.8218,1.8129,1.8039,1.7931,1.7823,1.7713,1.4227,0.8256,7.5744,7.9072,8.4161,8.9182,9.4077,9.8978,10.0,10.0,10.0,10.0,10.0,10.0,10.0,10.0,10.0
3.1621,3.3067,3.3997,3.4201,3.4313,3.4145,3.3975,3.3772,3.3569,3.3362,3.3155,3.4415,3.6705,4.2858,4.2858,1.2245,1.6617,2.1535,2.6441,3.1348,3.6253,4.1158,4.6063,5.0967,5.5872,6.0777,6.5682
1.5834,1.5403,1.5126,1.5065,1.5032,1.5082,1.5132,1.5193,1.5254,1.5315,1.5377,1.3371,4.5888,4.402,4.1165,3.8347,3.56,3.285,3.0073,2.7295,2.4515,2.1735,1.8955,1.6174,1.3393,1.0613,0.7832
0.8008,0.8374,0.861,0.8662,0.869,0.8647,0.8604,0.8553,0.8501,0.8449,0.8397,0.8716,0.9296,3.7717,4.0144,4.2539,4.4874,4.7211,4.9572,5.1933,5.4296,5.6659,5.9022,6.1386,6.3749,6.6113,6.8476
2.154,2.0954,2.0577,2.0494,2.0449,2.0517,2.0586,2.0668,2.0751,2.0834,2.0918,2.0408,1.9479,1.6939,0.8384,1.4404,2.0461,2.6516,3.2557,3.7132,3.335,2.9568,2.5786,2.2003,1.822,1.4438,1.0655
4.2352,4.2352,4.2352,4.2352,4.2352,3.9184,3.3871,2.8558,2.3244,1.7931,1.2617,10.0,10.0,10.0,10.0,10.0,10.0,10.0,10.0,10.0,10.0,10.0,10.0,10.0,10.0,10.0,8.5172
1.0828,1.1323,1.1641,1.1711,1.1749,1.1692,1.1634,1.1564,1.1495,1.1424,1.1353,1.1784,1.2569,1.4715,1.0741,1.6614,2.36,3.0585,3.7553,4.4521,5.1487,5.8453,6.5419,7.2385,7.9351,8.6317,9.2586
1.3296,1.2935,1.2702,1.2651,1.2623,1.2665,1.2707,1.2758,1.2809,1.2861,1.2913,1.2597,1.2024,3.6966,3.4568,3.2202,2.9895,2.7586,2.5253,2.2921,2.0587,1.8252,1.5917,1.3582,1.1247,0.8912,0.6577
1.0633,1.1119,1.1432,1.1501,1.1538,1.1482,1.1425,1.1356,1.1288,1.1218,1.1149,1.0943,4.7971,5.0079,5.3302,5.6482,5.9582,6.2686,6.5821,6.8955,7.2093,7.523,7.8369,8.1507,8.4645,8.7783,9.0921
4.1857,4.1857,4.1857,4.1857,4.1857,4.1857,4.1857,4.1857,4.1857,4.1857,4.1857,4.1857,4.1857,4.1857,4.1857,1.1415,1.6216,2.1014,2.5802,3.0589,3.5376,4.0162,4.4949,4.9735,5.4521,5.9307,6.4094
2.2175,2.1572,2.1184,2.1099,2.1052,2.1122,2.1193,2.1278,2.1363,2.1449,1.5757,6.5222,6.4266,6.1651,5.7651,5.3705,4.9858,4.6006,4.2117,3.8227,3.4334,3.044,2.6546,2.2652,1.8758,1.4863,1.0969
0.8061,0.8429,0.8666,0.8719,0.8747,0.8704,0.8661,0.8609,0.8557,0.8505,0.8452,0.8773,0.9357,1.0214,3.5906,4.2819,4.5169,4.7522,4.9899,5.2275,5.4653,5.7032,5.9411,6.179,6.4169,6.6548,6.8927
1.5685,1.5258,1.4984,1.4923,1.489,1.494,1.499,1.505,1.511,1.5171,1.5232,1.486,1.4184,1.2334,1.2538,2.154,3.0598,3.2541,2.979,2.7039,2.4285,2.1531,1.8776,1.6022,1.3267,1.0513,0.7759
2.9416,3.0761,3.1626,3.1816,3.192,3.1763,3.1606,2.9654,2.4136,1.8619,1.3102,10.0,10.0,10.0,10.0,10.0,10.0,10.0,10.0,10.0,10.0,10.0,10.0,10.0,10.0,10.0,10.0
1.7558,1.8361,1.8877,1.8991,1.9053,1.8959,1.8865,1.8752,1.8639,1.8525,1.841,1.9109,2.0381,2.3861,2.9183,1.2758,1.8122,2.3485,2.8836,3.4187,3.9536,4.4885,5.0235,5.5584,6.0933,6.6282,7.1631
1.4251,1.3863,1.3614,1.3559,1.3529,1.3574,1.362,1.3674,1.3729,1.3784,1.384,1.3502,0.7205,3.962,3.7049,3.4513,3.2041,2.9566,2.7066,2.4567,2.2065,1.9562,1.706,1.4557,1.2055,0.9552,0.7049
0.8551,0.8942,0.9194,0.9249,0.9279,0.9234,0.9188,0.9133,0.9078,0.9022,0.8966,0.9307,0.5488,4.0275,4.2867,4.5425,4.7918,5.0414,5.2935,5.5456,5.7979,6.0502,6.3026,6.555,6.8074,7.0598,7.3121
3.0809,2.9971,2.9432,2.9313,2.9249,2.9346,2.9445,2.9562,2.968,2.98,2.992,2.919,2.7862,2.4228,0.7359,1.2642,1.7958,2.3273,2.8575,3.3877,3.9178,4.2292,3.6882,3.1471,2.6061,2.065,1.524
4.0785,4.0785,4.0785,4.0785,4.0785,4.0785,3.5451,2.989,2.4328,1.8767,1.3206,9.905,9.905,9.905,9.905,9.905,9.905,9.5693,8.7603,7.9512,7.1414,6.3315,5.5215,4.7116,3.9016,3.0916,2.2815
0.924,0.9663,0.9934,0.9994,1.0027,0.9978,0.9928,0.9869,0.9809,0.9749,0.9688,1.0057,1.0726,1.2558,1.3008,2.2347,3.1744,4.1138,5.051,5.9882,6.265,6.5376,6.8104,7.0831,7.3558,7.6285,7.9012
1.3649,1.3278,1.3039,1.2987,1.2958,1.3001,1.3045,1.3097,1.3149,1.3202,1.3255,1.2932,1.2343,0.9231,3.2448,3.3056,3.0689,2.8318,2.5924,2.353,2.1133,1.8736,1.634,1.3943,1.1546,0.9149,0.6752
1.3629,1.4252,1.4653,1.4741,1.4789,1.4716,1.4643,1.4556,1.4468,1.4379,1.429,0.9043,6.1487,6.4188,6.832,7.2396,7.6369,8.0347,8.4365,8.8383,9.2404,9.6426,9.8212,9.8212,9.8212,9.8212,9.8212
4.0326,4.0326,4.0326,4.0326,4.0326,4.0326,4.0326,4.0326,4.0326,4.0326,4.0326,4.0326,4.0326,4.0326,4.0326,1.1522,1.6332,2.1165,2.5987,3.0809,3.563,4.045,4.5271,5.0092,5.4912,5.9733,6.4553
1.7647,1.7167,1.6858,1.679,1.6753,1.6809,1.6865,1.6933,1.7,1.7069,1.7138,1.1267,5.1143,4.9061,4.5878,4.2738,3.9677,3.6612,3.3516,3.0421,2.7323,2.4224,2.1125,1.8026,1.4927,1.1828,0.8729
0.7966,0.833,0.8564,0.8616,0.8644,0.8602,0.8559,0.8508,0.8456,0.8404,0.8352,0.8669,0.9247,3.7517,3.9932,4.2314,4.4636,4.6962,4.931,5.1658,5.4009,5.6359,5.871,6.1061,6.3412,6.5763,6.8114
1.8694,1.8186,1.7859,1.7787,1.7747,1.7807,1.7866,1.7938,1.8009,1.8082,1.8155,1.7712,1.6906,1.4701,0.9531,1.6374,2.3259,3.0143,3.5506,3.2227,2.8944,2.5662,2.2379,1.9096,1.5813,1.253,0.9247
3.9878,3.9878,3.9878,3.9878,3.9878,3.9441,3.4093,2.8744,2.3396,1.8048,1.27,9.6846,9.6846,9.6846,9.6846,9.6846,9.6846,9.6846,9.6846,9.6846,9.6846,9.6846,9.6846,9.6846,9.6846,9.6846,9.6846
1.2598,1.3173,1.3544,1.3625,1.367,1.3603,1.3535,1.3454,1.3373,1.3291,1.3209,1.371,1.4623,1.712,2.0938,1.4772,2.0984,2.7194,3.3389,3.9585,4.5779,5.1973,5.8166,6.436,7.0554,7.6747,8.2941
1.3542,1.3174,1.2937,1.2885,1.2856,1.2899,1.2942,1.2994,1.3046,1.3099,1.3151,1.283,1.2247,3.765,3.5207,3.2797,3.0448,2.8096,2.572,2.3345,2.0967,1.8589,1.6211,1.3833,1.1455,0.9077,0.6699
0.965,1.0091,1.0375,1.0437,1.0471,1.042,1.0368,1.0306,1.0244,1.0181,1.0118,1.0502,0.4734,4.5449,4.8374,5.126,5.4073,5.689,5.9735,6.258,6.5427,6.8275,7.1123,7.3971,7.6819,7.9667,8.2515
3.9439,3.9439,3.9439,3.9439,3.9439,3.9439,3.9439,3.9439,3.9439,3.9439,3.9439,3.9439,3.9439,3.9439,3.5415,1.1766,1.6714,2.166,2.6595,3.153,3.6464,4.1397,4.6331,5.1264,4.9431,3.9169,2.8906
2.7483,2.6736,2.6255,2.6149,2.6091,2.6178,2.6266,2.6371,2.6476,2.0688,1.4557,8.0834,7.965,7.6408,7.1451,6.656,6.1793,5.7019,5.2198,4.7378,4.2553,3.7727,3.29,2.8074,2.3248,1.8421,1.3595
0.8412,0.8796,0.9044,0.9098,0.9128,0.9083,0.9038,0.8984,0.893,0.8875,0.882,0.9155,0.9764,0.6049,2.1265,3.6532,4.7135,4.9591,5.2071,5.455,5.7032,5.9515,6.1997,6.448,6.6962,6.9445,7.1928
1.4723,1.4323,1.4065,1.4008,1.3978,1.4024,1.4071,1.4127,1.4184,1.4241,1.4298,1.3949,1.3315,0.5707,1.6277,2.7962,3.3104,3.0546,2.7964,2.5381,2.2796,2.0211,1.7625,1.504,1.2454,0.9869,0.7283
2.0209,2.1133,2.1727,2.1858,2.1929,2.1822,2.1713,2.1583,2.1453,1.9682,1.3849,0.8451,9.1174,9.4737,9.4737,9.4737,9.4737,9.4737,9.4737,9.4737,9.4737,9.4737,9.4737,9.4737,9.4737,9.4737,9.4737
2.4325,2.5437,2.6152,2.631,2.6396,2.6266,2.6136,2.598,2.5823,2.5664,2.5505,2.6474,2.8236,3.3058,3.8904,1.2151,1.726,2.2368,2.7464,3.256,3.7654,4.2749,4.7843,5.2938,5.8032,6.3127,6.8221
1.5272,1.4857,1.459,1.4531,1.4499,1.4547,1.4596,1.4654,1.4713,1.4772,1.4831,1.4469,4.426,4.2459,3.9705,3.6987,3.4338,3.1685,2.9006,2.6327,2.3646,2.0964,1.8282,1.56,1.2918,1.0236,0.7554
0.8255,0.8632,0.8875,0.8928,0.8957,0.8913,0.8869,0.8816,0.8763,0.8709,0.8655,0.8984,0.8405,3.8877,4.1379,4.3848,4.6255,4.8664,5.1098,5.3531,5.5967,5.8403,6.0839,6.3275,6.5711,6.8147,7.0584
2.4488,2.3822,2.3394,2.33,2.3248,2.3326,2.3404,2.3497,2.3591,2.3686,2.3782,2.3201,2.2146,1.9258,0.8004,1.3751,1.9533,2.5314,3.1081,3.6848,3.7916,3.3616,2.9315,2.5015,2.0714,1.6414,1.2113
3.8486,3.8486,3.8486,3.8486,3.8486,3.8486,3.4658,2.9221,2.3784,1.8347,1.291,9.3466,9.3466,9.3466,9.3466,9.3466,9.3466,9.3466,9.3466,9.3466,9.3466,9.3466,9.3466,8.6365,7.1517,5.6669,4.1822
1.0217,1.0684,1.0985,1.1051,1.1087,1.1032,1.0978,1.0912,1.0846,1.078,1.0713,1.112,1.186,1.3885,1.0788,1.8534,2.6327,3.4118,4.1891,4.9664,5.7436,6.5207,7.2978,7.8318,8.1334,8.4349,8.7365
1.3508,1.314,1.2904,1.2852,1.2823,1.2866,1.2909,1.2961,1.3013,1.3065,1.3118,1.2798,1.2215,2.6348,3.5117,3.2714,3.037,2.8024,2.5655,2.3286,2.0914,1.8542,1.617,1.3798,1.1426,0.9054,0.6682
1.168,1.2214,1.2558,1.2633,1.2674,1.2612,1.255,1.2475,1.2399,1.2323,1.2247,1.0186,5.2695,5.5011,5.8551,6.2044,6.5449,6.8859,7.2302,7.5745,7.9192,8.2639,8.6086,8.9533,9.2719,9.2719,9.2719
3.8077,3.8077,3.8077,3.8077,3.8077,3.8077,3.8077,3.8077,3.8077,3.8077,3.8077,3.8077,3.8077,3.8077,3.8077,1.1514,1.6356,2.1196,2.6025,3.0854,3.5682,4.051,4.5338,5.0165,5.4993,5.9821,6.4648
2.0308,1.9756,1.94,1.9322,1.9279,1.9344,1.9409,1.9486,1.9564,1.9643,1.7086,1.085,5.8855,5.646,5.2797,4.9183,4.566,4.2133,3.8571,3.5009,3.1443,2.7877,2.4311,2.0745,1.7178,1.3612,1.0045
0.8072,0.8441,0.8679,0.8731,0.8759,0.8716,0.8673,0.8621,0.8569,0.8517,0.8464,0.8785,0.937,1.8608,4.0465,4.2879,4.5232,4.7589,4.9968,5.2348,5.473,5.7112,5.9494,6.1877,6.4259,6.6641,6.9024
1.6818,1.636,1.6066,1.6001,1.5966,1.6019,1.6073,1.6137,1.6202,1.6267,1.6332,1.5934,1.5209,1.3225,1.1252,1.9331,2.7459,3.4892,3.1942,2.8992,2.6039,2.3086,2.0133,1.7179,1.4226,1.1272,0.8319
3.7677,3.7677,3.7677,3.7677,3.7677,3.7677,3.496,2.9476,2.3992,1.8507,1.3023,9.1501,9.1501,9.1501,9.1501,9.1501,9.1501,9.1501,9.1501,9.1501,9.1501,9.1501,9.1501,9.1501,9.1501,9.1501,9.1501
1.5347,1.6049,1.65,1.6599,1.6654,1.6572,1.649,1.6391,1.6292,1.6192,1.6092,1.6703,1.7815,2.0857,2.5509,1.3544,1.924,2.4933,3.0614,3.6294,4.1973,4.7652,5.3331,5.901,6.4689,7.0367,7.6046
1.4056,1.3674,1.3428,1.3374,1.3344,1.3389,1.3434,1.3487,1.3541,1.3596,1.3651,1.3317,0.7544,3.9079,3.6544,3.4042,3.1604,2.9162,2.6697,2.4231,2.1763,1.9295,1.6827,1.4358,1.189,0.9422,0.6953
0.8997,0.9409,0.9673,0.9731,0.9763,0.9715,0.9667,0.9609,0.9551,0.9493,0.9434,0.9792,0.4626,4.2375,4.5102,4.7793,5.0416,5.3042,5.5695,5.8347,6.1002,6.3657,6.6312,6.8967,7.1623,7.4278,7.6934
3.7285,3.6839,3.6176,3.6031,3.5951,3.6071,3.6192,3.6337,3.6481,3.6629,3.6776,3.5879,3.4246,2.978,0.7849,1.2368,1.7569,2.2768,2.7955,3.3142,3.8328,4.3514,4.5333,3.8683,3.2033,2.5382,1.8732
3.6831,3.5829,3.5185,3.5043,3.4965,3.5082,3.52,3.1188,2.5385,1.9582,1.3779,9.0314,9.0314,9.0314,9.0314,8.9199,8.281,7.6413,6.9952,6.3492,5.7026,5.0558,4.4091,3.7623,3.1155,2.4687,1.8219
0.896,0.937,0.9633,0.9691,0.9723,0.9675,0.9627,0.957,0.9512,0.9453,0.9395,0.9752,1.0401,0.6172,1.5381,2.6424,3.7535,4.8643,5.5465,5.8106,6.075,6.3394,6.6039,6.8683,7.1328,7.3972,7.6617
1.4131,1.3747,1.35,1.3445,1.3416,1.346,1.3506,1.356,1.3614,1.3669,1.3724,1.3389,1.278,0.6726,2.3643,3.4224,3.1773,2.9318,2.684,2.4361,2.188,1.9398,1.6917,1.4435,1.1954,0.9472,0.699
1.5674,1.639,1.6851,1.6953,1.7008,1.6925,1.6841,1.674,1.6639,1.6537,1.4964,0.8684,7.0713,7.382,7.8571,8.3258,8.7828,8.9616,8.9616,8.9616,8.9616,8.9616,8.9616,8.9616,8.9616,8.9616,8.9616
3.6806,3.6806,3.6806,3.6806,3.6806,3.6806,3.6806,3.6806,3.6806,3.6806,3.6806,3.6806,3.6806,3.6806,3.6806,1.1815,1.6783,2.175,2.6705,3.166,3.6614,4.1568,4.6522,5.1476,5.643,6.1384,6.6337
1.6761,1.6306,1.6012,1.5948,1.5912,1.5966,1.6019,1.6083,1.6147,1.6212,1.6278,1.2686,4.8577,4.66,4.3577,4.0594,3.7686,3.4775,3.1835,2.8895,2.5952,2.3009,2.0065,1.7122,1.4178,1.1235,0.8291
0.8127,0.8498,0.8737,0.879,0.8819,0.8775,0.8732,0.868,0.8627,0.8574,0.8521,0.8845,0.9433,3.8276,4.0739,4.317,4.5539,4.7911,5.0307,5.2703,5.5101,5.7499,5.9897,6.2296,6.4694,6.7093,6.9491
2.0696,2.0133,1.9771,1.9691,1.9647,1.9713,1.9779,1.9858,1.9937,2.0018,2.0098,1.9608,1.8716,1.6275,0.894,1.5358,2.1816,2.8272,3.4713,3.5677,3.2043,2.8409,2.4775,2.114,1.7506,1.3872,1.0237
3.6432,3.6432,3.6432,3.6432,3.6432,3.6432,3.4534,2.9117,2.3699,1.8282,1.2864,8.8478,8.8478,8.8478,8.8478,8.8478,8.8478,8.8478,8.8478,8.8478,8.8478,8.8478,8.8478,8.8478,8.8478,8.8478,8.8478
1.1641,1.2173,1.2515,1.2591,1.2632,1.257,1.2507,1.2433,1.2358,1.2282,1.2206,1.2669,1.3512,1.582,1.0383,1.6126,2.2907,2.9686,3.6449,4.3213,4.9974,5.6736,6.3497,7.0259,7.702,8.3782,8.8253
1.362,1.3249,1.3011,1.2958,1.293,1.2973,1.3016,1.3068,1.312,1.3173,1.3226,1.2904,1.2317,3.7865,3.5408,3.2984,3.0622,2.8256,2.5867,2.3478,2.1087,1.8696,1.6304,1.3912,1.1521,0.9129,0.6737
1.0409,1.0885,1.1191,1.1258,1.1295,1.124,1.1184,1.1117,1.105,1.0982,1.0914,1.1329,4.6961,4.9024,5.2179,5.5293,5.8327,6.1366,6.4434,6.7503,7.0574,7.3646,7.6718,7.979,8.2862,8.5934,8.7808
3.6065,3.6065,3.6065,3.6065,3.6065,3.6065,3.6065,3.6065,3.6065,3.6065,3.6065,3.6065,3.6065,3.6065,3.6065,1.1747,1.6687,2.1626,2.6553,3.1479,3.6405,4.1331,4.6256,5.1182,5.6107,6.1033,4.536
2.4368,2.3705,2.3279,2.3185,2.3134,2.3211,2.3288,2.3382,2.3475,2.2083,1.5539,1.0279,7.0621,6.7747,6.3352,5.9015,5.4788,5.0555,4.6281,4.2007,3.7729,3.345,2.9171,2.4892,2.0612,1.6333,1.2054
0.8335,0.8716,0.8961,0.9015,0.9045,0.9,0.8956,0.8902,0.8848,0.8794,0.8739,0.9071,0.9675,0.8219,2.8893,4.4275,4.6705,4.9138,5.1595,5.4053,5.6512,5.8972,6.1431,6.3891,6.6351,6.8811,7.1271
1.5569,1.5145,1.4873,1.4813,1.478,1.483,1.4879,1.4939,1.4998,1.5059,1.512,1.4751,1.408,0.6035,1.3992,2.4037,3.4145,3.2301,2.957,2.6839,2.4105,2.1372,1.8638,1.5904,1.3169,1.0435,0.7701
2.5476,2.664,2.7389,2.7554,2.7644,2.7509,2.7372,2.7208,2.5081,1.9347,1.3614,8.6715,8.6715,8.6715,8.6715,8.6715,8.6715,8.6715,8.6715,8.6715,8.6715,8.6715,8.6715,8.6715,8.6715,8.6715,8.6715
2.0005,2.092,2.1508,2.1638,2.1708,2.1602,2.1495,2.1366,2.1237,2.1107,2.0976,2.1773,2.3222,2.7187,3.3251,1.2738,1.8095,2.345,2.8792,3.4135,3.9476,4.4817,5.0158,5.5499,6.084,6.6181,7.1522
1.4886,1.4481,1.422,1.4163,1.4132,1.4179,1.4226,1.4283,1.434,1.4398,1.4456,1.4103,0.7526,4.1385,3.87,3.6051,3.3469,3.0883,2.8272,2.5661,2.3048,2.0434,1.782,1.5206,1.2592,0.9977,0.7363
0.8585,0.8977,0.923,0.9285,0.9316,0.927,0.9224,0.9169,0.9114,0.9058,0.9001,0.9343,0.6445,4.0433,4.3035,4.5603,4.8106,5.0612,5.3143,5.5673,5.8206,6.074,6.3274,6.5807,6.8341,7.0875,7.3408
2.8531,2.7755,2.7256,2.7146,2.7086,2.7176,2.7267,2.7376,2.7486,2.7596,2.7708,2.7031,2.5802,2.2437,0.773,1.3279,1.8863,2.4446,3.0015,3.5584,4.1152,3.9165,3.4155,2.9144,2.4134,1.9123,1.4113
3.5267,3.5267,3.5267,3.5267,3.5267,3.5267,3.5267,3.016,2.4549,1.8937,1.3325,8.5648,8.5648,8.5648,8.5648,8.5648,8.5648,8.5648,8.5648,8.5648,8.5648,7.8079,6.8091,5.8102,4.8113,3.8125,2.8136
0.9765,1.0212,1.0499,1.0562,1.0597,1.0545,1.0492,1.0429,1.0367,1.0303,1.0239,1.0628,1.1335,1.3271,1.2272,2.1083,2.9948,3.8811,4.7653,5.6496,6.5336,6.909,7.1972,7.4854,7.7736,8.0619,8.3501
1.384,1.3464,1.3222,1.3168,1.3139,1.3183,1.3227,1.328,1.3333,1.3387,1.3441,1.3113,1.2516,1.2522,3.5982,3.3519,3.1118,2.8714,2.6286,2.3859,2.1429,1.8999,1.6568,1.4138,1.1707,0.9277,0.6846
1.304,1.3637,1.402,1.4104,1.415,1.4081,1.4011,1.3927,1.3843,1.3758,1.3673,0.9622,5.8832,6.1417,6.537,6.927,7.3071,7.6878,8.0722,8.4566,8.5021,8.5021,8.5021,8.5021,8.5021,8.5021,8.5021
3.4923,3.4923,3.4923,3.4923,3.4923,3.4923,3.4923,3.4923,3.4923,3.4923,3.4923,3.4923,3.4923,3.4923,3.4923,1.1713,1.6639,2.1563,2.6475,3.1388,3.6299,4.121,4.6122,5.1033,5.5944,6.0855,6.5766
1.8922,1.8407,1.8076,1.8003,1.7964,1.8023,1.8084,1.8156,1.8229,1.8302,1.8376,1.0902,5.4838,5.2606,4.9193,4.5826,4.2544,3.9257,3.5938,3.2619,2.9297,2.5974,2.2652,1.9329,1.6006,1.2683,0.936
0.8153,0.8526,0.8766,0.8819,0.8847,0.8804,0.876,0.8708,0.8655,0.8602,0.8549,0.8874,0.9464,3.84,4.0871,4.331,4.5687,4.8067,5.047,5.2874,5.528,5.7686,6.0092,6.2498,6.4905,6.7311,6.9717
1.8256,1.776,1.744,1.737,1.7332,1.7389,1.7448,1.7517,1.7587,1.7658,1.7729,1.7297,1.651,1.4357,1.0313,1.7717,2.5167,3.2614,3.4674,3.1471,2.8266,2.5061,2.1855,1.8649,1.5443,1.2237,0.9031
3.4586,3.4586,3.4586,3.4586,3.4586,3.4586,3.4586,2.9558,2.4058,1.8559,1.3059,8.3995,8.3995,8.3995,8.3995,8.3995,8.3995,8.3995,8.3995,8.3995,8.3995,8.3995,8.3995,8.3995,8.3995,8.3995,8.3995
1.378,1.441,1.4815,1.4904,1.4953,1.488,1.4806,1.4717,1.4628,1.4538,1.4448,1.4997,1.5995,1.8727,2.2904,1.454,2.0654,2.6766,3.2864,3.8963,4.5059,5.1156,5.7252,6.3349,6.9445,7.5541,8.1638
1.3991,1.3611,1.3366,1.3312,1.3283,1.3327,1.3371,1.3425,1.3479,1.3533,1.3587,1.3256,1.0834,3.8898,3.6374,3.3885,3.1458,2.9027,2.6573,2.4119,2.1663,1.9206,1.6749,1.4292,1.1835,0.9378,0.6921
0.9564,1.0001,1.0282,1.0344,1.0378,1.0327,1.0276,1.0214,1.0153,1.009,1.0028,1.0409,0.4692,4.5044,4.7943,5.0803,5.3591,5.6383,5.9203,6.2022,6.4844,6.7666,7.0489,7.3312,7.6134,7.8957,8.178
3.4256,3.4256,3.4256,3.4256,3.4256,3.4256,3.4256,3.4256,3.4256,3.4256,3.4256,3.4256,3.4256,3.4256,2.9851,1.2216,1.7352,2.2487,2.7611,3.2734,3.7856,4.2978,4.81,5.0316,4.1666,3.3015,2.4365
3.1027,3.0183,2.964,2.952,2.9455,2.9554,2.9652,2.9771,2.6744,2.063,1.4517,8.2994,8.2994,8.2994,8.0664,7.5142,6.976,6.4371,5.8929,5.3486,4.8039,4.2591,3.7142,3.1694,2.6245,2.0796,1.5348
0.8777,0.9179,0.9437,0.9494,0.9525,0.9478,0.9431,0.9374,0.9318,0.9261,0.9203,0.9553,1.0189,0.6046,1.8891,3.2454,4.6101,5.1746,5.4334,5.6921,5.9511,6.2101,6.4692,6.7282,6.9873,7.2463,7.5054
1.4765,1.4364,1.4106,1.4049,1.4018,1.4064,1.4111,1.4168,1.4224,1.4282,1.4339,1.3989,1.3353,0.5724,1.8842,3.2368,3.3198,3.0634,2.8044,2.5454,2.2861,2.0269,1.7676,1.5083,1.249,0.9897,0.7304
1.8534,1.9381,1.9926,2.0046,2.0112,2.0013,1.9914,1.9795,1.9675,1.9554,1.4529,0.8432,8.2405,8.2405,8.2405,8.2405,8.2405,8.2405,8.2405,8.2405,8.2405,8.2405,8.2405,8.2405,8.2405,8.2405,8.2405
2.9257,3.0595,3.1455,3.1645,3.1748,3.1592,3.1436,3.1247,3.1059,3.0868,3.0677,3.1842,3.3851,3.3851,3.3851,1.2249,1.74,2.255,2.7687,3.2825,3.7961,4.3097,4.8233,5.3369,5.8505,6.3641,6.8777
1.6116,1.5677,1.5396,1.5333,1.53,1.5351,1.5402,1.5464,1.5525,1.5588,1.5651,1.4597,4.6705,4.4805,4.1898,3.903,3.6235,3.3435,3.0608,2.7782,2.4952,2.2122,1.9292,1.6462,1.3632,1.0802,0.7972
0.8363,0.8746,0.8992,0.9046,0.9075,0.9031,0.8986,0.8932,0.8878,0.8824,0.8769,0.9102,0.9708,3.9389,4.1924,4.4426,4.6864,4.9305,5.1771,5.4236,5.6704,5.9172,6.164,6.4109,6.6577,6.9045,7.1514
2.3321,2.2686,2.2278,2.2188,2.2139,2.2213,2.2288,2.2377,2.2466,2.2557,2.2648,2.2095,2.109,1.8339,0.8501,1.4604,2.0746,2.6885,3.301,3.9135,3.6107,3.2012,2.7917,2.3822,1.9726,1.5631,1.1536
3.3535,3.3535,3.3535,3.3535,3.3535,3.3535,3.3535,2.9748,2.4213,1.8678,1.3143,8.1441,8.1441,8.1441,8.1441,8.1441,8.1441,8.1441,8.1441,8.1441,8.1441,8.1441,8.1441,8.1441,8.1441,8.1441,6.2855
1.093,1.143,1.1751,1.1822,1.1861,1.1802,1.1744,1.1674,1.1603,1.1532,1.146,1.1896,1.2688,1.4854,1.0402,1.787,2.5385,3.2897,4.0392,4.7886,5.538,6.2872,7.0365,7.7858,8.1251,8.1251,8.1251
1.3816,1.344,1.3198,1.3145,1.3116,1.316,1.3204,1.3257,1.331,1.3363,1.3417,1.309,1.2494,3.841,3.5919,3.346,3.1063,2.8664,2.624,2.3817,2.1391,1.8965,1.6539,1.4113,1.1687,0.926,0.6834
1.1376,1.1896,1.2231,1.2304,1.2344,1.2284,1.2223,1.215,1.2077,1.2002,1.1928,1.0989,5.1323,5.3578,5.7027,6.0429,6.3745,6.7066,7.042,7.3773,7.713,8.0487,8.0873,8.0873,8.0873,8.0873,8.0873
3.3224,3.3224,3.3224,3.3224,3.3224,3.3224,3.3224,3.3224,3.3224,3.3224,3.3224,3.3224,3.3224,3.3224,3.3224,1.1832,1.6807,2.1781,2.6743,3.1705,3.6666,4.1627,4.6588,5.1549,5.651,6.1471,6.6431
2.2127,2.1525,2.1138,2.1053,2.1006,2.1076,2.1147,2.1232,2.1316,2.1402,1.6782,0.9739,6.4127,6.1517,5.7526,5.3588,4.975,4.5907,4.2025,3.8144,3.4259,3.0374,2.6488,2.2603,1.8717,1.4831,1.0945
0.8334,0.8715,0.896,0.9014,0.9043,0.8999,0.8954,0.8901,0.8847,0.8793,0.8738,0.907,0.9674,1.2774,4.1776,4.4268,4.6698,4.9131,5.1587,5.4044,5.6503,5.8962,6.1422,6.3881,6.6341,6.8801,7.126
1.6641,1.6188,1.5897,1.5833,1.5798,1.585,1.5903,1.5967,1.6031,1.6095,1.616,1.5766,1.5049,1.3086,1.2411,2.1321,3.0286,3.4524,3.1605,2.8686,2.5765,2.2843,1.9921,1.6998,1.4076,1.1154,0.8231
3.2918,3.2918,3.2918,3.2918,3.2918,3.2918,3.2918,3.0577,2.4888,1.9199,1.3509,7.9945,7.9945,7.9945,7.9945,7.9945,7.9945,7.9945,7.9945,7.9945,7.9945,7.9945,7.9945,7.9945,7.9945,7.9945,7.9945
1.7195,1.7981,1.8486,1.8597,1.8658,1.8567,1.8475,1.8364,1.8253,1.8141,1.8029,1.8713,1.9959,2.3367,2.8579,1.3489,1.9161,2.4831,3.0488,3.6145,4.1801,4.7457,5.3113,5.8768,6.4424,7.0079,7.5735
1.4654,1.4255,1.3999,1.3942,1.3912,1.3958,1.4005,1.4061,1.4117,1.4174,1.4231,1.3884,0.7409,4.074,3.8097,3.5489,3.2948,3.0402,2.7832,2.5261,2.2689,2.0116,1.7542,1.4969,1.2395,0.9822,0.7249
0.9013,0.9425,0.969,0.9749,0.978,0.9732,0.9684,0.9626,0.9568,0.9509,0.945,0.9809,0.5294,4.245,4.5182,4.7878,5.0505,5.3137,5.5794,5.845,6.111,6.377,6.643,6.909,7.175,7.441,7.707
3.2619,3.2619,3.2619,3.2619,3.2584,3.2619,3.2619,3.2619,3.2619,3.2619,3.2619,3.2518,3.1039,2.6991,0.7545,1.2961,1.8412,2.386,2.9296,3.4732,4.0167,4.5602,4.1087,3.506,2.9032,2.3005,1.6978
3.2545,3.2545,3.2545,3.2545,3.2545,3.2545,3.2545,3.1413,2.5569,1.9724,1.3879,7.9037,7.9037,7.9037,7.9037,7.9037,7.9037,7.9037,7.9037,7.494,6.7308,5.9675,5.2041,4.4407,3.6772,2.9138,2.1504
0.9443,0.9875,1.0152,1.0213,1.0247,1.0197,1.0146,1.0085,1.0025,0.9963,0.9901,1.0277,1.0961,1.2833,1.4304,2.4573,3.4906,4.5235,5.5541,6.1238,6.4024,6.6811,6.9597,7.2384,7.5171,7.7958,7.8858
1.4306,1.3917,1.3667,1.3612,1.3582,1.3627,1.3673,1.3727,1.3782,1.3838,1.3894,1.3554,1.2938,0.835,2.9352,3.4648,3.2166,2.9681,2.7172,2.4663,2.2151,1.9639,1.7126,1.4614,1.2102,0.9589,0.7077
1.4845,1.5524,1.596,1.6056,1.6109,1.603,1.595,1.5855,1.5759,1.5662,1.5565,0.9208,6.6975,6.9917,7.4417,7.8503,7.8503,7.8503,7.8503,7.8503,7.8503,7.8503,7.8503,7.8503,7.8503,7.8503,7.8503
3.2252,3.2252,3.2252,3.2252,3.2252,3.2252,3.2252,3.2252,3.2252,3.2252,3.2252,3.2252,3.2252,3.2252,3.2252,1.202,1.7074,2.2127,2.7168,3.2209,3.7249,4.2289,4.7328,5.2368,5.7408,6.2447,6.7487
1.7896,1.7409,1.7096,1.7027,1.6989,1.7046,1.7103,1.7171,1.724,1.7309,1.7379,1.2184,5.1863,4.9753,4.6525,4.334,4.0236,3.7128,3.3989,3.085,2.7708,2.4565,2.1423,1.828,1.5138,1.1995,0.8852
0.8307,0.8687,0.8931,0.8985,0.9014,0.897,0.8925,0.8872,0.8818,0.8764,0.871,0.9041,0.9642,3.9124,4.1641,4.4126,4.6548,4.8973,5.1421,5.387,5.6321,5.8773,6.1224,6.3676,6.6127,6.8579,7.1031
2.0097,1.955,1.9199,1.9121,1.9079,1.9143,1.9207,1.9284,1.9361,1.9439,1.9517,1.9041,1.8175,1.5804,0.9619,1.6525,2.3474,3.0421,3.7352,3.4645,3.1116,2.7588,2.4058,2.0529,1.7,1.347,0.9941
3.1964,3.1964,3.1964,3.1964,3.1964,3.1964,3.1964,2.9901,2.4337,1.8774,1.3211,7.7628,7.7628,7.7628,7.7628,7.7628,7.7628,7.7628,7.7628,7.7628,7.7628,7.7628,7.7628,7.7628,7.7628,7.7628,7.7628
1.2641,1.3219,1.3591,1.3672,1.3717,1.365,1.3582,1.3501,1.3419,1.3337,1.3254,1.3758,1.4673,1.7179,0.9199,1.5804,2.2449,2.9093,3.5721,4.2349,4.8976,5.5602,6.2229,6.8855,7.5481,7.7455,7.7455
1.4052,1.3669,1.3424,1.3369,1.334,1.3384,1.3429,1.3483,1.3537,1.3591,1.3646,1.3313,1.2707,3.9066,3.6532,3.4031,3.1593,2.9153,2.6688,2.4223,2.1756,1.9289,1.6821,1.4354,1.1886,0.9418,0.6951
1.0281,1.0751,1.1054,1.112,1.1156,1.1102,1.1047,1.0981,1.0914,1.0847,1.078,1.1189,0.5044,4.8422,5.1539,5.4614,5.7611,6.0612,6.3643,6.6674,6.9707,7.2741,7.5776,7.7112,7.7112,7.7112,7.7112
3.1682,3.1682,3.1682,3.1682,3.1682,3.1682,3.1682,3.1682,3.1682,3.1682,3.1682,3.1682,3.1682,3.1682,3.1682,1.2178,1.7298,2.2418,2.7525,3.2632,3.7738,4.2844,4.795,5.3056,5.8162,4.7156,3.4801
2.7128,2.639,2.5916,2.5811,2.5754,2.584,2.5927,2.603,2.6134,2.1962,1.5454,0.9032,7.6772,7.5421,7.0528,6.5701,6.0995,5.6283,5.1524,4.6766,4.2003,3.7239,3.2475,2.7711,2.2947,1.8183,1.3419
0.8683,0.9079,0.9335,0.9391,0.9422,0.9375,0.9329,0.9273,0.9217,0.9161,0.9104,0.945,1.0078,0.6976,2.4523,4.2129,4.8652,5.1187,5.3747,5.6306,5.8868,6.143,6.3993,6.6555,6.9118,7.168,7.4243
1.5579,1.5155,1.4883,1.4823,1.479,1.4839,1.4889,1.4949,1.5008,1.5069,1.513,1.476,1.4089,0.6039,1.5864,2.7253,3.5028,3.2322,2.9589,2.6856,2.4121,2.1386,1.865,1.5914,1.3178,1.0442,0.7706
2.2752,2.3792,2.4461,2.4608,2.4688,2.4567,2.4445,2.4299,2.4153,2.0257,1.4254,0.8973,7.6267,7.6267,7.6267,7.6267,7.6267,7.6267,7.6267,7.6267,7.6267,7.6267,7.6267,7.6267,7.6267,7.6267,7.6267
2.327,2.4333,2.5017,2.5168,2.525,2.5127,2.5002,2.4852,2.4703,2.4551,2.4398,2.5325,2.7011,3.1336,3.1336,1.2819,1.8209,2.3598,2.8974,3.435,3.9725,4.51,5.0475,5.5849,6.1224,6.6599,7.1973
1.567,1.5244,1.497,1.491,1.4877,1.4926,1.4976,1.5036,1.5096,1.5157,1.5218,1.4847,4.5415,4.3567,4.074,3.7952,3.5233,3.2511,2.9763,2.7014,2.4263,2.1511,1.8759,1.6007,1.3255,1.0503,0.7751
0.8685,0.9082,0.9337,0.9393,0.9424,0.9378,0.9331,0.9275,0.9219,0.9163,0.9106,0.9452,0.7797,4.0902,4.3535,4.6132,4.8664,5.1199,5.3759,5.6319,5.8882,6.1445,6.4008,6.6571,6.9134,7.1697,7.426
2.6852,2.6121,2.5651,2.5548,2.5492,2.5577,2.5662,2.5765,2.5868,2.5972,2.6077,2.544,2.4283,2.1116,0.8185,1.4062,1.9975,2.5886,3.1784,3.7681,4.1574,3.686,3.2144,2.7429,2.2713,1.7998,1.3282
3.1064,3.1064,3.1064,3.1064,3.1064,3.1064,3.1064,3.0663,2.4957,1.9252,1.3547,0.8875,7.5441,7.5441,7.5441,7.5441,7.5441,7.5441,7.5441,7.5441,7.5441,7.5441,7.5441,7.5398,6.2436,4.9473,3.6511
1.0408,1.0884,1.119,1.1257,1.1294,1.1239,1.1183,1.1116,1.1049,1.0981,1.0913,1.1327,1.2081,1.4144,1.1733,2.0157,2.8632,3.7106,4.5559,5.4013,6.2465,7.0916,7.5278,7.5278,7.5278,7.5278,7.5278
1.4138,1.3754,1.3506,1.3452,1.3422,1.3467,1.3512,1.3566,1.362,1.3675,1.373,1.3395,1.2786,1.9165,3.6757,3.4241,3.1788,2.9332,2.6853,2.4373,2.189,1.9408,1.6925,1.4442,1.1959,0.9476,0.6994
1.2621,1.3198,1.3569,1.3651,1.3696,1.3629,1.3561,1.348,1.3399,1.3316,1.3233,1.0331,5.6942,5.9443,6.3269,6.7044,7.0723,7.4408,7.4954,7.4954,7.4954,7.4954,7.4954,7.4954,7.4954,7.4954,7.4954
3.0797,3.0797,3.0797,3.0797,3.0797,3.0797,3.0797,3.0797,3.0797,3.0797,3.0797,3.0797,3.0797,3.0797,3.0797,1.2022,1.7077,2.2131,2.7173,3.2215,3.7255,4.2296,4.7337,5.2377,5.7418,6.2458,6.7499
2.0488,1.9931,1.9573,1.9494,1.9451,1.9516,1.9581,1.9659,1.9738,1.9817,1.8365,1.0658,5.9378,5.6961,5.3266,4.962,4.6066,4.2507,3.8913,3.532,3.1722,2.8125,2.4527,2.0929,1.7331,1.3733,1.0135
0.8407,0.8792,0.9039,0.9093,0.9123,0.9078,0.9033,0.8979,0.8925,0.887,0.8815,0.915,0.9759,2.8033,4.2144,4.4659,4.711,4.9564,5.2042,5.4521,5.7001,5.9482,6.1963,6.4445,6.6926,6.9407,7.1889
1.7998,1.7508,1.7193,1.7124,1.7086,1.7143,1.72,1.7269,1.7338,1.7408,1.7478,1.7052,1.6276,1.4153,1.128,1.9377,2.7526,3.5671,3.4182,3.1026,2.7866,2.4705,2.1545,1.8384,1.5224,1.2063,0.8903
3.0535,3.0535,3.0535,3.0535,3.0535,3.0535,3.0535,3.0535,2.4924,1.9227,1.3529,0.8724,7.4155,7.4155,7.4155,7.4155,7.4155,7.4155,7.4155,7.4155,7.4155,7.4155,7.4155,7.4155,7.4155,7.4155,7.4155
1.526,1.5957,1.6406,1.6505,1.6559,1.6477,1.6396,1.6297,1.6199,1.61,1.6,1.6608,1.7713,2.0738,0.8706,1.4439,2.051,2.658,3.2636,3.8691,4.4746,5.08,5.6854,6.2908,6.8962,7.3998,7.3998
1.4565,1.4169,1.3914,1.3858,1.3827,1.3873,1.392,1.3975,1.4031,1.4088,1.4144,1.3799,0.887,4.0492,3.7866,3.5274,3.2747,3.0217,2.7663,2.5108,2.2551,1.9993,1.7436,1.4878,1.232,0.9762,0.7205
0.9559,0.9996,1.0277,1.0339,1.0373,1.0322,1.0271,1.0209,1.0148,1.0085,1.0023,1.0403,0.469,4.5021,4.7918,5.0777,5.3564,5.6354,5.9172,6.199,6.4811,6.7632,7.0453,7.3274,7.3685,7.3685,7.3685
3.0277,3.0277,3.0277,3.0277,3.0277,3.0277,3.0277,3.0277,3.0277,3.0277,3.0277,3.0277,3.0277,3.0277,2.6161,1.278,1.8154,2.3527,2.8887,3.4247,3.9605,4.4964,5.0322,4.4096,3.6515,2.8934,2.1353
3.0213,3.0213,3.0213,3.0213,3.0213,3.0213,3.0213,3.0213,2.6887,2.0741,1.4595,0.8632,7.3374,7.3374,7.3374,7.3374,7.3374,7.3374,6.7752,6.1495,5.5232,4.8968,4.2704,3.6439,3.0175,2.391,1.7646
0.9232,0.9654,0.9925,0.9985,1.0017,0.9968,0.9919,0.9859,0.98,0.974,0.9679,1.0047,1.0716,0.6359,1.7208,2.9561,4.1992,5.4419,5.7145,5.9866,6.259,6.5314,6.8039,7.0763,7.322,7.322,7.322
1.4925,1.4519,1.4258,1.4201,1.4169,1.4217,1.4264,1.4321,1.4379,1.4437,1.4495,1.4141,1.3498,0.6361,2.236,3.6147,3.3558,3.0966,2.8348,2.573,2.3109,2.0488,1.7867,1.5246,1.2625,1.0004,0.7383
1.7313,1.8104,1.8613,1.8726,1.8787,1.8695,1.8602,1.849,1.8379,1.8266,1.5368,0.8918,7.2913,7.2913,7.2913,7.2913,7.2913,7.2913,7.2913,7.2913,7.2913,7.2913,7.2913,7.2913,7.2913,7.2913,7.2913
2.996,2.996,2.996,2.996,2.996,2.996,2.996,2.996,2.996,2.996,2.996,2.996,2.996,2.996,2.996,1.2446,1.7679,2.2911,2.8131,3.335,3.8569,4.3787,4.9005,5.4224,5.9442,6.466,6.9878
1.7152,1.6685,1.6385,1.6319,1.6283,1.6337,1.6392,1.6458,1.6523,1.659,1.6657,1.3883,4.9708,4.7685,4.4591,4.1539,3.8564,3.5584,3.2576,2.9567,2.6556,2.3544,2.0532,1.752,1.4508,1.1496,0.8484
0.8539,0.8929,0.918,0.9236,0.9266,0.922,0.9175,0.912,0.9065,0.9009,0.8953,0.9293,0.9912,4.0216,4.2804,4.5358,4.7847,5.034,5.2857,5.5374,5.7894,6.0413,6.2933,6.5454,6.7974,7.0494,7.2458
2.2487,2.1875,2.1482,2.1395,2.1348,2.1419,2.1491,2.1577,2.1663,2.175,2.1838,2.1305,2.0336,1.7683,0.911,1.5651,2.2232,2.8811,3.5375,3.8764,3.4816,3.0868,2.6919,2.297,1.9021,1.5072,1.1123
2.9712,2.9712,2.9712,2.9712,2.9712,2.9712,2.9712,2.9712,2.4839,1.9161,1.3483,0.8489,7.2158,7.2158,7.2158,7.2158,7.2158,7.2158,7.2158,7.2158,7.2158,7.2158,7.2158,7.2158,7.2158,7.2158,7.2158
1.1806,1.2346,1.2693,1.2769,1.2811,1.2748,1.2685,1.2609,1.2533,1.2456,1.2379,1.2849,1.3704,1.6044,1.0141,1.7421,2.4747,3.207,3.9377,4.6683,5.3988,6.1293,6.8597,7.2008,7.2008,7.2008,7.2008
1.4239,1.3852,1.3603,1.3548,1.3518,1.3563,1.3609,1.3663,1.3718,1.3773,1.3828,1.3491,1.2877,3.9588,3.7019,3.4485,3.2015,2.9542,2.7044,2.4547,2.2047,1.9546,1.7046,1.4545,1.2045,0.9544,0.7044
1.1192,1.1703,1.2032,1.2105,1.2144,1.2085,1.2025,1.1953,1.1881,1.1808,1.1734,1.198,5.0491,5.2709,5.6102,5.9449,6.2712,6.5979,6.9278,7.1712,7.1712,7.1712,7.1712,7.1712,7.1712,7.1712,7.1712
2.9468,2.9468,2.9468,2.9468,2.9468,2.9468,2.9468,2.9468,2.9468,2.9468,2.9468,2.9468,2.9468,2.9468,2.9468,1.2252,1.7403,2.2554,2.7692,3.283,3.7967,4.3104,4.8241,5.3378,5.8515,6.3652,6.0204
2.4394,2.373,2.3304,2.321,2.3158,2.3236,2.3313,2.3407,2.35,2.3595,1.6639,0.9656,7.0696,6.7819,6.3419,5.9078,5.4847,5.061,4.6331,4.2052,3.7769,3.3486,2.9202,2.4918,2.0634,1.635,1.2067
0.8671,0.9067,0.9322,0.9378,0.9409,0.9363,0.9316,0.926,0.9205,0.9148,0.9091,0.9437,1.0065,0.9915,3.4853,4.6058,4.8586,5.1117,5.3673,5.6229,5.8787,6.1346,6.3905,6.6464,6.9023,7.1271,7.1271
1.6612,1.616,1.5869,1.5805,1.577,1.5823,1.5876,1.5939,1.6003,1.6067,1.6132,1.5738,1.5022,1.3063,1.3876,2.3838,3.3862,3.4464,3.155,2.8636,2.572,2.2803,1.9886,1.6969,1.4052,1.1134,0.8217
2.9227,2.9227,2.9227,2.9227,2.9227,2.9227,2.9227,2.9227,2.6021,2.0073,1.4125,0.8351,7.0981,7.0981,7.0981,7.0981,7.0981,7.0981,7.0981,7.0981,7.0981,7.0981,7.0981,7.0981,7.0981,7.0981,7.0981
1.9585,2.048,2.1056,2.1183,2.1252,2.1148,2.1043,2.0917,2.0791,2.0663,2.0535,2.1315,2.2734,2.6616,0.8334,1.3548,1.9245,2.4941,3.0623,3.6305,4.1986,4.7666,5.3347,5.9027,6.4708,7.0388,7.0836
1.54,1.4981,1.4712,1.4652,1.462,1.4669,1.4718,1.4777,1.4836,1.4896,1.4956,1.4591,0.7786,4.2815,4.0037,3.7297,3.4625,3.195,2.9249,2.6548,2.3844,2.114,1.8436,1.5731,1.3027,1.0322,0.7618
0.9104,0.952,0.9788,0.9847,0.9879,0.9831,0.9782,0.9723,0.9665,0.9605,0.9546,0.9908,0.619,4.2878,4.5637,4.836,5.1014,5.3672,5.6356,5.9039,6.1726,6.4412,6.7099,6.9786,7.0549,7.0549,7.0549
2.8991,2.8991,2.8991,2.8991,2.8991,2.8991,2.8991,2.8991,2.8991,2.8991,2.8991,2.8991,2.8735,2.4987,0.7973,1.3696,1.9455,2.5213,3.0957,3.6701,4.2444,4.3617,3.8037,3.2457,2.6877,2.1297,1.5717
2.8932,2.8932,2.8932,2.8932,2.8932,2.8932,2.8932,2.8932,2.5962,2.0027,1.4093,0.8266,7.0264,7.0264,7.0264,7.0264,7.0264,7.0264,7.0264,7.0264,7.0264,7.0264,6.3361,5.4066,4.4771,3.5476,2.6181
1.0038,1.0497,1.0792,1.0857,1.0892,1.0839,1.0785,1.072,1.0656,1.059,1.0525,1.0924,1.1652,1.3641,1.3522,2.323,3.2998,4.2764,5.2506,6.2249,6.8056,7.0123,7.0123,7.0123,7.0123,7.0123,7.0123
1.4599,1.4202,1.3947,1.3891,1.386,1.3906,1.3953,1.4008,1.4064,1.4121,1.4178,1.3832,1.3203,1.0934,3.7955,3.5357,3.2825,3.0289,2.7728,2.5167,2.2604,2.0041,1.7477,1.4913,1.2349,0.9785,0.7222
1.4253,1.4905,1.5324,1.5416,1.5467,1.5391,1.5314,1.5223,1.5131,1.5038,1.4945,0.9853,6.4304,6.713,6.9842,6.9842,6.9842,6.9842,6.9842,6.9842,6.9842,6.9842,6.9842,6.9842,6.9842,6.9842,6.9842
2.8701,2.8701,2.8701,2.8701,2.8701,2.8701,2.8701,2.8701,2.8701,2.8701,2.8701,2.8701,2.8701,2.8701,0.82,1.2325,1.7508,2.2689,2.7858,3.3027,3.8195,4.3363,4.853,5.3698,5.8865,6.4033,6.9201
1.929,1.8765,1.8428,1.8353,1.8313,1.8374,1.8435,1.8509,1.8583,1.8658,1.8733,1.1841,5.5904,5.3629,5.015,4.6717,4.3371,4.002,3.6637,3.3253,2.9866,2.6479,2.3092,1.9704,1.6317,1.2929,0.9542
0.8558,0.8949,0.9201,0.9256,0.9287,0.9241,0.9195,0.914,0.9085,0.9029,0.8973,0.9314,0.9934,4.0306,4.2901,4.546,4.7955,5.0453,5.2976,5.5499,5.8024,6.055,6.3075,6.5601,6.8127,6.9424,6.9424
1.9726,1.9189,1.8844,1.8768,1.8727,1.8789,1.8852,1.8928,1.9003,1.908,1.9157,1.8689,1.7839,1.5512,1.0458,1.7966,2.5521,3.3073,3.7465,3.4005,3.0542,2.7078,2.3614,2.015,1.6686,1.3222,0.9758
2.8473,2.8473,2.8473,2.8473,2.8473,2.8473,2.8473,2.8473,2.5191,1.9432,1.3674,0.8135,6.9148,6.9148,6.9148,6.9148,6.9148,6.9148,6.9148,6.9148,6.9148,6.9148,6.9148,6.9148,6.9148,6.9148,6.9148
1.3884,1.4518,1.4927,1.5017,1.5066,1.4992,1.4917,1.4828,1.4739,1.4648,1.4557,1.511,1.6116,1.8868,0.9105,1.5642,2.222,2.8795,3.5356,4.1916,4.8475,5.5034,6.1592,6.8151,6.9011,6.9011,6.9011
1.4613,1.4216,1.396,1.3904,1.3873,1.3919,1.3966,1.4022,1.4078,1.4135,1.4192,1.3845,1.3215,4.0628,3.7992,3.5391,3.2856,3.0318,2.7755,2.5192,2.2626,2.006,1.7494,1.4927,1.2361,0.9795,0.7229
1.025,1.0719,1.102,1.1086,1.1123,1.1068,1.1013,1.0947,1.0881,1.0814,1.0747,1.1156,0.5029,4.8276,5.1383,5.4448,5.7437,6.0429,6.345,6.6472,6.8738,6.8738,6.8738,6.8738,6.8738,6.8738,6.8738
2.8248,2.8248,2.8248,2.8248,2.8248,2.8248,2.8248,2.8248,2.8248,2.8248,2.8248,2.8248,2.8248,2.8248,0.8071,1.2726,1.8077,2.3427,2.8764,3.4101,3.9437,4.4773,5.0109,5.5445,4.9149,3.8945,2.8741
2.8193,2.8193,2.8193,2.8193,2.8193,2.8193,2.8193,2.8193,2.8193,2.2037,1.5507,0.8999,6.8468,6.8468,6.8468,6.8468,6.8468,6.362,5.8241,5.2862,4.7478,4.2094,3.6709,3.1324,2.5939,2.0554,1.5168
0.9119,0.9536,0.9804,0.9863,0.9895,0.9847,0.9798,0.9739,0.9681,0.9621,0.9561,0.9925,1.0585,0.6282,2.1628,3.7154,5.1099,5.3761,5.6449,5.9137,6.1828,6.4519,6.721,6.8334,6.8334,6.8334,6.8334
1.5724,1.5297,1.5022,1.4961,1.4928,1.4978,1.5028,1.5088,1.5148,1.5209,1.5271,1.4898,1.422,0.6095,1.8332,3.1493,3.5354,3.2623,2.9865,2.7107,2.4346,2.1585,1.8824,1.6062,1.3301,1.054,0.7778
2.0834,2.1786,2.2399,2.2534,2.2607,2.2496,2.2385,2.2251,2.2117,2.1389,1.5051,0.8734,6.8066,6.8066,6.8066,6.8066,6.8066,6.8066,6.8066,6.8066,6.8066,6.8066,6.8066,6.8066,6.8066,6.8066,6.8066
2.7777,2.7973,2.7973,2.7973,2.7973,2.7973,2.7973,2.7973,2.7973,2.7973,2.7973,2.7973,2.7973,2.7973,0.7992,1.3009,1.8479,2.3947,2.9403,3.4859,4.0314,4.5768,5.1222,5.6677,6.2131,6.7585,6.7934
1.6641,1.6188,1.5897,1.5833,1.5798,1.5851,1.5904,1.5967,1.6031,1.6096,1.6161,1.5766,4.8227,4.6264,4.3263,4.0302,3.7415,3.4524,3.1606,2.8687,2.5765,2.2843,1.9921,1.6999,1.4076,1.1154,0.8231
0.8858,0.9263,0.9524,0.9581,0.9612,0.9565,0.9518,0.9461,0.9404,0.9346,0.9288,0.9641,0.9823,4.1721,4.4406,4.7055,4.9638,5.2224,5.4835,5.7446,6.006,6.2674,6.5289,6.767,6.767,6.767,6.767
2.5655,2.4957,2.4508,2.4409,2.4355,2.4436,2.4518,2.4616,2.4715,2.4814,2.4914,2.4306,2.32,2.0175,0.8747,1.5026,2.1345,2.7661,3.3963,4.0265,3.9721,3.5216,3.0711,2.6206,2.1701,1.7195,1.269
2.7756,2.7756,2.7756,2.7756,2.7756,2.7756,2.7756,2.7756,2.5582,1.9734,1.3886,0.8058,6.7408,6.7408,6.7408,6.7408,6.7408,6.7408,6.7408,6.7408,6.7408,6.7408,6.7408,6.7408,6.7408,6.7408,5.1337
1.12,1.1712,1.2041,1.2114,1.2153,1.2093,1.2033,1.1961,1.1889,1.1816,1.1743,1.2189,1.3,1.522,1.1363,1.9521,2.773,3.5936,4.4123,5.231,6.0495,6.7277,6.7277,6.7277,6.7277,6.7277,6.7277
1.4561,1.4165,1.391,1.3854,1.3824,1.387,1.3916,1.3972,1.4028,1.4084,1.4141,1.3796,1.3168,3.8922,3.7856,3.5265,3.2739,3.021,2.7656,2.5102,2.2545,1.9988,1.7431,1.4874,1.2317,0.976,0.7203
1.2357,1.2922,1.3285,1.3365,1.3409,1.3343,1.3277,1.3197,1.3118,1.3037,1.2956,1.1205,5.5748,5.8197,6.1943,6.5639,6.7018,6.7018,6.7018,6.7018,6.7018,6.7018,6.7018,6.7018,6.7018,6.7018,6.7018
2.7543,2.7543,2.7543,2.7543,2.7543,2.7543,2.7543,2.7543,2.7543,2.7543,2.7543,2.7543,2.7543,2.7543,0.7869,1.244,1.7671,2.29,2.8117,3.3335,3.8551,4.3767,4.8982,5.4198,5.9414,6.463,6.689
2.2432,2.1822,2.143,2.1343,2.1296,2.1367,2.1439,2.1525,2.161,2.1698,1.8144,1.0529,6.5012,6.2366,5.832,5.4328,5.0437,4.654,4.2605,3.8671,3.4732,3.0793,2.6854,2.2915,1.8975,1.5036,1.1096
0.8741,0.914,0.9397,0.9454,0.9485,0.9438,0.9391,0.9335,0.9279,0.9222,0.9164,0.9513,1.0146,1.6907,4.3815,4.6429,4.8977,5.1529,5.4106,5.6682,5.9261,6.1841,6.442,6.6633,6.6633,6.6633,6.6633
1.7918,1.7431,1.7118,1.7049,1.7011,1.7068,1.7125,1.7193,1.7262,1.7331,1.7401,1.6977,1.6204,1.4091,1.2491,2.1458,3.0481,3.7175,3.4032,3.0889,2.7743,2.4597,2.145,1.8304,1.5157,1.201,0.8863
2.7333,2.7333,2.7333,2.7333,2.7333,2.7333,2.7333,2.7333,2.6037,2.0085,1.4133,0.8202,6.6379,6.6379,6.6379,6.6379,6.6379,6.6379,6.6379,6.6379,6.6379,6.6379,6.6379,6.6379,6.6379,6.6379,6.6379
1.7141,1.7925,1.8429,1.854,1.86,1.8509,1.8417,1.8307,1.8197,1.8085,1.7973,1.8655,1.9897,2.3295,0.8425,1.4474,2.056,2.6644,3.2714,3.8785,4.4854,5.0922,5.6991,6.3059,6.6253,6.6253,6.6253
1.529,1.4874,1.4607,1.4548,1.4516,1.4564,1.4613,1.4671,1.473,1.4789,1.4849,1.4487,0.773,4.2509,3.9752,3.7031,3.4378,3.1722,2.904,2.6358,2.3674,2.0989,1.8304,1.5619,1.2934,1.0249,0.7563
0.9641,1.0082,1.0365,1.0428,1.0462,1.041,1.0359,1.0297,1.0235,1.0172,1.0109,1.0493,0.5209,4.5407,4.8329,5.1212,5.4023,5.6837,5.9679,6.2521,6.5366,6.6002,6.6002,6.6002,6.6002,6.6002,6.6002
2.7126,2.7126,2.7126,2.7126,2.7126,2.7126,2.7126,2.7126,2.7126,2.7126,2.7126,2.7126,2.7126,2.7126,0.785,1.3486,1.9157,2.4827,3.0483,3.6139,4.1794,4.7449,4.6682,3.9834,3.2986,2.6138,1.9289
2.7075,2.7075,2.7075,2.7075,2.7075,2.7075,2.7075,2.7075,2.7075,2.1037,1.4803,0.859,6.5753,6.5753,6.5753,6.5753,6.5753,6.5753,6.5753,6.5753,6.4942,5.7577,5.0211,4.2845,3.548,2.8114,2.0748
0.9796,1.0243,1.0531,1.0595,1.0629,1.0577,1.0525,1.0462,1.0399,1.0335,1.0271,1.0661,1.137,0.6748,1.6013,2.751,3.9078,5.0642,6.0636,6.3524,6.5629,6.5629,6.5629,6.5629,6.5629,6.5629,6.5629
1.5218,1.4804,1.4538,1.4479,1.4447,1.4496,1.4544,1.4602,1.4661,1.472,1.4779,1.4418,1.3762,0.7797,2.741,3.6856,3.4216,3.1573,2.8903,2.6234,2.3562,2.089,1.8218,1.5545,1.2873,1.02,0.7528
1.6446,1.7198,1.7682,1.7788,1.7846,1.7759,1.7671,1.7565,1.7459,1.7352,1.6405,0.952,6.5382,6.5382,6.5382,6.5382,6.5382,6.5382,6.5382,6.5382,6.5382,6.5382,6.5382,6.5382,6.5382,6.5382,6.5382
2.6872,2.6872,2.6872,2.6872,2.6872,2.6872,2.6872,2.6872,2.6872,2.6872,2.6872,2.6872,2.6872,2.6872,0.7678,1.2753,1.8116,2.3477,2.8826,3.4175,3.9522,4.4869,5.0217,5.5564,6.0911,6.526,6.526
1.843,1.7929,1.7607,1.7536,1.7497,1.7555,1.7614,1.7685,1.7755,1.7827,1.7899,1.3392,5.3414,5.124,4.7916,4.4636,4.1439,3.8237,3.5005,3.1772,2.8536,2.53,2.2063,1.8827,1.559,1.2353,0.9117
0.8792,0.9194,0.9453,0.951,0.9541,0.9494,0.9447,0.939,0.9334,0.9276,0.9219,0.9569,1.0206,4.1409,4.4074,4.6704,4.9267,5.1834,5.4426,5.7018,5.9612,6.2206,6.4801,6.5016,6.5016,6.5016,6.5016
2.1953,2.1356,2.0972,2.0887,2.0841,2.0911,2.0981,2.1065,2.1149,2.1234,2.1319,2.0799,1.9853,1.7264,0.9863,1.6944,2.4069,3.1192,3.8298,3.7844,3.399,3.0135,2.628,2.2425,1.857,1.4714,1.0859
2.6672,2.6672,2.6672,2.6672,2.6672,2.6672,2.6672,2.6672,2.5697,1.9823,1.3949,0.8095,6.4774,6.4774,6.4774,6.4774,6.4774,6.4774,6.4774,6.4774,6.4774,6.4774,6.4774,6.4774,6.4774,6.4774,6.4774
1.2893,1.3482,1.3861,1.3945,1.399,1.3922,1.3853,1.377,1.3687,1.3603,1.3518,1.4032,1.4966,1.7521,0.9998,1.7176,2.4398,3.1618,3.8822,4.6025,5.3227,6.0429,6.4654,6.4654,6.4654,6.4654,6.4654
1.4801,1.4398,1.4139,1.4082,1.4051,1.4098,1.4145,1.4202,1.4259,1.4316,1.4374,1.4023,1.3385,4.1149,3.848,3.5846,3.3278,3.0707,2.8111,2.5515,2.2916,2.0317,1.7718,1.5119,1.252,0.9921,0.7321
1.1126,1.1634,1.1962,1.2034,1.2073,1.2014,1.1954,1.1883,1.1811,1.1738,1.1665,1.2109,0.5459,5.24,5.5773,5.91,6.2344,6.4414,6.4414,6.4414,6.4414,6.4414,6.4414,6.4414,6.4414,6.4414,6.4414
2.6475,2.6475,2.6475,2.6475,2.6475,2.6475,2.6475,2.6475,2.6475,2.6475,2.6475,2.6475,2.6475,2.6475,0.7564,1.2796,1.8176,2.3555,2.8921,3.4288,3.9653,4.5018,5.0383,5.5748,6.1113,5.9068,4.3592
2.6426,2.6426,2.6043,2.5938,2.588,2.5967,2.6054,2.6158,2.6262,2.3678,1.6661,0.9669,6.4177,6.4177,6.4177,6.4177,6.1294,5.6559,5.1777,4.6995,4.2209,3.7422,3.2635,2.7847,2.306,1.8272,1.3485
0.91,0.9516,0.9783,0.9842,0.9874,0.9826,0.9777,0.9719,0.966,0.9601,0.9541,0.9904,1.0563,0.8262,2.9043,4.8338,5.0991,5.3647,5.633,5.9012,6.1697,6.4059,6.4059,6.4059,6.4059,6.4059,6.4059
1.6741,1.6286,1.5993,1.5929,1.5893,1.5946,1.6,1.6064,1.6128,1.6193,1.6258,1.5861,1.514,0.649,1.5765,2.7082,3.7641,3.4733,3.1797,2.886,2.5921,2.2981,2.0041,1.7101,1.4161,1.1221,0.8281
2.6176,2.628,2.628,2.628,2.628,2.628,2.628,2.628,2.628,2.1174,1.4899,0.8646,6.3824,6.3824,6.3824,6.3824,6.3824,6.3824,6.3824,6.3824,6.3824,6.3824,6.3824,6.3824,6.3824,6.3824,6.3824
2.2757,2.3797,2.4466,2.4614,2.4694,2.4573,2.4451,2.4305,2.4158,2.401,2.3861,2.4767,2.6232,2.6232,0.7995,1.3734,1.951,2.5283,3.1043,3.6803,4.2562,4.8321,5.408,5.9838,6.3707,6.3707,6.3707
1.6332,1.5888,1.5602,1.5539,1.5505,1.5556,1.5608,1.5671,1.5733,1.5797,1.5861,1.5473,0.7481,4.5405,4.246,3.9553,3.672,3.3883,3.1019,2.8154,2.5287,2.2419,1.9551,1.6683,1.3815,1.0947,0.8079
0.9279,0.9704,0.9976,1.0036,1.0069,1.002,0.997,0.991,0.9851,0.979,0.9729,1.0099,0.7436,4.3703,4.6516,4.9291,5.1997,5.4706,5.7441,6.0176,6.2914,6.3475,6.3475,6.3475,6.3475,6.3475,6.3475
2.6089,2.6089,2.6089,2.6089,2.6089,2.6089,2.6089,2.6089,2.6089,2.6089,2.6089,2.6089,2.6089,2.3576,0.8504,1.4609,2.0752,2.6893,3.302,3.9147,4.5272,4.1154,3.5889,3.0625,2.536,2.0095,1.483
2.6042,2.6042,2.6042,2.6042,2.6042,2.6042,2.6042,2.6042,2.6042,2.0518,1.4438,0.8379,6.3244,6.3244,6.3244,6.3244,6.3244,6.3244,6.3244,6.3244,6.3244,6.3244,6.3244,6.3244,5.6867,4.5061,3.3255
1.0774,1.1267,1.1584,1.1653,1.1691,1.1634,1.1576,1.1507,1.1438,1.1367,1.1297,1.1726,1.2507,1.4642,1.2984,2.2305,3.1684,4.106,5.0415,5.977,6.313,6.313,6.313,6.313,6.313,6.313,6.313
1.5031,1.4622,1.4359,1.4301,1.4269,1.4317,1.4365,1.4422,1.448,1.4538,1.4597,1.424,1.3593,1.5587,3.9077,3.6402,3.3794,3.1184,2.8547,2.5911,2.3272,2.0633,1.7993,1.5354,1.2714,1.0074,0.7435
1.387,1.4504,1.4912,1.5002,1.5051,1.4977,1.4903,1.4814,1.4725,1.4634,1.4543,1.065,6.2577,6.2902,6.2902,6.2902,6.2902,6.2902,6.2902,6.2902,6.2902,6.2902,6.2902,6.2902,6.2902,6.2902,6.2902
2.5854,2.5854,2.5854,2.5854,2.5854,2.5854,2.5854,2.5854,2.5854,2.5854,2.5854,2.5854,2.5854,2.5854,0.7422,1.275,1.8111,2.3471,2.8818,3.4165,3.9511,4.4857,5.0203,5.5549,6.0895,6.2788,6.2788
2.1021,2.0449,2.0081,2.0,1.9956,2.0023,2.009,2.017,2.025,2.0332,2.0071,1.1648,6.092,5.8441,5.465,5.0909,4.7263,4.3611,3.9924,3.6237,3.2546,2.8855,2.5164,2.1473,1.7781,1.409,1.0398
0.8895,0.9302,0.9563,0.9621,0.9652,0.9605,0.9557,0.95,0.9443,0.9385,0.9326,0.9681,1.0325,4.1894,4.459,4.725,4.9843,5.244,5.5062,5.7684,6.0309,6.2562,6.2562,6.2562,6.2562,6.2562,6.2562
1.9579,1.9046,1.8704,1.8628,1.8587,1.8649,1.8712,1.8786,1.8861,1.8937,1.9014,1.855,1.7706,1.5397,1.1505,1.9765,2.8076,3.6384,3.7186,3.3751,3.0314,2.6876,2.3438,2.0,1.6561,1.3123,0.9685
2.5669,2.5669,2.5669,2.5669,2.5669,2.5669,2.5669,2.5669,2.5669,2.0294,1.428,0.8287,6.2338,6.2338,6.2338,6.2338,6.2338,6.2338,6.2338,6.2338,6.2338,6.2338,6.2338,6.2338,6.2338,6.2338,6.2338
1.5451,1.6157,1.6611,1.6711,1.6766,1.6684,1.6601,1.6501,1.6402,1.6301,1.62,1.6815,1.7935,2.0997,0.9107,1.5646,2.2225,2.8802,3.5364,4.1925,4.8486,5.5046,6.1606,6.2227,6.2227,6.2227,6.2227
1.5335,1.4918,1.4649,1.459,1.4558,1.4607,1.4655,1.4714,1.4773,1.4832,1.4892,1.4529,1.0766,4.2633,3.9867,3.7138,3.4478,3.1815,2.9125,2.6435,2.3743,2.105,1.8357,1.5664,1.2971,1.0278,0.7585
1.0322,1.0794,1.1098,1.1165,1.1201,1.1146,1.1091,1.1024,1.0958,1.0891,1.0823,1.1234,0.5064,4.8616,5.1745,5.4832,5.7841,6.0854,6.2005,6.2005,6.2005,6.2005,6.2005,6.2005,6.2005,6.2005,6.2005
2.5486,2.5486,2.5486,2.5486,2.5486,2.5486,2.5486,2.5486,2.5486,2.5486,2.5486,2.5486,2.5486,2.5486,0.7812,1.3421,1.9064,2.4706,3.0335,3.5963,4.1591,4.7218,5.2845,5.1506,4.2651,3.3796,2.4941
2.5441,2.5441,2.5441,2.5441,2.5441,2.5441,2.5441,2.5441,2.5441,2.2328,1.5712,0.9118,6.1785,6.1785,6.1785,6.1785,6.1785,6.1785,6.1785,6.085,5.4653,4.8454,4.2256,3.6057,2.9858,2.3659,1.746
0.9667,1.0109,1.0394,1.0456,1.049,1.0439,1.0387,1.0325,1.0263,1.02,1.0136,1.0521,1.1222,0.6659,1.9661,3.3776,4.7979,5.6993,5.9843,6.1676,6.1676,6.1676,6.1676,6.1676,6.1676,6.1676,6.1676
1.6022,1.5587,1.5306,1.5245,1.5211,1.5262,1.5313,1.5374,1.5435,1.5498,1.556,1.518,1.449,0.6211,2.1688,3.7257,3.6025,3.3241,3.0431,2.7621,2.4808,2.1994,1.9181,1.6367,1.3553,1.0739,0.7926
1.9498,2.039,2.0963,2.1089,2.1158,2.1054,2.095,2.0824,2.0699,2.0572,1.6045,0.9311,6.1458,6.1458,6.1458,6.1458,6.1458,6.1458,6.1458,6.1458,6.1458,6.1458,6.1458,6.1458,6.1458,6.1458,6.1458
2.5262,2.5262,2.5262,2.5262,2.5262,2.5262,2.5262,2.5262,2.5262,2.5262,2.5262,2.5262,2.5262,2.5262,0.7757,1.3325,1.8929,2.453,3.0119,3.5708,4.1295,4.6882,5.2469,5.8056,6.135,6.135,6.135
1.7848,1.7362,1.705,1.6981,1.6944,1.7,1.7057,1.7125,1.7194,1.7263,1.7332,1.5476,5.1724,4.9619,4.64,4.3224,4.0128,3.7028,3.3897,3.0767,2.7633,2.4499,2.1365,1.8231,1.5097,1.1963,0.8828
0.912,0.9537,0.9805,0.9864,0.9896,0.9847,0.9799,0.974,0.9681,0.9622,0.9562,0.9925,1.0586,4.2951,4.5716,4.8443,5.1102,5.3764,5.6453,5.9141,6.1134,6.1134,6.1134,6.1134,6.1134,6.1134,6.1134
2.4874,2.4197,2.3762,2.3666,2.3614,2.3693,2.3772,2.3867,2.3962,2.4059,2.4156,2.3566,2.2494,1.9561,0.9444,1.6224,2.3046,2.9866,3.6671,4.2879,3.8512,3.4145,2.9777,2.5409,2.104,1.6672,1.2304
2.5085,2.5085,2.5085,2.5085,2.5085,2.5085,2.5085,2.5085,2.5085,2.0415,1.4365,0.8336,6.092,6.092,6.092,6.092,6.092,6.092,6.092,6.092,6.092,6.092,6.092,6.092,6.092,6.092,6.092
1.2184,1.2741,1.31,1.3178,1.3221,1.3157,1.3091,1.3013,1.2935,1.2855,1.2775,1.3261,1.4143,1.6558,1.1149,1.9153,2.7208,3.5259,4.3292,5.1325,5.9356,6.0814,6.0814,6.0814,6.0814,6.0814,6.0814
1.5135,1.4724,1.4459,1.4401,1.4369,1.4417,1.4465,1.4523,1.4581,1.464,1.4699,1.434,1.3688,4.2079,3.9349,3.6656,3.403,3.1401,2.8746,2.6092,2.3434,2.0777,1.8119,1.5461,1.2803,1.0145,0.7487
1.2243,1.2803,1.3163,1.3242,1.3285,1.322,1.3155,1.3076,1.2997,1.2917,1.2837,1.2298,5.5235,5.7662,6.0602,6.0602,6.0602,6.0602,6.0602,6.0602,6.0602,6.0602,6.0602,6.0602,6.0602,6.0602,6.0602
2.4911,2.4911,2.4911,2.4911,2.4911,2.4911,2.4911,2.4911,2.4911,2.4911,2.4911,2.4911,2.4911,2.4911,0.7563,1.2992,1.8455,2.3916,2.9365,3.4814,4.0261,4.5709,5.1156,5.6603,6.0497,6.0497,6.0497
2.4867,2.4202,2.3767,2.3671,2.3619,2.3697,2.3777,2.3872,2.3967,2.4064,1.8126,1.0519,6.0392,6.0392,6.0392,6.0252,5.5937,5.1615,4.7251,4.2888,3.852,3.4151,2.9782,2.5413,2.1044,1.6675,1.2306
0.9172,0.9592,0.9861,0.9921,0.9953,0.9904,0.9855,0.9796,0.9737,0.9677,0.9617,0.9983,1.0647,1.2449,4.3763,4.8723,5.1397,5.4074,5.6778,5.9482,6.0287,6.0287,6.0287,6.0287,6.0287,6.0287,6.0287
1.8031,1.754,1.7225,1.7155,1.7117,1.7174,1.7232,1.7301,1.737,1.744,1.751,1.7083,1.6306,1.4179,1.4033,2.4108,3.4246,3.7408,3.4245,3.1083,2.7917,2.4751,2.1585,1.8418,1.5252,1.2085,0.8919
2.4739,2.4739,2.4739,2.4739,2.4739,2.4739,2.4739,2.4739,2.4739,2.1181,1.4904,0.8649,6.0079,6.0079,6.0079,6.0079,6.0079,6.0079,6.0079,6.0079,6.0079,6.0079,6.0079,6.0079,6.0079,6.0079,6.0079
1.9584,2.0479,2.1055,2.1182,2.1251,2.1147,2.1042,2.0916,2.079,2.0662,2.0534,2.1314,2.2732,2.4696,0.8533,1.4658,2.0822,2.6984,3.3132,3.9279,4.5426,5.1572,5.7718,5.9976,5.9976,5.9976,5.9976
1.6207,1.5766,1.5483,1.542,1.5386,1.5438,1.5489,1.5551,1.5613,1.5676,1.5739,1.5355,0.7044,4.5059,4.2136,3.9251,3.644,3.3625,3.0782,2.7939,2.5094,2.2248,1.9402,1.6556,1.3709,1.0863,0.8017
0.9821,1.027,1.0559,1.0623,1.0657,1.0605,1.0553,1.0489,1.0426,1.0362,1.0298,1.0689,0.6089,4.6256,4.9233,5.2171,5.5034,5.7901,5.977,5.977,5.977,5.977,5.977,5.977,5.977,5.977,5.977
2.4569,2.4569,2.4569,2.4569,2.4569,2.4569,2.4569,2.4569,2.4569,2.4569,2.4569,2.4569,2.4569,2.4569,0.8366,1.4373,2.0416,2.6458,3.2486,3.8514,4.4541,4.9605,4.3259,3.6913,3.0567,2.4221,1.7875
2.4527,2.4527,2.4527,2.4527,2.4527,2.4527,2.4527,2.4527,2.4527,2.1548,1.5162,0.8799,5.9565,5.9565,5.9565,5.9565,5.9565,5.9565,5.9565,5.9565,5.9565,5.9565,5.9565,5.1832,4.2921,3.401,2.5099
1.05,1.098,1.1289,1.1357,1.1394,1.1338,1.1282,1.1214,1.1147,1.1078,1.101,1.1428,1.2189,1.427,1.5196,2.6106,3.7084,4.8058,5.9007,5.9464,5.9464,5.9464,5.9464,5.9464,5.9464,5.9464,5.9464
1.5668,1.5242,1.4968,1.4907,1.4874,1.4924,1.4974,1.5034,1.5094,1.5155,1.5216,1.4844,1.4169,0.9993,3.5127,3.7945,3.5228,3.2506,2.9758,2.701,2.4259,2.1508,1.8756,1.6005,1.3253,1.0502,0.775
1.5879,1.6604,1.7071,1.7174,1.723,1.7146,1.7061,1.6959,1.6856,1.6753,1.6649,1.027,5.9261,5.9261,5.9261,5.9261,5.9261,5.9261,5.9261,5.9261,5.9261,5.9261,5.9261,5.9261,5.9261,5.9261,5.9261
2.436,2.436,2.436,2.436,2.436,2.436,2.436,2.436,2.436,2.436,2.436,2.436,2.436,2.436,0.7681,1.3195,1.8744,2.4291,2.9825,3.5359,4.0892,4.6424,5.1957,5.7489,5.9161,5.9161,5.9161
2.0025,1.9481,1.913,1.9053,1.9011,1.9074,1.9138,1.9215,1.9292,1.9369,1.9447,1.3102,5.8036,5.5674,5.2062,4.8498,4.5025,4.1546,3.8034,3.4521,3.1005,2.7489,2.3972,2.0456,1.6939,1.3422,0.9906
0.9141,0.9559,0.9827,0.9887,0.9919,0.987,0.9821,0.9763,0.9704,0.9644,0.9584,0.9948,1.061,4.3051,4.5822,4.8556,5.1221,5.3889,5.6584,5.896,5.896,5.896,5.896,5.896,5.896,5.896,5.896
2.1709,2.1118,2.0739,2.0655,2.0609,2.0678,2.0747,2.083,2.0913,2.0998,2.1082,2.0568,1.9632,1.7072,1.0804,1.8561,2.6366,3.4169,4.1231,3.7423,3.3612,2.98,2.5988,2.2175,1.8363,1.4551,1.0738
2.4196,2.4196,2.4196,2.4196,2.4196,2.4196,2.4196,2.4196,2.4196,2.0707,1.4571,0.8456,5.8761,5.8761,5.8761,5.8761,5.8761,5.8761,5.8761,5.8761,5.8761,5.8761,5.8761,5.8761,5.8761,5.8761,5.8761
1.426,1.4912,1.5331,1.5423,1.5474,1.5398,1.5321,1.523,1.5138,1.5045,1.4951,1.5519,1.6552,1.9379,0.9975,1.7137,2.4343,3.1547,3.8734,4.5922,5.3107,5.8662,5.8662,5.8662,5.8662,5.8662,5.8662
1.5535,1.5113,1.4841,1.4781,1.4748,1.4798,1.4847,1.4907,1.4966,1.5026,1.5087,1.4719,1.4049,4.3191,4.0389,3.7624,3.4929,3.2231,2.9506,2.6781,2.4053,2.1325,1.8597,1.5869,1.3141,1.0413,0.7685
1.1187,1.1698,1.2027,1.2099,1.2139,1.2079,1.2019,1.1947,1.1875,1.1802,1.1729,1.2175,0.5488,5.2686,5.6077,5.8465,5.8465,5.8465,5.8465,5.8465,5.8465,5.8465,5.8465,5.8465,5.8465,5.8465,5.8465
2.4034,2.4034,2.4034,2.4034,2.4034,2.4034,2.4034,2.4034,2.4034,2.4034,2.4034,2.4034,2.4034,2.4034,0.7856,1.3496,1.9171,2.4844,3.0504,3.6165,4.1824,4.7482,5.3141,5.8367,5.8367,4.7482,3.5042
2.3993,2.3993,2.3993,2.3993,2.3993,2.3993,2.3993,2.3993,2.3993,2.3969,1.6866,0.9788,5.8269,5.8269,5.8269,5.8269,5.8269,5.8269,5.8269,5.3371,4.7935,4.2499,3.7062,3.1625,2.6188,2.0751,1.5314
0.9646,1.0087,1.0371,1.0433,1.0467,1.0416,1.0364,1.0302,1.024,1.0177,1.0114,1.0498,1.1197,0.7229,2.5411,4.3654,5.4053,5.6869,5.8172,5.8172,5.8172,5.8172,5.8172,5.8172,5.8172,5.8172,5.8172
1.7052,1.6588,1.6289,1.6224,1.6188,1.6242,1.6296,1.6362,1.6427,1.6493,1.656,1.6155,1.542,0.661,1.8259,3.1367,3.8339,3.5377,3.2386,2.9395,2.6401,2.3407,2.0413,1.7418,1.4424,1.1429,0.8435
2.3873,2.3873,2.3873,2.3873,2.3873,2.3873,2.3873,2.3873,2.3873,2.2564,1.5877,0.9214,5.7978,5.7978,5.7978,5.7978,5.7978,5.7978,5.7978,5.7978,5.7978,5.7978,5.7978,5.7978,5.7978,5.7978,5.7978
2.3834,2.3834,2.3834,2.3834,2.3834,2.3834,2.3834,2.3834,2.3834,2.3834,2.3834,2.3834,2.3834,2.3834,0.8189,1.4068,1.9984,2.5897,3.1797,3.7698,4.3596,4.9495,5.5393,5.7882,5.7882,5.7882,5.7882
1.7503,1.7026,1.672,1.6653,1.6616,1.6671,1.6727,1.6794,1.6861,1.6929,1.6997,1.6583,0.6798,4.866,4.5503,4.2388,3.9352,3.6312,3.3242,3.0172,2.7099,2.4026,2.0952,1.7879,1.4805,1.1731,0.8658
0.9555,0.9992,1.0273,1.0335,1.0369,1.0318,1.0267,1.0205,1.0144,1.0081,1.0019,1.0399,0.9258,4.5003,4.7899,5.0757,5.3543,5.6332,5.769,5.769,5.769,5.769,5.769,5.769,5.769,5.769,5.769
2.3715,2.3715,2.3715,2.3715,2.3715,2.3715,2.3715,2.3715,2.3715,2.3715,2.3715,2.3715,2.3715,2.265,0.9169,1.5752,2.2376,2.8997,3.5604,4.221,4.4595,3.9537,3.4479,2.9421,2.4363,1.9305,1.4247
2.3676,2.3676,2.3676,2.3676,2.3676,2.3676,2.3676,2.3676,2.3676,2.1235,1.4942,0.8671,5.75,5.75,5.75,5.75,5.75,5.75,5.75,5.75,5.75,5.75,5.75,5.75,5.75,5.75,4.4948
1.1696,1.2231,1.2575,1.2651,1.2692,1.263,1.2567,1.2492,1.2417,1.234,1.2264,1.273,1.3577,1.5895,1.2661,2.1751,3.0897,4.0041,4.9163,5.7405,5.7405,5.7405,5.7405,5.7405,5.7405,5.7405,5.7405
1.5632,1.5207,1.4933,1.4873,1.484,1.489,1.4939,1.4999,1.5059,1.512,1.5181,1.481,1.4136,2.6119,4.064,3.7858,3.5146,3.2431,2.9689,2.6947,2.4203,2.1458,1.8713,1.5968,1.3223,1.0478,0.7732
1.3686,1.4312,1.4715,1.4803,1.4852,1.4779,1.4705,1.4617,1.4529,1.444,1.435,1.1651,5.7216,5.7216,5.7216,5.7216,5.7216,5.7216,5.7216,5.7216,5.7216,5.7216,5.7216,5.7216,5.7216,5.7216,5.7216
2.3521,2.3521,2.3521,2.3521,2.3521,2.3521,2.3521,2.3521,2.3521,2.3521,2.3521,2.3521,2.3521,2.3521,0.7756,1.3324,1.8926,2.4527,3.0115,3.5703,4.129,4.6876,5.2463,5.7122,5.7122,5.7122,5.7122
2.32,2.2569,2.2164,2.2074,2.2025,2.2099,2.2173,2.2262,2.235,2.244,1.9998,1.1605,5.7029,5.7029,5.7029,5.6188,5.2164,4.8134,4.4064,3.9995,3.5921,3.1848,2.7773,2.3699,1.9625,1.5551,1.1476
0.934,0.9767,1.0042,1.0102,1.0135,1.0085,1.0035,0.9975,0.9915,0.9854,0.9793,1.0165,1.0842,2.4414,4.682,4.9614,5.2336,5.5063,5.6935,5.6935,5.6935,5.6935,5.6935,5.6935,5.6935,5.6935,5.6935
1.9669,1.9134,1.879,1.8714,1.8673,1.8735,1.8798,1.8873,1.8948,1.9025,1.9101,1.8635,1.7787,1.5468,1.2834,2.2047,3.1318,4.0586,3.7357,3.3907,3.0454,2.7,2.3546,2.0092,1.6638,1.3184,0.9729
2.3368,2.3368,2.3368,2.3368,2.3368,2.3368,2.3368,2.3368,2.3368,2.1412,1.5067,0.8744,5.675,5.675,5.675,5.675,5.675,5.675,5.675,5.675,5.675,5.675,5.675,5.675,5.675,5.675,5.675
1.7463,1.8262,1.8775,1.8888,1.895,1.8857,1.8763,1.8651,1.8539,1.8425,1.831,1.9006,2.0271,2.333,0.9215,1.5831,2.2489,2.9144,3.5783,4.2423,4.9061,5.5699,5.6657,5.6657,5.6657,5.6657,5.6657
1.626,1.5818,1.5534,1.5471,1.5437,1.5488,1.554,1.5602,1.5664,1.5728,1.5791,1.5406,0.9144,4.5206,4.2274,3.938,3.6559,3.3735,3.0883,2.8031,2.5176,2.2321,1.9465,1.661,1.3754,1.0899,0.8043
1.0512,1.0993,1.1302,1.137,1.1407,1.1351,1.1295,1.1227,1.116,1.1091,1.1022,1.1441,0.5246,4.9511,5.2697,5.5841,5.6474,5.6474,5.6474,5.6474,5.6474,5.6474,5.6474,5.6474,5.6474,5.6474,5.6474
2.3216,2.3216,2.3216,2.3216,2.3216,2.3216,2.3216,2.3216,2.3216,2.3216,2.3216,2.3216,2.3216,2.3216,0.8327,1.4305,2.032,2.6333,3.2332,3.8332,4.433,5.0328,5.4389,4.641,3.8432,3.0453,2.2474
2.3179,2.3179,2.3179,2.3179,2.3179,2.3179,2.3179,2.3179,2.3179,2.2874,1.6095,0.934,5.6291,5.6291,5.6291,5.6291,5.6291,5.6291,5.6291,5.6291,5.6291,5.6291,4.9738,4.2441,3.5145,2.7848,2.0552
1.0361,1.0834,1.1139,1.1206,1.1243,1.1187,1.1132,1.1065,1.0999,1.0931,1.0863,1.1276,1.2026,0.6612,1.8344,3.1514,4.4766,5.62,5.62,5.62,5.62,5.62,5.62,5.62,5.62,5.62,5.62
1.6504,1.6055,1.5766,1.5702,1.5668,1.572,1.5773,1.5836,1.5899,1.5963,1.6027,1.5636,1.4925,0.7521,2.644,3.9969,3.7106,3.424,3.1345,2.845,2.5553,2.2655,1.9757,1.6858,1.396,1.1062,0.8164
1.8623,1.9474,2.0022,2.0142,2.0208,2.0109,2.0009,1.9889,1.977,1.9648,1.7297,1.0038,5.6019,5.6019,5.6019,5.6019,5.6019,5.6019,5.6019,5.6019,5.6019,5.6019,5.6019,5.6019,5.6019,5.6019,5.6019
2.303,2.303,2.303,2.303,2.303,2.303,2.303,2.303,2.303,2.303,2.303,2.303,2.303,2.303,0.8031,1.3797,1.9598,2.5398,3.1184,3.6971,4.2756,4.8541,5.4325,5.5929,5.5929,5.5929,5.5929
1.9365,1.8838,1.8499,1.8425,1.8384,1.8445,1.8507,1.8581,1.8655,1.8731,1.8806,1.5035,5.584,5.3838,5.0345,4.6899,4.354,4.0176,3.678,3.3383,2.9983,2.6583,2.3182,1.9781,1.6381,1.298,0.9579
0.9489,0.9923,1.0202,1.0264,1.0297,1.0247,1.0196,1.0135,1.0074,1.0012,0.995,1.0328,1.1015,4.4692,4.7569,5.0407,5.3173,5.575,5.575,5.575,5.575,5.575,5.575,5.575,5.575,5.575,5.575
2.2919,2.2919,2.2919,2.2919,2.2919,2.2919,2.2919,2.2919,2.2919,2.2919,2.2919,2.2919,2.2142,1.9254,1.0321,1.7731,2.5187,3.2641,4.0077,4.2207,3.7909,3.361,2.931,2.501,2.0711,1.6411,1.2111
2.2883,2.2883,2.2883,2.2883,2.2883,2.2883,2.2883,2.2883,2.2883,2.1346,1.502,0.8717,5.5572,5.5572,5.5572,5.5572,5.5572,5.5572,5.5572,5.5572,5.5572,5.5572,5.5572,5.5572,5.5572,5.5572,5.5572
1.3427,1.4041,1.4436,1.4522,1.457,1.4498,1.4427,1.434,1.4254,1.4166,1.4078,1.4613,1.5586,1.8247,1.1092,1.9054,2.7067,3.5077,4.3068,5.106,5.5484,5.5484,5.5484,5.5484,5.5484,5.5484,5.5484
1.5902,1.5469,1.5191,1.513,1.5096,1.5147,1.5197,1.5258,1.5319,1.5381,1.5443,1.5066,1.4381,4.421,4.1342,3.8512,3.5753,3.2991,3.0202,2.7413,2.4621,2.1829,1.9036,1.6244,1.3451,1.0659,0.7866
1.2289,1.285,1.3212,1.3291,1.3335,1.3269,1.3203,1.3124,1.3045,1.2965,1.2885,1.3374,5.5307,5.5307,5.5307,5.5307,5.5307,5.5307,5.5307,5.5307,5.5307,5.5307,5.5307,5.5307,5.5307,5.5307,5.5307
2.2738,2.2738,2.2738,2.2738,2.2738,2.2738,2.2738,2.2738,2.2738,2.2738,2.2738,2.2738,2.2738,2.2738,0.7984,1.3716,1.9483,2.5249,3.1001,3.6754,4.2505,4.8256,5.4007,5.522,5.522,5.522,5.522
2.2702,2.2702,2.2702,2.2702,2.2702,2.2702,2.2702,2.2702,2.2702,2.2702,1.8334,1.0639,5.5132,5.5132,5.5132,5.5132,5.5132,5.5132,5.3209,4.8295,4.3376,3.8457,3.3537,2.8618,2.3698,1.8778,1.3858
0.9731,1.0176,1.0462,1.0525,1.0559,1.0508,1.0456,1.0393,1.033,1.0267,1.0203,1.0591,1.1296,1.0131,3.5613,5.1691,5.4528,5.5045,5.5045,5.5045,5.5045,5.5045,5.5045,5.5045,5.5045,5.5045,5.5045
1.8362,1.7862,1.7541,1.747,1.7432,1.749,1.7548,1.7618,1.7689,1.776,1.7832,1.7396,1.6605,0.6466,1.6042,2.7559,3.9148,3.8094,3.4874,3.1653,2.8429,2.5205,2.1981,1.8756,1.5532,1.2307,0.9083
2.2594,2.2594,2.2594,2.2594,2.2594,2.2594,2.2594,2.2594,2.2594,2.2586,1.5893,0.9223,5.4872,5.4872,5.4872,5.4872,5.4872,5.4872,5.4872,5.4872,5.4872,5.4872,5.4872,5.4872,5.4872,5.4872,5.4872
2.2559,2.2559,2.2559,2.2559,2.2559,2.2559,2.2559,2.2559,2.2559,2.2559,2.2559,2.2559,2.2559,2.2559,0.8743,1.5019,2.1335,2.7649,3.3948,4.0247,4.6545,5.2842,5.4785,5.4785,5.4785,5.4785,5.4785
1.7375,1.6902,1.6598,1.6531,1.6495,1.655,1.6605,1.6672,1.6738,1.6806,1.6874,1.6462,0.6435,4.8305,4.5172,4.2079,3.9066,3.6047,3.3,2.9952,2.6902,2.3851,2.08,1.7748,1.4697,1.1646,0.8595
1.0121,1.0583,1.0881,1.0946,1.0982,1.0928,1.0874,1.0809,1.0744,1.0678,1.0611,1.1015,0.7309,4.7665,5.0733,5.376,5.4613,5.4613,5.4613,5.4613,5.4613,5.4613,5.4613,5.4613,5.4613,5.4613,5.4613
2.2453,2.2453,2.2453,2.2453,2.2453,2.2453,2.2453,2.2453,2.2453,2.2453,2.2453,2.2453,2.2453,2.2453,0.902,1.5496,2.2013,2.8527,3.5026,4.1525,4.8023,4.7045,4.1027,3.5008,2.899,2.2971,1.6953
2.2418,2.2418,2.2418,2.2418,2.2418,2.2418,2.2418,2.2418,2.2418,2.2323,1.5708,0.9115,5.4443,5.4443,5.4443,5.4443,5.4443,5.4443,5.4443,5.4443,5.4443,5.4443,5.4443,5.4443,5.3918,4.2724,3.153
1.1392,1.1912,1.2247,1.2321,1.2361,1.2301,1.224,1.2166,1.2093,1.2019,1.1944,1.2398,1.3223,0.6395,1.4698,2.5249,3.5867,4.6481,5.4358,5.4358,5.4358,5.4358,5.4358,5.4358,5.4358,5.4358,5.4358
1.6314,1.587,1.5585,1.5522,1.5488,1.554,1.5592,1.5654,1.5716,1.578,1.5843,1.5457,1.4753,1.3677,4.2414,3.951,3.6681,3.3847,3.0985,2.8124,2.5259,2.2395,1.953,1.6665,1.38,1.0935,0.807
1.5586,1.6299,1.6757,1.6858,1.6913,1.683,1.6746,1.6646,1.6546,1.6444,1.6342,1.1219,5.4188,5.4188,5.4188,5.4188,5.4188,5.4188,5.4188,5.4188,5.4188,5.4188,5.4188,5.4188,5.4188,5.4188,5.4188
2.2278,2.2278,2.2278,2.2278,2.2278,2.2278,2.2278,2.2278,2.2278,2.2278,2.2278,2.2278,2.2278,2.2278,0.8037,1.3807,1.9613,2.5418,3.1208,3.6999,4.2789,4.8578,5.4104,5.4104,5.4104,5.4104,5.4104
2.2045,2.1446,2.106,2.0975,2.0929,2.0999,2.1069,2.1153,2.1238,2.1323,2.1409,1.3012,5.402,5.402,5.402,5.339,4.9566,4.5737,4.187,3.8003,3.4133,3.0262,2.6391,2.2519,1.8648,1.4776,1.0905
0.9611,1.0051,1.0333,1.0396,1.043,1.0378,1.0327,1.0265,1.0203,1.014,1.0078,1.046,1.1157,4.5267,4.818,5.1055,5.3857,5.3936,5.3936,5.3936,5.3936,5.3936,5.3936,5.3936,5.3936,5.3936,5.3936
2.1769,2.1177,2.0796,2.0712,2.0666,2.0735,2.0805,2.0888,2.0971,2.1056,2.1141,2.0625,1.9687,1.7119,1.2002,2.0619,2.9289,3.7957,4.1346,3.7527,3.3705,2.9883,2.606,2.2237,1.8414,1.4591,1.0768
2.2141,2.2141,2.2141,2.2141,2.2141,2.2141,2.2141,2.2141,2.2141,2.1879,1.5395,0.8934,5.377,5.377,5.377,5.377,5.377,5.377,5.377,5.377,5.377,5.377,5.377,5.377,5.377,5.377,5.377
1.6012,1.6745,1.7215,1.7319,1.7376,1.729,1.7205,1.7102,1.6999,1.6894,1.6789,1.7427,1.8587,2.1761,1.0086,1.7327,2.4613,3.1896,3.9163,4.643,5.3687,5.3687,5.3687,5.3687,5.3687,5.3687,5.3687
1.6495,1.6046,1.5757,1.5694,1.5659,1.5711,1.5764,1.5827,1.589,1.5954,1.6019,1.5628,1.3635,4.5858,4.2883,3.9948,3.7086,3.4221,3.1328,2.8435,2.5539,2.2642,1.9746,1.6849,1.3953,1.1056,0.8159
1.1392,1.1913,1.2248,1.2322,1.2362,1.2301,1.224,1.2167,1.2094,1.2019,1.1945,1.2398,0.5589,5.3522,5.3522,5.3522,5.3522,5.3522,5.3522,5.3522,5.3522,5.3522,5.3522,5.3522,5.3522,5.3522,5.3522
2.2005,2.2005,2.2005,2.2005,2.2005,2.2005,2.2005,2.2005,2.2005,2.2005,2.2005,2.2005,2.2005,2.2005,0.8383,1.4401,2.0457,2.6511,3.2551,3.8591,4.463,5.0669,5.344,5.344,5.1429,4.0752,3.0075
2.1971,2.1971,2.1971,2.1971,2.1971,2.1971,2.1971,2.1971,2.1971,2.1971,1.7287,1.0032,5.3358,5.3358,5.3358,5.3358,5.3358,5.3358,5.3358,5.3358,5.3358,4.9215,4.292,3.6623,3.0327,2.4031,1.7735
1.0348,1.0821,1.1125,1.1192,1.1228,1.1173,1.1118,1.1051,1.0985,1.0917,1.085,1.1262,1.2011,0.6569,2.3093,3.9672,5.3276,5.3276,5.3276,5.3276,5.3276,5.3276,5.3276,5.3276,5.3276,5.3276,5.3276
1.7581,1.7103,1.6795,1.6727,1.669,1.6746,1.6802,1.687,1.6937,1.7005,1.7074,1.6657,1.5899,0.6258,2.1658,3.7207,3.9529,3.6475,3.3391,3.0307,2.7221,2.4134,2.1046,1.7959,1.4871,1.1784,0.8697
2.187,2.187,2.187,2.187,2.187,2.187,2.187,2.187,2.187,2.187,1.7127,0.9939,5.3114,5.3114,5.3114,5.3114,5.3114,5.3114,5.3114,5.3114,5.3114,5.3114,5.3114,5.3114,5.3114,5.3114,5.3114
2.1837,2.1837,2.1837,2.1837,2.1837,2.1837,2.1837,2.1837,2.1837,2.1837,2.1837,2.1837,2.1837,2.1837,0.849,1.4585,2.0718,2.6849,3.2966,3.9082,4.5198,5.1313,5.3033,5.3033,5.3033,5.3033,5.3033
1.8993,1.8476,1.8144,1.8071,1.8031,1.8091,1.8151,1.8224,1.8297,1.8371,1.8445,1.768,0.623,5.2803,4.9377,4.5997,4.2703,3.9404,3.6072,3.2741,2.9406,2.6072,2.2736,1.9401,1.6066,1.273,0.9395
0.9958,1.0413,1.0706,1.0771,1.0806,1.0753,1.0699,1.0635,1.0571,1.0506,1.0441,1.0838,1.1559,4.69,4.9919,5.2872,5.2872,5.2872,5.2872,5.2872,5.2872,5.2872,5.2872,5.2872,5.2872,5.2872,5.2872
2.1738,2.1738,2.1738,2.1738,2.1738,2.1738,2.1738,2.1738,2.1738,2.1738,2.1738,2.1738,2.1738,2.1738,1.0015,1.7205,2.444,3.1673,3.8889,4.6105,4.3631,3.8683,3.3735,2.8786,2.3837,1.8888,1.3939
2.1705,2.1705,2.1705,2.1705,2.1705,2.1705,2.1705,2.1705,2.1705,2.1705,1.5651,0.9082,5.2712,5.2712,5.2712,5.2712,5.2712,5.2712,5.2712,5.2712,5.2712,5.2712,5.2712,5.2712,5.2712,5.2712,5.2712
1.287,1.3458,1.3836,1.392,1.3965,1.3897,1.3828,1.3745,1.3662,1.3578,1.3494,1.4007,1.4939,1.749,1.255,2.156,3.0626,3.9689,4.8732,5.2632,5.2632,5.2632,5.2632,5.2632,5.2632,5.2632,5.2632
1.6453,1.6006,1.5718,1.5655,1.562,1.5672,1.5725,1.5788,1.5851,1.5914,1.5979,1.5589,1.4879,4.5743,4.2776,3.9848,3.6994,3.4136,3.125,2.8364,2.5475,2.2586,1.9697,1.6807,1.3918,1.1028,0.8139
1.371,1.4337,1.474,1.4829,1.4878,1.4805,1.4731,1.4643,1.4555,1.4465,1.4375,1.2928,5.2473,5.2473,5.2473,5.2473,5.2473,5.2473,5.2473,5.2473,5.2473,5.2473,5.2473,5.2473,5.2473,5.2473,5.2473
2.1574,2.1574,2.1574,2.1574,2.1574,2.1574,2.1574,2.1574,2.1574,2.1574,2.1574,2.1574,2.1574,2.1574,0.8203,1.4092,2.0018,2.5942,3.1853,3.7763,4.3672,4.9581,5.2394,5.2394,5.2394,5.2394,5.2394
2.1542,2.1542,2.1542,2.1542,2.1542,2.1542,2.1542,2.1542,2.1542,2.1542,2.0212,1.1729,5.2316,5.2316,5.2316,5.2316,5.2316,5.2316,4.9381,4.4821,4.0256,3.5691,3.1125,2.6559,2.1993,1.7427,1.2861
0.9927,1.0381,1.0673,1.0737,1.0772,1.0719,1.0666,1.0602,1.0539,1.0474,1.0409,1.0804,1.1523,1.6531,4.9764,5.2237,5.2237,5.2237,5.2237,5.2237,5.2237,5.2237,5.2237,5.2237,5.2237,5.2237,5.2237
2.0032,1.9488,1.9137,1.906,1.9018,1.9081,1.9145,1.9222,1.9298,1.9376,1.9454,1.8979,1.8116,0.6136,1.4557,2.5008,3.5524,4.1561,3.8047,3.4533,3.1016,2.7499,2.3981,2.0463,1.6945,1.3427,0.9909
2.1445,2.1445,2.1445,2.1445,2.1445,2.1445,2.1445,2.1445,2.1445,2.1445,1.6094,0.934,5.2081,5.2081,5.2081,5.2081,5.2081,5.2081,5.2081,5.2081,5.2081,5.2081,5.2081,5.2081,5.2081,5.2081,5.2081
2.0114,2.1034,2.1413,2.1413,2.1413,2.1413,2.1413,2.1413,2.1353,2.1221,2.109,2.1413,2.1413,2.1413,0.945,1.6234,2.3061,2.9885,3.6694,4.3502,5.0309,5.2003,5.2003,5.2003,5.2003,5.2003,5.2003
1.7459,1.6984,1.6679,1.6611,1.6575,1.663,1.6686,1.6752,1.6819,1.6887,1.6955,1.6541,0.815,4.8539,4.539,4.2283,3.9254,3.6222,3.3159,3.0097,2.7032,2.3966,2.09,1.7834,1.4768,1.1702,0.8636
1.0847,1.1342,1.1661,1.1732,1.177,1.1712,1.1654,1.1584,1.1515,1.1444,1.1373,1.1805,0.6167,5.1085,5.1848,5.1848,5.1848,5.1848,5.1848,5.1848,5.1848,5.1848,5.1848,5.1848,5.1848,5.1848,5.1848
2.1317,2.1317,2.1317,2.1317,2.1317,2.1317,2.1317,2.1317,2.1317,2.1317,2.1317,2.1317,2.1317,2.1317,0.8989,1.5443,2.1936,2.8428,3.4905,4.1381,4.7856,5.1771,5.0593,4.3171,3.575,2.8328,2.0906
2.1286,2.1286,2.1286,2.1286,2.1286,2.1286,2.1286,2.1286,2.1286,2.1286,1.6702,0.9693,5.1694,5.1694,5.1694,5.1694,5.1694,5.1694,5.1694,5.1694,5.1694,5.1694,5.1694,5.1384,4.2551,3.3717,2.4883
1.125,1.1764,1.2095,1.2168,1.2208,1.2148,1.2087,1.2015,1.1943,1.1869,1.1795,1.2244,1.3059,0.6073,1.7538,3.0128,4.2797,5.1617,5.1617,5.1617,5.1617,5.1617,5.1617,5.1617,5.1617,5.1617,5.1617
1.7218,1.675,1.6449,1.6382,1.6346,1.6401,1.6455,1.6521,1.6587,1.6654,1.6721,1.6313,1.5571,0.9545,3.3552,4.17,3.8713,3.5722,3.2702,2.9682,2.6659,2.3636,2.0612,1.7588,1.4565,1.1541,0.8517
1.8151,1.8981,1.9515,1.9632,1.9697,1.96,1.9503,1.9386,1.9269,1.9151,1.89,1.0968,5.1465,5.1465,5.1465,5.1465,5.1465,5.1465,5.1465,5.1465,5.1465,5.1465,5.1465,5.1465,5.1465,5.1465,5.1465
2.116,2.116,2.116,2.116,2.116,2.116,2.116,2.116,2.116,2.116,2.116,2.116,2.116,2.116,0.8422,1.4468,2.0552,2.6634,3.2702,3.877,4.4837,5.0903,5.1389,5.1389,5.1389,5.1389,5.1389
2.1129,2.0728,2.0355,2.0273,2.0229,2.0296,2.0364,2.0445,2.0527,2.061,2.0693,1.487,0.6037,5.1313,5.1313,5.1313,4.7908,4.4207,4.0469,3.6732,3.2991,2.9249,2.5508,2.1766,1.8024,1.4282,1.054
1.0001,1.0458,1.0752,1.0817,1.0852,1.0799,1.0745,1.0681,1.0617,1.0552,1.0486,1.0884,1.1609,4.7102,5.0134,5.1238,5.1238,5.1238,5.1238,5.1238,5.1238,5.1238,5.1238,5.1238,5.1238,5.1238,5.1238
2.1067,2.1067,2.1067,2.1067,2.1067,2.1067,2.1067,2.1067,2.1067,2.1067,2.1067,2.1067,2.1067,1.9266,1.1447,1.9665,2.7934,3.62,4.4448,4.2234,3.7933,3.3631,2.9328,2.5026,2.0724,1.6421,1.2119
2.1036,2.1036,2.1036,2.1036,2.1036,2.1036,2.1036,2.1036,2.1036,2.1036,1.5908,0.9232,5.1087,5.1087,5.1087,5.1087,5.1087,5.1087,5.1087,5.1087,5.1087,5.1087,5.1087,5.1087,5.1087,5.1087,5.1087
1.5028,1.5715,1.6157,1.6255,1.6308,1.6228,1.6147,1.6051,1.5954,1.5856,1.5757,1.6356,1.7445,2.0423,1.1206,1.9251,2.7346,3.5439,4.3513,5.1012,5.1012,5.1012,5.1012,5.1012,5.1012,5.1012,5.1012
1.6925,1.6464,1.6168,1.6103,1.6067,1.6121,1.6175,1.624,1.6304,1.637,1.6436,1.6035,1.5305,4.7053,4.4001,4.0989,3.8053,3.5113,3.2144,2.9176,2.6204,2.3233,2.026,1.7288,1.4316,1.1344,0.8372
1.2518,1.309,1.3458,1.3539,1.3584,1.3517,1.345,1.3369,1.3289,1.3207,1.3125,1.3624,0.5984,5.0863,5.0863,5.0863,5.0863,5.0863,5.0863,5.0863,5.0863,5.0863,5.0863,5.0863,5.0863,5.0863,5.0863
2.0913,2.0913,2.0913,2.0913,2.0913,2.0913,2.0913,2.0913,2.0913,2.0913,2.0913,2.0913,2.0913,2.0913,0.854,1.4671,2.084,2.7007,3.316,3.9312,4.5464,5.0789,5.0789,5.0789,5.0789,5.0789,4.4686
2.0883,2.0883,2.0883,2.0883,2.0883,2.0883,2.0883,2.0883,2.0883,2.0883,1.8811,1.0916,5.0715,5.0715,5.0715,5.0715,5.0715,5.0715,5.0715,5.0715,4.976,4.4117,3.8473,3.2829,2.7185,2.1541,1.5897
1.0462,1.094,1.1248,1.1315,1.1352,1.1297,1.1241,1.1173,1.1106,1.1038,1.0969,1.1386,1.2144,0.8794,3.0915,5.0641,5.0641,5.0641,5.0641,5.0641,5.0641,5.0641,5.0641,5.0641,5.0641,5.0641,5.0641
1.8963,1.8447,1.8115,1.8042,1.8002,1.8062,1.8123,1.8195,1.8268,1.8342,1.8415,1.7966,1.7149,0.5949,1.8733,3.2182,4.2635,3.9342,3.6015,3.2689,2.936,2.603,2.27,1.937,1.604,1.271,0.938
2.0792,2.0792,2.0792,2.0792,2.0792,2.0792,2.0792,2.0792,2.0792,2.0792,1.7178,0.9969,5.0495,5.0495,5.0495,5.0495,5.0495,5.0495,5.0495,5.0495,5.0495,5.0495,5.0495,5.0495,5.0495,5.0495,5.0495
2.0762,2.0762,2.0762,2.0762,2.0762,2.0762,2.0762,2.0762,2.0762,2.0762,2.0762,2.0762,2.0762,2.0762,0.9083,1.5604,2.2165,2.8724,3.5269,4.1813,4.8356,5.0421,5.0421,5.0421,5.0421,5.0421,5.0421
1.8886,1.8372,1.8042,1.7969,1.7929,1.7989,1.8049,1.8121,1.8194,1.8267,1.8341,1.7893,0.5975,5.0349,4.9099,4.5738,4.2462,3.9182,3.5869,3.2557,2.9241,2.5925,2.2608,1.9292,1.5975,1.2658,0.9342
1.0573,1.1056,1.1367,1.1436,1.1473,1.1417,1.136,1.1292,1.1224,1.1155,1.1086,1.1507,0.9078,4.9796,5.0276,5.0276,5.0276,5.0276,5.0276,5.0276,5.0276,5.0276,5.0276,5.0276,5.0276,5.0276,5.0276
2.0672,2.0672,2.0672,2.0672,2.0672,2.0672,2.0672,2.0672,2.0672,2.0672,2.0672,2.0672,2.0672,2.0672,0.9864,1.6946,2.4072,3.1196,3.8304,4.5411,5.0203,4.5647,3.9807,3.3968,2.8128,2.2288,1.6449
2.0642,2.0642,2.0642,2.0642,2.0642,2.0642,2.0642,2.0642,2.0642,2.0642,1.6497,0.9573,5.0131,5.0131,5.0131,5.0131,5.0131,5.0131,5.0131,5.0131,5.0131,5.0131,5.0131,5.0131,5.0131,5.0131,4.1758
1.2541,1.3114,1.3483,1.3564,1.3608,1.3542,1.3474,1.3394,1.3313,1.3231,1.3149,1.3649,1.4557,0.5889,1.45,2.4909,3.5384,4.5855,5.0059,5.0059,5.0059,5.0059,5.0059,5.0059,5.0059,5.0059,5.0059
1.7221,1.6753,1.6451,1.6385,1.6349,1.6403,1.6458,1.6524,1.659,1.6657,1.6724,1.6316,1.5574,2.0898,4.4771,4.1707,3.8719,3.5728,3.2707,2.9687,2.6663,2.3639,2.0615,1.7591,1.4567,1.1543,0.8518
1.5576,1.6288,1.6746,1.6847,1.6902,1.6819,1.6736,1.6636,1.6536,1.6434,1.6332,1.2443,4.9915,4.9915,4.9915,4.9915,4.9915,4.9915,4.9915,4.9915,4.9915,4.9915,4.9915,4.9915,4.9915,4.9915,4.9915
2.0524,2.0524,2.0524,2.0524,2.0524,2.0524,2.0524,2.0524,2.0524,2.0524,2.0524,2.0524,2.0524,2.0524,0.8526,1.4648,2.0807,2.6964,3.3108,3.9251,4.5393,4.9844,4.9844,4.9844,4.9844,4.9844,4.9844
2.0495,2.0495,2.0495,2.0495,2.0495,2.0495,2.0495,2.0495,2.0495,2.0495,2.0495,1.3142,4.9773,4.9773,4.9773,4.9773,4.9773,4.9773,4.6839,4.2513,3.8183,3.3853,2.9522,2.5192,2.0861,1.653,1.2199
1.0247,1.0715,1.1016,1.1083,1.1119,1.1064,1.101,1.0944,1.0878,1.0811,1.0744,1.1152,1.1894,4.1162,4.9702,4.9702,4.9702,4.9702,4.9702,4.9702,4.9702,4.9702,4.9702,4.9702,4.9702,4.9702,4.9702
2.0436,2.0436,2.0436,2.0436,2.0436,2.0436,2.0436,2.0436,2.0436,2.0436,2.0436,2.0436,2.006,0.5839,1.3563,2.33,3.3097,4.2892,4.2129,3.8239,3.4344,3.0449,2.6554,2.2659,1.8763,1.4868,1.0972
2.0407,2.0407,2.0407,2.0407,2.0407,2.0407,2.0407,2.0407,2.0407,2.0407,1.6495,0.9572,4.956,4.956,4.956,4.956,4.956,4.956,4.956,4.956,4.956,4.956,4.956,4.956,4.956,4.956,4.956
1.8318,1.9156,1.9694,1.9813,1.9878,1.978,1.9682,1.9564,1.9446,1.9327,1.9207,1.9937,2.0378,2.0378,1.0356,1.7792,2.5273,3.2752,4.0214,4.7676,4.949,4.949,4.949,4.949,4.949,4.949,4.949
1.7763,1.728,1.6969,1.69,1.6863,1.6919,1.6976,1.7044,1.7112,1.7181,1.725,1.6829,1.1397,4.9383,4.618,4.3019,3.9937,3.6852,3.3736,3.0621,2.7502,2.4383,2.1264,1.8145,1.5025,1.1906,0.8786
1.1778,1.2317,1.2663,1.2739,1.2781,1.2718,1.2655,1.2579,1.2504,1.2427,1.235,1.2819,0.5779,4.9349,4.9349,4.9349,4.9349,4.9349,4.9349,4.9349,4.9349,4.9349,4.9349,4.9349,4.9349,4.9349,4.9349
2.0292,2.0292,2.0292,2.0292,2.0292,2.0292,2.0292,2.0292,2.0292,2.0292,2.0292,2.0292,2.0292,2.0292,0.9075,1.559,2.2146,2.87,3.5239,4.1777,4.8314,4.928,4.928,4.928,4.6343,3.6722,2.7101
2.0263,2.0263,2.0263,2.0263,2.0263,2.0263,2.0263,2.0263,2.0263,2.0263,1.7985,1.0437,4.921,4.921,4.921,4.921,4.921,4.921,4.921,4.921,4.921,4.921,4.921,4.3457,3.5986,2.8515,2.1044
1.1264,1.1779,1.211,1.2183,1.2223,1.2163,1.2102,1.203,1.1958,1.1884,1.181,1.2259,1.3075,0.6171,2.1693,3.7267,4.914,4.914,4.914,4.914,4.914,4.914,4.914,4.914,4.914,4.914,4.914
1.8397,1.7896,1.7574,1.7503,1.7465,1.7523,1.7582,1.7652,1.7723,1.7794,1.7866,1.743,1.6637,0.7535,2.6487,4.4554,4.1363,3.8167,3.494,3.1713,2.8484,2.5253,2.2023,1.8792,1.5561,1.2331,0.91
2.0177,2.0177,2.0177,2.0177,2.0177,2.0177,2.0177,2.0177,2.0177,2.0177,1.8754,1.0883,4.9002,4.9002,4.9002,4.9002,4.9002,4.9002,4.9002,4.9002,4.9002,4.9002,4.9002,4.9002,4.9002,4.9002,4.9002
2.0149,2.0149,2.0149,2.0149,2.0149,2.0149,2.0149,2.0149,2.0149,2.0149,2.0149,2.0149,2.0149,2.0149,0.8932,1.5345,2.1797,2.8248,3.4683,4.1119,4.7553,4.8933,4.8933,4.8933,4.8933,4.8933,4.8933
2.0121,2.0121,1.9995,1.9914,1.987,1.9937,2.0003,2.0084,2.0121,2.0121,2.0121,1.739,0.5749,4.8865,4.8865,4.8865,4.706,4.3424,3.9753,3.6082,3.2407,2.8732,2.5056,2.1381,1.7705,1.4029,1.0353
1.0532,1.1013,1.1323,1.1391,1.1428,1.1372,1.1316,1.1248,1.118,1.1112,1.1043,1.1462,1.2225,4.8796,4.8796,4.8796,4.8796,4.8796,4.8796,4.8796,4.8796,4.8796,4.8796,4.8796,4.8796,4.8796,4.8796
2.0064,2.0064,2.0064,2.0064,2.0064,2.0064,2.0064,2.0064,2.0064,2.0064,2.0064,2.0064,2.0064,2.0064,1.1116,1.9096,2.7126,3.5154,4.3163,4.848,4.3542,3.8604,3.3666,2.8727,2.3788,1.885,1.3911
2.0036,2.0036,2.0036,2.0036,2.0036,2.0036,2.0036,2.0036,2.0036,2.0036,1.6636,0.9654,4.866,4.866,4.866,4.866,4.866,4.866,4.866,4.866,4.866,4.866,4.866,4.866,4.866,4.866,4.866
1.4399,1.5058,1.5481,1.5574,1.5625,1.5548,1.5471,1.5379,1.5286,1.5192,1.5098,1.5671,1.6714,1.9569,1.267,2.1767,3.092,4.007,4.8592,4.8592,4.8592,4.8592,4.8592,4.8592,4.8592,4.8592,4.8592
1.7577,1.7099,1.6792,1.6724,1.6687,1.6743,1.6799,1.6866,1.6933,1.7002,1.707,1.6653,1.5896,4.8524,4.5698,4.257,3.9521,3.6468,3.3384,3.0301,2.7215,2.4129,2.1042,1.7955,1.4868,1.1782,0.8695
1.3976,1.4615,1.5026,1.5116,1.5166,1.5091,1.5016,1.4926,1.4837,1.4745,1.4654,1.46,0.5701,4.8457,4.8457,4.8457,4.8457,4.8457,4.8457,4.8457,4.8457,4.8457,4.8457,4.8457,4.8457,4.8457,4.8457
1.9925,1.9925,1.9925,1.9925,1.9925,1.9925,1.9925,1.9925,1.9925,1.9925,1.9925,1.9925,1.9925,1.9925,0.8807,1.513,2.1493,2.7853,3.4199,4.0545,4.6889,4.8389,4.8389,4.8389,4.8389,4.8389,4.8389
1.9897,1.9897,1.9897,1.9897,1.9897,1.9897,1.9897,1.9897,1.9897,1.9897,1.9897,1.2055,4.8322,4.8322,4.8322,4.8322,4.8322,4.8322,4.8322,4.8322,4.5976,4.0762,3.5547,3.0333,2.5118,1.9903,1.4688
1.0713,1.1202,1.1517,1.1587,1.1625,1.1568,1.151,1.1441,1.1372,1.1302,1.1232,1.1659,1.2435,1.3037,4.5829,4.8255,4.8255,4.8255,4.8255,4.8255,4.8255,4.8255,4.8255,4.8255,4.8255,4.8255,4.8255
1.9842,1.9842,1.9813,1.9733,1.969,1.9755,1.9821,1.9842,1.9842,1.9842,1.9842,1.965,1.8756,0.5669,1.6859,2.8962,4.114,4.3029,3.9391,3.5753,3.2112,2.847,2.4828,2.1186,1.7544,1.3901,1.0259
1.9815,1.9815,1.9815,1.9815,1.9815,1.9815,1.9815,1.9815,1.9815,1.9815,1.7459,1.0131,4.8122,4.8122,4.8122,4.8122,4.8122,4.8122,4.8122,4.8122,4.8122,4.8122,4.8122,4.8122,4.8122,4.8122,4.8122
1.9787,1.9787,1.9787,1.9787,1.9787,1.9787,1.9787,1.9787,1.9787,1.9787,1.9787,1.9787,1.9787,1.9787,0.9848,1.6918,2.4032,3.1144,3.824,4.5335,4.8055,4.8055,4.8055,4.8055,4.8055,4.8055,4.8055
1.9042,1.8524,1.8191,1.8118,1.8078,1.8138,1.8199,1.8271,1.8344,1.8418,1.8492,1.8041,0.7561,4.7989,4.7989,4.6117,4.2814,3.9506,3.6166,3.2826,2.9483,2.6139,2.2795,1.9451,1.6107,1.2763,0.9419
1.1372,1.1892,1.2226,1.23,1.234,1.2279,1.2219,1.2145,1.2072,1.1998,1.1924,1.2377,0.7459,4.7923,4.7923,4.7923,4.7923,4.7923,4.7923,4.7923,4.7923,4.7923,4.7923,4.7923,4.7923,4.7923,4.7923
1.9706,1.9706,1.9706,1.9706,1.9706,1.9706,1.9706,1.9706,1.9706,1.9706,1.9706,1.9706,1.9706,1.9706,0.9861,1.694,2.4064,3.1185,3.8289,4.5394,4.7857,4.7857,4.7857,4.1378,3.4264,2.7151,2.0037
1.9679,1.9679,1.9679,1.9679,1.9679,1.9679,1.9679,1.9679,1.9679,1.9679,1.761,1.022,4.7791,4.7791,4.7791,4.7791,4.7791,4.7791,4.7791,4.7791,4.7791,4.7791,4.7791,4.7791,4.7791,4.2364,3.1264
1.2418,1.2985,1.335,1.3431,1.3475,1.3409,1.3342,1.3262,1.3182,1.3101,1.302,1.3515,1.4414,0.5615,1.7188,2.9527,4.1943,4.7726,4.7726,4.7726,4.7726,4.7726,4.7726,4.7726,4.7726,4.7726,4.7726
1.8252,1.7755,1.7436,1.7366,1.7327,1.7385,1.7443,1.7513,1.7583,1.7654,1.7725,1.7293,1.6506,1.2819,4.5064,4.4203,4.1037,3.7867,3.4665,3.1464,2.8259,2.5055,2.1849,1.8644,1.5439,1.2234,0.9028
1.8084,1.8911,1.9443,1.956,1.9598,1.9528,1.9431,1.9314,1.9198,1.908,1.8962,1.2189,4.7595,4.7595,4.7595,4.7595,4.7595,4.7595,4.7595,4.7595,4.7595,4.7595,4.7595,4.7595,4.7595,4.7595,4.7595
1.9571,1.9571,1.9571,1.9571,1.9571,1.9571,1.9571,1.9571,1.9571,1.9571,1.9571,1.9571,1.9571,1.9571,0.8974,1.5417,2.1899,2.838,3.4846,4.1311,4.753,4.753,4.753,4.753,4.753,4.753,4.753
1.9545,1.9545,1.9545,1.9545,1.9545,1.9545,1.9545,1.9545,1.9545,1.9545,1.9545,1.5008,0.5584,4.7466,4.7466,4.7466,4.7466,4.7466,4.532,4.1134,3.6945,3.2755,2.8565,2.4374,2.0184,1.5994,1.1803
1.0711,1.12,1.1515,1.1585,1.1623,1.1566,1.1508,1.1439,1.137,1.13,1.123,1.1657,1.2433,4.7401,4.7401,4.7401,4.7401,4.7401,4.7401,4.7401,4.7401,4.7401,4.7401,4.7401,4.7401,4.7401,4.7401
1.9492,1.9492,1.9492,1.9492,1.9492,1.9492,1.9492,1.9492,1.9492,1.9492,1.9492,1.9492,1.9492,0.5569,1.2931,2.2215,3.1556,4.0895,4.7337,4.3075,3.8688,3.43,2.9912,2.5524,2.1136,1.6748,1.236
1.9465,1.9465,1.9465,1.9465,1.9465,1.9465,1.9465,1.9465,1.9465,1.9465,1.7124,0.9937,4.7272,4.7272,4.7272,4.7272,4.7272,4.7272,4.7272,4.7272,4.7272,4.7272,4.7272,4.7272,4.7272,4.7272,4.7272
1.7153,1.7937,1.8441,1.8553,1.8613,1.8522,1.843,1.832,1.8209,1.8097,1.7985,1.8668,1.9439,1.9439,1.1531,1.981,2.814,3.6468,4.4776,4.7208,4.7208,4.7208,4.7208,4.7208,4.7208,4.7208,4.7208
1.831,1.7812,1.7492,1.7421,1.7383,1.7441,1.7499,1.7569,1.764,1.7711,1.7782,1.7348,1.6559,4.7144,4.7144,4.4345,4.1169,3.7988,3.4777,3.1565,2.835,2.5135,2.192,1.8704,1.5488,1.2273,0.9057
1.2982,1.3575,1.3957,1.4041,1.4087,1.4018,1.3948,1.3865,1.3781,1.3697,1.3611,1.4129,0.5539,4.708,4.708,4.708,4.708,4.708,4.708,4.708,4.708,4.708,4.708,4.708,4.708,4.708,4.708
1.936,1.936,1.936,1.936,1.936,1.936,1.936,1.936,1.936,1.936,1.936,1.936,1.936,1.936,0.9287,1.5955,2.2663,2.937,3.6062,4.2753,4.7017,4.7017,4.7017,4.7017,4.7017,4.7017,3.7928
1.9334,1.9334,1.9334,1.9334,1.9334,1.9334,1.9334,1.9334,1.9334,1.9334,1.9334,1.14,4.6953,4.6953,4.6953,4.6953,4.6953,4.6953,4.6953,4.6953,4.6953,4.6953,4.5183,3.8555,3.1927,2.5298,1.867
1.1439,1.1962,1.2298,1.2372,1.2413,1.2352,1.229,1.2217,1.2143,1.2069,1.1994,1.2449,1.3278,0.8025,2.821,4.689,4.689,4.689,4.689,4.689,4.689,4.689,4.689,4.689,4.689,4.689,4.689
1.9282,1.9282,1.9037,1.896,1.8918,1.8981,1.9045,1.9121,1.9197,1.9275,1.9282,1.888,1.8021,0.6394,2.2477,3.8613,4.4804,4.1343,3.7848,3.4352,3.0854,2.7355,2.3855,2.0356,1.6856,1.3357,0.9857
1.9256,1.9256,1.9256,1.9256,1.9256,1.9256,1.9256,1.9256,1.9256,1.9256,1.8889,1.0961,4.6764,4.6764,4.6764,4.6764,4.6764,4.6764,4.6764,4.6764,4.6764,4.6764,4.6764,4.6764,4.6764,4.6764,4.6764
1.923,1.923,1.923,1.923,1.923,1.923,1.923,1.923,1.923,1.923,1.923,1.923,1.923,1.923,0.9601,1.6494,2.343,3.0364,3.7281,4.4199,4.6702,4.6702,4.6702,4.6702,4.6702,4.6702,4.6702
1.9204,1.9204,1.9204,1.9204,1.9204,1.9204,1.9204,1.9204,1.9204,1.9204,1.9204,1.9204,0.583,4.6639,4.6639,4.6639,4.6639,4.3345,3.968,3.6016,3.2348,2.8679,2.501,2.1341,1.7672,1.4003,1.0334
1.1238,1.1752,1.2083,1.2155,1.2195,1.2135,1.2075,1.2003,1.1931,1.1857,1.1784,1.2231,1.1813,4.6577,4.6577,4.6577,4.6577,4.6577,4.6577,4.6577,4.6577,4.6577,4.6577,4.6577,4.6577,4.6577,4.6577
1.9153,1.9153,1.9153,1.9153,1.9153,1.9153,1.9153,1.9153,1.9153,1.9153,1.9153,1.9153,1.9153,1.9153,1.0985,1.887,2.6806,3.4738,4.2653,4.6514,4.6514,4.539,3.9583,3.3777,2.797,2.2163,1.6356
1.9127,1.9127,1.9127,1.9127,1.9127,1.9127,1.9127,1.9127,1.9127,1.9127,1.7629,1.023,4.6452,4.6452,4.6452,4.6452,4.6452,4.6452,4.6452,4.6452,4.6452,4.6452,4.6452,4.6452,4.6452,4.6452,4.6452
1.4067,1.471,1.5123,1.5214,1.5264,1.5189,1.5114,1.5023,1.4933,1.4841,1.4749,1.5309,1.6328,0.5458,1.4628,2.513,3.5697,4.626,4.639,4.639,4.639,4.639,4.639,4.639,4.639,4.639,4.639
1.8498,1.7995,1.7672,1.76,1.7561,1.762,1.7679,1.775,1.7821,1.7892,1.7965,1.7526,1.6729,4.024,4.6329,4.48,4.1592,3.8378,3.5134,3.1889,2.8641,2.5393,2.2145,1.8896,1.5647,1.2399,0.915
1.5897,1.6624,1.7091,1.7194,1.725,1.7166,1.7081,1.6978,1.6876,1.6772,1.6668,1.4072,0.5443,4.6267,4.6267,4.6267,4.6267,4.6267,4.6267,4.6267,4.6267,4.6267,4.6267,4.6267,4.6267,4.6267,4.6267
1.9026,1.9026,1.9026,1.9026,1.9026,1.9026,1.9026,1.9026,1.9026,1.9026,1.9026,1.9026,1.9026,1.9026,0.9206,1.5815,2.2465,2.9113,3.5746,4.2379,4.6206,4.6206,4.6206,4.6206,4.6206,4.6206,4.6206
1.9001,1.9001,1.9001,1.9001,1.9001,1.9001,1.9001,1.9001,1.9001,1.9001,1.9001,1.3543,0.5429,4.6144,4.6144,4.6144,4.6144,4.6144,4.6144,4.6144,4.3598,3.8654,3.3709,2.8764,2.3819,1.8874,1.3929
1.112,1.1629,1.1956,1.2028,1.2067,1.2008,1.1948,1.1877,1.1805,1.1732,1.166,1.2103,1.2908,2.3888,4.6083,4.6083,4.6083,4.6083,4.6083,4.6083,4.6083,4.6083,4.6083,4.6083,4.6083,4.6083,4.6083
1.895,1.895,1.895,1.895,1.895,1.895,1.895,1.895,1.895,1.895,1.895,1.895,1.895,0.5414,1.5665,2.691,3.8226,4.6022,4.3778,3.9735,3.5688,3.1641,2.7593,2.3545,1.9497,1.545,1.1402
1.8925,1.8925,1.8925,1.8925,1.8925,1.8925,1.8925,1.8925,1.8925,1.8925,1.7995,1.0443,4.5962,4.5962,4.5962,4.5962,4.5962,4.5962,4.5962,4.5962,4.5962,4.5962,4.5962,4.5962,4.5962,4.5962,4.5962
1.89,1.89,1.89,1.89,1.89,1.89,1.89,1.89,1.89,1.89,1.89,1.89,1.89,1.89,1.0841,1.8624,2.6456,3.4285,4.2096,4.5901,4.5901,4.5901,4.5901,4.5901,4.5901,4.5901,4.5901
1.8876,1.8876,1.8611,1.8536,1.8495,1.8557,1.8619,1.8693,1.8768,1.8844,1.8876,1.8458,1.0168,4.5841,4.5841,4.5841,4.3802,4.0418,3.7001,3.3584,3.0164,2.6743,2.3322,1.99,1.6479,1.3058,0.9637
1.2412,1.2979,1.3344,1.3425,1.3469,1.3402,1.3336,1.3256,1.3176,1.3095,1.3014,1.3508,0.6503,4.578,4.578,4.578,4.578,4.578,4.578,4.578,4.578,4.578,4.578,4.578,4.578,4.578,4.578
1.8826,1.8826,1.8826,1.8826,1.8826,1.8826,1.8826,1.8826,1.8826,1.8826,1.8826,1.8826,1.8826,1.8826,1.0009,1.7195,2.4426,3.1654,3.8865,4.572,4.572,4.572,4.572,4.572,4.3559,3.4516,2.5472
1.8801,1.8801,1.8801,1.8801,1.8801,1.8801,1.8801,1.8801,1.8801,1.8801,1.8801,1.1066,4.566,4.566,4.566,4.566,4.566,4.566,4.566,4.566,4.566,4.566,4.566,4.566,4.4074,3.4924,2.5773
1.2497,1.3068,1.3436,1.3517,1.3561,1.3494,1.3427,1.3347,1.3267,1.3185,1.3103,1.3601,1.4506,0.5989,2.1052,3.6166,4.5601,4.5601,4.5601,4.5601,4.5601,4.5601,4.5601,4.5601,4.5601,4.5601,4.5601
1.8752,1.8752,1.8742,1.8666,1.8625,1.8687,1.8749,1.8752,1.8752,1.8752,1.8752,1.8587,1.7742,0.9599,3.3743,4.5541,4.411,4.0702,3.7261,3.382,3.0375,2.6931,2.3485,2.004,1.6595,1.315,0.9704
1.8728,1.8728,1.8728,1.8728,1.8728,1.8728,1.8728,1.8728,1.8728,1.8728,1.8728,1.2152,4.5481,4.5481,4.5481,4.5481,4.5481,4.5481,4.5481,4.5481,4.5481,4.5481,4.5481,4.5481,4.5481,4.5481,4.5481
1.8703,1.8703,1.8703,1.8703,1.8703,1.8703,1.8703,1.8703,1.8703,1.8703,1.8703,1.8703,1.8703,1.8703,0.9578,1.6454,2.3373,3.029,3.7191,4.4092,4.5422,4.5422,4.5422,4.5422,4.5422,4.5422,4.5422
1.8679,1.8679,1.8679,1.8679,1.8679,1.8679,1.8679,1.8679,1.8679,1.8679,1.8679,1.7536,0.5337,4.5363,4.5363,4.5363,4.5363,4.5363,4.4698,4.057,3.6438,3.2306,2.8173,2.404,1.9907,1.5774,1.1641
1.1353,1.1872,1.2206,1.228,1.232,1.2259,1.2199,1.2126,1.2053,1.1978,1.1904,1.2356,1.3179,4.5304,4.5304,4.5304,4.5304,4.5304,4.5304,4.5304,4.5304,4.5304,4.5304,4.5304,4.5304,4.5304,4.5304
1.863,1.863,1.863,1.863,1.863,1.863,1.863,1.863,1.863,1.863,1.863,1.863,1.863,0.5323,1.2597,2.164,3.074,3.9837,4.5245,4.5245,4.4477,3.9433,3.4389,2.9344,2.4299,1.9254,1.421
1.8606,1.8606,1.8606,1.8606,1.8606,1.8606,1.8606,1.8606,1.8606,1.8606,1.8028,1.0462,4.5186,4.5186,4.5186,4.5186,4.5186,4.5186,4.5186,4.5186,4.5186,4.5186,4.5186,4.5186,4.5186,4.5186,4.5186
1.6465,1.7217,1.7701,1.7808,1.7866,1.7779,1.769,1.7585,1.7479,1.7371,1.7263,1.7919,1.8582,0.5309,1.308,2.2471,3.192,4.1366,4.5128,4.5128,4.5128,4.5128,4.5128,4.5128,4.5128,4.5128,4.5128
1.8558,1.8558,1.8292,1.8218,1.8178,1.8238,1.8299,1.8373,1.8446,1.852,1.8558,1.8141,1.7316,4.5069,4.5069,4.5069,4.3051,3.9725,3.6366,3.3008,2.9646,2.6284,2.2922,1.9559,1.6196,1.2834,0.9471
1.4558,1.5224,1.5652,1.5746,1.5797,1.572,1.5642,1.5548,1.5455,1.536,1.5264,1.5844,0.5295,4.5011,4.5011,4.5011,4.5011,4.5011,4.5011,4.5011,4.5011,4.5011,4.5011,4.5011,4.5011,4.5011,4.5011
1.851,1.851,1.851,1.851,1.851,1.851,1.851,1.851,1.851,1.851,1.851,1.851,1.851,1.851,0.9645,1.6569,2.3536,3.0501,3.745,4.4399,4.4953,4.4953,4.4953,4.4953,4.4953,4.4953,4.4953
1.8486,1.8486,1.8486,1.8486,1.8486,1.8486,1.8486,1.8486,1.8486,1.8486,1.8486,1.2657,0.5282,4.4895,4.4895,4.4895,4.4895,4.4895,4.4895,4.4895,4.4895,4.4895,4.161,3.5506,2.9402,2.3298,1.7193
1.1794,1.2333,1.268,1.2756,1.2798,1.2735,1.2672,1.2596,1.252,1.2443,1.2366,1.2836,1.369,1.1261,3.9585,4.4837,4.4837,4.4837,4.4837,4.4837,4.4837,4.4837,4.4837,4.4837,4.4837,4.4837,4.4837
1.8439,1.8439,1.8439,1.8439,1.8439,1.8439,1.8439,1.8439,1.8439,1.8439,1.8439,1.8439,1.8439,0.5706,2.0059,3.446,4.4779,4.4779,4.1648,3.7802,3.3952,3.0101,2.6251,2.24,1.8549,1.4698,1.0847
1.8415,1.8415,1.8415,1.8415,1.8415,1.8415,1.8415,1.8415,1.8415,1.8415,1.8415,1.1216,4.4722,4.4722,4.4722,4.4722,4.4722,4.4722,4.4722,4.4722,4.4722,4.4722,4.4722,4.4722,4.4722,4.4722,4.4722
1.8391,1.8391,1.8391,1.8391,1.8391,1.8391,1.8391,1.8391,1.8391,1.8391,1.8391,1.8391,1.8391,1.8391,1.048,1.8003,2.5574,3.3142,4.0693,4.4665,4.4665,4.4665,4.4665,4.4665,4.4665,4.4665,4.4665
1.8368,1.8368,1.8368,1.8368,1.8368,1.8368,1.8368,1.8368,1.8368,1.8368,1.8368,1.8368,0.7287,4.4607,4.4607,4.4607,4.4607,4.3992,4.0273,3.6554,3.2831,2.9108,2.5384,2.166,1.7936,1.4213,1.0489
1.2174,1.2731,1.3089,1.3168,1.3211,1.3146,1.3081,1.3002,1.2924,1.2845,1.2765,1.325,0.9367,4.455,4.455,4.455,4.455,4.455,4.455,4.455,4.455,4.455,4.455,4.455,4.455,4.455,4.455
1.8321,1.8321,1.8321,1.8321,1.8321,1.8321,1.8321,1.8321,1.8321,1.8321,1.8321,1.8321,1.8321,1.8321,1.1049,1.8982,2.6964,3.4943,4.2904,4.4493,4.4493,4.4493,4.4493,4.0931,3.3894,2.6857,1.9821
1.8297,1.8297,1.8297,1.8297,1.8297,1.8297,1.8297,1.8297,1.8297,1.8297,1.8297,1.1003,4.4437,4.4437,4.4437,4.4437,4.4437,4.4437,4.4437,4.4437,4.4437,4.4437,4.4437,4.4437,4.4437,4.4437,4.1354
1.4009,1.4649,1.5061,1.5152,1.5201,1.5127,1.5052,1.4962,1.4872,1.478,1.4688,1.5246,1.6261,0.5221,1.7324,2.9761,4.2276,4.438,4.438,4.438,4.438,4.438,4.438,4.438,4.438,4.438,4.438
1.8251,1.8251,1.8251,1.8251,1.8251,1.8251,1.8251,1.8251,1.8251,1.8251,1.8251,1.8251,1.787,1.8795,4.4323,4.4323,4.4323,4.0996,3.753,3.4064,3.0594,2.7125,2.3655,2.0185,1.6715,1.3244,0.9774
1.8228,1.8228,1.8228,1.8228,1.8228,1.8228,1.8228,1.8228,1.8228,1.8228,1.8228,1.3855,0.5208,4.4267,4.4267,4.4267,4.4267,4.4267,4.4267,4.4267,4.4267,4.4267,4.4267,4.4267,4.4267,4.4267,4.4267
1.8204,1.8204,1.8204,1.8204,1.8204,1.8204,1.8204,1.8204,1.8204,1.8204,1.8204,1.8204,1.8204,1.8204,0.9768,1.678,2.3836,3.089,3.7927,4.4211,4.4211,4.4211,4.4211,4.4211,4.4211,4.4211,4.4211
1.8181,1.8181,1.8181,1.8181,1.8181,1.8181,1.8181,1.8181,1.8181,1.8181,1.8181,1.5526,0.5195,4.4155,4.4155,4.4155,4.4155,4.4155,4.4155,4.4155,4.235,3.7547,3.2744,2.794,2.3137,1.8333,1.353
1.172,1.2256,1.26,1.2676,1.2718,1.2655,1.2593,1.2517,1.2442,1.2365,1.2289,1.2755,1.3604,4.4099,4.4099,4.4099,4.4099,4.4099,4.4099,4.4099,4.4099,4.4099,4.4099,4.4099,4.4099,4.4099,4.4099
1.8135,1.8135,1.8135,1.8135,1.8135,1.8135,1.8135,1.8135,1.8135,1.8135,1.8135,1.8135,1.8135,0.5182,1.497,2.5716,3.653,4.4043,4.4043,4.4043,4.0417,3.5833,3.1249,2.6665,2.2081,1.7497,1.2912
1.8112,1.8112,1.8112,1.8112,1.8112,1.8112,1.8112,1.8112,1.8112,1.8112,1.8112,1.0931,4.3987,4.3987,4.3987,4.3987,4.3987,4.3987,4.3987,4.3987,4.3987,4.3987,4.3987,4.3987,4.3987,4.3987,4.3987
1.809,1.809,1.809,1.809,1.809,1.809,1.809,1.809,1.809,1.809,1.809,1.809,1.809,0.5168,1.2149,2.0871,2.9648,3.8421,4.3932,4.3932,4.3932,4.3932,4.3932,4.3932,4.3932,4.3932,4.3932
1.8067,1.8067,1.8067,1.8067,1.8067,1.8067,1.8067,1.8067,1.8067,1.8067,1.8067,1.8067,1.509,4.3876,4.3876,4.3876,4.3876,4.2016,3.8464,3.4912,3.1356,2.78,2.4244,2.0687,1.7131,1.3574,1.0018
1.378,1.441,1.4815,1.4905,1.4953,1.488,1.4806,1.4718,1.4629,1.4539,1.4449,1.4998,0.5926,4.3821,4.3821,4.3821,4.3821,4.3821,4.3821,4.3821,4.3821,4.3821,4.3821,4.3821,4.3821,4.3821,4.3821
1.8021,1.8021,1.8021,1.8021,1.8021,1.8021,1.8021,1.8021,1.8021,1.8021,1.8021,1.8021,1.8021,1.8021,1.0329,1.7745,2.5206,3.2665,4.0108,4.3766,4.3766,4.3766,4.3766,4.3766,4.3766,4.3766,3.4433
1.7999,1.7999,1.7999,1.7999,1.7999,1.7999,1.7999,1.7999,1.7999,1.7999,1.7999,1.2184,0.5142,4.3711,4.3711,4.3711,4.3711,4.3711,4.3711,4.3711,4.3711,4.3711,4.3711,4.3711,3.8679,3.0649,2.2619
1.2796,1.3381,1.3758,1.384,1.3886,1.3817,1.3749,1.3667,1.3584,1.3501,1.3417,1.3927,1.4854,0.7665,2.6944,4.3656,4.3656,4.3656,4.3656,4.3656,4.3656,4.3656,4.3656,4.3656,4.3656,4.3656,4.3656
1.7954,1.7954,1.7954,1.7954,1.7954,1.7954,1.7954,1.7954,1.7954,1.7954,1.7954,1.7954,1.7954,0.7955,2.7964,4.3602,4.3602,4.3602,4.0707,3.6948,3.3185,2.9421,2.5657,2.1894,1.813,1.4366,1.0602
1.7931,1.7931,1.7931,1.7931,1.7931,1.7931,1.7931,1.7931,1.7931,1.7931,1.7931,1.2338,0.5123,4.3547,4.3547,4.3547,4.3547,4.3547,4.3547,4.3547,4.3547,4.3547,4.3547,4.3547,4.3547,4.3547,4.3547
1.7909,1.7909,1.7909,1.7909,1.7909,1.7909,1.7909,1.7909,1.7909,1.7909,1.7909,1.7909,1.7909,1.7909,1.0388,1.7846,2.535,3.2852,4.0337,4.3493,4.3493,4.3493,4.3493,4.3493,4.3493,4.3493,4.3493
1.7886,1.7886,1.7886,1.7886,1.7886,1.7886,1.7886,1.7886,1.7886,1.7886,1.7886,1.7886,0.5873,4.3439,4.3439,4.3439,4.3439,4.3439,4.3439,4.0807,3.6651,3.2495,2.8338,2.4181,2.0024,1.5866,1.1709
1.2229,1.2788,1.3148,1.3227,1.327,1.3205,1.3139,1.3061,1.2982,1.2902,1.2822,1.3309,1.4195,4.3384,4.3384,4.3384,4.3384,4.3384,4.3384,4.3384,4.3384,4.3384,4.3384,4.3384,4.3384,4.3384,4.3384
1.7842,1.7842,1.7842,1.7842,1.7842,1.7842,1.7842,1.7842,1.7842,1.7842,1.7842,1.7842,1.7842,0.5098,1.2536,2.1536,3.0593,3.9646,4.333,4.333,4.333,4.333,4.0531,3.4585,2.8639,2.2694,1.6748
1.782,1.782,1.782,1.782,1.782,1.782,1.782,1.782,1.782,1.782,1.782,1.1194,4.3277,4.3277,4.3277,4.3277,4.3277,4.3277,4.3277,4.3277,4.3277,4.3277,4.3277,4.3277,4.3277,4.3277,4.3277
1.6184,1.6924,1.74,1.7505,1.7562,1.7476,1.7389,1.7285,1.7181,1.7075,1.6969,1.7614,1.7798,0.5085,1.5173,2.6066,3.7027,4.3223,4.3223,4.3223,4.3223,4.3223,4.3223,4.3223,4.3223,4.3223,4.3223
1.7776,1.7776,1.7776,1.7776,1.7776,1.7776,1.7776,1.7776,1.7776,1.7776,1.7776,1.7776,1.7776,4.3169,4.3169,4.3169,4.3169,4.2222,3.8653,3.5083,3.151,2.7936,2.4363,2.0789,1.7215,1.3641,1.0067
1.6667,1.7429,1.7754,1.7754,1.7754,1.7754,1.7754,1.7754,1.7693,1.7584,1.7475,1.6341,0.5072,4.3116,4.3116,4.3116,4.3116,4.3116,4.3116,4.3116,4.3116,4.3116,4.3116,4.3116,4.3116,4.3116,4.3116
1.7732,1.7732,1.7732,1.7732,1.7732,1.7732,1.7732,1.7732,1.7732,1.7732,1.7732,1.7732,1.7732,1.7732,1.0183,1.7494,2.485,3.2204,3.954,4.3062,4.3062,4.3062,4.3062,4.3062,4.3062,4.3062,4.3062
1.771,1.771,1.771,1.771,1.771,1.771,1.771,1.771,1.771,1.771,1.771,1.4329,0.506,4.3009,4.3009,4.3009,4.3009,4.3009,4.3009,4.3009,4.3009,4.3009,3.9574,3.3768,2.7963,2.2158,1.6352
1.2368,1.2934,1.3297,1.3377,1.3421,1.3355,1.3289,1.3209,1.313,1.3049,1.2968,1.3461,1.4357,1.8067,4.2956,4.2956,4.2956,4.2956,4.2956,4.2956,4.2956,4.2956,4.2956,4.2956,4.2956,4.2956,4.2956
1.7666,1.7666,1.7666,1.7666,1.7666,1.7666,1.7666,1.7666,1.7666,1.7666,1.7666,1.7666,1.7666,0.5301,1.8635,3.2014,4.2903,4.2903,4.2903,4.2381,3.8065,3.3748,2.9431,2.5113,2.0796,1.6478,1.2161
1.7644,1.7644,1.7644,1.7644,1.7644,1.7644,1.7644,1.7644,1.7644,1.7644,1.7644,1.168,4.285,4.285,4.285,4.285,4.285,4.285,4.285,4.285,4.285,4.285,4.285,4.285,4.285,4.285,4.285
1.7623,1.7623,1.7623,1.7623,1.7623,1.7623,1.7623,1.7623,1.7623,1.7623,1.7623,1.7623,1.7623,0.5035,1.1647,2.0009,2.8423,3.6835,4.2798,4.2798,4.2798,4.2798,4.2798,4.2798,4.2798,4.2798,4.2798
1.7601,1.7601,1.7601,1.7601,1.7601,1.7601,1.7601,1.7601,1.7601,1.7601,1.7601,1.7601,0.9594,4.2745,4.2745,4.2745,4.2745,4.2745,4.1626,3.7782,3.3934,3.0086,2.6237,2.2388,1.8539,1.469,1.0841
1.3424,1.4038,1.4432,1.4519,1.4567,1.4495,1.4423,1.4337,1.4251,1.4163,1.4075,1.461,0.8048,4.2693,4.2693,4.2693,4.2693,4.2693,4.2693,4.2693,4.2693,4.2693,4.2693,4.2693,4.2693,4.2693,4.2693
1.7558,1.7558,1.7558,1.7558,1.7558,1.7558,1.7558,1.7558,1.7558,1.7558,1.7558,1.7558,1.7558,0.5017,1.1329,1.9463,2.7647,3.5829,4.2641,4.2641,4.2641,4.2641,4.2641,4.2641,4.2641,3.386,2.4988
1.7536,1.7536,1.7536,1.7536,1.7536,1.7536,1.7536,1.7536,1.7536,1.7536,1.7536,1.2044,0.501,4.2588,4.2588,4.2588,4.2588,4.2588,4.2588,4.2588,4.2588,4.2588,4.2588,4.2588,4.2588,4.2588,3.2965
1.4238,1.4889,1.5307,1.5399,1.545,1.5374,1.5298,1.5206,1.5115,1.5022,1.4928,1.5495,1.6527,0.6028,2.1192,3.6405,4.2536,4.2536,4.2536,4.2536,4.2536,4.2536,4.2536,4.2536,4.2536,4.2536,4.2536
1.7494,1.7494,1.7494,1.7494,1.7494,1.7494,1.7494,1.7494,1.7494,1.7494,1.7494,1.7494,1.7494,1.2957,4.2484,4.2484,4.2484,4.2484,4.0794,3.7027,3.3255,2.9484,2.5712,2.194,1.8168,1.4396,1.0625
1.7472,1.7472,1.7472,1.7472,1.7472,1.7472,1.7472,1.7472,1.7472,1.7472,1.7472,1.3942,0.4992,4.2433,4.2433,4.2433,4.2433,4.2433,4.2433,4.2433,4.2433,4.2433,4.2433,4.2433,4.2433,4.2433,4.2433
1.7451,1.7451,1.7451,1.7451,1.7451,1.7451,1.7451,1.7451,1.7451,1.7451,1.7451,1.7451,1.7451,1.7451,1.0546,1.8118,2.5737,3.3353,4.0952,4.2381,4.2381,4.2381,4.2381,4.2381,4.2381,4.2381,4.2381
1.743,1.743,1.743,1.743,1.743,1.743,1.743,1.743,1.743,1.743,1.743,1.743,0.5083,4.2329,4.2329,4.2329,4.2329,4.2329,4.2329,4.2329,4.2136,3.7358,3.2579,2.78,2.302,1.8241,1.3462
1.2572,1.3147,1.3516,1.3598,1.3642,1.3575,1.3508,1.3427,1.3346,1.3264,1.3182,1.3683,1.4593,4.2278,4.2278,4.2278,4.2278,4.2278,4.2278,4.2278,4.2278,4.2278,4.2278,4.2278,4.2278,4.2278,4.2278
1.7388,1.7388,1.7388,1.7388,1.7388,1.7388,1.7388,1.7388,1.7388,1.7388,1.7388,1.7388,1.7388,0.4968,1.4696,2.5246,3.5862,4.2227,4.2227,4.2227,4.2227,4.1522,3.621,3.0898,2.5586,2.0274,1.4962
1.7366,1.7366,1.7366,1.7366,1.7366,1.7366,1.7366,1.7366,1.7366,1.7366,1.7366,1.165,4.2176,4.2176,4.2176,4.2176,4.2176,4.2176,4.2176,4.2176,4.2176,4.2176,4.2176,4.2176,4.2176,4.2176,4.2176
1.7345,1.7345,1.7345,1.7345,1.7345,1.7345,1.7345,1.7345,1.7345,1.7345,1.7345,1.7345,1.7345,0.4956,1.3911,2.3898,3.3947,4.2125,4.2125,4.2125,4.2125,4.2125,4.2125,4.2125,4.2125,4.2125,4.2125
1.7324,1.7324,1.7324,1.7324,1.7324,1.7324,1.7324,1.7324,1.7324,1.7324,1.7324,1.7324,1.7324,4.2074,4.2074,4.2074,4.2074,4.2074,4.0723,3.6962,3.3198,2.9433,2.5667,2.1902,1.8137,1.4371,1.0606
1.5618,1.6332,1.6791,1.6892,1.6947,1.6864,1.678,1.668,1.6579,1.6477,1.6375,1.6997,0.5607,4.2023,4.2023,4.2023,4.2023,4.2023,4.2023,4.2023,4.2023,4.2023,4.2023,4.2023,4.2023,4.2023,4.2023
1.7283,1.7283,1.7283,1.7283,1.7283,1.7283,1.7283,1.7283,1.7283,1.7283,1.7283,1.7283,1.7283,1.7283,1.0862,1.866,2.6506,3.435,4.1972,4.1972,4.1972,4.1972,4.1972,4.1972,4.1972,4.1972,4.1972
1.7262,1.7262,1.7262,1.7262,1.7262,1.7262,1.7262,1.7262,1.7262,1.7262,1.7262,1.3684,0.4932,4.1922,4.1922,4.1922,4.1922,4.1922,4.1922,4.1922,4.1922,4.1922,4.1922,4.1922,3.5612,2.8219,2.0825
1.3361,1.3971,1.4364,1.4451,1.4498,1.4427,1.4355,1.4269,1.4183,1.4096,1.4009,1.4541,1.5509,1.0448,3.6727,4.1871,4.1871,4.1871,4.1871,4.1871,4.1871,4.1871,4.1871,4.1871,4.1871,4.1871,4.1871
1.722,1.722,1.722,1.722,1.722,1.722,1.722,1.722,1.722,1.722,1.722,1.722,1.722,0.7049,2.478,4.1821,4.1821,4.1821,4.1821,4.116,3.6968,3.2775,2.8583,2.439,2.0197,1.6004,1.1811
1.72,1.72,1.72,1.72,1.72,1.72,1.72,1.72,1.72,1.72,1.72,1.2784,0.4914,4.1771,4.1771,4.1771,4.1771,4.1771,4.1771,4.1771,4.1771,4.1771,4.1771,4.1771,4.1771,4.1771,4.1771
1.7179,1.7179,1.7179,1.7179,1.7179,1.7179,1.7179,1.7179,1.7179,1.7179,1.7179,1.7179,1.7179,0.4908,1.1486,1.9732,2.803,3.6325,4.1721,4.1721,4.1721,4.1721,4.1721,4.1721,4.1721,4.1721,4.1721
1.7159,1.7159,1.7159,1.7159,1.7159,1.7159,1.7159,1.7159,1.7159,1.7159,1.7159,1.7159,0.7328,4.1671,4.1671,4.1671,4.1671,4.1671,4.1671,4.1671,3.7664,3.3393,2.9121,2.4849,2.0577,1.6305,1.2033
1.3427,1.4041,1.4436,1.4523,1.4571,1.4499,1.4427,1.4341,1.4254,1.4167,1.4079,1.4614,1.2404,4.1621,4.1621,4.1621,4.1621,4.1621,4.1621,4.1621,4.1621,4.1621,4.1621,4.1621,4.1621,4.1621,4.1621
1.7118,1.7118,1.7118,1.7118,1.7118,1.7118,1.7118,1.7118,1.7118,1.7118,1.7118,1.7118,1.7118,0.4891,1.2765,2.1929,3.115,4.0368,4.1571,4.1571,4.1571,4.1571,4.1571,4.1571,3.4835,2.7603,2.0371
1.7097,1.7097,1.7097,1.7097,1.7097,1.7097,1.7097,1.7097,1.7097,1.7097,1.7097,1.2209,0.4885,4.1522,4.1522,4.1522,4.1522,4.1522,4.1522,4.1522,4.1522,4.1522,4.1522,4.1522,4.1522,4.1522,4.1522
1.6307,1.7053,1.7077,1.7077,1.7077,1.7077,1.7077,1.7077,1.7077,1.7077,1.7077,1.7077,1.7077,0.5149,1.81,3.1094,4.1472,4.1472,4.1472,4.1472,4.1472,4.1472,4.1472,4.1472,4.1472,4.1472,4.1472
1.7057,1.7057,1.7057,1.7057,1.7057,1.7057,1.7057,1.7057,1.7057,1.7057,1.7057,1.7057,1.7057,3.222,4.1423,4.1423,4.1423,4.1423,4.1423,3.8018,3.4146,3.0274,2.6401,2.2528,1.8655,1.4782,1.0909
1.7036,1.7036,1.7036,1.7036,1.7036,1.7036,1.7036,1.7036,1.7036,1.7036,1.7036,1.6265,0.4867,4.1374,4.1374,4.1374,4.1374,4.1374,4.1374,4.1374,4.1374,4.1374,4.1374,4.1374,4.1374,4.1374,4.1374
1.7016,1.7016,1.7016,1.7016,1.7016,1.7016,1.7016,1.7016,1.7016,1.7016,1.7016,1.7016,1.7016,0.4862,1.0965,1.8837,2.6758,3.4676,4.1325,4.1325,4.1325,4.1325,4.1325,4.1325,4.1325,4.1325,4.1325
1.6996,1.6996,1.6996,1.6996,1.6996,1.6996,1.6996,1.6996,1.6996,1.6996,1.6996,1.6617,0.4856,4.1276,4.1276,4.1276,4.1276,4.1276,4.1276,4.1276,4.1276,4.1276,3.8816,3.3122,2.7427,2.1733,1.6039
1.3233,1.3838,1.4227,1.4313,1.436,1.4289,1.4218,1.4133,1.4048,1.3962,1.3875,1.4402,1.5361,3.9925,4.1227,4.1227,4.1227,4.1227,4.1227,4.1227,4.1227,4.1227,4.1227,4.1227,4.1227,4.1227,4.1227
1.6956,1.6956,1.6956,1.6956,1.6956,1.6956,1.6956,1.6956,1.6956,1.6956,1.6956,1.6956,1.6956,0.5106,1.7948,3.0834,4.1178,4.1178,4.1178,4.1178,4.1178,3.8714,3.3761,2.8808,2.3856,1.8903,1.395
1.6936,1.6936,1.6936,1.6936,1.6936,1.6936,1.6936,1.6936,1.6936,1.6936,1.6936,1.2415,0.4839,4.1129,4.1129,4.1129,4.1129,4.1129,4.1129,4.1129,4.1129,4.1129,4.1129,4.1129,4.1129,4.1129,4.1129
1.6916,1.6916,1.6916,1.6916,1.6916,1.6916,1.6916,1.6916,1.6916,1.6916,1.6916,1.6916,1.6916,0.4833,1.3236,2.2738,3.23,4.1081,4.1081,4.1081,4.1081,4.1081,4.1081,4.1081,4.1081,4.1081,4.1081
1.6896,1.6896,1.6896,1.6896,1.6896,1.6896,1.6896,1.6896,1.6896,1.6896,1.6896,1.6896,1.366,4.1032,4.1032,4.1032,4.1032,4.1032,4.1032,3.9888,3.5826,3.1763,2.77,2.3636,1.9573,1.5509,1.1446
1.5127,1.5819,1.6264,1.6362,1.6415,1.6335,1.6254,1.6156,1.6059,1.596,1.5861,1.6464,0.7331,4.0984,4.0984,4.0984,4.0984,4.0984,4.0984,4.0984,4.0984,4.0984,4.0984,4.0984,4.0984,4.0984,4.0984
1.6856,1.6856,1.6856,1.6856,1.6856,1.6856,1.6856,1.6856,1.6856,1.6856,1.6856,1.6856,1.6856,0.4816,1.1875,2.04,2.8979,3.7555,4.0936,4.0936,4.0936,4.0936,4.0936,4.0936,4.0936,4.0936,3.3282
1.6836,1.6836,1.6836,1.6836,1.6836,1.6836,1.6836,1.6836,1.6836,1.6836,1.6836,1.3469,0.481,4.0888,4.0888,4.0888,4.0888,4.0888,4.0888,4.0888,4.0888,4.0888,4.0888,4.0888,4.0888,3.8816,2.8646
1.4808,1.5485,1.592,1.6016,1.6068,1.599,1.591,1.5815,1.572,1.5623,1.5526,1.6116,1.6816,0.7698,2.706,4.084,4.084,4.084,4.084,4.084,4.084,4.084,4.084,4.084,4.084,4.084,4.084
1.6797,1.6797,1.6797,1.6797,1.6797,1.6797,1.6797,1.6797,1.6797,1.6797,1.6797,1.6797,1.6797,1.0425,3.6645,4.0792,4.0792,4.0792,4.0792,4.0792,3.693,3.2742,2.8553,2.4365,2.0176,1.5987,1.1798
1.6777,1.6777,1.6777,1.6777,1.6777,1.6777,1.6777,1.6777,1.6777,1.6777,1.6777,1.4377,0.4793,4.0744,4.0744,4.0744,4.0744,4.0744,4.0744,4.0744,4.0744,4.0744,4.0744,4.0744,4.0744,4.0744,4.0744
1.6757,1.6757,1.6757,1.6757,1.6757,1.6757,1.6757,1.6757,1.6757,1.6757,1.6757,1.6757,1.6757,0.4788,1.1634,1.9987,2.8391,3.6793,4.0697,4.0697,4.0697,4.0697,4.0697,4.0697,4.0697,4.0697,4.0697
1.6738,1.6738,1.6738,1.6738,1.6738,1.6738,1.6738,1.6738,1.6738,1.6738,1.6738,1.6738,0.6167,4.0649,4.0649,4.0649,4.0649,4.0649,4.0649,4.0649,4.0649,3.8151,3.3271,2.839,2.3509,1.8628,1.3748
1.3781,1.4411,1.4816,1.4905,1.4954,1.4881,1.4807,1.4718,1.4629,1.4539,1.4449,1.4998,1.5996,4.0602,4.0602,4.0602,4.0602,4.0602,4.0602,4.0602,4.0602,4.0602,4.0602,4.0602,4.0602,4.0602,4.0602
1.6699,1.6699,1.6699,1.6699,1.6699,1.6699,1.6699,1.6699,1.6699,1.6699,1.6699,1.6699,1.6699,0.4771,1.4841,2.5496,3.6217,4.0554,4.0554,4.0554,4.0554,4.0554,4.0554,3.6855,3.0519,2.4183,1.7847
1.6679,1.6679,1.6679,1.6679,1.6679,1.6679,1.6679,1.6679,1.6679,1.6679,1.6679,1.2691,0.4766,4.0507,4.0507,4.0507,4.0507,4.0507,4.0507,4.0507,4.0507,4.0507,4.0507,4.0507,4.0507,4.0507,4.0507
1.666,1.666,1.666,1.666,1.666,1.666,1.666,1.666,1.666,1.666,1.666,1.666,1.666,0.476,1.6366,2.8115,3.9938,4.046,4.046,4.046,4.046,4.046,4.046,4.046,4.046,4.046,4.046
1.6641,1.6641,1.6641,1.6641,1.6641,1.6641,1.6641,1.6641,1.6641,1.6641,1.6641,1.6641,1.6641,4.0413,4.0413,4.0413,4.0413,4.0413,4.0413,4.0016,3.594,3.1864,2.7788,2.3712,1.9635,1.5559,1.1482
1.6621,1.6621,1.6621,1.6621,1.6621,1.6621,1.6621,1.6621,1.6621,1.6621,1.6621,1.6621,0.5498,4.0366,4.0366,4.0366,4.0366,4.0366,4.0366,4.0366,4.0366,4.0366,4.0366,4.0366,4.0366,4.0366,4.0366
1.6602,1.6602,1.6602,1.6602,1.6602,1.6602,1.6602,1.6602,1.6602,1.6602,1.6602,1.6602,1.6602,0.4743,1.1686,2.0075,2.8517,3.6955,4.032,4.032,4.032,4.032,4.032,4.032,4.032,4.032,4.032
1.6583,1.6583,1.6583,1.6583,1.6583,1.6583,1.6583,1.6583,1.6583,1.6583,1.6583,1.5759,0.4738,4.0273,4.0273,4.0273,4.0273,4.0273,4.0273,4.0273,4.0273,4.0273,4.0273,4.0273,3.4211,2.7109,2.0006
1.4281,1.4934,1.5354,1.5447,1.5497,1.5421,1.5345,1.5253,1.5161,1.5068,1.4974,1.5543,1.6564,1.5741,4.0226,4.0226,4.0226,4.0226,4.0226,4.0226,4.0226,4.0226,4.0226,4.0226,4.0226,4.0226,4.0226
1.6545,1.6545,1.6545,1.6545,1.6545,1.6545,1.6545,1.6545,1.6545,1.6545,1.6545,1.6545,1.6545,0.6589,2.3163,3.9792,4.018,4.018,4.018,4.018,4.018,3.7421,3.2634,2.7847,2.3059,1.8272,1.3485
1.6526,1.6526,1.6526,1.6526,1.6526,1.6526,1.6526,1.6526,1.6526,1.6526,1.6526,1.3573,0.4722,4.0134,4.0134,4.0134,4.0134,4.0134,4.0134,4.0134,4.0134,4.0134,4.0134,4.0134,4.0134,4.0134,4.0134
1.6507,1.6507,1.6507,1.6507,1.6507,1.6507,1.6507,1.6507,1.6507,1.6507,1.6507,1.6507,1.6507,0.4716,1.3013,2.2356,3.1757,4.0088,4.0088,4.0088,4.0088,4.0088,4.0088,4.0088,4.0088,4.0088,4.0088
1.6488,1.6488,1.6488,1.6488,1.6488,1.6488,1.6488,1.6488,1.6488,1.6488,1.6488,1.6488,0.9617,4.0041,4.0041,4.0041,4.0041,4.0041,4.0041,4.0041,3.9698,3.5195,3.0693,2.6191,2.1688,1.7185,1.2683
1.5105,1.5796,1.624,1.6338,1.6391,1.6311,1.623,1.6133,1.6035,1.5937,1.5838,1.644,1.0506,3.9995,3.9995,3.9995,3.9995,3.9995,3.9995,3.9995,3.9995,3.9995,3.9995,3.9995,3.9995,3.9995,3.9995
1.645,1.645,1.645,1.645,1.645,1.645,1.645,1.645,1.645,1.645,1.645,1.645,1.645,0.47,1.3347,2.2929,3.2571,3.995,3.995,3.995,3.995,3.995,3.995,3.995,3.995,3.5004,2.5833
1.6431,1.6431,1.6431,1.6431,1.6431,1.6431,1.6431,1.6431,1.6431,1.6431,1.6431,1.3644,0.4695,3.9904,3.9904,3.9904,3.9904,3.9904,3.9904,3.9904,3.9904,3.9904,3.9904,3.9904,3.9904,3.9904,3.9904
1.6412,1.6412,1.6412,1.6412,1.6412,1.6412,1.6412,1.6412,1.6412,1.6412,1.6412,1.6412,1.6412,0.637,2.2393,3.8469,3.9858,3.9858,3.9858,3.9858,3.9858,3.9858,3.9858,3.9858,3.9858,3.9858,3.9858
1.6393,1.6393,1.6393,1.6393,1.6393,1.6393,1.6393,1.6393,1.6393,1.6393,1.6393,1.6393,1.6393,1.9125,3.9812,3.9812,3.9812,3.9812,3.9812,3.9812,3.7923,3.3622,2.9321,2.502,2.0718,1.6417,1.2116
1.6375,1.6375,1.6375,1.6375,1.6375,1.6375,1.6375,1.6375,1.6375,1.6375,1.6375,1.6375,0.4678,3.9767,3.9767,3.9767,3.9767,3.9767,3.9767,3.9767,3.9767,3.9767,3.9767,3.9767,3.9767,3.9767,3.9767
1.6356,1.6356,1.6356,1.6356,1.6356,1.6356,1.6356,1.6356,1.6356,1.6356,1.6356,1.6356,1.6356,0.4673,1.2104,2.0794,2.9538,3.8279,3.9722,3.9722,3.9722,3.9722,3.9722,3.9722,3.9722,3.9722,3.9722
1.6337,1.6337,1.6337,1.6337,1.6337,1.6337,1.6337,1.6337,1.6337,1.6337,1.6337,1.6337,0.5537,3.9676,3.9676,3.9676,3.9676,3.9676,3.9676,3.9676,3.9676,3.9676,3.9349,3.3577,2.7804,2.2032,1.6259
1.4521,1.5185,1.5612,1.5706,1.5757,1.568,1.5602,1.5509,1.5416,1.5321,1.5226,1.5804,1.6319,3.9631,3.9631,3.9631,3.9631,3.9631,3.9631,3.9631,3.9631,3.9631,3.9631,3.9631,3.9631,3.9631,3.9631
1.63,1.63,1.63,1.63,1.63,1.63,1.63,1.63,1.63,1.63,1.63,1.63,1.63,0.5102,1.7935,3.081,3.9586,3.9586,3.9586,3.9586,3.9586,3.9586,3.9586,3.4043,2.819,2.2338,1.6485
1.6282,1.6282,1.6282,1.6282,1.6282,1.6282,1.6282,1.6282,1.6282,1.6282,1.6282,1.3543,0.4652,3.9541,3.9541,3.9541,3.9541,3.9541,3.9541,3.9541,3.9541,3.9541,3.9541,3.9541,3.9541,3.9541,3.9541
1.6263,1.6263,1.6263,1.6263,1.6263,1.6263,1.6263,1.6263,1.6263,1.6263,1.6263,1.6263,1.6263,0.4647,1.5481,2.6594,3.7777,3.9496,3.9496,3.9496,3.9496,3.9496,3.9496,3.9496,3.9496,3.9496,3.9496
1.6245,1.6245,1.6245,1.6245,1.6245,1.6245,1.6245,1.6245,1.6245,1.6245,1.6245,1.6245,1.6245,3.9452,3.9452,3.9452,3.9452,3.9452,3.9452,3.9452,3.8842,3.4437,3.0032,2.5626,2.1221,1.6815,1.2409
1.6226,1.6226,1.6226,1.6226,1.6226,1.6226,1.6226,1.6226,1.6226,1.6226,1.6226,1.6226,0.7028,3.9407,3.9407,3.9407,3.9407,3.9407,3.9407,3.9407,3.9407,3.9407,3.9407,3.9407,3.9407,3.9407,3.9407
1.6208,1.6208,1.6208,1.6208,1.6208,1.6208,1.6208,1.6208,1.6208,1.6208,1.6208,1.6208,1.6208,0.4631,1.2793,2.1978,3.122,3.9362,3.9362,3.9362,3.9362,3.9362,3.9362,3.9362,3.9362,3.9362,3.9362
1.619,1.619,1.619,1.619,1.619,1.619,1.619,1.619,1.619,1.619,1.619,1.5492,0.4626,3.9318,3.9318,3.9318,3.9318,3.9318,3.9318,3.9318,3.9318,3.9318,3.9318,3.9318,3.9318,3.6027,2.6588
1.5846,1.6171,1.6171,1.6171,1.6171,1.6171,1.6171,1.6171,1.6171,1.6171,1.6171,1.6171,1.6171,1.0442,3.6706,3.9274,3.9274,3.9274,3.9274,3.9274,3.9274,3.9274,3.9274,3.9274,3.9274,3.9274,3.9274
1.6153,1.6153,1.6153,1.6153,1.6153,1.6153,1.6153,1.6153,1.6153,1.6153,1.6153,1.6153,1.6153,0.9224,3.2425,3.9229,3.9229,3.9229,3.9229,3.9229,3.9229,3.7393,3.2609,2.7826,2.3042,1.8258,1.3474
1.6135,1.6135,1.6135,1.6135,1.6135,1.6135,1.6135,1.6135,1.6135,1.6135,1.6135,1.5273,0.461,3.9185,3.9185,3.9185,3.9185,3.9185,3.9185,3.9185,3.9185,3.9185,3.9185,3.9185,3.9185,3.9185,3.9185
1.6117,1.6117,1.6117,1.6117,1.6117,1.6117,1.6117,1.6117,1.6117,1.6117,1.6117,1.6117,1.6117,0.4605,1.3201,2.2678,3.2214,3.9141,3.9141,3.9141,3.9141,3.9141,3.9141,3.9141,3.9141,3.9141,3.9141
1.6099,1.6099,1.6099,1.6099,1.6099,1.6099,1.6099,1.6099,1.6099,1.6099,1.6099,1.6099,0.7807,3.9097,3.9097,3.9097,3.9097,3.9097,3.9097,3.9097,3.9097,3.9097,3.5058,2.9915,2.4772,1.9629,1.4486
1.5541,1.6081,1.6081,1.6081,1.6081,1.6081,1.6081,1.6081,1.6081,1.6081,1.6081,1.6081,1.6081,3.9053,3.9053,3.9053,3.9053,3.9053,3.9053,3.9053,3.9053,3.9053,3.9053,3.9053,3.9053,3.9053,3.9053
1.6063,1.6063,1.6063,1.6063,1.6063,1.6063,1.6063,1.6063,1.6063,1.6063,1.6063,1.6063,1.6063,0.4589,1.5495,2.662,3.7814,3.901,3.901,3.901,3.901,3.901,3.901,3.901,3.7836,2.9981,2.2126
1.6045,1.6045,1.6045,1.6045,1.6045,1.6045,1.6045,1.6045,1.6045,1.6045,1.6045,1.4229,0.4584,3.8966,3.8966,3.8966,3.8966,3.8966,3.8966,3.8966,3.8966,3.8966,3.8966,3.8966,3.8966,3.8966,3.8966
1.6027,1.6027,1.6027,1.6027,1.6027,1.6027,1.6027,1.6027,1.6027,1.6027,1.6027,1.6027,1.6027,0.5679,1.9964,3.4296,3.8922,3.8922,3.8922,3.8922,3.8922,3.8922,3.8922,3.8922,3.8922,3.8922,3.8922
1.6009,1.6009,1.6009,1.6009,1.6009,1.6009,1.6009,1.6009,1.6009,1.6009,1.6009,1.6009,1.6009,3.8879,3.8879,3.8879,3.8879,3.8879,3.8879,3.8879,3.8879,3.5526,3.0981,2.6436,2.1891,1.7347,1.2802
1.5991,1.5991,1.5991,1.5991,1.5991,1.5991,1.5991,1.5991,1.5991,1.5991,1.5991,1.5991,0.5607,3.8835,3.8835,3.8835,3.8835,3.8835,3.8835,3.8835,3.8835,3.8835,3.8835,3.8835,3.8835,3.8835,3.8835
1.5973,1.5973,1.5973,1.5973,1.5973,1.5973,1.5973,1.5973,1.5973,1.5973,1.5973,1.5973,1.5973,0.4564,1.2956,2.2257,3.1616,3.8792,3.8792,3.8792,3.8792,3.8792,3.8792,3.8792,3.8792,3.8792,3.8792
1.5955,1.5955,1.5955,1.5955,1.5955,1.5955,1.5955,1.5955,1.5955,1.5955,1.5955,1.5955,0.5228,3.8749,3.8749,3.8749,3.8749,3.8749,3.8749,3.8749,3.8749,3.8749,3.8749,3.8749,3.4344,2.7214,2.0084
1.5744,1.5938,1.5938,1.5938,1.5938,1.5938,1.5938,1.5938,1.5938,1.5938,1.5938,1.5938,1.5938,2.8687,3.8706,3.8706,3.8706,3.8706,3.8706,3.8706,3.8706,3.8706,3.8706,3.8706,3.8706,3.8706,3.8706
1.592,1.592,1.592,1.592,1.592,1.592,1.592,1.592,1.592,1.592,1.592,1.592,1.592,0.6482,2.2787,3.8663,3.8663,3.8663,3.8663,3.8663,3.8663,3.8663,3.8518,3.2868,2.7217,2.1567,1.5916
1.5902,1.5902,1.5902,1.5902,1.5902,1.5902,1.5902,1.5902,1.5902,1.5902,1.5902,1.4876,0.4544,3.862,3.862,3.862,3.862,3.862,3.862,3.862,3.862,3.862,3.862,3.862,3.862,3.862,3.862
1.5885,1.5885,1.5885,1.5885,1.5885,1.5885,1.5885,1.5885,1.5885,1.5885,1.5885,1.5885,1.5885,0.4539,1.5238,2.6178,3.7187,3.8577,3.8577,3.8577,3.8577,3.8577,3.8577,3.8577,3.8577,3.8577,3.8577
1.5867,1.5867,1.5867,1.5867,1.5867,1.5867,1.5867,1.5867,1.5867,1.5867,1.5867,1.5867,1.3589,3.8535,3.8535,3.8535,3.8535,3.8535,3.8535,3.8535,3.8535,3.8339,3.3434,2.853,2.3625,1.872,1.3815
1.585,1.585,1.585,1.585,1.585,1.585,1.585,1.585,1.585,1.585,1.585,1.585,0.9675,3.8492,3.8492,3.8492,3.8492,3.8492,3.8492,3.8492,3.8492,3.8492,3.8492,3.8492,3.8492,3.8492,3.8492
1.5832,1.5832,1.5832,1.5832,1.5832,1.5832,1.5832,1.5832,1.5832,1.5832,1.5832,1.5832,1.5832,0.4523,1.4443,2.4813,3.5247,3.8449,3.8449,3.8449,3.8449,3.8449,3.8449,3.8449,3.8449,3.8449,3.4743
1.5815,1.5815,1.5815,1.5815,1.5815,1.5815,1.5815,1.5815,1.5815,1.5815,1.5815,1.5765,0.4518,3.8407,3.8407,3.8407,3.8407,3.8407,3.8407,3.8407,3.8407,3.8407,3.8407,3.8407,3.8407,3.8407,3.8407
1.5797,1.5797,1.5797,1.5797,1.5797,1.5797,1.5797,1.5797,1.5797,1.5797,1.5797,1.5797,1.5797,0.829,2.9143,3.8365,3.8365,3.8365,3.8365,3.8365,3.8365,3.8365,3.8365,3.8365,3.8365,3.8365,3.8365
1.578,1.578,1.578,1.578,1.578,1.578,1.578,1.578,1.578,1.578,1.578,1.578,1.578,1.4847,3.8323,3.8323,3.8323,3.8323,3.8323,3.8323,3.8323,3.8323,3.3682,2.8741,2.38,1.8859,1.3918
1.5763,1.5763,1.5763,1.5763,1.5763,1.5763,1.5763,1.5763,1.5763,1.5763,1.5763,1.5763,0.4953,3.828,3.828,3.828,3.828,3.828,3.828,3.828,3.828,3.828,3.828,3.828,3.828,3.828,3.828
1.5745,1.5745,1.5745,1.5745,1.5745,1.5745,1.5745,1.5745,1.5745,1.5745,1.5745,1.5745,1.5745,0.4499,1.3829,2.3757,3.3747,3.8238,3.8238,3.8238,3.8238,3.8238,3.8238,3.8238,3.8238,3.8238,3.8238
1.5728,1.5728,1.5728,1.5728,1.5728,1.5728,1.5728,1.5728,1.5728,1.5728,1.5728,1.5728,0.6914,3.8196,3.8196,3.8196,3.8196,3.8196,3.8196,3.8196,3.8196,3.8196,3.8196,3.544,2.9347,2.3255,1.7162
1.5711,1.5711,1.5711,1.5711,1.5711,1.5711,1.5711,1.5711,1.5711,1.5711,1.5711,1.5711,1.5711,3.8155,3.8155,3.8155,3.8155,3.8155,3.8155,3.8155,3.8155,3.8155,3.8155,3.8155,3.8155,3.8155,3.8155
1.5693,1.5693,1.5693,1.5693,1.5693,1.5693,1.5693,1.5693,1.5693,1.5693,1.5693,1.5693,1.5693,0.5325,1.8719,3.2157,3.8113,3.8113,3.8113,3.8113,3.8113,3.8113,3.8113,3.8113,3.4719,2.7511,2.0303
1.5676,1.5676,1.5676,1.5676,1.5676,1.5676,1.5676,1.5676,1.5676,1.5676,1.5676,1.5313,0.4479,3.8071,3.8071,3.8071,3.8071,3.8071,3.8071,3.8071,3.8071,3.8071,3.8071,3.8071,3.8071,3.8071,3.8071
1.5659,1.5659,1.5659,1.5659,1.5659,1.5659,1.5659,1.5659,1.5659,1.5659,1.5659,1.5659,1.5659,0.5363,1.8853,3.2387,3.8029,3.8029,3.8029,3.8029,3.8029,3.8029,3.8029,3.8029,3.8029,3.8029,3.8029
1.5642,1.5642,1.5642,1.5642,1.5642,1.5642,1.5642,1.5642,1.5642,1.5642,1.5642,1.5642,1.5642,3.7988,3.7988,3.7988,3.7988,3.7988,3.7988,3.7988,3.7988,3.7988,3.3786,2.8829,2.3873,1.8917,1.396
1.5625,1.5625,1.5625,1.5625,1.5625,1.5625,1.5625,1.5625,1.5625,1.5625,1.5625,1.5625,0.711,3.7947,3.7947,3.7947,3.7947,3.7947,3.7947,3.7947,3.7947,3.7947,3.7947,3.7947,3.7947,3.7947,3.7947
1.5608,1.5608,1.5608,1.5608,1.5608,1.5608,1.5608,1.5608,1.5608,1.5608,1.5608,1.5608,1.5608,0.4459,1.4318,2.4597,3.4941,3.7905,3.7905,3.7905,3.7905,3.7905,3.7905,3.7905,3.7905,3.7905,3.7905
1.5591,1.5591,1.5591,1.5591,1.5591,1.5591,1.5591,1.5591,1.5591,1.5591,1.5591,1.5591,0.5165,3.7864,3.7864,3.7864,3.7864,3.7864,3.7864,3.7864,3.7864,3.7864,3.7864,3.7864,3.7864,3.5626,2.6292
1.5574,1.5574,1.5574,1.5574,1.5574,1.5574,1.5574,1.5574,1.5574,1.5574,1.5574,1.5574,1.5574,1.5541,3.7823,3.7823,3.7823,3.7823,3.7823,3.7823,3.7823,3.7823,3.7823,3.7823,3.7823,3.7823,3.7823
1.5557,1.5557,1.5557,1.5557,1.5557,1.5557,1.5557,1.5557,1.5557,1.5557,1.5557,1.5557,1.5557,0.8834,3.1055,3.7782,3.7782,3.7782,3.7782,3.7782,3.7782,3.7782,3.7782,3.3082,2.7395,2.1707,1.602
1.554,1.554,1.554,1.554,1.554,1.554,1.554,1.554,1.554,1.554,1.554,1.554,0.4708,3.7741,3.7741,3.7741,3.7741,3.7741,3.7741,3.7741,3.7741,3.7741,3.7741,3.7741,3.7741,3.7741,3.7741
1.5524,1.5524,1.5524,1.5524,1.5524,1.5524,1.5524,1.5524,1.5524,1.5524,1.5524,1.5524,1.5524,0.4438,1.5601,2.68,3.77,3.77,3.77,3.77,3.77,3.77,3.77,3.77,3.77,3.77,3.77
1.5507,1.5507,1.5507,1.5507,1.5507,1.5507,1.5507,1.5507,1.5507,1.5507,1.5507,1.5507,1.0511,3.7659,3.7659,3.7659,3.7659,3.7659,3.7659,3.7659,3.7659,3.7659,3.7659,3.2901,2.7244,2.1588,1.5932
1.549,1.549,1.549,1.549,1.549,1.549,1.549,1.549,1.549,1.549,1.549,1.549,1.5023,3.7619,3.7619,3.7619,3.7619,3.7619,3.7619,3.7619,3.7619,3.7619,3.7619,3.7619,3.7619,3.7619,3.7619
1.5473,1.5473,1.5473,1.5473,1.5473,1.5473,1.5473,1.5473,1.5473,1.5473,1.5473,1.5473,1.5473,0.4814,1.6922,2.907,3.7578,3.7578,3.7578,3.7578,3.7578,3.7578,3.7578,3.7578,3.7578,3.7578,2.9006
1.5457,1.5457,1.5457,1.5457,1.5457,1.5457,1.5457,1.5457,1.5457,1.5457,1.5457,1.5457,0.4636,3.7537,3.7537,3.7537,3.7537,3.7537,3.7537,3.7537,3.7537,3.7537,3.7537,3.7537,3.7537,3.7537,3.7537
1.544,1.544,1.544,1.544,1.544,1.544,1.544,1.544,1.544,1.544,1.544,1.544,1.544,0.7302,2.5667,3.7497,3.7497,3.7497,3.7497,3.7497,3.7497,3.7497,3.7497,3.7497,3.7497,3.7497,3.7497
1.5423,1.5423,1.5423,1.5423,1.5423,1.5423,1.5423,1.5423,1.5423,1.5423,1.5423,1.5423,1.5423,3.3087,3.7457,3.7457,3.7457,3.7457,3.7457,3.7457,3.7457,3.7457,3.607,3.0778,2.5487,2.0196,1.4904
1.5407,1.5407,1.5407,1.5407,1.5407,1.5407,1.5407,1.5407,1.5407,1.5407,1.5407,1.5407,0.6016,3.7416,3.7416,3.7416,3.7416,3.7416,3.7416,3.7416,3.7416,3.7416,3.7416,3.7416,3.7416,3.7416,3.7416
1.539,1.539,1.539,1.539,1.539,1.539,1.539,1.539,1.539,1.539,1.539,1.539,1.539,0.4397,1.5017,2.5799,3.6647,3.7376,3.7376,3.7376,3.7376,3.7376,3.7376,3.7376,3.7376,3.7376,3.7376
1.5374,1.5374,1.5374,1.5374,1.5374,1.5374,1.5374,1.5374,1.5374,1.5374,1.5374,1.5374,0.6547,3.7336,3.7336,3.7336,3.7336,3.7336,3.7336,3.7336,3.7336,3.7336,3.7336,3.7336,3.6421,2.886,2.1298
1.5357,1.5357,1.5357,1.5357,1.5357,1.5357,1.5357,1.5357,1.5357,1.5357,1.5357,1.5357,1.5357,3.7296,3.7296,3.7296,3.7296,3.7296,3.7296,3.7296,3.7296,3.7296,3.7296,3.7296,3.7296,3.7296,3.7296
1.5341,1.5341,1.5341,1.5341,1.5341,1.5341,1.5341,1.5341,1.5341,1.5341,1.5341,1.5341,1.5341,0.6774,2.3814,3.7256,3.7256,3.7256,3.7256,3.7256,3.7256,3.7256,3.7256,3.7256,3.3765,2.6755,1.9745
1.5324,1.5324,1.5324,1.5324,1.5324,1.5324,1.5324,1.5324,1.5324,1.5324,1.5324,1.5324,0.4762,3.7216,3.7216,3.7216,3.7216,3.7216,3.7216,3.7216,3.7216,3.7216,3.7216,3.7216,3.7216,3.7216,3.7216
1.5308,1.5308,1.5308,1.5308,1.5308,1.5308,1.5308,1.5308,1.5308,1.5308,1.5308,1.5308,1.5308,0.5337,1.876,3.2229,3.7177,3.7177,3.7177,3.7177,3.7177,3.7177,3.7177,3.7177,3.7177,3.7177,3.7177
1.5292,1.5292,1.5292,1.5292,1.5292,1.5292,1.5292,1.5292,1.5292,1.5292,1.5292,1.5292,1.5292,3.7137,3.7137,3.7137,3.7137,3.7137,3.7137,3.7137,3.7137,3.7137,3.7137,3.2644,2.7032,2.142,1.5807
1.5275,1.5275,1.5275,1.5275,1.5275,1.5275,1.5275,1.5275,1.5275,1.5275,1.5275,1.5275,0.9663,3.7097,3.7097,3.7097,3.7097,3.7097,3.7097,3.7097,3.7097,3.7097,3.7097,3.7097,3.7097,3.7097,3.7097
1.5259,1.5259,1.5259,1.5259,1.5259,1.5259,1.5259,1.5259,1.5259,1.5259,1.5259,1.5259,1.5259,0.4679,1.645,2.8259,3.7058,3.7058,3.7058,3.7058,3.7058,3.7058,3.7058,3.7058,3.7058,3.7058,3.7058
1.5243,1.5243,1.5243,1.5243,1.5243,1.5243,1.5243,1.5243,1.5243,1.5243,1.5243,1.5243,0.5343,3.7019,3.7019,3.7019,3.7019,3.7019,3.7019,3.7019,3.7019,3.7019,3.7019,3.7019,3.7019,3.7019,3.7019
1.5227,1.5227,1.5227,1.5227,1.5227,1.5227,1.5227,1.5227,1.5227,1.5227,1.5227,1.5227,1.5227,1.1655,3.6979,3.6979,3.6979,3.6979,3.6979,3.6979,3.6979,3.6979,3.6979,3.6979,3.6979,3.6979,3.6979
1.5211,1.5211,1.5211,1.5211,1.5211,1.5211,1.5211,1.5211,1.5211,1.5211,1.5211,1.5211,1.5211,1.3429,3.694,3.694,3.694,3.694,3.694,3.694,3.694,3.694,3.694,3.4807,2.8823,2.2839,1.6855
1.5194,1.5194,1.5194,1.5194,1.5194,1.5194,1.5194,1.5194,1.5194,1.5194,1.5194,1.5194,0.5581,3.6901,3.6901,3.6901,3.6901,3.6901,3.6901,3.6901,3.6901,3.6901,3.6901,3.6901,3.6901,3.6901,3.6901
1.5178,1.5178,1.5178,1.5178,1.5178,1.5178,1.5178,1.5178,1.5178,1.5178,1.5178,1.5178,1.5178,0.4745,1.668,2.8654,3.6862,3.6862,3.6862,3.6862,3.6862,3.6862,3.6862,3.6862,3.6862,3.6862,3.6862
1.5162,1.5162,1.5162,1.5162,1.5162,1.5162,1.5162,1.5162,1.5162,1.5162,1.5162,1.5162,0.9229,3.6823,3.6823,3.6823,3.6823,3.6823,3.6823,3.6823,3.6823,3.6823,3.6823,3.6823,3.2857,2.6035,1.9214
1.5146,1.5146,1.5146,1.5146,1.5146,1.5146,1.5146,1.5146,1.5146,1.5146,1.5146,1.5146,1.5146,3.6784,3.6784,3.6784,3.6784,3.6784,3.6784,3.6784,3.6784,3.6784,3.6784,3.6784,3.6784,3.6784,3.6784
1.513,1.513,1.513,1.513,1.513,1.513,1.513,1.513,1.513,1.513,1.513,1.513,1.513,0.5916,2.0798,3.5729,3.6745,3.6745,3.6745,3.6745,3.6745,3.6745,3.6745,3.6745,3.6745,3.6154,2.6682
1.5114,1.5114,1.5114,1.5114,1.5114,1.5114,1.5114,1.5114,1.5114,1.5114,1.5114,1.5114,0.5109,3.6706,3.6706,3.6706,3.6706,3.6706,3.6706,3.6706,3.6706,3.6706,3.6706,3.6706,3.6706,3.6706,3.6706
1.5098,1.5098,1.5098,1.5098,1.5098,1.5098,1.5098,1.5098,1.5098,1.5098,1.5098,1.5098,1.5098,0.6966,2.4487,3.6668,3.6668,3.6668,3.6668,3.6668,3.6668,3.6668,3.6668,3.6668,3.6668,3.6668,3.6668
1.5083,1.5083,1.5083,1.5083,1.5083,1.5083,1.5083,1.5083,1.5083,1.5083,1.5083,1.5083,1.5083,3.6629,3.6629,3.6629,3.6629,3.6629,3.6629,3.6629,3.6629,3.6629,3.6629,3.443,2.8511,2.2592,1.6672
1.5067,1.5067,1.5067,1.5067,1.5067,1.5067,1.5067,1.5067,1.5067,1.5067,1.5067,1.5067,0.7735,3.6591,3.6591,3.6591,3.6591,3.6591,3.6591,3.6591,3.6591,3.6591,3.6591,3.6591,3.6591,3.6591,3.6591
1.5051,1.5051,1.5051,1.5051,1.5051,1.5051,1.5051,1.5051,1.5051,1.5051,1.5051,1.5051,1.5051,0.485,1.705,2.9291,3.6552,3.6552,3.6552,3.6552,3.6552,3.6552,3.6552,3.6552,3.6552,3.6552,3.6552
1.5035,1.5035,1.5035,1.5035,1.5035,1.5035,1.5035,1.5035,1.5035,1.5035,1.5035,1.5035,0.6603,3.6514,3.6514,3.6514,3.6514,3.6514,3.6514,3.6514,3.6514,3.6514,3.6514,3.6514,3.6514,3.6514,2.8167
1.5019,1.5019,1.5019,1.5019,1.5019,1.5019,1.5019,1.5019,1.5019,1.5019,1.5019,1.5019,1.5019,2.7231,3.6476,3.6476,3.6476,3.6476,3.6476,3.6476,3.6476,3.6476,3.6476,3.6476,3.6476,3.6476,3.6476
1.5004,1.5004,1.5004,1.5004,1.5004,1.5004,1.5004,1.5004,1.5004,1.5004,1.5004,1.5004,1.5004,0.9269,3.2582,3.6437,3.6437,3.6437,3.6437,3.6437,3.6437,3.6437,3.6437,3.6437,3.4831,2.76,2.0369
1.4988,1.4988,1.4988,1.4988,1.4988,1.4988,1.4988,1.4988,1.4988,1.4988,1.4988,1.4988,0.5574,3.6399,3.6399,3.6399,3.6399,3.6399,3.6399,3.6399,3.6399,3.6399,3.6399,3.6399,3.6399,3.6399,3.6399
1.4972,1.4972,1.4972,1.4972,1.4972,1.4972,1.4972,1.4972,1.4972,1.4972,1.4972,1.4972,1.4972,0.5619,1.9752,3.3933,3.6361,3.6361,3.6361,3.6361,3.6361,3.6361,3.6361,3.6361,3.6361,3.6361,3.6361
1.4957,1.4957,1.4957,1.4957,1.4957,1.4957,1.4957,1.4957,1.4957,1.4957,1.4957,1.4957,1.4957,3.6323,3.6323,3.6323,3.6323,3.6323,3.6323,3.6323,3.6323,3.6323,3.6323,3.6323,3.2155,2.5479,1.8803
1.4941,1.4941,1.4941,1.4941,1.4941,1.4941,1.4941,1.4941,1.4941,1.4941,1.4941,1.4941,1.4601,3.6286,3.6286,3.6286,3.6286,3.6286,3.6286,3.6286,3.6286,3.6286,3.6286,3.6286,3.6286,3.6286,3.6286
1.4926,1.4926,1.4926,1.4926,1.4926,1.4926,1.4926,1.4926,1.4926,1.4926,1.4926,1.4926,1.4926,0.5662,1.9902,3.419,3.6248,3.6248,3.6248,3.6248,3.6248,3.6248,3.6248,3.6248,3.6248,3.6248,3.6248
1.491,1.491,1.491,1.491,1.491,1.491,1.491,1.491,1.491,1.491,1.491,1.491,0.5836,3.621,3.621,3.621,3.621,3.621,3.621,3.621,3.621,3.621,3.621,3.621,3.621,3.621,3.621
1.4895,1.4895,1.4895,1.4895,1.4895,1.4895,1.4895,1.4895,1.4895,1.4895,1.4895,1.4895,1.4895,1.0258,3.606,3.6172,3.6172,3.6172,3.6172,3.6172,3.6172,3.6172,3.6172,3.6172,3.6172,3.6172,3.6172
1.4879,1.4879,1.4879,1.4879,1.4879,1.4879,1.4879,1.4879,1.4879,1.4879,1.4879,1.4879,1.4879,2.5031,3.6135,3.6135,3.6135,3.6135,3.6135,3.6135,3.6135,3.6135,3.6135,3.6135,3.203,2.538,1.873
1.4864,1.4864,1.4864,1.4864,1.4864,1.4864,1.4864,1.4864,1.4864,1.4864,1.4864,1.4864,0.7012,3.6097,3.6097,3.6097,3.6097,3.6097,3.6097,3.6097,3.6097,3.6097,3.6097,3.6097,3.6097,3.6097,3.6097
1.4848,1.4848,1.4848,1.4848,1.4848,1.4848,1.4848,1.4848,1.4848,1.4848,1.4848,1.4848,1.4848,0.5362,1.8849,3.2381,3.606,3.606,3.606,3.606,3.606,3.606,3.606,3.606,3.606,3.606,3.606
1.4833,1.4833,1.4833,1.4833,1.4833,1.4833,1.4833,1.4833,1.4833,1.4833,1.4833,1.4833,0.8953,3.6023,3.6023,3.6023,3.6023,3.6023,3.6023,3.6023,3.6023,3.6023,3.6023,3.6023,3.6023,3.343,2.4671
1.4818,1.4818,1.4818,1.4818,1.4818,1.4818,1.4818,1.4818,1.4818,1.4818,1.4818,1.4818,1.4818,3.5986,3.5986,3.5986,3.5986,3.5986,3.5986,3.5986,3.5986,3.5986,3.5986,3.5986,3.5986,3.5986,3.5986
1.4802,1.4802,1.4802,1.4802,1.4802,1.4802,1.4802,1.4802,1.4802,1.4802,1.4802,1.4802,1.4802,0.7784,2.7363,3.5948,3.5948,3.5948,3.5948,3.5948,3.5948,3.5948,3.5948,3.5948,3.5948,3.5948,2.6794
1.4787,1.4787,1.4787,1.4787,1.4787,1.4787,1.4787,1.4787,1.4787,1.4787,1.4787,1.4787,0.597,3.5911,3.5911,3.5911,3.5911,3.5911,3.5911,3.5911,3.5911,3.5911,3.5911,3.5911,3.5911,3.5911,3.5911
1.4772,1.4772,1.4772,1.4772,1.4772,1.4772,1.4772,1.4772,1.4772,1.4772,1.4772,1.4772,1.4772,0.7204,2.5325,3.5874,3.5874,3.5874,3.5874,3.5874,3.5874,3.5874,3.5874,3.5874,3.5874,3.5874,3.5874
1.4757,1.4757,1.4757,1.4757,1.4757,1.4757,1.4757,1.4757,1.4757,1.4757,1.4757,1.4757,1.4757,3.5837,3.5837,3.5837,3.5837,3.5837,3.5837,3.5837,3.5837,3.5837,3.5837,3.5837,3.3885,2.685,1.9815
1.4741,1.4741,1.4741,1.4741,1.4741,1.4741,1.4741,1.4741,1.4741,1.4741,1.4741,1.4741,1.0819,3.5801,3.5801,3.5801,3.5801,3.5801,3.5801,3.5801,3.5801,3.5801,3.5801,3.5801,3.5801,3.5801,3.5801
1.4726,1.4726,1.4726,1.4726,1.4726,1.4726,1.4726,1.4726,1.4726,1.4726,1.4726,1.4726,1.4726,0.5866,2.0622,3.5427,3.5764,3.5764,3.5764,3.5764,3.5764,3.5764,3.5764,3.5764,3.5764,3.5764,3.5764
1.4711,1.4711,1.4711,1.4711,1.4711,1.4711,1.4711,1.4711,1.4711,1.4711,1.4711,1.4711,0.7178,3.5727,3.5727,3.5727,3.5727,3.5727,3.5727,3.5727,3.5727,3.5727,3.5727,3.5727,3.5727,3.5727,3.5727
1.4696,1.4696,1.4696,1.4696,1.4696,1.4696,1.4696,1.4696,1.4696,1.4696,1.4696,1.4696,1.4696,1.8845,3.569,3.569,3.569,3.569,3.569,3.569,3.569,3.569,3.569,3.569,3.569,3.569,3.569
1.4681,1.4681,1.4681,1.4681,1.4681,1.4681,1.4681,1.4681,1.4681,1.4681,1.4681,1.4681,1.4681,1.4217,3.5654,3.5654,3.5654,3.5654,3.5654,3.5654,3.5654,3.5654,3.5654,3.5654,3.5654,3.0674,2.2637
1.4666,1.4666,1.4666,1.4666,1.4666,1.4666,1.4666,1.4666,1.4666,1.4666,1.4666,1.4666,0.7,3.5617,3.5617,3.5617,3.5617,3.5617,3.5617,3.5617,3.5617,3.5617,3.5617,3.5617,3.5617,3.5617,3.5617
1.4651,1.4651,1.4651,1.4651,1.4651,1.4651,1.4651,1.4651,1.4651,1.4651,1.4651,1.4651,1.4651,0.6379,2.2423,3.5581,3.5581,3.5581,3.5581,3.5581,3.5581,3.5581,3.5581,3.5581,3.5581,3.5581,3.5581
1.4636,1.4636,1.4636,1.4636,1.4636,1.4636,1.4636,1.4636,1.4636,1.4636,1.4636,1.4636,1.3995,3.5545,3.5545,3.5545,3.5545,3.5545,3.5545,3.5545,3.5545,3.5545,3.5545,3.5545,3.5545,3.2659,2.4102
1.4621,1.4621,1.4621,1.4621,1.4621,1.4621,1.4621,1.4621,1.4621,1.4621,1.4621,1.4621,1.4621,3.5508,3.5508,3.5508,3.5508,3.5508,3.5508,3.5508,3.5508,3.5508,3.5508,3.5508,3.5508,3.5508,3.5508
1.4606,1.4606,1.4606,1.4606,1.4606,1.4606,1.4606,1.4606,1.4606,1.4606,1.4606,1.4606,1.4606,0.742,2.6084,3.5472,3.5472,3.5472,3.5472,3.5472,3.5472,3.5472,3.5472,3.5472,3.5472,3.5472,3.5472
1.4591,1.4591,1.4591,1.4591,1.4591,1.4591,1.4591,1.4591,1.4591,1.4591,1.4591,1.4591,0.6903,3.5436,3.5436,3.5436,3.5436,3.5436,3.5436,3.5436,3.5436,3.5436,3.5436,3.5436,3.5436,3.5436,3.5436
1.4577,1.4577,1.4577,1.4577,1.4577,1.4577,1.4577,1.4577,1.4577,1.4577,1.4577,1.4577,1.4577,1.0322,3.54,3.54,3.54,3.54,3.54,3.54,3.54,3.54,3.54,3.54,3.54,3.54,3.54
1.4562,1.4562,1.4562,1.4562,1.4562,1.4562,1.4562,1.4562,1.4562,1.4562,1.4562,1.4562,1.4562,3.5364,3.5364,3.5364,3.5364,3.5364,3.5364,3.5364,3.5364,3.5364,3.5364,3.5364,3.5364,3.0645,2.2616
1.4547,1.4547,1.4547,1.4547,1.4547,1.4547,1.4547,1.4547,1.4547,1.4547,1.4547,1.4547,0.9676,3.5328,3.5328,3.5328,3.5328,3.5328,3.5328,3.5328,3.5328,3.5328,3.5328,3.5328,3.5328,3.5328,3.5328
1.4532,1.4532,1.4532,1.4532,1.4532,1.4532,1.4532,1.4532,1.4532,1.4532,1.4532,1.4532,1.4532,0.6612,2.3243,3.5292,3.5292,3.5292,3.5292,3.5292,3.5292,3.5292,3.5292,3.5292,3.5292,3.5292,3.5292
1.4517,1.4517,1.4517,1.4517,1.4517,1.4517,1.4517,1.4517,1.4517,1.4517,1.4517,1.4517,0.9742,3.5257,3.5257,3.5257,3.5257,3.5257,3.5257,3.5257,3.5257,3.5257,3.5257,3.5257,3.5257,3.5257,3.5108
1.4503,1.4503,1.4503,1.4503,1.4503,1.4503,1.4503,1.4503,1.4503,1.4503,1.4503,1.4503,1.4503,3.5221,3.5221,3.5221,3.5221,3.5221,3.5221,3.5221,3.5221,3.5221,3.5221,3.5221,3.5221,3.5221,3.5221
1.4488,1.4488,1.4488,1.4488,1.4488,1.4488,1.4488,1.4488,1.4488,1.4488,1.4488,1.4488,1.4488,1.148,3.5185,3.5185,3.5185,3.5185,3.5185,3.5185,3.5185,3.5185,3.5185,3.5185,3.5185,3.5185,3.0123
1.4473,1.4473,1.4473,1.4473,1.4473,1.4473,1.4473,1.4473,1.4473,1.4473,1.4473,1.4473,0.7697,3.515,3.515,3.515,3.515,3.515,3.515,3.515,3.515,3.515,3.515,3.515,3.515,3.515,3.515
1.4459,1.4459,1.4459,1.4459,1.4459,1.4459,1.4459,1.4459,1.4459,1.4459,1.4459,1.4459,1.4459,0.8351,2.9357,3.5114,3.5114,3.5114,3.5114,3.5114,3.5114,3.5114,3.5114,3.5114,3.5114,3.5114,3.5114
1.4444,1.4444,1.4444,1.4444,1.4444,1.4444,1.4444,1.4444,1.4444,1.4444,1.4444,1.4444,1.4444,3.5079,3.5079,3.5079,3.5079,3.5079,3.5079,3.5079,3.5079,3.5079,3.5079,3.5079,3.5079,3.5079,2.6171
1.443,1.443,1.443,1.443,1.443,1.443,1.443,1.443,1.443,1.443,1.443,1.443,1.443,3.5044,3.5044,3.5044,3.5044,3.5044,3.5044,3.5044,3.5044,3.5044,3.5044,3.5044,3.5044,3.5044,3.5044
1.4415,1.4415,1.4415,1.4415,1.4415,1.4415,1.4415,1.4415,1.4415,1.4415,1.4415,1.4415,1.4415,0.7951,2.7952,3.5009,3.5009,3.5009,3.5009,3.5009,3.5009,3.5009,3.5009,3.5009,3.5009,3.5009,3.5009
1.4401,1.4401,1.4401,1.4401,1.4401,1.4401,1.4401,1.4401,1.4401,1.4401,1.4401,1.4401,0.8824,3.4973,3.4973,3.4973,3.4973,3.4973,3.4973,3.4973,3.4973,3.4973,3.4973,3.4973,3.4973,3.4973,3.4973
1.4386,1.4386,1.4386,1.4386,1.4386,1.4386,1.4386,1.4386,1.4386,1.4386,1.4386,1.4386,1.4386,1.777,3.4938,3.4938,3.4938,3.4938,3.4938,3.4938,3.4938,3.4938,3.4938,3.4938,3.4938,3.4938,3.4938
1.4372,1.4372,1.4372,1.4372,1.4372,1.4372,1.4372,1.4372,1.4372,1.4372,1.4372,1.4372,1.4372,2.7124,3.4903,3.4903,3.4903,3.4903,3.4903,3.4903,3.4903,3.4903,3.4903,3.4903,3.4903,3.4903,2.8666
1.4358,1.4358,1.4358,1.4358,1.4358,1.4358,1.4358,1.4358,1.4358,1.4358,1.4358,1.4358,1.0063,3.4868,3.4868,3.4868,3.4868,3.4868,3.4868,3.4868,3.4868,3.4868,3.4868,3.4868,3.4868,3.4868,3.4868
1.4343,1.4343,1.4343,1.4343,1.4343,1.4343,1.4343,1.4343,1.4343,1.4343,1.4343,1.4343,1.4343,0.8329,2.928,3.4833,3.4833,3.4833,3.4833,3.4833,3.4833,3.4833,3.4833,3.4833,3.4833,3.4833,3.4833
1.4329,1.4329,1.4329,1.4329,1.4329,1.4329,1.4329,1.4329,1.4329,1.4329,1.4329,1.4329,1.4329,3.4799,3.4799,3.4799,3.4799,3.4799,3.4799,3.4799,3.4799,3.4799,3.4799,3.4799,3.4799,3.4799,3.4799
1.4315,1.4315,1.4315,1.4315,1.4315,1.4315,1.4315,1.4315,1.4315,1.4315,1.4315,1.4315,1.4315,3.4764,3.4764,3.4764,3.4764,3.4764,3.4764,3.4764,3.4764,3.4764,3.4764,3.4764,3.4764,3.4764,3.4764
1.43,1.43,1.43,1.43,1.43,1.43,1.43,1.43,1.43,1.43,1.43,1.43,1.43,1.1477,3.4729,3.4729,3.4729,3.4729,3.4729,3.4729,3.4729,3.4729,3.4729,3.4729,3.4729,3.4729,3.4729
1.4286,1.4286,1.4286,1.4286,1.4286,1.4286,1.4286,1.4286,1.4286,1.4286,1.4286,1.4286,0.9644,3.4695,3.4695,3.4695,3.4695,3.4695,3.4695,3.4695,3.4695,3.4695,3.4695,3.4695,3.4695,3.4695,3.4695
1.4272,1.4272,1.4272,1.4272,1.4272,1.4272,1.4272,1.4272,1.4272,1.4272,1.4272,1.4272,1.4272,1.2744,3.466,3.466,3.466,3.466,3.466,3.466,3.466,3.466,3.466,3.466,3.466,3.466,3.466
1.4258,1.4258,1.4258,1.4258,1.4258,1.4258,1.4258,1.4258,1.4258,1.4258,1.4258,1.4258,1.4258,3.4626,3.4626,3.4626,3.4626,3.4626,3.4626,3.4626,3.4626,3.4626,3.4626,3.4626,3.4626,3.4626,3.2831
1.4243,1.4243,1.4243,1.4243,1.4243,1.4243,1.4243,1.4243,1.4243,1.4243,1.4243,1.4243,1.4243,3.4591,3.4591,3.4591,3.4591,3.4591,3.4591,3.4591,3.4591,3.4591,3.4591,3.4591,3.4591,3.4591,3.4591
1.4229,1.4229,1.4229,1.4229,1.4229,1.4229,1.4229,1.4229,1.4229,1.4229,1.4229,1.4229,1.4229,1.002,3.4557,3.4557,3.4557,3.4557,3.4557,3.4557,3.4557,3.4557,3.4557,3.4557,3.4557,3.4557,3.4557
1.4215,1.4215,1.4215,1.4215,1.4215,1.4215,1.4215,1.4215,1.4215,1.4215,1.4215,1.4215,1.339,3.4523,3.4523,3.4523,3.4523,3.4523,3.4523,3.4523,3.4523,3.4523,3.4523,3.4523,3.4523,3.4523,3.4523
1.4201,1.4201,1.4201,1.4201,1.4201,1.4201,1.4201,1.4201,1.4201,1.4201,1.4201,1.4201,1.4201,3.4488,3.4488,3.4488,3.4488,3.4488,3.4488,3.4488,3.4488,3.4488,3.4488,3.4488,3.4488,3.4488,3.4488
1.4187,1.4187,1.4187,1.4187,1.4187,1.4187,1.4187,1.4187,1.4187,1.4187,1.4187,1.4187,1.4187,2.2448,3.4454,3.4454,3.4454,3.4454,3.4454,3.4454,3.4454,3.4454,3.4454,3.4454,3.4454,3.4454,3.4454
1.4173,1.4173,1.4173,1.4173,1.4173,1.4173,1.4173,1.4173,1.4173,1.4173,1.4173,1.4173,1.2976,3.442,3.442,3.442,3.442,3.442,3.442,3.442,3.442,3.442,3.442,3.442,3.442,3.442,3.442
1.4159,1.4159,1.4159,1.4159,1.4159,1.4159,1.4159,1.4159,1.4159,1.4159,1.4159,1.4159,1.4159,1.3005,3.4386,3.4386,3.4386,3.4386,3.4386,3.4386,3.4386,3.4386,3.4386,3.4386,3.4386,3.4386,3.4386
1.4145,1.4145,1.4145,1.4145,1.4145,1.4145,1.4145,1.4145,1.4145,1.4145,1.4145,1.4145,1.4145,3.4352,3.4352,3.4352,3.4352,3.4352,3.4352,3.4352,3.4352,3.4352,3.4352,3.4352,3.4352,3.4352,3.4352
1.4131,1.4131,1.4131,1.4131,1.4131,1.4131,1.4131,1.4131,1.4131,1.4131,1.4131,1.4131,1.4131,3.4318,3.4318,3.4318,3.4318,3.4318,3.4318,3.4318,3.4318,3.4318,3.4318,3.4318,3.4318,3.4318,3.4318
1.4117,1.4117,1.4117,1.4117,1.4117,1.4117,1.4117,1.4117,1.4117,1.4117,1.4117,1.4117,1.4117,1.5665,3.4285,3.4285,3.4285,3.4285,3.4285,3.4285,3.4285,3.4285,3.4285,3.4285,3.4285,3.4285,3.4285
1.4103,1.4103,1.4103,1.4103,1.4103,1.4103,1.4103,1.4103,1.4103,1.4103,1.4103,1.4103,1.4103,3.4251,3.4251,3.4251,3.4251,3.4251,3.4251,3.4251,3.4251,3.4251,3.4251,3.4251,3.4251,3.4251,3.4251
1.4089,1.4089,1.4089,1.4089,1.4089,1.4089,1.4089,1.4089,1.4089,1.4089,1.4089,1.4089,1.4089,2.867,3.4217,3.4217,3.4217,3.4217,3.4217,3.4217,3.4217,3.4217,3.4217,3.4217,3.4217,3.4217,3.4217
1.4076,1.4076,1.4076,1.4076,1.4076,1.4076,1.4076,1.4076,1.4076,1.4076,1.4076,1.4076,1.4076,3.4184,3.4184,3.4184,3.4184,3.4184,3.4184,3.4184,3.4184,3.4184,3.4184,3.4184,3.4184,3.4184,3.4184
1.4062,1.4062,1.4062,1.4062,1.4062,1.4062,1.4062,1.4062,1.4062,1.4062,1.4062,1.4062,1.4062,3.415,3.415,3.415,3.415,3.415,3.415,3.415,3.415,3.415,3.415,3.415,3.415,3.415,3.415
1.4048,1.4048,1.4048,1.4048,1.4048,1.4048,1.4048,1.4048,1.4048,1.4048,1.4048,1.4048,1.4048,2.1517,3.4117,3.4117,3.4117,3.4117,3.4117,3.4117,3.4117,3.4117,3.4117,3.4117,3.4117,3.4117,3.4117
1.4034,1.4034,1.4034,1.4034,1.4034,1.4034,1.4034,1.4034,1.4034,1.4034,1.4034,1.4034,1.4034,3.4083,3.4083,3.4083,3.4083,3.4083,3.4083,3.4083,3.4083,3.4083,3.4083,3.4083,3.4083,3.4083,3.4083
1.4021,1.4021,1.4021,1.4021,1.4021,1.4021,1.4021,1.4021,1.4021,1.4021,1.4021,1.4021,1.4021,3.405,3.405,3.405,3.405,3.405,3.405,3.405,3.405,3.405,3.405,3.405,3.405,3.405,3.405
1.4007,1.4007,1.4007,1.4007,1.4007,1.4007,1.4007,1.4007,1.4007,1.4007,1.4007,1.4007,1.4007,3.4017,3.4017,3.4017,3.4017,3.4017,3.4017,3.4017,3.4017,3.4017,3.4017,3.4017,3.4017,3.4017,3.4017
