1.9548,1.9548,1.9548,1.9548,1.9548,1.9548,1.9548,1.9548,1.9548,1.9548,1.9548,1.9548,1.9548,1.9548,1.9548,1.9548,1.9548,1.9548,1.9548,1.9548,1.9548,1.9548,1.9548,1.9548,1.9548,1.9548,1.9548,1.9548
1.9567,1.9567,1.9567,1.9567,1.9567,1.9567,1.9567,1.9567,1.9567,1.9567,1.9567,1.9567,1.9567,1.9567,1.9567,1.9567,1.9567,1.9567,1.9567,1.9567,1.9567,1.9567,1.9567,1.9567,1.9567,1.9567,1.9567,1.9567
1.9586,1.9586,1.9586,1.9586,1.9586,1.9586,1.9586,1.9586,1.9586,1.9586,1.9586,1.9586,1.9586,1.9586,1.9586,1.9586,1.9586,1.9586,1.9586,1.9586,1.9586,1.9586,1.9586,1.9586,1.9586,1.9586,1.9586,1.9586
1.9605,1.9605,1.9605,1.9605,1.9605,1.9605,1.9605,1.9605,1.9605,1.9605,1.9605,1.9605,1.9605,1.9605,1.9605,1.9605,1.9605,1.9605,1.9605,1.9605,1.9605,1.9605,1.9605,1.9605,1.9605,1.9605,1.9605,1.9605
1.9625,1.9625,1.9625,1.9625,1.9625,1.9625,1.9625,1.9625,1.9625,1.9625,1.9625,1.9625,1.9625,1.9625,1.9625,1.9625,1.9625,1.9625,1.9625,1.9625,1.9625,1.9625,1.9625,1.9625,1.9625,1.9625,1.9625,1.9625
1.9644,1.9644,1.9644,1.9644,1.9644,1.9644,1.9644,1.9644,1.9644,1.9644,1.9644,1.9644,1.9644,1.9644,1.9644,1.9644,1.9644,1.9644,1.9644,1.9644,1.9644,1.9644,1.9644,1.9644,1.9644,1.9644,1.9644,1.9644
1.9663,1.9663,1.9663,1.9663,1.9663,1.9663,1.9663,1.9663,1.9663,1.9663,1.9663,1.9663,1.9663,1.9663,1.9663,1.9663,1.9663,1.9663,1.9663,1.9663,1.9663,1.9663,1.9663,1.9663,1.9663,1.9663,1.9663,1.9663
1.9682,1.9682,1.9682,1.9682,1.9682,1.9682,1.9682,1.9682,1.9682,1.9682,1.9682,1.9682,1.9682,1.9682,1.9682,1.9682,1.9682,1.9682,1.9682,1.9682,1.9682,1.9682,1.9682,1.9682,1.9682,1.9682,1.9682,1.9682
1.9702,1.9702,1.9702,1.9702,1.9702,1.9702,1.9702,1.9702,1.9702,1.9702,1.9702,1.9702,1.9702,1.9702,1.9702,1.9702,1.9702,1.9702,1.9702,1.9702,1.9702,1.9702,1.9702,1.9702,1.9702,1.9702,1.9702,1.9702
1.9721,1.9721,1.9721,1.9721,1.9721,1.9721,1.9721,1.9721,1.9721,1.9721,1.9721,1.9721,1.9721,1.9721,1.9721,1.9721,1.9721,1.9721,1.9721,1.9721,1.9721,1.9721,1.9721,1.9721,1.9721,1.9721,1.9721,1.9721
1.9741,1.9741,1.9741,1.9741,1.9741,1.9741,1.9741,1.9741,1.9741,1.9741,1.9741,1.9741,1.9741,1.9741,1.9741,1.9741,1.9741,1.9741,1.9741,1.5313,1.9741,1.9741,1.9741,1.9741,1.9741,1.9741,1.9741,1.9741
1.976,1.976,1.976,1.976,1.976,1.976,1.976,1.976,1.976,1.976,1.976,1.976,1.976,1.976,1.976,1.976,1.976,1.976,1.976,1.976,1.976,1.976,1.976,1.976,1.976,1.976,1.976,1.976
1.978,1.978,1.978,1.978,1.978,1.978,1.978,1.978,1.978,1.978,1.978,1.978,1.978,1.978,1.978,1.978,1.978,1.978,1.978,1.978,1.978,1.978,1.978,1.978,1.978,1.978,1.978,1.978
1.9799,1.9799,1.9799,1.9799,1.9799,1.9799,1.9799,1.9799,1.9799,1.9799,1.9799,1.9799,1.9799,1.9799,1.9799,1.9799,1.9799,1.9799,1.9799,1.9799,1.9799,1.9799,1.9799,1.9799,1.9799,1.9799,1.9799,1.9799
1.9819,1.9819,1.9819,1.9819,1.9819,1.9819,1.9819,1.9819,1.9819,1.9819,1.9819,1.9819,1.9819,1.9819,1.9819,1.9819,1.9819,1.9819,1.9819,1.9819,1.9819,1.9819,1.9819,1.9819,1.9819,1.9819,1.9819,1.9819
1.9839,1.9839,1.9839,1.9839,1.9839,1.9839,1.9839,1.9839,1.9839,1.9839,1.9839,1.9839,1.9839,1.9839,1.9839,1.9839,1.9839,1.9839,1.9839,1.9839,1.9839,1.9839,1.9839,1.9839,1.9839,1.9839,1.9839,1.9839
1.9858,1.9858,1.9858,1.9858,1.9858,1.9858,1.9858,1.9858,1.9858,1.9858,1.9858,1.9858,1.9858,1.9858,1.9858,1.9858,1.9858,1.9858,1.9858,1.9858,1.9858,1.9858,1.9858,1.9858,1.9858,1.9858,1.9858,1.9858
1.9878,1.9878,1.9878,1.9878,1.9878,1.9878,1.9878,1.9878,1.9878,1.9878,1.9878,1.9878,1.9878,1.9878,1.9878,1.9878,1.9878,1.9878,1.9878,1.9878,1.9878,1.9878,1.9878,1.9878,1.9878,1.9878,1.9878,1.9878
1.9898,1.9898,1.9898,1.9898,1.9898,1.9898,1.9898,1.9898,1.9898,1.9898,1.9898,1.9898,1.9898,1.9898,1.9898,1.9898,1.9898,1.9898,1.9898,1.4872,1.9898,1.9898,1.9898,1.9898,1.9898,1.9898,1.9898,1.9898
1.9918,1.9918,1.9918,1.9918,1.9918,1.9918,1.9918,1.9918,1.9918,1.9918,1.9918,1.9918,1.9918,1.9918,1.9918,1.9918,1.9918,1.9918,1.9918,1.9918,1.9918,1.9918,1.9918,1.9918,1.9918,1.9918,1.9918,1.9918
1.9937,1.9937,1.9937,1.9937,1.9937,1.9937,1.9937,1.9937,1.9937,1.9937,1.9937,1.9937,1.9937,1.9937,1.9937,1.9937,1.9937,1.9937,1.9937,1.9937,1.9937,1.9937,1.9937,1.9937,1.9937,1.9937,1.9937,1.9937
1.9957,1.9957,1.9957,1.9957,1.9957,1.9957,1.9957,1.9957,1.9957,1.9957,1.9957,1.9957,1.9957,1.9957,1.9957,1.9957,1.9957,1.9957,1.9957,1.9957,1.9957,1.9957,1.9957,1.9957,1.9957,1.9957,1.9957,1.9957
1.9977,1.9977,1.9977,1.9977,1.9977,1.9977,1.9977,1.9977,1.9977,1.9977,1.9977,1.9977,1.9977,1.9977,1.9977,1.9977,1.9977,1.9977,1.9977,1.9977,1.9977,1.9977,1.9977,1.9977,1.9977,1.9977,1.9977,1.9977
1.9997,1.9997,1.9997,1.9997,1.9997,1.9997,1.9997,1.9997,1.9997,1.9997,1.9997,1.9997,1.9997,1.9997,1.9997,1.9997,1.9997,1.9997,1.9997,0.9525,1.9997,1.9997,1.9997,1.9997,1.9997,1.9997,1.9997,1.9997
2.0017,2.0017,2.0017,2.0017,2.0017,2.0017,2.0017,2.0017,2.0017,2.0017,2.0017,2.0017,2.0017,2.0017,2.0017,2.0017,2.0017,2.0017,2.0017,2.0017,2.0017,2.0017,2.0017,2.0017,2.0017,2.0017,2.0017,2.0017
2.0037,2.0037,2.0037,2.0037,2.0037,2.0037,2.0037,2.0037,2.0037,2.0037,2.0037,2.0037,2.0037,1.7661,2.0037,2.0037,2.0037,2.0037,2.0037,2.0037,2.0037,2.0037,2.0037,2.0037,2.0037,2.0037,2.0037,2.0037
2.0057,2.0057,2.0057,2.0057,2.0057,2.0057,2.0057,2.0057,2.0057,2.0057,2.0057,2.0057,2.0057,2.0046,2.0057,2.0057,2.0057,2.0057,2.0057,2.0057,2.0057,2.0057,2.0057,2.0057,2.0057,2.0057,2.0057,2.0057
2.0077,2.0077,2.0077,2.0077,2.0077,2.0077,2.0077,2.0077,2.0077,2.0077,2.0077,2.0077,2.0077,2.0077,2.0077,2.0077,2.0077,2.0077,2.0077,2.0077,2.0077,2.0077,2.0077,2.0077,2.0077,2.0077,2.0077,2.0077
2.0098,2.0098,2.0098,2.0098,2.0098,2.0098,2.0098,2.0098,2.0098,2.0098,2.0098,2.0098,2.0098,2.0098,2.0098,2.0098,2.0098,2.0098,2.0098,2.0098,2.0098,2.0098,2.0098,2.0098,2.0098,2.0098,2.0098,2.0098
2.0118,2.0118,2.0118,2.0118,2.0118,2.0118,2.0118,2.0118,2.0118,2.0118,2.0118,2.0118,2.0118,2.0118,2.0118,2.0118,2.0118,2.0118,2.0118,2.0118,2.0118,2.0118,2.0118,2.0118,2.0118,2.0118,2.0118,2.0118
2.0138,2.0138,2.0138,2.0138,2.0138,2.0138,2.0138,2.0138,2.0138,2.0138,2.0138,2.0138,2.0138,2.0138,1.8758,2.0138,2.0138,2.0138,2.0138,2.0138,1.7814,2.0138,2.0138,2.0138,2.0138,2.0138,2.0138,2.0138
2.0158,2.0158,2.0158,2.0158,2.0158,2.0158,2.0158,2.0158,2.0158,2.0158,2.0158,2.0158,2.0158,2.0158,2.0158,2.0158,2.0158,2.0158,2.0158,0.9576,2.0158,2.0158,2.0158,2.0158,2.0158,2.0158,2.0158,2.0158
1.9686,2.0179,2.0179,2.0179,2.0179,2.0179,2.0179,2.0179,2.0179,2.0179,2.0179,2.0179,2.0179,2.0179,2.0179,2.0179,2.0179,2.0179,2.0179,2.0179,2.0179,2.0179,2.0179,2.0179,2.0179,2.0179,2.0179,2.0179
2.0199,2.0199,2.0199,2.0199,2.0199,2.0199,2.0199,2.0199,2.0199,2.0199,2.0199,2.0199,2.0199,2.0199,2.0199,2.0199,2.0199,2.0199,2.0199,2.0199,2.0199,2.0199,2.0199,2.0199,2.0199,2.0199,2.0199,2.0199
2.0219,2.0219,2.0219,2.0219,2.0219,2.0219,2.0219,2.0219,2.0219,2.0219,2.0219,2.0219,2.0219,1.9186,1.9335,2.0219,2.0219,2.0219,2.0219,2.0219,2.0219,2.0219,2.0219,2.0219,2.0219,2.0219,2.0219,2.0219
2.024,2.024,2.024,2.024,2.024,2.024,2.024,2.024,2.024,2.024,2.024,2.024,2.024,2.024,2.024,1.953,2.024,2.024,2.024,2.024,2.024,2.024,2.024,2.024,2.024,2.024,2.024,2.024
2.026,2.026,2.026,2.026,2.026,2.026,2.026,2.026,2.026,2.026,2.026,2.026,2.026,2.026,2.026,2.026,2.026,2.026,2.026,2.026,2.026,2.026,2.026,2.026,2.026,2.026,2.026,2.026
2.0281,2.0281,2.0281,2.0281,2.0281,2.0281,2.0281,2.0281,2.0281,2.0281,2.0281,2.0281,2.0281,2.0281,2.0281,2.0281,2.0281,2.0281,2.0281,2.0281,2.0281,2.0281,2.0281,2.0281,2.0281,2.0281,2.0281,2.0281
2.0302,2.0302,2.0302,2.0302,2.0302,2.0302,2.0302,2.0302,2.0302,2.0302,2.0302,2.0302,2.0302,2.0302,1.6267,2.0302,2.0302,2.0302,2.0302,2.0302,2.0302,2.0302,2.0302,2.0302,2.0302,2.0302,2.0302,2.0302
2.0322,2.0322,2.0322,2.0322,2.0322,2.0322,2.0322,2.0322,2.0322,2.0322,2.0322,2.0322,2.0322,2.0322,2.0322,2.0322,2.0322,2.0322,2.0322,1.195,2.0322,2.0322,2.0322,2.0322,2.0322,2.0322,2.0322,2.0322
1.7723,2.0343,2.0343,2.0343,2.0343,2.0343,2.0343,2.0343,2.0343,2.0343,2.0343,2.0343,2.0343,2.0343,2.0343,2.0343,2.0343,2.0343,2.0343,2.0343,2.0343,1.8793,2.0343,2.0343,2.0343,2.0343,2.0343,2.0343
2.0364,2.0364,2.0364,2.0364,2.0364,2.0364,2.0364,2.0364,2.0364,2.0364,2.0364,2.0364,2.0364,2.0364,2.0364,2.0364,2.0364,2.0364,2.0364,2.0364,2.0364,2.0364,2.0364,2.0364,2.0364,2.0364,2.0364,2.0364
2.0384,2.0384,2.0384,2.0384,2.0384,2.0384,2.0384,2.0384,2.0384,2.0384,2.0384,2.0384,2.0384,1.7921,1.8061,2.0384,2.0384,2.0384,2.0384,2.0384,1.3581,2.0384,2.0384,2.0384,2.0384,2.0384,2.0384,2.0384
2.0405,2.0405,2.0405,2.0405,2.0405,2.0405,2.0405,2.0405,2.0405,2.0405,2.0405,2.0405,2.0405,2.0405,1.7111,1.3521,2.0405,2.0405,2.0405,2.0405,2.0405,2.0405,2.0405,2.0405,2.0405,2.0405,2.0405,2.0405
2.0426,2.0426,2.0426,2.0426,2.0426,2.0426,2.0426,2.0426,2.0426,2.0426,2.0426,2.0426,2.0426,2.0426,2.0426,2.0426,2.0426,2.0426,2.0426,0.7243,2.0426,2.0426,2.0426,2.0426,2.0426,2.0426,2.0426,2.0414
1.7746,2.0447,2.0447,2.0447,2.0447,2.0447,2.0447,2.0447,2.0447,2.0447,2.0447,2.0447,2.0447,2.0447,2.0447,2.0447,2.0447,2.0447,2.0447,2.0447,2.0447,2.0447,2.0447,2.0447,2.0447,2.0447,2.0447,2.0447
2.0468,2.0468,2.0468,2.0468,2.0468,2.0468,2.0468,2.0468,2.0468,2.0468,2.0468,2.0468,2.0468,1.352,1.6365,2.0468,2.0468,2.0468,2.0468,2.0468,2.0468,2.0468,2.0468,2.0468,2.0468,2.0468,2.0468,2.0468
2.0489,2.0489,2.0489,2.0489,2.0489,2.0489,2.0489,2.0489,2.0489,2.0489,2.0489,2.0489,2.0489,1.4306,1.7227,2.0431,2.0489,2.0489,2.0489,2.0489,2.0489,2.0489,2.0489,2.0489,2.0489,2.0489,2.0489,2.0489
1.8533,2.051,2.051,2.051,2.051,2.051,2.051,2.051,2.051,2.051,2.051,2.051,2.051,2.051,2.051,2.051,2.051,2.051,2.051,2.051,2.051,1.6842,2.051,2.051,2.051,2.051,2.051,2.051
2.0531,2.0531,2.0531,2.0531,2.0531,2.0531,2.0531,2.0531,2.0531,2.0531,2.0531,2.0531,2.0531,2.0531,2.0531,2.0531,2.0531,2.0531,1.9844,2.0531,2.0531,2.0531,2.0531,2.0531,2.0531,2.0531,2.0531,1.8546
2.0552,2.0552,2.0552,2.0552,2.0552,2.0552,2.0552,2.0552,2.0552,2.0552,2.0552,2.0552,2.0552,2.0552,1.6487,2.0552,2.0552,2.0552,2.0552,2.0552,2.0552,2.0552,2.0552,2.0552,2.0552,2.0552,2.0552,2.0552
2.0573,2.0573,2.0573,2.0573,2.0573,2.0573,2.0573,2.0573,2.0573,2.0573,2.0573,2.0573,2.0573,2.0573,1.4148,2.0573,2.0573,2.0573,2.0573,2.0573,1.5878,2.0573,2.0573,2.0573,2.0573,2.0573,2.0573,2.0573
2.0594,2.0594,2.0594,2.0594,2.0594,2.0594,2.0594,2.0594,2.0594,2.0594,2.0594,2.0594,2.0594,2.0594,2.0594,2.0594,2.0594,2.0594,2.0594,0.8242,2.0594,2.0594,2.0594,2.0594,2.0594,2.0594,2.0594,2.0594
1.5219,2.0615,2.0615,2.0615,2.0615,2.0615,2.0615,2.0615,2.0615,2.0615,2.0615,2.0615,2.0615,2.0615,2.0615,2.0615,2.0615,2.0615,2.0615,2.0615,2.0615,2.0615,2.0615,2.0615,2.0615,2.0615,2.0615,2.0615
2.0637,2.0637,2.0637,2.0637,2.0637,2.0637,2.0637,2.0637,2.0637,2.0637,2.0637,2.0637,2.0637,1.9708,2.0637,2.0637,2.0637,2.0637,2.0637,2.0637,2.0637,2.0637,2.0637,2.0637,2.0637,2.0637,2.0637,2.0637
2.0658,2.0658,2.0658,2.0658,2.0658,2.0658,2.0658,2.0658,2.0658,2.0658,2.0658,2.0658,2.0658,1.5182,1.53,1.8146,2.0658,2.0658,2.0658,2.0658,2.0658,2.0658,2.0658,2.0658,2.0658,2.0658,2.0658,2.0658
2.0679,2.0679,2.0679,2.0679,2.0679,2.0679,2.0679,2.0679,2.0679,2.0679,2.0679,2.0679,2.0679,2.0679,1.4194,1.3721,2.0679,2.0679,2.0679,2.0679,2.0679,2.0679,2.0679,2.0679,2.0679,2.0679,2.0679,2.0679
2.0701,2.0701,2.0701,2.0701,2.0701,2.0701,2.0701,2.0701,2.0701,2.0701,2.0701,2.0701,2.0701,2.0701,2.0701,2.0701,2.0701,2.0701,1.8236,0.8698,2.0701,2.0701,2.0701,2.0701,2.0701,2.0701,2.0701,1.7043
1.7639,2.0722,2.0722,2.0722,2.0722,2.0722,2.0722,2.0722,2.0722,2.0722,2.0722,2.0722,2.0722,2.0722,2.0722,2.0722,2.0722,2.0722,2.0722,2.0722,2.0722,2.0722,2.0722,2.0722,2.0722,2.0722,2.0722,2.0722
2.0744,2.0744,2.0744,2.0744,2.0744,2.0744,2.0744,2.0744,2.0744,2.0744,2.0744,2.0744,2.0744,1.5736,1.3447,2.0744,2.0744,2.0744,2.0744,2.0744,2.0744,2.0744,2.0744,2.0744,2.0744,2.0744,2.0744,2.0744
2.0765,2.0765,2.0765,2.0765,2.0765,2.0765,2.0765,2.0765,2.0765,2.0765,2.0765,2.0765,2.0765,1.3955,1.6804,2.0765,2.0765,2.0765,2.0765,1.1924,2.0765,2.0765,2.0765,2.0765,2.0765,2.0765,2.0765,2.0765
1.4963,2.0787,2.0787,2.0787,2.0787,2.0787,2.0787,2.0787,2.0787,2.0787,2.0787,2.0787,2.0787,2.0787,2.0787,2.0787,1.9485,2.0787,2.0787,2.0787,2.0787,1.3597,2.0787,2.0787,2.0787,2.0787,2.0787,2.0787
2.0808,2.0808,2.0808,2.0808,2.0808,2.0808,2.0808,2.0808,2.0808,2.0808,2.0808,2.0808,2.0808,2.0808,2.0808,2.0808,2.0808,2.0808,2.0808,2.0808,2.0808,2.0808,2.0808,2.0808,2.0808,2.0808,2.0808,1.7779
2.083,2.083,2.083,2.083,2.083,2.083,2.083,2.083,2.083,2.083,2.083,2.083,2.083,2.083,1.557,1.8466,2.083,2.083,2.083,2.083,1.1708,2.083,2.083,2.083,2.083,2.083,2.083,2.083
2.0852,2.0852,2.0852,2.0852,2.0852,2.0852,2.0852,2.0852,2.0852,2.0852,2.0852,2.0852,2.0852,2.0852,1.3341,1.4231,2.0852,2.0852,2.0852,2.0852,1.2669,2.0852,2.0852,2.0852,2.0852,2.0852,2.0852,2.0852
2.0873,2.0873,2.0873,2.0873,2.0873,2.0873,2.0873,2.0873,2.0873,2.0873,2.0873,2.0873,2.0873,2.0873,2.0873,2.0873,2.0873,2.0873,1.9232,0.6378,2.0873,2.0873,2.0873,2.0873,2.0873,2.0873,2.0873,1.7974
1.4124,2.0895,2.0895,2.0895,2.0895,2.0895,2.0895,2.0895,2.0895,2.0895,2.0895,2.0895,2.0895,2.0895,2.0895,2.0895,2.0895,2.0895,2.0895,2.0895,2.0895,2.0895,2.0895,2.0895,2.0895,2.0895,2.0895,2.0895
2.0917,2.0917,2.0917,2.0917,2.0917,2.0917,2.0917,2.0917,2.0917,2.0917,2.0917,2.0917,2.0917,1.4854,1.4725,2.0917,2.0917,2.0917,2.0917,2.0917,2.0917,2.0917,2.0917,2.0917,2.0917,2.0917,2.0917,2.0917
2.0939,2.0939,2.0939,2.0939,2.0939,2.0939,2.0939,2.0939,2.0939,2.0939,2.0939,2.0939,2.0939,1.3871,1.3979,1.6579,2.0939,2.0939,2.0939,2.0939,1.9444,2.0939,2.0939,2.0939,2.0939,2.0939,2.0939,2.0939
1.7061,2.0961,2.0961,2.0961,2.0961,2.0961,2.0961,2.0961,2.0961,2.0961,2.0961,2.0961,2.0961,2.0961,2.0961,1.5504,2.0961,2.0961,2.0961,2.0961,2.0961,1.5504,2.0961,2.0961,2.0961,2.0961,2.0961,2.0961
2.0983,2.0983,2.0983,2.0983,2.0983,2.0983,2.0983,2.0983,2.0983,2.0983,2.0983,2.0983,2.0983,2.0983,2.0983,2.0983,2.0983,2.0983,1.6401,2.0983,2.0983,2.0983,2.0983,2.0983,2.0983,2.0983,2.0983,1.5328
1.9287,2.1005,2.1005,2.1005,2.1005,2.1005,2.1005,2.1005,2.1005,2.1005,2.1005,2.1005,2.1005,2.1005,1.8556,2.1005,2.1005,2.1005,2.1005,2.1005,2.1005,2.1005,2.1005,2.1005,2.1005,2.1005,2.1005,2.1005
2.1027,2.1027,2.1027,2.1027,2.1027,2.1027,2.1027,2.1027,2.1027,2.1027,2.1027,2.1027,2.1027,2.1027,1.1902,2.1027,2.1027,2.1027,2.1027,2.1027,2.1027,2.1027,2.1027,2.1027,2.1027,2.1027,2.1027,2.1027
2.1049,2.1049,2.1049,2.1049,2.1049,2.1049,2.1049,2.1049,2.1049,2.1049,2.1049,2.1049,1.9361,1.773,1.7868,2.1049,2.1049,2.1049,2.1049,0.7987,2.1049,2.1049,2.1049,2.1049,2.1049,2.1049,2.1049,2.1049
1.3025,2.1071,2.1071,2.1071,2.1071,2.1071,2.1071,2.1071,2.1071,2.1071,2.1071,2.1071,2.1071,2.1071,2.1071,2.1071,2.1071,2.1071,2.1071,2.1071,2.1071,2.1071,2.1071,2.1071,2.1071,2.1071,2.1071,2.1071
2.1085,2.1093,2.1093,2.1093,2.1093,2.1093,2.1093,2.1093,2.1093,2.1093,2.1093,2.1093,2.0345,1.9694,2.1093,2.1093,2.1093,2.1093,2.1093,2.1093,2.1093,2.1093,2.1093,2.1093,2.1093,2.1093,2.1093,1.8449
2.1116,2.1116,2.1116,2.1116,2.1116,2.1116,2.1116,2.1116,2.1116,2.1116,2.1116,2.1116,2.1116,1.3214,1.3317,1.5794,2.1116,2.1116,2.1116,2.1116,1.0014,2.1116,2.1116,2.1116,2.1116,2.1116,2.1116,2.1116
2.1138,2.1138,2.1138,2.1138,2.1138,2.1138,2.1138,2.1138,2.1138,2.1138,2.1138,2.1138,2.1138,2.1138,1.3298,1.0703,2.1138,2.1138,2.1138,2.1138,2.1138,2.1138,2.1138,2.1138,2.1138,2.1138,2.1138,2.1138
2.116,2.116,2.116,2.116,2.116,2.116,2.116,2.116,2.116,2.116,2.116,2.116,2.116,2.116,2.116,2.116,2.116,2.116,1.6143,0.5353,2.116,2.116,2.116,2.116,2.116,2.116,2.116,1.5086
1.4057,2.1183,2.1183,2.1183,2.1183,2.1183,2.1183,2.1183,2.1183,2.1183,2.1183,2.1183,2.1183,2.1183,2.1183,2.1183,2.1183,2.1183,2.1183,2.1183,2.1183,2.1183,2.1183,2.1183,2.1183,2.1183,2.1183,2.1183
2.1205,2.1205,2.1205,2.1205,2.1205,2.1205,2.1205,2.1205,2.1205,2.1205,2.1205,2.1205,2.1205,1.0003,1.2108,2.1205,2.1205,2.1205,2.1205,2.0647,2.1205,2.1205,2.1205,2.1205,2.1205,2.1205,2.1205,2.1205
2.1228,2.1228,2.1228,2.1228,2.1228,2.1228,2.1228,2.1228,2.1228,2.1228,2.1228,2.1228,2.1228,1.1339,1.3654,1.6194,2.1228,2.1228,2.1228,1.3704,1.8993,2.1228,2.1228,2.1228,2.1228,2.1228,2.1228,2.1228
1.371,2.125,2.125,2.125,2.125,2.125,2.125,2.125,2.125,2.125,2.125,2.125,2.125,2.125,2.125,2.0273,1.7854,2.125,2.125,2.125,2.125,1.2459,2.125,2.125,2.125,2.125,2.125,2.125
2.1273,2.1273,2.1273,2.1273,2.1273,2.1273,2.1273,2.1273,2.1273,2.1273,2.1273,2.1273,2.1273,2.1273,2.1273,2.1273,2.1273,2.1273,1.5738,2.1273,2.1273,2.1273,2.1273,2.1273,2.1273,2.1273,2.1273,1.4709
2.1296,2.1296,2.1296,2.1296,2.1296,2.1296,2.1296,2.1296,2.1296,2.1296,2.1296,2.1296,2.1296,2.1296,1.3068,1.7231,2.1296,2.1296,2.1296,2.1296,2.1296,2.1296,2.1296,2.1296,2.1296,2.1296,2.1296,2.1296
2.3547,2.1318,2.1318,2.1318,2.1318,2.1318,2.1318,2.1318,2.1318,2.1318,2.1318,2.1318,2.1318,2.1318,1.1225,2.0364,2.1318,2.1318,2.1318,2.1318,1.066,2.1318,2.1318,2.1318,2.1318,2.1318,2.1318,2.1318
2.1341,2.1341,2.1341,2.1341,2.1341,2.1341,2.1341,2.1341,2.1341,2.1341,2.1341,2.1341,1.9399,2.0883,2.1046,2.1341,2.1341,2.1341,1.8297,0.6068,2.1341,2.1341,2.1341,2.1341,2.1341,2.1341,2.1341,1.71
1.2272,2.0721,2.1364,2.1364,2.1364,2.1364,2.1364,2.1364,2.1364,2.1364,2.1364,2.1364,2.1364,2.1364,2.1364,2.1364,2.1364,2.1364,2.1364,2.1364,2.1364,2.1364,2.1364,2.1364,2.1364,2.1364,2.1364,2.1364
2.1387,2.1387,2.1387,2.1387,2.1387,2.1387,2.1387,2.1387,2.1387,2.1387,2.1387,2.1387,2.1387,1.4431,2.1387,2.1387,2.1387,2.1387,2.1387,2.1387,2.1387,2.1387,2.1387,2.1387,2.1387,2.1387,2.1387,2.0937
2.141,2.141,2.141,2.141,2.141,2.141,2.141,2.141,2.141,2.141,2.141,2.141,2.141,1.2045,1.2139,1.4397,2.141,2.141,2.141,2.141,1.6885,2.141,2.141,2.141,2.141,2.141,2.141,2.141
1.6965,2.1432,2.1432,2.1432,2.1432,2.1432,2.1432,2.1432,2.1432,2.1432,2.1432,2.1432,2.1432,2.1432,1.2179,1.1773,2.1432,2.1432,2.1432,2.1432,2.1432,1.5417,2.1432,2.1432,2.1432,2.1432,2.1432,2.1432
2.1455,2.1455,2.1455,2.1455,2.1455,2.1455,2.1455,2.1455,2.1455,2.1455,2.1455,2.1455,2.1455,2.1455,2.1455,2.1455,2.1455,2.1455,1.4459,2.1455,2.1455,2.1455,2.1455,2.1455,2.1455,2.1455,2.1455,1.3513
1.5049,2.1478,2.1478,2.1478,2.1478,2.1478,2.1478,2.1478,2.1478,2.1478,2.1478,2.1478,2.1478,2.1478,1.8949,2.1478,2.1478,2.1478,2.1478,2.1478,2.1478,2.1478,2.1478,2.1478,2.1478,2.1478,2.1478,2.1478
2.3749,2.1502,2.1502,2.1502,2.1502,2.1502,2.1502,2.1502,2.1502,2.1502,2.1502,2.1502,2.1502,2.1502,1.065,2.1502,2.1502,2.1502,2.1502,2.1502,2.1502,2.1502,2.1502,2.1502,2.1502,2.1502,2.1502,2.1502
2.1525,2.1525,2.1525,2.1525,2.1525,2.1525,2.1525,2.1525,2.1525,2.1525,2.1525,2.1525,1.5466,1.4162,1.4273,2.1525,2.1525,2.1525,2.1525,0.8416,1.9854,2.1525,2.1525,2.1525,2.1525,2.1525,2.1525,2.1525
1.2378,2.0299,2.1548,2.1548,2.1548,2.1548,2.1548,2.1548,2.1548,2.1548,2.1548,2.1548,2.1548,2.1548,2.1548,2.1548,1.7396,2.1548,2.1548,2.1548,2.1548,1.0751,2.1063,2.1548,2.1548,2.1548,2.1548,2.1548
2.1571,2.1571,2.1571,2.1571,2.1571,2.1571,2.1571,2.1571,2.1571,2.1571,2.1571,2.1571,1.6591,2.1561,2.1571,2.1571,2.1571,2.1571,2.1571,2.1571,2.1571,2.1571,2.1571,2.1571,2.1571,2.1571,2.1571,1.5044
2.1594,2.1594,2.1594,2.1594,2.1594,2.1594,2.1594,2.1594,2.1594,2.1594,2.1594,2.1594,2.1594,2.1594,1.2281,1.4566,1.8947,2.1594,2.1594,2.1594,0.9235,2.1594,2.1594,2.1594,2.1594,2.1594,2.1594,2.1594
2.3878,2.1618,2.1618,2.1618,2.1618,2.1618,2.1618,2.1618,2.1618,2.1618,2.1618,2.1618,2.1618,2.1618,1.1253,0.9425,2.1618,2.1618,2.1618,2.1618,2.1618,2.1618,2.1618,2.1618,2.1618,2.1618,2.1618,2.1618
2.1641,2.1641,2.1641,2.1641,2.1641,2.1641,2.1641,2.1641,2.1641,2.1641,2.1641,2.1641,2.1641,2.1641,2.1641,2.1641,2.1641,2.1641,1.5121,0.5015,2.1641,2.1641,2.1641,2.1641,2.1641,2.1641,2.1641,1.4132
1.2445,2.0382,2.1665,2.1665,2.1665,2.1665,2.1665,2.1665,2.1665,2.1665,2.1665,2.1665,2.1665,2.1665,2.1665,2.1665,2.1665,2.1665,2.1665,2.1665,2.1665,2.1665,2.1665,2.1665,2.1665,2.1665,2.1665,2.1665
2.3955,2.1688,2.1688,2.1688,2.1688,2.1688,2.1688,2.1688,2.1688,2.1688,2.1688,2.1688,2.1688,0.9524,1.1529,2.1688,2.1688,2.1688,2.1688,2.1688,2.1688,2.1688,2.1688,2.1688,2.1688,2.1688,2.1688,2.1688
2.1712,2.1712,2.1712,2.1712,2.1712,2.1712,2.1712,2.1712,2.1712,2.1712,2.1712,2.1712,2.1712,1.1412,1.1725,1.3905,2.1712,2.1712,2.1712,1.8746,1.6309,2.1712,2.1712,2.1712,2.1712,2.1712,2.1712,2.1712
1.3283,2.1735,2.1735,2.1735,2.1735,2.1735,2.1735,2.1735,2.1735,2.1735,2.1735,2.1735,2.1735,2.1735,2.1735,1.437,1.7298,2.1735,2.1735,2.1735,2.1735,1.2071,2.1735,2.1735,2.1735,2.1735,2.1735,2.1735
2.1759,2.1759,2.1759,2.1759,2.1759,2.1759,2.1759,2.1759,2.1759,2.1759,2.1759,2.1759,2.1759,2.1759,2.1759,2.1759,2.1759,2.1759,1.372,2.1759,2.1759,2.1759,2.1759,2.1759,2.1759,2.1759,2.1759,1.2822
1.7623,2.1782,2.1782,2.1782,2.1782,2.1782,2.1782,2.1782,2.1782,2.1782,2.1782,2.1782,2.1782,2.1782,1.2023,1.7012,2.1782,2.1782,2.1782,2.1782,2.1782,2.01,2.1782,2.1782,2.1782,2.1782,2.1782,2.1782
2.4086,2.1806,2.1806,2.1806,2.1806,2.1806,2.1806,2.1806,2.1806,2.1806,2.1806,2.1806,2.1806,2.1806,0.9928,2.1806,2.1806,2.1806,2.1806,2.1806,1.9422,2.1806,2.1806,2.1806,2.1806,2.1806,2.1806,2.1806
2.183,2.183,2.183,2.183,2.183,2.183,2.183,2.183,2.183,2.183,2.183,2.183,1.7497,1.6023,1.6147,2.183,2.183,2.183,1.8445,0.6117,2.183,2.183,2.183,2.183,2.183,2.183,2.183,1.7238
1.2554,1.8587,2.1854,2.1854,2.1854,2.1854,2.1854,2.1854,2.1854,2.1854,2.1854,2.1854,2.1854,2.1854,2.1854,2.1854,2.1854,2.1854,2.1854,2.1854,2.1854,2.1854,1.9287,2.1854,2.1854,2.1854,2.1854,2.1854
1.7046,2.1878,2.1878,2.1878,2.1878,2.1878,2.1878,2.1878,2.1878,2.1878,2.1878,2.1878,2.1878,1.4897,2.1878,2.1878,2.1878,2.1878,2.1878,2.1878,2.1878,2.1878,2.1878,2.1878,2.1878,2.1878,2.1878,1.6527
2.1902,2.1902,2.1902,2.1902,2.1902,2.1902,2.1902,2.1902,2.1902,2.1902,2.1902,2.1902,2.1902,1.0956,1.1041,1.3095,2.1902,2.1902,2.1902,2.1902,1.2512,2.1902,2.1902,2.1902,2.1902,2.1902,2.1902,2.1902
1.8006,2.1926,2.1926,2.1926,2.1926,2.1926,2.1926,2.1926,2.1926,2.1926,2.1926,2.1926,2.1926,2.1926,0.9895,0.9519,2.1926,2.1926,2.1926,2.1926,2.1926,1.6363,2.1926,2.1926,2.1926,2.1926,2.1926,2.1926
2.195,2.195,2.195,2.195,2.195,2.195,2.195,2.195,2.195,2.195,2.195,2.195,2.195,2.195,2.195,2.195,2.195,2.195,1.3336,0.4653,2.195,2.195,2.195,2.195,2.195,2.195,2.195,1.2464
1.2425,2.1318,2.1974,2.1974,2.1974,2.1974,2.1974,2.1974,2.1974,2.1974,2.1974,2.1974,2.1974,2.1974,2.1974,2.1303,2.1974,2.1974,2.1974,2.1974,2.1974,2.1974,2.1974,2.1974,2.1974,2.1974,2.1974,2.1974
2.4298,1.8907,2.1998,2.1998,2.1998,2.1998,2.1998,2.1998,2.1998,2.1998,2.1998,2.1998,2.1998,0.9453,0.9962,2.1998,2.1998,2.1998,2.1998,1.6988,2.1998,2.1998,2.1998,2.1998,2.1998,2.1998,2.1998,2.1998
2.2022,2.2022,2.2022,2.2022,2.2022,2.2022,2.2022,2.2022,2.2022,2.2022,2.2022,2.2022,1.6931,0.9969,1.2005,2.2022,2.2022,2.2022,2.2022,0.9641,1.6699,2.2022,2.2022,2.2022,2.2022,2.2022,2.2022,2.2022
1.2664,1.9264,2.2046,2.2046,2.2046,2.2046,2.2046,2.2046,2.2046,2.2046,2.2046,2.2046,2.2046,2.2046,2.2046,1.7357,1.4622,2.2046,2.2046,2.2046,2.2046,1.0203,1.999,2.2046,2.2046,2.2046,2.2046,2.2046
2.2071,2.2071,2.2071,2.2071,2.2071,2.2071,2.2071,2.2071,2.2071,2.2071,2.2071,2.2071,2.2071,2.2071,2.2071,2.2071,2.2071,2.2071,1.3771,2.2071,2.2071,2.2071,2.2071,2.2071,2.2071,2.2071,2.2071,1.287
2.2095,2.2095,2.2095,2.2095,2.2095,2.2095,2.2095,2.2095,2.2095,2.2095,2.2095,2.2095,2.2095,2.2095,1.1833,1.4034,1.8255,2.2095,2.2095,2.2095,2.2095,2.1445,2.2095,2.2095,2.2095,2.2095,2.2095,2.2095
2.4432,2.212,2.212,2.212,2.212,2.212,2.212,2.212,2.212,2.212,2.212,2.212,2.212,2.212,0.9778,1.2432,2.212,2.212,2.212,2.212,0.9286,2.212,2.212,2.212,2.212,2.212,2.212,2.212
2.2144,2.2144,2.2144,2.2144,2.2144,2.2144,2.2144,2.2144,2.2144,2.2144,2.2144,2.2144,2.2088,2.0227,2.2144,2.2144,2.2144,2.2144,1.4805,0.491,2.2144,2.2144,2.2144,2.2144,2.2144,2.2144,2.2144,1.3836
1.2735,1.7972,2.2169,2.2169,2.2169,2.2169,2.2169,2.2169,2.2169,2.2169,2.2169,2.2169,2.2169,2.2169,2.2169,2.2169,2.2169,2.2169,2.2169,2.2169,2.2169,2.2169,2.2169,2.2169,2.2169,2.2169,2.2169,2.2169
2.2437,2.1797,2.2193,2.2193,2.2193,2.2193,2.2193,2.2193,2.2193,2.2193,2.2193,2.2193,2.2193,1.1585,2.2193,2.2193,2.2193,2.2193,2.2193,2.2193,2.2193,2.2193,2.2193,2.2193,2.2193,2.2193,2.2193,1.9919
2.2218,2.2218,2.2218,2.2218,2.2218,2.2218,2.2218,2.2218,2.2218,2.2218,2.2218,2.2218,2.2218,1.0404,1.0485,1.2435,2.2218,2.2218,2.2218,2.2218,1.4584,2.1392,2.2218,2.2218,2.2218,2.2218,2.2218,2.2218
1.3488,2.2243,2.2243,2.2243,2.2243,2.2243,2.2243,2.2243,2.2243,2.2243,2.2243,2.2243,2.2243,2.2243,2.2243,1.1047,1.7565,2.2243,2.2243,2.2243,2.2243,1.2257,2.2243,2.2243,2.2243,2.2243,2.2243,2.2243
2.2267,2.2267,2.2267,2.2267,2.2267,2.2267,2.2267,2.2267,2.2267,2.2267,2.2267,2.2267,2.2267,2.2267,2.2267,2.2267,2.2267,2.0924,1.2436,2.2267,2.2267,2.2267,2.2267,2.2267,2.2267,2.2267,2.1843,1.1623
1.3966,2.2292,2.2292,2.2292,2.2292,2.2292,2.2292,2.2292,2.2292,2.2292,2.2292,2.2292,2.2292,2.2292,1.4884,1.7652,2.2292,2.2292,2.2292,2.2292,2.2292,2.2292,2.2292,2.2292,2.2292,2.2292,2.2292,2.2292
2.465,2.2317,2.2317,2.2317,2.2317,2.2317,2.2317,2.2317,2.2317,2.2317,2.2317,2.2317,2.2317,2.2317,0.912,2.2317,2.2317,2.2317,2.2317,2.2317,2.2317,2.2317,2.2317,2.2317,2.2317,2.2317,2.2317,2.2317
2.2342,2.2342,2.2342,2.2342,2.2342,2.2342,2.2342,2.2342,2.2342,2.2342,2.2342,2.2342,1.4222,1.3024,1.3125,2.2342,2.2342,2.2342,1.9625,0.6508,1.8257,2.2342,2.2342,2.2342,2.2342,2.2342,2.2342,1.8341
1.2849,1.7303,2.2367,2.2367,2.2367,2.2367,2.2367,2.2367,2.2367,2.2367,2.2367,2.2367,2.2367,2.2367,2.2367,2.2367,2.2367,2.2287,2.2367,2.2367,2.2367,2.2367,1.7955,2.2367,2.2367,2.2367,2.2367,2.2367
1.7487,2.2392,2.2392,2.2392,2.2392,2.2392,2.2392,2.2392,2.2392,2.2392,2.2392,2.2392,1.5139,1.6333,2.2392,2.2392,2.2392,2.2392,2.2392,2.2392,2.2392,2.2392,2.2392,2.2392,2.2392,2.2392,2.2392,1.3728
2.2417,2.2417,2.2417,2.2417,2.2417,2.2417,2.2417,2.2417,2.2417,2.2417,2.2417,2.2417,2.2417,1.0337,1.0417,1.2355,1.744,2.2417,2.2417,2.2417,0.7833,2.1255,2.2417,2.2417,2.2417,2.2417,2.2417,2.2417
2.0494,2.2442,2.2442,2.2442,2.2442,2.2442,2.2442,2.2442,2.2442,2.2442,2.2442,2.2442,2.2442,2.2442,1.0198,0.8059,2.2442,2.2442,2.2442,2.2442,2.2442,1.8623,2.2442,2.2442,2.2442,2.2442,2.2442,2.2442
2.2467,2.2467,2.2467,2.2467,2.2467,2.2467,2.2467,2.2467,2.2467,2.2467,2.2467,2.2467,2.2467,2.2467,2.2467,2.2467,2.2467,2.1462,1.2756,0.423,2.2467,2.2467,2.2467,2.2467,2.2467,2.2467,2.2405,1.1922
1.1419,1.8359,2.2493,2.2493,2.2493,2.2493,2.2493,2.2493,2.2493,2.2493,2.2493,2.2493,2.2493,2.2493,2.2493,2.2493,2.2493,2.2493,2.2493,2.2493,2.2493,2.2493,2.2493,2.2493,2.2493,2.2493,2.2493,2.2493
2.4872,1.8345,2.2518,2.2518,2.2518,2.2518,2.2518,2.2518,2.2518,2.2518,2.2518,2.2518,2.2518,0.7986,0.9666,2.2518,2.2518,2.2518,2.2518,2.2518,2.2518,2.2518,2.2518,2.2518,2.2518,2.2518,2.2518,2.2518
2.2543,2.2543,2.2543,2.2543,2.2543,2.2543,2.2543,2.2543,2.2543,2.2543,2.2543,2.2543,2.1676,0.8721,1.0502,1.2455,2.2543,2.1781,2.2543,1.2343,1.4609,2.2543,2.2543,2.2543,2.2543,2.2543,2.2543,2.2543
1.2964,1.8975,2.2569,2.2569,2.2569,2.2569,2.2569,2.2569,2.2569,2.2569,2.2569,2.2569,2.2569,2.2569,2.2569,1.4426,1.4402,2.2569,2.2569,2.2569,2.2569,1.005,1.969,2.2569,2.2569,2.2569,2.2569,2.2569
2.2594,2.2594,2.2594,2.2594,2.2594,2.2594,2.2594,2.2594,2.2594,2.2594,2.2594,2.2557,2.2594,2.2594,2.2594,2.2594,2.2594,2.0567,1.2224,2.2594,2.2594,2.2594,2.2594,2.2594,2.2594,2.2594,2.147,1.1424
1.7316,2.262,2.262,2.262,2.262,2.262,2.262,2.262,2.262,2.262,2.262,2.262,2.262,2.262,0.9929,1.405,1.8276,2.262,2.262,2.262,2.262,1.66,2.262,2.262,2.262,2.262,2.262,2.262
2.5013,2.2645,2.2645,2.2645,2.2645,2.2645,2.2645,2.2645,2.2645,2.2645,2.2645,2.2645,2.2645,2.2645,0.8801,2.1466,2.2645,2.2645,2.2645,2.2645,0.8358,2.2645,2.2645,2.2645,2.2645,2.2645,2.2645,2.2645
2.2671,2.2671,2.2671,2.2671,2.2671,2.2671,2.2671,2.2671,2.2671,2.2671,2.2671,2.1077,1.555,1.5488,1.5609,2.2671,2.2671,2.2671,1.5088,0.5003,2.2671,2.2671,2.2671,2.2671,2.2671,2.2671,2.2671,1.4101
1.3038,1.6394,2.2697,2.2697,2.2697,2.2697,2.2697,2.2697,2.2697,2.2697,2.2697,2.2697,2.2697,2.2697,2.2697,2.2697,2.2697,2.2697,2.2697,2.2697,2.2697,2.2697,1.7012,2.2697,2.2697,2.2697,2.2697,2.2697
1.6264,2.266,2.2723,2.2723,2.2723,2.2723,2.2723,2.2723,2.2723,2.2723,2.2723,2.2723,2.2723,1.2044,2.2723,2.2723,2.2723,2.2723,2.2723,2.2723,2.2723,2.2723,2.2723,2.2723,2.2723,2.2723,2.2723,1.5769
2.2748,2.2748,2.2748,2.2748,2.2748,2.2748,2.2748,2.2748,2.2748,2.2748,2.2748,2.2748,2.2748,0.9614,0.9689,1.1491,2.2748,2.2748,2.2748,2.2748,1.3478,1.9769,2.2748,2.2748,2.2748,2.2748,2.2748,2.2748
1.4347,2.2774,2.2774,2.2774,2.2774,2.2774,2.2774,2.2774,2.2774,2.2774,2.2774,2.2774,2.2774,2.2774,0.9295,0.8985,1.8683,2.2774,2.2774,2.2774,2.2774,1.3037,2.2774,2.2774,2.2774,2.2774,2.2774,2.2774
2.28,2.28,2.28,2.28,2.28,2.28,2.28,2.28,2.28,2.28,2.28,2.28,2.28,2.28,2.28,2.28,2.28,1.9588,1.1642,2.28,2.28,2.28,2.28,2.28,2.28,2.28,2.0448,1.088
1.1622,1.9941,2.2826,2.2826,2.2826,2.2826,2.2826,2.2826,2.2826,2.2826,2.2826,2.2826,2.2826,2.2826,2.2826,1.7966,2.2826,2.2826,2.2826,2.2826,2.2826,2.2826,2.2826,2.2826,2.2826,2.2826,2.2826,2.2826
2.5241,2.2285,2.2852,2.2852,2.2852,2.2852,2.2852,2.2852,2.2852,2.2852,2.2852,2.2852,2.2852,2.2852,0.8649,2.2852,2.2852,2.2852,2.2852,1.9364,2.2852,2.2852,2.2852,2.2852,2.2852,2.2852,2.2852,2.2852
2.2878,2.2878,2.2878,2.2878,2.2878,2.2878,2.2878,2.2878,2.2878,2.2878,2.2878,2.2878,1.2911,1.1055,1.1141,2.2878,2.2878,2.2303,2.217,0.7352,1.5497,2.2878,2.2878,2.2878,2.2878,2.2878,2.2878,2.0719
1.3157,1.6627,2.2905,2.2905,2.2905,2.2905,2.2905,2.2905,2.2905,2.2905,2.2905,2.2905,2.2905,2.2905,2.2905,2.2905,1.262,2.1417,2.2905,2.2905,2.2905,0.8806,1.7253,2.2905,2.2905,2.2905,2.2905,2.2905
2.0611,2.2931,2.2931,2.2931,2.2931,2.2931,2.2931,2.2931,2.2931,2.2931,2.2931,2.2931,1.3801,2.2931,2.2931,2.2931,2.2931,2.135,2.2931,2.2931,2.2931,2.2931,2.2931,2.2931,2.2931,2.2931,2.2287,1.1859
2.2957,2.2957,2.2957,2.2957,2.2957,2.2957,2.2957,2.2957,2.2957,2.2957,2.2957,2.2957,2.2957,2.2957,1.0148,1.2035,1.5655,2.2957,2.2957,2.2957,0.7631,2.0705,2.2957,2.2957,2.2957,2.2957,2.2957,2.2957
2.5386,2.2984,2.2984,2.2984,2.2984,2.2984,2.2984,2.2984,2.2984,2.2984,2.2984,2.2984,2.2984,2.2984,0.8952,0.8662,2.2984,2.2984,2.2984,2.2984,0.8501,2.2984,2.2984,2.2984,2.2984,2.2984,2.2984,2.2984
2.301,2.301,2.301,2.301,2.301,2.301,2.301,2.301,2.301,2.301,2.301,2.301,2.2887,2.0959,2.301,2.301,2.301,2.121,1.2606,0.418,2.301,2.301,2.301,2.301,2.301,2.301,2.2141,1.1781
1.3233,1.6355,2.2985,2.3036,2.3036,2.3036,2.3036,2.3036,2.3036,2.3036,2.3036,2.3036,2.3036,2.3036,2.3036,2.3036,2.3036,2.3036,2.3036,2.3036,2.3036,2.3036,2.3036,2.3036,2.3036,2.3036,2.3036,2.3036
2.3316,1.8409,2.3063,2.3063,2.3063,2.3063,2.3063,2.3063,2.3063,2.3063,2.3063,2.3063,2.3063,0.8014,0.97,2.3063,2.3063,2.3063,2.3063,2.3063,2.3063,2.3063,2.3063,2.3063,2.3063,2.3063,2.3063,2.0124
2.309,2.309,2.309,2.309,2.309,2.309,2.309,2.309,2.309,2.309,2.309,2.309,2.309,0.9413,0.9487,1.1251,2.309,2.309,2.309,1.9324,1.3196,1.9356,2.309,2.309,2.309,2.309,2.309,2.309
1.3279,1.9362,2.3116,2.3116,2.3116,2.3116,2.3116,2.3116,2.3116,2.3116,2.3116,2.3116,2.3116,2.3116,2.3116,1.095,1.4696,2.3116,2.3116,2.3116,2.3116,1.0255,2.0092,2.3116,2.3116,2.3116,2.3116,2.3116
2.3143,2.3143,2.3143,2.3143,2.3143,2.3143,2.3143,2.3143,2.3143,2.3143,2.3143,2.3143,2.3143,2.3143,2.3143,2.3143,2.3143,1.8827,1.119,2.3143,2.3143,2.3143,2.3143,2.3143,2.3143,2.3143,1.9654,1.0458
1.3637,2.317,2.317,2.317,2.317,2.317,2.317,2.317,2.317,2.317,2.317,2.317,2.317,2.317,1.0321,1.4605,1.8997,2.317,2.317,2.317,2.317,2.317,2.317,2.317,2.317,2.317,2.317,2.317
2.5622,2.5622,2.2326,2.3197,2.3197,2.3197,2.3197,2.3197,2.3197,2.3197,2.3197,2.3197,2.3197,2.3197,0.8161,2.3197,2.3197,2.3197,2.3197,2.3197,2.3197,2.3197,2.3197,2.3197,2.3197,2.3197,2.3197,2.3197
2.3224,2.3224,2.3224,2.3224,2.3224,2.3224,2.3224,2.3224,2.3224,2.3224,2.3224,2.2376,1.3718,1.2562,1.266,2.3224,2.1203,2.3224,1.6018,0.5312,2.3224,2.3224,2.3224,2.3224,2.3224,2.3224,2.3224,1.497
1.3356,1.5395,2.1635,2.3251,2.3251,2.3251,2.3251,2.3251,2.3251,2.3251,2.3251,2.3251,2.3251,2.3251,2.3251,2.3251,2.3251,1.983,2.3251,2.3251,2.3251,2.3251,1.5975,2.3251,2.3251,2.3251,2.3251,2.3251
1.4031,2.3278,2.3278,2.3278,2.3278,2.3278,2.3278,2.3278,2.3278,2.3278,2.3278,2.3278,1.4453,1.3105,2.3278,2.3278,2.3278,2.3278,2.3278,2.3278,2.3278,2.3278,2.3278,2.3278,2.3278,2.3278,2.3278,1.3105
2.3305,2.3305,2.3305,2.3305,2.3305,2.3305,2.3305,2.3305,2.3305,2.3305,2.3305,2.3305,2.3305,0.9144,0.9215,1.0929,1.9374,2.3305,2.3305,2.3305,0.701,1.8801,2.3305,2.3305,2.3305,2.3305,2.3305,2.3305
1.6083,2.3332,2.3332,2.3332,2.3332,2.3332,2.3332,2.3332,2.3332,2.3332,2.3332,2.3332,2.3332,2.3332,0.8837,0.7625,2.0944,2.3332,2.3332,2.3332,2.3332,1.4615,2.3332,2.3332,2.3332,2.3332,2.3332,2.3332
2.3359,2.3359,2.3359,2.3359,2.3359,2.3359,2.3359,2.3359,2.3359,2.3359,2.3359,2.3359,2.3359,2.3359,2.3359,2.3359,2.3359,1.8869,1.1215,0.3719,2.3359,2.3359,2.3359,2.3359,2.3359,2.3359,1.9697,1.0481
1.0046,1.7235,2.3387,2.3387,2.3387,2.3387,2.3387,2.3387,2.3387,2.3387,2.3387,2.3387,2.3387,2.3387,2.3387,2.2447,2.3387,2.3387,2.3387,2.3387,2.3387,2.3387,2.3387,2.3387,2.3387,2.3387,2.3387,2.3387
2.5861,1.6022,2.3096,2.3414,2.3414,2.3414,2.3414,2.3414,2.3414,2.3414,2.3414,2.3414,2.3414,0.6975,0.8442,2.3414,2.3414,2.3414,2.3414,1.4396,2.3414,2.3414,2.3414,2.3414,2.3414,2.3414,2.3414,2.3414
2.3441,2.3441,2.3441,2.3441,2.3441,2.3441,2.3441,2.3441,2.3441,2.3441,2.3441,2.3441,1.5782,0.8129,0.9789,1.161,2.3441,1.9597,2.3441,0.8987,1.3617,2.3441,2.3441,2.3441,2.3441,2.3441,2.3441,2.3017
1.3482,1.6454,2.3124,2.3469,2.3469,2.3469,2.3469,2.3469,2.3469,2.3469,2.3469,2.3469,2.3469,2.3469,2.3469,1.4825,1.2489,2.1194,2.3469,2.3469,2.3469,0.8715,1.7074,2.3469,2.3469,2.3469,2.3469,2.3469
2.3496,2.3496,2.3496,2.3496,2.3496,2.3496,2.3496,2.3496,2.3496,2.3496,2.3496,2.0886,2.2652,2.3496,2.3496,2.3496,2.3496,1.9045,1.1319,2.3496,2.3496,2.3496,2.3496,2.3496,2.3496,2.3496,1.9881,1.0579
1.7943,2.3524,2.3524,2.3524,2.3524,2.3524,2.3524,2.3524,2.3524,2.3524,2.3524,2.3524,2.3524,2.3524,0.986,1.2086,1.5721,2.3524,2.3524,2.3524,2.3524,1.6305,2.3524,2.3524,2.3524,2.3524,2.3524,2.3524
2.6014,2.6014,2.3552,2.3552,2.3552,2.3552,2.3552,2.3552,2.3552,2.3552,2.3552,2.3552,2.3552,2.3552,0.8099,1.2655,2.3552,2.3552,2.3552,2.3552,0.7691,2.3552,2.3552,2.3552,2.3552,2.3552,2.3552,2.3552
2.3579,2.3579,2.3579,2.3579,2.3579,2.3579,2.3579,2.3579,2.3579,2.3579,2.3579,2.0915,1.4583,1.5698,1.5821,2.3579,2.3579,2.1637,1.286,0.4265,2.3579,2.3579,2.3579,2.3579,2.3579,2.3579,2.2587,1.2019
1.3561,1.4995,2.1073,2.3607,2.3607,2.3607,2.3607,2.3607,2.3607,2.3607,2.3607,2.3607,2.3607,2.3607,2.3607,2.3607,2.3607,2.3607,2.3607,2.3607,2.3607,2.3607,1.556,2.3178,2.3607,2.3607,2.3607,2.3607
1.6206,1.911,2.3635,2.3635,2.3635,2.3635,2.3635,2.3635,2.3635,2.3635,2.3635,2.3635,2.3635,1.0157,2.3635,2.3635,2.3635,2.3635,2.3635,2.3635,2.3635,2.3635,2.3635,2.3635,2.3635,2.3635,2.3635,1.5712
2.3663,2.3663,2.3663,2.3663,2.3663,2.3663,2.3663,2.3663,2.3663,2.3663,2.3663,2.3663,2.3663,0.8742,0.881,1.0449,2.1968,2.3663,2.2793,2.3663,1.2255,1.7975,2.3663,2.3663,2.3663,2.3663,2.3663,2.3663
1.3609,2.0497,2.3691,2.3691,2.3691,2.3691,2.3691,2.3691,2.3691,2.3691,2.3691,2.3691,2.3691,2.3691,0.9135,0.8831,1.5557,2.3691,2.3691,2.3691,2.3691,1.0856,2.1269,2.3691,2.3691,2.3691,2.3691,2.3691
2.3719,2.3719,2.3719,2.3719,2.3719,2.3719,2.3719,2.3719,2.3719,2.3719,2.3719,2.3719,2.3719,2.3719,2.3719,2.3719,2.3719,1.7705,1.0523,2.3719,2.3719,2.3719,2.3719,2.3719,2.3719,2.3719,1.8482,0.9834
1.1292,1.9374,2.3747,2.3747,2.3747,2.3747,2.3747,2.3747,2.3747,2.3747,2.3747,2.3747,2.3747,2.3747,1.3334,1.5815,2.0571,2.3747,2.3747,2.3747,2.3747,2.3747,2.3747,2.3747,2.3747,2.3747,2.3747,2.3747
2.6261,2.6261,2.1258,2.3776,2.3776,2.3776,2.3776,2.3776,2.3776,2.3776,2.3776,2.3776,2.3776,2.3776,0.777,2.3776,2.3776,2.3776,2.3776,2.3776,2.3776,2.3776,2.3776,2.3776,2.3776,2.3776,2.3776,2.3776
2.3804,2.3804,2.3804,2.3804,2.3804,2.3804,2.3804,2.3804,2.3804,2.3804,2.3804,2.3804,1.1614,1.0635,1.0718,2.2903,2.2535,2.1457,1.7818,0.5909,1.4909,2.3804,2.3804,2.3804,2.3804,2.3804,2.3804,1.6652
1.369,1.4844,2.0861,2.3832,2.3832,2.3832,2.3832,2.3832,2.3832,2.3832,2.3832,2.3832,2.3832,2.3832,2.3832,2.3832,1.4768,1.912,2.3832,2.3832,2.3832,0.8271,1.5403,2.2944,2.3832,2.3832,2.3832,2.3832
1.6135,2.3861,2.3861,2.3861,2.3861,2.3861,2.3861,2.3861,2.3861,2.3861,2.3861,2.3861,1.2474,1.507,2.3861,2.3861,2.3861,2.3861,2.3861,2.3861,2.3861,2.3861,2.3861,2.3861,2.3861,2.3861,2.1257,1.1311
2.3889,2.3889,2.3889,2.3889,2.3889,2.3889,2.3889,2.3889,2.3889,2.3889,2.3889,2.3889,2.3889,2.3889,0.8999,1.0673,1.3884,2.3889,2.3889,2.3889,0.6767,1.8362,2.32,2.3889,2.3889,2.3889,2.3889,2.3889
1.9301,2.6418,2.3918,2.3918,2.3918,2.3918,2.3918,2.3918,2.3918,2.3918,2.3918,2.3918,2.3918,2.3918,0.8472,0.6695,2.3918,2.3918,2.3918,2.3918,2.0825,1.7539,2.3918,2.3918,2.3918,2.3918,2.3918,2.3918
2.3946,2.3946,2.3946,2.3946,2.3946,2.3946,2.3946,2.3946,2.3946,2.3946,2.3946,2.3946,2.3946,2.3061,2.3946,2.3946,2.3946,1.8675,1.1099,0.3681,2.3946,2.3946,2.3946,2.3946,2.3946,2.3946,1.9495,1.0373
1.1059,1.5369,2.1599,2.3975,2.3975,2.3975,2.3975,2.3975,2.3975,2.3975,2.3975,2.3975,2.3975,2.3975,2.3975,2.3975,2.3975,2.3975,2.3975,2.3975,2.3975,2.3975,2.3975,2.3975,2.3975,2.3975,2.3975,2.3975
2.4267,1.6081,2.3181,2.4004,2.4004,2.4004,2.4004,2.4004,2.4004,2.4004,2.4004,2.4004,2.4004,0.7,0.8473,2.4004,2.4004,2.4004,2.2863,2.4004,2.4004,2.4004,2.4004,2.4004,2.4004,2.4004,2.4004,2.1367
2.4033,2.4033,2.4033,2.4033,2.4033,2.4033,2.4033,2.4033,2.4033,2.4033,2.4033,2.4033,2.4033,0.7589,0.8855,1.0502,2.2081,2.2,2.291,1.2467,1.2318,2.4033,2.4033,2.4033,2.4033,2.4033,2.4033,2.1243
1.3822,1.6765,2.3561,2.4062,2.4062,2.4062,2.4062,2.4062,2.4062,2.4062,2.4062,2.4062,2.4062,2.4062,2.4062,1.1333,1.2725,2.1595,2.4062,2.4062,2.4062,0.888,1.7397,2.4062,2.4062,2.4062,2.4062,2.4062
2.4091,2.4091,2.4091,2.4091,2.4091,2.4091,2.4091,2.4091,2.4091,2.4091,2.4091,1.9151,2.4091,2.4091,2.4091,2.4091,2.4091,1.7462,1.0378,2.4091,2.4091,2.4091,2.4091,2.4091,2.4091,2.4091,1.8228,0.9699
1.3843,2.375,2.412,2.412,2.412,2.412,2.412,2.412,2.412,2.412,2.412,2.412,2.412,2.412,0.8847,1.2518,1.6283,2.113,2.412,2.412,2.412,1.479,2.412,2.412,2.412,2.412,2.412,2.412
2.6673,2.6673,2.4149,2.4149,2.4149,2.4149,2.4149,2.4149,2.4149,2.4149,2.4149,2.4149,2.4149,2.4149,0.7522,2.4149,2.4149,2.4149,2.4149,2.4149,1.009,2.4149,2.4149,2.4149,2.4149,2.4149,2.4149,2.4149
2.4178,2.4178,2.4178,2.4178,2.4178,2.4178,2.4178,2.4178,2.4178,2.4178,2.4178,1.8952,1.3711,1.2556,1.2654,2.4178,1.9521,2.2826,1.3567,0.4499,2.4178,2.4178,2.4178,2.4178,2.4178,2.4178,2.3828,1.2679
1.3906,1.4103,1.9819,2.4207,2.4207,2.4207,2.4207,2.4207,2.4207,2.4207,2.4207,2.4207,2.4207,2.4207,2.4207,2.4207,2.4207,1.8166,2.4207,2.4207,2.4207,2.4207,1.4634,2.1799,2.4207,2.4207,2.4207,2.4207
1.334,2.0586,2.4236,2.4236,2.4236,2.4236,2.4236,2.4236,2.4236,2.4236,2.4236,2.4236,2.4236,1.0942,2.4236,2.4236,2.4236,2.4236,2.4236,2.4236,2.4236,2.4236,2.4236,2.4236,2.4236,2.4236,2.4236,1.2934
2.4266,2.4266,2.4266,2.4266,2.4266,2.4266,2.4266,2.4266,2.4266,2.4266,2.4266,2.4266,2.4266,0.8324,0.8389,0.9949,2.0918,2.4266,2.4266,2.4266,1.1669,1.7116,2.4266,2.4266,2.4266,2.4266,2.4266,2.4266
1.3956,2.263,2.4295,2.4295,2.4295,2.4295,2.4295,2.4295,2.4295,2.4295,2.4295,2.4295,2.4295,2.4295,0.7701,0.7445,1.7176,2.4295,2.4295,2.4295,2.3158,1.1986,2.3483,2.4295,2.4295,2.4295,2.4295,2.4295
2.4325,2.4325,2.4325,2.4325,2.4325,2.4325,2.4325,2.4325,2.4325,2.4325,2.4325,2.4325,2.4325,2.4325,2.4325,2.4325,2.4325,1.7068,1.0144,0.4246,2.4325,2.4325,2.4325,2.4325,2.4325,2.4325,1.7817,0.9481
0.9716,1.667,2.3427,2.4354,2.4354,2.4354,2.4354,2.4354,2.4354,2.4354,2.4354,2.4354,2.4354,2.4354,2.4354,1.5533,2.3398,2.4354,2.4354,2.4354,2.4354,2.4354,2.4354,2.4354,2.4354,2.4354,2.4354,2.4354
2.6933,1.5419,2.0752,2.4384,2.4384,2.4384,2.4384,2.4384,2.4384,2.4384,2.4384,2.4384,2.4384,0.8156,0.7586,2.4384,2.4384,2.4384,2.4384,1.3398,2.4384,2.4384,2.4384,2.4384,2.4384,2.4384,2.4384,2.2829
2.4414,2.4414,2.4414,2.4414,2.4414,2.4414,2.4414,2.4414,2.4414,2.4414,2.4414,2.4414,1.2254,0.7797,0.9389,2.0063,2.3413,1.8796,2.1042,0.6978,1.306,2.4414,2.4414,2.4414,2.4414,2.4414,2.4414,1.9666
1.4042,1.4679,2.0629,2.4444,2.4444,2.4444,2.4444,2.4444,2.4444,2.4444,2.4444,2.4444,2.4444,2.4444,2.4444,1.3456,1.1142,1.8908,2.4444,2.4444,2.4444,0.7775,1.5232,2.269,2.4444,2.4444,2.4444,2.4444
2.0028,2.4474,2.4474,2.4474,2.4474,2.4474,2.4474,2.4474,2.4474,2.4474,2.4474,2.4474,1.6796,2.4474,2.4474,2.4474,2.4474,1.8128,1.0774,2.4474,2.4474,2.4474,2.4474,2.4474,2.4474,2.4474,1.8923,1.0069
1.9527,2.4504,2.4504,2.4504,2.4504,2.4504,2.4504,2.4504,2.4504,2.4504,2.4504,2.4504,2.4504,2.4504,0.9021,1.0699,1.3917,2.3109,2.4504,2.4504,0.6783,1.7745,2.3255,2.4504,2.4504,2.4504,2.4504,2.4504
2.5718,2.7098,2.4534,2.4534,2.4534,2.4534,2.4534,2.4534,2.4534,2.4534,2.4534,2.4534,2.4534,2.4534,0.7654,0.8706,2.4534,2.4534,2.4534,2.4534,0.7269,2.3371,2.4534,2.4534,2.4534,2.4534,2.4534,2.4534
2.4564,2.4564,2.4564,2.4564,2.4564,2.4564,2.4564,2.4564,2.4564,2.4564,2.4564,2.0828,1.8108,1.6582,2.4564,2.3792,2.4564,1.8991,1.1287,0.3743,2.4564,2.4564,2.4564,2.4564,2.4564,2.4564,1.9824,1.0549
1.4128,1.4077,1.9783,2.4594,2.4594,2.4594,2.4594,2.4594,2.4594,2.4594,2.4594,2.4594,2.4594,2.4594,2.4594,2.4594,2.4594,2.4594,2.4594,2.4594,2.4594,2.4594,2.4594,2.1759,2.4594,2.4594,2.4594,2.4594
2.4881,1.6611,2.4624,2.4624,2.4624,2.4624,2.4624,2.4624,2.4624,2.4624,2.4624,2.4624,2.4624,0.8829,0.8752,2.4624,2.4624,2.4624,2.4624,2.4624,2.4624,2.4624,2.4624,2.4624,2.4624,2.4624,2.4132,1.6232
2.4655,2.4655,2.4655,2.4655,2.4655,2.4655,2.4655,2.4655,2.4655,2.4655,2.4655,2.4655,2.4655,0.8154,0.8217,0.9746,2.0491,2.4264,2.126,2.2884,1.143,1.6766,2.4655,2.4655,2.4655,2.4655,2.4655,2.1761
1.418,1.7618,2.4685,2.4685,2.4685,2.4685,2.4685,2.4685,2.4685,2.4685,2.4685,2.4685,2.4685,2.4685,2.4685,0.8966,1.3372,2.2694,2.4685,2.4685,2.4685,0.9331,1.8282,2.4685,2.4685,2.4685,2.4685,2.4685
2.4715,2.4715,2.4715,2.4715,2.4715,2.4715,2.4715,2.4715,2.4715,2.4715,2.4715,2.4715,2.4715,2.4715,2.4715,2.4715,2.3612,1.6409,0.9753,2.4715,2.4715,2.4715,2.4715,2.4715,2.4715,2.4715,1.7129,0.9115
1.1305,1.9397,2.4746,2.4746,2.4746,2.4746,2.4746,2.4746,2.4746,2.4746,2.4746,2.4746,2.4746,2.4746,1.131,1.3414,1.7449,2.2643,2.4746,2.4746,2.4746,2.4746,2.1929,2.4746,2.4746,2.4746,2.4746,2.4746
2.7367,2.7367,1.9577,2.4777,2.4777,2.4777,2.4777,2.4777,2.4777,2.4777,2.4777,2.4777,2.4777,2.4777,0.7156,2.4777,2.4777,2.4777,2.4777,2.2997,2.4777,2.4777,2.4777,2.4777,2.4777,2.4777,2.4777,2.4777
2.4807,2.4807,2.4807,2.4807,2.4807,2.4807,2.4807,2.4807,2.4807,2.4807,2.4807,2.0773,1.1492,1.0523,1.0605,2.2662,1.9684,2.1231,1.487,0.4931,1.4752,2.4807,2.4807,2.4807,2.4807,2.4807,2.4807,1.3897
1.4268,1.3582,1.9087,2.4302,2.4838,2.4838,2.4838,2.4838,2.4838,2.4838,2.4838,2.4838,2.4838,2.4838,2.4838,2.4838,1.9866,1.7495,2.4135,2.4838,2.4838,2.4838,1.4094,2.0994,2.4838,2.4838,2.4838,2.4838
1.3192,2.4869,2.4869,2.4869,2.4869,2.4869,2.4869,2.4869,2.4869,2.4869,2.4869,2.4869,1.2218,1.2321,2.4869,2.4869,2.4869,2.4869,2.4869,2.4869,2.4869,2.4869,2.4869,2.4869,2.4869,2.4869,2.0821,1.1079
2.49,2.49,2.49,2.49,2.49,2.49,2.49,2.49,2.49,2.49,2.49,2.49,2.49,0.8116,0.8179,0.97,1.5849,2.4151,2.49,2.49,0.615,1.6688,2.1085,2.49,2.49,2.49,2.49,2.49
2.0092,2.6348,2.4931,2.4931,2.4931,2.4931,2.4931,2.4931,2.4931,2.4931,2.4931,2.4931,2.4931,2.4931,0.8224,0.6499,1.9998,2.4931,2.4931,2.4931,2.0215,1.3955,2.4931,2.1937,2.4931,2.4931,2.4931,2.4931
2.4962,2.4962,2.4962,2.4962,2.4962,2.4962,2.4962,2.4962,2.4962,2.4962,2.4962,2.4962,2.4962,2.4962,2.4962,2.4962,2.4251,1.6853,1.0017,0.3322,2.4962,2.4962,2.4962,2.4962,2.4962,2.4962,1.7593,0.9361
0.8625,1.4798,2.0797,2.4993,2.4993,2.4993,2.4993,2.4993,2.4993,2.4993,2.4993,2.4993,2.4993,2.4993,2.4993,2.4993,2.4993,2.4993,2.4993,2.4993,2.4993,2.4993,2.4993,2.4993,2.4993,2.4993,2.4993,2.4993
2.5299,1.4403,2.0762,2.5025,2.5025,2.5025,2.5025,2.5025,2.5025,2.5025,2.5025,2.5025,2.5025,0.627,0.7589,2.5025,2.5025,2.5025,2.5025,1.2941,2.5025,2.5025,2.5025,2.5025,2.5025,2.5025,2.5025,2.2632
2.5056,2.5056,2.5056,2.5056,2.5056,2.5056,2.5056,2.5056,2.5056,2.5056,2.5056,2.5056,1.5808,0.7028,0.8463,1.0037,2.1103,1.6942,2.1895,0.9002,1.1772,2.5056,2.5056,2.5056,2.5056,2.5056,2.5056,1.9899
1.4411,1.4891,2.0927,2.5087,2.5087,2.5087,2.5087,2.5087,2.5087,2.5087,2.5087,2.5087,2.5087,2.5087,2.5087,1.222,1.1302,1.9181,2.5087,2.5087,2.5087,0.7887,1.5452,2.3017,2.5087,2.5087,2.5087,2.5087
2.5119,2.5119,2.5119,2.5119,2.5119,2.5119,2.5119,2.5119,2.5119,2.5119,2.5119,1.8174,2.5119,2.5119,2.5119,2.5119,2.3845,1.6571,0.9849,2.5119,2.5119,2.5119,2.5119,2.5119,2.5119,2.5119,1.7299,0.9205
1.4551,2.4965,2.515,2.515,2.515,2.515,2.515,2.515,2.515,2.515,2.515,2.515,2.515,2.515,0.7996,1.1016,1.4329,1.9292,2.515,2.515,2.515,1.3223,2.3944,2.515,2.515,2.515,2.515,2.515
2.7815,2.7815,2.7815,2.5182,2.5182,2.5182,2.5182,2.5182,2.5182,2.5182,2.5182,2.5182,2.5182,2.5182,0.709,1.4267,2.5182,2.5182,2.5182,2.2786,0.6733,2.5182,2.347,2.5182,2.5182,2.462,2.5182,2.5182
2.5214,2.5214,2.5214,2.5214,2.5214,2.5214,2.5214,2.5214,2.5214,2.5214,2.4732,1.7244,1.2176,1.2943,1.3044,2.3351,2.0123,1.9876,1.1813,0.3918,2.5214,2.5214,2.5214,2.5214,2.5214,2.5214,2.0749,1.104
1.4502,1.3207,1.856,2.3631,2.5246,2.5246,2.5246,2.5246,2.5246,2.5246,2.5246,2.5246,2.5246,2.5246,2.5246,2.5246,2.5246,2.5246,2.3469,2.5246,2.5246,2.5246,1.3705,2.0414,2.5246,2.5246,2.5246,2.5246
1.3539,1.7706,2.5278,2.5278,2.5278,2.5278,2.5278,2.5278,2.5278,2.5278,2.5278,2.5278,2.5278,0.9411,2.5278,2.5278,2.5278,2.5278,2.5278,2.5278,2.5278,2.5278,2.5278,2.5278,2.5278,2.5278,2.4669,1.3127
2.531,2.531,2.531,2.531,2.531,2.531,2.531,2.531,2.531,2.531,2.531,2.531,2.531,0.7745,0.7805,0.9257,1.9463,2.3047,2.0193,2.4928,1.0857,1.5925,2.531,2.531,2.531,2.531,2.531,2.3984
1.4557,1.9177,2.5342,2.5342,2.5342,2.5342,2.5342,2.5342,2.5342,2.5342,2.5342,2.5342,2.5342,2.5342,0.7716,0.7459,1.4555,2.4701,2.5342,2.5342,2.3202,1.0157,1.9899,2.5342,2.5342,2.5342,2.5342,2.5342
2.5374,2.5374,2.5374,2.5374,2.5374,2.5374,2.5374,2.5374,2.5374,2.5374,2.5374,2.5374,2.5374,2.5374,2.5374,2.5374,2.2702,1.5777,0.9377,2.5374,2.5374,2.5374,2.5374,2.5374,2.5374,2.4175,1.6469,0.8763
0.9628,1.6519,2.3215,2.5406,2.5406,2.5406,2.5406,2.5406,2.5406,2.5406,2.5406,2.5406,2.5406,2.5406,1.2618,1.4884,1.9466,2.526,2.5406,2.5406,2.5406,2.5406,2.5406,2.5406,2.5406,2.5406,2.5406,2.5406
2.8097,2.5717,1.9054,2.5142,2.5438,2.5438,2.5438,2.5438,2.5438,2.5438,2.5438,2.5438,2.5438,2.5438,0.6965,2.5438,2.5438,2.5438,2.5438,1.862,2.5438,2.5438,2.5438,2.5438,2.5305,2.5438,2.5438,2.3102
2.5471,2.5471,2.5471,2.5471,2.5471,2.5471,2.5471,2.5471,2.5471,2.5471,2.5471,2.5471,0.9985,0.9144,0.9215,1.9691,2.0385,1.8448,1.7094,0.5669,1.2818,2.5471,2.5471,2.5471,2.5471,2.5471,2.3707,1.5976
1.465,1.465,1.8808,2.3947,2.5503,2.5503,2.5503,2.5503,2.5503,2.5503,2.5503,2.5503,2.5503,2.5503,2.5503,2.5503,1.0554,1.7239,2.3782,2.5503,2.5503,0.7088,1.3888,2.0687,2.5503,2.5503,2.5503,2.5503
1.5751,2.5536,2.5536,2.5536,2.5536,2.5536,2.5536,2.5536,2.5536,2.5536,2.5536,2.5536,1.0805,2.5536,2.5536,2.5536,2.5382,1.7639,2.5536,2.5536,2.5536,2.5536,2.5536,2.5536,2.5536,2.5536,1.8413,0.9798
2.2448,2.5568,2.5568,2.5568,2.5568,2.5568,2.5568,2.5568,2.5568,2.5568,2.5568,2.5568,2.5568,2.5568,0.8163,0.9682,1.2594,2.4105,2.5568,2.5568,0.6139,1.6656,2.1044,2.5568,2.5568,2.5568,2.5568,2.5568
2.0632,2.8277,2.8277,2.5601,2.5601,2.5601,2.5601,2.5601,2.5601,2.5601,2.5601,2.5601,2.5601,2.5601,0.7389,0.6529,2.5116,2.5601,2.5601,2.3747,1.8163,1.7526,2.5601,2.5601,2.5601,2.5601,2.5601,2.5601
2.5634,2.5634,2.5634,2.5634,2.5634,2.5634,2.5634,2.5634,2.5634,2.5634,2.5634,2.4344,1.9954,1.8272,2.5634,2.184,2.4531,1.7048,1.0132,0.336,2.5634,2.5634,2.5634,2.5634,2.5634,2.5634,1.7796,0.9469
1.1434,1.3491,1.8959,2.4139,2.5667,2.5667,2.5667,2.5667,2.5667,2.5667,2.5667,2.5667,2.5667,2.5667,2.5667,2.5667,2.5667,2.5667,2.5667,2.5667,2.5667,2.5667,2.5667,2.0853,2.5667,2.5667,2.5667,2.5667
2.5981,1.4779,2.4232,2.57,2.57,2.57,2.57,2.57,2.57,2.57,2.57,2.57,2.57,0.6433,0.7787,2.57,2.57,2.57,1.8607,2.57,2.57,2.57,2.57,2.57,2.57,2.57,2.4079,1.7365
2.5733,2.5733,2.5733,2.5733,2.5733,2.5733,2.5733,2.5733,2.5733,2.5733,2.5733,2.5733,2.5733,0.776,0.782,0.9275,1.9501,2.0034,2.0233,1.3631,1.0878,2.5733,2.5733,2.5733,2.5733,2.5733,2.5591,2.071
1.4801,1.5519,2.181,2.5766,2.5766,2.5766,2.5766,2.5766,2.5766,2.5766,2.5766,2.5766,2.5766,2.5766,2.5766,0.9382,1.1779,1.999,2.5766,2.5766,2.5766,0.822,1.6104,2.3988,2.5766,2.5766,2.5766,2.5766
2.5799,2.5799,2.5799,2.5799,2.5799,2.5799,2.5799,2.5799,2.5799,2.5799,2.5799,2.5799,2.5799,2.5799,2.5799,2.5799,2.2321,1.5512,0.9219,2.5799,2.5799,2.5799,2.5799,2.5799,2.5799,2.3769,1.6193,0.8616
1.1627,1.9948,2.5832,2.5832,2.5832,2.5832,2.5832,2.5832,2.5832,2.5832,2.5832,2.5832,2.5832,2.5832,0.8255,1.168,1.5193,1.9716,2.548,2.5832,2.5832,2.5832,2.07,2.5832,2.5832,2.5832,2.5832,2.5832
2.857,2.857,1.8384,2.4259,2.5866,2.5866,2.5866,2.5866,2.5866,2.5866,2.5866,2.5866,2.5866,2.5866,0.672,2.5866,2.5866,2.5866,2.5866,2.1595,1.8315,2.5866,2.5866,2.5866,2.4417,2.3333,2.5866,2.5866
2.5899,2.5899,2.5899,2.5899,2.5899,2.5899,2.5899,2.5899,2.5899,2.5899,2.5899,1.7842,1.1652,1.067,1.0753,2.2978,1.6907,2.149,1.2773,0.4236,2.5899,2.5899,2.5899,2.5899,2.5899,2.5899,2.2433,1.1937
4.4909,1.267,1.7806,2.2671,2.5933,2.5933,2.5933,2.5933,2.5933,2.5933,2.5933,2.5933,2.5933,2.5933,2.5933,2.5933,2.5933,1.632,2.2515,2.5933,2.5933,2.5933,1.3147,1.9584,2.5933,2.5933,2.5933,2.5933
1.1449,2.3462,2.5966,2.5966,2.5966,2.5966,2.5966,2.5966,2.5966,2.5966,2.5966,2.5966,2.3543,1.0408,2.5966,2.5966,2.5966,2.5966,2.5966,2.5966,2.5966,2.5966,2.5966,2.5966,2.5966,2.5966,2.0861,1.11
2.6,2.6,2.6,2.6,2.6,2.6,2.6,2.6,2.6,2.6,2.6,2.6,2.6,0.752,0.7579,0.8989,1.5935,2.2379,2.6,2.4205,0.724,1.5464,2.6,2.6,2.6,2.6,2.6,2.3289
2.0981,2.1793,2.6034,2.6034,2.6034,2.6034,2.6034,2.6034,2.6034,2.6034,2.6034,2.6034,2.6034,2.6034,0.698,0.6444,1.6541,2.6034,2.6034,2.6034,2.0046,1.1542,2.2614,1.9888,2.6034,2.6034,2.6034,2.6034
2.6068,2.6068,2.6068,2.6068,2.6068,2.6068,2.6068,2.6068,2.6068,2.6068,2.6068,2.6068,2.6068,2.6068,2.6068,2.6068,2.2315,1.5508,0.9217,0.3057,2.6068,2.6068,2.6068,2.6068,2.6068,2.3763,1.6189,0.8614
0.8475,1.4994,2.0435,2.6018,2.6102,2.6102,2.6102,2.6102,2.6102,2.6102,2.6102,2.6102,2.6102,2.6102,2.6102,1.7589,2.1269,2.6102,2.6102,2.6102,2.6102,2.6102,2.6102,2.6102,2.6102,2.6102,2.6102,2.6102
2.8868,1.3156,1.8965,2.6136,2.6136,2.6136,2.6136,2.6136,2.6136,2.6136,2.6136,2.6136,2.6136,0.6126,0.6932,2.6136,2.6136,2.6136,2.6136,1.1821,2.6136,2.6136,2.6136,2.6136,2.5187,2.6136,2.563,2.0673
2.617,2.617,2.617,2.617,2.617,2.617,2.617,2.617,2.617,2.617,2.617,2.617,1.2224,0.6849,0.8247,1.7623,2.0565,1.651,2.0991,0.6961,1.1472,2.617,2.617,2.617,2.617,2.617,2.3663,1.9391
1.5053,1.5053,1.8966,2.4148,2.6205,2.6205,2.6205,2.6205,2.6205,2.6205,2.6205,2.6205,2.6205,2.6205,2.6205,1.216,1.0243,1.7384,2.3982,2.6205,2.6205,0.7148,1.4004,2.0861,2.6205,2.6205,2.6205,2.6205
2.0545,2.6239,2.6239,2.6239,2.6239,2.6239,2.6239,2.6239,2.6239,2.6239,2.6239,2.6239,1.7229,2.6239,2.6239,2.6239,2.306,1.6025,0.9525,2.6239,2.6239,2.6239,2.6239,2.6239,2.6239,2.4556,1.6729,0.8901
1.5855,2.6273,2.6273,2.6273,2.6273,2.6273,2.6273,2.6273,2.6273,2.6273,2.6273,2.6273,2.6273,2.6273,0.8346,0.9899,1.2876,2.1021,2.6273,2.6273,2.6273,1.4408,2.1516,2.6002,2.6273,2.6273,2.6273,2.6273
2.7547,2.9058,2.9058,2.6308,2.6308,2.6308,2.6308,2.6308,2.6308,2.6308,2.6308,2.6308,2.6308,2.6308,0.6808,0.9325,2.6308,2.6308,2.6308,2.1877,0.6465,2.5033,2.0729,2.6308,2.4735,2.3637,2.6308,2.6308
2.6343,2.6343,2.6343,2.6343,2.6343,2.6343,2.6343,2.6343,2.6343,2.6343,2.4728,1.8321,1.2774,1.3751,2.6343,2.2163,2.138,1.7691,1.0514,0.3487,2.6343,2.6343,2.6343,2.6343,2.6343,2.6343,1.8467,0.9827
4.5679,1.2592,1.7697,2.2532,2.6377,2.6377,2.6377,2.6377,2.6377,2.6377,2.6377,2.6377,2.6377,2.6377,2.6377,2.6377,2.6377,2.6377,2.2377,2.6377,2.6377,2.6377,1.3067,1.9464,2.6377,2.6377,2.6377,2.6377
1.4108,1.5589,2.556,2.6412,2.6412,2.6412,2.6412,2.6412,2.6412,2.6412,2.6412,2.6412,2.6412,0.8285,2.6412,2.6412,2.6412,2.505,2.6412,2.6412,2.6412,2.6412,2.6412,2.6412,2.6412,2.6412,2.2647,1.3678
2.6447,2.6447,2.6447,2.6447,2.6447,2.6447,2.6447,2.6447,2.6447,2.6447,2.6447,2.6447,2.6447,0.7335,0.7392,0.8767,1.8432,2.1827,1.9124,2.3608,1.0282,1.5082,2.6447,2.6447,2.6447,2.6447,2.4189,2.2714
1.5212,1.6672,2.3429,2.6482,2.6482,2.6482,2.6482,2.6482,2.6482,2.6482,2.6482,2.6482,2.6482,2.6482,2.6482,0.7652,1.2654,2.1474,2.6482,2.6482,2.3802,0.883,1.73,2.577,2.3563,2.6482,2.6482,2.6482
2.6517,2.6517,2.6517,2.6517,2.6517,2.6517,2.6517,2.6517,2.6517,2.6517,2.2422,2.6517,2.6517,2.6517,2.6517,2.6517,2.1357,1.4842,0.8821,2.6517,2.6517,2.6517,2.6517,2.6517,2.6517,2.2743,1.5493,0.8244
0.975,1.6728,2.3508,2.6552,2.6552,2.6552,2.6552,2.6552,2.6552,2.6552,2.6552,2.6552,2.6552,2.6552,1.0804,1.2814,1.6668,2.1629,2.6552,2.6552,2.6552,2.6552,2.6552,2.6552,2.6552,2.6552,2.6552,2.6552
3.4926,2.9367,1.7804,2.3493,2.6588,2.6588,2.6588,2.6588,2.6588,2.6588,2.6588,2.6588,2.6588,2.6588,0.6508,2.6588,2.6588,2.6588,2.5366,2.0914,2.6588,2.3762,2.6588,2.5213,2.3646,2.6588,2.6588,2.5525
2.6623,2.6623,2.6623,2.6623,2.6623,2.6623,2.6623,2.6623,2.6623,2.6623,2.6623,2.0065,1.0,0.9157,0.9228,1.972,1.9014,1.8474,1.4364,0.4763,1.2837,2.6623,2.6623,2.6623,2.6623,2.6623,2.3539,1.3424
4.6166,1.5314,1.7453,2.2222,2.6658,2.6658,2.6658,2.6658,2.6658,2.6658,2.6658,2.6658,2.6658,2.6658,2.6658,2.6658,1.4689,1.5997,2.2069,2.6658,2.6658,0.8227,1.2887,1.9197,2.6409,2.6658,2.6658,2.6658
1.2916,2.6694,2.6694,2.6694,2.6694,2.6694,2.6694,2.6694,2.6694,2.6694,2.6694,2.6694,1.0716,1.2064,2.6694,2.6694,2.6694,2.6694,2.6694,2.6694,2.6694,2.6694,2.6694,2.6694,2.6694,2.6694,1.8261,0.9717
2.673,2.673,2.673,2.673,2.673,2.673,2.673,2.673,2.673,2.673,2.673,2.673,2.673,0.7463,0.7521,0.892,1.1604,2.2208,2.6609,2.402,0.5655,1.5345,1.9388,2.673,2.673,2.673,2.673,2.3111
2.157,2.6248,2.9563,2.6765,2.6765,2.6765,2.6765,2.6765,2.6765,2.6765,2.6765,2.6765,2.6765,2.6765,0.7265,0.574,1.9923,2.6765,2.6765,2.3346,1.7857,1.3902,2.6765,2.1854,2.6395,2.5225,2.6765,2.6765
2.6801,2.6801,2.6801,2.6801,2.6801,2.6801,2.6801,2.6801,2.6801,2.6801,2.6801,2.6801,2.312,2.6801,2.6801,2.5305,2.2428,1.5586,0.9264,0.3072,2.6801,2.6801,2.6801,2.6801,2.6801,2.3883,1.627,0.8657
0.8637,1.3157,1.849,2.3542,2.6837,2.6837,2.6837,2.6837,2.6837,2.6837,2.6837,2.6837,2.6837,2.6837,2.6837,2.6837,2.6837,2.6837,2.6837,2.6837,2.6837,2.6837,2.6837,2.6837,2.6837,2.6837,2.6837,2.6837
2.7168,1.34,1.9317,2.6873,2.6873,2.6873,2.6873,2.6873,2.6873,2.6873,2.6873,2.6873,2.6873,0.5833,0.7061,2.6873,2.6873,2.6873,2.0651,2.6873,2.6873,2.6873,2.6873,2.6873,2.6873,2.4517,2.3491,1.93
2.6909,2.6909,2.6909,2.6909,2.6909,2.6909,2.6909,2.6909,2.6909,2.6909,2.6909,2.6909,1.6688,0.6286,0.757,0.8978,1.8877,1.6769,1.9585,0.9503,1.053,2.6909,2.6909,2.6909,2.6909,2.6282,2.4772,1.78
1.5479,1.5479,1.9596,2.495,2.6946,2.6946,2.6946,2.6946,2.6946,2.6946,2.6946,2.6946,2.6946,2.6946,2.6946,1.0127,1.0583,1.7961,2.4779,2.6946,2.6946,0.7385,1.4469,2.1553,2.6946,2.6946,2.6946,2.6946
2.6982,2.6982,2.6982,2.6982,2.6982,2.6982,2.6982,2.6982,2.6982,2.6982,2.6982,1.6351,2.6982,2.6982,2.6982,2.6982,2.1453,1.4909,0.8861,2.6982,2.6982,2.6982,2.6982,2.6982,2.6982,2.2845,1.5563,0.8281
1.2277,2.1064,2.7018,2.7018,2.7018,2.7018,2.7018,2.7018,2.7018,2.7018,2.7018,2.7018,2.7018,2.7018,0.7341,1.0387,1.3512,1.7534,2.6576,2.7018,2.7018,1.2273,2.1858,2.7018,2.7018,2.7018,2.7018,2.7018
3.554,2.9883,2.9883,2.3156,2.7055,2.7055,2.7055,2.7055,2.7055,2.7055,2.7055,2.7055,2.7055,2.7055,0.6414,1.7984,2.7055,2.7055,2.5002,2.0613,0.6537,2.7055,2.7055,2.4851,2.3306,2.2273,2.7055,2.5159
2.7092,2.7092,2.7092,2.7092,2.7092,2.7092,2.7092,2.7092,2.7092,2.7092,2.3501,1.5681,1.157,1.1074,1.116,2.2189,1.7217,1.8887,1.1225,0.3723,2.7092,2.7092,2.7092,2.7092,2.7092,2.7092,1.9716,1.0491
4.698,1.2012,1.6881,2.1494,2.6075,2.7128,2.7128,2.7128,2.7128,2.7128,2.7128,2.7128,2.7128,2.7128,2.7128,2.7128,2.7128,1.5473,2.1346,2.7098,2.7128,2.7128,1.2465,1.8568,2.5544,2.7128,2.7128,2.7128
1.1715,1.6972,2.7165,2.7165,2.7165,2.7165,2.7165,2.7165,2.7165,2.7165,2.7165,2.7165,2.409,0.9021,2.7165,2.7165,2.7165,2.7165,2.7165,2.7165,2.7165,2.7165,2.7165,2.7165,2.7165,2.564,2.1346,1.1358
2.7202,2.7202,2.7202,2.7202,2.7202,2.7202,2.7202,2.7202,2.7202,2.7202,2.7202,2.7202,2.7202,0.7082,0.7137,0.8464,1.7797,2.1074,1.8465,2.2794,0.9928,1.4562,2.7202,2.7202,2.7202,2.7202,2.7202,2.1931
4.7172,1.8569,2.6096,2.7239,2.7239,2.7239,2.7239,2.7239,2.7239,2.7239,2.7239,2.7239,2.7239,2.7239,0.674,0.6516,1.4094,2.3919,2.7239,2.6498,2.0268,0.9835,1.9269,2.7239,2.6245,2.7239,2.7239,2.7239
2.7276,2.7276,2.7276,2.7276,2.7276,2.7276,2.7276,2.7276,2.7276,2.6457,2.7276,2.7276,2.7276,2.7276,2.7276,2.7276,2.0869,1.4503,0.862,0.4497,2.7276,2.7276,2.7276,2.7276,2.7276,2.2224,1.514,0.8349
0.848,1.569,2.0447,2.6034,2.7314,2.7314,2.7314,2.7314,2.7314,2.7314,2.7314,2.7314,2.7314,2.7314,2.7314,1.3109,1.908,2.4759,2.7314,2.7314,2.7314,2.7314,2.7314,2.7314,2.7314,2.7314,2.7314,2.7314
3.5928,1.5057,1.761,2.5658,2.7351,2.7351,2.7351,2.7351,2.7351,2.7351,2.7351,2.7351,2.7351,0.7965,0.6437,2.7351,2.7351,2.7351,2.509,1.3084,2.7351,2.7351,2.7351,2.4939,2.3388,2.7351,2.3799,2.1352
2.7388,2.7388,2.7388,2.7388,2.7388,2.7388,2.7388,2.7388,2.7388,2.7388,2.7388,2.7388,0.9907,0.8113,0.8176,1.7471,2.0287,1.6368,1.7012,0.5641,1.1373,2.7388,2.7388,2.7388,2.7388,2.7388,2.3283,1.5899
4.7495,1.5755,1.748,2.2255,2.7,2.7426,2.7426,2.7426,2.7426,2.7426,2.7426,2.7426,2.7426,2.7426,2.7426,1.2671,0.9441,1.6021,2.2103,2.7426,2.7426,0.6588,1.2907,1.9226,2.645,2.7426,2.7426,2.7426
1.5992,2.7464,2.7464,2.7464,2.7464,2.7464,2.7464,2.7464,2.7464,2.7464,2.7464,2.6188,1.0708,2.7464,2.7464,2.7464,2.2671,1.5755,2.7464,2.7464,2.7464,2.7464,2.7464,2.7464,2.7464,2.4142,1.6446,0.8751
1.8013,2.7501,2.7501,2.7501,2.7501,2.7501,2.7501,2.7501,2.7501,2.7501,2.7501,2.7501,2.7501,2.7501,0.7631,0.905,1.1772,2.0977,2.6998,2.7501,0.5738,1.5569,1.9671,2.3773,2.7501,2.7501,2.7501,2.7501
2.2194,3.0418,3.0418,2.7539,2.7539,2.7539,2.7539,2.7539,2.7539,2.7539,2.7539,2.7539,2.7539,2.7539,0.6641,0.6819,2.6233,2.7539,2.5885,2.1341,0.6306,1.8306,2.2411,2.5728,2.4129,2.3059,2.4553,2.7539
2.7577,2.7577,2.7577,2.7577,2.7577,2.7577,2.7577,2.7577,2.7577,2.7577,2.4684,1.7651,1.6486,1.5096,2.6561,2.0086,2.3071,1.6033,0.9529,0.316,2.7577,2.7577,2.7577,2.7577,2.7577,2.4568,1.6737,0.8906
1.2482,1.2194,1.7137,2.1819,2.647,2.7615,2.7615,2.7615,2.7615,2.7615,2.7615,2.7615,2.7615,2.7615,2.7615,2.7615,2.7615,2.7615,2.7615,2.7508,2.7615,2.7615,2.7615,1.8849,2.5931,2.7615,2.7615,2.7615
2.5369,1.3991,2.294,2.7653,2.7653,2.7653,2.7653,2.7653,2.7653,2.7653,2.7653,2.7653,2.7653,0.609,0.7372,2.7653,2.7653,2.6364,1.7615,2.7653,2.7653,2.7653,2.7653,2.7653,2.7653,2.5598,2.1731,1.4644
2.7692,2.7692,2.7692,2.7692,2.7692,2.7692,2.7692,2.7692,2.7692,2.7692,2.7692,2.7692,2.7692,0.7053,0.7108,0.843,1.7724,2.0988,1.839,1.6143,0.9887,1.4503,2.7692,2.7692,2.7692,2.7692,2.326,1.8823
1.5929,1.5929,2.0796,2.6478,2.773,2.773,2.773,2.773,2.773,2.773,2.773,2.773,2.773,2.773,2.773,0.8036,1.1232,1.9061,2.6297,2.773,2.4996,0.7838,1.5356,2.2874,2.235,2.773,2.773,2.773
2.7768,2.7768,2.7768,2.7768,2.7768,2.7768,2.7768,2.7768,2.7768,2.7768,2.1413,2.7768,2.7768,2.7768,2.7768,2.7001,2.0396,1.4174,0.8424,2.7768,2.7768,2.7768,2.7768,2.7768,2.7768,2.1719,1.4796,0.85
1.0081,1.7296,2.4307,2.7807,2.7807,2.7807,2.7807,2.7807,2.7807,2.7807,2.7807,2.7807,2.7807,2.7807,0.9467,1.1228,1.4605,1.8952,2.4493,2.7807,2.7807,2.7807,1.8355,2.6735,2.7807,2.7807,2.7807,2.7807
3.9489,3.0757,1.6887,2.2283,2.7846,2.7846,2.7846,2.7846,2.7846,2.7846,2.7846,2.7846,2.7846,2.7846,0.6173,2.7846,2.7846,2.7846,2.406,1.9837,2.7846,2.4574,2.7658,2.3915,2.2428,2.1433,2.7846,2.4211
2.7885,2.7885,2.7885,2.7885,2.7885,2.7885,2.7885,2.7885,2.7885,2.7885,2.5945,1.7312,1.0206,0.9346,0.9419,2.0127,1.6405,1.8856,1.2393,0.411,2.7885,2.7885,2.7885,2.7885,2.7885,2.7371,2.1766,1.1582
4.8357,1.1699,1.6441,2.0933,2.5395,2.7923,2.7923,2.7923,2.7923,2.7923,2.7923,2.7923,2.7923,2.7923,2.7923,2.7923,1.7112,1.5069,2.0789,2.6391,2.7923,2.7923,1.214,1.8083,2.4878,2.7923,2.7923,2.7923
1.0932,2.3016,2.7963,2.7963,2.7963,2.7963,2.7963,2.7963,2.7963,2.7963,2.7963,2.7963,1.0816,1.021,2.7963,2.7963,2.7963,2.7963,2.7963,2.7963,2.7963,2.7963,2.7963,2.7963,2.7963,2.5631,1.8432,0.9808
2.8002,2.8002,2.8002,2.8002,2.8002,2.8002,2.8002,2.8002,2.8002,2.8002,2.8002,2.8002,2.8002,0.6981,0.7035,0.8343,1.4791,2.0773,2.489,2.2468,0.529,1.4354,1.8135,2.8002,2.8002,2.8002,2.8002,2.1618
2.2598,2.2598,3.0453,2.8041,2.8041,2.8041,2.8041,2.8041,2.8041,2.8041,2.8041,2.8041,2.8041,2.8041,0.694,0.5738,1.6447,2.7912,2.8041,2.3334,1.7848,1.1477,2.2486,1.8042,2.6382,2.5212,2.6845,2.8041
2.808,2.808,2.808,2.808,2.808,2.808,2.808,2.808,2.808,2.808,2.808,2.808,2.808,2.808,2.6477,2.7569,2.0825,1.4472,0.8601,0.2852,2.808,2.808,2.808,2.808,2.808,2.2176,1.5107,0.8595
0.7597,1.6153,1.8319,2.3324,2.812,2.812,2.812,2.812,2.812,2.812,2.812,2.812,2.812,2.812,2.812,2.812,2.072,2.761,2.812,2.812,2.812,2.812,2.812,2.812,2.812,2.812,2.812,2.812
2.7772,1.2346,1.7797,2.593,2.8159,2.8159,2.8159,2.8159,2.8159,2.8159,2.8159,2.8159,2.8159,0.5374,0.6505,2.8159,2.8159,2.8159,2.4056,1.1093,2.8159,2.8159,2.8159,2.5203,2.8159,2.8159,2.4051,1.94
2.8199,2.8199,2.8199,2.8199,2.8199,2.8199,2.8199,2.8199,2.8199,2.8199,2.8199,2.8199,1.2664,0.6178,0.7439,0.8823,1.8551,1.4893,1.9247,0.7212,1.0348,2.8199,2.8199,2.8199,2.8199,2.5828,2.4344,1.7493
4.8903,1.6222,1.7902,2.2793,2.7652,2.8239,2.8239,2.8239,2.8239,2.8239,2.8239,2.8239,2.8239,2.8239,2.8239,1.1325,0.9669,1.6409,2.2637,2.8239,2.8239,0.6747,1.3219,1.969,2.7089,2.8239,2.8239,2.8239
2.8279,2.8279,2.8279,2.8279,2.8279,2.8279,2.8279,2.8279,2.8279,2.8279,2.8279,1.5947,1.8489,2.8279,2.8279,2.77,2.0924,1.4541,0.8642,2.8279,2.8279,2.8279,2.8279,2.8279,2.8279,2.2281,1.5179,0.8656
1.6268,2.2885,2.8319,2.8319,2.8319,2.8319,2.8319,2.8319,2.8319,2.8319,2.8319,2.8319,2.8319,2.8319,0.733,0.9402,1.223,1.7685,2.6723,2.8319,2.8319,1.2121,2.0436,2.4697,2.8319,2.8319,2.8319,2.8319
3.1367,3.1323,3.1323,2.2422,2.7876,2.8359,2.8359,2.8359,2.8359,2.8359,2.8359,2.8359,2.8359,2.8359,0.6211,1.0618,2.8359,2.8311,2.421,1.996,0.5898,2.8359,1.8913,2.4064,2.2568,2.1567,2.8359,2.8359
2.8399,2.8399,2.8399,2.8399,2.8399,2.8399,2.8399,2.8399,2.8399,2.8399,2.1169,1.5684,1.0936,1.1772,1.1864,2.0712,1.8303,1.6918,1.0055,0.3334,2.8399,2.8399,2.8399,2.8399,2.8399,2.5923,1.766,0.9397
4.925,1.1551,1.6337,2.0668,2.5073,2.8439,2.8439,2.8439,2.8439,2.8439,2.8439,2.8439,2.8439,2.8439,2.8439,2.8439,2.8439,2.8439,2.0526,2.6057,2.8439,2.8439,1.1986,1.7854,2.4563,2.8439,2.8439,2.8439
1.2242,1.502,2.4628,2.848,2.848,2.848,2.848,2.848,2.848,2.848,2.848,2.848,2.5173,0.7983,2.848,2.848,2.848,2.848,2.848,2.848,2.848,2.848,2.848,2.848,2.848,2.4882,2.1822,1.1869
2.8521,2.8521,2.8521,2.8521,2.8521,2.8521,2.8521,2.8521,2.8521,2.8521,2.8521,2.8521,2.8029,0.6763,0.6816,0.8083,1.6996,2.0125,1.7633,2.1768,0.9481,1.3906,2.8521,2.8521,2.8521,2.8521,2.2303,2.0944
4.9461,1.6407,2.277,2.8561,2.8561,2.8561,2.8561,2.8561,2.8561,2.8561,2.8561,2.8561,2.8561,2.8561,0.6945,0.6713,1.2298,2.087,2.8561,2.7301,2.0882,0.8581,1.6813,2.5044,2.29,2.8561,2.8561,2.8561
2.8602,2.8602,2.8602,2.8602,2.8602,2.8602,2.8602,2.8602,2.8602,2.8602,2.8602,2.8602,2.8602,2.8602,2.8602,2.6204,1.9793,1.3755,0.8175,2.8602,2.8602,2.8602,2.8602,2.8602,2.7844,2.1078,1.4359,0.8755
0.8633,1.6454,2.0816,2.6503,2.8643,2.8643,2.8643,2.8643,2.8643,2.8643,2.8643,2.8643,2.8643,2.8643,1.0606,1.2579,1.6362,2.1232,2.744,2.8643,2.8643,2.8643,2.8643,2.8643,2.8643,2.8643,2.8643,2.8643
4.3677,2.8999,1.6585,2.1885,2.8684,2.8684,2.8684,2.8684,2.8684,2.8684,2.8684,2.8684,2.8684,2.8684,0.6062,2.8684,2.8684,2.7633,2.363,1.9482,2.8576,2.8684,2.7163,2.3488,2.2027,2.8684,2.2414,2.011
2.8725,2.8725,2.8725,2.8725,2.8725,2.8725,2.8725,2.8725,2.8725,2.8725,2.8725,1.9937,0.8926,0.8174,0.8237,1.7602,1.7319,1.649,1.4272,0.4733,1.1458,2.8725,2.8725,2.8725,2.7421,2.7818,2.1011,1.3338
4.9817,1.6525,1.6344,2.0809,2.5245,2.8767,2.8767,2.8767,2.8767,2.8767,2.8767,2.8767,2.8767,2.8767,2.8767,2.8767,1.0526,1.498,2.0666,2.6235,2.8767,0.616,1.2068,1.7976,2.4731,2.8767,2.8767,2.8767
1.3031,2.7436,2.8808,2.8808,2.8808,2.8808,2.8808,2.8808,2.8808,2.8808,2.8808,2.614,0.9633,1.2171,2.8808,2.8808,2.8808,2.8808,2.8808,2.8808,2.8808,2.8808,2.8808,2.8808,2.8808,2.4097,1.6416,0.8818
2.1609,2.885,2.885,2.885,2.885,2.885,2.885,2.885,2.885,2.885,2.885,2.885,2.885,2.885,0.7081,0.8398,1.0924,2.0908,2.5052,2.885,0.5324,1.4447,1.8253,2.885,2.885,2.885,2.885,2.885
2.3284,2.7022,3.1911,3.1911,2.8891,2.8891,2.8891,2.8891,2.8891,2.8891,2.8891,2.8891,2.8891,2.8891,0.6573,0.5331,2.051,2.8891,2.562,2.1123,1.6156,1.4312,2.8891,2.2499,2.3882,2.2823,2.4301,2.8891
2.8933,2.8933,2.8933,2.8933,2.8933,2.8933,2.8933,2.8933,2.8933,2.8933,2.8933,2.2961,1.8821,1.7234,2.5597,2.0599,2.1234,1.4757,0.8771,0.2908,2.8933,2.8933,2.8933,2.8933,2.8933,2.2612,1.5404,0.8856
0.9151,1.1975,1.6829,2.1427,2.5995,2.8975,2.8975,2.8975,2.8975,2.8975,2.8975,2.8975,2.8975,2.8975,2.8975,2.8975,2.8975,2.8975,2.8975,2.8975,2.8975,2.8975,2.8975,2.8975,2.8975,2.8975,2.8975,2.8975
2.662,1.2763,2.0927,2.6806,2.9017,2.9017,2.9017,2.9017,2.9017,2.9017,2.9017,2.9017,2.9017,0.5556,0.6725,2.9017,2.9017,2.9017,1.7296,2.9017,2.9017,2.9017,2.9017,2.6055,2.9017,2.3351,2.0795,1.6164
2.9059,2.9059,2.9059,2.9059,2.9059,2.9059,2.9059,2.9059,2.9059,2.9059,2.9059,2.9059,2.8495,0.6413,0.6929,0.8218,1.7278,1.775,1.7926,1.0535,0.9638,2.9059,2.9059,2.9059,2.9059,2.9059,2.2673,1.7951
5.0396,1.6717,1.8785,2.3917,2.9015,2.9101,2.9101,2.9101,2.9101,2.9101,2.9101,2.9101,2.9101,2.9101,2.9101,0.8653,1.0145,1.7217,2.3753,2.9101,2.6916,0.708,1.387,2.0661,2.8424,2.6817,2.9101,2.9101
2.9144,2.9144,2.9144,2.9144,2.9144,2.9144,2.9144,2.9144,2.9144,2.9144,2.8484,1.6019,2.9144,2.9144,2.9144,2.6134,1.9741,1.3719,0.8154,2.9144,2.9144,2.9144,2.9144,2.9144,2.777,2.1022,1.4321,0.8921
1.0649,1.8271,2.5677,2.9186,2.9186,2.9186,2.9186,2.9186,2.9186,2.9186,2.9186,2.9186,2.9186,2.9186,0.7087,1.0028,1.3045,1.6927,2.3053,2.9186,2.9186,1.1849,1.896,2.6343,2.8148,2.9186,2.9186,2.9186
4.4506,3.8395,1.6232,2.1418,2.6628,2.9229,2.9229,2.9229,2.9229,2.9229,2.9229,2.9229,2.9229,2.9229,0.5933,2.7181,2.9229,2.7043,2.3126,1.9067,0.988,2.362,2.6584,2.2986,2.1557,2.0601,2.9229,2.3271
2.9272,2.9272,2.9272,2.9272,2.9272,2.9272,2.9272,2.9272,2.9272,2.8632,2.287,1.526,1.0616,0.9722,0.9797,2.0936,1.5114,1.838,1.0924,0.3623,2.9272,2.9272,2.9272,2.9272,2.9272,2.6945,1.9187,1.0209
5.0766,1.1167,1.684,1.9982,2.4241,2.8369,2.9315,2.9315,2.9315,2.9315,2.9315,2.9315,2.9315,2.9315,2.9315,2.9315,2.9315,1.4385,1.9845,2.5192,2.9315,2.9315,1.1588,1.7262,2.3747,2.9315,2.9315,2.9315
1.0387,1.6669,2.7332,2.9358,2.9358,2.9358,2.9358,2.9358,2.9358,2.9358,2.9358,2.9358,2.1359,0.886,2.9358,2.9358,2.9358,2.9358,2.9358,2.9358,2.9358,2.9358,2.9358,2.9358,2.9358,2.3799,1.8926,1.0071
2.9401,2.9401,2.9401,2.9401,2.9401,2.9401,2.9401,2.9401,2.9401,2.9401,2.9401,2.9401,2.9401,0.6617,0.6669,0.7909,1.6629,1.9691,2.3594,2.1298,0.8536,1.3606,2.9401,2.9401,2.9401,2.9401,2.9401,2.0492
5.099,1.8439,2.5913,2.9444,2.9444,2.9444,2.9444,2.9444,2.9444,2.9444,2.9444,2.9444,2.9444,2.9444,0.6027,0.5826,1.3996,2.3751,2.8739,2.3694,1.8123,0.9766,1.9134,1.798,2.6062,2.5601,2.726,2.8919
2.9487,2.9487,2.9487,2.9487,2.9487,2.9487,2.9487,2.9487,2.9487,2.4847,2.9487,2.9487,2.9487,2.9487,2.9487,2.5947,1.96,1.3621,0.8095,0.3017,2.9487,2.9487,2.9487,2.9487,2.7572,2.0871,1.4219,0.9026
0.7639,1.6964,1.842,2.3453,2.8452,2.9531,2.9531,2.9531,2.9531,2.9531,2.9531,2.9531,2.9531,2.9531,2.9531,1.2749,1.9172,2.4921,2.9531,2.9531,2.9531,2.9531,2.9531,2.9531,2.9531,2.9531,2.9531,2.9531
2.8835,1.1533,1.6625,2.4223,2.9559,2.9575,2.9575,2.9575,2.9575,2.9575,2.9575,2.9575,2.9575,0.6039,0.6077,2.9575,2.9575,2.7699,2.3687,1.0363,2.664,2.9575,2.7228,2.3544,2.208,2.9575,2.2468,1.8123
2.9618,2.9618,2.9618,2.9618,2.9618,2.9618,2.9618,2.9618,2.9618,2.9618,2.9618,2.9618,1.0148,0.6157,0.7415,1.5844,1.8489,1.4843,1.7425,0.5779,1.0314,2.9618,2.9618,2.9618,2.9618,2.5742,2.1114,1.6285
5.1368,1.7039,1.6592,2.1125,2.5628,2.9662,2.9662,2.9662,2.9662,2.9662,2.9662,2.9662,2.9662,2.9662,2.9662,1.0637,0.8961,1.5208,2.098,2.6633,2.9662,0.6253,1.2251,1.8249,2.5106,2.9662,2.9662,2.9662
1.6779,2.9706,2.9706,2.9706,2.9706,2.9706,2.9706,2.9706,2.9706,2.9706,2.9706,2.3895,1.4071,2.9706,2.9706,2.7384,2.0685,1.4375,0.8544,2.9706,2.9706,2.9706,2.9706,2.9706,2.9098,2.2027,1.5006,0.9093
1.709,2.5706,2.975,2.975,2.975,2.975,2.975,2.975,2.975,2.975,2.975,2.975,2.975,2.975,0.7285,0.864,1.1238,1.8661,2.5774,2.975,2.975,1.3615,1.8779,2.2695,2.975,2.975,2.975,2.975
2.4012,3.7589,3.2909,3.2909,2.7349,2.9795,2.9795,2.9795,2.9795,2.9795,2.9795,2.9795,2.9795,2.9795,0.6094,0.7416,2.853,2.7775,2.3752,1.9583,0.5787,1.9909,1.8555,2.3609,2.2141,2.1159,2.253,2.9795
2.9839,2.9839,2.9839,2.9839,2.9839,2.9839,2.9839,2.9839,2.9839,2.9839,2.3112,1.689,1.4036,1.2853,2.5269,1.9293,1.9983,1.54,0.9153,0.3035,2.9839,2.9839,2.9839,2.9839,2.9839,2.3598,1.6076,0.9134
5.1751,1.125,1.7167,2.013,2.4421,2.8579,2.9884,2.9884,2.9884,2.9884,2.9884,2.9884,2.9884,2.9884,2.9884,2.9884,2.9884,2.9884,1.9992,2.5378,2.9884,2.9884,2.9884,1.739,2.3923,2.9884,2.9884,2.9884
2.5799,1.3529,2.2183,2.8415,2.9928,2.9928,2.9928,2.9928,2.9928,2.9928,2.9928,2.9928,2.6898,0.7191,0.7129,2.9928,2.9928,2.2832,2.9928,2.9928,2.9928,2.9928,2.9928,2.9928,2.6378,2.4752,1.9655,1.2682
2.9973,2.9973,2.9973,2.9973,2.9973,2.9973,2.9973,2.9973,2.9973,2.9973,2.9973,2.9973,2.7108,0.6541,0.6592,0.7818,1.6437,1.9464,1.7054,2.1052,0.9169,1.3449,2.9973,2.9973,2.9973,2.9973,2.157,1.9635
5.1984,1.7244,2.026,2.5796,3.0018,3.0018,3.0018,3.0018,3.0018,3.0018,3.0018,3.0018,3.0018,3.0018,3.0018,0.7052,1.0942,1.857,2.5619,2.8678,2.1935,0.7636,1.496,2.2284,2.0376,2.8924,3.0018,3.0018
3.0063,3.0063,3.0063,3.0063,3.0063,3.0063,3.0063,3.0063,3.0063,3.0063,1.9959,3.0063,3.0063,3.0063,3.0063,2.5167,1.901,1.3211,0.7852,3.0063,3.0063,3.0063,3.0063,3.0063,2.6742,2.0244,1.3791,0.9202
0.8942,1.7296,2.1561,2.7452,3.0109,3.0109,3.0109,3.0109,3.0109,3.0109,3.0109,3.0109,3.0109,3.0109,0.9302,1.1032,1.4351,1.8622,2.4066,2.9709,3.0109,3.0109,1.8035,2.3715,3.0109,3.0109,3.0109,3.0109
4.9067,4.2763,1.5819,2.0873,2.8125,3.0154,3.0154,3.0154,3.0154,3.0154,3.0154,3.0154,3.0154,3.0154,0.5782,3.0154,2.935,2.6355,2.2538,1.8582,3.0154,2.1113,2.5908,2.2402,2.1009,3.0154,3.0154,2.2679
3.02,3.02,3.02,3.02,3.02,3.02,3.02,3.02,3.02,3.02,3.02,1.7181,0.9135,0.8366,0.8431,1.8015,1.6281,1.6878,1.2299,0.4079,1.1727,3.02,3.02,3.02,2.8065,2.5689,2.1505,1.1494
5.2377,1.1014,1.5478,1.9707,2.3908,2.7979,3.0245,3.0245,3.0245,3.0245,3.0245,3.0245,3.0245,3.0245,3.0245,3.0245,1.6019,1.4187,1.9572,2.4845,2.9788,3.0245,1.1429,1.7024,2.3421,2.9951,3.0245,3.0245
1.0982,2.3121,3.0291,3.0291,3.0291,3.0291,3.0291,3.0291,3.0291,3.0291,3.0291,2.6477,0.9757,1.0257,3.0291,3.0291,3.0291,3.0291,3.0291,3.0291,3.0291,3.0291,3.0291,3.0291,2.8745,2.4408,1.6628,0.9272
2.8125,3.0337,3.0337,3.0337,3.0337,3.0337,3.0337,3.0337,3.0337,3.0337,3.0337,3.0337,3.0337,0.6605,0.6657,0.7895,1.1758,1.9656,2.3552,2.126,0.5006,1.3582,1.716,3.0337,3.0337,3.0337,3.0337,2.0456
2.4486,2.4486,3.1065,3.3559,3.0383,3.0383,3.0383,3.0383,3.0383,3.0383,3.0383,3.0383,3.0383,3.0383,0.6596,0.5212,1.6778,2.8473,2.571,2.1197,1.6213,1.1708,2.2938,1.8404,2.3966,2.2903,2.4386,2.587
3.0429,3.0429,3.0429,3.0429,3.0429,3.0429,3.0429,3.0429,2.94,3.0429,3.0429,2.7612,2.2632,3.0429,2.3879,2.4771,1.9809,1.3766,0.8182,0.2713,3.0429,3.0429,3.0429,3.0429,2.7867,2.1095,1.4371,0.9314
0.7176,1.7506,1.7506,2.1321,2.5866,3.027,3.0476,3.0476,3.0476,3.0476,3.0476,3.0476,3.0476,3.0476,3.0476,3.0476,3.0476,3.0476,3.0476,3.0476,3.0476,3.0476,3.0476,3.0476,3.0476,3.0476,3.0476,3.0476
2.6564,1.1809,1.7023,2.4802,3.0265,3.0522,3.0522,3.0522,3.0522,3.0522,3.0522,3.0522,3.0522,0.5141,0.6222,3.0522,3.0522,2.8361,1.9815,3.0522,3.0522,3.0522,2.7879,2.4106,3.0522,2.2117,2.2539,1.8518
3.0569,3.0569,3.0569,3.0569,3.0569,3.0569,3.0569,3.0569,3.0569,3.0569,3.0569,2.9761,1.3577,0.568,0.684,0.8113,1.7057,1.3694,1.7697,0.7732,0.9515,3.0569,3.0569,3.0569,3.0569,2.3748,2.2384,1.6084
5.3018,1.7587,1.7587,2.193,2.6605,3.0615,3.0615,3.0615,3.0615,3.0615,3.0615,3.0615,3.0615,3.0615,3.0615,0.959,0.9303,1.5787,2.178,2.7648,2.9831,0.6491,1.2718,1.8945,2.6063,2.4718,3.0615,3.0615
3.0662,3.0662,3.0662,3.0662,3.0662,3.0662,3.0662,3.0662,3.0662,3.0662,2.7911,1.4743,3.0662,3.0662,3.0662,2.5609,1.9344,1.3443,0.799,3.0662,3.0662,3.0662,3.0662,3.0662,2.7212,2.0599,1.4033,0.9386
1.7641,1.9762,2.7772,3.0709,3.0709,3.0709,3.0709,3.0709,3.0709,3.0709,3.0709,3.0709,3.0709,3.0709,0.6434,0.9104,1.1842,1.5366,2.4156,3.0709,3.0709,1.0756,1.9787,2.3913,2.6128,3.0709,3.0709,3.0709
3.8483,4.6832,3.3972,2.0838,2.5906,3.0757,3.0757,3.0757,3.0757,3.0757,3.0757,3.0757,3.0757,3.0757,0.5772,1.3027,2.93,2.631,2.2499,1.855,0.5482,2.9363,2.1429,2.2363,2.0973,2.0043,3.0757,2.264
3.0804,3.0804,3.0804,3.0804,3.0804,3.0804,3.0804,3.0804,3.0804,2.6697,2.0526,1.3745,1.0105,1.0317,1.0397,1.938,1.604,1.6496,0.9804,0.3251,3.0804,3.0804,3.0804,3.0804,2.9769,2.5277,1.722,0.9429
5.3427,1.0789,1.7722,1.9304,2.3419,2.7407,3.0851,3.0851,3.0851,3.0851,3.0851,3.0851,3.0851,3.0851,3.0851,3.0851,3.0851,2.1489,1.9172,2.4338,2.9179,3.0851,1.1195,1.6677,2.2942,2.9339,3.0851,3.0851
1.0855,1.4763,2.4206,3.0899,3.0899,3.0899,3.0899,3.0899,3.0899,3.0899,3.0899,3.0899,2.2321,0.7846,3.0899,3.0899,2.7752,3.0899,3.0899,3.0899,3.0899,3.0899,3.0899,3.0899,2.8263,2.2303,1.9779,1.0524
3.0947,3.0947,3.0947,3.0947,3.0947,3.0947,3.0947,3.0947,3.0947,3.0947,3.0947,3.0947,2.999,0.6348,0.6398,0.7588,1.5953,1.8891,1.6552,2.0433,0.8899,1.3054,3.0947,3.0947,3.0947,3.0947,3.0947,1.966
5.3675,1.7805,2.2586,2.8757,3.0995,3.0995,3.0995,3.0995,3.0995,3.0995,3.0995,3.0995,3.0995,3.0995,0.6218,0.6011,1.2198,2.0702,2.8559,2.4445,1.8697,0.8512,1.6677,2.9227,2.2715,2.6413,2.8124,2.9835
3.1043,3.1043,3.1043,3.1043,3.1043,3.1043,3.1043,3.1043,3.1043,2.8614,3.1043,3.1043,3.1043,3.1043,3.0971,2.4719,1.8672,1.2976,0.7712,3.1043,3.1043,3.1043,3.1043,3.1043,2.6266,1.9883,1.3545,0.9502
0.7794,1.786,1.8794,2.3929,2.9029,3.1091,3.1091,3.1091,3.1091,3.1091,3.1091,3.1091,3.1091,3.1091,3.1091,1.2049,1.6409,2.1294,2.7519,3.1091,3.1091,3.1091,3.1091,3.1091,2.8611,3.1091,3.1091,3.1091
3.9892,2.9239,1.5724,2.291,2.7957,3.114,3.114,3.114,3.114,3.114,3.114,3.114,3.114,3.114,0.5748,3.114,2.9175,2.6198,2.2403,1.3723,2.7092,2.9238,2.5753,2.2268,2.0884,3.114,2.125,1.9066
3.1188,3.1188,3.1188,3.1188,3.1188,3.1188,3.1188,3.1188,3.1188,3.1188,3.1188,2.9521,0.845,0.7433,0.7491,1.6008,1.7303,1.4997,1.4509,0.4812,1.042,3.1188,3.1188,3.1188,2.4938,2.6008,2.0122,1.356
5.4094,5.4094,1.5575,1.983,2.4057,2.8154,3.1237,3.1237,3.1237,3.1237,3.1237,3.1237,3.1237,3.1237,3.1237,3.1237,0.8412,1.4275,1.9694,2.5,2.9974,0.587,1.15,1.7131,2.3567,3.0138,3.1237,3.1237
1.3484,2.839,3.1286,3.1286,3.1286,3.1286,3.1286,3.1286,3.1286,3.1286,2.9889,2.3929,0.9028,3.1286,3.1286,3.1286,2.0714,1.4395,3.1286,3.1286,3.1286,3.1286,3.1286,3.1286,2.914,2.2058,1.5027,0.9576
1.8,3.013,3.1335,3.1335,3.1335,3.1335,3.1335,3.1335,3.1335,3.1335,3.1335,3.1335,3.1335,3.118,0.6784,0.8045,1.0465,2.0031,2.4001,2.8116,0.5101,1.3841,1.7487,2.2338,3.1335,3.1335,3.1335,3.1335
5.4349,2.8652,3.4665,3.4665,3.4665,3.1384,3.1384,3.1384,3.1384,3.1384,3.1384,3.1384,3.1384,3.1384,0.6053,0.5653,2.1747,2.7589,2.3593,1.9451,0.5748,1.5175,2.712,2.345,2.1992,2.1017,2.2378,3.1384
3.1433,3.1433,3.1433,3.1433,3.1433,3.1433,3.1433,3.1433,3.1433,3.1433,2.6047,1.6936,1.5818,1.4485,2.3553,1.7811,2.0458,1.4217,0.845,0.2802,3.1433,3.1433,3.1433,3.1433,2.8779,2.1786,1.4841,0.9621
1.0066,1.1089,1.8085,1.9842,2.4072,2.8171,3.1483,3.1483,3.1483,3.1483,3.1483,3.1483,3.1483,3.1483,3.1483,3.1483,3.1483,3.1483,3.1483,2.5016,2.9992,3.1483,3.1483,1.7141,2.3581,3.1483,3.1483,3.1483
2.783,1.2372,2.0285,2.5983,3.1532,3.1532,3.1532,3.1532,3.1532,3.1532,3.1532,3.1532,2.9476,0.5385,0.6519,3.1532,3.1532,2.502,1.5576,3.1532,3.1532,3.1532,2.9208,3.1532,3.1532,2.2634,2.0157,1.3898
3.1582,3.1582,3.1582,3.1582,3.1582,3.1582,3.1582,3.1582,3.1582,3.1582,3.1582,2.9466,2.6526,0.64,0.645,0.765,1.6084,1.6902,1.6688,1.2347,0.8972,1.316,3.1582,3.1582,3.1582,3.1582,2.1107,1.7081
5.4779,1.8171,1.8329,2.3337,2.8312,3.1632,3.1632,3.1632,3.1632,3.1632,3.1632,3.1632,3.1632,3.1632,3.1632,0.7565,0.9899,1.68,2.3177,2.9422,2.3532,0.6908,1.3534,2.016,3.1294,2.6167,3.1632,3.1632
3.1682,3.1682,3.1682,3.1682,3.1682,3.1682,3.1682,3.1682,3.1682,3.0675,2.6651,3.1682,3.1682,3.1682,3.0637,2.4452,1.847,1.2836,0.7629,3.1682,3.1682,3.1682,3.1682,3.1682,2.5983,1.9669,1.3399,0.9698
0.9432,1.8228,2.2742,2.8956,3.1732,3.1732,3.1732,3.1732,3.1732,3.1732,3.1732,3.1732,3.1732,3.1732,0.6967,0.9858,1.2823,1.664,2.1505,2.8166,3.1732,3.1732,1.6793,2.5014,2.767,3.0991,3.1732,3.1732
5.504,5.1717,1.5262,2.0139,2.5038,3.1783,3.1783,3.1783,3.1783,3.1783,3.1783,3.1783,3.1783,3.1783,0.5579,3.0563,2.8318,2.5428,2.1745,1.7928,2.5025,2.221,2.4996,2.1614,2.027,1.9371,3.1783,2.1881
3.1833,3.1833,3.1833,3.1833,3.1833,3.1833,3.1833,3.1833,3.1833,2.8387,2.2675,1.513,0.9502,0.8701,0.8769,1.8739,1.4337,1.7555,1.0831,0.3592,3.1833,3.1833,3.1833,2.7373,2.9192,2.4117,1.9023,1.0122
5.5215,1.0552,1.4829,1.8881,2.2906,2.6806,3.0707,3.1884,3.1884,3.1884,3.1884,3.1884,3.1884,3.1884,3.1884,3.1884,3.1884,1.3592,1.8752,2.3804,2.8539,3.1884,1.095,1.6311,2.2439,2.8696,3.1884,3.1884
0.9499,2.0,2.737,3.1751,3.1935,3.1935,3.1935,3.1935,3.1935,3.1935,3.1935,2.7214,1.0029,0.8872,3.1935,3.1935,3.1935,3.1935,3.1935,3.1935,3.1935,3.1935,3.1935,3.1935,2.7119,2.2273,1.7091,0.9775
3.1986,3.1986,3.1986,3.1986,3.1986,3.1986,3.1986,3.1986,3.1986,3.1986,3.1986,3.1193,2.9684,0.6283,0.6332,0.751,1.3314,1.8698,2.2404,2.0224,0.5225,1.292,1.7001,3.1986,3.1986,3.1986,3.1986,1.9459
5.548,2.5819,2.6268,3.3445,3.2037,3.2037,3.2037,3.2037,3.2037,3.2037,3.2037,3.2037,3.2037,3.2037,0.5987,0.5302,1.4187,2.4077,2.6152,2.1562,1.6492,0.99,1.9396,1.6362,2.4378,2.3297,2.4807,2.6316
3.2088,3.2088,3.2088,3.2088,3.2088,3.2088,3.2088,3.2088,3.2088,3.2088,3.2088,3.2088,3.2088,2.9025,2.716,2.4763,1.8705,1.2999,0.7726,0.2562,3.2088,3.2088,3.2088,3.2088,2.6313,1.9919,1.357,0.9822
0.6999,1.8463,1.8463,2.1488,2.6068,3.0507,3.214,3.214,3.214,3.214,3.214,3.214,3.214,3.214,3.214,1.52,1.7697,2.3919,3.1083,3.214,3.214,3.214,3.214,3.214,3.214,3.214,3.214,3.214
2.4889,1.1064,1.5949,2.3237,2.8356,3.2192,3.2192,3.2192,3.2192,3.2192,3.2192,3.2192,3.2192,0.4817,0.583,3.1938,2.9592,2.6572,2.2723,0.9941,3.2192,2.9655,2.6121,2.2586,3.2192,3.2192,2.1554,1.7385
3.2244,3.2244,3.2244,3.2244,3.2244,3.2244,3.2244,3.2244,3.2244,3.2244,3.2244,2.974,1.0666,0.5676,0.6835,0.8107,1.7045,1.3684,1.7685,0.6074,0.9508,3.2244,3.2244,3.2244,3.2244,2.3731,2.0646,1.6072
5.5928,5.5928,1.8552,2.0376,2.472,2.8929,3.2296,3.2296,3.2296,3.2296,3.2296,3.2296,3.2296,3.2296,3.2296,1.026,0.8643,1.4668,2.0236,2.5689,3.0799,0.6031,1.1817,1.7602,2.4216,3.0968,3.2296,3.2296
2.4497,3.2348,3.2348,3.2348,3.2348,3.2348,3.2348,3.2348,3.2348,3.185,2.7672,1.4617,1.5238,3.2348,3.1811,2.5389,1.9178,1.3328,0.7921,3.2348,3.2348,3.2348,3.2348,3.2348,2.6979,2.0423,1.3913,0.9901
1.8612,2.197,3.0876,3.24,3.24,3.24,3.24,3.24,3.24,3.24,3.24,3.24,3.24,3.24,0.7037,0.8382,1.0903,1.6978,2.5005,2.9292,3.24,1.1637,1.8219,2.2018,3.24,3.24,3.24,3.24
3.3666,4.2703,4.6023,2.0505,2.5493,3.0583,3.2453,3.2453,3.2453,3.2453,3.2453,3.2453,3.2453,3.2453,0.568,0.8425,2.8833,2.5891,2.2141,1.8254,0.5394,2.2617,1.7296,2.2007,2.0639,1.9723,3.2453,3.2453
3.2506,3.2506,3.2506,3.2506,3.2506,3.2506,3.2506,3.2506,3.2506,2.7428,2.0134,1.4918,1.0401,1.1197,2.2014,1.8836,1.7408,1.5035,0.8936,0.2963,3.2506,3.2506,2.9089,3.2058,2.9422,2.3039,1.5695,0.995
5.6383,1.0541,1.8703,1.886,2.2881,2.6777,3.0673,3.2558,3.2558,3.2558,3.2558,3.2558,3.2558,3.2558,3.2558,3.2558,3.2558,3.2558,1.8731,2.3778,2.8508,3.2558,1.0938,1.6293,2.2414,2.8664,3.2558,3.2558
1.1562,1.3301,2.1809,2.7936,3.1944,3.2612,3.2612,3.2612,3.2612,3.2612,3.2612,3.2612,2.3775,0.707,3.2612,3.2612,2.9039,2.1373,3.2612,3.2612,3.2612,3.2612,3.2612,3.2612,2.5465,2.35,1.9324,1.121
3.2665,3.2665,3.2665,3.2665,3.2665,3.2665,3.2665,3.2665,3.2665,3.2665,3.2665,3.0574,2.5525,0.6159,0.6207,0.7361,1.5477,1.8327,1.6058,1.9823,0.8633,1.2664,3.1346,3.2665,3.2665,3.2665,2.031,1.9072
5.666,1.8795,2.0077,2.5563,3.1012,3.2718,3.2718,3.2718,3.2718,3.2718,3.2718,3.2718,3.2718,3.2718,3.2718,0.6305,1.0843,1.8402,2.5387,2.5642,1.9613,0.7567,1.4825,2.2083,2.0192,2.7706,2.9501,3.1297
3.2772,3.2772,3.2772,3.2772,3.2772,3.2772,3.2772,3.2772,3.2772,2.9872,1.8885,3.2772,3.2772,3.2772,2.9835,2.3813,1.7987,1.25,0.7429,3.2772,3.2772,3.2772,3.2772,3.1327,2.5303,1.9154,1.3049,10.0
0.8072,1.8856,1.9463,2.4781,3.0064,3.2826,3.2826,3.2826,3.2826,3.2826,3.2826,3.2826,3.2826,3.2826,0.9303,1.1033,1.4352,1.8624,2.4069,2.9712,3.2826,3.2826,3.2826,2.3038,2.9451,3.2298,3.2826,3.2826
5.6939,2.7968,1.5041,1.9847,2.6741,3.1668,3.288,3.288,3.288,3.288,3.288,3.288,3.288,3.288,0.5498,3.0119,2.7907,2.5059,2.1429,1.7668,3.1994,2.7967,2.4633,2.13,1.9976,3.288,2.1131,2.1563
3.2934,3.2934,3.2934,3.2934,3.2934,3.2934,3.2934,3.2934,3.2934,3.2934,3.2934,1.7373,0.8314,0.7614,0.7673,1.6396,1.6132,1.536,1.2437,0.4124,1.0673,3.2934,3.2934,3.2934,2.5542,2.424,1.9572,1.1623
5.7127,5.7127,1.479,1.895,2.2844,2.6734,3.0624,3.2988,3.2988,3.2988,3.2988,3.2988,3.2988,3.2988,3.2988,3.2988,1.1149,1.3556,1.8701,2.374,2.8463,0.6244,1.092,1.6267,2.2379,2.8619,3.2988,3.2988
1.1258,2.3703,3.2383,3.3042,3.3042,3.3042,3.3042,3.3042,3.3042,3.3042,3.0315,2.427,0.8944,1.0515,3.3042,3.3042,3.3042,3.3042,3.3042,3.3042,3.3042,3.3042,3.3042,3.3042,2.8076,2.2373,1.5241,1.0114
2.1862,3.3097,3.3097,3.3097,3.3097,3.3097,3.3097,3.3097,3.3097,3.3097,3.3097,3.1492,2.9968,0.6343,0.6393,0.7582,0.9862,1.8877,2.2619,2.0417,0.4807,1.3044,1.648,3.3097,3.3097,3.3097,3.3097,1.9645
5.7411,2.6717,3.2421,3.6617,3.6617,3.3152,3.3152,3.3152,3.3152,3.3152,3.3152,3.3152,3.3152,3.3152,0.6085,0.4808,1.751,2.7735,2.3718,1.9554,1.4957,1.2219,2.7264,1.9208,2.2109,2.1128,2.2497,3.3152
3.3207,3.3207,3.3207,3.3207,3.3207,3.3207,3.3207,3.3207,3.3207,3.3207,3.0582,2.2658,1.8572,2.864,2.3054,2.0327,1.9125,1.3291,0.7899,0.262,3.3207,3.3207,3.3207,3.3207,2.6903,2.0366,1.3874,1.0164
0.7677,1.1057,1.9107,1.9785,2.4003,2.809,3.2177,3.3262,3.3262,3.3262,3.3262,3.3262,3.3262,3.3262,3.3262,3.3262,3.3262,3.3262,3.3262,3.3262,2.9906,3.3262,3.3262,3.3262,3.3262,3.3262,3.3262,3.3262
2.579,1.1465,1.6526,2.4078,2.9383,3.3318,3.3318,3.3318,3.3318,3.3318,3.3318,3.3318,3.3302,0.4991,0.6041,3.3094,3.0663,2.7534,1.6801,3.3318,3.3318,3.0729,2.7066,2.3404,3.3318,2.0975,1.9111,1.5702
3.3373,3.3373,3.3373,3.3373,3.3373,3.3373,3.3373,3.3373,3.3373,3.3373,3.3373,2.7769,2.6247,0.53,0.6382,0.7569,1.5915,1.5157,1.6512,0.8589,0.8878,2.8803,3.3373,3.3373,3.3373,2.3027,2.0885,1.5007
5.7891,5.7891,1.9203,2.1419,2.5985,3.041,3.3429,3.3429,3.3429,3.3429,3.3429,3.3429,3.3429,3.3429,3.3429,0.8314,0.9086,1.5419,2.1272,2.7004,2.5863,0.634,1.2422,1.8503,2.5456,2.4017,3.1064,3.3429
3.3485,3.3485,3.3485,3.3485,3.3485,3.3485,3.3485,3.3485,3.3485,3.0131,2.6178,1.3828,3.3485,3.3485,3.0093,2.4019,1.8143,1.2608,0.7494,3.3485,3.3485,3.3485,3.3485,3.1598,2.5522,1.932,1.3162,10.0
1.0151,1.9267,2.4475,3.1162,3.3541,3.3541,3.3541,3.3541,3.3541,3.3541,3.3541,3.3541,3.3541,3.3541,0.6325,0.895,1.1642,1.5108,2.1973,2.8675,3.3541,1.0575,1.8072,2.3511,2.5122,3.3541,3.3541,3.3541
5.8182,5.8182,5.467,1.9642,2.4419,3.1341,3.3597,3.3597,3.3597,3.3597,3.3597,3.3597,3.3597,3.3597,0.5441,1.792,2.7619,2.48,2.1208,1.7485,0.6513,2.7678,2.4379,2.108,1.9769,1.8892,3.3597,2.1341
3.3654,3.3654,3.3654,3.3654,3.3654,3.3654,3.3654,3.3654,3.1131,2.5453,2.0331,1.3566,1.0009,0.9209,0.928,1.9195,1.4317,1.6339,0.9711,0.322,3.3654,3.3654,3.3654,2.8912,2.6965,2.5037,1.7056,1.0301
5.8378,1.0219,1.9365,1.9365,2.2183,2.5961,2.9738,3.3501,3.371,3.371,3.371,3.371,3.371,3.371,3.371,3.371,3.371,1.3163,1.816,2.3053,2.7639,3.2319,1.0604,1.5796,2.1731,2.7791,3.371,3.371
0.979,1.4747,2.418,3.0973,3.3767,3.3767,3.3767,3.3767,3.3767,3.3767,3.3767,2.8404,2.0131,0.7838,3.3767,3.2552,3.3767,3.3767,3.3767,3.3767,3.3767,3.3767,3.3767,3.0105,2.8233,2.2279,1.7838,1.0336
3.3824,3.3824,3.3824,3.3824,3.3824,3.3824,3.3824,3.3824,3.3824,3.3824,3.2812,2.9997,2.8545,0.6042,0.6089,0.7222,1.5185,1.7981,1.9163,1.9448,0.8471,1.2425,3.0754,3.3824,3.3824,3.3824,3.3824,1.8712
5.8675,5.8675,2.279,2.9016,3.3882,3.3882,3.3882,3.3882,3.3882,3.3882,3.3882,3.3882,3.3882,3.3882,0.5657,0.5468,1.2308,2.0888,2.6974,2.2239,1.701,0.8589,1.6828,1.9159,2.292,2.4029,2.5586,2.7143
3.3939,3.3939,3.3939,3.3939,3.3939,3.3939,3.3939,3.3939,3.3523,2.264,3.3939,3.3939,3.3939,3.3939,2.9622,2.3642,1.7858,1.2411,0.7376,0.3341,3.3939,3.3939,3.3939,3.1102,2.5122,1.9017,1.2955,10.0
0.7145,5.8874,1.9529,2.1934,2.661,3.1141,3.3997,3.3997,3.3997,3.3997,3.3997,3.3997,3.3997,3.3997,3.3997,1.1128,1.6762,2.1751,2.811,3.3997,3.3997,3.3997,3.3997,3.3997,3.3997,3.3336,3.3997,3.3997
2.9866,1.1824,1.5114,2.2021,2.6872,3.1822,3.4055,3.4055,3.4055,3.4055,3.4055,3.4055,3.4055,0.6255,0.5525,3.0266,2.8043,2.5181,2.1534,1.0274,2.4219,2.8103,2.4753,2.1404,2.0073,3.4055,2.0426,1.7507
3.4113,3.4113,3.4113,3.4113,3.4113,3.4113,3.4113,3.4113,3.4113,3.4113,3.3274,3.0078,0.8767,0.5741,0.6913,1.5765,1.7238,1.3839,1.5055,0.4992,0.9616,3.4113,3.4113,3.4113,3.4113,2.4001,1.9686,1.407
5.9176,5.9176,1.5047,1.9159,2.3243,2.72,3.1158,3.4171,3.4171,3.4171,3.4171,3.4171,3.4171,3.4171,3.4171,1.0208,0.8127,1.3792,1.9027,2.4154,2.8959,0.5671,1.1111,1.655,2.2769,2.9118,3.4171,3.4171
1.4288,3.0083,3.423,3.423,3.423,3.423,3.423,3.423,3.423,3.194,2.775,2.2216,0.9567,3.423,3.423,2.5461,1.9232,1.3365,3.423,3.423,3.423,3.423,3.423,3.3495,2.7055,2.048,1.3952,1.0477
1.9697,2.5281,3.4288,3.4288,3.4288,3.4288,3.4288,3.4288,3.4288,3.4288,3.4288,3.246,3.0889,3.0287,0.6589,0.7815,1.0166,1.7159,2.3314,2.7311,0.4955,1.339,1.6987,2.0529,3.4288,3.4288,3.4288,3.4288
5.9481,3.5631,4.3988,3.7938,2.5363,3.0427,3.4347,3.4347,3.4347,3.4347,3.4347,3.4347,3.4347,3.4347,0.5651,0.6175,2.3757,2.5759,2.2028,1.8161,0.5367,1.6578,1.9072,2.1895,2.0534,1.9623,2.0894,3.4347
3.4406,3.4406,3.4406,3.4406,3.4406,3.4406,3.4406,3.4406,3.4406,3.2289,2.0985,1.5233,1.3626,1.2478,2.301,1.7401,1.94,1.389,0.8256,0.2738,3.4406,3.4406,3.2417,3.1759,2.8117,2.1284,1.45,1.0532
1.1553,1.0409,1.9798,1.9798,2.2594,2.6442,3.0289,3.4122,3.4465,3.4465,3.4465,3.4465,3.4465,3.4465,3.4465,3.4465,3.4465,3.4465,3.4465,2.348,2.8151,3.2917,3.4465,1.6089,2.2134,2.8305,3.4465,3.4465
2.7361,1.2163,1.9943,2.5545,3.1172,3.4505,3.4525,3.4525,3.4525,3.4525,3.4525,3.4525,2.5873,0.6465,0.6409,3.4525,3.1602,2.1961,1.5313,3.4525,3.4525,3.2601,2.8715,3.4525,2.5373,2.2253,1.8102,1.2199
3.4585,3.4585,3.4585,3.4585,3.4585,3.4585,3.4585,3.4585,3.4585,3.4585,3.2787,2.9974,2.5024,0.6038,0.6085,0.7217,1.5983,1.7967,1.5743,1.5602,0.8464,1.2415,3.4585,3.4585,3.4585,3.4585,1.9912,1.6114
5.9996,1.9901,1.9901,2.3104,2.8029,3.2802,3.4644,3.4644,3.4644,3.4644,3.4644,3.4644,3.4644,3.4644,3.4644,0.6735,0.9801,1.6632,2.2945,2.7392,2.0951,0.6839,1.3399,1.9959,1.8733,2.5906,3.1514,3.3431
3.4705,3.4705,3.4705,3.4705,3.4705,3.4705,3.4705,3.4705,3.2868,2.908,1.8383,3.4705,3.4705,3.4705,2.9043,2.3181,1.751,1.2168,0.7232,3.4705,3.4705,3.4705,3.4705,3.0495,2.4632,1.8646,1.2703,10.0
0.8493,1.997,2.0479,2.6074,3.1632,3.4765,3.4765,3.4765,3.4765,3.4765,3.4765,3.4765,3.4765,3.4765,0.8294,0.9837,1.2796,1.6605,2.1459,2.6491,3.2047,3.4765,1.6081,2.2525,2.7612,2.8797,3.4765,3.4765
6.0309,6.0309,1.4539,1.9184,2.5849,3.0611,3.4825,3.4825,3.4825,3.4825,3.4825,3.4825,3.4825,3.4825,0.5314,2.9114,2.6975,2.4223,2.0714,1.7078,3.0926,1.9404,2.3811,2.0589,1.9309,3.4825,3.4825,2.0844
3.4886,3.4886,3.4886,3.4886,3.4886,3.4886,3.4886,3.4886,3.4303,2.8589,2.2836,1.5237,0.8637,0.7909,0.7971,1.7033,1.4439,1.5957,1.0908,0.3617,1.1088,3.4886,3.4886,3.4886,2.6535,2.4091,1.9158,1.0678
6.052,1.01,1.4194,2.0075,2.1925,2.5658,2.9392,3.3111,3.4947,3.4947,3.4947,3.4947,3.4947,3.4947,3.4947,3.4947,1.4774,1.301,1.7948,2.2785,2.7317,3.1942,1.0481,1.5612,2.1478,2.7467,3.3413,3.4947
0.9673,2.0367,2.7872,3.2334,3.5008,3.5008,3.5008,3.5008,3.5008,3.5008,3.1148,2.4937,0.919,0.9035,3.5008,3.5008,3.5008,3.5008,3.5008,3.5008,3.5008,3.5008,3.5008,3.2078,2.7072,2.2681,1.566,1.0716
3.0017,3.507,3.507,3.507,3.507,3.507,3.507,3.507,3.507,3.507,3.2819,3.0003,2.8551,0.6044,0.6091,0.7224,1.2549,1.7985,2.155,1.9452,0.458,1.2427,1.5701,3.4035,3.507,3.507,3.4991,1.8716
6.0838,2.8312,2.8312,3.4533,3.8804,3.5131,3.5131,3.5131,3.5131,3.5131,3.5131,3.5131,3.5131,3.5131,0.6181,0.4892,1.4649,2.486,2.4133,1.9897,1.5218,1.0222,2.0027,1.6069,2.2496,2.1498,2.2891,2.4284
3.5193,3.5193,3.5193,3.5193,3.5193,3.5193,3.5193,3.5193,2.6836,3.5193,3.5193,3.5193,3.4248,2.8058,2.1797,2.3938,1.8082,1.2566,0.7468,0.2477,3.4243,3.5193,3.5193,3.1491,2.5436,1.9255,1.3117,10.0
0.65,6.1053,2.0252,2.0252,2.4207,2.8329,3.2452,3.5255,3.5255,3.5255,3.5255,3.5255,3.5255,3.5255,3.5255,3.5255,2.0788,2.6975,3.5255,3.5255,3.5255,3.5255,3.5255,3.5255,3.5255,3.5255,3.5255,3.5255
2.4186,1.0752,1.5498,2.2581,2.7555,3.2631,3.5317,3.5317,3.5317,3.5317,3.5317,3.5317,3.5317,0.468,0.5665,3.1035,2.8756,2.5822,1.9748,0.966,3.2967,2.8818,2.5383,2.1948,3.5317,3.5317,2.0945,1.6894
3.538,3.538,3.538,3.538,3.538,3.538,3.538,3.538,3.538,3.538,3.073,2.7778,1.1501,0.5302,0.6384,0.7572,1.635,1.2781,1.6518,0.6549,0.8881,3.4683,3.538,3.538,3.538,2.2165,2.0892,1.5012
6.1377,6.1377,2.036,1.9911,2.4155,2.8268,3.2381,3.5442,3.5442,3.5442,3.5442,3.5442,3.5442,3.5442,3.5442,0.9411,0.8446,1.4333,1.9774,2.5102,2.9274,0.5894,1.1547,1.72,2.3663,3.0261,2.8876,3.5427
2.7456,3.5505,3.5505,3.5505,3.5505,3.5505,3.5505,3.5505,3.3807,2.991,2.5986,1.3726,3.5505,3.5505,2.9873,2.3843,1.801,1.2516,0.7439,3.5505,3.5505,3.5505,3.5505,3.1366,2.5335,1.9178,1.3065,10.0
2.0432,2.0432,2.6961,3.4327,3.5568,3.5568,3.5568,3.5568,3.5568,3.5568,3.5568,3.4224,3.2567,3.1933,0.6144,0.824,1.0718,1.4825,2.2401,2.8795,3.3449,1.0161,1.791,2.1644,3.5568,3.5568,3.5568,3.5568
3.457,6.1705,6.1705,1.9355,2.4063,2.8867,3.5632,3.5632,3.5632,3.5632,3.5632,3.5632,3.5632,3.5632,0.5362,1.0107,2.7215,2.4438,2.0898,1.723,0.5092,2.7274,1.6627,2.0772,1.9481,1.8617,3.2538,3.5632
3.5695,3.5695,3.5695,3.5695,3.5695,3.5695,3.5695,3.5695,3.1967,2.571,1.8512,1.3237,0.9229,0.9935,1.0013,1.748,1.5447,1.4878,0.8843,0.2932,3.5695,3.5695,2.862,3.1194,2.6849,2.2798,1.5531,1.0926
6.1926,0.9998,6.1926,2.0542,2.1704,2.5399,2.9095,3.2777,3.5759,3.5759,3.5759,3.5759,3.5759,3.5759,3.5759,3.5759,3.5759,3.5759,1.7767,2.2555,2.7041,3.162,1.0375,1.5455,2.1262,2.719,3.3076,3.5759
1.0389,1.326,2.1741,2.7848,3.1356,3.5823,3.5823,3.5823,3.5823,3.5823,3.5823,3.0141,2.1362,0.7047,3.5823,3.4542,2.6092,3.5823,3.5823,3.5823,3.5823,3.5823,3.5823,2.9686,2.5385,2.1115,1.8928,1.0965
3.5887,3.5887,3.5887,3.5887,3.5887,3.5887,3.5887,3.5887,3.5887,3.5887,3.1876,2.9142,2.4329,0.587,0.5916,0.7016,10.0,1.7468,1.5305,1.8894,0.8229,1.207,2.9878,3.5887,3.5887,3.5166,3.3986,1.8179
6.226,6.226,2.0652,2.5701,3.1179,3.5952,3.5952,3.5952,3.5952,3.5952,3.5952,3.5952,3.5952,3.5952,0.5921,0.5723,1.0902,1.8502,2.5525,2.3276,1.7803,0.7608,1.4905,2.6121,2.0301,2.515,2.6779,2.8409
3.6017,3.6017,3.6017,3.6017,3.6017,3.6017,3.6017,3.5994,3.2337,2.8609,3.6017,3.6017,3.6017,3.4539,2.8574,2.2806,1.7227,1.1972,0.7115,3.6017,3.6017,3.6017,3.5048,3.0002,2.4233,1.8344,1.2497,10.0
0.739,6.2484,2.0727,2.2688,2.7525,3.2212,3.6081,3.6081,3.6081,3.6081,3.6081,3.6081,3.6081,3.6081,0.9448,1.1206,1.4576,1.8915,2.4445,3.0176,3.6081,3.6081,3.6081,3.6081,2.6964,3.2803,3.1748,3.6081
4.4382,2.6915,1.4474,1.9099,2.5734,3.0475,3.5216,3.6147,3.6147,3.6147,3.6147,3.6147,3.6147,3.6147,0.5291,2.8985,2.6856,2.4115,2.0622,1.5268,2.4938,2.6913,2.3706,2.0498,1.9223,3.6147,1.9561,1.755
3.6212,3.6212,3.6212,3.6212,3.6212,3.6212,3.6212,3.6212,3.6212,3.6212,3.4065,1.7864,0.7669,0.7023,0.7077,1.6735,1.525,1.4168,1.2788,0.4241,0.9845,3.5528,3.5744,3.6212,2.356,2.4571,1.8053,1.1951
6.2824,6.2824,1.4303,1.9793,2.2092,2.5854,2.9616,3.3364,3.6278,3.6278,3.6278,3.6278,3.6278,3.6278,3.6278,3.6278,0.8443,1.3109,1.8086,2.2959,2.7526,0.539,1.0561,1.5731,2.1642,2.7677,3.3668,3.6278
1.1761,2.4761,3.0068,3.6344,3.6344,3.6344,3.6344,3.6344,3.6344,3.2397,2.8148,2.2535,0.8304,1.0984,3.6344,3.6344,3.6344,1.3557,3.6344,3.6344,3.6344,3.6344,3.6344,3.1953,2.7442,2.0773,1.4152,10.0
2.0915,3.0477,3.641,3.641,3.641,3.641,3.641,3.641,3.641,3.641,3.3483,3.061,2.9129,2.8561,0.6214,0.737,0.9586,1.8349,2.1986,2.5755,0.4673,1.2679,1.6019,3.4724,3.605,3.641,3.641,3.446
6.3168,3.7839,3.7839,4.4054,4.0289,3.0602,3.5695,3.6476,3.6476,3.6476,3.6476,3.6476,3.6476,3.6476,0.5684,0.4858,1.8688,2.5907,2.2155,1.8266,1.3971,1.304,2.5467,2.0499,2.0652,1.9736,2.1015,3.5773
3.6543,3.6543,3.6543,3.6543,3.6543,3.6543,3.6543,3.1705,3.6543,3.6543,2.5852,1.9154,1.57,1.4377,2.2529,1.7184,1.8689,1.2988,0.7719,0.256,3.6543,3.0459,3.3168,3.2549,2.6291,1.9902,1.3558,10.0
0.8453,1.0386,6.3399,2.103,2.2545,2.6385,3.0224,3.4048,3.661,3.661,3.661,3.661,3.661,3.661,3.661,3.661,3.661,3.661,3.661,2.3429,2.809,3.2846,3.661,1.6054,3.661,3.661,3.661,3.661
2.5348,1.1268,1.8476,2.3666,2.8879,3.1967,3.6677,3.6677,3.6677,3.6677,3.6677,3.6677,2.8886,0.4905,0.5937,3.2527,3.0138,2.4519,1.4573,3.6677,3.4551,3.0203,2.6603,2.3003,3.6677,2.0616,1.8359,1.362
3.6744,3.6744,3.6744,3.6744,3.6744,3.6744,3.6744,3.6744,3.6744,3.6744,3.2472,2.622,2.4783,0.598,0.6026,0.7147,10.0,1.5438,1.5591,0.995,0.8383,2.7196,3.5977,3.6744,3.4961,3.5823,1.972,1.5959
6.3749,6.3749,2.1146,2.1184,2.57,3.0076,3.4453,3.6812,3.6812,3.6812,3.6812,3.6812,3.6812,3.6812,3.6812,0.7346,0.8986,1.525,2.1039,2.6708,2.285,0.6271,1.2286,1.83,2.5177,2.3753,3.0723,3.6461
3.688,3.688,3.688,3.688,3.688,3.688,3.688,3.5972,3.2317,2.8592,2.4841,3.688,3.688,3.4518,2.8556,2.2792,1.7216,1.1964,0.7111,3.688,3.688,3.688,3.5027,2.9984,2.4219,1.8333,1.249,10.0
0.9094,2.1224,2.1928,2.7919,3.387,3.6948,3.6948,3.6948,3.6948,3.6948,3.6948,3.6948,3.5233,3.4547,0.63,0.8914,1.1595,1.5047,1.9686,2.7157,3.3247,3.6948,1.6191,2.3416,2.5021,3.6948,3.6948,3.6948
6.4103,6.4103,1.4194,1.8729,2.3285,2.9884,3.4533,3.7016,3.7016,3.7016,3.7016,3.7016,3.7016,3.7016,0.5188,2.8423,2.6335,2.3648,2.0223,1.6673,1.1377,2.0655,2.3246,2.01,1.8851,1.8015,3.7016,2.0349
3.7085,3.7085,3.7085,3.7085,3.7085,3.7085,3.7085,3.5669,3.0659,2.5552,2.041,1.3618,0.9111,0.8343,0.8408,1.7967,1.2971,1.6402,0.9749,0.3233,3.4511,3.7085,3.7085,2.6194,2.707,2.3123,1.7122,1.1351
6.4341,0.9791,1.376,2.1343,2.1343,2.4873,2.8492,3.2097,3.5702,3.7154,3.7154,3.7154,3.7154,3.7154,3.7154,3.7154,3.7154,1.2612,1.7399,2.2087,2.6481,3.0964,1.016,1.5134,2.0821,2.6626,3.239,3.7154
0.8952,1.7903,2.45,2.9678,3.5335,3.7223,3.7223,3.7223,3.7223,3.7223,3.2442,2.5973,1.8408,0.7942,3.7223,3.1257,3.7223,3.7223,3.7223,3.7223,3.7223,3.7223,3.5276,3.0503,2.5882,2.0511,1.6311,1.1394
3.7292,3.7292,3.7292,3.7292,3.7292,3.7292,3.7292,3.7292,3.7292,3.6179,3.1587,2.8877,2.748,0.5817,0.5862,0.6952,1.2945,1.731,2.0741,1.8722,0.6202,1.1961,2.9607,3.2758,3.7292,3.7292,3.3678,1.8014
6.4701,6.4701,3.011,3.011,3.6067,3.7362,3.7362,3.7362,3.7362,3.7362,3.7362,3.7362,3.7362,3.7362,0.5322,0.504,1.2611,2.1402,2.4862,2.0497,1.5678,0.88,1.7242,1.5555,2.3175,2.2147,2.3582,2.5017
3.7432,3.7432,3.7432,3.7432,3.7432,3.7432,3.7432,3.6095,3.2428,2.1901,3.7432,3.7432,3.272,2.8938,2.8654,2.287,1.7275,1.2005,0.7135,0.2395,3.7432,3.7432,3.5147,3.0087,2.4302,1.8396,1.2532,10.0
0.6631,6.4944,2.1543,2.1543,2.4697,2.8902,3.3108,3.7297,3.7502,3.7502,3.7502,3.7502,3.7502,3.7502,3.7502,1.1562,1.6642,2.26,2.8224,3.4228,3.7502,3.7502,3.7502,3.7502,3.7502,3.1979,3.6942,3.5184
2.367,1.0193,1.4693,2.1408,2.6124,3.0936,3.5749,3.7572,3.7572,3.7572,3.7572,3.7572,3.7572,0.4957,0.5371,2.9423,2.7262,2.448,2.0935,0.9159,3.1255,2.7321,2.4064,2.0808,1.9514,3.7572,1.9857,1.6017
3.7643,3.7643,3.7643,3.7643,3.7643,3.7643,3.7643,3.7643,3.7643,3.6133,3.1075,2.8091,0.9278,0.5362,0.6456,10.0,1.6367,1.2925,1.5932,0.5283,0.8981,3.5074,3.4918,3.6078,3.7456,2.2415,1.8385,1.489
6.5311,6.5311,1.4705,1.8723,2.2713,2.6581,3.0449,3.4302,3.7714,3.7714,3.7714,3.7714,3.7714,3.7714,3.7714,0.9428,0.7942,1.3478,1.8594,2.3604,2.83,0.5542,1.0858,1.6174,2.2251,2.8455,3.4615,3.4832
1.5516,3.2065,3.7785,3.7785,3.7785,3.7785,3.7785,3.7744,3.3909,3.0001,2.6065,2.0867,1.3012,3.7785,2.9963,2.3915,1.8064,1.2554,0.7461,3.7785,3.7785,3.7785,3.6752,3.1461,2.5412,1.9237,1.3105,10.0
2.1746,2.1746,3.0559,3.7857,3.7857,3.7857,3.7857,3.7857,3.7857,3.7857,3.489,3.1897,3.0353,2.9762,0.6475,0.7679,0.9989,1.6587,2.2909,2.6837,3.1174,1.1517,1.6692,2.0172,3.7565,3.7857,3.7857,3.7857
3.4409,3.8774,4.97,6.5682,2.3951,2.8733,3.3514,3.7928,3.7928,3.7928,3.7928,3.7928,3.7928,3.7928,0.5337,0.6977,2.6842,2.4324,2.0801,1.715,0.5068,1.8731,1.625,2.0675,1.939,1.853,2.0231,3.7928
3.8,3.8,3.8,3.8,3.8,3.8,3.8,3.8,3.7065,2.6584,1.9716,1.4608,1.1973,1.0964,2.1556,1.7202,1.7046,1.3731,0.8161,0.2706,3.8,3.8,2.8484,2.9731,2.7795,2.104,1.4334,10.0
6.5932,0.9879,6.5932,2.1871,2.1871,2.5096,2.8747,3.2385,3.6022,3.8073,3.8073,3.8073,3.8073,3.8073,3.8073,3.8073,3.8073,3.8073,1.7555,2.2285,2.6718,3.1242,1.0251,1.527,2.1007,2.6865,3.8073,3.8073
1.1232,1.2103,1.9845,2.5419,3.1019,3.4335,3.8145,3.8145,3.8145,3.8145,3.8145,3.2586,2.3095,0.6433,3.6275,3.4937,2.8209,1.9604,3.8145,3.8145,3.7111,3.244,3.8145,3.8145,2.3171,2.2143,1.7583,1.1676
3.8218,3.8218,3.8218,3.8218,3.8218,3.8218,3.8218,3.8218,3.8218,3.5817,3.1271,2.8588,2.3866,0.5759,0.5803,0.6883,10.0,1.7662,1.5014,1.8535,0.8073,1.1841,2.931,3.7765,3.6611,3.4498,1.8991,1.7833
6.6311,6.6311,2.1996,2.3161,2.8098,3.2883,3.7668,3.8291,3.8291,3.8291,3.8291,3.8291,3.8291,3.8291,3.8291,0.6087,0.9825,1.6673,2.3002,2.4754,1.8934,0.6856,1.3432,2.0008,1.8295,2.597,2.848,3.0213
3.8365,3.8365,3.8365,3.8365,3.8365,3.8365,3.8365,3.506,3.1498,2.7867,1.7617,3.8365,3.8365,3.3643,2.7833,2.2214,1.678,1.1661,0.6931,3.8365,3.8365,3.8365,3.4139,2.9224,2.3605,1.7869,1.2173,10.0
0.7753,6.6566,2.2081,2.3802,2.8875,3.3792,3.8438,3.8438,3.8438,3.8438,3.8438,3.8438,3.8438,3.8438,0.8387,0.9946,1.2938,1.6789,2.1698,2.6785,3.2402,3.7848,3.8438,2.0768,2.7918,2.9116,3.8438,3.8438
6.6694,3.6756,1.3999,1.8472,2.4889,2.9474,3.4059,3.8512,3.8512,3.8512,3.8512,3.8512,3.8512,3.8512,0.5117,2.8033,2.5974,2.3323,1.9945,1.6444,2.9777,1.8684,2.2927,1.9824,1.8592,3.8512,3.8512,2.007
3.8587,3.8587,3.8587,3.8587,3.8587,3.8587,3.8587,3.8587,3.8587,3.6306,3.043,1.5564,0.7952,0.7282,0.7338,10.0,1.4748,1.4691,1.1141,0.3695,1.0208,3.3117,3.7062,3.8587,2.4428,2.236,1.8718,1.1811
6.6952,6.6952,1.3733,2.2209,2.2209,2.4824,2.8436,3.2034,3.5631,3.8661,3.8661,3.8661,3.8661,3.8661,3.8661,3.8661,1.2449,1.2587,1.7365,2.2044,2.6429,3.0903,1.014,1.5104,2.078,2.6574,3.2326,3.8079
1.0005,2.1065,2.8827,3.3442,3.8736,3.8736,3.8736,3.8736,3.758,3.3248,2.8887,2.3126,0.8523,0.9344,3.8736,3.8736,3.8736,3.8736,3.8736,3.8736,3.8736,3.8736,3.5902,3.0285,2.5107,2.1319,1.4524,10.0
2.2969,3.8811,3.8811,3.8811,3.8811,3.8811,3.8811,3.8811,3.8811,3.6546,3.1907,2.917,2.7758,0.5876,0.5921,0.7023,0.9603,1.7936,2.0951,1.8912,0.4453,1.2082,1.5265,3.3089,3.4354,3.8811,3.8811,1.8196
6.7342,6.7342,3.1339,3.6293,4.2952,4.2952,3.8887,3.8887,3.8887,3.8887,3.8887,3.8887,3.8887,3.8887,0.578,0.4567,1.5395,2.6127,2.2528,1.8573,1.4206,1.0743,2.5896,1.6888,2.1,2.0068,2.1368,2.3545
3.8962,3.8962,3.8962,3.8962,3.8962,3.8962,3.8962,3.5355,2.6223,3.8962,3.1163,2.3089,1.8925,2.7107,2.1299,2.0714,1.7669,1.2279,0.7298,0.242,3.8962,3.5635,3.325,3.0772,2.4855,1.8815,1.2818,10.0
0.6647,6.7605,6.7605,2.2425,2.2732,2.6603,3.0473,3.4329,3.8185,3.9038,3.9038,3.9038,3.9038,3.9038,3.9038,3.9038,3.9038,3.9038,3.9038,3.9038,2.8322,3.3118,3.8438,3.9038,3.9038,3.9038,3.9038,3.9038
2.376,1.0562,1.5225,2.2183,2.707,3.2056,3.495,3.9115,3.9115,3.9115,3.9115,3.9115,3.3311,0.4598,0.5565,3.0489,2.8249,2.5367,1.6805,3.6592,3.2386,2.831,2.4936,2.1561,3.9115,1.9324,1.9116,1.5706
3.9191,3.9191,3.9191,3.9191,3.9191,3.9191,3.9191,3.9191,3.9191,3.7205,3.2482,2.6228,1.2754,0.5006,0.6028,0.7149,10.0,1.2816,1.5596,0.7262,0.8385,3.2748,3.5989,3.3686,3.4973,2.0929,1.9727,1.4174
6.8003,6.8003,6.8003,1.9672,2.3866,2.793,3.1994,3.6042,3.9268,3.9268,3.9268,3.9268,3.9268,3.9268,3.9268,0.8213,0.8345,1.4162,1.9537,2.4802,2.5547,0.5823,1.1409,1.6994,2.338,2.2058,2.8531,3.5003
3.2085,3.9345,3.9345,3.9345,3.9345,3.9345,3.9343,3.5714,3.2086,2.8388,2.4664,1.3028,3.9345,3.4271,2.8352,2.2629,1.7093,1.1879,0.706,3.9345,3.9345,3.9345,3.4776,2.9769,2.4046,1.8202,1.24,10.0
5.9507,2.2646,2.3956,3.0502,3.7004,3.9423,3.9423,3.9423,3.9423,3.9423,3.7219,3.4026,3.2379,3.1749,0.5789,0.8192,1.0656,1.3828,2.1508,2.8067,3.3256,0.9679,1.7689,2.1519,2.2994,3.9423,3.9423,3.9423
6.8406,6.8406,6.8406,1.8461,2.2951,2.7533,3.4038,3.8631,3.9501,3.9501,3.9501,3.9501,3.9501,3.9501,0.5114,1.3126,2.5958,2.3309,1.9933,1.6434,0.4856,2.6014,2.1593,1.9812,1.8581,1.7756,3.806,2.0057
3.9579,3.9579,3.9579,3.9579,3.9579,3.9579,3.9579,3.636,3.0258,2.3204,1.8534,1.2367,0.9124,0.8951,0.902,1.7499,1.3916,1.4895,0.8853,0.2936,3.4851,3.9579,3.8039,2.8102,2.6197,2.2825,1.5549,10.0
6.8677,0.9582,6.8677,6.8677,2.2781,2.4342,2.7884,3.1413,3.4941,3.8537,3.9657,3.9657,3.9657,3.9657,3.9657,3.9657,3.9657,1.9086,1.7028,2.1616,2.5916,3.0304,0.9943,1.4812,2.0377,2.6058,3.17,3.7341
0.9462,1.3381,2.1941,2.8104,3.1644,3.9736,3.9736,3.9736,3.7902,3.9469,3.4292,2.7453,1.9457,0.7112,3.942,3.1463,2.5155,3.9736,3.9736,3.9736,3.9736,3.9736,3.4001,2.7316,2.5618,2.0216,1.7241,1.2163
3.9815,3.9815,3.9815,3.9815,3.9815,3.9815,3.9815,3.9815,3.9639,3.5157,3.0695,2.8061,2.6703,0.5653,0.5697,0.6756,1.4205,1.84,1.4738,1.8193,0.7924,1.1623,2.877,3.472,3.8287,3.3862,3.2726,1.7505
6.9088,6.9088,2.2917,2.618,3.176,3.7169,3.9895,3.9895,3.9895,3.9895,3.9895,3.9895,3.9895,3.9895,0.5442,0.5261,1.1105,1.8846,2.5951,2.1396,1.6365,0.7749,1.5183,2.5794,2.0679,2.3118,2.4615,2.6113
3.9974,3.9974,3.9974,3.9974,3.9974,3.9974,3.8362,3.4824,3.1286,2.1292,3.9974,3.9974,3.9122,3.3417,2.7645,2.2065,1.6667,1.1583,0.6884,3.5876,3.9974,3.8791,3.3909,2.9027,2.3446,1.7748,1.2236,10.0
0.6847,6.9364,6.9364,2.3009,2.5499,2.9842,3.4184,3.8509,3.8045,4.0054,4.0054,4.0054,4.0054,4.0054,4.0054,1.0584,1.5016,1.9485,2.5182,3.1086,3.7606,4.0054,4.0054,4.0054,2.6181,3.1945,3.1851,4.0054
3.2228,1.2759,1.4071,2.0502,2.5018,2.9627,3.4235,3.7355,4.0135,4.0135,4.0135,4.0135,4.0135,3.8561,0.5143,2.8178,2.6108,2.3444,2.0048,1.1087,2.2548,2.6164,2.3046,1.9927,1.8688,4.0135,1.9016,1.7061
4.0215,4.0215,4.0215,4.0215,4.0215,4.0215,4.0215,4.0215,4.0215,3.6947,3.1776,2.7186,0.7781,0.6551,0.6602,10.0,1.5934,1.3216,1.3362,0.4431,0.9183,3.5864,3.3342,3.6891,2.2938,2.292,1.853,1.2487
6.9783,6.9783,1.3974,1.7791,2.3148,2.5259,2.8935,3.2596,3.6257,3.9988,4.0296,4.0296,4.0296,4.0296,4.0296,4.0296,0.7547,1.2808,1.7669,2.243,2.6892,0.5266,1.0318,1.5369,2.1144,2.704,3.2894,3.8747
1.2519,2.6359,3.1713,4.0378,4.0378,4.0378,4.0378,3.8256,3.437,3.0408,2.6419,2.1151,0.8383,4.0378,4.0378,2.4239,1.831,1.2724,4.0378,4.0378,4.0378,4.0378,3.7251,3.1888,2.5757,1.9498,1.3283,10.0
2.3242,2.5584,3.5954,4.0459,4.0459,4.0459,4.0459,4.0459,4.0459,3.7663,3.2883,3.0062,2.8607,2.8049,0.6103,0.7238,0.9415,1.7365,2.1591,2.5293,0.4589,1.2451,1.5732,1.9012,3.5404,3.6276,4.0459,3.9453
7.0208,3.8981,4.2056,4.8146,2.4079,2.8886,3.3693,3.8512,4.0541,4.0541,4.0541,4.0541,4.0541,4.0541,0.5365,0.5309,2.0423,2.4454,2.0912,1.7241,0.5095,1.4252,1.8106,2.0786,1.9494,1.8629,1.9836,3.3766
4.0624,4.0624,4.0624,4.0624,4.0624,4.0624,3.5361,4.0624,4.0624,3.2191,2.0341,1.4545,1.3585,1.244,2.1247,1.6068,1.8456,1.2826,0.7623,0.2528,4.0624,3.8159,3.2319,3.0011,2.5963,1.9653,1.3389,10.0
0.9621,0.9856,7.0493,7.0493,2.3384,2.5037,2.868,3.2309,3.5937,3.9636,4.0706,4.0706,4.0706,4.0706,4.0706,4.0706,4.0706,4.0706,4.0706,2.2233,2.6655,3.1169,3.6176,1.5234,2.0958,4.0706,4.0706,4.0706
2.5181,1.1194,1.8354,2.351,2.8689,3.1756,3.7041,4.0789,4.0789,4.0789,4.0789,3.6012,2.5523,0.4873,0.5898,3.2313,2.9939,2.1665,1.4094,3.878,3.4324,3.0004,2.6427,4.0789,4.0789,2.048,1.7858,1.2485
4.0873,4.0873,4.0873,4.0873,4.0873,4.0873,4.0873,4.0873,3.9992,3.547,3.0968,2.8311,2.3635,0.5703,0.5747,0.6816,10.0,1.6685,1.4869,1.2188,0.7995,1.1726,3.4311,3.74,3.3343,3.4164,1.8807,1.522
7.0926,7.0926,7.0926,2.3527,2.57,3.0076,3.4452,3.8812,4.0956,4.0956,4.0956,4.0956,4.0956,4.0956,4.0956,0.6592,0.8986,1.525,2.1039,2.6708,2.0505,0.6271,1.2285,1.83,1.8334,2.3753,3.0723,3.2719
4.104,4.104,4.104,4.104,4.104,4.104,3.7975,3.4473,3.097,2.74,1.7322,4.104,3.8727,3.3079,2.7366,2.1842,1.6499,1.1466,0.6815,4.104,4.104,3.84,3.3567,2.8734,2.3209,1.7569,1.2562,10.0
0.8261,6.6876,2.3624,2.536,3.0766,3.6005,4.1043,4.0685,4.1125,4.1125,4.0802,3.7301,3.5496,3.4804,0.6347,0.8981,1.1682,1.5159,1.9591,2.4668,3.1029,3.7519,1.4707,2.1908,2.5207,2.7143,4.1125,4.1125
6.9627,7.1365,1.3667,1.8034,2.4299,2.8775,3.3251,3.7738,4.1209,4.1209,4.1209,4.1209,4.1209,4.1209,0.4996,2.7368,2.5358,2.277,1.9472,1.6054,2.9071,1.9888,2.2383,1.9354,1.8151,1.7346,4.1209,1.9594
4.1294,4.1294,4.1294,4.1294,4.1294,4.1294,4.1294,3.6245,3.1154,2.5964,2.0739,1.3838,0.8358,0.7654,0.7713,1.7944,1.3113,1.5442,0.9906,0.3285,3.3713,3.481,3.8957,2.5037,2.5677,2.1879,1.7399,1.264
7.166,0.9472,1.3312,7.166,2.377,2.4063,2.7564,3.1052,3.4539,3.8094,4.138,4.138,4.138,4.138,4.138,4.138,1.3855,1.2201,1.6832,2.1368,2.5618,2.9956,0.9829,1.4641,2.0142,2.5759,3.1335,3.6911
0.8729,1.8379,2.5152,2.9178,3.9314,4.1466,4.1466,3.6189,3.9045,3.4544,3.0013,2.4028,0.8855,0.8153,3.4501,4.1466,4.1466,4.1466,4.1466,4.1466,4.1466,4.1116,3.6215,3.0909,2.4477,2.0467,1.509,10.0
3.3607,4.1552,4.1552,4.1552,4.1552,4.1552,4.1552,4.1552,3.9651,3.5167,3.0704,2.8069,2.6711,0.5654,0.5698,0.6758,1.1981,10.0,2.016,1.8199,0.4285,1.1626,1.4689,3.1841,3.5947,3.9112,3.2736,1.751
7.2107,7.2107,3.3556,3.3556,3.7497,4.3882,4.5991,4.1638,4.1638,4.1638,4.1638,4.1638,4.1638,4.1638,0.5532,0.4697,1.3111,2.2251,2.3168,1.9101,1.461,0.9149,1.7925,1.4495,2.1596,2.0638,2.1975,2.3312
4.1725,4.1725,4.1725,4.1725,4.1725,4.1725,3.8839,3.5256,2.7667,4.1725,4.1725,3.7637,3.196,2.6183,2.2529,2.2339,1.6874,1.1726,0.697,0.2311,3.1955,3.64,3.433,2.9387,2.3737,1.7969,1.2772,10.0
0.6219,7.2409,7.2409,2.4019,2.4019,2.7108,3.1052,3.4981,3.891,3.8565,4.1812,4.1812,4.1812,4.1812,4.1812,1.4148,1.6472,2.195,3.0862,4.1812,4.1812,4.1812,4.1812,4.1812,4.1812,4.1812,3.53,3.6656
2.251,1.0007,1.4425,2.1016,2.5646,3.037,3.3112,3.7848,4.19,4.19,4.19,4.0431,4.0138,0.4356,0.5273,2.8885,2.6764,2.4033,2.025,0.8991,3.0683,2.6821,2.3624,2.0427,4.19,3.9675,1.9494,1.5724
4.1988,4.1988,4.1988,4.1988,4.1988,4.1988,4.1988,4.1988,4.1988,3.4691,2.9317,2.6502,1.0024,0.5058,0.6091,0.7224,10.0,1.2194,1.5759,0.5708,0.8473,3.3089,3.5289,3.4037,3.5337,2.1147,1.9403,1.4322
7.2865,7.2865,7.2865,1.8478,2.2417,2.6234,3.0052,3.3854,3.7656,4.1532,4.2076,4.2076,4.2076,4.2076,4.2076,0.9305,0.7838,1.3302,1.8351,2.3296,2.793,0.547,1.0716,1.5963,2.1961,2.8084,2.7122,3.2878
2.3348,3.0433,4.2165,4.2165,4.2165,4.2165,3.9441,3.5803,3.2166,2.8458,2.4725,1.306,1.4523,3.4356,2.8422,2.2685,1.7135,1.1908,0.7078,4.2165,4.2165,3.9882,3.4862,2.9843,2.4105,1.8247,1.2906,10.0
5.9316,2.4272,2.6814,3.4141,4.1418,4.0693,4.2254,4.2254,4.2254,3.9668,3.4633,3.1661,3.0129,2.9542,0.6111,0.7623,0.9916,1.4744,2.228,2.6639,3.0944,1.0106,1.6569,2.0024,3.7288,3.8206,3.6925,4.1553
3.2807,4.167,7.3328,1.8368,2.2836,2.7395,3.2199,3.8437,4.2343,4.2343,4.2343,4.2343,4.2343,4.2343,0.5088,0.8221,2.5828,2.3192,1.9833,1.6351,0.4832,2.5883,1.5493,1.9713,1.8487,1.7667,3.0878,4.2343
4.2433,4.2433,4.2433,4.2433,4.2433,4.2433,4.2433,4.0963,3.3105,2.502,1.7609,1.3047,0.9097,0.9793,0.9869,1.7182,1.5225,1.3715,0.8152,0.2703,3.813,4.0806,2.6384,2.9244,2.5731,2.1016,1.4317,10.0
7.364,0.9465,7.364,7.364,2.4427,2.4427,2.7544,3.1029,3.4514,3.8066,4.1642,4.2523,4.2523,4.2523,4.2523,4.2523,4.2523,4.2523,1.682,2.1352,2.5599,2.9934,0.9822,1.4631,2.0128,2.574,3.1312,4.2523
1.0168,1.2174,1.9961,2.5568,2.8789,3.4536,4.2614,4.2614,4.2614,4.0175,3.6849,2.9501,2.0909,0.647,3.6487,3.3809,2.5538,1.9562,4.2614,4.2175,3.7329,4.2614,4.2614,4.2614,2.3307,2.0667,1.7686,1.3044
4.2705,4.2705,4.2705,4.2705,4.2705,4.2705,4.2705,4.2705,3.8877,3.4481,3.0104,2.7521,2.2976,0.5544,0.5587,0.6626,10.0,10.0,1.4454,1.7843,0.7772,1.1399,2.8217,3.6357,3.755,3.3211,1.8282,1.7168
7.4112,7.4112,7.4112,2.4584,2.849,3.3341,3.8193,4.2796,4.2796,4.2796,4.2796,4.2796,4.2796,4.2796,0.5763,0.5571,0.9962,1.6906,2.3323,2.2655,1.7328,0.6951,1.3619,2.0287,1.855,2.4479,2.6065,2.7651
4.2888,4.2888,4.2888,4.2888,4.2888,4.0816,3.7357,3.3912,3.0466,2.6954,4.2888,4.2888,3.8097,3.2541,2.6921,2.1487,1.623,1.1279,0.6704,4.2888,4.206,3.7775,3.3021,2.8267,2.2832,1.7283,1.3128,10.0
0.716,7.2687,6.9432,2.469,2.6666,3.1207,3.5748,3.969,4.298,4.298,4.298,4.2283,4.0236,3.9452,0.8583,1.018,1.3242,1.7183,2.2207,2.7414,3.3163,3.8737,4.298,4.298,2.6123,2.98,4.0638,4.298
6.9307,2.5297,1.3604,1.7951,2.4187,2.8643,3.3099,3.7565,4.0161,4.3073,4.3073,4.3073,4.3073,3.9981,0.4973,2.7242,2.5241,2.2666,1.9383,1.598,2.3439,2.5296,2.228,1.9265,1.8068,4.1,1.8385,1.7219
4.3165,4.3165,4.3165,4.3165,4.3165,4.3165,4.3165,4.3165,4.3165,3.7583,3.15,1.6111,0.74,0.6777,0.6829,10.0,1.4359,1.3672,1.1533,0.3825,0.95,3.3456,3.4492,3.8163,2.2734,2.2479,1.742,1.3213
7.4913,7.4913,1.341,2.1444,2.485,2.485,2.7767,3.128,3.4793,3.8374,4.1979,4.3259,4.3259,4.3259,4.3259,4.3259,0.9148,1.2291,1.6956,2.1525,2.5807,0.5123,0.9901,1.4749,2.0291,2.5948,3.1566,3.7183
1.0506,2.212,2.8914,3.5117,4.3353,4.3353,3.5805,3.9195,3.5213,3.1154,2.7067,2.167,0.7986,0.9813,4.3353,4.3353,4.3353,4.3353,4.3353,4.3353,4.3353,4.0797,3.5302,2.9807,2.6201,1.9976,1.3609,10.0
2.4958,3.1737,4.3447,4.3447,4.3447,4.3447,4.3447,4.3447,4.0434,3.5862,3.131,2.8624,2.7239,2.6708,0.5811,0.6892,0.8964,1.7784,2.0559,2.4084,0.4369,1.1856,1.4979,3.2471,3.3711,3.8525,3.8726,3.2224
7.5403,7.5403,7.5403,4.5168,4.7121,5.5145,3.4218,3.9112,4.3541,4.3541,4.3541,4.3541,4.3541,4.3541,0.5449,0.4306,1.6476,2.4835,2.1238,1.751,1.3393,1.1497,2.4413,1.8074,1.9797,1.8919,2.0145,3.4292
4.3636,4.3636,4.3636,4.3636,4.3636,4.3636,4.0114,2.9861,4.3636,4.3636,2.632,1.9501,1.5984,1.4637,2.1009,1.7495,1.7428,1.2112,0.7199,0.2387,4.0636,3.0098,3.1762,3.0353,2.4517,1.8559,1.3357,10.0
0.7308,0.9928,7.5732,7.5732,2.5121,2.5221,2.8891,3.2546,3.6201,3.9927,3.9632,4.3732,4.3732,4.3732,4.3732,4.3732,4.3732,4.3732,4.3732,4.3732,2.6851,3.1398,3.6441,4.1485,4.3732,4.3732,4.3732,3.8724
2.3566,1.0476,1.7177,2.2002,2.6849,3.1395,3.4665,4.1698,4.3827,4.3827,3.9449,4.089,2.8981,0.456,0.552,3.024,2.8019,2.4599,1.4621,3.6293,3.2122,2.8079,2.4732,2.1385,4.1809,1.9166,1.7068,1.3664
4.3924,4.3924,4.3924,4.3924,4.3924,4.3924,4.3924,4.3924,3.9978,3.5458,3.0957,2.4997,2.3627,0.5068,0.5745,0.6814,10.0,1.469,1.4864,0.8325,0.7992,2.5928,3.4299,3.5017,3.3331,3.4152,1.88,1.4185
7.6232,7.6232,7.6232,2.5287,2.3813,2.7868,3.1923,3.5962,4.0001,4.402,4.402,4.402,4.402,4.402,4.402,0.7293,0.8326,1.413,1.9494,2.4747,2.2687,0.581,1.1383,1.6957,2.3328,2.2009,2.8467,3.4926
3.2998,4.4117,4.4117,4.4117,4.4117,4.1172,3.7683,3.4207,3.0732,2.719,2.3623,1.2478,3.8429,3.2825,2.7156,2.1674,1.6372,1.1377,0.6762,4.4117,4.2427,3.8104,3.3309,2.8513,2.3031,1.7434,1.3504,10.0
0.8959,5.4738,2.5399,2.7503,3.3365,3.9047,3.8463,4.4215,4.4215,4.2818,3.7383,3.4176,3.2522,3.1888,0.5815,0.8228,1.0703,1.3889,1.9393,2.6041,3.2205,0.9722,1.595,2.1614,2.3095,4.1241,3.9857,3.8473
6.6516,7.2694,7.6739,1.7767,2.2088,2.8349,3.2759,3.7179,4.16,4.4313,4.4313,4.4313,4.4313,4.4313,0.4922,1.9622,2.4982,2.2433,1.9184,1.5816,0.7132,2.5036,2.2052,1.9068,1.7882,1.7089,4.1686,1.9304
4.4411,4.4411,4.4411,4.4411,4.4411,4.4411,4.072,3.4166,2.8174,2.3481,1.8755,1.2515,0.8919,0.8168,0.8231,1.7589,1.2699,1.5073,0.8959,0.2971,3.1803,3.7148,3.8492,2.5644,2.4876,2.2638,1.5735,10.0
7.506,0.9266,7.708,7.708,7.708,2.5568,2.6963,3.0375,3.3786,3.7263,4.0764,4.451,4.451,4.451,4.451,4.451,4.451,1.1935,1.6465,2.0902,2.506,2.9303,0.9615,1.4322,1.9704,2.5197,3.0652,3.6107
0.872,1.3658,2.2395,2.8686,3.2299,4.1454,4.2126,4.4609,3.8687,3.6371,3.16,2.5298,1.793,0.726,3.6326,2.8993,4.4609,4.4609,4.4609,4.4609,4.3529,3.7747,3.2246,2.7882,2.521,1.9979,1.5888,10.0
4.4709,4.4709,4.4709,4.4709,4.4709,4.4709,4.4709,4.2916,3.851,3.4155,2.982,2.7262,2.5942,0.5491,0.5534,0.6564,1.38,10.0,1.7416,1.7675,0.7698,1.1292,2.795,3.0925,3.7195,3.7986,3.1794,1.7006
7.7598,7.7598,7.7598,7.7598,3.6112,3.8332,4.3909,4.4809,4.4809,4.4809,4.4809,4.4809,4.4809,4.4809,0.5057,0.4888,1.1453,1.9436,2.4113,1.988,1.5206,0.7992,1.5658,1.5086,2.1327,2.148,2.2872,2.4263
4.4909,4.4909,4.4909,4.4909,4.438,4.0913,3.7446,3.3992,3.0538,2.0624,4.4909,4.3253,3.5453,3.2465,2.6985,2.1537,1.6269,1.1306,0.672,0.2687,3.7933,3.7864,3.3099,2.8333,2.2886,1.7324,1.3747,10.0
0.6408,7.7947,7.2664,7.3726,2.5856,2.7928,3.1991,3.6039,3.8917,4.4212,4.5011,4.4235,4.5011,4.5011,4.5011,1.0413,1.5685,2.0353,2.6304,3.2471,3.7636,4.5011,4.5011,4.5011,4.5011,2.9896,3.327,3.3998
2.5117,0.9944,1.3802,2.0109,2.4539,2.9059,3.358,3.6213,4.0745,4.5112,4.5112,4.5112,4.0042,0.526,0.5045,2.7638,2.5608,2.2995,1.9664,0.8641,2.2116,2.5663,2.2604,1.9545,1.833,4.1595,1.8652,1.5045
4.5214,4.5214,4.5214,4.5214,4.5214,4.5214,4.5214,4.4643,3.9692,3.48,2.9929,2.7054,0.8263,0.5164,0.6218,10.0,1.5505,1.2448,1.4189,0.4705,0.8649,3.3779,3.1404,3.4747,3.6074,2.1588,1.7707,1.3352
7.8477,7.8477,1.3775,1.7539,2.581,2.6032,2.8524,3.2133,3.5742,3.942,4.3124,4.5316,4.5316,4.5316,4.5316,0.8832,0.744,1.2626,1.7418,2.2112,2.651,0.5192,1.0171,1.5151,2.0844,2.6656,3.2426,3.8197
1.3597,2.8629,3.4444,4.4316,4.5419,3.6805,3.9925,3.6243,3.2561,2.8807,2.5029,2.0038,1.1403,4.5419,2.8772,2.2964,1.7346,1.2055,0.7165,4.5419,4.4952,4.0372,3.5291,3.021,2.4401,1.8472,1.3903,10.0
5.78,2.615,3.095,3.9406,4.239,4.5523,4.5523,4.5523,4.2085,3.7327,3.2589,2.9793,2.8351,2.7799,0.6048,0.7173,0.933,1.5493,2.1398,2.5067,0.4548,1.1664,1.5591,1.8842,3.5088,3.5952,3.9698,3.91
3.2949,3.7129,4.2467,7.9014,2.2935,2.7514,3.2093,3.6682,4.3194,4.5626,4.5626,4.5626,4.5626,4.5626,0.511,0.5962,2.2936,2.3293,1.9919,1.6422,0.4853,1.6005,1.7246,1.9798,1.8568,1.7744,1.8894,4.1429
4.5731,4.5731,4.5731,4.5731,4.5731,3.9964,3.5112,4.5731,3.7085,2.8387,1.9314,1.402,1.198,1.097,2.1178,1.6016,1.7056,1.2784,0.7598,0.252,4.2715,3.8035,2.85,2.923,2.5878,1.9589,1.3998,10.0
7.9376,0.9435,7.9376,7.9376,7.9376,2.633,2.7456,3.0931,3.4404,3.7945,4.151,4.4666,4.5835,4.5835,4.5835,4.5835,4.5835,4.5835,1.6767,2.1284,2.5518,2.9839,3.4633,1.4584,2.0064,2.5658,4.5835,4.5835
2.5257,1.1228,1.841,2.3581,2.8776,3.1852,3.9378,4.4691,4.5941,3.7053,4.0363,3.2314,2.2902,0.5968,0.5916,3.241,2.7973,1.944,4.2946,3.8898,3.4428,3.0094,2.6507,4.4449,2.2459,2.0542,1.6312,1.4062
4.6046,4.6046,4.6046,4.6046,4.6046,4.6046,4.6046,4.2876,3.8473,3.4123,2.9792,2.7236,2.2738,0.5486,0.5529,0.6557,10.0,1.6326,1.4304,1.6261,0.7691,1.1281,3.0727,3.598,3.2938,3.2866,1.8093,1.498
7.9925,7.9925,7.9925,2.6512,2.6512,3.0379,3.48,3.9203,4.3606,4.6153,4.6153,4.6153,4.6153,4.6153,4.6153,0.5994,0.9077,1.5404,2.1251,2.4378,1.8646,0.6334,1.2409,1.8485,1.6902,2.3993,2.8047,2.9753
4.6259,4.6259,4.6259,4.6259,4.3504,4.0105,3.6706,3.3321,2.9936,2.6485,1.6743,4.2799,3.7433,3.1974,2.6452,2.1112,1.5947,1.1083,0.6587,4.5453,4.1327,3.7117,3.2445,2.7774,2.2434,1.6982,1.416,10.0
0.7593,6.8095,5.5106,2.6635,2.8278,3.3093,3.7909,3.7395,4.6367,4.3151,4.1545,3.7981,3.6143,3.5439,0.771,0.9144,1.1895,1.5435,1.9948,2.4625,2.9789,3.4796,1.4949,2.0136,2.5667,2.6768,4.3095,4.2757
7.1997,7.1583,1.3272,1.7513,2.3597,2.7944,3.2291,3.6648,4.1005,4.3486,4.6474,4.6474,4.6474,3.9005,0.4851,2.6577,2.4625,2.2112,1.8909,1.559,2.8231,1.7714,2.1737,1.8795,1.7627,3.9999,4.109,1.9028
4.6582,4.6582,4.6582,4.6582,4.6582,4.6582,4.249,3.7256,3.2023,2.6688,2.1318,1.4224,0.7751,0.7098,0.7153,10.0,1.3479,1.432,1.0183,0.3377,0.995,3.2282,3.6127,3.6529,2.3812,2.1796,1.7884,10.0
8.0858,0.9242,1.2988,8.0858,8.0858,2.6821,2.6893,3.0296,3.3699,3.7167,4.0659,4.5271,4.6691,4.6691,4.6691,4.6691,1.3518,1.1904,1.6423,2.0848,2.4995,2.9227,0.959,1.4285,1.9653,2.5132,3.0573,3.6014
0.9076,1.911,2.6152,3.0338,4.0877,4.1662,4.68,3.7628,3.6487,3.2281,2.8046,2.2454,0.8275,0.8477,4.68,4.68,4.68,4.68,4.68,4.68,4.5403,4.0271,3.4577,2.8884,2.4377,2.0699,1.4325,10.0
2.6947,4.2839,4.691,4.691,4.691,4.691,4.691,4.3319,3.8871,3.4476,3.01,2.7518,2.6186,0.5543,0.5586,0.6625,1.0438,10.0,10.0,1.7841,0.4201,1.1398,1.44,3.1215,3.2408,3.8343,3.7229,1.7166
8.1428,8.1428,8.1428,8.1428,3.9557,4.6293,5.1936,5.1936,4.702,4.702,4.702,4.702,4.702,4.702,0.5592,0.4419,1.3832,2.3473,2.1796,1.797,1.3745,0.9652,1.891,1.5173,2.0317,1.9416,2.0674,2.1932
4.7131,4.7131,4.7131,4.7131,4.5349,4.1806,3.8263,3.4734,2.4672,4.6919,4.1862,2.4157,1.98,2.5795,2.0039,2.1672,1.6624,1.1553,0.6866,0.2277,3.8761,3.4371,3.3821,2.8952,2.3385,1.7702,1.4427,10.0
0.5892,8.1812,8.1812,8.1812,2.7138,2.7138,2.9391,3.311,3.6828,3.9013,4.4435,4.7242,4.7242,4.7242,4.7242,4.7242,4.7242,4.7242,4.7242,4.7242,4.7242,3.1942,3.7073,4.2204,4.7242,4.7242,3.3783,3.9358
2.2291,0.9909,1.4284,2.0812,2.5397,3.0075,3.279,3.748,4.4133,4.7354,4.7354,4.0038,3.4093,0.4314,0.5221,2.8605,2.6504,2.3799,1.72,0.8904,3.0385,2.6561,2.3395,2.0229,4.3892,1.9199,1.9304,1.5571
4.7467,4.7467,4.7467,4.7467,4.7467,4.7467,4.7467,4.4958,4.0342,3.578,2.8311,2.5224,1.108,0.4814,0.5797,0.6876,10.0,1.1606,1.4999,0.6309,0.8064,3.1494,3.4611,3.2396,3.3634,2.0128,1.8971,1.3632
8.2396,8.2396,8.2396,1.84,2.2322,2.7332,2.9924,3.3711,3.7496,4.1356,4.5241,4.7579,4.7579,4.7579,4.7579,0.8285,0.7805,1.3246,1.8274,2.3197,2.5773,0.5446,1.0671,1.5895,2.1867,2.1355,2.6685,3.2739
2.6943,3.5118,4.5515,4.7693,3.828,4.1229,3.7735,3.4255,3.0775,2.7227,2.3656,1.2495,3.8483,3.287,2.7193,2.1704,1.6394,1.1393,0.6772,4.6728,4.2486,3.8157,3.3355,2.8553,2.3063,1.7458,1.4599,10.0
5.5467,5.6863,2.7462,3.0456,3.6948,4.0012,4.7807,4.6226,4.4802,3.9736,3.4693,3.1716,3.0181,2.9593,0.5452,0.7636,0.9933,1.3153,2.0262,2.6685,3.0998,0.9022,1.6597,2.0058,2.2505,3.8273,3.6988,4.0703
3.1544,7.012,7.422,1.7661,2.1957,2.634,3.2564,3.6958,4.1352,4.5694,4.7921,4.7921,4.7921,4.7921,0.4892,1.027,2.4833,2.2299,1.9069,1.5722,0.4646,2.4887,1.6895,1.8954,1.7776,1.6987,2.978,1.9189
4.8036,4.8036,4.8036,4.8036,4.8036,4.8036,4.4211,3.7095,2.9536,2.2947,1.7209,1.1815,0.8472,0.8868,0.8937,1.6248,1.3787,1.383,0.822,0.2726,3.4529,4.0332,3.5319,2.7842,2.4958,2.1193,1.4704,10.0
7.4077,0.9144,8.3387,8.3387,8.3387,2.7661,2.7661,2.9977,3.3344,3.6776,4.0231,4.4795,4.8152,4.8152,4.8152,4.8152,4.8152,4.8152,1.625,2.0628,2.4732,2.892,0.9489,1.4135,1.9446,2.4868,3.0251,3.5635
0.9317,1.2368,2.028,2.5977,2.9249,3.7539,4.3378,4.6997,3.5033,3.8864,3.3766,2.7033,1.9159,0.6574,3.707,3.098,2.3402,4.8268,4.7309,4.8268,4.8268,4.8268,4.7611,2.6625,2.3679,1.8938,1.6977,10.0
4.8385,4.8385,4.8385,4.8385,4.8385,4.8385,4.6372,4.2054,3.7736,3.3469,2.9221,2.6714,2.2302,0.5381,0.5423,0.6432,10.0,10.0,1.403,1.732,0.7543,1.1065,2.7389,3.529,3.6448,3.2236,3.1155,1.6664
8.3994,8.3994,8.3994,2.7862,2.9198,3.417,3.9142,4.4095,4.8502,4.8502,4.8502,4.8502,4.8502,4.8502,0.5332,0.5154,1.0209,1.7326,2.3903,2.0961,1.6033,0.7124,1.3958,2.4461,1.9011,2.2648,2.4116,2.5583
4.862,4.862,4.862,4.6657,4.3177,3.9804,3.643,3.307,2.9711,2.6286,4.7031,4.2477,3.7152,3.1734,2.6253,2.0954,1.5828,1.0999,0.6537,4.0999,4.1017,3.6838,3.2201,2.7565,2.2265,1.6855,10.0,10.0
0.6679,7.0133,7.1903,6.5015,2.7998,2.9111,3.3347,3.7566,3.7114,4.6085,4.2784,4.3788,4.1668,4.0857,0.8889,1.0325,1.3713,1.7795,2.2998,2.8389,3.4344,4.0116,4.4894,4.8739,2.4368,3.0861,2.9088,4.4655
3.6211,2.4786,1.3329,1.7588,2.3699,2.8064,3.243,3.6806,3.935,4.3674,4.8858,4.8858,3.8717,3.9173,0.4872,2.6692,2.4731,2.2208,1.8991,1.2457,2.2965,2.4784,2.183,1.8876,1.7703,4.0171,1.8014,1.6162
4.8977,4.8977,4.8977,4.8977,4.8977,4.8977,4.8977,4.6066,4.0957,3.5909,3.0882,2.4617,0.7046,0.6367,0.6416,10.0,1.4428,1.2845,1.2099,0.4012,0.8925,3.3386,3.2405,3.5854,2.1359,2.2276,1.6779,1.3778
8.5024,8.5024,1.3202,1.685,8.5024,2.8204,2.8204,3.0797,3.4255,3.7781,4.133,4.6019,4.9097,4.9097,4.9097,4.9097,0.7188,1.2101,1.6694,2.1192,2.5408,0.4976,0.9748,1.4521,1.9977,2.5547,3.1078,3.6608
1.1207,2.3596,2.8389,4.1363,4.2145,4.9218,3.7142,3.7058,3.3293,2.9455,2.5591,2.0488,0.755,4.9218,4.9218,4.9218,1.7736,1.2326,4.9218,4.9218,4.5962,4.1279,3.6084,3.0449,2.495,1.8887,1.5065,10.0
2.8343,2.8343,3.7242,4.4776,4.934,4.934,4.9166,4.4588,4.001,3.5486,3.0982,2.8324,2.6953,2.6428,0.575,0.6819,0.887,1.6978,10.0,2.3831,0.4324,1.1732,1.4822,3.213,3.3357,3.4853,3.8319,3.1885
8.5655,8.5655,4.1988,4.6517,5.1433,2.7897,3.254,3.7193,4.1847,4.6446,4.9462,4.9462,4.9462,4.9462,0.5181,0.4675,1.7984,2.3617,2.0196,1.6651,0.4921,1.2549,2.3216,1.9728,1.8826,1.7991,1.9157,3.261
4.9584,4.9584,4.9584,4.9584,4.7295,4.36,3.5996,2.9411,4.9584,3.2769,2.2772,1.6872,1.3829,1.2664,1.996,1.5136,1.7337,1.2048,0.7161,0.2375,4.0424,2.8256,3.0768,3.0195,2.4389,1.8462,1.5177,10.0
0.8254,0.9492,8.6081,8.6081,8.6081,2.8554,2.8554,3.1116,3.461,3.8172,4.0572,4.2627,4.9707,4.9707,4.9707,4.9707,4.9707,4.9707,4.9707,2.1412,2.5671,3.0018,3.484,1.4672,4.5175,4.9707,4.9707,4.9707
2.3578,1.0481,1.7185,2.2013,2.6862,2.9734,3.4683,4.1719,4.6538,4.9688,3.9469,3.6222,2.5672,0.4563,0.5523,3.0255,2.8033,2.1791,1.3196,3.6311,3.2138,2.8093,2.4745,2.1396,3.998,1.9176,1.7077,1.5199
4.9956,4.9956,4.9956,4.9956,4.9956,4.9956,4.7206,4.281,3.8414,3.4071,2.9746,2.4019,2.2703,0.5478,0.552,0.6547,10.0,1.4142,1.4283,0.9964,0.7679,1.1264,3.2957,3.5925,3.2027,3.2816,1.8065,1.4619
8.6727,8.6727,8.6727,8.6727,2.3975,2.8058,3.214,3.6207,4.0273,4.4419,4.8592,5.0081,5.0081,5.0081,5.0081,0.6572,0.8383,1.4227,1.9627,2.4915,2.0443,0.585,1.1461,1.7072,2.65,2.2159,2.8661,3.2621
3.9823,5.0206,5.0206,4.0387,4.3123,3.9754,3.6385,3.3029,2.9673,2.6253,2.2809,4.2424,3.7105,3.1694,2.622,2.0927,1.5808,1.0986,0.6529,4.5055,4.0965,3.6792,3.2161,2.7531,2.2237,1.6833,10.0,10.0
0.818,5.5501,5.5171,2.8913,3.0463,3.5651,3.8128,4.6006,4.4903,4.3415,3.7904,3.4652,3.2975,3.2332,0.5896,0.8343,1.0852,1.4082,1.8199,2.4426,3.0723,3.5831,1.4563,2.1692,2.3417,3.8164,4.0412,3.9009
7.8171,7.8171,1.3062,1.7236,2.1428,2.7502,3.178,3.6068,4.0356,4.4594,4.7018,4.9507,5.0459,5.0459,0.4775,2.6157,2.4236,2.1762,1.861,1.5343,1.5308,1.9008,2.1393,1.8498,1.7348,1.6578,4.044,1.8727
5.0587,5.0587,5.0587,5.0587,4.964,4.3607,3.8211,3.3504,2.8798,2.4001,1.9171,1.2792,0.823,0.7537,0.7595,1.6587,1.2122,1.5205,0.9157,0.3037,3.2417,3.4277,3.836,2.3662,2.5284,2.0889,1.6083,10.0
7.5396,0.9031,1.2691,8.4051,8.7496,8.7826,2.9133,2.9605,3.2929,3.6318,3.9731,4.4237,4.9507,5.0715,5.0715,5.0715,5.0715,1.1632,1.6048,2.0372,2.4424,2.856,0.9371,1.3959,1.9204,2.4558,2.9875,3.5191
0.8117,1.6887,2.311,2.691,3.3331,4.2778,4.6886,3.4584,3.8269,3.3858,2.9416,2.355,0.8679,0.7491,3.3816,5.0844,5.0844,5.0844,5.0844,4.883,4.3219,3.7779,3.3276,2.8773,2.3468,1.8806,1.5563,10.0
3.9687,5.0425,5.0974,5.0974,5.0974,5.0643,4.6339,4.2024,3.7709,3.3445,2.92,2.6695,2.5403,0.5377,0.5419,0.6427,1.1394,10.0,1.9173,1.7307,0.4883,1.1057,2.7369,3.0282,3.6422,3.7196,3.1132,1.6652
8.8499,8.8499,8.8499,8.8499,4.1185,4.1185,4.584,5.1641,5.6446,5.1104,5.1104,5.1104,5.1104,5.1104,0.5045,0.4585,1.1957,2.0291,2.2617,1.8647,1.4263,0.8343,1.6346,1.415,2.1083,2.0148,2.1453,2.2758
5.1235,5.1235,5.0728,4.7184,4.3664,4.0253,3.6842,3.3444,3.0046,2.0292,4.382,3.5702,3.0317,2.4837,2.4559,2.119,1.6006,1.1123,0.6611,0.2192,3.4162,3.4811,3.2565,2.7877,2.2517,1.7045,10.0,10.0
0.605,8.4983,8.6938,6.9616,7.0396,2.9507,3.0208,3.403,3.7852,3.7516,4.567,4.6864,4.7641,4.9508,4.9591,1.2775,1.5184,2.0676,2.6124,3.4401,5.1366,5.1366,5.1366,5.1366,5.1366,5.1366,3.4341,3.3099
2.1295,0.9467,1.3646,1.9882,2.4262,2.8731,3.3201,3.5805,4.0285,4.6588,5.0996,3.9255,3.9591,0.4295,0.4988,2.7326,2.5319,2.2736,1.9442,0.8506,2.9027,2.5374,2.2349,1.9325,4.193,4.1126,1.8442,1.4875
5.1631,5.1631,5.1631,5.1631,5.1631,5.1631,5.0509,4.5806,3.8927,3.3058,2.8431,2.57,0.8927,0.4905,0.5907,10.0,1.5747,1.1825,1.5282,0.5083,0.8217,3.2089,3.2827,3.3007,3.4269,2.0507,1.728,1.3889
7.8915,8.2979,1.369,1.7431,2.2038,2.9736,2.9736,3.1935,3.5522,3.9178,4.2858,4.772,5.1765,5.1765,5.1765,0.8777,0.7394,1.2548,1.7311,2.1976,2.6347,0.516,1.0109,1.5058,2.0716,2.6492,3.2227,3.1015
2.0368,2.9411,4.353,5.0962,5.054,3.7535,3.8137,3.462,3.1102,2.7517,2.3908,1.2628,1.267,3.322,2.7483,2.1935,1.6569,1.1515,0.6844,4.7225,4.2938,3.8564,3.371,2.8857,2.3308,1.7644,10.0,10.0
5.7762,2.9891,2.9891,3.4612,4.1989,4.1255,4.8206,4.6144,4.2057,3.7302,3.2567,2.9773,2.8332,2.778,0.6044,0.7168,0.9324,1.4948,2.1384,2.505,2.9099,1.0245,1.5581,1.8829,3.5064,3.5928,3.6828,3.9075
3.1637,3.565,8.4832,1.7713,2.2021,2.6418,3.0814,3.7066,4.1473,4.5828,5.0164,5.217,5.217,5.217,0.4907,0.6924,2.4906,2.2365,1.9125,1.5768,0.466,1.8588,1.4941,1.901,1.7828,1.7037,2.9777,4.1326
5.2306,5.2306,5.2306,5.1379,4.3669,3.9241,4.8995,4.1109,3.3223,2.3828,1.7672,1.3093,0.9129,0.9827,2.0029,1.6101,1.5279,1.2852,0.7639,0.2533,3.8265,3.8239,2.5531,2.7404,2.5823,1.9694,1.6011,10.0
7.375,0.9104,8.5783,8.9278,9.0819,9.0819,3.0126,3.0126,3.3197,3.6613,4.0053,4.4596,4.8861,5.1603,5.2443,5.2443,5.2443,5.2443,1.6178,2.0537,2.4623,2.8792,0.9447,1.4072,1.936,2.4758,3.0117,5.2443
1.0126,1.1363,1.8632,2.3866,2.7977,3.2236,3.9852,4.3144,4.8555,3.7499,3.6697,2.9379,2.0822,0.604,3.4057,3.2801,2.5432,1.8259,4.3463,3.9367,3.4843,3.0457,4.8417,4.4293,2.1755,2.0582,1.6509,10.0
5.272,5.272,5.272,5.272,5.272,5.0094,4.5836,4.1568,3.7299,3.3082,2.8883,2.6405,2.2044,0.5319,0.536,0.6357,10.0,10.0,1.3868,1.712,0.7456,1.0937,2.7072,3.4882,3.6026,3.1864,1.7541,1.6472
9.1539,9.1539,9.1539,9.1539,3.0365,3.0978,3.5486,3.9976,4.4465,4.9042,5.2859,5.2859,5.2859,5.2859,5.2859,0.5514,0.9256,1.5708,2.167,2.2423,1.7151,0.6459,1.2654,1.8849,1.7235,2.4228,2.5798,2.7368
5.2999,5.2999,4.9229,4.579,4.2374,3.9063,3.5753,3.2455,2.9158,2.5797,1.6308,4.1687,3.6461,3.1144,2.5765,2.0564,1.5533,1.0795,0.6416,4.1902,4.0254,3.6153,3.1603,2.7053,2.1851,1.6541,10.0,10.0
0.7051,7.005,6.4158,5.2204,3.0526,3.0732,3.5204,3.6676,4.4112,4.4389,4.2424,3.9071,3.718,3.6456,0.7932,0.9407,1.2236,1.5878,2.052,2.5332,3.0644,3.5795,4.0058,1.9641,2.5726,2.7537,4.0021,4.3984
6.7678,2.6794,1.2988,1.7137,2.3091,2.7345,3.1598,3.5862,4.0126,4.2554,4.6749,5.101,5.2287,3.8169,0.4747,2.6008,2.4097,2.1638,1.8504,1.5256,2.7626,1.7334,2.1271,1.8392,1.7249,3.9141,4.0209,1.862
5.3424,5.3424,5.3424,5.3424,5.3424,5.3424,5.0921,4.548,4.004,3.4495,2.8912,1.4787,0.7257,0.6645,0.6697,10.0,1.4012,1.3406,1.0585,0.351,0.9315,3.0706,3.3822,3.7422,2.2293,2.0632,1.7082,10.0
9.2764,9.2764,1.2769,8.6822,8.8034,9.1392,3.0771,3.0771,3.3132,3.6542,3.9975,4.4509,4.9812,5.3567,5.3567,5.3567,1.029,1.1704,1.6147,2.0497,2.4574,0.5763,0.9429,1.4045,1.9322,2.4709,3.0058,3.5408
0.9559,2.0127,2.7544,3.1953,4.2791,4.7949,4.8088,3.8291,3.4401,3.0435,2.6443,2.117,0.7802,0.8929,5.3711,5.3711,5.3711,5.3711,5.3711,4.9877,4.4695,3.967,3.4303,2.8937,2.384,1.9515,10.0,10.0
3.0937,3.3922,4.7253,4.6869,5.2784,5.1574,4.719,4.2796,3.8402,3.406,2.9737,2.7185,2.587,0.5476,0.5519,0.6545,0.8514,10.0,10.0,1.7626,0.415,1.126,1.4227,3.0839,3.2017,3.788,3.6779,1.6958
8.9862,9.3515,9.3515,9.3515,5.2289,5.6018,5.6808,3.8083,4.2849,4.7557,5.2246,5.4,5.4,5.4,0.5305,0.4192,1.4817,2.4182,2.068,1.7049,1.3041,1.034,2.3771,1.6254,1.9277,1.8422,1.9615,3.3391
5.4147,5.4147,5.2311,4.8657,4.5027,4.1509,3.7992,3.106,2.4497,4.5162,2.7377,2.0284,1.6626,2.4718,1.9897,1.8197,1.6506,1.1471,0.6818,0.2261,3.8486,3.1306,3.1062,2.8747,2.322,1.7577,10.0,10.0
0.6462,0.9638,8.6001,8.9649,8.8093,7.1872,3.1189,3.1595,3.5143,3.876,3.8473,4.7211,5.2835,5.4294,5.4294,5.4294,5.4294,5.4294,5.4294,5.4294,2.6066,3.048,3.5376,4.0272,4.587,5.1584,5.4294,3.7557
2.2252,0.9892,1.4259,2.0775,2.5352,3.0022,3.2732,3.9373,4.4054,4.5889,3.8003,3.9967,2.9635,0.4306,0.5212,2.8553,2.6456,2.3757,1.4951,3.4269,3.0331,2.6513,2.3353,2.0193,4.1667,1.8097,1.7007,1.4344
5.459,5.459,5.459,5.459,5.459,5.1975,4.7557,4.3129,3.87,3.4325,2.9968,2.4198,1.2584,0.4619,0.5562,0.6596,10.0,1.2646,1.4389,0.7166,0.7736,2.5099,3.3203,3.2035,3.2266,1.9309,1.8199,1.3077
8.8786,9.05,9.2124,1.8473,2.241,2.6227,3.1445,3.3844,3.7645,4.1519,4.542,5.0572,5.4739,5.4739,5.4739,0.7371,0.7836,1.3298,1.8346,2.3289,2.2927,0.5468,1.0713,1.5958,2.1954,2.0713,2.6791,3.2869
3.1859,4.7577,5.4889,5.169,3.988,3.9751,3.6382,3.3027,2.9671,2.6251,2.2807,1.2047,3.7103,3.1692,2.6218,2.0926,1.5807,1.0985,0.6529,4.5052,4.0963,3.6789,3.2159,2.7529,2.2236,1.6832,10.0,10.0
0.8975,5.4293,5.2618,3.1618,3.3426,3.9117,3.8533,4.6703,4.2402,4.0146,3.505,3.2043,3.0492,2.9898,0.5452,0.7715,1.0035,1.3022,1.9428,2.5353,3.1318,0.9115,1.5979,2.0265,2.1654,3.8667,3.737,3.8382
6.9246,7.1415,8.5503,1.711,2.1272,2.7301,3.1548,3.5804,4.0062,4.4268,4.8456,4.9145,5.042,5.2691,0.474,1.409,2.4058,2.1603,1.8474,1.5231,0.5121,2.411,2.1236,1.8363,1.7221,1.6457,4.0145,1.859
5.5345,5.5345,5.5345,5.5345,5.3529,4.7023,3.9191,3.3996,2.7474,2.1922,1.751,1.1684,0.862,0.8127,0.819,1.6532,1.2635,1.4072,0.8364,0.2774,3.1644,3.6962,3.5936,2.5516,2.3786,2.1563,1.6941,10.0
7.2103,0.8901,7.9424,8.7285,9.068,9.397,9.6109,3.1881,3.2455,3.5796,3.9159,4.3601,4.8795,5.408,5.5498,5.5498,5.5498,1.1465,1.5817,2.0079,2.4073,2.8149,0.9236,1.3758,1.8928,2.4205,2.9445,3.4685
0.8628,1.2688,2.0803,2.6647,3.0003,3.8507,4.1364,4.8209,3.5937,3.5991,3.1269,2.5034,1.7743,0.6744,3.5946,2.869,5.5653,5.5653,5.5653,5.5653,5.5653,5.0438,3.1004,2.59,2.429,1.9168,1.6895,10.0
5.319,5.5808,5.5808,5.5808,5.3771,4.9558,4.5346,4.1124,3.6901,3.2729,2.8574,2.6123,2.4859,0.5262,0.5303,0.6289,1.3224,10.0,1.6689,1.6937,0.7377,1.082,2.6783,2.9633,3.5642,3.4212,3.0465,1.6296
9.6916,9.6916,9.6916,9.6916,9.6916,3.539,4.054,4.567,5.0798,5.5964,5.5964,5.5964,5.5964,5.5964,0.4981,0.4815,1.0574,1.7945,2.375,1.9581,1.4977,0.7379,1.4456,2.3607,1.969,2.1157,2.2528,2.3899
5.0544,5.2915,4.9281,4.5838,4.2419,3.9105,3.5791,3.249,2.9189,1.9713,4.6206,4.1731,3.65,3.1177,2.5792,2.0586,1.555,1.0806,0.6423,0.3167,3.7273,3.6191,3.1636,2.7081,2.1874,1.7178,10.0,10.0
0.6286,8.2268,6.8189,6.8129,5.2105,3.2329,3.1386,3.5357,3.5655,4.3375,4.4834,4.3205,4.3665,4.2814,4.2886,0.9718,1.437,1.8648,2.4099,2.975,3.5989,4.1699,4.7045,5.2051,5.404,2.933,3.0481,4.2029
2.7445,1.0866,1.3158,1.917,2.3393,2.7703,3.2012,3.4523,3.8843,4.492,4.917,5.1678,3.8173,0.5748,0.4809,2.6348,2.4413,2.1922,1.8746,0.9441,2.1084,2.4465,2.1549,1.8633,1.7475,3.9654,1.7782,1.5953
5.6597,5.6597,5.6597,5.6597,5.6597,5.3314,4.8485,4.3645,3.8804,3.4021,2.9259,2.6183,0.7494,0.6032,0.6079,10.0,1.5158,1.217,1.2869,0.4268,0.8456,3.3024,3.0702,3.3969,3.5267,2.1105,1.7311,1.3054
7.8517,9.8291,1.3096,1.6675,9.8291,9.8291,9.8291,3.2604,3.398,3.7478,4.0999,4.565,5.1088,5.6621,5.6758,0.9252,0.7073,1.2004,1.656,2.1022,2.5204,0.4936,0.967,1.4405,1.9817,2.5342,3.0829,3.6315
1.216,2.5603,3.0804,4.3188,5.0906,4.796,3.8909,3.532,3.1732,2.8074,2.4391,1.9527,0.8142,5.6919,5.6919,2.2379,1.6904,1.1748,5.2848,4.8181,4.3807,3.9344,3.4392,2.9441,2.378,1.8001,10.0,10.0
5.4792,3.279,3.279,4.0687,4.0184,5.0282,4.5871,4.446,3.9895,3.5384,3.0893,2.8242,2.6875,2.638,0.5733,0.68,0.8845,1.5434,10.0,10.0,0.4311,1.1698,1.478,1.7861,3.3261,3.4081,3.8209,3.7065
8.4107,3.6078,4.0239,4.7338,2.2286,2.6735,3.1185,3.5644,4.0105,4.6379,5.0767,5.3356,5.4692,5.5203,0.4966,0.522,2.008,2.2634,1.9355,1.5958,0.4716,1.4012,1.6758,1.9238,1.8042,1.7242,1.8359,3.1252
5.7409,5.7409,5.5091,5.1243,4.742,4.0694,3.3179,5.4071,3.7763,2.8906,1.8265,1.3249,1.2198,1.117,2.0012,1.5134,1.7367,1.208,0.718,0.2381,4.0531,3.5942,2.902,2.7621,2.4454,1.8511,10.0,10.0
0.9646,0.9143,8.6153,8.9664,8.8587,9.1966,9.0332,3.3073,3.334,3.6771,4.0226,4.1062,4.6397,5.5553,5.7575,5.7575,5.7575,5.7575,5.7575,2.0626,2.4729,2.8916,3.3561,1.4133,1.9443,2.4864,5.432,5.7575
2.3783,1.0572,1.7335,2.2205,2.7096,2.9993,3.7079,4.2082,4.2614,3.5751,3.9812,3.2576,2.3088,0.5619,0.5571,3.0518,2.8201,1.9598,1.3311,3.6627,3.2418,2.8338,2.496,4.3535,3.9671,1.9343,1.6154,1.5331
5.7908,5.7908,5.7908,5.7908,5.4186,4.9941,4.5696,4.1441,3.7186,3.2981,2.8795,2.6324,2.1977,0.5303,0.5344,0.6338,10.0,1.578,1.3826,1.2692,0.7433,1.0903,3.1903,3.4776,3.1003,3.1766,1.7487,1.4152
9.6454,10.0,10.0,10.0,10.0,2.8491,3.2637,3.6767,4.0896,4.5105,4.9343,5.494,5.8076,5.8076,5.8076,0.5997,0.8513,1.4447,1.993,2.4389,1.8655,0.594,1.1638,1.7336,1.668,2.2502,2.806,2.9767
4.9975,5.7275,5.3682,4.5323,4.1942,3.8665,3.5388,3.2124,2.8861,2.5534,1.6142,4.1262,3.6089,3.0826,2.5502,2.0354,1.5375,1.0685,0.635,4.3821,3.9843,3.5784,3.128,2.6777,2.1628,1.7828,10.0,10.0
0.755,6.3567,5.1441,5.2643,3.3556,3.2908,3.7697,3.7186,4.5944,4.0533,3.8783,3.5455,3.3739,3.3082,0.7198,0.8536,1.1104,1.4409,1.8621,2.2987,2.836,3.4292,1.3955,2.0024,2.396,2.4988,4.1349,3.9914
7.9021,8.2837,1.2763,1.6842,2.2693,2.6873,3.1053,3.5244,3.9434,4.3575,4.5943,4.8376,5.1385,5.1865,0.4665,2.5559,2.3682,2.1265,1.8185,1.4993,2.715,1.7035,2.0904,1.8075,1.6951,1.6199,3.9516,1.8299
5.8758,5.8758,5.8758,5.4231,4.9199,4.4321,3.9444,3.4585,2.9727,2.4775,1.979,1.3205,0.7669,0.7023,0.7078,10.0,1.2513,1.4169,0.9453,0.3135,3.2126,3.1941,3.5745,2.3891,2.356,2.0877,1.6609,10.0
10.0,0.8865,1.2459,8.2512,8.5893,8.917,9.6873,3.3853,3.3853,3.5653,3.9003,4.3427,4.86,5.3864,5.8931,5.8931,1.2967,1.1419,1.5754,1.9999,2.3977,2.8037,0.9199,1.3703,1.8852,2.4108,2.9328,3.4547
0.8368,1.7618,2.4111,2.797,3.7687,4.0633,4.8916,3.4691,3.5947,3.1804,2.7632,2.2122,0.8152,0.7816,3.2386,5.9105,5.9105,5.9105,5.4973,4.9686,4.4732,3.9414,3.4066,2.8457,2.3464,1.962,10.0,10.0
3.4053,4.8234,4.8124,5.5281,5.4195,4.9949,4.5704,4.1448,3.7192,3.2987,2.88,2.7396,10.0,0.5304,0.5345,0.6339,1.1238,10.0,10.0,1.707,0.4019,1.0905,1.3778,2.9867,3.3718,3.6687,3.0706,1.6424
9.2966,9.7455,10.0,10.0,10.0,10.0,4.8461,5.4593,6.0724,6.5672,6.5672,5.6912,5.8388,5.9457,0.5334,0.4337,1.264,2.1451,2.1394,1.7638,1.3491,0.882,1.7281,1.3865,1.9943,1.9058,2.0293,2.1528
5.7797,5.3982,5.0274,4.6763,4.3274,3.9893,3.6512,3.3145,2.4055,5.0297,3.9947,3.5383,3.0046,2.4615,1.9588,2.1001,1.5863,1.1024,0.6552,0.2173,3.0042,3.2799,3.2274,2.7627,2.2315,1.8254,10.0,10.0
0.5759,8.4164,8.2798,8.4732,7.0032,5.56,5.3711,3.2391,3.6029,3.571,4.3471,4.8402,4.7642,5.1213,5.3337,5.5492,1.7872,2.3192,5.9812,5.9812,5.9812,5.9812,3.6268,4.1288,5.9812,5.9812,3.2687,3.5599
2.1356,0.9429,1.3592,1.9804,2.4166,2.8618,3.1202,3.5664,4.1995,4.6404,4.6807,3.8099,3.5594,0.4105,0.4968,2.7219,2.522,2.2646,1.7957,0.8472,2.8913,2.5274,2.2261,1.9249,4.1765,3.6831,1.8369,1.4817
6.0172,6.0172,6.0172,6.0172,5.7334,5.2843,4.8351,4.3849,3.9346,3.4033,2.7216,2.4602,0.9833,0.4696,0.5654,0.6706,10.0,1.132,1.4629,0.56,0.7865,3.0718,3.3757,3.1597,3.2804,1.9631,1.8503,1.3295
7.9025,8.3094,8.7048,1.7455,2.1176,2.8887,10.0,3.467,3.5571,3.9232,4.2918,4.7786,5.3479,5.927,6.0353,0.8507,0.7404,1.2566,1.7335,2.2006,2.6384,0.5167,1.0123,1.5079,2.0744,2.6528,2.5315,3.1058
2.3259,3.0316,4.4267,5.2143,4.8636,4.0099,3.6701,3.3316,2.9931,2.6481,2.3007,1.2153,1.4468,3.1969,2.6448,2.1109,1.5945,1.1081,0.6586,4.5447,4.1321,3.7111,3.2441,2.777,2.2431,1.853,10.0,10.0
5.3705,5.3762,4.3507,3.3276,3.75,3.783,4.8552,4.3705,4.2359,3.7569,3.2801,2.9987,2.8535,2.8061,0.5533,0.722,0.9391,1.3349,2.0172,2.6399,2.9307,0.915,1.5692,1.8964,3.5316,3.6185,3.4971,3.9355
3.0598,7.8069,7.7189,1.7131,2.1298,2.555,3.1587,3.5849,4.0111,4.4323,4.8516,5.0991,5.0482,5.0971,0.4746,0.8413,2.4088,2.163,1.8497,1.525,0.4507,2.414,1.445,1.8385,1.7242,1.6478,2.8799,4.1262
6.1091,6.0298,5.3619,4.7891,6.1091,5.1628,4.4485,3.7325,2.871,2.309,1.6209,1.1888,0.8289,0.8923,0.8992,1.5699,1.3873,1.3027,0.7743,0.2568,3.4743,3.8758,2.5059,2.7776,2.3508,1.9961,10.0,10.0
7.167,0.8847,8.4604,8.6761,9.0135,9.3406,9.4454,9.5517,3.5201,3.5581,3.8924,4.3339,4.8502,5.3755,5.9068,6.1278,6.1278,6.1278,1.5722,1.9958,2.3928,2.798,0.9181,1.3675,1.8814,2.406,2.9268,3.4477
0.9312,1.16,1.9019,2.4362,2.743,3.2907,4.0682,4.1265,3.4711,3.828,3.3747,2.7018,1.9148,0.6165,3.4766,3.0963,2.3388,4.8403,4.4368,4.0186,3.5568,5.313,4.7584,4.3092,2.2207,1.8927,1.6852,10.0
6.1655,6.1655,6.1196,5.714,5.3066,4.8909,4.4752,4.0585,3.6418,3.23,2.8493,10.0,2.1523,0.5193,0.5234,0.6207,10.0,10.0,1.354,1.6715,0.728,1.0678,2.6432,3.4057,3.5175,3.111,1.7126,1.6082
10.0,10.0,10.0,10.0,10.0,3.5527,3.6522,4.1143,4.5764,5.0474,5.5216,6.1479,6.1846,6.1846,0.53,0.5123,0.9526,1.6166,2.2303,2.0835,1.5936,0.6647,1.3023,1.94,1.7739,2.2512,2.397,2.5429
6.0424,4.586,4.8287,4.4914,4.1564,3.8317,3.5069,3.1835,2.8601,2.5304,4.5274,4.089,3.5764,3.0548,2.5272,2.0171,1.5236,1.0588,0.6293,3.9468,3.9484,3.5462,3.0999,2.6536,2.1434,10.0,10.0,10.0
0.6608,6.7087,6.6675,5.2523,5.325,3.2094,3.2993,3.7168,3.6721,4.5597,3.976,4.0604,3.8638,3.7886,0.8243,0.9776,1.2716,1.6501,2.1325,2.6325,3.1846,3.7198,4.1629,4.606,2.411,2.8617,2.8388,4.4182
4.2616,2.3799,1.2799,1.6888,2.2755,2.6947,3.1139,3.5341,3.7783,4.1935,4.7829,5.0268,4.7771,3.7614,0.4678,2.5629,2.3747,2.1324,1.8235,1.4661,2.2051,2.3798,2.0961,1.8125,1.6998,3.8572,1.7296,1.5518
6.262,6.262,6.262,6.262,6.0477,5.5455,5.0432,4.5397,4.0362,3.5388,3.0404,1.555,0.6852,0.6274,0.6323,10.0,1.3294,1.2658,1.1132,0.3692,0.8796,3.1742,3.1935,3.5333,2.1049,2.1697,1.6129,1.3578
10.0,10.0,1.2643,1.845,10.0,9.0491,9.3817,9.7129,3.6085,3.6181,3.9581,4.4071,4.932,5.4662,6.0065,6.2817,0.787,1.1589,1.5987,2.0295,2.4332,0.4765,0.9336,1.3906,1.9131,2.4466,2.9762,3.5059
1.0206,2.1488,2.6846,3.7667,4.0669,4.9415,3.3823,3.6392,3.2695,2.8926,2.5132,2.012,0.7415,0.9532,6.3015,6.3015,6.3015,5.9362,5.4452,4.9643,4.5137,3.9188,3.3458,2.7728,2.4502,1.9288,10.0,10.0
4.7306,3.6313,3.9394,4.2762,5.2521,4.8159,4.6955,4.2583,3.8211,3.389,2.9588,10.0,10.0,10.0,0.5491,0.6513,0.8471,1.6214,10.0,10.0,0.4129,1.1204,1.4156,3.0685,3.1857,3.5426,3.6596,3.0452
8.5913,9.0061,4.1103,4.5537,4.9991,5.4536,3.1854,3.641,4.0966,4.5467,4.995,5.4502,5.5866,5.6388,0.5072,0.4196,1.6143,2.312,1.9771,1.63,1.2468,1.1265,2.2727,1.7708,1.843,1.7612,1.8753,3.1923
6.0149,5.6179,5.232,4.8666,4.5035,4.1517,3.7306,2.8005,4.8742,4.4275,2.36,1.7486,1.4332,1.3124,1.9901,1.5687,1.6509,1.1473,0.6819,0.2261,3.8492,2.6987,2.9298,2.8752,2.3224,1.9472,10.0,10.0
0.7249,0.9265,8.4227,8.6228,8.8287,8.8106,7.2514,5.3773,3.3782,3.7259,3.6983,4.5383,5.079,5.629,6.1854,6.3819,6.3819,6.3819,6.3819,6.3819,2.5057,2.93,3.4006,3.8713,4.4094,4.9587,5.5041,6.3819
2.2791,0.9948,1.6312,2.0894,2.5497,2.8432,3.2919,3.9598,4.4307,4.7161,3.7462,3.7031,2.6246,0.4331,0.5242,2.8717,2.6608,2.2278,1.3241,3.4465,3.0504,2.6665,2.3487,2.0308,3.9703,1.8201,1.6209,1.4426
6.4229,6.4229,6.2834,5.867,5.4487,5.0219,4.595,4.1672,3.7393,3.3165,2.9682,2.338,2.2099,0.5129,0.5374,0.6373,10.0,1.3766,1.3903,0.8426,0.7475,2.4251,3.2081,3.4075,3.1175,3.1943,1.7584,1.4231
8.9835,9.4193,9.8427,10.0,2.2675,2.6536,3.0398,3.7014,3.809,4.201,4.5957,5.117,5.7266,6.3468,6.4435,0.6653,0.7929,1.3455,1.8563,2.3564,2.0695,0.5533,1.084,1.6147,2.2213,2.0958,2.7107,3.3022
3.1004,4.6194,5.3585,5.0187,4.1866,3.8595,3.5324,3.2066,2.8809,2.5488,2.2144,1.828,3.6024,3.077,2.5456,2.0317,1.5347,1.0665,0.6339,4.3742,3.9771,3.5719,3.1224,2.6728,2.1589,10.0,10.0,10.0
0.8218,5.2279,5.3598,4.8463,3.1063,3.5818,3.5915,4.6222,4.2296,4.0894,3.5703,3.264,3.106,3.0455,0.5554,0.7858,1.0222,1.3265,1.7789,2.4541,2.9542,0.9285,1.4631,2.0643,2.2057,3.8343,3.8066,3.6745
6.8914,8.2094,1.2649,1.6691,2.0751,2.6632,3.0775,3.4928,3.908,4.3184,4.727,4.7942,5.041,5.14,0.4624,2.3328,2.3469,2.1074,1.8022,1.4858,0.8479,1.8407,2.0716,1.7913,1.6799,1.6054,3.9162,1.8135
6.5276,6.5276,6.1356,5.425,4.8531,4.3548,3.7523,3.1484,2.6999,2.2501,1.7973,1.1993,0.8219,0.7526,0.7585,1.6208,1.1702,1.4444,0.8585,0.2847,3.0391,3.4231,3.6886,2.3631,2.3838,2.0861,1.7801,10.0
7.0665,0.8723,1.2259,8.1189,8.8871,9.2095,9.5319,9.8531,10.0,3.762,3.8378,4.2731,4.7821,5.3,5.8239,6.3305,6.549,1.1236,1.5501,1.9678,2.3592,2.7587,0.9052,1.3484,1.855,2.3722,2.8857,3.3993
0.8066,1.314,2.1544,2.674,3.1072,3.9879,4.0525,4.8857,3.7217,3.3644,2.9231,2.3402,1.6586,0.6984,3.3602,2.7486,6.5705,5.6811,5.11,4.5521,4.029,3.5219,3.1021,2.6823,2.332,1.8481,1.7496,10.0
5.0293,5.1116,5.805,5.7006,5.2942,4.8795,4.4647,4.049,3.6332,3.2224,10.0,10.0,10.0,0.5181,0.5221,0.6192,1.2915,10.0,1.8473,1.6676,0.6188,1.0653,2.637,2.9176,3.5092,3.5838,2.9996,1.6044
9.7246,10.0,10.0,10.0,10.0,10.0,10.0,5.3302,5.3302,5.8648,6.4158,7.1436,6.1076,6.1668,0.4693,0.4537,1.1069,1.8784,2.2379,1.845,1.4112,0.7724,1.5133,1.4001,2.0611,1.9935,2.1227,2.2519
5.6044,5.2344,4.8749,4.5344,4.1961,3.8683,3.5405,3.2139,2.8874,1.95,4.5707,3.6581,2.9984,2.7457,2.5514,2.0364,1.5382,1.069,0.6353,0.2272,3.5865,3.5801,3.1295,2.6789,2.1638,10.0,10.0,10.0
0.5964,8.1555,7.9936,6.8627,6.4585,5.1844,3.0628,3.3547,3.7314,3.6983,4.5021,4.2996,4.6324,4.5421,4.5497,1.0121,1.4968,1.9783,2.5386,3.0286,3.8181,6.658,6.658,6.658,5.5905,2.7993,3.2337,3.1646
2.378,0.9073,1.3078,1.9055,2.3253,2.7536,3.182,3.4316,3.861,4.465,4.8874,4.753,3.7944,0.4616,0.4781,2.619,2.4266,2.179,1.8634,0.8152,2.782,2.4318,2.142,1.8521,1.737,3.9416,1.7675,1.4257
6.7026,6.7026,6.7026,6.3364,5.8846,5.4236,4.9562,4.2421,3.7046,3.248,2.7934,2.5251,0.8091,0.4819,0.5804,10.0,1.4472,1.1618,1.3894,0.4607,0.8073,3.1528,3.045,3.243,3.3669,2.0149,1.6527,1.2985
7.5416,8.13,1.3083,1.6658,2.3086,10.0,10.0,10.0,3.8632,3.8632,4.0958,4.5604,5.1037,5.6564,6.2155,0.8388,0.7066,1.1992,1.6544,2.1001,2.5179,0.4931,0.9661,1.439,1.9797,2.5317,3.0798,3.6279
1.3452,2.8323,3.4076,4.1465,4.9506,3.4437,3.7357,3.3911,3.0466,2.6954,2.3418,1.8748,1.1281,6.7478,2.6921,2.1486,1.623,1.1279,0.6704,4.6259,4.206,3.7774,3.302,2.8266,2.2831,10.0,10.0,10.0
5.5031,5.0856,3.5939,3.567,4.0359,5.0501,4.5927,4.4654,4.0069,3.5538,3.1289,10.0,10.0,10.0,0.5758,0.6829,0.8883,1.4751,2.0918,10.0,10.0,1.0558,1.4844,1.7939,3.3406,3.4229,3.6,3.7227
3.0902,3.4822,4.2678,8.7051,2.151,2.5804,3.0098,3.4648,4.051,4.4763,4.8999,5.1498,5.2787,5.1478,0.4793,0.5992,2.305,2.1845,1.8681,1.5402,0.4551,1.6085,1.4594,1.8568,1.7414,1.6641,1.772,4.0366
6.3979,5.9756,5.5652,5.1764,4.4493,3.7259,5.8349,4.1885,3.385,2.591,1.8005,1.334,1.0934,1.0013,1.9686,1.5288,1.5568,1.2203,0.7253,0.2405,3.8988,3.6307,2.6013,2.7152,2.4702,2.0866,10.0,10.0
10.0,0.8869,10.0,10.0,8.9975,8.9204,9.2483,9.0885,7.5946,3.5667,3.9018,4.3444,4.5004,5.027,5.5596,6.0746,6.5728,6.8401,1.576,2.0006,2.3986,2.8047,3.2553,1.3709,1.8859,2.4118,5.2689,5.791
2.4433,1.0748,1.7623,2.2574,2.7546,3.0491,3.7695,4.2781,4.5926,3.5469,3.7072,2.9679,2.1035,0.5713,0.5663,3.1025,2.5693,1.7855,4.111,3.7235,3.2956,2.8808,4.7692,4.2362,2.0629,1.9664,1.5615,10.0
6.8545,6.4769,6.09,5.6864,5.281,4.8673,4.4536,4.0389,3.6242,3.2144,10.0,10.0,2.1419,0.5168,0.5208,0.6177,10.0,1.562,1.3475,1.6634,0.7245,1.0627,2.6304,3.3893,3.2856,3.096,1.7043,1.6004
9.3946,9.9673,10.0,10.0,10.0,10.0,3.9699,3.7646,4.1874,4.6184,5.0523,5.6254,6.2955,6.9109,6.9109,0.5533,0.8716,1.4792,2.0407,2.2502,1.7211,0.6082,1.1917,1.7751,1.6231,2.304,2.5889,2.7464
5.9702,5.6082,4.1795,4.4378,4.1068,3.7859,3.4651,3.1455,2.8259,2.5002,1.5806,4.0402,3.5337,3.0184,2.4971,1.993,1.5054,1.0462,0.6218,4.2908,3.9013,3.5038,3.0629,2.6219,2.1227,10.0,10.0,10.0
0.7037,6.5627,5.3108,5.2103,4.8564,3.0673,3.5136,3.466,4.4027,4.1586,4.0039,3.6604,3.4832,3.4154,0.7431,0.8813,1.1463,1.4876,1.9225,2.3732,2.8709,3.3534,3.8097,1.8663,2.4736,2.5798,3.9943,4.1207
7.7733,3.9628,1.2555,1.6567,2.2323,2.6435,3.0547,3.4669,3.8791,4.1138,4.5194,4.9313,5.0547,3.6899,0.4589,2.5142,2.3295,2.0918,1.7888,1.4748,2.6707,1.6757,2.0563,1.778,1.6675,3.7839,3.8871,1.8
7.0078,7.0078,6.1821,5.6539,5.1292,4.6207,4.7406,4.2341,3.7277,3.2114,2.6916,1.3767,0.7209,0.6602,0.6653,10.0,1.3045,1.3319,0.9855,0.3268,0.9255,3.0026,3.3602,3.5354,2.2148,2.0273,1.6971,10.0
10.0,0.8761,1.2313,8.1544,8.4886,8.8124,9.1363,9.6762,10.0,10.0,4.0397,4.2918,4.803,5.3232,5.8494,6.3582,1.209,1.1285,1.5569,1.9764,2.3696,2.7708,0.9091,1.3543,1.8631,2.3826,2.8984,3.4142
0.8829,1.859,2.544,2.9512,3.9765,4.4286,4.7587,3.6603,3.4042,3.0118,2.6167,2.0949,0.772,0.8246,7.0572,6.8578,6.403,5.904,5.3928,4.8805,4.2628,3.7573,3.2261,2.6949,2.2744,1.9312,10.0,10.0
4.0683,3.7208,4.5442,5.4893,5.0761,4.9598,4.5382,4.1157,3.6931,3.2755,10.0,10.0,10.0,0.5266,0.5307,0.6294,0.9066,10.0,10.0,1.695,0.3991,1.0829,1.3681,2.9657,3.079,3.6428,3.537,1.6309
8.8614,9.2893,9.7276,10.0,10.0,10.0,6.0938,6.5637,4.2254,4.6897,5.152,5.4248,5.7622,5.8161,0.5232,0.4134,1.3543,2.2983,2.0392,1.6813,1.286,0.945,1.8515,1.4856,1.9009,1.8166,1.9343,2.0711
5.7673,5.3866,5.0167,4.6662,4.3181,3.9808,3.6434,3.2951,2.3493,4.331,3.9004,2.1519,1.7638,2.4563,1.9081,1.9305,1.5829,1.1,0.6538,0.2168,3.6908,3.2729,3.0215,2.7568,2.2268,10.0,10.0,10.0
0.582,8.0698,8.4538,8.2981,7.0878,7.065,5.1499,3.1057,3.4545,3.8101,3.7818,4.6408,5.1937,5.0952,5.4794,6.0295,6.5215,7.063,7.1582,7.1582,7.1582,2.9961,3.4774,3.9587,4.509,5.0707,7.1582,3.6918
2.5573,0.9458,1.3634,1.9864,2.424,2.8705,3.1297,3.5772,4.2123,4.6545,4.924,3.8214,3.0818,0.4117,0.4983,2.7301,2.5296,2.2715,1.5548,3.2766,2.9001,2.5351,2.2329,1.9307,4.1892,1.7354,1.7685,1.453
7.174,6.7788,6.3739,5.9515,5.5272,5.0942,4.6612,4.2271,3.7931,3.3642,2.8318,2.3717,1.1082,0.4527,0.5451,0.6465,10.0,1.1136,1.4103,0.6311,0.7582,10.0,3.3319,3.046,3.1624,1.8925,1.7838,1.2817
7.9706,8.381,8.7799,1.7605,2.1358,2.568,10.0,10.0,10.0,4.1566,4.3288,4.8198,5.394,5.9781,6.5691,0.7563,0.7468,1.2674,1.7485,2.2196,2.3525,0.5211,1.021,1.5209,2.0923,1.974,2.5533,3.1325
2.7513,3.5862,4.3633,5.0523,3.6074,3.8854,3.5561,3.2281,2.9001,2.5658,2.2293,1.1775,3.6265,3.0976,2.5626,2.0453,1.545,1.0737,0.6381,4.4035,4.0038,3.5958,3.1433,2.6907,2.2229,10.0,10.0,10.0
5.3215,5.4555,4.9967,3.3767,3.3965,3.8388,4.5533,4.4349,4.2983,3.8123,3.3683,10.0,10.0,10.0,0.5177,0.7326,0.953,1.2366,1.9439,2.5602,3.0932,0.8656,1.5924,1.9244,2.0688,3.6719,3.5487,3.7417
3.2296,7.1283,7.7872,1.668,2.0737,2.4877,3.0754,3.4904,3.9054,4.3155,4.7238,4.9647,4.9152,5.1366,0.462,1.0933,2.3453,2.106,1.801,1.4848,0.4388,2.3504,1.7984,1.7901,1.6788,1.6043,3.7876,1.8122
6.2247,5.7641,6.6821,6.0419,5.3989,4.7427,4.0865,3.2951,2.771,2.1211,1.656,1.105,0.8152,0.8197,0.8261,1.5635,1.2744,1.3308,0.791,0.2623,3.1916,3.728,3.3986,2.5735,2.3991,2.1034,10.0,10.0
7.011,0.8655,7.9376,10.0,10.0,10.0,10.0,9.5585,9.6624,9.9872,3.8077,4.2396,4.7446,5.2585,5.7782,6.2808,6.767,1.7238,1.538,1.9524,2.3407,2.7371,0.8981,1.3378,1.8404,2.3536,2.8631,3.3726
0.8651,1.1942,1.958,2.5081,2.824,3.6244,4.1471,4.5375,3.3824,3.6084,3.135,2.5099,1.7788,0.6347,3.5791,2.8764,2.2448,4.9831,6.7925,6.1927,5.6305,5.1853,10.0,2.472,2.2862,1.8041,1.5901,10.0
6.4733,6.1004,6.0141,5.6155,5.2152,4.8066,4.3981,3.9886,3.579,10.0,10.0,10.0,2.411,0.5104,0.5143,0.61,10.0,10.0,1.3307,1.6427,0.7154,1.0494,2.5976,3.1349,3.4568,3.0574,2.9548,1.5805
9.8464,10.0,10.0,10.0,10.0,10.0,10.0,4.2804,4.7539,5.2432,5.7358,6.3864,7.1472,7.9213,0.4969,0.4803,0.9895,1.6793,2.3168,1.9535,1.4942,0.6905,1.3529,2.3551,1.8427,2.1107,2.2475,2.3842
5.4241,5.1191,4.7675,4.4345,4.1037,3.7831,3.4625,3.1431,2.8238,2.1422,4.47,4.0372,3.531,3.0161,2.4952,1.9915,1.5043,1.0454,0.6213,3.5011,3.6688,3.5012,3.0605,2.6199,2.2894,10.0,10.0,10.0
0.6245,6.8292,6.774,6.3308,5.0321,4.9694,3.1179,3.5124,3.4701,4.3089,4.1661,4.2638,4.0574,3.9784,3.9851,0.9654,1.3353,1.7328,2.2394,2.7644,3.3442,3.9062,4.3715,4.8367,2.3282,2.9137,2.8324,4.1752
3.0939,2.6826,1.2696,1.8497,2.2572,2.673,3.0888,3.5056,3.7479,4.1598,4.7443,4.9863,3.6833,3.7018,0.4641,2.5423,2.3556,2.1152,1.8088,1.0643,2.1112,2.3606,2.0793,1.7979,1.6861,3.8262,1.7157,1.5393
7.5642,7.3861,6.7157,6.2228,5.7545,5.2766,4.7987,4.3196,3.8406,3.3672,2.8959,2.4109,0.69,0.597,0.6017,10.0,1.413,1.2045,1.1849,0.3929,0.8369,3.2684,3.0386,3.362,2.0341,2.0888,1.6433,1.292
10.0,10.0,1.2602,1.6045,10.0,10.0,9.5735,9.6813,10.0,10.0,4.3617,4.3927,4.916,5.4484,5.9869,6.5077,0.6806,1.1551,1.5935,2.0229,2.4253,0.4749,0.9305,1.3861,1.9069,2.4386,2.9665,3.4944
1.1058,2.3283,2.8012,4.0814,4.6294,4.731,3.6649,3.4841,3.1302,2.7693,2.4061,1.9263,0.7405,7.6218,7.2903,2.2076,1.6675,1.1588,5.2131,4.7528,4.3213,3.8811,3.3926,2.9042,2.3458,10.0,10.0,10.0
5.2572,4.3402,3.4334,4.2752,4.2125,4.8244,4.7039,4.2659,3.8278,3.5358,10.0,10.0,10.0,10.0,0.5501,0.6524,0.8486,1.6217,10.0,10.0,0.4136,1.1224,1.4181,1.7714,3.1914,3.27,3.6661,3.0505
8.2715,3.5481,3.9573,4.3842,5.1285,2.6293,3.0669,3.5054,3.9441,4.452,4.9927,5.2473,5.3787,5.429,0.4883,0.4661,1.7932,2.2259,1.9035,1.5694,0.4638,1.2513,2.1881,1.892,1.7744,1.6957,1.8055,3.0735
6.0579,5.658,5.2694,4.9014,4.5357,4.1814,3.2834,2.8206,4.8189,2.9891,2.0771,1.3506,1.2614,1.1551,1.9142,1.4476,1.6627,1.1555,0.6868,0.2277,3.8768,2.7098,2.9507,2.7867,2.36,10.0,10.0,10.0
0.8364,0.8967,10.0,8.3454,8.6874,8.7399,7.2934,7.3482,3.2695,3.606,3.9448,4.0268,4.9155,5.4479,5.9864,6.5071,7.0108,7.4852,7.7397,2.0227,2.4251,2.8357,3.2912,1.386,1.9067,4.7991,5.327,5.8549
2.7659,1.0078,1.6524,2.1166,2.5828,2.8589,3.3347,4.0113,4.2796,4.7775,3.7949,3.3311,2.3609,0.4387,0.531,2.909,2.6954,2.004,1.2688,3.4913,3.0901,2.7012,2.3792,4.285,3.8441,1.8438,1.6419,1.4614
6.8786,6.4996,6.1114,5.7064,5.2995,4.8844,4.4692,4.0531,3.6369,10.0,10.0,2.4801,2.1494,0.5186,0.5227,0.6199,10.0,1.4226,1.3522,1.0392,0.727,1.0664,10.0,10.0,3.0322,3.1068,1.7103,1.3841
10.0,10.0,10.0,10.0,10.0,2.7054,3.099,3.4912,4.1368,4.4982,4.6853,5.2168,5.8382,6.4705,7.1101,0.6081,0.8083,1.3718,1.8925,2.4024,1.8916,0.5641,1.1051,1.6461,2.5552,2.1366,2.7636,3.0183
4.875,5.5871,5.2366,3.8318,4.0914,3.7717,3.4521,3.1337,2.8153,2.4908,1.5746,4.0251,3.5205,3.007,2.4877,1.9855,1.4998,1.0423,0.6195,4.2747,3.8867,3.4907,3.0514,2.6121,10.0,10.0,10.0,10.0
0.7605,6.0092,5.1297,4.9765,3.1897,3.3148,3.6879,4.2776,4.3433,4.0829,3.6662,10.0,10.0,10.0,0.5703,0.807,1.0497,1.3621,1.7603,2.2711,2.8567,3.4515,1.354,2.017,2.265,2.4989,3.9089,3.7732
7.6888,8.0601,1.2419,1.6387,2.0373,2.6148,3.0215,3.4292,3.837,4.2398,4.4703,4.707,4.9998,5.0465,0.4539,2.4869,2.3042,2.0691,1.7694,1.4588,2.6417,1.8072,2.0339,1.7587,1.6494,1.5762,3.8449,1.7805
6.7765,6.2624,5.7357,5.1862,4.6342,4.1679,3.7092,3.2523,2.7955,2.3298,1.861,1.2418,0.7683,0.7036,0.7091,1.6101,1.1767,1.4195,0.8889,0.2948,3.0991,3.2,3.5811,2.2466,2.3604,1.9633,1.664,10.0
10.0,0.8604,1.2092,8.008,8.3362,9.0837,10.0,10.0,10.0,10.0,10.0,4.588,4.7168,5.2276,5.7444,6.244,6.7273,1.1083,1.529,1.9409,2.327,2.721,0.8928,1.3299,1.8296,2.3398,2.8463,3.3529
0.7819,1.6463,2.2529,2.6135,3.5215,4.0524,4.5706,3.2415,3.5851,3.1718,2.7557,2.2062,0.813,0.7303,3.1679,6.557,6.1085,5.7335,5.2555,4.7601,4.2131,3.6828,3.2439,2.8049,2.1985,1.8333,10.0,10.0
3.9887,4.8144,5.7523,5.3513,5.2462,4.8352,4.4242,4.0123,3.7207,10.0,10.0,10.0,10.0,0.5134,0.5174,0.6136,1.0878,10.0,10.0,1.6524,0.4057,1.0557,1.3338,2.8912,3.4774,10.0,2.9724,1.5899
9.235,9.681,10.0,10.0,10.0,10.0,10.0,10.0,10.0,6.5147,6.7909,8.3858,5.8002,6.0614,0.4944,0.4308,1.1716,1.9883,2.1252,1.7522,1.3402,0.8175,1.6017,1.3296,1.9811,1.8932,2.0158,2.1385
5.5799,5.2116,4.8536,4.5146,4.1778,3.8514,3.525,3.1999,2.6428,4.8844,3.8566,3.416,2.9007,2.3764,2.152,2.0275,1.5315,1.0643,0.6326,0.2098,2.9935,3.3307,3.1158,2.6672,10.0,10.0,10.0,10.0
0.5701,8.3315,8.1917,6.7695,6.9326,5.0987,3.2926,3.2065,3.5665,3.5349,4.3032,4.6223,4.4889,4.883,4.8912,1.26,1.467,1.9548,2.7486,7.2218,7.9334,8.1496,8.1496,8.1496,8.1496,6.3151,3.2357,3.2646
2.913,0.9078,1.3086,1.9066,2.3265,2.7551,3.1159,3.4334,4.0429,4.4674,4.8551,3.6678,3.7861,0.3952,0.4783,2.6204,2.4279,2.1802,1.8644,0.8156,2.7835,2.4331,2.1431,1.8531,4.0208,3.7424,1.7684,1.4264
7.3434,6.9388,6.5243,6.0919,5.6576,5.2144,4.7712,4.3269,3.8735,3.1227,2.6856,2.4277,0.8883,0.4634,0.558,0.6617,10.0,1.117,1.4436,0.5058,0.7761,10.0,3.1274,3.1179,3.237,1.9371,1.7195,1.312
7.585,7.9756,8.3551,1.6754,2.0325,10.0,10.0,10.0,10.0,10.0,10.0,4.7394,5.133,5.6889,6.2513,0.8436,0.7107,1.2061,1.6639,2.1122,2.5324,0.4959,0.9716,1.4473,1.9911,2.5463,2.5399,2.981
2.0532,2.7847,4.3554,5.1303,4.7853,3.7836,3.611,3.2779,2.9449,2.6054,2.2637,1.1957,1.2771,3.1454,2.6022,2.0769,1.5688,1.0902,0.648,4.4715,4.0656,3.6513,3.1918,2.7323,10.0,10.0,10.0,10.0
5.5291,5.1433,4.1622,3.1834,3.8607,3.7932,4.6448,4.2428,4.0524,10.0,10.0,10.0,10.0,10.0,0.5696,0.6907,0.8984,1.3744,2.0604,10.0,10.0,0.942,1.5013,1.8143,3.3786,3.4618,3.3861,3.8445
3.0022,3.614,8.0501,1.6809,2.0897,2.5069,2.9241,3.5174,3.9356,4.3489,4.7603,5.0031,4.9532,5.0012,0.4656,0.713,2.3635,2.1223,1.8149,1.4963,0.4422,1.9141,1.4178,1.8039,1.6918,1.6167,2.8257,4.0485
6.5101,6.0803,5.4676,4.757,4.172,6.1366,4.5363,3.8062,3.076,2.2652,1.6362,1.2123,0.8452,0.9099,0.917,1.5556,1.4146,1.2417,0.738,0.2447,3.5429,3.6944,2.3886,2.6476,2.3909,10.0,10.0,10.0
7.0136,0.8658,10.0,10.0,10.0,9.1328,9.0284,9.3472,9.1912,3.4819,3.809,4.2411,4.7463,4.9474,5.4274,5.9302,6.7694,7.2275,1.5385,1.9531,2.3416,2.7381,0.8984,1.3383,1.8411,2.3544,2.8641,5.6534
0.9426,1.1011,1.8054,2.3126,2.6043,3.1237,3.8617,4.0161,4.7049,3.6337,3.416,2.7348,1.9383,0.5852,3.3001,3.1342,2.3674,1.7693,4.2116,3.8146,3.3762,2.9513,4.6916,4.2063,2.108,1.9159,1.5997,10.0
6.723,6.3526,5.9732,5.5773,5.1797,4.7739,4.3681,3.9614,10.0,10.0,10.0,10.0,2.1008,0.5069,0.5108,0.6058,10.0,10.0,1.3216,1.6315,0.7106,1.0423,2.5799,10.0,10.0,3.0366,1.6716,1.5697
9.6043,10.0,10.0,10.0,10.0,10.0,10.0,10.0,4.9011,4.7681,5.2161,5.8077,6.4996,7.2035,0.5333,0.5155,0.8999,1.5272,2.1068,2.0965,1.6036,0.6279,1.2303,1.8326,1.6757,2.2653,2.412,2.5588
5.8828,5.526,4.7012,4.3728,4.0466,3.7305,3.4143,3.0994,2.7845,2.4635,4.4078,3.981,3.4819,2.9741,2.4605,1.9638,1.4834,1.0309,0.6127,4.0015,3.8441,3.4525,3.018,2.6227,10.0,10.0,10.0,10.0
0.6617,6.7174,6.262,4.9329,5.0595,3.0143,3.3036,3.5797,4.1396,4.3325,3.9812,3.9768,10.0,10.0,0.7741,0.9181,1.1943,1.5498,2.0029,2.4724,2.991,3.4937,3.9098,4.3259,2.4142,2.6877,3.7556,4.293
5.3304,3.0765,1.2429,1.64,2.2097,2.6168,3.0238,3.4319,3.6691,4.0723,4.4737,4.8815,5.0036,3.6526,0.4543,2.4888,2.306,2.0707,1.7708,1.4599,2.1675,2.311,2.0355,1.7601,1.6507,3.7457,1.6796,1.7457
7.935,7.4778,7.0095,6.5209,6.0301,5.5288,4.9933,4.4597,3.9263,3.3825,2.835,1.45,0.6832,0.6256,0.6305,10.0,1.3256,1.2621,1.038,0.3442,0.877,3.011,3.1842,3.5231,2.0988,2.0231,1.6082,1.3538
10.0,10.0,1.2245,10.0,8.4422,8.7643,9.0864,9.4072,9.8794,10.0,10.0,10.0,5.0078,5.2942,5.8175,6.3235,0.8876,1.1224,1.5484,1.9656,2.3566,0.4971,0.9042,1.3469,1.8529,2.3696,2.8825,3.3955
0.9428,1.9851,2.6669,3.1515,4.0401,4.7292,3.3025,3.6152,3.2479,2.8735,2.4966,1.9987,0.7366,0.8806,7.3005,6.8965,6.4249,5.897,5.4093,4.9193,4.2597,3.763,3.2562,2.7493,2.3514,2.0098,10.0,10.0
4.5692,3.7043,4.2531,4.1815,5.0728,4.9566,4.5353,4.113,10.0,10.0,10.0,10.0,10.0,0.5263,0.5304,0.629,0.8182,1.6959,10.0,2.1982,0.3988,1.0822,1.3673,2.9638,3.077,3.6405,10.0,1.6298
8.5064,8.9171,9.3379,4.5087,4.9497,5.3997,3.1539,3.605,4.0561,4.5018,4.9456,5.3571,5.5314,5.5831,0.5022,0.3968,1.4726,2.2891,1.9575,1.6139,1.2344,1.0276,2.2502,1.6153,1.8248,1.7438,1.8568,3.1608
5.7927,5.4103,5.0388,4.6868,4.3372,3.9983,3.6595,2.8213,4.6941,4.3501,2.4867,1.8425,1.5102,2.3809,1.9165,1.6529,1.5899,1.1049,0.6567,0.2178,3.7071,2.8436,2.992,2.769,10.0,10.0,10.0,10.0
0.6491,0.9145,8.1606,8.5117,8.359,6.8199,6.991,3.2548,3.3347,3.6779,3.6507,4.4798,5.0135,5.5565,5.6936,5.9564,6.4605,7.1095,7.9366,8.5194,2.4734,2.8922,3.3568,3.8214,4.3526,4.8948,5.4332,3.5638
3.1867,0.9551,1.3767,2.0059,2.4478,2.8987,3.1604,3.8016,4.2536,4.2962,3.5965,3.8414,2.7226,0.4158,0.5032,2.7569,2.5544,2.2938,1.3735,3.3088,2.9285,2.5599,2.2548,1.9497,3.828,1.7474,1.5624,1.385
6.9613,6.5778,6.1849,5.775,5.3632,4.9431,4.5229,4.1555,10.0,10.0,2.8501,2.3013,2.1752,0.4455,0.5289,0.6273,10.0,1.2914,1.3685,0.7318,0.7358,2.3871,10.0,3.2239,3.0686,1.9619,1.7309,1.2469
10.0,10.0,10.0,9.3014,2.1694,2.5388,3.0917,10.0,10.0,10.0,10.0,5.1887,5.4786,6.072,6.6722,0.6826,0.7585,1.2873,1.7759,2.2544,2.1232,0.5293,1.037,1.5447,2.1252,2.005,2.5934,3.1817
3.0366,4.5347,5.2602,4.9267,4.1098,3.7888,3.4677,3.1478,2.828,2.502,2.1738,1.1482,3.5363,3.0206,2.4989,1.9945,1.5066,1.047,0.6223,4.294,3.9042,3.5064,3.0651,2.7774,10.0,10.0,10.0,10.0
0.8361,5.0583,5.1078,4.0237,3.1141,3.6444,3.5899,4.5336,4.0308,10.0,10.0,10.0,10.0,10.0,0.5293,0.7489,0.9741,1.2641,1.81,2.3702,3.0058,0.8848,1.4887,1.9672,2.102,3.7536,3.6276,3.5759
6.6139,8.0379,8.4172,1.6342,2.0317,2.6076,3.0132,3.4198,3.8264,4.2282,4.6282,4.694,4.8158,5.0326,0.4527,1.5972,2.2979,2.0634,1.7645,1.4548,0.5805,2.3028,2.0284,1.7539,1.6448,1.5719,3.8343,1.7756
7.3275,6.7716,6.202,5.6079,5.011,4.2779,3.7637,3.1825,2.5719,2.1347,1.7051,1.1377,0.8308,0.7608,0.7667,1.6099,1.1828,1.3703,0.8145,0.2701,2.9623,3.4602,3.4994,2.3886,2.2615,2.0998,10.0,10.0
6.9011,0.8519,7.6018,8.1402,10.0,10.0,10.0,10.0,9.7223,9.8306,3.748,4.1731,4.6702,5.176,5.6876,6.1824,6.6609,1.0973,1.5139,1.9218,2.304,2.6942,0.884,1.3168,1.8116,2.3167,2.8182,3.3197
0.811,1.24,2.0331,2.6042,2.9322,3.7633,3.8877,4.7115,3.5121,3.3826,2.9389,2.3529,1.6676,0.659,3.3784,2.6965,7.5631,6.9418,6.5088,10.0,4.0484,3.5106,2.9274,2.5312,2.3446,1.8581,1.6511,10.0
5.1014,6.0324,5.9471,5.553,5.1571,4.7531,4.3491,10.0,10.0,10.0,10.0,10.0,2.3842,0.5047,0.5086,0.6032,1.2683,10.0,1.6006,1.6244,0.7075,1.0377,2.5687,2.8421,10.0,3.491,2.9219,1.5629
9.7331,10.0,10.0,10.0,10.0,10.0,10.0,10.0,10.0,5.4988,6.0154,10.0,7.5522,6.1722,0.4697,0.4541,1.0378,1.7612,2.2399,1.8467,1.4125,0.7242,1.4188,1.5909,1.9325,1.9953,2.1246,2.2539
5.445,5.0856,4.7363,4.4055,4.0768,3.7583,3.4398,3.1225,2.8053,1.8946,4.4407,4.0107,3.5079,2.9963,2.4788,1.9785,1.4945,1.0386,0.6173,0.2661,3.4845,3.4783,3.0405,10.0,10.0,10.0,10.0,10.0
0.5946,8.1161,6.5679,6.7214,5.1404,5.1687,2.9688,3.3445,3.5176,4.1029,4.4231,4.0868,4.3716,4.3716,4.3716,0.9412,1.4177,1.8397,2.3775,2.935,3.4772,3.9985,4.4925,4.9864,5.3314,2.7744,3.0072,3.9756
3.2112,0.96,1.2672,1.8464,2.2531,2.6681,3.0832,3.325,3.7411,4.3264,4.7357,4.6417,3.6766,0.5078,0.4632,2.5377,2.3513,2.1113,1.8055,0.8342,2.0306,2.3563,2.0755,1.7946,1.683,3.8192,1.7126,1.4214
7.5883,7.1702,6.7419,6.2951,5.8463,5.2185,4.5987,4.1396,3.6805,3.2268,2.7752,2.5086,0.7443,0.4788,0.5766,10.0,1.4377,1.1543,1.278,0.4238,0.802,10.0,2.912,3.2219,3.345,2.0017,1.6419,1.2381
7.5099,8.1111,1.2641,1.6095,10.0,10.0,10.0,10.0,10.0,10.0,10.0,10.0,10.0,5.5122,6.0055,0.8369,0.6827,1.1587,1.5985,2.0292,2.4328,0.4764,0.9334,1.3904,1.9128,2.4462,2.9757,3.5053
1.2186,2.5657,3.0868,4.1065,4.9027,3.4105,3.6996,3.3584,3.0172,2.6694,2.3192,1.8567,1.0219,7.5837,2.6661,2.1279,1.6073,1.117,0.6639,4.5812,4.1653,3.741,3.2701,2.9514,10.0,10.0,10.0,10.0
5.301,4.3763,3.462,3.7317,3.8877,4.8646,4.424,4.4775,10.0,10.0,10.0,10.0,10.0,10.0,0.5547,0.6578,0.8557,1.4209,10.0,10.0,0.4171,1.1046,1.4299,1.728,3.218,3.2972,3.6966,10.0
8.0158,3.4384,3.835,9.2131,2.124,2.548,2.972,3.3971,4.0001,4.4201,4.8383,5.0851,5.2124,5.0832,0.4733,0.53,2.039,2.1571,1.8446,1.5208,0.4494,1.4228,1.5971,1.8335,1.7195,1.6432,1.7497,3.9859
6.1426,5.7371,5.3431,4.9699,4.5952,3.7674,3.2179,5.2441,3.496,2.676,1.77,1.2849,1.1293,1.0341,1.9409,1.4678,1.6078,1.1716,0.6964,0.2309,3.931,3.4858,2.6866,2.6789,2.5047,10.0,10.0,10.0
10.0,0.8733,10.0,10.0,8.4613,8.7841,8.7317,7.157,3.2852,3.5122,3.8422,3.922,4.4317,5.3061,5.8306,6.3378,6.8284,6.9344,7.3614,1.9701,2.362,2.7619,3.2056,1.3499,1.8571,2.3749,5.1884,5.7025
2.7775,1.0281,1.6857,2.1593,2.635,2.9167,3.6058,4.0923,4.144,3.3929,3.7928,3.0364,2.1521,0.5464,0.5417,2.9678,2.6286,1.8267,1.2944,3.5618,3.1525,2.7557,2.4272,4.1767,2.1105,1.881,1.5057,10.0
6.732,6.3611,5.9811,5.5847,5.1865,4.7802,10.0,10.0,10.0,10.0,10.0,2.5197,2.1036,0.5076,0.5115,0.6066,10.0,1.5104,1.3234,1.3792,0.7115,1.0437,3.0537,10.0,2.9675,3.0406,1.6738,1.3546
9.3144,9.8639,10.0,10.0,10.0,10.0,3.1832,3.586,3.9887,4.4541,5.0826,5.4534,5.9968,6.6463,7.3033,0.562,0.8303,1.409,1.9439,2.2854,1.7481,0.5794,1.1351,1.6909,1.563,2.1947,2.6294,2.7894
4.9474,5.4936,5.149,4.3472,4.0229,3.7086,3.3943,3.0813,2.7682,2.4491,1.5483,3.9577,3.4616,2.9567,2.4461,1.9523,1.4747,1.0248,0.6091,4.2032,3.8217,3.4323,3.0697,10.0,10.0,10.0,10.0,10.0
0.7106,6.2208,5.0341,5.1517,3.3021,3.097,3.5477,3.4996,4.4454,3.942,10.0,10.0,10.0,10.0,0.7044,0.8354,1.0866,1.4101,1.8223,2.2496,2.7214,3.2273,1.3656,1.8844,2.3447,2.4454,4.0331,3.906
7.5951,7.9618,1.2267,1.6187,2.1811,2.5829,2.9847,3.3874,3.7902,4.0195,4.4158,4.6496,4.9388,4.625,0.4484,2.4566,2.2761,2.0439,1.7478,1.441,2.6095,1.6373,2.0091,1.7373,1.6293,3.6971,3.798,1.7588
6.8919,6.3511,5.8257,5.3279,4.8335,4.3543,3.8751,3.3978,2.9205,2.434,1.9442,1.2973,0.7244,0.6633,0.6685,10.0,1.2293,1.3383,0.9287,0.308,0.9299,3.0169,3.3763,3.3316,2.2254,2.037,1.6311,10.0
10.0,0.8538,1.1999,7.9469,8.2725,8.5881,9.1156,10.0,10.0,10.0,10.0,10.0,10.0,10.0,5.8788,6.1964,1.2489,1.0998,1.5173,1.9261,2.3093,2.7003,0.886,1.3198,1.8157,2.3219,2.8246,3.3273
0.826,1.739,2.3799,2.7608,3.7199,3.8501,4.7614,3.4242,3.4062,3.0135,2.6182,2.0961,0.7725,0.7714,6.9209,6.7605,6.274,5.7205,5.2089,4.708,4.2385,3.7594,3.2279,2.6964,2.2757,1.9323,10.0,10.0
3.9768,4.1977,4.4169,5.3354,5.2305,4.8208,10.0,10.0,10.0,10.0,10.0,10.0,10.0,0.5119,0.5158,0.6118,1.0229,10.0,10.0,1.6475,0.3879,1.0525,1.3298,2.8826,3.0318,10.0,3.2251,1.5851
8.8338,9.2604,9.6974,10.0,10.0,10.0,10.0,10.0,10.0,7.4746,5.136,5.4079,5.5482,5.798,0.5215,0.4121,1.255,2.1298,2.0329,1.676,1.282,0.8757,1.7157,1.3766,1.895,1.8109,1.9283,2.0456
5.5902,5.2211,4.8626,4.5229,4.1855,3.8585,3.5315,3.2058,2.2771,4.5212,3.8637,2.3278,2.8937,2.3808,1.8495,2.0312,1.5343,1.0663,0.6337,0.2102,2.9056,3.1723,3.1216,10.0,10.0,10.0,10.0,10.0
0.5486,8.0181,8.2842,8.2449,6.6717,6.6547,5.1169,3.0858,3.4324,3.5248,4.1413,4.6111,4.7668,4.8789,5.3366,5.5522,1.7882,6.4979,7.1763,7.8794,8.351,2.9769,3.4551,3.9334,4.4801,10.0,3.114,3.5618
3.3389,0.9141,1.3176,1.9197,2.3426,2.7742,3.0246,3.4572,4.0709,4.4983,4.5373,3.6932,3.2558,0.3979,0.4816,2.6385,2.4447,2.1953,1.6426,0.8213,2.8027,2.45,2.158,1.8659,4.0486,1.8334,1.7807,1.4363
7.1064,6.7149,6.3138,5.8954,5.4751,5.0462,10.0,10.0,3.912,3.3325,2.5989,2.3493,0.9946,0.4484,0.54,0.6404,10.0,1.081,1.397,0.5664,0.7511,10.0,3.2537,3.0173,3.1326,1.8746,1.7669,1.2696
7.6787,8.0741,8.4583,1.6961,2.0576,2.6718,10.0,10.0,10.0,10.0,10.0,10.0,10.0,6.1296,6.3285,0.7868,0.7195,1.221,1.6844,2.1383,2.4475,0.502,0.9836,1.4652,2.0157,2.028,2.4598,3.0178
2.3929,3.1189,4.2368,4.9905,4.6549,3.8378,3.5126,3.1886,2.8647,2.5345,2.202,1.1631,3.5821,3.0597,2.5313,2.0203,1.5261,1.0605,0.6303,4.3496,3.9548,3.5519,3.2837,10.0,10.0,10.0,10.0,10.0
5.1087,5.2374,4.7969,3.2416,3.4956,3.6853,4.6861,4.2576,4.1472,10.0,10.0,10.0,10.0,10.0,0.5158,0.7033,0.9148,1.2444,1.8804,2.4608,4.6039,0.8529,1.5287,1.8475,2.1291,3.5251,3.4068,3.8338
2.9348,7.488,7.4035,1.6431,2.0428,2.4506,3.0296,3.4384,3.8472,4.2512,4.6534,4.8908,4.842,4.8889,0.4552,0.8929,2.3104,2.0746,1.7741,1.4627,0.4322,2.3154,1.4689,1.7634,1.6538,1.5804,2.7622,3.9576
6.2655,5.6542,5.0839,4.6785,5.511,4.8412,4.1714,3.5,2.7178,2.1651,1.5835,1.1147,0.7796,0.8367,0.8432,1.4951,1.3009,1.2726,0.7564,0.2508,3.2579,3.7862,3.2498,2.627,2.2966,2.147,10.0,10.0
6.8886,0.8504,10.0,10.0,10.0,10.0,9.292,9.1806,9.4936,3.6157,3.7411,4.1655,4.6617,5.1666,5.6773,6.1711,6.6488,7.0987,1.5111,1.9183,2.2999,2.6893,0.8824,1.3144,1.8083,2.3125,2.8131,3.3137
0.8773,1.1367,1.8638,2.3874,2.6881,3.45,3.9867,4.3193,3.2703,3.6595,3.1795,2.5454,1.8041,0.6042,3.407,2.9172,2.2035,4.7434,4.3479,3.9381,5.6453,5.1286,4.7056,2.5071,2.1763,1.7832,1.5985,10.0
6.3439,6.2683,5.8939,5.5033,5.1225,10.0,10.0,10.0,10.0,10.0,10.0,10.0,2.0729,0.5002,0.504,0.5978,10.0,10.0,1.3041,1.6098,0.7011,1.0284,2.5457,3.2801,10.0,2.9963,2.8957,1.5489
9.5867,10.0,10.0,10.0,10.0,10.0,10.0,10.0,10.0,10.0,10.0,6.4028,6.7669,10.0,0.5013,0.4846,0.9369,1.59,2.1935,1.9707,1.5073,0.6538,1.2809,2.2448,1.7446,2.1293,2.2672,2.4052
5.8314,4.4259,4.6602,4.3346,4.0113,3.6979,3.3845,3.0723,2.7602,2.442,4.3694,3.9463,3.4515,2.9482,2.439,1.9467,1.4704,1.0219,0.6073,3.809,3.8106,3.4309,10.0,10.0,10.0,10.0,10.0,10.0
0.6271,6.4235,6.5856,5.1878,5.0536,3.17,3.1312,3.5274,3.4849,4.3273,3.9186,4.1184,10.0,10.0,0.8141,0.9656,1.256,1.6298,2.1064,2.6002,3.1455,3.6742,4.1118,4.5494,2.2881,2.8265,2.6941,4.193
3.6177,3.5065,1.2377,1.6332,2.2006,2.606,3.0114,3.4177,3.654,4.0555,4.6254,4.8613,4.6198,3.6376,0.4524,2.4786,2.2965,2.0622,1.7635,1.2446,2.1325,2.3014,2.0271,1.7528,1.6438,3.7302,1.6727,1.5007
7.5749,7.1385,6.6914,6.225,5.7565,5.2784,4.8003,4.3211,3.8419,3.3684,2.8969,2.2488,0.6522,0.5972,0.6019,10.0,1.3181,1.2049,1.1053,0.3665,0.8372,3.0499,3.0397,3.3632,2.0035,2.0895,1.5352,1.2924
10.0,10.0,1.2253,1.6429,10.0,8.986,9.0919,9.413,9.734,10.0,10.0,10.0,10.0,10.0,10.0,6.5862,0.7008,1.1231,1.5494,1.9668,2.3581,0.4618,0.9047,1.3477,1.8541,2.371,2.8843,3.3976
1.0202,2.1479,2.5842,3.7652,3.8814,4.7162,3.3809,3.4732,3.1204,2.7607,2.3985,1.9202,0.7076,7.6685,7.2675,6.7109,1.6623,1.1552,5.1968,4.7379,4.3078,3.8689,3.3444,2.7717,2.3384,10.0,10.0,10.0
5.0969,3.7249,3.5885,4.1532,5.101,4.6774,4.6958,10.0,10.0,10.0,10.0,10.0,10.0,10.0,0.5333,0.6325,0.8228,1.5748,10.0,10.0,0.401,1.0882,1.3748,2.9802,3.0941,3.3582,10.0,2.9576
8.2196,8.6165,3.9325,4.3567,4.7828,2.6128,3.0476,3.4835,3.9193,4.35,4.8537,5.2144,5.3449,5.3949,0.4853,0.4233,1.6285,2.2119,1.8915,1.5595,1.1928,1.1364,2.1744,1.7864,1.7632,1.685,1.7942,3.0542
5.8554,5.4688,5.0932,4.7375,4.384,4.0415,3.4445,2.7262,4.7449,3.1357,2.179,1.6145,1.3233,1.2118,1.9049,1.4484,1.6071,1.1168,0.6638,0.2201,3.7471,2.6192,2.8521,2.7989,10.0,10.0,10.0,10.0
0.7413,0.8884,8.1553,8.2687,8.6076,8.4488,6.9536,5.1787,3.2395,3.5729,3.6435,3.9898,4.8704,5.3979,5.9314,6.4474,6.9464,7.4164,7.8508,2.0041,2.4028,2.8096,3.261,1.3732,4.2283,4.7551,5.2781,5.8011
3.1562,0.9708,1.5918,2.039,2.4881,2.7541,3.2125,3.8642,4.3237,4.6023,3.6558,3.4505,2.4455,0.4226,0.5115,2.8024,2.5966,2.0758,1.2337,3.3633,2.9768,2.6021,2.292,1.9818,3.746,1.7762,1.5817,1.4078
6.7966,6.4222,6.0386,5.6384,10.0,10.0,10.0,10.0,10.0,10.0,10.0,2.2469,2.1238,0.5124,0.5164,0.6125,10.0,1.3229,1.3361,0.8814,0.7184,2.3306,10.0,3.3606,2.996,3.0698,1.6899,1.3676
10.0,10.0,10.0,10.0,2.2187,2.5965,2.9743,3.536,4.2454,10.0,10.0,10.0,10.0,6.3497,6.824,0.6241,0.7758,1.3166,1.8163,2.3057,1.9412,0.5414,1.0606,1.5799,2.1735,2.0506,2.6524,3.0976
3.4032,5.5059,5.1605,3.7761,4.0319,3.7169,3.4019,3.0881,2.7744,2.4546,2.1326,3.9666,3.4693,2.9633,2.4515,1.9567,1.478,1.0271,0.6105,4.2126,3.8302,10.0,10.0,10.0,10.0,10.0,10.0,10.0
0.7749,5.1305,5.2266,4.756,3.0484,3.3774,3.5246,4.3584,4.1508,4.0132,10.0,10.0,10.0,10.0,0.545,0.7712,1.0032,1.3018,1.6824,2.314,2.8764,3.3945,1.3796,2.0258,2.1647,3.6155,3.7357,3.606
7.5575,7.9224,1.2207,1.6107,2.0025,2.5701,2.9699,3.3706,3.7714,4.1674,4.3939,4.6266,4.9143,4.9603,0.4462,2.4444,2.2649,2.0337,1.7392,1.4339,1.1128,1.7763,1.9992,1.7287,1.6212,1.5493,3.7792,1.75
6.7482,6.2274,5.6939,5.2288,4.6944,4.1238,3.5533,3.0929,2.6585,2.2156,1.7698,1.1809,0.7783,0.7127,0.7183,1.5349,1.119,1.4223,0.8453,0.2803,2.9925,3.2415,3.6276,2.2377,2.3473,1.9754,1.6856,10.0
7.0425,0.8435,1.1854,7.8509,8.3819,10.0,10.0,10.0,10.0,10.0,10.0,4.1321,4.6243,5.1251,5.6317,6.1216,10.0,1.0865,1.499,1.9029,2.2814,2.6677,0.8753,1.3039,1.7938,2.2939,2.7905,3.2871
0.7666,1.5563,2.1297,2.5413,3.0716,3.9422,4.3208,3.266,3.614,3.1974,2.778,2.224,1.5762,0.6904,3.1934,10.0,5.9864,5.4201,4.9682,4.4999,3.9828,3.4815,3.0665,2.6516,2.2162,1.7563,10.0,10.0
4.0795,4.7077,5.6249,5.5238,10.0,10.0,10.0,10.0,10.0,10.0,10.0,10.0,10.0,0.502,0.5059,0.6,1.0637,10.0,1.79,1.6158,0.5019,1.0323,2.5552,2.8271,10.0,10.0,2.9065,1.5547
9.2708,9.7185,10.0,10.0,10.0,10.0,10.0,10.0,10.0,10.0,10.0,10.0,5.8227,5.8791,0.4639,0.4325,1.0994,1.8657,2.1335,1.759,1.3454,0.7671,1.503,1.3348,1.9887,1.9005,2.0237,2.1468
5.4418,5.0825,4.7335,4.4028,4.0744,3.7561,3.4377,3.1207,2.8036,1.8935,4.3334,3.3314,2.8289,2.4099,2.4286,1.9773,1.4936,1.0379,0.6169,0.2046,3.3782,3.2482,10.0,10.0,10.0,10.0,10.0,10.0
0.5702,7.7967,7.9866,6.5608,6.4528,4.9564,3.0601,3.2071,3.5673,3.5356,4.3041,4.2958,4.4898,10.0,10.0,1.0112,1.431,1.9486,2.4269,2.9935,7.3731,8.0142,8.5449,9.0756,5.728,2.7968,3.2309,3.034
3.2249,0.8828,1.2726,1.8542,2.2626,2.6794,3.0963,3.3391,3.7569,4.3447,4.7558,4.8388,3.6922,0.4179,0.4652,2.5484,2.3612,2.1203,1.8132,0.7932,2.707,2.3663,2.0843,1.8022,1.6902,3.8354,1.7199,1.3872
7.3206,6.9173,6.5041,6.073,10.0,5.3644,4.7564,4.2717,3.5527,3.113,2.6773,2.4201,0.8147,0.4619,0.5562,10.0,1.4372,1.1135,1.399,0.4639,0.7737,10.0,3.0662,3.1082,3.227,1.9311,1.584,1.3075
7.3548,7.7336,1.2759,1.6245,2.1257,10.0,10.0,10.0,10.0,10.0,10.0,10.0,10.0,10.0,10.0,0.818,0.6891,1.1695,1.6134,2.0481,2.4555,0.4809,0.9421,1.4034,1.9307,2.469,3.0035,2.9576
1.3697,2.7677,3.9466,4.0373,4.756,3.403,3.5889,3.2578,2.9269,2.5895,2.2498,1.8012,1.1487,7.3567,2.5863,2.0642,1.5592,1.0836,0.644,4.4441,4.0407,10.0,10.0,10.0,10.0,10.0,10.0,10.0
5.3795,4.9713,3.5132,3.3202,3.9452,4.7138,4.4895,4.3651,10.0,10.0,10.0,10.0,10.0,10.0,0.5629,0.6676,0.8684,1.4339,1.9915,10.0,10.0,0.9828,1.4511,1.7536,3.2656,3.346,3.5192,10.0
2.9753,3.3528,8.5801,8.3816,2.071,2.4845,2.898,3.486,3.9004,4.31,4.7178,4.9584,5.0825,4.9565,0.4615,0.6208,2.3424,2.1033,1.7987,1.4829,0.4382,1.6666,1.4051,1.7878,1.6767,1.6023,1.8001,3.8866
6.2702,5.8563,5.4541,4.9102,4.1734,3.6515,5.601,3.9288,3.1751,2.2772,1.6889,1.2513,1.0256,0.9392,1.8638,1.4983,1.4602,1.196,0.7108,0.2357,3.657,3.5582,2.44,2.55,2.4209,10.0,10.0,10.0
7.1444,0.8557,10.0,10.0,10.0,8.6072,8.9235,8.83,7.3279,3.4415,3.7648,4.1919,4.3424,4.8505,5.3644,5.8613,6.342,6.8112,1.5207,1.9304,2.3144,2.7063,0.888,1.3227,1.8197,2.3271,2.8309,5.5877
0.9651,1.0563,1.732,2.2185,2.6666,2.9966,3.7046,4.1121,4.5136,3.4859,3.4976,2.8002,1.9846,0.5614,3.1659,3.0491,2.424,1.6974,4.0403,3.6595,3.2389,2.8313,4.5618,4.1633,2.0223,1.9326,1.5346,10.0
6.6275,6.3113,10.0,10.0,10.0,10.0,10.0,10.0,10.0,10.0,10.0,10.0,2.071,0.4997,0.5036,0.5972,10.0,10.0,1.3029,1.6083,0.7005,1.0275,2.5433,10.0,3.3444,2.9935,1.6479,1.5474
9.1715,9.6438,10.0,10.0,10.0,10.0,10.0,10.0,4.1283,4.5532,4.981,5.546,10.0,10.0,10.0,0.5245,0.8593,1.4583,2.0119,2.1329,1.6314,0.5997,1.1748,1.75,1.6002,2.2715,2.4539,2.6032
5.7843,5.4335,4.0493,4.2996,3.9789,3.668,3.3572,3.0475,2.7379,2.4223,1.5313,3.9144,3.4236,2.9243,2.4193,1.9309,1.4585,1.0136,0.6024,4.1572,10.0,10.0,10.0,10.0,10.0,10.0,10.0,10.0
0.6696,6.4936,5.9474,4.9578,4.8053,2.9187,3.3433,3.3998,4.1894,4.1149,3.9618,10.0,10.0,10.0,0.7352,0.872,1.1343,1.4719,1.9022,2.3482,2.8407,3.3181,3.7133,1.8207,2.4432,2.5526,3.8008,4.0773
7.5464,3.4531,1.2189,1.6084,2.1671,2.5663,2.9656,3.3657,3.7659,3.9938,4.3875,4.7874,4.9072,3.5822,0.4455,2.4408,2.2616,2.0308,1.7366,1.4318,2.5928,1.6268,1.9963,1.7261,1.6188,3.6735,3.7737,1.7475
7.8922,7.3219,6.7678,6.2429,5.7215,5.2162,4.7109,4.2076,3.7043,3.1912,2.6747,1.368,0.6883,0.6303,0.6352,10.0,1.2963,1.2716,0.9793,0.3248,0.8836,2.8666,3.2081,3.5132,2.1145,1.9355,1.6202,10.0
10.0,10.0,1.1978,7.9326,8.2577,8.5728,8.8878,9.2016,10.0,10.0,10.0,10.0,10.0,10.0,10.0,10.0,1.0365,1.0978,1.5146,1.9227,2.3051,2.6954,0.8844,1.3174,1.8124,2.3178,2.8195,3.3213
0.882,1.8571,2.5414,2.9482,3.9724,4.4242,4.5565,3.6282,3.2596,2.8838,2.5056,2.0059,0.7392,0.8238,7.1478,6.7252,6.1829,5.7,5.1636,4.6842,4.235,3.6603,3.1651,2.6699,2.1997,1.8802,10.0,10.0
4.4572,3.6135,4.4299,5.3512,4.9484,4.9048,10.0,10.0,10.0,10.0,10.0,10.0,10.0,0.5134,0.5174,0.6136,0.8134,10.0,10.0,1.6524,0.389,1.0556,1.3337,2.8911,3.0016,3.7048,10.0,1.5898
8.5073,8.9181,9.339,9.778,10.0,5.4003,5.8503,6.3014,4.0565,4.5023,4.9461,5.2081,5.532,5.5837,0.5023,0.3969,1.3621,2.2894,1.9578,1.6141,1.2346,0.9505,2.2505,1.4942,1.825,1.744,1.857,2.0832
5.6345,5.2625,4.9011,4.5588,4.2187,3.8891,3.5595,3.0217,2.2952,4.2313,2.6634,1.9733,1.6175,2.3168,1.8642,1.7703,1.5465,1.0747,0.6388,0.2118,3.6058,3.0456,2.9103,10.0,10.0,10.0,10.0,10.0
0.5908,0.9117,8.1358,8.197,8.3336,6.7992,5.152,2.9889,3.3245,3.6667,3.6396,4.4662,4.9983,5.1728,5.2732,5.8027,6.3149,6.7972,7.243,8.0047,2.4659,2.8834,3.3466,3.8098,4.3393,4.8799,10.0,3.5529
3.383,0.9261,1.335,1.9451,2.3736,2.8108,3.0646,3.5028,4.1247,4.434,4.8216,3.742,2.8635,0.4032,0.488,2.6734,2.477,2.2243,1.4446,3.2085,2.8398,2.4823,2.1865,1.8906,4.0261,1.6944,1.6433,1.3501
6.9259,10.0,10.0,10.0,10.0,10.0,10.0,10.0,10.0,10.0,2.8331,2.2876,1.1408,0.4366,0.5258,0.6236,10.0,1.1464,1.3603,0.6496,0.7314,2.3729,10.0,2.9381,3.0504,1.8254,1.7206,1.2363
10.0,8.2269,8.6184,1.7282,2.0965,2.4535,3.2115,10.0,10.0,10.0,10.0,10.0,10.0,10.0,10.0,0.709,0.7331,1.2441,1.7163,2.1788,2.2055,0.5115,1.0022,1.4929,2.0538,1.9377,2.5063,3.0749
2.8998,4.4952,5.2145,4.8839,3.5593,3.7558,3.4375,3.1205,2.8034,2.4803,2.1549,1.1383,3.5056,2.9943,2.4772,1.9771,1.4935,1.0379,0.6169,10.0,10.0,10.0,10.0,10.0,10.0,10.0,10.0,10.0
0.8606,5.2064,4.9179,3.3234,3.2053,3.7511,3.695,4.365,4.0661,10.0,10.0,10.0,10.0,10.0,0.5096,0.721,0.9379,1.2171,1.863,2.4313,2.9271,0.8519,1.5323,1.8941,2.0239,3.614,3.4928,3.6797
6.5389,6.905,8.3219,1.6157,2.0087,2.4764,2.9791,3.381,3.7831,4.1803,4.5758,4.6409,4.7612,4.9756,0.4476,1.2121,2.2719,2.04,1.7446,1.4383,0.4406,2.2768,1.994,1.734,1.6262,1.5541,3.6689,1.7555
7.4886,6.9205,6.3384,5.7312,5.1212,4.4988,3.7495,3.2069,2.6285,2.0465,1.6347,1.0908,0.8048,0.7775,0.7836,1.5434,1.2088,1.3137,0.7808,0.2589,3.0275,3.5363,3.3549,2.4412,2.2757,2.0131,10.0,10.0
6.8052,0.8401,7.4962,10.0,10.0,10.0,10.0,9.4889,9.3788,9.6941,3.6959,4.1151,4.6053,5.1041,5.6086,6.0965,6.5684,1.0821,1.4928,1.8951,2.272,2.6567,0.8717,1.2985,1.7864,2.2845,2.7791,3.2736
0.824,1.1828,1.9394,2.4842,2.7971,3.5899,3.9503,4.4944,3.3503,3.4372,2.9863,2.3908,1.6944,0.6287,3.4329,2.7399,2.2235,7.0537,6.6281,6.2017,10.0,10.0,2.961,2.4146,2.2645,1.7869,1.575,10.0
5.0176,5.9333,10.0,10.0,10.0,10.0,10.0,10.0,10.0,10.0,10.0,10.0,2.345,0.4964,0.5002,0.5933,1.2474,10.0,1.2942,1.5977,0.6959,1.0207,2.5265,3.049,10.0,3.2273,2.8739,1.5372
9.7913,10.0,10.0,10.0,10.0,10.0,10.0,10.0,10.0,10.0,10.0,10.0,10.0,10.0,0.475,0.4592,0.984,1.6699,2.265,1.8674,1.4283,0.6866,1.3453,2.2513,1.8324,2.0177,2.1484,2.2792
4.7654,4.989,4.6463,4.3218,3.9994,3.6869,3.3745,3.0632,2.752,1.8586,4.3564,3.9346,3.4413,2.9394,2.4318,1.9409,1.4661,1.0188,0.6055,3.1558,3.5755,10.0,10.0,10.0,10.0,10.0,10.0,10.0
0.5988,7.6379,6.4956,6.3253,4.8375,4.9652,2.9897,3.368,3.3275,4.1319,4.1625,4.1156,10.0,10.0,10.0,0.9257,1.3342,1.7313,2.2375,2.762,3.3413,3.9029,4.3677,4.8326,2.3262,2.7939,2.83,4.0036
3.1418,1.0838,1.2398,1.8064,2.2044,2.6104,3.0165,3.2531,3.6602,4.0624,4.6333,4.8696,3.5971,0.5733,0.4532,2.4828,2.3004,2.0657,1.7665,0.9417,1.9867,2.3054,2.0306,1.7558,1.6467,3.7366,1.6756,1.5033
7.673,7.1944,6.7503,6.1119,5.5333,5.0737,4.6142,4.1536,3.6929,3.2377,2.7845,2.4233,0.6936,0.574,0.5785,10.0,1.4203,1.1581,1.191,0.395,0.8047,3.1428,2.9218,3.2328,2.0446,2.0085,1.6474,1.2423
7.5474,10.0,1.2333,1.5703,10.0,10.0,10.0,9.4748,9.7979,10.0,10.0,10.0,10.0,10.0,10.0,0.9086,0.6661,1.1304,1.5595,1.9797,2.3736,0.4648,0.9107,1.3565,1.8662,2.3866,2.9032,3.4199
1.1204,2.359,2.8381,4.1068,4.6903,4.5605,3.6999,3.3586,3.0174,2.6696,2.3194,1.8569,0.7502,7.5842,7.0276,2.128,1.6074,1.1171,5.168,10.0,10.0,10.0,3.4344,2.8054,10.0,10.0,10.0,10.0
5.1565,4.2571,3.3676,3.9616,3.9035,4.732,4.4663,10.0,10.0,10.0,10.0,10.0,10.0,10.0,0.5396,0.6399,0.8324,1.5028,10.0,10.0,0.4057,1.1009,1.3909,1.6809,3.1303,3.2074,3.7607,10.0
7.9922,3.4283,3.8237,4.3319,2.1177,2.5405,2.9633,3.3871,3.8109,4.4071,4.8241,5.0701,5.197,5.2456,0.4719,0.4777,1.8375,2.1507,1.8392,1.5164,0.4481,1.2823,1.5924,1.8281,1.7144,1.6384,1.7445,2.9697
5.956,5.5628,5.1808,4.8189,4.4594,3.941,3.1201,5.1355,3.6571,2.7993,1.7688,1.2648,1.1813,1.0818,1.882,1.4232,1.6347,1.136,0.6752,0.2239,3.8115,3.3799,2.8104,2.6098,10.0,10.0,10.0,10.0
0.8726,0.8683,10.0,8.2967,8.4125,8.7334,8.5783,7.1157,3.1661,3.4919,3.82,3.8994,4.76,5.2755,5.797,6.3012,6.7889,7.2483,7.6729,1.9587,2.3483,2.7459,3.1871,1.3421,1.8464,4.6473,5.1585,5.6696
2.8751,0.9933,1.6287,2.0863,2.5458,2.818,3.287,3.9539,4.0382,3.4495,3.7406,3.1432,2.2277,0.4324,0.5234,2.8674,2.6568,1.8909,1.2506,3.4413,3.0459,2.6625,2.3451,4.0904,3.7891,1.8174,1.5586,1.4405
10.0,10.0,10.0,10.0,10.0,10.0,10.0,10.0,10.0,10.0,10.0,2.4984,2.0858,0.5033,0.5072,0.6015,10.0,1.4976,1.3122,1.1215,0.7055,1.0348,10.0,10.0,2.9424,3.0149,1.6597,1.3431
10.0,10.0,10.0,10.0,10.0,2.6741,3.0632,3.4508,3.9259,4.574,10.0,5.6002,5.7966,6.3958,10.0,0.5771,0.799,1.3559,1.8706,2.3469,1.7951,0.5575,1.0923,1.6271,1.6051,2.1119,2.7001,2.8644
4.7405,5.4329,5.0921,4.2992,3.9784,3.6676,3.3568,3.0472,2.7376,2.422,1.5312,3.914,3.4233,2.924,2.419,1.9307,1.4584,1.0135,0.6024,10.0,10.0,10.0,10.0,10.0,10.0,10.0,10.0,10.0
0.7251,5.9586,4.8906,4.9346,3.1629,3.1603,3.6201,3.5711,4.3067,3.8925,10.0,10.0,10.0,10.0,0.5655,0.8002,1.0408,1.3506,1.7455,2.1652,2.7235,3.2932,1.3081,1.9229,2.2459,2.3824,3.876,3.7414
7.4917,7.8534,1.2101,1.5967,2.1514,2.5477,2.944,3.3413,3.7386,4.1311,4.3557,4.5863,4.8716,4.9171,0.4423,2.4231,2.2452,2.0161,1.724,1.4214,2.5739,1.7609,1.9818,1.7136,1.6071,1.5358,3.7463,1.7348
6.5652,6.05,5.5495,5.0753,4.6043,4.1479,3.6914,3.2367,2.7821,2.3186,1.852,1.2358,0.7353,0.6734,0.6786,1.6024,1.171,1.3585,0.8846,0.2934,3.0066,3.0625,3.4273,2.2359,2.259,1.9539,1.5925,10.0
10.0,0.84,1.1805,7.8184,8.1388,8.5351,10.0,10.0,10.0,10.0,10.0,10.0,10.0,10.0,10.0,10.0,1.2287,1.082,1.4928,1.895,2.2719,2.6566,0.8717,1.2985,1.7863,2.2844,2.7789,3.2735
0.7815,1.6455,2.2518,2.6123,3.5198,3.891,4.5684,3.2399,3.4423,3.0455,2.646,2.1183,0.7807,0.7299,3.0417,6.3967,6.1055,5.7307,5.253,4.7578,4.2111,3.681,3.2423,2.725,2.1914,1.8324,10.0,10.0
3.9022,4.71,5.6276,5.2353,10.0,10.0,10.0,10.0,10.0,10.0,10.0,10.0,10.0,0.5023,0.5062,0.6003,1.0642,10.0,10.0,1.6166,0.3806,1.0328,1.3048,2.8285,3.1932,10.0,2.9079,1.5554
8.893,9.3224,9.7624,10.0,10.0,10.0,10.0,10.0,10.0,10.0,10.0,5.4442,5.5854,5.8369,0.4968,0.4149,1.1773,1.9979,2.0465,1.6873,1.2906,0.8215,1.6095,1.2914,1.9077,1.8231,1.9412,2.0593
5.4703,5.1092,4.7583,4.4259,4.0957,3.7758,3.4558,3.137,2.3879,4.7885,3.7809,3.3489,2.8437,2.3298,1.9445,1.9876,1.5014,1.0434,0.6201,0.2056,2.8433,3.1416,3.2129,10.0,10.0,10.0,10.0,10.0
0.5504,8.044,7.9089,6.8495,6.6933,5.1589,5.1334,3.0958,3.4435,3.4129,4.1547,4.626,4.4206,4.8947,5.2935,1.2749,1.4843,1.9779,10.0,10.0,8.2096,8.7252,9.2903,3.9461,10.0,10.0,3.1241,3.3031
3.2579,0.8919,1.2856,1.8732,2.2858,2.7069,2.9512,3.3733,3.9721,4.3892,4.4809,3.6036,3.4943,0.3882,0.4699,2.5745,2.3854,2.142,1.7629,0.8014,2.7347,2.3905,2.1056,1.8207,3.9504,3.4837,1.7375,1.4014
10.0,10.0,10.0,10.0,10.0,10.0,10.0,4.3695,3.7577,3.1403,2.5992,2.3495,0.9074,0.4484,0.54,0.6404,10.0,1.081,1.3971,0.5167,0.7512,10.0,3.1945,3.0176,3.1329,1.8748,1.7564,1.2697
7.4692,7.8538,8.2275,1.6498,2.0015,2.8171,10.0,10.0,10.0,10.0,10.0,10.0,10.0,10.0,10.0,0.8296,0.6998,1.1877,1.6385,2.0799,2.4937,0.4883,0.9568,1.4252,1.9607,2.5074,2.3927,2.9355
2.1272,2.7727,4.2247,4.9764,4.6417,3.8269,3.5026,3.1796,2.8565,2.5273,2.1957,1.1598,1.3232,3.0511,2.5241,2.0146,1.5218,1.0575,0.6285,10.0,10.0,10.0,10.0,10.0,10.0,10.0,10.0,10.0
5.2143,5.0772,4.1087,3.1425,3.6409,3.5772,4.5851,4.1274,10.0,10.0,10.0,10.0,10.0,10.0,0.5372,0.6818,0.8869,1.2961,1.9586,4.0426,10.0,0.8884,1.482,1.791,3.3351,3.4173,3.3026,3.8365
2.9184,7.4461,7.3621,1.6339,2.0314,2.4369,2.9648,3.4192,3.8257,4.2274,4.6274,4.8634,4.8149,4.8616,0.4526,0.757,2.2975,2.0631,1.7642,1.4545,0.4298,2.3024,1.3782,1.7536,1.6446,1.5716,2.7468,3.9355
6.4436,5.8363,5.1898,4.5183,4.1294,4.9971,4.3057,3.6127,2.9197,2.2349,1.553,1.1507,0.8023,0.8637,0.8704,1.5195,1.3428,1.229,0.7305,0.2422,3.3628,3.6566,2.3642,2.6205,2.2694,10.0,10.0,10.0
6.8319,0.8434,10.0,10.0,10.0,10.0,8.7945,9.105,9.1214,3.3917,3.7104,4.1312,4.6234,5.1241,5.5703,6.1203,6.5941,7.0403,1.4987,1.9025,2.2809,2.6671,0.8751,1.3036,1.7934,2.2934,2.7899,5.5069
0.8993,1.0931,1.7923,2.2957,2.5849,3.101,3.8336,3.8886,4.6707,3.6073,3.2589,2.609,1.8491,0.581,3.2761,2.99,2.2585,4.5612,4.181,3.7869,3.3517,5.0067,4.5951,3.9335,2.0927,1.8278,1.588,10.0
6.5621,10.0,10.0,10.0,10.0,10.0,10.0,10.0,10.0,10.0,10.0,10.0,2.0505,0.4948,0.4986,0.5913,10.0,10.0,1.29,1.5924,0.6936,1.0173,2.5182,10.0,10.0,2.9639,1.6316,1.5322
9.5669,10.0,10.0,10.0,10.0,10.0,10.0,10.0,10.0,10.0,10.0,10.0,10.0,10.0,0.5109,0.4938,0.8964,1.5212,2.0986,2.0084,1.5362,0.6255,1.2255,1.8255,1.6692,2.17,2.3106,2.4512
5.7535,4.5525,4.5979,4.2767,3.9577,3.6485,3.3393,3.0313,2.7233,2.4094,4.311,3.8935,3.4054,2.9088,2.4064,1.9207,1.4508,1.0082,0.5992,3.7581,10.0,10.0,10.0,10.0,10.0,10.0,10.0,10.0
0.6361,6.4577,6.2624,4.9332,5.0598,3.0144,3.1759,3.5778,3.5347,4.3328,3.8272,10.0,10.0,10.0,0.7742,0.9182,1.1943,1.5499,2.003,2.4726,2.9912,3.4939,3.91,4.3262,2.3208,2.6878,2.7326,4.2529
4.4354,3.4506,1.218,1.6072,2.1655,2.5645,2.9634,3.3632,3.5957,3.9908,4.5517,4.7838,4.7423,3.5796,0.4452,2.4391,2.2599,2.0293,1.7354,1.4307,2.0985,2.2648,1.9948,1.7249,1.6176,3.6708,1.646,1.4768
7.6515,7.2107,6.7591,6.288,5.8147,5.3318,4.8489,4.3648,3.8807,3.399,2.8489,1.4571,0.6588,0.6032,0.6079,10.0,1.2782,1.2171,1.0431,0.3459,0.8457,3.0257,3.0704,3.3972,2.0238,2.033,1.5507,1.3055
10.0,10.0,1.2025,1.8553,8.5027,8.6067,8.923,9.2381,9.5531,10.0,10.0,10.0,10.0,10.0,10.0,10.0,0.7914,1.1022,1.5206,1.9303,2.3143,0.4532,0.8879,1.3226,1.8196,2.327,2.8307,3.3345
0.9532,2.0069,2.5787,3.518,3.9064,4.7466,3.1933,3.4956,3.1405,2.7785,2.414,1.9326,0.7122,0.8903,7.1574,6.7692,6.414,5.9569,5.3742,4.7703,4.3065,3.66,3.1484,2.6584,2.3535,2.0319,10.0,10.0
4.4965,3.6454,3.9025,4.0646,4.9922,4.5776,10.0,10.0,10.0,10.0,10.0,10.0,10.0,10.0,0.5219,0.619,0.8052,1.5561,10.0,10.0,0.3925,1.065,1.3455,2.9166,3.0281,3.3708,10.0,2.8945
8.2455,8.6436,9.0515,4.3704,4.7979,5.2341,3.0572,3.4944,3.9317,4.3637,4.7939,5.2308,5.3617,5.4119,0.4868,0.3901,1.5008,2.2189,1.8975,1.5644,1.1966,1.0473,2.1812,1.6463,1.7688,1.6903,1.7998,3.0638
5.7133,5.3361,4.9697,4.6225,4.2777,3.9435,3.6093,2.6601,4.6297,4.2054,2.3184,1.7178,1.408,1.2893,1.8903,1.541,1.5681,1.0897,0.6477,0.2148,3.6562,2.6512,2.7978,2.8454,10.0,10.0,10.0,10.0
0.6692,0.8885,7.9286,8.2698,8.1505,6.9931,6.9545,3.3559,3.2399,3.5734,3.5469,4.3525,4.871,5.3985,5.8704,6.1415,6.6612,7.3303,7.8518,8.2772,2.4031,2.81,3.2614,3.7128,4.2288,4.7557,5.2787,3.5463
3.3101,0.9442,1.5481,1.9831,2.4199,2.7784,3.1244,3.7583,4.2052,4.2473,3.5556,3.6187,2.5647,0.411,0.4975,2.7255,2.5254,2.177,1.2939,3.2711,2.8952,2.5308,2.2291,1.9275,3.7682,1.7275,1.5384,1.3692
10.0,10.0,10.0,10.0,10.0,10.0,10.0,10.0,10.0,10.0,2.8721,2.2408,2.118,0.4679,0.515,0.6108,10.0,1.3194,1.3325,0.7686,0.7164,2.3243,10.0,3.1391,2.9879,3.0615,1.6853,1.3097
10.0,10.0,10.0,10.0,2.1501,2.5163,2.9341,3.6703,10.0,10.0,10.0,10.0,10.0,10.0,6.6131,0.6478,0.7518,1.2759,1.7602,2.2345,2.0149,0.5246,1.0278,1.5311,2.1063,1.9873,2.5704,3.1535
2.9629,4.4247,5.1326,4.8072,4.0101,3.6968,3.3836,3.0715,2.7594,2.4413,2.1211,1.1606,3.4506,2.9473,2.4383,1.9461,1.47,1.0216,0.6072,10.0,10.0,10.0,10.0,10.0,10.0,10.0,10.0,10.0
0.798,4.9519,5.0768,4.5904,2.9721,3.4782,3.4262,4.4884,4.0063,4.0399,10.0,10.0,10.0,10.0,0.526,0.7444,0.9682,1.2564,1.7275,2.3558,2.8687,0.8795,1.4208,1.9553,2.0893,3.7233,3.6056,3.4805
6.4666,7.8589,1.2109,1.5978,1.9865,2.5495,2.9461,3.3436,3.7412,4.134,4.5251,4.5895,4.7085,4.9206,0.4426,1.9186,2.2467,2.0175,1.7252,1.4224,0.6974,2.2516,1.9832,1.7148,1.6082,1.5369,3.749,1.736
7.025,6.4921,5.946,5.3764,4.6852,4.1718,3.6364,3.0511,2.5539,2.1285,1.7002,1.1344,0.7965,0.7294,0.7351,1.5708,1.134,1.3663,0.8121,0.2693,2.8748,3.3174,3.4893,2.29,2.255,2.0216,1.7251,10.0
6.761,0.8346,7.4475,7.7679,10.0,10.0,10.0,10.0,10.0,9.6311,3.6719,4.0884,4.5754,5.0709,5.5722,6.0568,6.5257,1.0751,1.4831,1.8827,2.2573,2.6395,0.8661,1.2901,1.7748,2.2696,2.761,3.2523
0.7804,1.2409,2.0346,2.5873,2.9344,3.7661,3.8272,4.715,3.5147,3.2553,2.8283,2.2643,1.6048,0.6595,3.2512,2.5957,10.0,10.0,4.9442,4.4031,3.896,3.3784,2.9296,2.5331,2.2563,1.7881,1.6523,10.0
5.0078,5.9218,5.5509,10.0,10.0,10.0,10.0,10.0,10.0,10.0,10.0,10.0,10.0,0.4954,0.4993,0.5921,1.245,10.0,1.7665,1.5946,0.6723,1.0187,2.5216,2.79,10.0,10.0,2.8683,1.5342
9.3972,9.8509,10.0,10.0,10.0,10.0,10.0,10.0,10.0,10.0,10.0,10.0,10.0,5.9592,0.4535,0.4384,1.0431,1.7702,2.1625,1.7829,1.3637,0.7279,1.4261,1.353,1.9424,1.9264,2.0512,2.1761
5.356,5.0024,4.6589,4.3334,4.0102,3.6969,3.3836,3.0715,2.7595,1.8636,4.3682,3.7402,3.0657,2.8073,2.4383,1.9461,1.47,1.0216,0.6072,0.2323,3.4276,3.4214,10.0,10.0,10.0,10.0,10.0,10.0
0.5757,7.8726,6.6373,6.6246,5.1947,5.0046,2.8783,3.2383,3.5547,3.9727,4.3459,4.0406,4.3574,10.0,10.0,0.9511,1.4327,1.8591,2.4027,2.9235,3.4378,4.1911,4.6902,5.1894,5.3877,2.6863,3.0389,3.0549
3.1653,0.8734,1.2491,1.82,2.2209,2.63,3.0391,3.2775,3.6876,4.2645,4.668,4.5396,3.624,0.462,0.4566,2.5014,2.3176,2.0811,1.7797,0.7786,2.0016,2.3226,2.0458,1.7689,1.659,3.7646,1.6881,1.3616
10.0,10.0,10.0,10.0,5.6754,5.2308,4.6396,4.0186,3.5729,3.1325,2.694,2.4353,0.7574,0.4648,0.5597,10.0,1.3957,1.1205,1.3006,0.4313,0.7786,10.0,2.8504,3.1277,3.2472,1.9432,1.5939,1.2155
7.1982,7.7893,1.2488,1.5899,2.286,10.0,10.0,10.0,10.0,10.0,10.0,10.0,10.0,10.0,10.0,0.8006,0.6744,1.1446,1.579,2.0045,2.4032,0.4706,0.9221,1.3735,1.8896,2.4164,2.9395,3.4626
1.2521,2.6363,3.1718,3.996,4.7708,3.3187,3.6,3.268,2.936,2.5975,2.2568,1.8068,1.0501,10.0,2.5943,2.0706,1.5641,1.0869,0.646,10.0,10.0,10.0,10.0,10.0,10.0,10.0,10.0,10.0
5.2485,4.8503,3.4277,3.5092,3.8492,4.8164,4.3802,4.3287,10.0,10.0,10.0,10.0,10.0,10.0,0.5492,0.6513,0.8472,1.4069,2.0579,10.0,0.413,1.0387,1.4157,1.7109,3.1861,3.2646,3.5352,10.0
2.9759,3.3534,3.9363,8.9852,2.0714,2.485,2.8985,3.3131,3.9012,4.3108,4.7187,4.9593,5.0835,4.9575,0.4615,0.5526,2.1259,2.1037,1.799,1.4832,0.4383,1.4835,1.5576,1.7881,1.677,1.6026,1.7064,3.8873
6.0967,5.6942,5.3031,4.9327,4.3583,3.5732,5.5602,4.1029,3.3158,2.5381,1.7568,1.2753,1.0711,0.9808,1.9264,1.4568,1.5249,1.1629,0.6911,0.2292,3.819,3.4598,2.5481,2.6589,2.3756,10.0,10.0,10.0
10.0,0.8535,10.0,10.0,8.4814,8.5852,8.9007,7.4808,3.513,3.4326,3.7551,4.1811,4.3313,4.838,5.6986,6.1942,6.3257,6.7773,1.5168,1.9254,2.3085,2.6993,3.133,1.3193,1.8151,2.3211,5.0709,5.5734
2.6512,1.0232,1.6776,2.1489,2.6223,2.9026,3.5884,4.0726,4.372,3.3765,3.6202,2.8983,2.0542,0.5438,0.5391,2.9535,2.509,1.7436,3.9135,3.5447,3.1373,2.7424,2.4155,4.0327,2.0145,1.8719,1.4865,10.0
10.0,10.0,10.0,10.0,10.0,10.0,10.0,10.0,10.0,10.0,10.0,2.5531,2.0602,0.4971,0.501,0.5941,10.0,1.4792,1.2961,1.5606,0.6968,1.0221,2.784,10.0,3.1603,2.9779,1.6393,1.4377
9.116,9.5715,10.0,10.0,10.0,10.0,3.1774,3.5794,3.9814,4.3912,4.8757,5.3486,5.9858,10.0,10.0,0.5391,0.8287,1.4064,1.9403,2.1924,1.6769,0.5783,1.133,1.6877,1.5432,2.1906,2.5223,2.6758
5.7392,5.3911,4.0177,4.2661,3.9478,3.6394,3.331,3.0237,2.7166,2.4034,1.5194,3.8838,3.3969,2.9015,2.4004,1.9159,1.4472,1.0057,0.5977,10.0,10.0,10.0,10.0,10.0,10.0,10.0,10.0,10.0
0.6844,6.2305,5.042,5.0673,4.6106,2.9831,3.4172,3.3709,4.2819,3.9482,3.9086,10.0,10.0,10.0,0.7055,0.8367,1.0883,1.4123,1.8252,2.2531,2.7256,3.1837,1.3678,1.8151,2.3484,2.4492,3.8847,3.9121
7.4682,4.7699,1.2063,1.5917,2.1447,2.5397,2.9348,3.3308,3.7268,3.9524,4.342,4.7377,4.8563,3.5451,0.4409,2.4155,2.2381,2.0097,1.7186,1.4169,2.5659,1.6099,1.9756,1.7082,1.602,3.6354,3.7346,1.7294
6.9303,6.3865,5.8581,5.3576,4.8604,4.3786,3.8967,3.4167,2.9368,2.4476,2.5506,1.3045,0.7002,0.6412,0.6462,10.0,1.2362,1.2936,0.9338,0.3097,0.8988,2.9161,3.2634,3.3501,2.151,1.9689,1.6402,10.0
10.0,0.8413,1.1823,7.8298,8.1507,8.4617,8.7726,9.5024,10.0,10.0,10.0,10.0,10.0,10.0,10.0,10.0,1.2305,1.0836,1.4949,1.8977,2.2753,2.6605,0.873,1.3004,1.7889,2.2877,2.783,3.2783
0.8346,1.7572,2.4048,2.7897,3.7589,3.831,4.6162,3.46,3.3023,2.9216,2.5384,2.0322,0.7489,0.7795,6.9934,6.6524,6.0827,5.6524,5.1422,4.6134,4.1093,3.6448,3.1295,2.6142,2.2063,1.8734,10.0,10.0
3.9263,3.7708,4.3607,5.2676,4.8712,10.0,10.0,10.0,10.0,10.0,10.0,10.0,10.0,0.5054,0.5093,0.604,0.9188,10.0,10.0,1.6266,0.383,1.0391,1.3129,2.8459,2.9547,10.0,3.3942,1.565
8.5877,9.0023,9.4272,9.8704,10.0,10.0,10.0,6.3609,6.8163,4.5448,4.9928,5.2572,5.5842,5.6365,0.507,0.4006,1.2759,2.1653,1.9762,1.6293,1.2462,0.8903,1.7444,1.3996,1.8422,1.7605,1.8745,1.9886
5.5308,5.1657,4.811,4.4749,4.1411,3.8175,3.494,3.1717,2.2529,4.1749,3.8114,2.1495,1.7619,2.3555,1.8299,1.9284,1.518,1.0549,0.627,0.2079,3.5395,3.1387,3.0182,10.0,10.0,10.0,10.0,10.0
0.5457,7.8139,8.1858,8.035,6.6463,6.8217,4.9866,3.0073,3.345,3.6132,4.0359,4.4937,4.8863,4.7778,5.3057,5.6914,6.1901,6.6754,7.2875,7.7268,8.1895,2.9011,3.3672,3.8332,4.366,10.0,3.1288,3.5748
3.3108,0.9064,1.3065,1.9036,2.3229,2.7508,2.9992,3.4281,4.0366,4.4605,4.7187,3.6621,3.0535,0.3945,0.4776,2.6163,2.4241,2.1768,1.5405,3.14,2.7791,2.4294,2.1398,1.8502,4.0145,1.7195,1.7523,1.4242
10.0,10.0,10.0,10.0,10.0,10.0,10.0,10.0,10.0,3.2551,2.6363,2.2948,1.0317,0.438,0.5274,0.6255,10.0,1.0559,1.3646,0.5875,0.7337,10.0,10.0,2.9473,3.0599,1.8311,1.7259,1.2402
7.632,8.025,8.4069,1.6858,2.0451,2.5313,10.0,10.0,10.0,10.0,10.0,10.0,10.0,10.0,10.0,0.7454,0.7151,1.2136,1.6742,2.1253,2.3188,0.499,0.9776,1.4563,2.0034,1.9213,2.4448,2.9995
2.5299,3.2975,4.1474,4.8853,3.4881,3.7569,3.4385,3.1213,2.8042,2.481,2.1555,1.1386,3.5066,2.9952,2.4779,1.9777,1.4939,1.0382,0.617,10.0,10.0,10.0,10.0,10.0,10.0,10.0,10.0,10.0
5.0907,5.2189,4.7799,3.2302,3.3359,3.6723,4.472,4.2425,4.1119,10.0,10.0,10.0,10.0,10.0,0.4953,0.7008,0.9116,1.1875,1.8596,2.4491,4.3935,0.828,1.5233,1.8409,2.0318,3.5126,3.3948,3.6748
2.8939,6.8883,7.2625,1.6118,2.0039,2.4039,2.9719,3.3729,3.7739,4.1702,4.5647,4.7976,4.7498,4.9636,0.4465,0.9796,2.2664,2.0351,1.7403,1.4348,0.424,2.2713,1.6114,1.7298,1.6223,1.5503,3.6601,1.7512
6.0126,5.5079,5.0803,5.9184,5.2885,4.6458,4.003,3.2278,2.7144,2.0777,1.5824,1.0697,0.779,0.8029,0.8092,1.494,1.2483,1.2717,0.7558,0.2506,3.1264,3.6518,3.2475,2.5209,2.2949,2.0604,10.0,10.0
6.771,0.8358,7.8758,10.0,10.0,10.0,10.0,9.0239,9.3317,9.6453,3.6773,4.0944,4.5822,5.0784,5.5804,6.0658,6.5353,1.6648,1.4853,1.8855,2.2606,2.6434,0.8673,1.292,1.7774,2.273,2.7651,3.2572
0.8457,1.1395,1.8684,2.3933,2.6948,3.4586,3.9966,4.33,3.2277,3.5275,3.0648,2.4536,1.739,0.6057,3.4154,2.8119,2.1422,4.7551,4.3587,6.054,5.5044,4.9436,4.3214,2.4166,2.1816,1.7216,1.5409,10.0
6.2481,6.1737,10.0,10.0,10.0,10.0,10.0,10.0,10.0,10.0,10.0,10.0,2.0416,0.4926,0.4964,0.5888,10.0,10.0,1.2844,1.5855,0.6906,1.0129,2.5073,3.2306,10.0,2.951,2.852,1.5255
9.3801,9.8982,10.0,10.0,10.0,10.0,10.0,10.0,10.0,10.0,10.0,10.0,10.0,10.0,0.485,0.4688,0.9427,1.5998,2.2071,1.9067,1.4584,0.6578,1.2888,2.2586,1.7554,2.0601,2.1936,2.3271
5.7549,4.9381,4.599,4.2777,3.9586,3.6494,3.3401,3.032,2.724,2.3335,4.312,3.8945,3.4062,2.9095,2.407,1.9211,1.4511,1.0085,0.5994,3.759,3.5401,10.0,10.0,10.0,10.0,10.0,10.0,10.0
0.6087,6.4917,6.6032,6.0179,4.9053,3.2037,3.0393,3.4239,3.3826,4.2004,3.9602,4.0531,10.0,10.0,10.0,0.941,1.2693,1.6472,2.1287,2.6278,3.1789,3.7132,4.1555,4.5977,2.221,2.8403,2.6925,4.07
3.1857,3.4675,1.224,1.7833,2.1761,2.577,2.9779,3.3797,3.6133,4.0103,4.5739,4.8072,3.551,3.5971,0.4474,2.451,2.271,2.0392,1.7438,1.0959,2.1088,2.2758,2.0046,1.7333,1.6256,3.6887,1.6541,1.484
7.6551,7.0011,6.5136,6.0596,5.6035,5.1381,4.6728,4.2063,3.7398,3.2788,2.8199,2.2852,0.6541,0.5813,0.5859,10.0,1.3394,1.1729,1.1231,0.3725,0.8149,3.0992,2.9589,3.2738,1.9503,2.034,1.5576,1.2581
10.0,10.0,1.2142,1.5459,10.0,10.0,9.0095,9.3276,9.6457,9.9699,10.0,10.0,10.0,10.0,10.0,10.0,0.6558,1.1129,1.5353,1.949,2.3367,0.4576,0.8965,1.3355,1.8372,2.3495,2.8581,3.3668
1.044,2.1982,2.6447,3.8532,3.9261,4.6026,3.4601,3.3896,3.0453,2.6942,2.3408,1.874,0.6991,7.6543,10.0,10.0,1.6223,1.1274,10.0,10.0,10.0,3.7864,3.3006,2.8254,2.3813,10.0,10.0,10.0
5.0616,4.1787,3.3526,4.1244,5.0657,4.645,4.5289,10.0,10.0,10.0,10.0,10.0,10.0,10.0,0.5296,0.6281,0.8171,1.5639,10.0,10.0,0.3983,1.0806,1.3653,1.7686,3.0727,3.1483,10.0,2.9371
8.0408,8.429,3.8469,4.2619,4.8135,2.5559,2.9813,3.4077,3.8341,4.2554,4.8534,5.101,5.2286,5.2775,0.4747,0.4375,1.6831,2.1638,1.8504,1.5256,0.4508,1.1745,2.1271,1.8392,1.7249,1.6484,1.7552,2.9878
5.8281,5.4433,5.0695,4.7154,4.3636,4.0227,3.2576,2.7135,4.6361,2.9656,2.0608,1.3399,1.2515,1.146,1.8415,1.3926,1.5996,1.1116,0.6607,0.2191,3.7297,2.607,2.8388,2.7647,10.0,10.0,10.0,10.0
0.7777,0.871,8.2166,8.1069,8.4391,8.2834,6.8175,5.433,3.1761,3.503,3.8225,3.9117,4.775,5.2922,5.8153,6.3211,6.8104,7.2712,7.6971,1.9649,2.3558,2.7546,3.1971,1.3464,1.8522,4.662,5.1748,5.6875
3.0102,0.9687,1.5883,2.0345,2.4826,2.748,3.2054,3.8557,4.228,4.5921,3.6477,3.2908,2.3323,0.4217,0.5104,2.7962,2.5908,1.9797,1.2196,3.3559,2.9702,2.5964,2.2869,4.2332,3.695,1.7722,1.5782,1.4047
10.0,10.0,10.0,10.0,10.0,10.0,10.0,10.0,10.0,10.0,10.0,2.2656,2.0866,0.5035,0.5074,0.6018,10.0,1.2998,1.3127,0.9493,0.7058,1.0352,10.0,3.4233,2.9436,3.0161,1.6603,1.3437
10.0,10.0,10.0,10.0,10.0,2.5977,2.9757,3.3936,4.0744,10.0,10.0,10.0,6.0159,6.213,6.8272,0.5989,0.7762,1.3172,1.8172,2.3068,1.863,0.5416,1.0611,1.5806,2.4535,2.0516,2.6536,2.9728
4.7298,5.4207,5.0806,3.7176,3.9695,3.6594,3.3492,3.0403,2.7315,2.4166,2.0996,3.9051,3.4156,2.9174,2.4136,1.9264,1.4551,1.0112,0.601,10.0,10.0,10.0,10.0,10.0,10.0,10.0,10.0,10.0
0.7474,5.1483,5.0409,4.7725,3.059,3.2574,3.5368,4.2035,4.1653,4.0122,10.0,10.0,10.0,10.0,0.5469,0.7739,1.0066,1.3063,1.6882,2.2318,2.8072,3.3101,1.3306,1.982,2.1722,2.4556,3.7487,3.6185
7.4554,7.8153,1.2042,1.589,1.9755,2.5354,2.9298,3.3251,3.7204,4.1111,4.3345,4.5641,4.8479,4.8933,0.4402,2.4114,2.2343,2.0063,1.7157,1.4145,1.7134,1.7523,1.9722,1.7053,1.5993,1.5283,3.7282,1.7264
6.6474,6.1431,5.6264,5.0873,4.5459,3.9934,3.5518,3.1143,2.6769,2.2309,1.782,1.189,0.7537,0.6902,0.6956,1.5418,1.1267,1.3924,0.8512,0.2823,3.0132,3.139,3.5129,2.1669,2.3154,1.9129,1.6323,10.0
7.1706,0.8338,1.1718,7.7603,8.0783,10.0,10.0,10.0,10.0,10.0,10.0,4.0844,4.5709,5.066,5.5667,6.0509,10.0,1.074,1.4817,1.8809,2.2551,2.6369,0.8652,1.2888,1.7731,2.2674,2.7583,3.2492
0.7473,1.5734,2.1531,2.4978,3.1053,3.9695,4.3682,3.1736,3.5118,3.1069,2.6994,2.1611,0.7964,0.698,3.1031,7.5526,5.838,5.4796,5.0228,4.5493,4.0265,3.5197,3.1002,2.6807,2.1535,1.7521,10.0,10.0
3.863,4.6627,5.5711,5.3415,10.0,10.0,10.0,10.0,10.0,10.0,10.0,10.0,10.0,0.4972,0.5011,0.5943,1.0536,10.0,10.0,1.6004,0.4272,1.0224,1.3901,2.8001,3.3678,10.0,2.8787,1.5398
9.0356,9.4719,9.9189,10.0,10.0,10.0,10.0,10.0,10.0,10.0,10.0,10.0,5.6749,5.7956,0.4713,0.4215,1.1169,1.8955,2.0793,1.7143,1.3113,0.7794,1.527,1.3009,1.9383,1.8523,1.9723,2.0923
5.4008,5.0442,4.6978,4.3697,4.0437,3.7278,3.4119,3.0972,2.6986,4.7276,3.9209,3.3063,2.8076,2.3001,2.1974,1.9624,1.4823,1.0301,0.6123,0.203,3.0567,3.2238,10.0,10.0,10.0,10.0,10.0,10.0
0.5572,7.9637,8.0069,6.4317,6.5968,4.8442,3.1283,3.1341,3.4861,3.4552,4.2062,4.3916,4.3877,4.7848,10.0,1.1971,1.3984,1.9043,2.448,3.2236,10.0,10.0,10.0,10.0,10.0,5.8366,3.1627,3.1016
3.2073,0.878,1.2657,1.8441,2.2503,2.6649,3.0794,3.321,3.7365,4.3211,4.7299,3.5491,3.6721,0.3883,0.4626,2.5346,2.3484,2.1088,1.8033,0.7889,2.6923,2.3535,2.0729,1.7924,3.8891,3.7685,1.7105,1.3797
10.0,10.0,10.0,10.0,10.0,10.0,4.7859,4.2257,3.6624,3.0497,2.6228,2.3709,0.8399,0.4525,0.5449,10.0,1.4816,1.0909,1.4098,0.4783,0.758,10.0,3.0284,3.045,3.1614,1.8918,1.6258,1.2813
7.3311,7.7086,1.2718,1.6193,2.0052,10.0,10.0,10.0,10.0,10.0,10.0,10.0,10.0,10.0,10.0,0.8154,0.6869,1.1657,1.6082,2.0415,2.4476,0.4793,0.9391,1.3989,1.9245,2.461,2.9938,2.8812
1.9269,2.7176,4.1181,4.8212,4.6699,3.5509,3.5239,3.1989,2.8739,2.5426,2.2091,1.1669,1.1986,3.0696,2.5394,2.0268,1.531,1.064,0.6324,10.0,10.0,10.0,10.0,10.0,10.0,10.0,10.0,10.0
5.3748,4.9671,4.0195,3.1631,3.8374,3.7702,4.4856,4.2171,10.0,10.0,10.0,10.0,10.0,10.0,0.5624,0.667,0.8676,1.3661,1.9898,10.0,10.0,0.9363,1.4498,1.7521,3.2628,3.3431,3.3656,10.0
2.9278,3.3485,7.8507,1.6392,2.0379,2.4448,2.8517,3.4302,3.8381,4.2411,4.6424,4.8791,5.0013,4.8773,0.4541,0.6607,2.3049,2.0697,1.7699,1.4592,0.4312,1.7735,1.3827,1.7592,1.6499,1.5767,2.7557,3.8869
6.2809,5.8662,5.4153,4.7114,4.0251,6.0778,4.4928,3.7697,3.0465,2.1854,1.6205,1.2006,0.8371,0.9012,1.8669,1.5008,1.4011,1.198,0.712,0.2361,3.509,3.5643,2.3412,2.5544,2.368,10.0,10.0,10.0
6.8355,0.8438,10.0,10.0,10.0,8.6966,8.7992,9.1099,7.3432,3.3935,3.7123,4.1334,4.6258,4.7828,5.2896,5.7796,6.2536,7.044,1.4995,1.9035,2.2821,2.6685,0.8756,1.3043,1.7944,2.2947,2.7914,5.5098
0.9312,1.0611,1.7398,2.2286,2.5727,3.0102,3.7215,3.9673,4.5341,3.5017,3.3745,2.7016,1.9147,0.564,3.1803,3.063,2.3387,1.7051,4.0587,3.6761,3.2536,2.8441,4.5212,4.0731,2.0315,1.8926,1.5416,10.0
10.0,10.0,10.0,10.0,10.0,10.0,10.0,10.0,10.0,10.0,10.0,10.0,2.0462,0.4937,0.4976,0.5901,10.0,10.0,1.2873,1.5891,0.6921,1.0152,2.5129,10.0,3.3441,2.9577,1.6282,1.529
9.2428,9.7187,10.0,10.0,10.0,10.0,10.0,10.0,4.1604,4.5886,5.0197,5.5891,10.0,10.0,10.0,0.5082,0.866,1.4697,2.0275,2.0669,1.5809,0.6043,1.184,1.7636,1.6126,2.2333,2.378,2.5227
5.7266,5.3793,4.5764,4.2567,3.9392,3.6314,3.3237,3.0171,2.7106,2.3981,1.516,3.8753,3.3895,2.8952,2.3952,1.9117,1.444,1.0035,0.5964,3.8953,10.0,10.0,10.0,10.0,10.0,10.0,10.0,10.0
0.6513,6.5684,6.0159,4.8222,4.8606,2.8958,3.2519,3.439,4.0748,4.1623,3.9188,10.0,10.0,10.0,0.7437,0.882,1.1473,1.4889,1.9241,2.3753,2.8734,3.3563,3.7561,1.8417,2.3763,2.582,3.6968,4.1243
5.8232,3.4255,1.2091,1.5955,2.1498,2.5458,2.9418,3.3388,3.6452,3.9618,4.3524,4.749,4.8679,3.5535,0.442,2.4213,2.2435,2.0145,1.7227,1.4203,2.572,2.2483,1.9803,1.7123,1.6059,3.6441,1.7785,1.7335
7.8006,7.3512,6.8763,6.343,5.8132,5.2998,4.7864,4.275,3.7637,3.2424,2.7176,1.3899,0.6716,0.615,0.6198,10.0,1.3031,1.2408,0.995,0.33,0.8621,2.8863,3.1303,3.4634,2.0632,1.9393,1.581,1.3309
10.0,10.0,1.1906,8.308,8.2082,8.5214,8.8345,9.1465,9.6685,10.0,10.0,10.0,10.0,10.0,10.0,10.0,0.9203,1.0913,1.5055,1.9111,2.2913,0.5154,0.8791,1.3095,1.8016,2.3039,2.8026,3.3014
0.9011,1.8973,2.5964,3.0121,3.9674,4.52,3.2432,3.5502,3.1895,2.8219,2.4517,1.9628,0.7233,0.8417,7.046,6.6003,6.2557,5.791,5.2727,4.7017,4.1439,3.6953,3.1976,2.6999,2.2474,1.9209,10.0,10.0
4.4396,3.5993,4.3245,4.2517,4.929,4.816,10.0,10.0,10.0,10.0,10.0,10.0,10.0,0.5114,0.5153,0.6112,0.795,10.0,10.0,1.6459,0.3875,1.0515,1.3285,2.8797,2.9898,3.5373,10.0,1.5836
8.3458,8.7488,9.1616,9.5924,4.8562,5.2977,5.7392,3.5369,3.9795,4.4168,4.8522,5.1092,5.427,5.4777,0.4927,0.3894,1.4017,2.2459,1.9206,1.5834,1.2111,0.9781,2.2077,1.5376,1.7903,1.7109,1.8217,3.1011
5.6245,5.2532,4.8924,4.5507,4.2112,3.8822,3.5532,2.8397,4.7056,4.2238,2.503,1.8545,1.52,2.3118,1.8609,1.6637,1.5437,1.0728,0.6376,0.2114,3.5994,2.8621,2.9051,10.0,10.0,10.0,10.0,10.0
0.6141,0.8965,8.0001,8.3443,8.1947,6.6858,5.3552,3.0796,3.2691,3.6056,3.5789,4.3917,4.9149,5.3769,5.3872,5.7059,6.2095,6.7269,7.5095,8.3206,2.4248,2.8353,3.2908,3.7463,4.267,4.7985,10.0,3.4937
3.3847,0.9266,1.3357,1.9461,2.3748,2.8123,3.0661,3.6882,4.1268,4.217,3.4923,3.7439,2.7233,0.4034,0.4882,2.6747,2.4783,2.2254,1.3739,3.2101,2.8412,2.4836,2.1876,1.8915,3.8291,1.6953,1.5628,1.3437
10.0,10.0,10.0,10.0,10.0,10.0,10.0,10.0,10.0,10.0,2.792,2.2545,2.1309,0.4303,0.5182,0.6145,10.0,1.21,1.3406,0.6857,0.7208,2.3385,10.0,3.0654,3.0061,1.8383,1.6956,1.2184
10.0,10.0,8.644,9.016,2.1028,2.4608,3.0797,10.0,10.0,10.0,10.0,10.0,10.0,10.0,6.9104,0.6799,0.7353,1.2478,1.7214,2.1852,2.1149,0.5131,1.0052,1.4973,2.0599,1.9435,2.5138,3.0841
2.9728,4.4394,5.1497,4.8232,3.8606,3.7092,3.3948,3.0817,2.7686,2.4495,2.1282,1.1241,3.462,2.9572,2.4464,1.9526,1.4749,1.025,0.6092,10.0,10.0,10.0,10.0,10.0,10.0,10.0,10.0,10.0
0.8304,5.0235,4.9458,3.8961,3.0927,3.6193,3.5652,4.3898,3.9233,10.0,10.0,10.0,10.0,10.0,0.5125,0.7251,0.9433,1.224,1.7976,2.3458,2.9437,0.8568,1.4784,1.9048,2.0354,3.6345,3.5126,3.5513
6.4709,7.1012,8.2353,1.5989,1.9878,2.5512,2.9481,3.3459,3.7437,4.1368,4.5282,4.5926,4.7117,4.9239,0.4429,1.401,2.2482,2.0188,1.7264,1.4233,0.5092,2.2531,1.9845,1.716,1.6093,1.5379,3.7515,1.7372
7.2607,6.7099,6.1455,5.5568,4.9654,4.3619,3.6397,3.1535,2.5485,2.0644,1.6489,1.1003,0.8118,0.7539,0.7597,1.5569,1.1721,1.3252,0.7876,0.2612,2.9353,3.4287,3.3842,2.3669,2.2065,2.0306,10.0,10.0
6.7479,0.833,7.4331,8.1687,10.0,10.0,10.0,10.0,9.5065,9.6124,3.6648,4.0805,4.5666,5.0611,5.5614,6.0451,6.513,1.073,1.4803,1.8791,2.2529,2.6344,0.8644,1.2876,1.7714,2.2653,2.7557,3.2461
0.8022,1.1972,1.9631,2.5145,2.8312,3.6337,3.8455,4.5492,3.3911,3.3459,2.907,2.3273,1.6495,0.6363,3.3418,2.6672,5.3226,6.058,6.058,5.7423,5.2211,4.6891,2.8824,2.444,2.2921,1.8087,1.5942,10.0
4.9852,5.895,5.8117,10.0,10.0,10.0,10.0,10.0,10.0,10.0,10.0,10.0,2.3299,0.4932,0.497,0.5895,1.2394,10.0,1.5641,1.5874,0.6914,1.0141,2.5102,2.7773,10.0,3.4115,2.8554,1.5273
9.6139,10.0,10.0,10.0,10.0,10.0,10.0,10.0,10.0,10.0,10.0,10.0,10.0,6.0966,0.464,0.4485,1.0001,1.6972,2.2124,1.824,1.3952,0.6979,1.3673,1.5714,1.8623,1.9708,2.0985,2.2262
4.7442,4.9667,4.6256,4.3025,3.9815,3.6705,3.3594,3.0496,2.7398,1.8503,4.337,3.917,3.4259,2.9263,2.4209,1.9322,1.4595,1.0143,0.6028,0.2818,3.4031,10.0,10.0,10.0,10.0,10.0,10.0,10.0
0.5867,7.8013,6.3637,6.4606,4.941,5.0713,2.929,3.2996,3.3811,4.0479,4.2515,4.032,4.4399,10.0,10.0,0.9069,1.3627,1.7683,2.2853,2.8211,3.4128,3.8915,4.4029,4.9142,5.1245,2.7372,2.8905,3.9223
3.1342,0.9875,1.2368,1.8021,2.199,2.6041,3.0092,3.2453,3.6513,4.2226,4.6221,4.7747,3.5884,0.5224,0.4521,2.4768,2.2949,2.0607,1.7622,0.8581,1.9819,2.2998,2.0257,1.7516,1.6427,3.7276,1.6715,1.4621
10.0,10.0,6.645,6.2046,5.6304,4.9987,4.5326,4.0801,3.6276,3.1805,2.7353,2.4726,0.7129,0.4719,0.5683,10.0,1.4171,1.1377,1.2242,0.406,0.7905,3.2003,2.8701,3.1756,3.2969,1.973,1.6183,1.2203
7.3248,8.0353,1.233,1.5698,10.0,10.0,10.0,9.9098,9.7949,10.0,10.0,10.0,10.0,10.0,10.0,0.8494,0.6659,1.1301,1.5591,1.9791,2.3728,0.4647,0.9104,1.3561,1.8657,2.3858,2.9023,3.4188
1.1615,2.4454,2.9421,4.044,4.8281,4.4908,3.6433,3.3073,2.9713,2.6288,2.2839,1.8285,0.7777,10.0,10.0,2.0955,1.5829,1.1,10.0,10.0,10.0,10.0,10.0,2.9082,10.0,10.0,10.0,10.0
5.1664,4.2652,3.3741,3.7581,3.789,4.7411,4.3117,10.0,10.0,10.0,10.0,10.0,10.0,10.0,0.5406,0.6411,0.834,1.4256,10.0,10.0,0.4065,1.103,1.3936,1.6842,3.1363,3.2135,3.6028,10.0
7.8879,3.3836,3.7738,4.5466,2.0901,2.5073,2.9246,3.3429,3.8346,4.3496,4.7611,5.0039,5.1292,5.002,0.4657,0.5013,1.9286,2.1227,1.8152,1.4966,0.4422,1.3458,1.5716,1.8042,1.6921,1.617,1.7218,2.9496
5.9815,5.5867,5.203,4.8396,4.4785,3.7751,3.1335,5.1066,3.5031,2.6815,1.7236,1.2512,1.1316,1.0362,1.89,1.4293,1.6111,1.1409,0.6781,0.2249,3.8279,3.3944,2.6921,2.6086,2.5099,10.0,10.0,10.0
0.9346,0.8588,10.0,8.4217,8.3206,8.638,8.4845,7.038,3.1315,3.4538,3.7783,3.8568,4.3579,5.2179,5.7336,6.2324,6.7148,7.1691,7.239,1.9373,2.3227,2.7159,3.1522,1.3275,1.8262,2.3354,5.1021,5.6077
2.7735,1.0002,1.6399,2.1006,2.5634,2.8374,3.5078,3.9811,4.0314,3.3276,3.7663,3.0321,2.1489,0.5316,0.527,2.8871,2.6248,1.8241,1.2592,3.465,3.0668,2.6808,2.3613,3.4759,2.1074,1.8299,1.5035,1.4504
10.0,10.0,10.0,10.0,10.0,10.0,10.0,10.0,10.0,10.0,10.0,2.4762,2.0673,0.4988,0.5027,0.5962,10.0,1.4843,1.3005,1.2509,0.6992,1.0256,3.001,10.0,2.9163,2.9881,1.6449,1.3312
9.1412,9.6962,10.0,10.0,10.0,10.0,3.0931,3.4845,3.8758,4.4363,5.0622,5.4316,5.8271,6.4581,10.0,0.5597,0.8068,1.3691,1.8888,2.2763,1.7411,0.563,1.103,1.643,1.5568,2.1325,2.6188,2.7782
4.7078,5.3955,5.057,4.2696,3.9511,3.6424,3.3337,3.0262,2.7188,2.4054,1.5206,3.887,3.3997,2.9039,2.4024,1.9174,1.4484,1.0065,0.5982,10.0,10.0,10.0,10.0,10.0,10.0,10.0,10.0,10.0
0.7063,6.0361,4.8847,4.9988,3.204,3.0785,3.5265,3.4787,4.3627,3.825,10.0,10.0,10.0,10.0,0.6835,0.8106,1.0544,1.3682,1.7682,2.1828,2.653,3.208,1.3251,1.8732,2.2751,2.3728,3.9264,3.7901
7.4549,7.8149,1.2041,1.5889,2.1408,2.5352,2.9296,3.3249,3.7202,3.9453,4.3343,4.5638,4.8477,4.893,0.4401,2.4112,2.2341,2.0062,1.7156,1.4144,2.5613,1.6071,1.9721,1.7052,1.5992,2.9864,2.9864,1.7263
6.6756,6.1518,5.6428,5.1607,4.6818,4.2176,3.7535,3.2911,2.8289,2.3576,1.8832,1.2566,0.7189,0.6583,0.6635,10.0,1.1907,1.3282,0.8995,0.2983,3.0571,2.9942,3.3508,3.227,2.2086,1.9867,1.5799,10.0
10.0,0.8376,1.1771,7.7955,8.115,8.4246,9.1523,10.0,10.0,10.0,10.0,10.0,10.0,10.0,10.0,10.0,1.2251,1.0789,1.4884,1.8894,2.2653,2.6488,0.8691,1.2947,1.7811,2.2777,2.7708,3.2639
0.7982,1.6807,2.3,2.6681,3.5951,3.8163,4.6662,3.3093,3.3762,2.987,2.5952,2.0777,0.7657,0.7456,3.0894,6.5336,6.2188,5.6701,5.1631,4.6666,4.2012,3.7263,3.1995,2.6727,2.2383,1.8716,10.0,10.0
3.8987,4.3817,4.3717,5.2305,5.1277,10.0,10.0,10.0,10.0,10.0,10.0,10.0,10.0,0.5018,0.5057,0.5998,1.0633,10.0,10.0,1.6151,0.3803,1.0318,1.3037,2.8259,3.1647,10.0,2.9053,1.554
8.7467,9.1691,9.6018,10.0,10.0,10.0,10.0,10.0,10.0,10.0,7.8572,5.3546,5.4935,5.7409,0.5103,0.4081,1.2092,2.0521,2.0129,1.6595,1.2693,0.8438,1.6532,1.3265,1.8763,1.7931,1.9093,2.0254
5.4767,5.1152,4.7639,4.4311,4.1005,3.7802,3.4598,3.1407,2.2309,4.632,3.7853,3.3528,2.847,2.3325,1.812,1.99,1.5032,1.0446,0.6209,0.2059,2.8467,3.1079,3.0582,10.0,10.0,10.0,10.0,10.0
0.5427,7.9318,7.9491,8.1348,6.5999,6.3856,5.0618,3.0526,3.3954,3.3822,4.0967,4.5614,4.574,4.8264,5.2196,10.0,1.7158,2.2266,7.2314,7.6277,8.2612,8.6876,3.4179,3.891,10.0,10.0,3.0805,3.4177
3.2687,0.8949,1.2899,1.8794,2.2934,2.7159,2.9611,3.3846,3.9854,4.4038,4.442,3.6156,3.3029,0.3895,0.4715,2.5831,2.3934,2.1491,1.6663,0.804,2.7439,2.3985,2.1126,1.8267,2.4371,2.4371,1.7433,1.4061
10.0,10.0,10.0,10.0,10.0,10.0,10.0,10.0,3.7306,3.2828,2.5689,2.3222,0.9485,0.4432,0.5337,0.633,10.0,1.0685,1.3809,0.5401,0.7424,10.0,3.1863,2.9824,3.0964,1.853,1.7465,1.255
7.5113,7.8981,8.2739,1.6591,2.0128,2.694,10.0,10.0,10.0,10.0,10.0,10.0,10.0,10.0,10.0,0.7934,0.7038,1.1944,1.6477,2.0917,2.4679,0.4911,0.9622,1.4332,1.9718,2.5215,2.4062,2.952
2.2591,2.9446,4.1848,4.9293,4.5978,3.7907,3.4695,3.1495,2.8295,2.5034,2.175,1.1488,3.5382,3.0222,2.5002,1.9955,1.5074,1.0475,0.6226,10.0,10.0,10.0,10.0,10.0,10.0,10.0,10.0,10.0
5.0271,5.1185,4.688,3.1681,3.5102,3.6017,4.6224,4.1609,4.1645,10.0,10.0,10.0,10.0,10.0,0.5179,0.6873,0.8941,1.2496,1.8882,2.4711,10.0,0.8565,1.494,1.8055,3.3623,3.4451,3.3295,3.7468
2.8968,7.3912,7.3078,1.6219,2.0164,2.4189,2.9905,3.394,3.7975,4.1963,4.5933,4.8276,4.7794,4.8257,0.4493,0.827,2.2806,2.0478,1.7512,1.4438,0.4267,2.2855,1.3681,1.7406,1.6324,1.56,2.1859,2.1859
6.2732,5.6611,5.0339,4.5674,5.5177,4.8471,4.1765,3.5043,2.6954,2.1678,1.5459,1.1161,0.7782,0.8377,0.8442,1.4739,1.3024,1.2424,0.7384,0.2449,3.2619,3.6963,2.3899,2.6302,2.242,2.1497,10.0,10.0
6.7953,0.8388,10.0,10.0,10.0,10.0,8.9555,9.0563,9.3651,3.3735,3.6905,4.1091,4.5986,5.0967,5.6004,6.0876,6.5588,7.0026,1.4906,1.8923,2.2687,2.6529,0.8705,1.2966,1.7838,2.2812,2.775,3.2688
0.8764,1.1083,1.8172,2.3277,2.6209,3.1442,3.887,3.9427,3.267,3.6558,3.1762,2.5429,1.8022,0.5891,3.3218,2.9142,2.2013,4.6248,4.2392,3.8396,3.3984,2.9706,2.6166,2.2625,2.1218,1.7814,1.5969,10.0
6.2542,6.1797,10.0,10.0,10.0,10.0,10.0,10.0,10.0,10.0,10.0,10.0,2.0436,0.4931,0.4969,0.5894,10.0,10.0,1.2856,1.5871,0.6912,1.0139,2.5097,10.0,10.0,2.9539,1.6261,1.527
9.5603,10.0,10.0,10.0,10.0,10.0,10.0,10.0,10.0,10.0,10.0,10.0,10.0,10.0,0.4999,0.4832,0.912,1.5478,2.1353,1.9652,1.5032,0.6364,1.2469,2.1852,1.6983,2.1234,2.261,2.3986
5.7455,4.3607,4.5915,4.2708,3.9522,3.6434,3.3347,3.0271,2.7196,2.4061,4.305,3.8881,3.4007,2.9048,2.4031,1.918,1.4488,1.0068,0.5984,3.7529,3.7545,10.0,10.0,10.0,10.0,10.0,10.0,10.0
0.6245,6.3402,6.398,5.04,5.0326,3.0797,3.1182,3.5127,3.4704,4.3093,3.807,4.1013,10.0,10.0,0.7909,0.9381,1.2202,1.5834,2.0463,2.5261,3.0559,3.5695,3.9947,4.4198,2.2786,2.746,2.6829,4.1756
3.8536,3.4527,1.2187,1.6082,2.1669,2.566,2.9652,3.3653,3.5979,3.9933,4.5545,4.7868,4.549,3.5818,0.4455,2.4405,2.2613,2.0305,1.7364,1.3257,2.0998,2.2662,1.996,1.7259,1.6186,1.8764,1.6471,1.4777
7.5346,7.1006,6.6559,6.1919,5.7259,5.2504,4.7748,4.2982,3.8215,3.3505,2.8815,1.4961,0.6487,0.594,0.5987,10.0,1.2772,1.1985,1.071,0.3552,0.8327,3.0053,3.0235,3.3453,1.9929,2.0784,1.527,1.2855
10.0,10.0,1.2057,1.7022,10.0,8.6296,8.9468,9.2627,9.5785,9.9005,10.0,10.0,10.0,10.0,10.0,10.0,0.7261,1.1051,1.5246,1.9354,2.3204,0.4544,0.8903,1.3262,1.8245,2.3332,2.8382,3.3433
0.985,2.0739,2.546,3.6355,3.8569,4.6865,3.2645,3.4514,3.1007,2.7433,2.3834,1.9082,0.7032,0.92,7.2217,10.0,10.0,10.0,10.0,4.9296,4.2807,3.7823,3.2293,2.6762,2.3237,10.0,10.0,10.0
5.0121,3.6629,3.6699,4.084,5.0161,4.5995,10.0,10.0,10.0,10.0,10.0,10.0,10.0,10.0,0.5244,0.622,0.8091,1.5486,10.0,10.0,0.3944,1.0701,1.352,2.9306,3.0426,3.3834,10.0,2.9083
8.1609,8.5549,3.9044,4.3256,4.7487,2.5941,3.0258,3.4586,3.8913,4.319,4.7447,5.1772,5.3067,5.3564,0.4818,0.4067,1.5644,2.1961,1.878,1.5484,1.1843,1.0917,2.1588,1.7161,1.7506,1.673,1.7814,1.8898
5.7535,5.3736,5.0046,4.655,4.3077,3.9712,3.4963,2.6788,4.6623,3.1828,2.2118,1.6387,1.3432,1.23,1.9035,1.4701,1.5791,1.0974,0.6522,0.2163,3.6819,2.5736,2.8024,2.7502,10.0,10.0,10.0,10.0
0.7065,0.8814,8.0837,8.2035,8.5396,8.3821,6.8987,5.1158,3.2139,3.5447,3.5185,4.3176,4.8319,5.3552,5.8846,6.3964,6.8915,7.3579,7.7888,1.9883,2.3838,2.7875,3.2352,3.683,4.1949,4.7175,5.2364,10.0
3.188,0.9531,1.5627,2.0018,2.4427,2.7038,3.1538,3.7937,4.2448,4.5183,3.5891,3.4852,2.4701,0.4149,0.5022,2.7512,2.5492,2.0967,1.2462,3.3019,2.9225,2.5546,2.2501,1.9456,1.8247,1.7438,1.5529,1.3821
6.7383,6.3671,5.9868,5.59,5.1914,4.9493,10.0,10.0,10.0,10.0,10.0,2.2276,2.1056,0.5044,0.512,0.6072,10.0,1.3116,1.3246,0.8286,0.7122,2.3106,10.0,3.3318,2.9703,3.0435,1.6754,1.3559
10.0,10.0,10.0,10.0,2.176,2.5466,2.9171,3.5594,10.0,10.0,10.0,10.0,10.0,6.3917,6.6927,0.6282,0.7609,1.2912,1.7814,2.2614,1.954,0.5309,1.0402,1.5495,2.1317,2.0112,2.6013,3.118
3.104,4.4077,5.1129,4.7888,3.9948,3.6827,3.3706,3.0597,2.7488,2.432,2.113,3.93,3.4373,2.936,2.429,1.9386,1.4644,1.0177,0.6048,10.0,10.0,10.0,10.0,10.0,10.0,10.0,10.0,10.0
0.778,5.0259,5.1527,4.659,2.9863,3.3911,3.4527,4.3761,4.0662,3.9388,10.0,10.0,10.0,10.0,0.5339,0.7555,0.9827,1.2752,1.6842,2.3234,2.8177,0.8926,1.3852,1.9845,2.1205,3.6301,3.6595,3.5325
7.3265,7.8445,1.2087,1.5949,1.9828,2.5448,2.9407,3.3375,3.7343,4.1264,4.5169,4.5811,4.8661,4.9116,0.4418,2.4204,2.2426,2.0138,1.7221,1.4198,0.9014,1.7589,1.9796,1.7117,1.6053,1.5341,1.6335,1.7328
6.8788,6.357,5.7058,5.148,4.6745,4.1325,3.5607,3.0255,2.6005,2.1673,1.7312,1.1551,0.7799,0.7142,0.7198,1.5381,1.1104,1.3913,0.8269,0.2742,2.9273,3.2483,3.5529,2.2424,2.2961,1.9795,1.6892,10.0
6.762,0.8347,1.1731,7.7691,8.5042,10.0,10.0,9.4287,9.736,9.8396,9.9479,4.089,4.5761,5.0717,5.573,6.0578,6.5266,1.0752,1.4833,1.883,2.2576,2.6399,0.8662,1.2903,1.7751,2.27,2.7614,3.2528
0.767,1.5196,2.0796,2.5426,2.9993,3.8494,4.219,4.6457,3.5924,3.1991,2.7795,2.2252,1.5771,0.6741,3.1951,2.6531,5.6386,5.2924,4.8512,4.394,3.889,3.3995,2.9943,2.5891,2.2174,1.7573,1.6889,10.0
4.4866,4.6558,5.5628,5.4629,5.0734,4.6759,4.4106,10.0,10.0,10.0,10.0,10.0,10.0,0.4965,0.5003,0.5934,1.1521,10.0,1.7703,1.598,0.552,1.0209,2.527,2.7959,10.0,10.0,2.8745,1.5375
9.264,9.7114,10.0,10.0,10.0,10.0,10.0,10.0,10.0,10.0,10.0,10.0,5.8184,5.8747,0.4519,0.4322,1.071,1.8176,2.1319,1.7577,1.3444,0.7474,1.4642,1.3338,1.9873,1.8991,2.0222,2.1452
5.3784,5.0233,4.6783,4.3515,4.0269,3.7123,3.3977,3.0843,2.771,1.8714,4.3864,3.3739,2.7959,2.5324,2.4485,1.9542,1.4762,1.0259,0.6097,0.2096,3.4419,3.3656,10.0,10.0,10.0,10.0,10.0,10.0
0.5692,7.7827,7.757,6.549,6.2674,4.9475,2.9721,3.2013,3.5608,3.5293,4.2963,4.1723,4.4818,4.4077,4.4151,0.9821,1.4284,1.9197,2.4226,2.9075,3.705,7.7838,8.2993,8.8147,5.4082,2.7165,3.138,3.02
3.1851,0.872,1.2569,1.8314,2.2348,2.6465,3.0581,3.298,3.7107,4.2912,4.6972,4.7793,3.6467,0.4313,0.4594,2.517,2.3322,2.0942,1.7908,0.7835,2.6737,2.3372,2.0586,1.78,1.6694,1.5953,1.6987,1.3702
7.3008,6.8986,6.4865,6.0566,5.6248,5.1841,4.7435,4.1313,3.541,3.1046,2.67,2.4136,0.788,0.4607,0.5547,10.0,1.39,1.1105,1.3531,0.4487,0.7716,10.0,2.9654,3.0998,3.2183,1.9259,1.5797,1.2645
7.259,7.6533,1.2593,1.6034,2.1732,9.4604,9.7916,10.0,10.0,10.0,10.0,10.0,10.0,10.0,10.0,0.8074,0.6801,1.1542,1.5924,2.0214,2.4235,0.4746,0.9298,1.3851,1.9055,2.4368,2.9644,3.4919
1.3164,2.758,3.7928,3.9696,4.7393,3.2968,3.5763,3.2464,2.9166,2.5804,2.2419,1.7948,1.1039,10.0,2.5772,2.0569,1.5537,1.0798,0.6418,10.0,10.0,10.0,10.0,10.0,10.0,10.0,10.0,10.0
5.305,4.9025,3.4646,3.3743,3.8906,4.7906,4.4274,4.3047,3.9776,10.0,10.0,10.0,10.0,10.0,0.5551,0.6583,0.8564,1.422,1.9788,10.0,10.0,0.9988,1.431,1.7294,3.2204,3.2997,3.4705,10.0
2.9628,3.3386,4.2059,8.3461,2.0623,2.474,2.8857,3.4146,3.8839,4.2918,4.6978,4.9374,5.061,4.9355,0.4595,0.5905,2.2716,2.0944,1.7911,1.4767,0.4364,1.5851,1.3992,1.7802,1.6696,1.5955,1.6989,1.8023
6.1777,5.7698,5.3736,4.9701,4.2244,3.5976,5.634,3.9767,3.2138,2.46,1.7095,1.2666,1.0382,0.9507,1.8691,1.4762,1.478,1.1783,0.7003,0.2322,3.7016,3.5057,2.4698,2.5779,2.3852,10.0,10.0,10.0
7.3233,0.8516,8.0237,8.3507,8.6755,8.5652,8.8799,8.7265,7.2921,3.4246,3.7464,4.1714,4.3212,4.8267,5.3382,5.8327,6.311,6.7615,1.5132,1.921,2.3031,2.693,0.8836,1.3163,1.8108,2.3157,5.0591,5.5604
2.5851,1.0396,1.7045,2.1834,2.6643,2.9492,3.646,4.1379,4.4421,3.4307,3.53,2.8261,2.003,0.5525,3.1158,3.0009,2.4465,1.7002,3.9763,3.6015,3.1876,2.7864,2.4543,2.1222,1.9903,1.902,1.5103,10.0
6.591,6.2279,5.8559,5.4678,5.078,4.6801,4.2823,3.8836,10.0,10.0,10.0,10.0,2.0595,0.4969,0.5008,0.5939,10.0,1.6067,1.2957,1.5994,0.6966,1.0218,2.5293,10.0,3.1593,2.977,1.6388,1.5389
9.0145,9.5142,10.0,10.0,10.0,10.0,10.0,3.648,4.0576,4.4753,4.8957,5.4511,10.0,10.0,10.0,0.5282,0.8446,1.4334,1.9775,2.1479,1.6429,0.5894,1.1547,1.7201,1.5728,2.2326,2.4712,2.6215
5.7489,5.4002,4.0245,4.2733,3.9545,3.6456,3.3366,3.0289,2.7212,2.4075,1.522,3.8904,3.4027,2.9064,2.4045,1.9191,1.4496,1.0074,0.5988,4.1317,10.0,10.0,10.0,10.0,10.0,10.0,10.0,10.0
0.6732,6.3721,5.1566,4.9841,4.7154,2.9341,3.361,3.3362,4.2116,4.0379,3.8877,3.6221,3.6221,10.0,0.7215,0.8557,1.1131,1.4444,1.8666,2.3043,2.7876,3.2561,3.6443,1.7867,2.4018,2.5049,3.8209,4.0011
7.4957,3.4299,1.2107,1.5976,2.1526,2.5491,2.9456,3.3431,3.7406,3.9669,4.358,4.7552,4.8742,3.5581,0.4425,2.4244,2.2464,2.0171,1.725,1.4222,2.5753,1.6159,1.9829,1.7145,1.608,1.5366,1.6362,1.7357
7.7289,7.1704,6.6278,6.1137,5.6031,5.1083,4.6134,4.1205,3.6276,3.1252,2.6194,1.3397,0.691,0.6327,0.6377,10.0,1.2695,1.2766,0.959,0.318,0.887,2.8778,3.2206,3.4405,2.1228,1.9431,1.6266,10.0
7.2761,0.8461,1.189,7.8744,8.1971,8.5099,8.8226,9.344,9.868,10.0,10.0,10.0,10.0,10.0,10.0,10.0,1.1104,1.0898,1.5035,1.9086,2.2882,2.6757,0.8779,1.3078,1.7991,2.3008,2.7989,3.2969
0.8615,1.8138,2.4822,2.8796,3.88,4.3212,4.569,3.5715,3.2685,2.8917,2.5124,2.0114,0.7412,0.8046,7.1674,6.5844,6.1998,5.6686,5.1778,4.6971,4.1593,3.6075,3.0975,2.6078,2.1837,1.8542,10.0,10.0
4.4216,3.5846,4.3946,5.3085,4.909,4.7965,4.3888,3.9801,3.5714,10.0,10.0,10.0,10.0,0.5093,0.5132,0.6087,0.8488,10.0,10.0,1.6392,0.3859,1.0472,1.3231,2.868,2.9776,3.5229,3.4305,1.5772
8.5223,8.9338,9.3554,9.7952,10.0,10.0,5.8606,6.3125,4.0637,4.5102,4.9548,5.2172,5.5417,5.5935,0.5032,0.3976,1.3256,2.2497,1.9612,1.6169,1.2368,0.925,1.8123,1.4541,1.8282,1.7471,1.8603,1.9735
5.5856,5.2169,4.8586,4.5192,4.1821,3.8553,3.5286,3.1138,2.2752,4.1945,2.7446,2.0335,1.6668,2.3789,1.848,1.8243,1.533,1.0654,0.6332,0.21,3.5745,3.1384,2.885,10.0,10.0,10.0,10.0,10.0
0.572,7.7732,8.1431,7.9931,6.9665,6.8053,4.9879,2.9916,3.3275,3.67,3.6429,4.4702,5.0028,5.008,5.278,5.8079,6.3205,6.8034,7.2496,7.7498,8.5841,2.886,3.3496,3.8132,4.3432,4.8843,10.0,3.5561
3.351,0.9174,1.3224,1.9267,2.3512,2.7843,3.0356,3.4698,4.0857,4.5147,4.7761,3.7066,2.9293,0.3993,0.4834,2.6481,2.4536,2.2032,1.4778,3.1782,2.8129,2.4589,2.1658,1.8727,1.7563,1.6784,1.681,1.3811
6.9209,6.5396,6.149,5.7414,5.3321,4.9144,4.4967,4.078,3.6592,3.2581,2.7995,2.288,1.0956,0.4367,0.5259,0.6237,10.0,1.1009,1.3605,0.6239,0.7315,10.0,3.2581,2.9385,3.0508,1.8257,1.7208,1.2365
7.7433,8.1421,8.5295,1.7103,2.0749,2.4511,3.2696,10.0,10.0,10.0,10.0,10.0,10.0,10.0,10.0,0.7218,0.7255,1.2312,1.6986,2.1563,2.2453,0.5063,0.9919,1.4775,2.0327,1.9178,2.4805,3.0432
2.7452,4.2873,5.2116,4.8812,3.4852,3.7538,3.4356,3.1187,2.8019,2.4789,2.1537,1.1376,3.5037,2.9927,2.4758,1.9761,1.4926,1.0373,0.6165,10.0,10.0,10.0,10.0,10.0,10.0,10.0,10.0,10.0
5.1784,5.2826,4.8622,3.2858,3.2522,3.7355,4.3598,4.3156,4.1256,3.7098,3.2389,3.1627,10.0,10.0,0.5038,0.7129,0.9273,1.2033,1.8903,2.4668,2.9618,0.8423,1.5495,1.8726,2.001,3.5731,3.4532,3.6381
3.2835,6.8968,7.9171,1.6138,2.0063,2.4069,2.9755,3.377,3.7786,4.1753,4.5703,4.8035,4.7556,4.9697,0.447,1.1115,2.2692,2.0376,1.7425,1.4366,0.4245,2.274,1.8284,1.7319,1.6243,1.5522,1.6528,1.7534
6.068,5.619,6.4151,5.8005,5.1832,4.5532,3.9232,3.1668,2.6603,2.0363,1.6143,1.0771,0.7947,0.7869,0.7931,1.5241,1.2235,1.2973,0.7711,0.2557,3.0641,3.5791,3.313,2.4707,2.3032,2.0193,10.0,10.0
6.793,0.8386,7.6907,8.2233,8.5431,8.8531,9.163,9.2612,9.3619,9.6766,3.6892,4.1077,4.597,5.0949,5.5985,6.0855,6.5565,1.6702,1.4901,1.8916,2.2679,2.6519,0.8702,1.2962,1.7832,2.2804,2.774,3.2677
0.8324,1.1663,1.9124,2.4496,2.7581,3.5399,3.9904,4.4317,3.3036,3.472,3.0166,2.415,1.7116,0.6199,3.4677,2.7677,2.1925,4.8669,4.4612,4.0407,3.5763,3.1262,2.7536,2.3809,2.2329,1.762,1.5531,10.0
6.2808,5.919,5.8353,5.4486,5.0601,4.6637,4.2673,3.87,3.4726,3.0799,10.0,10.0,2.3393,0.4952,0.499,0.5919,1.2444,10.0,1.2911,1.5938,0.6942,1.0182,2.5204,3.0417,3.3541,2.9665,2.867,1.5335
9.6374,9.7888,9.7888,9.7888,9.7888,9.7888,9.7888,9.7888,9.7888,9.7888,9.7888,9.7888,9.7888,9.7888,0.4791,0.4631,0.9685,1.6437,2.2676,1.8835,1.4406,0.6759,1.3241,2.2707,1.8036,2.035,2.1669,2.2988
4.9215,4.9739,4.6323,4.3087,3.9873,3.6758,3.3643,3.054,2.7437,1.9437,4.3432,3.9227,3.4309,2.9305,2.4244,1.935,1.4616,1.0158,0.6037,3.1767,3.5647,10.0,10.0,10.0,10.0,10.0,10.0,10.0
0.6032,6.7005,6.5431,6.2114,4.8607,4.8758,3.0116,3.3927,3.3519,4.1621,4.0876,4.1458,3.981,3.9034,3.91,0.9325,1.3101,1.7001,2.1972,2.7123,3.2812,3.8326,4.2891,4.7456,2.2843,2.8144,2.779,4.033
3.1303,1.1465,1.2353,1.7998,2.1963,2.6009,3.0055,3.3567,3.6468,4.0476,4.6164,4.8518,3.584,3.465,0.4515,2.4737,2.292,2.0581,1.76,0.9962,1.9795,2.297,2.0232,1.7494,1.6406,1.5679,1.6694,1.4978
7.6615,7.2394,6.6082,6.0211,5.5679,5.1055,4.6431,4.1796,3.716,3.258,2.802,2.3723,0.679,0.5776,0.5821,10.0,1.3904,1.1654,1.1659,0.3866,0.8098,3.1625,2.9401,3.253,2.0016,2.0211,1.617,1.2501
7.5148,7.8793,1.228,1.5635,8.9023,9.2253,9.3576,9.3576,9.3576,9.3576,9.3576,9.3576,9.3576,9.3576,9.3576,9.3576,0.6632,1.1255,1.5528,1.9712,2.3633,0.4628,0.9067,1.3507,1.8582,2.3763,2.8907,3.4051
1.0921,2.2993,2.7664,4.0306,4.5717,4.5849,3.6193,3.3766,3.0335,2.6838,2.3318,1.8668,0.7312,7.6248,7.0652,2.1394,1.616,1.1231,10.0,10.0,10.0,3.9607,3.3475,2.8145,2.4909,10.0,10.0,10.0
5.1304,4.2355,3.3506,4.0813,4.0216,4.7081,4.5904,4.163,3.7355,3.3132,2.8926,2.8067,10.0,10.0,0.5368,0.6367,0.8282,1.5482,10.0,10.0,0.4037,1.0953,1.3839,1.6911,3.1144,3.1911,3.5777,3.4706
8.0285,3.4439,3.841,4.2554,5.0893,2.552,2.9767,3.4024,3.8282,4.4179,4.846,5.0931,5.2206,5.2694,0.474,0.4626,1.7795,2.1605,1.8476,1.5232,0.4501,1.2418,1.5996,1.8364,1.7222,1.6458,1.7525,1.8591
5.921,5.5301,5.1503,4.7905,4.4332,4.0366,3.1496,5.143,4.71,2.8673,1.8117,1.2955,1.21,1.108,1.8709,1.4148,1.6251,1.1294,0.6712,0.2226,3.7891,3.3601,2.8786,2.6731,10.0,10.0,10.0,10.0
0.8361,0.8716,8.2126,8.3031,8.4446,8.7362,7.2903,7.1429,3.1782,3.5053,3.8346,3.9143,4.7782,5.2957,5.8191,6.3253,6.8149,7.276,7.7022,1.9662,2.3573,2.7564,3.1992,1.3472,1.8535,4.665,5.1782,5.6913
2.9906,0.9866,1.6176,2.072,2.5285,2.7988,3.2646,3.9269,4.1199,4.677,3.7151,3.2067,2.2728,0.4295,0.5198,2.8478,2.6387,1.9292,1.2421,3.4179,3.0251,2.6443,2.3292,2.014,1.8888,1.805,1.5902,1.4306
6.6961,6.3272,5.9492,5.5549,5.1589,4.7548,4.3506,3.9455,3.5404,3.1401,2.7415,2.5063,2.0924,0.5049,0.5088,0.6034,10.0,1.4405,1.3163,1.0522,0.7077,1.0381,3.0374,3.3109,2.9517,3.0244,1.6649,1.3474
8.7414,8.7414,8.7414,8.7414,8.7414,2.653,3.039,3.4235,3.9938,4.6532,8.7414,8.7414,5.897,6.3452,8.7414,0.5871,0.7927,1.3452,1.8558,2.3558,1.8262,0.5531,1.0837,1.6142,1.6329,2.0952,2.71,2.914
4.7524,5.4466,5.1049,3.9215,3.9885,3.6769,3.3653,3.0549,2.7445,2.4282,1.535,3.9238,3.4319,2.9314,2.4251,1.9356,1.4621,1.0161,0.6039,10.0,10.0,10.0,10.0,10.0,10.0,10.0,10.0,10.0
0.736,5.9036,4.9645,4.8891,3.1337,3.208,3.6232,4.1398,4.2669,3.9513,3.6018,3.2928,3.1334,3.0724,0.5603,0.7928,1.0312,1.3382,1.7294,2.1979,2.7646,3.3429,1.3104,1.952,2.2252,2.4184,3.8402,3.7069
7.506,7.8685,1.2124,1.5998,1.9889,2.5526,2.9497,3.3477,3.7457,4.139,4.364,4.5951,4.8809,4.9266,0.4432,2.4278,2.2495,2.0199,1.7273,1.4241,2.5789,1.7642,1.9856,1.7169,1.6102,1.5387,1.6384,1.7381
6.5721,6.0735,5.5626,5.0297,4.5544,4.1029,3.6514,3.2016,2.7519,2.2935,1.832,1.2224,0.7452,0.6824,0.6877,1.585,1.1583,1.3767,0.8751,0.2902,3.0056,3.1035,3.4731,2.2116,2.2892,1.9327,1.6138,10.0
7.2337,0.8411,1.1821,7.8286,8.1494,8.3959,8.3959,8.3959,8.3959,8.3959,8.3959,8.3959,4.6112,5.1105,5.6157,8.3959,1.2612,1.0835,1.4947,1.8975,2.2749,2.6601,0.8728,1.3002,1.7887,2.2874,2.7826,3.2778
0.7715,1.6243,2.2228,2.5786,3.4745,3.9376,4.5096,3.1983,3.4835,3.082,2.6777,2.1437,0.79,0.7205,3.0781,6.3144,6.0269,5.6569,5.1853,4.6966,4.1569,3.6337,3.2006,2.7576,2.1632,1.8088,10.0,10.0
3.9049,4.7132,5.6314,5.2389,5.1359,4.7336,4.3312,3.9279,3.5246,3.1261,2.7293,2.5228,2.5228,0.5026,0.5065,0.6007,1.065,10.0,10.0,1.6177,0.3809,1.0335,1.3057,2.8304,3.2761,3.4767,2.9099,1.5565
8.2014,8.2014,8.2014,8.2014,8.2014,8.2014,8.2014,8.2014,8.2014,8.2014,8.2014,5.5031,5.6458,5.9,0.4891,0.4194,1.159,1.9669,2.0687,1.7055,1.3045,0.8088,1.5845,1.2942,1.9283,1.8428,1.9622,2.0816
5.4705,5.1093,4.7584,4.4261,4.0959,3.7759,3.4559,3.1371,2.5097,4.7886,3.781,3.349,2.8438,2.3298,2.0437,1.9877,1.5014,1.0434,0.6202,0.2057,2.8434,3.2654,10.0,10.0,10.0,10.0,10.0,10.0
0.5558,8.0767,7.9867,6.7184,6.7591,5.0602,3.2678,3.1262,3.4773,3.4465,4.1955,4.5874,4.3766,4.8461,4.8543,1.2505,1.4559,1.9401,2.7278,7.1673,7.8735,8.0767,8.0767,8.0767,8.0767,8.0767,3.1548,3.2399
3.2557,0.8913,1.2848,1.8719,2.2843,2.705,2.986,3.371,3.9694,4.3862,4.6527,3.6011,3.6282,0.388,0.4696,2.5728,2.3838,2.1405,1.8304,0.8008,2.7329,2.3889,2.1042,1.8194,1.7063,1.6306,1.7363,1.4005
7.1708,6.7758,6.371,5.9488,5.5247,5.0919,4.6591,4.2253,3.7914,3.0639,2.6225,2.3706,0.8853,0.4525,0.5449,0.6462,10.0,1.0908,1.4097,0.5041,0.7579,2.9599,3.1167,3.0447,3.161,1.8916,1.7137,1.2811
7.4583,7.8424,7.8965,1.6474,1.9986,7.8965,7.8965,7.8965,7.8965,7.8965,7.8965,7.8965,7.8965,7.8965,7.8965,0.8295,0.6988,1.1859,1.6361,2.0769,2.4901,0.4876,0.9554,1.4231,1.9578,2.5037,2.4479,2.9312
2.0583,2.7234,4.2595,5.0173,4.6799,3.793,3.5314,3.2057,2.88,2.548,2.2138,1.1693,1.2803,3.0761,2.5449,2.0312,1.5343,1.0662,0.6337,10.0,10.0,10.0,10.0,10.0,10.0,10.0,10.0,10.0
5.3504,5.0654,4.0991,3.1352,3.736,3.6706,4.5744,4.1178,3.991,3.5397,3.0904,2.8253,2.6885,2.6362,0.5512,0.6802,0.8848,1.33,2.0097,2.3771,2.7613,0.9116,1.4785,1.7868,3.3274,3.4093,3.2949,3.7079
2.9403,3.6578,7.7242,1.6462,2.0466,2.4553,2.8639,3.4449,3.8545,4.2593,4.6622,4.9,4.8512,4.8982,0.456,0.7217,2.3148,2.0786,1.7775,1.4655,0.4331,2.3198,1.3886,1.7668,1.6569,1.5834,1.686,1.7886
6.422,5.9688,5.3076,4.6178,4.1156,5.1106,4.4035,3.6948,2.986,2.2345,1.5883,1.1768,0.8205,0.8833,0.8901,1.5346,1.3732,1.2249,0.728,0.2414,3.4392,3.6444,2.3563,2.6118,2.3209,10.0,10.0,10.0
6.8789,0.8492,7.6135,7.6135,7.6135,7.6135,7.6135,7.6135,7.6135,3.415,3.7359,4.1597,4.6552,5.1069,5.3232,5.8163,6.6394,7.0887,1.509,1.9156,2.2966,2.6855,0.8812,1.3126,1.8057,2.3092,2.8091,5.5448
0.9174,1.0881,1.7841,2.2853,2.5731,3.0868,3.8161,3.9088,4.6494,3.5908,3.3247,2.6617,1.8864,0.5783,3.2612,3.0504,2.3041,1.7485,4.1619,3.7696,3.3364,2.9165,2.5689,2.2212,2.0831,1.8647,1.5808,10.0
6.6032,6.2394,5.8667,5.4779,5.0874,4.6888,4.2903,3.8908,3.4913,3.0965,2.7035,2.4715,2.0633,0.4979,0.5017,0.595,10.0,10.0,1.2981,1.6024,0.6979,1.0237,2.534,3.265,3.3721,2.9825,1.6418,1.5418
7.4532,7.4532,7.4532,7.4532,7.4532,7.4532,7.4532,7.4532,7.4532,7.4532,5.1644,7.4532,7.4532,7.4532,0.5202,0.5029,0.891,1.512,2.086,2.045,1.5642,0.6217,1.2181,1.8145,1.6591,2.2096,2.3528,2.496
5.786,5.4351,4.6239,4.3009,3.9801,3.6691,3.3582,3.0484,2.7387,2.423,4.3354,3.9156,3.4247,2.9252,2.42,1.9315,1.459,1.0139,0.6026,3.9357,10.0,10.0,10.0,10.0,10.0,10.0,10.0,10.0
0.6467,6.5655,6.2133,4.8945,5.0201,2.9908,3.2289,3.5518,4.046,4.2988,3.8912,3.7838,3.6007,3.5305,0.7681,0.911,1.185,1.5377,1.9873,2.4532,2.9677,3.4665,3.8793,4.2922,2.3596,2.6667,3.6707,4.2596
4.9168,3.468,1.2241,1.6153,2.1764,2.5774,2.9783,3.3802,3.6138,4.0109,4.4064,4.8079,4.9283,3.5976,0.4475,2.4513,2.2713,2.0395,1.7441,1.4379,2.1091,2.2762,2.0049,1.7336,1.6258,1.5537,1.6543,1.6103
7.2497,7.2497,6.8634,6.385,5.9045,5.4141,4.9237,4.4322,3.9053,3.3644,2.8198,1.4422,0.6689,0.6126,0.6173,10.0,1.298,1.2358,1.0324,0.3424,0.8587,2.9949,3.1178,3.4497,2.055,2.0123,1.5747,1.3256
7.2006,7.2006,1.2078,1.976,7.2006,7.2006,7.2006,7.2006,7.2006,7.2006,7.2006,7.2006,7.2006,7.2006,7.2006,7.2006,0.8429,1.107,1.5273,1.9388,2.3244,0.4721,0.8918,1.3285,1.8276,2.3372,2.8432,3.3491
0.9405,1.9802,2.6158,3.1437,3.9625,4.7176,3.2392,3.5459,3.1856,2.8184,2.4487,1.9604,0.7224,0.8784,7.1521,6.8512,6.3016,5.7839,5.3055,4.837,4.2492,3.6908,3.1937,2.6966,2.3456,2.0048,10.0,10.0
4.5133,3.659,4.0882,4.0797,5.0107,4.7931,4.4798,4.0626,3.6455,3.2333,2.8229,2.5807,2.4558,2.408,0.5239,0.6213,0.8082,1.6301,10.0,2.1713,0.3939,1.0689,1.3505,2.9275,3.0393,3.5312,3.4914,2.9052
7.057,7.057,7.057,4.4293,4.8625,5.3045,3.0984,3.5415,3.9846,4.4225,4.8584,5.3012,5.4339,5.4847,0.4934,0.3899,1.4743,2.2488,1.923,1.5855,1.2127,1.0288,2.2106,1.6172,1.7926,1.7131,1.8241,1.9351
5.7303,5.352,4.9845,4.6363,4.2904,3.9552,3.62,2.7308,4.6435,4.219,2.407,1.7834,1.4618,1.3386,1.8959,1.5999,1.5728,1.093,0.6496,0.2154,3.6671,2.7524,2.9046,2.9541,10.0,10.0,10.0,10.0
0.6531,0.8998,6.9645,6.9645,6.9645,6.8241,6.9645,3.2748,3.2809,3.6186,3.5918,4.4076,4.9327,5.4669,5.7286,5.9931,6.5003,6.9645,6.9645,6.9645,2.4335,2.8456,3.3027,3.7598,4.2824,4.8159,5.3456,3.5063
3.1904,0.9462,1.364,1.9873,2.4251,2.8682,3.1311,3.7664,4.2142,4.2565,3.5632,3.7357,2.6476,0.4119,0.4986,2.7314,2.5308,2.2474,1.3357,3.2781,2.9014,2.5362,2.2339,1.9316,1.8115,1.7312,1.5417,1.3721
6.8591,6.4813,6.0941,5.6902,5.2845,4.8705,4.4565,4.0416,3.6266,3.2165,2.8083,2.2676,2.1433,0.4516,0.5212,0.6181,10.0,1.309,1.3484,0.7418,0.725,2.352,3.1114,3.1766,3.0236,3.0981,1.7055,1.264
6.8301,6.8301,6.8301,6.8301,2.1527,2.5193,3.0172,3.7743,6.8301,6.8301,6.8301,6.8301,6.8301,6.8301,6.7702,0.6661,0.7527,1.2774,1.7623,2.2371,2.072,0.5253,1.0291,1.5329,2.1089,1.9896,2.5735,3.1573
2.9963,4.4745,5.1905,4.8614,4.0553,3.7385,3.4217,3.1061,2.7905,2.4689,2.145,1.133,3.4894,2.9806,2.4658,1.968,1.4866,1.0331,0.614,4.2371,4.0663,10.0,10.0,10.0,10.0,10.0,10.0,10.0
0.8183,4.9523,5.0772,3.9996,3.0477,3.5667,3.5133,4.5065,4.0067,3.8738,3.3821,3.0919,2.9423,2.885,0.5261,0.7444,0.9683,1.2565,1.7714,2.356,2.9417,0.8795,1.4569,1.9554,2.0895,3.7311,3.6059,3.4996
6.5354,6.7008,6.7008,1.6148,2.0076,2.5766,2.9775,3.3792,3.781,4.178,4.5733,4.6383,4.7586,4.9729,0.4473,1.6991,2.2706,2.0389,1.7436,1.4375,0.6176,2.2755,2.0043,1.7331,1.6253,1.5532,1.6539,1.7545
6.6588,6.643,6.0843,5.5014,4.9159,4.1967,3.7209,3.122,2.5507,2.1258,1.698,1.133,0.815,0.7463,0.7522,1.6032,1.1604,1.3646,0.8111,0.269,2.9061,3.3945,3.4849,2.3433,2.2521,2.0686,10.0,10.0
6.6173,0.843,6.6173,6.6173,6.6173,6.6173,6.6173,6.6173,6.6173,6.6173,3.7087,4.1294,4.6213,5.1218,5.628,6.1176,6.5911,1.0858,1.498,1.9016,2.2799,2.6659,0.8747,1.303,1.7926,2.2924,2.7887,3.285
0.7972,1.2373,2.0287,2.5986,2.9259,3.7552,3.8218,4.7014,3.5046,3.3254,2.8891,2.313,1.6393,0.6576,3.3212,2.6508,5.5007,5.163,4.7326,4.2865,3.7939,3.3164,2.9211,2.5258,2.3049,1.8266,1.6476,10.0
5.055,5.9776,5.6142,5.5025,5.1102,4.7099,4.3095,3.9083,3.5069,3.1104,2.7156,2.4826,2.3625,0.5001,0.504,0.5977,1.2567,10.0,1.586,1.6096,0.701,1.0283,2.5453,2.8162,3.3873,3.4593,2.8953,1.5487
6.4959,6.4959,6.4959,6.4959,6.4959,6.4959,6.4959,6.4959,6.4959,6.4959,6.4959,6.4959,6.4959,6.0791,0.4627,0.4472,1.0379,1.7614,2.2061,1.8188,1.3912,0.7243,1.419,1.5669,1.9327,1.9652,2.0925,2.2199
5.4031,5.0464,4.6998,4.3715,4.0454,3.7294,3.4133,3.0985,2.7837,1.88,4.4066,3.9799,3.3238,2.9733,2.4598,1.9632,1.483,1.0306,0.6125,0.2519,3.4577,3.4515,10.0,10.0,10.0,10.0,10.0,10.0
0.5867,6.4174,6.4174,6.4174,5.1548,5.0996,2.9291,3.2998,3.5274,4.0481,4.4284,4.0322,4.3198,4.2357,4.2428,0.9438,1.4217,1.8448,2.3842,2.9432,3.4307,4.0097,4.505,5.0004,5.3463,2.7373,3.0156,3.9225
3.1911,0.9246,1.2593,1.8348,2.2389,2.6514,3.0638,3.3041,3.7176,4.2992,4.7059,4.5765,3.6535,0.4891,0.4603,2.5217,2.3365,2.0981,1.7942,0.8034,2.0179,2.3415,2.0624,1.7833,1.6725,1.5983,1.7018,1.3727
6.3408,6.3408,6.3408,6.2211,5.7776,5.2502,4.5867,4.0909,3.6372,3.1889,2.7425,2.4791,0.7488,0.4732,0.5698,10.0,1.4208,1.1407,1.2858,0.4264,0.7926,3.0954,2.8777,3.184,3.3057,1.9782,1.6226,1.2236
6.3032,6.3032,1.258,1.6017,2.3917,6.3032,6.3032,6.3032,6.3032,6.3032,6.3032,6.3032,6.3032,6.3032,6.3032,0.8132,0.6794,1.1531,1.5907,2.0194,2.4211,0.4741,0.9289,1.3837,1.9036,2.4343,2.9613,3.4883
1.2312,2.5922,3.1187,4.0645,4.8526,3.3756,3.6618,3.324,2.9863,2.6421,2.2955,1.8378,1.0325,6.266,2.6388,2.1061,1.5909,1.1056,0.6571,4.5344,4.1228,3.7544,10.0,10.0,10.0,10.0,10.0,10.0
5.2833,4.8825,3.4504,3.646,3.8747,4.8484,4.4093,4.2871,3.8469,3.4119,2.9788,2.7233,2.5915,2.541,0.5528,0.6557,0.8529,1.4162,1.9559,2.2913,0.4157,1.0792,1.4251,1.7223,3.2072,3.2862,3.6731,3.574
3.0247,3.4084,3.8374,6.1929,2.1054,2.5257,2.9461,3.3674,3.9651,4.3815,4.796,5.0406,5.1668,5.0387,0.4691,0.5387,2.0725,2.1382,1.8285,1.5075,0.4455,1.4462,1.5831,1.8175,1.7045,1.6289,1.7344,1.8399
6.1317,5.7269,5.3336,4.961,4.5076,3.6955,3.2122,5.2154,3.4293,2.625,1.7669,1.2827,1.1078,1.0144,1.9375,1.4652,1.5771,1.1695,0.6951,0.2305,3.924,3.4796,2.6354,2.6741,2.457,10.0,10.0,10.0
6.1215,0.8669,6.1215,6.1215,6.1215,6.1215,6.1215,6.1215,3.3723,3.4865,3.8141,4.0179,4.3993,4.914,5.788,6.1215,6.1215,6.1215,1.5406,1.9557,2.3447,2.7417,3.1822,1.3401,1.8436,2.3576,5.1505,5.6609
2.7864,1.028,1.6855,2.159,2.6346,2.9163,3.6053,4.0918,4.3926,3.3924,3.7321,2.9878,2.1176,0.5464,0.5417,2.9674,2.5865,1.7975,3.932,3.5614,3.1521,2.7554,2.4269,2.0985,1.9681,1.8808,1.4935,10.0
6.0517,6.0517,5.9459,5.5518,5.156,4.7521,4.3481,3.9433,3.5384,3.1383,2.7399,2.5049,2.0912,0.5046,0.5085,0.6031,10.0,1.5015,1.3156,1.4454,0.7073,1.0375,2.826,3.309,2.95,3.0227,1.664,1.3466
6.0175,6.0175,6.0175,6.0175,6.0175,6.0175,3.1884,3.5919,3.9953,4.4065,5.0141,5.3799,6.0067,6.0175,6.0175,0.5544,0.8316,1.4113,1.9471,2.2546,1.7245,0.5803,1.137,1.6936,1.5486,2.1983,2.5939,2.7518
5.822,5.4689,5.1258,4.3277,4.0048,3.6919,3.3791,3.0674,2.7558,2.4381,1.5413,3.9399,3.446,2.9434,2.4351,1.9435,1.4681,1.0202,0.6064,4.1843,3.8045,3.5852,10.0,10.0,10.0,10.0,10.0,10.0
0.7025,5.95,5.0521,5.1701,3.954,3.0621,3.5076,3.4601,4.3952,3.9561,3.8089,3.4821,3.3136,3.249,0.7069,0.8383,1.0905,1.4151,1.8288,2.2576,2.7311,3.1908,1.3705,1.8632,2.3531,2.4541,3.9875,3.92
5.9169,3.4384,1.2229,1.6137,2.1743,2.5749,2.9754,3.3769,3.7784,4.007,4.402,4.8032,4.9235,3.5941,0.447,2.4489,2.2691,2.0375,1.7424,1.4365,2.6014,1.6322,2.0029,1.7319,1.6242,1.5522,1.6527,1.7533
5.8841,5.8841,5.859,5.3584,4.8611,4.3792,3.8973,3.4172,2.9372,2.448,1.9553,1.3047,0.7176,0.6571,0.6623,10.0,1.2363,1.3258,0.934,0.3097,0.9212,2.9888,3.3448,3.3506,2.2046,2.018,1.6404,10.0
5.8517,0.8524,1.1979,5.8517,5.8517,5.8517,5.8517,5.8517,5.8517,5.8517,5.8517,5.8517,5.8517,5.8517,5.8517,5.8517,1.2468,1.0979,1.5147,1.9228,2.3053,2.6956,0.8845,1.3175,1.8126,2.318,2.8198,3.3216
0.8327,1.7533,2.3994,2.7834,3.7504,3.8224,4.7255,3.4523,3.3805,2.9908,2.5985,2.0803,0.7666,0.7778,5.8196,5.8196,5.8196,5.6773,5.1696,4.6725,4.2065,3.731,3.2035,2.676,2.2585,1.9177,10.0,10.0
3.9756,4.0439,4.4156,5.3338,5.1681,4.8194,4.4097,3.9991,3.5885,3.1827,2.7787,2.5403,2.4174,0.5117,0.5157,0.6116,0.9854,10.0,1.8246,1.647,0.3878,1.0522,1.3294,2.8817,2.9918,3.5397,3.2241,1.5847
5.7565,5.7565,5.7565,5.7565,5.7565,5.7565,5.7565,5.7565,5.7565,5.7565,5.1057,5.3761,5.5921,5.7565,0.5185,0.4097,1.269,2.1535,2.0209,1.6662,1.2744,0.8855,1.7349,1.392,1.8838,1.8003,1.9169,2.0336
5.5966,5.2271,4.8681,4.5281,4.1903,3.8629,3.5356,3.2095,2.2797,4.4066,3.8682,2.2688,2.8261,2.3835,1.8516,2.0335,1.5361,1.0675,0.6345,0.2104,3.5815,3.176,3.1251,10.0,10.0,10.0,10.0,10.0
0.5463,5.6948,5.6948,5.6948,5.6948,5.6948,5.0948,3.0725,3.4176,3.5774,4.1235,4.5912,4.8379,4.8579,5.4162,5.635,5.6948,5.6948,5.6948,5.6948,5.6948,2.9641,3.4403,3.9164,4.4608,5.6948,3.1006,3.6149
3.0701,0.9165,1.3211,1.9248,2.3488,2.7815,3.0326,3.4663,4.0816,4.5101,4.7713,3.7029,3.1948,0.3989,0.4829,2.6455,2.4511,2.201,1.6118,0.8234,2.8101,2.4564,2.1636,1.8708,1.7545,1.6767,1.7853,1.4401
5.6344,5.6344,5.6344,5.6344,5.4598,5.032,4.6043,4.1756,3.7468,3.3232,2.5924,2.3428,1.0146,0.4472,0.5385,0.6386,10.0,1.0779,1.3931,0.5777,0.749,2.9251,3.2146,3.0089,3.1238,1.8694,1.762,1.2661
5.6047,5.6047,5.6047,1.7031,2.0662,2.6338,5.6047,5.6047,5.6047,5.6047,5.6047,5.6047,5.6047,5.6047,5.6047,0.7756,0.7225,1.2261,1.6914,2.1472,2.4127,0.5041,0.9877,1.4713,2.0241,1.9991,2.47,3.0304
2.4595,3.2058,4.2311,4.9839,3.5586,3.8327,3.5079,3.1844,2.8609,2.5311,2.1991,1.1616,3.5774,3.0557,2.5279,2.0176,1.524,1.0591,0.6295,4.3438,3.9495,3.5471,3.3405,10.0,10.0,10.0,10.0,10.0
5.1383,5.2676,4.8246,3.2604,3.4579,3.7066,4.6355,4.2822,4.1503,3.681,3.2138,2.9381,2.7959,2.7414,0.5102,0.7074,0.9201,1.231,1.877,2.472,2.8715,0.8437,1.5375,1.8581,2.1062,3.5454,3.4265,3.8092
2.935,5.5173,5.5173,1.6433,2.043,2.4509,3.0299,3.4387,3.8476,4.2516,4.6539,4.8912,4.8425,4.8894,0.4552,0.9307,2.3106,2.0748,1.7743,1.4629,0.4323,2.3156,1.5311,1.7636,1.654,1.5806,1.683,1.7854
5.4888,5.4888,5.122,5.4888,5.4668,4.8024,4.1379,3.4719,2.7381,2.1478,1.5954,1.1058,0.7854,0.83,0.8365,1.5063,1.2904,1.2821,0.762,0.2527,3.2318,3.7749,3.2742,2.6059,2.3138,2.1298,10.0,10.0
5.4606,0.8516,5.4606,5.4606,5.4606,5.4606,5.4606,5.4606,5.4606,5.4606,3.7468,4.1718,4.6688,5.1744,5.4606,5.4606,5.4606,5.4606,1.5134,1.9212,2.3033,2.6933,0.8837,1.3164,1.811,2.316,2.8173,3.3187
0.8724,1.1474,1.8813,2.4098,2.7133,3.4823,4.024,4.3597,3.2518,3.6388,3.1614,2.531,1.7938,0.6098,3.4388,2.9006,2.191,4.7877,4.3886,3.9749,3.5181,3.0753,2.7088,2.3422,2.1966,1.7731,1.5895,10.0
5.405,5.405,5.405,5.405,5.1258,4.7242,4.3227,3.9202,3.5177,3.1199,2.7239,2.4902,2.0789,0.5016,0.5055,0.5995,10.0,10.0,1.3079,1.6145,0.7032,1.0314,2.5531,3.2897,3.3976,3.005,2.9042,1.5534
5.3776,5.3776,5.3776,5.3776,5.3776,5.3776,5.3776,5.3776,5.3776,5.3776,5.3776,5.3776,5.3776,5.3776,0.4995,0.4828,0.9476,1.6081,2.2185,1.9636,1.5019,0.6612,1.2955,2.2704,1.7645,2.1216,2.2591,2.3965
5.3505,5.0254,4.6803,4.3533,4.0286,3.7139,3.3991,3.0856,2.7721,2.4526,4.3882,3.9633,3.4664,2.9609,2.4495,1.9551,1.4768,1.0263,0.61,3.8254,3.827,3.4371,3.2059,10.0,10.0,10.0,10.0,10.0
0.6261,5.3237,5.3237,5.3237,5.0449,3.2135,3.1258,3.5213,3.4789,4.3198,3.9724,4.0656,3.8688,3.7934,0.8253,0.9678,1.2732,1.6522,2.1353,2.6359,3.1887,3.7246,4.1682,4.6119,2.2842,2.8653,2.7007,4.1858
3.0432,3.2989,1.2448,1.6426,2.2132,2.6209,3.0286,3.4373,3.6749,4.0787,4.6519,4.8892,3.716,3.6584,0.455,2.4928,2.3097,2.074,1.7736,1.1957,2.1447,2.3146,2.0387,1.7628,1.6533,1.5799,1.6823,1.5093
5.2709,5.2709,5.2709,5.2709,5.2709,5.2709,4.8003,4.3211,3.8419,3.3684,2.8969,2.2858,0.6543,0.5972,0.6019,10.0,1.3398,1.2049,1.1235,0.3726,0.8372,3.1001,3.0397,3.3632,2.0035,2.0895,1.5581,1.2924
5.2448,5.2448,1.2341,1.6046,5.2448,5.2448,5.2448,5.2448,5.2448,5.2448,5.2448,5.2448,5.2448,5.2448,5.2448,5.2448,0.6845,1.1311,1.5605,1.9809,2.375,0.4651,0.9112,1.3573,1.8673,2.388,2.905,3.4219
1.0404,2.1905,2.6354,3.8397,3.9123,4.7238,3.4479,3.4789,3.1254,2.7652,2.4024,1.9234,0.7088,5.2191,5.2191,5.2191,1.665,1.1571,5.2053,4.7456,4.3148,3.8752,3.3875,2.8266,2.373,10.0,10.0,10.0
5.141,3.757,3.5349,4.1891,5.1451,4.7178,4.5999,4.1716,3.7432,3.32,2.8986,2.6499,2.5216,2.4725,0.5379,0.638,0.8299,1.5884,1.9032,2.2295,0.4045,1.0976,1.3867,3.006,3.1208,3.308,3.585,2.9831
5.1683,5.1683,3.945,4.3705,4.798,2.6211,3.0573,3.4945,3.9318,4.3638,4.9712,5.1683,5.1683,5.1683,0.4868,0.4336,1.6679,2.219,1.8976,1.5645,0.4623,1.1639,2.1813,1.8296,1.7688,1.6904,1.7999,1.9094
5.1433,5.1433,5.1433,4.7856,4.4286,4.0826,3.4115,2.7539,4.7344,3.1057,2.1581,1.599,1.3106,1.2002,1.8866,1.4345,1.6234,1.1282,0.6705,0.2224,3.7852,2.6458,2.881,2.8273,10.0,10.0,10.0,10.0
0.7639,0.8926,5.1185,5.1185,5.1185,5.1185,5.1185,5.1185,3.2546,3.5896,3.7548,4.0085,4.8931,5.1185,5.1185,5.1185,5.1185,5.1185,5.1185,2.0135,2.414,2.8228,3.2762,1.3797,4.2481,4.7773,5.1185,5.1185
2.7845,0.9822,1.6105,2.0629,2.5173,2.7865,3.2502,3.9096,4.3745,4.6563,3.6987,3.4309,2.4316,0.4276,0.5175,2.8353,2.627,2.064,1.2366,3.4028,3.0118,2.6327,2.3189,2.0051,1.8804,1.797,1.6003,1.4243
5.0696,5.0696,5.0696,5.0696,5.0696,4.8557,4.443,4.0293,3.6156,3.2068,2.7997,2.2607,2.1368,0.5156,0.5196,0.6162,10.0,1.331,1.3443,0.9177,0.7228,1.0601,3.1019,3.3812,3.0144,3.0886,1.7003,1.376
5.0455,5.0455,5.0455,5.0455,2.2485,2.6314,3.0142,3.5268,4.2343,5.0455,5.0455,5.0455,5.0455,5.0455,5.0455,0.6224,0.7862,1.3342,1.8407,2.3366,1.9361,0.5486,1.0749,1.6011,2.4853,2.0782,2.688,3.0895
3.6215,5.0217,5.0217,3.8046,4.0624,3.745,3.4276,3.1115,2.7954,2.4731,2.1487,3.9965,3.4955,2.9857,2.4701,1.9715,1.4892,1.0349,0.6151,4.2444,3.8591,3.466,3.0297,10.0,10.0,10.0,10.0,10.0
0.7748,4.998,4.998,4.8284,3.0948,3.3772,3.5782,4.3581,4.214,4.0743,3.5571,3.252,3.0946,3.0343,0.5533,0.7829,1.0184,1.3216,1.7079,2.3138,2.9104,3.3942,1.3795,2.0549,2.1976,3.6152,3.7926,3.6609
4.9746,4.9746,1.2316,1.6252,2.0205,2.5931,2.9965,3.4009,3.8052,4.2048,4.4333,4.6681,4.9584,4.9746,0.4502,2.4663,2.2852,2.052,1.7548,1.4467,1.3015,1.7923,2.0171,1.7442,1.6357,1.5632,1.6645,1.7657
4.9514,4.9514,4.9514,4.9514,4.7044,4.1326,3.588,3.146,2.7042,2.2537,1.8002,1.2012,0.78,0.7142,0.7198,1.5381,1.1382,1.441,0.8599,0.2851,3.0439,3.2484,3.6353,2.2425,2.3876,1.9796,1.6892,10.0
4.9285,0.8523,1.1978,4.9285,4.9285,4.9285,4.9285,4.9285,4.9285,4.9285,4.9285,4.175,4.6723,4.9285,4.9285,4.9285,4.9285,1.0978,1.5145,1.9226,2.3051,2.6954,0.8844,1.3174,1.8124,2.3177,2.8195,3.3212
0.7697,1.5864,2.171,2.5517,3.1311,4.0186,4.4045,3.2794,3.6288,3.2105,2.7894,2.2331,1.5827,0.7037,3.2065,4.9057,4.9057,4.9057,4.9057,4.5871,4.06,3.549,3.126,2.7029,2.2253,1.7667,10.0,10.0
3.9464,4.7633,4.8831,4.8831,4.8831,4.7839,4.3772,3.9697,3.5621,3.1593,2.7583,2.5216,2.3996,0.5079,0.5119,0.6071,1.0763,1.5115,1.8111,1.6349,0.478,1.0445,2.5853,2.8605,3.4405,3.5136,2.9408,1.573
4.8608,4.8608,4.8608,4.8608,4.8608,4.8608,4.8608,4.8608,4.8608,4.8608,4.8608,4.8608,4.8608,4.8608,0.4741,0.4351,1.1234,1.9066,2.1461,1.7693,1.3533,0.784,1.5359,1.3427,2.0005,1.9117,2.0356,2.1595
4.8386,4.8386,4.7961,4.4611,4.1283,3.8058,3.4833,3.162,2.8407,1.9185,4.2345,3.3755,2.8663,2.3548,2.3732,2.0035,1.5133,1.0517,0.6251,0.2073,3.3011,3.2912,3.0789,10.0,10.0,10.0,10.0,10.0
0.5745,4.8167,4.8167,4.8167,4.8167,4.8167,3.1364,3.2314,3.5943,3.5625,4.3367,4.403,4.5239,4.6514,4.6592,1.2002,1.4418,1.9634,2.4544,3.232,4.8167,4.8167,4.8167,4.8167,4.8167,4.8167,3.2609,3.1097
2.9862,0.8958,1.2913,1.8814,2.2959,2.7188,3.1418,3.3882,3.8122,4.4086,4.795,3.7748,3.7465,0.413,0.472,2.5859,2.396,2.1515,1.8398,0.8049,2.7468,2.4011,2.1149,1.8287,1.715,1.6389,1.7451,1.4076
4.7734,4.7734,4.7734,4.7734,4.7734,4.7734,4.7734,4.3531,3.6551,3.1416,2.7018,2.4423,0.8382,0.4662,0.5613,10.0,1.457,1.1238,1.4394,0.4773,0.7808,3.0495,3.1197,3.1368,3.2566,1.9489,1.6226,1.3199
4.752,4.752,1.2966,1.6509,2.1146,4.752,4.752,4.752,4.752,4.752,4.752,4.752,4.752,4.752,4.752,0.8313,0.7003,1.1884,1.6395,2.0813,2.4953,0.4887,0.9574,1.4261,1.962,2.509,3.0522,2.9421
1.9096,2.7973,4.0812,4.175,4.7309,3.5191,3.6273,3.2927,2.9582,2.6172,2.2739,1.8205,1.1879,4.7309,2.614,2.0863,1.5759,1.0952,0.6509,4.4917,4.084,3.6679,3.2062,2.8346,10.0,10.0,10.0,10.0
4.7099,4.7099,3.5757,3.3178,4.0154,3.9546,4.5693,4.4233,3.9865,3.5357,3.0869,2.8221,2.6855,2.6332,0.5729,0.6795,0.8838,1.4329,2.0269,2.3745,2.7582,0.9821,1.4768,1.7848,3.3236,3.4055,3.5302,3.7038
3.0116,3.3936,4.6891,1.6862,2.0963,2.5148,2.9333,3.5285,3.948,4.3626,4.6891,4.6891,4.6891,4.6891,0.4671,0.6471,2.3709,2.129,1.8206,1.501,0.4436,1.737,1.4223,1.8096,1.6971,1.6218,1.7269,1.832
4.6685,4.6685,4.6685,4.6685,4.1847,3.7224,4.6685,3.9394,3.1837,2.2834,1.6934,1.2547,0.8748,0.9418,1.8516,1.5274,1.4642,1.2192,0.7246,0.2403,3.6669,3.6273,2.4466,2.5996,2.4679,10.0,10.0,10.0
4.6481,0.8674,4.6481,4.6481,4.6481,4.6481,4.6481,4.6481,4.6481,3.4884,3.8162,4.2491,4.5309,4.6481,4.6481,4.6481,4.6481,4.6481,1.5414,1.9567,2.346,2.7432,0.9001,1.3408,1.8446,2.3589,2.8695,4.6481
0.9704,1.0787,1.7686,2.2655,2.6812,3.0601,3.7831,4.1347,4.6091,3.5597,3.5168,2.8155,1.9955,0.5733,3.2329,3.1137,2.4373,1.7333,4.1258,3.7369,3.3075,2.8912,2.5466,2.202,2.0651,1.9725,1.5671,10.0
4.6077,4.6077,4.6077,4.6077,4.6077,4.6077,4.371,3.964,3.557,3.1548,2.7544,2.5181,2.1022,0.5072,0.5112,0.6062,1.4064,1.5094,1.3225,1.6326,0.7111,1.043,2.5817,3.3265,3.4356,3.0386,1.6727,1.5708
4.5878,4.5878,4.5878,4.5878,4.5878,4.5878,4.5878,4.5878,4.2235,4.5878,4.5878,4.5878,4.5878,4.5878,4.5878,0.5286,0.8792,1.492,2.0583,2.1497,1.6442,0.6135,1.2019,1.7904,1.6371,2.3227,2.4732,2.6237
4.5681,4.5681,4.5681,4.3706,4.0445,3.7286,3.4126,3.0978,2.7831,2.4623,1.5566,3.979,3.4802,2.9726,2.4592,1.9628,1.4826,1.0303,0.6124,4.2258,3.8422,3.4507,3.0164,2.7371,10.0,10.0,10.0,10.0
0.6763,4.5485,4.5485,4.5485,4.5485,2.9477,3.3766,3.4853,4.231,4.2184,4.0614,3.713,3.5333,3.4644,0.7537,0.8939,1.1628,1.5089,1.9501,2.4073,2.9122,3.4016,3.8068,1.8665,2.4675,2.6168,3.8385,4.1799
4.5291,2.602,1.2408,1.6372,2.206,2.6124,3.0187,3.4261,3.8334,4.0654,4.4662,4.5291,4.5291,3.6465,0.4535,2.4846,2.3021,2.0672,1.7678,1.4575,2.6393,1.656,2.0321,1.7571,1.6479,1.5748,1.6768,1.7788
4.5099,4.5099,4.5099,4.5099,4.5099,4.5099,4.5099,4.3234,3.8063,3.2791,2.7484,1.4057,0.6964,0.6377,0.6427,1.3766,1.332,1.2867,1.0063,0.3337,0.894,2.919,3.246,3.5915,2.1395,1.9613,1.6394,10.0
4.4908,4.4908,1.221,4.4908,4.4908,4.4908,4.4908,4.4908,4.4908,4.4908,4.4908,4.4908,4.4908,4.4908,4.4908,4.4908,1.0105,1.1191,1.5439,1.9599,2.3498,0.5659,0.9016,1.343,1.8475,2.3627,2.8742,3.3857
0.9088,1.9134,2.6185,3.0377,4.0929,4.4719,4.4719,3.6775,3.3039,2.923,2.5396,2.0332,0.7493,0.8488,4.4719,4.4719,4.4719,4.4719,4.4719,4.4719,4.2925,3.7713,3.2611,2.7509,2.2664,1.9372,10.0,10.0
4.4532,3.6888,4.4532,4.4532,4.4532,4.4532,4.4532,4.0957,3.6752,3.2596,2.8459,2.6017,2.4758,0.5241,0.5282,0.6264,0.8148,1.5595,1.8687,1.6868,0.3972,1.0776,1.3615,2.9513,3.0641,3.6252,3.5199,1.623
4.4346,4.4346,4.4346,4.4346,4.4346,4.4346,4.4346,3.6603,4.1183,4.4346,4.4346,4.4346,4.4346,4.4346,0.5099,0.4029,1.4081,2.3242,1.9876,1.6387,1.2534,0.9826,2.2847,1.5447,1.8528,1.7706,1.8853,2.0
4.4161,4.4161,4.4161,4.4161,4.3129,3.976,3.639,3.0178,2.3464,4.3258,2.6599,1.9708,1.6154,2.3676,1.9058,1.768,1.581,1.0987,0.653,0.2166,3.6863,3.0417,2.9753,2.7535,10.0,10.0,10.0,10.0
0.6135,0.9271,4.3979,4.3979,4.3979,4.3979,4.3979,3.0763,3.3804,3.7283,3.7007,4.3979,4.3979,4.3979,4.3979,4.3979,4.3979,4.3979,4.3979,4.3979,2.5073,2.9319,3.4028,3.8738,4.3979,4.3979,4.3979,3.6126
2.7276,0.9482,1.3669,1.9916,2.4303,2.878,3.1378,3.5865,4.2232,4.3797,3.687,3.8314,2.8751,0.4128,0.4996,2.7372,2.5362,2.2774,1.4505,3.2851,2.9076,2.5416,2.2387,1.9357,1.8154,1.7349,1.6499,1.3751
4.3617,4.3617,4.3617,4.3617,4.3617,4.3617,4.3617,4.1521,3.7257,3.3045,2.885,2.3296,1.1921,0.4446,0.5354,0.635,1.3351,1.1978,1.3852,0.6788,0.7448,2.4163,3.1965,3.0345,3.1063,1.8589,1.7521,1.259
4.3439,4.3439,4.3439,1.7722,2.15,2.5161,3.237,4.3439,4.3439,4.3439,4.3439,4.3439,4.3439,4.3439,4.3439,0.7146,0.7518,1.2758,1.7601,2.2343,2.223,0.5246,1.0278,1.531,2.1062,1.9872,2.5702,3.1533
3.0621,4.3262,4.3262,4.3262,3.7586,3.8302,3.5056,3.1822,2.859,2.5294,2.1976,1.1608,3.575,3.0536,2.5263,2.0163,1.523,1.0584,0.6291,4.3262,3.9469,3.5448,3.0987,2.6525,10.0,10.0,10.0,10.0
0.8701,4.3086,4.3086,3.4139,3.2406,3.7925,3.7358,4.3086,4.1109,3.8543,3.3651,3.0764,2.9275,2.8705,0.5234,0.7407,0.9634,1.2502,1.8836,2.458,3.0067,0.8751,1.5491,1.9456,2.0789,3.7124,3.5878,3.7211
4.2912,4.2912,4.2912,1.6501,2.0514,2.6328,3.0424,3.4529,3.8635,4.2691,4.2912,4.2912,4.2912,4.2912,0.4571,1.31,2.3202,2.0834,1.7816,1.4689,0.4762,2.3252,2.048,1.7709,1.6608,1.5871,1.6899,1.7928
4.274,4.274,4.274,4.274,4.274,4.274,3.8004,3.2966,2.6642,2.106,1.6822,1.1224,0.8281,0.7881,0.7942,1.5882,1.2253,1.3519,0.8035,0.2665,3.0686,3.5843,3.4524,2.4743,2.3066,2.0716,10.0,10.0
4.2568,0.8591,4.2568,4.2568,4.2568,4.2568,4.2568,4.2568,4.2568,4.2568,3.7798,4.2085,4.2568,4.2568,4.2568,4.2568,4.2568,1.1067,1.5267,1.9381,2.3236,2.717,0.8915,1.328,1.827,2.3364,2.8422,3.3479
0.8371,1.2196,1.9996,2.5614,2.884,3.7014,4.0127,4.2398,3.4543,3.4915,3.0335,2.4286,1.7212,0.6482,3.4871,2.7832,4.2398,4.2398,4.2398,4.225,3.7395,3.2688,2.8792,2.4896,2.3348,1.8424,1.6239,10.0
4.223,4.223,4.223,4.223,4.223,4.223,4.223,3.973,3.565,3.1619,2.7606,2.5237,2.4016,0.5084,0.5123,0.6076,1.2775,1.5128,1.6123,1.6362,0.7126,1.0453,2.5875,2.8629,3.4433,3.3052,2.9433,1.5743
4.2063,4.2063,4.2063,4.2063,4.2063,4.2063,4.2063,4.2063,4.2063,4.2063,4.2063,4.2063,4.2063,4.2063,0.4835,0.4674,1.0168,1.7256,2.3053,1.9006,1.4538,0.7095,1.3901,2.2914,1.8934,2.0536,2.1867,2.3197
4.1897,4.1897,4.1897,4.1897,4.1017,3.7813,3.4608,3.1416,2.8224,1.9062,4.1897,4.0352,3.5293,3.0146,2.494,1.9905,1.5036,1.0449,0.621,0.317,3.667,3.4995,3.0591,2.6186,10.0,10.0,10.0,10.0
0.6106,4.1732,4.1732,4.1732,4.1732,4.1732,3.0484,3.4341,3.4292,4.1732,4.1732,4.1732,4.1732,4.1177,4.1247,0.9439,1.3821,1.7935,2.3178,2.8612,3.4613,4.0431,4.1732,4.1732,4.1732,2.8488,2.9316,4.0822
2.3881,1.0743,1.2734,1.8553,2.264,2.6811,3.0981,3.3411,3.7592,4.1569,4.1569,4.1569,3.6944,0.5683,0.4655,2.55,2.3627,2.1216,1.8143,0.9335,2.0405,2.3677,2.0855,1.8033,1.6912,1.6162,1.7209,1.544
4.1407,4.1407,4.1407,4.1407,4.1407,4.1407,4.1407,4.1407,3.7717,3.3068,2.8439,2.5179,0.7207,0.5863,0.5909,1.2639,1.4734,1.1829,1.2375,0.4104,0.8219,3.2099,2.9841,3.3018,2.1244,2.0514,1.6826,1.2688
4.1246,4.1246,1.2685,1.6151,4.1246,4.1246,4.1246,4.1246,4.1246,4.1246,4.1246,4.1246,4.1246,4.1246,4.1246,0.9105,0.6851,1.1627,1.6041,2.0363,2.4413,0.4781,0.9367,1.3953,1.9195,2.4547,2.9861,3.5175
1.1686,2.4605,2.9603,4.1086,4.1086,4.1086,3.7848,3.4357,3.0867,2.7309,2.3726,1.8995,0.7825,4.1086,4.1086,2.1769,1.6443,1.1427,4.1086,4.1086,4.1086,3.8271,3.3455,2.8638,2.4618,10.0,10.0,10.0
4.0928,4.0928,3.4689,3.9955,3.937,4.0928,4.0928,4.0928,3.8675,3.4302,2.9948,2.7379,2.6054,2.5546,0.5558,0.6592,0.8574,1.5156,1.9664,2.3036,0.4179,1.134,1.4328,1.7315,3.2244,3.3039,3.7041,3.5932
4.0771,3.5123,3.9174,4.0771,2.1696,2.6028,3.0359,3.4701,3.9043,4.0771,4.0771,4.0771,4.0771,4.0771,0.4834,0.5008,1.9267,2.2035,1.8843,1.5535,0.4591,1.3445,1.6314,1.8729,1.7565,1.6786,1.7873,1.8961
4.0615,4.0615,4.0615,4.0615,4.0615,3.9925,3.219,4.0615,3.7048,2.8359,1.7919,1.2854,1.1968,1.0959,1.9416,1.4683,1.6865,1.172,0.6966,0.231,3.9323,3.487,2.8471,2.6798,2.4335,10.0,10.0,10.0
0.9224,0.8909,4.046,4.046,4.046,4.046,4.046,4.046,3.2485,3.5828,3.9194,4.0009,4.046,4.046,4.046,4.046,4.046,4.046,4.046,2.0097,2.4095,2.8174,3.27,1.3771,1.8945,2.4227,4.046,4.046
2.6072,1.0265,1.6831,2.1559,2.6308,2.912,3.3967,4.0307,4.0307,3.5064,3.8654,3.195,2.2644,0.4468,0.5409,2.9631,2.7454,1.9221,1.2924,3.5561,3.1475,2.7513,2.4234,2.0954,1.9652,1.878,1.5843,1.4885
4.0154,4.0154,4.0154,4.0154,4.0154,4.0154,4.0154,4.0154,3.6263,3.2163,2.8081,2.5671,2.1432,0.5171,0.5211,0.6181,1.2995,1.5388,1.3483,1.2037,0.7249,1.0633,3.1112,3.3913,3.0234,3.0978,1.7053,1.3801
4.0003,4.0003,4.0003,4.0003,4.0003,2.7681,3.1709,3.5722,4.0003,4.0003,4.0003,4.0003,4.0003,4.0003,4.0003,0.5882,0.8271,1.4036,1.9364,2.3922,1.8298,0.5771,1.1307,1.6843,1.6361,2.1862,2.7523,2.9197
3.9853,3.9853,3.9853,3.9853,3.9853,3.7739,3.4541,3.1355,2.8169,2.4922,1.5755,3.9853,3.5225,3.0088,2.4891,1.9867,1.5007,1.0429,0.6198,3.9853,3.8889,3.4927,3.0531,2.6135,10.0,10.0,10.0,10.0
0.7408,3.9704,3.9704,3.9704,3.2802,3.2288,3.6987,3.6486,3.9704,3.9704,3.7702,3.4468,3.2799,3.216,0.6997,0.8298,1.0794,1.4007,1.8103,2.2347,2.7826,3.3646,1.3566,1.9646,2.3292,2.4341,3.9704,3.8802
3.9556,3.9556,1.2469,1.6453,2.2169,2.6252,3.0336,3.443,3.8523,3.9556,3.9556,3.9556,3.9556,3.9556,0.4558,2.4969,2.3135,2.0774,1.7765,1.4646,2.6523,1.8144,2.0421,1.7658,1.656,1.5825,1.6851,1.7876
3.9409,3.9409,3.9409,3.9409,3.9409,3.9409,3.8363,3.3637,2.8913,2.4096,1.9247,1.2843,0.7528,0.6894,0.6948,1.4846,1.217,1.3908,0.9194,0.3049,3.1246,3.1354,3.5089,2.3236,2.3128,2.0305,1.6305,10.0
3.9264,0.8668,1.2182,3.9264,3.9264,3.9264,3.9264,3.9264,3.9264,3.9264,3.9264,3.9264,3.9264,3.9264,3.9264,3.9264,1.2679,1.1165,1.5404,1.9554,2.3444,2.7413,0.8995,1.3399,1.8433,2.3572,2.8675,3.3778
0.8141,1.714,2.3457,2.7212,3.6665,3.9119,3.9119,3.375,3.5309,3.1238,2.7141,2.1728,0.8007,0.7604,3.1507,3.9119,3.9119,3.9119,3.9119,3.9119,3.9119,3.8345,3.3461,2.7951,2.2827,1.9088,10.0,10.0
3.8975,3.8975,3.8975,3.8975,3.8975,3.8975,3.8975,3.8975,3.6397,3.2281,2.8184,2.5766,2.4519,0.519,0.5231,0.6203,1.0997,1.5445,1.8506,1.6705,0.3933,1.0672,1.3484,2.9228,3.2997,3.5902,3.0049,1.6073
3.8833,3.8833,3.8833,3.8833,3.8833,3.8833,3.8833,3.8833,3.8833,3.8833,3.8833,3.8833,3.8833,3.8833,0.5189,0.4263,1.2297,2.087,2.1028,1.7337,1.3261,0.8581,1.6812,1.349,1.9602,1.8732,1.9946,2.116
3.8692,3.8692,3.8692,3.8692,3.8692,3.8692,3.5762,3.2464,2.3988,3.8692,3.8692,3.4656,2.9428,2.411,1.9534,2.0569,1.5537,1.0798,0.6418,0.2128,2.9424,3.2125,3.1611,2.706,2.3183,10.0,10.0,10.0
0.5665,3.8551,3.8551,3.8551,3.8551,3.8551,3.8551,3.1861,3.544,3.5125,3.8551,3.8551,3.8551,3.8551,3.8551,3.8551,1.7381,2.2555,3.8551,3.8551,3.8551,3.8551,3.8551,3.8551,3.8551,3.8551,3.2152,3.4621
2.8264,0.9243,1.3324,1.9413,2.369,2.8054,3.0586,3.496,3.8412,3.8412,3.8412,3.7347,3.5387,0.4024,0.487,2.6682,2.4722,2.2199,1.7853,0.8305,2.8342,2.4775,2.1822,1.8869,1.7696,1.6911,1.8007,1.4524
3.8273,3.8273,3.8273,3.8273,3.8273,3.8273,3.8273,3.8273,3.8273,3.3062,2.6792,2.4219,0.9553,0.4622,0.5566,0.6602,1.388,1.1143,1.4401,0.544,0.7743,3.0239,3.3231,3.1105,3.2293,1.9325,1.8215,1.3088
3.8136,3.8136,3.8136,1.7124,2.0775,2.8679,3.8136,3.8136,3.8136,3.8136,3.8136,3.8136,3.8136,3.8136,3.8136,0.8446,0.7264,1.2328,1.7007,2.1589,2.5884,0.5069,0.9931,1.4793,2.0351,2.6026,2.4835,3.0469
2.2542,2.9382,3.7999,3.7999,3.7999,3.7999,3.6159,3.2824,2.9489,2.609,2.2667,1.1973,1.4022,3.1497,2.6057,2.0797,1.571,1.0917,0.6489,3.7999,3.7999,3.6563,3.1962,2.736,2.2768,10.0,10.0,10.0
3.7864,3.7864,3.7864,3.2671,3.7208,3.7142,3.7864,3.7864,3.7864,3.6886,3.2204,2.9441,2.8016,2.747,0.549,0.7088,0.922,1.3245,2.0015,2.4771,2.8774,0.9078,1.5407,1.8619,3.4673,3.5527,3.4335,3.7864
3.0171,3.7729,3.7729,1.6892,2.1001,2.5194,3.1146,3.5349,3.7729,3.7729,3.7729,3.7729,3.7729,3.7729,0.4679,0.811,2.3753,2.1329,1.8239,1.5038,0.4444,2.3804,1.4249,1.8129,1.7002,1.6248,1.7301,1.8353
3.7596,3.7596,3.7596,3.7596,3.7596,3.7596,3.7596,3.7031,2.8483,2.2908,1.5926,1.1794,0.8224,0.8853,0.8922,1.5575,1.3764,1.2799,0.7607,0.2523,3.447,3.7596,2.4621,2.729,2.3262,2.2526,10.0,10.0
3.7463,0.8732,3.7463,3.7463,3.7463,3.7463,3.7463,3.7463,3.7463,3.5115,3.7463,3.7463,3.7463,3.7463,3.7463,3.7463,3.7463,3.7463,1.5516,1.9697,2.3615,2.7614,0.9061,1.3497,1.8568,2.3745,2.8885,3.4026
0.9241,1.1404,1.8698,2.3951,2.6967,3.2351,3.7332,3.7332,3.4445,3.7332,3.3488,2.681,1.9002,0.6061,3.4179,3.0726,2.3209,3.7332,3.7332,3.7332,3.4967,3.0566,2.6923,2.3279,2.1832,1.8782,1.6567,10.0
3.7201,3.7201,3.7201,3.7201,3.7201,3.7201,3.7201,3.7201,3.5973,3.1905,2.7855,2.5466,2.126,0.513,0.517,0.6131,1.2891,1.5265,1.3375,1.651,0.7191,1.0548,2.6109,3.3641,3.4745,3.073,1.6917,1.5886
3.7071,3.7071,3.7071,3.7071,3.7071,3.7071,3.7071,3.7071,3.7071,3.7071,3.7071,3.7071,3.7071,3.7071,0.5261,0.5086,0.937,1.5902,2.1938,2.0684,1.582,0.6539,1.281,1.9082,1.7448,2.2348,2.3796,2.5244
3.6942,3.6942,3.6942,3.6942,3.6942,3.6942,3.4671,3.1473,2.8276,2.5016,3.6942,3.6942,3.5358,3.0201,2.4985,1.9942,1.5063,1.0468,0.6222,3.6942,3.6942,3.5059,3.0647,2.6234,2.2135,10.0,10.0,10.0
0.6564,3.6814,3.6814,3.6814,3.6814,3.1581,3.2772,3.6814,3.6474,3.6814,3.6814,3.6814,3.6814,3.6814,0.8111,0.9619,1.2513,1.6237,2.0984,2.5904,3.1337,3.6603,3.6814,3.6814,2.3948,2.8159,2.8197,3.6814
3.1821,2.8779,1.2664,1.6711,2.2516,2.6664,3.0812,3.497,3.6687,3.6687,3.6687,3.6687,3.6687,3.6687,0.4629,2.536,2.3498,2.11,1.8044,1.4876,2.182,2.3548,2.0741,1.7935,1.682,1.6074,1.7115,1.5355
3.656,3.656,3.656,3.656,3.656,3.656,3.656,3.656,3.656,3.5172,2.9922,1.5304,0.681,0.6236,0.6285,1.343,1.3214,1.2581,1.0955,0.3633,0.8742,3.1549,3.174,3.5119,2.0921,2.1353,1.6031,1.3495
3.6435,3.6435,1.2521,1.8659,3.6435,3.6435,3.6435,3.6435,3.6435,3.6435,3.6435,3.6435,3.6435,3.6435,3.6435,3.6435,0.7959,1.1477,1.5833,2.0099,2.4098,0.4719,0.9246,1.3772,1.8947,2.423,2.9475,3.4721
1.0042,2.1144,2.6702,3.631,3.631,3.631,3.3282,3.6197,3.2519,2.8771,2.4997,2.0012,0.7375,0.938,3.631,3.631,3.631,3.631,3.631,3.631,3.631,3.631,3.2922,2.7527,2.437,10.0,10.0,10.0
3.6187,3.6187,3.6187,3.6187,3.6187,3.6187,3.6187,3.6187,3.6187,3.3592,2.9328,2.6812,2.5514,2.5017,0.5443,0.6455,0.8397,1.6072,1.9257,2.2559,0.4093,1.1105,1.4031,3.0415,3.1577,3.5114,3.6274,3.0183
3.6064,3.6064,3.6064,3.6064,3.6064,3.6064,3.1708,3.6064,3.6064,3.6064,3.6064,3.6064,3.6064,3.6064,0.5049,0.4126,1.5874,2.3013,1.968,1.6225,1.241,1.1077,2.2622,1.7412,1.8345,1.7531,1.8667,1.9803
3.5942,3.5942,3.5942,3.5942,3.5942,3.5942,3.5942,2.7781,3.5942,3.5942,2.3712,1.7569,1.44,1.3187,1.9741,1.5761,1.6377,1.1381,0.6764,0.2243,3.5942,2.7115,2.9064,2.8522,2.3038,10.0,10.0,10.0
0.7116,0.9229,3.5821,3.5821,3.5821,3.5821,3.5821,3.5821,3.3654,3.5821,3.5821,3.5821,3.5821,3.5821,3.5821,3.5821,3.5821,3.5821,3.5821,3.5821,2.4962,2.9188,3.3877,3.5821,3.5821,3.5821,3.5821,3.5821
2.6949,0.9876,1.6194,2.0743,2.5313,2.8542,3.2682,3.57,3.57,3.57,3.57,3.57,2.6347,0.4299,0.5204,2.851,2.6416,2.2364,1.3292,3.4216,3.0284,2.6472,2.3317,2.0162,1.8908,1.807,1.6092,1.4322
3.5581,3.5581,3.5581,3.5581,3.5581,3.5581,3.5581,3.5581,3.5581,3.3066,2.8869,2.3311,2.2034,0.5017,0.5358,0.6354,1.336,1.3725,1.3862,0.8242,0.7453,2.4179,3.1986,3.333,3.1083,3.1848,1.7532,1.4043
3.5462,3.5462,3.5462,3.5462,2.2528,2.6364,3.0242,3.5462,3.5462,3.5462,3.5462,3.5462,3.5462,3.5462,3.5462,0.6677,0.7877,1.3368,1.8442,2.3411,2.0768,0.5497,1.0769,1.6042,2.2069,2.0821,2.6931,3.3041
3.0868,3.5344,3.5344,3.5344,3.5344,3.5344,3.525,3.1999,2.8748,2.5434,2.2098,1.2644,3.5344,3.0705,2.5402,2.0275,1.5315,1.0643,0.6326,3.5344,3.5344,3.5344,3.1158,2.6672,2.1544,10.0,10.0,10.0
0.8248,3.5227,3.5227,3.5227,3.0882,3.5227,3.5227,3.5227,3.5227,3.5227,3.5227,3.245,3.0879,3.0278,0.5521,0.7813,1.0162,1.3187,1.7854,2.463,2.965,0.9231,1.4684,2.0522,2.1929,3.5227,3.5227,3.5227
3.511,3.511,1.2633,1.667,2.0725,2.6599,3.0737,3.4884,3.511,3.511,3.511,3.511,3.511,3.511,0.4618,2.1926,2.344,2.1048,1.7999,1.484,0.797,1.8384,2.0691,1.7891,1.6778,1.6034,1.7073,1.8112
3.4994,3.4994,3.4994,3.4994,3.4994,3.4994,3.4994,3.1609,2.6857,2.2383,1.7878,1.1929,0.8252,0.7556,0.7615,1.6273,1.1748,1.4368,0.854,0.2832,3.0231,3.4367,3.4994,2.3724,2.3713,2.0943,1.7871,10.0
3.488,0.872,3.488,3.488,3.488,3.488,3.488,3.488,3.488,3.488,3.488,3.488,3.488,3.488,3.488,3.488,3.488,1.1232,1.5496,1.9671,2.3584,2.7577,0.9049,1.3479,1.8543,2.3713,2.8847,3.398
0.8102,1.3076,2.144,2.6859,3.0923,3.4765,3.4765,3.4765,3.4765,3.3794,2.9361,2.3506,1.666,0.695,3.3752,2.7354,3.4765,3.4765,3.4765,3.4765,3.4765,3.4765,3.0871,2.6694,2.3423,1.8563,1.7412,10.0
3.4652,3.4652,3.4652,3.4652,3.4652,3.4652,3.4652,3.4652,3.4652,3.224,2.8148,2.5733,2.4488,0.5184,0.5224,0.6196,1.3026,1.5425,1.8483,1.6684,0.6488,1.0659,2.6383,2.9191,3.4652,3.4652,3.0011,1.6052
3.4539,3.4539,3.4539,3.4539,3.4539,3.4539,3.4539,3.4539,3.4539,3.4539,3.4539,3.4539,3.4539,3.4539,0.4717,0.456,1.1018,1.8699,2.2492,1.8544,1.4184,0.7689,1.5064,1.4072,2.0518,2.0036,2.1334,2.2633
3.4427,3.4427,3.4427,3.4427,3.4427,3.4427,3.4427,3.2183,2.8914,1.9527,3.4427,3.4427,3.0794,2.8199,2.5549,2.0391,1.5403,1.0704,0.6362,0.2334,3.4427,3.4427,3.1338,2.6826,2.1668,10.0,10.0,10.0
0.5999,3.4316,3.4316,3.4316,3.4316,3.4316,3.0489,3.374,3.4316,3.4316,3.4316,3.4316,3.4316,3.4316,3.4316,1.0075,1.5054,1.9693,2.5451,3.046,3.4316,3.4316,3.4316,3.4316,3.4316,2.7988,3.2191,3.1828
1.9827,0.9093,1.3107,1.9097,2.3304,2.7597,3.189,3.4206,3.4206,3.4206,3.4206,3.4206,3.4206,0.4709,0.4791,2.6248,2.432,2.1838,1.8675,0.817,2.7881,2.4372,2.1467,1.8562,1.7408,1.6636,1.7714,1.4288
3.4096,3.4096,3.4096,3.4096,3.4096,3.4096,3.4096,3.4096,3.4096,3.2691,2.8115,2.5415,0.8051,0.4851,0.5841,1.2482,1.4566,1.1694,1.3825,0.4585,0.8125,3.1733,3.0299,3.2641,3.3888,2.028,1.6634,1.292
3.3987,3.3987,1.3123,1.6709,2.3481,3.3987,3.3987,3.3987,3.3987,3.3987,3.3987,3.3987,3.3987,3.3987,3.3987,0.8414,0.7088,1.2028,1.6594,2.1065,2.5256,0.4946,0.969,1.4434,1.9858,2.5394,3.0892,3.3987
1.337,2.8151,3.3869,3.3878,3.3878,3.3878,3.3878,3.3878,3.0688,2.7151,2.3589,1.8885,1.1213,3.3878,2.7117,2.1643,1.6348,1.1361,0.6753,3.3878,3.3878,3.3878,3.3261,2.8472,2.2998,10.0,10.0,10.0
3.377,3.377,3.377,3.377,3.377,3.377,3.377,3.377,3.377,3.377,3.1147,2.8475,2.7096,2.6569,0.578,0.6856,0.8917,1.4808,2.0451,2.3958,2.783,1.0725,1.4901,1.8008,3.3535,3.377,3.377,3.377
3.1153,3.3663,3.3663,3.3663,2.1684,2.6014,3.0343,3.3663,3.3663,3.3663,3.3663,3.3663,3.3663,3.3663,0.4832,0.594,2.2853,2.2023,1.8833,1.5527,0.4588,1.5947,1.4712,1.8719,1.7555,1.6777,1.7864,1.8951
3.3557,3.3557,3.3557,3.3557,3.3557,3.3557,3.3557,3.3557,3.3557,2.6304,1.8279,1.3445,1.1101,1.0165,1.9986,1.5359,1.5804,1.2259,0.7286,0.2416,3.3557,3.3557,2.6409,2.7565,2.4816,2.0107,10.0,10.0
3.3451,0.8948,3.3451,3.3451,3.3451,3.3451,3.3451,3.3451,3.3451,3.3451,3.3451,3.3451,3.3451,3.3451,3.3451,3.3451,3.3451,3.3451,1.5902,2.0186,2.4202,2.8299,3.2845,1.3832,1.9029,2.4334,3.3451,3.3451
2.6158,1.0805,1.7717,2.2694,2.7693,3.0653,3.3346,3.3346,3.3346,3.3346,3.3346,3.0129,2.1353,0.5743,0.5693,3.119,2.6081,1.8125,3.3346,3.3346,3.3132,2.8962,2.5509,2.2057,2.0686,1.9769,1.5698,10.0
3.3242,3.3242,3.3242,3.3242,3.3242,3.3242,3.3242,3.3242,3.3242,3.2461,2.834,2.5909,2.163,0.5219,0.526,0.6238,1.3115,1.553,1.3608,1.6798,0.7316,1.0731,2.6563,3.3242,3.318,3.1265,1.7211,1.6043
3.3138,3.3138,3.3138,3.3138,3.3138,3.3138,3.3138,3.3138,3.3138,3.3138,3.3138,3.3138,3.3138,3.3138,3.3138,0.5618,0.8768,1.488,2.0528,2.2848,1.7476,0.6118,1.1987,1.7856,1.6327,2.3177,2.6286,2.7886
3.3035,3.3035,3.3035,3.3035,3.3035,3.3035,3.3035,3.1792,2.8563,2.527,1.5975,3.3035,3.3035,3.0508,2.5239,2.0144,1.5216,1.0574,0.6285,3.3035,3.3035,3.3035,3.0957,2.65,2.1405,10.0,10.0,10.0
0.7148,3.2933,3.2933,3.2933,3.2933,3.1157,3.2933,3.2933,3.2933,3.2933,3.2933,3.2933,3.2933,3.2933,0.7479,0.887,1.1538,1.4972,1.9349,2.3885,2.8895,3.2933,3.2933,1.8958,2.4896,2.5965,3.2933,3.2933
3.2831,2.6805,1.2701,1.676,2.2582,2.6742,3.0902,3.2831,3.2831,3.2831,3.2831,3.2831,3.2831,3.2831,0.4643,2.5434,2.3566,2.1161,1.8096,1.492,2.7017,1.6952,2.0802,1.7987,1.6869,1.612,1.7165,1.8209
3.273,3.273,3.273,3.273,3.273,3.273,3.273,3.273,3.273,3.2333,2.71,1.3861,0.7327,0.671,0.6762,1.445,1.3134,1.3537,0.9922,0.329,0.9406,3.0517,3.273,3.273,2.251,2.0605,1.7248,10.0
3.2629,0.8871,1.2467,3.2629,3.2629,3.2629,3.2629,3.2629,3.2629,3.2629,3.2629,3.2629,3.2629,3.2629,3.2629,3.2629,1.2641,1.1426,1.5764,2.0011,2.3992,2.8054,0.9205,1.3712,1.8864,2.4123,2.9346,3.2629
0.8891,1.8719,2.5617,2.9718,3.2529,3.2529,3.2529,3.2529,3.2529,3.063,2.6612,2.1305,0.7851,0.8304,3.2529,3.2529,3.2529,3.2529,3.2529,3.2529,3.2529,3.2529,3.2529,2.7407,2.313,1.964,10.0,10.0
3.243,3.243,3.243,3.243,3.243,3.243,3.243,3.243,3.243,3.243,2.898,2.6493,2.5211,0.5337,0.5378,0.6379,0.9378,1.5881,1.9029,1.7177,0.4044,1.0973,1.3864,3.0053,3.1202,3.243,3.243,1.6527
3.2331,3.2331,3.2331,3.2331,3.2331,3.2331,3.2331,3.2331,3.2331,3.2331,3.2331,3.2331,3.2331,3.2331,0.5325,0.4207,1.3634,2.3139,2.0754,1.7111,1.3088,0.9514,1.864,1.4956,1.9346,1.8488,1.9686,2.0884
3.2233,3.2233,3.2233,3.2233,3.2233,3.2233,3.2233,3.2233,2.3827,3.2233,3.2233,2.2164,1.8167,2.4912,1.9353,1.9884,1.6054,1.1157,0.6631,0.2199,3.2233,3.2233,3.1121,2.796,2.2584,1.9313,10.0,10.0
0.5855,3.2136,3.2136,3.2136,3.2136,3.2136,3.2136,3.1633,3.2136,3.2136,3.2136,3.2136,3.2136,3.2136,3.2136,3.2136,3.2136,3.2136,3.2136,3.2136,3.2136,3.0516,3.2136,3.2136,3.2136,3.2136,3.2136,3.2136
2.5166,0.96,1.3839,2.0163,2.4605,2.9137,3.1768,3.2039,3.2039,3.2039,3.2039,3.2039,3.168,0.4179,0.5059,2.7712,2.5677,2.3057,1.5983,3.2039,2.9437,2.5732,2.2665,1.9598,1.838,1.7564,1.818,1.4937
3.1942,3.1942,3.1942,3.1942,3.1942,3.1942,3.1942,3.1942,3.1942,3.1942,2.844,2.4176,1.113,0.4614,0.5556,0.659,1.3856,1.1184,1.4376,0.6338,0.7729,3.0186,3.1942,3.105,3.1942,1.9291,1.8183,1.3065
3.1847,3.1847,3.1847,1.7884,2.1697,2.6376,3.1847,3.1847,3.1847,3.1847,3.1847,3.1847,3.1847,3.1847,3.1847,0.7768,0.7586,1.2875,1.7762,2.2548,2.4162,0.5294,1.0372,1.545,2.1255,2.0053,2.5938,3.1822
2.7528,3.1751,3.1751,3.1751,3.1751,3.1751,3.1751,3.1751,2.9588,2.6177,2.2743,1.2013,3.1751,3.1602,2.6144,2.0867,1.5762,1.0954,0.651,3.1751,3.1751,3.1751,3.1751,2.7451,2.2173,1.9025,10.0,10.0
3.1657,3.1657,3.1657,3.1657,3.1657,3.1657,3.1657,3.1657,3.1657,3.1657,3.1657,3.0934,2.9436,2.8863,0.5263,0.7448,0.9688,1.2571,1.9762,2.6027,3.0233,0.88,1.6188,1.9563,2.1243,3.1657,3.1657,3.1657
3.1563,3.1563,3.1563,1.7031,2.1174,2.5401,3.1403,3.1563,3.1563,3.1563,3.1563,3.1563,3.1563,3.1563,0.4718,1.0839,2.3948,2.1504,1.839,1.5161,0.448,2.4,1.783,1.8278,1.7142,1.6382,1.7443,1.8504
3.1469,3.1469,3.1469,3.1469,3.1469,3.1469,3.1469,3.1469,2.8457,2.1782,1.6846,1.124,0.8293,0.8418,0.8483,1.5905,1.3087,1.3538,0.8046,0.2668,3.1469,3.1469,3.1469,2.6429,2.4431,2.0745,10.0,10.0
3.1376,0.8845,3.1376,3.1376,3.1376,3.1376,3.1376,3.1376,3.1376,3.1376,3.1376,3.1376,3.1376,3.1376,3.1376,3.1376,3.1376,1.7617,1.5718,1.9953,2.3922,2.7972,0.9178,1.3672,1.8809,2.4053,2.926,3.1376
0.8887,1.2155,1.993,2.5528,2.8744,3.1284,3.1284,3.1284,3.1284,3.1284,3.1284,2.5783,1.8274,0.646,3.1284,2.9549,2.2849,3.1284,3.1284,3.1284,3.1284,3.1284,2.8696,2.4813,2.327,1.8363,1.6192,10.0
3.1192,3.1192,3.1192,3.1192,3.1192,3.1192,3.1192,3.1192,3.1192,3.1192,2.8348,2.5916,2.4662,0.522,0.5261,0.624,1.3119,1.5535,1.3611,1.6803,0.7318,1.0734,2.6571,3.1192,3.1192,3.1192,3.0224,1.6167
3.11,3.11,3.11,3.11,3.11,3.11,3.11,3.11,3.11,3.11,3.11,3.11,3.11,3.11,0.5107,0.4937,1.0077,1.7101,2.3592,2.0078,1.5357,0.7032,1.3776,2.4143,1.8764,2.1694,2.3099,2.4505
3.101,3.101,3.101,3.101,3.101,3.101,3.101,3.101,2.8909,2.2935,3.101,3.101,3.101,3.0878,2.5545,2.0388,1.5401,1.0703,0.6361,3.101,3.101,3.101,3.101,2.6822,2.1665,1.858,10.0,10.0
0.6422,3.0919,3.0919,3.0919,3.0919,3.0919,3.0919,3.0919,3.0919,3.0919,3.0919,3.0919,3.0919,3.0919,3.0919,0.9928,1.3601,1.765,2.281,2.8158,3.0919,3.0919,3.0919,3.0919,2.3715,2.9965,2.885,3.0919
2.7568,2.8077,1.3009,1.8954,2.3129,2.7389,3.083,3.083,3.083,3.083,3.083,3.083,3.083,3.083,0.4755,2.605,2.4137,2.1674,1.8534,1.1178,2.2174,2.4189,2.1305,1.8422,1.7277,1.6511,1.758,1.5773
3.074,3.074,3.074,3.074,3.074,3.074,3.074,3.074,3.074,3.074,2.9803,2.4556,0.7029,0.6144,0.6192,1.3231,1.4393,1.2396,1.2069,0.4002,0.8613,3.074,3.074,3.074,2.0719,2.1497,1.6738,1.3296
3.0652,3.0652,1.2924,1.6455,3.0652,3.0652,3.0652,3.0652,3.0652,3.0652,3.0652,3.0652,3.0652,3.0652,3.0652,3.0652,0.698,1.1846,1.6342,2.0746,2.4872,0.4871,0.9543,1.4215,1.9556,2.5009,3.0423,3.0652
1.1259,2.3705,2.852,3.0564,3.0564,3.0564,3.0564,3.0564,3.0564,2.8522,2.4781,1.9839,0.7539,3.0564,3.0564,3.0564,1.7174,1.1935,3.0564,3.0564,3.0564,3.0564,3.0564,2.9911,2.416,1.8313,10.0,10.0
3.0476,3.0476,3.0476,3.0476,3.0476,3.0476,3.0476,3.0476,3.0476,3.0476,3.0424,2.7814,2.6467,2.5952,0.5646,0.6696,0.871,1.6672,1.9977,2.3402,0.4246,1.152,1.4555,1.8434,3.0476,3.0476,3.0476,3.0476
3.0389,3.0389,3.0389,3.0389,3.0389,2.7101,3.0389,3.0389,3.0389,3.0389,3.0389,3.0389,3.0389,3.0389,0.5034,0.474,1.8236,2.2944,1.962,1.6176,0.478,1.2725,2.2554,1.9502,1.8289,1.7478,1.861,1.9743
3.0302,3.0302,3.0302,3.0302,3.0302,3.0302,3.0302,2.8974,3.0302,3.0302,2.1588,1.4037,1.311,1.2005,1.9663,1.487,1.708,1.1869,0.7055,0.2339,3.0302,2.7836,3.0302,2.8962,2.4027,1.8188,10.0,10.0
0.8484,0.925,3.0216,3.0216,3.0216,3.0216,3.0216,3.0216,3.0216,3.0216,3.0216,3.0216,3.0216,3.0216,3.0216,3.0216,3.0216,3.0216,3.0216,2.0866,2.5017,2.9253,3.0216,1.4298,1.967,3.0216,3.0216,3.0216
2.5344,1.036,1.6987,2.1759,2.6552,2.939,3.013,3.013,3.013,3.013,3.013,3.013,2.4524,0.451,0.5459,2.9905,2.7709,2.0817,1.3044,3.013,3.013,2.7769,2.4459,2.1149,1.9834,1.8954,1.6879,1.5023
3.0045,3.0045,3.0045,3.0045,3.0045,3.0045,3.0045,3.0045,3.0045,3.0045,2.9078,2.5009,2.2192,0.5355,0.5396,0.64,1.3456,1.4345,1.3961,1.0479,0.7506,1.101,3.0045,3.0045,3.0045,3.0045,1.7659,1.4291
2.996,2.996,2.996,2.996,2.996,2.7831,2.996,2.996,2.996,2.996,2.996,2.996,2.996,2.996,2.996,0.6317,0.8315,1.4112,1.9469,2.4714,1.9649,0.5803,1.1369,1.6934,2.6286,2.198,2.843,2.996
2.9876,2.9876,2.9876,2.9876,2.9876,2.9876,2.9876,2.9876,2.9094,2.574,2.2364,2.9876,2.9876,2.9876,2.5708,2.0519,1.5499,1.0771,0.6402,2.9876,2.9876,2.9876,2.9876,2.6993,2.1803,1.7901,10.0,10.0
0.7902,2.9792,2.9792,2.9792,2.9792,2.9792,2.9792,2.9792,2.9792,2.9792,2.9792,2.9792,2.9792,2.9792,0.587,0.8307,1.0805,1.4021,1.8121,2.3597,2.9681,2.9792,1.4069,2.0956,2.3316,2.5964,2.9792,2.9792
2.9709,2.9709,1.2845,1.695,2.1072,2.7045,2.9709,2.9709,2.9709,2.9709,2.9709,2.9709,2.9709,2.9709,0.4695,2.5722,2.3833,2.1401,1.8301,1.5089,2.7323,1.8692,2.1037,1.8191,1.706,1.6303,1.7359,1.8416
2.9626,2.9626,2.9626,2.9626,2.9626,2.9626,2.9626,2.9626,2.8792,2.3996,1.9167,1.2789,0.7987,0.7314,0.7371,1.575,1.2119,1.4755,0.9155,0.3036,2.9626,2.9626,2.9626,2.3139,2.4536,2.0271,1.7297,10.0
2.9543,0.8907,1.2518,2.9543,2.9543,2.9543,2.9543,2.9543,2.9543,2.9543,2.9543,2.9543,2.9543,2.9543,2.9543,2.9543,2.9543,1.1473,1.5828,2.0093,2.409,2.8169,0.9243,1.3768,1.8941,2.4222,2.9466,2.9543
0.8056,1.6961,2.3212,2.6927,2.9461,2.9461,2.9461,2.9461,2.9461,2.9461,2.8661,2.2946,0.8456,0.7524,2.9461,2.9461,2.9461,2.9461,2.9461,2.9461,2.9461,2.9461,2.9461,2.8899,2.2865,1.8889,1.7653,10.0
2.938,2.938,2.938,2.938,2.938,2.938,2.938,2.938,2.938,2.938,2.8886,2.6408,2.513,0.5319,0.5361,0.6358,1.1271,1.583,1.8967,1.7122,0.4337,1.0938,1.4111,2.938,2.938,2.938,2.938,1.6474
2.9299,2.9299,2.9299,2.9299,2.9299,2.9299,2.9299,2.9299,2.9299,2.9299,2.9299,2.9299,2.9299,2.9299,0.5094,0.4484,1.2073,2.0488,2.2118,1.8236,1.3948,0.8424,1.6505,1.3838,2.0618,1.9703,2.098,2.2257
2.9218,2.9218,2.9218,2.9218,2.9218,2.9218,2.9218,2.9218,2.7965,2.9218,2.9218,2.9218,2.9218,2.4645,2.2771,2.1026,1.5882,1.1037,0.656,0.2175,2.9218,2.9218,2.9218,2.7661,2.2342,1.7507,10.0,10.0
0.5938,2.9138,2.9138,2.9138,2.9138,2.9138,2.9138,2.9138,2.9138,2.9138,2.9138,2.9138,2.9138,2.9138,2.9138,1.2981,1.5114,2.0291,2.6545,2.9138,2.9138,2.9138,2.9138,2.9138,2.9138,2.9138,2.9138,2.9138
2.5731,0.9422,1.3582,1.9789,2.4148,2.8597,2.9058,2.9058,2.9058,2.9058,2.9058,2.9058,2.9058,0.4102,0.4965,2.7198,2.52,2.2629,1.9351,0.8466,2.8891,2.5255,2.2244,1.9234,1.8039,1.7238,1.8355,1.4805
2.8979,2.8979,2.8979,2.8979,2.8979,2.8979,2.8979,2.8979,2.8979,2.8979,2.7993,2.5305,0.9145,0.483,0.5816,0.6898,1.4503,1.1643,1.5047,0.5207,0.809,2.8979,2.8979,2.8979,2.8979,2.0192,1.7702,1.3675
2.89,2.89,2.89,1.7404,2.1114,2.89,2.89,2.89,2.89,2.89,2.89,2.89,2.89,2.89,2.89,0.8764,0.7383,1.2529,1.7284,2.1942,2.6306,0.5152,1.0093,1.5035,2.0684,2.6451,2.6718,2.89
2.1098,2.8822,2.8822,2.8822,2.8822,2.8822,2.8822,2.8822,2.8822,2.718,2.3615,1.2474,1.3124,2.8822,2.7146,2.1667,1.6366,1.1374,0.676,2.8822,2.8822,2.8822,2.8822,2.8503,2.3023,1.7428,10.0,10.0
2.8744,2.8744,2.8744,2.8744,2.8744,2.8744,2.8744,2.8744,2.8744,2.8744,2.8744,2.8744,2.8381,2.7828,0.5987,0.718,0.934,1.4446,2.1421,2.5093,2.8744,0.9901,1.5607,1.8862,2.8744,2.8744,2.8744,2.8744
2.8666,2.8666,2.8666,1.755,2.1819,2.6175,2.8666,2.8666,2.8666,2.8666,2.8666,2.8666,2.8666,2.8666,0.4862,0.7299,2.4677,2.2159,1.895,1.5623,0.4617,1.9593,1.4803,1.8835,1.7664,1.6881,1.7974,1.9068
2.8589,2.8589,2.8589,2.8589,2.8589,2.8589,2.8589,2.8589,2.8589,2.3567,1.7193,1.2739,0.8882,0.9562,1.8799,1.6185,1.4866,1.2919,0.7678,0.2546,2.8589,2.8589,2.4851,2.7546,2.5124,1.9796,10.0,10.0
2.8512,0.9048,2.8512,2.8512,2.8512,2.8512,2.8512,2.8512,2.8512,2.8512,2.8512,2.8512,2.8512,2.8512,2.8512,2.8512,2.8512,2.8512,1.6078,2.041,2.447,2.8512,0.9389,1.3985,1.924,2.4604,2.8512,2.8512
0.9907,1.1463,1.8796,2.4076,2.7371,2.8436,2.8436,2.8436,2.8436,2.8436,2.8436,2.8436,2.0371,0.6093,2.8436,2.8436,2.4881,1.8421,2.8436,2.8436,2.8436,2.8436,2.7064,2.3401,2.1947,2.0136,1.6654,10.0
2.836,2.836,2.836,2.836,2.836,2.836,2.836,2.836,2.836,2.836,2.836,2.632,2.1973,0.5302,0.5343,0.6337,1.3323,1.5777,1.3824,1.7065,0.7432,1.0902,2.6985,2.836,2.836,2.836,1.7484,1.6419
2.8284,2.8284,2.8284,2.8284,2.8284,2.8284,2.8284,2.8284,2.8284,2.8284,2.8284,2.8284,2.8284,2.8284,0.5607,0.542,0.9374,1.5909,2.1947,2.2042,1.6859,0.6541,1.2816,1.9091,1.7456,2.3816,2.5359,2.6902
2.8209,2.8209,2.8209,2.8209,2.8209,2.8209,2.8209,2.8209,2.8209,2.5791,1.6304,2.8209,2.8209,2.8209,2.5758,2.0559,1.5529,1.0792,0.6414,2.8209,2.8209,2.8209,2.8209,2.7046,2.1846,1.6902,10.0,10.0
0.696,2.8135,2.8135,2.8135,2.8135,2.8135,2.8135,2.8135,2.8135,2.8135,2.8135,2.8135,2.8135,2.8135,0.8068,0.9569,1.2447,1.6151,2.0874,2.5768,2.8135,2.8135,2.8135,1.9979,2.5395,2.8011,2.8135,2.8135
2.806,2.3592,1.3023,1.7184,2.3154,2.7419,2.806,2.806,2.806,2.806,2.806,2.806,2.806,2.806,0.476,2.6079,2.4163,2.1697,1.8555,1.5298,2.7702,2.4215,2.1329,1.8442,1.7296,1.6529,1.76,1.8671
2.7986,2.7986,2.7986,2.7986,2.7986,2.7986,2.7986,2.7986,2.7986,2.7986,2.7986,1.5116,0.7191,0.6585,0.6636,1.4181,1.3953,1.3285,1.0821,0.3588,0.9231,2.7986,2.7986,2.7986,2.2091,2.1091,1.6928,1.425
2.7913,2.7913,1.2843,2.7913,2.7913,2.7913,2.7913,2.7913,2.7913,2.7913,2.7913,2.7913,2.7913,2.7913,2.7913,2.7913,0.9536,1.1771,1.6239,2.0615,2.4716,0.534,0.9483,1.4125,1.9433,2.4851,2.7913,2.7913
0.9829,2.0694,2.784,2.784,2.784,2.784,2.784,2.784,2.784,2.784,2.6298,2.1054,0.7759,0.918,2.784,2.784,2.784,2.784,2.784,2.784,2.784,2.784,2.784,2.784,2.4512,1.9408,10.0,10.0
2.7767,2.7767,2.7767,2.7767,2.7767,2.7767,2.7767,2.7767,2.7767,2.7767,2.7767,2.7425,2.6097,0.5524,0.5567,0.6603,0.8589,1.6439,1.9698,2.3075,0.4186,1.1359,1.4352,2.7767,2.7767,2.7767,2.7767,1.7108
2.7694,2.7694,2.7694,2.7694,2.7694,2.7694,2.7694,2.7694,2.7694,2.7694,2.7694,2.7694,2.7694,2.7694,0.5294,0.4183,1.5344,2.4131,2.0636,1.7013,1.3013,1.0707,2.3721,1.6831,1.9236,1.8383,1.9574,2.0765
2.7622,2.7622,2.7622,2.7622,2.7622,2.7622,2.7622,2.7622,2.7622,2.7622,2.6484,1.9622,1.6083,2.5013,2.0135,1.7603,1.6703,1.1608,0.6899,0.2288,2.7622,2.7622,2.7622,2.7622,2.3497,1.7787,10.0,10.0
0.6755,0.9649,2.7551,2.7551,2.7551,2.7551,2.7551,2.7551,2.7551,2.7551,2.7551,2.7551,2.7551,2.7551,2.7551,2.7551,2.7551,2.7551,2.7551,2.7551,2.6095,2.7551,2.7551,2.7551,2.7551,2.7551,2.7551,2.7551
2.5652,1.0042,1.4476,2.1091,2.5737,2.7479,2.7479,2.7479,2.7479,2.7479,2.7479,2.7479,2.7479,0.4371,0.5291,2.7479,2.6858,2.4118,1.461,2.7479,2.7479,2.6916,2.3708,2.05,1.9225,1.8372,1.6619,1.4562
2.7409,2.7409,2.7409,2.7409,2.7409,2.7409,2.7409,2.7409,2.7409,2.7409,2.7409,2.4301,2.2969,0.4638,0.5585,0.6624,1.3927,1.3404,1.445,0.7596,0.7769,2.5206,2.7409,2.7409,2.7409,2.0364,1.8277,1.3133
2.7338,2.7338,2.7338,2.7338,2.2827,2.6715,2.7338,2.7338,2.7338,2.7338,2.7338,2.7338,2.7338,2.7338,2.7338,0.7257,0.7982,1.3546,1.8687,2.3723,2.2574,0.557,1.0912,1.6255,2.2362,2.1098,2.7289,2.7338
2.7268,2.7268,2.7268,2.7268,2.7268,2.7268,2.7268,2.7268,2.7268,2.6443,2.2975,1.2135,2.7268,2.7268,2.641,2.1079,1.5922,1.1065,0.6577,2.7268,2.7268,2.7268,2.7268,2.7268,2.2399,1.6956,10.0,10.0
0.889,2.7198,2.7198,2.7198,2.7198,2.7198,2.7198,2.7198,2.7198,2.7198,2.7198,2.7198,2.7198,2.7198,0.5573,0.7886,1.0258,1.3311,1.9245,2.5115,2.7198,0.9318,1.5828,2.0715,2.2135,2.7198,2.7198,2.7198
2.7129,2.7129,2.7129,1.7287,2.1492,2.7129,2.7129,2.7129,2.7129,2.7129,2.7129,2.7129,2.7129,2.7129,0.4789,1.6183,2.4308,2.1827,1.8666,1.5389,0.5882,2.436,2.1456,1.8553,1.7399,1.6628,1.7705,1.8782
2.7059,2.7059,2.7059,2.7059,2.7059,2.7059,2.7059,2.7059,2.7059,2.2494,1.7967,1.1989,0.8836,0.8091,0.8154,1.6963,1.258,1.4439,0.8582,0.2846,2.7059,2.7059,2.7059,2.5404,2.383,2.2126,1.6213,10.0
2.6991,0.902,2.6991,2.6991,2.6991,2.6991,2.6991,2.6991,2.6991,2.6991,2.6991,2.6991,2.6991,2.6991,2.6991,2.6991,2.6991,1.1618,1.6028,2.0347,2.4395,2.6991,0.936,1.3942,1.9181,2.4529,2.6991,2.6991
0.8629,1.3073,2.1434,2.6922,2.6922,2.6922,2.6922,2.6922,2.6922,2.6922,2.6922,2.5035,1.7744,0.6948,2.6922,2.6922,2.6922,2.6922,2.6922,2.6922,2.6922,2.6922,2.6922,2.6686,2.4948,1.9749,1.6131,10.0
2.6854,2.6854,2.6854,2.6854,2.6854,2.6854,2.6854,2.6854,2.6854,2.6854,2.6854,2.6551,2.5266,0.5348,0.539,0.6392,1.344,1.5915,1.6962,1.7214,0.7497,1.0997,2.6854,2.6854,2.6854,2.6854,2.6854,1.6563
2.6786,2.6786,2.6786,2.6786,2.6786,2.6786,2.6786,2.6786,2.6786,2.6786,2.6786,2.6786,2.6786,2.6786,0.5001,0.4834,1.0945,1.8575,2.3847,1.9661,1.5038,0.7638,1.4964,1.6938,2.0382,2.1244,2.262,2.3996
2.6719,2.6719,2.6719,2.6719,2.6719,2.6719,2.6719,2.6719,2.6719,2.0096,2.6719,2.6719,2.6719,2.6719,2.6293,2.0986,1.5852,1.1016,0.6547,0.2909,2.6719,2.6719,2.6719,2.6719,2.2299,1.688,10.0,10.0
0.6335,2.6652,2.6652,2.6652,2.6652,2.6652,2.6652,2.6652,2.6652,2.6652,2.6652,2.6652,2.6652,2.6652,2.6652,0.9928,1.4954,1.9406,2.5079,2.6652,2.6652,2.6652,2.6652,2.6652,2.6652,2.6652,2.6652,2.6652
2.2277,1.0396,1.3454,1.9602,2.392,2.6585,2.6585,2.6585,2.6585,2.6585,2.6585,2.6585,2.6585,0.5499,0.4918,2.6585,2.4962,2.2415,1.9168,0.9033,2.1558,2.5016,2.2034,1.9053,1.7868,1.7076,1.8182,1.5392
2.6519,2.6519,2.6519,2.6519,2.6519,2.6519,2.6519,2.6519,2.6519,2.6519,2.6519,2.6519,0.7849,0.5105,0.6148,1.3137,1.533,1.2307,1.3478,0.447,0.8552,2.6519,2.6519,2.6519,2.6519,2.1343,1.7507,1.3201
2.6453,2.6453,1.3433,1.7102,2.6453,2.6453,2.6453,2.6453,2.6453,2.6453,2.6453,2.6453,2.6453,2.6453,2.6453,0.9028,0.7255,1.2312,1.6985,2.1562,2.5851,0.5062,0.9918,1.4774,2.0325,2.5993,2.6453,2.6453
1.2841,2.6387,2.6387,2.6387,2.6387,2.6387,2.6387,2.6387,2.6387,2.6387,2.4749,1.9814,0.8598,2.6387,2.6387,2.2707,1.7152,1.192,2.6387,2.6387,2.6387,2.6387,2.6387,2.6387,2.4129,1.8265,10.0,10.0
2.6322,2.6322,2.6322,2.6322,2.6322,2.6322,2.6322,2.6322,2.6322,2.6322,2.6322,2.6322,2.6322,2.6322,0.5899,0.6996,0.91,1.5243,2.0871,2.4449,0.4436,1.1895,1.5207,1.8378,2.6322,2.6322,2.6322,2.6322
2.6257,2.6257,2.6257,2.6257,2.2685,2.6257,2.6257,2.6257,2.6257,2.6257,2.6257,2.6257,2.6257,2.6257,0.5054,0.5575,2.1448,2.3038,1.9701,1.6243,0.48,1.4966,1.7058,1.9582,1.8365,1.755,1.8687,1.9825
2.6192,2.6192,2.6192,2.6192,2.6192,2.6192,2.6192,2.6192,2.6192,2.6192,1.884,1.3677,1.2151,1.1127,2.0659,1.5623,1.73,1.247,0.7412,0.2458,2.6192,2.6192,2.6192,2.6192,2.5243,1.9109,1.5694,10.0
1.049,0.9336,2.6127,2.6127,2.6127,2.6127,2.6127,2.6127,2.6127,2.6127,2.6127,2.6127,2.6127,2.6127,2.6127,2.6127,2.6127,2.6127,2.6127,2.106,2.5249,2.6127,2.6127,1.443,1.9852,2.5388,2.6127,2.6127
2.4659,1.0951,1.7956,2.3001,2.6063,2.6063,2.6063,2.6063,2.6063,2.6063,2.6063,2.6063,2.3153,0.5821,0.577,2.6063,2.6063,1.9653,1.3788,2.6063,2.6063,2.6063,2.5855,2.2356,2.0966,2.0036,1.6199,1.5617
2.6,2.6,2.6,2.6,2.6,2.6,2.6,2.6,2.6,2.6,2.6,2.6,2.2507,0.5431,0.5473,0.6491,1.3647,1.616,1.4159,1.4301,0.7613,1.1167,2.6,2.6,2.6,2.6,1.7909,1.4493
2.5936,2.5936,2.5936,2.5936,2.5936,2.5936,2.5936,2.5936,2.5936,2.5936,2.5936,2.5936,2.5936,2.5936,2.5936,0.6047,0.885,1.502,2.0721,2.4592,1.881,0.6176,1.21,1.8024,1.6819,2.3394,2.5936,2.5936
2.5873,2.5873,2.5873,2.5873,2.5873,2.5873,2.5873,2.5873,2.5873,2.5873,1.6581,2.5873,2.5873,2.5873,2.5873,2.0908,1.5793,1.0975,0.6523,2.5873,2.5873,2.5873,2.5873,2.5873,2.2217,1.6818,10.0,10.0
0.7649,2.581,2.581,2.581,2.581,2.581,2.581,2.581,2.581,2.581,2.581,2.581,2.581,2.581,0.7513,0.891,1.159,1.504,1.9437,2.3994,2.581,2.581,1.4566,2.0285,2.5009,2.581,2.581,2.581
2.5747,2.5747,1.315,1.7352,2.338,2.5747,2.5747,2.5747,2.5747,2.5747,2.5747,2.5747,2.5747,2.5747,0.4807,2.5747,2.4399,2.1909,1.8735,1.5447,2.7972,1.7551,2.1537,1.8622,1.7464,1.669,1.7771,1.8853
2.5685,2.5685,2.5685,2.5685,2.5685,2.5685,2.5685,2.5685,2.5685,2.5685,2.0747,1.3843,0.7802,0.7145,0.72,1.5386,1.3118,1.4414,0.991,0.3286,1.0016,2.5685,2.5685,2.5685,2.3969,2.1887,1.7405,10.0
2.5623,0.9161,1.2874,2.5623,2.5623,2.5623,2.5623,2.5623,2.5623,2.5623,2.5623,2.5623,2.5623,2.5623,2.5623,2.5623,1.34,1.18,1.6279,2.0666,2.4777,2.5623,0.9506,1.416,1.9481,2.4912,2.5623,2.5623
0.8816,1.8563,2.5403,2.5562,2.5562,2.5562,2.5562,2.5562,2.5562,2.5562,2.5562,2.2592,0.8326,0.8234,2.5562,2.5562,2.5562,2.5562,2.5562,2.5562,2.5562,2.5562,2.5562,2.5562,2.4527,2.0672,1.5316,10.0
2.55,2.55,2.55,2.55,2.55,2.55,2.55,2.55,2.55,2.55,2.55,2.55,2.55,0.5497,0.554,0.657,1.1246,1.6358,1.96,1.7693,0.4166,1.1303,1.4281,2.55,2.55,2.55,2.55,1.7023
2.5439,2.5439,2.5439,2.5439,2.5439,2.5439,2.5439,2.5439,2.5439,2.5439,2.5439,2.5439,2.5439,2.5439,0.5625,0.4445,1.3396,2.2733,2.1927,1.8078,1.3827,0.9348,1.8314,1.4694,2.044,1.9533,2.0799,2.2064
2.5378,2.5378,2.5378,2.5378,2.5378,2.5378,2.5378,2.5378,2.4476,2.5378,2.5378,2.5378,2.5378,2.5378,1.988,2.1833,1.6492,1.1461,0.6812,0.2259,2.5378,2.5378,2.5378,2.5378,2.32,1.7562,10.0,10.0
0.5923,2.5318,2.5318,2.5318,2.5318,2.5318,2.5318,2.5318,2.5318,2.5318,2.5318,2.5318,2.5318,2.5318,2.5318,2.5318,1.9078,2.4757,2.5318,2.5318,2.5318,2.5318,2.5318,2.5318,2.5318,2.5318,2.5318,2.5318
2.3896,0.9834,1.4175,2.0653,2.5203,2.5258,2.5258,2.5258,2.5258,2.5258,2.5258,2.5258,2.5258,0.4281,0.5181,2.5258,2.5258,2.3617,1.7911,0.8836,2.5258,2.5258,2.3216,2.0074,1.8826,1.7991,1.9157,1.5452
2.5198,2.5198,2.5198,2.5198,2.5198,2.5198,2.5198,2.5198,2.5198,2.5198,2.5198,2.5198,1.0599,0.4845,0.5834,0.6919,1.4547,1.1679,1.5093,0.6035,0.8115,2.5198,2.5198,2.5198,2.5198,2.0254,1.909,1.3717
2.5138,2.5138,2.5138,1.8262,2.2155,2.5138,2.5138,2.5138,2.5138,2.5138,2.5138,2.5138,2.5138,2.5138,2.5138,0.857,0.7747,1.3147,1.8137,2.3024,2.5138,0.5406,1.0591,1.5776,2.1704,2.2089,2.5138,2.5138
2.5079,2.5079,2.5079,2.5079,2.5079,2.5079,2.5079,2.5079,2.5079,2.5079,2.3812,1.2578,2.5079,2.5079,2.5079,2.1847,1.6503,1.1469,0.6816,2.5079,2.5079,2.5079,2.5079,2.5079,2.3215,1.7574,10.0,10.0
2.502,2.502,2.502,2.502,2.502,2.502,2.502,2.502,2.502,2.502,2.502,2.502,2.502,2.502,0.5616,0.7579,0.9859,1.3549,2.0474,2.502,2.502,0.9287,1.6474,1.9909,2.3182,2.502,2.502,2.502
2.4961,2.4961,2.4961,1.7785,2.211,2.4961,2.4961,2.4961,2.4961,2.4961,2.4961,2.4961,2.4961,2.4961,0.4927,0.9428,2.4961,2.2455,1.9203,1.5832,0.4679,2.5061,1.551,1.9087,1.79,1.7106,1.8215,1.9323
2.4902,2.4902,2.4902,2.4902,2.4902,2.4902,2.4902,2.4902,2.4902,2.3576,1.7077,1.2138,0.8463,0.9111,0.9182,1.6123,1.4165,1.3724,0.8157,0.2705,2.4902,2.4902,2.4902,2.4902,2.4767,2.103,1.4921,10.0
2.4844,0.9213,2.4844,2.4844,2.4844,2.4844,2.4844,2.4844,2.4844,2.4844,2.4844,2.4844,2.4844,2.4844,2.4844,2.4844,2.4844,2.4844,1.6371,2.0782,2.4844,2.4844,0.956,1.424,1.9591,2.4844,2.4844,2.4844
0.9556,1.2267,2.0114,2.4786,2.4786,2.4786,2.4786,2.4786,2.4786,2.4786,2.4786,2.4786,1.965,0.652,2.4786,2.4786,2.4001,2.4786,2.4786,2.4786,2.4786,2.4786,2.4786,2.4786,2.3486,1.9424,1.7412,10.0
2.4728,2.4728,2.4728,2.4728,2.4728,2.4728,2.4728,2.4728,2.4728,2.4728,2.4728,2.4728,2.2479,0.5424,0.5466,0.6483,1.363,1.614,1.4142,1.7457,0.7603,1.1152,2.4728,2.4728,2.4728,2.4728,2.4728,1.6796
2.4671,2.4671,2.4671,2.4671,2.4671,2.4671,2.4671,2.4671,2.4671,2.4671,2.4671,2.4671,2.4671,2.4671,0.5463,0.5281,1.0117,1.7168,2.3685,2.1476,1.6427,0.7059,1.3831,2.4239,1.8838,2.3205,2.4671,2.4671
2.4614,2.4614,2.4614,2.4614,2.4614,2.4614,2.4614,2.4614,2.4614,2.4614,2.4614,2.4614,2.4614,2.4614,2.4614,2.113,1.5961,1.1092,0.6592,2.4614,2.4614,2.4614,2.4614,2.4614,2.2453,1.6996,10.0,10.0
0.6839,2.4557,2.4557,2.4557,2.4557,2.4557,2.4557,2.4557,2.4557,2.4557,2.4557,2.4557,2.4557,2.4557,0.8795,1.043,1.3568,1.7606,2.2753,2.4557,2.4557,2.4557,2.4557,2.4557,2.4557,2.4557,2.4557,2.4557
2.45,2.4337,1.3447,1.7744,2.3909,2.45,2.45,2.45,2.45,2.45,2.45,2.45,2.45,2.45,0.4915,2.45,2.45,2.2405,1.9159,1.3924,2.3169,2.45,2.2024,1.9044,1.786,1.7067,1.8173,1.6305
2.4444,2.4444,2.4444,2.4444,2.4444,2.4444,2.4444,2.4444,2.4444,2.4444,2.4444,1.6682,0.7117,0.6517,0.6568,1.4035,1.4241,1.3149,1.1942,0.396,0.9136,2.4444,2.4444,2.4444,2.1865,2.2803,1.6754,1.4104
2.4388,2.4388,1.3325,1.8217,2.4388,2.4388,2.4388,2.4388,2.4388,2.4388,2.4388,2.4388,2.4388,2.4388,2.4388,2.4388,0.7771,1.2213,1.6849,2.1389,2.4388,0.5022,0.9839,1.4656,2.0163,2.4388,2.4388,2.4388
1.102,2.3202,2.4332,2.4332,2.4332,2.4332,2.4332,2.4332,2.4332,2.4332,2.4332,2.0973,0.7729,1.0293,2.4332,2.4332,2.4332,1.2617,2.4332,2.4332,2.4332,2.4332,2.4332,2.4332,2.4332,1.9334,1.4579,10.0
2.4276,2.4276,2.4276,2.4276,2.4276,2.4276,2.4276,2.4276,2.4276,2.4276,2.4276,2.4276,2.4276,2.4276,0.5805,0.6885,0.8956,1.7141,2.0539,2.406,0.4365,1.1845,1.4965,2.4276,2.4276,2.4276,2.4276,2.4276
2.4221,2.4221,2.4221,2.4221,2.4221,2.4221,2.4221,2.4221,2.4221,2.4221,2.4221,2.4221,2.4221,2.4221,0.5305,0.4569,1.7577,2.4179,2.0677,1.7047,1.3039,1.2266,2.3769,1.9281,1.9274,1.8419,1.9613,2.0806
2.4166,2.4166,2.4166,2.4166,2.4166,2.4166,2.4166,2.4166,2.4166,2.4166,2.4033,1.7807,1.4595,1.3365,2.101,1.5975,1.7508,1.2167,0.7232,0.2398,2.4166,2.4166,2.4166,2.4166,2.4166,1.8644,1.4479,10.0
0.7986,0.972,2.4111,2.4111,2.4111,2.4111,2.4111,2.4111,2.4111,2.4111,2.4111,2.4111,2.4111,2.4111,2.4111,2.4111,2.4111,2.4111,2.4111,2.1928,2.4111,2.4111,2.4111,1.5025,2.4111,2.4111,2.4111,2.4111
2.3065,1.0586,1.7357,2.2233,2.4056,2.4056,2.4056,2.4056,2.4056,2.4056,2.4056,2.4056,2.4056,0.4608,0.5578,2.4056,2.4056,2.288,1.3599,2.4056,2.4056,2.4056,2.4056,2.1609,2.0266,1.9367,1.7247,1.4414
2.4002,2.4002,2.4002,2.4002,2.4002,2.4002,2.4002,2.4002,2.4002,2.4002,2.4002,2.4002,2.3258,0.5612,0.5656,0.6707,1.4103,1.4488,1.4632,0.9456,0.7867,2.4002,2.4002,2.4002,2.4002,2.4002,1.8507,1.4977
2.3948,2.3948,2.3948,2.3948,2.3948,2.3948,2.3948,2.3948,2.3948,2.3948,2.3948,2.3948,2.3948,2.3948,2.3948,0.6878,0.8466,1.4367,1.9821,2.3948,2.1395,0.5908,1.1574,1.7241,2.3719,2.2378,2.3948,2.3948
2.3894,2.3894,2.3894,2.3894,2.3894,2.3894,2.3894,2.3894,2.3894,2.3894,2.3377,2.3894,2.3894,2.3894,2.3894,2.1449,1.6201,1.1259,0.6692,2.3894,2.3894,2.3894,2.3894,2.3894,2.2791,1.7253,1.4317,10.0
0.8542,2.384,2.384,2.384,2.384,2.384,2.384,2.384,2.384,2.384,2.384,2.384,2.384,2.384,0.5952,0.8422,1.0955,1.4216,1.8492,2.384,2.384,2.384,1.5209,2.2123,2.364,2.384,2.384,2.384
2.3787,2.3787,1.3394,1.7673,2.1972,2.3787,2.3787,2.3787,2.3787,2.3787,2.3787,2.3787,2.3787,2.3787,0.4896,2.3787,2.3787,2.2315,1.9083,1.5733,1.1255,1.949,2.1936,1.8967,1.7788,1.6999,1.8101,1.9202
2.3734,2.3734,2.3734,2.3734,2.3734,2.3734,2.3734,2.3734,2.3734,2.3734,1.934,1.2904,0.8584,0.7861,0.7922,1.6928,1.2228,1.5542,0.9238,0.3063,2.3734,2.3734,2.3734,2.3734,2.3734,2.1787,1.6225,10.0
2.3681,0.9264,1.302,2.3681,2.3681,2.3681,2.3681,2.3681,2.3681,2.3681,2.3681,2.3681,2.3681,2.3681,2.3681,2.3681,2.3681,1.1933,1.6463,2.0899,2.3681,2.3681,0.9614,1.432,1.9701,2.3681,2.3681,2.3681
0.8459,1.7015,2.3285,2.3628,2.3628,2.3628,2.3628,2.3628,2.3628,2.3628,2.3628,2.3628,1.7395,0.7548,2.3628,2.3628,2.3628,2.3628,2.3628,2.3628,2.3628,2.3628,2.3628,2.3628,2.3628,1.9382,1.5414,10.0
2.3576,2.3576,2.3576,2.3576,2.3576,2.3576,2.3576,2.3576,2.3576,2.3576,2.3576,2.3576,2.3576,0.5519,0.5562,0.6596,1.1978,1.6423,1.9679,1.7764,0.5739,1.1348,2.3576,2.3576,2.3576,2.3576,2.3576,1.7091
2.3523,2.3523,2.3523,2.3523,2.3523,2.3523,2.3523,2.3523,2.3523,2.3523,2.3523,2.3523,2.3523,2.3523,0.5074,0.4777,1.2024,2.0405,2.3523,1.9425,1.4858,0.839,1.6438,1.4741,2.1963,2.0989,2.2349,2.3523
2.3471,2.3471,2.3471,2.3471,2.3471,2.3471,2.3471,2.3471,2.3471,2.0836,2.3471,2.3471,2.3471,2.3471,2.3471,2.1758,1.6435,1.1422,0.6789,0.2251,2.3471,2.3471,2.3471,2.3471,2.312,1.7502,1.4063,10.0
0.6302,2.342,2.342,2.342,2.342,2.342,2.342,2.342,2.342,2.342,2.342,2.342,2.342,2.342,2.342,1.106,1.5816,2.1537,2.342,2.342,2.342,2.342,2.342,2.342,2.342,2.342,2.342,2.342
2.1203,0.9724,1.4017,2.0423,2.3368,2.3368,2.3368,2.3368,2.3368,2.3368,2.3368,2.3368,2.3368,0.468,0.5124,2.3368,2.3368,2.3354,1.9972,0.8737,2.3368,2.3368,2.2957,1.9851,1.8617,1.7791,1.8944,1.528
2.3317,2.3317,2.3317,2.3317,2.3317,2.3317,2.3317,2.3317,2.3317,2.3317,2.3317,2.3317,0.8907,0.511,0.6153,1.3149,1.5344,1.2318,1.5295,0.5072,0.8559,2.3317,2.3317,2.3317,2.3317,2.1362,1.7522,1.4294
2.3266,2.3266,1.4067,1.791,2.3266,2.3266,2.3266,2.3266,2.3266,2.3266,2.3266,2.3266,2.3266,2.3266,2.3266,0.9019,0.7597,1.2893,1.7788,2.258,2.3266,0.5302,1.0387,1.5472,2.1286,2.3266,2.3266,2.3266
1.4956,2.3215,2.3215,2.3215,2.3215,2.3215,2.3215,2.3215,2.3215,2.3215,2.3215,1.9943,1.2542,2.3215,2.3215,2.2855,1.7264,1.1998,0.7131,2.3215,2.3215,2.3215,2.3215,2.3215,2.3215,1.8384,1.391,10.0
2.3164,2.3164,2.3164,2.3164,2.3164,2.3164,2.3164,2.3164,2.3164,2.3164,2.3164,2.3164,2.3164,2.3164,0.6211,0.7367,0.9582,1.5912,2.1976,2.3164,2.3164,1.097,1.6012,1.9351,2.3164,2.3164,2.3164,2.3164
2.3114,2.3114,2.3114,2.3114,2.2952,2.3114,2.3114,2.3114,2.3114,2.3114,2.3114,2.3114,2.3114,2.3114,0.5114,0.6759,2.3114,2.3114,1.9934,1.6435,0.4857,1.8145,1.5573,1.9814,1.8582,1.7758,1.8908,2.0059
2.3064,2.3064,2.3064,2.3064,2.3064,2.3064,2.3064,2.3064,2.3064,2.3064,1.8845,1.3963,1.1445,1.048,2.0605,1.6548,1.6294,1.3209,0.7851,0.2603,2.3064,2.3064,2.3064,2.3064,2.3064,2.024,1.3819,10.0
2.3014,0.9493,2.3014,2.3014,2.3014,2.3014,2.3014,2.3014,2.3014,2.3014,2.3014,2.3014,2.3014,2.3014,2.3014,2.3014,2.3014,2.3014,1.6869,2.1415,2.3014,2.3014,0.9851,1.4673,2.0187,2.3014,2.3014,2.3014
1.0771,1.1676,1.9144,2.2964,2.2964,2.2964,2.2964,2.2964,2.2964,2.2964,2.2964,2.2964,2.2148,0.6206,2.2964,2.2964,2.2964,1.88,2.2964,2.2964,2.2964,2.2964,2.2964,2.2964,2.2353,2.1361,1.6962,1.3759
2.2914,2.2914,2.2914,2.2914,2.2914,2.2914,2.2914,2.2914,2.2914,2.2914,2.2914,2.2914,2.2914,0.5549,0.5592,0.6632,1.3944,1.6512,1.4467,1.7859,0.7778,1.1409,2.2914,2.2914,2.2914,2.2914,1.8298,1.7183
2.2865,2.2865,2.2865,2.2865,2.2865,2.2865,2.2865,2.2865,2.2865,2.2865,2.2865,2.2865,2.2865,2.2865,2.2865,0.5855,0.9505,1.6131,2.2254,2.2865,1.8213,0.6633,1.2995,1.9357,1.77,2.2865,2.2865,2.2865
2.2816,2.2816,2.2816,2.2816,2.2816,2.2816,2.2816,2.2816,2.2816,2.2816,1.7021,2.2816,2.2816,2.2816,2.2816,2.1463,1.6212,1.1267,0.6696,2.2816,2.2816,2.2816,2.2816,2.2816,2.2806,1.7264,1.3671,10.0
0.748,2.2767,2.2767,2.2767,2.2767,2.2767,2.2767,2.2767,2.2767,2.2767,2.2767,2.2767,2.2767,2.2767,0.8138,0.9651,1.2554,1.6291,2.1054,2.2767,2.2767,2.2767,2.2767,2.0151,2.2767,2.2767,2.2767,2.2767
2.2718,2.2718,1.3562,1.7895,2.2718,2.2718,2.2718,2.2718,2.2718,2.2718,2.2718,2.2718,2.2718,2.2718,0.4957,2.2718,2.2718,2.2595,1.9322,1.5931,2.2718,1.81,2.2211,1.9206,1.8012,1.7213,1.8328,1.9443
2.267,2.267,2.267,2.267,2.267,2.267,2.267,2.267,2.267,2.267,2.267,1.5148,0.7694,0.7046,0.7101,1.5173,1.4354,1.4215,1.0844,0.3596,0.9877,2.267,2.267,2.267,2.267,2.1636,1.8112,1.3583
2.2622,2.2622,1.334,2.2622,2.2622,2.2622,2.2622,2.2622,2.2622,2.2622,2.2622,2.2622,2.2622,2.2622,2.2622,2.2622,1.1877,1.2227,1.6869,2.1414,2.2622,2.2622,0.985,1.4673,2.0186,2.2622,2.2622,2.2622
0.9769,2.0568,2.2573,2.2573,2.2573,2.2573,2.2573,2.2573,2.2573,2.2573,2.2573,2.2441,0.827,0.9124,2.2573,2.2573,2.2573,2.2573,2.2573,2.2573,2.2573,2.2573,2.2573,2.2573,2.2573,2.0687,1.4093,10.0
2.2526,2.2526,2.2526,2.2526,2.2526,2.2526,2.2526,2.2526,2.2526,2.2526,2.2526,2.2526,2.2526,0.5723,0.5768,0.6841,0.9243,1.7032,2.0407,1.8422,0.4337,1.1769,1.4869,2.2526,2.2526,2.2526,2.2526,1.7724
2.2478,2.2478,2.2478,2.2478,2.2478,2.2478,2.2478,2.2478,2.2478,2.2478,2.2478,2.2478,2.2478,2.2478,0.5624,0.4444,1.5083,2.2478,2.1921,1.8073,1.3824,1.0525,2.5199,1.6546,2.0434,1.9528,2.0793,2.2058
2.243,2.243,2.243,2.243,2.243,2.243,2.243,2.243,2.243,2.243,2.243,2.2346,1.8316,2.243,2.0803,2.0047,1.7257,1.1993,0.7128,0.2364,2.243,2.243,2.243,2.243,2.243,1.8377,1.344,10.0
0.6537,2.2383,2.2383,2.2383,2.2383,2.2383,2.2383,2.2383,2.2383,2.2383,2.2383,2.2383,2.2383,2.2383,2.2383,2.2383,2.2383,2.2383,2.2383,2.2383,2.2383,2.2383,2.2383,2.2383,2.2383,2.2383,2.2383,2.2383
2.2336,1.0345,1.4912,2.1727,2.2336,2.2336,2.2336,2.2336,2.2336,2.2336,2.2336,2.2336,2.2336,0.4503,0.5451,2.2336,2.2336,2.2336,1.6335,2.2336,2.2336,2.2336,2.2336,2.1118,1.9805,1.8926,1.8581,1.5266
2.2289,2.2289,2.2289,2.2289,2.2289,2.2289,2.2289,2.2289,2.2289,2.2289,2.2289,2.2289,1.2599,0.4898,0.5898,0.6995,1.4708,1.266,1.526,0.7174,0.8205,2.2289,2.2289,2.2289,2.2289,2.0478,1.9301,1.3869
2.2243,2.2243,2.2243,1.9321,2.2243,2.2243,2.2243,2.2243,2.2243,2.2243,2.2243,2.2243,2.2243,2.2243,2.2243,0.8012,0.8196,1.3909,1.9188,2.2243,2.2243,0.5719,1.1205,1.6691,2.2243,2.1664,2.2243,2.2243
2.2196,2.2196,2.2196,2.2196,2.2196,2.2196,2.2196,2.2196,2.2196,2.2196,2.2196,1.2782,2.2196,2.2196,2.2196,2.2196,1.677,1.1654,0.6927,2.2196,2.2196,2.2196,2.2196,2.2196,2.2196,1.7858,1.3299,10.0
0.9726,2.215,2.215,2.215,2.215,2.215,2.215,2.215,2.215,2.215,2.215,2.215,2.215,2.215,0.5702,0.8068,1.0495,1.3619,2.1053,2.215,2.215,0.9533,1.7316,2.1194,2.215,2.215,2.215,2.215
2.2104,2.2104,2.2104,1.8161,2.2104,2.2104,2.2104,2.2104,2.2104,2.2104,2.2104,2.2104,2.2104,2.2104,0.5031,1.3176,2.2104,2.2104,1.961,1.6167,0.4789,2.5592,2.1675,1.9491,1.8279,1.7468,1.86,1.9732
2.2058,2.2058,2.2058,2.2058,2.2058,2.2058,2.2058,2.2058,2.2058,2.2058,1.8306,1.2215,0.9012,0.8789,0.8858,1.7284,1.3665,1.4712,0.8744,0.29,2.2058,2.2058,2.2058,2.2058,2.2058,2.2058,1.5358,10.0
2.2012,0.9452,2.2012,2.2012,2.2012,2.2012,2.2012,2.2012,2.2012,2.2012,2.2012,2.2012,2.2012,2.2012,2.2012,2.2012,2.2012,1.8827,1.6797,2.1323,2.2012,2.2012,0.9809,1.4611,2.0101,2.2012,2.2012,2.2012
0.932,1.3255,2.1734,2.1967,2.1967,2.1967,2.1967,2.1967,2.1967,2.1967,2.1967,2.1967,1.9164,0.7045,2.1967,2.1967,2.1967,2.1967,2.1967,2.1967,2.1967,2.1967,2.1967,2.1967,2.1967,2.0025,1.6981,10.0
2.1921,2.1921,2.1921,2.1921,2.1921,2.1921,2.1921,2.1921,2.1921,2.1921,2.1921,2.1921,2.1921,0.5591,0.5635,0.6683,1.405,1.6638,1.4578,1.7995,0.7838,1.1496,2.1921,2.1921,2.1921,2.1921,2.1921,1.7314
2.1876,2.1876,2.1876,2.1876,2.1876,2.1876,2.1876,2.1876,2.1876,2.1876,2.1876,2.1876,2.1876,2.1876,0.5376,0.5197,1.1033,1.8724,2.1876,2.1135,1.6166,0.7699,1.5084,2.548,2.0546,2.1876,2.1876,2.1876
2.1831,2.1831,2.1831,2.1831,2.1831,2.1831,2.1831,2.1831,2.1831,2.0956,2.1831,2.1831,2.1831,2.1831,2.1831,2.1831,1.653,1.1488,0.6828,2.1831,2.1831,2.1831,2.1831,2.1831,2.1831,1.7603,1.3081,10.0
0.6783,2.1786,2.1786,2.1786,2.1786,2.1786,2.1786,2.1786,2.1786,2.1786,2.1786,2.1786,2.1786,2.1786,2.1786,1.0485,1.4965,1.942,2.1786,2.1786,2.1786,2.1786,2.1786,2.1786,2.1786,2.1786,2.1786,2.1786
2.1742,1.2511,1.3994,2.0389,2.1742,2.1742,2.1742,2.1742,2.1742,2.1742,2.1742,2.1742,2.1742,2.1742,0.5115,2.1742,2.1742,2.1742,1.9938,1.0871,2.1742,2.1742,2.1742,1.9817,1.8585,1.7761,1.8912,1.6967
2.1697,2.1697,2.1697,2.1697,2.1697,2.1697,2.1697,2.1697,2.1697,2.1697,2.1697,2.1697,0.778,0.6508,0.6558,1.4015,1.5932,1.3129,1.336,0.4431,0.9123,2.1697,2.1697,2.1697,2.1697,2.1697,1.8529,1.3
2.1653,2.1653,1.3934,1.7741,2.1653,2.1653,2.1653,2.1653,2.1653,2.1653,2.1653,2.1653,2.1653,2.1653,2.1653,2.1653,0.7526,1.2772,1.762,2.1653,2.1653,0.5252,1.0289,1.5326,2.1085,2.1653,2.1653,2.1653
1.2563,2.1609,2.1609,2.1609,2.1609,2.1609,2.1609,2.1609,2.1609,2.1609,2.1609,2.107,0.8412,2.1609,2.1609,2.1609,1.824,1.2676,2.1609,2.1609,2.1609,2.1609,2.1609,2.1609,2.1609,1.9423,1.3232,10.0
2.1565,2.1565,2.1565,2.1565,2.1565,2.1565,2.1565,2.1565,2.1565,2.1565,2.1565,2.1565,2.1565,2.1565,0.6102,0.7237,0.9414,1.7221,2.1565,2.1565,0.4589,1.245,1.573,1.901,2.1565,2.1565,2.1565,2.1565
2.1521,2.1521,2.1521,2.1521,2.1521,2.1521,2.1521,2.1521,2.1521,2.1521,2.1521,2.1521,2.1521,2.1521,0.5359,0.5349,2.0579,2.1521,2.089,1.7223,0.509,1.436,1.8087,2.0764,1.9473,1.8609,1.9815,2.1021
2.1478,2.1478,2.1478,2.1478,2.1478,2.1478,2.1478,2.1478,2.1478,2.1478,2.0252,1.4481,1.3526,1.2386,2.1304,1.6111,1.8505,1.286,0.7643,0.2535,2.1478,2.1478,2.1478,2.1478,2.1478,1.9706,1.3425,10.0
0.9744,0.9872,2.1435,2.1435,2.1435,2.1435,2.1435,2.1435,2.1435,2.1435,2.1435,2.1435,2.1435,2.1435,2.1435,2.1435,2.1435,2.1435,2.1435,2.1435,2.1435,2.1435,2.1435,1.5259,2.0993,2.1435,2.1435,2.1435
2.1391,1.1255,1.8454,2.1391,2.1391,2.1391,2.1391,2.1391,2.1391,2.1391,2.1391,2.1391,2.1391,0.4899,0.593,2.1391,2.1391,2.1391,1.4171,2.1391,2.1391,2.1391,2.1391,2.1391,2.1391,2.0592,1.7842,1.2817
2.1348,2.1348,2.1348,2.1348,2.1348,2.1348,2.1348,2.1348,2.1348,2.1348,2.1348,2.1348,2.1348,0.5728,0.5772,0.6846,1.4394,1.7025,1.4934,1.2436,0.803,1.1778,2.1348,2.1348,2.1348,2.1348,1.8889,1.5287
2.1306,2.1306,2.1306,2.1306,2.1306,2.1306,2.1306,2.1306,2.1306,2.1306,2.1306,2.1306,2.1306,2.1306,2.1306,0.6607,0.9061,1.5377,2.1213,2.1306,2.0553,0.6323,1.2387,1.8452,1.8377,2.1306,2.1306,2.1306
2.1263,2.1263,2.1263,2.1263,2.1263,2.1263,2.1263,2.1263,2.1263,2.1263,1.7445,2.1263,2.1263,2.1263,2.1263,2.1263,1.6616,1.1547,0.6863,2.1263,2.1263,2.1263,2.1263,2.1263,2.1263,1.7694,1.274,10.0
0.8306,2.122,2.122,2.122,2.122,2.122,2.122,2.122,2.122,2.122,2.122,2.122,2.122,2.122,0.6418,0.9081,1.1813,1.5329,1.981,2.122,2.122,2.122,1.4846,2.122,2.122,2.122,2.122,2.122
2.1178,2.1178,1.3801,1.8211,2.1178,2.1178,2.1178,2.1178,2.1178,2.1178,2.1178,2.1178,2.1178,2.1178,0.5045,2.1178,2.1178,2.1178,1.9663,1.6212,2.1178,2.0083,2.1178,1.9544,1.8329,1.7516,1.8651,1.9786
2.1136,2.1136,2.1136,2.1136,2.1136,2.1136,2.1136,2.1136,2.1136,2.1136,2.1033,1.4035,0.8429,0.7718,0.7778,1.6621,1.3299,1.5572,1.0047,0.3332,2.1136,2.1136,2.1136,2.1136,2.1136,2.1136,1.7646,1.2664
2.1094,0.9591,1.3479,2.1094,2.1094,2.1094,2.1094,2.1094,2.1094,2.1094,2.1094,2.1094,2.1094,2.1094,2.1094,2.1094,1.4029,1.2354,1.7044,2.1094,2.1094,2.1094,0.9953,1.4825,2.0396,2.1094,2.1094,2.1094
0.888,1.8697,2.1052,2.1052,2.1052,2.1052,2.1052,2.1052,2.1052,2.1052,2.1052,2.1052,0.8955,0.8294,2.1052,2.1052,2.1052,2.1052,2.1052,2.1052,2.1052,2.1052,2.1052,2.1052,2.1052,2.0821,1.5261,10.0
2.1011,2.1011,2.1011,2.1011,2.1011,2.1011,2.1011,2.1011,2.1011,2.1011,2.1011,2.1011,2.1011,0.5741,0.5785,0.6861,1.2164,1.7083,2.0469,1.8477,0.435,1.1804,1.4914,2.1011,2.1011,2.1011,2.1011,1.7778
2.0969,2.0969,2.0969,2.0969,2.0969,2.0969,2.0969,2.0969,2.0969,2.0969,2.0969,2.0969,2.0969,2.0969,0.5646,0.4763,1.338,2.0969,2.0969,1.9372,1.4817,0.9337,1.8293,1.47,2.0969,2.0931,2.0969,2.0969
2.0928,2.0928,2.0928,2.0928,2.0928,2.0928,2.0928,2.0928,2.0928,2.0928,2.0928,2.0928,2.0928,2.0928,2.0928,2.0928,1.7179,1.1938,0.7095,0.2353,2.0928,2.0928,2.0928,2.0928,2.0928,1.8293,1.2539,10.0
0.6325,2.0887,2.0887,2.0887,2.0887,2.0887,2.0887,2.0887,2.0887,2.0887,2.0887,2.0887,2.0887,2.0887,2.0887,1.4488,1.6868,2.0887,2.0887,2.0887,2.0887,2.0887,2.0887,2.0887,2.0887,2.0887,2.0887,2.0887
2.0846,1.0215,1.4725,2.0846,2.0846,2.0846,2.0846,2.0846,2.0846,2.0846,2.0846,2.0846,2.0846,0.4447,0.5383,2.0846,2.0846,2.0846,2.0486,0.9178,2.0846,2.0846,2.0846,2.0846,1.9557,1.8689,1.99,1.6052
2.0805,2.0805,2.0805,2.0805,2.0805,2.0805,2.0805,2.0805,2.0805,2.0805,2.0805,2.0805,1.0304,0.5159,0.6212,0.7367,1.549,1.2436,1.6071,0.5867,0.8641,2.0805,2.0805,2.0805,2.0805,2.0805,1.9946,1.4606
2.0764,2.0764,2.0764,1.8915,2.0764,2.0764,2.0764,2.0764,2.0764,2.0764,2.0764,2.0764,2.0764,2.0764,2.0764,0.9525,0.8024,1.3617,1.8786,2.0764,2.0764,0.5599,1.097,1.634,2.0764,2.0764,2.0764,2.0764
2.0724,2.0724,2.0724,2.0724,2.0724,2.0724,2.0724,2.0724,2.0724,2.0724,2.0724,1.3356,1.4997,2.0724,2.0724,2.0724,1.7523,1.2178,0.7238,2.0724,2.0724,2.0724,2.0724,2.0724,2.0724,1.866,1.2712,10.0
2.0683,2.0683,2.0683,2.0683,2.0683,2.0683,2.0683,2.0683,2.0683,2.0683,2.0683,2.0683,2.0683,2.0683,0.6231,0.7825,1.0178,1.5035,2.0683,2.0683,2.0683,1.0305,1.7008,2.0554,2.0683,2.0683,2.0683,2.0683
2.0643,2.0643,2.0643,1.8835,2.0643,2.0643,2.0643,2.0643,2.0643,2.0643,2.0643,2.0643,2.0643,2.0643,0.5218,0.8541,2.0643,2.0643,2.0337,1.6767,0.4955,2.0643,1.5887,2.0214,1.8958,1.8117,1.929,2.0464
2.0603,2.0603,2.0603,2.0603,2.0603,2.0603,2.0603,2.0603,2.0603,2.0603,1.8016,1.3348,0.9307,1.0019,1.0097,1.7628,1.5577,1.4118,0.8391,0.2783,2.0603,2.0603,2.0603,2.0603,2.0603,2.0603,1.4738,10.0
2.0563,0.9732,2.0563,2.0563,2.0563,2.0563,2.0563,2.0563,2.0563,2.0563,2.0563,2.0563,2.0563,2.0563,2.0563,2.0563,2.0563,2.0563,1.7295,2.0563,2.0563,2.0563,1.0099,1.5043,2.0563,2.0563,2.0563,2.0563
1.0436,1.2567,2.0523,2.0523,2.0523,2.0523,2.0523,2.0523,2.0523,2.0523,2.0523,2.0523,2.0523,0.668,2.0523,2.0523,2.0523,2.0195,2.0523,2.0523,2.0523,2.0523,2.0523,2.0523,2.0523,2.0523,1.8258,1.2297
2.0484,2.0484,2.0484,2.0484,2.0484,2.0484,2.0484,2.0484,2.0484,2.0484,2.0484,2.0484,2.0484,0.5716,0.576,0.6832,1.4364,1.7009,1.4903,1.8397,0.8013,1.1753,2.0484,2.0484,2.0484,2.0484,1.8849,1.77
2.0444,2.0444,2.0444,2.0444,2.0444,2.0444,2.0444,2.0444,2.0444,2.0444,2.0444,2.0444,2.0444,2.0444,0.5932,0.5735,1.0314,1.7503,2.0444,2.0444,1.7839,0.7197,1.41,2.0444,1.9205,2.0444,2.0444,2.0444
2.0405,2.0405,2.0405,2.0405,2.0405,2.0405,2.0405,2.0405,2.0405,2.0405,2.0405,2.0405,2.0405,2.0405,2.0405,2.0405,1.6779,1.166,0.693,2.0405,2.0405,2.0405,2.0405,2.0405,2.0405,1.7868,1.2226,10.0
0.7392,2.0366,2.0366,2.0366,2.0366,2.0366,2.0366,2.0366,2.0366,2.0366,2.0366,2.0366,2.0366,2.0366,0.8913,1.0571,1.3751,1.7844,2.0366,2.0366,2.0366,2.0366,2.0366,2.0366,2.0366,2.0366,2.0366,2.0366
2.0327,2.0327,1.4102,1.8608,2.0327,2.0327,2.0327,2.0327,2.0327,2.0327,2.0327,2.0327,2.0327,2.0327,0.5155,2.0327,2.0327,2.0327,2.0092,1.6565,2.0327,2.0327,2.0327,1.9971,1.8729,1.7899,1.9058,1.7441
2.0288,2.0288,2.0288,2.0288,2.0288,2.0288,2.0288,2.0288,2.0288,2.0288,2.0288,1.6783,0.7662,0.7017,0.7071,1.5111,1.4868,1.4156,1.2014,0.3984,0.9836,2.0288,2.0288,2.0288,2.0288,2.0288,1.8037,1.2156
2.0249,2.0249,1.3938,2.0249,2.0249,2.0249,2.0249,2.0249,2.0249,2.0249,2.0249,2.0249,2.0249,2.0249,2.0249,2.0249,0.9378,1.2776,1.7625,2.0249,2.0249,0.5253,1.0292,1.5331,2.0249,2.0249,2.0249,2.0249
1.0981,2.0211,2.0211,2.0211,2.0211,2.0211,2.0211,2.0211,2.0211,2.0211,2.0211,2.0211,0.8292,1.0256,2.0211,2.0211,2.0211,2.0211,2.0211,2.0211,2.0211,2.0211,2.0211,2.0211,2.0211,2.0211,1.4131,10.0
2.0172,2.0172,2.0172,2.0172,2.0172,2.0172,2.0172,2.0172,2.0172,2.0172,2.0172,2.0172,2.0172,2.0172,0.6056,0.7183,0.9343,1.7883,2.0172,2.0172,0.4554,1.2357,1.5613,2.0172,2.0172,2.0172,2.0172,2.0172
2.0134,2.0134,2.0134,2.0134,2.0134,2.0134,2.0134,2.0134,2.0134,2.0134,2.0134,2.0134,2.0134,2.0134,0.5673,0.4492,1.7283,2.0134,2.0134,1.8232,1.3945,1.206,2.0134,1.8958,2.0134,1.97,2.0134,2.0134
2.0096,2.0096,2.0096,2.0096,2.0096,2.0096,2.0096,2.0096,2.0096,2.0096,2.0096,2.0096,1.657,1.5174,2.0096,1.8137,1.8215,1.2658,0.7524,0.2495,2.0096,2.0096,2.0096,2.0096,2.0096,1.9397,1.3214,10.0
0.7697,1.0366,2.0058,2.0058,2.0058,2.0058,2.0058,2.0058,2.0058,2.0058,2.0058,2.0058,2.0058,2.0058,2.0058,2.0058,2.0058,2.0058,2.0058,2.0058,2.0058,2.0058,2.0058,2.0058,2.0058,2.0058,2.0058,2.0058
2.002,1.0979,1.8002,2.002,2.002,2.002,2.002,2.002,2.002,2.002,2.002,2.002,2.002,0.4779,0.5785,2.002,2.002,2.002,1.5216,2.002,2.002,2.002,2.002,2.002,2.002,2.002,1.7888,1.4221
1.9983,1.9983,1.9983,1.9983,1.9983,1.9983,1.9983,1.9983,1.9983,1.9983,1.9983,1.9983,1.9983,0.5366,0.6015,0.7134,1.4999,1.5409,1.5563,0.8814,0.8367,1.9983,1.9983,1.9983,1.9983,1.9983,1.9684,1.5019
1.9945,1.9945,1.9945,1.9945,1.9945,1.9945,1.9945,1.9945,1.9945,1.9945,1.9945,1.9945,1.9945,1.9945,1.9945,0.7617,0.8751,1.4851,1.9945,1.9945,1.9945,0.6107,1.1964,1.7821,1.9945,1.9945,1.9945,1.9945
1.9908,1.9908,1.9908,1.9908,1.9908,1.9908,1.9908,1.9908,1.9908,1.9908,1.9908,1.3212,1.9908,1.9908,1.9908,1.9908,1.7188,1.1945,0.7099,1.9908,1.9908,1.9908,1.9908,1.9908,1.9908,1.8303,1.2469,10.0
0.9387,1.9871,1.9871,1.9871,1.9871,1.9871,1.9871,1.9871,1.9871,1.9871,1.9871,1.9871,1.9871,1.9871,0.6129,0.8672,1.1281,1.4638,1.9871,1.9871,1.9871,1.0247,1.6712,1.9871,1.9871,1.9871,1.9871,1.9871
1.9833,1.9833,1.4175,1.8704,1.9833,1.9833,1.9833,1.9833,1.9833,1.9833,1.9833,1.9833,1.9833,1.9833,0.5181,1.9833,1.9833,1.9833,1.9833,1.665,0.7746,1.9833,1.9833,1.9833,1.8825,1.799,1.9156,1.9833
1.9796,1.9796,1.9796,1.9796,1.9796,1.9796,1.9796,1.9796,1.9796,1.9796,1.9796,1.3228,0.9374,0.8584,0.8651,1.8487,1.3346,1.5933,0.947,0.314,1.9796,1.9796,1.9796,1.9796,1.9796,1.9796,1.6632,1.1862
1.976,0.9781,1.976,1.976,1.976,1.976,1.976,1.976,1.976,1.976,1.976,1.976,1.976,1.976,1.976,1.976,1.976,1.2599,1.7381,1.976,1.976,1.976,1.015,1.5119,1.976,1.976,1.976,1.976
0.9192,1.4481,1.9723,1.9723,1.9723,1.9723,1.9723,1.9723,1.9723,1.9723,1.9723,1.9723,1.8901,0.7696,1.9723,1.9723,1.9723,1.9723,1.9723,1.9723,1.9723,1.9723,1.9723,1.9723,1.9723,1.9723,1.6748,1.1818
1.9686,1.9686,1.9686,1.9686,1.9686,1.9686,1.9686,1.9686,1.9686,1.9686,1.9686,1.9686,1.9686,0.5813,0.5858,0.6947,1.4607,1.7297,1.8435,1.8709,0.8148,1.1952,1.9686,1.9686,1.9686,1.9686,1.9686,1.8001
1.965,1.965,1.965,1.965,1.965,1.965,1.965,1.965,1.965,1.965,1.965,1.965,1.965,1.965,0.5346,0.5168,1.218,1.965,1.965,1.965,1.6076,0.8499,1.6651,1.5949,1.965,1.965,1.965,1.965
1.9614,1.9614,1.9614,1.9614,1.9614,1.9614,1.9614,1.9614,1.9614,1.9614,1.9614,1.9614,1.9614,1.9614,1.9614,1.9614,1.7267,1.2,0.7132,0.2804,1.9614,1.9614,1.9614,1.9614,1.9614,1.8388,1.2527,10.0
0.6794,1.9578,1.9578,1.9578,1.9578,1.9578,1.9578,1.9578,1.9578,1.9578,1.9578,1.9578,1.9578,1.9578,1.9578,1.1109,1.6734,1.9578,1.9578,1.9578,1.9578,1.9578,1.9578,1.9578,1.9578,1.9578,1.9578,1.9578
1.9542,1.0462,1.4689,1.9542,1.9542,1.9542,1.9542,1.9542,1.9542,1.9542,1.9542,1.9542,1.9542,0.5534,0.5369,1.9542,1.9542,1.9542,1.9542,0.9156,1.9542,1.9542,1.9542,1.9542,1.9509,1.8644,1.9542,1.6012
1.9506,1.9506,1.9506,1.9506,1.9506,1.9506,1.9506,1.9506,1.9506,1.9506,1.9506,1.9506,0.8846,0.549,0.6611,1.4128,1.6486,1.3235,1.519,0.5037,0.9196,1.9506,1.9506,1.9506,1.9506,1.9506,1.8827,1.4197
1.947,1.947,1.4702,1.8718,1.947,1.947,1.947,1.947,1.947,1.947,1.947,1.947,1.947,1.947,1.947,0.9425,0.794,1.3475,1.859,1.947,1.947,0.5541,1.0855,1.617,1.947,1.947,1.947,1.947
1.4614,1.9434,1.9434,1.9434,1.9434,1.9434,1.9434,1.9434,1.9434,1.9434,1.9434,1.9434,1.2256,1.9434,1.9434,1.9434,1.8494,1.2853,0.7639,1.9434,1.9434,1.9434,1.9434,1.9434,1.9434,1.9434,1.3417,10.0
1.9399,1.9399,1.9399,1.9399,1.9399,1.9399,1.9399,1.9399,1.9399,1.9399,1.9399,1.9399,1.9399,1.9399,0.6473,0.7677,0.9985,1.6581,1.9399,1.9399,0.4867,1.239,1.6686,1.9399,1.9399,1.9399,1.9399,1.9399
1.9363,1.9363,1.9363,1.9363,1.9363,1.9363,1.9363,1.9363,1.9363,1.9363,1.9363,1.9363,1.9363,1.9363,0.5464,0.6437,1.9363,1.9363,1.9363,1.7558,0.5189,1.7281,1.8439,1.9363,1.9363,1.8971,1.9363,1.9363
1.9328,1.9328,1.9328,1.9328,1.9328,1.9328,1.9328,1.9328,1.9328,1.9328,1.9328,1.5047,1.2772,1.1696,1.9328,1.7189,1.8184,1.372,0.8155,0.2704,1.9328,1.9328,1.9328,1.9328,1.9328,1.9328,1.4323,10.0
1.9293,1.0116,1.9293,1.9293,1.9293,1.9293,1.9293,1.9293,1.9293,1.9293,1.9293,1.9293,1.9293,1.9293,1.9293,1.9293,1.9293,1.9293,1.7976,1.9293,1.9293,1.9293,1.9293,1.5636,1.9293,1.9293,1.9293,1.9293
1.9258,1.2084,1.9258,1.9258,1.9258,1.9258,1.9258,1.9258,1.9258,1.9258,1.9258,1.9258,1.9258,0.6423,0.6367,1.9258,1.9258,1.9258,1.9258,1.9258,1.9258,1.9258,1.9258,1.9258,1.9258,1.9258,1.7556,1.1552
1.9223,1.9223,1.9223,1.9223,1.9223,1.9223,1.9223,1.9223,1.9223,1.9223,1.9223,1.9223,1.9223,0.5898,0.5944,0.705,1.4822,1.7552,1.5378,1.7863,0.8268,1.2128,1.9223,1.9223,1.9223,1.9223,1.9223,1.6456
1.9188,1.9188,1.9188,1.9188,1.9188,1.9188,1.9188,1.9188,1.9188,1.9188,1.9188,1.9188,1.9188,1.9188,1.9188,0.6433,0.9797,1.6627,1.9188,1.9188,1.9188,0.6837,1.3395,1.9188,1.8244,1.9188,1.9188,1.9188
1.9154,1.9154,1.9154,1.9154,1.9154,1.9154,1.9154,1.9154,1.9154,1.9154,1.805,1.9154,1.9154,1.9154,1.9154,1.9154,1.7192,1.1948,0.7101,1.9154,1.9154,1.9154,1.9154,1.9154,1.9154,1.8308,1.2472,10.0
0.8173,1.9119,1.9119,1.9119,1.9119,1.9119,1.9119,1.9119,1.9119,1.9119,1.9119,1.9119,1.9119,1.9119,0.8347,0.99,1.2877,1.671,1.9119,1.9119,1.9119,1.9119,1.6183,1.9119,1.9119,1.9119,1.9119,1.9119
1.9085,1.9085,1.4347,1.8932,1.9085,1.9085,1.9085,1.9085,1.9085,1.9085,1.9085,1.9085,1.9085,1.9085,0.5244,1.9085,1.9085,1.9085,1.9085,1.6853,1.9085,1.9085,1.9085,1.9085,1.9055,1.8209,1.9085,1.9085
1.9051,1.9051,1.9051,1.9051,1.9051,1.9051,1.9051,1.9051,1.9051,1.9051,1.9051,1.5446,0.8368,0.7663,0.7723,1.6503,1.4637,1.5461,1.1057,0.3667,1.0743,1.9051,1.9051,1.9051,1.9051,1.9051,1.9051,1.1415
1.9017,1.0018,1.4079,1.9017,1.9017,1.9017,1.9017,1.9017,1.9017,1.9017,1.9017,1.9017,1.9017,1.9017,1.9017,1.9017,1.4653,1.2904,1.7802,1.9017,1.9017,1.9017,1.0396,1.5485,1.9017,1.9017,1.9017,1.9017
0.9887,1.8983,1.8983,1.8983,1.8983,1.8983,1.8983,1.8983,1.8983,1.8983,1.8983,1.8983,0.896,0.9235,1.8983,1.8983,1.8983,1.8983,1.8983,1.8983,1.8983,1.8983,1.8983,1.8983,1.8983,1.8983,1.5268,1.1374
1.8949,1.8949,1.8949,1.8949,1.8949,1.8949,1.8949,1.8949,1.8949,1.8949,1.8949,1.8949,1.8949,0.6025,0.6072,0.7202,1.1194,1.793,1.8949,1.8949,0.4566,1.2389,1.5653,1.8949,1.8949,1.8949,1.8949,1.8659
1.8915,1.8915,1.8915,1.8915,1.8915,1.8915,1.8915,1.8915,1.8915,1.8915,1.8915,1.8915,1.8915,1.8915,0.6072,0.4798,1.5119,1.8915,1.8915,1.8915,1.4925,1.055,1.8915,1.6584,1.8915,1.8915,1.8915,1.8915
1.8881,1.8881,1.8881,1.8881,1.8881,1.8881,1.8881,1.8881,1.8881,1.8881,1.8881,1.8881,1.8881,1.8881,1.8881,1.8881,1.812,1.2593,0.7484,0.2482,1.8881,1.8881,1.8881,1.8881,1.8881,1.8881,1.3145,10.0
0.6464,1.8848,1.8848,1.8848,1.8848,1.8848,1.8848,1.8848,1.8848,1.8848,1.8848,1.8848,1.8848,1.8848,1.8848,1.8848,1.8848,1.8848,1.8848,1.8848,1.8848,1.8848,1.8848,1.8848,1.8848,1.8848,1.8848,1.8848
1.8815,1.0832,1.5614,1.8815,1.8815,1.8815,1.8815,1.8815,1.8815,1.8815,1.8815,1.8815,1.8815,0.4715,0.5707,1.8815,1.8815,1.8815,1.865,0.9732,1.8815,1.8815,1.8815,1.8815,1.8815,1.8815,1.8815,1.702
1.8781,1.8781,1.8781,1.8781,1.8781,1.8781,1.8781,1.8781,1.8781,1.8781,1.8781,1.8781,1.2207,0.5257,0.6331,0.7509,1.5787,1.2674,1.638,0.6951,0.8807,1.8781,1.8781,1.8781,1.8781,1.8781,1.8781,1.4886
1.8748,1.8748,1.8748,1.8748,1.8748,1.8748,1.8748,1.8748,1.8748,1.8748,1.8748,1.8748,1.8748,1.8748,1.8748,0.9019,0.8556,1.452,1.8748,1.8748,1.8748,0.597,1.1697,1.7424,1.8748,1.8748,1.8748,1.8748
1.8715,1.8715,1.8715,1.8715,1.8715,1.8715,1.8715,1.8715,1.8715,1.8715,1.8715,1.3683,1.8715,1.8715,1.8715,1.8715,1.7954,1.2477,0.7416,1.8715,1.8715,1.8715,1.8715,1.8715,1.8715,1.8715,1.3024,10.0
1.8682,1.8682,1.8682,1.8682,1.8682,1.8682,1.8682,1.8682,1.8682,1.8682,1.8682,1.8682,1.8682,1.8682,0.5955,0.8394,1.0919,1.4369,1.8682,1.8682,1.8682,0.9918,1.8246,1.8682,1.8682,1.8682,1.8682,1.8682
1.8649,1.8649,1.8649,1.8649,1.8649,1.8649,1.8649,1.8649,1.8649,1.8649,1.8649,1.8649,1.8649,1.8649,0.5372,1.1468,1.8649,1.8649,1.8649,1.7265,0.5102,1.8649,1.8649,1.8649,1.8649,1.8649,1.8649,1.8649
1.8617,1.8617,1.8617,1.8617,1.8617,1.8617,1.8617,1.8617,1.8617,1.8617,1.8617,1.2949,0.934,0.9719,0.9795,1.7913,1.5111,1.5248,0.9063,0.3005,1.8617,1.8617,1.8617,1.8617,1.8617,1.8617,1.5917,1.1155
1.8584,1.007,1.8584,1.8584,1.8584,1.8584,1.8584,1.8584,1.8584,1.8584,1.8584,1.8584,1.8584,1.8584,1.8584,1.8584,1.8584,1.8584,1.7895,1.8584,1.8584,1.8584,1.0449,1.5565,1.8584,1.8584,1.8584,1.8584
1.0244,1.3677,1.8552,1.8552,1.8552,1.8552,1.8552,1.8552,1.8552,1.8552,1.8552,1.8552,1.8552,0.7269,1.8552,1.8552,1.8552,1.8552,1.8552,1.8552,1.8552,1.8552,1.8552,1.8552,1.8552,1.8552,1.8552,1.1116
1.8519,1.8519,1.8519,1.8519,1.8519,1.8519,1.8519,1.8519,1.8519,1.8519,1.8519,1.8519,1.8519,0.5942,0.5988,0.7102,1.4933,1.7683,1.5493,1.8519,0.833,1.2219,1.8519,1.8519,1.8519,1.8519,1.8519,1.8402
1.8487,1.8487,1.8487,1.8487,1.8487,1.8487,1.8487,1.8487,1.8487,1.8487,1.8487,1.8487,1.8487,1.8487,0.588,0.5684,1.1324,1.8487,1.8487,1.8487,1.7681,0.7902,1.5481,1.8487,1.8487,1.8487,1.8487,1.8487
1.8455,1.8455,1.8455,1.8455,1.8455,1.8455,1.8455,1.8455,1.8455,1.8455,1.8455,1.8455,1.8455,1.8455,1.8455,1.8455,1.7527,1.218,0.7239,1.8455,1.8455,1.8455,1.8455,1.8455,1.8455,1.8455,1.2715,10.0
0.7387,1.8423,1.8423,1.8423,1.8423,1.8423,1.8423,1.8423,1.8423,1.8423,1.8423,1.8423,1.8423,1.8423,1.8423,1.142,1.5258,1.8423,1.8423,1.8423,1.8423,1.8423,1.8423,1.8423,1.8423,1.8423,1.8423,1.8423
1.8391,1.8391,1.4802,1.8391,1.8391,1.8391,1.8391,1.8391,1.8391,1.8391,1.8391,1.8391,1.8391,1.8391,0.541,1.8391,1.8391,1.8391,1.8391,1.3606,1.8391,1.8391,1.8391,1.8391,1.8391,1.8391,1.8391,1.7947
1.8359,1.8359,1.8359,1.8359,1.8359,1.8359,1.8359,1.8359,1.8359,1.8359,1.8359,1.8359,0.7865,0.7063,0.7118,1.5209,1.6106,1.4249,1.3506,0.4479,0.9901,1.8359,1.8359,1.8359,1.8359,1.8359,1.8359,1.2623
1.8328,1.8328,1.4702,1.8328,1.8328,1.8328,1.8328,1.8328,1.8328,1.8328,1.8328,1.8328,1.8328,1.8328,1.8328,1.8328,0.794,1.3475,1.8328,1.8328,1.8328,0.5541,1.0856,1.617,1.8328,1.8328,1.8328,1.8328
1.2555,1.8296,1.8296,1.8296,1.8296,1.8296,1.8296,1.8296,1.8296,1.8296,1.8296,1.8296,0.8407,1.8296,1.8296,1.8296,1.8296,1.3712,1.8296,1.8296,1.8296,1.8296,1.8296,1.8296,1.8296,1.8296,1.4314,10.0
1.8265,1.8265,1.8265,1.8265,1.8265,1.8265,1.8265,1.8265,1.8265,1.8265,1.8265,1.8265,1.8265,1.8265,0.6421,0.7615,0.9906,1.8265,1.8265,1.8265,0.4828,1.3101,1.6553,1.8265,1.8265,1.8265,1.8265,1.8265
1.8233,1.8233,1.8233,1.8233,1.8233,1.8233,1.8233,1.8233,1.8233,1.8233,1.8233,1.8233,1.8233,1.8233,0.5781,0.5258,1.8233,1.8233,1.8233,1.8233,0.549,1.4115,1.8233,1.8233,1.8233,1.8233,1.8233,1.8233
1.8202,1.8202,1.8202,1.8202,1.8202,1.8202,1.8202,1.8202,1.8202,1.8202,1.8202,1.8202,1.5373,1.4078,1.8202,1.6904,1.8202,1.3493,0.802,0.266,1.8202,1.8202,1.8202,1.8202,1.8202,1.8202,1.4086,10.0
0.9328,1.062,1.8171,1.8171,1.8171,1.8171,1.8171,1.8171,1.8171,1.8171,1.8171,1.8171,1.8171,1.8171,1.8171,1.8171,1.8171,1.8171,1.8171,1.8171,1.8171,1.8171,1.8171,1.6416,1.8171,1.8171,1.8171,1.8171
1.814,1.1772,1.814,1.814,1.814,1.814,1.814,1.814,1.814,1.814,1.814,1.814,1.814,0.5124,0.6203,1.814,1.814,1.814,1.4821,1.814,1.814,1.814,1.814,1.814,1.814,1.814,1.814,1.3506
1.8109,1.8109,1.8109,1.8109,1.8109,1.8109,1.8109,1.8109,1.8109,1.8109,1.8109,1.8109,1.8109,0.6146,0.6194,0.7346,1.5446,1.5868,1.6026,1.1333,0.8616,1.2638,1.8109,1.8109,1.8109,1.8109,1.8109,1.6404
1.8078,1.8078,1.8078,1.8078,1.8078,1.8078,1.8078,1.8078,1.8078,1.8078,1.8078,1.8078,1.8078,1.8078,1.8078,0.7358,0.9443,1.6026,1.8078,1.8078,1.8078,0.659,1.291,1.8078,1.8078,1.8078,1.8078,1.8078
1.8047,1.8047,1.8047,1.8047,1.8047,1.8047,1.8047,1.8047,1.8047,1.8047,1.8047,1.8047,1.8047,1.8047,1.8047,1.8047,1.7787,1.2361,0.7347,1.8047,1.8047,1.8047,1.8047,1.8047,1.8047,1.8047,1.2904,10.0
0.9188,1.8017,1.8017,1.8017,1.8017,1.8017,1.8017,1.8017,1.8017,1.8017,1.8017,1.8017,1.8017,1.8017,0.6661,0.9426,1.2261,1.591,1.8017,1.8017,1.8017,1.8017,1.6358,1.8017,1.8017,1.8017,1.8017,1.8017
1.7986,1.7986,1.4739,1.7986,1.7986,1.7986,1.7986,1.7986,1.7986,1.7986,1.7986,1.7986,1.7986,1.7986,0.5388,1.7986,1.7986,1.7986,1.7986,1.7314,1.7986,1.7986,1.7986,1.7986,1.7986,1.7986,1.7986,1.7986
1.7956,1.7956,1.7956,1.7956,1.7956,1.7956,1.7956,1.7956,1.7956,1.7956,1.7956,1.4496,0.9274,0.8492,0.8558,1.7956,1.3737,1.7133,1.0377,0.3441,1.7956,1.7956,1.7956,1.7956,1.7956,1.7956,1.7956,1.0759
1.7925,1.0219,1.4361,1.7925,1.7925,1.7925,1.7925,1.7925,1.7925,1.7925,1.7925,1.7925,1.7925,1.7925,1.7925,1.7925,1.7925,1.3163,1.7925,1.7925,1.7925,1.7925,1.0604,1.5796,1.7925,1.7925,1.7925,1.7925
0.9174,1.7895,1.7895,1.7895,1.7895,1.7895,1.7895,1.7895,1.7895,1.7895,1.7895,1.7895,0.9809,0.8516,1.7895,1.7895,1.7895,1.7895,1.7895,1.7895,1.7895,1.7895,1.7895,1.7895,1.7895,1.7895,1.6716,1.0722
1.7865,1.7865,1.7865,1.7865,1.7865,1.7865,1.7865,1.7865,1.7865,1.7865,1.7865,1.7865,1.7865,0.6102,0.615,0.7293,1.293,1.7865,1.7865,1.7865,0.5424,1.2547,1.7648,1.7865,1.7865,1.7865,1.7865,1.7865
1.7835,1.7835,1.7835,1.7835,1.7835,1.7835,1.7835,1.7835,1.7835,1.7835,1.7835,1.7835,1.7835,1.7835,0.5754,0.5198,1.3636,1.7835,1.7835,1.7835,1.6168,0.9516,1.7835,1.6041,1.7835,1.7835,1.7835,1.7835
1.7805,1.7805,1.7805,1.7805,1.7805,1.7805,1.7805,1.7805,1.7805,1.7805,1.7805,1.7805,1.7805,1.7805,1.7805,1.7805,1.7805,1.2659,0.7524,0.2495,1.7805,1.7805,1.7805,1.7805,1.7805,1.7805,1.3215,10.0
0.6879,1.7775,1.7775,1.7775,1.7775,1.7775,1.7775,1.7775,1.7775,1.7775,1.7775,1.7775,1.7775,1.7775,1.7775,1.462,1.7263,1.7775,1.7775,1.7775,1.7775,1.7775,1.7775,1.7775,1.7775,1.7775,1.7775,1.7775
1.7746,1.0804,1.5574,1.7746,1.7746,1.7746,1.7746,1.7746,1.7746,1.7746,1.7746,1.7746,1.7746,0.4854,0.5693,1.7746,1.7746,1.7746,1.7746,0.9708,1.7746,1.7746,1.7746,1.7746,1.7746,1.7746,1.7746,1.6977
1.7716,1.7716,1.7716,1.7716,1.7716,1.7716,1.7716,1.7716,1.7716,1.7716,1.7716,1.7716,1.0256,0.5593,0.6735,1.4393,1.6795,1.3484,1.7426,0.584,0.9369,1.7716,1.7716,1.7716,1.7716,1.7716,1.7716,1.5837
1.7687,1.7687,1.567,1.7687,1.7687,1.7687,1.7687,1.7687,1.7687,1.7687,1.7687,1.7687,1.7687,1.7687,1.7687,1.0047,0.8463,1.4363,1.7687,1.7687,1.7687,0.5906,1.1571,1.7235,1.7687,1.7687,1.7687,1.7687
1.7657,1.7657,1.7657,1.7657,1.7657,1.7657,1.7657,1.7657,1.7657,1.7657,1.7657,1.4441,1.4619,1.7657,1.7657,1.7657,1.7657,1.3168,0.7826,1.7657,1.7657,1.7657,1.7657,1.7657,1.7657,1.7657,1.3746,10.0
1.7628,1.7628,1.7628,1.7628,1.7628,1.7628,1.7628,1.7628,1.7628,1.7628,1.7628,1.7628,1.7628,1.7628,0.6938,0.8229,1.0704,1.7041,1.7628,1.7628,1.7628,1.168,1.7628,1.7628,1.7628,1.7628,1.7628,1.7628
1.7599,1.7599,1.7599,1.7599,1.7599,1.7599,1.7599,1.7599,1.7599,1.7599,1.7599,1.7599,1.7599,1.7599,0.5627,0.8033,1.7599,1.7599,1.7599,1.7599,0.5344,1.7599,1.7135,1.7599,1.7599,1.7599,1.7599,1.7599
1.757,1.757,1.757,1.757,1.757,1.757,1.757,1.757,1.757,1.757,1.757,1.4981,1.0445,1.1244,1.757,1.757,1.7482,1.4798,0.8795,0.2917,1.757,1.757,1.757,1.757,1.757,1.757,1.5447,1.0527
1.7541,1.0471,1.7541,1.7541,1.7541,1.7541,1.7541,1.7541,1.7541,1.7541,1.7541,1.7541,1.7541,1.7541,1.7541,1.7541,1.7541,1.7541,1.7541,1.7541,1.7541,1.7541,1.0866,1.6186,1.7541,1.7541,1.7541,1.7541
1.1625,1.3122,1.7512,1.7512,1.7512,1.7512,1.7512,1.7512,1.7512,1.7512,1.7512,1.7512,1.7512,0.6974,1.7512,1.7512,1.7512,1.7512,1.7512,1.7512,1.7512,1.7512,1.7512,1.7512,1.7512,1.7512,1.7512,1.1271
1.7483,1.7483,1.7483,1.7483,1.7483,1.7483,1.7483,1.7483,1.7483,1.7483,1.7483,1.7483,1.7483,0.6135,0.6183,0.7333,1.5418,1.7483,1.5997,1.7483,0.8601,1.2616,1.7483,1.7483,1.7483,1.7483,1.7483,1.7483
1.7454,1.7454,1.7454,1.7454,1.7454,1.7454,1.7454,1.7454,1.7454,1.7454,1.7454,1.7454,1.7454,1.7454,1.7454,0.635,1.0721,1.7454,1.7454,1.7454,1.7454,0.7481,1.4657,1.7454,1.7454,1.7454,1.7454,1.7454
1.7425,1.7425,1.7425,1.7425,1.7425,1.7425,1.7425,1.7425,1.7425,1.7425,1.7425,1.7425,1.7425,1.7425,1.7425,1.7425,1.7425,1.2488,0.7422,1.7425,1.7425,1.7425,1.7425,1.7425,1.7425,1.7425,1.3036,10.0
0.8146,1.7397,1.7397,1.7397,1.7397,1.7397,1.7397,1.7397,1.7397,1.7397,1.7397,1.7397,1.7397,1.7397,0.9216,1.093,1.4218,1.7397,1.7397,1.7397,1.7397,1.7397,1.7397,1.7397,1.7397,1.7397,1.7397,1.7397
1.7368,1.7368,1.5068,1.7368,1.7368,1.7368,1.7368,1.7368,1.7368,1.7368,1.7368,1.7368,1.7368,1.7368,0.5508,1.7368,1.7368,1.7368,1.7368,1.7368,1.7368,1.7368,1.7368,1.7368,1.7368,1.7368,1.7368,1.7368
1.734,1.734,1.734,1.734,1.734,1.734,1.734,1.734,1.734,1.734,1.734,1.7238,0.841,0.7701,0.7761,1.6584,1.6317,1.5537,1.234,0.4092,1.0795,1.734,1.734,1.734,1.734,1.734,1.734,1.1533
1.7312,1.7312,1.4857,1.7312,1.7312,1.7312,1.7312,1.7312,1.7312,1.7312,1.7312,1.7312,1.7312,1.7312,1.7312,1.7312,1.1782,1.3618,1.7312,1.7312,1.7312,0.6598,1.0971,1.6342,1.7312,1.7312,1.7312,1.7312
1.1182,1.7284,1.7284,1.7284,1.7284,1.7284,1.7284,1.7284,1.7284,1.7284,1.7284,1.7284,0.9068,1.0444,1.7284,1.7284,1.7284,1.7284,1.7284,1.7284,1.7284,1.7284,1.7284,1.7284,1.7284,1.7284,1.5454,1.0356
1.7256,1.7256,1.7256,1.7256,1.7256,1.7256,1.7256,1.7256,1.7256,1.7256,1.7256,1.7256,1.7256,0.639,0.644,0.7638,0.9935,1.7256,1.7256,1.7256,0.4843,1.314,1.6601,1.7256,1.7256,1.7256,1.7256,1.7256
1.7228,1.7228,1.7228,1.7228,1.7228,1.7228,1.7228,1.7228,1.7228,1.7228,1.7228,1.7228,1.7228,1.7228,0.6185,0.4888,1.7228,1.7228,1.7228,1.7228,1.5204,1.2139,1.7228,1.7228,1.7228,1.7228,1.7228,1.7228
1.72,1.72,1.72,1.72,1.72,1.72,1.72,1.72,1.72,1.72,1.72,1.72,1.72,1.72,1.72,1.72,1.72,1.3425,0.7979,0.2646,1.72,1.72,1.72,1.72,1.72,1.72,1.4014,1.0306
0.7618,1.127,1.7172,1.7172,1.7172,1.7172,1.7172,1.7172,1.7172,1.7172,1.7172,1.7172,1.7172,1.7172,1.7172,1.7172,1.7172,1.7172,1.7172,1.7172,1.7172,1.7172,1.7172,1.7172,1.7172,1.7172,1.7172,1.7172
1.7144,1.1611,1.6737,1.7144,1.7144,1.7144,1.7144,1.7144,1.7144,1.7144,1.7144,1.7144,1.7144,0.5054,0.6118,1.7144,1.7144,1.7144,1.7144,1.7144,1.7144,1.7144,1.7144,1.7144,1.7144,1.7144,1.7144,1.6281
1.7117,1.7117,1.7117,1.7117,1.7117,1.7117,1.7117,1.7117,1.7117,1.7117,1.7117,1.7117,1.4909,0.5416,0.6522,0.7736,1.6264,1.4981,1.6875,0.849,0.9073,1.7117,1.7117,1.7117,1.7117,1.7117,1.7117,1.5336
1.7089,1.7089,1.7089,1.7089,1.7089,1.7089,1.7089,1.7089,1.7089,1.7089,1.7089,1.7089,1.7089,1.7089,1.7089,0.8621,0.9226,1.5656,1.7089,1.7089,1.7089,0.6438,1.2613,1.7089,1.7089,1.7089,1.7089,1.7089
1.7062,1.7062,1.7062,1.7062,1.7062,1.7062,1.7062,1.7062,1.7062,1.7062,1.7062,1.417,1.7062,1.7062,1.7062,1.7062,1.7062,1.2921,0.7679,1.7062,1.7062,1.7062,1.7062,1.7062,1.7062,1.7062,1.3488,1.0223
1.0535,1.7034,1.7034,1.7034,1.7034,1.7034,1.7034,1.7034,1.7034,1.7034,1.7034,1.7034,1.7034,1.7034,0.6438,0.911,1.1851,1.5378,1.7034,1.7034,1.7034,1.0764,1.7034,1.7034,1.7034,1.7034,1.7034,1.7034
1.7007,1.7007,1.7007,1.7007,1.7007,1.7007,1.7007,1.7007,1.7007,1.7007,1.7007,1.7007,1.7007,1.7007,0.5591,1.7007,1.7007,1.7007,1.7007,1.7007,0.6184,1.7007,1.7007,1.7007,1.7007,1.7007,1.7007,1.7007
1.698,1.698,1.698,1.698,1.698,1.698,1.698,1.698,1.698,1.698,1.698,1.384,1.0211,0.9572,0.9646,1.698,1.4881,1.667,0.9908,0.3286,1.698,1.698,1.698,1.698,1.698,1.698,1.698,1.0174
1.6953,1.0531,1.6953,1.6953,1.6953,1.6953,1.6953,1.6953,1.6953,1.6953,1.6953,1.6953,1.6953,1.6953,1.6953,1.6953,1.6953,1.3565,1.6953,1.6953,1.6953,1.6953,1.0928,1.6278,1.6953,1.6953,1.6953,1.6953
1.0195,1.5077,1.6926,1.6926,1.6926,1.6926,1.6926,1.6926,1.6926,1.6926,1.6926,1.6926,1.6926,0.8013,1.6926,1.6926,1.6926,1.6926,1.6926,1.6926,1.6926,1.6926,1.6926,1.6926,1.6926,1.6926,1.6926,1.0141
1.6899,1.6899,1.6899,1.6899,1.6899,1.6899,1.6899,1.6899,1.6899,1.6899,1.6899,1.6899,1.6899,0.6244,0.6293,0.7463,1.5692,1.6899,1.6899,1.6899,0.8753,1.284,1.6899,1.6899,1.6899,1.6899,1.6899,1.6899
1.6872,1.6872,1.6872,1.6872,1.6872,1.6872,1.6872,1.6872,1.6872,1.6872,1.6872,1.6872,1.6872,1.6872,0.5904,0.5707,1.2606,1.6872,1.6872,1.6872,1.6872,0.8797,1.6872,1.6872,1.6872,1.6872,1.6872,1.6872
1.6845,1.6845,1.6845,1.6845,1.6845,1.6845,1.6845,1.6845,1.6845,1.6845,1.6845,1.6845,1.6845,1.6845,1.6845,1.6845,1.6845,1.2861,0.7644,0.3692,1.6845,1.6845,1.6845,1.6845,1.6845,1.6845,1.3426,1.0093
0.7474,1.6818,1.6818,1.6818,1.6818,1.6818,1.6818,1.6818,1.6818,1.6818,1.6818,1.6818,1.6818,1.6818,1.6818,1.1554,1.6818,1.6818,1.6818,1.6818,1.6818,1.6818,1.6818,1.6818,1.6818,1.6818,1.6818,1.6818
1.6792,1.2803,1.5706,1.6792,1.6792,1.6792,1.6792,1.6792,1.6792,1.6792,1.6792,1.6792,1.6792,0.6772,0.5741,1.6792,1.6792,1.6792,1.6792,1.1125,1.6792,1.6792,1.6792,1.6792,1.6792,1.6792,1.6792,1.6792
1.6765,1.6765,1.6765,1.6765,1.6765,1.6765,1.6765,1.6765,1.6765,1.6765,1.6765,1.6765,0.8997,0.6021,0.725,1.5492,1.6765,1.4514,1.545,0.5124,1.0085,1.6765,1.6765,1.6765,1.6765,1.6765,1.6765,1.4439
1.6739,1.6739,1.568,1.6739,1.6739,1.6739,1.6739,1.6739,1.6739,1.6739,1.6739,1.6739,1.6739,1.6739,1.6739,1.0971,0.8469,1.4372,1.6739,1.6739,1.6739,0.591,1.1578,1.6739,1.6739,1.6739,1.6739,1.6739
1.4657,1.6713,1.6713,1.6713,1.6713,1.6713,1.6713,1.6713,1.6713,1.6713,1.6713,1.6713,0.9814,1.6713,1.6713,1.6713,1.6713,1.4053,1.6713,1.6713,1.6713,1.6713,1.6713,1.6713,1.6713,1.6713,1.467,1.0014
1.6686,1.6686,1.6686,1.6686,1.6686,1.6686,1.6686,1.6686,1.6686,1.6686,1.6686,1.6686,1.6686,1.6686,0.6885,0.8166,1.0622,1.6686,1.6686,1.6686,0.5177,1.4048,1.6686,1.6686,1.6686,1.6686,1.6686,1.6686
1.666,1.666,1.666,1.666,1.666,1.666,1.666,1.666,1.666,1.666,1.666,1.666,1.666,1.666,0.5958,0.632,1.666,1.666,1.666,1.666,0.5658,1.666,1.666,1.666,1.666,1.666,1.666,1.666
1.6634,1.6634,1.6634,1.6634,1.6634,1.6634,1.6634,1.6634,1.6634,1.6634,1.6634,1.5959,1.4593,1.3364,1.6634,1.6634,1.6634,1.4552,0.8649,0.2868,1.6634,1.6634,1.6634,1.6634,1.6634,1.6634,1.519,0.9967
1.1747,1.1004,1.6608,1.6608,1.6608,1.6608,1.6608,1.6608,1.6608,1.6608,1.6608,1.6608,1.6608,1.6608,1.6608,1.6608,1.6608,1.6608,1.6608,1.6608,1.6608,1.6608,1.6608,1.6608,1.6608,1.6608,1.6608,1.6608
1.6582,1.2775,1.6582,1.6582,1.6582,1.6582,1.6582,1.6582,1.6582,1.6582,1.6582,1.6582,1.6582,0.679,0.6731,1.6582,1.6582,1.6582,1.6084,1.6582,1.6582,1.6582,1.6582,1.6582,1.6582,1.6582,1.6582,1.3072
1.6556,1.6556,1.6556,1.6556,1.6556,1.6556,1.6556,1.6556,1.6556,1.6556,1.6556,1.6556,1.6556,0.6401,0.6451,0.7651,1.6086,1.6556,1.6556,1.5593,0.8973,1.3162,1.6556,1.6556,1.6556,1.6556,1.6556,1.6556
1.653,1.653,1.653,1.653,1.653,1.653,1.653,1.653,1.653,1.653,1.653,1.653,1.653,1.653,1.653,0.7227,1.0318,1.653,1.653,1.653,1.653,0.72,1.4107,1.653,1.653,1.653,1.653,1.653
1.6505,1.6505,1.6505,1.6505,1.6505,1.6505,1.6505,1.6505,1.6505,1.6505,1.6505,1.6505,1.6505,1.6505,1.6505,1.6505,1.6505,1.2937,0.7689,1.6505,1.6505,1.6505,1.6505,1.6505,1.6505,1.6505,1.3505,0.9889
0.9129,1.6479,1.6479,1.6479,1.6479,1.6479,1.6479,1.6479,1.6479,1.6479,1.6479,1.6479,1.6479,1.6479,0.8752,1.038,1.3502,1.6479,1.6479,1.6479,1.6479,1.6479,1.6479,1.6479,1.6479,1.6479,1.6479,1.6479
1.6454,1.6454,1.5501,1.6454,1.6454,1.6454,1.6454,1.6454,1.6454,1.6454,1.6454,1.6454,1.6454,1.6454,0.5666,1.6454,1.6454,1.6454,1.6454,1.6454,1.6454,1.6454,1.6454,1.6454,1.6454,1.6454,1.6454,1.6454
1.6428,1.6428,1.6428,1.6428,1.6428,1.6428,1.6428,1.6428,1.6428,1.6428,1.6428,1.6109,0.9303,0.8519,0.8585,1.6428,1.5265,1.6428,1.1532,0.3824,1.6428,1.6428,1.6428,1.6428,1.6428,1.6428,1.6428,1.0778
1.6403,1.0799,1.5177,1.6403,1.6403,1.6403,1.6403,1.6403,1.6403,1.6403,1.6403,1.6403,1.6403,1.6403,1.6403,1.6403,1.5796,1.391,1.6403,1.6403,1.6403,1.6403,1.1206,1.6403,1.6403,1.6403,1.6403,1.6403
1.0244,1.6378,1.6378,1.6378,1.6378,1.6378,1.6378,1.6378,1.6378,1.6378,1.6378,1.6378,0.992,0.9567,1.6378,1.6378,1.6378,1.6378,1.6378,1.6378,1.6378,1.6378,1.6378,1.6378,1.6378,1.6378,1.6378,0.9813
1.6352,1.6352,1.6352,1.6352,1.6352,1.6352,1.6352,1.6352,1.6352,1.6352,1.6352,1.6352,1.6352,0.648,0.6531,0.7745,1.3731,1.6352,1.6352,1.6352,0.4911,1.3325,1.6352,1.6352,1.6352,1.6352,1.6352,1.6352
1.6327,1.6327,1.6327,1.6327,1.6327,1.6327,1.6327,1.6327,1.6327,1.6327,1.6327,1.6327,1.6327,1.6327,0.6553,0.5295,1.5529,1.6327,1.6327,1.6327,1.6327,1.0836,1.6327,1.6327,1.6327,1.6327,1.6327,1.6327
1.6302,1.6302,1.6302,1.6302,1.6302,1.6302,1.6302,1.6302,1.6302,1.6302,1.6302,1.6302,1.6302,1.6302,1.6302,1.6302,1.6302,1.3511,0.803,0.2663,1.6302,1.6302,1.6302,1.6302,1.6302,1.6302,1.4104,0.9768
0.7052,1.6277,1.6277,1.6277,1.6277,1.6277,1.6277,1.6277,1.6277,1.6277,1.6277,1.6277,1.6277,1.6277,1.6277,1.6277,1.6277,1.6277,1.6277,1.6277,1.6277,1.6277,1.6277,1.6277,1.6277,1.6277,1.6277,1.6277
1.6252,1.1592,1.6252,1.6252,1.6252,1.6252,1.6252,1.6252,1.6252,1.6252,1.6252,1.6252,1.6252,0.5046,0.6108,1.6252,1.6252,1.6252,1.6252,1.0416,1.6252,1.6252,1.6252,1.6252,1.6252,1.6252,1.6252,1.6252
1.6227,1.6227,1.6227,1.6227,1.6227,1.6227,1.6227,1.6227,1.6227,1.6227,1.6227,1.6227,1.2179,0.5768,0.6946,0.8238,1.6227,1.3905,1.6227,0.6935,0.9662,1.6227,1.6227,1.6227,1.6227,1.6227,1.6227,1.6227
1.6203,1.6203,1.6203,1.6203,1.6203,1.6203,1.6203,1.6203,1.6203,1.6203,1.6203,1.6203,1.6203,1.6203,1.6203,1.0415,0.9131,1.5496,1.6203,1.6203,1.6203,0.6372,1.2484,1.6203,1.6203,1.6203,1.6203,1.6203
1.6178,1.6178,1.6178,1.6178,1.6178,1.6178,1.6178,1.6178,1.6178,1.6178,1.6178,1.4975,1.6178,1.6178,1.6178,1.6178,1.6178,1.3654,0.8115,1.6178,1.6178,1.6178,1.6178,1.6178,1.6178,1.6178,1.4254,0.9693
1.6153,1.6153,1.6153,1.6153,1.6153,1.6153,1.6153,1.6153,1.6153,1.6153,1.6153,1.6153,1.6153,1.6153,0.6801,0.8931,1.1618,1.6153,1.6153,1.6153,1.6153,1.1246,1.6153,1.6153,1.6153,1.6153,1.6153,1.6153
1.6129,1.6129,1.6129,1.6129,1.6129,1.6129,1.6129,1.6129,1.6129,1.6129,1.6129,1.6129,1.6129,1.6129,0.5866,1.0547,1.6129,1.6129,1.6129,1.6129,0.557,1.6129,1.6129,1.6129,1.6129,1.6129,1.6129,1.6129
1.6104,1.6104,1.6104,1.6104,1.6104,1.6104,1.6104,1.6104,1.6104,1.6104,1.6104,1.4666,1.0225,1.1008,1.1094,1.6104,1.6104,1.6104,0.9609,0.3187,1.6104,1.6104,1.6104,1.6104,1.6104,1.6104,1.6104,0.9649
1.608,1.097,1.608,1.608,1.608,1.608,1.608,1.608,1.608,1.608,1.608,1.608,1.608,1.608,1.608,1.608,1.608,1.608,1.608,1.608,1.608,1.608,1.1383,1.608,1.608,1.608,1.608,1.608
1.1528,1.4443,1.6056,1.6056,1.6056,1.6056,1.6056,1.6056,1.6056,1.6056,1.6056,1.6056,1.6056,0.7676,1.6056,1.6056,1.6056,1.6056,1.6056,1.6056,1.6056,1.6056,1.6056,1.6056,1.6056,1.6056,1.6056,1.1177
1.6031,1.6031,1.6031,1.6031,1.6031,1.6031,1.6031,1.6031,1.6031,1.6031,1.6031,1.6031,1.6031,0.6459,0.6509,0.772,1.6031,1.6031,1.6031,1.6031,0.9054,1.3281,1.6031,1.6031,1.6031,1.6031,1.6031,1.6031
1.6007,1.6007,1.6007,1.6007,1.6007,1.6007,1.6007,1.6007,1.6007,1.6007,1.6007,1.6007,1.6007,1.6007,0.6583,0.6364,1.1901,1.6007,1.6007,1.6007,1.6007,0.8304,1.6007,1.6007,1.6007,1.6007,1.6007,1.6007
1.5983,1.5983,1.5983,1.5983,1.5983,1.5983,1.5983,1.5983,1.5983,1.5983,1.5983,1.5983,1.5983,1.5983,1.5983,1.5983,1.5983,1.321,0.7852,1.5983,1.5983,1.5983,1.5983,1.5983,1.5983,1.5983,1.379,0.9577
0.8236,1.5959,1.5959,1.5959,1.5959,1.5959,1.5959,1.5959,1.5959,1.5959,1.5959,1.5959,1.5959,1.5959,1.0333,1.2255,1.5941,1.5959,1.5959,1.5959,1.5959,1.5959,1.5959,1.5959,1.5959,1.5959,1.5959,1.5959
1.5935,1.5935,1.5935,1.5935,1.5935,1.5935,1.5935,1.5935,1.5935,1.5935,1.5935,1.5935,1.5935,1.5935,0.5855,1.5935,1.5935,1.5935,1.5935,1.5935,1.5935,1.5935,1.5935,1.5935,1.5935,1.5935,1.5935,1.5935
1.5911,1.5911,1.5911,1.5911,1.5911,1.5911,1.5911,1.5911,1.5911,1.5911,1.5911,1.5911,0.8567,0.7845,0.7906,1.5911,1.5911,1.5828,1.4005,0.4644,1.0998,1.5911,1.5911,1.5911,1.5911,1.5911,1.5911,1.3089
1.5888,1.5888,1.5874,1.5888,1.5888,1.5888,1.5888,1.5888,1.5888,1.5888,1.5888,1.5888,1.5888,1.5888,1.5888,1.5888,0.9756,1.4549,1.5888,1.5888,1.5888,0.5982,1.1721,1.5888,1.5888,1.5888,1.5888,1.5888
1.2889,1.5864,1.5864,1.5864,1.5864,1.5864,1.5864,1.5864,1.5864,1.5864,1.5864,1.5864,0.9301,1.2038,1.5864,1.5864,1.5864,1.5864,1.5864,1.5864,1.5864,1.5864,1.5864,1.5864,1.5864,1.5864,1.5851,0.9505
1.584,1.584,1.584,1.584,1.584,1.584,1.584,1.584,1.584,1.584,1.584,1.584,1.584,1.584,0.6916,0.8202,1.0669,1.584,1.584,1.584,0.5201,1.4111,1.584,1.584,1.584,1.584,1.584,1.584
1.5817,1.5817,1.5817,1.5817,1.5817,1.5817,1.5817,1.5817,1.5817,1.5817,1.5817,1.5817,1.5817,1.5817,0.6384,0.5321,1.5817,1.5817,1.5817,1.5817,1.5691,1.4285,1.5817,1.5817,1.5817,1.5817,1.5817,1.5817
1.5793,1.5793,1.5793,1.5793,1.5793,1.5793,1.5793,1.5793,1.5793,1.5793,1.5793,1.5793,1.5793,1.5793,1.5793,1.5793,1.5793,1.4496,0.8616,0.2857,1.5793,1.5793,1.5793,1.5793,1.5793,1.5793,1.5132,0.9463
0.9237,1.1697,1.577,1.577,1.577,1.577,1.577,1.577,1.577,1.577,1.577,1.577,1.577,1.577,1.577,1.577,1.577,1.577,1.577,1.577,1.577,1.577,1.577,1.577,1.577,1.577,1.577,1.577
1.5746,1.261,1.5746,1.5746,1.5746,1.5746,1.5746,1.5746,1.5746,1.5746,1.5746,1.5746,1.5746,0.5489,0.6645,1.5746,1.5746,1.5746,1.5746,1.5746,1.5746,1.5746,1.5746,1.5746,1.5746,1.5746,1.5746,1.558
1.5723,1.5723,1.5723,1.5723,1.5723,1.5723,1.5723,1.5723,1.5723,1.5723,1.5723,1.5723,1.5723,0.6575,0.6806,0.8072,1.5723,1.5723,1.5723,1.0801,0.9468,1.5723,1.5723,1.5723,1.5723,1.5723,1.5723,1.5723
1.57,1.57,1.57,1.57,1.57,1.57,1.57,1.57,1.57,1.57,1.57,1.57,1.57,1.57,1.57,0.8409,1.0083,1.57,1.57,1.57,1.57,0.7036,1.3785,1.57,1.57,1.57,1.57,1.57
1.5676,1.5676,1.5676,1.5676,1.5676,1.5676,1.5676,1.5676,1.5676,1.5676,1.5676,1.5676,1.5676,1.5676,1.5676,1.5676,1.5676,1.3552,0.8055,1.5676,1.5676,1.5676,1.5676,1.5676,1.5676,1.5676,1.4147,0.9393
1.0425,1.5653,1.5653,1.5653,1.5653,1.5653,1.5653,1.5653,1.5653,1.5653,1.5653,1.5653,1.5653,1.5653,0.7086,1.0027,1.3043,1.5653,1.5653,1.5653,1.5653,1.1848,1.5653,1.5653,1.5653,1.5653,1.5653,1.5653
1.563,1.563,1.563,1.563,1.563,1.563,1.563,1.563,1.563,1.563,1.563,1.563,1.563,1.563,0.5894,1.563,1.563,1.563,1.563,1.563,1.1243,1.563,1.563,1.563,1.563,1.563,1.563,1.563
1.5607,1.5607,1.5607,1.5607,1.5607,1.5607,1.5607,1.5607,1.5607,1.5607,1.5607,1.5355,1.0463,0.9582,0.9656,1.5607,1.4897,1.5607,1.0992,0.3645,1.5607,1.5607,1.5607,1.5607,1.5607,1.5607,1.5607,1.0272
1.5584,1.1156,1.5584,1.5584,1.5584,1.5584,1.5584,1.5584,1.5584,1.5584,1.5584,1.5584,1.5584,1.5584,1.5584,1.5584,1.5584,1.4369,1.5584,1.5584,1.5584,1.5584,1.1576,1.5584,1.5584,1.5584,1.5584,1.5584
1.0304,1.5562,1.5562,1.5562,1.5562,1.5562,1.5562,1.5562,1.5562,1.5562,1.5562,1.5562,1.5562,0.8973,1.5562,1.5562,1.5562,1.5562,1.5562,1.5562,1.5562,1.5562,1.5562,1.5562,1.5562,1.5562,1.5562,0.999
1.5539,1.5539,1.5539,1.5539,1.5539,1.5539,1.5539,1.5539,1.5539,1.5539,1.5539,1.5539,1.5539,0.6647,0.6699,0.7945,1.5539,1.5539,1.5539,1.5539,0.772,1.3668,1.5539,1.5539,1.5539,1.5539,1.5539,1.5539
1.5516,1.5516,1.5516,1.5516,1.5516,1.5516,1.5516,1.5516,1.5516,1.5516,1.5516,1.5516,1.5516,1.5516,0.6023,0.5815,1.4273,1.5516,1.5516,1.5516,1.5516,0.996,1.5516,1.5516,1.5516,1.5516,1.5516,1.5516
1.5494,1.5494,1.5494,1.5494,1.5494,1.5494,1.5494,1.5494,1.5494,1.5494,1.5494,1.5494,1.5494,1.5494,1.5494,1.5494,1.5494,1.3759,0.8178,0.288,1.5494,1.5494,1.5494,1.5494,1.5494,1.5494,1.4363,0.9283
0.7671,1.5471,1.5471,1.5471,1.5471,1.5471,1.5471,1.5471,1.5471,1.5471,1.5471,1.5471,1.5471,1.5471,1.5471,1.31,1.5471,1.5471,1.5471,1.5471,1.5471,1.5471,1.5471,1.5471,1.5471,1.5471,1.5471,1.5471
1.5448,1.1716,1.5448,1.5448,1.5448,1.5448,1.5448,1.5448,1.5448,1.5448,1.5448,1.5448,1.5448,0.5897,0.6173,1.5448,1.5448,1.5448,1.5448,1.0527,1.5448,1.5448,1.5448,1.5448,1.5448,1.5448,1.5448,1.5448
1.5426,1.5426,1.5426,1.5426,1.5426,1.5426,1.5426,1.5426,1.5426,1.5426,1.5426,1.5426,1.0515,0.6219,0.7489,1.5426,1.5426,1.4993,1.5426,0.5988,1.0418,1.5426,1.5426,1.5426,1.5426,1.5426,1.5426,1.5426
1.5404,1.5404,1.5404,1.5404,1.5404,1.5404,1.5404,1.5404,1.5404,1.5404,1.5404,1.5404,1.5404,1.5404,1.5404,1.0868,0.9155,1.5404,1.5404,1.5404,1.5404,0.6389,1.2517,1.5404,1.5404,1.5404,1.5404,1.5404
1.5381,1.5381,1.5381,1.5381,1.5381,1.5381,1.5381,1.5381,1.5381,1.5381,1.5381,1.5381,1.4729,1.5381,1.5381,1.5381,1.5381,1.4603,0.8679,1.5381,1.5381,1.5381,1.5381,1.5381,1.5381,1.5381,1.5244,0.9216
1.5359,1.5359,1.5359,1.5359,1.5359,1.5359,1.5359,1.5359,1.5359,1.5359,1.5359,1.5359,1.5359,1.5359,0.7485,0.8878,1.1548,1.5359,1.5359,1.5359,1.5359,1.3627,1.5359,1.5359,1.5359,1.5359,1.5359,1.5359
1.5337,1.5337,1.5337,1.5337,1.5337,1.5337,1.5337,1.5337,1.5337,1.5337,1.5337,1.5337,1.5337,1.5337,0.6226,0.7865,1.5337,1.5337,1.5337,1.5337,0.5912,1.5337,1.5337,1.5337,1.5337,1.5337,1.5337,1.5337
1.5315,1.5315,1.5315,1.5315,1.5315,1.5315,1.5315,1.5315,1.5315,1.5315,1.5315,1.5315,1.4171,1.2976,1.5315,1.5315,1.5315,1.5315,0.946,0.3137,1.5315,1.5315,1.5315,1.5315,1.5315,1.5315,1.5315,0.9176
1.5293,1.1559,1.5293,1.5293,1.5293,1.5293,1.5293,1.5293,1.5293,1.5293,1.5293,1.5293,1.5293,1.5293,1.5293,1.5293,1.5293,1.5293,1.5293,1.5293,1.5293,1.5293,1.5293,1.5293,1.5293,1.5293,1.5293,1.5293
1.5271,1.4067,1.5271,1.5271,1.5271,1.5271,1.5271,1.5271,1.5271,1.5271,1.5271,1.5271,1.5271,0.7477,1.5271,1.5271,1.5271,1.5271,1.5271,1.5271,1.5271,1.5271,1.5271,1.5271,1.5271,1.5271,1.5271,1.2903
1.5249,1.5249,1.5249,1.5249,1.5249,1.5249,1.5249,1.5249,1.5249,1.5249,1.5249,1.5249,1.5249,0.6758,0.6811,0.8078,1.5249,1.5249,1.5249,1.5249,0.9474,1.3896,1.5249,1.5249,1.5249,1.5249,1.5249,1.5249
1.5227,1.5227,1.5227,1.5227,1.5227,1.5227,1.5227,1.5227,1.5227,1.5227,1.5227,1.5227,1.5227,1.5227,1.5227,0.7225,1.1448,1.5227,1.5227,1.5227,1.5227,0.7988,1.5227,1.5227,1.5227,1.5227,1.5227,1.5227
1.5205,1.5205,1.5205,1.5205,1.5205,1.5205,1.5205,1.5205,1.5205,1.5205,1.5205,1.5205,1.5205,1.5205,1.5205,1.5205,1.5205,1.3727,0.8159,1.5205,1.5205,1.5205,1.5205,1.5205,1.5205,1.5205,1.4329,0.9111
0.9223,1.5183,1.5183,1.5183,1.5183,1.5183,1.5183,1.5183,1.5183,1.5183,1.5183,1.5183,1.5183,1.5183,0.9794,1.1616,1.511,1.5183,1.5183,1.5183,1.5183,1.5183,1.5183,1.5183,1.5183,1.5183,1.5183,1.5183
1.5162,1.5162,1.5162,1.5162,1.5162,1.5162,1.5162,1.5162,1.5162,1.5162,1.5162,1.5162,1.5162,1.5162,0.6042,1.5162,1.5162,1.5162,1.5162,1.5162,1.5162,1.5162,1.5162,1.5162,1.5162,1.5162,1.5162,1.5162
1.514,1.514,1.514,1.514,1.514,1.514,1.514,1.514,1.514,1.514,1.514,1.514,0.9482,0.8683,0.8751,1.514,1.514,1.514,1.3037,0.4323,1.2172,1.514,1.514,1.514,1.514,1.514,1.514,1.2184
1.5119,1.1573,1.5119,1.5119,1.5119,1.5119,1.5119,1.5119,1.5119,1.5119,1.5119,1.5119,1.5119,1.5119,1.5119,1.5119,1.5119,1.4907,1.5119,1.5119,1.5119,1.5119,1.2009,1.5119,1.5119,1.5119,1.5119,1.5119
1.1725,1.5097,1.5097,1.5097,1.5097,1.5097,1.5097,1.5097,1.5097,1.5097,1.5097,1.5097,1.019,1.0951,1.5097,1.5097,1.5097,1.5097,1.5097,1.5097,1.5097,1.5097,1.5097,1.5097,1.5097,1.5097,1.5097,0.924
1.5076,1.5076,1.5076,1.5076,1.5076,1.5076,1.5076,1.5076,1.5076,1.5076,1.5076,1.5076,1.5076,0.698,0.7034,0.8342,1.1867,1.5076,1.5076,1.5076,0.5289,1.4352,1.5076,1.5076,1.5076,1.5076,1.5076,1.5076
1.5054,1.5054,1.5054,1.5054,1.5054,1.5054,1.5054,1.5054,1.5054,1.5054,1.5054,1.5054,1.5054,1.5054,0.6929,0.5475,1.5054,1.5054,1.5054,1.5054,1.5054,1.2601,1.5054,1.5054,1.5054,1.5054,1.5054,1.5054
1.5033,1.5033,1.5033,1.5033,1.5033,1.5033,1.5033,1.5033,1.5033,1.5033,1.5033,1.5033,1.5033,1.5033,1.5033,1.5033,1.5033,1.463,0.8695,0.2883,1.5033,1.5033,1.5033,1.5033,1.5033,1.5033,1.5033,0.9007
0.7794,1.5012,1.5012,1.5012,1.5012,1.5012,1.5012,1.5012,1.5012,1.5012,1.5012,1.5012,1.5012,1.5012,1.5012,1.5012,1.5012,1.5012,1.5012,1.5012,1.5012,1.5012,1.5012,1.5012,1.5012,1.5012,1.5012,1.5012
1.4991,1.2622,1.4991,1.4991,1.4991,1.4991,1.4991,1.4991,1.4991,1.4991,1.4991,1.4991,1.4991,0.5494,0.665,1.4991,1.4991,1.4991,1.4991,1.4991,1.4991,1.4991,1.4991,1.4991,1.4991,1.4991,1.4991,1.4991
1.4969,1.4969,1.4969,1.4969,1.4969,1.4969,1.4969,1.4969,1.4969,1.4969,1.4969,1.4969,1.4918,0.6037,0.727,0.8622,1.4969,1.4969,1.4969,0.8495,1.0112,1.4969,1.4969,1.4969,1.4969,1.4969,1.4969,1.4969
1.4948,1.4948,1.4948,1.4948,1.4948,1.4948,1.4948,1.4948,1.4948,1.4948,1.4948,1.4948,1.4948,1.4948,1.4948,1.0059,1.0001,1.4948,1.4948,1.4948,1.4948,0.6979,1.3673,1.4948,1.4948,1.4948,1.4948,1.4948
1.4927,1.4927,1.4927,1.4927,1.4927,1.4927,1.4927,1.4927,1.4927,1.4927,1.4927,1.4927,1.4927,1.4927,1.4927,1.4927,1.4927,1.4369,0.854,1.4927,1.4927,1.4927,1.4927,1.4927,1.4927,1.4927,1.4927,0.8944
1.4906,1.4906,1.4906,1.4906,1.4906,1.4906,1.4906,1.4906,1.4906,1.4906,1.4906,1.4906,1.4906,1.4906,0.6958,0.9845,1.2807,1.4906,1.4906,1.4906,1.4906,1.1633,1.4906,1.4906,1.4906,1.4906,1.4906,1.4906
1.4886,1.4886,1.4886,1.4886,1.4886,1.4886,1.4886,1.4886,1.4886,1.4886,1.4886,1.4886,1.4886,1.4886,0.6205,1.4886,1.4886,1.4886,1.4886,1.4886,0.5892,1.4886,1.4886,1.4886,1.4886,1.4886,1.4886,1.4886
1.4865,1.4865,1.4865,1.4865,1.4865,1.4865,1.4865,1.4865,1.4865,1.4865,1.4865,1.4865,1.0995,1.0991,1.1076,1.4865,1.4865,1.4865,1.0668,0.3538,1.4865,1.4865,1.4865,1.4865,1.4865,1.4865,1.4865,0.997
1.4844,1.1663,1.4844,1.4844,1.4844,1.4844,1.4844,1.4844,1.4844,1.4844,1.4844,1.4844,1.4844,1.4844,1.4844,1.4844,1.4844,1.4844,1.4844,1.4844,1.4844,1.4844,1.2102,1.4844,1.4844,1.4844,1.4844,1.4844
1.1644,1.4823,1.4823,1.4823,1.4823,1.4823,1.4823,1.4823,1.4823,1.4823,1.4823,1.4823,1.4823,0.8592,1.4823,1.4823,1.4823,1.4823,1.4823,1.4823,1.4823,1.4823,1.4823,1.4823,1.4823,1.4823,1.4823,1.1289
1.4803,1.4803,1.4803,1.4803,1.4803,1.4803,1.4803,1.4803,1.4803,1.4803,1.4803,1.4803,1.4803,0.6901,0.6955,0.8249,1.4803,1.4803,1.4803,1.4803,0.9675,1.4191,1.4803,1.4803,1.4803,1.4803,1.4803,1.4803
1.4782,1.4782,1.4782,1.4782,1.4782,1.4782,1.4782,1.4782,1.4782,1.4782,1.4782,1.4782,1.4782,1.4782,0.6713,0.6489,1.3446,1.4782,1.4782,1.4782,1.4782,0.9383,1.4782,1.4782,1.4782,1.4782,1.4782,1.4782
1.4761,1.4761,1.4761,1.4761,1.4761,1.4761,1.4761,1.4761,1.4761,1.4761,1.4761,1.4761,1.4761,1.4761,1.4761,1.4761,1.4761,1.4186,0.8432,1.4761,1.4761,1.4761,1.4761,1.4761,1.4761,1.4761,1.4761,0.8845
0.8468,1.4741,1.4741,1.4741,1.4741,1.4741,1.4741,1.4741,1.4741,1.4741,1.4741,1.4741,1.4741,1.4741,1.4741,1.309,1.4741,1.4741,1.4741,1.4741,1.4741,1.4741,1.4741,1.4741,1.4741,1.4741,1.4741,1.4741
1.472,1.472,1.472,1.472,1.472,1.472,1.472,1.472,1.472,1.472,1.472,1.472,1.472,1.472,0.632,1.472,1.472,1.472,1.472,1.4279,1.472,1.472,1.472,1.472,1.472,1.472,1.472,1.472
1.47,1.47,1.47,1.47,1.47,1.47,1.47,1.47,1.47,1.47,1.47,1.47,0.9451,0.8125,0.8188,1.47,1.47,1.47,1.47,0.5382,1.1389,1.47,1.47,1.47,1.47,1.47,1.47,1.47
1.468,1.468,1.468,1.468,1.468,1.468,1.468,1.468,1.468,1.468,1.468,1.468,1.468,1.468,1.468,1.468,0.9302,1.468,1.468,1.468,1.468,0.6491,1.2717,1.468,1.468,1.468,1.468,1.468
1.466,1.466,1.466,1.466,1.466,1.466,1.466,1.466,1.466,1.466,1.466,1.466,1.0186,1.466,1.466,1.466,1.466,1.466,1.466,1.466,1.466,1.466,1.466,1.466,1.466,1.466,1.466,0.8792
1.4639,1.4639,1.4639,1.4639,1.4639,1.4639,1.4639,1.4639,1.4639,1.4639,1.4639,1.4639,1.4639,1.4639,0.7545,0.8948,1.1639,1.4639,1.4639,1.4639,0.5673,1.4639,1.4639,1.4639,1.4639,1.4639,1.4639,1.4639
1.4619,1.4619,1.4619,1.4619,1.4619,1.4619,1.4619,1.4619,1.4619,1.4619,1.4619,1.4619,1.4619,1.4619,0.6694,0.6444,1.4619,1.4619,1.4619,1.4619,0.6357,1.4619,1.4619,1.4619,1.4619,1.4619,1.4619,1.4619
1.4599,1.4599,1.4599,1.4599,1.4599,1.4599,1.4599,1.4599,1.4599,1.4599,1.4599,1.4599,1.4599,1.4599,1.4599,1.4599,1.4599,1.4599,0.9453,0.3135,1.4599,1.4599,1.4599,1.4599,1.4599,1.4599,1.4599,0.8835
1.1629,1.2336,1.4579,1.4579,1.4579,1.4579,1.4579,1.4579,1.4579,1.4579,1.4579,1.4579,1.4579,1.4579,1.4579,1.4579,1.4579,1.4579,1.4579,1.4579,1.4579,1.4579,1.4579,1.4579,1.4579,1.4579,1.4579,1.4579
1.4559,1.3923,1.4559,1.4559,1.4559,1.4559,1.4559,1.4559,1.4559,1.4559,1.4559,1.4559,1.4559,0.6061,0.7336,1.4559,1.4559,1.4559,1.4559,1.4559,1.4559,1.4559,1.4559,1.4559,1.4559,1.4559,1.4559,1.4559
1.4539,1.4539,1.4539,1.4539,1.4539,1.4539,1.4539,1.4539,1.4539,1.4539,1.4539,1.4539,1.4539,0.7161,0.7216,0.8559,1.4539,1.4539,1.4539,1.4539,1.0038,1.4539,1.4539,1.4539,1.4539,1.4539,1.4539,1.4539
1.4519,1.4519,1.4519,1.4519,1.4519,1.4519,1.4519,1.4519,1.4519,1.4519,1.4519,1.4519,1.4519,1.4519,1.4519,0.8382,1.1209,1.4519,1.4519,1.4519,1.4519,0.7822,1.4519,1.4519,1.4519,1.4519,1.4519,1.4519
1.4499,1.4499,1.4499,1.4499,1.4499,1.4499,1.4499,1.4499,1.4499,1.4499,1.4499,1.4499,1.4499,1.4499,1.4499,1.4499,1.4499,1.4443,0.8584,1.4499,1.4499,1.4499,1.4499,1.4499,1.4499,1.4499,1.4499,0.8688
1.0526,1.448,1.448,1.448,1.448,1.448,1.448,1.448,1.448,1.448,1.448,1.448,1.448,1.448,0.7938,1.1233,1.448,1.448,1.448,1.448,1.448,1.448,1.448,1.448,1.448,1.448,1.448,1.448
1.446,1.446,1.446,1.446,1.446,1.446,1.446,1.446,1.446,1.446,1.446,1.446,1.446,1.446,0.6313,1.446,1.446,1.446,1.446,1.446,1.446,1.446,1.446,1.446,1.446,1.446,1.446,1.446
1.444,1.444,1.444,1.444,1.444,1.444,1.444,1.444,1.444,1.444,1.444,1.444,1.0676,0.9776,0.9852,1.444,1.444,1.444,1.2421,0.4119,1.444,1.444,1.444,1.444,1.444,1.444,1.444,1.1609
1.4421,1.201,1.4421,1.4421,1.4421,1.4421,1.4421,1.4421,1.4421,1.4421,1.4421,1.4421,1.4421,1.4421,1.4421,1.4421,1.4421,1.4421,1.4421,1.4421,1.4421,1.4421,1.2463,1.4421,1.4421,1.4421,1.4421,1.4421
1.097,1.4401,1.4401,1.4401,1.4401,1.4401,1.4401,1.4401,1.4401,1.4401,1.4401,1.4401,1.134,1.0246,1.4401,1.4401,1.4401,1.4401,1.4401,1.4401,1.4401,1.4401,1.4401,1.4401,1.4401,1.4401,1.4401,1.0283
1.4382,1.4382,1.4382,1.4382,1.4382,1.4382,1.4382,1.4382,1.4382,1.4382,1.4382,1.4382,1.4382,0.7193,0.7249,0.8597,1.4382,1.4382,1.4382,1.4382,0.5578,1.4382,1.4382,1.4382,1.4382,1.4382,1.4382,1.4382
1.4362,1.4362,1.4362,1.4362,1.4362,1.4362,1.4362,1.4362,1.4362,1.4362,1.4362,1.4362,1.4362,1.4362,0.6965,0.6032,1.4362,1.4362,1.4362,1.4362,1.4362,1.1518,1.4362,1.4362,1.4362,1.4362,1.4362,1.4362
1.4343,1.4343,1.4343,1.4343,1.4343,1.4343,1.4343,1.4343,1.4343,1.4343,1.4343,1.4343,1.4343,1.4343,1.4343,1.4343,1.4343,1.4343,0.8895,0.295,1.4343,1.4343,1.4343,1.4343,1.4343,1.4343,1.4343,0.8594
0.8013,1.4323,1.4323,1.4323,1.4323,1.4323,1.4323,1.4323,1.4323,1.4323,1.4323,1.4323,1.4323,1.4323,1.4323,1.4323,1.4323,1.4323,1.4323,1.4323,1.4323,1.4323,1.4323,1.4323,1.4323,1.4323,1.4323,1.4323
1.4304,1.2813,1.4304,1.4304,1.4304,1.4304,1.4304,1.4304,1.4304,1.4304,1.4304,1.4304,1.4304,0.5578,0.6751,1.4304,1.4304,1.4304,1.4304,1.1513,1.4304,1.4304,1.4304,1.4304,1.4304,1.4304,1.4304,1.4304
1.4285,1.4285,1.4285,1.4285,1.4285,1.4285,1.4285,1.4285,1.4285,1.4285,1.4285,1.4285,1.263,0.6537,0.7872,0.9336,1.4285,1.4285,1.4285,0.7192,1.095,1.4285,1.4285,1.4285,1.4285,1.4285,1.4285,1.4285
1.4266,1.4266,1.4266,1.4266,1.4266,1.4266,1.4266,1.4266,1.4266,1.4266,1.4266,1.4266,1.4266,1.4266,1.4266,1.1953,1.0069,1.4266,1.4266,1.4266,1.4266,0.7026,1.3766,1.4266,1.4266,1.4266,1.4266,1.4266
1.4247,1.4247,1.4247,1.4247,1.4247,1.4247,1.4247,1.4247,1.4247,1.4247,1.4247,1.4247,1.4247,1.4247,1.4247,1.4247,1.4247,1.4247,0.9177,1.4247,1.4247,1.4247,1.4247,1.4247,1.4247,1.4247,1.4247,0.8576
1.4227,1.4227,1.4227,1.4227,1.4227,1.4227,1.4227,1.4227,1.4227,1.4227,1.4227,1.4227,1.4227,1.4227,0.8047,0.9823,1.2778,1.4227,1.4227,1.4227,1.4227,1.3308,1.4227,1.4227,1.4227,1.4227,1.4227,1.4227
1.4208,1.4208,1.4208,1.4208,1.4208,1.4208,1.4208,1.4208,1.4208,1.4208,1.4208,1.4208,1.4208,1.4208,0.6619,1.0263,1.4208,1.4208,1.4208,1.4208,0.6286,1.4208,1.4208,1.4208,1.4208,1.4208,1.4208,1.4208
1.4189,1.4189,1.4189,1.4189,1.4189,1.4189,1.4189,1.4189,1.4189,1.4189,1.4189,1.4189,1.1994,1.2912,1.3012,1.4189,1.4189,1.4189,1.0537,0.3494,1.4189,1.4189,1.4189,1.4189,1.4189,1.4189,1.4189,0.9848
1.4171,1.2355,1.4171,1.4171,1.4171,1.4171,1.4171,1.4171,1.4171,1.4171,1.4171,1.4171,1.4171,1.4171,1.4171,1.4171,1.4171,1.4171,1.4171,1.4171,1.4171,1.4171,1.282,1.4171,1.4171,1.4171,1.4171,1.4171
1.3433,1.4152,1.4152,1.4152,1.4152,1.4152,1.4152,1.4152,1.4152,1.4152,1.4152,1.4152,1.4152,0.8389,1.4152,1.4152,1.4152,1.4152,1.4152,1.4152,1.4152,1.4152,1.4152,1.4152,1.4152,1.4152,1.4152,1.3024
1.4133,1.4133,1.4133,1.4133,1.4133,1.4133,1.4133,1.4133,1.4133,1.4133,1.4133,1.4133,1.4133,0.7261,0.7317,0.8678,1.4133,1.4133,1.4133,1.4133,1.0179,1.4133,1.4133,1.4133,1.4133,1.4133,1.4133,1.4133
1.4114,1.4114,1.4114,1.4114,1.4114,1.4114,1.4114,1.4114,1.4114,1.4114,1.4114,1.4114,1.4114,1.4114,0.7632,0.7377,1.2951,1.4114,1.4114,1.4114,1.4114,0.9038,1.4114,1.4114,1.4114,1.4114,1.4114,1.4114
1.4095,1.4095,1.4095,1.4095,1.4095,1.4095,1.4095,1.4095,1.4095,1.4095,1.4095,1.4095,1.4095,1.4095,1.4095,1.4095,1.4095,1.4095,0.881,1.4095,1.4095,1.4095,1.4095,1.4095,1.4095,1.4095,1.4095,0.8446
0.9508,1.4077,1.4077,1.4077,1.4077,1.4077,1.4077,1.4077,1.4077,1.4077,1.4077,1.4077,1.4077,1.4077,1.1188,1.3269,1.4077,1.4077,1.4077,1.4077,1.4077,1.4077,1.4077,1.4077,1.4077,1.4077,1.4077,1.4077
1.4058,1.4058,1.4058,1.4058,1.4058,1.4058,1.4058,1.4058,1.4058,1.4058,1.4058,1.4058,1.4058,1.4058,0.6558,1.4058,1.4058,1.4058,1.4058,1.4058,1.4058,1.4058,1.4058,1.4058,1.4058,1.4058,1.4058,1.4058
1.4039,1.4039,1.4039,1.4039,1.4039,1.4039,1.4039,1.4039,1.4039,1.4039,1.4039,1.4039,0.9856,0.9025,0.9096,1.4039,1.4039,1.4039,1.4039,0.4996,1.2652,1.4039,1.4039,1.4039,1.4039,1.4039,1.4039,1.4039
1.4021,1.4021,1.4021,1.4021,1.4021,1.4021,1.4021,1.4021,1.4021,1.4021,1.4021,1.4021,1.4021,1.4021,1.4021,1.4021,1.2676,1.4021,1.4021,1.4021,1.4021,0.7099,1.3103,1.4021,1.4021,1.4021,1.4021,1.4021
1.3745,1.4002,1.4002,1.4002,1.4002,1.4002,1.4002,1.4002,1.4002,1.4002,1.4002,1.4002,1.0669,1.2838,1.4002,1.4002,1.4002,1.4002,1.4002,1.4002,1.4002,1.4002,1.4002,1.4002,1.4002,1.4002,1.4002,0.9675
1.3984,1.3984,1.3984,1.3984,1.3984,1.3984,1.3984,1.3984,1.3984,1.3984,1.3984,1.3984,1.3984,0.7657,0.7716,0.9152,1.1904,1.3984,1.3984,1.3984,0.5802,1.3984,1.3984,1.3984,1.3984,1.3984,1.3984,1.3984
1.3966,1.3966,1.3966,1.3966,1.3966,1.3966,1.3966,1.3966,1.3966,1.3966,1.3966,1.3966,1.3966,1.3966,0.7304,0.5771,1.3966,1.3966,1.3966,1.3966,1.3966,1.3966,1.3966,1.3966,1.3966,1.3966,1.3966,1.3966
1.3947,1.3947,1.3947,1.3947,1.3947,1.3947,1.3947,1.3947,1.3947,1.3947,1.3947,1.3947,1.3947,1.3947,1.3947,1.3947,1.3947,1.3947,0.9592,0.3181,1.3947,1.3947,1.3947,1.3947,1.3947,1.3947,1.3947,0.8964
0.9558,1.3353,1.3929,1.3929,1.3929,1.3929,1.3929,1.3929,1.3929,1.3929,1.3929,1.3929,1.3929,1.3929,1.3929,1.3929,1.3929,1.3929,1.3929,1.3929,1.3929,1.3929,1.3929,1.3929,1.3929,1.3929,1.3929,1.3929
1.3911,1.3911,1.3911,1.3911,1.3911,1.3911,1.3911,1.3911,1.3911,1.3911,1.3911,1.3911,1.3911,0.6097,0.738,1.3911,1.3911,1.3911,1.3911,1.3911,1.3911,1.3911,1.3911,1.3911,1.3911,1.3911,1.3911,1.3911
1.3893,1.3893,1.3893,1.3893,1.3893,1.3893,1.3893,1.3893,1.3893,1.3893,1.3893,1.3893,1.3893,0.6601,0.7754,0.9196,1.3893,1.3893,1.3893,1.0844,1.0786,1.3893,1.3893,1.3893,1.3893,1.3893,1.3893,1.3893
1.3874,1.3874,1.3874,1.3874,1.3874,1.3874,1.3874,1.3874,1.3874,1.3874,1.3874,1.3874,1.3874,1.3874,1.3874,0.9987,1.1169,1.3874,1.3874,1.3874,1.3874,0.7794,1.3874,1.3874,1.3874,1.3874,1.3874,1.3874
1.3856,1.3856,1.3856,1.3856,1.3856,1.3856,1.3856,1.3856,1.3856,1.3856,1.3856,1.3856,1.3856,1.3856,1.3856,1.3856,1.3856,1.3856,0.9159,1.3856,1.3856,1.3856,1.3856,1.3856,1.3856,1.3856,1.3856,0.856
1.229,1.3838,1.3838,1.3838,1.3838,1.3838,1.3838,1.3838,1.3838,1.3838,1.3838,1.3838,1.3838,1.3838,0.7826,1.1073,1.3838,1.3838,1.3838,1.3838,1.3838,1.3083,1.3838,1.3838,1.3838,1.3838,1.3838,1.3838
1.382,1.382,1.382,1.382,1.382,1.382,1.382,1.382,1.382,1.382,1.382,1.382,1.382,1.382,0.669,1.382,1.382,1.382,1.382,1.382,0.8819,1.382,1.382,1.382,1.382,1.382,1.382,1.382
1.3802,1.3802,1.3802,1.3802,1.3802,1.3802,1.3802,1.3802,1.3802,1.3802,1.3802,1.3802,1.2266,1.1232,1.1319,1.3802,1.3802,1.3802,1.2093,0.401,1.3802,1.3802,1.3802,1.3802,1.3802,1.3802,1.3802,1.1302
1.3784,1.2641,1.3784,1.3784,1.3784,1.3784,1.3784,1.3784,1.3784,1.3784,1.3784,1.3784,1.3784,1.3784,1.3784,1.3784,1.3784,1.3784,1.3784,1.3784,1.3784,1.3784,1.3117,1.3784,1.3784,1.3784,1.3784,1.3784
1.2025,1.3766,1.3766,1.3766,1.3766,1.3766,1.3766,1.3766,1.3766,1.3766,1.3766,1.3766,1.3766,0.9828,1.3766,1.3766,1.3766,1.3766,1.3766,1.3766,1.3766,1.3766,1.3766,1.3766,1.3766,1.3766,1.3766,1.1658
1.3749,1.3749,1.3749,1.3749,1.3749,1.3749,1.3749,1.3749,1.3749,1.3749,1.3749,1.3749,1.3749,0.7519,0.7578,0.8987,1.3749,1.3749,1.3749,1.3749,1.0541,1.3749,1.3749,1.3749,1.3749,1.3749,1.3749,1.3749
1.3731,1.3731,1.3731,1.3731,1.3731,1.3731,1.3731,1.3731,1.3731,1.3731,1.3731,1.3731,1.3731,1.3731,0.6995,0.6762,1.3731,1.3731,1.3731,1.3731,1.3731,1.0847,1.3731,1.3731,1.3731,1.3731,1.3731,1.3731
1.3713,1.3713,1.3713,1.3713,1.3713,1.3713,1.3713,1.3713,1.3713,1.3713,1.3713,1.3713,1.3713,1.3713,1.3713,1.3713,1.3713,1.3713,0.9235,0.3909,1.3713,1.3713,1.3713,1.3713,1.3713,1.3713,1.3713,0.8631
0.8892,1.3695,1.3695,1.3695,1.3695,1.3695,1.3695,1.3695,1.3695,1.3695,1.3695,1.3695,1.3695,1.3695,1.3695,1.3695,1.3695,1.3695,1.3695,1.3695,1.3695,1.3695,1.3695,1.3695,1.3695,1.3695,1.3695,1.3695
1.3678,1.3678,1.3678,1.3678,1.3678,1.3678,1.3678,1.3678,1.3678,1.3678,1.3678,1.3678,1.3678,0.7537,0.6959,1.3678,1.3678,1.3678,1.3678,1.2382,1.3678,1.3678,1.3678,1.3678,1.3678,1.3678,1.3678,1.3678
1.366,1.366,1.366,1.366,1.366,1.366,1.366,1.366,1.366,1.366,1.366,1.366,1.1254,0.7191,0.8659,1.366,1.366,1.366,1.366,0.6408,1.2045,1.366,1.366,1.366,1.366,1.366,1.366,1.366
1.3643,1.3643,1.3643,1.3643,1.3643,1.3643,1.3643,1.3643,1.3643,1.3643,1.3643,1.3643,1.3643,1.3643,1.3643,1.251,1.03,1.3643,1.3643,1.3643,1.3643,0.7187,1.3643,1.3643,1.3643,1.3643,1.3643,1.3643
1.3625,1.3625,1.3625,1.3625,1.3625,1.3625,1.3625,1.3625,1.3625,1.3625,1.3625,1.3625,1.3625,1.3625,1.3625,1.3625,1.3625,1.3625,1.0013,1.3625,1.3625,1.3625,1.3625,1.3625,1.3625,1.3625,1.3625,0.9358
1.3608,1.3608,1.3608,1.3608,1.3608,1.3608,1.3608,1.3608,1.3608,1.3608,1.3608,1.3608,1.3608,1.3608,0.8403,0.9966,1.2964,1.3608,1.3608,1.3608,0.6319,1.3608,1.3608,1.3608,1.3608,1.3608,1.3608,1.3608
1.359,1.359,1.359,1.359,1.359,1.359,1.359,1.359,1.359,1.359,1.359,1.359,1.359,1.359,0.7168,0.8105,1.359,1.359,1.359,1.359,0.6807,1.359,1.359,1.359,1.359,1.359,1.359,1.359
1.3573,1.3573,1.3573,1.3573,1.3573,1.3573,1.3573,1.3573,1.3573,1.3573,1.3573,1.3573,1.3573,1.3573,1.3573,1.3573,1.3573,1.3573,1.0595,0.3514,1.3573,1.3573,1.3573,1.3573,1.3573,1.3573,1.3573,0.9902
1.3556,1.3284,1.3556,1.3556,1.3556,1.3556,1.3556,1.3556,1.3556,1.3556,1.3556,1.3556,1.3556,1.3556,1.3556,1.3556,1.3556,1.3556,1.3556,1.3556,1.3556,1.3556,1.3556,1.3556,1.3556,1.3556,1.3556,1.3556
1.3538,1.3538,1.3538,1.3538,1.3538,1.3538,1.3538,1.3538,1.3538,1.3538,1.3538,1.3538,1.3538,0.835,0.8278,1.3538,1.3538,1.3538,1.3538,1.3538,1.3538,1.3538,1.3538,1.3538,1.3538,1.3538,1.3538,1.3538
1.3521,1.3521,1.3521,1.3521,1.3521,1.3521,1.3521,1.3521,1.3521,1.3521,1.3521,1.3521,1.3521,0.7754,0.7814,0.9267,1.3521,1.3521,1.3521,1.3521,1.0869,1.3521,1.3521,1.3521,1.3521,1.3521,1.3521,1.3521
1.3504,1.3504,1.3504,1.3504,1.3504,1.3504,1.3504,1.3504,1.3504,1.3504,1.3504,1.3504,1.3504,1.3504,1.3504,0.8576,1.2744,1.3504,1.3504,1.3504,1.3504,0.8893,1.3504,1.3504,1.3504,1.3504,1.3504,1.3504
1.3487,1.3487,1.3487,1.3487,1.3487,1.3487,1.3487,1.3487,1.3487,1.3487,1.3487,1.3487,1.3487,1.3487,1.3487,1.3487,1.3487,1.3487,0.9345,1.3487,1.3487,1.3487,1.3487,1.3487,1.3487,1.3487,1.3487,0.8734
1.0894,1.347,1.347,1.347,1.347,1.347,1.347,1.347,1.347,1.347,1.347,1.347,1.347,1.347,1.086,1.288,1.347,1.347,1.347,1.347,1.347,1.347,1.347,1.347,1.347,1.347,1.347,1.347
1.3453,1.3453,1.3453,1.3453,1.3453,1.3453,1.3453,1.3453,1.3453,1.3453,1.3453,1.3453,1.3453,1.3453,0.691,1.3453,1.3453,1.3453,1.3453,1.3453,1.3453,1.3453,1.3453,1.3453,1.3453,1.3453,1.3453,1.3453
1.3436,1.3436,1.3436,1.3436,1.3436,1.3436,1.3436,1.3436,1.3436,1.3436,1.3436,1.3436,1.1157,1.0216,1.0296,1.3436,1.3436,1.3436,1.3436,0.477,1.3436,1.3436,1.3436,1.3436,1.3436,1.3436,1.3436,1.3436
1.3419,1.3214,1.3419,1.3419,1.3419,1.3419,1.3419,1.3419,1.3419,1.3419,1.3419,1.3419,1.3419,1.3419,1.3419,1.3419,1.3419,1.3419,1.3419,1.3419,1.3419,1.3419,1.3419,1.3419,1.3419,1.3419,1.3419,1.3419
1.2856,1.3402,1.3402,1.3402,1.3402,1.3402,1.3402,1.3402,1.3402,1.3402,1.3402,1.3402,1.1951,1.2007,1.3402,1.3402,1.3402,1.3402,1.3402,1.3402,1.3402,1.3402,1.3402,1.3402,1.3402,1.3402,1.3402,1.0837
1.3385,1.3385,1.3385,1.3385,1.3385,1.3385,1.3385,1.3385,1.3385,1.3385,1.3385,1.3385,1.3385,0.7957,0.8019,0.951,1.3385,1.3385,1.3385,1.3385,0.603,1.3385,1.3385,1.3385,1.3385,1.3385,1.3385,1.3385
1.3368,1.3368,1.3368,1.3368,1.3368,1.3368,1.3368,1.3368,1.3368,1.3368,1.3368,1.3368,1.3368,1.3368,0.8106,0.6405,1.3368,1.3368,1.3368,1.3368,1.3368,1.3368,1.3368,1.3368,1.3368,1.3368,1.3368,1.3368
1.3351,1.3351,1.3351,1.3351,1.3351,1.3351,1.3351,1.3351,1.3351,1.3351,1.3351,1.3351,1.3351,1.3351,1.3351,1.3351,1.3351,1.3351,0.9895,0.3281,1.3351,1.3351,1.3351,1.3351,1.3351,1.3351,1.3351,0.9248
0.8566,1.3334,1.3334,1.3334,1.3334,1.3334,1.3334,1.3334,1.3334,1.3334,1.3334,1.3334,1.3334,1.3334,1.3334,1.3334,1.3334,1.3334,1.3334,1.3334,1.3334,1.3334,1.3334,1.3334,1.3334,1.3334,1.3334,1.3334
1.3318,1.3318,1.3318,1.3318,1.3318,1.3318,1.3318,1.3318,1.3318,1.3318,1.3318,1.3318,1.3318,0.6241,0.7554,1.3318,1.3318,1.3318,1.3318,1.2882,1.3318,1.3318,1.3318,1.3318,1.3318,1.3318,1.3318,1.3318
1.3301,1.3301,1.3301,1.3301,1.3301,1.3301,1.3301,1.3301,1.3301,1.3301,1.3301,1.3301,1.3301,0.7032,0.8468,1.0044,1.3301,1.3301,1.3301,0.896,1.178,1.3301,1.3301,1.3301,1.3301,1.3301,1.3301,1.3301
1.3284,1.3284,1.3284,1.3284,1.3284,1.3284,1.3284,1.3284,1.3284,1.3284,1.3284,1.3284,1.3284,1.3284,1.3284,1.231,1.1336,1.3284,1.3284,1.3284,1.3284,0.791,1.3284,1.3284,1.3284,1.3284,1.3284,1.3284
1.3268,1.3268,1.3268,1.3268,1.3268,1.3268,1.3268,1.3268,1.3268,1.3268,1.3268,1.3268,1.3268,1.3268,1.3268,1.3268,1.3268,1.3268,0.9931,1.3268,1.3268,1.3268,1.3268,1.3268,1.3268,1.3268,1.3268,0.9281
1.3251,1.3251,1.3251,1.3251,1.3251,1.3251,1.3251,1.3251,1.3251,1.3251,1.3251,1.3251,1.3251,1.3251,0.8112,1.1133,1.3251,1.3251,1.3251,1.3251,1.3251,1.3251,1.3251,1.3251,1.3251,1.3251,1.3251,1.3251
1.3235,1.3235,1.3235,1.3235,1.3235,1.3235,1.3235,1.3235,1.3235,1.3235,1.3235,1.3235,1.3235,1.3235,0.7204,1.3235,1.3235,1.3235,1.3235,1.3235,0.6841,1.3235,1.3235,1.3235,1.3235,1.3235,1.3235,1.3235
1.3218,1.3218,1.3218,1.3218,1.3218,1.3218,1.3218,1.3218,1.3218,1.3218,1.3218,1.3218,1.2398,1.3218,1.3218,1.3218,1.3218,1.3218,1.2029,0.3989,1.3218,1.3218,1.3218,1.3218,1.3218,1.3218,1.3218,1.1242
1.3202,1.3202,1.3202,1.3202,1.3202,1.3202,1.3202,1.3202,1.3202,1.3202,1.3202,1.3202,1.3202,1.3202,1.3202,1.3202,1.3202,1.3202,1.3202,1.3202,1.3202,1.3202,1.3202,1.3202,1.3202,1.3202,1.3202,1.3202
1.3185,1.3185,1.3185,1.3185,1.3185,1.3185,1.3185,1.3185,1.3185,1.3185,1.3185,1.3185,1.3185,0.9655,1.3185,1.3185,1.3185,1.3185,1.3185,1.3185,1.3185,1.3185,1.3185,1.3185,1.3185,1.3185,1.3185,1.3185
1.3169,1.3169,1.3169,1.3169,1.3169,1.3169,1.3169,1.3169,1.3169,1.3169,1.3169,1.3169,1.3169,0.799,0.8052,0.9549,1.3169,1.3169,1.3169,1.3169,1.12,1.3169,1.3169,1.3169,1.3169,1.3169,1.3169,1.3169
1.3153,1.3153,1.3153,1.3153,1.3153,1.3153,1.3153,1.3153,1.3153,1.3153,1.3153,1.3153,1.3153,1.3153,0.8004,0.7737,1.3153,1.3153,1.3153,1.3153,1.3153,1.0499,1.3153,1.3153,1.3153,1.3153,1.3153,1.3153
1.3136,1.3136,1.3136,1.3136,1.3136,1.3136,1.3136,1.3136,1.3136,1.3136,1.3136,1.3136,1.3136,1.3136,1.3136,1.3136,1.3136,1.3136,0.9747,1.3136,1.3136,1.3136,1.3136,1.3136,1.3136,1.3136,1.3136,0.911
1.0063,1.312,1.312,1.312,1.312,1.312,1.312,1.312,1.312,1.312,1.312,1.312,1.312,1.312,1.312,1.312,1.312,1.312,1.312,1.312,1.312,1.312,1.312,1.312,1.312,1.312,1.312,1.312
1.3104,1.3104,1.3104,1.3104,1.3104,1.3104,1.3104,1.3104,1.3104,1.3104,1.3104,1.3104,1.3104,1.3104,0.7295,1.3104,1.3104,1.3104,1.3104,1.3104,1.3104,1.3104,1.3104,1.3104,1.3104,1.3104,1.3104,1.3104
1.3088,1.3088,1.3088,1.3088,1.3088,1.3088,1.3088,1.3088,1.3088,1.3088,1.3088,1.3088,1.0515,0.9629,0.9704,1.3088,1.3088,1.3088,1.3088,0.5947,1.3088,1.3088,1.3088,1.3088,1.3088,1.3088,1.3088,1.3088
1.3072,1.3072,1.3072,1.3072,1.3072,1.3072,1.3072,1.3072,1.3072,1.3072,1.3072,1.3072,1.3072,1.3072,1.3072,1.3072,1.1221,1.3072,1.3072,1.3072,1.3072,0.7482,1.3072,1.3072,1.3072,1.3072,1.3072,1.3072
1.3056,1.3056,1.3056,1.3056,1.3056,1.3056,1.3056,1.3056,1.3056,1.3056,1.3056,1.3056,1.1465,1.3056,1.3056,1.3056,1.3056,1.3056,1.3056,1.3056,1.3056,1.3056,1.3056,1.3056,1.3056,1.3056,1.3056,1.0397
1.304,1.304,1.304,1.304,1.304,1.304,1.304,1.304,1.304,1.304,1.304,1.304,1.304,1.304,0.8683,1.0298,1.304,1.304,1.304,1.304,0.6529,1.304,1.304,1.304,1.304,1.304,1.304,1.304
1.3024,1.3024,1.3024,1.3024,1.3024,1.3024,1.3024,1.3024,1.3024,1.3024,1.3024,1.3024,1.3024,1.3024,0.7901,0.6947,1.3024,1.3024,1.3024,1.3024,1.3024,1.3024,1.3024,1.3024,1.3024,1.3024,1.3024,1.3024
1.3008,1.3008,1.3008,1.3008,1.3008,1.3008,1.3008,1.3008,1.3008,1.3008,1.3008,1.3008,1.3008,1.3008,1.3008,1.3008,1.3008,1.3008,1.086,0.3601,1.3008,1.3008,1.3008,1.3008,1.3008,1.3008,1.3008,1.0149
1.2246,1.2992,1.2992,1.2992,1.2992,1.2992,1.2992,1.2992,1.2992,1.2992,1.2992,1.2992,1.2992,1.2992,1.2992,1.2992,1.2992,1.2992,1.2992,1.2992,1.2992,1.2992,1.2992,1.2992,1.2992,1.2992,1.2992,1.2992
1.2976,1.2976,1.2976,1.2976,1.2976,1.2976,1.2976,1.2976,1.2976,1.2976,1.2976,1.2976,1.2976,0.6948,0.841,1.2976,1.2976,1.2976,1.2976,1.2976,1.2976,1.2976,1.2976,1.2976,1.2976,1.2976,1.2976,1.2976
1.296,1.296,1.296,1.296,1.296,1.296,1.296,1.296,1.296,1.296,1.296,1.296,1.296,0.8425,0.8491,1.007,1.296,1.296,1.296,1.296,1.1811,1.296,1.296,1.296,1.296,1.296,1.296,1.296
1.2944,1.2944,1.2944,1.2944,1.2944,1.2944,1.2944,1.2944,1.2944,1.2944,1.2944,1.2944,1.2944,1.2944,1.2944,1.0249,1.2819,1.2944,1.2944,1.2944,1.2944,0.8945,1.2944,1.2944,1.2944,1.2944,1.2944,1.2944
1.2929,1.2929,1.2929,1.2929,1.2929,1.2929,1.2929,1.2929,1.2929,1.2929,1.2929,1.2929,1.2929,1.2929,1.2929,1.2929,1.2929,1.2929,1.0087,1.2929,1.2929,1.2929,1.2929,1.2929,1.2929,1.2929,1.2929,0.9427
1.2795,1.2913,1.2913,1.2913,1.2913,1.2913,1.2913,1.2913,1.2913,1.2913,1.2913,1.2913,1.2913,1.2913,0.9052,1.2809,1.2913,1.2913,1.2913,1.2913,1.2913,1.2913,1.2913,1.2913,1.2913,1.2913,1.2913,1.2913
1.2897,1.2897,1.2897,1.2897,1.2897,1.2897,1.2897,1.2897,1.2897,1.2897,1.2897,1.2897,1.2897,1.2897,0.741,1.2897,1.2897,1.2897,1.2897,1.2897,1.2897,1.2897,1.2897,1.2897,1.2897,1.2897,1.2897,1.2897
1.2882,1.2882,1.2882,1.2882,1.2882,1.2882,1.2882,1.2882,1.2882,1.2882,1.2882,1.2882,1.2882,1.1832,1.1924,1.2882,1.2882,1.2882,1.2882,0.468,1.2882,1.2882,1.2882,1.2882,1.2882,1.2882,1.2882,1.2882
1.2866,1.2866,1.2866,1.2866,1.2866,1.2866,1.2866,1.2866,1.2866,1.2866,1.2866,1.2866,1.2866,1.2866,1.2866,1.2866,1.2866,1.2866,1.2866,1.2866,1.2866,1.2866,1.2866,1.2866,1.2866,1.2866,1.2866,1.2866
1.2793,1.285,1.285,1.285,1.285,1.285,1.285,1.285,1.285,1.285,1.285,1.285,1.285,1.1588,1.285,1.285,1.285,1.285,1.285,1.285,1.285,1.285,1.285,1.285,1.285,1.285,1.285,1.2403
1.2835,1.2835,1.2835,1.2835,1.2835,1.2835,1.2835,1.2835,1.2835,1.2835,1.2835,1.2835,1.2835,0.8422,0.8487,1.0066,1.2835,1.2835,1.2835,1.2835,0.8224,1.2835,1.2835,1.2835,1.2835,1.2835,1.2835,1.2835
1.2819,1.2819,1.2819,1.2819,1.2819,1.2819,1.2819,1.2819,1.2819,1.2819,1.2819,1.2819,1.2819,1.2819,0.7829,0.7256,1.2819,1.2819,1.2819,1.2819,1.2819,1.2819,1.2819,1.2819,1.2819,1.2819,1.2819,1.2819
1.2804,1.2804,1.2804,1.2804,1.2804,1.2804,1.2804,1.2804,1.2804,1.2804,1.2804,1.2804,1.2804,1.2804,1.2804,1.2804,1.2804,1.2804,1.0402,0.345,1.2804,1.2804,1.2804,1.2804,1.2804,1.2804,1.2804,0.9722
0.9616,1.2788,1.2788,1.2788,1.2788,1.2788,1.2788,1.2788,1.2788,1.2788,1.2788,1.2788,1.2788,1.2788,1.2788,1.2788,1.2788,1.2788,1.2788,1.2788,1.2788,1.2788,1.2788,1.2788,1.2788,1.2788,1.2788,1.2788
1.2773,1.2773,1.2773,1.2773,1.2773,1.2773,1.2773,1.2773,1.2773,1.2773,1.2773,1.2773,1.2773,0.7012,0.7885,1.2773,1.2773,1.2773,1.2773,1.2773,1.2773,1.2773,1.2773,1.2773,1.2773,1.2773,1.2773,1.2773
1.2758,1.2758,1.2758,1.2758,1.2758,1.2758,1.2758,1.2758,1.2758,1.2758,1.2758,1.2758,1.2758,0.7831,0.9431,1.2758,1.2758,1.2758,1.2758,0.7924,1.2758,1.2758,1.2758,1.2758,1.2758,1.2758,1.2758,1.2758
1.2742,1.2742,1.2742,1.2742,1.2742,1.2742,1.2742,1.2742,1.2742,1.2742,1.2742,1.2742,1.2742,1.2742,1.2742,1.2742,1.1742,1.2742,1.2742,1.2742,1.2742,0.8194,1.2742,1.2742,1.2742,1.2742,1.2742,1.2742
1.2727,1.2727,1.2727,1.2727,1.2727,1.2727,1.2727,1.2727,1.2727,1.2727,1.2727,1.2727,1.2727,1.2727,1.2727,1.2727,1.2727,1.2727,1.0977,1.2727,1.2727,1.2727,1.2727,1.2727,1.2727,1.2727,1.2727,1.0259
1.2712,1.2712,1.2712,1.2712,1.2712,1.2712,1.2712,1.2712,1.2712,1.2712,1.2712,1.2712,1.2712,1.2712,0.9643,1.1436,1.2712,1.2712,1.2712,1.2712,1.2712,1.2712,1.2712,1.2712,1.2712,1.2712,1.2712,1.2712
1.2697,1.2697,1.2697,1.2697,1.2697,1.2697,1.2697,1.2697,1.2697,1.2697,1.2697,1.2697,1.2697,1.2697,0.7907,1.0757,1.2697,1.2697,1.2697,1.2697,0.7509,1.2697,1.2697,1.2697,1.2697,1.2697,1.2697,1.2697
1.2682,1.2682,1.2682,1.2682,1.2682,1.2682,1.2682,1.2682,1.2682,1.2682,1.2682,1.2682,1.2682,1.2682,1.2682,1.2682,1.2682,1.2682,1.2243,0.406,1.2682,1.2682,1.2682,1.2682,1.2682,1.2682,1.2682,1.1442
1.2666,1.2666,1.2666,1.2666,1.2666,1.2666,1.2666,1.2666,1.2666,1.2666,1.2666,1.2666,1.2666,1.2666,1.2666,1.2666,1.2666,1.2666,1.2666,1.2666,1.2666,1.2666,1.2666,1.2666,1.2666,1.2666,1.2666,1.2666
1.2651,1.2651,1.2651,1.2651,1.2651,1.2651,1.2651,1.2651,1.2651,1.2651,1.2651,1.2651,1.2651,0.9723,1.2651,1.2651,1.2651,1.2651,1.2651,1.2651,1.2651,1.2651,1.2651,1.2651,1.2651,1.2651,1.2651,1.2651
1.2636,1.2636,1.2636,1.2636,1.2636,1.2636,1.2636,1.2636,1.2636,1.2636,1.2636,1.2636,1.2636,0.8655,0.8723,1.0345,1.2636,1.2636,1.2636,1.2636,1.2134,1.2636,1.2636,1.2636,1.2636,1.2636,1.2636,1.2636
1.2621,1.2621,1.2621,1.2621,1.2621,1.2621,1.2621,1.2621,1.2621,1.2621,1.2621,1.2621,1.2621,1.2621,1.2621,0.9082,1.2621,1.2621,1.2621,1.2621,1.2621,1.0444,1.2621,1.2621,1.2621,1.2621,1.2621,1.2621
1.2606,1.2606,1.2606,1.2606,1.2606,1.2606,1.2606,1.2606,1.2606,1.2606,1.2606,1.2606,1.2606,1.2606,1.2606,1.2606,1.2606,1.2606,1.0493,1.2606,1.2606,1.2606,1.2606,1.2606,1.2606,1.2606,1.2606,0.9806
1.1663,1.2591,1.2591,1.2591,1.2591,1.2591,1.2591,1.2591,1.2591,1.2591,1.2591,1.2591,1.2591,1.2591,1.2591,1.2591,1.2591,1.2591,1.2591,1.2591,1.2591,1.2591,1.2591,1.2591,1.2591,1.2591,1.2591,1.2591
1.2576,1.2576,1.2576,1.2576,1.2576,1.2576,1.2576,1.2576,1.2576,1.2576,1.2576,1.2576,1.2576,1.2576,0.7803,1.2576,1.2576,1.2576,1.2576,1.2576,1.2576,1.2576,1.2576,1.2576,1.2576,1.2576,1.2576,1.2576
1.2562,1.2562,1.2562,1.2562,1.2562,1.2562,1.2562,1.2562,1.2562,1.2562,1.2562,1.2562,1.2057,1.1041,1.1127,1.2562,1.2562,1.2562,1.2562,0.5722,1.2562,1.2562,1.2562,1.2562,1.2562,1.2562,1.2562,1.2562
1.2547,1.2547,1.2547,1.2547,1.2547,1.2547,1.2547,1.2547,1.2547,1.2547,1.2547,1.2547,1.2547,1.2547,1.2547,1.2547,1.2547,1.2547,1.2547,1.2547,1.2547,1.2547,1.2547,1.2547,1.2547,1.2547,1.2547,1.2547
1.2532,1.2532,1.2532,1.2532,1.2532,1.2532,1.2532,1.2532,1.2532,1.2532,1.2532,1.2532,1.2532,1.2532,1.2532,1.2532,1.2532,1.2532,1.2532,1.2532,1.2532,1.2532,1.2532,1.2532,1.2532,1.2532,1.2532,1.181
1.2517,1.2517,1.2517,1.2517,1.2517,1.2517,1.2517,1.2517,1.2517,1.2517,1.2517,1.2517,1.2517,0.9093,0.9164,1.0868,1.2517,1.2517,1.2517,1.2517,0.6891,1.2517,1.2517,1.2517,1.2517,1.2517,1.2517,1.2517
1.2502,1.2502,1.2502,1.2502,1.2502,1.2502,1.2502,1.2502,1.2502,1.2502,1.2502,1.2502,1.2502,1.2502,0.89,0.7033,1.2502,1.2502,1.2502,1.2502,1.2502,1.2502,1.2502,1.2502,1.2502,1.2502,1.2502,1.2502
1.2488,1.2488,1.2488,1.2488,1.2488,1.2488,1.2488,1.2488,1.2488,1.2488,1.2488,1.2488,1.2488,1.2488,1.2488,1.2488,1.2488,1.2488,1.1379,0.3773,1.2488,1.2488,1.2488,1.2488,1.2488,1.2488,1.2488,1.0634
1.0615,1.2473,1.2473,1.2473,1.2473,1.2473,1.2473,1.2473,1.2473,1.2473,1.2473,1.2473,1.2473,1.2473,1.2473,1.2473,1.2473,1.2473,1.2473,1.2473,1.2473,1.2473,1.2473,1.2473,1.2473,1.2473,1.2473,1.2473
1.2458,1.2458,1.2458,1.2458,1.2458,1.2458,1.2458,1.2458,1.2458,1.2458,1.2458,1.2458,1.2458,0.7224,0.8744,1.2458,1.2458,1.2458,1.2458,1.2458,1.2458,1.2458,1.2458,1.2458,1.2458,1.2458,1.2458,1.2458
1.2444,1.2444,1.2444,1.2444,1.2444,1.2444,1.2444,1.2444,1.2444,1.2444,1.2444,1.2444,1.2444,0.7828,0.9426,1.1179,1.2444,1.2444,1.2444,1.1761,1.2444,1.2444,1.2444,1.2444,1.2444,1.2444,1.2444,1.2444
1.2429,1.2429,1.2429,1.2429,1.2429,1.2429,1.2429,1.2429,1.2429,1.2429,1.2429,1.2429,1.2429,1.2429,1.2429,1.2429,1.2429,1.2429,1.2429,1.2429,1.2429,0.922,1.2429,1.2429,1.2429,1.2429,1.2429,1.2429
1.2415,1.2415,1.2415,1.2415,1.2415,1.2415,1.2415,1.2415,1.2415,1.2415,1.2415,1.2415,1.2415,1.2415,1.2415,1.2415,1.2415,1.2415,1.1124,1.2415,1.2415,1.2415,1.2415,1.2415,1.2415,1.2415,1.2415,1.0397
1.24,1.24,1.24,1.24,1.24,1.24,1.24,1.24,1.24,1.24,1.24,1.24,1.24,1.24,0.924,1.24,1.24,1.24,1.24,1.24,1.24,1.24,1.24,1.24,1.24,1.24,1.24,1.24
1.2386,1.2386,1.2386,1.2386,1.2386,1.2386,1.2386,1.2386,1.2386,1.2386,1.2386,1.2386,1.2386,1.2386,0.812,1.2386,1.2386,1.2386,1.2386,1.2386,0.8165,1.2386,1.2386,1.2386,1.2386,1.2386,1.2386,1.2386
1.2371,1.2371,1.2371,1.2371,1.2371,1.2371,1.2371,1.2371,1.2371,1.2371,1.2371,1.2371,1.2371,1.2371,1.2371,1.2371,1.2371,1.2371,1.2371,0.4724,1.2371,1.2371,1.2371,1.2371,1.2371,1.2371,1.2371,1.2371
1.2357,1.2357,1.2357,1.2357,1.2357,1.2357,1.2357,1.2357,1.2357,1.2357,1.2357,1.2357,1.2357,1.2357,1.2357,1.2357,1.2357,1.2357,1.2357,1.2357,1.2357,1.2357,1.2357,1.2357,1.2357,1.2357,1.2357,1.2357
1.2343,1.2343,1.2343,1.2343,1.2343,1.2343,1.2343,1.2343,1.2343,1.2343,1.2343,1.2343,1.2343,1.1541,1.2343,1.2343,1.2343,1.2343,1.2343,1.2343,1.2343,1.2343,1.2343,1.2343,1.2343,1.2343,1.2343,1.2343
1.2328,1.2328,1.2328,1.2328,1.2328,1.2328,1.2328,1.2328,1.2328,1.2328,1.2328,1.2328,1.2328,0.9115,0.9186,1.0894,1.2328,1.2328,1.2328,1.2328,1.2328,1.2328,1.2328,1.2328,1.2328,1.2328,1.2328,1.2328
1.2314,1.2314,1.2314,1.2314,1.2314,1.2314,1.2314,1.2314,1.2314,1.2314,1.2314,1.2314,1.2314,1.2314,0.8726,0.8435,1.2314,1.2314,1.2314,1.2314,1.2314,1.2314,1.2314,1.2314,1.2314,1.2314,1.2314,1.2314
1.23,1.23,1.23,1.23,1.23,1.23,1.23,1.23,1.23,1.23,1.23,1.23,1.23,1.23,1.23,1.23,1.23,1.23,1.1188,1.23,1.23,1.23,1.23,1.23,1.23,1.23,1.23,1.0456
1.107,1.2286,1.2286,1.2286,1.2286,1.2286,1.2286,1.2286,1.2286,1.2286,1.2286,1.2286,1.2286,1.2286,1.2286,1.2286,1.2286,1.2286,1.2286,1.2286,1.2286,1.2286,1.2286,1.2286,1.2286,1.2286,1.2286,1.2286
1.2271,1.2271,1.2271,1.2271,1.2271,1.2271,1.2271,1.2271,1.2271,1.2271,1.2271,1.2271,1.2271,1.0513,0.8425,1.2271,1.2271,1.2271,1.2271,1.2271,1.2271,1.2271,1.2271,1.2271,1.2271,1.2271,1.2271,1.2271
1.2257,1.2257,1.2257,1.2257,1.2257,1.2257,1.2257,1.2257,1.2257,1.2257,1.2257,1.2257,1.2257,1.068,1.0763,1.2257,1.2257,1.2257,1.2257,0.7396,1.2257,1.2257,1.2257,1.2257,1.2257,1.2257,1.2257,1.2257
1.2243,1.2243,1.2243,1.2243,1.2243,1.2243,1.2243,1.2243,1.2243,1.2243,1.2243,1.2243,1.2243,1.2243,1.2243,1.2243,1.2243,1.2243,1.2243,1.2243,1.2243,0.8696,1.2243,1.2243,1.2243,1.2243,1.2243,1.2243
1.2229,1.2229,1.2229,1.2229,1.2229,1.2229,1.2229,1.2229,1.2229,1.2229,1.2229,1.2229,1.2229,1.2229,1.2229,1.2229,1.2229,1.2229,1.2229,1.2229,1.2229,1.2229,1.2229,1.2229,1.2229,1.2229,1.2229,1.1619
1.2215,1.2215,1.2215,1.2215,1.2215,1.2215,1.2215,1.2215,1.2215,1.2215,1.2215,1.2215,1.2215,1.2215,1.0159,1.2049,1.2215,1.2215,1.2215,1.2215,0.764,1.2215,1.2215,1.2215,1.2215,1.2215,1.2215,1.2215
1.2201,1.2201,1.2201,1.2201,1.2201,1.2201,1.2201,1.2201,1.2201,1.2201,1.2201,1.2201,1.2201,1.2201,0.8893,0.9081,1.2201,1.2201,1.2201,1.2201,0.8445,1.2201,1.2201,1.2201,1.2201,1.2201,1.2201,1.2201
1.2187,1.2187,1.2187,1.2187,1.2187,1.2187,1.2187,1.2187,1.2187,1.2187,1.2187,1.2187,1.2187,1.2187,1.2187,1.2187,1.2187,1.2187,1.2187,0.4244,1.2187,1.2187,1.2187,1.2187,1.2187,1.2187,1.2187,1.1959
1.2173,1.2173,1.2173,1.2173,1.2173,1.2173,1.2173,1.2173,1.2173,1.2173,1.2173,1.2173,1.2173,1.2173,1.2173,1.2173,1.2173,1.2173,1.2173,1.2173,1.2173,1.2173,1.2173,1.2173,1.2173,1.2173,1.2173,1.2173
1.2159,1.2159,1.2159,1.2159,1.2159,1.2159,1.2159,1.2159,1.2159,1.2159,1.2159,1.2159,1.2159,0.825,0.9986,1.2159,1.2159,1.2159,1.2159,1.2159,1.2159,1.2159,1.2159,1.2159,1.2159,1.2159,1.2159,1.2159
1.2145,1.2145,1.2145,1.2145,1.2145,1.2145,1.2145,1.2145,1.2145,1.2145,1.2145,1.2145,1.2145,0.961,0.9685,1.1486,1.2145,1.2145,1.2145,1.2145,1.2145,1.2145,1.2145,1.2145,1.2145,1.2145,1.2145,1.2145
1.2131,1.2131,1.2131,1.2131,1.2131,1.2131,1.2131,1.2131,1.2131,1.2131,1.2131,1.2131,1.2131,1.2131,1.2131,1.1019,1.2131,1.2131,1.2131,1.2131,1.2131,1.0709,1.2131,1.2131,1.2131,1.2131,1.2131,1.2131
1.2117,1.2117,1.2117,1.2117,1.2117,1.2117,1.2117,1.2117,1.2117,1.2117,1.2117,1.2117,1.2117,1.2117,1.2117,1.2117,1.2117,1.2117,1.1579,1.2117,1.2117,1.2117,1.2117,1.2117,1.2117,1.2117,1.2117,1.0822
1.2103,1.2103,1.2103,1.2103,1.2103,1.2103,1.2103,1.2103,1.2103,1.2103,1.2103,1.2103,1.2103,1.2103,1.2103,1.2103,1.2103,1.2103,1.2103,1.2103,1.2103,1.2103,1.2103,1.2103,1.2103,1.2103,1.2103,1.2103
1.209,1.209,1.209,1.209,1.209,1.209,1.209,1.209,1.209,1.209,1.209,1.209,1.209,1.209,0.856,1.209,1.209,1.209,1.209,1.209,1.209,1.209,1.209,1.209,1.209,1.209,1.209,1.209
1.2076,1.2076,1.2076,1.2076,1.2076,1.2076,1.2076,1.2076,1.2076,1.2076,1.2076,1.2076,1.2076,1.2076,1.2076,1.2076,1.2076,1.2076,1.2076,0.5714,1.2076,1.2076,1.2076,1.2076,1.2076,1.2076,1.2076,1.2076
1.2062,1.2062,1.2062,1.2062,1.2062,1.2062,1.2062,1.2062,1.2062,1.2062,1.2062,1.2062,1.2062,1.2062,1.2062,1.2062,1.2062,1.2062,1.2062,1.2062,1.2062,1.2062,1.2062,1.2062,1.2062,1.2062,1.2062,1.2062
1.2049,1.2049,1.2049,1.2049,1.2049,1.2049,1.2049,1.2049,1.2049,1.2049,1.2049,1.2049,1.2049,1.2049,1.2049,1.2049,1.2049,1.2049,1.2049,1.2049,1.2049,1.2049,1.2049,1.2049,1.2049,1.2049,1.2049,1.2049
1.2035,1.2035,1.2035,1.2035,1.2035,1.2035,1.2035,1.2035,1.2035,1.2035,1.2035,1.2035,1.2035,0.9855,0.9932,1.1779,1.2035,1.2035,1.2035,1.2035,0.7469,1.2035,1.2035,1.2035,1.2035,1.2035,1.2035,1.2035
1.2021,1.2021,1.2021,1.2021,1.2021,1.2021,1.2021,1.2021,1.2021,1.2021,1.2021,1.2021,1.2021,1.2021,0.982,0.815,1.2021,1.2021,1.2021,1.2021,1.2021,1.2021,1.2021,1.2021,1.2021,1.2021,1.2021,1.2021
1.2008,1.2008,1.2008,1.2008,1.2008,1.2008,1.2008,1.2008,1.2008,1.2008,1.2008,1.2008,1.2008,1.2008,1.2008,1.2008,1.2008,1.2008,1.2008,0.4064,1.2008,1.2008,1.2008,1.2008,1.2008,1.2008,1.2008,1.1453
1.089,1.1994,1.1994,1.1994,1.1994,1.1994,1.1994,1.1994,1.1994,1.1994,1.1994,1.1994,1.1994,1.1994,1.1994,1.1994,1.1994,1.1994,1.1994,1.1994,1.1994,1.1994,1.1994,1.1994,1.1994,1.1994,1.1994,1.1994
1.1981,1.1981,1.1981,1.1981,1.1981,1.1981,1.1981,1.1981,1.1981,1.1981,1.1981,1.1981,1.1981,0.7727,0.9353,1.1981,1.1981,1.1981,1.1981,1.1981,1.1981,1.1981,1.1981,1.1981,1.1981,1.1981,1.1981,1.1981
1.1967,1.1967,1.1967,1.1967,1.1967,1.1967,1.1967,1.1967,1.1967,1.1967,1.1967,1.1967,1.1967,0.8937,1.0762,1.1967,1.1967,1.1967,1.1967,1.038,1.1967,1.1967,1.1967,1.1967,1.1967,1.1967,1.1967,1.1967
1.1954,1.1954,1.1954,1.1954,1.1954,1.1954,1.1954,1.1954,1.1954,1.1954,1.1954,1.1954,1.1954,1.1954,1.1954,1.1954,1.1954,1.1954,1.1954,1.1954,1.1954,0.9791,1.1954,1.1954,1.1954,1.1954,1.1954,1.1954
1.194,1.194,1.194,1.194,1.194,1.194,1.194,1.194,1.194,1.194,1.194,1.194,1.194,1.194,1.194,1.194,1.194,1.194,1.194,1.194,1.194,1.194,1.194,1.194,1.194,1.194,1.194,1.1793
1.1927,1.1927,1.1927,1.1927,1.1927,1.1927,1.1927,1.1927,1.1927,1.1927,1.1927,1.1927,1.1927,1.1927,1.0779,1.1927,1.1927,1.1927,1.1927,1.1927,1.1927,1.1927,1.1927,1.1927,1.1927,1.1927,1.1927,1.1927
1.1913,1.1913,1.1913,1.1913,1.1913,1.1913,1.1913,1.1913,1.1913,1.1913,1.1913,1.1913,1.1913,1.1913,0.9154,1.1913,1.1913,1.1913,1.1913,1.1913,0.8693,1.1913,1.1913,1.1913,1.1913,1.1913,1.1913,1.1913
1.19,1.19,1.19,1.19,1.19,1.19,1.19,1.19,1.19,1.19,1.19,1.19,1.19,1.19,1.19,1.19,1.19,1.19,1.19,0.493,1.19,1.19,1.19,1.19,1.19,1.19,1.19,1.19
1.1887,1.1887,1.1887,1.1887,1.1887,1.1887,1.1887,1.1887,1.1887,1.1887,1.1887,1.1887,1.1887,1.1887,1.1887,1.1887,1.1887,1.1887,1.1887,1.1887,1.1887,1.1887,1.1887,1.1887,1.1887,1.1887,1.1887,1.1887
1.1873,1.1873,1.1873,1.1873,1.1873,1.1873,1.1873,1.1873,1.1873,1.1873,1.1873,1.1873,1.1873,1.1873,1.1873,1.1873,1.1873,1.1873,1.1873,1.1873,1.1873,1.1873,1.1873,1.1873,1.1873,1.1873,1.1873,1.1873
1.186,1.186,1.186,1.186,1.186,1.186,1.186,1.186,1.186,1.186,1.186,1.186,1.186,1.0159,1.0238,1.186,1.186,1.186,1.186,1.186,1.186,1.186,1.186,1.186,1.186,1.186,1.186,1.186
1.1847,1.1847,1.1847,1.1847,1.1847,1.1847,1.1847,1.1847,1.1847,1.1847,1.1847,1.1847,1.1847,1.1847,1.0501,1.0151,1.1847,1.1847,1.1847,1.1847,1.1847,1.1847,1.1847,1.1847,1.1847,1.1847,1.1847,1.1847
1.1834,1.1834,1.1834,1.1834,1.1834,1.1834,1.1834,1.1834,1.1834,1.1834,1.1834,1.1834,1.1834,1.1834,1.1834,1.1834,1.1834,1.1834,1.1834,1.1834,1.1834,1.1834,1.1834,1.1834,1.1834,1.1834,1.1834,1.1589
1.1821,1.1821,1.1821,1.1821,1.1821,1.1821,1.1821,1.1821,1.1821,1.1821,1.1821,1.1821,1.1821,1.1821,1.1821,1.1821,1.1821,1.1821,1.1821,1.1821,1.1821,1.1821,1.1821,1.1821,1.1821,1.1821,1.1821,1.1821
1.1807,1.1807,1.1807,1.1807,1.1807,1.1807,1.1807,1.1807,1.1807,1.1807,1.1807,1.1807,1.1807,1.1807,0.9286,1.1807,1.1807,1.1807,1.1807,1.1807,1.1807,1.1807,1.1807,1.1807,1.1807,1.1807,1.1807,1.1807
1.1794,1.1794,1.1794,1.1794,1.1794,1.1794,1.1794,1.1794,1.1794,1.1794,1.1794,1.1794,1.1794,1.1794,1.1794,1.1794,1.1794,1.1794,1.1794,0.7269,1.1794,1.1794,1.1794,1.1794,1.1794,1.1794,1.1794,1.1794
1.1781,1.1781,1.1781,1.1781,1.1781,1.1781,1.1781,1.1781,1.1781,1.1781,1.1781,1.1781,1.1781,1.1781,1.1781,1.1781,1.1781,1.1781,1.1781,1.1781,1.1781,0.9528,1.1781,1.1781,1.1781,1.1781,1.1781,1.1781
1.1768,1.1768,1.1768,1.1768,1.1768,1.1768,1.1768,1.1768,1.1768,1.1768,1.1768,1.1768,1.1768,1.1768,1.1768,1.1768,1.1768,1.1768,1.1768,1.1768,1.1768,1.1768,1.1768,1.1768,1.1768,1.1768,1.1768,1.1768
1.1755,1.1755,1.1755,1.1755,1.1755,1.1755,1.1755,1.1755,1.1755,1.1755,1.1755,1.1755,1.1755,1.1755,1.1063,1.1755,1.1755,1.1755,1.1755,1.1755,0.8319,1.1755,1.1755,1.1755,1.1755,1.1755,1.1755,1.1755
1.1742,1.1742,1.1742,1.1742,1.1742,1.1742,1.1742,1.1742,1.1742,1.1742,1.1742,1.1742,1.1742,1.1742,1.0337,0.8346,1.1742,1.1742,1.1742,1.1742,1.1742,1.1742,1.1742,1.1742,1.1742,1.1742,1.1742,1.1742
1.1729,1.1729,1.1729,1.1729,1.1729,1.1729,1.1729,1.1729,1.1729,1.1729,1.1729,1.1729,1.1729,1.1729,1.1729,1.1729,1.1729,1.1729,1.1729,0.459,1.1729,1.1729,1.1729,1.1729,1.1729,1.1729,1.1729,1.1729
1.1716,1.1716,1.1716,1.1716,1.1716,1.1716,1.1716,1.1716,1.1716,1.1716,1.1716,1.1716,1.1716,1.1716,1.1716,1.1716,1.1716,1.1716,1.1716,1.1716,1.1716,1.1716,1.1716,1.1716,1.1716,1.1716,1.1716,1.1716
1.1703,1.1703,1.1703,1.1703,1.1703,1.1703,1.1703,1.1703,1.1703,1.1703,1.1703,1.1703,1.1703,0.8859,1.0723,1.1703,1.1703,1.1703,1.1703,1.1703,1.1703,1.1703,1.1703,1.1703,1.1703,1.1703,1.1703,1.1703
1.1691,1.1691,1.1691,1.1691,1.1691,1.1691,1.1691,1.1691,1.1691,1.1691,1.1691,1.1691,1.1691,1.0221,1.1122,1.1691,1.1691,1.1691,1.1691,1.1691,1.1691,1.1691,1.1691,1.1691,1.1691,1.1691,1.1691,1.1691
1.1678,1.1678,1.1678,1.1678,1.1678,1.1678,1.1678,1.1678,1.1678,1.1678,1.1678,1.1678,1.1678,1.1678,1.1678,1.1678,1.1678,1.1678,1.1678,1.1678,1.1678,1.1406,1.1678,1.1678,1.1678,1.1678,1.1678,1.1678
1.1665,1.1665,1.1665,1.1665,1.1665,1.1665,1.1665,1.1665,1.1665,1.1665,1.1665,1.1665,1.1665,1.1665,1.1665,1.1665,1.1665,1.1665,1.1665,1.1665,1.1665,1.1665,1.1665,1.1665,1.1665,1.1665,1.1665,1.1665
1.1652,1.1652,1.1652,1.1652,1.1652,1.1652,1.1652,1.1652,1.1652,1.1652,1.1652,1.1652,1.1652,1.1652,1.1538,1.1652,1.1652,1.1652,1.1652,1.1652,1.1652,1.1652,1.1652,1.1652,1.1652,1.1652,1.1652,1.1652
1.1639,1.1639,1.1639,1.1639,1.1639,1.1639,1.1639,1.1639,1.1639,1.1639,1.1639,1.1639,1.1639,1.1639,0.9726,1.1639,1.1639,1.1639,1.1639,1.1639,1.1639,1.1639,1.1639,1.1639,1.1639,1.1639,1.1639,1.1639
1.1627,1.1627,1.1627,1.1627,1.1627,1.1627,1.1627,1.1627,1.1627,1.1627,1.1627,1.1627,1.1627,1.1627,1.1627,1.1627,1.1627,1.1627,1.1627,0.596,1.1627,1.1627,1.1627,1.1627,1.1627,1.1627,1.1627,1.1627
1.1614,1.1614,1.1614,1.1614,1.1614,1.1614,1.1614,1.1614,1.1614,1.1614,1.1614,1.1614,1.1614,1.1614,1.1614,1.1614,1.1614,1.1614,1.1614,1.1614,1.1614,1.1614,1.1614,1.1614,1.1614,1.1614,1.1614,1.1614
1.1601,1.1601,1.1601,1.1601,1.1601,1.1601,1.1601,1.1601,1.1601,1.1601,1.1601,1.1601,1.1601,1.1601,1.1601,1.1601,1.1601,1.1601,1.1601,1.1601,1.1601,1.1601,1.1601,1.1601,1.1601,1.1601,1.1601,1.1601
1.1588,1.1588,1.1588,1.1588,1.1588,1.1588,1.1588,1.1588,1.1588,1.1588,1.1588,1.1588,1.1588,1.1084,1.117,1.1588,1.1588,1.1588,1.1588,1.1588,1.1588,1.1588,1.1588,1.1588,1.1588,1.1588,1.1588,1.1588
1.1576,1.1576,1.1576,1.1576,1.1576,1.1576,1.1576,1.1576,1.1576,1.1576,1.1576,1.1576,1.1576,1.1576,1.0167,0.9828,1.1576,1.1576,1.1576,1.1576,1.1576,1.1576,1.1576,1.1576,1.1576,1.1576,1.1576,1.1576
1.1563,1.1563,1.1563,1.1563,1.1563,1.1563,1.1563,1.1563,1.1563,1.1563,1.1563,1.1563,1.1563,1.1563,1.1563,1.1563,1.1563,1.1563,1.1563,0.5161,1.1563,1.1563,1.1563,1.1563,1.1563,1.1563,1.1563,1.1563
1.1551,1.1551,1.1551,1.1551,1.1551,1.1551,1.1551,1.1551,1.1551,1.1551,1.1551,1.1551,1.1551,1.1551,1.1551,1.1551,1.1551,1.1551,1.1551,1.1551,1.1551,1.1551,1.1551,1.1551,1.1551,1.1551,1.1551,1.1551
1.1538,1.1538,1.1538,1.1538,1.1538,1.1538,1.1538,1.1538,1.1538,1.1538,1.1538,1.1538,1.1538,1.0414,1.0408,1.1538,1.1538,1.1538,1.1538,1.1538,1.1538,1.1538,1.1538,1.1538,1.1538,1.1538,1.1538,1.1538
1.1526,1.1526,1.1526,1.1526,1.1526,1.1526,1.1526,1.1526,1.1526,1.1526,1.1526,1.1526,1.1526,1.0621,1.1526,1.1526,1.1526,1.1526,1.1526,0.9925,1.1526,1.1526,1.1526,1.1526,1.1526,1.1526,1.1526,1.1526
1.1513,1.1513,1.1513,1.1513,1.1513,1.1513,1.1513,1.1513,1.1513,1.1513,1.1513,1.1513,1.1513,1.1513,1.1513,1.1513,1.1513,1.1513,1.1513,1.1513,1.1513,1.0832,1.1513,1.1513,1.1513,1.1513,1.1513,1.1513
1.1501,1.1501,1.1501,1.1501,1.1501,1.1501,1.1501,1.1501,1.1501,1.1501,1.1501,1.1501,1.1501,1.1501,1.1501,1.1501,1.1501,1.1501,1.1501,1.1501,1.1501,1.1501,1.1501,1.1501,1.1501,1.1501,1.1501,1.1501
1.1488,1.1488,1.1488,1.1488,1.1488,1.1488,1.1488,1.1488,1.1488,1.1488,1.1488,1.1488,1.1488,1.1488,1.1488,1.1488,1.1488,1.1488,1.1488,1.1488,1.1488,1.1488,1.1488,1.1488,1.1488,1.1488,1.1488,1.1488
1.1476,1.1476,1.1476,1.1476,1.1476,1.1476,1.1476,1.1476,1.1476,1.1476,1.1476,1.1476,1.1476,1.1476,1.0756,1.1476,1.1476,1.1476,1.1476,1.1476,1.0215,1.1476,1.1476,1.1476,1.1476,1.1476,1.1476,1.1476
1.1463,1.1463,1.1463,1.1463,1.1463,1.1463,1.1463,1.1463,1.1463,1.1463,1.1463,1.1463,1.1463,1.1463,1.1463,1.1463,1.1463,1.1463,1.1463,0.5381,1.1463,1.1463,1.1463,1.1463,1.1463,1.1463,1.1463,1.1463
1.1451,1.1451,1.1451,1.1451,1.1451,1.1451,1.1451,1.1451,1.1451,1.1451,1.1451,1.1451,1.1451,1.1451,1.1451,1.1451,1.1451,1.1451,1.1451,1.1451,1.1451,1.1451,1.1451,1.1451,1.1451,1.1451,1.1451,1.1451
1.1439,1.1439,1.1439,1.1439,1.1439,1.1439,1.1439,1.1439,1.1439,1.1439,1.1439,1.1439,1.1439,1.1439,1.1439,1.1439,1.1439,1.1439,1.1439,1.1439,1.1439,1.1439,1.1439,1.1439,1.1439,1.1439,1.1439,1.1439
1.1426,1.1426,1.1426,1.1426,1.1426,1.1426,1.1426,1.1426,1.1426,1.1426,1.1426,1.1426,1.1426,1.1426,1.1426,1.1426,1.1426,1.1426,1.1426,1.1426,1.1426,1.1426,1.1426,1.1426,1.1426,1.1426,1.1426,1.1426
1.1414,1.1414,1.1414,1.1414,1.1414,1.1414,1.1414,1.1414,1.1414,1.1414,1.1414,1.1414,1.1414,1.1414,1.1414,1.1414,1.1414,1.1414,1.1414,1.1414,1.1414,1.1414,1.1414,1.1414,1.1414,1.1414,1.1414,1.1414
1.1402,1.1402,1.1402,1.1402,1.1402,1.1402,1.1402,1.1402,1.1402,1.1402,1.1402,1.1402,1.1402,1.1402,1.1402,1.1402,1.1402,1.1402,1.1402,1.1402,1.1402,1.1402,1.1402,1.1402,1.1402,1.1402,1.1402,1.1402
1.139,1.139,1.139,1.139,1.139,1.139,1.139,1.139,1.139,1.139,1.139,1.139,1.139,1.139,1.139,1.139,1.139,1.139,1.139,1.139,1.139,1.139,1.139,1.139,1.139,1.139,1.139,1.139
1.1377,1.1377,1.1377,1.1377,1.1377,1.1377,1.1377,1.1377,1.1377,1.1377,1.1377,1.1377,1.1377,1.1377,1.0714,1.1377,1.1377,1.1377,1.1377,1.1377,1.1377,1.1377,1.1377,1.1377,1.1377,1.1377,1.1377,1.1377
1.1365,1.1365,1.1365,1.1365,1.1365,1.1365,1.1365,1.1365,1.1365,1.1365,1.1365,1.1365,1.1365,1.1365,1.1365,1.1365,1.1365,1.1365,1.1365,0.759,1.1365,1.1365,1.1365,1.1365,1.1365,1.1365,1.1365,1.1365
1.1353,1.1353,1.1353,1.1353,1.1353,1.1353,1.1353,1.1353,1.1353,1.1353,1.1353,1.1353,1.1353,1.1353,1.1353,1.1353,1.1353,1.1353,1.1353,1.1353,1.1353,1.1353,1.1353,1.1353,1.1353,1.1353,1.1353,1.1353
1.1341,1.1341,1.1341,1.1341,1.1341,1.1341,1.1341,1.1341,1.1341,1.1341,1.1341,1.1341,1.1341,1.1341,1.1341,1.1341,1.1341,1.1341,1.1341,1.1341,1.1341,1.1341,1.1341,1.1341,1.1341,1.1341,1.1341,1.1341
1.1329,1.1329,1.1329,1.1329,1.1329,1.1329,1.1329,1.1329,1.1329,1.1329,1.1329,1.1329,1.1329,1.1329,1.1329,1.1329,1.1329,1.1329,1.1329,1.1329,0.9516,1.1329,1.1329,1.1329,1.1329,1.1329,1.1329,1.1329
1.1317,1.1317,1.1317,1.1317,1.1317,1.1317,1.1317,1.1317,1.1317,1.1317,1.1317,1.1317,1.1317,1.1317,1.1317,0.9988,1.1317,1.1317,1.1317,1.1317,1.1317,1.1317,1.1317,1.1317,1.1317,1.1317,1.1317,1.1317
1.1305,1.1305,1.1305,1.1305,1.1305,1.1305,1.1305,1.1305,1.1305,1.1305,1.1305,1.1305,1.1305,1.1305,1.1305,1.1305,1.1305,1.1305,1.1305,0.5226,1.1305,1.1305,1.1305,1.1305,1.1305,1.1305,1.1305,1.1305
1.1293,1.1293,1.1293,1.1293,1.1293,1.1293,1.1293,1.1293,1.1293,1.1293,1.1293,1.1293,1.1293,1.1293,1.1293,1.1293,1.1293,1.1293,1.1293,1.1293,1.1293,1.1293,1.1293,1.1293,1.1293,1.1293,1.1293,1.1293
1.1281,1.1281,1.1281,1.1281,1.1281,1.1281,1.1281,1.1281,1.1281,1.1281,1.1281,1.1281,1.1281,1.0035,1.1281,1.1281,1.1281,1.1281,1.1281,1.1281,1.1281,1.1281,1.1281,1.1281,1.1281,1.1281,1.1281,1.1281
1.1269,1.1269,1.1269,1.1269,1.1269,1.1269,1.1269,1.1269,1.1269,1.1269,1.1269,1.1269,1.1269,1.1181,1.1269,1.1269,1.1269,1.1269,1.1269,1.1269,1.1269,1.1269,1.1269,1.1269,1.1269,1.1269,1.1269,1.1269
1.1257,1.1257,1.1257,1.1257,1.1257,1.1257,1.1257,1.1257,1.1257,1.1257,1.1257,1.1257,1.1257,1.1257,1.1257,1.1257,1.1257,1.1257,1.1257,1.1257,1.1257,1.1257,1.1257,1.1257,1.1257,1.1257,1.1257,1.1257
1.1245,1.1245,1.1245,1.1245,1.1245,1.1245,1.1245,1.1245,1.1245,1.1245,1.1245,1.1245,1.1245,1.1245,1.1245,1.1245,1.1245,1.1245,1.1245,1.1245,1.1245,1.1245,1.1245,1.1245,1.1245,1.1245,1.1245,1.1245
1.1233,1.1233,1.1233,1.1233,1.1233,1.1233,1.1233,1.1233,1.1233,1.1233,1.1233,1.1233,1.1233,1.1233,1.1233,1.1233,1.1233,1.1233,1.1233,1.1233,1.1233,1.1233,1.1233,1.1233,1.1233,1.1233,1.1233,1.1233
1.1221,1.1221,1.1221,1.1221,1.1221,1.1221,1.1221,1.1221,1.1221,1.1221,1.1221,1.1221,1.1221,1.1221,1.1221,1.1221,1.1221,1.1221,1.1221,1.1221,1.1097,1.1221,1.1221,1.1221,1.1221,1.1221,1.1221,1.1221
1.1209,1.1209,1.1209,1.1209,1.1209,1.1209,1.1209,1.1209,1.1209,1.1209,1.1209,1.1209,1.1209,1.1209,1.1209,1.1209,1.1209,1.1209,1.1209,0.6619,1.1209,1.1209,1.1209,1.1209,1.1209,1.1209,1.1209,1.1209
1.1197,1.1197,1.1197,1.1197,1.1197,1.1197,1.1197,1.1197,1.1197,1.1197,1.1197,1.1197,1.1197,1.1197,1.1197,1.1197,1.1197,1.1197,1.1197,1.1197,1.1197,1.1197,1.1197,1.1197,1.1197,1.1197,1.1197,1.1197
1.1186,1.1186,1.1186,1.1186,1.1186,1.1186,1.1186,1.1186,1.1186,1.1186,1.1186,1.1186,1.1186,1.1186,1.1186,1.1186,1.1186,1.1186,1.1186,1.1186,1.1186,1.1186,1.1186,1.1186,1.1186,1.1186,1.1186,1.1186
1.1174,1.1174,1.1174,1.1174,1.1174,1.1174,1.1174,1.1174,1.1174,1.1174,1.1174,1.1174,1.1174,1.1174,1.1174,1.1174,1.1174,1.1174,1.1174,1.1174,1.1174,1.1174,1.1174,1.1174,1.1174,1.1174,1.1174,1.1174
1.1162,1.1162,1.1162,1.1162,1.1162,1.1162,1.1162,1.1162,1.1162,1.1162,1.1162,1.1162,1.1162,1.1162,1.1162,1.1162,1.1162,1.1162,1.1162,1.1162,1.1162,1.1162,1.1162,1.1162,1.1162,1.1162,1.1162,1.1162
1.115,1.115,1.115,1.115,1.115,1.115,1.115,1.115,1.115,1.115,1.115,1.115,1.115,1.115,1.115,1.115,1.115,1.115,1.115,1.115,1.115,1.115,1.115,1.115,1.115,1.115,1.115,1.115
1.1139,1.1139,1.1139,1.1139,1.1139,1.1139,1.1139,1.1139,1.1139,1.1139,1.1139,1.1139,1.1139,1.1139,1.1139,1.1139,1.1139,1.1139,1.1139,1.1139,1.1139,1.1139,1.1139,1.1139,1.1139,1.1139,1.1139,1.1139
1.1127,1.1127,1.1127,1.1127,1.1127,1.1127,1.1127,1.1127,1.1127,1.1127,1.1127,1.1127,1.1127,1.1127,1.1127,1.1127,1.1127,1.1127,1.1127,1.1127,1.1127,1.1127,1.1127,1.1127,1.1127,1.1127,1.1127,1.1127
1.1115,1.1115,1.1115,1.1115,1.1115,1.1115,1.1115,1.1115,1.1115,1.1115,1.1115,1.1115,1.1115,1.1115,1.1115,1.1115,1.1115,1.1115,1.1115,1.04,1.1115,1.1115,1.1115,1.1115,1.1115,1.1115,1.1115,1.1115
1.1104,1.1104,1.1104,1.1104,1.1104,1.1104,1.1104,1.1104,1.1104,1.1104,1.1104,1.1104,1.1104,1.1104,1.1104,1.1104,1.1104,1.1104,1.1104,1.1104,1.1104,1.1104,1.1104,1.1104,1.1104,1.1104,1.1104,1.1104
1.1092,1.1092,1.1092,1.1092,1.1092,1.1092,1.1092,1.1092,1.1092,1.1092,1.1092,1.1092,1.1092,1.1092,1.1092,1.1092,1.1092,1.1092,1.1092,1.1092,1.1092,1.1092,1.1092,1.1092,1.1092,1.1092,1.1092,1.1092
1.1081,1.1081,1.1081,1.1081,1.1081,1.1081,1.1081,1.1081,1.1081,1.1081,1.1081,1.1081,1.1081,1.1081,1.1081,1.1081,1.1081,1.1081,1.1081,1.1081,1.1081,1.1081,1.1081,1.1081,1.1081,1.1081,1.1081,1.1081
1.1069,1.1069,1.1069,1.1069,1.1069,1.1069,1.1069,1.1069,1.1069,1.1069,1.1069,1.1069,1.1069,1.1069,1.1069,1.1069,1.1069,1.1069,1.1069,1.1069,1.1069,1.1069,1.1069,1.1069,1.1069,1.1069,1.1069,1.1069
1.1058,1.1058,1.1058,1.1058,1.1058,1.1058,1.1058,1.1058,1.1058,1.1058,1.1058,1.1058,1.1058,1.1058,1.1058,1.1058,1.1058,1.1058,1.1058,0.6327,1.1058,1.1058,1.1058,1.1058,1.1058,1.1058,1.1058,1.1058
1.1046,1.1046,1.1046,1.1046,1.1046,1.1046,1.1046,1.1046,1.1046,1.1046,1.1046,1.1046,1.1046,1.1046,1.1046,1.1046,1.1046,1.1046,1.1046,1.1046,1.1046,1.1046,1.1046,1.1046,1.1046,1.1046,1.1046,1.1046
1.1035,1.1035,1.1035,1.1035,1.1035,1.1035,1.1035,1.1035,1.1035,1.1035,1.1035,1.1035,1.1035,1.1035,1.1035,1.1035,1.1035,1.1035,1.1035,1.1035,1.1035,1.1035,1.1035,1.1035,1.1035,1.1035,1.1035,1.1035
1.1023,1.1023,1.1023,1.1023,1.1023,1.1023,1.1023,1.1023,1.1023,1.1023,1.1023,1.1023,1.1023,1.1023,1.1023,1.1023,1.1023,1.1023,1.1023,1.1023,1.1023,1.1023,1.1023,1.1023,1.1023,1.1023,1.1023,1.1023
1.1012,1.1012,1.1012,1.1012,1.1012,1.1012,1.1012,1.1012,1.1012,1.1012,1.1012,1.1012,1.1012,1.1012,1.1012,1.1012,1.1012,1.1012,1.1012,1.1012,1.1012,1.1012,1.1012,1.1012,1.1012,1.1012,1.1012,1.1012
1.1,1.1,1.1,1.1,1.1,1.1,1.1,1.1,1.1,1.1,1.1,1.1,1.1,1.1,1.1,1.1,1.1,1.1,1.1,1.1,1.1,1.1,1.1,1.1,1.1,1.1,1.1,1.1
1.0989,1.0989,1.0989,1.0989,1.0989,1.0989,1.0989,1.0989,1.0989,1.0989,1.0989,1.0989,1.0989,1.0989,1.0989,1.0989,1.0989,1.0989,1.0989,1.0989,1.0989,1.0989,1.0989,1.0989,1.0989,1.0989,1.0989,1.0989
1.0978,1.0978,1.0978,1.0978,1.0978,1.0978,1.0978,1.0978,1.0978,1.0978,1.0978,1.0978,1.0978,1.0978,1.0978,1.0978,1.0978,1.0978,1.0978,1.0978,1.0978,1.0978,1.0978,1.0978,1.0978,1.0978,1.0978,1.0978
1.0966,1.0966,1.0966,1.0966,1.0966,1.0966,1.0966,1.0966,1.0966,1.0966,1.0966,1.0966,1.0966,1.0966,1.0966,1.0966,1.0966,1.0966,1.0966,0.8716,1.0966,1.0966,1.0966,1.0966,1.0966,1.0966,1.0966,1.0966
1.0955,1.0955,1.0955,1.0955,1.0955,1.0955,1.0955,1.0955,1.0955,1.0955,1.0955,1.0955,1.0955,1.0955,1.0955,1.0955,1.0955,1.0955,1.0955,1.0955,1.0955,1.0955,1.0955,1.0955,1.0955,1.0955,1.0955,1.0955
1.0944,1.0944,1.0944,1.0944,1.0944,1.0944,1.0944,1.0944,1.0944,1.0944,1.0944,1.0944,1.0944,1.0944,1.0944,1.0944,1.0944,1.0944,1.0944,1.0944,1.0944,1.0944,1.0944,1.0944,1.0944,1.0944,1.0944,1.0944
1.0932,1.0932,1.0932,1.0932,1.0932,1.0932,1.0932,1.0932,1.0932,1.0932,1.0932,1.0932,1.0932,1.0932,1.0932,1.0932,1.0932,1.0932,1.0932,1.0932,1.0932,1.0932,1.0932,1.0932,1.0932,1.0932,1.0932,1.0932
1.0921,1.0921,1.0921,1.0921,1.0921,1.0921,1.0921,1.0921,1.0921,1.0921,1.0921,1.0921,1.0921,1.0921,1.0921,1.0921,1.0921,1.0921,1.0921,1.0921,1.0921,1.0921,1.0921,1.0921,1.0921,1.0921,1.0921,1.0921
1.091,1.091,1.091,1.091,1.091,1.091,1.091,1.091,1.091,1.091,1.091,1.091,1.091,1.091,1.091,1.091,1.091,1.091,1.091,0.655,1.091,1.091,1.091,1.091,1.091,1.091,1.091,1.091
1.0899,1.0899,1.0899,1.0899,1.0899,1.0899,1.0899,1.0899,1.0899,1.0899,1.0899,1.0899,1.0899,1.0899,1.0899,1.0899,1.0899,1.0899,1.0899,1.0899,1.0899,1.0899,1.0899,1.0899,1.0899,1.0899,1.0899,1.0899
1.0888,1.0888,1.0888,1.0888,1.0888,1.0888,1.0888,1.0888,1.0888,1.0888,1.0888,1.0888,1.0888,1.0888,1.0888,1.0888,1.0888,1.0888,1.0888,1.0888,1.0888,1.0888,1.0888,1.0888,1.0888,1.0888,1.0888,1.0888
1.0876,1.0876,1.0876,1.0876,1.0876,1.0876,1.0876,1.0876,1.0876,1.0876,1.0876,1.0876,1.0876,1.0876,1.0876,1.0876,1.0876,1.0876,1.0876,1.0876,1.0876,1.0876,1.0876,1.0876,1.0876,1.0876,1.0876,1.0876
1.0865,1.0865,1.0865,1.0865,1.0865,1.0865,1.0865,1.0865,1.0865,1.0865,1.0865,1.0865,1.0865,1.0865,1.0865,1.0865,1.0865,1.0865,1.0865,1.0865,1.0865,1.0865,1.0865,1.0865,1.0865,1.0865,1.0865,1.0865
1.0854,1.0854,1.0854,1.0854,1.0854,1.0854,1.0854,1.0854,1.0854,1.0854,1.0854,1.0854,1.0854,1.0854,1.0854,1.0854,1.0854,1.0854,1.0854,1.0854,1.0854,1.0854,1.0854,1.0854,1.0854,1.0854,1.0854,1.0854
1.0843,1.0843,1.0843,1.0843,1.0843,1.0843,1.0843,1.0843,1.0843,1.0843,1.0843,1.0843,1.0843,1.0843,1.0843,1.0843,1.0843,1.0843,1.0843,1.0843,1.0843,1.0843,1.0843,1.0843,1.0843,1.0843,1.0843,1.0843
1.0832,1.0832,1.0832,1.0832,1.0832,1.0832,1.0832,1.0832,1.0832,1.0832,1.0832,1.0832,1.0832,1.0832,1.0832,1.0832,1.0832,1.0832,1.0832,1.0832,1.0832,1.0832,1.0832,1.0832,1.0832,1.0832,1.0832,1.0832
1.0821,1.0821,1.0821,1.0821,1.0821,1.0821,1.0821,1.0821,1.0821,1.0821,1.0821,1.0821,1.0821,1.0821,1.0821,1.0821,1.0821,1.0821,1.0821,0.8297,1.0821,1.0821,1.0821,1.0821,1.0821,1.0821,1.0821,1.0821
1.081,1.081,1.081,1.081,1.081,1.081,1.081,1.081,1.081,1.081,1.081,1.081,1.081,1.081,1.081,1.081,1.081,1.081,1.081,1.081,1.081,1.081,1.081,1.081,1.081,1.081,1.081,1.081
1.0799,1.0799,1.0799,1.0799,1.0799,1.0799,1.0799,1.0799,1.0799,1.0799,1.0799,1.0799,1.0799,1.0799,1.0799,1.0799,1.0799,1.0799,1.0799,1.0799,1.0799,1.0799,1.0799,1.0799,1.0799,1.0799,1.0799,1.0799
1.0788,1.0788,1.0788,1.0788,1.0788,1.0788,1.0788,1.0788,1.0788,1.0788,1.0788,1.0788,1.0788,1.0788,1.0788,1.0788,1.0788,1.0788,1.0788,1.0788,1.0788,1.0788,1.0788,1.0788,1.0788,1.0788,1.0788,1.0788
1.0777,1.0777,1.0777,1.0777,1.0777,1.0777,1.0777,1.0777,1.0777,1.0777,1.0777,1.0777,1.0777,1.0777,1.0777,1.0777,1.0777,1.0777,1.0777,1.0777,1.0777,1.0777,1.0777,1.0777,1.0777,1.0777,1.0777,1.0777
1.0766,1.0766,1.0766,1.0766,1.0766,1.0766,1.0766,1.0766,1.0766,1.0766,1.0766,1.0766,1.0766,1.0766,1.0766,1.0766,1.0766,1.0766,1.0766,1.0766,1.0766,1.0766,1.0766,1.0766,1.0766,1.0766,1.0766,1.0766
1.0755,1.0755,1.0755,1.0755,1.0755,1.0755,1.0755,1.0755,1.0755,1.0755,1.0755,1.0755,1.0755,1.0755,1.0755,1.0755,1.0755,1.0755,1.0755,1.0755,1.0755,1.0755,1.0755,1.0755,1.0755,1.0755,1.0755,1.0755
1.0744,1.0744,1.0744,1.0744,1.0744,1.0744,1.0744,1.0744,1.0744,1.0744,1.0744,1.0744,1.0744,1.0744,1.0744,1.0744,1.0744,1.0744,1.0744,1.0744,1.0744,1.0744,1.0744,1.0744,1.0744,1.0744,1.0744,1.0744
1.0734,1.0734,1.0734,1.0734,1.0734,1.0734,1.0734,1.0734,1.0734,1.0734,1.0734,1.0734,1.0734,1.0734,1.0734,1.0734,1.0734,1.0734,1.0734,1.0734,1.0734,1.0734,1.0734,1.0734,1.0734,1.0734,1.0734,1.0734
1.0723,1.0723,1.0723,1.0723,1.0723,1.0723,1.0723,1.0723,1.0723,1.0723,1.0723,1.0723,1.0723,1.0723,1.0723,1.0723,1.0723,1.0723,1.0723,1.0723,1.0723,1.0723,1.0723,1.0723,1.0723,1.0723,1.0723,1.0723
1.0712,1.0712,1.0712,1.0712,1.0712,1.0712,1.0712,1.0712,1.0712,1.0712,1.0712,1.0712,1.0712,1.0712,1.0712,1.0712,1.0712,1.0712,1.0712,1.0712,1.0712,1.0712,1.0712,1.0712,1.0712,1.0712,1.0712,1.0712
1.0701,1.0701,1.0701,1.0701,1.0701,1.0701,1.0701,1.0701,1.0701,1.0701,1.0701,1.0701,1.0701,1.0701,1.0701,1.0701,1.0701,1.0701,1.0701,1.0701,1.0701,1.0701,1.0701,1.0701,1.0701,1.0701,1.0701,1.0701
1.069,1.069,1.069,1.069,1.069,1.069,1.069,1.069,1.069,1.069,1.069,1.069,1.069,1.069,1.069,1.069,1.069,1.069,1.069,1.069,1.069,1.069,1.069,1.069,1.069,1.069,1.069,1.069
1.068,1.068,1.068,1.068,1.068,1.068,1.068,1.068,1.068,1.068,1.068,1.068,1.068,1.068,1.068,1.068,1.068,1.068,1.068,0.8882,1.068,1.068,1.068,1.068,1.068,1.068,1.068,1.068
1.0669,1.0669,1.0669,1.0669,1.0669,1.0669,1.0669,1.0669,1.0669,1.0669,1.0669,1.0669,1.0669,1.0669,1.0669,1.0669,1.0669,1.0669,1.0669,1.0669,1.0669,1.0669,1.0669,1.0669,1.0669,1.0669,1.0669,1.0669
1.0658,1.0658,1.0658,1.0658,1.0658,1.0658,1.0658,1.0658,1.0658,1.0658,1.0658,1.0658,1.0658,1.0658,1.0658,1.0658,1.0658,1.0658,1.0658,1.0658,1.0658,1.0658,1.0658,1.0658,1.0658,1.0658,1.0658,1.0658
1.0647,1.0647,1.0647,1.0647,1.0647,1.0647,1.0647,1.0647,1.0647,1.0647,1.0647,1.0647,1.0647,1.0647,1.0647,1.0647,1.0647,1.0647,1.0647,1.0647,1.0647,1.0647,1.0647,1.0647,1.0647,1.0647,1.0647,1.0647
1.0637,1.0637,1.0637,1.0637,1.0637,1.0637,1.0637,1.0637,1.0637,1.0637,1.0637,1.0637,1.0637,1.0637,1.0637,1.0637,1.0637,1.0637,1.0637,1.0637,1.0637,1.0637,1.0637,1.0637,1.0637,1.0637,1.0637,1.0637
1.0626,1.0626,1.0626,1.0626,1.0626,1.0626,1.0626,1.0626,1.0626,1.0626,1.0626,1.0626,1.0626,1.0626,1.0626,1.0626,1.0626,1.0626,1.0626,1.0626,1.0626,1.0626,1.0626,1.0626,1.0626,1.0626,1.0626,1.0626
1.0616,1.0616,1.0616,1.0616,1.0616,1.0616,1.0616,1.0616,1.0616,1.0616,1.0616,1.0616,1.0616,1.0616,1.0616,1.0616,1.0616,1.0616,1.0616,1.0616,1.0616,1.0616,1.0616,1.0616,1.0616,1.0616,1.0616,1.0616
1.0605,1.0605,1.0605,1.0605,1.0605,1.0605,1.0605,1.0605,1.0605,1.0605,1.0605,1.0605,1.0605,1.0605,1.0605,1.0605,1.0605,1.0605,1.0605,1.0605,1.0605,1.0605,1.0605,1.0605,1.0605,1.0605,1.0605,1.0605
1.0594,1.0594,1.0594,1.0594,1.0594,1.0594,1.0594,1.0594,1.0594,1.0594,1.0594,1.0594,1.0594,1.0594,1.0594,1.0594,1.0594,1.0594,1.0594,1.0594,1.0594,1.0594,1.0594,1.0594,1.0594,1.0594,1.0594,1.0594
1.0584,1.0584,1.0584,1.0584,1.0584,1.0584,1.0584,1.0584,1.0584,1.0584,1.0584,1.0584,1.0584,1.0584,1.0584,1.0584,1.0584,1.0584,1.0584,1.0584,1.0584,1.0584,1.0584,1.0584,1.0584,1.0584,1.0584,1.0584
1.0573,1.0573,1.0573,1.0573,1.0573,1.0573,1.0573,1.0573,1.0573,1.0573,1.0573,1.0573,1.0573,1.0573,1.0573,1.0573,1.0573,1.0573,1.0573,1.0573,1.0573,1.0573,1.0573,1.0573,1.0573,1.0573,1.0573,1.0573
1.0563,1.0563,1.0563,1.0563,1.0563,1.0563,1.0563,1.0563,1.0563,1.0563,1.0563,1.0563,1.0563,1.0563,1.0563,1.0563,1.0563,1.0563,1.0563,1.0563,1.0563,1.0563,1.0563,1.0563,1.0563,1.0563,1.0563,1.0563
1.0552,1.0552,1.0552,1.0552,1.0552,1.0552,1.0552,1.0552,1.0552,1.0552,1.0552,1.0552,1.0552,1.0552,1.0552,1.0552,1.0552,1.0552,1.0552,1.0552,1.0552,1.0552,1.0552,1.0552,1.0552,1.0552,1.0552,1.0552
1.0542,1.0542,1.0542,1.0542,1.0542,1.0542,1.0542,1.0542,1.0542,1.0542,1.0542,1.0542,1.0542,1.0542,1.0542,1.0542,1.0542,1.0542,1.0542,1.0542,1.0542,1.0542,1.0542,1.0542,1.0542,1.0542,1.0542,1.0542
1.0531,1.0531,1.0531,1.0531,1.0531,1.0531,1.0531,1.0531,1.0531,1.0531,1.0531,1.0531,1.0531,1.0531,1.0531,1.0531,1.0531,1.0531,1.0531,1.0531,1.0531,1.0531,1.0531,1.0531,1.0531,1.0531,1.0531,1.0531
1.0521,1.0521,1.0521,1.0521,1.0521,1.0521,1.0521,1.0521,1.0521,1.0521,1.0521,1.0521,1.0521,1.0521,1.0521,1.0521,1.0521,1.0521,1.0521,1.0521,1.0521,1.0521,1.0521,1.0521,1.0521,1.0521,1.0521,1.0521
1.051,1.051,1.051,1.051,1.051,1.051,1.051,1.051,1.051,1.051,1.051,1.051,1.051,1.051,1.051,1.051,1.051,1.051,1.051,1.051,1.051,1.051,1.051,1.051,1.051,1.051,1.051,1.051
1.05,1.05,1.05,1.05,1.05,1.05,1.05,1.05,1.05,1.05,1.05,1.05,1.05,1.05,1.05,1.05,1.05,1.05,1.05,1.05,1.05,1.05,1.05,1.05,1.05,1.05,1.05,1.05
1.049,1.049,1.049,1.049,1.049,1.049,1.049,1.049,1.049,1.049,1.049,1.049,1.049,1.049,1.049,1.049,1.049,1.049,1.049,1.049,1.049,1.049,1.049,1.049,1.049,1.049,1.049,1.049
1.0479,1.0479,1.0479,1.0479,1.0479,1.0479,1.0479,1.0479,1.0479,1.0479,1.0479,1.0479,1.0479,1.0479,1.0479,1.0479,1.0479,1.0479,1.0479,1.0479,1.0479,1.0479,1.0479,1.0479,1.0479,1.0479,1.0479,1.0479
1.0469,1.0469,1.0469,1.0469,1.0469,1.0469,1.0469,1.0469,1.0469,1.0469,1.0469,1.0469,1.0469,1.0469,1.0469,1.0469,1.0469,1.0469,1.0469,1.0469,1.0469,1.0469,1.0469,1.0469,1.0469,1.0469,1.0469,1.0469
1.0459,1.0459,1.0459,1.0459,1.0459,1.0459,1.0459,1.0459,1.0459,1.0459,1.0459,1.0459,1.0459,1.0459,1.0459,1.0459,1.0459,1.0459,1.0459,1.0459,1.0459,1.0459,1.0459,1.0459,1.0459,1.0459,1.0459,1.0459
1.0448,1.0448,1.0448,1.0448,1.0448,1.0448,1.0448,1.0448,1.0448,1.0448,1.0448,1.0448,1.0448,1.0448,1.0448,1.0448,1.0448,1.0448,1.0448,1.0448,1.0448,1.0448,1.0448,1.0448,1.0448,1.0448,1.0448,1.0448
1.0438,1.0438,1.0438,1.0438,1.0438,1.0438,1.0438,1.0438,1.0438,1.0438,1.0438,1.0438,1.0438,1.0438,1.0438,1.0438,1.0438,1.0438,1.0438,1.0438,1.0438,1.0438,1.0438,1.0438,1.0438,1.0438,1.0438,1.0438
1.0428,1.0428,1.0428,1.0428,1.0428,1.0428,1.0428,1.0428,1.0428,1.0428,1.0428,1.0428,1.0428,1.0428,1.0428,1.0428,1.0428,1.0428,1.0428,1.0428,1.0428,1.0428,1.0428,1.0428,1.0428,1.0428,1.0428,1.0428
1.0418,1.0418,1.0418,1.0418,1.0418,1.0418,1.0418,1.0418,1.0418,1.0418,1.0418,1.0418,1.0418,1.0418,1.0418,1.0418,1.0418,1.0418,1.0418,1.0418,1.0418,1.0418,1.0418,1.0418,1.0418,1.0418,1.0418,1.0418
1.0407,1.0407,1.0407,1.0407,1.0407,1.0407,1.0407,1.0407,1.0407,1.0407,1.0407,1.0407,1.0407,1.0407,1.0407,1.0407,1.0407,1.0407,1.0407,1.0407,1.0407,1.0407,1.0407,1.0407,1.0407,1.0407,1.0407,1.0407
1.0397,1.0397,1.0397,1.0397,1.0397,1.0397,1.0397,1.0397,1.0397,1.0397,1.0397,1.0397,1.0397,1.0397,1.0397,1.0397,1.0397,1.0397,1.0397,1.0397,1.0397,1.0397,1.0397,1.0397,1.0397,1.0397,1.0397,1.0397
1.0387,1.0387,1.0387,1.0387,1.0387,1.0387,1.0387,1.0387,1.0387,1.0387,1.0387,1.0387,1.0387,1.0387,1.0387,1.0387,1.0387,1.0387,1.0387,1.0387,1.0387,1.0387,1.0387,1.0387,1.0387,1.0387,1.0387,1.0387
1.0377,1.0377,1.0377,1.0377,1.0377,1.0377,1.0377,1.0377,1.0377,1.0377,1.0377,1.0377,1.0377,1.0377,1.0377,1.0377,1.0377,1.0377,1.0377,1.0377,1.0377,1.0377,1.0377,1.0377,1.0377,1.0377,1.0377,1.0377
