1.6008,1.6008,1.6008,1.6008,1.6008,1.6008,1.6008,1.6008,1.6008,1.6008,1.6008,1.6008,1.6008,1.6008,1.6008,1.6008,1.6008,1.6008,1.6008,1.6008,1.6008,1.6008,1.6008,1.6008,1.6008
1.6023,1.6023,1.6023,1.6023,1.6023,1.6023,1.6023,1.6023,1.6023,1.6023,1.6023,1.6023,1.6023,1.6023,1.6023,1.6023,1.6023,1.6023,1.6023,1.6023,1.6023,1.6023,1.6023,1.6023,1.6023
1.6039,1.6039,1.6039,1.6039,1.6039,1.6039,1.6039,1.6039,1.6039,1.6039,1.6039,1.6039,1.6039,1.6039,1.6039,1.6039,1.6039,1.6039,1.6039,1.6039,1.6039,1.6039,1.6039,1.6039,1.6039
1.6055,1.6055,1.6055,1.6055,1.6055,1.6055,1.6055,1.6055,1.6055,1.6055,1.6055,1.6055,1.6055,1.6055,1.6055,1.6055,1.6055,1.6055,1.6055,1.6055,1.6055,1.6055,1.6055,1.6055,1.6055
1.6071,1.6071,1.6071,1.6071,1.6071,1.6071,1.6071,1.6071,1.6071,1.6071,1.6071,1.6071,1.6071,1.6071,1.6071,1.6071,1.6071,1.6071,1.6071,1.6071,1.6071,1.6071,1.6071,1.6071,1.6071
1.6086,1.6086,1.6086,1.6086,1.6086,1.6086,1.6086,1.6086,1.6086,1.6086,1.6086,1.6086,1.6086,1.6086,1.6086,1.6086,1.6086,1.6086,1.6086,1.6086,1.6086,1.6086,1.6086,1.6086,1.6086
1.6102,1.6102,1.6102,1.6102,1.6102,1.6102,1.6102,1.6102,1.6102,1.6102,1.6102,1.6102,1.6102,1.6102,1.6102,1.6102,1.6102,1.6102,1.6102,1.6102,1.6102,1.6102,1.6102,1.6102,1.6102
1.6118,1.6118,1.6118,1.6118,1.6118,1.6118,1.6118,1.6118,1.6118,1.6118,1.6118,1.6118,1.6118,1.6118,1.6118,1.6118,1.6118,1.6118,1.6118,1.6118,1.6118,1.6118,1.6118,1.6118,1.6118
1.6134,1.6134,1.6134,1.6134,1.6134,1.6134,1.6134,1.6134,1.6134,1.6134,1.6134,1.6134,1.6134,1.6134,1.6134,1.6134,1.6134,1.6134,1.6134,1.6134,1.6134,1.6134,1.6134,1.6134,1.6134
1.615,1.615,1.615,1.615,1.615,1.615,1.615,1.615,1.615,1.615,1.615,1.615,1.615,1.615,1.615,1.615,1.615,1.615,1.615,1.615,1.615,1.615,1.615,1.615,1.615
1.6166,1.6166,1.6166,1.6166,1.6166,1.6166,1.6166,1.6166,1.6166,1.6166,1.6166,1.6166,1.6166,1.6166,1.6166,1.6166,1.6166,1.6166,1.6166,1.6166,1.6166,1.6166,1.6166,1.6166,1.6166
1.6182,1.6182,1.6182,1.6182,1.6182,1.6182,1.6182,1.6182,1.6182,1.6182,1.6182,1.6182,1.6182,1.6182,1.6182,1.6182,1.6182,1.6182,1.6182,1.6182,1.6182,1.6182,1.6182,1.6182,1.6182
1.6198,1.6198,1.6198,1.6198,1.6198,1.6198,1.6198,1.6198,1.6198,1.6198,1.6198,1.6198,1.6198,1.6198,1.6198,1.6198,1.6198,1.6198,1.6198,1.6198,1.6198,1.6198,1.6198,1.6198,1.6198
1.6214,1.6214,1.6214,1.6214,1.6214,1.6214,1.6214,1.6214,1.6214,1.6214,1.6214,1.6214,1.6214,1.6214,1.6214,1.6214,1.6214,1.6214,1.6214,1.6214,1.6214,1.6214,1.6214,1.6214,1.6214
1.623,1.623,1.623,1.623,1.623,1.623,1.623,1.623,1.623,1.623,1.623,1.623,1.623,1.623,1.623,1.623,1.623,1.623,1.623,1.623,1.623,1.623,1.623,1.623,1.623
1.6246,1.6246,1.6246,1.6246,1.6246,1.6246,1.6246,1.6246,1.6246,1.6246,1.6246,1.6246,1.6246,1.6246,1.6246,1.6246,1.6246,1.6246,1.6246,1.6246,1.6246,1.6246,1.6246,1.6246,1.6246
1.6262,1.6262,1.6262,1.6262,1.6262,1.6262,1.6262,1.6262,1.6262,1.6262,1.6262,1.6262,1.6262,1.6262,1.6262,1.6262,1.6262,1.6262,1.6262,1.6262,1.6262,1.6262,1.6262,1.6262,1.6262
1.6278,1.6278,1.6278,1.6278,1.6278,1.6278,1.6278,1.6278,1.6278,1.6278,1.6278,1.6278,1.6278,1.6278,1.6278,1.6278,1.6278,1.6278,1.6278,1.6278,1.6278,1.6278,1.6278,1.6278,1.6278
1.6294,1.6294,1.6294,1.6294,1.6294,1.6294,1.6294,1.6294,1.6294,1.6294,1.6294,1.6294,1.6294,1.6294,1.6294,1.6294,1.6294,1.6294,1.6294,1.6294,1.6294,1.6294,1.6294,1.6294,1.6294
1.6311,1.6311,1.6311,1.6311,1.6311,1.6311,1.6311,1.6311,1.6311,1.6311,1.6311,1.6311,1.6311,1.6311,1.6311,1.6311,1.6311,1.6311,1.6311,1.6311,1.6311,1.6311,1.6311,1.6311,1.6311
1.6327,1.6327,1.6327,1.6327,1.6327,1.6327,1.6327,1.6327,1.6327,1.6327,1.6327,1.6327,1.6327,1.6327,1.6327,1.6327,1.6327,1.6327,1.6327,1.6327,1.6327,1.6327,1.6327,1.6327,1.6327
1.5158,1.6343,1.6343,1.6343,1.6343,1.6343,1.6343,1.6343,1.6343,1.6343,1.6343,1.6343,1.6343,1.6343,1.6343,1.6343,1.6343,1.6343,1.6343,1.6343,1.6343,1.6343,1.6343,1.6343,1.6343
1.6359,1.6359,1.6359,1.6359,1.6359,1.6359,1.6359,1.6359,1.6359,1.6359,1.6359,1.6359,1.6359,1.6359,1.6359,1.6359,1.6359,1.6359,1.6359,1.6359,1.6359,1.6359,1.6359,1.6359,1.6359
1.6376,1.6376,1.6376,1.6376,1.6376,1.6376,1.6376,1.6376,1.6376,1.6376,1.6376,1.6376,1.6376,1.6376,1.6376,1.6376,1.6376,1.6376,1.6376,1.6376,1.6376,1.6376,1.6376,1.6376,1.6376
1.6392,1.6392,1.6392,1.6392,1.6392,1.6392,1.6392,1.6392,1.6392,1.6392,1.6392,1.6392,1.6392,1.6392,1.6392,1.6392,1.6392,1.6392,1.6392,1.6392,1.6392,1.6392,1.6392,1.6392,1.6392
1.6409,1.6409,1.6409,1.6409,1.6409,1.6409,1.6409,1.6409,1.6409,1.6409,1.6409,1.6409,1.6409,1.6409,1.6409,1.6409,1.6409,1.6409,1.6409,1.6409,1.6409,1.6409,1.6409,1.6409,1.6409
1.4924,1.6425,1.6425,1.6425,1.6425,1.6425,1.6425,1.6425,1.6425,1.6425,1.6425,1.6425,1.6425,1.6425,1.6425,1.6425,1.6425,1.6425,1.6425,1.6425,1.6425,1.6425,1.6425,1.6425,1.6425
1.6442,1.6442,1.6442,1.6442,1.6442,1.6442,1.6442,1.6442,1.6442,1.6442,1.6442,1.6442,1.6442,1.6442,1.6442,1.6442,1.6442,1.6442,1.6442,1.6442,1.6442,1.6442,1.6442,1.6442,1.6442
1.6458,1.6458,1.6458,1.6458,1.6458,1.6458,1.6458,1.6458,1.6458,1.6458,1.6458,1.6458,1.6458,1.6458,1.6458,1.6458,1.6458,1.6458,1.6458,1.6458,1.6458,1.6458,1.6458,1.6458,1.6458
1.4517,1.6132,1.6475,1.6475,1.6475,1.6475,1.6475,1.6475,1.6475,1.6475,1.6475,1.6475,1.6475,1.6475,1.6475,1.6475,1.6475,1.6475,1.6475,1.6475,1.6475,1.6475,1.6475,1.6475,1.6475
1.6491,1.6491,1.6491,1.6491,1.6491,1.6491,1.6491,1.6491,1.6491,1.6491,1.6491,1.6491,1.6491,1.6491,1.6491,1.6491,1.6491,1.6491,1.6491,1.6491,1.6491,1.6491,1.6491,1.6491,1.6491
1.6508,1.6508,1.6508,1.6508,1.6508,1.6508,1.6508,1.6508,1.6508,1.6508,1.6508,1.6508,1.6508,1.6508,1.6508,1.6508,1.6508,1.6508,1.6508,1.6508,1.6508,1.6508,1.6508,1.6508,1.6508
1.6524,1.6524,1.6524,1.6524,1.6524,1.6524,1.6524,1.6524,1.6524,1.6524,1.6524,1.6524,1.6524,1.6524,1.6524,1.6524,1.6524,1.6524,1.6524,1.6524,1.6524,1.6524,1.6524,1.6524,1.6524
1.6541,1.6541,1.6541,1.6541,1.6541,1.6541,1.6541,1.6541,1.6541,1.6541,1.6541,1.6541,1.6541,1.6541,1.6541,1.6541,1.6541,1.6541,1.6541,1.6541,1.6541,1.6541,1.6541,1.6541,1.6541
1.1938,1.3267,1.493,1.6558,1.6558,1.6558,1.6558,1.6558,1.6558,1.6558,1.6558,1.6558,1.6558,1.6558,1.6558,1.6558,1.6558,1.6558,1.6558,1.6558,1.6558,1.6558,1.6558,1.6558,1.6558
1.6575,1.6575,1.6575,1.6575,1.6575,1.6575,1.6575,1.6575,1.6575,1.6575,1.6575,1.6575,1.6575,1.6575,1.6575,1.6575,1.6575,1.6575,1.6575,1.6575,1.6575,1.6575,1.6575,1.6575,1.6575
1.6591,1.6591,1.6591,1.6591,1.6591,1.6591,1.6591,1.6591,1.6591,1.6591,1.6591,1.6591,1.6591,1.6591,1.6591,1.6591,1.6591,1.6591,1.6591,1.6591,1.6591,1.6591,1.6591,1.6591,1.6591
1.6608,1.6608,1.6608,1.6608,1.6608,1.6608,1.6608,1.6608,1.6608,1.6608,1.6608,1.6608,1.6608,1.6608,1.6608,1.6608,1.6608,1.6608,1.6608,1.6608,1.6608,1.6608,1.6608,1.6608,1.6608
1.6625,1.6625,1.6625,1.6625,1.6625,1.6625,1.6625,1.6625,1.6625,1.6625,1.6625,1.6625,1.6625,1.6625,1.6625,1.6625,1.6625,1.6625,1.6625,1.6625,1.6625,1.6625,1.6625,1.6625,1.6625
1.3976,1.5531,1.6642,1.6642,1.6642,1.6642,1.6642,1.6642,1.6642,1.6642,1.6642,1.6642,1.6642,1.6642,1.6642,1.6642,1.6642,1.6642,1.6642,1.6642,1.6642,1.6642,1.6642,1.6642,1.6642
1.6659,1.6659,1.6659,1.6659,1.6659,1.6659,1.6659,1.6659,1.6659,1.6659,1.6659,1.6659,1.6659,1.6659,1.6659,1.6659,1.6659,1.6659,1.6659,1.6659,1.6659,1.6659,1.6659,1.6659,1.6659
1.6676,1.6676,1.6676,1.6676,1.6676,1.6676,1.6676,1.6676,1.6676,1.6676,1.6676,1.6676,1.6676,1.6676,1.6676,1.6676,1.6676,1.6676,1.6676,1.6676,1.6676,1.6676,1.6676,1.6676,1.6676
1.1136,1.2376,1.3928,1.5896,1.6693,1.6693,1.6693,1.6693,1.6693,1.6693,1.6693,1.6693,1.6693,1.6693,1.6693,1.6693,1.6693,1.6693,1.6693,1.6693,1.6693,1.6693,1.6693,1.6693,1.6693
1.671,1.671,1.671,1.671,1.671,1.671,1.671,1.671,1.671,1.671,1.671,1.671,1.671,1.671,1.671,1.671,1.671,1.671,1.671,1.671,1.671,1.671,1.671,1.671,1.671
1.6727,1.6727,1.6727,1.6727,1.6727,1.6727,1.6727,1.6727,1.6727,1.6727,1.6727,1.6727,1.6727,1.6727,1.6727,1.6727,1.6727,1.6727,1.6727,1.6727,1.6727,1.6727,1.6727,1.6727,1.6727
1.6744,1.6744,1.6744,1.6744,1.6744,1.6744,1.6744,1.6744,1.6744,1.6744,1.6744,1.6744,1.6744,1.6744,1.6744,1.6744,1.6744,1.6744,1.6744,1.6744,1.6744,1.6744,1.6744,1.6744,1.6744
1.6761,1.6761,1.6761,1.6761,1.6761,1.6761,1.6761,1.6761,1.6761,1.6761,1.6761,1.6761,1.6761,1.6761,1.6761,1.6761,1.6761,1.6761,1.6761,1.6761,1.6761,1.6761,1.6761,1.6761,1.6761
1.0645,1.1829,1.3313,1.5194,1.6778,1.6778,1.6778,1.6778,1.6778,1.6778,1.6778,1.6778,1.6778,1.6778,1.6778,1.6778,1.6778,1.6778,1.6778,1.6778,1.6778,1.6778,1.6778,1.6778,1.6778
1.6795,1.6795,1.6795,1.6795,1.6795,1.6795,1.6795,1.6795,1.6795,1.6795,1.6795,1.6795,1.6795,1.6795,1.6795,1.6795,1.6795,1.6795,1.6795,1.6795,1.6795,1.6795,1.6795,1.6795,1.6795
1.6813,1.6813,1.6813,1.6813,1.6813,1.6813,1.6813,1.6813,1.6813,1.6813,1.6813,1.6813,1.6813,1.6813,1.6813,1.6813,1.6813,1.6813,1.6813,1.6813,1.6813,1.6813,1.6813,1.6813,1.6813
1.211,1.3458,1.5146,1.683,1.683,1.683,1.683,1.683,1.683,1.683,1.683,1.683,1.683,1.683,1.683,1.683,1.683,1.683,1.683,1.683,1.683,1.683,1.683,1.683,1.683
1.6847,1.6847,1.6847,1.6847,1.6847,1.6847,1.6847,1.6847,1.6847,1.6847,1.6847,1.6847,1.6847,1.6847,1.6847,1.6847,1.6847,1.6847,1.6847,1.6847,1.6847,1.6847,1.6847,1.6847,1.6847
1.4946,1.661,1.6865,1.6865,1.6865,1.6865,1.6865,1.6865,1.6865,1.6865,1.6865,1.6865,1.6865,1.6865,1.6865,1.6865,1.6865,1.6865,1.6865,1.6865,1.6865,1.6865,1.6865,1.6865,1.6865
1.6882,1.6882,1.6882,1.6882,1.6882,1.6882,1.6882,1.6882,1.6882,1.6882,1.6882,1.6882,1.6882,1.6882,1.6882,1.6882,1.6882,1.6882,1.6882,1.6882,1.6882,1.6882,1.6882,1.6882,1.6882
1.6899,1.6899,1.6899,1.6899,1.6899,1.6899,1.6899,1.6899,1.6899,1.6899,1.6899,1.6899,1.6899,1.6899,1.6899,1.6899,1.6899,1.6899,1.6899,1.6899,1.6899,1.6899,1.6899,1.6899,1.6899
0.9442,1.0493,1.1808,1.3477,1.5198,1.6917,1.6917,1.6917,1.6917,1.6917,1.6917,1.6917,1.6917,1.6917,1.6917,1.6917,1.6917,1.6917,1.6917,1.6917,1.6917,1.6917,1.6917,1.6917,1.6917
1.6934,1.6934,1.6934,1.6934,1.6934,1.6934,1.6934,1.6934,1.6934,1.6934,1.6934,1.6934,1.6934,1.6934,1.6934,1.6934,1.6934,1.6934,1.6934,1.6934,1.6934,1.6934,1.6934,1.6934,1.6934
1.6952,1.6952,1.6952,1.6952,1.6952,1.6952,1.6952,1.6952,1.6952,1.6952,1.6952,1.6952,1.6952,1.6952,1.6952,1.6952,1.6952,1.6952,1.6952,1.6952,1.6952,1.6952,1.6952,1.6952,1.6952
1.6207,1.6969,1.6969,1.6969,1.6969,1.6969,1.6969,1.6969,1.6969,1.6969,1.6969,1.6969,1.6969,1.6969,1.6969,1.6969,1.6969,1.6969,1.6969,1.6969,1.6969,1.6969,1.6969,1.6969,1.6969
1.6987,1.6987,1.6987,1.6987,1.6987,1.6987,1.6987,1.6987,1.6987,1.6987,1.6987,1.6987,1.6987,1.6987,1.6987,1.6987,1.6987,1.6987,1.6987,1.6987,1.6987,1.6987,1.6987,1.6987,1.6987
1.0393,1.155,1.2998,1.4835,1.673,1.7005,1.7005,1.7005,1.7005,1.7005,1.7005,1.7005,1.7005,1.688,1.7005,1.7005,1.7005,1.7005,1.7005,1.7005,1.7005,1.7005,1.7005,1.7005,1.7005
1.7022,1.7022,1.7022,1.7022,1.7022,1.7022,1.7022,1.7022,1.7022,1.7022,1.7022,1.7022,1.7022,1.7022,1.7022,1.7022,1.7022,1.7022,1.7022,1.7022,1.7022,1.7022,1.7022,1.7022,1.7022
1.704,1.704,1.704,1.704,1.704,1.704,1.704,1.704,1.704,1.704,1.704,1.704,1.704,1.704,1.704,1.704,1.704,1.704,1.704,1.704,1.704,1.704,1.704,1.704,1.704
0.9595,1.0663,1.2,1.3696,1.5445,1.7058,1.7058,1.7058,1.7058,1.7058,1.7058,1.7058,1.5029,1.7058,1.7058,1.7058,1.7058,1.7058,1.7058,1.7058,1.7058,1.7058,1.7058,1.7058,1.7058
1.7076,1.7076,1.7076,1.7076,1.7076,1.7076,1.7076,1.7076,1.7076,1.7076,1.7076,1.7076,1.5805,1.7076,1.7076,1.7076,1.7076,1.7076,1.7076,1.7076,1.7076,1.7076,1.7076,1.7076,1.7076
1.7093,1.7093,1.7093,1.7093,1.7093,1.7093,1.7093,1.7093,1.7093,1.7093,1.7093,1.7093,1.7093,1.7093,1.7093,1.7093,1.7093,1.7093,1.7093,1.7093,1.7093,1.7093,1.7093,1.7093,1.7093
1.7111,1.7111,1.7111,1.7111,1.7111,1.7111,1.7111,1.7111,1.7111,1.7111,1.7111,1.7111,1.7111,1.7111,1.7111,1.7111,1.7111,1.7111,1.7111,1.7111,1.7111,1.7111,1.7111,1.7111,1.7111
1.7129,1.7129,1.7129,1.7129,1.7129,1.7129,1.7129,1.7129,1.7129,1.7129,1.7129,1.7129,1.7129,1.679,1.7129,1.7129,1.7129,1.7129,1.7129,1.7129,1.7129,1.7129,1.7129,1.7129,1.7129
0.8633,0.9594,1.0797,1.2323,1.3897,1.5609,1.7147,1.7147,1.7147,1.7147,1.7147,1.7147,1.7147,1.7147,1.7147,1.7147,1.7147,1.7147,1.7147,1.7147,1.7147,1.7147,1.7147,1.7147,1.7147
1.7165,1.7165,1.7165,1.7165,1.7165,1.7165,1.7165,1.7165,1.7165,1.7165,1.7165,1.7165,1.7165,1.7165,1.7165,1.7165,1.7165,1.7165,1.7165,1.7165,1.7165,1.7165,1.7165,1.7165,1.7165
1.7183,1.7183,1.7183,1.7183,1.7183,1.7183,1.7183,1.7183,1.7183,1.7183,1.7183,1.7183,1.7183,1.7183,1.7183,1.7183,1.7183,1.7183,1.7183,1.7183,1.7183,1.7183,1.7183,1.7183,1.7183
1.1415,1.2685,1.4276,1.6293,1.7201,1.7201,1.7201,1.7201,1.7201,1.7201,1.7201,1.7201,1.7201,1.7201,1.7201,1.7201,1.7201,1.7201,1.7201,1.7201,1.7201,1.7201,1.7201,1.7201,1.7201
1.7219,1.7219,1.7219,1.7219,1.7219,1.7219,1.7219,1.7219,1.7219,1.7219,1.7219,1.7219,1.7219,1.7219,1.7219,1.7219,1.7219,1.7219,1.7219,1.7219,1.7219,1.7219,1.7219,1.7219,1.7219
1.1064,1.2296,1.3838,1.5793,1.7237,1.7237,1.7237,1.7237,1.7237,1.7237,1.7237,1.7237,1.7237,1.7237,1.7237,1.7237,1.7237,1.7237,1.7237,1.7237,1.7237,1.7237,1.7237,1.7237,1.7237
1.7255,1.7255,1.7255,1.7255,1.7255,1.7255,1.7255,1.7255,1.7255,1.7255,1.7255,1.7255,1.7255,1.7255,1.7255,1.7255,1.7255,1.7255,1.7255,1.7255,1.7255,1.7255,1.7255,1.7255,1.7255
1.7274,1.7274,1.7274,1.7274,1.7274,1.7274,1.7274,1.7274,1.7274,1.7274,1.7274,1.7274,1.7274,1.7274,1.7274,1.7274,1.7274,1.7274,1.7274,1.7274,1.7274,1.7274,1.7274,1.7274,1.7274
0.8214,0.9128,1.0273,1.1724,1.3222,1.4852,1.6482,1.7292,1.7292,1.7292,1.7292,1.7292,1.7292,1.7292,1.7292,1.7292,1.7292,1.7292,1.7292,1.7292,1.7292,1.7292,1.7292,1.7292,1.7292
1.731,1.731,1.731,1.731,1.731,1.731,1.731,1.731,1.731,1.731,1.731,1.731,1.6062,1.731,1.731,1.731,1.731,1.731,1.731,1.731,1.731,1.731,1.731,1.731,1.731
1.7328,1.7328,1.7328,1.7328,1.7328,1.7328,1.7328,1.7328,1.7328,1.7328,1.7328,1.7328,1.7328,1.7328,1.7328,1.7328,1.7328,1.7328,1.7328,1.7328,1.7328,1.7328,1.7328,1.7328,1.7328
1.7347,1.7347,1.7347,1.7347,1.7347,1.7347,1.7347,1.7347,1.7347,1.7347,1.7347,1.7347,1.7347,1.7347,1.7347,1.7347,1.7347,1.7347,1.7347,1.7347,1.7347,1.7347,1.7347,1.7347,1.7347
1.7365,1.7365,1.7365,1.7365,1.7365,1.7365,1.7365,1.7365,1.7365,1.7365,1.7365,1.7365,1.7365,1.3819,1.7365,1.7365,1.7365,1.7365,1.7365,1.7365,1.7365,1.7365,1.7365,1.7365,1.7365
0.844,0.9379,1.0556,1.2047,1.3586,1.526,1.6935,1.7384,1.7384,1.7384,1.7384,1.7384,1.7384,1.3708,1.7384,1.7384,1.7384,1.7384,1.7384,1.7384,1.7384,1.7384,1.7384,1.7384,1.7384
1.7402,1.7402,1.7402,1.7402,1.7402,1.7402,1.7402,1.7402,1.7402,1.7402,1.7402,1.7402,1.7402,1.7402,1.7402,1.7402,1.7402,1.7402,1.7402,1.7402,1.7402,1.7402,1.7402,1.7402,1.7402
1.7421,1.7421,1.7421,1.7421,1.7421,1.7421,1.7421,1.7421,1.7421,1.7421,1.7421,1.7421,1.7421,1.7421,1.7421,1.7421,1.7421,1.7421,1.7421,1.7421,1.7421,1.7421,1.7421,1.7421,1.7421
0.8948,0.9944,1.1191,1.2773,1.4404,1.6179,1.7439,1.7439,1.7439,1.7439,1.7439,1.7439,1.4016,1.7439,1.7439,1.7439,1.7439,1.7439,1.7439,1.7439,1.7439,1.7439,1.7439,1.7439,1.7439
1.7458,1.7458,1.7458,1.7458,1.7458,1.7458,1.7458,1.7458,1.7458,1.7458,1.7458,1.7458,1.512,1.7458,1.7458,1.7458,1.7458,1.7458,1.7458,1.7458,1.7458,1.7458,1.7458,1.7458,1.7458
1.3055,1.4509,1.6328,1.7476,1.7476,1.7476,1.7476,1.7476,1.7476,1.7476,1.7476,1.7476,1.7476,1.7476,1.7476,1.7476,1.7476,1.7476,1.7476,1.7476,1.7476,1.7476,1.7476,1.7476,1.7476
1.7495,1.7495,1.7495,1.7495,1.7495,1.7495,1.7495,1.7495,1.7495,1.7495,1.7495,1.7495,1.7495,1.7495,1.7495,1.7495,1.7495,1.7495,1.7495,1.7495,1.7495,1.7495,1.7495,1.7495,1.7495
1.7514,1.7514,1.7514,1.7514,1.7514,1.7514,1.7514,1.7514,1.7514,1.7514,1.7514,1.7514,1.7514,1.7514,1.7514,1.7514,1.7514,1.7514,1.7514,1.7514,1.7514,1.7514,1.7514,1.7514,1.7514
0.7493,0.8327,0.9372,1.0696,1.2062,1.3548,1.5035,1.6537,1.7532,1.7532,1.7532,1.7532,1.7532,1.7532,1.7532,1.7532,1.7532,1.7532,1.7532,1.7532,1.7532,1.7532,1.7532,1.7532,1.7532
1.7551,1.7551,1.7551,1.7551,1.7551,1.7551,1.7551,1.7551,1.7551,1.7551,1.7551,1.7551,1.7551,1.7551,1.7551,1.7551,1.7551,1.7551,1.7551,1.7551,1.7551,1.7551,1.7551,1.7551,1.7551
1.757,1.757,1.757,1.757,1.757,1.757,1.757,1.757,1.757,1.757,1.757,1.757,1.757,1.757,1.757,1.757,1.757,1.757,1.757,1.757,1.757,1.757,1.757,1.757,1.757
1.1644,1.294,1.4562,1.662,1.7589,1.7589,1.7589,1.7589,1.7589,1.7589,1.7589,1.7589,1.7589,1.7589,1.7589,1.7589,1.7589,1.7589,1.7589,1.7589,1.7589,1.7589,1.7589,1.7589,1.7589
1.7608,1.7608,1.7608,1.7608,1.7608,1.7608,1.7608,1.7608,1.7608,1.7608,1.7608,1.7608,1.7608,1.7608,1.7608,1.7608,1.7608,1.7608,1.7608,1.7608,1.7608,1.7608,1.7608,1.7608,1.7608
0.8831,0.9814,1.1045,1.2605,1.4216,1.5967,1.7627,1.7627,1.7627,1.7627,1.7627,1.7627,1.7627,1.4343,1.7627,1.7627,1.7627,1.7627,1.7627,1.7627,1.7627,1.7627,1.7627,1.7627,1.7627
1.7646,1.7646,1.7646,1.7646,1.7646,1.7646,1.7646,1.7646,1.7646,1.7646,1.7646,1.7646,1.7646,1.7646,1.7646,1.7646,1.7646,1.7646,1.7646,1.7646,1.7646,1.7646,1.7646,1.7646,1.7646
1.7665,1.7665,1.7665,1.7665,1.7665,1.7665,1.7665,1.7665,1.7665,1.7665,1.7665,1.7665,1.7665,1.7665,1.7665,1.7665,1.7665,1.7665,1.7665,1.7665,1.7665,1.7665,1.7665,1.7665,1.7665
0.7571,0.8414,0.9469,1.0807,1.2188,1.369,1.5192,1.6709,1.7684,1.7684,1.7684,1.7684,1.1859,1.7684,1.7684,1.7684,1.7684,1.7684,1.7684,1.7684,1.7684,1.7684,1.7684,1.7684,1.7684
1.7703,1.7703,1.7703,1.7703,1.7703,1.7703,1.7703,1.7703,1.7703,1.7703,1.7703,1.7703,1.3336,1.7703,1.7703,1.7703,1.7703,1.7703,1.7703,1.7703,1.7703,1.7703,1.7703,1.7703,1.7703
1.7722,1.7722,1.7722,1.7722,1.7722,1.7722,1.7722,1.7722,1.7722,1.7722,1.7722,1.7722,1.7722,1.7722,1.7722,1.7722,1.7722,1.7722,1.7722,1.7722,1.7722,1.7722,1.7722,1.7722,1.7722
1.7741,1.7741,1.7741,1.7741,1.7741,1.7741,1.7741,1.7741,1.7741,1.7741,1.7741,1.7741,1.7741,1.7741,1.7741,1.7741,1.7741,1.7741,1.7741,1.7741,1.7741,1.7741,1.7741,1.7741,1.7741
1.776,1.776,1.776,1.776,1.776,1.776,1.776,1.776,1.776,1.776,1.776,1.776,1.776,1.315,1.776,1.776,1.776,1.776,1.776,1.776,1.776,1.776,1.776,1.776,1.776
0.7243,0.805,0.9059,1.0339,1.166,1.3097,1.4534,1.5985,1.7437,1.778,1.778,1.778,1.778,1.6278,1.778,1.778,1.778,1.778,1.778,1.778,1.778,1.778,1.778,1.778,1.778
1.7799,1.7799,1.7799,1.7799,1.7799,1.7799,1.7799,1.7799,1.7799,1.7799,1.7799,1.7799,1.7799,1.7799,1.7799,1.7799,1.7799,1.7799,1.7799,1.7799,1.7799,1.7799,1.7799,1.7799,1.7799
1.7818,1.7818,1.7818,1.7818,1.7818,1.7818,1.7818,1.7818,1.7818,1.7818,1.7818,1.7818,1.7818,1.7818,1.7818,1.7818,1.7818,1.7818,1.7818,1.7818,1.7818,1.7818,1.7818,1.7818,1.7818
0.8828,0.9811,1.1041,1.2601,1.4211,1.5962,1.7714,1.7838,1.7838,1.7838,1.7838,1.7838,1.7838,1.7838,1.7838,1.7838,1.7838,1.7838,1.7838,1.7838,1.7838,1.7838,1.7838,1.7838,1.7838
1.7857,1.7857,1.7857,1.7857,1.7857,1.7857,1.7857,1.7857,1.7857,1.7857,1.7857,1.7857,1.7857,1.7857,1.7857,1.7857,1.7857,1.7857,1.7857,1.7857,1.7857,1.7857,1.7857,1.7857,1.7857
1.0005,1.1118,1.2513,1.428,1.6105,1.7877,1.7877,1.7877,1.7877,1.7877,1.7877,1.7877,1.7877,1.7877,1.7877,1.7877,1.7877,1.7877,1.7877,1.7877,1.7877,1.7877,1.7877,1.7877,1.7877
1.7896,1.7896,1.7896,1.7896,1.7896,1.7896,1.7896,1.7896,1.7896,1.7896,1.7896,1.7896,1.7896,1.7896,1.7896,1.7896,1.7896,1.7896,1.7896,1.7896,1.7896,1.7896,1.7896,1.7896,1.7896
1.7916,1.7916,1.7916,1.7916,1.7916,1.7916,1.7916,1.7916,1.7916,1.7916,1.7916,1.7916,1.7916,1.7916,1.7916,1.7916,1.7916,1.7916,1.7916,1.7916,1.7916,1.7916,1.7916,1.7916,1.7916
0.6812,0.7571,0.852,0.9724,1.0966,1.2317,1.3669,1.5034,1.6399,1.7765,1.7935,1.7935,1.7935,1.7935,1.7935,1.7935,1.7935,1.7935,1.7935,1.7935,1.7935,1.7935,1.7935,1.7935,1.7935
1.7955,1.7955,1.7955,1.7955,1.7955,1.7955,1.7955,1.7955,1.7955,1.7955,1.7955,1.7955,1.7955,1.7955,1.7955,1.7955,1.7955,1.7955,1.7955,1.7955,1.7955,1.7955,1.7955,1.7955,1.7955
1.7975,1.7975,1.7975,1.7975,1.7975,1.7975,1.7975,1.7975,1.7975,1.7975,1.7975,1.7975,1.7975,1.7975,1.7975,1.7975,1.7975,1.7975,1.7975,1.7975,1.7975,1.7975,1.7975,1.7975,1.7975
1.2763,1.4183,1.5962,1.7995,1.7995,1.7995,1.7995,1.7995,1.7995,1.7995,1.7995,1.7513,1.7995,1.7995,1.7995,1.7995,1.7995,1.7995,1.7995,1.7995,1.7995,1.7995,1.7995,1.7995,1.7995
1.8014,1.8014,1.8014,1.8014,1.8014,1.8014,1.8014,1.8014,1.8014,1.8014,1.8014,1.8014,1.8014,1.3853,1.8014,1.8014,1.8014,1.8014,1.8014,1.8014,1.8014,1.8014,1.8014,1.8014,1.8014
0.7423,0.8249,0.9284,1.0596,1.1949,1.3422,1.4895,1.6382,1.787,1.8034,1.8034,1.8034,1.8034,1.2057,1.8034,1.8034,1.8034,1.8034,1.8034,1.8034,1.8034,1.8034,1.8034,1.8034,1.8034
1.8054,1.8054,1.8054,1.8054,1.8054,1.8054,1.8054,1.8054,1.8054,1.8054,1.8054,1.8054,1.8054,1.8054,1.8054,1.8054,1.8054,1.8054,1.8054,1.8054,1.8054,1.8054,1.8054,1.8054,1.8054
1.8074,1.8074,1.8074,1.8074,1.8074,1.8074,1.8074,1.8074,1.8074,1.8074,1.8074,1.8074,1.8074,1.8074,1.8074,1.8074,1.8074,1.8074,1.8074,1.8074,1.8074,1.8074,1.8074,1.8074,1.8074
0.7291,0.8102,0.9118,1.0407,1.1736,1.3182,1.4629,1.609,1.7551,1.8094,1.8094,1.8094,1.142,1.8094,1.8094,1.8094,1.8094,1.8094,1.8094,1.8094,1.8094,1.8094,1.8094,1.8094,1.8094
1.8114,1.8114,1.8114,1.8114,1.8114,1.8114,1.8114,1.8114,1.8114,1.8114,1.8114,1.8114,1.1581,1.8114,1.8114,1.8114,1.8114,1.8114,1.8114,1.8114,1.8114,1.8114,1.8114,1.8114,1.8114
1.2658,1.4067,1.5831,1.8067,1.8134,1.8134,1.8134,1.8134,1.8134,1.8134,1.8134,1.8134,1.8134,1.8134,1.8134,1.8134,1.8134,1.8134,1.8134,1.8134,1.8134,1.8134,1.8134,1.8134,1.8134
1.8154,1.8154,1.8154,1.8154,1.8154,1.8154,1.8154,1.8154,1.8154,1.8154,1.8154,1.8154,1.8154,1.8154,1.8154,1.8154,1.8154,1.8154,1.8154,1.8154,1.8154,1.8154,1.8154,1.8154,1.8154
1.8174,1.8174,1.8174,1.8174,1.8174,1.8174,1.8174,1.8174,1.8174,1.8174,1.8174,1.8174,1.8174,1.3091,1.8174,1.8174,1.8174,1.8174,1.8174,1.8174,1.8174,1.8174,1.8174,1.8174,1.8174
0.6474,0.7195,0.8097,0.9241,1.0421,1.1706,1.299,1.4287,1.5585,1.6883,1.8181,1.8194,1.8194,1.8194,1.8194,1.8194,1.8194,1.8194,1.8194,1.8194,1.8194,1.8194,1.8194,1.8194,1.8194
1.8215,1.8215,1.8215,1.8215,1.8215,1.8215,1.8215,1.8215,1.8215,1.8215,1.8215,1.8215,1.8215,1.8215,1.8215,1.8215,1.8215,1.8215,1.8215,1.8215,1.8215,1.8215,1.8215,1.8215,1.8215
1.8235,1.8235,1.8235,1.8235,1.8235,1.8235,1.8235,1.8235,1.8235,1.8235,1.8235,1.8235,1.8235,1.8235,1.8235,1.8235,1.8235,1.8235,1.8235,1.8235,1.8235,1.8235,1.8235,1.8235,1.8235
0.9152,1.0171,1.1446,1.3063,1.4732,1.6548,1.8255,1.8255,1.8255,1.8255,1.8255,1.7924,1.8255,1.8255,1.8255,1.8255,1.8255,1.8255,1.8255,1.8255,1.8255,1.8255,1.8255,1.8255,1.8255
1.8276,1.8276,1.8276,1.8276,1.8276,1.8276,1.8276,1.8276,1.8276,1.8276,1.8276,1.8276,1.8276,1.8276,1.8276,1.8276,1.8276,1.8276,1.8276,1.8276,1.8276,1.8276,1.8276,1.8276,1.8276
0.8125,0.9029,1.0161,1.1597,1.3079,1.469,1.6303,1.7931,1.8296,1.8296,1.8296,1.8296,1.8296,1.8296,1.8296,1.8296,1.8296,1.8296,1.8296,1.8296,1.8296,1.8296,1.8296,1.8296,1.8296
1.8316,1.8316,1.8316,1.8316,1.8316,1.8316,1.8316,1.8316,1.8316,1.8316,1.8316,1.8316,1.8316,1.8316,1.8316,1.8316,1.8316,1.8316,1.8316,1.8316,1.8316,1.8316,1.8316,1.8316,1.8316
1.8337,1.8337,1.8337,1.8337,1.8337,1.8337,1.8337,1.8337,1.8337,1.8337,1.8337,1.8337,1.8337,1.8337,1.8337,1.8337,1.8337,1.8337,1.8337,1.8337,1.8337,1.8337,1.8337,1.8337,1.8337
0.6424,0.7139,0.8034,0.9169,1.0341,1.1615,1.289,1.4177,1.5464,1.6753,1.8041,1.8357,1.083,1.8357,1.8357,1.8357,1.8357,1.8357,1.8357,1.8357,1.8357,1.8357,1.8357,1.8357,1.8357
1.8378,1.8378,1.8378,1.8378,1.8378,1.8378,1.8378,1.8378,1.8378,1.8378,1.8378,1.8378,1.2091,1.8378,1.8378,1.8378,1.8378,1.8378,1.8378,1.8378,1.8378,1.8378,1.8378,1.8378,1.8378
1.8399,1.8399,1.8399,1.8399,1.8399,1.8399,1.8399,1.8399,1.8399,1.8399,1.8399,1.8399,1.8399,1.8399,1.8399,1.8399,1.8399,1.8399,1.8399,1.8399,1.8399,1.8399,1.8399,1.8399,1.8399
1.522,1.6915,1.8419,1.8419,1.8419,1.8419,1.8419,1.8419,1.8419,1.8419,1.8419,1.8419,1.8419,1.8419,1.8419,1.8419,1.8419,1.8419,1.8419,1.8419,1.8419,1.8419,1.8419,1.8419,1.8419
1.844,1.844,1.844,1.844,1.844,1.844,1.844,1.844,1.844,1.844,1.844,1.844,1.844,1.103,1.844,1.844,1.844,1.844,1.844,1.844,1.844,1.844,1.844,1.844,1.844
0.649,0.7213,0.8117,0.9264,1.0447,1.1735,1.3023,1.4323,1.5624,1.6925,1.8227,1.8461,1.8461,1.0759,1.8461,1.8461,1.8461,1.8461,1.8461,1.8461,1.8461,1.8461,1.8461,1.8461,1.8461
1.8482,1.8482,1.8482,1.8482,1.8482,1.8482,1.8482,1.8482,1.8482,1.8482,1.8482,1.8482,1.8482,1.8482,1.8482,1.8482,1.8482,1.8482,1.8482,1.8482,1.8482,1.8482,1.8482,1.8482,1.8482
1.8503,1.8503,1.8503,1.8503,1.8503,1.8503,1.8503,1.8503,1.8503,1.8503,1.8503,1.8503,1.8503,1.8503,1.8503,1.8503,1.8503,1.8503,1.8503,1.8503,1.8503,1.8503,1.8503,1.8503,1.8503
0.7294,0.8106,0.9123,1.0412,1.1742,1.3189,1.4636,1.6098,1.7559,1.8523,1.8523,1.8523,1.1425,1.8523,1.8523,1.8523,1.8523,1.8523,1.8523,1.8523,1.8523,1.8523,1.8523,1.8523,1.8523
1.8544,1.8544,1.8544,1.8544,1.8544,1.8544,1.8544,1.8544,1.8544,1.8544,1.8544,1.8544,1.5844,1.8544,1.8544,1.8544,1.8544,1.8544,1.8544,1.8544,1.8544,1.8544,1.8544,1.8544,1.8544
0.9678,1.0755,1.2104,1.3814,1.5579,1.7498,1.8565,1.8565,1.8565,1.8565,1.8565,1.8565,1.8565,1.8565,1.7002,1.8565,1.8565,1.8565,1.8565,1.8565,1.8565,1.8565,1.8565,1.8565,1.8565
1.8587,1.8587,1.8587,1.8587,1.8587,1.8587,1.8587,1.8587,1.8587,1.8587,1.8587,1.8587,1.8587,1.8587,1.8587,1.8587,1.8587,1.8587,1.8587,1.8587,1.8587,1.8587,1.8587,1.8587,1.8587
1.8608,1.8608,1.8608,1.8608,1.8608,1.8608,1.8608,1.8608,1.8608,1.8608,1.8608,1.8608,1.8608,1.8608,1.8608,1.8608,1.8608,1.8608,1.8608,1.8608,1.8608,1.8608,1.8608,1.8608,1.8608
0.598,0.6646,0.7479,0.8536,0.9626,1.0812,1.1999,1.3197,1.4395,1.5595,1.6794,1.797,1.8629,1.8629,1.8629,1.8629,1.8629,1.8629,1.8629,1.8629,1.8629,1.8629,1.8629,1.8629,1.8629
1.865,1.865,1.865,1.865,1.865,1.865,1.865,1.865,1.865,1.865,1.865,1.8273,1.865,1.865,1.865,1.865,1.865,1.865,1.865,1.865,1.865,1.865,1.865,1.865,1.865
1.8671,1.8671,1.8671,1.8671,1.8671,1.8671,1.8671,1.8671,1.8671,1.8671,1.8671,1.8671,1.8671,1.8671,1.8671,1.8671,1.8671,1.8671,1.8671,1.8671,1.8671,1.8671,1.8671,1.8671,1.8671
0.999,1.1102,1.2494,1.4259,1.6081,1.8062,1.8693,1.8693,1.8693,1.8693,1.8693,1.4903,1.8693,1.8693,1.8693,1.8693,1.8693,1.8693,1.8693,1.8693,1.8693,1.8693,1.8693,1.8693,1.8693
1.8714,1.8714,1.8714,1.8714,1.8714,1.8714,1.8714,1.8714,1.8714,1.8714,1.8714,1.8714,1.8714,1.7373,1.8714,1.8714,1.8714,1.8714,1.8714,1.8714,1.8714,1.8714,1.8714,1.8714,1.8714
0.6891,0.7659,0.8619,0.9837,1.1093,1.246,1.3828,1.5209,1.6589,1.7971,1.8735,1.8735,1.8735,1.1193,1.8735,1.8735,1.8735,1.8735,1.8735,1.8735,1.8735,1.8735,1.8735,1.8735,1.8735
1.8757,1.8757,1.8757,1.8757,1.8757,1.8757,1.8757,1.8757,1.8757,1.8757,1.8757,1.8757,1.8757,1.8757,1.8757,1.8757,1.8757,1.8757,1.8757,1.8757,1.8757,1.8757,1.8757,1.8757,1.8757
1.8778,1.8778,1.8778,1.8778,1.8778,1.8778,1.8778,1.8778,1.8778,1.8778,1.8778,1.8778,1.8778,1.8778,1.8778,1.8778,1.8778,1.8778,1.8778,1.8778,1.8778,1.8778,1.8778,1.8778,1.8778
0.6255,0.6951,0.7822,0.8928,1.0068,1.1309,1.255,1.3803,1.5057,1.6311,1.7565,1.8796,0.9797,1.88,1.88,1.88,1.88,1.88,1.88,1.88,1.88,1.88,1.88,1.88,1.88
1.8821,1.8821,1.8821,1.8821,1.8821,1.8821,1.8821,1.8821,1.8821,1.8821,1.8821,1.8821,1.0607,1.8821,1.8821,1.8821,1.8821,1.8821,1.8821,1.8821,1.8821,1.8821,1.8821,1.8821,1.8821
1.3133,1.4595,1.6425,1.8745,1.8843,1.8843,1.8843,1.8843,1.8843,1.8843,1.8843,1.8843,1.8843,1.8843,1.8843,1.8843,1.8843,1.8843,1.8843,1.8843,1.8843,1.8843,1.8843,1.8843,1.8843
1.8865,1.8865,1.8865,1.8865,1.8865,1.8865,1.8865,1.8865,1.8865,1.8865,1.8865,1.8865,1.8865,1.8865,1.8865,1.8865,1.8865,1.8865,1.8865,1.8865,1.8865,1.8865,1.8865,1.8865,1.8865
1.8886,1.8886,1.8886,1.8886,1.8886,1.8886,1.8886,1.8886,1.8886,1.8886,1.8886,1.8886,1.8886,1.1061,1.8886,1.8886,1.8886,1.8886,1.8886,1.8886,1.8886,1.8886,1.8886,1.8886,1.8886
0.586,0.6512,0.7328,0.8364,0.9432,1.0595,1.1758,1.2932,1.4106,1.5281,1.6456,1.7609,1.8746,1.6714,1.8908,1.8908,1.8908,1.8908,1.8908,1.8908,1.8908,1.8908,1.8908,1.8908,1.8908
1.893,1.893,1.893,1.893,1.893,1.893,1.893,1.893,1.893,1.893,1.893,1.8358,1.893,1.893,1.893,1.893,1.893,1.893,1.893,1.893,1.893,1.893,1.893,1.893,1.893
1.8952,1.8952,1.8952,1.8952,1.8952,1.8952,1.8952,1.8952,1.8952,1.8952,1.8952,1.8952,1.8952,1.8952,1.8952,1.8952,1.8952,1.8952,1.8952,1.8952,1.8952,1.8952,1.8952,1.8952,1.8952
0.7576,0.842,0.9476,1.0814,1.2196,1.3699,1.5202,1.6721,1.8239,1.8974,1.8974,1.7513,1.8974,1.8974,1.8974,1.8974,1.8974,1.8974,1.8974,1.8974,1.8974,1.8974,1.8974,1.8974,1.8974
1.8996,1.8996,1.8996,1.8996,1.8996,1.8996,1.8996,1.8996,1.8996,1.8996,1.8996,1.8996,1.8934,1.8996,1.8996,1.8996,1.8996,1.8996,1.8996,1.8996,1.8996,1.8996,1.8996,1.8996,1.8996
0.7841,0.8714,0.9807,1.1192,1.2622,1.4177,1.5733,1.7304,1.8875,1.9018,1.9018,1.9018,1.9018,1.9018,1.8034,1.9018,1.9018,1.9018,1.9018,1.9018,1.9018,1.9018,1.9018,1.9018,1.9018
1.904,1.904,1.904,1.904,1.904,1.904,1.904,1.904,1.904,1.904,1.904,1.904,1.904,1.904,1.904,1.904,1.904,1.904,1.904,1.904,1.904,1.904,1.904,1.904,1.904
1.9062,1.9062,1.9062,1.9062,1.9062,1.9062,1.9062,1.9062,1.9062,1.9062,1.9062,1.9062,1.9062,1.9062,1.5894,1.9062,1.9062,1.9062,1.9062,1.9062,1.9062,1.9062,1.9062,1.9062,1.9062
0.5684,0.6317,0.7109,0.8114,0.915,1.0278,1.1406,1.2545,1.3684,1.4824,1.5964,1.7082,1.4914,1.9084,1.9084,1.9084,1.9084,1.9084,1.9084,1.9084,1.9084,1.9084,1.9084,1.9084,1.9084
1.9107,1.9107,1.9107,1.9107,1.9107,1.9107,1.9107,1.9107,1.9107,1.9107,1.9107,1.9107,1.9107,1.9107,1.9107,1.9107,1.9107,1.9107,1.9107,1.9107,1.9107,1.9107,1.9107,1.9107,1.9107
1.9129,1.9129,1.9129,1.9129,1.9129,1.9129,1.9129,1.9129,1.9129,1.9129,1.9129,1.9129,1.9129,1.9129,1.9129,1.9129,1.9129,1.9129,1.9129,1.9129,1.9129,1.9129,1.9129,1.9129,1.9129
1.1604,1.2896,1.4513,1.6564,1.868,1.9151,1.9151,1.9151,1.9151,1.9151,1.9151,1.5924,1.9151,1.9151,1.9151,1.9151,1.9151,1.9151,1.9151,1.9151,1.9151,1.9151,1.9151,1.9151,1.9151
1.9174,1.9174,1.9174,1.9174,1.9174,1.9174,1.9174,1.9174,1.9174,1.9174,1.9174,1.9174,1.9174,0.9805,1.9174,1.9174,1.9174,1.9174,1.9174,1.9174,1.9174,1.9174,1.9174,1.9174,1.9174
0.6052,0.6725,0.7569,0.8638,0.9741,1.0942,1.2143,1.3355,1.4568,1.5781,1.6995,1.8186,1.9196,0.9829,1.9196,1.9196,1.9196,1.9196,1.9196,1.9196,1.9196,1.9196,1.9196,1.9196,1.9196
1.9219,1.9219,1.9219,1.9219,1.9219,1.9219,1.9219,1.9219,1.9219,1.9219,1.9219,1.9219,1.9219,1.9219,1.9219,1.9219,1.9219,1.9219,1.9219,1.9219,1.9219,1.9219,1.9219,1.9219,1.9219
1.9241,1.9241,1.9241,1.9241,1.9241,1.9241,1.9241,1.9241,1.9241,1.9241,1.9241,1.9241,1.9241,1.9241,1.9241,1.9241,1.9241,1.9241,1.9241,1.9241,1.9241,1.9241,1.9241,1.9241,1.9241
0.6277,0.6976,0.7851,0.896,1.0104,1.1349,1.2595,1.3853,1.5111,1.6369,1.7628,1.8863,0.9832,1.9264,1.9264,1.9264,1.9264,1.9264,1.9264,1.9264,1.9264,1.9264,1.9264,1.9264,1.9264
1.9287,1.9287,1.9287,1.9287,1.9287,1.9287,1.9287,1.9287,1.9287,1.9287,1.9287,1.9287,0.959,1.9287,1.9287,1.9287,1.9287,1.9287,1.9287,1.9287,1.9287,1.9287,1.9287,1.9287,1.9287
0.9818,1.091,1.2279,1.4013,1.5804,1.7751,1.9309,1.9309,1.9309,1.9309,1.9309,1.9309,1.9309,1.9309,1.5474,1.9309,1.9309,1.9309,1.9309,1.9309,1.9309,1.9309,1.9309,1.9309,1.9309
1.9332,1.9332,1.9332,1.9332,1.9332,1.9332,1.9332,1.9332,1.9332,1.9332,1.9332,1.9332,1.9332,1.9332,1.9332,1.9332,1.9332,1.9332,1.9332,1.9332,1.9332,1.9332,1.9332,1.9332,1.9332
1.9355,1.9355,1.9355,1.9355,1.9355,1.9355,1.9355,1.9355,1.9355,1.9355,1.9355,1.9355,1.9355,1.9355,1.9085,1.9355,1.9355,1.9355,1.9355,1.9355,1.9355,1.9355,1.9355,1.9355,1.9355
0.5439,0.6044,0.6802,0.7763,0.8755,0.9834,1.0913,1.2003,1.3093,1.4184,1.5274,1.6344,1.74,1.9378,1.9378,1.9378,1.9378,1.9378,1.9378,1.9378,1.9378,1.9378,1.9378,1.9378,1.9378
1.9401,1.9401,1.9401,1.9401,1.9401,1.9401,1.9401,1.9401,1.9401,1.9401,1.9401,1.5225,1.9401,1.9401,1.9401,1.9401,1.9401,1.9401,1.9401,1.9401,1.9401,1.9401,1.9401,1.9401,1.9401
1.9424,1.9424,1.9424,1.9424,1.9424,1.9424,1.9424,1.9424,1.9424,1.9424,1.9424,1.9424,1.9424,1.9424,1.9424,1.9424,1.9424,1.9424,1.9424,1.9424,1.9424,1.9424,1.9424,1.9424,1.9424
0.8196,0.9108,1.0251,1.1699,1.3193,1.4819,1.6446,1.8088,1.9447,1.9447,1.9447,1.4487,1.9447,1.9447,1.9447,1.9447,1.9447,1.9447,1.9447,1.9447,1.9447,1.9447,1.9447,1.9447,1.9447
1.947,1.947,1.947,1.947,1.947,1.947,1.947,1.947,1.947,1.947,1.947,1.907,1.802,1.947,1.947,1.947,1.947,1.947,1.947,1.947,1.947,1.947,1.947,1.947,1.947
0.6633,0.7371,0.8296,0.9468,1.0677,1.1993,1.3309,1.4638,1.5967,1.7297,1.8628,1.9493,1.9493,1.0773,1.9493,1.9493,1.9493,1.9493,1.9493,1.9493,1.9493,1.9493,1.9493,1.9493,1.9493
1.9516,1.9516,1.9516,1.9516,1.9516,1.9516,1.9516,1.9516,1.9516,1.9516,1.9516,1.9516,1.9516,1.9516,1.9516,1.9516,1.9516,1.9516,1.9516,1.9516,1.9516,1.9516,1.9516,1.9516,1.9516
1.954,1.954,1.954,1.954,1.954,1.954,1.954,1.954,1.954,1.954,1.954,1.954,1.954,1.954,1.7467,1.954,1.954,1.954,1.954,1.954,1.954,1.954,1.954,1.954,1.954
0.5549,0.6166,0.694,0.792,0.8932,1.0033,1.1134,1.2245,1.3357,1.447,1.5583,1.6674,0.8691,1.9563,1.9563,1.9563,1.9563,1.9563,1.9563,1.9563,1.9563,1.9563,1.9563,1.9563,1.9563
1.9586,1.9586,1.9586,1.9586,1.9586,1.9586,1.9586,1.9586,1.9586,1.9586,1.9586,1.9586,1.0042,1.9586,1.9586,1.9586,1.9586,1.9586,1.9586,1.9586,1.9586,1.9586,1.9586,1.9586,1.9586
1.4477,1.6088,1.8106,1.961,1.961,1.961,1.961,1.961,1.961,1.961,1.961,1.961,1.961,1.961,1.961,1.961,1.961,1.961,1.961,1.961,1.961,1.961,1.961,1.961,1.961
1.4722,1.6361,1.8412,1.9633,1.9633,1.9633,1.9633,1.9633,1.9633,1.9633,1.9633,1.9633,1.9633,1.9633,1.9633,1.9633,1.9633,1.9633,1.9633,1.9633,1.9633,1.9633,1.9633,1.9633,1.9633
1.9657,1.9657,1.9657,1.9657,1.9657,1.9657,1.9657,1.9657,1.9657,1.9657,1.9657,1.9657,1.9623,0.9667,1.9657,1.9657,1.9657,1.9657,1.9657,1.9657,1.9657,1.9657,1.9657,1.9657,1.9657
0.5471,0.608,0.6843,0.781,0.8807,0.9893,1.0978,1.2075,1.3171,1.4268,1.5365,1.6442,1.7503,1.0844,1.968,1.968,1.968,1.968,1.968,1.968,1.968,1.968,1.968,1.968,1.968
1.9704,1.9704,1.9704,1.9704,1.9704,1.9704,1.9704,1.9704,1.9704,1.9704,1.9704,1.9704,1.9704,1.9704,1.9704,1.9704,1.9704,1.9704,1.9704,1.9704,1.9704,1.9704,1.9704,1.9704,1.9704
1.9728,1.9728,1.9728,1.9728,1.9728,1.9728,1.9728,1.9728,1.9728,1.9728,1.9728,1.9728,1.9728,1.9728,1.9728,1.9728,1.9728,1.9728,1.9728,1.9728,1.9728,1.9728,1.9728,1.9728,1.9728
0.6497,0.722,0.8126,0.9274,1.0459,1.1747,1.3037,1.4339,1.564,1.6943,1.8247,1.779,1.9752,1.9752,1.9752,1.9752,1.9752,1.9752,1.9752,1.9752,1.9752,1.9752,1.9752,1.9752,1.9752
1.9775,1.9775,1.9775,1.9775,1.9775,1.9775,1.9775,1.9775,1.9775,1.9775,1.9505,1.8474,1.7458,1.9775,1.9775,1.9775,1.9775,1.9775,1.9775,1.9775,1.9775,1.9775,1.9775,1.9775,1.9775
0.7842,0.8715,0.9808,1.1194,1.2624,1.4179,1.5735,1.7307,1.8878,1.9799,1.9799,1.9799,1.9799,1.9799,1.5283,1.9799,1.9799,1.9799,1.9799,1.9799,1.9799,1.9799,1.9799,1.9799,1.9799
1.9823,1.9823,1.9823,1.9823,1.9823,1.9823,1.9823,1.9823,1.9823,1.9823,1.9823,1.9823,1.9823,1.9823,1.9823,1.9823,1.9823,1.9823,1.9823,1.9823,1.9823,1.9823,1.9823,1.9823,1.9823
1.9847,1.9847,1.9847,1.9847,1.9847,1.9847,1.9847,1.9847,1.9847,1.9847,1.9847,1.9847,1.9847,1.9847,1.5694,1.9847,1.9847,1.9847,1.9847,1.9847,1.9847,1.9847,1.9847,1.9847,1.9847
0.5176,0.5753,0.6474,0.7389,0.8333,0.9359,1.0387,1.1424,1.2461,1.3499,1.4537,1.5555,1.656,1.9871,1.9871,1.9871,1.9871,1.9871,1.9871,1.9871,1.9871,1.9871,1.9871,1.9871,1.9871
1.9896,1.9896,1.9896,1.9896,1.9896,1.9896,1.9896,1.9896,1.9896,1.9896,1.9896,1.6791,1.9896,1.9896,1.9896,1.9896,1.9896,1.9896,1.9896,1.9896,1.9896,1.9896,1.9896,1.9896,1.9896
1.992,1.992,1.992,1.992,1.992,1.992,1.992,1.992,1.992,1.992,1.992,1.992,1.992,1.992,1.992,1.992,1.992,1.992,1.992,1.992,1.992,1.992,1.992,1.992,1.992
0.931,1.0346,1.1644,1.3289,1.4986,1.6833,1.8681,1.9944,1.9944,1.9944,1.9944,1.2775,1.9944,1.9944,1.9944,1.9944,1.9944,1.9944,1.9944,1.9944,1.9944,1.9944,1.9944,1.9944,1.9944
1.9968,1.9968,1.9968,1.9968,1.9968,1.9968,1.9968,1.9968,1.9968,1.9968,1.9644,1.8606,1.7582,1.1973,1.9968,1.9968,1.9968,1.9968,1.9968,1.9968,1.9968,1.9968,1.9968,1.9968,1.9968
0.5806,0.6453,0.7262,0.8288,0.9347,1.0499,1.1651,1.2814,1.3978,1.5142,1.6307,1.7449,1.8576,0.9431,1.9993,1.9993,1.9993,1.9993,1.9993,1.9993,1.9993,1.9993,1.9993,1.9993,1.9993
2.0017,2.0017,2.0017,2.0017,2.0017,2.0017,2.0017,2.0017,2.0017,2.0017,2.0017,2.0017,2.0017,2.0017,2.0017,2.0017,2.0017,2.0017,2.0017,2.0017,2.0017,2.0017,2.0017,2.0017,2.0017
2.0042,2.0042,2.0042,2.0042,2.0042,2.0042,2.0042,2.0042,2.0042,2.0042,2.0042,2.0042,2.0042,2.0042,2.0042,2.0042,2.0042,2.0042,2.0042,2.0042,2.0042,2.0042,2.0042,2.0042,2.0042
0.5559,0.6178,0.6952,0.7934,0.8948,1.0051,1.1154,1.2268,1.3382,1.4496,1.5611,1.6705,0.8707,2.0066,2.0066,2.0066,2.0066,2.0066,2.0066,2.0066,2.0066,2.0066,2.0066,2.0066,2.0066
2.0091,2.0091,2.0091,2.0091,2.0091,2.0091,2.0091,2.0091,2.0091,2.0091,1.9864,1.8815,0.9067,2.0091,2.0091,2.0091,2.0091,2.0091,2.0091,2.0091,2.0091,2.0091,2.0091,2.0091,2.0091
1.0381,1.1537,1.2984,1.4818,1.6711,1.877,2.0115,2.0115,2.0115,2.0115,2.0115,2.0115,2.0115,2.0115,1.6363,2.0115,2.0115,2.0115,2.0115,2.0115,2.0115,2.0115,2.0115,2.0115,2.0115
2.014,2.014,2.014,2.014,2.014,2.014,2.014,2.014,2.014,2.014,2.014,2.014,2.014,2.014,2.014,2.014,2.014,2.014,2.014,2.014,2.014,2.014,2.014,2.014,2.014
2.0165,2.0165,2.0165,2.0165,2.0165,2.0165,2.0165,2.0165,2.0165,2.0165,2.0165,2.0165,2.0165,0.9978,1.9734,2.0165,2.0165,2.0165,2.0165,2.0165,2.0165,2.0165,2.0165,2.0165,2.0165
0.5075,0.5639,0.6347,0.7243,0.8169,0.9175,1.0182,1.1199,1.2216,1.3234,1.4251,1.525,1.6234,1.9662,2.019,2.019,2.019,2.019,2.019,2.019,2.019,2.019,2.019,2.019,2.019
2.0215,2.0215,2.0215,2.0215,2.0215,2.0215,2.0215,2.0215,2.0215,2.0215,2.0215,1.5025,2.0215,2.0215,2.0215,2.0215,2.0215,2.0215,2.0215,2.0215,2.0215,2.0215,2.0215,2.0215,2.0215
2.024,2.024,2.024,2.024,2.024,2.024,2.024,2.024,2.024,2.024,2.024,2.024,2.024,2.024,2.024,2.024,2.024,2.024,2.024,2.024,2.024,2.024,2.024,2.024,2.024
0.6956,0.7731,0.87,0.9929,1.1198,1.2578,1.3958,1.5352,1.6746,1.8141,1.9536,1.4512,2.0265,2.0265,2.0265,2.0265,2.0265,2.0265,2.0265,2.0265,2.0265,2.0265,2.0265,2.0265,2.0265
2.029,2.029,2.029,2.029,2.029,2.029,2.029,2.029,2.029,1.9546,1.8547,1.7567,1.66,2.029,2.029,2.029,2.029,2.029,2.029,2.029,2.029,2.029,2.029,2.029,2.029
0.6566,0.7297,0.8212,0.9372,1.057,1.1872,1.3175,1.4491,1.5807,1.7124,1.8441,1.9732,2.0315,2.0315,1.6735,2.0315,2.0315,2.0315,2.0315,2.0315,2.0315,2.0315,2.0315,2.0315,2.0315
2.034,2.034,2.034,2.034,2.034,2.034,2.034,2.034,2.034,2.034,2.034,2.034,2.034,2.034,2.034,2.034,2.034,2.034,2.034,2.034,2.034,2.034,2.034,2.034,2.034
2.0365,2.0365,2.0365,2.0365,2.0365,2.0365,2.0365,2.0365,2.0365,2.0365,2.0365,2.0365,2.0365,2.0365,1.4295,2.0365,2.0365,2.0365,2.0365,2.0365,2.0365,2.0365,2.0365,2.0365,2.0365
0.5045,0.5606,0.6309,0.72,0.812,0.9121,1.0122,1.1133,1.2144,1.3155,1.4167,1.5159,0.9865,2.0391,2.0391,2.0391,2.0391,2.0391,2.0391,2.0391,2.0391,2.0391,2.0391,2.0391,2.0391
2.0416,2.0416,2.0416,2.0416,2.0416,2.0416,2.0416,2.0416,2.0416,2.0416,2.0416,1.952,0.9752,2.0416,2.0416,2.0416,2.0416,2.0416,2.0416,2.0416,2.0416,2.0416,2.0416,2.0416,2.0416
1.7098,1.9001,2.0442,2.0442,2.0442,2.0442,2.0442,2.0442,2.0442,2.0442,2.0442,2.0442,2.0442,2.0442,2.0442,2.0442,2.0442,2.0442,2.0442,2.0442,2.0442,2.0442,2.0442,2.0442,2.0442
1.1295,1.2552,1.4126,1.6122,1.8182,2.0422,2.0467,2.0467,2.0467,2.0467,1.9888,2.0467,2.0467,2.0467,2.0467,2.0467,2.0467,2.0467,2.0467,2.0467,2.0467,2.0467,2.0467,2.0467,2.0467
2.0493,2.0493,2.0493,2.0493,2.0493,2.0493,2.0493,2.0493,2.0493,2.0493,1.9642,1.8605,1.7581,0.8661,2.0493,2.0493,2.0493,2.0493,2.0493,2.0493,2.0493,2.0493,2.0493,2.0493,2.0493
0.5231,0.5813,0.6542,0.7466,0.842,0.9457,1.0495,1.1543,1.2591,1.364,1.469,1.5718,1.6733,0.8495,2.0518,2.0518,2.0518,2.0518,2.0518,2.0518,2.0518,2.0518,2.0518,2.0518,2.0518
2.0544,2.0544,2.0544,2.0544,2.0544,2.0544,2.0544,2.0544,2.0544,2.0544,2.0544,2.0544,2.0544,2.0544,2.0544,2.0544,2.0544,2.0544,2.0544,2.0544,2.0544,2.0544,2.0544,2.0544,2.0544
2.057,2.057,2.057,2.057,2.057,2.057,2.057,2.057,2.057,2.057,2.057,2.057,2.057,2.057,2.057,2.057,2.057,2.057,2.057,2.057,2.057,2.057,2.057,2.057,2.057
0.572,0.6357,0.7154,0.8165,0.9208,1.0342,1.1478,1.2624,1.377,1.4917,1.6064,1.7189,0.8959,2.0596,2.0596,2.0596,2.0596,2.0596,2.0596,2.0596,2.0596,2.0596,2.0596,2.0596,2.0596
2.0622,2.0622,2.0622,2.0622,2.0622,2.0622,2.0622,2.0622,2.0373,1.9382,1.8392,1.742,1.0573,2.0622,2.0622,2.0622,2.0622,2.0622,2.0622,2.0622,2.0622,2.0622,2.0622,2.0622,2.0622
0.809,0.8991,1.0118,1.1548,1.3023,1.4628,1.6233,1.7854,1.9475,2.0648,2.0648,2.0648,2.0648,2.0648,1.3315,2.0648,2.0648,2.0648,2.0648,2.0648,2.0648,2.0648,2.0648,2.0648,2.0648
2.0674,2.0674,2.0674,2.0674,2.0674,2.0674,2.0674,2.0674,2.0674,2.0674,2.0674,2.0674,2.0674,2.0674,2.0674,2.0674,2.0674,2.0674,2.0674,2.0674,2.0674,2.0674,2.0674,2.0674,2.0674
2.07,2.07,2.07,2.07,2.07,2.07,2.07,2.07,2.07,2.07,2.07,2.07,2.07,2.07,1.5938,2.07,2.07,2.07,2.07,2.07,2.07,2.07,2.07,2.07,2.07
0.4818,0.5354,0.6025,0.6877,0.7755,0.8711,0.9667,1.0632,1.1597,1.2563,1.353,1.4477,1.5412,2.0726,2.0726,2.0726,2.0726,2.0726,2.0726,2.0726,2.0726,2.0726,2.0726,2.0726,2.0726
2.0752,2.0752,2.0752,2.0752,2.0752,2.0752,2.0752,2.0752,2.0752,2.0752,2.0752,1.4239,2.0752,2.0752,2.0752,2.0752,2.0752,2.0752,2.0752,2.0752,2.0752,2.0752,2.0752,2.0752,2.0752
2.0779,2.0779,2.0779,2.0779,2.0779,2.0779,2.0779,2.0779,2.0779,2.0779,2.0779,2.0779,2.0779,2.0779,2.0779,2.0779,2.0779,2.0779,2.0779,2.0779,2.0779,2.0779,2.0779,2.0779,2.0779
0.7752,0.8615,0.9695,1.1065,1.2479,1.4017,1.5555,1.7108,1.8662,2.0216,2.0805,1.2348,2.0805,2.0805,2.0805,2.0805,2.0805,2.0805,2.0805,2.0805,2.0805,2.0805,2.0805,2.0805,2.0805
2.0832,2.0832,2.0832,2.0832,2.0832,2.0832,2.0832,2.0832,1.9986,1.9014,1.8042,1.7089,1.6148,1.6764,2.0832,2.0832,2.0832,2.0832,2.0832,2.0832,2.0832,2.0832,2.0832,2.0832,2.0832
0.5701,0.6336,0.713,0.8138,0.9177,1.0308,1.144,1.2582,1.3724,1.4867,1.6011,1.7132,1.8239,0.926,1.9212,2.0858,2.0858,2.0858,2.0858,2.0858,2.0858,2.0858,2.0858,2.0858,2.0858
2.0885,2.0885,2.0885,2.0885,2.0885,2.0885,2.0885,2.0885,2.0885,2.0885,2.0885,2.0885,2.0885,2.0885,2.0885,2.0885,2.0885,2.0885,2.0885,2.0885,2.0885,2.0885,2.0885,2.0885,2.0885
2.0911,2.0911,2.0911,2.0911,2.0911,2.0911,2.0911,2.0911,2.0911,2.0911,2.0911,2.0911,2.0911,2.0911,2.0911,2.0675,2.0911,2.0911,2.0911,2.0911,2.0911,2.0911,2.0911,2.0911,2.0911
0.5032,0.5592,0.6294,0.7183,0.81,0.9099,1.0097,1.1106,1.2114,1.3123,1.4132,1.5122,0.7882,2.0938,2.0938,2.0938,2.0938,2.0938,2.0938,2.0938,2.0938,2.0938,2.0938,2.0938,2.0938
2.0965,2.0965,2.0965,2.0965,2.0965,2.0965,2.0965,2.0965,2.0965,2.0217,1.9183,1.817,0.8756,2.0965,2.0965,2.0965,2.0965,2.0965,2.0965,2.0965,2.0965,2.0965,2.0965,2.0965,2.0965
1.1457,1.2732,1.4329,1.6353,1.8442,2.0715,2.0992,2.0992,2.0992,2.0992,2.0992,2.0992,2.0992,2.0992,2.0992,1.991,2.0992,2.0992,2.0992,2.0992,2.0992,2.0992,2.0992,2.0992,2.0992
1.5195,1.6886,1.9003,2.1019,2.1019,2.1019,2.1019,2.1019,2.1019,2.1019,1.8121,2.1019,2.1019,2.1019,2.1019,2.1019,2.1019,2.1019,2.1019,2.1019,2.1019,2.1019,2.1019,2.1019,2.1019
2.1046,2.1046,2.1046,2.1046,2.1046,2.1046,2.1046,2.1046,2.1046,2.1046,2.0144,1.9079,1.8029,0.8882,2.1046,2.1046,2.1046,2.1046,2.1046,2.1046,2.1046,2.1046,2.1046,2.1046,2.1046
0.4831,0.5369,0.6042,0.6896,0.7776,0.8735,0.9693,1.0661,1.1629,1.2598,1.3567,1.4517,1.5455,1.1821,2.1073,2.1073,2.1073,2.1073,2.1073,2.1073,2.1073,2.1073,2.1073,2.1073,2.1073
2.11,2.11,2.11,2.11,2.11,2.11,2.11,2.11,2.11,2.11,2.0769,2.11,2.11,2.11,2.11,2.11,2.11,2.11,2.11,2.11,2.11,2.11,2.11,2.11,2.11
2.1127,2.1127,2.1127,2.1127,2.1127,2.1127,2.1127,2.1127,2.1127,2.1127,2.1127,2.1127,2.1127,2.1127,2.1127,2.1127,2.1127,2.1127,2.1127,2.1127,2.1127,2.1127,2.1127,2.1127,2.1127
0.6061,0.6735,0.758,0.8651,0.9756,1.0958,1.2161,1.3375,1.4589,1.5805,1.702,1.4935,2.1154,2.1154,2.1154,2.1154,2.1154,2.1154,2.1154,2.1154,2.1154,2.1154,2.1154,2.1154,2.1154
2.1182,2.1182,2.1182,2.1182,2.1182,2.1182,2.1174,2.0237,1.9299,1.8361,1.7422,1.6502,1.5593,2.1182,2.1182,2.1182,2.1182,2.1182,2.1182,2.1182,2.1182,2.1182,2.1182,2.1182,2.1182
0.6662,0.7403,0.8331,0.9508,1.0723,1.2045,1.3367,1.4701,1.6036,1.7372,1.8708,2.0018,2.1209,2.1209,1.4383,2.1209,2.1209,2.1209,2.1209,2.1209,2.1209,2.1209,2.1209,2.1209,2.1209
2.1237,2.1237,2.1237,2.1237,2.1237,2.1237,2.1237,2.1237,2.1237,2.1237,2.1237,2.1237,2.1237,2.1237,2.1237,2.1237,2.1237,2.1237,2.1237,2.1237,2.1237,2.1237,2.1237,2.1237,2.1237
2.1264,2.1264,2.1264,2.1264,2.1264,2.1264,2.1264,2.1264,2.1264,2.1264,2.1264,2.1264,2.1264,2.1264,1.3465,2.1264,2.1264,2.1264,2.1264,2.1264,2.1264,2.1264,2.1264,2.1264,2.1264
0.4676,0.5196,0.5848,0.6674,0.7527,0.8454,0.9382,1.0319,1.1256,1.2194,1.3131,1.4051,1.4958,2.1292,2.1292,2.1292,2.1292,2.1292,2.1292,2.1292,2.1292,2.1292,2.1292,2.1292,2.1292
2.1319,2.1319,2.1319,2.1319,2.1319,2.1319,2.1319,2.1319,2.1319,2.1319,2.1194,1.6162,2.1319,2.1319,2.1319,2.1319,2.1319,2.1319,2.1319,2.1319,2.1319,2.1319,2.1319,2.1319,2.1319
2.1347,2.1347,2.1347,2.1347,2.1347,2.1347,2.1347,2.1347,2.1347,2.1347,2.1347,2.1347,2.1347,2.1347,2.1347,2.1347,2.1347,2.1347,2.1347,2.1347,2.1347,2.1347,2.1347,2.1347,2.1347
0.9097,1.011,1.1378,1.2985,1.4644,1.6449,1.8254,2.0077,2.1375,2.1375,1.955,1.2484,2.1375,2.1375,2.1375,2.1375,2.1375,2.1375,2.1375,2.1375,2.1375,2.1375,2.1375,2.1375,2.1375
2.1403,2.1403,2.1403,2.1403,2.1403,2.1403,2.1403,2.0848,1.9882,1.8916,1.7949,1.7,1.6065,0.897,2.1403,2.1403,2.1403,2.1403,2.1403,2.1403,2.1403,2.1403,2.1403,2.1403,2.1403
0.5099,0.5667,0.6377,0.7278,0.8208,0.9219,1.0231,1.1253,1.2275,1.3297,1.432,1.5323,1.6312,0.8282,2.1431,2.1431,2.1431,2.1431,2.1431,2.1431,2.1431,2.1431,2.1431,2.1431,2.1431
2.1459,2.1459,2.1459,2.1459,2.1459,2.1459,2.1459,2.1459,2.1459,2.1459,2.1459,2.1459,2.1459,2.1459,2.1459,2.1459,2.1459,2.1459,2.1459,2.1459,2.1459,2.1459,2.1459,2.1459,2.1459
2.1487,2.1487,2.1487,2.1487,2.1487,2.1487,2.1487,2.1487,2.1487,2.1487,2.1487,2.1487,2.1487,2.1487,2.1487,2.1487,2.1487,2.1487,2.1487,2.1487,2.1487,2.1487,2.1487,2.1487,2.1487
0.5142,0.5714,0.6431,0.734,0.8277,0.9297,1.0318,1.1348,1.2378,1.3409,1.4441,1.5452,0.8054,2.1515,2.1515,2.1515,2.1515,2.1515,2.1515,2.1515,2.1515,2.1515,2.1515,2.1515,2.1515
2.1544,2.1544,2.1544,2.1544,2.1544,2.1544,2.1468,2.0517,1.9566,1.8615,1.7663,1.673,0.8063,2.1544,2.1544,2.1544,2.1544,2.1544,2.1544,2.1544,2.1544,2.1544,2.1544,2.1544,2.1544
0.8603,0.9561,1.076,1.228,1.3849,1.5555,1.7263,1.8987,2.071,2.1572,2.1572,2.1572,2.1572,2.1572,1.356,2.0648,2.1572,2.1572,2.1572,2.1572,2.1572,2.1572,2.1572,2.1572,2.1572
2.1601,2.1601,2.1601,2.1601,2.1601,2.1601,2.1601,2.1601,2.1601,2.1601,2.1601,2.1601,2.1601,2.1601,2.1601,2.1601,2.1601,2.1601,2.1601,2.1601,2.1601,2.1601,2.1601,2.1601,2.1601
2.1629,2.1629,2.1629,2.1629,2.1629,2.1629,2.1629,2.1629,2.1629,2.1629,2.1232,2.0111,1.9004,1.8674,1.6619,2.1629,2.1629,2.1629,2.1629,2.1629,2.1629,2.1629,2.1629,2.1629,2.1629
0.4564,0.5072,0.5708,0.6514,0.7347,0.8252,0.9158,1.0072,1.0987,1.1902,1.2817,1.3715,1.4601,2.1658,2.1658,2.1658,2.1658,2.1658,2.1658,2.1658,2.1658,2.1658,2.1658,2.1658,2.1658
2.1686,2.1686,2.1686,2.1686,2.1686,2.1686,2.1686,2.1686,2.1686,2.1686,2.1686,1.2817,2.1686,2.1686,2.1686,2.1686,2.1686,2.1686,2.1686,2.1686,2.1686,2.1686,2.1686,2.1686,2.1686
2.1715,2.1715,2.1715,2.1715,2.1715,2.1715,2.1715,2.1715,2.1715,2.1715,2.1715,2.1715,2.1715,2.1715,2.1715,2.1715,2.1715,2.1715,2.1715,2.1715,2.1715,2.1715,2.1715,2.1715,2.1715
0.6643,0.7382,0.8308,0.9481,1.0693,1.201,1.3329,1.466,1.599,1.7323,1.8655,1.2511,2.1744,2.1744,2.1744,2.1744,2.1744,2.1744,2.1744,2.1744,2.1744,2.1744,2.1744,2.1744,2.1744
2.1773,2.1773,2.1773,2.1773,2.1773,2.1395,2.0496,1.9588,1.8681,1.7772,1.6864,1.5973,1.5094,2.1773,2.1773,2.1773,2.1773,2.1773,2.1773,2.1773,2.1773,2.1773,2.1773,2.1773,2.1773
0.5712,0.6348,0.7144,0.8153,0.9195,1.0328,1.1461,1.2606,1.375,1.4896,1.6042,1.7165,1.8274,1.8604,1.6157,2.1802,2.1802,2.1802,2.1802,2.1802,2.1802,2.1802,2.1802,2.1802,2.1802
2.1831,2.1831,2.1831,2.1831,2.1831,2.1831,2.1831,2.1831,2.1831,2.1831,2.1831,2.1831,2.1831,2.1831,2.1831,2.1831,2.1831,2.1831,2.1831,2.1831,2.1831,2.1831,2.1831,2.1831,2.1831
2.186,2.186,2.186,2.186,2.186,2.186,2.186,2.186,2.186,2.186,2.186,2.186,2.186,2.186,1.3989,2.0512,2.186,2.186,2.186,2.186,2.186,2.186,2.186,2.186,2.186
0.4638,0.5154,0.58,0.662,0.7465,0.8385,0.9306,1.0235,1.1164,1.2094,1.3024,1.3936,0.7264,2.1889,2.1889,2.1889,2.1889,2.1889,2.1889,2.1889,2.1889,2.1889,2.1889,2.1889,2.1889
2.1918,2.1918,2.1918,2.1918,2.1918,2.1918,2.1918,2.1915,2.0899,1.9883,1.8866,1.787,0.8612,2.1918,2.1918,2.1918,2.1918,2.1918,2.1918,2.1918,2.1918,2.1918,2.1918,2.1918,2.1918
1.3303,1.4783,1.6637,1.8988,2.1414,2.1948,2.1948,2.1948,2.1948,2.1948,2.1948,2.1948,2.1948,2.1948,2.1948,2.0776,2.1948,2.1948,2.1948,2.1948,2.1948,2.1948,2.1948,2.1948,2.1948
1.1507,1.2788,1.4391,1.6424,1.8522,2.0805,2.1977,2.1977,2.1977,2.1977,1.7679,2.1977,2.1977,2.1977,2.1977,2.1977,2.1977,2.1977,2.1977,2.1977,2.1977,2.1977,2.1977,2.1977,2.1977
2.2007,2.2007,2.2007,2.2007,2.2007,2.2007,2.2007,2.1224,2.024,1.9256,1.8272,1.7306,1.6354,0.8056,2.2007,2.2007,2.2007,2.2007,2.2007,2.2007,2.2007,2.2007,2.2007,2.2007,2.2007
0.4678,0.5199,0.585,0.6677,0.753,0.8458,0.9386,1.0324,1.1261,1.2199,1.3137,1.4057,1.4965,0.8277,2.2036,2.2036,2.2036,2.2036,2.2036,2.2036,2.2036,2.2036,2.2036,2.2036,2.2036
2.2066,2.2066,2.2066,2.2066,2.2066,2.2066,2.2066,2.2066,2.2066,2.2066,1.8769,2.2066,2.2066,2.2066,2.2066,2.2066,2.2066,2.2066,2.2066,2.2066,2.2066,2.2066,2.2066,2.2066,2.2066
2.2096,2.2096,2.2096,2.2096,2.2096,2.2096,2.2096,2.2096,2.2096,2.2096,2.2096,2.2096,2.2096,2.2096,2.2096,2.2096,2.2096,2.2096,2.2096,2.2096,2.2096,2.2096,2.2096,2.2096,2.2096
0.5392,0.5993,0.6744,0.7697,0.868,0.975,1.082,1.19,1.2981,1.4062,1.5144,1.5783,2.2126,2.2126,2.2126,2.2126,2.2126,2.2126,2.2126,2.2126,2.2126,2.2126,2.2126,2.2126,2.2126
2.2156,2.2156,2.2156,2.2156,2.1991,2.1104,2.0218,1.9322,1.8427,1.7531,1.6635,1.5756,1.3228,2.2156,2.2156,2.2156,2.2156,2.2156,2.2156,2.2156,2.2156,2.2156,2.2156,2.2156,2.2156
0.6918,0.7688,0.8652,0.9875,1.1136,1.2509,1.3882,1.5268,1.6654,1.8042,1.9429,2.079,2.2133,2.2186,1.2648,2.2028,2.2186,2.2186,2.2186,2.2186,2.2186,2.2186,2.2186,2.2186,2.2186
2.2216,2.2216,2.2216,2.2216,2.2216,2.2216,2.2216,2.2216,2.2216,2.2216,2.2216,2.2216,2.2216,2.2216,2.2216,2.2216,2.2216,2.2216,2.2216,2.2216,2.2216,2.2216,2.2216,2.2216,2.2216
2.2246,2.2246,2.2246,2.2246,2.2246,2.2246,2.2246,2.2246,2.2246,2.2246,2.2246,2.1876,2.0672,2.0313,1.3785,2.2246,2.2246,2.2246,2.2246,2.2246,2.2246,2.2246,2.2246,2.2246,2.2246
0.4404,0.4895,0.5508,0.6287,0.709,0.7964,0.8838,0.972,1.0603,1.1486,1.2369,1.3236,1.409,2.2276,2.2276,2.2276,2.2276,2.2276,2.2276,2.2276,2.2276,2.2276,2.2276,2.2276,2.2276
2.2306,2.2306,2.2306,2.2306,2.2306,2.2306,2.2306,2.2306,2.2306,2.2306,2.1439,1.3782,2.2306,2.2306,2.2306,2.2306,2.2306,2.2306,2.2306,2.2306,2.2306,2.2306,2.2306,2.2306,2.2306
2.2337,2.2337,2.2337,2.2337,2.2337,2.2337,2.2337,2.2337,2.2337,2.2337,2.2337,2.2337,2.2337,2.2337,2.2337,2.2337,2.2337,2.2337,2.2337,2.2337,2.2337,2.2337,2.2337,2.2337,2.2337
0.7594,0.844,0.9498,1.084,1.2225,1.3731,1.5239,1.676,1.8282,1.9805,1.957,1.0873,2.2367,2.2367,2.2367,2.2367,2.2367,2.2367,2.2367,2.2367,2.2367,2.2367,2.2367,2.2367,2.2367
2.2398,2.2398,2.2398,2.2398,2.204,2.1151,2.0263,1.9365,1.8468,1.757,1.6672,1.5791,1.4922,1.1718,2.2398,2.2398,2.2398,2.2398,2.2398,2.2398,2.2398,2.2398,2.2398,2.2398,2.2398
0.5057,0.562,0.6325,0.7218,0.8141,0.9144,1.0147,1.1161,1.2174,1.3188,1.4202,1.5197,1.6178,0.8214,1.9106,2.2428,2.2428,2.2428,2.2428,2.2428,2.2428,2.2428,2.2428,2.2428,2.2428
2.2459,2.2459,2.2459,2.2459,2.2459,2.2459,2.2459,2.2459,2.2459,2.2459,2.2459,2.2459,2.2459,2.2459,2.2459,2.2459,2.2459,2.2459,2.2459,2.2459,2.2459,2.2459,2.2459,2.2459,2.2459
2.249,2.249,2.249,2.249,2.249,2.249,2.249,2.249,2.249,2.249,2.249,2.249,2.249,2.249,2.249,1.8462,2.249,2.249,2.249,2.249,2.249,2.249,2.249,2.249,2.249
0.4703,0.5226,0.5882,0.6713,0.757,0.8503,0.9436,1.0379,1.1321,1.2264,1.3207,1.4132,0.7366,2.2521,2.2521,2.2521,2.2521,2.2521,2.2521,2.2521,2.2521,2.2521,2.2521,2.2521,2.2521
2.2552,2.2552,2.2552,2.2552,2.2552,2.1867,2.0949,2.0021,1.9093,1.8165,1.7236,1.6326,0.7868,2.2552,2.2552,2.2552,2.2552,2.2552,2.2552,2.2552,2.2552,2.2552,2.2552,2.2552,2.2552
0.9456,1.0509,1.1826,1.3497,1.5222,1.7097,1.8974,2.0869,2.2583,2.2583,2.2583,2.2583,2.2583,2.2583,2.2583,1.8721,2.2583,2.2583,2.2583,2.2583,2.2583,2.2583,2.2583,2.2583,2.2583
1.6549,1.8391,2.0698,2.2614,2.2614,2.2614,2.2614,2.2614,2.2614,2.2614,2.2614,2.2614,2.2614,2.2614,2.2614,2.2614,2.2614,2.2614,2.2614,2.2614,2.2614,2.2614,2.2614,2.2614,2.2614
2.2645,2.2645,2.2645,2.2645,2.2645,2.2645,2.2645,2.2145,2.1119,2.0092,1.9065,1.8058,1.7064,0.8406,1.781,2.2645,2.2645,2.2645,2.2645,2.2645,2.2645,2.2645,2.2645,2.2645,2.2645
0.439,0.4879,0.549,0.6266,0.7067,0.7937,0.8809,0.9688,1.0568,1.1448,1.2329,1.3192,1.4044,1.3934,2.2677,2.2677,2.2677,2.2677,2.2677,2.2677,2.2677,2.2677,2.2677,2.2677,2.2677
2.2708,2.2708,2.2708,2.2708,2.2708,2.2708,2.2708,2.2708,2.2708,2.2708,1.9798,1.3469,2.2708,2.2708,2.2708,2.2708,2.2708,2.2708,2.2708,2.2708,2.2708,2.2708,2.2708,2.2708,2.2708
2.274,2.274,2.274,2.274,2.274,2.274,2.274,2.274,2.274,2.274,2.274,2.274,2.274,2.274,2.274,2.274,2.274,2.274,2.274,2.274,2.274,2.274,2.274,2.274,2.274
0.5824,0.6472,0.7284,0.8313,0.9375,1.053,1.1686,1.2853,1.402,1.5188,1.6356,1.2944,2.2771,2.2771,2.2771,2.2771,2.2771,2.2771,2.2771,2.2771,2.2771,2.2771,2.2771,2.2771,2.2771
2.2803,2.2803,2.2695,2.1935,2.1152,2.0299,1.9446,1.8585,1.7724,1.6862,1.6,1.5155,1.4321,2.2803,2.2803,2.2803,2.2803,2.2803,2.2803,2.2803,2.2803,2.2803,2.2803,2.2803,2.2803
0.5833,0.6482,0.7295,0.8326,0.9389,1.0546,1.1704,1.2873,1.4041,1.5211,1.6381,1.7528,1.866,1.8998,1.395,2.2835,2.2835,2.2835,2.2835,2.2835,2.2835,2.2835,2.2835,2.2835,2.2835
2.2867,2.2867,2.2867,2.2867,2.2867,2.2867,2.2867,2.2867,2.2867,2.2867,2.2867,2.2867,2.2867,2.2867,2.2867,2.2867,2.2867,2.2867,2.2867,2.2867,2.2867,2.2867,2.2867,2.2867,2.2867
2.2899,2.2899,2.2899,2.2899,2.2899,2.2899,2.2899,2.2899,2.2899,2.2899,2.2899,2.2899,2.2899,2.2899,1.1893,2.0713,2.2899,2.2899,2.2899,2.2899,2.2899,2.2899,2.2899,2.2899,2.2899
0.4339,0.4822,0.5427,0.6194,0.6985,0.7846,0.8707,0.9576,1.0446,1.1316,1.2186,1.304,1.0078,2.2931,2.2931,2.2931,2.2931,2.2931,2.2931,2.2931,2.2931,2.2931,2.2931,2.2931,2.2931
2.2963,2.2963,2.2963,2.2963,2.2963,2.2963,2.2928,2.1912,2.0897,1.9881,1.8864,1.6061,2.2963,2.2963,2.2963,2.2963,2.2963,2.2963,2.2963,2.2963,2.2963,2.2963,2.2963,2.2963,2.2963
1.6565,1.8409,2.0717,2.2995,2.2995,2.2995,2.2995,2.2995,2.2995,2.2995,2.2995,2.2995,2.2995,2.2995,2.2995,2.2995,2.2995,2.2995,2.2995,2.2995,2.2995,2.2995,2.2995,2.2995,2.2995
0.9197,1.0221,1.1503,1.3128,1.4805,1.6629,1.8454,2.0297,2.214,2.3027,1.7521,1.2621,2.3027,2.3027,2.3027,2.3027,2.3027,2.3027,2.3027,2.3027,2.3027,2.3027,2.3027,2.3027,2.3027
2.306,2.306,2.306,2.306,2.2261,2.1364,2.0467,1.956,1.8654,1.7747,1.684,1.595,1.5072,0.7425,2.306,2.306,2.306,2.306,2.306,2.306,2.306,2.306,2.306,2.306,2.306
0.4599,0.5111,0.5751,0.6564,0.7403,0.8315,0.9227,1.0149,1.107,1.1992,1.2915,1.3819,1.4712,0.7469,2.3092,2.3092,2.3092,2.3092,2.3092,2.3092,2.3092,2.3092,2.3092,2.3092,2.3092
2.3125,2.3125,2.3125,2.3125,2.3125,2.3125,2.3125,2.3125,2.3125,2.3125,2.3125,2.3125,2.3125,2.3125,2.3125,2.3125,2.3125,2.3125,2.3125,2.3125,2.3125,2.3125,2.3125,2.3125,2.3125
2.3158,2.3158,2.3158,2.3158,2.3158,2.3158,2.3158,2.3158,2.3158,2.3158,2.3158,2.3158,2.3158,2.3158,2.3158,2.3158,2.3158,2.3158,2.3158,2.3158,2.3158,2.3158,2.3158,2.3158,2.3158
0.4883,0.5426,0.6107,0.697,0.786,0.8828,0.9797,1.0776,1.1754,1.2733,1.3713,1.4673,0.7648,2.319,2.319,2.319,2.319,2.319,2.319,2.319,2.319,2.319,2.319,2.319,2.319
2.3223,2.3223,2.2855,2.209,2.1301,2.0442,1.9583,1.8716,1.7849,1.6981,1.6113,1.5262,0.7892,2.3223,2.3223,2.3223,2.3223,2.3223,2.3223,2.3223,2.3223,2.3223,2.3223,2.3223,2.3223
0.7361,0.818,0.9206,1.0506,1.1849,1.3309,1.4769,1.6244,1.7719,1.9195,2.0672,2.2119,2.3256,2.3256,1.1602,1.974,2.3256,2.3256,2.3256,2.3256,2.3256,2.3256,2.3256,2.3256,2.3256
2.3289,2.3289,2.3289,2.3289,2.3289,2.3289,2.3289,2.3289,2.3289,2.3289,2.3289,2.3289,2.3289,2.3289,2.3289,2.3289,2.3289,2.3289,2.3289,2.3289,2.3289,2.3289,2.3289,2.3289,2.3289
2.3322,2.3322,2.3322,2.3322,2.3322,2.3322,2.3322,2.3322,2.2656,2.1554,2.0452,1.9372,1.8306,1.7988,1.4414,2.3322,2.3322,2.3322,2.3322,2.3322,2.3322,2.3322,2.3322,2.3322,2.3322
0.4207,0.4676,0.5262,0.6006,0.6773,0.7607,0.8442,0.9285,1.0128,1.0972,1.1816,1.2644,1.346,2.3356,2.3356,2.3356,2.3356,2.3356,2.3356,2.3356,2.3356,2.3356,2.3356,2.3356,2.3356
2.3389,2.3389,2.3389,2.3389,2.3389,2.3389,2.3389,2.3389,2.3389,2.3291,2.1658,1.2033,2.3389,2.3389,2.3389,2.3389,2.3389,2.3389,2.3389,2.3389,2.3389,2.3389,2.3389,2.3389,2.3389
2.3422,2.3422,2.3422,2.3422,2.3422,2.3422,2.3422,2.3422,2.3422,2.3422,2.3422,2.3422,2.3422,2.3422,2.3422,2.3422,2.3422,2.3422,2.3422,2.3422,2.3422,2.3422,2.3422,2.3422,2.3422
0.6518,0.7244,0.8152,0.9304,1.0492,1.1785,1.3079,1.4385,1.5691,1.6998,1.8305,1.1075,2.3456,2.3456,2.3456,2.3456,2.3456,2.3456,2.3456,2.3456,2.3456,2.3456,2.3456,2.3456,2.3456
2.3336,2.2866,2.2278,2.1533,2.0764,1.9927,1.909,1.8244,1.7399,1.6553,1.5707,1.4877,1.4058,1.8157,2.349,2.349,2.349,2.349,2.349,2.349,2.349,2.349,2.349,2.349,2.349
0.5097,0.5664,0.6375,0.7275,0.8205,0.9216,1.0227,1.1249,1.227,1.3292,1.4315,1.5317,1.6306,0.8279,1.6046,2.3523,2.3523,2.3523,2.3523,2.3523,2.3523,2.3523,2.3523,2.3523,2.3523
2.3557,2.3557,2.3557,2.3557,2.3557,2.3557,2.3557,2.3557,2.3557,2.3557,2.3557,2.3557,2.3557,2.3557,2.3557,2.3557,2.3557,2.3557,2.3557,2.3557,2.3557,2.3557,2.3557,2.3557,2.3557
2.3591,2.3591,2.3591,2.3591,2.3591,2.3591,2.3591,2.3591,2.3591,2.3591,2.3591,2.3591,2.3591,2.3591,2.3591,1.8435,2.3591,2.3591,2.3591,2.3591,2.3591,2.3591,2.3591,2.3591,2.3591
0.4365,0.4851,0.546,0.6231,0.7027,0.7893,0.8759,0.9634,1.0509,1.1384,1.226,1.3118,0.6837,2.3625,2.3625,2.3625,2.3625,2.3625,2.3625,2.3625,2.3625,2.3625,2.3625,2.3625,2.3625
2.3659,2.3659,2.3659,2.3396,2.2561,2.1651,2.0742,1.9823,1.8905,1.7985,1.7066,1.6164,0.779,2.3659,2.3659,2.3659,2.3659,2.3659,2.3659,2.3659,2.3659,2.3659,2.3659,2.3659,2.3659
1.0814,1.2017,1.3524,1.5435,1.7407,1.9552,2.1698,2.3693,2.3693,2.3693,2.3693,2.3693,2.3693,2.3693,2.3693,1.7237,2.3693,2.3693,2.3693,2.3693,2.3693,2.3693,2.3693,2.3693,2.3693
1.2174,1.3529,1.5226,1.7377,1.9597,2.2012,2.3728,2.3728,2.3728,2.3234,1.6087,2.3728,2.3728,2.3728,2.3728,2.3728,2.3728,2.3728,2.3728,2.3728,2.3728,2.3728,2.3728,2.3728,2.3728
2.3762,2.3762,2.3762,2.3762,2.3,2.2073,2.1146,2.021,1.9273,1.8336,1.7399,1.648,1.5573,0.7671,1.9682,2.3762,2.3762,2.3762,2.3762,2.3762,2.3762,2.3762,2.3762,2.3762,2.3762
0.4281,0.4757,0.5354,0.611,0.6891,0.774,0.8589,0.9447,1.0305,1.1163,1.2022,1.2864,1.3695,0.9154,2.3797,2.3797,2.3797,2.3797,2.3797,2.3797,2.3797,2.3797,2.3797,2.3797,2.3797
2.3831,2.3831,2.3831,2.3831,2.3831,2.3831,2.3831,2.3831,2.3831,2.3831,1.7891,2.3831,2.3831,2.3831,2.3831,2.3831,2.3831,2.3831,2.3831,2.3831,2.3831,2.3831,2.3831,2.3831,2.3831
2.3866,2.3866,2.3866,2.3866,2.3866,2.3866,2.3866,2.3866,2.3866,2.3866,2.3866,2.3866,2.3866,2.3866,2.3866,2.3866,2.3866,2.3866,2.3866,2.3866,2.3866,2.3866,2.3866,2.3866,2.3866
0.5204,0.5784,0.6509,0.7429,0.8378,0.941,1.0443,1.1486,1.2528,1.3572,1.4616,1.3684,2.3901,2.3901,2.3901,2.3901,2.3901,2.3901,2.3901,2.3901,2.3901,2.3901,2.3901,2.3901,2.3901
2.2856,2.2396,2.182,2.109,2.0337,1.9517,1.8697,1.7869,1.7041,1.6212,1.5384,1.4571,1.3769,2.3936,2.3936,2.3936,2.3936,2.3936,2.3936,2.3936,2.3936,2.3936,2.3936,2.3936,2.3936
0.6071,0.6747,0.7593,0.8665,0.9772,1.0977,1.2181,1.3398,1.4614,1.5832,1.7049,1.8243,1.9422,1.9773,1.2305,2.143,2.3971,2.3971,2.3971,2.3971,2.3971,2.3971,2.3971,2.3971,2.3971
2.4006,2.4006,2.4006,2.4006,2.4006,2.4006,2.4006,2.4006,2.4006,2.4006,2.4006,2.4006,2.4006,2.4006,2.4006,2.4006,2.4006,2.4006,2.4006,2.4006,2.4006,2.4006,2.4006,2.4006,2.4006
2.4041,2.4041,2.4041,2.4041,2.4041,2.4041,2.4041,2.4041,2.4041,2.3898,2.2676,2.1478,2.0296,1.9943,1.2218,2.1279,2.4041,2.4041,2.4041,2.4041,2.4041,2.4041,2.4041,2.4041,2.4041
0.4115,0.4573,0.5146,0.5873,0.6623,0.744,0.8256,0.9081,0.9905,1.073,1.1555,1.2365,1.3163,2.4076,2.4076,2.4076,2.4076,2.4076,2.4076,2.4076,2.4076,2.4076,2.4076,2.4076,2.4076
2.4112,2.4112,2.4112,2.4112,2.4112,2.4112,2.3292,2.2261,2.1229,2.0197,1.9164,1.3679,2.4112,2.4112,2.4112,2.4112,2.4112,2.4112,2.4112,2.4112,2.4112,2.4112,2.4112,2.4112,2.4112
2.3136,2.4147,2.4147,2.4147,2.4147,2.4147,2.4147,2.4147,2.4147,2.4147,2.4147,2.4147,2.4147,2.4147,2.4147,2.4147,2.4147,2.4147,2.4147,2.4147,2.4147,2.4147,2.4147,2.4147,2.4147
0.764,0.849,0.9555,1.0904,1.2297,1.3813,1.5329,1.686,1.839,1.9922,1.7625,1.0483,2.4183,2.4183,2.4183,2.4183,2.4183,2.4183,2.4183,2.4183,2.4183,2.4183,2.4183,2.4183,2.4183
2.338,2.291,2.2321,2.1574,2.0803,1.9964,1.9126,1.8279,1.7432,1.6584,1.5736,1.4905,1.4085,0.8855,2.4219,2.4219,2.4219,2.4219,2.4219,2.4219,2.4219,2.4219,2.4219,2.4219,2.4219
0.4585,0.5095,0.5734,0.6545,0.7381,0.829,0.92,1.0119,1.1037,1.1957,1.2877,1.3778,1.4668,0.7447,1.9555,2.4255,2.4255,2.4255,2.4255,2.4255,2.4255,2.4255,2.4255,2.4255,2.4255
2.4291,2.4291,2.4291,2.4291,2.4291,2.4291,2.4291,2.4291,2.4291,2.4291,2.4291,2.4291,2.4291,2.4291,2.4291,2.4291,2.4291,2.4291,2.4291,2.4291,2.4291,2.4291,2.4291,2.4291,2.4291
2.4327,2.4327,2.4327,2.4327,2.4327,2.4327,2.4327,2.4327,2.4327,2.4327,2.4327,2.4327,2.4327,2.4327,2.4327,1.8267,2.4013,2.4327,2.4327,2.4327,2.4327,2.4327,2.4327,2.4327,2.4327
0.4489,0.4988,0.5614,0.6407,0.7225,0.8116,0.9006,0.9906,1.0805,1.1705,1.2606,1.3489,0.703,2.4363,2.4363,2.4363,2.4363,2.4363,2.4363,2.4363,2.4363,2.4363,2.4363,2.4363,2.4363
2.3494,2.3021,2.2429,2.1679,2.0904,2.0062,1.9219,1.8368,1.7517,1.6665,1.5813,1.4978,0.7218,2.4399,2.4399,2.4399,2.4399,2.4399,2.4399,2.4399,2.4399,2.4399,2.4399,2.4399,2.4399
0.8044,0.894,1.0061,1.1482,1.2949,1.4545,1.6141,1.7753,1.9365,2.0978,2.2592,2.4174,2.4435,2.4435,1.268,1.7977,2.4435,2.4435,2.4435,2.4435,2.4435,2.4435,2.4435,2.4435,2.4435
1.9071,2.1194,2.3851,2.4472,2.4472,2.4472,2.4472,2.4472,2.4472,2.1816,2.4472,2.4472,2.4472,2.4472,2.4472,2.4472,2.4472,2.4472,2.4472,2.4472,2.4472,2.4472,2.4472,2.4472,2.4472
2.4509,2.4509,2.4509,2.4509,2.4364,2.3382,2.24,2.1408,2.0416,1.9423,1.843,1.7457,1.6496,0.8126,1.5415,2.4509,2.4509,2.4509,2.4509,2.4509,2.4509,2.4509,2.4509,2.4509,2.4509
0.407,0.4523,0.5091,0.581,0.6552,0.736,0.8167,0.8983,0.9798,1.0615,1.1431,1.2232,1.3022,1.824,2.4545,2.4545,2.4545,2.4545,2.4545,2.4545,2.4545,2.4545,2.4545,2.4545,2.4545
2.4582,2.4582,2.4582,2.4582,2.4582,2.4582,2.4582,2.4582,2.4582,2.4482,1.9282,1.1815,2.4582,2.4582,2.4582,2.4582,2.4582,2.4582,2.4582,2.4582,2.4582,2.4582,2.4582,2.4582,2.4582
2.4619,2.4619,2.4619,2.4619,2.4619,2.4619,2.4619,2.4619,2.4619,2.4619,2.4619,2.4619,2.4619,2.4619,2.4619,2.4619,2.4619,2.4619,2.4619,2.4619,2.4619,2.4619,2.4619,2.4619,2.4619
0.572,0.6357,0.7154,0.8165,0.9208,1.0343,1.1478,1.2624,1.3771,1.4918,1.6065,1.1477,2.4656,2.4656,2.4656,2.4656,2.4656,2.4656,2.4656,2.4656,2.4656,2.4656,2.4656,2.4656,2.4656
2.2264,2.1816,2.1255,2.0544,1.981,1.9011,1.8213,1.7406,1.66,1.5792,1.4985,1.4193,1.3412,2.4693,2.4693,2.4693,2.4693,2.4693,2.4693,2.4693,2.4693,2.4693,2.4693,2.4693,2.4693
0.5219,0.58,0.6528,0.745,0.8402,0.9437,1.0473,1.1518,1.2564,1.3611,1.4658,1.5684,1.6697,1.6999,1.3839,2.4102,2.4731,2.4731,2.4731,2.4731,2.4731,2.4731,2.4731,2.4731,2.4731
2.4768,2.4768,2.4768,2.4768,2.4768,2.4768,2.4768,2.4768,2.4768,2.4768,2.4768,2.4768,2.4768,2.4768,2.4768,2.4768,2.4768,2.4768,2.4768,2.4768,2.4768,2.4768,2.4768,2.4768,2.4768
2.4805,2.4805,2.4805,2.4805,2.4805,2.4805,2.4805,2.4805,2.4805,2.4805,2.4805,2.4805,2.3466,2.3059,1.1898,1.868,2.4805,2.4805,2.4805,2.4805,2.4805,2.4805,2.4805,2.4805,2.4805
0.4105,0.4562,0.5134,0.586,0.6608,0.7423,0.8237,0.906,0.9883,1.0706,1.1529,1.2337,0.7308,2.4843,2.4843,2.4843,2.4843,2.4843,2.4843,2.4843,2.4843,2.4843,2.4843,2.4843,2.4843
2.4881,2.4881,2.43,2.3487,2.2648,2.1735,2.0822,1.99,1.8978,1.8055,1.7132,1.6227,0.782,2.4881,2.4881,2.4881,2.4881,2.4881,2.4881,2.4881,2.4881,2.4881,2.4881,2.4881,2.4881
1.3037,1.4488,1.6305,1.8608,2.0985,2.3571,2.4919,2.4919,2.4919,2.4919,2.4919,2.4919,2.4919,2.4919,2.4919,2.4919,2.2936,2.4919,2.4919,2.4919,2.4919,2.4919,2.4919,2.4919,2.4919
0.9567,1.0631,1.1965,1.3655,1.5399,1.7297,1.9196,2.1112,2.3029,2.3127,1.6013,2.4957,2.4957,2.4957,2.4957,2.4957,2.4957,2.4957,2.4957,2.4957,2.4957,2.4957,2.4957,2.4957,2.4957
2.3926,2.3444,2.2842,2.2077,2.1288,2.043,1.9572,1.8705,1.7839,1.6971,1.6104,1.5253,1.4413,0.71,2.2586,2.4995,2.4995,2.4995,2.4995,2.4995,2.4995,2.4995,2.4995,2.4995,2.4995
0.4227,0.4698,0.5287,0.6034,0.6805,0.7643,0.8482,0.9329,1.0177,1.1024,1.1872,1.2704,1.3524,0.6866,2.5033,2.5033,2.5033,2.5033,2.5033,2.5033,2.5033,2.5033,2.5033,2.5033,2.5033
2.5071,2.5071,2.5071,2.5071,2.5071,2.5071,2.5071,2.5071,2.5071,2.3703,1.7782,2.5071,2.5071,2.5071,2.5071,2.5071,2.5071,2.5071,2.5071,2.5071,2.5071,2.5071,2.5071,2.5071,2.5071
2.511,2.511,2.511,2.511,2.511,2.511,2.511,2.511,2.511,2.511,2.511,2.511,2.511,2.511,2.511,2.511,2.511,2.511,2.511,2.511,2.511,2.511,2.511,2.511,2.511
0.4727,0.5253,0.5911,0.6747,0.7608,0.8546,0.9484,1.0431,1.1378,1.2326,1.3274,1.4204,0.7403,2.5148,2.5148,2.5148,2.5148,2.5148,2.5148,2.5148,2.5148,2.5148,2.5148,2.5148,2.5148
2.2243,2.1796,2.1235,2.0525,1.9792,1.8994,1.8196,1.739,1.6584,1.5778,1.4971,1.418,0.9632,2.5187,2.5187,2.5187,2.5187,2.5187,2.5187,2.5187,2.5187,2.5187,2.5187,2.5187,2.5187
0.6447,0.7165,0.8063,0.9203,1.0378,1.1657,1.2937,1.4229,1.552,1.6813,1.8107,1.9375,2.0626,2.0999,1.1049,1.9243,2.5226,2.5226,2.5226,2.5226,2.5226,2.5226,2.5226,2.5226,2.5226
2.5264,2.5264,2.5264,2.5264,2.5264,2.5264,2.5264,2.5264,2.5264,2.5264,2.5264,2.5264,2.5264,2.5264,2.5264,2.5264,2.5264,2.5264,2.5264,2.5264,2.5264,2.5264,2.5264,2.5264,2.5264
2.5303,2.5303,2.5303,2.5303,2.5303,2.5303,2.4423,2.3341,2.226,2.1177,2.0095,1.9033,1.7986,1.7673,1.2776,2.2251,2.5303,2.5303,2.5303,2.5303,2.5303,2.5303,2.5303,2.5303,2.5303
0.3949,0.4388,0.4939,0.5636,0.6356,0.714,0.7923,0.8714,0.9506,1.0297,1.109,1.1866,1.2633,2.5343,2.5343,2.5343,2.5343,2.5343,2.5343,2.5343,2.5343,2.5343,2.5343,2.5343,2.5343
2.5382,2.5382,2.5382,2.5382,2.5382,2.5097,2.4042,2.2978,2.1913,2.0847,1.9782,1.1932,2.5382,2.5382,2.5382,2.5382,2.5382,2.5382,2.5382,2.5382,2.5382,2.5382,2.5382,2.5382,2.5382
2.5421,2.5421,2.5421,2.5421,2.5421,2.5421,2.5421,2.5421,2.5421,2.5421,2.5421,2.5421,2.5421,2.5421,2.5421,2.5421,2.5421,2.5421,2.5421,2.5421,2.5421,2.5421,2.5421,2.5421,2.5421
0.6534,0.7261,0.8171,0.9326,1.0517,1.1813,1.311,1.4419,1.5728,1.7038,1.7991,0.9996,2.5461,2.5461,2.5461,2.5461,2.5461,2.5461,2.5461,2.5461,2.5461,2.5461,2.5461,2.5461,2.5461
2.212,2.1675,2.1118,2.0411,1.9682,1.8888,1.8095,1.7294,1.6492,1.569,1.4888,1.4102,1.3326,1.2327,2.55,2.55,2.55,2.55,2.55,2.55,2.55,2.55,2.55,2.55,2.55
0.4634,0.515,0.5796,0.6615,0.746,0.8379,0.9299,1.0227,1.1156,1.2085,1.3015,1.3926,1.4826,0.7527,1.6303,2.554,2.554,2.554,2.554,2.554,2.554,2.554,2.554,2.554,2.554
2.558,2.558,2.558,2.558,2.558,2.558,2.558,2.558,2.558,2.558,2.558,2.558,2.558,2.558,2.558,2.558,2.558,2.558,2.558,2.558,2.558,2.558,2.558,2.558,2.558
2.562,2.562,2.562,2.562,2.562,2.562,2.562,2.562,2.562,2.562,2.562,2.562,2.562,2.562,2.562,1.6871,2.4056,2.562,2.562,2.562,2.562,2.562,2.562,2.562,2.562
0.4181,0.4647,0.5229,0.5968,0.6731,0.756,0.839,0.9228,1.0066,1.0904,1.1743,1.2565,0.6549,2.566,2.566,2.566,2.566,2.566,2.566,2.566,2.566,2.566,2.566,2.566,2.566
2.3344,2.2874,2.2286,2.154,2.0771,1.9934,1.9096,1.8251,1.7405,1.6559,1.5712,1.4882,0.7172,2.57,2.57,2.57,2.57,2.57,2.57,2.57,2.57,2.57,2.57,2.57,2.57
0.9078,1.0089,1.1354,1.2958,1.4614,1.6415,1.8216,2.0035,2.1854,2.3675,2.5496,2.5741,2.5741,2.5741,2.5741,1.6603,2.3674,2.5741,2.5741,2.5741,2.5741,2.5741,2.5741,2.5741,2.5741
1.3366,1.4854,1.6717,1.9079,2.1516,2.4168,2.5781,2.5781,2.5781,2.1511,1.5713,2.5781,2.5781,2.5781,2.5781,2.5781,2.5781,2.5781,2.5781,2.5781,2.5781,2.5781,2.5781,2.5781,2.5781
2.5051,2.4546,2.3915,2.3115,2.2289,2.1391,2.0492,1.9585,1.8677,1.7769,1.6861,1.597,1.5091,0.7434,1.6909,2.5822,2.5822,2.5822,2.5822,2.5822,2.5822,2.5822,2.5822,2.5822,2.5822
0.3984,0.4428,0.4983,0.5687,0.6413,0.7204,0.7994,0.8793,0.9591,1.039,1.1189,1.1973,1.2746,1.0691,2.5863,2.5863,2.5863,2.5863,2.5863,2.5863,2.5863,2.5863,2.5863,2.5863,2.5863
2.5904,2.5904,2.5904,2.5904,2.5904,2.5904,2.5904,2.5904,2.5904,2.5207,1.7453,1.2685,2.5904,2.5904,2.5904,2.5904,2.5904,2.5904,2.5904,2.5904,2.5904,2.5904,2.5904,2.5904,2.5904
2.5945,2.5945,2.5945,2.5945,2.5945,2.5945,2.5945,2.5945,2.5945,2.5945,2.5945,2.5945,2.5945,2.5945,2.5945,2.5945,2.5945,2.5945,2.5945,2.5945,2.5945,2.5945,2.5945,2.5945,2.5945
0.5115,0.5684,0.6397,0.73,0.8233,0.9247,1.0262,1.1287,1.2312,1.3338,1.4364,1.2114,2.5986,2.5986,2.5986,2.5986,2.5986,2.5986,2.5986,2.5986,2.5986,2.5986,2.5986,2.5986,2.5986
2.1487,2.1055,2.0514,1.9827,1.9119,1.8348,1.7577,1.6799,1.6021,1.5242,1.4462,1.3698,1.2944,2.6027,2.6027,2.6027,2.6027,2.6027,2.6027,2.6027,2.6027,2.6027,2.6027,2.6027,2.6027
0.5432,0.6036,0.6793,0.7753,0.8744,0.9821,1.0899,1.1987,1.3076,1.4165,1.5255,1.6323,1.7377,1.7691,1.2195,2.1239,2.6068,2.6068,2.6068,2.6068,2.6068,2.6068,2.6068,2.6068,2.6068
2.611,2.611,2.611,2.611,2.611,2.611,2.611,2.611,2.611,2.611,2.611,2.611,2.611,2.611,2.611,2.611,2.611,2.611,2.611,2.611,2.611,2.611,2.611,2.611,2.611
2.6152,2.6152,2.6152,2.6152,2.6152,2.6152,2.6152,2.6152,2.5144,2.3921,2.2698,2.1499,2.0316,1.9963,1.103,1.921,2.6152,2.6152,2.6152,2.6152,2.6152,2.6152,2.6152,2.6152,2.6152
0.3906,0.4341,0.4886,0.5576,0.6288,0.7063,0.7838,0.8621,0.9404,1.0187,1.0971,1.1739,1.1138,2.6193,2.6193,2.6193,2.6193,2.6193,2.6193,2.6193,2.6193,2.6193,2.6193,2.6193,2.6193
2.5903,2.5382,2.4729,2.3902,2.3048,2.2119,2.119,2.0251,1.9313,1.8374,1.7435,1.3859,2.6235,2.6235,2.6235,2.6235,2.6235,2.6235,2.6235,2.6235,2.6235,2.6235,2.6235,2.6235,2.6235
1.7024,1.8919,2.1292,2.43,2.6277,2.6277,2.6277,2.6277,2.6277,2.6277,2.6277,2.6277,2.6277,2.6277,2.6277,2.6277,2.6277,2.6277,2.6277,2.6277,2.6277,2.6277,2.6277,2.6277,2.6277
0.7859,0.8734,0.9829,1.1218,1.2651,1.421,1.577,1.7345,1.8919,2.0496,1.6144,1.0785,2.632,2.632,2.632,2.632,2.632,2.632,2.632,2.632,2.632,2.632,2.632,2.632,2.632
2.2424,2.1973,2.1408,2.0692,1.9953,1.9148,1.8344,1.7532,1.6719,1.5906,1.5093,1.4296,1.3509,0.7048,2.6362,2.6362,2.6362,2.6362,2.6362,2.6362,2.6362,2.6362,2.6362,2.6362,2.6362
0.4226,0.4696,0.5285,0.6032,0.6802,0.7641,0.8479,0.9326,1.0173,1.102,1.1868,1.2699,1.3519,0.6864,2.0533,2.6405,2.6405,2.6405,2.6405,2.6405,2.6405,2.6405,2.6405,2.6405,2.6405
2.6447,2.6447,2.6447,2.6447,2.6447,2.6447,2.6447,2.6447,2.6447,2.242,2.6447,2.6447,2.6447,2.6447,2.6447,2.6447,2.6447,2.6447,2.6447,2.6447,2.6447,2.6447,2.6447,2.6447,2.6447
2.649,2.649,2.649,2.649,2.649,2.649,2.649,2.649,2.649,2.649,2.649,2.649,2.649,2.649,2.649,2.649,2.226,2.649,2.649,2.649,2.649,2.649,2.649,2.649,2.649
0.4354,0.4838,0.5445,0.6214,0.7008,0.7872,0.8736,0.9608,1.048,1.1354,1.2227,1.3083,0.6819,2.6533,2.6533,2.6533,2.6533,2.6533,2.6533,2.6533,2.6533,2.6533,2.6533,2.6533,2.6533
2.1895,2.1455,2.0903,2.0204,1.9482,1.8697,1.7911,1.7118,1.6325,1.5531,1.4737,1.3959,0.6727,2.6576,2.6576,2.6576,2.6576,2.6576,2.6576,2.6576,2.6576,2.6576,2.6576,2.6576,2.6576
0.7003,0.7783,0.8759,0.9997,1.1274,1.2663,1.4053,1.5456,1.6859,1.8264,1.9668,2.1046,2.2405,2.281,1.1039,1.7547,2.502,2.6619,2.6619,2.6619,2.6619,2.6619,2.6619,2.6619,2.6619
2.3626,2.6256,2.6662,2.6662,2.6662,2.6662,2.6662,2.6662,2.6662,2.6662,2.6662,2.6662,2.6662,2.6662,2.6662,2.6662,2.6662,2.6662,2.6662,2.6662,2.6662,2.6662,2.6662,2.6662,2.6662
2.6706,2.6372,2.5694,2.4834,2.3947,2.2982,2.2016,2.1041,2.0066,1.909,1.8115,1.7158,1.6213,1.5932,1.3618,2.3717,2.6706,2.6706,2.6706,2.6706,2.6706,2.6706,2.6706,2.6706,2.6706
0.3832,0.4258,0.4792,0.5469,0.6168,0.6928,0.7689,0.8457,0.9224,0.9993,1.0761,1.1515,1.2259,2.6749,2.6749,2.6749,2.6749,2.6749,2.6749,2.6749,2.6749,2.6749,2.6749,2.6749,2.6749
2.6793,2.6793,2.6793,2.6793,2.6793,2.6341,2.5235,2.4117,2.3,2.1881,1.9101,1.0613,2.6793,2.6793,2.6793,2.6793,2.6793,2.6793,2.6793,2.6793,2.6793,2.6793,2.6793,2.6793,2.6793
2.6837,2.6837,2.6837,2.6837,2.6837,2.6837,2.6837,2.6837,2.6837,2.6837,2.6837,2.6837,2.6837,2.6837,2.6837,2.6837,2.6837,2.6837,2.6837,2.6837,2.6837,2.6837,2.6837,2.6837,2.6837
0.5719,0.6355,0.7152,0.8163,0.9206,1.034,1.1475,1.2621,1.3767,1.4913,1.6061,1.0357,2.6881,2.6881,2.6881,2.6881,2.6881,2.6881,2.6881,2.6881,2.6881,2.6881,2.6881,2.6881,2.6881
2.1165,2.0739,2.0206,1.953,1.8832,1.8073,1.7314,1.6547,1.578,1.5013,1.4245,1.3493,1.275,2.1727,2.6925,2.6925,2.6925,2.6925,2.6925,2.6925,2.6925,2.6925,2.6925,2.6925,2.6925
0.4749,0.5277,0.5939,0.6778,0.7644,0.8586,0.9528,1.048,1.1431,1.2384,1.3336,1.427,1.5192,0.7713,1.3987,2.436,2.697,2.697,2.697,2.697,2.697,2.697,2.697,2.697,2.697
2.7014,2.7014,2.7014,2.7014,2.7014,2.7014,2.7014,2.7014,2.7014,2.7014,2.7014,2.7014,2.7014,2.7014,2.7014,2.7014,2.7014,2.7014,2.7014,2.7014,2.7014,2.7014,2.7014,2.7014,2.7014
2.7059,2.7059,2.7059,2.7059,2.7059,2.7059,2.7059,2.7059,2.7059,2.7059,2.6861,2.5442,2.4042,2.3624,1.219,1.7118,2.4409,2.7059,2.7059,2.7059,2.7059,2.7059,2.7059,2.7059,2.7059
0.3942,0.4381,0.493,0.5626,0.6345,0.7127,0.7909,0.8699,0.9489,1.0279,1.107,1.1845,0.6174,2.7103,2.7103,2.7103,2.7103,2.7103,2.7103,2.7103,2.7103,2.7103,2.7103,2.7103,2.7103
2.3476,2.3004,2.2413,2.1663,2.0889,2.0047,1.9204,1.8354,1.7504,1.6653,1.5801,1.4966,0.7213,2.7148,2.7148,2.7148,2.7148,2.7148,2.7148,2.7148,2.7148,2.7148,2.7148,2.7148,2.7148
1.068,1.1869,1.3357,1.5244,1.7192,1.931,2.1429,2.3569,2.5709,2.7193,2.7193,2.7193,2.7193,2.7193,2.7193,1.668,2.2139,2.7193,2.7193,2.7193,2.7193,2.7193,2.7193,2.7193,2.7193
1.0223,1.1361,1.2785,1.4592,1.6456,1.8483,2.0512,2.256,2.4609,2.1456,1.4856,2.7239,2.7239,2.7239,2.7239,2.7239,2.7239,2.7239,2.7239,2.7239,2.7239,2.7239,2.7239,2.7239,2.7239
2.3223,2.2756,2.2171,2.1429,2.0663,1.983,1.8997,1.8156,1.7315,1.6473,1.5631,1.4805,1.399,0.6892,1.913,2.7284,2.7284,2.7284,2.7284,2.7284,2.7284,2.7284,2.7284,2.7284,2.7284
0.3944,0.4383,0.4932,0.5629,0.6348,0.713,0.7913,0.8703,0.9493,1.0284,1.1075,1.1851,1.2616,0.7475,2.7329,2.7329,2.7329,2.7329,2.7329,2.7329,2.7329,2.7329,2.7329,2.7329,2.7329
2.7375,2.7375,2.7375,2.7375,2.7375,2.7375,2.7375,2.7375,2.7375,2.3145,1.6025,2.7375,2.7375,2.7375,2.7375,2.7375,2.7375,2.7375,2.7375,2.7375,2.7375,2.7375,2.7375,2.7375,2.7375
2.7421,2.7421,2.7421,2.7421,2.7421,2.7421,2.7421,2.7421,2.7421,2.7421,2.7421,2.7421,2.7421,2.7421,2.7421,2.7421,2.7421,2.7421,2.7421,2.7421,2.7421,2.7421,2.7421,2.7421,2.7421
0.4646,0.5163,0.581,0.6631,0.7478,0.84,0.9322,1.0253,1.1184,1.2115,1.3047,1.3047,2.7467,2.7467,2.7467,2.7467,2.7467,2.7467,2.7467,2.7467,2.7467,2.7467,2.7467,2.7467,2.7467
2.0963,2.0541,2.0013,1.9343,1.8652,1.79,1.7148,1.6389,1.563,1.4869,1.4109,1.3364,1.2628,2.7513,2.7513,2.7513,2.7513,2.7513,2.7513,2.7513,2.7513,2.7513,2.7513,2.7513,2.7513
0.5752,0.6392,0.7194,0.821,0.9259,1.04,1.1542,1.2694,1.3847,1.5,1.6154,1.7285,1.8402,1.8735,1.0941,1.9054,2.7169,2.7559,2.7559,2.7559,2.7559,2.7559,2.7559,2.7559,2.7559
2.7606,2.7606,2.7606,2.7606,2.7606,2.7606,2.7606,2.7606,2.7606,2.7606,2.7606,2.7606,2.7606,2.7606,2.7606,2.7606,2.7606,2.7606,2.7606,2.7606,2.7606,2.7606,2.7606,2.7606,2.7606
2.7652,2.7652,2.7652,2.751,2.6527,2.5458,2.4388,2.3308,2.2228,2.1147,2.0066,1.9006,1.796,1.7648,1.1518,2.006,2.7652,2.7652,2.7652,2.7652,2.7652,2.7652,2.7652,2.7652,2.7652
0.3758,0.4176,0.47,0.5364,0.6049,0.6794,0.754,0.8293,0.9046,0.9799,1.0553,1.1292,1.2021,2.7699,2.7699,2.7699,2.7699,2.7699,2.7699,2.7699,2.7699,2.7699,2.7699,2.7699,2.7699
2.673,2.6192,2.5518,2.4664,2.3783,2.2825,2.1866,2.0897,1.9929,1.896,1.7991,1.2034,2.7746,2.7746,2.7746,2.7746,2.7746,2.7746,2.7746,2.7746,2.7746,2.7746,2.7746,2.7746,2.7746
2.5728,2.7793,2.7793,2.7793,2.7793,2.7793,2.7793,2.7793,2.7793,2.7793,2.7793,2.7793,2.7793,2.7793,2.7793,2.7793,2.7793,2.7793,2.7793,2.7793,2.7793,2.7793,2.7793,2.7793,2.7793
0.667,0.7413,0.8342,0.9521,1.0737,1.206,1.3384,1.4721,1.6057,1.7395,1.6487,0.916,2.784,2.784,2.784,2.784,2.784,2.784,2.784,2.784,2.784,2.784,2.784,2.784,2.784
2.1257,2.083,2.0294,1.9615,1.8914,1.8152,1.7389,1.6619,1.5849,1.5079,1.4308,1.3552,1.2806,0.9189,2.7888,2.7888,2.7888,2.7888,2.7888,2.7888,2.7888,2.7888,2.7888,2.7888,2.7888
0.4276,0.4751,0.5347,0.6103,0.6882,0.773,0.8579,0.9436,1.0292,1.115,1.2007,1.2848,1.3678,0.6944,1.6903,2.7935,2.7935,2.7935,2.7935,2.7935,2.7935,2.7935,2.7935,2.7935,2.7935
2.7983,2.7983,2.7983,2.7983,2.7983,2.7983,2.7983,2.7983,2.7983,2.7983,2.7983,2.7983,2.7983,2.7983,2.7983,2.7983,2.7983,2.7983,2.7983,2.7983,2.7983,2.7983,2.7983,2.7983,2.7983
2.8031,2.8031,2.8031,2.8031,2.8031,2.8031,2.8031,2.8031,2.8031,2.8031,2.8031,2.8031,2.8031,2.8031,2.8031,1.566,2.233,2.8031,2.8031,2.8031,2.8031,2.8031,2.8031,2.8031,2.8031
0.4061,0.4513,0.5079,0.5796,0.6537,0.7342,0.8148,0.8962,0.9775,1.059,1.1404,1.2203,0.636,2.8079,2.8079,2.8079,2.8079,2.8079,2.8079,2.8079,2.8079,2.8079,2.8079,2.8079,2.8079
2.1791,2.1353,2.0804,2.0108,1.9389,1.8608,1.7826,1.7037,1.6247,1.5457,1.4667,1.3892,0.6695,2.8127,2.8127,2.8127,2.8127,2.8127,2.8127,2.8127,2.8127,2.8127,2.8127,2.8127,2.8127
0.7814,0.8683,0.9772,1.1153,1.2578,1.4128,1.5678,1.7244,1.881,2.0377,2.1944,2.3481,2.4997,2.5449,2.5074,1.6217,2.3124,2.8175,2.8175,2.8175,2.8175,2.8175,2.8175,2.8175,2.8175
1.53,1.7003,1.9135,2.1839,2.4629,2.7664,2.8224,2.8224,2.6396,2.0187,2.8224,2.8224,2.8224,2.8224,2.8224,2.8224,2.8224,2.8224,2.8224,2.8224,2.8224,2.8224,2.8224,2.8224,2.8224
2.4622,2.4126,2.3506,2.2719,2.1908,2.1025,2.0141,1.9249,1.8358,1.7465,1.6572,1.5697,1.4833,0.7307,1.4832,2.5832,2.8273,2.8273,2.8273,2.8273,2.8273,2.8273,2.8273,2.8273,2.8273
0.3758,0.4176,0.47,0.5364,0.6049,0.6794,0.754,0.8293,0.9046,0.98,1.0553,1.1293,1.2022,1.3431,2.8322,2.8322,2.8322,2.8322,2.8322,2.8322,2.8322,2.8322,2.8322,2.8322,2.8322
2.8371,2.8371,2.8371,2.8371,2.8371,2.8158,2.6975,2.578,2.4586,2.339,1.7273,1.1288,2.8371,2.8371,2.8371,2.8371,2.8371,2.8371,2.8371,2.8371,2.8371,2.8371,2.8371,2.8371,2.8371
2.842,2.842,2.842,2.842,2.842,2.842,2.842,2.842,2.842,2.842,2.842,2.842,2.842,2.842,2.842,2.842,2.842,2.842,2.842,2.842,2.842,2.842,2.842,2.842,2.842
0.5102,0.567,0.6381,0.7282,0.8213,0.9225,1.0237,1.1259,1.2282,1.3305,1.4328,1.0904,2.8469,2.8469,2.8469,2.8469,2.8469,2.8469,2.8469,2.8469,2.8469,2.8469,2.8469,2.8469,2.8469
2.0465,2.0053,1.9537,1.8883,1.8209,1.7475,1.6741,1.5999,1.5258,1.4516,1.3774,1.3046,1.2328,2.8519,2.8519,2.8519,2.8519,2.8519,2.8519,2.8519,2.8519,2.8519,2.8519,2.8519,2.8519
0.4936,0.5485,0.6173,0.7045,0.7945,0.8924,0.9903,1.0892,1.1881,1.2871,1.3861,1.4832,1.579,1.6075,1.2277,2.1381,2.8568,2.8568,2.8568,2.8568,2.8568,2.8568,2.8568,2.8568,2.8568
2.8618,2.8618,2.8618,2.8618,2.8618,2.8618,2.8618,2.8618,2.8618,2.8618,2.8618,2.8618,2.8618,2.8618,2.8618,2.8618,2.8618,2.8618,2.8618,2.8618,2.8618,2.8618,2.8618,2.8618,2.8618
2.8668,2.8668,2.8668,2.8668,2.8668,2.8668,2.8079,2.6835,2.5592,2.4348,2.3103,2.1882,2.0678,2.0319,1.0484,1.7596,2.509,2.8668,2.8668,2.8668,2.8668,2.8668,2.8668,2.8668,2.8668
0.3757,0.4175,0.4698,0.5362,0.6047,0.6792,0.7538,0.8291,0.9043,0.9797,1.055,1.1289,0.782,2.8719,2.8719,2.8719,2.8719,2.8719,2.8719,2.8719,2.8719,2.8719,2.8719,2.8719,2.8719
2.3896,2.3416,2.2814,2.205,2.1262,2.0405,1.9548,1.8682,1.7817,1.695,1.6084,1.4301,0.7342,2.8769,2.8769,2.8769,2.8769,2.8769,2.8769,2.8769,2.8769,2.8769,2.8769,2.8769,2.8769
1.333,1.4814,1.6672,1.9027,2.1458,2.4102,2.6748,2.882,2.882,2.882,2.882,2.882,2.882,2.882,2.882,2.882,2.1212,2.7192,2.882,2.882,2.882,2.882,2.882,2.882,2.882
0.8256,0.9175,1.0326,1.1785,1.329,1.4928,1.6567,1.8221,1.9875,2.1531,1.4988,2.887,2.887,2.887,2.887,2.887,2.887,2.887,2.887,2.887,2.887,2.887,2.887,2.887,2.887
2.1786,2.1348,2.0799,2.0103,1.9385,1.8604,1.7822,1.7033,1.6244,1.5454,1.4664,1.3889,1.3125,0.6465,2.2528,2.8921,2.8921,2.8921,2.8921,2.8921,2.8921,2.8921,2.8921,2.8921,2.8921
0.3946,0.4385,0.4935,0.5633,0.6352,0.7135,0.7918,0.8709,0.95,1.0291,1.1082,1.1859,1.2625,0.6409,2.2114,2.8973,2.8973,2.8973,2.8973,2.8973,2.8973,2.8973,2.8973,2.8973,2.8973
2.9024,2.9024,2.9024,2.9024,2.9024,2.9024,2.9024,2.9024,2.8144,2.1523,1.746,2.9024,2.9024,2.9024,2.9024,2.9024,2.9024,2.9024,2.9024,2.9024,2.9024,2.9024,2.9024,2.9024,2.9024
2.9075,2.9075,2.9075,2.9075,2.9075,2.9075,2.9075,2.9075,2.9075,2.9075,2.9075,2.9075,2.9075,2.9075,2.9075,2.9075,2.1712,2.7141,2.9075,2.9075,2.9075,2.9075,2.9075,2.9075,2.9075
0.4279,0.4755,0.5351,0.6107,0.6888,0.7736,0.8585,0.9443,1.03,1.1158,1.2016,1.2858,0.6702,2.9127,2.9127,2.9127,2.9127,2.9127,2.9127,2.9127,2.9127,2.9127,2.9127,2.9127,2.9127
2.0663,2.0247,1.9727,1.9067,1.8385,1.7644,1.6903,1.6155,1.5406,1.4657,1.3908,1.3173,0.75,2.9179,2.9179,2.9179,2.9179,2.9179,2.9179,2.9179,2.9179,2.9179,2.9179,2.9179,2.9179
0.6211,0.6902,0.7768,0.8865,0.9998,1.123,1.2462,1.3707,1.4951,1.6197,1.7442,1.8664,1.9869,2.0229,0.9967,1.7358,2.4751,2.9231,2.9231,2.9231,2.9231,2.9231,2.9231,2.9231,2.9231
2.9283,2.9283,2.9283,2.9283,2.9283,2.9283,2.9283,2.9283,2.5411,2.9283,2.9283,2.9283,2.9283,2.9283,2.9283,2.9283,2.9283,2.9283,2.9283,2.9283,2.9283,2.9283,2.9283,2.9283,2.9283
2.6821,2.6281,2.5606,2.4749,2.3865,2.2903,2.194,2.0969,1.9997,1.9025,1.8052,1.7099,1.6158,1.5877,1.223,2.13,2.9336,2.9336,2.9336,2.9336,2.9336,2.9336,2.9336,2.9336,2.9336
0.3652,0.4058,0.4567,0.5212,0.5878,0.6603,0.7327,0.8059,0.8791,0.9523,1.0255,1.0974,1.1682,2.9388,2.9388,2.9388,2.9388,2.9388,2.9388,2.9388,2.9388,2.9388,2.9388,2.9388,2.9388
2.7991,2.7428,2.6722,2.5828,2.4906,2.3902,2.2897,2.1884,2.087,1.9855,1.884,1.0666,2.9441,2.9441,2.9441,2.9441,2.9441,2.9441,2.9441,2.9441,2.9441,2.9441,2.9441,2.9441,2.9441
2.9494,2.9494,2.9494,2.9494,2.9494,2.9494,2.9494,2.9494,2.9494,2.9494,2.9494,2.9494,2.9494,2.9494,2.9494,2.9494,2.9494,2.9494,2.9494,2.9494,2.9494,2.9494,2.9494,2.9494,2.9494
0.5806,0.6452,0.7261,0.8287,0.9345,1.0497,1.1649,1.2812,1.3975,1.514,1.6304,0.9479,2.9547,2.9547,2.9547,2.9547,2.9547,2.9547,2.9547,2.9547,2.9547,2.9547,2.9547,2.9547,2.9547
2.0364,1.9954,1.9441,1.8791,1.8119,1.7389,1.6658,1.5921,1.5183,1.4445,1.3706,1.2982,1.2268,1.3771,2.9601,2.9601,2.9601,2.9601,2.9601,2.9601,2.9601,2.9547,2.9408,2.9269,2.9131
0.4379,0.4866,0.5477,0.625,0.7049,0.7917,0.8786,0.9664,1.0541,1.1419,1.2298,1.3159,1.4009,0.7112,1.4374,2.5034,2.9654,2.9654,2.9654,2.9654,2.9654,2.9654,2.9654,2.9654,2.9654
2.9708,2.9708,2.9708,2.9708,2.9708,2.9708,2.9708,2.9708,2.9708,2.9708,2.9708,2.9708,2.9708,2.9708,2.9708,2.9708,2.9708,2.9708,2.9708,2.9708,2.9708,2.9708,2.9708,2.9708,2.9708
2.9762,2.9762,2.9762,2.9762,2.9762,2.9762,2.9762,2.9762,2.9762,2.9551,2.804,2.6559,2.5097,2.4661,2.5023,1.5891,2.2658,2.9425,2.9762,2.9762,2.9762,2.9762,2.9762,2.9762,2.9762
0.3831,0.4257,0.4791,0.5468,0.6166,0.6926,0.7686,0.8454,0.9221,0.999,1.0758,1.1511,0.6,2.9816,2.9816,2.9816,2.9816,2.9816,2.9816,2.9816,2.9816,2.9816,2.9816,2.9816,2.9816
2.1924,2.1483,2.0931,2.023,1.9508,1.8721,1.7935,1.7141,1.6346,1.5552,1.4757,1.3977,0.6736,2.9871,2.9871,2.9871,2.9871,2.9871,2.9871,2.9871,2.9871,2.9871,2.9871,2.9871,2.9871
0.9017,1.002,1.1277,1.287,1.4514,1.6303,1.8092,1.9899,2.1705,2.3513,2.5322,2.7095,2.8845,2.9367,2.8934,1.517,2.163,2.809,2.9925,2.9925,2.9925,2.9925,2.9925,2.9925,2.9925
1.1238,1.2489,1.4055,1.6041,1.809,2.0319,2.2549,2.4801,2.6348,2.015,1.3951,2.998,2.998,2.998,2.998,2.998,2.998,2.998,2.998,2.998,2.998,2.998,2.998,2.998,2.998
2.282,2.2361,2.1786,2.1057,2.0304,1.9486,1.8667,1.7841,1.7014,1.6187,1.5359,1.4548,1.3747,0.6772,1.6579,2.8873,3.0035,3.0035,3.0035,3.0035,3.0035,3.0035,3.0035,3.0035,3.0035
0.3723,0.4137,0.4656,0.5314,0.5993,0.6731,0.747,0.8216,0.8962,0.9708,1.0455,1.1187,1.191,0.8636,3.009,3.009,3.009,3.009,3.009,3.009,3.009,3.009,3.009,3.009,3.009
3.0145,3.0145,3.0145,3.0145,3.0145,3.0145,2.9444,2.8141,2.6837,2.2885,1.5846,3.0145,3.0145,3.0145,3.0145,3.0145,3.0145,3.0145,3.0145,3.0145,3.0145,3.0145,3.0145,3.0145,3.0145
3.0201,3.0201,3.0201,3.0201,3.0201,3.0201,3.0201,3.0201,3.0201,3.0201,3.0201,3.0201,3.0201,3.0201,3.0201,3.0201,3.0201,3.0201,3.0201,3.0201,3.0201,3.0201,3.0201,3.0201,3.0201
0.4626,0.5141,0.5785,0.6602,0.7446,0.8364,0.9282,1.0208,1.1135,1.2063,1.2991,1.1683,3.0257,3.0257,3.0257,3.0257,3.0257,3.0257,3.0257,3.0257,3.0257,3.0257,3.0257,3.0257,3.0257
1.9985,1.9583,1.9079,1.8441,1.7782,1.7065,1.6348,1.5624,1.49,1.4176,1.3451,1.2741,1.2039,2.9529,2.9702,2.9754,2.9648,2.9535,2.9402,2.9269,2.9133,2.8997,2.8861,2.8725,2.8589
0.5209,0.5789,0.6515,0.7435,0.8385,0.9419,1.0452,1.1496,1.254,1.3584,1.4629,1.5654,1.6665,1.6966,1.0979,1.9121,2.7265,3.0369,3.0369,3.0369,3.0369,3.0369,3.0369,3.0369,3.0369
3.0425,3.0425,3.0425,3.0425,3.0425,3.0425,3.0425,3.0425,3.0425,3.0425,3.0425,3.0425,3.0425,3.0425,3.0425,3.0425,3.0425,3.0425,3.0425,3.0425,3.0425,3.0425,3.0425,3.0425,3.0425
3.0195,2.9587,2.8827,2.7862,2.6867,2.5784,2.47,2.3607,2.2513,2.1418,2.0323,1.925,1.819,1.7874,1.0529,1.8337,2.6146,3.0482,3.0482,3.0482,3.0482,3.0482,3.0482,3.0482,3.0482
0.3617,0.4019,0.4523,0.5162,0.5822,0.6539,0.7257,0.7982,0.8707,0.9432,1.0157,1.0869,1.1571,2.9497,2.9323,2.9271,2.9378,2.949,2.9624,2.9757,2.9893,3.0029,3.0165,3.0302,3.0438
2.4629,2.4133,2.3513,2.2726,2.1914,2.1031,2.0147,1.9255,1.8363,1.747,1.6577,1.2324,3.0596,3.0596,3.0596,3.0596,3.0596,3.0596,3.0596,3.0596,3.0596,3.0596,3.0596,3.0596,3.0596
1.8327,2.0367,2.2921,2.6159,2.9501,3.0653,3.0653,3.0653,3.0653,3.0653,3.0653,3.0653,3.0653,3.0653,3.0653,3.0653,3.0653,3.0653,3.0653,3.0653,3.0653,3.0653,3.0653,3.0653,3.0653
0.6926,0.7697,0.8662,0.9886,1.1149,1.2523,1.3898,1.5285,1.6673,1.8062,1.5297,0.9504,3.071,3.071,3.071,3.071,3.071,3.071,3.071,3.071,3.071,3.071,3.071,3.071,3.071
2.0662,2.0246,1.9725,1.9065,1.8384,1.7643,1.6902,1.6153,1.5405,1.4656,1.3907,1.3172,1.2447,0.7262,2.8095,3.0762,3.0652,3.0535,3.0398,3.026,3.0119,2.9979,2.9838,2.9697,2.9557
0.3992,0.4436,0.4993,0.5698,0.6426,0.7218,0.801,0.881,0.961,1.041,1.1211,1.1996,1.2771,0.6484,1.7873,3.0826,3.0826,3.0826,3.0826,3.0826,3.0826,3.0826,3.0826,3.0826,3.0826
3.0884,3.0884,3.0884,3.0884,3.0884,3.0884,3.0884,3.0884,2.6474,2.2548,3.0884,3.0884,3.0884,3.0884,3.0884,3.0884,3.0884,3.0884,3.0884,3.0884,3.0884,3.0884,3.0884,3.0884,3.0884
3.0942,3.0942,3.0942,3.0942,3.0942,3.0942,3.0942,3.0942,3.0942,3.0942,3.0942,3.0942,3.0942,3.0942,3.0942,1.6883,2.0969,2.7232,3.0942,3.0942,3.0942,3.0942,3.0942,3.0942,3.0942
0.3989,0.4433,0.4989,0.5694,0.6422,0.7213,0.8005,0.8804,0.9604,1.0404,1.1204,1.1988,0.6249,3.1001,3.1001,3.1001,3.1001,3.1001,3.1001,3.1001,3.1001,3.1001,3.1001,3.1001,3.1001
2.0573,2.0159,1.9641,1.8984,1.8306,1.7568,1.683,1.6084,1.5339,1.4593,1.3847,1.3116,0.6321,3.0398,3.0577,3.063,3.0521,3.0405,3.0268,3.0131,2.9991,2.9851,2.9711,2.9571,2.943
0.6861,0.7624,0.858,0.9793,1.1044,1.2404,1.3766,1.5141,1.6515,1.7891,1.9267,2.0616,2.1948,2.2345,1.0814,1.6027,2.2853,2.9679,3.1119,3.1119,3.1119,3.1119,3.1119,3.1119,3.1119
1.8477,2.0533,2.3108,2.6373,2.9742,3.1178,3.1178,3.094,2.5048,1.9155,3.1178,3.1178,3.1178,3.1178,3.1178,3.1178,3.1178,3.1178,3.1178,3.1178,3.1178,3.1178,3.1178,3.1178,3.1178
2.4494,2.4001,2.3384,2.2601,2.1794,2.0915,2.0037,1.9149,1.8262,1.7374,1.6486,1.5615,1.4756,0.7269,1.3233,2.3046,3.1237,3.1237,3.1237,3.1237,3.1237,3.1237,3.1237,3.1237,3.1237
0.3583,0.3982,0.4482,0.5115,0.5768,0.6479,0.719,0.7908,0.8626,0.9345,1.0063,1.0768,1.1464,1.9021,2.9052,2.9001,2.9106,2.9218,2.935,2.9482,2.9617,2.9752,2.9886,3.0022,3.0157
2.9787,2.9188,2.8437,2.7486,2.6504,2.5436,2.4367,2.3288,2.2209,2.1129,1.7311,1.0197,3.1357,3.1357,3.1357,3.1357,3.1357,3.1357,3.1357,3.1357,3.1357,3.1357,3.1357,3.1357,3.1357
3.1417,3.1417,3.1417,3.1417,3.1417,3.1417,3.1417,3.1417,3.1417,3.1417,3.1417,3.1417,3.1417,3.1417,3.1417,3.1417,3.1417,3.1417,3.1417,3.1417,3.1417,3.1417,3.1417,3.1417,3.1417
0.5157,0.5731,0.6449,0.736,0.8301,0.9324,1.0347,1.138,1.2413,1.3447,1.4482,0.995,3.1477,3.1477,3.1477,3.1477,3.1477,3.1477,3.1477,3.1477,3.1477,3.1477,3.1477,3.1477,3.1477
1.9701,1.9305,1.8808,1.8179,1.7529,1.6823,1.6116,1.5402,1.4689,1.3974,1.326,1.256,1.1868,2.9109,2.928,2.9331,2.9226,2.9116,2.8984,2.8853,2.8719,2.8585,2.8451,2.8317,2.8182
0.4542,0.5048,0.5681,0.6484,0.7312,0.8213,0.9114,1.0025,1.0935,1.1846,1.2757,1.365,1.4532,1.4795,1.2534,2.1829,3.1126,3.1599,3.1599,3.1599,3.1599,3.1599,3.1599,3.1599,3.1599
3.166,3.166,3.166,3.166,3.166,3.166,3.166,3.166,3.166,3.166,3.166,3.166,3.166,3.166,3.166,3.166,3.166,3.166,3.166,3.166,3.166,3.166,3.166,3.166,3.166
3.1721,3.1721,3.1721,3.1721,3.157,3.0297,2.9024,2.7739,2.6454,2.5168,2.3881,2.2619,2.1374,2.1003,1.0837,1.6315,2.3263,3.0211,3.1721,3.1721,3.1721,3.1721,3.1721,3.1721,3.1721
0.3652,0.4058,0.4567,0.5212,0.5878,0.6602,0.7327,0.8059,0.879,0.9523,1.0255,1.0973,0.596,2.9781,2.9605,2.9553,2.9661,2.9774,2.9909,3.0043,3.0181,3.0318,3.0456,3.0593,3.0731
2.2302,2.1853,2.1291,2.0579,1.9843,1.9044,1.8243,1.7436,1.6628,1.5819,1.5011,1.4218,0.6852,3.1845,3.1845,3.1845,3.1845,3.1845,3.1845,3.1845,3.1845,3.1845,3.1845,3.1845,3.1845
1.0893,1.2106,1.3624,1.5549,1.7535,1.9696,2.1858,2.4041,2.6224,2.8408,3.0593,3.1907,3.1907,3.1907,3.1907,3.1907,2.0456,2.6565,3.1907,3.1907,3.1907,3.1907,3.1907,3.1907,3.1907
0.8859,0.9845,1.1079,1.2645,1.426,1.6017,1.7775,1.955,2.1325,2.0323,1.4072,3.1969,3.1969,3.1969,3.1969,3.1969,3.1969,3.1969,3.1969,3.1969,3.1969,3.1969,3.1969,3.1969,3.1969
2.1398,2.0967,2.0428,1.9745,1.9039,1.8272,1.7504,1.6729,1.5954,1.5178,1.4402,1.3641,1.2891,0.635,1.9147,3.1858,3.1744,3.1624,3.1481,3.1338,3.1193,3.1047,3.0902,3.0756,3.061
0.3725,0.414,0.4659,0.5317,0.5997,0.6736,0.7475,0.8221,0.8968,0.9715,1.0462,1.1195,1.1918,0.6329,2.4482,3.0149,3.0259,3.0375,3.0512,3.065,3.079,3.093,3.107,3.1211,3.1351
3.2157,3.2157,3.2157,3.2157,3.2157,3.2157,3.2157,3.1498,2.7801,2.1261,1.5224,3.2157,3.2157,3.2157,3.2157,3.2157,3.2157,3.2157,3.2157,3.2157,3.2157,3.2157,3.2157,3.2157,3.2157
3.222,3.222,3.222,3.222,3.222,3.222,3.222,3.222,3.222,3.222,3.222,3.222,3.222,3.222,3.222,3.222,3.222,2.5754,3.1677,3.222,3.222,3.222,3.222,3.222,3.222
0.4253,0.4726,0.5319,0.6071,0.6846,0.769,0.8534,0.9386,1.0238,1.1091,1.1944,1.2775,0.6661,3.2284,3.2284,3.2284,3.2284,3.2284,3.2284,3.2284,3.2284,3.2284,3.2284,3.2284,3.2284
1.9705,1.9308,1.8812,1.8182,1.7533,1.6826,1.6119,1.5405,1.4691,1.3977,1.3263,1.2562,0.9677,2.9115,2.9285,2.9337,2.9232,2.9121,2.899,2.8858,2.8724,2.859,2.8456,2.8322,2.8188
0.5592,0.6215,0.6994,0.7982,0.9002,1.0112,1.1221,1.2342,1.3462,1.4584,1.5706,1.6806,1.7891,1.8215,0.9976,1.7374,2.4773,3.2172,3.2411,3.2411,3.2411,3.2411,3.2411,3.2411,3.2411
3.2476,3.2476,3.2476,3.2476,3.2476,3.2476,3.2476,3.2476,3.2476,3.2476,3.2476,3.2476,3.2476,3.2476,3.2476,3.2476,3.2476,3.2476,3.2476,3.2476,3.2476,3.2476,3.2476,3.2476,3.2476
2.7058,2.6514,2.5832,2.4967,2.4075,2.3105,2.2134,2.1154,2.0174,1.9193,1.8212,1.725,1.63,1.6017,1.1135,1.9393,2.7652,3.254,3.254,3.254,3.254,3.254,3.254,3.254,3.254
0.3516,0.3907,0.4397,0.5018,0.5659,0.6357,0.7054,0.7759,0.8463,0.9168,0.9873,1.0565,1.1247,2.8672,2.8503,2.8453,2.8557,2.8666,2.8796,2.8925,2.9057,2.919,2.9322,2.9455,2.9587
2.5721,2.5203,2.4555,2.3733,2.2885,2.1963,2.104,2.0109,1.9177,1.8244,1.7312,1.0861,3.267,3.267,3.267,3.267,3.267,3.267,3.267,3.267,3.267,3.267,3.267,3.267,3.267
3.0721,3.2735,3.2735,3.2735,3.2735,3.2735,3.2735,3.2735,3.2735,3.2735,3.2735,3.2735,3.2735,3.2735,3.2735,3.2735,3.2735,3.2735,3.2735,3.2735,3.2735,3.2735,3.2735,3.2735,3.2735
0.5978,0.6643,0.7476,0.8532,0.9622,1.0808,1.1994,1.3192,1.439,1.5588,1.5801,0.8779,3.2801,3.2801,3.2801,3.2801,3.2801,3.2801,3.2801,3.2801,3.2801,3.2801,3.2801,3.2801,3.2801
1.9793,1.9395,1.8896,1.8264,1.7612,1.6902,1.6192,1.5475,1.4758,1.404,1.3322,1.2618,1.1924,0.994,2.9417,2.9469,2.9363,2.9252,2.912,2.8988,2.8854,2.8719,2.8584,2.8449,2.8314
0.4084,0.4538,0.5107,0.5829,0.6573,0.7383,0.8194,0.9012,0.983,1.0649,1.1468,1.2272,1.3064,0.6632,1.5009,2.614,3.2933,3.2933,3.2933,3.2933,3.2933,3.2933,3.2933,3.2933,3.2933
3.2999,3.2999,3.2999,3.2999,3.2999,3.2999,3.2999,3.2999,3.2999,3.2999,3.2999,3.2999,3.2999,3.2999,3.2999,3.2999,3.2999,3.2999,3.2999,3.2999,3.2999,3.2999,3.2999,3.2999,3.2999
3.3066,3.3066,3.3066,3.3066,3.3066,3.3066,3.3066,3.3066,3.3036,3.143,2.9823,2.8247,2.6693,2.6229,2.6614,1.4911,2.1262,2.7612,3.3066,3.3066,3.3066,3.3066,3.3066,3.3066,3.3066
0.3761,0.418,0.4704,0.5369,0.6054,0.6801,0.7547,0.8301,0.9054,0.9809,1.0563,1.1303,0.5891,3.0675,3.0494,3.044,3.0551,3.0668,3.0807,3.0945,3.1087,3.1228,3.137,3.1512,3.1654
2.069,2.0274,1.9753,1.9092,1.841,1.7668,1.6925,1.6176,1.5426,1.4676,1.3926,1.319,0.6357,3.0571,3.075,3.0804,3.0694,3.0578,3.044,3.0302,3.0161,3.002,2.988,2.9739,2.9598
0.7794,0.8662,0.9748,1.1125,1.2546,1.4092,1.5639,1.7201,1.8762,2.0325,2.1889,2.3422,2.4934,2.5385,2.5011,1.4977,2.1355,2.7733,3.3267,3.3267,3.3267,3.3267,3.3267,3.3267,3.3267
1.2765,1.4186,1.5964,1.822,2.0548,2.308,2.5613,2.8171,2.4997,1.9116,1.5006,3.3335,3.3335,3.3335,3.3335,3.3335,3.3335,3.3335,3.3335,3.3335,3.3335,3.3335,3.3335,3.3335,3.3335
2.2664,2.2208,2.1637,2.0913,2.0166,1.9353,1.854,1.7719,1.6898,1.6076,1.5254,1.4448,1.3653,0.6726,1.4638,2.5493,3.3403,3.3403,3.3343,3.3192,3.3038,3.2884,3.273,3.2575,3.2421
0.355,0.3945,0.444,0.5067,0.5714,0.6418,0.7123,0.7834,0.8545,0.9257,0.9969,1.0667,1.1356,1.0534,2.878,2.8729,2.8834,2.8944,2.9075,2.9206,2.9339,2.9473,2.9606,2.974,2.9874
3.2283,3.1633,3.082,2.9789,2.8724,2.7567,2.6408,2.5239,2.407,2.2879,1.5841,1.1051,3.3539,3.3539,3.3539,3.3539,3.3539,3.3539,3.3539,3.3539,3.3539,3.3539,3.3539,3.3539,3.3539
3.3608,3.3608,3.3608,3.3608,3.3608,3.3608,3.3608,3.3608,3.3608,3.3608,3.3608,3.3608,3.3608,3.3608,3.3608,3.3608,3.3608,3.3608,3.3608,3.3608,3.3608,3.3608,3.3608,3.3608,3.3608
0.4659,0.5177,0.5826,0.665,0.7499,0.8423,0.9348,1.0281,1.1215,1.2149,1.3083,1.0608,3.3677,3.3677,3.3677,3.3677,3.3677,3.3677,3.3677,3.3677,3.3677,3.3677,3.3677,3.3677,3.3677
1.924,1.8852,1.8368,1.7753,1.7119,1.6429,1.5739,1.5042,1.4345,1.3647,1.2949,1.2265,1.159,2.8427,2.8594,2.8644,2.8542,2.8434,2.8305,2.8177,2.8046,2.7915,2.7784,2.7653,2.7522
0.4777,0.5309,0.5975,0.6819,0.769,0.8637,0.9586,1.0543,1.15,1.2458,1.3416,1.4356,1.5283,1.5559,1.1152,1.9423,2.7695,3.3816,3.3816,3.3816,3.3816,3.3816,3.3816,3.3816,3.3816
3.3886,3.3886,3.3886,3.3886,3.3886,3.3886,3.3886,3.3886,3.3886,3.3886,3.3886,3.3886,3.3886,3.3886,3.3886,3.3886,3.3886,3.3886,3.3886,3.3886,3.3886,3.3886,3.3886,3.3886,3.3886
3.0984,3.0361,2.958,2.859,2.7569,2.6458,2.5346,2.4224,2.3101,2.1978,2.0854,1.9753,1.8666,1.8341,0.9737,1.6958,2.418,3.1402,3.3956,3.3956,3.3956,3.3956,3.3956,3.3956,3.3956
0.3515,0.3906,0.4396,0.5017,0.5658,0.6355,0.7053,0.7757,0.8461,0.9166,0.9871,1.0563,0.8787,2.8666,2.8498,2.8447,2.8551,2.866,2.879,2.8919,2.9051,2.9184,2.9316,2.9448,2.9581
2.2944,2.2483,2.1905,2.1172,2.0415,1.9592,1.8769,1.7938,1.7107,1.6275,1.5443,1.2805,3.4098,3.3902,3.4098,3.4098,3.4038,3.3909,3.3756,3.3603,3.3447,3.3291,3.3135,3.2979,3.2822
1.4104,1.5674,1.764,2.0132,2.2704,2.5502,2.8301,3.1127,3.3953,3.4169,3.4169,3.4169,3.4169,3.4169,3.4169,3.4169,3.4169,2.5379,3.1215,3.4169,3.4169,3.4169,3.4169,3.4169,3.4169
0.7313,0.8127,0.9146,1.0439,1.1772,1.3223,1.4674,1.6139,1.7605,1.9071,1.4344,1.0035,3.424,3.424,3.424,3.424,3.424,3.424,3.424,3.424,3.424,3.424,3.424,3.424,3.424
2.028,1.9871,1.9361,1.8713,1.8044,1.7317,1.6589,1.5855,1.512,1.4385,1.365,1.2928,1.2217,0.6018,2.3123,3.0193,3.0085,2.9971,2.9835,2.97,2.9562,2.9425,2.9286,2.9148,2.901
0.3765,0.4185,0.4709,0.5375,0.6061,0.6808,0.7555,0.831,0.9064,0.9819,1.0575,1.1315,1.2046,0.6116,1.9288,3.0474,3.0585,3.0702,3.0841,3.098,3.1121,3.1263,3.1405,3.1547,3.1689
3.4456,3.4456,3.4456,3.4456,3.4456,3.4456,3.4456,3.2268,2.6123,1.9978,3.4456,3.4456,3.4456,3.4456,3.4456,3.4456,3.4456,3.4456,3.4456,3.4456,3.4456,3.4456,3.4456,3.4456,3.4456
3.4529,3.4529,3.4529,3.4529,3.4529,3.4529,3.4529,3.4529,3.4529,3.4529,3.4529,3.4529,3.4529,3.4529,3.4529,3.4529,1.9887,2.5827,3.1766,3.4529,3.4529,3.4529,3.4529,3.4529,3.4529
0.3959,0.44,0.4951,0.5651,0.6373,0.7158,0.7944,0.8737,0.953,1.0324,1.1118,1.1897,0.6201,3.2288,3.2098,3.2041,3.2158,3.2281,3.2427,3.2573,3.2722,3.287,3.302,3.3169,3.3318
1.9612,1.9217,1.8723,1.8096,1.745,1.6747,1.6043,1.5333,1.4622,1.3911,1.32,1.2503,0.6116,2.8977,2.9147,2.9198,2.9094,2.8984,2.8853,2.8722,2.8589,2.8455,2.8322,2.8188,2.8055
0.6124,0.6805,0.7659,0.8741,0.9857,1.1072,1.2287,1.3514,1.4741,1.5969,1.7198,1.8402,1.959,1.9945,0.9652,1.6005,2.2821,2.9637,3.4749,3.4749,3.4749,3.4749,3.4749,3.4749,3.4749
2.4153,2.6842,3.0207,3.4475,3.4823,3.4823,3.4823,2.9639,2.3994,3.4823,3.4823,3.4823,3.4823,3.4823,3.4823,3.4823,3.4823,3.4823,3.4823,3.4823,3.4823,3.4823,3.4823,3.4823,3.4823
2.463,2.4134,2.3514,2.2727,2.1915,2.1032,2.0148,1.9256,1.8364,1.7471,1.6578,1.5702,1.4838,1.458,1.1974,2.0854,2.9735,3.4897,3.4897,3.4897,3.4897,3.4897,3.4897,3.4897,3.4897
0.3449,0.3833,0.4314,0.4923,0.5552,0.6236,0.6921,0.7612,0.8303,0.8994,0.9686,1.0365,1.1034,2.8129,2.7963,2.7914,2.8016,2.8123,2.825,2.8377,2.8507,2.8637,2.8766,2.8896,2.9026
2.725,2.6702,2.6015,2.5145,2.4246,2.3269,2.2292,2.1304,2.0317,1.9329,1.7546,0.9748,3.5046,3.5046,3.5046,3.5046,3.5046,3.5046,3.5046,3.5046,3.5046,3.5046,3.5046,3.5046,3.5046
3.5121,3.5121,3.5121,3.5121,3.5121,3.5121,3.5121,3.5121,3.5121,3.5121,3.5121,3.5121,3.5121,3.5121,3.5121,3.5121,3.5121,3.5121,3.5121,3.5121,3.5121,3.5121,3.5121,3.5121,3.5121
0.5276,0.5863,0.6598,0.753,0.8492,0.9539,1.0585,1.1643,1.27,1.3758,1.4816,0.9185,3.5197,3.5197,3.5197,3.5197,3.5197,3.5197,3.5197,3.5197,3.5197,3.5197,3.5197,3.5197,3.5197
1.9142,1.8757,1.8274,1.7663,1.7032,1.6346,1.5659,1.4965,1.4272,1.3578,1.2884,1.2203,1.1532,1.6415,2.8449,2.8499,2.8397,2.8289,2.8162,2.8034,2.7904,2.7774,2.7644,2.7513,2.7383
0.4226,0.4697,0.5286,0.6032,0.6803,0.7641,0.848,0.9327,1.0174,1.1021,1.1869,1.27,1.352,0.6864,1.2968,2.2586,3.2204,3.4459,3.4615,3.4771,3.493,3.5089,3.5248,3.5348,3.5348
3.5425,3.5425,3.5425,3.5425,3.5425,3.5425,3.5425,3.5425,3.5425,3.5425,3.5425,3.5425,3.5425,3.5425,3.5425,3.5425,3.5425,3.5425,3.5425,3.5425,3.5425,3.5425,3.5425,3.5425,3.5425
3.5502,3.5502,3.5502,3.4357,3.313,3.1794,3.0459,2.911,2.7761,2.6411,2.5061,2.3737,2.2431,2.2041,1.1373,1.5283,2.1792,2.83,3.4808,3.5502,3.5502,3.5502,3.5502,3.5502,3.5502
0.3583,0.3981,0.4481,0.5114,0.5767,0.6478,0.7189,0.7906,0.8624,0.9343,1.0061,1.0766,0.5611,2.9218,2.9046,2.8994,2.91,2.9211,2.9344,2.9476,2.961,2.9745,2.988,3.0015,3.015
2.102,2.0597,2.0067,1.9396,1.8703,1.7949,1.7195,1.6434,1.5672,1.491,1.4148,1.34,0.6458,3.1058,3.1241,3.1295,3.1183,3.1065,3.0925,3.0785,3.0642,3.0499,3.0356,3.0213,3.0069
0.9187,1.021,1.149,1.3113,1.4788,1.6611,1.8434,2.0275,2.2115,2.3958,2.58,2.7607,2.939,2.9922,2.9481,1.4348,2.0173,2.6198,3.2223,3.5734,3.5734,3.5734,3.5734,3.5734,3.5734
0.9726,1.0808,1.2163,1.3882,1.5655,1.7585,1.9515,2.1463,2.3412,1.9263,1.3338,3.5812,3.5812,3.5812,3.5812,3.5812,3.5812,3.5812,3.5812,3.5812,3.5812,3.5812,3.5812,3.5812,3.5812
2.1218,2.0791,2.0257,1.9579,1.888,1.8119,1.7357,1.6589,1.582,1.5051,1.4281,1.3527,1.2782,0.6297,1.6641,2.8983,3.1477,3.1358,3.1217,3.1075,3.0931,3.0787,3.0642,3.0498,3.0353
0.355,0.3945,0.4439,0.5067,0.5714,0.6418,0.7122,0.7834,0.8545,0.9257,0.9969,1.0667,1.1356,0.7238,2.8002,2.8728,2.8832,2.8943,2.9074,2.9205,2.9338,2.9472,2.9605,2.9739,2.9873
3.5751,3.5032,3.4131,3.2989,3.181,3.0528,2.9246,2.7951,2.6656,2.1208,1.4684,3.6048,3.6048,3.6048,3.6048,3.6048,3.6048,3.6048,3.6048,3.6048,3.6048,3.6048,3.6048,3.6048,3.6048
3.6128,3.6128,3.6128,3.6128,3.6128,3.6128,3.6128,3.6128,3.6128,3.6128,3.6128,3.6128,3.6128,3.6128,3.6128,3.6128,3.6128,3.6128,3.0334,3.6006,3.6128,3.6128,3.6128,3.6128,3.6128
0.427,0.4746,0.5341,0.6095,0.6874,0.7721,0.8569,0.9424,1.028,1.1136,1.1993,1.1512,3.4581,3.4828,3.4623,3.4561,3.4687,3.482,3.4978,3.5135,3.5296,3.5456,3.5617,3.5778,3.5939
1.896,1.8579,1.8101,1.7496,1.687,1.6191,1.551,1.4823,1.4137,1.3449,1.2762,1.2087,1.1422,2.8015,2.818,2.8229,2.8128,2.8021,2.7895,2.7768,2.7639,2.7511,2.7381,2.7252,2.7123
0.5101,0.5669,0.638,0.7281,0.8211,0.9223,1.0235,1.1257,1.228,1.3302,1.4326,1.5329,1.6319,1.6614,1.0092,1.7575,2.506,3.2545,3.6368,3.6368,3.6368,3.6368,3.6368,3.6368,3.6368
3.6449,3.6449,3.6449,3.6449,3.6449,3.6449,3.6449,3.6449,3.6449,3.6449,3.6449,3.6449,3.6449,3.6449,3.6449,3.6449,3.6449,3.6449,3.6449,3.6449,3.6449,3.6449,3.6449,3.6449,3.6449
2.7608,2.7052,2.6357,2.5475,2.4565,2.3575,2.2584,2.1584,2.0584,1.9583,1.8582,1.76,1.6632,1.6343,1.0258,1.7864,2.5472,3.308,3.6531,3.6531,3.6531,3.6531,3.6531,3.6531,3.6531
0.3415,0.3795,0.4271,0.4874,0.5497,0.6174,0.6852,0.7536,0.822,0.8905,0.959,1.0262,1.0925,2.785,2.7686,2.7637,2.7738,2.7844,2.797,2.8096,2.8224,2.8352,2.8481,2.861,2.8738
2.3891,2.341,2.2808,2.2045,2.1258,2.0401,1.9544,1.8678,1.7813,1.6947,1.608,1.1195,3.555,3.53,3.5508,3.557,3.5442,3.5308,3.5149,3.499,3.4827,3.4665,3.4502,3.4339,3.4176
2.0632,2.2929,2.5804,2.9449,3.3212,3.6777,3.6777,3.6777,3.6777,3.6777,3.6777,3.6777,3.6777,3.6777,3.6777,3.6777,3.6777,3.6777,3.6777,3.5733,3.6777,3.6777,3.6777,3.6777,3.6777
0.624,0.6935,0.7804,0.8907,1.0045,1.1283,1.2521,1.3772,1.5022,1.6273,1.4784,0.8563,3.6859,3.6859,3.6859,3.6859,3.6859,3.6859,3.6859,3.6859,3.6859,3.6859,3.6859,3.6859,3.6859
1.941,1.902,1.8531,1.7911,1.7271,1.6575,1.5878,1.5175,1.4472,1.3768,1.3064,1.2374,1.1693,0.7719,2.8848,2.8899,2.8795,2.8686,2.8557,2.8427,2.8295,2.8163,2.8031,2.7899,2.7767
0.3845,0.4273,0.4809,0.5489,0.619,0.6953,0.7716,0.8486,0.9257,1.0028,1.0799,1.1555,1.2302,0.6245,1.5926,2.7736,3.1234,3.1354,3.1495,3.1637,3.1782,3.1926,3.2071,3.2216,3.2361
3.711,3.711,3.711,3.711,3.711,3.711,3.6473,3.0638,2.5305,3.711,3.711,3.711,3.711,3.711,3.711,3.711,3.711,3.711,3.711,3.711,3.711,3.711,3.711,3.711,3.711
3.7194,3.7194,3.7194,3.7194,3.7194,3.7194,3.7194,3.7194,3.5841,3.4099,3.2355,3.0646,2.8959,2.8456,2.8873,1.4808,2.0138,2.6153,3.2167,3.7194,3.7194,3.7194,3.7194,3.7194,3.7194
0.3727,0.4142,0.4661,0.5319,0.5999,0.6738,0.7478,0.8225,0.8971,0.9719,1.0466,1.1199,0.5837,3.0394,3.0215,3.0161,3.0271,3.0387,3.0525,3.0662,3.0802,3.0942,3.1083,3.1223,3.1364
1.9703,1.9307,1.881,1.8181,1.7531,1.6825,1.6118,1.5404,1.469,1.3976,1.3262,1.2561,0.6053,2.9113,2.9283,2.9335,2.923,2.9119,2.8988,2.8856,2.8722,2.8588,2.8454,2.832,2.8186
0.6867,0.7632,0.8589,0.9802,1.1054,1.2417,1.3779,1.5155,1.6531,1.7909,1.9286,2.0637,2.197,2.2367,1.0824,1.4924,2.128,2.7636,3.3992,3.7449,3.7449,3.7449,3.7449,3.7449,3.7449
1.5114,1.6796,1.8902,2.1573,2.4329,2.7327,3.0326,2.9554,2.3926,1.8297,3.7535,3.7535,3.7535,3.7535,3.7535,3.7535,3.7535,3.7535,3.7535,3.7535,3.7535,3.7535,3.7535,3.7535,3.7535
2.2726,2.2269,2.1696,2.097,2.0221,1.9406,1.8591,1.7768,1.6944,1.612,1.5296,1.4488,1.3691,0.6744,1.3126,2.2861,3.2597,3.3587,3.3435,3.3284,3.3129,3.2975,3.282,3.2665,3.251
0.3414,0.3794,0.427,0.4873,0.5496,0.6173,0.6851,0.7535,0.8219,0.8904,0.9589,1.026,1.0923,1.3952,2.7682,2.7632,2.7733,2.7839,2.7965,2.8091,2.8219,2.8348,2.8476,2.8605,2.8734
2.9342,2.8752,2.8012,2.7075,2.6108,2.5056,2.4003,2.294,2.1877,2.0813,1.5996,1.0044,3.7795,3.7795,3.7795,3.7795,3.7795,3.7795,3.7795,3.7795,3.7795,3.7795,3.7795,3.7795,3.7795
3.7882,3.7882,3.7882,3.7882,3.7882,3.7882,3.7882,3.7882,3.7882,3.7882,3.7882,3.7882,3.7882,3.7882,3.7882,3.7882,3.7882,3.7882,3.7882,3.7882,3.7882,3.7882,3.7882,3.7882,3.7882
0.4742,0.527,0.5931,0.6768,0.7633,0.8574,0.9515,1.0465,1.1415,1.2366,1.3317,0.9746,3.797,3.797,3.797,3.797,3.797,3.797,3.797,3.797,3.797,3.797,3.797,3.797,3.797
1.868,1.8304,1.7834,1.7237,1.6621,1.5951,1.5281,1.4604,1.3928,1.325,1.2573,1.1909,1.1253,2.7601,2.7763,2.7812,2.7712,2.7607,2.7483,2.7358,2.7231,2.7104,2.6977,2.685,2.6722
0.4429,0.4922,0.5539,0.6321,0.7129,0.8007,0.8886,0.9774,1.0661,1.1549,1.2437,1.3308,1.4168,1.4424,1.1459,1.9956,2.8455,3.611,3.6274,3.6437,3.6604,3.677,3.6937,3.7104,3.7271
3.8236,3.8236,3.8236,3.8236,3.8236,3.8236,3.8236,3.8236,3.8236,3.8236,3.8236,3.8236,3.8236,3.8236,3.8236,3.8236,3.8236,3.8236,3.8236,3.8236,3.8236,3.8236,3.8236,3.8236,3.8236
3.2199,3.1551,3.074,2.9712,2.865,2.7495,2.634,2.5174,2.4007,2.284,2.1672,2.0527,1.9398,1.9061,0.9835,1.5843,2.259,2.9337,3.6083,3.8325,3.8325,3.8325,3.8325,3.8325,3.8325
0.3445,0.3829,0.4309,0.4918,0.5546,0.6229,0.6913,0.7603,0.8293,0.8984,0.9675,1.0353,0.6494,2.8097,2.7932,2.7883,2.7984,2.8091,2.8218,2.8345,2.8475,2.8604,2.8734,2.8864,2.8994
2.158,2.1146,2.0602,1.9913,1.9202,1.8428,1.7654,1.6872,1.609,1.5308,1.4525,1.3499,0.663,3.1886,3.2073,3.213,3.2015,3.1893,3.1749,3.1605,3.1459,3.1312,3.1165,3.1018,3.0871
1.1411,1.2681,1.4271,1.6287,1.8368,2.0632,2.2896,2.5183,2.7469,2.9757,3.2046,3.429,3.6505,3.7165,3.6618,3.6454,1.9249,2.4998,3.0746,3.6495,3.8596,3.8596,3.8596,3.8596,3.8596
0.7858,0.8733,0.9828,1.1216,1.2649,1.4208,1.5767,1.7341,1.8916,1.9604,1.3574,3.8687,3.8687,3.8687,3.8687,3.8687,3.8687,3.8687,3.8687,3.8687,3.8687,3.8687,3.8687,3.8687,3.8687
2.0078,1.9674,1.9168,1.8527,1.7865,1.7145,1.6425,1.5697,1.497,1.4242,1.3514,1.28,1.2096,0.5959,1.9611,2.9893,2.9786,2.9673,2.9539,2.9405,2.9269,2.9132,2.8996,2.8859,2.8722
0.3583,0.3982,0.4481,0.5114,0.5768,0.6479,0.719,0.7908,0.8625,0.9344,1.0063,1.0767,1.1463,0.582,2.1291,2.8999,2.9104,2.9216,2.9348,2.948,2.9615,2.975,2.9884,3.002,3.0155
3.8963,3.8963,3.8822,3.7523,3.6183,3.4724,3.3265,3.1792,2.6006,1.9888,1.5366,3.8963,3.8963,3.8963,3.8963,3.8963,3.8963,3.8963,3.8963,3.8963,3.8963,3.8963,3.8963,3.8963,3.8963
3.9056,3.9056,3.9056,3.9056,3.9056,3.9056,3.9056,3.9056,3.9056,3.9056,3.9056,3.9056,3.9056,3.9056,3.9056,3.9056,2.1286,2.4705,3.0386,3.6067,3.9056,3.9056,3.9056,3.9056,3.9056
0.3965,0.4406,0.4959,0.5659,0.6382,0.7169,0.7956,0.875,0.9544,1.034,1.1135,1.1915,0.621,3.2336,3.2145,3.2088,3.2205,3.2329,3.2475,3.2621,3.277,3.2919,3.3068,3.3218,3.3367
1.8853,1.8474,1.7999,1.7397,1.6775,1.6099,1.5423,1.474,1.4057,1.3373,1.2689,1.2019,0.7605,2.7857,2.802,2.8069,2.7969,2.7863,2.7737,2.7611,2.7483,2.7355,2.7227,2.7098,2.697
0.5542,0.6159,0.6932,0.7911,0.8922,1.0021,1.1121,1.2232,1.3342,1.4454,1.5565,1.6655,1.7731,1.8052,0.9264,1.6135,2.3006,2.9877,3.6748,3.9337,3.9337,3.9337,3.9337,3.9337,3.9337
3.6411,3.9432,3.9432,3.9432,3.9432,3.9432,3.4082,2.8629,3.9432,3.9432,3.9432,3.9432,3.9432,3.9432,3.9432,3.9432,3.9432,3.9432,3.9432,3.9432,3.9432,3.9432,3.9432,3.9432,3.9432
2.5015,2.4512,2.3882,2.3083,2.2258,2.1361,2.0463,1.9557,1.8651,1.7744,1.6837,1.5948,1.507,1.4808,1.0967,1.9101,2.7235,3.537,3.6803,3.6636,3.6466,3.6296,3.6126,3.5955,3.5785
0.3347,0.372,0.4186,0.4778,0.5388,0.6052,0.6716,0.7387,0.8058,0.8729,0.94,1.0059,1.0708,2.7298,2.7138,2.709,2.7188,2.7292,2.7416,2.7539,2.7665,2.7791,2.7917,2.8043,2.8169
2.5204,2.4696,2.4062,2.3256,2.2426,2.1522,2.0617,1.9704,1.8791,1.7878,1.6964,0.9987,3.7503,3.724,3.7458,3.7524,3.739,3.7248,3.708,3.6912,3.674,3.6569,3.6397,3.6226,3.6054
3.9815,3.9815,3.9815,3.9815,3.9815,3.9815,3.9815,3.9815,3.9815,3.9815,3.9815,3.9815,3.9815,3.9815,3.9815,3.9815,3.9815,3.9815,3.9815,3.9815,3.9815,3.9815,3.9815,3.9815,3.9815
0.5461,0.6069,0.683,0.7795,0.879,0.9874,1.0957,1.2051,1.3146,1.4241,1.5336,0.8566,3.9912,3.9912,3.9912,3.9912,3.9912,3.9912,3.9912,3.9912,3.9912,3.9912,3.9912,3.9912,3.9912
1.8752,1.8374,1.7902,1.7303,1.6685,1.6012,1.5339,1.466,1.3981,1.3301,1.2621,1.1954,1.1296,1.1205,2.7869,2.7918,2.7818,2.7713,2.7588,2.7463,2.7335,2.7208,2.708,2.6952,2.6824
0.3969,0.4411,0.4964,0.5666,0.639,0.7177,0.7965,0.876,0.9555,1.0351,1.1148,1.1928,1.2699,0.6447,1.3596,2.3679,3.2242,3.2366,3.2512,3.2658,3.2808,3.2957,3.3106,3.3256,3.3406
4.0206,4.0206,4.0206,4.0206,4.0206,4.0206,4.0206,4.0206,4.0206,4.0206,4.0206,4.0206,4.0206,4.0206,4.0206,4.0206,4.0206,4.0206,4.0206,4.0206,4.0206,4.0206,4.0206,4.0206,4.0206
3.9687,3.8889,3.7889,3.6621,3.5313,3.3889,3.2466,3.1028,2.959,2.8151,2.6712,2.5301,2.3909,2.3493,2.3838,1.4446,2.0599,2.6751,3.2902,3.9054,4.0305,4.0305,4.0305,4.0305,4.0305
0.3544,0.3939,0.4433,0.5059,0.5705,0.6408,0.7112,0.7822,0.8532,0.9243,0.9954,1.0651,0.5551,2.8905,2.8735,2.8684,2.8789,2.8899,2.903,2.916,2.9294,2.9427,2.956,2.9694,2.9828
1.9985,1.9582,1.9079,1.8441,1.7782,1.7065,1.6348,1.5624,1.49,1.4176,1.3451,1.274,0.614,2.9528,2.9702,2.9753,2.9647,2.9535,2.9401,2.9268,2.9132,2.8996,2.886,2.8724,2.8588
0.7939,0.8823,0.9929,1.1332,1.2779,1.4354,1.593,1.752,1.9111,2.0703,2.2295,2.3857,2.5398,2.5857,2.5476,1.4071,2.0063,2.6056,3.2048,3.804,4.0605,4.0605,4.0605,4.0605,4.0605
1.0966,1.2187,1.3715,1.5653,1.7653,1.9828,2.2004,2.4201,2.4077,1.8413,1.2891,4.0706,4.0706,4.0706,4.0706,4.0706,4.0706,4.0706,4.0706,4.0706,4.0706,4.0706,4.0706,4.0706,4.0706
2.1224,2.0797,2.0262,1.9584,1.8885,1.8123,1.7362,1.6593,1.5824,1.5055,1.4285,1.3531,1.2786,0.6299,1.473,2.5653,3.1486,3.1367,3.1225,3.1084,3.0939,3.0795,3.065,3.0506,3.0361
0.341,0.379,0.4265,0.4867,0.5489,0.6166,0.6843,0.7526,0.8209,0.8893,0.9577,1.0248,1.0909,0.8636,2.7648,2.7599,2.7699,2.7805,2.7931,2.8057,2.8185,2.8313,2.8442,2.857,2.8699
3.2196,3.1548,3.0737,2.9709,2.8647,2.7493,2.6338,2.5171,2.4005,2.1347,1.4781,4.1011,4.1011,4.1011,4.1011,4.1011,4.1011,4.1011,4.1011,4.1011,4.1011,4.1011,4.1011,4.1011,4.1011
4.1114,4.1114,4.1114,4.1114,4.1114,4.1114,4.1114,4.1114,4.1114,4.1114,4.1114,4.1114,4.1114,4.1114,4.1114,4.1114,4.1114,4.1114,4.1114,4.1114,4.0234,4.1114,4.1114,4.1114,4.1114
0.4329,0.481,0.5414,0.6179,0.6968,0.7827,0.8686,0.9553,1.042,1.1288,1.2156,1.0506,3.5052,3.5302,3.5095,3.5032,3.516,3.5295,3.5454,3.5614,3.5777,3.5939,3.6103,3.6266,3.6429
1.839,1.802,1.7557,1.6969,1.6363,1.5704,1.5044,1.4378,1.3712,1.3045,1.2378,1.1724,1.1079,2.7173,2.7332,2.738,2.7282,2.7179,2.7056,2.6933,2.6808,2.6683,2.6558,2.6433,2.6307
0.4705,0.5229,0.5884,0.6716,0.7574,0.8507,0.9441,1.0384,1.1326,1.227,1.3214,1.4139,1.5052,1.5324,1.0312,1.7958,2.5607,3.3255,3.8537,3.8711,3.8888,3.9065,3.9242,3.9419,3.9597
4.1531,4.1531,4.1531,4.1531,4.1531,4.1531,4.1531,4.1531,4.1531,4.1531,4.1531,4.1531,4.1531,4.1531,4.1531,4.1531,4.1531,4.1531,4.1531,4.1531,4.1531,4.1531,4.1531,4.1531,4.1531
2.8478,2.7905,2.7187,2.6278,2.5339,2.4318,2.3296,2.2264,2.1233,2.02,1.9168,1.8155,1.7156,1.6858,0.9546,1.6625,2.3705,3.0784,3.7864,4.1637,4.1513,4.132,4.1126,4.0932,4.0738
0.3343,0.3715,0.4181,0.4772,0.5382,0.6045,0.6708,0.7378,0.8048,0.8718,0.9389,1.0047,1.0434,2.7266,2.7105,2.7057,2.7156,2.726,2.7383,2.7506,2.7632,2.7758,2.7884,2.801,2.8136
2.2403,2.1952,2.1388,2.0672,1.9933,1.913,1.8326,1.7515,1.6703,1.5891,1.5079,1.1682,3.3336,3.3101,3.3296,3.3354,3.3235,3.3109,3.2959,3.281,3.2658,3.2505,3.2353,3.22,3.2047
1.5408,1.7123,1.927,2.1993,2.4802,2.7859,3.0916,3.4004,3.7091,4.0181,4.1956,4.1956,4.1956,4.1956,4.1956,4.1956,4.1956,2.4998,2.9614,3.515,4.0687,4.1956,4.1956,4.1956,4.1956
0.6607,0.7342,0.8263,0.943,1.0635,1.1945,1.3256,1.458,1.5904,1.7229,1.3956,0.9066,4.2064,4.2064,4.2064,4.2064,4.2064,4.2064,4.2064,4.2064,4.2064,4.2064,4.2064,4.2064,4.2064
1.9188,1.8801,1.8318,1.7705,1.7073,1.6384,1.5696,1.5001,1.4306,1.361,1.2915,1.2232,1.1559,0.6286,2.432,2.8567,2.8465,2.8357,2.8229,2.8101,2.7971,2.784,2.7709,2.7579,2.7448
0.3652,0.4059,0.4567,0.5213,0.5879,0.6603,0.7328,0.806,0.8791,0.9524,1.0256,1.0974,1.1683,0.5931,1.719,2.9556,2.9664,2.9777,2.9912,3.0047,3.0184,3.0321,3.0459,3.0597,3.0734
4.2391,4.2391,4.2391,4.2391,4.2391,4.0907,3.6241,3.0443,2.4645,1.9839,4.2391,4.2391,4.2391,4.2391,4.2391,4.2391,4.2391,4.2391,4.2391,4.2391,4.2391,4.2391,4.2391,4.2391,4.2391
4.2501,4.2501,4.2501,4.2501,4.2501,4.2501,4.2501,4.1699,3.9767,3.7833,3.5899,3.4003,3.2131,3.1573,3.2036,3.2174,1.9232,2.4976,3.072,3.6463,4.2207,4.2501,4.2501,4.2501,4.2501
0.3723,0.4138,0.4657,0.5315,0.5994,0.6732,0.7471,0.8217,0.8963,0.971,1.0457,1.1189,0.5832,3.0367,3.0188,3.0135,3.0244,3.036,3.0497,3.0635,3.0775,3.0915,3.1055,3.1195,3.1336
1.8914,1.8534,1.8057,1.7453,1.683,1.6151,1.5473,1.4787,1.4102,1.3417,1.2731,1.2058,0.5811,2.7947,2.8111,2.816,2.806,2.7953,2.7827,2.7701,2.7572,2.7444,2.7315,2.7186,2.7057
0.6148,0.6832,0.7689,0.8775,0.9896,1.1116,1.2336,1.3567,1.4799,1.6032,1.7265,1.8474,1.9668,2.0023,0.969,1.5,2.1389,2.7777,3.4165,4.0553,4.2834,4.2834,4.2834,4.2834,4.2834
1.8973,2.1085,2.3729,2.7082,3.0541,3.4305,3.3941,2.8511,2.3082,1.8498,4.2946,4.2946,4.2946,4.2946,4.2946,4.2946,4.2946,4.2946,4.2946,4.2946,4.2946,4.2946,4.2946,4.2946,4.2946
2.2994,2.2531,2.1952,2.1217,2.0459,1.9635,1.881,1.7977,1.7144,1.631,1.5476,1.4659,1.3852,1.3611,1.1928,2.0773,2.962,3.3982,3.3829,3.3675,3.3519,3.3363,3.3206,3.305,3.2893
0.331,0.3678,0.4139,0.4724,0.5327,0.5984,0.6641,0.7304,0.7967,0.8631,0.9294,0.9945,1.0588,2.1523,2.6832,2.6784,2.6882,2.6985,2.7107,2.7229,2.7353,2.7478,2.7603,2.7727,2.7852
2.6978,2.6435,2.5755,2.4894,2.4004,2.3037,2.2069,2.1092,2.0114,1.9136,1.6306,0.9235,4.0144,3.9861,4.0096,4.0166,4.0022,3.987,3.969,3.951,3.9327,3.9144,3.896,3.8776,3.8592
4.3401,4.3401,4.3401,4.3401,4.3401,4.3401,4.3401,4.3401,4.3401,4.3401,4.3401,4.3401,4.3401,4.3401,4.3401,4.3401,4.3401,4.3401,4.3401,4.3401,4.3401,4.3401,4.3401,4.3401,4.3401
0.4876,0.5419,0.6098,0.696,0.7849,0.8816,0.9784,1.0761,1.1738,1.2716,1.3694,0.9047,3.9485,3.9767,3.9533,3.9463,3.9607,3.9759,3.9938,4.0118,4.0302,4.0485,4.0669,4.0852,4.1036
1.8277,1.7909,1.7448,1.6864,1.6262,1.5607,1.4951,1.4289,1.3627,1.2964,1.2301,1.1651,1.101,2.1355,2.7163,2.7211,2.7113,2.701,2.6889,2.6767,2.6642,2.6518,2.6394,2.6269,2.6145
0.4145,0.4606,0.5184,0.5916,0.6672,0.7494,0.8317,0.9147,0.9978,1.0809,1.164,1.2456,1.326,1.35,1.1907,2.0736,2.9567,3.3796,3.3949,3.4102,3.4258,3.4414,3.457,3.4726,3.4882
4.3866,4.3866,4.3866,4.3866,4.3866,4.3866,4.3866,4.3866,4.3866,4.3866,4.3866,4.3866,4.3866,4.3866,4.3866,4.3866,4.3866,4.3866,4.3866,4.3866,4.3866,4.3866,4.3866,4.3866,4.3866
3.3893,3.3211,3.2357,3.1275,3.0157,2.8942,2.7726,2.6498,2.527,2.4041,2.2812,2.1607,2.0418,2.0063,1.0352,1.4933,2.1293,2.7652,3.4011,4.037,4.3984,4.3984,4.3984,4.3984,4.3984
0.3403,0.3782,0.4256,0.4857,0.5478,0.6153,0.6828,0.751,0.8192,0.8874,0.9557,1.0226,0.533,2.7753,2.7589,2.7541,2.7641,2.7747,2.7872,2.7998,2.8126,2.8254,2.8382,2.851,2.8638
2.047,2.0058,1.9543,1.8889,1.8214,1.748,1.6745,1.6004,1.5262,1.452,1.3778,1.305,0.6289,3.0246,3.0423,3.0477,3.0367,3.0252,3.0116,2.9979,2.984,2.9701,2.9562,2.9422,2.9283
0.9564,1.0629,1.1962,1.3652,1.5396,1.7293,1.9191,2.1107,2.3024,2.4942,2.686,2.8741,3.0597,3.1151,3.0692,1.4938,1.9108,2.4815,3.0522,3.6228,4.1935,4.4341,4.4341,4.4341,4.4341
0.8607,0.9565,1.0765,1.2286,1.3855,1.5563,1.7271,1.8996,2.072,1.8703,1.295,4.4461,4.4461,4.4461,4.4461,4.4461,4.4461,4.4461,4.4461,4.4461,4.4461,4.4461,4.4461,4.4461,4.4461
2.0038,1.9635,1.913,1.849,1.7829,1.7111,1.6392,1.5666,1.494,1.4214,1.3487,1.2774,1.2071,0.5947,1.7027,2.9655,2.9726,2.9614,2.948,2.9346,2.921,2.9074,2.8938,2.8801,2.8664
0.3437,0.3819,0.4298,0.4905,0.5532,0.6214,0.6896,0.7584,0.8273,0.8962,0.9651,1.0327,1.0994,0.624,2.4139,2.7813,2.7915,2.8021,2.8148,2.8275,2.8404,2.8533,2.8663,2.8792,2.8922
3.6146,3.5418,3.4508,3.3353,3.2161,3.0865,2.9568,2.8259,2.6103,1.9962,1.3822,4.4826,4.4826,4.4826,4.4826,4.4826,4.4826,4.4826,4.4826,4.4826,4.4826,4.4826,4.4826,4.4826,4.4826
4.4949,4.4949,4.4949,4.4949,4.4949,4.4949,4.4949,4.4949,4.4949,4.4949,4.4949,4.4949,4.4949,4.4949,4.4949,4.4949,4.4949,2.5109,2.9291,3.4767,4.0244,4.4949,4.4949,4.4949,4.4949
0.4005,0.445,0.5009,0.5716,0.6446,0.7241,0.8036,0.8838,0.964,1.0443,1.1247,1.1537,3.2429,3.266,3.2468,3.2411,3.2529,3.2653,3.2801,3.2949,3.3099,3.325,3.3401,3.3552,3.3703
1.8261,1.7894,1.7434,1.685,1.6248,1.5594,1.4938,1.4277,1.3615,1.2953,1.2291,1.1642,1.0347,2.6982,2.7141,2.7188,2.7091,2.6988,2.6866,2.6745,2.662,2.6496,2.6372,2.6248,2.6123
0.5077,0.5642,0.635,0.7247,0.8172,0.918,1.0187,1.1204,1.2222,1.324,1.4258,1.5257,1.6242,1.6536,0.9423,1.6412,2.3401,3.039,3.7379,4.1771,4.1961,4.2152,4.2344,4.2535,4.2726
4.5448,4.5448,4.5448,4.5448,4.3781,3.8474,3.3167,4.5448,4.5448,4.5448,4.5448,4.5448,4.5448,4.5448,4.5448,4.5448,4.5448,4.5448,4.5448,4.5448,4.5448,4.5448,4.5448,4.5448,4.5448
2.5652,2.5136,2.4489,2.367,2.2824,2.1904,2.0984,2.0055,1.9126,1.8196,1.7265,1.6353,1.5453,1.5185,1.0152,1.7681,2.5212,3.2742,3.7739,3.7568,3.7394,3.7219,3.7045,3.687,3.6695
0.3273,0.3637,0.4093,0.4671,0.5268,0.5917,0.6566,0.7222,0.7878,0.8534,0.9191,0.9834,1.0469,2.669,2.6533,2.6485,2.6582,2.6684,2.6804,2.6925,2.7048,2.7171,2.7294,2.7418,2.7541
2.3537,2.3063,2.247,2.1718,2.0942,2.0098,1.9254,1.8401,1.7549,1.6695,1.5842,1.0339,3.5023,3.4777,3.4981,3.5042,3.4917,3.4784,3.4627,3.447,3.431,3.415,3.399,3.383,3.3669
2.4447,2.7168,3.0575,3.4895,3.9352,4.4202,4.5958,4.5958,4.5958,4.5958,4.5958,4.5958,4.5958,4.5958,4.5958,4.5958,4.5958,4.5958,4.5958,4.5958,4.5958,4.4919,4.5958,4.5958,4.5958
0.5719,0.6356,0.7153,0.8164,0.9207,1.0341,1.1476,1.2622,1.3768,1.4915,1.4506,0.806,4.6087,4.6087,4.6087,4.6087,4.6087,4.6087,4.6087,4.6087,4.6087,4.6087,4.6087,4.6087,4.6087
1.8507,1.8134,1.7668,1.7077,1.6467,1.5803,1.5139,1.4469,1.3798,1.3127,1.2456,1.1798,1.1149,0.8451,2.7505,2.7553,2.7454,2.735,2.7227,2.7104,2.6978,2.6852,2.6726,2.66,2.6474
0.376,0.4178,0.4702,0.5367,0.6052,0.6798,0.7544,0.8298,0.9051,0.9805,1.0559,1.1299,1.2028,0.6107,1.4452,2.5169,3.054,3.0657,3.0796,3.0934,3.1076,3.1217,3.1359,3.15,3.1642
4.6479,4.6479,4.6479,4.6479,4.5778,4.0229,3.4681,2.9132,4.6479,4.6479,4.6479,4.6479,4.6479,4.6479,4.6479,4.6479,4.6479,4.6479,4.6479,4.6479,4.6479,4.6479,4.6479,4.6479,4.6479
4.3022,4.2156,4.1072,3.9698,3.8279,3.6737,3.5193,3.3635,3.2076,3.0516,2.8956,2.7427,2.5917,2.5467,2.584,1.3766,1.9628,2.5491,3.1352,3.7214,4.3076,4.6612,4.6612,4.6612,4.6612
0.3533,0.3927,0.4419,0.5043,0.5688,0.6388,0.709,0.7798,0.8506,0.9214,0.9923,1.0618,0.5534,2.8816,2.8646,2.8596,2.87,2.881,2.894,2.907,2.9203,2.9336,2.9469,2.9602,2.9735
1.9148,1.8763,1.828,1.7669,1.7038,1.6351,1.5664,1.497,1.4277,1.3582,1.2888,1.2207,0.5883,2.8292,2.8459,2.8508,2.8406,2.8299,2.8171,2.8043,2.7913,2.7783,2.7653,2.7522,2.7392
0.6996,0.7775,0.875,0.9986,1.1262,1.265,1.4038,1.544,1.6842,1.8245,1.9648,2.1024,2.2382,2.2787,2.2451,1.4105,2.0112,2.6119,3.2125,3.8132,4.4138,4.7013,4.7013,4.7013,4.7013
1.2785,1.4208,1.5989,1.8248,2.058,2.3116,2.5653,2.8214,2.3188,1.7733,4.7148,4.7148,4.7148,4.7148,4.7148,4.7148,4.7148,4.7148,4.7148,4.7148,4.7148,4.7148,4.7148,4.7148,4.7148
2.1403,2.0972,2.0433,1.975,1.9044,1.8276,1.7509,1.6733,1.5958,1.5182,1.4406,1.3645,1.2894,0.6352,1.3238,2.3055,3.1752,3.1631,3.1489,3.1346,3.12,3.1055,3.0909,3.0763,3.0617
0.33,0.3668,0.4128,0.4711,0.5313,0.5967,0.6622,0.7284,0.7945,0.8607,0.9269,0.9918,1.0559,1.0945,2.6758,2.6711,2.6808,2.6911,2.7033,2.7154,2.7278,2.7403,2.7527,2.7651,2.7776
2.9364,2.8774,2.8034,2.7096,2.6128,2.5075,2.4021,2.2957,2.1894,2.0829,1.5005,1.0052,4.3695,4.3388,4.3642,4.3719,4.3562,4.3397,4.3201,4.3005,4.2806,4.2606,4.2406,4.2206,4.2006
4.7697,4.7697,4.7697,4.7697,4.7697,4.7697,4.7697,4.7697,4.7697,4.7697,4.7697,4.7697,4.7697,4.7697,4.7697,4.7697,4.7697,4.7697,4.7697,4.7697,4.7697,4.7697,4.7697,4.7697,4.7697
0.4428,0.492,0.5537,0.632,0.7127,0.8005,0.8884,0.9771,1.0658,1.1546,1.2434,0.9694,3.5853,3.6109,3.5897,3.5833,3.5963,3.6101,3.6264,3.6428,3.6594,3.6761,3.6927,3.7094,3.7261
1.7967,1.7605,1.7152,1.6579,1.5986,1.5342,1.4697,1.4046,1.3396,1.2744,1.2093,1.1454,1.0824,2.6547,2.6703,2.6749,2.6653,2.6552,2.6433,2.6313,2.6191,2.6069,2.5946,2.5824,2.5701
0.4383,0.4871,0.5481,0.6256,0.7055,0.7924,0.8794,0.9672,1.055,1.1429,1.2308,1.317,1.4021,1.4275,1.064,1.8531,2.6423,3.4314,3.5897,3.6059,3.6224,3.6389,3.6554,3.6719,3.6884
4.8259,4.8259,4.8259,4.8259,4.8259,4.8259,4.8259,4.8259,4.8259,4.8259,4.8259,4.8259,4.8259,4.8259,4.8259,4.8259,4.8259,4.8259,4.8259,4.8259,4.8259,4.8259,4.8259,4.8259,4.8259
2.9696,2.9099,2.8351,2.7402,2.6423,2.5358,2.4293,2.3217,2.2141,2.1064,1.9988,1.8932,1.789,1.7579,0.907,1.5611,2.226,2.8908,3.5556,4.2204,4.329,4.3088,4.2885,4.2683,4.2481
0.3297,0.3664,0.4123,0.4706,0.5307,0.5961,0.6615,0.7276,0.7936,0.8597,0.9259,0.9907,0.7333,2.6887,2.6729,2.6681,2.6779,2.6881,2.7003,2.7124,2.7248,2.7372,2.7496,2.7621,2.7745
2.1186,2.0759,2.0226,1.9549,1.885,1.8091,1.7331,1.6563,1.5796,1.5028,1.4259,1.2342,3.1525,3.1303,3.1487,3.1542,3.1429,3.131,3.1168,3.1027,3.0883,3.0739,3.0595,3.0451,3.0306
1.225,1.3614,1.5321,1.7485,1.9719,2.2149,2.458,2.7034,2.9489,3.1946,3.4403,3.6812,3.9189,3.9898,3.9311,3.9135,1.9493,2.3857,2.9343,3.4829,4.0316,4.5802,4.8835,4.8835,4.8835
0.71,0.789,0.888,1.0134,1.1429,1.2837,1.4246,1.5669,1.7091,1.8515,1.3281,0.9743,4.8981,4.8981,4.8981,4.8981,4.8981,4.8981,4.8981,4.8981,4.8981,4.8981,4.8981,4.8981,4.8981
1.9108,1.8723,1.8242,1.7632,1.7002,1.6317,1.5631,1.4939,1.4247,1.3554,1.2861,1.2182,1.1511,0.5671,2.0493,2.8448,2.8347,2.8239,2.8112,2.7984,2.7855,2.7725,2.7595,2.7464,2.7334
0.3495,0.3884,0.4371,0.4989,0.5626,0.632,0.7013,0.7713,0.8414,0.9115,0.9816,1.0503,1.1182,0.5677,1.8913,2.8287,2.839,2.8499,2.8628,2.8757,2.8888,2.9019,2.9151,2.9283,2.9415
4.1778,4.0937,3.9884,3.855,3.7172,3.5674,3.4175,3.0479,2.4674,1.887,4.9424,4.9424,4.9424,4.9424,4.9424,4.9424,4.9424,4.9424,4.9424,4.9424,4.9424,4.9424,4.9424,4.9424,4.9424
4.9573,4.9573,4.9573,4.9573,4.9573,4.9573,4.9573,4.7529,4.5327,4.3123,4.0918,3.8757,3.6624,3.5987,3.6515,3.6673,1.8504,2.4031,2.9557,3.5083,4.0609,4.6135,4.9573,4.9573,4.9573
0.3749,0.4167,0.4689,0.5352,0.6035,0.6779,0.7523,0.8274,0.9025,0.9777,1.0529,1.1267,0.5872,3.0577,3.0397,3.0343,3.0454,3.057,3.0709,3.0847,3.0988,3.1129,3.127,3.1411,3.1553
1.829,1.7922,1.7461,1.6877,1.6274,1.5618,1.4962,1.4299,1.3636,1.2973,1.231,1.166,0.6249,2.7024,2.7183,2.723,2.7133,2.703,2.6908,2.6786,2.6662,2.6537,2.6413,2.6288,2.6163
0.5579,0.62,0.6977,0.7963,0.898,1.0087,1.1194,1.2311,1.3429,1.4548,1.5667,1.6764,1.7847,1.817,0.8793,1.52,2.1673,2.8146,3.4619,4.1092,4.6108,4.6318,4.6528,4.6738,4.6948
2.6181,2.9095,3.2744,3.737,4.2144,3.8255,3.2978,2.7702,2.2426,5.0181,5.0181,5.0181,5.0181,5.0181,5.0181,5.0181,5.0181,5.0181,5.0181,5.0181,5.0181,5.0181,5.0181,5.0181,5.0181
2.3465,2.2993,2.2402,2.1652,2.0879,2.0037,1.9195,1.8345,1.7495,1.6644,1.5794,1.4959,1.4136,1.389,1.0964,1.9095,2.7227,3.4678,3.4522,3.4366,3.4206,3.4046,3.3887,3.3727,3.3567
0.3231,0.359,0.404,0.4611,0.52,0.5841,0.6482,0.713,0.7777,0.8425,0.9073,0.9708,1.0335,2.6348,2.6193,2.6146,2.6242,2.6342,2.6461,2.658,2.6702,2.6823,2.6945,2.7067,2.7188
2.5057,2.4553,2.3922,2.3121,2.2295,2.1397,2.0498,1.959,1.8682,1.7774,1.6776,0.9321,3.7286,3.7023,3.7241,3.7306,3.7172,3.7031,3.6864,3.6697,3.6527,3.6357,3.6186,3.6015,3.5845
5.0803,5.0803,5.0803,5.0803,5.0803,5.0803,5.0803,5.0803,5.0803,5.0803,5.0803,5.0803,5.0803,5.0803,5.0803,5.0803,5.0803,5.0803,5.0803,5.0803,5.0803,5.0803,5.0803,5.0803,5.0803
0.5065,0.5629,0.6335,0.723,0.8153,0.9158,1.0163,1.1178,1.2193,1.3209,1.4225,0.8477,4.1016,4.1309,4.1066,4.0993,4.1143,4.13,4.1487,4.1674,4.1864,4.2055,4.2245,4.2436,4.2627
1.8007,1.7645,1.7191,1.6616,1.6022,1.5377,1.4731,1.4078,1.3426,1.2773,1.212,1.148,1.0848,1.325,2.6763,2.681,2.6714,2.6613,2.6492,2.6372,2.625,2.6128,2.6005,2.5882,2.576
0.3912,0.4348,0.4893,0.5585,0.6298,0.7074,0.785,0.8634,0.9418,1.0203,1.0988,1.1757,1.2517,0.6355,1.2514,2.1795,3.1077,3.1901,3.2046,3.219,3.2337,3.2484,3.2631,3.2779,3.2926
5.1441,5.1441,5.1441,4.9816,5.1441,5.1441,5.1441,5.1441,5.1441,5.1441,5.1441,5.1441,5.1441,5.1441,5.1441,5.1441,5.1441,5.1441,5.1441,5.1441,5.1441,5.1441,5.1441,5.1441,5.1441
3.6159,3.5432,3.4521,3.3366,3.2173,3.0877,2.9579,2.827,2.696,2.5649,2.4338,2.3052,2.1783,2.1405,2.1719,1.4189,2.0232,2.6274,3.2316,3.8358,4.44,5.0443,5.1603,5.1603,5.1603
0.3385,0.3762,0.4234,0.4832,0.5449,0.6121,0.6793,0.7471,0.8149,0.8828,0.9507,1.0173,0.5302,2.7609,2.7446,2.7398,2.7498,2.7603,2.7728,2.7853,2.798,2.8107,2.8235,2.8362,2.849
1.9566,1.9172,1.8679,1.8054,1.7409,1.6708,1.6006,1.5297,1.4588,1.3879,1.3169,1.2474,0.6011,2.891,2.908,2.9131,2.9026,2.8916,2.8786,2.8655,2.8522,2.8389,2.8256,2.8123,2.7989
0.8233,0.915,1.0297,1.1752,1.3253,1.4887,1.6521,1.817,1.982,2.1471,2.3122,2.4742,2.634,2.6816,2.6421,1.34,1.9107,2.4814,3.0521,3.6227,4.1933,4.764,5.2095,5.2095,5.2095
0.9642,1.0715,1.2059,1.3763,1.5521,1.7434,1.9347,2.1279,2.3211,1.7975,1.2445,5.2262,5.2262,5.2262,5.2262,5.2262,5.2262,5.2262,5.2262,5.2262,5.2262,5.2262,5.2262,5.2262,5.2262
2.0148,1.9743,1.9235,1.8591,1.7927,1.7205,1.6482,1.5752,1.5022,1.4292,1.3561,1.2845,1.2138,0.5979,1.5066,2.6239,2.989,2.9776,2.9642,2.9508,2.9371,2.9234,2.9096,2.8959,2.8822
0.332,0.3689,0.4152,0.4739,0.5344,0.6002,0.6661,0.7327,0.7992,0.8657,0.9323,0.9976,1.0621,0.7319,2.6916,2.6868,2.6966,2.7069,2.7191,2.7314,2.7439,2.7564,2.7689,2.7814,2.7939
3.2604,3.1948,3.1127,3.0085,2.901,2.7841,2.6671,2.549,2.4309,2.0193,1.3981,4.966,4.8516,4.8175,4.8458,4.8542,4.8368,4.8185,4.7968,4.775,4.7529,4.7307,4.7085,4.6863,4.6641
5.2937,5.2937,5.2937,5.2937,5.2937,5.2937,5.2937,5.2937,5.2937,5.2937,5.2937,5.2937,5.2937,5.2937,5.2937,5.2937,5.2937,5.2937,5.2937,3.375,3.9066,4.4382,4.9698,5.2937,5.2937
0.4078,0.4532,0.51,0.5821,0.6565,0.7374,0.8183,0.9,0.9817,1.0635,1.1453,1.0559,3.3023,3.3259,3.3064,3.3005,3.3125,3.3252,3.3402,3.3553,3.3706,3.3859,3.4013,3.4167,3.432
1.7811,1.7452,1.7004,1.6435,1.5848,1.5209,1.457,1.3925,1.328,1.2634,1.1988,1.1355,1.073,2.6317,2.6471,2.6517,2.6422,2.6322,2.6204,2.6085,2.5964,2.5843,2.5721,2.56,2.5479
0.47,0.5223,0.5878,0.6708,0.7565,0.8498,0.943,1.0372,1.1314,1.2256,1.3199,1.4123,1.5035,1.5307,0.9669,1.684,2.4012,3.1183,3.8354,3.8668,3.8845,3.9021,3.9198,3.9375,3.9553
5.363,5.363,5.3314,4.8105,5.363,5.363,5.363,5.363,5.363,5.363,5.363,5.363,5.363,5.363,5.363,5.363,5.363,5.363,5.363,5.363,5.363,5.363,5.363,5.363,5.363
2.6555,2.6021,2.5352,2.4503,2.3628,2.2676,2.1723,2.0761,1.9799,1.8836,1.7873,1.6929,1.5997,1.572,0.9487,1.6523,2.3559,3.0596,3.7632,3.8891,3.871,3.853,3.8349,3.8168,3.7987
0.3222,0.358,0.4029,0.4598,0.5186,0.5825,0.6464,0.711,0.7755,0.8401,0.9047,0.9681,1.0306,2.6273,2.6119,2.6072,2.6167,2.6268,2.6386,2.6505,2.6626,2.6747,2.6869,2.699,2.7112
2.2171,2.1725,2.1166,2.0458,1.9727,1.8932,1.8136,1.7333,1.653,1.5726,1.4922,1.0818,3.299,3.2758,3.2951,3.3008,3.289,3.2766,3.2618,3.247,3.2319,3.2168,3.2018,3.1866,3.1715
1.7409,1.9347,2.1773,2.485,2.8024,3.1478,3.4933,3.8421,4.1909,4.54,4.8892,5.2317,5.4342,5.4342,5.4342,5.4342,5.4342,5.4342,2.8887,3.3783,3.9105,4.4426,4.9748,5.4342,5.4342
0.6064,0.6739,0.7584,0.8655,0.9761,1.0964,1.2167,1.3382,1.4597,1.5813,1.376,0.8321,4.9103,4.9454,4.9163,4.9076,4.9255,4.9443,4.9667,4.989,5.0119,5.0347,5.0575,5.0803,5.1032
1.8392,1.8022,1.7558,1.6971,1.6364,1.5705,1.5045,1.4379,1.3713,1.3046,1.2379,1.1725,1.108,0.6766,2.6175,2.7382,2.7284,2.7181,2.7058,2.6935,2.681,2.6685,2.656,2.6435,2.6309
0.3589,0.3988,0.4488,0.5122,0.5777,0.6489,0.7201,0.792,0.8639,0.9359,1.0078,1.0784,1.1481,0.5829,1.5589,2.715,2.9149,2.9261,2.9393,2.9526,2.9661,2.9796,2.9931,3.0066,3.0201
5.0225,4.9214,4.7949,4.6345,4.4689,4.0181,3.4639,2.9097,2.3556,5.5072,5.5072,5.5072,5.5072,5.5072,5.5072,5.5072,5.5072,5.5072,5.5072,5.5072,5.5072,5.5072,5.5072,5.5072,5.5072
4.7535,4.6579,4.5381,4.3863,4.2296,4.0591,3.8886,3.7164,3.5442,3.3718,3.1995,3.0304,2.8636,2.8139,2.8551,1.4643,1.8841,2.4468,3.0095,3.5722,4.1349,4.6976,5.2602,5.5258,5.5258
0.3548,0.3943,0.4437,0.5064,0.5711,0.6415,0.7119,0.783,0.8541,0.9252,0.9964,1.0662,0.5557,2.8935,2.8765,2.8714,2.8818,2.8929,2.9059,2.919,2.9324,2.9457,2.9591,2.9724,2.9858
1.8477,1.8106,1.764,1.705,1.6441,1.5778,1.5115,1.4446,1.3776,1.3107,1.2437,1.178,0.5677,2.7301,2.7462,2.751,2.7411,2.7307,2.7184,2.7061,2.6935,2.681,2.6684,2.6558,2.6432
0.6266,0.6964,0.7837,0.8944,1.0087,1.133,1.2574,1.3829,1.5085,1.6342,1.7599,1.8831,2.0047,2.041,0.9877,1.4245,2.0312,2.6378,3.2444,3.851,4.4576,5.0642,5.2264,5.2501,5.2737
1.5593,1.7329,1.9502,2.2257,2.5101,2.8194,3.1288,2.7778,2.2488,1.7198,5.6014,5.6014,5.6014,5.6014,5.6014,5.6014,5.6014,5.6014,5.6014,5.6014,5.6014,5.6014,5.6014,5.6014,5.6014
2.1753,2.1315,2.0767,2.0072,1.9355,1.8575,1.7795,1.7007,1.6219,1.543,1.4641,1.3868,1.3104,0.6455,1.2054,2.0993,2.9933,3.2148,3.2003,3.1858,3.171,3.1562,3.1414,3.1266,3.1118
0.3216,0.3574,0.4022,0.459,0.5177,0.5815,0.6453,0.7097,0.7742,0.8387,0.9032,0.9664,1.0289,1.5325,2.6074,2.6028,2.6123,2.6223,2.6341,2.646,2.6581,2.6702,2.6823,2.6944,2.7065
2.708,2.6535,2.5853,2.4988,2.4095,2.3124,2.2152,2.1171,2.019,1.9208,1.5359,0.927,4.0295,4.0012,4.0247,4.0317,4.0173,4.002,3.984,3.9659,3.9475,3.9291,3.9107,3.8922,3.8738
5.679,5.679,5.679,5.679,5.679,5.679,5.679,5.679,5.679,5.679,5.679,5.679,5.679,5.679,5.679,5.679,5.679,5.679,5.679,5.679,5.679,5.679,5.679,5.679,5.679
0.4569,0.5078,0.5715,0.6522,0.7355,0.8262,0.9168,1.0084,1.1,1.1916,1.2832,0.9032,3.7001,3.7265,3.7046,3.698,3.7115,3.7257,3.7426,3.7594,3.7766,3.7938,3.811,3.8282,3.8454
1.767,1.7315,1.687,1.6305,1.5723,1.5089,1.4455,1.3815,1.3175,1.2534,1.1893,1.1265,1.0645,2.6109,2.6262,2.6308,2.6214,2.6115,2.5997,2.5879,2.5759,2.5639,2.5518,2.5398,2.5278
0.4119,0.4577,0.5151,0.5879,0.663,0.7447,0.8264,0.909,0.9915,1.0741,1.1567,1.2377,1.3176,1.3415,1.1088,1.9311,2.7535,3.3583,3.3735,3.3887,3.4042,3.4196,3.4352,3.4507,3.4662
5.7589,5.7589,5.7589,5.7589,5.7589,5.7589,5.7589,5.7589,5.7589,5.7589,5.7589,5.7589,5.7589,5.7589,5.7589,5.7589,5.7589,5.7589,5.7589,5.7589,5.7589,5.7589,5.7589,5.7589,5.7589
3.1316,3.0686,2.9897,2.8896,2.7864,2.6741,2.5617,2.4483,2.3349,2.2213,2.1078,1.9964,1.8865,1.8538,0.9565,1.478,2.1074,2.7368,3.3662,3.9956,4.5651,4.5438,4.5224,4.5011,4.4798
0.3273,0.3637,0.4093,0.4672,0.5269,0.5918,0.6567,0.7223,0.7879,0.8535,0.9192,0.9835,0.5632,2.6693,2.6536,2.6489,2.6585,2.6687,2.6808,2.6928,2.7051,2.7174,2.7298,2.7421,2.7544
2.0189,1.9783,1.9274,1.8629,1.7963,1.7239,1.6515,1.5784,1.5053,1.4321,1.3588,1.2871,0.6203,2.983,3.0005,3.0058,2.995,2.9837,2.9702,2.9567,2.943,2.9293,2.9155,2.9018,2.888
1.0157,1.1288,1.2703,1.4498,1.635,1.8365,2.038,2.2415,2.445,2.6487,2.8525,3.0522,3.2493,3.3081,3.2594,3.2448,1.8327,2.3801,2.9274,3.4748,4.0221,4.5694,5.1168,5.6641,5.841
0.7758,0.8621,0.9702,1.1073,1.2488,1.4027,1.5566,1.7121,1.8675,1.8387,1.2731,5.8619,5.8619,5.8619,5.8619,5.8619,5.8619,5.8619,5.8619,5.8619,5.8619,5.8619,5.8619,5.8619,5.8619
1.9162,1.8776,1.8294,1.7681,1.705,1.6363,1.5675,1.4981,1.4287,1.3592,1.2897,1.2216,1.1544,0.5687,1.7719,2.8529,2.8427,2.8319,2.8191,2.8063,2.7933,2.7803,2.7672,2.7542,2.7411
0.3369,0.3744,0.4213,0.4808,0.5423,0.6091,0.6759,0.7434,0.8109,0.8785,0.9461,1.0123,1.0777,0.5502,2.1283,2.7264,2.7363,2.7468,2.7592,2.7716,2.7843,2.797,2.8096,2.8223,2.835
3.7106,3.6359,3.5424,3.4239,3.3016,3.1685,3.0354,2.901,2.4881,1.9028,1.4021,5.6516,5.5214,5.4826,5.5148,5.5244,5.5046,5.4838,5.459,5.4343,5.4091,5.3838,5.3586,5.3333,5.308
5.947,5.947,5.947,5.947,5.947,5.947,5.8676,5.6078,5.3479,5.0879,4.8278,4.5727,4.3211,4.246,4.3082,4.3269,4.2887,2.328,2.8633,3.3987,3.934,4.4693,5.0047,5.54,5.947
0.3804,0.4227,0.4757,0.5429,0.6123,0.6877,0.7632,0.8394,0.9156,0.9919,1.0682,1.143,0.5957,3.102,3.0837,3.0783,3.0895,3.1013,3.1153,3.1294,3.1437,3.158,3.1723,3.1866,3.201
1.7804,1.7446,1.6997,1.6429,1.5842,1.5203,1.4564,1.392,1.3275,1.2629,1.1983,1.135,0.8075,2.6307,2.6461,2.6507,2.6413,2.6312,2.6194,2.6075,2.5954,2.5833,2.5712,2.559,2.5469
0.5122,0.5692,0.6406,0.7311,0.8245,0.9261,1.0278,1.1304,1.233,1.3357,1.4385,1.5392,1.6386,1.6683,0.8914,1.5524,2.2135,2.8746,3.5357,4.1968,4.2334,4.2527,4.272,4.2913,4.3106
4.3764,4.8635,5.2911,4.7742,4.2576,3.7415,3.2254,2.7094,6.0346,6.0346,6.0346,6.0346,6.0346,6.0346,6.0346,6.0346,6.0346,6.0346,6.0346,6.0346,6.0346,6.0346,6.0346,6.0346,6.0346
2.4149,2.3663,2.3055,2.2283,2.1487,2.0621,1.9755,1.888,1.8005,1.713,1.6254,1.5395,1.4548,1.4295,1.0181,1.7731,2.5283,3.2834,3.5528,3.5367,3.5203,3.5039,3.4875,3.471,3.4545
0.3174,0.3528,0.397,0.4531,0.511,0.574,0.637,0.7006,0.7642,0.8278,0.8915,0.9539,1.0155,2.5889,2.5737,2.5691,2.5785,2.5883,2.6,2.6117,2.6237,2.6356,2.6476,2.6595,2.6715
2.3485,2.3013,2.2421,2.1671,2.0897,2.0054,1.9212,1.8361,1.751,1.6659,1.5807,0.9678,3.4947,3.4701,3.4905,3.4966,3.4841,3.4708,3.4552,3.4395,3.4236,3.4076,3.3916,3.3756,3.3596
3.102,3.4473,3.8796,4.4277,4.9934,5.6087,6.1249,6.1249,6.1249,6.1249,6.1249,6.1249,6.1249,6.1249,6.1249,6.1249,6.1249,6.1249,6.1249,6.1249,6.1249,6.1249,6.1249,6.1249,5.9078
0.5316,0.5908,0.6649,0.7588,0.8558,0.9612,1.0667,1.1733,1.2798,1.3864,1.4413,0.8008,4.305,4.3358,4.3103,4.3026,4.3183,4.3348,4.3544,4.374,4.394,4.414,4.4341,4.4541,4.4741
1.7859,1.75,1.705,1.6479,1.589,1.525,1.4609,1.3962,1.3315,1.2668,1.202,1.1385,1.0759,0.9553,2.6542,2.6589,2.6494,2.6393,2.6274,2.6155,2.6034,2.5912,2.5791,2.5669,2.5547
0.3722,0.4136,0.4655,0.5312,0.5991,0.6729,0.7468,0.8214,0.8959,0.9706,1.0452,1.1184,1.1907,0.6045,1.3312,2.3185,3.0231,3.0347,3.0484,3.0621,3.0761,3.0901,3.1041,3.1181,3.1322
6.2178,6.0111,5.4751,4.9403,4.4056,3.8716,3.345,6.2178,6.2178,6.2178,6.2178,6.2178,6.2178,6.2178,6.2178,6.2178,6.2178,6.2178,6.2178,6.2178,6.2178,6.2178,6.2178,6.2178,6.2178
3.9147,3.836,3.7373,3.6123,3.4832,3.3428,3.2024,3.0606,2.9188,2.7768,2.6349,2.4957,2.3583,2.3174,2.3513,1.3581,1.9365,2.5148,3.0932,3.6715,4.2498,4.8282,5.4065,5.6267,5.6
0.3391,0.3768,0.424,0.484,0.5458,0.613,0.6803,0.7483,0.8162,0.8842,0.9522,1.0189,0.5311,2.7652,2.7489,2.7441,2.7541,2.7646,2.7771,2.7896,2.8024,2.8151,2.8279,2.8407,2.8534
1.8834,1.8455,1.798,1.7379,1.6758,1.6082,1.5407,1.4724,1.4042,1.3359,1.2676,1.2007,0.5786,2.7828,2.7991,2.804,2.794,2.7834,2.7708,2.7583,2.7455,2.7327,2.7198,2.707,2.6942
0.7239,0.8044,0.9053,1.0332,1.1652,1.3088,1.4525,1.5975,1.7425,1.8877,2.0329,2.1753,2.3158,2.3576,2.3229,1.3493,1.924,2.4986,3.0732,3.6478,4.2224,4.797,5.3715,5.9461,6.0919
1.1103,1.2339,1.3886,1.5848,1.7873,2.0075,2.2278,2.4503,2.2743,1.7393,1.3052,6.3381,6.3381,6.3381,6.3381,6.3381,6.3381,6.3381,6.3381,6.3381,6.3381,6.3381,6.3381,6.3381,6.3381
2.0405,1.9994,1.948,1.8829,1.8156,1.7424,1.6692,1.5953,1.5214,1.4474,1.3734,1.3008,1.2292,0.6055,1.3542,2.3584,3.0271,3.0156,3.002,2.9884,2.9745,2.9607,2.9468,2.9329,2.919
0.3228,0.3588,0.4038,0.4608,0.5197,0.5837,0.6478,0.7125,0.7771,0.8419,0.9066,0.9701,1.0328,0.8992,2.6174,2.6127,2.6222,2.6323,2.6442,2.6561,2.6682,2.6804,2.6925,2.7047,2.7169
2.9784,2.9185,2.8434,2.7483,2.6501,2.5433,2.4364,2.3286,2.2207,2.0581,1.425,1.0196,4.4319,4.4008,4.4266,4.4343,4.4185,4.4017,4.3819,4.362,4.3418,4.3215,4.3012,4.2809,4.2607
6.4377,6.4377,6.4377,6.4377,6.4377,6.4377,6.4377,6.4377,6.4377,6.4377,6.4377,6.4377,6.4377,6.4377,6.4377,6.4377,6.4377,6.4377,6.4377,6.4377,6.4377,4.3365,4.8559,5.3753,5.8948
0.4186,0.4652,0.5236,0.5975,0.6739,0.7569,0.84,0.9239,1.0078,1.0917,1.1757,0.9767,3.39,3.4142,3.3941,3.3881,3.4004,3.4135,3.4289,3.4443,3.4601,3.4758,3.4916,3.5074,3.5231
1.7484,1.7132,1.6691,1.6133,1.5556,1.4929,1.4302,1.3669,1.3036,1.2402,1.1768,1.1146,1.0533,2.5833,2.5985,2.603,2.5937,2.5839,2.5722,2.5605,2.5487,2.5368,2.5249,2.513,2.501
0.4392,0.4881,0.5493,0.6269,0.707,0.7941,0.8812,0.9692,1.0572,1.1453,1.2334,1.3198,1.405,1.4304,1.0008,1.743,2.4854,3.2277,3.5972,3.6134,3.6299,3.6464,3.663,3.6795,3.6961
6.5405,6.5405,6.5405,6.5405,6.5405,6.5405,6.5405,6.5405,6.5405,6.5405,6.5405,6.5405,6.5405,6.5405,6.5405,6.5405,6.5405,6.5405,6.5405,6.5405,6.5405,6.5405,6.5405,6.5405,6.5405
2.7756,2.7198,2.6499,2.5612,2.4697,2.3702,2.2706,2.17,2.0695,1.9688,1.8682,1.7695,1.6721,1.6431,0.8941,1.5572,2.2204,2.8835,3.5467,4.065,4.0462,4.0273,4.0084,3.9895,3.9706
0.3192,0.3547,0.3992,0.4556,0.5138,0.5771,0.6404,0.7044,0.7683,0.8323,0.8964,0.9591,0.8638,2.603,2.5877,2.5831,2.5925,2.6024,2.6142,2.626,2.638,2.65,2.662,2.674,2.6861
2.1049,2.0625,2.0095,1.9423,1.8729,1.7974,1.7219,1.6456,1.5694,1.4931,1.4167,1.1444,3.1321,3.1101,3.1283,3.1338,3.1226,3.1108,3.0967,3.0827,3.0684,3.0541,3.0397,3.0254,3.011
1.3483,1.4983,1.6862,1.9245,2.1703,2.4378,2.7053,2.9755,3.2456,3.516,3.7864,4.0516,4.3133,4.3913,4.3266,4.3072,4.347,2.3035,2.8332,3.3629,3.8927,4.4224,4.9521,5.4818,6.0115
0.6514,0.7239,0.8147,0.9298,1.0486,1.1778,1.3071,1.4376,1.5681,1.6988,1.3149,0.8939,5.275,5.3127,5.2814,5.2721,5.2913,5.3115,5.3356,5.3596,5.3841,5.4086,5.4331,5.4577,5.4822
1.8398,1.8028,1.7564,1.6977,1.637,1.571,1.505,1.4384,1.3717,1.305,1.2383,1.1729,1.1083,0.564,2.182,2.7391,2.7293,2.719,2.7067,2.6945,2.682,2.6694,2.6569,2.6444,2.6318
0.3449,0.3833,0.4314,0.4924,0.5553,0.6237,0.6921,0.7613,0.8304,0.8995,0.9687,1.0366,1.1035,0.5602,1.7098,2.7917,2.8018,2.8126,2.8253,2.838,2.851,2.864,2.877,2.89,2.903
4.361,4.2732,4.1633,4.024,3.8803,3.7239,3.483,2.9258,2.3686,1.8114,6.7563,6.6422,6.4892,6.4435,6.4814,6.4927,6.4695,6.445,6.4159,6.3868,6.3572,6.3275,6.2978,6.2681,6.2384
5.373,5.2649,5.1295,4.9579,4.7808,4.5881,4.3953,4.2007,4.0061,3.8113,3.6164,3.4254,3.2368,3.1806,3.2272,3.2412,1.8208,2.3646,2.9084,3.4522,3.996,4.5398,5.0836,5.6274,6.1711
0.3587,0.3987,0.4487,0.512,0.5775,0.6486,0.7198,0.7917,0.8636,0.9355,1.0075,1.078,0.5619,2.9257,2.9085,2.9033,2.9139,2.925,2.9383,2.9515,2.965,2.9785,2.992,3.0055,3.019
1.7948,1.7586,1.7134,1.6561,1.5969,1.5326,1.4682,1.4032,1.3381,1.2731,1.208,1.1442,0.5514,2.6518,2.6674,2.6721,2.6625,2.6524,2.6405,2.6285,2.6163,2.6041,2.5919,2.5796,2.5674
0.5691,0.6324,0.7117,0.8123,0.916,1.0289,1.1419,1.2559,1.3699,1.484,1.5982,1.7101,1.8205,1.8535,0.897,1.4491,2.0662,2.6833,3.3004,3.9175,4.5346,4.7248,4.7462,4.7677,4.7891
2.0353,2.2619,2.5455,2.9052,3.2763,3.68,3.2276,2.7112,2.1949,6.8985,6.8985,6.8985,6.8985,6.8985,6.8985,6.8985,6.8985,6.8985,6.8985,6.8985,6.8985,6.8985,6.8985,6.8985,6.8985
2.2278,2.183,2.1269,2.0557,1.9823,1.9024,1.8224,1.7417,1.661,1.5803,1.4995,1.4203,1.3421,1.3188,1.1101,1.9334,2.7568,3.2925,3.2776,3.2628,3.2476,3.2325,3.2173,3.2021,3.1869
0.3154,0.3505,0.3944,0.4502,0.5077,0.5702,0.6328,0.696,0.7592,0.8224,0.8857,0.9477,1.0089,2.572,2.5569,2.5524,2.5617,2.5715,2.5831,2.5947,2.6066,2.6184,2.6303,2.6422,2.6541
2.522,2.4712,2.4077,2.3271,2.244,2.1535,2.0631,1.9717,1.8803,1.7889,1.5851,0.8807,3.7527,3.7263,3.7482,3.7548,3.7413,3.7272,3.7103,3.6935,3.6764,3.6592,3.6421,3.6249,3.6077
7.0167,7.0167,7.0167,7.0167,7.0167,7.0167,7.0167,7.0167,7.0167,7.0167,7.0167,7.0167,7.0167,7.0167,7.0167,7.0167,7.0167,7.0167,7.0167,7.0167,7.0167,7.0167,7.0167,7.0167,7.0167
0.4758,0.5288,0.5951,0.6792,0.766,0.8604,0.9548,1.0501,1.1455,1.2409,1.3364,0.8489,3.8533,3.8808,3.858,3.8511,3.8652,3.88,3.8975,3.915,3.9329,3.9508,3.9688,3.9867,4.0046
1.7489,1.7137,1.6696,1.6137,1.5561,1.4934,1.4306,1.3673,1.3039,1.2405,1.1771,1.1149,1.0536,1.6698,2.5992,2.6038,2.5944,2.5846,2.5729,2.5613,2.5494,2.5375,2.5256,2.5137,2.5018
0.3902,0.4336,0.488,0.5569,0.6281,0.7055,0.7829,0.8611,0.9393,1.0175,1.0958,1.1725,1.2482,0.6337,1.1673,2.033,2.8988,3.1814,3.1958,3.2102,3.2248,3.2395,3.2542,3.2689,3.2836
6.3645,7.139,7.139,7.139,7.139,7.139,7.139,7.139,7.139,7.139,7.139,7.139,7.139,7.139,7.139,7.139,7.139,7.139,7.139,7.139,7.139,7.139,7.139,7.139,7.139
3.342,3.2747,3.1905,3.0838,2.9736,2.8538,2.7339,2.6128,2.4917,2.3706,2.2494,2.1305,2.0133,1.9783,1.0208,1.4097,2.0101,2.6105,3.2108,3.8111,4.4115,4.849,4.8263,4.8035,4.7807
0.327,0.3634,0.409,0.4668,0.5264,0.5913,0.6562,0.7217,0.7872,0.8528,0.9184,0.9827,0.5122,2.667,2.6513,2.6466,2.6562,2.6664,2.6785,2.6905,2.7028,2.7151,2.7274,2.7398,2.7521
1.9375,1.8986,1.8497,1.7878,1.724,1.6545,1.585,1.5148,1.4446,1.3744,1.3041,1.2352,0.5953,2.8628,2.8796,2.8847,2.8743,2.8635,2.8505,2.8376,2.8244,2.8113,2.7981,2.7849,2.7717
0.8683,0.9649,1.0859,1.2393,1.3976,1.5699,1.7422,1.9161,2.0901,2.2642,2.4384,2.6092,2.7777,2.8279,2.7862,1.3561,1.8404,2.3901,2.9397,3.4893,4.039,4.5886,5.1382,5.6879,6.2375
0.8641,0.9603,1.0807,1.2334,1.391,1.5624,1.7339,1.9071,2.0802,1.7745,1.2287,6.8298,6.9975,7.0475,7.006,6.9936,7.0191,7.046,7.0778,7.1097,7.1422,7.1747,7.2072,7.2398,7.2724
1.9346,1.8956,1.8469,1.7851,1.7213,1.6519,1.5825,1.5125,1.4424,1.3722,1.3021,1.2333,1.1654,0.5741,1.5637,2.7234,2.8699,2.859,2.8461,2.8332,2.8201,2.8069,2.7938,2.7806,2.7674
0.3268,0.3632,0.4087,0.4665,0.5261,0.5909,0.6558,0.7212,0.7867,0.8523,0.9178,0.9821,1.0455,0.6367,2.463,2.645,2.6546,2.6648,2.6768,2.6889,2.7012,2.7135,2.7258,2.7381,2.7504
3.3464,3.279,3.1947,3.0878,2.9775,2.8575,2.7375,2.6162,2.495,1.9322,1.3378,5.0969,4.9795,4.9445,4.9735,4.9822,4.9644,4.9455,4.9232,4.9009,4.8782,4.8554,4.8326,4.8098,4.787
7.4304,7.4304,7.4304,7.4304,7.4304,7.4304,7.263,6.9413,6.6197,6.2978,5.9759,5.6602,5.3487,5.2558,5.3328,5.3559,5.3086,5.2586,2.7916,3.3135,3.8354,4.3574,4.8793,5.4012,5.9232
0.3887,0.432,0.4861,0.5548,0.6257,0.7028,0.78,0.8578,0.9357,1.0137,1.0916,1.0746,3.1476,3.1701,3.1515,3.1459,3.1573,3.1694,3.1838,3.1981,3.2127,3.2273,3.242,3.2566,3.2713
1.7441,1.709,1.665,1.6093,1.5518,1.4893,1.4267,1.3635,1.3004,1.2371,1.1739,1.1119,1.0507,2.577,2.5921,2.5966,2.5873,2.5775,2.5659,2.5543,2.5424,2.5306,2.5187,2.5068,2.4949
0.4752,0.5281,0.5943,0.6783,0.7649,0.8592,0.9535,1.0487,1.1439,1.2392,1.3345,1.428,1.5202,1.5477,0.9175,1.598,2.2785,2.959,3.6395,3.9096,3.9275,3.9454,3.9633,3.9812,3.9991
6.2274,5.7169,5.2072,4.6985,4.19,3.6822,7.5677,7.5677,7.5677,7.5677,7.5677,7.5677,7.5677,7.5677,7.5677,7.5677,7.5677,7.5677,7.5677,7.5677,7.5677,7.5677,7.5677,7.5677,7.5677
2.5066,2.4561,2.393,2.3129,2.2303,2.1404,2.0505,1.9597,1.8689,1.778,1.6871,1.598,1.51,1.4838,0.9541,1.6616,2.3692,3.0769,3.6877,3.671,3.6539,3.6369,3.6198,3.6027,3.5857
0.3138,0.3488,0.3925,0.448,0.5052,0.5675,0.6297,0.6926,0.7555,0.8184,0.8814,0.9431,1.004,2.5596,2.5445,2.54,2.5493,2.559,2.5706,2.5822,2.594,2.6058,2.6176,2.6294,2.6412
2.2194,2.1748,2.1189,2.048,1.9748,1.8952,1.8156,1.7352,1.6548,1.5743,1.4938,1.0146,3.3026,3.2793,3.2986,3.3043,3.2925,3.28,3.2652,3.2505,3.2354,3.2203,3.2052,3.19,3.1749
2.0469,2.2748,2.56,2.9217,3.2949,3.701,4.1072,4.5173,4.9274,5.3379,5.7485,6.1511,6.5483,6.6668,6.5686,6.5392,6.5995,6.6631,6.7386,3.4718,3.7997,4.3168,4.8339,5.351,5.868
0.5641,0.6269,0.7055,0.8052,0.9081,1.02,1.1319,1.245,1.358,1.4711,1.372,0.7741,4.5681,4.6007,4.5736,4.5655,4.5822,4.5997,4.6205,4.6413,4.6625,4.6837,4.705,4.7262,4.7475
1.7823,1.7464,1.7015,1.6446,1.5858,1.5219,1.458,1.3934,1.3288,1.2642,1.1996,1.1362,1.0737,0.7457,2.6489,2.6535,2.644,2.634,2.6221,2.6102,2.5981,2.586,2.5739,2.5617,2.5496
0.3566,0.3963,0.446,0.509,0.574,0.6447,0.7155,0.7869,0.8584,0.9299,1.0014,1.0715,1.1407,0.5791,1.4348,2.4988,2.8964,2.9075,2.9206,2.9338,2.9472,2.9606,2.974,2.9874,3.0009
5.3607,5.2528,5.1178,4.9465,4.4184,3.8828,3.3473,2.8118,2.4144,7.858,7.858,7.858,7.858,7.858,7.858,7.858,7.858,7.858,7.858,7.851,7.8145,7.7781,7.7416,7.7051,7.6685
4.3093,4.2226,4.114,3.9764,3.8343,3.6798,3.5251,3.369,3.2129,3.0567,2.9004,2.7472,2.596,2.5509,2.5883,1.3274,1.8662,2.4235,2.9809,3.5382,4.0955,4.6528,5.2101,5.7675,6.1645
0.3418,0.3799,0.4275,0.4879,0.5502,0.618,0.6858,0.7543,0.8228,0.8914,0.9599,1.0272,0.5354,2.7876,2.7712,2.7663,2.7764,2.787,2.7996,2.8122,2.8251,2.8379,2.8508,2.8637,2.8766
1.8248,1.788,1.7421,1.6838,1.6236,1.5582,1.4927,1.4266,1.3605,1.2944,1.2282,1.1633,0.5606,2.6962,2.712,2.7168,2.707,2.6968,2.6846,2.6724,2.66,2.6476,2.6352,2.6228,2.6103
0.6475,0.7196,0.8098,0.9242,1.0423,1.1707,1.2992,1.4289,1.5587,1.6885,1.8184,1.9457,2.0714,2.1089,2.0778,1.3679,1.9504,2.5329,3.1154,3.6979,4.2804,4.8629,5.4003,5.4247,5.4491
1.3256,1.4731,1.6578,1.8921,2.1338,2.3967,2.6598,2.7357,2.2147,1.6937,8.0511,8.0511,8.0511,8.0511,8.0511,8.0511,8.0511,8.0511,8.0511,8.0511,8.0511,8.0511,8.0511,8.0511,8.0511
2.0812,2.0393,1.9868,1.9204,1.8518,1.7771,1.7025,1.6271,1.5517,1.4762,1.4008,1.3268,1.2537,0.6176,1.2336,2.1485,3.0635,3.0757,3.0618,3.0479,3.0338,3.0196,3.0055,2.9913,2.9771
0.3159,0.351,0.3951,0.4509,0.5085,0.5711,0.6338,0.6971,0.7604,0.8238,0.8871,0.9493,1.0106,1.1859,2.5611,2.5565,2.5658,2.5757,2.5873,2.599,2.6108,2.6227,2.6346,2.6465,2.6584
2.7511,2.6958,2.6264,2.5386,2.4479,2.3492,2.2505,2.1508,2.0512,1.9514,1.4633,0.9417,4.0937,4.0649,4.0888,4.0959,4.0813,4.0658,4.0475,4.0291,4.0104,3.9917,3.973,3.9542,3.9355
8.2125,8.2125,8.2125,8.2125,8.2125,8.2125,8.2125,8.2125,8.2125,8.2125,8.2125,8.2125,8.2125,8.2125,8.2125,8.2125,8.2125,8.2125,8.2125,8.2125,8.2125,8.2125,8.2125,8.2125,8.2125
0.4332,0.4815,0.5418,0.6184,0.6974,0.7833,0.8693,0.9561,1.0429,1.1298,1.2167,0.9122,3.5081,3.5332,3.5124,3.5062,3.519,3.5324,3.5484,3.5644,3.5807,3.597,3.6133,3.6296,3.6459
1.7267,1.692,1.6485,1.5933,1.5364,1.4745,1.4125,1.35,1.2874,1.2248,1.1622,1.1008,1.0402,2.5513,2.5663,2.5708,2.5616,2.5519,2.5404,2.5289,2.5171,2.5054,2.4936,2.4819,2.4701
0.4139,0.46,0.5177,0.5908,0.6663,0.7484,0.8305,0.9135,0.9964,1.0794,1.1624,1.2439,1.3242,1.3481,1.0452,1.8202,2.5954,3.3706,3.3903,3.4055,3.4211,3.4366,3.4522,3.4678,3.4834
8.3806,8.3806,8.3806,8.3806,8.3806,8.3806,8.3806,8.3806,8.3806,8.3806,8.3806,8.3806,8.3806,8.3806,8.3806,8.3806,8.3806,8.3806,8.3806,8.3806,8.3806,8.3806,8.3806,8.3806,8.3806
2.9306,2.8716,2.7978,2.7042,2.6076,2.5025,2.3973,2.2912,2.185,2.0788,1.9725,1.8683,1.7655,1.7348,0.8951,1.4791,2.109,2.7388,3.3687,3.9985,4.2721,4.2521,4.2322,4.2122,4.1922
0.3182,0.3536,0.3979,0.4541,0.5121,0.5753,0.6384,0.7021,0.7659,0.8297,0.8935,0.9561,0.637,2.5948,2.5795,2.5749,2.5843,2.5942,2.6059,2.6176,2.6296,2.6416,2.6536,2.6655,2.6775
2.0129,1.9724,1.9217,1.8574,1.791,1.7188,1.6466,1.5737,1.5008,1.4278,1.3548,1.225,0.6184,2.9742,2.9916,2.9969,2.9861,2.9748,2.9614,2.948,2.9343,2.9206,2.9069,2.8932,2.8795
1.1001,1.2226,1.3759,1.5703,1.7709,1.9891,2.2075,2.4279,2.6483,2.8689,3.0896,3.306,3.5195,3.5832,3.5304,3.5146,1.7766,2.3073,2.8379,3.3685,3.899,4.4296,4.9602,5.4908,6.0214
0.7101,0.7892,0.8881,1.0136,1.1431,1.2839,1.4249,1.5671,1.7094,1.8272,1.2651,5.6124,5.7502,5.7913,5.7573,5.7471,5.768,5.7901,5.8163,5.8425,5.8692,5.8959,5.9226,5.9494,5.9761
1.8521,1.8149,1.7682,1.709,1.648,1.5816,1.5151,1.448,1.3809,1.3138,1.2466,1.1808,1.1158,0.5496,1.8734,2.7575,2.7476,2.7372,2.7249,2.7125,2.6999,2.6873,2.6747,2.6621,2.6495
0.3337,0.3709,0.4174,0.4764,0.5372,0.6034,0.6697,0.7365,0.8034,0.8703,0.9373,1.0029,1.0677,0.5421,1.912,2.701,2.7109,2.7212,2.7335,2.7459,2.7584,2.771,2.7835,2.7961,2.8087
3.8626,3.7848,3.6875,3.5641,3.4368,3.2983,3.1597,2.9613,2.3973,1.8334,1.4596,5.8831,5.7476,5.7072,5.7407,5.7507,5.7301,5.7084,5.6826,5.6569,5.6306,5.6044,5.5781,5.5518,5.5254
6.2489,6.1232,5.9658,5.7661,5.5601,5.336,5.1118,4.8855,4.6591,4.4326,4.206,3.9838,3.7645,3.6991,3.7533,3.7696,1.8916,2.2998,2.8286,3.3575,3.8864,4.4152,4.9441,5.4729,6.0018
0.3652,0.4059,0.4567,0.5213,0.5879,0.6603,0.7328,0.806,0.8791,0.9524,1.0256,1.0975,0.572,2.9784,2.9609,2.9557,2.9664,2.9778,2.9912,3.0047,3.0184,3.0322,3.0459,3.0597,3.0735
1.7541,1.7188,1.6746,1.6186,1.5608,1.4979,1.4349,1.3714,1.3078,1.2442,1.1806,1.1183,0.6621,2.5918,2.607,2.6116,2.6022,2.5924,2.5807,2.569,2.557,2.5451,2.5332,2.5212,2.5093
0.523,0.5812,0.6541,0.7465,0.8419,0.9456,1.0494,1.1542,1.259,1.3639,1.4688,1.5717,1.6732,1.7034,0.8525,1.4847,2.117,2.7493,3.3816,4.0138,4.3227,4.3423,4.362,4.3817,4.4015
2.9918,3.3249,3.7418,4.2704,4.1837,3.6766,3.1694,2.6624,2.3169,8.9775,8.9775,8.9775,8.9775,8.9775,8.9775,8.9775,8.9775,8.9775,8.9775,8.9775,8.9775,8.9775,8.9775,8.9775,8.9775
2.2992,2.253,2.195,2.1216,2.0458,1.9633,1.8809,1.7976,1.7143,1.6309,1.5475,1.4658,1.3851,1.3611,1.0328,1.7987,2.5647,3.3308,3.3827,3.3673,3.3517,3.3361,3.3204,3.3047,3.2891
0.3111,0.3458,0.3891,0.4441,0.5008,0.5625,0.6243,0.6866,0.749,0.8114,0.8738,0.935,0.9953,2.5374,2.5225,2.518,2.5272,2.5369,2.5483,2.5598,2.5715,2.5832,2.5949,2.6067,2.6184
2.3697,2.322,2.2623,2.1866,2.1085,2.0235,1.9385,1.8527,1.7668,1.6809,1.595,0.9166,3.5261,3.5014,3.5219,3.5281,3.5154,3.5021,3.4863,3.4705,3.4544,3.4383,3.4222,3.406,3.3899
4.3916,4.8804,5.4924,6.2684,7.0692,7.9403,8.8118,9.1787,9.1787,9.1787,9.1787,9.1787,9.1787,9.1787,9.1787,9.1787,9.1787,9.1787,9.1787,9.1787,9.1787,9.1787,9.1787,9.1787,9.1787
0.5002,0.5559,0.6256,0.714,0.8052,0.9044,1.0037,1.1039,1.2041,1.3045,1.4048,0.8044,4.0505,4.0795,4.0555,4.0483,4.063,4.0786,4.097,4.1155,4.1343,4.1531,4.172,4.1908,4.2097
1.7413,1.7063,1.6624,1.6068,1.5494,1.4869,1.4245,1.3614,1.2983,1.2352,1.172,1.1101,1.049,1.1213,2.588,2.5925,2.5832,2.5735,2.5618,2.5502,2.5384,2.5266,2.5147,2.5028,2.491
0.3724,0.4138,0.4657,0.5315,0.5994,0.6733,0.7472,0.8218,0.8964,0.9711,1.0458,1.119,1.1913,0.6048,1.2423,2.1635,3.0246,3.0362,3.0499,3.0637,3.0777,3.0917,3.1057,3.1197,3.1338
6.3672,5.8452,5.324,4.804,4.2841,3.9445,9.3891,9.3891,9.3891,9.3891,9.3891,9.3891,9.3891,9.3891,9.3891,9.3891,9.3891,9.3891,9.3891,9.3891,9.3891,9.3891,9.3891,9.3891,9.3891
3.6134,3.5406,3.4496,3.3342,3.2151,3.0855,2.9559,2.825,2.6941,2.5631,2.432,2.3036,2.1768,2.139,2.1703,1.354,1.9307,2.5073,3.0839,3.6606,4.2372,4.8137,5.2182,5.1936,5.1689
0.3288,0.3654,0.4112,0.4693,0.5292,0.5944,0.6597,0.7256,0.7914,0.8574,0.9233,0.988,0.5149,2.6813,2.6655,2.6608,2.6705,2.6807,2.6928,2.7049,2.7173,2.7297,2.742,2.7544,2.7668
1.8718,1.8341,1.787,1.7272,1.6655,1.5984,1.5312,1.4634,1.3956,1.3277,1.2599,1.1933,0.5751,2.7657,2.7819,2.7868,2.7768,2.7663,2.7538,2.7413,2.7286,2.7159,2.7031,2.6904,2.6776
0.7599,0.8444,0.9503,1.0846,1.2232,1.3739,1.5247,1.6769,1.8292,1.9816,2.134,2.2834,2.4309,2.4749,2.4384,1.3044,1.8599,2.4154,2.9708,3.5263,4.0817,4.6372,5.1926,5.7481,6.3035
0.9853,1.0949,1.2322,1.4063,1.586,1.7814,1.9769,2.1744,2.2537,1.7235,1.1933,7.7871,7.9783,8.0353,7.988,7.9739,8.0029,8.0335,8.0699,8.1062,8.1433,8.1803,8.2174,8.2546,8.2917
1.966,1.9264,1.8769,1.8141,1.7493,1.6788,1.6082,1.537,1.4658,1.3945,1.3232,1.2533,1.1844,0.5834,1.4034,2.4441,2.9165,2.9055,2.8924,2.8793,2.8659,2.8525,2.8392,2.8258,2.8124
0.319,0.3545,0.399,0.4554,0.5135,0.5768,0.6401,0.704,0.768,0.8319,0.8959,0.9587,1.0206,0.7646,2.5865,2.5819,2.5913,2.6012,2.613,2.6247,2.6367,2.6487,2.6608,2.6728,2.6848
3.0577,2.9961,2.9191,2.8214,2.7206,2.611,2.5013,2.3905,2.2798,1.9756,1.3679,4.6571,4.5499,4.5179,4.5444,4.5523,4.5361,4.5189,4.4985,4.4781,4.4573,4.4365,4.4157,4.3949,4.374
9.8997,9.8997,9.8997,9.8997,9.8997,9.8997,9.6816,9.2529,8.8242,8.3951,7.9659,7.5451,7.1298,7.006,7.1087,7.1394,7.0764,7.0098,6.9309,3.3583,3.762,4.2739,4.7859,5.2978,5.8098
0.4002,0.4447,0.5005,0.5712,0.6442,0.7235,0.8029,0.8831,0.9633,1.0436,1.1238,0.9954,3.2404,3.2636,3.2444,3.2386,3.2504,3.2629,3.2776,3.2924,3.3074,3.3225,3.3376,3.3526,3.3677
1.7187,1.6841,1.6408,1.5859,1.5292,1.4676,1.4059,1.3437,1.2814,1.2191,1.1568,1.0957,1.0354,2.5394,2.5544,2.5588,2.5497,2.54,2.5285,2.5171,2.5054,2.4937,2.482,2.4703,2.4586
0.445,0.4945,0.5565,0.6352,0.7163,0.8046,0.8929,0.982,1.0712,1.1604,1.2497,1.3372,1.4236,1.4493,0.952,1.658,2.3641,3.0701,3.6447,3.6611,3.6779,3.6946,3.7114,3.7281,3.7449
6.165,10.0,10.0,10.0,10.0,10.0,10.0,10.0,10.0,10.0,10.0,10.0,10.0,10.0,10.0,10.0,10.0,10.0,10.0,10.0,10.0,10.0,10.0,10.0,10.0
2.6246,2.5718,2.5057,2.4219,2.3353,2.2412,2.147,2.052,1.9569,1.8617,1.7666,1.6732,1.5811,1.5537,0.9015,1.5701,2.2387,2.9074,3.576,3.8439,3.8261,3.8082,3.7903,3.7725,3.7546
0.3121,0.3469,0.3904,0.4455,0.5024,0.5644,0.6263,0.6888,0.7514,0.814,0.8766,0.938,0.9986,2.5456,2.5307,2.5262,2.5354,2.5451,2.5566,2.5681,2.5798,2.5916,2.6033,2.6151,2.6269
2.1134,2.0709,2.0176,1.9501,1.8804,1.8047,1.7288,1.6523,1.5757,1.4991,1.4225,1.0742,3.1448,3.1227,3.141,3.1465,3.1352,3.1233,3.1093,3.0952,3.0808,3.0664,3.052,3.0376,3.0232
1.5252,1.6949,1.9075,2.177,2.4551,2.7576,3.0603,3.3659,3.6715,3.9773,4.2833,4.5832,4.8792,4.9675,4.8943,4.8724,4.9173,4.9648,2.7634,3.2801,3.7967,4.3134,4.8301,5.3467,5.8634
0.6057,0.6731,0.7575,0.8645,0.975,1.0951,1.2153,1.3367,1.4581,1.5795,1.3153,0.8311,4.9047,4.9397,4.9107,4.902,4.9198,4.9387,4.961,4.9833,5.0061,5.0289,5.0517,5.0745,5.0974
1.7895,1.7535,1.7084,1.6512,1.5922,1.5281,1.4639,1.399,1.3342,1.2693,1.2044,1.1408,1.078,0.612,2.3677,2.6642,2.6547,2.6446,2.6327,2.6208,2.6086,2.5964,2.5843,2.5721,2.5599
0.3439,0.3822,0.4301,0.4909,0.5536,0.6218,0.6901,0.759,0.8279,0.8969,0.9659,1.0335,1.1002,0.5586,1.5692,2.733,2.7935,2.8042,2.8169,2.8296,2.8425,2.8555,2.8684,2.8814,2.8944
4.6222,4.5292,4.4127,4.2651,4.1127,3.9183,3.3778,2.8374,2.297,1.9142,7.2044,7.0401,6.8779,6.8295,6.8696,6.8816,6.857,6.831,6.8002,6.7694,6.738,6.7065,6.6751,6.6436,6.6121
4.8375,4.7401,4.6183,4.4637,4.3042,4.1308,3.9572,3.782,3.6067,3.4314,3.2559,3.0839,2.9142,2.8636,2.9056,2.9181,1.8099,2.3505,2.891,3.4315,3.9721,4.5126,5.0531,5.5936,6.1342
0.3468,0.3854,0.4337,0.495,0.5582,0.627,0.6958,0.7653,0.8348,0.9044,0.9739,1.0421,0.5432,2.8283,2.8116,2.8066,2.8169,2.8277,2.8404,2.8532,2.8663,2.8793,2.8924,2.9054,2.9185
1.7789,1.7431,1.6983,1.6415,1.5828,1.5191,1.4552,1.3908,1.3263,1.2619,1.1973,1.1341,0.5465,2.6285,2.6439,2.6485,2.639,2.629,2.6172,2.6053,2.5932,2.5811,2.569,2.5569,2.5448
0.5876,0.653,0.7349,0.8388,0.9459,1.0625,1.1791,1.2968,1.4146,1.5324,1.6503,1.7659,1.8799,1.9139,0.9262,1.3959,1.9904,2.5849,3.1793,3.7738,4.3682,4.8789,4.9011,4.9232,4.9454
1.6659,1.8513,2.0835,2.3778,2.6816,3.0121,3.1905,2.6801,2.1697,1.6592,10.0,10.0,10.0,10.0,10.0,10.0,10.0,10.0,10.0,10.0,10.0,10.0,10.0,10.0,10.0
2.1376,2.0946,2.0408,1.9725,1.902,1.8253,1.7486,1.6712,1.5938,1.5163,1.4388,1.3628,1.2878,1.2654,1.137,1.9802,2.8235,3.1591,3.1449,3.1306,3.1161,3.1016,3.087,3.0725,3.0579
0.3109,0.3455,0.3889,0.4438,0.5005,0.5622,0.6239,0.6862,0.7485,0.8108,0.8732,0.9344,0.9947,1.7753,2.5209,2.5164,2.5256,2.5352,2.5467,2.5582,2.5699,2.5816,2.5933,2.605,2.6167
2.5664,2.5147,2.4501,2.3681,2.2835,2.1915,2.0994,2.0064,1.9135,1.8204,1.514,0.8785,3.8188,3.792,3.8142,3.8209,3.8072,3.7928,3.7757,3.7586,3.7411,3.7237,3.7062,3.6887,3.6712
10.0,10.0,10.0,10.0,10.0,10.0,10.0,10.0,10.0,10.0,10.0,10.0,10.0,10.0,10.0,10.0,10.0,10.0,10.0,10.0,10.0,10.0,10.0,10.0,10.0
0.4521,0.5024,0.5654,0.6452,0.7277,0.8173,0.9071,0.9976,1.0882,1.1789,1.2695,0.8593,3.6606,3.6867,3.6651,3.6586,3.6719,3.6859,3.7026,3.7193,3.7363,3.7533,3.7703,3.7873,3.8044
1.7153,1.6808,1.6376,1.5828,1.5263,1.4648,1.4032,1.3411,1.2789,1.2167,1.1545,1.0935,1.0334,2.3249,2.5494,2.5539,2.5447,2.5351,2.5236,2.5122,2.5005,2.4889,2.4772,2.4655,2.4538
0.3932,0.4369,0.4917,0.5612,0.6329,0.7109,0.7889,0.8677,0.9465,1.0253,1.1042,1.1815,1.2578,1.2806,1.1016,1.9186,2.7357,3.2058,3.2203,3.2348,3.2496,3.2644,3.2792,3.294,3.3088
10.0,10.0,10.0,10.0,10.0,10.0,10.0,10.0,10.0,10.0,10.0,10.0,10.0,10.0,10.0,10.0,10.0,10.0,10.0,10.0,10.0,10.0,10.0,10.0,10.0
3.1277,3.0648,2.986,2.8861,2.783,2.6708,2.5586,2.4453,2.332,2.2186,2.1052,1.9939,1.8842,1.8515,0.9553,1.415,2.0177,2.6203,3.2228,3.8254,4.428,4.5381,4.5168,4.4955,4.4742
0.319,0.3546,0.399,0.4554,0.5136,0.5768,0.6402,0.7041,0.768,0.832,0.896,0.9587,0.5046,2.6019,2.5866,2.582,2.5914,2.6014,2.6131,2.6249,2.6369,2.6489,2.6609,2.6729,2.6849
1.938,1.899,1.8502,1.7883,1.7244,1.6549,1.5854,1.5152,1.445,1.3747,1.3044,1.2355,0.5954,2.8636,2.8804,2.8854,2.8751,2.8642,2.8513,2.8383,2.8252,2.812,2.7988,2.7856,2.7724
0.9308,1.0344,1.1641,1.3286,1.4983,1.683,1.8677,2.0542,2.2407,2.4273,2.614,2.7971,2.9778,3.0316,2.987,1.4537,1.7904,2.3251,2.8598,3.3945,3.9292,4.4638,4.9985,5.5332,6.0679
0.7872,0.8749,0.9846,1.1237,1.2672,1.4234,1.5796,1.7373,1.8951,1.7694,1.2251,6.222,6.3748,6.4203,6.3825,6.3712,6.3944,6.4189,6.4479,6.477,6.5066,6.5362,6.5658,6.5955,6.6252
1.8762,1.8384,1.7912,1.7312,1.6694,1.6021,1.5348,1.4668,1.3989,1.3308,1.2628,1.1961,1.1303,0.5568,1.6457,2.7933,2.7833,2.7728,2.7603,2.7478,2.735,2.7223,2.7095,2.6967,2.6839
0.3249,0.3611,0.4064,0.4638,0.523,0.5875,0.6519,0.717,0.7821,0.8473,0.9125,0.9764,1.0394,0.5659,2.1893,2.6296,2.6391,2.6492,2.6612,2.6732,2.6854,2.6976,2.7099,2.7221,2.7344
3.4777,3.4077,3.3201,3.209,3.0943,2.9696,2.8449,2.7189,2.4421,1.8676,1.3141,5.2969,5.1748,5.1385,5.1686,5.1777,5.1591,5.1396,5.1164,5.0932,5.0696,5.0459,5.0222,4.9985,4.9748
7.5499,7.398,7.2078,6.9666,6.7177,6.447,6.1761,5.9026,5.6291,5.3554,5.0816,4.8132,4.5483,4.4693,4.5348,4.5544,4.5142,2.2502,2.7676,3.2851,3.8025,4.32,4.8374,5.3549,5.8724
0.3743,0.416,0.4681,0.5343,0.6025,0.6768,0.7511,0.8261,0.9011,0.9761,1.0512,1.1065,3.0311,3.0528,3.0348,3.0294,3.0405,3.0521,3.0659,3.0797,3.0938,3.1079,3.122,3.1361,3.1502
1.7245,1.6898,1.6464,1.5913,1.5344,1.4726,1.4107,1.3482,1.2858,1.2233,1.1607,1.0994,0.8924,2.5481,2.563,2.5675,2.5583,2.5486,2.5371,2.5256,2.5139,2.5022,2.4904,2.4787,2.4669
0.4858,0.5398,0.6075,0.6934,0.782,0.8783,0.9747,1.072,1.1694,1.2668,1.3642,1.4598,1.5541,1.5822,0.8798,1.5323,2.1848,2.8374,3.4899,3.9967,4.015,4.0332,4.0515,4.0698,4.0881
5.8128,5.6381,5.1355,4.6338,4.1323,3.6314,3.1305,10.0,10.0,10.0,10.0,10.0,10.0,10.0,10.0,10.0,10.0,10.0,10.0,10.0,10.0,10.0,10.0,10.0,10.0
2.3916,2.3435,2.2832,2.2068,2.128,2.0422,1.9564,1.8698,1.7831,1.6964,1.6097,1.5247,1.4408,1.4157,0.9697,1.6888,2.408,3.1272,3.5186,3.5026,3.4864,3.4701,3.4538,3.4375,3.4212
0.3087,0.3431,0.3861,0.4407,0.497,0.5582,0.6195,0.6813,0.7432,0.8051,0.867,0.9277,0.9876,2.5178,2.503,2.4986,2.5077,2.5173,2.5286,2.54,2.5516,2.5632,2.5749,2.5865,2.5981
2.2448,2.1996,2.1431,2.0714,1.9974,1.9169,1.8363,1.755,1.6737,1.5923,1.5109,0.9623,3.3403,3.3168,3.3363,3.3421,3.3301,3.3175,3.3026,3.2876,3.2723,3.2571,3.2418,3.2265,3.2112
2.5356,2.8178,3.1712,3.6192,4.0815,4.5845,5.0877,5.5957,6.1038,6.6123,7.1209,7.6196,8.1117,8.2584,8.1367,8.1003,8.175,8.2539,8.3474,8.4409,8.5362,8.6316,4.7426,5.2499,5.7572
0.5311,0.5902,0.6642,0.758,0.8549,0.9602,1.0656,1.172,1.2784,1.3849,1.3819,0.7678,4.3004,4.3312,4.3057,4.2981,4.3137,4.3302,4.3498,4.3694,4.3894,4.4093,4.4293,4.4494,4.4694
1.744,1.7089,1.6649,1.6092,1.5517,1.4892,1.4266,1.3634,1.3003,1.237,1.1738,1.1118,1.0506,0.8437,2.5919,2.5965,2.5872,2.5774,2.5657,2.5541,2.5423,2.5304,2.5185,2.5066,2.4948
0.3578,0.3977,0.4475,0.5108,0.576,0.647,0.718,0.7897,0.8614,0.9332,1.0049,1.0753,1.1448,0.5812,1.3377,2.3298,2.9066,2.9177,2.9309,2.9441,2.9576,2.971,2.9845,2.998,3.0115
5.8269,5.7096,5.3579,4.8345,4.3113,3.7887,3.2662,2.8354,9.5047,9.2934,9.0821,8.8749,8.6705,8.6095,8.6601,8.6752,8.6442,8.6114,8.5726,8.5337,8.4941,8.4545,8.4148,8.3751,8.3354
3.9648,3.885,3.7851,3.6585,3.5278,3.3856,3.2433,3.0997,2.9561,2.8124,2.6686,2.5276,2.3885,2.347,2.3814,1.3091,1.8666,2.424,2.9815,3.5389,4.0964,4.6538,5.2113,5.6987,5.6717
0.3325,0.3696,0.4159,0.4747,0.5353,0.6013,0.6672,0.7339,0.8005,0.8672,0.9339,0.9993,0.5209,2.712,2.6961,2.6913,2.7011,2.7114,2.7237,2.736,2.7485,2.761,2.7735,2.786,2.7986
1.8196,1.783,1.7372,1.679,1.619,1.5538,1.4885,1.4226,1.3567,1.2907,1.2247,1.16,0.559,2.6886,2.7044,2.7091,2.6994,2.6892,2.677,2.6649,2.6525,2.6402,2.6278,2.6154,2.603
0.6777,0.7531,0.8475,0.9673,1.0909,1.2253,1.3598,1.4956,1.6313,1.7672,1.9032,2.0365,2.168,2.2072,2.1747,1.3265,1.8914,2.4563,3.0212,3.5861,4.151,4.7158,5.2807,5.6776,5.7031
1.1573,1.2861,1.4474,1.6518,1.8629,2.0924,2.3221,2.554,2.2022,1.6841,1.3604,9.1466,9.3712,9.4382,9.3826,9.366,9.4001,9.4361,9.4788,9.5214,9.565,9.6085,9.6521,9.6957,9.7393
2.0111,1.9706,1.92,1.8557,1.7894,1.7173,1.6451,1.5723,1.4994,1.4265,1.3536,1.2821,1.2115,0.5968,1.2775,2.2248,2.9834,2.9721,2.9587,2.9453,2.9317,2.918,2.9043,2.8906,2.8769
0.3133,0.3481,0.3918,0.4471,0.5042,0.5664,0.6285,0.6913,0.7541,0.8169,0.8797,0.9413,1.0021,0.9685,2.5397,2.5352,2.5444,2.5542,2.5657,2.5773,2.5891,2.6008,2.6126,2.6244,2.6363
2.826,2.7691,2.6979,2.6077,2.5145,2.4132,2.3118,2.2094,2.107,2.0046,1.4084,0.9674,4.2051,4.1756,4.2001,4.2074,4.1924,4.1765,4.1576,4.1388,4.1196,4.1004,4.0811,4.0619,4.0426
10.0,10.0,10.0,10.0,10.0,10.0,10.0,10.0,10.0,10.0,10.0,10.0,10.0,10.0,10.0,10.0,10.0,10.0,10.0,10.0,10.0,10.0,4.7576,5.2266,5.7316
0.4151,0.4613,0.5191,0.5924,0.6681,0.7505,0.8328,0.916,0.9992,1.0824,1.1656,0.931,3.361,3.385,3.3651,3.3591,3.3714,3.3843,3.3996,3.4149,3.4305,3.4461,3.4617,3.4774,3.493
1.7034,1.6691,1.6262,1.5718,1.5157,1.4546,1.3934,1.3317,1.27,1.2083,1.1465,1.0859,1.0262,2.5169,2.5317,2.5361,2.527,2.5174,2.5061,2.4947,2.4831,2.4716,2.46,2.4484,2.4367
0.4203,0.467,0.5256,0.5999,0.6765,0.7599,0.8433,0.9275,1.0117,1.096,1.1802,1.2629,1.3445,1.3688,0.9959,1.7344,2.473,3.2117,3.4422,3.4577,3.4735,3.4893,3.5051,3.5209,3.5368
10.0,10.0,10.0,10.0,10.0,10.0,10.0,10.0,10.0,10.0,10.0,10.0,10.0,10.0,10.0,10.0,10.0,10.0,10.0,10.0,10.0,10.0,10.0,10.0,10.0
2.7738,2.718,2.6481,2.5595,2.468,2.3686,2.269,2.1686,2.0681,1.9675,1.8669,1.7683,1.671,1.642,0.8584,1.495,2.1317,2.7684,3.405,4.0417,4.0435,4.0246,4.0057,3.9868,3.9679
0.3122,0.347,0.3905,0.4457,0.5026,0.5645,0.6265,0.6891,0.7516,0.8142,0.8769,0.9383,0.7454,2.5464,2.5314,2.5269,2.5361,2.5458,2.5573,2.5688,2.5806,2.5923,2.6041,2.6159,2.6276
2.0267,1.9859,1.9349,1.8701,1.8033,1.7306,1.6579,1.5845,1.5111,1.4376,1.3641,1.1497,3.0158,2.9946,3.0122,3.0174,3.0066,2.9952,2.9817,2.9682,2.9544,2.9407,2.9269,2.9131,2.8992
1.2168,1.3522,1.5218,1.7368,1.9587,2.2001,2.4415,2.6854,2.9292,3.1732,3.4172,3.6566,3.8927,3.9631,3.9048,3.8873,1.9363,2.2581,2.7774,3.2966,3.8159,4.3352,4.8545,5.3737,5.893
0.6589,0.7323,0.8241,0.9405,1.0607,1.1914,1.3221,1.4541,1.5862,1.7183,1.2694,0.9042,5.3356,5.3738,5.3422,5.3327,5.3521,5.3726,5.3969,5.4212,5.446,5.4708,5.4956,5.5204,5.5452
1.8074,1.7711,1.7255,1.6678,1.6082,1.5434,1.4785,1.4131,1.3476,1.2821,1.2165,1.1523,1.0888,0.5364,2.0125,2.6909,2.6813,2.6712,2.6591,2.6471,2.6348,2.6225,2.6102,2.5979,2.5855
0.3338,0.371,0.4175,0.4765,0.5373,0.6036,0.6698,0.7367,0.8036,0.8705,0.9375,1.0031,1.0679,0.5422,1.7457,2.7016,2.7114,2.7218,2.7341,2.7464,2.759,2.7715,2.7841,2.7967,2.8093
4.0751,3.9931,3.8904,3.7603,3.6259,3.4798,3.3336,2.8809,2.3322,1.7836,6.3517,6.2068,6.0638,6.0212,6.0565,6.0671,6.0454,6.0225,5.9953,5.9682,5.9405,5.9128,5.885,5.8572,5.8295
5.5629,5.4509,5.3108,5.1331,4.9497,4.7502,4.5506,4.3491,4.1476,3.9459,3.7442,3.5464,3.3512,3.293,3.3413,3.3557,1.7661,2.2935,2.821,3.3484,3.8758,4.4032,4.9307,5.4581,5.9855
0.3541,0.3935,0.4429,0.5054,0.57,0.6402,0.7105,0.7814,0.8524,0.9234,0.9944,1.0641,0.5546,2.8878,2.8708,2.8657,2.8762,2.8872,2.9002,2.9133,2.9266,2.9399,2.9533,2.9666,2.9799
1.7445,1.7094,1.6655,1.6097,1.5522,1.4897,1.4271,1.3639,1.3007,1.2374,1.1742,1.1121,0.5628,2.5776,2.5927,2.5973,2.588,2.5782,2.5665,2.5549,2.5431,2.5312,2.5193,2.5074,2.4955
0.54,0.6001,0.6754,0.7708,0.8693,0.9764,1.0836,1.1918,1.3,1.4083,1.5166,1.6228,1.7276,1.7589,0.8512,1.4341,2.0449,2.6557,3.2664,3.8771,4.4634,4.4837,4.5041,4.5244,4.5448
2.2717,2.5246,2.8412,3.2426,3.6568,3.6467,3.1437,2.6408,2.1379,10.0,10.0,10.0,10.0,10.0,10.0,10.0,10.0,10.0,10.0,10.0,10.0,10.0,10.0,10.0,10.0
2.2114,2.1669,2.1112,2.0405,1.9676,1.8883,1.809,1.7289,1.6488,1.5686,1.4884,1.4098,1.3322,1.3091,1.0589,1.8441,2.6295,3.2681,3.2534,3.2387,3.2236,3.2086,3.1935,3.1785,3.1634
0.3078,0.3421,0.385,0.4393,0.4955,0.5565,0.6176,0.6793,0.741,0.8027,0.8644,0.925,0.9847,2.5103,2.4955,2.4911,2.5002,2.5097,2.5211,2.5324,2.544,2.5556,2.5672,2.5788,2.5904
2.4156,2.367,2.3061,2.229,2.1493,2.0627,1.976,1.8885,1.801,1.7135,1.5787,0.8771,3.5945,3.5692,3.5901,3.5964,3.5835,3.57,3.5539,3.5378,3.5213,3.5049,3.4885,3.472,3.4555
7.824,8.6949,9.7852,10.0,10.0,10.0,10.0,10.0,10.0,10.0,10.0,10.0,10.0,10.0,10.0,10.0,10.0,10.0,10.0,10.0,10.0,10.0,10.0,10.0,10.0
0.4758,0.5288,0.5951,0.6791,0.7659,0.8603,0.9547,1.05,1.1454,1.2408,1.3362,0.816,3.8528,3.8804,3.8576,3.8507,3.8647,3.8795,3.8971,3.9146,3.9325,3.9504,3.9683,3.9863,4.0042
1.7138,1.6793,1.6361,1.5814,1.5249,1.4634,1.4019,1.3398,1.2778,1.2156,1.1535,1.0925,1.0324,1.3824,2.547,2.5515,2.5424,2.5327,2.5213,2.5099,2.4982,2.4866,2.4749,2.4632,2.4516
0.3762,0.4181,0.4705,0.537,0.6056,0.6802,0.7549,0.8302,0.9056,0.981,1.0565,1.1305,1.2035,0.611,1.1727,2.0425,2.9123,3.0674,3.0813,3.0952,3.1093,3.1235,3.1376,3.1518,3.166
6.2496,5.7373,5.2692,10.0,10.0,10.0,10.0,10.0,10.0,10.0,10.0,10.0,10.0,10.0,10.0,10.0,10.0,10.0,10.0,10.0,10.0,10.0,10.0,10.0,10.0
3.3778,3.3098,3.2247,3.1168,3.0055,2.8843,2.7631,2.6408,2.5184,2.396,2.2735,2.1534,2.0349,1.9995,2.0288,1.363,1.9434,2.5239,3.1043,3.6847,4.2651,4.8455,4.878,4.855,4.8319
0.3218,0.3576,0.4025,0.4593,0.518,0.5818,0.6457,0.7102,0.7746,0.8392,0.9037,0.967,0.504,2.6244,2.6089,2.6043,2.6138,2.6238,2.6357,2.6475,2.6596,2.6717,2.6839,2.696,2.7081
1.878,1.8402,1.7929,1.7329,1.671,1.6036,1.5362,1.4682,1.4002,1.3321,1.264,1.1972,0.577,2.7748,2.7911,2.7959,2.7859,2.7754,2.7629,2.7503,2.7376,2.7248,2.712,2.6992,2.6864
0.8091,0.8991,1.0119,1.1548,1.3024,1.4629,1.6234,1.7856,1.9477,2.1099,2.2722,2.4313,2.5884,2.6352,2.5964,1.2729,1.815,2.3571,2.8992,3.4412,3.9833,4.5253,5.0673,5.6094,6.1514
0.8905,0.9896,1.1137,1.271,1.4334,1.61,1.7868,1.9652,2.1436,1.7239,1.1936,7.0379,7.2108,7.2623,7.2196,7.2068,7.233,7.2607,7.2935,7.3264,7.3599,7.3933,7.4269,7.4604,7.494
1.9124,1.8739,1.8257,1.7646,1.7016,1.633,1.5644,1.4951,1.4258,1.3565,1.2872,1.2192,1.1521,0.5675,1.4726,2.5646,2.837,2.8262,2.8135,2.8007,2.7877,2.7747,2.7617,2.7487,2.7357
0.3182,0.3536,0.398,0.4542,0.5122,0.5753,0.6385,0.7022,0.766,0.8298,0.8936,0.9562,1.018,0.6681,2.5798,2.5752,2.5846,2.5945,2.6062,2.618,2.6299,2.6419,2.6539,2.6659,2.6779
3.175,3.1111,3.0311,2.9297,2.825,2.7112,2.5972,2.4822,2.3672,1.9149,1.3258,4.8358,4.7244,4.6912,4.7187,4.727,4.7101,4.6922,4.6711,4.6499,4.6283,4.6067,4.5851,4.5635,4.5418
9.6408,9.4468,9.2039,8.8959,8.5781,8.2324,7.8865,7.5373,7.188,6.8385,6.4889,6.1461,5.8078,5.707,5.7906,5.8156,5.7643,5.7101,2.7999,3.2329,3.7421,4.2514,4.7606,5.2698,5.7791
0.3863,0.4293,0.4831,0.5514,0.6218,0.6985,0.7751,0.8525,0.9299,1.0074,1.0849,1.0254,3.1282,3.1505,3.132,3.1265,3.1378,3.1499,3.1641,3.1783,3.1929,3.2074,3.2219,3.2365,3.2511
1.7051,1.6708,1.6278,1.5734,1.5172,1.456,1.3948,1.3331,1.2713,1.2095,1.1477,1.087,1.0272,2.5194,2.5342,2.5386,2.5295,2.52,2.5086,2.4972,2.4856,2.474,2.4624,2.4508,2.4392
0.4555,0.5062,0.5697,0.6502,0.7332,0.8236,0.914,1.0053,1.0965,1.1879,1.2792,1.3688,1.4572,1.4836,0.9147,1.5931,2.2716,2.95,3.6284,3.7477,3.7648,3.7819,3.7991,3.8163,3.8334
6.1005,5.6004,5.1011,4.6028,4.1047,10.0,10.0,10.0,10.0,10.0,10.0,10.0,10.0,10.0,10.0,10.0,10.0,10.0,10.0,10.0,10.0,10.0,10.0,10.0,10.0
2.5081,2.4576,2.3944,2.3143,2.2316,2.1417,2.0517,1.9608,1.87,1.779,1.6881,1.5989,1.5109,1.4847,0.918,1.5988,2.2797,2.9606,3.6415,3.6732,3.6561,3.6391,3.622,3.6049,3.5878
0.3081,0.3424,0.3853,0.4397,0.4959,0.557,0.6181,0.6799,0.7416,0.8034,0.8652,0.9258,0.9856,2.5125,2.4977,2.4933,2.5023,2.5119,2.5233,2.5346,2.5462,2.5578,2.5694,2.581,2.5926
2.1426,2.0995,2.0455,1.977,1.9064,1.8296,1.7527,1.6751,1.5975,1.5198,1.4421,1.0196,3.1882,3.1658,3.1844,3.1899,3.1785,3.1665,3.1522,3.1379,3.1233,3.1088,3.0942,3.0796,3.065
1.7824,1.9808,2.2292,2.5442,2.8692,3.2228,3.5765,3.9336,4.2908,4.6482,5.0058,5.3563,5.7023,5.8054,5.7199,5.6943,5.7468,5.8022,5.868,3.2288,3.7374,4.2459,4.7545,5.2631,5.7717
0.5699,0.6334,0.7128,0.8135,0.9174,1.0305,1.1436,1.2578,1.372,1.4863,1.3283,0.7821,4.6152,4.6482,4.6209,4.6127,4.6295,4.6472,4.6682,4.6892,4.7107,4.7321,4.7536,4.775,4.7965
1.7567,1.7213,1.6771,1.6209,1.563,1.5,1.437,1.3734,1.3097,1.2461,1.1824,1.1199,1.0583,0.6777,2.6108,2.6154,2.606,2.5961,2.5844,2.5727,2.5608,2.5488,2.5369,2.5249,2.5129
0.3461,0.3847,0.4329,0.494,0.5572,0.6258,0.6945,0.7639,0.8332,0.9026,0.9721,1.0401,1.1073,0.5622,1.4597,2.5421,2.8115,2.8222,2.835,2.8477,2.8608,2.8738,2.8868,2.8999,2.9129
4.9751,4.875,4.7496,4.5907,4.3643,3.8353,3.3063,2.7773,2.2484,7.9349,7.7545,7.5776,7.403,7.351,7.3941,7.4071,7.3805,7.3526,7.3194,7.2862,7.2524,7.2186,7.1847,7.1508,7.1169
4.4259,4.3369,4.2254,4.084,3.9381,3.7794,3.6206,3.4602,3.2999,3.1394,2.979,2.8216,2.6663,2.62,2.6584,1.3634,1.8158,2.3581,2.9004,3.4427,3.985,4.5272,5.0695,5.6118,6.1541
0.3384,0.3761,0.4232,0.483,0.5447,0.6118,0.679,0.7468,0.8146,0.8825,0.9503,1.0169,0.53,2.7598,2.7436,2.7387,2.7487,2.7592,2.7717,2.7841,2.7969,2.8096,2.8223,2.8351,2.8479
1.7795,1.7437,1.6989,1.642,1.5833,1.5195,1.4557,1.3912,1.3268,1.2623,1.1977,1.1344,0.5467,2.6293,2.6447,2.6494,2.6399,2.6299,2.618,2.6061,2.5941,2.582,2.5698,2.5577,2.5456
0.6139,0.6823,0.7678,0.8763,0.9883,1.11,1.2319,1.3549,1.4779,1.601,1.7242,1.8449,1.9641,1.9996,0.9677,1.3575,1.9356,2.5138,3.0918,3.6699,4.248,4.8261,5.1204,5.1436,5.1667
1.4155,1.573,1.7703,2.0204,2.2785,2.5592,2.8401,2.6735,2.1643,1.6552,10.0,10.0,10.0,10.0,10.0,10.0,10.0,10.0,10.0,10.0,10.0,10.0,10.0,10.0,10.0
2.0709,2.0292,1.9771,1.9109,1.8426,1.7684,1.6941,1.6191,1.544,1.469,1.3939,1.3202,1.2476,0.6146,1.1773,2.0503,2.9235,3.0606,3.0467,3.0329,3.0189,3.0048,2.9907,2.9766,2.9625
0.3093,0.3438,0.3869,0.4415,0.498,0.5593,0.6207,0.6827,0.7447,0.8067,0.8688,0.9296,0.9896,1.3369,2.508,2.5036,2.5127,2.5223,2.5337,2.5451,2.5568,2.5684,2.5801,2.5917,2.6034
2.6387,2.5856,2.5191,2.4348,2.3478,2.2532,2.1585,2.0629,1.9673,1.8717,1.4604,0.9032,3.9264,3.8987,3.9216,3.9285,3.9144,3.8996,3.882,3.8644,3.8465,3.8285,3.8106,3.7926,3.7746
10.0,10.0,10.0,10.0,10.0,10.0,10.0,10.0,10.0,10.0,10.0,10.0,10.0,10.0,10.0,10.0,10.0,10.0,10.0,10.0,10.0,10.0,10.0,10.0,10.0
0.4338,0.4821,0.5426,0.6193,0.6984,0.7844,0.8705,0.9574,1.0444,1.1314,1.2184,0.8785,3.5131,3.5382,3.5174,3.5112,3.524,3.5375,3.5535,3.5695,3.5858,3.6021,3.6184,3.6348,3.6511
1.6978,1.6636,1.6208,1.5666,1.5106,1.4497,1.3888,1.3273,1.2658,1.2043,1.1427,1.0823,1.0228,2.5085,2.5233,2.5277,2.5186,2.5091,2.4978,2.4864,2.4749,2.4634,2.4518,2.4402,2.4287
0.4,0.4446,0.5003,0.571,0.6439,0.7233,0.8027,0.8828,0.963,1.0432,1.1234,1.2021,1.2798,1.3029,1.0508,1.8301,2.6095,3.2618,3.2765,3.2913,3.3063,3.3214,3.3364,3.3515,3.3666
10.0,10.0,10.0,10.0,10.0,10.0,10.0,10.0,10.0,10.0,10.0,10.0,10.0,10.0,10.0,10.0,10.0,10.0,10.0,10.0,10.0,10.0,10.0,10.0,10.0
2.9606,2.9011,2.8265,2.7319,2.6343,2.5281,2.4219,2.3147,2.2074,2.1001,1.9927,1.8874,1.7836,1.7526,0.9043,1.4338,2.0444,2.655,3.2656,3.8762,4.3159,4.2957,4.2756,4.2554,4.2352
0.3141,0.3491,0.3928,0.4483,0.5056,0.5679,0.6302,0.6932,0.7561,0.8191,0.8821,0.9439,0.5713,2.5616,2.5465,2.542,2.5513,2.561,2.5726,2.5842,2.596,2.6078,2.6196,2.6315,2.6433
1.9566,1.9173,1.868,1.8055,1.741,1.6708,1.6006,1.5297,1.4588,1.3879,1.3169,1.2451,0.6011,2.891,2.908,2.9131,2.9027,2.8917,2.8786,2.8656,2.8523,2.839,2.8256,2.8123,2.799
1.015,1.128,1.2695,1.4488,1.6339,1.8353,2.0367,2.2401,2.4435,2.6471,2.8507,3.0503,3.2473,3.306,3.2573,3.2427,1.7576,2.2826,2.8075,3.3324,3.8574,4.3823,4.9072,5.4321,5.957
0.7276,0.8086,0.91,1.0386,1.1713,1.3156,1.46,1.6058,1.7516,1.7805,1.2328,5.751,5.8922,5.9343,5.8994,5.8889,5.9104,5.933,5.9599,5.9867,6.014,6.0414,6.0688,6.0962,6.1237
1.8364,1.7994,1.7532,1.6945,1.634,1.5681,1.5022,1.4357,1.3692,1.3026,1.236,1.1707,1.1063,0.545,1.7561,2.7341,2.7243,2.714,2.7017,2.6895,2.677,2.6645,2.652,2.6395,2.627
0.326,0.3623,0.4077,0.4653,0.5247,0.5894,0.6541,0.7194,0.7847,0.8501,0.9154,0.9796,1.0428,0.5294,1.9821,2.6381,2.6477,2.6578,2.6699,2.6819,2.6941,2.7064,2.7187,2.731,2.7433
3.6582,3.5846,3.4924,3.3755,3.2549,3.1238,2.9925,2.86,2.3825,1.8221,1.3823,5.5718,5.4434,5.4051,5.4369,5.4464,5.4269,5.4063,5.3819,5.3576,5.3327,5.3078,5.2829,5.258,5.233
6.6,6.4672,6.3009,6.0901,5.8725,5.6358,5.399,5.16,4.9209,4.6816,4.4423,4.2076,3.976,3.907,3.9642,3.9814,3.9462,2.2511,2.7688,3.2864,3.8041,4.3218,4.8394,5.3571,5.8748
0.3639,0.4044,0.4551,0.5194,0.5857,0.6579,0.7301,0.803,0.8759,0.9489,1.0219,1.0935,0.5699,2.9676,2.9502,2.9449,2.9557,2.967,2.9804,2.9938,3.0075,3.0212,3.0349,3.0486,3.0623
1.7206,1.6859,1.6426,1.5876,1.5309,1.4692,1.4075,1.3452,1.2828,1.2204,1.1581,1.0969,0.7247,2.5422,2.5572,2.5616,2.5525,2.5428,2.5313,2.5198,2.5081,2.4964,2.4847,2.473,2.4613
0.5018,0.5576,0.6276,0.7162,0.8077,0.9073,1.0069,1.1074,1.2079,1.3086,1.4092,1.5079,1.6053,1.6343,0.8518,1.4835,2.1153,2.7471,3.3788,4.0105,4.1474,4.1662,4.1851,4.2041,4.223
3.6226,4.0258,4.5306,4.611,4.112,3.6136,3.1151,2.6168,10.0,10.0,10.0,10.0,10.0,10.0,10.0,10.0,10.0,10.0,10.0,10.0,10.0,10.0,10.0,10.0,10.0
2.3046,2.2583,2.2002,2.1266,2.0506,1.9679,1.8853,1.8018,1.7183,1.6347,1.5512,1.4692,1.3884,1.3643,0.9954,1.7336,2.4719,3.2101,3.3906,3.3752,3.3596,3.3439,3.3282,3.3125,3.2968
0.3064,0.3405,0.3832,0.4374,0.4932,0.554,0.6148,0.6762,0.7376,0.7991,0.8605,0.9208,0.9803,2.4989,2.4842,2.4798,2.4889,2.4984,2.5097,2.521,2.5325,2.544,2.5556,2.5671,2.5787
2.2925,2.2463,2.1886,2.1154,2.0398,1.9576,1.8753,1.7923,1.7092,1.6261,1.543,0.9221,3.4112,3.3873,3.4071,3.4131,3.4009,3.388,3.3727,3.3574,3.3418,3.3263,3.3106,3.295,3.2794
3.3945,3.7723,4.2453,4.8451,5.4641,6.1374,6.8111,7.4912,8.1714,8.8521,9.5329,10.0,10.0,10.0,10.0,10.0,10.0,10.0,10.0,10.0,10.0,10.0,10.0,10.0,10.0
0.5054,0.5617,0.6321,0.7214,0.8136,0.9139,1.0142,1.1154,1.2167,1.3181,1.4051,0.7807,4.0928,4.122,4.0978,4.0905,4.1054,4.1211,4.1398,4.1584,4.1774,4.1964,4.2155,4.2345,4.2536
1.7218,1.6872,1.6438,1.5888,1.532,1.4703,1.4085,1.3461,1.2838,1.2213,1.1589,1.0977,1.0373,0.9849,2.559,2.5635,2.5543,2.5446,2.5332,2.5217,2.51,2.4983,2.4865,2.4748,2.4631
0.3624,0.4028,0.4533,0.5173,0.5834,0.6553,0.7272,0.7999,0.8725,0.9452,1.0179,1.0891,1.1595,0.5887,1.262,2.1979,2.9439,2.9552,2.9686,2.9819,2.9956,3.0092,3.0229,3.0365,3.0502
6.3089,5.7917,5.2753,4.76,4.2449,3.7303,3.377,10.0,10.0,10.0,10.0,9.8377,9.6111,9.5435,9.5995,9.6163,9.5819,9.5456,9.5025,9.4595,9.4156,9.3717,9.3277,9.2837,9.2397
3.6967,3.6223,3.5292,3.4111,3.2892,3.1567,3.024,2.8901,2.7562,2.6222,2.4881,2.3567,2.227,2.1883,2.2204,1.3213,1.8841,2.4468,3.0094,3.5721,4.1348,4.6975,5.2601,5.3133,5.2882
0.3265,0.3628,0.4083,0.466,0.5255,0.5903,0.6551,0.7205,0.7859,0.8514,0.9168,0.981,0.5113,2.6625,2.6468,2.6421,2.6517,2.6619,2.6739,2.686,2.6982,2.7105,2.7228,2.7351,2.7474
1.8309,1.7941,1.748,1.6895,1.6291,1.5635,1.4978,1.4314,1.3651,1.2987,1.2323,1.1672,0.5625,2.7053,2.7212,2.7259,2.7162,2.7059,2.6937,2.6815,2.669,2.6566,2.6441,2.6316,2.6192
0.7183,0.7983,0.8984,1.0253,1.1563,1.2988,1.4414,1.5853,1.7292,1.8733,2.0174,2.1587,2.2981,2.3396,2.3052,1.2982,1.8511,2.4039,2.9567,3.5096,4.0624,4.6152,5.168,5.7208,6.0454
1.0329,1.1478,1.2918,1.4743,1.6626,1.8675,2.0724,2.2794,2.2094,1.6896,1.2142,8.1633,8.3637,8.4235,8.3739,8.3591,8.3895,8.4216,8.4597,8.4978,8.5367,8.5755,8.6144,8.6533,8.6923
1.9615,1.922,1.8726,1.8099,1.7453,1.6749,1.6045,1.5335,1.4624,1.3913,1.3202,1.2504,1.1816,0.5821,1.3381,2.3304,2.9098,2.8988,2.8857,2.8726,2.8593,2.846,2.8326,2.8192,2.8059
0.3134,0.3483,0.392,0.4474,0.5045,0.5667,0.6289,0.6917,0.7545,0.8173,0.8802,0.9418,1.0027,0.8223,2.541,2.5365,2.5458,2.5555,2.5671,2.5786,2.5904,2.6022,2.614,2.6258,2.6376
2.9339,2.8749,2.8009,2.7072,2.6105,2.5053,2.4,2.2937,2.1875,1.9763,1.3684,1.0043,4.3657,4.335,4.3604,4.3681,4.3524,4.3359,4.3164,4.2968,4.2769,4.2569,4.2369,4.2169,4.197
10.0,10.0,10.0,10.0,10.0,10.0,10.0,10.0,10.0,9.5612,9.0724,8.5931,8.1202,7.9792,8.0961,8.1311,8.0593,7.9835,7.8936,7.8038,3.7331,4.2074,4.7114,5.2154,5.7194
0.4015,0.4462,0.5022,0.5731,0.6463,0.726,0.8056,0.8861,0.9665,1.0471,1.1276,0.9599,3.2513,3.2745,3.2553,3.2495,3.2613,3.2738,3.2886,3.3034,3.3185,3.3336,3.3487,3.3639,3.379
1.6953,1.6612,1.6185,1.5644,1.5085,1.4477,1.3869,1.3254,1.264,1.2026,1.1411,1.0808,1.0213,2.505,2.5197,2.5241,2.515,2.5055,2.4942,2.4829,2.4714,2.4599,2.4483,2.4368,2.4252
0.4309,0.4788,0.5389,0.615,0.6935,0.779,0.8645,0.9508,1.0372,1.1236,1.21,1.2947,1.3784,1.4033,0.9584,1.6692,2.3801,3.0909,3.529,3.5448,3.561,3.5772,3.5935,3.6097,3.6259
10.0,10.0,10.0,10.0,10.0,10.0,10.0,10.0,10.0,10.0,10.0,10.0,10.0,10.0,10.0,10.0,10.0,10.0,10.0,10.0,10.0,10.0,10.0,10.0,10.0
2.653,2.5996,2.5328,2.448,2.3606,2.2654,2.1703,2.0742,1.978,1.8819,1.7857,1.6913,1.5982,1.5705,0.8759,1.5255,2.1751,2.8248,3.4744,3.8854,3.8674,3.8494,3.8313,3.8132,3.7952
0.3091,0.3435,0.3866,0.4412,0.4976,0.5589,0.6203,0.6822,0.7442,0.8061,0.8682,0.929,0.9115,2.5211,2.5063,2.5018,2.5109,2.5206,2.532,2.5434,2.555,2.5666,2.5783,2.5899,2.6016
2.0596,2.0181,1.9662,1.9004,1.8325,1.7587,1.6848,1.6102,1.5356,1.4609,1.3862,1.0911,3.0647,3.0431,3.061,3.0663,3.0554,3.0438,3.0301,3.0163,3.0023,2.9883,2.9743,2.9603,2.9462
1.3779,1.5312,1.7232,1.9667,2.218,2.4913,2.7647,3.0408,3.3169,3.5932,3.8696,4.1406,4.408,4.4877,4.4216,4.4018,4.4424,2.2354,2.7424,3.2551,3.7679,4.2806,4.7933,5.3061,5.8188
0.619,0.6879,0.7742,0.8836,0.9965,1.1192,1.2421,1.3661,1.4902,1.6143,1.2853,0.8494,5.0127,5.0485,5.0188,5.0099,5.0281,5.0474,5.0702,5.093,5.1163,5.1396,5.1629,5.1862,5.2096
1.7796,1.7438,1.699,1.6421,1.5835,1.5196,1.4558,1.3913,1.3269,1.2623,1.1978,1.1345,1.0721,0.5682,2.1982,2.6496,2.6401,2.6301,2.6182,2.6063,2.5942,2.5821,2.57,2.5579,2.5458
0.3369,0.3744,0.4213,0.4809,0.5423,0.6091,0.676,0.7435,0.811,0.8786,0.9461,1.0124,1.0778,0.5472,1.6171,2.7265,2.7365,2.747,2.7594,2.7718,2.7845,2.7971,2.8098,2.8225,2.8352
4.3579,4.2702,4.1604,4.0212,3.8775,3.7213,3.3666,2.828,2.2895,1.8048,6.7925,6.6375,6.4846,6.439,6.4768,6.4882,6.4649,6.4404,6.4114,6.3823,6.3527,6.3231,6.2934,6.2637,6.234
5.0446,4.9431,4.816,4.6549,4.4886,4.3077,4.1267,3.9439,3.7612,3.5783,3.3954,3.216,3.039,2.9862,3.03,3.0431,1.777,2.3077,2.8384,3.3691,3.8998,4.4305,4.9612,5.4919,6.0226
0.3465,0.385,0.4333,0.4945,0.5577,0.6264,0.6952,0.7646,0.834,0.9035,0.973,1.0411,0.5427,2.8256,2.8089,2.804,2.8142,2.825,2.8377,2.8505,2.8635,2.8766,2.8896,2.9027,2.9157
1.7504,1.7151,1.671,1.6151,1.5574,1.4947,1.4319,1.3685,1.3051,1.2416,1.1781,1.1159,0.5378,2.5863,2.6014,2.606,2.5967,2.5868,2.5752,2.5635,2.5516,2.5397,2.5278,2.5158,2.5039
0.5637,0.6264,0.705,0.8046,0.9074,1.0192,1.1311,1.244,1.357,1.47,1.5831,1.694,1.8034,1.836,0.8885,1.3982,1.9936,2.589,3.1844,3.7798,4.3752,4.6802,4.7015,4.7227,4.744
1.8384,2.043,2.2992,2.624,2.9593,3.3239,3.1458,2.6425,2.1393,1.7923,10.0,10.0,10.0,10.0,10.0,10.0,10.0,10.0,10.0,10.0,10.0,10.0,10.0,10.0,10.0
2.1471,2.1039,2.0498,1.9812,1.9104,1.8334,1.7564,1.6786,1.6008,1.523,1.4451,1.3688,1.2935,1.271,1.0968,1.9101,2.7236,3.1731,3.1588,3.1445,3.1299,3.1153,3.1007,3.0861,3.0714
0.3072,0.3414,0.3842,0.4385,0.4945,0.5554,0.6164,0.6779,0.7395,0.8011,0.8627,0.9231,0.9828,2.1853,2.4906,2.4862,2.4952,2.5048,2.5161,2.5274,2.539,2.5505,2.5621,2.5737,2.5853
2.4866,2.4366,2.3739,2.2945,2.2125,2.1233,2.0341,1.944,1.854,1.7638,1.5256,0.8512,3.7001,3.6741,3.6956,3.7021,3.6889,3.6749,3.6583,3.6417,3.6248,3.6079,3.591,3.574,3.5571
10.0,10.0,10.0,10.0,10.0,10.0,10.0,10.0,10.0,10.0,10.0,10.0,10.0,10.0,10.0,10.0,10.0,10.0,10.0,10.0,10.0,10.0,10.0,10.0,10.0
0.4572,0.5081,0.5718,0.6526,0.7359,0.8266,0.9174,1.009,1.1006,1.1923,1.284,0.8357,3.7022,3.7286,3.7067,3.7001,3.7136,3.7278,3.7447,3.7615,3.7787,3.7959,3.8131,3.8304,3.8476
1.7015,1.6673,1.6244,1.57,1.5139,1.4529,1.3919,1.3302,1.2686,1.2069,1.1452,1.0847,1.025,1.8317,2.5288,2.5332,2.5242,2.5146,2.5033,2.4919,2.4804,2.4688,2.4572,2.4456,2.434
0.3836,0.4263,0.4797,0.5475,0.6175,0.6936,0.7697,0.8466,0.9234,1.0003,1.0773,1.1527,1.2272,1.2494,1.1191,1.949,2.779,3.1277,3.1419,3.156,3.1705,3.1849,3.1993,3.2138,3.2282
10.0,10.0,10.0,10.0,10.0,10.0,10.0,10.0,10.0,10.0,10.0,10.0,10.0,10.0,10.0,10.0,10.0,10.0,10.0,10.0,10.0,10.0,10.0,10.0,10.0
3.1947,3.1304,3.0499,2.9479,2.8425,2.728,2.6134,2.4976,2.3819,2.2661,2.1502,2.0366,1.9246,1.8911,0.9758,1.3845,1.9741,2.5637,3.1533,3.7428,4.3324,4.6353,4.6136,4.5918,4.57
0.3178,0.3531,0.3974,0.4536,0.5115,0.5745,0.6376,0.7013,0.7649,0.8287,0.8924,0.9549,0.4977,2.5915,2.5763,2.5717,2.5811,2.5909,2.6027,2.6144,2.6263,2.6383,2.6502,2.6622,2.6742
1.9011,1.8628,1.8149,1.7542,1.6915,1.6233,1.5551,1.4863,1.4174,1.3485,1.2795,1.2119,0.5841,2.8089,2.8254,2.8304,2.8202,2.8095,2.7969,2.7842,2.7713,2.7583,2.7454,2.7324,2.7195
0.8742,0.9715,1.0933,1.2478,1.4072,1.5806,1.7541,1.9293,2.1045,2.2798,2.4551,2.6271,2.7967,2.8473,2.8054,1.3654,1.787,2.3208,2.8545,3.3882,3.9219,4.4556,4.9893,5.523,6.0566
0.8179,0.9089,1.0229,1.1674,1.3166,1.4788,1.6411,1.805,1.9689,1.7397,1.2046,6.4643,6.6231,6.6704,6.6312,6.6194,6.6435,6.669,6.6991,6.7293,6.76,6.7908,6.8216,6.8524,6.8832
1.877,1.8392,1.7919,1.732,1.6701,1.6028,1.5354,1.4674,1.3995,1.3314,1.2633,1.1966,1.1307,0.557,1.5645,2.7248,2.7845,2.774,2.7614,2.7489,2.7362,2.7234,2.7106,2.6978,2.685
0.3202,0.3558,0.4004,0.457,0.5154,0.5789,0.6424,0.7066,0.7707,0.835,0.8992,0.9621,1.0243,0.5969,2.3091,2.5912,2.6007,2.6106,2.6224,2.6342,2.6463,2.6583,2.6704,2.6824,2.6945
3.3339,3.2668,3.1828,3.0763,2.9664,2.8469,2.7273,2.6065,2.4491,1.873,1.2968,5.0779,4.9609,4.9261,4.955,4.9636,4.9459,4.9271,4.9049,4.8827,4.86,4.8373,4.8146,4.7919,4.7692
8.1765,8.012,7.806,7.5448,7.2752,6.982,6.6887,6.3925,6.0963,5.7998,5.5033,5.2126,4.9257,4.8402,4.9111,4.9323,4.8888,4.8428,2.733,3.244,3.755,4.266,4.777,5.288,5.799
0.3764,0.4183,0.4708,0.5373,0.6059,0.6806,0.7553,0.8307,0.9061,0.9816,1.0571,1.0674,3.048,3.0698,3.0517,3.0463,3.0574,3.0691,3.083,3.0969,3.111,3.1252,3.1394,3.1535,3.1677
1.7065,1.6721,1.6291,1.5746,1.5184,1.4572,1.3959,1.3341,1.2723,1.2104,1.1486,1.0879,1.0271,2.5214,2.5362,2.5406,2.5315,2.5219,2.5106,2.4992,2.4876,2.476,2.4644,2.4527,2.4411
0.4709,0.5233,0.589,0.6722,0.758,0.8514,0.9449,1.0393,1.1336,1.228,1.3225,1.4151,1.5065,1.5338,0.8874,1.5454,2.2036,2.8618,3.5199,3.8744,3.8921,3.9098,3.9276,3.9453,3.9631
6.0894,5.5903,5.0918,4.5944,4.0972,3.6006,10.0,10.0,10.0,10.0,10.0,10.0,10.0,10.0,10.0,10.0,10.0,10.0,10.0,10.0,10.0,10.0,10.0,10.0,10.0
2.4205,2.3717,2.3108,2.2334,2.1536,2.0668,1.98,1.8923,1.8047,1.7169,1.6291,1.5431,1.4581,1.4328,0.9438,1.6437,2.3437,3.0437,3.561,3.5448,3.5284,3.5119,3.4955,3.479,3.4625
0.3067,0.3409,0.3836,0.4378,0.4937,0.5546,0.6154,0.6769,0.7383,0.7998,0.8614,0.9217,0.9812,2.5014,2.4867,2.4823,2.4913,2.5008,2.5122,2.5235,2.535,2.5465,2.5581,2.5696,2.5812
2.1924,2.1483,2.093,2.023,1.9507,1.8721,1.7935,1.714,1.6346,1.5551,1.4756,0.9778,3.2623,3.2394,3.2584,3.2641,3.2524,3.2401,3.2255,3.2109,3.196,3.1811,3.1661,3.1512,3.1362
2.1722,2.414,2.7167,3.1005,3.4966,3.9275,4.3585,4.7938,5.229,5.6646,6.1003,6.5276,6.9491,7.0748,6.9706,6.9394,7.0034,7.071,7.1511,7.2312,3.766,4.2161,4.7211,5.2261,5.7312
0.5423,0.6027,0.6782,0.7741,0.873,0.9805,1.0882,1.1968,1.3055,1.4142,1.3537,0.7521,4.3914,4.4228,4.3968,4.389,4.405,4.4219,4.4419,4.4619,4.4822,4.5026,4.5231,4.5435,4.5639
1.7396,1.7046,1.6608,1.6052,1.5479,1.4855,1.4231,1.36,1.297,1.234,1.1709,1.109,1.048,0.7677,2.5855,2.59,2.5807,2.5709,2.5593,2.5477,2.5359,2.5241,2.5122,2.5004,2.4885
0.3515,0.3906,0.4396,0.5017,0.5658,0.6355,0.7052,0.7757,0.8461,0.9166,0.9871,1.0562,1.1244,0.5709,1.3746,2.394,2.8549,2.8658,2.8788,2.8917,2.905,2.9182,2.9314,2.9447,2.9579
5.4428,5.3333,5.1962,4.8327,4.3097,3.7873,3.2649,2.7426,8.8782,8.6809,8.4835,8.29,8.099,8.042,8.0893,8.1034,8.0744,8.0438,8.0075,7.9712,7.9342,7.8972,7.8602,7.8231,7.786
4.1084,4.0258,3.9223,3.791,3.6556,3.5082,3.3608,3.212,3.0632,2.9142,2.7653,2.6192,2.475,2.432,2.4677,1.2889,1.8379,2.3868,2.9356,3.4845,4.0334,4.5823,5.1311,5.68,5.8772
0.3331,0.3702,0.4167,0.4755,0.5363,0.6024,0.6685,0.7352,0.802,0.8688,0.9356,1.0011,0.5218,2.717,2.701,2.6962,2.706,2.7164,2.7287,2.741,2.7535,2.766,2.7786,2.7911,2.8037
1.7957,1.7596,1.7144,1.657,1.5978,1.5334,1.469,1.4039,1.3389,1.2738,1.2086,1.1448,0.5517,2.6533,2.6689,2.6735,2.664,2.6539,2.6419,2.6299,2.6177,2.6055,2.5933,2.581,2.5688
0.6489,0.7212,0.8116,0.9263,1.0446,1.1733,1.3021,1.4321,1.5622,1.6923,1.8225,1.9501,2.076,2.1136,2.0825,1.3321,1.8994,2.4667,3.0339,3.6011,4.1684,4.7356,5.3029,5.4368,5.4613
1.2382,1.376,1.5486,1.7673,1.9931,2.2387,2.4844,2.6903,2.1779,1.6656,9.5426,9.7861,10.0,10.0,10.0,10.0,10.0,10.0,10.0,10.0,10.0,10.0,10.0,10.0,10.0
2.0247,1.984,1.933,1.8683,1.8015,1.7289,1.6563,1.5829,1.5096,1.4362,1.3628,1.2908,1.2197,0.6009,1.232,2.1457,3.0037,2.9923,2.9788,2.9653,2.9515,2.9378,2.924,2.9102,2.8964
0.3104,0.345,0.3883,0.4431,0.4997,0.5613,0.6229,0.6851,0.7473,0.8096,0.8719,0.9329,0.9932,1.0776,2.517,2.5125,2.5217,2.5313,2.5428,2.5542,2.5659,2.5776,2.5893,2.601,2.6127
2.7404,2.6852,2.6162,2.5287,2.4383,2.3401,2.2417,2.1425,2.0432,1.9438,1.422,0.9381,4.0777,4.0491,4.0728,4.08,4.0654,4.05,4.0317,4.0134,3.9948,3.9762,3.9575,3.9388,3.9202
10.0,10.0,10.0,10.0,10.0,10.0,10.0,10.0,10.0,10.0,10.0,10.0,10.0,10.0,10.0,10.0,10.0,10.0,10.0,10.0,10.0,10.0,10.0,10.0,5.6918
0.4204,0.4672,0.5258,0.6001,0.6767,0.7601,0.8436,0.9278,1.012,1.0963,1.1807,0.9068,3.4043,3.4286,3.4084,3.4024,3.4148,3.4279,3.4434,3.4589,3.4747,3.4905,3.5063,3.5222,3.538
1.6949,1.6608,1.6181,1.564,1.5081,1.4473,1.3865,1.3251,1.2637,1.2023,1.1408,1.0805,1.0211,2.5044,2.5191,2.5235,2.5144,2.5049,2.4936,2.4823,2.4708,2.4593,2.4477,2.4362,2.4246
0.4108,0.4566,0.5138,0.5864,0.6613,0.7428,0.8243,0.9067,0.989,1.0714,1.1538,1.2346,1.3143,1.3381,1.0125,1.7633,2.5142,3.2652,3.365,3.3801,3.3956,3.411,3.4265,3.442,3.4575
10.0,10.0,10.0,10.0,10.0,10.0,10.0,10.0,10.0,10.0,10.0,10.0,10.0,10.0,10.0,10.0,10.0,10.0,10.0,10.0,10.0,10.0,10.0,10.0,10.0
2.8326,2.7756,2.7042,2.6137,2.5204,2.4188,2.3171,2.2145,2.1119,2.0092,1.9065,1.8058,1.7064,1.6768,0.8652,1.4661,2.0905,2.7149,3.3393,3.9636,4.1292,4.1099,4.0906,4.0713,4.052
0.3119,0.3466,0.3901,0.4452,0.5021,0.564,0.6259,0.6884,0.7509,0.8134,0.876,0.9373,0.6656,2.5439,2.5289,2.5244,2.5336,2.5433,2.5548,2.5663,2.5781,2.5898,2.6015,2.6133,2.625
1.9932,1.9531,1.9029,1.8392,1.7735,1.702,1.6305,1.5583,1.4861,1.4138,1.3415,1.1806,0.6124,2.945,2.9623,2.9675,2.9569,2.9457,2.9324,2.9191,2.9056,2.892,2.8784,2.8649,2.8513
1.1277,1.2533,1.4104,1.6097,1.8153,2.039,2.2628,2.4888,2.7147,2.9409,3.1671,3.3889,3.6078,3.673,3.6189,3.6027,1.7945,2.2605,2.7804,3.3002,3.8201,4.3399,4.8598,5.3796,5.8994
0.6815,0.7574,0.8524,0.9728,1.0971,1.2323,1.3675,1.5041,1.6406,1.7773,1.2516,5.3866,5.5189,5.5583,5.5256,5.5158,5.5359,5.5571,5.5822,5.6074,5.633,5.6586,5.6843,5.71,5.7357
1.8133,1.7768,1.7311,1.6732,1.6134,1.5484,1.4834,1.4177,1.352,1.2862,1.2205,1.156,1.0924,0.5381,1.9011,2.6997,2.6901,2.6799,2.6678,2.6557,2.6434,2.631,2.6187,2.6063,2.594
0.3299,0.3666,0.4126,0.4709,0.531,0.5965,0.662,0.7281,0.7942,0.8603,0.9265,0.9914,1.0554,0.5358,1.824,2.6699,2.6797,2.6899,2.7021,2.7143,2.7267,2.7391,2.7515,2.7639,2.7764
3.8956,3.8172,3.719,3.5946,3.4662,3.3265,3.1867,2.8969,2.3452,1.7935,6.0719,5.9333,5.7967,5.7559,5.7897,5.7998,5.7791,5.7572,5.7312,5.7052,5.6787,5.6523,5.6257,5.5992,5.5726
5.903,5.7842,5.6355,5.4469,5.2523,5.0406,4.8288,4.615,4.4012,4.1871,3.9731,3.7632,3.5561,3.4943,3.5455,3.5609,1.7869,2.2717,2.7941,3.3165,3.8389,4.3613,4.8837,5.406,5.9284
0.3569,0.3967,0.4464,0.5095,0.5746,0.6454,0.7162,0.7877,0.8592,0.9308,1.0024,1.0726,0.5591,2.911,2.8939,2.8887,2.8993,2.9104,2.9235,2.9367,2.9501,2.9635,2.977,2.9904,3.0039
1.7315,1.6967,1.6531,1.5977,1.5407,1.4786,1.4164,1.3537,1.291,1.2282,1.1654,1.1039,0.6139,2.5584,2.5734,2.5779,2.5687,2.559,2.5474,2.5359,2.5241,2.5123,2.5006,2.4888,2.477
0.5237,0.582,0.655,0.7475,0.843,0.9469,1.0508,1.1558,1.2607,1.3657,1.4708,1.5738,1.6754,1.7057,0.8323,1.4496,2.0669,2.6842,3.3015,3.9188,4.3285,4.3482,4.3679,4.3876,4.4074
2.643,2.9372,3.3055,3.7725,4.1272,3.6269,3.1267,2.6265,2.1263,10.0,10.0,10.0,10.0,10.0,10.0,10.0,10.0,10.0,10.0,10.0,10.0,10.0,10.0,10.0,10.0
2.2419,2.1968,2.1403,2.0687,1.9948,1.9144,1.834,1.7527,1.6715,1.5903,1.509,1.4292,1.3506,1.3271,1.0319,1.7971,2.5624,3.3133,3.2983,3.2834,3.2681,3.2529,3.2376,3.2223,3.2071
0.3067,0.3409,0.3836,0.4378,0.4938,0.5546,0.6155,0.677,0.7384,0.7999,0.8615,0.9218,0.9813,2.5017,2.4869,2.4825,2.4916,2.5011,2.5124,2.5237,2.5353,2.5468,2.5584,2.5699,2.5815
2.3634,2.3158,2.2563,2.1808,2.1029,2.0181,1.9333,1.8477,1.7621,1.6764,1.5907,0.8923,3.5167,3.492,3.5125,3.5186,3.506,3.4928,3.477,3.4612,3.4452,3.4291,3.413,3.3969,3.3808
5.2171,5.7979,6.5249,7.4467,8.3981,9.4329,10.0,10.0,10.0,10.0,10.0,10.0,10.0,10.0,10.0,10.0,10.0,10.0,10.0,10.0,10.0,10.0,10.0,10.0,10.0
0.486,0.5401,0.6078,0.6937,0.7823,0.8787,0.9752,1.0726,1.17,1.2674,1.3649,0.8011,3.9356,3.9637,3.9404,3.9334,3.9477,3.9628,3.9808,3.9987,4.017,4.0352,4.0535,4.0718,4.0902
1.7147,1.6802,1.637,1.5822,1.5257,1.4642,1.4027,1.3406,1.2785,1.2163,1.1541,1.0931,1.033,1.1966,2.5484,2.5529,2.5438,2.5341,2.5227,2.5112,2.4996,2.4879,2.4763,2.4646,2.4529
0.3704,0.4116,0.4633,0.5287,0.5963,0.6697,0.7432,0.8175,0.8917,0.966,1.0403,1.1131,1.185,0.6016,1.2039,2.0967,2.9896,3.0203,3.0339,3.0476,3.0615,3.0754,3.0894,3.1033,3.1173
6.2658,5.7521,5.2393,4.7275,4.3525,10.0,10.0,10.0,10.0,10.0,10.0,10.0,10.0,10.0,10.0,10.0,10.0,10.0,10.0,10.0,10.0,10.0,10.0,10.0,10.0
3.4896,3.4193,3.3314,3.22,3.1049,2.9798,2.8546,2.7282,2.6018,2.4753,2.3487,2.2246,2.1022,2.0657,2.096,1.3456,1.9187,2.4917,3.0647,3.6377,4.2107,4.7837,5.0394,5.0156,4.9919
0.3233,0.3593,0.4044,0.4615,0.5204,0.5846,0.6487,0.7135,0.7783,0.8431,0.908,0.9716,0.5064,2.6368,2.6212,2.6166,2.6261,2.6362,2.6481,2.66,2.6722,2.6843,2.6965,2.7087,2.7209
1.8585,1.8211,1.7743,1.7149,1.6537,1.587,1.5203,1.453,1.3857,1.3183,1.2509,1.1848,0.571,2.7461,2.7622,2.767,2.7571,2.7467,2.7343,2.7219,2.7093,2.6966,2.684,2.6713,2.6586
0.7715,0.8574,0.9649,1.1012,1.2419,1.3949,1.548,1.7026,1.8572,2.0119,2.1666,2.3184,2.4681,2.5127,2.4757,1.2817,1.8276,2.3735,2.9193,3.4651,4.0109,4.5567,5.1025,5.6484,6.1942
0.9395,1.0441,1.175,1.341,1.5123,1.6987,1.8851,2.0734,2.236,1.71,1.184,7.4253,7.6077,7.662,7.617,7.6035,7.6311,7.6604,7.695,7.7296,7.765,7.8003,7.8357,7.8711,7.9065
1.9302,1.8914,1.8427,1.7811,1.7175,1.6482,1.579,1.5091,1.4391,1.3692,1.2992,1.2305,1.1628,0.5728,1.4178,2.4692,2.8635,2.8526,2.8398,2.8269,2.8138,2.8006,2.7875,2.7743,2.7612
0.3163,0.3515,0.3956,0.4515,0.5091,0.5719,0.6347,0.698,0.7614,0.8248,0.8883,0.9505,1.0119,0.7194,2.5644,2.5599,2.5692,2.579,2.5907,2.6023,2.6142,2.6261,2.638,2.65,2.6619
3.0783,3.0164,2.9388,2.8405,2.739,2.6286,2.5182,2.4067,2.2951,1.9377,1.3417,4.6886,4.5806,4.5484,4.5751,4.5831,4.5667,4.5494,4.5288,4.5083,4.4874,4.4665,4.4455,4.4245,4.4035
10.0,10.0,10.0,9.9803,9.6238,9.2359,8.8478,8.456,8.0642,7.6721,7.2799,6.8953,6.5158,6.4026,6.4965,6.5246,6.4669,6.4061,6.334,3.2202,3.7275,4.2347,4.742,5.2492,5.7565
0.392,0.4357,0.4903,0.5596,0.6311,0.7088,0.7866,0.8652,0.9437,1.0224,1.101,0.9996,3.1746,3.1973,3.1784,3.1728,3.1844,3.1966,3.211,3.2255,3.2402,3.255,3.2697,3.2845,3.2993
1.7019,1.6676,1.6248,1.5704,1.5143,1.4532,1.3922,1.3305,1.2689,1.2072,1.1455,1.085,1.0252,2.5146,2.5294,2.5338,2.5247,2.5152,2.5038,2.4925,2.4809,2.4693,2.4577,2.4461,2.4345
0.446,0.4956,0.5577,0.6365,0.7179,0.8063,0.8948,0.9842,1.0735,1.163,1.2524,1.3401,1.4267,1.4525,0.9313,1.622,2.3127,3.0035,3.6527,3.6691,3.6859,3.7027,3.7195,3.7363,3.7531
6.101,5.6009,5.1015,10.0,10.0,10.0,10.0,10.0,10.0,10.0,10.0,10.0,10.0,10.0,10.0,10.0,10.0,10.0,10.0,10.0,10.0,10.0,10.0,10.0,10.0
2.5631,2.5115,2.4469,2.3651,2.2806,2.1887,2.0967,2.0039,1.911,1.8181,1.7251,1.634,1.5441,1.5173,0.9021,1.571,2.2401,2.9092,3.5782,3.7538,3.7363,3.7189,3.7015,3.684,3.6665
0.3087,0.3431,0.3861,0.4406,0.4969,0.5582,0.6194,0.6813,0.7431,0.805,0.867,0.9277,0.9876,2.5177,2.5029,2.4984,2.5075,2.5171,2.5285,2.5399,2.5515,2.5631,2.5747,2.5864,2.598
2.112,2.0695,2.0163,1.9488,1.8792,1.8035,1.7277,1.6512,1.5747,1.4981,1.4215,1.0467,3.1427,3.1206,3.1389,3.1444,3.1331,3.1213,3.1072,3.0931,3.0787,3.0644,3.05,3.0356,3.0212
1.6045,1.7831,2.0067,2.2902,2.5828,2.901,3.2195,3.5409,3.8624,4.1842,4.506,4.8216,5.133,5.2259,5.1489,5.1258,5.1731,5.223,2.7313,3.242,3.7527,4.2633,4.774,5.2847,5.7954
0.5884,0.6539,0.7359,0.8398,0.9471,1.0638,1.1806,1.2985,1.4164,1.5344,1.3131,0.8074,4.7645,4.7985,4.7703,4.7619,4.7792,4.7975,4.8192,4.8409,4.863,4.8851,4.9073,4.9295,4.9517
1.7675,1.732,1.6874,1.631,1.5727,1.5093,1.4459,1.3819,1.3179,1.2538,1.1897,1.1268,1.0648,0.6321,2.4451,2.6316,2.6221,2.6122,2.6004,2.5886,2.5766,2.5646,2.5526,2.5405,2.5285
0.343,0.3812,0.429,0.4896,0.5521,0.6202,0.6883,0.757,0.8257,0.8945,0.9633,1.0308,1.0973,0.5571,1.518,2.6437,2.7861,2.7968,2.8094,2.8221,2.835,2.8479,2.8608,2.8737,2.8867
4.727,4.6319,4.5128,4.3618,4.2059,3.8674,3.3339,2.8006,2.2672,7.5392,7.3678,7.1997,7.0338,6.9844,7.0254,7.0377,7.0125,6.9859,6.9544,6.9229,6.8907,6.8586,6.8264,6.7942,6.762
4.6506,4.557,4.4398,4.2913,4.138,3.9712,3.8043,3.6359,3.4674,3.2988,3.1302,2.9648,2.8016,2.753,2.7933,1.4326,1.8036,2.3423,2.881,3.4197,3.9583,4.497,5.0356,5.5743,6.1129
0.342,0.3801,0.4277,0.4882,0.5505,0.6184,0.6863,0.7548,0.8233,0.8919,0.9605,1.0278,0.5357,2.7893,2.7729,2.768,2.778,2.7887,2.8013,2.8139,2.8268,2.8396,2.8525,2.8654,2.8783
1.7715,1.7358,1.6912,1.6346,1.5762,1.5127,1.4491,1.385,1.3208,1.2566,1.1923,1.1293,0.5443,2.6175,2.6328,2.6374,2.628,2.6181,2.6062,2.5944,2.5824,2.5703,2.5583,2.5462,2.5341
0.5949,0.6611,0.744,0.8491,0.9576,1.0756,1.1937,1.3129,1.4321,1.5514,1.6707,1.7877,1.9032,1.9376,0.9377,1.3754,1.9612,2.5469,3.1326,3.7183,4.304,4.8897,4.9617,4.9841,5.0065
1.5549,1.7279,1.9446,2.2194,2.5029,2.8113,3.1199,2.6671,2.1591,1.6512,10.0,10.0,10.0,10.0,10.0,10.0,10.0,10.0,10.0,10.0,10.0,10.0,10.0,10.0,10.0
2.1039,2.0616,2.0086,1.9414,1.872,1.7966,1.7211,1.6449,1.5686,1.4924,1.4161,1.3413,1.2675,0.6244,1.1477,1.9988,2.85,3.1093,3.0953,3.0813,3.067,3.0527,3.0383,3.024,3.0097
0.3092,0.3437,0.3867,0.4414,0.4978,0.5591,0.6205,0.6824,0.7444,0.8064,0.8684,0.9293,0.9893,1.5731,2.5071,2.5026,2.5118,2.5214,2.5328,2.5442,2.5558,2.5674,2.5791,2.5907,2.6024
2.5847,2.5327,2.4676,2.385,2.2998,2.2071,2.1144,2.0207,1.9271,1.8334,1.4882,0.8848,3.8461,3.819,3.8415,3.8482,3.8344,3.8199,3.8026,3.7854,3.7678,3.7503,3.7327,3.7151,3.6974
10.0,10.0,10.0,10.0,10.0,10.0,10.0,10.0,10.0,10.0,10.0,10.0,10.0,10.0,10.0,10.0,10.0,10.0,10.0,10.0,10.0,10.0,4.6919,5.1938,5.6957
0.4436,0.493,0.5548,0.6332,0.7141,0.8021,0.8902,0.9791,1.068,1.1569,1.2459,0.8639,3.5925,3.6181,3.5968,3.5905,3.6035,3.6173,3.6337,3.6501,3.6667,3.6834,3.7001,3.7169,3.7336
1.7039,1.6696,1.6267,1.5722,1.5161,1.455,1.3938,1.3321,1.2704,1.2086,1.1468,1.0862,1.0265,2.5176,2.5324,2.5368,2.5277,2.5181,2.5068,2.4954,2.4838,2.4723,2.4607,2.449,2.4374
0.3947,0.4387,0.4937,0.5634,0.6354,0.7137,0.792,0.8711,0.9502,1.0294,1.1086,1.1862,1.2628,1.2857,1.079,1.8791,2.6794,3.2186,3.2331,3.2477,3.2625,3.2774,3.2922,3.3071,3.322
6.1807,5.6741,5.1682,4.6633,10.0,10.0,10.0,10.0,10.0,10.0,10.0,10.0,10.0,10.0,10.0,10.0,10.0,10.0,10.0,10.0,10.0,10.0,10.0,10.0,10.0
3.0553,2.9939,2.9169,2.8193,2.7186,2.609,2.4994,2.3887,2.278,2.1672,2.0564,1.9478,1.8406,1.8086,0.9332,1.419,2.0233,2.6276,3.2319,3.8361,4.4404,4.4331,4.4123,4.3915,4.3707
0.3165,0.3517,0.3958,0.4518,0.5095,0.5723,0.6351,0.6985,0.7619,0.8254,0.8889,0.9511,0.527,2.5813,2.5661,2.5615,2.5709,2.5807,2.5924,2.6041,2.616,2.6279,2.6398,2.6517,2.6636
1.9416,1.9025,1.8536,1.7915,1.7275,1.6579,1.5883,1.5179,1.4476,1.3772,1.3068,1.2378,0.5965,2.8687,2.8856,2.8906,2.8803,2.8694,2.8564,2.8435,2.8303,2.8171,2.8039,2.7906,2.7774
0.9596,1.0664,1.2001,1.3697,1.5446,1.735,1.9254,2.1177,2.3099,2.5024,2.6948,2.8836,3.0698,3.1253,3.0793,3.0655,1.7749,2.305,2.8351,3.3652,3.8953,4.4253,4.9554,5.4855,6.0155
0.7624,0.8472,0.9535,1.0882,1.2272,1.3784,1.5297,1.6825,1.8352,1.7711,1.2263,6.0255,6.1735,6.2176,6.181,6.1701,6.1925,6.2163,6.2444,6.2725,6.3012,6.3298,6.3585,6.3873,6.416
1.8586,1.8212,1.7743,1.715,1.6537,1.5871,1.5204,1.453,1.3857,1.3183,1.2509,1.1849,1.1196,0.5516,1.6839,2.7671,2.7572,2.7467,2.7343,2.722,2.7093,2.6967,2.684,2.6714,2.6587
0.325,0.3611,0.4064,0.4639,0.5231,0.5876,0.6521,0.7172,0.7823,0.8475,0.9126,0.9766,1.0396,0.5437,2.1035,2.6301,2.6396,2.6498,2.6617,2.6737,2.6859,2.6982,2.7104,2.7226,2.7349
3.5412,3.4699,3.3807,3.2676,3.1508,3.0238,2.8968,2.7685,2.4171,1.8485,1.3381,5.3935,5.2693,5.2323,5.263,5.2722,5.2533,5.2334,5.2098,5.1862,5.1621,5.138,5.1139,5.0898,5.0657
7.1535,7.0096,6.8294,6.6008,6.365,6.1085,5.8518,5.5927,5.3336,5.0742,4.8148,4.5604,4.3095,4.2346,4.2967,4.3153,4.2771,2.249,2.7662,3.2834,3.8006,4.3178,4.835,5.3522,5.8694
0.3701,0.4113,0.4629,0.5283,0.5958,0.6692,0.7426,0.8168,0.8909,0.9652,1.0394,1.1122,0.5797,3.0184,3.0007,2.9953,3.0063,3.0178,3.0314,3.0451,3.059,3.0729,3.0868,3.1008,3.1147
1.7226,1.6879,1.6445,1.5895,1.5327,1.4709,1.4091,1.3467,1.2843,1.2219,1.1594,1.0981,0.82,2.5452,2.5601,2.5646,2.5554,2.5457,2.5342,2.5227,2.511,2.4993,2.4876,2.4759,2.4641
0.4917,0.5464,0.615,0.7018,0.7915,0.889,0.9866,1.0851,1.1837,1.2823,1.3809,1.4776,1.573,1.6015,0.8689,1.5132,2.1577,2.8021,3.4465,4.0455,4.064,4.0825,4.101,4.1195,4.1381
4.7266,5.2528,5.1264,4.6256,4.125,3.625,3.125,2.7134,10.0,10.0,10.0,10.0,10.0,10.0,10.0,10.0,10.0,10.0,10.0,10.0,10.0,10.0,10.0,10.0,10.0
2.3585,2.311,2.2516,2.1763,2.0985,2.0139,1.9293,1.8439,1.7585,1.6729,1.5874,1.5036,1.4208,1.3961,0.9796,1.706,2.4326,3.1592,3.4698,3.4541,3.4381,3.422,3.406,3.3899,3.3738
0.308,0.3423,0.3852,0.4396,0.4958,0.5569,0.618,0.6797,0.7414,0.8032,0.865,0.9255,0.9853,2.5118,2.4971,2.4926,2.5017,2.5113,2.5227,2.534,2.5456,2.5572,2.5688,2.5804,2.592
2.2643,2.2187,2.1617,2.0893,2.0147,1.9335,1.8522,1.7702,1.6882,1.6061,1.524,0.9472,3.3693,3.3456,3.3652,3.3711,3.359,3.3463,3.3312,3.3161,3.3007,3.2853,3.2699,3.2545,3.239
2.8081,3.1207,3.512,4.0082,4.5202,5.0772,5.6345,6.1971,6.7598,7.3229,7.8862,8.4385,8.9834,9.146,9.0112,8.9709,9.0536,9.1409,9.2445,9.348,3.7406,4.2227,4.7285,5.2343,5.7401
0.5216,0.5796,0.6523,0.7445,0.8396,0.943,1.0466,1.1511,1.2556,1.3602,1.3922,0.7735,4.2235,4.2537,4.2287,4.2212,4.2366,4.2528,4.272,4.2913,4.3109,4.3305,4.3501,4.3698,4.3895
1.7377,1.7027,1.6589,1.6034,1.5461,1.4838,1.4215,1.3585,1.2956,1.2326,1.1696,1.1078,1.0468,0.8935,2.5826,2.5871,2.5778,2.5681,2.5565,2.5449,2.5331,2.5213,2.5094,2.4976,2.4858
0.3601,0.4002,0.4504,0.514,0.5797,0.6511,0.7225,0.7947,0.8668,0.9391,1.0113,1.0821,1.152,0.5849,1.3098,2.2811,2.9249,2.9361,2.9494,2.9627,2.9762,2.9898,3.0034,3.0169,3.0305
6.0623,5.8572,5.335,4.8139,4.2929,3.7725,3.2522,10.0,9.8886,9.6688,9.449,9.2334,9.0207,8.9573,9.0099,9.0256,8.9933,8.9592,8.9188,8.8784,8.8372,8.796,8.7547,8.7134,8.6721
3.8655,3.7877,3.6903,3.5668,3.4394,3.3008,3.1621,3.0221,2.882,2.7419,2.6017,2.4643,2.3286,2.2882,2.3217,1.3161,1.8766,2.4371,2.9976,3.558,4.1185,4.6789,5.2394,5.5559,5.5296
0.3309,0.3677,0.4138,0.4723,0.5326,0.5982,0.6639,0.7302,0.7965,0.8629,0.9292,0.9943,0.5182,2.6985,2.6826,2.6778,2.6876,2.6979,2.7101,2.7223,2.7347,2.7471,2.7596,2.7721,2.7846
1.828,1.7912,1.7451,1.6867,1.6265,1.5609,1.4953,1.4291,1.3629,1.2966,1.2304,1.1654,0.5616,2.7009,2.7168,2.7215,2.7118,2.7015,2.6893,2.6771,2.6647,2.6523,2.6398,2.6274,2.6149
0.6943,0.7716,0.8683,0.991,1.1176,1.2553,1.3931,1.5322,1.6713,1.8105,1.9498,2.0863,2.2211,2.2613,2.2279,1.3188,1.8804,2.442,3.0036,3.5652,4.1268,4.6884,5.2499,5.8115,5.8428
1.1094,1.2329,1.3875,1.5836,1.7859,2.0059,2.2261,2.4484,2.2107,1.6906,1.3042,8.7685,8.9839,9.0481,8.9948,8.9789,9.0116,9.0461,9.087,9.1279,9.1696,9.2113,9.2531,9.2949,9.3368
1.9975,1.9573,1.907,1.8432,1.7773,1.7057,1.634,1.5617,1.4893,1.4169,1.3445,1.2734,1.2033,0.5928,1.3035,2.2702,2.9633,2.9521,2.9387,2.9254,2.9118,2.8983,2.8847,2.8711,2.8574
0.3143,0.3492,0.393,0.4486,0.5059,0.5682,0.6306,0.6935,0.7565,0.8195,0.8825,0.9444,1.0053,0.9099,2.5478,2.5433,2.5526,2.5624,2.5739,2.5855,2.5974,2.6092,2.621,2.6328,2.6447
2.8753,2.8174,2.745,2.6531,2.5583,2.4552,2.3521,2.2479,2.1438,2.0181,1.3973,0.9842,4.2785,4.2484,4.2733,4.2808,4.2655,4.2493,4.2301,4.211,4.1914,4.1719,4.1523,4.1327,4.1131
10.0,10.0,10.0,10.0,10.0,10.0,10.0,10.0,10.0,10.0,10.0,10.0,9.6679,9.5,9.6393,9.6809,9.5954,9.5052,9.3982,3.3437,3.7209,4.2273,4.7337,5.24,5.7464
0.4113,0.457,0.5144,0.587,0.662,0.7436,0.8252,0.9076,0.99,1.0725,1.155,0.9452,3.3303,3.3541,3.3343,3.3284,3.3405,3.3533,3.3685,3.3837,3.3991,3.4146,3.4301,3.4456,3.4611
1.7068,1.6724,1.6294,1.5749,1.5186,1.4574,1.3962,1.3344,1.2725,1.2106,1.1488,1.0881,1.0282,2.5218,2.5366,2.5411,2.532,2.5224,2.511,2.4996,2.488,2.4764,2.4648,2.4532,2.4415
0.4259,0.4733,0.5327,0.6079,0.6856,0.7701,0.8546,0.9399,1.0253,1.1107,1.1961,1.2799,1.3626,1.3872,0.9852,1.7158,2.4465,3.1772,3.4885,3.5042,3.5202,3.5362,3.5523,3.5683,3.5844
6.1466,5.6428,5.1397,4.6376,4.1357,3.6344,3.2379,10.0,10.0,10.0,10.0,10.0,10.0,10.0,10.0,10.0,10.0,10.0,10.0,10.0,10.0,10.0,10.0,10.0,10.0
2.7384,2.6833,2.6143,2.5268,2.4365,2.3383,2.2401,2.1409,2.0417,1.9424,1.8431,1.7458,1.6497,1.621,0.8688,1.513,2.1574,2.8017,3.446,4.0105,3.9919,3.9733,3.9546,3.936,3.9173
0.3125,0.3472,0.3908,0.446,0.503,0.5649,0.6269,0.6896,0.7522,0.8148,0.8775,0.9389,0.8046,2.5482,2.5332,2.5287,2.538,2.5477,2.5592,2.5707,2.5825,2.5942,2.606,2.6178,2.6295
2.0488,2.0075,1.9559,1.8905,1.8229,1.7495,1.676,1.6017,1.5275,1.4533,1.379,1.132,3.0486,3.0272,3.0449,3.0503,3.0393,3.0278,3.0142,3.0005,2.9866,2.9727,2.9587,2.9447,2.9308
1.2798,1.4222,1.6006,1.8267,2.0601,2.3139,2.5679,2.8243,3.0808,3.3374,3.5941,3.8458,4.0942,4.1682,4.1068,4.0884,4.1262,2.2582,2.7776,3.2969,3.8162,4.3355,4.8548,5.3741,5.8935
0.6464,0.7184,0.8085,0.9227,1.0406,1.1688,1.2971,1.4266,1.5561,1.6858,1.2819,0.887,5.2346,5.272,5.2409,5.2317,5.2507,5.2708,5.2947,5.3185,5.3428,5.3671,5.3915,5.4158,5.4402
1.8063,1.77,1.7244,1.6667,1.6072,1.5424,1.4776,1.4122,1.3468,1.2813,1.2158,1.1515,1.0882,0.5404,2.0904,2.6893,2.6796,2.6695,2.6574,2.6454,2.6331,2.6208,2.6085,2.5962,2.5839
0.3368,0.3743,0.4213,0.4808,0.5422,0.609,0.6759,0.7433,0.8108,0.8784,0.9459,1.0122,1.0776,0.5471,1.7037,2.726,2.7359,2.7464,2.7588,2.7712,2.7839,2.7966,2.8093,2.822,2.8347
4.2022,4.1177,4.0118,3.8776,3.739,3.5883,3.4248,2.8769,2.329,1.7811,6.5499,6.4004,6.253,6.209,6.2455,6.2564,6.234,6.2104,6.1824,6.1544,6.1258,6.0972,6.0686,6.04,6.0113
5.385,5.2766,5.141,4.9689,4.7914,4.5983,4.4051,4.21,4.015,3.8197,3.6245,3.433,3.244,3.1877,3.2344,3.2484,1.7807,2.3125,2.8443,3.3761,3.9079,4.4396,4.9714,5.5032,6.035
0.3533,0.3926,0.4418,0.5043,0.5687,0.6388,0.7089,0.7797,0.8505,0.9213,0.9922,1.0616,0.5534,2.8812,2.8643,2.8592,2.8696,2.8806,2.8936,2.9067,2.9199,2.9332,2.9465,2.9599,2.9732
1.7577,1.7224,1.6781,1.6219,1.564,1.5009,1.4379,1.3742,1.3105,1.2468,1.1831,1.1206,0.54,2.5971,2.6124,2.617,2.6076,2.5977,2.586,2.5743,2.5623,2.5504,2.5384,2.5264,2.5144
0.5524,0.6139,0.6908,0.7884,0.8892,0.9987,1.1083,1.219,1.3297,1.4405,1.5513,1.6599,1.7671,1.7991,0.8706,1.4294,2.0382,2.6469,3.2556,3.8643,4.473,4.5862,4.607,4.6278,4.6486
2.0984,2.332,2.6244,2.9952,3.3779,3.672,3.1655,2.6591,2.1527,10.0,10.0,10.0,10.0,10.0,10.0,10.0,10.0,10.0,10.0,10.0,10.0,10.0,10.0,10.0,10.0
2.2015,2.1572,2.1017,2.0314,1.9588,1.8799,1.8009,1.7211,1.6414,1.5616,1.4817,1.4035,1.3262,1.3032,1.0804,1.8816,2.6829,3.2535,3.2388,3.2241,3.2092,3.1942,3.1792,3.1642,3.1492
0.3097,0.3442,0.3874,0.4421,0.4986,0.56,0.6215,0.6836,0.7456,0.8078,0.8699,0.9308,0.9909,2.5261,2.5113,2.5068,2.5159,2.5256,2.537,2.5484,2.5601,2.5717,2.5834,2.5951,2.6067
2.4599,2.4104,2.3484,2.2699,2.1888,2.1005,2.0123,1.9232,1.8341,1.7449,1.5694,0.8719,3.6604,3.6346,3.656,3.6624,3.6493,3.6354,3.619,3.6026,3.5859,3.5692,3.5524,3.5357,3.5189
10.0,10.0,10.0,10.0,10.0,10.0,10.0,10.0,10.0,10.0,10.0,10.0,10.0,10.0,10.0,10.0,10.0,10.0,2.8544,3.2062,3.7113,4.2163,4.7214,5.2264,5.7314
0.4721,0.5247,0.5905,0.6739,0.76,0.8536,0.9473,1.0419,1.1365,1.2312,1.3259,0.8297,3.823,3.8504,3.8277,3.8209,3.8348,3.8495,3.8669,3.8843,3.9021,3.9198,3.9376,3.9554,3.9732
1.7225,1.6878,1.6444,1.5894,1.5326,1.4708,1.409,1.3467,1.2843,1.2218,1.1593,1.0981,1.0377,1.5369,2.56,2.5645,2.5553,2.5456,2.5341,2.5226,2.5109,2.4992,2.4875,2.4758,2.464
0.382,0.4246,0.4778,0.5453,0.615,0.6907,0.7666,0.8431,0.9196,0.9963,1.0729,1.148,1.2222,0.6205,1.161,2.0219,2.883,3.115,3.1291,3.1432,3.1575,3.1719,3.1863,3.2007,3.2151
6.2774,5.7628,5.249,4.7362,4.2237,3.7117,3.1997,2.7769,9.7193,9.7193,9.7193,9.7193,9.7193,9.7193,9.7193,9.7193,9.7193,9.7193,9.7193,9.7193,9.7193,9.7193,9.7193,9.7193,9.7193
3.3334,3.2664,3.1824,3.0759,2.966,2.8465,2.7269,2.6061,2.4854,2.3645,2.2436,2.1251,2.0081,1.9733,1.0182,1.3826,1.9715,2.5603,3.1491,3.7379,4.3267,4.8366,4.8139,4.7912,4.7685
0.323,0.359,0.404,0.461,0.5199,0.584,0.6481,0.7128,0.7776,0.8423,0.9071,0.9707,0.5059,2.6343,2.6188,2.6141,2.6237,2.6337,2.6456,2.6575,2.6697,2.6818,2.694,2.7062,2.7183
1.9033,1.865,1.8171,1.7563,1.6935,1.6253,1.557,1.488,1.4191,1.3501,1.2811,1.2134,0.5848,2.8123,2.8288,2.8337,2.8236,2.8129,2.8002,2.7875,2.7746,2.7616,2.7487,2.7357,2.7227
0.8402,0.9338,1.0509,1.1993,1.3525,1.5192,1.686,1.8543,2.0227,2.1912,2.3597,2.525,2.688,2.7367,2.6963,1.3123,1.8205,2.3642,2.9079,3.4516,3.9953,4.539,5.0827,5.6264,6.1701
0.8693,0.966,1.0872,1.2408,1.3993,1.5717,1.7442,1.9184,2.0926,1.7459,1.2088,6.8703,7.039,7.0893,7.0476,7.0351,7.0608,7.0878,7.1198,7.1519,7.1846,7.2173,7.25,7.2828,7.3155
1.9166,1.878,1.8297,1.7685,1.7053,1.6366,1.5678,1.4984,1.429,1.3595,1.29,1.2218,1.1546,0.5688,1.5205,2.648,2.8432,2.8325,2.8197,2.8069,2.7939,2.7808,2.7678,2.7547,2.7417
0.322,0.3579,0.4027,0.4596,0.5183,0.5822,0.6461,0.7106,0.7752,0.8397,0.9043,0.9677,1.0302,0.6452,2.4958,2.6061,2.6156,2.6256,2.6375,2.6493,2.6614,2.6736,2.6857,2.6978,2.71
3.2654,3.1997,3.1175,3.0132,2.9055,2.7884,2.6712,2.553,2.4347,1.9173,1.3275,4.9736,4.859,4.8249,4.8532,4.8617,4.8443,4.8259,4.8041,4.7824,4.7602,4.738,4.7157,4.6935,4.6712
9.1147,8.9312,8.7016,8.4104,8.11,7.7831,7.4561,7.1259,6.7958,6.4653,6.1348,5.8107,5.4909,5.3955,5.4746,5.4983,5.4497,5.3985,2.7545,3.2695,3.7845,4.2995,4.8145,5.3295,5.8445
0.3864,0.4294,0.4832,0.5515,0.6219,0.6986,0.7753,0.8527,0.9301,1.0076,1.0851,1.0516,3.1287,3.151,3.1325,3.1269,3.1383,3.1503,3.1646,3.1788,3.1934,3.2079,3.2224,3.237,3.2516
1.7233,1.6887,1.6452,1.5902,1.5334,1.4716,1.4097,1.3473,1.2849,1.2224,1.1599,1.0986,1.0382,2.5463,2.5613,2.5657,2.5566,2.5469,2.5354,2.5239,2.5122,2.5005,2.4887,2.477,2.4652
0.4661,0.518,0.583,0.6654,0.7504,0.8428,0.9353,1.0287,1.1221,1.2156,1.3091,1.4008,1.4912,1.5182,0.9137,1.5912,2.2689,2.9466,3.6242,3.8352,3.8527,3.8702,3.8878,3.9053,3.9229
6.162,5.6569,5.1525,4.6492,4.146,3.6435,3.1409,2.6384,8.9321,8.9321,8.9321,8.9321,8.9321,8.9321,8.9321,8.9321,8.9321,8.9321,8.9321,8.9321,8.9321,8.9321,8.9321,8.9321,8.9321
2.501,2.4507,2.3877,2.3078,2.2254,2.1357,2.0459,1.9553,1.8647,1.7741,1.6834,1.5944,1.5067,1.4805,0.9379,1.6334,2.329,3.0246,3.6796,3.6629,3.6459,3.6289,3.6119,3.5948,3.5778
0.311,0.3456,0.3889,0.4439,0.5006,0.5623,0.624,0.6863,0.7486,0.811,0.8734,0.9345,0.9949,2.5362,2.5213,2.5168,2.526,2.5357,2.5471,2.5586,2.5703,2.582,2.5937,2.6054,2.6172
2.1859,2.1419,2.0868,2.017,1.9449,1.8665,1.7881,1.7089,1.6298,1.5505,1.4712,1.0146,3.2526,3.2297,3.2487,3.2544,3.2427,3.2304,3.2159,3.2013,3.1864,3.1716,3.1567,3.1418,3.1269
1.9355,2.151,2.4207,2.7627,3.1156,3.4996,3.8837,4.2715,4.6593,5.0475,5.4357,5.8164,6.192,6.304,6.2112,6.1833,6.2404,6.3006,2.7442,3.2573,3.7704,4.2835,4.7965,5.3096,5.8227
0.5656,0.6286,0.7074,0.8074,0.9105,1.0227,1.135,1.2483,1.3617,1.4751,1.3536,0.7762,4.5804,4.6132,4.586,4.5779,4.5946,4.6122,4.633,4.6539,4.6751,4.6964,4.7177,4.739,4.7604
1.771,1.7354,1.6908,1.6342,1.5758,1.5123,1.4488,1.3846,1.3205,1.2563,1.192,1.1291,1.0669,0.7179,2.6322,2.6368,2.6273,2.6174,2.6056,2.5938,2.5817,2.5697,2.5576,2.5456,2.5335
0.3524,0.3916,0.4407,0.503,0.5672,0.6371,0.7071,0.7777,0.8483,0.9189,0.9896,1.0589,1.1273,0.5723,1.4433,2.5137,2.8622,2.8732,2.8862,2.8992,2.9124,2.9257,2.9389,2.9522,2.9655
5.2073,5.1025,4.9713,4.8049,4.3969,3.8639,3.331,2.7981,2.3453,8.3052,8.1163,7.9312,7.7485,7.694,7.7392,7.7527,7.725,7.6957,7.661,7.6262,7.5908,7.5554,7.52,7.4845,7.449
4.3531,4.2655,4.1558,4.0168,3.8732,3.7171,3.561,3.4033,3.2456,3.0878,2.9299,2.7751,2.6224,2.5769,2.6146,1.3409,1.847,2.3987,2.9503,3.5019,4.0535,4.6051,5.1567,5.7083,6.2271
0.3407,0.3786,0.426,0.4862,0.5484,0.6159,0.6835,0.7518,0.8201,0.8884,0.9567,1.0237,0.5336,2.7783,2.7619,2.757,2.767,2.7776,2.7902,2.8028,2.8156,2.8284,2.8412,2.8541,2.8669
1.8088,1.7724,1.7268,1.669,1.6094,1.5445,1.4796,1.4141,1.3486,1.283,1.2174,1.1531,0.5557,2.6725,2.6882,2.6929,2.6833,2.6731,2.6611,2.649,2.6367,2.6244,2.6121,2.5998,2.5874
0.6351,0.7058,0.7943,0.9065,1.0223,1.1483,1.2743,1.4015,1.5288,1.6561,1.7835,1.9084,2.0317,2.0684,1.001,1.3654,1.9469,2.5283,3.1098,3.6912,4.2726,4.8541,5.2967,5.3206,5.3446
1.36,1.5114,1.7009,1.9412,2.1892,2.459,2.7289,2.7156,2.1984,1.6813,8.2628,8.2628,8.2628,8.2628,8.2628,8.2628,8.2628,8.2628,8.2628,8.2628,8.2628,8.2628,8.2628,8.2628,8.2628
2.0808,2.0389,1.9865,1.92,1.8514,1.7768,1.7022,1.6268,1.5514,1.476,1.4005,1.3265,1.2535,0.6175,1.2138,2.1139,3.0142,3.0752,3.0613,3.0474,3.0333,3.0191,3.005,2.9908,2.9766
0.314,0.349,0.3927,0.4482,0.5055,0.5678,0.6301,0.693,0.7559,0.8189,0.8819,0.9436,1.0046,1.2413,2.5459,2.5414,2.5506,2.5604,2.572,2.5836,2.5954,2.6072,2.619,2.6309,2.6427
2.7139,2.6592,2.5909,2.5042,2.4147,2.3174,2.22,2.1217,2.0234,1.925,1.4656,0.929,4.0383,4.0099,4.0334,4.0405,4.026,4.0107,3.9926,3.9745,3.9561,3.9376,3.9192,3.9007,3.8822
10.0,10.0,10.0,10.0,10.0,10.0,10.0,10.0,10.0,10.0,10.0,10.0,10.0,10.0,10.0,10.0,10.0,2.3076,2.7188,3.2272,3.7355,4.2438,4.7522,5.2605,5.7688
0.4347,0.4831,0.5437,0.6205,0.6998,0.7861,0.8723,0.9594,1.0466,1.1337,1.2209,0.9018,3.5205,3.5456,3.5248,3.5185,3.5313,3.5448,3.5609,3.5769,3.5933,3.6096,3.626,3.6424,3.6588
1.7213,1.6867,1.6433,1.5883,1.5316,1.4698,1.4081,1.3457,1.2834,1.221,1.1586,1.0974,1.037,2.5433,2.5583,2.5627,2.5536,2.5439,2.5324,2.5209,2.5092,2.4975,2.4858,2.4741,2.4623
0.41,0.4557,0.5128,0.5853,0.66,0.7414,0.8227,0.9049,0.9871,1.0693,1.1515,1.2322,1.3118,1.3355,1.0511,1.8305,2.6101,3.3433,3.3585,3.3736,3.389,3.4044,3.4199,3.4353,3.4508
6.2276,5.7171,5.2074,4.6987,4.1902,3.6823,3.1744,2.6666,2.2567,7.8986,7.8986,7.8986,7.8986,7.8986,7.8986,7.8986,7.8986,7.8986,7.8986,7.8986,7.8986,7.8986,7.8986,7.8986,7.8986
2.9544,2.8949,2.8205,2.7261,2.6287,2.5228,2.4168,2.3098,2.2027,2.0956,1.9885,1.8834,1.7798,1.7489,0.9024,1.4678,2.093,2.7181,3.3431,3.9682,4.3067,4.2866,4.2665,4.2464,4.2263
0.3181,0.3535,0.3978,0.454,0.512,0.5751,0.6382,0.7019,0.7656,0.8294,0.8932,0.9558,0.6132,2.5939,2.5787,2.5741,2.5835,2.5933,2.6051,2.6168,2.6288,2.6407,2.6527,2.6647,2.6767
2.001,1.9607,1.9103,1.8464,1.7804,1.7087,1.6369,1.5644,1.4919,1.4194,1.3468,1.2386,0.6148,2.9566,2.9739,2.9791,2.9685,2.9572,2.9439,2.9305,2.9169,2.9033,2.8897,2.8761,2.8624
1.0719,1.1912,1.3406,1.53,1.7254,1.9381,2.1508,2.3656,2.5803,2.7953,3.0103,3.2211,3.4292,3.4912,3.4398,3.4244,1.7786,2.3098,2.841,3.3722,3.9034,4.4346,4.9658,5.4969,6.0281
0.7206,0.8008,0.9012,1.0286,1.16,1.3029,1.4459,1.5903,1.7347,1.8192,1.2596,5.6953,5.8352,5.8769,5.8423,5.8319,5.8532,5.8756,5.9022,5.9287,5.9558,5.9829,6.0101,6.0372,6.0644
1.8569,1.8196,1.7728,1.7135,1.6523,1.5857,1.519,1.4518,1.3845,1.3172,1.2498,1.1838,1.1187,0.5511,1.838,2.7647,2.7548,2.7443,2.732,2.7196,2.7069,2.6943,2.6817,2.669,2.6564
0.3328,0.3698,0.4162,0.475,0.5357,0.6017,0.6678,0.7344,0.8011,0.8679,0.9346,1.0001,1.0647,0.5405,1.9499,2.6934,2.7032,2.7135,2.7258,2.7381,2.7506,2.7631,2.7757,2.7882,2.8007
3.8072,3.7306,3.6347,3.513,3.3875,3.251,3.1144,2.9735,2.4072,1.8409,1.4386,5.7987,5.6651,5.6253,5.6583,5.6682,5.6479,5.6265,5.6012,5.5758,5.5499,5.524,5.4981,5.4721,5.4462
6.4206,6.2914,6.1297,5.9246,5.7129,5.4827,5.2523,5.0197,4.7871,4.5544,4.3215,4.0932,3.8679,3.8008,3.8565,3.8731,1.9436,2.2966,2.8248,3.3529,3.8811,4.4092,4.9373,5.4655,5.9936
0.3673,0.4082,0.4594,0.5243,0.5912,0.6641,0.737,0.8106,0.8842,0.9578,1.0315,1.1038,0.5753,2.9955,2.9779,2.9726,2.9834,2.9949,3.0084,3.022,3.0358,3.0496,3.0634,3.0773,3.0911
1.7542,1.7189,1.6747,1.6187,1.5609,1.498,1.435,1.3715,1.3079,1.2443,1.1807,1.1183,0.6895,2.592,2.6072,2.6117,2.6024,2.5925,2.5808,2.5691,2.5572,2.5453,2.5334,2.5214,2.5094
0.5188,0.5765,0.6488,0.7405,0.8351,0.938,1.0409,1.1449,1.2488,1.3528,1.4569,1.5589,1.6596,1.6896,0.8589,1.4958,2.1328,2.7698,3.4068,4.0437,4.2877,4.3072,4.3267,4.3463,4.3658
3.2287,3.5881,4.038,4.6086,4.1899,3.682,3.1741,2.6663,2.1586,7.3707,7.3707,7.3707,7.3707,7.3707,7.3707,7.3707,7.3707,7.3707,7.3707,7.3707,7.3707,7.3707,7.3707,7.3707,7.3707
2.3206,2.2739,2.2155,2.1413,2.0648,1.9816,1.8983,1.8143,1.7302,1.6461,1.5619,1.4794,1.398,1.3737,1.0269,1.7884,2.5501,3.3117,3.4141,3.3986,3.3829,3.3671,3.3513,3.3355,3.3197
0.312,0.3468,0.3902,0.4454,0.5023,0.5642,0.6261,0.6886,0.7511,0.8137,0.8763,0.9377,0.9982,2.5447,2.5298,2.5253,2.5345,2.5442,2.5557,2.5672,2.5789,2.5907,2.6024,2.6142,2.6259
2.361,2.3135,2.2541,2.1786,2.1008,2.0161,1.9314,1.8459,1.7604,1.6748,1.5891,0.927,3.5133,3.4886,3.5091,3.5152,3.5026,3.4893,3.4736,3.4579,3.4418,3.4257,3.4097,3.3936,3.3775
3.9892,4.4333,4.9892,5.6941,6.4215,7.2128,8.0045,8.8038,9.6031,10.0,10.0,10.0,10.0,10.0,10.0,10.0,10.0,2.2225,2.7336,3.2447,3.7558,4.2669,4.778,5.2891,5.8002
0.507,0.5635,0.6341,0.7237,0.8162,0.9168,1.0174,1.119,1.2206,1.3223,1.424,0.8029,4.1058,4.1352,4.1109,4.1036,4.1185,4.1343,4.153,4.1717,4.1907,4.2098,4.2289,4.248,4.2671
1.7513,1.716,1.6719,1.6159,1.5582,1.4954,1.4326,1.3691,1.3057,1.2422,1.1787,1.1164,1.055,1.0761,2.6028,2.6073,2.598,2.5881,2.5765,2.5648,2.5529,2.541,2.529,2.5171,2.5052
0.3724,0.4138,0.4657,0.5315,0.5994,0.6732,0.7471,0.8217,0.8964,0.971,1.0457,1.1189,1.1912,0.6048,1.2626,2.1989,3.0245,3.0361,3.0498,3.0635,3.0775,3.0915,3.1056,3.1196,3.1336
6.4126,5.8869,5.362,4.8382,4.3146,3.7917,3.2687,2.7457,2.2228,7.0795,7.0795,7.0795,7.0795,7.0795,7.0795,7.0795,7.0795,7.0795,7.0795,7.0795,7.0795,7.0795,7.0795,7.0795,7.0795
3.6845,3.6103,3.5175,3.3998,3.2784,3.1462,3.014,2.8806,2.7471,2.6135,2.4799,2.3489,2.2196,2.1811,2.213,1.3562,1.9338,2.5113,3.0889,3.6664,4.2439,4.8214,5.3209,5.2958,5.2707
0.3316,0.3685,0.4147,0.4733,0.5338,0.5996,0.6654,0.7318,0.7982,0.8647,0.9312,0.9965,0.5194,2.7043,2.6884,2.6837,2.6934,2.7038,2.716,2.7282,2.7407,2.7531,2.7656,2.7781,2.7906
1.8777,1.8399,1.7926,1.7326,1.6707,1.6034,1.536,1.468,1.4,1.3319,1.2638,1.197,0.5769,2.7744,2.7907,2.7955,2.7855,2.775,2.7625,2.75,2.7372,2.7244,2.7116,2.6988,2.686
0.7525,0.8362,0.9411,1.074,1.2113,1.3605,1.5098,1.6606,1.8114,1.9623,2.1132,2.2612,2.4072,2.4508,2.4147,1.3176,1.8787,2.4398,3.0009,3.562,4.1231,4.6841,5.2452,5.8063,6.3326
1.0151,1.1281,1.2695,1.4489,1.634,1.8353,2.0368,2.2401,2.2641,1.7315,1.1989,6.9089,6.9089,6.9089,6.9089,6.9089,6.9089,6.9089,6.9089,6.9089,6.9089,6.9089,6.9089,6.9089,6.9089
1.989,1.949,1.8989,1.8353,1.7698,1.6984,1.6271,1.555,1.483,1.4109,1.3387,1.268,1.1982,0.5903,1.3952,2.4299,2.9507,2.9395,2.9262,2.913,2.8995,2.8859,2.8724,2.8588,2.8453
0.321,0.3567,0.4014,0.4581,0.5167,0.5803,0.644,0.7083,0.7727,0.837,0.9014,0.9645,1.0268,0.7957,2.6023,2.5976,2.6071,2.6171,2.6289,2.6408,2.6528,2.6649,2.677,2.6891,2.7012
3.0494,2.988,2.9112,2.8138,2.7133,2.6039,2.4945,2.3841,2.2736,2.002,1.3862,4.6446,4.5376,4.5057,4.5321,4.54,4.5238,4.5066,4.4863,4.466,4.4453,4.4245,4.4038,4.383,4.3622
10.0,10.0,10.0,10.0,10.0,10.0,10.0,9.8328,9.3772,8.9212,8.4651,8.0179,7.5767,7.4451,7.5542,7.5868,7.5198,2.2429,2.7587,3.2745,3.7903,4.3061,4.8219,5.3377,5.8535
0.4062,0.4515,0.5081,0.5799,0.6539,0.7345,0.8151,0.8965,0.9779,1.0594,1.1409,0.9953,3.2896,3.3131,3.2936,3.2878,3.2997,3.3124,3.3274,3.3423,3.3576,3.3729,3.3882,3.4035,3.4188
1.7341,1.6992,1.6555,1.6001,1.5429,1.4807,1.4185,1.3557,1.2929,1.23,1.1671,1.1055,1.0446,2.5622,2.5772,2.5817,2.5725,2.5627,2.5512,2.5396,2.5278,2.516,2.5042,2.4924,2.4806
0.4459,0.4955,0.5577,0.6365,0.7178,0.8062,0.8947,0.9841,1.0734,1.1628,1.2523,1.34,1.4265,1.4523,0.9683,1.6864,2.4045,3.1227,3.6523,3.6687,3.6855,3.7023,3.7191,3.7359,3.7527
6.2289,5.7183,5.2084,4.6996,4.191,3.683,3.175,2.6671,2.1591,6.6524,6.6524,6.6524,6.6524,6.6524,6.6524,6.6524,6.6524,6.6524,6.6524,6.6524,6.6524,6.6524,6.6524,6.6524,6.6524
2.6753,2.6215,2.5541,2.4686,2.3804,2.2845,2.1885,2.0916,1.9947,1.8977,1.8007,1.7055,1.6117,1.5837,0.9052,1.5764,2.2478,2.9192,3.5905,3.9181,3.8999,3.8818,3.8635,3.8453,3.8271
0.3158,0.351,0.395,0.4508,0.5084,0.571,0.6337,0.697,0.7602,0.8236,0.8869,0.949,1.0103,2.5756,2.5605,2.5559,2.5652,2.575,2.5867,2.5983,2.6102,2.6221,2.634,2.6459,2.6578
2.1258,2.083,2.0295,1.9615,1.8915,1.8152,1.739,1.662,1.585,1.5079,1.4308,1.0977,3.1632,3.141,3.1594,3.1649,3.1536,3.1417,3.1275,3.1133,3.0989,3.0844,3.0699,3.0554,3.041
1.4894,1.6552,1.8628,2.126,2.3976,2.693,2.9886,3.287,3.5855,3.8842,4.1829,4.4758,4.7649,4.8511,4.7796,4.7582,1.8661,2.2764,2.7999,3.3234,3.8469,4.3704,4.8939,5.4174,5.9409
0.6207,0.6898,0.7763,0.886,0.9992,1.1224,1.2455,1.3699,1.4943,1.6188,1.3253,0.8518,5.0266,5.0625,5.0327,5.0238,5.0421,5.0614,5.0843,5.1072,5.1305,5.1539,5.1772,5.2006,5.224
1.8157,1.7792,1.7335,1.6755,1.6156,1.5505,1.4853,1.4196,1.3538,1.288,1.2221,1.1576,1.0938,0.6046,2.339,2.7033,2.6937,2.6834,2.6713,2.6592,2.6469,2.6345,2.6222,2.6098,2.5974
0.3471,0.3857,0.4341,0.4954,0.5587,0.6275,0.6964,0.7659,0.8355,0.9051,0.9747,1.043,1.1103,0.5637,1.6142,2.8089,2.8191,2.8299,2.8427,2.8555,2.8685,2.8816,2.8947,2.9077,2.9208
4.5971,4.5046,4.3888,4.242,4.0904,3.9255,3.4325,2.8833,2.3342,1.8327,6.4143,6.4143,6.4143,6.4143,6.4143,6.4143,6.4143,6.4143,6.4143,6.4143,6.4143,6.4143,6.4143,6.4143,6.4143
5.0014,4.9008,4.7748,4.615,4.4501,4.2707,4.0913,3.9101,3.729,3.5476,3.3663,3.1884,3.013,2.9606,3.004,3.017,1.8292,2.3756,2.9219,3.4682,4.0145,4.5608,5.1071,5.6534,6.1997
0.3529,0.3922,0.4414,0.5038,0.5681,0.6381,0.7082,0.7789,0.8496,0.9204,0.9912,1.0606,0.5528,2.8784,2.8615,2.8564,2.8668,2.8778,2.8908,2.9038,2.9171,2.9304,2.9437,2.957,2.9703
1.8006,1.7643,1.719,1.6615,1.6021,1.5375,1.4729,1.4077,1.3425,1.2772,1.2119,1.1479,0.5532,2.6605,2.6761,2.6807,2.6712,2.661,2.649,2.637,2.6248,2.6125,2.6003,2.588,2.5757
0.5892,0.6547,0.7368,0.841,0.9484,1.0653,1.1822,1.3002,1.4183,1.5364,1.6546,1.7705,1.8848,1.9189,0.9286,1.423,2.029,2.635,3.241,3.8469,4.4529,4.8917,4.9139,4.9361,4.9583
1.7604,1.9563,2.2016,2.5127,2.8337,3.1829,3.2339,2.7166,2.1992,1.7163,6.274,6.274,6.274,6.274,6.274,6.274,6.274,6.274,6.274,6.274,6.274,6.274,6.274,6.274,6.274
2.1828,2.1389,2.0839,2.0141,1.9422,1.8639,1.7856,1.7065,1.6274,1.5483,1.4692,1.3915,1.315,1.2921,1.1432,1.9909,2.8388,3.2259,3.2113,3.1968,3.1819,3.1671,3.1522,3.1374,3.1225
0.3156,0.3507,0.3947,0.4505,0.508,0.5706,0.6333,0.6965,0.7598,0.8231,0.8864,0.9484,1.0097,1.9491,2.5588,2.5543,2.5636,2.5734,2.5851,2.5967,2.6086,2.6204,2.6323,2.6442,2.6561
2.5864,2.5343,2.4692,2.3866,2.3013,2.2086,2.1158,2.0221,1.9284,1.8346,1.5489,0.8854,3.8486,3.8215,3.844,3.8507,3.8369,3.8224,3.8051,3.7879,3.7703,3.7527,3.7351,3.7175,3.6999
10.0,10.0,10.0,10.0,10.0,10.0,10.0,10.0,10.0,10.0,10.0,10.0,10.0,10.0,10.0,10.0,1.7617,2.232,2.7453,3.2586,3.7718,4.2851,4.7984,5.3117,5.8249
0.4634,0.515,0.5796,0.6614,0.7459,0.8379,0.9298,1.0227,1.1155,1.2085,1.3014,0.8678,3.7525,3.7793,3.757,3.7504,3.764,3.7784,3.7955,3.8126,3.83,3.8475,3.8649,3.8824,3.8999
1.7461,1.7109,1.6669,1.6112,1.5536,1.491,1.4283,1.3651,1.3018,1.2385,1.1752,1.1131,1.0519,2.1537,2.595,2.5996,2.5903,2.5805,2.5688,2.5572,2.5453,2.5334,2.5216,2.5097,2.4978
0.3978,0.4421,0.4975,0.5678,0.6404,0.7193,0.7982,0.8779,0.9576,1.0374,1.1172,1.1954,1.2726,1.2957,1.1319,1.9713,2.8108,3.2436,3.2583,3.273,3.2879,3.3029,3.3179,3.3329,3.3479
6.3466,5.8263,5.3069,4.7884,4.2702,3.7526,3.235,2.7175,2.1999,1.7319,6.0617,6.0617,6.0617,6.0617,6.0617,6.0617,6.0617,6.0617,6.0617,6.0617,6.0617,6.0617,6.0617,6.0617,6.0617
3.2223,3.1575,3.0763,2.9733,2.8671,2.7516,2.6359,2.5192,2.4025,2.2857,2.1688,2.0542,1.9412,1.9075,0.9842,1.4342,2.045,2.6558,3.2665,3.8772,4.488,4.6754,4.6534,4.6315,4.6095
0.3257,0.3619,0.4073,0.4649,0.5242,0.5888,0.6535,0.7187,0.784,0.8493,0.9146,0.9787,0.5101,2.6561,2.6404,2.6358,2.6454,2.6555,2.6675,2.6795,2.6918,2.704,2.7163,2.7285,2.7408
1.9675,1.9279,1.8783,1.8155,1.7506,1.6801,1.6095,1.5382,1.4669,1.3956,1.3243,1.2543,0.6045,2.9071,2.9241,2.9293,2.9188,2.9077,2.8946,2.8815,2.8681,2.8547,2.8413,2.8279,2.8145
0.9294,1.0328,1.1623,1.3266,1.496,1.6804,1.8648,2.051,2.2373,2.4236,2.6101,2.7929,2.9732,3.027,2.9824,1.4515,1.8303,2.3769,2.9236,3.4702,4.0168,4.5634,5.11,5.6566,5.9609
0.8173,0.9082,1.0221,1.1665,1.3156,1.4777,1.6399,1.8036,1.9674,1.7991,1.2456,5.9362,5.9362,5.9362,5.9362,5.9362,5.9362,5.9362,5.9362,5.9362,5.9362,5.9362,5.9362,5.9362,5.9362
1.9209,1.8823,1.8339,1.7725,1.7092,1.6403,1.5714,1.5018,1.4322,1.3626,1.2929,1.2246,1.1572,0.5701,1.6521,2.8599,2.8497,2.8389,2.8261,2.8133,2.8002,2.7872,2.7741,2.761,2.7479
0.3309,0.3677,0.4138,0.4723,0.5326,0.5982,0.6639,0.7302,0.7965,0.8628,0.9292,0.9942,1.0585,0.5912,2.287,2.6777,2.6874,2.6977,2.7099,2.7221,2.7345,2.747,2.7595,2.7719,2.7844
3.5049,3.4344,3.3461,3.2341,3.1186,2.9929,2.8671,2.7402,2.5043,1.9152,1.3261,5.3384,5.2154,5.1787,5.2091,5.2182,5.1995,5.1798,5.1565,5.1331,5.1093,5.0855,5.0616,5.0377,5.0138
7.9683,7.808,7.6072,7.3527,7.09,6.8042,6.5183,6.2297,5.941,5.6522,5.3632,5.0799,4.8003,4.7169,4.7861,4.8068,1.7669,2.2947,2.8224,3.35,3.8777,4.4054,4.9331,5.4608,5.8395
0.3845,0.4273,0.4809,0.5488,0.6189,0.6952,0.7715,0.8485,0.9256,1.0027,1.0798,1.1186,3.1135,3.1357,3.1173,3.1117,3.1231,3.135,3.1492,3.1634,3.1778,3.1923,3.2068,3.2213,3.2358
1.7611,1.7257,1.6813,1.6251,1.567,1.5039,1.4407,1.3769,1.3131,1.2492,1.1854,1.1227,0.963,2.6022,2.6175,2.622,2.6126,2.6027,2.591,2.5793,2.5673,2.5553,2.5433,2.5313,2.5193
0.4923,0.5471,0.6157,0.7027,0.7925,0.8902,0.9879,1.0865,1.1852,1.2839,1.3827,1.4795,1.5751,1.6035,0.9053,1.5767,2.2482,2.9197,3.5911,4.0507,4.0692,4.0877,4.1063,4.1248,4.1434
6.2809,5.766,5.2519,4.7388,4.226,3.7138,3.2015,2.6893,2.1772,1.665,5.7459,5.7459,5.7459,5.7459,5.7459,5.7459,5.7459,5.7459,5.7459,5.7459,5.7459,5.7459,5.7459,5.7459,5.7459
2.4658,2.4161,2.354,2.2753,2.194,2.1055,2.0171,1.9278,1.8384,1.749,1.6596,1.5719,1.4854,1.4596,0.9849,1.7154,2.4459,3.1764,3.6277,3.6112,3.5945,3.5777,3.5609,3.5441,3.5273
0.3162,0.3514,0.3954,0.4513,0.5089,0.5717,0.6344,0.6977,0.7611,0.8245,0.8879,0.9501,1.0115,2.5785,2.5633,2.5588,2.5681,2.578,2.5896,2.6013,2.6132,2.625,2.637,2.6489,2.6608
2.2846,2.2387,2.1811,2.1081,2.0328,1.9509,1.8689,1.7862,1.7034,1.6206,1.5377,0.9943,3.3996,3.3757,3.3955,3.4014,3.3893,3.3764,3.3612,3.346,3.3304,3.3149,3.2993,3.2838,3.2682
2.4491,2.7217,3.063,3.4957,3.9423,4.4281,4.9141,5.4048,5.8956,6.3867,6.8779,7.3596,7.8349,7.9767,7.8591,7.8239,1.7421,2.2624,2.7827,3.303,3.8233,4.3436,4.8638,5.3841,5.6552
0.5501,0.6113,0.688,0.7852,0.8855,0.9946,1.1038,1.214,1.3242,1.4346,1.409,0.7828,4.4545,4.4864,4.46,4.4521,4.4683,4.4854,4.5057,4.526,4.5466,4.5673,4.588,4.6088,4.6295
1.7911,1.755,1.7099,1.6527,1.5937,1.5294,1.4652,1.4003,1.3354,1.2705,1.2055,1.1418,1.079,0.8359,2.662,2.6666,2.6571,2.647,2.6351,2.6231,2.611,2.5988,2.5866,2.5744,2.5622
0.3655,0.4061,0.4571,0.5216,0.5883,0.6608,0.7333,0.8065,0.8798,0.953,1.0263,1.0982,1.1692,0.5936,1.3898,2.4205,2.9685,2.9799,2.9933,3.0068,3.0206,3.0343,3.0481,3.0618,3.0756
5.8372,5.7198,5.5107,4.9724,4.4343,3.8968,3.3593,2.8219,2.2845,1.747,5.5674,5.5674,5.5674,5.5674,5.5674,5.5674,5.5674,5.5674,5.5674,5.5674,5.5674,5.5674,5.5674,5.5674,5.5674
4.1348,4.0516,3.9474,3.8153,3.679,3.5307,3.3824,3.2326,3.0828,2.9329,2.783,2.636,2.4909,2.4476,2.4835,1.3391,1.9093,2.4796,3.0498,3.6201,4.1903,4.7605,5.3307,5.5458,5.5458
0.3425,0.3807,0.4284,0.4889,0.5514,0.6193,0.6873,0.7559,0.8246,0.8933,0.962,1.0293,0.5365,2.7935,2.7771,2.7722,2.7823,2.7929,2.8056,2.8182,2.8311,2.844,2.8569,2.8698,2.8827
1.8642,1.8267,1.7797,1.7201,1.6587,1.5918,1.525,1.4574,1.3899,1.3223,1.2547,1.1884,0.5727,2.7544,2.7706,2.7754,2.7655,2.755,2.7426,2.7302,2.7175,2.7048,2.6921,2.6794,2.6667
0.6864,0.7628,0.8585,0.9798,1.105,1.2411,1.3774,1.5149,1.6524,1.7901,1.9278,2.0628,2.196,2.2357,2.2028,1.3685,1.9513,2.5341,3.1168,3.6996,4.2823,4.8651,5.4478,5.4822,5.4822
1.2228,1.3589,1.5293,1.7454,1.9683,2.2109,2.4536,2.6986,2.2594,1.7279,5.4613,5.4613,5.4613,5.4613,5.4613,5.4613,5.4613,5.4613,5.4613,5.4613,5.4613,5.4613,5.4613,5.4613,5.4613
2.0781,2.0363,1.9839,1.9176,1.849,1.7745,1.7,1.6247,1.5494,1.4741,1.3987,1.3248,1.2519,0.6167,1.2984,2.2613,3.0829,3.0712,3.0573,3.0435,3.0294,3.0152,3.0011,2.9869,2.9728
0.3219,0.3577,0.4025,0.4594,0.5181,0.5819,0.6458,0.7103,0.7748,0.8394,0.9039,0.9672,1.0297,1.0386,2.6095,2.6049,2.6144,2.6244,2.6362,2.6481,2.6602,2.6723,2.6844,2.6966,2.7087
2.8803,2.8224,2.7498,2.6578,2.5629,2.4596,2.3562,2.2519,2.1475,2.0431,1.4578,0.986,4.286,4.2559,4.2809,4.2883,4.273,4.2568,4.2376,4.2184,4.1988,4.1792,4.1596,4.14,4.1204
10.0,10.0,10.0,10.0,10.0,10.0,10.0,10.0,10.0,10.0,10.0,10.0,10.0,10.0,10.0,10.0,1.7401,2.2598,2.7795,3.2992,3.8188,4.3385,4.8582,5.3779,5.3794
0.4304,0.4783,0.5383,0.6144,0.6929,0.7783,0.8637,0.9499,1.0362,1.1225,1.2088,0.9512,3.4855,3.5104,3.4898,3.4836,3.4963,3.5096,3.5255,3.5414,3.5576,3.5738,3.59,3.6062,3.6224
1.7552,1.7199,1.6757,1.6196,1.5617,1.4988,1.4358,1.3722,1.3086,1.245,1.1814,1.119,1.0574,2.5934,2.6086,2.6132,2.6038,2.594,2.5823,2.5706,2.5586,2.5467,2.5347,2.5228,2.5108
0.4302,0.4781,0.5381,0.6141,0.6926,0.7779,0.8633,0.9495,1.0357,1.122,1.2083,1.2929,1.3764,1.4013,1.0349,1.8024,2.5699,3.3375,3.5239,3.5398,3.556,3.5722,3.5884,3.6046,3.6208
6.3339,5.8147,5.2962,4.7789,4.2617,3.7451,3.2285,2.712,2.1955,1.6791,5.2998,5.2998,5.2998,5.2998,5.2998,5.2998,5.2998,5.2998,5.2998,5.2998,5.2998,5.2998,5.2998,5.2998,5.2998
2.8892,2.8311,2.7583,2.666,2.5707,2.4671,2.3635,2.2588,2.1541,2.0494,1.9446,1.8419,1.7405,1.7103,0.8825,1.5334,2.1865,2.8395,3.4925,4.1455,4.2117,4.1921,4.1724,4.1527,4.133
0.3226,0.3585,0.4035,0.4605,0.5193,0.5833,0.6474,0.712,0.7767,0.8414,0.9061,0.9695,0.7369,2.6312,2.6158,2.6111,2.6206,2.6307,2.6426,2.6545,2.6666,2.6787,2.6909,2.703,2.7152
2.0824,2.0405,1.988,1.9215,1.8529,1.7782,1.7035,1.628,1.5526,1.4771,1.4016,1.2008,3.0986,3.0768,3.0949,3.1003,3.0892,3.0775,3.0636,3.0497,3.0356,3.0214,3.0073,2.9931,2.9789
1.2219,1.3579,1.5282,1.7441,1.9669,2.2093,2.4517,2.6966,2.9414,3.1864,3.4315,3.6718,3.909,3.9797,3.9211,3.9035,1.7993,2.3367,2.8741,3.4114,3.9488,4.4861,5.0235,5.2226,5.2226
0.6905,0.7674,0.8636,0.9856,1.1116,1.2485,1.3856,1.5239,1.6623,1.8008,1.3064,0.9476,5.2036,5.2036,5.2036,5.2036,5.2036,5.2036,5.2036,5.2036,5.2036,5.2036,5.2036,5.2036,5.2036
1.8731,1.8354,1.7883,1.7284,1.6667,1.5995,1.5323,1.4644,1.3966,1.3287,1.2607,1.1941,1.1284,0.5559,2.0376,2.7888,2.7788,2.7683,2.7558,2.7433,2.7306,2.7178,2.7051,2.6923,2.6795
0.3441,0.3824,0.4303,0.4911,0.5539,0.6221,0.6904,0.7593,0.8283,0.8973,0.9663,1.034,1.1008,0.5588,1.8376,2.7847,2.7948,2.8055,2.8182,2.8309,2.8438,2.8568,2.8697,2.8827,2.8957
4.1479,4.0645,3.96,3.8275,3.6907,3.542,3.3932,2.9902,2.4207,1.8513,1.4707,5.1476,5.1476,5.1476,5.1476,5.1476,5.1476,5.1476,5.1476,5.1476,5.1476,5.1476,5.1476,5.1476,5.1476
5.8931,5.7745,5.626,5.4377,5.2435,5.0321,4.8207,4.6072,4.3938,4.1801,3.9664,3.7569,3.5501,3.4885,3.5396,1.4655,1.8231,2.3676,2.9121,3.4566,4.001,4.5455,5.0899,5.1292,5.1292
0.3681,0.4091,0.4604,0.5254,0.5926,0.6656,0.7386,0.8124,0.8861,0.96,1.0338,1.1062,0.5766,3.0021,2.9845,2.9792,2.99,3.0015,3.0151,3.0286,3.0425,3.0563,3.0702,3.0841,3.0979
1.8035,1.7672,1.7218,1.6642,1.6047,1.54,1.4753,1.41,1.3447,1.2793,1.2139,1.1498,0.6026,2.6648,2.6804,2.6851,2.6755,2.6654,2.6533,2.6413,2.6291,2.6168,2.6045,2.5922,2.5799
0.5535,0.6151,0.6922,0.79,0.891,1.0008,1.1106,1.2215,1.3324,1.4434,1.5544,1.6633,1.7707,1.8027,0.8724,1.4934,2.1294,2.7654,3.4014,4.0374,4.5747,4.5955,4.6164,4.6372,4.6581
2.4902,2.7674,3.1144,3.5544,4.0085,3.7755,3.2547,2.734,2.2133,1.6927,5.0568,5.0568,5.0568,5.0568,5.0568,5.0568,5.0568,5.0568,5.0568,5.0568,5.0568,5.0568,5.0568,5.0568,5.0568
2.307,2.2605,2.2024,2.1287,2.0527,1.9699,1.8872,1.8036,1.72,1.6364,1.5527,1.4707,1.3898,1.3656,1.088,1.8949,2.7019,3.4094,3.394,3.3786,3.3629,3.3473,3.3316,3.3158,3.3001
0.3191,0.3546,0.3991,0.4555,0.5137,0.577,0.6403,0.7043,0.7682,0.8322,0.8962,0.959,1.0209,2.6026,2.5873,2.5827,2.5921,2.6021,2.6138,2.6256,2.6376,2.6496,2.6616,2.6736,2.6857
2.4876,2.4375,2.3749,2.2954,2.2134,2.1242,2.0349,1.9448,1.8547,1.7645,1.6502,0.9168,3.7016,3.6756,3.6972,3.7036,3.6904,3.6764,3.6598,3.6432,3.6263,3.6094,3.5924,3.5755,3.5585
6.8268,7.5867,8.538,9.7443,10.0,10.0,10.0,10.0,10.0,10.0,10.0,10.0,10.0,10.0,10.0,1.4247,1.7458,2.2673,2.7886,3.31,3.8314,4.3528,4.8742,4.9864,4.9864
0.4984,0.5539,0.6234,0.7114,0.8023,0.9012,1.0001,1.1,1.1999,1.2998,1.3998,0.842,4.0361,4.065,4.0411,4.0339,4.0486,4.0641,4.0825,4.1009,4.1196,4.1383,4.1571,4.1759,4.1947
1.7819,1.746,1.7011,1.6442,1.5855,1.5216,1.4576,1.3931,1.3285,1.2639,1.1993,1.136,1.0734,1.3567,2.6483,2.6529,2.6434,2.6334,2.6215,2.6096,2.5975,2.5854,2.5733,2.5611,2.549
0.3889,0.4322,0.4864,0.5551,0.626,0.7031,0.7803,0.8582,0.9361,1.0141,1.0921,1.1686,1.2441,0.6316,1.2317,2.145,3.0586,3.1708,3.1852,3.1995,3.2141,3.2287,3.2434,3.258,3.2727
6.5073,5.9739,5.4412,4.9097,4.3784,3.8477,3.3169,2.7863,2.2557,1.725,1.4051,4.918,4.918,4.918,4.918,4.918,4.918,4.918,4.918,4.918,4.918,4.918,4.918,4.918,4.918
3.5583,3.4867,3.397,3.2833,3.166,3.0384,2.9108,2.7819,2.653,2.524,2.395,2.2684,2.1436,2.1064,2.1372,1.4113,2.0123,2.6134,3.2143,3.8153,4.4163,4.9012,4.9012,4.9012,4.9012
0.3356,0.3729,0.4197,0.479,0.5401,0.6067,0.6733,0.7405,0.8078,0.8751,0.9424,1.0084,0.5256,2.7366,2.7205,2.7157,2.7256,2.736,2.7484,2.7608,2.7734,2.786,2.7987,2.8113,2.8239
1.9476,1.9085,1.8594,1.7972,1.733,1.6631,1.5932,1.5227,1.4521,1.3815,1.3109,1.2416,0.5984,2.8778,2.8946,2.8997,2.8893,2.8784,2.8654,2.8524,2.8392,2.8259,2.8127,2.7994,2.7861
0.8273,0.9194,1.0347,1.1809,1.3318,1.4959,1.6601,1.8259,1.9916,2.1576,2.3235,2.4862,2.6468,2.6947,2.655,1.3294,1.8955,2.4616,3.0277,3.5938,4.1599,4.726,4.8514,4.8514,4.8514
0.9467,1.052,1.184,1.3512,1.5239,1.7117,1.8995,2.0892,2.2789,1.7907,1.2398,4.8351,4.8351,4.8351,4.8351,4.8351,4.8351,4.8351,4.8351,4.8351,4.8351,4.8351,4.8351,4.8351,4.8351
2.0003,1.96,1.9097,1.8458,1.7798,1.7081,1.6363,1.5639,1.4914,1.4189,1.3463,1.2752,1.205,0.5936,1.5125,2.6342,2.9674,2.9562,2.9429,2.9295,2.9159,2.9023,2.8887,2.8751,2.8614
0.331,0.3678,0.414,0.4725,0.5328,0.5985,0.6642,0.7305,0.7968,0.8632,0.9296,0.9947,1.0589,0.7161,2.6836,2.6789,2.6886,2.6989,2.7111,2.7233,2.7358,2.7482,2.7607,2.7732,2.7857
3.2722,3.2064,3.1239,3.0194,2.9115,2.7942,2.6768,2.5583,2.4397,2.0062,1.3891,4.7866,4.7866,4.7866,4.7866,4.7866,4.7866,4.7866,4.7866,4.7866,4.7701,4.7478,4.7255,4.7032,4.6809
10.0,10.0,10.0,9.6831,9.3372,8.9608,8.5844,8.2042,7.8241,7.4436,7.0631,6.69,6.3218,6.212,6.303,1.3631,1.7764,2.3069,2.8374,3.3679,3.8984,4.4289,4.7707,4.7707,4.7707
0.4054,0.4506,0.5071,0.5787,0.6526,0.7331,0.8135,0.8948,0.976,1.0573,1.1386,1.0597,3.2831,3.3066,3.2872,3.2813,3.2933,3.3059,3.3208,3.3358,3.351,3.3663,3.3816,3.3968,3.4121
1.7789,1.7431,1.6983,1.6415,1.5828,1.519,1.4552,1.3908,1.3263,1.2618,1.1973,1.1341,1.0717,2.6284,2.6439,2.6485,2.639,2.629,2.6171,2.6053,2.5932,2.5811,2.569,2.5569,2.5447
0.4719,0.5244,0.5901,0.6735,0.7596,0.8532,0.9468,1.0414,1.1359,1.2305,1.3252,1.418,1.5096,1.5369,0.9619,1.6752,2.3886,3.102,3.8154,3.8823,3.9,3.9177,3.9355,3.9533,3.9711
6.3736,5.8511,5.3295,4.8088,4.2884,3.7686,3.2488,2.7291,2.2093,1.6896,1.3452,4.708,4.708,4.708,4.708,4.708,4.708,4.708,4.708,4.708,4.708,4.708,4.708,4.708,4.708
2.6428,2.5896,2.523,2.4386,2.3515,2.2567,2.1619,2.0662,1.9704,1.8746,1.7788,1.6848,1.5921,1.5644,0.953,1.6597,2.3665,3.0733,3.7801,3.8705,3.8525,3.8346,3.8166,3.7986,3.7806
0.3223,0.3582,0.4031,0.4601,0.5188,0.5828,0.6467,0.7113,0.7759,0.8405,0.9052,0.9686,1.0311,2.6287,2.6132,2.6086,2.6181,2.6281,2.64,2.6519,2.664,2.6761,2.6883,2.7004,2.7126
2.2283,2.1835,2.1274,2.0562,1.9827,1.9028,1.8229,1.7421,1.6614,1.5806,1.4998,1.0769,3.3158,3.2925,3.3118,3.3176,3.3057,3.2932,3.2784,3.2635,3.2484,3.2332,3.218,3.2028,3.1877
1.7889,1.988,2.2373,2.5534,2.8796,3.2344,3.5894,3.9478,4.3063,4.665,5.0238,5.3757,5.7228,5.8264,5.7405,1.3277,1.7843,2.3172,2.8501,3.383,3.9159,4.4488,4.647,4.647,4.647
0.6037,0.6709,0.755,0.8617,0.9717,1.0915,1.2113,1.3322,1.4532,1.5742,1.3839,0.8284,4.632,4.632,4.632,4.632,4.632,4.632,4.632,4.632,4.632,4.632,4.632,4.632,4.632
1.8433,1.8062,1.7598,1.7009,1.6401,1.574,1.5079,1.4411,1.3743,1.3075,1.2407,1.1751,1.1104,0.6904,2.6708,2.7443,2.7345,2.7241,2.7119,2.6996,2.687,2.6745,2.662,2.6494,2.6368
0.3612,0.4014,0.4517,0.5156,0.5814,0.6531,0.7248,0.7971,0.8695,0.942,1.0144,1.0854,1.1555,0.5867,1.5513,2.7018,2.9339,2.9452,2.9585,2.9718,2.9854,2.999,3.0126,3.0262,3.0398
5.1092,5.0063,4.8776,4.7144,4.546,4.0304,3.4745,2.9187,2.3628,1.807,1.3107,4.5875,4.5875,4.5875,4.5875,4.5875,4.5875,4.5875,4.5875,4.5875,4.5875,4.5875,4.5875,4.5875,4.5875
4.7252,4.6301,4.5111,4.3601,4.2043,4.0349,3.8654,3.6942,3.523,3.3517,3.1804,3.0124,2.8466,2.7971,2.8381,1.331,1.8979,2.4647,3.0315,3.5983,4.1651,4.5729,4.5729,4.5729,4.5729
0.3562,0.3958,0.4454,0.5084,0.5733,0.644,0.7147,0.786,0.8574,0.9288,1.0002,1.0703,0.5579,2.9047,2.8876,2.8825,2.893,2.9041,2.9172,2.9303,2.9437,2.9571,2.9705,2.984,2.9974
1.8628,1.8253,1.7784,1.7189,1.6575,1.5906,1.5238,1.4563,1.3889,1.3213,1.2538,1.1875,0.5723,2.7524,2.7685,2.7734,2.7634,2.753,2.7405,2.7281,2.7155,2.7028,2.6901,2.6774,2.6647
0.6362,0.707,0.7957,0.9081,1.0241,1.1503,1.2766,1.404,1.5315,1.6591,1.7867,1.9119,2.0353,2.0721,1.0028,1.4311,2.0406,2.65,3.2594,3.8689,4.4783,4.5295,4.5295,4.5295,4.5295
1.538,1.7092,1.9235,2.1953,2.4757,2.7808,3.086,2.8028,2.269,1.7352,1.2901,4.5153,4.5153,4.5153,4.5153,4.5153,4.5153,4.5153,4.5153,4.5153,4.5153,4.5153,4.5153,4.5153,4.5153
2.1869,2.1429,2.0878,2.0179,1.9459,1.8674,1.789,1.7097,1.6305,1.5512,1.4719,1.3942,1.3174,0.649,1.2237,2.1311,3.0388,3.232,3.2174,3.2028,3.188,3.1731,3.1582,3.1433,3.1284
0.3248,0.3609,0.4062,0.4636,0.5228,0.5872,0.6517,0.7167,0.7818,0.847,0.9121,0.976,1.039,1.4893,2.6331,2.6285,2.638,2.6481,2.6601,2.6721,2.6843,2.6965,2.7088,2.721,2.7332
2.7497,2.6943,2.6251,2.5372,2.4466,2.348,2.2493,2.1497,2.0501,1.9504,1.545,0.9412,4.0915,4.0628,4.0866,4.0938,4.0791,4.0637,4.0453,4.027,4.0083,3.9896,3.9709,3.9522,3.9334
10.0,10.0,10.0,10.0,10.0,10.0,10.0,10.0,10.0,10.0,10.0,10.0,10.0,10.0,10.0,1.274,1.7641,2.2909,2.8178,3.3446,3.8714,4.3983,4.4591,4.4591,4.4591
0.4599,0.5111,0.5752,0.6564,0.7403,0.8315,0.9228,1.015,1.1071,1.1993,1.2916,0.9175,3.7241,3.7507,3.7287,3.7221,3.7356,3.7499,3.7669,3.7838,3.8011,3.8184,3.8358,3.8531,3.8704
1.7876,1.7516,1.7066,1.6495,1.5906,1.5264,1.4623,1.3976,1.3328,1.268,1.2032,1.1396,1.0769,2.6413,2.6568,2.6614,2.6519,2.6418,2.6299,2.618,2.6059,2.5937,2.5815,2.5693,2.5572
0.4186,0.4652,0.5235,0.5975,0.6738,0.7569,0.84,0.9238,1.0077,1.0917,1.1756,1.258,1.3392,1.3634,1.1164,1.9443,2.7724,3.4133,3.4287,3.4441,3.4599,3.4756,3.4914,3.5072,3.523
6.4808,5.9495,5.419,4.8897,4.3605,3.832,3.3034,2.7749,2.2465,1.718,1.2584,4.4043,4.4043,4.4043,4.4043,4.4043,4.4043,4.4043,4.4043,4.4043,4.4043,4.4043,4.4043,4.4043,4.4043
3.1536,3.0901,3.0107,2.9099,2.806,2.6929,2.5797,2.4655,2.3513,2.2369,2.1226,2.0104,1.8998,1.8668,0.9632,1.5031,2.1433,2.7834,3.4235,4.0636,4.3908,4.3908,4.3908,4.3908,4.3908
0.3317,0.3686,0.4148,0.4734,0.5339,0.5997,0.6655,0.732,0.7984,0.8649,0.9315,0.9967,0.5827,2.705,2.6891,2.6843,2.6941,2.7044,2.7166,2.7289,2.7413,2.7538,2.7663,2.7788,2.7913
2.0547,2.0134,1.9616,1.896,1.8283,1.7546,1.6808,1.6064,1.532,1.4575,1.383,1.3099,0.6313,3.036,3.0538,3.0591,3.0482,3.0366,3.023,3.0093,2.9953,2.9813,2.9673,2.9533,2.9393
1.0463,1.1628,1.3086,1.4935,1.6843,1.8918,2.0995,2.3091,2.5188,2.7286,2.9385,3.1443,3.3473,3.4079,3.3577,1.3036,1.8588,2.414,2.9691,3.5243,4.0794,4.3508,4.3508,4.3508,4.3508
0.7805,0.8674,0.9762,1.1141,1.2564,1.4113,1.5662,1.7226,1.879,1.8728,1.2967,4.3377,4.3377,4.3377,4.3377,4.3377,4.3377,4.3377,4.3377,4.3377,4.3377,4.3377,4.3377,4.3377,4.3377
1.9451,1.9059,1.8569,1.7948,1.7307,1.6609,1.5911,1.5207,1.4502,1.3797,1.3092,1.24,1.1718,0.5772,1.8217,2.8959,2.8855,2.8746,2.8616,2.8487,2.8354,2.8222,2.809,2.7957,2.7825
0.3434,0.3816,0.4295,0.4902,0.5528,0.6209,0.689,0.7578,0.8267,0.8955,0.9644,1.0319,1.0986,0.5577,2.1378,2.7792,2.7893,2.8,2.8126,2.8253,2.8382,2.8511,2.8641,2.877,2.89
3.8114,3.7347,3.6387,3.5169,3.3913,3.2546,3.1179,2.9798,2.5276,1.933,1.3384,4.2987,4.2987,4.2987,4.2987,4.2987,4.2987,4.2987,4.2987,4.2987,4.2987,4.2987,4.2987,4.2987,4.2987
7.1786,7.0342,6.8533,6.624,6.3873,6.1299,5.8723,5.6123,5.3523,5.092,4.8317,4.5764,4.3246,4.2495,4.3117,1.2826,1.8288,2.375,2.9212,3.4674,4.0136,4.2858,4.2858,4.2858,4.2858
0.3867,0.4297,0.4836,0.5519,0.6224,0.6991,0.7759,0.8534,0.9308,1.0084,1.0859,1.162,0.6056,3.1535,3.135,3.1294,3.1408,3.1529,3.1671,3.1814,3.1959,3.2104,3.225,3.2396,3.2542
1.818,1.7814,1.7356,1.6775,1.6176,1.5524,1.4872,1.4213,1.3555,1.2896,1.2236,1.159,0.8011,2.6862,2.702,2.7067,2.697,2.6868,2.6747,2.6625,2.6502,2.6378,2.6254,2.6131,2.6007
0.526,0.5846,0.6579,0.7508,0.8467,0.9511,1.0555,1.1609,1.2663,1.3718,1.4773,1.5807,1.6828,1.7133,0.9068,1.5792,2.2518,2.9244,3.5969,4.2477,4.2477,4.2477,4.2477,4.2477,4.2477
4.2049,4.673,5.259,4.8793,4.3512,3.8238,3.2964,2.769,2.2417,1.7143,1.21,4.2352,4.2352,4.2352,4.2352,4.2352,4.2352,4.2352,4.2352,4.2352,4.2352,4.2352,4.2352,4.2352,4.2352
2.4581,2.4086,2.3467,2.2682,2.1872,2.099,2.0108,1.9218,1.8327,1.7436,1.6545,1.5671,1.4808,1.4551,1.0459,1.8216,2.5973,3.3731,3.6164,3.6,3.5833,3.5666,3.5498,3.5331,3.5163
0.3247,0.3609,0.4061,0.4635,0.5227,0.5871,0.6515,0.7166,0.7817,0.8468,0.9119,0.9758,1.0388,2.6482,2.6326,2.6279,2.6375,2.6476,2.6596,2.6715,2.6837,2.696,2.7082,2.7204,2.7327
2.4139,2.3653,2.3045,2.2274,2.1478,2.0613,1.9747,1.8872,1.7998,1.7123,1.6247,0.9856,3.5919,3.5667,3.5876,3.5939,3.581,3.5674,3.5514,3.5353,3.5189,3.5024,3.486,3.4696,3.4531
3.3264,3.6967,4.1602,4.748,5.3545,6.0144,6.6745,7.341,8.0075,8.6746,9.3418,9.9961,10.0,10.0,10.0,1.2516,1.7846,2.3176,2.8506,3.3836,3.9165,4.1857,4.1857,4.1857,4.1857
0.5415,0.6018,0.6773,0.773,0.8717,0.9791,1.0866,1.1951,1.3036,1.4122,1.4823,0.8236,4.1735,4.1735,4.1735,4.1735,4.1735,4.1735,4.1735,4.1735,4.1735,4.1735,4.1735,4.1735,4.1735
1.83,1.7932,1.7471,1.6886,1.6283,1.5626,1.497,1.4307,1.3644,1.2981,1.2317,1.1666,1.1024,1.0038,2.7198,2.7245,2.7148,2.7045,2.6923,2.6801,2.6676,2.6552,2.6427,2.6303,2.6178
0.383,0.4257,0.4791,0.5467,0.6166,0.6926,0.7686,0.8453,0.9221,0.9989,1.0757,1.1511,1.2254,0.6221,1.356,2.3617,3.1113,3.1232,3.1373,3.1514,3.1658,3.1802,3.1947,3.2091,3.2235
6.678,6.1647,5.6151,5.0666,4.5183,3.9706,3.4229,2.8753,2.3277,1.7801,1.2326,4.1374,4.1374,4.1374,4.1374,4.1374,4.1374,4.1374,4.1374,4.1374,4.1374,4.1374,4.1374,4.1374,4.1374
3.986,3.9058,3.8054,3.678,3.5466,3.4037,3.2607,3.1163,2.9719,2.8274,2.6828,2.5411,2.4013,2.3596,2.3941,1.3988,1.9945,2.5902,3.1858,3.7815,4.1255,4.1255,4.1255,4.1255,4.1255
0.348,0.3868,0.4353,0.4967,0.5602,0.6292,0.6983,0.768,0.8378,0.9076,0.9774,1.0458,0.5451,2.8383,2.8216,2.8166,2.8268,2.8377,2.8505,2.8633,2.8764,2.8895,2.9026,2.9157,2.9288
1.9413,1.9023,1.8534,1.7913,1.7273,1.6577,1.5881,1.5177,1.4474,1.377,1.3066,1.2376,0.5964,2.8684,2.8853,2.8903,2.88,2.869,2.8561,2.8432,2.83,2.8168,2.8035,2.7903,2.7771
0.7524,0.8361,0.941,1.0739,1.2111,1.3604,1.5097,1.6604,1.8112,1.9621,2.113,2.261,2.407,2.4505,2.4144,1.3861,1.9764,2.5667,3.157,3.7472,4.0902,4.0902,4.0902,4.0902,4.0902
1.1264,1.2518,1.4087,1.6078,1.8132,2.0366,2.2601,2.4858,2.3462,1.7943,1.2423,4.0785,4.0785,4.0785,4.0785,4.0785,4.0785,4.0785,4.0785,4.0785,4.0785,4.0785,4.0785,4.0785,4.0785
2.0977,2.0555,2.0027,1.9356,1.8665,1.7913,1.716,1.64,1.564,1.488,1.4119,1.3373,1.2637,0.6225,1.4068,2.4501,3.112,3.1002,3.0862,3.0722,3.0579,3.0437,3.0294,3.0151,3.0008
0.3333,0.3704,0.4169,0.4758,0.5366,0.6027,0.6688,0.7356,0.8024,0.8693,0.9361,1.0017,1.0664,0.9071,2.7025,2.6977,2.7075,2.7179,2.7302,2.7425,2.755,2.7675,2.7801,2.7926,2.8052
3.094,3.0317,2.9538,2.855,2.753,2.642,2.531,2.4189,2.3068,2.1173,1.466,1.0591,4.044,4.044,4.044,4.044,4.044,4.044,4.044,4.044,4.044,4.044,4.044,4.044,4.044
9.7935,9.7935,9.7935,9.7935,9.7935,9.7935,9.7935,9.7935,9.7935,9.7935,9.7935,9.7339,9.1982,9.0385,9.1709,1.2606,1.7974,2.3342,2.871,3.4078,3.9446,4.0326,4.0326,4.0326,4.0326
0.431,0.4789,0.539,0.6151,0.6937,0.7792,0.8647,0.9511,1.0374,1.1238,1.2103,1.0148,3.4897,3.5147,3.494,3.4878,3.5005,3.5139,3.5298,3.5457,3.5619,3.5781,3.5943,3.6106,3.6268
1.8084,1.772,1.7264,1.6687,1.6091,1.5442,1.4793,1.4138,1.3483,1.2827,1.2172,1.1529,1.0894,2.672,2.6877,2.6924,2.6827,2.6726,2.6605,2.6485,2.6362,2.6239,2.6116,2.5992,2.5869
0.4565,0.5074,0.571,0.6516,0.7349,0.8254,0.916,1.0075,1.099,1.1905,1.2821,1.3719,1.4605,1.4869,1.0308,1.7953,2.5598,3.3244,3.7393,3.7561,3.7733,3.7905,3.8077,3.8249,3.8421
6.5093,5.9757,5.4429,4.9112,4.3797,3.8488,3.3179,2.7871,2.2563,1.7255,1.1948,3.9878,3.9878,3.9878,3.9878,3.9878,3.9878,3.9878,3.9878,3.9878,3.9878,3.9878,3.9878,3.9878,3.9878
2.8599,2.8023,2.7303,2.6389,2.5446,2.4421,2.3395,2.2359,2.1323,2.0286,1.9249,1.8232,1.7229,1.6929,0.93,1.6196,2.3094,2.9991,3.6888,3.9767,3.9767,3.9767,3.9767,3.9767,3.9767
0.3307,0.3675,0.4136,0.472,0.5324,0.598,0.6636,0.7298,0.7961,0.8624,0.9288,0.9938,0.924,2.6971,2.6813,2.6765,2.6863,2.6966,2.7087,2.7209,2.7334,2.7458,2.7583,2.7707,2.7832
2.1907,2.1466,2.0914,2.0215,1.9492,1.8707,1.7921,1.7127,1.6334,1.5539,1.4745,1.1793,3.2598,3.2369,3.2559,3.2616,3.2499,3.2376,3.223,3.2084,3.1935,3.1786,3.1637,3.1488,3.1338
1.4271,1.586,1.7848,2.037,2.2972,2.5803,2.8635,3.1495,3.4354,3.7216,4.0078,4.2885,4.5655,4.6481,4.5796,1.2901,1.8395,2.3889,2.9382,3.4876,3.9439,3.9439,3.9439,3.9439,3.9439
0.6712,0.7459,0.8394,0.958,1.0804,1.2135,1.3467,1.4812,1.6157,1.7503,1.3695,0.921,3.9331,3.9331,3.9331,3.9331,3.9331,3.9331,3.9331,3.9331,3.9331,3.9331,3.9331,3.9331,3.9331
1.9096,1.8712,1.8231,1.7621,1.6991,1.6307,1.5621,1.493,1.4238,1.3546,1.2853,1.2174,1.1504,0.5945,2.2999,2.8431,2.8329,2.8222,2.8095,2.7967,2.7838,2.7708,2.7578,2.7448,2.7317
0.3596,0.3996,0.4497,0.5132,0.5788,0.6501,0.7215,0.7935,0.8655,0.9377,1.0098,1.0805,1.1503,0.584,1.7603,2.91,2.9206,2.9317,2.945,2.9583,2.9718,2.9853,2.9988,3.0124,3.0259
4.5878,4.4955,4.3799,4.2334,4.0821,3.9176,3.6182,3.0394,2.4606,1.8817,1.3029,3.901,3.901,3.901,3.901,3.901,3.901,3.901,3.901,3.901,3.901,3.901,3.901,3.901,3.901
5.5223,5.4112,5.272,5.0956,4.9136,4.7155,4.5174,4.3174,4.1173,3.9171,3.7169,3.5205,3.3268,3.269,3.3169,1.3322,1.8995,2.4669,3.0342,3.6015,3.8904,3.8904,3.8904,3.8904,3.8904
0.373,0.4145,0.4664,0.5323,0.6004,0.6743,0.7484,0.8231,0.8978,0.9726,1.0474,1.1208,0.5842,3.0417,3.0238,3.0184,3.0294,3.041,3.0548,3.0685,3.0826,3.0966,3.1106,3.1247,3.1387
1.874,1.8362,1.789,1.7292,1.6674,1.6002,1.533,1.4651,1.3972,1.3293,1.2613,1.1947,0.5757,2.7689,2.7851,2.79,2.78,2.7695,2.757,2.7445,2.7317,2.719,2.7062,2.6935,2.6807
0.598,0.6646,0.7479,0.8536,0.9627,1.0813,1.2,1.3198,1.4396,1.5596,1.6795,1.7971,1.9132,1.9478,0.9426,1.5077,2.1498,2.7918,3.4339,3.859,3.859,3.859,3.859,3.859,3.859
2.0647,2.2946,2.5823,2.9471,3.3236,3.7332,3.3729,2.8333,2.2937,1.7542,1.2146,3.8486,3.8486,3.8486,3.8486,3.8486,3.8486,3.8486,3.8486,3.8486,3.8486,3.8486,3.8486,3.8486,3.8486
2.3195,2.2728,2.2144,2.1403,2.0638,1.9806,1.8974,1.8134,1.7294,1.6453,1.5612,1.4787,1.3973,1.373,1.1668,2.032,2.8974,3.4279,3.4124,3.397,3.3812,3.3654,3.3496,3.3338,3.318
0.3299,0.3666,0.4126,0.4708,0.531,0.5964,0.6619,0.728,0.7941,0.8602,0.9264,0.9913,1.0553,2.5893,2.6744,2.6697,2.6794,2.6897,2.7018,2.714,2.7264,2.7388,2.7512,2.7637,2.7761
2.6516,2.5983,2.5315,2.4467,2.3593,2.2642,2.1691,2.0731,1.977,1.8809,1.6513,0.9175,3.8178,3.8178,3.8178,3.8178,3.8178,3.8178,3.8178,3.8178,3.8178,3.8178,3.8178,3.8112,3.7932
9.2473,9.2473,9.2473,9.2473,9.2473,9.2473,9.2473,9.2473,9.2473,9.2473,9.2473,9.2473,9.2473,9.2473,9.2473,1.2624,1.8001,2.3377,2.8753,3.4128,3.8077,3.8077,3.8077,3.8077,3.8077
0.4959,0.5511,0.6203,0.7079,0.7983,0.8967,0.9951,1.0945,1.1939,1.2933,1.3928,0.893,3.7976,3.7976,3.7976,3.7976,3.7976,3.7976,3.7976,3.7976,3.7976,3.7976,3.7976,3.7976,3.7976
1.8325,1.7957,1.7495,1.691,1.6305,1.5648,1.4991,1.4327,1.3663,1.2999,1.2334,1.1683,1.104,1.8287,2.7236,2.7283,2.7186,2.7083,2.696,2.6838,2.6714,2.6589,2.6464,2.634,2.6215
0.4107,0.4564,0.5137,0.5862,0.6611,0.7426,0.8241,0.9064,0.9887,1.071,1.1534,1.2342,1.3139,0.6671,1.2169,2.1194,3.022,3.3488,3.3639,3.3791,3.3945,3.41,3.4254,3.4409,3.4564
6.675,6.1278,5.5814,5.0362,4.4912,3.9468,3.4024,2.8581,2.3138,1.7695,1.2252,3.7677,3.7677,3.7677,3.7677,3.7677,3.7677,3.7677,3.7677,3.7677,3.7677,3.7677,3.7677,3.7677,3.7677
3.4841,3.414,3.3262,3.2149,3.1001,2.9751,2.8501,2.7239,2.5977,2.4714,2.345,2.2212,2.0989,2.0625,1.0642,1.485,2.1174,2.7498,3.3822,3.7578,3.7578,3.7578,3.7578,3.7578,3.7578
0.3433,0.3815,0.4293,0.49,0.5526,0.6207,0.6888,0.7576,0.8263,0.8952,0.964,1.0315,0.5377,2.7995,2.7831,2.7781,2.7883,2.7989,2.8116,2.8242,2.8372,2.8501,2.863,2.8759,2.8889
2.0425,2.0014,1.95,1.8847,1.8174,1.7441,1.6709,1.5969,1.5229,1.4488,1.3748,1.3021,0.6275,3.018,3.0357,3.041,3.0301,3.0186,3.005,2.9914,2.9775,2.9636,2.9497,2.9358,2.9219
0.9248,1.0277,1.1566,1.32,1.4887,1.6721,1.8556,2.0409,2.2262,2.4117,2.5972,2.7791,2.9586,3.0121,2.9677,1.356,1.9335,2.511,3.0884,3.6659,3.7285,3.7285,3.7285,3.7285,3.7285
0.8994,0.9996,1.1249,1.2838,1.4479,1.6263,1.8048,1.985,2.1652,1.8722,1.2963,3.7188,3.7188,3.7188,3.7188,3.7188,3.7188,3.7188,3.7188,3.7188,3.7188,3.7188,3.7188,3.7188,3.7188
2.0341,1.9932,1.9419,1.877,1.8099,1.737,1.664,1.5903,1.5166,1.4429,1.3691,1.2968,1.2254,0.6037,1.6635,2.8971,3.0176,3.0062,2.9926,2.9791,2.9652,2.9514,2.9375,2.9237,2.9098
0.3451,0.3835,0.4316,0.4926,0.5555,0.624,0.6925,0.7616,0.8308,0.9,0.9692,1.0371,1.104,0.661,2.557,2.793,2.8032,2.8139,2.8266,2.8393,2.8523,2.8653,2.8783,2.8913,2.9043
3.5582,3.4866,3.397,3.2833,3.166,3.0384,2.9108,2.7819,2.653,2.0332,1.4078,3.6901,3.6901,3.6901,3.6901,3.6901,3.6901,3.6901,3.6901,3.6901,3.6901,3.6901,3.6901,3.6901,3.6901
8.9386,8.9386,8.7479,8.4552,8.1531,7.8245,7.4958,7.1638,6.8319,6.4997,6.1674,5.8416,5.5201,5.4242,5.5037,1.2954,1.8471,2.3987,2.9504,3.502,3.6806,3.6806,3.6806,3.6806,3.6806
0.4093,0.4549,0.5119,0.5843,0.6589,0.7401,0.8213,0.9034,0.9854,1.0675,1.1496,1.1427,3.3146,3.3383,3.3187,3.3128,3.3249,3.3376,3.3527,3.3678,3.3832,3.3986,3.414,3.4294,3.4448
1.845,1.8078,1.7613,1.7024,1.6416,1.5754,1.5092,1.4424,1.3756,1.3087,1.2418,1.1762,1.1114,2.726,2.742,2.7468,2.737,2.7266,2.7143,2.702,2.6895,2.6769,2.6644,2.6518,2.6392
0.5054,0.5617,0.6321,0.7214,0.8136,0.9138,1.0141,1.1154,1.2166,1.318,1.4194,1.5188,1.6169,1.6461,0.9668,1.6838,2.4009,3.118,3.6525,3.6525,3.6525,3.6525,3.6525,3.6525,3.6525
6.5936,6.0531,5.5134,4.9748,4.4364,3.8987,3.3609,2.8232,2.2856,1.7479,1.2102,3.6432,3.6432,3.6432,3.6432,3.6432,3.6432,3.6432,3.6432,3.6432,3.6432,3.6432,3.6432,3.6432,3.6432
2.6427,2.5895,2.5229,2.4385,2.3514,2.2566,2.1618,2.0661,1.9704,1.8745,1.7787,1.6847,1.592,1.5644,1.0152,1.7681,2.521,3.274,3.634,3.634,3.634,3.634,3.634,3.634,3.634
0.3326,0.3696,0.416,0.4747,0.5354,0.6014,0.6674,0.734,0.8007,0.8674,0.9341,0.9995,1.064,2.7125,2.6966,2.6918,2.7016,2.712,2.7242,2.7365,2.749,2.7615,2.774,2.7866,2.7991
2.3631,2.3155,2.256,2.1805,2.1026,2.0178,1.9331,1.8475,1.7619,1.6762,1.5905,1.0701,3.5163,3.4915,3.512,3.5182,3.5056,3.4923,3.4766,3.4608,3.4447,3.4287,3.4126,3.3965,3.3804
2.2394,2.4887,2.8008,3.1965,3.6048,4.049,4.4934,4.9421,5.3909,5.8399,6.2891,6.7296,7.1642,7.2938,7.1863,1.288,1.8365,2.385,2.9335,3.482,3.6065,3.6065,3.6065,3.6065,3.6065
0.5951,0.6613,0.7443,0.8494,0.9579,1.076,1.1941,1.3133,1.4325,1.5519,1.4618,0.8166,3.5975,3.5975,3.5975,3.5975,3.5975,3.5975,3.5975,3.5975,3.5975,3.5975,3.5975,3.5975,3.5975
1.8922,1.8541,1.8065,1.746,1.6836,1.6158,1.5479,1.4793,1.4108,1.3422,1.2736,1.2063,1.1399,0.8077,2.8123,2.8172,2.8071,2.7965,2.7838,2.7712,2.7584,2.7455,2.7326,2.7197,2.7068
0.3802,0.4225,0.4755,0.5427,0.612,0.6874,0.7629,0.8391,0.9153,0.9915,1.0678,1.1426,1.2163,0.6175,1.5133,2.6355,3.0883,3.1001,3.1141,3.1282,3.1425,3.1568,3.1711,3.1854,3.1997
5.7834,5.6671,5.5214,5.2648,4.695,4.1259,3.5568,2.9878,2.4188,1.8498,1.2808,3.5706,3.5706,3.5706,3.5706,3.5706,3.5706,3.5706,3.5706,3.5706,3.5706,3.5706,3.5706,3.5706,3.5706
4.5416,4.4502,4.3358,4.1907,4.041,3.8781,3.7152,3.5507,3.3861,3.2215,3.0568,2.8953,2.736,2.6884,1.0176,1.3966,1.9914,2.5862,3.181,3.5617,3.5617,3.5617,3.5617,3.5617,3.5617
0.3635,0.404,0.4546,0.5189,0.5852,0.6573,0.7294,0.8023,0.8751,0.948,1.0209,1.0924,0.5694,2.9647,2.9473,2.9421,2.9528,2.9641,2.9775,2.9909,3.0046,3.0182,3.0319,3.0456,3.0593
1.949,1.9097,1.8606,1.7984,1.7341,1.6642,1.5943,1.5237,1.4531,1.3824,1.3118,1.2425,0.5988,2.8797,2.8966,2.9016,2.8913,2.8803,2.8673,2.8543,2.8411,2.8278,2.8145,2.8013,2.788
0.6968,0.7743,0.8714,0.9945,1.1216,1.2598,1.3981,1.5377,1.6773,1.817,1.9568,2.0938,2.229,2.2693,1.0101,1.4559,2.076,2.696,3.316,3.5354,3.5354,3.5354,3.5354,3.5354,3.5354
1.3891,1.5437,1.7372,1.9827,2.236,2.5115,2.7872,2.9244,2.3675,1.8105,1.2536,3.5267,3.5267,3.5267,3.5267,3.5267,3.5267,3.5267,3.5267,3.5267,3.5267,3.5267,3.5267,3.5267,3.5267
2.2169,2.1723,2.1164,2.0456,1.9725,1.893,1.8135,1.7332,1.6529,1.5725,1.4921,1.4133,1.3355,0.6579,1.3273,2.3115,3.2887,3.2763,3.2615,3.2467,3.2317,3.2166,3.2015,3.1864,3.1713
0.338,0.3756,0.4227,0.4824,0.5441,0.6111,0.6782,0.7459,0.8136,0.8814,0.9492,1.0157,1.0813,1.2306,2.7403,2.7354,2.7454,2.7559,2.7684,2.7808,2.7935,2.8062,2.819,2.8317,2.8444
2.9604,2.9008,2.8263,2.7317,2.6341,2.5279,2.4217,2.3145,2.2072,2.0999,1.5598,1.0002,3.5009,3.5009,3.5009,3.5009,3.5009,3.5009,3.5009,3.5009,3.5009,3.5009,3.5009,3.5009,3.5009
8.4814,8.4814,8.4814,8.4814,8.4814,8.4814,8.4814,8.4814,8.4814,8.4814,8.4814,8.4814,8.4814,8.4814,8.4814,1.2842,1.8312,2.3781,2.925,3.4718,3.4923,3.4923,3.4923,3.4923,3.4923
0.4621,0.5135,0.5779,0.6596,0.7438,0.8355,0.9272,1.0198,1.1124,1.205,1.2977,0.9819,3.4838,3.4838,3.4838,3.4838,3.4838,3.4838,3.4838,3.4838,3.4838,3.4838,3.4838,3.4838,3.4838
1.851,1.8137,1.7671,1.7079,1.6469,1.5805,1.5141,1.4471,1.38,1.3129,1.2458,1.18,1.1151,2.7349,2.7509,2.7557,2.7459,2.7355,2.7231,2.7108,2.6982,2.6856,2.673,2.6604,2.6478
0.4458,0.4955,0.5576,0.6364,0.7177,0.8061,0.8946,0.9839,1.0732,1.1626,1.2521,1.3398,1.4263,1.4521,1.1153,1.9425,2.7697,3.467,3.467,3.467,3.467,3.467,3.467,3.467,3.467
6.6935,6.1448,5.5969,5.0502,4.5037,3.9577,3.4118,2.866,2.3202,1.7744,1.2286,3.4586,3.4586,3.4586,3.4586,3.4586,3.4586,3.4586,3.4586,3.4586,3.4586,3.4586,3.4586,3.4586,3.4586
3.1283,3.0653,2.9865,2.8866,2.7835,2.6713,2.559,2.4457,2.3324,2.219,2.1055,1.9943,1.8846,1.8518,0.9555,1.5942,2.2731,2.952,3.4503,3.4503,3.4503,3.4503,3.4503,3.4503,3.4503
0.3417,0.3797,0.4273,0.4877,0.55,0.6178,0.6856,0.754,0.8225,0.891,0.9596,1.0268,0.7006,2.7866,2.7702,2.7653,2.7753,2.786,2.7986,2.8112,2.824,2.8369,2.8497,2.8626,2.8755
2.1712,2.1275,2.0728,2.0034,1.9319,1.854,1.7761,1.6975,1.6188,1.5401,1.4614,1.3077,0.6671,3.2081,3.2269,3.2325,3.221,3.2088,3.1943,3.1798,3.1651,3.1503,3.1355,3.1207,3.1059
1.2029,1.3368,1.5044,1.717,1.9363,2.1749,2.4137,2.6547,2.8957,3.1369,3.3782,3.6148,3.8483,3.9179,0.9787,1.3393,1.9097,2.4801,3.0504,3.4256,3.4256,3.4256,3.4256,3.4256,3.4256
0.7577,0.842,0.9476,1.0815,1.2197,1.37,1.5204,1.6722,1.824,1.9724,1.3657,0.9764,3.4174,3.4174,3.4174,3.4174,3.4174,3.4174,3.4174,3.4174,3.4174,3.4174,3.4174,3.4174,3.4174
1.9926,1.9525,1.9023,1.8387,1.773,1.7015,1.63,1.5579,1.4857,1.4134,1.3412,1.2703,1.2004,0.5913,2.0431,2.9667,2.9561,2.9449,2.9316,2.9183,2.9047,2.8912,2.8776,2.8641,2.8505
0.3606,0.4007,0.451,0.5147,0.5804,0.652,0.7235,0.7958,0.868,0.9403,1.0127,1.0836,1.1536,0.5857,2.0377,2.9183,2.9289,2.9401,2.9534,2.9667,2.9803,2.9938,3.0074,3.021,3.0346
4.2076,4.1229,4.0169,3.8825,3.7438,3.5929,3.4419,3.1887,2.5814,1.9741,1.3669,0.9695,3.3931,3.3931,3.3931,3.3931,3.3931,3.3931,3.3931,3.3931,3.3931,3.3931,3.3931,3.3931,3.3931
6.642,6.5083,6.341,6.1288,5.9099,5.6717,5.4334,5.1928,4.9522,4.7114,4.4705,4.2343,4.0013,3.9318,0.9672,1.343,1.915,2.487,3.0589,3.3851,3.3851,3.3851,3.3851,3.3851,3.3851
0.3936,0.4374,0.4922,0.5618,0.6335,0.7116,0.7897,0.8686,0.9474,1.0263,1.1053,1.1827,0.6164,3.2097,3.1908,3.1852,3.1968,3.209,3.2235,3.2381,3.2528,3.2676,3.2825,3.2973,3.3121
1.8986,1.8604,1.8126,1.7519,1.6894,1.6213,1.5532,1.4844,1.4156,1.3468,1.2779,1.2104,0.6994,2.8053,2.8218,2.8267,2.8166,2.806,2.7933,2.7806,2.7677,2.7548,2.7419,2.729,2.716
0.5695,0.6329,0.7123,0.8129,0.9167,1.0297,1.1427,1.2568,1.371,1.4852,1.5994,1.7114,1.8219,1.8549,0.9194,1.6012,2.2832,2.9651,3.3613,3.3613,3.3613,3.3613,3.3613,3.3613,3.3613
3.1031,3.4485,3.881,4.4293,4.5326,3.9832,3.4338,2.8845,2.3351,1.7858,1.2365,3.3535,3.3535,3.3535,3.3535,3.3535,3.3535,3.3535,3.3535,3.3535,3.3535,3.3535,3.3535,3.3535,3.3535
2.4814,2.4314,2.3689,2.2896,2.2078,2.1189,2.0298,1.9399,1.8501,1.7601,1.6701,1.5819,1.4948,1.4689,1.125,1.9593,2.7937,3.3456,3.3456,3.3456,3.3456,3.3456,3.3456,3.3456,3.3456
0.3374,0.375,0.422,0.4816,0.5431,0.61,0.677,0.7446,0.8122,0.8799,0.9475,1.0139,1.0794,2.7517,2.7355,2.7306,2.7406,2.751,2.7635,2.7759,2.7886,2.8013,2.814,2.8267,2.8394
2.5826,2.5306,2.4655,2.383,2.2979,2.2053,2.1126,2.0191,1.9255,1.8319,1.7382,0.9897,3.3301,3.3301,3.3301,3.3301,3.3301,3.3301,3.3301,3.3301,3.3301,3.3301,3.3301,3.3301,3.3301
5.0993,5.6669,6.3775,7.2786,8.0686,8.0686,8.0686,8.0686,8.0686,8.0686,8.0686,8.0686,8.0686,8.0686,0.9492,1.2972,1.8497,2.4021,2.9546,3.3224,3.3224,3.3224,3.3224,3.3224,3.3224
0.5404,0.6005,0.6758,0.7713,0.8698,0.977,1.0843,1.1925,1.3008,1.4092,1.5176,0.8772,3.3147,3.3147,3.3147,3.3147,3.3147,3.3147,3.3147,3.3147,3.3147,3.3147,3.3147,3.3147,3.3147
1.8919,1.8538,1.8062,1.7457,1.6834,1.6155,1.5476,1.4791,1.4106,1.342,1.2734,1.2061,1.1397,1.2553,2.8118,2.8167,2.8066,2.796,2.7834,2.7708,2.7579,2.7451,2.7322,2.7193,2.7064
0.4064,0.4516,0.5082,0.58,0.6542,0.7348,0.8154,0.8968,0.9783,1.0598,1.1413,1.2212,1.3001,0.66,1.3422,2.3376,3.2994,3.2994,3.2994,3.2994,3.2994,3.2994,3.2994,3.2994,3.2994
6.9243,6.3566,5.7899,5.2243,4.6589,4.0942,3.5295,2.9648,2.4002,1.8356,1.2709,3.2918,3.2918,3.2918,3.2918,3.2918,3.2918,3.2918,3.2918,3.2918,3.2918,3.2918,3.2918,3.2918,3.2918
3.9035,3.8249,3.7266,3.6019,3.4732,3.3332,3.1932,3.0518,2.9104,2.7689,2.6273,2.4885,2.3516,2.3107,0.9384,1.4789,2.1087,2.7386,3.2843,3.2843,3.2843,3.2843,3.2843,3.2843,3.2843
0.3579,0.3977,0.4476,0.5108,0.5761,0.647,0.7181,0.7898,0.8615,0.9332,1.005,1.0754,0.5605,2.9186,2.9014,2.8962,2.9068,2.9179,2.9311,2.9443,2.9578,2.9712,2.9847,2.9982,3.0117
2.0462,2.005,1.9534,1.8881,1.8206,1.7472,1.6738,1.5997,1.5256,1.4514,1.3772,1.3045,0.6286,3.0233,3.0411,3.0464,3.0355,3.024,3.0103,2.9967,2.9828,2.9689,2.9549,2.941,2.9271
0.8382,0.9315,1.0483,1.1964,1.3492,1.5155,1.6818,1.8498,2.0177,2.1858,2.3539,2.5188,2.6814,2.73,0.932,1.4211,2.0263,2.6315,3.2366,3.2619,3.2619,3.2619,3.2619,3.2619,3.2619
1.0616,1.1798,1.3277,1.5153,1.7089,1.9195,2.1302,2.3429,2.4658,1.8858,1.3057,0.9299,3.2545,3.2545,3.2545,3.2545,3.2545,3.2545,3.2545,3.2545,3.2545,3.2545,3.2545,3.2545,3.2545
2.1437,2.1006,2.0466,1.9781,1.9074,1.8306,1.7536,1.676,1.5983,1.5206,1.4429,1.3667,1.2914,0.6362,1.547,2.6942,3.1802,3.1682,3.1539,3.1396,3.125,3.1104,3.0958,3.0812,3.0666
0.3494,0.3883,0.437,0.4987,0.5624,0.6317,0.701,0.771,0.841,0.9111,0.9812,1.0499,1.1177,0.8206,2.8326,2.8276,2.8379,2.8487,2.8616,2.8745,2.8876,2.9008,2.9139,2.9271,2.9403
3.3701,3.3023,3.2174,3.1097,2.9986,2.8778,2.7569,2.6348,2.5127,2.156,1.4928,0.9236,3.2325,3.2325,3.2325,3.2325,3.2325,3.2325,3.2325,3.2325,3.2325,3.2325,3.2325,3.2325,3.2325
7.8326,7.8326,7.8326,7.8326,7.8326,7.8326,7.8326,7.8326,7.8326,7.8326,7.8326,7.8326,7.5724,7.4409,0.9215,1.3178,1.8791,2.4403,3.0015,3.2252,3.2252,3.2252,3.2252,3.2252,3.2252
0.437,0.4857,0.5466,0.6238,0.7035,0.7902,0.8769,0.9645,1.052,1.1397,1.2273,1.0974,3.218,3.218,3.218,3.218,3.218,3.218,3.218,3.218,3.218,3.218,3.218,3.218,3.218
1.8858,1.8479,1.8004,1.7401,1.678,1.6103,1.5427,1.4744,1.406,1.3377,1.2693,1.2022,1.1361,2.7864,2.8028,2.8077,2.7976,2.787,2.7744,2.7619,2.749,2.7362,2.7234,2.7105,2.6977
0.4908,0.5454,0.6138,0.7005,0.79,0.8874,0.9848,1.0831,1.1815,1.2799,1.3783,1.4749,1.5701,1.5985,1.0403,1.8119,2.5835,3.2036,3.2036,3.2036,3.2036,3.2036,3.2036,3.2036,3.2036
6.7711,6.2161,5.6618,5.1088,4.5559,4.0036,3.4514,2.8993,2.3471,1.795,1.2428,3.1964,3.1964,3.1964,3.1964,3.1964,3.1964,3.1964,3.1964,3.1964,3.1964,3.1964,3.1964,3.1964,3.1964
2.8697,2.812,2.7397,2.648,2.5534,2.4505,2.3475,2.2436,2.1396,2.0356,1.9315,1.8295,1.7288,1.6988,0.9949,1.7327,2.4707,3.1893,3.1893,3.1893,3.1893,3.1893,3.1893,3.1893,3.1893
0.3432,0.3814,0.4292,0.4898,0.5524,0.6204,0.6885,0.7573,0.8261,0.8949,0.9637,1.0312,1.0978,2.7986,2.7821,2.7772,2.7873,2.798,2.8107,2.8233,2.8362,2.8491,2.862,2.875,2.8879
2.334,2.2871,2.2283,2.1537,2.0768,1.9931,1.9093,1.8248,1.7402,1.6556,1.571,1.1749,3.1752,3.1752,3.1752,3.1752,3.1752,3.1752,3.1752,3.1752,3.1752,3.1752,3.1752,3.1752,3.1752
1.7181,1.9093,2.1488,2.4524,2.7656,3.1065,3.4474,3.7917,4.1359,4.4805,4.8251,5.163,5.4964,5.5959,0.9052,1.3352,1.9038,2.4724,3.041,3.1682,3.1682,3.1682,3.1682,3.1682,3.1682
0.6625,0.7362,0.8286,0.9456,1.0664,1.1978,1.3293,1.4621,1.5948,1.7277,1.4538,0.9032,3.1612,3.1612,3.1612,3.1612,3.1612,3.1612,3.1612,3.1612,3.1612,3.1612,3.1612,3.1612,3.1612
1.9711,1.9314,1.8818,1.8188,1.7538,1.6831,1.6124,1.541,1.4696,1.3982,1.3267,1.2566,1.1874,0.6856,2.6522,2.9346,2.9241,2.913,2.8999,2.8868,2.8734,2.86,2.8465,2.8331,2.8197
0.3805,0.4228,0.4758,0.5431,0.6124,0.6879,0.7634,0.8396,0.9159,0.9922,1.0685,1.1433,1.2171,0.6179,1.7157,2.988,3.0903,3.1022,3.1162,3.1302,3.1445,3.1473,3.1473,3.1473,3.1473
5.165,5.0611,4.931,4.766,4.5957,4.3199,3.7241,3.1283,2.5325,1.9368,1.341,0.8973,3.1404,3.1404,3.1404,3.1404,3.1404,3.1404,3.1404,3.1404,3.1404,3.1404,3.1404,3.1404,3.1404
5.2826,5.1763,5.0432,4.8745,4.7003,4.5109,4.3214,4.13,3.9386,3.7471,3.5556,3.3677,3.1824,3.1271,0.8953,1.4055,2.004,2.6025,3.1336,3.1336,3.1336,3.1336,3.1336,3.1336,3.1336
0.3827,0.4253,0.4786,0.5462,0.616,0.6919,0.7679,0.8446,0.9212,0.998,1.0747,1.15,0.5994,3.121,3.1027,3.0972,3.1084,3.1203,3.1267,3.1267,3.1267,3.1267,3.1267,3.1267,3.1267
1.9716,1.9319,1.8822,1.8192,1.7542,1.6835,1.6128,1.5414,1.47,1.3985,1.327,1.2569,0.6057,2.9131,2.9302,2.9353,2.9248,2.9137,2.9006,2.8874,2.874,2.8606,2.8472,2.8338,2.8203
0.6557,0.7287,0.8201,0.936,1.0556,1.1856,1.3158,1.4472,1.5785,1.71,1.8416,1.9706,2.0978,2.1358,0.8895,1.5417,2.1983,2.8549,3.1131,3.1131,3.1131,3.1131,3.1131,3.1131,3.1131
1.8025,2.0032,2.2544,2.5729,2.9016,3.2591,3.5394,2.9731,2.4069,1.8407,1.2745,0.8875,3.1064,3.1064,3.1064,3.1064,3.1064,3.1064,3.1064,3.1064,3.1064,3.1064,3.1064,3.1064,3.1064
2.3628,2.3153,2.2558,2.1803,2.1024,2.0176,1.9329,1.8473,1.7617,1.676,1.5903,1.5063,1.4234,0.7012,1.2689,2.21,3.0997,3.0997,3.0997,3.0997,3.0997,3.0997,3.0997,3.0997,3.0997
0.3453,0.3837,0.4318,0.4928,0.5558,0.6243,0.6928,0.762,0.8312,0.9004,0.9697,1.0376,1.1046,1.8834,2.7993,2.7943,2.8045,2.8153,2.828,2.8407,2.8537,2.8667,2.8797,2.8927,2.9057
2.8653,2.8076,2.7354,2.6439,2.5494,2.4467,2.3439,2.2401,2.1363,2.0324,1.6747,0.9305,3.0863,3.0863,3.0863,3.0863,3.0863,3.0863,3.0863,3.0863,3.0863,3.0863,3.0863,3.0863,3.0863
7.4793,7.4793,7.4793,7.4793,7.4793,7.4793,7.4793,7.4793,7.4793,7.4793,7.4793,7.4793,7.4793,7.4793,0.8799,1.3181,1.8794,2.4407,3.002,3.0797,3.0797,3.0797,3.0797,3.0797,3.0797
0.5003,0.556,0.6258,0.7142,0.8054,0.9047,1.004,1.1042,1.2045,1.3048,1.4052,0.9599,3.0731,3.0731,3.0731,3.0731,3.0731,3.0731,3.0731,3.0731,3.0731,3.0731,3.0731,3.0731,3.0731
1.9086,1.8702,1.8221,1.7611,1.6982,1.6298,1.5613,1.4922,1.423,1.3538,1.2846,1.2167,1.1498,2.7549,2.8366,2.8416,2.8314,2.8207,2.8079,2.7952,2.7822,2.7693,2.7563,2.7433,2.7303
0.4395,0.4884,0.5497,0.6274,0.7075,0.7947,0.8819,0.97,1.058,1.1462,1.2343,1.3208,1.4061,1.4315,1.2199,2.1246,3.0293,3.06,3.06,3.06,3.06,3.06,3.06,3.06,3.06
6.9345,6.366,5.7984,5.232,4.6658,4.1002,3.5347,2.9692,2.4037,1.8383,1.2728,0.8724,3.0535,3.0535,3.0535,3.0535,3.0535,3.0535,3.0535,3.0535,3.0535,3.0535,3.0535,3.0535,3.0535
3.4642,3.3945,3.3072,3.1966,3.0824,2.9581,2.8338,2.7083,2.5829,2.4573,2.3316,2.2085,2.0869,2.0507,0.909,1.5831,2.2573,2.9315,3.047,3.047,3.047,3.047,3.047,3.047,3.047
0.3557,0.3953,0.4448,0.5077,0.5726,0.6431,0.7137,0.785,0.8562,0.9276,0.9989,1.0689,0.5736,2.9008,2.8837,2.8786,2.8891,2.9002,2.9133,2.9264,2.9398,2.9532,2.9666,2.98,2.9934
2.1701,2.1264,2.0717,2.0024,1.9309,1.8531,1.7752,1.6966,1.618,1.5393,1.4606,1.3834,0.6667,3.0341,3.0341,3.0341,3.0341,3.0341,3.0341,3.0341,3.0341,3.0341,3.0341,3.0341,3.0341
1.0542,1.1716,1.3185,1.5047,1.697,1.9061,2.1153,2.3265,2.5378,2.7492,2.9606,3.168,3.3726,3.4336,0.865,1.4012,1.998,2.5947,3.0277,3.0277,3.0277,3.0277,3.0277,3.0277,3.0277
0.8712,0.9681,1.0895,1.2435,1.4023,1.5751,1.748,1.9226,2.0971,1.983,1.373,0.8632,3.0213,3.0213,3.0213,3.0213,3.0213,3.0213,3.0213,3.0213,3.0213,3.0213,3.0213,3.0213,3.0213
2.0957,2.0536,2.0008,1.9338,1.8647,1.7896,1.7144,1.6385,1.5625,1.4866,1.4106,1.336,1.2625,0.6219,1.861,3.0149,3.0149,3.0149,3.0149,3.0149,3.0149,3.0149,3.0149,3.0122,2.998
0.3645,0.4051,0.4559,0.5203,0.5867,0.659,0.7314,0.8044,0.8774,0.9505,1.0236,1.0953,1.1661,0.6251,2.4183,2.9499,2.9607,2.972,2.9854,2.9989,3.0086,3.0086,3.0086,3.0086,3.0086
3.9304,3.8513,3.7522,3.6267,3.4971,3.3562,3.2152,3.0728,2.7304,2.088,1.4457,0.8578,3.0023,3.0023,3.0023,3.0023,3.0023,3.0023,3.0023,3.0023,3.0023,3.0023,3.0023,3.0023,3.0023
7.2761,7.2761,7.2761,7.2761,7.2761,7.0911,6.7932,6.4924,6.1916,5.8905,5.5893,5.2941,5.0027,4.9158,0.856,1.3645,1.9457,2.5268,2.996,2.996,2.996,2.996,2.996,2.996,2.996
0.4189,0.4655,0.5239,0.5979,0.6742,0.7573,0.8405,0.9244,1.0083,1.0923,1.1763,1.2505,2.9898,2.9898,2.9898,2.9898,2.9898,2.9898,2.9898,2.9898,2.9898,2.9898,2.9898,2.9898,2.9898
1.9385,1.8995,1.8506,1.7887,1.7248,1.6553,1.5857,1.5155,1.4453,1.375,1.3047,1.2358,0.9709,2.8642,2.881,2.8861,2.8757,2.8648,2.8519,2.839,2.8258,2.8126,2.7994,2.7862,2.773
0.5491,0.6103,0.6868,0.7838,0.884,0.9929,1.1019,1.2119,1.3219,1.4321,1.5422,1.6502,1.7568,1.7886,0.9853,1.716,2.4468,2.9774,2.9774,2.9774,2.9774,2.9774,2.9774,2.9774,2.9774
6.0176,6.3441,5.7785,5.214,4.6497,4.0861,3.5225,2.959,2.3955,1.8319,1.2684,0.8489,2.9712,2.9712,2.9712,2.9712,2.9712,2.9712,2.9712,2.9712,2.9712,2.9712,2.9712,2.9712,2.9712
2.6802,2.6263,2.5588,2.4731,2.3848,2.2887,2.1925,2.0954,1.9983,1.9012,1.804,1.7087,1.6146,1.5866,1.0967,1.9101,2.7235,2.965,2.965,2.965,2.965,2.965,2.965,2.965,2.965
0.3477,0.3864,0.4349,0.4963,0.5598,0.6287,0.6977,0.7674,0.8371,0.9068,0.9766,1.045,1.1125,2.836,2.8193,2.8143,2.8245,2.8354,2.8482,2.861,2.8741,2.8872,2.9003,2.9134,2.9265
2.5407,2.4896,2.4256,2.3444,2.2606,2.1695,2.0784,1.9863,1.8943,1.8022,1.7101,1.079,2.9528,2.9528,2.9528,2.9528,2.9528,2.9528,2.9528,2.9528,2.9528,2.9528,2.9528,2.9528,2.9528
2.9723,3.3031,3.7173,4.2425,4.7845,5.3741,5.9639,6.5595,7.155,7.1564,7.1564,7.1564,7.1564,7.1564,0.8419,1.3433,1.9153,2.4874,2.9468,2.9468,2.9468,2.9468,2.9468,2.9468,2.9468
0.5957,0.662,0.745,0.8503,0.9589,1.0771,1.1953,1.3147,1.4341,1.5535,1.5653,0.8697,2.9407,2.9407,2.9407,2.9407,2.9407,2.9407,2.9407,2.9407,2.9407,2.9407,2.9407,2.9407,2.9407
1.9684,1.9288,1.8792,1.8163,1.7514,1.6808,1.6102,1.5389,1.4676,1.3962,1.3249,1.2549,1.1858,0.9744,2.9255,2.9306,2.9201,2.909,2.8959,2.8828,2.8694,2.856,2.8426,2.8292,2.8158
0.4057,0.4508,0.5074,0.579,0.653,0.7335,0.814,0.8953,0.9766,1.0579,1.1393,1.2191,1.2978,0.6589,1.5007,2.6136,2.9287,2.9287,2.9287,2.9287,2.9287,2.9287,2.9287,2.9287,2.9287
6.6934,6.5587,6.0536,5.4622,4.8711,4.2806,3.6902,3.0998,2.5095,1.9191,1.3288,0.8351,2.9227,2.9227,2.9227,2.9227,2.9227,2.9227,2.9227,2.9227,2.9227,2.9227,2.9227,2.9227,2.9227
4.4461,4.3567,4.2446,4.1026,3.956,3.7966,3.6371,3.476,3.315,3.1538,2.9925,2.8345,2.6785,2.6319,0.8529,1.4854,2.118,2.7506,2.9168,2.9168,2.9168,2.9168,2.9168,2.9168,2.9168
0.3761,0.4179,0.4704,0.5368,0.6054,0.68,0.7546,0.83,0.9053,0.9808,1.0562,1.1302,0.5891,2.9109,2.9109,2.9109,2.9109,2.9109,2.9109,2.9109,2.9109,2.9109,2.9109,2.9109,2.9109
2.0668,2.0252,1.9731,1.9071,1.839,1.7649,1.6907,1.6158,1.541,1.466,1.3911,1.3176,0.635,2.905,2.905,2.905,2.905,2.905,2.905,2.905,2.905,2.905,2.905,2.905,2.905
0.776,0.8623,0.9705,1.1076,1.2491,1.403,1.557,1.7125,1.8679,2.0236,2.1792,2.3318,2.4824,2.5273,0.8622,1.5017,2.1412,2.7807,2.8991,2.8991,2.8991,2.8991,2.8991,2.8991,2.8991
1.2926,1.4364,1.6166,1.845,2.0807,2.3371,2.5936,2.8526,2.5038,1.9148,1.3258,0.8266,2.8932,2.8932,2.8932,2.8932,2.8932,2.8932,2.8932,2.8932,2.8932,2.8932,2.8932,2.8932,2.8932
2.2787,2.2329,2.1755,2.1027,2.0276,1.9458,1.8641,1.7815,1.699,1.6164,1.5338,1.4527,1.3728,0.6763,1.4624,2.5469,2.8874,2.8874,2.8874,2.8874,2.8874,2.8874,2.8874,2.8874,2.8874
0.3565,0.3962,0.4459,0.5089,0.5739,0.6446,0.7154,0.7868,0.8583,0.9298,1.0013,1.0714,1.1406,1.0745,2.8816,2.8816,2.8816,2.8816,2.8816,2.8816,2.8816,2.8816,2.8816,2.8816,2.8816
3.2358,3.1707,3.0891,2.9858,2.8791,2.7631,2.647,2.5298,2.4125,2.2952,1.5972,0.8874,2.8758,2.8758,2.8758,2.8758,2.8758,2.8758,2.8758,2.8758,2.8758,2.8758,2.8758,2.8758,2.8758
6.9702,6.9702,6.9702,6.9702,6.9702,6.9702,6.9702,6.9702,6.9702,6.9702,6.9702,6.9702,6.9702,6.9702,0.82,1.3513,1.9268,2.5023,2.8701,2.8701,2.8701,2.8701,2.8701,2.8701,2.8701
0.4711,0.5235,0.5892,0.6724,0.7583,0.8517,0.9452,1.0396,1.134,1.2285,1.323,1.0665,2.8643,2.8643,2.8643,2.8643,2.8643,2.8643,2.8643,2.8643,2.8643,2.8643,2.8643,2.8643,2.8643
1.9428,1.9037,1.8548,1.7927,1.7287,1.659,1.5893,1.5189,1.4486,1.3781,1.3077,1.2386,1.1704,2.8586,2.8586,2.8586,2.8586,2.8586,2.8583,2.8454,2.8322,2.819,2.8057,2.7925,2.7793
0.4817,0.5353,0.6025,0.6876,0.7754,0.871,0.9666,1.0631,1.1596,1.2562,1.3529,1.4476,1.5411,1.569,1.131,1.9698,2.8087,2.8529,2.8529,2.8529,2.8529,2.8529,2.8529,2.8529,2.8529
6.9148,6.4341,5.8604,5.2879,4.7157,4.1441,3.5725,3.0009,2.4294,1.8579,1.2864,0.8135,2.8473,2.8473,2.8473,2.8473,2.8473,2.8473,2.8473,2.8473,2.8473,2.8473,2.8473,2.8473,2.8473
3.1519,3.0885,3.009,2.9084,2.8045,2.6914,2.5783,2.4642,2.35,2.2357,2.1214,2.0094,1.8988,1.8658,0.9847,1.715,2.4454,2.8416,2.8416,2.8416,2.8416,2.8416,2.8416,2.8416,2.8416
0.3569,0.3966,0.4463,0.5094,0.5745,0.6453,0.7161,0.7876,0.8591,0.9307,1.0022,1.0724,0.8764,2.836,2.836,2.836,2.836,2.836,2.836,2.836,2.836,2.836,2.836,2.836,2.836
2.327,2.2801,2.2215,2.1472,2.0705,1.987,1.9035,1.8193,1.735,1.6506,1.5662,1.3068,2.8304,2.8304,2.8304,2.8304,2.8304,2.8304,2.8304,2.8304,2.8304,2.8304,2.8304,2.8304,2.8304
1.4189,1.5769,1.7746,2.0253,2.2841,2.5656,2.8471,3.1315,3.4158,3.7003,3.9849,4.264,4.5394,4.6215,0.8071,1.3953,1.9895,2.5837,2.8248,2.8248,2.8248,2.8248,2.8248,2.8248,2.8248
0.7489,0.8322,0.9366,1.0689,1.2055,1.354,1.5026,1.6527,1.8027,1.9529,1.4588,0.8105,2.8193,2.8193,2.8193,2.8193,2.8193,2.8193,2.8193,2.8193,2.8193,2.8193,2.8193,2.8193,2.8193
2.0702,2.0286,1.9764,1.9103,1.842,1.7678,1.6935,1.6185,1.5435,1.4685,1.3934,1.3198,1.2471,0.6144,2.339,2.8137,2.8137,2.8137,2.8137,2.8137,2.8137,2.8137,2.8137,2.8137,2.8137
0.384,0.4267,0.4803,0.5481,0.6181,0.6943,0.7705,0.8475,0.9244,1.0014,1.0784,1.154,1.2285,0.6237,1.9826,2.8082,2.8082,2.8082,2.8082,2.8082,2.8082,2.8082,2.8082,2.8082,2.8082
4.7297,4.6345,4.5153,4.3642,4.2083,4.0387,3.869,3.3031,2.674,2.045,1.4159,0.8008,2.8027,2.8027,2.8027,2.8027,2.8027,2.8027,2.8027,2.8027,2.8027,2.8027,2.8027,2.8027,2.8027
6.306,6.1791,6.0202,5.8188,5.6109,5.3848,5.1585,4.9301,4.7017,4.473,4.2444,4.0201,3.7989,3.7329,0.8189,1.4263,2.0337,2.6411,2.7973,2.7973,2.7973,2.7973,2.7973,2.7973,2.7973
0.4064,0.4516,0.5083,0.5801,0.6542,0.7348,0.8154,0.8969,0.9783,1.0598,1.1413,1.2212,0.6365,2.7918,2.7918,2.7918,2.7918,2.7918,2.7918,2.7918,2.7918,2.7918,2.7918,2.7918,2.7918
2.011,1.9706,1.9199,1.8556,1.7894,1.7172,1.6451,1.5722,1.4994,1.4265,1.3536,1.282,0.6352,2.7864,2.7864,2.7864,2.7864,2.7864,2.7864,2.7864,2.7864,2.7864,2.7864,2.7864,2.7864
0.6265,0.6962,0.7836,0.8943,1.0085,1.1328,1.2571,1.3826,1.5082,1.6338,1.7595,1.8827,2.0043,2.0405,0.946,1.6475,2.3491,2.781,2.781,2.781,2.781,2.781,2.781,2.781,2.781
2.5345,2.8166,3.1698,3.6176,4.0798,4.2084,3.6279,3.0475,2.4671,1.8867,1.3064,0.793,2.7756,2.7756,2.7756,2.7756,2.7756,2.7756,2.7756,2.7756,2.7756,2.7756,2.7756,2.7756,2.7756
2.5425,2.4914,2.4273,2.3461,2.2623,2.1711,2.0799,1.9878,1.8957,1.8035,1.7113,1.6209,1.5317,1.5051,1.2289,2.1403,2.7702,2.7702,2.7702,2.7702,2.7702,2.7702,2.7702,2.7702,2.7702
0.3556,0.3952,0.4447,0.5076,0.5724,0.6429,0.7135,0.7848,0.856,0.9273,0.9987,1.0686,1.1376,2.7649,2.7649,2.7649,2.7649,2.7649,2.7649,2.7649,2.7649,2.7649,2.7649,2.7649,2.7649
2.8052,2.7488,2.6781,2.5885,2.496,2.3954,2.2948,2.1931,2.0915,1.9898,1.8165,1.0093,2.7596,2.7596,2.7596,2.7596,2.7596,2.7596,2.7596,2.7596,2.7596,2.7596,2.7596,2.7596,2.7596
6.689,6.689,6.689,6.689,6.689,6.689,6.689,6.689,6.689,6.689,6.689,6.689,6.689,6.689,0.7869,1.3639,1.9448,2.5256,2.7543,2.7543,2.7543,2.7543,2.7543,2.7543,2.7543
0.5478,0.6088,0.6851,0.7819,0.8818,0.9905,1.0992,1.209,1.3187,1.4286,1.5385,0.9483,2.749,2.749,2.749,2.749,2.749,2.749,2.749,2.749,2.749,2.749,2.749,2.749,2.749
1.9843,1.9443,1.8943,1.831,1.7655,1.6944,1.6232,1.5513,1.4794,1.4075,1.3355,1.265,1.1954,1.6616,2.7437,2.7437,2.7437,2.7437,2.7437,2.7437,2.7437,2.7437,2.7437,2.7437,2.7437
0.4376,0.4863,0.5473,0.6246,0.7044,0.7912,0.878,0.9657,1.0534,1.1411,1.2289,1.315,1.3999,0.7107,1.3509,2.3527,2.7385,2.7385,2.7385,2.7385,2.7385,2.7385,2.7385,2.7385,2.7385
6.6379,6.6379,6.0573,5.4655,4.8741,4.2832,3.6924,3.1017,2.511,1.9203,1.3296,0.7809,2.7333,2.7333,2.7333,2.7333,2.7333,2.7333,2.7333,2.7333,2.7333,2.7333,2.7333,2.7333,2.7333
3.8914,3.8131,3.715,3.5907,3.4624,3.3229,3.1833,3.0423,2.9013,2.7603,2.6192,2.4808,2.3443,2.3035,0.9112,1.5869,2.2627,2.7281,2.7281,2.7281,2.7281,2.7281,2.7281,2.7281,2.7281
0.3734,0.415,0.467,0.533,0.6011,0.6751,0.7492,0.8241,0.8989,0.9738,1.0487,1.1221,0.5849,2.7229,2.7229,2.7229,2.7229,2.7229,2.7229,2.7229,2.7229,2.7229,2.7229,2.7229,2.7229
2.1887,2.1446,2.0895,2.0196,1.9474,1.8689,1.7904,1.7111,1.6318,1.5525,1.4731,1.3953,0.6724,2.7177,2.7177,2.7177,2.7177,2.7177,2.7177,2.7177,2.7177,2.7177,2.7177,2.7177,2.7177
0.9523,1.0583,1.191,1.3593,1.5329,1.7219,1.9108,2.1017,2.2925,2.4834,2.6745,2.8618,3.0466,3.1017,0.849,1.4786,2.1084,2.7126,2.7126,2.7126,2.7126,2.7126,2.7126,2.7126,2.7126
1.0243,1.1383,1.2811,1.4621,1.6488,1.852,2.0553,2.2605,2.4658,2.0113,1.3926,0.7737,2.7075,2.7075,2.7075,2.7075,2.7075,2.7075,2.7075,2.7075,2.7075,2.7075,2.7075,2.7075,2.7075
2.2238,2.179,2.123,2.052,1.9787,1.8989,1.8191,1.7386,1.658,1.5774,1.4968,1.4177,1.3397,0.6599,1.7319,2.7024,2.7024,2.7024,2.7024,2.7024,2.7024,2.7024,2.7024,2.7024,2.7024
0.3716,0.413,0.4648,0.5305,0.5982,0.672,0.7457,0.8202,0.8946,0.9692,1.0437,1.1168,1.1889,0.7663,2.6973,2.6973,2.6973,2.6973,2.6973,2.6973,2.6973,2.6973,2.6973,2.6973,2.6973
3.7336,3.6585,3.5644,3.4452,3.3221,3.1882,3.0542,2.919,2.7837,2.2289,1.5433,0.8575,2.6922,2.6922,2.6922,2.6922,2.6922,2.6922,2.6922,2.6922,2.6922,2.6922,2.6922,2.6922,2.6922
6.526,6.526,6.526,6.526,6.526,6.526,6.526,6.526,6.526,6.526,6.526,6.526,6.526,6.5002,0.8029,1.3983,1.9938,2.5892,2.6872,2.6872,2.6872,2.6872,2.6872,2.6872,2.6872
0.4501,0.5002,0.5629,0.6424,0.7245,0.8138,0.9031,0.9933,1.0835,1.1737,1.264,1.2062,2.6821,2.6821,2.6821,2.6821,2.6821,2.6821,2.6821,2.6821,2.6821,2.6821,2.6821,2.6821,2.6821
1.996,1.9558,1.9056,1.8418,1.776,1.7044,1.6328,1.5605,1.4882,1.4158,1.3434,1.2725,1.2024,2.6771,2.6771,2.6771,2.6771,2.6771,2.6771,2.6771,2.6771,2.6771,2.6771,2.6771,2.6771
0.5361,0.5958,0.6705,0.7652,0.863,0.9693,1.0757,1.1831,1.2906,1.3981,1.5056,1.6111,1.7151,1.7461,1.0667,1.8577,2.6489,2.6721,2.6721,2.6721,2.6721,2.6721,2.6721,2.6721,2.6721
6.4774,6.4774,5.9782,5.3942,4.8104,4.2273,3.6443,3.0613,2.4782,1.8953,1.3123,0.762,2.6672,2.6672,2.6672,2.6672,2.6672,2.6672,2.6672,2.6672,2.6672,2.6672,2.6672,2.6672,2.6672
2.9269,2.868,2.7943,2.7008,2.6043,2.4993,2.3943,2.2883,2.1823,2.0761,1.97,1.8659,1.7632,1.7326,1.0813,1.8831,2.6622,2.6622,2.6622,2.6622,2.6622,2.6622,2.6622,2.6622,2.6622
0.3615,0.4017,0.4521,0.5159,0.5818,0.6535,0.7253,0.7977,0.8701,0.9426,1.0151,1.0862,1.1563,2.6573,2.6573,2.6573,2.6573,2.6573,2.6573,2.6573,2.6573,2.6573,2.6573,2.6573,2.6573
2.5258,2.475,2.4113,2.3306,2.2474,2.1568,2.0662,1.9747,1.8832,1.7916,1.7,1.1905,2.6524,2.6524,2.6524,2.6524,2.6524,2.6524,2.6524,2.6524,2.6524,2.6524,2.6524,2.6524,2.6524
2.1521,2.3917,2.6916,3.0719,3.4643,3.8912,4.3183,4.7495,5.1807,5.6123,6.044,6.4295,6.4295,6.4295,0.8055,1.4029,2.0004,2.5978,2.6475,2.6475,2.6475,2.6475,2.6475,2.6475,2.6475
0.6657,0.7399,0.8326,0.9503,1.0717,1.2037,1.3358,1.4692,1.6026,1.7361,1.5674,0.8709,2.6426,2.6426,2.6426,2.6426,2.6426,2.6426,2.6426,2.6426,2.6426,2.6426,2.6426,2.6426,2.6426
2.0658,2.0243,1.9722,1.9062,1.8381,1.764,1.6899,1.6151,1.5403,1.4654,1.3904,1.317,1.2445,0.8119,2.6377,2.6377,2.6377,2.6377,2.6377,2.6377,2.6377,2.6377,2.6377,2.6377,2.6377
0.4088,0.4544,0.5113,0.5836,0.6581,0.7392,0.8204,0.9023,0.9842,1.0662,1.1482,1.2286,1.3079,0.664,1.705,2.6329,2.6329,2.6329,2.6329,2.6329,2.6329,2.6329,2.6329,2.6329,2.6329
5.9425,5.8229,5.6732,5.4834,5.1382,4.5154,3.8926,3.2698,2.6471,2.0244,1.4017,0.7788,2.628,2.628,2.628,2.628,2.628,2.628,2.628,2.628,2.628,2.628,2.628,2.628,2.628
5.1662,5.0623,4.9321,4.7671,4.5968,4.4115,4.2262,4.039,3.8519,3.6646,3.4772,3.2935,3.1123,3.0582,0.8646,1.5058,2.1471,2.6232,2.6232,2.6232,2.6232,2.6232,2.6232,2.6232,2.6232
0.3988,0.4432,0.4988,0.5693,0.642,0.7211,0.8003,0.8802,0.9601,1.0401,1.1201,1.1985,0.6247,2.6184,2.6184,2.6184,2.6184,2.6184,2.6184,2.6184,2.6184,2.6184,2.6184,2.6184,2.6184
2.1066,2.0642,2.0111,1.9438,1.8744,1.7988,1.7233,1.6469,1.5706,1.4943,1.4179,1.343,0.6472,2.6137,2.6137,2.6137,2.6137,2.6137,2.6137,2.6137,2.6137,2.6137,2.6137,2.6137,2.6137
0.7321,0.8136,0.9157,1.045,1.1785,1.3238,1.4691,1.6158,1.7625,1.9093,2.0561,2.2001,2.3422,2.3846,0.9197,1.6017,2.2838,2.6089,2.6089,2.6089,2.6089,2.6089,2.6089,2.6089,2.6089
1.6418,1.8245,2.0533,2.3434,2.6428,2.9685,3.2943,3.1686,2.5651,1.9617,1.3583,0.7546,2.6042,2.6042,2.6042,2.6042,2.6042,2.6042,2.6042,2.6042,2.6042,2.6042,2.6042,2.6042,2.6042
2.446,2.3967,2.3351,2.257,2.1763,2.0886,2.0009,1.9123,1.8237,1.735,1.6463,1.5593,1.4735,0.7259,1.4042,2.4455,2.5995,2.5995,2.5995,2.5995,2.5995,2.5995,2.5995,2.5995,2.5995
0.3671,0.4079,0.4591,0.5239,0.5909,0.6637,0.7365,0.8101,0.8836,0.9572,1.0308,1.103,1.1743,1.5318,2.5948,2.5948,2.5948,2.5948,2.5948,2.5948,2.5948,2.5948,2.5948,2.5948,2.5948
3.1488,3.0855,3.0061,2.9056,2.8017,2.6888,2.5759,2.4618,2.3477,2.2336,1.7266,0.9593,2.5901,2.5901,2.5901,2.5901,2.5901,2.5901,2.5901,2.5901,2.5901,2.5901,2.5901,2.5901,2.5901
6.2788,6.2788,6.2788,6.2788,6.2788,6.2788,6.2788,6.2788,6.2788,6.2788,6.2788,6.2788,6.2788,6.2788,0.8027,1.3979,1.9932,2.5854,2.5854,2.5854,2.5854,2.5854,2.5854,2.5854,2.5854
0.5133,0.5705,0.642,0.7327,0.8263,0.9282,1.03,1.1329,1.2358,1.3387,1.4417,1.0491,2.5807,2.5807,2.5807,2.5807,2.5807,2.5807,2.5807,2.5807,2.5807,2.5807,2.5807,2.5807,2.5807
2.0193,1.9787,1.9278,1.8633,1.7968,1.7243,1.6519,1.5787,1.5056,1.4324,1.3592,1.2874,1.2165,2.5761,2.5761,2.5761,2.5761,2.5761,2.5761,2.5761,2.5761,2.5761,2.5761,2.5761,2.5761
0.4781,0.5314,0.598,0.6825,0.7697,0.8645,0.9594,1.0552,1.151,1.2469,1.3428,1.4368,1.5296,1.5573,1.2443,2.167,2.5715,2.5715,2.5715,2.5715,2.5715,2.5715,2.5715,2.5715,2.5715
6.2338,6.2338,6.1201,5.5223,4.9246,4.3277,3.7308,3.1339,2.5371,1.9402,1.3434,0.7464,2.5669,2.5669,2.5669,2.5669,2.5669,2.5669,2.5669,2.5669,2.5669,2.5669,2.5669,2.5669,2.5669
3.5076,3.437,3.3486,3.2366,3.1209,2.9951,2.8693,2.7422,2.6152,2.488,2.3608,2.2361,2.113,2.0763,0.985,1.7154,2.4459,2.5623,2.5623,2.5623,2.5623,2.5623,2.5623,2.5623,2.5623
0.3745,0.4162,0.4684,0.5345,0.6028,0.6771,0.7514,0.8265,0.9015,0.9766,1.0517,1.1254,0.6962,2.5577,2.5577,2.5577,2.5577,2.5577,2.5577,2.5577,2.5577,2.5577,2.5577,2.5577,2.5577
2.3434,2.2962,2.2372,2.1623,2.0851,2.001,1.917,1.8321,1.7472,1.6622,1.5772,1.4755,0.7199,2.5532,2.5532,2.5532,2.5532,2.5532,2.5532,2.5532,2.5532,2.5532,2.5532,2.5532,2.5532
1.2313,1.3684,1.54,1.7576,1.9821,2.2264,2.4707,2.7175,2.9642,3.2111,3.4581,3.7003,3.9393,4.0105,0.8449,1.4715,2.0981,2.5486,2.5486,2.5486,2.5486,2.5486,2.5486,2.5486,2.5486
0.862,0.958,1.0781,1.2304,1.3876,1.5586,1.7297,1.9024,2.0751,2.1348,1.4781,0.8212,2.5441,2.5441,2.5441,2.5441,2.5441,2.5441,2.5441,2.5441,2.5441,2.5441,2.5441,2.5441,2.5441
2.1947,2.1505,2.0952,2.0251,1.9528,1.8741,1.7953,1.7158,1.6363,1.5568,1.4772,1.3991,1.3221,0.6513,2.1263,2.5396,2.5396,2.5396,2.5396,2.5396,2.5396,2.5396,2.5396,2.5396,2.5396
0.3913,0.4348,0.4894,0.5585,0.6299,0.7075,0.7851,0.8635,0.9419,1.0204,1.0989,1.1758,1.2518,0.6355,2.3455,2.5351,2.5351,2.5351,2.5351,2.5351,2.5351,2.5351,2.5351,2.5351,2.5351
4.4265,4.3374,4.2259,4.0845,3.9385,3.7798,3.621,3.4607,2.8507,2.1801,1.5095,0.8387,2.5306,2.5306,2.5306,2.5306,2.5306,2.5306,2.5306,2.5306,2.5306,2.5306,2.5306,2.5306,2.5306
6.135,6.135,6.135,6.135,6.135,6.135,6.135,6.0882,5.8061,5.5238,5.2414,4.9645,4.6913,4.6098,0.8389,1.461,2.0832,2.5262,2.5262,2.5262,2.5262,2.5262,2.5262,2.5262,2.5262
0.4359,0.4844,0.5451,0.6221,0.7016,0.7881,0.8746,0.9619,1.0492,1.1366,1.224,1.3098,0.6827,2.5217,2.5217,2.5217,2.5217,2.5217,2.5217,2.5217,2.5217,2.5217,2.5217,2.5217,2.5217
2.0703,2.0287,1.9765,1.9104,1.8421,1.7679,1.6936,1.6186,1.5436,1.4686,1.3935,1.3199,0.8489,2.5173,2.5173,2.5173,2.5173,2.5173,2.5173,2.5173,2.5173,2.5173,2.5173,2.5173,2.5173
0.6074,0.6751,0.7597,0.867,0.9778,1.0983,1.2189,1.3406,1.4623,1.5841,1.7059,1.8254,1.9433,1.9785,1.0214,1.7788,2.5129,2.5129,2.5129,2.5129,2.5129,2.5129,2.5129,2.5129,2.5129
4.1382,4.5988,5.1755,5.5553,4.9541,4.3536,3.7531,3.1527,2.5523,1.9518,1.3514,0.7509,2.5085,2.5085,2.5085,2.5085,2.5085,2.5085,2.5085,2.5085,2.5085,2.5085,2.5085,2.5085,2.5085
2.7661,2.7104,2.6407,2.5523,2.4612,2.362,2.2627,2.1625,2.0623,1.962,1.8617,1.7634,1.6663,1.6374,1.2058,2.1,2.5041,2.5041,2.5041,2.5041,2.5041,2.5041,2.5041,2.5041,2.5041
0.3696,0.4108,0.4623,0.5276,0.595,0.6683,0.7417,0.8157,0.8898,0.9639,1.038,1.1107,1.1825,2.4997,2.4997,2.4997,2.4997,2.4997,2.4997,2.4997,2.4997,2.4997,2.4997,2.4997,2.4997
2.7794,2.7235,2.6535,2.5647,2.473,2.3734,2.2737,2.173,2.0723,1.9715,1.8707,1.1077,2.4954,2.4954,2.4954,2.4954,2.4954,2.4954,2.4954,2.4954,2.4954,2.4954,2.4954,2.4954,2.4954
4.3212,4.8023,5.4044,6.0497,6.0497,6.0497,6.0497,6.0497,6.0497,6.0497,6.0497,6.0497,6.0497,6.0497,0.8179,1.4244,2.0311,2.4911,2.4911,2.4911,2.4911,2.4911,2.4911,2.4911,2.4911
0.6076,0.6752,0.7599,0.8672,0.978,1.0985,1.2191,1.3408,1.4626,1.5844,1.7052,0.9474,2.4867,2.4867,2.4867,2.4867,2.4867,2.4867,2.4867,2.4867,2.4867,2.4867,2.4867,2.4867,2.4867
2.0823,2.0404,1.9879,1.9214,1.8528,1.7781,1.7034,1.6279,1.5525,1.477,1.4015,1.3275,1.2544,1.2234,2.4824,2.4824,2.4824,2.4824,2.4824,2.4824,2.4824,2.4824,2.4824,2.4824,2.4824
0.4403,0.4893,0.5507,0.6285,0.7088,0.7961,0.8835,0.9718,1.06,1.1483,1.2366,1.3232,1.4087,0.708,1.5177,2.4781,2.4781,2.4781,2.4781,2.4781,2.4781,2.4781,2.4781,2.4781,2.4781
6.0079,6.0079,6.0079,5.7638,5.14,4.517,3.8939,3.271,2.648,2.0251,1.4022,0.779,2.4739,2.4739,2.4739,2.4739,2.4739,2.4739,2.4739,2.4739,2.4739,2.4739,2.4739,2.4739,2.4739
4.4459,4.3564,4.2444,4.1024,3.9558,3.7964,3.6369,3.4758,3.3148,3.1536,2.9924,2.8343,2.6783,2.6318,0.9228,1.6071,2.2916,2.4696,2.4696,2.4696,2.4696,2.4696,2.4696,2.4696,2.4696
0.3958,0.4399,0.495,0.5649,0.6371,0.7156,0.7942,0.8735,0.9528,1.0322,1.1115,1.1894,0.6199,2.4653,2.4653,2.4653,2.4653,2.4653,2.4653,2.4653,2.4653,2.4653,2.4653,2.4653,2.4653
2.2296,2.1848,2.1286,2.0574,1.9839,1.9039,1.8239,1.7432,1.6624,1.5815,1.5007,1.4214,0.685,2.4611,2.4611,2.4611,2.4611,2.4611,2.4611,2.4611,2.4611,2.4611,2.4611,2.4611,2.4611
0.8825,0.9807,1.1037,1.2596,1.4205,1.5956,1.7707,1.9475,2.1244,2.3013,2.4783,2.6519,2.8232,2.8743,0.9048,1.5758,2.2469,2.4569,2.4569,2.4569,2.4569,2.4569,2.4569,2.4569,2.4569
1.2391,1.3771,1.5498,1.7687,1.9947,2.2405,2.4864,2.7347,2.6939,2.0601,1.4264,0.7925,2.4527,2.4527,2.4527,2.4527,2.4527,2.4527,2.4527,2.4527,2.4527,2.4527,2.4527,2.4527,2.4527
2.3838,2.3358,2.2757,2.1996,2.121,2.0355,1.95,1.8637,1.7773,1.6909,1.6044,1.5197,1.436,0.6996,1.6435,2.4485,2.4485,2.4485,2.4485,2.4485,2.4485,2.4485,2.4485,2.4485,2.4485
0.3826,0.4252,0.4785,0.5461,0.6159,0.6918,0.7677,0.8444,0.9211,0.9978,1.0746,1.1498,1.2241,0.982,2.4443,2.4443,2.4443,2.4443,2.4443,2.4443,2.4443,2.4443,2.4443,2.4443,2.4443
3.6047,3.5322,3.4414,3.3262,3.2074,3.0781,2.9488,2.8182,2.6876,2.4046,1.6649,0.925,2.4402,2.4402,2.4402,2.4402,2.4402,2.4402,2.4402,2.4402,2.4402,2.4402,2.4402,2.4402,2.4402
5.9161,5.9161,5.9161,5.9161,5.9161,5.9161,5.9161,5.9161,5.9161,5.9161,5.9161,5.9161,5.9161,5.9161,0.8307,1.4467,2.0629,2.436,2.436,2.436,2.436,2.436,2.436,2.436,2.436
0.489,0.5435,0.6116,0.698,0.7872,0.8842,0.9813,1.0793,1.1772,1.2753,1.3734,1.1801,2.4319,2.4319,2.4319,2.4319,2.4319,2.4319,2.4319,2.4319,2.4319,2.4319,2.4319,2.4319,2.4319
2.0751,2.0334,1.9811,1.9148,1.8464,1.772,1.6975,1.6224,1.5472,1.472,1.3967,1.3229,1.2501,2.4278,2.4278,2.4278,2.4278,2.4278,2.4278,2.4278,2.4278,2.4278,2.4278,2.4278,2.4278
0.5301,0.5892,0.663,0.7567,0.8534,0.9586,1.0638,1.17,1.2762,1.3825,1.4889,1.5931,1.696,1.7267,1.1685,2.0351,2.4237,2.4237,2.4237,2.4237,2.4237,2.4237,2.4237,2.4237,2.4237
5.8761,5.8761,5.8761,5.6348,5.025,4.4159,3.8068,3.1978,2.5888,1.9798,1.3708,0.7616,2.4196,2.4196,2.4196,2.4196,2.4196,2.4196,2.4196,2.4196,2.4196,2.4196,2.4196,2.4196,2.4196
3.2372,3.1721,3.0905,2.9871,2.8804,2.7643,2.6482,2.5309,2.4136,2.2963,2.1789,2.0638,1.9502,1.9163,1.0788,1.8789,2.4155,2.4155,2.4155,2.4155,2.4155,2.4155,2.4155,2.4155,2.4155
0.3794,0.4216,0.4745,0.5415,0.6107,0.686,0.7612,0.8373,0.9133,0.9894,1.0655,1.1401,1.1582,2.4114,2.4114,2.4114,2.4114,2.4114,2.4114,2.4114,2.4114,2.4114,2.4114,2.4114,2.4114
2.5396,2.4884,2.4245,2.3433,2.2596,2.1685,2.0774,1.9854,1.8935,1.8014,1.7093,1.3322,0.6878,2.4074,2.4074,2.4074,2.4074,2.4074,2.4074,2.4074,2.4074,2.4074,2.4074,2.4074,2.4074
1.73,1.9226,2.1637,2.4693,2.7848,3.128,3.4713,3.8179,4.1646,4.5115,4.8585,5.1988,5.5345,5.6346,0.8496,1.4797,2.1099,2.4034,2.4034,2.4034,2.4034,2.4034,2.4034,2.4034,2.4034
0.7561,0.8402,0.9456,1.0792,1.2171,1.367,1.5171,1.6686,1.8201,1.9717,1.5867,0.8816,2.3993,2.3993,2.3993,2.3993,2.3993,2.3993,2.3993,2.3993,2.3993,2.3993,2.3993,2.3993,2.3993
2.1899,2.1458,2.0906,2.0207,1.9485,1.87,1.7914,1.7121,1.6327,1.5533,1.4739,1.3961,1.3192,0.7104,2.3953,2.3953,2.3953,2.3953,2.3953,2.3953,2.3953,2.3953,2.3953,2.3953,2.3953
0.4164,0.4628,0.5208,0.5944,0.6703,0.7529,0.8356,0.919,1.0024,1.0859,1.1695,1.2514,1.3322,0.6763,1.9747,2.3913,2.3913,2.3913,2.3913,2.3913,2.3913,2.3913,2.3913,2.3913,2.3913
5.4393,5.3299,5.1928,5.0191,4.8398,4.6447,4.1481,3.4845,2.8209,2.1573,1.4937,0.8299,2.3873,2.3873,2.3873,2.3873,2.3873,2.3873,2.3873,2.3873,2.3873,2.3873,2.3873,2.3873,2.3873
5.7882,5.7882,5.7882,5.6782,5.4754,5.2547,5.0339,4.811,4.5881,4.365,4.1418,3.923,3.7071,3.6427,0.8856,1.5424,2.1993,2.3834,2.3834,2.3834,2.3834,2.3834,2.3834,2.3834,2.3834
0.4274,0.475,0.5346,0.6101,0.688,0.7728,0.8576,0.9433,1.0289,1.1146,1.2004,1.2845,0.6695,2.3794,2.3794,2.3794,2.3794,2.3794,2.3794,2.3794,2.3794,2.3794,2.3794,2.3794,2.3794
2.1692,2.1256,2.0709,2.0016,1.9301,1.8523,1.7745,1.6959,1.6173,1.5387,1.46,1.3829,0.6664,2.3755,2.3755,2.3755,2.3755,2.3755,2.3755,2.3755,2.3755,2.3755,2.3755,2.3755,2.3755
0.7034,0.7817,0.8797,1.004,1.1322,1.2718,1.4114,1.5523,1.6932,1.8343,1.9754,2.1137,2.2502,2.2909,0.9916,1.727,2.3715,2.3715,2.3715,2.3715,2.3715,2.3715,2.3715,2.3715,2.3715
2.2191,2.4661,2.7753,3.1675,3.5721,4.0123,3.9038,3.2793,2.6548,2.0302,1.4057,0.781,2.3676,2.3676,2.3676,2.3676,2.3676,2.3676,2.3676,2.3676,2.3676,2.3676,2.3676,2.3676,2.3676
2.6553,2.6018,2.5349,2.4501,2.3626,2.2674,2.1721,2.0759,1.9797,1.8835,1.7872,1.6928,1.5996,0.6754,1.3693,2.3637,2.3637,2.3637,2.3637,2.3637,2.3637,2.3637,2.3637,2.3637,2.3637
0.3817,0.4242,0.4774,0.5449,0.6145,0.6902,0.766,0.8425,0.919,0.9955,1.0721,1.1472,1.2213,2.3598,2.3598,2.3598,2.3598,2.3598,2.3598,2.3598,2.3598,2.3598,2.3598,2.3598,2.3598
3.1071,3.0446,2.9663,2.867,2.7646,2.6532,2.5417,2.4291,2.3166,2.2039,1.8887,1.0494,2.356,2.356,2.356,2.356,2.356,2.356,2.356,2.356,2.356,2.356,2.356,2.356,2.356
5.7122,5.7122,5.7122,5.7122,5.7122,5.7122,5.7122,5.7122,5.7122,5.7122,5.7122,5.7122,5.7122,5.7122,0.8388,1.4608,2.0829,2.3521,2.3521,2.3521,2.3521,2.3521,2.3521,2.3521,2.3521
0.5666,0.6296,0.7086,0.8087,0.912,1.0244,1.1369,1.2504,1.3639,1.4775,1.5912,1.0453,2.3482,2.3482,2.3482,2.3482,2.3482,2.3482,2.3482,2.3482,2.3482,2.3482,2.3482,2.3482,2.3482
2.1204,2.0777,2.0243,1.9565,1.8866,1.8106,1.7345,1.6577,1.5809,1.504,1.4271,1.3517,1.2774,2.3444,2.3444,2.3444,2.3444,2.3444,2.3444,2.3444,2.3444,2.3444,2.3444,2.3444,2.3444
0.4803,0.5338,0.6007,0.6856,0.7732,0.8685,0.9638,1.0601,1.1563,1.2526,1.349,1.4434,1.5367,0.6687,1.388,2.3406,2.3406,2.3406,2.3406,2.3406,2.3406,2.3406,2.3406,2.3406,2.3406
5.675,5.675,5.675,5.675,5.196,4.5662,3.9364,3.3066,2.6769,2.0472,1.4174,0.7875,2.3368,2.3368,2.3368,2.3368,2.3368,2.3368,2.3368,2.3368,2.3368,2.3368,2.3368,2.3368,2.3368
3.9645,3.8847,3.7849,3.6582,3.5275,3.3853,3.2431,3.0995,2.9559,2.8122,2.6684,2.5274,2.3883,2.3468,0.9967,1.7358,2.333,2.333,2.333,2.333,2.333,2.333,2.333,2.333,2.333
0.3971,0.4413,0.4966,0.5668,0.6392,0.718,0.7968,0.8763,0.9559,1.0355,1.1152,1.1933,0.622,2.3292,2.3292,2.3292,2.3292,2.3292,2.3292,2.3292,2.3292,2.3292,2.3292,2.3292,2.3292
2.3865,2.3385,2.2784,2.2021,2.1234,2.0379,1.9522,1.8658,1.7793,1.6928,1.6063,1.5214,0.6644,2.3254,2.3254,2.3254,2.3254,2.3254,2.3254,2.3254,2.3254,2.3254,2.3254,2.3254,2.3254
1.1095,1.233,1.3877,1.5837,1.786,2.0061,2.2263,2.4486,2.6709,2.8935,3.116,3.3342,3.5496,3.6138,0.9005,1.5684,2.2363,2.3216,2.3216,2.3216,2.3216,2.3216,2.3216,2.3216,2.3216
1.0146,1.1276,1.269,1.4483,1.6333,1.8346,2.0359,2.2392,2.4425,2.1869,1.5142,0.8413,2.3179,2.3179,2.3179,2.3179,2.3179,2.3179,2.3179,2.3179,2.3179,2.3179,2.3179,2.3179,2.3179
2.3521,2.3047,2.2455,2.1703,2.0928,2.0085,1.9241,1.8389,1.7537,1.6684,1.5831,1.4995,1.4169,0.6612,1.984,2.3141,2.3141,2.3141,2.3141,2.3141,2.3141,2.3141,2.3141,2.3141,2.3141
0.403,0.4479,0.5041,0.5753,0.6488,0.7287,0.8087,0.8895,0.9702,1.051,1.1319,1.2111,1.2894,0.7392,2.3104,2.3104,2.3104,2.3104,2.3104,2.3104,2.3104,2.3104,2.3104,2.3104,2.3104
4.2277,4.1426,4.0361,3.9011,3.7617,3.6101,3.4584,3.3053,3.0731,2.3502,1.6273,0.9041,2.3067,2.3067,2.3067,2.3067,2.3067,2.3067,2.3067,2.3067,2.3067,2.3067,2.3067,2.3067,2.3067
5.5929,5.5929,5.5929,5.5929,5.5929,5.5929,5.5929,5.5929,5.5929,5.5929,5.5929,5.5929,5.5929,5.5929,0.8686,1.5127,2.1569,2.303,2.303,2.303,2.303,2.303,2.303,2.303,2.303
0.4729,0.5256,0.5915,0.675,0.7613,0.8551,0.9489,1.0437,1.1384,1.2333,1.3281,1.3542,0.6569,2.2993,2.2993,2.2993,2.2993,2.2993,2.2993,2.2993,2.2993,2.2993,2.2993,2.2993,2.2993
2.1543,2.1109,2.0566,1.9878,1.9168,1.8395,1.7623,1.6842,1.6062,1.5281,1.45,1.3734,1.2486,2.2956,2.2956,2.2956,2.2956,2.2956,2.2956,2.2956,2.2956,2.2956,2.2956,2.2956,2.2956
0.5979,0.6645,0.7478,0.8535,0.9625,1.0811,1.1998,1.3196,1.4394,1.5593,1.6792,1.7968,1.9128,1.9474,1.1162,1.944,2.2919,2.2919,2.2919,2.2919,2.2919,2.2919,2.2919,2.2919,2.2919
5.5572,5.5572,5.5572,5.5572,5.18,4.5521,3.9242,3.2964,2.6686,2.0408,1.4131,0.7851,2.2883,2.2883,2.2883,2.2883,2.2883,2.2883,2.2883,2.2883,2.2883,2.2883,2.2883,2.2883,2.2883
3.0482,2.9868,2.91,2.8127,2.7122,2.6029,2.4935,2.3831,2.2727,2.1622,2.0516,1.9432,1.8363,0.6527,1.1996,2.0891,2.2846,2.2846,2.2846,2.2846,2.2846,2.2846,2.2846,2.2846,2.2846
0.3883,0.4316,0.4857,0.5543,0.6251,0.7021,0.7792,0.857,0.9348,1.0127,1.0906,1.167,1.2423,2.281,2.281,2.281,2.281,2.281,2.281,2.281,2.281,2.281,2.281,2.281,2.281
2.7898,2.7336,2.6633,2.5742,2.4823,2.3822,2.2821,2.1811,2.08,1.9789,1.8777,1.2326,2.2774,2.2774,2.2774,2.2774,2.2774,2.2774,2.2774,2.2774,2.2774,2.2774,2.2774,2.2774,2.2774
2.8483,3.1654,3.5623,4.0656,4.585,5.15,5.522,5.522,5.522,5.522,5.522,5.522,5.522,5.522,0.8635,1.5038,2.1442,2.2738,2.2738,2.2738,2.2738,2.2738,2.2738,2.2738,2.2738
0.6842,0.7603,0.8557,0.9765,1.1013,1.237,1.3728,1.5099,1.647,1.7842,1.7248,0.9583,2.2702,2.2702,2.2702,2.2702,2.2702,2.2702,2.2702,2.2702,2.2702,2.2702,2.2702,2.2702,2.2702
2.2091,2.1647,2.109,2.0385,1.9656,1.8864,1.8072,1.7271,1.6471,1.567,1.4869,1.4084,1.3308,0.9956,2.2666,2.2666,2.2666,2.2666,2.2666,2.2666,2.2666,2.2666,2.2666,2.2666,2.2666
0.4484,0.4983,0.5608,0.64,0.7218,0.8108,0.8997,0.9896,1.0794,1.1694,1.2593,1.3475,1.4345,0.6466,1.735,2.263,2.263,2.263,2.263,2.263,2.263,2.263,2.263,2.263,2.263
5.4872,5.4872,5.4872,5.4872,5.481,4.8166,4.1522,3.488,2.8237,2.1594,1.4952,0.8307,2.2594,2.2594,2.2594,2.2594,2.2594,2.2594,2.2594,2.2594,2.2594,2.2594,2.2594,2.2594,2.2594
5.1852,5.0809,4.9502,4.7846,4.6137,4.4277,4.2417,4.0538,3.866,3.678,3.49,3.3056,3.1237,3.0694,0.9455,1.6467,2.2559,2.2559,2.2559,2.2559,2.2559,2.2559,2.2559,2.2559,2.2559
0.4243,0.4715,0.5307,0.6056,0.683,0.7672,0.8514,0.9364,1.0214,1.1065,1.1916,1.2751,0.6435,2.2523,2.2523,2.2523,2.2523,2.2523,2.2523,2.2523,2.2523,2.2523,2.2523,2.2523,2.2523
2.2976,2.2513,2.1934,2.12,2.0443,1.9619,1.8795,1.7963,1.713,1.6297,1.5464,1.4647,0.6425,2.2488,2.2488,2.2488,2.2488,2.2488,2.2488,2.2488,2.2488,2.2488,2.2488,2.2488,2.2488
0.8369,0.9301,1.0467,1.1946,1.3472,1.5133,1.6794,1.8471,2.0147,2.1826,2.3505,2.5151,2.6775,2.7259,0.9756,1.699,2.2453,2.2453,2.2453,2.2453,2.2453,2.2453,2.2453,2.2453,2.2453
1.5566,1.7299,1.9468,2.2219,2.5057,2.8145,3.1234,3.4353,2.7907,2.1342,1.4777,0.821,2.2418,2.2418,2.2418,2.2418,2.2418,2.2418,2.2418,2.2418,2.2418,2.2418,2.2418,2.2418,2.2418
2.5861,2.5341,2.4689,2.3863,2.301,2.2083,2.1155,2.0218,1.9282,1.8344,1.7406,1.6487,1.5579,0.6395,1.5896,2.2383,2.2383,2.2383,2.2383,2.2383,2.2383,2.2383,2.2383,2.2383,2.2383
0.3984,0.4428,0.4983,0.5687,0.6413,0.7204,0.7994,0.8792,0.9591,1.039,1.1189,1.1972,1.2746,1.3441,2.2348,2.2348,2.2348,2.2348,2.2348,2.2348,2.2348,2.2348,2.2348,2.2348,2.2348
3.5383,3.4671,3.378,3.265,3.1483,3.0214,2.8945,2.7663,2.6381,2.5098,1.8187,1.0105,2.2313,2.2313,2.2313,2.2313,2.2313,2.2313,2.2313,2.2313,2.2313,2.2313,2.2313,2.2313,2.2313
5.4104,5.4104,5.4104,5.4104,5.4104,5.4104,5.4104,5.4104,5.4104,5.4104,5.4104,5.4104,5.4104,5.4104,0.8692,1.5138,2.1585,2.2278,2.2278,2.2278,2.2278,2.2278,2.2278,2.2278,2.2278
0.5384,0.5983,0.6733,0.7684,0.8666,0.9734,1.0803,1.1881,1.296,1.404,1.5119,1.172,2.2244,2.2244,2.2244,2.2244,2.2244,2.2244,2.2244,2.2244,2.2244,2.2244,2.2244,2.2244,2.2244
2.182,2.138,2.0831,2.0134,1.9414,1.8632,1.7849,1.7059,1.6268,1.5477,1.4686,1.391,1.3145,2.2209,2.2209,2.2209,2.2209,2.2209,2.2209,2.2209,2.2209,2.2209,2.2209,2.2209,2.2209
0.5316,0.5908,0.6649,0.7588,0.8558,0.9612,1.0667,1.1732,1.2798,1.3864,1.493,1.5976,1.7007,0.6336,1.298,2.2175,2.2175,2.2175,2.2175,2.2175,2.2175,2.2175,2.2175,2.2175,2.2175
5.377,5.377,5.377,5.377,5.3093,4.6657,4.0222,3.3787,2.7352,2.0918,1.4483,0.8047,2.2141,2.2141,2.2141,2.2141,2.2141,2.2141,2.2141,2.2141,2.2141,2.2141,2.2141,2.2141,2.2141
3.6351,3.562,3.4704,3.3543,3.2344,3.1041,2.9737,2.842,2.7103,2.5785,2.4467,2.3174,2.1899,2.1519,1.0908,1.8997,2.2106,2.2106,2.2106,2.2106,2.2106,2.2106,2.2106,2.2106,2.2106
0.4028,0.4477,0.5038,0.575,0.6484,0.7283,0.8083,0.889,0.9697,1.0505,1.1313,1.2105,0.8818,2.2072,2.2072,2.2072,2.2072,2.2072,2.2072,2.2072,2.2072,2.2072,2.2072,2.2072,2.2072
2.5862,2.5342,2.469,2.3864,2.3011,2.2084,2.1156,2.0219,1.9282,1.8345,1.7407,1.5162,0.6297,2.2038,2.2038,2.2038,2.2038,2.2038,2.2038,2.2038,2.2038,2.2038,2.2038,2.2038,2.2038
1.4848,1.6501,1.857,2.1193,2.3901,2.6846,2.9792,3.2767,3.5742,3.872,4.1698,4.4619,4.75,4.8359,0.9066,1.579,2.2005,2.2005,2.2005,2.2005,2.2005,2.2005,2.2005,2.2005,2.2005
0.8756,0.973,1.095,1.2497,1.4094,1.5831,1.7568,1.9323,2.1077,2.2833,1.6263,0.9036,2.1971,2.1971,2.1971,2.1971,2.1971,2.1971,2.1971,2.1971,2.1971,2.1971,2.1971,2.1971,2.1971
2.3491,2.3018,2.2427,2.1676,2.0902,2.0059,1.9216,1.8366,1.7515,1.6663,1.5811,1.4976,1.4152,0.6456,2.1937,2.1937,2.1937,2.1937,2.1937,2.1937,2.1937,2.1937,2.1937,2.1937,2.1937
0.4293,0.4771,0.537,0.6128,0.6911,0.7763,0.8615,0.9475,1.0335,1.1196,1.2058,1.2902,1.3735,0.6258,2.1904,2.1904,2.1904,2.1904,2.1904,2.1904,2.1904,2.1904,2.1904,2.1904,2.1904
5.1144,5.0115,4.8826,4.7193,4.5507,4.3673,4.1838,3.7587,3.0428,2.327,1.6112,0.8952,2.187,2.187,2.187,2.187,2.187,2.187,2.187,2.187,2.187,2.187,2.187,2.187,2.187
5.3033,5.3033,5.3033,5.3033,5.3033,5.3033,5.3033,5.3033,5.3033,5.3033,5.0935,4.8244,4.5589,4.4797,0.9182,1.5991,2.1837,2.1837,2.1837,2.1837,2.1837,2.1837,2.1837,2.1837,2.1837
0.4638,0.5154,0.5801,0.662,0.7466,0.8386,0.9307,1.0236,1.1165,1.2096,1.3026,1.3938,0.623,2.1804,2.1804,2.1804,2.1804,2.1804,2.1804,2.1804,2.1804,2.1804,2.1804,2.1804,2.1804
2.2607,2.2152,2.1582,2.086,2.0115,1.9304,1.8493,1.7674,1.6855,1.6036,1.5216,1.4412,0.7832,2.1771,2.1771,2.1771,2.1771,2.1771,2.1771,2.1771,2.1771,2.1771,2.1771,2.1771,2.1771
0.6882,0.7648,0.8607,0.9823,1.1078,1.2443,1.3809,1.5188,1.6566,1.7947,1.9327,2.068,2.2016,2.2414,1.0832,1.8864,2.1738,2.1738,2.1738,2.1738,2.1738,2.1738,2.1738,2.1738,2.1738
3.3234,3.6933,4.1564,4.7436,5.2712,4.7431,4.0889,3.4347,2.7806,2.1265,1.4724,0.818,2.1705,2.1705,2.1705,2.1705,2.1705,2.1705,2.1705,2.1705,2.1705,2.1705,2.1705,2.1705,2.1705
2.9217,2.8629,2.7893,2.6959,2.5996,2.4948,2.39,2.2842,2.1783,2.0724,1.9665,1.8626,1.7601,0.6192,1.3573,2.1672,2.1672,2.1672,2.1672,2.1672,2.1672,2.1672,2.1672,2.1672,2.1672
0.4018,0.4465,0.5025,0.5735,0.6468,0.7265,0.8062,0.8868,0.9673,1.0478,1.1284,1.2075,1.2854,2.1639,2.1639,2.1639,2.1639,2.1639,2.1639,2.1639,2.1639,2.1639,2.1639,2.1639,2.1639
3.1125,3.0499,2.9715,2.872,2.7694,2.6578,2.5462,2.4334,2.3207,2.2078,2.0949,1.1644,2.1607,2.1607,2.1607,2.1607,2.1607,2.1607,2.1607,2.1607,2.1607,2.1607,2.1607,2.1607,2.1607
5.2394,5.2394,5.2394,5.2394,5.2394,5.2394,5.2394,5.2394,5.2394,5.2394,5.2394,5.2394,5.2394,5.2394,0.8872,1.5451,2.1574,2.1574,2.1574,2.1574,2.1574,2.1574,2.1574,2.1574,2.1574
0.6349,0.7056,0.7941,0.9063,1.0221,1.148,1.274,1.4013,1.5285,1.6558,1.7832,1.0564,2.1542,2.1542,2.1542,2.1542,2.1542,2.1542,2.1542,2.1542,2.1542,2.1542,2.1542,2.1542,2.1542
2.2537,2.2083,2.1515,2.0795,2.0053,1.9244,1.8436,1.7619,1.6803,1.5986,1.5169,1.4367,1.3577,1.6245,2.1509,2.1509,2.1509,2.1509,2.1509,2.1509,2.1509,2.1509,2.1509,2.1509,2.1509
0.4892,0.5437,0.6118,0.6983,0.7875,0.8845,0.9816,1.0796,1.1777,1.2758,1.3739,1.4701,1.5651,0.6136,1.5743,2.1477,2.1477,2.1477,2.1477,2.1477,2.1477,2.1477,2.1477,2.1477,2.1477
5.2081,5.2081,5.2081,5.2081,5.2081,4.8776,4.2048,3.5321,2.8594,2.1868,1.5141,0.8412,2.1445,2.1445,2.1445,2.1445,2.1445,2.1445,2.1445,2.1445,2.1445,2.1445,2.1445,2.1445,2.1445
4.5663,4.4744,4.3593,4.2135,4.0629,3.8992,3.7354,3.5699,3.4045,3.239,3.0734,2.911,2.7508,2.7031,1.022,1.7799,2.1413,2.1413,2.1413,2.1413,2.1413,2.1413,2.1413,2.1413,2.1413
0.4264,0.4738,0.5332,0.6086,0.6863,0.7709,0.8555,0.9409,1.0264,1.1119,1.1974,1.2813,0.6109,2.1381,2.1381,2.1381,2.1381,2.1381,2.1381,2.1381,2.1381,2.1381,2.1381,2.1381,2.1381
2.4624,2.4128,2.3508,2.2721,2.191,2.1027,2.0143,1.9251,1.8359,1.7466,1.6574,1.5698,0.61,2.1349,2.1349,2.1349,2.1349,2.1349,2.1349,2.1349,2.1349,2.1349,2.1349,2.1349,2.1349
1.0321,1.147,1.2908,1.4732,1.6614,1.8661,2.0709,2.2777,2.4845,2.6915,2.8985,3.1015,3.3018,3.3616,0.9722,1.6931,2.1317,2.1317,2.1317,2.1317,2.1317,2.1317,2.1317,2.1317,2.1317
1.2285,1.3652,1.5364,1.7535,1.9775,2.2211,2.4649,2.7111,2.9572,2.2694,1.5713,0.873,2.1286,2.1286,2.1286,2.1286,2.1286,2.1286,2.1286,2.1286,2.1286,2.1286,2.1286,2.1286,2.1286
2.5539,2.5025,2.4382,2.3566,2.2724,2.1808,2.0892,1.9967,1.9042,1.8116,1.719,1.6282,1.5385,0.6073,1.8967,2.1254,2.1254,2.1254,2.1254,2.1254,2.1254,2.1254,2.1254,2.1254,2.1254
0.4205,0.4673,0.5259,0.6002,0.6769,0.7603,0.8437,0.928,1.0122,1.0965,1.1809,1.2636,1.3452,0.938,2.1223,2.1223,2.1223,2.1223,2.1223,2.1223,2.1223,2.1223,2.1223,2.1223,2.1223
4.1207,4.0378,3.934,3.8023,3.6665,3.5187,3.3709,3.2216,3.0723,2.568,1.7781,0.9879,2.1191,2.1191,2.1191,2.1191,2.1191,2.1191,2.1191,2.1191,2.1191,2.1191,2.1191,2.1191,2.1191
5.1389,5.1389,5.1389,5.1389,5.1389,5.1389,5.1389,5.1389,5.1389,5.1389,5.1389,5.1389,5.1389,5.1389,0.9108,1.5863,2.116,2.116,2.116,2.116,2.116,2.116,2.116,2.116,2.116
0.5204,0.5783,0.6508,0.7427,0.8376,0.9408,1.0441,1.1484,1.2526,1.357,1.4614,1.3394,0.6037,2.1129,2.1129,2.1129,2.1129,2.1129,2.1129,2.1129,2.1129,2.1129,2.1129,2.1129,2.1129
2.2704,2.2247,2.1675,2.095,2.0201,1.9387,1.8573,1.775,1.6928,1.6105,1.5281,1.4474,1.3677,2.1098,2.1098,2.1098,2.1098,2.1098,2.1098,2.1098,2.1098,2.1098,2.1098,2.1098,2.1098
0.5983,0.6649,0.7483,0.854,0.9631,1.0818,1.2005,1.3204,1.4403,1.5602,1.6803,1.7979,1.914,0.6019,1.238,2.1067,2.1067,2.1067,2.1067,2.1067,2.1067,2.1067,2.1067,2.1067,2.1067
5.1087,5.1087,5.1087,5.1087,5.1087,4.8212,4.1562,3.4913,2.8264,2.1615,1.4966,0.8315,2.1036,2.1036,2.1036,2.1036,2.1036,2.1036,2.1036,2.1036,2.1036,2.1036,2.1036,2.1036,2.1036
3.4117,3.3431,3.2571,3.1481,3.0357,2.9133,2.7909,2.6673,2.5437,2.42,2.2963,2.175,2.0553,0.6001,1.2119,2.1005,2.1005,2.1005,2.1005,2.1005,2.1005,2.1005,2.1005,2.1005,2.1005
0.4133,0.4593,0.5169,0.5899,0.6653,0.7473,0.8293,0.9121,0.995,1.0778,1.1607,1.242,1.3222,2.0974,2.0974,2.0974,2.0974,2.0974,2.0974,2.0974,2.0974,2.0974,2.0974,2.0974,2.0974
2.8418,2.7846,2.713,2.6223,2.5286,2.4267,2.3247,2.2218,2.1188,2.0158,1.9127,1.3949,0.5984,2.0944,2.0944,2.0944,2.0944,2.0944,2.0944,2.0944,2.0944,2.0944,2.0944,2.0944,2.0944
2.2061,2.4517,2.7591,3.1489,3.5512,3.9888,4.4266,4.8687,5.0789,5.0789,5.0789,5.0789,5.0789,5.0789,0.9236,1.6085,2.0913,2.0913,2.0913,2.0913,2.0913,2.0913,2.0913,2.0913,2.0913
0.7849,0.8722,0.9816,1.1203,1.2634,1.4191,1.5748,1.7321,1.8894,2.0468,1.7697,0.9832,2.0883,2.0883,2.0883,2.0883,2.0883,2.0883,2.0883,2.0883,2.0883,2.0883,2.0883,2.0883,2.0883
2.375,2.3272,2.2674,2.1915,2.1132,2.0281,1.9429,1.8568,1.7708,1.6847,1.5986,1.5141,1.4308,0.8643,2.0852,2.0852,2.0852,2.0852,2.0852,2.0852,2.0852,2.0852,2.0852,2.0852,2.0852
0.4631,0.5146,0.5792,0.661,0.7454,0.8373,0.9292,1.022,1.1148,1.2076,1.3005,1.3916,1.4815,0.5949,2.026,2.0822,2.0822,2.0822,2.0822,2.0822,2.0822,2.0822,2.0822,2.0822,2.0822
5.0495,5.0495,5.0495,5.0495,5.0495,5.0495,4.4879,3.7699,3.0519,2.334,1.616,0.8979,2.0792,2.0792,2.0792,2.0792,2.0792,2.0792,2.0792,2.0792,2.0792,2.0792,2.0792,2.0792,2.0792
5.0421,5.0421,5.0421,5.0421,5.0421,5.0421,5.0421,4.8516,4.6268,4.4018,4.1768,3.9561,3.7384,3.6735,0.9823,1.7108,2.0762,2.0762,2.0762,2.0762,2.0762,2.0762,2.0762,2.0762,2.0762
0.4612,0.5125,0.5768,0.6583,0.7424,0.8339,0.9254,1.0178,1.1102,1.2027,1.2952,1.386,0.5923,2.0732,2.0732,2.0732,2.0732,2.0732,2.0732,2.0732,2.0732,2.0732,2.0732,2.0732,2.0732
2.4003,2.352,2.2915,2.2148,2.1357,2.0496,1.9635,1.8765,1.7896,1.7026,1.6155,1.5302,0.5915,2.0702,2.0702,2.0702,2.0702,2.0702,2.0702,2.0702,2.0702,2.0702,2.0702,2.0702,2.0702
0.8121,0.9025,1.0156,1.1591,1.3072,1.4683,1.6294,1.7922,1.9549,2.1177,2.2806,2.4403,2.5979,0.5906,1.0668,1.858,2.0672,2.0672,2.0672,2.0672,2.0672,2.0672,2.0672,2.0672,2.0672
2.0616,2.2911,2.5783,2.9426,3.3185,3.7275,4.1366,3.6204,2.9309,2.2414,1.5519,0.8623,2.0642,2.0642,2.0642,2.0642,2.0642,2.0642,2.0642,2.0642,2.0642,2.0642,2.0642,2.0642,2.0642
2.847,2.7897,2.718,2.627,2.5332,2.4311,2.3289,2.2258,2.1227,2.0195,1.9162,1.815,1.7151,0.5889,1.5681,2.0613,2.0613,2.0613,2.0613,2.0613,2.0613,2.0613,2.0613,2.0613,2.0613
0.4206,0.4674,0.526,0.6003,0.677,0.7604,0.8439,0.9281,1.0124,1.0967,1.1811,1.2638,1.3454,2.0537,2.0583,2.0583,2.0583,2.0583,2.0583,2.0583,2.0583,2.0583,2.0583,2.0583,2.0583
3.5361,3.465,3.3759,3.2629,3.1463,3.0195,2.8927,2.7646,2.6365,2.5083,2.0172,1.1207,2.0553,2.0553,2.0553,2.0553,2.0553,2.0553,2.0553,2.0553,2.0553,2.0553,2.0553,2.0553,2.0553
4.9844,4.9844,4.9844,4.9844,4.9844,4.9844,4.9844,4.9844,4.9844,4.9844,4.9844,4.9844,4.9844,4.9844,0.9221,1.606,2.0524,2.0524,2.0524,2.0524,2.0524,2.0524,2.0524,2.0524,2.0524
0.6023,0.6693,0.7532,0.8596,0.9695,1.0889,1.2084,1.3291,1.4498,1.5706,1.6914,1.1837,0.5856,2.0495,2.0495,2.0495,2.0495,2.0495,2.0495,2.0495,2.0495,2.0495,2.0495,2.0495,2.0495
2.3262,2.2794,2.2208,2.1465,2.0698,1.9864,1.9029,1.8186,1.7344,1.65,1.5657,1.483,1.4014,2.0465,2.0465,2.0465,2.0465,2.0465,2.0465,2.0465,2.0465,2.0465,2.0465,2.0465,2.0465
0.5417,0.602,0.6775,0.7732,0.872,0.9794,1.0869,1.1955,1.304,1.4126,1.5213,1.6278,1.733,0.5839,1.4668,2.0436,2.0436,2.0436,2.0436,2.0436,2.0436,2.0436,2.0436,2.0436,2.0436
4.956,4.956,4.956,4.956,4.956,4.956,4.3095,3.62,2.9306,2.2412,1.5518,0.8622,2.0407,2.0407,2.0407,2.0407,2.0407,2.0407,2.0407,2.0407,2.0407,2.0407,2.0407,2.0407,2.0407
4.1586,4.0749,3.9701,3.8373,3.7002,3.5511,3.4019,3.2512,3.1006,2.9498,2.799,2.6511,2.5052,0.5822,1.1201,1.9507,2.0378,2.0378,2.0378,2.0378,2.0378,2.0378,2.0378,2.0378,2.0378
0.4338,0.4821,0.5425,0.6192,0.6983,0.7843,0.8704,0.9573,1.0442,1.1312,1.2182,1.3035,0.737,2.0349,2.0349,2.0349,2.0349,2.0349,2.0349,2.0349,2.0349,2.0349,2.0349,2.0349,2.0349
2.6739,2.6201,2.5527,2.4673,2.3792,2.2833,2.1873,2.0905,1.9936,1.8967,1.7997,1.7046,0.5806,2.032,2.032,2.032,2.032,2.032,2.032,2.032,2.032,2.032,2.032,2.032,2.032
1.3379,1.4869,1.6733,1.9097,2.1537,2.4191,2.6846,2.9527,3.2208,3.4891,3.7575,4.0206,4.2803,4.3577,0.9815,1.7093,2.0292,2.0292,2.0292,2.0292,2.0292,2.0292,2.0292,2.0292,2.0292
1.0389,1.1546,1.2994,1.4829,1.6724,1.8785,2.0846,2.2928,2.501,2.4437,1.692,0.9401,2.0263,2.0263,2.0263,2.0263,2.0263,2.0263,2.0263,2.0263,2.0263,2.0263,2.0263,2.0263,2.0263
2.5571,2.5057,2.4412,2.3596,2.2753,2.1835,2.0918,1.9992,1.9065,1.8138,1.7211,1.6302,1.5405,0.6065,2.0234,2.0234,2.0234,2.0234,2.0234,2.0234,2.0234,2.0234,2.0234,2.0234,2.0234
0.4493,0.4993,0.5619,0.6413,0.7232,0.8123,0.9015,0.9915,1.0815,1.1716,1.2617,1.3501,1.4373,0.7405,2.0206,2.0206,2.0206,2.0206,2.0206,2.0206,2.0206,2.0206,2.0206,2.0206,2.0206
4.9002,4.8359,4.7116,4.5539,4.3912,4.2143,4.0372,3.8584,3.3319,2.5481,1.7643,0.9802,2.0177,2.0177,2.0177,2.0177,2.0177,2.0177,2.0177,2.0177,2.0177,2.0177,2.0177,2.0177,2.0177
4.8933,4.8933,4.8933,4.8933,4.8933,4.8933,4.8933,4.8933,4.8933,4.8933,4.8933,4.8933,4.8933,4.8933,0.966,1.6824,2.0149,2.0149,2.0149,2.0149,2.0149,2.0149,2.0149,2.0149,2.0149
0.5111,0.568,0.6393,0.7296,0.8228,0.9242,1.0256,1.128,1.2305,1.333,1.4355,1.536,0.5749,2.0121,2.0121,2.0121,2.0121,2.0121,2.0121,2.0121,2.0121,2.0121,2.0121,2.0121,2.0121
2.3909,2.3428,2.2826,2.2062,2.1274,2.0416,1.9558,1.8692,1.7826,1.6959,1.6092,1.5242,1.1043,2.0093,2.0093,2.0093,2.0093,2.0093,2.0093,2.0093,2.0093,2.0093,2.0093,2.0093,2.0093
0.6868,0.7632,0.8589,0.9803,1.1055,1.2417,1.378,1.5156,1.6533,1.791,1.9287,2.0638,2.1971,0.5733,1.2022,2.0064,2.0064,2.0064,2.0064,2.0064,2.0064,2.0064,2.0064,2.0064,2.0064
4.866,4.866,4.866,4.866,4.866,4.866,4.3464,3.6511,2.9557,2.2604,1.5651,0.8696,2.0036,2.0036,2.0036,2.0036,2.0036,2.0036,2.0036,2.0036,2.0036,2.0036,2.0036,2.0036,2.0036
3.2689,3.2031,3.1208,3.0164,2.9086,2.7914,2.6741,2.5557,2.4373,2.3187,2.2002,2.084,1.9693,0.5717,1.3703,2.0008,2.0008,2.0008,2.0008,2.0008,2.0008,2.0008,2.0008,2.0008,2.0008
0.4293,0.477,0.5369,0.6127,0.691,0.7761,0.8613,0.9473,1.0333,1.1194,1.2055,1.2899,1.3733,1.998,1.998,1.998,1.998,1.998,1.998,1.998,1.998,1.998,1.998,1.998,1.998
3.1728,3.109,3.029,2.9277,2.8231,2.7093,2.5955,2.4805,2.3656,2.2506,2.1355,1.315,0.5701,1.9953,1.9953,1.9953,1.9953,1.9953,1.9953,1.9953,1.9953,1.9953,1.9953,1.9953,1.9953
4.0948,4.5506,4.8389,4.8389,4.8389,4.8389,4.8389,4.8389,4.8389,4.8389,4.8389,4.8389,4.8389,4.8389,0.9525,1.6589,1.9925,1.9925,1.9925,1.9925,1.9925,1.9925,1.9925,1.9925,1.9925
0.7252,0.8059,0.9069,1.0351,1.1673,1.3112,1.4551,1.6004,1.7457,1.8911,1.9543,1.0858,1.9897,1.9897,1.9897,1.9897,1.9897,1.9897,1.9897,1.9897,1.9897,1.9897,1.9897,1.9897,1.9897
2.432,2.383,2.3218,2.2441,2.1639,2.0767,1.9894,1.9013,1.8132,1.7251,1.6369,1.5504,1.4651,1.2812,1.987,1.987,1.987,1.987,1.987,1.987,1.987,1.987,1.987,1.987,1.987
0.5065,0.5629,0.6335,0.7229,0.8153,0.9158,1.0163,1.1178,1.2193,1.3208,1.4224,1.522,1.6203,0.5669,1.8233,1.9842,1.9842,1.9842,1.9842,1.9842,1.9842,1.9842,1.9842,1.9842,1.9842
4.8122,4.8122,4.8122,4.8122,4.8122,4.8122,4.5612,3.8315,3.1018,2.3721,1.6424,0.9125,1.9815,1.9815,1.9815,1.9815,1.9815,1.9815,1.9815,1.9815,1.9815,1.9815,1.9815,1.9815,1.9815
4.8055,4.8055,4.8055,4.8055,4.7915,4.5983,4.4051,4.2101,4.015,3.8198,3.6245,3.433,3.2441,0.5654,1.0651,1.8549,1.9787,1.9787,1.9787,1.9787,1.9787,1.9787,1.9787,1.9787,1.9787
0.465,0.5168,0.5816,0.6638,0.7486,0.8408,0.9331,1.0263,1.1194,1.2127,1.306,1.3974,0.5646,1.976,1.976,1.976,1.976,1.976,1.976,1.976,1.976,1.976,1.976,1.976,1.976
2.5816,2.5297,2.4647,2.3822,2.2971,2.2045,2.1119,2.0184,1.9248,1.8312,1.7376,1.6458,0.5638,1.9733,1.9733,1.9733,1.9733,1.9733,1.9733,1.9733,1.9733,1.9733,1.9733,1.9733,1.9733
0.9892,1.0993,1.2372,1.412,1.5924,1.7886,1.9849,2.1831,2.3813,2.5797,2.7781,2.9727,3.1647,0.563,1.0665,1.8573,1.9706,1.9706,1.9706,1.9706,1.9706,1.9706,1.9706,1.9706,1.9706
1.5435,1.7153,1.9304,2.2032,2.4846,2.7908,3.0971,3.4064,3.1288,2.3927,1.6567,0.9205,1.9679,1.9679,1.9679,1.9679,1.9679,1.9679,1.9679,1.9679,1.9679,1.9679,1.9679,1.9679,1.9679
2.819,2.7623,2.6913,2.6012,2.5083,2.4072,2.3061,2.2039,2.1018,1.9996,1.8974,1.7972,1.6983,0.5615,1.8588,1.9652,1.9652,1.9652,1.9652,1.9652,1.9652,1.9652,1.9652,1.9652,1.9652
0.4457,0.4953,0.5575,0.6362,0.7175,0.8059,0.8944,0.9837,1.073,1.1624,1.2518,1.3394,1.426,1.2598,1.9625,1.9625,1.9625,1.9625,1.9625,1.9625,1.9625,1.9625,1.9625,1.9625,1.9625
4.1055,4.0229,3.9194,3.7883,3.653,3.5057,3.3584,3.2097,3.061,2.8539,1.976,1.0979,0.5599,1.9598,1.9598,1.9598,1.9598,1.9598,1.9598,1.9598,1.9598,1.9598,1.9598,1.9598,1.9598
4.753,4.753,4.753,4.753,4.753,4.753,4.753,4.753,4.753,4.753,4.753,4.753,4.753,4.753,0.9705,1.6903,1.9571,1.9571,1.9571,1.9571,1.9571,1.9571,1.9571,1.9571,1.9571
0.5827,0.6476,0.7288,0.8318,0.938,1.0536,1.1692,1.286,1.4028,1.5196,1.6365,1.3517,0.5584,1.9545,1.9545,1.9545,1.9545,1.9545,1.9545,1.9545,1.9545,1.9545,1.9545,1.9545,1.9545
2.4316,2.3826,2.3214,2.2437,2.1635,2.0763,1.9891,1.901,1.8129,1.7248,1.6366,1.5501,1.4648,1.9518,1.9518,1.9518,1.9518,1.9518,1.9518,1.9518,1.9518,1.9518,1.9518,1.9518,1.9518
0.6102,0.6781,0.7632,0.871,0.9823,1.1033,1.2244,1.3467,1.4689,1.5913,1.7137,1.8337,1.9521,0.5569,1.3985,1.9492,1.9492,1.9492,1.9492,1.9492,1.9492,1.9492,1.9492,1.9492,1.9492
4.7272,4.7272,4.7272,4.7272,4.7272,4.7272,4.4737,3.758,3.0423,2.3266,1.6109,0.895,1.9465,1.9465,1.9465,1.9465,1.9465,1.9465,1.9465,1.9465,1.9465,1.9465,1.9465,1.9465,1.9465
3.8941,3.8157,3.7176,3.5932,3.4648,3.3252,3.1855,3.0444,2.9034,2.7622,2.621,2.4825,2.3459,0.5554,1.2471,1.9439,1.9439,1.9439,1.9439,1.9439,1.9439,1.9439,1.9439,1.9439,1.9439
0.4472,0.4969,0.5592,0.6383,0.7198,0.8085,0.8972,0.9868,1.0764,1.1661,1.2558,1.3437,1.187,1.9412,1.9412,1.9412,1.9412,1.9412,1.9412,1.9412,1.9412,1.9412,1.9412,1.9412,1.9412
2.9471,2.8878,2.8136,2.7194,2.6223,2.5166,2.4108,2.3041,2.1973,2.0905,1.9836,1.6122,0.5539,1.9386,1.9386,1.9386,1.9386,1.9386,1.9386,1.9386,1.9386,1.9386,1.9386,1.9386,1.9386
1.8725,2.0809,2.3419,2.6727,3.0142,3.3856,3.7572,4.1324,4.5076,4.7017,4.7017,4.7017,4.7017,0.5531,1.0044,1.7493,1.936,1.936,1.936,1.936,1.936,1.936,1.936,1.936,1.936
0.9217,1.0243,1.1528,1.3157,1.4837,1.6666,1.8495,2.0342,2.2189,2.4037,1.848,1.0268,1.9334,1.9334,1.9334,1.9334,1.9334,1.9334,1.9334,1.9334,1.9334,1.9334,1.9334,1.9334,1.9334
2.5968,2.5446,2.4792,2.3962,2.3106,2.2175,2.1243,2.0302,1.9362,1.842,1.7478,1.6555,1.5644,0.7887,1.9308,1.9308,1.9308,1.9308,1.9308,1.9308,1.9308,1.9308,1.9308,1.9308,1.9308
0.4866,0.5408,0.6086,0.6946,0.7834,0.8799,0.9765,1.074,1.1715,1.2691,1.3667,1.4624,1.5569,0.6284,1.9282,1.9282,1.9282,1.9282,1.9282,1.9282,1.9282,1.9282,1.9282,1.9282,1.9282
4.6764,4.6764,4.6764,4.6764,4.6764,4.6764,4.6764,4.1454,3.3559,2.5664,1.777,0.9873,1.9256,1.9256,1.9256,1.9256,1.9256,1.9256,1.9256,1.9256,1.9256,1.9256,1.9256,1.9256,1.9256
4.6702,4.6702,4.6702,4.6702,4.6702,4.6702,4.6702,4.6702,4.6702,4.6702,4.6702,4.6702,4.6268,0.5494,1.0384,1.8084,1.923,1.923,1.923,1.923,1.923,1.923,1.923,1.923,1.923
0.5102,0.567,0.6381,0.7283,0.8213,0.9225,1.0238,1.126,1.2282,1.3305,1.4329,1.5332,0.5487,1.9204,1.9204,1.9204,1.9204,1.9204,1.9204,1.9204,1.9204,1.9204,1.9204,1.9204,1.9204
2.5513,2.5,2.4357,2.3542,2.2701,2.1786,2.0871,1.9947,1.9022,1.8097,1.7172,1.6265,0.7639,1.9179,1.9179,1.9179,1.9179,1.9179,1.9179,1.9179,1.9179,1.9179,1.9179,1.9179,1.9179
0.8075,0.8974,1.0099,1.1526,1.2998,1.46,1.6203,1.7821,1.9439,2.1058,2.2678,2.4266,2.5833,0.5472,1.188,1.9153,1.9153,1.9153,1.9153,1.9153,1.9153,1.9153,1.9153,1.9153,1.9153
2.9595,3.2889,3.7013,4.2243,4.6452,4.6452,4.6057,3.8688,3.132,2.3952,1.6584,0.9214,1.9127,1.9127,1.9127,1.9127,1.9127,1.9127,1.9127,1.9127,1.9127,1.9127,1.9127,1.9127,1.9127
3.1934,3.1291,3.0487,2.9467,2.8414,2.7269,2.6123,2.4966,2.381,2.2652,2.1494,2.0358,1.9238,0.5458,1.582,1.9102,1.9102,1.9102,1.9102,1.9102,1.9102,1.9102,1.9102,1.9102,1.9102
0.4517,0.502,0.565,0.6448,0.7272,0.8168,0.9064,0.997,1.0875,1.1781,1.2687,1.3575,1.4452,1.9077,1.9077,1.9077,1.9077,1.9077,1.9077,1.9077,1.9077,1.9077,1.9077,1.9077,1.9077
3.609,3.5363,3.4454,3.3301,3.2112,3.0817,2.9522,2.8215,2.6908,2.5599,2.2813,1.2675,0.5443,1.9051,1.9051,1.9051,1.9051,1.9051,1.9051,1.9051,1.9051,1.9051,1.9051,1.9051,1.9051
4.6206,4.6206,4.6206,4.6206,4.6206,4.6206,4.6206,4.6206,4.6206,4.6206,4.6206,4.6206,4.6206,0.5436,0.9956,1.734,1.9026,1.9026,1.9026,1.9026,1.9026,1.9026,1.9026,1.9026,1.9026
0.6877,0.7642,0.86,0.9816,1.1069,1.2434,1.3798,1.5176,1.6554,1.7933,1.9312,1.2198,0.5429,1.9001,1.9001,1.9001,1.9001,1.9001,1.9001,1.9001,1.9001,1.9001,1.9001,1.9001,1.9001
2.5245,2.4737,2.4101,2.3295,2.2462,2.1557,2.0651,1.9737,1.8822,1.7907,1.6992,1.6094,1.5208,1.8976,1.8976,1.8976,1.8976,1.8976,1.8976,1.8976,1.8976,1.8976,1.8976,1.8976,1.8976
0.5629,0.6256,0.704,0.8035,0.9061,1.0178,1.1295,1.2423,1.355,1.4679,1.5808,1.6915,1.8008,0.5414,1.6941,1.895,1.895,1.895,1.895,1.895,1.895,1.895,1.895,1.895,1.895
4.5962,4.5962,4.5962,4.5962,4.5962,4.5962,4.5962,3.9492,3.1971,2.445,1.6929,0.9406,1.8925,1.8925,1.8925,1.8925,1.8925,1.8925,1.8925,1.8925,1.8925,1.8925,1.8925,1.8925,1.8925
4.5901,4.5901,4.5901,4.4955,4.3349,4.1602,3.9854,3.8089,3.6325,3.4558,3.2792,3.1059,2.935,0.54,1.1725,1.89,1.89,1.89,1.89,1.89,1.89,1.89,1.89,1.89,1.89
0.4758,0.5287,0.595,0.6791,0.7658,0.8602,0.9546,1.05,1.1453,1.2407,1.3361,1.4297,0.6575,1.8876,1.8876,1.8876,1.8876,1.8876,1.8876,1.8876,1.8876,1.8876,1.8876,1.8876,1.8876
2.8177,2.761,2.6901,2.6,2.5072,2.4061,2.305,2.2029,2.1009,1.9987,1.8965,1.7963,0.5386,1.8851,1.8851,1.8851,1.8851,1.8851,1.8851,1.8851,1.8851,1.8851,1.8851,1.8851,1.8851
1.2576,1.3976,1.5728,1.795,2.0243,2.2738,2.5233,2.7753,3.0273,3.2795,3.5317,3.7791,4.0231,0.5379,1.0825,1.8826,1.8826,1.8826,1.8826,1.8826,1.8826,1.8826,1.8826,1.8826,1.8826
1.2724,1.4141,1.5914,1.8162,2.0482,2.3007,2.5532,2.8081,3.0631,2.591,1.794,0.9967,1.8801,1.8801,1.8801,1.8801,1.8801,1.8801,1.8801,1.8801,1.8801,1.8801,1.8801,1.8801,1.8801
2.837,2.78,2.7085,2.6179,2.5243,2.4226,2.3208,2.218,2.1153,2.0124,1.9095,1.8086,1.7091,0.5885,1.8777,1.8777,1.8777,1.8777,1.8777,1.8777,1.8777,1.8777,1.8777,1.8777,1.8777
0.4791,0.5324,0.5992,0.6839,0.7712,0.8663,0.9613,1.0573,1.1533,1.2494,1.3455,1.4397,1.5327,0.9433,1.8752,1.8752,1.8752,1.8752,1.8752,1.8752,1.8752,1.8752,1.8752,1.8752,1.8752
4.5481,4.5481,4.5481,4.5177,4.3563,4.1808,4.0051,3.8277,3.6504,2.8451,1.9699,1.0945,0.5351,1.8728,1.8728,1.8728,1.8728,1.8728,1.8728,1.8728,1.8728,1.8728,1.8728,1.8728,1.8728
4.5422,4.5422,4.5422,4.5422,4.5422,4.5422,4.5422,4.5422,4.5422,4.5422,4.5422,4.5422,4.5422,0.5344,1.0359,1.804,1.8703,1.8703,1.8703,1.8703,1.8703,1.8703,1.8703,1.8703,1.8703
0.5747,0.6387,0.7188,0.8204,0.9252,1.0392,1.1532,1.2684,1.3835,1.4988,1.6141,1.5795,0.5337,1.8679,1.8679,1.8679,1.8679,1.8679,1.8679,1.8679,1.8679,1.8679,1.8679,1.8679,1.8679
2.5774,2.5256,2.4606,2.3783,2.2933,2.2009,2.1084,2.0151,1.9217,1.8283,1.7348,1.6431,1.5527,1.8655,1.8655,1.8655,1.8655,1.8655,1.8655,1.8655,1.8655,1.8655,1.8655,1.8655,1.8655
0.7015,0.7796,0.8774,1.0013,1.1293,1.2684,1.4076,1.5482,1.6888,1.8294,1.9702,2.1081,2.2443,0.5323,1.3623,1.863,1.863,1.863,1.863,1.863,1.863,1.863,1.863,1.863,1.863
4.5186,4.5186,4.5186,4.5186,4.5186,4.5186,4.5186,3.9566,3.203,2.4495,1.696,0.9423,1.8606,1.8606,1.8606,1.8606,1.8606,1.8606,1.8606,1.8606,1.8606,1.8606,1.8606,1.8606,1.8606
3.7378,3.6626,3.5684,3.449,3.3258,3.1917,3.0576,2.9222,2.7868,2.6513,2.5158,2.3829,2.2517,0.5309,1.4146,1.8582,1.8582,1.8582,1.8582,1.8582,1.8582,1.8582,1.8582,1.8582,1.8582
0.4676,0.5196,0.5848,0.6674,0.7527,0.8455,0.9382,1.0319,1.1256,1.2194,1.3132,1.4052,1.4959,1.8558,1.8558,1.8558,1.8558,1.8558,1.8558,1.8558,1.8558,1.8558,1.8558,1.8558,1.8558
3.305,3.2384,3.1552,3.0496,2.9407,2.8221,2.7036,2.5838,2.4641,2.3443,2.2245,1.5196,0.5295,1.8534,1.8534,1.8534,1.8534,1.8534,1.8534,1.8534,1.8534,1.8534,1.8534,1.8534,1.8534
3.0056,3.3402,3.759,4.2901,4.4953,4.4953,4.4953,4.4953,4.4953,4.4953,4.4953,4.4953,4.4953,0.5289,1.0431,1.8166,1.851,1.851,1.851,1.851,1.851,1.851,1.851,1.851,1.851
0.8488,0.9433,1.0616,1.2116,1.3664,1.5348,1.7032,1.8733,2.0434,2.2136,2.0518,1.14,0.5282,1.8486,1.8486,1.8486,1.8486,1.8486,1.8486,1.8486,1.8486,1.8486,1.8486,1.8486,1.8486
2.6775,2.6236,2.5561,2.4706,2.3823,2.2863,2.1903,2.0933,1.9963,1.8992,1.8021,1.7069,1.613,1.1067,1.8462,1.8462,1.8462,1.8462,1.8462,1.8462,1.8462,1.8462,1.8462,1.8462,1.8462
0.5355,0.5951,0.6698,0.7644,0.862,0.9683,1.0745,1.1818,1.2891,1.3965,1.5039,1.6093,1.7132,0.5608,1.8439,1.8439,1.8439,1.8439,1.8439,1.8439,1.8439,1.8439,1.8439,1.8439,1.8439
4.4722,4.4722,4.4722,4.4722,4.4722,4.4722,4.4722,4.2417,3.4339,2.6261,1.8183,1.0102,0.5261,1.8415,1.8415,1.8415,1.8415,1.8415,1.8415,1.8415,1.8415,1.8415,1.8415,1.8415,1.8415
4.4665,4.4665,4.4665,4.4665,4.4665,4.4665,4.4665,4.4665,4.4665,4.4665,4.4085,4.1756,3.9458,0.5255,1.1334,1.8391,1.8391,1.8391,1.8391,1.8391,1.8391,1.8391,1.8391,1.8391,1.8391
0.5178,0.5755,0.6476,0.7391,0.8336,0.9363,1.039,1.1428,1.2466,1.3504,1.4543,1.5561,0.5248,1.8368,1.8368,1.8368,1.8368,1.8368,1.8368,1.8368,1.8368,1.8368,1.8368,1.8368,1.8368
2.7638,2.7082,2.6386,2.5503,2.4592,2.3601,2.2609,2.1608,2.0607,1.9605,1.8602,1.762,0.6057,1.8344,1.8344,1.8344,1.8344,1.8344,1.8344,1.8344,1.8344,1.8344,1.8344,1.8344,1.8344
0.9785,1.0875,1.2238,1.3967,1.5752,1.7693,1.9635,2.1595,2.3556,2.5518,2.7481,2.9406,3.1305,0.5235,1.195,1.8321,1.8321,1.8321,1.8321,1.8321,1.8321,1.8321,1.8321,1.8321,1.8321
2.0416,2.2689,2.5534,2.9142,3.2865,3.6915,4.0966,4.1612,3.3687,2.5762,1.7838,0.9911,1.8297,1.8297,1.8297,1.8297,1.8297,1.8297,1.8297,1.8297,1.8297,1.8297,1.8297,1.8297,1.8297
3.1803,3.1163,3.0361,2.9346,2.8297,2.7157,2.6016,2.4864,2.3712,2.2559,2.1405,2.0274,1.9159,0.5221,1.8274,1.8274,1.8274,1.8274,1.8274,1.8274,1.8274,1.8274,1.8274,1.8274,1.8274
0.4826,0.5363,0.6035,0.6888,0.7768,0.8725,0.9683,1.065,1.1616,1.2584,1.3552,1.4501,1.5438,1.8251,1.8251,1.8251,1.8251,1.8251,1.8251,1.8251,1.8251,1.8251,1.8251,1.8251,1.8251
4.1982,4.1137,4.0079,3.8738,3.7354,3.5849,3.4342,3.2822,3.1301,2.9779,2.246,1.2479,0.5208,1.8228,1.8228,1.8228,1.8228,1.8228,1.8228,1.8228,1.8228,1.8228,1.8228,1.8228,1.8228
4.4211,4.4211,4.4211,4.4211,4.4211,4.4211,4.4211,4.4211,4.4211,4.4211,4.4211,4.4211,4.4211,0.5201,1.0564,1.8204,1.8204,1.8204,1.8204,1.8204,1.8204,1.8204,1.8204,1.8204,1.8204
0.668,0.7423,0.8354,0.9534,1.0752,1.2077,1.3403,1.4741,1.608,1.7419,1.8759,1.3984,0.5195,1.8181,1.8181,1.8181,1.8181,1.8181,1.8181,1.8181,1.8181,1.8181,1.8181,1.8181,1.8181
2.6607,2.6071,2.5401,2.4551,2.3674,2.272,2.1765,2.0801,1.9838,1.8873,1.7908,1.6962,1.6029,1.8158,1.8158,1.8158,1.8158,1.8158,1.8158,1.8158,1.8158,1.8158,1.8158,1.8158,1.8158
0.6375,0.7084,0.7973,0.9099,1.0262,1.1526,1.2791,1.4069,1.5346,1.6624,1.7903,1.9157,2.0394,0.5182,1.619,1.8135,1.8135,1.8135,1.8135,1.8135,1.8135,1.8135,1.8135,1.8135,1.8135
4.3987,4.3987,4.3987,4.3987,4.3987,4.3987,4.3987,4.134,3.3467,2.5594,1.7721,0.9846,1.8112,1.8112,1.8112,1.8112,1.8112,1.8112,1.8112,1.8112,1.8112,1.8112,1.8112,1.8112,1.8112
4.3932,4.3932,4.3546,4.2089,4.0585,3.8949,3.7313,3.566,3.4008,3.2354,3.07,2.9079,2.7478,0.5168,1.3139,1.809,1.809,1.809,1.809,1.809,1.809,1.809,1.809,1.809,1.809
0.4946,0.5496,0.6185,0.7059,0.7961,0.8942,0.9924,1.0915,1.1906,1.2897,1.3889,1.4862,0.9758,1.8067,1.8067,1.8067,1.8067,1.8067,1.8067,1.8067,1.8067,1.8067,1.8067,1.8067,1.8067
3.1284,3.0654,2.9866,2.8867,2.7836,2.6714,2.5591,2.4458,2.3325,2.2191,2.1056,1.9162,0.5155,1.8044,1.8044,1.8044,1.8044,1.8044,1.8044,1.8044,1.8044,1.8044,1.8044,1.8044,1.8044
1.6999,1.8892,2.1261,2.4264,2.7364,3.0736,3.411,3.7516,4.0922,4.3766,4.3766,4.3766,4.3766,0.5149,1.1171,1.8021,1.8021,1.8021,1.8021,1.8021,1.8021,1.8021,1.8021,1.8021,1.8021
1.1167,1.241,1.3966,1.5939,1.7975,2.0191,2.2407,2.4644,2.6882,2.8526,1.9751,1.0974,0.5142,1.7999,1.7999,1.7999,1.7999,1.7999,1.7999,1.7999,1.7999,1.7999,1.7999,1.7999,1.7999
2.905,2.8465,2.7734,2.6806,2.5848,2.4806,2.3764,2.2712,2.1659,2.0606,1.9553,1.852,1.75,0.7533,1.7976,1.7976,1.7976,1.7976,1.7976,1.7976,1.7976,1.7976,1.7976,1.7976,1.7976
0.5234,0.5817,0.6546,0.7471,0.8425,0.9464,1.0502,1.1551,1.26,1.365,1.4699,1.5729,1.6745,0.7818,1.7954,1.7954,1.7954,1.7954,1.7954,1.7954,1.7954,1.7954,1.7954,1.7954,1.7954
4.3547,4.3547,4.3547,4.3547,4.3547,4.3547,4.3547,4.3547,3.7773,2.8887,2.0001,1.1113,0.5123,1.7931,1.7931,1.7931,1.7931,1.7931,1.7931,1.7931,1.7931,1.7931,1.7931,1.7931,1.7931
4.3493,4.3493,4.3493,4.3493,4.3493,4.3493,4.3493,4.3493,4.3493,4.3493,4.3493,4.3493,4.3493,0.5117,1.1235,1.7909,1.7909,1.7909,1.7909,1.7909,1.7909,1.7909,1.7909,1.7909,1.7909
0.5781,0.6424,0.723,0.8251,0.9306,1.0452,1.1599,1.2758,1.3916,1.5075,1.6235,1.7372,0.511,1.7886,1.7886,1.7886,1.7886,1.7886,1.7886,1.7886,1.7886,1.7886,1.7886,1.7886,1.7886
2.7762,2.7204,2.6504,2.5617,2.4702,2.3707,2.2711,2.1705,2.0699,1.9693,1.8686,1.7699,1.064,1.7864,1.7864,1.7864,1.7864,1.7864,1.7864,1.7864,1.7864,1.7864,1.7864,1.7864,1.7864
0.8268,0.9189,1.0341,1.1802,1.331,1.495,1.6591,1.8247,1.9904,2.1562,2.3221,2.4847,2.6452,0.5098,1.3558,1.7842,1.7842,1.7842,1.7842,1.7842,1.7842,1.7842,1.7842,1.7842,1.7842
4.3277,4.3277,4.3277,4.3277,4.3277,4.3277,4.3277,4.2332,3.427,2.6208,1.8146,1.0082,0.5091,1.782,1.782,1.782,1.782,1.782,1.782,1.782,1.782,1.782,1.782,1.782,1.782
3.6742,3.6002,3.5077,3.3903,3.2692,3.1374,3.0056,2.8725,2.7394,2.6062,2.473,2.3423,2.2134,0.5085,1.641,1.7798,1.7798,1.7798,1.7798,1.7798,1.7798,1.7798,1.7798,1.7798,1.7798
0.497,0.5523,0.6216,0.7094,0.8,0.8986,0.9972,1.0968,1.1964,1.2961,1.3958,1.4935,1.59,1.7776,1.7776,1.7776,1.7776,1.7776,1.7776,1.7776,1.7776,1.7776,1.7776,1.7776,1.7776
3.7837,3.7076,3.6122,3.4914,3.3666,3.2309,3.0952,2.9581,2.8211,2.6839,2.5467,1.4719,0.5072,1.7754,1.7754,1.7754,1.7754,1.7754,1.7754,1.7754,1.7754,1.7754,1.7754,1.7754,1.7754
4.3062,4.3062,4.3062,4.3062,4.3062,4.3062,4.3062,4.3062,4.3062,4.3062,4.3062,4.3062,4.3062,0.5066,1.1013,1.7732,1.7732,1.7732,1.7732,1.7732,1.7732,1.7732,1.7732,1.7732,1.7732
0.8073,0.8972,1.0097,1.1523,1.2995,1.4597,1.6199,1.7816,1.9434,2.1053,2.2672,1.2906,0.506,1.771,1.771,1.771,1.771,1.771,1.771,1.771,1.771,1.771,1.771,1.771,1.771
2.8078,2.7513,2.6806,2.5909,2.4983,2.3976,2.2969,2.1952,2.0935,1.9917,1.8899,1.79,1.6915,1.7688,1.7688,1.7688,1.7688,1.7688,1.7688,1.7688,1.7688,1.7688,1.7688,1.7688,1.7688
0.6004,0.6672,0.7509,0.857,0.9664,1.0855,1.2047,1.325,1.4453,1.5657,1.6861,1.8042,1.9207,0.521,1.7666,1.7666,1.7666,1.7666,1.7666,1.7666,1.7666,1.7666,1.7666,1.7666,1.7666
4.285,4.285,4.285,4.285,4.285,4.285,4.285,4.285,3.5758,2.7346,1.8934,1.052,0.5041,1.7644,1.7644,1.7644,1.7644,1.7644,1.7644,1.7644,1.7644,1.7644,1.7644,1.7644,1.7644
4.2798,4.2798,4.2798,4.2798,4.2798,4.2798,4.2798,4.2798,4.2798,4.1811,3.9673,3.7578,3.5509,0.5035,1.2597,1.7623,1.7623,1.7623,1.7623,1.7623,1.7623,1.7623,1.7623,1.7623,1.7623
0.5352,0.5948,0.6694,0.764,0.8616,0.9677,1.074,1.1812,1.2884,1.3958,1.5031,1.6084,0.6205,1.7601,1.7601,1.7601,1.7601,1.7601,1.7601,1.7601,1.7601,1.7601,1.7601,1.7601,1.7601
3.0475,2.9862,2.9094,2.8121,2.7116,2.6023,2.493,2.3826,2.2722,2.1617,2.0512,1.9428,0.5204,1.7579,1.7579,1.7579,1.7579,1.7579,1.7579,1.7579,1.7579,1.7579,1.7579,1.7579,1.7579
1.2337,1.371,1.5429,1.7609,1.9859,2.2306,2.4754,2.7226,2.9698,3.2172,3.4646,3.7073,3.9467,0.5017,1.2253,1.7558,1.7558,1.7558,1.7558,1.7558,1.7558,1.7558,1.7558,1.7558,1.7558
1.6275,1.8086,2.0354,2.323,2.6198,2.9426,3.2656,3.5916,3.6873,2.8199,1.9525,1.0848,0.501,1.7536,1.7536,1.7536,1.7536,1.7536,1.7536,1.7536,1.7536,1.7536,1.7536,1.7536,1.7536
3.2322,3.1672,3.0858,2.9825,2.876,2.76,2.6441,2.527,2.4099,2.2927,2.1755,2.0606,1.9472,0.5924,1.7515,1.7515,1.7515,1.7515,1.7515,1.7515,1.7515,1.7515,1.7515,1.7515,1.7515
0.5245,0.5829,0.656,0.7487,0.8443,0.9484,1.0525,1.1576,1.2627,1.3679,1.4731,1.5762,1.678,1.2733,1.7494,1.7494,1.7494,1.7494,1.7494,1.7494,1.7494,1.7494,1.7494,1.7494,1.7494
4.2433,4.2433,4.2433,4.2433,4.2433,4.2433,4.1078,3.9259,3.744,3.2644,2.2602,1.2558,0.4992,1.7472,1.7472,1.7472,1.7472,1.7472,1.7472,1.7472,1.7472,1.7472,1.7472,1.7472,1.7472
4.2381,4.2381,4.2381,4.2381,4.2381,4.2381,4.2381,4.2381,4.2381,4.2381,4.2381,4.2381,4.2381,0.4986,1.1406,1.7451,1.7451,1.7451,1.7451,1.7451,1.7451,1.7451,1.7451,1.7451,1.7451
0.6646,0.7386,0.8312,0.9486,1.0698,1.2017,1.3335,1.4667,1.5999,1.7332,1.8665,1.6436,0.498,1.743,1.743,1.743,1.743,1.743,1.743,1.743,1.743,1.743,1.743,1.743,1.743
2.8541,2.7967,2.7248,2.6336,2.5395,2.4371,2.3348,2.2314,2.128,2.0245,1.921,1.8195,1.7194,1.7409,1.7409,1.7409,1.7409,1.7409,1.7409,1.7409,1.7409,1.7409,1.7409,1.7409,1.7409
0.7387,0.8209,0.9238,1.0544,1.1891,1.3356,1.4822,1.6302,1.7782,1.9263,2.0745,2.2198,2.3632,0.4968,1.5893,1.7388,1.7388,1.7388,1.7388,1.7388,1.7388,1.7388,1.7388,1.7388,1.7388
4.2176,4.2176,4.2176,4.2176,4.2176,4.2176,4.2176,4.2176,3.5667,2.7277,1.8886,1.0493,0.4962,1.7366,1.7366,1.7366,1.7366,1.7366,1.7366,1.7366,1.7366,1.7366,1.7366,1.7366,1.7366
4.2125,4.2125,4.2057,4.065,3.9197,3.7617,3.6037,3.4441,3.2845,3.1248,2.9651,2.8084,2.6539,0.4956,1.5045,1.7345,1.7345,1.7345,1.7345,1.7345,1.7345,1.7345,1.7345,1.7345,1.7345
0.5236,0.5819,0.6549,0.7474,0.8429,0.9467,1.0507,1.1556,1.2605,1.3655,1.4705,1.5735,1.6751,1.7324,1.7324,1.7324,1.7324,1.7324,1.7324,1.7324,1.7324,1.7324,1.7324,1.7324,1.7324
3.5455,3.4741,3.3848,3.2716,3.1547,3.0275,2.9003,2.7719,2.6435,2.5149,2.3863,1.813,0.4944,1.7304,1.7304,1.7304,1.7304,1.7304,1.7304,1.7304,1.7304,1.7304,1.7304,1.7304,1.7304
2.5354,2.8176,3.1709,3.619,4.0813,4.1972,4.1972,4.1972,4.1972,4.1972,4.1972,4.1972,4.1972,0.4938,1.1747,1.7283,1.7283,1.7283,1.7283,1.7283,1.7283,1.7283,1.7283,1.7283,1.7283
1.0281,1.1426,1.2858,1.4675,1.655,1.8589,2.063,2.269,2.475,2.6812,2.2183,1.2325,0.4932,1.7262,1.7262,1.7262,1.7262,1.7262,1.7262,1.7262,1.7262,1.7262,1.7262,1.7262,1.7262
3.0331,2.9721,2.8957,2.7988,2.6988,2.59,2.4812,2.3713,2.2615,2.1515,2.0415,1.9336,1.8272,1.0268,1.7241,1.7241,1.7241,1.7241,1.7241,1.7241,1.7241,1.7241,1.7241,1.7241,1.7241
0.5831,0.648,0.7292,0.8323,0.9386,1.0543,1.17,1.2868,1.4036,1.5206,1.6375,1.7522,1.8654,0.6928,1.722,1.722,1.722,1.722,1.722,1.722,1.722,1.722,1.722,1.722,1.722
4.1771,4.1771,4.1771,4.1771,4.1771,4.1771,4.1771,4.1771,3.914,2.9932,2.0725,1.1515,0.4914,1.72,1.72,1.72,1.72,1.72,1.72,1.72,1.72,1.72,1.72,1.72,1.72
4.1721,4.1721,4.1721,4.1721,4.1721,4.1721,4.1721,4.1721,4.1721,4.1721,4.1721,4.1721,4.1721,0.4908,1.2422,1.7179,1.7179,1.7179,1.7179,1.7179,1.7179,1.7179,1.7179,1.7179,1.7179
0.5941,0.6602,0.743,0.8479,0.9563,1.0741,1.192,1.311,1.4301,1.5492,1.6684,1.7852,0.4902,1.7159,1.7159,1.7159,1.7159,1.7159,1.7159,1.7159,1.7159,1.7159,1.7159,1.7159,1.7159
3.0483,2.9869,2.9102,2.8128,2.7123,2.603,2.4936,2.3832,2.2728,2.1622,2.0517,1.9433,0.8022,1.7138,1.7138,1.7138,1.7138,1.7138,1.7138,1.7138,1.7138,1.7138,1.7138,1.7138,1.7138
1.0057,1.1176,1.2578,1.4355,1.6189,1.8184,2.018,2.2195,2.421,2.6227,2.8244,3.0222,3.2174,0.4891,1.3805,1.7118,1.7118,1.7118,1.7118,1.7118,1.7118,1.7118,1.7118,1.7118,1.7118
2.9154,3.24,3.6462,4.1522,4.1522,4.1522,4.1522,4.1522,3.7379,2.8585,1.9792,1.0997,0.4885,1.7097,1.7097,1.7097,1.7097,1.7097,1.7097,1.7097,1.7097,1.7097,1.7097,1.7097,1.7097
3.7021,3.6276,3.5343,3.416,3.294,3.1612,3.0284,2.8943,2.7602,2.626,2.4917,2.3601,2.2302,0.506,1.7077,1.7077,1.7077,1.7077,1.7077,1.7077,1.7077,1.7077,1.7077,1.7077,1.7077
0.5386,0.5985,0.6736,0.7688,0.867,0.9738,1.0807,1.1886,1.2965,1.4045,1.5125,1.6185,1.723,1.7057,1.7057,1.7057,1.7057,1.7057,1.7057,1.7057,1.7057,1.7057,1.7057,1.7057,1.7057
4.1374,4.1374,4.1374,4.1008,3.9543,3.7949,3.6354,3.4745,3.3135,3.1524,2.6368,1.465,0.4867,1.7036,1.7036,1.7036,1.7036,1.7036,1.7036,1.7036,1.7036,1.7036,1.7036,1.7036,1.7036
4.1325,4.1325,4.1325,4.1325,4.1325,4.1325,4.1325,4.1325,4.1325,4.1325,4.1325,4.1325,4.1325,0.4862,1.1859,1.7016,1.7016,1.7016,1.7016,1.7016,1.7016,1.7016,1.7016,1.7016,1.7016
0.7918,0.88,0.9903,1.1302,1.2746,1.4317,1.5888,1.7475,1.9062,2.065,2.2238,1.4966,0.4856,1.6996,1.6996,1.6996,1.6996,1.6996,1.6996,1.6996,1.6996,1.6996,1.6996,1.6996,1.6996
3.0042,2.9437,2.868,2.772,2.673,2.5653,2.4575,2.3487,2.2399,2.1309,2.022,1.9152,1.8098,1.6976,1.6976,1.6976,1.6976,1.6976,1.6976,1.6976,1.6976,1.6976,1.6976,1.6976,1.6976
0.6887,0.7654,0.8614,0.9831,1.1087,1.2453,1.3819,1.5199,1.6579,1.7961,1.9342,2.0697,2.2033,0.5018,1.6956,1.6956,1.6956,1.6956,1.6956,1.6956,1.6956,1.6956,1.6956,1.6956,1.6956
4.1129,4.1129,4.1129,4.1129,4.1129,4.1129,4.1129,4.1129,3.8009,2.9068,2.0126,1.1182,0.4839,1.6936,1.6936,1.6936,1.6936,1.6936,1.6936,1.6936,1.6936,1.6936,1.6936,1.6936,1.6936
4.1081,4.1081,4.1081,4.1081,4.1081,4.1081,4.1081,4.1081,4.1081,3.9331,3.7321,3.5349,3.3404,0.4833,1.4315,1.6916,1.6916,1.6916,1.6916,1.6916,1.6916,1.6916,1.6916,1.6916,1.6916
0.5651,0.628,0.7067,0.8066,0.9096,1.0217,1.1338,1.247,1.3603,1.4736,1.5869,1.6981,0.8833,1.6896,1.6896,1.6896,1.6896,1.6896,1.6896,1.6896,1.6896,1.6896,1.6896,1.6896,1.6896
3.4342,3.3651,3.2786,3.1689,3.0557,2.9325,2.8093,2.6849,2.5605,2.436,2.3115,2.1894,0.4822,1.6876,1.6876,1.6876,1.6876,1.6876,1.6876,1.6876,1.6876,1.6876,1.6876,1.6876,1.6876
1.6431,1.826,2.055,2.3454,2.645,2.9709,3.297,3.6262,3.9555,4.0936,4.0936,4.0936,4.0936,0.4816,1.2843,1.6856,1.6856,1.6856,1.6856,1.6856,1.6856,1.6856,1.6856,1.6856,1.6856
1.4142,1.5717,1.7687,2.0186,2.2765,2.5571,2.8377,3.1211,3.4045,3.1536,2.1835,1.2132,0.481,1.6836,1.6836,1.6836,1.6836,1.6836,1.6836,1.6836,1.6836,1.6836,1.6836,1.6836,1.6836
3.3617,3.294,3.2093,3.1019,2.9911,2.8706,2.75,2.6282,2.5064,2.3845,2.2626,2.1431,2.0252,0.7565,1.6816,1.6816,1.6816,1.6816,1.6816,1.6816,1.6816,1.6816,1.6816,1.6816,1.6816
0.5825,0.6473,0.7285,0.8314,0.9376,1.0532,1.1688,1.2855,1.4022,1.519,1.6359,1.7504,1.8635,1.0245,1.6797,1.6797,1.6797,1.6797,1.6797,1.6797,1.6797,1.6797,1.6797,1.6797,1.6797
4.0744,4.0744,4.0744,4.0744,4.0744,4.0744,4.0744,4.0744,4.0744,3.3661,2.3307,1.2949,0.4793,1.6777,1.6777,1.6777,1.6777,1.6777,1.6777,1.6777,1.6777,1.6777,1.6777,1.6777,1.6777
4.0697,4.0697,4.0697,4.0697,4.0697,4.0697,4.0697,4.0697,4.0697,4.0697,4.0697,4.0697,4.0697,0.4788,1.2583,1.6757,1.6757,1.6757,1.6757,1.6757,1.6757,1.6757,1.6757,1.6757,1.6757
0.6787,0.7543,0.8489,0.9688,1.0925,1.2272,1.3619,1.4979,1.6339,1.77,1.9061,1.9941,0.4782,1.6738,1.6738,1.6738,1.6738,1.6738,1.6738,1.6738,1.6738,1.6738,1.6738,1.6738,1.6738
3.1285,3.0655,2.9867,2.8868,2.7837,2.6715,2.5592,2.4459,2.3326,2.2191,2.1057,1.9944,1.6528,1.6718,1.6718,1.6718,1.6718,1.6718,1.6718,1.6718,1.6718,1.6718,1.6718,1.6718,1.6718
0.8811,0.9792,1.102,1.2576,1.4183,1.5931,1.7679,1.9445,2.121,2.2977,2.4744,2.6477,2.8187,0.4771,1.6051,1.6699,1.6699,1.6699,1.6699,1.6699,1.6699,1.6699,1.6699,1.6699,1.6699
4.0507,4.0507,4.0507,4.0507,4.0507,4.0507,4.0507,4.0507,3.8854,2.9713,2.0573,1.1431,0.4766,1.6679,1.6679,1.6679,1.6679,1.6679,1.6679,1.6679,1.6679,1.6679,1.6679,1.6679,1.6679
4.046,4.046,4.046,4.046,3.9065,3.7491,3.5915,3.4325,3.2735,3.1143,2.9551,2.799,2.6449,0.476,1.666,1.666,1.666,1.666,1.666,1.666,1.666,1.666,1.666,1.666,1.666
0.5669,0.63,0.709,0.8091,0.9125,1.025,1.1375,1.251,1.3646,1.4783,1.592,1.7035,1.8135,1.6641,1.6641,1.6641,1.6641,1.6641,1.6641,1.6641,1.6641,1.6641,1.6641,1.6641,1.6641
4.0366,4.0366,3.9367,3.805,3.669,3.5212,3.3732,3.2239,3.0745,2.925,2.7754,1.7779,0.4749,1.6621,1.6621,1.6621,1.6621,1.6621,1.6621,1.6621,1.6621,1.6621,1.6621,1.6621,1.6621
4.032,4.032,4.032,4.032,4.032,4.032,4.032,4.032,4.032,4.032,4.032,4.032,4.032,0.4743,1.2638,1.6602,1.6602,1.6602,1.6602,1.6602,1.6602,1.6602,1.6602,1.6602,1.6602
0.9877,1.0976,1.2353,1.4098,1.5899,1.7858,1.9818,2.1797,2.3776,2.5757,2.5547,1.4194,0.4738,1.6583,1.6583,1.6583,1.6583,1.6583,1.6583,1.6583,1.6583,1.6583,1.6583,1.6583,1.6583
3.2422,3.1769,3.0952,2.9917,2.8848,2.7685,2.6522,2.5348,2.4173,2.2998,2.1822,2.0669,1.9532,1.5469,1.6564,1.6564,1.6564,1.6564,1.6564,1.6564,1.6564,1.6564,1.6564,1.6564,1.6564
0.6657,0.7398,0.8326,0.9502,1.0716,1.2037,1.3358,1.4692,1.6026,1.7361,1.8696,2.0006,2.1298,0.6475,1.6545,1.6545,1.6545,1.6545,1.6545,1.6545,1.6545,1.6545,1.6545,1.6545,1.6545
4.0134,4.0134,4.0134,4.0134,4.0134,4.0134,4.0134,4.0134,4.0134,3.1779,2.2003,1.2225,0.4722,1.6526,1.6526,1.6526,1.6526,1.6526,1.6526,1.6526,1.6526,1.6526,1.6526,1.6526,1.6526
4.0088,4.0088,4.0088,4.0088,4.0088,4.0088,4.0088,4.0088,4.0088,4.0088,4.0088,4.0088,4.0088,0.4716,1.4074,1.6507,1.6507,1.6507,1.6507,1.6507,1.6507,1.6507,1.6507,1.6507,1.6507
0.6261,0.6958,0.7831,0.8937,1.0079,1.1321,1.2564,1.3818,1.5073,1.6328,1.7584,1.8816,0.6219,1.6488,1.6488,1.6488,1.6488,1.6488,1.6488,1.6488,1.6488,1.6488,1.6488,1.6488,1.6488
3.4292,3.3602,3.2738,3.1642,3.0512,2.9282,2.8052,2.681,2.5567,2.4324,2.3081,2.1861,0.6794,1.6469,1.6469,1.6469,1.6469,1.6469,1.6469,1.6469,1.6469,1.6469,1.6469,1.6469,1.6469
1.2753,1.4173,1.595,1.8204,2.0529,2.3059,2.559,2.8146,3.0701,3.3259,3.5817,3.8325,3.995,0.47,1.4435,1.645,1.645,1.645,1.645,1.645,1.645,1.645,1.645,1.645,1.645
2.2198,2.4669,2.7763,3.1685,3.5733,3.9904,3.9904,3.9904,3.9904,3.1946,2.2119,1.2289,0.4695,1.6431,1.6431,1.6431,1.6431,1.6431,1.6431,1.6431,1.6431,1.6431,1.6431,1.6431,1.6431
3.8368,3.7596,3.6629,3.5403,3.4138,3.2763,3.1386,2.9996,2.8606,2.7215,2.5824,2.446,2.3114,0.626,1.6412,1.6412,1.6412,1.6412,1.6412,1.6412,1.6412,1.6412,1.6412,1.6412,1.6412
0.5981,0.6647,0.7481,0.8538,0.9628,1.0815,1.2002,1.32,1.4399,1.5598,1.6798,1.7975,1.9135,1.6393,1.6393,1.6393,1.6393,1.6393,1.6393,1.6393,1.6393,1.6393,1.6393,1.6393,1.6393
3.9767,3.9767,3.9767,3.9767,3.9767,3.9767,3.9767,3.9767,3.9767,3.8275,2.7051,1.503,0.4678,1.6375,1.6375,1.6375,1.6375,1.6375,1.6375,1.6375,1.6375,1.6375,1.6375,1.6375,1.6375
3.9722,3.9722,3.9722,3.9722,3.9722,3.9722,3.9722,3.9722,3.9722,3.9722,3.9722,3.9722,3.9722,0.4673,1.3091,1.6356,1.6356,1.6356,1.6356,1.6356,1.6356,1.6356,1.6356,1.6356,1.6356
0.8027,0.8921,1.0039,1.1458,1.2921,1.4514,1.6107,1.7715,1.9324,2.0933,2.2543,1.7903,0.4668,1.6337,1.6337,1.6337,1.6337,1.6337,1.6337,1.6337,1.6337,1.6337,1.6337,1.6337,1.6337
3.2966,3.2303,3.1472,3.0419,2.9332,2.815,2.6967,2.5773,2.4579,2.3384,2.2188,2.1016,1.986,1.6319,1.6319,1.6319,1.6319,1.6319,1.6319,1.6319,1.6319,1.6319,1.6319,1.6319,1.6319
0.8139,0.9045,1.0179,1.1617,1.3101,1.4715,1.633,1.7961,1.9592,2.1224,2.2857,2.4457,2.6037,0.5014,1.63,1.63,1.63,1.63,1.63,1.63,1.63,1.63,1.63,1.63,1.63
3.9541,3.9541,3.9541,3.9541,3.9541,3.9541,3.9541,3.9541,3.9541,3.1708,2.1954,1.2198,0.4652,1.6282,1.6282,1.6282,1.6282,1.6282,1.6282,1.6282,1.6282,1.6282,1.6282,1.6282,1.6282
3.9496,3.9496,3.9496,3.9496,3.9496,3.9496,3.9496,3.9496,3.9496,3.86,3.6627,3.4692,3.2782,0.4647,1.6263,1.6263,1.6263,1.6263,1.6263,1.6263,1.6263,1.6263,1.6263,1.6263,1.6263
0.6126,0.6808,0.7662,0.8745,0.9862,1.1077,1.2293,1.352,1.4748,1.5977,1.7206,1.841,1.4377,1.6245,1.6245,1.6245,1.6245,1.6245,1.6245,1.6245,1.6245,1.6245,1.6245,1.6245,1.6245
3.9407,3.9009,3.8007,3.6735,3.5422,3.3995,3.2566,3.1124,2.9682,2.8239,2.6795,2.2725,0.4636,1.6226,1.6226,1.6226,1.6226,1.6226,1.6226,1.6226,1.6226,1.6226,1.6226,1.6226,1.6226
2.3768,2.6414,2.9726,3.3926,3.826,3.9362,3.9362,3.9362,3.9362,3.9362,3.9362,3.9362,3.9362,0.4631,1.3836,1.6208,1.6208,1.6208,1.6208,1.6208,1.6208,1.6208,1.6208,1.6208,1.6208
1.3126,1.4588,1.6417,1.8736,2.113,2.3734,2.6339,2.8969,3.1599,3.4231,2.5114,1.3953,0.4626,1.619,1.619,1.619,1.619,1.619,1.619,1.619,1.619,1.619,1.619,1.619,1.619
3.5973,3.5249,3.4343,3.3194,3.2008,3.0718,2.9427,2.8124,2.6821,2.5517,2.4212,2.2933,2.1671,1.0262,1.6171,1.6171,1.6171,1.6171,1.6171,1.6171,1.6171,1.6171,1.6171,1.6171,1.6171
0.6652,0.7393,0.832,0.9495,1.0708,1.2028,1.3348,1.4681,1.6014,1.7348,1.8682,1.9991,2.1282,0.9065,1.6153,1.6153,1.6153,1.6153,1.6153,1.6153,1.6153,1.6153,1.6153,1.6153,1.6153
3.9185,3.9185,3.9185,3.9185,3.9185,3.9185,3.9185,3.9185,3.9185,3.5758,2.4759,1.3756,0.461,1.6135,1.6135,1.6135,1.6135,1.6135,1.6135,1.6135,1.6135,1.6135,1.6135,1.6135,1.6135
3.9141,3.9141,3.9141,3.9141,3.9141,3.9141,3.9141,3.9141,3.9141,3.9141,3.9141,3.9141,3.9141,0.4605,1.4277,1.6117,1.6117,1.6117,1.6117,1.6117,1.6117,1.6117,1.6117,1.6117,1.6117
0.7152,0.7948,0.8945,1.0208,1.1512,1.2931,1.435,1.5783,1.7216,1.8651,2.0085,2.1492,0.5049,1.6099,1.6099,1.6099,1.6099,1.6099,1.6099,1.6099,1.6099,1.6099,1.6099,1.6099,1.6099
3.5282,3.4572,3.3683,3.2556,3.1393,3.0127,2.8862,2.7584,2.6306,2.5026,2.3747,2.2492,1.1535,1.6081,1.6081,1.6081,1.6081,1.6081,1.6081,1.6081,1.6081,1.6081,1.6081,1.6081,1.6081
1.0924,1.2139,1.3662,1.5592,1.7584,1.9751,2.1918,2.4107,2.6296,2.8486,3.0678,3.2826,3.4946,0.4589,1.6063,1.6063,1.6063,1.6063,1.6063,1.6063,1.6063,1.6063,1.6063,1.6063,1.6063
3.8966,3.8966,3.8966,3.8966,3.8966,3.8966,3.8966,3.8966,3.8966,3.3315,2.3067,1.2816,0.4584,1.6045,1.6045,1.6045,1.6045,1.6045,1.6045,1.6045,1.6045,1.6045,1.6045,1.6045,1.6045
3.8922,3.8922,3.8922,3.8922,3.8922,3.8727,3.71,3.5457,3.3814,3.217,3.0525,2.8913,2.7321,0.5581,1.6027,1.6027,1.6027,1.6027,1.6027,1.6027,1.6027,1.6027,1.6027,1.6027,1.6027
0.632,0.7024,0.7904,0.9021,1.0174,1.1427,1.2682,1.3948,1.5214,1.6482,1.7749,1.8993,2.0219,1.6009,1.6009,1.6009,1.6009,1.6009,1.6009,1.6009,1.6009,1.6009,1.6009,1.6009,1.6009
3.8835,3.8835,3.8835,3.8835,3.8835,3.8835,3.8835,3.8817,3.7018,3.5218,3.2634,1.8131,0.4569,1.5991,1.5991,1.5991,1.5991,1.5991,1.5991,1.5991,1.5991,1.5991,1.5991,1.5991,1.5991
3.8792,3.8792,3.8792,3.8792,3.8792,3.8792,3.8792,3.8792,3.8792,3.8792,3.8792,3.8792,3.8792,0.4564,1.4012,1.5973,1.5973,1.5973,1.5973,1.5973,1.5973,1.5973,1.5973,1.5973,1.5973
0.9915,1.1019,1.2401,1.4153,1.5961,1.7928,1.9895,2.1882,2.3869,2.5857,2.7846,1.6907,0.4559,1.5955,1.5955,1.5955,1.5955,1.5955,1.5955,1.5955,1.5955,1.5955,1.5955,1.5955,1.5955
3.5743,3.5024,3.4123,3.2981,3.1803,3.0521,2.9239,2.7944,2.6649,2.5353,2.4057,2.2786,2.1532,1.5938,1.5938,1.5938,1.5938,1.5938,1.5938,1.5938,1.5938,1.5938,1.5938,1.5938,1.5938
0.7858,0.8732,0.9827,1.1216,1.2649,1.4207,1.5767,1.7341,1.8916,2.0491,2.2068,2.3613,2.5138,0.637,1.592,1.592,1.592,1.592,1.592,1.592,1.592,1.592,1.592,1.592,1.592
3.862,3.862,3.862,3.862,3.862,3.862,3.862,3.862,3.862,3.483,2.4116,1.3399,0.4544,1.5902,1.5902,1.5902,1.5902,1.5902,1.5902,1.5902,1.5902,1.5902,1.5902,1.5902,1.5902
3.8577,3.8577,3.8577,3.8577,3.8577,3.8577,3.8577,3.8577,3.8577,3.8577,3.8577,3.8577,3.8577,0.4539,1.5885,1.5885,1.5885,1.5885,1.5885,1.5885,1.5885,1.5885,1.5885,1.5885,1.5885
0.6821,0.758,0.853,0.9735,1.0979,1.2332,1.3686,1.5052,1.6419,1.7787,1.9155,2.0496,0.8788,1.5867,1.5867,1.5867,1.5867,1.5867,1.5867,1.5867,1.5867,1.5867,1.5867,1.5867,1.5867
3.8492,3.8492,3.8068,3.6794,3.5479,3.4049,3.2619,3.1174,2.973,2.8284,2.6838,2.5421,0.6257,1.585,1.585,1.585,1.585,1.585,1.585,1.585,1.585,1.585,1.585,1.585,1.585
1.7153,1.9062,2.1452,2.4483,2.7611,3.1013,3.4417,3.7854,3.8449,3.8449,3.8449,3.8449,3.8449,0.4523,1.5621,1.5832,1.5832,1.5832,1.5832,1.5832,1.5832,1.5832,1.5832,1.5832,1.5832
1.9235,2.1376,2.4057,2.7456,3.0963,3.4779,3.8407,3.8407,3.8407,3.6912,2.5558,1.42,0.4518,1.5815,1.5815,1.5815,1.5815,1.5815,1.5815,1.5815,1.5815,1.5815,1.5815,1.5815,1.5815
3.8365,3.8365,3.8365,3.8034,3.6675,3.5197,3.3718,3.2225,3.0732,2.9237,2.7743,2.6277,2.4831,0.8147,1.5797,1.5797,1.5797,1.5797,1.5797,1.5797,1.5797,1.5797,1.5797,1.5797,1.5797
0.6871,0.7636,0.8594,0.9808,1.1061,1.2424,1.3787,1.5164,1.6541,1.7919,1.9297,2.0648,2.1982,1.4591,1.578,1.578,1.578,1.578,1.578,1.578,1.578,1.578,1.578,1.578,1.578
3.828,3.828,3.828,3.828,3.828,3.828,3.828,3.828,3.828,3.828,2.8824,1.6015,0.4504,1.5763,1.5763,1.5763,1.5763,1.5763,1.5763,1.5763,1.5763,1.5763,1.5763,1.5763,1.5763
3.8238,3.8238,3.8238,3.8238,3.8238,3.8238,3.8238,3.8238,3.8238,3.8238,3.8238,3.8238,3.8238,0.4499,1.4956,1.5745,1.5745,1.5745,1.5745,1.5745,1.5745,1.5745,1.5745,1.5745,1.5745
0.8473,0.9416,1.0597,1.2094,1.3639,1.5319,1.7001,1.8698,2.0396,2.2095,2.3795,2.2358,0.4494,1.5728,1.5728,1.5728,1.5728,1.5728,1.5728,1.5728,1.5728,1.5728,1.5728,1.5728,1.5728
3.7467,3.6713,3.5769,3.4572,3.3337,3.1993,3.0649,2.9292,2.7935,2.6576,2.5218,2.3885,2.2571,1.5711,1.5711,1.5711,1.5711,1.5711,1.5711,1.5711,1.5711,1.5711,1.5711,1.5711,1.5711
1.0023,1.1139,1.2536,1.4307,1.6135,1.8123,2.0112,2.2121,2.4129,2.6139,2.815,3.0121,3.2067,0.5233,1.5693,1.5693,1.5693,1.5693,1.5693,1.5693,1.5693,1.5693,1.5693,1.5693,1.5693
3.8071,3.8071,3.8071,3.8071,3.8071,3.8071,3.8071,3.8071,3.8071,3.5853,2.4825,1.3793,0.4479,1.5676,1.5676,1.5676,1.5676,1.5676,1.5676,1.5676,1.5676,1.5676,1.5676,1.5676,1.5676
3.8029,3.8029,3.8029,3.8029,3.8029,3.8029,3.8029,3.8029,3.8029,3.8029,3.7707,3.5715,3.375,0.527,1.5659,1.5659,1.5659,1.5659,1.5659,1.5659,1.5659,1.5659,1.5659,1.5659,1.5659
0.6892,0.7659,0.862,0.9838,1.1095,1.2462,1.383,1.5211,1.6592,1.7974,1.9356,2.0712,2.2049,1.5642,1.5642,1.5642,1.5642,1.5642,1.5642,1.5642,1.5642,1.5642,1.5642,1.5642,1.5642
3.7947,3.7947,3.7947,3.7947,3.7947,3.7947,3.7947,3.7553,3.5813,3.4071,3.233,2.2992,0.4598,1.5625,1.5625,1.5625,1.5625,1.5625,1.5625,1.5625,1.5625,1.5625,1.5625,1.5625,1.5625
3.7905,3.7905,3.7905,3.7905,3.7905,3.7905,3.7905,3.7905,3.7905,3.7905,3.7905,3.7905,3.7905,0.4459,1.5485,1.5608,1.5608,1.5608,1.5608,1.5608,1.5608,1.5608,1.5608,1.5608,1.5608
1.298,1.4425,1.6234,1.8527,2.0894,2.3469,2.6045,2.8646,3.1247,3.385,3.0063,1.6703,0.4455,1.5591,1.5591,1.5591,1.5591,1.5591,1.5591,1.5591,1.5591,1.5591,1.5591,1.5591,1.5591
3.7823,3.7823,3.7823,3.695,3.5629,3.4193,3.2757,3.1306,2.9856,2.8404,2.6952,2.5528,2.4123,1.5273,1.5574,1.5574,1.5574,1.5574,1.5574,1.5574,1.5574,1.5574,1.5574,1.5574,1.5574
0.7909,0.8789,0.9892,1.1289,1.2731,1.43,1.587,1.7454,1.9039,2.0625,2.2211,2.3767,2.5302,0.8682,1.5557,1.5557,1.5557,1.5557,1.5557,1.5557,1.5557,1.5557,1.5557,1.5557,1.5557
3.7741,3.7741,3.7741,3.7741,3.7741,3.7741,3.7741,3.7741,3.7741,3.7741,2.7402,1.5224,0.444,1.554,1.554,1.554,1.554,1.554,1.554,1.554,1.554,1.554,1.554,1.554,1.554
3.77,3.77,3.77,3.77,3.77,3.77,3.77,3.77,3.77,3.77,3.77,3.77,3.77,0.4435,1.5524,1.5524,1.5524,1.5524,1.5524,1.5524,1.5524,1.5524,1.5524,1.5524,1.5524
0.7866,0.8741,0.9837,1.1227,1.2661,1.4222,1.5782,1.7358,1.8934,2.0512,2.2089,2.3637,0.6798,1.5507,1.5507,1.5507,1.5507,1.5507,1.5507,1.5507,1.5507,1.5507,1.5507,1.5507,1.5507
3.7619,3.7619,3.7619,3.7619,3.69,3.5413,3.3925,3.2422,3.092,2.9417,2.7913,2.6438,0.9715,1.549,1.549,1.549,1.549,1.549,1.549,1.549,1.549,1.549,1.549,1.549,1.549
1.432,1.5914,1.791,2.044,2.3051,2.5892,2.8734,3.1603,3.4472,3.7344,3.7578,3.7578,3.7578,0.4731,1.5473,1.5473,1.5473,1.5473,1.5473,1.5473,1.5473,1.5473,1.5473,1.5473,1.5473
3.3777,3.7537,3.7537,3.7537,3.7537,3.7537,3.7537,3.7537,3.7537,3.7537,2.698,1.499,0.4416,1.5457,1.5457,1.5457,1.5457,1.5457,1.5457,1.5457,1.5457,1.5457,1.5457,1.5457,1.5457
3.7497,3.7497,3.7497,3.7497,3.7497,3.7497,3.7497,3.7497,3.6629,3.4848,3.3066,3.1319,2.9596,0.7176,1.544,1.544,1.544,1.544,1.544,1.544,1.544,1.544,1.544,1.544,1.544
0.7358,0.8177,0.9203,1.0503,1.1845,1.3304,1.4764,1.6239,1.7713,1.9189,2.0665,2.2112,2.354,1.5423,1.5423,1.5423,1.5423,1.5423,1.5423,1.5423,1.5423,1.5423,1.5423,1.5423,1.5423
3.7416,3.7416,3.7416,3.7416,3.7416,3.7416,3.7416,3.7416,3.7416,3.7416,3.5013,1.9453,0.4402,1.5407,1.5407,1.5407,1.5407,1.5407,1.5407,1.5407,1.5407,1.5407,1.5407,1.5407,1.5407
3.7376,3.7376,3.7376,3.7376,3.7376,3.7376,3.7376,3.7376,3.7376,3.7376,3.7376,3.7376,3.7376,0.4397,1.539,1.539,1.539,1.539,1.539,1.539,1.539,1.539,1.539,1.539,1.539
1.0515,1.1685,1.3151,1.5009,1.6926,1.9012,2.1099,2.3205,2.5312,2.7421,2.953,2.1171,0.4392,1.5374,1.5374,1.5374,1.5374,1.5374,1.5374,1.5374,1.5374,1.5374,1.5374,1.5374,1.5374
3.7296,3.7296,3.7296,3.7296,3.6706,3.5227,3.3747,3.2253,3.0758,2.9263,2.7767,2.63,2.4852,1.5357,1.5357,1.5357,1.5357,1.5357,1.5357,1.5357,1.5357,1.5357,1.5357,1.5357,1.5357
0.9748,1.0833,1.2192,1.3914,1.5692,1.7625,1.956,2.1513,2.3466,2.5421,2.7376,2.9294,3.1185,0.6657,1.5341,1.5341,1.5341,1.5341,1.5341,1.5341,1.5341,1.5341,1.5341,1.5341,1.5341
3.7216,3.7216,3.7216,3.7216,3.7216,3.7216,3.7216,3.7216,3.7216,3.7216,2.7715,1.5399,0.4378,1.5324,1.5324,1.5324,1.5324,1.5324,1.5324,1.5324,1.5324,1.5324,1.5324,1.5324,1.5324
3.7177,3.7177,3.7177,3.7177,3.7177,3.7177,3.7177,3.7177,3.7177,3.7177,3.7177,3.7177,3.7177,0.5245,1.5308,1.5308,1.5308,1.5308,1.5308,1.5308,1.5308,1.5308,1.5308,1.5308,1.5308
0.7804,0.8673,0.976,1.1139,1.2562,1.411,1.5659,1.7223,1.8787,2.0352,2.1917,2.3452,1.4006,1.5292,1.5292,1.5292,1.5292,1.5292,1.5292,1.5292,1.5292,1.5292,1.5292,1.5292,1.5292
3.7097,3.7097,3.7097,3.7097,3.7097,3.7097,3.7097,3.7097,3.6368,3.46,3.2831,3.1096,0.6249,1.5275,1.5275,1.5275,1.5275,1.5275,1.5275,1.5275,1.5275,1.5275,1.5275,1.5275,1.5275
2.5263,2.8076,3.1596,3.606,3.7058,3.7058,3.7058,3.7058,3.7058,3.7058,3.7058,3.7058,3.7058,0.4599,1.5259,1.5259,1.5259,1.5259,1.5259,1.5259,1.5259,1.5259,1.5259,1.5259,1.5259
1.8491,2.055,2.3127,2.6394,2.9766,3.3434,3.7019,3.7019,3.7019,3.7019,3.1096,1.7277,0.4355,1.5243,1.5243,1.5243,1.5243,1.5243,1.5243,1.5243,1.5243,1.5243,1.5243,1.5243,1.5243
3.6979,3.6979,3.6979,3.6979,3.6979,3.6979,3.6979,3.6517,3.4825,3.3131,3.1438,2.9777,2.8138,1.1454,1.5227,1.5227,1.5227,1.5227,1.5227,1.5227,1.5227,1.5227,1.5227,1.5227,1.5227
0.8321,0.9248,1.0407,1.1878,1.3395,1.5046,1.6697,1.8364,2.0032,2.17,2.3369,2.5006,2.6621,1.3197,1.5211,1.5211,1.5211,1.5211,1.5211,1.5211,1.5211,1.5211,1.5211,1.5211,1.5211
3.6901,3.6901,3.6901,3.6901,3.6901,3.6901,3.6901,3.6901,3.6901,3.6901,3.248,1.8046,0.4341,1.5194,1.5194,1.5194,1.5194,1.5194,1.5194,1.5194,1.5194,1.5194,1.5194,1.5194,1.5194
3.6862,3.6862,3.6862,3.6862,3.6862,3.6862,3.6862,3.6862,3.6862,3.6862,3.6862,3.6862,3.6862,0.4663,1.5178,1.5178,1.5178,1.5178,1.5178,1.5178,1.5178,1.5178,1.5178,1.5178,1.5178
0.9486,1.0542,1.1864,1.354,1.527,1.7151,1.9034,2.0934,2.2835,2.4737,2.664,2.8506,0.5968,1.5162,1.5162,1.5162,1.5162,1.5162,1.5162,1.5162,1.5162,1.5162,1.5162,1.5162,1.5162
3.6784,3.6784,3.6784,3.6784,3.6784,3.6784,3.6784,3.5203,3.3572,3.1939,3.0307,2.8706,1.9291,1.5146,1.5146,1.5146,1.5146,1.5146,1.5146,1.5146,1.5146,1.5146,1.5146,1.5146,1.5146
1.3173,1.4639,1.6475,1.8802,2.1204,2.3817,2.6431,2.9071,3.171,3.4352,3.6745,3.6745,3.6745,0.5814,1.513,1.513,1.513,1.513,1.513,1.513,1.513,1.513,1.513,1.513,1.513
3.6706,3.6706,3.6706,3.6706,3.6706,3.6706,3.6706,3.6706,3.6706,3.6706,2.9737,1.6522,0.4318,1.5114,1.5114,1.5114,1.5114,1.5114,1.5114,1.5114,1.5114,1.5114,1.5114,1.5114,1.5114
3.6668,3.6668,3.6668,3.6668,3.6668,3.6668,3.6668,3.6668,3.6668,3.6668,3.6668,3.6668,3.6668,0.6846,1.5098,1.5098,1.5098,1.5098,1.5098,1.5098,1.5098,1.5098,1.5098,1.5098,1.5098
0.8231,0.9147,1.0294,1.1749,1.325,1.4883,1.6516,1.8165,1.9815,2.1465,2.3116,2.4735,2.6333,1.5083,1.5083,1.5083,1.5083,1.5083,1.5083,1.5083,1.5083,1.5083,1.5083,1.5083,1.5083
3.6591,3.6591,3.6591,3.6591,3.6591,3.6591,3.6591,3.6591,3.6591,3.6591,3.6591,2.5013,0.5002,1.5067,1.5067,1.5067,1.5067,1.5067,1.5067,1.5067,1.5067,1.5067,1.5067,1.5067,1.5067
3.6552,3.6552,3.6552,3.6552,3.6552,3.6552,3.6552,3.6552,3.6552,3.6552,3.6552,3.6552,3.6552,0.4767,1.5051,1.5051,1.5051,1.5051,1.5051,1.5051,1.5051,1.5051,1.5051,1.5051,1.5051
1.3906,1.5454,1.7392,1.9849,2.2385,2.5143,2.7903,3.0689,3.3475,3.6264,3.6514,2.1352,0.4296,1.5035,1.5035,1.5035,1.5035,1.5035,1.5035,1.5035,1.5035,1.5035,1.5035,1.5035,1.5035
3.6476,3.6476,3.6476,3.6476,3.6476,3.6476,3.6476,3.6476,3.5451,3.3727,3.2003,3.0312,2.8644,1.5019,1.5019,1.5019,1.5019,1.5019,1.5019,1.5019,1.5019,1.5019,1.5019,1.5019,1.5019
1.0056,1.1175,1.2577,1.4354,1.6187,1.8182,2.0178,2.2192,2.4207,2.6224,2.8241,3.0219,3.217,0.9109,1.5004,1.5004,1.5004,1.5004,1.5004,1.5004,1.5004,1.5004,1.5004,1.5004,1.5004
3.6399,3.6399,3.6399,3.6399,3.6399,3.6399,3.6399,3.6399,3.6399,3.6399,3.2442,1.8025,0.4282,1.4988,1.4988,1.4988,1.4988,1.4988,1.4988,1.4988,1.4988,1.4988,1.4988,1.4988,1.4988
3.6361,3.6361,3.6361,3.6361,3.6361,3.6361,3.6361,3.6361,3.6361,3.6361,3.6361,3.6361,3.6361,0.5522,1.4972,1.4972,1.4972,1.4972,1.4972,1.4972,1.4972,1.4972,1.4972,1.4972,1.4972
0.9283,1.0316,1.161,1.325,1.4943,1.6785,1.8627,2.0487,2.2347,2.4209,2.6071,2.7897,1.0123,1.4957,1.4957,1.4957,1.4957,1.4957,1.4957,1.4957,1.4957,1.4957,1.4957,1.4957,1.4957
3.6286,3.6286,3.6286,3.6286,3.6286,3.6286,3.6286,3.6286,3.6286,3.6286,3.5227,3.3366,0.9442,1.4941,1.4941,1.4941,1.4941,1.4941,1.4941,1.4941,1.4941,1.4941,1.4941,1.4941,1.4941
2.059,2.2882,2.5751,2.939,3.3144,3.6248,3.6248,3.6248,3.6248,3.6248,3.6248,3.6248,3.6248,0.5564,1.4926,1.4926,1.4926,1.4926,1.4926,1.4926,1.4926,1.4926,1.4926,1.4926,1.4926
3.0292,3.3664,3.621,3.621,3.621,3.621,3.621,3.621,3.621,3.621,3.3967,1.8872,0.426,1.491,1.491,1.491,1.491,1.491,1.491,1.491,1.491,1.491,1.491,1.491,1.491
3.6172,3.6172,3.6172,3.6172,3.6172,3.6172,3.6172,3.6172,3.6172,3.6172,3.6172,3.6172,3.4666,1.0081,1.4895,1.4895,1.4895,1.4895,1.4895,1.4895,1.4895,1.4895,1.4895,1.4895,1.4895
0.9247,1.0276,1.1565,1.3199,1.4885,1.672,1.8555,2.0407,2.226,2.4115,2.597,2.7788,2.9583,1.4879,1.4879,1.4879,1.4879,1.4879,1.4879,1.4879,1.4879,1.4879,1.4879,1.4879,1.4879
3.6097,3.6097,3.6097,3.6097,3.6097,3.6097,3.6097,3.6097,3.6097,3.6097,3.6097,2.2674,0.4534,1.4864,1.4864,1.4864,1.4864,1.4864,1.4864,1.4864,1.4864,1.4864,1.4864,1.4864,1.4864
3.606,3.606,3.606,3.606,3.606,3.606,3.606,3.606,3.606,3.606,3.606,3.606,3.606,0.527,1.4848,1.4848,1.4848,1.4848,1.4848,1.4848,1.4848,1.4848,1.4848,1.4848,1.4848
1.218,1.3536,1.5233,1.7385,1.9606,2.2022,2.4439,2.688,2.932,3.1763,3.4206,2.8951,0.579,1.4833,1.4833,1.4833,1.4833,1.4833,1.4833,1.4833,1.4833,1.4833,1.4833,1.4833,1.4833
3.5986,3.5986,3.5986,3.5986,3.5986,3.5986,3.5986,3.5986,3.5986,3.5986,3.4824,3.2984,3.1169,1.4818,1.4818,1.4818,1.4818,1.4818,1.4818,1.4818,1.4818,1.4818,1.4818,1.4818,1.4818
1.3228,1.47,1.6544,1.8881,2.1293,2.3917,2.6542,2.9193,3.1843,3.4496,3.5948,3.5948,3.5948,0.765,1.4802,1.4802,1.4802,1.4802,1.4802,1.4802,1.4802,1.4802,1.4802,1.4802,1.4802
3.5911,3.5911,3.5911,3.5911,3.5911,3.5911,3.5911,3.5911,3.5911,3.5911,3.4746,1.9305,0.4225,1.4787,1.4787,1.4787,1.4787,1.4787,1.4787,1.4787,1.4787,1.4787,1.4787,1.4787,1.4787
3.5874,3.5874,3.5874,3.5874,3.5874,3.5874,3.5874,3.5874,3.5874,3.5874,3.5874,3.5874,3.5874,0.708,1.4772,1.4772,1.4772,1.4772,1.4772,1.4772,1.4772,1.4772,1.4772,1.4772,1.4772
0.9783,1.0872,1.2235,1.3963,1.5747,1.7688,1.9629,2.1589,2.3549,2.5511,2.7473,2.9398,2.8249,1.4757,1.4757,1.4757,1.4757,1.4757,1.4757,1.4757,1.4757,1.4757,1.4757,1.4757,1.4757
3.5801,3.5801,3.5801,3.5801,3.5801,3.5801,3.5801,3.5801,3.5801,3.5801,3.5801,3.4985,0.6997,1.4741,1.4741,1.4741,1.4741,1.4741,1.4741,1.4741,1.4741,1.4741,1.4741,1.4741,1.4741
3.5764,3.5764,3.5764,3.5764,3.5764,3.5764,3.5764,3.5764,3.5764,3.5764,3.5764,3.5764,3.5764,0.5765,1.4726,1.4726,1.4726,1.4726,1.4726,1.4726,1.4726,1.4726,1.4726,1.4726,1.4726
2.0254,2.2508,2.533,2.8909,3.2602,3.5727,3.5727,3.5727,3.5727,3.5727,3.5727,2.321,0.4642,1.4711,1.4711,1.4711,1.4711,1.4711,1.4711,1.4711,1.4711,1.4711,1.4711,1.4711,1.4711
3.569,3.569,3.569,3.569,3.569,3.569,3.569,3.569,3.569,3.569,3.569,3.569,3.5284,1.4696,1.4696,1.4696,1.4696,1.4696,1.4696,1.4696,1.4696,1.4696,1.4696,1.4696,1.4696
1.1176,1.242,1.3978,1.5952,1.799,2.0207,2.2425,2.4664,2.6904,2.9145,3.1387,3.3585,3.5654,1.3972,1.4681,1.4681,1.4681,1.4681,1.4681,1.4681,1.4681,1.4681,1.4681,1.4681,1.4681
3.5617,3.5617,3.5617,3.5617,3.5617,3.5617,3.5617,3.5617,3.5617,3.5617,3.5617,2.2634,0.4527,1.4666,1.4666,1.4666,1.4666,1.4666,1.4666,1.4666,1.4666,1.4666,1.4666,1.4666,1.4666
3.5581,3.5581,3.5581,3.5581,3.5581,3.5581,3.5581,3.5581,3.5581,3.5581,3.5581,3.5581,3.5581,0.6269,1.4651,1.4651,1.4651,1.4651,1.4651,1.4651,1.4651,1.4651,1.4651,1.4651,1.4651
1.1899,1.3224,1.4882,1.6985,1.9155,2.1515,2.3876,2.6261,2.8645,3.1031,3.3418,3.5545,0.905,1.4636,1.4636,1.4636,1.4636,1.4636,1.4636,1.4636,1.4636,1.4636,1.4636,1.4636,1.4636
3.5508,3.5508,3.5508,3.5508,3.5508,3.5508,3.5508,3.5508,3.5508,3.5508,3.5508,3.5508,1.7257,1.4621,1.4621,1.4621,1.4621,1.4621,1.4621,1.4621,1.4621,1.4621,1.4621,1.4621,1.4621
1.9685,2.1876,2.4619,2.8097,3.1687,3.5472,3.5472,3.5472,3.5472,3.5472,3.5472,3.5472,3.5472,0.7292,1.4606,1.4606,1.4606,1.4606,1.4606,1.4606,1.4606,1.4606,1.4606,1.4606,1.4606
3.5436,3.5436,3.5436,3.5436,3.5436,3.5436,3.5436,3.5436,3.5436,3.5436,3.5436,2.2322,0.4464,1.4591,1.4591,1.4591,1.4591,1.4591,1.4591,1.4591,1.4591,1.4591,1.4591,1.4591,1.4591
3.54,3.54,3.54,3.54,3.54,3.54,3.54,3.54,3.54,3.54,3.54,3.54,3.54,1.0144,1.4577,1.4577,1.4577,1.4577,1.4577,1.4577,1.4577,1.4577,1.4577,1.4577,1.4577
1.1166,1.2408,1.3964,1.5937,1.7973,2.0188,2.2404,2.4641,2.6878,2.9117,3.1357,3.3553,3.5364,1.4562,1.4562,1.4562,1.4562,1.4562,1.4562,1.4562,1.4562,1.4562,1.4562,1.4562,1.4562
3.5328,3.5328,3.5328,3.5328,3.5328,3.5328,3.5328,3.5328,3.5328,3.5328,3.5328,3.1288,0.6257,1.4547,1.4547,1.4547,1.4547,1.4547,1.4547,1.4547,1.4547,1.4547,1.4547,1.4547,1.4547
3.5292,3.5292,3.5292,3.5292,3.5292,3.5292,3.5292,3.5292,3.5292,3.5292,3.5292,3.5292,3.5292,0.6498,1.4532,1.4532,1.4532,1.4532,1.4532,1.4532,1.4532,1.4532,1.4532,1.4532,1.4532
1.7333,1.9262,2.1677,2.474,2.7901,3.1339,3.4779,3.5257,3.5257,3.5257,3.5257,3.1501,0.63,1.4517,1.4517,1.4517,1.4517,1.4517,1.4517,1.4517,1.4517,1.4517,1.4517,1.4517,1.4517
3.5221,3.5221,3.5221,3.5221,3.5221,3.5221,3.5221,3.5221,3.5221,3.5221,3.5221,3.5221,3.5221,1.4503,1.4503,1.4503,1.4503,1.4503,1.4503,1.4503,1.4503,1.4503,1.4503,1.4503,1.4503
1.4872,1.6527,1.8599,2.1227,2.3939,2.6889,2.984,3.282,3.5185,3.5185,3.5185,3.5185,3.5185,1.1282,1.4488,1.4488,1.4488,1.4488,1.4488,1.4488,1.4488,1.4488,1.4488,1.4488,1.4488
3.515,3.515,3.515,3.515,3.515,3.515,3.515,3.515,3.515,3.515,3.515,2.4889,0.4977,1.4473,1.4473,1.4473,1.4473,1.4473,1.4473,1.4473,1.4473,1.4473,1.4473,1.4473,1.4473
3.5114,3.5114,3.5114,3.5114,3.5114,3.5114,3.5114,3.5114,3.5114,3.5114,3.5114,3.5114,3.5114,0.8207,1.4459,1.4459,1.4459,1.4459,1.4459,1.4459,1.4459,1.4459,1.4459,1.4459,1.4459
1.2921,1.4359,1.6159,1.8442,2.0798,2.3361,2.5926,2.8514,3.1103,3.3694,3.5079,3.5079,1.8689,1.4444,1.4444,1.4444,1.4444,1.4444,1.4444,1.4444,1.4444,1.4444,1.4444,1.4444,1.4444
3.5044,3.5044,3.5044,3.5044,3.5044,3.5044,3.5044,3.5044,3.5044,3.5044,3.5044,3.5044,1.1347,1.443,1.443,1.443,1.443,1.443,1.443,1.443,1.443,1.443,1.443,1.443,1.443
3.5009,3.5009,3.5009,3.5009,3.5009,3.5009,3.5009,3.5009,3.5009,3.5009,3.5009,3.5009,3.5009,0.7814,1.4415,1.4415,1.4415,1.4415,1.4415,1.4415,1.4415,1.4415,1.4415,1.4415,1.4415
3.4973,3.4973,3.4973,3.4973,3.4973,3.4973,3.4973,3.4973,3.4973,3.4973,3.4973,2.8532,0.5706,1.4401,1.4401,1.4401,1.4401,1.4401,1.4401,1.4401,1.4401,1.4401,1.4401,1.4401,1.4401
3.4938,3.4938,3.4938,3.4938,3.4938,3.4938,3.4938,3.4938,3.4938,3.4938,3.4938,3.4938,3.4938,1.4386,1.4386,1.4386,1.4386,1.4386,1.4386,1.4386,1.4386,1.4386,1.4386,1.4386,1.4386
1.4152,1.5728,1.77,2.0201,2.2781,2.5589,2.8397,3.1233,3.4069,3.4903,3.4903,3.4903,3.4903,1.4372,1.4372,1.4372,1.4372,1.4372,1.4372,1.4372,1.4372,1.4372,1.4372,1.4372,1.4372
3.4868,3.4868,3.4868,3.4868,3.4868,3.4868,3.4868,3.4868,3.4868,3.4868,3.4868,3.2542,0.6508,1.4358,1.4358,1.4358,1.4358,1.4358,1.4358,1.4358,1.4358,1.4358,1.4358,1.4358,1.4358
3.4833,3.4833,3.4833,3.4833,3.4833,3.4833,3.4833,3.4833,3.4833,3.4833,3.4833,3.4833,3.4833,0.8186,1.4343,1.4343,1.4343,1.4343,1.4343,1.4343,1.4343,1.4343,1.4343,1.4343,1.4343
1.7706,1.9676,2.2144,2.5272,2.8501,3.2013,3.4799,3.4799,3.4799,3.4799,3.4799,3.4799,0.9981,1.4329,1.4329,1.4329,1.4329,1.4329,1.4329,1.4329,1.4329,1.4329,1.4329,1.4329,1.4329
3.4764,3.4764,3.4764,3.4764,3.4764,3.4764,3.4764,3.4764,3.4764,3.4764,3.4764,3.4764,3.4764,1.4315,1.4315,1.4315,1.4315,1.4315,1.4315,1.4315,1.4315,1.4315,1.4315,1.4315,1.4315
2.3023,2.5585,2.8794,3.2862,3.4729,3.4729,3.4729,3.4729,3.4729,3.4729,3.4729,3.4729,3.4729,1.1279,1.43,1.43,1.43,1.43,1.43,1.43,1.43,1.43,1.43,1.43,1.43
3.4695,3.4695,3.4695,3.4695,3.4695,3.4695,3.4695,3.4695,3.4695,3.4695,3.4695,3.1184,0.6236,1.4286,1.4286,1.4286,1.4286,1.4286,1.4286,1.4286,1.4286,1.4286,1.4286,1.4286,1.4286
3.466,3.466,3.466,3.466,3.466,3.466,3.466,3.466,3.466,3.466,3.466,3.466,3.466,1.2524,1.4272,1.4272,1.4272,1.4272,1.4272,1.4272,1.4272,1.4272,1.4272,1.4272,1.4272
1.6209,1.8013,2.0272,2.3136,2.6091,2.9306,3.2523,3.4626,3.4626,3.4626,3.4626,3.4626,3.4626,1.4258,1.4258,1.4258,1.4258,1.4258,1.4258,1.4258,1.4258,1.4258,1.4258,1.4258,1.4258
3.4591,3.4591,3.4591,3.4591,3.4591,3.4591,3.4591,3.4591,3.4591,3.4591,3.4591,3.4591,1.0658,1.4243,1.4243,1.4243,1.4243,1.4243,1.4243,1.4243,1.4243,1.4243,1.4243,1.4243,1.4243
3.4557,3.4557,3.4557,3.4557,3.4557,3.4557,3.4557,3.4557,3.4557,3.4557,3.4557,3.4557,3.4557,0.9847,1.4229,1.4229,1.4229,1.4229,1.4229,1.4229,1.4229,1.4229,1.4229,1.4229,1.4229
3.1411,3.4523,3.4523,3.4523,3.4523,3.4523,3.4523,3.4523,3.4523,3.4523,3.4523,3.4523,0.8659,1.4215,1.4215,1.4215,1.4215,1.4215,1.4215,1.4215,1.4215,1.4215,1.4215,1.4215,1.4215
3.4488,3.4488,3.4488,3.4488,3.4488,3.4488,3.4488,3.4488,3.4488,3.4488,3.4488,3.4488,3.4488,1.4201,1.4201,1.4201,1.4201,1.4201,1.4201,1.4201,1.4201,1.4201,1.4201,1.4201,1.4201
2.1676,2.4089,2.711,3.094,3.4454,3.4454,3.4454,3.4454,3.4454,3.4454,3.4454,3.4454,3.4454,1.4187,1.4187,1.4187,1.4187,1.4187,1.4187,1.4187,1.4187,1.4187,1.4187,1.4187,1.4187
3.442,3.442,3.442,3.442,3.442,3.442,3.442,3.442,3.442,3.442,3.442,3.442,0.8391,1.4173,1.4173,1.4173,1.4173,1.4173,1.4173,1.4173,1.4173,1.4173,1.4173,1.4173,1.4173
3.4386,3.4386,3.4386,3.4386,3.4386,3.4386,3.4386,3.4386,3.4386,3.4386,3.4386,3.4386,3.4386,1.2781,1.4159,1.4159,1.4159,1.4159,1.4159,1.4159,1.4159,1.4159,1.4159,1.4159,1.4159
2.3344,2.5943,2.9196,3.3321,3.4352,3.4352,3.4352,3.4352,3.4352,3.4352,3.4352,3.4352,2.1952,1.4145,1.4145,1.4145,1.4145,1.4145,1.4145,1.4145,1.4145,1.4145,1.4145,1.4145,1.4145
3.4318,3.4318,3.4318,3.4318,3.4318,3.4318,3.4318,3.4318,3.4318,3.4318,3.4318,3.4318,2.78,1.4131,1.4131,1.4131,1.4131,1.4131,1.4131,1.4131,1.4131,1.4131,1.4131,1.4131,1.4131
3.4285,3.4285,3.4285,3.4285,3.4285,3.4285,3.4285,3.4285,3.4285,3.4285,3.4285,3.4285,3.4285,1.4117,1.4117,1.4117,1.4117,1.4117,1.4117,1.4117,1.4117,1.4117,1.4117,1.4117,1.4117
3.4251,3.4251,3.4251,3.4251,3.4251,3.4251,3.4251,3.4251,3.4251,3.4251,3.4251,3.4251,1.0595,1.4103,1.4103,1.4103,1.4103,1.4103,1.4103,1.4103,1.4103,1.4103,1.4103,1.4103,1.4103
3.4217,3.4217,3.4217,3.4217,3.4217,3.4217,3.4217,3.4217,3.4217,3.4217,3.4217,3.4217,3.4217,1.4089,1.4089,1.4089,1.4089,1.4089,1.4089,1.4089,1.4089,1.4089,1.4089,1.4089,1.4089
2.9965,3.3301,3.4184,3.4184,3.4184,3.4184,3.4184,3.4184,3.4184,3.4184,3.4184,3.4184,3.4184,1.4076,1.4076,1.4076,1.4076,1.4076,1.4076,1.4076,1.4076,1.4076,1.4076,1.4076,1.4076
3.415,3.415,3.415,3.415,3.415,3.415,3.415,3.415,3.415,3.415,3.415,3.415,1.6901,1.4062,1.4062,1.4062,1.4062,1.4062,1.4062,1.4062,1.4062,1.4062,1.4062,1.4062,1.4062
3.4117,3.4117,3.4117,3.4117,3.4117,3.4117,3.4117,3.4117,3.4117,3.4117,3.4117,3.4117,3.4117,1.4048,1.4048,1.4048,1.4048,1.4048,1.4048,1.4048,1.4048,1.4048,1.4048,1.4048,1.4048
3.4083,3.4083,3.4083,3.4083,3.4083,3.4083,3.4083,3.4083,3.4083,3.4083,3.4083,3.4083,2.5875,1.4034,1.4034,1.4034,1.4034,1.4034,1.4034,1.4034,1.4034,1.4034,1.4034,1.4034,1.4034
3.405,3.405,3.405,3.405,3.405,3.405,3.405,3.405,3.405,3.405,3.405,3.405,3.405,1.4021,1.4021,1.4021,1.4021,1.4021,1.4021,1.4021,1.4021,1.4021,1.4021,1.4021,1.4021
3.4017,3.4017,3.4017,3.4017,3.4017,3.4017,3.4017,3.4017,3.4017,3.4017,3.4017,3.4017,3.4017,1.4007,1.4007,1.4007,1.4007,1.4007,1.4007,1.4007,1.4007,1.4007,1.4007,1.4007,1.4007
