1.6008,1.6008,1.6008,1.6008,1.6008,1.6008,1.6008,1.6008,1.6008,1.6008,1.6008,1.6008,1.6008,1.6008,1.6008,1.6008,1.6008,1.6008,1.6008,1.6008,1.6008,1.6008,1.6008,1.6008,1.6008
1.6023,1.6023,1.6023,1.6023,1.6023,1.6023,1.6023,1.6023,1.6023,1.6023,1.6023,1.6023,1.6023,1.6023,1.6023,1.6023,1.6023,1.6023,1.6023,1.6023,1.6023,1.6023,1.6023,1.6023,1.6023
1.6039,1.6039,1.6039,1.6039,1.6039,1.6039,1.6039,1.6039,1.6039,1.6039,1.6039,1.6039,1.6039,1.6039,1.6039,1.6039,1.6039,1.6039,1.6039,1.6039,1.6039,1.6039,1.6039,1.6039,1.6039
1.6055,1.6055,1.6055,1.6055,1.6055,1.6055,1.6055,1.6055,1.6055,1.6055,1.6055,1.6055,1.6055,1.6055,1.6055,1.6055,1.6055,1.6055,1.6055,1.6055,1.6055,1.6055,1.6055,1.6055,1.6055
1.6071,1.6071,1.6071,1.6071,1.6071,1.6071,1.6071,1.6071,1.6071,1.6071,1.6071,1.6071,1.6071,1.6071,1.6071,1.6071,1.6071,1.6071,1.6071,1.6071,1.6071,1.6071,1.6071,1.6071,1.6071
1.6086,1.6086,1.6086,1.6086,1.6086,1.6086,1.6086,1.6086,1.6086,1.6086,1.6086,1.6086,1.6086,1.6086,1.6086,1.6086,1.6086,1.6086,1.6086,1.6086,1.6086,1.6086,1.6086,1.6086,1.6086
1.6102,1.6102,1.6102,1.6102,1.6102,1.6102,1.6102,1.6102,1.6102,1.6102,1.6102,1.6102,1.6102,1.6102,1.6102,1.6102,1.6102,1.6102,1.6102,1.6102,1.6102,1.6102,1.6102,1.6102,1.6102
1.6118,1.6118,1.6118,1.6118,1.6118,1.6118,1.6118,1.6118,1.6118,1.6118,1.6118,1.6118,1.6118,1.6118,1.6118,1.6118,1.6118,1.6118,1.6118,1.6118,1.6118,1.6118,1.6118,1.6118,1.6118
1.6134,1.6134,1.6134,1.6134,1.6134,1.6134,1.6134,1.6134,1.6134,1.6134,1.6134,1.6134,1.6134,1.6134,1.6134,1.6134,1.6134,1.6134,1.6134,1.6134,1.6134,1.6134,1.6134,1.6134,1.6134
1.615,1.615,1.615,1.615,1.615,1.615,1.615,1.615,1.615,1.615,1.615,1.615,1.615,1.615,1.615,1.615,1.615,1.615,1.615,1.615,1.615,1.615,1.615,1.615,1.615
1.6166,1.6166,1.6166,1.6166,1.6166,1.6166,1.6166,1.6166,1.6166,1.6166,1.6166,1.6166,1.6166,1.6166,1.6166,1.6166,1.6166,1.6166,1.6166,1.6166,1.6166,1.6166,1.6166,1.6166,1.6166
1.6182,1.6182,1.6182,1.6182,1.6182,1.6182,1.6182,1.6182,1.6182,1.6182,1.6182,1.6182,1.6182,1.6182,1.6182,1.6182,1.6182,1.6182,1.6182,1.6182,1.6182,1.6182,1.6182,1.6182,1.6182
1.6198,1.6198,1.6198,1.6198,1.6198,1.6198,1.6198,1.6198,1.6198,1.6198,1.6198,1.6198,1.6198,1.6198,1.6198,1.6198,1.6198,1.6198,1.6198,1.6198,1.6198,1.6198,1.6198,1.6198,1.6198
1.6214,1.6214,1.6214,1.6214,1.6214,1.6214,1.6214,1.6214,1.6214,1.6214,1.6214,1.6214,1.6214,1.6214,1.6214,1.6214,1.6214,1.6214,1.6214,1.6214,1.6214,1.6214,1.6214,1.6214,1.6214
1.623,1.623,1.623,1.623,1.623,1.623,1.623,1.623,1.623,1.623,1.623,1.623,1.623,1.623,1.623,1.623,1.623,1.623,1.623,1.623,1.623,1.623,1.623,1.623,1.623
1.6246,1.6246,1.6246,1.6246,1.6246,1.6246,1.6246,1.6246,1.6246,1.6246,1.6246,1.6246,1.6246,1.6246,1.6246,1.6246,1.6246,1.6246,1.6246,1.6246,1.6246,1.6246,1.6246,1.6246,1.6246
1.6262,1.6262,1.6262,1.6262,1.6262,1.6262,1.6262,1.6262,1.6262,1.6262,1.6262,1.6262,1.6262,1.6262,1.6262,1.6262,1.6262,1.6262,1.6262,1.6262,1.6262,1.6262,1.6262,1.6262,1.6262
1.6278,1.6278,1.6278,1.6278,1.6278,1.6278,1.6278,1.6278,1.6278,1.6278,1.6278,1.6278,1.6278,1.6278,1.6278,1.6278,1.6278,1.6278,1.6278,1.6278,1.6278,1.6278,1.6278,1.6278,1.6278
1.6294,1.6294,1.6294,1.6294,1.6294,1.6294,1.6294,1.6294,1.6294,1.6294,1.6294,1.6294,1.6294,1.6294,1.6294,1.6294,1.6294,1.6294,1.6294,1.6294,1.6294,1.6294,1.6294,1.6294,1.6294
1.6311,1.6311,1.6311,1.6311,1.6311,1.6311,1.6311,1.6311,1.6311,1.6311,1.6311,1.6311,1.6311,1.6311,1.6311,1.6311,1.6311,1.6311,1.6311,1.6311,1.6311,1.6311,1.6311,1.6311,1.6311
1.6327,1.6327,1.6327,1.6327,1.6327,1.6327,1.6327,1.6327,1.6327,1.6327,1.6327,1.6327,1.6327,1.6327,1.6327,1.6327,1.6327,1.6327,1.6327,1.6327,1.6327,1.6327,1.6327,1.6327,1.6327
1.6343,1.6343,1.6343,1.6343,1.6343,1.6343,1.6343,1.6343,1.6343,1.6343,1.6343,1.6343,1.6343,1.6343,1.6343,1.6343,1.6343,1.6343,1.6343,1.6343,1.6343,1.6343,1.6343,1.6343,1.6343
1.6359,1.6359,1.6359,1.6359,1.6359,1.6359,1.6359,1.6359,1.6359,1.6359,1.6359,1.6359,1.6359,1.6359,1.6359,1.6359,1.6359,1.6359,1.6359,1.6359,1.6359,1.6359,1.6359,1.6359,1.6359
1.6376,1.6376,1.6376,1.6376,1.6376,1.6376,1.6376,1.6376,1.6376,1.6376,1.6376,1.6376,1.6376,1.6376,1.6376,1.6376,1.6376,1.6376,1.6376,1.6376,1.6376,1.6376,1.6376,1.6376,1.6376
1.6392,1.6392,1.6392,1.6392,1.6392,1.6392,1.6392,1.6392,1.6392,1.6392,1.6392,1.6392,1.6392,1.6392,1.6392,1.6392,1.6392,1.6392,1.6392,1.6392,1.6392,1.6392,1.6392,1.6392,1.6392
1.6409,1.6409,1.6409,1.6409,1.6409,1.6409,1.6409,1.6409,1.6409,1.6409,1.6409,1.6409,1.6409,1.6409,1.6409,1.6409,1.6409,1.6409,1.6409,1.6409,1.6409,1.6409,1.6409,1.6409,1.6409
1.6425,1.6425,1.6425,1.6425,1.6425,1.6425,1.6425,1.6425,1.6425,1.6425,1.6425,1.6425,1.6425,1.6425,1.6425,1.6425,1.6425,1.6425,1.6425,1.6425,1.6425,1.6425,1.6425,1.6425,1.6425
1.6442,1.6442,1.6442,1.6442,1.6442,1.6442,1.6442,1.6442,1.6442,1.6442,1.6442,1.6442,1.6442,1.6442,1.6442,1.6442,1.6442,1.6442,1.6442,1.6442,1.6442,1.6442,1.6442,1.6442,1.6442
1.6458,1.6458,1.6458,1.6458,1.6458,1.6458,1.6458,1.6458,1.6458,1.6458,1.6458,1.6458,1.6458,1.6458,1.6458,1.6458,1.6458,1.6458,1.6458,1.6458,1.6458,1.6458,1.6458,1.6458,1.6458
1.6475,1.6475,1.6475,1.6475,1.6475,1.6475,1.6475,1.6475,1.6475,1.6475,1.6475,1.6475,1.6475,1.6475,1.6475,1.6475,1.6475,1.6475,1.6475,1.6475,1.6475,1.6475,1.6475,1.6475,1.6475
1.6491,1.6491,1.6491,1.6491,1.6491,1.6491,1.6491,1.6491,1.6491,1.6491,1.6491,1.6491,1.6491,1.6491,1.6491,1.6491,1.6491,1.6491,1.6491,1.6491,1.6491,1.6491,1.6491,1.6491,1.6491
1.6508,1.6508,1.6508,1.6508,1.6508,1.6508,1.6508,1.6508,1.6508,1.6508,1.6508,1.6508,1.6508,1.6508,1.6508,1.6508,1.6508,1.6508,1.6508,1.6508,1.6508,1.6508,1.6508,1.6508,1.6508
1.6524,1.6524,1.6524,1.6524,1.6524,1.6524,1.6524,1.6524,1.6524,1.6524,1.6524,1.6524,1.6524,1.6524,1.6524,1.6524,1.6524,1.6524,1.6524,1.6524,1.6524,1.6524,1.6524,1.6524,1.6524
1.6541,1.6541,1.6541,1.6541,1.6541,1.6541,1.6541,1.6541,1.6541,1.6541,1.6541,1.6541,1.6541,1.6541,1.6541,1.6541,1.6541,1.6541,1.6541,1.6541,1.6541,1.6541,1.6541,1.6541,1.6541
1.6558,1.6558,1.6558,1.6558,1.6558,1.6558,1.6558,1.6558,1.6558,1.6558,1.6558,1.6558,1.6558,1.6558,1.6558,1.6558,1.6558,1.6558,1.6558,1.6558,1.6558,1.6558,1.6558,1.6558,1.6558
1.6575,1.6575,1.6575,1.6575,1.6575,1.6575,1.6575,1.6575,1.6575,1.6575,1.6575,1.6575,1.6575,1.6575,1.6575,1.6575,1.6575,1.6575,1.6575,1.6575,1.6575,1.6575,1.6575,1.6575,1.6575
1.6591,1.6591,1.6591,1.6591,1.6591,1.6591,1.6591,1.6591,1.6591,1.6591,1.6591,1.6591,1.6591,1.6591,1.6591,1.6591,1.6591,1.6591,1.6591,1.6591,1.6591,1.6591,1.6591,1.6591,1.6591
1.6608,1.6608,1.6608,1.6608,1.6608,1.6608,1.6608,1.6608,1.6608,1.6608,1.6608,1.6608,1.367,1.6608,1.6608,1.6608,1.6608,1.6608,1.6608,1.6608,1.6608,1.6608,1.6608,1.6608,1.6608
1.6625,1.6625,1.6625,1.6625,1.6625,1.6625,1.6625,1.6625,1.6625,1.6625,1.6625,1.6625,1.6625,1.6625,1.6625,1.6625,1.6625,1.6625,1.6625,1.6625,1.6625,1.6625,1.6625,1.6625,1.6625
1.6642,1.6642,1.6642,1.6642,1.6642,1.6642,1.6642,1.6642,1.6642,1.6642,1.6642,1.6642,1.6642,1.1477,1.6642,1.6642,1.6642,1.6642,1.6642,1.6642,1.6642,1.6642,1.6642,1.6642,1.6642
1.6659,1.6659,1.6659,1.6659,1.6659,1.6659,1.6659,1.6659,1.6659,1.6659,1.6659,1.6659,1.6659,1.6659,1.6659,1.6659,1.6659,1.6659,1.6659,1.6659,1.6659,1.6659,1.6659,1.6659,1.6659
1.6676,1.6676,1.6676,1.6676,1.6676,1.6676,1.6676,1.6676,1.6676,1.6676,1.6676,1.6676,1.6676,1.6676,1.6676,1.6676,1.6676,1.6676,1.6676,1.6676,1.6676,1.6676,1.6676,1.6676,1.6676
1.6693,1.6693,1.6693,1.6693,1.6693,1.6693,1.6693,1.6693,1.6693,1.6693,1.6693,1.6693,1.6693,1.6693,1.6693,1.6693,1.6693,1.6693,1.6693,1.6693,1.6693,1.6693,1.6693,1.6693,1.6693
1.671,1.671,1.671,1.671,1.671,1.671,1.671,1.671,1.671,1.671,1.671,1.671,1.671,1.671,1.671,1.671,1.671,1.671,1.671,1.671,1.671,1.671,1.671,1.671,1.671
1.6727,1.6727,1.6727,1.6727,1.6727,1.6727,1.6727,1.6727,1.6727,1.6727,1.6727,1.6727,1.6727,1.6727,1.6727,1.6727,1.6727,1.6727,1.6727,1.6727,1.6727,1.6727,1.6727,1.6727,1.6727
1.6744,1.6744,1.6744,1.6744,1.6744,1.6744,1.6744,1.6744,1.6744,1.6744,1.6744,1.6744,1.6744,1.6744,1.6744,1.6744,1.6744,1.6744,1.6744,1.6744,1.6744,1.6744,1.6744,1.6744,1.6744
1.6761,1.6761,1.6761,1.6761,1.6761,1.6761,1.6761,1.6761,1.6761,1.6761,1.6761,1.6761,1.6761,1.6761,1.6761,1.6761,1.6761,1.6761,1.6761,1.6761,1.6761,1.6761,1.6761,1.6761,1.6761
1.6778,1.6778,1.6778,1.6778,1.6778,1.6778,1.6778,1.6778,1.6778,1.6778,1.6778,1.6778,1.6778,1.6778,1.6778,1.6778,1.6778,1.6778,1.6778,1.6778,1.6778,1.6778,1.6778,1.6778,1.6778
1.6795,1.6795,1.6795,1.6795,1.6795,1.6795,1.6795,1.6795,1.6795,1.6795,1.6795,1.6795,1.6795,1.6795,1.6795,1.6795,1.6795,1.6795,1.6795,1.6795,1.6795,1.6795,1.6795,1.6795,1.6795
1.6813,1.6813,1.6813,1.6813,1.6813,1.6813,1.6813,1.6813,1.6813,1.6813,1.6813,1.6813,1.6813,1.6813,1.6813,1.6813,1.6813,1.6813,1.6813,1.6813,1.6813,1.6813,1.6813,1.6813,1.6813
1.683,1.683,1.683,1.683,1.683,1.683,1.683,1.683,1.683,1.683,1.683,1.683,1.1592,1.683,1.683,1.683,1.683,1.683,1.683,1.683,1.683,1.683,1.683,1.683,1.683
1.6847,1.6847,1.6847,1.6847,1.6847,1.6847,1.6847,1.6847,1.6847,1.6847,1.6847,1.6847,1.6847,1.6847,1.6847,1.6847,1.6847,1.6847,1.6847,1.6847,1.6847,1.6847,1.6847,1.6847,1.6847
1.6865,1.6865,1.6865,1.6865,1.6865,1.6865,1.6865,1.6865,1.6865,1.6865,1.6865,1.6865,1.6865,1.1761,1.6865,1.6865,1.6865,1.6865,1.6865,1.6865,1.6865,1.6865,1.6865,1.6865,1.6865
1.6882,1.6882,1.6882,1.6882,1.6882,1.6882,1.6882,1.6882,1.6882,1.6882,1.6882,1.6882,1.6882,1.6882,1.6882,1.6882,1.6882,1.6882,1.6882,1.6882,1.6882,1.6882,1.6882,1.6882,1.6882
1.6899,1.6899,1.6899,1.6899,1.6899,1.6899,1.6899,1.6899,1.6899,1.6899,1.6899,1.6899,1.6899,1.6899,1.6899,1.6899,1.6899,1.6899,1.6899,1.6899,1.6899,1.6899,1.6899,1.6899,1.6899
1.6917,1.6917,1.6917,1.6917,1.6917,1.6917,1.6917,1.6917,1.6917,1.6917,1.6917,1.6917,1.6917,1.6917,1.6917,1.6917,1.6917,1.6917,1.6917,1.6917,1.6917,1.6917,1.6917,1.6917,1.6917
1.6934,1.6934,1.6934,1.6934,1.6934,1.6934,1.6934,1.6934,1.6934,1.6934,1.6934,1.6934,1.6934,1.6934,1.6934,1.6934,1.6934,1.6934,1.6934,1.6934,1.6934,1.6934,1.6934,1.6934,1.6934
1.6952,1.6952,1.6952,1.6952,1.6952,1.6952,1.6952,1.6952,1.6952,1.6952,1.6952,1.6952,1.6952,1.6952,1.6952,1.6952,1.6952,1.6952,1.6952,1.6952,1.6952,1.6952,1.6952,1.6952,1.6952
1.6969,1.6969,1.6969,1.6969,1.6969,1.6969,1.6969,1.6969,1.6969,1.6969,1.6969,1.6969,1.6969,1.6969,1.6969,1.6969,1.6969,1.6969,1.6969,1.6969,1.6969,1.6969,1.6969,1.6969,1.6969
1.6987,1.6987,1.6987,1.6987,1.6987,1.6987,1.6987,1.6987,1.6987,1.6987,1.6987,1.6987,1.6987,1.6987,1.6987,1.6987,1.6987,1.6987,1.6987,1.6987,1.6987,1.6987,1.6987,1.6987,1.6987
1.7005,1.7005,1.7005,1.7005,1.7005,1.7005,1.7005,1.7005,1.7005,1.7005,1.7005,1.7005,1.7005,1.1433,1.7005,1.7005,1.7005,1.7005,1.7005,1.7005,1.7005,1.7005,1.7005,1.7005,1.7005
1.7022,1.7022,1.7022,1.7022,1.7022,1.7022,1.7022,1.7022,1.7022,1.7022,1.7022,1.7022,1.7022,1.7022,1.7022,1.7022,1.7022,1.7022,1.7022,1.7022,1.7022,1.7022,1.7022,1.7022,1.7022
1.704,1.704,1.704,1.704,1.704,1.704,1.704,1.704,1.704,1.704,1.704,1.704,1.704,1.704,1.704,1.704,1.704,1.704,1.704,1.704,1.704,1.704,1.704,1.704,1.704
1.7058,1.7058,1.7058,1.7058,1.7058,1.7058,1.7058,1.7058,1.7058,1.7058,1.7058,1.7058,1.5378,1.7058,1.7058,1.7058,1.7058,1.7058,1.7058,1.7058,1.7058,1.7058,1.7058,1.7058,1.7058
1.7076,1.7076,1.7076,1.7076,1.7076,1.7076,1.7076,1.7076,1.7076,1.7076,1.7076,1.7076,1.7076,1.7076,1.7076,1.7076,1.7076,1.7076,1.7076,1.7076,1.7076,1.7076,1.7076,1.7076,1.7076
1.7093,1.7093,1.7093,1.7093,1.7093,1.7093,1.7093,1.7093,1.7093,1.7093,1.7093,1.7093,1.7093,1.7093,1.7093,1.7093,1.7093,1.7093,1.7093,1.7093,1.7093,1.7093,1.7093,1.7093,1.7093
1.7111,1.7111,1.7111,1.7111,1.7111,1.7111,1.7111,1.7111,1.7111,1.7111,1.7111,1.7111,1.7111,1.7111,1.7111,1.7111,1.7111,1.7111,1.7111,1.7111,1.7111,1.7111,1.7111,1.7111,1.7111
1.7129,1.7129,1.7129,1.7129,1.7129,1.7129,1.7129,1.7129,1.7129,1.7129,1.7129,1.7129,1.7129,1.7129,1.7129,1.7129,1.7129,1.7129,1.7129,1.7129,1.7129,1.7129,1.7129,1.7129,1.7129
1.7147,1.7147,1.7147,1.7147,1.7147,1.7147,1.7147,1.7147,1.7147,1.7147,1.7147,1.7147,1.7147,1.7147,1.7147,1.7147,1.7147,1.7147,1.7147,1.7147,1.7147,1.7147,1.7147,1.7147,1.7147
1.7165,1.7165,1.7165,1.7165,1.7165,1.7165,1.7165,1.7165,1.7165,1.7165,1.7165,1.7165,1.7165,1.7165,1.7165,1.7165,1.7165,1.7165,1.7165,1.7165,1.7165,1.7165,1.7165,1.7165,1.7165
1.7183,1.7183,1.7183,1.7183,1.7183,1.7183,1.7183,1.7183,1.7183,1.7183,1.7183,1.7183,1.7183,1.7183,1.7183,1.7183,1.7183,1.7183,1.7183,1.7183,1.7183,1.7183,1.7183,1.7183,1.7183
1.7201,1.7201,1.7201,1.7201,1.7201,1.7201,1.7201,1.7201,1.7201,1.7201,1.7201,1.7201,0.9181,1.7201,1.7201,1.7201,1.7201,1.7201,1.7201,1.7201,1.7201,1.7201,1.7201,1.7201,1.7201
1.7219,1.7219,1.7219,1.7219,1.7219,1.7219,1.7219,1.7219,1.7219,1.7219,1.7219,1.7219,1.7219,1.7219,1.7219,1.7219,1.7219,1.7219,1.7219,1.7219,1.7219,1.7219,1.7219,1.7219,1.7219
1.7237,1.7237,1.7237,1.7237,1.7237,1.7237,1.7237,1.7237,1.7237,1.7237,1.7237,1.7237,1.7237,0.8707,1.7237,1.7237,1.7237,1.7237,1.7237,1.7237,1.7237,1.7237,1.7237,1.7237,1.7237
1.7255,1.7255,1.7255,1.7255,1.7255,1.7255,1.7255,1.7255,1.7255,1.7255,1.7255,1.7255,1.7255,1.7255,1.7255,1.7255,1.7255,1.7255,1.7255,1.7255,1.7255,1.7255,1.7255,1.7255,1.7255
1.7274,1.7274,1.7274,1.7274,1.7274,1.7274,1.7274,1.7274,1.7274,1.7274,1.7274,1.7274,1.7274,1.7274,1.7274,1.7274,1.7274,1.7274,1.7274,1.7274,1.7274,1.7274,1.7274,1.7274,1.7274
1.7292,1.7292,1.7292,1.7292,1.7292,1.7292,1.7292,1.7292,1.7292,1.7292,1.7292,1.7292,1.7292,1.7292,1.7292,1.7292,1.7292,1.7292,1.7292,1.7292,1.7292,1.7292,1.7292,1.7292,1.7292
1.731,1.731,1.731,1.731,1.731,1.731,1.731,1.731,1.731,1.731,1.731,1.731,1.731,1.731,1.731,1.731,1.731,1.731,1.731,1.731,1.731,1.731,1.731,1.731,1.731
1.7328,1.7328,1.7328,1.7328,1.7328,1.7328,1.7328,1.7328,1.7328,1.7328,1.7328,1.7328,1.7328,1.7328,1.7328,1.7328,1.7328,1.7328,1.7328,1.7328,1.7328,1.7328,1.7328,1.7328,1.7328
1.7347,1.7347,1.7347,1.7347,1.7347,1.7347,1.7347,1.7347,1.7347,1.7347,1.7347,1.7347,1.7347,1.7347,1.7347,1.7347,1.7347,1.7347,1.7347,1.7347,1.7347,1.7347,1.7347,1.7347,1.7347
1.7365,1.7365,1.7365,1.7365,1.7365,1.7365,1.7365,1.7365,1.7365,1.7365,1.7365,1.7365,1.7365,1.7365,1.7365,1.7365,1.7365,1.7365,1.7365,1.7365,1.7365,1.7365,1.7365,1.7365,1.7365
1.7384,1.7384,1.7384,1.7384,1.7384,1.7384,1.7384,1.7384,1.7384,1.7384,1.7384,1.7384,1.7384,1.3104,1.7384,1.7384,1.7384,1.7384,1.7384,1.7384,1.7384,1.7384,1.7384,1.7384,1.7384
1.7402,1.7402,1.7402,1.7402,1.7402,1.7402,1.7402,1.7402,1.7402,1.7402,1.7402,1.7402,1.7402,1.7402,1.7402,1.7402,1.7402,1.7402,1.7402,1.7402,1.7402,1.7402,1.7402,1.7402,1.7402
1.7421,1.7421,1.7421,1.7421,1.7421,1.7421,1.7421,1.7421,1.7421,1.7421,1.7421,1.7421,1.7421,1.7421,1.7421,1.7421,1.7421,1.7421,1.7421,1.7421,1.7421,1.7421,1.7421,1.7421,1.7421
1.7439,1.7439,1.7439,1.7439,1.7439,1.7439,1.7439,1.7439,1.7439,1.7439,1.7439,1.7439,1.0267,1.7439,1.7439,1.7439,1.7439,1.7439,1.7439,1.7439,1.7439,1.7439,1.7439,1.7439,1.7439
1.7458,1.7458,1.7458,1.7458,1.7458,1.7458,1.7458,1.7458,1.7458,1.7458,1.7458,1.7458,1.7458,1.7458,1.7458,1.7458,1.7458,1.7458,1.7458,1.7458,1.7458,1.7458,1.7458,1.7458,1.7458
1.7476,1.7476,1.7476,1.7476,1.7476,1.7476,1.7476,1.7476,1.7476,1.7476,1.7476,1.7476,1.7476,1.7476,1.7476,1.7476,1.7476,1.7476,1.7476,1.7476,1.7476,1.7476,1.7476,1.7476,1.7476
1.7495,1.7495,1.7495,1.7495,1.7495,1.7495,1.7495,1.7495,1.7495,1.7495,1.7495,1.7495,1.7495,1.7495,1.7495,1.7495,1.7495,1.7495,1.7495,1.7495,1.7495,1.7495,1.7495,1.7495,1.7495
1.7514,1.7514,1.7514,1.7514,1.7514,1.7514,1.7514,1.7514,1.7514,1.7514,1.7514,1.7514,1.7514,1.7514,1.7514,1.7514,1.7514,1.7514,1.7514,1.7514,1.7514,1.7514,1.7514,1.7514,1.7514
1.7532,1.7532,1.7532,1.7532,1.7532,1.7532,1.7532,1.7532,1.7532,1.7532,1.7532,1.7532,1.7532,1.7532,1.7532,1.7532,1.7532,1.7532,1.7532,1.7532,1.7532,1.7532,1.7532,1.7532,1.7532
1.7551,1.7551,1.7551,1.7551,1.7551,1.7551,1.7551,1.7551,1.7551,1.7551,1.7551,1.7551,1.7551,1.7551,1.7551,1.7551,1.7551,1.7551,1.7551,1.7551,1.7551,1.7551,1.7551,1.7551,1.7551
1.757,1.757,1.757,1.757,1.757,1.757,1.757,1.757,1.757,1.757,1.757,1.757,1.757,1.757,1.757,1.757,1.757,1.757,1.757,1.757,1.757,1.757,1.757,1.757,1.757
1.7589,1.7589,1.7589,1.7589,1.7589,1.7589,1.7589,1.7589,1.7589,1.7589,1.7589,1.7589,0.9365,1.7589,1.7589,1.7589,1.7589,1.7589,1.7589,1.7589,1.7589,1.7589,1.7589,1.7589,1.7589
1.7608,1.7608,1.7608,1.7608,1.7608,1.7608,1.7608,1.7608,1.7608,1.7608,1.7608,1.7608,1.7608,1.7608,1.7608,1.7608,1.7608,1.7608,1.7608,1.7608,1.7608,1.7608,1.7608,1.7608,1.7608
1.7627,1.7627,1.7627,1.7627,1.7627,1.7627,1.7627,1.7627,1.7627,1.7627,1.7627,1.7627,1.7627,0.8078,1.7627,1.7627,1.7627,1.7627,1.7627,1.7627,1.7627,1.7627,1.7627,1.7627,1.7627
1.7646,1.7646,1.7646,1.7646,1.7646,1.7646,1.7646,1.7646,1.7646,1.7646,1.7646,1.7646,1.7646,1.7646,1.7646,1.7646,1.7646,1.7646,1.7646,1.7646,1.7646,1.7646,1.7646,1.7646,1.7646
1.7665,1.7665,1.7665,1.7665,1.7665,1.7665,1.7665,1.7665,1.7665,1.7665,1.7665,1.7665,1.7665,1.7665,1.7665,1.7665,1.7665,1.7665,1.7665,1.7665,1.7665,1.7665,1.7665,1.7665,1.7665
1.7684,1.7684,1.7684,1.7684,1.7684,1.7684,1.7684,1.7684,1.7684,1.7684,1.7684,1.7684,1.5609,1.7684,1.7684,1.7684,1.7684,1.7684,1.7684,1.7684,1.7684,1.7684,1.7684,1.7684,1.7684
1.7703,1.7703,1.7703,1.7703,1.7703,1.7703,1.7703,1.7703,1.7703,1.7703,1.7703,1.7703,1.7703,1.7703,1.7703,1.7703,1.7703,1.7703,1.7703,1.7703,1.7703,1.7703,1.7703,1.7703,1.7703
1.7722,1.7722,1.7722,1.7722,1.7722,1.7722,1.7722,1.7722,1.7722,1.7722,1.7722,1.7722,1.7722,1.7722,1.7474,1.7722,1.7722,1.7722,1.7722,1.7722,1.7722,1.7722,1.7722,1.7722,1.7722
1.7741,1.7741,1.7741,1.7741,1.7741,1.7741,1.7741,1.7741,1.7741,1.7741,1.7741,1.7741,1.7741,1.7741,1.7741,1.7741,1.7741,1.7741,1.7741,1.7741,1.7741,1.7741,1.7741,1.7741,1.7741
1.776,1.776,1.776,1.776,1.776,1.776,1.776,1.776,1.776,1.776,1.776,1.776,1.776,1.776,1.776,1.776,1.776,1.776,1.776,1.776,1.776,1.776,1.776,1.776,1.776
1.778,1.778,1.778,1.778,1.778,1.778,1.778,1.778,1.778,1.778,1.778,1.778,1.778,1.778,1.778,1.778,1.778,1.778,1.778,1.778,1.778,1.778,1.778,1.778,1.778
1.7799,1.7799,1.7799,1.7799,1.7799,1.7799,1.7799,1.7799,1.7799,1.7799,1.7799,1.7799,1.7799,1.7799,1.7799,1.7799,1.7799,1.7799,1.7799,1.7799,1.7799,1.7799,1.7799,1.7799,1.7799
1.7818,1.7818,1.7818,1.7818,1.7818,1.7818,1.7818,1.7818,1.7818,1.7818,1.7818,1.7818,1.7818,1.7818,1.7818,1.7818,1.7818,1.7818,1.7818,1.7818,1.7818,1.7818,1.7818,1.7818,1.7818
1.7838,1.7838,1.7838,1.7838,1.7838,1.7838,1.7838,1.7838,1.7838,1.7838,1.7838,1.7838,0.7596,1.7838,1.7838,1.7838,1.7838,1.7838,1.7838,1.7838,1.7838,1.7838,1.7838,1.7838,1.7838
1.7857,1.7857,1.7857,1.7857,1.7857,1.7857,1.7857,1.7857,1.7857,1.7857,1.7857,1.7857,1.7857,1.7857,1.7857,1.7857,1.7857,1.7857,1.7857,1.7857,1.7857,1.7857,1.7857,1.7857,1.7857
1.7877,1.7877,1.7877,1.7877,1.7877,1.7877,1.7877,1.7877,1.7877,1.7877,1.7877,1.7877,1.7877,0.7873,1.7877,1.7877,1.7877,1.7877,1.7877,1.7877,1.7877,1.7877,1.7877,1.7877,1.7877
1.7896,1.7896,1.7896,1.7896,1.7896,1.7896,1.7896,1.7896,1.7896,1.7896,1.7896,1.7896,1.7896,1.7896,1.7896,1.7896,1.7896,1.7896,1.7896,1.7896,1.7896,1.7896,1.7896,1.7896,1.7896
1.7916,1.7916,1.7916,1.7916,1.7916,1.7916,1.7916,1.7916,1.7916,1.7916,1.7916,1.7916,1.7916,1.7916,1.7916,1.7916,1.7916,1.7916,1.7916,1.7916,1.7916,1.7916,1.7916,1.7916,1.7916
1.7935,1.7935,1.7935,1.7935,1.7935,1.7935,1.7935,1.7935,1.7935,1.7935,1.7935,1.7935,1.7935,1.7935,1.7935,1.7935,1.7935,1.7935,1.7935,1.7935,1.7935,1.7935,1.7935,1.7935,1.7935
1.7955,1.7955,1.7955,1.7955,1.7955,1.7955,1.7955,1.7955,1.7955,1.7955,1.7955,1.7955,1.7955,1.7955,1.7955,1.7955,1.7955,1.7955,1.7955,1.7955,1.7955,1.7955,1.7955,1.7955,1.7955
1.7975,1.7975,1.7975,1.7975,1.7975,1.7975,1.7975,1.7975,1.7975,1.7975,1.7975,1.7975,1.7975,1.7975,1.7975,1.7975,1.7975,1.7975,1.7975,1.7975,1.7975,1.7975,1.7975,1.7975,1.7975
1.7995,1.7995,1.7995,1.7995,1.7995,1.7995,1.7995,1.7995,1.7995,1.7995,1.7995,1.7995,1.7995,1.7995,1.7995,1.7995,1.7995,1.7995,1.7995,1.7995,1.7995,1.7995,1.7995,1.7995,1.7995
1.8014,1.8014,1.8014,1.8014,1.8014,1.8014,1.8014,1.8014,1.8014,1.8014,1.8014,1.8014,1.8014,1.7175,1.8014,1.8014,1.8014,1.8014,1.8014,1.8014,1.8014,1.8014,1.8014,1.8014,1.8014
1.8034,1.8034,1.8034,1.8034,1.8034,1.8034,1.8034,1.8034,1.8034,1.8034,1.8034,1.8034,1.8034,0.9236,1.8034,1.8034,1.8034,1.8034,1.8034,1.8034,1.8034,1.8034,1.8034,1.8034,1.8034
1.8054,1.8054,1.8054,1.8054,1.8054,1.8054,1.8054,1.8054,1.8054,1.8054,1.8054,1.8054,1.8054,1.8054,1.8054,1.8054,1.8054,1.8054,1.8054,1.8054,1.8054,1.8054,1.8054,1.8054,1.8054
1.8074,1.8074,1.8074,1.8074,1.8074,1.8074,1.8074,1.8074,1.8074,1.8074,1.8074,1.8074,1.8074,1.8074,1.8074,1.8074,1.8074,1.8074,1.8074,1.8074,1.8074,1.8074,1.8074,1.8074,1.8074
1.8094,1.8094,1.8094,1.8094,1.8094,1.8094,1.8094,1.8094,1.8094,1.8094,1.8094,1.8094,1.0202,1.8094,1.8094,1.8094,1.8094,1.8094,1.8094,1.8094,1.8094,1.8094,1.8094,1.8094,1.8094
1.8114,1.8114,1.8114,1.8114,1.8114,1.8114,1.8114,1.8114,1.8114,1.8114,1.8114,1.8114,1.6774,1.8114,1.8114,1.8114,1.8114,1.8114,1.8114,1.8114,1.8114,1.8114,1.8114,1.8114,1.8114
1.8134,1.8134,1.8134,1.8134,1.8134,1.8134,1.8134,1.8134,1.8134,1.8134,1.8134,1.8134,1.8134,1.8134,1.7098,1.8134,1.8134,1.8134,1.8134,1.8134,1.8134,1.8134,1.8134,1.8134,1.8134
1.8154,1.8154,1.8154,1.8154,1.8154,1.8154,1.8154,1.8154,1.8154,1.8154,1.8154,1.8154,1.8154,1.8154,1.8154,1.8154,1.8154,1.8154,1.8154,1.8154,1.8154,1.8154,1.8154,1.8154,1.8154
1.8174,1.8174,1.8174,1.8174,1.8174,1.8174,1.8174,1.8174,1.8174,1.8174,1.8174,1.8174,1.8174,1.8174,1.8174,1.8174,1.8174,1.8174,1.8174,1.8174,1.8174,1.8174,1.8174,1.8174,1.8174
1.8194,1.8194,1.8194,1.8194,1.8194,1.8194,1.8194,1.8194,1.8194,1.8194,1.8194,1.8194,1.8194,1.8194,1.8194,1.8194,1.8194,1.8194,1.8194,1.8194,1.8194,1.8194,1.8194,1.8194,1.8194
1.8215,1.8215,1.8215,1.8215,1.8215,1.8215,1.8215,1.8215,1.8215,1.8215,1.8215,1.8215,1.8215,1.8215,1.8215,1.8215,1.8215,1.8215,1.8215,1.8215,1.8215,1.8215,1.8215,1.8215,1.8215
1.8235,1.8235,1.8235,1.8235,1.8235,1.8235,1.8235,1.8235,1.8235,1.8235,1.8235,1.8235,1.8235,1.8235,1.8235,1.8235,1.8235,1.8235,1.8235,1.8235,1.8235,1.8235,1.8235,1.8235,1.8235
1.8255,1.8255,1.8255,1.8255,1.8255,1.8255,1.8255,1.8255,1.8255,1.8255,1.8255,1.8255,0.7361,1.8255,1.8255,1.8255,1.8255,1.8255,1.8255,1.8255,1.8255,1.8255,1.8255,1.8255,1.8255
1.8276,1.8276,1.8276,1.8276,1.8276,1.8276,1.8276,1.8276,1.8276,1.8276,1.8276,1.8276,1.8276,1.8276,1.8276,1.8276,1.8276,1.8276,1.8276,1.8276,1.8276,1.8276,1.8276,1.8276,1.8276
1.8296,1.8296,1.8296,1.8296,1.8296,1.8296,1.8296,1.8296,1.8296,1.8296,1.8296,1.8296,1.8296,0.6394,1.8296,1.8296,1.8296,1.8296,1.8296,1.8296,1.8296,1.8296,1.8296,1.8296,1.8296
1.8316,1.8316,1.8316,1.8316,1.8316,1.8316,1.8316,1.8316,1.8316,1.8316,1.8316,1.8316,1.8316,1.8316,1.8316,1.8316,1.8316,1.8316,1.8316,1.8316,1.8316,1.8316,1.8316,1.8316,1.8316
1.8337,1.8337,1.8337,1.8337,1.8337,1.8337,1.8337,1.8337,1.8337,1.8337,1.8337,1.8337,1.8337,1.8337,1.8337,1.8337,1.8337,1.8337,1.8337,1.8337,1.8337,1.8337,1.8337,1.8337,1.8337
1.8357,1.8357,1.8357,1.8357,1.8357,1.8357,1.8357,1.8357,1.8357,1.8357,1.8357,1.8357,1.817,1.8357,1.8357,1.8357,1.8357,1.8357,1.8357,1.8357,1.8357,1.8357,1.8357,1.8357,1.8357
1.8378,1.8378,1.8378,1.8378,1.8378,1.8378,1.8378,1.8378,1.8378,1.8378,1.8378,1.8378,1.8378,1.8378,1.8378,1.8378,1.8378,1.8378,1.8378,1.8378,1.8378,1.8378,1.8378,1.8378,1.8378
1.8399,1.8399,1.8399,1.8399,1.8399,1.8399,1.8399,1.8399,1.8399,1.8399,1.8399,1.8399,1.8399,1.8399,1.8399,1.8399,1.8399,1.8399,1.8399,1.8399,1.8399,1.8399,1.8399,1.8399,1.8399
1.8419,1.8419,1.8419,1.8419,1.8419,1.8419,1.8419,1.8419,1.8419,1.8419,1.8419,1.5613,1.8419,1.8419,1.8419,1.8419,1.8419,1.8419,1.8419,1.8419,1.8419,1.8419,1.8419,1.8419,1.8419
1.844,1.844,1.844,1.844,1.844,1.844,1.844,1.844,1.844,1.844,1.844,1.844,1.844,1.844,1.844,1.844,1.844,1.844,1.844,1.844,1.844,1.844,1.844,1.844,1.844
1.8461,1.8461,1.8461,1.8461,1.8461,1.8461,1.8461,1.8461,1.8461,1.8461,1.8461,1.8461,1.8461,1.1785,1.8461,1.8461,1.8461,1.8461,1.8461,1.8461,1.8461,1.8461,1.8461,1.8461,1.8461
1.8482,1.8482,1.8482,1.8482,1.8482,1.8482,1.8482,1.8482,1.8482,1.8482,1.8482,1.8482,1.8482,1.8482,1.8482,1.8482,1.8482,1.8482,1.8482,1.8482,1.8482,1.8482,1.8482,1.8482,1.8482
1.8503,1.8503,1.8503,1.8503,1.8503,1.8503,1.8503,1.8503,1.8503,1.8503,1.8503,1.8503,1.8503,1.8503,1.8503,1.8503,1.8503,1.8503,1.8503,1.8503,1.8503,1.8503,1.8503,1.8503,1.8503
1.8523,1.8523,1.8523,1.8523,1.8523,1.8523,1.8523,1.8523,1.8523,1.8523,1.8523,1.8523,0.7471,1.8523,1.8523,1.8523,1.8523,1.8523,1.8523,1.8523,1.8523,1.8523,1.8523,1.8523,1.8523
1.8544,1.8544,1.8544,1.8544,1.8544,1.8544,1.8544,1.8544,1.8544,1.8544,1.8544,1.8544,1.8544,1.8544,1.8544,1.8544,1.8544,1.8544,1.8544,1.8544,1.8544,1.8544,1.8544,1.8544,1.8544
1.8565,1.8565,1.8565,1.8565,1.8565,1.8565,1.8565,1.8565,1.8565,1.8565,1.8565,1.8565,1.8565,1.8565,1.7412,1.8565,1.8565,1.8565,1.8565,1.8565,1.8565,1.8565,1.8565,1.8565,1.8565
1.8587,1.8587,1.8587,1.8587,1.8587,1.8587,1.8587,1.8587,1.8587,1.8587,1.8587,1.8587,1.8587,1.8587,1.8587,1.8587,1.8587,1.8587,1.8587,1.8587,1.8587,1.8587,1.8587,1.8587,1.8587
1.8608,1.8608,1.8608,1.8608,1.8608,1.8608,1.8608,1.8608,1.8608,1.8608,1.8608,1.8608,1.8608,1.8608,1.8608,1.8608,1.8608,1.8608,1.8608,1.8608,1.8608,1.8608,1.8608,1.8608,1.8608
1.8629,1.8629,1.8629,1.8629,1.8629,1.8629,1.8629,1.8629,1.8629,1.8629,1.8629,1.8629,1.8629,1.8629,1.8629,1.8629,1.8629,1.8629,1.8629,1.8629,1.8629,1.8629,1.8629,1.8629,1.8629
1.865,1.865,1.865,1.865,1.865,1.865,1.865,1.865,1.865,1.865,1.865,1.865,1.865,1.865,1.865,1.865,1.865,1.865,1.865,1.865,1.865,1.865,1.865,1.865,1.865
1.8671,1.8671,1.8671,1.8671,1.8671,1.8671,1.8671,1.8671,1.8671,1.8671,1.8671,1.8671,1.8671,1.8671,1.8671,1.8671,1.8671,1.8671,1.8671,1.8671,1.8671,1.8671,1.8671,1.8671,1.8671
1.8693,1.8693,1.8693,1.8693,1.8693,1.8693,1.8693,1.8693,1.8693,1.8693,1.8693,1.6976,1.8693,1.8693,1.8693,1.8693,1.8693,1.8693,1.8693,1.8693,1.8693,1.8693,1.8693,1.8693,1.8693
1.8714,1.8714,1.8714,1.8714,1.8714,1.8714,1.8714,1.8714,1.8714,1.8714,1.8714,1.8714,1.8714,1.8714,1.8714,1.8714,1.8714,1.8714,1.8714,1.8714,1.8714,1.8714,1.8714,1.8714,1.8714
1.8735,1.8735,1.8735,1.8735,1.8735,1.8735,1.8735,1.8735,1.8735,1.8735,1.8735,1.8735,1.8735,0.7052,1.8735,1.8735,1.8735,1.8735,1.8735,1.8735,1.8735,1.8735,1.8735,1.8735,1.8735
1.8757,1.8757,1.8757,1.8757,1.8757,1.8757,1.8757,1.8757,1.8757,1.8757,1.8757,1.8757,1.8757,1.8757,1.8757,1.8757,1.8757,1.8757,1.8757,1.8757,1.8757,1.8757,1.8757,1.8757,1.8757
1.8778,1.8778,1.8778,1.8778,1.8778,1.8778,1.8778,1.8778,1.8778,1.8778,1.8778,1.8778,1.8778,1.8778,1.8778,1.8778,1.8778,1.8778,1.8778,1.8778,1.8778,1.8778,1.8778,1.8778,1.8778
1.88,1.88,1.88,1.88,1.88,1.88,1.88,1.88,1.88,1.88,1.88,1.88,1.0976,1.88,1.88,1.88,1.88,1.88,1.88,1.88,1.88,1.88,1.88,1.88,1.88
1.8821,1.8821,1.8821,1.8821,1.8821,1.8821,1.8821,1.8821,1.8821,1.8821,1.8821,1.8821,1.5363,1.8821,1.8821,1.8821,1.8821,1.8821,1.8821,1.8821,1.8821,1.8821,1.8821,1.8821,1.8821
1.8843,1.8843,1.8843,1.8843,1.8843,1.8843,1.8843,1.8843,1.8843,1.8843,1.8843,1.8843,1.8843,1.8843,1.4564,1.8843,1.8843,1.8843,1.8843,1.8843,1.8843,1.8843,1.8843,1.8843,1.8843
1.8865,1.8865,1.8865,1.8865,1.8865,1.8865,1.8865,1.8865,1.8865,1.8865,1.8865,1.8865,1.8865,1.8865,1.8865,1.8865,1.8865,1.8865,1.8865,1.8865,1.8865,1.8865,1.8865,1.8865,1.8865
1.8886,1.8886,1.8886,1.8886,1.8886,1.8886,1.8886,1.8886,1.8886,1.8886,1.8886,1.8886,1.8886,1.8886,1.8886,1.8886,1.8886,1.8886,1.8886,1.8886,1.8886,1.8886,1.8886,1.8886,1.8886
1.8908,1.8908,1.8908,1.8908,1.8908,1.8908,1.8908,1.8908,1.8908,1.8908,1.8908,1.8908,1.8908,1.8308,1.8908,1.8908,1.8908,1.8908,1.8908,1.8908,1.8908,1.8908,1.8908,1.8908,1.8908
1.893,1.893,1.893,1.893,1.893,1.893,1.893,1.893,1.893,1.893,1.893,1.893,1.893,1.893,1.893,1.893,1.893,1.893,1.893,1.893,1.893,1.893,1.893,1.893,1.893
1.8952,1.8952,1.8952,1.8952,1.8952,1.8952,1.8952,1.8952,1.8952,1.8952,1.8952,1.8952,1.8952,1.8952,1.8952,1.8952,1.8952,1.8952,1.8952,1.8952,1.8952,1.8952,1.8952,1.8952,1.8952
1.8974,1.8974,1.8974,1.8974,1.8974,1.8974,1.8974,1.8974,1.8974,1.8974,1.8974,1.8974,0.6094,1.8974,1.8974,1.8974,1.8974,1.8974,1.8974,1.8974,1.8974,1.8974,1.8974,1.8974,1.8974
1.8996,1.8996,1.8996,1.8996,1.8996,1.8996,1.8996,1.8996,1.8996,1.8996,1.8996,1.8996,1.8996,1.8996,1.8996,1.8996,1.8996,1.8996,1.8996,1.8996,1.8996,1.8996,1.8996,1.8996,1.8996
1.9018,1.9018,1.9018,1.9018,1.9018,1.9018,1.9018,1.9018,1.9018,1.9018,1.9018,1.9018,1.9018,0.617,1.8469,1.9018,1.9018,1.9018,1.9018,1.9018,1.9018,1.9018,1.9018,1.9018,1.9018
1.904,1.904,1.904,1.904,1.904,1.904,1.904,1.904,1.904,1.904,1.904,1.904,1.904,1.904,1.904,1.904,1.904,1.904,1.904,1.904,1.904,1.904,1.904,1.904,1.904
1.9062,1.9062,1.9062,1.9062,1.9062,1.9062,1.9062,1.9062,1.9062,1.9062,1.9062,1.9062,1.9062,1.9062,1.9062,1.9062,1.9062,1.9062,1.9062,1.9062,1.9062,1.9062,1.9062,1.9062,1.9062
1.9084,1.9084,1.9084,1.9084,1.9084,1.9084,1.9084,1.9084,1.9084,1.9084,1.9084,1.9084,1.9084,1.9084,1.9084,1.9084,1.9084,1.9084,1.9084,1.9084,1.9084,1.9084,1.9084,1.9084,1.9084
1.9107,1.9107,1.9107,1.9107,1.9107,1.9107,1.9107,1.9107,1.9107,1.9107,1.9107,1.9107,1.9107,1.9107,1.9107,1.9107,1.9107,1.9107,1.9107,1.9107,1.9107,1.9107,1.9107,1.9107,1.9107
1.9129,1.9129,1.9129,1.9129,1.9129,1.9129,1.9129,1.9129,1.9129,1.9129,1.9129,1.9129,1.9129,1.9129,1.9129,1.9129,1.9129,1.9129,1.9129,1.9129,1.9129,1.9129,1.9129,1.9129,1.9129
1.9151,1.9151,1.9151,1.9151,1.9151,1.9151,1.9151,1.9151,1.9151,1.9151,1.9151,1.4663,1.9151,1.9151,1.9151,1.9151,1.9151,1.9151,1.9151,1.9151,1.9151,1.9151,1.9151,1.9151,1.9151
1.9174,1.9174,1.9174,1.9174,1.9174,1.9174,1.9174,1.9174,1.9174,1.9174,1.9174,1.9174,1.9174,1.4552,1.9174,1.9174,1.9174,1.9174,1.9174,1.9174,1.9174,1.9174,1.9174,1.9174,1.9174
1.9196,1.9196,1.9196,1.9196,1.9196,1.9196,1.9196,1.9196,1.9196,1.9196,1.9196,1.9196,1.9196,0.86,1.9196,1.9196,1.9196,1.9196,1.9196,1.9196,1.9196,1.9196,1.9196,1.9196,1.9196
1.9219,1.9219,1.9219,1.9219,1.9219,1.9219,1.9219,1.9219,1.9219,1.9219,1.9219,1.9219,1.9219,1.9219,1.9219,1.9219,1.9219,1.9219,1.9219,1.9219,1.9219,1.9219,1.9219,1.9219,1.9219
1.9241,1.9241,1.9241,1.9241,1.9241,1.9241,1.9241,1.9241,1.9241,1.9241,1.9241,1.9241,1.9241,1.9241,1.9241,1.9241,1.9241,1.9241,1.9241,1.9241,1.9241,1.9241,1.9241,1.9241,1.9241
1.9264,1.9264,1.9264,1.9264,1.9264,1.9264,1.9264,1.9264,1.9264,1.9264,1.9264,1.9264,0.775,1.9264,1.9264,1.9264,1.9264,1.9264,1.9264,1.9264,1.9264,1.9264,1.9264,1.9264,1.9264
1.9287,1.9287,1.9287,1.9287,1.9287,1.9287,1.9287,1.9287,1.9287,1.9287,1.9287,1.9287,1.5802,1.9287,1.9287,1.9287,1.9287,1.9287,1.9287,1.9287,1.9287,1.9287,1.9287,1.9287,1.9287
1.9309,1.9309,1.9309,1.9309,1.9309,1.9309,1.9309,1.9309,1.9309,1.9309,1.9309,1.9309,1.9309,1.9309,1.4848,1.9309,1.9309,1.9309,1.9309,1.9309,1.9309,1.9309,1.9309,1.9309,1.9309
1.9332,1.9332,1.9332,1.9332,1.9332,1.9332,1.9332,1.9332,1.9332,1.9332,1.9332,1.9332,1.9332,1.9332,1.9332,1.9332,1.9332,1.9332,1.9332,1.9332,1.9332,1.9332,1.9332,1.9332,1.9332
1.9355,1.9355,1.9355,1.9355,1.9355,1.9355,1.9355,1.9355,1.9355,1.9355,1.9355,1.9355,1.9355,1.9355,1.9355,1.9355,1.9355,1.9355,1.9355,1.9355,1.9355,1.9355,1.9355,1.9355,1.9355
1.9378,1.9378,1.9378,1.9378,1.9378,1.9378,1.9378,1.9378,1.9378,1.9378,1.9378,1.9378,1.9378,1.9378,1.9378,1.9378,1.9378,1.9378,1.9378,1.9378,1.9378,1.9378,1.9378,1.9378,1.9378
1.9401,1.9401,1.9401,1.9401,1.9401,1.9401,1.9401,1.9401,1.9401,1.9401,1.9401,1.8286,1.9401,1.9401,1.9401,1.9401,1.9401,1.9401,1.9401,1.9401,1.9401,1.9401,1.9401,1.9401,1.9401
1.9424,1.9424,1.9424,1.9424,1.9424,1.9424,1.9424,1.9424,1.9424,1.9424,1.9424,1.9424,1.9424,1.9424,1.9424,1.9424,1.9424,1.9424,1.9424,1.9424,1.9424,1.9424,1.9424,1.9424,1.9424
1.9447,1.9447,1.9447,1.9447,1.9447,1.9447,1.9447,1.9447,1.9447,1.9447,1.9447,1.6501,0.6592,1.9447,1.9447,1.9447,1.9447,1.9447,1.9447,1.9447,1.9447,1.9447,1.9447,1.9447,1.9447
1.947,1.947,1.947,1.947,1.947,1.947,1.947,1.947,1.947,1.947,1.947,1.947,1.947,1.947,1.947,1.947,1.947,1.947,1.947,1.947,1.947,1.947,1.947,1.947,1.947
1.9493,1.9493,1.9493,1.9493,1.9493,1.9493,1.9493,1.9493,1.9493,1.9493,1.9493,1.9493,1.9493,0.5673,1.9493,1.9493,1.9493,1.9493,1.9493,1.9493,1.9493,1.9493,1.9493,1.9493,1.9493
1.9516,1.9516,1.9516,1.9516,1.9516,1.9516,1.9516,1.9516,1.9516,1.9516,1.9516,1.9516,1.9516,1.9516,1.9516,1.9516,1.9516,1.9516,1.9516,1.9516,1.9516,1.9516,1.9516,1.9516,1.9516
1.954,1.954,1.954,1.954,1.954,1.954,1.954,1.954,1.954,1.954,1.954,1.954,1.954,1.954,1.954,1.954,1.954,1.954,1.954,1.954,1.954,1.954,1.954,1.954,1.954
1.9563,1.9563,1.9563,1.9563,1.9563,1.9563,1.9563,1.9563,1.9563,1.9563,1.9563,1.9563,1.2783,1.9563,1.9563,1.9563,1.9563,1.9563,1.9563,1.9563,1.9563,1.9563,1.9563,1.9563,1.9563
1.9586,1.9586,1.9586,1.9586,1.9586,1.9586,1.9586,1.9586,1.9586,1.9586,1.9586,1.9586,1.9586,1.9586,1.9586,1.9586,1.9586,1.9586,1.9586,1.9586,1.9586,1.9586,1.9586,1.9586,1.9586
1.961,1.961,1.961,1.961,1.961,1.961,1.961,1.961,1.961,1.961,1.961,1.961,1.961,1.961,1.2828,1.961,1.961,1.961,1.961,1.961,1.961,1.961,1.961,1.961,1.961
1.9633,1.9633,1.9633,1.9633,1.9633,1.9633,1.9633,1.9633,1.9633,1.9633,1.9633,1.3608,1.9633,1.9633,1.9633,1.9633,1.9633,1.9633,1.9633,1.9633,1.9633,1.9633,1.9633,1.9633,1.9633
1.9657,1.9657,1.9657,1.9657,1.9657,1.9657,1.9657,1.9657,1.9657,1.9657,1.9657,1.9657,1.9657,1.9657,1.9657,1.9657,1.9657,1.9657,1.9657,1.9657,1.9657,1.9657,1.9657,1.9657,1.9657
1.968,1.968,1.968,1.968,1.968,1.968,1.968,1.968,1.968,1.968,1.968,1.968,1.968,1.1879,1.968,1.968,1.968,1.968,1.968,1.968,1.968,1.968,1.968,1.968,1.968
1.9704,1.9704,1.9704,1.9704,1.9704,1.9704,1.9704,1.9704,1.9704,1.9704,1.9704,1.9704,1.9704,1.9704,1.9704,1.9704,1.9704,1.9704,1.9704,1.9704,1.9704,1.9704,1.9704,1.9704,1.9704
1.9728,1.9728,1.9728,1.9728,1.9728,1.9728,1.9728,1.9728,1.9728,1.9728,1.9728,1.9728,1.9728,1.9728,1.9728,1.9728,1.9728,1.9728,1.9728,1.9728,1.9728,1.9728,1.9728,1.9728,1.9728
1.9752,1.9752,1.9752,1.9752,1.9752,1.9752,1.9752,1.9752,1.9752,1.9752,1.9752,1.9752,0.5969,1.9752,1.9752,1.9752,1.9752,1.9752,1.9752,1.9752,1.9752,1.9752,1.9752,1.9752,1.9752
1.9775,1.9775,1.9775,1.9775,1.9775,1.9775,1.9775,1.9775,1.9775,1.9775,1.9775,1.9775,1.9775,1.9775,1.9775,1.9775,1.9775,1.9775,1.9775,1.9775,1.9775,1.9775,1.9775,1.9775,1.9775
1.9799,1.9799,1.9799,1.9799,1.9799,1.9799,1.9799,1.9799,1.9799,1.9799,1.9799,1.9799,1.9799,0.6171,1.5652,1.9799,1.9799,1.9799,1.9799,1.9799,1.9799,1.9799,1.9799,1.9799,1.9799
1.9823,1.9823,1.9823,1.9823,1.9823,1.9823,1.9823,1.9823,1.9823,1.9823,1.9823,1.9823,1.9823,1.9823,1.9823,1.9823,1.9823,1.9823,1.9823,1.9823,1.9823,1.9823,1.9823,1.9823,1.9823
1.9847,1.9847,1.9847,1.9847,1.9847,1.9847,1.9847,1.9847,1.9847,1.9847,1.9847,1.9847,1.9847,1.9847,1.8056,1.9847,1.9847,1.9847,1.9847,1.9847,1.9847,1.9847,1.9847,1.9847,1.9847
1.9871,1.9871,1.9871,1.9871,1.9871,1.9871,1.9871,1.9871,1.9871,1.9871,1.9871,1.9871,1.9871,1.9871,1.9871,1.9871,1.9871,1.9871,1.9871,1.9871,1.9871,1.9871,1.9871,1.9871,1.9871
1.9896,1.9896,1.9896,1.9896,1.9896,1.9896,1.9896,1.9896,1.9896,1.9896,1.9896,1.9126,1.9896,1.9896,1.9896,1.9896,1.9896,1.9896,1.9896,1.9896,1.9896,1.9896,1.9896,1.9896,1.9896
1.992,1.992,1.992,1.992,1.992,1.992,1.992,1.992,1.992,1.992,1.992,1.992,1.992,1.992,1.992,1.992,1.992,1.992,1.992,1.992,1.992,1.992,1.992,1.992,1.992
1.9944,1.9944,1.9944,1.9944,1.9944,1.9944,1.9944,1.9944,1.9944,1.9944,1.9944,1.4188,1.9944,1.9944,1.9944,1.9944,1.9944,1.9944,1.9944,1.9944,1.9944,1.9944,1.9944,1.9944,1.9944
1.9968,1.9968,1.9968,1.9968,1.9968,1.9968,1.9968,1.9968,1.9968,1.9968,1.9968,1.9968,1.9968,1.3115,1.9968,1.9968,1.9968,1.9968,1.9968,1.9968,1.9968,1.9968,1.9968,1.9968,1.9968
1.9993,1.9993,1.9993,1.9993,1.9993,1.9993,1.9993,1.9993,1.9993,1.9993,1.9993,1.9993,1.9993,0.6688,1.9993,1.9993,1.9993,1.9993,1.9993,1.9993,1.9993,1.9993,1.9993,1.9993,1.9993
2.0017,2.0017,2.0017,2.0017,2.0017,2.0017,2.0017,2.0017,2.0017,2.0017,2.0017,2.0017,2.0017,2.0017,2.0017,2.0017,2.0017,2.0017,2.0017,2.0017,2.0017,2.0017,2.0017,2.0017,2.0017
2.0042,2.0042,2.0042,2.0042,2.0042,2.0042,2.0042,2.0042,2.0042,2.0042,2.0042,2.0042,2.0042,2.0042,2.0042,2.0042,2.0042,2.0042,2.0042,2.0042,2.0042,2.0042,2.0042,2.0042,2.0042
2.0066,2.0066,2.0066,2.0066,2.0066,2.0066,2.0066,2.0066,2.0066,2.0066,2.0066,2.0066,0.8447,2.0066,2.0066,2.0066,2.0066,2.0066,2.0066,2.0066,2.0066,2.0066,2.0066,2.0066,2.0066
2.0091,2.0091,2.0091,2.0091,2.0091,2.0091,2.0091,2.0091,2.0091,2.0091,2.0091,2.0091,1.3133,2.0091,2.0091,2.0091,2.0091,2.0091,2.0091,2.0091,2.0091,2.0091,2.0091,2.0091,2.0091
2.0115,2.0115,2.0115,2.0115,2.0115,2.0115,2.0115,2.0115,2.0115,2.0115,2.0115,2.0115,2.0115,2.0115,1.3037,2.0115,2.0115,2.0115,2.0115,2.0115,2.0115,2.0115,2.0115,2.0115,2.0115
2.014,2.014,2.014,2.014,2.014,2.014,2.014,2.014,2.014,2.014,2.014,2.014,2.014,2.014,2.014,2.014,2.014,2.014,2.014,2.014,2.014,2.014,2.014,2.014,2.014
2.0165,2.0165,2.0165,2.0165,2.0165,2.0165,2.0165,2.0165,2.0165,2.0165,2.0165,2.0165,2.0165,2.0165,2.0165,2.0165,2.0165,2.0165,2.0165,2.0165,2.0165,2.0165,2.0165,2.0165,2.0165
2.019,2.019,2.019,2.019,2.019,2.019,2.019,2.019,2.019,2.019,2.019,2.019,2.019,2.019,2.019,2.019,2.019,2.019,2.019,2.019,2.019,2.019,2.019,2.019,2.019
2.0215,2.0215,2.0215,2.0215,2.0215,2.0215,2.0215,2.0215,2.0215,2.0215,2.0215,2.0215,2.0215,2.0215,2.0215,2.0215,2.0215,2.0215,2.0215,2.0215,2.0215,2.0215,2.0215,2.0215,2.0215
2.024,2.024,2.024,2.024,2.024,2.024,2.024,2.024,2.024,2.024,2.024,2.024,2.024,2.024,2.024,2.024,2.024,2.024,2.024,2.024,2.024,2.024,2.024,2.024,2.024
2.0265,2.0265,2.0265,2.0265,2.0265,2.0265,2.0265,2.0265,2.0265,2.0265,2.0265,1.6531,0.5595,2.0265,2.0265,2.0265,2.0265,2.0265,2.0265,2.0265,2.0265,2.0265,2.0265,2.0265,2.0265
2.029,2.029,2.029,2.029,2.029,2.029,2.029,2.029,2.029,2.029,2.029,2.029,2.029,2.029,2.029,2.029,2.029,2.029,2.029,2.029,2.029,2.029,2.029,2.029,2.029
2.0315,2.0315,2.0315,2.0315,2.0315,2.0315,2.0315,2.0315,2.0315,2.0315,2.0315,2.0315,2.0315,0.5167,1.7139,2.0315,2.0315,2.0315,2.0315,2.0315,2.0315,2.0315,2.0315,2.0315,2.0315
2.034,2.034,2.034,2.034,2.034,2.034,2.034,2.034,2.034,2.034,2.034,2.034,2.034,2.034,2.034,2.034,2.034,2.034,2.034,2.034,2.034,2.034,2.034,2.034,2.034
2.0365,2.0365,2.0365,2.0365,2.0365,2.0365,2.0365,2.0365,2.0365,2.0365,2.0365,2.0365,2.0365,2.0365,2.0365,2.0365,2.0365,2.0365,2.0365,2.0365,2.0365,2.0365,2.0365,2.0365,2.0365
2.0391,2.0391,2.0391,2.0391,2.0391,2.0391,2.0391,2.0391,2.0391,2.0391,2.0391,2.0391,1.6551,2.0391,2.0391,2.0391,2.0391,2.0391,2.0391,2.0391,2.0391,2.0391,2.0391,2.0391,2.0391
2.0416,2.0416,2.0416,2.0416,2.0416,2.0416,2.0416,2.0416,2.0416,2.0416,2.0416,2.0416,2.0416,2.0416,2.0416,2.0416,2.0416,2.0416,2.0416,2.0416,2.0416,2.0416,2.0416,2.0416,2.0416
2.0442,2.0442,2.0442,2.0442,2.0442,2.0442,2.0442,2.0442,2.0442,2.0442,2.0442,2.0442,2.0442,2.0442,2.0442,1.9957,2.0442,2.0442,2.0442,2.0442,2.0442,2.0442,2.0442,2.0442,2.0442
2.0467,2.0467,2.0467,2.0467,2.0467,2.0467,2.0467,2.0467,2.0467,2.0467,2.0467,1.2587,2.0467,2.0467,2.0467,2.0467,2.0467,2.0467,2.0467,2.0467,2.0467,2.0467,2.0467,2.0467,2.0467
2.0493,2.0493,2.0493,2.0493,2.0493,2.0493,2.0493,2.0493,2.0493,2.0493,2.0493,2.0493,2.0493,2.0493,2.0493,2.0493,2.0493,2.0493,2.0493,2.0493,2.0493,2.0493,2.0493,2.0493,2.0493
2.0518,2.0518,2.0518,2.0518,2.0518,2.0518,2.0518,2.0518,2.0518,2.0518,2.0518,2.0518,2.0518,0.8603,2.0518,2.0518,2.0518,2.0518,2.0518,2.0518,2.0518,2.0518,2.0518,2.0518,2.0518
2.0544,2.0544,2.0544,2.0544,2.0544,2.0544,2.0544,2.0544,2.0544,2.0544,2.0544,2.0544,2.0544,2.0544,2.0544,2.0544,2.0544,2.0544,2.0544,2.0544,2.0544,2.0544,2.0544,2.0544,2.0544
2.057,2.057,2.057,2.057,2.057,2.057,2.057,2.057,2.057,2.057,2.057,2.057,2.057,2.057,2.057,2.057,2.057,2.057,2.057,2.057,2.057,2.057,2.057,2.057,2.057
2.0596,2.0596,2.0596,2.0596,2.0596,2.0596,2.0596,2.0596,2.0596,2.0596,2.0596,2.0596,0.628,2.0596,2.0596,2.0596,2.0596,2.0596,2.0596,2.0596,2.0596,2.0596,2.0596,2.0596,2.0596
2.0315,2.0419,2.0622,2.0622,2.0622,2.0622,2.0622,2.0622,2.0622,2.0622,2.0622,2.0622,1.7739,2.0622,2.0622,2.0622,2.0622,2.0622,2.0622,2.0622,2.0622,2.0622,2.0622,2.0622,2.0622
2.0648,2.0648,2.0648,2.0648,2.0648,2.0648,2.0648,2.0648,2.0648,2.0648,2.0648,2.0648,2.0648,2.0648,1.3636,2.0648,2.0648,2.0648,2.0648,2.0648,2.0648,2.0648,2.0648,2.0648,2.0648
2.0674,2.0674,2.0674,2.0674,2.0674,2.0674,2.0674,2.0674,2.0674,2.0674,2.0674,2.0674,2.0674,2.0674,2.0674,2.0674,2.0674,2.0674,2.0674,2.0674,2.0674,2.0674,2.0674,2.0674,2.0674
2.07,2.07,2.07,2.07,2.07,2.07,2.07,2.07,2.07,2.07,2.07,2.07,2.07,2.07,1.6322,2.07,2.07,2.07,2.07,2.07,2.07,2.07,2.07,2.07,2.07
2.0726,2.0726,2.0726,2.0726,2.0726,2.0726,2.0726,2.0726,2.0726,2.0726,2.0726,2.0186,1.9608,1.9524,1.9903,2.0327,2.0726,2.0726,2.0726,2.0726,2.0726,2.0726,2.0726,2.0726,2.0726
2.0752,2.0752,2.0752,2.0752,2.0752,2.0752,2.0752,2.0752,2.0752,2.0752,2.0752,1.6219,2.0752,2.0752,2.0752,2.0752,2.0752,2.0752,2.0752,2.0752,2.0752,2.0752,2.0752,2.0752,2.0752
2.0779,2.0779,2.0779,2.0779,2.0779,2.0779,2.0779,2.0779,2.0779,2.0779,2.0779,2.0779,2.0779,2.0779,2.0779,2.0779,2.0779,2.0779,2.0779,2.0779,2.0779,2.0779,2.0779,2.0779,2.0779
2.0805,2.0805,2.0805,2.0805,2.0805,2.0805,2.0805,2.0805,2.0805,2.0805,2.0805,1.4066,2.0805,2.0805,2.0805,2.0805,2.0805,2.0805,2.0805,2.0805,2.0805,2.0805,2.0805,2.0805,2.0805
1.9929,2.0031,2.0354,2.0832,2.0832,2.0832,2.0832,2.0832,2.0832,2.0832,2.0832,2.0832,2.0832,1.8363,2.0832,2.0832,2.0832,2.0832,2.0832,2.0832,2.0832,2.0832,2.0832,2.0832,2.0832
2.0858,2.0858,2.0858,2.0858,2.0858,2.0858,2.0858,2.0858,2.0858,2.0858,2.0858,2.0858,2.0858,0.544,1.9675,2.0858,2.0858,2.0858,2.0858,2.0858,2.0858,2.0858,2.0858,2.0858,2.0858
2.0885,2.0885,2.0885,2.0885,2.0885,2.0885,2.0885,2.0885,2.0885,2.0885,2.0885,2.0885,2.0885,2.0885,2.0885,2.0885,2.0885,2.0885,2.0885,2.0885,2.0885,2.0885,2.0885,2.0885,2.0885
2.0911,2.0911,2.0911,2.0911,2.0911,2.0911,2.0911,2.0911,2.0911,2.0911,2.0911,2.0911,2.0911,2.0911,2.0911,2.0911,2.0911,2.0911,2.0911,2.0911,2.0911,2.0911,2.0911,2.0911,2.0911
2.0938,2.0938,2.0938,2.0938,2.0938,2.0938,2.0938,2.0938,2.0938,2.0938,2.0938,2.0938,0.9732,2.0393,2.079,2.0938,2.0938,2.0938,2.0938,2.0938,2.0938,2.0938,2.0938,2.0938,2.0938
2.0965,2.0965,2.0965,2.0965,2.0965,2.0965,2.0965,2.0965,2.0965,2.0965,2.0965,2.0965,2.0965,2.0965,2.0965,2.0965,2.0965,2.0965,2.0965,2.0965,2.0965,2.0965,2.0965,2.0965,2.0965
2.0992,2.0992,2.0992,2.0992,2.0992,2.0992,2.0992,2.0992,2.0992,2.0992,2.0992,2.0992,2.0992,2.0992,1.1708,2.0176,2.0992,2.0992,2.0992,2.0992,2.0992,2.0992,2.0992,2.0992,2.0992
2.1019,2.1019,2.1019,2.1019,2.1019,2.1019,2.1019,2.1019,2.1019,2.1019,1.9549,2.1019,2.1019,2.1019,2.1019,2.1019,2.1019,2.1019,2.1019,2.1019,2.1019,2.1019,2.1019,2.1019,2.1019
2.1046,2.1046,2.1046,2.1046,2.1046,2.1046,2.1046,2.1046,2.1046,2.1046,2.1046,2.1046,2.1046,2.1046,2.1046,2.1046,2.1046,2.1046,2.1046,2.1046,2.1046,2.1046,2.1046,2.1046,2.1046
2.1073,2.1073,2.1073,2.1073,2.1073,2.1073,2.1073,2.1073,2.1073,2.1073,2.092,2.0242,1.9662,1.2949,1.9958,2.0383,2.0882,2.1073,2.1073,2.1073,2.1073,2.1073,2.1073,2.1073,2.1073
2.11,2.11,2.11,2.11,2.11,2.11,2.11,2.11,2.11,2.11,2.11,2.11,2.11,2.11,2.11,2.11,2.11,2.11,2.11,2.11,2.11,2.11,2.11,2.11,2.11
2.1127,2.1127,2.1127,2.1127,2.1127,2.1127,2.1127,2.1127,2.1127,2.1127,2.1127,2.1127,2.1127,2.1127,2.1127,2.1127,2.1127,2.1127,2.1127,2.1127,2.1127,2.1127,2.1127,2.1127,2.1127
2.1154,2.1154,2.1154,2.1154,2.1154,2.1154,2.1154,2.1154,2.1154,2.1154,2.1154,1.7012,0.5011,2.1154,2.1154,2.1154,2.1154,2.1154,2.1154,2.1154,2.1154,2.1154,2.1154,2.1154,2.1154
1.9244,1.9343,1.9655,2.0259,2.0903,2.1182,2.1182,2.1182,2.1182,2.1182,2.1182,2.1182,2.1182,2.1182,2.1182,2.1182,2.1182,2.1182,2.1182,2.1182,2.1182,2.1182,2.1182,2.1182,2.1182
2.1209,2.1209,2.1209,2.1209,2.1209,2.1209,2.1209,2.1209,2.1209,2.1209,2.1209,2.1209,2.1209,0.5242,1.473,2.1209,2.1209,2.1209,2.1209,2.1209,2.1209,2.1209,2.1209,2.1209,2.1209
2.1237,2.1237,2.1237,2.1237,2.1237,2.1237,2.1237,2.1237,2.1237,2.1237,2.1237,2.1237,2.1237,2.1237,2.1237,2.1237,2.1237,2.1237,2.1237,2.1237,2.1237,2.1237,2.1237,2.1237,2.1237
2.1264,2.1264,2.1264,2.1264,2.1264,2.1264,2.1264,2.1264,2.1264,2.1264,2.1264,2.1264,2.1264,2.1264,2.1264,2.1264,2.1264,2.1264,2.1264,2.1264,2.1264,2.1264,2.1264,2.1264,2.1264
2.1292,2.1292,2.1292,2.1292,2.1292,2.1292,2.1292,2.1292,2.1292,2.1034,2.0248,1.9592,1.903,1.8949,1.9317,1.9728,2.0211,2.0696,2.119,2.1292,2.1292,2.1292,2.1292,2.1292,2.1292
2.1319,2.1319,2.1319,2.1319,2.1319,2.1319,2.1319,2.1319,2.1319,2.1319,2.1319,1.8409,2.1319,2.1319,2.1319,2.1319,2.1319,2.1319,2.1319,2.1319,2.1319,2.1319,2.1319,2.1319,2.1319
2.1347,2.1347,2.1347,2.1347,2.1347,2.1347,2.1347,2.1347,2.1347,2.1347,2.1347,2.1347,2.1347,2.1347,2.1347,2.1347,2.1347,2.1347,2.1347,2.1347,2.1347,2.1347,2.1347,2.1347,2.1347
2.1375,2.1375,2.1375,2.1375,2.1375,2.1375,2.1375,2.1375,2.1375,2.1375,2.1091,1.2372,2.1375,2.1375,2.1375,2.1375,2.1375,2.1375,2.1375,2.1375,2.1375,2.1375,2.1375,2.1375,2.1375
1.9826,1.9927,2.0249,2.0871,2.1403,2.1403,2.1403,2.1403,2.1403,2.1403,2.1403,2.1403,2.1403,1.195,2.1403,2.1403,2.1403,2.1403,2.1403,2.1403,2.1403,2.1403,2.1403,2.1403,2.1403
2.1431,2.1431,2.1431,2.1431,2.1431,2.1431,2.1431,2.1431,2.1431,2.1431,2.1431,2.1365,2.0753,0.6666,2.1066,2.1431,2.1431,2.1431,2.1431,2.1431,2.1431,2.1431,2.1431,2.1431,2.1431
2.1459,2.1459,2.1459,2.1459,2.1459,2.1459,2.1459,2.1459,2.1459,2.1459,2.1459,2.1459,2.1459,2.1459,2.1459,2.1459,2.1459,2.1459,2.1459,2.1459,2.1459,2.1459,2.1459,2.1459,2.1459
2.1487,2.1487,2.1487,2.1487,2.1487,2.1487,2.1487,2.1487,2.1487,2.1487,2.1487,2.1487,2.1487,2.1487,2.1487,2.1487,2.1487,2.1487,2.1487,2.1487,2.1487,2.1487,2.1487,2.1487,2.1487
2.1515,2.1515,2.1515,2.1515,2.1515,2.1515,2.1515,2.1515,2.1515,2.1515,2.1515,2.1515,0.6852,2.0838,2.1243,2.1515,2.1515,2.1515,2.1515,2.1515,2.1515,2.1515,2.1515,2.1515,2.1515
1.9511,1.961,1.9927,2.0539,2.1192,2.1544,2.1544,2.1544,2.1544,2.1544,2.1544,2.1544,1.1678,2.1544,2.1544,2.1544,2.1544,2.1544,2.1544,2.1544,2.1544,2.1544,2.1544,2.1544,2.1544
2.1572,2.1572,2.1572,2.1572,2.1572,2.1572,2.1572,2.1572,2.1572,2.1572,2.1572,2.1572,2.1572,2.1572,1.2142,2.0924,2.1572,2.1572,2.1572,2.1572,2.1572,2.1572,2.1572,2.1572,2.1572
2.1601,2.1601,2.1601,2.1601,2.1601,2.1601,2.1601,2.1601,2.1601,2.1601,2.1601,2.1601,2.1601,2.1601,2.1601,2.1601,2.1601,2.1601,2.1601,2.1601,2.1601,2.1601,2.1601,2.1601,2.1601
2.1629,2.1629,2.1629,2.1629,2.1629,2.1629,2.1629,2.1629,2.1629,2.1629,2.1629,2.1629,2.1629,2.1629,1.702,2.1629,2.1629,2.1629,2.1629,2.1629,2.1629,2.1629,2.1629,2.1629,2.1629
2.1658,2.1658,2.1658,2.1658,2.1658,2.1658,2.1658,2.1658,2.1297,2.0531,1.9764,1.9123,1.8575,1.8496,1.8855,1.9256,1.9728,2.0201,2.0683,2.1165,2.1647,2.1658,2.1658,2.1658,2.1658
2.1686,2.1686,2.1686,2.1686,2.1686,2.1686,2.1686,2.1686,2.1686,2.1686,2.1686,1.5848,2.1686,2.1686,2.1686,2.1686,2.1686,2.1686,2.1686,2.1686,2.1686,2.1686,2.1686,2.1686,2.1686
2.1715,2.1715,2.1715,2.1715,2.1715,2.1715,2.1715,2.1715,2.1715,2.1715,2.1715,2.1715,2.1715,2.1715,2.1715,2.1715,2.1715,2.1715,2.1715,2.1715,2.1715,2.1715,2.1715,2.1715,2.1715
2.1744,2.1744,2.1744,2.1744,2.1744,2.1744,2.1744,2.1744,2.1744,2.1744,2.1744,1.4251,0.5343,2.1744,2.1744,2.1744,2.1744,2.1744,2.1744,2.1744,2.1744,2.1744,2.1744,2.1744,2.1744
1.8627,1.8723,1.9025,1.961,2.0233,2.0977,2.1722,2.1773,2.1773,2.1773,2.1773,2.1773,2.1773,2.1773,2.1773,2.1773,2.1773,2.1773,2.1773,2.1773,2.1773,2.1773,2.1773,2.1456,2.0976
2.1802,2.1802,2.1802,2.1802,2.1802,2.1802,2.1802,2.1802,2.1802,2.1802,2.1802,2.1802,2.1802,0.4575,1.6547,2.1802,2.1802,2.1802,2.1802,2.1802,2.1802,2.1802,2.1802,2.1802,2.1802
2.1831,2.1831,2.1831,2.1831,2.1831,2.1831,2.1831,2.1831,2.1831,2.1831,2.1831,2.1831,2.1831,2.1831,2.1831,2.1831,2.1831,2.1831,2.1831,2.1831,2.1831,2.1831,2.1831,2.1831,2.1831
2.186,2.186,2.186,2.186,2.186,2.186,2.186,2.186,2.186,2.186,2.186,2.186,2.186,2.186,2.186,2.0786,2.186,2.186,2.186,2.186,2.186,2.186,2.186,2.186,2.186
2.1889,2.1889,2.1889,2.1889,2.1889,2.1889,2.1889,2.1889,2.1641,2.0862,2.0083,1.9432,1.2075,1.8794,1.916,1.9567,2.0046,2.0527,2.1017,2.1506,2.1889,2.1889,2.1889,2.1889,2.1889
2.084,2.0946,2.1284,2.1918,2.1918,2.1918,2.1918,2.1918,2.1918,2.1918,2.1918,2.1918,2.1918,2.1918,2.1918,2.1918,2.1918,2.1918,2.1918,2.1918,2.1918,2.1918,2.1918,2.1918,2.1918
2.1948,2.1948,2.1948,2.1948,2.1948,2.1948,2.1948,2.1948,2.1948,2.1948,2.1948,2.1948,2.1948,2.1948,1.1515,1.8452,2.1948,2.1948,2.1948,2.1948,2.1948,2.1948,2.1948,2.1948,2.1948
2.1977,2.1977,2.1977,2.1977,2.1977,2.1977,2.1977,2.1977,2.1977,2.1977,1.9072,1.1188,2.1977,2.1977,2.1977,2.1977,2.1977,2.1977,2.1977,2.1977,2.1977,2.1977,2.1977,2.1977,2.1977
2.0183,2.0286,2.0613,2.1247,2.1922,2.2007,2.2007,2.2007,2.2007,2.2007,2.2007,2.2007,2.2007,2.2007,2.2007,2.2007,2.2007,2.2007,2.2007,2.2007,2.2007,2.2007,2.2007,2.2007,2.2007
2.2036,2.2036,2.2036,2.2036,2.2036,2.2036,2.2036,2.2036,2.1828,2.1043,2.0257,1.96,1.9039,0.9066,1.9326,1.9737,2.022,2.0705,2.1199,2.1693,2.2036,2.2036,2.2036,2.2036,2.2036
2.2066,2.2066,2.2066,2.2066,2.2066,2.2066,2.2066,2.2066,2.2066,2.2066,2.014,2.2066,2.2066,2.2066,2.2066,2.2066,2.2066,2.2066,2.2066,2.2066,2.2066,2.2066,2.2066,2.2066,2.2066
2.2096,2.2096,2.2096,2.2096,2.2096,2.2096,2.2096,2.2096,2.2096,2.2096,2.2096,2.2096,2.2096,2.2096,2.2096,2.2096,2.2096,2.2096,2.2096,2.2096,2.2096,2.2096,2.2096,2.2096,2.2096
2.2126,2.2126,2.2126,2.2126,2.2126,2.2126,2.2126,2.2126,2.2126,2.2126,2.2126,1.7978,0.5296,2.1853,2.2126,2.2126,2.2126,2.2126,2.2126,2.2126,2.2126,2.2126,2.2126,2.2126,2.2126
1.8375,1.8469,1.8767,1.9344,1.9958,2.0692,2.1427,2.2156,2.2156,2.2156,2.2156,2.2156,2.2156,2.2156,2.2156,2.2156,2.2156,2.2156,2.2156,2.2156,2.2156,2.211,2.1637,2.1164,2.0692
2.2186,2.2186,2.2186,2.2186,2.2186,2.2186,2.2186,2.2186,2.2186,2.2186,2.2186,2.2186,2.2186,0.5444,1.2953,2.2186,2.2186,2.2186,2.2186,2.2186,2.2186,2.2186,2.2186,2.2186,2.2186
2.2216,2.2216,2.2216,2.2216,2.2216,2.2216,2.2216,2.2216,2.2216,2.2216,2.2216,2.2216,2.2216,2.2216,2.2216,2.2216,2.2216,2.2216,2.2216,2.2216,2.2216,2.2216,2.2216,2.2216,2.2216
2.2246,2.2246,2.2246,2.2246,2.2246,2.2246,2.2246,2.2246,2.2246,2.2246,2.2246,2.2246,2.2246,2.2246,1.4889,2.2246,2.2246,2.2246,2.2246,2.2246,2.2246,2.2246,2.2246,2.2246,2.2246
2.2276,2.2276,2.2276,2.2276,2.2276,2.2276,2.2029,2.1291,2.0552,1.9813,1.9073,1.8454,1.7926,1.7849,1.8196,1.8583,1.9038,1.9495,1.996,2.0425,2.089,2.1356,2.1822,2.2276,2.2276
2.2306,2.2306,2.2306,2.2306,2.2306,2.2306,2.2306,2.2306,2.2306,2.2306,2.2306,1.5699,2.2306,2.2306,2.2306,2.2306,2.2306,2.2306,2.2306,2.2306,2.2306,2.2306,2.2306,2.2306,2.2306
2.2337,2.2337,2.2337,2.2337,2.2337,2.2337,2.2337,2.2337,2.2337,2.2337,2.2337,2.2337,2.2337,2.2337,2.2337,2.2337,2.2337,2.2337,2.2337,2.2337,2.2337,2.2337,2.2337,2.2337,2.2337
2.2367,2.2367,2.2367,2.2367,2.2367,2.2367,2.2367,2.2367,2.2367,2.2367,2.1113,1.2385,2.2367,2.2367,2.2367,2.2367,2.2367,2.2367,2.2367,2.2367,2.2367,2.2367,2.2367,2.2367,2.2367
1.8416,1.851,1.8808,1.9387,2.0003,2.0738,2.1474,2.2225,2.2398,2.2398,2.2398,2.2398,2.2398,1.2836,2.2398,2.2398,2.2398,2.2398,2.2398,2.2398,2.2398,2.2159,2.1685,2.1211,2.0738
2.2428,2.2428,2.2428,2.2428,2.2428,2.2428,2.2428,2.2428,2.2428,2.2428,2.1899,2.1189,2.0582,0.541,1.9567,2.1337,2.186,2.2384,2.2428,2.2428,2.2428,2.2428,2.2428,2.2428,2.2428
2.2459,2.2459,2.2459,2.2459,2.2459,2.2459,2.2459,2.2459,2.2459,2.2459,2.2459,2.2459,2.2459,2.2459,2.2459,2.2459,2.2459,2.2459,2.2459,2.2459,2.2459,2.2459,2.2459,2.2459,2.2459
2.249,2.249,2.249,2.249,2.249,2.249,2.249,2.249,2.249,2.249,2.249,2.249,2.249,2.249,2.249,2.249,2.249,2.249,2.249,2.249,2.249,2.249,2.249,2.249,2.249
2.2521,2.2521,2.2521,2.2521,2.2521,2.2521,2.2521,2.2521,2.1945,2.1155,2.0365,1.9705,0.7797,1.9059,1.9429,1.9842,2.0328,2.0816,2.1312,2.1809,2.2306,2.2521,2.2521,2.2521,2.2521
1.9039,1.9136,1.9445,2.0043,2.068,2.1441,2.2202,2.2552,2.2552,2.2552,2.2552,2.2552,1.1396,2.2552,2.2552,2.2552,2.2552,2.2552,2.2552,2.2552,2.2552,2.2552,2.2419,2.193,2.144
2.2583,2.2583,2.2583,2.2583,2.2583,2.2583,2.2583,2.2583,2.2583,2.2583,2.2583,2.2583,2.2583,2.2583,1.1008,1.8971,2.2583,2.2583,2.2583,2.2583,2.2583,2.2583,2.2583,2.2583,2.2583
2.2614,2.2614,2.2614,2.2614,2.2614,2.2614,2.2614,2.2614,2.2614,2.2614,1.7667,2.2614,2.2614,2.2614,2.2614,2.2614,2.2614,2.2614,2.2614,2.2614,2.2614,2.2614,2.2614,2.2614,2.2614
2.1059,2.1167,2.1508,2.2169,2.2645,2.2645,2.2645,2.2645,2.2645,2.2645,2.2645,2.2645,2.2645,2.2645,1.8239,2.2645,2.2645,2.2645,2.2645,2.2645,2.2645,2.2645,2.2645,2.2645,2.2645
2.2677,2.2677,2.2677,2.2677,2.2677,2.2677,2.1957,2.1221,2.0485,1.9748,1.9011,1.8394,1.7867,1.5263,1.8137,1.8522,1.8976,1.9431,1.9895,2.0358,2.0822,2.1286,2.1751,2.2215,2.2677
2.2708,2.2708,2.2708,2.2708,2.2708,2.2708,2.2708,2.2708,2.2708,2.2708,2.1359,2.2708,2.2708,2.2708,2.2708,2.2708,2.2708,2.2708,2.2708,2.2708,2.2708,2.2708,2.2708,2.2708,2.2708
2.274,2.274,2.274,2.274,2.274,2.274,2.274,2.274,2.274,2.274,2.274,2.274,2.274,2.274,2.274,2.274,2.274,2.274,2.274,2.274,2.274,2.274,2.274,2.274,2.274
2.2771,2.2771,2.2771,2.2771,2.2771,2.2771,2.2771,2.2771,2.2771,2.2771,2.2771,1.4744,0.4684,2.2771,2.2771,2.2771,2.2771,2.2771,2.2771,2.2771,2.2771,2.2771,2.2771,2.2771,2.2771
1.7674,1.7764,1.8051,1.8606,1.9197,1.9903,2.0609,2.133,2.205,2.2772,2.2803,2.2803,2.2803,2.2803,2.2803,2.2803,2.2803,2.2803,2.2629,2.2175,2.1721,2.1266,2.0812,2.0357,1.9902
2.2835,2.2835,2.2835,2.2835,2.2835,2.2835,2.2835,2.2835,2.2835,2.2835,2.2835,2.2835,2.2835,0.459,1.4287,2.2835,2.2835,2.2835,2.2835,2.2835,2.2835,2.2835,2.2835,2.2835,2.2835
2.2867,2.2867,2.2867,2.2867,2.2867,2.2867,2.2867,2.2867,2.2867,2.2867,2.2867,2.2867,2.2867,2.2867,2.2867,2.2867,2.2867,2.2867,2.2867,2.2867,2.2867,2.2867,2.2867,2.2867,2.2867
2.2899,2.2899,2.2899,2.2899,2.2899,2.2899,2.2899,2.2899,2.2899,2.2899,2.2899,2.2899,2.2899,2.2899,2.2899,2.0989,2.2899,2.2899,2.2899,2.2899,2.2899,2.2899,2.2899,2.2899,2.2899
2.2931,2.2931,2.2931,2.2931,2.2931,2.2417,2.1704,2.0976,2.0249,1.952,1.8791,1.8182,1.6907,1.7586,1.7927,1.8309,1.8757,1.9207,1.9665,2.0123,2.0582,2.104,2.1499,2.1958,2.2417
2.0838,2.0944,2.1282,2.1936,2.2633,2.2963,2.2963,2.2963,2.2963,2.2963,2.2963,1.8294,2.2963,2.2963,2.2963,2.2963,2.2963,2.2963,2.2963,2.2963,2.2963,2.2963,2.2963,2.2963,2.2963
2.2995,2.2995,2.2995,2.2995,2.2995,2.2995,2.2995,2.2995,2.2995,2.2995,2.2995,2.2995,2.2995,2.2995,2.2995,1.7139,2.2995,2.2995,2.2995,2.2995,2.2995,2.2995,2.2995,2.2995,2.2995
2.3027,2.3027,2.3027,2.3027,2.3027,2.3027,2.3027,2.3027,2.3027,2.3027,1.8902,1.1088,2.3027,2.3027,2.3027,2.3027,2.3027,2.3027,2.3027,2.3027,2.3027,2.3027,2.3027,2.3027,2.3027
1.8601,1.8696,1.8998,1.9582,2.0204,2.0947,2.1691,2.2449,2.306,2.306,2.306,2.306,2.306,1.1212,2.306,2.306,2.306,2.306,2.306,2.306,2.286,2.2382,2.1903,2.1425,2.0947
2.3092,2.3092,2.3092,2.3092,2.3092,2.3092,2.3001,2.223,2.1459,2.0687,1.9914,1.9268,1.8716,0.6898,1.8999,1.9403,1.9878,2.0355,2.084,2.1325,2.1812,2.2298,2.2784,2.3092,2.3092
2.3125,2.3125,2.3125,2.3125,2.3125,2.3125,2.3125,2.3125,2.3125,2.3125,2.3125,2.3125,2.3125,2.3125,2.3125,2.3125,2.3125,2.3125,2.3125,2.3125,2.3125,2.3125,2.3125,2.3125,2.3125
2.3158,2.3158,2.3158,2.3158,2.3158,2.3158,2.3158,2.3158,2.3158,2.3158,2.3158,2.3158,2.3158,2.3158,2.3158,2.3158,2.3158,2.3158,2.3158,2.3158,2.3158,2.3158,2.3158,2.3158,2.3158
2.319,2.319,2.319,2.319,2.319,2.319,2.319,2.319,2.2785,2.1965,2.1144,1.9553,0.5759,1.9788,2.0172,2.0601,2.1106,2.1612,2.2128,2.2643,2.3159,2.319,2.319,2.319,2.319
1.7798,1.7889,1.8178,1.8737,1.9332,2.0043,2.0754,2.148,2.2205,2.2932,2.3223,2.3223,1.324,2.3223,2.3223,2.3223,2.3223,2.3223,2.2788,2.2331,2.1873,2.1416,2.0958,2.05,2.0042
2.3256,2.3256,2.3256,2.3256,2.3256,2.3256,2.3256,2.3256,2.3256,2.3256,2.3256,2.3256,2.3256,2.3256,1.1608,2.0004,2.3256,2.3256,2.3256,2.3256,2.3256,2.3256,2.3256,2.3256,2.3256
2.3289,2.3289,2.3289,2.3289,2.3289,2.3289,2.3289,2.3289,2.3289,2.3289,2.3289,2.3289,2.3289,2.3289,2.3289,2.3289,2.3289,2.3289,2.3289,2.3289,2.3289,2.3289,2.3289,2.3289,2.3289
2.2591,2.2707,2.3073,2.3322,2.3322,2.3322,2.3322,2.3322,2.3322,2.3322,2.3322,2.3322,2.3322,2.3322,1.4762,2.3322,2.3322,2.3322,2.3322,2.3322,2.3322,2.3322,2.3322,2.3322,2.3322
2.3356,2.3356,2.3356,2.3005,2.2427,2.1735,2.1044,2.0339,1.9633,1.8927,1.822,1.7629,1.7124,1.7051,1.7382,1.7752,1.8187,1.8623,1.9067,1.9511,1.9956,2.0401,2.0846,2.1291,2.1736
2.3389,2.3389,2.3389,2.3389,2.3389,2.3389,2.3389,2.3389,2.3389,2.3389,2.3365,1.3899,2.3389,2.3389,2.3389,2.3389,2.3389,2.3389,2.3389,2.3389,2.3389,2.3389,2.3389,2.3389,2.3389
2.3422,2.3422,2.3422,2.3422,2.3422,2.3422,2.3422,2.3422,2.3422,2.3422,2.3422,2.3422,2.3422,2.3422,2.3422,2.3422,2.3422,2.3422,2.3422,2.3422,2.3422,2.3422,2.3422,2.3422,2.3422
2.3456,2.3456,2.3456,2.3456,2.3456,2.3456,2.3456,2.3456,2.3456,2.3456,2.1504,1.2615,0.5242,2.3456,2.3456,2.3456,2.3456,2.3456,2.3456,2.3456,2.3456,2.3456,2.3456,2.3456,2.3456
1.7349,1.7438,1.7719,1.8264,1.8845,1.9538,2.0231,2.0938,2.1646,2.2354,2.3063,2.349,2.349,1.9889,2.349,2.349,2.3096,2.2659,2.2213,2.1768,2.1322,2.0876,2.043,1.9983,1.9537
2.3523,2.3523,2.3523,2.3523,2.3523,2.3523,2.3523,2.3523,2.3523,2.2929,2.2072,2.1357,2.0745,0.4543,1.6433,2.1506,2.2032,2.2561,2.3099,2.3523,2.3523,2.3523,2.3523,2.3523,2.3523
2.3557,2.3557,2.3557,2.3557,2.3557,2.3557,2.3557,2.3557,2.3557,2.3557,2.3557,2.3557,2.3557,2.3557,2.3557,2.3557,2.3557,2.3557,2.3557,2.3557,2.3557,2.3557,2.3557,2.3557,2.3557
2.3591,2.3591,2.3591,2.3591,2.3591,2.3591,2.3591,2.3591,2.3591,2.3591,2.3591,2.3591,2.3591,2.3591,2.3591,1.9301,2.3591,2.3591,2.3591,2.3591,2.3591,2.3591,2.3591,2.3591,2.3591
2.3625,2.3625,2.3625,2.3625,2.3269,2.2551,2.1834,2.1102,2.037,1.9637,1.8904,1.8291,0.9378,1.7691,1.8035,1.8418,1.887,1.9322,1.9783,2.0244,2.0705,2.1167,2.1628,2.209,2.2552
1.8851,1.8947,1.9253,1.9845,2.0476,2.1229,2.1982,2.2751,2.3519,2.3659,2.3659,2.2764,2.3659,2.3659,2.3659,2.3659,2.3659,2.3659,2.3659,2.3652,2.3167,2.2683,2.2198,2.1713,2.1228
2.3693,2.3693,2.3693,2.3693,2.3693,2.3693,2.3693,2.3693,2.3693,2.3693,2.3693,2.3693,2.3693,2.3693,1.0136,1.7467,2.3693,2.3693,2.3693,2.3693,2.3693,2.3693,2.3693,2.3693,2.3693
2.3728,2.3728,2.3728,2.3728,2.3728,2.3728,2.3728,2.3728,2.3728,2.3728,1.7355,1.1253,2.3728,2.3728,2.3728,2.3728,2.3728,2.3728,2.3728,2.3728,2.3728,2.3728,2.3728,2.3728,2.3728
1.9218,1.9317,1.9628,2.0232,2.0875,2.1643,2.2411,2.3194,2.3762,2.3762,2.3762,2.3762,2.3762,2.3762,2.0157,2.3762,2.3762,2.3762,2.3762,2.3762,2.3619,2.3125,2.2631,2.2136,2.1642
2.3797,2.3797,2.3797,2.3406,2.2817,2.2114,2.141,2.0693,1.9975,1.9256,1.8537,1.7936,1.7422,1.0028,1.7685,1.8061,1.8504,1.8947,1.9399,1.9851,2.0304,2.0756,2.1209,2.1662,2.2115
2.3831,2.3831,2.3831,2.3831,2.3831,2.3831,2.3831,2.3831,2.3831,2.3831,1.9301,2.3831,2.3831,2.3831,2.3831,2.3831,2.3831,2.3831,2.3831,2.3831,2.3831,2.3831,2.3831,2.3831,2.3831
2.3866,2.3866,2.3866,2.3866,2.3866,2.3866,2.3866,2.3866,2.3866,2.3866,2.3866,2.3866,2.3866,2.3866,2.3866,2.3866,2.3866,2.3866,2.3866,2.3866,2.3866,2.3866,2.3866,2.3866,2.3866
2.3901,2.3901,2.3901,2.3901,2.3901,2.3901,2.3901,2.3901,2.3901,2.3411,2.2537,1.5586,0.4591,2.1091,2.1501,2.1958,2.2496,2.3036,2.3585,2.3901,2.3901,2.3901,2.3901,2.3901,2.3901
1.6993,1.708,1.7355,1.7889,1.8457,1.9136,1.9815,2.0508,2.1201,2.1894,2.2589,2.3169,2.3665,2.3736,2.3411,2.3048,2.2621,2.2193,2.1757,2.132,2.0884,2.0447,2.001,1.9572,1.9135
2.3971,2.3971,2.3971,2.3971,2.3971,2.3971,2.3971,2.3971,2.3971,2.3971,2.3971,2.3971,2.3971,0.4777,1.2601,2.1716,2.3971,2.3971,2.3971,2.3971,2.3971,2.3971,2.3971,2.3971,2.3971
2.4006,2.4006,2.4006,2.4006,2.4006,2.4006,2.4006,2.4006,2.4006,2.4006,2.4006,2.4006,2.4006,2.4006,2.4006,2.4006,2.4006,2.4006,2.4006,2.4006,2.4006,2.4006,2.4006,2.4006,2.4006
2.4041,2.4041,2.4041,2.4041,2.4041,2.4041,2.4041,2.4041,2.4041,2.4041,2.4041,2.4041,2.4041,2.4041,2.4041,2.1563,2.4041,2.4041,2.4041,2.4041,2.4041,2.4041,2.4041,2.4041,2.4041
2.339,2.3304,2.3029,2.2498,2.1932,2.1256,2.058,1.989,1.92,1.8509,1.7818,1.724,1.6746,1.6675,1.6999,1.736,1.7786,1.8212,1.8647,1.9081,1.9516,1.9951,2.0386,2.0821,2.1257
2.1169,2.1277,2.162,2.2285,2.2993,2.3839,2.4112,2.4112,2.4112,2.4112,2.4112,1.5582,2.4112,2.4112,2.4112,2.4112,2.4112,2.4112,2.4112,2.4112,2.4112,2.4112,2.4112,2.4112,2.3838
2.4147,2.4147,2.4147,2.4147,2.4147,2.4147,2.4147,2.4147,2.4147,2.4147,2.4147,2.4147,2.4147,2.4147,2.4147,2.4147,2.4147,2.4147,2.4147,2.4147,2.4147,2.4147,2.4147,2.4147,2.4147
2.4183,2.4183,2.4183,2.4183,2.4183,2.4183,2.4183,2.4183,2.4183,2.4183,1.9014,1.1154,2.4183,2.4183,2.4183,2.4183,2.4183,2.4183,2.4183,2.4183,2.4183,2.4183,2.4183,2.4183,2.4183
1.7382,1.7471,1.7753,1.8299,1.888,1.9575,2.0269,2.0978,2.1687,2.2396,2.3106,2.37,2.4207,1.0477,2.3948,2.3577,2.314,2.2701,2.2255,2.1809,2.1362,2.0915,2.0468,2.0021,1.9574
2.4255,2.4255,2.4255,2.4255,2.4255,2.3686,2.2932,2.2164,2.1395,2.0625,1.9855,1.9211,1.8661,0.5537,1.8942,1.9345,1.9819,2.0294,2.0778,2.1262,2.1747,2.2232,2.2717,2.3202,2.3687
2.4291,2.4291,2.4291,2.4291,2.4291,2.4291,2.4291,2.4291,2.4291,2.4109,2.4291,2.4291,2.4291,2.4291,2.4291,2.4291,2.4291,2.4291,2.4291,2.4291,2.4291,2.4291,2.4291,2.4291,2.4291
2.4327,2.4327,2.4327,2.4327,2.4327,2.4327,2.4327,2.4327,2.4327,2.4327,2.4327,2.4327,2.4327,2.4327,2.4327,2.4327,2.4225,2.4327,2.4327,2.4327,2.4327,2.4327,2.4327,2.4327,2.4327
2.4363,2.4363,2.4363,2.4363,2.3925,2.3188,2.245,2.1698,2.0945,2.0192,1.9437,1.8807,0.6478,1.819,1.8544,1.8938,1.9402,1.9868,2.0341,2.0815,2.129,2.1764,2.2239,2.2714,2.3189
1.7467,1.7556,1.7839,1.8388,1.8972,1.967,2.0368,2.108,2.1792,2.2506,2.3219,2.3816,1.0455,2.4399,2.4065,2.3691,2.3252,2.2812,2.2364,2.1916,2.1467,2.1017,2.0568,2.0119,1.967
2.4435,2.4435,2.4435,2.4435,2.4435,2.4435,2.4435,2.4435,2.4435,2.4435,2.4435,2.4435,2.4435,2.4435,1.0571,1.8217,2.4435,2.4435,2.4435,2.4435,2.4435,2.4435,2.4435,2.4435,2.4435
2.4472,2.4472,2.4472,2.4472,2.4472,2.4472,2.4472,2.4472,2.4472,2.3509,2.4472,2.4472,2.4472,2.4472,2.4472,2.4472,2.4472,2.4472,2.4472,2.4472,2.4472,2.4472,2.4472,2.4472,2.4472
2.0358,2.0462,2.0792,2.1432,2.2113,2.2926,2.374,2.4509,2.4509,2.4509,2.4509,2.4509,2.4509,2.4509,1.5786,2.4509,2.4509,2.4509,2.4509,2.4509,2.4509,2.4496,2.3972,2.3449,2.2925
2.3139,2.3053,2.2782,2.2256,2.1696,2.1027,2.0358,1.9676,1.8994,1.831,1.7626,1.7055,1.6566,1.6496,1.6816,1.7174,1.7594,1.8016,1.8446,1.8875,1.9306,1.9736,2.0167,2.0597,2.1028
2.4582,2.4582,2.4582,2.4582,2.4582,2.4582,2.4582,2.4582,2.4582,2.4582,2.0802,2.4582,2.4582,2.4582,2.4582,2.4582,2.4582,2.4582,2.4582,2.4582,2.4582,2.4582,2.4582,2.4582,2.4582
2.4619,2.4619,2.4619,2.4619,2.4619,2.4619,2.4619,2.4619,2.4619,2.4619,2.4619,2.4619,2.4619,2.4619,2.4619,2.4619,2.4619,2.4619,2.4619,2.4619,2.4619,2.4619,2.4619,2.4619,2.4619
2.4656,2.4656,2.4656,2.4656,2.4656,2.4656,2.4656,2.4656,2.4656,2.4656,2.2285,1.3073,0.4601,2.3183,2.3633,2.4136,2.4656,2.4656,2.4656,2.4656,2.4656,2.4656,2.4656,2.4656,2.4656
1.6552,1.6637,1.6905,1.7425,1.7979,1.864,1.9302,1.9977,2.0651,2.1327,2.2003,2.2569,2.3052,2.3122,2.2805,2.2451,2.2035,2.1618,2.1193,2.0768,2.0343,1.9917,1.9491,1.9065,1.864
2.4731,2.4731,2.4731,2.4731,2.4731,2.4731,2.4731,2.4731,2.4355,2.3478,2.2602,2.1869,2.1242,0.4107,1.4173,2.2021,2.2561,2.3102,2.3652,2.4203,2.4731,2.4731,2.4731,2.4731,2.4731
2.4768,2.4768,2.4768,2.4768,2.4768,2.4768,2.4768,2.4768,2.4768,2.4768,2.4768,2.4768,2.4768,2.4768,2.4768,2.4768,2.4768,2.4768,2.4768,2.4768,2.4768,2.4768,2.4768,2.4768,2.4768
2.4805,2.4805,2.4805,2.4805,2.4805,2.4805,2.4805,2.4805,2.4805,2.4805,2.4805,2.4805,2.4805,2.4805,2.4805,1.893,2.4805,2.4805,2.4805,2.4805,2.4805,2.4805,2.4805,2.4805,2.4805
2.3337,2.3251,2.2977,2.2447,2.1882,2.1208,2.0533,1.9845,1.9157,1.8467,1.7778,1.7201,1.226,1.6637,1.696,1.7321,1.7745,1.8171,1.8604,1.9037,1.9472,1.9906,2.034,2.0774,2.1208
1.8924,1.9021,1.9328,1.9922,2.0555,2.1311,2.2067,2.2839,2.361,2.4383,2.4881,1.8649,2.4881,2.4881,2.4881,2.4881,2.4881,2.4715,2.4229,2.3744,2.3257,2.2771,2.2284,2.1797,2.131
2.4919,2.4919,2.4919,2.4919,2.4919,2.4919,2.4919,2.4919,2.4919,2.4919,2.4919,2.4919,2.4919,2.4919,2.4919,1.63,2.3138,2.4919,2.4919,2.4919,2.4919,2.4919,2.4919,2.4919,2.4919
2.4957,2.4957,2.4957,2.4957,2.4957,2.4957,2.4957,2.4957,2.4957,2.4405,1.7275,1.0134,2.4957,2.4957,2.4957,2.4957,2.4957,2.4957,2.4957,2.4957,2.4957,2.4957,2.4957,2.4957,2.4957
1.7788,1.7879,1.8167,1.8726,1.9321,2.0032,2.0743,2.1468,2.2193,2.2919,2.3646,2.4253,2.4772,2.4847,2.3131,2.4127,2.368,2.3231,2.2775,2.2318,2.1861,2.1404,2.0946,2.0489,2.0031
2.4032,2.3943,2.3661,2.3115,2.2533,2.1839,2.1144,2.0435,1.9727,1.9017,1.8306,1.7713,1.7205,0.7385,1.7465,1.7836,1.8273,1.8712,1.9158,1.9604,2.0051,2.0498,2.0945,2.1392,2.1839
2.5071,2.5071,2.5071,2.5071,2.5071,2.5071,2.5071,2.5071,2.5071,2.5013,1.8725,2.5071,2.5071,2.5071,2.5071,2.5071,2.5071,2.5071,2.5071,2.5071,2.5071,2.5071,2.5071,2.5071,2.5071
2.511,2.511,2.511,2.511,2.511,2.511,2.511,2.511,2.511,2.511,2.511,2.511,2.511,2.511,2.511,2.511,2.511,2.511,2.511,2.511,2.511,2.511,2.511,2.511,2.511
2.5148,2.5148,2.5148,2.5148,2.5148,2.4417,2.3641,2.2848,2.2056,2.1262,2.0468,1.6873,0.497,1.9155,1.9527,1.9943,2.0431,2.0921,2.142,2.1919,2.2419,2.2918,2.3418,2.3918,2.4418
1.6537,1.6622,1.689,1.7409,1.7962,1.8623,1.9284,1.9958,2.0632,2.1308,2.1983,2.2548,1.6159,2.31,2.2784,2.243,2.2015,2.1598,2.1173,2.0749,2.0324,1.9899,1.9473,1.9048,1.8622
2.5226,2.5226,2.5226,2.5226,2.5226,2.5226,2.5226,2.5226,2.5226,2.5226,2.5226,2.5226,2.5226,2.5226,1.1316,1.95,2.5226,2.5226,2.5226,2.5226,2.5226,2.5226,2.5226,2.5226,2.5226
2.5264,2.5264,2.5264,2.5264,2.5264,2.5264,2.5264,2.5264,2.5264,2.5264,2.5264,2.5264,2.5264,2.5264,2.5264,2.5264,2.5264,2.5264,2.5264,2.5264,2.5264,2.5264,2.5264,2.5264,2.5264
2.2197,2.231,2.267,2.3367,2.411,2.4996,2.5303,2.5303,2.5303,2.5303,2.5303,2.5303,2.5303,2.5303,1.3084,2.2548,2.5303,2.5303,2.5303,2.5303,2.5303,2.5303,2.5303,2.5303,2.4996
2.2447,2.2364,2.2101,2.1591,2.1048,2.0399,1.975,1.9088,1.8426,1.7763,1.71,1.6545,1.6071,1.6003,1.6313,1.666,1.7069,1.7478,1.7895,1.8311,1.8729,1.9146,1.9564,1.9982,2.0399
2.1851,2.1962,2.2317,2.3003,2.3734,2.4607,2.5382,2.5382,2.5382,2.5382,2.3168,1.3591,2.5382,2.5382,2.5382,2.5382,2.5382,2.5382,2.5382,2.5382,2.5382,2.5382,2.5382,2.5168,2.4606
2.5421,2.5421,2.5421,2.5421,2.5421,2.5421,2.5421,2.5421,2.5421,2.5421,2.5421,2.5421,2.5421,2.5421,2.5421,2.5421,2.5421,2.5421,2.5421,2.5421,2.5421,2.5421,2.5421,2.5421,2.5421
2.5461,2.5461,2.5461,2.5461,2.5461,2.5461,2.5461,2.5461,2.5461,2.5461,1.9409,1.1386,2.5461,2.5461,2.5461,2.5461,2.5461,2.5461,2.5461,2.5461,2.5461,2.5461,2.5461,2.5461,2.5461
1.6445,1.6529,1.6796,1.7313,1.7863,1.852,1.9177,1.9847,2.0518,2.1189,2.1861,2.2423,2.2903,1.3503,2.2657,2.2306,2.1893,2.1478,2.1056,2.0634,2.0211,1.9788,1.9365,1.8942,1.8519
2.554,2.554,2.554,2.5339,2.4702,2.394,2.3179,2.2402,2.1625,2.0847,2.0068,1.9417,1.8861,0.4616,1.6696,1.9553,2.0032,2.0512,2.1001,2.149,2.198,2.247,2.2961,2.3451,2.3941
2.558,2.558,2.558,2.558,2.558,2.558,2.558,2.558,2.558,2.558,2.558,2.558,2.558,2.558,2.558,2.558,2.558,2.558,2.558,2.558,2.558,2.558,2.558,2.558,2.558
2.562,2.562,2.562,2.562,2.562,2.562,2.562,2.562,2.562,2.562,2.562,2.562,2.562,2.562,2.562,2.562,2.4268,2.562,2.562,2.562,2.562,2.562,2.562,2.562,2.562
2.377,2.3682,2.3403,2.2863,2.2288,2.1601,2.0913,2.0212,1.9511,1.8809,1.8107,1.752,0.7608,1.6945,1.7274,1.7642,1.8074,1.8508,1.8949,1.939,1.9832,2.0274,2.0717,2.1159,2.1601
1.7355,1.7444,1.7726,1.8271,1.8851,1.9545,2.0238,2.0946,2.1653,2.2362,2.3071,2.3664,1.0388,2.4243,2.3911,2.354,2.3104,2.2667,2.2221,2.1776,2.133,2.0883,2.0437,1.999,1.9544
2.5741,2.5741,2.5741,2.5741,2.5741,2.5741,2.5741,2.5741,2.5741,2.5741,2.5741,2.5741,2.5741,2.5741,0.9763,1.6825,2.3883,2.5741,2.5741,2.5741,2.5741,2.5741,2.5741,2.5741,2.5741
2.5781,2.5781,2.5781,2.5781,2.5781,2.5781,2.5781,2.5781,2.5781,2.27,1.6068,2.5781,2.5781,2.5781,2.5781,2.5781,2.5781,2.5781,2.5781,2.5781,2.5781,2.5781,2.5781,2.5781,2.5781
1.8624,1.8719,1.9021,1.9606,2.0229,2.0973,2.1718,2.2477,2.3236,2.3997,2.4757,2.5393,2.5822,2.5822,1.7317,2.5261,2.4793,2.4323,2.3845,2.3368,2.2889,2.241,2.1931,2.1452,2.0973
2.2649,2.2565,2.2299,2.1785,2.1237,2.0582,1.9927,1.9259,1.8591,1.7922,1.7253,1.6694,1.6215,1.171,1.646,1.681,1.7222,1.7635,1.8055,1.8476,1.8897,1.9318,1.974,2.0161,2.0583
2.5904,2.5904,2.5904,2.5904,2.5904,2.5904,2.5904,2.5904,2.5904,2.5904,1.8828,2.5904,2.5904,2.5904,2.5904,2.5904,2.5904,2.5904,2.5904,2.5904,2.5904,2.5904,2.5904,2.5904,2.5904
2.5945,2.5945,2.5945,2.5945,2.5945,2.5945,2.5945,2.5945,2.5945,2.5945,2.5945,2.5945,2.5945,2.5945,2.5945,2.5945,2.5945,2.5945,2.5945,2.5945,2.5945,2.5945,2.5945,2.5945,2.5945
2.5986,2.5986,2.5986,2.5986,2.5986,2.5986,2.5581,2.4724,2.3866,2.3007,2.2148,1.3798,0.4114,2.0727,2.113,2.1579,2.2108,2.2638,2.3178,2.3718,2.4258,2.4799,2.534,2.5881,2.5986
1.5975,1.6057,1.6316,1.6817,1.7352,1.799,1.8629,1.928,1.9931,2.0583,2.1236,2.1781,2.2248,2.2315,2.2009,2.1668,2.1266,2.0864,2.0454,2.0044,1.9633,1.9222,1.8811,1.84,1.799
2.6068,2.6068,2.6068,2.6068,2.6068,2.6068,2.6068,2.6068,2.5347,2.4434,2.3522,2.2759,2.2107,0.4274,1.2489,2.1522,2.3479,2.4042,2.4616,2.5189,2.5763,2.6068,2.6068,2.6068,2.6068
2.611,2.611,2.611,2.611,2.611,2.611,2.611,2.611,2.611,2.611,2.611,2.611,2.611,2.611,2.611,2.611,2.611,2.611,2.611,2.611,2.611,2.611,2.611,2.611,2.611
2.5072,2.52,2.5607,2.6152,2.6152,2.6152,2.6152,2.6152,2.6152,2.6152,2.6152,2.6152,2.6152,2.6152,2.6152,1.9466,2.6152,2.6152,2.6152,2.6152,2.6152,2.6152,2.6152,2.6152,2.6152
2.2207,2.2125,2.1864,2.136,2.0822,2.018,1.9538,1.8884,1.8229,1.7573,1.6916,1.6368,1.5899,1.5831,1.6139,1.6482,1.6886,1.7291,1.7703,1.8115,1.8528,1.8941,1.9355,1.9768,2.0181
1.9258,1.9357,1.9669,2.0274,2.0918,2.1687,2.2457,2.3242,2.4027,2.4813,2.56,1.5786,2.6235,2.6235,2.6235,2.6121,2.5637,2.5151,2.4657,2.4163,2.3668,2.3173,2.2677,2.2182,2.1687
2.6277,2.6277,2.6277,2.6277,2.6277,2.6277,2.6277,2.6277,2.6277,2.6277,2.6277,2.6277,2.6277,2.6277,2.6277,1.6233,2.1855,2.6277,2.6277,2.6277,2.6277,2.6277,2.6277,2.6277,2.6277
2.632,2.632,2.632,2.632,2.632,2.632,2.632,2.632,2.632,2.4605,1.7417,1.0217,2.632,2.632,2.632,2.632,2.632,2.632,2.632,2.632,2.632,2.632,2.632,2.632,2.632
1.6672,1.6757,1.7027,1.7551,1.8109,1.8775,1.9441,2.0121,2.08,2.1481,2.2162,2.2731,2.3218,1.0049,2.2969,2.2613,2.2194,2.1773,2.1346,2.0918,2.0489,2.006,1.9632,1.9203,1.8774
2.4023,2.3934,2.3652,2.3106,2.2525,2.1831,2.1136,2.0428,1.9719,1.901,1.83,1.7707,1.7199,0.5814,1.7459,1.783,1.8267,1.8705,1.9151,1.9597,2.0044,2.0491,2.0938,2.1384,2.1831
2.6447,2.6447,2.6447,2.6447,2.6447,2.6447,2.6447,2.6447,2.6447,2.3249,2.6447,2.6447,2.6447,2.6447,2.6447,2.6447,2.6447,2.6447,2.6447,2.6447,2.6447,2.6447,2.6447,2.6447,2.6447
2.649,2.649,2.649,2.649,2.649,2.649,2.649,2.649,2.649,2.649,2.649,2.649,2.649,2.649,2.649,2.649,2.649,2.649,2.649,2.649,2.649,2.649,2.649,2.649,2.649
2.4749,2.4658,2.4367,2.3805,2.3206,2.2491,2.1775,2.1045,2.0316,1.9585,1.8853,1.8242,0.5532,1.7644,1.7986,1.8369,1.8819,1.927,1.973,2.0189,2.065,2.111,2.157,2.2031,2.2492
1.6278,1.6362,1.6626,1.7137,1.7681,1.8332,1.8982,1.9646,2.0309,2.0974,2.1639,2.2195,1.0528,2.2739,2.2427,2.2079,2.167,2.126,2.0842,2.0424,2.0006,1.9587,1.9169,1.875,1.8331
2.6619,2.6619,2.6619,2.6619,2.6619,2.6619,2.6619,2.6619,2.6619,2.6619,2.6619,2.6619,2.6619,2.6619,1.0318,1.7781,2.524,2.6619,2.6619,2.6619,2.6619,2.6619,2.6619,2.6619,2.6619
2.6662,2.6662,2.6662,2.6662,2.6662,2.6662,2.6662,2.6662,2.6662,2.6662,2.6662,2.6662,2.6662,2.6662,2.6662,2.6662,2.6662,2.6662,2.6662,2.6662,2.6662,2.6662,2.6662,2.6662,2.6662
2.0009,2.0111,2.0436,2.1064,2.1734,2.2533,2.3333,2.4148,2.4964,2.5781,2.6598,2.6706,2.6706,2.6706,1.3946,2.4033,2.6637,2.6132,2.5619,2.5105,2.4591,2.4076,2.3562,2.3047,2.2532
2.1783,2.1702,2.1447,2.0952,2.0425,1.9795,1.9166,1.8523,1.7881,1.7237,1.6594,1.6056,1.5596,1.5529,1.5831,1.6168,1.6564,1.6961,1.7365,1.777,1.8175,1.858,1.8985,1.9391,1.9796
2.2934,2.3052,2.3423,2.4144,2.4911,2.5827,2.6744,2.6793,2.6793,2.6793,2.0607,1.3058,2.6793,2.6793,2.6793,2.6793,2.6793,2.6793,2.6793,2.6793,2.6793,2.6793,2.6793,2.6416,2.5826
2.6837,2.6837,2.6837,2.6837,2.6837,2.6837,2.6837,2.6837,2.6837,2.6837,2.6837,2.6837,2.6837,2.6837,2.6837,2.6837,2.6837,2.6837,2.6837,2.6837,2.6837,2.6837,2.6837,2.6837,2.6837
2.6881,2.6881,2.6881,2.6881,2.6881,2.6881,2.6881,2.6881,2.6686,2.5725,2.011,1.1797,0.46,2.3176,2.3626,2.4129,2.472,2.5313,2.5916,2.652,2.6881,2.6881,2.6881,2.6881,2.6881
1.5735,1.5816,1.6071,1.6565,1.7091,1.772,1.8349,1.899,1.9632,2.0274,2.0917,2.1454,2.1914,2.198,2.1679,2.1343,2.0947,2.0551,2.0147,1.9743,1.9338,1.8934,1.8529,1.8124,1.772
2.697,2.6895,2.6578,2.5965,2.5311,2.4531,2.3751,2.2955,2.2159,2.1361,2.0564,1.9897,1.9327,0.396,1.4324,2.0035,2.0526,2.1019,2.152,2.2021,2.2523,2.3025,2.3527,2.403,2.4532
2.7014,2.7014,2.7014,2.7014,2.7014,2.7014,2.7014,2.7014,2.7014,2.7014,2.7014,2.7014,2.7014,2.7014,2.7014,2.7014,2.7014,2.7014,2.7014,2.7014,2.7014,2.7014,2.7014,2.7014,2.7014
2.7059,2.7059,2.7059,2.7059,2.7059,2.7059,2.7059,2.7059,2.7059,2.7059,2.7059,2.7059,2.7059,2.7059,2.7059,1.7347,2.4624,2.7059,2.7059,2.7059,2.7059,2.7059,2.7059,2.7059,2.7059
2.2408,2.2325,2.2062,2.1553,2.1011,2.0363,1.9715,1.9054,1.8394,1.7732,1.707,1.6516,0.9501,1.5974,1.6285,1.6631,1.7039,1.7447,1.7863,1.8279,1.8696,1.9113,1.953,1.9947,2.0364
1.7454,1.7543,1.7826,1.8374,1.8958,1.9655,2.0353,2.1065,2.1776,2.2489,2.3202,1.9447,2.4307,2.4381,2.4047,2.3674,2.3235,2.2795,2.2347,2.1899,2.145,2.1002,2.0553,2.0104,1.9655
2.7193,2.7193,2.7193,2.7193,2.7193,2.7193,2.7193,2.7193,2.7193,2.7193,2.7193,2.7193,2.7193,2.7193,0.9245,1.5734,2.2334,2.7193,2.7193,2.7193,2.7193,2.7193,2.7193,2.7193,2.7193
2.7239,2.7239,2.7239,2.7239,2.7239,2.7239,2.7239,2.7239,2.7239,2.2642,1.6027,0.9449,2.7239,2.7239,2.7239,2.7239,2.7239,2.7239,2.7239,2.7239,2.7239,2.7239,2.7239,2.7239,2.7239
1.7265,1.7354,1.7634,1.8176,1.8753,1.9443,2.0133,2.0837,2.1541,2.2246,2.2951,2.3541,2.4045,2.4118,1.9591,2.3418,2.2984,2.2549,2.2106,2.1663,2.1219,2.0775,2.0331,1.9887,1.9443
2.2418,2.2335,2.2072,2.1563,2.102,2.0373,1.9724,1.9063,1.8402,1.774,1.7077,1.6524,1.605,0.8188,1.6292,1.6639,1.7046,1.7455,1.7872,1.8288,1.8705,1.9122,1.9539,1.9956,2.0373
2.7375,2.7375,2.7375,2.7375,2.7375,2.7375,2.7375,2.7375,2.7375,2.4424,1.7288,2.7375,2.7375,2.7375,2.7375,2.7375,2.7375,2.7375,2.7375,2.7375,2.7375,2.7375,2.7375,2.7375,2.7375
2.7421,2.7421,2.7421,2.7421,2.7421,2.7421,2.7421,2.7421,2.7421,2.7421,2.7421,2.7421,2.7421,2.7421,2.7421,2.7421,2.7421,2.7421,2.7421,2.7421,2.7421,2.7421,2.7421,2.7421,2.7421
2.641,2.6312,2.6003,2.5402,2.4763,2.4,2.3236,2.2458,2.1679,2.0899,2.0118,1.4861,0.4377,1.8828,1.9193,1.9602,2.0082,2.0563,2.1054,2.1544,2.2035,2.2527,2.3018,2.3509,2.4001
1.5585,1.5665,1.5917,1.6407,1.6928,1.7551,1.8174,1.8809,1.9444,2.0081,2.0717,2.125,2.1704,2.177,2.1472,2.1139,2.0747,2.0354,1.9954,1.9554,1.9154,1.8753,1.8352,1.7951,1.755
2.7559,2.7559,2.7559,2.7559,2.7559,2.7559,2.7559,2.7559,2.6841,2.5875,2.4909,2.4101,2.3411,0.4526,1.1204,1.9308,2.4864,2.546,2.6067,2.6674,2.7282,2.7559,2.7559,2.7559,2.7559
2.7606,2.7606,2.7606,2.7606,2.7606,2.7606,2.7606,2.7606,2.7606,2.7606,2.7606,2.7606,2.7606,2.7606,2.7606,2.7606,2.7606,2.7606,2.7606,2.7606,2.7606,2.7606,2.7606,2.7606,2.7606
2.2165,2.2278,2.2638,2.3334,2.4075,2.4961,2.5847,2.675,2.7652,2.7652,2.7652,2.7652,2.7652,2.7652,1.2936,2.0328,2.7652,2.7652,2.7652,2.7652,2.724,2.667,2.61,2.553,2.496
2.1361,2.1282,2.1032,2.0546,2.003,1.9412,1.8795,1.8165,1.7535,1.6904,1.6272,1.5745,1.5294,1.5229,1.5524,1.5855,1.6243,1.6633,1.7029,1.7426,1.7823,1.822,1.8618,1.9015,1.9413
1.9872,1.9974,2.0296,2.092,2.1585,2.2379,2.3173,2.3983,2.4794,2.5605,2.3366,1.3707,2.7675,2.7746,2.7379,2.6954,2.6455,2.5954,2.5444,2.4934,2.4423,2.3912,2.3401,2.289,2.2378
2.7793,2.7793,2.7793,2.7793,2.7793,2.7793,2.7793,2.7793,2.7793,2.7793,2.7793,2.7793,2.7793,2.7793,2.7793,2.7793,2.7793,2.7793,2.7793,2.7793,2.7793,2.7793,2.7793,2.7793,2.7793
2.784,2.784,2.784,2.784,2.784,2.784,2.784,2.784,2.784,2.5127,1.7786,1.0434,2.7148,2.7032,2.7557,2.784,2.784,2.784,2.784,2.784,2.784,2.784,2.784,2.784,2.784
1.5804,1.5885,1.6141,1.6638,1.7166,1.7798,1.8429,1.9074,1.9718,2.0363,2.1009,2.1548,2.201,1.0066,2.1774,2.1436,2.1039,2.064,2.0235,1.9829,1.9423,1.9017,1.861,1.8204,1.7797
2.4305,2.4215,2.393,2.3378,2.279,2.2087,2.1384,2.0668,1.9951,1.9233,1.8515,1.7914,1.7401,0.4786,1.7311,1.8039,1.8481,1.8924,1.9376,1.9827,2.0279,2.0731,2.1183,2.1636,2.2088
2.7983,2.7983,2.7983,2.7983,2.7983,2.7983,2.7983,2.7983,2.7983,2.7983,2.7983,2.7983,2.7983,2.7983,2.7983,2.7983,2.7983,2.7983,2.7983,2.7983,2.7983,2.7983,2.7983,2.7983,2.7983
2.8031,2.8031,2.8031,2.8031,2.8031,2.8031,2.8031,2.8031,2.8031,2.8031,2.8031,2.8031,2.8031,2.8031,2.8031,2.8031,2.2527,2.8031,2.8031,2.8031,2.8031,2.8031,2.8031,2.8031,2.8031
2.3084,2.2999,2.2728,2.2203,2.1645,2.0978,2.031,1.9629,1.8949,1.8267,1.7585,1.7014,0.6375,1.6457,1.6776,1.7133,1.7553,1.7974,1.8402,1.8831,1.926,1.969,2.0119,2.0549,2.0978
1.6201,1.6284,1.6546,1.7055,1.7597,1.8245,1.8892,1.9552,2.0213,2.0874,2.1536,2.2089,0.9697,2.2631,2.2321,2.1974,2.1567,2.1159,2.0743,2.0327,1.9911,1.9494,1.9077,1.8661,1.8244
2.8175,2.8175,2.8175,2.8175,2.8175,2.8175,2.8175,2.8175,2.8175,2.8175,2.8175,2.8175,2.8175,2.8175,0.9536,1.6434,2.3327,2.8175,2.8175,2.8175,2.8175,2.8175,2.8175,2.8175,2.8175
2.8224,2.8224,2.8224,2.8224,2.8224,2.8224,2.8224,2.8224,2.7526,2.1302,1.6291,2.8224,2.8224,2.8224,2.8224,2.8224,2.8224,2.8224,2.8224,2.8224,2.8224,2.8224,2.8224,2.8224,2.8224
1.8305,1.8399,1.8696,1.9271,1.9883,2.0614,2.1346,2.2092,2.2838,2.3586,2.4334,2.4959,2.5493,2.557,1.519,2.4829,2.4369,2.3907,2.3437,2.2967,2.2497,2.2026,2.1555,2.1084,2.0614
2.1362,2.1283,2.1033,2.0547,2.003,1.9413,1.8795,1.8165,1.7535,1.6904,1.6273,1.5745,1.5294,1.4712,1.5525,1.5855,1.6243,1.6633,1.703,1.7426,1.7824,1.8221,1.8618,1.9016,1.9413
2.4516,2.4641,2.5039,2.5809,2.6629,2.7608,2.8371,2.8371,2.8371,2.6326,1.8635,2.8371,2.8371,2.8371,2.8371,2.8371,2.8371,2.8371,2.8371,2.8371,2.8371,2.8371,2.8371,2.8238,2.7607
2.842,2.842,2.842,2.842,2.842,2.842,2.842,2.842,2.842,2.842,2.842,2.842,2.842,2.842,2.842,2.842,2.842,2.842,2.842,2.842,2.842,2.842,2.842,2.842,2.842
2.8469,2.8469,2.8469,2.7896,2.7195,2.6356,2.5518,2.4663,2.3807,2.2951,2.1172,1.242,0.4103,2.0676,2.1078,2.1526,2.2053,2.2582,2.3121,2.3659,2.4199,2.4738,2.5278,2.5817,2.6357
1.5215,1.5292,1.5539,1.6017,1.6526,1.7134,1.7742,1.8362,1.8982,1.9604,2.0225,2.0745,2.1189,2.1253,2.0962,2.0636,2.0254,1.9871,1.948,1.909,1.8698,1.8307,1.7916,1.7525,1.7133
2.8058,2.7954,2.7625,2.6987,2.6308,2.5497,2.4686,2.3859,2.3031,2.2202,2.1373,2.068,2.0088,0.3884,1.2573,2.0824,2.1335,2.1846,2.2367,2.2888,2.341,2.3932,2.4454,2.4976,2.5498
2.8618,2.8618,2.8618,2.8618,2.8618,2.8618,2.8618,2.8618,2.8618,2.8618,2.8618,2.8618,2.8618,2.8618,2.8618,2.8618,2.8618,2.8618,2.8618,2.8618,2.8618,2.8618,2.8618,2.8618,2.8618
2.5519,2.565,2.6063,2.6865,2.7719,2.8668,2.8668,2.8668,2.8668,2.8668,2.8668,2.8668,2.8668,2.8668,2.8668,1.7831,2.5312,2.8668,2.8668,2.8668,2.8668,2.8668,2.8668,2.8668,2.8668
2.1356,2.1276,2.1026,2.0541,2.0024,1.9407,1.8789,1.816,1.753,1.6899,1.6268,1.574,1.312,1.5224,1.552,1.585,1.6238,1.6628,1.7024,1.7421,1.7818,1.8215,1.8613,1.901,1.9407
1.7766,1.7857,1.8145,1.8703,1.9297,2.0007,2.0717,2.1441,2.2166,2.2891,2.3617,1.629,2.4742,2.4817,2.4477,2.4097,2.3651,2.3203,2.2747,2.2291,2.1834,2.1377,2.092,2.0463,2.0007
2.882,2.882,2.882,2.882,2.882,2.882,2.882,2.882,2.882,2.882,2.882,2.882,2.882,2.882,2.882,1.4881,2.1123,2.7365,2.882,2.882,2.882,2.882,2.882,2.882,2.882
2.887,2.887,2.887,2.887,2.887,2.887,2.887,2.887,2.887,2.2844,1.617,0.9486,2.887,2.887,2.887,2.887,2.887,2.887,2.887,2.887,2.887,2.887,2.887,2.887,2.887
1.6197,1.628,1.6543,1.7052,1.7593,1.824,1.8888,1.9548,2.0208,2.087,2.1531,2.2084,2.2557,2.2626,2.2316,2.1969,2.1562,2.1154,2.0738,2.0323,1.9906,1.949,1.9073,1.8656,1.824
2.2433,2.235,2.2087,2.1577,2.1034,2.0386,1.9737,1.9076,1.8414,1.7752,1.7089,1.6535,1.6061,0.6262,1.6303,1.665,1.7058,1.7467,1.7883,1.83,1.8717,1.9134,1.9552,1.9969,2.0387
2.9024,2.9024,2.9024,2.9024,2.9024,2.9024,2.9024,2.9024,2.9024,2.2713,2.9024,2.9024,2.9024,2.9024,2.9024,2.9024,2.9024,2.9024,2.9024,2.9024,2.9024,2.9024,2.9024,2.9024,2.9024
2.9075,2.9075,2.9075,2.9075,2.9075,2.9075,2.9075,2.9075,2.9075,2.9075,2.9075,2.9075,2.9075,2.9075,2.9075,2.9075,2.9075,2.7314,2.9075,2.9075,2.9075,2.9075,2.9075,2.9075,2.9075
2.4323,2.4233,2.3948,2.3395,2.2807,2.2104,2.1401,2.0683,1.9966,1.9247,1.8529,1.6387,0.4827,1.734,1.7677,1.8053,1.8495,1.8939,1.939,1.9842,2.0294,2.0747,2.1199,2.1652,2.2104
1.5362,1.5441,1.569,1.6172,1.6686,1.73,1.7914,1.854,1.9166,1.9794,2.0421,2.0946,1.2582,2.1459,2.1165,2.0837,2.0451,2.0063,1.9669,1.9275,1.888,1.8485,1.809,1.7695,1.7299
2.9231,2.9231,2.9231,2.9231,2.9231,2.9231,2.9231,2.9231,2.8982,2.7939,2.6895,2.6023,2.5278,2.517,1.0207,1.759,2.4969,2.7491,2.8146,2.8801,2.9231,2.9231,2.9231,2.9231,2.9231
2.9283,2.9283,2.9283,2.9283,2.9283,2.9283,2.9283,2.9283,2.9283,2.9283,2.9283,2.9283,2.9283,2.9283,2.9283,2.9283,2.9283,2.9283,2.9283,2.9283,2.9283,2.9283,2.9283,2.9283,2.9283
1.994,2.0042,2.0366,2.0992,2.1659,2.2456,2.3253,2.4065,2.4878,2.5693,2.6507,2.7188,2.777,2.7854,1.2525,2.1584,2.6545,2.6042,2.5531,2.5019,2.4506,2.3994,2.3481,2.2968,2.2455
2.0759,2.0682,2.0438,1.9967,1.9464,1.8864,1.8264,1.7652,1.704,1.6427,1.5813,1.53,1.4862,1.4799,1.5086,1.5407,1.5785,1.6163,1.6549,1.6934,1.732,1.7706,1.8092,1.8479,1.8865
2.081,2.0917,2.1254,2.1908,2.2604,2.3435,2.4267,2.5115,2.5964,2.6813,2.0711,1.215,2.8981,2.9069,2.8671,2.8226,2.7703,2.7178,2.6644,2.611,2.5575,2.504,2.4505,2.397,2.3434
2.9494,2.9494,2.9494,2.9494,2.9494,2.9494,2.9494,2.9494,2.9494,2.9494,2.9494,2.9494,2.9494,2.9494,2.9494,2.9494,2.9494,2.9494,2.9494,2.9494,2.9494,2.9494,2.9494,2.9494,2.9494
2.9547,2.9547,2.9547,2.9547,2.9547,2.9547,2.9037,2.8064,2.709,2.6003,1.8406,1.0797,0.4669,2.3527,2.3984,2.4495,2.5095,2.5697,2.6309,2.6922,2.7536,2.815,2.8764,2.9378,2.9547
1.514,1.5217,1.5463,1.5938,1.6445,1.705,1.7655,1.8272,1.8889,1.9507,2.0126,2.0643,2.1084,1.5084,2.0859,2.0535,2.0155,1.9773,1.9384,1.8996,1.8607,1.8217,1.7828,1.7438,1.7049
2.4893,2.48,2.4509,2.3943,2.3341,2.2621,2.1901,2.1167,2.0433,1.9698,1.8962,1.8348,1.7822,0.407,1.4721,1.8475,1.8928,1.9382,1.9844,2.0306,2.0769,2.1232,2.1695,2.2159,2.2622
2.9708,2.9708,2.9708,2.9708,2.9708,2.9708,2.9708,2.9708,2.9708,2.9708,2.9708,2.9708,2.9708,2.9708,2.9708,2.9708,2.9708,2.9708,2.9708,2.9708,2.9708,2.9708,2.9708,2.9708,2.9708
2.9762,2.9762,2.9762,2.9762,2.9762,2.9762,2.9762,2.9762,2.9762,2.9762,2.9762,2.9762,2.9762,2.9762,2.9762,1.7414,2.2858,2.9613,2.9762,2.9762,2.9762,2.9762,2.9762,2.9762,2.9762
2.1776,2.1696,2.144,2.0946,2.0419,1.9789,1.916,1.8517,1.7875,1.7232,1.6588,1.6051,0.7704,1.5524,1.5826,1.6162,1.6558,1.6956,1.736,1.7764,1.8169,1.8574,1.8979,1.9385,1.979
1.63,1.6383,1.6648,1.716,1.7705,1.8356,1.9007,1.9672,2.0336,2.1002,2.1668,2.0733,2.27,2.2769,2.2457,2.2109,2.1699,2.1288,2.087,2.0451,2.0032,1.9613,1.9194,1.8775,1.8355
2.9925,2.9925,2.9925,2.9925,2.9925,2.9925,2.9925,2.9925,2.9925,2.9925,2.9925,2.9925,2.9925,2.9925,0.892,1.5372,2.1821,2.8269,2.9925,2.9925,2.9925,2.9925,2.9925,2.9925,2.9925
2.998,2.998,2.998,2.998,2.998,2.998,2.998,2.998,2.7476,2.1263,1.5051,2.998,2.998,2.998,2.998,2.998,2.998,2.998,2.998,2.998,2.998,2.998,2.998,2.998,2.998
1.6966,1.7052,1.7327,1.786,1.8428,1.9106,1.9784,2.0475,2.1167,2.186,2.2553,2.3132,2.3627,2.3699,1.6978,2.3012,2.2585,2.2157,2.1722,2.1287,2.085,2.0414,1.9978,1.9541,1.9105
2.1163,2.1085,2.0837,2.0356,1.9844,1.9232,1.862,1.7996,1.7372,1.6747,1.6121,1.5599,1.5152,0.946,1.538,1.5707,1.6092,1.6478,1.6871,1.7264,1.7658,1.8051,1.8445,1.8839,1.9233
2.676,2.6897,2.7331,2.8172,2.9067,3.0136,3.0145,3.0145,3.0145,2.415,1.7094,3.0145,3.0145,3.0145,3.0145,3.0145,3.0145,3.0145,3.0145,3.0145,3.0145,3.0145,3.0145,3.0145,3.0135
3.0201,3.0201,3.0201,3.0201,3.0201,3.0201,3.0201,3.0201,3.0201,3.0201,3.0201,3.0201,3.0201,3.0201,3.0201,3.0201,3.0201,3.0201,3.0201,3.0201,3.0201,3.0201,3.0201,3.0201,3.0201
2.6295,2.6198,2.589,2.5292,2.4656,2.3896,2.3136,2.236,2.1585,2.0808,2.0031,1.3308,0.392,1.8746,1.911,1.9517,1.9995,2.0474,2.0962,2.1451,2.194,2.2429,2.2918,2.3407,2.3897
1.4858,1.4934,1.5175,1.5642,1.6139,1.6732,1.7326,1.7932,1.8537,1.9144,1.9751,2.0258,2.0692,2.0755,2.047,2.0153,1.9779,1.9405,1.9024,1.8642,1.826,1.7878,1.7496,1.7114,1.6732
2.9612,2.9503,2.9156,2.8483,2.7766,2.691,2.6054,2.5181,2.4308,2.3433,2.2558,2.1826,2.1201,0.4099,1.1244,1.9377,2.2517,2.3057,2.3607,2.4156,2.4707,2.5258,2.5809,2.636,2.6911
3.0425,3.0425,3.0425,3.0425,3.0425,3.0425,3.0425,3.0425,3.0425,3.0425,3.0425,3.0425,3.0425,3.0425,3.0425,3.0425,3.0425,3.0425,3.0425,3.0425,3.0425,3.0425,3.0425,3.0425,3.0425
2.2449,2.2564,2.2928,2.3633,2.4384,2.528,2.6178,2.7093,2.8008,2.8925,2.9842,3.0482,3.0482,3.0482,3.0482,1.8582,2.6376,2.9319,2.8742,2.8166,2.7589,2.7012,2.6435,2.5857,2.528
2.056,2.0484,2.0243,1.9776,1.9278,1.8684,1.809,1.7483,1.6877,1.627,1.5662,1.5154,1.472,1.4657,1.4942,1.526,1.5634,1.6009,1.639,1.6772,1.7155,1.7537,1.792,1.8302,1.8685
1.8311,1.8404,1.8701,1.9276,1.9889,2.062,2.1352,2.2098,2.2845,2.3593,2.3929,1.4038,2.55,2.5578,2.5227,2.4836,2.4376,2.3914,2.3444,2.2974,2.2503,2.2032,2.1562,2.1091,2.062
3.0653,3.0653,3.0653,3.0653,3.0653,3.0653,3.0653,3.0653,3.0653,3.0653,3.0653,3.0653,3.0653,3.0653,3.0653,3.0653,2.0187,2.6153,3.0653,3.0653,3.0653,3.0653,3.0653,3.0653,3.0653
3.071,3.071,3.071,3.071,3.071,3.071,3.071,3.071,3.0126,2.3315,1.6503,0.9681,2.8189,2.8069,2.8614,2.9223,2.9939,3.0657,3.071,3.071,3.071,3.071,3.071,3.071,3.071
1.5361,1.544,1.5689,1.6171,1.6685,1.7299,1.7913,1.8539,1.9165,1.9792,2.042,2.0944,2.1393,0.9259,2.1164,2.0835,2.0449,2.0062,1.9668,1.9274,1.8879,1.8484,1.8089,1.7693,1.7298
2.2694,2.261,2.2343,2.1828,2.1279,2.0623,1.9967,1.9297,1.8628,1.7958,1.7287,1.6727,1.6248,0.5061,1.6492,1.6843,1.7256,1.767,1.8091,1.8512,1.8934,1.9357,1.9779,2.0201,2.0623
3.0884,3.0884,3.0884,3.0884,3.0884,3.0884,3.0884,3.0884,2.7607,2.1365,3.0884,3.0884,3.0884,3.0884,3.0884,3.0884,3.0884,3.0884,3.0884,3.0884,3.0884,3.0884,3.0884,3.0884,3.0884
3.0942,3.0942,3.0942,3.0942,3.0942,3.0942,3.0942,3.0942,3.0942,3.0942,3.0942,3.0942,3.0942,3.0942,3.0942,3.0942,2.1887,2.7406,3.0942,3.0942,3.0942,3.0942,3.0942,3.0942,3.0942
2.2678,2.2594,2.2329,2.1813,2.1264,2.0609,1.9953,1.9285,1.8616,1.7946,1.7276,1.6716,0.5478,1.6167,1.6481,1.6832,1.7244,1.7658,1.8079,1.85,1.8922,1.9344,1.9766,2.0188,2.061
1.5296,1.5374,1.5622,1.6102,1.6614,1.7225,1.7836,1.846,1.9083,1.9708,2.0333,2.0855,0.9155,2.1366,2.1073,2.0746,2.0362,1.9976,1.9584,1.9191,1.8798,1.8405,1.8011,1.7618,1.7224
3.1119,3.1119,3.1119,3.1119,3.1119,3.1119,3.1119,3.1119,3.1119,3.0862,2.9709,2.8746,2.7922,2.7803,0.9425,1.6241,2.3054,2.9867,3.1091,3.1119,3.1119,3.1119,3.1119,3.1119,3.1119
3.1178,3.1178,3.1178,3.1178,3.1178,3.1178,3.1178,3.1178,2.612,3.1178,3.1178,3.1178,3.1178,3.1178,3.1178,3.1178,3.1178,3.1178,3.1178,3.1178,3.1178,3.1178,3.1178,3.1178,3.1178
1.821,1.8303,1.8598,1.917,1.978,2.0507,2.1235,2.1977,2.2719,2.3463,2.4207,2.4829,2.536,2.5437,1.3552,2.3354,2.4242,2.3783,2.3315,2.2848,2.238,2.1912,2.1443,2.0975,2.0506
2.037,2.0295,2.0056,1.9593,1.91,1.8511,1.7922,1.7322,1.6721,1.6119,1.5517,1.5014,1.4584,1.4522,1.4804,1.5119,1.5489,1.5861,1.6239,1.6617,1.6996,1.7375,1.7754,1.8133,1.8512
2.2146,2.2259,2.2618,2.3314,2.4054,2.4939,2.5824,2.6727,2.763,2.6383,1.8675,3.0195,3.0841,3.0935,3.0511,3.0037,2.9481,2.8923,2.8354,2.7786,2.7217,2.6647,2.6078,2.5508,2.4938
3.1417,3.1417,3.1417,3.1417,3.1417,3.1417,3.1417,3.1417,3.1417,3.1417,3.1417,3.1417,3.1417,3.1417,3.1417,3.1417,3.1417,3.1417,3.1417,3.1417,3.1417,3.1417,3.1417,3.1417,3.1417
2.9314,2.9205,2.8862,2.8195,2.7486,2.6639,2.5791,2.4927,2.4062,2.3197,1.9319,1.1333,0.4147,2.0898,2.1304,2.1757,2.229,2.2824,2.3369,2.3913,2.4458,2.5003,2.5549,2.6094,2.664
1.4647,1.4722,1.4959,1.5419,1.5909,1.6494,1.708,1.7677,1.8274,1.8872,1.947,1.9971,2.0398,2.046,2.018,1.9867,1.9498,1.9129,1.8753,1.8377,1.8001,1.7624,1.7247,1.6871,1.6494
2.5822,2.5727,2.5424,2.4837,2.4212,2.3466,2.2719,2.1958,2.1196,2.0434,1.967,1.9033,1.8487,0.3574,1.2836,1.9165,1.9635,2.0106,2.0585,2.1065,2.1545,2.2025,2.2506,2.2986,2.3467
3.166,3.166,3.166,3.166,3.166,3.166,3.166,3.166,3.166,3.166,3.166,3.166,3.166,3.166,3.166,3.166,3.166,3.166,3.166,3.166,3.166,3.166,3.166,3.166,3.166
2.6379,2.6514,2.6941,2.777,2.8652,2.9706,3.076,3.1721,3.1721,3.1721,3.1721,3.1721,3.1721,3.1721,3.1721,1.6533,2.3468,3.0403,3.1721,3.1721,3.1721,3.1721,3.1062,3.0383,2.9705
2.0758,2.0681,2.0438,1.9966,1.9464,1.8864,1.8264,1.7652,1.7039,1.6426,1.5813,1.53,1.0,1.4798,1.5086,1.5407,1.5784,1.6163,1.6548,1.6933,1.732,1.7706,1.8092,1.8478,1.8864
1.658,1.6665,1.6934,1.7455,1.8009,1.8672,1.9335,2.001,2.0686,2.1363,2.2041,1.7107,2.3091,2.3161,2.2843,2.2489,2.2072,2.1654,2.1229,2.0803,2.0377,1.9951,1.9524,1.9098,1.8671
3.1907,3.1907,3.1907,3.1907,3.1907,3.1907,3.1907,3.1907,3.1907,3.1907,3.1907,3.1907,3.1907,3.1907,0.943,1.4538,2.0636,2.6734,3.1907,3.1907,3.1907,3.1907,3.1907,3.1907,3.1907
3.1969,3.1969,3.1969,3.1969,3.1969,3.1969,3.1969,3.1969,2.7712,2.1446,1.5181,0.8905,3.1969,3.1969,3.1969,3.1969,3.1969,3.1969,3.1969,3.1969,3.1969,3.1969,3.1969,3.1969,3.1969
1.5909,1.599,1.6248,1.6748,1.728,1.7915,1.8551,1.92,1.9848,2.0498,2.1148,2.1691,2.2155,2.2222,1.9609,2.1578,2.1178,2.0777,2.0369,1.996,1.9551,1.9142,1.8733,1.8324,1.7915
2.1177,2.1099,2.085,2.0369,1.9857,1.9245,1.8632,1.8008,1.7383,1.6758,1.6132,1.5609,1.5162,0.6932,1.539,1.5718,1.6103,1.6489,1.6882,1.7275,1.7669,1.8063,1.8457,1.8851,1.9245
2.9953,3.0106,3.0592,3.1532,3.2157,3.2157,3.2157,3.2157,2.8991,2.2436,1.6031,3.2157,3.2157,3.2157,3.2157,3.2157,3.2157,3.2157,3.2157,3.2157,3.2157,3.2157,3.2157,3.2157,3.2157
3.222,3.222,3.222,3.222,3.222,3.222,3.222,3.222,3.222,3.222,3.222,3.222,3.222,3.222,3.222,3.222,3.222,3.222,3.183,3.222,3.222,3.222,3.222,3.222,3.222
2.4177,2.4087,2.3804,2.3254,2.2669,2.1971,2.1272,2.0559,1.9846,1.9131,1.8417,1.4551,0.4286,1.7235,1.757,1.7944,1.8384,1.8825,1.9273,1.9722,2.0172,2.0622,2.1071,2.1521,2.1971
1.465,1.4725,1.4962,1.5422,1.5912,1.6498,1.7083,1.768,1.8277,1.8876,1.9474,1.9974,1.6234,2.0464,2.0183,1.987,1.9502,1.9133,1.8757,1.8381,1.8004,1.7627,1.7251,1.6874,1.6497
3.1791,3.1674,3.1301,3.0578,2.9809,2.889,2.7971,2.7034,2.6096,2.5157,2.4218,2.3432,2.2761,2.2664,1.0216,1.7606,2.4174,2.4753,2.5344,2.5934,2.6525,2.7117,2.7708,2.83,2.8891
3.2476,3.2476,3.2476,3.2476,3.2476,3.2476,3.2476,3.2476,3.2476,3.2476,3.2476,3.2476,3.2476,3.2476,3.2476,3.2476,3.2476,3.2476,3.2476,3.2476,3.2476,3.2476,3.2476,3.2476,3.2476
2.0117,2.022,2.0546,2.1178,2.185,2.2654,2.3458,2.4278,2.5098,2.592,2.6741,2.7428,2.8015,2.81,1.174,1.9652,2.678,2.6273,2.5756,2.524,2.4723,2.4206,2.3688,2.3171,2.2653
1.9985,1.9911,1.9677,1.9223,1.8739,1.8162,1.7584,1.6995,1.6405,1.5815,1.5224,1.4731,1.4309,1.4248,1.4524,1.4833,1.5197,1.5561,1.5932,1.6303,1.6675,1.7047,1.7419,1.779,1.8162
1.9122,1.922,1.953,2.0131,2.077,2.1534,2.2299,2.3078,2.3858,2.4638,2.1088,1.2371,2.6631,2.6711,2.6345,2.5937,2.5456,2.4974,2.4483,2.3993,2.3501,2.3009,2.2517,2.2026,2.1534
3.2735,3.2735,3.2735,3.2735,3.2735,3.2735,3.2735,3.2735,3.2735,3.2735,3.2735,3.2735,3.2735,3.2735,3.2735,3.2735,3.2735,3.2735,3.2735,3.2735,3.2735,3.2735,3.2735,3.2735,3.2735
3.2801,3.2801,3.2801,3.2684,3.1862,3.088,2.9898,2.8896,2.7893,2.4083,1.7047,1.0,2.4329,2.4225,2.4695,2.5221,2.5839,2.6458,2.7089,2.772,2.8352,2.8984,2.9616,3.0249,3.0881
1.4716,1.4791,1.5029,1.5492,1.5984,1.6572,1.716,1.776,1.836,1.8961,1.9562,2.0064,2.0494,1.0888,2.0274,1.996,1.959,1.9219,1.8841,1.8464,1.8085,1.7707,1.7328,1.695,1.6571
2.3214,2.3128,2.2856,2.2328,2.1767,2.1096,2.0425,1.974,1.9055,1.837,1.7684,1.711,1.662,0.425,1.5371,1.723,1.7652,1.8075,1.8506,1.8937,1.9369,1.9801,2.0232,2.0664,2.1096
3.2999,3.2999,3.2999,3.2999,3.2999,3.2999,3.2999,3.2177,2.6243,3.2999,3.2999,3.2999,3.2999,3.2999,3.2999,3.2999,3.2999,3.2999,3.2999,3.2999,3.2999,3.2999,3.2999,3.2999,3.2999
3.2942,3.3066,3.3066,3.3066,3.3066,3.3066,3.3066,3.3066,3.3066,3.3066,3.3066,3.3066,3.3066,3.3066,3.3066,3.3066,2.1449,2.7788,3.3066,3.3066,3.3066,3.3066,3.3066,3.3066,3.3066
2.1381,2.1302,2.1051,2.0566,2.0048,1.943,1.8812,1.8182,1.7551,1.6919,1.6288,1.5759,0.6457,1.5243,1.5539,1.5869,1.6258,1.6648,1.7045,1.7442,1.784,1.8237,1.8635,1.9033,1.9431
1.5382,1.5461,1.571,1.6194,1.6708,1.7323,1.7938,1.8565,1.9192,1.982,2.0448,2.0973,0.9207,2.1487,2.1193,2.0864,2.0478,2.009,1.9695,1.93,1.8905,1.8509,1.8114,1.7718,1.7322
3.3267,3.3267,3.3267,3.3267,3.3267,3.3267,3.3267,3.3267,3.3267,3.3267,3.3267,3.2657,3.1722,3.1586,0.8807,1.5177,2.1543,2.791,3.3267,3.3267,3.3267,3.3267,3.3267,3.3267,3.3267
3.3335,3.3335,3.3335,3.3335,3.3335,3.3335,3.3335,3.1961,2.6067,2.0173,1.4279,3.3335,3.3335,3.3335,3.3335,3.3335,3.3335,3.3335,3.3335,3.3335,3.3335,3.3335,3.3335,3.3335,3.3335
1.685,1.6936,1.7209,1.7738,1.8302,1.8975,1.9649,2.0335,2.1022,2.171,2.2399,2.2974,2.3466,2.3537,1.4991,2.2854,2.2431,2.2006,2.1574,2.1141,2.0708,2.0275,1.9841,1.9408,1.8975
2.0179,2.0105,1.9868,1.941,1.8921,1.8338,1.7755,1.7159,1.6564,1.5968,1.5372,1.4874,1.4447,1.1539,1.4665,1.4977,1.5344,1.5712,1.6087,1.6461,1.6837,1.7212,1.7588,1.7963,1.8338
2.4001,2.4124,2.4513,2.5267,2.607,2.7029,2.7988,2.8966,2.9945,2.4143,1.7089,3.2725,3.3425,3.3527,3.3067,3.2554,3.1951,3.1346,3.073,3.0114,2.9497,2.888,2.8262,2.7645,2.7028
3.3608,3.3608,3.3608,3.3608,3.3608,3.3608,3.3608,3.3608,3.3608,3.3608,3.3608,3.3608,3.3608,3.3608,3.3608,3.3608,3.3608,3.3608,3.3608,3.3608,3.3608,3.3608,3.3608,3.3608,3.3608
2.6483,2.6385,2.6074,2.5473,2.4832,2.4066,2.3301,2.252,2.1739,2.0956,2.0174,1.2083,0.3747,1.888,1.9246,1.9656,2.0137,2.062,2.1112,2.1604,2.2096,2.2589,2.3081,2.3574,2.4067
1.4304,1.4377,1.4609,1.5058,1.5537,1.6108,1.668,1.7263,1.7846,1.843,1.9014,1.9503,1.992,1.9981,1.9707,1.9401,1.9042,1.8681,1.8314,1.7947,1.7579,1.7211,1.6843,1.6476,1.6108
2.7157,2.7056,2.6738,2.6121,2.5464,2.4679,2.3893,2.3093,2.2292,2.149,2.0687,2.0016,1.9443,0.3759,1.1421,1.9682,2.065,2.1145,2.1649,2.2153,2.2658,2.3163,2.3669,2.4174,2.4679
3.3886,3.3886,3.3886,3.3886,3.3886,3.3886,3.3886,3.3886,3.3886,3.3886,3.3886,3.3886,3.3886,3.3886,3.3886,3.3886,3.3886,3.3886,3.3886,3.3886,3.3886,3.3886,3.3886,3.3886,3.3886
2.3036,2.3154,2.3527,2.425,2.5021,2.5941,2.6862,2.7801,2.874,2.9681,3.0622,3.1408,3.2081,3.2178,3.1737,1.7185,2.4394,3.0085,2.9494,2.8903,2.831,2.7718,2.7126,2.6533,2.594
1.9981,1.9907,1.9673,1.9219,1.8736,1.8158,1.758,1.6991,1.6402,1.5812,1.5221,1.4728,1.4306,1.4245,1.4521,1.483,1.5194,1.5558,1.5929,1.63,1.6672,1.7043,1.7415,1.7787,1.8159
1.7058,1.7146,1.7422,1.7958,1.8529,1.921,1.9892,2.0587,2.1283,2.1979,2.2676,1.4586,2.3756,2.3828,2.3502,2.3137,2.2709,2.2278,2.1841,2.1403,2.0964,2.0526,2.0087,1.9648,1.9209
3.4169,3.4169,3.4169,3.4169,3.4169,3.4169,3.4169,3.4169,3.4169,3.4169,3.4169,3.4169,3.4169,3.4169,3.4169,1.3888,1.9714,2.554,3.1366,3.4169,3.4169,3.4169,3.4169,3.4169,3.4169
3.424,3.424,3.424,3.424,3.424,3.424,3.424,3.424,2.8249,2.1862,1.5475,0.9078,2.9764,2.9637,3.0213,3.0856,3.1611,3.237,3.3142,3.3913,3.424,3.424,3.424,3.424,3.424
1.5077,1.5154,1.5399,1.5872,1.6377,1.6979,1.7582,1.8196,1.8811,1.9426,2.0042,2.0557,2.0997,0.9088,2.0772,2.045,2.0071,1.9691,1.9304,1.8917,1.8529,1.8142,1.7754,1.7366,1.6978
2.1405,2.1326,2.1075,2.0588,2.007,1.9452,1.8833,1.8202,1.7571,1.6938,1.6306,1.5777,1.5325,0.5461,1.5556,1.5887,1.6276,1.6666,1.7064,1.7461,1.7859,1.8258,1.8656,1.9054,1.9452
3.4456,3.4456,3.4456,3.4456,3.4456,3.4456,3.4456,3.3401,2.7241,2.1082,3.4456,3.4456,3.4456,3.4456,3.4456,3.4456,3.4456,3.4456,3.4456,3.4456,3.4456,3.4456,3.4456,3.4456,3.4456
3.4529,3.4529,3.4529,3.4529,3.4529,3.4529,3.4529,3.4529,3.4529,3.4529,3.4529,3.4529,3.4529,3.4529,3.4529,3.4529,3.4529,2.5991,3.1919,3.4529,3.4529,3.4529,3.4529,3.4529,3.4529
2.2506,2.2422,2.2159,2.1647,2.1103,2.0452,1.9801,1.9138,1.8474,1.7809,1.7144,1.6305,0.4803,1.6044,1.6356,1.6704,1.7113,1.7523,1.7941,1.8359,1.8778,1.9196,1.9615,2.0034,2.0453
1.4581,1.4655,1.4892,1.5349,1.5837,1.642,1.7002,1.7597,1.8191,1.8787,1.9382,1.988,1.0261,2.0367,2.0088,1.9776,1.941,1.9042,1.8668,1.8294,1.7919,1.7544,1.7169,1.6794,1.6419
3.4749,3.4682,3.4274,3.3483,3.2641,3.1635,3.0628,2.9602,2.8575,2.7547,2.6518,2.5658,2.4923,2.4817,0.9411,1.6218,2.3022,2.7105,2.7751,2.8397,2.9045,2.9692,3.034,3.0988,3.1635
3.4823,3.4823,3.4823,3.4823,3.4823,3.4823,3.4823,3.4823,3.4823,3.4823,3.4823,3.4823,3.4823,3.4823,3.4823,3.4823,3.4823,3.4823,3.4823,3.4823,3.4823,3.4823,3.4823,3.4823,3.4823
1.8311,1.8405,1.8702,1.9277,1.989,2.0621,2.1353,2.2099,2.2846,2.3594,2.4342,2.4967,2.5501,2.5579,1.2263,2.1132,2.4377,2.3915,2.3445,2.2975,2.2504,2.2033,2.1562,2.1091,2.062
1.9607,1.9534,1.9304,1.8859,1.8384,1.7818,1.7251,1.6673,1.6094,1.5515,1.4936,1.4452,1.4038,1.3978,1.4249,1.4552,1.4909,1.5266,1.563,1.5994,1.6359,1.6724,1.7089,1.7453,1.7818
2.026,2.0363,2.0692,2.1328,2.2006,2.2815,2.3625,2.4451,2.5276,2.6104,1.8929,1.1535,2.8214,2.83,2.7912,2.7479,2.697,2.6459,2.5939,2.5419,2.4899,2.4378,2.3856,2.3335,2.2814
3.5121,3.5121,3.5121,3.5121,3.5121,3.5121,3.5121,3.5121,3.5121,3.5121,3.5121,3.5121,3.5121,3.5121,3.5121,3.5121,3.5121,3.5121,3.5121,3.5121,3.5121,3.5121,3.5121,3.5121,3.5121
2.999,2.9879,2.9527,2.8846,2.812,2.7253,2.6386,2.5502,2.4617,2.3731,1.7835,1.0463,0.4243,2.138,2.1795,2.2259,2.2804,2.3351,2.3907,2.4464,2.5022,2.558,2.6138,2.6696,2.7254
1.4231,1.4304,1.4535,1.4982,1.5458,1.6026,1.6595,1.7175,1.7755,1.8337,1.8918,1.9404,1.9819,1.7981,1.9607,1.9303,1.8945,1.8586,1.8221,1.7856,1.749,1.7124,1.6758,1.6392,1.6026
2.4025,2.3936,2.3654,2.3108,2.2527,2.1832,2.1138,2.0429,1.9721,1.9011,1.8301,1.7708,1.72,0.3672,1.3281,1.7831,1.8268,1.8706,1.9152,1.9598,2.0045,2.0492,2.0939,2.1386,2.1833
3.5425,3.5425,3.5425,3.5425,3.5425,3.5425,3.5425,3.0888,3.5425,3.5425,3.5425,3.5425,3.5425,3.5425,3.5425,3.5425,3.5425,3.5425,3.5425,3.5425,3.5425,3.5425,3.5425,3.5425,3.5425
2.7682,2.7824,2.8272,2.9142,3.0068,3.1174,3.228,3.3409,3.4537,3.5502,3.5502,3.5502,3.5502,3.5502,3.5502,1.5564,2.1984,2.848,3.4976,3.4732,3.4021,3.3309,3.2597,3.1885,3.1173
2.0366,2.029,2.0052,1.9589,1.9096,1.8507,1.7919,1.7318,1.6717,1.6116,1.5514,1.5011,0.8032,1.4519,1.4801,1.5116,1.5486,1.5857,1.6235,1.6613,1.6992,1.7371,1.775,1.8129,1.8508
1.5628,1.5708,1.5961,1.6452,1.6974,1.7599,1.8223,1.886,1.9498,2.0136,2.0774,1.8292,2.1764,2.183,2.1531,2.1197,2.0804,2.041,2.0009,1.9608,1.9206,1.8804,1.8402,1.8,1.7598
3.5734,3.5734,3.5734,3.5734,3.5734,3.5734,3.5734,3.5734,3.5734,3.5734,3.5734,3.5734,3.5734,3.5734,0.8319,1.4337,2.0351,2.6365,3.2378,3.5734,3.5734,3.5734,3.5734,3.5734,3.5734
3.5812,3.5812,3.5812,3.5812,3.5812,3.5812,3.5812,3.2206,2.6267,2.0328,1.4389,0.8989,3.5812,3.5812,3.5812,3.5812,3.5812,3.5812,3.5812,3.5812,3.5812,3.5812,3.5812,3.5812,3.5812
1.5775,1.5856,1.6112,1.6607,1.7135,1.7765,1.8395,1.9039,1.9682,2.0326,2.097,2.1509,2.1969,2.2036,1.7043,2.1397,2.1,2.0603,2.0198,1.9793,1.9387,1.8982,1.8576,1.817,1.7764
2.0178,2.0104,1.9867,1.9409,1.892,1.8337,1.7754,1.7159,1.6564,1.5968,1.5371,1.4873,1.4447,0.7929,1.4665,1.4977,1.5343,1.5711,1.6086,1.6461,1.6836,1.7211,1.7587,1.7962,1.8338
2.658,2.6716,2.7146,2.7981,2.887,2.9932,3.0995,3.2078,2.8919,2.238,1.5842,3.6048,3.6048,3.6048,3.6048,3.6048,3.5384,3.4713,3.4031,3.3349,3.2666,3.1982,3.1299,3.0615,2.9931
3.6128,3.6128,3.6128,3.6128,3.6128,3.6128,3.6128,3.6128,3.6128,3.6128,3.6128,3.6128,3.6128,3.6128,3.6128,3.6128,3.6128,3.6128,3.6128,3.6128,3.6128,3.6128,3.6128,3.6128,3.6128
2.4276,2.4186,2.3902,2.335,2.2762,2.2061,2.1359,2.0643,1.9927,1.921,1.8493,1.3113,0.3863,1.7306,1.7643,1.8018,1.8459,1.8902,1.9353,1.9803,2.0255,2.0706,2.1158,2.161,2.2061
1.4096,1.4169,1.4397,1.484,1.5311,1.5874,1.6438,1.7012,1.7587,1.8163,1.8739,1.922,1.9631,1.9691,1.9421,1.912,1.8766,1.841,1.8048,1.7687,1.7324,1.6962,1.6599,1.6237,1.5874
2.8998,2.889,2.855,2.7891,2.719,2.6352,2.5513,2.4658,2.3803,2.2946,2.209,2.1373,2.0761,0.4014,1.0335,1.781,2.2049,2.2578,2.3117,2.3655,2.4194,2.4734,2.5273,2.5813,2.6352
3.6449,3.6449,3.6449,3.6449,3.6449,3.6449,3.6449,3.6449,3.6449,3.6449,3.6449,3.6449,3.6449,3.6449,3.6449,3.6449,3.6449,3.6449,3.6449,3.6449,3.6449,3.6449,3.6449,3.6449,3.6449
2.0526,2.0631,2.0963,2.1608,2.2295,2.3115,2.3935,2.4772,2.5608,2.6446,2.7285,2.7986,2.8585,2.8672,1.1979,1.8103,2.5697,2.6807,2.628,2.5753,2.5225,2.4698,2.417,2.3642,2.3114
1.9412,1.934,1.9113,1.8672,1.8202,1.7641,1.708,1.6507,1.5935,1.5361,1.4788,1.4308,1.3898,1.3839,1.4108,1.4408,1.4761,1.5115,1.5475,1.5836,1.6197,1.6558,1.6919,1.728,1.7641
1.7762,1.7853,1.8141,1.8699,1.9293,2.0003,2.0713,2.1437,2.2161,2.2886,2.1738,1.2752,2.4736,2.4812,2.4471,2.4092,2.3646,2.3198,2.2742,2.2286,2.1829,2.1373,2.0916,2.0459,2.0002
3.6777,3.6777,3.6777,3.6777,3.6777,3.6777,3.6777,3.6777,3.6777,3.6777,3.6777,3.6777,3.6777,3.6777,3.6777,3.6777,3.6777,2.4632,3.025,3.5868,3.6777,3.6777,3.6777,3.6777,3.6777
3.5474,3.5342,3.4926,3.412,3.3262,3.2237,3.1211,3.0165,2.9115,2.2532,1.5949,0.9356,2.5397,2.5289,2.578,2.6329,2.6974,2.7621,2.8279,2.8938,2.9598,3.0257,3.0917,3.1578,3.2238
1.4431,1.4505,1.4739,1.5192,1.5675,1.6251,1.6828,1.7416,1.8004,1.8594,1.9183,1.9676,2.0097,0.8698,1.9882,1.9573,1.9211,1.8847,1.8477,1.8106,1.7735,1.7364,1.6993,1.6622,1.6251
2.1859,2.1778,2.1522,2.1025,2.0496,1.9865,1.9233,1.8588,1.7943,1.7298,1.6652,1.6112,1.565,0.4509,1.5886,1.6224,1.6622,1.702,1.7426,1.7832,1.8238,1.8645,1.9052,1.9459,1.9865
3.711,3.711,3.711,3.711,3.711,3.711,3.711,3.1713,2.5865,2.065,3.711,3.711,3.711,3.711,3.711,3.711,3.711,3.711,3.711,3.711,3.711,3.711,3.711,3.711,3.711
3.5739,3.5922,3.6502,3.7194,3.7194,3.7194,3.7194,3.7194,3.7194,3.7194,3.7194,3.7194,3.7194,3.7194,3.7194,3.7194,2.0316,2.6319,3.2323,3.7194,3.7194,3.7194,3.7194,3.7194,3.7194
2.1186,2.1107,2.0859,2.0377,1.9865,1.9252,1.864,1.8015,1.739,1.6765,1.6138,1.5615,0.5552,1.5103,1.5396,1.5724,1.6109,1.6496,1.6889,1.7282,1.7676,1.807,1.8464,1.8859,1.9253
1.4649,1.4724,1.4961,1.5421,1.5911,1.6496,1.7082,1.7679,1.8276,1.8874,1.9473,1.9973,0.8768,2.0462,2.0182,1.9869,1.9501,1.9131,1.8755,1.8379,1.8003,1.7626,1.7249,1.6873,1.6496
3.7449,3.7449,3.7449,3.7449,3.6605,3.5476,3.4348,3.3196,3.2045,3.0892,2.9738,2.8774,2.795,2.7831,0.8776,1.5124,2.1468,2.7812,3.1121,3.1846,3.2572,3.3298,3.4025,3.4751,3.5477
3.7535,3.7535,3.7535,3.7535,3.7535,3.7535,3.6233,3.0592,2.495,1.9309,3.7535,3.7535,3.7535,3.7535,3.7535,3.7535,3.7535,3.7535,3.7535,3.7535,3.7535,3.7535,3.7535,3.7535,3.7535
1.6896,1.6983,1.7257,1.7787,1.8352,1.9027,1.9703,2.0392,2.108,2.177,2.246,2.3037,2.353,2.3602,1.3443,2.2917,2.2493,2.2067,2.1633,2.12,2.0765,2.0331,1.9896,1.9461,1.9027
1.9409,1.9337,1.911,1.8669,1.8199,1.7638,1.7077,1.6505,1.5932,1.5359,1.4785,1.4306,1.3896,1.3837,1.4106,1.4406,1.4758,1.5112,1.5473,1.5833,1.6194,1.6555,1.6916,1.7277,1.7639
2.1815,2.1926,2.228,2.2965,2.3695,2.4566,2.5438,2.6328,2.7217,2.4379,1.7257,2.9744,3.038,3.0472,3.0055,2.9589,2.904,2.849,2.7931,2.7371,2.681,2.6249,2.5688,2.5127,2.4566
3.7882,3.7882,3.7882,3.7882,3.7882,3.7882,3.7882,3.7882,3.7882,3.7882,3.7882,3.7882,3.7882,3.7882,3.7882,3.7882,3.7882,3.7882,3.7882,3.7882,3.7882,3.7882,3.7882,3.7882,3.7882
2.6956,2.6856,2.654,2.5928,2.5276,2.4496,2.3717,2.2922,2.2127,2.1331,1.8924,1.1101,0.3814,1.9217,1.959,2.0007,2.0497,2.0989,2.1489,2.199,2.2491,2.2992,2.3494,2.3996,2.4497
1.3888,1.3959,1.4184,1.4621,1.5085,1.564,1.6195,1.6761,1.7327,1.7894,1.8462,1.8936,1.9341,1.94,1.9134,1.8837,1.8488,1.8138,1.7782,1.7425,1.7068,1.6711,1.6354,1.5997,1.5639
2.5176,2.5082,2.4787,2.4215,2.3606,2.2878,2.215,2.1408,2.0666,1.9922,1.9178,1.8556,1.8025,0.3485,1.1735,1.8686,1.9143,1.9602,2.007,2.0537,2.1005,2.1474,2.1942,2.2411,2.2879
3.8236,3.8236,3.8236,3.8236,3.8236,3.8236,3.8236,3.8236,3.8236,3.8236,3.8236,3.8236,3.8236,3.8236,3.8236,3.8236,3.8236,3.8236,3.8236,3.8236,3.8236,3.8236,3.8236,3.8236,3.8236
2.3939,2.4062,2.445,2.5201,2.6002,2.6959,2.7915,2.8891,2.9867,3.0845,3.1823,3.264,3.3339,3.344,3.2981,1.6054,2.2789,2.9523,3.065,3.0036,2.9421,2.8805,2.8189,2.7574,2.6958
1.9585,1.9512,1.9283,1.8838,1.8364,1.7798,1.7231,1.6654,1.6076,1.5498,1.4919,1.4435,1.0894,1.3962,1.4233,1.4536,1.4892,1.5249,1.5613,1.5976,1.6341,1.6705,1.7069,1.7434,1.7798
1.6044,1.6126,1.6386,1.689,1.7427,1.8068,1.8709,1.9363,2.0017,2.0673,2.1328,1.5377,2.2344,2.2412,2.2105,2.1762,2.1359,2.0954,2.0542,2.0131,1.9718,1.9305,1.8893,1.848,1.8067
3.8596,3.8596,3.8596,3.8596,3.8596,3.8596,3.8596,3.8596,3.8596,3.8596,3.8596,3.8596,3.8596,3.8596,3.8596,1.368,1.9418,2.5157,3.0895,3.6633,3.8596,3.8596,3.8596,3.8596,3.8596
3.8687,3.8687,3.8687,3.8687,3.8687,3.8687,3.8687,3.2776,2.6732,2.0688,1.4643,0.859,3.1981,3.1845,3.2463,3.3154,3.3966,3.4781,3.561,3.6439,3.727,3.8101,3.8687,3.8687,3.8687
1.4927,1.5004,1.5246,1.5715,1.6214,1.681,1.7407,1.8015,1.8624,1.9234,1.9843,2.0353,2.0789,2.0852,2.0084,2.0247,1.9872,1.9495,1.9112,1.8729,1.8346,1.7962,1.7578,1.7194,1.681
2.0369,2.0293,2.0055,1.9592,1.9099,1.851,1.7921,1.7321,1.672,1.6118,1.5516,1.5013,1.4583,0.6029,1.4803,1.5118,1.5488,1.586,1.6238,1.6616,1.6995,1.7374,1.7753,1.8132,1.8511
3.0233,3.0388,3.0878,3.1827,3.2839,3.4046,3.5255,3.3251,2.7119,2.0988,3.8963,3.8963,3.8963,3.8963,3.8963,3.8963,3.8963,3.8963,3.8709,3.7933,3.7156,3.6378,3.5601,3.4823,3.4045
3.9056,3.9056,3.9056,3.9056,3.9056,3.9056,3.9056,3.9056,3.9056,3.9056,3.9056,3.9056,3.9056,3.9056,3.9056,3.9056,3.9056,3.9056,3.0533,3.6204,3.9056,3.9056,3.9056,3.9056,3.9056
2.2539,2.2456,2.2191,2.1679,2.1134,2.0482,1.9831,1.9166,1.8501,1.7836,1.7169,1.4535,0.4281,1.6068,1.638,1.6729,1.7138,1.7549,1.7968,1.8386,1.8805,1.9225,1.9644,2.0064,2.0483
1.4017,1.4088,1.4316,1.4756,1.5225,1.5785,1.6345,1.6916,1.7488,1.806,1.8633,1.9111,1.2759,1.9579,1.9311,1.9012,1.8659,1.8306,1.7946,1.7587,1.7226,1.6866,1.6505,1.6145,1.5784
3.1507,3.139,3.1021,3.0305,2.9543,2.8632,2.7721,2.6792,2.5863,2.4932,2.4001,2.3223,2.2558,2.2461,0.9488,1.635,2.3209,2.4532,2.5117,2.5702,2.6288,2.6874,2.746,2.8047,2.8633
3.9432,3.9432,3.9432,3.9432,3.9432,3.9432,3.9432,3.9432,3.9432,3.9432,3.9432,3.9432,3.9432,3.9432,3.9432,3.9432,3.9432,3.9432,3.9432,3.9432,3.9432,3.9432,3.9432,3.9432,3.9432
1.8598,1.8693,1.8995,1.9579,2.0201,2.0944,2.1687,2.2445,2.3204,2.3963,2.4723,2.5358,2.5901,2.5979,1.1232,1.9356,2.4758,2.4289,2.3812,2.3335,2.2857,2.2378,2.19,2.1422,2.0943
1.9028,1.8957,1.8734,1.8302,1.7842,1.7292,1.6741,1.618,1.5619,1.5057,1.4495,1.4025,1.3623,1.3565,1.3828,1.4123,1.4469,1.4816,1.5169,1.5522,1.5876,1.623,1.6584,1.6938,1.7292
1.8738,1.8834,1.9138,1.9726,2.0353,2.1102,2.185,2.2614,2.3378,2.4143,1.9392,1.1376,2.6095,2.6175,2.5816,2.5415,2.4945,2.4472,2.3991,2.351,2.3029,2.2547,2.2065,2.1583,2.1101
3.9815,3.9815,3.9815,3.9815,3.9815,3.9815,3.9815,3.9815,3.9815,3.9815,3.9815,3.9815,3.9815,3.9815,3.9815,3.9815,3.9815,3.9815,3.9815,3.9815,3.9815,3.9815,3.9815,3.9815,3.9815
3.1043,3.0928,3.0564,2.9859,2.9107,2.821,2.7313,2.6397,2.5482,2.3497,1.6632,0.9757,2.2225,2.213,2.256,2.304,2.3604,2.4171,2.4747,2.5323,2.5901,2.6478,2.7056,2.7633,2.8211
1.3941,1.4012,1.4238,1.4676,1.5143,1.57,1.6257,1.6825,1.7393,1.7963,1.8532,1.9008,1.9415,1.2274,1.9207,1.8909,1.8559,1.8207,1.785,1.7492,1.7133,1.6775,1.6416,1.6058,1.5699
2.2565,2.2481,2.2217,2.1704,2.1158,2.0506,1.9853,1.9188,1.8523,1.7856,1.7189,1.6632,1.6155,0.385,1.3924,1.6748,1.7158,1.757,1.7988,1.8407,1.8827,1.9247,1.9667,2.0087,2.0506
4.0206,4.0206,4.0206,4.0206,4.0206,4.0206,3.6011,3.0404,2.4798,4.0206,4.0206,4.0206,4.0206,4.0206,4.0206,4.0206,4.0206,4.0206,4.0206,4.0206,4.0206,4.0206,4.0206,4.0206,4.0206
2.9506,2.9657,3.0135,3.1062,3.2049,3.3228,3.4407,3.561,3.6813,3.8018,3.9223,4.023,4.0305,4.0305,4.0305,4.0021,2.078,2.6921,3.3061,3.7021,3.6262,3.5504,3.4745,3.3986,3.3227
2.0148,2.0073,1.9837,1.9379,1.8892,1.8309,1.7727,1.7133,1.6539,1.5943,1.5348,1.485,0.6694,1.4363,1.4642,1.4954,1.532,1.5688,1.6062,1.6436,1.6811,1.7185,1.756,1.7935,1.831
1.4858,1.4934,1.5175,1.5641,1.6138,1.6732,1.7326,1.7931,1.8537,1.9144,1.9751,1.9943,2.0692,2.0754,2.047,2.0152,1.9779,1.9404,1.9023,1.8642,1.826,1.7878,1.7496,1.7114,1.6731
4.0605,4.0605,4.0605,4.0605,4.0605,4.0605,3.9707,3.8376,3.7045,3.5712,3.4379,3.3264,3.2311,3.2173,0.8274,1.4259,2.024,2.6222,3.2203,3.6815,3.7654,3.8494,3.9334,4.0173,4.0605
4.0706,4.0706,4.0706,4.0706,4.0706,4.0706,3.6462,3.0785,2.5108,1.9431,1.3754,4.0706,4.0706,4.0706,4.0706,4.0706,4.0706,4.0706,4.0706,4.0706,4.0706,4.0706,4.0706,4.0706,4.0706
1.5779,1.586,1.6116,1.6611,1.7139,1.777,1.84,1.9044,1.9687,2.0331,2.0976,2.1515,2.1975,2.2042,1.5085,2.1402,2.1006,2.0608,2.0203,1.9798,1.9392,1.8987,1.8581,1.8175,1.7769
1.9386,1.9314,1.9086,1.8646,1.8177,1.7617,1.7056,1.6484,1.5913,1.534,1.4767,1.4288,1.3879,0.9459,1.4088,1.4388,1.474,1.5094,1.5454,1.5814,1.6174,1.6535,1.6896,1.7256,1.7617
2.3937,2.4059,2.4447,2.5199,2.6,2.6956,2.7913,2.8889,2.9109,2.2527,1.5945,3.2637,3.3336,3.3437,3.2978,3.2467,3.1865,3.1262,3.0648,3.0033,2.9418,2.8802,2.8187,2.7571,2.6955
4.1114,4.1114,4.1114,4.1114,4.1114,4.1114,4.1114,4.1114,4.1114,4.1114,4.1114,4.1114,4.1114,4.1114,4.1114,4.1114,4.1114,4.1114,4.1114,4.1114,4.1114,4.1114,4.1114,4.1114,4.1114
2.4607,2.4516,2.4227,2.3668,2.3073,2.2362,2.165,2.0924,2.0199,1.9472,1.8745,1.1967,0.3525,1.7542,1.7883,1.8263,1.8711,1.916,1.9616,2.0073,2.0531,2.0989,2.1446,2.1904,2.2362
1.3673,1.3742,1.3964,1.4394,1.4851,1.5397,1.5944,1.6501,1.7058,1.7617,1.8175,1.8642,1.9041,1.9099,1.8837,1.8545,1.8201,1.7857,1.7506,1.7155,1.6803,1.6452,1.61,1.5748,1.5397
2.6747,2.6648,2.6334,2.5726,2.5079,2.4306,2.3533,2.2744,2.1955,2.1165,2.0375,1.9714,1.9149,0.3702,1.056,1.8198,2.0338,2.0826,2.1322,2.1819,2.2316,2.2814,2.3311,2.3809,2.4307
4.1531,4.1531,4.1531,4.1531,4.1531,4.1531,4.1531,4.1531,4.1531,4.1531,4.1531,4.1531,4.1531,4.1531,4.1531,4.1531,4.1531,4.1531,4.1531,4.1531,4.1531,4.1531,4.1531,4.1531,4.1531
2.1172,2.1281,2.1624,2.2289,2.2997,2.3843,2.4689,2.5552,2.6415,2.728,2.8145,2.8868,2.9485,2.9575,2.917,1.6846,2.3913,2.7651,2.7108,2.6565,2.602,2.5476,2.4931,2.4387,2.3842
1.9005,1.8935,1.8712,1.828,1.782,1.7271,1.6721,1.6161,1.56,1.5039,1.4477,1.4008,1.3607,1.3549,1.3812,1.4106,1.4451,1.4798,1.5151,1.5503,1.5857,1.621,1.6564,1.6918,1.7271
1.6656,1.6741,1.7011,1.7534,1.8091,1.8757,1.9422,2.0101,2.078,2.146,2.2141,1.3306,2.3196,2.3266,2.2947,2.2591,2.2173,2.1753,2.1325,2.0898,2.047,2.0041,1.9613,1.9184,1.8756
4.1956,4.1956,4.1956,4.1956,4.1956,4.1956,4.1956,4.1956,4.1956,4.1956,4.1956,4.1956,4.1956,4.1956,4.1956,4.1956,1.8703,2.423,2.9757,3.5283,4.081,4.1956,4.1956,4.1956,4.1956
3.7556,3.7417,3.6977,3.6123,3.5215,3.4129,3.3043,3.1936,2.7485,2.1271,1.5056,0.8832,2.6888,2.6774,2.7294,2.7874,2.8557,2.9242,2.9939,3.0637,3.1335,3.2034,3.2733,3.3431,3.413
1.4265,1.4338,1.4569,1.5018,1.5495,1.6065,1.6635,1.7216,1.7798,1.838,1.8963,1.945,1.9867,0.8599,1.9654,1.9349,1.899,1.8631,1.8265,1.7898,1.7532,1.7165,1.6798,1.6431,1.6064
2.076,2.0684,2.044,1.9968,1.9466,1.8866,1.8266,1.7654,1.7041,1.6428,1.5815,1.5302,1.4863,0.4867,1.5088,1.5409,1.5786,1.6165,1.655,1.6935,1.7322,1.7708,1.8094,1.848,1.8867
3.5616,3.5798,3.6376,3.7494,3.8686,4.0109,3.7323,3.1512,2.57,1.9889,4.2391,4.2391,4.2391,4.2391,4.2391,4.2391,4.2391,4.2391,4.2391,4.2391,4.2391,4.2391,4.194,4.1023,4.0107
3.9654,3.9857,4.0499,4.1745,4.2501,4.2501,4.2501,4.2501,4.2501,4.2501,4.2501,4.2501,4.2501,4.2501,4.2501,4.2501,4.2501,2.5135,3.0868,3.6601,4.2334,4.2501,4.2501,4.2501,4.2501
2.1167,2.1088,2.084,2.0359,1.9847,1.9235,1.8623,1.7999,1.7375,1.675,1.6124,1.5601,0.4871,1.509,1.5383,1.571,1.6095,1.6481,1.6874,1.7267,1.766,1.8054,1.8448,1.8842,1.9236
1.4062,1.4134,1.4362,1.4804,1.5274,1.5836,1.6398,1.6971,1.7544,1.8119,1.8693,1.9173,0.8658,1.9643,1.9374,1.9073,1.872,1.8365,1.8005,1.7644,1.7282,1.6921,1.6559,1.6197,1.5835
3.4948,3.4819,3.4409,3.3615,3.2769,3.1759,3.0749,2.9718,2.8688,2.7655,2.6622,2.5759,2.5021,2.4914,0.8821,1.5201,2.1577,2.7211,2.786,2.8509,2.9159,2.9809,3.0459,3.111,3.176
4.2946,4.2946,4.2946,4.2946,4.2946,4.0398,3.4954,2.9755,4.2946,4.2946,4.2946,4.2946,4.2946,4.2946,4.2946,4.2946,4.2946,4.2946,4.2946,4.2946,4.2946,4.2946,4.2946,4.2946,4.2946
1.7095,1.7183,1.746,1.7997,1.8568,1.9251,1.9935,2.0632,2.1328,2.2026,2.2725,2.3309,2.3807,2.388,1.2215,2.1051,2.2757,2.2326,2.1888,2.1449,2.1009,2.057,2.013,1.9691,1.9251
1.8814,1.8744,1.8523,1.8096,1.7641,1.7097,1.6553,1.5998,1.5443,1.4888,1.4332,1.3867,1.347,1.3412,1.3673,1.3964,1.4306,1.4649,1.4998,1.5347,1.5697,1.6047,1.6397,1.6747,1.7097
2.0057,2.016,2.0485,2.1115,2.1786,2.2587,2.3389,2.4206,2.5024,2.4852,1.7591,1.142,2.7933,2.8017,2.7633,2.7205,2.6701,2.6195,2.568,2.5166,2.465,2.4134,2.3618,2.3102,2.2586
4.3401,4.3401,4.3401,4.3401,4.3401,4.3401,4.3401,4.3401,4.3401,4.3401,4.3401,4.3401,4.3401,4.3401,4.3401,4.3401,4.3401,4.3401,4.3401,4.3401,4.3401,4.3401,4.3401,4.3401,4.3401
2.7719,2.7617,2.7292,2.6662,2.5991,2.519,2.4388,2.3571,2.2754,2.1935,1.7568,1.0306,0.3922,1.9761,2.0145,2.0573,2.1077,2.1583,2.2097,2.2612,2.3128,2.3643,2.4159,2.4675,2.5191
1.3588,1.3657,1.3878,1.4304,1.4759,1.5302,1.5845,1.6399,1.6953,1.7508,1.8063,1.8527,1.8923,1.8981,1.872,1.843,1.8089,1.7746,1.7397,1.7049,1.6699,1.635,1.6,1.5651,1.5301
2.3562,2.3475,2.3199,2.2663,2.2093,2.1412,2.0731,2.0036,1.9341,1.8645,1.7949,1.7367,1.687,0.3371,1.2194,1.7488,1.7916,1.8346,1.8784,1.9221,1.9659,2.0098,2.0536,2.0974,2.1413
4.3866,4.3866,4.3866,4.3866,4.3866,4.0267,3.4841,4.3866,4.3866,4.3866,4.3866,4.3866,4.3866,4.3866,4.3866,4.3866,4.3866,4.3866,4.3866,4.3866,4.3866,4.3866,4.3866,4.3866,4.3866
2.5198,2.5327,2.5736,2.6527,2.737,2.8377,2.9384,3.0411,3.1438,3.2467,3.3497,3.4357,3.5092,3.5199,3.4716,1.5132,2.148,2.7828,3.2263,3.1616,3.0968,3.032,2.9672,2.9024,2.8376
1.9345,1.9273,1.9046,1.8607,1.8139,1.7579,1.702,1.645,1.5879,1.5308,1.4736,1.4258,0.8598,1.3791,1.4059,1.4358,1.4709,1.5062,1.5421,1.578,1.614,1.65,1.686,1.722,1.758
1.5219,1.5297,1.5543,1.6021,1.653,1.7138,1.7747,1.8367,1.8988,1.9609,2.0231,1.6459,2.1194,2.1259,2.0967,2.0642,2.026,1.9876,1.9485,1.9095,1.8704,1.8312,1.7921,1.7529,1.7138
4.4341,4.4341,4.4341,4.4341,4.4341,4.4341,4.4341,4.4341,4.4341,4.3024,4.1417,4.0074,3.8926,3.876,0.8279,1.358,1.9276,2.4973,3.0669,3.6365,4.2061,4.4341,4.4341,4.4341,4.4341
4.4461,4.4461,4.4461,4.4461,4.4461,4.2803,3.7035,3.1269,2.5503,1.9736,1.397,0.8195,3.5032,3.4882,3.556,3.6316,3.7206,3.8098,3.9006,3.9915,4.0825,4.1735,4.2646,4.3556,4.4461
1.4897,1.4974,1.5215,1.5683,1.6181,1.6777,1.7372,1.7979,1.8587,1.9195,1.9804,2.0312,2.0747,2.081,1.7438,2.0206,1.9832,1.9456,1.9074,1.8692,1.8309,1.7926,1.7542,1.7159,1.6776
1.9536,1.9464,1.9235,1.8791,1.8318,1.7753,1.7189,1.6613,1.6036,1.5459,1.4882,1.4399,1.3987,0.6835,1.4198,1.45,1.4855,1.5211,1.5574,1.5937,1.63,1.6663,1.7027,1.739,1.7754
2.6873,2.7011,2.7446,2.829,2.9189,3.0263,3.1337,3.2432,2.722,2.1066,1.4911,3.664,3.7425,3.7538,3.7024,3.6449,3.5774,3.5097,3.4407,3.3717,3.3026,3.2335,3.1644,3.0953,3.0262
4.4949,4.4949,4.4949,4.4949,4.4949,4.4949,4.4949,4.4949,4.4949,4.4949,4.4949,4.4949,4.4949,4.4949,4.4949,4.4949,4.4949,4.4949,4.4949,3.4899,4.0365,4.4949,4.4949,4.4949,4.4949
2.2765,2.2681,2.2414,2.1897,2.1346,2.0688,2.003,1.9359,1.8687,1.8015,1.7342,1.3141,0.3871,1.6229,1.6545,1.6897,1.7311,1.7726,1.8148,1.8571,1.8994,1.9418,1.9841,2.0265,2.0689
1.3577,1.3646,1.3866,1.4293,1.4747,1.5289,1.5832,1.6385,1.6939,1.7493,1.8048,1.8511,1.736,1.8965,1.8705,1.8415,1.8074,1.7731,1.7383,1.7035,1.6685,1.6336,1.5987,1.5638,1.5289
2.8861,2.8754,2.8416,2.776,2.7061,2.6227,2.5393,2.4542,2.3691,2.2838,2.1985,2.1272,2.0663,0.3995,0.9651,1.6631,2.1945,2.2472,2.3008,2.3543,2.408,2.4617,2.5154,2.5691,2.6228
4.5448,4.5448,4.5448,4.5448,4.5448,4.5448,4.5448,4.5448,4.5448,4.5448,4.5448,4.5448,4.5448,4.5448,4.5448,4.5448,4.5448,4.5448,4.5448,4.5448,4.5448,4.5448,4.5448,4.5448,4.5448
1.9071,1.9169,1.9478,2.0077,2.0715,2.1477,2.2239,2.3016,2.3794,2.4573,2.5352,2.6003,2.6559,2.664,1.113,1.7918,2.5388,2.4907,2.4418,2.3928,2.3438,2.2948,2.2457,2.1967,2.1476
1.8604,1.8535,1.8317,1.7894,1.7444,1.6906,1.6368,1.5819,1.5271,1.4721,1.4172,1.3712,1.3319,1.3262,1.352,1.3808,1.4146,1.4485,1.4831,1.5176,1.5522,1.5868,1.6214,1.656,1.6906
1.7499,1.7588,1.7872,1.8421,1.9007,1.9706,2.0405,2.1119,2.1832,2.2546,2.0076,1.1777,2.437,2.4443,2.4108,2.3734,2.3295,2.2854,2.2404,2.1955,2.1505,2.1056,2.0605,2.0155,1.9705
4.5958,4.5958,4.5958,4.5958,4.5958,4.5958,4.5958,4.5958,4.5958,4.5958,4.5958,4.5958,4.5958,4.5958,4.5958,4.5958,4.5958,4.5958,4.5958,3.4287,3.9658,4.5029,4.5958,4.5958,4.5958
3.2513,3.2392,3.2011,3.1272,3.0486,2.9546,2.8606,2.7647,2.6688,2.2109,1.565,0.9181,2.3278,2.3178,2.3629,2.4131,2.4722,2.5315,2.5919,2.6522,2.7127,2.7732,2.8337,2.8942,2.9547
1.3759,1.3829,1.4052,1.4485,1.4945,1.5495,1.6044,1.6605,1.7166,1.7728,1.829,1.876,1.9161,0.9257,1.8956,1.8662,1.8316,1.7969,1.7616,1.7263,1.691,1.6556,1.6202,1.5848,1.5494
2.1374,2.1294,2.1044,2.0558,2.0041,1.9423,1.8805,1.8175,1.7545,1.6913,1.6282,1.5754,1.5302,0.4092,1.48,1.5864,1.6252,1.6642,1.7039,1.7436,1.7833,1.8231,1.8628,1.9026,1.9424
4.4092,4.4317,4.5032,4.6417,4.6479,4.1278,3.5716,3.0155,2.4594,4.6479,4.6479,4.6479,4.6479,4.6479,4.6479,4.6479,4.6479,4.6479,4.6479,4.6479,4.6479,4.6479,4.6479,4.6479,4.6479
3.1985,3.2149,3.2667,3.3672,3.4742,3.6019,3.7298,3.8602,3.9905,4.1211,4.2518,4.361,4.4544,4.4679,4.4067,4.3383,1.9801,2.5653,3.1504,3.7355,3.9309,3.8486,3.7664,3.6841,3.6018
2.0086,2.0011,1.9776,1.9319,1.8833,1.8253,1.7672,1.708,1.6488,1.5894,1.5301,1.4804,0.5736,1.4319,1.4597,1.4908,1.5273,1.5639,1.6012,1.6385,1.6759,1.7132,1.7506,1.788,1.8253
1.4236,1.4309,1.454,1.4987,1.5463,1.6032,1.6601,1.7181,1.7761,1.8343,1.8924,1.941,0.8521,1.9886,1.9613,1.9309,1.8951,1.8592,1.8227,1.7862,1.7496,1.713,1.6764,1.6397,1.6031
3.9771,3.9624,3.9158,3.8254,3.7292,3.6142,3.4992,3.382,3.2647,3.1472,3.0297,2.9314,2.8474,2.8353,0.8294,1.4293,2.0289,2.6285,3.1705,3.2444,3.3183,3.3923,3.4663,3.5403,3.6143
4.7148,4.7148,4.7148,4.7148,4.6054,4.0585,3.5116,2.9649,2.4181,1.8714,1.3612,4.7148,4.7148,4.7148,4.7148,4.7148,4.7148,4.7148,4.7148,4.7148,4.7148,4.7148,4.7148,4.7148,4.7148
1.5912,1.5994,1.6252,1.6752,1.7284,1.792,1.8556,1.9204,1.9853,2.0503,2.1153,2.1696,2.2161,2.2228,1.3557,2.1583,2.1183,2.0782,2.0374,1.9965,1.9556,1.9147,1.8738,1.8328,1.7919
1.8762,1.8692,1.8472,1.8046,1.7592,1.705,1.6507,1.5954,1.5401,1.4847,1.4292,1.3829,1.3433,1.1988,1.3635,1.3925,1.4266,1.4608,1.4957,1.5305,1.5654,1.6003,1.6352,1.6701,1.705
2.1831,2.1943,2.2297,2.2983,2.3713,2.4585,2.5458,2.6348,2.7238,2.2869,1.6187,2.9766,3.0404,3.0496,3.0078,2.9611,2.9063,2.8512,2.7952,2.7392,2.683,2.6269,2.5707,2.5146,2.4584
4.7697,4.7697,4.7697,4.7697,4.7697,4.7697,4.7697,4.7697,4.7697,4.7697,4.7697,4.7697,4.7697,4.7697,4.7697,4.7697,4.7697,4.7697,4.7697,4.7697,4.7697,4.7697,4.7697,4.7697,4.7697
2.5169,2.5076,2.4781,2.4209,2.36,2.2873,2.2145,2.1403,2.066,1.9917,1.8823,1.1042,0.3561,1.7943,1.8292,1.8681,1.9138,1.9597,2.0065,2.0532,2.1,2.1468,2.1937,2.2405,2.2873
1.3358,1.3426,1.3642,1.4062,1.4509,1.5042,1.5576,1.6121,1.6665,1.7211,1.7756,1.8213,1.8602,1.8659,1.8403,1.8118,1.7782,1.7445,1.7102,1.676,1.6416,1.6073,1.5729,1.5386,1.5042
2.4915,2.4822,2.453,2.3964,2.3361,2.2641,2.1921,2.1186,2.0451,1.9715,1.8979,1.8364,1.7838,0.3449,1.0897,1.8492,1.8945,1.9399,1.9862,2.0324,2.0788,2.1251,2.1715,2.2178,2.2642
4.8259,4.8259,4.8259,4.8259,4.4596,4.8259,4.8259,4.8259,4.8259,4.8259,4.8259,4.8259,4.8259,4.8259,4.8259,4.8259,4.8259,4.8259,4.8259,4.8259,4.8259,4.8259,4.8259,4.8259,4.8259
2.2078,2.2191,2.2549,2.3242,2.3981,2.4863,2.5745,2.6645,2.7545,2.8447,2.9349,3.0103,3.0747,3.084,3.0418,1.582,2.2456,2.8834,2.8268,2.7701,2.7134,2.6566,2.5998,2.543,2.4862
1.8741,1.8672,1.8452,1.8026,1.7573,1.7031,1.6489,1.5936,1.5384,1.483,1.4276,1.3813,1.2303,1.336,1.362,1.391,1.425,1.4592,1.494,1.5288,1.5637,1.5985,1.6334,1.6683,1.7031
1.5751,1.5831,1.6087,1.6581,1.7108,1.7737,1.8367,1.9009,1.9651,2.0294,2.0938,1.4058,2.1935,2.2002,2.17,2.1364,2.0968,2.0571,2.0167,1.9762,1.9357,1.8952,1.8547,1.8142,1.7737
4.8835,4.8835,4.8835,4.8835,4.8835,4.8835,4.8835,4.8835,4.8835,4.8835,4.8835,4.8835,4.8835,4.8835,4.8835,1.3055,1.8532,2.4009,2.9485,3.4961,4.0437,4.5913,4.8835,4.8835,4.8835
4.036,4.0211,3.9738,3.8821,3.7844,3.6678,3.5511,3.2069,2.6155,2.0241,1.4328,0.8405,2.8896,2.8773,2.9332,2.9956,3.0689,3.1426,3.2175,3.2924,3.3675,3.4426,3.5177,3.5928,3.6679
1.4206,1.4279,1.4509,1.4955,1.543,1.5998,1.6566,1.7145,1.7724,1.8304,1.8884,1.937,1.9784,0.8563,1.9572,1.9269,1.8912,1.8553,1.8189,1.7824,1.7459,1.7094,1.6728,1.6363,1.5998
1.9869,1.9795,1.9562,1.9111,1.863,1.8056,1.7481,1.6896,1.631,1.5723,1.5136,1.4645,1.4225,0.5355,1.444,1.4747,1.5108,1.547,1.5839,1.6208,1.6578,1.6947,1.7317,1.7687,1.8056
3.106,3.1219,3.1722,3.2698,3.3737,3.4978,3.6219,3.1548,2.573,1.9913,4.1289,4.2349,4.3256,4.3387,4.2792,4.2129,4.1348,4.0565,3.9768,3.8971,3.8172,3.7373,3.6575,3.5776,3.4977
4.5198,4.5429,4.6162,4.7581,4.9093,4.9573,4.9573,4.9573,4.9573,4.9573,4.9573,4.9573,4.9573,4.9573,4.9573,4.9573,4.9573,2.4184,2.97,3.5216,4.0732,4.6248,4.9573,4.9573,4.9573
2.1313,2.1234,2.0984,2.05,1.9984,1.9368,1.8752,1.8124,1.7495,1.6866,1.6236,1.4758,0.4347,1.5194,1.5489,1.5819,1.6206,1.6595,1.6991,1.7386,1.7783,1.8179,1.8576,1.8972,1.9369
1.3598,1.3667,1.3888,1.4315,1.477,1.5313,1.5856,1.6411,1.6965,1.752,1.8076,1.854,1.0484,1.8994,1.8734,1.8443,1.8102,1.7759,1.741,1.7061,1.6711,1.6362,1.6012,1.5662,1.5312
3.1713,3.1595,3.1224,3.0503,2.9736,2.8819,2.7902,2.6967,2.6032,2.5095,2.4158,2.3374,2.2705,2.2608,0.8938,1.5403,2.1864,2.4692,2.5281,2.587,2.646,2.705,2.764,2.823,2.882
5.0181,5.0181,5.0181,5.0181,5.0181,5.0181,5.0181,5.0181,5.0181,5.0181,5.0181,5.0181,5.0181,5.0181,5.0181,5.0181,5.0181,5.0181,5.0181,5.0181,5.0181,5.0181,5.0181,5.0181,5.0181
1.7445,1.7535,1.7817,1.8365,1.8949,1.9646,2.0343,2.1054,2.1765,2.2478,2.319,2.3786,2.4295,2.4369,1.1228,1.935,2.3224,2.2784,2.2336,2.1889,2.144,2.0991,2.0543,2.0094,1.9645
1.8365,1.8297,1.8082,1.7665,1.722,1.6689,1.6158,1.5617,1.5075,1.4533,1.399,1.3536,1.3149,1.3093,1.3347,1.3631,1.3965,1.43,1.4641,1.4982,1.5323,1.5665,1.6006,1.6348,1.669
1.8629,1.8724,1.9026,1.9612,2.0235,2.0979,2.1724,2.2483,2.3242,2.4003,1.8098,1.0617,2.5944,2.6023,2.5666,2.5268,2.48,2.433,2.3852,2.3374,2.2895,2.2416,2.1937,2.1458,2.0978
5.0803,5.0803,5.0803,5.0803,5.0803,5.0803,5.0803,5.0803,5.0803,5.0803,5.0803,5.0803,5.0803,5.0803,5.0803,5.0803,5.0803,5.0803,5.0803,5.0803,5.0803,5.0803,5.0803,5.0803,5.0803
2.8794,2.8687,2.835,2.7695,2.6999,2.6166,2.5334,2.4485,2.3636,2.2785,1.6459,0.9655,0.4074,2.0527,2.0926,2.1371,2.1894,2.242,2.2954,2.3489,2.4024,2.456,2.5096,2.5631,2.6167
1.3388,1.3456,1.3673,1.4094,1.4542,1.5076,1.5612,1.6157,1.6703,1.725,1.7797,1.8254,1.8644,1.4514,1.8445,1.8159,1.7822,1.7485,1.7141,1.6798,1.6453,1.6109,1.5765,1.542,1.5076
2.2241,2.2159,2.1898,2.1393,2.0854,2.0212,1.9569,1.8913,1.8257,1.76,1.6943,1.6393,1.5924,0.3543,1.2816,1.6508,1.6912,1.7317,1.773,1.8143,1.8557,1.8971,1.9385,1.9798,2.0212
5.1441,5.1441,5.1441,5.0613,4.5234,3.9863,3.4491,2.9121,5.1441,5.1441,5.1441,5.1441,5.1441,5.1441,5.1441,5.1441,5.1441,5.1441,5.1441,5.1441,5.1441,5.1441,5.1441,5.1441,5.1441
2.6883,2.7021,2.7456,2.8301,2.92,3.0274,3.1348,3.2444,3.354,3.4638,3.5736,3.6654,3.7439,3.7552,3.7038,1.5115,2.041,2.6441,3.2472,3.373,3.3039,3.2347,3.1656,3.0965,3.0273
1.9244,1.9173,1.8947,1.851,1.8044,1.7488,1.6932,1.6364,1.5797,1.5228,1.466,1.4184,0.7089,1.3719,1.3986,1.4283,1.4633,1.4984,1.5341,1.5699,1.6057,1.6415,1.6773,1.7131,1.7489
1.4547,1.4621,1.4857,1.5314,1.58,1.6382,1.6963,1.7556,1.8149,1.8743,1.9337,1.7915,2.0258,2.032,2.0041,1.9731,1.9365,1.8998,1.8625,1.8252,1.7878,1.7504,1.7129,1.6755,1.6381
4.6804,4.6631,4.6082,4.5019,4.3886,4.2533,4.118,3.98,3.842,3.7037,3.5654,3.4498,3.351,3.3367,0.788,1.3579,1.9276,2.4972,3.0668,3.6364,3.9051,3.9922,4.0793,4.1664,4.2535
5.2262,5.2262,5.2262,5.2231,4.668,4.1137,3.5594,3.0052,2.451,1.8968,1.3426,0.8912,3.9243,3.9075,3.9834,4.0682,4.1678,4.2678,4.3695,4.4713,4.5733,4.6752,4.7772,4.8792,4.9812
1.4979,1.5056,1.5299,1.5769,1.627,1.6869,1.7467,1.8078,1.8689,1.93,1.9912,2.0424,2.0861,2.0924,1.5429,2.0317,1.9941,1.9563,1.9179,1.8794,1.8409,1.8024,1.7639,1.7254,1.6868
1.8872,1.8802,1.8581,1.8152,1.7696,1.715,1.6604,1.6048,1.5491,1.4934,1.4376,1.391,1.3512,0.8017,1.3715,1.4007,1.435,1.4694,1.5045,1.5395,1.5746,1.6097,1.6448,1.6799,1.7151
2.424,2.4364,2.4757,2.5518,2.6329,2.7298,2.8267,2.9255,2.7535,2.1309,1.5083,3.3051,3.3758,3.386,3.3396,3.2878,3.2269,3.1658,3.1036,3.0414,2.9791,2.9167,2.8544,2.792,2.7297
5.2937,5.2937,5.2937,5.2937,5.2937,5.2937,5.2937,5.2937,5.2937,5.2937,5.2937,5.2937,5.2937,5.2937,5.2937,5.2937,5.2937,5.2937,5.2937,5.2937,3.9184,4.449,4.9797,5.2937,5.2937
2.3183,2.3097,2.2825,2.2298,2.1737,2.1067,2.0397,1.9713,1.903,1.8345,1.766,1.2027,0.3543,1.6527,1.6848,1.7206,1.7628,1.8051,1.8481,1.8911,1.9343,1.9774,2.0205,2.0637,2.1068
1.3242,1.3309,1.3524,1.394,1.4383,1.4912,1.5441,1.5981,1.6521,1.7062,1.7602,1.8055,1.8441,1.8497,1.8244,1.7961,1.7628,1.7294,1.6954,1.6614,1.6274,1.5933,1.5593,1.5252,1.4912
2.6717,2.6618,2.6305,2.5698,2.5051,2.4279,2.3507,2.2719,2.1931,2.1142,2.0352,1.9692,1.9128,0.3698,0.9902,1.7065,2.0315,2.0803,2.1299,2.1795,2.2291,2.2788,2.3286,2.3783,2.428
5.363,5.363,5.363,5.363,5.363,5.363,5.363,5.363,5.363,5.363,5.363,5.363,5.363,5.363,5.363,5.363,5.363,5.363,5.363,5.363,5.363,5.363,5.363,5.363,5.363
1.9743,1.9844,2.0164,2.0784,2.1444,2.2233,2.3022,2.3827,2.4632,2.5438,2.6244,2.6918,2.7495,2.7578,2.72,1.6743,2.3767,2.5784,2.5278,2.4771,2.4263,2.3756,2.3248,2.274,2.2232
1.8313,1.8246,1.8031,1.7615,1.7172,1.6642,1.6113,1.5573,1.5033,1.4492,1.3951,1.3498,1.3112,1.3056,1.3309,1.3592,1.3925,1.4259,1.4599,1.4939,1.528,1.5621,1.5961,1.6302,1.6643
1.6483,1.6567,1.6835,1.7352,1.7904,1.8562,1.9221,1.9893,2.0565,2.1238,2.1005,1.2322,2.2955,2.3025,2.2709,2.2357,2.1943,2.1527,2.1104,2.0681,2.0257,1.9834,1.941,1.8986,1.8562
5.4342,5.4342,5.4342,5.4342,5.4342,5.4342,5.4342,5.4342,5.4342,5.4342,5.4342,5.4342,5.4342,5.4342,5.4342,5.4342,1.8399,2.3288,2.8599,3.3911,3.9223,4.4534,4.9846,5.4342,5.4342
3.4471,3.4344,3.3939,3.3156,3.2322,3.1326,3.0329,2.9313,2.7099,2.0972,1.4845,0.8708,2.468,2.4574,2.5052,2.5585,2.6211,2.684,2.748,2.812,2.8761,2.9402,3.0044,3.0685,3.1327
1.3674,1.3744,1.3965,1.4395,1.4852,1.5398,1.5945,1.6502,1.706,1.7618,1.8177,1.8643,1.9042,0.8242,1.8838,1.8546,1.8203,1.7858,1.7507,1.7156,1.6805,1.6453,1.6101,1.575,1.5398
2.04,2.0325,2.0086,1.9622,1.9128,1.8539,1.7949,1.7347,1.6746,1.6143,1.554,1.5036,1.4606,0.4414,1.4826,1.5141,1.5512,1.5884,1.6263,1.6642,1.7021,1.7401,1.778,1.816,1.8539
3.734,3.7532,3.8137,3.931,4.0559,4.1228,3.5673,3.0118,2.4564,1.901,4.9637,5.0912,5.2002,5.216,5.1445,5.0647,4.9709,4.8767,4.7809,4.6851,4.5891,4.493,4.397,4.301,4.2049
3.5341,3.5522,3.6094,3.7205,3.8387,3.9799,4.1211,4.2652,4.4092,4.5535,4.6979,4.8186,4.9217,4.9367,4.869,4.7935,1.9007,2.4624,3.0241,3.5857,4.1474,4.2524,4.1615,4.0706,3.9797
2.0169,2.0094,1.9858,1.9399,1.8911,1.8328,1.7745,1.715,1.6556,1.596,1.5364,1.4866,0.5023,1.4378,1.4657,1.4969,1.5336,1.5704,1.6078,1.6453,1.6828,1.7203,1.7578,1.7953,1.8329
1.3737,1.3808,1.403,1.4462,1.4921,1.547,1.6019,1.6579,1.7139,1.77,1.8261,1.873,0.8222,1.9189,1.8926,1.8633,1.8287,1.7941,1.7589,1.7236,1.6883,1.653,1.6176,1.5823,1.547
3.5623,3.5491,3.5073,3.4264,3.3402,3.2372,3.1342,3.0292,2.9241,2.8189,2.7136,2.6256,2.5504,2.5395,0.8376,1.4435,2.0491,2.6546,2.8398,2.9059,2.9722,3.0385,3.1047,3.171,3.2373
5.6014,5.6014,5.5287,4.9973,4.4662,3.9358,3.4055,2.8753,2.345,5.6014,5.6014,5.6014,5.6014,5.6014,5.6014,5.6014,5.6014,5.6014,5.6014,5.6014,5.6014,5.6014,5.6014,5.6014,5.6014
1.6172,1.6255,1.6517,1.7025,1.7566,1.8212,1.8859,1.9518,2.0177,2.0838,2.1498,2.2051,2.2523,2.2591,1.2344,2.1273,2.1529,2.1122,2.0706,2.0291,1.9876,1.946,1.9044,1.8628,1.8212
1.8282,1.8214,1.8,1.7585,1.7142,1.6614,1.6085,1.5546,1.5007,1.4467,1.3927,1.3475,1.3089,1.3033,1.3286,1.3569,1.3901,1.4235,1.4574,1.4914,1.5254,1.5594,1.5934,1.6274,1.6614
2.0133,2.0236,2.0562,2.1195,2.1868,2.2672,2.3477,2.4298,2.5118,2.3408,1.6569,2.745,2.8038,2.8123,2.7738,2.7307,2.6801,2.6294,2.5777,2.526,2.4743,2.4225,2.3707,2.3189,2.2672
5.679,5.679,5.679,5.679,5.679,5.679,5.679,5.679,5.679,5.679,5.679,5.679,5.679,5.679,5.679,5.679,5.679,5.679,5.679,5.679,5.679,5.679,5.679,5.679,5.679
2.5975,2.5879,2.5575,2.4984,2.4356,2.3605,2.2854,2.2088,2.1322,2.0555,1.7537,1.0288,0.3675,1.8518,1.8877,1.9279,1.9751,2.0225,2.0707,2.1189,2.1673,2.2156,2.2639,2.3122,2.3606
1.3137,1.3205,1.3417,1.383,1.427,1.4794,1.5319,1.5855,1.639,1.6927,1.7464,1.7912,1.8296,1.8351,1.81,1.7819,1.7489,1.7157,1.682,1.6483,1.6145,1.5808,1.547,1.5132,1.4794
2.3414,2.3327,2.3052,2.252,2.1954,2.1277,2.06,1.991,1.9219,1.8528,1.7836,1.7257,1.6763,0.3241,1.1355,1.7378,1.7803,1.823,1.8665,1.91,1.9535,1.9971,2.0406,2.0842,2.1278
5.7589,5.7589,5.4547,4.9305,4.4064,3.8832,3.4034,5.7589,5.7589,5.7589,5.7589,5.7589,5.7589,5.7589,5.7589,5.7589,5.7589,5.7589,5.7589,5.7589,5.7589,5.7589,5.7589,5.7589,5.7589
2.3282,2.3401,2.3779,2.451,2.5289,2.6219,2.715,2.8099,2.9048,2.9998,3.095,3.1745,3.2424,3.2522,3.2077,1.4977,2.126,2.7542,2.981,2.9212,2.8613,2.8015,2.7416,2.6817,2.6218
1.8606,1.8537,1.8319,1.7896,1.7446,1.6908,1.637,1.5821,1.5273,1.4723,1.4173,1.3714,0.9449,1.3264,1.3522,1.3809,1.4147,1.4487,1.4832,1.5178,1.5524,1.587,1.6216,1.6562,1.6908
1.501,1.5086,1.533,1.5801,1.6303,1.6903,1.7503,1.8115,1.8727,1.9339,1.9953,1.5051,2.0903,2.0967,2.0679,2.0358,1.9981,1.9603,1.9218,1.8832,1.8447,1.8061,1.7675,1.7288,1.6902
5.7739,5.7525,5.6848,5.5536,5.4139,5.247,5.0801,4.9098,4.7396,4.569,4.3984,4.2557,4.1338,4.1162,4.1962,1.3025,1.8489,2.3952,2.9416,3.4879,4.0342,4.5806,5.0323,5.1397,5.2472
4.4101,4.3937,4.342,4.2418,4.1351,4.0076,3.641,3.0741,2.5072,1.9403,1.3734,0.8057,3.1574,3.1439,3.205,3.2732,3.3533,3.4338,3.5157,3.5975,3.6796,3.7616,3.8436,3.9257,4.0078
1.4246,1.4319,1.455,1.4998,1.5474,1.6043,1.6613,1.7193,1.7774,1.8356,1.8938,1.9424,1.984,1.99,1.8146,1.9323,1.8965,1.8606,1.824,1.7875,1.7508,1.7142,1.6776,1.6409,1.6043
1.915,1.9079,1.8855,1.842,1.7956,1.7403,1.6849,1.6284,1.572,1.5154,1.4588,1.4115,1.3711,0.6026,1.3917,1.4213,1.4561,1.4911,1.5266,1.5622,1.5978,1.6334,1.6691,1.7047,1.7403
2.7587,2.7728,2.8175,2.9042,2.9964,3.1067,3.2169,3.1813,2.5946,2.008,1.4765,3.7614,3.8419,3.8535,3.8007,3.7418,3.6724,3.6029,3.5321,3.4613,3.3904,3.3194,3.2485,3.1775,3.1066
5.3327,5.36,5.4464,5.6139,5.7923,5.947,5.947,5.947,5.947,5.947,5.947,5.947,5.947,5.947,5.947,5.947,5.947,5.947,2.8771,3.4115,3.9459,4.4802,5.0146,5.5489,5.947
2.1622,2.1542,2.1288,2.0797,2.0274,1.9649,1.9024,1.8386,1.7749,1.711,1.6471,1.3358,0.3935,1.5414,1.5714,1.6048,1.6441,1.6835,1.7237,1.7638,1.804,1.8443,1.8845,1.9247,1.965
1.3237,1.3305,1.3519,1.3935,1.4378,1.4906,1.5436,1.5975,1.6515,1.7055,1.7596,1.8048,1.3547,1.849,1.8237,1.7954,1.7621,1.7287,1.6948,1.6608,1.6268,1.5927,1.5587,1.5246,1.4906
2.9117,2.9009,2.8668,2.8006,2.7302,2.646,2.5618,2.476,2.3901,2.3041,2.2181,2.1461,2.0847,2.0758,0.9129,1.5731,2.214,2.2671,2.3212,2.3752,2.4294,2.4836,2.5377,2.5919,2.6461
6.0346,6.0346,6.0346,6.0346,6.0346,6.0346,6.0346,6.0346,6.0346,6.0346,6.0346,6.0346,6.0346,6.0346,6.0346,6.0346,6.0346,6.0346,6.0346,6.0346,6.0346,6.0346,6.0346,6.0346,6.0346
1.7954,1.8046,1.8337,1.8901,1.9501,2.0219,2.0936,2.1668,2.24,2.3133,2.3867,2.448,2.5004,2.5079,1.0478,1.7968,2.3901,2.3448,2.2987,2.2527,2.2065,2.1603,2.1142,2.068,2.0218
1.8045,1.7979,1.7767,1.7357,1.692,1.6399,1.5877,1.5345,1.4813,1.428,1.3746,1.3301,1.292,1.2865,1.3114,1.3393,1.3721,1.4051,1.4386,1.4721,1.5056,1.5392,1.5728,1.6063,1.6399
1.7461,1.755,1.7833,1.8381,1.8965,1.9663,2.0361,2.1073,2.1784,2.2497,1.8793,1.1024,2.4316,2.439,2.4056,2.3683,2.3244,2.2804,2.2356,2.1908,2.1459,2.101,2.0561,2.0111,1.9662
6.1249,6.1249,6.1249,6.1249,6.1249,6.1249,6.1249,6.1249,6.1249,6.1249,6.1249,6.1249,6.1249,6.1249,6.1249,6.1249,6.1249,6.1249,6.1249,6.1249,6.1249,6.1249,6.1249,6.1249,5.9155
3.0222,3.011,2.9756,2.9069,2.8338,2.7464,2.659,2.5699,2.4808,2.1967,1.5549,0.9122,2.1637,2.1545,2.1964,2.2431,2.298,2.3531,2.4093,2.4654,2.5216,2.5778,2.634,2.6903,2.7465
1.3277,1.3345,1.3561,1.3978,1.4422,1.4952,1.5483,1.6024,1.6565,1.7108,1.765,1.8103,1.8491,1.0464,1.8293,1.8009,1.7675,1.7341,1.7,1.6659,1.6318,1.5976,1.5635,1.5293,1.4952
2.1157,2.1079,2.0831,2.035,1.9838,1.9227,1.8615,1.7991,1.7367,1.6742,1.6117,1.5594,1.5148,0.3769,1.3633,1.5703,1.6088,1.6474,1.6866,1.7259,1.7653,1.8046,1.844,1.8834,1.9227
4.7565,4.7809,4.858,5.0074,4.5077,3.9725,3.4372,2.902,2.3669,6.1286,6.2178,6.2178,6.2178,6.2178,6.2178,6.2178,6.2178,6.2121,6.09,5.968,5.8457,5.7234,5.601,5.4787,5.3563
2.9105,2.9254,2.9725,3.0639,3.1613,3.2776,3.3939,3.5125,3.6312,3.75,3.8689,3.9683,4.0532,4.0655,4.0098,3.9476,1.9535,2.5309,3.1081,3.6517,3.5769,3.502,3.4272,3.3523,3.2775
1.9274,1.9203,1.8977,1.8539,1.8073,1.7516,1.6958,1.639,1.5822,1.5252,1.4683,1.4207,0.6032,1.3741,1.4008,1.4306,1.4656,1.5008,1.5365,1.5723,1.6082,1.644,1.6799,1.7157,1.7516
1.4002,1.4074,1.4301,1.4741,1.5209,1.5768,1.6328,1.6899,1.747,1.8041,1.8613,1.9091,0.8381,1.9559,1.9291,1.8992,1.864,1.8287,1.7928,1.7568,1.7208,1.6848,1.6488,1.6128,1.5768
4.115,4.0997,4.0515,3.958,3.8584,3.7395,3.6205,3.4992,3.3778,3.2563,3.1346,3.033,2.9461,2.9335,0.7934,1.3673,1.9409,2.5145,3.088,3.3568,3.4333,3.5099,3.5864,3.663,3.7396
6.3117,6.1298,5.5914,5.054,4.5169,3.9805,3.4441,2.9079,2.3716,1.8354,1.2992,4.6521,4.5189,4.4996,4.587,4.6846,4.7993,4.9144,5.0316,5.1488,5.2662,5.3836,5.501,5.6184,5.7359
1.517,1.5248,1.5494,1.597,1.6478,1.7084,1.769,1.8309,1.8927,1.9547,2.0166,2.0684,2.1127,2.1191,1.3868,2.0576,2.0195,1.9813,1.9423,1.9034,1.8644,1.8254,1.7864,1.7474,1.7083
1.8352,1.8284,1.8069,1.7652,1.7208,1.6677,1.6147,1.5605,1.5064,1.4522,1.398,1.3527,1.3139,0.985,1.3337,1.3621,1.3954,1.4289,1.463,1.4971,1.5312,1.5653,1.5995,1.6336,1.6678
2.2143,2.2257,2.2616,2.3311,2.4052,2.4937,2.5822,2.6724,2.7627,2.1719,1.5373,3.0192,3.0838,3.0932,3.0508,3.0034,2.9478,2.892,2.8351,2.7783,2.7214,2.6644,2.6075,2.5505,2.4936
6.4377,6.4377,6.4377,6.4377,6.4377,6.4377,6.4377,6.4377,6.4377,6.4377,6.4377,6.4377,6.4377,6.4377,6.4377,6.4377,6.4377,6.4377,6.4377,6.4377,6.4377,6.4377,4.8655,5.384,5.9025
2.3798,2.371,2.3431,2.289,2.2314,2.1627,2.0938,2.0237,1.9535,1.8832,1.8129,1.1125,0.3367,1.6966,1.7295,1.7663,1.8096,1.853,1.8972,1.9413,1.9856,2.0299,2.0742,2.1184,2.1627
1.2998,1.3065,1.3276,1.3684,1.4119,1.4638,1.5158,1.5687,1.6217,1.6748,1.7279,1.7723,1.8102,1.8157,1.7908,1.7631,1.7304,1.6976,1.6643,1.6309,1.5975,1.5641,1.5306,1.4972,1.4638
2.4966,2.4874,2.4581,2.4014,2.341,2.2688,2.1966,2.123,2.0494,1.9756,1.9018,1.8402,1.7875,0.3456,1.025,1.7663,1.8984,1.9439,1.9903,2.0366,2.0831,2.1295,2.176,2.2224,2.2689
6.3909,5.8743,5.3584,6.5405,6.5405,6.5405,6.5405,6.5405,6.5405,6.5405,6.5405,6.5405,6.5405,6.5405,6.5405,6.5405,6.5405,6.5405,6.5405,6.5405,6.5405,6.5405,6.5405,6.5405,6.5405
2.0636,2.0742,2.1076,2.1724,2.2414,2.3239,2.4064,2.4905,2.5746,2.6589,2.7432,2.8136,2.8739,2.8826,2.8431,1.578,2.2399,2.6951,2.6421,2.5892,2.5361,2.483,2.43,2.3769,2.3238
1.8144,1.8077,1.7864,1.7452,1.7013,1.6488,1.5964,1.5429,1.4894,1.4358,1.3821,1.3373,1.299,1.2935,1.3186,1.3466,1.3796,1.4127,1.4464,1.4801,1.5138,1.5476,1.5813,1.6151,1.6489
1.5649,1.5729,1.5983,1.6474,1.6998,1.7623,1.8248,1.8886,1.9524,2.0163,2.0803,1.3035,2.1794,2.186,2.156,2.1226,2.0832,2.0438,2.0036,1.9635,1.9232,1.883,1.8427,1.8025,1.7622
6.6467,6.6467,6.6467,6.6467,6.6467,6.6467,6.6467,6.5174,6.2914,6.065,5.8385,5.6492,5.4874,5.4639,5.5701,1.2856,1.7894,2.3182,2.8469,3.3757,3.9044,4.4331,4.9619,5.4906,6.0194
3.7031,3.6894,3.646,3.5619,3.4722,3.3652,3.2581,3.1489,2.5895,2.004,1.4185,0.8321,2.6513,2.64,2.6912,2.7485,2.8158,2.8833,2.9521,3.0208,3.0897,3.1586,3.2275,3.2964,3.3653
1.3678,1.3748,1.397,1.44,1.4857,1.5404,1.595,1.6508,1.7065,1.7624,1.8183,1.865,1.9049,0.8245,1.8845,1.8553,1.8209,1.7864,1.7513,1.7162,1.681,1.6459,1.6107,1.5755,1.5403
1.9609,1.9536,1.9306,1.8861,1.8386,1.782,1.7253,1.6674,1.6096,1.5517,1.4937,1.4453,1.4039,0.4841,1.4251,1.4554,1.491,1.5268,1.5632,1.5996,1.6361,1.6726,1.709,1.7455,1.782
3.2422,3.2588,3.3114,3.4132,3.5216,3.6512,3.587,3.0285,2.47,1.9115,4.3099,4.4206,4.5153,4.529,4.4669,4.3976,4.3161,4.2344,4.1512,4.068,3.9846,3.9012,3.8179,3.7345,3.6511
3.9947,4.0151,4.0798,4.2053,4.3389,4.4985,4.6582,4.821,4.9839,5.147,5.3102,5.4466,5.5632,5.58,5.5036,5.4182,5.3178,2.3797,2.9225,3.4653,4.0081,4.5508,4.7039,4.6011,4.4984
2.0393,2.0318,2.0078,1.9615,1.9122,1.8532,1.7943,1.7341,1.674,1.6137,1.5535,1.5031,0.4478,1.4538,1.4821,1.5136,1.5507,1.5879,1.6257,1.6636,1.7015,1.7394,1.7774,1.8153,1.8533
1.3343,1.3412,1.3628,1.4047,1.4493,1.5026,1.556,1.6104,1.6648,1.7192,1.7738,1.8193,0.8906,1.8639,1.8384,1.8098,1.7763,1.7427,1.7084,1.6742,1.6399,1.6056,1.5712,1.5369,1.5026
3.235,3.223,3.1851,3.1116,3.0333,2.9398,2.8462,2.7509,2.6555,2.5599,2.4643,2.3844,2.3161,2.3062,0.8521,1.4684,2.0844,2.5188,2.5789,2.6389,2.6991,2.7593,2.8195,2.8797,2.9399
6.436,5.9158,5.3962,4.8776,4.3592,3.8677,6.8985,6.8985,6.8985,6.8985,6.8985,6.8985,6.8985,6.8985,6.8985,6.8985,6.8985,6.8985,6.8985,6.8985,6.8985,6.8985,6.8985,6.8985,6.8985
1.6563,1.6648,1.6916,1.7437,1.7991,1.8652,1.9314,1.999,2.0665,2.1341,2.2018,2.2583,2.3067,2.3137,1.1369,1.9592,2.2049,2.1632,2.1207,2.0782,2.0356,1.993,1.9504,1.9078,1.8652
1.7928,1.7862,1.7651,1.7244,1.681,1.6292,1.5774,1.5245,1.4716,1.4187,1.3657,1.3214,1.2836,1.2781,1.3029,1.3306,1.3632,1.3959,1.4292,1.4625,1.4958,1.5292,1.5625,1.5959,1.6292
1.875,1.8846,1.915,1.9739,2.0366,2.1115,2.1864,2.2629,2.3393,2.4159,1.7101,1.0675,2.6112,2.6191,2.5832,2.5432,2.496,2.4488,2.4007,2.3525,2.3043,2.2561,2.2079,2.1597,2.1114
7.0167,7.0167,7.0167,7.0167,7.0167,7.0167,7.0167,7.0167,7.0167,7.0167,7.0167,7.0167,7.0167,7.0167,7.0167,7.0167,7.0167,7.0167,7.0167,7.0167,7.0167,7.0167,7.0167,7.0167,7.0167
2.705,2.695,2.6633,2.6019,2.5364,2.4582,2.38,2.3002,2.2205,2.1406,1.6484,0.967,0.3827,1.9284,1.9659,2.0077,2.0569,2.1062,2.1564,2.2067,2.257,2.3073,2.3576,2.4079,2.4583
1.3002,1.3069,1.3279,1.3688,1.4123,1.4642,1.5162,1.5692,1.6222,1.6753,1.7284,1.7728,1.8107,1.8162,1.7913,1.7636,1.7309,1.6981,1.6647,1.6314,1.5979,1.5645,1.5311,1.4976,1.4642
2.218,2.2098,2.1838,2.1334,2.0797,2.0156,1.9515,1.8861,1.8207,1.7552,1.6896,1.6348,1.588,0.3305,1.1955,1.6462,1.6866,1.727,1.7682,1.8094,1.8506,1.8919,1.9331,1.9744,2.0157
6.4691,5.9462,5.4239,4.9026,4.3816,3.8613,3.341,2.8208,7.139,7.139,7.139,7.139,7.139,7.139,7.139,7.139,7.139,7.139,7.139,7.139,7.139,7.139,7.139,7.139,7.139
2.4846,2.4974,2.5376,2.6157,2.6988,2.798,2.8974,2.9986,3.0999,3.2014,3.3029,3.3877,3.4602,3.4707,3.4232,1.4286,2.0278,2.6271,3.1812,3.1175,3.0536,2.9897,2.9258,2.8619,2.798
1.859,1.8521,1.8303,1.7881,1.7431,1.6894,1.6356,1.5808,1.526,1.4711,1.4161,1.3702,0.7663,1.3253,1.351,1.3798,1.4135,1.4475,1.482,1.5165,1.5511,1.5856,1.6202,1.6548,1.6894
1.4405,1.4479,1.4712,1.5165,1.5646,1.6222,1.6798,1.7385,1.7972,1.856,1.9149,1.6352,2.0061,2.0122,1.9846,1.9538,1.9176,1.8813,1.8443,1.8074,1.7703,1.7333,1.6962,1.6592,1.6221
4.9357,4.9175,4.8596,4.7474,4.628,4.4854,4.3427,4.1971,4.0516,3.9058,3.7599,3.638,3.5338,3.5187,0.759,1.3079,1.8566,2.4053,2.9539,3.5025,4.0512,4.21,4.3018,4.3936,4.4855
4.9123,4.8942,4.8366,4.7249,4.6061,4.0612,3.514,2.9669,2.4197,1.8726,1.3255,0.7987,3.517,3.502,3.57,3.646,3.7353,3.8249,3.9161,4.0073,4.0986,4.19,4.2814,4.3728,4.4642
1.4383,1.4456,1.4689,1.5141,1.5622,1.6197,1.6772,1.7358,1.7944,1.8532,1.9119,1.961,2.003,2.0091,1.6014,1.9508,1.9147,1.8784,1.8415,1.8046,1.7676,1.7306,1.6936,1.6566,1.6196
1.8578,1.851,1.8292,1.787,1.742,1.6883,1.6346,1.5798,1.525,1.4701,1.4152,1.3694,1.3301,0.6974,1.3502,1.3789,1.4127,1.4466,1.4811,1.5155,1.5501,1.5847,1.6192,1.6538,1.6884
2.4879,2.5006,2.541,2.6191,2.7023,2.8017,2.9012,3.0026,2.6347,2.039,1.4433,3.3922,3.4648,3.4753,3.4277,3.3745,3.312,3.2493,3.1854,3.1216,3.0576,2.9936,2.9296,2.8656,2.8017
6.6009,6.6347,6.7417,6.949,7.1698,7.4304,7.4304,7.4304,7.4304,7.4304,7.4304,7.4304,7.4304,7.4304,7.4304,7.4304,7.4304,7.4304,7.4304,3.326,3.847,4.368,4.889,5.4099,5.9309
2.2097,2.2015,2.1756,2.1254,2.0719,2.008,1.9442,1.879,1.8138,1.7486,1.6833,1.2241,0.3606,1.5753,1.6059,1.64,1.6802,1.7205,1.7615,1.8026,1.8437,1.8848,1.9259,1.967,2.0081
1.2967,1.3033,1.3243,1.365,1.4084,1.4602,1.512,1.5649,1.6178,1.6707,1.7237,1.7679,1.8058,1.8113,1.7864,1.7587,1.7261,1.6935,1.6602,1.6269,1.5936,1.5602,1.5269,1.4935,1.4602
2.7013,2.6913,2.6596,2.5983,2.5329,2.4548,2.3767,2.2971,2.2174,2.1376,2.0578,1.9911,1.934,0.3739,0.9397,1.6193,2.054,2.1033,2.1535,2.2036,2.2539,2.3041,2.3544,2.4046,2.4549
7.5677,7.5677,7.5677,7.5677,7.5677,7.5677,7.5677,7.5677,7.5677,7.5677,7.5677,7.5677,7.5677,7.5677,7.5677,7.5677,7.5677,7.5677,7.5677,7.5677,7.5677,7.5677,7.5677,7.5677,7.5677
1.8635,1.8731,1.9033,1.9618,2.0242,2.0986,2.1731,2.2491,2.325,2.4011,2.4772,2.5409,2.5953,2.6031,1.0876,1.6838,2.3901,2.4338,2.386,2.3382,2.2903,2.2423,2.1944,2.1465,2.0985
1.7841,1.7775,1.7566,1.716,1.6729,1.6213,1.5697,1.5171,1.4645,1.4118,1.3591,1.315,1.2773,1.2719,1.2966,1.3242,1.3566,1.3892,1.4223,1.4554,1.4886,1.5218,1.555,1.5882,1.6214
1.6501,1.6585,1.6853,1.7371,1.7923,1.8582,1.9242,1.9914,2.0587,2.1261,1.97,1.1557,2.298,2.3049,2.2733,2.2381,2.1966,2.155,2.1127,2.0703,2.0279,1.9855,1.943,1.9006,1.8581
7.7101,7.7101,7.7101,7.7101,7.7101,7.7101,7.7101,7.7101,7.7101,7.7101,7.7101,7.7101,7.7101,7.7101,7.7101,7.7101,7.7101,7.7101,2.7789,3.2951,3.8112,4.3273,4.8434,5.3596,5.8757
3.2068,3.195,3.1574,3.0845,3.0069,2.9142,2.8215,2.7269,2.6324,2.0911,1.4802,0.8683,2.2959,2.2862,2.3306,2.3801,2.4384,2.4969,2.5565,2.616,2.6756,2.7353,2.795,2.8546,2.9143
1.3251,1.3318,1.3533,1.3949,1.4393,1.4922,1.5452,1.5992,1.6532,1.7073,1.7614,1.8067,1.8453,0.8168,1.8256,1.7973,1.764,1.7306,1.6965,1.6625,1.6285,1.5944,1.5603,1.5262,1.4922
2.027,2.0195,1.9958,1.9497,1.9007,1.8421,1.7835,1.7237,1.6639,1.604,1.5441,1.4941,1.4513,0.4063,1.4694,1.5045,1.5413,1.5783,1.6159,1.6536,1.6913,1.729,1.7667,1.8044,1.8421
3.9855,4.0059,4.0705,4.1957,4.329,3.984,3.4472,2.9104,2.3737,5.1352,5.298,5.4341,5.5504,5.5672,5.4909,5.4058,5.3056,5.2051,5.1028,5.0006,4.8981,4.7956,4.6931,4.5906,4.4881
3.2038,3.2202,3.2721,3.3728,3.4799,3.6079,3.736,3.8666,3.9972,4.128,4.2589,4.3683,4.4618,4.4753,4.414,4.3455,1.8826,2.4389,2.9953,3.5516,3.9374,3.855,3.7726,3.6902,3.6078
1.9431,1.9359,1.9131,1.869,1.8219,1.7658,1.7096,1.6523,1.595,1.5376,1.4802,1.4322,0.5259,1.3852,1.4121,1.4422,1.4775,1.5129,1.549,1.5851,1.6212,1.6574,1.6935,1.7297,1.7658
1.3566,1.3636,1.3856,1.4282,1.4736,1.5278,1.582,1.6373,1.6926,1.748,1.8034,1.8497,0.812,1.8951,1.8691,1.8401,1.806,1.7718,1.737,1.7022,1.6673,1.6324,1.5975,1.5626,1.5277
3.6807,3.6671,3.624,3.5403,3.4513,3.3449,3.2385,3.1299,3.0214,2.9126,2.8039,2.713,2.6352,2.624,0.8043,1.3861,1.9676,2.549,2.9343,3.0026,3.071,3.1395,3.208,3.2765,3.345
6.4941,5.9691,5.4449,4.9216,4.3985,3.8762,3.3539,2.8317,2.3095,1.7873,5.7402,5.5541,5.395,5.3719,5.4763,5.5928,5.7298,5.8672,6.0071,6.147,6.2872,6.4273,6.5675,6.7077,6.848
1.5473,1.5552,1.5803,1.6289,1.6806,1.7424,1.8043,1.8673,1.9304,1.9936,2.0568,2.1096,2.1548,2.1613,1.2634,2.0986,2.0598,2.0208,1.981,1.9413,1.9016,1.8618,1.822,1.7822,1.7424
1.7957,1.7891,1.768,1.7272,1.6838,1.6319,1.5799,1.527,1.474,1.421,1.3679,1.3236,1.2857,1.2802,1.305,1.3328,1.3654,1.3982,1.4315,1.4649,1.4983,1.5317,1.5651,1.5985,1.6319
2.0454,2.0558,2.089,2.1532,2.2216,2.3033,2.3851,2.4685,2.5518,2.2302,1.5786,2.7888,2.8485,2.8571,2.8179,2.7742,2.7228,2.6713,2.6188,2.5663,2.5137,2.4611,2.4085,2.3559,2.3033
8.2125,8.2125,8.2125,8.2125,8.2125,8.2125,8.2125,8.2125,8.2125,8.2125,8.2125,8.2125,8.2125,8.2125,8.2125,8.2125,8.2125,8.2125,8.2125,8.2125,8.2125,8.2125,8.2125,8.2125,8.2125
2.4628,2.4537,2.4248,2.3688,2.3092,2.238,2.1668,2.0942,2.0216,1.9488,1.7712,1.039,0.3484,1.7557,1.7898,1.8279,1.8727,1.9176,1.9633,2.009,2.0548,2.1006,2.1465,2.1923,2.2381
1.2838,1.2903,1.3111,1.3515,1.3944,1.4457,1.497,1.5493,1.6017,1.6541,1.7065,1.7504,1.7878,1.7932,1.7687,1.7412,1.709,1.6766,1.6437,1.6107,1.5777,1.5447,1.5117,1.4787,1.4456
2.353,2.3443,2.3167,2.2632,2.2063,2.1383,2.0703,2.0009,1.9315,1.862,1.7924,1.7343,1.6846,0.3257,1.0704,1.7464,1.7892,1.8321,1.8758,1.9195,1.9632,2.007,2.0508,2.0946,2.1383
6.341,5.8284,5.3165,4.8055,4.2948,3.8042,8.3806,8.3806,8.3806,8.3806,8.3806,8.3806,8.3806,8.3806,8.3806,8.3806,8.3806,8.3806,8.3806,8.3806,8.3806,8.3806,8.3806,8.3806,8.3806
2.1788,2.1899,2.2253,2.2937,2.3666,2.4536,2.5407,2.6295,2.7183,2.8073,2.8963,2.9707,3.0343,3.0435,3.0018,1.4988,2.1275,2.7563,2.7896,2.7337,2.6777,2.6217,2.5656,2.5096,2.4535
1.8086,1.8019,1.7807,1.7396,1.6959,1.6436,1.5913,1.538,1.4846,1.4312,1.3778,1.3331,1.0686,1.2894,1.3144,1.3424,1.3753,1.4082,1.4418,1.4754,1.509,1.5427,1.5763,1.61,1.6436
1.4965,1.5042,1.5284,1.5754,1.6255,1.6853,1.7451,1.8061,1.8671,1.9282,1.9894,1.3954,2.0841,2.0905,2.0618,2.0298,1.9922,1.9545,1.9161,1.8777,1.8392,1.8007,1.7622,1.7237,1.6852
6.2539,6.2308,6.1575,6.0154,5.864,5.6833,5.5024,5.318,5.1336,4.9489,4.764,4.6096,4.4775,4.4584,4.545,1.2626,1.7923,2.322,2.8516,3.3812,3.9108,4.4404,4.97,5.4997,5.6834
4.0368,4.0218,3.9745,3.8828,3.7851,3.6684,3.5517,3.0549,2.4915,1.9282,1.3648,0.8006,2.8901,2.8778,2.9337,2.9961,3.0695,3.1431,3.2181,3.293,3.3681,3.4432,3.5183,3.5934,3.6685
1.377,1.384,1.4064,1.4496,1.4957,1.5507,1.6057,1.6619,1.718,1.7742,1.8305,1.8775,1.9177,1.9235,1.8971,1.8677,1.8331,1.7984,1.763,1.7277,1.6923,1.6569,1.6215,1.5861,1.5506
1.8972,1.8902,1.8679,1.8248,1.7789,1.7241,1.6692,1.6133,1.5573,1.5013,1.4452,1.3984,1.3583,0.5414,1.3788,1.4081,1.4426,1.4772,1.5124,1.5477,1.5829,1.6182,1.6535,1.6888,1.7241
2.8717,2.8864,2.9329,3.0231,3.1192,3.2339,3.3487,3.0652,2.5,1.9347,3.8174,3.9154,3.9992,4.0114,3.9564,3.895,3.8229,3.7505,3.6768,3.6031,3.5292,3.4554,3.3815,3.3077,3.2338
4.6459,4.6696,4.7449,4.8909,5.0463,5.2319,5.4176,5.6069,5.7963,5.986,6.1758,6.3344,6.47,6.4897,6.4007,6.3014,6.1847,2.3782,2.8423,3.3702,3.8981,4.426,4.9539,5.3512,5.2317
2.0761,2.0684,2.044,1.9969,1.9466,1.8866,1.8266,1.7654,1.7042,1.6428,1.5815,1.3753,0.4051,1.48,1.5088,1.5409,1.5786,1.6165,1.655,1.6936,1.7322,1.7708,1.8094,1.848,1.8867
1.3041,1.3108,1.3319,1.3729,1.4165,1.4686,1.5207,1.5739,1.6271,1.6803,1.7336,1.7781,1.1107,1.8217,1.7967,1.7689,1.7361,1.7032,1.6697,1.6363,1.6027,1.5692,1.5357,1.5021,1.4686
2.9731,2.9621,2.9272,2.8597,2.7877,2.7018,2.6158,2.5282,2.4405,2.3527,2.2648,2.1914,2.1286,2.1195,0.8731,1.5045,2.1357,2.3149,2.3701,2.4253,2.4806,2.5359,2.5912,2.6466,2.7019
8.9775,8.9775,8.9775,8.9775,8.9775,8.9775,8.9775,8.9775,8.9775,8.9775,8.9775,8.9775,8.9775,8.9775,8.9775,8.9775,8.9775,8.9775,8.9775,8.9775,8.9775,8.9775,8.9775,8.9775,8.9775
1.7094,1.7181,1.7459,1.7995,1.8567,1.925,1.9933,2.063,2.1327,2.2025,2.2723,2.3307,2.3806,2.3878,1.0577,1.8227,2.2756,2.2325,2.1886,2.1448,2.1008,2.0569,2.0129,1.9689,1.925
1.7687,1.7621,1.7414,1.7012,1.6584,1.6073,1.5561,1.504,1.4518,1.3996,1.3473,1.3036,1.2663,1.2609,1.2854,1.3127,1.3449,1.3771,1.41,1.4428,1.4757,1.5086,1.5415,1.5744,1.6073
1.7618,1.7708,1.7994,1.8547,1.9136,1.984,2.0544,2.1262,2.1981,2.27,1.7797,1.044,2.4535,2.461,2.4273,2.3896,2.3453,2.3009,2.2557,2.2105,2.1652,2.1199,2.0746,2.0293,1.9839
9.1787,9.1787,9.1787,9.1787,9.1787,9.1787,9.1787,9.1787,9.1787,9.1787,9.1787,9.1787,9.1787,9.1787,9.1787,9.1787,9.1787,9.1787,9.1787,9.1787,9.1787,9.1787,9.1787,9.1787,9.1787
2.8435,2.833,2.7997,2.7351,2.6663,2.5841,2.5019,2.418,2.3341,2.2065,1.5618,0.9162,2.0358,2.0272,2.0665,2.1105,2.1622,2.2141,2.2668,2.3196,2.3725,2.4254,2.4783,2.5312,2.5841
1.2946,1.3012,1.3222,1.3629,1.4062,1.4579,1.5097,1.5624,1.6152,1.6681,1.7209,1.7652,1.8029,1.2282,1.7836,1.756,1.7234,1.6908,1.6576,1.6243,1.591,1.5578,1.5245,1.4912,1.4579
2.1168,2.109,2.0841,2.036,1.9848,1.9236,1.8624,1.8,1.7376,1.6751,1.6125,1.5602,1.5155,0.3517,1.2722,1.5711,1.6096,1.6482,1.6875,1.7268,1.7662,1.8055,1.8449,1.8843,1.9237
5.2488,5.2757,5.3608,4.9047,4.3834,3.8629,3.3424,2.822,2.3805,6.763,6.9774,7.1566,7.3098,7.332,7.2315,7.1193,6.9874,6.8551,6.7204,6.5857,6.4507,6.3158,6.1808,6.0458,5.9107
2.6864,2.7001,2.7437,2.8281,2.9179,3.0253,3.1326,3.2421,3.3516,3.4613,3.5711,3.6628,3.7412,3.7526,3.7011,3.6437,1.9477,2.5233,3.0988,3.3706,3.3015,3.2325,3.1634,3.0943,3.0252
1.8689,1.862,1.8401,1.7976,1.7524,1.6984,1.6444,1.5892,1.5341,1.4789,1.4237,1.3775,0.6453,1.3324,1.3582,1.3871,1.4211,1.4552,1.4899,1.5246,1.5594,1.5941,1.6289,1.6637,1.6984
1.3916,1.3987,1.4213,1.465,1.5116,1.5672,1.6228,1.6795,1.7362,1.7931,1.8499,1.8064,1.938,1.9439,1.9173,1.8875,1.8526,1.8175,1.7818,1.7461,1.7103,1.6745,1.6387,1.6029,1.5671
4.3196,4.3036,4.2529,4.1548,4.0503,3.9254,3.8005,3.6731,3.5458,3.4182,3.2905,3.1838,3.0926,3.0794,0.767,1.3218,1.8763,2.4308,2.9852,3.5237,3.604,3.6844,3.7648,3.8451,3.9255
5.6009,5.5801,5.5145,5.0083,4.476,3.9445,3.413,2.8816,2.3502,1.8188,1.2874,4.1282,4.01,3.9929,4.0704,4.157,4.2588,4.361,4.465,4.5689,4.6731,4.7773,4.8815,4.9857,5.0899
1.4616,1.4691,1.4928,1.5387,1.5876,1.646,1.7044,1.764,1.8236,1.8833,1.943,1.9929,2.0356,2.0417,1.4372,1.9825,1.9458,1.9089,1.8714,1.8339,1.7963,1.7587,1.7212,1.6836,1.646
1.8135,1.8068,1.7856,1.7443,1.7005,1.6481,1.5956,1.5421,1.4887,1.4351,1.3815,1.3367,1.2984,0.8376,1.318,1.346,1.379,1.4121,1.4457,1.4794,1.5131,1.5469,1.5806,1.6144,1.6481
2.2733,2.2849,2.3217,2.3932,2.4692,2.56,2.6509,2.7435,2.6939,2.0848,1.4757,3.0995,3.1659,3.1755,3.1319,3.0834,3.0262,2.9689,2.9106,2.8523,2.7938,2.7353,2.6769,2.6184,2.5599
8.7991,8.8441,8.9867,9.2631,9.5574,9.8997,9.8997,9.8997,9.8997,9.8997,9.8997,9.8997,9.8997,9.8997,9.8997,9.8997,9.8997,9.8997,9.8997,9.8997,3.8264,4.2843,4.7953,5.3063,5.8173
2.2748,2.2664,2.2397,2.188,2.133,2.0673,2.0015,1.9344,1.8673,1.8001,1.7329,1.1339,0.334,1.6217,1.6532,1.6884,1.7297,1.7712,1.8135,1.8557,1.898,1.9403,1.9827,2.025,2.0673
1.2778,1.2843,1.305,1.3452,1.3879,1.439,1.49,1.5421,1.5942,1.6464,1.6986,1.7422,1.7795,1.7849,1.7604,1.7331,1.701,1.6688,1.636,1.6032,1.5704,1.5375,1.5046,1.4718,1.4389
2.5296,2.5202,2.4906,2.4331,2.3719,2.2988,2.2256,2.151,2.0765,2.0017,1.927,1.8645,1.8111,0.3502,0.9749,1.6801,1.9235,1.9696,2.0166,2.0635,2.1106,2.1576,2.2047,2.2518,2.2988
10.0,10.0,10.0,10.0,10.0,10.0,10.0,10.0,10.0,10.0,10.0,10.0,10.0,10.0,10.0,10.0,10.0,10.0,10.0,10.0,10.0,10.0,10.0,10.0,10.0
1.9513,1.9613,1.9929,2.0542,2.1195,2.1975,2.2754,2.355,2.4345,2.5142,2.5939,2.6606,2.7175,2.7258,2.6884,1.591,2.2585,2.5485,2.4984,2.4483,2.3981,2.348,2.2978,2.2476,2.1974
1.7744,1.7678,1.747,1.7067,1.6638,1.6125,1.5612,1.5088,1.4565,1.4041,1.3517,1.3078,1.2704,1.265,1.2895,1.317,1.3492,1.3816,1.4145,1.4475,1.4805,1.5135,1.5465,1.5795,1.6125
1.5712,1.5793,1.6047,1.6541,1.7067,1.7694,1.8322,1.8963,1.9603,2.0245,2.0858,1.2236,2.1882,2.1948,2.1647,2.1312,2.0917,2.0521,2.0117,1.9714,1.931,1.8906,1.8502,1.8098,1.7694
8.6701,8.638,8.5364,8.3394,8.1296,7.879,7.6283,7.3726,7.1169,6.8608,6.6046,6.3905,6.2074,6.1809,6.301,6.435,1.7453,2.261,2.7767,3.2925,3.8082,4.3239,4.8396,5.3553,5.8711
3.4432,3.4304,3.39,3.3118,3.2285,3.129,3.0294,2.9279,2.5904,2.0047,1.419,0.8324,2.4651,2.4546,2.5023,2.5555,2.6181,2.6809,2.7449,2.8088,2.8728,2.9369,3.0009,3.065,3.1291
1.3304,1.3372,1.3588,1.4006,1.4451,1.4982,1.5514,1.6056,1.6599,1.7142,1.7685,1.814,1.8528,0.8019,1.833,1.8045,1.7711,1.7375,1.7034,1.6693,1.6351,1.6008,1.5666,1.5324,1.4982
1.9551,1.9478,1.9249,1.8805,1.8332,1.7767,1.7202,1.6625,1.6048,1.5471,1.4893,1.441,1.3997,0.4443,1.4208,1.4511,1.4866,1.5223,1.5586,1.5949,1.6312,1.6676,1.704,1.7404,1.7767
3.4364,3.454,3.5097,3.6177,3.7326,3.8699,3.4786,2.937,2.3954,1.8538,4.5681,4.6854,4.7857,4.8003,4.7345,4.661,4.5747,4.488,4.3998,4.3117,4.2233,4.1349,4.0466,3.9582,3.8698
3.5965,3.6149,3.6732,3.7861,3.9064,4.0501,4.1939,4.3405,4.4871,4.6339,4.7809,4.9037,5.0086,5.0238,4.955,4.8781,1.9317,2.3654,2.905,3.4445,3.984,4.3275,4.235,4.1425,4.05
1.9714,1.9641,1.941,1.8962,1.8485,1.7915,1.7345,1.6764,1.6182,1.56,1.5017,1.4531,0.4674,1.4054,1.4327,1.4632,1.499,1.535,1.5716,1.6082,1.6448,1.6815,1.7182,1.7549,1.7916
1.3226,1.3293,1.3508,1.3923,1.4366,1.4894,1.5423,1.5962,1.6501,1.7041,1.7581,1.8033,0.7916,1.8475,1.8221,1.7939,1.7606,1.7273,1.6934,1.6594,1.6254,1.5914,1.5574,1.5234,1.4894
3.3405,3.3281,3.289,3.2131,3.1322,3.0357,2.9391,2.8406,2.7421,2.6434,2.5447,2.4622,2.3916,2.3814,0.8208,1.4146,2.008,2.601,2.663,2.725,2.7872,2.8493,2.9114,2.9736,3.0358
6.362,5.8478,5.3342,4.8215,4.3091,3.7974,3.2857,2.7741,2.3333,7.4939,7.214,6.9801,6.7801,6.7512,6.8824,7.0288,7.2009,7.3737,7.5495,7.7253,7.9014,8.0776,8.2538,8.43,8.6062
1.5892,1.5974,1.6231,1.6731,1.7262,1.7897,1.8532,1.918,1.9828,2.0477,2.1126,2.1669,2.2133,2.22,1.1644,2.0066,2.1156,2.0756,2.0348,1.994,1.9532,1.9123,1.8714,1.8305,1.7897
1.7675,1.761,1.7403,1.7001,1.6573,1.6063,1.5551,1.503,1.4509,1.3987,1.3465,1.3028,1.2655,1.2601,1.2846,1.3119,1.344,1.3762,1.4091,1.4419,1.4748,1.5076,1.5405,1.5734,1.6063
1.908,1.9178,1.9487,2.0086,2.0725,2.1487,2.225,2.3027,2.3805,2.3075,1.6333,1.0863,2.6572,2.6653,2.6287,2.588,2.54,2.4919,2.4429,2.394,2.3449,2.2959,2.2468,2.1977,2.1486
10.0,10.0,10.0,10.0,10.0,10.0,10.0,10.0,10.0,10.0,10.0,10.0,10.0,10.0,10.0,10.0,10.0,10.0,10.0,10.0,10.0,10.0,10.0,10.0,10.0
2.5698,2.5603,2.5301,2.4718,2.4096,2.3353,2.261,2.1852,2.1094,2.0335,1.6685,0.9788,0.3636,1.832,1.8676,1.9073,1.954,2.0009,2.0486,2.0963,2.1441,2.1919,2.2397,2.2875,2.3354
1.2753,1.2818,1.3025,1.3426,1.3852,1.4362,1.4871,1.5391,1.5911,1.6432,1.6953,1.7388,1.776,1.7814,1.757,1.7298,1.6977,1.6656,1.6328,1.6001,1.5673,1.5345,1.5017,1.4689,1.4361
2.2351,2.2268,2.2006,2.1498,2.0957,2.0311,1.9665,1.9006,1.8347,1.7686,1.7026,1.6474,1.6002,0.3119,1.1282,1.6589,1.6995,1.7403,1.7818,1.8233,1.8648,1.9064,1.948,1.9896,2.0312
6.3284,5.8169,5.306,4.796,4.2863,3.7773,3.2683,9.4381,9.7569,10.0,10.0,10.0,10.0,10.0,10.0,10.0,10.0,10.0,10.0,9.8121,9.611,9.4099,9.2088,9.0076,8.8065
2.3253,2.3372,2.3749,2.448,2.5258,2.6187,2.7116,2.8064,2.9012,2.9961,3.0911,3.1705,3.2384,3.2482,3.2037,1.4339,2.0354,2.6369,2.9773,2.9176,2.8578,2.798,2.7382,2.6784,2.6186
1.8136,1.8069,1.7857,1.7444,1.7006,1.6481,1.5957,1.5422,1.4887,1.4352,1.3816,1.3368,0.8466,1.2929,1.318,1.3461,1.3791,1.4121,1.4458,1.4795,1.5132,1.5469,1.5807,1.6144,1.6482
1.4409,1.4482,1.4716,1.5168,1.565,1.6226,1.6802,1.7389,1.7977,1.8565,1.9154,1.5134,2.0066,2.0127,1.9851,1.9543,1.9181,1.8818,1.8448,1.8078,1.7708,1.7337,1.6967,1.6596,1.6226
5.2913,5.2717,5.2097,5.0894,4.9614,4.8085,4.6555,4.4995,4.3434,4.1871,4.0307,3.9,3.7883,3.7722,0.8057,1.2724,1.8061,2.3399,2.8736,3.4073,3.941,4.4747,4.6117,4.7102,4.8086
4.4752,4.4586,4.4061,4.3045,4.1962,4.0494,3.5038,2.9582,2.4127,1.8672,1.3217,0.7753,3.204,3.1903,3.2523,3.3215,3.4029,3.4845,3.5676,3.6506,3.7339,3.8171,3.9004,3.9837,4.0669
1.3949,1.402,1.4246,1.4684,1.5151,1.5708,1.6266,1.6834,1.7403,1.7973,1.8542,1.9019,1.9426,1.9485,1.6854,1.892,1.8569,1.8217,1.7859,1.7501,1.7143,1.6784,1.6425,1.6067,1.5708
1.847,1.8402,1.8185,1.7766,1.7319,1.6785,1.6251,1.5706,1.5161,1.4616,1.407,1.3614,1.3224,0.6199,1.3423,1.3709,1.4044,1.4381,1.4724,1.5067,1.5411,1.5754,1.6098,1.6442,1.6785
2.5855,2.5988,2.6407,2.7219,2.8084,2.9117,3.015,3.1204,2.5467,1.9708,1.395,3.5253,3.6007,3.6116,3.5622,3.5069,3.4419,3.3767,3.3104,3.244,3.1776,3.1111,3.0446,2.9781,2.9116
5.6131,5.6418,5.7328,5.9091,6.0969,6.3211,6.5455,6.7743,7.0031,7.2323,7.4616,7.6533,7.8171,7.8408,7.7333,7.6134,7.4723,7.3308,2.781,3.2975,3.814,4.3305,4.847,5.3635,5.88
2.1279,2.12,2.0951,2.0467,1.9952,1.9337,1.8722,1.8094,1.7467,1.6838,1.6209,1.2604,0.3712,1.517,1.5464,1.5793,1.618,1.6568,1.6963,1.7358,1.7754,1.815,1.8546,1.8942,1.9338
1.2821,1.2887,1.3095,1.3497,1.3926,1.4438,1.4951,1.5474,1.5996,1.652,1.7043,1.7481,1.4972,1.791,1.7664,1.739,1.7068,1.6745,1.6416,1.6087,1.5757,1.5427,1.5098,1.4768,1.4438
2.7615,2.7512,2.7189,2.6561,2.5893,2.5095,2.4296,2.3482,2.2668,2.1852,2.1036,2.0354,1.9771,1.9686,0.901,1.5527,2.0998,2.1501,2.2014,2.2527,2.304,2.3554,2.4068,2.4582,2.5096
10.0,10.0,10.0,10.0,10.0,10.0,10.0,10.0,10.0,10.0,10.0,10.0,10.0,10.0,10.0,10.0,10.0,10.0,10.0,10.0,10.0,10.0,10.0,10.0,10.0
1.7781,1.7872,1.816,1.8718,1.9313,2.0024,2.0734,2.1459,2.2184,2.291,2.3636,2.4243,2.4762,2.4837,1.0377,1.7113,2.367,2.3222,2.2766,2.2309,2.1852,2.1395,2.0938,2.048,2.0023
1.755,1.7485,1.7279,1.688,1.6456,1.5949,1.5441,1.4924,1.4406,1.3888,1.3369,1.2935,1.2565,1.2511,1.2754,1.3026,1.3345,1.3665,1.3991,1.4316,1.4643,1.4969,1.5296,1.5622,1.5949
1.6689,1.6775,1.7045,1.7569,1.8128,1.8794,1.9461,2.0142,2.0822,2.1504,1.8684,1.0961,2.3242,2.3313,2.2993,2.2637,2.2217,2.1796,2.1368,2.094,2.0511,2.0082,1.9652,1.9223,1.8794
10.0,10.0,10.0,10.0,10.0,10.0,10.0,10.0,10.0,10.0,10.0,10.0,10.0,10.0,10.0,10.0,10.0,10.0,10.0,10.0,3.7459,4.2456,4.752,5.2584,5.7648
3.019,3.0078,2.9724,2.9038,2.8307,2.7435,2.6562,2.5672,2.4782,2.1062,1.4909,0.8746,2.1614,2.1522,2.194,2.2407,2.2956,2.3506,2.4067,2.4627,2.5189,2.5751,2.6312,2.6874,2.7436
1.2966,1.3032,1.3242,1.3649,1.4083,1.4601,1.5119,1.5648,1.6176,1.6706,1.7236,1.7678,1.8057,0.9242,1.7863,1.7586,1.726,1.6933,1.6601,1.6268,1.5935,1.5601,1.5268,1.4934,1.4601
2.0342,2.0267,2.0028,1.9566,1.9074,1.8486,1.7898,1.7298,1.6698,1.6097,1.5496,1.4993,1.4564,0.3788,1.37,1.5098,1.5468,1.5839,1.6216,1.6594,1.6972,1.7351,1.7729,1.8108,1.8486
4.3321,4.3542,4.4245,4.5605,4.4113,3.8875,3.3636,2.8399,2.3162,5.5817,5.7587,5.9066,6.0331,6.0514,5.9684,5.8759,5.767,5.6578,5.5466,5.4354,5.324,5.2126,5.1012,4.9898,4.8784
2.9477,2.9628,3.0105,3.1031,3.2017,3.3195,3.4373,3.5575,3.6776,3.798,3.9184,4.0191,4.1051,4.1175,4.0611,3.9981,1.883,2.4395,2.9959,3.5523,3.6227,3.5469,3.471,3.3952,3.3194
1.8904,1.8834,1.8612,1.8183,1.7725,1.7179,1.6632,1.6075,1.5517,1.4959,1.44,1.3933,0.5587,1.3476,1.3738,1.4031,1.4374,1.4719,1.507,1.5421,1.5772,1.6124,1.6476,1.6828,1.7179
1.3528,1.3597,1.3817,1.4242,1.4694,1.5235,1.5775,1.6327,1.6878,1.7431,1.7983,1.8445,0.8097,1.8897,1.8638,1.8349,1.8009,1.7668,1.7321,1.6974,1.6626,1.6278,1.593,1.5582,1.5234
3.8524,3.8381,3.7929,3.7054,3.6122,3.5008,3.3894,3.2758,3.1622,3.0484,2.9346,2.8394,2.7581,2.7463,0.78,1.3442,1.9081,2.472,3.0358,3.1426,3.2142,3.2859,3.3576,3.4292,3.5009
6.4573,5.9354,5.4141,4.8937,4.3736,3.8543,3.3349,2.8157,2.2964,1.7772,1.258,4.8489,4.71,4.6899,4.7811,4.8828,5.0024,5.1223,5.2445,5.3666,5.489,5.6114,5.7338,5.8562,5.9786
1.4952,1.5028,1.5271,1.574,1.624,1.6838,1.7435,1.8045,1.8654,1.9265,1.9876,2.0386,2.0823,2.0886,1.3083,2.028,1.9904,1.9527,1.9143,1.876,1.8375,1.7991,1.7606,1.7222,1.6837
1.7807,1.7741,1.7533,1.7128,1.6697,1.6182,1.5668,1.5143,1.4617,1.4091,1.3565,1.3125,1.2749,1.0609,1.2941,1.3217,1.354,1.3865,1.4196,1.4526,1.4858,1.5189,1.552,1.5852,1.6183
2.101,2.1118,2.1458,2.2118,2.2821,2.3661,2.45,2.5357,2.6213,2.1465,1.5194,2.8647,2.926,2.9349,2.8947,2.8498,2.797,2.744,2.6901,2.6361,2.5821,2.5281,2.4741,2.42,2.366
10.0,10.0,10.0,10.0,10.0,10.0,10.0,10.0,10.0,10.0,10.0,10.0,10.0,10.0,10.0,10.0,10.0,10.0,10.0,10.0,10.0,10.0,10.0,5.235,5.7391
2.3595,2.3507,2.3231,2.2695,2.2124,2.1442,2.076,2.0064,1.9368,1.8671,1.7974,1.0605,0.3338,1.6821,1.7147,1.7512,1.7941,1.8371,1.8809,1.9247,1.9686,2.0125,2.0564,2.1003,2.1442
1.2664,1.2729,1.2934,1.3332,1.3756,1.4262,1.4768,1.5284,1.58,1.6317,1.6835,1.7267,1.7637,1.769,1.7448,1.7177,1.6859,1.654,1.6215,1.589,1.5564,1.5238,1.4913,1.4587,1.4261
2.389,2.3802,2.3522,2.2979,2.2401,2.171,2.102,2.0315,1.9611,1.8905,1.8199,1.7609,1.7104,0.3307,1.0199,1.7576,1.8166,1.8602,1.9045,1.9489,1.9933,2.0377,2.0822,2.1266,2.1711
6.2392,5.7349,5.2312,4.7284,10.0,10.0,10.0,10.0,10.0,10.0,10.0,10.0,10.0,10.0,10.0,10.0,10.0,10.0,10.0,10.0,10.0,10.0,10.0,10.0,10.0
2.0622,2.0728,2.1062,2.171,2.2399,2.3223,2.4047,2.4888,2.5729,2.6571,2.7413,2.8117,2.8719,2.8806,2.8412,1.515,2.1505,2.6933,2.6404,2.5874,2.5344,2.4814,2.4283,2.3753,2.3223
1.7749,1.7683,1.7475,1.7072,1.6642,1.6129,1.5616,1.5093,1.4569,1.4045,1.3521,1.3082,1.2505,1.2653,1.2899,1.3173,1.3496,1.382,1.4149,1.4479,1.4809,1.5139,1.5469,1.58,1.613
1.5068,1.5145,1.5389,1.5863,1.6367,1.6969,1.7571,1.8185,1.8799,1.9415,2.003,1.3096,2.0984,2.1048,2.076,2.0438,2.0059,1.9679,1.9292,1.8906,1.8518,1.8131,1.7743,1.7356,1.6968
6.9171,6.8915,6.8104,6.6533,6.4859,6.286,6.086,5.882,5.678,5.4737,5.2692,5.0984,4.9523,4.9312,5.027,1.2357,1.7541,2.2724,2.7908,3.3091,3.8274,4.3457,4.8641,5.3824,5.9007
3.7457,3.7318,3.6879,3.6028,3.5122,3.4039,3.2956,3.0652,2.4999,1.9347,1.3694,0.8033,2.6817,2.6703,2.7222,2.7801,2.8482,2.9165,2.986,3.0556,3.1252,3.1949,3.2646,3.3343,3.404
1.3438,1.3506,1.3724,1.4146,1.4596,1.5133,1.567,1.6217,1.6765,1.7314,1.7863,1.8322,1.8714,0.81,1.8513,1.8226,1.7888,1.755,1.7205,1.686,1.6515,1.6169,1.5823,1.5478,1.5132
1.8976,1.8906,1.8683,1.8252,1.7793,1.7245,1.6696,1.6136,1.5577,1.5016,1.4455,1.3987,1.3586,0.4943,1.3791,1.4084,1.4429,1.4775,1.5128,1.548,1.5833,1.6186,1.6539,1.6892,1.7245
3.0297,3.0452,3.0943,3.1895,3.2908,3.4119,3.5319,2.982,2.4321,1.8822,4.0274,4.1309,4.2193,4.2321,4.1741,4.1094,4.0332,3.9568,3.8791,3.8013,3.7234,3.6455,3.5676,3.4897,3.4117
4.1358,4.157,4.224,4.3539,4.4922,4.6575,4.8228,4.9914,5.16,5.3288,5.4978,5.639,5.7597,5.7772,5.698,5.6096,5.5057,2.3081,2.8346,3.361,3.8875,4.414,4.8701,4.7637,4.6573
2.0129,2.0054,1.9818,1.9361,1.8874,1.8292,1.771,1.7117,1.6523,1.5928,1.5334,1.4332,0.4221,1.435,1.4629,1.494,1.5306,1.5673,1.6047,1.642,1.6795,1.7169,1.7544,1.7918,1.8293
1.297,1.3036,1.3246,1.3654,1.4088,1.4606,1.5124,1.5653,1.6182,1.6711,1.7241,1.7684,0.9443,1.8117,1.7869,1.7592,1.7266,1.6939,1.6606,1.6273,1.594,1.5606,1.5273,1.4939,1.4605
3.0699,3.0585,3.0225,2.9528,2.8785,2.7898,2.701,2.6105,2.52,2.4293,2.3385,2.2627,2.1979,2.1885,0.8433,1.4533,2.0629,2.3903,2.4473,2.5043,2.5614,2.6185,2.6756,2.7327,2.7898
6.2688,5.7621,5.2961,10.0,10.0,10.0,10.0,10.0,10.0,10.0,9.8374,9.5185,9.2458,9.2063,9.3852,9.5848,9.8196,10.0,10.0,10.0,10.0,10.0,10.0,10.0,10.0
1.6441,1.6525,1.6791,1.7308,1.7858,1.8515,1.9172,1.9842,2.0512,2.1183,2.1855,2.2416,2.2896,2.2966,1.0844,1.8688,2.1886,2.1472,2.105,2.0628,2.0205,1.9783,1.936,1.8937,1.8514
1.7498,1.7433,1.7228,1.683,1.6407,1.5901,1.5395,1.4879,1.4363,1.3846,1.3329,1.2897,1.2527,1.2474,1.2716,1.2987,1.3305,1.3624,1.3949,1.4274,1.4599,1.4925,1.525,1.5576,1.5901
1.7959,1.8051,1.8342,1.8906,1.9507,2.0224,2.0942,2.1674,2.2406,2.314,1.7032,1.0225,2.5011,2.5087,2.4743,2.4359,2.3908,2.3455,2.2994,2.2533,2.2071,2.161,2.1148,2.0686,2.0224
10.0,10.0,10.0,10.0,10.0,10.0,10.0,10.0,10.0,10.0,10.0,10.0,10.0,10.0,10.0,10.0,10.0,10.0,10.0,10.0,10.0,10.0,10.0,10.0,10.0
2.7048,2.6947,2.663,2.6016,2.5361,2.458,2.3797,2.3,2.2202,2.1403,1.5845,0.9295,0.3827,1.9282,1.9657,2.0075,2.0567,2.106,2.1562,2.2064,2.2567,2.307,2.3574,2.4077,2.458
1.2741,1.2806,1.3013,1.3413,1.3839,1.4348,1.4858,1.5377,1.5896,1.6417,1.6937,1.7372,1.7744,1.5143,1.7554,1.7282,1.6962,1.664,1.6313,1.5986,1.5659,1.5331,1.5003,1.4676,1.4348
2.1386,2.1306,2.1056,2.057,2.0052,1.9434,1.8816,1.8185,1.7555,1.6923,1.6291,1.5763,1.5311,0.3321,1.201,1.5873,1.6261,1.6651,1.7048,1.7445,1.7843,1.8241,1.8639,1.9037,1.9435
5.9402,5.8388,5.326,4.8141,4.3024,3.7915,3.2806,2.7699,7.4111,7.6537,7.8964,8.0992,8.2726,8.2976,8.1839,8.057,7.9077,7.7579,7.6055,7.4531,7.3003,7.1476,6.9948,6.842,6.6892
2.5113,2.5241,2.5648,2.6437,2.7277,2.828,2.9284,3.0308,3.1331,3.2357,3.3383,3.424,3.4973,3.5079,3.4598,1.4119,1.9606,2.54,3.1193,3.1509,3.0863,3.0217,2.9571,2.8925,2.8279
1.8293,1.8225,1.8011,1.7595,1.7152,1.6624,1.6095,1.5555,1.5016,1.4476,1.3935,1.3483,0.7026,1.3041,1.3294,1.3577,1.391,1.4243,1.4583,1.4922,1.5263,1.5603,1.5943,1.6284,1.6624
1.3962,1.4033,1.426,1.4698,1.5165,1.5723,1.6281,1.685,1.7419,1.7989,1.856,1.6659,1.9444,1.9503,1.9236,1.8937,1.8586,1.8234,1.7876,1.7518,1.7159,1.68,1.6441,1.6082,1.5723
4.5994,4.5823,4.5284,4.4239,4.3126,4.1797,4.0467,3.9111,3.7754,3.6396,3.5036,3.39,3.2929,3.2789,0.7485,1.2899,1.831,2.3721,2.9132,3.4542,3.8375,3.923,4.0086,4.0942,4.1798
5.0621,5.0433,4.984,4.8689,4.4771,3.9454,3.4138,2.8823,2.3508,1.8192,1.2877,0.8231,3.6242,3.6087,3.6788,3.7571,3.8491,3.9414,4.0354,4.1294,4.2235,4.3177,4.4119,4.5061,4.6003
1.4218,1.429,1.4521,1.4968,1.5443,1.6011,1.6579,1.7159,1.7739,1.8319,1.89,1.9385,1.98,1.986,1.5081,1.9284,1.8927,1.8569,1.8204,1.7839,1.7473,1.7108,1.6742,1.6376,1.6011
1.8088,1.8021,1.7809,1.7398,1.6961,1.6438,1.5915,1.5381,1.4848,1.4314,1.3779,1.3332,1.295,0.7318,1.3146,1.3425,1.3754,1.4084,1.442,1.4756,1.5092,1.5429,1.5765,1.6102,1.6438
2.3605,2.3726,2.4108,2.485,2.5639,2.6582,2.7526,2.8488,2.6111,2.0207,1.4303,3.2184,3.2873,3.2973,3.2521,3.2017,3.1423,3.0828,3.0223,2.9617,2.901,2.8403,2.7796,2.7189,2.6581
7.1676,7.2042,7.3204,7.5456,7.7853,8.0717,8.3581,8.6503,8.9425,9.2352,9.528,9.7727,9.9819,10.0,9.875,9.7218,9.5417,9.361,9.177,3.3012,3.7534,4.2617,4.77,5.2783,5.7866
2.196,2.1879,2.1622,2.1123,2.0591,1.9956,1.9322,1.8674,1.8026,1.7378,1.6729,1.168,0.344,1.5655,1.596,1.6299,1.6698,1.7099,1.7507,1.7914,1.8323,1.8731,1.914,1.9548,1.9957
1.2677,1.2742,1.2947,1.3345,1.377,1.4276,1.4783,1.5299,1.5816,1.6334,1.6852,1.7285,1.7655,1.7708,1.7465,1.7194,1.6876,1.6556,1.6231,1.5906,1.558,1.5254,1.4928,1.4602,1.4276
2.5894,2.5798,2.5495,2.4906,2.428,2.3531,2.2783,2.2019,2.1255,2.049,1.9725,1.9086,1.8539,0.3584,0.9368,1.6144,1.9689,2.0162,2.0642,2.1123,2.1605,2.2086,2.2568,2.305,2.3532
10.0,10.0,10.0,10.0,10.0,10.0,10.0,10.0,10.0,10.0,10.0,10.0,10.0,10.0,10.0,10.0,10.0,10.0,10.0,10.0,10.0,10.0,10.0,10.0,10.0
1.8647,1.8742,1.9044,1.963,2.0254,2.0999,2.1744,2.2504,2.3264,2.4025,2.4787,2.5424,2.5968,2.6047,2.569,1.6202,2.2998,2.4353,2.3874,2.3396,2.2916,2.2437,2.1957,2.1478,2.0998
1.7513,1.7448,1.7243,1.6845,1.6421,1.5915,1.5408,1.4892,1.4375,1.3858,1.3341,1.2908,1.2538,1.2485,1.2727,1.2998,1.3316,1.3636,1.3961,1.4286,1.4612,1.4938,1.5263,1.5589,1.5915
1.5929,1.6011,1.6269,1.6769,1.7302,1.7939,1.8575,1.9225,1.9874,2.0524,1.9797,1.1614,2.2184,2.2251,2.1946,2.1606,2.1206,2.0804,2.0395,1.9986,1.9577,1.9167,1.8757,1.8348,1.7938
10.0,10.0,9.9763,9.746,9.5008,9.208,8.915,8.6162,8.3174,8.0181,7.7187,7.4684,7.2544,7.2235,7.3638,7.5205,7.7047,2.2257,2.7333,3.241,3.7486,4.2563,4.7639,5.2716,5.7792
3.24,3.228,3.19,3.1164,3.038,2.9443,2.8506,2.7551,2.616,2.0245,1.433,0.8407,2.3197,2.3098,2.3546,2.4047,2.4636,2.5227,2.5829,2.643,2.7033,2.7635,2.8238,2.8841,2.9444
1.306,1.3127,1.3339,1.3749,1.4186,1.4708,1.523,1.5762,1.6294,1.6828,1.7361,1.7807,1.8188,0.7872,1.7993,1.7714,1.7386,1.7057,1.6722,1.6387,1.6051,1.5715,1.5379,1.5043,1.4707
1.9676,1.9603,1.9373,1.8925,1.8449,1.7881,1.7312,1.6732,1.6151,1.557,1.4989,1.4503,1.4087,0.4133,1.43,1.4604,1.4961,1.532,1.5686,1.6051,1.6417,1.6783,1.7149,1.7515,1.7881
3.6988,3.7177,3.7777,3.8939,4.0176,3.9352,3.405,2.8748,2.3447,1.8285,4.9169,5.0432,5.1511,5.1668,5.0959,5.0169,4.924,4.8307,4.7358,4.6409,4.5458,4.4506,4.3555,4.2604,4.1652
3.2905,3.3074,3.3607,3.464,3.5741,3.7056,3.8371,3.9712,4.1054,4.2397,4.3741,4.4865,4.5825,4.5964,4.5334,4.4631,1.8318,2.3731,2.9144,3.4557,3.997,3.9594,3.8747,3.7901,3.7055
1.9237,1.9165,1.894,1.8503,1.8037,1.7481,1.6925,1.6358,1.5791,1.5222,1.4654,1.4179,0.4943,1.3714,1.398,1.4278,1.4627,1.4978,1.5335,1.5692,1.605,1.6408,1.6766,1.7124,1.7482
1.323,1.3298,1.3512,1.3928,1.437,1.4899,1.5427,1.5967,1.6506,1.7046,1.7587,1.8038,0.7919,1.8481,1.8227,1.7945,1.7612,1.7278,1.6939,1.6599,1.6259,1.5919,1.5579,1.5239,1.4898
3.49,3.4771,3.4362,3.3569,3.2724,3.1715,3.0706,2.9677,2.8648,2.7617,2.6586,2.5724,2.4987,2.488,0.7983,1.3756,1.9527,2.5298,2.7822,2.847,2.9119,2.9768,3.0418,3.1067,3.1716
6.3465,5.8335,5.3211,4.8097,4.2985,3.7881,3.2777,2.7673,2.257,1.7467,6.1295,5.9307,5.7608,5.7363,5.8477,5.9721,6.1184,6.2651,6.4145,6.5639,6.7135,6.8632,7.0129,7.1627,7.3124
1.5397,1.5475,1.5725,1.6208,1.6723,1.7339,1.7954,1.8582,1.9209,1.9838,2.0467,2.0993,2.1442,2.1507,1.2056,2.0777,2.0496,2.0108,1.9713,1.9318,1.8922,1.8526,1.813,1.7734,1.7338
1.7585,1.752,1.7314,1.6914,1.6489,1.5981,1.5472,1.4954,1.4435,1.3916,1.3396,1.2962,1.259,1.2537,1.278,1.3052,1.3372,1.3692,1.4019,1.4345,1.4672,1.4999,1.5327,1.5654,1.5981
1.9617,1.9718,2.0036,2.0652,2.1308,2.2092,2.2876,2.3676,2.4475,2.2258,1.5755,2.6748,2.732,2.7403,2.7027,2.6608,2.6115,2.5621,2.5117,2.4614,2.4109,2.3605,2.31,2.2596,2.2091
10.0,10.0,10.0,10.0,10.0,10.0,10.0,10.0,10.0,10.0,10.0,10.0,10.0,10.0,10.0,10.0,10.0,10.0,10.0,10.0,10.0,10.0,10.0,10.0,10.0
2.4663,2.4571,2.4282,2.3722,2.3125,2.2412,2.1699,2.0972,2.0245,1.9516,1.7058,1.0007,0.3489,1.7582,1.7924,1.8305,1.8753,1.9203,1.9661,2.0119,2.0577,2.1036,2.1495,2.1954,2.2413
1.2622,1.2687,1.2891,1.3288,1.371,1.4214,1.4719,1.5233,1.5748,1.6263,1.6779,1.721,1.7578,1.7632,1.739,1.712,1.6803,1.6485,1.6161,1.5837,1.5512,1.5188,1.4863,1.4539,1.4214
2.2741,2.2656,2.239,2.1873,2.1323,2.0666,2.0008,1.9337,1.8667,1.7995,1.7323,1.6761,1.6281,0.3148,1.0761,1.6878,1.7292,1.7706,1.8129,1.8551,1.8974,1.9397,1.982,2.0243,2.0666
6.2471,5.7422,5.2379,4.7344,4.2312,3.7288,10.0,10.0,10.0,10.0,10.0,10.0,10.0,10.0,10.0,10.0,10.0,10.0,10.0,10.0,10.0,10.0,10.0,10.0,10.0
2.2011,2.2124,2.2481,2.3172,2.3908,2.4788,2.5667,2.6565,2.7462,2.8361,2.926,3.0012,3.0654,3.0747,3.0326,1.4529,2.0624,2.6719,2.8182,2.7617,2.7051,2.6485,2.5919,2.5353,2.4787
1.7855,1.7789,1.758,1.7174,1.6742,1.6226,1.571,1.5183,1.4657,1.4129,1.3601,1.316,0.9584,1.2729,1.2976,1.3252,1.3577,1.3902,1.4234,1.4565,1.4898,1.523,1.5562,1.5894,1.6226
1.4547,1.4621,1.4857,1.5314,1.5801,1.6382,1.6963,1.7556,1.8149,1.8743,1.9337,1.4183,2.0259,2.032,2.0042,1.9731,1.9365,1.8998,1.8625,1.8252,1.7878,1.7504,1.713,1.6755,1.6381
5.7702,5.7489,5.6812,5.5501,5.4105,5.2437,5.0769,4.9067,4.7366,4.5661,4.3956,4.2531,4.1312,4.1136,4.1935,1.2491,1.7731,2.2971,2.8211,3.345,3.869,4.3929,4.9169,5.1365,5.2439
4.1364,4.1211,4.0726,3.9786,3.8785,3.759,3.5258,2.9768,2.4279,1.8789,1.33,0.7802,2.9615,2.9488,3.0061,3.0701,3.1453,3.2207,3.2975,3.3743,3.4512,3.5282,3.6051,3.6821,3.7591
1.3653,1.3723,1.3944,1.4373,1.483,1.5375,1.5921,1.6477,1.7034,1.7591,1.8149,1.8615,1.9014,1.9071,1.7985,1.8518,1.8175,1.7831,1.7481,1.713,1.6779,1.6428,1.6077,1.5726,1.5375
1.853,1.8462,1.8244,1.7823,1.7375,1.6839,1.6304,1.5757,1.5211,1.4663,1.4116,1.3658,1.3267,0.5612,1.3467,1.3753,1.409,1.4428,1.4772,1.5116,1.5461,1.5805,1.615,1.6495,1.684
2.7197,2.7336,2.7777,2.8631,2.9541,3.0628,3.1715,3.0463,2.4845,1.9228,1.4556,3.7082,3.7876,3.7991,3.747,3.6889,3.6206,3.552,3.4822,3.4124,3.3425,3.2725,3.2026,3.1326,3.0627
4.9069,4.932,5.0115,5.1657,5.3298,5.5258,5.7219,5.922,6.122,6.3224,6.5228,6.6904,6.8336,6.8543,6.7604,6.6555,6.5322,6.4085,2.7821,3.2988,3.8156,4.3323,4.849,5.3657,5.5257
2.0685,2.0609,2.0366,1.9896,1.9396,1.8798,1.82,1.759,1.698,1.6369,1.5757,1.3122,0.3865,1.4747,1.5033,1.5353,1.5729,1.6106,1.649,1.6874,1.7259,1.7644,1.8029,1.8413,1.8798
1.2792,1.2857,1.3065,1.3466,1.3894,1.4405,1.4917,1.5438,1.5959,1.6482,1.7004,1.7441,1.2159,1.7868,1.7624,1.735,1.7029,1.6706,1.6378,1.605,1.5721,1.5392,1.5063,1.4734,1.4405
2.8525,2.842,2.8085,2.7437,2.6747,2.5922,2.5098,2.4256,2.3415,2.2573,2.173,2.1025,2.0423,2.0336,0.8723,1.5033,2.1339,2.2211,2.274,2.327,2.38,2.4331,2.4862,2.5392,2.5923
10.0,10.0,10.0,10.0,10.0,10.0,10.0,10.0,10.0,10.0,10.0,10.0,10.0,10.0,10.0,10.0,10.0,10.0,10.0,10.0,10.0,10.0,10.0,10.0,10.0
1.7134,1.7222,1.7499,1.8038,1.8611,1.9295,1.998,2.0679,2.1377,2.2077,2.2777,2.3362,2.3862,2.3934,1.0194,1.7567,2.2809,2.2377,2.1938,2.1498,2.1057,2.0617,2.0176,1.9735,1.9295
1.7418,1.7354,1.715,1.6754,1.6332,1.5829,1.5325,1.4812,1.4298,1.3784,1.3269,1.2839,1.2471,1.2418,1.2659,1.2928,1.3245,1.3562,1.3886,1.4209,1.4533,1.4857,1.5181,1.5505,1.5829
1.7044,1.7131,1.7407,1.7943,1.8513,1.9194,1.9875,2.057,2.1264,2.196,1.7905,1.0503,2.3736,2.3808,2.3482,2.3117,2.2689,2.2259,2.1822,2.1385,2.0946,2.0508,2.007,1.9631,1.9193
10.0,10.0,10.0,10.0,10.0,10.0,10.0,10.0,10.0,10.0,10.0,10.0,10.0,10.0,10.0,10.0,10.0,10.0,10.0,10.0,10.0,10.0,10.0,10.0,10.0
2.8732,2.8626,2.8289,2.7636,2.6941,2.611,2.5279,2.4432,2.3585,2.1415,1.5158,0.8892,2.0571,2.0483,2.0881,2.1325,2.1847,2.2371,2.2905,2.3438,2.3973,2.4507,2.5042,2.5576,2.6111
1.2801,1.2867,1.3074,1.3476,1.3904,1.4416,1.4927,1.5449,1.5971,1.6494,1.7017,1.7454,1.7827,1.0789,1.7636,1.7363,1.7041,1.6718,1.639,1.6061,1.5732,1.5403,1.5074,1.4745,1.4415
2.0603,2.0527,2.0285,1.9817,1.9319,1.8723,1.8128,1.752,1.6912,1.6304,1.5695,1.5186,1.4751,0.3573,1.2925,1.5292,1.5666,1.6042,1.6425,1.6807,1.719,1.7574,1.7957,1.834,1.8724
4.802,4.8266,4.9044,4.8598,4.3433,3.8275,3.3118,2.7961,2.2805,6.1873,6.3834,6.5474,6.6875,6.7078,6.6159,6.5133,6.3926,6.2715,6.1483,6.0251,5.9016,5.7781,5.6546,5.5311,5.4076
2.7484,2.7624,2.807,2.8933,2.9852,3.095,3.2049,3.3169,3.4289,3.5412,3.6534,3.7473,3.8275,3.8391,3.7865,3.7278,1.9007,2.4623,3.024,3.4483,3.3777,3.307,3.2363,3.1656,3.0949
1.8558,1.849,1.8272,1.785,1.7401,1.6865,1.6328,1.5781,1.5234,1.4686,1.4137,1.3679,0.6025,1.323,1.3487,1.3774,1.4112,1.445,1.4795,1.5139,1.5484,1.5829,1.6175,1.652,1.6865
1.3612,1.3682,1.3903,1.433,1.4785,1.5329,1.5873,1.6428,1.6983,1.7539,1.8095,1.856,1.8957,1.9015,1.8754,1.8463,1.8121,1.7778,1.7429,1.7079,1.6729,1.6379,1.6029,1.5679,1.5329
4.0835,4.0684,4.0205,3.9278,3.8289,3.7109,3.5929,3.4724,3.352,3.2314,3.1107,3.0098,2.9236,2.9112,0.7634,1.3155,1.8674,2.4192,2.971,3.3312,3.4071,3.4831,3.5591,3.635,3.711
5.8715,5.8497,5.4319,4.9098,4.388,3.8669,3.3459,2.8249,2.304,1.783,1.2621,4.3276,4.2037,4.1857,4.2671,4.3578,4.4646,4.5717,4.6807,4.7897,4.8989,5.0081,5.1173,5.2266,5.3358
1.4583,1.4657,1.4894,1.5352,1.584,1.6422,1.7005,1.7599,1.8194,1.8789,1.9385,1.9883,2.0309,2.037,1.3703,1.9779,1.9413,1.9045,1.8671,1.8297,1.7922,1.7547,1.7172,1.6797,1.6422
1.7817,1.7751,1.7542,1.7137,1.6706,1.6191,1.5676,1.515,1.4625,1.4099,1.3572,1.3132,1.2756,0.9007,1.2948,1.3224,1.3548,1.3872,1.4203,1.4534,1.4865,1.5197,1.5528,1.586,1.6191
2.1812,2.1924,2.2278,2.2963,2.3692,2.4564,2.5436,2.6325,2.6949,2.0856,1.4762,2.974,3.0377,3.0469,3.0052,2.9585,2.9037,2.8487,2.7928,2.7368,2.6807,2.6246,2.5685,2.5124,2.4563
10.0,10.0,10.0,10.0,10.0,10.0,10.0,10.0,10.0,10.0,10.0,10.0,10.0,10.0,10.0,10.0,10.0,10.0,10.0,10.0,10.0,4.2177,4.7207,5.2238,5.7268
2.2825,2.274,2.2472,2.1954,2.1401,2.0742,2.0082,1.9409,1.8736,1.8062,1.7387,1.0934,0.3229,1.6272,1.6588,1.6941,1.7355,1.7772,1.8195,1.8619,1.9044,1.9468,1.9893,2.0318,2.0742
1.2604,1.2669,1.2873,1.3269,1.3691,1.4194,1.4698,1.5212,1.5726,1.624,1.6755,1.7185,1.7553,1.7607,1.7365,1.7096,1.6779,1.6461,1.6138,1.5814,1.549,1.5166,1.4842,1.4518,1.4194
2.4493,2.4402,2.4115,2.3558,2.2966,2.2258,2.1549,2.0827,2.0105,1.9381,1.8658,1.8053,1.7536,0.339,0.9815,1.6915,1.8624,1.9071,1.9525,1.998,2.0435,2.0891,2.1347,2.1803,2.2258
6.1935,5.6929,10.0,10.0,10.0,10.0,10.0,10.0,10.0,10.0,10.0,10.0,10.0,10.0,10.0,10.0,10.0,10.0,10.0,10.0,10.0,10.0,10.0,10.0,10.0
1.9724,1.9825,2.0145,2.0764,2.1424,2.2212,2.3,2.3805,2.4609,2.5414,2.622,2.6893,2.7469,2.7552,2.7175,1.5458,2.1943,2.576,2.5254,2.4748,2.4241,2.3733,2.3226,2.2719,2.2211
1.7573,1.7508,1.7302,1.6903,1.6477,1.5969,1.5461,1.4943,1.4425,1.3906,1.3387,1.2952,1.2581,1.2528,1.2771,1.3043,1.3362,1.3683,1.4009,1.4335,1.4662,1.4989,1.5316,1.5643,1.597
1.5312,1.539,1.5639,1.612,1.6632,1.7244,1.7856,1.848,1.9104,1.9729,2.0355,1.2429,2.1324,2.1389,2.1096,2.0769,2.0384,1.9998,1.9605,1.9212,1.8818,1.8425,1.8031,1.7637,1.7243
7.8327,7.8037,7.7119,7.5339,7.3444,7.118,6.8915,6.6605,6.4296,6.1982,5.9667,5.7732,5.6079,5.5839,5.6924,1.3138,1.732,2.2438,2.7556,3.2674,3.7792,4.291,4.8028,5.3146,5.8264
3.519,3.5059,3.4647,3.3847,3.2996,3.1979,3.0961,2.9923,2.5313,1.9589,1.3866,0.8134,2.5194,2.5087,2.5574,2.6118,2.6758,2.74,2.8053,2.8706,2.9361,3.0015,3.067,3.1325,3.198
1.3231,1.3299,1.3513,1.3929,1.4371,1.49,1.5429,1.5968,1.6507,1.7048,1.7588,1.804,1.8426,0.7975,1.8229,1.7946,1.7613,1.728,1.694,1.6601,1.626,1.592,1.558,1.524,1.4899
1.9151,1.908,1.8856,1.8421,1.7957,1.7404,1.685,1.6285,1.5721,1.5155,1.4589,1.4116,1.3711,0.4579,1.3918,1.4214,1.4562,1.4912,1.5267,1.5623,1.5979,1.6335,1.6692,1.7048,1.7404
3.2399,3.2565,3.309,3.4108,3.5192,3.6486,3.4671,2.9273,2.3875,1.8476,4.3069,4.4175,4.5121,4.5258,4.4638,4.3945,4.3131,4.2314,4.1483,4.0651,3.9818,3.8985,3.8152,3.7318,3.6485
3.7505,3.7697,3.8305,3.9483,4.0737,4.2236,4.3735,4.5264,4.6792,4.8324,4.9856,5.1137,5.2231,5.239,5.1672,5.087,4.9928,2.3224,2.8521,3.3819,3.9116,4.4413,4.4164,4.3199,4.2234
1.9695,1.9622,1.9391,1.8944,1.8467,1.7898,1.7329,1.6748,1.6167,1.5585,1.5003,1.4517,0.4451,1.4041,1.4313,1.4618,1.4976,1.5335,1.5701,1.6066,1.6433,1.6799,1.7166,1.7532,1.7898
1.3013,1.308,1.3291,1.37,1.4135,1.4655,1.5175,1.5705,1.6236,1.6767,1.7299,1.7743,0.8258,1.8178,1.7929,1.7651,1.7324,1.6996,1.6662,1.6328,1.5993,1.5659,1.5324,1.4989,1.4654
3.2045,3.1926,3.155,3.0822,3.0047,2.9121,2.8194,2.7249,2.6304,2.5358,2.4411,2.3619,2.2942,2.2845,0.8222,1.4168,2.0112,2.4951,2.5546,2.614,2.6737,2.7333,2.7929,2.8525,2.9121
6.2729,5.7658,5.2594,4.7539,4.2487,3.7442,3.2397,8.8866,8.5785,8.2698,7.9609,7.7028,7.4821,7.4502,7.5949,7.7565,7.9465,8.1371,8.3311,8.5251,8.7195,8.9139,9.1083,9.3028,9.4972
1.5963,1.6045,1.6303,1.6805,1.7339,1.7976,1.8614,1.9265,1.9916,2.0568,2.122,2.1765,2.2231,2.2298,1.1232,1.9356,2.125,2.0848,2.0438,2.0028,1.9618,1.9208,1.8797,1.8386,1.7976
1.7463,1.7398,1.7194,1.6797,1.6374,1.5869,1.5365,1.485,1.4335,1.3819,1.3303,1.2871,1.2503,1.2449,1.2691,1.2961,1.3279,1.3597,1.3921,1.4245,1.457,1.4895,1.522,1.5545,1.587
1.8487,1.8582,1.8881,1.9462,2.008,2.0819,2.1558,2.2311,2.3065,2.3251,1.6458,1.0526,2.5746,2.5824,2.547,2.5075,2.461,2.4144,2.367,2.3195,2.272,2.2245,2.1769,2.1294,2.0818
10.0,10.0,10.0,10.0,10.0,10.0,10.0,10.0,10.0,10.0,10.0,10.0,10.0,10.0,10.0,10.0,10.0,10.0,10.0,10.0,10.0,10.0,10.0,10.0,10.0
2.599,2.5894,2.5589,2.4998,2.4369,2.3618,2.2867,2.21,2.1334,2.0566,1.6227,0.9519,0.3677,1.8528,1.8888,1.929,1.9762,2.0236,2.0719,2.1201,2.1685,2.2168,2.2652,2.3135,2.3619
1.265,1.2715,1.292,1.3317,1.374,1.4246,1.4751,1.5267,1.5783,1.6299,1.6816,1.7248,1.7617,1.767,1.7428,1.7158,1.684,1.6521,1.6197,1.5872,1.5547,1.5221,1.4896,1.4571,1.4245
2.1806,2.1725,2.147,2.0974,2.0447,1.9816,1.9186,1.8543,1.79,1.7256,1.6611,1.6073,1.5612,0.3169,1.1461,1.6185,1.6581,1.6979,1.7384,1.7788,1.8194,1.86,1.9005,1.9411,1.9817
6.29,5.7816,5.2738,4.7669,4.2603,3.7544,3.2485,8.3604,8.6427,8.9256,9.2086,9.4451,9.6473,9.6766,9.544,9.3959,9.2218,9.0472,8.8694,8.6916,8.5135,8.3354,8.1572,7.979,7.8009
2.3751,2.3873,2.4258,2.5004,2.5798,2.6747,2.7697,2.8665,2.9633,3.0603,3.1573,3.2384,3.3077,3.3178,3.2723,1.403,1.9915,2.58,3.041,2.9801,2.919,2.8579,2.7968,2.7357,2.6746
1.8064,1.7997,1.7785,1.7375,1.6937,1.6415,1.5893,1.536,1.4828,1.4294,1.376,1.3314,0.7796,1.2878,1.3128,1.3407,1.3735,1.4065,1.44,1.4735,1.5071,1.5407,1.5744,1.608,1.6416
1.4134,1.4206,1.4435,1.4879,1.5352,1.5917,1.6481,1.7058,1.7634,1.8211,1.8788,1.5569,1.9683,1.9743,1.9472,1.917,1.8815,1.8459,1.8096,1.7733,1.737,1.7007,1.6643,1.628,1.5916
4.9696,4.9512,4.8929,4.78,4.6598,4.5161,4.3725,4.2259,4.0794,3.9326,3.7857,3.6629,3.558,3.5428,0.7568,1.27,1.8028,2.3355,2.8683,3.401,3.9337,4.2389,4.3313,4.4238,4.5163
4.6495,4.6323,4.5778,4.4721,4.3596,3.9815,3.445,2.9087,2.3723,1.8359,1.2995,0.7623,3.3288,3.3146,3.379,3.4509,3.5354,3.6202,3.7065,3.7928,3.8793,3.9658,4.0523,4.1388,4.2254
1.3955,1.4026,1.4252,1.4691,1.5157,1.5715,1.6273,1.6842,1.741,1.798,1.855,1.9027,1.9434,1.9493,1.6022,1.8928,1.8577,1.8225,1.7867,1.7509,1.715,1.6791,1.6432,1.6073,1.5714
1.8201,1.8134,1.792,1.7507,1.7066,1.654,1.6014,1.5477,1.494,1.4403,1.3865,1.3415,1.3031,0.6538,1.3227,1.3509,1.384,1.4172,1.451,1.4847,1.5186,1.5525,1.5863,1.6202,1.6541
2.4787,2.4913,2.5315,2.6094,2.6923,2.7913,2.8904,2.9914,2.554,1.9765,1.3991,3.3796,3.4519,3.4624,3.4149,3.3619,3.2997,3.2372,3.1736,3.1099,3.0462,2.9825,2.9187,2.855,2.7912
6.0789,6.11,6.2086,6.3995,6.6028,6.8457,7.0887,7.3365,7.5843,7.8325,8.0808,8.2884,8.4658,8.4915,8.3751,8.2452,8.0924,7.9392,7.7832,3.2563,3.7664,4.2764,4.7865,5.2965,5.8066
2.1397,2.1318,2.1067,2.0581,2.0063,1.9445,1.8826,1.8195,1.7564,1.6932,1.63,1.2158,0.3581,1.5254,1.5551,1.5881,1.627,1.6661,1.7058,1.7455,1.7853,1.8251,1.8649,1.9047,1.9445
1.2687,1.2752,1.2957,1.3356,1.378,1.4287,1.4794,1.5311,1.5829,1.6347,1.6865,1.7298,1.7231,1.7722,1.7479,1.7208,1.6889,1.6569,1.6244,1.5918,1.5592,1.5266,1.4939,1.4613,1.4287
2.677,2.6671,2.6357,2.5749,2.5101,2.4327,2.3553,2.2764,2.1974,2.1183,2.0392,1.9731,1.9166,0.3706,0.9088,1.5661,2.0355,2.0844,2.1341,2.1838,2.2335,2.2833,2.3332,2.383,2.4328
10.0,10.0,10.0,10.0,10.0,10.0,10.0,10.0,10.0,10.0,10.0,10.0,10.0,10.0,10.0,10.0,10.0,10.0,10.0,10.0,10.0,10.0,10.0,10.0,10.0
1.7995,1.8087,1.8379,1.8944,1.9546,2.0265,2.0984,2.1718,2.2451,2.3186,2.3921,2.4536,2.5061,2.5137,1.0502,1.6656,2.3644,2.3502,2.304,2.2578,2.2116,2.1653,2.119,2.0727,2.0264
1.7436,1.7371,1.7167,1.677,1.6348,1.5845,1.534,1.4826,1.4312,1.3797,1.3282,1.2851,1.2483,1.243,1.2671,1.2941,1.3258,1.3576,1.3899,1.4223,1.4547,1.4872,1.5196,1.5521,1.5845
1.63,1.6383,1.6647,1.7159,1.7705,1.8356,1.9007,1.9672,2.0336,2.1002,1.8986,1.1138,2.27,2.2769,2.2457,2.2108,2.1699,2.1288,2.0869,2.0451,2.0032,1.9613,1.9194,1.8774,1.8355
10.0,10.0,10.0,10.0,10.0,10.0,10.0,10.0,10.0,9.7714,9.4064,9.1014,8.8407,8.803,8.974,9.1649,9.3894,9.6146,2.7502,3.2182,3.7223,4.2264,4.7305,5.2346,5.7386
3.0829,3.0714,3.0353,2.9652,2.8906,2.8015,2.7124,2.6215,2.5306,2.0632,1.4604,0.8567,2.2072,2.1978,2.2405,2.2881,2.3442,2.4004,2.4576,2.5149,2.5722,2.6295,2.6869,2.7443,2.8016
1.2933,1.3,1.3209,1.3615,1.4048,1.4565,1.5082,1.5609,1.6136,1.6664,1.7193,1.7634,1.8012,0.8409,1.7819,1.7542,1.7217,1.6891,1.6559,1.6227,1.5895,1.5562,1.523,1.4897,1.4564
1.998,1.9906,1.9672,1.9218,1.8734,1.8157,1.7579,1.699,1.6401,1.5811,1.522,1.4727,1.4305,0.3892,1.4077,1.4829,1.5193,1.5557,1.5928,1.6299,1.667,1.7042,1.7414,1.7786,1.8157
4.0465,4.0672,4.1328,4.2599,4.3953,3.8859,3.3623,2.8388,2.3153,5.2138,5.3791,5.5173,5.6354,5.6525,5.575,5.4885,5.3869,5.2848,5.181,5.0771,4.9731,4.869,4.765,4.6609,4.5568
3.0545,3.0701,3.1196,3.2156,3.3177,3.4398,3.5618,3.6864,3.8109,3.9356,4.0604,4.1647,4.2538,4.2667,4.2082,4.143,1.8541,2.402,2.9498,3.4977,3.7539,3.6753,3.5968,3.5182,3.4397
1.8938,1.8868,1.8646,1.8216,1.7758,1.721,1.6663,1.6104,1.5546,1.4986,1.4427,1.3959,0.5297,1.3501,1.3763,1.4056,1.44,1.4746,1.5097,1.5449,1.5801,1.6154,1.6506,1.6858,1.7211
1.3351,1.3419,1.3635,1.4055,1.4501,1.5035,1.5568,1.6112,1.6657,1.7202,1.7747,1.8203,0.7991,1.8649,1.8393,1.8108,1.7773,1.7436,1.7093,1.6751,1.6408,1.6064,1.5721,1.5378,1.5034
3.689,3.6753,3.6321,3.5483,3.459,3.3524,3.2457,3.1369,3.0281,2.9192,2.8102,2.719,2.6411,2.6299,0.7833,1.3499,1.9161,2.4824,2.9408,3.0093,3.0779,3.1465,3.2152,3.2838,3.3525
6.3863,5.8701,5.3545,4.8399,4.3255,3.8119,3.2982,2.7847,2.2712,1.7576,1.3183,5.188,5.0394,5.0179,5.1153,5.2241,5.3521,5.4805,5.6112,5.7418,5.8727,6.0037,6.1346,6.2656,6.3966
1.5053,1.513,1.5374,1.5847,1.635,1.6952,1.7553,1.8167,1.8781,1.9395,2.001,2.0524,2.0964,2.1027,1.2617,2.0417,2.0039,1.966,1.9273,1.8887,1.85,1.8113,1.7726,1.7338,1.6951
1.7648,1.7583,1.7376,1.6975,1.6548,1.6038,1.5527,1.5007,1.4487,1.3965,1.3444,1.3008,1.2635,1.1804,1.2826,1.3098,1.3419,1.3741,1.4069,1.4396,1.4725,1.5053,1.5381,1.571,1.6038
2.0374,2.0478,2.0808,2.1448,2.213,2.2944,2.3758,2.4589,2.5419,2.1672,1.534,2.7779,2.8374,2.846,2.807,2.7634,2.7122,2.6609,2.6086,2.5563,2.5039,2.4515,2.3991,2.3467,2.2943
10.0,10.0,10.0,10.0,10.0,10.0,10.0,10.0,10.0,10.0,10.0,10.0,10.0,10.0,10.0,10.0,10.0,10.0,10.0,10.0,10.0,10.0,10.0,10.0,5.6992
2.3899,2.381,2.353,2.2987,2.2409,2.1718,2.1027,2.0322,1.9617,1.8911,1.7607,1.0329,0.3381,1.7037,1.7368,1.7738,1.8172,1.8608,1.9052,1.9495,1.994,2.0384,2.0829,2.1274,2.1718
1.2601,1.2666,1.287,1.3266,1.3687,1.4191,1.4694,1.5208,1.5722,1.6236,1.6751,1.7181,1.7549,1.7602,1.7361,1.7092,1.6775,1.6457,1.6134,1.5811,1.5487,1.5163,1.4839,1.4514,1.419
2.3355,2.3268,2.2994,2.2464,2.1898,2.1223,2.0548,1.986,1.9171,1.8481,1.7791,1.7214,1.6721,0.3233,1.0369,1.7334,1.7758,1.8184,1.8618,1.9052,1.9486,1.992,2.0355,2.079,2.1224
6.2205,5.7177,5.2155,4.7142,4.2132,10.0,10.0,10.0,10.0,10.0,10.0,10.0,10.0,10.0,10.0,10.0,10.0,10.0,10.0,10.0,10.0,10.0,10.0,10.0,10.0
2.1059,2.1167,2.1508,2.217,2.2874,2.3716,2.4557,2.5416,2.6274,2.7134,2.7994,2.8713,2.9328,2.9417,2.9014,1.4857,2.109,2.7322,2.6963,2.6423,2.5881,2.534,2.4798,2.4256,2.3715
1.7732,1.7666,1.7458,1.7055,1.6626,1.6114,1.5601,1.5078,1.4555,1.4031,1.3507,1.3069,1.1168,1.2641,1.2886,1.3161,1.3483,1.3806,1.4135,1.4465,1.4794,1.5124,1.5454,1.5784,1.6114
1.4819,1.4894,1.5135,1.56,1.6096,1.6688,1.728,1.7884,1.8488,1.9093,1.9699,1.3448,2.0637,2.07,2.0416,2.0099,1.9727,1.9353,1.8973,1.8593,1.8212,1.7831,1.745,1.7068,1.6687
6.4108,6.3871,6.3119,6.1662,6.0111,5.8258,5.6405,5.4514,5.2624,5.073,4.8835,4.7252,4.5898,4.5702,4.659,1.2371,1.756,2.2749,2.7938,3.3127,3.8316,4.3505,4.8694,5.3883,5.826
3.8743,3.86,3.8146,3.7265,3.6328,3.5208,3.4088,3.0221,2.4648,1.9075,1.3502,0.7921,2.7738,2.762,2.8157,2.8756,2.946,3.0167,3.0886,3.1605,3.2326,3.3046,3.3767,3.4488,3.5209
1.3481,1.355,1.3769,1.4192,1.4643,1.5182,1.5721,1.627,1.682,1.737,1.7921,1.8381,1.8775,0.8126,1.8574,1.8286,1.7947,1.7607,1.7261,1.6915,1.6568,1.6222,1.5875,1.5528,1.5181
1.8754,1.8684,1.8464,1.8038,1.7585,1.7043,1.65,1.5947,1.5394,1.484,1.4286,1.3823,1.3427,0.5165,1.3629,1.3919,1.426,1.4602,1.495,1.5298,1.5647,1.5996,1.6345,1.6694,1.7043
2.8962,2.911,2.958,3.0489,3.1458,3.2615,3.3773,2.9986,2.4456,1.8926,3.85,3.9489,4.0334,4.0456,3.9902,3.9283,3.8555,3.7825,3.7082,3.6339,3.5594,3.4849,3.4104,3.3359,3.2614
4.3886,4.4111,4.4822,4.6201,4.7669,4.9422,5.1176,5.2965,5.4754,5.6546,5.8339,5.9837,6.1118,6.1304,6.0463,5.9526,5.8423,2.2861,2.8076,3.329,3.8504,4.3719,4.8933,5.0549,4.942
2.0291,2.0216,1.9978,1.9517,1.9026,1.8439,1.7852,1.7254,1.6656,1.6056,1.5457,1.3813,0.4069,1.4465,1.4746,1.506,1.5429,1.5799,1.6175,1.6552,1.693,1.7307,1.7685,1.8062,1.844
1.2873,1.2939,1.3148,1.3552,1.3983,1.4497,1.5012,1.5536,1.6061,1.6587,1.7113,1.7552,1.0299,1.7982,1.7736,1.7461,1.7137,1.6813,1.6482,1.6152,1.5821,1.549,1.5159,1.4828,1.4497
2.9771,2.9661,2.9312,2.8635,2.7915,2.7054,2.6194,2.5316,2.4438,2.3558,2.2679,2.1943,2.1315,2.1224,0.8524,1.4689,2.0851,2.318,2.3733,2.4286,2.4839,2.5393,2.5947,2.6501,2.7055
10.0,10.0,10.0,10.0,10.0,10.0,10.0,10.0,10.0,10.0,10.0,10.0,10.0,10.0,10.0,10.0,10.0,10.0,10.0,10.0,10.0,10.0,10.0,10.0,10.0
1.6668,1.6753,1.7023,1.7547,1.8104,1.877,1.9436,2.0116,2.0795,2.1476,2.2157,2.2726,2.3212,2.3283,1.0567,1.8211,2.2189,2.1768,2.1341,2.0913,2.0484,2.0056,1.9627,1.9198,1.877
1.7437,1.7373,1.7168,1.6772,1.635,1.5846,1.5342,1.4828,1.4314,1.3799,1.3283,1.2853,1.2484,1.2431,1.2673,1.2942,1.3259,1.3577,1.3901,1.4225,1.4549,1.4873,1.5198,1.5522,1.5847
1.7571,1.7661,1.7945,1.8497,1.9085,1.9787,2.0489,2.1206,2.1922,2.2639,1.7326,1.0164,2.447,2.4544,2.4208,2.3832,2.3391,2.2948,2.2497,2.2046,2.1594,2.1142,2.069,2.0238,1.9786
10.0,10.0,10.0,10.0,10.0,10.0,10.0,10.0,10.0,10.0,10.0,10.0,10.0,10.0,10.0,10.0,10.0,10.0,10.0,10.0,10.0,10.0,10.0,10.0,10.0
2.7628,2.7526,2.7202,2.6574,2.5906,2.5107,2.4308,2.3494,2.2679,2.1863,1.5555,0.9125,0.3909,1.9696,2.0079,2.0506,2.1008,2.1512,2.2025,2.2538,2.3052,2.3566,2.408,2.4594,2.5108
1.2748,1.2813,1.302,1.342,1.3847,1.4356,1.4866,1.5385,1.5905,1.6426,1.6946,1.7382,1.7754,1.3107,1.7564,1.7291,1.6971,1.6649,1.6322,1.5995,1.5667,1.5339,1.5012,1.4684,1.4356
2.1057,2.0979,2.0732,2.0253,1.9744,1.9135,1.8527,1.7906,1.7285,1.6663,1.604,1.552,1.5076,0.3409,1.2329,1.5628,1.6011,1.6395,1.6786,1.7177,1.7569,1.7961,1.8352,1.8744,1.9136
5.4424,5.4702,5.3398,4.8266,4.3136,3.8014,3.2891,2.777,6.7901,7.0123,7.2347,7.4205,7.5793,7.6023,7.4981,7.3818,7.2451,7.1078,6.9682,6.8285,6.6886,6.5486,6.4087,6.2687,6.1287
2.5944,2.6076,2.6497,2.7312,2.818,2.9216,3.0253,3.1311,3.2368,3.3428,3.4487,3.5373,3.613,3.624,3.5743,1.4587,1.9356,2.5076,3.0795,3.2551,3.1884,3.1217,3.055,2.9883,2.9215
1.8379,1.8311,1.8096,1.7678,1.7233,1.6702,1.6171,1.5629,1.5087,1.4544,1.4001,1.3547,0.6602,1.3102,1.3357,1.3641,1.3975,1.431,1.4652,1.4993,1.5335,1.5677,1.6018,1.636,1.6702
1.3817,1.3888,1.4112,1.4546,1.5008,1.556,1.6113,1.6676,1.7239,1.7803,1.8368,1.7358,1.9243,1.9301,1.9037,1.8741,1.8394,1.8046,1.7691,1.7337,1.6981,1.6626,1.6271,1.5915,1.556
4.3857,4.3694,4.318,4.2183,4.1122,3.9855,3.8587,3.7293,3.6,3.4705,3.3408,3.2325,3.1399,3.1265,0.7537,1.2989,1.8437,2.3886,2.9334,3.4782,3.6592,3.7408,3.8224,3.904,3.9856
5.3407,5.3209,5.2583,4.9689,4.4408,3.9135,3.3862,2.8589,2.3317,1.8045,1.2773,3.9364,3.8237,3.8074,3.8813,3.9639,4.061,4.1584,4.2575,4.3567,4.456,4.5554,4.6547,4.7541,4.8535
1.435,1.4424,1.4656,1.5107,1.5587,1.6161,1.6734,1.7319,1.7904,1.849,1.9076,1.9566,1.9985,2.0046,1.452,1.9464,1.9104,1.8742,1.8374,1.8005,1.7636,1.7267,1.6898,1.6529,1.616
1.7981,1.7914,1.7703,1.7295,1.686,1.634,1.582,1.529,1.476,1.4228,1.3697,1.3253,1.2873,0.788,1.3067,1.3345,1.3672,1.4,1.4334,1.4668,1.5002,1.5337,1.5671,1.6006,1.634
2.2886,2.3003,2.3374,2.4093,2.4859,2.5773,2.6688,2.7621,2.6423,2.0448,1.4474,3.1204,3.1872,3.1969,3.1531,3.1042,3.0467,2.989,2.9302,2.8715,2.8127,2.7538,2.6949,2.6361,2.5772
8.0413,8.0824,8.2128,8.4653,8.7343,9.0556,9.377,9.7048,10.0,10.0,10.0,10.0,10.0,10.0,10.0,10.0,10.0,10.0,10.0,10.0,3.7387,4.245,4.7514,5.2577,5.764
2.2286,2.2203,2.1942,2.1436,2.0896,2.0252,1.9608,1.8951,1.8294,1.7635,1.6977,1.1386,0.3354,1.5888,1.6196,1.6541,1.6946,1.7352,1.7766,1.818,1.8594,1.9009,1.9424,1.9838,2.0253
1.2653,1.2718,1.2923,1.332,1.3743,1.4249,1.4755,1.527,1.5786,1.6303,1.682,1.7252,1.7621,1.7674,1.7432,1.7162,1.6844,1.6525,1.62,1.5875,1.555,1.5225,1.4899,1.4574,1.4248
2.5351,2.5257,2.496,2.4384,2.3771,2.3038,2.2305,2.1557,2.081,2.0061,1.9312,1.8686,1.815,0.3509,0.9538,1.6436,1.9277,1.9739,2.021,2.068,2.1152,2.1624,2.2095,2.2567,2.3039
6.2013,5.7287,10.0,10.0,10.0,10.0,10.0,10.0,10.0,10.0,10.0,10.0,10.0,10.0,10.0,10.0,10.0,10.0,10.0,10.0,10.0,10.0,10.0,10.0,10.0
1.9056,1.9153,1.9462,2.0061,2.0698,2.1459,2.2221,2.2998,2.3775,2.4553,2.5331,2.5982,2.6538,2.6618,2.6254,1.592,2.2598,2.4887,2.4398,2.3909,2.3419,2.2929,2.2439,2.1949,2.1459
1.7549,1.7484,1.7278,1.688,1.6455,1.5948,1.544,1.4923,1.4405,1.3887,1.3368,1.2935,1.2564,1.2511,1.2754,1.3025,1.3344,1.3664,1.399,1.4316,1.4642,1.4969,1.5295,1.5622,1.5948
1.5702,1.5782,1.6037,1.653,1.7055,1.7682,1.831,1.895,1.959,2.0231,2.0323,1.1922,2.1867,2.1934,2.1633,2.1297,2.0903,2.0507,2.0104,1.9701,1.9297,1.8894,1.849,1.8086,1.7682
9.121,9.0873,8.9803,8.7731,8.5524,8.2887,8.025,7.7561,7.4871,7.2177,6.9481,6.7228,6.5302,6.5024,6.6287,6.7697,1.725,2.2348,2.7445,3.2543,3.764,4.2737,4.7835,5.2932,5.8029
3.3447,3.3324,3.2931,3.2171,3.1362,3.0395,2.9428,2.8442,2.5859,2.0012,1.4165,0.831,2.3947,2.3845,2.4308,2.4825,2.5433,2.6043,2.6664,2.7285,2.7907,2.8529,2.9152,2.9774,3.0396
1.3141,1.3208,1.3421,1.3834,1.4274,1.4799,1.5324,1.5859,1.6395,1.6932,1.7469,1.7917,1.8301,0.7921,1.8105,1.7824,1.7494,1.7162,1.6825,1.6488,1.615,1.5812,1.5474,1.5136,1.4798
1.9499,1.9427,1.9198,1.8755,1.8283,1.772,1.7156,1.6581,1.6006,1.543,1.4854,1.4372,1.396,0.4298,1.4171,1.4472,1.4827,1.5182,1.5544,1.5906,1.6269,1.6632,1.6994,1.7357,1.772
3.5143,3.5323,3.5893,3.6997,3.8172,3.9576,3.4335,2.8989,2.3643,1.8297,4.6717,4.7917,4.8943,4.9091,4.8418,4.7667,4.6784,4.5898,4.4996,4.4094,4.3191,4.2287,4.1383,4.0479,3.9575
3.4575,3.4752,3.5313,3.6399,3.7555,3.8937,4.0319,4.1728,4.3137,4.4549,4.5962,4.7142,4.8151,4.8297,4.7636,4.6897,1.8571,2.3573,2.8949,3.4326,3.9703,4.1603,4.0714,3.9825,3.8935
1.9442,1.937,1.9142,1.87,1.823,1.7668,1.7106,1.6533,1.5959,1.5385,1.481,1.433,0.4751,1.386,1.413,1.443,1.4784,1.5138,1.5499,1.586,1.6222,1.6583,1.6945,1.7307,1.7669
1.317,1.3238,1.3451,1.3865,1.4306,1.4832,1.5358,1.5895,1.6432,1.697,1.7508,1.7957,0.7883,1.8397,1.8145,1.7864,1.7533,1.7201,1.6863,1.6525,1.6186,1.5848,1.5509,1.517,1.4831
3.3818,3.3693,3.3296,3.2528,3.171,3.0732,2.9754,2.8757,2.776,2.6761,2.5761,2.4926,2.4212,2.4109,0.8088,1.3938,1.9784,2.5631,2.6959,2.7587,2.8216,2.8845,2.9474,3.0104,3.0733
6.3312,5.8194,5.3083,4.7981,4.2882,3.779,3.2698,2.7607,2.2516,6.9944,6.7332,6.5149,6.3283,6.3013,6.4237,6.5603,6.721,6.8822,7.0463,7.2104,7.3748,7.5392,7.7037,7.8681,8.0326
1.5642,1.5722,1.5975,1.6467,1.699,1.7615,1.824,1.8878,1.9515,2.0154,2.0793,2.1327,2.1784,2.185,1.1754,2.0255,2.0823,2.0429,2.0027,1.9626,1.9224,1.8821,1.8419,1.8017,1.7614
1.7579,1.7514,1.7308,1.6908,1.6483,1.5975,1.5466,1.4948,1.443,1.391,1.3391,1.2957,1.2586,1.2532,1.2775,1.3047,1.3367,1.3687,1.4014,1.434,1.4667,1.4994,1.5321,1.5648,1.5975
1.9216,1.9315,1.9626,2.023,2.0873,2.164,2.2408,2.3192,2.3975,2.2682,1.6055,2.6201,2.6762,2.6843,2.6475,2.6064,2.5581,2.5097,2.4604,2.4111,2.3617,2.3122,2.2628,2.2134,2.164
10.0,10.0,10.0,10.0,10.0,10.0,10.0,10.0,10.0,10.0,10.0,10.0,10.0,10.0,10.0,10.0,10.0,10.0,10.0,10.0,10.0,10.0,4.7012,5.2022,5.7031
2.522,2.5126,2.4831,2.4258,2.3647,2.2918,2.2189,2.1445,2.0702,1.9957,1.6775,0.9841,0.3568,1.7979,1.8328,1.8718,1.9177,1.9637,2.0105,2.0573,2.1042,2.1511,2.198,2.245,2.2919
1.2668,1.2733,1.2938,1.3336,1.376,1.4266,1.4772,1.5288,1.5805,1.6322,1.684,1.7272,1.7642,1.7695,1.7453,1.7182,1.6864,1.6544,1.6219,1.5894,1.5568,1.5243,1.4917,1.4591,1.4265
2.2439,2.2356,2.2093,2.1583,2.104,2.0392,1.9743,1.9081,1.842,1.7757,1.7094,1.6539,1.6065,0.3106,1.105,1.6655,1.7063,1.7472,1.7888,1.8305,1.8722,1.914,1.9557,1.9975,2.0392
6.2823,5.7745,5.2673,4.7611,4.255,3.7498,3.2445,10.0,10.0,10.0,10.0,10.0,10.0,10.0,10.0,10.0,10.0,10.0,10.0,10.0,10.0,10.0,9.8833,9.6674,9.4515
2.2715,2.2832,2.32,2.3913,2.4673,2.5581,2.6488,2.7414,2.834,2.9268,3.0196,3.0971,3.1634,3.173,3.1296,1.4379,2.0411,2.6443,2.9084,2.8501,2.7917,2.7332,2.6748,2.6164,2.558
1.7992,1.7926,1.7715,1.7306,1.6871,1.6351,1.583,1.53,1.4769,1.4238,1.3706,1.3262,0.8841,1.2827,1.3076,1.3354,1.3681,1.4009,1.4343,1.4677,1.5012,1.5347,1.5681,1.6016,1.6351
1.4435,1.4509,1.4743,1.5196,1.5679,1.6255,1.6832,1.7421,1.8009,1.8599,1.9188,1.4731,2.0103,2.0163,1.9887,1.9579,1.9216,1.8852,1.8482,1.8111,1.774,1.7369,1.6998,1.6626,1.6255
5.4549,5.4347,5.3707,5.2468,5.1148,4.9571,4.7994,4.6385,4.4777,4.3165,4.1553,4.0206,3.9054,3.8888,0.8306,1.2614,1.7906,2.3197,2.8488,3.3779,3.907,4.4361,4.7542,4.8557,4.9572
4.3339,4.3178,4.267,4.1686,4.0637,3.9384,3.5071,2.961,2.415,1.869,1.3229,0.7761,3.1029,3.0896,3.1496,3.2166,3.2954,3.3745,3.4549,3.5354,3.616,3.6966,3.7773,3.8579,3.9385
1.3818,1.3888,1.4112,1.4546,1.5009,1.5561,1.6113,1.6676,1.724,1.7804,1.8368,1.884,1.9243,1.9302,1.7245,1.8742,1.8395,1.8046,1.7692,1.7337,1.6982,1.6626,1.6271,1.5916,1.556
1.8474,1.8405,1.8189,1.7769,1.7322,1.6788,1.6254,1.5709,1.5164,1.4619,1.4073,1.3616,1.3226,0.5956,1.3426,1.3711,1.4047,1.4384,1.4727,1.507,1.5414,1.5757,1.6101,1.6445,1.6788
2.6327,2.6462,2.6889,2.7716,2.8596,2.9648,3.07,3.0905,2.5205,1.9506,1.409,3.5896,3.6665,3.6776,3.6272,3.5709,3.5048,3.4384,3.3708,3.3033,3.2356,3.1679,3.1002,3.0324,2.9647
5.3184,5.3456,5.4318,5.5989,5.7768,5.9892,6.2018,6.4186,6.6354,6.8526,7.0698,7.2514,7.4067,7.4291,7.3273,7.2136,7.08,6.9459,2.7796,3.2959,3.8121,4.3283,4.8446,5.3608,5.8771
2.1039,2.0962,2.0715,2.0237,1.9728,1.912,1.8511,1.7891,1.727,1.6649,1.6027,1.279,0.3767,1.4999,1.529,1.5616,1.5998,1.6382,1.6772,1.7163,1.7554,1.7946,1.8337,1.8729,1.912
1.2807,1.2872,1.308,1.3482,1.391,1.4422,1.4934,1.5456,1.5978,1.6501,1.7024,1.7461,1.3757,1.7889,1.7644,1.737,1.7048,1.6726,1.6397,1.6068,1.5739,1.541,1.508,1.4751,1.4421
2.7952,2.7848,2.7521,2.6885,2.6209,2.5401,2.4593,2.3769,2.2945,2.2119,2.1293,2.0602,2.0012,1.9927,0.8898,1.5334,2.1254,2.1764,2.2283,2.2802,2.3322,2.3842,2.4362,2.4882,2.5402
6.2315,5.7278,5.2248,4.7226,4.2207,10.0,10.0,10.0,10.0,10.0,10.0,10.0,10.0,10.0,10.0,10.0,10.0,10.0,10.0,10.0,10.0,10.0,10.0,10.0,10.0
1.7534,1.7624,1.7908,1.8459,1.9046,1.9746,2.0447,2.1162,2.1877,2.2593,2.3309,2.3908,2.4419,2.4493,1.0233,1.7288,2.3342,2.29,2.245,2.2,2.155,2.1099,2.0648,2.0197,1.9746
1.7508,1.7444,1.7238,1.684,1.6417,1.5911,1.5405,1.4888,1.4372,1.3855,1.3337,1.2905,1.2535,1.2482,1.2724,1.2995,1.3313,1.3632,1.3958,1.4283,1.4608,1.4934,1.526,1.5585,1.5911
1.6834,1.692,1.7193,1.7722,1.8285,1.8957,1.963,2.0316,2.1003,2.169,1.8393,1.079,2.3444,2.3515,2.3193,2.2833,2.241,2.1985,2.1553,2.1121,2.0689,2.0256,1.9823,1.939,1.8957
10.0,10.0,10.0,10.0,10.0,10.0,10.0,10.0,10.0,10.0,10.0,10.0,10.0,10.0,10.0,10.0,10.0,10.0,10.0,10.0,3.7406,4.233,4.7379,5.2427,5.7476
2.965,2.954,2.9193,2.8519,2.7801,2.6944,2.6087,2.5213,2.4338,2.1218,1.5019,0.881,2.1228,2.1137,2.1548,2.2006,2.2545,2.3086,2.3637,2.4187,2.4739,2.529,2.5842,2.6393,2.6945
1.2919,1.2985,1.3194,1.36,1.4032,1.4549,1.5065,1.5592,1.6118,1.6646,1.7173,1.7615,1.7992,0.9788,1.7799,1.7523,1.7198,1.6872,1.6541,1.6209,1.5877,1.5545,1.5213,1.488,1.4548
2.047,2.0395,2.0155,1.9689,1.9194,1.8602,1.8011,1.7407,1.6803,1.6199,1.5594,1.5088,1.4656,0.3709,1.3414,1.5193,1.5565,1.5939,1.6319,1.6699,1.708,1.746,1.7841,1.8222,1.8603
4.5071,4.5301,4.6032,4.7447,4.3924,3.8708,3.3492,2.8278,2.3063,5.8072,5.9913,6.1452,6.2768,6.2958,6.2095,6.1132,5.9999,5.8863,5.7706,5.655,5.5391,5.4232,5.3073,5.1913,5.0754
2.8738,2.8885,2.9351,3.0254,3.1215,3.2363,3.3512,3.4683,3.5855,3.7028,3.8202,3.9184,4.0022,4.0144,3.9594,3.8979,1.8932,2.4526,3.0121,3.5715,3.5319,3.458,3.3841,3.3101,3.2362
1.8809,1.8739,1.8519,1.8092,1.7636,1.7093,1.6549,1.5994,1.544,1.4884,1.4328,1.3864,0.5757,1.3409,1.3669,1.396,1.4302,1.4645,1.4994,1.5344,1.5693,1.6043,1.6393,1.6743,1.7093
1.359,1.366,1.388,1.4307,1.4762,1.5305,1.5848,1.6402,1.6956,1.7511,1.8066,1.853,0.8134,1.8984,1.8724,1.8433,1.8092,1.7749,1.74,1.7052,1.6702,1.6353,1.6003,1.5654,1.5304
3.9467,3.9321,3.8858,3.7962,3.7007,3.5866,3.4725,3.3561,3.2397,3.1231,3.0065,2.909,2.8257,2.8136,0.7755,1.3364,1.897,2.4576,3.0181,3.2196,3.293,3.3664,3.4398,3.5132,3.5867
6.3068,5.9583,5.435,4.9127,4.3905,3.8692,3.3478,2.8266,2.3053,1.7841,1.2628,4.6485,4.5154,4.4961,4.5834,4.681,4.7956,4.9106,5.0277,5.1448,5.2621,5.3794,5.4968,5.6141,5.7315
1.4851,1.4927,1.5167,1.5634,1.6131,1.6724,1.7317,1.7923,1.8528,1.9135,1.9741,2.0248,2.0682,2.0745,1.335,2.0143,1.977,1.9395,1.9014,1.8633,1.8251,1.7869,1.7487,1.7105,1.6723
1.7864,1.7798,1.7589,1.7183,1.6751,1.6234,1.5718,1.5191,1.4664,1.4136,1.3609,1.3167,1.279,0.9966,1.2983,1.3259,1.3584,1.391,1.4241,1.4573,1.4905,1.5238,1.557,1.5902,1.6235
2.1377,2.1486,2.1833,2.2504,2.3219,2.4073,2.4927,2.5799,2.667,2.1297,1.5075,2.9146,2.977,2.986,2.9451,2.8994,2.8457,2.7918,2.737,2.6821,2.6271,2.5722,2.5172,2.4622,2.4072
10.0,10.0,10.0,10.0,10.0,10.0,10.0,10.0,10.0,10.0,10.0,10.0,10.0,10.0,10.0,10.0,10.0,10.0,10.0,10.0,3.7322,4.2376,4.743,5.2484,5.7539
2.3379,2.3292,2.3018,2.2487,2.1921,2.1246,2.057,1.988,1.9191,1.85,1.7809,1.0766,0.3308,1.6667,1.6991,1.7352,1.7777,1.8203,1.8637,1.9071,1.9506,1.9941,2.0376,2.0811,2.1246
1.2689,1.2754,1.296,1.3358,1.3783,1.429,1.4797,1.5314,1.5831,1.6349,1.6868,1.7301,1.7671,1.7725,1.7482,1.7211,1.6892,1.6572,1.6246,1.5921,1.5595,1.5268,1.4942,1.4616,1.4289
2.4212,2.4122,2.3838,2.3288,2.2702,2.2002,2.1302,2.0588,1.9874,1.9159,1.8444,1.7846,1.7334,0.3352,1.0089,1.7387,1.841,1.8852,1.9301,1.9751,2.0201,2.0652,2.1102,2.1553,2.2003
6.2476,5.7426,5.2383,4.7348,4.2316,3.7291,3.2379,10.0,10.0,10.0,10.0,10.0,10.0,10.0,10.0,10.0,10.0,10.0,10.0,10.0,10.0,10.0,10.0,10.0,10.0
2.0359,2.0463,2.0793,2.1433,2.2114,2.2927,2.3741,2.4571,2.5401,2.6232,2.7064,2.7759,2.8353,2.8439,2.8049,1.5332,2.1764,2.6589,2.6067,2.5544,2.5021,2.4497,2.3974,2.345,2.2926
1.7762,1.7696,1.7488,1.7084,1.6655,1.6141,1.5628,1.5104,1.458,1.4055,1.3531,1.3092,1.2717,1.2663,1.2908,1.3183,1.3506,1.383,1.416,1.4489,1.482,1.515,1.5481,1.5811,1.6142
1.5232,1.531,1.5557,1.6035,1.6545,1.7153,1.7762,1.8383,1.9004,1.9626,2.0248,1.2894,2.1213,2.1277,2.0985,2.066,2.0277,1.9893,1.9502,1.9111,1.872,1.8328,1.7936,1.7544,1.7153
7.2751,7.2482,7.1629,6.9976,6.8215,6.6113,6.4009,6.1864,5.9718,5.7569,5.5419,5.3622,5.2086,5.1864,5.2872,1.2358,1.7542,2.2726,2.791,3.3094,3.8277,4.3461,4.8644,5.3828,5.9012
3.6747,3.6611,3.618,3.5345,3.4456,3.3394,3.2332,3.0955,2.5246,1.9538,1.383,0.8113,2.6309,2.6197,2.6706,2.7274,2.7942,2.8612,2.9295,2.9977,3.066,3.1344,3.2028,3.2711,3.3395
1.3429,1.3498,1.3716,1.4137,1.4587,1.5123,1.566,1.6207,1.6755,1.7303,1.7852,1.831,1.8702,0.8095,1.8502,1.8215,1.7877,1.7539,1.7194,1.6849,1.6504,1.6159,1.5813,1.5468,1.5123
1.9148,1.9077,1.8852,1.8417,1.7954,1.74,1.6847,1.6282,1.5717,1.5152,1.4586,1.4113,1.3709,0.4824,1.3915,1.4211,1.456,1.4909,1.5264,1.562,1.5976,1.6332,1.6688,1.7045,1.7401
3.1242,3.1402,3.1908,3.289,3.3935,3.5183,3.527,2.9778,2.4287,1.8795,4.1531,4.2597,4.3509,4.3641,4.3043,4.2376,4.159,4.0803,4.0001,3.9199,3.8396,3.7593,3.6789,3.5985,3.5182
4.0035,4.024,4.0889,4.2147,4.3486,4.5085,4.6685,4.8317,4.9949,5.1584,5.322,5.4587,5.5755,5.5924,5.5158,5.4302,5.3296,2.3272,2.858,3.3888,3.9196,4.4505,4.7143,4.6114,4.5084
2.0083,2.0009,1.9773,1.9317,1.8831,1.8251,1.767,1.7078,1.6485,1.5892,1.5299,1.4708,0.4332,1.4317,1.4595,1.4906,1.5271,1.5637,1.601,1.6383,1.6756,1.713,1.7504,1.7877,1.8251
1.3068,1.3135,1.3347,1.3757,1.4194,1.4716,1.5239,1.5771,1.6304,1.6838,1.7372,1.7818,0.901,1.8254,1.8004,1.7725,1.7397,1.7067,1.6732,1.6396,1.606,1.5724,1.5388,1.5052,1.4716
3.14,3.1284,3.0916,3.0202,2.9443,2.8535,2.7627,2.6701,2.5775,2.4848,2.392,2.3144,2.2481,2.2385,0.8405,1.4485,2.0561,2.4449,2.5032,2.5615,2.6199,2.6783,2.7367,2.7952,2.8536
6.3123,5.802,5.2925,4.7838,4.2753,3.7677,3.26,10.0,9.792,9.4396,9.0871,8.7924,8.5405,8.5041,8.6693,8.8537,9.0706,9.2882,9.5096,9.7311,9.9529,10.0,10.0,10.0,10.0
1.6367,1.6451,1.6716,1.723,1.7778,1.8432,1.9086,1.9753,2.042,2.1088,2.1757,2.2316,2.2794,2.2863,1.1064,1.9067,2.1788,2.1376,2.0956,2.0536,2.0115,1.9694,1.9273,1.8852,1.8431
1.7608,1.7543,1.7336,1.6936,1.651,1.6001,1.5492,1.4973,1.4454,1.3934,1.3413,1.2978,1.2606,1.2553,1.2797,1.3069,1.3389,1.371,1.4037,1.4364,1.4691,1.5019,1.5346,1.5674,1.6002
1.8288,1.8382,1.8679,1.9253,1.9865,2.0595,2.1326,2.2072,2.2817,2.3564,1.693,1.0413,2.5469,2.5547,2.5197,2.4806,2.4346,2.3885,2.3416,2.2946,2.2476,2.2006,2.1536,2.1065,2.0595
10.0,9.9902,9.9902,9.9902,9.9902,9.9902,9.9902,9.9902,9.9902,9.9902,9.9902,9.9902,9.9902,9.9902,9.9902,9.9902,9.9902,9.9902,9.9902,3.2184,3.7225,4.2266,4.7307,5.2348,5.7389
2.6838,2.6739,2.6424,2.5814,2.5165,2.4389,2.3613,2.2822,2.203,2.1238,1.611,0.9451,0.3797,1.9133,1.9505,1.992,2.0407,2.0897,2.1395,2.1893,2.2393,2.2892,2.3391,2.3891,2.439
1.2806,1.2872,1.3079,1.3481,1.391,1.4421,1.4933,1.5455,1.5977,1.65,1.7023,1.7461,1.7834,1.6835,1.7643,1.737,1.7048,1.6725,1.6396,1.6068,1.5738,1.5409,1.508,1.475,1.4421
2.1717,2.1637,2.1382,2.0889,2.0363,1.9736,1.9108,1.8467,1.7827,1.7185,1.6543,1.6007,1.5548,0.3287,1.189,1.6119,1.6513,1.691,1.7313,1.7716,1.812,1.8524,1.8928,1.9332,1.9736
6.333,5.8648,5.3497,4.8355,4.3216,3.8084,3.2952,2.7822,7.9013,8.1599,8.4186,8.6349,8.8197,8.8465,8.7252,8.5899,8.4307,8.2711,8.1085,7.946,7.7832,7.6203,7.4574,7.2946,7.1317
2.4783,2.491,2.5311,2.609,2.6919,2.7909,2.8899,2.991,3.092,3.1932,3.2944,3.379,3.4514,3.4618,3.4144,1.4011,1.9889,2.5766,3.1643,3.1095,3.0458,2.982,2.9183,2.8545,2.7908
1.8362,1.8294,1.8079,1.7661,1.7217,1.6686,1.6155,1.5614,1.5072,1.453,1.3987,1.3534,0.7364,1.309,1.3344,1.3628,1.3962,1.4297,1.4638,1.4979,1.532,1.5662,1.6003,1.6345,1.6687
1.4151,1.4223,1.4452,1.4897,1.537,1.5936,1.6501,1.7078,1.7655,1.8233,1.8811,1.6369,1.9707,1.9767,1.9496,1.9193,1.8838,1.8481,1.8118,1.7755,1.7391,1.7027,1.6663,1.6299,1.5935
4.7765,4.7588,4.7028,4.5943,4.4787,4.3406,4.2025,4.0617,3.9208,3.7797,3.6386,3.5206,3.4197,3.4051,0.7508,1.2938,1.8366,2.3793,2.922,3.4647,3.9853,4.0741,4.163,4.2519,4.3408
4.9415,4.9232,4.8653,4.753,4.534,3.9956,3.4572,2.9189,2.3806,1.8424,1.3041,0.8035,3.5379,3.5228,3.5912,3.6676,3.7575,3.8476,3.9393,4.0311,4.123,4.2149,4.3068,4.3988,4.4907
1.4249,1.4322,1.4553,1.5,1.5477,1.6046,1.6616,1.7197,1.7778,1.8359,1.8942,1.9428,1.9844,1.9904,1.5571,1.9327,1.8969,1.8609,1.8244,1.7878,1.7512,1.7145,1.6779,1.6412,1.6046
1.8305,1.8237,1.8023,1.7607,1.7164,1.6635,1.6106,1.5566,1.5026,1.4485,1.3944,1.3492,1.3106,0.7067,1.3303,1.3586,1.3919,1.4253,1.4593,1.4933,1.5273,1.5614,1.5954,1.6295,1.6635
2.4277,2.4402,2.4795,2.5558,2.637,2.734,2.831,2.93,2.6144,2.0233,1.4321,3.3101,3.381,3.3912,3.3448,3.2929,3.2319,3.1707,3.1084,3.0461,2.9836,2.9212,2.8588,2.7963,2.7339
6.7764,6.8111,6.9209,7.1338,7.3604,7.6312,7.902,8.1782,8.4545,8.7312,9.008,9.1604,9.1604,9.1604,9.1604,9.1604,9.021,8.8501,2.7678,3.2818,3.7959,4.3099,4.824,5.338,5.8521
2.1964,2.1882,2.1625,2.1126,2.0594,1.996,1.9324,1.8677,1.8029,1.738,1.6731,1.1979,0.3528,1.5658,1.5962,1.6302,1.6701,1.7101,1.7509,1.7917,1.8325,1.8734,1.9143,1.9551,1.996
1.2812,1.2878,1.3086,1.3488,1.3917,1.4429,1.4941,1.5463,1.5985,1.6508,1.7032,1.7469,1.7843,1.7897,1.7652,1.7378,1.7056,1.6733,1.6404,1.6076,1.5746,1.5417,1.5087,1.4758,1.4428
2.6499,2.64,2.609,2.5488,2.4846,2.4081,2.3314,2.2533,2.1752,2.0969,2.0186,1.9531,1.8972,0.3668,0.9357,1.6125,2.0149,2.0632,2.1124,2.1616,2.2109,2.2602,2.3095,2.3588,2.4081
6.2632,5.757,5.2513,4.7466,4.2421,3.7384,3.2347,2.731,10.0,10.0,10.0,10.0,10.0,10.0,10.0,10.0,10.0,10.0,10.0,10.0,10.0,10.0,10.0,10.0,10.0
1.8594,1.869,1.8991,1.9575,2.0197,2.094,2.1683,2.2441,2.3199,2.3958,2.4718,2.5353,2.5895,2.5974,1.0852,1.6552,2.3495,2.4285,2.3807,2.333,2.2852,2.2374,2.1896,2.1417,2.0939
1.7678,1.7613,1.7406,1.7004,1.6576,1.6065,1.5554,1.5033,1.4511,1.3989,1.3467,1.303,1.2657,1.2603,1.2848,1.3121,1.3442,1.3765,1.4093,1.4421,1.475,1.5079,1.5408,1.5737,1.6066
1.6251,1.6334,1.6598,1.7108,1.7652,1.8301,1.8951,1.9613,2.0275,2.0939,1.9701,1.1557,2.2632,2.2701,2.239,2.2042,2.1634,2.1224,2.0807,2.039,1.9972,1.9554,1.9136,1.8718,1.83
8.7149,8.7149,8.7149,8.7149,8.7149,8.7149,8.7149,8.7149,8.7149,8.7068,8.3816,8.1098,7.8775,7.8439,7.9963,8.1664,8.3664,2.2463,2.7575,3.2696,3.7818,4.2939,4.806,5.3182,5.8303
3.2155,3.2036,3.1659,3.0929,3.015,2.9221,2.8291,2.7343,2.6395,2.0631,1.4603,0.8567,2.3022,2.2923,2.3369,2.3866,2.445,2.5037,2.5634,2.6231,2.6829,2.7427,2.8025,2.8624,2.9222
1.3167,1.3234,1.3448,1.3861,1.4302,1.4828,1.5354,1.5891,1.6428,1.6965,1.7503,1.7953,1.8337,0.7937,1.8141,1.7859,1.7528,1.7196,1.6858,1.6521,1.6182,1.5843,1.5505,1.5166,1.4827
2.0031,1.9957,1.9722,1.9267,1.8783,1.8204,1.7624,1.7034,1.6443,1.5851,1.5259,1.4764,1.4342,0.4087,1.4558,1.4867,1.5232,1.5597,1.5969,1.6341,1.6713,1.7086,1.7459,1.7831,1.8204
3.8714,3.8912,3.954,4.0756,4.2051,3.9646,3.4304,2.8963,2.3622,1.9138,5.1463,5.2785,5.3915,5.4079,5.3337,5.251,5.1537,5.0561,4.9568,4.8574,4.7579,4.6583,4.5588,4.4592,4.3596
3.2364,3.2529,3.3054,3.407,3.5153,3.6446,3.7739,3.9059,4.0378,4.1699,4.3021,4.4126,4.5071,4.5208,4.4588,4.3897,1.8633,2.4139,2.9645,3.5151,3.9774,3.8942,3.811,3.7277,3.6445
1.9365,1.9294,1.9067,1.8627,1.8158,1.7598,1.7038,1.6467,1.5896,1.5324,1.4752,1.4274,0.5137,1.3806,1.4074,1.4373,1.4725,1.5078,1.5438,1.5797,1.6158,1.6518,1.6878,1.7238,1.7599
1.3447,1.3516,1.3734,1.4157,1.4606,1.5144,1.5681,1.6229,1.6777,1.7327,1.7876,1.8335,0.8049,1.8784,1.8527,1.824,1.7902,1.7563,1.7217,1.6872,1.6527,1.6181,1.5835,1.5489,1.5143
3.6102,3.5968,3.5545,3.4724,3.3851,3.2807,3.1764,3.0699,2.9634,2.8568,2.7501,2.6609,2.5847,2.5737,0.8029,1.3836,1.964,2.5444,2.878,2.945,3.0122,3.0793,3.1465,3.2137,3.2808
6.4464,5.9253,5.4049,4.8855,4.3662,3.8477,3.3293,2.8109,2.2925,1.7742,5.8894,5.6984,5.5352,5.5116,5.6186,5.7381,5.8787,6.0197,6.1632,6.3068,6.4506,6.5944,6.7382,6.8821,7.0259
1.547,1.5549,1.58,1.6286,1.6803,1.7421,1.804,1.867,1.9301,1.9933,2.0565,2.1093,2.1544,2.161,1.243,2.0983,2.0594,2.0204,1.9807,1.941,1.9012,1.8615,1.8217,1.7819,1.7421
1.7851,1.7785,1.7575,1.717,1.6738,1.6222,1.5706,1.5179,1.4653,1.4126,1.3598,1.3157,1.278,1.2726,1.2973,1.3249,1.3574,1.3899,1.4231,1.4562,1.4894,1.5226,1.5558,1.589,1.6222
2.0176,2.028,2.0607,2.1241,2.1915,2.2722,2.3528,2.435,2.5173,2.2338,1.5811,2.751,2.8099,2.8184,2.7798,2.7367,2.686,2.6351,2.5833,2.5315,2.4796,2.4278,2.3759,2.324,2.2721
8.0766,8.0766,8.0766,8.0766,8.0766,8.0766,8.0766,8.0766,8.0766,8.0766,8.0766,8.0766,8.0766,8.0766,8.0766,8.0766,8.0766,2.3076,2.732,3.2394,3.7468,4.2542,4.7616,5.269,5.7764
2.4714,2.4623,2.4333,2.3771,2.3173,2.2459,2.1744,2.1016,2.0287,1.9557,1.7511,1.0272,0.3497,1.7619,1.7961,1.8343,1.8792,1.9243,1.9702,2.0161,2.062,2.108,2.154,2.2,2.246
1.2797,1.2863,1.307,1.3472,1.39,1.4412,1.4923,1.5445,1.5966,1.6489,1.7012,1.7449,1.7822,1.7876,1.7631,1.7358,1.7036,1.6713,1.6385,1.6057,1.5728,1.5399,1.5069,1.474,1.4411
2.3309,2.3223,2.295,2.242,2.1856,2.1182,2.0508,1.9821,1.9134,1.8445,1.7756,1.718,1.6688,0.3227,1.0764,1.73,1.7724,1.8149,1.8582,1.9015,1.9448,1.9882,2.0315,2.0749,2.1183
6.33,5.8183,5.3073,4.7972,4.2873,3.7782,3.2691,2.7601,2.2567,10.0,10.0,10.0,10.0,10.0,10.0,10.0,10.0,10.0,10.0,10.0,10.0,10.0,10.0,10.0,10.0
2.1965,2.2077,2.2433,2.3123,2.3858,2.4735,2.5613,2.6509,2.7404,2.8301,2.9198,2.9948,3.0589,3.0682,3.0261,1.4874,2.1114,2.7354,2.8123,2.7559,2.6994,2.6429,2.5864,2.5299,2.4735
1.808,1.8014,1.7802,1.7391,1.6953,1.6431,1.5908,1.5375,1.4842,1.4307,1.3773,1.3326,1.0288,1.289,1.314,1.3419,1.3748,1.4078,1.4414,1.4749,1.5085,1.5422,1.5758,1.6095,1.6431
1.4877,1.4953,1.5194,1.5661,1.6159,1.6753,1.7348,1.7954,1.8561,1.9168,1.9776,1.4108,2.0718,2.0781,2.0496,2.0178,1.9804,1.9429,1.9047,1.8666,1.8283,1.7901,1.7518,1.7135,1.6753
6.0934,6.0709,5.9994,5.861,5.7135,5.5374,5.3612,5.1815,5.0018,4.8218,4.6418,4.4912,4.3626,4.344,4.4284,1.264,1.7943,2.3245,2.8548,3.385,3.9152,4.4454,4.9756,5.4242,5.5375
4.0964,4.0812,4.0332,3.9401,3.841,3.7226,3.6025,3.0416,2.4807,1.9198,1.3589,0.7972,2.9328,2.9203,2.977,3.0404,3.1148,3.1895,3.2656,3.3416,3.4178,3.494,3.5703,3.6465,3.7227
1.3806,1.3876,1.41,1.4534,1.4996,1.5547,1.6099,1.6662,1.7224,1.7788,1.8352,1.8824,1.9227,1.9285,1.8823,1.8725,1.8379,1.803,1.7676,1.7322,1.6967,1.6612,1.6257,1.5902,1.5547
1.8918,1.8848,1.8627,1.8197,1.7739,1.7192,1.6645,1.6087,1.5529,1.4971,1.4411,1.3944,1.3545,0.5521,1.3749,1.4041,1.4385,1.473,1.5082,1.5433,1.5785,1.6137,1.6489,1.6841,1.7193
2.8305,2.845,2.8909,2.9798,3.0744,3.1875,3.3007,3.0779,2.5103,1.9427,3.7626,3.8593,3.9419,3.9538,3.8997,3.8392,3.768,3.6967,3.624,3.5514,3.4786,3.4058,3.333,3.2602,3.1874
4.7735,4.7979,4.8753,5.0252,5.1849,5.3756,5.5664,5.761,5.9556,6.1505,6.3455,6.5085,6.6478,6.668,6.5766,6.4746,6.3546,2.3112,2.8384,3.3656,3.8928,4.4199,4.9471,5.4743,5.3755
2.088,2.0803,2.0558,2.0083,1.9578,1.8975,1.8371,1.7755,1.7139,1.6523,1.5906,1.3604,0.4007,1.4885,1.5174,1.5497,1.5877,1.6258,1.6645,1.7033,1.7421,1.781,1.8198,1.8587,1.8975
1.3042,1.3109,1.332,1.373,1.4166,1.4687,1.5208,1.574,1.6272,1.6804,1.7337,1.7782,1.1568,1.8218,1.7968,1.769,1.7362,1.7033,1.6698,1.6364,1.6028,1.5693,1.5358,1.5022,1.4687
2.949,2.9381,2.9035,2.8365,2.7652,2.6799,2.5947,2.5077,2.4207,2.3336,2.2465,2.1736,2.1114,2.1024,0.8796,1.5158,2.1516,2.2962,2.3509,2.4057,2.4605,2.5154,2.5703,2.6251,2.68
6.3295,5.8179,5.3069,4.7968,4.287,3.7779,3.2689,2.7599,2.251,10.0,10.0,10.0,10.0,10.0,10.0,10.0,10.0,10.0,10.0,10.0,10.0,10.0,10.0,10.0,10.0
1.7253,1.7341,1.7621,1.8163,1.874,1.9429,2.0119,2.0822,2.1525,2.223,2.2935,2.3524,2.4027,2.41,1.0516,1.8123,2.2968,2.2533,2.209,2.1647,2.1204,2.076,2.0316,1.9872,1.9429
1.7738,1.7672,1.7464,1.7061,1.6632,1.6119,1.5606,1.5083,1.456,1.4036,1.3512,1.3074,1.2699,1.2645,1.2891,1.3165,1.3488,1.3811,1.414,1.447,1.48,1.5129,1.546,1.579,1.612
1.7554,1.7643,1.7928,1.8479,1.9066,1.9768,2.0469,2.1185,2.19,2.2617,1.7999,1.0559,2.4446,2.452,2.4184,2.3809,2.3368,2.2925,2.2475,2.2024,2.1573,2.1122,2.067,2.0219,1.9767
7.2222,7.2222,7.2222,7.2222,7.2222,7.2222,7.2222,7.2222,7.2222,7.2222,7.2222,7.2222,7.2222,7.2222,7.2222,7.2222,7.2222,2.2367,2.7468,3.257,3.7672,4.2773,4.7875,5.2976,5.8078
2.8824,2.8717,2.8379,2.7724,2.7027,2.6193,2.536,2.451,2.366,2.2026,1.5591,0.9146,2.0636,2.0548,2.0947,2.1393,2.1917,2.2443,2.2978,2.3513,2.4049,2.4585,2.5122,2.5658,2.6194
1.302,1.3087,1.3298,1.3707,1.4142,1.4662,1.5183,1.5713,1.6244,1.6776,1.7308,1.7752,1.8132,1.1787,1.7938,1.766,1.7332,1.7004,1.667,1.6336,1.6001,1.5666,1.5332,1.4997,1.4662
2.1167,2.1089,2.0841,2.036,1.9847,1.9236,1.8624,1.7999,1.7375,1.675,1.6124,1.5602,1.5155,0.3575,1.293,1.571,1.6095,1.6481,1.6874,1.7267,1.7661,1.8055,1.8448,1.8842,1.9236
5.1243,5.1505,5.2335,4.9397,4.4147,3.8904,3.3662,2.8421,2.318,6.6025,6.8118,6.9868,7.1363,7.158,7.0599,6.9503,6.8216,6.6924,6.5609,6.4294,6.2976,6.1659,6.0341,5.9023,5.7705
2.7393,2.7533,2.7977,2.8837,2.9754,3.0848,3.1943,3.306,3.4176,3.5295,3.6414,3.7349,3.8149,3.8264,3.774,3.7154,1.9508,2.5273,3.1038,3.4369,3.3665,3.2961,3.2256,3.1552,3.0847
1.885,1.878,1.8559,1.8131,1.7675,1.713,1.6585,1.6029,1.5473,1.4917,1.4359,1.3894,0.6355,1.3438,1.3699,1.3991,1.4333,1.4677,1.5027,1.5377,1.5728,1.6078,1.6429,1.678,1.7131
1.396,1.4031,1.4258,1.4696,1.5163,1.5721,1.6279,1.6848,1.7417,1.7987,1.8557,1.8498,1.9441,1.95,1.9233,1.8935,1.8584,1.8232,1.7874,1.7515,1.7156,1.6797,1.6438,1.6079,1.572
4.2775,4.2617,4.2115,4.1143,4.0108,3.8872,3.7635,3.6374,3.5113,3.3849,3.2585,3.1528,3.0625,3.0494,0.7748,1.3352,1.8953,2.4554,3.0154,3.4894,3.569,3.6485,3.7281,3.8077,3.8873
5.7703,5.749,5.5665,5.0315,4.4967,3.9628,3.4288,2.8949,2.3611,1.8272,1.2934,4.2531,4.1313,4.1136,4.1936,4.2828,4.3877,4.4929,4.6,4.7072,4.8145,4.9218,5.0292,5.1366,5.2439
1.4788,1.4863,1.5103,1.5567,1.6062,1.6653,1.7244,1.7847,1.8449,1.9053,1.9657,2.0162,2.0594,2.0656,1.4289,2.0057,1.9686,1.9313,1.8933,1.8554,1.8174,1.7793,1.7413,1.7033,1.6652
1.8246,1.8178,1.7964,1.755,1.7108,1.6581,1.6053,1.5515,1.4977,1.4438,1.3899,1.3448,1.3063,0.8715,1.326,1.3542,1.3874,1.4207,1.4545,1.4884,1.5224,1.5563,1.5902,1.6242,1.6581
2.2671,2.2787,2.3155,2.3867,2.4625,2.5531,2.6437,2.7361,2.73,2.1127,1.4955,3.0911,3.1573,3.1669,3.1235,3.075,3.0181,2.9609,2.9027,2.8445,2.7862,2.7279,2.6696,2.6113,2.553
6.7783,6.7783,6.7783,6.7783,6.7783,6.7783,6.7783,6.7783,6.7783,6.7783,6.7783,6.7783,6.7783,6.7783,6.7783,6.7783,6.7783,2.2572,2.7721,3.2869,3.8018,4.3166,4.8314,5.3463,5.8611
2.3093,2.3008,2.2737,2.2212,2.1654,2.0986,2.0318,1.9637,1.8956,1.8274,1.7592,1.1337,0.3339,1.6463,1.6783,1.714,1.756,1.7981,1.841,1.8839,1.9268,1.9698,2.0127,2.0557,2.0987
1.2892,1.2958,1.3167,1.3572,1.4003,1.4518,1.5034,1.5559,1.6085,1.6611,1.7138,1.7578,1.7954,1.8009,1.7762,1.7486,1.7162,1.6837,1.6506,1.6176,1.5844,1.5513,1.5181,1.4849,1.4518
2.5349,2.5255,2.4957,2.4381,2.3768,2.3035,2.2303,2.1555,2.0808,2.0059,1.931,1.8684,1.8148,0.3509,0.9916,1.7089,1.9275,1.9737,2.0208,2.0678,2.115,2.1621,2.2093,2.2564,2.3036
6.3312,5.8195,5.3084,4.7982,4.2882,3.779,3.2698,2.7607,2.2516,10.0,10.0,10.0,10.0,10.0,10.0,10.0,10.0,10.0,10.0,10.0,10.0,10.0,10.0,10.0,10.0
1.989,1.9992,2.0314,2.0939,2.1604,2.2399,2.3194,2.4005,2.4816,2.5628,2.644,2.7119,2.77,2.7784,2.7403,1.5975,2.2676,2.5977,2.5466,2.4956,2.4445,2.3933,2.3421,2.291,2.2398
1.7953,1.7886,1.7676,1.7268,1.6834,1.6315,1.5796,1.5266,1.4737,1.4206,1.3676,1.3232,1.2853,1.2799,1.3047,1.3325,1.3651,1.3979,1.4312,1.4645,1.4979,1.5313,1.5647,1.5981,1.6315
1.5804,1.5885,1.6141,1.6638,1.7167,1.7798,1.843,1.9074,1.9718,2.0364,2.1009,1.2503,2.201,2.2077,2.1774,2.1437,2.1039,2.0641,2.0235,1.983,1.9423,1.9017,1.861,1.8204,1.7797
6.5312,6.5312,6.5312,6.5312,6.5312,6.5312,6.5312,6.5312,6.5312,6.5312,6.4499,6.2407,6.0619,6.0361,6.1533,6.2842,1.7683,2.2909,2.8134,3.336,3.8585,4.381,4.9036,5.4261,5.9486
3.5287,3.5157,3.4743,3.3941,3.3087,3.2067,3.1047,3.0007,2.61,2.0198,1.4297,0.8387,2.5264,2.5156,2.5645,2.619,2.6832,2.7476,2.8131,2.8786,2.9442,3.0099,3.0755,3.1412,3.2068
1.3499,1.3568,1.3787,1.4211,1.4663,1.5202,1.5742,1.6292,1.6842,1.7394,1.7945,1.8406,1.88,0.8137,1.8599,1.831,1.7971,1.763,1.7284,1.6938,1.659,1.6243,1.5896,1.5549,1.5202
1.973,1.9657,1.9425,1.8977,1.85,1.7929,1.7359,1.6777,1.6195,1.5612,1.5029,1.4542,1.4125,0.4571,1.4338,1.4643,1.5002,1.5362,1.5728,1.6095,1.6462,1.6829,1.7196,1.7563,1.793
3.4178,3.4353,3.4907,3.598,3.7124,3.8489,3.5349,2.9845,2.4341,1.8838,4.5433,4.66,4.7598,4.7742,4.7088,4.6358,4.5499,4.4637,4.376,4.2883,4.2004,4.1125,4.0246,3.9367,3.8488
3.7184,3.7374,3.7976,3.9144,4.0388,4.1874,4.336,4.4876,4.6391,4.791,4.9429,5.0698,5.1784,5.1941,5.1229,5.0434,1.8454,2.3907,2.936,3.4813,4.0266,4.4742,4.3785,4.2829,4.1872
2.0064,1.9989,1.9754,1.9298,1.8813,1.8233,1.7653,1.7061,1.6469,1.5877,1.5284,1.4788,0.467,1.4303,1.4581,1.4891,1.5256,1.5622,1.5995,1.6367,1.674,1.7113,1.7487,1.786,1.8233
1.3387,1.3455,1.3672,1.4093,1.454,1.5075,1.561,1.6156,1.6702,1.7248,1.7795,1.8252,0.8093,1.8699,1.8443,1.8157,1.7821,1.7483,1.714,1.6796,1.6452,1.6108,1.5763,1.5419,1.5075
3.3492,3.3368,3.2975,3.2214,3.1404,3.0436,2.9468,2.848,2.7492,2.6503,2.5513,2.4686,2.3979,2.3876,0.8368,1.442,2.0469,2.6078,2.67,2.7321,2.7944,2.8567,2.919,2.9814,3.0437
6.274,5.9274,5.4068,4.8872,4.3678,3.8491,3.3304,2.8119,2.2934,1.7926,7.6231,7.3759,7.1646,7.1341,7.2727,7.4274,7.6093,7.7918,7.9776,8.1634,8.3495,8.5357,8.7218,8.908,9.0943
1.6228,1.6311,1.6574,1.7084,1.7627,1.8275,1.8924,1.9585,2.0247,2.0909,2.1572,2.2127,2.26,2.2669,1.1707,2.0175,2.1603,2.1194,2.0778,2.0361,1.9944,1.9527,1.9109,1.8692,1.8275
1.7942,1.7875,1.7665,1.7257,1.6823,1.6304,1.5786,1.5257,1.4727,1.4197,1.3667,1.3224,1.2845,1.279,1.3039,1.3316,1.3642,1.397,1.4303,1.4636,1.497,1.5303,1.5637,1.5971,1.6305
1.9229,1.9327,1.9639,2.0243,2.0886,2.1654,2.2423,2.3207,2.3991,2.3606,1.6709,1.0948,2.6779,2.686,2.6492,2.6081,2.5598,2.5113,2.462,2.4126,2.3632,2.3137,2.2643,2.2148,2.1654
6.166,6.166,6.166,6.166,6.166,6.166,6.166,6.166,6.166,6.166,6.166,6.166,6.166,6.166,6.166,6.166,1.7617,2.2462,2.7585,3.2709,3.7832,4.2956,4.8079,5.3202,5.8326
2.6343,2.6245,2.5936,2.5338,2.47,2.3939,2.3177,2.2401,2.1624,2.0846,1.685,0.9885,0.3727,1.878,1.9145,1.9552,2.0031,2.0511,2.1,2.1489,2.1979,2.2469,2.2959,2.345,2.394
1.2981,1.3048,1.3258,1.3666,1.41,1.4619,1.5138,1.5667,1.6196,1.6726,1.7256,1.77,1.8078,1.8133,1.7885,1.7607,1.7281,1.6954,1.6621,1.6288,1.5954,1.562,1.5286,1.4952,1.4618
2.2614,2.253,2.2265,2.1751,2.1204,2.0551,1.9897,1.923,1.8563,1.7895,1.7227,1.6668,1.6191,0.3205,1.1592,1.6784,1.7195,1.7608,1.8028,1.8448,1.8868,1.9289,1.971,2.013,2.0551
6.0617,5.9294,5.4087,4.8888,4.3692,3.8504,3.3316,2.8128,2.2941,1.7754,10.0,10.0,10.0,10.0,10.0,10.0,10.0,9.9482,9.7527,9.5573,9.3614,9.1655,8.9696,8.7737,8.5778
2.3957,2.4079,2.4467,2.522,2.6021,2.6978,2.7936,2.8912,2.9889,3.0867,3.1846,3.2664,3.3363,3.3464,3.3006,1.4533,2.063,2.6727,3.0673,3.0058,2.9442,2.8826,2.821,2.7594,2.6978
1.8514,1.8445,1.8228,1.7807,1.7359,1.6824,1.6289,1.5743,1.5197,1.465,1.4103,1.3646,0.8382,1.3198,1.3455,1.3741,1.4078,1.4415,1.4759,1.5103,1.5447,1.5791,1.6136,1.648,1.6825
1.4628,1.4702,1.494,1.5399,1.5888,1.6473,1.7057,1.7654,1.825,1.8847,1.9445,1.5643,2.0371,2.0433,2.0153,1.984,1.9473,1.9104,1.8729,1.8353,1.7977,1.7601,1.7225,1.6848,1.6472
5.2832,5.2637,5.2017,5.0817,4.9538,4.8011,4.6484,4.4926,4.3368,4.1807,4.0246,3.8941,3.7825,3.7664,0.8045,1.3008,1.8464,2.3921,2.9377,3.4833,4.0289,4.5064,4.6047,4.703,4.8013
4.6459,4.6287,4.5742,4.4686,4.3562,4.1173,3.5625,3.0078,2.4532,1.8985,1.3438,0.7883,3.3262,3.312,3.3764,3.4482,3.5327,3.6174,3.7036,3.7899,3.8763,3.9627,4.0492,4.1356,4.2221
1.4281,1.4355,1.4586,1.5035,1.5512,1.6083,1.6654,1.7236,1.7818,1.8401,1.8985,1.9472,1.9889,1.9949,1.6919,1.9371,1.9012,1.8652,1.8285,1.7919,1.7552,1.7184,1.6817,1.645,1.6082
1.8808,1.8738,1.8518,1.8091,1.7635,1.7092,1.6548,1.5993,1.5439,1.4883,1.4327,1.3863,1.3466,0.6476,1.3669,1.3959,1.4301,1.4644,1.4994,1.5343,1.5693,1.6042,1.6392,1.6742,1.7092
2.6058,2.6191,2.6614,2.7432,2.8304,2.9345,3.0386,3.1448,2.6115,2.021,1.4306,3.5529,3.6289,3.6399,3.5901,3.5344,3.4689,3.4032,3.3363,3.2695,3.2025,3.1354,3.0684,3.0014,2.9344
5.8395,5.8395,5.8395,5.8395,5.8395,5.8395,5.8395,5.8395,5.8395,5.8395,5.8395,5.8395,5.8395,5.8395,5.8395,5.8395,1.7825,2.3093,2.836,3.3627,3.8894,4.4161,4.9429,5.4696,5.9963
2.1857,2.1776,2.152,2.1023,2.0494,1.9863,1.9231,1.8586,1.7942,1.7296,1.665,1.2741,0.3753,1.5582,1.5885,1.6222,1.662,1.7018,1.7424,1.783,1.8236,1.8643,1.905,1.9456,1.9863
1.3093,1.316,1.3373,1.3784,1.4222,1.4745,1.5268,1.5802,1.6336,1.687,1.7405,1.7852,1.6156,1.829,1.8039,1.7759,1.743,1.71,1.6764,1.6428,1.6092,1.5755,1.5418,1.5081,1.4745
2.7988,2.7884,2.7556,2.692,2.6243,2.5434,2.4625,2.3799,2.2974,2.2147,2.132,2.0629,2.0038,0.3874,0.9272,1.5978,2.1282,2.1792,2.2312,2.2831,2.3352,2.3872,2.4393,2.4914,2.5435
5.7459,5.7459,5.3526,4.8382,4.324,3.8105,3.2971,2.7837,2.2704,1.757,10.0,10.0,10.0,10.0,10.0,10.0,10.0,10.0,10.0,10.0,10.0,10.0,10.0,10.0,10.0
1.8332,1.8426,1.8723,1.9299,1.9912,2.0644,2.1377,2.2124,2.2872,2.362,2.4369,2.4995,2.553,2.5608,1.0699,1.7383,2.4404,2.3942,2.3472,2.3001,2.253,2.2058,2.1587,2.1115,2.0644
1.7973,1.7907,1.7696,1.7287,1.6853,1.6333,1.5813,1.5283,1.4753,1.4222,1.3691,1.3247,1.2868,1.2813,1.3062,1.334,1.3667,1.3994,1.4328,1.4662,1.4996,1.533,1.5665,1.5999,1.6334
1.6985,1.7072,1.7348,1.7881,1.8449,1.9128,1.9807,2.0499,2.1192,2.1885,1.9306,1.1325,2.3655,2.3727,2.3401,2.3038,2.2612,2.2183,2.1747,2.1312,2.0875,2.0438,2.0001,1.9564,1.9127
5.6552,5.6552,5.6552,5.6552,5.6552,5.6552,5.6552,5.6552,5.6552,5.6552,5.6552,5.6552,5.6552,5.6552,5.6552,5.6552,1.7575,2.2768,2.7962,3.3155,3.8348,4.3541,4.8735,5.3928,5.9121
3.1271,3.1156,3.0789,3.0078,2.9322,2.8418,2.7514,2.6592,2.5669,2.1475,1.5201,0.8917,2.2389,2.2293,2.2726,2.321,2.3778,2.4349,2.4929,2.551,2.6091,2.6673,2.7255,2.7837,2.8419
1.3316,1.3384,1.36,1.4018,1.4464,1.4996,1.5528,1.6071,1.6614,1.7157,1.7701,1.8156,1.8545,0.9156,1.8346,1.8061,1.7727,1.7391,1.7049,1.6708,1.6365,1.6023,1.568,1.5338,1.4995
2.0775,2.0698,2.0455,1.9983,1.948,1.8879,1.8279,1.7666,1.7053,1.644,1.5826,1.5313,1.4874,0.3935,1.4233,1.5419,1.5797,1.6176,1.6562,1.6947,1.7334,1.772,1.8107,1.8493,1.888
4.3398,4.362,4.4323,4.5686,4.5371,3.9983,3.4596,2.9209,2.3823,1.8436,5.7689,5.9171,6.0438,6.0621,5.979,5.8863,5.7772,5.6678,5.5564,5.4451,5.3335,5.2219,5.1103,4.9987,4.887
3.0741,3.0898,3.1396,3.2362,3.339,3.4618,3.5847,3.71,3.8353,3.9608,4.0864,4.1914,4.2811,4.2941,4.2352,4.1695,1.9262,2.4954,3.0646,3.6337,3.778,3.6989,3.6199,3.5408,3.4617
1.9472,1.94,1.9172,1.8729,1.8258,1.7695,1.7132,1.6558,1.5984,1.5409,1.4833,1.4352,0.5634,1.3881,1.4151,1.4452,1.4806,1.5161,1.5523,1.5884,1.6246,1.6609,1.6971,1.7333,1.7696
1.3859,1.393,1.4155,1.459,1.5054,1.5608,1.6162,1.6727,1.7291,1.7857,1.8424,1.8897,0.8295,1.936,1.9095,1.8798,1.845,1.8101,1.7745,1.7389,1.7033,1.6677,1.632,1.5964,1.5607
3.9022,3.8877,3.842,3.7533,3.6589,3.5461,3.4333,3.3182,3.2032,3.0879,2.9726,2.8762,2.7938,2.7819,0.8047,1.3867,1.9685,2.5502,3.1108,3.1832,3.2558,3.3284,3.401,3.4736,3.5462
5.4613,5.4613,5.4613,5.021,4.4873,3.9545,3.4216,2.8889,2.3561,1.8234,1.3019,5.1235,4.9767,4.9555,5.0518,5.1592,5.2856,5.4124,5.5414,5.6705,5.7998,5.9291,6.0584,6.1877,6.3171
1.545,1.5529,1.5779,1.6265,1.6782,1.7399,1.8016,1.8646,1.9276,1.9907,2.0538,2.1065,2.1516,2.1582,1.3297,2.0956,2.0567,2.0178,1.9781,1.9385,1.8988,1.859,1.8193,1.7796,1.7398
1.8297,1.8229,1.8015,1.7599,1.7156,1.6627,1.6098,1.5559,1.5019,1.4479,1.3938,1.3486,1.31,1.1377,1.3297,1.358,1.3913,1.4246,1.4586,1.4926,1.5266,1.5606,1.5947,1.6287,1.6628
2.1414,2.1524,2.1871,2.2544,2.326,2.4115,2.4971,2.5844,2.6717,2.2219,1.5727,2.9198,2.9823,2.9913,2.9503,2.9046,2.8507,2.7967,2.7418,2.6868,2.6318,2.5767,2.5216,2.4666,2.4115
5.3794,5.3794,5.3794,5.3794,5.3794,5.3794,5.3794,5.3794,5.3794,5.3794,5.3794,5.3794,5.3794,5.3794,5.3794,5.3794,1.7554,2.2742,2.7929,3.3116,3.8304,4.3491,4.8678,5.3865,5.9052
2.4469,2.4378,2.4091,2.3535,2.2943,2.2236,2.1529,2.0807,2.0085,1.9363,1.8469,1.0834,0.3462,1.7444,1.7783,1.8161,1.8606,1.9052,1.9506,1.996,2.0416,2.0871,2.1326,2.1781,2.2237
1.3049,1.3116,1.3328,1.3737,1.4174,1.4695,1.5217,1.5749,1.6281,1.6814,1.7347,1.7792,1.8173,1.8228,1.7978,1.7699,1.7372,1.7043,1.6708,1.6373,1.6037,1.5702,1.5366,1.503,1.4695
2.4458,2.4367,2.4081,2.3525,2.2933,2.2226,2.1519,2.0798,2.0076,1.9354,1.8631,1.8027,1.7511,0.3386,1.0598,1.8153,1.8597,1.9043,1.9498,1.9952,2.0407,2.0861,2.1317,2.1772,2.2227
5.2998,5.2998,5.2998,4.879,4.3605,3.8427,3.3249,2.8072,2.2895,1.7719,10.0,10.0,10.0,10.0,10.0,10.0,10.0,10.0,10.0,10.0,10.0,10.0,10.0,10.0,10.0
2.148,2.159,2.1938,2.2613,2.3331,2.419,2.5048,2.5924,2.6799,2.7676,2.8554,2.9287,2.9914,3.0005,2.9594,1.5539,2.2057,2.8053,2.7502,2.6951,2.6399,2.5846,2.5294,2.4741,2.4189
1.8341,1.8273,1.8058,1.7641,1.7197,1.6667,1.6137,1.5596,1.5055,1.4513,1.3971,1.3518,1.2363,1.3075,1.3329,1.3613,1.3946,1.428,1.4621,1.4961,1.5303,1.5644,1.5985,1.6326,1.6667
1.5482,1.5561,1.5812,1.6298,1.6816,1.7435,1.8053,1.8685,1.9316,1.9948,2.058,1.3678,2.1561,2.1626,2.133,2.0999,2.061,2.022,1.9822,1.9425,1.9027,1.8629,1.8231,1.7832,1.7434
5.2226,5.2226,5.2226,5.2226,5.2226,5.2226,5.2226,5.2226,5.2226,5.2226,5.2226,5.1197,4.973,4.9518,5.048,1.2787,1.8152,2.3516,2.888,3.4243,3.9607,4.4971,5.0334,5.5698,6.1062
3.9255,3.9109,3.8649,3.7757,3.6807,3.5673,3.4538,3.1545,2.5728,1.9911,1.4094,0.8268,2.8104,2.7984,2.8528,2.9135,2.9849,3.0565,3.1293,3.2022,3.2752,3.3482,3.4213,3.4943,3.5674
1.3926,1.3997,1.4223,1.466,1.5126,1.5683,1.6239,1.6807,1.7375,1.7943,1.8512,1.8988,1.9394,0.8394,1.9186,1.8889,1.8539,1.8188,1.783,1.7473,1.7115,1.6757,1.6399,1.604,1.5682
1.956,1.9487,1.9258,1.8814,1.834,1.7775,1.7209,1.6633,1.6056,1.5478,1.49,1.4417,1.4004,0.5203,1.4215,1.4517,1.4873,1.523,1.5593,1.5956,1.632,1.6684,1.7048,1.7411,1.7775
3.0838,3.0996,3.1496,3.2465,3.3496,3.4728,3.5961,3.0951,2.5244,1.9536,1.4707,4.2047,4.2947,4.3077,4.2487,4.1828,4.1053,4.0276,3.9484,3.8693,3.79,3.7107,3.6314,3.552,3.4727
4.3813,4.4037,4.4747,4.6123,4.7589,4.9339,5.109,5.1292,5.1292,5.1292,5.1292,5.1292,5.1292,5.1292,5.1292,5.1292,1.8392,2.3827,2.9262,3.4696,4.0131,4.5566,5.1,5.0465,4.9338
2.0926,2.0848,2.0603,2.0128,1.9621,1.9016,1.8411,1.7794,1.7177,1.6559,1.5941,1.4644,0.4314,1.4918,1.5208,1.5531,1.5912,1.6293,1.6682,1.707,1.746,1.7849,1.8238,1.8628,1.9017
1.3408,1.3477,1.3694,1.4116,1.4564,1.51,1.5636,1.6182,1.6729,1.7276,1.7824,1.8282,1.011,1.873,1.8473,1.8187,1.785,1.7512,1.7168,1.6823,1.6479,1.6134,1.5789,1.5444,1.5099
3.1464,3.1348,3.0979,3.0264,2.9503,2.8593,2.7684,2.6756,2.5828,2.4898,2.3969,2.3191,2.2527,2.2431,0.8782,1.5134,2.1482,2.4499,2.5083,2.5667,2.6253,2.6838,2.7423,2.8009,2.8594
5.0568,5.0568,5.0568,4.9186,4.3958,3.8739,3.3519,2.83,2.3081,1.7862,10.0,10.0,10.0,10.0,10.0,10.0,10.0,10.0,10.0,10.0,10.0,10.0,10.0,10.0,10.0
1.7151,1.7239,1.7517,1.8056,1.863,1.9315,2.0,2.0699,2.1399,2.2099,2.28,2.3385,2.3886,2.3958,1.1143,1.9202,2.2832,2.24,2.196,2.152,2.1079,2.0638,2.0197,1.9755,1.9314
1.8141,1.8074,1.7861,1.7449,1.701,1.6486,1.5961,1.5426,1.4891,1.4355,1.3819,1.3371,1.2988,1.2933,1.3184,1.3464,1.3794,1.4125,1.4462,1.4799,1.5136,1.5474,1.5811,1.6149,1.6486
1.8494,1.8589,1.8889,1.947,2.0088,2.0827,2.1566,2.232,2.3074,2.3829,1.7803,1.053,2.5756,2.5834,2.548,2.5085,2.462,2.4154,2.3679,2.3205,2.2729,2.2254,2.1778,2.1302,2.0827
4.9864,4.9864,4.9864,4.9864,4.9864,4.9864,4.9864,4.9864,4.9864,4.9864,4.9864,4.9864,4.9864,4.9864,4.9864,4.9864,1.7612,2.2817,2.8021,3.3226,3.843,4.3634,4.8838,5.4043,5.9247
2.8334,2.8229,2.7897,2.7253,2.6568,2.5749,2.493,2.4094,2.3259,2.2422,1.6349,0.9591,0.4009,2.02,2.0592,2.103,2.1545,2.2062,2.2588,2.3114,2.3641,2.4168,2.4695,2.5222,2.575
1.3248,1.3315,1.353,1.3946,1.4389,1.4919,1.5448,1.5988,1.6528,1.7069,1.761,1.8062,1.8449,1.4861,1.8251,1.7968,1.7635,1.7301,1.6962,1.6622,1.6281,1.594,1.56,1.5259,1.4918
2.2106,2.2025,2.1765,2.1263,2.0728,2.0089,1.945,1.8798,1.8146,1.7493,1.684,1.6294,1.5827,0.3487,1.2614,1.6408,1.6809,1.7213,1.7623,1.8033,1.8445,1.8856,1.9267,1.9678,2.009
4.918,4.918,4.918,4.918,4.4799,3.9479,3.4159,2.8841,2.3522,1.8204,7.9369,8.1408,8.315,8.3403,8.226,8.0984,7.9483,7.7978,7.6446,7.4913,7.3378,7.1843,7.0307,6.8772,6.7236
2.6454,2.659,2.7019,2.7849,2.8734,2.9791,3.0849,3.1927,3.3005,3.4086,3.5166,3.607,3.6842,3.6953,3.6447,1.4301,2.0301,2.63,3.2299,3.3192,3.2512,3.1832,3.1151,3.0471,2.979
1.9075,1.9005,1.8781,1.8347,1.7886,1.7335,1.6783,1.6221,1.5658,1.5095,1.4531,1.406,0.7138,1.3599,1.3863,1.4158,1.4505,1.4852,1.5207,1.5561,1.5915,1.627,1.6625,1.698,1.7335
1.448,1.4554,1.4789,1.5244,1.5728,1.6307,1.6885,1.7476,1.8066,1.8657,1.9249,1.7617,2.0166,2.0227,1.995,1.964,1.9276,1.8911,1.854,1.8168,1.7796,1.7423,1.7051,1.6678,1.6306
4.7032,4.6858,4.6306,4.5238,4.41,4.274,4.138,3.9994,3.8607,3.7217,3.5827,3.4666,3.3673,3.3529,0.7817,1.3471,1.9122,2.4773,3.0423,3.6074,3.9241,4.0116,4.0991,4.1866,4.2742
4.8351,4.8351,4.8351,4.8351,4.6504,4.0982,3.5459,2.9938,2.4417,1.8897,1.3376,0.875,3.8529,3.8365,3.911,3.9942,4.092,4.1902,4.2901,4.39,4.4901,4.5902,4.6903,4.7905,4.8906
1.4871,1.4948,1.5189,1.5656,1.6153,1.6747,1.7342,1.7948,1.8554,1.9161,1.9769,2.0277,2.0711,2.0774,1.549,2.0171,1.9797,1.9422,1.9041,1.8659,1.8277,1.7894,1.7512,1.7129,1.6747
1.8817,1.8747,1.8526,1.8099,1.7643,1.71,1.6556,1.6001,1.5446,1.489,1.4334,1.3869,1.3472,0.7844,1.3675,1.3966,1.4308,1.4651,1.5,1.535,1.57,1.605,1.64,1.675,1.71
2.4328,2.4452,2.4847,2.5611,2.6424,2.7396,2.8369,2.936,2.7357,2.1171,1.4986,3.317,3.388,3.3983,3.3517,3.2997,3.2386,3.1772,3.1148,3.0524,2.9898,2.9273,2.8647,2.8021,2.7396
4.7707,4.7707,4.7707,4.7707,4.7707,4.7707,4.7707,4.7707,4.7707,4.7707,4.7707,4.7707,4.7707,4.7707,4.7707,1.3631,1.792,2.3216,2.8511,3.3807,3.9102,4.4397,4.9693,5.4988,6.0283
2.3048,2.2963,2.2693,2.2169,2.1611,2.0945,2.0279,1.9599,1.8919,1.8238,1.7557,1.2071,0.3556,1.6431,1.675,1.7107,1.7526,1.7946,1.8374,1.8802,1.923,1.9659,2.0088,2.0517,2.0946
1.3225,1.3293,1.3508,1.3923,1.4365,1.4894,1.5422,1.5961,1.6501,1.7041,1.7581,1.8032,1.8418,1.8474,1.8221,1.7939,1.7606,1.7273,1.6933,1.6594,1.6254,1.5914,1.5574,1.5233,1.4893
2.6824,2.6725,2.641,2.5801,2.5152,2.4376,2.3601,2.281,2.2019,2.1226,2.0434,1.9771,1.9205,0.3713,0.9851,1.6976,2.0397,2.0886,2.1384,2.1882,2.2381,2.288,2.3379,2.3878,2.4377
4.708,4.708,4.708,4.708,4.3878,3.8668,3.3458,2.8248,2.3039,1.783,1.3452,10.0,10.0,10.0,10.0,10.0,10.0,10.0,10.0,10.0,10.0,10.0,10.0,10.0,10.0
1.9648,1.9749,2.0067,2.0684,2.1342,2.2127,2.2912,2.3713,2.4514,2.5316,2.6119,2.679,2.7363,2.7446,2.707,1.6818,2.3874,2.5661,2.5157,2.4653,2.4147,2.3642,2.3137,2.2631,2.2126
1.8323,1.8255,1.804,1.7624,1.718,1.6651,1.6121,1.5581,1.504,1.4499,1.3958,1.3505,1.3118,1.3062,1.3316,1.3599,1.3932,1.4267,1.4607,1.4947,1.5288,1.5629,1.5969,1.631,1.6651
1.6567,1.6652,1.692,1.7441,1.7995,1.8657,1.9319,1.9994,2.0669,2.1346,2.091,1.2267,2.3072,2.3142,2.2825,2.2471,2.2054,2.1637,2.1212,2.0786,2.036,1.9934,1.9508,1.9082,1.8656
4.647,4.647,4.647,4.647,4.647,4.647,4.647,4.647,4.647,4.647,4.647,4.647,4.647,4.647,4.647,1.3277,1.8,2.332,2.8639,3.3958,3.9277,4.4596,4.9915,5.5234,6.0553
3.4317,3.419,3.3787,3.3007,3.2177,3.1185,3.0193,2.9181,2.7255,2.1093,1.493,0.8758,2.4569,2.4464,2.4939,2.547,2.6094,2.672,2.7357,2.7994,2.8632,2.9271,2.9909,3.0548,3.1186
1.3704,1.3774,1.3996,1.4427,1.4885,1.5433,1.598,1.6539,1.7098,1.7657,1.8217,1.8685,1.9085,0.826,1.8881,1.8588,1.8243,1.7898,1.7546,1.7194,1.6842,1.649,1.6137,1.5785,1.5432
2.0533,2.0457,2.0217,1.975,1.9253,1.866,1.8066,1.7461,1.6855,1.6248,1.5642,1.5134,1.4701,0.4393,1.4923,1.524,1.5613,1.5988,1.6369,1.675,1.7132,1.7514,1.7896,1.8278,1.866
3.7985,3.8179,3.8795,3.9988,4.1258,4.1354,3.5782,3.0211,2.464,1.9068,1.3497,5.1791,5.2899,5.306,5.2333,5.1521,5.0566,4.9609,4.8634,4.7659,4.6682,4.5706,4.4729,4.3752,4.2775
3.513,3.531,3.5879,3.6983,3.8158,3.9561,4.0965,4.2397,4.3829,4.5264,4.5729,4.5729,4.5729,4.5729,4.5729,1.3488,1.9146,2.4804,3.0462,3.6119,4.1777,4.2271,4.1367,4.0464,3.956
2.0247,2.0172,1.9934,1.9474,1.8984,1.8399,1.7814,1.7217,1.662,1.6022,1.5423,1.4923,0.5103,1.4434,1.4714,1.5027,1.5395,1.5765,1.6141,1.6516,1.6893,1.727,1.7646,1.8023,1.84
1.3849,1.392,1.4144,1.4579,1.5043,1.5596,1.615,1.6714,1.7279,1.7844,1.841,1.8883,0.8289,1.9345,1.908,1.8784,1.8436,1.8087,1.7732,1.7376,1.702,1.6664,1.6308,1.5952,1.5596
3.6167,3.6033,3.5609,3.4787,3.3912,3.2866,3.1821,3.0754,2.9688,2.8619,2.755,2.6657,2.5894,2.5783,0.8415,1.4502,2.0586,2.6669,2.8832,2.9503,3.0176,3.0848,3.1521,3.2194,3.2867
4.5153,4.5153,4.5153,4.5153,4.5064,3.9713,3.4361,2.9011,2.3661,1.8311,1.2962,6.4442,6.2596,6.2329,6.354,6.4891,6.6481,6.8075,6.9698,7.1321,7.2948,7.4574,7.6201,7.7828,7.9454
1.6259,1.6342,1.6606,1.7116,1.766,1.831,1.896,1.9622,2.0285,2.0949,2.1613,2.2168,2.2643,2.2712,1.2532,2.1596,2.1644,2.1234,2.0817,2.04,1.9982,1.9564,1.9146,1.8727,1.8309
1.8462,1.8394,1.8178,1.7758,1.7311,1.6778,1.6244,1.57,1.5155,1.461,1.4064,1.3608,1.3218,1.3162,1.3418,1.3703,1.4039,1.4375,1.4718,1.5061,1.5404,1.5748,1.6091,1.6435,1.6778
2.0443,2.0547,2.0879,2.1521,2.2205,2.3021,2.3838,2.4672,2.5505,2.3548,1.6668,2.7873,2.847,2.8556,2.8165,2.7728,2.7214,2.6699,2.6174,2.5649,2.5124,2.4598,2.4072,2.3546,2.3021
4.4591,4.4591,4.4591,4.4591,4.4591,4.4591,4.4591,4.4591,4.4591,4.4591,4.4591,4.4591,4.4591,4.4591,4.4591,1.274,1.7796,2.3055,2.8314,3.3572,3.8831,4.409,4.9348,5.4607,5.9866
2.6144,2.6047,2.5741,2.5147,2.4514,2.3758,2.3002,2.2231,2.1461,2.0688,1.7815,1.0451,0.3699,1.8638,1.9,1.9404,1.9879,2.0356,2.0842,2.1327,2.1813,2.23,2.2786,2.3273,2.3759
1.329,1.3358,1.3574,1.3991,1.4436,1.4966,1.5498,1.6039,1.6581,1.7124,1.7667,1.8121,1.8508,1.8565,1.831,1.8026,1.7692,1.7357,1.7016,1.6675,1.6333,1.5992,1.565,1.5308,1.4966
2.3797,2.3709,2.343,2.2889,2.2313,2.1625,2.0937,2.0236,1.9534,1.8831,1.8128,1.754,1.7037,0.3294,1.1433,1.7662,1.8095,1.8529,1.8971,1.9412,1.9855,2.0298,2.074,2.1183,2.1626
4.4043,4.4043,4.4043,4.4043,4.4043,3.9318,3.402,2.8723,2.3426,1.8129,1.2833,10.0,10.0,10.0,10.0,10.0,10.0,10.0,10.0,10.0,10.0,10.0,10.0,10.0,10.0
2.3446,2.3566,2.3946,2.4682,2.5467,2.6403,2.734,2.8296,2.9252,3.0209,3.1167,3.1968,3.2652,3.2751,3.2302,1.5232,2.1622,2.8011,3.0019,2.9417,2.8814,2.8212,2.7609,2.7005,2.6402
1.8855,1.8785,1.8564,1.8135,1.7679,1.7134,1.6589,1.6033,1.5477,1.492,1.4363,1.3897,0.9777,1.3442,1.3703,1.3994,1.4337,1.4681,1.5031,1.5381,1.5732,1.6082,1.6433,1.6784,1.7135
1.5276,1.5354,1.5602,1.6082,1.6593,1.7203,1.7814,1.8436,1.9059,1.9683,2.0307,1.5154,2.1274,2.1339,2.1047,2.072,2.0336,1.9951,1.9559,1.9167,1.8774,1.8381,1.7988,1.7596,1.7203
4.3508,4.3508,4.3508,4.3508,4.3508,4.3508,4.3508,4.3508,4.3508,4.3508,4.3508,4.3508,4.2585,4.2403,4.3227,1.321,1.8752,2.4294,2.9835,3.5376,4.0917,4.6458,5.1841,5.2948,5.4054
4.3377,4.3377,4.3377,4.2678,4.1605,4.0322,3.7086,3.1311,2.5537,1.9763,1.3989,0.8206,3.1768,3.1632,3.2247,3.2933,3.3739,3.4548,3.5372,3.6196,3.7021,3.7847,3.8672,3.9498,4.0323
1.4461,1.4535,1.4769,1.5224,1.5707,1.6285,1.6863,1.7452,1.8042,1.8632,1.9223,1.9717,2.0139,2.02,1.8656,1.9614,1.9251,1.8886,1.8515,1.8144,1.7772,1.74,1.7028,1.6656,1.6285
1.9521,1.9449,1.922,1.8776,1.8304,1.774,1.7175,1.66,1.6024,1.5447,1.4871,1.4388,1.3976,0.6053,1.4187,1.4489,1.4844,1.52,1.5562,1.5924,1.6288,1.6651,1.7014,1.7377,1.774
2.8337,2.8482,2.8941,2.9831,3.0779,3.1911,3.3043,3.2318,2.6358,2.0398,1.4439,3.8636,3.9463,3.9582,3.904,3.8434,3.7722,3.7008,3.6281,3.5554,3.4825,3.4096,3.3368,3.2639,3.191
4.2858,4.2858,4.2858,4.2858,4.2858,4.2858,4.2858,4.2858,4.2858,4.2858,4.2858,4.2858,4.2858,4.2858,4.2858,1.2997,1.8449,2.3902,2.9353,3.4805,4.0257,4.5709,5.116,5.6612,6.0101
2.1981,2.19,2.1642,2.1143,2.0611,1.9975,1.934,1.8692,1.8044,1.7394,1.6745,1.3718,0.4041,1.567,1.5975,1.6315,1.6714,1.7115,1.7523,1.7931,1.834,1.8749,1.9158,1.9567,1.9976
1.3516,1.3585,1.3804,1.4229,1.4681,1.5221,1.5761,1.6312,1.6863,1.7415,1.7967,1.8429,1.344,1.888,1.8622,1.8333,1.7993,1.7652,1.7306,1.6959,1.6611,1.6264,1.5916,1.5568,1.5221
2.9903,2.9792,2.9442,2.8762,2.8039,2.7174,2.631,2.5428,2.4546,2.3663,2.2779,2.204,2.1409,2.1318,0.9286,1.6003,2.2717,2.3283,2.3838,2.4393,2.495,2.5506,2.6062,2.6619,2.7175
4.2352,4.2352,4.2352,4.2352,4.2352,3.9234,3.3948,2.8662,2.3376,1.8091,1.2805,10.0,10.0,10.0,10.0,10.0,10.0,10.0,10.0,10.0,10.0,10.0,10.0,10.0,10.0
1.8275,1.8369,1.8665,1.9239,1.985,2.058,2.1311,2.2056,2.2801,2.3547,2.4293,2.4917,2.5451,2.5528,1.0711,1.8459,2.4328,2.3868,2.3399,2.293,2.246,2.199,2.152,2.105,2.058
1.8459,1.839,1.8174,1.7754,1.7308,1.6774,1.6241,1.5696,1.5152,1.4607,1.4061,1.3605,1.3215,1.3159,1.3415,1.37,1.4036,1.4372,1.4715,1.5058,1.5401,1.5744,1.6088,1.6431,1.6775
1.7946,1.8038,1.8329,1.8893,1.9493,2.021,2.0928,2.1659,2.2391,2.3123,1.9138,1.1227,2.4993,2.5069,2.4725,2.4342,2.3891,2.3438,2.2978,2.2517,2.2056,2.1594,2.1133,2.0671,2.021
4.1857,4.1857,4.1857,4.1857,4.1857,4.1857,4.1857,4.1857,4.1857,4.1857,4.1857,4.1857,4.1857,4.1857,4.1857,1.2683,1.8003,2.3324,2.8644,3.3963,3.9283,4.4603,4.9923,5.5243,6.0563
3.0785,3.0671,3.031,2.961,2.8865,2.7976,2.7086,2.6178,2.527,2.2592,1.5992,0.9381,2.204,2.1946,2.2373,2.2849,2.3408,2.397,2.4541,2.5113,2.5685,2.6258,2.6831,2.7404,2.7976
1.3605,1.3675,1.3895,1.4323,1.4778,1.5321,1.5865,1.642,1.6974,1.753,1.8086,1.855,1.8947,1.0995,1.8744,1.8454,1.8112,1.7769,1.7419,1.707,1.6721,1.6371,1.6021,1.5671,1.5321
2.1774,2.1694,2.1439,2.0944,2.0417,1.9788,1.9158,1.8516,1.7874,1.7231,1.6587,1.6049,1.5589,0.384,1.3887,1.6161,1.6557,1.6954,1.7358,1.7763,1.8168,1.8573,1.8978,1.9383,1.9788
4.1374,4.1374,4.1374,4.1374,4.1374,4.074,3.5251,2.9762,2.4274,1.8785,1.3297,6.7694,6.9143,6.9352,6.8402,6.7341,6.6093,6.4841,6.3567,6.2293,6.1017,5.974,5.8463,5.7186,5.5909
2.9634,2.9786,3.0266,3.1197,3.2188,3.3372,3.4557,3.5765,3.6973,3.8183,3.9394,4.0405,4.1255,4.1255,4.0828,1.4174,2.012,2.6066,3.2012,3.7182,3.642,3.5658,3.4896,3.4134,3.3371
1.9784,1.9711,1.9479,1.9029,1.855,1.7979,1.7406,1.6823,1.624,1.5655,1.5071,1.4582,0.6278,1.4104,1.4378,1.4684,1.5043,1.5404,1.5771,1.6139,1.6507,1.6875,1.7243,1.7611,1.7979
1.4433,1.4507,1.4741,1.5194,1.5677,1.6254,1.683,1.7419,1.8007,1.8597,1.9186,1.9679,0.8639,2.0161,1.9885,1.9576,1.9214,1.885,1.8479,1.8109,1.7738,1.7367,1.6996,1.6624,1.6253
4.0902,4.0902,4.0902,4.0902,4.0104,3.8868,3.7632,3.637,3.5109,3.3846,3.2582,3.1525,3.0622,3.0491,0.8151,1.4046,1.9938,2.583,3.1722,3.4891,3.5686,3.6482,3.7278,3.8073,3.8869
4.0785,4.0785,4.0785,4.0785,4.0785,4.0785,3.5531,2.9999,2.4467,1.8935,1.3403,4.7196,4.5844,4.5648,4.6535,4.7525,4.8689,4.9857,5.1046,5.2234,5.3425,5.4617,5.5808,5.6999,5.8191
1.5596,1.5676,1.5928,1.6418,1.694,1.7563,1.8186,1.8822,1.9458,2.0095,2.0732,2.1264,2.1719,2.1785,1.4407,2.1153,2.0762,2.0368,1.9968,1.9568,1.9167,1.8766,1.8365,1.7964,1.7562
1.8949,1.8878,1.8656,1.8226,1.7767,1.722,1.6672,1.6113,1.5554,1.4994,1.4434,1.3966,1.3566,0.9936,1.3771,1.4064,1.4408,1.4754,1.5106,1.5457,1.581,1.6162,1.6515,1.6867,1.722
2.3003,2.312,2.3493,2.4216,2.4985,2.5904,2.6824,2.7761,2.8699,2.2343,1.5816,3.1363,3.2035,3.2132,3.1692,3.12,3.0622,3.0042,2.9452,2.8861,2.827,2.7678,2.7087,2.6495,2.5903
4.0326,4.0326,4.0326,4.0326,4.0326,4.0326,4.0326,4.0326,4.0326,4.0326,4.0326,4.0326,4.0326,4.0326,4.0326,1.2774,1.8132,2.3491,2.8849,3.4207,3.9565,4.4923,5.0281,5.5639,6.0997
2.4498,2.4408,2.412,2.3564,2.2971,2.2263,2.1555,2.0832,2.011,1.9386,1.8662,1.156,0.3466,1.7465,1.7804,1.8183,1.8628,1.9075,1.953,1.9985,2.044,2.0896,2.1352,2.1808,2.2263
1.3445,1.3514,1.3731,1.4154,1.4603,1.5141,1.5678,1.6226,1.6774,1.7323,1.7872,1.8331,1.8724,1.8781,1.8523,1.8236,1.7898,1.7559,1.7214,1.6869,1.6523,1.6178,1.5832,1.5486,1.514
2.5952,2.5856,2.5552,2.4962,2.4334,2.3584,2.2834,2.2069,2.1303,2.0537,1.977,1.9129,1.8581,0.3593,1.0557,1.8192,1.9734,2.0207,2.0689,2.1171,2.1653,2.2136,2.2619,2.3102,2.3585
3.9878,3.9878,3.9878,3.9878,3.9878,3.9491,3.417,2.8849,2.3529,1.8209,1.2889,9.6846,9.6846,9.6846,9.6846,9.6846,9.6846,9.6846,9.6846,9.6846,9.6846,9.6846,9.6846,9.6846,9.6846
2.1262,2.1371,2.1716,2.2383,2.3095,2.3944,2.4794,2.5661,2.6527,2.7396,2.8264,2.899,2.9611,2.97,2.9293,1.6412,2.3297,2.7769,2.7223,2.6677,2.6131,2.5584,2.5037,2.449,2.3943
1.88,1.873,1.851,1.8083,1.7628,1.7084,1.6541,1.5987,1.5432,1.4877,1.4321,1.3857,1.346,1.3402,1.3663,1.3953,1.4295,1.4638,1.4987,1.5336,1.5686,1.6036,1.6385,1.6735,1.7085
1.6287,1.6371,1.6635,1.7146,1.7691,1.8342,1.8993,1.9657,2.032,2.0986,2.1651,1.3433,2.2682,2.2751,2.2439,2.2091,2.1682,2.1271,2.0853,2.0435,2.0017,1.9598,1.9179,1.876,1.8341
3.9439,3.9439,3.9439,3.9439,3.9439,3.9439,3.9439,3.9439,3.9439,3.9439,3.9439,3.9439,3.9439,3.9439,3.9439,1.3073,1.8557,2.4041,2.9524,3.5008,4.0491,4.5975,5.1458,5.6942,6.2425
3.8154,3.8013,3.7565,3.6698,3.5775,3.4672,3.3569,3.2444,2.6971,2.0873,1.4774,0.8667,2.7316,2.72,2.7728,2.8318,2.9012,2.9708,3.0416,3.1124,3.1834,3.2544,3.3253,3.3963,3.4673
1.4197,1.427,1.45,1.4946,1.5421,1.5988,1.6556,1.7134,1.7713,1.8293,1.8873,1.9358,1.9772,0.8558,1.956,1.9257,1.89,1.8542,1.8178,1.7813,1.7448,1.7083,1.6718,1.6353,1.5988
2.044,2.0364,2.0124,1.966,1.9165,1.8575,1.7984,1.7381,1.6778,1.6174,1.557,1.5065,1.4634,0.4984,1.4854,1.517,1.5542,1.5915,1.6294,1.6674,1.7054,1.7434,1.7814,1.8195,1.8575
3.4109,3.4283,3.4836,3.5908,3.7048,3.8411,3.7262,3.1461,2.5659,1.9857,1.4056,4.6506,4.7502,4.7646,4.6993,4.6264,4.5407,4.4547,4.3671,4.2796,4.1919,4.1042,4.0165,3.9287,3.841
3.8904,3.8904,3.8904,3.8904,3.8904,3.8904,3.8904,3.8904,3.8904,3.8904,3.8904,3.8904,3.8904,3.8904,3.8904,1.35,1.9163,2.4826,3.0488,3.6151,4.1813,4.7476,4.8345,4.7289,4.6233
2.1202,2.1123,2.0875,2.0393,1.988,1.9267,1.8654,1.8029,1.7404,1.6777,1.6151,1.5627,0.4707,1.5115,1.5408,1.5736,1.6121,1.6508,1.6902,1.7295,1.769,1.8084,1.8478,1.8873,1.9267
1.3932,1.4003,1.4229,1.4667,1.5133,1.569,1.6246,1.6814,1.7382,1.7951,1.852,1.8996,0.9119,1.9461,1.9195,1.8897,1.8547,1.8196,1.7838,1.7481,1.7122,1.6764,1.6406,1.6047,1.5689
3.3996,3.387,3.3472,3.2699,3.1877,3.0894,2.9911,2.8909,2.7906,2.6902,2.5897,2.5057,2.434,2.4236,0.8866,1.5278,2.1687,2.647,2.7101,2.7733,2.8365,2.8997,2.963,3.0262,3.0895
3.8486,3.8486,3.8486,3.8486,3.8486,3.8486,3.4736,2.9328,2.3919,1.8511,1.3103,8.6512,8.4033,8.3675,8.53,8.7115,8.9249,9.1389,9.3466,9.3466,9.3466,9.3466,9.3466,9.3466,9.3466
1.7244,1.7333,1.7612,1.8154,1.8731,1.942,2.0109,2.0812,2.1515,2.2219,2.2923,2.3512,2.4016,2.4088,1.1949,2.0592,2.2956,2.2522,2.2079,2.1636,2.1193,2.075,2.0306,1.9863,1.9419
1.8752,1.8683,1.8463,1.8037,1.7583,1.7041,1.6499,1.5946,1.5393,1.4839,1.4285,1.3822,1.3426,1.3368,1.3628,1.3918,1.4259,1.4601,1.4949,1.5297,1.5646,1.5995,1.6344,1.6693,1.7041
1.9714,1.9815,2.0134,2.0753,2.1413,2.22,2.2988,2.3792,2.4596,2.5168,1.7815,1.0908,2.7454,2.7538,2.716,2.6739,2.6244,2.5747,2.5241,2.4735,2.4228,2.3721,2.3214,2.2707,2.22
3.8077,3.8077,3.8077,3.8077,3.8077,3.8077,3.8077,3.8077,3.8077,3.8077,3.8077,3.8077,3.8077,3.8077,3.8077,1.2793,1.8159,2.3526,2.8892,3.4258,3.9623,4.4989,5.0355,5.5721,6.1087
2.8193,2.8088,2.7758,2.7117,2.6435,2.562,2.4805,2.3974,2.3142,2.231,1.734,1.0172,0.3989,2.0099,2.0489,2.0925,2.1437,2.1952,2.2475,2.2998,2.3523,2.4047,2.4572,2.5096,2.5621
1.3624,1.3694,1.3915,1.4343,1.4798,1.5343,1.5887,1.6443,1.6998,1.7554,1.8111,1.8576,1.8974,1.9031,1.8771,1.8479,1.8137,1.7794,1.7444,1.7094,1.6744,1.6394,1.6043,1.5693,1.5342
2.3347,2.3261,2.2987,2.2457,2.1892,2.1217,2.0542,1.9853,1.9165,1.8475,1.7785,1.7209,1.6716,0.3446,1.2463,1.7329,1.7753,1.8179,1.8612,1.9046,1.948,1.9914,2.0349,2.0783,2.1217
3.7677,3.7677,3.7677,3.7677,3.7677,3.7677,3.5039,2.9584,2.4128,1.8673,1.3217,9.1501,9.1501,9.1501,9.1501,9.1501,9.1501,9.1501,9.1501,8.9993,8.8149,8.6305,8.446,8.2615,8.077
2.5903,2.6036,2.6455,2.7269,2.8136,2.917,3.0206,3.1262,3.2317,3.3375,3.4433,3.5318,3.6074,3.6183,3.5687,1.5048,2.1361,2.7673,3.3165,3.25,3.1834,3.1168,3.0502,2.9836,2.9169
1.9514,1.9442,1.9213,1.8769,1.8297,1.7733,1.7169,1.6593,1.6018,1.5442,1.4865,1.4383,0.8185,1.3911,1.4182,1.4483,1.4838,1.5194,1.5556,1.5918,1.6281,1.6644,1.7007,1.7371,1.7734
1.5186,1.5263,1.5509,1.5986,1.6494,1.7101,1.7708,1.8327,1.8946,1.9566,2.0186,1.704,2.1148,2.1212,2.0922,2.0597,2.0215,1.9833,1.9443,1.9053,1.8663,1.8272,1.7882,1.7491,1.71
3.7285,3.7285,3.7285,3.7285,3.7285,3.7285,3.7285,3.7285,3.7285,3.7285,3.7285,3.7285,3.7285,3.7285,0.8005,1.3741,1.9506,2.527,3.1034,3.6798,4.2561,4.4842,4.582,4.6798,4.7776
3.7188,3.7188,3.7188,3.7188,3.7188,3.7188,3.7074,3.1302,2.553,1.9757,1.3985,0.8314,3.6607,3.6451,3.7159,3.795,3.8879,3.9812,4.0761,4.171,4.2661,4.3612,4.4564,4.5515,4.6466
1.5123,1.52,1.5445,1.592,1.6426,1.7031,1.7635,1.8251,1.8868,1.9485,2.0103,2.062,2.1061,2.1125,1.7036,2.0512,2.0132,1.9751,1.9363,1.8975,1.8586,1.8197,1.7808,1.7419,1.703
1.9618,1.9545,1.9315,1.887,1.8395,1.7828,1.7261,1.6682,1.6104,1.5524,1.4944,1.446,1.4046,0.724,1.4257,1.4561,1.4917,1.5275,1.5639,1.6004,1.6368,1.6733,1.7098,1.7463,1.7828
2.6454,2.659,2.7018,2.7849,2.8734,2.9791,3.0848,3.1927,2.7725,2.1456,1.5187,3.6069,3.6842,3.6953,3.6447,3.5881,3.5217,3.455,3.3871,3.3192,3.2512,3.1831,3.1151,3.0471,2.979
3.6806,3.6806,3.6806,3.6806,3.6806,3.6806,3.6806,3.6806,3.6806,3.6806,3.6806,3.6806,3.6806,3.6806,3.6806,1.3127,1.8634,2.414,2.9646,3.5153,4.0659,4.6165,5.1671,5.7177,6.2683
2.3269,2.3183,2.291,2.2381,2.1818,2.1146,2.0473,1.9787,1.9101,1.8413,1.7726,1.3016,0.3834,1.6589,1.6911,1.7271,1.7694,1.8118,1.855,1.8982,1.9415,1.9848,2.0281,2.0713,2.1146
1.3717,1.3787,1.4009,1.444,1.4899,1.5447,1.5995,1.6554,1.7113,1.7673,1.8234,1.8702,1.9102,1.916,1.8898,1.8605,1.826,1.7914,1.7562,1.721,1.6857,1.6505,1.6152,1.5799,1.5446
2.8731,2.8624,2.8288,2.7635,2.6939,2.6109,2.5278,2.4431,2.3584,2.2735,2.1886,2.1177,2.057,0.3977,0.9902,1.7063,2.1846,2.237,2.2904,2.3437,2.3972,2.4506,2.5041,2.5575,2.611
3.6432,3.6432,3.6432,3.6432,3.6432,3.6432,3.4612,2.9223,2.3834,1.8445,1.3056,8.8478,8.8478,8.8478,8.8478,8.8478,8.8478,8.8478,8.8478,8.8478,8.8478,8.8478,8.8478,8.8478,8.8478
1.9648,1.9748,2.0067,2.0684,2.1341,2.2126,2.2911,2.3712,2.4513,2.5315,2.6118,2.6789,2.7362,2.7445,1.0397,1.7917,2.5433,2.566,2.5156,2.4652,2.4146,2.3641,2.3136,2.263,2.2125
1.8907,1.8837,1.8616,1.8186,1.7729,1.7182,1.6635,1.6078,1.552,1.4962,1.4403,1.3936,1.3537,1.3479,1.3741,1.4033,1.4377,1.4722,1.5073,1.5424,1.5775,1.6127,1.6479,1.6831,1.7183
1.7568,1.7658,1.7943,1.8495,1.9083,1.9785,2.0487,2.1203,2.1919,2.2636,2.0778,1.2189,2.4467,2.4541,2.4205,2.3829,2.3388,2.2945,2.2494,2.2043,2.1591,2.114,2.0688,2.0236,1.9784
3.6065,3.6065,3.6065,3.6065,3.6065,3.6065,3.6065,3.6065,3.6065,3.6065,3.6065,3.6065,3.6065,3.6065,3.6065,1.3052,1.8527,2.4002,2.9477,3.4952,4.0426,4.5901,5.1376,5.685,6.2325
3.3829,3.3704,3.3307,3.2538,3.172,3.0742,2.9764,2.8766,2.7769,2.228,1.5771,0.9251,2.422,2.4116,2.4585,2.5108,2.5723,2.634,2.6968,2.7596,2.8225,2.8854,2.9484,3.0113,3.0743
1.4068,1.414,1.4368,1.481,1.528,1.5842,1.6405,1.6978,1.7552,1.8126,1.8701,1.9181,1.9592,0.8848,1.9382,1.9081,1.8728,1.8373,1.8012,1.7651,1.7289,1.6927,1.6566,1.6204,1.5842
2.1614,2.1534,2.128,2.0789,2.0266,1.9641,1.9017,1.8379,1.7742,1.7103,1.6465,1.5931,1.5474,0.4285,1.5498,1.6042,1.6435,1.6829,1.723,1.7631,1.8033,1.8436,1.8838,1.924,1.9642
3.5706,3.5706,3.5706,3.5706,3.5706,3.5706,3.5706,3.0927,2.5223,1.952,1.3817,5.8626,5.9881,6.0062,5.9239,5.832,5.724,5.6156,5.5052,5.3949,5.2843,5.1738,5.0632,4.9526,4.842
3.3765,3.3938,3.4485,3.5546,3.5617,3.5617,3.5617,3.5617,3.5617,3.5617,3.5617,3.5617,3.5617,3.5617,3.5617,1.4153,2.009,2.6027,3.1964,3.79,4.1497,4.0628,3.976,3.8891,3.8023
2.0665,2.0589,2.0346,1.9877,1.9377,1.8779,1.8182,1.7573,1.6963,1.6353,1.5742,1.5232,0.5663,1.4732,1.5018,1.5338,1.5713,1.609,1.6474,1.6858,1.7242,1.7626,1.8011,1.8395,1.878
1.449,1.4564,1.4799,1.5254,1.5739,1.6317,1.6897,1.7487,1.8078,1.867,1.9261,1.9756,0.8673,2.024,1.9963,1.9653,1.9289,1.8924,1.8552,1.818,1.7808,1.7435,1.7062,1.669,1.6317
3.5354,3.5354,3.5354,3.5354,3.5354,3.5354,3.4849,3.3681,3.2513,3.1343,3.0172,2.9194,2.8358,2.8237,0.8561,1.4754,2.0943,2.7132,3.1575,3.2311,3.3047,3.3784,3.4521,3.5258,3.5995
3.5267,3.5267,3.5267,3.5267,3.5267,3.5267,3.5267,3.0271,2.4688,1.9106,1.3524,5.8201,5.6534,5.6293,5.7386,5.8607,6.0043,6.1483,6.2949,6.4415,6.5883,6.7352,6.8821,7.0291,7.176
1.6482,1.6566,1.6833,1.7351,1.7902,1.8561,1.9219,1.9891,2.0563,2.1236,2.191,2.2472,2.2953,2.3023,1.3593,2.2355,2.1941,2.1525,2.1102,2.068,2.0256,1.9832,1.9408,1.8984,1.856
1.9214,1.9143,1.8917,1.8481,1.8016,1.746,1.6905,1.6338,1.5772,1.5204,1.4636,1.4162,1.3756,1.348,1.3963,1.426,1.461,1.496,1.5317,1.5674,1.6031,1.6388,1.6746,1.7103,1.7461
2.201,2.2122,2.2479,2.317,2.3906,2.4786,2.5665,2.6563,2.746,2.3773,1.6828,1.0002,3.0652,3.0745,3.0323,2.9853,2.93,2.8745,2.818,2.7615,2.7049,2.6483,2.5917,2.5351,2.4785
3.4923,3.4923,3.4923,3.4923,3.4923,3.4923,3.4923,3.4923,3.4923,3.4923,3.4923,3.4923,3.4923,3.4923,3.4923,1.3014,1.8473,2.3932,2.9391,3.485,4.0308,4.5767,5.1226,5.6685,6.2143
2.6268,2.6171,2.5863,2.5266,2.4631,2.3871,2.3112,2.2337,2.1563,2.0787,1.9067,1.1185,0.3717,1.8727,1.9091,1.9497,1.9974,2.0453,2.0941,2.1429,2.1917,2.2406,2.2895,2.3383,2.3872
1.3761,1.3832,1.4055,1.4487,1.4947,1.5497,1.6047,1.6608,1.7169,1.7731,1.8293,1.8763,1.9164,1.9223,1.8959,1.8665,1.8319,1.7972,1.7619,1.7266,1.6912,1.6558,1.6204,1.585,1.5496
2.5344,2.525,2.4953,2.4377,2.3764,2.3032,2.2299,2.1551,2.0804,2.0055,1.9306,1.868,1.8145,0.3508,1.1422,1.8811,1.9271,1.9734,2.0204,2.0675,2.1146,2.1618,2.2089,2.2561,2.3032
3.4586,3.4586,3.4586,3.4586,3.4586,3.4586,3.4586,2.9666,2.4195,1.8725,1.3254,8.3995,8.3995,8.3995,8.3995,8.3995,8.3995,8.3995,8.3995,8.3995,8.3995,8.3995,8.3995,8.3995,8.3995
2.3258,2.3377,2.3754,2.4484,2.5262,2.6191,2.7121,2.8069,2.9017,2.9967,3.0917,3.1711,3.239,3.2488,0.9858,1.6155,2.2931,2.9708,2.9778,2.9181,2.8583,2.7985,2.7387,2.6789,2.6191
1.9423,1.9351,1.9124,1.8682,1.8212,1.7651,1.7089,1.6517,1.5944,1.537,1.4796,1.4316,1.1754,1.3847,1.4116,1.4416,1.4769,1.5123,1.5484,1.5845,1.6206,1.6567,1.6929,1.729,1.7651
1.6142,1.6225,1.6486,1.6993,1.7533,1.8178,1.8823,1.9481,2.0139,2.0799,2.1458,1.4896,2.248,2.2548,2.2239,2.1894,2.1489,2.1082,2.0668,2.0253,1.9838,1.9423,1.9008,1.8593,1.8178
3.4256,3.4256,3.4256,3.4256,3.4256,3.4256,3.4256,3.4256,3.4256,3.4256,3.4256,3.4256,3.4256,3.4256,3.4256,1.3572,1.9265,2.4959,3.0652,3.6345,4.2037,4.773,5.3423,5.9116,6.2143
3.4174,3.4174,3.4174,3.4174,3.4174,3.4174,3.4174,3.2978,2.6896,2.0815,1.4733,0.8643,3.0838,3.0707,3.1303,3.1969,3.2752,3.3538,3.4337,3.5137,3.5938,3.6739,3.7541,3.8342,3.9144
1.4814,1.489,1.513,1.5596,1.6091,1.6683,1.7275,1.7879,1.8483,1.9088,1.9693,2.0199,2.0631,2.0694,2.041,2.0094,1.9721,1.9348,1.8968,1.8588,1.8207,1.7826,1.7445,1.7064,1.6683
2.0498,2.0422,2.0182,1.9716,1.922,1.8628,1.8035,1.7431,1.6826,1.6221,1.5615,1.5109,1.4676,0.577,1.4897,1.5214,1.5587,1.596,1.6341,1.6722,1.7103,1.7484,1.7865,1.8247,1.8628
3.1282,3.1442,3.1949,3.2931,3.3931,3.3931,3.3931,3.3006,2.6919,2.0832,1.4746,0.9695,4.3565,4.3697,4.3098,4.2429,4.1643,4.0854,4.0052,3.9249,3.8445,3.764,3.6836,3.6031,3.5226
3.3851,3.3851,3.3851,3.3851,3.3851,3.3851,3.3851,3.3851,3.3851,3.3851,3.3851,3.3851,3.3851,3.3851,3.3851,1.361,1.9319,2.5028,3.0737,3.6445,4.2154,4.7863,5.3571,5.6878,5.5608
2.2373,2.229,2.2028,2.1519,2.0978,2.0331,1.9684,1.9025,1.8365,1.7704,1.7043,1.4976,0.4411,1.595,1.6259,1.6605,1.7012,1.742,1.7835,1.8251,1.8667,1.9083,1.9499,1.9916,2.0332
1.4116,1.4188,1.4417,1.486,1.5332,1.5896,1.646,1.7036,1.7611,1.8188,1.8764,1.9246,1.1733,1.9718,1.9448,1.9146,1.8791,1.8435,1.8073,1.7711,1.7348,1.6985,1.6622,1.6259,1.5896
3.2375,3.2255,3.1875,3.114,3.0356,2.9421,2.8485,2.753,2.6575,2.5619,2.4662,2.3862,2.3179,2.308,0.9416,1.6226,2.3033,2.5208,2.5809,2.641,2.7012,2.7614,2.8217,2.8819,2.9422
3.3535,3.3535,3.3535,3.3535,3.3535,3.3535,3.3535,2.9857,2.4351,1.8845,1.3339,8.1441,8.1441,8.1441,8.1441,8.1441,8.1441,8.1441,8.1441,8.1441,8.1441,8.1441,8.1441,8.1441,8.1441
1.8448,1.8542,1.8841,1.9421,2.0038,2.0775,2.1512,2.2264,2.3016,2.377,2.4523,2.5153,2.5692,2.5769,1.1521,1.9855,2.4558,2.4093,2.362,2.3147,2.2672,2.2198,2.1723,2.1249,2.0774
1.918,1.9109,1.8884,1.8448,1.7984,1.743,1.6875,1.631,1.5744,1.5177,1.4611,1.4137,1.3732,1.3673,1.3939,1.4235,1.4584,1.4934,1.529,1.5646,1.6003,1.636,1.6716,1.7073,1.743
1.92,1.9299,1.961,2.0213,2.0855,2.1622,2.239,2.3172,2.3955,2.4739,1.9218,1.1274,2.674,2.6821,2.6453,2.6043,2.556,2.5076,2.4583,2.4091,2.3597,2.3103,2.2609,2.2116,2.1622
3.3224,3.3224,3.3224,3.3224,3.3224,3.3224,3.3224,3.3224,3.3224,3.3224,3.3224,3.3224,3.3224,3.3224,3.3224,1.3146,1.866,2.4174,2.9688,3.5202,4.0716,4.623,5.1744,5.7258,6.2772
3.0718,3.0604,3.0244,2.9546,2.8803,2.7915,2.7027,2.6121,2.5215,2.4063,1.7032,0.9992,0.4346,2.1899,2.2324,2.2799,2.3358,2.3918,2.4488,2.5058,2.563,2.6201,2.6773,2.7344,2.7916
1.4066,1.4138,1.4366,1.4807,1.5278,1.584,1.6402,1.6975,1.7549,1.8123,1.8698,1.9178,1.9589,1.3751,1.9379,1.9078,1.8725,1.837,1.8009,1.7648,1.7286,1.6925,1.6563,1.6201,1.5839
2.3101,2.3016,2.2745,2.222,2.1661,2.0993,2.0325,1.9644,1.8963,1.8281,1.7598,1.7027,1.6539,0.3801,1.3746,1.7146,1.7566,1.7987,1.8416,1.8845,1.9275,1.9704,2.0134,2.0564,2.0994
3.2918,3.2918,3.2918,3.2918,3.2918,3.2918,3.2918,3.0689,2.5029,1.937,1.3711,7.9375,7.9945,7.9945,7.9945,7.8961,7.7498,7.603,7.4536,7.3042,7.1545,7.0048,6.8551,6.7054,6.5556
2.9021,2.9169,2.964,3.0551,3.1522,3.2682,3.2843,3.2843,3.2843,3.2843,3.2843,3.2843,3.2843,3.2843,0.9384,1.4987,2.1273,2.756,3.3846,3.6412,3.5666,3.492,3.4173,3.3427,3.2681
2.0343,2.0268,2.0029,1.9567,1.9075,1.8487,1.7899,1.7299,1.6699,1.6098,1.5497,1.4994,0.713,1.4503,1.4784,1.5099,1.5469,1.584,1.6217,1.6595,1.6974,1.7352,1.773,1.8109,1.8488
1.5213,1.529,1.5537,1.6015,1.6524,1.7131,1.7739,1.836,1.898,1.9601,2.0222,1.95,2.1186,2.125,2.0959,2.0634,2.0251,1.9868,1.9477,1.9087,1.8696,1.8305,1.7913,1.7522,1.7131
3.2619,3.2619,3.2619,3.2619,3.2619,3.2619,3.2619,3.2619,3.2619,3.2619,3.2619,3.2619,3.2619,3.2619,0.8356,1.4401,2.0442,2.6482,3.2523,3.8563,3.9755,4.0641,4.1528,4.2415,4.3301
3.2545,3.2545,3.2545,3.2545,3.2545,3.2545,3.2545,3.1528,2.5714,1.99,1.4086,0.9299,4.3208,4.3024,4.3859,4.4792,4.5889,4.699,4.8111,4.9231,5.0354,5.1476,5.2599,5.3722,5.4845
1.5938,1.6019,1.6278,1.6778,1.7312,1.7948,1.8585,1.9235,1.9885,2.0535,2.1187,2.1731,2.2196,2.2263,1.5843,2.1617,2.1217,2.0815,2.0406,1.9997,1.9587,1.9177,1.8768,1.8358,1.7948
1.9861,1.9787,1.9555,1.9103,1.8623,1.8049,1.7474,1.6889,1.6303,1.5716,1.5129,1.4639,1.422,0.8988,1.4434,1.4741,1.5102,1.5464,1.5833,1.6202,1.6571,1.6941,1.731,1.768,1.8049
2.5056,2.5184,2.559,2.6377,2.7215,2.8216,2.9218,3.0239,2.9399,2.2751,1.6104,0.9447,3.4894,3.5,3.452,3.3984,3.3355,3.2723,3.208,3.1437,3.0793,3.0149,2.9504,2.886,2.8215
3.2252,3.2252,3.2252,3.2252,3.2252,3.2252,3.2252,3.2252,3.2252,3.2252,3.2252,3.2252,3.2252,3.2252,3.2252,1.3354,1.8956,2.4558,3.016,3.5762,4.1363,4.6965,5.2566,5.8168,6.3769
2.4844,2.4752,2.446,2.3896,2.3295,2.2577,2.1858,2.1126,2.0393,1.9659,1.8925,1.25,0.3682,1.7711,1.8055,1.8439,1.8891,1.9344,1.9805,2.0266,2.0728,2.119,2.1653,2.2115,2.2577
1.402,1.4092,1.4319,1.476,1.5229,1.5789,1.6349,1.6921,1.7492,1.8065,1.8638,1.9116,1.9526,1.9585,1.9316,1.9017,1.8664,1.8311,1.7951,1.7591,1.7231,1.687,1.651,1.6149,1.5788
2.79,2.7797,2.747,2.6836,2.616,2.5354,2.4547,2.3725,2.2902,2.2078,2.1253,2.0564,1.9975,0.3862,1.0654,1.836,2.1215,2.1724,2.2241,2.2759,2.3278,2.3797,2.4316,2.4836,2.5355
3.1964,3.1964,3.1964,3.1964,3.1964,3.1964,3.1964,3.001,2.4476,1.8942,1.3408,7.7628,7.7628,7.7628,7.7628,7.7628,7.7628,7.7628,7.7628,7.7628,7.7628,7.7628,7.7628,7.7628,7.7628
2.1335,2.1445,2.179,2.2461,2.3174,2.4027,2.4879,2.5749,2.6619,2.749,2.8362,2.909,2.9713,2.9803,1.0189,1.7559,2.4925,2.7864,2.7317,2.6769,2.6221,2.5672,2.5123,2.4575,2.4026
1.9507,1.9435,1.9206,1.8763,1.8291,1.7727,1.7163,1.6588,1.6013,1.5436,1.486,1.4378,1.3966,1.3907,1.4177,1.4478,1.4833,1.5189,1.5551,1.5913,1.6276,1.6639,1.7002,1.7365,1.7728
1.7353,1.7442,1.7723,1.8268,1.8848,1.9542,2.0235,2.0942,2.165,2.2358,2.2814,1.3383,2.4166,2.424,2.3907,2.3536,2.31,2.2663,2.2218,2.1772,2.1326,2.088,2.0434,1.9987,1.9541
3.1682,3.1682,3.1682,3.1682,3.1682,3.1682,3.1682,3.1682,3.1682,3.1682,3.1682,3.1682,3.1682,3.1682,3.1682,1.353,1.9206,2.4881,3.0556,3.6232,4.1907,4.7582,5.3257,5.8932,6.4607
3.1612,3.1612,3.1612,3.1612,3.1612,3.1612,3.1612,3.1612,2.8631,2.2158,1.5684,0.9201,2.6963,2.6848,2.737,2.7952,2.8637,2.9324,3.0023,3.0722,3.1423,3.2123,3.2824,3.3525,3.4225
1.4654,1.4729,1.4967,1.5427,1.5917,1.6503,1.7089,1.7686,1.8283,1.8882,1.948,1.9981,2.0408,0.8833,2.019,1.9877,1.9508,1.9139,1.8763,1.8387,1.801,1.7633,1.7256,1.6879,1.6502
2.1628,2.1548,2.1294,2.0803,2.0279,1.9654,1.9029,1.8391,1.7753,1.7114,1.6475,1.5941,1.5484,0.4858,1.5718,1.6052,1.6445,1.684,1.7241,1.7643,1.8045,1.8448,1.885,1.9252,1.9655
3.1404,3.1404,3.1404,3.1404,3.1404,3.1404,3.1404,3.1404,2.6409,2.0438,1.4467,0.8973,5.3478,5.364,5.2905,5.2084,5.1119,5.0151,4.9166,4.818,4.7193,4.6205,4.5218,4.423,4.3242
3.1336,3.1336,3.1336,3.1336,3.1336,3.1336,3.1336,3.1336,3.1336,3.1336,3.1336,3.1336,3.1336,3.1336,0.8953,1.4242,2.0217,2.6191,3.2165,3.8139,4.4113,4.7257,4.6247,4.5237,4.4227
2.1755,2.1674,2.1419,2.0925,2.0398,1.977,1.9141,1.8499,1.7857,1.7215,1.6572,1.6035,0.5217,1.5509,1.581,1.6146,1.6542,1.6939,1.7343,1.7746,1.8151,1.8556,1.896,1.9365,1.977
1.4658,1.4733,1.497,1.5431,1.5921,1.6507,1.7093,1.769,1.8288,1.8886,1.9485,1.9985,0.8773,2.0475,2.0195,1.9881,1.9513,1.9143,1.8767,1.8391,1.8014,1.7637,1.726,1.6883,1.6506
3.1131,3.1131,3.1131,3.1131,3.1131,3.1131,3.1131,3.1131,3.0599,2.9498,2.8396,2.7476,2.6689,2.6575,0.9066,1.5623,2.2177,2.8731,2.9717,3.0409,3.1102,3.1796,3.2489,3.3183,3.3876
3.1064,3.1064,3.1064,3.1064,3.1064,3.1064,3.1064,3.0775,2.5099,1.9424,1.3749,0.8875,7.3363,7.305,7.4469,7.5441,7.5441,7.5441,7.5441,7.5441,7.5441,7.5441,7.5441,7.5441,7.5441
1.7567,1.7657,1.7941,1.8493,1.9081,1.9783,2.0485,2.1201,2.1917,2.2634,2.3352,2.3952,2.4464,2.4539,1.2995,2.2395,2.3385,2.2942,2.2492,2.2041,2.1589,2.1137,2.0686,2.0234,1.9782
1.9628,1.9555,1.9325,1.8879,1.8404,1.7837,1.7269,1.669,1.6111,1.5532,1.4952,1.4467,1.4052,1.3992,1.4264,1.4568,1.4924,1.5282,1.5647,1.6011,1.6376,1.6741,1.7107,1.7472,1.7837
2.1302,2.1411,2.1757,2.2426,2.3138,2.3989,2.4841,2.5709,2.6577,2.5525,1.8067,1.0599,2.9667,2.9757,2.9349,2.8894,2.8358,2.7821,2.7274,2.6728,2.618,2.5632,2.5084,2.4536,2.3989
3.0797,3.0797,3.0797,3.0797,3.0797,3.0797,3.0797,3.0797,3.0797,3.0797,3.0797,3.0797,3.0797,3.0797,0.8799,1.3357,1.896,2.4563,3.0165,3.5768,4.137,4.6973,5.2576,5.8178,6.3781
2.8443,2.8338,2.8004,2.7358,2.667,2.5848,2.5025,2.4187,2.3348,2.2508,1.8639,1.0934,0.4024,2.0277,2.0671,2.1111,2.1628,2.2147,2.2675,2.3203,2.3732,2.4261,2.479,2.5319,2.5849
1.419,1.4262,1.4492,1.4938,1.5413,1.598,1.6547,1.7125,1.7704,1.8283,1.8863,1.9347,1.9761,1.9821,1.955,1.9246,1.889,1.8532,1.8168,1.7804,1.7439,1.7074,1.6709,1.6344,1.5979
2.4985,2.4893,2.46,2.4032,2.3427,2.2705,2.1983,2.1246,2.0509,1.9771,1.9033,1.8416,1.7888,0.3459,1.2493,1.8544,1.8998,1.9454,1.9918,2.0382,2.0847,2.1311,2.1776,2.2241,2.2706
3.0535,3.0535,3.0535,3.0535,3.0535,3.0535,3.0535,3.0535,2.5066,1.9399,1.3731,0.8724,7.4155,7.4155,7.4155,7.4155,7.4155,7.4155,7.4155,7.4155,7.4155,7.4155,7.4155,7.4155,7.4155
2.5755,2.5887,2.6304,2.7113,2.7975,2.9004,3.0033,3.047,3.047,3.047,3.047,3.047,3.047,3.047,0.9309,1.6042,2.2772,2.9501,3.2976,3.2315,3.1652,3.099,3.0328,2.9665,2.9003
2.022,2.0145,1.9908,1.9448,1.8959,1.8375,1.779,1.7194,1.6597,1.6,1.5403,1.4903,0.9623,1.4415,1.4695,1.5007,1.5375,1.5743,1.6119,1.6494,1.687,1.7246,1.7623,1.7999,1.8375
1.6134,1.6216,1.6478,1.6985,1.7524,1.8169,1.8814,1.9471,2.0129,2.0788,2.1447,1.676,2.2469,2.2537,2.2228,2.1883,2.1478,2.1071,2.0657,2.0243,1.9828,1.9413,1.8998,1.8583,1.8168
3.0277,3.0277,3.0277,3.0277,3.0277,3.0277,3.0277,3.0277,3.0277,3.0277,3.0277,3.0277,3.0277,3.0277,0.865,1.4199,2.0156,2.6112,3.2068,3.8024,4.398,4.9936,5.2232,5.3347,5.4462
3.0213,3.0213,3.0213,3.0213,3.0213,3.0213,3.0213,3.0213,2.704,2.0926,1.4813,0.8689,3.5456,3.5305,3.599,3.6756,3.7656,3.8559,3.9479,4.0398,4.1319,4.2241,4.3162,4.4083,4.5005
1.5581,1.5661,1.5913,1.6403,1.6924,1.7546,1.8169,1.8804,1.9439,2.0076,2.0712,2.1244,2.1699,2.1765,1.9059,2.1133,2.0742,2.0349,1.9949,1.9549,1.9149,1.8748,1.8347,1.7947,1.7546
2.072,2.0644,2.0401,1.993,1.9428,1.883,1.8231,1.762,1.7008,1.6396,1.5784,1.5272,1.4835,0.6847,1.5058,1.5379,1.5755,1.6133,1.6518,1.6903,1.7288,1.7674,1.8059,1.8445,1.883
2.9221,2.937,2.9844,3.0023,3.0023,3.0023,3.0023,3.0023,2.8472,2.2035,1.5597,0.915,4.0694,4.0818,4.0258,3.9634,3.89,3.8163,3.7413,3.6663,3.5912,3.516,3.4409,3.3657,3.2906
2.996,2.996,2.996,2.996,2.996,2.996,2.996,2.996,2.996,2.996,2.996,2.996,2.996,2.996,0.856,1.3828,1.9628,2.5429,3.1229,3.7029,4.2829,4.8629,5.4429,6.0229,6.6029
2.3811,2.3723,2.3444,2.2903,2.2326,2.1638,2.095,2.0248,1.9545,1.8842,1.8138,1.4244,0.4196,1.6975,1.7304,1.7673,1.8105,1.854,1.8982,1.9424,1.9867,2.031,2.0753,2.1196,2.1639
1.4412,1.4486,1.4719,1.5172,1.5654,1.623,1.6806,1.7393,1.7981,1.8569,1.9158,1.965,1.6288,2.0132,1.9856,1.9548,1.9185,1.8822,1.8452,1.8082,1.7712,1.7341,1.6971,1.66,1.6229
2.9774,2.9774,2.9774,2.9774,2.9271,2.8369,2.7466,2.6546,2.5625,2.4703,2.378,2.3009,2.235,2.2255,1.009,1.7389,2.3737,2.4307,2.4886,2.5466,2.6046,2.6627,2.7208,2.7789,2.837
2.9712,2.9712,2.9712,2.9712,2.9712,2.9712,2.9712,2.9712,2.498,1.9332,1.3684,0.8489,7.2158,7.2158,7.2158,7.2158,7.2158,7.2158,7.2158,7.2158,7.2158,7.2158,7.2158,7.2158,7.2158
1.9926,2.0028,2.0351,2.0977,2.1644,2.244,2.3236,2.4049,2.4861,2.5675,2.6489,2.7169,2.7751,2.7835,1.1232,1.9356,2.6527,2.6024,2.5513,2.5001,2.4489,2.3977,2.3464,2.2952,2.2439
1.9768,1.9695,1.9463,1.9014,1.8535,1.7964,1.7392,1.6809,1.6227,1.5643,1.5058,1.457,1.4153,1.4092,1.4366,1.4672,1.5031,1.5392,1.5759,1.6126,1.6493,1.6861,1.7229,1.7597,1.7964
1.8889,1.8986,1.9292,1.9885,2.0517,2.1272,2.2027,2.2797,2.3567,2.4338,2.0951,1.229,2.6306,2.6386,2.6024,2.562,2.5146,2.4669,2.4185,2.37,2.3214,2.2729,2.2243,2.1757,2.1271
2.9468,2.9468,2.9468,2.9468,2.9468,2.9468,2.9468,2.9468,2.9468,2.9468,2.9468,2.9468,2.9468,2.9468,0.8419,1.3612,1.9322,2.5032,3.0742,3.6451,4.2161,4.7871,5.358,5.929,6.4999
2.9407,2.9407,2.9407,2.9407,2.9407,2.9407,2.9407,2.8797,2.7798,2.3857,1.6887,0.9906,2.4246,2.4142,2.4611,2.5135,2.575,2.6368,2.6997,2.7625,2.8255,2.8885,2.9515,3.0145,3.0776
1.4634,1.4709,1.4946,1.5406,1.5896,1.648,1.7065,1.7662,1.8258,1.8856,1.9454,1.9953,2.038,1.0673,2.0162,1.9849,1.9482,1.9113,1.8737,1.8361,1.7985,1.7609,1.7232,1.6856,1.648
2.3061,2.2976,2.2705,2.2181,2.1623,2.0957,2.029,1.961,1.893,1.8249,1.7567,1.6998,1.6511,0.4249,1.5369,1.7116,1.7535,1.7956,1.8384,1.8812,1.9241,1.967,2.0099,2.0528,2.0957
2.9227,2.9227,2.9227,2.9227,2.9227,2.9227,2.9227,2.9227,2.6169,2.0252,1.4335,0.8409,6.9303,6.9513,6.856,6.7497,6.6246,6.4991,6.3714,6.2437,6.1158,5.9878,5.8598,5.7318,5.6038
2.9168,2.9168,2.9168,2.9168,2.9168,2.9168,2.9168,2.9168,2.9168,2.9168,2.9168,2.9168,2.9168,2.9168,0.8735,1.5053,2.1367,2.7681,3.3995,4.0309,4.0624,3.9774,3.8924,3.8074,3.7224
2.1379,2.13,2.105,2.0564,2.0046,1.9428,1.881,1.818,1.7549,1.6918,1.6286,1.5758,0.6403,1.5241,1.5537,1.5868,1.6257,1.6646,1.7043,1.744,1.7838,1.8236,1.8633,1.9031,1.9429
1.5366,1.5444,1.5693,1.6176,1.669,1.7304,1.7918,1.8545,1.9171,1.9798,2.0426,2.0951,0.83,2.1464,2.117,2.0842,2.0455,2.0068,1.9674,1.9279,1.8884,1.8489,1.8094,1.7699,1.7303
2.8991,2.8991,2.8991,2.8991,2.8991,2.8991,2.8991,2.8991,2.8991,2.8991,2.8991,2.8991,2.8991,2.8991,0.883,1.5217,2.16,2.7984,3.4367,3.5984,3.6804,3.7625,3.8445,3.9266,4.0087
2.8932,2.8932,2.8932,2.8932,2.8932,2.8932,2.8932,2.8932,2.611,2.0206,1.4303,0.839,5.2607,5.2382,5.34,5.4536,5.5872,5.7212,5.8576,5.994,6.1307,6.2674,6.4041,6.5408,6.6775
1.6942,1.7028,1.7303,1.7835,1.8402,1.9079,1.9756,2.0446,2.1137,2.1829,2.2521,2.3099,2.3594,2.3665,1.4977,2.2979,2.2553,2.2126,2.1691,2.1257,2.0821,2.0385,1.995,1.9514,1.9078
2.0268,2.0193,1.9955,1.9494,1.9004,1.8418,1.7832,1.7234,1.6637,1.6038,1.5439,1.4939,1.4511,1.177,1.4729,1.5043,1.5411,1.5781,1.6157,1.6533,1.691,1.7287,1.7664,1.8042,1.8419
2.4057,2.418,2.457,2.5325,2.613,2.7091,2.8053,2.8758,2.8758,2.4343,1.7231,1.0108,3.3503,3.3604,3.3144,3.263,3.2025,3.1419,3.0801,3.0184,2.9565,2.8947,2.8328,2.7709,2.709
2.8701,2.8701,2.8701,2.8701,2.8701,2.8701,2.8701,2.8701,2.8701,2.8701,2.8701,2.8701,2.8701,2.8701,0.82,1.3694,1.9438,2.5182,3.0926,3.667,4.2413,4.8157,5.3901,5.9645,6.5389
2.6779,2.668,2.6366,2.5758,2.511,2.4336,2.3561,2.2772,2.1982,2.1191,2.0399,1.2148,0.3789,1.9091,1.9462,1.9876,2.0362,2.0851,2.1348,2.1845,2.2343,2.2841,2.334,2.3838,2.4336
1.4444,1.4518,1.4752,1.5206,1.5689,1.6266,1.6844,1.7432,1.8021,1.8611,1.9201,1.9694,2.0116,2.0177,1.99,1.9592,1.9229,1.8865,1.8494,1.8123,1.7752,1.738,1.7009,1.6637,1.6266
2.7385,2.7283,2.6962,2.634,2.5677,2.4886,2.4094,2.3286,2.2479,2.167,2.0861,2.0184,1.9606,0.3791,1.1583,1.9961,2.0823,2.1322,2.1831,2.2339,2.2848,2.3358,2.3867,2.4377,2.4886
2.8473,2.8473,2.8473,2.8473,2.8473,2.8473,2.8473,2.8473,2.5334,1.9606,1.3878,0.8141,6.9148,6.9148,6.9148,6.9148,6.9148,6.9148,6.9148,6.9148,6.9148,6.9148,6.9148,6.9148,6.9148
2.3433,2.3553,2.3933,2.4669,2.5453,2.6389,2.7325,2.8281,2.8416,2.8416,2.8416,2.8416,2.8416,2.8416,1.0085,1.7379,2.467,3.0604,3.0003,2.9401,2.8799,2.8196,2.7593,2.6991,2.6388
2.0287,2.0212,1.9974,1.9513,1.9022,1.8436,1.7849,1.7251,1.6653,1.6054,1.5454,1.4953,1.4525,1.4463,1.4744,1.5057,1.5426,1.5796,1.6173,1.6549,1.6927,1.7304,1.7681,1.8059,1.8436
1.73,1.7389,1.7669,1.8213,1.8791,1.9482,2.0174,2.0879,2.1584,2.2291,2.2997,1.4885,2.4093,2.4166,2.3835,2.3465,2.3031,2.2594,2.215,2.1706,2.1262,2.0817,2.0372,1.9927,1.9482
2.8248,2.8248,2.8248,2.8248,2.8248,2.8248,2.8248,2.8248,2.8248,2.8248,2.8248,2.8248,2.8248,2.8248,0.8205,1.4139,2.007,2.6001,3.1932,3.7863,4.3793,4.9724,5.5655,6.1585,6.7516
2.8193,2.8193,2.8193,2.8193,2.8193,2.8193,2.8193,2.8193,2.8193,2.2234,1.5738,0.9232,3.0478,3.0348,3.0938,3.1596,3.237,3.3146,3.3937,3.4727,3.5519,3.6311,3.7103,3.7895,3.8687
1.5391,1.547,1.572,1.6203,1.6718,1.7333,1.7948,1.8575,1.9203,1.9831,2.046,2.0985,2.1435,0.8039,2.1205,2.0876,2.0489,2.0101,1.9706,1.9311,1.8916,1.852,1.8124,1.7728,1.7332
2.1829,2.1749,2.1493,2.0997,2.0468,1.9838,1.9206,1.8563,1.7919,1.7274,1.6629,1.609,1.5629,0.5614,1.5864,1.6202,1.6599,1.6997,1.7402,1.7807,1.8213,1.862,1.9026,1.9432,1.9838
2.8027,2.8027,2.8027,2.8027,2.8027,2.8027,2.8027,2.8027,2.7885,2.158,1.5275,0.8961,4.897,4.9119,4.8445,4.7694,4.681,4.5924,4.5021,4.4119,4.3215,4.2311,4.1406,4.0502,3.9597
2.7973,2.7973,2.7973,2.7973,2.7973,2.7973,2.7973,2.7973,2.7973,2.7973,2.7973,2.7973,2.7973,2.7973,0.8387,1.4453,2.0516,2.6579,3.2642,3.8704,4.4766,5.0829,5.5207,5.4001,5.2795
2.3102,2.3016,2.2745,2.222,2.1661,2.0994,2.0326,1.9645,1.8963,1.8281,1.7598,1.6626,0.4897,1.6469,1.6789,1.7146,1.7566,1.7988,1.8416,1.8845,1.9275,1.9705,2.0135,2.0564,2.0994
1.4951,1.5028,1.527,1.574,1.624,1.6837,1.7435,1.8044,1.8654,1.9264,1.9875,2.0385,1.0658,2.0885,2.0599,2.0279,1.9903,1.9527,1.9143,1.8759,1.8375,1.799,1.7606,1.7221,1.6837
2.781,2.781,2.781,2.781,2.781,2.781,2.781,2.781,2.781,2.781,2.713,2.6251,2.5499,2.539,0.9688,1.6695,2.3698,2.7731,2.8392,2.9053,2.9716,3.0378,3.1041,3.1703,3.2366
2.7756,2.7756,2.7756,2.7756,2.7756,2.7756,2.7756,2.7756,2.5727,1.991,1.4093,0.8268,6.7408,6.7408,6.7408,6.7408,6.7408,6.7408,6.7408,6.7408,6.7408,6.7408,6.7408,6.7408,6.7408
1.8903,1.9,1.9306,1.99,2.0532,2.1287,2.2043,2.2813,2.3584,2.4356,2.5128,2.5773,2.6325,2.6405,1.2586,2.1689,2.5164,2.4687,2.4202,2.3717,2.3231,2.2745,2.2259,2.1773,2.1287
2.0215,2.014,1.9903,1.9443,1.8954,1.837,1.7786,1.7189,1.6593,1.5996,1.5399,1.49,1.4473,1.4411,1.4691,1.5003,1.5371,1.574,1.6115,1.649,1.6866,1.7242,1.7618,1.7994,1.8371
2.0856,2.0963,2.1301,2.1956,2.2653,2.3487,2.432,2.517,2.602,2.6872,1.9597,1.1496,2.9045,2.9133,2.8734,2.8288,2.7764,2.7238,2.6703,2.6168,2.5631,2.5095,2.4559,2.4022,2.3486
2.7543,2.7543,2.7543,2.7543,2.7543,2.7543,2.7543,2.7543,2.7543,2.7543,2.7543,2.7543,2.7543,2.7543,0.802,1.3821,1.9619,2.5417,3.1214,3.7011,4.2809,4.8606,5.4403,6.0201,6.5998
2.749,2.749,2.749,2.749,2.749,2.749,2.74,2.6481,2.5563,2.4643,1.8414,1.0802,0.4406,2.2201,2.2632,2.3114,2.368,2.4248,2.4826,2.5404,2.5983,2.6563,2.7142,2.7722,2.8301
1.4752,1.4828,1.5067,1.553,1.6024,1.6613,1.7203,1.7804,1.8405,1.9008,1.961,2.0114,2.0545,1.82,2.0325,2.0009,1.9639,1.9267,1.8888,1.851,1.813,1.7751,1.7371,1.6992,1.6613
2.4875,2.4783,2.4492,2.3926,2.3324,2.2605,2.1886,2.1153,2.0419,1.9684,1.8949,1.8335,1.781,0.3825,1.3834,1.8463,1.8915,1.9369,1.983,2.0292,2.0755,2.1218,2.168,2.2143,2.2606
2.7333,2.7333,2.7333,2.7333,2.7333,2.7333,2.7333,2.7333,2.6185,2.0265,1.4344,0.8415,6.6379,6.6379,6.6379,6.6379,6.6379,6.6379,6.6379,6.6379,6.6379,6.6379,6.6379,6.6379,6.6379
2.7281,2.7281,2.7281,2.7281,2.7281,2.7281,2.7281,2.7281,2.7281,2.7281,2.7281,2.7281,2.7281,2.7281,0.9331,1.6081,2.2827,2.9572,3.6317,3.6299,3.5555,3.4812,3.4067,3.3323,3.2579
2.1227,2.1148,2.0899,2.0417,1.9903,1.929,1.8676,1.805,1.7424,1.6797,1.617,1.5646,0.8287,1.5132,1.5426,1.5755,1.614,1.6528,1.6922,1.7316,1.7711,1.8105,1.85,1.8895,1.929
1.6272,1.6355,1.6619,1.713,1.7674,1.8325,1.8975,1.9638,2.0302,2.0966,2.1631,1.9186,0.7765,2.273,2.2418,2.2071,2.1662,2.1252,2.0834,2.0416,1.9998,1.958,1.9161,1.8743,1.8324
2.7126,2.7126,2.7126,2.7126,2.7126,2.7126,2.7126,2.7126,2.7126,2.7126,2.7126,2.7126,2.7126,2.7126,0.8695,1.4984,2.1269,2.7555,3.384,4.0125,4.5169,4.6176,4.7183,4.819,4.9197
2.7075,2.7075,2.7075,2.7075,2.7075,2.7075,2.7075,2.7075,2.7075,2.1225,1.5024,0.8813,4.1689,4.1511,4.2318,4.3218,4.4276,4.5338,4.6419,4.75,4.8583,4.9667,5.075,5.1833,5.2917
1.6533,1.6618,1.6886,1.7405,1.7958,1.8618,1.9279,1.9953,2.0627,2.1302,2.1978,2.2542,2.3025,2.3094,1.7736,2.2425,2.2009,2.1592,2.1168,2.0744,2.0319,1.9894,1.9468,1.9043,1.8618
2.1127,2.1048,2.0801,2.0321,1.9809,1.9199,1.8588,1.7965,1.7342,1.6718,1.6094,1.5572,1.5126,0.8394,1.5354,1.568,1.6064,1.645,1.6842,1.7234,1.7627,1.802,1.8413,1.8806,1.9199
2.6922,2.6922,2.6922,2.6922,2.6922,2.6922,2.6922,2.6922,2.6922,2.3521,1.6649,0.9767,3.8658,3.8775,3.8243,3.765,3.6953,3.6253,3.554,3.4828,3.4114,3.3401,3.2687,3.1973,3.1259
2.6872,2.6872,2.6872,2.6872,2.6872,2.6872,2.6872,2.6872,2.6872,2.6872,2.6872,2.6872,2.6872,2.6872,0.8222,1.4169,2.0113,2.6057,3.2001,3.7944,4.3887,4.9831,5.5774,6.1718,6.526
2.5586,2.5491,2.5191,2.461,2.3991,2.3251,2.2512,2.1757,2.1003,2.0247,1.9491,1.3739,0.4047,1.824,1.8595,1.899,1.9455,1.9922,2.0397,2.0872,2.1348,2.1824,2.23,2.2776,2.3252
1.484,1.4916,1.5156,1.5622,1.6119,1.6711,1.7305,1.7909,1.8514,1.912,1.9727,2.0233,2.0666,2.0729,2.0445,2.0128,1.9755,1.9381,1.9,1.8619,1.8238,1.7856,1.7474,1.7093,1.6711
2.6721,2.6721,2.6721,2.6721,2.6721,2.6721,2.6721,2.5915,2.5017,2.4116,2.3216,2.2463,2.182,0.4219,1.0924,1.8826,2.3174,2.373,2.4295,2.4861,2.5428,2.5995,2.6562,2.7129,2.7696
2.6672,2.6672,2.6672,2.6672,2.6672,2.6672,2.6672,2.6672,2.5843,2.0,1.4157,0.8305,6.4774,6.4774,6.4774,6.4774,6.4774,6.4774,6.4774,6.4774,6.4774,6.4774,6.4774,6.4774,6.4774
2.176,2.1872,2.2224,2.2908,2.3636,2.4505,2.5375,2.6262,2.6622,2.6622,2.6622,2.6622,2.6622,2.6622,1.1074,1.9083,2.7088,2.842,2.7861,2.7303,2.6743,2.6184,2.5624,2.5064,2.4505
2.0548,2.0471,2.0231,1.9764,1.9266,1.8673,1.8078,1.7473,1.6867,1.626,1.5652,1.5145,1.4711,1.4648,1.4933,1.525,1.5624,1.5999,1.638,1.6762,1.7144,1.7526,1.7908,1.8291,1.8673
1.8778,1.8874,1.9179,1.9769,2.0397,2.1147,2.1897,2.2663,2.3428,2.4195,2.3117,1.3561,2.6152,2.6231,2.5871,2.547,2.4998,2.4525,2.4043,2.3561,2.3078,2.2595,2.2112,2.1629,2.1146
2.6475,2.6475,2.6475,2.6475,2.6475,2.6475,2.6475,2.6475,2.6475,2.6475,2.6475,2.6475,2.6475,2.6475,0.825,1.4216,2.018,2.6144,3.2107,3.807,4.4033,4.9996,5.5959,6.1922,6.4295
2.6426,2.6426,2.6426,2.6426,2.6426,2.6426,2.6426,2.6426,2.6426,2.3889,1.691,0.992,2.7096,2.698,2.7504,2.8089,2.8777,2.9468,3.017,3.0873,3.1577,3.2281,3.2985,3.3689,3.4393
1.5359,1.5437,1.5686,1.6169,1.6682,1.7296,1.791,1.8536,1.9162,1.9789,2.0417,2.0941,2.1389,0.8894,2.116,2.0832,2.0446,2.0059,1.9665,1.927,1.8875,1.8481,1.8086,1.769,1.7295
2.3241,2.3155,2.2883,2.2355,2.1792,2.1121,2.0449,1.9763,1.9078,1.8391,1.7705,1.713,1.664,0.4828,1.6891,1.725,1.7672,1.8096,1.8528,1.8959,1.9392,1.9824,2.0256,2.0689,2.1121
2.628,2.628,2.628,2.628,2.628,2.628,2.628,2.628,2.628,2.1363,1.5121,0.8871,6.1528,6.1714,6.0869,5.9924,5.8814,5.77,5.6566,5.5433,5.4297,5.3161,5.2024,5.0888,4.9752
2.6232,2.6232,2.6232,2.6232,2.6232,2.6232,2.6232,2.6232,2.6232,2.6232,2.6232,2.6232,2.6232,2.6232,0.8855,1.5259,2.1661,2.8062,3.4462,4.0863,4.7204,4.6216,4.5228,4.4241,4.3253
2.2673,2.2589,2.2323,2.1808,2.1259,2.0604,1.9948,1.928,1.8611,1.7941,1.7271,1.6711,0.5897,1.6163,1.6477,1.6828,1.724,1.7654,1.8075,1.8495,1.8917,1.9339,1.9761,2.0183,2.0605
1.5662,1.5742,1.5996,1.6488,1.7012,1.7637,1.8263,1.8902,1.954,2.018,2.0819,2.1354,0.8068,2.1877,2.1578,2.1243,2.0849,2.0454,2.0053,1.9651,1.9248,1.8845,1.8442,1.804,1.7637
2.6089,2.6089,2.6089,2.6089,2.6089,2.6089,2.6089,2.6089,2.6089,2.6089,2.6089,2.6089,2.6089,2.6089,0.9419,1.6231,2.304,2.9848,3.3179,3.3952,3.4726,3.55,3.6274,3.7049,3.7823
2.6042,2.6042,2.6042,2.6042,2.6042,2.6042,2.6042,2.6042,2.6042,2.0701,1.4653,0.8596,6.3244,6.3244,6.3244,6.3244,6.3244,6.3244,6.3244,6.3244,6.3244,6.3244,6.3244,6.3244,6.3244
1.8185,1.8278,1.8573,1.9144,1.9752,2.0479,2.1205,2.1947,2.2688,2.3431,2.4173,2.4794,2.5325,2.5402,1.438,2.4665,2.4208,2.375,2.3283,2.2816,2.2349,2.1881,2.1413,2.0946,2.0478
2.0866,2.0789,2.0544,2.007,1.9565,1.8962,1.8359,1.7744,1.7128,1.6512,1.5895,1.538,1.4939,1.4875,1.5164,1.5487,1.5866,1.6247,1.6634,1.7022,1.741,1.7798,1.8186,1.8574,1.8963
2.341,2.353,2.391,2.4645,2.5428,2.5901,2.5901,2.5901,2.5901,2.5901,1.8626,1.0927,3.2603,3.2701,3.2253,3.1753,3.1165,3.0574,2.9974,2.9373,2.8771,2.8169,2.7567,2.6965,2.6363
2.5854,2.5854,2.5854,2.5854,2.5854,2.5854,2.5854,2.5854,2.5854,2.5854,2.5854,2.5854,2.5854,2.5854,0.822,1.4166,2.0108,2.605,3.1992,3.7934,4.3876,4.9817,5.5759,6.1701,6.2788
2.5807,2.5807,2.5807,2.5807,2.5807,2.5807,2.5676,2.4815,2.3954,2.3092,2.037,1.195,0.4129,2.0804,2.1208,2.1659,2.219,2.2722,2.3264,2.3805,2.4348,2.4891,2.5434,2.5977,2.652
1.5013,1.509,1.5333,1.5805,1.6307,1.6907,1.7507,1.8119,1.8731,1.9344,1.9957,2.047,2.0908,2.0971,2.0684,2.0363,1.9986,1.9607,1.9222,1.8837,1.8451,1.8065,1.7679,1.7292,1.6906
2.5715,2.5715,2.5715,2.5715,2.5486,2.47,2.3914,2.3113,2.2311,2.1508,2.0705,2.0034,1.946,0.3763,1.2743,2.0173,2.0668,2.1163,2.1668,2.2172,2.2678,2.3184,2.3689,2.4195,2.4701
2.5669,2.5669,2.5669,2.5669,2.5669,2.5669,2.5669,2.5669,2.5669,2.0475,1.4493,0.8502,6.2338,6.2338,6.2338,6.2338,6.2338,6.2338,6.2338,6.2338,6.2338,6.2338,6.2338,6.2338,6.2338
2.5623,2.5623,2.5623,2.5623,2.5623,2.5623,2.5623,2.5623,2.5623,2.5623,2.5623,2.5623,2.5623,2.5623,1.0087,1.7383,2.4675,3.1967,3.3388,3.2719,3.2049,3.1378,3.0707,3.0037,2.9366
2.1288,2.121,2.096,2.0476,1.9961,1.9346,1.873,1.8103,1.7475,1.6846,1.6217,1.5691,1.168,1.5176,1.5471,1.58,1.6187,1.6576,1.6971,1.7366,1.7762,1.8158,1.8554,1.895,1.9346
1.7422,1.7511,1.7794,1.8341,1.8924,1.962,2.0316,2.1026,2.1736,2.2448,2.316,1.6807,0.7295,2.4336,2.4003,2.3631,2.3193,2.2754,2.2306,2.1859,2.1411,2.0963,2.0515,2.0067,1.9619
2.5486,2.5486,2.5486,2.5486,2.5486,2.5486,2.5486,2.5486,2.5486,2.5486,2.5486,2.5486,2.5486,2.5486,0.8653,1.4911,2.1166,2.7421,3.3676,3.993,4.6184,5.2439,5.8693,6.1895,6.1895
2.5441,2.5441,2.5441,2.5441,2.5441,2.5441,2.5441,2.5441,2.5441,2.2528,1.5946,0.9354,3.5084,3.4934,3.5613,3.637,3.7261,3.8155,3.9065,3.9974,4.0886,4.1797,4.2709,4.3621,4.4533
1.6317,1.64,1.6665,1.7177,1.7723,1.8375,1.9027,1.9692,2.0357,2.1024,2.169,2.2247,2.2723,0.7256,2.1776,2.2131,2.1721,2.131,2.0891,2.0472,2.0053,1.9633,1.9214,1.8794,1.8374
2.2243,2.2161,2.19,2.1395,2.0856,2.0214,1.957,1.8914,1.8259,1.7602,1.6944,1.6395,1.5925,0.6641,1.6165,1.6509,1.6913,1.7319,1.7732,1.8145,1.8559,1.8973,1.9386,1.98,2.0214
2.5306,2.5306,2.5306,2.5306,2.5306,2.5306,2.5306,2.5306,2.5306,2.3006,1.6284,0.9553,4.5831,4.597,4.534,4.4637,4.381,4.298,4.2135,4.1291,4.0445,3.9598,3.8752,3.7906,3.7059
2.5262,2.5262,2.5262,2.5262,2.5262,2.5262,2.5262,2.5262,2.5262,2.5262,2.5262,2.5262,2.5262,2.5262,0.8591,1.4805,2.1016,2.7226,3.3436,3.9646,4.5856,5.2066,5.8276,6.135,6.135
2.4777,2.4685,2.4395,2.3832,2.3232,2.2516,2.18,2.1069,2.0338,1.9606,1.8874,1.5878,0.4677,1.7663,1.8007,1.839,1.884,1.9292,1.9752,2.0212,2.0673,2.1134,2.1595,2.2056,2.2517
1.5392,1.5471,1.572,1.6204,1.6719,1.7334,1.7949,1.8576,1.9204,1.9832,2.0461,2.0987,1.4241,2.1501,2.1206,2.0877,2.0491,2.0102,1.9707,1.9312,1.8917,1.8521,1.8125,1.7729,1.7333
2.5129,2.5129,2.5129,2.5129,2.5129,2.5129,2.5129,2.5129,2.5129,2.5129,2.5129,2.5129,2.4723,2.4617,1.046,1.8025,2.5587,2.6887,2.7528,2.8169,2.8811,2.9454,3.0096,3.0739,3.1381
2.5085,2.5085,2.5085,2.5085,2.5085,2.5085,2.5085,2.5085,2.5085,2.0597,1.458,0.8553,6.092,6.092,6.092,6.092,6.092,6.092,6.092,6.092,6.092,6.092,6.092,6.092,6.092
2.0565,2.067,2.1003,2.1649,2.2337,2.3159,2.3981,2.4819,2.5041,2.5041,2.5041,2.5041,2.5041,2.5041,1.2349,2.128,2.7376,2.6858,2.633,2.5802,2.5273,2.4745,2.4216,2.3687,2.3158
2.1012,2.0934,2.0688,2.021,1.9702,1.9095,1.8487,1.7867,1.7248,1.6627,1.6006,1.5487,1.5044,1.4979,1.527,1.5595,1.5977,1.636,1.675,1.7141,1.7531,1.7922,1.8313,1.8704,1.9095
2.0664,2.077,2.1105,2.1754,2.2445,2.327,2.4096,2.4939,2.4954,2.4954,2.1508,1.2617,2.8778,2.8865,2.8469,2.8028,2.7508,2.6987,2.6457,2.5927,2.5396,2.4864,2.4333,2.3801,2.327
2.4911,2.4911,2.4911,2.4911,2.4911,2.4911,2.4911,2.4911,2.4911,2.4911,2.4911,2.4911,2.4911,2.4911,0.8376,1.4434,2.049,2.6545,3.2599,3.8654,4.4709,5.0763,5.6818,6.0497,6.0497
2.4867,2.4867,2.4867,2.4867,2.4867,2.4867,2.4867,2.4867,2.4867,2.4867,1.8396,1.0792,2.4728,2.4622,2.51,2.5634,2.6262,2.6892,2.7533,2.8174,2.8817,2.9459,3.0102,3.0745,3.1387
1.5481,1.556,1.5811,1.6297,1.6815,1.7434,1.8052,1.8684,1.9315,1.9947,2.0579,2.1108,2.156,1.3401,2.1329,2.0998,2.0609,2.0218,1.9821,1.9424,1.9026,1.8628,1.823,1.7831,1.7433
2.4781,2.4781,2.4645,2.4076,2.347,2.2747,2.2023,2.1285,2.0547,1.9808,1.9068,1.845,1.7921,0.4297,1.5543,1.8578,1.9033,1.949,1.9955,2.0419,2.0885,2.135,2.1816,2.2282,2.2748
2.4739,2.4739,2.4739,2.4739,2.4739,2.4739,2.4739,2.4739,2.4739,2.137,1.5127,0.8874,6.0079,6.0079,6.0079,6.0079,6.0079,6.0079,6.0079,6.0079,6.0079,6.0079,6.0079,6.0079,6.0079
2.4696,2.4696,2.4696,2.4696,2.4696,2.4696,2.4696,2.4696,2.4696,2.4696,2.4696,2.4696,2.4696,2.4696,0.945,1.6286,2.3118,2.9949,3.6781,4.1472,4.0622,3.9772,3.8922,3.8072,3.7222
2.25,2.2416,2.2153,2.1641,2.1097,2.0447,1.9796,1.9133,1.8469,1.7805,1.714,1.6584,0.741,1.604,1.6352,1.6699,1.7108,1.7519,1.7937,1.8354,1.8773,1.9191,1.961,2.0029,2.0447
1.6577,1.6661,1.693,1.7451,1.8005,1.8667,1.933,2.0006,2.0681,2.1358,2.2035,2.2429,0.7032,2.3155,2.2838,2.2484,2.2067,2.1649,2.1224,2.0798,2.0372,1.9946,1.952,1.9093,1.8667
2.4569,2.4569,2.4569,2.4569,2.4569,2.4569,2.4569,2.4569,2.4569,2.4569,2.4569,2.4569,2.4569,2.4569,0.9266,1.5969,2.2667,2.9366,3.6064,4.0923,4.1856,4.279,4.3723,4.4657,4.559
2.4527,2.4527,2.4527,2.4527,2.4527,2.4527,2.4527,2.4527,2.4527,2.174,1.5388,0.9027,5.0433,5.0218,5.1193,5.2282,5.3563,5.4848,5.6155,5.7463,5.8773,5.9565,5.9565,5.9565,5.9565
1.7722,1.7813,1.81,1.8657,1.925,1.9958,2.0666,2.1389,2.2111,2.2835,2.3559,2.4164,2.4485,0.6996,1.6831,2.4038,2.3593,2.3146,2.2691,2.2236,2.1781,2.1325,2.0869,2.0413,1.9957
2.1751,2.1671,2.1416,2.0921,2.0395,1.9766,1.9137,1.8496,1.7855,1.7212,1.6569,1.6032,1.5573,1.0757,1.5808,1.6144,1.6539,1.6936,1.734,1.7744,1.8148,1.8553,1.8957,1.9362,1.9767
2.4402,2.4402,2.4402,2.4402,2.4402,2.4402,2.4402,2.4402,2.4402,2.4402,1.7961,1.0537,3.7323,3.7436,3.6923,3.635,3.5677,3.5001,3.4313,3.3626,3.2937,3.2247,3.1558,3.0869,3.0179
2.436,2.436,2.436,2.436,2.436,2.436,2.436,2.436,2.436,2.436,2.436,2.436,2.436,2.436,0.8507,1.466,2.081,2.696,3.311,3.9259,4.5408,5.1558,5.7707,5.9161,5.9161
2.4319,2.4319,2.4319,2.4319,2.4319,2.4319,2.4319,2.364,2.282,2.1999,2.1177,1.3442,0.3959,1.9819,2.0204,2.0633,2.1139,2.1646,2.2162,2.2678,2.3195,2.3712,2.423,2.4747,2.5264
1.5428,1.5507,1.5757,1.6242,1.6758,1.7374,1.7991,1.8619,1.9248,1.9878,2.0509,2.1035,2.1486,2.1551,2.1255,2.0926,2.0538,2.0149,1.9753,1.9357,1.8961,1.8564,1.8167,1.777,1.7373
2.4237,2.4237,2.4237,2.4237,2.4237,2.4237,2.4237,2.4237,2.4237,2.3848,2.2958,2.2213,2.1577,0.4172,1.1967,2.0622,2.2916,2.3466,2.4025,2.4585,2.5145,2.5706,2.6267,2.6827,2.7388
2.4196,2.4196,2.4196,2.4196,2.4196,2.4196,2.4196,2.4196,2.4196,2.0892,1.4788,0.8675,5.8761,5.8761,5.8761,5.8761,5.8761,5.8761,5.8761,5.8761,5.8761,5.8761,5.8761,5.8761,5.8761
2.4068,2.4155,2.4155,2.4155,2.4155,2.4155,2.4155,2.4155,2.4155,2.4155,2.4155,2.4155,2.4155,2.4155,1.1049,1.904,2.7027,3.1433,3.0815,3.0197,2.9579,2.896,2.8341,2.7722,2.7103
2.1567,2.1487,2.1234,2.0744,2.0222,1.9599,1.8975,1.8339,1.7703,1.7066,1.6429,1.5896,1.5441,1.5375,1.5674,1.6007,1.6399,1.6793,1.7193,1.7593,1.7994,1.8396,1.8797,1.9198,1.9599
1.8881,1.8977,1.9283,1.9876,2.0508,2.1262,2.2017,2.2786,2.3556,2.4074,2.4074,1.5175,2.6294,2.6374,2.6012,2.5609,2.5134,2.4658,2.4174,2.3689,2.3204,2.2718,2.2233,2.1747,2.1262
2.4034,2.4034,2.4034,2.4034,2.4034,2.4034,2.4034,2.4034,2.4034,2.4034,2.4034,2.4034,2.4034,2.4034,0.8701,1.4994,2.1285,2.7575,3.3864,4.0154,4.6443,5.2733,5.8367,5.8367,5.8367
2.3993,2.3993,2.3993,2.3993,2.3993,2.3993,2.3993,2.3993,2.3993,2.3993,1.7118,1.0042,3.0772,3.0641,3.1236,3.19,3.2682,3.3465,3.4263,3.5061,3.5861,3.666,3.746,3.826,3.9059
1.6281,1.6364,1.6628,1.714,1.7684,1.8335,1.8985,1.9649,2.0313,2.0977,2.1643,2.2198,2.2674,0.7782,2.2431,2.2083,2.1674,2.1263,2.0845,2.0428,2.0009,1.959,1.9172,1.8753,1.8334
2.3672,2.3584,2.3307,2.2769,2.2196,2.1512,2.0828,2.0129,1.9431,1.8732,1.8033,1.7448,1.6948,0.5591,1.7204,1.757,1.8,1.8432,1.8871,1.9311,1.9751,2.0191,2.0632,2.1072,2.1513
2.3873,2.3873,2.3873,2.3873,2.3873,2.3873,2.3873,2.3873,2.3873,2.2765,1.6114,0.9453,5.6318,5.6489,5.5715,5.485,5.3834,5.2815,5.1777,5.0739,4.9699,4.8659,4.7619,4.6579,4.5539
2.3834,2.3834,2.3834,2.3834,2.3834,2.3834,2.3834,2.3834,2.3834,2.3834,2.3834,2.3834,2.3834,2.3834,0.907,1.563,2.2187,2.8743,3.53,4.1856,4.8412,5.4968,5.3873,5.2696,5.152
2.3794,2.3794,2.3794,2.3371,2.2783,2.2081,2.1378,2.0662,1.9945,1.9227,1.8509,1.7909,0.5553,1.7322,1.7658,1.8034,1.8476,1.8919,1.937,1.9821,2.0273,2.0725,2.1177,2.1629,2.2081
1.6127,1.621,1.6471,1.6978,1.7517,1.8162,1.8806,1.9464,2.0121,2.078,2.1438,2.1989,1.0044,2.2528,2.2219,2.1874,2.1469,2.1063,2.0649,2.0235,1.982,1.9405,1.8991,1.8576,1.8161
2.3715,2.3715,2.3715,2.3715,2.3715,2.3715,2.3715,2.3715,2.3715,2.3715,2.3715,2.3715,2.3715,2.3715,1.0156,1.7501,2.4843,3.1133,3.1876,3.2618,3.3362,3.4105,3.4849,3.5593,3.6337
2.3676,2.3676,2.3676,2.3676,2.3676,2.3676,2.3676,2.3676,2.3676,2.1425,1.5165,0.8896,5.75,5.75,5.75,5.75,5.75,5.75,5.75,5.75,5.75,5.75,5.75,5.75,5.75
1.9741,1.9842,2.0162,2.0782,2.1442,2.2231,2.302,2.3637,2.3637,2.3637,2.3637,2.3637,2.3637,2.3637,1.4023,2.4166,2.628,2.5782,2.5275,2.4769,2.4261,2.3754,2.3246,2.2738,2.223
2.1701,2.1621,2.1366,2.0873,2.0348,1.9721,1.9093,1.8453,1.7814,1.7172,1.6531,1.5995,1.5537,1.5471,1.5771,1.6107,1.6501,1.6897,1.73,1.7703,1.8106,1.851,1.8914,1.9318,1.9721
2.31,2.3218,2.356,2.356,2.356,2.356,2.356,2.356,2.356,2.356,2.0376,1.1953,3.217,3.2268,3.1826,3.1332,3.0751,3.0169,2.9576,2.8983,2.8389,2.7795,2.7201,2.6607,2.6013
2.3521,2.3521,2.3521,2.3521,2.3521,2.3521,2.3521,2.3521,2.3521,2.3521,2.3521,2.3521,2.3521,2.3521,0.859,1.4803,2.1013,2.7223,3.3432,3.9641,4.5851,5.206,5.7122,5.7122,5.7122
2.3482,2.3482,2.3482,2.3482,2.3482,2.3482,2.3482,2.3482,2.3482,2.3482,2.0296,1.1906,0.4557,2.2961,2.3407,2.3905,2.4491,2.5078,2.5676,2.6274,2.6873,2.7472,2.8071,2.8671,2.927
1.5764,1.5845,1.61,1.6595,1.7123,1.7752,1.8383,1.9025,1.9668,2.0311,2.0955,2.1494,2.1954,2.202,2.1719,2.1382,2.0986,2.0588,2.0184,1.9779,1.9374,1.8968,1.8563,1.8157,1.7752
2.3406,2.3406,2.3406,2.3406,2.3406,2.3406,2.3406,2.3219,2.2414,2.1607,2.0801,2.0126,1.955,0.393,1.4214,2.0266,2.0763,2.1261,2.1768,2.2275,2.2783,2.3291,2.3799,2.4307,2.4815
2.3368,2.3368,2.3368,2.3368,2.3368,2.3368,2.3368,2.3368,2.3368,2.1603,1.5292,0.897,5.675,5.675,5.675,5.675,5.675,5.675,5.675,5.675,5.675,5.675,5.675,5.675,5.675
2.333,2.333,2.333,2.333,2.333,2.333,2.333,2.333,2.333,2.333,2.333,2.333,2.333,2.333,1.0207,1.7589,2.4968,3.2346,3.7738,3.6982,3.6224,3.5466,3.4708,3.395,3.3192
2.2573,2.249,2.2225,2.1712,2.1166,2.0514,1.9861,1.9195,1.853,1.7863,1.7196,1.6638,0.992,1.6093,1.6405,1.6754,1.7165,1.7576,1.7995,1.8414,1.8834,1.9254,1.9674,2.0094,2.0514
1.7743,1.7834,1.8121,1.8678,1.9272,1.9981,2.069,2.1413,2.2136,2.2861,2.3254,1.9323,0.6644,2.4784,2.4445,2.4066,2.362,2.3172,2.2717,2.2262,2.1806,2.1349,2.0893,2.0437,1.998
2.3216,2.3216,2.3216,2.3216,2.3216,2.3216,2.3216,2.3216,2.3216,2.3216,2.3216,2.3216,2.3216,2.3216,0.9222,1.5893,2.256,2.9227,3.5893,4.256,4.9226,5.3799,5.4973,5.6146,5.6382
2.3179,2.3179,2.3179,2.3179,2.3179,2.3179,2.3179,2.3179,2.3179,2.3078,1.6335,0.9583,4.1296,4.112,4.1918,4.281,4.3859,4.4911,4.5981,4.7052,4.8125,4.9198,5.0271,5.1344,5.2418
1.7487,1.7576,1.786,1.8409,1.8994,1.9692,2.0391,2.1104,2.1817,2.2531,2.3141,2.3141,2.3141,0.6612,2.0318,2.3718,2.3279,2.2838,2.2389,2.194,2.1491,2.1041,2.0591,2.0142,1.9692
2.2911,2.2826,2.2558,2.2037,2.1483,2.0821,2.0158,1.9483,1.8807,1.813,1.7453,1.6887,1.6403,0.8097,1.6651,1.7005,1.7421,1.7839,1.8265,1.869,1.9116,1.9542,1.9969,2.0395,2.0821
2.3067,2.3067,2.3067,2.3067,2.3067,2.3067,2.3067,2.3067,2.3067,2.3067,1.7555,1.0298,4.3773,4.3906,4.3304,4.2632,4.1843,4.105,4.0244,3.9437,3.8629,3.782,3.7012,3.6204,3.5395
2.303,2.303,2.303,2.303,2.303,2.303,2.303,2.303,2.303,2.303,2.303,2.303,2.303,2.303,0.8895,1.5329,2.1759,2.8189,3.4619,4.1049,4.7478,5.3908,5.5929,5.5929,5.5929
2.2993,2.2993,2.2993,2.2993,2.2993,2.2993,2.2993,2.286,2.2068,2.1274,2.0479,1.5425,0.4544,1.9165,1.9538,1.9953,2.0442,2.0932,2.1431,2.193,2.243,2.2931,2.3431,2.3931,2.4431
1.6016,1.6098,1.6358,1.6861,1.7396,1.8036,1.8676,1.9329,1.9982,2.0636,2.1291,2.1837,2.0948,2.2372,2.2066,2.1724,2.1321,2.0917,2.0506,2.0095,1.9683,1.9272,1.886,1.8448,1.8036
2.2919,2.2919,2.2919,2.2919,2.2919,2.2919,2.2919,2.2919,2.2919,2.2919,2.2919,2.2919,2.2919,0.4705,1.1432,1.97,2.5846,2.6466,2.7097,2.7728,2.836,2.8992,2.9624,3.0257,3.0889
2.2883,2.2883,2.2883,2.2883,2.2883,2.2883,2.2883,2.2883,2.2883,2.1537,1.5244,0.8943,5.5572,5.5572,5.5572,5.5572,5.5572,5.5572,5.5572,5.5572,5.5572,5.5572,5.5572,5.5572,5.5572
2.2662,2.2778,2.2846,2.2846,2.2846,2.2846,2.2846,2.2846,2.2846,2.2846,2.2846,2.2846,2.2846,2.2846,1.2285,2.117,3.0051,2.9597,2.9015,2.8434,2.7851,2.7268,2.6686,2.6103,2.552
2.2076,2.1994,2.1735,2.1234,2.0699,2.0061,1.9423,1.8772,1.8121,1.7469,1.6817,1.6271,1.5805,1.5738,1.6044,1.6385,1.6786,1.7189,1.7599,1.8008,1.8419,1.883,1.924,1.9651,2.0062
2.0741,2.0847,2.1183,2.1835,2.2528,2.2774,2.2774,2.2774,2.2774,2.2774,2.2774,1.404,2.8885,2.8972,2.8575,2.8132,2.7611,2.7088,2.6556,2.6023,2.549,2.4957,2.4423,2.389,2.3356
2.2738,2.2738,2.2738,2.2738,2.2738,2.2738,2.2738,2.2738,2.2738,2.2738,2.2738,2.2738,2.2738,2.2738,0.8843,1.5239,2.1631,2.8024,3.4416,4.0808,4.72,5.3592,5.522,5.522,5.522
2.2702,2.2702,2.2702,2.2702,2.2702,2.2702,2.2702,2.2702,2.2702,2.2702,1.8607,1.0915,2.7845,2.7726,2.8265,2.8866,2.9573,3.0283,3.1005,3.1727,3.245,3.3174,3.3897,3.4621,3.5344
1.6424,1.6508,1.6774,1.729,1.784,1.8496,1.9152,1.9822,2.0491,2.1162,2.1833,2.2394,2.2666,1.0906,2.2628,2.2277,2.1864,2.145,2.1029,2.0607,2.0185,1.9763,1.934,1.8918,1.8495
2.263,2.263,2.263,2.263,2.263,2.263,2.2428,2.1676,2.0924,2.0171,1.9418,1.8788,1.825,0.4913,1.7768,1.8919,1.9383,1.9848,2.0321,2.0794,2.1268,2.1742,2.2217,2.2691,2.3165
2.2594,2.2594,2.2594,2.2594,2.2594,2.2594,2.2594,2.2594,2.2594,2.2594,1.613,0.9462,5.4872,5.4872,5.4872,5.4872,5.4872,5.4872,5.4872,5.4872,5.4872,5.4872,5.4872,5.4872,5.4872
2.2559,2.2559,2.2559,2.2559,2.2559,2.2559,2.2559,2.2559,2.2559,2.2559,2.2559,2.2559,2.2559,2.2559,0.9683,1.6687,2.3687,3.0687,3.7687,4.4686,4.7377,4.6386,4.5394,4.4403,4.3411
2.2523,2.2523,2.2523,2.2523,2.2523,2.192,2.1222,2.0511,1.98,1.9087,1.8374,1.7779,0.6834,1.7196,1.753,1.7903,1.8341,1.8781,1.9229,1.9677,2.0125,2.0574,2.1023,2.1472,2.192
1.7081,1.7169,1.7446,1.7982,1.8554,1.9236,1.9919,2.0615,2.1311,2.2009,2.2488,2.2488,0.793,2.3861,2.3534,2.3169,2.2739,2.2309,2.187,2.1432,2.0993,2.0554,2.0114,1.9675,1.9236
2.2453,2.2453,2.2453,2.2453,2.2453,2.2453,2.2453,2.2453,2.2453,2.2453,2.2453,2.2453,2.2453,2.2453,0.9991,1.7217,2.444,3.1662,3.7928,3.8812,3.9697,4.0582,4.1467,4.2352,4.3237
2.2418,2.2418,2.2418,2.2418,2.2418,2.2418,2.2418,2.2418,2.2418,2.2418,1.5942,0.9352,5.4443,5.4443,5.4443,5.4443,5.4443,5.4443,5.4443,5.4443,5.4443,5.4443,5.4443,5.4443,5.4443
1.9227,1.9325,1.9637,2.0241,2.0884,2.1652,2.2383,2.2383,2.2383,2.2383,2.2383,2.2383,2.2383,0.6395,1.6279,2.6078,2.5595,2.511,2.4617,2.4124,2.3629,2.3135,2.264,2.2146,2.1651
2.2348,2.2348,2.2299,2.1784,2.1236,2.0582,1.9927,1.9259,1.8591,1.7922,1.7253,1.6693,1.6215,1.4723,1.646,1.681,1.7221,1.7634,1.8055,1.8475,1.8897,1.9318,1.9739,2.0161,2.0582
2.2313,2.2313,2.2313,2.2313,2.2313,2.2313,2.2313,2.2313,2.2313,2.2313,1.962,1.151,3.6635,3.6746,3.6243,3.5681,3.502,3.4356,3.3681,3.3006,3.233,3.1653,3.0977,3.03,2.9623
2.2278,2.2278,2.2278,2.2278,2.2278,2.2278,2.2278,2.2278,2.2278,2.2278,2.2278,2.2278,2.2278,2.2278,0.8902,1.534,2.1776,2.8211,3.4646,4.108,4.7515,5.3949,5.4104,5.4104,5.4104
2.2244,2.2244,2.2244,2.2244,2.2244,2.2244,2.2244,2.2244,2.2244,2.2244,2.2244,1.335,0.433,2.1818,2.2242,2.2715,2.3271,2.3829,2.4398,2.4966,2.5535,2.6104,2.6674,2.7243,2.7813
1.6222,1.6305,1.6568,1.7078,1.762,1.8268,1.8917,1.9578,2.0239,2.0902,2.1564,2.2118,2.2209,2.266,2.235,2.2003,2.1595,2.1186,2.077,2.0354,1.9937,1.9519,1.9102,1.8685,1.8268
2.2175,2.2175,2.2175,2.2175,2.2175,2.2175,2.2175,2.2175,2.2175,2.2175,2.2175,2.2175,2.1637,0.4183,1.3293,2.243,2.298,2.3531,2.4092,2.4653,2.5215,2.5777,2.634,2.6902,2.7464
2.2141,2.2141,2.2141,2.2141,2.2141,2.2141,2.2141,2.2141,2.2141,2.2074,1.5625,0.9166,5.377,5.377,5.377,5.377,5.377,5.377,5.377,5.377,5.377,5.377,5.377,5.377,5.377
2.2106,2.2106,2.2106,2.2106,2.2106,2.2106,2.2106,2.2106,2.2106,2.2106,2.2106,2.2106,2.2106,2.2106,1.1171,1.9251,2.7326,3.5296,3.4603,3.3909,3.3214,3.2519,3.1824,3.1129,3.0434
2.2072,2.2072,2.2072,2.2025,2.1471,2.0809,2.0147,1.9472,1.8797,1.812,1.7444,1.6878,1.4793,1.6324,1.6642,1.6996,1.7412,1.783,1.8255,1.868,1.9106,1.9532,1.9958,2.0384,2.081
1.9228,1.9326,1.9638,2.0242,2.0885,2.1653,2.2038,2.2038,2.2038,2.2038,2.2038,1.727,0.6297,2.6858,2.649,2.6079,2.5596,2.5111,2.4618,2.4125,2.363,2.3136,2.2641,2.2147,2.1652
2.2005,2.2005,2.2005,2.2005,2.2005,2.2005,2.2005,2.2005,2.2005,2.2005,2.2005,2.2005,2.2005,2.2005,0.9285,1.6001,2.2713,2.9425,3.6137,4.2848,4.956,5.344,5.344,5.344,5.344
2.1971,2.1971,2.1971,2.1971,2.1971,2.1971,2.1971,2.1971,2.1971,2.1971,1.7545,1.0292,3.5635,3.5483,3.6172,3.6942,3.7846,3.8754,3.9678,4.0602,4.1528,4.2454,4.338,4.4306,4.5232
1.7465,1.7554,1.7837,1.8386,1.897,1.9668,2.0366,2.1078,2.179,2.1937,2.1937,2.1937,2.1937,0.7072,2.4062,2.3688,2.325,2.2809,2.2361,2.1913,2.1464,2.1015,2.0566,2.0116,1.9667
2.1904,2.1904,2.1904,2.1904,2.1904,2.1904,2.1474,2.0754,2.0035,1.9314,1.8592,1.799,1.7474,0.6632,1.7738,1.8115,1.8559,1.9004,1.9457,1.991,2.0364,2.0818,2.1272,2.1726,2.218
2.187,2.187,2.187,2.187,2.187,2.187,2.187,2.187,2.187,2.187,1.7382,1.0197,5.2954,5.3114,5.2386,5.1574,5.0618,4.966,4.8684,4.7708,4.673,4.5753,4.4775,4.3797,4.2819
2.1837,2.1837,2.1837,2.1837,2.1837,2.1837,2.1837,2.1837,2.1837,2.1837,2.1837,2.1837,2.1837,2.1837,0.9403,1.6204,2.3002,2.9799,3.6596,4.3393,5.019,5.3033,5.3033,5.3033,5.3033
2.1804,2.1804,2.1804,2.1804,2.1804,2.1804,2.1804,2.1804,2.1643,2.0865,2.0085,1.8139,0.5343,1.8797,1.9162,1.957,2.0049,2.053,2.1019,2.1509,2.1999,2.249,2.298,2.3471,2.3961
1.6807,1.6893,1.7166,1.7694,1.8256,1.8927,1.9599,2.0284,2.0969,2.1656,2.1771,2.1771,1.314,2.3478,2.3156,2.2797,2.2374,2.1951,2.1519,2.1088,2.0656,2.0224,1.9791,1.9359,1.8927
2.1738,2.1738,2.1738,2.1738,2.1738,2.1738,2.1738,2.1738,2.1738,2.1738,2.1738,2.1738,2.1738,2.1738,1.1093,1.9116,2.7135,3.0461,3.1187,3.1913,3.2641,3.3369,3.4097,3.4825,3.5552
2.1705,2.1705,2.1705,2.1705,2.1705,2.1705,2.1705,2.1705,2.1705,2.1705,1.5884,0.9318,5.2712,5.2712,5.2712,5.2712,5.2712,5.2712,5.2712,5.2712,5.2712,5.2712,5.2712,5.2712,5.2712
2.1672,2.1672,2.1672,2.1672,2.1672,2.1672,2.1672,2.1672,2.1672,2.1672,2.1672,2.1672,2.1672,2.1672,1.39,2.3954,2.8916,2.8369,2.7811,2.7254,2.6695,2.6137,2.5578,2.5019,2.4461
2.1639,2.1639,2.1639,2.1639,2.1417,2.0757,2.0097,1.9423,1.875,1.8075,1.74,1.6836,1.6353,1.6284,1.66,1.6953,1.7368,1.7785,1.8209,1.8633,1.9058,1.9483,1.9908,2.0333,2.0758
2.1607,2.1607,2.1607,2.1607,2.1607,2.1607,2.1607,2.1607,2.1607,2.1607,2.1607,1.3263,3.2227,3.2324,3.1881,3.1387,3.0805,3.0222,2.9628,2.9034,2.8439,2.7844,2.7249,2.6654,2.6059
2.1574,2.1574,2.1574,2.1574,2.1574,2.1574,2.1574,2.1574,2.1574,2.1574,2.1574,2.1574,2.1574,2.1574,0.9086,1.5657,2.2225,2.8793,3.5361,4.1928,4.8496,5.2394,5.2394,5.2394,5.2394
2.1542,2.1542,2.1542,2.1542,2.1542,2.1542,2.1542,2.1542,2.1542,2.1542,2.0513,1.2034,0.5107,2.5732,2.6232,2.679,2.7446,2.8104,2.8774,2.9444,3.0116,3.0787,3.1459,3.213,3.2802
1.6755,1.6841,1.7112,1.7639,1.8199,1.8869,1.9538,2.0221,2.0904,2.1509,2.1509,2.1509,2.1509,1.7795,2.3084,2.2726,2.2305,2.1883,2.1453,2.1023,2.0592,2.0161,1.973,1.9299,1.8868
2.1477,2.1477,2.1477,2.1477,2.1477,2.1477,2.1477,2.1477,2.1477,2.1477,2.1185,2.0498,1.9911,0.4458,1.6123,2.0641,2.1146,2.1654,2.217,2.2686,2.3203,2.3721,2.4238,2.4756,2.5273
2.1445,2.1445,2.1445,2.1445,2.1445,2.1445,2.1445,2.1445,2.1445,2.1445,1.6334,0.9582,5.2081,5.2081,5.2081,5.2081,5.2081,5.2081,5.2081,5.2081,5.2081,5.2081,5.2081,5.2081,5.2081
2.1413,2.1413,2.1413,2.1413,2.1413,2.1413,2.1413,2.1413,2.1413,2.1413,2.1413,2.1413,2.1413,2.1413,1.0466,1.8037,2.5603,3.3169,4.0735,4.2595,4.1722,4.0849,3.9976,3.9103,3.8229
2.1381,2.1381,2.1381,2.1381,2.1381,2.1381,2.1325,2.061,1.9896,1.918,1.8463,1.7865,0.8842,1.7279,1.7614,1.7989,1.843,1.8872,1.9322,1.9772,2.0223,2.0673,2.1124,2.1575,2.2026
1.8307,1.8401,1.8697,1.9272,1.9885,2.0616,2.1348,2.1349,2.1349,2.1349,2.1349,2.1349,0.6691,2.5572,2.5222,2.4831,2.4371,2.3909,2.3439,2.297,2.2499,2.2028,2.1557,2.1086,2.0615
2.1317,2.1317,2.1317,2.1317,2.1317,2.1317,2.1317,2.1317,2.1317,2.1317,2.1317,2.1317,2.1317,2.1317,0.9956,1.7157,2.4355,3.1552,3.8749,4.5946,4.8953,5.0045,5.1136,5.1771,5.1771
2.1286,2.1286,2.1286,2.1286,2.1286,2.1286,2.1286,2.1286,2.1286,2.1286,1.6951,0.9944,4.9998,4.9784,5.0751,5.1694,5.1694,5.1694,5.1694,5.1694,5.1694,5.1694,5.1694,5.1694,5.1694
1.8988,1.9085,1.9392,1.9989,2.0624,2.1254,2.1254,2.1254,2.1254,2.1254,2.1254,2.1254,2.1254,0.6073,1.9424,2.5754,2.5277,2.4798,2.4311,2.3823,2.3335,2.2847,2.2359,2.187,2.1382
2.1223,2.1223,2.1223,2.1223,2.1223,2.1223,2.1031,2.0326,1.9621,1.8915,1.8209,1.7618,1.7114,1.0275,1.7372,1.7741,1.8176,1.8612,1.9055,1.9499,1.9944,2.0388,2.0833,2.1278,2.1723
2.1191,2.1191,2.1191,2.1191,2.1191,2.1191,2.1191,2.1191,2.1191,2.1191,1.9182,1.1253,4.2665,4.2794,4.2208,4.1553,4.0783,4.0011,3.9225,3.8439,3.7651,3.6863,3.6075,3.5287,3.4499
2.116,2.116,2.116,2.116,2.116,2.116,2.116,2.116,2.116,2.116,2.116,2.116,2.116,2.116,0.9328,1.6075,2.2818,2.9561,3.6304,4.3047,4.9789,5.1389,5.1389,5.1389,5.1389
2.1129,2.1129,2.1129,2.1129,2.1129,2.1129,2.1129,2.1129,2.1129,2.1129,2.1129,1.5256,0.4494,2.1088,2.1498,2.1955,2.2493,2.3032,2.3581,2.413,2.4681,2.5231,2.5781,2.6332,2.6882
1.688,1.6966,1.724,1.777,1.8334,1.9009,1.9683,2.0372,2.106,2.1098,2.1098,2.1098,2.1098,2.3579,2.3256,2.2895,2.2471,2.2045,2.1612,2.1179,2.0745,2.0311,1.9877,1.9442,1.9008
2.1067,2.1067,2.1067,2.1067,2.1067,2.1067,2.1067,2.1067,2.1067,2.1067,2.1067,2.1067,2.1067,0.4708,1.2678,2.1848,2.5862,2.6482,2.7114,2.7745,2.8378,2.901,2.9643,3.0276,3.0909
2.1036,2.1036,2.1036,2.1036,2.1036,2.1036,2.1036,2.1036,2.1036,2.1036,1.6145,0.9471,5.1087,5.1087,5.1087,5.1087,5.1087,5.1087,5.1087,5.1087,5.1087,5.1087,5.1087,5.1087,5.1087
2.1005,2.1005,2.1005,2.1005,2.1005,2.1005,2.1005,2.1005,2.1005,2.1005,2.1005,2.1005,2.1005,2.1005,1.2412,2.1389,3.0361,3.3127,3.2476,3.1825,3.1173,3.0521,2.9868,2.9216,2.8564
2.0974,2.0974,2.0974,2.0974,2.0974,2.0974,2.0672,1.9979,1.9287,1.8593,1.7898,1.7318,1.6822,1.675,1.7075,1.7439,1.7866,1.8294,1.873,1.9167,1.9604,2.0041,2.0478,2.0915,2.1352
2.0944,2.0944,2.0944,2.0944,2.0944,2.0944,2.0944,2.0944,2.0944,2.0944,2.0944,1.5888,0.5984,2.9513,2.9109,2.8657,2.8126,2.7593,2.7051,2.6509,2.5966,2.5423,2.4879,2.4336,2.3792
2.0913,2.0913,2.0913,2.0913,2.0913,2.0913,2.0913,2.0913,2.0913,2.0913,2.0913,2.0913,2.0913,2.0913,0.9458,1.63,2.3137,2.9975,3.6812,4.3649,5.0485,5.0789,5.0789,5.0789,5.0789
2.0883,2.0883,2.0883,2.0883,2.0883,2.0883,2.0883,2.0883,2.0883,2.0883,1.9092,1.12,3.1943,3.1807,3.2425,3.3115,3.3926,3.474,3.5568,3.6396,3.7226,3.8056,3.8886,3.9716,4.0547
1.7658,1.7748,1.8034,1.8589,1.9179,1.9885,2.0591,2.0852,2.0852,2.0852,2.0852,2.0852,2.0852,0.9467,2.4327,2.395,2.3506,2.3061,2.2608,2.2155,2.1701,2.1247,2.0793,2.0338,1.9884
2.0822,2.0822,2.0822,2.0822,2.0822,2.0822,2.0822,2.0822,2.0822,2.0822,2.0054,1.9403,1.8847,0.5737,1.9132,1.9539,2.0017,2.0497,2.0986,2.1475,2.1964,2.2454,2.2944,2.3434,2.3924
2.0792,2.0792,2.0792,2.0792,2.0792,2.0792,2.0792,2.0792,2.0792,2.0792,1.7434,1.0227,5.0495,5.0495,5.0495,5.0495,5.0495,5.0495,5.0495,5.0495,5.0495,5.0495,5.0495,5.0495,5.0495
2.0762,2.0762,2.0762,2.0762,2.0762,2.0762,2.0762,2.0762,2.0762,2.0762,2.0762,2.0762,2.0762,2.0762,1.006,1.7336,2.4609,3.1881,3.9153,4.6425,5.0421,5.0421,5.0421,5.0421,5.0421
2.0732,2.0732,2.0732,2.0732,2.0732,2.0732,2.0732,2.0732,2.0732,2.0732,1.9972,1.9324,0.6483,1.8691,1.9054,1.9459,1.9936,2.0414,2.0901,2.1387,2.1875,2.2363,2.2851,2.3339,2.3826
1.7845,1.7936,1.8226,1.8786,1.9383,2.0096,2.0702,2.0702,2.0702,2.0702,2.0702,2.0702,0.9849,2.4927,2.4586,2.4204,2.3756,2.3306,2.2848,2.239,2.1931,2.1472,2.1013,2.0554,2.0095
2.0672,2.0672,2.0672,2.0672,2.0672,2.0672,2.0672,2.0672,2.0672,2.0672,2.0672,2.0672,2.0672,2.0672,1.0926,1.8828,2.6726,3.4625,3.6801,3.7658,3.8517,3.9376,4.0234,4.1093,4.1952
2.0642,2.0642,2.0642,2.0642,2.0642,2.0642,2.0642,2.0642,2.0642,2.0642,1.6743,0.9822,5.0131,5.0131,5.0131,5.0131,5.0131,5.0131,5.0131,5.0131,5.0131,5.0131,5.0131,5.0131,5.0131
2.0613,2.0613,2.0613,2.0613,2.0613,2.0613,2.0613,2.0613,2.0613,2.0613,2.0613,2.0613,2.0613,0.5889,1.606,2.7675,2.8177,2.7644,2.7101,2.6557,2.6013,2.5469,2.4924,2.438,2.3836
2.0583,2.0583,2.0583,2.0583,2.0583,2.0583,2.0583,2.0329,1.9624,1.8918,1.8212,1.7621,1.7116,1.7043,1.7374,1.7744,1.8179,1.8615,1.9058,1.9502,1.9947,2.0392,2.0837,2.1281,2.1726
2.0553,2.0553,2.0553,2.0553,2.0553,2.0553,2.0553,2.0553,2.0553,2.0553,2.0553,1.2766,3.6612,3.6723,3.622,3.5658,3.4998,3.4335,3.366,3.2986,3.231,3.1634,3.0957,3.0281,2.9605
2.0524,2.0524,2.0524,2.0524,2.0524,2.0524,2.0524,2.0524,2.0524,2.0524,2.0524,2.0524,2.0524,2.0524,0.9444,1.6274,2.3101,2.9928,3.6754,4.358,4.9844,4.9844,4.9844,4.9844,4.9844
2.0495,2.0495,2.0495,2.0495,2.0495,2.0495,2.0495,2.0495,2.0495,2.0495,2.0495,1.3483,0.4844,2.4407,2.4881,2.541,2.6033,2.6657,2.7293,2.7928,2.8565,2.9202,2.9839,3.0476,3.1113
1.7294,1.7383,1.7663,1.8207,1.8785,1.9476,2.0167,2.0465,2.0465,2.0465,2.0465,2.0465,2.0465,2.4158,2.3827,2.3458,2.3023,2.2587,2.2143,2.1699,2.1255,2.081,2.0365,1.992,1.9475
2.0436,2.0436,2.0436,2.0436,2.0436,2.0436,2.0436,2.0436,2.0436,2.0436,2.0436,2.0436,2.0436,0.4263,1.5022,2.2855,2.3415,2.3977,2.4549,2.512,2.5693,2.6266,2.6839,2.7412,2.7985
2.0407,2.0407,2.0407,2.0407,2.0407,2.0407,2.0407,2.0407,2.0407,2.0407,1.6741,0.9821,4.956,4.956,4.956,4.956,4.956,4.956,4.956,4.956,4.956,4.956,4.956,4.956,4.956
2.0378,2.0378,2.0378,2.0378,2.0378,2.0378,2.0378,2.0378,2.0378,2.0378,2.0378,2.0378,2.0378,2.0378,1.1471,1.9767,2.8059,3.6352,3.9586,3.8792,3.7997,3.7202,3.6407,3.5612,3.4816
2.0349,2.0349,2.0349,2.0349,2.0349,2.0349,2.0349,2.0349,2.0242,1.9513,1.8785,1.8175,1.2365,1.7579,1.7921,1.8302,1.875,1.92,1.9658,2.0116,2.0574,2.1033,2.1492,2.1951,2.241
1.9879,1.9981,2.0303,2.032,2.032,2.032,2.032,2.032,2.032,2.032,2.032,2.0068,0.5911,2.7769,2.7388,2.6964,2.6464,2.5963,2.5453,2.4942,2.4431,2.392,2.3409,2.2898,2.2386
2.0292,2.0292,2.0292,2.0292,2.0292,2.0292,2.0292,2.0292,2.0292,2.0292,2.0292,2.0292,2.0292,2.0292,1.0051,1.7322,2.4588,3.1854,3.912,4.6385,4.928,4.928,4.928,4.928,4.928
2.0263,2.0263,2.0263,2.0263,2.0263,2.0263,2.0263,2.0263,2.0263,2.0263,1.8253,1.0708,4.2284,4.2104,4.2922,4.3835,4.4908,4.5986,4.7082,4.8178,4.921,4.921,4.921,4.921,4.921
1.9011,1.9109,1.9417,2.0014,2.0234,2.0234,2.0234,2.0234,2.0234,2.0234,2.0234,2.0234,2.0234,0.6643,2.4027,2.5786,2.5308,2.4829,2.4341,2.3853,2.3364,2.2876,2.2387,2.1898,2.1409
2.0206,2.0206,2.0206,2.0206,2.0206,2.0206,2.0206,2.0206,2.0206,2.0206,1.9455,1.8824,1.8285,0.8111,1.8561,1.8955,1.942,1.9885,2.036,2.0834,2.1309,2.1784,2.2259,2.2734,2.3209
2.0177,2.0177,2.0177,2.0177,2.0177,2.0177,2.0177,2.0177,2.0177,2.0177,1.9033,1.1165,4.9002,4.9002,4.9002,4.9002,4.8845,4.792,4.6978,4.6037,4.5093,4.415,4.3206,4.2262,4.1319
2.0149,2.0149,2.0149,2.0149,2.0149,2.0149,2.0149,2.0149,2.0149,2.0149,2.0149,2.0149,2.0149,2.0149,0.9893,1.7049,2.42,3.1352,3.8503,4.5654,4.8933,4.8933,4.8933,4.8933,4.8933
2.0121,2.0121,2.0121,2.0121,2.0121,2.0121,2.0121,2.0121,2.0121,2.0121,2.0121,1.7841,0.5255,2.0715,2.1117,2.1566,2.2095,2.2624,2.3164,2.3703,2.4244,2.4784,2.5325,2.5866,2.6406
1.7775,1.7866,1.8155,1.8713,1.9307,2.0018,2.0093,2.0093,2.0093,2.0093,2.0093,2.0093,1.8527,2.483,2.449,2.411,2.3663,2.3215,2.2759,2.2303,2.1846,2.1389,2.0931,2.0474,2.0017
2.0064,2.0064,2.0064,2.0064,2.0064,2.0064,2.0064,2.0064,2.0064,2.0064,2.0064,2.0064,2.0064,2.0064,1.2312,2.1217,2.9686,3.0398,3.1123,3.1848,3.2574,3.33,3.4027,3.4753,3.548
2.0036,2.0036,2.0036,2.0036,2.0036,2.0036,2.0036,2.0036,2.0036,2.0036,1.6884,0.9905,4.866,4.866,4.866,4.866,4.866,4.866,4.866,4.866,4.866,4.866,4.866,4.866,4.866
2.0008,2.0008,2.0008,2.0008,2.0008,2.0008,2.0008,2.0008,2.0008,2.0008,2.0008,2.0008,2.0008,0.5717,1.4034,2.4184,3.2353,3.174,3.1117,3.0493,2.9868,2.9243,2.8618,2.7993,2.7368
1.998,1.998,1.998,1.998,1.998,1.998,1.998,1.998,1.998,1.931,1.8589,1.7986,1.7471,1.7396,1.7734,1.8111,1.8555,1.9,1.9453,1.9906,2.036,2.0814,2.1268,2.1722,2.2176
1.9953,1.9953,1.9953,1.9953,1.9953,1.9953,1.9953,1.9953,1.9953,1.9953,1.9953,1.4979,0.5701,3.295,3.2499,3.1995,3.1402,3.0807,3.0202,2.9596,2.899,2.8383,2.7777,2.717,2.6563
1.9925,1.9925,1.9925,1.9925,1.9925,1.9925,1.9925,1.9925,1.9925,1.9925,1.9925,1.9925,1.9925,1.9925,0.9755,1.6811,2.3862,3.0914,3.7966,4.5017,4.8389,4.8389,4.8389,4.8389,4.8389
1.9897,1.9897,1.9897,1.9897,1.9897,1.9897,1.9897,1.9897,1.9897,1.9897,1.9897,1.2368,2.9514,2.9388,2.9959,3.0596,3.1346,3.2098,3.2863,3.3628,3.4395,3.5162,3.5929,3.6696,3.7463
1.8081,1.8173,1.8466,1.9034,1.9639,1.987,1.987,1.987,1.987,1.987,1.987,1.987,1.987,1.4034,2.4911,2.4524,2.407,2.3614,2.315,2.2686,2.2221,2.1756,2.1291,2.0826,2.0361
1.9842,1.9842,1.9842,1.9842,1.9842,1.9842,1.9842,1.9842,1.9842,1.9842,1.9842,1.9842,1.9842,0.5163,1.8672,2.137,2.1893,2.2419,2.2953,2.3488,2.4023,2.4559,2.5094,2.563,2.6166
1.9815,1.9815,1.9815,1.9815,1.9815,1.9815,1.9815,1.9815,1.9815,1.9815,1.7719,1.0394,4.8122,4.8122,4.8122,4.8122,4.8122,4.8122,4.8122,4.8122,4.8122,4.8122,4.8122,4.8122,4.8122
1.9787,1.9787,1.9787,1.9787,1.9787,1.9787,1.9787,1.9787,1.9787,1.9787,1.9787,1.9787,1.9787,1.9787,1.0907,1.8797,2.6682,3.4567,4.2451,4.8055,4.8055,4.8055,4.7144,4.6114,4.5084
1.976,1.976,1.976,1.976,1.976,1.976,1.976,1.976,1.976,1.976,1.976,1.9485,0.8203,1.8846,1.9212,1.962,2.0101,2.0583,2.1074,2.1565,2.2056,2.2548,2.304,2.3532,2.4024
1.9194,1.9292,1.9603,1.9733,1.9733,1.9733,1.9733,1.9733,1.9733,1.9733,1.9733,1.9733,0.8092,2.6811,2.6444,2.6033,2.5551,2.5067,2.4575,2.4082,2.3589,2.3095,2.2601,2.2108,2.1614
1.9706,1.9706,1.9706,1.9706,1.9706,1.9706,1.9706,1.9706,1.9706,1.9706,1.9706,1.9706,1.9706,1.9706,1.0922,1.8821,2.6717,3.4612,4.2507,4.5873,4.6919,4.7857,4.7857,4.7857,4.7857
1.9679,1.9679,1.9679,1.9679,1.9679,1.9679,1.9679,1.9679,1.9679,1.9679,1.7873,1.0485,4.7791,4.7791,4.7791,4.7791,4.7791,4.7791,4.7791,4.7791,4.7791,4.7791,4.7791,4.7791,4.7791
1.9652,1.9652,1.9652,1.9652,1.9652,1.9652,1.9652,1.9652,1.9652,1.9652,1.9652,1.9652,1.9652,0.5615,1.9037,2.8427,2.7901,2.7372,2.6834,2.6296,2.5758,2.5219,2.468,2.4141,2.3601
1.9625,1.9625,1.9625,1.9625,1.9625,1.9625,1.9625,1.9625,1.9625,1.9625,1.9302,1.8676,1.8141,1.38,1.8415,1.8806,1.9267,1.9729,2.0199,2.067,2.1141,2.1612,2.2084,2.2555,2.3027
1.9598,1.9598,1.9598,1.9598,1.9598,1.9598,1.9598,1.9598,1.9598,1.9598,1.9598,1.2506,4.2508,4.2637,4.2052,4.14,4.0633,3.9863,3.908,3.8297,3.7512,3.6727,3.5942,3.5157,3.4372
1.9571,1.9571,1.9571,1.9571,1.9571,1.9571,1.9571,1.9571,1.9571,1.9571,1.9571,1.9571,1.9571,1.9571,0.9939,1.7128,2.4314,3.1499,3.8683,4.5868,4.753,4.753,4.753,4.753,4.753
1.9545,1.9545,1.9545,1.9545,1.9545,1.9545,1.9545,1.9545,1.9545,1.9545,1.9545,1.5397,0.4687,2.3615,2.4074,2.4586,2.5188,2.5793,2.6407,2.7022,2.7639,2.8255,2.8871,2.9488,3.0104
1.8078,1.817,1.8463,1.9031,1.9518,1.9518,1.9518,1.9518,1.9518,1.9518,1.9518,1.9518,1.9518,2.5252,2.4906,2.452,2.4066,2.361,2.3146,2.2682,2.2217,2.1752,2.1287,2.0822,2.0357
1.9492,1.9492,1.9492,1.9492,1.9492,1.9492,1.9492,1.9492,1.9492,1.9492,1.9492,1.9492,1.9492,0.4802,1.4322,2.4681,2.6377,2.7009,2.7653,2.8297,2.8942,2.9588,3.0233,3.0879,3.1524
1.9465,1.9465,1.9465,1.9465,1.9465,1.9465,1.9465,1.9465,1.9465,1.9465,1.7379,1.0195,4.7272,4.7272,4.7272,4.7272,4.7272,4.7272,4.7272,4.7272,4.7272,4.7272,4.7272,4.7272,4.7272
1.9439,1.9439,1.9439,1.9439,1.9439,1.9439,1.9439,1.9439,1.9439,1.9439,1.9439,1.9439,1.9439,1.9439,1.2772,2.201,3.1242,3.781,3.7067,3.6324,3.558,3.4836,3.4091,3.3346,3.2602
1.9412,1.9412,1.9412,1.9412,1.9412,1.9412,1.9412,1.9412,1.9412,1.9412,1.9364,1.8736,1.8199,1.8122,1.8474,1.8867,1.9329,1.9792,2.0264,2.0736,2.1209,2.1682,2.2155,2.2628,2.3101
1.9386,1.9386,1.9386,1.9386,1.9386,1.9386,1.9386,1.9386,1.9386,1.9386,1.9386,1.8364,0.5539,3.0606,3.0187,2.9719,2.9168,2.8616,2.8053,2.7491,2.6928,2.6364,2.5801,2.5237,2.4674
1.936,1.936,1.936,1.936,1.936,1.936,1.936,1.936,1.936,1.936,1.936,1.936,1.936,1.936,1.0286,1.7726,2.5162,3.2598,4.0033,4.7017,4.7017,4.7017,4.7017,4.7017,4.7017
1.9334,1.9334,1.9334,1.9334,1.9334,1.9334,1.9334,1.9334,1.9334,1.9334,1.9334,1.1695,3.7514,3.7354,3.808,3.889,3.9843,4.0798,4.1771,4.2744,4.3718,4.4693,4.5668,4.6643,4.6953
1.9307,1.9308,1.9308,1.9308,1.9308,1.9308,1.9308,1.9308,1.9308,1.9308,1.9308,1.9308,1.9308,0.8639,2.6599,2.6187,2.5701,2.5215,2.4719,2.4224,2.3727,2.3231,2.2734,2.2238,2.1741
1.9282,1.9282,1.9282,1.9282,1.9282,1.9282,1.9282,1.9282,1.9282,1.9282,1.9282,1.9282,1.9282,0.6883,2.0105,2.0533,2.1036,2.154,2.2054,2.2567,2.3082,2.3596,2.4111,2.4626,2.5141
1.9256,1.9256,1.9256,1.9256,1.9256,1.9256,1.9256,1.9256,1.9256,1.9256,1.917,1.1246,4.6764,4.6764,4.6764,4.6764,4.6764,4.6764,4.6764,4.6764,4.6764,4.6764,4.6764,4.6764,4.6764
1.923,1.923,1.923,1.923,1.923,1.923,1.923,1.923,1.923,1.923,1.923,1.923,1.923,1.923,1.0634,1.8326,2.6013,3.37,4.1387,4.6702,4.6702,4.6702,4.6702,4.6702,4.6702
1.9204,1.9204,1.9204,1.9204,1.9204,1.9204,1.9204,1.9204,1.9204,1.9204,1.9204,1.9204,0.6325,2.0677,2.1079,2.1527,2.2054,2.2583,2.3122,2.366,2.42,2.4739,2.5279,2.5818,2.6358
1.8968,1.9065,1.9179,1.9179,1.9179,1.9179,1.9179,1.9179,1.9179,1.9179,1.9179,1.9179,1.2817,2.6496,2.6133,2.5728,2.5251,2.4773,2.4286,2.3799,2.3312,2.2824,2.2336,2.1848,2.136
1.9153,1.9153,1.9153,1.9153,1.9153,1.9153,1.9153,1.9153,1.9153,1.9153,1.9153,1.9153,1.9153,1.9153,1.2166,2.0966,2.9761,3.5742,3.6594,3.7446,3.83,3.9154,4.0008,4.0862,4.1716
1.9127,1.9127,1.9127,1.9127,1.9127,1.9127,1.9127,1.9127,1.9127,1.9127,1.7892,1.0496,4.6452,4.6452,4.6452,4.6452,4.6452,4.6452,4.6452,4.6452,4.6452,4.6452,4.6452,4.6452,4.6452
1.9102,1.9102,1.9102,1.9102,1.9102,1.9102,1.9102,1.9102,1.9102,1.9102,1.9102,1.9102,1.9102,0.5458,1.6202,2.792,3.1606,3.1007,3.0398,2.9789,2.9178,2.8568,2.7957,2.7346,2.6736
1.9077,1.9077,1.9077,1.9077,1.9077,1.9077,1.9077,1.9077,1.9077,1.9077,1.9077,1.8928,1.8386,1.8308,1.8663,1.906,1.9527,1.9995,2.0472,2.0949,2.1427,2.1904,2.2382,2.286,2.3338
1.9051,1.9051,1.9051,1.9051,1.9051,1.9051,1.9051,1.9051,1.9051,1.9051,1.9051,1.4437,0.5443,3.748,3.6966,3.6393,3.5719,3.5042,3.4354,3.3665,3.2975,3.2285,3.1595,3.0905,3.0215
1.9026,1.9026,1.9026,1.9026,1.9026,1.9026,1.9026,1.9026,1.9026,1.9026,1.9026,1.9026,1.9026,1.9026,1.0196,1.7571,2.4942,3.2313,3.9683,4.6206,4.6206,4.6206,4.6206,4.6206,4.6206
1.9001,1.9001,1.9001,1.9001,1.9001,1.9001,1.9001,1.9001,1.9001,1.9001,1.9001,1.3894,0.5429,2.7868,2.841,2.9014,2.9725,3.0438,3.1163,3.1889,3.2616,3.3343,3.4071,3.4798,3.5526
1.8769,1.8865,1.8976,1.8976,1.8976,1.8976,1.8976,1.8976,1.8976,1.8976,1.8976,1.8976,1.8976,2.5715,2.5858,2.5457,2.4986,2.4512,2.4031,2.3549,2.3067,2.2584,2.2101,2.1618,2.1136
1.895,1.895,1.895,1.895,1.895,1.895,1.895,1.895,1.895,1.895,1.895,1.895,1.895,0.4797,1.735,2.375,2.4332,2.4915,2.5509,2.6103,2.6698,2.7294,2.7889,2.8484,2.908
1.8925,1.8925,1.8925,1.8925,1.8925,1.8925,1.8925,1.8925,1.8925,1.8925,1.8263,1.0714,4.5962,4.5962,4.5962,4.5962,4.5962,4.5962,4.5962,4.5962,4.5962,4.5962,4.5962,4.5962,4.5962
1.89,1.89,1.89,1.89,1.89,1.89,1.89,1.89,1.89,1.89,1.89,1.89,1.89,1.89,1.2008,2.0693,2.9373,3.8053,4.5901,4.5446,4.4515,4.3584,4.2652,4.172,4.0789
1.8876,1.8876,1.8876,1.8876,1.8876,1.8876,1.8876,1.8876,1.8876,1.8876,1.8876,1.8876,1.1032,1.9281,1.9655,2.0073,2.0565,2.1058,2.156,2.2063,2.2566,2.3069,2.3572,2.4075,2.4578
1.8851,1.8851,1.8851,1.8851,1.8851,1.8851,1.8851,1.8851,1.8851,1.8851,1.8851,1.8851,0.7055,2.9263,2.8862,2.8414,2.7888,2.736,2.6822,2.6284,2.5746,2.5207,2.4668,2.4129,2.3591
1.8826,1.8826,1.8826,1.8826,1.8826,1.8826,1.8826,1.8826,1.8826,1.8826,1.8826,1.8826,1.8826,1.8826,1.1086,1.9104,2.7118,3.5132,4.3146,4.572,4.572,4.572,4.572,4.572,4.572
1.8801,1.8801,1.8801,1.8801,1.8801,1.8801,1.8801,1.8801,1.8801,1.8801,1.8801,1.1354,4.566,4.566,4.566,4.566,4.566,4.566,4.566,4.566,4.566,4.566,4.566,4.566,4.566
1.8777,1.8777,1.8777,1.8777,1.8777,1.8777,1.8777,1.8777,1.8777,1.8777,1.8777,1.8777,1.8777,0.6447,2.3317,2.8609,2.8079,2.7547,2.7006,2.6464,2.5922,2.538,2.4837,2.4295,2.3752
1.8752,1.8752,1.8752,1.8752,1.8752,1.8752,1.8752,1.8752,1.8752,1.8752,1.8752,1.8752,1.8752,1.0333,1.9793,2.0214,2.0709,2.1206,2.1712,2.2217,2.2724,2.3231,2.3737,2.4244,2.4751
1.8728,1.8728,1.8728,1.8728,1.8728,1.8728,1.8728,1.8728,1.8728,1.8728,1.8728,1.2467,0.5351,4.5481,4.5481,4.5481,4.5481,4.5481,4.5481,4.5481,4.4735,4.3799,4.2863,4.1926,4.099
1.8703,1.8703,1.8703,1.8703,1.8703,1.8703,1.8703,1.8703,1.8703,1.8703,1.8703,1.8703,1.8703,1.8703,1.0608,1.8281,2.595,3.3619,4.1287,4.5422,4.5422,4.5422,4.5422,4.5422,4.5422
1.8679,1.8679,1.8679,1.8679,1.8679,1.8679,1.8679,1.8679,1.8679,1.8679,1.8679,1.7991,0.5299,2.3292,2.3744,2.4249,2.4843,2.5439,2.6046,2.6652,2.726,2.7868,2.8475,2.9083,2.9691
1.8655,1.8655,1.8655,1.8655,1.8655,1.8655,1.8655,1.8655,1.8655,1.8655,1.8655,1.8655,1.8655,2.6767,2.64,2.5991,2.5509,2.5026,2.4535,2.4043,2.355,2.3057,2.2564,2.2072,2.1579
1.863,1.863,1.863,1.863,1.863,1.863,1.863,1.863,1.863,1.863,1.863,1.863,1.863,0.5323,1.3952,2.4043,3.0324,3.1051,3.1792,3.2532,3.3274,3.4016,3.4758,3.55,3.6242
1.8606,1.8606,1.8606,1.8606,1.8606,1.8606,1.8606,1.8606,1.8606,1.8606,1.8297,1.0734,4.5186,4.5186,4.5186,4.5186,4.5186,4.5186,4.5186,4.5186,4.5186,4.5186,4.5186,4.5186,4.5186
1.8582,1.8582,1.8582,1.8582,1.8582,1.8582,1.8582,1.8582,1.8582,1.8582,1.8582,1.8582,1.8582,0.5309,1.4487,2.4966,3.5439,3.6293,3.558,3.4867,3.4152,3.3438,3.2723,3.2008,3.1293
1.8558,1.8558,1.8558,1.8558,1.8558,1.8558,1.8558,1.8558,1.8558,1.8558,1.8558,1.8558,1.8558,1.895,1.9318,1.9729,2.0212,2.0697,2.119,2.1684,2.2178,2.2673,2.3167,2.3662,2.4157
1.8534,1.8534,1.8534,1.8534,1.8534,1.8534,1.8534,1.8534,1.8534,1.8534,1.8534,1.731,0.5295,3.4323,3.3852,3.3327,3.271,3.209,3.146,3.0829,3.0197,2.9566,2.8934,2.8302,2.767
1.851,1.851,1.851,1.851,1.851,1.851,1.851,1.851,1.851,1.851,1.851,1.851,1.851,1.851,1.0682,1.8408,2.6131,3.3853,4.1574,4.4953,4.4953,4.4953,4.4953,4.4953,4.4953
1.8486,1.8486,1.8486,1.8486,1.8486,1.8486,1.8486,1.8486,1.8486,1.8486,1.8486,1.2985,0.5282,3.44,3.5068,3.5814,3.6692,3.7572,3.8467,3.9363,4.0261,4.1158,4.2056,4.2954,4.3852
1.8462,1.8462,1.8462,1.8462,1.8462,1.8462,1.8462,1.8462,1.8462,1.8462,1.8462,1.8462,1.8462,1.2122,2.7425,2.7,2.6499,2.5997,2.5487,2.4976,2.4464,2.3952,2.344,2.2928,2.2416
1.8439,1.8439,1.8439,1.8439,1.8439,1.8439,1.8439,1.8439,1.8439,1.8439,1.8439,1.8439,1.8439,0.6143,2.2124,2.2594,2.3148,2.3703,2.4268,2.4833,2.54,2.5966,2.6532,2.7099,2.7665
1.8415,1.8415,1.8415,1.8415,1.8415,1.8415,1.8415,1.8415,1.8415,1.8415,1.8415,1.1507,4.4722,4.4722,4.4722,4.4722,4.4722,4.4722,4.4722,4.4722,4.4722,4.4722,4.4722,4.4722,4.4722
1.8391,1.8391,1.8391,1.8391,1.8391,1.8391,1.8391,1.8391,1.8391,1.8391,1.8391,1.8391,1.8391,1.8391,1.1607,2.0002,2.8393,3.6784,4.4665,4.4665,4.4665,4.4665,4.4665,4.4665,4.4665
1.8368,1.8368,1.8368,1.8368,1.8368,1.8368,1.8368,1.8368,1.8368,1.8368,1.8368,1.8368,0.7906,2.0986,2.1393,2.1848,2.2384,2.292,2.3467,2.4013,2.4561,2.5109,2.5656,2.6204,2.6752
1.8344,1.8344,1.8344,1.8344,1.8344,1.8344,1.8344,1.8344,1.8344,1.8344,1.8344,1.8344,1.0162,2.8703,2.831,2.7871,2.7354,2.6836,2.6309,2.5781,2.5253,2.4725,2.4196,2.3668,2.3139
1.8321,1.8321,1.8321,1.8321,1.8321,1.8321,1.8321,1.8321,1.8321,1.8321,1.8321,1.8321,1.8321,1.8321,1.2238,2.109,2.9937,3.8783,4.4345,4.4493,4.4493,4.4493,4.4493,4.4493,4.4493
1.8297,1.8297,1.8297,1.8297,1.8297,1.8297,1.8297,1.8297,1.8297,1.8297,1.8297,1.1289,4.4437,4.4437,4.4437,4.4437,4.4437,4.4437,4.4437,4.4437,4.4437,4.4437,4.4437,4.4437,4.4437
1.8274,1.8274,1.8274,1.8274,1.8274,1.8274,1.8274,1.8274,1.8274,1.8274,1.8274,1.8274,1.8274,0.5305,1.9188,3.207,3.1476,3.088,3.0273,2.9666,2.9058,2.845,2.7842,2.7234,2.6626
1.8251,1.8251,1.8251,1.8251,1.8251,1.8251,1.8251,1.8251,1.8251,1.8251,1.8251,1.8251,1.8251,1.9556,1.9936,2.036,2.0859,2.1359,2.1868,2.2378,2.2888,2.3398,2.3909,2.4419,2.4929
1.8228,1.8228,1.8228,1.8228,1.8228,1.8228,1.8228,1.8228,1.8228,1.8228,1.8228,1.4214,0.5208,4.3599,4.3001,4.2334,4.155,4.0763,3.9962,3.9161,3.8359,3.7556,3.6753,3.5951,3.5148
1.8204,1.8204,1.8204,1.8204,1.8204,1.8204,1.8204,1.8204,1.8204,1.8204,1.8204,1.8204,1.8204,1.8204,1.0818,1.8643,2.6464,3.4285,4.2105,4.4211,4.4211,4.4211,4.4211,4.4211,4.4211
1.8181,1.8181,1.8181,1.8181,1.8181,1.8181,1.8181,1.8181,1.8181,1.8181,1.8181,1.5929,0.5195,2.707,2.7596,2.8183,2.8873,2.9566,3.0271,3.0976,3.1682,3.2389,3.3095,3.3802,3.4508
1.8158,1.8158,1.8158,1.8158,1.8158,1.8158,1.8158,1.8158,1.8158,1.8158,1.8158,1.8158,1.8158,2.7632,2.7253,2.683,2.6333,2.5835,2.5327,2.4819,2.4311,2.3802,2.3293,2.2784,2.2276
1.8135,1.8135,1.8135,1.8135,1.8135,1.8135,1.8135,1.8135,1.8135,1.8135,1.8135,1.8135,1.8135,0.5016,1.658,2.6897,2.7556,2.8217,2.8889,2.9562,3.0236,3.091,3.1585,3.2259,3.2933
1.8112,1.8112,1.8112,1.8112,1.8112,1.8112,1.8112,1.8112,1.8112,1.8112,1.8112,1.1215,4.3987,4.3987,4.3987,4.3987,4.3987,4.3987,4.3987,4.3987,4.3987,4.3987,4.3987,4.3987,4.3987
1.809,1.809,1.809,1.809,1.809,1.809,1.809,1.809,1.809,1.809,1.809,1.809,1.809,0.5168,1.3456,2.3189,3.2916,4.2644,4.3419,4.2548,4.1676,4.0804,3.9932,3.906,3.8188
1.8067,1.8067,1.8067,1.8067,1.8067,1.8067,1.8067,1.8067,1.8067,1.8067,1.8067,1.8067,1.6372,2.0043,2.0432,2.0867,2.1378,2.1891,2.2413,2.2935,2.3458,2.3981,2.4504,2.5027,2.555
1.8044,1.8044,1.8044,1.8044,1.8044,1.8044,1.8044,1.8044,1.8044,1.8044,1.8044,1.8044,0.6429,3.2489,3.2044,3.1547,3.0962,3.0376,2.9779,2.9182,2.8584,2.7986,2.7388,2.679,2.6191
1.8021,1.8021,1.8021,1.8021,1.8021,1.8021,1.8021,1.8021,1.8021,1.8021,1.8021,1.8021,1.8021,1.8021,1.144,1.9715,2.7985,3.6255,4.3766,4.3766,4.3766,4.3766,4.3766,4.3766,4.3766
1.7999,1.7999,1.7999,1.7999,1.7999,1.7999,1.7999,1.7999,1.7999,1.7999,1.7999,1.25,0.5142,4.3711,4.3711,4.3711,4.3711,4.3711,4.3711,4.3711,4.3711,4.3711,4.3711,4.3711,4.3711
1.7976,1.7976,1.7976,1.7976,1.7976,1.7976,1.7976,1.7976,1.7976,1.7976,1.7976,1.7976,1.7976,0.8251,2.9756,2.9294,2.8751,2.8207,2.7653,2.7098,2.6543,2.5988,2.5432,2.4877,2.4321
1.7954,1.7954,1.7954,1.7954,1.7954,1.7954,1.7954,1.7954,1.7954,1.7954,1.7954,1.7954,1.7954,0.8563,2.1624,2.2084,2.2625,2.3167,2.372,2.4272,2.4826,2.5379,2.5933,2.6486,2.704
1.7931,1.7931,1.7931,1.7931,1.7931,1.7931,1.7931,1.7931,1.7931,1.7931,1.7931,1.2658,0.5123,4.3547,4.3547,4.3547,4.3547,4.3547,4.3547,4.3547,4.3547,4.3547,4.3547,4.3547,4.3547
1.7909,1.7909,1.7909,1.7909,1.7909,1.7909,1.7909,1.7909,1.7909,1.7909,1.7909,1.7909,1.7909,1.7909,1.1506,1.9828,2.8145,3.6463,4.3493,4.3493,4.3493,4.3493,4.3493,4.3493,4.3493
1.7886,1.7886,1.7886,1.7886,1.7886,1.7886,1.7886,1.7886,1.7886,1.7886,1.7886,1.7886,0.6372,2.3428,2.3883,2.4391,2.4988,2.5588,2.6198,2.6808,2.7419,2.803,2.8642,2.9253,2.9865
1.7864,1.7864,1.7864,1.7864,1.7864,1.7864,1.7864,1.7864,1.7864,1.7864,1.7864,1.7864,1.7851,2.8832,2.8437,2.7996,2.7477,2.6957,2.6427,2.5897,2.5366,2.4836,2.4305,2.3774,2.3243
1.7842,1.7842,1.7842,1.7842,1.7842,1.7842,1.7842,1.7842,1.7842,1.7842,1.7842,1.7842,1.7842,0.5098,1.3885,2.3928,3.3965,3.6598,3.747,3.8343,3.9217,4.0091,4.0966,4.184,4.2715
1.782,1.782,1.782,1.782,1.782,1.782,1.782,1.782,1.782,1.782,1.782,1.1484,4.3277,4.3277,4.3277,4.3277,4.3277,4.3277,4.3277,4.3277,4.3277,4.3277,4.3277,4.3277,4.3277
1.7798,1.7798,1.7798,1.7798,1.7798,1.7798,1.7798,1.7798,1.7798,1.7798,1.7798,1.7798,1.7798,0.5085,1.6805,2.8961,3.6364,3.5675,3.4974,3.4273,3.3571,3.2868,3.2166,3.1463,3.0761
1.7776,1.7776,1.7776,1.7776,1.7776,1.7776,1.7776,1.7776,1.7776,1.7776,1.7776,1.7776,1.7776,2.0141,2.0533,2.0969,2.1483,2.1998,2.2523,2.3047,2.3573,2.4098,2.4624,2.515,2.5675
1.7754,1.7754,1.7754,1.7754,1.7754,1.7754,1.7754,1.7754,1.7754,1.7754,1.7754,1.6766,0.5072,3.9295,3.8756,3.8155,3.7448,3.6739,3.6017,3.5295,3.4572,3.3848,3.3125,3.2401,3.1678
1.7732,1.7732,1.7732,1.7732,1.7732,1.7732,1.7732,1.7732,1.7732,1.7732,1.7732,1.7732,1.7732,1.7732,1.1279,1.9436,2.7589,3.5743,4.3062,4.3062,4.3062,4.3062,4.3062,4.3062,4.3062
1.771,1.771,1.771,1.771,1.771,1.771,1.771,1.771,1.771,1.771,1.771,1.4701,0.506,3.2717,3.3352,3.4062,3.4896,3.5733,3.6585,3.7437,3.8291,3.9144,3.9998,4.0852,4.1706
1.7688,1.7688,1.7688,1.7688,1.7688,1.7688,1.7688,1.7688,1.7688,1.7688,1.7688,1.7688,1.7688,1.9449,2.876,2.8314,2.779,2.7263,2.6728,2.6192,2.5655,2.5118,2.4582,2.4045,2.3508
1.7666,1.7666,1.7666,1.7666,1.7666,1.7666,1.7666,1.7666,1.7666,1.7666,1.7666,1.7666,1.7666,0.5707,2.064,2.5331,2.5952,2.6574,2.7208,2.7842,2.8476,2.9111,2.9746,3.0381,3.1016
1.7644,1.7644,1.7644,1.7644,1.7644,1.7644,1.7644,1.7644,1.7644,1.7644,1.7644,1.1983,0.5041,4.285,4.285,4.285,4.285,4.285,4.285,4.285,4.285,4.285,4.285,4.285,4.285
1.7623,1.7623,1.7623,1.7623,1.7623,1.7623,1.7623,1.7623,1.7623,1.7623,1.7623,1.7623,1.7623,0.5035,1.29,2.2231,3.1557,4.0883,4.2798,4.2798,4.2798,4.2798,4.2798,4.2798,4.2798
1.7601,1.7601,1.7601,1.7601,1.7601,1.7601,1.7601,1.7601,1.7601,1.7601,1.7601,1.7601,1.0409,2.1691,2.2112,2.2583,2.3136,2.3691,2.4256,2.482,2.5386,2.5952,2.6518,2.7085,2.7651
1.7579,1.7579,1.7579,1.7579,1.7579,1.7579,1.7579,1.7579,1.7579,1.7579,1.7579,1.7579,0.8731,3.1649,3.1215,3.0731,3.0162,2.9591,2.9009,2.8428,2.7845,2.7263,2.668,2.6097,2.5514
1.7558,1.7558,1.7558,1.7558,1.7558,1.7558,1.7558,1.7558,1.7558,1.7558,1.7558,1.7558,1.7558,0.5017,1.2548,2.1624,3.0695,3.9766,4.2641,4.2641,4.2641,4.2641,4.2641,4.2641,4.2641
1.7536,1.7536,1.7536,1.7536,1.7536,1.7536,1.7536,1.7536,1.7536,1.7536,1.7536,1.2356,0.501,4.2588,4.2588,4.2588,4.2588,4.2588,4.2588,4.2588,4.2588,4.2588,4.2588,4.2588,4.2588
1.7515,1.7515,1.7515,1.7515,1.7515,1.7515,1.7515,1.7515,1.7515,1.7515,1.7515,1.7515,1.7515,0.6489,2.3471,3.2594,3.199,3.1384,3.0768,3.0151,2.9533,2.8915,2.8297,2.7679,2.7061
1.7494,1.7494,1.7494,1.7494,1.7494,1.7494,1.7494,1.7494,1.7494,1.7494,1.7494,1.7494,1.7494,1.3948,2.167,2.2131,2.2673,2.3217,2.377,2.4324,2.4879,2.5433,2.5988,2.6543,2.7098
1.7472,1.7472,1.7472,1.7472,1.7472,1.7472,1.7472,1.7472,1.7472,1.7472,1.7472,1.4304,0.4992,4.2433,4.2433,4.2433,4.2433,4.2433,4.2433,4.2433,4.2433,4.2433,4.2433,4.2433,4.2041
1.7451,1.7451,1.7451,1.7451,1.7451,1.7451,1.7451,1.7451,1.7451,1.7451,1.7451,1.7451,1.7451,1.7451,1.1681,2.013,2.8574,3.7018,4.2381,4.2381,4.2381,4.2381,4.2381,4.2381,4.2381
1.743,1.743,1.743,1.743,1.743,1.743,1.743,1.743,1.743,1.743,1.743,1.743,0.5515,2.6934,2.7457,2.8041,2.8728,2.9417,3.0118,3.082,3.1522,3.2225,3.2928,3.3631,3.4334
1.7409,1.7409,1.7409,1.7409,1.7409,1.7409,1.7409,1.7409,1.7409,1.7409,1.7409,1.7409,1.7409,2.9641,2.9234,2.8781,2.8248,2.7713,2.7168,2.6624,2.6078,2.5532,2.4987,2.4441,2.3895
1.7388,1.7388,1.7388,1.7388,1.7388,1.7388,1.7388,1.7388,1.7388,1.7388,1.7388,1.7388,1.7388,0.4968,1.6277,2.8049,3.193,3.2696,3.3475,3.4255,3.5036,3.5817,3.6598,3.738,3.8161
1.7366,1.7366,1.7366,1.7366,1.7366,1.7366,1.7366,1.7366,1.7366,1.7366,1.7366,1.1952,0.4962,4.2176,4.2176,4.2176,4.2176,4.2176,4.2176,4.2176,4.2176,4.2176,4.2176,4.2176,4.2176
1.7345,1.7345,1.7345,1.7345,1.7345,1.7345,1.7345,1.7345,1.7345,1.7345,1.7345,1.7345,1.7345,0.4956,1.5407,2.6551,3.7689,4.2125,4.1934,4.1094,4.0251,3.9409,3.8567,3.7724,3.6882
1.7324,1.7324,1.7324,1.7324,1.7324,1.7324,1.7324,1.7324,1.7324,1.7324,1.7324,1.7324,1.7324,2.122,2.1632,2.2092,2.2634,2.3176,2.3729,2.4282,2.4835,2.5389,2.5943,2.6497,2.7051
1.7304,1.7304,1.7304,1.7304,1.7304,1.7304,1.7304,1.7304,1.7304,1.7304,1.7304,1.7304,0.6083,3.6821,3.6316,3.5753,3.509,3.4426,3.3749,3.3073,3.2395,3.1717,3.1039,3.0361,2.9683
1.7283,1.7283,1.7283,1.7283,1.7283,1.7283,1.7283,1.7283,1.7283,1.7283,1.7283,1.7283,1.7283,0.4938,1.203,2.0732,2.9428,3.8125,4.1972,4.1972,4.1972,4.1972,4.1972,4.1972,4.1972
1.7262,1.7262,1.7262,1.7262,1.7262,1.7262,1.7262,1.7262,1.7262,1.7262,1.7262,1.4039,0.4932,4.1666,4.1922,4.1922,4.1922,4.1922,4.1922,4.1922,4.1922,4.1922,4.1922,4.1922,4.1922
1.7241,1.7241,1.7241,1.7241,1.7241,1.7241,1.7241,1.7241,1.7241,1.7241,1.7241,1.7241,1.7241,1.1247,3.1068,3.0586,3.0019,2.9451,2.8872,2.8293,2.7714,2.7134,2.6554,2.5974,2.5394
1.722,1.722,1.722,1.722,1.722,1.722,1.722,1.722,1.722,1.722,1.722,1.722,1.722,0.7588,2.4089,2.4602,2.5204,2.5809,2.6424,2.7039,2.7656,2.8273,2.8889,2.9506,3.0123
1.72,1.72,1.72,1.72,1.72,1.72,1.72,1.72,1.72,1.72,1.72,1.3116,0.4914,4.1771,4.1771,4.1771,4.1771,4.1771,4.1771,4.1771,4.1771,4.1771,4.1771,4.1771,4.1771
1.7179,1.7179,1.7179,1.7179,1.7179,1.7179,1.7179,1.7179,1.7179,1.7179,1.7179,1.7179,1.7179,0.4908,1.2722,2.1924,3.112,4.0317,4.1721,4.1721,4.1721,4.1721,4.1721,4.1721,4.1721
1.7159,1.7159,1.7159,1.7159,1.7159,1.7159,1.7159,1.7159,1.7159,1.7159,1.7159,1.7159,0.795,2.4075,2.4543,2.5065,2.5679,2.6295,2.6922,2.7549,2.8177,2.8805,2.9433,3.0062,3.069
1.7138,1.7138,1.7138,1.7138,1.7138,1.7138,1.7138,1.7138,1.7138,1.7138,1.7138,1.7138,1.3458,3.1657,3.1223,3.0739,3.017,2.9598,2.9017,2.8435,2.7852,2.7269,2.6687,2.6104,2.5521
1.7118,1.7118,1.7118,1.7118,1.7118,1.7118,1.7118,1.7118,1.7118,1.7118,1.7118,1.7118,1.7118,0.4891,1.4138,2.4364,3.4584,4.1571,4.1571,4.1571,4.1571,4.1571,4.1571,4.1571,4.1571
1.7097,1.7097,1.7097,1.7097,1.7097,1.7097,1.7097,1.7097,1.7097,1.7097,1.7097,1.2526,0.4885,4.1522,4.1522,4.1522,4.1522,4.1522,4.1522,4.1522,4.1522,4.1522,4.1522,4.1522,4.1522
1.7077,1.7077,1.7077,1.7077,1.7077,1.7077,1.7077,1.7077,1.7077,1.7077,1.7077,1.7077,1.7077,0.5543,2.0047,3.4547,3.664,3.5946,3.524,3.4533,3.3826,3.3118,3.241,3.1702,3.0994
1.7057,1.7057,1.7057,1.7057,1.7057,1.7057,1.7057,1.7057,1.7057,1.7057,1.7057,1.7057,1.7057,2.1827,2.2251,2.2724,2.328,2.3839,2.4407,2.4976,2.5545,2.6115,2.6684,2.7254,2.7824
1.7036,1.7036,1.7036,1.7036,1.7036,1.7036,1.7036,1.7036,1.7036,1.7036,1.7036,1.6687,0.4915,4.1374,4.1374,4.1374,4.1374,4.1374,4.1374,4.1374,4.0606,3.9756,3.8907,3.8057,3.7207
1.7016,1.7016,1.7016,1.7016,1.7016,1.7016,1.7016,1.7016,1.7016,1.7016,1.7016,1.7016,1.7016,0.4862,1.2145,2.0929,2.9708,3.8487,4.1325,4.1325,4.1325,4.1325,4.1325,4.1325,4.1325
1.6996,1.6996,1.6996,1.6996,1.6996,1.6996,1.6996,1.6996,1.6996,1.6996,1.6996,1.6996,0.5021,3.209,3.2713,3.3409,3.4228,3.5049,3.5884,3.672,3.7557,3.8395,3.9232,4.007,4.0907
1.6976,1.6976,1.6976,1.6976,1.6976,1.6976,1.6976,1.6976,1.6976,1.6976,1.6976,1.6976,1.6976,3.1199,3.0771,3.0294,2.9733,2.917,2.8596,2.8023,2.7449,2.6875,2.63,2.5726,2.5151
1.6956,1.6956,1.6956,1.6956,1.6956,1.6956,1.6956,1.6956,1.6956,1.6956,1.6956,1.6956,1.6956,0.5496,1.9879,2.9059,2.9771,3.0485,3.1211,3.1938,3.2667,3.3395,3.4123,3.4852,3.558
1.6936,1.6936,1.6936,1.6936,1.6936,1.6936,1.6936,1.6936,1.6936,1.6936,1.6936,1.2737,0.4839,4.1129,4.1129,4.1129,4.1129,4.1129,4.1129,4.1129,4.1129,4.1129,4.1129,4.1129,4.1129
1.6916,1.6916,1.6916,1.6916,1.6916,1.6916,1.6916,1.6916,1.6916,1.6916,1.6916,1.6916,1.6916,0.4833,1.466,2.5263,3.5861,4.1081,4.1081,4.1081,4.1081,4.1081,4.1081,4.1081,4.1081
1.6896,1.6896,1.6896,1.6896,1.6896,1.6896,1.6896,1.6896,1.6896,1.6896,1.6896,1.6896,1.482,2.29,2.3345,2.3841,2.4425,2.5011,2.5608,2.6204,2.6801,2.7399,2.7997,2.8594,2.9192
1.6876,1.6876,1.6876,1.6876,1.6876,1.6876,1.6876,1.6876,1.6876,1.6876,1.6876,1.6876,0.7954,3.5665,3.5176,3.4631,3.3989,3.3346,3.269,3.2035,3.1379,3.0722,3.0065,2.9409,2.8752
1.6856,1.6856,1.6856,1.6856,1.6856,1.6856,1.6856,1.6856,1.6856,1.6856,1.6856,1.6856,1.6856,0.4816,1.3153,2.2666,3.2174,4.0936,4.0936,4.0936,4.0936,4.0936,4.0936,4.0936,4.0936
1.6836,1.6836,1.6836,1.6836,1.6836,1.6836,1.6836,1.6836,1.6836,1.6836,1.6836,1.3819,0.481,4.0888,4.0888,4.0888,4.0888,4.0888,4.0888,4.0888,4.0888,4.0888,4.0888,4.0888,4.0888
1.6816,1.6816,1.6816,1.6816,1.6816,1.6816,1.6816,1.6816,1.6816,1.6816,1.6816,1.6816,1.6816,0.8286,2.9971,3.3899,3.3271,3.2641,3.2,3.1358,3.0716,3.0073,2.943,2.8787,2.8144
1.6797,1.6797,1.6797,1.6797,1.6797,1.6797,1.6797,1.6797,1.6797,1.6797,1.6797,1.6797,1.6797,1.1222,2.4065,2.4576,2.5178,2.5782,2.6397,2.7012,2.7628,2.8244,2.886,2.9476,3.0092
1.6777,1.6777,1.6777,1.6777,1.6777,1.6777,1.6777,1.6777,1.6777,1.6777,1.6777,1.475,0.4793,4.0744,4.0744,4.0744,4.0744,4.0744,4.0744,4.0744,4.0744,4.0744,4.0744,4.0744,4.0744
1.6757,1.6757,1.6757,1.6757,1.6757,1.6757,1.6757,1.6757,1.6757,1.6757,1.6757,1.6757,1.6757,0.4788,1.2886,2.2206,3.1522,4.0697,4.0697,4.0697,4.0697,4.0697,4.0697,4.0697,4.0697
1.6738,1.6738,1.6738,1.6738,1.6738,1.6738,1.6738,1.6738,1.6738,1.6738,1.6738,1.6738,0.6691,2.7506,2.804,2.8637,2.9338,3.0042,3.0758,3.1474,3.2192,3.291,3.3628,3.4346,3.5063
1.6718,1.6718,1.6718,1.6718,1.6718,1.6718,1.6718,1.6718,1.6718,1.6718,1.6718,1.6718,1.6718,3.249,3.2045,3.1548,3.0963,3.0377,2.978,2.9183,2.8585,2.7987,2.7389,2.6791,2.6192
1.6699,1.6699,1.6699,1.6699,1.6699,1.6699,1.6699,1.6699,1.6699,1.6699,1.6699,1.6699,1.6699,0.4771,1.6438,2.8327,3.8086,3.8999,3.9929,4.0554,4.0554,4.0554,4.0554,4.0554,4.0554
1.6679,1.6679,1.6679,1.6679,1.6679,1.6679,1.6679,1.6679,1.6679,1.6679,1.6679,1.302,0.4766,4.0507,4.0507,4.0507,4.0507,4.0507,4.0507,4.0507,4.0507,4.0507,4.0507,4.0507,4.0507
1.666,1.666,1.666,1.666,1.666,1.666,1.666,1.666,1.666,1.666,1.666,1.666,1.666,0.5012,1.8127,3.1237,4.046,4.046,4.046,4.046,4.0116,3.9276,3.8437,3.7597,3.6758
1.6641,1.6641,1.6641,1.6641,1.6641,1.6641,1.6641,1.6641,1.6641,1.6641,1.6641,1.6641,1.6641,2.2973,2.3419,2.3918,2.4503,2.5091,2.5689,2.6288,2.6887,2.7487,2.8086,2.8686,2.9285
1.6621,1.6621,1.6621,1.6621,1.6621,1.6621,1.6621,1.6621,1.6621,1.6621,1.6621,1.6621,0.5965,4.0366,4.0366,4.0366,4.0366,4.0039,3.9252,3.8465,3.7677,3.6889,3.61,3.5312,3.4523
1.6602,1.6602,1.6602,1.6602,1.6602,1.6602,1.6602,1.6602,1.6602,1.6602,1.6602,1.6602,1.6602,0.4743,1.2943,2.2304,3.166,4.032,4.032,4.032,4.032,4.032,4.032,4.032,4.032
1.6583,1.6583,1.6583,1.6583,1.6583,1.6583,1.6583,1.6583,1.6583,1.6583,1.6583,1.6168,0.4762,4.0027,4.0273,4.0273,4.0273,4.0273,4.0273,4.0273,4.0273,4.0273,4.0273,4.0273,4.0273
1.6564,1.6564,1.6564,1.6564,1.6564,1.6564,1.6564,1.6564,1.6564,1.6564,1.6564,1.6564,1.6564,1.6945,3.3209,3.2694,3.2088,3.1481,3.0862,3.0243,2.9624,2.9004,2.8384,2.7764,2.7144
1.6545,1.6545,1.6545,1.6545,1.6545,1.6545,1.6545,1.6545,1.6545,1.6545,1.6545,1.6545,1.6545,0.7093,2.5655,2.8089,2.8777,2.9467,3.017,3.0872,3.1576,3.228,3.2984,3.3688,3.4393
1.6526,1.6526,1.6526,1.6526,1.6526,1.6526,1.6526,1.6526,1.6526,1.6526,1.6526,1.3925,0.4722,4.0134,4.0134,4.0134,4.0134,4.0134,4.0134,4.0134,4.0134,4.0134,4.0134,4.0134,4.0134
1.6507,1.6507,1.6507,1.6507,1.6507,1.6507,1.6507,1.6507,1.6507,1.6507,1.6507,1.6507,1.6507,0.4716,1.4413,2.4838,3.5258,4.0088,4.0088,4.0088,4.0088,4.0088,4.0088,4.0088,4.0088
1.6488,1.6488,1.6488,1.6488,1.6488,1.6488,1.6488,1.6488,1.6488,1.6488,1.6488,1.6488,1.0434,2.5375,2.5868,2.6418,2.7065,2.7714,2.8375,2.9036,2.9698,3.036,3.1022,3.1685,3.2347
1.6469,1.6469,1.6469,1.6469,1.6469,1.6469,1.6469,1.6469,1.6469,1.6469,1.6469,1.6469,1.1399,3.5613,3.5125,3.458,3.3939,3.3297,3.2642,3.1988,3.1332,3.0677,3.0021,2.9365,2.871
1.645,1.645,1.645,1.645,1.645,1.645,1.645,1.645,1.645,1.645,1.645,1.645,1.645,0.47,1.4783,2.5475,3.6162,3.995,3.995,3.995,3.995,3.995,3.995,3.995,3.995
1.6431,1.6431,1.6431,1.6431,1.6431,1.6431,1.6431,1.6431,1.6431,1.6431,1.6431,1.3998,0.4695,3.9904,3.9904,3.9904,3.9904,3.9904,3.9904,3.9904,3.9904,3.9904,3.9904,3.9904,3.9904
1.6412,1.6412,1.6412,1.6412,1.6412,1.6412,1.6412,1.6412,1.6412,1.6412,1.6412,1.6412,1.6412,0.6857,2.4802,3.869,3.7973,3.7254,3.6522,3.579,3.5057,3.4323,3.3589,3.2856,3.2122
1.6393,1.6393,1.6393,1.6393,1.6393,1.6393,1.6393,1.6393,1.6393,1.6393,1.6393,1.6393,1.6393,2.0587,2.4711,2.5237,2.5855,2.6475,2.7107,2.7738,2.837,2.9003,2.9635,3.0268,3.0901
1.6375,1.6375,1.6375,1.6375,1.6375,1.6375,1.6375,1.6375,1.6375,1.6375,1.6375,1.6375,0.5043,3.9767,3.9767,3.9767,3.9767,3.9767,3.9767,3.9767,3.9767,3.9767,3.9767,3.9767,3.9767
1.6356,1.6356,1.6356,1.6356,1.6356,1.6356,1.6356,1.6356,1.6356,1.6356,1.6356,1.6356,1.6356,0.4673,1.3406,2.3103,3.2795,3.9722,3.9722,3.9722,3.9722,3.9722,3.9722,3.9722,3.9722
1.6337,1.6337,1.6337,1.6337,1.6337,1.6337,1.6337,1.6337,1.6337,1.6337,1.6337,1.6337,0.6007,3.2531,3.3163,3.3868,3.4698,3.553,3.6377,3.7225,3.8073,3.8922,3.9676,3.9676,3.9676
1.6319,1.6319,1.6319,1.6319,1.6319,1.6319,1.6319,1.6319,1.6319,1.6319,1.6319,1.6319,1.6319,3.4236,3.3767,3.3243,3.2627,3.2009,3.138,3.0751,3.0121,2.9491,2.8861,2.823,2.76
1.63,1.63,1.63,1.63,1.63,1.63,1.63,1.63,1.63,1.63,1.63,1.63,1.63,0.5492,1.9864,3.4232,3.518,3.6024,3.6883,3.7741,3.8602,3.9463,3.9586,3.9586,3.9586
1.6282,1.6282,1.6282,1.6282,1.6282,1.6282,1.6282,1.6282,1.6282,1.6282,1.6282,1.3894,0.4652,3.9541,3.9541,3.9541,3.9541,3.9541,3.9541,3.9541,3.9541,3.9541,3.9541,3.9541,3.9541
1.6263,1.6263,1.6263,1.6263,1.6263,1.6263,1.6263,1.6263,1.6263,1.6263,1.6263,1.6263,1.6263,0.4741,1.7146,2.9547,3.9496,3.9496,3.9496,3.9496,3.9496,3.9496,3.9496,3.9496,3.9496
1.6245,1.6245,1.6245,1.6245,1.6245,1.6245,1.6245,1.6245,1.6245,1.6245,1.6245,1.6245,1.6245,2.4828,2.531,2.5849,2.6482,2.7117,2.7764,2.841,2.9058,2.9706,3.0354,3.1002,3.165
1.6226,1.6226,1.6226,1.6226,1.6226,1.6226,1.6226,1.6226,1.6226,1.6226,1.6226,1.6226,0.7624,3.9407,3.9407,3.9407,3.9401,3.8655,3.7896,3.7136,3.6375,3.5614,3.4853,3.4091,3.333
1.6208,1.6208,1.6208,1.6208,1.6208,1.6208,1.6208,1.6208,1.6208,1.6208,1.6208,1.6208,1.6208,0.4631,1.417,2.4419,3.4662,3.9362,3.9362,3.9362,3.9362,3.9362,3.9362,3.9362,3.9362
1.619,1.619,1.619,1.619,1.619,1.619,1.619,1.619,1.619,1.619,1.619,1.5894,0.4682,3.9318,3.9318,3.9318,3.9318,3.9318,3.9318,3.9318,3.9318,3.9318,3.9318,3.9318,3.9318
1.6171,1.6171,1.6171,1.6171,1.6171,1.6171,1.6171,1.6171,1.6171,1.6171,1.6171,1.6171,1.6171,1.124,3.6847,3.6275,3.5603,3.4929,3.4243,3.3556,3.2869,3.2181,3.1493,3.0805,3.0117
1.6153,1.6153,1.6153,1.6153,1.6153,1.6153,1.6153,1.6153,1.6153,1.6153,1.6153,1.6153,1.6153,0.9929,2.7483,2.8067,2.8755,2.9445,3.0147,3.0849,3.1552,3.2255,3.2959,3.3663,3.4366
1.6135,1.6135,1.6135,1.6135,1.6135,1.6135,1.6135,1.6135,1.6135,1.6135,1.6135,1.5669,0.4615,3.9185,3.9185,3.9185,3.9185,3.9185,3.9185,3.9185,3.9185,3.9185,3.9185,3.9185,3.9185
1.6117,1.6117,1.6117,1.6117,1.6117,1.6117,1.6117,1.6117,1.6117,1.6117,1.6117,1.6117,1.6117,0.4605,1.4621,2.5196,3.5766,3.9141,3.9141,3.9141,3.9141,3.9141,3.9141,3.9141,3.9141
1.6099,1.6099,1.6099,1.6099,1.6099,1.6099,1.6099,1.6099,1.6099,1.6099,1.6099,1.6099,0.847,2.8984,2.9547,3.0175,3.0914,3.1656,3.241,3.3165,3.3921,3.4678,3.5434,3.6191,3.6947
1.6081,1.6081,1.6081,1.6081,1.6081,1.6081,1.6081,1.6081,1.6081,1.6081,1.6081,1.6081,1.6081,3.6641,3.6139,3.5578,3.4919,3.4258,3.3585,3.2911,3.2237,3.1562,3.0888,3.0213,2.9538
1.6063,1.6063,1.6063,1.6063,1.6063,1.6063,1.6063,1.6063,1.6063,1.6063,1.6063,1.6063,1.6063,0.4745,1.7162,2.9576,3.901,3.901,3.901,3.901,3.901,3.901,3.901,3.901,3.901
1.6045,1.6045,1.6045,1.6045,1.6045,1.6045,1.6045,1.6045,1.6045,1.6045,1.6045,1.4598,0.4584,3.8966,3.8966,3.8966,3.8966,3.8966,3.8966,3.8966,3.8966,3.8966,3.8966,3.8966,3.8966
1.6027,1.6027,1.6027,1.6027,1.6027,1.6027,1.6027,1.6027,1.6027,1.6027,1.6027,1.6027,1.6027,0.6113,2.2111,3.8104,3.8922,3.8922,3.8922,3.8922,3.8922,3.8922,3.8922,3.8837,3.797
1.6009,1.6009,1.6009,1.6009,1.6009,1.6009,1.6009,1.6009,1.6009,1.6009,1.6009,1.6009,1.6009,2.5613,2.6111,2.6666,2.7319,2.7974,2.8641,2.9308,2.9977,3.0645,3.1314,3.1982,3.2651
1.5991,1.5991,1.5991,1.5991,1.5991,1.5991,1.5991,1.5991,1.5991,1.5991,1.5991,1.5991,0.6083,3.8835,3.8835,3.8835,3.8835,3.8835,3.8835,3.8835,3.8835,3.8835,3.8835,3.8835,3.8835
1.5973,1.5973,1.5973,1.5973,1.5973,1.5973,1.5973,1.5973,1.5973,1.5973,1.5973,1.5973,1.5973,0.4564,1.4349,2.4728,3.5102,3.8792,3.8792,3.8792,3.8792,3.8792,3.8792,3.8792,3.8792
1.5955,1.5955,1.5955,1.5955,1.5955,1.5955,1.5955,1.5955,1.5955,1.5955,1.5955,1.5955,0.5673,3.8749,3.8749,3.8749,3.8749,3.8749,3.8749,3.8749,3.8749,3.8749,3.8749,3.8749,3.8749
1.5938,1.5938,1.5938,1.5938,1.5938,1.5938,1.5938,1.5938,1.5938,1.5938,1.5938,1.5938,1.5938,3.0881,3.6611,3.6043,3.5375,3.4705,3.4023,3.3342,3.2658,3.1975,3.1292,3.0608,2.9925
1.592,1.592,1.592,1.592,1.592,1.592,1.592,1.592,1.592,1.592,1.592,1.592,1.592,0.6978,2.5238,3.3153,3.3966,3.478,3.5609,3.6439,3.727,3.8101,3.8663,3.8663,3.8663
1.5902,1.5902,1.5902,1.5902,1.5902,1.5902,1.5902,1.5902,1.5902,1.5902,1.5902,1.5262,0.4544,3.862,3.862,3.862,3.862,3.862,3.862,3.862,3.862,3.862,3.862,3.862,3.862
1.5885,1.5885,1.5885,1.5885,1.5885,1.5885,1.5885,1.5885,1.5885,1.5885,1.5885,1.5885,1.5885,0.4666,1.6878,2.9085,3.8577,3.8577,3.8577,3.8577,3.8577,3.8577,3.8577,3.8577,3.8577
1.5867,1.5867,1.5867,1.5867,1.5867,1.5867,1.5867,1.5867,1.5867,1.5867,1.5867,1.5867,1.4743,2.7641,2.8178,2.8778,2.9482,3.019,3.0909,3.1629,3.235,3.3072,3.3793,3.4515,3.5236
1.585,1.585,1.585,1.585,1.585,1.585,1.585,1.585,1.585,1.585,1.585,1.585,1.0497,3.8492,3.8492,3.8492,3.8492,3.8492,3.7957,3.7196,3.6434,3.5671,3.4909,3.4146,3.3384
1.5832,1.5832,1.5832,1.5832,1.5832,1.5832,1.5832,1.5832,1.5832,1.5832,1.5832,1.5832,1.5832,0.4523,1.5997,2.7568,3.8449,3.8449,3.8449,3.8449,3.8449,3.8449,3.8449,3.8449,3.8449
1.5815,1.5815,1.5815,1.5815,1.5815,1.5815,1.5815,1.5815,1.5815,1.5815,1.5815,1.5815,0.4764,3.8407,3.8407,3.8407,3.8407,3.8407,3.8407,3.8407,3.8407,3.8407,3.8407,3.8407,3.8407
1.5797,1.5797,1.5797,1.5797,1.5797,1.5797,1.5797,1.5797,1.5797,1.5797,1.5797,1.5797,1.5797,0.8924,3.2278,3.8365,3.8365,3.8365,3.8365,3.8365,3.7661,3.6873,3.6085,3.5297,3.4509
1.578,1.578,1.578,1.578,1.578,1.578,1.578,1.578,1.578,1.578,1.578,1.578,1.578,1.5982,2.8387,2.8991,2.9701,3.0413,3.1139,3.1864,3.259,3.3317,3.4044,3.477,3.5497
1.5763,1.5763,1.5763,1.5763,1.5763,1.5763,1.5763,1.5763,1.5763,1.5763,1.5763,1.5763,0.5373,3.828,3.828,3.828,3.828,3.828,3.828,3.828,3.828,3.828,3.828,3.828,3.828
1.5745,1.5745,1.5745,1.5745,1.5745,1.5745,1.5745,1.5745,1.5745,1.5745,1.5745,1.5745,1.5745,0.4499,1.5317,2.6395,3.7467,3.8238,3.8238,3.8238,3.8238,3.8238,3.8238,3.8238,3.8238
1.5728,1.5728,1.5728,1.5728,1.5728,1.5728,1.5728,1.5728,1.5728,1.5728,1.5728,1.5728,0.7501,3.4337,3.5004,3.5748,3.6624,3.7502,3.8196,3.8196,3.8196,3.8196,3.8196,3.8196,3.8196
1.5711,1.5711,1.5711,1.5711,1.5711,1.5711,1.5711,1.5711,1.5711,1.5711,1.5711,1.5711,1.5711,3.8155,3.8155,3.7782,3.7082,3.6379,3.5665,3.495,3.4233,3.3517,3.2801,3.2084,3.1368
1.5693,1.5693,1.5693,1.5693,1.5693,1.5693,1.5693,1.5693,1.5693,1.5693,1.5693,1.5693,1.5693,0.5732,2.0733,3.5728,3.8113,3.8113,3.8113,3.8113,3.8113,3.8113,3.8113,3.8113,3.8113
1.5676,1.5676,1.5676,1.5676,1.5676,1.5676,1.5676,1.5676,1.5676,1.5676,1.5676,1.5676,0.4628,3.8071,3.8071,3.8071,3.8071,3.8071,3.8071,3.8071,3.8071,3.8071,3.8071,3.8071,3.8071
1.5659,1.5659,1.5659,1.5659,1.5659,1.5659,1.5659,1.5659,1.5659,1.5659,1.5659,1.5659,1.5659,0.5773,2.0881,3.5984,3.8029,3.8029,3.8029,3.8029,3.8029,3.8029,3.8029,3.8029,3.8029
1.5642,1.5642,1.5642,1.5642,1.5642,1.5642,1.5642,1.5642,1.5642,1.5642,1.5642,1.5642,1.5642,2.7932,2.8474,2.908,2.9792,3.0507,3.1234,3.1962,3.269,3.3419,3.4148,3.4877,3.5606
1.5625,1.5625,1.5625,1.5625,1.5625,1.5625,1.5625,1.5625,1.5625,1.5625,1.5625,1.5625,0.7714,3.7947,3.7947,3.7947,3.7947,3.7947,3.7947,3.7947,3.7947,3.7947,3.7947,3.7947,3.7947
1.5608,1.5608,1.5608,1.5608,1.5608,1.5608,1.5608,1.5608,1.5608,1.5608,1.5608,1.5608,1.5608,0.4459,1.5859,2.7329,3.7905,3.7905,3.7905,3.7905,3.7905,3.7905,3.7905,3.7905,3.7905
1.5591,1.5591,1.5591,1.5591,1.5591,1.5591,1.5591,1.5591,1.5591,1.5591,1.5591,1.5591,0.5604,3.7864,3.7864,3.7864,3.7864,3.7864,3.7864,3.7864,3.7864,3.7864,3.7864,3.7864,3.7864
1.5574,1.5574,1.5574,1.5574,1.5574,1.5574,1.5574,1.5574,1.5574,1.5574,1.5574,1.5574,1.5574,1.673,3.7823,3.7823,3.7823,3.7823,3.7823,3.7353,3.6588,3.5822,3.5056,3.4291,3.3525
1.5557,1.5557,1.5557,1.5557,1.5557,1.5557,1.5557,1.5557,1.5557,1.5557,1.5557,1.5557,1.5557,0.951,3.2675,3.337,3.4187,3.5007,3.5842,3.6676,3.7513,3.7782,3.7782,3.7782,3.7782
1.554,1.554,1.554,1.554,1.554,1.554,1.554,1.554,1.554,1.554,1.554,1.554,0.5108,3.7741,3.7741,3.7741,3.7741,3.7741,3.7741,3.7741,3.7741,3.7741,3.7741,3.7741,3.7741
1.5524,1.5524,1.5524,1.5524,1.5524,1.5524,1.5524,1.5524,1.5524,1.5524,1.5524,1.5524,1.5524,0.4777,1.7279,2.9776,3.77,3.77,3.77,3.77,3.77,3.77,3.77,3.77,3.77
1.5507,1.5507,1.5507,1.5507,1.5507,1.5507,1.5507,1.5507,1.5507,1.5507,1.5507,1.5507,1.1404,3.1876,3.2495,3.3186,3.3999,3.4815,3.5645,3.6475,3.7307,3.7659,3.7659,3.7659,3.7659
1.549,1.549,1.549,1.549,1.549,1.549,1.549,1.549,1.549,1.549,1.549,1.549,1.549,3.7619,3.7619,3.7619,3.7619,3.7619,3.7619,3.7619,3.7619,3.7099,3.6306,3.5513,3.472
1.5473,1.5473,1.5473,1.5473,1.5473,1.5473,1.5473,1.5473,1.5473,1.5473,1.5473,1.5473,1.5473,0.5182,1.8742,3.2299,3.7578,3.7578,3.7578,3.7578,3.7578,3.7578,3.7578,3.7578,3.7578
1.5457,1.5457,1.5457,1.5457,1.5457,1.5457,1.5457,1.5457,1.5457,1.5457,1.5457,1.5457,0.5029,3.7537,3.7537,3.7537,3.7537,3.7537,3.7537,3.7537,3.7537,3.7537,3.7537,3.7537,3.7537
1.544,1.544,1.544,1.544,1.544,1.544,1.544,1.544,1.544,1.544,1.544,1.544,1.544,0.786,2.8428,3.7497,3.7497,3.7497,3.7497,3.7497,3.7497,3.7497,3.7497,3.7497,3.7497
1.5423,1.5423,1.5423,1.5423,1.5423,1.5423,1.5423,1.5423,1.5423,1.5423,1.5423,1.5423,1.5423,2.982,3.0399,3.1046,3.1806,3.2569,3.3346,3.4122,3.49,3.5679,3.6457,3.7235,3.7457
1.5407,1.5407,1.5407,1.5407,1.5407,1.5407,1.5407,1.5407,1.5407,1.5407,1.5407,1.5407,0.6527,3.7416,3.7416,3.7416,3.7416,3.7416,3.7416,3.7416,3.7416,3.7416,3.7416,3.7416,3.7416
1.539,1.539,1.539,1.539,1.539,1.539,1.539,1.539,1.539,1.539,1.539,1.539,1.539,0.4599,1.6633,2.8664,3.7376,3.7376,3.7376,3.7376,3.7376,3.7376,3.7376,3.7376,3.7376
1.5374,1.5374,1.5374,1.5374,1.5374,1.5374,1.5374,1.5374,1.5374,1.5374,1.5374,1.5374,0.7103,3.7336,3.7336,3.7336,3.7336,3.7336,3.7336,3.7336,3.7336,3.7336,3.7336,3.7336,3.7336
1.5357,1.5357,1.5357,1.5357,1.5357,1.5357,1.5357,1.5357,1.5357,1.5357,1.5357,1.5357,1.5357,3.7296,3.7296,3.7296,3.7296,3.7296,3.7296,3.7296,3.7296,3.6905,3.6116,3.5327,3.4538
1.5341,1.5341,1.5341,1.5341,1.5341,1.5341,1.5341,1.5341,1.5341,1.5341,1.5341,1.5341,1.5341,0.7292,2.6376,3.7256,3.7256,3.7256,3.7256,3.7256,3.7256,3.7256,3.7256,3.7256,3.7256
1.5324,1.5324,1.5324,1.5324,1.5324,1.5324,1.5324,1.5324,1.5324,1.5324,1.5324,1.5324,0.5167,3.7216,3.7216,3.7216,3.7216,3.7216,3.7216,3.7216,3.7216,3.7216,3.7216,3.7216,3.7216
1.5308,1.5308,1.5308,1.5308,1.5308,1.5308,1.5308,1.5308,1.5308,1.5308,1.5308,1.5308,1.5308,0.5745,2.0779,3.5807,3.7177,3.7177,3.7177,3.7177,3.7177,3.7177,3.7177,3.7177,3.7177
1.5292,1.5292,1.5292,1.5292,1.5292,1.5292,1.5292,1.5292,1.5292,1.5292,1.5292,1.5292,1.5292,3.1627,3.2241,3.2927,3.3734,3.4543,3.5366,3.619,3.7015,3.7137,3.7137,3.7137,3.7137
1.5275,1.5275,1.5275,1.5275,1.5275,1.5275,1.5275,1.5275,1.5275,1.5275,1.5275,1.5275,1.0484,3.7097,3.7097,3.7097,3.7097,3.7097,3.7097,3.7097,3.7097,3.7097,3.7097,3.7097,3.7097
1.5259,1.5259,1.5259,1.5259,1.5259,1.5259,1.5259,1.5259,1.5259,1.5259,1.5259,1.5259,1.5259,0.5037,1.8219,3.1397,3.7058,3.7058,3.7058,3.7058,3.7058,3.7058,3.7058,3.7058,3.7058
1.5243,1.5243,1.5243,1.5243,1.5243,1.5243,1.5243,1.5243,1.5243,1.5243,1.5243,1.5243,0.5797,3.7019,3.7019,3.7019,3.7019,3.7019,3.7019,3.7019,3.7019,3.7019,3.7019,3.7019,3.7019
1.5227,1.5227,1.5227,1.5227,1.5227,1.5227,1.5227,1.5227,1.5227,1.5227,1.5227,1.5227,1.5227,1.2546,3.6979,3.6979,3.6979,3.6979,3.6979,3.6979,3.6979,3.6979,3.6979,3.6979,3.6979
1.5211,1.5211,1.5211,1.5211,1.5211,1.5211,1.5211,1.5211,1.5211,1.5211,1.5211,1.5211,1.5211,1.4456,3.4378,3.5109,3.5969,3.6832,3.694,3.694,3.694,3.694,3.694,3.694,3.694
1.5194,1.5194,1.5194,1.5194,1.5194,1.5194,1.5194,1.5194,1.5194,1.5194,1.5194,1.5194,0.6055,3.6901,3.6901,3.6901,3.6901,3.6901,3.6901,3.6901,3.6901,3.6901,3.6901,3.6901,3.6901
1.5178,1.5178,1.5178,1.5178,1.5178,1.5178,1.5178,1.5178,1.5178,1.5178,1.5178,1.5178,1.5178,0.5108,1.8474,3.1836,3.6862,3.6862,3.6862,3.6862,3.6862,3.6862,3.6862,3.6862,3.6862
1.5162,1.5162,1.5162,1.5162,1.5162,1.5162,1.5162,1.5162,1.5162,1.5162,1.5162,1.5162,1.0013,3.6823,3.6823,3.6823,3.6823,3.6823,3.6823,3.6823,3.6823,3.6823,3.6823,3.6823,3.6823
1.5146,1.5146,1.5146,1.5146,1.5146,1.5146,1.5146,1.5146,1.5146,1.5146,1.5146,1.5146,1.5146,3.6784,3.6784,3.6784,3.6784,3.6784,3.6784,3.6784,3.6784,3.6784,3.6784,3.6784,3.6784
1.513,1.513,1.513,1.513,1.513,1.513,1.513,1.513,1.513,1.513,1.513,1.513,1.513,0.6369,2.3035,3.6745,3.6745,3.6745,3.6745,3.6745,3.6745,3.6745,3.6745,3.6745,3.6745
1.5114,1.5114,1.5114,1.5114,1.5114,1.5114,1.5114,1.5114,1.5114,1.5114,1.5114,1.5114,0.5543,3.6706,3.6706,3.6706,3.6706,3.6706,3.6706,3.6706,3.6706,3.6706,3.6706,3.6706,3.6706
1.5098,1.5098,1.5098,1.5098,1.5098,1.5098,1.5098,1.5098,1.5098,1.5098,1.5098,1.5098,1.5098,0.7499,2.7122,3.6668,3.6668,3.6668,3.6668,3.6668,3.6668,3.6668,3.6668,3.6668,3.6668
1.5083,1.5083,1.5083,1.5083,1.5083,1.5083,1.5083,1.5083,1.5083,1.5083,1.5083,1.5083,1.5083,3.3358,3.4006,3.4729,3.558,3.6433,3.6629,3.6629,3.6629,3.6629,3.6629,3.6629,3.6629
1.5067,1.5067,1.5067,1.5067,1.5067,1.5067,1.5067,1.5067,1.5067,1.5067,1.5067,1.5067,0.8392,3.6591,3.6591,3.6591,3.6591,3.6591,3.6591,3.6591,3.6591,3.6591,3.6591,3.6591,3.6591
1.5051,1.5051,1.5051,1.5051,1.5051,1.5051,1.5051,1.5051,1.5051,1.5051,1.5051,1.5051,1.5051,0.5221,1.8884,3.2543,3.6552,3.6552,3.6552,3.6552,3.6552,3.6552,3.6552,3.6552,3.6552
1.5035,1.5035,1.5035,1.5035,1.5035,1.5035,1.5035,1.5035,1.5035,1.5035,1.5035,1.5035,0.7164,3.6514,3.6514,3.6514,3.6514,3.6514,3.6514,3.6514,3.6514,3.6514,3.6514,3.6514,3.6514
1.5019,1.5019,1.5019,1.5019,1.5019,1.5019,1.5019,1.5019,1.5019,1.5019,1.5019,1.5019,1.5019,2.9314,3.6476,3.6476,3.6476,3.6476,3.6476,3.6476,3.6476,3.6476,3.6476,3.6476,3.6476
1.5004,1.5004,1.5004,1.5004,1.5004,1.5004,1.5004,1.5004,1.5004,1.5004,1.5004,1.5004,1.5004,0.9977,3.6087,3.6437,3.6437,3.6437,3.6437,3.6437,3.6437,3.6437,3.6437,3.6437,3.6437
1.4988,1.4988,1.4988,1.4988,1.4988,1.4988,1.4988,1.4988,1.4988,1.4988,1.4988,1.4988,0.6048,3.6399,3.6399,3.6399,3.6399,3.6399,3.6399,3.6399,3.6399,3.6399,3.6399,3.6399,3.6399
1.4972,1.4972,1.4972,1.4972,1.4972,1.4972,1.4972,1.4972,1.4972,1.4972,1.4972,1.4972,1.4972,0.6049,2.1877,3.6361,3.6361,3.6361,3.6361,3.6361,3.6361,3.6361,3.6361,3.6361,3.6361
1.4957,1.4957,1.4957,1.4957,1.4957,1.4957,1.4957,1.4957,1.4957,1.4957,1.4957,1.4957,1.4957,3.6323,3.6323,3.6323,3.6323,3.6323,3.6323,3.6323,3.6323,3.6323,3.6323,3.6323,3.6323
1.4941,1.4941,1.4941,1.4941,1.4941,1.4941,1.4941,1.4941,1.4941,1.4941,1.4941,1.4941,1.4941,3.6286,3.6286,3.6286,3.6286,3.6286,3.6286,3.6286,3.6286,3.6286,3.6286,3.6286,3.6286
1.4926,1.4926,1.4926,1.4926,1.4926,1.4926,1.4926,1.4926,1.4926,1.4926,1.4926,1.4926,1.4926,0.6094,2.2043,3.6248,3.6248,3.6248,3.6248,3.6248,3.6248,3.6248,3.6248,3.6248,3.6248
1.491,1.491,1.491,1.491,1.491,1.491,1.491,1.491,1.491,1.491,1.491,1.491,0.6332,3.621,3.621,3.621,3.621,3.621,3.621,3.621,3.621,3.621,3.621,3.621,3.621
1.4895,1.4895,1.4895,1.4895,1.4895,1.4895,1.4895,1.4895,1.4895,1.4895,1.4895,1.4895,1.4895,1.1043,3.6172,3.6172,3.6172,3.6172,3.6172,3.6172,3.6172,3.6172,3.6172,3.6172,3.6172
1.4879,1.4879,1.4879,1.4879,1.4879,1.4879,1.4879,1.4879,1.4879,1.4879,1.4879,1.4879,1.4879,2.6945,3.6135,3.6135,3.6135,3.6135,3.6135,3.6135,3.6135,3.6135,3.6135,3.6135,3.6135
1.4864,1.4864,1.4864,1.4864,1.4864,1.4864,1.4864,1.4864,1.4864,1.4864,1.4864,1.4864,0.7607,3.6097,3.6097,3.6097,3.6097,3.6097,3.6097,3.6097,3.6097,3.6097,3.6097,3.6097,3.6097
1.4848,1.4848,1.4848,1.4848,1.4848,1.4848,1.4848,1.4848,1.4848,1.4848,1.4848,1.4848,1.4848,0.5772,2.0877,3.5977,3.606,3.606,3.606,3.606,3.606,3.606,3.606,3.606,3.606
1.4833,1.4833,1.4833,1.4833,1.4833,1.4833,1.4833,1.4833,1.4833,1.4833,1.4833,1.4833,0.9714,3.6023,3.6023,3.6023,3.6023,3.6023,3.6023,3.6023,3.6023,3.6023,3.6023,3.6023,3.6023
1.4818,1.4818,1.4818,1.4818,1.4818,1.4818,1.4818,1.4818,1.4818,1.4818,1.4818,1.4818,1.4818,3.5986,3.5986,3.5986,3.5986,3.5986,3.5986,3.5986,3.5986,3.5986,3.5986,3.5986,3.5986
1.4802,1.4802,1.4802,1.4802,1.4802,1.4802,1.4802,1.4802,1.4802,1.4802,1.4802,1.4802,1.4802,0.8379,3.0307,3.5948,3.5948,3.5948,3.5948,3.5948,3.5948,3.5948,3.5948,3.5948,3.5948
1.4787,1.4787,1.4787,1.4787,1.4787,1.4787,1.4787,1.4787,1.4787,1.4787,1.4787,1.4787,0.6477,3.5911,3.5911,3.5911,3.5911,3.5911,3.5911,3.5911,3.5911,3.5911,3.5911,3.5911,3.5911
1.4772,1.4772,1.4772,1.4772,1.4772,1.4772,1.4772,1.4772,1.4772,1.4772,1.4772,1.4772,1.4772,0.7755,2.805,3.5874,3.5874,3.5874,3.5874,3.5874,3.5874,3.5874,3.5874,3.5874,3.5874
1.4757,1.4757,1.4757,1.4757,1.4757,1.4757,1.4757,1.4757,1.4757,1.4757,1.4757,1.4757,1.4757,3.5837,3.5837,3.5837,3.5837,3.5837,3.5837,3.5837,3.5837,3.5837,3.5837,3.5837,3.5837
1.4741,1.4741,1.4741,1.4741,1.4741,1.4741,1.4741,1.4741,1.4741,1.4741,1.4741,1.4741,1.1738,3.5801,3.5801,3.5801,3.5801,3.5801,3.5801,3.5801,3.5801,3.5801,3.5801,3.5801,3.5801
1.4726,1.4726,1.4726,1.4726,1.4726,1.4726,1.4726,1.4726,1.4726,1.4726,1.4726,1.4726,1.4726,0.6315,2.2841,3.5764,3.5764,3.5764,3.5764,3.5764,3.5764,3.5764,3.5764,3.5764,3.5764
1.4711,1.4711,1.4711,1.4711,1.4711,1.4711,1.4711,1.4711,1.4711,1.4711,1.4711,1.4711,0.7787,3.5727,3.5727,3.5727,3.5727,3.5727,3.5727,3.5727,3.5727,3.5727,3.5727,3.5727,3.5727
1.4696,1.4696,1.4696,1.4696,1.4696,1.4696,1.4696,1.4696,1.4696,1.4696,1.4696,1.4696,1.4696,2.0286,3.569,3.569,3.569,3.569,3.569,3.569,3.569,3.569,3.569,3.569,3.569
1.4681,1.4681,1.4681,1.4681,1.4681,1.4681,1.4681,1.4681,1.4681,1.4681,1.4681,1.4681,1.4681,1.5304,3.5654,3.5654,3.5654,3.5654,3.5654,3.5654,3.5654,3.5654,3.5654,3.5654,3.5654
1.4666,1.4666,1.4666,1.4666,1.4666,1.4666,1.4666,1.4666,1.4666,1.4666,1.4666,1.4666,0.7594,3.5617,3.5617,3.5617,3.5617,3.5617,3.5617,3.5617,3.5617,3.5617,3.5617,3.5617,3.5617
1.4651,1.4651,1.4651,1.4651,1.4651,1.4651,1.4651,1.4651,1.4651,1.4651,1.4651,1.4651,1.4651,0.6866,2.4835,3.5581,3.5581,3.5581,3.5581,3.5581,3.5581,3.5581,3.5581,3.5581,3.5581
1.4636,1.4636,1.4636,1.4636,1.4636,1.4636,1.4636,1.4636,1.4636,1.4636,1.4636,1.4636,1.4636,3.5545,3.5545,3.5545,3.5545,3.5545,3.5545,3.5545,3.5545,3.5545,3.5545,3.5545,3.5545
1.4621,1.4621,1.4621,1.4621,1.4621,1.4621,1.4621,1.4621,1.4621,1.4621,1.4621,1.4621,1.4621,3.5508,3.5508,3.5508,3.5508,3.5508,3.5508,3.5508,3.5508,3.5508,3.5508,3.5508,3.5508
1.4606,1.4606,1.4606,1.4606,1.4606,1.4606,1.4606,1.4606,1.4606,1.4606,1.4606,1.4606,1.4606,0.7988,2.889,3.5472,3.5472,3.5472,3.5472,3.5472,3.5472,3.5472,3.5472,3.5472,3.5472
1.4591,1.4591,1.4591,1.4591,1.4591,1.4591,1.4591,1.4591,1.4591,1.4591,1.4591,1.4591,0.749,3.5436,3.5436,3.5436,3.5436,3.5436,3.5436,3.5436,3.5436,3.5436,3.5436,3.5436,3.5436
1.4577,1.4577,1.4577,1.4577,1.4577,1.4577,1.4577,1.4577,1.4577,1.4577,1.4577,1.4577,1.4577,1.1112,3.54,3.54,3.54,3.54,3.54,3.54,3.54,3.54,3.54,3.54,3.54
1.4562,1.4562,1.4562,1.4562,1.4562,1.4562,1.4562,1.4562,1.4562,1.4562,1.4562,1.4562,1.4562,3.5364,3.5364,3.5364,3.5364,3.5364,3.5364,3.5364,3.5364,3.5364,3.5364,3.5364,3.5364
1.4547,1.4547,1.4547,1.4547,1.4547,1.4547,1.4547,1.4547,1.4547,1.4547,1.4547,1.4547,1.0498,3.5328,3.5328,3.5328,3.5328,3.5328,3.5328,3.5328,3.5328,3.5328,3.5328,3.5328,3.5328
1.4532,1.4532,1.4532,1.4532,1.4532,1.4532,1.4532,1.4532,1.4532,1.4532,1.4532,1.4532,1.4532,0.7118,2.5744,3.5292,3.5292,3.5292,3.5292,3.5292,3.5292,3.5292,3.5292,3.5292,3.5292
1.4517,1.4517,1.4517,1.4517,1.4517,1.4517,1.4517,1.4517,1.4517,1.4517,1.4517,1.4517,1.0569,3.5257,3.5257,3.5257,3.5257,3.5257,3.5257,3.5257,3.5257,3.5257,3.5257,3.5257,3.5257
1.4503,1.4503,1.4503,1.4503,1.4503,1.4503,1.4503,1.4503,1.4503,1.4503,1.4503,1.4503,1.4503,3.5221,3.5221,3.5221,3.5221,3.5221,3.5221,3.5221,3.5221,3.5221,3.5221,3.5221,3.5221
1.4488,1.4488,1.4488,1.4488,1.4488,1.4488,1.4488,1.4488,1.4488,1.4488,1.4488,1.4488,1.4488,1.2358,3.5185,3.5185,3.5185,3.5185,3.5185,3.5185,3.5185,3.5185,3.5185,3.5185,3.5185
1.4473,1.4473,1.4473,1.4473,1.4473,1.4473,1.4473,1.4473,1.4473,1.4473,1.4473,1.4473,0.8351,3.515,3.515,3.515,3.515,3.515,3.515,3.515,3.515,3.515,3.515,3.515,3.515
1.4459,1.4459,1.4459,1.4459,1.4459,1.4459,1.4459,1.4459,1.4459,1.4459,1.4459,1.4459,1.4459,0.899,3.2515,3.5114,3.5114,3.5114,3.5114,3.5114,3.5114,3.5114,3.5114,3.5114,3.5114
1.4444,1.4444,1.4444,1.4444,1.4444,1.4444,1.4444,1.4444,1.4444,1.4444,1.4444,1.4444,1.4444,3.5079,3.5079,3.5079,3.5079,3.5079,3.5079,3.5079,3.5079,3.5079,3.5079,3.5079,3.5079
1.443,1.443,1.443,1.443,1.443,1.443,1.443,1.443,1.443,1.443,1.443,1.443,1.443,3.5044,3.5044,3.5044,3.5044,3.5044,3.5044,3.5044,3.5044,3.5044,3.5044,3.5044,3.5044
1.4415,1.4415,1.4415,1.4415,1.4415,1.4415,1.4415,1.4415,1.4415,1.4415,1.4415,1.4415,1.4415,0.856,3.0959,3.5009,3.5009,3.5009,3.5009,3.5009,3.5009,3.5009,3.5009,3.5009,3.5009
1.4401,1.4401,1.4401,1.4401,1.4401,1.4401,1.4401,1.4401,1.4401,1.4401,1.4401,1.4401,0.9573,3.4973,3.4973,3.4973,3.4973,3.4973,3.4973,3.4973,3.4973,3.4973,3.4973,3.4973,3.4973
1.4386,1.4386,1.4386,1.4386,1.4386,1.4386,1.4386,1.4386,1.4386,1.4386,1.4386,1.4386,1.4386,1.9129,3.4938,3.4938,3.4938,3.4938,3.4938,3.4938,3.4938,3.4938,3.4938,3.4938,3.4938
1.4372,1.4372,1.4372,1.4372,1.4372,1.4372,1.4372,1.4372,1.4372,1.4372,1.4372,1.4372,1.4372,2.9198,3.4903,3.4903,3.4903,3.4903,3.4903,3.4903,3.4903,3.4903,3.4903,3.4903,3.4903
1.4358,1.4358,1.4358,1.4358,1.4358,1.4358,1.4358,1.4358,1.4358,1.4358,1.4358,1.4358,1.0918,3.4868,3.4868,3.4868,3.4868,3.4868,3.4868,3.4868,3.4868,3.4868,3.4868,3.4868,3.4868
1.4343,1.4343,1.4343,1.4343,1.4343,1.4343,1.4343,1.4343,1.4343,1.4343,1.4343,1.4343,1.4343,0.8966,3.243,3.4833,3.4833,3.4833,3.4833,3.4833,3.4833,3.4833,3.4833,3.4833,3.4833
1.4329,1.4329,1.4329,1.4329,1.4329,1.4329,1.4329,1.4329,1.4329,1.4329,1.4329,1.4329,1.4329,3.4799,3.4799,3.4799,3.4799,3.4799,3.4799,3.4799,3.4799,3.4799,3.4799,3.4799,3.4799
1.4315,1.4315,1.4315,1.4315,1.4315,1.4315,1.4315,1.4315,1.4315,1.4315,1.4315,1.4315,1.4315,3.4764,3.4764,3.4764,3.4764,3.4764,3.4764,3.4764,3.4764,3.4764,3.4764,3.4764,3.4764
1.43,1.43,1.43,1.43,1.43,1.43,1.43,1.43,1.43,1.43,1.43,1.43,1.43,1.2355,3.4729,3.4729,3.4729,3.4729,3.4729,3.4729,3.4729,3.4729,3.4729,3.4729,3.4729
1.4286,1.4286,1.4286,1.4286,1.4286,1.4286,1.4286,1.4286,1.4286,1.4286,1.4286,1.4286,1.0463,3.4695,3.4695,3.4695,3.4695,3.4695,3.4695,3.4695,3.4695,3.4695,3.4695,3.4695,3.4695
1.4272,1.4272,1.4272,1.4272,1.4272,1.4272,1.4272,1.4272,1.4272,1.4272,1.4272,1.4272,1.4272,1.3719,3.466,3.466,3.466,3.466,3.466,3.466,3.466,3.466,3.466,3.466,3.466
1.4258,1.4258,1.4258,1.4258,1.4258,1.4258,1.4258,1.4258,1.4258,1.4258,1.4258,1.4258,1.4258,3.4626,3.4626,3.4626,3.4626,3.4626,3.4626,3.4626,3.4626,3.4626,3.4626,3.4626,3.4626
1.4243,1.4243,1.4243,1.4243,1.4243,1.4243,1.4243,1.4243,1.4243,1.4243,1.4243,1.4243,1.4243,3.4591,3.4591,3.4591,3.4591,3.4591,3.4591,3.4591,3.4591,3.4591,3.4591,3.4591,3.4591
1.4229,1.4229,1.4229,1.4229,1.4229,1.4229,1.4229,1.4229,1.4229,1.4229,1.4229,1.4229,1.4229,1.0786,3.4557,3.4557,3.4557,3.4557,3.4557,3.4557,3.4557,3.4557,3.4557,3.4557,3.4557
1.4215,1.4215,1.4215,1.4215,1.4215,1.4215,1.4215,1.4215,1.4215,1.4215,1.4215,1.4215,1.4215,3.4523,3.4523,3.4523,3.4523,3.4523,3.4523,3.4523,3.4523,3.4523,3.4523,3.4523,3.4523
1.4201,1.4201,1.4201,1.4201,1.4201,1.4201,1.4201,1.4201,1.4201,1.4201,1.4201,1.4201,1.4201,3.4488,3.4488,3.4488,3.4488,3.4488,3.4488,3.4488,3.4488,3.4488,3.4488,3.4488,3.4488
1.4187,1.4187,1.4187,1.4187,1.4187,1.4187,1.4187,1.4187,1.4187,1.4187,1.4187,1.4187,1.4187,2.4165,3.4454,3.4454,3.4454,3.4454,3.4454,3.4454,3.4454,3.4454,3.4454,3.4454,3.4454
1.4173,1.4173,1.4173,1.4173,1.4173,1.4173,1.4173,1.4173,1.4173,1.4173,1.4173,1.4173,1.4078,3.442,3.442,3.442,3.442,3.442,3.442,3.442,3.442,3.442,3.442,3.442,3.442
1.4159,1.4159,1.4159,1.4159,1.4159,1.4159,1.4159,1.4159,1.4159,1.4159,1.4159,1.4159,1.4159,1.4,3.4386,3.4386,3.4386,3.4386,3.4386,3.4386,3.4386,3.4386,3.4386,3.4386,3.4386
1.4145,1.4145,1.4145,1.4145,1.4145,1.4145,1.4145,1.4145,1.4145,1.4145,1.4145,1.4145,1.4145,3.4352,3.4352,3.4352,3.4352,3.4352,3.4352,3.4352,3.4352,3.4352,3.4352,3.4352,3.4352
1.4131,1.4131,1.4131,1.4131,1.4131,1.4131,1.4131,1.4131,1.4131,1.4131,1.4131,1.4131,1.4131,3.4318,3.4318,3.4318,3.4318,3.4318,3.4318,3.4318,3.4318,3.4318,3.4318,3.4318,3.4318
1.4117,1.4117,1.4117,1.4117,1.4117,1.4117,1.4117,1.4117,1.4117,1.4117,1.4117,1.4117,1.4117,1.6863,3.4285,3.4285,3.4285,3.4285,3.4285,3.4285,3.4285,3.4285,3.4285,3.4285,3.4285
1.4103,1.4103,1.4103,1.4103,1.4103,1.4103,1.4103,1.4103,1.4103,1.4103,1.4103,1.4103,1.4103,3.4251,3.4251,3.4251,3.4251,3.4251,3.4251,3.4251,3.4251,3.4251,3.4251,3.4251,3.4251
1.4089,1.4089,1.4089,1.4089,1.4089,1.4089,1.4089,1.4089,1.4089,1.4089,1.4089,1.4089,1.4089,3.0862,3.4217,3.4217,3.4217,3.4217,3.4217,3.4217,3.4217,3.4217,3.4217,3.4217,3.4217
1.4076,1.4076,1.4076,1.4076,1.4076,1.4076,1.4076,1.4076,1.4076,1.4076,1.4076,1.4076,1.4076,3.4184,3.4184,3.4184,3.4184,3.4184,3.4184,3.4184,3.4184,3.4184,3.4184,3.4184,3.4184
1.4062,1.4062,1.4062,1.4062,1.4062,1.4062,1.4062,1.4062,1.4062,1.4062,1.4062,1.4062,1.4062,3.415,3.415,3.415,3.415,3.415,3.415,3.415,3.415,3.415,3.415,3.415,3.415
1.4048,1.4048,1.4048,1.4048,1.4048,1.4048,1.4048,1.4048,1.4048,1.4048,1.4048,1.4048,1.4048,2.3163,3.4117,3.4117,3.4117,3.4117,3.4117,3.4117,3.4117,3.4117,3.4117,3.4117,3.4117
1.4034,1.4034,1.4034,1.4034,1.4034,1.4034,1.4034,1.4034,1.4034,1.4034,1.4034,1.4034,1.4034,3.4083,3.4083,3.4083,3.4083,3.4083,3.4083,3.4083,3.4083,3.4083,3.4083,3.4083,3.4083
1.4021,1.4021,1.4021,1.4021,1.4021,1.4021,1.4021,1.4021,1.4021,1.4021,1.4021,1.4021,1.4021,3.405,3.405,3.405,3.405,3.405,3.405,3.405,3.405,3.405,3.405,3.405,3.405
1.4007,1.4007,1.4007,1.4007,1.4007,1.4007,1.4007,1.4007,1.4007,1.4007,1.4007,1.4007,1.4007,3.4017,3.4017,3.4017,3.4017,3.4017,3.4017,3.4017,3.4017,3.4017,3.4017,3.4017,3.4017
