1.6008,1.6008,1.6008,1.6008,1.6008,1.6008,1.6008,1.6008,1.6008,1.6008,1.6008,1.6008,1.6008,1.6008,1.6008,1.6008,1.6008,1.6008,1.6008,1.6008,1.6008,1.6008,1.6008,1.6008,1.6008,1.6008
1.6023,1.6023,1.6023,1.6023,1.6023,1.6023,1.6023,1.6023,1.6023,1.6023,1.6023,1.6023,1.6023,1.6023,1.6023,1.6023,1.6023,1.6023,1.6023,1.6023,1.6023,1.6023,1.6023,1.6023,1.6023,1.6023
1.6039,1.6039,1.6039,1.6039,1.6039,1.6039,1.6039,1.6039,1.6039,1.6039,1.6039,1.6039,1.6039,1.6039,1.6039,1.6039,1.6039,1.6039,1.6039,1.6039,1.6039,1.6039,1.6039,1.6039,1.6039,1.6039
1.6055,1.6055,1.6055,1.6055,1.6055,1.6055,1.6055,1.6055,1.6055,1.6055,1.6055,1.6055,1.6055,1.6055,1.6055,1.6055,1.6055,1.6055,1.6055,1.6055,1.6055,1.6055,1.6055,1.6055,1.6055,1.6055
1.6071,1.6071,1.6071,1.6071,1.6071,1.6071,1.6071,1.6071,1.6071,1.6071,1.6071,1.6071,1.6071,1.6071,1.6071,1.6071,1.6071,1.6071,1.6071,1.6071,1.6071,1.6071,1.6071,1.6071,1.6071,1.6071
1.6086,1.6086,1.6086,1.6086,1.6086,1.6086,1.6086,1.6086,1.6086,1.6086,1.6086,1.6086,1.6086,1.6086,1.6086,1.6086,1.6086,1.6086,1.6086,1.6086,1.6086,1.6086,1.6086,1.6086,1.6086,1.6086
1.6102,1.6102,1.6102,1.6102,1.6102,1.6102,1.6102,1.6102,1.6102,1.6102,1.6102,1.6102,1.6102,1.6102,1.6102,1.6102,1.6102,1.6102,1.6102,1.6102,1.6102,1.6102,1.6102,1.6102,1.6102,1.6102
1.6118,1.6118,1.6118,1.6118,1.6118,1.6118,1.6118,1.6118,1.6118,1.6118,1.6118,1.6118,1.6118,1.6118,1.6118,1.6118,1.6118,1.6118,1.6118,1.6118,1.6118,1.6118,1.6118,1.6118,1.6118,1.6118
1.6134,1.6134,1.6134,1.6134,1.6134,1.6134,1.6134,1.6134,1.6134,1.6134,1.6134,1.6134,1.6134,1.6134,1.6134,1.6134,1.6134,1.6134,1.6134,1.6134,1.6134,1.6134,1.6134,1.6134,1.6134,1.6134
1.615,1.615,1.615,1.615,1.615,1.615,1.615,1.615,1.615,1.615,1.615,1.615,1.615,1.615,1.615,1.615,1.615,1.615,1.615,1.615,1.615,1.615,1.615,1.615,1.615,1.615
1.6166,1.6166,1.6166,1.6166,1.6166,1.6166,1.6166,1.6166,1.6166,1.6166,1.6166,1.6166,1.6166,1.6166,1.6166,1.6166,1.6166,1.6166,1.6166,1.6166,1.6166,1.6166,1.6166,1.6166,1.6166,1.6166
1.6182,1.6182,1.6182,1.6182,1.6182,1.6182,1.6182,1.6182,1.6182,1.6182,1.6182,1.6182,1.6182,1.6182,1.6182,1.6182,1.6182,1.6182,1.6182,1.6182,1.6182,1.6182,1.6182,1.6182,1.6182,1.6182
1.6198,1.6198,1.6198,1.6198,1.6198,1.6198,1.6198,1.6198,1.6198,1.6198,1.6198,1.6198,1.6198,1.6198,1.6198,1.6198,1.6198,1.6198,1.6198,1.6198,1.6198,1.6198,1.6198,1.6198,1.6198,1.6198
1.6214,1.6214,1.6214,1.6214,1.6214,1.6214,1.6214,1.6214,1.6214,1.6214,1.6214,1.6214,1.6214,1.6214,1.6214,1.6214,1.6214,1.6214,1.6214,1.6214,1.6214,1.6214,1.6214,1.6214,1.6214,1.6214
1.623,1.623,1.623,1.623,1.623,1.623,1.623,1.623,1.623,1.623,1.623,1.623,1.623,1.623,1.623,1.623,1.623,1.623,1.623,1.623,1.623,1.623,1.623,1.623,1.623,1.623
1.6246,1.6246,1.6246,1.6246,1.6246,1.6246,1.6246,1.6246,1.6246,1.6246,1.6246,1.6246,1.6246,1.6246,1.6246,1.6246,1.6246,1.6246,1.6246,1.6246,1.6246,1.6246,1.6246,1.6246,1.6246,1.6246
1.6262,1.6262,1.6262,1.6262,1.6262,1.6262,1.6262,1.6262,1.6262,1.6262,1.6262,1.6262,1.6262,1.6262,1.6262,1.6262,1.6262,1.6262,1.6262,1.6262,1.6262,1.6262,1.6262,1.6262,1.6262,1.6262
1.6278,1.6278,1.6278,1.6278,1.6278,1.6278,1.6278,1.6278,1.6278,1.6278,1.6278,1.6278,1.6278,1.6278,1.6278,1.6278,1.6278,1.6278,1.6278,1.6278,1.6278,1.6278,1.6278,1.6278,1.6278,1.6278
1.6294,1.6294,1.6294,1.6294,1.6294,1.6294,1.6294,1.6294,1.6294,1.6294,1.6294,1.6294,1.6294,1.6294,1.6294,1.6294,1.6294,1.6294,1.6294,1.6294,1.6294,1.6294,1.6294,1.6294,1.6294,1.6294
1.6311,1.6311,1.6311,1.6311,1.6311,1.6311,1.6311,1.6311,1.6311,1.6311,1.6311,1.6311,1.6311,1.6311,1.6311,1.6311,1.6311,1.6311,1.6311,1.6311,1.6311,1.6311,1.6311,1.6311,1.6311,1.6311
1.6327,1.6327,1.6327,1.6327,1.6327,1.6327,1.6327,1.6327,1.6327,1.6327,1.6327,1.6327,1.6327,1.6327,1.6327,1.6327,1.6327,1.6327,1.6327,1.6327,1.6327,1.6327,1.6327,1.6327,1.6327,1.6327
1.6343,1.6343,1.6343,1.6343,1.6343,1.6343,1.6343,1.6343,1.6343,1.6343,1.6343,1.6343,1.6343,1.6343,1.6343,1.6343,1.6343,1.6343,1.6343,1.6343,1.6343,1.6343,1.6343,1.6343,1.6343,1.6343
1.6359,1.6359,1.6359,1.6359,1.6359,1.6359,1.6359,1.6359,1.6359,1.6359,1.6359,1.6359,1.6359,1.6359,1.6359,1.6359,1.6359,1.6359,1.6359,1.6359,1.6359,1.6359,1.6359,1.6359,1.6359,1.6359
1.6376,1.6376,1.6376,1.6376,1.6376,1.6376,1.6376,1.6376,1.6376,1.6376,1.6376,1.6376,1.6376,1.6376,1.6376,1.6376,1.6376,1.6376,1.6376,1.6376,1.6376,1.6376,1.6376,1.6376,1.6376,1.6376
1.6392,1.6392,1.6392,1.6392,1.6392,1.6392,1.6392,1.6392,1.6392,1.6392,1.6392,1.6392,1.6392,1.6392,1.6392,1.6392,1.6392,1.6392,1.6392,1.6392,1.6392,1.6392,1.6392,1.6392,1.6392,1.6392
1.6409,1.6409,1.6409,1.6409,1.6409,1.6409,1.6409,1.6409,1.6409,1.6409,1.6409,1.6409,1.6409,1.6409,1.6409,1.6409,1.6409,1.6409,1.6409,1.6409,1.6409,1.6409,1.6409,1.6409,1.6409,1.6409
1.6425,1.6425,1.6425,1.6425,1.6425,1.6425,1.6425,1.6425,1.6425,1.6425,1.6425,1.6425,1.6425,1.6425,1.6425,1.6425,1.6425,1.6425,1.6425,1.6425,1.6425,1.6425,1.6425,1.6425,1.6425,1.6425
1.6442,1.6442,1.6442,1.6442,1.6442,1.6442,1.6442,1.6442,1.6442,1.6442,1.6442,1.6442,1.6442,1.6442,1.6442,1.6442,1.6442,1.6442,1.6442,1.6442,1.6442,1.6442,1.6442,1.6442,1.6442,1.6442
1.6458,1.6458,1.6458,1.6458,1.6458,1.6458,1.6458,1.6458,1.6458,1.6458,1.6458,1.6458,1.6458,1.6458,1.6458,1.6458,1.6458,1.6458,1.6458,1.6458,1.6458,1.6458,1.6458,1.6458,1.6458,1.6458
1.6475,1.6475,1.6475,1.6475,1.6475,1.6475,1.6475,1.6475,1.6475,1.6475,1.6475,1.6475,1.6475,1.6475,1.6475,1.6475,1.6475,1.6475,1.6475,1.6475,1.6475,1.6475,1.6475,1.6475,1.6475,1.6475
1.6491,1.6491,1.6491,1.6491,1.6491,1.6491,1.6491,1.6491,1.6491,1.6491,1.6491,1.6491,1.6491,1.6491,1.6491,1.6491,1.6491,1.6491,1.6491,1.6491,1.6491,1.6491,1.6491,1.6491,1.6491,1.6491
1.6508,1.6508,1.6508,1.6508,1.6508,1.6508,1.6508,1.6508,1.6508,1.6508,1.6508,1.6508,1.6508,1.6508,1.6508,1.6508,1.6508,1.6508,1.6508,1.6508,1.6508,1.6508,1.6508,1.6508,1.6508,1.6508
1.6524,1.6524,1.6524,1.6524,1.6524,1.6524,1.6524,1.6524,1.6524,1.6524,1.6524,1.6524,1.6524,1.6524,1.6524,1.6524,1.6524,1.6524,1.6524,1.6524,1.6524,1.6524,1.6524,1.6524,1.6524,1.6524
1.6541,1.6541,1.6541,1.6541,1.6541,1.6541,1.6541,1.6541,1.6541,1.6541,1.6541,1.6541,1.6541,1.6541,1.6541,1.6541,1.6541,1.6541,1.6541,1.6541,1.6541,1.6541,1.6541,1.6541,1.6541,1.6541
1.6558,1.6558,1.6558,1.6558,1.6558,1.6558,1.6558,1.6558,1.6558,1.6558,1.6558,1.6558,1.6558,1.6558,1.6558,1.6558,1.6558,1.6558,1.6558,1.6558,1.6558,1.6558,1.6558,1.6558,1.6558,1.6558
1.6575,1.6575,1.6575,1.6575,1.6575,1.6575,1.6575,1.6575,1.6575,1.6575,1.6575,1.6575,1.6575,1.6575,1.6575,1.6575,1.6575,1.6575,1.6575,1.6575,1.6575,1.6575,1.6575,1.6575,1.6575,1.6575
1.6591,1.6591,1.6591,1.6591,1.6591,1.6591,1.6591,1.6591,1.6591,1.6591,1.6591,1.6591,1.6591,1.6591,1.6591,1.6591,1.6591,1.6591,1.6591,1.6591,1.6591,1.6591,1.6591,1.6591,1.6591,1.6591
1.6608,1.6608,1.6608,1.6608,1.6608,1.6608,1.6608,1.6608,1.6608,1.6608,1.6608,1.6608,1.6608,1.6608,1.6608,1.6608,1.6608,1.6608,1.6608,1.6608,1.6608,1.6608,1.6608,1.6608,1.6608,1.6608
1.6625,1.6625,1.6625,1.6625,1.6625,1.6625,1.6625,1.6625,1.6625,1.6625,1.6625,1.6625,1.6625,1.6625,1.6625,1.6625,1.6625,1.6625,1.6625,1.6625,1.6625,1.6625,1.6625,1.6625,1.6625,1.6625
1.6642,1.6642,1.6642,1.6642,1.6642,1.6642,1.6642,1.6642,1.6642,1.6642,1.6642,1.6642,1.6642,1.6642,1.6642,1.6642,1.6642,1.6642,1.6642,1.6642,1.6642,1.6642,1.6642,1.6642,1.6642,1.6642
1.6659,1.6659,1.6659,1.6659,1.6659,1.6659,1.6659,1.6659,1.6659,1.6659,1.6659,1.6659,1.6659,1.6659,1.6659,1.6659,1.6659,1.6659,1.6659,1.6659,1.6659,1.6659,1.6659,1.6659,1.6659,1.6659
1.6676,1.6676,1.6676,1.6676,1.6676,1.6676,1.6676,1.6676,1.6676,1.6676,1.6676,1.6676,1.6676,1.6676,1.6676,1.6676,1.6676,1.6676,1.6676,1.6676,1.6676,1.6676,1.6676,1.6676,1.6676,1.6676
1.6693,1.6693,1.6693,1.6693,1.6693,1.6693,1.6693,1.6693,1.6693,1.6693,1.6693,1.6693,1.6693,1.6693,1.6693,1.6693,1.6693,1.6693,1.6693,1.6693,1.6693,1.6693,1.6693,1.6693,1.6693,1.6693
1.671,1.671,1.671,1.671,1.671,1.671,1.671,1.671,1.671,1.671,1.671,1.671,1.671,1.671,1.671,1.671,1.671,1.671,1.671,1.671,1.671,1.671,1.671,1.671,1.671,1.671
1.6727,1.6727,1.6727,1.6727,1.6727,1.6727,1.6727,1.6727,1.6727,1.6727,1.6727,1.6727,1.6727,1.6727,1.6727,1.6727,1.6727,1.6727,1.6727,1.6727,1.6727,1.6727,1.6727,1.6727,1.6727,1.6727
1.6744,1.6744,1.6744,1.6744,1.6744,1.6744,1.6744,1.6744,1.6744,1.6744,1.6744,1.6744,1.6744,1.6744,1.6744,1.6744,1.6744,1.6744,1.6744,1.6744,1.6744,1.6744,1.6744,1.6744,1.6744,1.6744
1.6761,1.6761,1.6761,1.6761,1.6761,1.6761,1.6761,1.6761,1.6761,1.6761,1.6761,1.6761,1.6761,1.6761,1.6761,1.6761,1.6761,1.6761,1.6761,1.6761,1.6761,1.6761,1.6761,1.6761,1.6761,1.6761
1.6778,1.6778,1.6778,1.6778,1.6778,1.6778,1.6778,1.6778,1.6778,1.6778,1.6778,1.6778,1.6778,1.6778,1.6778,1.6778,1.6778,1.6778,1.6778,1.6778,1.6778,1.6778,1.6778,1.6778,1.6778,1.6778
1.6795,1.6795,1.6795,1.6795,1.6795,1.6795,1.6795,1.6795,1.6795,1.6795,1.6795,1.6795,1.6795,1.6795,1.6795,1.6795,1.6795,1.6795,1.6795,1.6795,1.6795,1.6795,1.6795,1.6795,1.6795,1.6795
1.6813,1.6813,1.6813,1.6813,1.6813,1.6813,1.6813,1.6813,1.6813,1.6813,1.6813,1.6813,1.6813,1.6813,1.6813,1.6813,1.6813,1.6813,1.6813,1.6813,1.6813,1.6813,1.6813,1.6813,1.6813,1.6813
1.683,1.683,1.683,1.683,1.683,1.683,1.683,1.683,1.683,1.683,1.683,1.683,1.4662,1.683,1.683,1.683,1.683,1.683,1.683,1.683,1.683,1.683,1.683,1.683,1.683,1.683
1.6847,1.6847,1.6847,1.6847,1.6847,1.6847,1.6847,1.6847,1.6847,1.6847,1.6847,1.6847,1.6847,1.6847,1.6847,1.6847,1.6847,1.6847,1.6847,1.6847,1.6847,1.6847,1.6847,1.6847,1.6847,1.6847
1.6865,1.6865,1.6865,1.6865,1.6865,1.6865,1.6865,1.6865,1.6865,1.6865,1.6865,1.6865,1.6865,1.6865,1.6865,1.6865,1.6865,1.6865,1.6865,1.6865,1.6865,1.6865,1.6865,1.6865,1.6865,1.6865
1.6882,1.6882,1.6882,1.6882,1.6882,1.6882,1.6882,1.6882,1.6882,1.6882,1.6882,1.6882,1.6882,1.6882,1.6882,1.6882,1.6882,1.6882,1.6882,1.6882,1.6882,1.6882,1.6882,1.6882,1.6882,1.6882
1.6899,1.6899,1.6899,1.6899,1.6899,1.6899,1.6899,1.6899,1.6899,1.6899,1.6899,1.6899,1.6899,1.6899,1.6899,1.6899,1.6899,1.6899,1.6899,1.6899,1.6899,1.6899,1.6899,1.6899,1.6899,1.6899
1.6917,1.6917,1.6917,1.6917,1.6917,1.6917,1.6917,1.6917,1.6917,1.6917,1.6917,1.6917,1.6917,1.6917,1.6917,1.6917,1.6917,1.6917,1.6917,1.6917,1.6917,1.6917,1.6917,1.6917,1.6917,1.6595
1.6934,1.6934,1.6934,1.6934,1.6934,1.6934,1.6934,1.6934,1.6934,1.6934,1.6934,1.6934,1.6934,1.6934,1.6934,1.6934,1.6934,1.6934,1.6934,1.6934,1.6934,1.6934,1.6934,1.6934,1.6934,1.6934
1.6952,1.6952,1.6952,1.6952,1.6952,1.6952,1.6952,1.6952,1.6952,1.6952,1.6952,1.6952,1.6952,1.6952,1.6952,1.6952,1.6952,1.6952,1.6952,1.6952,1.6952,1.6952,1.6952,1.6952,1.6952,1.6952
1.6969,1.6969,1.6969,1.6969,1.6969,1.6969,1.6969,1.6969,1.6969,1.6969,1.6969,1.6969,1.6969,1.6969,1.6969,1.6969,1.6969,1.6969,1.6969,1.6969,1.6969,1.6969,1.6969,1.6969,1.6969,1.6969
1.6987,1.6987,1.6987,1.6987,1.6987,1.6987,1.6987,1.6987,1.6987,1.6987,1.6987,1.6987,1.6987,1.6987,1.6987,1.6987,1.6987,1.6987,1.6987,1.6987,1.6987,1.6987,1.6987,1.6987,1.6987,1.6987
1.7005,1.7005,1.7005,1.7005,1.7005,1.7005,1.7005,1.7005,1.7005,1.7005,1.7005,1.7005,1.7005,1.2586,1.7005,1.7005,1.7005,1.7005,1.7005,1.7005,1.7005,1.7005,1.7005,1.7005,1.7005,1.7005
1.7022,1.7022,1.7022,1.7022,1.7022,1.7022,1.7022,1.7022,1.7022,1.7022,1.7022,1.7022,1.7022,1.7022,1.7022,1.7022,1.7022,1.7022,1.7022,1.7022,1.7022,1.7022,1.7022,1.7022,1.7022,1.7022
1.704,1.704,1.704,1.704,1.704,1.704,1.704,1.704,1.704,1.704,1.704,1.704,1.704,1.704,1.704,1.704,1.704,1.704,1.704,1.704,1.704,1.704,1.704,1.704,1.704,1.704
1.7058,1.7058,1.7058,1.7058,1.7058,1.7058,1.7058,1.7058,1.7058,1.7058,1.7058,1.7058,1.6892,1.7058,1.7058,1.7058,1.7058,1.7058,1.7058,1.7058,1.7058,1.7058,1.7058,1.7058,1.7058,1.6865
1.7076,1.7076,1.7076,1.7076,1.7076,1.7076,1.7076,1.7076,1.7076,1.7076,1.7076,1.7076,1.7076,1.7076,1.7076,1.7076,1.7076,1.7076,1.7076,1.7076,1.7076,1.7076,1.7076,1.7076,1.7076,1.7076
1.7093,1.7093,1.7093,1.7093,1.7093,1.7093,1.7093,1.7093,1.7093,1.7093,1.7093,1.7093,1.7093,1.7093,1.7093,1.7093,1.7093,1.7093,1.7093,1.7093,1.7093,1.7093,1.7093,1.7093,1.7093,1.7093
1.7111,1.7111,1.7111,1.7111,1.7111,1.7111,1.7111,1.7111,1.7111,1.7111,1.7111,1.7111,1.7111,1.7111,1.7111,1.7111,1.7111,1.7111,1.7111,1.7111,1.7111,1.7111,1.7111,1.7111,1.7111,1.7111
1.7129,1.7129,1.7129,1.7129,1.7129,1.7129,1.7129,1.7129,1.7129,1.7129,1.7129,1.7129,1.7129,1.7129,1.7129,1.7129,1.7129,1.7129,1.7129,1.7129,1.7129,1.7129,1.7129,1.7129,1.7129,1.7129
1.7147,1.7147,1.7147,1.7147,1.7147,1.7147,1.7147,1.7147,1.7147,1.7147,1.7147,1.7147,1.7147,1.7147,1.7147,1.7147,1.7147,1.7147,1.7147,1.7147,1.7147,1.7147,1.7147,1.7147,1.7147,1.5174
1.7165,1.7165,1.7165,1.7165,1.7165,1.7165,1.7165,1.7165,1.7165,1.7165,1.7165,1.7165,1.7165,1.7165,1.7165,1.7165,1.7165,1.7165,1.7165,1.7165,1.7165,1.7165,1.7165,1.7165,1.7165,1.7165
1.7183,1.7183,1.7183,1.7183,1.7183,1.7183,1.7183,1.7183,1.7183,1.7183,1.7183,1.7183,1.7183,1.7183,1.7183,1.7183,1.7183,1.7183,1.7183,1.7183,1.7183,1.7183,1.7183,1.7183,1.7183,1.7183
1.7201,1.7201,1.7201,1.7201,1.7201,1.7201,1.7201,1.7201,1.7201,1.7201,1.7201,1.7201,1.7201,1.7201,1.7201,1.7201,1.7201,1.7201,1.7201,1.7201,1.7201,1.7201,1.7201,1.7201,1.7201,1.7201
1.7219,1.7219,1.7219,1.7219,1.7219,1.7219,1.7219,1.7219,1.7219,1.7219,1.7219,1.7219,1.7219,1.7219,1.7219,1.7219,1.7219,1.7219,1.7219,1.7219,1.7219,1.7219,1.7219,1.7219,1.7219,1.7219
1.7237,1.7237,1.7237,1.7237,1.7237,1.7237,1.7237,1.7237,1.7237,1.7237,1.7237,1.7237,1.7237,1.7237,1.7237,1.7237,1.7237,1.7237,1.7237,1.7237,1.7237,1.7237,1.7237,1.7237,1.7237,1.7237
1.7255,1.7255,1.7255,1.7255,1.7255,1.7255,1.7255,1.7255,1.7255,1.7255,1.7255,1.7255,1.7255,1.7255,1.7255,1.7255,1.7255,1.7255,1.7255,1.7255,1.7255,1.7255,1.7255,1.7255,1.7255,1.7255
1.7274,1.7274,1.7274,1.7274,1.7274,1.7274,1.7274,1.7274,1.7274,1.7274,1.7274,1.7274,1.7274,1.7274,1.7274,1.7274,1.7274,1.7274,1.7274,1.7274,1.7274,1.7274,1.7274,1.7274,1.7274,1.7274
1.7292,1.7292,1.7292,1.7292,1.7292,1.7292,1.7292,1.7292,1.7292,1.7292,1.7292,1.7292,1.7292,1.7292,1.7292,1.7292,1.7292,1.7292,1.7292,1.7292,1.7292,1.7292,1.7292,1.7292,1.6376,1.4438
1.731,1.731,1.731,1.731,1.731,1.731,1.731,1.731,1.731,1.731,1.731,1.731,1.731,1.731,1.731,1.731,1.731,1.731,1.731,1.731,1.731,1.731,1.731,1.731,1.731,1.731
1.7328,1.7328,1.7328,1.7328,1.7328,1.7328,1.7328,1.7328,1.7328,1.7328,1.7328,1.7328,1.7328,1.7328,1.7328,1.7328,1.7328,1.7328,1.7328,1.7328,1.7328,1.7328,1.7328,1.7328,1.7328,1.7328
1.7347,1.7347,1.7347,1.7347,1.7347,1.7347,1.7347,1.7347,1.7347,1.7347,1.7347,1.7347,1.7347,1.7347,1.7347,1.7347,1.7347,1.7347,1.7347,1.7347,1.7347,1.7347,1.7347,1.7347,1.7347,1.7347
1.7365,1.7365,1.7365,1.7365,1.7365,1.7365,1.7365,1.7365,1.7365,1.7365,1.7365,1.7365,1.7365,1.7297,1.7365,1.7365,1.7365,1.7365,1.7365,1.7365,1.7365,1.7365,1.7365,1.7365,1.7365,1.7365
1.7384,1.7384,1.7384,1.7384,1.7384,1.7384,1.7384,1.7384,1.7384,1.7384,1.7384,1.7384,1.7384,1.156,1.7384,1.7384,1.7384,1.7384,1.7384,1.7384,1.7384,1.7384,1.7384,1.7384,1.6826,1.4835
1.7402,1.7402,1.7402,1.7402,1.7402,1.7402,1.7402,1.7402,1.7402,1.7402,1.7402,1.7402,1.7402,1.7402,1.7402,1.7402,1.7402,1.7402,1.7402,1.7402,1.7402,1.7402,1.7402,1.7402,1.7402,1.7402
1.7421,1.7421,1.7421,1.7421,1.7421,1.7421,1.7421,1.7421,1.7421,1.7421,1.7421,1.7421,1.7421,1.7421,1.7421,1.7421,1.7421,1.7421,1.7421,1.7421,1.7421,1.7421,1.7421,1.7421,1.7421,1.7421
1.7439,1.7439,1.7439,1.7439,1.7439,1.7439,1.7439,1.7439,1.7439,1.7439,1.7439,1.7439,1.1277,1.7439,1.7439,1.7439,1.7439,1.7439,1.7439,1.7439,1.7439,1.7439,1.7439,1.7439,1.7439,1.5728
1.7458,1.7458,1.7458,1.7458,1.7458,1.7458,1.7458,1.7458,1.7458,1.7458,1.7458,1.7458,1.7458,1.7458,1.7458,1.7458,1.7458,1.7458,1.7458,1.7458,1.7458,1.7458,1.7458,1.7458,1.7458,1.7458
1.7476,1.7476,1.7476,1.7476,1.7476,1.7476,1.7476,1.7476,1.7476,1.7476,1.7476,1.7476,1.7476,1.7476,1.7476,1.7476,1.7476,1.7476,1.7476,1.7476,1.7476,1.7476,1.7476,1.7476,1.7476,1.7476
1.7495,1.7495,1.7495,1.7495,1.7495,1.7495,1.7495,1.7495,1.7495,1.7495,1.7495,1.7495,1.7495,1.7495,1.7495,1.7495,1.7495,1.7495,1.7495,1.7495,1.7495,1.7495,1.7495,1.7495,1.7495,1.7495
1.7514,1.7514,1.7514,1.7514,1.7514,1.7514,1.7514,1.7514,1.7514,1.7514,1.7514,1.7514,1.7514,1.7514,1.7514,1.7514,1.7514,1.7514,1.7514,1.7514,1.7514,1.7514,1.7514,1.7514,1.7514,1.7514
1.7489,1.7338,1.7532,1.7532,1.7532,1.7532,1.7532,1.7532,1.7532,1.7532,1.7532,1.7532,1.7532,1.7532,1.7532,1.7532,1.7532,1.7532,1.7532,1.7532,1.7532,1.7532,1.7532,1.6707,1.4939,1.3171
1.7551,1.7551,1.7551,1.7551,1.7551,1.7551,1.7551,1.7551,1.7551,1.7551,1.7551,1.7551,1.7551,1.7551,1.7551,1.7551,1.7551,1.7551,1.7551,1.7551,1.7551,1.7551,1.7551,1.7551,1.7551,1.7551
1.757,1.757,1.757,1.757,1.757,1.757,1.757,1.757,1.757,1.757,1.757,1.757,1.757,1.757,1.757,1.757,1.757,1.757,1.757,1.757,1.757,1.757,1.757,1.757,1.757,1.757
1.7589,1.7589,1.7589,1.7589,1.7589,1.7589,1.7589,1.7589,1.7589,1.7589,1.7589,1.7589,1.7589,1.7589,1.7589,1.7589,1.7589,1.7589,1.7589,1.7589,1.7589,1.7589,1.7589,1.7589,1.7589,1.7589
1.7608,1.7608,1.7608,1.7608,1.7608,1.7608,1.7608,1.7608,1.7608,1.7608,1.7608,1.7608,1.7608,1.7608,1.7608,1.7608,1.7608,1.7608,1.7608,1.7608,1.7608,1.7608,1.7608,1.7608,1.7608,1.7608
1.7627,1.7627,1.7627,1.7627,1.7627,1.7627,1.7627,1.7627,1.7627,1.7627,1.7627,1.7627,1.7627,1.0695,1.7627,1.7627,1.7627,1.7627,1.7627,1.7627,1.7627,1.7627,1.7627,1.7627,1.7606,1.5522
1.7646,1.7646,1.7646,1.7646,1.7646,1.7646,1.7646,1.7646,1.7646,1.7646,1.7646,1.7646,1.7646,1.7646,1.7646,1.7646,1.7646,1.7646,1.7646,1.7646,1.7646,1.7646,1.7646,1.7646,1.7646,1.7646
1.7665,1.7665,1.7665,1.7665,1.7665,1.7665,1.7665,1.7665,1.7665,1.7665,1.7665,1.7665,1.7665,1.7665,1.7665,1.7665,1.7665,1.7665,1.7665,1.7665,1.7665,1.7665,1.7665,1.7665,1.7665,1.7665
1.7671,1.7519,1.7684,1.7684,1.7684,1.7684,1.7684,1.7684,1.7684,1.7684,1.7684,1.7684,1.7145,1.7684,1.7684,1.7684,1.7684,1.7684,1.7684,1.7684,1.7684,1.7684,1.7684,1.6881,1.5095,1.3308
1.7703,1.7703,1.7703,1.7703,1.7703,1.7703,1.7703,1.7703,1.7703,1.7703,1.7703,1.7703,1.6126,1.7703,1.7703,1.7703,1.7703,1.7703,1.7703,1.7703,1.7703,1.7703,1.7703,1.7703,1.7703,1.7703
1.7722,1.7722,1.7722,1.7722,1.7722,1.7722,1.7722,1.7722,1.7722,1.7722,1.7722,1.7722,1.7722,1.7722,1.7722,1.7722,1.7722,1.7722,1.7722,1.7722,1.7722,1.7722,1.7722,1.7722,1.7722,1.7722
1.7741,1.7741,1.7741,1.7741,1.7741,1.7741,1.7741,1.7741,1.7741,1.7741,1.7741,1.7741,1.7741,1.7741,1.7741,1.7741,1.7741,1.7741,1.7741,1.7741,1.7741,1.7741,1.7741,1.7741,1.7741,1.7741
1.776,1.776,1.776,1.776,1.776,1.776,1.776,1.776,1.776,1.776,1.776,1.776,1.776,1.776,1.776,1.776,1.776,1.776,1.776,1.776,1.776,1.776,1.776,1.776,1.776,1.776
1.6905,1.676,1.7189,1.778,1.778,1.778,1.778,1.778,1.778,1.778,1.778,1.778,1.778,1.5729,1.778,1.778,1.778,1.778,1.778,1.778,1.778,1.778,1.778,1.615,1.4441,1.2731
1.7799,1.7799,1.7799,1.7799,1.7799,1.7799,1.7799,1.7799,1.7799,1.7799,1.7799,1.7799,1.7799,1.7799,1.7799,1.7799,1.7799,1.7799,1.7799,1.7799,1.7799,1.7799,1.7799,1.7799,1.7799,1.7799
1.7818,1.7818,1.7818,1.7818,1.7818,1.7818,1.7818,1.7818,1.7818,1.7818,1.7818,1.7818,1.7818,1.7818,1.7818,1.7818,1.7818,1.7818,1.7818,1.7818,1.7818,1.7818,1.7818,1.7818,1.7818,1.7818
1.7838,1.7838,1.7838,1.7838,1.7838,1.7838,1.7838,1.7838,1.7838,1.7838,1.7838,1.7838,1.0688,1.7838,1.7838,1.7838,1.7838,1.7838,1.7838,1.7838,1.7838,1.7838,1.7838,1.7838,1.76,1.5517
1.7857,1.7857,1.7857,1.7857,1.7857,1.7857,1.7857,1.7857,1.7857,1.7857,1.7857,1.7857,1.7857,1.7857,1.7857,1.7857,1.7857,1.7857,1.7857,1.7857,1.7857,1.7857,1.7857,1.7857,1.7857,1.7857
1.7877,1.7877,1.7877,1.7877,1.7877,1.7877,1.7877,1.7877,1.7877,1.7877,1.7877,1.7877,1.7877,1.7877,1.7877,1.7877,1.7877,1.7877,1.7877,1.7877,1.7877,1.7877,1.7877,1.7877,1.7877,1.7585
1.7896,1.7896,1.7896,1.7896,1.7896,1.7896,1.7896,1.7896,1.7896,1.7896,1.7896,1.7896,1.7896,1.7896,1.7896,1.7896,1.7896,1.7896,1.7896,1.7896,1.7896,1.7896,1.7896,1.7896,1.7896,1.7896
1.7916,1.7916,1.7916,1.7916,1.7916,1.7916,1.7916,1.7916,1.7916,1.7916,1.7916,1.7916,1.7916,1.7916,1.7916,1.7916,1.7916,1.7916,1.7916,1.7916,1.7916,1.7916,1.7916,1.7916,1.7916,1.7916
1.5899,1.5763,1.6166,1.7312,1.7935,1.7935,1.7935,1.7935,1.7935,1.7935,1.7935,1.7935,1.7935,1.7935,1.7935,1.7935,1.7935,1.7935,1.7935,1.7935,1.7935,1.7935,1.6796,1.5189,1.3581,1.1974
1.7955,1.7955,1.7955,1.7955,1.7955,1.7955,1.7955,1.7955,1.7955,1.7955,1.7955,1.7955,1.7955,1.7955,1.7955,1.7955,1.7955,1.7955,1.7955,1.7955,1.7955,1.7955,1.7955,1.7955,1.7955,1.7955
1.7975,1.7975,1.7975,1.7975,1.7975,1.7975,1.7975,1.7975,1.7975,1.7975,1.7975,1.7975,1.7975,1.7975,1.7975,1.7975,1.7975,1.7975,1.7975,1.7975,1.7975,1.7975,1.7975,1.7975,1.7975,1.7975
1.7995,1.7995,1.7995,1.7995,1.7995,1.7995,1.7995,1.7995,1.7995,1.7995,1.7995,1.7995,1.7995,1.7995,1.7995,1.7995,1.7995,1.7995,1.7995,1.7995,1.7995,1.7995,1.7995,1.7995,1.7995,1.7995
1.8014,1.8014,1.8014,1.8014,1.8014,1.8014,1.8014,1.8014,1.8014,1.8014,1.8014,1.8014,1.8014,1.4236,1.8014,1.8014,1.8014,1.8014,1.8014,1.8014,1.8014,1.8014,1.8014,1.8014,1.8014,1.8014
1.7325,1.7176,1.7616,1.8034,1.8034,1.8034,1.8034,1.8034,1.8034,1.8034,1.8034,1.8034,1.8034,0.899,1.8034,1.8034,1.8034,1.8034,1.8034,1.8034,1.8034,1.8034,1.8034,1.6551,1.4799,1.3048
1.8054,1.8054,1.8054,1.8054,1.8054,1.8054,1.8054,1.8054,1.8054,1.8054,1.8054,1.8054,1.8054,1.8054,1.8054,1.8054,1.8054,1.8054,1.8054,1.8054,1.8054,1.8054,1.8054,1.8054,1.8054,1.8054
1.8074,1.8074,1.8074,1.8074,1.8074,1.8074,1.8074,1.8074,1.8074,1.8074,1.8074,1.8074,1.8074,1.8074,1.8074,1.8074,1.8074,1.8074,1.8074,1.8074,1.8074,1.8074,1.8074,1.8074,1.8074,1.8074
1.7016,1.687,1.7302,1.8094,1.8094,1.8094,1.8094,1.8094,1.8094,1.8094,1.8094,1.8094,1.1206,1.8094,1.8094,1.8094,1.8094,1.8094,1.8094,1.8094,1.8094,1.8094,1.7976,1.6256,1.4535,1.2815
1.8114,1.8114,1.8114,1.8114,1.8114,1.8114,1.8114,1.8114,1.8114,1.8114,1.8114,1.8114,1.71,1.8114,1.8114,1.8114,1.8114,1.8114,1.8114,1.8114,1.8114,1.8114,1.8114,1.8114,1.8114,1.8114
1.8134,1.8134,1.8134,1.8134,1.8134,1.8134,1.8134,1.8134,1.8134,1.8134,1.8134,1.8134,1.8134,1.8134,1.6484,1.8134,1.8134,1.8134,1.8134,1.8134,1.8134,1.8134,1.8134,1.8134,1.8134,1.8134
1.8154,1.8154,1.8154,1.8154,1.8154,1.8154,1.8154,1.8154,1.8154,1.8154,1.8154,1.8154,1.8154,1.8154,1.8154,1.8154,1.8154,1.8154,1.8154,1.8154,1.8154,1.8154,1.8154,1.8154,1.8154,1.8154
1.8174,1.8174,1.8174,1.8174,1.8174,1.8174,1.8174,1.8174,1.8174,1.8174,1.8174,1.8174,1.8174,1.8174,1.8174,1.8174,1.8174,1.8174,1.8174,1.8174,1.8174,1.8174,1.8174,1.8174,1.8174,1.8174
1.511,1.498,1.5364,1.6452,1.7638,1.8194,1.8194,1.8194,1.8194,1.8194,1.8194,1.8194,1.8194,1.8194,1.8194,1.8194,1.8194,1.8194,1.8194,1.8194,1.8194,1.749,1.5962,1.4435,1.2907,1.1379
1.8215,1.8215,1.8215,1.8215,1.8215,1.8215,1.8215,1.8215,1.8215,1.8215,1.8215,1.8215,1.8215,1.8215,1.8215,1.8215,1.8215,1.8215,1.8215,1.8215,1.8215,1.8215,1.8215,1.8215,1.8215,1.8215
1.8235,1.8235,1.8235,1.8235,1.8235,1.8235,1.8235,1.8235,1.8235,1.8235,1.8235,1.8235,1.8235,1.8235,1.8235,1.8235,1.8235,1.8235,1.8235,1.8235,1.8235,1.8235,1.8235,1.8235,1.8235,1.8235
1.8255,1.8255,1.8255,1.8255,1.8255,1.8255,1.8255,1.8255,1.8255,1.8255,1.8255,1.8255,1.8255,1.8255,1.8255,1.8255,1.8255,1.8255,1.8255,1.8255,1.8255,1.8255,1.8255,1.8255,1.8246,1.6086
1.8276,1.8276,1.8276,1.8276,1.8276,1.8276,1.8276,1.8276,1.8276,1.8276,1.8276,1.8276,1.8276,1.8276,1.8276,1.8276,1.8276,1.8276,1.8276,1.8276,1.8276,1.8276,1.8276,1.8276,1.8276,1.8276
1.8296,1.8296,1.8296,1.8296,1.8296,1.8296,1.8296,1.8296,1.8296,1.8296,1.8296,1.8296,1.8296,1.8296,1.8296,1.8296,1.8296,1.8296,1.8296,1.8296,1.8296,1.8296,1.8296,1.8115,1.6198,1.4281
1.8316,1.8316,1.8316,1.8316,1.8316,1.8316,1.8316,1.8316,1.8316,1.8316,1.8316,1.8316,1.8316,1.8316,1.8316,1.8316,1.8316,1.8316,1.8316,1.8316,1.8316,1.8316,1.8316,1.8316,1.8316,1.8316
1.8337,1.8337,1.8337,1.8337,1.8337,1.8337,1.8337,1.8337,1.8337,1.8337,1.8337,1.8337,1.8337,1.8337,1.8337,1.8337,1.8337,1.8337,1.8337,1.8337,1.8337,1.8337,1.8337,1.8337,1.8337,1.8337
1.4993,1.4864,1.5245,1.6325,1.7502,1.8357,1.8357,1.8357,1.8357,1.8357,1.8357,1.8357,1.8357,1.8357,1.8357,1.8357,1.8357,1.8357,1.8357,1.8357,1.8357,1.7355,1.5839,1.4323,1.2807,1.1291
1.8378,1.8378,1.8378,1.8378,1.8378,1.8378,1.8378,1.8378,1.8378,1.8378,1.8378,1.8378,1.8378,1.8378,1.8378,1.8378,1.8378,1.8378,1.8378,1.8378,1.8378,1.8378,1.8378,1.8378,1.8378,1.8378
1.8399,1.8399,1.8399,1.8399,1.8399,1.8399,1.8399,1.8399,1.8399,1.8399,1.8399,1.8399,1.8399,1.8399,1.8399,1.8399,1.8399,1.8399,1.8399,1.8399,1.8399,1.8399,1.8399,1.8399,1.8399,1.8399
1.8419,1.8419,1.8419,1.8419,1.8419,1.8419,1.8419,1.8419,1.8419,1.8419,1.8419,1.6029,1.8419,1.8419,1.8419,1.8419,1.8419,1.8419,1.8419,1.8419,1.8419,1.8419,1.8419,1.8419,1.8419,1.8419
1.844,1.844,1.844,1.844,1.844,1.844,1.844,1.844,1.844,1.844,1.844,1.844,1.844,1.844,1.844,1.844,1.844,1.844,1.844,1.844,1.844,1.844,1.844,1.844,1.844,1.844
1.5148,1.5017,1.5402,1.6493,1.7682,1.8461,1.8461,1.8461,1.8461,1.8461,1.8461,1.8461,1.8461,1.0396,1.8461,1.8461,1.8461,1.8461,1.8461,1.8461,1.8461,1.7534,1.6002,1.4471,1.2939,1.1408
1.8482,1.8482,1.8482,1.8482,1.8482,1.8482,1.8482,1.8482,1.8482,1.8482,1.8482,1.8482,1.8482,1.8482,1.8482,1.8482,1.8482,1.8482,1.8482,1.8482,1.8482,1.8482,1.8482,1.8482,1.8482,1.8482
1.8503,1.8503,1.8503,1.8503,1.8503,1.8503,1.8503,1.8503,1.8503,1.8503,1.8503,1.8503,1.8503,1.8503,1.8503,1.8503,1.8503,1.8503,1.8503,1.8503,1.8503,1.8503,1.8503,1.8503,1.8503,1.8503
1.7024,1.6878,1.731,1.8523,1.8523,1.8523,1.8523,1.8523,1.8523,1.8523,1.8523,1.8523,0.8831,1.8523,1.8523,1.8523,1.8523,1.8523,1.8523,1.8523,1.8523,1.8523,1.7985,1.6264,1.4542,1.2821
1.8544,1.8544,1.8544,1.8544,1.8544,1.8544,1.8544,1.8544,1.8544,1.8544,1.8544,1.8544,1.8544,1.8544,1.8544,1.8544,1.8544,1.8544,1.8544,1.8544,1.8544,1.8544,1.8544,1.8544,1.8544,1.8544
1.8565,1.8565,1.8565,1.8565,1.8565,1.8565,1.8565,1.8565,1.8565,1.8565,1.8565,1.8565,1.8565,1.8565,1.6786,1.8565,1.8565,1.8565,1.8565,1.8565,1.8565,1.8565,1.8565,1.8565,1.8565,1.7011
1.8587,1.8587,1.8587,1.8587,1.8587,1.8587,1.8587,1.8587,1.8587,1.8587,1.8587,1.8587,1.8587,1.8587,1.8587,1.8587,1.8587,1.8587,1.8587,1.8587,1.8587,1.8587,1.8587,1.8587,1.8587,1.8587
1.8608,1.8608,1.8608,1.8608,1.8608,1.8608,1.8608,1.8608,1.8608,1.8608,1.8608,1.8608,1.8608,1.8608,1.8608,1.8608,1.8608,1.8608,1.8608,1.8608,1.8608,1.8608,1.8608,1.8608,1.8608,1.8608
1.3957,1.3837,1.4191,1.5196,1.6292,1.7639,1.8629,1.8629,1.8629,1.8629,1.8629,1.8629,1.8629,1.8629,1.8629,1.8629,1.8629,1.8629,1.8629,1.8629,1.7566,1.6155,1.4744,1.3333,1.1922,1.0511
1.865,1.865,1.865,1.865,1.865,1.865,1.865,1.865,1.865,1.865,1.865,1.865,1.865,1.865,1.865,1.865,1.865,1.865,1.865,1.865,1.865,1.865,1.865,1.865,1.865,1.865
1.8671,1.8671,1.8671,1.8671,1.8671,1.8671,1.8671,1.8671,1.8671,1.8671,1.8671,1.8671,1.8671,1.8671,1.8671,1.8671,1.8671,1.8671,1.8671,1.8671,1.8671,1.8671,1.8671,1.8671,1.8671,1.8671
1.8693,1.8693,1.8693,1.8693,1.8693,1.8693,1.8693,1.8693,1.8693,1.8693,1.8693,1.7428,1.8693,1.8693,1.8693,1.8693,1.8693,1.8693,1.8693,1.8693,1.8693,1.8693,1.8693,1.8693,1.8693,1.7559
1.8714,1.8714,1.8714,1.8714,1.8714,1.8714,1.8714,1.8714,1.8714,1.8714,1.8714,1.8714,1.8714,1.6787,1.8714,1.8714,1.8714,1.8714,1.8714,1.8714,1.8714,1.8714,1.8714,1.8714,1.8714,1.8714
1.6084,1.5946,1.6354,1.7513,1.8735,1.8735,1.8735,1.8735,1.8735,1.8735,1.8735,1.8735,1.8735,0.8346,1.8735,1.8735,1.8735,1.8735,1.8735,1.8735,1.8735,1.8618,1.6991,1.5365,1.3739,1.2113
1.8757,1.8757,1.8757,1.8757,1.8757,1.8757,1.8757,1.8757,1.8757,1.8757,1.8757,1.8757,1.8757,1.8757,1.8757,1.8757,1.8757,1.8757,1.8757,1.8757,1.8757,1.8757,1.8757,1.8757,1.8757,1.8757
1.8778,1.8778,1.8778,1.8778,1.8778,1.8778,1.8778,1.8778,1.8778,1.8778,1.8778,1.8778,1.8778,1.8778,1.8778,1.8778,1.8778,1.8778,1.8778,1.8778,1.8778,1.8778,1.8778,1.8778,1.8778,1.8778
1.4598,1.4472,1.4843,1.5894,1.7041,1.8449,1.88,1.88,1.88,1.88,1.88,1.88,1.2056,1.88,1.88,1.88,1.88,1.88,1.88,1.88,1.8373,1.6897,1.5422,1.3946,1.247,1.0994
1.8821,1.8821,1.8821,1.8821,1.8821,1.8821,1.8821,1.8821,1.8821,1.8821,1.8821,1.8821,1.2826,1.8821,1.8821,1.8821,1.8821,1.8821,1.8821,1.8821,1.8821,1.8821,1.8821,1.8821,1.8821,1.8821
1.8843,1.8843,1.8843,1.8843,1.8843,1.8843,1.8843,1.8843,1.8843,1.8843,1.8843,1.8843,1.8843,1.8843,1.4041,1.8843,1.8843,1.8843,1.8843,1.8843,1.8843,1.8843,1.8843,1.8843,1.8843,1.8843
1.8865,1.8865,1.8865,1.8865,1.8865,1.8865,1.8865,1.8865,1.8865,1.8865,1.8865,1.8865,1.8865,1.8865,1.8865,1.8865,1.8865,1.8865,1.8865,1.8865,1.8865,1.8865,1.8865,1.8865,1.8865,1.8865
1.8886,1.8886,1.8886,1.8886,1.8886,1.8886,1.8886,1.8886,1.8886,1.8886,1.8886,1.8886,1.8886,1.8886,1.8886,1.8886,1.8886,1.8886,1.8886,1.8886,1.8886,1.8886,1.8886,1.8886,1.8886,1.8886
1.3676,1.3558,1.3906,1.4891,1.5964,1.7284,1.8605,1.8908,1.8908,1.8908,1.8908,1.8908,1.8908,1.6151,1.8908,1.8908,1.8908,1.8908,1.8908,1.8595,1.7213,1.583,1.4448,1.3065,1.1682,1.0299
1.893,1.893,1.893,1.893,1.893,1.893,1.893,1.893,1.893,1.893,1.893,1.893,1.893,1.893,1.893,1.893,1.893,1.893,1.893,1.893,1.893,1.893,1.893,1.893,1.893,1.893
1.8952,1.8952,1.8952,1.8952,1.8952,1.8952,1.8952,1.8952,1.8952,1.8952,1.8952,1.8952,1.8952,1.8952,1.8952,1.8952,1.8952,1.8952,1.8952,1.8952,1.8952,1.8952,1.8952,1.8952,1.8952,1.8952
1.7683,1.7531,1.798,1.8974,1.8974,1.8974,1.8974,1.8974,1.8974,1.8974,1.8974,1.8974,0.9173,1.8974,1.8974,1.8974,1.8974,1.8974,1.8974,1.8974,1.8974,1.8974,1.8681,1.6893,1.5105,1.3317
1.8996,1.8996,1.8996,1.8996,1.8996,1.8996,1.8996,1.8996,1.8996,1.8996,1.8996,1.8996,1.8996,1.8996,1.8996,1.8996,1.8996,1.8996,1.8996,1.8996,1.8996,1.8996,1.8996,1.8996,1.8996,1.8996
1.83,1.8143,1.8608,1.9018,1.9018,1.9018,1.9018,1.9018,1.9018,1.9018,1.9018,1.9018,1.9018,1.9018,1.7805,1.9018,1.9018,1.9018,1.9018,1.9018,1.9018,1.9018,1.9018,1.7483,1.5632,1.3782
1.904,1.904,1.904,1.904,1.904,1.904,1.904,1.904,1.904,1.904,1.904,1.904,1.904,1.904,1.904,1.904,1.904,1.904,1.904,1.904,1.904,1.904,1.904,1.904,1.904,1.904
1.9062,1.9062,1.9062,1.9062,1.9062,1.9062,1.9062,1.9062,1.9062,1.9062,1.9062,1.9062,1.9062,1.9062,1.9062,1.9062,1.9062,1.9062,1.9062,1.9062,1.9062,1.9062,1.9062,1.9062,1.9062,1.9062
1.3267,1.3153,1.349,1.4445,1.5487,1.6767,1.8049,1.9084,1.9084,1.9084,1.9084,1.9084,1.9084,1.9084,1.9084,1.9084,1.9084,1.9084,1.9084,1.8038,1.6698,1.5357,1.4015,1.2674,1.1333,0.9991
1.9107,1.9107,1.9107,1.9107,1.9107,1.9107,1.9107,1.9107,1.9107,1.9107,1.9107,1.9107,1.9107,1.9107,1.9107,1.9107,1.9107,1.9107,1.9107,1.9107,1.9107,1.9107,1.9107,1.9107,1.9107,1.9107
1.9129,1.9129,1.9129,1.9129,1.9129,1.9129,1.9129,1.9129,1.9129,1.9129,1.9129,1.9129,1.9129,1.9129,1.9129,1.9129,1.9129,1.9129,1.9129,1.9129,1.9129,1.9129,1.9129,1.9129,1.9129,1.9129
1.9151,1.9151,1.9151,1.9151,1.9151,1.9151,1.9151,1.9151,1.9151,1.9151,1.9151,1.5054,1.9151,1.9151,1.9151,1.9151,1.9151,1.9151,1.9151,1.9151,1.9151,1.9151,1.9151,1.9151,1.9151,1.9151
1.9174,1.9174,1.9174,1.9174,1.9174,1.9174,1.9174,1.9174,1.9174,1.9174,1.9174,1.9174,1.9174,1.2062,1.9174,1.9174,1.9174,1.9174,1.9174,1.9174,1.9174,1.9174,1.9174,1.9174,1.9174,1.9174
1.4124,1.4003,1.4361,1.5378,1.6488,1.785,1.9196,1.9196,1.9196,1.9196,1.9196,1.9196,1.9196,0.7587,1.9196,1.9196,1.9196,1.9196,1.9196,1.9196,1.7777,1.6349,1.4921,1.3493,1.2065,1.0637
1.9219,1.9219,1.9219,1.9219,1.9219,1.9219,1.9219,1.9219,1.9219,1.9219,1.9219,1.9219,1.9219,1.9219,1.9219,1.9219,1.9219,1.9219,1.9219,1.9219,1.9219,1.9219,1.9219,1.9219,1.9219,1.9219
1.9241,1.9241,1.9241,1.9241,1.9241,1.9241,1.9241,1.9241,1.9241,1.9241,1.9241,1.9241,1.9241,1.9241,1.9241,1.9241,1.9241,1.9241,1.9241,1.9241,1.9241,1.9241,1.9241,1.9241,1.9241,1.9241
1.465,1.4524,1.4896,1.5951,1.7102,1.8515,1.9264,1.9264,1.9264,1.9264,1.9264,1.9264,0.8512,1.9264,1.9264,1.9264,1.9264,1.9264,1.9264,1.9264,1.8439,1.6958,1.5477,1.3996,1.2514,1.1033
1.9287,1.9287,1.9287,1.9287,1.9287,1.9287,1.9287,1.9287,1.9287,1.9287,1.9287,1.9287,1.7357,1.9287,1.9287,1.9287,1.9287,1.9287,1.9287,1.9287,1.9287,1.9287,1.9287,1.9287,1.9287,1.9287
1.9309,1.9309,1.9309,1.9309,1.9309,1.9309,1.9309,1.9309,1.9309,1.9309,1.9309,1.9309,1.9309,1.9309,1.4315,1.9309,1.9309,1.9309,1.9309,1.9309,1.9309,1.9309,1.9309,1.9309,1.9309,1.7256
1.9332,1.9332,1.9332,1.9332,1.9332,1.9332,1.9332,1.9332,1.9332,1.9332,1.9332,1.9332,1.9332,1.9332,1.9332,1.9332,1.9332,1.9332,1.9332,1.9332,1.9332,1.9332,1.9332,1.9332,1.9332,1.9332
1.9355,1.9355,1.9355,1.9355,1.9355,1.9355,1.9355,1.9355,1.9355,1.9355,1.9355,1.9355,1.9355,1.9355,1.8843,1.9355,1.9355,1.9355,1.9355,1.9355,1.9355,1.9355,1.9355,1.9355,1.9355,1.9355
1.2694,1.2585,1.2907,1.3821,1.4818,1.6043,1.7269,1.8523,1.9378,1.9378,1.9378,1.9378,1.9378,1.9378,1.9378,1.9378,1.9378,1.9378,1.854,1.726,1.5977,1.4694,1.341,1.2127,1.0843,0.956
1.9401,1.9401,1.9401,1.9401,1.9401,1.9401,1.9401,1.9401,1.9401,1.9401,1.9401,1.7805,1.9401,1.9401,1.9401,1.9401,1.9401,1.9401,1.9401,1.9401,1.9401,1.9401,1.9401,1.9401,1.9401,1.9401
1.9424,1.9424,1.9424,1.9424,1.9424,1.9424,1.9424,1.9424,1.9424,1.9424,1.9424,1.9424,1.9424,1.9424,1.9424,1.9424,1.9424,1.9424,1.9424,1.9424,1.9424,1.9424,1.9424,1.9424,1.9424,1.9424
1.9129,1.8965,1.9447,1.9447,1.9447,1.9447,1.9447,1.9447,1.9447,1.9447,1.9447,1.6941,1.9447,1.9447,1.9447,1.9447,1.9447,1.9447,1.9447,1.9447,1.9447,1.9447,1.9447,1.8274,1.634,1.4406
1.947,1.947,1.947,1.947,1.947,1.947,1.947,1.947,1.947,1.947,1.947,1.947,1.947,1.947,1.947,1.947,1.947,1.947,1.947,1.947,1.947,1.947,1.947,1.947,1.947,1.947
1.5481,1.5348,1.5741,1.6856,1.8071,1.9493,1.9493,1.9493,1.9493,1.9493,1.9493,1.9493,1.9493,1.9493,1.9493,1.9493,1.9493,1.9493,1.9493,1.9493,1.9484,1.7919,1.6354,1.4789,1.3224,1.1659
1.9516,1.9516,1.9516,1.9516,1.9516,1.9516,1.9516,1.9516,1.9516,1.9516,1.9516,1.9516,1.9516,1.9516,1.9516,1.9516,1.9516,1.9516,1.9516,1.9516,1.9516,1.9516,1.9516,1.9516,1.9516,1.9516
1.954,1.954,1.954,1.954,1.954,1.954,1.954,1.954,1.954,1.954,1.954,1.954,1.954,1.954,1.954,1.954,1.954,1.954,1.954,1.954,1.954,1.954,1.954,1.954,1.954,1.954
1.295,1.2839,1.3168,1.41,1.5117,1.6367,1.7618,1.8897,1.9563,1.9563,1.9563,1.9563,1.4041,1.9563,1.9563,1.9563,1.9563,1.9563,1.8914,1.7608,1.6299,1.499,1.3681,1.2372,1.1062,0.9753
1.9586,1.9586,1.9586,1.9586,1.9586,1.9586,1.9586,1.9586,1.9586,1.9586,1.9586,1.9586,1.2143,1.9586,1.9586,1.9586,1.9586,1.9586,1.9586,1.9586,1.9586,1.9586,1.9586,1.9586,1.9586,1.9586
1.961,1.961,1.961,1.961,1.961,1.961,1.961,1.961,1.961,1.961,1.961,1.961,1.961,1.961,1.961,1.961,1.961,1.961,1.961,1.961,1.961,1.961,1.961,1.961,1.961,1.961
1.9633,1.9633,1.9633,1.9633,1.9633,1.9633,1.9633,1.9633,1.9633,1.9633,1.9633,1.5191,1.9633,1.9633,1.9633,1.9633,1.9633,1.9633,1.9633,1.9633,1.9633,1.9633,1.9633,1.9633,1.9633,1.9633
1.9657,1.9657,1.9657,1.9657,1.9657,1.9657,1.9657,1.9657,1.9657,1.9657,1.9657,1.9657,1.9657,1.9657,1.9657,1.9657,1.9657,1.9657,1.9657,1.9657,1.9657,1.9657,1.9657,1.9657,1.9657,1.9657
1.277,1.266,1.2984,1.3904,1.4906,1.6139,1.7372,1.8633,1.968,1.968,1.968,1.968,1.968,1.0479,1.968,1.968,1.968,1.968,1.865,1.7362,1.6072,1.4781,1.349,1.2199,1.0908,0.9617
1.9704,1.9704,1.9704,1.9704,1.9704,1.9704,1.9704,1.9704,1.9704,1.9704,1.9704,1.9704,1.9704,1.9704,1.9704,1.9704,1.9704,1.9704,1.9704,1.9704,1.9704,1.9704,1.9704,1.9704,1.9704,1.9704
1.9728,1.9728,1.9728,1.9728,1.9728,1.9728,1.9728,1.9728,1.9728,1.9728,1.9728,1.9728,1.9728,1.9728,1.9728,1.9728,1.9728,1.9728,1.9728,1.9728,1.9728,1.9728,1.9728,1.9728,1.9728,1.9728
1.5164,1.5034,1.5419,1.6511,1.7702,1.9165,1.9752,1.9752,1.9752,1.9752,1.9752,1.9752,0.7866,1.9752,1.9752,1.9752,1.9752,1.9752,1.9752,1.9752,1.9085,1.7553,1.602,1.4486,1.2953,1.142
1.9775,1.9775,1.9775,1.9775,1.9775,1.9775,1.9775,1.9775,1.9775,1.9775,1.9775,1.9775,1.9775,1.9775,1.9775,1.9775,1.9775,1.9775,1.9775,1.9775,1.9775,1.9775,1.9775,1.9775,1.9775,1.9775
1.8303,1.8146,1.861,1.9799,1.9799,1.9799,1.9799,1.9799,1.9799,1.9799,1.9799,1.9799,1.9799,1.9799,1.5089,1.9799,1.9799,1.9799,1.9799,1.9799,1.9799,1.9799,1.9336,1.7485,1.5634,1.3784
1.9823,1.9823,1.9823,1.9823,1.9823,1.9823,1.9823,1.9823,1.9823,1.9823,1.9823,1.9823,1.9823,1.9823,1.9823,1.9823,1.9823,1.9823,1.9823,1.9823,1.9823,1.9823,1.9823,1.9823,1.9823,1.9823
1.9847,1.9847,1.9847,1.9847,1.9847,1.9847,1.9847,1.9847,1.9847,1.9847,1.9847,1.9847,1.9847,1.9847,1.6777,1.9847,1.9847,1.9847,1.9847,1.9847,1.9847,1.9847,1.9847,1.9847,1.9847,1.9847
1.2081,1.1977,1.2284,1.3154,1.4103,1.5269,1.6436,1.7629,1.8822,1.9871,1.9871,1.9871,1.9871,1.9871,1.9871,1.9871,1.9871,1.8864,1.7645,1.6427,1.5206,1.3984,1.2763,1.1541,1.032,0.9098
1.9896,1.9896,1.9896,1.9896,1.9896,1.9896,1.9896,1.9896,1.9896,1.9896,1.9896,1.9636,1.9896,1.9896,1.9896,1.9896,1.9896,1.9896,1.9896,1.9896,1.9896,1.9896,1.9896,1.9896,1.9896,1.9896
1.992,1.992,1.992,1.992,1.992,1.992,1.992,1.992,1.992,1.992,1.992,1.992,1.992,1.992,1.992,1.992,1.992,1.992,1.992,1.992,1.992,1.992,1.992,1.992,1.992,1.992
1.9944,1.9944,1.9944,1.9944,1.9944,1.9944,1.9944,1.9944,1.9944,1.9944,1.9944,1.4566,1.9944,1.9944,1.9944,1.9944,1.9944,1.9944,1.9944,1.9944,1.9944,1.9944,1.9944,1.9944,1.8561,1.6364
1.9968,1.9968,1.9968,1.9968,1.9968,1.9968,1.9968,1.9968,1.9968,1.9968,1.9968,1.9968,1.9968,1.157,1.9968,1.9968,1.9968,1.9968,1.9968,1.9968,1.9968,1.9968,1.9968,1.9968,1.9968,1.9968
1.3552,1.3435,1.378,1.4756,1.582,1.7127,1.8436,1.9775,1.9993,1.9993,1.9993,1.9993,1.9993,0.7032,1.9993,1.9993,1.9993,1.9993,1.9793,1.8426,1.7056,1.5687,1.4317,1.2946,1.1576,1.0206
2.0017,2.0017,2.0017,2.0017,2.0017,2.0017,2.0017,2.0017,2.0017,2.0017,2.0017,2.0017,2.0017,2.0017,2.0017,2.0017,2.0017,2.0017,2.0017,2.0017,2.0017,2.0017,2.0017,2.0017,2.0017,2.0017
2.0042,2.0042,2.0042,2.0042,2.0042,2.0042,2.0042,2.0042,2.0042,2.0042,2.0042,2.0042,2.0042,2.0042,2.0042,2.0042,2.0042,2.0042,2.0042,2.0042,2.0042,2.0042,2.0042,2.0042,2.0042,2.0042
1.2974,1.2862,1.3192,1.4126,1.5145,1.6397,1.765,1.8931,2.0066,2.0066,2.0066,2.0066,0.9278,2.0066,2.0066,2.0066,2.0066,2.0066,1.8949,1.764,1.6329,1.5017,1.3706,1.2394,1.1082,0.9771
2.0091,2.0091,2.0091,2.0091,2.0091,2.0091,2.0091,2.0091,2.0091,2.0091,2.0091,2.0091,1.1989,2.0091,2.0091,2.0091,2.0091,2.0091,2.0091,2.0091,2.0091,2.0091,2.0091,2.0091,2.0091,2.0091
2.0115,2.0115,2.0115,2.0115,2.0115,2.0115,2.0115,2.0115,2.0115,2.0115,2.0115,2.0115,2.0115,2.0115,1.2569,2.0115,2.0115,2.0115,2.0115,2.0115,2.0115,2.0115,2.0115,2.0115,2.0115,1.8247
2.014,2.014,2.014,2.014,2.014,2.014,2.014,2.014,2.014,2.014,2.014,2.014,2.014,2.014,2.014,2.014,2.014,2.014,2.014,2.014,2.014,2.014,2.014,2.014,2.014,2.014
2.0165,2.0165,2.0165,2.0165,2.0165,2.0165,2.0165,2.0165,2.0165,2.0165,2.0165,2.0165,2.0165,2.0165,1.9483,2.0165,2.0165,2.0165,2.0165,2.0165,2.0165,2.0165,2.0165,2.0165,2.0165,2.0165
1.1844,1.1742,1.2043,1.2896,1.3826,1.4968,1.6113,1.7282,1.8452,1.9624,2.019,2.019,2.019,1.8999,2.019,2.019,1.9666,1.8493,1.7298,1.6104,1.4907,1.3709,1.2512,1.1315,1.0117,0.892
2.0215,2.0215,2.0215,2.0215,2.0215,2.0215,2.0215,2.0215,2.0215,2.0215,2.0215,2.0215,2.0215,2.0215,2.0215,2.0215,2.0215,2.0215,2.0215,2.0215,2.0215,2.0215,2.0215,2.0215,2.0215,2.0215
2.024,2.024,2.024,2.024,2.024,2.024,2.024,2.024,2.024,2.024,2.024,2.024,2.024,2.024,2.024,2.024,2.024,2.024,2.024,2.024,2.024,2.024,2.024,2.024,2.024,2.024
1.6236,1.6096,1.6509,1.7678,1.8953,2.0265,2.0265,2.0265,2.0265,2.0265,2.0265,1.6971,2.0265,2.0265,2.0265,2.0265,2.0265,2.0265,2.0265,2.0265,2.0265,1.8793,1.7152,1.551,1.3869,1.2227
2.029,2.029,2.029,2.029,2.029,2.029,2.029,2.029,2.029,2.029,2.029,2.029,2.029,2.029,2.029,2.029,2.029,2.029,2.029,2.029,2.029,2.029,2.029,2.029,2.029,2.029
1.5325,1.5193,1.5583,1.6686,1.789,1.9368,2.0315,2.0315,2.0315,2.0315,2.0315,2.0315,2.0315,2.0315,1.6523,2.0315,2.0315,2.0315,2.0315,2.0315,1.9288,1.7739,1.619,1.464,1.3091,1.1541
2.034,2.034,2.034,2.034,2.034,2.034,2.034,2.034,2.034,2.034,2.034,2.034,2.034,2.034,2.034,2.034,2.034,2.034,2.034,2.034,2.034,2.034,2.034,2.034,2.034,2.034
2.0365,2.0365,2.0365,2.0365,2.0365,2.0365,2.0365,2.0365,2.0365,2.0365,2.0365,2.0365,2.0365,2.0365,2.0365,2.0365,2.0365,2.0365,2.0365,2.0365,2.0365,2.0365,2.0365,2.0365,2.0365,2.0365
1.1774,1.1672,1.1971,1.2819,1.3744,1.488,1.6017,1.718,1.8342,1.9507,2.0391,2.0391,1.818,2.0391,2.0391,2.0391,1.955,1.8384,1.7196,1.6008,1.4818,1.3628,1.2438,1.1248,1.0057,0.8867
2.0416,2.0416,2.0416,2.0416,2.0416,2.0416,2.0416,2.0416,2.0416,2.0416,2.0416,2.0416,2.0416,2.0416,2.0416,2.0416,2.0416,2.0416,2.0416,2.0416,2.0416,2.0416,2.0416,2.0416,2.0416,2.0416
2.0442,2.0442,2.0442,2.0442,2.0442,2.0442,2.0442,2.0442,2.0442,2.0442,2.0442,2.0442,2.0442,2.0442,2.0442,1.9492,2.0442,2.0442,2.0442,2.0442,2.0442,2.0442,2.0442,2.0442,2.0442,2.0442
2.0467,2.0467,2.0467,2.0467,2.0467,2.0467,2.0467,2.0467,2.0467,2.0467,2.0467,1.2922,2.0467,2.0467,2.0467,2.0467,2.0467,2.0467,2.0467,2.0467,2.0467,2.0467,2.0467,2.0467,2.0467,1.9853
2.0493,2.0493,2.0493,2.0493,2.0493,2.0493,2.0493,2.0493,2.0493,2.0493,2.0493,2.0493,2.0493,1.084,2.0493,2.0493,2.0493,2.0493,2.0493,2.0493,2.0493,2.0493,2.0493,2.0493,2.0493,2.0493
1.2208,1.2103,1.2413,1.3292,1.4251,1.5429,1.6608,1.7813,1.9019,2.0227,2.0518,2.0518,2.0518,0.7589,2.0518,2.0518,2.0271,1.9062,1.783,1.6599,1.5365,1.4131,1.2897,1.1662,1.0428,0.9194
2.0544,2.0544,2.0544,2.0544,2.0544,2.0544,2.0544,2.0544,2.0544,2.0544,2.0544,2.0544,2.0544,2.0544,2.0544,2.0544,2.0544,2.0544,2.0544,2.0544,2.0544,2.0544,2.0544,2.0544,2.0544,2.0544
2.057,2.057,2.057,2.057,2.057,2.057,2.057,2.057,2.057,2.057,2.057,2.057,2.057,2.057,2.057,2.057,2.057,2.057,2.057,2.057,2.057,2.057,2.057,2.057,2.057,2.057
1.335,1.3235,1.3574,1.4536,1.5584,1.6872,1.8162,1.948,2.0596,2.0596,2.0596,2.0596,0.6925,2.0596,2.0596,2.0596,2.0596,2.0596,1.9499,1.8152,1.6803,1.5453,1.4103,1.2754,1.1404,1.0054
2.0622,2.0622,2.0622,2.0622,2.0622,2.0622,2.0622,2.0622,2.0622,2.0622,2.0622,2.0622,1.9485,2.0622,2.0622,2.0622,2.0622,2.0622,2.0622,2.0622,2.0622,2.0622,2.0622,2.0622,2.0622,2.0622
1.8882,1.8719,1.9199,2.0559,2.0648,2.0648,2.0648,2.0648,2.0648,2.0648,2.0648,2.0648,2.0648,2.0648,1.3146,2.0648,2.0648,2.0648,2.0648,2.0648,2.0648,2.0648,1.9947,1.8038,1.6129,1.422
2.0674,2.0674,2.0674,2.0674,2.0674,2.0674,2.0674,2.0674,2.0674,2.0674,2.0674,2.0674,2.0674,2.0674,2.0674,2.0674,2.0674,2.0674,2.0674,2.0674,2.0674,2.0674,2.0674,2.0674,2.0674,2.0674
2.07,2.07,2.07,2.07,2.07,2.07,2.07,2.07,2.07,2.07,2.07,2.07,2.07,2.07,1.5736,2.07,2.07,2.07,2.07,2.07,2.07,2.07,2.07,2.07,2.07,2.07
1.1244,1.1147,1.1433,1.2243,1.3126,1.4211,1.5297,1.6407,1.7517,1.863,1.9743,2.0704,2.0726,2.0726,2.0722,1.9781,1.8671,1.7557,1.6422,1.5288,1.4152,1.3015,1.1878,1.0742,0.9605,0.8468
2.0752,2.0752,2.0752,2.0752,2.0752,2.0752,2.0752,2.0752,2.0752,2.0752,2.0752,1.6652,2.0752,2.0752,2.0752,2.0752,2.0752,2.0752,2.0752,2.0752,2.0752,2.0752,2.0752,2.0752,2.0752,2.0752
2.0779,2.0779,2.0779,2.0779,2.0779,2.0779,2.0779,2.0779,2.0779,2.0779,2.0779,2.0779,2.0779,2.0779,2.0779,2.0779,2.0779,2.0779,2.0779,2.0779,2.0779,2.0779,2.0779,2.0779,2.0779,2.0779
1.8093,1.7938,1.8397,1.97,2.0805,2.0805,2.0805,2.0805,2.0805,2.0805,2.0805,1.444,2.0805,2.0805,2.0805,2.0805,2.0805,2.0805,2.0805,2.0805,2.0805,2.0805,1.9114,1.7285,1.5455,1.3626
2.0832,2.0832,2.0832,2.0832,2.0832,2.0832,2.0832,2.0832,2.0832,2.0832,2.0832,2.0832,2.0832,1.6199,2.0832,2.0832,2.0832,2.0832,2.0832,2.0832,2.0832,2.0832,2.0832,2.0832,2.0832,2.0832
1.3306,1.3192,1.353,1.4488,1.5533,1.6817,1.8102,1.9416,2.073,2.0858,2.0858,2.0858,2.0858,0.6904,1.8968,2.0858,2.0858,2.0776,1.9434,1.8092,1.6747,1.5402,1.4057,1.2711,1.1366,1.0021
2.0885,2.0885,2.0885,2.0885,2.0885,2.0885,2.0885,2.0885,2.0885,2.0885,2.0885,2.0885,2.0885,2.0885,2.0885,2.0885,2.0885,2.0885,2.0885,2.0885,2.0885,2.0885,2.0885,2.0885,2.0885,2.0885
2.0911,2.0911,2.0911,2.0911,2.0911,2.0911,2.0911,2.0911,2.0911,2.0911,2.0911,2.0911,2.0911,2.0911,2.0911,2.0911,2.0911,2.0911,2.0911,2.0911,2.0911,2.0911,2.0911,2.0911,2.0911,2.0911
1.1745,1.1644,1.1942,1.2788,1.371,1.4843,1.5978,1.7138,1.8297,1.946,2.0622,2.0938,1.069,2.0938,2.0938,2.0662,1.9502,1.8338,1.7154,1.5969,1.4782,1.3595,1.2407,1.122,1.0032,0.8845
2.0965,2.0965,2.0965,2.0965,2.0965,2.0965,2.0965,2.0965,2.0965,2.0965,2.0965,2.0965,1.0589,2.0965,2.0965,2.0965,2.0965,2.0965,2.0965,2.0965,2.0965,2.0965,2.0965,2.0965,2.0965,2.0965
2.0992,2.0992,2.0992,2.0992,2.0992,2.0992,2.0992,2.0992,2.0992,2.0992,2.0992,2.0992,2.0992,2.0992,1.1865,1.9706,2.0992,2.0992,2.0992,2.0992,2.0992,2.0992,2.0992,2.0992,2.0992,2.0137
2.1019,2.1019,2.1019,2.1019,2.1019,2.1019,2.1019,2.1019,2.1019,2.1019,1.9824,2.1019,2.1019,2.1019,2.1019,2.1019,2.1019,2.1019,2.1019,2.1019,2.1019,2.1019,2.1019,2.1019,2.1019,2.1019
2.1046,2.1046,2.1046,2.1046,2.1046,2.1046,2.1046,2.1046,2.1046,2.1046,2.1046,2.1046,2.1046,2.1046,2.0866,2.1046,2.1046,2.1046,2.1046,2.1046,2.1046,2.1046,2.1046,2.1046,2.1046,2.1046
1.1275,1.1178,1.1465,1.2277,1.3162,1.425,1.5339,1.6452,1.7566,1.8681,1.9798,2.0761,2.1073,1.1423,2.078,1.9836,1.8722,1.7605,1.6468,1.533,1.4191,1.3051,1.1911,1.0771,0.9631,0.8491
2.11,2.11,2.11,2.11,2.11,2.11,2.11,2.11,2.11,2.11,2.11,2.11,2.11,2.11,2.11,2.11,2.11,2.11,2.11,2.11,2.11,2.11,2.11,2.11,2.11,2.11
2.1127,2.1127,2.1127,2.1127,2.1127,2.1127,2.1127,2.1127,2.1127,2.1127,2.1127,2.1127,2.1127,2.1127,2.1127,2.1127,2.1127,2.1127,2.1127,2.1127,2.1127,2.1127,2.1127,2.1127,2.1127,2.1127
1.4145,1.4023,1.4382,1.5401,1.6512,1.7877,1.9243,2.064,2.1154,2.1154,2.1154,1.7465,0.7338,2.1154,2.1154,2.1154,2.1154,2.1154,2.0659,1.9232,1.7803,1.6373,1.4943,1.3513,1.2083,1.0652
2.1182,2.1182,2.1182,2.1182,2.1182,2.1182,2.1182,2.1182,2.1182,2.1182,2.1182,2.1182,2.1182,2.1182,2.1182,2.1182,2.1182,2.1182,2.1182,2.1182,2.1182,2.1182,2.1182,2.1182,2.1182,2.1182
1.5548,1.5414,1.5809,1.6928,1.8149,1.965,2.1151,2.1209,2.1209,2.1209,2.1209,2.1209,2.1209,2.1209,1.4201,2.1209,2.1209,2.1209,2.1209,2.114,1.9568,1.7997,1.6425,1.4853,1.3281,1.1709
2.1237,2.1237,2.1237,2.1237,2.1237,2.1237,2.1237,2.1237,2.1237,2.1237,2.1237,2.1237,2.1237,2.1237,2.1237,2.1237,2.1237,2.1237,2.1237,2.1237,2.1237,2.1237,2.1237,2.1237,2.1237,2.1237
2.1264,2.1264,2.1264,2.1264,2.1264,2.1264,2.1264,2.1264,2.1264,2.1264,2.1264,2.1264,2.1264,2.1264,2.1264,2.1264,2.1264,2.1264,2.1264,2.1264,2.1264,2.1264,2.1264,2.1264,2.1264,2.1264
1.0913,1.0819,1.1096,1.1882,1.2739,1.3792,1.4846,1.5924,1.7002,1.8081,1.9162,2.0094,2.0931,2.0932,2.0112,1.9199,1.8121,1.704,1.5939,1.4838,1.3735,1.2632,1.1529,1.0425,0.9322,0.8219
2.1319,2.1319,2.1319,2.1319,2.1319,2.1319,2.1319,2.1319,2.1319,2.1319,2.1319,1.89,2.1319,2.1319,2.1319,2.1319,2.1319,2.1319,2.1319,2.1319,2.1319,2.1319,2.1319,2.1319,2.1319,2.1319
2.1347,2.1347,2.1347,2.1347,2.1347,2.1347,2.1347,2.1347,2.1347,2.1347,2.1347,2.1347,2.1347,2.1347,2.1347,1.8714,2.1347,2.1347,2.1347,2.1347,2.1347,2.1347,2.1347,2.1347,2.1347,2.1347
2.1233,2.105,2.1375,2.1375,2.1375,2.1375,2.1375,2.1375,2.1375,2.1375,2.1375,1.2702,2.1375,2.1375,2.1375,2.1375,2.1375,2.1375,2.1375,2.1375,2.1375,2.1375,2.1375,2.0284,1.8137,1.599
2.1403,2.1403,2.1403,2.1403,2.1403,2.1403,2.1403,2.1403,2.1403,2.1403,2.1403,2.1403,2.1403,0.9906,2.1403,2.1403,2.1403,2.1403,2.1403,2.1403,2.1403,2.1403,2.1403,2.1403,2.1403,2.1403
1.1901,1.1798,1.2101,1.2958,1.3892,1.504,1.619,1.7365,1.854,1.9718,2.0896,2.1431,2.1431,0.6175,2.1431,2.0936,1.9761,1.8582,1.7381,1.6181,1.4978,1.3775,1.2572,1.1369,1.0166,0.8962
2.1459,2.1459,2.1459,2.1459,2.1459,2.1459,2.1459,2.1459,2.1459,2.1459,2.1459,2.1459,2.1459,2.1459,2.1459,2.1459,2.1459,2.1459,2.1459,2.1459,2.1459,2.1459,2.1459,2.1459,2.1459,2.1459
2.1487,2.1487,2.1487,2.1487,2.1487,2.1487,2.1487,2.1487,2.1487,2.1487,2.1487,2.1487,2.1487,2.1487,2.1487,2.1487,2.1487,2.1487,2.1487,2.1487,2.1487,2.1487,2.1487,2.1487,2.1487,2.1487
1.2001,1.1898,1.2203,1.3067,1.4009,1.5167,1.6327,1.7512,1.8697,1.9884,2.1072,2.1515,0.7526,2.1515,2.1515,2.1113,1.9928,1.8739,1.7528,1.6317,1.5105,1.3891,1.2678,1.1465,1.0251,0.9038
2.1544,2.1544,2.1544,2.1544,2.1544,2.1544,2.1544,2.1544,2.1544,2.1544,2.1544,2.1544,1.2814,2.1544,2.1544,2.1544,2.1544,2.1544,2.1544,2.1544,2.1544,2.1544,2.1544,2.1544,2.1544,2.1544
2.0079,1.9907,2.0417,2.1572,2.1572,2.1572,2.1572,2.1572,2.1572,2.1572,2.1572,2.1572,2.1572,2.1572,1.1706,2.0436,2.1572,2.1572,2.1572,2.1572,2.1572,2.1572,2.1212,1.9182,1.7152,1.5122
2.1601,2.1601,2.1601,2.1601,2.1601,2.1601,2.1601,2.1601,2.1601,2.1601,2.1601,2.1601,2.1601,2.1601,2.1601,2.1601,2.1601,2.1601,2.1601,2.1601,2.1601,2.1601,2.1601,2.1601,2.1601,2.1601
2.1629,2.1629,2.1629,2.1629,2.1629,2.1629,2.1629,2.1629,2.1629,2.1629,2.1629,2.1629,2.1629,2.1629,1.6408,2.1629,2.1629,2.1629,2.1629,2.1629,2.1629,2.1629,2.1629,2.1629,2.1629,2.1629
1.0652,1.056,1.0831,1.1598,1.2434,1.3462,1.4491,1.5543,1.6595,1.7649,1.8703,1.9614,2.043,2.0432,1.9631,1.874,1.7687,1.6632,1.5558,1.4483,1.3407,1.233,1.1253,1.0176,0.9099,0.8022
2.1686,2.1686,2.1686,2.1686,2.1686,2.1686,2.1686,2.1686,2.1686,2.1686,2.1686,1.5121,2.1686,2.1686,2.1686,2.1686,2.1686,2.1686,2.1686,2.1686,2.1686,2.1686,2.1686,2.1686,2.1686,2.1686
2.1715,2.1715,2.1715,2.1715,2.1715,2.1715,2.1715,2.1715,2.1715,2.1715,2.1715,2.1715,2.1715,2.1715,2.1715,2.1715,2.1715,2.1715,2.1715,2.1715,2.1715,2.1715,2.1715,2.1715,2.1715,2.1715
1.5503,1.537,1.5764,1.688,1.8098,1.9594,2.1091,2.1744,2.1744,2.1744,2.1744,1.463,2.1744,2.1744,2.1744,2.1744,2.1744,2.1744,2.1744,2.1079,1.9513,1.7945,1.6378,1.4811,1.3243,1.1676
2.1773,2.1773,2.1773,2.1773,2.1773,2.1773,2.1773,2.1773,2.1773,2.1773,2.1773,2.1773,2.1773,2.1773,2.1773,2.1773,2.1773,2.1773,2.1773,2.1773,2.1773,2.1773,2.1773,2.1773,2.1773,2.1773
1.3331,1.3217,1.3555,1.4515,1.5562,1.6849,1.8136,1.9453,2.0769,2.1802,2.1802,2.1802,2.1802,2.1802,1.5952,2.1802,2.1802,2.0816,1.9471,1.8126,1.6779,1.5431,1.4084,1.2736,1.1388,1.004
2.1831,2.1831,2.1831,2.1831,2.1831,2.1831,2.1831,2.1831,2.1831,2.1831,2.1831,2.1831,2.1831,2.1831,2.1831,2.1831,2.1831,2.1831,2.1831,2.1831,2.1831,2.1831,2.1831,2.1831,2.1831,2.1831
2.186,2.186,2.186,2.186,2.186,2.186,2.186,2.186,2.186,2.186,2.186,2.186,2.186,2.186,2.186,2.0302,2.186,2.186,2.186,2.186,2.186,2.186,2.186,2.186,2.186,2.186
1.0824,1.0731,1.1006,1.1785,1.2635,1.368,1.4725,1.5794,1.6863,1.7934,1.9005,1.993,1.3264,2.0761,1.9948,1.9042,1.7973,1.6901,1.5809,1.4717,1.3623,1.2529,1.1435,1.034,0.9246,0.8151
2.1918,2.1918,2.1918,2.1918,2.1918,2.1918,2.1918,2.1918,2.1918,2.1918,2.1918,2.1918,2.1918,2.1918,2.1918,2.1918,2.1918,2.1918,2.1918,2.1918,2.1918,2.1918,2.1918,2.1918,2.1918,2.1918
2.1948,2.1948,2.1948,2.1948,2.1948,2.1948,2.1948,2.1948,2.1948,2.1948,2.1948,2.1948,2.1948,2.1948,2.1948,1.8022,2.1948,2.1948,2.1948,2.1948,2.1948,2.1948,2.1948,2.1948,2.1948,2.1948
2.1977,2.1977,2.1977,2.1977,2.1977,2.1977,2.1977,2.1977,2.1977,2.1977,1.934,1.1873,2.1977,2.1977,2.1977,2.1977,2.1977,2.1977,2.1977,2.1977,2.1977,2.1977,2.1977,2.1977,2.1977,2.0225
2.2007,2.2007,2.2007,2.2007,2.2007,2.2007,2.2007,2.2007,2.2007,2.2007,2.2007,2.2007,2.2007,2.2007,2.2007,2.2007,2.2007,2.2007,2.2007,2.2007,2.2007,2.2007,2.2007,2.2007,2.2007,2.2007
1.0918,1.0824,1.1101,1.1887,1.2745,1.3798,1.4853,1.5931,1.7009,1.8089,1.917,2.0103,2.094,0.7998,2.0121,1.9207,1.8129,1.7047,1.5946,1.4845,1.3741,1.2638,1.1534,1.043,0.9326,0.8222
2.2066,2.2066,2.2066,2.2066,2.2066,2.2066,2.2066,2.2066,2.2066,2.2066,2.1851,2.2066,2.2066,2.2066,2.2066,2.2066,2.2066,2.2066,2.2066,2.2066,2.2066,2.2066,2.2066,2.2066,2.2066,2.2066
2.2096,2.2096,2.2096,2.2096,2.2096,2.2096,2.2096,2.2096,2.2096,2.2096,2.2096,2.2096,2.2096,2.2096,2.2096,2.2096,2.2096,2.2096,2.2096,2.2096,2.2096,2.2096,2.2096,2.2096,2.2096,2.2096
1.2585,1.2477,1.2797,1.3703,1.4691,1.5906,1.7121,1.8364,1.9607,2.0852,2.2098,1.8457,0.6529,2.2126,2.2126,2.2126,2.0898,1.9651,1.8381,1.7112,1.584,1.4568,1.3295,1.2023,1.075,0.9478
2.2156,2.2156,2.2156,2.2156,2.2156,2.2156,2.2156,2.2156,2.2156,2.2156,2.2156,2.2156,2.2156,2.2156,2.2156,2.2156,2.2156,2.2156,2.2156,2.2156,2.2156,2.2156,2.2156,2.2156,2.2156,2.2156
1.6147,1.6008,1.6418,1.7581,1.8849,2.0407,2.1967,2.2186,2.2186,2.2186,2.2186,2.2186,2.2186,2.2186,1.2488,2.1802,2.2186,2.2186,2.2186,2.1954,2.0322,1.869,1.7058,1.5425,1.3793,1.216
2.2216,2.2216,2.2216,2.2216,2.2216,2.2216,2.2216,2.2216,2.2216,2.2216,2.2216,2.2216,2.2216,2.2216,2.2216,2.2216,2.2216,2.2216,2.2216,2.2216,2.2216,2.2216,2.2216,2.2216,2.2216,2.2216
2.2246,2.2246,2.2246,2.2246,2.2246,2.2246,2.2246,2.2246,2.2246,2.2246,2.2246,2.2246,2.2246,2.2246,1.3835,2.2246,2.2246,2.2246,2.2246,2.2246,2.2246,2.2246,2.2246,2.2246,2.2246,2.2246
1.028,1.0191,1.0452,1.1193,1.2,1.2992,1.3985,1.5,1.6015,1.7032,1.8049,1.8928,1.9716,1.9717,1.8945,1.8084,1.7069,1.6051,1.5014,1.3977,1.2938,1.1899,1.086,0.982,0.8781,0.7742
2.2306,2.2306,2.2306,2.2306,2.2306,2.2306,2.2306,2.2306,2.2306,2.2306,2.2306,1.6117,2.2306,2.2306,2.2306,2.2306,2.2306,2.2306,2.2306,2.2306,2.2306,2.2306,2.2306,2.2306,2.2306,2.2306
2.2337,2.2337,2.2337,2.2337,2.2337,2.2337,2.2337,2.2337,2.2337,2.2337,2.2337,2.2337,2.2337,2.2337,2.2337,2.2337,2.2337,2.2337,2.2337,2.2337,2.2337,2.2337,2.2337,2.2337,2.2337,2.2337
1.7725,1.7573,1.8023,1.9299,2.0691,2.2367,2.2367,2.2367,2.2367,2.2367,2.1409,1.2715,2.2367,2.2367,2.2367,2.2367,2.2367,2.2367,2.2367,2.2367,2.2309,2.0517,1.8725,1.6933,1.5141,1.3349
2.2398,2.2398,2.2398,2.2398,2.2398,2.2398,2.2398,2.2398,2.2398,2.2398,2.2398,2.2398,2.2398,1.1323,2.2398,2.2398,2.2398,2.2398,2.2398,2.2398,2.2398,2.2398,2.2398,2.2398,2.2398,2.2398
1.1803,1.1701,1.2001,1.2851,1.3778,1.4917,1.6057,1.7223,1.8388,1.9556,2.0724,2.1733,2.2428,0.6124,1.8864,2.0764,1.9599,1.8429,1.7239,1.6048,1.4855,1.3662,1.2469,1.1276,1.0082,0.8889
2.2459,2.2459,2.2459,2.2459,2.2459,2.2459,2.2459,2.2459,2.2459,2.2459,2.2459,2.2459,2.2459,2.2459,2.2459,2.2459,2.2459,2.2459,2.2459,2.2459,2.2459,2.2459,2.2459,2.2459,2.2459,2.2459
2.249,2.249,2.249,2.249,2.249,2.249,2.249,2.249,2.249,2.249,2.249,2.249,2.249,2.249,2.249,2.249,2.249,2.249,2.249,2.249,2.249,2.249,2.249,2.249,2.249,2.249
1.0976,1.0882,1.116,1.1951,1.2813,1.3872,1.4932,1.6016,1.71,1.8186,1.9273,2.0211,0.8565,2.1053,2.0229,1.931,1.8226,1.7138,1.6031,1.4924,1.3815,1.2705,1.1595,1.0486,0.9376,0.8266
2.2552,2.2552,2.2552,2.2552,2.2552,2.2552,2.2552,2.2552,2.2552,2.2552,2.2552,2.2552,0.9514,2.2552,2.2552,2.2552,2.2552,2.2552,2.2552,2.2552,2.2552,2.2552,2.2552,2.2552,2.2552,2.2552
2.207,2.188,2.2441,2.2583,2.2583,2.2583,2.2583,2.2583,2.2583,2.2583,2.2583,2.2583,2.2583,2.2583,1.0613,1.8529,2.2583,2.2583,2.2583,2.2583,2.2583,2.2583,2.2583,2.1084,1.8852,1.6621
2.2614,2.2614,2.2614,2.2614,2.2614,2.2614,2.2614,2.2614,2.2614,2.2614,1.7915,2.2614,2.2614,2.2614,2.2614,2.2614,2.2614,2.2614,2.2614,2.2614,2.2614,2.2614,2.2614,2.2614,2.2614,2.2614
2.2645,2.2645,2.2645,2.2645,2.2645,2.2645,2.2645,2.2645,2.2645,2.2645,2.2645,2.2645,2.2645,2.2645,1.7584,2.2645,2.2645,2.2645,2.2645,2.2645,2.2645,2.2645,2.2645,2.2645,2.2645,2.2645
1.0246,1.0158,1.0418,1.1156,1.1961,1.2949,1.3939,1.4951,1.5962,1.6976,1.799,1.8866,1.9652,1.3464,1.8883,1.8025,1.7013,1.5998,1.4965,1.3931,1.2896,1.186,1.0824,0.9788,0.8752,0.7716
2.2708,2.2708,2.2708,2.2708,2.2708,2.2708,2.2708,2.2708,2.2708,2.2708,2.1659,2.2708,2.2708,2.2708,2.2708,2.2708,2.2708,2.2708,2.2708,2.2708,2.2708,2.2708,2.2708,2.2708,2.2708,2.2708
2.274,2.274,2.274,2.274,2.274,2.274,2.274,2.274,2.274,2.274,2.274,2.274,2.274,2.274,2.274,2.274,2.274,2.274,2.274,2.274,2.274,2.274,2.274,2.274,2.274,2.274
1.3593,1.3476,1.3821,1.48,1.5867,1.7179,1.8492,1.9834,2.1177,2.2522,2.2771,1.5136,2.2771,2.2771,2.2771,2.2771,2.2571,2.1224,1.9853,1.8482,1.7108,1.5734,1.436,1.2985,1.1611,1.0237
2.2803,2.2803,2.2803,2.2803,2.2803,2.2803,2.2803,2.2803,2.2803,2.2803,2.2803,2.2803,2.2803,2.2803,2.2803,2.2803,2.2803,2.2803,2.2803,2.2803,2.2803,2.2803,2.2803,2.2803,2.2803,2.2803
1.3614,1.3496,1.3842,1.4823,1.5892,1.7205,1.852,1.9864,2.1209,2.2556,2.2835,2.2835,2.2835,2.2835,1.3773,2.2835,2.2605,2.1256,1.9883,1.851,1.7134,1.5758,1.4382,1.3005,1.1629,1.0252
2.2867,2.2867,2.2867,2.2867,2.2867,2.2867,2.2867,2.2867,2.2867,2.2867,2.2867,2.2867,2.2867,2.2867,2.2867,2.2867,2.2867,2.2867,2.2867,2.2867,2.2867,2.2867,2.2867,2.2867,2.2867,2.2867
2.2899,2.2899,2.2899,2.2899,2.2899,2.2899,2.2899,2.2899,2.2899,2.2899,2.2899,2.2899,2.2899,2.2899,2.2899,2.05,2.2899,2.2899,2.2899,2.2899,2.2899,2.2899,2.2899,2.2899,2.2899,2.2899
1.0128,1.0041,1.0298,1.1027,1.1822,1.28,1.3778,1.4778,1.5778,1.678,1.7783,1.8648,1.8571,1.9426,1.8665,1.7817,1.6817,1.5813,1.4792,1.377,1.2747,1.1723,1.0699,0.9675,0.8651,0.7627
2.2963,2.2963,2.2963,2.2963,2.2963,2.2963,2.2963,2.2963,2.2963,2.2963,2.2963,1.8782,2.2963,2.2963,2.2963,2.2963,2.2963,2.2963,2.2963,2.2963,2.2963,2.2963,2.2963,2.2963,2.2963,2.2963
2.2995,2.2995,2.2995,2.2995,2.2995,2.2995,2.2995,2.2995,2.2995,2.2995,2.2995,2.2995,2.2995,2.2995,2.2995,1.674,2.2995,2.2995,2.2995,2.2995,2.2995,2.2995,2.2995,2.2995,2.2995,2.2995
2.1466,2.1281,2.1826,2.3027,2.3027,2.3027,2.3027,2.3027,2.3027,2.3027,1.9168,1.1384,2.3027,2.3027,2.3027,2.3027,2.3027,2.3027,2.3027,2.3027,2.3027,2.3027,2.2677,2.0506,1.8336,1.6166
2.306,2.306,2.306,2.306,2.306,2.306,2.306,2.306,2.306,2.306,2.306,2.306,2.306,0.9293,2.306,2.306,2.306,2.306,2.306,2.306,2.306,2.306,2.306,2.306,2.306,2.306
1.0733,1.0641,1.0913,1.1686,1.2529,1.3565,1.4601,1.5661,1.6721,1.7783,1.8846,1.9763,2.0586,0.6085,1.978,1.8882,1.7822,1.6759,1.5676,1.4593,1.3509,1.2424,1.1339,1.0253,0.9168,0.8083
2.3125,2.3125,2.3125,2.3125,2.3125,2.3125,2.3125,2.3125,2.3125,2.3125,2.3125,2.3125,2.3125,2.3125,2.3125,2.3125,2.3125,2.3125,2.3125,2.3125,2.3125,2.3125,2.3125,2.3125,2.3125,2.3125
2.3158,2.3158,2.3158,2.3158,2.3158,2.3158,2.3158,2.3158,2.3158,2.3158,2.3158,2.3158,2.3158,2.3158,2.3158,2.3158,2.3158,2.3158,2.3158,2.3158,2.3158,2.3158,2.3158,2.3158,2.3158,2.3158
1.1396,1.1298,1.1587,1.2408,1.3303,1.4403,1.5504,1.6629,1.7754,1.8882,2.001,2.0074,0.6326,2.1859,2.1002,2.0049,1.8923,1.7794,1.6644,1.5495,1.4343,1.3191,1.2039,1.0887,0.9735,0.8582
2.3223,2.3223,2.3223,2.3223,2.3223,2.3223,2.3223,2.3223,2.3223,2.3223,2.3223,2.3223,1.4543,2.3026,2.3223,2.3223,2.3223,2.3223,2.3223,2.3223,2.3223,2.3223,2.3223,2.3223,2.3223,2.3223
1.7179,1.7032,1.7468,1.8705,2.0054,2.1712,2.3256,2.3256,2.3256,2.3256,2.3256,2.3256,2.3256,2.3256,1.1191,1.9538,2.3256,2.3256,2.3256,2.3256,2.1622,1.9885,1.8148,1.6412,1.4675,1.2938
2.3289,2.3289,2.3289,2.3289,2.3289,2.3289,2.3289,2.3289,2.3289,2.3289,2.3289,2.3289,2.3289,2.3289,2.3289,2.3289,2.3289,2.3289,2.3289,2.3289,2.3289,2.3289,2.3289,2.3289,2.3289,2.3289
2.3322,2.3322,2.3322,2.3322,2.3322,2.3322,2.3322,2.3322,2.3322,2.3322,2.3322,2.3322,2.3322,2.3322,1.4232,2.3322,2.3322,2.3322,2.3322,2.3322,2.3322,2.3322,2.3322,2.3322,2.3322,2.3322
0.982,0.9735,0.9985,1.0692,1.1463,1.2411,1.3359,1.4329,1.5299,1.627,1.7242,1.8082,1.8834,1.8836,1.8098,1.7276,1.6306,1.5333,1.4342,1.3352,1.2359,1.1367,1.0374,0.9381,0.8388,0.7395
2.3389,2.3389,2.3389,2.3389,2.3389,2.3389,2.3389,2.3389,2.3389,2.3389,2.3389,1.4072,2.3389,2.3389,2.3389,2.3389,2.3389,2.3389,2.3389,2.3389,2.3389,2.3389,2.3389,2.3389,2.3389,2.3389
2.3422,2.3422,2.3422,2.3422,2.3422,2.3422,2.3422,2.3422,2.3422,2.3422,2.3422,2.3422,2.3422,2.3422,2.3422,2.3422,2.3422,2.3422,2.3422,2.3422,2.3422,2.3422,2.3422,2.3422,2.3422,2.3422
1.5213,1.5082,1.5468,1.6564,1.7758,1.9226,2.0696,2.2198,2.3456,2.3456,2.1806,1.2951,2.3456,2.3456,2.3456,2.3456,2.3456,2.3456,2.2218,2.0684,1.9146,1.7609,1.6071,1.4533,1.2995,1.1457
2.349,2.349,2.349,2.349,2.349,2.349,2.349,2.349,2.349,2.349,2.349,2.3202,2.2447,1.7545,2.3186,2.349,2.349,2.349,2.349,2.349,2.349,2.349,2.349,2.349,2.349,2.349
1.1896,1.1794,1.2096,1.2953,1.3887,1.5035,1.6184,1.7359,1.8533,1.971,2.0888,2.1905,2.2817,0.6173,1.5842,2.0928,1.9754,1.8575,1.7375,1.6175,1.4973,1.377,1.2567,1.1365,1.0162,0.8959
2.3557,2.3557,2.3557,2.3557,2.3557,2.3557,2.3557,2.3557,2.3557,2.3557,2.3557,2.3557,2.3557,2.3557,2.3557,2.3557,2.3557,2.3557,2.3557,2.3557,2.3557,2.3557,2.3557,2.3557,2.3557,2.3557
2.3591,2.3591,2.3591,2.3591,2.3591,2.3591,2.3591,2.3591,2.3591,2.3591,2.3591,2.3591,2.3591,2.3591,2.3591,2.3591,2.3591,2.3591,2.3591,2.3591,2.3591,2.3591,2.3591,2.3591,2.3591,2.3591
1.0188,1.0101,1.036,1.1093,1.1893,1.2876,1.3861,1.4867,1.5873,1.6881,1.7889,1.876,1.0302,1.9543,1.8777,1.7924,1.6918,1.5908,1.4881,1.3853,1.2823,1.1793,1.0763,0.9733,0.8703,0.7673
2.3659,2.3659,2.3659,2.3659,2.3659,2.3659,2.3659,2.3659,2.3659,2.3659,2.3659,2.3371,0.942,2.3659,2.3659,2.3659,2.3659,2.3659,2.3659,2.3659,2.3659,2.3659,2.3659,2.3659,2.3659,2.3659
2.3693,2.3693,2.3693,2.3693,2.3693,2.3693,2.3693,2.3693,2.3693,2.3693,2.3693,2.3693,2.3693,2.3693,1.1199,1.706,2.3693,2.3693,2.3693,2.3693,2.3693,2.3693,2.3693,2.3693,2.1559,1.9007
2.3728,2.3728,2.3728,2.3728,2.3728,2.3728,2.3728,2.3728,2.3728,2.3728,1.7599,2.3728,2.3728,2.3728,2.3728,2.3728,2.3728,2.3728,2.3728,2.3728,2.3728,2.3728,2.3728,2.3728,2.3728,2.1398
2.3762,2.3762,2.3762,2.3762,2.3762,2.3762,2.3762,2.3762,2.3762,2.3762,2.3762,2.3762,2.3762,2.3762,1.9432,2.3762,2.3762,2.3762,2.3762,2.3762,2.3762,2.3762,2.3762,2.3762,2.3762,2.3762
0.9991,0.9905,1.0159,1.0878,1.1663,1.2627,1.3592,1.4578,1.5565,1.6554,1.7543,1.8396,1.9162,0.8846,1.8413,1.7576,1.659,1.56,1.4592,1.3584,1.2575,1.1565,1.0555,0.9544,0.8534,0.7524
2.3831,2.3831,2.3831,2.3831,2.3831,2.3831,2.3831,2.3831,2.3831,2.3831,1.9572,2.3831,2.3831,2.3831,2.3831,2.3831,2.3831,2.3831,2.3831,2.3831,2.3831,2.3831,2.3831,2.3831,2.3831,2.3831
2.3866,2.3866,2.3866,2.3866,2.3866,2.3866,2.3866,2.3866,2.3866,2.3866,2.3866,2.3866,2.3866,2.3866,2.3866,2.3866,2.3866,2.3866,2.3866,2.3866,2.3866,2.3866,2.3866,2.3866,2.3866,2.3866
1.2147,1.2042,1.2351,1.3225,1.4179,1.5351,1.6525,1.7724,1.8924,2.0125,2.1328,1.6002,0.6301,2.3299,2.2386,2.1369,2.0169,1.8966,1.7741,1.6515,1.5288,1.406,1.2832,1.1604,1.0376,0.9148
2.3936,2.3936,2.3936,2.3936,2.3936,2.3936,2.3936,2.3936,2.3936,2.3936,2.3549,2.2724,2.1985,2.1984,2.2709,2.3516,2.3936,2.3936,2.3936,2.3936,2.3936,2.3936,2.3936,2.3936,2.3936,2.3936
1.4169,1.4047,1.4407,1.5427,1.654,1.7907,1.9276,2.0675,2.2074,2.3476,2.3971,2.3971,2.3971,2.3971,1.2149,2.121,2.3527,2.2124,2.0694,1.9265,1.7833,1.6401,1.4968,1.3536,1.2103,1.0671
2.4006,2.4006,2.4006,2.4006,2.4006,2.4006,2.4006,2.4006,2.4006,2.4006,2.4006,2.4006,2.4006,2.4006,2.4006,2.4006,2.4006,2.4006,2.4006,2.4006,2.4006,2.4006,2.4006,2.4006,2.4006,2.4006
2.4041,2.4041,2.4041,2.4041,2.4041,2.4041,2.4041,2.4041,2.4041,2.4041,2.4041,2.4041,2.4041,2.4041,1.3583,2.1061,2.4041,2.4041,2.4041,2.4041,2.4041,2.4041,2.4041,2.4041,2.4041,2.4041
0.9603,0.9521,0.9765,1.0456,1.121,1.2137,1.3064,1.4013,1.4961,1.5911,1.6862,1.7683,1.8419,1.842,1.7698,1.6894,1.5946,1.4995,1.4026,1.3057,1.2087,1.1116,1.0145,0.9174,0.8203,0.7232
2.4112,2.4112,2.4112,2.4112,2.4112,2.4112,2.4112,2.4112,2.4112,2.4112,2.4112,1.5997,2.4112,2.4112,2.4112,2.4112,2.4112,2.4112,2.4112,2.4112,2.4112,2.4112,2.4112,2.4112,2.4112,2.4112
2.4147,2.4147,2.4147,2.4147,2.4147,2.4147,2.4147,2.4147,2.4147,2.4147,2.4147,2.4147,2.4147,2.4147,2.4147,2.4147,2.2475,2.4147,2.4147,2.4147,2.4147,2.4147,2.4147,2.4147,2.4147,2.4147
1.783,1.7677,1.813,1.9414,2.0814,2.2534,2.4183,2.4183,2.4183,2.4183,1.9281,1.1451,2.4183,2.4183,2.4183,2.4183,2.4183,2.4183,2.4183,2.4183,2.2441,2.0639,1.8836,1.7033,1.5231,1.3428
2.4219,2.4219,2.4219,2.4219,2.4219,2.4219,2.4219,2.4219,2.4219,2.4219,2.4089,2.3245,2.2489,0.8685,2.3229,2.4055,2.4219,2.4219,2.4219,2.4219,2.4219,2.4219,2.4219,2.4219,2.4219,2.4219
1.0701,1.0609,1.0881,1.1652,1.2492,1.3524,1.4558,1.5615,1.6672,1.773,1.879,1.9704,2.0524,0.5553,1.9307,1.8826,1.7769,1.6709,1.5629,1.455,1.3468,1.2387,1.1305,1.0223,0.9141,0.8059
2.4291,2.4291,2.4291,2.4291,2.4291,2.4291,2.4291,2.4291,2.4291,2.4291,2.4291,2.4291,2.4291,2.4291,2.4291,2.4291,2.4291,2.4291,2.4291,2.4291,2.4291,2.4291,2.4291,2.4291,2.4291,2.4291
2.4327,2.4327,2.4327,2.4327,2.4327,2.4327,2.4327,2.4327,2.4327,2.4327,2.4327,2.4327,2.4327,2.4327,2.4327,2.4327,2.4327,2.4327,2.4327,2.4327,2.4327,2.4327,2.4327,2.4327,2.4327,2.4327
1.0476,1.0386,1.0652,1.1406,1.2229,1.324,1.4252,1.5286,1.6321,1.7357,1.8394,1.929,0.7116,2.0094,1.9307,1.843,1.7395,1.6357,1.5301,1.4244,1.3185,1.2126,1.1067,1.0008,0.8949,0.7889
2.4399,2.4399,2.4399,2.4399,2.4399,2.4399,2.4399,2.4399,2.4399,2.4399,2.4206,2.3359,1.0206,2.2598,2.3343,2.4172,2.4399,2.4399,2.4399,2.4399,2.4399,2.4399,2.4399,2.4399,2.4399,2.4399
1.8775,1.8614,1.909,2.0443,2.1917,2.3729,2.4435,2.4435,2.4435,2.4435,2.4435,2.4435,2.4435,2.4435,1.0191,1.7793,2.4435,2.4435,2.4435,2.4435,2.363,2.1733,1.9834,1.7936,1.6038,1.414
2.4472,2.4472,2.4472,2.4472,2.4472,2.4472,2.4472,2.4472,2.4472,2.3219,1.6525,2.4472,2.4472,2.4472,2.4472,2.4472,2.4472,2.4472,2.4472,2.4472,2.4472,2.4472,2.4472,2.4472,2.4472,2.4472
2.4509,2.4509,2.4509,2.4509,2.4509,2.4509,2.4509,2.4509,2.4509,2.4509,2.4509,2.4509,2.4509,2.4509,1.5219,2.4509,2.4509,2.4509,2.4509,2.4509,2.4509,2.4509,2.4509,2.4509,2.4509,2.4509
0.95,0.9418,0.9659,1.0344,1.109,1.2006,1.2924,1.3862,1.48,1.574,1.668,1.7492,1.8221,1.7626,1.7508,1.6713,1.5774,1.4833,1.3875,1.2917,1.1957,1.0996,1.0036,0.9075,0.8115,0.7154
2.4582,2.4582,2.4582,2.4582,2.4582,2.4582,2.4582,2.4582,2.4582,2.4582,2.1094,1.3939,2.4582,2.4582,2.4582,2.4582,2.4582,2.4582,2.4582,2.4582,2.4582,2.4582,2.4582,2.4582,2.4582,2.4582
2.4619,2.4619,2.4619,2.4619,2.4619,2.4619,2.4619,2.4619,2.4619,2.4619,2.4619,2.4619,2.4619,2.4619,2.4619,2.4619,2.4619,2.4619,2.4619,2.4619,2.4619,2.4619,2.4619,2.4619,2.4619,2.4619
1.3351,1.3236,1.3575,1.4537,1.5585,1.6873,1.8163,1.9482,2.08,2.2121,2.2598,1.3421,2.4656,2.4656,2.4605,2.3488,2.2169,2.0847,1.95,1.8153,1.6804,1.5454,1.4104,1.2754,1.1405,1.0055
2.4693,2.4693,2.4693,2.4693,2.4693,2.4693,2.4693,2.4693,2.4693,2.3869,2.2939,2.2136,2.1416,2.1414,2.212,2.2907,2.3835,2.4693,2.4693,2.4693,2.4693,2.4693,2.4693,2.4693,2.4693,2.4693
1.2181,1.2077,1.2386,1.3263,1.422,1.5395,1.6572,1.7775,1.8978,2.0183,2.1389,2.243,2.3364,2.3365,1.3663,2.143,2.0227,1.902,1.7791,1.6563,1.5331,1.41,1.2869,1.1637,1.0405,0.9174
2.4768,2.4768,2.4768,2.4768,2.4768,2.4768,2.4768,2.4768,2.4768,2.4768,2.4768,2.4768,2.4768,2.4768,2.4768,2.4768,2.4768,2.4768,2.4768,2.4768,2.4768,2.4768,2.4768,2.4768,2.4768,2.4768
2.4805,2.4805,2.4805,2.4805,2.4805,2.4805,2.4805,2.4805,2.4805,2.4805,2.4805,2.4805,2.4805,2.4805,2.4805,1.8488,2.4805,2.4805,2.4805,2.4805,2.4805,2.4805,2.4805,2.4805,2.4805,2.4805
0.9581,0.9499,0.9742,1.0432,1.1185,1.2109,1.3035,1.3981,1.4927,1.5875,1.6824,1.7643,1.3467,1.8378,1.7658,1.6856,1.591,1.4961,1.3994,1.3028,1.2059,1.1091,1.0122,0.9153,0.8185,0.7216
2.4881,2.4881,2.4881,2.4881,2.4881,2.4881,2.4881,2.4881,2.4881,2.4881,2.4881,1.9146,2.4484,2.4483,2.4881,2.4881,2.4881,2.4881,2.4881,2.4881,2.4881,2.4881,2.4881,2.4881,2.4881,2.4881
2.4919,2.4919,2.4919,2.4919,2.4919,2.4919,2.4919,2.4919,2.4919,2.4919,2.4919,2.4919,2.4919,2.4919,2.4919,1.592,2.2703,2.4919,2.4919,2.4919,2.4919,2.4919,2.4919,2.4919,2.4919,2.2914
2.2328,2.2136,2.2703,2.4311,2.4957,2.4957,2.4957,2.4957,2.4957,2.4614,1.7518,1.0404,2.4957,2.4957,2.4957,2.4957,2.4957,2.4957,2.4957,2.4957,2.4957,2.4957,2.3587,2.133,1.9072,1.6815
2.4995,2.4995,2.4995,2.4995,2.4995,2.4995,2.4995,2.4995,2.4995,2.4995,2.4651,2.3788,2.3014,0.8887,2.23,2.4617,2.4995,2.4995,2.4995,2.4995,2.4995,2.4995,2.4995,2.4995,2.4995,2.4995
0.9866,0.9782,1.0032,1.0743,1.1518,1.247,1.3423,1.4397,1.5371,1.6347,1.7324,1.8167,1.8924,0.6515,1.8183,1.7358,1.6383,1.5406,1.441,1.3415,1.2418,1.1421,1.0423,0.9426,0.8428,0.743
2.5071,2.5071,2.5071,2.5071,2.5071,2.5071,2.5071,2.5071,2.5071,2.5071,2.5071,2.5071,2.5071,2.5071,2.5071,2.5071,2.5071,2.5071,2.5071,2.5071,2.5071,2.5071,2.5071,2.5071,2.5071,2.5071
2.511,2.511,2.511,2.511,2.511,2.511,2.511,2.511,2.511,2.511,2.511,2.511,2.511,2.511,2.511,2.511,2.511,2.511,2.511,2.511,2.511,2.511,2.511,2.511,2.511,2.511
1.1032,1.0937,1.1217,1.2011,1.2878,1.3942,1.5008,1.6097,1.7186,1.8278,1.937,1.7323,0.5723,2.116,2.0331,1.9407,1.8318,1.7225,1.6112,1.4999,1.3884,1.2769,1.1654,1.0539,0.9423,0.8308
2.5187,2.5187,2.5187,2.5187,2.5187,2.5187,2.5187,2.5187,2.4775,2.3847,2.2918,2.2115,1.7749,2.1395,2.21,2.2886,2.3813,2.4742,2.5187,2.5187,2.5187,2.5187,2.5187,2.5187,2.5187,2.5187
1.5048,1.4918,1.53,1.6384,1.7566,1.9018,2.0471,2.1957,2.3443,2.4932,2.5226,2.5226,2.5226,2.5226,1.0909,1.9046,2.4986,2.3496,2.1978,2.046,1.8939,1.7418,1.5897,1.4375,1.2854,1.1332
2.5264,2.5264,2.5264,2.5264,2.5264,2.5264,2.5264,2.5264,2.5264,2.5264,2.5264,2.5264,2.5264,2.5264,2.5264,2.5264,2.5264,2.5264,2.5264,2.5264,2.5264,2.5264,2.5264,2.5264,2.5264,2.5264
2.5303,2.5303,2.5303,2.5303,2.5303,2.5303,2.5303,2.5303,2.5303,2.5303,2.5303,2.5303,2.5303,2.5303,1.2614,2.2023,2.5303,2.5303,2.5303,2.5303,2.5303,2.5303,2.5303,2.5303,2.5303,2.5303
0.9216,0.9137,0.9371,1.0035,1.0758,1.1647,1.2538,1.3448,1.4358,1.527,1.6182,1.697,1.7676,1.7677,1.6985,1.6213,1.5303,1.439,1.346,1.2531,1.1599,1.0668,0.9736,0.8804,0.7872,0.6941
2.5382,2.5382,2.5382,2.5382,2.5382,2.5382,2.5382,2.5382,2.5382,2.5382,2.3493,1.3953,2.5382,2.5382,2.5382,2.5382,2.5382,2.5382,2.5382,2.5382,2.5382,2.5382,2.5382,2.5382,2.5382,2.5382
2.5421,2.5421,2.5421,2.5421,2.5421,2.5421,2.5421,2.5421,2.5421,2.5421,2.5421,2.5421,2.5421,2.5421,2.5421,2.5421,2.5421,2.5421,2.5421,2.5421,2.5421,2.5421,2.5421,2.5421,2.5421,2.5421
1.5249,1.5118,1.5505,1.6603,1.7801,1.9272,2.0745,2.2251,2.3757,2.5266,1.9681,1.1689,2.5461,2.5461,2.5461,2.5461,2.5321,2.381,2.2272,2.0734,1.9192,1.7651,1.6109,1.4568,1.3026,1.1484
2.55,2.55,2.55,2.55,2.55,2.55,2.55,2.55,2.4638,2.3714,2.279,2.1993,2.1277,1.1911,2.1977,2.2759,2.368,2.4605,2.55,2.55,2.55,2.55,2.55,2.55,2.55,2.55
1.0816,1.0723,1.0998,1.1777,1.2626,1.367,1.4714,1.5782,1.685,1.7921,1.8991,1.9916,2.0745,0.5612,1.6096,1.9028,1.796,1.6888,1.5797,1.4706,1.3613,1.252,1.1426,1.0333,0.9239,0.8146
2.558,2.558,2.558,2.558,2.558,2.558,2.558,2.558,2.558,2.558,2.558,2.558,2.558,2.558,2.558,2.558,2.558,2.558,2.558,2.558,2.558,2.558,2.558,2.558,2.558,2.558
2.562,2.562,2.562,2.562,2.562,2.562,2.562,2.562,2.562,2.562,2.562,2.562,2.562,2.562,2.562,2.562,2.3812,2.562,2.562,2.562,2.562,2.562,2.562,2.562,2.562,2.562
0.9759,0.9675,0.9923,1.0626,1.1392,1.2334,1.3276,1.424,1.5204,1.6169,1.7135,1.7969,0.8357,1.8719,1.7985,1.7168,1.6205,1.5238,1.4253,1.3269,1.2283,1.1296,1.031,0.9323,0.8336,0.7349
2.57,2.57,2.57,2.57,2.57,2.57,2.57,2.57,2.57,2.5027,2.4052,2.321,0.8673,2.2453,2.3194,2.4018,2.4991,2.57,2.57,2.57,2.57,2.57,2.57,2.57,2.57,2.57
2.1188,2.1006,2.1544,2.307,2.4734,2.5741,2.5741,2.5741,2.5741,2.5741,2.5741,2.5741,2.5741,2.5741,0.9412,1.6433,2.3434,2.5741,2.5741,2.5741,2.5741,2.4526,2.2384,2.0242,1.8099,1.5957
2.5781,2.5781,2.5781,2.5781,2.5781,2.5781,2.5781,2.5781,2.5781,2.2894,1.6294,2.5781,2.5781,2.5781,2.5781,2.5781,2.5781,2.5781,2.5781,2.5781,2.5781,2.5781,2.5781,2.5781,2.5781,2.3494
2.5822,2.5822,2.5822,2.5822,2.5822,2.5822,2.5822,2.5822,2.5822,2.5822,2.581,2.4906,2.4096,2.4095,1.6695,2.5774,2.5822,2.5822,2.5822,2.5822,2.5822,2.5822,2.5822,2.5822,2.5822,2.5822
0.9299,0.9219,0.9455,1.0125,1.0855,1.1752,1.265,1.3569,1.4487,1.5407,1.6327,1.7122,1.7835,1.033,1.7137,1.6359,1.544,1.4519,1.3581,1.2643,1.1703,1.0764,0.9823,0.8883,0.7943,0.7003
2.5904,2.5904,2.5904,2.5904,2.5904,2.5904,2.5904,2.5904,2.5904,2.5904,1.9093,2.5904,2.5904,2.5904,2.5904,2.5904,2.5904,2.5904,2.5904,2.5904,2.5904,2.5904,2.5904,2.5904,2.5904,2.5904
2.5945,2.5945,2.5945,2.5945,2.5945,2.5945,2.5945,2.5945,2.5945,2.5945,2.5945,2.5945,2.5945,2.5945,2.5945,2.5945,2.5945,2.5945,2.5945,2.5945,2.5945,2.5945,2.5945,2.5945,2.5945,2.5945
1.1937,1.1834,1.2137,1.2997,1.3934,1.5086,1.6239,1.7418,1.8597,1.9778,2.096,1.4166,0.6192,2.2896,2.1999,2.1,1.9821,1.8639,1.7434,1.623,1.5024,1.3817,1.261,1.1404,1.0197,0.899
2.6027,2.6027,2.6027,2.6027,2.6027,2.6027,2.5724,2.4828,2.3933,2.3036,2.2139,2.1364,2.0669,2.0667,2.1349,2.2108,2.3003,2.3901,2.4816,2.5731,2.6027,2.6027,2.6027,2.6027,2.6027,2.6027
1.2677,1.2568,1.289,1.3803,1.4799,1.6022,1.7247,1.8499,1.975,2.1005,2.226,2.3343,2.4315,2.4317,1.204,2.1021,2.1051,1.9795,1.8516,1.7237,1.5956,1.4674,1.3393,1.2111,1.0829,0.9547
2.611,2.611,2.611,2.611,2.611,2.611,2.611,2.611,2.611,2.611,2.611,2.611,2.611,2.611,2.611,2.611,2.611,2.611,2.611,2.611,2.611,2.611,2.611,2.611,2.611,2.611
2.6152,2.6152,2.6152,2.6152,2.6152,2.6152,2.6152,2.6152,2.6152,2.6152,2.6152,2.6152,2.6152,2.6152,2.6152,1.9012,2.6152,2.6152,2.6152,2.6152,2.6152,2.6152,2.6152,2.6152,2.6152,2.6152
0.9117,0.9039,0.927,0.9927,1.0643,1.1523,1.2403,1.3304,1.4204,1.5106,1.6009,1.6788,1.7487,1.7488,1.6803,1.604,1.5139,1.4236,1.3316,1.2396,1.1475,1.0553,0.9632,0.871,0.7788,0.6866
2.6235,2.6235,2.6235,2.6235,2.6235,2.6235,2.6235,2.6235,2.6235,2.6235,2.6235,1.6207,2.4916,2.4915,2.5736,2.6235,2.6235,2.6235,2.6235,2.6235,2.6235,2.6235,2.6235,2.6235,2.6235,2.6235
2.6277,2.6277,2.6277,2.6277,2.6277,2.6277,2.6277,2.6277,2.6277,2.6277,2.6277,2.6277,2.6277,2.6277,2.6277,1.5038,2.1445,2.6277,2.6277,2.6277,2.6277,2.6277,2.6277,2.6277,2.6277,2.6277
1.8343,1.8185,1.8651,1.9972,2.1413,2.3183,2.4955,2.632,2.632,2.4816,1.7661,1.0489,2.632,2.632,2.632,2.632,2.632,2.632,2.632,2.4941,2.3087,2.1232,1.9378,1.7523,1.5669,1.3814
2.6362,2.6362,2.6362,2.6362,2.6362,2.6362,2.6362,2.5911,2.4977,2.4041,2.3104,2.2295,2.157,0.833,2.228,2.3072,2.4006,2.4944,2.5898,2.6362,2.6362,2.6362,2.6362,2.6362,2.6362,2.6362
0.9863,0.9778,1.0029,1.0739,1.1513,1.2465,1.3418,1.4392,1.5366,1.6342,1.7318,1.8161,1.8917,0.5129,1.8177,1.7351,1.6377,1.54,1.4405,1.341,1.2414,1.1417,1.0419,0.9422,0.8425,0.7428
2.6447,2.6447,2.6447,2.6447,2.6447,2.6447,2.6447,2.6447,2.6447,2.6447,2.6447,2.6447,2.6447,2.6447,2.6447,2.6447,2.6447,2.6447,2.6447,2.6447,2.6447,2.6447,2.6447,2.6447,2.6447,2.6447
2.649,2.649,2.649,2.649,2.649,2.649,2.649,2.649,2.649,2.649,2.649,2.649,2.649,2.649,2.649,2.649,2.649,2.649,2.649,2.649,2.649,2.649,2.649,2.649,2.649,2.649
1.0161,1.0074,1.0332,1.1064,1.1862,1.2842,1.3824,1.4827,1.583,1.6836,1.7842,1.871,0.6076,1.949,1.8727,1.7876,1.6872,1.5866,1.4841,1.3816,1.2789,1.1762,1.0734,0.9707,0.868,0.7652
2.6576,2.6576,2.6576,2.6576,2.6576,2.6576,2.6212,2.53,2.4388,2.3474,2.2559,2.1769,1.1565,2.106,2.1754,2.2528,2.344,2.4355,2.5287,2.6219,2.6576,2.6576,2.6576,2.6576,2.6576,2.6576
1.6346,1.6205,1.662,1.7797,1.9081,2.0658,2.2237,2.3851,2.5465,2.6619,2.6619,2.6619,2.6619,2.6619,0.9947,1.7367,2.4766,2.5522,2.3873,2.2225,2.0573,1.892,1.7268,1.5615,1.3963,1.231
2.6662,2.6662,2.6662,2.6662,2.6662,2.6662,2.6662,2.6662,2.6662,2.175,2.6662,2.6662,2.6662,2.6662,2.6662,2.6662,2.6662,2.6662,2.6662,2.6662,2.6662,2.6662,2.6662,2.6662,2.6662,2.6662
2.6706,2.6706,2.6706,2.6706,2.6706,2.6706,2.6706,2.6706,2.6706,2.6706,2.6706,2.6706,2.5888,2.5887,1.3445,2.3473,2.6706,2.6706,2.6706,2.6706,2.6706,2.6706,2.6706,2.6706,2.6706,2.6706
0.8943,0.8866,0.9094,0.9738,1.044,1.1303,1.2167,1.305,1.3933,1.4818,1.5703,1.6468,1.7153,1.7154,1.6482,1.5734,1.485,1.3964,1.3062,1.216,1.1256,1.0352,0.9448,0.8544,0.7639,0.6735
2.6793,2.6793,2.6793,2.6793,2.6793,2.6793,2.6793,2.6793,2.6793,2.6793,2.0897,1.2458,2.6793,2.6793,2.6793,2.6793,2.6793,2.6793,2.6793,2.6793,2.6793,2.6793,2.6793,2.6793,2.6793,2.6793
2.6837,2.6837,2.6837,2.6837,2.6837,2.6837,2.6837,2.6837,2.6837,2.6837,2.6837,2.6837,2.6837,2.6837,2.6837,2.6837,2.6837,2.6837,2.6837,2.6837,2.6837,2.6837,2.6837,2.6837,2.6837,2.6837
1.3347,1.3232,1.3571,1.4533,1.5581,1.6869,1.8158,1.9476,2.0794,2.2115,2.0393,1.2112,2.56,2.5601,2.4598,2.3481,2.2163,2.0841,1.9494,1.8148,1.6799,1.545,1.41,1.2751,1.1401,1.0052
2.6925,2.6925,2.6925,2.6925,2.6925,2.62,2.5338,2.4456,2.3574,2.269,2.1806,2.1043,2.0359,2.0357,2.1029,2.1776,2.2658,2.3543,2.4444,2.5344,2.6247,2.6925,2.6925,2.6925,2.6925,2.6925
1.1083,1.0988,1.1269,1.2067,1.2938,1.4007,1.5078,1.6172,1.7266,1.8363,1.946,2.0407,2.1257,2.1258,1.381,1.9498,1.8403,1.7305,1.6187,1.5069,1.3949,1.2829,1.1708,1.0588,0.9467,0.8347
2.7014,2.7014,2.7014,2.7014,2.7014,2.7014,2.7014,2.7014,2.7014,2.7014,2.7014,2.7014,2.7014,2.7014,2.7014,2.7014,2.7014,2.7014,2.7014,2.7014,2.7014,2.7014,2.7014,2.7014,2.7014,2.7014
2.7059,2.7059,2.7059,2.7059,2.7059,2.7059,2.7059,2.7059,2.7059,2.7059,2.7059,2.7059,2.7059,2.7059,2.7059,1.7499,2.4161,2.7059,2.7059,2.7059,2.7059,2.7059,2.7059,2.7059,2.7059,2.7059
0.92,0.9121,0.9354,1.0017,1.0739,1.1627,1.2516,1.3424,1.4333,1.5243,1.6154,1.694,1.0436,1.7646,1.6955,1.6185,1.5276,1.4365,1.3437,1.2509,1.1579,1.0649,0.9719,0.8789,0.7859,0.6928
2.7148,2.7148,2.7148,2.7148,2.7148,2.7148,2.7148,2.7127,2.6149,2.5168,2.4188,1.9965,0.8722,2.2581,2.3325,2.4154,2.5133,2.6114,2.7113,2.7148,2.7148,2.7148,2.7148,2.7148,2.7148,2.7148
2.4926,2.4712,2.5345,2.714,2.7193,2.7193,2.7193,2.7193,2.7193,2.7193,2.7193,2.7193,2.7193,2.7193,2.7193,1.5367,2.1914,2.7193,2.7193,2.7193,2.7193,2.7193,2.6332,2.3812,2.1292,1.8772
2.3859,2.3654,2.426,2.5978,2.7239,2.7239,2.7239,2.7239,2.7239,2.2836,1.6252,1.0548,2.7239,2.7239,2.7239,2.7239,2.7239,2.7239,2.7239,2.7239,2.7239,2.7239,2.5205,2.2793,2.0381,1.7968
2.7284,2.7284,2.7284,2.7284,2.7284,2.7284,2.7284,2.6834,2.5866,2.4897,2.3927,2.3089,2.2338,2.2337,1.8887,2.3894,2.4861,2.5832,2.6821,2.7284,2.7284,2.7284,2.7284,2.7284,2.7284,2.7284
0.9204,0.9125,0.9359,1.0022,1.0744,1.1632,1.2522,1.343,1.4339,1.525,1.6161,1.6948,1.7653,0.7223,1.6963,1.6192,1.5283,1.4371,1.3443,1.2514,1.1584,1.0654,0.9723,0.8793,0.7862,0.6932
2.7375,2.7375,2.7375,2.7375,2.7375,2.7375,2.7375,2.7375,2.7375,2.4633,1.7934,2.7375,2.7375,2.7375,2.7375,2.7375,2.7375,2.7375,2.7375,2.7375,2.7375,2.7375,2.7375,2.7375,2.7375,2.7375
2.7421,2.7421,2.7421,2.7421,2.7421,2.7421,2.7421,2.7421,2.7421,2.7421,2.7421,2.7421,2.7421,2.7421,2.7421,2.7421,2.7421,2.7421,2.7421,2.7421,2.7421,2.7421,2.7421,2.7421,2.7421,2.7421
1.0843,1.075,1.1025,1.1806,1.2657,1.3704,1.4751,1.5822,1.6893,1.7965,1.9039,1.5257,0.5625,2.0798,1.9983,1.9076,1.8005,1.693,1.5837,1.4743,1.3647,1.2551,1.1455,1.0358,0.9262,0.8166
2.7513,2.7513,2.7513,2.7498,2.6804,2.595,2.5096,2.4222,2.3349,2.2474,2.1598,2.0842,2.0164,2.0163,2.0828,2.1568,2.2442,2.3318,2.421,2.5102,2.5996,2.689,2.7513,2.7513,2.7513,2.7513
1.3425,1.331,1.365,1.4617,1.5671,1.6967,1.8264,1.9589,2.0915,2.2243,2.3572,2.472,2.5749,2.575,1.0802,1.8858,2.2292,2.0962,1.9608,1.8253,1.6897,1.554,1.4182,1.2825,1.1468,1.011
2.7606,2.7606,2.7606,2.7606,2.7606,2.7606,2.7606,2.7606,2.7606,2.7606,2.7606,2.7606,2.7606,2.7606,2.7606,2.7606,2.7606,2.7606,2.7606,2.7606,2.7606,2.7606,2.7606,2.7606,2.7606,2.7606
2.7652,2.7652,2.7652,2.7652,2.7652,2.7652,2.7652,2.7652,2.7652,2.7652,2.7652,2.7652,2.7652,2.7652,1.202,1.9854,2.7652,2.7652,2.7652,2.7652,2.7652,2.7652,2.7652,2.7652,2.7652,2.7652
0.877,0.8695,0.8918,0.9549,1.0238,1.1084,1.1931,1.2797,1.3663,1.4531,1.5399,1.6149,1.6821,1.6822,1.6163,1.5429,1.4563,1.3694,1.2809,1.1925,1.1038,1.0152,0.9265,0.8378,0.7492,0.6605
2.7746,2.7746,2.7746,2.7746,2.7746,2.7746,2.7746,2.7746,2.7746,2.7746,2.3695,1.4073,2.5711,2.571,2.6557,2.7501,2.7746,2.7746,2.7746,2.7746,2.7746,2.7746,2.7746,2.7746,2.7746,2.7746
2.7793,2.7793,2.7793,2.7793,2.7793,2.7793,2.7793,2.7793,2.7793,2.7793,2.7793,2.7793,2.7793,2.7793,2.7793,2.7793,2.048,2.6599,2.7793,2.7793,2.7793,2.7793,2.7793,2.7793,2.7793,2.7793
1.5568,1.5434,1.5829,1.6951,1.8173,1.9675,2.1179,2.2716,2.4254,2.5342,1.8036,1.0712,2.784,2.784,2.784,2.7388,2.585,2.4308,2.2738,2.1167,1.9594,1.802,1.6446,1.4872,1.3298,1.1724
2.7888,2.7888,2.7888,2.7885,2.718,2.6315,2.5448,2.4563,2.3677,2.279,2.1902,2.1135,2.0448,0.8879,2.1121,2.1871,2.2757,2.3646,2.4551,2.5455,2.6362,2.7268,2.7888,2.7888,2.7888,2.7888
0.9979,0.9893,1.0146,1.0865,1.1649,1.2611,1.3575,1.4561,1.5546,1.6533,1.7521,1.8374,1.9139,0.5178,1.6689,1.7555,1.657,1.5581,1.4574,1.3568,1.2559,1.1551,1.0542,0.9533,0.8524,0.7515
2.7983,2.7983,2.7983,2.7983,2.7983,2.7983,2.7983,2.7983,2.7983,2.7983,2.7983,2.7983,2.7983,2.7983,2.7983,2.7983,2.7983,2.7983,2.7983,2.7983,2.7983,2.7983,2.7983,2.7983,2.7983,2.7983
2.8031,2.8031,2.8031,2.8031,2.8031,2.8031,2.8031,2.8031,2.8031,2.8031,2.8031,2.8031,2.8031,2.8031,2.8031,2.8031,2.8031,2.8031,2.8031,2.8031,2.8031,2.8031,2.8031,2.8031,2.8031,2.8031
0.9477,0.9396,0.9637,1.0319,1.1063,1.1978,1.2893,1.3829,1.4765,1.5703,1.6641,1.7451,0.7003,1.8179,1.7466,1.6673,1.5737,1.4798,1.3842,1.2886,1.1928,1.097,1.0012,0.9054,0.8096,0.7137
2.8127,2.8127,2.8127,2.8127,2.7863,2.6976,2.6087,2.518,2.4272,2.3362,2.2452,2.1666,0.8508,2.096,2.1651,2.242,2.3329,2.424,2.5167,2.6095,2.7024,2.7953,2.8127,2.8127,2.8127,2.8127
1.8237,1.808,1.8543,1.9856,2.1288,2.3048,2.481,2.661,2.8175,2.8175,2.8175,2.8175,2.8175,2.8175,0.9194,1.6051,2.2889,2.8175,2.6635,2.4796,2.2953,2.1109,1.9265,1.7422,1.5578,1.3734
2.8224,2.8224,2.8224,2.8224,2.8224,2.8224,2.8224,2.8224,2.7679,2.1485,1.5291,2.8224,2.8224,2.8224,2.8224,2.8224,2.8224,2.8224,2.8224,2.8224,2.8224,2.8224,2.8224,2.8224,2.8224,2.6893
2.8273,2.8273,2.8273,2.8273,2.8273,2.8273,2.8273,2.8273,2.7424,2.6396,2.5368,2.448,2.3684,2.3682,1.4644,2.5333,2.6359,2.7388,2.8273,2.8273,2.8273,2.8273,2.8273,2.8273,2.8273,2.8273
0.8771,0.8695,0.8918,0.9549,1.0238,1.1084,1.1932,1.2798,1.3664,1.4532,1.54,1.6149,1.6822,1.2979,1.6164,1.543,1.4563,1.3694,1.281,1.1925,1.1039,1.0152,0.9265,0.8379,0.7492,0.6605
2.8371,2.8371,2.8371,2.8371,2.8371,2.8371,2.8371,2.8371,2.8371,2.6552,1.8897,2.8371,2.8371,2.8371,2.8371,2.8371,2.8371,2.8371,2.8371,2.8371,2.8371,2.8371,2.8371,2.8371,2.8371,2.8371
2.842,2.842,2.842,2.842,2.842,2.842,2.842,2.842,2.842,2.842,2.842,2.842,2.842,2.842,2.842,2.842,2.842,2.842,2.842,2.842,2.842,2.842,2.842,2.842,2.842,2.842
1.1908,1.1805,1.2108,1.2965,1.39,1.5049,1.6199,1.7375,1.8551,1.9729,2.0908,1.2751,2.2838,2.284,2.1945,2.0948,1.9772,1.8593,1.7391,1.619,1.4987,1.3783,1.2579,1.1375,1.0171,0.8968
2.7611,2.7686,2.7466,2.6845,2.6167,2.5333,2.4499,2.3647,2.2794,2.194,2.1085,2.0347,1.9685,1.9684,2.0333,2.1055,2.1908,2.2764,2.3635,2.4506,2.5379,2.6251,2.7124,2.7997,2.8519,2.8519
1.1519,1.142,1.1713,1.2543,1.3447,1.4559,1.5671,1.6809,1.7946,1.9086,2.0226,2.1211,2.2094,2.2095,1.2121,2.0266,1.9128,1.7987,1.6825,1.5663,1.4498,1.3334,1.2169,1.1005,0.984,0.8675
2.8618,2.8618,2.8618,2.8618,2.8618,2.8618,2.8618,2.8618,2.8618,2.8618,2.8618,2.8618,2.8618,2.8618,2.8618,2.8618,2.8618,2.8618,2.8618,2.8618,2.8618,2.8618,2.8618,2.8618,2.8618,2.8618
2.8668,2.8668,2.8668,2.8668,2.8668,2.8668,2.8668,2.8668,2.8668,2.8668,2.8668,2.8668,2.8668,2.8668,2.8668,1.7416,2.4836,2.8668,2.8668,2.8668,2.8668,2.8668,2.8668,2.8668,2.8668,2.8668
0.8768,0.8692,0.8915,0.9547,1.0235,1.1081,1.1928,1.2794,1.366,1.4527,1.5395,1.6144,1.4411,1.6818,1.6159,1.5425,1.4559,1.369,1.2806,1.1921,1.1035,1.0149,0.9262,0.8376,0.749,0.6603
2.8769,2.8769,2.8769,2.8769,2.8769,2.8769,2.8608,2.7612,2.6616,2.5619,2.4621,1.6724,2.2986,2.2985,2.3743,2.4587,2.5582,2.6581,2.7598,2.8616,2.8769,2.8769,2.8769,2.8769,2.8769,2.8769
2.882,2.882,2.882,2.882,2.882,2.882,2.882,2.882,2.882,2.882,2.882,2.882,2.882,2.882,2.882,1.4534,2.0726,2.6918,2.882,2.882,2.882,2.882,2.882,2.882,2.6576,2.343
1.927,1.9104,1.9593,2.0981,2.2494,2.4354,2.6215,2.8118,2.887,2.3039,1.6397,0.9738,2.887,2.887,2.887,2.887,2.887,2.887,2.8144,2.62,2.4253,2.2305,2.0357,1.8409,1.646,1.4512
2.8921,2.8921,2.8921,2.8579,2.7857,2.697,2.6082,2.5174,2.4266,2.3357,2.2447,2.1661,2.0956,0.8093,2.1646,2.2415,2.3323,2.4234,2.5161,2.6089,2.7018,2.7947,2.8876,2.8921,2.8921,2.8921
0.921,0.9131,0.9365,1.0028,1.0751,1.164,1.253,1.3439,1.4349,1.526,1.6172,1.6959,1.7665,0.5524,1.6974,1.6203,1.5293,1.4381,1.3452,1.2523,1.1592,1.0661,0.973,0.8799,0.7867,0.6936
2.9024,2.9024,2.9024,2.9024,2.9024,2.9024,2.9024,2.9024,2.9024,2.2907,2.9024,2.9024,2.9024,2.9024,2.9024,2.9024,2.9024,2.9024,2.9024,2.9024,2.9024,2.9024,2.9024,2.9024,2.9024,2.9024
2.9075,2.9075,2.9075,2.9075,2.9075,2.9075,2.9075,2.9075,2.9075,2.9075,2.9075,2.9075,2.9075,2.9075,2.9075,2.9075,2.9075,2.9075,2.9075,2.9075,2.9075,2.9075,2.9075,2.9075,2.9075,2.9075
0.9986,0.99,1.0154,1.0873,1.1657,1.2621,1.3586,1.4572,1.5558,1.6546,1.7534,1.6823,0.5302,1.9155,1.8404,1.7568,1.6582,1.5593,1.4585,1.3578,1.2569,1.1559,1.055,0.954,0.853,0.7521
2.7879,2.7954,2.7733,2.7105,2.642,2.5579,2.4737,2.3876,2.3015,2.2152,2.1289,2.0544,1.3821,1.9875,2.053,2.126,2.2121,2.2985,2.3864,2.4743,2.5625,2.6506,2.7387,2.8269,2.915,2.9179
1.4496,1.4371,1.4739,1.5783,1.6921,1.832,1.972,2.1152,2.2583,2.4017,2.5452,2.6691,2.7802,2.7804,0.9841,1.718,2.407,2.2634,2.1171,1.9709,1.8244,1.6779,1.5313,1.3848,1.2382,1.0917
2.9283,2.9283,2.9283,2.9283,2.9283,2.9283,2.9283,2.9283,2.6574,2.0627,2.9283,2.9283,2.9283,2.9283,2.9283,2.9283,2.9283,2.9283,2.9283,2.9283,2.9283,2.9283,2.9283,2.9283,2.9283,2.9283
2.9336,2.9336,2.9336,2.9336,2.9336,2.9336,2.9336,2.9336,2.9336,2.8754,2.7634,2.6667,2.5799,2.5798,1.2075,2.1081,2.8713,2.9336,2.9336,2.9336,2.9336,2.9336,2.9336,2.9336,2.9336,2.9336
0.8523,0.8449,0.8666,0.928,0.9949,1.0771,1.1595,1.2436,1.3278,1.4121,1.4965,1.5693,1.6346,1.6348,1.5707,1.4994,1.4152,1.3307,1.2448,1.1588,1.0727,0.9865,0.9004,0.8142,0.728,0.6418
2.9441,2.9441,2.9441,2.9441,2.9441,2.9441,2.9441,2.9441,2.9441,2.9441,2.1002,1.2473,2.6925,2.6923,2.7811,2.8799,2.9441,2.9441,2.9441,2.9441,2.9441,2.9441,2.9441,2.9441,2.9441,2.9441
2.9494,2.9494,2.9494,2.9494,2.9494,2.9494,2.9494,2.9494,2.9494,2.9494,2.9494,2.9494,2.9494,2.9494,2.9494,2.9494,2.9494,2.5666,2.9494,2.9494,2.9494,2.9494,2.9494,2.9494,2.9494,2.9494
1.355,1.3433,1.3777,1.4753,1.5817,1.7124,1.8433,1.9771,2.1109,2.245,1.8665,1.1085,2.5988,2.599,2.4971,2.3837,2.2499,2.1157,1.979,1.8423,1.7054,1.5684,1.4314,1.2944,1.1574,1.0204
2.7476,2.755,2.7331,2.6713,2.6038,2.5209,2.4379,2.353,2.2682,2.1832,2.0981,2.0247,1.9588,1.3307,2.0233,2.0952,2.1801,2.2652,2.3519,2.4385,2.5254,2.6122,2.6991,2.786,2.8728,2.9597
1.022,1.0132,1.0392,1.1128,1.193,1.2916,1.3904,1.4913,1.5922,1.6933,1.7945,1.8818,1.9602,0.5303,1.4192,1.798,1.697,1.5958,1.4927,1.3896,1.2863,1.183,1.0797,0.9763,0.873,0.7697
2.9708,2.9708,2.9708,2.9708,2.9708,2.9708,2.9708,2.9708,2.9708,2.9708,2.9708,2.9708,2.9708,2.9708,2.9708,2.9708,2.9708,2.9708,2.9708,2.9708,2.9708,2.9708,2.9708,2.9708,2.9708,2.9708
2.9762,2.9762,2.9762,2.9762,2.9762,2.9762,2.9762,2.9762,2.9762,2.9762,2.9762,2.9762,2.9762,2.9762,2.9762,2.9762,2.2428,2.9129,2.9762,2.9762,2.9762,2.9762,2.9762,2.9762,2.9762,2.9762
0.8941,0.8864,0.9091,0.9735,1.0437,1.1299,1.2163,1.3046,1.3929,1.4813,1.5698,1.6463,0.8462,1.7149,1.6477,1.5729,1.4846,1.396,1.3058,1.2156,1.1253,1.0349,0.9445,0.8541,0.7637,0.6733
2.9581,2.9661,2.9426,2.8759,2.8033,2.714,2.6247,2.5333,2.442,2.3505,2.2589,2.1285,0.8145,2.1088,2.1783,2.2557,2.3471,2.4388,2.5321,2.6254,2.7189,2.8124,2.9059,2.9871,2.9871,2.9871
2.1044,2.0863,2.1397,2.2913,2.4566,2.6596,2.8629,2.9925,2.9925,2.9925,2.9925,2.9925,2.9925,2.9925,0.9338,1.5014,2.1411,2.7807,2.9925,2.8613,2.6486,2.4359,2.2231,2.0104,1.7976,1.5848
2.6228,2.6003,2.6669,2.8558,2.998,2.998,2.998,2.998,2.7628,2.1445,1.5263,2.998,2.998,2.998,2.998,2.998,2.998,2.998,2.998,2.998,2.998,2.998,2.7708,2.5056,2.2404,1.9752
3.0035,3.0035,3.0035,2.9934,2.9178,2.8249,2.7319,2.6368,2.5417,2.4465,2.3511,2.2688,2.195,2.1949,1.6368,2.3479,2.443,2.5384,2.6355,2.7326,2.8299,2.9273,3.0035,3.0035,3.0035,3.0035
0.8689,0.8614,0.8835,0.9461,1.0143,1.0981,1.1821,1.2679,1.3537,1.4396,1.5256,1.5999,1.6665,0.8345,1.6013,1.5286,1.4428,1.3567,1.269,1.1814,1.0936,1.0057,0.9179,0.8301,0.7422,0.6544
3.0145,3.0145,3.0145,3.0145,3.0145,3.0145,3.0145,3.0145,3.0145,2.4357,1.7335,3.0145,3.0145,3.0145,3.0145,3.0145,3.0145,3.0145,3.0145,3.0145,3.0145,3.0145,3.0145,3.0145,3.0145,3.0145
3.0201,3.0201,3.0201,3.0201,3.0201,3.0201,3.0201,3.0201,3.0201,3.0201,3.0201,3.0201,3.0201,3.0201,3.0201,3.0201,3.0201,3.0201,3.0201,3.0201,3.0201,3.0201,3.0201,3.0201,3.0201,3.0201
1.0796,1.0703,1.0977,1.1755,1.2603,1.3644,1.4687,1.5753,1.6819,1.7887,1.8956,1.3662,0.56,2.0708,1.9896,1.8993,1.7926,1.6857,1.5768,1.4679,1.3588,1.2496,1.1405,1.0314,0.9222,0.813
2.6964,2.7037,2.6823,2.6215,2.5553,2.474,2.3925,2.3092,2.226,2.1425,2.0591,1.987,1.9224,1.9222,1.9856,2.0562,2.1395,2.223,2.3081,2.3932,2.4784,2.5636,2.6489,2.7341,2.8194,2.9046
1.2158,1.2053,1.2362,1.3238,1.4192,1.5365,1.654,1.774,1.8941,2.0144,2.1347,2.2387,2.3318,2.332,1.084,1.8925,2.0188,1.8983,1.7757,1.6531,1.5302,1.4073,1.2844,1.1615,1.0385,0.9156
3.0425,3.0425,3.0425,3.0425,3.0425,3.0425,3.0425,3.0425,3.0425,3.0425,3.0425,3.0425,3.0425,3.0425,3.0425,3.0425,3.0425,3.0425,3.0425,3.0425,3.0425,3.0425,3.0425,3.0425,3.0425,3.0425
3.0482,3.0482,3.0482,3.0482,3.0482,3.0482,3.0482,3.0482,3.0482,3.0482,3.0482,3.0021,2.9045,2.9043,3.0,1.8148,2.5881,3.0482,3.0482,3.0482,3.0482,3.0482,3.0482,3.0482,3.0482,3.0482
0.8441,0.8369,0.8583,0.9191,0.9854,1.0668,1.1484,1.2317,1.3151,1.3986,1.4822,1.5543,1.619,1.6191,1.5557,1.485,1.4017,1.318,1.2329,1.1477,1.0624,0.9771,0.8918,0.8064,0.7211,0.6357
3.0596,3.0596,3.0596,3.0596,3.0596,3.0488,2.9485,2.8458,2.7432,2.6404,2.4266,1.4412,2.369,2.3689,2.447,2.534,2.6366,2.7396,2.8444,2.9492,3.0543,3.0596,3.0596,3.0596,3.0596,3.0596
3.0653,3.0653,3.0653,3.0653,3.0653,3.0653,3.0653,3.0653,3.0653,3.0653,3.0653,3.0653,3.0653,3.0653,3.0653,3.0653,1.9808,2.5725,3.0653,3.0653,3.0653,3.0653,3.0653,3.0653,3.0653,3.0653
1.6165,1.6026,1.6437,1.7601,1.887,2.043,2.1992,2.3588,2.5184,2.3514,1.6735,0.9939,3.071,3.071,2.9792,2.8439,2.6842,2.5241,2.361,2.1979,2.0346,1.8712,1.7077,1.5443,1.3808,1.2174
2.7878,2.7952,2.7731,2.7103,2.6419,2.5577,2.4735,2.3874,2.3013,2.2151,2.1288,2.0543,1.9875,0.7675,2.0529,2.1258,2.2119,2.2983,2.3863,2.4742,2.5623,2.6504,2.7386,2.8267,2.9149,3.003
0.9317,0.9237,0.9474,1.0145,1.0876,1.1775,1.2675,1.3595,1.4515,1.5437,1.636,1.7156,1.787,0.4835,1.7171,1.6391,1.5471,1.4548,1.3608,1.2668,1.1727,1.0785,0.9843,0.8901,0.7959,0.7017
3.0884,3.0884,3.0884,3.0884,3.0884,3.0884,3.0884,3.0884,2.8499,3.0884,3.0884,3.0884,3.0884,3.0884,3.0884,3.0884,3.0884,3.0884,3.0884,3.0884,3.0884,3.0884,3.0884,3.0884,3.0884,3.0884
3.0942,3.0942,3.0942,3.0942,3.0942,3.0942,3.0942,3.0942,3.0942,3.0942,3.0942,3.0942,3.0942,3.0942,3.0942,3.0942,3.0942,3.0942,3.0942,3.0942,3.0942,3.0942,3.0942,3.0942,3.0942,3.0942
0.9311,0.9231,0.9467,1.0138,1.0869,1.1767,1.2667,1.3586,1.4506,1.5427,1.6349,1.7145,0.6017,1.7859,1.716,1.638,1.5461,1.4538,1.3599,1.266,1.1719,1.0778,0.9836,0.8895,0.7953,0.7012
2.7758,2.7833,2.7613,2.6987,2.6306,2.5468,2.463,2.3772,2.2915,2.2056,2.1197,2.0455,0.9593,1.9788,2.0441,2.1167,2.2025,2.2885,2.3761,2.4636,2.5514,2.6391,2.7269,2.8146,2.9024,2.9902
1.6012,1.5874,1.6281,1.7434,1.8692,2.0237,2.1783,2.3364,2.4946,2.653,2.8115,2.9484,3.0711,3.0713,0.9086,1.5863,2.2621,2.5001,2.3386,2.1771,2.0153,1.8534,1.6915,1.5297,1.3678,1.2059
3.1178,3.1178,3.1178,3.1178,3.1178,3.1178,3.1178,3.1178,2.6265,2.0387,1.5379,3.1178,3.1178,3.1178,3.1178,3.1178,3.1178,3.1178,3.1178,3.1178,3.1178,3.1178,3.1178,3.1178,3.1178,3.1178
3.1237,3.1237,3.1237,3.1237,3.1237,3.0321,2.9323,2.8302,2.7282,2.6259,2.5236,2.4353,2.356,2.3559,1.3065,2.2809,2.6222,2.7246,2.8288,2.9331,3.0375,3.1237,3.1237,3.1237,3.1237,3.1237
0.8363,0.8291,0.8504,0.9106,0.9763,1.057,1.1378,1.2203,1.3029,1.3857,1.4685,1.54,1.6041,1.6042,1.5413,1.4713,1.3887,1.3059,1.2215,1.1371,1.0526,0.9681,0.8835,0.799,0.7144,0.6298
3.1357,3.1357,3.1357,3.1357,3.1357,3.1357,3.1357,3.1357,3.1357,2.6609,1.8938,1.203,2.8652,2.8651,2.9595,3.0647,3.1357,3.1357,3.1357,3.1357,3.1357,3.1357,3.1357,3.1357,3.1357,3.1357
3.1417,3.1417,3.1417,3.1417,3.1417,3.1417,3.1417,3.1417,3.1417,3.1417,3.1417,3.1417,3.1417,3.1417,3.1417,3.1417,3.1417,3.1417,3.1417,3.1417,3.1417,3.1417,3.1417,3.1417,3.1417,3.1417
1.2035,1.1932,1.2237,1.3104,1.4049,1.521,1.6373,1.7561,1.875,1.9941,1.9591,1.1635,2.3083,2.3085,2.218,2.1173,1.9984,1.8792,1.7578,1.6364,1.5147,1.3931,1.2714,1.1497,1.0281,0.9064
2.6581,2.6653,2.6442,2.5843,2.519,2.4388,2.3585,2.2764,2.1943,2.1121,2.0298,1.9588,1.895,1.8949,1.9574,2.027,2.1091,2.1914,2.2753,2.3592,2.4432,2.5272,2.6112,2.6953,2.7793,2.8634
1.0602,1.0511,1.078,1.1543,1.2376,1.3399,1.4423,1.547,1.6517,1.7566,1.8615,1.9521,2.0334,2.0335,1.2375,1.8651,1.7604,1.6554,1.5484,1.4415,1.3343,1.2272,1.12,1.0128,0.9056,0.7984
3.166,3.166,3.166,3.166,3.166,3.166,3.166,3.166,3.166,3.166,3.166,3.166,3.166,3.166,3.166,3.166,3.166,3.166,3.166,3.166,3.166,3.166,3.166,3.166,3.166,3.166
3.1721,3.1721,3.1721,3.1721,3.1721,3.1721,3.1721,3.1721,3.1721,3.1721,3.1721,3.1721,3.1721,3.1721,3.1721,1.6147,2.3027,2.9906,3.1721,3.1721,3.1721,3.1721,3.1721,3.1721,3.1721,3.1721
0.8523,0.8449,0.8666,0.9279,0.9949,1.0771,1.1594,1.2436,1.3277,1.4121,1.4964,1.5693,1.0984,1.6347,1.5707,1.4993,1.4152,1.3307,1.2447,1.1588,1.0726,0.9865,0.9003,0.8142,0.728,0.6418
3.009,3.0171,2.9932,2.9254,2.8516,2.7608,2.6699,2.5769,2.484,2.3909,2.2978,1.7563,2.1452,2.1451,2.2158,2.2946,2.3875,2.4807,2.5757,2.6706,2.7657,2.8608,2.9559,3.0511,3.1462,3.1845
2.5425,2.5206,2.5852,2.7683,2.9679,3.1907,3.1907,3.1907,3.1907,3.1907,3.1907,3.1907,3.1907,3.1907,3.1907,1.4199,2.0248,2.6297,3.1907,3.1907,3.1907,2.9429,2.6859,2.4289,2.1718,1.9147
2.0676,2.0498,2.1023,2.2512,2.4135,2.613,2.8128,3.0169,2.7866,2.163,1.5394,0.9143,3.1969,3.1969,3.1969,3.1969,3.1969,3.1969,3.0197,2.8112,2.6022,2.3932,2.1842,1.9752,1.7661,1.5571
2.8871,2.8949,2.8719,2.8069,2.736,2.6489,2.5617,2.4725,2.3834,2.294,2.2047,2.1275,2.0583,2.0582,1.8904,2.2016,2.2908,2.3802,2.4713,2.5624,2.6536,2.7449,2.8362,2.9274,3.0187,3.11
0.8695,0.862,0.8841,0.9467,1.0149,1.0988,1.1828,1.2687,1.3545,1.4406,1.5266,1.6009,1.6676,0.6115,1.6024,1.5296,1.4437,1.3576,1.2699,1.1822,1.0943,1.0064,0.9185,0.8306,0.7427,0.6548
3.2157,3.2157,3.2157,3.2157,3.2157,3.2157,3.2157,3.2157,2.9151,2.2628,3.2157,3.2157,3.2157,3.2157,3.2157,3.2157,3.2157,3.2157,3.2157,3.2157,3.2157,3.2157,3.2157,3.2157,3.2157,3.2157
3.222,3.222,3.222,3.222,3.222,3.222,3.222,3.222,3.222,3.222,3.222,3.222,3.222,3.222,3.222,3.222,3.222,3.222,3.222,3.222,3.222,3.222,3.222,3.222,3.222,3.222
0.9926,0.9841,1.0093,1.0808,1.1587,1.2545,1.3504,1.4484,1.5464,1.6446,1.7429,1.4939,0.5149,1.9039,1.8293,1.7462,1.6482,1.5499,1.4497,1.3496,1.2493,1.149,1.0486,0.9483,0.8479,0.7475
2.6586,2.6658,2.6447,2.5848,2.5195,2.4393,2.3589,2.2768,2.1947,2.1125,2.0302,1.9591,1.7832,1.8953,1.9578,2.0274,2.1095,2.1918,2.2757,2.3596,2.4436,2.5277,2.6117,2.6958,2.7798,2.8639
1.3052,1.294,1.3272,1.4212,1.5237,1.6496,1.7757,1.9046,2.0335,2.1626,2.2918,2.4034,2.5034,2.5036,0.9849,1.7196,2.1673,2.038,1.9063,1.7747,1.6428,1.5108,1.3789,1.2469,1.1149,0.983
3.2476,3.2476,3.2476,3.2476,3.2476,3.2476,3.2476,3.1162,2.5464,3.2476,3.2476,3.2476,3.2476,3.2476,3.2476,3.2476,3.2476,3.2476,3.2476,3.2476,3.2476,3.2476,3.2476,3.2476,3.2476,3.2476
3.254,3.254,3.254,3.254,3.254,3.254,3.2393,3.1265,3.0138,2.9008,2.7878,2.6902,2.6027,2.6026,1.0994,1.9194,2.7372,3.0098,3.125,3.2401,3.254,3.254,3.254,3.254,3.254,3.254
0.8205,0.8135,0.8343,0.8934,0.9578,1.037,1.1163,1.1973,1.2783,1.3595,1.4407,1.5109,1.5738,1.5739,1.5122,1.4435,1.3625,1.2812,1.1984,1.1156,1.0327,0.9498,0.8668,0.7839,0.7009,0.6179
3.267,3.267,3.267,3.267,3.267,3.184,3.0792,2.972,2.8648,2.7574,2.1384,1.27,2.4741,2.4739,2.5555,2.6463,2.7535,2.861,2.9705,3.08,3.1897,3.267,3.267,3.267,3.267,3.267
3.2735,3.2735,3.2735,3.2735,3.2735,3.2735,3.2735,3.2735,3.2735,3.2735,3.2735,3.2735,3.2735,3.2735,3.2735,3.2735,1.9116,2.4827,3.0536,3.2735,3.2735,3.2735,3.2735,3.2735,3.2735,3.2735
1.3951,1.3831,1.4186,1.519,1.6286,1.7632,1.898,2.0357,2.1735,2.3115,1.7286,1.0267,2.6758,2.676,2.5712,2.4544,2.3166,2.1784,2.0376,1.8969,1.7559,1.6149,1.4738,1.3328,1.1917,1.0507
2.6706,2.6778,2.6566,2.5964,2.5308,2.4502,2.3696,2.2871,2.2046,2.122,2.0393,1.9679,1.9039,0.9605,1.9666,2.0365,2.119,2.2017,2.286,2.3702,2.4546,2.539,2.6235,2.7079,2.7923,2.8768
0.9531,0.9449,0.9691,1.0377,1.1126,1.2045,1.2966,1.3907,1.4848,1.5791,1.6735,1.7549,1.828,0.4945,1.4819,1.6767,1.5826,1.4882,1.392,1.2959,1.1996,1.1032,1.0069,0.9105,0.8141,0.7178
3.2999,3.2999,3.2999,3.2999,3.2999,3.2999,3.2999,3.2999,3.2999,3.2999,3.2999,3.2999,3.2999,3.2999,3.2999,3.2999,3.2999,3.2999,3.2999,3.2999,3.2999,3.2999,3.2999,3.2999,3.2999,3.2999
3.3066,3.3066,3.3066,3.3066,3.3066,3.3066,3.3066,3.3066,3.3066,3.3066,3.3066,3.3066,3.3066,3.3066,3.3066,3.3066,2.1275,2.7333,3.3066,3.3066,3.3066,3.3066,3.3066,3.3066,3.3066,3.3066
0.8778,0.8703,0.8926,0.9558,1.0247,1.1094,1.1942,1.2809,1.3676,1.4545,1.5414,1.6164,0.7092,1.6838,1.6178,1.5443,1.4576,1.3707,1.2821,1.1936,1.1049,1.0161,0.9274,0.8386,0.7499,0.6611
2.7916,2.7991,2.7769,2.7141,2.6455,2.5613,2.4769,2.3907,2.3045,2.2182,2.1317,2.0571,0.7687,1.9901,2.0557,2.1288,2.215,2.3015,2.3896,2.4776,2.5658,2.6541,2.7424,2.8306,2.9189,3.0072
1.8191,1.8034,1.8496,1.9806,2.1235,2.299,2.4747,2.6544,2.834,3.014,3.194,3.3267,3.3267,3.3267,0.849,1.4823,2.1138,2.7453,2.6568,2.4733,2.2895,2.1056,1.9217,1.7378,1.5539,1.3699
2.9792,2.9536,3.0292,3.2438,3.3335,3.3335,3.3335,3.2077,2.6211,2.0346,1.448,3.3335,3.3335,3.3335,3.3335,3.3335,3.3335,3.3335,3.3335,3.3335,3.3335,3.3335,3.1473,2.8461,2.5449,2.2436
3.0579,3.0661,3.0418,2.973,2.8979,2.8056,2.7132,2.6188,2.5244,2.4297,2.3351,2.2533,2.18,2.1799,1.4452,2.3318,2.4263,2.521,2.6175,2.714,2.8106,2.9073,3.0039,3.1006,3.1973,3.294
0.8285,0.8214,0.8424,0.9021,0.9671,1.0471,1.1271,1.2089,1.2907,1.3727,1.4547,1.5255,1.589,1.0179,1.5269,1.4575,1.3757,1.2936,1.21,1.1265,1.0427,0.959,0.8752,0.7915,0.7077,0.6239
3.3539,3.3539,3.3539,3.3539,3.3539,3.3539,3.3539,3.3539,3.137,2.435,1.733,3.2097,3.1053,3.1051,3.2075,3.3215,3.3539,3.3539,3.3539,3.3539,3.3539,3.3539,3.3539,3.3539,3.3539,3.3539
3.3608,3.3608,3.3608,3.3608,3.3608,3.3608,3.3608,3.3608,3.3608,3.3608,3.3608,3.3608,3.3608,3.3608,3.3608,3.3608,3.3608,3.3608,3.3608,3.3608,3.3608,3.3608,3.3608,3.3608,3.3608,3.3608
1.0873,1.0779,1.1056,1.1839,1.2692,1.3742,1.4792,1.5865,1.6939,1.8015,1.9091,1.2405,2.0854,2.0855,2.0038,1.9128,1.8054,1.6977,1.588,1.4784,1.3685,1.2586,1.1486,1.0387,0.9288,0.8188
2.5959,2.6028,2.5822,2.5238,2.46,2.3817,2.3033,2.2231,2.1429,2.0626,1.9823,1.9129,1.8507,1.8505,1.9116,1.9795,2.0597,2.1401,2.222,2.3039,2.3859,2.468,2.5501,2.6321,2.7142,2.7963
1.115,1.1054,1.1337,1.214,1.3015,1.4091,1.5168,1.6269,1.737,1.8473,1.9577,2.053,2.1385,2.1386,1.1011,1.9224,1.8514,1.7409,1.6284,1.516,1.4033,1.2906,1.1779,1.0651,0.9524,0.8397
3.3886,3.3886,3.3886,3.3886,3.3886,3.3886,3.3886,3.3886,3.3886,3.3886,3.3886,3.3886,3.3886,3.3886,3.3886,3.3886,3.3886,3.3886,3.3886,3.3886,3.3886,3.3886,3.3886,3.3886,3.3886,3.3886
3.3956,3.3956,3.3956,3.3956,3.3956,3.3956,3.3956,3.3956,3.3956,3.3217,3.1923,3.0806,2.9804,2.9802,3.0785,1.6784,2.3935,3.1086,3.3956,3.3956,3.3956,3.3956,3.3956,3.3956,3.3956,3.3956
0.8204,0.8133,0.8341,0.8932,0.9576,1.0368,1.116,1.1971,1.2781,1.3592,1.4404,1.5106,1.5734,1.5735,1.5119,1.4432,1.3622,1.2809,1.1982,1.1154,1.0325,0.9496,0.8666,0.7837,0.7008,0.6178
3.0957,3.1041,3.0795,3.0098,2.9337,2.8403,2.7468,2.6512,2.5556,2.4598,2.364,1.4974,2.207,2.2069,2.2797,2.3607,2.4563,2.5522,2.6499,2.7475,2.8454,2.9432,3.0411,3.139,3.2369,3.3348
3.2919,3.2636,3.3472,3.4169,3.4169,3.4169,3.4169,3.4169,3.4169,3.4169,3.4169,3.4169,3.4169,3.4169,3.4169,1.3565,1.9344,2.5123,3.0899,3.4169,3.4169,3.4169,3.4169,3.1448,2.8119,2.4791
1.7068,1.6922,1.7355,1.8584,1.9925,2.1571,2.322,2.4906,2.6591,2.2049,1.5692,0.932,3.2737,3.2739,3.1456,3.0028,2.8342,2.6651,2.4929,2.3207,2.1482,1.9757,1.8031,1.6306,1.458,1.2854
2.7362,2.7436,2.7218,2.6602,2.593,2.5104,2.4278,2.3433,2.2588,2.1741,2.0894,2.0163,1.9507,0.7533,2.0149,2.0865,2.171,2.2558,2.3421,2.4284,2.5149,2.6014,2.6879,2.7744,2.8609,2.9475
0.8788,0.8713,0.8936,0.9569,1.0259,1.1107,1.1956,1.2823,1.3691,1.4561,1.5431,1.6182,1.6855,0.4818,1.6196,1.5461,1.4593,1.3722,1.2835,1.1949,1.1061,1.0172,0.9284,0.8395,0.7507,0.6618
3.4456,3.4456,3.4456,3.4456,3.4456,3.4456,3.4456,3.3522,2.7392,2.2425,3.4456,3.4456,3.4456,3.4456,3.4456,3.4456,3.4456,3.4456,3.4456,3.4456,3.4456,3.4456,3.4456,3.4456,3.4456,3.4456
3.4529,3.4529,3.4529,3.4529,3.4529,3.4529,3.4529,3.4529,3.4529,3.4529,3.4529,3.4529,3.4529,3.4529,3.4529,3.4529,3.4529,3.4529,3.4529,3.4529,3.4529,3.4529,3.4529,3.4529,3.4529,3.4529
0.924,0.9161,0.9395,1.0061,1.0786,1.1678,1.257,1.3483,1.4395,1.531,1.6224,1.674,0.5275,1.7723,1.7029,1.6256,1.5343,1.4427,1.3495,1.2563,1.163,1.0696,0.9761,0.8827,0.7893,0.6959
2.6461,2.6532,2.6322,2.5726,2.5076,2.4278,2.3478,2.2661,2.1844,2.1025,2.0206,1.9499,1.1271,1.8863,1.9485,2.0178,2.0995,2.1815,2.265,2.3485,2.4321,2.5157,2.5994,2.6831,2.7667,2.8504
1.4292,1.4169,1.4532,1.5562,1.6684,1.8063,1.9443,2.0855,2.2266,2.368,2.5095,2.6317,2.7412,2.7414,0.9073,1.584,2.2589,2.2316,2.0874,1.9433,1.7988,1.6543,1.5099,1.3654,1.2208,1.0763
3.4823,3.4823,3.4823,3.4823,3.4823,3.4823,3.4823,3.0791,2.516,1.953,3.4823,3.4823,3.4823,3.4823,3.4823,3.4823,3.4823,3.4823,3.4823,3.4823,3.4823,3.4823,3.4823,3.4823,3.4823,3.4823
3.3231,3.3321,3.3057,3.2308,3.1492,3.049,2.9486,2.846,2.7433,2.6405,2.5376,2.4488,2.3692,2.369,1.1822,2.064,2.6367,2.7397,2.8445,2.9494,3.0544,3.1594,3.2645,3.3696,3.4747,3.4897
0.805,0.7981,0.8185,0.8765,0.9397,1.0174,1.0951,1.1746,1.2541,1.3338,1.4134,1.4822,1.5439,1.544,1.4836,1.4162,1.3367,1.2569,1.1757,1.0945,1.0132,0.9318,0.8504,0.769,0.6876,0.6062
3.5046,3.5046,3.5046,3.5046,3.4843,3.3733,3.2623,3.1487,3.0352,2.697,1.9195,1.14,2.6212,2.6211,2.7075,2.8037,2.9173,3.0312,3.1472,3.2632,3.3794,3.4956,3.5046,3.5046,3.5046,3.5046
3.5121,3.5121,3.5121,3.5121,3.5121,3.5121,3.5121,3.5121,3.5121,3.5121,3.5121,3.5121,3.5121,3.5121,3.5121,3.5121,3.5121,3.5121,2.9745,3.5121,3.5121,3.5121,3.5121,3.5121,3.5121,3.5121
1.2313,1.2207,1.2519,1.3406,1.4373,1.5561,1.6751,1.7966,1.9182,2.0401,1.8086,1.0741,2.3615,2.3617,2.2692,2.1661,2.0445,1.9225,1.7983,1.6741,1.5497,1.4252,1.3007,1.1762,1.0518,0.9273
2.5827,2.5896,2.5691,2.511,2.4475,2.3696,2.2916,2.2118,2.1321,2.0522,1.9722,1.9032,1.8413,1.5862,1.9019,1.9695,2.0492,2.1293,2.2107,2.2922,2.3738,2.4555,2.5371,2.6188,2.7005,2.7821
0.9864,0.9779,1.0029,1.074,1.1514,1.2466,1.3419,1.4393,1.5367,1.6343,1.7319,1.8162,1.8918,0.5118,1.2804,1.7353,1.6378,1.5401,1.4406,1.3411,1.2414,1.1417,1.042,0.9423,0.8426,0.7428
3.5425,3.5425,3.5425,3.5425,3.5425,3.5425,3.5425,3.5425,3.5425,3.5425,3.5425,3.5425,3.5425,3.5425,3.5425,3.5425,3.5425,3.5425,3.5425,3.5425,3.5425,3.5425,3.5425,3.5425,3.5425,3.5425
3.5502,3.5502,3.5502,3.5502,3.5502,3.5502,3.5502,3.5502,3.5502,3.5502,3.5502,3.5502,3.5502,3.5502,3.5502,1.6326,2.1571,2.8015,3.4456,3.5502,3.5502,3.5502,3.5502,3.5502,3.5502,3.5502
0.8361,0.829,0.8502,0.9104,0.9761,1.0567,1.1375,1.2201,1.3027,1.3854,1.4682,1.5396,0.8823,1.6038,1.541,1.471,1.3884,1.3056,1.2212,1.1369,1.0524,0.9679,0.8833,0.7988,0.7142,0.6297
2.8361,2.8437,2.8212,2.7573,2.6877,2.6021,2.5164,2.4288,2.3413,2.2535,2.1657,1.8779,0.7809,2.0218,2.0885,2.1627,2.2503,2.3382,2.4276,2.5171,2.6067,2.6964,2.7861,2.8757,2.9654,3.0551
2.1442,2.1257,2.1802,2.3346,2.503,2.7098,2.917,3.1287,3.3404,3.5526,3.5734,3.5734,3.5734,3.5734,3.5734,1.4003,1.9968,2.5934,3.1316,2.9153,2.6986,2.4819,2.2651,2.0483,1.8316,1.6148
2.2699,2.2504,2.308,2.4715,2.6497,2.8687,3.088,3.2324,2.6413,2.0502,1.4591,3.5812,3.5812,3.5812,3.5812,3.5812,3.5812,3.5442,3.3152,3.0863,2.8569,2.6274,2.3979,2.1685,1.9389,1.7094
2.8629,2.8706,2.8478,2.7834,2.7131,2.6267,2.5402,2.4518,2.3634,2.2748,2.1862,2.1096,2.041,2.0409,1.643,2.1831,2.2715,2.3602,2.4506,2.5409,2.6313,2.7218,2.8124,2.9029,2.9934,3.0839
0.8285,0.8213,0.8424,0.902,0.9671,1.047,1.1271,1.2089,1.2907,1.3726,1.4546,1.5255,1.589,0.6995,1.5268,1.4575,1.3756,1.2936,1.21,1.1264,1.0427,0.959,0.8752,0.7914,0.7077,0.6239
3.6048,3.6048,3.6048,3.6048,3.6048,3.6048,3.6048,3.5587,2.9079,2.2572,1.6064,3.5545,3.4389,3.4387,3.5521,3.6048,3.6048,3.6048,3.6048,3.6048,3.6048,3.6048,3.6048,3.6048,3.6048,3.6048
3.6128,3.6128,3.6128,3.6128,3.6128,3.6128,3.6128,3.6128,3.6128,3.6128,3.6128,3.6128,3.6128,3.6128,3.6128,3.6128,3.6128,3.6128,3.6128,3.6128,3.6128,3.6128,3.6128,3.6128,3.6128,3.6128
0.9967,0.9881,1.0134,1.0852,1.1635,1.2596,1.3559,1.4543,1.5528,1.6514,1.75,1.3463,0.517,1.9118,1.8368,1.7534,1.655,1.5562,1.4557,1.3552,1.2544,1.1537,1.0529,0.9521,0.8514,0.7506
2.5582,2.5651,2.5448,2.4872,2.4243,2.3471,2.2699,2.1909,2.1119,2.0327,1.9535,1.8851,1.8238,1.8237,1.8838,1.9508,2.0298,2.1091,2.1898,2.2705,2.3513,2.4322,2.5131,2.594,2.6748,2.7557
1.1905,1.1803,1.2105,1.2963,1.3898,1.5046,1.6196,1.7372,1.8548,1.9726,2.0904,2.1922,2.2834,2.2836,0.9964,1.7395,1.9769,1.8589,1.7388,1.6187,1.4984,1.3781,1.2577,1.1373,1.017,0.8966
3.6449,3.6449,3.6449,3.6449,3.6449,3.6449,3.5637,3.6449,3.6449,3.6449,3.6449,3.6449,3.6449,3.6449,3.6449,3.6449,3.6449,3.6449,3.6449,3.6449,3.6449,3.6449,3.6449,3.6449,3.6449,3.6449
3.6531,3.6531,3.6531,3.6215,3.53,3.4176,3.3051,3.1901,3.075,2.9598,2.8445,2.7449,2.6556,2.6555,1.1131,1.7681,2.5214,3.071,3.1885,3.306,3.4237,3.5415,3.6531,3.6531,3.6531,3.6531
0.797,0.7901,0.8104,0.8678,0.9304,1.0073,1.0843,1.163,1.2417,1.3205,1.3994,1.4675,1.5286,1.5287,1.4688,1.4021,1.3234,1.2444,1.164,1.0837,1.0031,0.9225,0.842,0.7614,0.6808,0.6002
3.2235,3.2321,3.2066,3.1339,3.0548,2.9575,2.8601,2.7606,2.6611,2.5613,2.2044,1.3092,2.2981,2.298,2.3737,2.4581,2.5577,2.6575,2.7592,2.8609,2.9628,3.0647,3.1666,3.2685,3.3705,3.4724
3.6777,3.6777,3.6777,3.6777,3.6777,3.6777,3.6777,3.6777,3.6777,3.6777,3.6777,3.6777,3.6777,3.6777,3.6777,3.6777,1.8656,2.4229,2.98,3.5372,3.6777,3.6777,3.6777,3.6777,3.6777,3.6264
1.4564,1.4439,1.4809,1.5858,1.7001,1.8407,1.9814,2.1252,2.269,2.2725,1.6173,0.9605,2.7934,2.7936,2.6841,2.5622,2.4184,2.2741,2.1272,1.9802,1.8331,1.6858,1.5386,1.3913,1.2441,1.0968
2.6189,2.626,2.6052,2.5462,2.4819,2.4028,2.3237,2.2428,2.162,2.0809,1.9999,1.9299,1.8671,0.7458,1.9285,1.9971,2.078,2.1591,2.2417,2.3243,2.4071,2.4899,2.5727,2.6555,2.7383,2.8211
0.8975,0.8898,0.9125,0.9772,1.0476,1.1342,1.2209,1.3096,1.3982,1.487,1.5758,1.6525,1.7213,0.4657,1.5724,1.5789,1.4902,1.4013,1.3108,1.2203,1.1296,1.0388,0.9481,0.8574,0.7666,0.6759
3.711,3.711,3.711,3.711,3.711,3.711,3.711,3.1829,3.711,3.711,3.711,3.711,3.711,3.711,3.711,3.711,3.711,3.711,3.711,3.711,3.711,3.711,3.711,3.711,3.711,3.711
3.7194,3.7194,3.7194,3.7194,3.7194,3.7194,3.7194,3.7194,3.7194,3.7194,3.7194,3.7194,3.7194,3.7194,3.7194,3.7194,3.7194,2.5889,3.1842,3.7194,3.7194,3.7194,3.7194,3.7194,3.7194,3.7194
0.8698,0.8623,0.8844,0.9471,1.0154,1.0993,1.1833,1.2692,1.3551,1.4411,1.5272,1.6016,0.6098,1.6684,1.603,1.5302,1.4443,1.3581,1.2704,1.1826,1.0947,1.0068,0.9189,0.8309,0.743,0.655
2.6584,2.6656,2.6445,2.5846,2.5193,2.4391,2.3588,2.2767,2.1946,2.1123,2.03,1.959,0.8208,1.8951,1.9576,2.0272,2.1093,2.1917,2.2756,2.3594,2.4434,2.5275,2.6115,2.6956,2.7796,2.8637
1.6028,1.589,1.6297,1.7451,1.871,2.0256,2.1805,2.3387,2.497,2.6556,2.8143,2.9513,3.0741,3.0743,0.8461,1.4771,2.1065,2.5026,2.3409,2.1793,2.0173,1.8553,1.6932,1.5312,1.3691,1.2071
3.5275,3.4971,3.5867,3.7535,3.7535,3.7535,3.6318,3.0703,2.5088,1.9474,1.386,3.7535,3.7535,3.7535,3.7535,3.7535,3.7535,3.7535,3.7535,3.7535,3.7535,3.7535,3.7265,3.3698,3.0132,2.6565
3.0663,3.0746,3.0502,2.9812,2.9059,2.8133,2.7207,2.626,2.5313,2.4364,2.3415,2.2596,2.1861,2.1859,1.296,2.2626,2.433,2.528,2.6247,2.7214,2.8183,2.9153,3.0122,3.1092,3.2061,3.3031
0.7969,0.79,0.8103,0.8676,0.9302,1.0071,1.0841,1.1628,1.2415,1.3203,1.3992,1.4673,1.5284,1.3482,1.4686,1.4019,1.3232,1.2442,1.1639,1.0835,1.0029,0.9224,0.8418,0.7613,0.6807,0.6001
3.7795,3.7795,3.7795,3.7795,3.7518,3.6323,3.5127,3.3905,3.1676,2.4588,1.7499,2.9173,2.8224,2.8223,2.9153,3.0189,3.1412,3.2639,3.3888,3.5137,3.6388,3.7639,3.7795,3.7795,3.7795,3.7795
3.7882,3.7882,3.7882,3.7882,3.7882,3.7882,3.7882,3.7882,3.7882,3.7882,3.7882,3.7882,3.7882,3.7882,3.7882,3.7882,3.7882,3.7882,3.7882,3.7882,3.7882,3.7882,3.7882,3.7882,3.7882,3.7882
1.1067,1.0972,1.1253,1.205,1.2919,1.3987,1.5056,1.6149,1.7242,1.8337,1.919,1.1397,2.1227,2.1228,2.0396,1.947,1.8377,1.7281,1.6164,1.5048,1.3929,1.2811,1.1692,1.0573,0.9454,0.8335
2.5204,2.5272,2.5072,2.4504,2.3885,2.3125,2.2363,2.1585,2.0807,2.0027,1.9246,1.8573,1.7969,1.7968,1.856,1.922,1.9998,2.0779,2.1574,2.2369,2.3166,2.3963,2.4759,2.5556,2.6353,2.715
1.0336,1.0247,1.051,1.1254,1.2066,1.3063,1.4062,1.5082,1.6103,1.7126,1.8149,1.9032,1.9825,1.9826,1.1313,1.8184,1.7163,1.6139,1.5096,1.4054,1.3009,1.1964,1.0919,0.9874,0.8829,0.7784
3.8236,3.8236,3.8236,3.8236,3.8236,3.8236,3.8236,3.8236,3.8236,3.8236,3.8236,3.8236,3.8236,3.8236,3.8236,3.8236,3.8236,3.8236,3.8236,3.8236,3.8236,3.8236,3.8236,3.8236,3.8236,3.8236
3.8325,3.8325,3.8325,3.8325,3.8325,3.8325,3.8325,3.7206,3.5864,3.452,3.3175,3.2014,3.0973,3.0971,3.1992,1.568,2.2361,2.9041,3.5718,3.8325,3.8325,3.8325,3.8325,3.8325,3.8325,3.8325
0.8041,0.7972,0.8176,0.8755,0.9386,1.0162,1.0939,1.1733,1.2527,1.3323,1.4118,1.4806,1.1967,1.5423,1.4819,1.4146,1.3352,1.2555,1.1744,1.0933,1.012,0.9307,0.8494,0.7682,0.6869,0.6056
2.9117,2.9195,2.8964,2.8308,2.7593,2.6715,2.5835,2.4936,2.4037,2.3136,2.2235,1.5787,2.0758,2.0757,2.1441,2.2204,2.3103,2.4005,2.4924,2.5842,2.6762,2.7683,2.8603,2.9524,3.0445,3.1365
2.6632,2.6403,2.7079,2.8997,3.1089,3.3658,3.6231,3.8596,3.8596,3.8596,3.8596,3.8596,3.8596,3.8596,3.8596,1.3361,1.9053,2.4745,3.0435,3.6125,3.3519,3.0827,2.8135,2.5442,2.2749,2.0057
1.834,1.8182,1.8648,1.9968,2.1409,2.3178,2.495,2.6761,2.688,2.0865,1.4849,0.8819,3.5175,3.5177,3.3799,3.2264,3.0453,2.8636,2.6786,2.4936,2.3082,2.1228,1.9374,1.752,1.5666,1.3812
2.709,2.7163,2.6948,2.6338,2.5673,2.4855,2.4037,2.32,2.2364,2.1525,2.0687,1.9963,1.9313,0.7458,1.9363,2.0658,2.1495,2.2334,2.3189,2.4043,2.49,2.5756,2.6612,2.7469,2.8325,2.9182
0.8363,0.8291,0.8503,0.9105,0.9762,1.0569,1.1377,1.2203,1.3028,1.3856,1.4684,1.5399,1.6039,0.5318,1.5412,1.4712,1.3886,1.3058,1.2214,1.137,1.0525,0.968,0.8835,0.7989,0.7143,0.6298
3.8963,3.8963,3.8963,3.8963,3.8963,3.8963,3.8963,3.3372,2.727,2.1167,3.8963,3.8963,3.8963,3.8963,3.8963,3.8963,3.8963,3.8963,3.8963,3.8963,3.8963,3.8963,3.8963,3.8963,3.8963,3.8963
3.9056,3.9056,3.9056,3.9056,3.9056,3.9056,3.9056,3.9056,3.9056,3.9056,3.9056,3.9056,3.9056,3.9056,3.9056,3.9056,3.9056,3.9056,3.9056,3.9056,3.9056,3.9056,3.9056,3.9056,3.9056,3.9056
0.9254,0.9174,0.9409,1.0076,1.0802,1.1695,1.2589,1.3503,1.4417,1.5332,1.6248,1.4923,0.48,1.775,1.7054,1.628,1.5366,1.4449,1.3515,1.2582,1.1647,1.0711,0.9776,0.884,0.7905,0.6969
2.5437,2.5506,2.5304,2.4731,2.4106,2.3339,2.257,2.1785,2.0999,2.0212,1.9425,1.8745,1.4015,1.8134,1.8732,1.9398,2.0183,2.0971,2.1774,2.2576,2.338,2.4184,2.4989,2.5793,2.6597,2.7401
1.2936,1.2824,1.3153,1.4085,1.51,1.6348,1.7598,1.8875,2.0153,2.1433,2.2713,2.3819,2.481,2.4812,0.9147,1.5969,2.1479,2.0198,1.8893,1.7588,1.6281,1.4973,1.3665,1.2358,1.105,0.9742
3.9432,3.9432,3.9432,3.9432,3.9432,3.9432,3.5181,2.9742,2.4303,3.9432,3.9432,3.9432,3.9432,3.9432,3.9432,3.9432,3.9432,3.9432,3.9432,3.9432,3.9432,3.9432,3.9432,3.9432,3.9432,3.9432
3.3752,3.3842,3.3574,3.2814,3.1985,3.0967,2.9947,2.8905,2.7863,2.6818,2.5774,2.4871,2.4062,2.4061,1.0828,1.8905,2.678,2.7826,2.8891,2.9955,3.1022,3.2089,3.3156,3.4223,3.5291,3.6358
0.7812,0.7745,0.7943,0.8506,0.9119,0.9873,1.0628,1.1399,1.2171,1.2944,1.3717,1.4385,1.4984,1.4985,1.4397,1.3744,1.2972,1.2198,1.141,1.0622,0.9832,0.9043,0.8253,0.7463,0.6673,0.5883
3.4006,3.4097,3.3827,3.3061,3.2226,3.12,3.0173,2.9123,2.8072,2.702,1.9665,1.1679,2.4243,2.4242,2.5041,2.5931,2.6982,2.8035,2.9108,3.0181,3.1256,3.2331,3.3406,3.4481,3.5556,3.6631
3.9815,3.9815,3.9815,3.9815,3.9815,3.9815,3.9815,3.9815,3.9815,3.9815,3.9815,3.9815,3.9815,3.9815,3.9815,3.9815,3.9815,2.3579,2.9001,3.4423,3.9815,3.9815,3.9815,3.9815,3.9815,3.9815
1.2745,1.2635,1.2959,1.3877,1.4878,1.6108,1.7339,1.8597,1.9856,2.1117,1.6866,1.0017,2.4445,2.4446,2.3489,2.2422,2.1163,1.99,1.8615,1.7329,1.6041,1.4753,1.3464,1.2176,1.0887,0.9598
2.53,2.5368,2.5168,2.4598,2.3976,2.3213,2.2449,2.1667,2.0886,2.0103,1.932,1.8644,1.8037,1.0828,1.8631,1.9293,2.0075,2.0858,2.1657,2.2455,2.3254,2.4054,2.4854,2.5654,2.6454,2.7254
0.9264,0.9185,0.942,1.0087,1.0815,1.1709,1.2603,1.3518,1.4433,1.535,1.6267,1.7059,1.7769,0.4807,1.3424,1.6298,1.5383,1.4465,1.3531,1.2596,1.166,1.0724,0.9787,0.885,0.7914,0.6977
4.0206,4.0206,4.0206,4.0206,4.0206,4.0206,4.0206,4.0206,4.0206,4.0206,4.0206,4.0206,4.0206,4.0206,4.0206,4.0206,4.0206,4.0206,4.0206,4.0206,4.0206,4.0206,4.0206,4.0206,4.0206,4.0206
4.0305,4.0305,4.0305,4.0305,4.0305,4.0305,4.0305,4.0305,4.0305,4.0305,4.0305,3.9459,3.8175,3.8173,3.9432,4.0305,2.039,2.6481,3.257,3.8659,4.0305,4.0305,4.0305,4.0305,4.0305,4.0305
0.8272,0.8201,0.8411,0.9007,0.9656,1.0454,1.1253,1.207,1.2887,1.3706,1.4524,1.5232,0.7353,1.5867,1.5245,1.4553,1.3736,1.2916,1.2082,1.1247,1.0411,0.9575,0.8739,0.7902,0.7066,0.623
2.6964,2.7036,2.6822,2.6215,2.5553,2.4739,2.3925,2.3092,2.2259,2.1425,2.059,1.9869,0.7424,1.9222,1.9856,2.0562,2.1394,2.223,2.308,2.3931,2.4783,2.5636,2.6488,2.7341,2.8193,2.9046
1.8529,1.8369,1.884,2.0174,2.1629,2.3417,2.5207,2.7037,2.8866,3.07,3.2534,3.4118,3.5538,3.554,0.8222,1.3927,1.986,2.5793,2.7062,2.5193,2.332,2.1447,1.9574,1.7701,1.5827,1.3954
2.5594,2.5374,2.6024,2.7868,2.9877,3.2347,3.4819,3.0897,2.5247,1.9597,1.3947,4.0706,4.0706,4.0706,4.0706,4.0706,4.0706,3.9963,3.7382,3.48,3.2213,2.9626,2.7039,2.4451,2.1863,1.9275
2.8636,2.8713,2.8486,2.7841,2.7138,2.6274,2.5409,2.4524,2.364,2.2754,2.1867,2.1102,2.0416,2.0414,1.4543,2.1837,2.2721,2.3609,2.4512,2.5415,2.6321,2.7226,2.8131,2.9037,2.9942,3.0847
0.7959,0.7891,0.8093,0.8666,0.9291,1.0059,1.0828,1.1614,1.2399,1.3187,1.3975,1.4655,1.5265,0.8345,1.4668,1.4002,1.3216,1.2427,1.1624,1.0822,1.0017,0.9213,0.8408,0.7603,0.6799,0.5994
4.1011,4.1011,4.1011,4.1011,4.1011,3.9856,3.8544,3.582,2.927,2.272,1.617,3.2011,3.097,3.0968,3.1989,3.3126,3.4468,3.5814,3.7184,3.8554,3.9927,4.1011,4.1011,4.1011,4.1011,4.1011
4.1114,4.1114,4.1114,4.1114,4.1114,4.1114,4.1114,4.1114,4.1114,4.1114,4.1114,4.1114,4.1114,4.1114,4.1114,4.1114,4.1114,4.1114,4.1114,4.1114,4.1114,4.1114,4.1114,4.1114,4.1114,4.1114
1.0103,1.0016,1.0272,1.1,1.1793,1.2768,1.3744,1.4742,1.5739,1.6739,1.7739,1.2286,0.5241,1.9378,1.8619,1.7773,1.6775,1.5775,1.4755,1.3736,1.2715,1.1694,1.0673,0.9651,0.863,0.7608
2.4813,2.488,2.4683,2.4124,2.3514,2.2766,2.2016,2.125,2.0484,1.9716,1.8948,1.8284,1.769,1.7689,1.8272,1.8921,1.9688,2.0457,2.1239,2.2022,2.2806,2.3591,2.4375,2.516,2.5944,2.6729
1.0981,1.0887,1.1166,1.1957,1.2819,1.3878,1.4939,1.6024,1.7108,1.8194,1.9281,2.022,2.1062,2.1063,1.0181,1.7774,1.8234,1.7146,1.6039,1.4931,1.3821,1.2711,1.1601,1.0491,0.938,0.827
4.1531,4.1531,4.1531,4.1531,4.1531,4.1531,4.1531,4.1531,4.1531,4.1531,4.1531,4.1531,4.1531,4.1531,4.1531,4.1531,4.1531,4.1531,4.1531,4.1531,4.1531,4.1531,4.1531,4.1531,4.1531,4.1531
3.8423,3.8527,3.8222,3.7356,3.6413,3.5253,3.4092,3.2906,3.1719,3.053,2.9341,2.8314,2.7393,2.7391,2.8294,1.6454,2.3464,3.0474,3.289,3.4102,3.5316,3.6531,3.7745,3.896,4.0175,4.139
0.7803,0.7736,0.7934,0.8496,0.9108,0.9861,1.0615,1.1386,1.2156,1.2928,1.3701,1.4367,1.4966,1.4967,1.438,1.3727,1.2956,1.2183,1.1396,1.0609,0.9821,0.9032,0.8243,0.7454,0.6665,0.5876
3.0227,3.0308,3.0068,2.9387,2.8645,2.7733,2.682,2.5886,2.4953,2.4018,2.3001,1.3661,2.1549,2.1548,2.2259,2.305,2.3983,2.492,2.5873,2.6827,2.7782,2.8738,2.9693,3.0649,3.1605,3.2561
3.5961,3.5652,3.6565,3.9155,4.1956,4.1956,4.1956,4.1956,4.1956,4.1956,4.1956,4.1956,4.1956,4.1956,4.1956,1.2947,1.8351,2.3834,2.9314,3.4795,4.0275,4.1625,3.799,3.4354,3.0718,2.7082
1.5419,1.5287,1.5678,1.6789,1.7999,1.9487,2.0977,2.2499,2.4022,2.1453,1.5268,0.9068,2.9574,2.9576,2.8417,2.7126,2.5603,2.4076,2.252,2.0965,1.9407,1.7848,1.6289,1.473,1.3171,1.1612
2.5889,2.5958,2.5753,2.517,2.4534,2.3753,2.2971,2.2171,2.1372,2.0571,1.9769,1.9077,1.8457,0.7127,1.9064,1.9742,2.0541,2.1343,2.216,2.2977,2.3795,2.4613,2.5432,2.625,2.7069,2.7888
0.8523,0.845,0.8667,0.9281,0.995,1.0772,1.1596,1.2437,1.3279,1.4122,1.4966,1.5695,1.6348,0.4423,1.5708,1.4995,1.4153,1.3309,1.2449,1.1589,1.0728,0.9866,0.9004,0.8143,0.7281,0.6419
4.2391,4.2391,4.2391,4.2391,4.2391,4.2391,3.741,3.1626,2.5843,4.2391,4.2391,4.2391,4.2391,4.2391,4.2391,4.2391,4.2391,4.2391,4.2391,4.2391,4.2391,4.2391,4.2391,4.2391,4.2391,4.2391
4.2501,4.2501,4.2501,4.2501,4.2501,4.2501,4.2501,4.2501,4.2501,4.2501,4.2501,4.2501,4.2501,4.2501,4.2501,4.2501,4.2501,4.2501,3.0409,3.6094,4.1779,4.2501,4.2501,4.2501,4.2501,4.2501
0.869,0.8616,0.8836,0.9462,1.0144,1.0983,1.1822,1.2681,1.3539,1.4399,1.5259,1.6002,0.5351,1.6669,1.6016,1.5288,1.443,1.3569,1.2692,1.1816,1.0938,1.0059,0.9181,0.8302,0.7423,0.6545
2.552,2.5589,2.5386,2.4811,2.4185,2.3415,2.2644,2.1855,2.1067,2.0278,1.9488,1.8806,0.9511,1.8193,1.8793,1.9461,2.0249,2.104,2.1845,2.265,2.3456,2.4263,2.507,2.5877,2.6684,2.7491
1.4348,1.4225,1.4589,1.5623,1.675,1.8134,1.952,2.0937,2.2354,2.3773,2.5194,2.642,2.752,2.7522,0.8504,1.4846,2.1172,2.2404,2.0956,1.9509,1.8059,1.6609,1.5158,1.3707,1.2257,1.0806
4.2946,4.2946,4.2946,4.2946,4.2946,4.0455,3.5036,2.9619,2.4203,1.8787,4.2946,4.2946,4.2946,4.2946,4.2946,4.2946,4.2946,4.2946,4.2946,4.2946,4.2946,4.2946,4.2946,4.2303,3.7826,3.3349
3.1024,3.1108,3.0861,3.0162,2.9401,2.8464,2.7527,2.6569,2.5611,2.4651,2.3691,2.2861,2.2118,2.2117,1.1777,2.056,2.4616,2.5577,2.6556,2.7535,2.8515,2.9496,3.0477,3.1458,3.2439,3.342
0.7724,0.7658,0.7854,0.841,0.9017,0.9762,1.0508,1.1271,1.2034,1.2798,1.3563,1.4223,1.4815,1.4816,1.4235,1.3589,1.2826,1.2061,1.1281,1.0502,0.9722,0.8941,0.816,0.7379,0.6598,0.5817
3.64,3.6498,3.6209,3.5389,3.4495,3.3397,3.2297,3.1173,3.0049,2.5064,1.7838,1.0895,2.595,2.5949,2.6804,2.7757,2.8881,3.0009,3.1157,3.2306,3.3456,3.4607,3.5758,3.6908,3.8059,3.921
4.3401,4.3401,4.3401,4.3401,4.3401,4.3401,4.3401,4.3401,4.3401,4.3401,4.3401,4.3401,4.3401,4.3401,4.3401,4.3401,4.3401,4.3401,4.3401,3.3793,3.9116,4.3401,4.3401,4.3401,4.3401,4.3401
1.1381,1.1283,1.1572,1.2391,1.3285,1.4383,1.5482,1.6606,1.773,1.8856,1.7815,1.058,2.1828,2.1829,2.0974,2.0021,1.8897,1.777,1.6622,1.5474,1.4323,1.3173,1.2023,1.0872,0.9721,0.8571
2.4659,2.4726,2.453,2.3974,2.3369,2.2625,2.188,2.1118,2.0357,1.9594,1.883,1.8171,1.758,1.7579,1.8159,1.8804,1.9566,2.033,2.1108,2.1886,2.2665,2.3445,2.4224,2.5004,2.5784,2.6563
0.9674,0.9591,0.9836,1.0533,1.1293,1.2226,1.3161,1.4116,1.5071,1.6028,1.6986,1.7813,1.8554,1.8556,1.1755,1.7019,1.6063,1.5105,1.4129,1.3153,1.2176,1.1198,1.022,0.9242,0.8263,0.7285
4.3866,4.3866,4.3866,4.3866,4.3866,4.3866,4.3866,4.3866,4.3866,4.3866,4.3866,4.3866,4.3866,4.3866,4.3866,4.3866,4.3866,4.3866,4.3866,4.3866,4.3866,4.3866,4.3866,4.3866,4.3866,4.3866
4.3984,4.3984,4.3984,4.3984,4.3337,4.1957,4.0575,3.9163,3.7751,3.6336,3.492,3.3698,3.2602,3.26,3.3675,1.4862,2.1077,2.7373,3.3667,3.9961,4.2032,4.3477,4.3984,4.3984,4.3984,4.3984
0.7942,0.7874,0.8076,0.8648,0.9271,1.0038,1.0805,1.1589,1.2373,1.3159,1.3945,1.4624,0.9444,1.5234,1.4637,1.3972,1.3188,1.2401,1.16,1.0799,0.9996,0.9193,0.839,0.7587,0.6784,0.5981
2.7619,2.7693,2.7474,2.6852,2.6174,2.534,2.4506,2.3653,2.28,2.1946,2.1091,1.6898,0.7605,1.9689,2.0338,2.1061,2.1914,2.277,2.3641,2.4513,2.5386,2.6259,2.7132,2.8005,2.8878,2.9752
2.2322,2.213,2.2697,2.4305,2.6058,2.8212,3.0368,3.2572,3.4776,3.6985,3.9195,4.1103,4.2814,4.2817,4.1139,1.3263,1.8914,2.4565,3.0213,3.0351,2.8095,2.5838,2.3582,2.1325,1.9068,1.6811
2.0089,1.9916,2.0426,2.1873,2.3451,2.5389,2.733,2.9313,2.5644,1.9905,1.4167,0.8881,3.853,3.8533,3.7023,3.5341,3.3357,3.1367,2.9341,2.7314,2.5284,2.3253,2.1222,1.9191,1.716,1.5129
2.7036,2.7109,2.6894,2.6285,2.5621,2.4805,2.3989,2.3154,2.2319,2.1482,2.0645,1.9923,1.9275,1.9273,1.6811,2.0617,2.1452,2.2289,2.3142,2.3995,2.485,2.5704,2.6559,2.7414,2.8269,2.9124
0.8021,0.7952,0.8156,0.8733,0.9363,1.0137,1.0912,1.1704,1.2496,1.3289,1.4083,1.4769,1.5384,0.603,1.4782,1.4111,1.3318,1.2524,1.1715,1.0906,1.0095,0.9284,0.8473,0.7662,0.6851,0.604
4.4826,4.4826,4.4826,4.4826,4.4826,4.4745,3.9622,3.3496,2.7371,2.1246,1.5901,3.5938,3.4769,3.4767,3.5913,3.7189,3.8696,4.0207,4.1745,4.3284,4.4825,4.4826,4.4826,4.4826,4.4826,4.4826
4.4949,4.4949,4.4949,4.4949,4.4949,4.4949,4.4949,4.4949,4.4949,4.4949,4.4949,4.4949,4.4949,4.4949,4.4949,4.4949,4.4949,4.4949,4.4949,4.4949,4.4949,4.4949,4.4949,4.4949,4.4949,4.4949
0.9347,0.9266,0.9504,1.0177,1.0911,1.1813,1.2715,1.3638,1.4561,1.5486,1.6411,1.3492,0.4849,1.7928,1.7225,1.6443,1.552,1.4594,1.3651,1.2708,1.1764,1.0819,0.9874,0.8929,0.7984,0.7039
2.4639,2.4705,2.451,2.3955,2.335,2.2606,2.1862,2.1101,2.034,1.9578,1.8815,1.8156,1.7566,1.7565,1.8144,1.8789,1.955,2.0313,2.109,2.1868,2.2646,2.3425,2.4204,2.4983,2.5762,2.6541
1.1849,1.1747,1.2048,1.2902,1.3832,1.4975,1.612,1.729,1.846,1.9633,2.0806,2.1818,2.2727,2.2728,0.9304,1.6243,1.9675,1.8501,1.7306,1.6111,1.4913,1.3716,1.2518,1.132,1.0122,0.8924
4.5448,4.5448,4.5448,4.5448,4.4828,3.9532,3.4237,2.8944,4.5448,4.5448,4.5448,4.5448,4.5448,4.5448,4.5448,4.5448,4.5448,4.5448,4.5448,4.5448,4.5448,4.5448,4.5448,4.5448,4.5448,4.5448
3.461,3.4703,3.4428,3.3649,3.2799,3.1755,3.0709,2.964,2.8572,2.7501,2.6429,2.5504,2.4674,2.4673,1.0342,1.75,2.4956,2.8534,2.9626,3.0717,3.1811,3.2905,3.4,3.5094,3.6188,3.7283
0.7638,0.7572,0.7766,0.8316,0.8916,0.9653,1.0391,1.1145,1.1899,1.2655,1.3411,1.4064,1.4649,1.465,1.4076,1.3437,1.2683,1.1926,1.1155,1.0385,0.9613,0.8841,0.8069,0.7297,0.6524,0.5752
3.1757,3.1842,3.159,3.0875,3.0095,2.9136,2.8177,2.7196,2.6216,2.5233,2.0358,1.2091,2.264,2.2639,2.3385,2.4216,2.5197,2.6181,2.7183,2.8185,2.9188,3.0192,3.1196,3.22,3.3204,3.4209
4.5958,4.5958,4.5958,4.5958,4.5958,4.5958,4.5958,4.5958,4.5958,4.5958,4.5958,4.5958,4.5958,4.5958,4.5958,4.5958,1.7834,2.3161,2.8487,3.3813,3.9138,4.4464,4.5958,4.5958,4.5958,4.297
1.3349,1.3234,1.3573,1.4534,1.5582,1.687,1.816,1.9478,2.0796,2.2117,1.587,0.9425,2.5602,2.5604,2.4601,2.3483,2.2165,2.0843,1.9496,1.815,1.6801,1.5451,1.4102,1.2752,1.1402,1.0053
2.497,2.5037,2.4839,2.4276,2.3663,2.291,2.2155,2.1384,2.0613,1.984,1.9068,1.84,1.7802,0.8166,1.8387,1.9041,1.9812,2.0586,2.1374,2.2161,2.295,2.374,2.4529,2.5319,2.6108,2.6898
0.8775,0.87,0.8923,0.9555,1.0244,1.109,1.1938,1.2805,1.3671,1.4539,1.5408,1.6158,1.6831,0.4553,1.4268,1.5438,1.4571,1.3702,1.2817,1.1931,1.1044,1.0157,0.927,0.8383,0.7496,0.6609
4.6479,4.6479,4.6479,4.6479,4.6479,4.1336,3.5984,4.6479,4.6479,4.6479,4.6479,4.6479,4.6479,4.6479,4.6479,4.6479,4.6479,4.6479,4.6479,4.6479,4.6479,4.6479,4.6479,4.6479,4.6479,4.6479
4.6612,4.6612,4.6612,4.6612,4.6612,4.6612,4.6612,4.6612,4.6612,4.6122,4.4325,4.2774,4.1383,4.138,4.2744,4.4264,4.6057,2.5233,3.1036,3.6838,4.264,4.6612,4.6612,4.6612,4.6612,4.6612
0.8246,0.8176,0.8385,0.8979,0.9626,1.0422,1.1219,1.2033,1.2847,1.3663,1.448,1.5184,0.6301,1.5818,1.5198,1.4508,1.3693,1.2876,1.2044,1.1212,1.0379,0.9545,0.8712,0.7878,0.7044,0.621
2.5835,2.5905,2.57,2.5118,2.4483,2.3704,2.2923,2.2126,2.1328,2.0528,1.9729,1.9038,0.7194,1.8418,1.9025,1.9701,2.0499,2.13,2.2115,2.293,2.3746,2.4563,2.538,2.6197,2.7013,2.783
1.6329,1.6188,1.6603,1.7779,1.9061,2.0637,2.2214,2.3826,2.5439,2.7054,2.8671,3.0066,3.1318,3.132,0.7996,1.396,1.9908,2.5496,2.3849,2.2202,2.0551,1.8901,1.725,1.5599,1.3948,1.2297
2.9838,2.9582,3.034,3.2489,3.4832,3.7711,3.5198,2.9757,2.4315,1.8874,1.3432,4.7148,4.7148,4.7148,4.7148,4.7148,4.7148,4.659,4.358,4.057,3.7555,3.4539,3.1522,2.8505,2.5488,2.2471
2.8878,2.8956,2.8726,2.8076,2.7367,2.6495,2.5623,2.4731,2.3839,2.2946,2.2052,2.128,2.0588,2.0587,1.307,2.2021,2.2913,2.3808,2.4719,2.563,2.6543,2.7455,2.8368,2.9282,3.0195,3.1108
0.7703,0.7637,0.7832,0.8387,0.8992,0.9735,1.0479,1.124,1.2001,1.2763,1.3525,1.4184,1.4774,1.0576,1.4196,1.3551,1.2791,1.2027,1.125,1.0473,0.9695,0.8916,0.8138,0.7359,0.658,0.5801
3.962,3.9726,3.9412,3.8519,3.7546,3.6351,3.5154,3.393,2.9714,2.3064,1.6415,2.9195,2.8246,2.8244,2.9175,3.0212,3.1436,3.2664,3.3914,3.5163,3.6416,3.7668,3.8921,4.0173,4.1426,4.2679
4.7697,4.7697,4.7697,4.7697,4.7697,4.7697,4.7697,4.7697,4.7697,4.7697,4.7697,4.7697,4.7697,4.7697,4.7697,4.7697,4.7697,4.7697,4.7697,4.7697,4.7697,4.7697,4.7697,4.7697,4.7697,4.7697
1.0334,1.0245,1.0507,1.1251,1.2063,1.306,1.4058,1.5078,1.6099,1.7121,1.8144,1.1336,1.982,1.9821,1.9044,1.8179,1.7159,1.6135,1.5093,1.405,1.3006,1.1961,1.0917,0.9872,0.8827,0.7782
2.4241,2.4306,2.4114,2.3568,2.2973,2.2241,2.1509,2.076,2.0012,1.9262,1.8511,1.7863,1.7282,1.7281,1.7851,1.8485,1.9234,1.9985,2.075,2.1515,2.2281,2.3047,2.3814,2.458,2.5346,2.6113
1.0229,1.0141,1.0401,1.1138,1.1941,1.2928,1.3916,1.4926,1.5936,1.6948,1.7961,1.8835,1.9619,1.962,1.0505,1.7995,1.6985,1.5972,1.494,1.3908,1.2874,1.184,1.0806,0.9772,0.8738,0.7703
4.8259,4.8259,4.8259,4.8259,4.8259,4.8259,4.8259,4.8259,4.8259,4.8259,4.8259,4.8259,4.8259,4.8259,4.8259,4.8259,4.8259,4.8259,4.8259,4.8259,4.8259,4.8259,4.8259,4.8259,4.8259,4.8259
4.0067,4.0175,3.9857,3.8954,3.7971,3.6762,3.5551,3.4314,3.3076,3.1837,3.0596,2.9525,2.8565,2.8563,2.9505,1.5451,2.2034,2.8616,3.4297,3.5561,3.6827,3.8094,3.936,4.0627,4.1894,4.3161
0.7694,0.7628,0.7824,0.8378,0.8982,0.9724,1.0468,1.1228,1.1987,1.2749,1.351,1.4168,1.3514,1.4759,1.418,1.3536,1.2776,1.2014,1.1238,1.0462,0.9684,0.8906,0.8129,0.7351,0.6573,0.5795
2.8584,2.8661,2.8434,2.7791,2.7089,2.6226,2.5363,2.448,2.3597,2.2713,2.1828,1.4433,2.0379,2.0377,2.1049,2.1797,2.268,2.3566,2.4468,2.5369,2.6273,2.7176,2.808,2.8984,2.9888,3.0792
2.8591,2.8345,2.9071,3.113,3.3375,3.6134,3.8896,4.1719,4.4542,4.7371,4.8835,4.8835,4.8835,4.8835,4.8835,1.2751,1.8184,2.3616,2.9047,3.4477,3.5984,3.3094,3.0204,2.7313,2.4422,2.1532
1.6571,1.6428,1.6849,1.8042,1.9343,2.0942,2.2543,2.4179,2.5816,2.0414,1.4529,0.8629,3.1782,3.1784,3.0539,2.9152,2.7515,2.5873,2.4202,2.253,2.0856,1.9181,1.7505,1.583,1.4155,1.2479
2.5781,2.5851,2.5646,2.5065,2.4432,2.3654,2.2875,2.2079,2.1283,2.0485,1.9687,1.8998,1.838,0.7098,1.8985,1.966,2.0456,2.1255,2.2068,2.2881,2.3696,2.4511,2.5326,2.6142,2.6957,2.7772
0.8157,0.8087,0.8294,0.8882,0.9523,1.031,1.1098,1.1903,1.2709,1.3516,1.4323,1.5021,1.5646,0.4724,1.5034,1.4351,1.3545,1.2737,1.1914,1.1091,1.0267,0.9442,0.8618,0.7793,0.6968,0.6143
4.9424,4.9424,4.9424,4.9424,4.9039,4.3246,3.7453,3.1663,2.5873,2.0123,4.3044,4.1537,4.0186,4.0184,4.1508,4.2984,4.4725,4.6471,4.825,4.9424,4.9424,4.9424,4.9424,4.9424,4.9424,4.9424
4.9573,4.9573,4.9573,4.9573,4.9573,4.9573,4.9573,4.9573,4.9573,4.9573,4.9573,4.9573,4.9573,4.9573,4.9573,4.9573,4.9573,4.9573,4.9573,4.9573,4.0198,4.5667,4.9573,4.9573,4.9573,4.9573
0.875,0.8675,0.8897,0.9528,1.0215,1.1059,1.1904,1.2768,1.3633,1.4498,1.5364,1.5152,0.4775,1.6784,1.6127,1.5394,1.453,1.3663,1.278,1.1898,1.1013,1.0129,0.9244,0.8359,0.7475,0.659
2.4677,2.4743,2.4547,2.3992,2.3386,2.2641,2.1896,2.1133,2.0371,1.9608,1.8844,1.8184,1.1515,1.7592,1.8172,1.8818,1.958,2.0345,2.1123,2.1901,2.2681,2.3461,2.4242,2.5022,2.5802,2.6582
1.302,1.2908,1.3239,1.4176,1.5199,1.6455,1.7713,1.8999,2.0284,2.1573,2.2861,2.3974,2.4972,2.4974,0.8617,1.5044,2.1453,2.033,1.9016,1.7703,1.6387,1.5071,1.3755,1.2438,1.1122,0.9805
5.0181,5.0181,5.0181,4.9853,4.4572,3.9307,3.4042,2.8779,2.3516,1.8253,5.0181,5.0181,5.0181,5.0181,5.0181,5.0181,5.0181,5.0181,5.0181,5.0181,5.0181,5.0181,5.0181,5.0181,5.0181,4.6018
3.166,3.1745,3.1494,3.0781,3.0003,2.9048,2.8091,2.7114,2.6136,2.5156,2.4176,2.333,2.2571,2.257,1.0825,1.8899,2.512,2.6101,2.71,2.8099,2.91,3.01,3.1101,3.2102,3.3103,3.4104
0.754,0.7475,0.7667,0.821,0.8802,0.9529,1.0258,1.1002,1.1747,1.2493,1.3239,1.3884,1.4462,1.4463,1.3896,1.3265,1.252,1.1773,1.1013,1.0252,0.949,0.8728,0.7966,0.7203,0.6441,0.5678
3.3808,3.3899,3.3631,3.2869,3.2039,3.1019,2.9997,2.8953,2.7909,2.5787,1.8353,1.09,2.4103,2.4101,2.4896,2.5781,2.6825,2.7873,2.8939,3.0006,3.1074,3.2143,3.3212,3.4281,3.535,3.6419
5.0803,5.0803,5.0803,5.0803,5.0803,5.0803,5.0803,5.0803,5.0803,5.0803,5.0803,5.0803,5.0803,5.0803,5.0803,5.0803,5.0803,5.0803,2.7921,3.3141,3.8361,4.358,4.88,5.0803,5.0803,5.0803
1.1822,1.172,1.202,1.2872,1.38,1.4941,1.6083,1.725,1.8417,1.9587,1.669,0.9913,2.2674,2.2675,2.1787,2.0797,1.963,1.8459,1.7266,1.6074,1.4879,1.3684,1.2489,1.1293,1.0098,0.8903
2.4296,2.4361,2.4169,2.3621,2.3025,2.2292,2.1558,2.0807,2.0057,1.9305,1.8553,1.7904,1.7321,1.2803,1.7891,1.8527,1.9278,2.003,2.0797,2.1563,2.2331,2.3099,2.3867,2.4636,2.5404,2.6172
0.9131,0.9053,0.9285,0.9942,1.0659,1.1541,1.2423,1.3324,1.4226,1.513,1.6033,1.6814,1.7514,0.4738,1.2356,1.6064,1.5163,1.4258,1.3337,1.2416,1.1493,1.057,0.9647,0.8723,0.78,0.6877
5.1441,5.1441,5.1441,5.1441,5.1441,5.1441,5.1441,5.1441,5.1441,5.1441,5.1441,5.1441,5.1441,5.1441,5.1441,5.1441,5.1441,5.1441,5.1441,5.1441,5.1441,5.1441,5.1441,5.1441,5.1441,5.1441
4.8787,4.8919,4.8531,4.7432,4.6234,4.4762,4.3288,4.1782,4.0275,3.8765,3.7255,3.5951,3.4782,3.478,3.5926,3.7203,2.0026,2.6009,3.199,3.797,4.395,4.6384,4.7927,4.9469,5.1012,5.1603
0.7901,0.7833,0.8034,0.8603,0.9223,0.9986,1.0749,1.1529,1.2309,1.3091,1.3873,1.4548,0.7786,1.5155,1.4561,1.39,1.312,1.2337,1.154,1.0743,0.9944,0.9146,0.8347,0.7548,0.6749,0.595
2.6399,2.647,2.6261,2.5666,2.5018,2.4221,2.3424,2.2608,2.1793,2.0976,2.0159,1.8392,0.7269,1.882,1.944,2.0131,2.0946,2.1764,2.2597,2.343,2.4264,2.5099,2.5934,2.6768,2.7603,2.8438
1.9216,1.9051,1.9539,2.0923,2.2432,2.4286,2.6142,2.804,2.9937,3.1839,3.3741,3.5383,3.6856,3.6859,0.8527,1.3263,1.8914,2.4564,2.8066,2.6127,2.4185,2.2243,2.03,1.8357,1.6415,1.4472
2.2504,2.231,2.2882,2.4502,2.627,2.8441,3.0615,3.0161,2.4646,1.913,1.3615,4.1437,4.3162,4.3165,4.1473,3.959,3.7367,3.5138,3.2868,3.0598,2.8323,2.6049,2.3773,2.1498,1.9223,1.6948
2.7184,2.7258,2.7042,2.6429,2.5762,2.4942,2.412,2.3281,2.2441,2.16,2.0759,2.0032,1.938,1.9379,1.4875,2.073,2.1569,2.2412,2.3269,2.4127,2.4986,2.5845,2.6705,2.7564,2.8424,2.9283
0.7748,0.7682,0.7878,0.8436,0.9045,0.9792,1.0541,1.1306,1.2071,1.2838,1.3605,1.4267,1.4861,0.7072,1.428,1.3631,1.2866,1.2098,1.1317,1.0535,0.9752,0.8969,0.8185,0.7402,0.6619,0.5835
4.3991,4.4109,4.376,4.2769,4.1689,4.0361,3.9033,3.3883,2.7687,2.1491,1.5295,3.2417,3.1362,3.136,3.2394,3.3546,3.4905,3.6268,3.7655,3.9043,4.0433,4.1824,4.3215,4.4606,4.5997,4.7388
5.2937,5.2937,5.2937,5.2937,5.2937,5.2937,5.2937,5.2937,5.2937,5.2937,5.2937,5.2937,5.2937,5.2937,5.2937,5.2937,5.2937,5.2937,5.2937,5.2937,5.2937,5.2937,5.2937,5.2937,5.2937,5.2937
0.9518,0.9436,0.9678,1.0363,1.1111,1.2029,1.2949,1.3888,1.4828,1.577,1.6712,1.2347,0.4937,1.8257,1.7541,1.6745,1.5805,1.4862,1.3901,1.2941,1.1979,1.1017,1.0055,0.9093,0.813,0.7168
2.4031,2.4096,2.3905,2.3364,2.2774,2.2048,2.1322,2.058,1.9838,1.9095,1.8351,1.7708,1.7132,1.7131,1.7696,1.8325,1.9067,1.9812,2.057,2.1328,2.2088,2.2847,2.3607,2.4367,2.5127,2.5887
1.0969,1.0875,1.1153,1.1943,1.2805,1.3863,1.4923,1.6006,1.7089,1.8174,1.926,2.0198,2.1038,2.104,0.9547,1.6667,1.8214,1.7127,1.6021,1.4914,1.3806,1.2697,1.1588,1.0479,0.937,0.8261
5.363,5.363,5.363,4.913,4.3925,3.8736,5.363,5.363,5.363,5.363,5.363,5.363,5.363,5.363,5.363,5.363,5.363,5.363,5.363,5.363,5.363,5.363,5.363,5.363,5.363,5.363
3.5829,3.5925,3.5641,3.4834,3.3954,3.2873,3.179,3.0684,2.9578,2.8469,2.736,2.6402,2.5543,2.5542,1.0706,1.6353,2.3321,2.9538,3.0669,3.1799,3.2931,3.4064,3.5197,3.633,3.7462,3.8595
0.7519,0.7454,0.7645,0.8187,0.8777,0.9502,1.0229,1.0971,1.1714,1.2458,1.3202,1.3845,1.4421,1.4422,1.3857,1.3227,1.2485,1.174,1.0982,1.0223,0.9463,0.8703,0.7943,0.7183,0.6423,0.5662
2.9914,2.9994,2.9756,2.9083,2.8348,2.7445,2.6542,2.5618,2.4694,2.3769,2.13,1.265,2.1326,2.1325,2.2028,2.2811,2.3735,2.4662,2.5605,2.6549,2.7494,2.844,2.9386,3.0332,3.1277,3.2223
4.0632,4.0283,4.1315,4.4241,4.7432,5.1352,5.4342,5.4342,5.4342,5.4342,5.4342,5.4342,5.4342,5.4342,5.4342,5.4342,1.7638,2.2907,2.8174,3.3441,3.8708,4.3975,4.2925,3.8817,3.4709,3.06
1.4153,1.4031,1.439,1.541,1.6521,1.7886,1.9254,2.0651,2.2049,2.1151,1.5053,0.894,2.7144,2.7146,2.6083,2.4898,2.35,2.2098,2.067,1.9243,1.7812,1.6382,1.4951,1.352,1.2089,1.0658
2.4815,2.4882,2.4684,2.4126,2.3516,2.2767,2.2018,2.1251,2.0485,1.9717,1.8949,1.8286,1.7691,0.6832,1.8273,1.8923,1.9689,2.0458,2.1241,2.2024,2.2808,2.3592,2.4377,2.5162,2.5946,2.6731
0.8376,0.8304,0.8516,0.912,0.9777,1.0585,1.1394,1.2222,1.3049,1.3877,1.4706,1.5422,1.6064,0.4346,1.5392,1.4735,1.3908,1.3078,1.2233,1.1388,1.0542,0.9695,0.8848,0.8001,0.7155,0.6308
5.5072,5.5072,5.5072,5.2364,4.6816,4.1286,3.5756,3.0228,5.5072,5.3845,5.1747,4.9936,4.8312,4.8309,4.9901,5.1675,5.3768,5.5072,5.5072,5.5072,5.5072,5.5072,5.5072,5.5072,5.5072,5.5072
5.5258,5.5258,5.5258,5.5258,5.5258,5.5258,5.5258,5.4927,5.2946,5.0962,4.8976,4.7262,4.5724,4.5722,4.7229,4.8908,5.0889,2.4812,2.9791,3.536,4.093,4.6499,5.2068,5.5258,5.5258,5.5258
0.8281,0.8209,0.842,0.9016,0.9666,1.0465,1.1265,1.2083,1.29,1.372,1.4539,1.5247,0.5518,1.5883,1.5261,1.4568,1.375,1.2929,1.2094,1.1259,1.0422,0.9585,0.8748,0.791,0.7073,0.6236
2.493,2.4997,2.4799,2.4238,2.3626,2.2873,2.212,2.135,2.0581,1.9809,1.9037,1.8371,0.8243,1.7772,1.8358,1.9011,1.9781,2.0553,2.134,2.2126,2.2914,2.3702,2.449,2.5279,2.6067,2.6855
1.4625,1.45,1.4871,1.5924,1.7073,1.8484,1.9897,2.1341,2.2785,2.4232,2.568,2.693,2.8051,2.8053,0.8076,1.4099,2.0106,2.2836,2.1361,1.9886,1.8408,1.6929,1.5451,1.3972,1.2493,1.1014
3.6393,3.6081,3.7005,3.9626,4.2483,3.9414,3.4135,2.8857,2.358,1.8303,1.3026,5.6014,5.6014,5.6014,5.6014,5.6014,5.6014,5.6014,5.3154,4.9483,4.5805,4.2126,3.8447,3.4767,3.1088,2.7408
2.935,2.9429,2.9196,2.8535,2.7814,2.6928,2.6042,2.5135,2.4229,2.3321,2.2412,2.1628,2.0924,2.0923,1.1901,2.0777,2.3288,2.4197,2.5123,2.6049,2.6976,2.7904,2.8832,2.976,3.0688,3.1616
0.7506,0.7441,0.7632,0.8173,0.8762,0.9486,1.0211,1.0953,1.1694,1.2436,1.3179,1.3821,1.4396,1.4397,1.3833,1.3205,1.2464,1.172,1.0963,1.0206,0.9447,0.8688,0.7929,0.7171,0.6412,0.5653
3.6537,3.6635,3.6345,3.5522,3.4625,3.3522,3.2419,3.129,3.0162,2.3608,1.6802,1.0936,2.6048,2.6047,2.6905,2.7862,2.899,3.0122,3.1275,3.2427,3.3582,3.4737,3.5892,3.7048,3.8203,3.9358
5.679,5.679,5.679,5.679,5.679,5.679,5.679,5.679,5.679,5.679,5.679,5.679,5.679,5.679,5.679,5.679,5.679,5.679,5.679,5.679,5.679,4.3073,4.8232,5.3391,5.679,5.679
1.0664,1.0573,1.0844,1.1612,1.2449,1.3478,1.4508,1.5561,1.6614,1.767,1.7784,1.0562,2.0454,2.0456,1.9654,1.8762,1.7708,1.6652,1.5576,1.45,1.3422,1.2344,1.1266,1.0188,0.911,0.8031
2.3842,2.3906,2.3716,2.3179,2.2594,2.1874,2.1154,2.0418,1.9682,1.8944,1.8206,1.7569,1.6997,1.6996,1.7557,1.8181,1.8917,1.9656,2.0408,2.116,2.1913,2.2667,2.3421,2.4175,2.4929,2.5682
0.9613,0.953,0.9774,1.0467,1.1221,1.2149,1.3077,1.4027,1.4976,1.5927,1.6879,1.77,1.8437,1.8438,1.0947,1.6911,1.5962,1.5009,1.404,1.307,1.2099,1.1127,1.0155,0.9183,0.8211,0.7239
5.7589,5.7589,5.7589,5.7589,5.7589,5.7589,5.7589,5.7589,5.7589,5.7589,5.7589,5.7589,5.7589,5.7589,5.7589,5.7589,5.7589,5.7589,5.7589,5.7589,5.7589,5.7589,5.7589,5.7589,5.7589,5.7589
4.2253,4.2366,4.2031,4.1079,4.0042,3.8767,3.749,3.6185,3.488,3.3573,3.2265,3.1136,3.0123,3.0121,3.1114,1.4628,2.086,2.7092,3.3322,3.75,3.8836,4.0171,4.1507,4.2843,4.4179,4.5515
0.7639,0.7573,0.7767,0.8317,0.8917,0.9654,1.0392,1.1146,1.1901,1.2657,1.3413,1.4066,1.0379,1.4652,1.4078,1.3439,1.2684,1.1927,1.1157,1.0386,0.9614,0.8842,0.807,0.7297,0.6525,0.5753
2.724,2.7313,2.7096,2.6483,2.5814,2.4992,2.4169,2.3328,2.2487,2.1644,2.0801,1.5452,1.942,1.9419,2.0059,2.0772,2.1613,2.2457,2.3316,2.4176,2.5037,2.5898,2.6759,2.762,2.8482,2.9343
2.3706,2.3502,2.4104,2.5811,2.7672,2.996,3.225,3.4591,3.6931,3.9277,4.1623,4.365,4.5467,4.547,4.3688,1.2721,1.8141,2.3561,2.8978,3.2232,2.9836,2.744,2.5043,2.2646,2.0249,1.7853
1.8106,1.795,1.841,1.9714,2.1136,2.2883,2.4632,2.642,2.5211,1.9569,1.3927,0.8272,3.4727,3.473,3.3369,3.1853,3.0065,2.8271,2.6445,2.4618,2.2788,2.0958,1.9128,1.7297,1.5466,1.3636
2.5854,2.5924,2.5718,2.5136,2.4501,2.3721,2.294,2.2141,2.1343,2.0543,1.9743,1.9052,1.8432,1.8431,1.7494,1.9715,2.0514,2.1315,2.213,2.2946,2.3763,2.458,2.5398,2.6215,2.7033,2.785
0.7862,0.7795,0.7994,0.8561,0.9178,0.9937,1.0696,1.1473,1.2249,1.3027,1.3805,1.4477,1.508,0.5316,1.449,1.3832,1.3055,1.2276,1.1483,1.069,0.9896,0.9101,0.8306,0.7511,0.6716,0.5921
5.0065,5.0199,4.9802,4.8674,4.7445,4.3609,3.7767,3.1929,2.609,2.0251,3.823,3.6892,3.5692,3.569,3.6867,3.8177,3.9724,4.1275,4.2854,4.4433,4.6016,4.7598,4.9181,5.0764,5.2347,5.393
5.947,5.947,5.947,5.947,5.947,5.947,5.947,5.947,5.947,5.947,5.947,5.947,5.947,5.947,5.947,5.947,5.947,5.947,5.947,5.947,5.947,5.947,5.947,5.5783,5.947,5.947
0.8877,0.8801,0.9026,0.9666,1.0363,1.1219,1.2077,1.2953,1.383,1.4708,1.5587,1.3714,0.4605,1.7027,1.636,1.5617,1.474,1.3861,1.2965,1.207,1.1173,1.0276,0.9378,0.8481,0.7583,0.6685
2.4022,2.4087,2.3896,2.3355,2.2765,2.204,2.1314,2.0573,1.9831,1.9088,1.8344,1.7702,1.4881,1.7125,1.769,1.8318,1.906,1.9805,2.0562,2.132,2.2079,2.2839,2.3598,2.4358,2.5117,2.5877
1.1954,1.1852,1.2155,1.3016,1.3955,1.5108,1.6263,1.7444,1.8624,1.9807,2.099,2.2012,2.2928,2.293,0.8801,1.5365,1.985,1.8666,1.746,1.6254,1.5046,1.3838,1.2629,1.142,1.0212,0.9003
6.0346,5.9118,5.3931,4.8759,4.3593,3.8444,3.3294,2.8147,2.3,6.0346,6.0346,6.0346,6.0346,6.0346,6.0346,6.0346,6.0346,6.0346,6.0346,6.0346,6.0346,6.0346,6.0346,6.0346,6.0346,6.0346
3.2583,3.267,3.2412,3.1678,3.0878,2.9895,2.891,2.7904,2.6898,2.589,2.4881,2.401,2.3229,2.3228,1.0052,1.7549,2.5026,2.6862,2.789,2.8918,2.9948,3.0978,3.2008,3.3038,3.4068,3.5099
0.7409,0.7345,0.7533,0.8067,0.8649,0.9363,1.0079,1.0811,1.1542,1.2275,1.3009,1.3642,1.421,1.4211,1.3654,1.3034,1.2302,1.1568,1.0821,1.0074,0.9325,0.8576,0.7827,0.7078,0.6329,0.558
3.1687,3.1773,3.1521,3.0807,3.0029,2.9073,2.8116,2.7137,2.6159,2.5178,1.9057,1.1318,2.2591,2.2589,2.3334,2.4164,2.5142,2.6124,2.7124,2.8123,2.9125,3.0126,3.1128,3.213,3.3132,3.4134
6.1249,6.1249,6.1249,6.1249,6.1249,6.1249,6.1249,6.1249,6.1249,6.1249,6.1249,6.1249,6.1249,6.1249,6.1249,6.1249,6.1249,2.2409,2.7562,3.2715,3.7867,4.302,4.8172,5.3325,5.8477,5.4524
1.2408,1.2301,1.2616,1.351,1.4484,1.5682,1.688,1.8105,1.9331,2.0558,1.5768,0.9365,2.3798,2.38,2.2867,2.1829,2.0603,1.9374,1.8122,1.6871,1.5617,1.4362,1.3108,1.1854,1.0599,0.9344
2.4096,2.4161,2.3969,2.3427,2.2835,2.2108,2.138,2.0636,1.9892,1.9146,1.84,1.7756,1.7179,0.9231,1.7744,1.8375,1.9119,1.9865,2.0626,2.1386,2.2147,2.2909,2.3671,2.4433,2.5195,2.5956
0.8686,0.8612,0.8832,0.9458,1.014,1.0978,1.1817,1.2675,1.3533,1.4392,1.5252,1.5995,1.666,0.4507,1.3144,1.5282,1.4424,1.3563,1.2687,1.1811,1.0933,1.0055,0.9176,0.8298,0.742,0.6542
6.2178,6.1174,5.5806,5.0455,4.5109,6.2178,6.2178,6.2178,6.2178,6.2178,6.2178,6.2178,6.1541,6.1537,6.2178,6.2178,6.2178,6.2178,6.2178,6.2178,6.2178,6.2178,6.2178,6.2178,6.2178,6.2178
5.2819,5.2961,5.2542,5.1352,5.0055,4.8461,4.6865,4.5234,4.3603,4.1969,4.0334,3.8922,3.7656,3.7654,3.8895,4.0278,1.9168,2.4895,3.0619,3.6343,4.2068,4.7792,5.1887,5.3557,5.5227,5.6897
0.7913,0.7845,0.8046,0.8616,0.9238,1.0001,1.0766,1.1547,1.2328,1.3111,1.3895,1.4571,0.6626,1.5179,1.4584,1.3922,1.314,1.2356,1.1558,1.076,0.996,0.916,0.836,0.756,0.676,0.596
2.5411,2.5479,2.5278,2.4705,2.4081,2.3315,2.2547,2.1762,2.0977,2.0191,1.9405,1.8725,0.6997,1.8115,1.8712,1.9378,2.0162,2.095,2.1751,2.2553,2.3356,2.4159,2.4963,2.5766,2.657,2.7373
1.6895,1.6749,1.7178,1.8395,1.9722,2.1352,2.2984,2.4652,2.632,2.7992,2.9664,3.1108,3.2403,3.2406,0.7649,1.3355,1.9045,2.4734,2.4675,2.2971,2.1263,1.9556,1.7848,1.614,1.4431,1.2723
2.5913,2.5691,2.6349,2.8215,3.025,3.275,3.4522,2.9185,2.3848,1.8511,1.3174,4.7715,4.9701,4.9705,4.7757,4.5588,4.3029,4.0461,3.7848,3.5234,3.2615,2.9995,2.7375,2.4755,2.2135,1.9515
2.7531,2.7605,2.7387,2.6767,2.609,2.526,2.4428,2.3578,2.2728,2.1876,2.1023,2.0288,1.9628,1.9627,1.337,2.0994,2.1845,2.2698,2.3566,2.4435,2.5305,2.6175,2.7045,2.7916,2.8786,2.9657
0.7535,0.747,0.7661,0.8204,0.8795,0.9522,1.025,1.0994,1.1738,1.2484,1.323,1.3874,1.4451,0.8689,1.3886,1.3255,1.2511,1.1765,1.1005,1.0245,0.9483,0.8721,0.796,0.7198,0.6436,0.5674
4.0186,4.0294,3.9975,3.907,3.8083,3.687,3.5656,3.4415,2.8219,2.1904,1.5589,2.9613,2.865,2.8648,2.9592,3.0644,3.1885,3.3131,3.4398,3.5666,3.6936,3.8206,3.9477,4.0748,4.2018,4.3289
6.4377,6.4377,6.4377,6.4377,6.4377,6.4377,6.4377,6.4377,6.4377,6.4377,6.4377,6.4377,6.4377,6.4377,6.4377,6.4377,6.4377,6.4377,6.4377,6.4377,6.4377,6.4377,6.4377,6.4377,6.4377,6.4377
0.9771,0.9687,0.9935,1.0638,1.1406,1.2348,1.3292,1.4257,1.5222,1.6189,1.7156,1.1422,0.5069,1.8741,1.8007,1.7189,1.6224,1.5256,1.427,1.3285,1.2297,1.131,1.0322,0.9334,0.8346,0.7358
2.359,2.3653,2.3466,2.2934,2.2355,2.1643,2.0931,2.0202,1.9474,1.8744,1.8014,1.7383,1.6818,1.6817,1.7371,1.7988,1.8717,1.9448,2.0192,2.0936,2.1682,2.2428,2.3173,2.3919,2.4665,2.5411
1.025,1.0162,1.0422,1.1161,1.1966,1.2955,1.3945,1.4957,1.5969,1.6983,1.7998,1.8874,1.966,1.9661,0.9881,1.7251,1.702,1.6005,1.4971,1.3937,1.2901,1.1865,1.0829,0.9792,0.8756,0.7719
6.5405,6.5405,6.5405,6.5405,6.5405,6.5405,6.5405,6.5405,6.5405,6.5405,6.5405,6.5405,6.5405,6.5405,6.5405,6.5405,6.5405,6.5405,6.5405,6.5405,6.5405,6.5405,6.5405,6.5405,6.5405,6.5405
3.745,3.7551,3.7253,3.641,3.549,3.436,3.3229,3.2072,3.0916,2.9757,2.8598,2.7597,2.6699,2.6697,2.7578,1.5412,2.1979,2.8545,3.2056,3.3238,3.4421,3.5605,3.6789,3.7973,3.9158,4.0342
0.7449,0.7385,0.7574,0.8111,0.8696,0.9415,1.0134,1.087,1.1605,1.2342,1.308,1.3716,1.4287,1.4288,1.3729,1.3105,1.2369,1.1631,1.088,1.0128,0.9376,0.8623,0.7869,0.7116,0.6363,0.561
2.84,2.8476,2.8251,2.7611,2.6914,2.6057,2.5199,2.4322,2.3445,2.2566,2.1687,1.3383,2.0247,2.0246,2.0913,2.1657,2.2534,2.3414,2.431,2.5206,2.6103,2.7001,2.7899,2.8797,2.9695,3.0593
3.1467,3.1197,3.1996,3.4262,3.6733,3.9769,4.2809,4.5916,4.9024,5.2137,5.5252,5.7942,6.0354,6.0358,5.7993,1.2312,1.7557,2.2803,2.8046,3.3289,3.8532,3.6424,3.3243,3.0061,2.688,2.3698
1.5204,1.5073,1.5459,1.6554,1.7748,1.9215,2.0684,2.2185,2.3686,2.0211,1.4385,0.8543,2.916,2.9162,2.802,2.6747,2.5246,2.3739,2.2206,2.0672,1.9135,1.7599,1.6061,1.4524,1.2987,1.145
2.4823,2.489,2.4693,2.4134,2.3524,2.2775,2.2025,2.1259,2.0492,1.9724,1.8956,1.8292,1.7697,0.6834,1.8279,1.8929,1.9696,2.0465,2.1248,2.2031,2.2816,2.36,2.4385,2.517,2.5955,2.674
0.8051,0.7981,0.8186,0.8766,0.9398,1.0175,1.0952,1.1747,1.2542,1.3339,1.4136,1.4824,1.5441,0.4271,1.4837,1.4163,1.3368,1.257,1.1758,1.0946,1.0133,0.9319,0.8505,0.7691,0.6877,0.6063
5.884,5.8998,5.8238,5.2654,4.7075,4.1514,3.5954,3.0395,2.4837,4.6753,4.4931,4.3359,4.1948,4.1946,4.3329,4.4869,4.6686,4.8509,5.0365,5.2222,5.4081,5.5941,5.7802,5.9662,6.1522,6.3383
6.7843,6.7843,6.7843,6.7843,6.7843,6.6514,6.4324,6.2085,5.9846,5.7603,5.5359,5.3421,5.1683,5.168,5.3384,5.5282,5.7521,5.9767,6.2054,3.4173,3.9555,4.4937,5.0319,5.5702,6.1084,6.6466
0.8373,0.8301,0.8513,0.9116,0.9774,1.0582,1.139,1.2217,1.3044,1.3872,1.4701,1.5417,0.4918,1.606,1.543,1.473,1.3903,1.3073,1.2229,1.1384,1.0538,0.9691,0.8845,0.7999,0.7152,0.6305
2.4216,2.4281,2.4088,2.3543,2.2948,2.2218,2.1486,2.0738,1.999,1.9241,1.8492,1.7844,0.9783,1.7263,1.7832,1.8466,1.9214,1.9964,2.0728,2.1492,2.2257,2.3023,2.3788,2.4554,2.532,2.6085
1.3282,1.3167,1.3505,1.4461,1.5504,1.6786,1.8069,1.938,2.0692,2.2006,2.3321,2.4456,2.5474,2.5476,0.8215,1.4342,2.0453,2.0738,1.9398,1.8059,1.6716,1.5374,1.4031,1.2688,1.1345,1.0002
4.7503,4.7095,4.8301,4.8792,4.3623,3.847,3.3317,2.8166,2.3015,1.7865,6.8985,6.8985,6.8985,6.8985,6.8985,6.8985,6.8985,6.8985,6.8985,6.4589,5.9788,5.4986,5.0183,4.5381,4.0578,3.5775
3.0059,3.014,2.9901,2.9224,2.8486,2.7579,2.6671,2.5742,2.4814,2.3884,2.2954,2.215,2.143,2.1428,1.096,1.9135,2.385,2.4781,2.573,2.6678,2.7628,2.8578,2.9528,3.0479,3.1429,3.238
0.7361,0.7297,0.7484,0.8014,0.8592,0.9302,1.0014,1.074,1.1467,1.2195,1.2924,1.3553,1.4117,1.4118,1.3565,1.2949,1.2222,1.1493,1.075,1.0008,0.9264,0.852,0.7776,0.7032,0.6287,0.5543
3.4027,3.4119,3.3849,3.3082,3.2247,3.122,3.0192,2.9141,2.809,2.4366,1.7341,1.0299,2.4259,2.4258,2.5057,2.5948,2.6999,2.8053,2.9127,3.02,3.1276,3.2351,3.3427,3.4503,3.5579,3.6655
7.0167,7.0167,7.0167,7.0167,7.0167,7.0167,7.0167,7.0167,7.0167,7.0167,7.0167,7.0167,7.0167,7.0167,7.0167,7.0167,7.0167,7.0167,2.7187,3.2269,3.7352,4.2434,4.7517,5.2599,5.7681,6.2764
1.1106,1.101,1.1292,1.2092,1.2964,1.4036,1.5109,1.6206,1.7302,1.8401,1.6716,0.9928,2.1301,2.1302,2.0468,1.9538,1.8441,1.7341,1.6221,1.51,1.3978,1.2855,1.1733,1.061,0.9487,0.8364
2.3596,2.366,2.3472,2.2941,2.2361,2.1649,2.0937,2.0208,1.9479,1.8749,1.8019,1.7388,1.6822,1.6135,1.7376,1.7994,1.8722,1.9454,2.0198,2.0942,2.1688,2.2434,2.318,2.3926,2.4672,2.5418
0.9106,0.9028,0.9259,0.9915,1.063,1.1509,1.2389,1.3288,1.4187,1.5088,1.599,1.6768,1.7466,1.7467,1.1525,1.602,1.5121,1.4219,1.33,1.2382,1.1461,1.0541,0.962,0.87,0.7779,0.6858
7.139,7.139,7.139,7.139,7.139,7.139,7.139,7.139,7.139,7.139,7.139,7.139,7.139,7.139,7.139,7.139,7.139,7.139,7.139,7.139,7.139,7.139,7.139,7.139,7.139,7.139
4.5091,4.5212,4.4854,4.3839,4.2732,4.1371,4.0009,3.8616,3.7224,3.5829,3.4433,3.3227,3.2147,3.2145,3.3205,1.4654,1.9897,2.5842,3.1784,3.7726,4.1445,4.287,4.4296,4.5721,4.7147,4.8573
0.7632,0.7567,0.7761,0.831,0.891,0.9646,1.0383,1.1137,1.1891,1.2646,1.3401,1.4054,0.8418,1.464,1.4066,1.3427,1.2673,1.1917,1.1147,1.0377,0.9606,0.8835,0.8063,0.7291,0.652,0.5748
2.6142,2.6212,2.6005,2.5416,2.4774,2.3985,2.3195,2.2388,2.1581,2.0772,1.9963,1.6788,0.7198,1.8636,1.9251,1.9935,2.0742,2.1552,2.2377,2.3202,2.4028,2.4854,2.5681,2.6507,2.7334,2.8161
2.0264,2.009,2.0605,2.2064,2.3655,2.5611,2.7568,2.9569,3.157,3.3575,3.5581,3.7313,3.8867,3.8869,3.7346,1.2775,1.8217,2.366,2.91,2.7553,2.5505,2.3456,2.1408,1.9359,1.731,1.5261
2.0168,1.9995,2.0507,2.196,2.3543,2.5489,2.7438,2.9429,2.4331,1.8886,1.3441,0.8917,3.8682,3.8685,3.7169,3.5481,3.3489,3.1491,2.9457,2.7422,2.5384,2.3345,2.1306,1.9267,1.7228,1.5189
2.6102,2.6172,2.5965,2.5377,2.4736,2.3948,2.316,2.2354,2.1548,2.074,1.9932,1.9234,1.8609,1.8607,1.5439,1.9904,2.071,2.1519,2.2343,2.3166,2.3991,2.4816,2.5641,2.6467,2.7292,2.8117
0.7628,0.7562,0.7756,0.8305,0.8904,0.964,1.0377,1.113,1.1883,1.2638,1.3393,1.4045,1.463,0.6152,1.4057,1.3419,1.2666,1.191,1.114,1.0371,0.96,0.8829,0.8058,0.7287,0.6516,0.5744
4.5151,4.5272,4.4914,4.3897,4.2788,4.1426,3.8351,3.2422,2.6493,2.0564,1.4721,3.3271,3.2189,3.2187,3.3248,3.443,3.5825,3.7224,3.8648,4.0072,4.1499,4.2927,4.4354,4.5782,4.7209,4.8637
7.4304,7.4304,7.4304,7.4304,7.4304,7.4304,7.4304,7.4304,7.4304,7.4304,7.4304,7.4304,7.4304,7.4304,7.4304,7.4304,7.4304,7.4304,7.4304,7.4304,7.4304,7.4304,7.4304,7.4304,7.4304,7.4304
0.9072,0.8994,0.9225,0.9878,1.059,1.1466,1.2342,1.3238,1.4134,1.5031,1.5929,1.2567,0.4706,1.7401,1.672,1.596,1.5064,1.4165,1.325,1.2335,1.1418,1.0501,0.9584,0.8667,0.7749,0.6832
2.3532,2.3595,2.3408,2.2878,2.23,2.159,2.0879,2.0153,1.9426,1.8698,1.7969,1.734,1.6776,1.6775,1.7328,1.7944,1.8671,1.94,2.0143,2.0885,2.1629,2.2373,2.3117,2.3861,2.4605,2.5349
1.1091,1.0995,1.1277,1.2076,1.2947,1.4017,1.5088,1.6183,1.7278,1.8376,1.9474,2.0422,2.1272,2.1273,0.9059,1.5816,1.8416,1.7317,1.6198,1.508,1.3959,1.2838,1.1716,1.0595,0.9474,0.8352
6.3297,5.8181,5.3076,4.7986,4.2902,3.7834,3.2766,2.7701,7.5677,7.5677,7.5677,7.5677,7.5677,7.5677,7.5677,7.5677,7.5677,7.5677,7.5677,7.5677,7.5677,7.5677,7.5677,7.5677,7.5677,7.5677
3.382,3.391,3.3642,3.288,3.205,3.1029,3.0008,2.8963,2.7919,2.6872,2.5825,2.4921,2.4111,2.4109,1.0106,1.6445,2.3452,2.7882,2.8949,3.0016,3.1085,3.2154,3.3223,3.4292,3.5362,3.6431
0.7325,0.7262,0.7448,0.7975,0.8551,0.9257,0.9965,1.0688,1.1412,1.2136,1.2862,1.3488,1.4049,1.405,1.35,1.2886,1.2163,1.1437,1.0698,0.9959,0.9219,0.8479,0.7738,0.6998,0.6257,0.5516
2.9945,3.0026,2.9788,2.9114,2.8378,2.7475,2.657,2.5645,2.4721,2.3794,1.9977,1.1864,2.1349,2.1348,2.2051,2.2835,2.376,2.4688,2.5633,2.6577,2.7524,2.847,2.9417,3.0364,3.1311,3.2258
4.7773,4.7363,4.8576,5.2016,5.5768,6.0377,6.4992,6.971,7.4427,7.7101,7.7101,7.7101,7.7101,7.7101,7.7101,7.7101,1.7138,2.2258,2.7376,3.2494,3.7612,4.273,4.7848,4.5638,4.0808,3.5978
1.3166,1.3053,1.3387,1.4336,1.5369,1.664,1.7912,1.9212,2.0512,2.109,1.501,0.8915,2.5252,2.5254,2.4265,2.3163,2.1862,2.0558,1.923,1.7902,1.6571,1.524,1.3909,1.2578,1.1247,0.9915
2.4047,2.4112,2.3921,2.3379,2.2789,2.2063,2.1337,2.0594,1.9852,1.9107,1.8363,1.772,1.7144,0.7206,1.7708,1.8338,1.908,1.9825,2.0584,2.1342,2.2103,2.2863,2.3623,2.4383,2.5144,2.5904
0.8322,0.8251,0.8462,0.9061,0.9715,1.0518,1.1322,1.2144,1.2965,1.3789,1.4613,1.5324,1.5962,0.4318,1.4166,1.4641,1.3819,1.2995,1.2155,1.1316,1.0474,0.9633,0.8792,0.795,0.7109,0.6268
6.6747,6.1351,5.5968,5.0601,4.524,3.9896,3.4552,6.1943,5.9709,5.7471,5.5232,5.3299,5.1565,5.1562,5.3262,5.5155,5.7389,5.963,6.1912,6.4193,6.6479,6.8766,7.1053,7.3339,7.5626,7.7913
5.8143,5.8299,5.7837,5.6528,5.51,5.3345,5.1589,4.9793,4.7998,4.6199,4.4399,4.2845,4.1451,4.1449,4.2815,4.4337,4.6133,2.3991,2.9507,3.5024,4.054,4.6056,5.1572,5.7088,6.0794,6.2632
0.7978,0.7909,0.8112,0.8686,0.9313,1.0082,1.0853,1.1641,1.2428,1.3218,1.4007,1.4689,0.5776,1.5302,1.4702,1.4035,1.3247,1.2456,1.1652,1.0847,1.0041,0.9234,0.8428,0.7621,0.6815,0.6008
2.462,2.4687,2.4491,2.3937,2.3332,2.2589,2.1845,2.1085,2.0325,1.9563,1.8801,1.8143,0.7301,1.7551,1.813,1.8775,1.9535,2.0298,2.1075,2.1851,2.2629,2.3408,2.4186,2.4964,2.5743,2.6521
1.5112,1.4982,1.5366,1.6454,1.7641,1.9099,2.0559,2.2051,2.3543,2.5038,2.6534,2.7826,2.8984,2.8986,0.7754,1.3538,1.9306,2.3596,2.2071,2.0547,1.902,1.7492,1.5964,1.4437,1.2909,1.1381
3.0937,3.0671,3.1457,3.3685,3.6115,3.8816,3.3617,2.842,2.3223,1.8026,1.2829,5.6966,5.9337,5.9341,5.7016,5.4427,5.1371,4.8306,4.5185,4.2065,3.8938,3.5811,3.2683,2.9555,2.6427,2.3299
2.808,2.8155,2.7932,2.73,2.661,2.5763,2.4915,2.4048,2.318,2.2312,2.1442,2.0692,2.0019,2.0018,1.218,2.1264,2.228,2.315,2.4036,2.4921,2.5809,2.6697,2.7584,2.8472,2.936,3.0248
0.7373,0.7309,0.7496,0.8027,0.8606,0.9318,1.003,1.0758,1.1486,1.2215,1.2945,1.3575,1.414,1.1459,1.3587,1.297,1.2242,1.1512,1.0768,1.0024,0.9279,0.8534,0.7789,0.7043,0.6298,0.5552
3.7119,3.7219,3.6924,3.6088,3.5177,3.4056,3.2935,3.1789,2.8978,2.2493,1.6008,2.7353,2.6463,2.6461,2.7334,2.8306,2.9452,3.0602,3.1773,3.2944,3.4117,3.5291,3.6464,3.7638,3.8811,3.9985
8.2125,8.2125,8.2125,8.2125,8.2125,8.2125,8.2125,8.2125,8.2125,8.2125,8.2125,8.2125,8.2125,8.2125,8.2125,8.2125,8.2125,8.2125,8.2125,8.2125,8.2125,8.2125,8.2125,8.2125,5.7361,6.2415
1.0111,1.0024,1.0281,1.1009,1.1803,1.2779,1.3756,1.4754,1.5753,1.6753,1.7754,1.0667,1.9393,1.9394,1.8635,1.7788,1.679,1.5788,1.4768,1.3748,1.2726,1.1704,1.0682,0.9659,0.8637,0.7615
2.3298,2.336,2.3175,2.265,2.2078,2.1375,2.0672,1.9952,1.9233,1.8512,1.7791,1.7168,1.6609,1.6608,1.7156,1.7766,1.8485,1.9207,1.9942,2.0677,2.1413,2.215,2.2886,2.3623,2.436,2.5096
0.9661,0.9578,0.9823,1.0519,1.1277,1.2209,1.3143,1.4096,1.505,1.6006,1.6963,1.7788,1.8529,1.853,1.0319,1.6995,1.6041,1.5084,1.411,1.3135,1.2159,1.1182,1.0206,0.9229,0.8252,0.7275
8.3806,8.3806,8.3806,8.3806,8.3806,8.3806,8.3806,8.3806,8.3806,8.3806,8.3806,8.3806,8.3806,8.3806,8.3806,8.3806,8.3806,8.3806,8.3806,8.3806,8.3806,8.3806,8.3806,8.3806,8.3806,8.3806
3.9541,3.9647,3.9333,3.8442,3.7471,3.6278,3.5084,3.3863,3.2642,3.1418,3.0194,2.9137,2.8189,2.8188,2.9117,1.4639,2.0876,2.7112,3.3346,3.5093,3.6343,3.7593,3.8843,4.0093,4.1343,4.2594
0.7426,0.7362,0.755,0.8085,0.8668,0.9385,1.0102,1.0835,1.1568,1.2303,1.3038,1.3673,1.1738,1.4243,1.3685,1.3063,1.233,1.1594,1.0845,1.0096,0.9346,0.8595,0.7845,0.7094,0.6343,0.5592
2.7159,2.7232,2.7016,2.6405,2.5738,2.4918,2.4098,2.3259,2.242,2.158,2.0739,1.4326,1.9362,1.9361,1.9999,2.071,2.1549,2.2391,2.3247,2.4104,2.4963,2.5821,2.668,2.7538,2.8397,2.9256
2.5676,2.5456,2.6108,2.7957,2.9973,3.2451,3.4931,3.7466,4.0002,4.2542,4.5084,4.7279,4.9247,4.925,4.732,1.2332,1.7586,2.284,2.8092,3.3344,3.2316,2.9721,2.7125,2.4529,2.1933,1.9337
1.6573,1.6431,1.6852,1.8045,1.9347,2.0946,2.2547,2.4184,2.5053,1.9447,1.384,0.822,3.1788,3.179,3.0544,2.9157,2.752,2.5878,2.4206,2.2534,2.0859,1.9184,1.7509,1.5833,1.4157,1.2481
2.499,2.5057,2.4858,2.4296,2.3682,2.2928,2.2173,2.1401,2.063,1.9856,1.9083,1.8415,1.7816,0.688,1.8402,1.9056,1.9828,2.0602,2.1391,2.2179,2.2969,2.3759,2.4549,2.5339,2.6129,2.6919
0.7789,0.7722,0.792,0.8481,0.9093,0.9844,1.0597,1.1366,1.2135,1.2906,1.3677,1.4343,1.494,0.4776,1.4355,1.3703,1.2934,1.2162,1.1377,1.0591,0.9804,0.9016,0.8229,0.7441,0.6654,0.5866
5.2115,5.2255,5.1842,5.0668,4.7646,4.2018,3.6389,3.0764,2.5138,1.9512,3.9796,3.8403,3.7154,3.7152,3.8377,3.9741,4.1351,4.2965,4.4609,4.6253,4.7901,4.9548,5.1196,5.2844,5.4491,5.6139
8.4313,8.454,8.387,8.1971,7.9901,7.7357,7.481,7.2206,6.9602,6.6993,6.4383,6.213,6.0109,6.0105,6.2087,6.4294,6.6898,6.951,7.217,7.483,7.7494,4.3704,4.8939,5.4173,5.9408,6.4642
0.8524,0.845,0.8667,0.9281,0.995,1.0772,1.1596,1.2437,1.3279,1.4122,1.4966,1.412,0.445,1.6349,1.5709,1.4995,1.4153,1.3309,1.2449,1.1589,1.0728,0.9866,0.9004,0.8143,0.7281,0.6419
2.3667,2.3731,2.3543,2.301,2.2429,2.1714,2.0999,2.0269,1.9538,1.8805,1.8073,1.744,1.2201,1.6872,1.7428,1.8048,1.8779,1.9512,2.0259,2.1005,2.1753,2.2501,2.325,2.3998,2.4746,2.5495
1.2206,1.2102,1.2411,1.3291,1.4249,1.5427,1.6606,1.7811,1.9017,2.0224,2.1433,2.2476,2.3412,2.3413,0.8417,1.4695,2.0269,1.9059,1.7828,1.6597,1.5363,1.4129,1.2895,1.1661,1.0427,0.9193
6.3201,5.8092,5.2995,4.7913,4.2837,3.7777,3.2717,2.7659,2.2601,1.7991,8.9775,8.9775,8.9775,8.9775,8.9775,8.9775,8.9775,8.9775,8.9775,8.9775,8.7885,8.0826,7.3767,6.6707,5.9647,5.2587
3.1022,3.1106,3.0859,3.0161,2.9399,2.8463,2.7525,2.6567,2.5609,2.465,2.3689,2.286,2.2116,2.2115,1.0197,1.7802,2.4614,2.5576,2.6554,2.7533,2.8513,2.9494,3.0475,3.1456,3.2437,3.3417
0.7262,0.7199,0.7383,0.7906,0.8477,0.9177,0.9879,1.0596,1.1313,1.2031,1.275,1.3371,1.3927,1.3928,1.3383,1.2775,1.2058,1.1338,1.0606,0.9873,0.9139,0.8405,0.7671,0.6937,0.6203,0.5469
3.1973,3.2059,3.1805,3.1085,3.03,2.9335,2.8369,2.7382,2.6394,2.5358,1.8048,1.0719,2.2794,2.2793,2.3544,2.4381,2.5369,2.6359,2.7368,2.8377,2.9387,3.0398,3.1409,3.242,3.3431,3.4442
9.1787,9.1787,9.1787,9.1787,9.1787,9.1787,9.1787,9.1787,9.1787,9.1787,9.1787,9.1787,9.1787,9.1787,9.1787,9.1787,9.1787,2.1907,2.6944,3.1982,3.7019,4.2056,4.7093,5.213,5.7167,6.2204
1.1675,1.1574,1.1871,1.2711,1.3628,1.4755,1.5882,1.7035,1.8188,1.9343,1.5838,0.9406,2.2392,2.2393,2.1516,2.0538,1.9385,1.8229,1.7051,1.5873,1.4694,1.3514,1.2333,1.1153,0.9972,0.8792
2.3495,2.3558,2.3371,2.2842,2.2265,2.1556,2.0846,2.0121,1.9395,1.8668,1.7941,1.7313,1.675,1.0835,1.7301,1.7916,1.8642,1.937,2.0111,2.0852,2.1595,2.2337,2.308,2.3823,2.4566,2.5309
0.8691,0.8616,0.8837,0.9463,1.0145,1.0984,1.1823,1.2681,1.354,1.44,1.526,1.6003,1.6669,0.451,1.2265,1.5289,1.4431,1.357,1.2693,1.1817,1.0938,1.006,0.9181,0.8302,0.7424,0.6545
6.4718,5.9486,5.4267,9.261,9.0271,8.7397,8.4519,8.1578,7.8636,7.5689,7.274,7.0194,6.791,6.7906,7.0145,7.2639,7.5581,7.8532,8.1537,8.4542,8.7553,9.0564,9.3575,9.3891,9.3891,9.3891
4.8753,4.8884,4.8497,4.7399,4.6202,4.473,4.3258,4.1752,4.0247,3.8738,3.7229,3.5926,3.4757,3.4755,3.5901,3.7177,1.9111,2.4821,3.0528,3.6235,4.1942,4.6351,4.7893,4.9434,5.0976,5.2517
0.7673,0.7607,0.7802,0.8355,0.8957,0.9698,1.0439,1.1197,1.1954,1.2713,1.3473,1.4129,0.7088,1.4718,1.4141,1.3499,1.2741,1.1981,1.1207,1.0433,0.9657,0.8882,0.8106,0.733,0.6554,0.5779
2.5255,2.5323,2.5122,2.4554,2.3933,2.3171,2.2408,2.1629,2.0849,2.0067,1.9285,1.8546,0.6954,1.8004,1.8597,1.9259,2.0039,2.0821,2.1618,2.2414,2.3213,2.4011,2.4809,2.5608,2.6407,2.7205
1.7735,1.7582,1.8032,1.931,2.0702,2.2413,2.4127,2.5878,2.7629,2.9384,3.1139,3.2655,3.4015,3.4017,0.7869,1.291,1.841,2.391,2.5902,2.4113,2.2321,2.0528,1.8735,1.6942,1.5149,1.3356
2.2995,2.2797,2.3381,2.5038,2.6843,2.9062,3.1283,2.8921,2.3632,1.8343,1.3055,4.2342,4.4104,4.4107,4.2379,4.0454,3.8183,3.5905,3.3585,3.1266,2.8942,2.6617,2.4293,2.1968,1.9643,1.7318
2.6526,2.6597,2.6387,2.5789,2.5138,2.4337,2.3536,2.2717,2.1898,2.1077,2.0256,1.9547,1.8911,1.891,1.3856,2.0228,2.1047,2.1869,2.2706,2.3542,2.4381,2.5219,2.6058,2.6897,2.7735,2.8574
0.7446,0.7382,0.7571,0.8107,0.8692,0.941,1.0129,1.0865,1.16,1.2337,1.3074,1.371,1.4281,0.7389,1.3722,1.3099,1.2363,1.1626,1.0875,1.0124,0.9371,0.8619,0.7866,0.7113,0.636,0.5607
4.1255,4.1366,4.1039,4.0109,3.9096,3.7851,3.6605,3.3151,2.7088,2.1026,1.4965,3.0401,2.9412,2.941,3.038,3.146,3.2734,3.4012,3.5314,3.6615,3.7919,3.9223,4.0527,4.1832,4.3136,4.4441
9.8997,9.8997,9.8997,9.8997,9.8997,9.8997,9.8997,9.8997,9.8997,9.8997,9.8997,9.8997,9.8997,9.8997,9.8997,9.8997,9.8997,9.8997,9.8997,9.8997,9.8997,9.8997,9.8997,9.8997,9.8997,9.8997
0.934,0.9259,0.9497,1.0169,1.0903,1.1804,1.2706,1.3628,1.455,1.5475,1.6399,1.1641,0.4845,1.7914,1.7213,1.6431,1.5508,1.4583,1.3641,1.2699,1.1755,1.0811,0.9867,0.8922,0.7978,0.7034
2.3189,2.3252,2.3067,2.2545,2.1976,2.1276,2.0575,1.9859,1.9143,1.8426,1.7708,1.7088,1.6532,1.6531,1.7076,1.7683,1.8399,1.9118,1.9849,2.0581,2.1314,2.2047,2.278,2.3513,2.4246,2.498
1.0386,1.0296,1.056,1.1308,1.2124,1.3126,1.4129,1.5155,1.618,1.7208,1.8236,1.9123,1.9919,1.9921,0.9399,1.6409,1.7245,1.6216,1.5169,1.4121,1.3071,1.2022,1.0972,0.9922,0.8872,0.7821
6.2663,5.7598,5.2544,4.7505,4.2472,10.0,10.0,10.0,10.0,10.0,10.0,10.0,10.0,10.0,10.0,10.0,10.0,10.0,10.0,10.0,10.0,10.0,10.0,10.0,10.0,10.0
3.5413,3.5508,3.5227,3.4429,3.3559,3.2491,3.1421,3.0327,2.9234,2.8138,2.7042,2.6095,2.5247,2.5245,2.6077,1.554,2.216,2.8781,3.0312,3.143,3.2549,3.3668,3.4788,3.5908,3.7027,3.8147
0.7285,0.7222,0.7407,0.7932,0.8504,0.9207,0.9911,1.063,1.1349,1.207,1.2791,1.3414,1.3972,1.3973,1.3426,1.2816,1.2097,1.1375,1.064,0.9905,0.9169,0.8433,0.7696,0.6959,0.6223,0.5486
2.8515,2.8591,2.8365,2.7723,2.7023,2.6162,2.5301,2.442,2.354,2.2657,2.1151,1.2562,2.0329,2.0328,2.0998,2.1744,2.2625,2.3508,2.4408,2.5308,2.6209,2.711,2.8012,2.8913,2.9815,3.0717
3.5596,3.529,3.6194,3.8758,4.1553,4.4988,4.8426,5.1941,5.5456,5.8979,6.2502,6.5545,6.8273,6.8278,6.5603,1.2816,1.7125,2.2241,2.7355,3.2469,3.7583,4.1203,3.7605,3.4006,3.0407,2.6808
1.4136,1.4015,1.4374,1.5392,1.6502,1.7866,1.9232,2.0627,2.2023,2.0219,1.439,0.8546,2.7113,2.7115,2.6053,2.4869,2.3473,2.2073,2.0647,1.9221,1.7792,1.6363,1.4934,1.3505,1.2075,1.0646
2.4144,2.4209,2.4018,2.3474,2.2881,2.2152,2.1423,2.0677,1.9932,1.9185,1.8437,1.7792,1.7213,0.6647,1.778,1.8412,1.9157,1.9905,2.0667,2.1429,2.2192,2.2955,2.3718,2.4482,2.5245,2.6009
0.8027,0.7958,0.8162,0.874,0.937,1.0145,1.092,1.1713,1.2505,1.3299,1.4094,1.478,1.5395,0.4165,1.4793,1.4121,1.3328,1.2533,1.1724,1.0914,1.0103,0.9291,0.848,0.7668,0.6857,0.6045
6.2364,6.1911,5.6479,5.1063,4.5653,4.026,3.4867,2.9477,2.4194,4.9553,4.7623,4.5956,4.4461,4.4458,4.5924,4.7557,4.9483,5.1415,5.3382,5.535,5.7321,5.9292,6.1264,6.3236,6.5208,6.718
6.5269,6.5444,6.4926,6.3456,6.1853,5.9884,5.7912,5.5897,5.3881,5.1861,4.9841,4.8096,4.6532,4.6529,4.8063,4.9772,5.1788,5.381,2.8618,3.3968,3.9318,4.4668,5.0018,5.5368,6.0718,6.6068
0.8094,0.8024,0.823,0.8813,0.9448,1.0229,1.1011,1.181,1.261,1.341,1.4212,1.4903,0.5134,1.5525,1.4917,1.4239,1.344,1.2638,1.1821,1.1005,1.0187,0.9369,0.8551,0.7732,0.6914,0.6095
2.4002,2.4067,2.3876,2.3335,2.2746,2.2022,2.1297,2.0555,1.9814,1.9072,1.8329,1.7687,0.8533,1.7111,1.7675,1.8303,1.9044,1.9788,2.0545,2.1302,2.2061,2.282,2.3579,2.4337,2.5096,2.5855
1.3715,1.3597,1.3945,1.4933,1.601,1.7333,1.8658,2.0012,2.1367,2.2724,2.4081,2.5254,2.6305,2.6307,0.7914,1.3816,1.9702,2.1415,2.0031,1.8648,1.7262,1.5875,1.4489,1.3102,1.1715,1.0329
3.8881,3.8547,3.9534,4.2334,4.3121,3.8027,3.2934,2.7842,2.2751,1.7659,6.8269,7.1592,7.4573,7.4578,7.1656,6.8401,6.4561,6.0709,5.6787,5.2865,4.8935,4.5005,4.1075,3.7143,3.3212,2.9281
2.8842,2.8919,2.869,2.8041,2.7332,2.6462,2.5591,2.47,2.3809,2.2917,2.2024,2.1253,2.0562,2.0561,1.1226,1.9599,2.2884,2.3778,2.4688,2.5598,2.6509,2.7421,2.8333,2.9245,3.0157,3.1069
0.7257,0.7194,0.7379,0.7901,0.8471,0.9171,0.9872,1.0589,1.1306,1.2024,1.2742,1.3362,1.3919,1.3919,1.3374,1.2767,1.205,1.1331,1.0599,0.9867,0.9134,0.84,0.7666,0.6933,0.6199,0.5465
3.4627,3.472,3.4445,3.3665,3.2815,3.177,3.0724,2.9654,2.8585,2.3272,1.6563,1.0364,2.4686,2.4685,2.5499,2.6405,2.7475,2.8547,2.964,3.0732,3.1826,3.2921,3.4016,3.5111,3.6205,3.73
10.0,10.0,10.0,10.0,10.0,10.0,10.0,10.0,10.0,10.0,10.0,10.0,10.0,10.0,10.0,10.0,10.0,10.0,10.0,10.0,3.6731,4.1729,4.6726,5.1724,5.6722,6.172
1.0551,1.046,1.0728,1.1488,1.2316,1.3334,1.4353,1.5395,1.6437,1.7481,1.692,1.0049,2.0236,2.0237,1.9444,1.8561,1.7519,1.6474,1.541,1.4345,1.3279,1.2213,1.1146,1.0079,0.9012,0.7946
2.3144,2.3206,2.3023,2.2501,2.1933,2.1235,2.0535,1.9821,1.9106,1.839,1.7673,1.7055,1.65,1.6499,1.7043,1.7649,1.8364,1.9081,1.9811,2.0541,2.1272,2.2004,2.2736,2.3468,2.4199,2.4931
0.9176,0.9097,0.933,0.9991,1.0712,1.1597,1.2484,1.339,1.4296,1.5204,1.6112,1.6897,1.76,1.7601,1.0877,1.6144,1.5237,1.4328,1.3402,1.2477,1.1549,1.0622,0.9694,0.8766,0.7839,0.6911
10.0,10.0,10.0,10.0,10.0,10.0,10.0,10.0,10.0,10.0,10.0,10.0,10.0,10.0,10.0,10.0,10.0,10.0,10.0,10.0,10.0,10.0,10.0,10.0,10.0,10.0
4.22,4.2314,4.1979,4.1028,3.9992,3.8719,3.7444,3.614,3.4837,3.3531,3.2225,3.1097,3.0086,3.0084,3.1076,1.4005,1.9972,2.5938,3.1903,3.7454,3.8788,4.0122,4.1456,4.279,4.4124,4.5459
0.7446,0.7382,0.7571,0.8107,0.8692,0.9411,1.013,1.0865,1.16,1.2337,1.3074,1.3711,0.93,1.4282,1.3723,1.31,1.2364,1.1626,1.0875,1.0124,0.9372,0.8619,0.7866,0.7113,0.6361,0.5608
2.6149,2.6219,2.6011,2.5423,2.478,2.3991,2.3201,2.2394,2.1586,2.0777,1.9968,1.5537,1.8642,1.8641,1.9256,1.994,2.0748,2.1558,2.2383,2.3208,2.4034,2.4861,2.5687,2.6514,2.7341,2.8168
2.1724,2.1537,2.2089,2.3654,2.5359,2.7456,2.9554,3.1699,3.3845,3.5994,3.8145,4.0001,4.1666,4.1669,4.0037,1.2427,1.7722,2.3016,2.8309,2.9538,2.7342,2.5146,2.295,2.0753,1.8557,1.636
1.8373,1.8216,1.8682,2.0005,2.1448,2.3221,2.4996,2.681,2.4261,1.8831,1.3402,0.8123,3.524,3.5242,3.3861,3.2324,3.0509,2.8689,2.6835,2.4982,2.3125,2.1268,1.941,1.7552,1.5695,1.3837
2.5314,2.5382,2.5181,2.4611,2.399,2.3226,2.2461,2.1679,2.0897,2.0114,1.9331,1.8654,1.8047,1.8046,1.6248,1.9304,2.0086,2.087,2.1668,2.2467,2.3267,2.4067,2.4868,2.5668,2.6468,2.7269
0.7583,0.7518,0.7711,0.8257,0.8852,0.9584,1.0316,1.1065,1.1814,1.2564,1.3315,1.3963,1.4544,0.5469,1.3975,1.3341,1.2592,1.184,1.1076,1.0311,0.9544,0.8778,0.8011,0.7244,0.6478,0.5711
4.6922,4.7048,4.6676,4.5619,4.4467,4.2803,3.7069,3.1338,2.5608,1.9877,1.5299,3.4577,3.3452,3.345,3.4553,3.5781,3.723,3.8684,4.0164,4.1644,4.3127,4.4611,4.6094,4.7578,4.9061,5.0545
10.0,10.0,10.0,9.9037,9.6536,9.3462,9.0385,8.7239,8.4093,8.0941,7.7788,7.5065,7.2623,7.2619,7.5013,7.7679,8.0826,8.3982,8.7195,9.0409,9.3628,9.6849,10.0,10.0,10.0,10.0
0.8736,0.8661,0.8883,0.9512,1.0198,1.1041,1.1885,1.2748,1.361,1.4475,1.534,1.2939,0.4532,1.6757,1.6101,1.5369,1.4507,1.3641,1.276,1.1878,1.0996,1.0112,0.9229,0.8346,0.7463,0.6579
2.3268,2.333,2.3146,2.2622,2.205,2.1348,2.0645,1.9927,1.9208,1.8488,1.7768,1.7146,1.6445,1.6587,1.7134,1.7743,1.8462,1.9183,1.9917,2.0651,2.1386,2.2122,2.2857,2.3593,2.4329,2.5065
1.1338,1.124,1.1528,1.2345,1.3235,1.4329,1.5424,1.6544,1.7663,1.8785,1.9907,2.0876,2.1745,2.1747,0.8687,1.5165,1.8826,1.7703,1.6559,1.5415,1.4269,1.3123,1.1977,1.0831,0.9685,0.8538
6.2425,5.7379,5.2344,4.7325,4.2311,3.7313,3.2315,2.7319,2.2323,10.0,10.0,10.0,10.0,10.0,10.0,10.0,10.0,10.0,10.0,10.0,10.0,10.0,10.0,10.0,10.0,10.0
3.2268,3.2355,3.2099,3.1372,3.058,2.9606,2.8631,2.7635,2.6638,2.564,2.4641,2.3778,2.3005,2.3004,0.9642,1.6714,2.3835,2.6603,2.7621,2.8639,2.9659,3.0679,3.1699,3.2719,3.374,3.476
0.7205,0.7143,0.7326,0.7845,0.8411,0.9106,0.9802,1.0514,1.1225,1.1938,1.2652,1.3267,1.382,1.3821,1.3279,1.2676,1.1964,1.1251,1.0524,0.9797,0.9069,0.834,0.7612,0.6883,0.6155,0.5426
3.0288,3.0369,3.0129,2.9446,2.8703,2.7789,2.6874,2.5938,2.5003,2.4066,1.8947,1.1253,2.1593,2.1591,2.2303,2.3096,2.4032,2.497,2.5926,2.6881,2.7838,2.8796,2.9753,3.0711,3.1669,3.2626
5.9178,5.867,6.0172,6.4434,6.9081,7.4791,8.0508,8.6352,9.2195,9.8051,10.0,10.0,10.0,10.0,10.0,10.0,1.6815,2.1838,2.6859,3.1881,3.6902,4.1923,4.6945,5.1966,5.0551,4.4567
1.2395,1.2288,1.2603,1.3496,1.4469,1.5665,1.6862,1.8086,1.931,2.0537,1.5118,0.8979,2.3773,2.3775,2.2843,2.1806,2.0581,1.9353,1.8103,1.6853,1.56,1.4347,1.3094,1.1841,1.0588,0.9335
2.353,2.3593,2.3407,2.2877,2.2299,2.1589,2.0878,2.0151,1.9425,1.8697,1.7968,1.7339,1.6775,0.8153,1.7327,1.7943,1.867,1.9399,2.0141,2.0884,2.1627,2.2371,2.3115,2.3859,2.4603,2.5347
0.8352,0.828,0.8492,0.9093,0.9749,1.0555,1.1362,1.2187,1.3011,1.3838,1.4664,1.5378,1.6018,0.4334,1.3208,1.4693,1.3868,1.304,1.2198,1.1355,1.0511,0.9667,0.8823,0.7978,0.7134,0.629
6.513,5.9865,5.4612,4.9375,4.4144,3.8929,6.9757,6.7329,6.4901,6.2469,6.0035,5.7933,5.6049,5.6046,5.7894,5.9951,6.238,6.4816,6.7296,6.9776,7.2261,7.4746,7.7231,7.9717,8.2203,8.4689
5.3495,5.3639,5.3214,5.2009,5.0695,4.9081,4.7465,4.5813,4.4161,4.2506,4.085,3.942,3.8138,3.8135,3.9393,4.0793,1.9037,2.3996,2.9514,3.5031,4.0549,4.6066,5.1583,5.4242,5.5934,5.7625
0.7761,0.7694,0.7892,0.8451,0.906,0.9809,1.0559,1.1325,1.2091,1.2859,1.3628,1.4291,0.6137,1.4887,1.4304,1.3654,1.2887,1.2118,1.1336,1.0553,0.9768,0.8984,0.8199,0.7414,0.663,0.5845
2.4551,2.4617,2.4422,2.3869,2.3266,2.2525,2.1784,2.1026,2.0267,1.9508,1.8748,1.8091,0.676,1.7502,1.8079,1.8722,1.948,2.0241,2.1015,2.179,2.2566,2.3342,2.4118,2.4894,2.567,2.6447
1.5816,1.568,1.6082,1.7221,1.8463,1.9989,2.1517,2.3079,2.4641,2.6206,2.7771,2.9123,3.0335,3.0338,0.752,1.3129,1.8722,2.4316,2.31,2.1505,1.9906,1.8308,1.6709,1.511,1.351,1.1911
2.701,2.6778,2.7463,2.9409,3.153,3.4136,3.3427,2.8259,2.3091,1.7924,1.2756,4.9734,5.1804,5.1808,4.9778,4.7517,4.4849,4.2173,3.9449,3.6724,3.3995,3.1264,2.8534,2.5803,2.3072,2.0341
2.7134,2.7207,2.6992,2.6381,2.5714,2.4896,2.4076,2.3238,2.24,2.156,2.072,1.9995,1.9345,1.9344,1.2613,2.0692,2.153,2.237,2.3226,2.4082,2.494,2.5798,2.6656,2.7514,2.8372,2.923
0.7311,0.7248,0.7434,0.796,0.8535,0.924,0.9946,1.0668,1.139,1.2113,1.2837,1.3462,1.4022,0.9359,1.3474,1.2862,1.214,1.1416,1.0678,0.9941,0.9202,0.8463,0.7724,0.6984,0.6245,0.5506
3.813,3.8232,3.7929,3.7071,3.6134,3.4984,3.3832,3.2654,2.789,2.1649,1.5408,2.8097,2.7183,2.7182,2.8078,2.9076,3.0254,3.1435,3.2638,3.3841,3.5046,3.6251,3.7457,3.8662,3.9868,4.1074
10.0,10.0,10.0,10.0,10.0,10.0,10.0,10.0,10.0,10.0,10.0,10.0,10.0,10.0,10.0,10.0,10.0,10.0,10.0,10.0,10.0,10.0,10.0,10.0,10.0,10.0
0.9687,0.9604,0.985,1.0548,1.1308,1.2243,1.3179,1.4135,1.5092,1.605,1.7009,1.0888,1.858,1.8581,1.7853,1.7042,1.6085,1.5126,1.4148,1.3171,1.2192,1.1213,1.0234,0.9254,0.8275,0.7295
2.2983,2.3045,2.2862,2.2345,2.178,2.1087,2.0393,1.9683,1.8973,1.8262,1.755,1.6936,1.6385,1.6384,1.6924,1.7526,1.8236,1.8948,1.9673,2.0398,2.1124,2.1851,2.2578,2.3304,2.4031,2.4758
0.9809,0.9724,0.9973,1.068,1.145,1.2396,1.3344,1.4312,1.5281,1.6251,1.7222,1.8061,1.8812,1.8814,0.9832,1.7166,1.6287,1.5315,1.4326,1.3336,1.2345,1.1354,1.0362,0.937,0.8378,0.7387
10.0,10.0,10.0,10.0,10.0,10.0,10.0,10.0,10.0,10.0,10.0,10.0,10.0,10.0,10.0,10.0,10.0,10.0,10.0,10.0,10.0,10.0,10.0,10.0,10.0,10.0
3.7425,3.7526,3.7228,3.6385,3.5466,3.4337,3.3207,3.2051,3.0895,2.9737,2.8579,2.7578,2.6681,2.668,2.7559,1.4797,2.1101,2.7405,3.2035,3.3215,3.4398,3.5581,3.6765,3.7948,3.9131,4.0315
0.7287,0.7224,0.741,0.7934,0.8507,0.921,0.9914,1.0633,1.1353,1.2074,1.2795,1.3418,1.3736,1.3978,1.343,1.282,1.21,1.1378,1.0643,0.9908,0.9172,0.8435,0.7698,0.6961,0.6225,0.5488
2.7345,2.7419,2.7202,2.6586,2.5914,2.5089,2.4263,2.3419,2.2574,2.1728,2.0882,1.3445,1.9495,1.9494,2.0137,2.0852,2.1697,2.2544,2.3407,2.427,2.5134,2.5998,2.6863,2.7727,2.8592,2.9457
2.8399,2.8155,2.8876,3.0922,3.3152,3.5892,3.8635,4.144,4.4244,4.7054,4.9865,5.2292,5.4469,5.4473,5.2339,1.2069,1.7211,2.2353,2.7493,3.2633,3.5743,3.2873,3.0002,2.713,2.4259,2.1387
1.5379,1.5246,1.5637,1.6744,1.7952,1.9436,2.0921,2.244,2.3959,1.9512,1.3887,0.8248,2.9496,2.9498,2.8342,2.7055,2.5536,2.4012,2.2461,2.091,1.9355,1.7801,1.6246,1.4691,1.3136,1.1582
2.4387,2.4452,2.4258,2.3709,2.311,2.2374,2.1638,2.0885,2.0132,1.9377,1.8622,1.797,1.7386,0.6714,1.7958,1.8596,1.9349,2.0105,2.0874,2.1644,2.2414,2.3185,2.3956,2.4727,2.5498,2.6269
0.7791,0.7724,0.7922,0.8483,0.9095,0.9846,1.0599,1.1368,1.2138,1.2909,1.368,1.4346,1.4943,0.436,1.4358,1.3706,1.2937,1.2165,1.1379,1.0593,0.9806,0.9018,0.823,0.7443,0.6655,0.5867
5.4983,5.5131,5.4694,5.1845,4.6352,4.0877,3.5402,2.9929,2.4456,1.9629,4.1986,4.0517,3.9199,3.9196,4.0489,4.1928,4.3626,4.533,4.7064,4.8799,5.0536,5.2274,5.4013,5.5751,5.749,5.9228
7.5056,7.5258,7.4662,7.2972,7.1129,6.8864,6.6596,6.4279,6.1961,5.9638,5.7315,5.5309,5.3509,5.3506,5.527,5.7235,5.9553,6.1879,6.4247,3.3771,3.8365,4.3586,4.8806,5.4026,5.9246,6.4467
0.8264,0.8193,0.8403,0.8998,0.9647,1.0445,1.1243,1.2059,1.2875,1.3693,1.4511,1.4714,0.4637,1.5852,1.5231,1.4539,1.3723,1.2904,1.207,1.1237,1.0401,0.9566,0.8731,0.7895,0.7059,0.6224
2.3538,2.3601,2.3414,2.2884,2.2306,2.1596,2.0885,2.0158,1.9431,1.8703,1.7974,1.7345,1.0372,1.678,1.7333,1.7949,1.8676,1.9405,2.0148,2.089,2.1634,2.2378,2.3122,2.3867,2.4611,2.5355
1.2604,1.2496,1.2816,1.3723,1.4713,1.5929,1.7147,1.8391,1.9636,2.0883,2.2131,2.3208,2.4174,2.4176,0.813,1.4194,2.0242,1.968,1.8408,1.7137,1.5863,1.4589,1.3315,1.2041,1.0766,0.9492
5.302,5.2564,5.2565,4.7524,4.2489,3.747,3.2451,2.7434,2.2417,1.7401,9.3096,9.7628,10.0,10.0,9.7714,9.3276,8.8039,8.2786,7.7438,7.209,6.6731,6.1372,5.6012,5.0651,4.529,3.9929
2.9837,2.9917,2.968,2.9008,2.8275,2.7375,2.6474,2.5552,2.4631,2.3708,2.2784,2.1987,2.1271,2.127,1.0454,1.8252,2.3674,2.4598,2.554,2.6481,2.7424,2.8367,2.931,3.0254,3.1197,3.2141
0.7184,0.7122,0.7305,0.7822,0.8386,0.9079,0.9773,1.0483,1.1192,1.1903,1.2614,1.3228,1.3779,1.3779,1.324,1.2638,1.1929,1.1217,1.0492,0.9768,0.9042,0.8315,0.7589,0.6863,0.6137,0.541
3.2592,3.268,3.2421,3.1687,3.0887,2.9903,2.8919,2.7912,2.6906,2.4267,1.7271,1.0257,2.3236,2.3234,2.4,2.4854,2.586,2.687,2.7898,2.8926,2.9956,3.0987,3.2017,3.3048,3.4078,3.5109
10.0,10.0,10.0,10.0,10.0,10.0,10.0,10.0,10.0,10.0,10.0,10.0,10.0,10.0,10.0,10.0,10.0,10.0,2.6588,3.1558,3.6529,4.1499,4.6469,5.144,5.641,6.138
1.1105,1.1009,1.1291,1.2091,1.2963,1.4035,1.5107,1.6204,1.73,1.8399,1.6067,0.9543,2.1299,2.13,2.0466,1.9536,1.8439,1.7339,1.6219,1.5099,1.3976,1.2854,1.1731,1.0609,0.9486,0.8363
2.3123,2.3185,2.3001,2.2481,2.1913,2.1215,2.0516,1.9802,1.9088,1.8373,1.7657,1.7039,1.6485,1.3358,1.7027,1.7633,1.8347,1.9063,1.9793,2.0522,2.1253,2.1984,2.2715,2.3446,2.4177,2.4908
0.878,0.8705,0.8928,0.956,1.0249,1.1097,1.1945,1.2812,1.3679,1.4548,1.5417,1.6167,1.684,0.4556,1.1579,1.5447,1.4579,1.3709,1.2824,1.1938,1.1051,1.0163,0.9276,0.8388,0.75,0.6612
6.3523,10.0,10.0,10.0,10.0,9.8908,9.5651,9.2322,8.8993,8.5657,8.232,7.9439,7.6855,7.685,7.9384,8.2206,8.5535,8.8875,9.2276,9.5677,9.9084,10.0,10.0,10.0,10.0,10.0
4.5574,4.5697,4.5335,4.4309,4.3189,4.1814,4.0437,3.903,3.7623,3.6212,3.4802,3.3583,3.2491,3.2489,3.356,3.4753,1.9237,2.4984,3.0729,3.6474,4.1889,4.3329,4.477,4.6211,4.7652,4.9093
0.751,0.7446,0.7637,0.8177,0.8767,0.9492,1.0217,1.0959,1.1701,1.2444,1.3187,1.3829,0.7717,1.4406,1.3841,1.3213,1.2471,1.1727,1.0969,1.0212,0.9453,0.8693,0.7934,0.7175,0.6415,0.5656
2.5338,2.5406,2.5205,2.4634,2.4012,2.3248,2.2482,2.17,2.0917,2.0133,1.9349,1.7103,0.6977,1.8063,1.8659,1.9322,2.0104,2.089,2.1689,2.2488,2.3289,2.409,2.4891,2.5692,2.6493,2.7295
1.8883,1.8721,1.92,2.056,2.2043,2.3865,2.5689,2.7554,2.9419,3.1287,3.3156,3.477,3.6218,3.622,3.4801,1.2598,1.7966,2.3333,2.758,2.5675,2.3767,2.1858,1.9949,1.8039,1.613,1.4221
2.0783,2.0604,2.1132,2.2629,2.4261,2.6266,2.8274,2.8928,2.3638,1.8348,1.3058,3.8268,3.9861,3.9864,3.8302,3.6563,3.451,3.2451,3.0354,2.8258,2.6157,2.4057,2.1956,1.9854,1.7753,1.5652
2.5802,2.5872,2.5667,2.5086,2.4452,2.3673,2.2894,2.2097,2.13,2.0502,1.9703,1.9014,1.8395,1.8394,1.4539,1.9676,2.0473,2.1272,2.2086,2.29,2.3716,2.4531,2.5347,2.6163,2.6979,2.7795
0.7426,0.7363,0.7551,0.8086,0.8669,0.9386,1.0103,1.0837,1.157,1.2305,1.304,1.3675,1.4244,0.6456,1.3687,1.3065,1.2332,1.1596,1.0847,1.0098,0.9347,0.8596,0.7845,0.7095,0.6344,0.5593
4.2838,4.2953,4.2613,4.1648,4.0596,3.9304,3.8007,3.2131,2.6256,2.038,1.4504,3.1567,3.054,3.0538,3.1545,3.2667,3.399,3.5317,3.6668,3.802,3.9374,4.0728,4.2082,4.3437,4.4791,4.6146
10.0,10.0,10.0,10.0,10.0,10.0,10.0,10.0,10.0,10.0,9.933,9.5853,9.2735,9.273,9.5787,9.9192,10.0,10.0,10.0,10.0,10.0,10.0,10.0,10.0,10.0,10.0
0.9016,0.8939,0.9168,0.9817,1.0525,1.1395,1.2266,1.3156,1.4046,1.4939,1.5831,1.1991,0.4677,1.7294,1.6616,1.5862,1.4971,1.4078,1.3168,1.2259,1.1348,1.0436,0.9525,0.8613,0.7702,0.679
2.3006,2.3068,2.2885,2.2367,2.1802,2.1108,2.0413,1.9703,1.8992,1.828,1.7568,1.6953,1.6402,1.6401,1.6941,1.7544,1.8254,1.8967,1.9693,2.0418,2.1146,2.1873,2.26,2.3328,2.4055,2.4782
1.0631,1.054,1.081,1.1575,1.241,1.3436,1.4463,1.5513,1.6563,1.7614,1.8667,1.9575,2.039,2.0392,0.9031,1.5768,1.7653,1.66,1.5527,1.4455,1.338,1.2306,1.1231,1.0156,0.9081,0.8006
6.2008,5.6995,5.1994,4.7008,4.2028,3.7063,3.2099,10.0,10.0,10.0,10.0,10.0,10.0,10.0,10.0,10.0,10.0,10.0,10.0,10.0,10.0,10.0,10.0,10.0,10.0,10.0
3.384,3.3931,3.3662,3.29,3.2069,3.1048,3.0025,2.898,2.7935,2.6888,2.5841,2.4936,2.4125,2.4124,1.0112,1.5824,2.2566,2.7899,2.8966,3.0034,3.1103,3.2173,3.3243,3.4313,3.5383,3.6453
0.719,0.7128,0.7311,0.7829,0.8393,0.9087,0.9782,1.0492,1.1202,1.1913,1.2625,1.3239,1.379,1.3791,1.3251,1.2649,1.1939,1.1227,1.0501,0.9776,0.9049,0.8323,0.7596,0.6869,0.6142,0.5415
2.8908,2.8986,2.8757,2.8106,2.7396,2.6523,2.565,2.4757,2.3865,2.297,2.0076,1.1923,2.061,2.0608,2.1288,2.2044,2.2937,2.3833,2.4745,2.5657,2.6571,2.7484,2.8398,2.9312,3.0226,3.1141
4.1601,4.1243,4.2299,4.5296,4.8562,5.2576,5.6595,6.0703,6.4811,6.8927,7.3045,7.6601,7.9789,7.9795,7.6668,7.3186,1.6857,2.1893,2.6927,3.1961,3.6995,4.2029,4.3948,3.9742,3.5536,3.1329
1.3302,1.3188,1.3526,1.4484,1.5528,1.6812,1.8097,1.941,2.0724,2.0419,1.4532,0.8631,2.5513,2.5515,2.4515,2.3402,2.2088,2.077,1.9428,1.8086,1.6742,1.5397,1.4053,1.2708,1.1363,1.0018
2.3702,2.3765,2.3577,2.3043,2.2461,2.1746,2.103,2.0298,1.9566,1.8833,1.8099,1.7466,1.6897,0.6548,1.7454,1.8074,1.8806,1.954,2.0288,2.1036,2.1785,2.2534,2.3283,2.4033,2.4782,2.5532
0.8078,0.8009,0.8214,0.8796,0.943,1.021,1.099,1.1788,1.2585,1.3385,1.4184,1.4875,1.5494,0.4192,1.4411,1.4212,1.3414,1.2614,1.1799,1.0984,1.0167,0.9351,0.8534,0.7717,0.6901,0.6084
6.593,6.06,5.5283,4.9982,4.4686,3.9408,3.4129,2.8853,5.5414,5.3337,5.1259,4.9465,4.7856,4.7853,4.943,5.1188,5.3261,5.5341,5.7458,5.9576,6.1697,6.3819,6.5942,6.8064,7.0186,7.2309
5.9716,5.9877,5.9403,5.8058,5.6591,5.4789,5.2985,5.1141,4.9297,4.7449,4.5601,4.4005,4.2573,4.2571,4.3974,4.5537,4.7382,2.3343,2.8711,3.4078,3.9446,4.4813,5.018,5.5548,6.0915,6.4327
0.7898,0.783,0.8031,0.8599,0.922,0.9982,1.0745,1.1524,1.2304,1.3086,1.3868,1.4543,0.543,1.5149,1.4555,1.3894,1.3114,1.2332,1.1535,1.0738,0.994,0.9142,0.8343,0.7545,0.6746,0.5948
2.401,2.4074,2.3884,2.3343,2.2753,2.2029,2.1303,2.0562,1.982,1.9078,1.8334,1.7693,0.7606,1.7116,1.768,1.8309,1.905,1.9794,2.0552,2.1309,2.2068,2.2827,2.3586,2.4345,2.5104,2.5864
1.4329,1.4206,1.4569,1.5601,1.6726,1.8109,1.9493,2.0908,2.2323,2.3741,2.5159,2.6384,2.7482,2.7484,0.7696,1.3436,1.916,2.2373,2.0928,1.9482,1.8034,1.6586,1.5137,1.3688,1.224,1.0791
3.3036,3.2752,3.359,3.597,3.8564,3.7934,3.2853,2.7774,2.2695,1.7616,1.2537,6.0829,6.3362,6.3366,6.0883,5.8118,5.4855,5.1582,4.825,4.4917,4.1579,3.8239,3.4899,3.1559,2.8219,2.4879
2.7942,2.8017,2.7795,2.7166,2.6479,2.5636,2.4792,2.3929,2.3066,2.2202,2.1337,2.059,1.992,1.9919,1.1623,2.0292,2.217,2.3036,2.3917,2.4799,2.5682,2.6565,2.7449,2.8332,2.9216,3.0099
0.722,0.7158,0.7341,0.7861,0.8428,0.9125,0.9822,1.0535,1.1248,1.1962,1.2677,1.3294,1.3848,1.2919,1.3306,1.2702,1.1989,1.1273,1.0545,0.9817,0.9087,0.8357,0.7627,0.6897,0.6167,0.5437
3.5602,3.5697,3.5415,3.4613,3.3739,3.2664,3.1589,3.0489,2.8921,2.2449,1.5977,1.0656,2.5381,2.538,2.6217,2.7148,2.8248,2.9351,3.0474,3.1597,3.2723,3.3848,3.4974,3.6099,3.7225,3.8351
10.0,10.0,10.0,10.0,10.0,10.0,10.0,10.0,10.0,10.0,10.0,10.0,10.0,10.0,10.0,10.0,10.0,10.0,10.0,10.0,10.0,10.0,4.6367,5.1327,5.6286,6.1246
1.0126,1.0039,1.0296,1.1025,1.182,1.2797,1.3775,1.4775,1.5775,1.6777,1.7298,1.0273,1.9421,1.9422,1.8661,1.7813,1.6813,1.581,1.4789,1.3767,1.2744,1.1721,1.0697,0.9673,0.8649,0.7626
2.2907,2.2968,2.2786,2.2271,2.1708,2.1017,2.0325,1.9617,1.891,1.8201,1.7492,1.688,1.6331,1.633,1.6868,1.7468,1.8175,1.8885,1.9608,2.033,2.1054,2.1778,2.2503,2.3227,2.3951,2.4675
0.9336,0.9256,0.9493,1.0166,1.0899,1.18,1.2702,1.3624,1.4546,1.5469,1.6394,1.7192,1.7907,1.7908,1.0375,1.6425,1.5503,1.4578,1.3636,1.2694,1.1751,1.0807,0.9863,0.8919,0.7975,0.7031
10.0,10.0,10.0,10.0,10.0,10.0,10.0,10.0,10.0,10.0,10.0,10.0,10.0,10.0,10.0,10.0,10.0,10.0,10.0,10.0,10.0,10.0,10.0,10.0,10.0,10.0
3.9946,4.0053,3.9736,3.8837,3.7856,3.665,3.5443,3.421,3.2976,3.174,3.0504,2.9436,2.8478,2.8477,2.9416,1.4191,2.0237,2.6283,3.2326,3.5453,3.6716,3.7978,3.9241,4.0504,4.1767,4.303
0.7331,0.7268,0.7454,0.7982,0.8557,0.9265,0.9973,1.0697,1.1421,1.2146,1.2872,1.3498,1.0527,1.4061,1.351,1.2897,1.2172,1.1446,1.0707,0.9967,0.9226,0.8485,0.7744,0.7003,0.6262,0.5521
2.64,2.6471,2.6261,2.5666,2.5018,2.4221,2.3424,2.2609,2.1793,2.0977,2.0159,1.4561,1.8821,1.882,1.944,2.0131,2.0947,2.1765,2.2597,2.343,2.4265,2.5099,2.5934,2.6769,2.7603,2.8438
2.3691,2.3487,2.4088,2.5795,2.7655,2.9941,3.2229,3.4569,3.6908,3.9252,4.1597,4.3622,4.5438,4.5441,4.3661,1.22,1.7398,2.2596,2.7791,3.2211,2.9817,2.7422,2.5027,2.2632,2.0237,1.7841
1.6983,1.6837,1.7268,1.8491,1.9824,2.1463,2.3104,2.4781,2.4413,1.895,1.3487,0.801,3.2572,3.2575,3.1298,2.9877,2.8199,2.6517,2.4804,2.3091,2.1374,1.9658,1.7941,1.6224,1.4507,1.279
2.4777,2.4844,2.4647,2.4089,2.3481,2.2733,2.1984,2.1219,2.0454,1.9688,1.8921,1.8258,1.7664,0.6821,1.7339,1.8894,1.9659,2.0427,2.1209,2.199,2.2774,2.3557,2.434,2.5124,2.5907,2.669
0.7608,0.7542,0.7736,0.8284,0.8881,0.9615,1.035,1.1101,1.1852,1.2605,1.3358,1.4008,1.4592,0.4951,1.4021,1.3384,1.2633,1.1879,1.1112,1.0344,0.9575,0.8806,0.8037,0.7268,0.6499,0.5729
4.9357,4.949,4.9098,4.7987,4.6775,4.1759,3.6165,3.0574,2.4983,1.9392,3.7691,3.6371,3.5188,3.5186,3.6346,3.7638,3.9163,4.0692,4.2249,4.3806,4.5366,4.6926,4.8487,5.0047,5.1608,5.3169
8.905,8.929,8.8582,8.6577,8.439,8.1703,7.9013,7.6263,7.3513,7.0757,6.8001,6.562,6.3486,6.3482,6.5575,6.7906,7.0657,7.3416,7.6225,7.9034,8.1849,8.4664,4.8513,5.3026,5.815,6.3274
0.8493,0.842,0.8635,0.9247,0.9914,1.0733,1.1554,1.2392,1.3231,1.4071,1.4912,1.3472,0.4406,1.629,1.5652,1.4941,1.4102,1.326,1.2404,1.1547,1.0689,0.983,0.8972,0.8113,0.7254,0.6396
2.3215,2.3277,2.3093,2.257,2.2,2.1299,2.0598,1.9881,1.9164,1.8446,1.7727,1.7107,1.3355,1.6549,1.7095,1.7702,1.842,1.9139,1.9871,2.0603,2.1337,2.2071,2.2805,2.3539,2.4273,2.5007
1.1711,1.1611,1.1908,1.2752,1.3671,1.4801,1.5933,1.7089,1.8246,1.9404,2.0564,2.1565,2.2462,2.2464,0.841,1.4683,1.9447,1.8286,1.7105,1.5924,1.474,1.3556,1.2372,1.1188,1.0004,0.882
6.2118,5.7097,5.2087,4.7092,4.2103,3.713,3.2156,2.7185,2.2214,10.0,10.0,10.0,10.0,10.0,10.0,10.0,10.0,10.0,10.0,10.0,10.0,9.7866,8.9318,8.077,7.2222,6.3673
3.1095,3.1178,3.0932,3.0231,2.9468,2.8529,2.759,2.663,2.567,2.4707,2.3745,2.2914,2.2168,2.2167,0.9828,1.7158,2.4468,2.5636,2.6617,2.7597,2.858,2.9563,3.0546,3.1529,3.2513,3.3496
0.7151,0.709,0.7272,0.7787,0.8348,0.9038,0.9729,1.0435,1.1141,1.1849,1.2557,1.3168,1.3716,1.3717,1.318,1.2581,1.1875,1.1166,1.0445,0.9724,0.9001,0.8278,0.7555,0.6832,0.6109,0.5386
3.0931,3.1014,3.0769,3.0072,2.9312,2.8379,2.7445,2.6489,2.5534,2.4577,1.8156,1.0783,2.2051,2.205,2.2777,2.3587,2.4542,2.55,2.6476,2.7452,2.843,2.9407,3.0385,3.1363,3.2341,3.3319
7.9224,7.8543,8.0555,8.626,9.2481,10.0,10.0,10.0,10.0,10.0,10.0,10.0,10.0,10.0,10.0,10.0,10.0,2.1618,2.6589,3.156,3.653,4.1501,4.6472,5.1442,5.6413,5.9664
1.1796,1.1695,1.1994,1.2844,1.377,1.4909,1.6048,1.7213,1.8378,1.9545,1.5371,0.9129,2.2625,2.2627,2.174,2.0753,1.9588,1.8419,1.7229,1.6039,1.4847,1.3654,1.2462,1.1269,1.0076,0.8884
2.3231,2.3294,2.3109,2.2586,2.2016,2.1315,2.0613,1.9895,1.9178,1.8459,1.774,1.7119,1.6562,0.9517,1.7107,1.7715,1.8433,1.9153,1.9886,2.0618,2.1353,2.2087,2.2822,2.3556,2.4291,2.5025
0.8459,0.8386,0.8601,0.921,0.9874,1.0691,1.1508,1.2343,1.3178,1.4015,1.4853,1.5576,1.6224,0.4389,1.246,1.4881,1.4046,1.3208,1.2355,1.1501,1.0646,0.9791,0.8936,0.8081,0.7226,0.637
6.4126,5.8942,5.377,4.8614,4.4453,7.9957,7.7324,7.4633,7.1942,6.9245,6.6548,6.4218,6.2129,6.2126,6.4174,6.6455,6.9147,7.1847,7.4596,7.7345,8.01,8.2854,8.561,8.8365,9.1121,9.3876
4.9877,5.0011,4.9615,4.8492,4.7267,4.5762,4.4255,4.2715,4.1175,3.9631,3.8087,3.6754,3.5559,3.5557,3.6729,3.8034,1.8649,2.4221,2.979,3.536,4.0929,4.6498,4.8997,5.0574,5.2151,5.3728
0.7619,0.7554,0.7747,0.8296,0.8894,0.963,1.0366,1.1118,1.187,1.2624,1.3379,1.403,0.6618,1.4615,1.4042,1.3404,1.2652,1.1897,1.1128,1.036,0.959,0.882,0.8049,0.7279,0.6509,0.5738
2.4704,2.477,2.4574,2.4017,2.3411,2.2665,2.1919,2.1156,2.0393,1.9629,1.8864,1.8204,0.6802,1.7611,1.8191,1.8838,1.9601,2.0366,2.1146,2.1925,2.2706,2.3487,2.4268,2.5049,2.583,2.6611
1.6766,1.6621,1.7047,1.8255,1.9571,2.1189,2.2808,2.4464,2.6119,2.7778,2.9438,3.0871,3.2156,3.2158,0.7439,1.2849,1.8323,2.3797,2.4487,2.2796,2.1101,1.9406,1.7711,1.6016,1.4321,1.2626
2.4106,2.3899,2.4511,2.6247,2.814,3.0466,3.2795,2.8352,2.3167,1.7983,1.2798,4.4387,4.6235,4.6238,4.4426,4.2409,4.0028,3.7639,3.5208,3.2776,3.034,2.7903,2.5466,2.3029,2.0592,1.8154
2.6465,2.6536,2.6326,2.573,2.508,2.4281,2.3482,2.2664,2.1847,2.1028,2.0209,1.9502,1.8867,1.8866,1.3211,2.0181,2.0998,2.1818,2.2653,2.3488,2.4325,2.5161,2.5998,2.6835,2.7671,2.8508
0.7315,0.7252,0.7438,0.7965,0.8539,0.9245,0.9951,1.0674,1.1396,1.212,1.2844,1.3469,1.403,0.7946,1.3481,1.2869,1.2146,1.1422,1.0684,0.9946,0.9207,0.8467,0.7728,0.6988,0.6248,0.5509
3.9585,3.9692,3.9377,3.8486,3.7514,3.6319,3.5123,3.3163,2.7098,2.1034,1.497,2.917,2.8221,2.822,2.915,3.0186,3.1409,3.2635,3.3884,3.5133,3.6384,3.7635,3.8887,4.0138,4.139,4.2642
10.0,10.0,10.0,10.0,10.0,10.0,10.0,10.0,10.0,10.0,10.0,10.0,10.0,10.0,10.0,10.0,10.0,10.0,10.0,10.0,10.0,10.0,10.0,10.0,10.0,10.0
0.9371,0.929,0.9528,1.0203,1.0939,1.1843,1.2748,1.3674,1.4599,1.5526,1.6454,1.1225,0.4861,1.7974,1.727,1.6486,1.556,1.4632,1.3687,1.2741,1.1794,1.0847,0.99,0.8952,0.8005,0.7057
2.2874,2.2936,2.2754,2.2239,2.1677,2.0987,2.0296,1.959,1.8883,1.8175,1.7467,1.6856,1.6308,1.6307,1.6844,1.7443,1.815,1.8858,1.958,2.0301,2.1024,2.1747,2.2471,2.3194,2.3917,2.464
1.0056,0.9969,1.0225,1.0949,1.1738,1.2709,1.368,1.4673,1.5666,1.6661,1.7656,1.8516,1.9287,1.9288,0.9463,1.6521,1.6697,1.5701,1.4687,1.3672,1.2656,1.164,1.0623,0.9606,0.859,0.7573
10.0,5.6929,5.1934,10.0,10.0,10.0,10.0,10.0,10.0,10.0,10.0,10.0,10.0,10.0,10.0,10.0,10.0,10.0,10.0,10.0,10.0,10.0,10.0,10.0,10.0,10.0
3.5795,3.5892,3.5607,3.4801,3.3922,3.2842,3.1761,3.0655,2.955,2.8442,2.7334,2.6377,2.5519,2.5518,2.6359,1.5098,2.1531,2.7963,3.064,3.1769,3.2901,3.4032,3.5164,3.6296,3.7427,3.8559
0.7215,0.7153,0.7336,0.7856,0.8422,0.9118,0.9815,1.0528,1.124,1.1954,1.2668,1.3285,1.3838,1.3839,1.3297,1.2693,1.198,1.1265,1.0538,0.981,0.9081,0.8351,0.7622,0.6892,0.6163,0.5433
2.7788,2.7863,2.7642,2.7017,2.6334,2.5496,2.4656,2.3798,2.294,2.208,2.122,1.276,1.9811,1.981,2.0463,2.119,2.2049,2.291,2.3786,2.4663,2.5541,2.642,2.7298,2.8177,2.9055,2.9934
3.2158,3.1882,3.2698,3.5014,3.754,4.0643,4.3749,4.6925,5.01,5.3282,5.6465,5.9214,6.1679,6.1683,5.9266,1.1917,1.6994,2.2072,2.7147,3.2222,3.7297,3.7224,3.3973,3.0721,2.747,2.4218
1.4448,1.4323,1.469,1.5731,1.6865,1.8259,1.9655,2.1082,2.2508,1.9757,1.4061,0.8351,2.771,2.7712,2.6626,2.5417,2.399,2.2559,2.1101,1.9644,1.8184,1.6723,1.5263,1.3802,1.2341,1.088
2.4011,2.4076,2.3885,2.3344,2.2755,2.203,2.1305,2.0563,1.9822,1.9079,1.8336,1.7694,1.7118,0.661,1.7682,1.831,1.9052,1.9796,2.0553,2.1311,2.207,2.2829,2.3588,2.4347,2.5106,2.5865
0.7863,0.7795,0.7995,0.8561,0.9179,0.9937,1.0697,1.1473,1.225,1.3028,1.3806,1.4478,1.5081,0.408,1.4491,1.3833,1.3056,1.2277,1.1484,1.0691,0.9896,0.9101,0.8306,0.7512,0.6717,0.5922
5.8799,5.8957,5.6292,5.0894,4.5502,4.0127,3.4752,2.9379,2.4007,4.672,4.49,4.3328,4.1919,4.1916,4.3298,4.4837,4.6654,4.8475,5.033,5.2185,5.4043,5.5902,5.7761,5.962,6.1479,6.3339
6.8064,6.8247,6.7706,6.6173,6.4502,6.2448,6.0392,5.829,5.6188,5.4082,5.1975,5.0156,4.8524,4.8522,5.0121,5.1903,5.4005,5.6114,2.8478,3.335,3.8603,4.3856,4.9108,5.4361,5.9614,6.4866
0.8086,0.8017,0.8222,0.8804,0.9439,1.0219,1.1001,1.1799,1.2598,1.3398,1.4198,1.4889,0.489,1.551,1.4902,1.4226,1.3427,1.2626,1.181,1.0994,1.0177,0.936,0.8542,0.7725,0.6907,0.609
2.3617,2.368,2.3493,2.2961,2.2381,2.1668,2.0955,2.0225,1.9496,1.8765,1.8034,1.7403,0.9071,1.6836,1.7391,1.8009,1.8739,1.947,2.0215,2.096,2.1707,2.2453,2.32,2.3947,2.4693,2.544
1.3156,1.3043,1.3377,1.4325,1.5358,1.6627,1.7898,1.9197,2.0497,2.1798,2.3101,2.4225,2.5234,2.5235,0.7926,1.3838,1.9734,2.0542,1.9215,1.7888,1.6559,1.5229,1.3899,1.2568,1.1238,0.9908
4.2906,4.2537,4.3627,4.6717,4.2517,3.7494,3.2472,2.7452,2.2432,1.7412,7.5337,7.9005,8.2293,8.2299,7.9074,7.5483,7.1245,6.6994,6.2666,5.8338,5.4002,4.9665,4.5327,4.0989,3.6651,3.2313
2.8969,2.9047,2.8817,2.8165,2.7453,2.6579,2.5704,2.481,2.3915,2.3018,2.2122,2.1347,2.0653,2.0652,1.0829,1.8905,2.2986,2.3883,2.4797,2.5711,2.6627,2.7542,2.8458,2.9374,3.029,3.1206
0.717,0.7108,0.729,0.7806,0.8369,0.9061,0.9754,1.0462,1.117,1.1879,1.2589,1.3202,1.3751,1.3752,1.3213,1.2613,1.1905,1.1195,1.0472,0.9748,0.9024,0.8299,0.7574,0.6849,0.6124,0.5399
3.355,3.364,3.3374,3.2618,3.1794,3.0782,2.9768,2.8732,2.7696,2.345,1.6689,1.0042,2.3919,2.3917,2.4706,2.5584,2.662,2.766,2.8718,2.9776,3.0837,3.1897,3.2958,3.4019,3.508,3.6141
10.0,10.0,10.0,10.0,10.0,10.0,10.0,10.0,10.0,10.0,10.0,10.0,10.0,10.0,10.0,10.0,10.0,10.0,10.0,3.1414,3.6362,4.1309,4.6257,5.1205,5.6152,6.11
1.0671,1.0579,1.085,1.1618,1.2456,1.3486,1.4516,1.557,1.6624,1.768,1.6455,0.9773,2.0466,2.0467,1.9665,1.8772,1.7718,1.6661,1.5585,1.4508,1.343,1.2351,1.1273,1.0194,0.9115,0.8036
2.2957,2.3019,2.2837,2.232,2.1756,2.1063,2.037,1.9661,1.8952,1.8241,1.7531,1.6917,1.6367,1.6366,1.6905,1.7506,1.8215,1.8927,1.9651,2.0375,2.1101,2.1826,2.2552,2.3278,2.4004,2.473
0.8953,0.8876,0.9103,0.9748,1.0451,1.1315,1.218,1.3064,1.3948,1.4834,1.572,1.6485,1.7171,1.7173,1.1049,1.575,1.4866,1.3979,1.3076,1.2173,1.1268,1.0363,0.9458,0.8553,0.7648,0.6742
10.0,10.0,10.0,10.0,10.0,10.0,10.0,10.0,10.0,9.9892,9.6,9.264,8.9627,8.9621,9.2576,9.5867,9.975,10.0,10.0,10.0,10.0,10.0,10.0,10.0,10.0,10.0
4.3104,4.322,4.2877,4.1907,4.0848,3.9547,3.8245,3.6914,3.5583,3.4249,3.2915,3.1763,3.073,3.0728,3.1741,1.4008,1.9541,2.5378,3.1214,3.7049,3.9618,4.0981,4.2343,4.3706,4.5069,4.6432
0.7416,0.7353,0.7541,0.8075,0.8657,0.9373,1.0089,1.0822,1.1554,1.2288,1.3022,1.3656,0.8564,1.4225,1.3668,1.3047,1.2315,1.158,1.0832,1.0084,0.9334,0.8584,0.7835,0.7085,0.6335,0.5585
2.565,2.5719,2.5515,2.4937,2.4308,2.3534,2.2759,2.1967,2.1175,2.0381,1.9587,1.5983,0.7063,1.8285,1.8888,1.956,2.0352,2.1147,2.1956,2.2765,2.3576,2.4386,2.5197,2.6008,2.6819,2.763
2.0403,2.0228,2.0746,2.2216,2.3818,2.5786,2.7757,2.9772,3.1787,3.3806,3.5825,3.7569,3.9133,3.9136,3.7603,1.2404,1.7689,2.2974,2.8256,2.7742,2.568,2.3617,2.1555,1.9492,1.7429,1.5366
1.9089,1.8925,1.941,2.0785,2.2284,2.4125,2.5969,2.7854,2.3854,1.8516,1.3178,0.8439,3.6613,3.6615,3.518,3.3583,3.1697,2.9806,2.788,2.5955,2.4026,2.2096,2.0166,1.8236,1.6306,1.4376
2.5325,2.5393,2.5192,2.4622,2.4,2.3236,2.2471,2.1688,2.0906,2.0123,1.9339,1.8662,1.8055,1.8054,1.5447,1.9312,2.0094,2.0879,2.1678,2.2477,2.3277,2.4078,2.4878,2.5679,2.648,2.728
0.7473,0.7408,0.7598,0.8136,0.8723,0.9444,1.0166,1.0904,1.1642,1.2381,1.3121,1.376,1.4332,0.5768,1.3772,1.3146,1.2408,1.1668,1.0914,1.016,0.9405,0.865,0.7894,0.7139,0.6383,0.5628
4.4983,4.5104,4.4746,4.3733,4.2629,4.1271,3.7176,3.1429,2.5681,1.9934,1.4666,3.3147,3.2069,3.2067,3.3125,3.4302,3.5691,3.7085,3.8504,3.9923,4.1345,4.2767,4.4189,4.5611,4.7034,4.8456
10.0,10.0,10.0,10.0,10.0,10.0,9.7886,9.4479,9.1072,8.7658,8.4243,8.1294,7.865,7.8645,8.1238,8.4126,8.7534,9.0952,9.4432,9.7912,10.0,10.0,10.0,10.0,10.0,10.0
0.8785,0.8709,0.8933,0.9565,1.0255,1.1103,1.1951,1.2819,1.3686,1.4556,1.5425,1.2482,0.4557,1.6851,1.619,1.5455,1.4587,1.3717,1.2831,1.1945,1.1057,1.0169,0.9281,0.8392,0.7504,0.6616
2.3024,2.3086,2.2903,2.2385,2.1819,2.1125,2.0429,1.9718,1.9007,1.8295,1.7582,1.6966,1.6414,1.6414,1.6955,1.7557,1.8269,1.8982,1.9708,2.0435,2.1162,2.189,2.2618,2.3346,2.4074,2.4802
1.0991,1.0896,1.1175,1.1967,1.283,1.389,1.4952,1.6037,1.7123,1.821,1.9298,2.0238,2.108,2.1081,0.8761,1.5296,1.825,1.7161,1.6052,1.4944,1.3833,1.2722,1.1611,1.05,0.9388,0.8277
6.1895,5.6892,5.19,4.6923,4.1952,3.6996,3.204,2.7087,10.0,10.0,10.0,10.0,10.0,10.0,10.0,10.0,10.0,10.0,10.0,10.0,10.0,10.0,10.0,10.0,10.0,10.0
3.2658,3.2745,3.2486,3.1751,3.0949,2.9963,2.8977,2.7968,2.696,2.5949,2.4938,2.4065,2.3282,2.3281,0.9758,1.6268,2.3199,2.6924,2.7954,2.8984,3.0017,3.1049,3.2081,3.3114,3.4147,3.5179
0.7158,0.7097,0.7279,0.7794,0.8356,0.9047,0.9738,1.0445,1.1152,1.1861,1.2569,1.3181,1.373,1.3731,1.3193,1.2593,1.1886,1.1177,1.0455,0.9733,0.901,0.8286,0.7562,0.6839,0.6115,0.5391
2.9581,2.966,2.9425,2.8759,2.8033,2.714,2.6246,2.5333,2.442,2.3504,1.9253,1.1435,2.1089,2.1088,2.1783,2.2557,2.3471,2.4387,2.532,2.6254,2.7188,2.8124,2.9059,2.9994,3.0929,3.1865
5.0697,5.0261,5.1549,5.52,5.9181,6.4073,6.897,7.3976,7.8982,8.3999,8.9017,9.335,9.7236,9.7243,9.3433,8.9189,1.6739,2.1739,2.6738,3.1736,3.6735,4.1733,4.6732,4.8432,4.3306,3.818
1.2657,1.2548,1.287,1.3781,1.4775,1.5996,1.7219,1.8469,1.9719,2.0809,1.481,0.8796,2.4276,2.4278,2.3326,2.2267,2.1017,1.9763,1.8486,1.7209,1.593,1.4651,1.3371,1.2092,1.0812,0.9532
2.3471,2.3535,2.3348,2.282,2.2243,2.1535,2.0826,2.0101,1.9376,1.865,1.7923,1.7296,1.6733,0.7418,1.7284,1.7898,1.8623,1.9351,2.0091,2.0831,2.1573,2.2315,2.3057,2.3799,2.4542,2.5284
0.8203,0.8133,0.8341,0.8932,0.9576,1.0367,1.116,1.197,1.278,1.3591,1.4403,1.5105,1.5733,0.4256,1.3572,1.4431,1.3621,1.2808,1.1981,1.1154,1.0324,0.9495,0.8666,0.7837,0.7007,0.6178
6.5104,5.9842,5.4591,4.9356,4.4127,3.8914,3.3702,6.2891,6.0623,5.8351,5.6078,5.4115,5.2355,5.2352,5.4077,5.6,5.8268,6.0543,6.286,6.5177,6.7498,6.9819,7.2141,7.4463,7.6785,7.9107
5.5433,5.5582,5.5141,5.3893,5.2532,5.0859,4.9184,4.7473,4.5761,4.4046,4.233,4.0848,3.9519,3.9517,4.082,4.2271,4.3983,2.3627,2.906,3.4493,3.9925,4.5358,5.079,5.6207,5.796,5.9713
0.7775,0.7709,0.7906,0.8466,0.9077,0.9827,1.0578,1.1346,1.2114,1.2883,1.3653,1.4317,0.5819,1.4914,1.433,1.3679,1.2911,1.2141,1.1356,1.0572,0.9786,0.9,0.8214,0.7428,0.6642,0.5856
2.4229,2.4294,2.4101,2.3556,2.2961,2.223,2.1498,2.0749,2.0001,1.9252,1.8502,1.7854,0.6908,1.7272,1.7842,1.8476,1.9224,1.9975,2.0739,2.1503,2.2269,2.3035,2.3801,2.4567,2.5333,2.6099
1.5146,1.5015,1.54,1.6491,1.768,1.9142,2.0605,2.21,2.3596,2.5094,2.6594,2.7888,2.9049,2.9051,0.7552,1.3184,1.8801,2.3649,2.2121,2.0593,1.9062,1.7531,1.6,1.4469,1.2938,1.1406
2.8898,2.865,2.9384,3.1465,3.3734,3.6522,3.3059,2.7948,2.2837,1.7727,1.2616,5.3211,5.5426,5.543,5.3258,5.0839,4.7985,4.5122,4.2207,3.9292,3.6371,3.345,3.0529,2.7607,2.4685,2.1763
2.7318,2.7392,2.7175,2.656,2.5889,2.5064,2.4239,2.3395,2.2552,2.1707,2.0861,2.0131,1.9476,1.9475,1.2164,2.0832,2.1676,2.2522,2.3384,2.4246,2.5109,2.5973,2.6836,2.77,2.8564,2.9428
0.7246,0.7183,0.7367,0.7889,0.8458,0.9157,0.9857,1.0573,1.1288,1.2005,1.2722,1.3342,1.3897,1.0413,1.3353,1.2747,1.2031,1.1313,1.0583,0.9852,0.9119,0.8387,0.7654,0.6922,0.6189,0.5457
3.6974,3.7074,3.678,3.5947,3.5039,3.3924,3.2807,3.1665,2.8159,2.1858,1.5556,2.7246,2.636,2.6358,2.7227,2.8195,2.9337,3.0483,3.1649,3.2816,3.3984,3.5153,3.6322,3.7491,3.866,3.9829
10.0,10.0,10.0,10.0,10.0,10.0,10.0,10.0,10.0,10.0,10.0,10.0,10.0,10.0,10.0,10.0,10.0,10.0,10.0,10.0,10.0,10.0,10.0,10.0,10.0,6.1303
0.9812,0.9728,0.9977,1.0683,1.1454,1.2401,1.3348,1.4317,1.5286,1.6257,1.7228,1.0604,1.8819,1.882,1.8083,1.7262,1.6293,1.532,1.4331,1.3341,1.2349,1.1357,1.0365,0.9373,0.8381,0.7389
2.2869,2.293,2.2749,2.2234,2.1672,2.0982,2.0291,1.9585,1.8879,1.8171,1.7463,1.6852,1.6304,1.6303,1.684,1.7439,1.8145,1.8854,1.9575,2.0297,2.1019,2.1742,2.2465,2.3188,2.3911,2.4635
0.9589,0.9506,0.975,1.044,1.1193,1.2118,1.3045,1.3991,1.4938,1.5887,1.6836,1.7656,1.8391,1.8392,0.9996,1.6869,1.5922,1.4972,1.4004,1.3037,1.2068,1.1099,1.013,0.916,0.8191,0.7221
10.0,10.0,10.0,10.0,10.0,10.0,10.0,10.0,10.0,10.0,10.0,10.0,10.0,10.0,10.0,10.0,10.0,10.0,10.0,10.0,10.0,10.0,10.0,10.0,10.0,10.0
3.8218,3.8321,3.8017,3.7157,3.6218,3.5065,3.391,3.273,3.155,3.0367,2.9184,2.8163,2.7247,2.7245,2.8143,1.4511,2.0693,2.6875,3.2714,3.392,3.5127,3.6336,3.7544,3.8752,3.9961,4.1169
0.728,0.7217,0.7402,0.7927,0.8498,0.9201,0.9904,1.0623,1.1342,1.2062,1.2783,1.3405,1.2267,1.3964,1.3417,1.2807,1.2088,1.1367,1.0633,0.9898,0.9163,0.8427,0.7691,0.6955,0.6219,0.5483
2.6893,2.6965,2.6752,2.6146,2.5485,2.4674,2.3862,2.3031,2.2201,2.1368,2.0536,1.3806,1.9173,1.9171,1.9803,2.0507,2.1338,2.2171,2.302,2.3868,2.4718,2.5568,2.6418,2.7269,2.8119,2.8969
2.632,2.6094,2.6762,2.8658,3.0725,3.3265,3.5807,3.8406,4.1005,4.3609,4.6215,4.8465,5.0482,5.0485,4.8507,1.2082,1.723,2.2377,2.7523,3.2668,3.3127,3.0466,2.7805,2.5144,2.2483,1.9822
1.5907,1.577,1.6174,1.7319,1.8568,2.0103,2.164,2.3211,2.4781,1.9238,1.3692,0.8132,3.0509,3.0511,2.9315,2.7984,2.6413,2.4837,2.3232,2.1628,2.002,1.8412,1.6804,1.5196,1.3588,1.1979
2.4466,2.4532,2.4337,2.3786,2.3186,2.2447,2.1708,2.0953,2.0197,1.944,1.8683,1.8029,1.7442,0.6736,1.8016,1.8657,1.9412,2.0171,2.0942,2.1714,2.2487,2.3261,2.4034,2.4808,2.5581,2.6355
0.77,0.7633,0.7829,0.8383,0.8988,0.9731,1.0475,1.1235,1.1995,1.2757,1.3519,1.4178,1.4768,0.4556,1.419,1.3546,1.2785,1.2022,1.1246,1.0469,0.9691,0.8912,0.8134,0.7356,0.6577,0.5799
5.256,5.2702,5.2284,5.1101,4.661,4.1104,3.5598,3.0095,2.4591,1.9088,4.0136,3.8731,3.7472,3.7469,3.8705,4.0081,4.1704,4.3333,4.4991,4.6649,4.831,4.9971,5.1633,5.3295,5.4957,5.6619
7.9645,7.9859,7.9227,7.7433,7.5477,7.3074,7.0668,6.8208,6.5749,6.3284,6.0819,5.869,5.6781,5.6777,5.8649,6.0734,6.3194,6.5662,6.8174,7.0687,3.8353,4.317,4.8341,5.3511,5.8682,6.3852
0.8331,0.8259,0.8471,0.9071,0.9725,1.0528,1.1333,1.2156,1.2978,1.3803,1.4627,1.4181,0.4469,1.5979,1.5353,1.4656,1.3833,1.3008,1.2167,1.1327,1.0485,0.9643,0.8801,0.7958,0.7116,0.6274
2.3362,2.3425,2.324,2.2713,2.214,2.1435,2.0729,2.0008,1.9286,1.8563,1.784,1.7216,1.1313,1.6655,1.7204,1.7815,1.8537,1.9261,1.9998,2.0735,2.1473,2.2212,2.295,2.3689,2.4428,2.5166
1.2223,1.2118,1.2428,1.3308,1.4268,1.5448,1.6628,1.7835,1.9042,2.0252,2.1462,2.2506,2.3443,2.3445,0.8218,1.4347,2.0296,1.9085,1.7852,1.6619,1.5384,1.4148,1.2912,1.1677,1.0441,0.9205
6.1685,5.7308,5.228,4.7267,4.2259,3.7267,3.2275,2.7285,2.2296,1.7306,10.0,10.0,10.0,10.0,10.0,10.0,10.0,9.6315,9.0093,8.3871,7.7636,7.1401,6.5165,5.8928,5.2691,4.6455
3.0249,3.033,3.009,2.9409,2.8666,2.7753,2.6839,2.5905,2.4971,2.4035,2.3099,2.229,2.1565,2.1564,1.0188,1.7786,2.4001,2.4938,2.5892,2.6846,2.7802,2.8759,2.9715,3.0671,3.1628,3.2584
0.7159,0.7098,0.7279,0.7795,0.8357,0.9048,0.974,1.0447,1.1153,1.1862,1.257,1.3182,1.3731,1.3732,1.3194,1.2595,1.1888,1.1178,1.0456,0.9734,0.9011,0.8287,0.7563,0.6839,0.6115,0.5392
3.1887,3.1973,3.172,3.1002,3.0219,2.9257,2.8293,2.7308,2.6324,2.4687,1.757,1.0435,2.2733,2.2732,2.3481,2.4316,2.5301,2.6289,2.7295,2.8301,2.9309,3.0317,3.1325,3.2333,3.3341,3.435
10.0,10.0,10.0,10.0,10.0,10.0,10.0,10.0,10.0,10.0,10.0,10.0,10.0,10.0,10.0,10.0,10.0,2.1585,2.6549,3.1512,3.6475,4.1438,4.6402,5.1365,5.6328,6.1291
1.1343,1.1246,1.1534,1.2351,1.3241,1.4336,1.5432,1.6552,1.7672,1.8794,1.5773,0.9368,2.1756,2.1757,2.0905,1.9956,1.8835,1.7711,1.6567,1.5423,1.4277,1.313,1.1983,1.0836,0.9689,0.8543
2.3135,2.3198,2.3014,2.2493,2.1925,2.1227,2.0528,1.9813,1.9099,1.8383,1.7667,1.7048,1.6494,1.1563,1.7037,1.7642,1.8357,1.9074,1.9803,2.0533,2.1264,2.1996,2.2727,2.3459,2.419,2.4922
0.8645,0.8571,0.879,0.9413,1.0092,1.0926,1.1761,1.2615,1.3468,1.4324,1.518,1.5919,1.6581,0.4486,1.1886,1.5209,1.4355,1.3499,1.2627,1.1755,1.0881,1.0007,0.9133,0.8259,0.7385,0.6511
6.3687,5.8539,9.825,9.6025,9.36,9.0619,8.7636,8.4586,8.1536,7.8479,7.5422,7.2782,7.0414,7.041,7.2732,7.5317,7.8368,8.1428,8.4544,8.7659,9.0781,9.3903,9.7026,10.0,10.0,10.0
4.7083,4.7209,4.6835,4.5775,4.4619,4.3198,4.1776,4.0322,3.8868,3.7411,3.5953,3.4695,3.3566,3.3564,3.4671,3.5903,1.8992,2.4666,3.0337,3.6009,4.168,4.4763,4.6252,4.7741,4.9229,5.0718
0.7546,0.7481,0.7673,0.8216,0.8808,0.9537,1.0265,1.1011,1.1756,1.2502,1.3249,1.3894,0.7252,1.4474,1.3907,1.3275,1.253,1.1782,1.1021,1.026,0.9497,0.8734,0.7972,0.7209,0.6446,0.5683
2.5076,2.5143,2.4944,2.4379,2.3764,2.3007,2.225,2.1475,2.0701,1.9925,1.9149,1.7821,0.6905,1.7876,1.8466,1.9122,1.9896,2.0673,2.1464,2.2256,2.3048,2.3841,2.4634,2.5426,2.6219,2.7012
1.8006,1.7851,1.8308,1.9605,2.1019,2.2756,2.4496,2.6274,2.8052,2.9833,3.1616,3.3155,3.4535,3.4537,0.799,1.2686,1.8091,2.3495,2.6298,2.4482,2.2662,2.0842,1.9022,1.7201,1.5381,1.356
2.1927,2.1738,2.2295,2.3874,2.5596,2.7712,2.983,2.8694,2.3446,1.8199,1.2953,4.0375,4.2055,4.2058,4.041,3.8575,3.6409,3.4237,3.2025,2.9813,2.7597,2.5381,2.3164,2.0947,1.873,1.6513
2.6043,2.6113,2.5906,2.532,2.468,2.3894,2.3108,2.2303,2.1499,2.0693,1.9887,1.9191,1.8567,1.8566,1.3998,1.986,2.0664,2.1471,2.2292,2.3114,2.3937,2.476,2.5584,2.6407,2.7231,2.8054
0.7382,0.7319,0.7506,0.8038,0.8618,0.933,1.0043,1.0772,1.1501,1.2231,1.2962,1.3593,1.4159,0.6952,1.3605,1.2987,1.2258,1.1527,1.0782,1.0037,0.9291,0.8545,0.7799,0.7052,0.6306,0.556
4.1534,4.1645,4.1316,4.038,3.936,3.8107,3.6852,3.2515,2.6569,2.0623,1.4678,3.0606,2.961,2.9609,3.0585,3.1672,3.2955,3.4242,3.5552,3.6862,3.8175,3.9488,4.0801,4.2114,4.3427,4.4741
10.0,10.0,10.0,10.0,10.0,10.0,10.0,10.0,10.0,10.0,10.0,10.0,10.0,10.0,10.0,10.0,10.0,10.0,10.0,10.0,10.0,10.0,10.0,10.0,10.0,6.2
0.915,0.9071,0.9303,0.9962,1.0681,1.1564,1.2448,1.3351,1.4255,1.516,1.6066,1.1689,0.4746,1.755,1.6863,1.6097,1.5193,1.4287,1.3364,1.2441,1.1516,1.0591,0.9666,0.8741,0.7816,0.6891
2.2962,2.3024,2.2842,2.2325,2.1761,2.1068,2.0374,1.9665,1.8956,1.8245,1.7535,1.6921,1.637,1.6369,1.6909,1.751,1.8219,1.8931,1.9655,2.038,2.1105,2.1831,2.2557,2.3283,2.4009,2.4735
1.0408,1.0319,1.0583,1.1333,1.215,1.3154,1.416,1.5188,1.6215,1.7245,1.8276,1.9165,1.9963,1.9964,0.9195,1.6053,1.7283,1.6252,1.5202,1.4152,1.31,1.2048,1.0996,0.9943,0.8891,0.7839
6.2013,5.7,5.1999,4.7012,4.2031,3.7066,10.0,10.0,10.0,10.0,10.0,10.0,10.0,10.0,10.0,10.0,10.0,10.0,10.0,10.0,10.0,10.0,10.0,10.0,10.0,10.0
3.4582,3.4675,3.4401,3.3622,3.2773,3.1729,3.0684,2.9616,2.8548,2.7478,2.6408,2.5483,2.4655,2.4653,2.5466,1.5549,2.2174,2.8511,2.9602,3.0693,3.1786,3.2879,3.3972,3.5066,3.6159,3.7252
0.7205,0.7143,0.7326,0.7845,0.8411,0.9106,0.9802,1.0513,1.1225,1.1938,1.2651,1.3267,1.3819,1.382,1.3278,1.2675,1.1964,1.125,1.0523,0.9796,0.9068,0.834,0.7612,0.6883,0.6155,0.5426
2.8496,2.8572,2.8346,2.7704,2.7005,2.6145,2.5284,2.4404,2.3524,2.2642,2.0609,1.224,2.0315,2.0314,2.0984,2.173,2.261,2.3493,2.4392,2.5291,2.6191,2.7092,2.7993,2.8894,2.9795,3.0696
3.7448,3.7126,3.8077,4.0774,4.3714,4.7327,5.0945,5.4643,5.8341,6.2046,6.5753,6.8954,7.1824,7.1829,6.9014,6.588,1.6926,2.1983,2.7037,3.2092,3.7146,4.2201,3.956,3.5774,3.1988,2.8202
1.3732,1.3614,1.3963,1.4952,1.603,1.7355,1.8682,2.0038,2.1394,2.0183,1.4365,0.8531,2.6338,2.634,2.5308,2.4159,2.2802,2.1442,2.0057,1.8671,1.7284,1.5895,1.4507,1.3119,1.173,1.0342
2.3848,2.3912,2.3723,2.3186,2.26,2.1881,2.116,2.0424,1.9687,1.8949,1.8211,1.7574,1.7002,0.6566,1.7562,1.8186,1.8922,1.9661,2.0414,2.1166,2.192,2.2674,2.3428,2.4182,2.4936,2.569
0.8006,0.7937,0.814,0.8717,0.9345,1.0118,1.0891,1.1681,1.2472,1.3264,1.4057,1.4741,1.5354,0.4154,1.4754,1.4084,1.3293,1.25,1.1692,1.0885,1.0076,0.9267,0.8457,0.7648,0.6838,0.6029
6.3778,6.1108,5.5746,5.04,4.506,3.9737,3.4415,2.9094,2.4743,5.0677,4.8703,4.6998,4.5469,4.5466,4.6965,4.8635,5.0605,5.2581,5.4593,5.6605,5.8621,6.0637,6.2653,6.467,6.6686,6.8703
6.2747,6.2916,6.2418,6.1005,5.9464,5.757,5.5675,5.3737,5.1799,4.9858,4.7915,4.6238,4.4734,4.4731,4.6206,4.7849,4.9787,5.1731,2.8519,3.3851,3.9182,4.4513,4.9845,5.5176,6.0508,6.5839
0.7982,0.7914,0.8116,0.8691,0.9318,1.0088,1.0859,1.1648,1.2436,1.3226,1.4016,1.4698,0.5219,1.5311,1.4711,1.4043,1.3254,1.2464,1.1658,1.0853,1.0046,0.924,0.8433,0.7626,0.6819,0.6011
2.3902,2.3966,2.3776,2.3238,2.2651,2.193,2.1208,2.0469,1.9731,1.8992,1.8252,1.7613,0.812,1.7039,1.7601,1.8227,1.8965,1.9705,2.0459,2.1213,2.1969,2.2724,2.348,2.4236,2.4991,2.5747
1.3884,1.3765,1.4118,1.5118,1.6208,1.7548,1.8889,2.026,2.1631,2.3005,2.4379,2.5566,2.663,2.6632,0.7797,1.3613,1.9413,2.1679,2.0279,1.8878,1.7475,1.6072,1.4668,1.3264,1.186,1.0456
3.6289,3.5977,3.6899,3.9513,4.2362,3.7843,3.2774,2.7707,2.264,1.7574,1.2942,6.6821,6.9602,6.9607,6.688,6.3842,6.0258,5.6663,5.3002,4.9342,4.5674,4.2006,3.8337,3.4668,3.0999,2.733
2.8387,2.8463,2.8238,2.7598,2.6901,2.6045,2.5187,2.4311,2.3434,2.2556,2.1677,2.0918,2.0238,2.0236,1.1331,1.9783,2.2523,2.3403,2.4298,2.5194,2.6091,2.6988,2.7886,2.8784,2.9681,3.0579
0.7217,0.7155,0.7338,0.7858,0.8425,0.9121,0.9818,1.0531,1.1244,1.1958,1.2672,1.3289,1.3842,1.3843,1.3301,1.2697,1.1984,1.1269,1.0541,0.9813,0.9084,0.8354,0.7624,0.6895,0.6165,0.5435
3.4874,3.4968,3.4691,3.3905,3.3049,3.1997,3.0943,2.9866,2.8789,2.2876,1.6281,1.0438,2.4862,2.4861,2.5681,2.6593,2.7671,2.8751,2.9851,3.0951,3.2054,3.3156,3.4259,3.5361,3.6464,3.7567
10.0,10.0,10.0,10.0,10.0,10.0,10.0,10.0,10.0,10.0,10.0,10.0,10.0,10.0,10.0,10.0,10.0,10.0,10.0,10.0,3.6508,4.1475,4.6443,5.141,5.6378,6.1345
1.0354,1.0265,1.0528,1.1274,1.2087,1.3086,1.4086,1.5109,1.6131,1.7156,1.7011,1.0103,1.9859,1.9861,1.9082,1.8216,1.7193,1.6167,1.5123,1.4078,1.3032,1.1985,1.0938,0.9892,0.8845,0.7798
2.299,2.3051,2.2869,2.2351,2.1786,2.1093,2.0398,1.9688,1.8978,1.8267,1.7555,1.6941,1.639,1.6389,1.6929,1.7531,1.8241,1.8953,1.9679,2.0404,2.113,2.1857,2.2584,2.3311,2.4038,2.4765
0.9213,0.9134,0.9368,1.0031,1.0754,1.1643,1.2533,1.3443,1.4353,1.5264,1.6176,1.6964,1.767,1.7671,1.0653,1.6208,1.5298,1.4385,1.3456,1.2526,1.1595,1.0664,0.9733,0.8801,0.787,0.6938
6.2823,5.7745,5.2678,4.7626,10.0,10.0,10.0,10.0,10.0,10.0,10.0,10.0,10.0,10.0,10.0,10.0,10.0,10.0,10.0,10.0,10.0,10.0,10.0,10.0,10.0,10.0
4.1224,4.1335,4.1007,4.0079,3.9066,3.7822,3.6577,3.5304,3.4031,3.2755,3.1479,3.0377,2.9389,2.9388,3.0357,1.4044,2.0028,2.6011,3.1992,3.6587,3.789,3.9193,4.0496,4.18,4.3103,4.4407
0.7387,0.7324,0.7511,0.8043,0.8623,0.9336,1.005,1.0779,1.1508,1.2239,1.2971,1.3602,0.9712,1.4169,1.3614,1.2996,1.2266,1.1534,1.0789,1.0044,0.9297,0.8551,0.7804,0.7057,0.631,0.5563
2.6196,2.6267,2.6059,2.5469,2.4825,2.4035,2.3243,2.2434,2.1626,2.0815,2.0004,1.5124,1.8676,1.8675,1.929,1.9976,2.0785,2.1597,2.2423,2.325,2.4078,2.4906,2.5734,2.6562,2.7391,2.8219
2.2396,2.2203,2.2772,2.4385,2.6143,2.8304,3.0468,3.2679,3.4891,3.7107,3.9324,4.1238,4.2954,4.2957,4.1274,1.232,1.7569,2.2818,2.8064,3.0451,2.8187,2.5923,2.3659,2.1395,1.9131,1.6866
1.7793,1.764,1.8092,1.9374,2.0771,2.2488,2.4207,2.5964,2.4284,1.8849,1.3415,0.7967,3.4127,3.413,3.2792,3.1303,2.9546,2.7783,2.5988,2.4193,2.2395,2.0596,1.8797,1.6998,1.5199,1.34
2.5077,2.5144,2.4945,2.438,2.3764,2.3008,2.225,2.1476,2.0701,1.9925,1.9149,1.8479,1.7878,1.7877,1.6626,1.9122,1.9897,2.0674,2.1465,2.2256,2.3049,2.3841,2.4634,2.5427,2.622,2.7013
0.7585,0.7519,0.7712,0.8258,0.8854,0.9586,1.0318,1.1067,1.1816,1.2567,1.3318,1.3966,1.4547,0.5254,1.3978,1.3343,1.2594,1.1843,1.1078,1.0313,0.9546,0.8779,0.8013,0.7246,0.6479,0.5712
4.7779,4.7907,4.7528,4.6452,4.5278,4.2364,3.6689,3.1017,2.5345,1.9673,3.6485,3.5208,3.4063,3.4061,3.5183,3.6434,3.791,3.939,4.0897,4.2405,4.3915,4.5425,4.6936,4.8446,4.9957,5.1468
9.6518,9.6778,9.6011,9.3837,9.1467,8.8555,8.5639,8.2658,7.9678,7.6691,7.3703,7.1124,6.881,6.8806,7.1074,7.3601,7.6582,7.9573,8.2617,8.5662,8.8713,4.274,4.7859,5.2978,5.8097,6.3216
0.8638,0.8564,0.8783,0.9405,1.0084,1.0917,1.1751,1.2604,1.3457,1.4312,1.5167,1.3131,0.4481,1.6569,1.5919,1.5196,1.4343,1.3488,1.2616,1.1745,1.0872,0.9999,0.9125,0.8252,0.7379,0.6505
2.3241,2.3304,2.3119,2.2596,2.2025,2.1324,2.0622,1.9904,1.9186,1.8467,1.7748,1.7126,1.5111,1.6568,1.7115,1.7723,1.8441,1.9161,1.9894,2.0627,2.1362,2.2096,2.2831,2.3566,2.4301,2.5036
1.1476,1.1377,1.1669,1.2495,1.3396,1.4504,1.5612,1.6746,1.7879,1.9014,2.015,2.1131,2.2011,2.2012,0.8579,1.4977,1.9056,1.7919,1.6761,1.5604,1.4444,1.3284,1.2123,1.0963,0.9803,0.8643
6.2315,5.7278,5.2252,4.7241,4.2236,3.7247,3.2258,2.7271,2.2284,10.0,10.0,10.0,10.0,10.0,10.0,10.0,10.0,10.0,10.0,10.0,10.0,10.0,10.0,10.0,9.4233,8.3079
3.1822,3.1907,3.1654,3.0938,3.0156,2.9196,2.8235,2.7252,2.6269,2.5285,2.43,2.3449,2.2686,2.2685,0.9672,1.6885,2.4079,2.6235,2.7239,2.8242,2.9248,3.0254,3.126,3.2266,3.3272,3.4279
0.7188,0.7127,0.7309,0.7827,0.8391,0.9085,0.9779,1.0489,1.1199,1.191,1.2622,1.3236,1.3787,1.3788,1.3248,1.2646,1.1936,1.1224,1.0499,0.9774,0.9047,0.8321,0.7594,0.6867,0.614,0.5414
3.055,3.0632,3.039,2.9702,2.8951,2.803,2.7107,2.6163,2.522,2.4275,1.8651,1.1077,2.178,2.1779,2.2497,2.3296,2.424,2.5187,2.615,2.7114,2.808,2.9045,3.0011,3.0977,3.1943,3.2909
6.5539,6.4975,6.6639,7.1359,7.6506,8.2829,8.9161,9.5632,10.0,10.0,10.0,10.0,10.0,10.0,10.0,10.0,1.7123,2.1773,2.678,3.1786,3.6792,4.1799,4.6805,5.1811,5.5983,4.9357
1.2173,1.2069,1.2378,1.3254,1.421,1.5385,1.6561,1.7763,1.8965,2.0169,1.523,0.9045,2.3348,2.335,2.2435,2.1416,2.0213,1.9007,1.7779,1.6551,1.5321,1.4091,1.286,1.1629,1.0398,0.9168
2.3445,2.3508,2.3322,2.2794,2.2218,2.1511,2.0803,2.0079,1.9355,1.8629,1.7903,1.7277,1.6715,0.8634,1.7265,1.7879,1.8603,1.9329,2.0069,2.0808,2.1549,2.229,2.3032,2.3773,2.4514,2.5256
0.8404,0.8332,0.8546,0.9151,0.9811,1.0622,1.1434,1.2264,1.3093,1.3925,1.4757,1.5475,1.6119,0.4361,1.2932,1.4785,1.3955,1.3123,1.2275,1.1427,1.0578,0.9728,0.8879,0.8029,0.7179,0.6329
6.4851,5.9609,5.4378,4.9164,4.3955,3.8763,7.2575,7.0049,6.7523,6.4992,6.246,6.0273,5.8313,5.831,6.0232,6.2373,6.4899,6.7434,7.0014,7.2594,7.5179,7.7765,8.0351,8.2937,8.5523,8.811
5.2154,5.2294,5.188,5.0706,4.9425,4.7851,4.6276,4.4665,4.3054,4.1441,3.9826,3.8432,3.7182,3.718,3.8406,3.9771,1.8576,2.4125,2.9673,3.522,4.0767,4.6315,5.1234,5.2883,5.4532,5.6181
0.7722,0.7656,0.7852,0.8408,0.9015,0.976,1.0506,1.1268,1.2031,1.2795,1.3559,1.4219,0.6324,1.4812,1.4232,1.3586,1.2823,1.2058,1.1279,1.05,0.9719,0.8939,0.8158,0.7377,0.6596,0.5816
2.4664,2.473,2.4534,2.3979,2.3373,2.2629,2.1884,2.1122,2.036,1.9597,1.8834,1.8175,0.6791,1.7582,1.8162,1.8808,1.9569,2.0334,2.1112,2.189,2.2669,2.3449,2.4229,2.5008,2.5788,2.6568
1.6204,1.6065,1.6476,1.7643,1.8915,2.0479,2.2044,2.3644,2.5244,2.6848,2.8452,2.9837,3.1079,3.1081,0.7476,1.3052,1.8613,2.4174,2.3666,2.2032,2.0394,1.8756,1.7118,1.548,1.3841,1.2203
2.5893,2.5671,2.6328,2.8193,3.0226,3.2725,3.3556,2.8369,2.3181,1.7993,1.2806,4.7678,4.9663,4.9667,4.7721,4.5553,4.2996,4.043,3.7818,3.5206,3.259,2.9972,2.7354,2.4736,2.2118,1.95
2.6951,2.7024,2.681,2.6202,2.5541,2.4727,2.3913,2.3081,2.2249,2.1415,2.058,1.986,1.9214,1.9213,1.287,2.0552,2.1384,2.2219,2.3069,2.392,2.4771,2.5623,2.6476,2.7328,2.818,2.9032
0.7334,0.7271,0.7458,0.7986,0.8562,0.927,0.9978,1.0702,1.1427,1.2152,1.2878,1.3505,1.4067,0.8792,1.3517,1.2903,1.2179,1.1452,1.0712,0.9972,0.9231,0.849,0.7748,0.7007,0.6265,0.5524
3.8794,3.8899,3.8591,3.7717,3.6764,3.5594,3.4422,3.3224,2.7672,2.1479,1.5287,2.8587,2.7657,2.7656,2.8568,2.9583,3.0781,3.1983,3.3207,3.4431,3.5657,3.6883,3.811,3.9336,4.0563,4.179
10.0,10.0,10.0,10.0,10.0,10.0,10.0,10.0,10.0,10.0,10.0,10.0,10.0,10.0,10.0,10.0,10.0,10.0,10.0,10.0,3.6832,4.1844,4.6856,5.1867,5.6879,6.1891
0.9599,0.9516,0.976,1.0451,1.1205,1.2131,1.3058,1.4006,1.4954,1.5904,1.6854,1.1053,0.4979,1.8411,1.769,1.6886,1.5938,1.4987,1.4019,1.3051,1.2081,1.111,1.014,0.917,0.8199,0.7229
2.3028,2.309,2.2907,2.2389,2.1823,2.1128,2.0432,1.9721,1.901,1.8298,1.7585,1.6969,1.6417,1.6416,1.6958,1.756,1.8272,1.8985,1.9712,2.0438,2.1166,2.1894,2.2622,2.335,2.4078,2.4806
0.994,0.9855,1.0107,1.0823,1.1604,1.2563,1.3523,1.4505,1.5486,1.647,1.7454,1.8304,1.9066,1.9067,0.9727,1.6982,1.6506,1.5521,1.4518,1.3516,1.2511,1.1506,1.0501,0.9496,0.8491,0.7486
6.2476,5.7426,5.2387,4.7364,4.2346,3.7343,3.2379,10.0,10.0,10.0,10.0,10.0,10.0,10.0,10.0,10.0,10.0,10.0,10.0,10.0,10.0,10.0,10.0,10.0,10.0,10.0
3.6947,3.7047,3.6753,3.5921,3.5014,3.3899,3.2783,3.1642,3.0501,2.9358,2.8214,2.7226,2.6341,2.6339,2.7208,1.4975,2.1355,2.7735,3.1626,3.2792,3.3959,3.5127,3.6296,3.7464,3.8632,3.98
0.7292,0.723,0.7415,0.794,0.8513,0.9216,0.9921,1.0641,1.1361,1.2083,1.2804,1.3428,1.3987,1.3988,1.344,1.2829,1.2109,1.1387,1.0651,0.9915,0.9178,0.8441,0.7704,0.6967,0.6229,0.5492
2.7643,2.7717,2.7498,2.6875,2.6196,2.5362,2.4527,2.3673,2.282,2.1964,2.1109,1.3238,1.9707,1.9706,2.0356,2.1079,2.1933,2.279,2.3662,2.4534,2.5407,2.6281,2.7155,2.8029,2.8903,2.9777
2.9869,2.9612,3.0371,3.2522,3.4867,3.7749,4.0635,4.3584,4.6534,4.9489,5.2446,5.4999,5.7288,5.7292,5.5047,1.207,1.7213,2.2355,2.7495,3.2635,3.7593,3.4574,3.1554,2.8534,2.5514,2.2494
1.5087,1.4957,1.5341,1.6427,1.7612,1.9068,2.0525,2.2015,2.3505,1.9705,1.4024,0.8329,2.8937,2.8939,2.7805,2.6542,2.5052,2.3557,2.2035,2.0513,1.8989,1.7464,1.5938,1.4413,1.2888,1.1362
2.4371,2.4437,2.4243,2.3694,2.3096,2.236,2.1624,2.0872,2.0119,1.9365,1.861,1.7959,1.7375,0.671,1.7947,1.8585,1.9337,2.0092,2.0861,2.163,2.24,2.3171,2.3941,2.4712,2.5482,2.6253
0.7861,0.7794,0.7993,0.8559,0.9177,0.9935,1.0695,1.1471,1.2247,1.3025,1.3803,1.4475,1.5078,0.4256,1.4488,1.383,1.3054,1.2275,1.1482,1.0689,0.9894,0.91,0.8305,0.751,0.6715,0.592
5.6698,5.6851,5.64,5.1773,4.6288,4.082,3.5352,2.9887,2.4421,4.5051,4.3296,4.1781,4.0421,4.0419,4.1752,4.3236,4.4987,4.6744,4.8532,5.0321,5.2113,5.3905,5.5698,5.7491,5.9283,6.1076
7.2656,7.2852,7.2275,7.0638,6.8854,6.6662,6.4467,6.2223,5.9979,5.7731,5.5482,5.354,5.1798,5.1795,5.3503,5.5405,5.7649,5.99,6.2192,3.3419,3.8683,4.3946,4.9209,5.4473,5.9736,6.5
0.8245,0.8175,0.8384,0.8978,0.9625,1.0421,1.1217,1.2032,1.2846,1.3662,1.4478,1.51,0.4759,1.5816,1.5196,1.4506,1.3691,1.2875,1.2043,1.1211,1.0378,0.9544,0.8711,0.7877,0.7043,0.621
2.3716,2.378,2.3591,2.3057,2.2475,2.1759,2.1043,2.031,1.9578,1.8844,1.811,1.7476,0.9896,1.6907,1.7464,1.8085,1.8817,1.9552,2.03,2.1048,2.1798,2.2548,2.3298,2.4047,2.4797,2.5547
1.2892,1.2781,1.3108,1.4037,1.5049,1.6293,1.7538,1.8811,2.0085,2.136,2.2636,2.3738,2.4726,2.4728,0.8103,1.4148,2.0175,2.0129,1.8829,1.7529,1.6226,1.4923,1.3619,1.2316,1.1012,0.9709
4.8976,4.8555,4.9798,4.7854,4.2784,3.773,3.2676,2.7624,2.2573,1.7521,8.5995,9.0181,9.3935,9.3941,9.026,8.6161,8.1324,7.6471,7.1531,6.6591,6.1641,5.669,5.1739,4.6787,4.1836,3.6884
2.9703,2.9783,2.9547,2.8878,2.8149,2.7252,2.6355,2.5438,2.452,2.3601,2.2682,2.1888,2.1176,2.1175,1.0667,1.8623,2.3568,2.4488,2.5425,2.6362,2.7301,2.824,2.9179,3.0118,3.1057,3.1996
0.7229,0.7167,0.7351,0.7871,0.8439,0.9136,0.9835,1.0549,1.1263,1.1978,1.2693,1.3311,1.3865,1.3866,1.3323,1.2718,1.2004,1.1288,1.0559,0.9829,0.9099,0.8368,0.7637,0.6906,0.6175,0.5444
3.319,3.3279,3.3016,3.2268,3.1453,3.0452,2.9449,2.8424,2.7399,2.4123,1.7168,1.0197,2.3662,2.3661,2.4441,2.5309,2.6335,2.7363,2.841,2.9457,3.0506,3.1555,3.2604,3.3654,3.4703,3.5753
10.0,9.9902,9.9902,9.9902,9.9902,9.9902,9.9902,9.9902,9.9902,9.9902,9.9902,9.9902,9.9902,9.9902,9.9902,9.9902,9.9902,9.9902,2.6739,3.1738,3.6737,4.1735,4.6734,5.1733,5.6731,6.173
1.1019,1.0924,1.1204,1.1997,1.2863,1.3926,1.499,1.6078,1.7166,1.8257,1.6337,0.9703,2.1134,2.1135,2.0307,1.9385,1.8297,1.7205,1.6093,1.4982,1.3868,1.2754,1.1641,1.0526,0.9412,0.8298
2.324,2.3303,2.3118,2.2595,2.2024,2.1323,2.0621,1.9903,1.9185,1.8466,1.7747,1.7126,1.6569,1.4851,1.7114,1.7722,1.844,1.916,1.9893,2.0626,2.1361,2.2096,2.283,2.3565,2.43,2.5035
0.8916,0.884,0.9066,0.9708,1.0408,1.1269,1.213,1.301,1.3891,1.4773,1.5656,1.6418,1.7101,1.7102,1.1462,1.5686,1.4805,1.3922,1.3023,1.2123,1.1222,1.0321,0.9419,0.8518,0.7616,0.6715
6.3805,5.8648,5.3501,4.8371,4.3246,3.8138,3.3029,2.7923,9.4879,9.1323,8.7765,8.4693,8.1938,8.1933,8.4634,8.7643,9.1193,9.4754,9.8379,10.0,10.0,10.0,10.0,10.0,10.0,10.0
4.4976,4.5097,4.474,4.3727,4.2622,4.1265,3.9906,3.8517,3.7129,3.5737,3.4345,3.3142,3.2064,3.2063,3.312,1.4616,1.9515,2.5345,3.1173,3.7001,4.1339,4.276,4.4182,4.5604,4.7027,4.8449
0.7539,0.7474,0.7665,0.8208,0.88,0.9528,1.0256,1.1,1.1745,1.2491,1.3237,1.3881,0.8089,1.446,1.3893,1.3262,1.2518,1.1771,1.1011,1.025,0.9488,0.8726,0.7964,0.7202,0.644,0.5677
2.5681,2.575,2.5546,2.4967,2.4337,2.3562,2.2786,2.1993,2.12,2.0405,1.961,1.6805,0.7071,1.8307,1.8911,1.9583,2.0376,2.1172,2.1982,2.2792,2.3604,2.4416,2.5227,2.6039,2.6851,2.7663
1.9611,1.9442,1.994,2.1352,2.2892,2.4784,2.6679,2.8615,3.0552,3.2492,3.4433,3.6109,3.7612,3.7615,3.6141,1.2637,1.802,2.3404,2.8642,2.6664,2.4682,2.27,2.0717,1.8734,1.6751,1.4769
2.0288,2.0114,2.0629,2.209,2.3683,2.5641,2.76,2.9295,2.3938,1.8581,1.3224,3.7357,3.8912,3.8915,3.739,3.5692,3.3688,3.1678,2.9631,2.7585,2.5535,2.3484,2.1433,1.9381,1.733,1.5279
2.5859,2.5929,2.5723,2.5141,2.4506,2.3726,2.2944,2.2146,2.1347,2.0547,1.9747,1.9055,1.8436,1.8435,1.5012,1.9719,2.0518,2.1319,2.2135,2.2951,2.3768,2.4585,2.5403,2.6221,2.7038,2.7856
0.7515,0.7451,0.7642,0.8183,0.8773,0.9498,1.0224,1.0966,1.1709,1.2452,1.3196,1.3838,1.4414,0.6234,1.3851,1.3222,1.2479,1.1735,1.0977,1.0219,0.9459,0.8699,0.7939,0.718,0.642,0.566
4.4059,4.4177,4.3827,4.2835,4.1753,4.0423,3.8055,3.2172,2.6289,2.0406,1.4523,3.2466,3.141,3.1409,3.2444,3.3597,3.4958,3.6323,3.7713,3.9103,4.0496,4.1888,4.3281,4.4674,4.6067,4.746
9.1604,9.1604,9.1604,9.1604,9.1604,9.1604,9.1604,9.1604,9.1604,9.1604,9.1604,9.0622,8.7674,8.7669,9.0559,9.1604,9.1604,9.1604,2.7266,3.2364,3.7461,4.2558,4.7656,5.2753,5.785,6.2947
0.9017,0.894,0.9169,0.9818,1.0526,1.1397,1.2268,1.3158,1.4049,1.4941,1.5833,1.2298,0.4678,1.7297,1.6619,1.5864,1.4973,1.408,1.317,1.2261,1.1349,1.0438,0.9526,0.8615,0.7703,0.6791
2.3252,2.3314,2.313,2.2606,2.2035,2.1333,2.0631,1.9913,1.9195,1.8475,1.7756,1.7134,1.6577,1.6576,1.7122,1.7731,1.8449,1.917,1.9903,2.0637,2.1372,2.2107,2.2842,2.3577,2.4312,2.5047
1.0879,1.0786,1.1062,1.1846,1.27,1.375,1.4801,1.5875,1.6949,1.8026,1.9103,2.0032,2.0866,2.0868,0.9021,1.5749,1.8065,1.6987,1.589,1.4792,1.3693,1.2593,1.1493,1.0393,0.9293,0.8193
6.2632,5.7569,5.2518,4.7482,4.2451,3.7437,3.2422,2.741,10.0,10.0,10.0,10.0,10.0,10.0,10.0,10.0,10.0,10.0,10.0,10.0,10.0,10.0,10.0,10.0,10.0,10.0
3.3745,3.3836,3.3568,3.2808,3.1979,3.0961,2.9941,2.8899,2.7857,2.6813,2.5769,2.4866,2.4058,2.4056,1.0083,1.6166,2.3054,2.782,2.8885,2.995,3.1016,3.2083,3.315,3.4217,3.5284,3.6351
0.7258,0.7196,0.738,0.7903,0.8473,0.9173,0.9874,1.0591,1.1308,1.2026,1.2744,1.3365,1.3921,1.3922,1.3376,1.2769,1.2052,1.1333,1.0601,0.9869,0.9135,0.8401,0.7668,0.6934,0.62,0.5466
2.9493,2.9572,2.9338,2.8673,2.7949,2.7059,2.6168,2.5258,2.4347,2.3434,1.9978,1.1865,2.1026,2.1025,2.1718,2.249,2.3401,2.4315,2.5245,2.6175,2.7107,2.804,2.8972,2.9905,3.0837,3.177
4.5174,4.4785,4.5932,4.9186,5.2733,5.7092,6.1456,6.5916,7.0377,7.4847,7.9319,8.318,8.6642,8.6648,8.3253,7.9472,1.7006,2.2086,2.7165,3.2243,3.7322,4.24,4.7478,4.3155,3.8588,3.402
1.3202,1.3088,1.3424,1.4374,1.5411,1.6685,1.796,1.9264,2.0567,2.0807,1.4809,0.8795,2.5321,2.5323,2.433,2.3225,2.1921,2.0613,1.9282,1.795,1.6616,1.5281,1.3947,1.2612,1.1277,0.9942
2.3896,2.396,2.377,2.3232,2.2645,2.1924,2.1202,2.0464,1.9726,1.8987,1.8247,1.7608,1.7036,0.6937,1.7596,1.8222,1.896,1.97,2.0454,2.1208,2.1963,2.2718,2.3474,2.4229,2.4985,2.5741
0.8224,0.8153,0.8362,0.8955,0.96,1.0394,1.1188,1.2001,1.2813,1.3626,1.444,1.5143,1.5774,0.4267,1.425,1.4468,1.3656,1.2841,1.2012,1.1182,1.0351,0.952,0.8688,0.7857,0.7025,0.6194
6.6422,6.1053,5.5696,5.0355,4.502,3.9702,3.4384,2.9068,2.4309,5.5826,5.3651,5.1773,5.0089,5.0086,5.1737,5.3576,5.5746,5.7923,6.0139,6.2356,6.4576,6.6797,6.9019,7.124,7.3462,7.5683
5.8733,5.8891,5.8425,5.7102,5.566,5.3887,5.2113,5.0299,4.8486,4.6668,4.485,4.328,4.1872,4.187,4.325,4.4788,4.6602,2.3745,2.9205,3.4665,4.0124,4.5584,5.1043,5.6503,6.1411,6.3268
0.7951,0.7882,0.8084,0.8657,0.9281,1.0048,1.0816,1.1601,1.2387,1.3173,1.396,1.464,0.5643,1.525,1.4653,1.3987,1.3202,1.2414,1.1612,1.081,1.0007,0.9203,0.8399,0.7595,0.6792,0.5988
2.4404,2.447,2.4276,2.3727,2.3127,2.2391,2.1654,2.09,2.0146,1.9391,1.8636,1.7983,0.7419,1.7397,1.7971,1.861,1.9364,2.012,2.089,2.1659,2.2431,2.3202,2.3974,2.4745,2.5517,2.6289
1.4822,1.4695,1.5071,1.6138,1.7302,1.8733,2.0164,2.1628,2.3092,2.4558,2.6025,2.7292,2.8428,2.843,0.774,1.3514,1.9271,2.3143,2.1648,2.0153,1.8655,1.7157,1.5658,1.416,1.2661,1.1162
3.1742,3.1469,3.2275,3.4561,3.7053,3.8532,3.337,2.8211,2.3052,1.7894,1.2735,5.8447,6.0879,6.0884,5.8498,5.5841,5.2706,4.9562,4.636,4.3158,3.995,3.6741,3.3532,3.0323,2.7114,2.3904
2.8075,2.8151,2.7928,2.7295,2.6606,2.5759,2.4911,2.4044,2.3177,2.2308,2.1439,2.0688,2.0015,2.0014,1.1984,2.0922,2.2276,2.3146,2.4032,2.4917,2.5805,2.6692,2.758,2.8467,2.9355,3.0243
0.7329,0.7266,0.7452,0.798,0.8555,0.9263,0.997,1.0694,1.1418,1.2143,1.2869,1.3495,1.4057,1.1994,1.3507,1.2893,1.217,1.1443,1.0704,0.9965,0.9224,0.8483,0.7742,0.7001,0.626,0.5519
3.6616,3.6715,3.6424,3.5599,3.47,3.3595,3.2489,3.1358,2.9024,2.2529,1.6034,2.6982,2.6105,2.6103,2.6964,2.7922,2.9053,3.0188,3.1343,3.2498,3.3655,3.4813,3.597,3.7128,3.8286,3.9444
8.0766,8.0766,8.0766,8.0766,8.0766,8.0766,8.0766,8.0766,8.0766,8.0766,8.0766,8.0766,8.0766,8.0766,8.0766,8.0766,8.0766,8.0766,2.6913,3.1945,3.6976,4.2008,4.7039,5.207,5.7101,6.2133
1.0147,1.006,1.0317,1.1048,1.1845,1.2824,1.3804,1.4806,1.5808,1.6812,1.7757,1.0546,1.9461,1.9463,1.87,1.7851,1.6849,1.5843,1.482,1.3796,1.2771,1.1745,1.0719,0.9693,0.8667,0.7641
2.3225,2.3287,2.3103,2.258,2.2009,2.1308,2.0607,1.989,1.9172,1.8454,1.7735,1.7114,1.6557,1.6556,1.7102,1.771,1.8427,1.9147,1.988,2.0612,2.1346,2.2081,2.2815,2.3549,2.4283,2.5018
0.957,0.9488,0.9731,1.042,1.1171,1.2095,1.3019,1.3964,1.4909,1.5856,1.6803,1.7621,1.8355,1.8356,1.0377,1.6836,1.5891,1.4943,1.3977,1.3012,1.2045,1.1077,1.011,0.9142,0.8175,0.7207
6.33,5.8183,5.3078,4.7988,4.2904,3.7836,3.2768,2.7702,2.2636,10.0,10.0,10.0,10.0,10.0,10.0,10.0,10.0,10.0,10.0,10.0,10.0,10.0,10.0,10.0,10.0,10.0
3.9862,3.9969,3.9652,3.8754,3.7776,3.6573,3.5369,3.4138,3.2907,3.1673,3.0439,2.9374,2.8418,2.8417,2.9353,1.4528,2.0717,2.6906,3.3093,3.5378,3.6638,3.7898,3.9158,4.0419,4.1679,4.2939
0.7423,0.7359,0.7548,0.8082,0.8665,0.9382,1.0099,1.0832,1.1565,1.2299,1.3034,1.3669,1.13,1.4238,1.3681,1.3059,1.2326,1.1591,1.0842,1.0093,0.9343,0.8592,0.7842,0.7091,0.6341,0.559
2.6998,2.7071,2.6856,2.6248,2.5585,2.4771,2.3955,2.3121,2.2288,2.1452,2.0616,1.4484,1.9248,1.9246,1.9881,2.0588,2.1422,2.2258,2.311,2.3961,2.4815,2.5668,2.6522,2.7375,2.8229,2.9083
2.5017,2.4802,2.5438,2.7239,2.9204,3.1618,3.4034,3.6505,3.8975,4.145,4.3927,4.6065,4.7983,4.7986,4.6106,1.2346,1.7606,2.2866,2.8123,3.3381,3.1487,2.8958,2.6429,2.3899,2.137,1.8841
1.6818,1.6674,1.7101,1.8312,1.9633,2.1255,2.288,2.4541,2.4944,1.9362,1.378,0.8184,3.2257,3.2259,3.0995,2.9588,2.7926,2.626,2.4564,2.2867,2.1167,1.9467,1.7767,1.6067,1.4366,1.2666
2.5055,2.5122,2.4923,2.4359,2.3743,2.2987,2.2231,2.1457,2.0683,1.9908,1.9132,1.8463,1.7862,0.6898,1.8146,1.9106,1.988,2.0656,2.1446,2.2237,2.3028,2.382,2.4613,2.5405,2.6197,2.6989
0.7767,0.77,0.7898,0.8457,0.9067,0.9816,1.0567,1.1334,1.2101,1.2869,1.3638,1.4302,1.4897,0.487,1.4315,1.3665,1.2897,1.2128,1.1344,1.0561,0.9776,0.8991,0.8205,0.742,0.6635,0.5849
5.1368,5.1506,5.1098,4.9941,4.7843,4.2191,3.654,3.0891,2.5242,1.9593,3.9226,3.7853,3.6621,3.6619,3.7827,3.9171,4.0758,4.2349,4.397,4.559,4.7214,4.8838,5.0462,5.2086,5.371,5.5334
7.5255,7.5255,7.5255,7.5255,7.5255,7.5255,7.5255,7.419,7.1515,6.8834,6.6152,6.3837,6.176,6.1757,6.3793,6.606,6.8736,2.2735,2.7962,3.319,3.8417,4.3645,4.8872,5.4099,5.9327,6.4554
0.8573,0.8499,0.8716,0.9334,1.0007,1.0834,1.1662,1.2509,1.3355,1.4204,1.5052,1.3966,0.4447,1.6443,1.5799,1.5081,1.4235,1.3385,1.252,1.1656,1.0789,0.9923,0.9056,0.8189,0.7323,0.6456
2.3669,2.3732,2.3544,2.3011,2.243,2.1716,2.1001,2.027,1.9539,1.8807,1.8074,1.7441,1.2707,1.6873,1.7429,1.8049,1.878,1.9513,2.026,2.1007,2.1755,2.2503,2.3251,2.4,2.4748,2.5496
1.2108,1.2004,1.2311,1.3183,1.4134,1.5302,1.6472,1.7667,1.8863,2.0061,2.1259,2.2294,2.3222,2.3224,0.848,1.4804,2.0105,1.8905,1.7684,1.6462,1.5239,1.4015,1.2791,1.1567,1.0342,0.9118
6.3295,5.8179,5.3074,4.7984,4.29,3.7833,3.2765,2.77,2.2634,10.0,10.0,10.0,10.0,10.0,10.0,10.0,10.0,10.0,10.0,10.0,9.4843,8.7226,7.9607,7.1989,6.437,5.675
3.1311,3.1395,3.1146,3.0441,2.9672,2.8727,2.7781,2.6815,2.5848,2.4879,2.391,2.3073,2.2322,2.2321,1.0139,1.77,2.4843,2.5814,2.6801,2.7789,2.8779,2.9768,3.0758,3.1748,3.2738,3.3728
0.7282,0.722,0.7405,0.7929,0.8501,0.9204,0.9907,1.0626,1.1346,1.2066,1.2787,1.3409,1.3968,1.3969,1.3421,1.2812,1.2092,1.1371,1.0636,0.9902,0.9166,0.843,0.7693,0.6957,0.6221,0.5484
3.1856,3.1942,3.1689,3.0971,3.0189,2.9228,2.8265,2.7282,2.6298,2.5312,1.8252,1.084,2.2711,2.271,2.3458,2.4292,2.5276,2.6263,2.7268,2.8273,2.928,3.0287,3.1294,3.2301,3.3309,3.4316
7.2222,7.2222,7.2222,7.2222,7.2222,7.2222,7.2222,7.2222,7.2222,7.2222,7.2222,7.2222,7.2222,7.2222,7.2222,7.2222,7.2222,2.2001,2.706,3.2119,3.7178,4.2236,4.7295,5.2354,5.7412,6.2471
1.1834,1.1732,1.2033,1.2885,1.3814,1.4956,1.6099,1.7268,1.8436,1.9607,1.581,0.939,2.2697,2.2699,2.1809,2.0819,1.965,1.8478,1.7284,1.609,1.4894,1.3698,1.2502,1.1305,1.0109,0.8912
2.3629,2.3692,2.3504,2.2972,2.2392,2.1679,2.0965,2.0236,1.9506,1.8775,1.8043,1.7412,1.6845,1.0398,1.74,1.8018,1.8748,1.948,2.0225,2.0971,2.1718,2.2465,2.3212,2.3959,2.4706,2.5453
0.869,0.8616,0.8836,0.9462,1.0145,1.0983,1.1823,1.2681,1.3539,1.4399,1.5259,1.6002,1.6668,0.4509,1.2466,1.5289,1.443,1.3569,1.2693,1.1816,1.0938,1.0059,0.9181,0.8302,0.7423,0.6545
6.5179,5.9911,5.4654,4.9413,4.4178,3.8959,3.3741,2.8524,2.3308,7.3892,7.1013,6.8528,6.6299,6.6295,6.848,7.0915,7.3787,7.6668,7.9602,8.2535,8.5475,8.8414,9.1354,9.4295,9.7235,10.0
4.9712,4.9846,4.9451,4.8332,4.7111,4.5611,4.4109,4.2574,4.1039,3.95,3.7962,3.6633,3.5441,3.5439,3.6607,3.7909,1.9142,2.486,3.0576,3.6293,4.2009,4.7264,4.8835,5.0407,5.1979,5.3551
0.7739,0.7673,0.7869,0.8427,0.9034,0.9781,1.0529,1.1293,1.2057,1.2823,1.3589,1.425,0.698,1.4845,1.4263,1.3615,1.2851,1.2084,1.1303,1.0523,0.9741,0.8958,0.8176,0.7393,0.6611,0.5828
2.5334,2.5403,2.5201,2.4631,2.4009,2.3244,2.2479,2.1697,2.0914,2.013,1.9346,1.8669,0.6976,1.806,1.8656,1.9319,2.0102,2.0887,2.1686,2.2485,2.3286,2.4086,2.4887,2.5689,2.649,2.7291
1.7562,1.7411,1.7857,1.9122,2.0501,2.2195,2.3892,2.5626,2.736,2.9098,3.0836,3.2337,3.3684,3.3686,0.7793,1.3041,1.8597,2.4152,2.565,2.3878,2.2104,2.0328,1.8553,1.6777,1.5002,1.3226
2.3691,2.3487,2.4089,2.5795,2.7655,2.9941,3.223,2.9055,2.3741,1.8429,1.3116,4.3623,4.5438,4.5442,4.3661,4.1678,3.9338,3.6991,3.4601,3.2212,2.9817,2.7423,2.5027,2.2632,2.0237,1.7842
2.6836,2.6909,2.6695,2.6091,2.5432,2.4622,2.3812,2.2983,2.2154,2.1324,2.0493,1.9776,1.9132,1.9131,1.3775,2.0464,2.1293,2.2125,2.2971,2.3818,2.4666,2.5514,2.6363,2.7211,2.806,2.8909
0.7491,0.7427,0.7617,0.8156,0.8745,0.9467,1.0191,1.0931,1.1671,1.2412,1.3153,1.3794,1.4368,0.7688,1.3806,1.3179,1.2439,1.1697,1.0941,1.0185,0.9428,0.8671,0.7914,0.7156,0.6399,0.5642
4.1144,4.1254,4.0928,4.0001,3.8991,3.7749,3.6506,3.3594,2.7451,2.1308,1.5165,3.0319,2.9332,2.9331,3.0298,3.1375,3.2645,3.392,3.5218,3.6516,3.7816,3.9117,4.0418,4.1719,4.302,4.4321
6.7783,6.7783,6.7783,6.7783,6.7783,6.7783,6.7783,6.7783,6.7783,6.7783,6.7783,6.7783,6.7783,6.7783,6.7783,6.7783,6.7783,2.2203,2.7308,3.2414,3.7519,4.2624,4.7729,5.2834,5.794,6.3045
0.9481,0.94,0.9641,1.0323,1.1068,1.1983,1.2899,1.3835,1.4771,1.5709,1.6648,1.1639,0.4918,1.8186,1.7474,1.668,1.5744,1.4804,1.3848,1.2891,1.1933,1.0975,1.0016,0.9058,0.8099,0.714
2.3397,2.3459,2.3274,2.2747,2.2172,2.1466,2.0759,2.0037,1.9314,1.859,1.7866,1.7241,1.668,1.6679,1.7229,1.7841,1.8564,1.9289,2.0027,2.0765,2.1504,2.2244,2.2984,2.3724,2.4463,2.5203
1.0407,1.0318,1.0582,1.1332,1.2149,1.3153,1.4158,1.5186,1.6214,1.7243,1.8274,1.9163,1.9961,1.9962,0.956,1.6691,1.7281,1.625,1.52,1.415,1.3098,1.2047,1.0994,0.9942,0.889,0.7838
6.3312,5.8195,5.3088,4.7997,4.2912,3.7843,3.2774,2.7707,2.264,10.0,10.0,10.0,10.0,10.0,10.0,10.0,10.0,10.0,10.0,10.0,10.0,10.0,10.0,10.0,10.0,10.0
3.6097,3.6194,3.5907,3.5094,3.4208,3.3118,3.2028,3.0913,2.9799,2.8682,2.7564,2.6599,2.5734,2.5733,2.6581,1.5603,2.225,2.8897,3.0898,3.2037,3.3177,3.4318,3.546,3.6601,3.7742,3.8884
0.7371,0.7307,0.7495,0.8025,0.8604,0.9315,1.0027,1.0755,1.1483,1.2212,1.2942,1.3572,1.4137,1.4138,1.3584,1.2967,1.2239,1.1509,1.0765,1.0022,0.9277,0.8532,0.7787,0.7041,0.6296,0.5551
2.8682,2.8759,2.8531,2.7885,2.7181,2.6315,2.5449,2.4563,2.3678,2.279,2.1613,1.2836,2.0448,2.0447,2.1121,2.1872,2.2758,2.3646,2.4551,2.5456,2.6362,2.7269,2.8176,2.9083,2.999,3.0897
3.4762,3.4463,3.5346,3.785,4.0579,4.3934,4.7292,5.0724,5.4157,5.7597,6.1038,6.4009,6.5312,6.5312,6.4065,1.2515,1.7351,2.2534,2.7716,3.2898,3.8079,4.0238,3.6724,3.3209,2.9694,2.6179
1.4488,1.4363,1.4731,1.5774,1.6912,1.831,1.9709,2.114,2.2571,2.0371,1.4498,0.8611,2.7787,2.7789,2.67,2.5488,2.4057,2.2621,2.116,1.9698,1.8234,1.677,1.5305,1.384,1.2376,1.0911
2.4499,2.4565,2.437,2.3818,2.3217,2.2477,2.1737,2.0981,2.0224,1.9466,1.8708,1.8053,1.7466,0.6745,1.804,1.8682,1.9438,2.0197,2.097,2.1743,2.2517,2.3292,2.4066,2.4841,2.5616,2.639
0.81,0.8031,0.8236,0.882,0.9456,1.0237,1.102,1.182,1.262,1.3421,1.4223,1.4915,1.5536,0.4203,1.4928,1.425,1.345,1.2648,1.1831,1.1014,1.0195,0.9376,0.8557,0.7738,0.6919,0.61
6.2026,6.2193,5.7393,5.1889,4.6392,4.0911,3.5431,2.9954,2.4476,1.8999,4.7365,4.5707,4.422,4.4217,4.5675,4.7299,4.9215,5.1136,5.3093,5.505,5.701,5.8971,6.0932,6.2893,6.4854,6.6815
6.3857,6.3857,6.3857,6.3857,6.3857,6.1913,5.9875,5.7791,5.5707,5.3619,5.153,4.9726,4.8109,4.8106,4.9692,5.1458,1.8245,2.3516,2.8924,3.4331,3.9738,4.5145,5.0552,5.5959,6.1366,6.6773
0.8237,0.8167,0.8376,0.8969,0.9616,1.0411,1.1206,1.202,1.2833,1.3648,1.4464,1.5168,0.513,1.58,1.5181,1.4492,1.3678,1.2862,1.2031,1.12,1.0368,0.9535,0.8702,0.7869,0.7036,0.6204
2.4294,2.4359,2.4166,2.3619,2.3023,2.229,2.1556,2.0806,2.0055,1.9304,1.8552,1.7902,0.889,1.7319,1.789,1.8526,1.9276,2.0029,2.0795,2.1562,2.2329,2.3097,2.3865,2.4634,2.5402,2.617
1.3751,1.3632,1.3982,1.4972,1.6052,1.7378,1.8707,2.0065,2.1422,2.2783,2.4144,2.532,2.6373,2.6375,0.8067,1.4084,2.0084,2.147,2.0083,1.8696,1.7307,1.5917,1.4526,1.3136,1.1746,1.0356
4.1086,4.0732,4.1776,4.4735,4.3708,3.8545,3.3382,2.8221,2.3061,1.79,7.2141,7.5652,7.8801,7.8807,7.5719,7.228,6.8222,6.4152,6.0007,5.5863,5.171,4.7557,4.3404,3.925,3.5096,3.0942
2.9451,2.953,2.9296,2.8633,2.791,2.7021,2.6131,2.5222,2.4312,2.3401,2.2489,2.1702,2.0996,2.0995,1.1287,1.9705,2.3368,2.428,2.5209,2.6138,2.7069,2.8,2.8931,2.9862,3.0794,3.1725
0.7366,0.7303,0.749,0.802,0.8599,0.931,1.0021,1.0748,1.1476,1.2205,1.2934,1.3563,1.4128,1.4129,1.3575,1.2959,1.2231,1.1502,1.0759,1.0015,0.9271,0.8526,0.7782,0.7037,0.6292,0.5547
3.4897,3.499,3.4713,3.3927,3.307,3.2017,3.0963,2.9886,2.8808,2.3808,1.6944,1.0445,2.4879,2.4877,2.5697,2.6611,2.7689,2.877,2.9871,3.0972,3.2074,3.3178,3.4281,3.5384,3.6488,3.7591
6.166,6.166,6.166,6.166,6.166,6.166,6.166,6.166,6.166,6.166,6.166,6.166,6.166,6.166,6.166,6.166,1.7617,2.2095,2.7175,3.2256,3.7336,4.2416,4.7497,5.2577,5.7657,6.2737
1.0815,1.0722,1.0997,1.1776,1.2625,1.3669,1.4714,1.5782,1.685,1.792,1.7087,1.0148,2.0744,2.0745,1.9932,1.9027,1.7959,1.6887,1.5796,1.4705,1.3612,1.2519,1.1426,1.0332,0.9239,0.8145
2.3559,2.3622,2.3435,2.2904,2.2326,2.1615,2.0903,2.0176,1.9448,1.8719,1.799,1.736,1.6795,1.6794,1.7348,1.7965,1.8692,1.9422,2.0166,2.0909,2.1653,2.2398,2.3143,2.3888,2.4633,2.5378
0.9285,0.9205,0.944,1.0109,1.0838,1.1734,1.2631,1.3548,1.4465,1.5383,1.6302,1.7096,1.7808,1.7809,1.1175,1.6334,1.5417,1.4497,1.356,1.2624,1.1686,1.0747,0.9808,0.887,0.7931,0.6992
6.0617,5.9294,5.4091,4.8904,4.3723,3.8558,3.3393,2.8231,2.3068,1.7906,10.0,10.0,9.8553,9.8547,10.0,10.0,10.0,10.0,10.0,10.0,10.0,10.0,10.0,10.0,10.0,10.0
4.3476,4.3593,4.3248,4.2269,4.1201,3.9889,3.8576,3.7233,3.5891,3.4545,3.32,3.2037,3.0995,3.0994,3.2015,1.4195,2.0242,2.629,3.2335,3.838,3.996,4.1335,4.2709,4.4084,4.5459,4.6833
0.7601,0.7536,0.7729,0.8276,0.8873,0.9606,1.0341,1.1091,1.1842,1.2594,1.3346,1.3996,0.9207,1.458,1.4008,1.3372,1.2621,1.1868,1.1102,1.0335,0.9567,0.8798,0.803,0.7261,0.6493,0.5724
2.6546,2.6618,2.6407,2.5809,2.5157,2.4356,2.3554,2.2734,2.1914,2.1093,2.0271,1.606,1.8925,1.8924,1.9548,2.0243,2.1063,2.1886,2.2723,2.356,2.4399,2.5239,2.6078,2.6917,2.7757,2.8596
2.1691,2.1505,2.2055,2.3618,2.5321,2.7414,2.9509,3.1651,3.3793,3.5939,3.8086,3.994,4.1603,4.1606,3.9976,1.2704,1.8117,2.353,2.894,2.9493,2.73,2.5108,2.2915,2.0722,1.8529,1.6335
1.9074,1.891,1.9395,2.0768,2.2266,2.4107,2.5949,2.7833,2.4668,1.9147,1.3627,0.8433,3.6584,3.6587,3.5153,3.3556,3.1673,2.9783,2.7859,2.5935,2.4007,2.2079,2.015,1.8222,1.6293,1.4365
2.5918,2.5988,2.5782,2.5198,2.4562,2.378,2.2997,2.2196,2.1396,2.0594,1.9792,1.9099,1.8478,1.8477,1.6312,1.9764,2.0565,2.1368,2.2185,2.3003,2.3822,2.4641,2.5461,2.628,2.71,2.7919
0.7722,0.7656,0.7852,0.8408,0.9014,0.9759,1.0505,1.1268,1.203,1.2794,1.3559,1.4219,1.481,0.5713,1.4231,1.3585,1.2822,1.2057,1.1278,1.0499,0.9719,0.8938,0.8158,0.7377,0.6596,0.5815
4.729,4.7417,4.7041,4.5976,4.4815,4.3388,3.8013,3.2137,2.626,2.0383,1.5419,3.4847,3.3714,3.3712,3.4823,3.6061,3.7522,3.8987,4.0479,4.1971,4.3465,4.496,4.6455,4.7951,4.9446,5.0941
5.8395,5.8395,5.8395,5.8395,5.8395,5.8395,5.8395,5.8395,5.8395,5.8395,5.8395,5.8395,5.8395,5.8395,5.8395,5.8395,1.749,2.2715,2.7938,3.3161,3.8384,4.3607,4.883,5.4053,5.9276,6.4499
0.8974,0.8897,0.9124,0.9771,1.0475,1.1341,1.2208,1.3094,1.398,1.4868,1.5757,1.3081,0.4655,1.7213,1.6538,1.5787,1.4901,1.4012,1.3106,1.2201,1.1294,1.0387,0.948,0.8573,0.7665,0.6758
2.3762,2.3826,2.3637,2.3102,2.2518,2.1801,2.1084,2.035,1.9616,1.8881,1.8145,1.751,1.694,1.6939,1.7498,1.812,1.8854,1.959,2.034,2.1089,2.184,2.2591,2.3343,2.4094,2.4845,2.5597
1.1491,1.1392,1.1684,1.2511,1.3414,1.4522,1.5632,1.6767,1.7902,1.9039,2.0176,2.1158,2.2039,2.2041,0.8938,1.5605,1.908,1.7942,1.6783,1.5624,1.4462,1.3301,1.2139,1.0977,0.9816,0.8654
5.7459,5.7459,5.3531,4.8398,4.327,3.8159,3.3048,2.7938,2.2829,1.772,10.0,10.0,10.0,10.0,10.0,10.0,10.0,10.0,10.0,10.0,10.0,10.0,10.0,10.0,10.0,10.0
3.3269,3.3358,3.3094,3.2345,3.1528,3.0524,2.9519,2.8492,2.7464,2.6435,2.5405,2.4516,2.3718,2.3717,0.9941,1.6977,2.4211,2.7428,2.8477,2.9527,3.0578,3.163,3.2682,3.3734,3.4786,3.5838
0.7379,0.7316,0.7503,0.8034,0.8614,0.9326,1.0039,1.0767,1.1496,1.2226,1.2957,1.3587,1.4153,1.4154,1.3599,1.2982,1.2253,1.1522,1.0777,1.0033,0.9287,0.8541,0.7795,0.7049,0.6303,0.5557
3.0825,3.0908,3.0663,2.9969,2.9212,2.8282,2.7351,2.6399,2.5447,2.4493,1.9577,1.1627,2.1976,2.1975,2.2699,2.3506,2.4458,2.5413,2.6386,2.7358,2.8332,2.9307,3.0281,3.1256,3.2231,3.3205
5.6552,5.6552,5.6552,5.6552,5.6552,5.6552,5.6552,5.6552,5.6552,5.6552,5.6552,5.6552,5.6552,5.6552,5.6552,5.6552,1.7244,2.2396,2.7546,3.2696,3.7845,4.2995,4.8144,5.3294,4.8826,4.3047
1.2839,1.2729,1.3055,1.3979,1.4987,1.6226,1.7466,1.8734,2.0002,2.1272,1.5414,0.9155,2.4625,2.4626,2.3662,2.2587,2.1319,2.0047,1.8752,1.7457,1.6159,1.4861,1.3563,1.2265,1.0967,0.9669
2.4166,2.4231,2.4039,2.3495,2.2901,2.2172,2.1442,2.0696,1.995,1.9202,1.8454,1.7808,1.7229,0.8077,1.7796,1.8428,1.9175,1.9923,2.0686,2.1448,2.2212,2.2976,2.374,2.4504,2.5268,2.6032
0.853,0.8456,0.8673,0.9287,0.9957,1.078,1.1604,1.2446,1.3288,1.4132,1.4977,1.5706,1.6359,0.4426,1.3722,1.5006,1.4163,1.3318,1.2458,1.1597,1.0735,0.9873,0.9011,0.8148,0.7286,0.6424
5.5674,5.5674,5.5674,5.0783,4.5403,4.0039,3.4676,2.9315,2.3954,1.8594,6.0142,5.8036,5.6149,5.6145,5.7996,6.0058,6.2491,6.4931,6.7415,6.99,7.2389,7.4879,7.7369,7.9859,8.2349,8.4839
5.5458,5.5458,5.5458,5.4239,5.2869,5.1185,4.95,4.7777,4.6054,4.4328,4.2601,4.111,3.9773,3.977,4.1082,4.2542,1.89,2.4546,3.019,3.5834,4.1478,4.7122,5.2766,5.6568,5.8332,6.0096
0.7994,0.7926,0.8129,0.8705,0.9332,1.0104,1.0876,1.1665,1.2455,1.3246,1.4037,1.472,0.6188,1.5334,1.4733,1.4064,1.3275,1.2483,1.1676,1.087,1.0062,0.9254,0.8446,0.7637,0.6829,0.6021
2.5152,2.522,2.502,2.4454,2.3836,2.3077,2.2317,2.154,2.0764,1.9985,1.9207,1.8534,0.6926,1.793,1.8522,1.918,1.9957,2.0736,2.153,2.2323,2.3118,2.3913,2.4708,2.5504,2.6299,2.7094
1.6021,1.5883,1.629,1.7444,1.8702,2.0248,2.1795,2.3377,2.4959,2.6545,2.8131,2.95,3.0728,3.073,0.7758,1.3544,1.9315,2.5015,2.3399,2.1783,2.0164,1.8545,1.6925,1.5305,1.3685,1.2065
2.8539,2.8294,2.9018,3.1074,3.3315,3.6069,3.4296,2.8994,2.3692,1.839,1.3088,5.255,5.4737,5.4741,5.2596,5.0207,4.7389,4.4561,4.1682,3.8804,3.5919,3.3035,3.0149,2.7264,2.4378,2.1493
2.8039,2.8114,2.7891,2.726,2.6571,2.5725,2.4878,2.4012,2.3147,2.2279,2.1411,2.0661,1.9989,1.9988,1.282,2.1381,2.2247,2.3116,2.4,2.4885,2.5771,2.6657,2.7544,2.843,2.9317,3.0204
0.7512,0.7447,0.7638,0.8179,0.8769,0.9494,1.022,1.0961,1.1703,1.2446,1.319,1.3832,1.4408,1.0036,1.3844,1.3215,1.2474,1.1729,1.0972,1.0214,0.9455,0.8695,0.7936,0.7176,0.6417,0.5657
3.8863,3.8967,3.8659,3.7783,3.6829,3.5656,3.4482,3.3282,2.887,2.2409,1.5949,2.8638,2.7706,2.7705,2.8618,2.9635,3.0836,3.204,3.3266,3.4492,3.572,3.6948,3.8177,3.9406,4.0635,4.1863
5.3794,5.3794,5.3794,5.3794,5.3794,5.3794,5.3794,5.3794,5.3794,5.3794,5.3794,5.3794,5.3794,5.3794,5.3794,5.3794,1.7224,2.237,2.7514,3.2658,3.7801,4.2945,4.8088,5.3232,5.8375,6.3519
1.0046,0.996,1.0215,1.0938,1.1727,1.2696,1.3667,1.4659,1.5651,1.6645,1.7639,1.1123,1.9268,1.9269,1.8514,1.7673,1.6681,1.5686,1.4673,1.3659,1.2644,1.1628,1.0613,0.9597,0.8581,0.7566
2.3682,2.3745,2.3557,2.3024,2.2442,2.1728,2.1012,2.0281,1.955,1.8817,1.8084,1.7451,1.6883,1.6882,1.7439,1.8059,1.879,1.9524,2.0271,2.1018,2.1767,2.2515,2.3264,2.4013,2.4761,2.551
1.0042,0.9955,1.021,1.0933,1.1722,1.2691,1.3661,1.4652,1.5644,1.6637,1.7631,1.849,1.9259,1.9261,1.0218,1.7666,1.6674,1.5679,1.4666,1.3653,1.2638,1.1623,1.0608,0.9593,0.8578,0.7562
5.2998,5.2998,5.2998,4.8806,4.3636,3.8481,3.3327,2.8174,2.3022,1.787,10.0,10.0,10.0,10.0,10.0,10.0,10.0,10.0,10.0,10.0,10.0,10.0,10.0,10.0,10.0,10.0
3.8982,3.9087,3.8777,3.7899,3.6942,3.5766,3.4588,3.3384,3.2181,3.0974,2.9768,2.8726,2.7791,2.779,2.8706,1.5177,2.1643,2.8109,3.3368,3.4598,3.583,3.7062,3.8294,3.9527,4.0759,4.1992
0.753,0.7465,0.7656,0.8199,0.879,0.9517,1.0244,1.0988,1.1731,1.2476,1.3222,1.3865,1.3579,1.4443,1.3877,1.3247,1.2503,1.1757,1.0998,1.0238,0.9477,0.8716,0.7955,0.7194,0.6432,0.5671
2.8096,2.8172,2.7949,2.7316,2.6626,2.5778,2.4929,2.4062,2.3194,2.2325,2.1455,1.4042,2.0031,2.0029,2.069,2.1425,2.2293,2.3164,2.405,2.4936,2.5824,2.6712,2.7601,2.8489,2.9377,3.0266
2.8518,2.8273,2.8997,3.1051,3.329,3.6042,3.8797,4.1613,4.4429,4.725,5.0073,5.2226,5.2226,5.2226,5.2226,1.2489,1.7811,2.3131,2.845,3.3769,3.5893,3.301,3.0127,2.7244,2.436,2.1477
1.6116,1.5978,1.6387,1.7548,1.8813,2.0368,2.1925,2.3517,2.5108,2.0081,1.4292,0.8488,3.0911,3.0913,2.9702,2.8353,2.6761,2.5164,2.3539,2.1913,2.0284,1.8655,1.7026,1.5396,1.3767,1.2137
2.5273,2.5341,2.514,2.4571,2.395,2.3188,2.2424,2.1644,2.0863,2.0081,1.9299,1.8624,1.8018,0.6958,1.8611,1.9272,2.0053,2.0836,2.1633,2.243,2.3229,2.4028,2.4827,2.5626,2.6425,2.7224
0.8031,0.7961,0.8165,0.8744,0.9374,1.0149,1.0925,1.1718,1.2511,1.3306,1.41,1.4787,1.5402,0.459,1.48,1.4128,1.3335,1.2539,1.1729,1.0919,1.0107,0.9295,0.8484,0.7672,0.686,0.6048
5.1476,5.1476,5.1476,5.1476,4.8111,4.2428,3.6745,3.1064,2.5383,1.9703,1.4707,4.1241,3.9899,3.9897,4.1212,4.2677,4.4406,4.614,4.7905,4.9671,5.144,5.3209,5.4978,5.6748,5.8517,6.0287
5.1292,5.1292,5.1292,5.1292,5.1292,5.1292,5.1292,5.1292,5.1292,5.1292,5.1292,5.1292,5.1292,5.1292,5.1292,5.1292,1.8046,2.3437,2.8827,3.4216,3.9605,4.4994,5.0383,5.5771,6.116,6.6549
0.8591,0.8518,0.8736,0.9354,1.0029,1.0858,1.1688,1.2536,1.3385,1.4235,1.5085,1.5035,0.4738,1.6479,1.5834,1.5114,1.4266,1.3415,1.2548,1.1681,1.0813,0.9945,0.9076,0.8208,0.7339,0.647
2.4334,2.4399,2.4206,2.3658,2.306,2.2326,2.1591,2.0839,2.0088,1.9335,1.8582,1.7931,1.1105,1.7347,1.7919,1.8556,1.9308,2.0061,2.0829,2.1597,2.2366,2.3135,2.3904,2.4674,2.5443,2.6213
1.2918,1.2807,1.3135,1.4066,1.508,1.6326,1.7574,1.885,2.0126,2.1404,2.2682,2.3787,2.4777,2.4778,0.8466,1.4781,2.1078,2.0171,1.8868,1.7564,1.6259,1.4953,1.3647,1.2341,1.1035,0.9729
5.0568,5.0568,5.0568,4.9202,4.399,3.8793,3.3597,2.8403,2.3209,1.8015,10.0,10.0,10.0,10.0,10.0,10.0,9.6505,9.0747,8.4885,7.9022,7.3148,6.7274,6.1398,5.5522,4.9645,4.3769
3.1126,3.121,3.0963,3.0262,2.9497,2.8558,2.7618,2.6657,2.5695,2.4732,2.3769,2.2937,2.2191,2.2189,1.0742,1.8755,2.4697,2.5661,2.6643,2.7625,2.8609,2.9593,3.0577,3.1561,3.2545,3.353
0.7448,0.7384,0.7573,0.811,0.8694,0.9413,1.0133,1.0868,1.1604,1.2341,1.3078,1.3714,1.4285,1.4286,1.3727,1.3103,1.2367,1.163,1.0878,1.0127,0.9374,0.8621,0.7868,0.7115,0.6362,0.5609
3.3564,3.3654,3.3387,3.2632,3.1807,3.0795,2.9781,2.8744,2.7708,2.5366,1.8053,1.0722,2.3928,2.3927,2.4716,2.5594,2.6631,2.7671,2.873,2.9789,3.0849,3.191,3.2972,3.4033,3.5094,3.6155
4.9864,4.9864,4.9864,4.9864,4.9864,4.9864,4.9864,4.9864,4.9864,4.9864,4.9864,4.9864,4.9864,4.9864,4.9864,4.9864,1.7281,2.2444,2.7605,3.2765,3.7926,4.3086,4.8247,5.3407,5.8568,6.3728
1.1633,1.1533,1.1828,1.2666,1.358,1.4702,1.5826,1.6975,1.8123,1.9274,1.6579,0.9846,2.2312,2.2313,2.1439,2.0465,1.9317,1.8164,1.6991,1.5817,1.4641,1.3465,1.2289,1.1113,0.9937,0.8761
2.4042,2.4106,2.3915,2.3374,2.2783,2.2058,2.1332,2.0589,1.9847,1.9103,1.8359,1.7716,1.714,1.311,1.7704,1.8333,1.9076,1.9821,2.0579,2.1337,2.2097,2.2857,2.3617,2.4378,2.5138,2.5898
0.9076,0.8998,0.9229,0.9882,1.0595,1.1471,1.2347,1.3244,1.414,1.5038,1.5936,1.6712,1.7408,0.4709,1.216,1.5967,1.5071,1.4172,1.3256,1.234,1.1423,1.0506,0.9588,0.8671,0.7753,0.6835
4.918,4.918,4.918,4.918,4.483,3.9535,3.4239,2.8946,2.3652,1.8359,1.4051,7.9846,7.7249,7.7245,7.9791,8.2628,8.5975,8.9332,9.275,9.6168,9.9593,10.0,10.0,10.0,10.0,10.0
4.8009,4.8139,4.7757,4.6676,4.5497,4.4048,4.2598,4.1115,3.9633,3.8147,3.6661,3.5378,3.4227,3.4225,3.5353,1.4003,1.9919,2.587,3.1819,3.7767,4.3716,4.5645,4.7162,4.868,5.0198,5.1716
0.7832,0.7764,0.7963,0.8527,0.9142,0.9898,1.0654,1.1428,1.2201,1.2976,1.3751,1.4421,0.7841,1.5022,1.4433,1.3778,1.3004,1.2228,1.1438,1.0648,0.9857,0.9065,0.8273,0.7482,0.669,0.5898
2.6278,2.6349,2.614,2.5549,2.4903,2.411,2.3316,2.2505,2.1693,2.088,2.0067,1.8087,0.7236,1.8733,1.9351,2.0039,2.0851,2.1665,2.2494,2.3323,2.4153,2.4984,2.5815,2.6646,2.7477,2.8307
1.931,1.9144,1.9634,2.1025,2.2541,2.4404,2.6269,2.8176,3.0083,3.1993,3.3905,3.5555,3.7035,3.7038,0.8568,1.3157,1.8763,2.4368,2.8202,2.6255,2.4303,2.2351,2.0399,1.8447,1.6494,1.4542
2.2095,2.1905,2.2466,2.4057,2.5792,2.7924,3.0058,3.0047,2.4553,1.9058,1.3564,4.0684,4.2377,4.238,4.0719,3.887,3.6688,3.4499,3.227,3.0041,2.7808,2.5575,2.3341,2.1107,1.8873,1.6639
2.6989,2.7061,2.6847,2.6239,2.5576,2.4762,2.3947,2.3113,2.228,2.1445,2.0609,1.9888,1.9241,1.924,1.4933,2.0581,2.1414,2.225,2.3102,2.3953,2.4806,2.5659,2.6513,2.7366,2.8219,2.9073
0.7725,0.7659,0.7855,0.8412,0.9018,0.9764,1.051,1.1273,1.2036,1.28,1.3565,1.4225,1.4817,0.6919,1.4238,1.3591,1.2828,1.2063,1.1283,1.0504,0.9723,0.8942,0.8161,0.738,0.6599,0.5818
4.415,4.4269,4.3918,4.2924,4.184,4.0507,3.9174,3.3664,2.7508,2.1352,1.5196,3.2534,3.1476,3.1474,3.2511,3.3667,3.5031,3.6399,3.7791,3.9184,4.058,4.1975,4.3371,4.4767,4.6163,4.7559
4.7707,4.7707,4.7707,4.7707,4.7707,4.7707,4.7707,4.7707,4.7707,4.7707,4.7707,4.7707,4.7707,4.7707,4.7707,4.7707,1.7583,2.2836,2.8087,3.3338,3.8589,4.384,4.9091,5.4342,5.9592,6.4843
0.9463,0.9381,0.9622,1.0303,1.1046,1.1959,1.2873,1.3808,1.4742,1.5679,1.6615,1.2393,0.4909,1.8151,1.7439,1.6647,1.5713,1.4775,1.3821,1.2866,1.191,1.0953,0.9997,0.904,0.8083,0.7126
2.4002,2.4066,2.3876,2.3335,2.2746,2.2021,2.1296,2.0555,1.9814,1.9071,1.8328,1.7687,1.7111,1.711,1.7674,1.8303,1.9044,1.9788,2.0545,2.1302,2.2061,2.2819,2.3578,2.4337,2.5096,2.5855
1.1013,1.0918,1.1198,1.1991,1.2856,1.3918,1.4982,1.607,1.7157,1.8247,1.9337,2.0278,2.1123,2.1124,0.9497,1.658,1.8287,1.7196,1.6085,1.4974,1.3861,1.2748,1.1634,1.0521,0.9407,0.8294
4.708,4.708,4.708,4.708,4.3909,3.8722,3.3536,2.8351,2.3167,1.7982,1.3452,10.0,10.0,10.0,10.0,10.0,10.0,10.0,10.0,10.0,10.0,10.0,10.0,10.0,10.0,10.0
3.5658,3.5754,3.547,3.4667,3.3792,3.2716,3.1639,3.0537,2.9436,2.8333,2.7229,2.6276,2.5421,2.542,1.0655,1.6427,2.3425,2.9397,3.0522,3.1647,3.2774,3.3901,3.5029,3.6156,3.7284,3.8411
0.7523,0.7458,0.7649,0.8191,0.8782,0.9507,1.0234,1.0977,1.172,1.2464,1.3209,1.3852,1.4428,1.4429,1.3864,1.3234,1.2491,1.1746,1.0987,1.0228,0.9468,0.8708,0.7947,0.7187,0.6426,0.5665
3.0066,3.0146,2.9908,2.9231,2.8492,2.7585,2.6677,2.5748,2.482,2.389,2.1204,1.2593,2.1435,2.1433,2.214,2.2927,2.3856,2.4787,2.5735,2.6684,2.7634,2.8585,2.9535,3.0486,3.1436,3.2387
4.1751,4.1392,4.2452,4.5459,4.647,4.647,4.647,4.647,4.647,4.647,4.647,4.647,4.647,4.647,4.647,1.3277,1.7662,2.2939,2.8213,3.3488,3.8762,4.4036,4.4106,3.9885,3.5664,3.1442
1.4089,1.3968,1.4326,1.534,1.6447,1.7806,1.9167,2.0559,2.195,2.1273,1.514,0.8992,2.7023,2.7025,2.5966,2.4786,2.3395,2.1999,2.0578,1.9157,1.7733,1.6308,1.4884,1.346,1.2035,1.0611
2.487,2.4937,2.474,2.418,2.3569,2.2818,2.2067,2.1299,2.0531,1.9761,1.8992,1.8327,1.7731,0.6847,1.8314,1.8965,1.9733,2.0504,2.1288,2.2073,2.2859,2.3645,2.4431,2.5218,2.6004,2.6791
0.843,0.8358,0.8572,0.9179,0.9841,1.0654,1.1469,1.2301,1.3134,1.3968,1.4802,1.5523,1.6169,0.4374,1.5317,1.4831,1.3998,1.3163,1.2313,1.1462,1.061,0.9758,0.8906,0.8054,0.7201,0.6349
4.5875,4.5875,4.5875,4.5875,4.5875,4.1413,3.5866,3.0321,2.4776,1.9232,1.3687,5.0797,4.9145,4.9142,5.0762,5.2567,5.4696,5.6832,5.9006,6.1181,6.336,6.5539,6.7718,6.9898,7.2078,7.4257
4.5729,4.5729,4.5729,4.5729,4.5729,4.5729,4.5729,4.5729,4.5729,4.5729,4.5729,4.5729,4.5452,4.5449,4.5729,1.3174,1.8786,2.4399,3.0009,3.5619,4.1229,4.6839,5.2449,5.8059,6.3669,6.8677
0.8313,0.8241,0.8452,0.9051,0.9704,1.0506,1.1309,1.213,1.295,1.3773,1.4596,1.5306,0.5605,1.5944,1.532,1.4624,1.3803,1.2979,1.2141,1.1302,1.0462,0.9622,0.8782,0.7941,0.7101,0.626
2.5133,2.5201,2.5001,2.4435,2.3818,2.306,2.23,2.1524,2.0748,1.997,1.9192,1.8521,0.8174,1.7917,1.8508,1.9166,1.9942,2.0721,2.1514,2.2306,2.3101,2.3895,2.469,2.5485,2.6279,2.7074
1.4849,1.4721,1.5098,1.6167,1.7333,1.8766,2.0201,2.1667,2.3133,2.4602,2.6072,2.7341,2.8479,2.8481,0.8113,1.4164,2.0199,2.3185,2.1687,2.0189,1.8689,1.7188,1.5686,1.4185,1.2684,1.1183
3.5896,3.5587,3.6499,3.9084,4.1902,3.9769,3.4442,2.9117,2.3792,1.8468,1.3144,6.6096,6.8847,6.8852,6.6154,6.3149,5.9604,5.6048,5.2427,4.8806,4.5178,4.155,3.7921,3.4292,3.0662,2.7033
2.9507,2.9586,2.9352,2.8687,2.7962,2.7072,2.6181,2.527,2.4358,2.3445,2.2532,2.1743,2.1036,2.1035,1.2082,2.1093,2.3412,2.4326,2.5257,2.6188,2.712,2.8053,2.8986,2.9919,3.0852,3.1785
0.758,0.7515,0.7707,0.8253,0.8848,0.958,1.0312,1.1061,1.1809,1.2559,1.3309,1.3957,1.4538,1.4391,1.397,1.3335,1.2587,1.1836,1.1071,1.0306,0.954,0.8774,0.8008,0.7241,0.6475,0.5709
3.71,3.7199,3.6905,3.6069,3.5158,3.4039,3.2918,3.1772,3.0597,2.3749,1.6902,1.1105,2.6449,2.6448,2.732,2.8291,2.9437,3.0586,3.1756,3.2927,3.4099,3.5272,3.6445,3.7618,3.8791,3.9964
4.4591,4.4591,4.4591,4.4591,4.4591,4.4591,4.4591,4.4591,4.4591,4.4591,4.4591,4.4591,4.4591,4.4591,4.4591,1.274,1.7462,2.2678,2.7893,3.3107,3.8322,4.3536,4.8751,5.3965,5.9179,6.4394
1.0734,1.0641,1.0914,1.1687,1.253,1.3566,1.4603,1.5662,1.6722,1.7784,1.8065,1.0729,2.0587,2.0589,1.9782,1.8883,1.7823,1.676,1.5677,1.4594,1.351,1.2425,1.1339,1.0254,0.9169,0.8084
2.4119,2.4184,2.3992,2.3449,2.2857,2.2129,2.14,2.0655,1.9911,1.9164,1.8418,1.7773,1.7195,1.7194,1.7761,1.8392,1.9137,1.9884,2.0645,2.1406,2.2168,2.2931,2.3693,2.4456,2.5219,2.5981
0.977,0.9686,0.9934,1.0638,1.1405,1.2348,1.3292,1.4256,1.5221,1.6188,1.7155,1.799,1.8739,1.874,1.1023,1.7188,1.6223,1.5255,1.427,1.3284,1.2297,1.1309,1.0321,0.9334,0.8346,0.7358
4.4043,4.4043,4.4043,4.4043,4.4043,3.9373,3.4099,2.8828,2.3556,1.8284,1.3013,10.0,10.0,10.0,10.0,10.0,10.0,10.0,10.0,10.0,10.0,10.0,10.0,10.0,10.0,10.0
4.255,4.2664,4.2326,4.1368,4.0323,3.9039,3.7754,3.644,3.5126,3.3809,3.2492,3.1354,3.0335,3.0333,3.1333,1.4877,2.1215,2.7554,3.3889,3.7764,3.9108,4.0454,4.1799,4.3144,4.449,4.5835
0.7741,0.7675,0.7871,0.8429,0.9036,0.9783,1.0531,1.1296,1.206,1.2826,1.3592,1.4254,1.0739,1.4848,1.4266,1.3619,1.2854,1.2087,1.1306,1.0525,0.9743,0.896,0.8178,0.7395,0.6612,0.583
2.7723,2.7798,2.7578,2.6953,2.6273,2.5436,2.4598,2.3742,2.2886,2.2028,2.117,1.5558,1.9765,1.9763,2.0415,2.1141,2.1997,2.2856,2.3731,2.4605,2.5481,2.6358,2.7234,2.8111,2.8987,2.9864
2.442,2.4211,2.4831,2.6589,2.8507,3.0863,3.3222,3.5634,3.8045,4.0462,4.2879,4.3508,4.3508,4.3508,4.3508,1.2902,1.84,2.3896,2.9391,3.3204,3.0736,2.8267,2.5798,2.3329,2.086,1.8391
1.8217,1.8061,1.8523,1.9835,2.1266,2.3023,2.4783,2.6582,2.5679,1.9932,1.4186,0.8425,3.494,3.4943,3.3573,3.2049,3.0249,2.8445,2.6607,2.4769,2.2928,2.1087,1.9245,1.7403,1.5561,1.3719
2.6244,2.6314,2.6106,2.5515,2.487,2.4078,2.3286,2.2475,2.1665,2.0853,2.004,1.9339,1.871,0.7225,1.7986,2.0012,2.0823,2.1636,2.2464,2.3292,2.4121,2.4951,2.5781,2.6611,2.744,2.827
0.8015,0.7946,0.8149,0.8726,0.9356,1.0129,1.0903,1.1695,1.2486,1.3279,1.4073,1.4758,1.5372,0.534,1.4771,1.41,1.3308,1.2514,1.1706,1.0897,1.0087,0.9277,0.8467,0.7657,0.6846,0.6036
4.2987,4.2987,4.2987,4.2987,4.2987,4.2987,3.8367,3.2435,2.6504,2.0573,1.4642,3.7895,3.6662,3.666,3.7869,3.9215,4.0803,4.2396,4.4019,4.5641,4.7266,4.8892,5.0518,5.2144,5.377,5.5396
4.2858,4.2858,4.2858,4.2858,4.2858,4.2858,4.2858,4.2858,4.2858,4.2858,4.2858,4.2858,4.2858,4.2858,4.2858,1.2694,1.8103,2.3511,2.8917,3.4323,3.9729,4.5135,5.0541,5.5947,6.1352,6.6758
0.9025,0.8947,0.9176,0.9826,1.0535,1.1406,1.2277,1.3169,1.406,1.4953,1.5846,1.4083,0.4682,1.731,1.6632,1.5877,1.4985,1.4091,1.3181,1.2271,1.1358,1.0446,0.9534,0.8621,0.7709,0.6796
2.4529,2.4595,2.44,2.3848,2.3246,2.2505,2.1764,2.1007,2.0249,1.949,1.8731,1.8075,1.4762,1.7486,1.8063,1.8705,1.9463,2.0223,2.0996,2.177,2.2545,2.3321,2.4096,2.4872,2.5648,2.6423
1.2277,1.2171,1.2483,1.3367,1.4331,1.5516,1.6702,1.7914,1.9127,2.0341,2.1557,2.2606,2.3547,2.3549,0.8953,1.563,2.0386,1.917,1.7931,1.6693,1.5452,1.4211,1.297,1.1728,1.0487,0.9246
4.2352,4.2352,4.2352,4.2352,4.2352,3.929,3.4027,2.8766,2.3506,1.8246,1.2985,10.0,10.0,10.0,10.0,10.0,10.0,10.0,10.0,10.0,10.0,10.0,10.0,9.3755,8.3832,7.3909
3.3166,3.3255,3.2991,3.2244,3.143,3.0429,2.9427,2.8403,2.7379,2.6353,2.5326,2.444,2.3645,2.3643,1.0327,1.8029,2.571,2.7343,2.8389,2.9435,3.0483,3.1532,3.258,3.3629,3.4678,3.5726
0.7578,0.7513,0.7706,0.8252,0.8847,0.9578,1.031,1.1058,1.1807,1.2556,1.3307,1.3954,1.4535,1.4536,1.3967,1.3332,1.2584,1.1833,1.1069,1.0304,0.9538,0.8772,0.8006,0.724,0.6474,0.5707
3.2569,3.2657,3.2398,3.1665,3.0865,2.9882,2.8898,2.7892,2.6887,2.5879,1.9407,1.1526,2.3219,2.3218,2.3984,2.4836,2.5842,2.6851,2.7879,2.8906,2.9935,3.0965,3.1995,3.3024,3.4054,3.5084
4.1857,4.1857,4.1857,4.1857,4.1857,4.1857,4.1857,4.1857,4.1857,4.1857,4.1857,4.1857,4.1857,4.1857,4.1857,1.2387,1.7665,2.2942,2.8218,3.3493,3.8768,4.4043,4.9318,5.4594,5.9869,5.8467
1.2639,1.253,1.2851,1.3762,1.4754,1.5974,1.7195,1.8443,1.9691,2.0941,1.6216,0.9631,2.4241,2.4243,2.3293,2.2235,2.0987,1.9735,1.846,1.7185,1.5908,1.463,1.3352,1.2074,1.0796,0.9518
2.4691,2.4757,2.4561,2.4005,2.3399,2.2654,2.1908,2.1145,2.0383,1.9619,1.8854,1.8194,1.7603,0.97,1.8182,1.8828,1.9591,2.0356,2.1135,2.1914,2.2694,2.3474,2.4255,2.5036,2.5817,2.6597
0.894,0.8863,0.909,0.9734,1.0436,1.1298,1.2162,1.3045,1.3928,1.4812,1.5697,1.6461,1.7146,0.4639,1.3388,1.5727,1.4844,1.3959,1.3057,1.2155,1.1252,1.0348,0.9444,0.854,0.7636,0.6733
4.1374,4.1374,4.1374,4.1374,4.1374,4.0798,3.5333,2.9871,2.4408,1.8946,1.3484,6.6395,6.4236,6.4232,6.635,6.8708,7.1491,7.4283,7.7125,7.9967,8.2815,8.5663,8.8512,9.1361,9.421,9.7059
4.1255,4.1255,4.1255,4.1255,4.1255,4.1255,4.1255,4.1255,4.1255,4.1255,4.1068,3.963,3.8341,3.8339,3.9603,1.3844,1.9742,2.564,3.1536,3.7432,4.3327,4.9223,5.2832,5.4532,5.6232,5.7933
0.8123,0.8053,0.8259,0.8844,0.9482,1.0265,1.105,1.1852,1.2654,1.3458,1.4262,1.4956,0.6896,1.558,1.4969,1.429,1.3487,1.2683,1.1863,1.1044,1.0223,0.9402,0.8581,0.776,0.6938,0.6117
2.6193,2.6264,2.6056,2.5466,2.4822,2.4032,2.3241,2.2432,2.1623,2.0813,2.0002,1.9302,0.7212,1.8673,1.9288,1.9974,2.0783,2.1594,2.2421,2.3247,2.4075,2.4903,2.5731,2.6559,2.7387,2.8216
1.756,1.7409,1.7855,1.912,2.0499,2.2193,2.3889,2.5624,2.7358,2.9095,3.0833,3.2334,3.368,3.3682,0.7858,1.3719,1.9564,2.5408,2.5647,2.3876,2.2101,2.0326,1.8551,1.6776,1.5,1.3225
2.6289,2.6063,2.6731,2.8624,3.0688,3.3225,3.5614,3.0108,2.4602,1.9097,1.3591,4.8407,5.0422,5.0426,4.845,4.6249,4.3653,4.1048,3.8396,3.5745,3.3088,3.043,2.7772,2.5114,2.2456,1.9798
2.8303,2.8379,2.8155,2.7517,2.6822,2.5968,2.5113,2.4239,2.3365,2.2489,2.1613,2.0856,2.0178,2.0177,1.389,2.1583,2.2457,2.3334,2.4227,2.512,2.6014,2.6909,2.7804,2.8699,2.9594,3.0489
0.778,0.7713,0.791,0.8471,0.9081,0.9832,1.0584,1.1352,1.212,1.289,1.366,1.4325,1.4921,0.8766,1.4337,1.3686,1.2918,1.2147,1.1362,1.0578,0.9791,0.9005,0.8219,0.7432,0.6645,0.5859
4.044,4.044,4.044,4.044,3.9561,3.8301,3.704,3.5528,2.9031,2.2534,1.6038,3.0762,2.9761,2.976,3.0741,3.1833,3.3123,3.4416,3.5733,3.705,3.8369,3.9689,4.1009,4.2329,4.3649,4.4969
4.0326,4.0326,4.0326,4.0326,4.0326,4.0326,4.0326,4.0326,4.0326,4.0326,4.0326,4.0326,4.0326,4.0326,4.0326,1.2476,1.7792,2.3107,2.842,3.3733,3.9046,4.4359,4.9672,5.4985,6.0298,6.5611
1.0058,0.9972,1.0227,1.0951,1.1741,1.2712,1.3683,1.4677,1.567,1.6665,1.7661,1.1868,0.5218,1.9293,1.8537,1.7695,1.6701,1.5705,1.469,1.3676,1.2659,1.1642,1.0626,0.9609,0.8592,0.7575
2.4399,2.4465,2.4271,2.3722,2.3123,2.2386,2.1649,2.0896,2.0142,1.9387,1.8632,1.798,1.7395,1.7394,1.7967,1.8606,1.936,2.0116,2.0885,2.1655,2.2426,2.3198,2.3969,2.474,2.5512,2.6283
1.0655,1.0564,1.0834,1.1601,1.2438,1.3466,1.4496,1.5548,1.66,1.7654,1.8709,1.962,2.0436,2.0438,1.0177,1.7768,1.7693,1.6637,1.5562,1.4487,1.3411,1.2334,1.1256,1.0179,0.9102,0.8024
3.9878,3.9878,3.9878,3.9878,3.9878,3.9547,3.4249,2.8955,2.366,1.8365,1.307,9.6846,9.6846,9.6846,9.6846,9.6846,9.6846,9.6846,9.6846,9.6846,9.6846,9.6846,9.6846,9.6846,9.6846,9.6846
3.8587,3.869,3.8384,3.7515,3.6567,3.5403,3.4237,3.3046,3.1854,3.066,2.9466,2.8434,2.7509,2.7508,2.8415,1.603,2.286,2.9689,3.3029,3.4246,3.5466,3.6686,3.7906,3.9126,4.0346,4.1566
0.7719,0.7652,0.7848,0.8404,0.901,0.9755,1.0501,1.1263,1.2025,1.2789,1.3553,1.4212,1.4804,1.4805,1.4225,1.3579,1.2817,1.2052,1.1273,1.0495,0.9715,0.8934,0.8154,0.7374,0.6593,0.5813
2.9558,2.9637,2.9403,2.8737,2.8011,2.7119,2.6226,2.5314,2.4401,2.3486,2.2571,1.3791,2.1073,2.1071,2.1766,2.254,2.3453,2.4369,2.5301,2.6233,2.7168,2.8102,2.9036,2.9971,3.0906,3.184
3.3308,3.3021,3.3867,3.6266,3.8881,3.9439,3.9439,3.9439,3.9439,3.9439,3.9439,3.9439,3.9439,3.9439,3.9439,1.2768,1.8208,2.3648,2.9085,3.4523,3.996,3.8554,3.5187,3.1819,2.8452,2.5084
1.5665,1.553,1.5928,1.7056,1.8286,1.9797,2.1311,2.2857,2.4404,2.1051,1.4982,0.8898,3.0044,3.0046,2.8869,2.7558,2.6011,2.4459,2.2879,2.1299,1.9715,1.8132,1.6548,1.4965,1.3381,1.1797
2.5766,2.5835,2.563,2.505,2.4417,2.364,2.2861,2.2066,2.127,2.0473,1.9675,1.8986,1.8369,0.7093,1.8973,1.9648,2.0444,2.1242,2.2055,2.2867,2.3682,2.4496,2.5311,2.6126,2.694,2.7755
0.8392,0.832,0.8533,0.9137,0.9796,1.0606,1.1416,1.2245,1.3074,1.3904,1.4735,1.5452,1.6095,0.4397,1.5466,1.4763,1.3934,1.3103,1.2257,1.141,1.0562,0.9714,0.8865,0.8017,0.7168,0.632
3.901,3.901,3.901,3.901,3.901,3.901,3.7349,3.1575,2.5801,2.0027,1.4253,4.5614,4.413,4.4128,4.5583,4.7203,4.9115,5.1033,5.2985,5.4938,5.6895,5.8851,6.0808,6.2766,6.4723,6.668
3.8904,3.8904,3.8904,3.8904,3.8904,3.8904,3.8904,3.8904,3.8904,3.8904,3.8904,3.8904,3.8904,3.8904,3.8904,1.3185,1.8803,2.442,3.0035,3.565,4.1265,4.688,5.2495,5.811,6.3724,6.9339
0.8705,0.863,0.8851,0.9478,1.0161,1.1001,1.1842,1.2702,1.3561,1.4422,1.5284,1.6028,0.517,1.6696,1.6042,1.5314,1.4454,1.3591,1.2713,1.1835,1.0956,1.0076,0.9196,0.8316,0.7436,0.6555
2.5284,2.5352,2.5151,2.4582,2.3961,2.3198,2.2434,2.1653,2.0873,2.009,1.9307,1.8632,1.0017,1.8025,1.8619,1.9281,2.0062,2.0845,2.1643,2.244,2.3239,2.4039,2.4838,2.5637,2.6437,2.7236
1.3958,1.3838,1.4192,1.5197,1.6293,1.764,1.8988,2.0367,2.1745,2.3126,2.4508,2.5701,2.677,2.6772,0.8547,1.4922,2.128,2.1794,2.0386,1.8978,1.7567,1.6156,1.4745,1.3334,1.1923,1.0511
3.8486,3.8486,3.8486,3.8486,3.8486,3.8486,3.4817,2.9435,2.4052,1.8669,1.3287,8.8732,9.2426,9.2432,8.881,8.4777,8.0017,7.5243,7.0382,6.5521,6.0651,5.578,5.0908,4.6036,4.1163,3.6291
3.1295,3.1379,3.1131,3.0426,2.9658,2.8713,2.7768,2.6801,2.5835,2.4867,2.3898,2.3061,2.2311,2.231,1.152,2.0112,2.4831,2.5801,2.6788,2.7775,2.8764,2.9754,3.0743,3.1733,3.2722,3.3712
0.7699,0.7633,0.7828,0.8383,0.8987,0.973,1.0474,1.1234,1.1994,1.2756,1.3518,1.4176,1.4766,1.4767,1.4189,1.3544,1.2784,1.2021,1.1245,1.0468,0.969,0.8912,0.8133,0.7355,0.6576,0.5798
3.5777,3.5873,3.5589,3.4783,3.3904,3.2825,3.1744,3.0639,2.9534,2.5383,1.8065,1.0729,2.5506,2.5504,2.6345,2.7282,2.8387,2.9495,3.0624,3.1753,3.2883,3.4014,3.5145,3.6277,3.7408,3.8539
3.8077,3.8077,3.8077,3.8077,3.8077,3.8077,3.8077,3.8077,3.8077,3.8077,3.8077,3.8077,3.8077,3.8077,3.8077,1.2495,1.7818,2.3141,2.8462,3.3783,3.9104,4.4425,4.9746,5.5066,6.0387,6.5708
1.1575,1.1475,1.1769,1.2603,1.3512,1.4629,1.5747,1.689,1.8033,1.9178,1.7584,1.0443,2.2201,2.2202,2.1332,2.0363,1.922,1.8073,1.6906,1.5738,1.4568,1.3398,1.2228,1.1058,0.9887,0.8717
2.4725,2.4792,2.4595,2.4039,2.3431,2.2685,2.1938,2.1175,2.0411,1.9646,1.8881,1.822,1.7627,1.7626,1.8207,1.8855,1.9618,2.0384,2.1164,2.1944,2.2726,2.3507,2.4289,2.5071,2.5853,2.6634
0.9586,0.9503,0.9747,1.0437,1.119,1.2115,1.304,1.3987,1.4934,1.5882,1.6831,1.765,1.8385,1.8386,1.2015,1.6863,1.5917,1.4967,1.4,1.3033,1.2064,1.1095,1.0126,0.9157,0.8188,0.7219
3.7677,3.7677,3.7677,3.7677,3.7677,3.7677,3.5121,2.9692,2.4262,1.8832,1.3403,9.1501,9.1501,9.1501,9.1501,9.1501,9.1501,9.1501,9.1501,9.1501,9.1501,9.1501,9.1501,9.1501,9.1501,9.1501
3.7578,3.7578,3.7578,3.7578,3.7578,3.7578,3.7578,3.7578,3.7578,3.7352,3.5897,3.464,3.3514,3.3512,3.4617,1.4697,2.0959,2.7221,3.348,3.9739,4.3207,4.4693,4.6179,4.7666,4.9152,5.0639
0.8012,0.7943,0.8146,0.8723,0.9352,1.0125,1.0899,1.169,1.2482,1.3274,1.4067,1.4752,0.899,1.5367,1.4765,1.4094,1.3303,1.2509,1.1701,1.0893,1.0083,0.9274,0.8464,0.7654,0.6844,0.6034
2.7559,2.7633,2.7414,2.6793,2.6117,2.5285,2.4452,2.3601,2.275,2.1898,2.1044,1.7494,0.7588,1.9646,2.0294,2.1015,2.1866,2.272,2.359,2.4459,2.533,2.6201,2.7072,2.7944,2.8815,2.9687
2.1584,2.1399,2.1947,2.3501,2.5196,2.7279,2.9364,3.1495,3.3626,3.5762,3.7285,3.7285,3.7285,3.7285,3.7285,1.3421,1.9139,2.4857,3.0572,2.9347,2.7166,2.4984,2.2802,2.062,1.8437,1.6255
2.0992,2.0812,2.1345,2.2857,2.4505,2.6531,2.8559,3.0632,2.5671,1.9926,1.4181,0.9281,4.0263,4.0266,3.8688,3.6931,3.4858,3.2778,3.066,2.8543,2.6421,2.4299,2.2177,2.0054,1.7932,1.5809
2.7445,2.7519,2.7301,2.6683,2.6009,2.5181,2.4352,2.3504,2.2657,2.1807,2.0958,2.0224,1.9566,1.9565,1.6424,2.0929,2.1776,2.2627,2.3492,2.4358,2.5226,2.6093,2.6961,2.7829,2.8696,2.9564
0.8054,0.7985,0.819,0.877,0.9402,1.0179,1.0958,1.1753,1.2548,1.3345,1.4142,1.4831,1.5448,0.6387,1.4844,1.417,1.3374,1.2576,1.1764,1.0951,1.0137,0.9323,0.8509,0.7695,0.688,0.6066
3.6901,3.6901,3.6901,3.6901,3.6901,3.6901,3.6901,3.4117,2.7878,2.1639,1.5401,3.5378,3.4227,3.4225,3.5353,3.661,3.8093,3.958,4.1095,4.2609,4.4127,4.5644,4.7162,4.868,5.0198,5.1716
3.6806,3.6806,3.6806,3.6806,3.6806,3.6806,3.6806,3.6806,3.6806,3.6806,3.6806,3.6806,3.6806,3.6806,3.6806,1.2821,1.8283,2.3746,2.9206,3.4666,4.0126,4.5585,5.1045,5.6505,6.1965,6.7424
0.9553,0.9471,0.9714,1.0402,1.1152,1.2074,1.2997,1.394,1.4884,1.5829,1.6775,1.3362,0.4956,1.8325,1.7607,1.6807,1.5863,1.4917,1.3953,1.299,1.2024,1.1058,1.0092,0.9127,0.8161,0.7195
2.4893,2.496,2.4762,2.4201,2.359,2.2839,2.2087,2.1318,2.055,1.9779,1.9009,1.8343,1.7747,1.7746,1.8331,1.8982,1.9751,2.0522,2.1308,2.2093,2.288,2.3667,2.4454,2.5241,2.6028,2.6815
1.1796,1.1694,1.1994,1.2843,1.377,1.4908,1.6047,1.7212,1.8377,1.9544,2.0712,2.172,2.2624,2.2626,0.9546,1.6665,1.9587,1.8418,1.7228,1.6038,1.4846,1.3654,1.2461,1.1269,1.0076,0.8883
3.6432,3.6432,3.6432,3.6432,3.6432,3.6432,3.4693,2.9329,2.3966,1.8603,1.324,8.8478,8.8478,8.8478,8.8478,8.8478,8.8478,8.8478,8.8478,8.8478,8.8478,8.8478,8.8478,8.8478,8.8478,8.8478
3.5656,3.5752,3.5469,3.4666,3.379,3.2714,3.1637,3.0536,2.9435,2.8332,2.7228,2.6275,2.542,2.5419,1.0383,1.7499,2.4955,2.9396,3.0521,3.1646,3.2773,3.39,3.5027,3.6155,3.7282,3.8409
0.7763,0.7696,0.7893,0.8452,0.9062,0.9811,1.0561,1.1327,1.2094,1.2862,1.363,1.4294,1.4889,1.489,1.4306,1.3656,1.289,1.2121,1.1338,1.0555,0.977,0.8985,0.8201,0.7416,0.6631,0.5846
3.1883,3.1969,3.1716,3.0998,3.0215,2.9253,2.829,2.7305,2.632,2.5334,2.107,1.2514,2.273,2.2729,2.3478,2.4313,2.5298,2.6286,2.7291,2.8297,2.9305,3.0313,3.1321,3.2329,3.3337,3.4345
3.6065,3.6065,3.6065,3.6065,3.6065,3.6065,3.6065,3.6065,3.6065,3.6065,3.6065,3.6065,3.6065,3.6065,3.6065,1.2748,1.8179,2.361,2.9039,3.4468,3.9896,4.5325,5.0753,4.9931,4.4646,3.9362
1.3889,1.3769,1.4122,1.5122,1.6213,1.7553,1.8895,2.0266,2.1638,2.247,1.5992,0.9498,2.6639,2.664,2.5597,2.4434,2.3062,2.1686,2.0285,1.8884,1.7481,1.6077,1.4672,1.3268,1.1864,1.046
2.553,2.5599,2.5396,2.4821,2.4194,2.3424,2.2653,2.1864,2.1076,2.0286,1.9496,1.8813,1.8201,0.7805,1.88,1.9469,2.0257,2.1048,2.1853,2.2659,2.3466,2.4273,2.508,2.5887,2.6694,2.7502
0.8874,0.8797,0.9023,0.9662,1.0359,1.1215,1.2072,1.2948,1.3825,1.4703,1.5581,1.634,1.702,0.4604,1.4941,1.5611,1.4735,1.3856,1.2961,1.2065,1.1169,1.0272,0.9374,0.8477,0.758,0.6683
3.5706,3.5706,3.5706,3.5706,3.5706,3.5706,3.5706,3.1039,2.5363,1.9687,1.4011,5.7501,5.5631,5.5628,5.7462,5.9504,6.1915,6.4332,6.6794,6.9255,7.1722,7.4188,7.6656,7.9123,8.159,8.4057
3.5617,3.5617,3.5617,3.5617,3.5617,3.5617,3.5617,3.5617,3.5617,3.5617,3.5617,3.5617,3.5617,3.5617,3.5617,1.3823,1.9713,2.5602,3.1488,3.7375,4.3262,4.9148,5.5035,6.0921,6.4071,6.6008
0.8484,0.8411,0.8627,0.9238,0.9904,1.0723,1.1542,1.238,1.3218,1.4057,1.4897,1.5622,0.6221,1.6274,1.5636,1.4926,1.4088,1.3248,1.2392,1.1536,1.0678,0.9821,0.8963,0.8105,0.7247,0.639
2.6296,2.6367,2.6158,2.5566,2.492,2.4126,2.3332,2.252,2.1708,2.0894,2.008,1.9377,0.768,1.8746,1.9364,2.0052,2.0864,2.1679,2.2509,2.3338,2.4169,2.5001,2.5832,2.6663,2.7495,2.8326
1.6262,1.6122,1.6535,1.7706,1.8983,2.0552,2.2123,2.3729,2.5335,2.6944,2.8553,2.9943,3.119,3.1192,0.8254,1.441,2.0549,2.5391,2.3751,2.2111,2.0467,1.8823,1.7179,1.5535,1.3891,1.2247
3.242,3.2141,3.2964,3.5267,3.5267,3.5267,3.5267,3.0381,2.4825,1.927,1.3714,5.9695,6.218,6.2184,5.9748,5.7034,5.3832,5.062,4.735,4.408,4.0803,3.7526,3.4249,3.0971,2.7693,2.4415
2.9911,2.9992,2.9754,2.908,2.8346,2.7443,2.654,2.5616,2.4692,2.3767,2.2841,2.2041,2.1324,2.1323,1.3104,2.2809,2.3733,2.466,2.5603,2.6547,2.7492,2.8438,2.9383,3.0329,3.1275,3.2221
0.7888,0.7821,0.8021,0.8589,0.9208,0.997,1.0732,1.1511,1.229,1.307,1.3851,1.4525,1.513,1.1891,1.4538,1.3878,1.3099,1.2317,1.1521,1.0726,0.9928,0.9131,0.8334,0.7536,0.6738,0.5941
3.5009,3.5009,3.5009,3.5009,3.5009,3.5009,3.5009,3.4207,3.0889,2.3977,1.7064,1.0135,2.8476,2.8475,2.9413,3.0459,3.1693,3.293,3.419,3.545,3.6713,3.7975,3.9238,4.0501,4.1764,4.3027
3.4923,3.4923,3.4923,3.4923,3.4923,3.4923,3.4923,3.4923,3.4923,3.4923,3.4923,3.4923,3.4923,3.4923,3.4923,1.2711,1.8126,2.3541,2.8954,3.4367,3.978,4.5193,5.0605,5.6018,6.1431,6.6844
1.0785,1.0692,1.0966,1.1743,1.259,1.363,1.4672,1.5737,1.6802,1.7869,1.8937,1.1483,2.0685,2.0687,1.9876,1.8973,1.7908,1.684,1.5752,1.4664,1.3574,1.2484,1.1393,1.0303,0.9213,0.8122
2.4974,2.5041,2.4843,2.428,2.3667,2.2913,2.2159,2.1388,2.0616,1.9844,1.907,1.8403,1.7804,1.7803,1.839,1.9044,1.9815,2.0589,2.1377,2.2165,2.2954,2.3743,2.4533,2.5323,2.6112,2.6902
1.0405,1.0316,1.058,1.133,1.2147,1.3151,1.4156,1.5183,1.6211,1.724,1.827,1.916,1.9957,1.9959,1.1012,1.8306,1.7278,1.6247,1.5198,1.4148,1.3096,1.2044,1.0993,0.994,0.8888,0.7836
3.4586,3.4586,3.4586,3.4586,3.4586,3.4586,3.4586,2.9774,2.4329,1.8885,1.344,8.3995,8.3995,8.3995,8.3995,8.3995,8.3995,8.3995,8.3995,8.3995,8.3995,8.3995,8.3995,8.3995,8.3995,8.3995
3.4503,3.4503,3.4503,3.4503,3.4503,3.4503,3.4503,3.4503,3.4503,3.3538,3.2231,3.1103,3.0091,3.0089,0.9858,1.5778,2.25,2.9222,3.5942,3.7461,3.8795,4.0129,4.1463,4.2798,4.4132,4.5467
0.7975,0.7906,0.8108,0.8683,0.9309,1.0078,1.0849,1.1636,1.2424,1.3213,1.4002,1.4684,1.2911,1.5296,1.4697,1.4029,1.3242,1.2452,1.1647,1.0843,1.0037,0.9231,0.8424,0.7618,0.6812,0.6006
2.9295,2.9373,2.9141,2.8481,2.7762,2.6878,2.5993,2.5088,2.4183,2.3277,2.237,1.5292,2.0885,2.0884,2.1572,2.2339,2.3244,2.4151,2.5076,2.6,2.6926,2.7852,2.8778,2.9704,3.063,3.1557
2.8075,2.7834,2.8546,3.0568,3.2773,3.4256,3.4256,3.4256,3.4256,3.4256,3.4256,3.4256,3.4256,3.4256,3.4256,1.3256,1.8903,2.4551,3.0196,3.5841,3.5335,3.2497,2.9659,2.682,2.3982,2.1143
1.7684,1.7532,1.7981,1.9255,2.0644,2.235,2.4058,2.5804,2.7045,2.0993,1.4941,0.8873,3.3918,3.392,3.2591,3.1111,2.9364,2.7612,2.5829,2.4045,2.2257,2.047,1.8682,1.6894,1.5106,1.3318
2.6885,2.6958,2.6744,2.6139,2.5478,2.4667,2.3855,2.3025,2.2194,2.1363,2.053,1.9812,1.9167,0.7402,1.9798,2.0502,2.1332,2.2165,2.3013,2.3861,2.4711,2.5561,2.6411,2.7261,2.8111,2.8961
0.8416,0.8343,0.8557,0.9163,0.9824,1.0636,1.1449,1.228,1.3111,1.3944,1.4777,1.5496,1.6141,0.509,1.551,1.4806,1.3974,1.3141,1.2292,1.1443,1.0592,0.9741,0.8891,0.804,0.7189,0.6338
3.3931,3.3931,3.3931,3.3931,3.3931,3.3931,3.3931,3.3126,2.7068,2.1011,1.4953,0.9695,4.0473,4.047,4.1805,4.3291,4.5044,4.6803,4.8594,5.0385,5.2179,5.3974,5.5769,5.7563,5.9359,6.1154
3.3851,3.3851,3.3851,3.3851,3.3851,3.3851,3.3851,3.3851,3.3851,3.3851,3.3851,3.3851,3.3851,3.3851,3.3851,1.3293,1.8956,2.4619,3.028,3.5941,4.1601,4.7262,5.2922,5.8583,6.4244,6.9904
0.9185,0.9107,0.934,1.0001,1.0723,1.1609,1.2496,1.3403,1.431,1.5219,1.6128,1.5375,0.4845,1.7619,1.6928,1.616,1.5252,1.4342,1.3416,1.2489,1.1561,1.0632,0.9704,0.8775,0.7846,0.6918
2.5617,2.5686,2.5483,2.4906,2.4277,2.3504,2.273,2.1939,2.1148,2.0355,1.9562,1.8877,1.2888,1.8262,1.8864,1.9535,2.0326,2.112,2.1928,2.2736,2.3545,2.4355,2.5165,2.5975,2.6785,2.7595
1.3292,1.3178,1.3515,1.4472,1.5516,1.6799,1.8083,1.9395,2.0708,2.2023,2.3339,2.4475,2.5494,2.5495,0.9077,1.5848,2.2071,2.0754,1.9413,1.8073,1.6729,1.5386,1.4042,1.2698,1.1354,1.001
3.3535,3.3535,3.3535,3.3535,3.3535,3.3535,3.3535,2.9966,2.4486,1.9006,1.3527,8.1441,8.1441,8.1441,8.1441,8.1441,8.1441,8.1441,8.1441,8.1441,8.1441,8.1441,7.6511,6.9188,6.1866,5.4543
3.3456,3.3456,3.3304,3.255,3.1727,3.0717,2.9706,2.8672,2.7638,2.6602,2.5566,2.4671,2.3868,2.3867,1.1107,1.9392,2.6564,2.7601,2.8658,2.9714,3.0772,3.183,3.2889,3.3947,3.5006,3.6064
0.7875,0.7807,0.8007,0.8574,0.9192,0.9952,1.0713,1.149,1.2268,1.3047,1.3827,1.45,1.5103,1.5104,1.4513,1.3853,1.3076,1.2295,1.1501,1.0707,0.9911,0.9115,0.8319,0.7523,0.6727,0.593
3.3301,3.3301,3.3301,3.3301,3.3022,3.197,3.0917,2.9841,2.8765,2.7383,1.9488,1.1574,2.4842,2.484,2.5659,2.6571,2.7648,2.8727,2.9827,3.0926,3.2027,3.3129,3.423,3.5332,3.6434,3.7536
3.3224,3.3224,3.3224,3.3224,3.3224,3.3224,3.3224,3.3224,3.3224,3.3224,3.3224,3.3224,3.3224,3.3224,3.3224,1.2839,1.8309,2.3779,2.9247,3.4715,4.0182,4.565,5.1117,5.6585,6.2052,6.752
1.2612,1.2503,1.2824,1.3732,1.4722,1.5939,1.7157,1.8403,1.9648,2.0896,1.7272,1.0258,2.4189,2.4191,2.3243,2.2187,2.0942,1.9692,1.842,1.7148,1.5873,1.4598,1.3323,1.2048,1.0773,0.9498
2.5526,2.5595,2.5392,2.4817,2.4191,2.342,2.2649,2.1861,2.1073,2.0283,1.9493,1.881,1.8198,1.213,1.8797,1.9465,2.0254,2.1045,2.185,2.2655,2.3462,2.4269,2.5076,2.5883,2.669,2.7497
0.9485,0.9403,0.9644,1.0327,1.1072,1.1987,1.2903,1.384,1.4776,1.5715,1.6654,1.7464,1.8191,0.4921,1.3252,1.6686,1.5749,1.4809,1.3853,1.2896,1.1937,1.0979,1.002,0.9061,0.8102,0.7143
3.2918,3.2918,3.2918,3.2918,3.2918,3.2918,3.2918,3.08,2.5168,1.9536,1.3904,7.7852,7.532,7.5315,7.7798,7.9945,7.9945,7.9945,7.9945,7.9945,7.9945,7.9945,7.9945,7.9945,7.9945,7.9945
3.2843,3.2843,3.2843,3.2843,3.2843,3.2843,3.2843,3.2843,3.2843,3.2843,3.2843,3.2843,3.2843,3.2843,0.9384,1.4637,2.0874,2.7109,3.3343,3.9576,4.581,5.0073,5.1738,5.3403,5.5069,5.6734
0.8352,0.828,0.8493,0.9094,0.975,1.0556,1.1363,1.2187,1.3012,1.3839,1.4665,1.5379,0.7832,1.602,1.5393,1.4694,1.3869,1.3041,1.2199,1.1356,1.0512,0.9668,0.8823,0.7979,0.7135,0.629
2.7608,2.7682,2.7463,2.6841,2.6163,2.533,2.4496,2.3643,2.2791,2.1936,2.1082,2.002,0.7602,1.9681,2.033,2.1053,2.1905,2.2761,2.3632,2.4502,2.5375,2.6248,2.7121,2.7993,2.8866,2.9739
1.9562,1.9394,1.9891,2.13,2.2836,2.4724,2.6613,2.8545,3.0477,3.2412,3.2619,3.2619,3.2619,3.2619,0.868,1.4065,2.0057,2.605,2.8572,2.6598,2.4621,2.2644,2.0666,1.8688,1.671,1.4732
2.4778,2.4565,2.5194,2.6978,2.8924,3.1315,3.2545,3.1643,2.5856,2.007,1.4284,0.9299,4.7523,4.7526,4.5664,4.359,4.1143,3.8688,3.6189,3.3689,3.1185,2.8681,2.6176,2.367,2.1165,1.866
2.8924,2.9002,2.8772,2.8121,2.741,2.6538,2.5664,2.4771,2.3877,2.2982,2.2087,2.1314,2.0621,2.0619,1.5273,2.2056,2.295,2.3846,2.4758,2.5671,2.6585,2.7499,2.8414,2.9328,3.0243,3.1157
0.8154,0.8084,0.8291,0.8878,0.9519,1.0306,1.1093,1.1898,1.2704,1.351,1.4318,1.5015,1.564,0.7929,1.5028,1.4345,1.354,1.2732,1.191,1.1087,1.0263,0.9439,0.8614,0.779,0.6965,0.6141
3.2325,3.2325,3.2325,3.2325,3.2325,3.2325,3.2325,3.2325,2.9561,2.2946,1.6331,0.9699,3.2417,3.2415,3.3484,3.4674,3.6079,3.7488,3.8922,4.0357,4.1794,4.3231,4.4669,4.6106,4.7544,4.8982
3.2252,3.2252,3.2252,3.2252,3.2252,3.2252,3.2252,3.2252,3.2252,3.2252,3.2252,3.2252,3.2252,3.2252,3.2252,1.3043,1.86,2.4157,2.9712,3.5266,4.0821,4.6375,5.193,5.7484,6.3038,6.8593
1.02,1.0112,1.0371,1.1106,1.1907,1.2891,1.3876,1.4883,1.5891,1.69,1.7909,1.2833,0.5291,1.9564,1.8798,1.7944,1.6937,1.5926,1.4897,1.3868,1.2838,1.1807,1.0775,0.9744,0.8713,0.7681
2.5444,2.5513,2.5311,2.4738,2.4113,2.3345,2.2576,2.1791,2.1005,2.0217,1.943,1.875,1.814,1.8139,1.8737,1.9403,2.0189,2.0977,2.178,2.2582,2.3387,2.4191,2.4995,2.58,2.6604,2.7409
1.1455,1.1356,1.1647,1.2472,1.3372,1.4477,1.5583,1.6714,1.7846,1.8979,2.0113,2.1092,2.197,2.1971,1.0271,1.7933,1.902,1.7885,1.673,1.5575,1.4417,1.3259,1.2101,1.0943,0.9785,0.8627
3.1964,3.1964,3.1964,3.1964,3.1964,3.1964,3.1964,3.0119,2.4611,1.9104,1.3596,0.9133,7.7628,7.7628,7.7628,7.7628,7.7628,7.7628,7.7628,7.7628,7.7628,7.7628,7.7628,7.7628,7.7628,7.7628
3.1893,3.1893,3.1893,3.1893,3.1893,3.1893,3.1893,3.1893,3.1893,3.0766,2.9567,2.8532,2.7604,2.7602,0.9823,1.715,2.4456,3.1762,3.3143,3.4364,3.5588,3.6812,3.8036,3.9261,4.0485,4.1709
0.8009,0.794,0.8143,0.872,0.9349,1.0122,1.0896,1.1686,1.2477,1.327,1.4063,1.4747,1.5361,1.5362,1.476,1.409,1.3299,1.2505,1.1697,1.089,1.008,0.9271,0.8461,0.7651,0.6841,0.6032
3.1492,3.1576,3.1326,3.0617,2.9844,2.8893,2.7942,2.697,2.5997,2.5023,2.3134,1.374,2.2451,2.245,2.319,2.4014,2.4987,2.5963,2.6956,2.795,2.8945,2.994,3.0936,3.1932,3.2928,3.3923
3.1682,3.1682,3.1682,3.1682,3.1682,3.1682,3.1682,3.1682,3.1682,3.1682,3.1682,3.1682,3.1682,3.1682,3.1682,1.3215,1.8845,2.4475,3.0102,3.573,4.1357,4.6416,4.2362,3.8307,3.4253,3.0199
1.5462,1.5329,1.5722,1.6836,1.805,1.9542,2.1035,2.2562,2.4089,2.2347,1.5905,0.9446,2.9656,2.9658,2.8496,2.7202,2.5675,2.4143,2.2583,2.1023,1.9461,1.7898,1.6335,1.4771,1.3208,1.1645
2.6595,2.6666,2.6455,2.5856,2.5203,2.4401,2.3597,2.2776,2.1955,2.1132,2.0308,1.9598,1.896,0.7322,1.9584,2.028,2.1102,2.1926,2.2765,2.3603,2.4444,2.5285,2.6126,2.6966,2.7807,2.8648
0.888,0.8803,0.9029,0.9668,1.0365,1.1222,1.208,1.2957,1.3834,1.4712,1.5591,1.635,1.7031,0.4607,1.6365,1.5621,1.4744,1.3865,1.2969,1.2073,1.1176,1.0278,0.9381,0.8483,0.7585,0.6687
3.1404,3.1404,3.1404,3.1404,3.1404,3.1404,3.1404,3.1404,2.6556,2.0613,1.467,0.8973,4.9683,4.968,5.1318,5.3142,5.5294,5.7453,5.9652,6.185,6.4053,6.6256,6.8459,7.0662,7.2866,7.5069
3.1336,3.1336,3.1336,3.1336,3.1336,3.1336,3.1336,3.1336,3.1336,3.1336,3.1336,3.1336,3.1336,3.1336,0.8953,1.391,1.9837,2.5763,3.1687,3.7611,4.3534,4.9458,5.5382,6.1305,6.7229,7.3153
0.8932,0.8855,0.9082,0.9725,1.0426,1.1288,1.2151,1.3033,1.3915,1.4799,1.5683,1.6446,0.5731,1.7132,1.6461,1.5713,1.4831,1.3946,1.3045,1.2144,1.1241,1.0339,0.9436,0.8533,0.7629,0.6726
2.6601,2.6673,2.6461,2.5862,2.5209,2.4406,2.3603,2.2781,2.196,2.1137,2.0313,1.9602,0.9292,1.8963,1.9589,2.0285,2.1107,2.1931,2.277,2.3609,2.445,2.5291,2.6132,2.6973,2.7814,2.8655
1.5305,1.5173,1.5562,1.6664,1.7866,1.9342,2.0821,2.2332,2.3843,2.5358,2.6873,2.8181,2.9354,2.9356,0.874,1.5259,2.176,2.3897,2.2353,2.0809,1.9262,1.7715,1.6168,1.4621,1.3073,1.1526
3.1064,3.1064,3.1064,3.1064,3.1064,3.1064,3.1064,3.0887,2.5238,1.959,1.3943,0.8875,7.5441,7.5441,7.5441,7.4012,6.9857,6.5689,6.1445,5.7201,5.2949,4.8697,4.4444,4.019,3.5937,3.1683
3.0997,3.0997,3.0997,3.0995,3.0212,2.925,2.8287,2.7302,2.6318,2.5331,2.4344,2.3492,2.2728,2.2727,1.2528,2.1873,2.5295,2.6283,2.7289,2.8294,2.9302,3.031,3.1318,3.2326,3.3334,3.4342
0.8058,0.7989,0.8194,0.8774,0.9407,1.0184,1.0963,1.1759,1.2554,1.3352,1.4149,1.4838,1.5456,1.5457,1.4851,1.4177,1.3381,1.2582,1.177,1.0957,1.0142,0.9328,0.8513,0.7698,0.6884,0.6069
3.0863,3.0863,3.0863,3.0863,3.0863,3.0863,3.0863,3.0863,3.0863,2.5743,1.8321,1.0881,2.7561,2.756,2.8468,2.948,3.0674,3.1872,3.3092,3.4311,3.5533,3.6755,3.7977,3.92,4.0422,4.1644
3.0797,3.0797,3.0797,3.0797,3.0797,3.0797,3.0797,3.0797,3.0797,3.0797,3.0797,3.0797,3.0797,3.0797,3.0797,1.3045,1.8604,2.4161,2.9717,3.5273,4.0828,4.6383,5.1939,5.7494,6.305,6.8605
1.1678,1.1577,1.1874,1.2715,1.3632,1.4759,1.5887,1.704,1.8193,1.9349,1.8901,1.1226,2.2398,2.2399,2.1522,2.0544,1.9391,1.8234,1.7056,1.5878,1.4698,1.3517,1.2337,1.1156,0.9975,0.8795
2.5751,2.5821,2.5616,2.5036,2.4404,2.3627,2.2849,2.2054,2.1258,2.0462,1.9664,1.8976,1.8359,1.8358,1.8963,1.9637,2.0432,2.123,2.2043,2.2855,2.3669,2.4483,2.5297,2.6111,2.6926,2.774
1.0258,1.017,1.043,1.1169,1.1975,1.2964,1.3955,1.4968,1.5981,1.6996,1.8012,1.8888,1.9675,1.9676,1.2044,1.8046,1.7033,1.6017,1.4982,1.3947,1.2911,1.1874,1.0837,0.98,0.8762,0.7725
3.0535,3.0535,3.0535,3.0535,3.0535,3.0535,3.0535,3.0535,2.5205,1.9565,1.3924,0.8724,7.4155,7.4155,7.4155,7.4155,7.4155,7.4155,7.4155,7.4155,7.4155,7.4155,7.4155,7.4155,7.4155,7.4155
3.047,3.047,3.047,3.047,3.047,3.047,3.047,3.047,3.047,3.047,3.047,3.047,3.047,3.047,0.8975,1.5668,2.2344,2.9019,3.5692,4.1483,4.296,4.4438,4.5916,4.7393,4.8871,5.0349
0.8301,0.823,0.8441,0.9039,0.9691,1.0492,1.1294,1.2113,1.2933,1.3754,1.4576,1.5286,1.057,1.5923,1.5299,1.4604,1.3784,1.2962,1.2125,1.1287,1.0448,0.9609,0.877,0.793,0.7091,0.6252
2.928,2.9358,2.9126,2.8466,2.7747,2.6864,2.5979,2.5075,2.4171,2.3265,2.2359,1.7206,2.0874,2.0873,2.1561,2.2327,2.3232,2.4139,2.5063,2.5986,2.6912,2.7837,2.8763,2.9689,3.0615,3.154
2.4605,2.4393,2.5018,2.679,2.8722,3.0277,3.0277,3.0277,3.0277,3.0277,3.0277,3.0277,3.0277,3.0277,0.865,1.3868,1.9777,2.5685,3.1591,3.3454,3.0967,2.848,2.5993,2.3505,2.1017,1.853
2.0332,2.0157,2.0674,2.2138,2.3735,2.5696,2.766,2.9668,2.719,2.1105,1.5021,0.8921,3.8997,3.8999,3.7471,3.5769,3.3761,3.1747,2.9696,2.7645,2.559,2.3535,2.1479,1.9424,1.7368,1.5312
2.8276,2.8352,2.8128,2.7491,2.6797,2.5943,2.5089,2.4216,2.3343,2.2468,2.1592,2.0837,2.0159,2.0158,1.8374,2.1562,2.2436,2.3312,2.4204,2.5096,2.599,2.6883,2.7777,2.8671,2.9566,3.046
0.8507,0.8434,0.865,0.9263,0.9931,1.0751,1.1573,1.2413,1.3253,1.4095,1.4937,1.5664,1.6316,0.604,1.5678,1.4966,1.4126,1.3283,1.2425,1.1567,1.0707,0.9847,0.8987,0.8127,0.7267,0.6407
3.0023,3.0023,3.0023,3.0023,3.0023,3.0023,3.0023,3.0023,2.863,2.2223,1.5816,0.9393,3.7806,3.7804,3.905,4.0439,4.2076,4.3719,4.5392,4.7065,4.8741,5.0418,5.2094,5.3771,5.5448,5.7124
2.996,2.996,2.996,2.996,2.996,2.996,2.996,2.996,2.996,2.996,2.996,2.996,2.996,2.996,0.856,1.3505,1.9259,2.5013,3.0764,3.6516,4.2267,4.8018,5.377,5.9521,6.5272,7.1023
0.9776,0.9692,0.994,1.0644,1.1412,1.2355,1.3299,1.4265,1.523,1.6197,1.7165,1.4623,0.5071,1.8751,1.8017,1.7198,1.6233,1.5264,1.4278,1.3292,1.2304,1.1316,1.0327,0.9339,0.8351,0.7362
2.6155,2.6225,2.6017,2.5428,2.4786,2.3997,2.3207,2.2399,2.1591,2.0782,1.9972,1.9273,1.7892,1.8645,1.926,1.9945,2.0752,2.1563,2.2388,2.3213,2.4039,2.4866,2.5693,2.652,2.7347,2.8174
1.2817,1.2707,1.3032,1.3955,1.4961,1.6198,1.7436,1.8702,1.9967,2.1236,2.2504,2.36,2.4582,2.4584,0.9728,1.6984,2.1282,2.0012,1.8719,1.7426,1.6131,1.4836,1.354,1.2244,1.0948,0.9652
2.9712,2.9712,2.9712,2.9712,2.9712,2.9712,2.9712,2.9712,2.5118,1.9497,1.3876,0.8489,7.2158,7.2158,7.2158,7.2158,7.2158,7.2158,7.2158,7.2158,7.2158,7.2158,7.2158,7.2158,7.2158,7.2158
2.965,2.965,2.965,2.965,2.965,2.965,2.965,2.965,2.965,2.8734,2.7614,2.6648,2.5781,2.578,1.0828,1.8905,2.6959,2.9813,3.0954,3.2095,3.3238,3.4381,3.5524,3.6668,3.7811,3.8955
0.8116,0.8046,0.8252,0.8837,0.9474,1.0257,1.1041,1.1843,1.2644,1.3447,1.425,1.4944,1.5566,1.5567,1.4957,1.4278,1.3476,1.2672,1.1854,1.1035,1.0215,0.9394,0.8574,0.7753,0.6933,0.6112
2.9528,2.9528,2.9528,2.9528,2.9528,2.9528,2.9528,2.9357,2.8299,2.7238,2.1246,1.2618,2.4439,2.4438,2.5243,2.6141,2.7199,2.8261,2.9343,3.0424,3.1508,3.2591,3.3675,3.4759,3.5843,3.6927
2.9468,2.9468,2.9468,2.9468,2.9468,2.9468,2.9468,2.9468,2.9468,2.9468,2.9468,2.9468,2.9468,2.9468,0.8419,1.3295,1.8959,2.4623,3.0285,3.5947,4.1608,4.727,5.2931,5.8593,5.9257,5.2243
1.3904,1.3784,1.4137,1.5139,1.623,1.7572,1.8915,2.0288,2.1661,2.3037,1.7124,1.017,2.6667,2.6669,2.5624,2.446,2.3087,2.1709,2.0307,1.8904,1.7499,1.6094,1.4688,1.3282,1.1877,1.0471
2.6558,2.663,2.6419,2.5821,2.5168,2.4367,2.3565,2.2745,2.1924,2.1103,2.028,1.9571,1.8934,0.9415,1.9557,2.0252,2.1073,2.1895,2.2733,2.3571,2.441,2.525,2.609,2.6929,2.7769,2.8609
0.9468,0.9387,0.9627,1.0309,1.1052,1.1966,1.2881,1.3816,1.4751,1.5687,1.6625,1.7434,1.816,0.4913,1.4817,1.6657,1.5722,1.4784,1.3829,1.2873,1.1917,1.0959,1.0002,0.9045,0.8088,0.713
2.9227,2.9227,2.9227,2.9227,2.9227,2.9227,2.9227,2.9227,2.6314,2.0425,1.4537,0.8634,6.4384,6.438,6.6503,6.8867,7.0981,7.0981,7.0981,7.0981,7.0981,7.0981,7.0981,7.0981,7.0981,7.0981
2.9168,2.9168,2.9168,2.9168,2.9168,2.9168,2.9168,2.9168,2.9168,2.9168,2.9168,2.9168,2.9168,2.9168,0.8421,1.4702,2.0966,2.7229,3.349,3.9751,4.6012,5.2272,5.8533,6.0827,6.2724,6.4621
0.8778,0.8702,0.8925,0.9557,1.0246,1.1093,1.1941,1.2808,1.3675,1.4543,1.5412,1.6162,0.7033,1.6836,1.6177,1.5442,1.4575,1.3705,1.282,1.1935,1.1047,1.016,0.9273,0.8385,0.7498,0.661
2.7886,2.7961,2.7739,2.7111,2.6427,2.5585,2.4743,2.3882,2.302,2.2158,2.1294,2.0549,0.7678,1.9879,2.0535,2.1265,2.2126,2.299,2.387,2.4749,2.5631,2.6512,2.7394,2.8276,2.9157,3.0039
1.811,1.7955,1.8415,1.9719,2.1141,2.2888,2.4638,2.6426,2.8215,2.8991,2.8991,2.8991,2.8991,2.8991,0.8513,1.4862,2.1195,2.7526,2.6451,2.4624,2.2794,2.0963,1.9132,1.7301,1.547,1.3639
2.8932,2.8932,2.8932,2.8932,2.8932,2.8932,2.8932,2.8932,2.6255,2.0379,1.4504,0.8614,5.786,5.7865,5.5597,5.3072,5.0093,4.7104,4.4061,4.1018,3.7969,3.4919,3.187,2.8819,2.5769,2.2719
2.8874,2.8874,2.8874,2.8874,2.8874,2.8209,2.728,2.6331,2.5381,2.443,2.3478,2.2656,2.1919,2.1918,1.4439,2.3445,2.4395,2.5348,2.6318,2.7288,2.8259,2.9231,3.0203,3.1175,3.2147,3.312
0.8321,0.825,0.8461,0.906,0.9714,1.0516,1.132,1.2142,1.2964,1.3787,1.4611,1.5322,1.596,1.0383,1.5335,1.4639,1.3817,1.2993,1.2153,1.1314,1.0473,0.9632,0.8791,0.7949,0.7108,0.6267
2.8758,2.8758,2.8758,2.8758,2.8758,2.8758,2.8758,2.8758,2.8758,2.4551,1.7473,1.0378,3.1125,3.1123,3.2149,3.3292,3.4641,3.5993,3.737,3.8748,4.0128,4.1508,4.2888,4.4268,4.5649,4.7029
2.8701,2.8701,2.8701,2.8701,2.8701,2.8701,2.8701,2.8701,2.8701,2.8701,2.8701,2.8701,2.8701,2.8701,0.82,1.3374,1.9073,2.477,3.0466,3.6162,4.1857,4.7553,5.3248,5.8944,6.4639,6.9702
1.0995,1.09,1.1179,1.1971,1.2834,1.3895,1.4957,1.6043,1.7129,1.8217,1.9305,1.2472,2.1087,2.1089,2.0262,1.9342,1.8256,1.7167,1.6058,1.4949,1.3838,1.2726,1.1615,1.0503,0.9392,0.828
2.6214,2.6284,2.6076,2.5485,2.4842,2.4051,2.3259,2.2449,2.164,2.0829,2.0017,1.9317,1.8688,1.8687,1.9303,1.9989,2.0799,2.1611,2.2438,2.3265,2.4094,2.4922,2.5751,2.658,2.7409,2.8238
1.1243,1.1146,1.1432,1.2242,1.3125,1.4209,1.5295,1.6406,1.7516,1.8628,1.9741,2.0702,2.1564,2.1566,1.1167,1.9496,1.8669,1.7555,1.6421,1.5287,1.4151,1.3014,1.1877,1.0741,0.9604,0.8467
2.8473,2.8473,2.8473,2.8473,2.8473,2.8473,2.8473,2.8473,2.5475,1.9774,1.4073,0.8358,6.9148,6.9148,6.9148,6.9148,6.9148,6.9148,6.9148,6.9148,6.9148,6.9148,6.9148,6.9148,6.9148,6.9148
2.8416,2.8416,2.8416,2.8416,2.8416,2.8416,2.8416,2.8416,2.8416,2.8416,2.8416,2.8416,2.8416,2.8416,0.9722,1.6974,2.4206,3.1437,3.6402,3.7743,3.9087,4.0431,4.1776,4.3121,4.4465,4.581
0.8329,0.8258,0.8469,0.9069,0.9723,1.0527,1.1331,1.2154,1.2976,1.38,1.4625,1.5337,1.5975,1.5976,1.535,1.4653,1.383,1.3005,1.2165,1.1325,1.0483,0.9641,0.8799,0.7957,0.7115,0.6273
2.8304,2.8304,2.8304,2.8304,2.8304,2.8304,2.7858,2.6888,2.5918,2.4947,2.3975,1.5281,2.2383,2.2382,2.312,2.3942,2.4911,2.5884,2.6875,2.7865,2.8857,2.985,3.0842,3.1835,3.2828,3.3821
2.8248,2.8248,2.8248,2.8248,2.8248,2.8248,2.8248,2.8248,2.8248,2.8248,2.8248,2.8248,2.8248,2.8248,0.8071,1.3809,1.9693,2.5576,3.1457,3.7338,4.1681,3.8334,3.4986,3.1637,2.8289,2.494
1.7478,1.7328,1.7771,1.903,2.0403,2.2089,2.3777,2.5503,2.7229,2.2424,1.5959,0.9478,3.3522,3.3524,3.2211,3.0748,2.9022,2.729,2.5527,2.3764,2.1998,2.0231,1.8464,1.6697,1.493,1.3163
2.7932,2.8007,2.7785,2.7156,2.647,2.5628,2.4784,2.3921,2.3059,2.2194,2.133,2.0583,1.9913,0.769,2.0569,2.13,2.2163,2.3028,2.3909,2.479,2.5673,2.6556,2.7439,2.8322,2.9206,3.0089
0.8962,0.8885,0.9113,0.9758,1.0462,1.1327,1.2193,1.3078,1.3963,1.4849,1.5737,1.6503,1.719,0.4952,1.6517,1.5767,1.4882,1.3994,1.309,1.2186,1.128,1.0374,0.9468,0.8562,0.7656,0.675
2.8027,2.8027,2.8027,2.8027,2.8027,2.8027,2.8027,2.8027,2.8027,2.1765,1.549,0.92,4.5495,4.5492,4.6992,4.8662,5.0633,5.261,5.4623,5.6637,5.8653,6.0671,6.2688,6.4706,6.6724,6.8066
2.7973,2.7973,2.7973,2.7973,2.7973,2.7973,2.7973,2.7973,2.7973,2.7973,2.7973,2.7973,2.7973,2.7973,0.8086,1.4116,2.0131,2.6145,3.2156,3.8168,4.4179,5.0191,5.6202,6.2214,6.7934,6.7934
0.9485,0.9403,0.9644,1.0327,1.1072,1.1987,1.2903,1.384,1.4776,1.5715,1.6654,1.7069,0.5379,1.8193,1.748,1.6686,1.5749,1.481,1.3853,1.2896,1.1937,1.0979,1.002,0.9061,0.8102,0.7143
2.7133,2.7206,2.6991,2.638,2.5714,2.4895,2.4075,2.3237,2.2399,2.156,2.072,1.9994,1.1707,1.9343,1.9981,2.0691,2.1529,2.237,2.3226,2.4082,2.4939,2.5797,2.6655,2.7513,2.8371,2.9229
1.4622,1.4497,1.4868,1.5921,1.7069,1.848,1.9893,2.1336,2.278,2.4227,2.5675,2.6924,2.781,2.781,0.934,1.6306,2.3253,2.2831,2.1356,1.9881,1.8404,1.6926,1.5447,1.3969,1.249,1.1012
2.7756,2.7756,2.7756,2.7756,2.7756,2.7756,2.7756,2.7756,2.587,2.0081,1.4291,0.8488,6.7408,6.7408,6.7408,6.7408,6.7408,6.7408,6.7408,6.7408,6.7408,6.7408,6.249,5.651,5.0529,4.4548
2.7702,2.7702,2.7702,2.7702,2.7702,2.7702,2.7702,2.7702,2.7702,2.7258,2.6196,2.5279,2.4457,2.4455,1.2133,2.1183,2.7219,2.8282,2.9364,3.0446,3.1531,3.2615,3.37,3.4784,3.5869,3.6954
0.8299,0.8228,0.8439,0.9037,0.9688,1.0489,1.1291,1.211,1.293,1.3751,1.4573,1.5282,1.5918,1.5919,1.5295,1.4601,1.3781,1.2959,1.2122,1.1284,1.0446,0.9607,0.8768,0.7929,0.7089,0.625
2.7596,2.7596,2.7596,2.7596,2.7596,2.7596,2.7596,2.7596,2.7596,2.7596,1.9873,1.1803,2.6984,2.6982,2.7872,2.8862,3.0031,3.1204,3.2398,3.3592,3.4788,3.5985,3.7181,3.8378,3.9575,4.0772
2.7543,2.7543,2.7543,2.7543,2.7543,2.7543,2.7543,2.7543,2.7543,2.7543,2.7543,2.7543,2.7543,2.7543,0.7869,1.3499,1.925,2.5001,3.075,3.6499,4.2247,4.7996,5.3744,5.9493,6.5241,6.689
1.2786,1.2676,1.3,1.3921,1.4925,1.6159,1.7394,1.8657,1.9919,2.1184,1.8673,1.109,2.4523,2.4524,2.3564,2.2493,2.1231,1.9964,1.8674,1.7384,1.6092,1.48,1.3507,1.2214,1.0922,0.9629
2.6772,2.6844,2.6632,2.6029,2.5371,2.4564,2.3755,2.2928,2.2101,2.1273,2.0444,1.9728,1.9087,1.6056,1.9715,2.0416,2.1243,2.2072,2.2917,2.3761,2.4607,2.5454,2.63,2.7147,2.7993,2.884
1.0213,1.0125,1.0384,1.112,1.1922,1.2907,1.3894,1.4902,1.5911,1.6921,1.7932,1.8805,1.9588,0.5299,1.3337,1.7967,1.6958,1.5947,1.4916,1.3886,1.2854,1.1822,1.0789,0.9757,0.8724,0.7691
2.7333,2.7333,2.7333,2.7333,2.7333,2.7333,2.7333,2.7333,2.633,2.0438,1.4546,0.8639,6.6379,6.6379,6.6379,6.6379,6.6379,6.6379,6.6379,6.6379,6.6379,6.6379,6.6379,6.6379,6.6379,6.6379
2.7281,2.7281,2.7281,2.7281,2.7281,2.7281,2.7281,2.7281,2.7281,2.7281,2.7281,2.7281,2.7281,2.7281,0.8996,1.5706,2.2398,2.9089,3.5778,4.2466,4.8258,4.9917,5.1577,5.3237,5.4898,5.6558
0.8715,0.864,0.8861,0.9489,1.0173,1.1014,1.1856,1.2717,1.3577,1.4439,1.5302,1.6047,0.9102,1.6716,1.6061,1.5332,1.4471,1.3608,1.2728,1.1849,1.0969,1.0088,0.9207,0.8325,0.7444,0.6563
2.7177,2.7177,2.7177,2.7177,2.7177,2.7094,2.6202,2.529,2.4378,2.3464,2.255,1.9697,0.7765,2.1052,2.1746,2.2519,2.3431,2.4346,2.5277,2.6209,2.7142,2.8076,2.9009,2.9943,3.0877,3.1811
2.2226,2.2035,2.26,2.42,2.5946,2.7126,2.7126,2.7126,2.7126,2.7126,2.7126,2.7126,2.7126,2.7126,0.8383,1.4635,2.087,2.7105,3.2462,3.022,2.7974,2.5727,2.348,2.1233,1.8986,1.6739
2.3907,2.3701,2.4308,2.603,2.7075,2.7075,2.7075,2.7075,2.7075,2.1406,1.5235,0.9048,4.5852,4.5855,4.4059,4.2058,3.9697,3.7328,3.4917,3.2505,3.0089,2.7672,2.5255,2.2838,2.0421,1.8004
2.7024,2.7024,2.7024,2.7024,2.7024,2.7024,2.6622,2.5696,2.4769,2.3841,2.2912,2.211,2.1391,2.1389,1.7099,2.288,2.3807,2.4736,2.5683,2.6629,2.7578,2.8526,2.9475,3.0423,3.1372,3.2321
0.8674,0.8599,0.882,0.9444,1.0125,1.0962,1.18,1.2657,1.3513,1.4371,1.523,1.5971,1.6636,0.7405,1.5985,1.5259,1.4403,1.3543,1.2668,1.1794,1.0917,1.004,0.9163,0.8286,0.7409,0.6532
2.6922,2.6922,2.6922,2.6922,2.6922,2.6922,2.6922,2.6922,2.6922,2.3722,1.6883,1.0027,3.5914,3.5912,3.7096,3.8415,3.9971,4.1531,4.312,4.471,4.6302,4.7894,4.9487,5.108,5.2673,5.4265
2.6872,2.6872,2.6872,2.6872,2.6872,2.6872,2.6872,2.6872,2.6872,2.6872,2.6872,2.6872,2.6872,2.6872,0.7927,1.3839,1.9735,2.5631,3.1525,3.7419,4.3312,4.9205,5.5099,6.0992,6.526,6.526
1.0505,1.0414,1.0681,1.1438,1.2263,1.3276,1.4291,1.5328,1.6366,1.7405,1.8445,1.4106,0.5449,2.0149,1.936,1.8481,1.7443,1.6402,1.5343,1.4283,1.3221,1.2159,1.1097,1.0035,0.8973,0.7911
2.6771,2.6771,2.6771,2.6183,2.5522,2.4709,2.3895,2.3064,2.2232,2.1399,2.0565,1.9845,1.92,1.9199,1.9831,2.0536,2.1368,2.2203,2.3052,2.3902,2.4753,2.5604,2.6456,2.7307,2.8159,2.901
1.2512,1.2405,1.2723,1.3624,1.4606,1.5814,1.7022,1.8258,1.9493,2.0731,2.197,2.304,2.3999,2.4,1.0532,1.8387,2.0777,1.9537,1.8275,1.7013,1.5748,1.4483,1.3218,1.1953,1.0688,0.9423
2.6672,2.6672,2.6672,2.6672,2.6672,2.6672,2.6672,2.6672,2.5987,2.0171,1.4356,0.8526,6.4774,6.4774,6.4774,6.4774,6.4774,6.4774,6.4774,6.4774,6.4774,6.4774,6.4774,6.4774,6.4774,6.4774
2.6622,2.6622,2.6622,2.6622,2.6622,2.6622,2.6622,2.6622,2.6622,2.6622,2.6622,2.6622,2.6622,2.6622,1.0676,1.8638,2.6579,3.2558,3.3803,3.5049,3.6297,3.7546,3.8794,4.0043,4.1291,4.254
0.8436,0.8364,0.8578,0.9185,0.9848,1.0662,1.1477,1.231,1.3143,1.3977,1.4813,1.5534,1.618,1.6181,1.5547,1.4841,1.4008,1.3172,1.2321,1.147,1.0618,0.9765,0.8912,0.8059,0.7206,0.6353
2.6524,2.6524,2.6524,2.6524,2.6524,2.6524,2.6524,2.6524,2.6524,2.6524,2.3442,1.3922,2.4296,2.4294,2.5095,2.5987,2.704,2.8096,2.9171,3.0246,3.1323,3.24,3.3477,3.4555,3.5633,3.671
2.6475,2.6475,2.6475,2.6475,2.6475,2.6475,2.6475,2.6475,2.6475,2.6475,2.6475,2.6475,2.6475,2.6475,0.7953,1.3885,1.9801,2.5716,3.1629,3.7543,4.3456,4.9369,5.3063,4.7985,4.2906,3.7827
1.5538,1.5404,1.5799,1.6918,1.8138,1.9637,2.1138,2.2673,2.4207,2.4094,1.7147,1.0184,2.9802,2.9804,2.8636,2.7335,2.5801,2.4261,2.2694,2.1127,1.9556,1.7986,1.6415,1.4844,1.3273,1.1702
2.6377,2.6377,2.6377,2.6377,2.6377,2.5573,2.4731,2.387,2.301,2.2147,2.1284,2.0539,1.9871,0.7846,2.0525,2.1255,2.2116,2.2979,2.3859,2.4738,2.5619,2.65,2.7381,2.8262,2.9144,3.0025
0.9542,0.946,0.9702,1.039,1.1139,1.206,1.2981,1.3924,1.4866,1.581,1.6754,1.757,1.8301,0.4951,1.6833,1.6787,1.5844,1.4899,1.3937,1.2974,1.201,1.1045,1.008,0.9116,0.8151,0.7186
2.628,2.628,2.628,2.628,2.628,2.628,2.628,2.628,2.628,2.1545,1.5334,0.9107,5.7161,5.7158,5.9042,6.1141,6.3617,6.3824,6.3824,6.3824,6.3824,6.3824,6.3824,6.3824,6.3824,6.3824
2.6232,2.6232,2.6232,2.6232,2.6232,2.6232,2.6232,2.6232,2.6232,2.6232,2.6232,2.6232,2.6232,2.6232,0.8537,1.4904,2.1254,2.7603,3.395,4.0297,4.6644,5.299,5.9337,6.3707,6.3707,6.3707
0.9309,0.9229,0.9465,1.0135,1.0866,1.1765,1.2664,1.3583,1.4502,1.5423,1.6345,1.714,0.6477,1.7855,1.7155,1.6376,1.5457,1.4535,1.3596,1.2657,1.1716,1.0775,0.9834,0.8893,0.7952,0.701
2.6137,2.6137,2.6137,2.6137,2.6137,2.6078,2.5219,2.4341,2.3464,2.2584,2.1704,2.0945,0.8862,2.0262,2.093,2.1674,2.2552,2.3433,2.4329,2.5226,2.6124,2.7023,2.7921,2.882,2.9719,3.0617
1.7088,1.6941,1.7375,1.8605,1.9947,2.1596,2.3247,2.4934,2.6089,2.6089,2.6089,2.6089,2.6089,2.6089,0.908,1.5853,2.2607,2.6681,2.4957,2.3234,2.1507,1.9779,1.8052,1.6324,1.4596,1.2869
2.6042,2.6042,2.6042,2.6042,2.6042,2.6042,2.6042,2.6042,2.6042,2.0878,1.4859,0.8825,6.3244,6.3244,6.3244,6.3244,6.3244,5.983,5.5965,5.2099,4.8227,4.4354,4.048,3.6606,3.2731,2.8857
2.5995,2.5995,2.5995,2.5995,2.5995,2.5995,2.5995,2.5995,2.5995,2.5995,2.5201,2.4319,2.3528,2.3526,1.3864,2.4204,2.6185,2.7208,2.8249,2.929,3.0333,3.1376,3.242,3.3463,3.4506,3.555
0.8567,0.8493,0.8711,0.9328,1.0,1.0827,1.1655,1.2501,1.3347,1.4194,1.5042,1.5775,1.6431,1.4802,1.5788,1.5071,1.4225,1.3376,1.2512,1.1648,1.0782,0.9916,0.905,0.8184,0.7318,0.6452
2.5901,2.5901,2.5901,2.5901,2.5901,2.5901,2.5901,2.5901,2.5901,2.5901,1.8888,1.1218,3.0289,3.0287,3.1286,3.2398,3.371,3.5026,3.6366,3.7707,3.9049,4.0392,4.1736,4.3079,4.4422,4.5766
2.5854,2.5854,2.5854,2.5854,2.5854,2.5854,2.5854,2.5854,2.5854,2.5854,2.5854,2.5854,2.5854,2.5854,0.7925,1.3835,1.973,2.5624,3.1516,3.7409,4.33,4.9192,5.5084,6.0976,6.2788,6.2788
1.1981,1.1878,1.2182,1.3045,1.3986,1.5142,1.6299,1.7483,1.8666,1.9851,2.0657,1.2268,2.298,2.2981,2.2081,2.1078,1.9894,1.8707,1.7499,1.629,1.5079,1.3868,1.2657,1.1446,1.0234,0.9023
2.5761,2.5761,2.5761,2.5761,2.5761,2.4998,2.4175,2.3333,2.2492,2.1649,2.0805,2.0077,1.9424,1.9423,2.0063,2.0777,2.1618,2.2462,2.3322,2.4181,2.5042,2.5904,2.6765,2.7626,2.8488,2.9349
1.1159,1.1063,1.1347,1.215,1.3027,1.4103,1.5181,1.6283,1.7385,1.8489,1.9594,2.0548,2.1403,2.1405,1.2285,1.9632,1.853,1.7424,1.6299,1.5173,1.4045,1.2917,1.1789,1.0661,0.9532,0.8404
2.5669,2.5669,2.5669,2.5669,2.5669,2.5669,2.5669,2.5669,2.5669,2.065,1.4697,0.8728,6.2338,6.2338,6.2338,6.2338,6.2338,6.2338,6.2338,6.2338,6.2338,6.2338,6.2338,6.2338,6.2338,6.2338
2.5623,2.5623,2.5623,2.5623,2.5623,2.5623,2.5623,2.5623,2.5623,2.5623,2.5623,2.5623,2.5623,2.5623,0.9725,1.6978,2.4211,3.1444,3.8675,4.2002,4.3498,4.4994,4.649,4.7987,4.9483,5.098
0.874,0.8665,0.8887,0.9517,1.0203,1.1046,1.1891,1.2754,1.3617,1.4481,1.5347,1.6094,1.283,1.6765,1.6108,1.5376,1.4513,1.3647,1.2765,1.1884,1.1,1.0117,0.9233,0.835,0.7466,0.6582
2.5532,2.5532,2.5532,2.5532,2.5532,2.5532,2.5532,2.5532,2.5532,2.5123,2.4144,1.7255,0.7295,2.254,2.3283,2.411,2.5087,2.6067,2.7064,2.8061,2.9061,3.006,3.106,3.2059,3.3059,3.4059
2.5486,2.5486,2.5486,2.5486,2.5486,2.5486,2.5486,2.5486,2.5486,2.5486,2.5486,2.5486,2.5486,2.5486,0.8342,1.4563,2.0768,2.6973,3.3175,3.9075,3.6171,3.3266,3.036,2.7455,2.4549,2.1643
2.0119,1.9946,2.0457,2.1906,2.3486,2.5427,2.5441,2.5441,2.5441,2.2721,1.617,0.9604,3.8588,3.859,3.7078,3.5394,3.3407,3.1414,2.9384,2.7355,2.5322,2.3288,2.1254,1.922,1.7186,1.5152
2.5396,2.5396,2.5396,2.5396,2.5396,2.5396,2.5396,2.5359,2.4445,2.3529,2.2612,2.1821,2.1111,0.7256,2.0994,2.2581,2.3495,2.4413,2.5347,2.6281,2.7217,2.8153,2.9089,3.0025,3.0962,3.1898
0.9132,0.9054,0.9286,0.9943,1.066,1.1542,1.2424,1.3326,1.4227,1.5131,1.6035,1.6816,1.7515,0.5859,1.683,1.6066,1.5164,1.4259,1.3338,1.2417,1.1494,1.0571,0.9648,0.8724,0.7801,0.6877
2.5306,2.5306,2.5306,2.5306,2.5306,2.5306,2.5306,2.5306,2.5306,2.3202,1.6513,0.9807,4.2578,4.2576,4.3979,4.5543,4.7388,4.9238,5.1122,5.3006,5.4894,5.6782,5.867,6.0558,6.1458,6.1458
2.5262,2.5262,2.5262,2.5262,2.5262,2.5262,2.5262,2.5262,2.5262,2.5262,2.5262,2.5262,2.5262,2.5262,0.8282,1.446,2.0621,2.6781,3.2939,3.9097,4.5255,5.1413,5.757,6.135,6.135,6.135
1.0172,1.0085,1.0343,1.1076,1.1875,1.2856,1.3839,1.4843,1.5848,1.6854,1.7861,1.6301,0.5277,1.9512,1.8747,1.7896,1.6891,1.5883,1.4857,1.3831,1.2803,1.1775,1.0746,0.9718,0.8689,0.7661
2.5173,2.5173,2.5173,2.5173,2.5173,2.5173,2.4785,2.3923,2.306,2.2196,2.1331,2.0584,1.5643,1.9913,2.057,2.1301,2.2164,2.3029,2.3911,2.4792,2.5675,2.6558,2.7441,2.8324,2.9207,3.0091
1.4177,1.4055,1.4415,1.5436,1.655,1.7918,1.9287,2.0687,2.2087,2.349,2.4893,2.5129,2.5129,2.5129,1.0084,1.7605,2.3541,2.2137,2.0706,1.9276,1.7844,1.641,1.4977,1.3544,1.211,1.0677
2.5085,2.5085,2.5085,2.5085,2.5085,2.5085,2.5085,2.5085,2.5085,2.0773,1.4784,0.8781,6.092,6.092,6.092,6.092,6.092,6.092,6.092,6.092,6.092,6.092,6.092,6.092,6.092,6.092
2.5041,2.5041,2.5041,2.5041,2.5041,2.5041,2.5041,2.5041,2.5041,2.5041,2.5041,2.5041,2.5041,2.5041,1.1905,2.0784,2.9612,3.0768,3.1946,3.3123,3.4303,3.5482,3.6662,3.7842,3.9022,4.0202
0.8627,0.8553,0.8772,0.9393,1.007,1.0903,1.1736,1.2588,1.344,1.4293,1.5147,1.5885,1.6546,1.6547,1.5899,1.5177,1.4325,1.347,1.26,1.1729,1.0858,0.9986,0.9113,0.8241,0.7369,0.6497
2.4954,2.4954,2.4954,2.4954,2.4954,2.4954,2.4954,2.4954,2.4954,2.4954,2.181,1.2953,2.6735,2.6734,2.7615,2.8597,2.9755,3.0917,3.21,3.3283,3.4468,3.5654,3.6839,3.8025,3.9211,4.0396
2.4911,2.4911,2.4911,2.4911,2.4911,2.4911,2.4911,2.4911,2.4911,2.4911,2.4911,2.4911,2.4911,2.4911,0.8075,1.4098,2.0105,2.6111,3.2115,3.8119,4.4122,5.0126,5.613,6.0497,6.0497,6.0497
1.418,1.4058,1.4418,1.5439,1.6553,1.7921,1.9291,2.0691,2.2091,2.3494,1.8655,1.1079,2.7197,2.7199,2.6133,2.4946,2.3546,2.2141,2.071,1.928,1.7847,1.6414,1.498,1.3546,1.2113,1.0679
2.4824,2.4824,2.4824,2.4824,2.4824,2.4824,2.4824,2.4061,2.3193,2.2324,2.1454,2.0703,2.003,1.1822,2.0689,2.1424,2.2292,2.3162,2.4049,2.4935,2.5823,2.6711,2.7599,2.8488,2.9376,3.0264
1.0277,1.0189,1.0449,1.119,1.1997,1.2988,1.3981,1.4996,1.6011,1.7027,1.8045,1.8923,1.9711,0.5333,1.4985,1.808,1.7065,1.6046,1.501,1.3973,1.2934,1.1896,1.0857,0.9818,0.8779,0.7739
2.4739,2.4739,2.4739,2.4739,2.4739,2.4739,2.4739,2.4739,2.4739,2.1553,1.5339,0.911,6.0079,6.0079,6.0079,6.0079,6.0079,6.0079,6.0079,6.0079,6.0079,6.0079,6.0079,6.0079,6.0079,6.0079
2.4696,2.4696,2.4696,2.4696,2.4696,2.4696,2.4696,2.4696,2.4696,2.4696,2.4696,2.4696,2.4696,2.4696,0.9111,1.5906,2.2683,2.946,3.6234,4.3008,4.9782,5.6555,5.8927,5.9976,5.9976,5.9976
0.9238,0.9158,0.9393,1.0058,1.0783,1.1675,1.2567,1.3479,1.4391,1.5305,1.622,1.7009,0.8139,1.7719,1.7024,1.6251,1.5339,1.4424,1.3492,1.256,1.1626,1.0693,0.9759,0.8825,0.7891,0.6957
2.4611,2.4611,2.4611,2.4611,2.4611,2.4611,2.4611,2.4611,2.4611,2.3903,2.2972,2.2168,0.7257,2.1446,2.2153,2.294,2.3869,2.4801,2.575,2.6699,2.765,2.8601,2.9552,3.0503,3.1455,3.2406
2.0596,2.0419,2.0942,2.2426,2.4043,2.4569,2.4569,2.4569,2.4569,2.4569,2.4569,2.4569,2.4569,2.4569,0.8933,1.5597,2.2241,2.8886,3.0082,2.8004,2.5923,2.3841,2.1759,1.9676,1.7594,1.5511
2.4527,2.4527,2.4527,2.4527,2.4527,2.4527,2.4527,2.4527,2.4527,2.1926,1.5605,0.9268,5.5469,5.5473,5.33,5.0879,4.8023,4.5157,4.224,3.9323,3.64,3.3476,3.0553,2.7629,2.4704,2.178
2.4485,2.4485,2.4485,2.4485,2.4485,2.4485,2.4485,2.4485,2.4485,2.4485,2.4485,2.37,2.293,2.2928,1.6226,2.4526,2.5519,2.6516,2.7531,2.8545,2.9562,3.0578,3.1595,3.2612,3.3629,3.4646
0.893,0.8853,0.908,0.9723,1.0425,1.1286,1.2149,1.3031,1.3913,1.4796,1.568,1.6443,1.7128,0.9489,1.6458,1.571,1.4828,1.3944,1.3043,1.2142,1.124,1.0337,0.9434,0.8531,0.7628,0.6725
2.4402,2.4402,2.4402,2.4402,2.4402,2.4402,2.4402,2.4402,2.4402,2.4402,1.8214,1.0817,3.4674,3.4672,3.5815,3.7088,3.8591,4.0097,4.1632,4.3166,4.4703,4.6241,4.7778,4.9316,5.0854,5.2392
2.436,2.436,2.436,2.436,2.436,2.436,2.436,2.436,2.436,2.436,2.436,2.436,2.436,2.436,0.8202,1.4319,2.0419,2.652,3.2617,3.8715,4.4813,5.0911,5.7008,5.9161,5.9161,5.9161
1.1414,1.1316,1.1605,1.2427,1.3324,1.4425,1.5528,1.6655,1.7782,1.8911,2.0041,1.38,0.5921,2.1893,2.1035,2.008,1.8952,1.7822,1.667,1.5519,1.4365,1.3212,1.2058,1.0904,0.975,0.8596
2.4278,2.4278,2.4278,2.4278,2.4278,2.4278,2.4278,2.3978,2.3113,2.2247,2.138,2.0632,1.9961,1.996,2.0618,2.1351,2.2215,2.3083,2.3966,2.4849,2.5734,2.6619,2.7505,2.839,2.9275,3.016
1.2373,1.2267,1.2581,1.3472,1.4444,1.5638,1.6833,1.8055,1.9277,2.0501,2.1726,2.2783,2.3732,2.3733,1.1537,2.0142,2.0546,1.932,1.8072,1.6824,1.5573,1.4322,1.3071,1.182,1.0569,0.9318
2.4196,2.4196,2.4196,2.4196,2.4196,2.4196,2.4196,2.4196,2.4196,2.1071,1.4996,0.8906,5.8761,5.8761,5.8761,5.8761,5.8761,5.8761,5.8761,5.8761,5.8761,5.8761,5.8761,5.8761,5.8761,5.8761
2.4155,2.4155,2.4155,2.4155,2.4155,2.4155,2.4155,2.4155,2.4155,2.4155,2.4155,2.4155,2.4155,2.4155,1.0652,1.8596,2.6519,3.4442,3.7387,3.8765,4.0146,4.1526,4.2907,4.4288,4.5669,4.7051
0.8855,0.8778,0.9003,0.9641,1.0336,1.1191,1.2046,1.292,1.3795,1.4671,1.5547,1.6304,1.6983,1.6984,1.6319,1.5577,1.4703,1.3826,1.2932,1.2039,1.1144,1.0249,0.9354,0.8459,0.7564,0.6668
2.4074,2.4074,2.4074,2.4074,2.4074,2.4074,2.4074,2.4074,2.4074,2.4074,2.4074,1.5579,0.6878,2.4427,2.5232,2.6129,2.7187,2.8249,2.933,3.0411,3.1494,3.2577,3.366,3.4743,3.5827,3.691
2.4034,2.4034,2.4034,2.4034,2.4034,2.4034,2.4034,2.4034,2.4034,2.4034,2.4034,2.4034,2.4034,2.4034,0.8388,1.4645,2.0885,2.7124,3.3361,3.9597,4.5834,4.6737,4.2655,3.8573,3.449,3.0408
1.7646,1.7494,1.7943,1.9213,2.0599,2.2302,2.3993,2.3993,2.3993,2.3993,1.7358,1.0309,3.3845,3.3847,3.2521,3.1044,2.9301,2.7553,2.5773,2.3993,2.2209,2.0426,1.8642,1.6858,1.5073,1.3289
2.3953,2.3953,2.3953,2.3953,2.3953,2.3953,2.3953,2.3953,2.3953,2.3477,2.2563,2.1773,2.1065,0.6865,2.1758,2.2531,2.3444,2.4359,2.5291,2.6223,2.7157,2.8091,2.9025,2.996,3.0894,3.1828
0.9719,0.9635,0.9882,1.0582,1.1345,1.2283,1.3222,1.4182,1.5141,1.6103,1.7065,1.7896,1.8641,0.5043,1.7911,1.7098,1.6138,1.5175,1.4195,1.3214,1.2232,1.125,1.0267,0.9285,0.8302,0.7319
2.3873,2.3873,2.3873,2.3873,2.3873,2.3873,2.3873,2.3873,2.3873,2.296,1.6341,0.9705,5.2321,5.2318,5.4043,5.5964,5.7978,5.7978,5.7978,5.7978,5.7978,5.7978,5.7978,5.7978,5.7978,5.7978
2.3834,2.3834,2.3834,2.3834,2.3834,2.3834,2.3834,2.3834,2.3834,2.3834,2.3834,2.3834,2.3834,2.3834,0.8744,1.5266,2.177,2.8274,3.4775,4.1276,4.7777,5.4278,5.7882,5.7882,5.7882,5.7882
0.9976,0.989,1.0143,1.0862,1.1645,1.2608,1.3571,1.4557,1.5542,1.6529,1.7516,1.8369,0.61,1.9135,1.8385,1.755,1.6565,1.5576,1.457,1.3564,1.2556,1.1547,1.0539,0.953,0.8521,0.7513
2.3755,2.3755,2.3755,2.3755,2.3755,2.3755,2.3755,2.3755,2.3755,2.3256,2.235,2.1567,1.1033,2.0865,2.1552,2.2319,2.3223,2.4129,2.5053,2.5976,2.6901,2.7826,2.8752,2.9677,3.0602,3.1528
1.6416,1.6275,1.6692,1.7874,1.9163,2.0747,2.2333,2.3715,2.3715,2.3715,2.3715,2.3715,2.3715,2.3715,0.9791,1.7093,2.4376,2.5633,2.3977,2.2321,2.0662,1.9002,1.7343,1.5683,1.4023,1.2363
2.3676,2.3676,2.3676,2.3676,2.3676,2.3676,2.3676,2.3676,2.3676,2.1608,1.5378,0.9133,5.75,5.75,5.75,5.75,5.75,5.75,5.75,5.75,5.75,5.75,5.4714,4.9478,4.4241,3.9004
2.3637,2.3637,2.3637,2.3637,2.3637,2.3637,2.3637,2.3637,2.3637,2.3637,2.3637,2.3637,2.3637,2.3637,1.3519,2.3603,2.8426,2.9536,3.0666,3.1796,3.2929,3.4061,3.5194,3.6327,3.7459,3.8592
0.891,0.8833,0.9059,0.9701,1.0401,1.126,1.2121,1.3001,1.3881,1.4762,1.5644,1.6406,1.7089,1.709,1.642,1.5674,1.4794,1.3912,1.3013,1.2114,1.1214,1.0313,0.9412,0.8512,0.7611,0.671
2.356,2.356,2.356,2.356,2.356,2.356,2.356,2.356,2.356,2.356,2.0662,1.2272,2.9887,2.9885,3.0871,3.1968,3.3263,3.4562,3.5884,3.7207,3.8532,3.9857,4.1182,4.2508,4.3833,4.5159
2.3521,2.3521,2.3521,2.3521,2.3521,2.3521,2.3521,2.3521,2.3521,2.3521,2.3521,2.3521,2.3521,2.3521,0.8281,1.4458,2.0618,2.6778,3.2935,3.9092,4.5249,5.1406,5.7122,5.7122,5.7122,5.7122
1.3224,1.311,1.3446,1.4398,1.5436,1.6712,1.799,1.9295,2.0601,2.191,2.0582,1.2224,2.5362,2.5364,2.437,2.3263,2.1957,2.0647,1.9313,1.798,1.6643,1.5306,1.397,1.2633,1.1296,0.9959
2.3444,2.3444,2.3444,2.3444,2.3444,2.3444,2.3444,2.3444,2.3444,2.2732,2.1846,2.1081,2.0396,2.0395,2.1067,2.1816,2.2699,2.3586,2.4488,2.5391,2.6295,2.7199,2.8104,2.9008,2.9913,3.0818
1.1211,1.1114,1.1399,1.2206,1.3087,1.4168,1.5251,1.6358,1.7465,1.8575,1.9684,2.0643,2.1502,2.1503,1.3704,1.9722,1.8615,1.7505,1.6374,1.5243,1.411,1.2977,1.1843,1.071,0.9576,0.8443
2.3368,2.3368,2.3368,2.3368,2.3368,2.3368,2.3368,2.3368,2.3368,2.1788,1.5507,0.921,5.675,5.675,5.675,5.675,5.675,5.675,5.675,5.675,5.675,5.675,5.675,5.675,5.675,5.675
2.333,2.333,2.333,2.333,2.333,2.333,2.333,2.333,2.333,2.333,2.333,2.333,2.333,2.333,0.984,1.7179,2.4499,3.1818,3.9134,4.645,4.9165,5.0856,5.2547,5.4238,5.593,5.6657
0.9268,0.9188,0.9423,1.0091,1.0819,1.1713,1.2608,1.3523,1.4439,1.5356,1.6273,1.7065,1.0897,1.7777,1.708,1.6304,1.5389,1.4471,1.3536,1.2601,1.1665,1.0728,0.9791,0.8854,0.7917,0.698
2.3254,2.3254,2.3254,2.3254,2.3254,2.3254,2.3254,2.3254,2.3254,2.3254,2.3254,1.9838,0.6644,2.2955,2.3711,2.4554,2.5549,2.6546,2.7562,2.8578,2.9596,3.0613,3.1631,3.265,3.3668,3.4686
2.3216,2.3216,2.3216,2.3216,2.3216,2.3216,2.3216,2.3216,2.3216,2.3216,2.3216,2.3216,2.3216,2.3216,0.8891,1.5523,2.2136,2.8749,3.536,3.521,3.2592,2.9975,2.7357,2.4739,2.212,1.9502
2.3179,2.3179,2.3179,2.3179,2.3179,2.3179,2.3179,2.3179,2.3179,2.3179,1.6565,0.9838,4.542,4.5423,4.3643,4.1661,3.9322,3.6976,3.4587,3.2198,2.9805,2.7411,2.5017,2.2623,2.0229,1.7834
2.3141,2.3141,2.3141,2.3141,2.3141,2.3141,2.3141,2.3141,2.3141,2.3141,2.3141,2.3141,2.2625,0.6612,1.9588,2.42,2.518,2.6163,2.7164,2.8165,2.9169,3.0172,3.1175,3.2178,3.3182,3.4185
0.9407,0.9326,0.9564,1.0242,1.0981,1.1888,1.2797,1.3726,1.4655,1.5585,1.6516,1.732,1.8041,0.7143,1.7336,1.6548,1.5619,1.4687,1.3739,1.279,1.1839,1.0888,0.9937,0.8986,0.8035,0.7084
2.3067,2.3067,2.3067,2.3067,2.3067,2.3067,2.3067,2.3067,2.3067,2.3067,1.7802,1.0573,4.0667,4.0664,4.2005,4.3498,4.526,4.7027,4.8827,5.0626,5.2429,5.4232,5.6019,5.6019,5.6019,5.6019
2.303,2.303,2.303,2.303,2.303,2.303,2.303,2.303,2.303,2.303,2.303,2.303,2.303,2.303,0.8575,1.4971,2.135,2.7728,3.4104,4.048,4.6856,5.3231,5.5929,5.5929,5.5929,5.5929
1.1037,1.0943,1.1223,1.2018,1.2884,1.3949,1.5016,1.6106,1.7195,1.8288,1.938,1.5836,0.5726,2.1171,2.0341,1.9418,1.8327,1.7234,1.6121,1.5007,1.3892,1.2776,1.166,1.0544,0.9428,0.8312
2.2956,2.2956,2.2956,2.2956,2.2956,2.2956,2.2956,2.2956,2.2956,2.2956,2.2196,2.1419,2.0722,2.0721,2.1404,2.2165,2.3062,2.3963,2.488,2.5797,2.6715,2.7634,2.8553,2.9472,3.0391,3.131
1.3955,1.3835,1.4189,1.5195,1.629,1.7637,1.8985,2.0363,2.1741,2.2919,2.2919,2.2919,2.2919,2.2919,1.1021,1.9241,2.3172,2.179,2.0382,1.8974,1.7564,1.6153,1.4742,1.3332,1.1921,1.051
2.2883,2.2883,2.2883,2.2883,2.2883,2.2883,2.2883,2.2883,2.2883,2.1721,1.5459,0.9181,5.5572,5.5572,5.5572,5.5572,5.5572,5.5572,5.5572,5.5572,5.5572,5.5572,5.5572,5.5572,5.5572,5.5572
2.2846,2.2846,2.2846,2.2846,2.2846,2.2846,2.2846,2.2846,2.2846,2.2846,2.2846,2.2846,2.2846,2.2846,1.1843,2.0677,2.9486,3.3906,3.5204,3.6501,3.7801,3.9101,4.0401,4.1702,4.3002,4.4303
0.9064,0.8986,0.9216,0.9869,1.058,1.1455,1.233,1.3225,1.412,1.5017,1.5914,1.6689,1.7384,1.7385,1.6704,1.5945,1.505,1.4152,1.3238,1.2323,1.1407,1.0491,0.9575,0.8659,0.7742,0.6826
2.2774,2.2774,2.2774,2.2774,2.2774,2.2774,2.2774,2.2774,2.2774,2.2774,2.2774,1.4414,0.6507,2.6833,2.7718,2.8703,2.9866,3.1032,3.2219,3.3407,3.4596,3.5786,3.6976,3.8166,3.9357,4.0547
2.2738,2.2738,2.2738,2.2738,2.2738,2.2738,2.2738,2.2738,2.2738,2.2738,2.2738,2.2738,2.2738,2.2738,0.8525,1.4884,2.1225,2.7566,3.3904,4.0243,4.6581,5.2919,5.522,5.522,5.522,5.0064
1.5968,1.5831,1.6236,1.7386,1.864,2.0181,2.1723,2.2702,2.2702,2.2702,1.8869,1.1206,3.0626,3.0628,2.9428,2.8091,2.6514,2.4932,2.3322,2.1711,2.0097,1.8483,1.6869,1.5254,1.364,1.2025
2.2666,2.2666,2.2666,2.2666,2.2666,2.2666,2.2666,2.2666,2.2666,2.2666,2.2666,2.1964,2.125,0.962,2.1949,2.2729,2.365,2.4574,2.5514,2.6454,2.7396,2.8338,2.9281,3.0223,3.1166,3.2108
1.0465,1.0376,1.0641,1.1395,1.2217,1.3227,1.4238,1.5271,1.6304,1.734,1.8376,1.927,2.0073,0.543,1.713,1.8411,1.7378,1.6341,1.5285,1.423,1.3172,1.2114,1.1056,0.9998,0.894,0.7882
2.2594,2.2594,2.2594,2.2594,2.2594,2.2594,2.2594,2.2594,2.2594,2.2594,1.6357,0.9715,5.4872,5.4872,5.4872,5.4872,5.4872,5.4872,5.4872,5.4872,5.4872,5.4872,5.4872,5.4872,5.4872,5.4872
2.2559,2.2559,2.2559,2.2559,2.2559,2.2559,2.2559,2.2559,2.2559,2.2559,2.2559,2.2559,2.2559,2.2559,0.9335,1.6298,2.3242,3.0186,3.7127,4.4067,5.1008,5.4785,5.4785,5.4785,5.4785,5.4785
0.9903,0.9818,1.0069,1.0783,1.156,1.2516,1.3473,1.445,1.5428,1.6408,1.7388,1.8235,0.7506,1.8995,1.8251,1.7422,1.6444,1.5463,1.4464,1.3465,1.2464,1.1463,1.0462,0.9461,0.8459,0.7458
2.2488,2.2488,2.2488,2.2488,2.2488,2.2488,2.2488,2.2488,2.2488,2.2488,2.2488,2.2488,0.871,2.2099,2.2828,2.3639,2.4597,2.5557,2.6535,2.7513,2.8493,2.9472,3.0453,3.1433,3.2413,3.3393
1.9534,1.9366,1.9862,2.1269,2.2453,2.2453,2.2453,2.2453,2.2453,2.2453,2.2453,2.2453,2.2453,2.2453,0.9632,1.6816,2.398,3.05,2.853,2.6559,2.4585,2.2611,2.0636,1.8661,1.6686,1.4711
2.2418,2.2418,2.2418,2.2418,2.2418,2.2418,2.2418,2.2418,2.2418,2.2418,1.6166,0.9601,5.4443,5.4443,5.4443,5.4443,5.4443,5.4443,5.3062,4.9397,4.5726,4.2053,3.838,3.4707,3.1034,2.736
2.2383,2.2383,2.2383,2.2383,2.2383,2.2383,2.2383,2.2383,2.2383,2.2383,2.2383,2.2383,2.2383,2.2383,1.5694,2.6608,2.7686,2.8767,2.9867,3.0968,3.2071,3.3174,3.4277,3.538,3.6484,3.7587
0.9299,0.9219,0.9455,1.0124,1.0855,1.1752,1.265,1.3568,1.4486,1.5406,1.6327,1.7122,1.7834,1.2988,1.7137,1.6358,1.544,1.4519,1.3581,1.2643,1.1703,1.0763,0.9823,0.8883,0.7943,0.7003
2.2313,2.2313,2.2313,2.2313,2.2313,2.2313,2.2313,2.2313,2.2313,2.2313,1.9896,1.1816,3.4035,3.4033,3.5155,3.6405,3.788,3.9359,4.0865,4.2371,4.388,4.5389,4.6898,4.8408,4.9917,5.1427
2.2278,2.2278,2.2278,2.2278,2.2278,2.2278,2.2278,2.2278,2.2278,2.2278,2.2278,2.2278,2.2278,2.2278,0.8582,1.4983,2.1367,2.775,3.413,4.0511,4.6892,5.3272,5.4104,5.4104,5.4104,5.4104
1.2565,1.2457,1.2776,1.3681,1.4668,1.588,1.7094,1.8335,1.9575,2.0819,2.2063,1.3706,2.41,2.4101,2.3157,2.2105,2.0864,1.9619,1.8352,1.7084,1.5814,1.4544,1.3274,1.2004,1.0733,0.9463
2.2209,2.2209,2.2209,2.2209,2.2209,2.2209,2.2209,2.2209,2.2209,2.2209,2.2209,2.1694,2.0988,2.0987,2.1679,2.245,2.3359,2.4271,2.52,2.6128,2.7059,2.799,2.892,2.9851,3.0782,3.1713
1.2408,1.2301,1.2616,1.351,1.4484,1.5681,1.688,1.8105,1.933,2.0558,2.1786,2.2175,2.2175,2.2175,1.2816,2.1828,2.0603,1.9373,1.8122,1.687,1.5616,1.4362,1.3108,1.1853,1.0599,0.9344
2.2141,2.2141,2.2141,2.2141,2.2141,2.2141,2.2141,2.2141,2.2141,2.2141,1.5845,0.941,5.377,5.377,5.377,5.377,5.377,5.377,5.377,5.377,5.377,5.377,5.377,5.377,5.377,5.377
2.2106,2.2106,2.2106,2.2106,2.2106,2.2106,2.2106,2.2106,2.2106,2.2106,2.2106,2.2106,2.2106,2.2106,1.0769,1.8802,2.6813,3.4823,4.1983,4.353,4.508,4.6631,4.8181,4.9732,5.1283,5.2834
0.9401,0.9321,0.9559,1.0236,1.0975,1.1882,1.279,1.3718,1.4647,1.5577,1.6508,1.7311,1.6249,1.8033,1.7326,1.6539,1.5611,1.4679,1.3731,1.2783,1.1833,1.0882,0.9932,0.8981,0.8031,0.708
2.2038,2.2038,2.2038,2.2038,2.2038,2.2038,2.2038,2.2038,2.2038,2.2038,2.2038,1.773,0.6297,2.4875,2.5695,2.6609,2.7687,2.8768,2.9869,3.0969,3.2072,3.3175,3.4278,3.5382,3.6485,3.7588
2.2005,2.2005,2.2005,2.2005,2.2005,2.2005,2.2005,2.2005,2.2005,2.2005,2.2005,2.2005,2.2005,2.2005,0.8951,1.5628,2.2286,2.8944,3.5599,4.2255,4.3615,4.0112,3.6609,3.3105,2.9601,2.6098
2.0435,2.0259,2.0778,2.1971,2.1971,2.1971,2.1971,2.1971,2.1971,2.1971,1.7792,1.0567,3.9194,3.9196,3.7661,3.595,3.3932,3.1907,2.9846,2.7785,2.5719,2.3654,2.1588,1.9522,1.7456,1.5389
2.1937,2.1937,2.1937,2.1937,2.1937,2.1937,2.1937,2.1937,2.1937,2.1937,2.1937,2.1937,2.1937,0.6268,2.334,2.4169,2.5148,2.613,2.713,2.813,2.9132,3.0134,3.1136,3.2138,3.314,3.4142
1.0021,0.9934,1.0189,1.0911,1.1697,1.2664,1.3632,1.4622,1.5611,1.6603,1.7595,1.8451,1.9219,0.5851,1.8467,1.7629,1.6639,1.5646,1.4635,1.3625,1.2612,1.1599,1.0586,0.9573,0.856,0.7546
2.187,2.187,2.187,2.187,2.187,2.187,2.187,2.187,2.187,2.187,1.7626,1.0469,4.9196,4.9193,5.0815,5.2621,5.3114,5.3114,5.3114,5.3114,5.3114,5.3114,5.3114,5.3114,5.3114,5.3114
2.1837,2.1837,2.1837,2.1837,2.1837,2.1837,2.1837,2.1837,2.1837,2.1837,2.1837,2.1837,2.1837,2.1837,0.9065,1.5827,2.257,2.9312,3.6052,4.2792,4.9532,5.3033,5.3033,5.3033,5.3033,5.3033
1.0825,1.0732,1.1007,1.1787,1.2637,1.3681,1.4727,1.5796,1.6865,1.7936,1.9008,1.8622,0.5869,2.0764,1.995,1.9044,1.7975,1.6903,1.5811,1.4719,1.3625,1.253,1.1436,1.0341,0.9247,0.8152
2.1771,2.1771,2.1771,2.1771,2.1771,2.1771,2.1771,2.1771,2.1771,2.1771,2.1771,2.1771,1.4434,2.1744,2.2461,2.326,2.4202,2.5147,2.6109,2.7071,2.8035,2.8999,2.9964,3.0928,3.1893,3.2857
1.6062,1.5924,1.6332,1.7488,1.875,2.0299,2.1738,2.1738,2.1738,2.1738,2.1738,2.1738,2.1738,2.1738,1.0694,1.867,2.6625,2.5079,2.3459,2.1839,2.0215,1.8592,1.6968,1.5344,1.372,1.2096
2.1705,2.1705,2.1705,2.1705,2.1705,2.1705,2.1705,2.1705,2.1705,2.1705,1.6107,0.9566,5.2712,5.2712,5.2712,5.2712,5.2712,5.2712,5.2712,5.2712,5.2712,5.2712,5.2712,5.2712,5.2712,5.2712
2.1672,2.1672,2.1672,2.1672,2.1672,2.1672,2.1672,2.1672,2.1672,2.1672,2.1672,2.1672,2.1672,2.1672,1.3401,2.3396,3.1278,3.2499,3.3743,3.4986,3.6232,3.7478,3.8725,3.9971,4.1217,4.2464
0.9378,0.9297,0.9535,1.0211,1.0947,1.1852,1.2758,1.3684,1.461,1.5538,1.6466,1.7268,1.7987,1.7988,1.7283,1.6498,1.5572,1.4643,1.3697,1.2751,1.1803,1.0855,0.9907,0.8959,0.8011,0.7063
2.1607,2.1607,2.1607,2.1607,2.1607,2.1607,2.1607,2.1607,2.1607,2.1607,2.1607,1.3617,2.994,2.9938,3.0925,3.2024,3.3321,3.4622,3.5947,3.7272,3.8599,3.9927,4.1254,4.2582,4.391,4.5238
2.1574,2.1574,2.1574,2.1574,2.1574,2.1574,2.1574,2.1574,2.1574,2.1574,2.1574,2.1574,2.1574,2.1574,0.8759,1.5292,2.1808,2.8323,3.4835,4.1347,4.786,5.2394,5.2394,5.2394,5.2394,5.2394
1.4819,1.4692,1.5068,1.6135,1.7299,1.8729,2.016,2.1542,2.1542,2.1542,2.0801,1.2354,2.8423,2.8425,2.7311,2.6071,2.4607,2.3139,2.1644,2.0149,1.8651,1.7153,1.5655,1.4157,1.2659,1.116
2.1509,2.1509,2.1509,2.1509,2.1509,2.1509,2.1509,2.1509,2.1509,2.1509,2.1509,2.1509,2.1509,1.5698,2.2391,2.3187,2.4127,2.5069,2.6028,2.6987,2.7948,2.8909,2.9871,3.0832,3.1794,3.2755
1.1418,1.132,1.161,1.2432,1.3328,1.443,1.5533,1.6661,1.7788,1.8918,2.0048,2.1024,2.1477,0.5925,1.5544,2.0087,1.8959,1.7828,1.6676,1.5524,1.437,1.3216,1.2062,1.0908,0.9753,0.8599
2.1445,2.1445,2.1445,2.1445,2.1445,2.1445,2.1445,2.1445,2.1445,2.1445,1.6564,0.9837,5.2081,5.2081,5.2081,5.2081,5.2081,5.2081,5.2081,5.2081,5.2081,5.2081,5.2081,5.2081,5.2081,5.2081
2.1413,2.1413,2.1413,2.1413,2.1413,2.1413,2.1413,2.1413,2.1413,2.1413,2.1413,2.1413,2.1413,2.1413,1.009,1.7616,2.5122,3.2627,4.0129,4.7632,5.2003,5.2003,5.2003,5.2003,5.2003,5.2003
0.9951,0.9865,1.0118,1.0835,1.1616,1.2576,1.3538,1.452,1.5503,1.6488,1.7473,1.8323,0.9713,1.9087,1.8339,1.7506,1.6524,1.5538,1.4534,1.353,1.2524,1.1518,1.0512,0.9506,0.85,0.7494
2.1349,2.1349,2.1349,2.1349,2.1349,2.1349,2.1349,2.1349,2.1349,2.1349,2.1349,2.1349,0.735,2.3684,2.4465,2.5335,2.6361,2.739,2.8438,2.9487,3.0537,3.1587,3.2637,3.3688,3.4738,3.5789
2.1317,2.1317,2.1317,2.1317,2.1317,2.1317,2.1317,2.1317,2.1317,2.1317,2.1317,2.1317,2.1317,2.1317,0.9598,1.6758,2.3897,3.1036,3.5182,3.2752,3.0318,2.7883,2.5448,2.3012,2.0577,1.8141
2.1286,2.1286,2.1286,2.1286,2.1286,2.1286,2.1286,2.1286,2.1286,2.1286,1.719,1.0209,5.1694,5.1694,5.1694,5.044,4.7608,4.4768,4.1875,3.8983,3.6086,3.3187,3.0289,2.739,2.4491,2.1592
2.1254,2.1254,2.1254,2.1254,2.1254,2.1254,2.1254,2.1254,2.1254,2.1254,2.1254,2.1254,2.1254,0.6073,1.8726,2.6277,2.7341,2.8409,2.9496,3.0583,3.1672,3.2761,3.3851,3.494,3.603,3.7119
0.9814,0.9729,0.9979,1.0685,1.1456,1.2403,1.3351,1.432,1.5289,1.626,1.7232,1.807,1.8823,0.9064,1.8086,1.7265,1.6296,1.5323,1.4333,1.3343,1.2352,1.136,1.0367,0.9375,0.8383,0.7391
2.1191,2.1191,2.1191,2.1191,2.1191,2.1191,2.1191,2.1191,2.1191,2.1191,1.9452,1.1553,3.9637,3.9635,4.0942,4.2397,4.4114,4.5837,4.7591,4.9345,5.1102,5.1465,5.1465,5.1465,5.1465,5.1465
2.116,2.116,2.116,2.116,2.116,2.116,2.116,2.116,2.116,2.116,2.116,2.116,2.116,2.116,0.8993,1.57,2.2389,2.9078,3.5764,4.245,4.9136,5.1389,5.1389,5.1389,5.1389,5.1389
1.2145,1.204,1.2349,1.3223,1.4177,1.5349,1.6522,1.7721,1.8921,2.0122,2.1129,1.5663,0.6037,2.3295,2.2382,2.1366,2.0166,1.8963,1.7738,1.6513,1.5285,1.4058,1.283,1.1602,1.0374,0.9146
2.1098,2.1098,2.1098,2.1098,2.1098,2.1098,2.1098,2.1098,2.1098,2.1098,2.1098,2.1098,2.1098,2.1838,2.2558,2.336,2.4306,2.5255,2.6221,2.7188,2.8156,2.9124,3.0093,3.1061,3.203,3.2998
1.3964,1.3844,1.4198,1.5204,1.6301,1.7648,1.8997,2.0376,2.1067,2.1067,2.1067,2.1067,2.1067,2.1067,1.2223,2.1339,2.3187,2.1803,2.0395,1.8986,1.7575,1.6163,1.4752,1.334,1.1928,1.0516
2.1036,2.1036,2.1036,2.1036,2.1036,2.1036,2.1036,2.1036,2.1036,2.1036,1.6372,0.9724,5.1087,5.1087,5.1087,5.1087,5.1087,5.1087,5.1087,5.1087,5.1087,5.1087,5.1087,5.1087,5.1087,5.1087
2.1005,2.1005,2.1005,2.1005,2.1005,2.1005,2.1005,2.1005,2.1005,2.1005,2.1005,2.1005,2.1005,2.1005,1.1966,2.089,2.9791,3.795,3.9403,4.0855,4.231,4.3765,4.522,4.6676,4.8131,4.9587
0.9646,0.9564,0.9808,1.0503,1.1261,1.2191,1.3123,1.4076,1.5028,1.5983,1.6938,1.7762,1.8502,1.8503,1.7778,1.6971,1.6018,1.5062,1.4089,1.3116,1.2141,1.1166,1.0191,0.9215,0.824,0.7265
2.0944,2.0944,2.0944,2.0944,2.0944,2.0944,2.0944,2.0944,2.0944,2.0944,2.0944,1.6312,0.5984,2.7334,2.8235,2.9239,3.0423,3.1611,3.2821,3.403,3.5242,3.6454,3.7667,3.8879,4.0091,4.1304
2.0913,2.0913,2.0913,2.0913,2.0913,2.0913,2.0913,2.0913,2.0913,2.0913,2.0913,2.0913,2.0913,2.0913,0.9119,1.592,2.2702,2.9485,3.6264,4.3044,4.9823,5.0789,5.0789,4.9188,4.3982,3.8776
1.8318,1.816,1.8626,1.9945,2.0883,2.0883,2.0883,2.0883,2.0883,2.0883,1.936,1.1498,3.5133,3.5136,3.3759,3.2226,3.0417,2.8602,2.6754,2.4906,2.3055,2.1203,1.9351,1.7499,1.5647,1.3795
2.0852,2.0852,2.0852,2.0852,2.0852,2.0852,2.0852,2.0852,2.0852,2.0852,2.0852,2.0852,2.0852,0.8351,2.3597,2.4436,2.5426,2.6419,2.743,2.8441,2.9453,3.0466,3.1479,3.2493,3.3506,3.4519
1.0808,1.0715,1.099,1.1768,1.2617,1.366,1.4704,1.5771,1.6838,1.7908,1.8977,1.9901,2.073,0.5608,1.9919,1.9014,1.7947,1.6876,1.5786,1.4695,1.3603,1.2511,1.1418,1.0325,0.9232,0.814
2.0792,2.0792,2.0792,2.0792,2.0792,2.0792,2.0792,2.0792,2.0792,2.0792,1.7679,1.05,5.0495,5.0495,5.0495,5.0495,5.0495,5.0495,5.0495,5.0495,5.0495,5.0495,5.0495,5.0495,5.0495,5.0495
2.0762,2.0762,2.0762,2.0762,2.0762,2.0762,2.0762,2.0762,2.0762,2.0762,2.0762,2.0762,2.0762,2.0762,0.9699,1.6932,2.4146,3.136,3.8571,4.5782,5.0421,5.0421,5.0421,5.0421,5.0421,5.0421
1.0764,1.0672,1.0945,1.172,1.2565,1.3604,1.4644,1.5707,1.677,1.7835,1.89,1.982,0.7121,2.0647,1.9838,1.8937,1.7874,1.6807,1.5722,1.4636,1.3548,1.246,1.1372,1.0283,0.9195,0.8106
2.0702,2.0702,2.0702,2.0702,2.0702,2.0702,2.0702,2.0702,2.0702,2.0702,2.0702,2.0702,1.0818,2.3087,2.3848,2.4696,2.5696,2.6699,2.7721,2.8743,2.9766,3.079,3.1814,3.2838,3.3862,3.4886
1.8953,1.879,1.9271,2.0636,2.0672,2.0672,2.0672,2.0672,2.0672,2.0672,2.0672,2.0672,2.0672,2.0672,1.0533,1.8389,2.6224,2.9594,2.7682,2.577,2.3854,2.1939,2.0022,1.8106,1.619,1.4274
2.0642,2.0642,2.0642,2.0642,2.0642,2.0642,2.0642,2.0642,2.0642,2.0642,1.6978,1.0083,5.0131,5.0131,5.0131,5.0131,5.0131,5.0131,5.0131,5.0131,5.0131,5.0131,5.0131,4.5966,4.1101,3.6236
2.0613,2.0613,2.0613,2.0613,2.0613,2.0613,2.0613,2.0613,2.0613,2.0613,2.0613,2.0613,2.0613,0.5889,1.5483,2.703,3.0479,3.1669,3.2881,3.4092,3.5306,3.6521,3.7735,3.895,4.0164,4.1379
0.9815,0.9731,0.998,1.0687,1.1458,1.2405,1.3353,1.4322,1.5292,1.6263,1.7234,1.8073,1.8826,1.8827,1.8089,1.7268,1.6298,1.5326,1.4336,1.3346,1.2354,1.1362,1.0369,0.9377,0.8384,0.7392
2.0553,2.0553,2.0553,2.0553,2.0553,2.0553,2.0553,2.0553,2.0553,2.0553,2.0553,1.3106,0.5872,3.4012,3.5133,3.6382,3.7856,3.9334,4.0839,4.2344,4.3852,4.536,4.6869,4.8377,4.9886,4.9915
2.0524,2.0524,2.0524,2.0524,2.0524,2.0524,2.0524,2.0524,2.0524,2.0524,2.0524,2.0524,2.0524,2.0524,0.9104,1.5895,2.2667,2.9438,3.6207,4.2977,4.9745,4.9844,4.9844,4.9844,4.9844,4.9844
1.4056,1.3935,1.4292,1.5305,1.6408,1.7765,1.9123,2.0495,2.0495,2.0495,2.0495,1.3842,0.5856,2.6961,2.5905,2.4728,2.334,2.1948,2.053,1.9112,1.7691,1.627,1.4849,1.3428,1.2007,1.0586
2.0465,2.0465,2.0465,2.0465,2.0465,2.0465,2.0465,2.0465,2.0465,2.0465,2.0465,2.0465,2.0465,2.2375,2.3112,2.3934,2.4903,2.5876,2.6866,2.7856,2.8848,2.984,3.0832,3.1825,3.2817,3.3809
1.2643,1.2534,1.2855,1.3766,1.4759,1.5978,1.72,1.8448,1.9697,2.0436,2.0436,2.0436,2.0436,0.5839,1.4482,2.2242,2.0993,1.9741,1.8465,1.719,1.5912,1.4634,1.3356,1.2078,1.08,0.9521
2.0407,2.0407,2.0407,2.0407,2.0407,2.0407,2.0407,2.0407,2.0407,2.0407,1.6976,1.0082,4.956,4.956,4.956,4.956,4.956,4.956,4.956,4.956,4.956,4.956,4.956,4.956,4.956,4.956
2.0378,2.0378,2.0378,2.0378,2.0378,2.0378,2.0378,2.0378,2.0378,2.0378,2.0378,2.0378,2.0378,2.0378,1.1058,1.9307,2.7532,3.5757,4.3979,4.949,4.949,4.949,4.949,4.949,4.949,4.949
1.0124,1.0037,1.0294,1.1023,1.1818,1.2795,1.3773,1.4773,1.5773,1.6774,1.7777,1.8642,1.3582,1.9419,1.8658,1.7811,1.6811,1.5808,1.4787,1.3765,1.2742,1.1719,1.0695,0.9672,0.8648,0.7624
2.032,2.032,2.032,2.032,2.032,2.032,2.032,2.032,2.032,2.032,2.032,2.032,0.6493,2.5719,2.6567,2.7511,2.8625,2.9743,3.0881,3.2019,3.316,3.43,3.5441,3.6581,3.7722,3.8863
2.0292,2.0292,2.0292,2.0292,2.0292,2.0292,2.0292,2.0292,2.0292,2.0292,2.0292,2.0292,2.0292,2.0292,0.969,1.6918,2.4126,3.1333,3.8538,4.2458,3.9302,3.6146,3.2989,2.9831,2.6674,2.3517
2.0263,2.0263,2.0263,2.0263,2.0263,2.0263,2.0263,2.0263,2.0263,2.0263,1.851,1.0993,4.6507,4.651,4.4688,4.2658,4.0263,3.7861,3.5415,3.2969,3.0518,2.8067,2.5616,2.3164,2.0713,1.8261
2.0234,2.0234,2.0234,2.0234,2.0234,2.0234,2.0234,2.0234,2.0234,2.0234,2.0234,2.0234,2.0234,0.586,2.3164,2.631,2.7375,2.8444,2.9533,3.0621,3.1711,3.2802,3.3893,3.4984,3.6075,3.7166
1.0485,1.0395,1.0662,1.1417,1.224,1.3252,1.4265,1.53,1.6336,1.7373,1.8411,1.9307,2.0111,0.7155,1.9324,1.8447,1.7411,1.6372,1.5314,1.4257,1.3197,1.2137,1.1077,1.0017,0.8957,0.7897
2.0177,2.0177,2.0177,2.0177,2.0177,2.0177,2.0177,2.0177,2.0177,2.0177,1.9301,1.1463,4.7472,4.7469,4.9002,4.9002,4.9002,4.9002,4.9002,4.9002,4.9002,4.9002,4.9002,4.9002,4.9002,4.9002
2.0149,2.0149,2.0149,2.0149,2.0149,2.0149,2.0149,2.0149,2.0149,2.0149,2.0149,2.0149,2.0149,2.0149,0.9538,1.6651,2.3746,3.084,3.7931,4.5022,4.8933,4.8933,4.8933,4.8933,4.8933,4.8933
1.193,1.1827,1.213,1.2989,1.3926,1.5077,1.623,1.7408,1.8586,1.9766,2.0121,1.8317,0.5772,2.2883,2.1986,2.0987,1.9809,1.8627,1.7424,1.622,1.5015,1.3809,1.2603,1.1397,1.019,0.8984
2.0093,2.0093,2.0093,2.0093,2.0093,2.0093,2.0093,2.0093,2.0093,2.0093,2.0093,2.0093,2.0093,2.2997,2.3755,2.4599,2.5596,2.6595,2.7613,2.8631,2.965,3.067,3.169,3.271,3.373,3.475
1.6029,1.5891,1.6298,1.7453,1.8711,2.0064,2.0064,2.0064,2.0064,2.0064,2.0064,2.0064,2.0064,2.0064,1.1869,2.0722,2.6616,2.5028,2.3411,2.1794,2.0174,1.8554,1.6933,1.5313,1.3692,1.2071
2.0036,2.0036,2.0036,2.0036,2.0036,2.0036,2.0036,2.0036,2.0036,2.0036,1.7122,1.0169,4.866,4.866,4.866,4.866,4.866,4.866,4.866,4.866,4.866,4.866,4.866,4.866,4.866,4.866
2.0008,2.0008,2.0008,2.0008,2.0008,2.0008,2.0008,2.0008,2.0008,2.0008,2.0008,2.0008,2.0008,2.0008,1.3529,2.362,3.3684,3.6362,3.7753,3.9145,4.0539,4.1933,4.3327,4.4722,4.6116,4.7511
1.0019,0.9932,1.0187,1.0908,1.1695,1.2662,1.363,1.4619,1.5608,1.6599,1.7591,1.8447,1.9215,1.9217,1.8464,1.7625,1.6636,1.5643,1.4632,1.3622,1.2609,1.1597,1.0584,0.9571,0.8558,0.7545
1.9953,1.9953,1.9953,1.9953,1.9953,1.9953,1.9953,1.9953,1.9953,1.9953,1.9953,1.5378,0.5701,3.0517,3.1524,3.2644,3.3966,3.5293,3.6643,3.7994,3.9347,4.07,4.2053,4.3407,4.476,4.6114
1.9925,1.9925,1.9925,1.9925,1.9925,1.9925,1.9925,1.9925,1.9925,1.9925,1.9925,1.9925,1.9925,1.9925,0.9404,1.6419,2.3414,3.0409,3.7401,4.4393,4.8389,4.8389,4.8389,4.8389,4.8389,4.8389
1.6925,1.6779,1.7209,1.8428,1.9757,1.9897,1.9897,1.9897,1.9897,1.9897,1.9897,1.2698,0.5685,3.2464,3.1192,2.9775,2.8104,2.6427,2.4719,2.3012,2.1302,1.9591,1.788,1.6169,1.4457,1.2746
1.987,1.987,1.987,1.987,1.987,1.987,1.987,1.987,1.987,1.987,1.987,1.987,1.987,1.238,2.4163,2.5022,2.6036,2.7052,2.8087,2.9122,3.016,3.1197,3.2234,3.3272,3.4309,3.5347
1.1821,1.172,1.202,1.2871,1.3799,1.494,1.6082,1.7249,1.8416,1.9586,1.9842,1.9842,1.9842,0.5669,1.8001,2.0796,1.9629,1.8458,1.7265,1.6073,1.4878,1.3683,1.2488,1.1293,1.0098,0.8902
1.9815,1.9815,1.9815,1.9815,1.9815,1.9815,1.9815,1.9815,1.9815,1.9815,1.7968,1.0671,4.8122,4.8122,4.8122,4.8122,4.8122,4.8122,4.8122,4.8122,4.8122,4.8122,4.8122,4.8122,4.8122,4.8122
1.9787,1.9787,1.9787,1.9787,1.9787,1.9787,1.9787,1.9787,1.9787,1.9787,1.9787,1.9787,1.9787,1.9787,1.0516,1.8359,2.618,3.4002,4.182,4.8055,4.8055,4.8055,4.8055,4.8055,4.8055,4.8055
1.0853,1.076,1.1036,1.1817,1.267,1.3717,1.4765,1.5837,1.6909,1.7983,1.9057,1.976,0.901,2.0818,2.0002,1.9094,1.8022,1.6947,1.5852,1.4757,1.366,1.2563,1.1466,1.0368,0.9271,0.8174
1.9733,1.9733,1.9733,1.9733,1.9733,1.9733,1.9733,1.9733,1.9733,1.9733,1.9733,1.9733,0.8889,2.4831,2.565,2.6562,2.7638,2.8717,2.9816,3.0915,3.2016,3.3117,3.4218,3.5319,3.6421,3.7522
1.9706,1.9706,1.9706,1.9706,1.9706,1.9706,1.9706,1.9706,1.9706,1.9706,1.9706,1.9706,1.9706,1.9706,1.0529,1.8383,2.6215,3.4046,3.3721,3.1392,2.9058,2.6725,2.439,2.2056,1.9722,1.7387
1.9679,1.9679,1.9679,1.9679,1.9679,1.9679,1.9679,1.9679,1.9679,1.9679,1.8124,1.0764,4.7791,4.7791,4.7791,4.7791,4.7791,4.7791,4.7791,4.7791,4.534,4.1699,3.8057,3.4415,3.0772,2.713
1.9652,1.9652,1.9652,1.9652,1.9652,1.9652,1.9652,1.9652,1.9652,1.9652,1.9652,1.9652,1.9652,0.5615,1.8353,2.9004,3.0179,3.1358,3.2558,3.3757,3.496,3.6162,3.7364,3.8567,3.977,4.0972
1.0403,1.0314,1.0578,1.1327,1.2144,1.3148,1.4153,1.518,1.6207,1.7236,1.8266,1.9155,1.9625,1.2174,1.9172,1.8301,1.7274,1.6243,1.5194,1.4145,1.3093,1.2042,1.099,0.9938,0.8886,0.7834
1.9598,1.9598,1.9598,1.9598,1.9598,1.9598,1.9598,1.9598,1.9598,1.9598,1.9598,1.2839,0.5599,3.9489,4.079,4.224,4.3951,4.5668,4.7415,4.7595,4.7595,4.7595,4.7595,4.7595,4.7595,4.7595
1.9571,1.9571,1.9571,1.9571,1.9571,1.9571,1.9571,1.9571,1.9571,1.9571,1.9571,1.9571,1.9571,1.9571,0.9582,1.6729,2.3857,3.0984,3.8108,4.5233,4.753,4.753,4.753,4.753,4.753,4.753
1.36,1.3483,1.3829,1.4808,1.5876,1.7188,1.8502,1.9545,1.9545,1.9545,1.9545,1.5807,0.5584,2.6087,2.5065,2.3926,2.2583,2.1236,1.9864,1.8492,1.7117,1.5743,1.4368,1.2993,1.1617,1.0242
1.9518,1.9518,1.9518,1.9518,1.9518,1.9518,1.9518,1.9518,1.9518,1.9518,1.9518,1.9518,1.9518,2.3388,2.4159,2.5018,2.6031,2.7047,2.8082,2.9117,3.0154,3.1191,3.2229,3.3266,3.4303,3.5341
1.4242,1.4119,1.4481,1.5507,1.6625,1.7999,1.9375,1.9492,1.9492,1.9492,1.9492,1.9492,1.9492,1.9492,1.3808,2.4106,2.3648,2.2237,2.0801,1.9364,1.7925,1.6485,1.5045,1.3605,1.2165,1.0725
1.9465,1.9465,1.9465,1.9465,1.9465,1.9465,1.9465,1.9465,1.9465,1.9465,1.7623,1.0467,4.7272,4.7272,4.7272,4.7272,4.7272,4.7272,4.7272,4.7272,4.7272,4.7272,4.7272,4.7272,4.7272,4.7272
1.9439,1.9439,1.9439,1.9439,1.9439,1.9439,1.9439,1.9439,1.9439,1.9439,1.9439,1.9439,1.9439,1.9439,1.2313,2.1497,3.0655,3.9814,4.4973,4.663,4.7208,4.7208,4.7208,4.7208,4.7208,4.7208
1.0436,1.0347,1.0612,1.1363,1.2183,1.319,1.4198,1.5228,1.6259,1.7292,1.8325,1.9217,1.9412,2.0018,1.9234,1.836,1.7329,1.6295,1.5243,1.419,1.3135,1.208,1.1025,0.997,0.8915,0.786
1.9386,1.9386,1.9386,1.9386,1.9386,1.9386,1.9386,1.9386,1.9386,1.9386,1.9386,1.8853,0.5942,2.8347,2.9281,3.0322,3.155,3.2782,3.4037,3.5291,3.6548,3.7805,3.9062,4.0319,4.1577,4.2834
1.936,1.936,1.936,1.936,1.936,1.936,1.936,1.936,1.936,1.936,1.936,1.936,1.936,1.936,0.9917,1.7313,2.4689,3.2065,3.9438,4.6811,4.7017,4.7017,4.6168,4.175,3.7331,3.2912
1.9334,1.9334,1.9334,1.9334,1.9334,1.9334,1.9334,1.9334,1.9334,1.9334,1.9334,1.2007,4.1261,4.1264,3.9647,3.7846,3.5721,3.359,3.142,2.925,2.7076,2.4901,2.2726,2.0551,1.8376,1.6201
1.9308,1.9308,1.9308,1.9308,1.9308,1.9308,1.9308,1.9308,1.9308,1.9308,1.9308,1.9308,1.9308,0.7621,2.5801,2.6718,2.78,2.8886,2.9991,3.1097,3.2204,3.3312,3.4419,3.5527,3.6635,3.7743
1.1358,1.126,1.1549,1.2367,1.3259,1.4355,1.5452,1.6573,1.7695,1.8819,1.9282,1.9282,1.9282,0.6072,2.0932,1.9982,1.886,1.7734,1.6589,1.5443,1.4295,1.3147,1.1999,1.085,0.9702,0.8554
1.9256,1.9256,1.9256,1.9256,1.9256,1.9256,1.9256,1.9256,1.9256,1.9256,1.9256,1.1545,4.6764,4.6764,4.6764,4.6764,4.6764,4.6764,4.6764,4.6764,4.6764,4.6764,4.6764,4.6764,4.6764,4.6764
1.923,1.923,1.923,1.923,1.923,1.923,1.923,1.923,1.923,1.923,1.923,1.923,1.923,1.923,1.0252,1.7899,2.5524,3.315,4.0772,4.6702,4.6702,4.6702,4.6702,4.6702,4.6702,4.6702
1.1908,1.1806,1.2108,1.2966,1.3901,1.505,1.62,1.7376,1.8552,1.9204,1.9204,1.9204,0.6948,2.2841,2.1946,2.0949,1.9773,1.8593,1.7392,1.6191,1.4987,1.3784,1.258,1.1376,1.0172,0.8968
1.9179,1.9179,1.9179,1.9179,1.9179,1.9179,1.9179,1.9179,1.9179,1.9179,1.9179,1.9179,1.4078,2.454,2.5349,2.625,2.7313,2.838,2.9466,3.0552,3.164,3.2728,3.3816,3.4905,3.5993,3.7082
1.8846,1.8684,1.9153,1.9153,1.9153,1.9153,1.9153,1.9153,1.9153,1.9153,1.9153,1.9153,1.9153,1.9153,1.1729,2.0477,2.9202,2.9427,2.7526,2.5625,2.372,2.1815,1.991,1.8004,1.6099,1.4193
1.9127,1.9127,1.9127,1.9127,1.9127,1.9127,1.9127,1.9127,1.9127,1.9127,1.8143,1.0775,4.6452,4.6452,4.6452,4.6452,4.6452,4.6452,4.6452,4.6452,4.6452,4.6452,4.6452,4.6452,4.6452,4.6452
1.9102,1.9102,1.9102,1.9102,1.9102,1.9102,1.9102,1.9102,1.9102,1.9102,1.9102,1.9102,1.9102,0.5458,1.5619,2.7269,3.4187,3.5522,3.6881,3.824,3.9602,4.0964,4.2326,4.3689,4.5051,4.639
1.0544,1.0453,1.0721,1.148,1.2308,1.3325,1.4344,1.5385,1.6426,1.7469,1.8513,1.9077,1.9077,2.0224,1.9431,1.8549,1.7507,1.6463,1.5399,1.4336,1.327,1.2204,1.1138,1.0072,0.9006,0.794
1.9051,1.9051,1.9051,1.9051,1.9051,1.9051,1.9051,1.9051,1.9051,1.9051,1.9051,1.4822,0.5443,3.4713,3.5857,3.7132,3.8636,4.0144,4.168,4.3217,4.4756,4.6267,4.6267,4.6267,4.6267,4.6267
1.9026,1.9026,1.9026,1.9026,1.9026,1.9026,1.9026,1.9026,1.9026,1.9026,1.9026,1.9026,1.9026,1.9026,0.983,1.7162,2.4473,3.1785,3.9093,4.6206,4.6206,4.6206,4.6206,4.6206,4.6206,4.6206
1.605,1.5912,1.6319,1.7475,1.8735,1.9001,1.9001,1.9001,1.9001,1.9001,1.9001,1.4265,0.5429,3.0785,2.9579,2.8235,2.665,2.506,2.3441,2.1822,2.02,1.8578,1.6955,1.5332,1.371,1.2087
1.8976,1.8976,1.8976,1.8976,1.8976,1.8976,1.8976,1.8976,1.8976,1.8976,1.8976,1.8976,1.8976,2.2684,2.5083,2.5974,2.7026,2.8082,2.9156,3.0231,3.1307,3.2384,3.3461,3.4538,3.5615,3.6692
1.3138,1.3025,1.3358,1.4304,1.5336,1.6604,1.7873,1.895,1.895,1.895,1.895,1.895,1.895,0.5414,1.6726,2.3112,2.1815,2.0513,1.9188,1.7863,1.6535,1.5207,1.3879,1.2551,1.1222,0.9894
1.8925,1.8925,1.8925,1.8925,1.8925,1.8925,1.8925,1.8925,1.8925,1.8925,1.852,1.0999,4.5962,4.5962,4.5962,4.5962,4.5962,4.5962,4.5962,4.5962,4.5962,4.5962,4.5962,4.5962,4.5962,4.5962
1.89,1.89,1.89,1.89,1.89,1.89,1.89,1.89,1.89,1.89,1.89,1.89,1.89,1.89,1.1576,2.021,2.8821,3.7431,4.5901,4.5901,4.5901,4.5901,4.5901,4.5901,4.5901,4.5901
1.1104,1.1008,1.129,1.209,1.2962,1.4033,1.5106,1.6203,1.7299,1.8398,1.8876,1.8876,1.2117,2.1299,2.0464,1.9535,1.8438,1.7338,1.6218,1.5098,1.3975,1.2853,1.173,1.0608,0.9485,0.8362
1.8851,1.8851,1.8851,1.8851,1.8851,1.8851,1.8851,1.8851,1.8851,1.8851,1.8851,1.8851,0.7749,2.7102,2.7996,2.8991,3.0165,3.1343,3.2543,3.3742,3.4944,3.6145,3.7347,3.8549,3.9751,4.0954
1.8826,1.8826,1.8826,1.8826,1.8826,1.8826,1.8826,1.8826,1.8826,1.8826,1.8826,1.8826,1.8826,1.8826,1.0688,1.8659,2.6609,3.4558,4.2505,3.9907,3.6941,3.3974,3.1007,2.8039,2.5072,2.2104
1.8801,1.8801,1.8801,1.8801,1.8801,1.8801,1.8801,1.8801,1.8801,1.8801,1.8801,1.1656,4.566,4.566,4.566,4.566,4.566,4.566,4.3374,4.0379,3.7377,3.4376,3.1373,2.8371,2.5368,2.2365
1.8777,1.8777,1.8777,1.8777,1.8777,1.8777,1.8777,1.8777,1.8777,1.8777,1.8777,1.8777,1.8777,0.5687,2.2479,2.919,3.0372,3.1558,3.2766,3.3973,3.5183,3.6393,3.7603,3.8813,4.0024,4.1234
1.1182,1.1086,1.137,1.2175,1.3053,1.4132,1.5212,1.6316,1.7421,1.8527,1.8752,1.8752,1.8752,0.9115,2.0608,1.9672,1.8567,1.746,1.6332,1.5204,1.4074,1.2943,1.1813,1.0682,0.9552,0.8421
1.8728,1.8728,1.8728,1.8728,1.8728,1.8728,1.8728,1.8728,1.8728,1.8728,1.8728,1.2799,0.5351,4.5481,4.5481,4.5481,4.5481,4.5481,4.5481,4.5481,4.5481,4.5481,4.5481,4.5481,4.5481,4.5481
1.8703,1.8703,1.8703,1.8703,1.8703,1.8703,1.8703,1.8703,1.8703,1.8703,1.8703,1.8703,1.8703,1.8703,1.0227,1.7855,2.5462,3.3069,4.0673,4.5422,4.5422,4.5422,4.5422,4.5422,4.5422,4.5422
1.3414,1.3298,1.3639,1.4605,1.5658,1.6953,1.8249,1.8679,1.8679,1.8679,1.8679,1.8471,0.5821,2.5729,2.4721,2.3598,2.2273,2.0944,1.9591,1.8238,1.6883,1.5527,1.4171,1.2814,1.1458,1.0102
1.8655,1.8655,1.8655,1.8655,1.8655,1.8655,1.8655,1.8655,1.8655,1.8655,1.8655,1.8655,1.8655,2.4791,2.5608,2.6519,2.7593,2.867,2.9767,3.0864,3.1963,3.3063,3.4162,3.5262,3.6361,3.7461
1.6373,1.6232,1.6648,1.7827,1.863,1.863,1.863,1.863,1.863,1.863,1.863,1.863,1.863,0.5323,1.3451,2.3483,2.7187,2.5565,2.3914,2.2262,2.0607,1.8952,1.7297,1.5642,1.3986,1.2331
1.8606,1.8606,1.8606,1.8606,1.8606,1.8606,1.8606,1.8606,1.8606,1.8606,1.8554,1.102,4.5186,4.5186,4.5186,4.5186,4.5186,4.5186,4.5186,4.5186,4.5186,4.5186,4.5186,4.5186,4.5186,4.5186
1.8582,1.8582,1.8582,1.8582,1.8582,1.8582,1.8582,1.8582,1.8582,1.8582,1.8582,1.8582,1.8582,0.5309,1.3967,2.4384,3.4773,4.1578,4.3168,4.4759,4.5128,4.5128,4.5128,4.5128,4.5128,4.5128
1.0913,1.082,1.1097,1.1883,1.274,1.3793,1.4847,1.5925,1.7002,1.8082,1.8558,1.8558,1.8558,2.0933,2.0113,1.9199,1.8122,1.704,1.5939,1.4839,1.3736,1.2632,1.1529,1.0426,0.9322,0.8219
1.8534,1.8534,1.8534,1.8534,1.8534,1.8534,1.8534,1.8534,1.8534,1.8534,1.8534,1.7771,0.56,3.1789,3.2837,3.4004,3.5381,3.6763,3.8169,3.9576,4.0985,4.2395,4.3805,4.5011,4.5011,4.5011
1.851,1.851,1.851,1.851,1.851,1.851,1.851,1.851,1.851,1.851,1.851,1.851,1.851,1.851,1.0298,1.7979,2.564,3.3299,4.0956,4.4953,4.4953,4.4953,4.4953,4.4953,4.4953,4.4953
1.8486,1.8486,1.8486,1.8486,1.8486,1.8486,1.8486,1.8486,1.8486,1.8486,1.8486,1.3331,0.5282,3.8,3.6511,3.4853,3.2896,3.0934,2.8935,2.6937,2.4934,2.2932,2.0929,1.8926,1.6923,1.492
1.8462,1.8462,1.8462,1.8462,1.8462,1.8462,1.8462,1.8462,1.8462,1.8462,1.8462,1.8462,1.8462,1.0694,2.6602,2.7548,2.8664,2.9783,3.0922,3.2062,3.3204,3.4346,3.5488,3.663,3.7772,3.8915
1.2499,1.2391,1.2708,1.3609,1.459,1.5796,1.7003,1.8238,1.8439,1.8439,1.8439,1.8439,1.8439,0.5419,2.1419,2.1988,2.0754,1.9515,1.8255,1.6994,1.5731,1.4467,1.3204,1.194,1.0676,0.9413
1.8415,1.8415,1.8415,1.8415,1.8415,1.8415,1.8415,1.8415,1.8415,1.8415,1.8415,1.1814,0.5261,4.4722,4.4722,4.4722,4.4722,4.4722,4.4722,4.4722,4.4722,4.4722,4.4722,4.4722,4.4722,4.4722
1.8391,1.8391,1.8391,1.8391,1.8391,1.8391,1.8391,1.8391,1.8391,1.8391,1.8391,1.8391,1.8391,1.8391,1.119,1.9536,2.786,3.6183,4.4503,4.4665,4.4665,4.4665,4.4665,4.4665,4.4665,4.4665
1.2086,1.1982,1.2289,1.3159,1.4108,1.5274,1.6442,1.7635,1.8368,1.8368,1.8368,1.8368,0.8684,2.3182,2.2274,2.1262,2.0068,1.8871,1.7652,1.6433,1.5211,1.399,1.2768,1.1546,1.0324,0.9102
1.8344,1.8344,1.8344,1.8344,1.8344,1.8344,1.8344,1.8344,1.8344,1.8344,1.8344,1.8344,1.1162,2.6584,2.746,2.8436,2.9588,3.0744,3.192,3.3096,3.4275,3.5454,3.6633,3.7812,3.8991,4.017
1.8321,1.8321,1.8321,1.8321,1.8321,1.8321,1.8321,1.8321,1.8321,1.8321,1.8321,1.8321,1.8321,1.8321,1.1798,2.0598,2.9374,3.566,3.3356,3.1053,2.8744,2.6436,2.4127,2.1818,1.9509,1.72
1.8297,1.8297,1.8297,1.8297,1.8297,1.8297,1.8297,1.8297,1.8297,1.8297,1.8297,1.159,0.5228,4.4437,4.4437,4.4437,4.4437,4.4437,4.4437,4.4437,4.4437,4.4437,4.4437,4.4437,4.0703,3.5886
1.8274,1.8274,1.8274,1.8274,1.8274,1.8274,1.8274,1.8274,1.8274,1.8274,1.8274,1.8274,1.8274,0.5221,1.8498,3.2295,3.4046,3.5376,3.6729,3.8083,3.9439,4.0796,4.2152,4.3509,4.438,4.438
1.1263,1.1166,1.1452,1.2263,1.3147,1.4234,1.5322,1.6434,1.7546,1.8251,1.8251,1.8251,1.8251,1.7849,2.0756,1.9814,1.8701,1.7585,1.6449,1.5313,1.4175,1.3037,1.1898,1.0759,0.9621,0.8482
1.8228,1.8228,1.8228,1.8228,1.8228,1.8228,1.8228,1.8228,1.8228,1.8228,1.8228,1.4593,0.5208,4.038,4.1711,4.3194,4.4267,4.4267,4.4267,4.4267,4.4267,4.4267,4.4267,4.4267,4.4267,4.4267
1.8204,1.8204,1.8204,1.8204,1.8204,1.8204,1.8204,1.8204,1.8204,1.8204,1.8204,1.8204,1.8204,1.8204,1.043,1.8209,2.5967,3.3724,4.1479,4.4211,4.4211,4.4211,4.4211,4.4211,4.4211,4.4211
1.559,1.5456,1.5852,1.6975,1.8181,1.8181,1.8181,1.8181,1.8181,1.8181,1.8181,1.6353,0.5195,2.9903,2.8732,2.7427,2.5887,2.4342,2.277,2.1197,1.9622,1.8046,1.647,1.4893,1.3317,1.1741
1.8158,1.8158,1.8158,1.8158,1.8158,1.8158,1.8158,1.8158,1.8158,1.8158,1.8158,1.8158,1.8158,2.5592,2.6435,2.7375,2.8484,2.9596,3.0729,3.1861,3.2996,3.413,3.5265,3.6401,3.7536,3.8671
1.4878,1.4751,1.5128,1.62,1.7368,1.8135,1.8135,1.8135,1.8135,1.8135,1.8135,1.8135,1.8135,0.5182,1.5984,2.6175,2.4705,2.3231,2.1731,2.023,1.8726,1.7222,1.5718,1.4214,1.2709,1.1205
1.8112,1.8112,1.8112,1.8112,1.8112,1.8112,1.8112,1.8112,1.8112,1.8112,1.8112,1.1514,0.5175,4.3987,4.3987,4.3987,4.3987,4.3987,4.3987,4.3987,4.3987,4.3987,4.3987,4.3987,4.3987,4.3987
1.809,1.809,1.809,1.809,1.809,1.809,1.809,1.809,1.809,1.809,1.809,1.809,1.809,0.5168,1.2973,2.2648,3.2298,4.1946,4.3932,4.3932,4.3932,4.3932,4.3932,4.3932,4.3932,4.3932
1.1543,1.1444,1.1737,1.2568,1.3474,1.4588,1.5703,1.6843,1.7983,1.8067,1.8067,1.8067,1.7983,2.214,2.1273,2.0307,1.9167,1.8023,1.6859,1.5694,1.4528,1.3361,1.2194,1.1027,0.986,0.8693
1.8044,1.8044,1.8044,1.8044,1.8044,1.8044,1.8044,1.8044,1.8044,1.8044,1.8044,1.8044,0.7062,3.009,3.1082,3.2187,3.3491,3.4799,3.613,3.7462,3.8796,4.013,4.1465,4.2799,4.3821,4.3821
1.8021,1.8021,1.8021,1.8021,1.8021,1.8021,1.8021,1.8021,1.8021,1.8021,1.8021,1.8021,1.8021,1.8021,1.1029,1.9255,2.7459,3.5663,4.3766,4.3766,4.3766,4.3766,4.1914,3.7903,3.3891,2.988
1.7999,1.7999,1.7999,1.7999,1.7999,1.7999,1.7999,1.7999,1.7999,1.7999,1.7999,1.2833,0.5142,4.3711,4.3711,4.3711,4.3277,4.0695,3.8066,3.5437,3.2803,3.0168,2.7533,2.4898,2.2263,1.9628
1.7976,1.7976,1.7976,1.7976,1.7976,1.7976,1.7976,1.7976,1.7976,1.7976,1.7976,1.7976,1.7976,0.7279,2.8771,2.9889,3.1099,3.2314,3.355,3.4787,3.6026,3.7265,3.8504,3.9743,4.0982,4.2222
1.2216,1.2111,1.2421,1.3301,1.426,1.5439,1.6619,1.7825,1.7954,1.7954,1.7954,1.7954,1.7954,0.7554,2.2514,2.1491,2.0285,1.9074,1.7842,1.661,1.5375,1.414,1.2905,1.167,1.0435,0.92
1.7931,1.7931,1.7931,1.7931,1.7931,1.7931,1.7931,1.7931,1.7931,1.7931,1.7931,1.2995,0.5123,4.3547,4.3547,4.3547,4.3547,4.3547,4.3547,4.3547,4.3547,4.3547,4.3547,4.3547,4.3547,4.3547
1.7909,1.7909,1.7909,1.7909,1.7909,1.7909,1.7909,1.7909,1.7909,1.7909,1.7909,1.7909,1.7909,1.7909,1.1092,1.9366,2.7616,3.5867,4.3493,4.3493,4.3493,4.3493,4.3493,4.3493,4.3493,4.3493
1.3492,1.3376,1.3719,1.469,1.575,1.7052,1.7886,1.7886,1.7886,1.7886,1.7886,1.7886,0.6999,2.5879,2.4865,2.3736,2.2403,2.1067,1.9706,1.8345,1.6981,1.5617,1.4253,1.2889,1.1525,1.0161
1.7864,1.7864,1.7864,1.7864,1.7864,1.7864,1.7864,1.7864,1.7864,1.7864,1.7864,1.7864,1.7864,2.6703,2.7583,2.8564,2.9721,3.0882,3.2063,3.3245,3.4429,3.5613,3.6797,3.7981,3.9166,4.035
1.7842,1.7842,1.7842,1.7842,1.7842,1.7842,1.7842,1.7842,1.7842,1.7842,1.7842,1.7842,1.7842,0.5098,1.3386,2.337,3.2043,3.0132,2.8185,2.6238,2.4288,2.2337,2.0386,1.8435,1.6484,1.4533
1.782,1.782,1.782,1.782,1.782,1.782,1.782,1.782,1.782,1.782,1.782,1.179,0.5091,4.3277,4.3277,4.3277,4.3277,4.3277,4.3277,4.3277,4.3277,4.3277,4.3277,4.3277,4.3277,4.3277
1.7798,1.7798,1.7798,1.7798,1.7798,1.7798,1.7798,1.7798,1.7798,1.7798,1.7798,1.7798,1.7798,0.5085,1.6202,2.8286,3.9334,4.087,4.2434,4.3223,4.3223,4.3223,4.3223,4.3223,4.3223,4.3223
1.16,1.15,1.1794,1.263,1.3541,1.466,1.578,1.6926,1.7776,1.7776,1.7776,1.7776,1.7776,2.2249,2.1377,2.0406,1.9261,1.8112,1.6942,1.5771,1.4599,1.3427,1.2254,1.1081,0.9908,0.8736
1.7754,1.7754,1.7754,1.7754,1.7754,1.7754,1.7754,1.7754,1.7754,1.7754,1.7754,1.7212,0.5424,3.6393,3.7593,3.8929,4.0506,4.2088,4.3116,4.3116,4.3116,4.3116,4.3116,4.3116,4.3116,4.3116
1.7732,1.7732,1.7732,1.7732,1.7732,1.7732,1.7732,1.7732,1.7732,1.7732,1.7732,1.7732,1.7732,1.7732,1.0873,1.8983,2.7071,3.5158,4.3062,4.3062,4.3062,4.3062,4.3062,4.3062,4.3062,4.3062
1.771,1.771,1.771,1.771,1.771,1.771,1.771,1.771,1.771,1.771,1.771,1.5093,0.506,3.6141,3.4725,3.3148,3.1287,2.942,2.7519,2.5619,2.3714,2.181,1.9905,1.8,1.6095,1.419
1.7688,1.7688,1.7688,1.7688,1.7688,1.7688,1.7688,1.7688,1.7688,1.7688,1.7688,1.7688,1.7688,1.7157,2.7897,2.8889,3.0059,3.1233,3.2428,3.3623,3.4821,3.6018,3.7216,3.8414,3.9612,4.081
1.4013,1.3892,1.4248,1.5257,1.6357,1.7666,1.7666,1.7666,1.7666,1.7666,1.7666,1.7666,1.7666,0.5047,1.9899,2.4652,2.3268,2.1879,2.0466,1.9052,1.7636,1.622,1.4803,1.3386,1.197,1.0553
1.7644,1.7644,1.7644,1.7644,1.7644,1.7644,1.7644,1.7644,1.7644,1.7644,1.7644,1.2302,0.5041,4.285,4.285,4.285,4.285,4.285,4.285,4.285,4.285,4.285,4.285,4.285,4.285,4.285
1.7623,1.7623,1.7623,1.7623,1.7623,1.7623,1.7623,1.7623,1.7623,1.7623,1.7623,1.7623,1.7623,1.7623,1.2437,2.1713,3.0964,4.0214,4.2798,4.2798,4.2798,4.2798,4.2798,4.2798,4.2798,4.2798
1.2492,1.2385,1.2702,1.3601,1.4582,1.5788,1.6994,1.7601,1.7601,1.7601,1.7601,1.7601,1.1434,2.3961,2.3022,2.1976,2.0743,1.9505,1.8245,1.6985,1.5722,1.446,1.3197,1.1934,1.0671,0.9408
1.7579,1.7579,1.7579,1.7579,1.7579,1.7579,1.7579,1.7579,1.7579,1.7579,1.7579,1.7579,0.9591,2.9312,3.0279,3.1355,3.2625,3.3899,3.5196,3.6493,3.7793,3.9093,4.0393,4.1693,4.2693,4.2693
1.7558,1.7558,1.7558,1.7558,1.7558,1.7558,1.7558,1.7558,1.7558,1.7558,1.7558,1.7558,1.7558,1.7558,1.2097,2.112,3.0119,3.9116,4.2053,3.9149,3.6239,3.3329,3.0418,2.7506,2.4595,2.1684
1.7536,1.7536,1.7536,1.7536,1.7536,1.7536,1.7536,1.7536,1.7536,1.7536,1.7536,1.2686,0.501,4.2588,4.2588,4.2588,4.2588,4.2588,4.2588,4.2588,4.2588,4.2588,4.0127,3.6287,3.2446,2.8606
1.7515,1.7515,1.7515,1.7515,1.7515,1.7515,1.7515,1.7515,1.7515,1.7515,1.7515,1.7515,1.7515,0.5725,2.2628,3.3256,3.4603,3.5954,3.733,3.8705,4.0084,4.1462,4.2536,4.2536,4.2536,4.2536
1.2242,1.2137,1.2448,1.3329,1.4291,1.5472,1.6655,1.7494,1.7494,1.7494,1.7494,1.7494,1.7494,1.2304,2.2562,2.1537,2.0328,1.9115,1.788,1.6645,1.5408,1.4171,1.2933,1.1695,1.0457,0.922
1.7472,1.7472,1.7472,1.7472,1.7472,1.7472,1.7472,1.7472,1.7472,1.7472,1.7472,1.4685,0.4992,4.2433,4.2433,4.2433,4.2433,4.2433,4.2433,4.2433,4.2433,4.2433,4.2433,4.2433,4.2433,4.2433
1.7451,1.7451,1.7451,1.7451,1.7451,1.7451,1.7451,1.7451,1.7451,1.7451,1.7451,1.7451,1.7451,1.7451,1.1261,1.9661,2.8037,3.6413,4.2381,4.2381,4.2381,4.2381,4.2381,4.2381,4.2381,4.2381
1.5511,1.5378,1.5772,1.6889,1.743,1.743,1.743,1.743,1.743,1.743,1.743,1.743,0.6057,2.9753,2.8587,2.7288,2.5756,2.422,2.2655,2.109,1.9523,1.7955,1.6387,1.4818,1.325,1.1682
1.7409,1.7409,1.7409,1.7409,1.7409,1.7409,1.7409,1.7409,1.7409,1.7409,1.7409,1.7409,1.7409,2.7452,2.8357,2.9365,3.0555,3.1748,3.2962,3.4177,3.5394,3.6612,3.7829,3.9047,4.0264,4.1482
1.724,1.7092,1.7388,1.7388,1.7388,1.7388,1.7388,1.7388,1.7388,1.7388,1.7388,1.7388,1.7388,0.4968,1.5692,2.7396,2.8627,2.6919,2.518,2.3441,2.1699,1.9956,1.8213,1.647,1.4727,1.2984
1.7366,1.7366,1.7366,1.7366,1.7366,1.7366,1.7366,1.7366,1.7366,1.7366,1.7366,1.2271,0.4962,4.2176,4.2176,4.2176,4.2176,4.2176,4.2176,4.2176,4.2176,4.2176,4.2176,4.2176,4.2176,4.2176
1.7345,1.7345,1.7345,1.7345,1.7345,1.7345,1.7345,1.7345,1.7345,1.7345,1.7345,1.7345,1.7345,0.4956,1.4854,2.5933,3.6981,4.2125,4.2125,4.2125,4.2125,4.2125,4.2125,4.2125,4.2125,4.2125
1.2221,1.2116,1.2426,1.3306,1.4266,1.5445,1.6626,1.7324,1.7324,1.7324,1.7324,1.7324,1.7324,2.3441,2.2522,2.15,2.0292,1.9082,1.7849,1.6616,1.5381,1.4146,1.291,1.1675,1.0439,0.9203
1.7304,1.7304,1.7304,1.7304,1.7304,1.7304,1.7304,1.7304,1.7304,1.7304,1.7304,1.7304,0.6682,3.4102,3.5226,3.6479,3.7956,3.9438,4.0947,4.2023,4.2023,4.2023,4.2023,4.2023,4.2023,4.2023
1.7283,1.7283,1.7283,1.7283,1.7283,1.7283,1.7283,1.7283,1.7283,1.7283,1.7283,1.7283,1.7283,1.7283,1.1598,2.0248,2.8875,3.7502,4.1972,4.1972,4.1972,4.1972,4.1972,4.1972,4.1972,4.1972
1.7262,1.7262,1.7262,1.7262,1.7262,1.7262,1.7262,1.7262,1.7262,1.7262,1.7262,1.4413,0.4932,4.1922,4.1922,4.1922,3.9845,3.7467,3.5047,3.2626,3.0201,2.7776,2.535,2.2924,2.0497,1.8071
1.7241,1.7241,1.7241,1.7241,1.7241,1.7241,1.7241,1.7241,1.7241,1.7241,1.7241,1.7241,1.7241,0.9922,3.0136,3.1207,3.2471,3.3739,3.503,3.6321,3.7614,3.8908,4.0202,4.1496,4.1871,4.1871
1.3609,1.3492,1.3837,1.4817,1.5886,1.7199,1.722,1.722,1.722,1.722,1.722,1.722,1.722,0.6694,2.508,2.3941,2.2597,2.1249,1.9876,1.8503,1.7128,1.5752,1.4377,1.3001,1.1625,1.0249
1.72,1.72,1.72,1.72,1.72,1.72,1.72,1.72,1.72,1.72,1.72,1.3466,0.4914,4.1771,4.1771,4.1771,4.1771,4.1771,4.1771,4.1771,4.1771,4.1771,4.1771,4.1771,4.1771,4.1771
1.7179,1.7179,1.7179,1.7179,1.7179,1.7179,1.7179,1.7179,1.7179,1.7179,1.7179,1.7179,1.7179,0.4908,1.2265,2.1413,3.0536,3.9658,4.1721,4.1721,4.1721,4.1721,4.1721,4.1721,4.1721,4.1721
1.3865,1.3746,1.4098,1.5096,1.6185,1.7159,1.7159,1.7159,1.7159,1.7159,1.7159,1.7159,0.8733,2.6595,2.5553,2.4392,2.3023,2.1649,2.025,1.8852,1.7451,1.6049,1.4647,1.3245,1.1844,1.0442
1.7138,1.7138,1.7138,1.7138,1.7138,1.7138,1.7138,1.7138,1.7138,1.7138,1.7138,1.7138,1.4782,2.932,3.0287,3.1363,3.2633,3.3908,3.5205,3.6503,3.7803,3.9103,4.0403,4.1621,4.1621,4.1621
1.7118,1.7118,1.7118,1.7118,1.7118,1.7118,1.7118,1.7118,1.7118,1.7118,1.7118,1.7118,1.7118,0.4891,1.363,2.3796,3.3934,3.665,3.4282,3.1914,2.9542,2.7169,2.4796,2.2423,2.005,1.7677
1.7097,1.7097,1.7097,1.7097,1.7097,1.7097,1.7097,1.7097,1.7097,1.7097,1.7097,1.286,0.4885,4.1522,4.1522,4.1522,4.1522,4.1522,4.1522,4.1522,4.1522,4.1522,4.1522,4.1522,4.1522,4.1522
1.7077,1.7077,1.7077,1.7077,1.7077,1.7077,1.7077,1.7077,1.7077,1.7077,1.7077,1.7077,1.7077,0.4889,1.9327,3.3742,3.9632,4.118,4.1472,4.1472,4.1472,4.1472,4.1472,4.1472,4.1472,4.1472
1.257,1.2462,1.2781,1.3687,1.4674,1.5886,1.7057,1.7057,1.7057,1.7057,1.7057,1.7057,1.7057,2.4111,2.3166,2.2114,2.0872,1.9627,1.8359,1.7091,1.5821,1.455,1.3279,1.2008,1.0737,0.9467
1.7036,1.7036,1.7036,1.7036,1.7036,1.7036,1.7036,1.7036,1.7036,1.7036,1.7036,1.7036,0.5399,4.1374,4.1374,4.1374,4.1374,4.1374,4.1374,4.1374,4.1374,4.1374,4.1374,4.1374,4.1374,4.1374
1.7016,1.7016,1.7016,1.7016,1.7016,1.7016,1.7016,1.7016,1.7016,1.7016,1.7016,1.7016,1.7016,1.7016,1.1708,2.0441,2.915,3.7858,4.1325,4.1325,4.1325,4.1325,4.1325,4.1325,4.1325,4.1325
1.6996,1.6996,1.6996,1.6996,1.6996,1.6996,1.6996,1.6996,1.6996,1.6996,1.6996,1.6996,0.5516,3.5448,3.406,3.2513,3.0687,2.8856,2.6992,2.5128,2.326,2.1392,1.9524,1.7655,1.5787,1.3918
1.6976,1.6976,1.6976,1.6976,1.6976,1.6976,1.6976,1.6976,1.6976,1.6976,1.6976,1.6976,1.6976,2.8895,2.9848,3.0909,3.2161,3.3417,3.4695,3.5974,3.7255,3.8536,3.9818,4.11,4.1227,4.1227
1.6074,1.5936,1.6344,1.6956,1.6956,1.6956,1.6956,1.6956,1.6956,1.6956,1.6956,1.6956,1.6956,0.4849,1.9165,2.8279,2.6691,2.5099,2.3477,2.1856,2.0231,1.8606,1.6981,1.5356,1.3731,1.2106
1.6936,1.6936,1.6936,1.6936,1.6936,1.6936,1.6936,1.6936,1.6936,1.6936,1.6936,1.3077,0.4839,4.1129,4.1129,4.1129,4.1129,4.1129,4.1129,4.1129,4.1129,4.1129,4.1129,4.1129,4.1129,4.1129
1.6916,1.6916,1.6916,1.6916,1.6916,1.6916,1.6916,1.6916,1.6916,1.6916,1.6916,1.6916,1.6916,0.4833,1.4133,2.4674,3.5187,4.1081,4.1081,4.1081,4.1081,4.1081,4.1081,4.1081,4.1081,4.1081
1.3188,1.3075,1.341,1.436,1.5395,1.6668,1.6896,1.6896,1.6896,1.6896,1.6896,1.6896,1.6279,2.5297,2.4305,2.3202,2.1899,2.0592,1.9262,1.7932,1.6599,1.5266,1.3932,1.2599,1.1266,0.9932
1.6876,1.6876,1.6876,1.6876,1.6876,1.6876,1.6876,1.6876,1.6876,1.6876,1.6876,1.6876,0.8736,3.3032,3.4121,3.5334,3.6765,3.8201,3.9662,4.0984,4.0984,4.0984,4.0984,4.0984,4.0984,4.0984
1.6856,1.6856,1.6856,1.6856,1.6856,1.6856,1.6856,1.6856,1.6856,1.6856,1.6856,1.6856,1.6856,0.4816,1.268,2.2137,3.1569,4.0936,4.0936,4.0936,4.0936,4.0936,4.0513,3.6636,3.2758,2.8881
1.6836,1.6836,1.6836,1.6836,1.6836,1.6836,1.6836,1.6836,1.6836,1.6836,1.6836,1.4187,0.481,4.0888,4.0888,4.0888,4.0888,4.0888,4.0888,4.0888,4.0888,3.8207,3.487,3.1532,2.8195,2.4858
1.6816,1.6816,1.6816,1.6816,1.6816,1.6816,1.6816,1.6816,1.6816,1.6816,1.6816,1.6816,1.6816,0.731,2.8894,3.4587,3.5988,3.7394,3.8824,4.0255,4.084,4.084,4.084,4.084,4.084,4.084
1.3595,1.3478,1.3823,1.4802,1.587,1.6797,1.6797,1.6797,1.6797,1.6797,1.6797,1.6797,1.6797,0.9899,2.5055,2.3917,2.2574,2.1227,1.9856,1.8484,1.711,1.5736,1.4362,1.2987,1.1613,1.0238
1.6777,1.6777,1.6777,1.6777,1.6777,1.6777,1.6777,1.6777,1.6777,1.6777,1.6777,1.5143,0.4793,4.0744,4.0744,4.0744,4.0744,4.0744,4.0744,4.0744,4.0744,4.0744,4.0744,4.0744,4.0744,4.0744
1.6757,1.6757,1.6757,1.6757,1.6757,1.6757,1.6757,1.6757,1.6757,1.6757,1.6757,1.6757,1.6757,0.4788,1.2423,2.1689,3.0929,4.0169,4.0697,4.0697,4.0697,4.0697,4.0697,4.0697,4.0697,4.0697
1.5841,1.5705,1.6107,1.6738,1.6738,1.6738,1.6738,1.6738,1.6738,1.6738,1.6738,1.6738,0.7349,3.0384,2.9194,2.7868,2.6303,2.4734,2.3136,2.1538,1.9937,1.8336,1.6735,1.5133,1.3531,1.193
1.6718,1.6718,1.6718,1.6718,1.6718,1.6718,1.6718,1.6718,1.6718,1.6718,1.6718,1.6718,1.6718,3.0091,3.1083,3.2188,3.3492,3.48,3.6132,3.7463,3.8797,4.0132,4.0602,4.0602,4.0602,4.0602
1.6699,1.6699,1.6699,1.6699,1.6699,1.6699,1.6699,1.6699,1.6699,1.6699,1.6699,1.6699,1.6699,0.4771,1.5847,2.7667,3.4146,3.2109,3.0035,2.796,2.5882,2.3803,2.1724,1.9645,1.7566,1.5487
1.6679,1.6679,1.6679,1.6679,1.6679,1.6679,1.6679,1.6679,1.6679,1.6679,1.6679,1.3367,0.4766,4.0507,4.0507,4.0507,4.0507,4.0507,4.0507,4.0507,4.0507,4.0507,4.0507,4.0507,4.0507,4.0507
1.666,1.666,1.666,1.666,1.666,1.666,1.666,1.666,1.666,1.666,1.666,1.666,1.666,0.476,1.7475,3.0509,4.046,4.046,4.046,4.046,4.046,4.046,4.046,4.046,4.046,4.046
1.323,1.3117,1.3453,1.4406,1.5444,1.6641,1.6641,1.6641,1.6641,1.6641,1.6641,1.6641,1.6641,2.5377,2.4383,2.3276,2.1969,2.0658,1.9324,1.7989,1.6652,1.5314,1.3977,1.2639,1.1302,0.9964
1.6621,1.6621,1.6621,1.6621,1.6621,1.6621,1.6621,1.6621,1.6621,1.6621,1.6621,1.6621,0.6552,3.9663,4.0366,4.0366,4.0366,4.0366,4.0366,4.0366,4.0366,4.0366,4.0366,4.0366,4.0366,4.0366
1.6602,1.6602,1.6602,1.6602,1.6602,1.6602,1.6602,1.6602,1.6602,1.6602,1.6602,1.6602,1.6602,0.4743,1.2478,2.1784,3.1066,4.032,4.032,4.032,4.032,4.032,4.032,4.032,4.032,4.032
1.6583,1.6583,1.6583,1.6583,1.6583,1.6583,1.6583,1.6583,1.6583,1.6583,1.6583,1.6583,0.5231,4.0273,4.0273,4.0273,3.8278,3.5994,3.3668,3.1343,2.9013,2.6683,2.4353,2.2022,1.9691,1.736
1.6564,1.6564,1.6564,1.6564,1.6564,1.6564,1.6564,1.6564,1.6564,1.6564,1.6564,1.6564,1.6564,1.4948,3.2213,3.3358,3.4709,3.6064,3.7444,3.8824,4.0207,4.0226,4.0226,4.0226,4.0226,4.0226
1.5538,1.5404,1.5799,1.6545,1.6545,1.6545,1.6545,1.6545,1.6545,1.6545,1.6545,1.6545,1.6545,0.6257,2.4733,2.7335,2.58,2.4261,2.2694,2.1126,1.9556,1.7985,1.6414,1.4843,1.3273,1.1701
1.6526,1.6526,1.6526,1.6526,1.6526,1.6526,1.6526,1.6526,1.6526,1.6526,1.6526,1.4296,0.4722,4.0134,4.0134,4.0134,4.0134,4.0134,4.0134,4.0134,4.0134,4.0134,4.0134,4.0134,4.0134,4.0134
1.6507,1.6507,1.6507,1.6507,1.6507,1.6507,1.6507,1.6507,1.6507,1.6507,1.6507,1.6507,1.6507,0.4716,1.3895,2.4259,3.4595,4.0088,4.0088,4.0088,4.0088,4.0088,4.0088,4.0088,4.0088,4.0088
1.4614,1.4488,1.4859,1.5912,1.6488,1.6488,1.6488,1.6488,1.6488,1.6488,1.6488,1.6488,1.1461,2.8031,2.6932,2.5709,2.4266,2.2818,2.1344,1.987,1.8393,1.6916,1.5438,1.3961,1.2483,1.1005
1.6469,1.6469,1.6469,1.6469,1.6469,1.6469,1.6469,1.6469,1.6469,1.6469,1.6469,1.6469,1.2521,3.2984,3.4071,3.5282,3.6711,3.8145,3.9604,3.9995,3.9995,3.9995,3.9995,3.9995,3.9995,3.9995
1.645,1.645,1.645,1.645,1.645,1.645,1.645,1.645,1.645,1.645,1.645,1.645,1.645,0.47,1.4252,2.4882,3.5483,3.995,3.995,3.995,3.7463,3.4454,3.1445,2.8436,2.5426,2.2417
1.6431,1.6431,1.6431,1.6431,1.6431,1.6431,1.6431,1.6431,1.6431,1.6431,1.6431,1.4371,0.4695,3.9904,3.9904,3.9904,3.9904,3.9904,3.9904,3.9904,3.9904,3.9904,3.9904,3.9904,3.9904,3.9017
1.6412,1.6412,1.6412,1.6412,1.6412,1.6412,1.6412,1.6412,1.6412,1.6412,1.6412,1.6412,1.6412,0.6049,2.3911,3.9476,3.9858,3.9858,3.9858,3.9858,3.9858,3.9858,3.9858,3.9858,3.9858,3.9858
1.396,1.384,1.4195,1.52,1.6296,1.6393,1.6393,1.6393,1.6393,1.6393,1.6393,1.6393,1.6393,1.8161,2.5728,2.456,2.3181,2.1798,2.0389,1.8981,1.757,1.6159,1.4748,1.3336,1.1925,1.0513
1.6375,1.6375,1.6375,1.6375,1.6375,1.6375,1.6375,1.6375,1.6375,1.6375,1.6375,1.6375,0.5539,3.9767,3.9767,3.9767,3.9767,3.9767,3.9767,3.9767,3.9767,3.9767,3.9767,3.9767,3.9767,3.9767
1.6356,1.6356,1.6356,1.6356,1.6356,1.6356,1.6356,1.6356,1.6356,1.6356,1.6356,1.6356,1.6356,0.4673,1.2925,2.2565,3.2178,3.9722,3.9722,3.9722,3.9722,3.9722,3.9722,3.9722,3.9722,3.9722
1.6337,1.6337,1.6337,1.6337,1.6337,1.6337,1.6337,1.6337,1.6337,1.6337,1.6337,1.6337,0.6598,3.5936,3.4528,3.2959,3.1109,2.9253,2.7363,2.5473,2.358,2.1686,1.9792,1.7898,1.6003,1.4109
1.6319,1.6319,1.6319,1.6319,1.6319,1.6319,1.6319,1.6319,1.6319,1.6319,1.6319,1.6319,1.6319,3.1708,3.2754,3.3918,3.5292,3.667,3.8073,3.9476,3.9631,3.9631,3.9631,3.9631,3.9631,3.9631
1.63,1.63,1.63,1.63,1.63,1.63,1.63,1.63,1.63,1.63,1.63,1.63,1.63,0.4845,1.915,3.3417,3.1541,2.9659,2.7743,2.5827,2.3907,2.1987,2.0067,1.8146,1.6226,1.4305
1.6282,1.6282,1.6282,1.6282,1.6282,1.6282,1.6282,1.6282,1.6282,1.6282,1.6282,1.4264,0.4652,3.9541,3.9541,3.9541,3.9541,3.9541,3.9541,3.9541,3.9541,3.9541,3.9541,3.9541,3.9541,3.9541
1.6263,1.6263,1.6263,1.6263,1.6263,1.6263,1.6263,1.6263,1.6263,1.6263,1.6263,1.6263,1.6263,0.4647,1.653,2.8859,3.9496,3.9496,3.9496,3.9496,3.9496,3.9496,3.9496,3.9496,3.9496,3.9496
1.4299,1.4176,1.4539,1.5569,1.6245,1.6245,1.6245,1.6245,1.6245,1.6245,1.6245,1.6245,1.6245,2.7427,2.6352,2.5155,2.3743,2.2326,2.0884,1.9442,1.7996,1.6551,1.5105,1.366,1.2214,1.0768
1.6226,1.6226,1.6226,1.6226,1.6226,1.6226,1.6226,1.6226,1.6226,1.6226,1.6226,1.6226,0.8375,3.8292,3.9407,3.9407,3.9407,3.9407,3.9407,3.9407,3.9407,3.9407,3.9407,3.9407,3.9407,3.9407
1.6208,1.6208,1.6208,1.6208,1.6208,1.6208,1.6208,1.6208,1.6208,1.6208,1.6208,1.6208,1.6208,0.4631,1.3661,2.385,3.4011,3.9362,3.9362,3.9362,3.9362,3.9362,3.9362,3.9362,3.9362,3.9362
1.619,1.619,1.619,1.619,1.619,1.619,1.619,1.619,1.619,1.619,1.619,1.619,0.5142,3.9318,3.9318,3.9318,3.9318,3.9318,3.9318,3.9318,3.8559,3.5462,3.2365,2.9267,2.617,2.3072
1.6171,1.6171,1.6171,1.6171,1.6171,1.6171,1.6171,1.6171,1.6171,1.6171,1.6171,1.6171,1.6171,0.9916,3.5741,3.7012,3.8511,3.9274,3.9274,3.9274,3.9274,3.9274,3.9274,3.9274,3.9274,3.9274
1.5526,1.5392,1.5787,1.6153,1.6153,1.6153,1.6153,1.6153,1.6153,1.6153,1.6153,1.6153,1.6153,0.8759,2.8614,2.7314,2.5781,2.4242,2.2676,2.111,1.9541,1.7972,1.6402,1.4832,1.3262,1.1693
1.6135,1.6135,1.6135,1.6135,1.6135,1.6135,1.6135,1.6135,1.6135,1.6135,1.6135,1.6086,0.507,3.9185,3.9185,3.9185,3.9185,3.9185,3.9185,3.9185,3.9185,3.9185,3.9185,3.9185,3.9185,3.9185
1.6117,1.6117,1.6117,1.6117,1.6117,1.6117,1.6117,1.6117,1.6117,1.6117,1.6117,1.6117,1.6117,0.4605,1.4096,2.4609,3.5094,3.9141,3.9141,3.9141,3.9141,3.9141,3.9141,3.9141,3.9141,3.9141
1.6099,1.6099,1.6099,1.6099,1.6099,1.6099,1.6099,1.6099,1.6099,1.6099,1.6099,1.6099,0.9304,3.2017,3.0762,2.9365,2.7717,2.6063,2.4379,2.2695,2.1008,1.9321,1.7634,1.5946,1.4258,1.2571
1.6081,1.6081,1.6081,1.6081,1.6081,1.6081,1.6081,1.6081,1.6081,1.6081,1.6081,1.6081,1.6081,3.3936,3.5054,3.6301,3.7771,3.9053,3.9053,3.9053,3.9053,3.9053,3.9053,3.9053,3.9053,3.9053
1.6063,1.6063,1.6063,1.6063,1.6063,1.6063,1.6063,1.6063,1.6063,1.6063,1.6063,1.6063,1.6063,0.4589,1.6546,2.8886,3.901,3.901,3.7236,3.4664,3.2088,2.9511,2.6933,2.4356,2.1778,1.92
1.6045,1.6045,1.6045,1.6045,1.6045,1.6045,1.6045,1.6045,1.6045,1.6045,1.6045,1.4987,0.4723,3.8966,3.8966,3.8966,3.8966,3.8966,3.8966,3.8966,3.8966,3.8966,3.8966,3.8966,3.8966,3.8966
1.6027,1.6027,1.6027,1.6027,1.6027,1.6027,1.6027,1.6027,1.6027,1.6027,1.6027,1.6027,1.6027,0.5393,2.1317,3.7216,3.8922,3.8922,3.8922,3.8922,3.8922,3.8922,3.8922,3.8922,3.8922,3.8922
1.4751,1.4624,1.4999,1.6009,1.6009,1.6009,1.6009,1.6009,1.6009,1.6009,1.6009,1.6009,1.6009,2.8294,2.7185,2.595,2.4493,2.3032,2.1544,2.0056,1.8565,1.7074,1.5583,1.4092,1.26,1.1109
1.5991,1.5991,1.5991,1.5991,1.5991,1.5991,1.5991,1.5991,1.5991,1.5991,1.5991,1.5991,0.6682,3.8835,3.8835,3.8835,3.8835,3.8835,3.8835,3.8835,3.8835,3.8835,3.8835,3.8835,3.8835,3.8835
1.5973,1.5973,1.5973,1.5973,1.5973,1.5973,1.5973,1.5973,1.5973,1.5973,1.5973,1.5973,1.5973,0.4564,1.3834,2.4152,3.4442,3.8792,3.8792,3.8792,3.8792,3.8792,3.8792,3.8792,3.8792,3.8792
1.5955,1.5955,1.5955,1.5955,1.5955,1.5955,1.5955,1.5955,1.5955,1.5955,1.5955,1.5955,0.6231,3.8749,3.8749,3.8749,3.8426,3.6133,3.3799,3.1465,2.9126,2.6787,2.4447,2.2107,1.9768,1.7428
1.5938,1.5938,1.5938,1.5938,1.5938,1.5938,1.5938,1.5938,1.5938,1.5938,1.5938,1.5938,1.5938,2.7242,3.5513,3.6775,3.8265,3.8706,3.8706,3.8706,3.8706,3.8706,3.8706,3.8706,3.8706,3.8706
1.592,1.592,1.592,1.592,1.592,1.592,1.592,1.592,1.592,1.592,1.592,1.592,1.592,0.6156,2.4332,3.2264,3.0452,2.8635,2.6785,2.4935,2.3082,2.1228,1.9374,1.752,1.5666,1.3811
1.5902,1.5902,1.5902,1.5902,1.5902,1.5902,1.5902,1.5902,1.5902,1.5902,1.5902,1.5669,0.4938,3.862,3.862,3.862,3.862,3.862,3.862,3.862,3.862,3.862,3.862,3.862,3.862,3.862
1.5885,1.5885,1.5885,1.5885,1.5885,1.5885,1.5885,1.5885,1.5885,1.5885,1.5885,1.5885,1.5885,0.4539,1.6271,2.8408,3.8577,3.8577,3.8577,3.8577,3.8577,3.8577,3.8577,3.8577,3.8577,3.8577
1.5867,1.5782,1.5867,1.5867,1.5867,1.5867,1.5867,1.5867,1.5867,1.5867,1.5867,1.5867,1.5867,3.0534,2.9338,2.8005,2.6433,2.4856,2.325,2.1644,2.0035,1.8426,1.6817,1.5207,1.3598,1.1988
1.585,1.585,1.585,1.585,1.585,1.585,1.585,1.585,1.585,1.585,1.585,1.585,1.153,3.8353,3.8492,3.8492,3.8492,3.8492,3.8492,3.8492,3.8492,3.8492,3.8492,3.8492,3.8492,3.8492
1.5832,1.5832,1.5832,1.5832,1.5832,1.5832,1.5832,1.5832,1.5832,1.5832,1.5832,1.5832,1.5832,0.4523,1.5423,2.6925,3.8397,3.8449,3.8449,3.8449,3.8449,3.8449,3.8449,3.8244,3.4196,3.0149
1.5815,1.5815,1.5815,1.5815,1.5815,1.5815,1.5815,1.5815,1.5815,1.5815,1.5815,1.5815,0.5233,3.8407,3.8407,3.8407,3.8407,3.8407,3.8407,3.8407,3.8407,3.8407,3.8407,3.8407,3.8349,3.381
1.5797,1.5797,1.5797,1.5797,1.5797,1.5797,1.5797,1.5797,1.5797,1.5797,1.5797,1.5797,1.5797,0.7873,3.1119,3.8365,3.8365,3.8365,3.8365,3.8365,3.8365,3.8365,3.8365,3.8365,3.8365,3.8365
1.578,1.578,1.578,1.578,1.578,1.578,1.578,1.578,1.578,1.578,1.578,1.578,1.578,1.4099,2.9555,2.8213,2.6629,2.504,2.3422,2.1805,2.0184,1.8563,1.6942,1.532,1.3699,1.2077
1.5763,1.5763,1.5763,1.5763,1.5763,1.5763,1.5763,1.5763,1.5763,1.5763,1.5763,1.5763,0.5902,3.828,3.828,3.828,3.828,3.828,3.828,3.828,3.828,3.828,3.828,3.828,3.828,3.828
1.5745,1.5745,1.5745,1.5745,1.5745,1.5745,1.5745,1.5745,1.5745,1.5745,1.5745,1.5745,1.5745,0.4499,1.4766,2.578,3.6763,3.8238,3.8238,3.8238,3.8238,3.8238,3.8238,3.8238,3.8238,3.8238
1.5728,1.5728,1.5728,1.5728,1.5728,1.5728,1.5728,1.5728,1.5728,1.5728,1.5728,1.5728,0.824,3.793,3.6444,3.4789,3.2836,3.0876,2.8882,2.6887,2.4888,2.289,2.089,1.8891,1.6892,1.4892
1.5711,1.5711,1.5711,1.5711,1.5711,1.5711,1.5711,1.5711,1.5711,1.5711,1.5711,1.5711,1.5711,3.6037,3.7225,3.8155,3.8155,3.8155,3.8155,3.8155,3.8155,3.8155,3.8155,3.8155,3.8155,3.8155
1.5693,1.5693,1.5693,1.5693,1.5693,1.5693,1.5693,1.5693,1.5693,1.5693,1.5693,1.5693,1.5693,0.5057,1.9988,3.4896,3.8113,3.6528,3.4168,3.1808,2.9444,2.7079,2.4714,2.2349,1.9983,1.7618
1.5676,1.5676,1.5676,1.5676,1.5676,1.5676,1.5676,1.5676,1.5676,1.5676,1.5676,1.5676,0.5083,3.8071,3.8071,3.8071,3.8071,3.8071,3.8071,3.8071,3.8071,3.8071,3.8071,3.8071,3.8071,3.8071
1.5659,1.5659,1.5659,1.5659,1.5659,1.5659,1.5659,1.5659,1.5659,1.5659,1.5659,1.5659,1.5659,0.5093,2.0131,3.5145,3.8029,3.8029,3.8029,3.8029,3.8029,3.8029,3.8029,3.8029,3.8029,3.8029
1.5642,1.5642,1.5642,1.5642,1.5642,1.5642,1.5642,1.5642,1.5642,1.5642,1.5642,1.5642,1.5642,3.0855,2.9646,2.8299,2.6711,2.5117,2.3494,2.1872,2.0246,1.862,1.6994,1.5367,1.3741,1.2114
1.5625,1.5625,1.5625,1.5625,1.5625,1.5625,1.5625,1.5625,1.5625,1.5625,1.5625,1.5625,0.8474,3.7947,3.7947,3.7947,3.7947,3.7947,3.7947,3.7947,3.7947,3.7947,3.7947,3.7947,3.7947,3.7947
1.5608,1.5608,1.5608,1.5608,1.5608,1.5608,1.5608,1.5608,1.5608,1.5608,1.5608,1.5608,1.5608,0.4459,1.5289,2.6692,3.7905,3.7905,3.7905,3.7905,3.7905,3.7905,3.7905,3.7905,3.7905,3.7905
1.5591,1.5591,1.5591,1.5591,1.5591,1.5591,1.5591,1.5591,1.5591,1.5591,1.5591,1.5591,0.6156,3.7864,3.7864,3.7864,3.7864,3.7864,3.7864,3.7864,3.7864,3.5067,3.2004,2.8941,2.5878,2.2815
1.5574,1.5574,1.5574,1.5574,1.5574,1.5574,1.5574,1.5574,1.5574,1.5574,1.5574,1.5574,1.5574,1.4758,3.7823,3.7823,3.7823,3.7823,3.7823,3.7823,3.7823,3.7823,3.7823,3.7823,3.7823,3.7823
1.5557,1.5557,1.5557,1.5557,1.5557,1.5557,1.5557,1.5557,1.5557,1.5557,1.5557,1.5557,1.5557,0.8389,3.316,3.2474,3.0651,2.8822,2.696,2.5098,2.3233,2.1367,1.95,1.7634,1.5768,1.3901
1.554,1.554,1.554,1.554,1.554,1.554,1.554,1.554,1.554,1.554,1.554,1.554,0.5611,3.7741,3.7741,3.7741,3.7741,3.7741,3.7741,3.7741,3.7741,3.7741,3.7741,3.7741,3.7741,3.7741
1.5524,1.5524,1.5524,1.5524,1.5524,1.5524,1.5524,1.5524,1.5524,1.5524,1.5524,1.5524,1.5524,0.4435,1.6658,2.9082,3.77,3.77,3.77,3.77,3.77,3.77,3.77,3.77,3.77,3.77
1.5507,1.5507,1.5507,1.5507,1.5507,1.5507,1.5507,1.5507,1.5507,1.5507,1.5507,1.5507,1.2527,3.5212,3.3832,3.2296,3.0483,2.8664,2.6812,2.496,2.3105,2.1249,1.9393,1.7537,1.5681,1.3825
1.549,1.549,1.549,1.549,1.549,1.549,1.549,1.549,1.549,1.549,1.549,1.549,1.549,3.7619,3.7619,3.7619,3.7619,3.7619,3.7619,3.7619,3.7619,3.7619,3.7619,3.7619,3.7619,3.7619
1.5473,1.5473,1.5473,1.5473,1.5473,1.5473,1.5473,1.5473,1.5473,1.5473,1.5473,1.5473,1.5473,0.4571,1.8069,3.1546,3.7578,3.7578,3.7578,3.7578,3.7578,3.7578,3.5308,3.1929,2.855,2.517
1.5457,1.5457,1.5457,1.5457,1.5457,1.5457,1.5457,1.5457,1.5457,1.5457,1.5457,1.5457,0.5524,3.7537,3.7537,3.7537,3.7537,3.7537,3.7537,3.7537,3.7537,3.7537,3.7537,3.7537,3.7537,3.7537
1.544,1.544,1.544,1.544,1.544,1.544,1.544,1.544,1.544,1.544,1.544,1.544,1.544,0.6934,2.7407,3.7497,3.7497,3.7497,3.7497,3.7497,3.7497,3.7497,3.7497,3.7497,3.7497,3.7497
1.5423,1.5423,1.5423,1.5423,1.5423,1.5423,1.5423,1.5423,1.5423,1.5423,1.5423,1.5423,1.5423,3.142,3.165,3.0213,2.8516,2.6815,2.5083,2.335,2.1615,1.9879,1.8143,1.6406,1.467,1.2933
1.5407,1.5407,1.5407,1.5407,1.5407,1.5407,1.5407,1.5407,1.5407,1.5407,1.5407,1.5407,0.7169,3.7416,3.7416,3.7416,3.7416,3.7416,3.7416,3.7416,3.7416,3.7416,3.7416,3.7416,3.7416,3.7416
1.539,1.539,1.539,1.539,1.539,1.539,1.539,1.539,1.539,1.539,1.539,1.539,1.539,0.4397,1.6035,2.7996,3.7376,3.7376,3.7376,3.7376,3.7376,3.7376,3.7376,3.7376,3.7376,3.7376
1.5374,1.5374,1.5374,1.5374,1.5374,1.5374,1.5374,1.5374,1.5374,1.5374,1.5374,1.5374,0.7802,3.7336,3.7336,3.7336,3.7336,3.7336,3.5843,3.3368,3.0888,2.8407,2.5926,2.3445,2.0963,1.8482
1.5357,1.5357,1.5357,1.5357,1.5357,1.5357,1.5357,1.5357,1.5357,1.5357,1.5357,1.5357,1.5357,3.7296,3.7296,3.7296,3.7296,3.7296,3.7296,3.7296,3.7296,3.7296,3.7296,3.7296,3.7296,3.7296
1.5341,1.5341,1.5341,1.5341,1.5341,1.5341,1.5341,1.5341,1.5341,1.5341,1.5341,1.5341,1.5341,0.6433,2.5428,3.7256,3.7256,3.5524,3.3229,3.0934,2.8635,2.6335,2.4035,2.1735,1.9434,1.7134
1.5324,1.5324,1.5324,1.5324,1.5324,1.5324,1.5324,1.5324,1.5324,1.5324,1.5324,1.5324,0.5675,3.7216,3.7216,3.7216,3.7216,3.7216,3.7216,3.7216,3.7216,3.7216,3.7216,3.7216,3.7216,3.7216
1.5308,1.5308,1.5308,1.5308,1.5308,1.5308,1.5308,1.5308,1.5308,1.5308,1.5308,1.5308,1.5308,0.5068,2.0032,3.4973,3.7177,3.7177,3.7177,3.7177,3.7177,3.7177,3.7177,3.7177,3.7177,3.7177
1.5292,1.5292,1.5292,1.5292,1.5292,1.5292,1.5292,1.5292,1.5292,1.5292,1.5292,1.5292,1.5292,3.4937,3.3568,3.2043,3.0244,2.844,2.6603,2.4765,2.2924,2.1083,1.9242,1.74,1.5559,1.3717
1.5275,1.5275,1.5275,1.5275,1.5275,1.5275,1.5275,1.5275,1.5275,1.5275,1.5275,1.5275,1.1516,3.7097,3.7097,3.7097,3.7097,3.7097,3.7097,3.7097,3.7097,3.7097,3.7097,3.7097,3.7097,3.7097
1.5259,1.5259,1.5259,1.5259,1.5259,1.5259,1.5259,1.5259,1.5259,1.5259,1.5259,1.5259,1.5259,0.4444,1.7565,3.0665,3.7058,3.7058,3.7058,3.7058,3.7058,3.7058,3.7058,3.7058,3.7058,3.7058
1.5243,1.5243,1.5243,1.5243,1.5243,1.5243,1.5243,1.5243,1.5243,1.5243,1.5243,1.5243,0.6367,3.7019,3.7019,3.7019,3.7019,3.7019,3.7019,3.7019,3.7019,3.7019,3.7019,3.7019,3.6866,3.2502
1.5227,1.5227,1.5227,1.5227,1.5227,1.5227,1.5227,1.5227,1.5227,1.5227,1.5227,1.5227,1.5227,1.1068,3.6979,3.6979,3.6979,3.6979,3.6979,3.6979,3.6979,3.6979,3.6979,3.6979,3.6979,3.6979
1.5211,1.5211,1.5211,1.5211,1.5211,1.5211,1.5211,1.5211,1.5211,1.5211,1.5211,1.5211,1.5211,1.2752,3.5793,3.4167,3.2249,3.0325,2.8366,2.6406,2.4444,2.248,2.0517,1.8553,1.659,1.4626
1.5194,1.5194,1.5194,1.5194,1.5194,1.5194,1.5194,1.5194,1.5194,1.5194,1.5194,1.5194,0.6651,3.6901,3.6901,3.6901,3.6901,3.6901,3.6901,3.6901,3.6901,3.6901,3.6901,3.6901,3.6901,3.6901
1.5178,1.5178,1.5178,1.5178,1.5178,1.5178,1.5178,1.5178,1.5178,1.5178,1.5178,1.5178,1.5178,0.4506,1.781,3.1094,3.6862,3.6862,3.6862,3.6862,3.6862,3.6862,3.6862,3.6862,3.6862,3.6862
1.5162,1.5162,1.5162,1.5162,1.5162,1.5162,1.5162,1.5162,1.5162,1.5162,1.5162,1.5162,1.0999,3.6823,3.6823,3.6823,3.6762,3.4569,3.2335,3.0102,2.7865,2.5627,2.3389,2.115,1.8912,1.6673
1.5146,1.5146,1.5146,1.5146,1.5146,1.5146,1.5146,1.5146,1.5146,1.5146,1.5146,1.5146,1.5146,3.6784,3.6784,3.6784,3.6784,3.6784,3.6784,3.6784,3.6784,3.6784,3.6784,3.6784,3.6784,3.6784
1.513,1.513,1.513,1.513,1.513,1.513,1.513,1.513,1.513,1.513,1.513,1.513,1.513,0.5618,2.2208,3.6745,3.6745,3.6745,3.6745,3.6745,3.6745,3.5587,3.2479,2.937,2.6262,2.3153
1.5114,1.5114,1.5114,1.5114,1.5114,1.5114,1.5114,1.5114,1.5114,1.5114,1.5114,1.5114,0.6089,3.6706,3.6706,3.6706,3.6706,3.6706,3.6706,3.6706,3.6706,3.6706,3.6706,3.6706,3.6706,3.6706
1.5098,1.5098,1.5098,1.5098,1.5098,1.5098,1.5098,1.5098,1.5098,1.5098,1.5098,1.5098,1.5098,0.6615,2.6147,3.6668,3.6668,3.6668,3.6668,3.6668,3.6668,3.6668,3.6668,3.6668,3.6668,3.6668
1.5083,1.5083,1.5083,1.5083,1.5083,1.5083,1.5083,1.5083,1.5083,1.5083,1.5083,1.5083,1.5083,3.6629,3.5405,3.3797,3.1899,2.9996,2.8058,2.612,2.4179,2.2237,2.0295,1.8352,1.641,1.4468
1.5067,1.5067,1.5067,1.5067,1.5067,1.5067,1.5067,1.5067,1.5067,1.5067,1.5067,1.5067,0.9218,3.6591,3.6591,3.6591,3.6591,3.6591,3.6591,3.6591,3.6591,3.6591,3.6591,3.6591,3.6591,3.6591
1.5051,1.5051,1.5051,1.5051,1.5051,1.5051,1.5051,1.5051,1.5051,1.5051,1.5051,1.5051,1.5051,0.4606,1.8206,3.1785,3.6552,3.6552,3.6552,3.6552,3.6552,3.6552,3.6552,3.6552,3.6552,3.6552
1.5035,1.5035,1.5035,1.5035,1.5035,1.5035,1.5035,1.5035,1.5035,1.5035,1.5035,1.5035,0.7869,3.6514,3.6514,3.6514,3.6514,3.6514,3.6514,3.6514,3.6514,3.6514,3.4287,3.1005,2.7724,2.4442
1.5019,1.5019,1.5019,1.5019,1.5019,1.5019,1.5019,1.5019,1.5019,1.5019,1.5019,1.5019,1.5019,2.5859,3.6476,3.6476,3.6476,3.6476,3.6476,3.6476,3.6476,3.6476,3.6476,3.6476,3.6476,3.6476
1.5004,1.5004,1.5004,1.5004,1.5004,1.5004,1.5004,1.5004,1.5004,1.5004,1.5004,1.5004,1.5004,0.8802,3.479,3.6437,3.6437,3.6437,3.4279,3.1911,2.9539,2.7167,2.4794,2.2421,2.0048,1.7675
1.4988,1.4988,1.4988,1.4988,1.4988,1.4988,1.4988,1.4988,1.4988,1.4988,1.4988,1.4988,0.6643,3.6399,3.6399,3.6399,3.6399,3.6399,3.6399,3.6399,3.6399,3.6399,3.6399,3.6399,3.6399,3.6399
1.4972,1.4972,1.4972,1.4972,1.4972,1.4972,1.4972,1.4972,1.4972,1.4972,1.4972,1.4972,1.4972,0.5336,2.1091,3.6361,3.6361,3.6361,3.6361,3.6361,3.6361,3.6361,3.6361,3.6361,3.6361,3.6361
1.4957,1.4957,1.4957,1.4957,1.4957,1.4957,1.4957,1.4957,1.4957,1.4957,1.4957,1.4957,1.4957,3.6323,3.6323,3.6323,3.5976,3.383,3.1644,2.9459,2.7269,2.5079,2.2889,2.0698,1.8507,1.6317
1.4941,1.4941,1.4941,1.4941,1.4941,1.4941,1.4941,1.4941,1.4941,1.4941,1.4941,1.4941,1.4941,3.6286,3.6286,3.6286,3.6286,3.6286,3.6286,3.6286,3.6286,3.6286,3.6286,3.6286,3.6286,3.6286
1.4926,1.4926,1.4926,1.4926,1.4926,1.4926,1.4926,1.4926,1.4926,1.4926,1.4926,1.4926,1.4926,0.5376,2.1251,3.6248,3.6248,3.6248,3.6248,3.6248,3.6248,3.6248,3.6248,3.6248,3.6248,3.6191
1.491,1.491,1.491,1.491,1.491,1.491,1.491,1.491,1.491,1.491,1.491,1.491,0.6955,3.621,3.621,3.621,3.621,3.621,3.621,3.621,3.621,3.621,3.621,3.621,3.621,3.621
1.4895,1.4895,1.4895,1.4895,1.4895,1.4895,1.4895,1.4895,1.4895,1.4895,1.4895,1.4895,1.4895,0.9741,3.6172,3.6172,3.6172,3.6172,3.6172,3.6172,3.6172,3.6172,3.6172,3.6172,3.6172,3.6172
1.4879,1.4879,1.4879,1.4879,1.4879,1.4879,1.4879,1.4879,1.4879,1.4879,1.4879,1.4879,1.4879,2.377,3.6135,3.6135,3.5837,3.3699,3.1522,2.9345,2.7163,2.4982,2.28,2.0618,1.8436,1.6253
1.4864,1.4864,1.4864,1.4864,1.4864,1.4864,1.4864,1.4864,1.4864,1.4864,1.4864,1.4864,0.8356,3.6097,3.6097,3.6097,3.6097,3.6097,3.6097,3.6097,3.6097,3.6097,3.6097,3.6097,3.6097,3.6097
1.4848,1.4848,1.4848,1.4848,1.4848,1.4848,1.4848,1.4848,1.4848,1.4848,1.4848,1.4848,1.4848,0.5092,2.0127,3.5139,3.606,3.606,3.606,3.606,3.606,3.606,3.606,3.606,3.606,3.606
1.4833,1.4833,1.4833,1.4833,1.4833,1.4833,1.4833,1.4833,1.4833,1.4833,1.4833,1.4833,1.067,3.6023,3.6023,3.6023,3.6023,3.6023,3.6023,3.6023,3.5778,3.2905,3.0031,2.7157,2.4283,2.1408
1.4818,1.4818,1.4818,1.4818,1.4818,1.4818,1.4818,1.4818,1.4818,1.4818,1.4818,1.4818,1.4818,3.5986,3.5986,3.5986,3.5986,3.5986,3.5986,3.5986,3.5986,3.5986,3.5986,3.5986,3.5986,3.5986
1.4802,1.4802,1.4802,1.4802,1.4802,1.4802,1.4802,1.4802,1.4802,1.4802,1.4802,1.4802,1.4802,0.7392,2.9218,3.5948,3.5948,3.5948,3.5948,3.5948,3.5948,3.5736,3.2615,2.9493,2.6372,2.325
1.4787,1.4787,1.4787,1.4787,1.4787,1.4787,1.4787,1.4787,1.4787,1.4787,1.4787,1.4787,0.7115,3.5911,3.5911,3.5911,3.5911,3.5911,3.5911,3.5911,3.5911,3.5911,3.5911,3.5911,3.5911,3.5911
1.4772,1.4772,1.4772,1.4772,1.4772,1.4772,1.4772,1.4772,1.4772,1.4772,1.4772,1.4772,1.4772,0.6841,2.7042,3.5874,3.5874,3.5874,3.5874,3.5874,3.5874,3.5874,3.5874,3.5874,3.5874,3.5874
1.4757,1.4757,1.4757,1.4757,1.4757,1.4757,1.4757,1.4757,1.4757,1.4757,1.4757,1.4757,1.4757,3.5837,3.5837,3.5837,3.5837,3.565,3.3347,3.1044,2.8736,2.6428,2.412,2.1812,1.9503,1.7195
1.4741,1.4741,1.4741,1.4741,1.4741,1.4741,1.4741,1.4741,1.4741,1.4741,1.4741,1.4741,1.2893,3.5801,3.5801,3.5801,3.5801,3.5801,3.5801,3.5801,3.5801,3.5801,3.5801,3.5801,3.5801,3.5801
1.4726,1.4726,1.4726,1.4726,1.4726,1.4726,1.4726,1.4726,1.4726,1.4726,1.4726,1.4726,1.4726,0.5571,2.202,3.5764,3.5764,3.5764,3.5764,3.5764,3.5764,3.5764,3.5764,3.5764,3.5764,3.5764
1.4711,1.4711,1.4711,1.4711,1.4711,1.4711,1.4711,1.4711,1.4711,1.4711,1.4711,1.4711,0.8554,3.5727,3.5727,3.5727,3.5727,3.5727,3.5727,3.5727,3.5727,3.5727,3.5727,3.5727,3.5727,3.5599
1.4696,1.4696,1.4696,1.4696,1.4696,1.4696,1.4696,1.4696,1.4696,1.4696,1.4696,1.4696,1.4696,1.7896,3.569,3.569,3.569,3.569,3.569,3.569,3.569,3.569,3.569,3.569,3.569,3.569
1.4681,1.4681,1.4681,1.4681,1.4681,1.4681,1.4681,1.4681,1.4681,1.4681,1.4681,1.4681,1.4681,1.3501,3.5654,3.5654,3.5654,3.5654,3.5654,3.5466,3.283,3.0193,2.7556,2.4919,2.2281,1.9644
1.4666,1.4666,1.4666,1.4666,1.4666,1.4666,1.4666,1.4666,1.4666,1.4666,1.4666,1.4666,0.8342,3.5617,3.5617,3.5617,3.5617,3.5617,3.5617,3.5617,3.5617,3.5617,3.5617,3.5617,3.5617,3.5617
1.4651,1.4651,1.4651,1.4651,1.4651,1.4651,1.4651,1.4651,1.4651,1.4651,1.4651,1.4651,1.4651,0.6057,2.3942,3.5581,3.5581,3.5581,3.5581,3.5581,3.5581,3.5581,3.5581,3.5581,3.5581,3.5581
1.4636,1.4636,1.4636,1.4636,1.4636,1.4636,1.4636,1.4636,1.4636,1.4636,1.4636,1.4636,1.4636,3.5545,3.5545,3.5545,3.5545,3.5545,3.5545,3.5545,3.4954,3.2147,2.9339,2.6531,2.3723,2.0915
1.4621,1.4621,1.4621,1.4621,1.4621,1.4621,1.4621,1.4621,1.4621,1.4621,1.4621,1.4621,1.4621,3.5508,3.5508,3.5508,3.5508,3.5508,3.5508,3.5508,3.5508,3.5508,3.5508,3.5508,3.5508,3.5508
1.4606,1.4606,1.4606,1.4606,1.4606,1.4606,1.4606,1.4606,1.4606,1.4606,1.4606,1.4606,1.4606,0.7046,2.7852,3.5472,3.5472,3.5472,3.5472,3.5472,3.5472,3.5472,3.5472,3.5472,3.5472,3.46
1.4591,1.4591,1.4591,1.4591,1.4591,1.4591,1.4591,1.4591,1.4591,1.4591,1.4591,1.4591,0.8227,3.5436,3.5436,3.5436,3.5436,3.5436,3.5436,3.5436,3.5436,3.5436,3.5436,3.5436,3.5436,3.5436
1.4577,1.4577,1.4577,1.4577,1.4577,1.4577,1.4577,1.4577,1.4577,1.4577,1.4577,1.4577,1.4577,0.9802,3.54,3.54,3.54,3.54,3.54,3.54,3.54,3.54,3.54,3.54,3.54,3.54
1.4562,1.4562,1.4562,1.4562,1.4562,1.4562,1.4562,1.4562,1.4562,1.4562,1.4562,1.4562,1.4562,3.5364,3.5364,3.5364,3.5364,3.5364,3.5364,3.5364,3.2798,3.0164,2.753,2.4895,2.226,1.9625
1.4547,1.4547,1.4547,1.4547,1.4547,1.4547,1.4547,1.4547,1.4547,1.4547,1.4547,1.4547,1.1531,3.5328,3.5328,3.5328,3.5328,3.5328,3.5328,3.5328,3.5328,3.5328,3.5328,3.5328,3.5328,3.5328
1.4532,1.4532,1.4532,1.4532,1.4532,1.4532,1.4532,1.4532,1.4532,1.4532,1.4532,1.4532,1.4532,0.6279,2.4819,3.5292,3.5292,3.5292,3.5292,3.5292,3.5292,3.5292,3.5292,3.5292,3.5292,3.5292
1.4517,1.4517,1.4517,1.4517,1.4517,1.4517,1.4517,1.4517,1.4517,1.4517,1.4517,1.4517,1.161,3.5257,3.5257,3.5257,3.5257,3.5257,3.5257,3.5257,3.5257,3.5257,3.5257,3.5257,3.4555,3.0465
1.4503,1.4503,1.4503,1.4503,1.4503,1.4503,1.4503,1.4503,1.4503,1.4503,1.4503,1.4503,1.4503,3.5221,3.5221,3.5221,3.5221,3.5221,3.5221,3.5221,3.5221,3.5221,3.5221,3.5221,3.5221,3.5221
1.4488,1.4488,1.4488,1.4488,1.4488,1.4488,1.4488,1.4488,1.4488,1.4488,1.4488,1.4488,1.4488,1.0901,3.5185,3.5185,3.5185,3.5185,3.5185,3.5185,3.5185,3.5185,3.5185,3.3158,2.9649,2.6139
1.4473,1.4473,1.4473,1.4473,1.4473,1.4473,1.4473,1.4473,1.4473,1.4473,1.4473,1.4473,0.9173,3.515,3.515,3.515,3.515,3.515,3.515,3.515,3.515,3.515,3.515,3.515,3.515,3.515
1.4459,1.4459,1.4459,1.4459,1.4459,1.4459,1.4459,1.4459,1.4459,1.4459,1.4459,1.4459,1.4459,0.793,3.1346,3.5114,3.5114,3.5114,3.5114,3.5114,3.5114,3.5114,3.5114,3.5114,3.5114,3.5114
1.4444,1.4444,1.4444,1.4444,1.4444,1.4444,1.4444,1.4444,1.4444,1.4444,1.4444,1.4444,1.4444,3.5079,3.5079,3.5079,3.5079,3.5079,3.5079,3.5079,3.5079,3.4906,3.1857,2.8808,2.5759,2.271
1.443,1.443,1.443,1.443,1.443,1.443,1.443,1.443,1.443,1.443,1.443,1.443,1.443,3.5044,3.5044,3.5044,3.5044,3.5044,3.5044,3.5044,3.5044,3.5044,3.5044,3.5044,3.5044,3.5044
1.4415,1.4415,1.4415,1.4415,1.4415,1.4415,1.4415,1.4415,1.4415,1.4415,1.4415,1.4415,1.4415,0.7551,2.9846,3.5009,3.5009,3.5009,3.5009,3.5009,3.5009,3.5009,3.5009,3.5009,3.5009,3.5009
1.4401,1.4401,1.4401,1.4401,1.4401,1.4401,1.4401,1.4401,1.4401,1.4401,1.4401,1.4401,1.0515,3.4973,3.4973,3.4973,3.4973,3.4973,3.4973,3.4973,3.4973,3.4973,3.4973,3.4973,3.4973,3.4973
1.4386,1.4386,1.4386,1.4386,1.4386,1.4386,1.4386,1.4386,1.4386,1.4386,1.4386,1.4386,1.4386,1.6875,3.4938,3.4938,3.4938,3.4938,3.4938,3.4938,3.4938,3.4938,3.4938,3.4938,3.4938,3.4938
1.4372,1.4372,1.4372,1.4372,1.4372,1.4372,1.4372,1.4372,1.4372,1.4372,1.4372,1.4372,1.4372,2.5758,3.4903,3.4903,3.4903,3.4903,3.4903,3.4903,3.4903,3.4903,3.4894,3.1555,2.8215,2.4875
1.4358,1.4358,1.4358,1.4358,1.4358,1.4358,1.4358,1.4358,1.4358,1.4358,1.4358,1.4358,1.1993,3.4868,3.4868,3.4868,3.4868,3.4868,3.4868,3.4868,3.4868,3.4868,3.4868,3.4868,3.4868,3.4868
1.4343,1.4343,1.4343,1.4343,1.4343,1.4343,1.4343,1.4343,1.4343,1.4343,1.4343,1.4343,1.4343,0.791,3.1265,3.4833,3.4833,3.4833,3.4833,3.4833,3.4833,3.4833,3.4833,3.4833,3.4833,3.4833
1.4329,1.4329,1.4329,1.4329,1.4329,1.4329,1.4329,1.4329,1.4329,1.4329,1.4329,1.4329,1.4329,3.4799,3.4799,3.4799,3.4799,3.4799,3.4799,3.4799,3.4799,3.4799,3.4799,3.4799,3.4799,3.1121
1.4315,1.4315,1.4315,1.4315,1.4315,1.4315,1.4315,1.4315,1.4315,1.4315,1.4315,1.4315,1.4315,3.4764,3.4764,3.4764,3.4764,3.4764,3.4764,3.4764,3.4764,3.4764,3.4764,3.4764,3.4764,3.4764
1.43,1.43,1.43,1.43,1.43,1.43,1.43,1.43,1.43,1.43,1.43,1.43,1.43,1.0899,3.4729,3.4729,3.4729,3.4729,3.4729,3.4729,3.4729,3.4729,3.4729,3.4729,3.4729,3.4729
1.4286,1.4286,1.4286,1.4286,1.4286,1.4286,1.4286,1.4286,1.4286,1.4286,1.4286,1.4286,1.1493,3.4695,3.4695,3.4695,3.4695,3.4695,3.4695,3.4695,3.4695,3.4695,3.4695,3.4695,3.4695,3.4695
1.4272,1.4272,1.4272,1.4272,1.4272,1.4272,1.4272,1.4272,1.4272,1.4272,1.4272,1.4272,1.4272,1.2102,3.466,3.466,3.466,3.466,3.466,3.466,3.466,3.466,3.466,3.466,3.466,3.466
1.4258,1.4258,1.4258,1.4258,1.4258,1.4258,1.4258,1.4258,1.4258,1.4258,1.4258,1.4258,1.4258,3.4626,3.4626,3.4626,3.4626,3.4626,3.4626,3.4626,3.4626,3.4626,3.4626,3.4626,3.2314,2.8489
1.4243,1.4243,1.4243,1.4243,1.4243,1.4243,1.4243,1.4243,1.4243,1.4243,1.4243,1.4243,1.4243,3.4591,3.4591,3.4591,3.4591,3.4591,3.4591,3.4591,3.4591,3.4591,3.4591,3.4591,3.4591,3.4591
1.4229,1.4229,1.4229,1.4229,1.4229,1.4229,1.4229,1.4229,1.4229,1.4229,1.4229,1.4229,1.4229,0.9515,3.4557,3.4557,3.4557,3.4557,3.4557,3.4557,3.4557,3.4557,3.4557,3.4557,3.4557,3.4557
1.4215,1.4215,1.4215,1.4215,1.4215,1.4215,1.4215,1.4215,1.4215,1.4215,1.4215,1.4215,1.4215,3.4523,3.4523,3.4523,3.4523,3.4523,3.4523,3.4523,3.4523,3.4523,3.4523,3.4523,3.4523,3.4523
1.4201,1.4201,1.4201,1.4201,1.4201,1.4201,1.4201,1.4201,1.4201,1.4201,1.4201,1.4201,1.4201,3.4488,3.4488,3.4488,3.4488,3.4488,3.4488,3.4488,3.4488,3.4488,3.4488,3.4488,3.4488,3.4488
1.4187,1.4187,1.4187,1.4187,1.4187,1.4187,1.4187,1.4187,1.4187,1.4187,1.4187,1.4187,1.4187,2.1317,3.4454,3.4454,3.4454,3.4454,3.4454,3.4454,3.4454,3.4454,3.4454,3.4454,3.4454,3.4454
1.4173,1.4173,1.4173,1.4173,1.4173,1.4173,1.4173,1.4173,1.4173,1.4173,1.4173,1.4173,1.4173,3.442,3.442,3.442,3.442,3.442,3.442,3.442,3.442,3.442,3.442,3.442,3.442,3.442
1.4159,1.4159,1.4159,1.4159,1.4159,1.4159,1.4159,1.4159,1.4159,1.4159,1.4159,1.4159,1.4159,1.235,3.4386,3.4386,3.4386,3.4386,3.4386,3.4386,3.4386,3.4386,3.4386,3.4386,3.4386,3.4386
1.4145,1.4145,1.4145,1.4145,1.4145,1.4145,1.4145,1.4145,1.4145,1.4145,1.4145,1.4145,1.4145,3.4352,3.4352,3.4352,3.4352,3.4352,3.4352,3.4352,3.4352,3.4352,3.4352,3.4352,3.4352,3.4352
1.4131,1.4131,1.4131,1.4131,1.4131,1.4131,1.4131,1.4131,1.4131,1.4131,1.4131,1.4131,1.4131,3.4318,3.4318,3.4318,3.4318,3.4318,3.4318,3.4318,3.4318,3.4318,3.4318,3.4318,3.4318,3.4318
1.4117,1.4117,1.4117,1.4117,1.4117,1.4117,1.4117,1.4117,1.4117,1.4117,1.4117,1.4117,1.4117,1.4875,3.4285,3.4285,3.4285,3.4285,3.4285,3.4285,3.4285,3.4285,3.4285,3.4285,3.4285,3.4285
1.4103,1.4103,1.4103,1.4103,1.4103,1.4103,1.4103,1.4103,1.4103,1.4103,1.4103,1.4103,1.4103,3.4251,3.4251,3.4251,3.4251,3.4251,3.4251,3.4251,3.4251,3.4251,3.4251,3.4251,3.4251,3.4251
1.4089,1.4089,1.4089,1.4089,1.4089,1.4089,1.4089,1.4089,1.4089,1.4089,1.4089,1.4089,1.4089,2.7225,3.4217,3.4217,3.4217,3.4217,3.4217,3.4217,3.4217,3.4217,3.4217,3.4217,3.4217,3.4217
1.4076,1.4076,1.4076,1.4076,1.4076,1.4076,1.4076,1.4076,1.4076,1.4076,1.4076,1.4076,1.4076,3.4184,3.4184,3.4184,3.4184,3.4184,3.4184,3.4184,3.4184,3.4184,3.4184,3.4184,3.4184,3.4184
1.4062,1.4062,1.4062,1.4062,1.4062,1.4062,1.4062,1.4062,1.4062,1.4062,1.4062,1.4062,1.4062,3.415,3.415,3.415,3.415,3.415,3.415,3.415,3.415,3.415,3.415,3.415,3.415,3.415
1.4048,1.4048,1.4048,1.4048,1.4048,1.4048,1.4048,1.4048,1.4048,1.4048,1.4048,1.4048,1.4048,2.0433,3.4117,3.4117,3.4117,3.4117,3.4117,3.4117,3.4117,3.4117,3.4117,3.4117,3.4117,3.4117
1.4034,1.4034,1.4034,1.4034,1.4034,1.4034,1.4034,1.4034,1.4034,1.4034,1.4034,1.4034,1.4034,3.4083,3.4083,3.4083,3.4083,3.4083,3.4083,3.4083,3.4083,3.4083,3.4083,3.4083,3.4083,3.4083
1.4021,1.4021,1.4021,1.4021,1.4021,1.4021,1.4021,1.4021,1.4021,1.4021,1.4021,1.4021,1.4021,3.405,3.405,3.405,3.405,3.405,3.405,3.405,3.405,3.405,3.405,3.405,3.405,3.405
1.4007,1.4007,1.4007,1.4007,1.4007,1.4007,1.4007,1.4007,1.4007,1.4007,1.4007,1.4007,1.4007,3.4017,3.4017,3.4017,3.4017,3.4017,3.4017,3.4017,3.4017,3.4017,3.4017,3.4017,3.4017,3.4017
