1.6008,1.6008,1.6008,1.6008,1.6008,1.6008,1.6008,1.6008,1.6008,1.6008,1.6008,1.6008,1.6008,1.6008,1.6008,1.6008,1.6008,1.6008,1.6008,1.6008,1.6008,1.6008,1.6008,1.6008,1.6008
1.6023,1.6023,1.6023,1.6023,1.6023,1.6023,1.6023,1.6023,1.6023,1.6023,1.6023,1.6023,1.6023,1.6023,1.6023,1.6023,1.6023,1.6023,1.6023,1.6023,1.6023,1.6023,1.6023,1.6023,1.6023
1.6039,1.6039,1.6039,1.6039,1.6039,1.6039,1.6039,1.6039,1.6039,1.6039,1.6039,1.6039,1.6039,1.6039,1.6039,1.6039,1.6039,1.6039,1.6039,1.6039,1.6039,1.6039,1.6039,1.6039,1.6039
1.6055,1.6055,1.6055,1.6055,1.6055,1.6055,1.6055,1.6055,1.6055,1.6055,1.6055,1.6055,1.6055,1.6055,1.6055,1.6055,1.6055,1.6055,1.6055,1.6055,1.6055,1.6055,1.6055,1.6055,1.6055
1.6071,1.6071,1.6071,1.6071,1.6071,1.6071,1.6071,1.6071,1.6071,1.6071,1.6071,1.6071,1.6071,1.6071,1.6071,1.6071,1.6071,1.6071,1.6071,1.6071,1.6071,1.6071,1.6071,1.6071,1.6071
1.6086,1.6086,1.6086,1.6086,1.6086,1.6086,1.6086,1.6086,1.6086,1.6086,1.6086,1.6086,1.6086,1.6086,1.6086,1.6086,1.6086,1.6086,1.6086,1.6086,1.6086,1.6086,1.6086,1.6086,1.6086
1.6102,1.6102,1.6102,1.6102,1.6102,1.6102,1.6102,1.6102,1.6102,1.6102,1.6102,1.6102,1.6102,1.6102,1.6102,1.6102,1.6102,1.6102,1.6102,1.6102,1.6102,1.6102,1.6102,1.6102,1.6102
1.6118,1.6118,1.6118,1.6118,1.6118,1.6118,1.6118,1.6118,1.6118,1.6118,1.6118,1.6118,1.6118,1.6118,1.6118,1.6118,1.6118,1.6118,1.6118,1.6118,1.6118,1.6118,1.6118,1.6118,1.6118
1.6134,1.6134,1.6134,1.6134,1.6134,1.6134,1.6134,1.6134,1.6134,1.6134,1.6134,1.6134,1.6134,1.6134,1.6134,1.6134,1.6134,1.6134,1.6134,1.6134,1.6134,1.6134,1.6134,1.6134,1.6134
1.615,1.615,1.615,1.615,1.615,1.615,1.615,1.615,1.615,1.615,1.615,1.615,1.615,1.615,1.615,1.615,1.615,1.615,1.615,1.615,1.615,1.615,1.615,1.615,1.615
1.6166,1.6166,1.6166,1.6166,1.6166,1.6166,1.6166,1.6166,1.6166,1.6166,1.6166,1.6166,1.6166,1.6166,1.6166,1.6166,1.6166,1.6166,1.6166,1.6166,1.6166,1.6166,1.6166,1.6166,1.6166
1.6182,1.6182,1.6182,1.6182,1.6182,1.6182,1.6182,1.6182,1.6182,1.6182,1.6182,1.6182,1.6182,1.6182,1.6182,1.6182,1.6182,1.6182,1.6182,1.6182,1.6182,1.6182,1.6182,1.6182,1.6182
1.6198,1.6198,1.6198,1.6198,1.6198,1.6198,1.6198,1.6198,1.6198,1.6198,1.6198,1.6198,1.6198,1.6198,1.6198,1.6198,1.6198,1.6198,1.6198,1.6198,1.6198,1.6198,1.6198,1.6198,1.6198
1.6214,1.6214,1.6214,1.6214,1.6214,1.6214,1.6214,1.6214,1.6214,1.6214,1.6214,1.6214,1.6214,1.6214,1.6214,1.6214,1.6214,1.6214,1.6214,1.6214,1.6214,1.6214,1.6214,1.6214,1.6214
1.623,1.623,1.623,1.623,1.623,1.623,1.623,1.623,1.623,1.623,1.623,1.623,1.623,1.623,1.623,1.623,1.623,1.623,1.623,1.623,1.623,1.623,1.623,1.623,1.623
1.6246,1.6246,1.6246,1.6246,1.6246,1.6246,1.6246,1.6246,1.6246,1.6246,1.6246,1.6246,1.6246,1.6246,1.6246,1.6246,1.6246,1.6246,1.6246,1.6246,1.6246,1.6246,1.6246,1.6246,1.6246
1.6262,1.6262,1.6262,1.6262,1.6262,1.6262,1.6262,1.6262,1.6262,1.6262,1.6262,1.6262,1.6262,1.6262,1.6262,1.6262,1.6262,1.6262,1.6262,1.6262,1.6262,1.6262,1.6262,1.6262,1.6262
1.6278,1.6278,1.6278,1.6278,1.6278,1.6278,1.6278,1.6278,1.6278,1.6278,1.6278,1.6278,1.6278,1.6278,1.6278,1.6278,1.6278,1.6278,1.6278,1.6278,1.6278,1.6278,1.6278,1.6278,1.6278
1.6294,1.6294,1.6294,1.6294,1.6294,1.6294,1.6294,1.6294,1.6294,1.6294,1.6294,1.6294,1.6294,1.6294,1.6294,1.6294,1.6294,1.6294,1.6294,1.6294,1.6294,1.6294,1.6294,1.6294,1.6294
1.6311,1.6311,1.6311,1.6311,1.6311,1.6311,1.6311,1.6311,1.6311,1.6311,1.6311,1.6311,1.6311,1.6311,1.6311,1.6311,1.6311,1.6311,1.6311,1.6311,1.6311,1.6311,1.6311,1.6311,1.6311
1.6327,1.6327,1.6327,1.6327,1.6327,1.6327,1.6327,1.6327,1.6327,1.6327,1.6327,1.6327,1.6327,1.6327,1.6327,1.6327,1.6327,1.6327,1.6327,1.6327,1.6327,1.6327,1.6327,1.6327,1.6327
1.6343,1.6343,1.6343,1.6343,1.6343,1.6343,1.6343,1.6343,1.6343,1.6343,1.6343,1.6343,1.6343,1.6343,1.6343,1.6343,1.6343,1.6343,1.6343,1.6343,1.6343,1.6343,1.6343,1.6343,1.6343
1.6359,1.6359,1.6359,1.6359,1.6359,1.6359,1.6359,1.6359,1.6359,1.6359,1.6359,1.6359,1.6359,1.6359,1.6359,1.6359,1.6359,1.6359,1.6359,1.6359,1.6359,1.6359,1.6359,1.6359,1.6359
1.6376,1.6376,1.6376,1.6376,1.6376,1.6376,1.6376,1.6376,1.6376,1.6376,1.6376,1.6376,1.6376,1.6376,1.6376,1.6376,1.6376,1.6376,1.6376,1.6376,1.6376,1.6376,1.6376,1.6376,1.6376
1.6392,1.6392,1.6392,1.6392,1.6392,1.6392,1.6392,1.6392,1.6392,1.6392,1.6392,1.6392,1.6392,1.6392,1.6392,1.6392,1.6392,1.6392,1.6392,1.6392,1.6392,1.6392,1.6392,1.6392,1.6392
1.6409,1.6409,1.6409,1.6409,1.6409,1.6409,1.6409,1.6409,1.6409,1.6409,1.6409,1.6409,1.6409,1.6409,1.6409,1.6409,1.6409,1.6409,1.6409,1.6409,1.6409,1.6409,1.6409,1.6409,1.6409
1.6425,1.6425,1.6425,1.6425,1.6425,1.6425,1.6425,1.6425,1.6425,1.6425,1.6425,1.6425,1.6425,1.6425,1.6425,1.6425,1.6425,1.6425,1.6425,1.6425,1.6425,1.6425,1.6425,1.6425,1.6425
1.6442,1.6442,1.6442,1.6442,1.6442,1.6442,1.6442,1.6442,1.6442,1.6442,1.6442,1.6442,1.6442,1.6442,1.6442,1.6442,1.6442,1.6442,1.6442,1.6442,1.6442,1.6442,1.6442,1.6442,1.6442
1.6458,1.6458,1.6458,1.6458,1.6458,1.6458,1.6458,1.6458,1.6458,1.6458,1.6458,1.6458,1.6458,1.6458,1.6458,1.6458,1.6458,1.6458,1.6458,1.6458,1.6458,1.6458,1.6458,1.6458,1.6458
1.6475,1.6475,1.6475,1.6475,1.6475,1.6475,1.6475,1.6475,1.6475,1.6475,1.6475,1.6475,1.3603,1.6475,1.6475,1.6475,1.6475,1.6475,1.6475,1.6475,1.6475,1.6475,1.6475,1.6475,1.6475
1.6491,1.6491,1.6491,1.6491,1.6491,1.6491,1.6491,1.6491,1.6491,1.6491,1.6491,1.6491,1.6491,1.6491,1.6491,1.6491,1.6491,1.6491,1.6491,1.6491,1.6491,1.6491,1.6491,1.6491,1.6491
1.6508,1.6508,1.6508,1.6508,1.6508,1.6508,1.6508,1.6508,1.6508,1.6508,1.6508,1.6508,1.6508,1.6508,1.6508,1.6508,1.6508,1.6508,1.6508,1.6508,1.6508,1.6508,1.6508,1.6508,1.6508
1.6524,1.6524,1.6524,1.6524,1.6524,1.6524,1.6524,1.6524,1.6524,1.6524,1.6524,1.6524,1.6524,1.6524,1.6524,1.6524,1.6524,1.6524,1.6524,1.6524,1.6524,1.6524,1.6524,1.6524,1.6524
1.6541,1.6541,1.6541,1.6541,1.6541,1.6541,1.6541,1.6541,1.6541,1.6541,1.6541,1.6541,1.6541,1.6541,1.6541,1.6541,1.6541,1.6541,1.6541,1.6541,1.6541,1.6541,1.6541,1.6541,1.6541
1.6558,1.6558,1.6558,1.6558,1.6558,1.6558,1.6558,1.6558,1.6558,1.6558,1.6558,1.6558,1.6558,1.6558,1.6558,1.6558,1.6558,1.6558,1.6558,1.6558,1.6558,1.6558,1.6558,1.6558,1.6558
1.6575,1.6575,1.6575,1.6575,1.6575,1.6575,1.6575,1.6575,1.6575,1.6575,1.6575,1.6575,1.6575,1.6575,1.6575,1.6575,1.6575,1.6575,1.6575,1.6575,1.6575,1.6575,1.6575,1.6575,1.6575
1.6591,1.6591,1.6591,1.6591,1.6591,1.6591,1.6591,1.6591,1.6591,1.6591,1.6591,1.6591,1.6591,1.6591,1.6591,1.6591,1.6591,1.6591,1.6591,1.6591,1.6591,1.6591,1.6591,1.6591,1.6591
1.6608,1.6608,1.6608,1.6608,1.6608,1.6608,1.6608,1.6608,1.6608,1.6608,1.6608,1.6608,1.6608,1.6608,1.6608,1.6608,1.6608,1.6608,1.6608,1.6608,1.6608,1.6608,1.6608,1.6608,1.6608
1.6625,1.6625,1.6625,1.6625,1.6625,1.6625,1.6625,1.6625,1.6625,1.6625,1.6625,1.6625,1.6625,1.6625,1.6625,1.6625,1.6625,1.6625,1.6625,1.6625,1.6625,1.6625,1.6625,1.6625,1.6625
1.6642,1.6642,1.6642,1.6642,1.6642,1.6642,1.6642,1.6642,1.6642,1.6642,1.6642,1.6642,1.6642,1.4586,1.6642,1.6642,1.6642,1.6642,1.6642,1.6642,1.6642,1.6642,1.6642,1.6642,1.6642
1.6659,1.6659,1.6659,1.6659,1.6659,1.6659,1.6659,1.6659,1.6659,1.6659,1.6659,1.6659,1.6659,1.6659,1.6659,1.6659,1.6659,1.6659,1.6659,1.6659,1.6659,1.6659,1.6659,1.6659,1.6659
1.6676,1.6676,1.6676,1.6676,1.6676,1.6676,1.6676,1.6676,1.6676,1.6676,1.6676,1.6676,1.6676,1.6676,1.6676,1.6676,1.6676,1.6676,1.6676,1.6676,1.6676,1.6676,1.6676,1.6676,1.6676
1.6693,1.6693,1.6693,1.6693,1.6693,1.6693,1.6693,1.6693,1.6693,1.6693,1.6693,1.6693,1.6693,1.6693,1.6693,1.6693,1.6693,1.6693,1.6693,1.6693,1.6693,1.6693,1.6693,1.6693,1.6693
1.671,1.671,1.671,1.671,1.671,1.671,1.671,1.671,1.671,1.671,1.671,1.671,1.671,1.671,1.671,1.671,1.671,1.671,1.671,1.671,1.671,1.671,1.671,1.671,1.671
1.6727,1.6727,1.6727,1.6727,1.6727,1.6727,1.6727,1.6727,1.6727,1.6727,1.6727,1.6727,1.6727,1.6727,1.6727,1.6727,1.6727,1.6727,1.6727,1.6727,1.6727,1.6727,1.6727,1.6727,1.6727
1.6744,1.6744,1.6744,1.6744,1.6744,1.6744,1.6744,1.6744,1.6744,1.6744,1.6744,1.6744,1.6744,1.6744,1.6744,1.6744,1.6744,1.6744,1.6744,1.6744,1.6744,1.6744,1.6744,1.6744,1.6744
1.6761,1.6761,1.6761,1.6761,1.6761,1.6761,1.6761,1.6761,1.6761,1.6761,1.6761,1.6761,1.6761,1.6761,1.6761,1.6761,1.6761,1.6761,1.6761,1.6761,1.6761,1.6761,1.6761,1.6761,1.6761
1.6778,1.6778,1.6778,1.6778,1.6778,1.6778,1.6778,1.6778,1.6778,1.6778,1.6778,1.6778,1.6778,1.6778,1.6778,1.6778,1.6778,1.6778,1.6778,1.6778,1.6778,1.6778,1.6778,1.6778,1.6778
1.6795,1.6795,1.6795,1.6795,1.6795,1.6795,1.6795,1.6795,1.6795,1.6795,1.6795,1.6795,1.6795,1.6795,1.6795,1.6795,1.6795,1.6795,1.6795,1.6795,1.6795,1.6795,1.6795,1.6795,1.6795
1.6813,1.6813,1.6813,1.6813,1.6813,1.6813,1.6813,1.6813,1.6813,1.6813,1.6813,1.6813,1.6813,1.6813,1.6813,1.6813,1.6813,1.6813,1.6813,1.6813,1.6813,1.6813,1.6813,1.6813,1.6813
1.683,1.683,1.683,1.683,1.683,1.683,1.683,1.683,1.683,1.683,1.683,1.683,0.9129,1.683,1.683,1.683,1.683,1.683,1.683,1.683,1.683,1.683,1.683,1.683,1.683
1.6847,1.6847,1.6847,1.6847,1.6847,1.6847,1.6847,1.6847,1.6847,1.6847,1.6847,1.6847,1.6847,1.6847,1.6847,1.6847,1.6847,1.6847,1.6847,1.6847,1.6847,1.6847,1.6847,1.6847,1.6847
1.6865,1.6865,1.6865,1.6865,1.6865,1.6865,1.6865,1.6865,1.6865,1.6865,1.6865,1.6865,1.6865,1.6865,1.6865,1.6865,1.6865,1.6865,1.6865,1.6865,1.6865,1.6865,1.6865,1.6865,1.6865
1.6882,1.6882,1.6882,1.6882,1.6882,1.6882,1.6882,1.6882,1.6882,1.6882,1.6882,1.6882,1.6882,1.6882,1.6882,1.6882,1.6882,1.6882,1.6882,1.6882,1.6882,1.6882,1.6882,1.6882,1.6882
1.6899,1.6899,1.6899,1.6899,1.6899,1.6899,1.6899,1.6899,1.6899,1.6899,1.6899,1.6899,1.6899,1.6899,1.6899,1.6899,1.6899,1.6899,1.6899,1.6899,1.6899,1.6899,1.6899,1.6899,1.6899
1.6917,1.6917,1.6917,1.6917,1.6917,1.6917,1.6917,1.6917,1.6917,1.6917,1.6917,1.6917,1.6917,1.6917,1.6917,1.6917,1.6917,1.6917,1.6917,1.6917,1.6917,1.6917,1.6917,1.6917,1.6917
1.6934,1.6934,1.6934,1.6934,1.6934,1.6934,1.6934,1.6934,1.6934,1.6934,1.6934,1.6934,1.6934,1.6934,1.6934,1.6934,1.6934,1.6934,1.6934,1.6934,1.6934,1.6934,1.6934,1.6934,1.6934
1.6952,1.6952,1.6952,1.6952,1.6952,1.6952,1.6952,1.6952,1.6952,1.6952,1.6952,1.6952,1.6952,1.6952,1.6952,1.6952,1.6952,1.6952,1.6952,1.6952,1.6952,1.6952,1.6952,1.6952,1.6952
1.6969,1.6969,1.6969,1.6969,1.6969,1.6969,1.6969,1.6969,1.6969,1.6969,1.6969,1.6969,1.6969,1.6969,1.6969,1.6969,1.6969,1.6969,1.6969,1.6969,1.6969,1.6969,1.6969,1.6969,1.6969
1.6987,1.6987,1.6987,1.6987,1.6987,1.6987,1.6987,1.6987,1.6987,1.6987,1.6987,1.6987,1.6987,1.6987,1.6987,1.6987,1.6987,1.6987,1.6987,1.6987,1.6987,1.6987,1.6987,1.6987,1.6987
1.7005,1.7005,1.7005,1.7005,1.7005,1.7005,1.7005,1.7005,1.7005,1.7005,1.7005,1.7005,1.7005,1.453,1.7005,1.7005,1.7005,1.7005,1.7005,1.7005,1.7005,1.7005,1.7005,1.7005,1.7005
1.7022,1.7022,1.7022,1.7022,1.7022,1.7022,1.7022,1.7022,1.7022,1.7022,1.7022,1.7022,1.7022,1.7022,1.7022,1.7022,1.7022,1.7022,1.7022,1.7022,1.7022,1.7022,1.7022,1.7022,1.7022
1.704,1.704,1.704,1.704,1.704,1.704,1.704,1.704,1.704,1.704,1.704,1.704,1.704,1.704,1.704,1.704,1.704,1.704,1.704,1.704,1.704,1.704,1.704,1.704,1.704
1.7058,1.7058,1.7058,1.7058,1.7058,1.7058,1.7058,1.7058,1.7058,1.7058,1.7058,1.7058,1.1139,1.7058,1.7058,1.7058,1.7058,1.7058,1.7058,1.7058,1.7058,1.7058,1.7058,1.7058,1.7058
1.7076,1.7076,1.7076,1.7076,1.7076,1.7076,1.7076,1.7076,1.7076,1.7076,1.7076,1.7076,1.7076,1.7076,1.7076,1.7076,1.7076,1.7076,1.7076,1.7076,1.7076,1.7076,1.7076,1.7076,1.7076
1.7093,1.7093,1.7093,1.7093,1.7093,1.7093,1.7093,1.7093,1.7093,1.7093,1.7093,1.7093,1.7093,1.7093,1.7093,1.7093,1.7093,1.7093,1.7093,1.7093,1.7093,1.7093,1.7093,1.7093,1.7093
1.7111,1.7111,1.7111,1.7111,1.7111,1.7111,1.7111,1.7111,1.7111,1.7111,1.7111,1.7111,1.7111,1.7111,1.7111,1.7111,1.7111,1.7111,1.7111,1.7111,1.7111,1.7111,1.7111,1.7111,1.7111
1.7129,1.7129,1.7129,1.7129,1.7129,1.7129,1.7129,1.7129,1.7129,1.7129,1.7129,1.7129,1.7129,1.7129,1.7129,1.7129,1.7129,1.7129,1.7129,1.7129,1.7129,1.7129,1.7129,1.7129,1.7129
1.7147,1.7147,1.7147,1.7147,1.7147,1.7147,1.7147,1.7147,1.7147,1.7147,1.7147,1.7147,1.7147,1.7147,1.7147,1.7147,1.7147,1.7147,1.7147,1.7147,1.7147,1.7147,1.7147,1.7147,1.7147
1.7165,1.7165,1.7165,1.7165,1.7165,1.7165,1.7165,1.7165,1.7165,1.7165,1.7165,1.7165,1.7165,1.7165,1.7165,1.7165,1.7165,1.7165,1.7165,1.7165,1.7165,1.7165,1.7165,1.7165,1.7165
1.7183,1.7183,1.7183,1.7183,1.7183,1.7183,1.7183,1.7183,1.7183,1.7183,1.7183,1.7183,1.7183,1.7183,1.7183,1.7183,1.7183,1.7183,1.7183,1.7183,1.7183,1.7183,1.7183,1.7183,1.7183
1.7201,1.7201,1.7201,1.7201,1.7201,1.7201,1.7201,1.7201,1.7201,1.7201,1.7201,1.7201,0.8605,1.7201,1.7201,1.7201,1.7201,1.7201,1.7201,1.7201,1.7201,1.7201,1.7201,1.7201,1.7201
1.7219,1.7219,1.7219,1.7219,1.7219,1.7219,1.7219,1.7219,1.7219,1.7219,1.7219,1.7219,1.7219,1.7219,1.7219,1.7219,1.7219,1.7219,1.7219,1.7219,1.7219,1.7219,1.7219,1.7219,1.7219
1.7237,1.7237,1.7237,1.7237,1.7237,1.7237,1.7237,1.7237,1.7237,1.7237,1.7237,1.7237,1.7237,1.1274,1.7237,1.7237,1.7237,1.7237,1.7237,1.7237,1.7237,1.7237,1.7237,1.7237,1.7237
1.7255,1.7255,1.7255,1.7255,1.7255,1.7255,1.7255,1.7255,1.7255,1.7255,1.7255,1.7255,1.7255,1.7255,1.7255,1.7255,1.7255,1.7255,1.7255,1.7255,1.7255,1.7255,1.7255,1.7255,1.7255
1.7274,1.7274,1.7274,1.7274,1.7274,1.7274,1.7274,1.7274,1.7274,1.7274,1.7274,1.7274,1.7274,1.7274,1.7274,1.7274,1.7274,1.7274,1.7274,1.7274,1.7274,1.7274,1.7274,1.7274,1.7274
1.7292,1.7292,1.7292,1.7292,1.7292,1.7292,1.7292,1.7292,1.7292,1.7292,1.7292,1.7292,1.7292,1.7292,1.7292,1.7292,1.7292,1.7292,1.7292,1.7292,1.7292,1.7292,1.7292,1.7292,1.7292
1.731,1.731,1.731,1.731,1.731,1.731,1.731,1.731,1.731,1.731,1.731,1.731,1.731,1.731,1.731,1.731,1.731,1.731,1.731,1.731,1.731,1.731,1.731,1.731,1.731
1.7328,1.7328,1.7328,1.7328,1.7328,1.7328,1.7328,1.7328,1.7328,1.7328,1.7328,1.7328,1.7328,1.7328,1.7328,1.7328,1.7328,1.7328,1.7328,1.7328,1.7328,1.7328,1.7328,1.7328,1.7328
1.7347,1.7347,1.7347,1.7347,1.7347,1.7347,1.7347,1.7347,1.7347,1.7347,1.7347,1.7347,1.7347,1.7347,1.7347,1.7347,1.7347,1.7347,1.7347,1.7347,1.7347,1.7347,1.7347,1.7347,1.7347
1.7365,1.7365,1.7365,1.7365,1.7365,1.7365,1.7365,1.7365,1.7365,1.7365,1.7365,1.7365,1.7365,1.7365,1.7365,1.7365,1.7365,1.7365,1.7365,1.7365,1.7365,1.7365,1.7365,1.7365,1.7365
1.7384,1.7384,1.7384,1.7384,1.7384,1.7384,1.7384,1.7384,1.7384,1.7384,1.7384,1.7384,1.7384,1.6654,1.7384,1.7384,1.7384,1.7384,1.7384,1.7384,1.7384,1.7384,1.7384,1.7384,1.7384
1.7402,1.7402,1.7402,1.7402,1.7402,1.7402,1.7402,1.7402,1.7402,1.7402,1.7402,1.7402,1.7402,1.7402,1.7402,1.7402,1.7402,1.7402,1.7402,1.7402,1.7402,1.7402,1.7402,1.7402,1.7402
1.7421,1.7421,1.7421,1.7421,1.7421,1.7421,1.7421,1.7421,1.7421,1.7421,1.7421,1.7421,1.7421,1.7421,1.7421,1.7421,1.7421,1.7421,1.7421,1.7421,1.7421,1.7421,1.7421,1.7421,1.7421
1.7439,1.7439,1.7439,1.7439,1.7439,1.7439,1.7439,1.7439,1.7439,1.7439,1.7439,1.7439,0.7436,1.7439,1.7439,1.7439,1.7439,1.7439,1.7439,1.7439,1.7439,1.7439,1.7439,1.7439,1.7439
1.7458,1.7458,1.7458,1.7458,1.7458,1.7458,1.7458,1.7458,1.7458,1.7458,1.7458,1.7458,1.7458,1.7458,1.7458,1.7458,1.7458,1.7458,1.7458,1.7458,1.7458,1.7458,1.7458,1.7458,1.7458
1.7476,1.7476,1.7476,1.7476,1.7476,1.7476,1.7476,1.7476,1.7476,1.7476,1.7476,1.7476,1.7476,1.7476,1.7476,1.7476,1.7476,1.7476,1.7476,1.7476,1.7476,1.7476,1.7476,1.7476,1.7476
1.7495,1.7495,1.7495,1.7495,1.7495,1.7495,1.7495,1.7495,1.7495,1.7495,1.7495,1.7495,1.7495,1.7495,1.7495,1.7495,1.7495,1.7495,1.7495,1.7495,1.7495,1.7495,1.7495,1.7495,1.7495
1.7514,1.7514,1.7514,1.7514,1.7514,1.7514,1.7514,1.7514,1.7514,1.7514,1.7514,1.7514,1.7514,1.7514,1.7514,1.7514,1.7514,1.7514,1.7514,1.7514,1.7514,1.7514,1.7514,1.7514,1.7514
1.7532,1.7532,1.7532,1.7532,1.7532,1.7532,1.7532,1.7532,1.7532,1.7532,1.7532,1.7532,1.7532,1.7532,1.7532,1.7532,1.7532,1.7532,1.7532,1.7532,1.7532,1.7532,1.7532,1.7532,1.7532
1.7551,1.7551,1.7551,1.7551,1.7551,1.7551,1.7551,1.7551,1.7551,1.7551,1.7551,1.7551,1.7551,1.7551,1.7551,1.7551,1.7551,1.7551,1.7551,1.7551,1.7551,1.7551,1.7551,1.7551,1.7551
1.757,1.757,1.757,1.757,1.757,1.757,1.757,1.757,1.757,1.757,1.757,1.757,1.757,1.757,1.757,1.757,1.757,1.757,1.757,1.757,1.757,1.757,1.757,1.757,1.757
1.7589,1.7589,1.7589,1.7589,1.7589,1.7589,1.7589,1.7589,1.7589,1.7589,1.7589,1.7589,1.7589,1.7589,1.7589,1.7589,1.7589,1.7589,1.7589,1.7589,1.7589,1.7589,1.7589,1.7589,1.7589
1.7608,1.7608,1.7608,1.7608,1.7608,1.7608,1.7608,1.7608,1.7608,1.7608,1.7608,1.7608,1.7608,1.7608,1.7608,1.7608,1.7608,1.7608,1.7608,1.7608,1.7608,1.7608,1.7608,1.7608,1.7608
1.7627,1.7627,1.7627,1.7627,1.7627,1.7627,1.7627,1.7627,1.7627,1.7627,1.7627,1.7627,1.7627,1.0266,1.7627,1.7627,1.7627,1.7627,1.7627,1.7627,1.7627,1.7627,1.7627,1.7627,1.7627
1.7646,1.7646,1.7646,1.7646,1.7646,1.7646,1.7646,1.7646,1.7646,1.7646,1.7646,1.7646,1.7646,1.7646,1.7646,1.7646,1.7646,1.7646,1.7646,1.7646,1.7646,1.7646,1.7646,1.7646,1.7646
1.7665,1.7665,1.7665,1.7665,1.7665,1.7665,1.7665,1.7665,1.7665,1.7665,1.7665,1.7665,1.7665,1.7665,1.7665,1.7665,1.7665,1.7665,1.7665,1.7665,1.7665,1.7665,1.7665,1.7665,1.7665
1.7684,1.7684,1.7684,1.7684,1.7684,1.7684,1.7684,1.7684,1.7684,1.7684,1.7684,1.7684,1.1306,1.7684,1.7684,1.7684,1.7684,1.7684,1.7684,1.7684,1.7684,1.7684,1.7684,1.7684,1.7684
1.7703,1.7703,1.7703,1.7703,1.7703,1.7703,1.7703,1.7703,1.7703,1.7703,1.7703,1.7703,1.7703,1.7703,1.7703,1.7703,1.7703,1.7703,1.7703,1.7703,1.7703,1.7703,1.7703,1.7703,1.7703
1.7722,1.7722,1.7722,1.7722,1.7722,1.7722,1.7722,1.7722,1.7722,1.7722,1.7722,1.7722,1.7722,1.7722,1.7722,1.7722,1.7722,1.7722,1.7722,1.7722,1.7722,1.7722,1.7722,1.7722,1.7722
1.7741,1.7741,1.7741,1.7741,1.7741,1.7741,1.7741,1.7741,1.7741,1.7741,1.7741,1.578,1.7741,1.7741,1.7741,1.7741,1.7741,1.7741,1.7741,1.7741,1.7741,1.7741,1.7741,1.7741,1.7741
1.776,1.776,1.776,1.776,1.776,1.776,1.776,1.776,1.776,1.776,1.776,1.776,1.776,1.776,1.776,1.776,1.776,1.776,1.776,1.776,1.776,1.776,1.776,1.776,1.776
1.778,1.778,1.778,1.778,1.778,1.778,1.778,1.778,1.778,1.778,1.778,1.778,1.778,1.778,1.778,1.778,1.778,1.778,1.778,1.778,1.778,1.778,1.778,1.778,1.778
1.7799,1.7799,1.7799,1.7799,1.7799,1.7799,1.7799,1.7799,1.7799,1.7799,1.7799,1.7799,1.7799,1.7799,1.7799,1.7799,1.7799,1.7799,1.7799,1.7799,1.7799,1.7799,1.7799,1.7799,1.7799
1.7818,1.7818,1.7818,1.7818,1.7818,1.7818,1.7818,1.7818,1.7818,1.7818,1.7818,1.7818,1.7818,1.7818,1.7818,1.7818,1.7818,1.7818,1.7818,1.7818,1.7818,1.7818,1.7818,1.7818,1.7818
1.7838,1.7838,1.7838,1.7838,1.7838,1.7838,1.7838,1.7838,1.7838,1.7838,1.7838,1.7838,0.6655,1.7838,1.7838,1.7838,1.7838,1.7838,1.7838,1.7838,1.7838,1.7838,1.7838,1.7838,1.7838
1.7857,1.7857,1.7857,1.7857,1.7857,1.7857,1.7857,1.7857,1.7857,1.7857,1.7857,1.7857,1.7857,1.7857,1.7857,1.7857,1.7857,1.7857,1.7857,1.7857,1.7857,1.7857,1.7857,1.7857,1.7857
1.7877,1.7877,1.7877,1.7877,1.7877,1.7877,1.7877,1.7877,1.7877,1.7877,1.7877,1.7877,1.7877,1.0194,1.7877,1.7877,1.7877,1.7877,1.7877,1.7877,1.7877,1.7877,1.7877,1.7877,1.7877
1.7896,1.7896,1.7896,1.7896,1.7896,1.7896,1.7896,1.7896,1.7896,1.7896,1.7896,1.7896,1.7896,1.7896,1.7896,1.7896,1.7896,1.7896,1.7896,1.7896,1.7896,1.7896,1.7896,1.7896,1.7896
1.7916,1.7916,1.7916,1.7916,1.7916,1.7916,1.7916,1.7916,1.7916,1.7916,1.7916,1.7916,1.7916,1.7916,1.7916,1.7916,1.7916,1.7916,1.7916,1.7916,1.7916,1.7916,1.7916,1.7916,1.7916
1.7935,1.7935,1.7935,1.7935,1.7935,1.7935,1.7935,1.7935,1.7935,1.7935,1.7935,1.7935,1.7935,1.7935,1.7935,1.7935,1.7935,1.7935,1.7935,1.7935,1.7935,1.7935,1.7935,1.7935,1.7935
1.7955,1.7955,1.7955,1.7955,1.7955,1.7955,1.7955,1.7955,1.7955,1.7955,1.7955,1.7955,1.7955,1.7955,1.7955,1.7955,1.7955,1.7955,1.7955,1.7955,1.7955,1.7955,1.7955,1.7955,1.7955
1.7975,1.7975,1.7975,1.7975,1.7975,1.7975,1.7975,1.7975,1.7975,1.7975,1.7975,1.7975,1.7975,1.7975,1.7975,1.7975,1.7975,1.7975,1.7975,1.7975,1.7975,1.7975,1.7975,1.7975,1.7975
1.7995,1.7995,1.7995,1.7995,1.7995,1.7995,1.7995,1.7995,1.7995,1.7995,1.7995,1.6521,1.7995,1.7995,1.7995,1.7995,1.7995,1.7995,1.7995,1.7995,1.7995,1.7995,1.7995,1.7995,1.7995
1.8014,1.8014,1.8014,1.8014,1.8014,1.8014,1.8014,1.8014,1.8014,1.8014,1.8014,1.8014,1.8014,1.8014,1.8014,1.8014,1.8014,1.8014,1.8014,1.8014,1.8014,1.8014,1.8014,1.8014,1.8014
1.8034,1.8034,1.8034,1.8034,1.8034,1.8034,1.8034,1.8034,1.8034,1.8034,1.8034,1.8034,1.8034,1.1738,1.8034,1.8034,1.8034,1.8034,1.8034,1.8034,1.8034,1.8034,1.8034,1.8034,1.8034
1.8054,1.8054,1.8054,1.8054,1.8054,1.8054,1.8054,1.8054,1.8054,1.8054,1.8054,1.8054,1.8054,1.8054,1.8054,1.8054,1.8054,1.8054,1.8054,1.8054,1.8054,1.8054,1.8054,1.8054,1.8054
1.8074,1.8074,1.8074,1.8074,1.8074,1.8074,1.8074,1.8074,1.8074,1.8074,1.8074,1.8074,1.8074,1.8074,1.8074,1.8074,1.8074,1.8074,1.8074,1.8074,1.8074,1.8074,1.8074,1.8074,1.8074
1.8094,1.8094,1.8094,1.8094,1.8094,1.8094,1.8094,1.8094,1.8094,1.8094,1.8094,1.8094,0.7389,1.8094,1.8094,1.8094,1.8094,1.8094,1.8094,1.8094,1.8094,1.8094,1.8094,1.8094,1.8094
1.8114,1.8114,1.8114,1.8114,1.8114,1.8114,1.8114,1.8114,1.8114,1.8114,1.8114,1.8114,1.7118,1.8114,1.8114,1.8114,1.8114,1.8114,1.8114,1.8114,1.8114,1.8114,1.8114,1.8114,1.8114
1.8134,1.8134,1.8134,1.8134,1.8134,1.8134,1.8134,1.8134,1.8134,1.8134,1.8134,1.8134,1.8134,1.8134,1.8134,1.8134,1.8134,1.8134,1.8134,1.8134,1.8134,1.8134,1.8134,1.8134,1.8134
1.8154,1.8154,1.8154,1.8154,1.8154,1.8154,1.8154,1.8154,1.8154,1.8154,1.8154,1.5539,1.8154,1.8154,1.8154,1.8154,1.8154,1.8154,1.8154,1.8154,1.8154,1.8154,1.8154,1.8154,1.8154
1.8174,1.8174,1.8174,1.8174,1.8174,1.8174,1.8174,1.8174,1.8174,1.8174,1.8174,1.8174,1.8174,1.8174,1.8174,1.8174,1.8174,1.8174,1.8174,1.8174,1.8174,1.8174,1.8174,1.8174,1.8174
1.8194,1.8194,1.8194,1.8194,1.8194,1.8194,1.8194,1.8194,1.8194,1.8194,1.8194,1.8194,1.8194,1.7168,1.8194,1.8194,1.8194,1.8194,1.8194,1.8194,1.8194,1.8194,1.8194,1.8194,1.8194
1.8215,1.8215,1.8215,1.8215,1.8215,1.8215,1.8215,1.8215,1.8215,1.8215,1.8215,1.8215,1.8215,1.8215,1.8215,1.8215,1.8215,1.8215,1.8215,1.8215,1.8215,1.8215,1.8215,1.8215,1.8215
1.8235,1.8235,1.8235,1.8235,1.8235,1.8235,1.8235,1.8235,1.8235,1.8235,1.8235,1.8235,1.8235,1.8235,1.8235,1.8235,1.8235,1.8235,1.8235,1.8235,1.8235,1.8235,1.8235,1.8235,1.8235
1.8255,1.8255,1.8255,1.8255,1.8255,1.8255,1.8255,1.8255,1.8255,1.8255,1.8255,1.8255,0.6899,1.8255,1.8255,1.8255,1.8255,1.8255,1.8255,1.8255,1.8255,1.8255,1.8255,1.8255,1.8255
1.8276,1.8276,1.8276,1.8276,1.8276,1.8276,1.8276,1.8276,1.8276,1.8276,1.8276,1.8276,1.8276,1.8276,1.8276,1.8276,1.8276,1.8276,1.8276,1.8276,1.8276,1.8276,1.8276,1.8276,1.8276
1.8296,1.8296,1.8296,1.8296,1.8296,1.8296,1.8296,1.8296,1.8296,1.8296,1.8296,1.8296,1.8296,0.8279,1.8296,1.8296,1.8296,1.8296,1.8296,1.8296,1.8296,1.8296,1.8296,1.8296,1.8296
1.8316,1.8316,1.8316,1.8316,1.8316,1.8316,1.8316,1.8316,1.8316,1.8316,1.8316,1.8316,1.8316,1.8316,1.8316,1.8316,1.8316,1.8316,1.8316,1.8316,1.8316,1.8316,1.8316,1.8316,1.8316
1.8337,1.8337,1.8337,1.8337,1.8337,1.8337,1.8337,1.8337,1.8337,1.8337,1.8337,1.8337,1.8337,1.8337,1.8337,1.8337,1.8337,1.8337,1.8337,1.8337,1.8337,1.8337,1.8337,1.8337,1.8337
1.8357,1.8357,1.8357,1.8357,1.8357,1.8357,1.8357,1.8357,1.8357,1.8357,1.8357,1.8357,1.3161,1.7035,1.8357,1.8357,1.8357,1.8357,1.8357,1.8357,1.8357,1.8357,1.8357,1.8357,1.8357
1.8378,1.8378,1.8378,1.8378,1.8378,1.8378,1.8378,1.8378,1.8378,1.8378,1.8378,1.8378,1.8378,1.8378,1.8378,1.8378,1.8378,1.8378,1.8378,1.8378,1.8378,1.8378,1.8378,1.8378,1.8378
1.8399,1.8399,1.8399,1.8399,1.8399,1.8399,1.8399,1.8399,1.8399,1.8399,1.8399,1.8399,1.8399,1.8399,1.8399,1.8399,1.8399,1.8399,1.8399,1.8399,1.8399,1.8399,1.8399,1.8399,1.8399
1.8419,1.8419,1.8419,1.8419,1.8419,1.8419,1.8419,1.8419,1.8419,1.8419,1.8419,1.4219,1.8419,1.8419,1.8419,1.8419,1.8419,1.8419,1.8419,1.8419,1.8419,1.8419,1.8419,1.8419,1.8419
1.844,1.844,1.844,1.844,1.844,1.844,1.844,1.844,1.844,1.844,1.844,1.844,1.844,1.5096,1.844,1.844,1.844,1.844,1.844,1.844,1.844,1.844,1.844,1.844,1.844
1.8461,1.8461,1.8461,1.8461,1.8461,1.8461,1.8461,1.8461,1.8461,1.8461,1.8461,1.8461,1.8461,1.4978,1.8461,1.8461,1.8461,1.8461,1.8461,1.8461,1.8461,1.8461,1.8461,1.8461,1.8461
1.8482,1.8482,1.8482,1.8482,1.8482,1.8482,1.8482,1.8482,1.8482,1.8482,1.8482,1.8482,1.8482,1.8482,1.8482,1.8482,1.8482,1.8482,1.8482,1.8482,1.8482,1.8482,1.8482,1.8482,1.8482
1.8503,1.8503,1.8503,1.8503,1.8503,1.8503,1.8503,1.8503,1.8503,1.8503,1.8503,1.8503,1.8503,1.8503,1.8503,1.8503,1.8503,1.8503,1.8503,1.8503,1.8503,1.8503,1.8503,1.8503,1.8503
1.8523,1.8523,1.8523,1.8523,1.8523,1.8523,1.8523,1.8523,1.8523,1.8523,1.8523,1.8523,0.5499,1.8523,1.8523,1.8523,1.8523,1.8523,1.8523,1.8523,1.8523,1.8523,1.8523,1.8523,1.8523
1.8544,1.8544,1.8544,1.8544,1.8544,1.8544,1.8544,1.8544,1.8544,1.8544,1.8544,1.8544,1.8544,1.8544,1.8544,1.8544,1.8544,1.8544,1.8544,1.8544,1.8544,1.8544,1.8544,1.8544,1.8544
1.8565,1.8565,1.8565,1.8565,1.8565,1.8565,1.8565,1.8565,1.8565,1.8565,1.8565,1.8565,1.8565,1.8565,1.8565,1.8565,1.8565,1.8565,1.8565,1.8565,1.8565,1.8565,1.8565,1.8565,1.8565
1.8587,1.8587,1.8587,1.8587,1.8587,1.8587,1.8587,1.8587,1.8587,1.8587,1.8587,1.8587,1.8587,1.8587,1.8587,1.8587,1.8587,1.8587,1.8587,1.8587,1.8587,1.8587,1.8587,1.8587,1.8587
1.8608,1.8608,1.8608,1.8608,1.8608,1.8608,1.8608,1.8608,1.8608,1.8608,1.8608,1.8608,1.8608,1.8608,1.8608,1.8608,1.8608,1.8608,1.8608,1.8608,1.8608,1.8608,1.8608,1.8608,1.8608
1.8629,1.8629,1.8629,1.8629,1.8629,1.8629,1.8629,1.8629,1.8629,1.8629,1.8629,1.8629,1.8629,1.5857,1.74,1.8589,1.8629,1.8629,1.8629,1.8629,1.8629,1.8629,1.8629,1.8629,1.8629
1.865,1.865,1.865,1.865,1.865,1.865,1.865,1.865,1.865,1.865,1.865,1.865,1.865,1.865,1.865,1.865,1.865,1.865,1.865,1.865,1.865,1.865,1.865,1.865,1.865
1.8671,1.8671,1.8671,1.8671,1.8671,1.8671,1.8671,1.8671,1.8671,1.8671,1.8671,1.8671,1.8671,1.8671,1.8671,1.8671,1.8671,1.8671,1.8671,1.8671,1.8671,1.8671,1.8671,1.8671,1.8671
1.8693,1.8693,1.8693,1.8693,1.8693,1.8693,1.8693,1.8693,1.8693,1.8693,1.8693,1.546,1.8693,1.8693,1.8693,1.8693,1.8693,1.8693,1.8693,1.8693,1.8693,1.8693,1.8693,1.8693,1.8693
1.8714,1.8714,1.8714,1.8714,1.8714,1.8714,1.8714,1.8714,1.8714,1.8714,1.8714,1.8714,1.8714,1.8714,1.8714,1.8714,1.8714,1.8714,1.8714,1.8714,1.8714,1.8714,1.8714,1.8714,1.8714
1.8735,1.8735,1.8735,1.8735,1.8735,1.8735,1.8735,1.8735,1.8735,1.8735,1.8735,1.8735,1.8735,0.8963,1.8735,1.8735,1.8735,1.8735,1.8735,1.8735,1.8735,1.8735,1.8735,1.8735,1.8735
1.8757,1.8757,1.8757,1.8757,1.8757,1.8757,1.8757,1.8757,1.8757,1.8757,1.8757,1.8757,1.8757,1.8757,1.8757,1.8757,1.8757,1.8757,1.8757,1.8757,1.8757,1.8757,1.8757,1.8757,1.8757
1.8778,1.8778,1.8778,1.8778,1.8778,1.8778,1.8778,1.8778,1.8778,1.8778,1.8778,1.8778,1.8778,1.8778,1.8778,1.8778,1.8778,1.8778,1.8778,1.8778,1.8778,1.8778,1.8778,1.8778,1.8778
1.88,1.88,1.88,1.88,1.88,1.88,1.88,1.88,1.88,1.88,1.88,1.88,0.795,1.6586,1.82,1.88,1.88,1.88,1.88,1.88,1.88,1.88,1.88,1.88,1.88
1.8821,1.8821,1.8821,1.8821,1.8821,1.8821,1.8821,1.8821,1.8821,1.8821,1.8821,1.8821,1.8821,1.8821,1.8821,1.8821,1.8821,1.8821,1.8821,1.8821,1.8821,1.8821,1.8821,1.8821,1.8821
1.8843,1.8843,1.8843,1.8843,1.8843,1.8843,1.8843,1.8843,1.8843,1.8843,1.8843,1.8843,1.8843,1.8843,1.677,1.8843,1.8843,1.8843,1.8843,1.8843,1.8843,1.8843,1.8843,1.8843,1.8843
1.8865,1.8865,1.8865,1.8865,1.8865,1.8865,1.8865,1.8865,1.8865,1.8865,1.8865,1.266,1.8865,1.8865,1.8865,1.8865,1.8865,1.8865,1.8865,1.8865,1.8865,1.8865,1.8865,1.8865,1.8865
1.8886,1.8886,1.8886,1.8886,1.8886,1.8886,1.8886,1.8886,1.8886,1.8886,1.8886,1.8886,1.8886,1.8886,1.8886,1.8886,1.8886,1.8886,1.8886,1.8886,1.8886,1.8886,1.8886,1.8886,1.8886
1.8908,1.8908,1.8908,1.8908,1.8908,1.8908,1.8908,1.8908,1.8908,1.8908,1.8908,1.8908,1.8908,1.5538,1.705,1.8215,1.8522,1.8822,1.8908,1.8908,1.8908,1.8908,1.8908,1.8908,1.8908
1.893,1.893,1.893,1.893,1.893,1.893,1.893,1.893,1.893,1.893,1.893,1.893,1.893,1.893,1.893,1.893,1.893,1.893,1.893,1.893,1.893,1.893,1.893,1.893,1.893
1.8952,1.8952,1.8952,1.8952,1.8952,1.8952,1.8952,1.8952,1.8952,1.8952,1.8952,1.8952,1.8952,1.8952,1.8952,1.8952,1.8952,1.8952,1.8952,1.8952,1.8952,1.8952,1.8952,1.8952,1.8952
1.8974,1.8974,1.8974,1.8974,1.8974,1.8974,1.8974,1.8974,1.8974,1.8974,1.8974,1.8167,0.5711,1.8974,1.8974,1.8974,1.8974,1.8974,1.8974,1.8974,1.8974,1.8974,1.8974,1.8974,1.8974
1.8996,1.8996,1.8996,1.8996,1.8996,1.8996,1.8996,1.8996,1.8996,1.8996,1.8996,1.8996,1.8996,1.8996,1.8996,1.8996,1.8996,1.886,1.8709,1.8557,1.8418,1.8281,1.8145,1.8009,1.7874
1.9018,1.9018,1.9018,1.9018,1.9018,1.9018,1.9018,1.9018,1.9018,1.9018,1.9018,1.9018,1.9018,0.7989,1.9018,1.9018,1.9018,1.9018,1.9018,1.9018,1.9018,1.9018,1.9018,1.9018,1.9018
1.904,1.904,1.904,1.904,1.904,1.904,1.904,1.904,1.904,1.904,1.904,1.904,1.904,1.904,1.904,1.904,1.904,1.904,1.904,1.904,1.904,1.904,1.904,1.904,1.904
1.9062,1.9062,1.9062,1.9062,1.9062,1.9062,1.9062,1.9062,1.9062,1.9062,1.9062,1.9062,1.9062,1.9062,1.7908,1.9062,1.9062,1.9062,1.9062,1.9062,1.9062,1.9062,1.9062,1.9062,1.9062
1.9084,1.9084,1.9084,1.9084,1.9084,1.9084,1.9084,1.9084,1.9084,1.9084,1.9084,1.9084,1.8124,1.5073,1.654,1.767,1.7968,1.8259,1.8411,1.8562,1.8702,1.8839,1.8975,1.9084,1.9084
1.9107,1.9107,1.9107,1.9107,1.9107,1.9107,1.9107,1.9107,1.9107,1.9107,1.9107,1.9107,1.9107,1.9107,1.9107,1.9107,1.9107,1.9107,1.9107,1.9107,1.9107,1.9107,1.9107,1.9107,1.9107
1.9129,1.9129,1.9129,1.9129,1.9129,1.9129,1.9129,1.9129,1.9129,1.9129,1.9129,1.9129,1.9129,1.9129,1.9129,1.9129,1.9129,1.9129,1.9129,1.9129,1.9129,1.9129,1.9129,1.9129,1.9129
1.9151,1.9151,1.9151,1.9151,1.9151,1.9151,1.9151,1.9151,1.9151,1.9151,1.9151,1.3354,1.9151,1.9151,1.9151,1.9151,1.9151,1.9151,1.9151,1.9151,1.9151,1.9151,1.9151,1.9151,1.9151
1.9174,1.9174,1.9174,1.9174,1.9174,1.9174,1.9174,1.9174,1.9174,1.9174,1.9174,1.9174,1.9174,1.365,1.9174,1.9174,1.9174,1.9174,1.9174,1.9172,1.9028,1.8887,1.8746,1.8606,1.8467
1.9196,1.9196,1.9196,1.9196,1.9196,1.9196,1.9196,1.9196,1.9196,1.9196,1.9196,1.9196,1.9196,1.093,1.7609,1.8812,1.9129,1.9196,1.9196,1.9196,1.9196,1.9196,1.9196,1.9196,1.9196
1.9219,1.9219,1.9219,1.9219,1.9219,1.9219,1.9219,1.9219,1.9219,1.9219,1.9219,1.9219,1.9219,1.9219,1.9219,1.9219,1.9219,1.9219,1.9219,1.9219,1.9219,1.9219,1.9219,1.9219,1.9219
1.9241,1.9241,1.9241,1.9241,1.9241,1.9241,1.9241,1.9241,1.9241,1.9241,1.9241,1.9241,1.9241,1.9241,1.9241,1.9241,1.9241,1.9241,1.9241,1.9241,1.9241,1.9241,1.9241,1.9241,1.9241
1.9264,1.9264,1.9264,1.9264,1.9264,1.9264,1.9264,1.9264,1.9264,1.9264,1.9264,1.9264,0.5613,1.6645,1.8265,1.9264,1.9264,1.9264,1.9264,1.9264,1.9264,1.9264,1.9264,1.9264,1.9264
1.9287,1.9287,1.9287,1.9287,1.9287,1.9287,1.9287,1.9287,1.9287,1.9287,1.9287,1.9287,1.4175,1.9287,1.9287,1.9287,1.902,1.8732,1.8581,1.8431,1.8292,1.8156,1.8021,1.7887,1.7752
1.9309,1.9309,1.9309,1.9309,1.9309,1.9309,1.9309,1.9309,1.9309,1.9309,1.9309,1.9309,1.9309,1.9309,1.5838,1.9309,1.9309,1.9309,1.9309,1.9309,1.9309,1.9309,1.9309,1.9309,1.9309
1.9332,1.9332,1.9332,1.9332,1.9332,1.9332,1.9332,1.9332,1.9332,1.9332,1.9332,1.9332,1.9332,1.9332,1.9332,1.9332,1.9332,1.9332,1.9332,1.9332,1.9332,1.9332,1.9332,1.9332,1.9332
1.9355,1.9355,1.9355,1.9355,1.9355,1.9355,1.9355,1.9355,1.9355,1.9355,1.9355,1.9355,1.9355,1.9355,1.9355,1.9355,1.9355,1.9355,1.9355,1.9355,1.9355,1.9355,1.9355,1.9355,1.9355
1.9378,1.9378,1.9378,1.9378,1.9378,1.9378,1.9378,1.9378,1.9378,1.9378,1.9378,1.9378,1.9378,1.4423,1.5826,1.6907,1.7193,1.7471,1.7616,1.7761,1.7894,1.8025,1.8156,1.8285,1.8415
1.9401,1.9401,1.9401,1.9401,1.9401,1.9401,1.9401,1.9401,1.9401,1.9401,1.9401,1.9401,1.9401,1.9401,1.9401,1.9401,1.9401,1.9401,1.9401,1.9401,1.9401,1.9401,1.9401,1.9401,1.9401
1.9424,1.9424,1.9424,1.9424,1.9424,1.9424,1.9424,1.9424,1.9424,1.9424,1.9424,1.9424,1.9424,1.9424,1.9424,1.9424,1.9424,1.9424,1.9424,1.9424,1.9424,1.9424,1.9424,1.9424,1.9424
1.9447,1.9447,1.9447,1.9447,1.9447,1.9447,1.9447,1.9447,1.9447,1.9447,1.9447,1.5028,1.9447,1.9447,1.9447,1.9447,1.9447,1.9447,1.9447,1.9447,1.9447,1.9447,1.9447,1.9447,1.9447
1.947,1.947,1.947,1.947,1.947,1.947,1.947,1.947,1.947,1.947,1.947,1.947,1.947,1.947,1.947,1.851,1.8226,1.795,1.7805,1.7661,1.7528,1.7398,1.7269,1.714,1.7011
1.9493,1.9493,1.9493,1.9493,1.9493,1.9493,1.9493,1.9493,1.9493,1.9493,1.9493,1.9493,1.9493,0.721,1.93,1.9493,1.9493,1.9493,1.9493,1.9493,1.9493,1.9493,1.9493,1.9493,1.9493
1.9516,1.9516,1.9516,1.9516,1.9516,1.9516,1.9516,1.9516,1.9516,1.9516,1.9516,1.9516,1.9516,1.9516,1.9516,1.9516,1.9516,1.9516,1.9516,1.9516,1.9516,1.9516,1.9516,1.9516,1.9516
1.954,1.954,1.954,1.954,1.954,1.954,1.954,1.954,1.954,1.954,1.954,1.954,1.954,1.954,1.954,1.954,1.954,1.954,1.954,1.954,1.954,1.954,1.954,1.954,1.954
1.9563,1.9563,1.9563,1.9563,1.9563,1.9563,1.9563,1.9563,1.9563,1.9563,1.9563,1.9563,0.9259,1.4714,1.6146,1.7249,1.754,1.7823,1.7971,1.8119,1.8256,1.8389,1.8522,1.8654,1.8786
1.9586,1.9586,1.9586,1.9586,1.9586,1.9586,1.9586,1.9586,1.9586,1.9586,1.9586,1.9586,1.9586,1.9586,1.9586,1.9586,1.9586,1.9586,1.9456,1.9298,1.9153,1.9011,1.887,1.8729,1.8588
1.961,1.961,1.961,1.961,1.961,1.961,1.961,1.961,1.961,1.961,1.961,1.961,1.961,1.961,1.961,1.961,1.961,1.961,1.961,1.961,1.961,1.961,1.961,1.961,1.961
1.9633,1.9633,1.9633,1.9633,1.9633,1.9633,1.9633,1.9633,1.9633,1.9633,1.9633,1.1901,1.9633,1.9633,1.9633,1.9633,1.9633,1.9633,1.9633,1.9633,1.9633,1.9633,1.9633,1.9633,1.9633
1.9657,1.9657,1.9657,1.9657,1.9657,1.9657,1.9657,1.9657,1.9657,1.9657,1.9657,1.9657,1.9657,1.9657,1.9657,1.9657,1.9657,1.9546,1.9389,1.9232,1.9087,1.8945,1.8805,1.8664,1.8524
1.968,1.968,1.968,1.968,1.968,1.968,1.968,1.968,1.968,1.968,1.968,1.968,1.968,1.4509,1.592,1.7008,1.7295,1.7575,1.7721,1.7867,1.8001,1.8133,1.8264,1.8394,1.8524
1.9704,1.9704,1.9704,1.9704,1.9704,1.9704,1.9704,1.9704,1.9704,1.9704,1.9704,1.9704,1.9704,1.9704,1.9704,1.9704,1.9704,1.9704,1.9704,1.9704,1.9704,1.9704,1.9704,1.9704,1.9704
1.9728,1.9728,1.9728,1.9728,1.9728,1.9728,1.9728,1.9728,1.9728,1.9728,1.9728,1.9728,1.9728,1.9728,1.9728,1.9728,1.9728,1.9728,1.9728,1.9728,1.9728,1.9728,1.9728,1.9728,1.9728
1.9752,1.9752,1.9752,1.9752,1.9752,1.9752,1.9752,1.9752,1.9752,1.9752,1.9752,1.8455,0.4898,1.7229,1.8906,1.9752,1.9752,1.9752,1.9752,1.9752,1.9752,1.9752,1.9752,1.9752,1.9752
1.9775,1.9775,1.9775,1.9775,1.9775,1.9775,1.9775,1.9775,1.9775,1.9775,1.9775,1.9775,1.9775,1.9775,1.8973,1.7932,1.7657,1.7389,1.725,1.711,1.6981,1.6855,1.6729,1.6605,1.648
1.9799,1.9799,1.9799,1.9799,1.9799,1.9799,1.9799,1.9799,1.9799,1.9799,1.9799,1.9799,1.9799,1.9799,1.6695,1.9799,1.9799,1.9799,1.9799,1.9799,1.9799,1.9799,1.9799,1.9799,1.9799
1.9823,1.9823,1.9823,1.9823,1.9823,1.9823,1.9823,1.9823,1.9823,1.9823,1.9823,1.9823,1.9823,1.9823,1.9823,1.9823,1.9823,1.9823,1.9823,1.9823,1.9823,1.9823,1.9823,1.9823,1.9823
1.9847,1.9847,1.9847,1.9847,1.9847,1.9847,1.9847,1.9847,1.9847,1.9847,1.9847,1.9847,1.9847,1.9847,1.7143,1.9847,1.9847,1.9847,1.9847,1.9847,1.9847,1.9847,1.9847,1.9847,1.9847
1.9871,1.9871,1.9871,1.9871,1.9871,1.9871,1.9871,1.9871,1.9871,1.9871,1.9871,1.9871,1.9871,1.3727,1.5062,1.6091,1.6363,1.6627,1.6766,1.6904,1.7031,1.7156,1.7279,1.7403,1.7526
1.9896,1.9896,1.9896,1.9896,1.9896,1.9896,1.9896,1.9896,1.9896,1.9896,1.9896,1.8322,1.9896,1.9896,1.9896,1.9896,1.9896,1.9896,1.9896,1.9896,1.9896,1.9896,1.9896,1.9896,1.9896
1.992,1.992,1.992,1.992,1.992,1.992,1.992,1.992,1.992,1.992,1.992,1.992,1.992,1.992,1.992,1.992,1.992,1.992,1.992,1.992,1.992,1.992,1.992,1.992,1.992
1.9944,1.9944,1.9944,1.9944,1.9944,1.9944,1.9944,1.9944,1.9944,1.9944,1.9944,1.2921,1.9944,1.9944,1.9944,1.9944,1.9944,1.9944,1.9944,1.9944,1.9944,1.9944,1.9944,1.9944,1.9944
1.9968,1.9968,1.9968,1.9968,1.9968,1.9968,1.9968,1.9968,1.9968,1.9968,1.9968,1.9968,1.9968,1.6669,1.9109,1.806,1.7784,1.7514,1.7373,1.7232,1.7103,1.6975,1.6849,1.6724,1.6598
1.9993,1.9993,1.9993,1.9993,1.9993,1.9993,1.9993,1.9993,1.9993,1.9993,1.9993,1.9993,1.9993,0.8501,1.6896,1.805,1.8355,1.8651,1.8806,1.8961,1.9104,1.9244,1.9383,1.9521,1.9659
2.0017,2.0017,2.0017,2.0017,2.0017,2.0017,2.0017,2.0017,2.0017,2.0017,2.0017,2.0017,2.0017,2.0017,2.0017,2.0017,2.0017,2.0017,2.0017,2.0017,2.0017,2.0017,2.0017,2.0017,2.0017
2.0042,2.0042,2.0042,2.0042,2.0042,2.0042,2.0042,2.0042,2.0042,2.0042,2.0042,2.0042,2.0042,2.0042,2.0042,2.0042,2.0042,2.0042,2.0042,2.0042,2.0042,2.0042,2.0042,2.0042,2.0042
2.0066,2.0066,2.0066,2.0066,2.0066,2.0066,2.0066,2.0066,2.0066,2.0066,2.0066,2.0066,0.6118,1.4741,1.6175,1.728,1.7572,1.7856,1.8004,1.8152,1.8289,1.8423,1.8556,1.8688,1.8821
2.0091,2.0091,2.0091,2.0091,2.0091,2.0091,2.0091,2.0091,2.0091,2.0091,2.0091,2.0091,2.0091,2.0091,1.9323,1.8262,1.7982,1.771,1.7567,1.7425,1.7294,1.7165,1.7038,1.6911,1.6784
2.0115,2.0115,2.0115,2.0115,2.0115,2.0115,2.0115,2.0115,2.0115,2.0115,2.0115,2.0115,2.0115,2.0115,1.3906,2.0115,2.0115,2.0115,2.0115,2.0115,2.0115,2.0115,2.0115,2.0115,2.0115
2.014,2.014,2.014,2.014,2.014,2.014,2.014,2.014,2.014,2.014,1.9249,1.0895,2.014,2.014,2.014,2.014,2.014,2.014,2.014,2.014,2.014,2.014,2.014,2.014,2.014
2.0165,2.0165,2.0165,2.0165,2.0165,2.0165,2.0165,2.0165,2.0165,2.0165,2.0165,2.0165,2.0165,2.0165,2.0165,2.0165,2.0165,2.0165,2.0014,1.9852,1.9703,1.9556,1.9411,1.9266,1.9121
2.019,2.019,2.019,2.019,2.019,2.019,2.019,2.019,2.019,2.019,2.019,2.019,2.019,1.3457,1.4766,1.5775,1.6041,1.63,1.6436,1.6571,1.6696,1.6818,1.694,1.706,1.7181
2.0215,2.0215,2.0215,2.0215,2.0215,2.0215,2.0215,2.0215,2.0215,2.0215,2.0215,2.0215,2.0215,2.0215,2.0215,2.0215,2.0215,2.0215,2.0215,2.0215,2.0215,2.0215,2.0215,2.0215,2.0215
2.024,2.024,2.024,2.024,2.024,2.024,2.024,2.024,2.024,2.024,2.024,2.024,2.024,2.024,2.024,2.024,2.024,2.024,2.024,2.024,2.024,2.024,2.024,2.024,2.024
2.0265,2.0265,2.0265,2.0265,2.0265,2.0265,2.0265,2.0265,2.0265,2.0265,2.0265,1.5055,0.5244,1.8447,2.0242,2.0265,2.0265,2.0265,2.0265,2.0265,2.0265,2.0265,2.0265,2.0265,2.0265
2.029,2.029,2.029,2.029,2.029,2.029,2.029,2.029,2.029,2.029,2.029,2.029,2.029,1.9327,1.8042,1.7051,1.679,1.6535,1.6402,1.627,1.6147,1.6027,1.5908,1.5789,1.5671
2.0315,2.0315,2.0315,2.0315,2.0315,2.0315,2.0315,2.0315,2.0315,2.0315,2.0315,2.0315,2.0315,0.669,1.8281,2.0315,2.0315,2.0315,2.0315,2.0315,2.0315,2.0315,2.0315,2.0315,2.0315
2.034,2.034,2.034,2.034,2.034,2.034,2.034,2.034,2.034,2.034,2.034,2.034,2.034,2.034,2.034,2.034,2.034,2.034,2.034,2.034,2.034,2.034,2.034,2.034,2.034
2.0365,2.0365,2.0365,2.0365,2.0365,2.0365,2.0365,2.0365,2.0365,2.0365,2.0365,2.0365,2.0365,2.0365,2.0365,2.0365,2.0365,2.0365,2.0365,2.0365,2.0365,2.0365,2.0365,2.0365,2.0365
2.0391,2.0391,2.0391,2.0391,2.0391,2.0391,2.0391,2.0391,2.0391,2.0391,2.0391,2.0391,1.1988,1.3377,1.4679,1.5681,1.5946,1.6204,1.6339,1.6473,1.6597,1.6719,1.6839,1.6959,1.708
2.0416,2.0416,2.0416,2.0416,2.0416,2.0416,2.0416,2.0416,2.0416,2.0416,2.0416,2.025,2.0416,2.0416,2.0416,1.9641,1.934,1.9047,1.8894,1.874,1.86,1.8461,1.8324,1.8187,1.8051
2.0442,2.0442,2.0442,2.0442,2.0442,2.0442,2.0442,2.0442,2.0442,2.0442,2.0442,2.0442,2.0442,2.0442,2.0442,2.0442,2.0442,2.0442,2.0442,2.0442,2.0442,2.0442,2.0442,2.0442,2.0442
2.0467,2.0467,2.0467,2.0467,2.0467,2.0467,2.0467,2.0467,2.0467,2.0467,2.0254,1.1463,2.0467,2.0467,2.0467,2.0467,2.0467,2.0467,2.0467,2.0467,2.0467,2.0467,2.0467,2.0467,2.0467
2.0493,2.0493,2.0493,2.0493,2.0493,2.0493,2.0493,2.0493,2.0493,2.0493,2.0493,2.0493,2.0493,1.1854,1.9107,1.8059,1.7782,1.7512,1.7371,1.7231,1.7101,1.6974,1.6848,1.6722,1.6596
2.0518,2.0518,2.0518,2.0518,2.0518,2.0518,2.0518,2.0518,2.0518,2.0518,2.0518,2.0518,2.0518,1.0934,1.522,1.626,1.6534,1.6802,1.6941,1.7081,1.7209,1.7335,1.746,1.7585,1.7709
2.0544,2.0544,2.0544,2.0544,2.0544,2.0544,2.0544,2.0544,2.0544,2.0544,2.0544,2.0544,2.0544,2.0544,2.0544,2.0544,2.0544,2.0544,2.0544,2.0544,2.0544,2.0544,2.0544,2.0544,2.0544
2.057,2.057,2.057,2.057,2.057,2.057,2.057,2.057,2.057,2.057,2.057,2.057,2.057,2.057,2.057,2.057,2.057,2.057,2.057,2.057,2.057,2.057,2.057,2.057,2.057
2.0596,2.0596,2.0596,2.0596,2.0596,2.0596,2.0596,2.0596,2.0596,2.0596,2.0596,1.9417,0.4549,1.5168,1.6644,1.7781,1.8081,1.8374,1.8526,1.8679,1.882,1.8957,1.9094,1.9231,1.9367
2.0622,2.0622,2.0622,2.0622,2.0622,2.0622,2.0622,2.0622,2.0622,2.0622,2.0622,2.0622,1.2849,1.9165,1.7891,1.6909,1.6649,1.6397,1.6265,1.6133,1.6012,1.5893,1.5775,1.5657,1.5539
2.0648,2.0648,2.0648,2.0648,2.0648,2.0648,2.0648,2.0648,2.0648,2.0648,2.0648,2.0648,2.0648,2.0648,1.4544,2.0648,2.0648,2.0648,2.0648,2.0648,2.0648,2.0648,2.0648,2.0648,2.0648
2.0674,2.0674,2.0674,2.0674,2.0674,2.0674,2.0674,2.0674,2.0674,2.0674,1.8051,2.0674,2.0674,2.0674,2.0674,2.0674,2.0674,2.0674,2.0674,2.0674,2.0674,2.0674,2.0674,2.0674,2.0674
2.07,2.07,2.07,2.07,2.07,2.07,2.07,2.07,2.07,2.07,2.07,2.07,2.07,2.07,1.741,2.07,2.07,2.07,2.07,2.07,2.07,2.07,2.0674,2.052,2.0366
2.0726,2.0726,2.0726,2.0726,2.0726,2.0726,2.0726,2.0726,2.0726,2.0726,2.0726,2.0726,2.0726,1.2775,1.4018,1.4976,1.5229,1.5475,1.5604,1.5732,1.585,1.5967,1.6082,1.6197,1.6311
2.0752,2.0752,2.0752,2.0752,2.0752,2.0752,2.0752,2.0752,2.0752,2.0752,2.0752,2.0752,2.0752,2.0752,2.0752,2.0752,2.0752,2.0752,2.0752,2.0752,2.0752,2.0752,2.0752,2.0752,2.0743
2.0779,2.0779,2.0779,2.0779,2.0779,2.0779,2.0779,2.0779,2.0779,2.0779,2.0779,2.0779,2.0779,2.0779,2.0779,2.0779,2.0779,2.0779,2.0779,2.0779,2.0779,2.0779,2.0779,2.0779,2.0779
2.0805,2.0805,2.0805,2.0805,2.0805,2.0805,2.0805,2.0805,2.0805,2.0805,2.0805,1.281,1.8502,2.0557,2.0805,2.0805,2.0805,2.0805,2.0805,2.0805,2.0805,2.0805,2.0805,2.0805,2.0805
2.0832,2.0832,2.0832,2.0832,2.0832,2.0832,2.0832,2.0832,2.0832,2.0832,2.0832,2.0832,2.0832,1.8801,1.755,1.6587,1.6333,1.6085,1.5956,1.5827,1.5708,1.5591,1.5475,1.5359,1.5244
2.0858,2.0858,2.0858,2.0858,2.0858,2.0858,2.0858,2.0858,2.0858,2.0858,2.0858,2.0858,2.0858,0.6914,1.6589,1.7722,1.8022,1.8313,1.8465,1.8617,1.8757,1.8895,1.9031,1.9167,1.9302
2.0885,2.0885,2.0885,2.0885,2.0885,2.0885,2.0885,2.0885,2.0885,2.0885,2.0885,2.0885,2.0885,2.0885,2.0885,2.0885,2.0885,2.0885,2.0885,2.0885,2.0885,2.0885,2.0885,2.0885,2.0885
2.0911,2.0911,2.0911,2.0911,2.0911,2.0911,2.0911,2.0911,2.0911,2.0911,2.0911,2.0911,2.0911,2.0911,2.0911,2.0911,2.0911,2.0911,2.0911,2.0911,2.0911,2.0911,2.0911,2.0911,2.0911
2.0938,2.0938,2.0938,2.0938,2.0938,2.0938,2.0938,2.0938,2.0938,2.0938,2.0938,2.0938,0.7049,1.3344,1.4643,1.5643,1.5907,1.6164,1.6298,1.6433,1.6556,1.6678,1.6798,1.6918,1.7038
2.0965,2.0965,2.0965,2.0965,2.0965,2.0965,2.0965,2.0965,2.0965,2.0965,2.0965,2.0965,2.0965,1.9991,1.8661,1.7637,1.7366,1.7103,1.6965,1.6828,1.6701,1.6577,1.6454,1.6331,1.6209
2.0992,2.0992,2.0992,2.0992,2.0992,2.0992,2.0992,2.0992,2.0992,2.0992,2.0992,2.0992,2.0992,2.0992,2.0992,2.0892,2.0992,2.0992,2.0992,2.0992,2.0992,2.0992,2.0992,2.0992,2.0992
2.1019,2.1019,2.1019,2.1019,2.1019,2.1019,2.1019,2.1019,2.1019,2.1019,1.8454,1.0444,2.1019,2.1019,2.1019,2.1019,2.1019,2.1019,2.1019,2.1019,2.1019,2.1019,2.1019,2.1019,2.1019
2.1046,2.1046,2.1046,2.1046,2.1046,2.1046,2.1046,2.1046,2.1046,2.1046,2.1046,2.1046,2.1046,2.1046,1.9595,1.852,1.8236,1.7959,1.7815,1.767,1.7537,1.7407,1.7277,1.7149,1.702
2.1073,2.1073,2.1073,2.1073,2.1073,2.1073,2.1073,2.1073,2.1073,2.1073,2.1073,2.1073,2.1073,1.2811,1.4057,1.5017,1.5271,1.5518,1.5647,1.5776,1.5894,1.6011,1.6126,1.6241,1.6356
2.11,2.11,2.11,2.11,2.11,2.11,2.11,2.11,2.11,2.11,2.11,2.11,2.11,2.11,2.11,2.11,2.11,2.11,2.11,2.11,2.11,2.11,2.11,2.11,2.11
2.1127,2.1127,2.1127,2.1127,2.1127,2.1127,2.1127,2.1127,2.1127,2.1127,2.1127,2.1127,2.1127,2.1127,2.1127,2.1127,2.1127,2.1127,2.1127,2.1127,2.1127,2.1127,2.1127,2.1127,2.1127
2.1154,2.1154,2.1154,2.1154,2.1154,2.1154,2.1154,2.1154,2.1154,2.1154,2.1154,1.5493,0.4569,1.6071,1.7635,1.884,1.9158,1.9468,1.9629,1.9791,1.994,2.0086,2.0231,2.0375,2.0519
2.1182,2.1182,2.1182,2.1182,2.1182,2.1182,2.1182,2.1182,2.1182,2.1182,2.1182,2.1182,2.1182,1.8155,1.6947,1.6017,1.5772,1.5532,1.5408,1.5283,1.5168,1.5055,1.4943,1.4832,1.472
2.1209,2.1209,2.1209,2.1209,2.1209,2.1209,2.1209,2.1209,2.1209,2.1209,2.1209,2.1209,2.1209,0.6788,1.5712,2.0708,2.1057,2.1209,2.1209,2.1209,2.1209,2.1209,2.1209,2.1209,2.1209
2.1237,2.1237,2.1237,2.1237,2.1237,2.1237,2.1237,2.1237,2.1237,2.1237,2.1237,2.1237,2.1237,2.1237,2.1237,2.1237,2.1237,2.1237,2.1237,2.1237,2.1237,2.1237,2.1237,2.1237,2.1237
2.1264,2.1264,2.1264,2.1264,2.1264,2.1264,2.1264,2.1264,2.1264,2.1264,2.1264,2.1264,2.1264,2.1264,1.4708,2.1264,2.1264,2.1264,2.1264,2.1264,2.1264,2.1264,2.1264,2.1264,2.1264
2.0585,2.1292,2.1292,2.1292,2.1292,2.1292,2.1292,2.1292,2.1292,2.1292,2.1292,2.1292,1.8831,1.2399,1.3606,1.4535,1.478,1.5019,1.5144,1.5269,1.5384,1.5496,1.5608,1.572,1.5831
2.1319,2.1319,2.1319,2.1319,2.1319,2.1319,2.1319,2.1319,2.1319,2.1319,2.1319,1.6766,2.1319,2.1319,2.0617,1.9485,1.9187,1.8895,1.8744,1.8592,1.8452,1.8315,1.8178,1.8043,1.7907
2.1347,2.1347,2.1347,2.1347,2.1347,2.1347,2.1347,2.1347,2.1347,2.1347,2.1347,2.1347,2.1347,2.1347,2.1347,2.1347,2.1347,2.1347,2.1347,2.1347,2.1347,2.1347,2.1347,2.1347,2.1347
2.1375,2.1375,2.1375,2.1375,2.1375,2.1375,2.1375,2.1375,2.1375,2.1375,1.9909,1.1268,2.1375,2.1375,2.1375,2.1375,2.1375,2.1375,2.1375,2.1375,2.1375,2.1375,2.1375,2.1375,2.1375
2.1403,2.1403,2.1403,2.1403,2.1403,2.1403,2.1403,2.1403,2.1403,2.1403,2.1403,2.1403,2.1403,1.2488,1.746,1.6501,1.6249,1.6002,1.5873,1.5745,1.5626,1.551,1.5395,1.528,1.5165
2.1431,2.1431,2.1431,2.1431,2.1431,2.1431,2.1431,2.1431,2.1431,2.1431,2.1431,2.1431,2.1431,0.8472,1.4837,1.5851,1.6118,1.6379,1.6515,1.6651,1.6776,1.6899,1.7021,1.7142,1.7264
2.1459,2.1459,2.1459,2.1459,2.1459,2.1459,2.1459,2.1459,2.1459,2.1459,2.1459,2.1459,2.1459,2.1459,2.1459,2.1459,2.1459,2.1459,2.1459,2.1459,2.1459,2.1459,2.1459,2.1459,2.1459
2.1487,2.1487,2.1487,2.1487,2.1487,2.1487,2.1487,2.1487,2.1487,2.1487,2.1487,2.1487,2.1487,2.1487,2.1487,2.1487,2.1487,2.1487,2.1487,2.1487,2.1487,2.1487,2.1487,2.1487,2.1487
2.1515,2.1515,2.1515,2.1515,2.1515,2.1515,2.1515,2.1515,2.1515,2.1515,2.1515,2.1185,0.4963,1.3635,1.4962,1.5984,1.6254,1.6517,1.6654,1.6791,1.6918,1.7042,1.7165,1.7287,1.7409
2.1544,2.1544,2.1544,2.1544,2.1544,2.1544,2.1544,2.1544,2.1544,2.1544,2.1544,2.1544,1.1917,1.8406,1.7182,1.6239,1.599,1.5748,1.5621,1.5494,1.5378,1.5264,1.515,1.5037,1.4924
2.1572,2.1572,2.1572,2.1572,2.1572,2.1572,2.1572,2.1572,2.1572,2.1572,2.1572,2.1572,2.1572,2.1572,1.2951,2.1572,2.1572,2.1572,2.1572,2.1572,2.1572,2.1572,2.1572,2.1572,2.1572
2.1601,2.1601,2.1601,2.1601,2.1601,2.1601,2.1601,2.1601,2.1601,2.1601,1.7216,2.1601,2.1601,2.1601,2.1601,2.1601,2.1601,2.1601,2.1601,2.1601,2.1601,2.1601,2.1601,2.1601,2.1601
2.1629,2.1629,2.1629,2.1629,2.1629,2.1629,2.1629,2.1629,2.1629,2.1629,2.1629,2.1629,2.1629,2.1629,1.8154,1.9521,1.9221,1.893,1.8777,1.8625,1.8485,1.8348,1.8211,1.8076,1.794
2.0093,2.1176,2.1658,2.1658,2.1658,2.1658,2.1658,2.1658,2.1658,2.1658,2.1658,2.1658,2.1658,1.2103,1.328,1.4187,1.4427,1.466,1.4782,1.4904,1.5016,1.5126,1.5235,1.5344,1.5452
2.1686,2.1686,2.1686,2.1686,2.1686,2.1686,2.1686,2.1686,2.1686,2.1686,2.1686,2.1686,2.1686,2.1686,2.1686,2.1686,2.1686,2.1686,2.1686,2.1686,2.1686,2.1686,2.1615,2.1453,2.1292
2.1715,2.1715,2.1715,2.1715,2.1715,2.1715,2.1715,2.1715,2.1715,2.1715,2.1715,2.1715,2.1715,2.1715,2.1715,2.1715,2.1715,2.1715,2.1715,2.1715,2.1715,2.1715,2.1715,2.1715,2.1715
2.1744,2.1744,2.1744,2.1744,2.1744,2.1744,2.1744,2.1744,2.1744,2.1744,2.1744,1.2979,0.5007,1.7615,1.9329,2.0649,2.0997,2.1337,2.1514,2.1692,2.1744,2.1744,2.1744,2.1744,2.1744
2.1773,2.1773,2.1773,2.1773,2.1773,2.1773,2.1773,2.1773,2.1773,2.1773,2.1773,2.1773,2.1773,1.7573,1.6404,1.5504,1.5266,1.5035,1.4914,1.4793,1.4682,1.4573,1.4464,1.4356,1.4249
2.1802,2.1802,2.1802,2.1802,2.1802,2.1802,2.1802,2.1802,2.1802,2.1802,2.1802,2.1802,2.1802,0.582,1.6621,1.7756,1.8056,1.8348,1.85,1.8653,1.8793,1.8931,1.9067,1.9203,1.9339
2.1831,2.1831,2.1831,2.1831,2.1831,2.1831,2.1831,2.1831,2.1831,2.1831,2.1831,2.1831,2.1831,2.1831,2.1831,2.1831,2.1831,2.1831,2.1831,2.1831,2.1831,2.1831,2.1831,2.1831,2.1831
2.186,2.186,2.186,2.186,2.186,2.186,2.186,2.186,2.186,2.186,2.186,2.186,2.186,2.186,2.186,2.1523,2.186,2.186,2.186,2.186,2.186,2.186,2.186,2.186,2.186
2.0417,2.1517,2.1889,2.1889,2.1889,2.1889,2.1889,2.1889,2.1889,2.1889,2.1889,2.1889,0.8747,1.2298,1.3495,1.4416,1.466,1.4897,1.5021,1.5144,1.5258,1.537,1.5481,1.5591,1.5702
2.1918,2.1918,2.1918,2.1918,2.1918,2.1918,2.1918,2.1918,2.1918,2.1918,2.1918,2.0157,2.1003,1.966,1.8353,1.7345,1.7079,1.682,1.6685,1.655,1.6425,1.6303,1.6182,1.6061,1.5941
2.1948,2.1948,2.1948,2.1948,2.1948,2.1948,2.1948,2.1948,2.1948,2.1948,2.1948,2.1948,2.1948,2.1948,2.1948,1.9631,2.1948,2.1948,2.1948,2.1948,2.1948,2.1948,2.1948,2.1948,2.1948
2.1977,2.1977,2.1977,2.1977,2.1977,2.1977,2.1977,2.1977,2.1977,2.1977,1.8003,1.0189,2.1977,2.1977,2.1977,2.1977,2.1977,2.1977,2.1977,2.1977,2.1977,2.1977,2.1977,2.1977,2.1977
2.2007,2.2007,2.2007,2.2007,2.2007,2.2007,2.2007,2.2007,2.2007,2.2007,2.2007,2.2007,2.2007,1.1027,1.7774,1.6798,1.6541,1.629,1.6159,1.6028,1.5908,1.5789,1.5672,1.5555,1.5438
2.0594,2.1704,2.2036,2.2036,2.2036,2.2036,2.2036,2.2036,2.2036,2.2036,2.2036,2.2036,2.2036,1.1523,1.3612,1.4541,1.4787,1.5026,1.5151,1.5276,1.5391,1.5503,1.5615,1.5727,1.5838
2.2066,2.2066,2.2066,2.2066,2.2066,2.2066,2.2066,2.2066,2.2066,2.2066,2.2066,2.2066,2.2066,2.2066,2.2066,2.2066,2.2066,2.2066,2.2066,2.2066,2.2066,2.2066,2.2066,2.2066,2.2066
2.2096,2.2096,2.2096,2.2096,2.2096,2.2096,2.2096,2.2096,2.2096,2.2096,2.2096,2.2096,2.2096,2.2096,2.2096,2.2096,2.2096,2.2096,2.2096,2.2096,2.2096,2.2096,2.2096,2.2096,2.2096
2.2126,2.2126,2.2126,2.2126,2.2126,2.2126,2.2126,2.2126,2.2126,2.2126,2.2126,1.6373,0.4065,1.4299,1.5691,1.6762,1.7045,1.7321,1.7465,1.7609,1.7741,1.7871,1.8,1.8129,1.8257
2.2156,2.2156,2.2156,2.2156,2.2156,2.2156,2.2156,2.2156,2.2156,2.2156,2.2156,2.2156,1.6075,1.7335,1.6182,1.5294,1.5059,1.4831,1.4712,1.4592,1.4483,1.4375,1.4268,1.4162,1.4055
2.2186,2.2186,2.2186,2.2186,2.2186,2.2186,2.2186,2.2186,2.2186,2.2186,2.2186,2.2186,2.2186,2.2186,1.3816,2.1506,2.1869,2.2186,2.2186,2.2186,2.2186,2.2186,2.2186,2.2186,2.2186
2.2216,2.2216,2.2216,2.2216,2.2216,2.2216,2.2216,2.2216,2.2216,2.2216,2.2216,2.2216,2.2216,2.2216,2.2216,2.2216,2.2216,2.2216,2.2216,2.2216,2.2216,2.2216,2.2216,2.2216,2.2216
2.2246,2.2246,2.2246,2.2246,2.2246,2.2246,2.2246,2.2246,2.2246,2.2246,2.2246,2.2246,2.2246,2.2246,1.5059,2.1234,2.0909,2.0592,2.0426,2.026,2.0108,1.9959,1.981,1.9662,1.9515
1.939,2.0435,2.1472,2.2276,2.2276,2.2276,2.2276,2.2276,2.2276,2.2276,2.2276,2.2276,2.2276,1.1679,1.2816,1.3691,1.3923,1.4148,1.4265,1.4383,1.4491,1.4597,1.4702,1.4807,1.4912
2.2306,2.2306,2.2306,2.2306,2.2306,2.2306,2.2306,2.2306,2.2306,2.2306,2.2306,1.6039,2.2306,2.2306,2.0855,1.971,1.9408,1.9114,1.896,1.8807,1.8665,1.8526,1.8389,1.8251,1.8114
2.2337,2.2337,2.2337,2.2337,2.2337,2.2337,2.2337,2.2337,2.2337,2.2337,2.2337,2.2337,2.2337,2.2337,2.2337,2.2337,2.2337,2.2337,2.2337,2.2337,2.2337,2.2337,2.2337,2.2337,2.2337
2.2367,2.2367,2.2367,2.2367,2.2367,2.2367,2.2367,2.2367,2.2367,2.2367,1.993,1.128,1.8126,2.0139,2.2098,2.2367,2.2367,2.2367,2.2367,2.2367,2.2367,2.2367,2.2367,2.2367,2.2367
2.2398,2.2398,2.2398,2.2398,2.2398,2.2398,2.2398,2.2398,2.2398,2.2398,2.2398,2.2398,2.2398,1.6313,1.6218,1.5328,1.5093,1.4864,1.4744,1.4625,1.4515,1.4407,1.43,1.4193,1.4087
2.2264,2.2428,2.2428,2.2428,2.2428,2.2428,2.2428,2.2428,2.2428,2.2428,2.2428,2.2428,2.2428,0.6876,1.4715,1.572,1.5986,1.6244,1.6379,1.6514,1.6638,1.676,1.6881,1.7002,1.7122
2.2459,2.2459,2.2459,2.2459,2.2459,2.2459,2.2459,2.2459,2.2459,2.2459,2.2459,2.2459,2.2459,2.2459,2.2459,2.2459,2.2459,2.2459,2.2459,2.2459,2.2459,2.2459,2.2459,2.2459,2.2459
2.249,2.249,2.249,2.249,2.249,2.249,2.249,2.249,2.249,2.249,2.249,2.249,2.249,2.249,2.249,1.9372,2.249,2.249,2.249,2.249,2.249,2.249,2.249,2.249,2.249
2.0704,2.182,2.2521,2.2521,2.2521,2.2521,2.2521,2.2521,2.2521,2.2521,2.2521,2.2521,0.5648,1.2471,1.3684,1.4619,1.4866,1.5106,1.5232,1.5357,1.5473,1.5586,1.5699,1.5811,1.5923
2.2552,2.2552,2.2552,2.2552,2.2552,2.2552,2.2552,2.2552,2.2552,2.2552,2.2552,2.2552,1.9189,1.7961,1.6767,1.5847,1.5604,1.5367,1.5243,1.512,1.5006,1.4895,1.4784,1.4674,1.4563
2.2583,2.2583,2.2583,2.2583,2.2583,2.2583,2.2583,2.2583,2.2583,2.2583,2.2583,2.2583,2.2583,2.2583,1.2075,1.9644,2.2583,2.2583,2.2583,2.2583,2.2583,2.2583,2.2583,2.2583,2.2583
2.2614,2.2614,2.2614,2.2614,2.2614,2.2614,2.2614,2.2614,2.2614,2.2614,1.6677,0.9439,2.2614,2.2614,2.2614,2.2614,2.2614,2.2614,2.2614,2.2614,2.2614,2.2614,2.2614,2.2614,2.2614
2.2645,2.2645,2.2645,2.2645,2.2645,2.2645,2.2645,2.2645,2.2645,2.2645,2.2645,2.2645,2.2645,2.2645,1.8546,1.7528,1.7259,1.6997,1.6861,1.6724,1.6598,1.6475,1.6352,1.623,1.6108
1.9327,2.0369,2.1401,2.2423,2.2677,2.2677,2.2677,2.2677,2.2677,2.2677,2.2677,2.2677,2.2677,1.1641,1.2774,1.3647,1.3877,1.4101,1.4219,1.4336,1.4443,1.4549,1.4654,1.4759,1.4863
2.2708,2.2708,2.2708,2.2708,2.2708,2.2708,2.2708,2.2708,2.2708,2.2708,2.165,2.2708,2.2708,2.2708,2.2708,2.2708,2.2708,2.2708,2.2708,2.2708,2.2708,2.2708,2.2708,2.2546,2.2377
2.274,2.274,2.274,2.274,2.274,2.274,2.274,2.274,2.274,2.274,2.274,2.274,2.274,2.274,2.274,2.274,2.274,2.274,2.274,2.274,2.274,2.274,2.274,2.274,2.274
2.2771,2.2771,2.2771,2.2771,2.2771,2.2771,2.2771,2.2771,2.2771,2.2771,2.2771,1.3427,0.439,1.5444,1.6947,1.8104,1.841,1.8708,1.8863,1.9018,1.9161,1.9302,1.9441,1.958,1.9718
2.2803,2.2803,2.2803,2.2803,2.2803,2.2803,2.2803,2.2803,2.2803,2.2803,2.2803,2.2803,2.2803,1.6673,1.5564,1.471,1.4485,1.4265,1.415,1.4036,1.393,1.3826,1.3724,1.3621,1.3519
2.2835,2.2835,2.2835,2.2835,2.2835,2.2835,2.2835,2.2835,2.2835,2.2835,2.2835,2.2835,2.2835,0.5943,1.5239,1.8132,1.8438,1.8736,1.8892,1.9047,1.9191,1.9331,1.9471,1.961,1.9748
2.2867,2.2867,2.2867,2.2867,2.2867,2.2867,2.2867,2.2867,2.2867,2.2867,2.2867,2.2867,2.2867,2.2867,2.2867,2.2867,2.2867,2.2867,2.2867,2.2867,2.2867,2.2867,2.2867,2.2867,2.2867
2.2899,2.2899,2.2899,2.2899,2.2899,2.2899,2.2899,2.2899,2.2899,2.2899,2.2899,2.2899,2.2899,2.2899,1.3949,2.1734,2.2899,2.2899,2.2899,2.2899,2.2735,2.2565,2.2398,2.2231,2.2064
1.9104,2.0133,2.1154,2.2164,2.2931,2.2931,2.2931,2.2931,2.2931,2.2931,2.2931,2.2931,1.2246,1.1507,1.2627,1.3489,1.3717,1.3939,1.4054,1.417,1.4277,1.4381,1.4485,1.4588,1.4692
2.2963,2.2963,2.2963,2.2963,2.2963,2.2963,2.2963,2.2963,2.2963,2.2963,2.2963,1.6661,2.1001,1.9658,1.8351,1.7343,1.7078,1.6819,1.6683,1.6548,1.6424,1.6302,1.618,1.606,1.5939
2.2995,2.2995,2.2995,2.2995,2.2995,2.2995,2.2995,2.2995,2.2995,2.2995,2.2995,2.2995,2.2995,2.2995,2.2995,2.2995,2.2995,2.2995,2.2995,2.2995,2.2995,2.2995,2.2995,2.2995,2.2995
2.3027,2.3027,2.3027,2.3027,2.3027,2.3027,2.3027,2.3027,2.3027,2.3027,1.7843,1.0099,2.1951,2.3027,2.3027,2.3027,2.3027,2.3027,2.3027,2.3027,2.3027,2.3027,2.3027,2.3027,2.3027
2.306,2.306,2.306,2.306,2.306,2.306,2.306,2.306,2.306,2.306,2.306,2.306,2.306,1.0162,1.6381,1.5482,1.5245,1.5013,1.4893,1.4772,1.4661,1.4552,1.4444,1.4336,1.4228
2.0246,2.1337,2.2419,2.3092,2.3092,2.3092,2.3092,2.3092,2.3092,2.3092,2.3092,2.3092,2.3092,0.8767,1.3381,1.4295,1.4537,1.4772,1.4894,1.5017,1.513,1.5241,1.5351,1.546,1.557
2.3125,2.3125,2.3125,2.3125,2.3125,2.3125,2.3125,2.3125,2.3125,2.3125,2.3125,2.3125,2.3125,2.3125,2.3125,2.3125,2.3125,2.3125,2.3125,2.3125,2.3125,2.3125,2.3125,2.3125,2.3125
2.3158,2.3158,2.3158,2.3158,2.3158,2.3158,2.3158,2.3158,2.3158,2.3158,2.3158,2.3158,2.3158,2.3158,2.3158,2.3158,2.3158,2.3158,2.3158,2.3158,2.3158,2.3158,2.3158,2.3158,2.3158
2.1496,2.2655,2.319,2.319,2.319,2.319,2.319,2.319,2.319,2.319,2.319,1.7807,0.4172,1.2948,1.4208,1.5178,1.5435,1.5684,1.5815,1.5945,1.6065,1.6182,1.6299,1.6416,1.6532
2.3223,2.3223,2.3223,2.3223,2.3223,2.3223,2.3223,2.3223,2.3223,2.3223,2.3223,2.3223,1.0871,1.6791,1.5674,1.4814,1.4587,1.4365,1.425,1.4134,1.4028,1.3924,1.382,1.3717,1.3614
2.3256,2.3256,2.3256,2.3256,2.3256,2.3256,2.3256,2.3256,2.3256,2.3256,2.3256,2.3256,2.3256,2.3256,1.2382,2.0714,2.3256,2.3256,2.3256,2.3256,2.3256,2.3256,2.3256,2.3256,2.3256
2.3289,2.3289,2.3289,2.3289,2.3289,2.3289,2.3289,2.3289,2.3289,2.2657,1.5789,2.3289,2.3289,2.3289,2.3289,2.3289,2.3289,2.3289,2.3289,2.3289,2.3289,2.3289,2.3289,2.3289,2.3289
2.3322,2.3322,2.3322,2.3322,2.3322,2.3322,2.3322,2.3322,2.3322,2.3322,2.3322,2.3322,2.3322,2.3322,1.5746,1.8803,1.8515,1.8234,1.8087,1.7941,1.7806,1.7674,1.7542,1.7411,1.7281
1.8523,1.9521,2.0511,2.1491,2.2473,2.3356,2.3356,2.3356,2.3356,2.3356,2.3356,2.3356,2.3356,1.1157,1.2243,1.3079,1.33,1.3515,1.3627,1.3739,1.3843,1.3944,1.4045,1.4145,1.4245
2.3389,2.3389,2.3389,2.3389,2.3389,2.3389,2.3389,2.3389,2.3389,2.3389,2.2056,2.3389,2.3389,2.303,2.1499,2.0319,2.0007,1.9704,1.9545,1.9387,1.9241,1.9098,1.8956,1.8815,1.8673
2.3422,2.3422,2.3422,2.3422,2.3422,2.3422,2.3422,2.3422,2.3422,2.3422,2.3422,2.3422,2.3422,2.3422,2.3422,2.3422,2.3422,2.3422,2.3422,2.3422,2.3422,2.3422,2.3422,2.3422,2.3422
2.3456,2.3456,2.3456,2.3456,2.3456,2.3456,2.3456,2.3456,2.3456,2.3456,2.0299,1.1488,1.5556,1.7284,1.8966,2.0262,2.0604,2.0937,2.1111,2.1285,2.1445,2.1602,2.1758,2.1913,2.2068
2.349,2.349,2.349,2.349,2.349,2.349,2.349,2.349,2.349,2.349,2.349,2.349,2.349,1.6367,1.5279,1.444,1.4219,1.4003,1.3891,1.3778,1.3675,1.3573,1.3472,1.3371,1.3271
2.244,2.3523,2.3523,2.3523,2.3523,2.3523,2.3523,2.3523,2.3523,2.3523,2.3523,2.3523,2.3523,0.5774,1.4831,1.5845,1.6112,1.6373,1.6509,1.6645,1.677,1.6893,1.7015,1.7136,1.7257
2.3557,2.3557,2.3557,2.3557,2.3557,2.3557,2.3557,2.3557,2.3557,2.3557,2.3557,2.3557,2.3557,2.3557,2.3557,2.3557,2.3557,2.3557,2.3557,2.3557,2.3557,2.3557,2.3557,2.3557,2.3557
2.3591,2.3591,2.3591,2.3591,2.3591,2.3591,2.3591,2.3591,2.3591,2.3591,2.3591,2.3591,2.3591,2.3591,2.3591,1.9344,2.3591,2.3591,2.3591,2.3591,2.3591,2.3591,2.3591,2.3591,2.3591
1.9218,2.0254,2.1281,2.2297,2.3316,2.3625,2.3625,2.3625,2.3625,2.3625,2.3625,2.3625,0.6793,1.1576,1.2702,1.357,1.3799,1.4022,1.4139,1.4255,1.4362,1.4468,1.4572,1.4676,1.478
2.3659,2.3659,2.3659,2.3659,2.3659,2.3659,2.3659,2.3659,2.3659,2.3659,2.3659,2.0732,1.8999,1.7784,1.6601,1.569,1.5449,1.5215,1.5093,1.497,1.4858,1.4747,1.4638,1.4529,1.4419
2.3693,2.3693,2.3693,2.3693,2.3693,2.3693,2.3693,2.3693,2.3693,2.3693,2.3693,2.3693,2.3693,2.3693,2.3693,1.8086,2.3693,2.3693,2.3693,2.3693,2.3693,2.3693,2.3693,2.3693,2.3693
2.3728,2.3728,2.3728,2.3728,2.3728,2.3728,2.3728,2.3728,2.3728,2.3509,1.6383,0.9272,2.3728,2.3728,2.3728,2.3728,2.3728,2.3728,2.3728,2.3728,2.3728,2.3728,2.3728,2.3728,2.3728
2.3762,2.3762,2.3762,2.3762,2.3762,2.3762,2.3762,2.3762,2.3762,2.3762,2.3762,2.3762,2.3762,2.3762,1.6925,1.5996,1.5751,1.5512,1.5387,1.5262,1.5148,1.5035,1.4923,1.4812,1.4701
1.8846,1.9861,2.0869,2.1865,2.2864,2.3797,2.3797,2.3797,2.3797,2.3797,2.3797,2.3797,2.3797,1.1351,1.2456,1.3307,1.3531,1.375,1.3865,1.3979,1.4084,1.4187,1.4289,1.4391,1.4493
2.3831,2.3831,2.3831,2.3831,2.3831,2.3831,2.3831,2.3831,2.3831,2.3831,2.3831,2.3831,2.3831,2.3831,2.3831,2.3831,2.3831,2.3831,2.3831,2.3831,2.3831,2.3831,2.3831,2.3831,2.3831
2.3866,2.3866,2.3866,2.3866,2.3866,2.3866,2.3866,2.3866,2.3866,2.3866,2.3866,2.3866,2.3866,2.3866,2.3866,2.3866,2.3866,2.3866,2.3866,2.3866,2.3866,2.3866,2.3866,2.3866,2.3866
2.2912,2.3901,2.3901,2.3901,2.3901,2.3901,2.3901,2.3901,2.3901,2.3901,2.3901,1.4195,0.3923,1.3801,1.5144,1.6178,1.6451,1.6717,1.6856,1.6995,1.7123,1.7248,1.7373,1.7497,1.7621
2.3936,2.3936,2.3936,2.3936,2.3936,2.3936,2.3936,2.3936,2.3936,2.3936,2.3936,2.3936,2.3895,1.6031,1.4965,1.4143,1.3926,1.3715,1.3605,1.3495,1.3393,1.3294,1.3195,1.3096,1.2998
2.3971,2.3971,2.3971,2.3971,2.3971,2.3971,2.3971,2.3971,2.3971,2.3971,2.3971,2.3971,2.3971,0.6186,1.3441,1.8872,1.919,1.9501,1.9663,1.9825,1.9974,2.012,2.0265,2.041,2.0554
2.4006,2.4006,2.4006,2.4006,2.4006,2.4006,2.4006,2.4006,2.4006,2.4006,2.4006,2.4006,2.4006,2.4006,2.4006,2.4006,2.4006,2.4006,2.4006,2.4006,2.4006,2.4006,2.4006,2.4006,2.4006
2.4041,2.4041,2.4041,2.4041,2.4041,2.4041,2.4041,2.4041,2.4041,2.4041,2.4041,2.4041,2.4041,2.4041,1.3347,2.0848,2.0528,2.0217,2.0054,1.9892,1.9742,1.9595,1.9449,1.9304,1.916
1.8115,1.9091,2.0059,2.1017,2.1977,2.2945,2.3913,2.4076,2.4076,2.4076,2.4076,2.4076,2.2427,1.0911,1.1973,1.2791,1.3006,1.3217,1.3327,1.3436,1.3537,1.3637,1.3735,1.3833,1.3931
2.4112,2.4112,2.4112,2.4112,2.4112,2.4112,2.4112,2.4112,2.4112,2.4112,2.4112,1.4337,2.1335,1.9971,1.8642,1.7619,1.7349,1.7086,1.6949,1.6811,1.6685,1.6561,1.6438,1.6315,1.6192
2.4147,2.4147,2.4147,2.4147,2.4147,2.4147,2.4147,2.4147,2.4147,2.4147,2.4147,2.4147,2.4147,2.4147,2.4147,2.4147,2.4147,2.4147,2.4147,2.4147,2.4147,2.4147,2.4147,2.4147,2.4147
2.4183,2.4183,2.4183,2.4183,2.4183,2.4183,2.4183,2.4183,2.4183,2.4183,1.7949,1.0158,1.8233,2.0258,2.2229,2.3748,2.4149,2.4183,2.4183,2.4183,2.4183,2.4183,2.4183,2.4183,2.4183
2.4219,2.4219,2.4219,2.4219,2.4219,2.4219,2.4219,2.4219,2.4219,2.4219,2.4219,2.4219,2.4219,1.2328,1.5308,1.4468,1.4246,1.403,1.3917,1.3804,1.37,1.3598,1.3497,1.3397,1.3296
2.0185,2.1273,2.2352,2.3419,2.4255,2.4255,2.4255,2.4255,2.4255,2.4255,2.4255,2.4255,2.4255,0.7037,1.3341,1.4253,1.4493,1.4728,1.485,1.4973,1.5085,1.5196,1.5305,1.5415,1.5524
2.4291,2.4291,2.4291,2.4291,2.4291,2.4291,2.4291,2.4291,2.4291,2.4291,2.4291,2.4291,2.4291,2.4291,2.4291,2.4291,2.4291,2.4291,2.4291,2.4291,2.4291,2.4291,2.4291,2.4291,2.4291
2.4327,2.4327,2.4327,2.4327,2.4327,2.4327,2.4327,2.4327,2.4327,2.4327,2.4327,2.4327,2.4327,2.4327,2.4327,2.4327,2.4327,2.4327,2.4327,2.4327,2.4327,2.4327,2.4327,2.4327,2.4327
1.9761,2.0826,2.1882,2.2927,2.3974,2.4363,2.4363,2.4363,2.4363,2.4363,2.4363,2.003,0.4692,1.1903,1.3061,1.3953,1.4189,1.4418,1.4538,1.4658,1.4768,1.4876,1.4983,1.509,1.5197
2.4399,2.4399,2.4399,2.4399,2.4399,2.4399,2.4399,2.4399,2.4399,2.4399,2.4399,2.4399,1.0669,1.6478,1.5382,1.4538,1.4315,1.4098,1.3985,1.3871,1.3767,1.3665,1.3563,1.3462,1.3361
2.4435,2.4435,2.4435,2.4435,2.4435,2.4435,2.4435,2.4435,2.4435,2.4435,2.4435,2.4435,2.4435,2.4435,1.1276,1.8864,2.4435,2.4435,2.4435,2.4435,2.4435,2.4435,2.4435,2.4435,2.4435
2.4472,2.4472,2.4472,2.4472,2.4472,2.4472,2.4472,2.4472,2.4472,2.2074,1.5383,0.9163,2.4472,2.4472,2.4472,2.4472,2.4472,2.4472,2.4472,2.4472,2.4472,2.4472,2.4472,2.4472,2.4472
2.4509,2.4509,2.4509,2.4509,2.4509,2.4509,2.4509,2.4509,2.4509,2.4509,2.4509,2.4509,2.4509,2.4509,1.6838,1.6944,1.6685,1.6432,1.6299,1.6167,1.6046,1.5926,1.5808,1.569,1.5572
1.792,1.8885,1.9843,2.0791,2.1741,2.2698,2.3656,2.4545,2.4545,2.4545,2.4545,2.4545,2.4545,1.0794,1.1844,1.2653,1.2867,1.3075,1.3183,1.3292,1.3392,1.349,1.3587,1.3684,1.3781
2.4582,2.4582,2.4582,2.4582,2.4582,2.4582,2.4582,2.4582,2.4582,2.4582,1.9636,2.4582,2.4582,2.4208,2.2598,2.1358,2.103,2.0711,2.0545,2.0378,2.0225,2.0075,1.9925,1.9777,1.9628
2.4619,2.4619,2.4619,2.4619,2.4619,2.4619,2.4619,2.4619,2.4619,2.4619,2.4619,2.4619,2.4619,2.4619,2.4619,2.4619,2.4619,2.4619,2.4619,2.4619,2.4619,2.4619,2.4619,2.4619,2.4619
2.4656,2.4656,2.4656,2.4656,2.4656,2.4656,2.4656,2.4656,2.4656,2.4656,2.1037,1.1906,0.4312,1.5169,1.6645,1.7782,1.8082,1.8375,1.8528,1.868,1.8821,1.8959,1.9095,1.9232,1.9368
2.4693,2.4693,2.4693,2.4693,2.4693,2.4693,2.4693,2.4693,2.4693,2.4693,2.4693,2.4693,2.4693,1.5616,1.4577,1.3777,1.3566,1.336,1.3252,1.3145,1.3046,1.2949,1.2853,1.2757,1.2661
2.2978,2.4216,2.4731,2.4731,2.4731,2.4731,2.4731,2.4731,2.4731,2.4731,2.4731,2.4731,2.4731,0.5318,1.5117,1.6224,1.6498,1.6765,1.6904,1.7044,1.7172,1.7298,1.7422,1.7547,1.7671
2.4768,2.4768,2.4768,2.4768,2.4768,2.4768,2.4768,2.4768,2.4768,2.4768,2.4768,2.4768,2.4768,2.4768,2.4768,2.4768,2.4768,2.4768,2.4768,2.4768,2.4768,2.4768,2.4768,2.4768,2.4768
2.4805,2.4805,2.4805,2.4805,2.4805,2.4805,2.4805,2.4805,2.4805,2.4805,2.4805,2.4805,2.4805,2.4805,2.4805,1.9601,2.3735,2.3375,2.3187,2.2999,2.2826,2.2656,2.2488,2.232,2.2153
1.8073,1.9047,2.0013,2.0969,2.1927,2.2893,2.3859,2.4825,2.4843,2.4843,2.4843,2.4843,0.8881,1.0886,1.1946,1.2762,1.2977,1.3187,1.3296,1.3406,1.3507,1.3606,1.3704,1.3802,1.3899
2.4881,2.4881,2.4881,2.4881,2.4881,2.4881,2.4881,2.4881,2.4881,2.4881,2.4881,1.6984,1.9073,1.7853,1.6666,1.5751,1.5509,1.5274,1.5151,1.5029,1.4916,1.4805,1.4695,1.4585,1.4475
2.4919,2.4919,2.4919,2.4919,2.4919,2.4919,2.4919,2.4919,2.4919,2.4919,2.4919,2.4919,2.4919,2.4919,2.4919,2.4919,2.3727,2.4919,2.4919,2.4919,2.4919,2.4919,2.4919,2.4919,2.4919
2.4957,2.4957,2.4957,2.4957,2.4957,2.4957,2.4957,2.4957,2.4957,2.3401,1.6307,0.9229,2.2832,2.4957,2.4957,2.4957,2.4957,2.4957,2.4957,2.4957,2.4957,2.4957,2.4957,2.4957,2.4957
2.4995,2.4995,2.4995,2.4995,2.4995,2.4995,2.4995,2.4995,2.4995,2.4995,2.4995,2.4995,2.4995,0.9718,1.5665,1.4805,1.4578,1.4357,1.4242,1.4126,1.402,1.3916,1.3812,1.3709,1.3606
1.8611,1.9614,2.0609,2.1593,2.2579,2.3574,2.4569,2.5033,2.5033,2.5033,2.5033,2.5033,2.5033,0.9386,1.2301,1.3141,1.3363,1.3579,1.3692,1.3805,1.3909,1.401,1.4112,1.4212,1.4313
2.5071,2.5071,2.5071,2.5071,2.5071,2.5071,2.5071,2.5071,2.5071,2.5071,2.5071,2.5071,2.5071,2.5071,2.5071,2.5071,2.5071,2.5071,2.5071,2.5071,2.5071,2.5071,2.5071,2.5071,2.5071
2.511,2.511,2.511,2.511,2.511,2.511,2.511,2.511,2.511,2.511,2.511,2.511,2.511,2.511,2.511,2.511,2.511,2.511,2.511,2.511,2.511,2.511,2.511,2.511,2.511
2.0809,2.193,2.3042,2.4143,2.5148,2.5148,2.5148,2.5148,2.5148,2.5148,2.5148,1.5367,0.36,1.2534,1.3753,1.4693,1.4941,1.5183,1.5309,1.5435,1.5551,1.5665,1.5778,1.5891,1.6003
2.5187,2.5187,2.5187,2.5187,2.5187,2.5187,2.5187,2.5187,2.5187,2.5187,2.5187,2.5187,1.1704,1.5601,1.4563,1.3764,1.3553,1.3348,1.324,1.3133,1.3034,1.2937,1.2841,1.2745,1.265
2.5226,2.5226,2.5226,2.5226,2.5226,2.5226,2.5226,2.5226,2.5226,2.5226,2.5226,2.5226,2.5226,2.5226,1.207,2.0042,2.038,2.071,2.0882,2.1054,2.1212,2.1368,2.1522,2.1675,2.1829
2.5264,2.5264,2.5264,2.5264,2.5264,2.5264,2.5264,2.5264,2.5264,2.1158,1.4745,2.5264,2.5264,2.5264,2.5264,2.5264,2.5264,2.5264,2.5264,2.5264,2.5264,2.5264,2.5264,2.5264,2.5264
2.5303,2.5303,2.5303,2.5303,2.5303,2.5303,2.5303,2.5303,2.5303,2.5303,2.5303,2.5303,2.5303,2.5303,1.3956,1.8475,1.8191,1.7915,1.7771,1.7627,1.7495,1.7365,1.7236,1.7107,1.6979
1.7384,1.8321,1.925,2.0169,2.1091,2.202,2.2949,2.3879,2.4809,2.5343,2.5343,2.5343,2.5343,1.0471,1.149,1.2275,1.2482,1.2684,1.2789,1.2895,1.2992,1.3087,1.3181,1.3275,1.3369
2.5382,2.5382,2.5382,2.5382,2.5382,2.5382,2.5382,2.5382,2.5382,2.5382,2.187,2.3475,2.2022,2.0614,1.9243,1.8187,1.7908,1.7636,1.7494,1.7353,1.7222,1.7094,1.6967,1.684,1.6714
2.5421,2.5421,2.5421,2.5421,2.5421,2.5421,2.5421,2.5421,2.5421,2.5421,2.5421,2.5421,2.5421,2.5421,2.5421,2.5421,2.5421,2.5421,2.5421,2.5421,2.5421,2.5421,2.5421,2.5421,2.5421
2.5461,2.5461,2.5461,2.5461,2.5461,2.5461,2.5461,2.5461,2.5461,2.5461,1.8321,1.0369,1.5594,1.7326,1.9011,2.031,2.0653,2.0987,2.1161,2.1336,2.1496,2.1654,2.181,2.1966,2.2121
2.55,2.55,2.55,2.55,2.55,2.55,2.55,2.55,2.55,2.55,2.55,2.55,2.55,1.5515,1.4483,1.3688,1.3478,1.3273,1.3167,1.306,1.2962,1.2866,1.277,1.2675,1.2579
2.0402,2.1502,2.2592,2.3671,2.4752,2.554,2.554,2.554,2.554,2.554,2.554,2.554,2.554,0.5867,1.3485,1.4406,1.4649,1.4886,1.501,1.5133,1.5247,1.5359,1.547,1.558,1.569
2.558,2.558,2.558,2.558,2.558,2.558,2.558,2.558,2.558,2.558,2.558,2.558,2.558,2.558,2.558,2.558,2.558,2.558,2.558,2.558,2.558,2.558,2.558,2.558,2.558
2.562,2.562,2.562,2.562,2.562,2.562,2.562,2.562,2.562,2.562,2.562,2.562,2.562,2.562,2.562,1.7703,2.4885,2.562,2.562,2.562,2.562,2.562,2.562,2.562,2.562
1.8408,1.94,2.0384,2.1357,2.2333,2.3317,2.4301,2.5285,2.566,2.566,2.566,2.3525,0.5511,1.1088,1.2167,1.2998,1.3217,1.3431,1.3543,1.3654,1.3757,1.3858,1.3958,1.4057,1.4157
2.57,2.57,2.57,2.57,2.57,2.57,2.57,2.57,2.57,2.57,2.57,2.1956,1.7492,1.6373,1.5284,1.4445,1.4224,1.4008,1.3895,1.3783,1.3679,1.3578,1.3477,1.3376,1.3276
2.5741,2.5741,2.5741,2.5741,2.5741,2.5741,2.5741,2.5741,2.5741,2.5741,2.5741,2.5741,2.5741,2.5741,1.1593,1.7422,2.449,2.5741,2.5741,2.5741,2.5741,2.5741,2.5741,2.5741,2.5741
2.5781,2.5781,2.5781,2.5781,2.5781,2.5781,2.5781,2.5781,2.5781,2.1765,1.5168,0.8584,2.5781,2.5781,2.5781,2.5781,2.5781,2.5781,2.5781,2.5781,2.5781,2.5781,2.5781,2.5781,2.5781
2.5822,2.5822,2.5822,2.5822,2.5822,2.5822,2.5822,2.5822,2.5822,2.5822,2.5822,2.5822,2.5822,2.5822,1.6401,1.5501,1.5264,1.5032,1.4911,1.479,1.4679,1.457,1.4462,1.4354,1.4246
1.754,1.8486,1.9423,2.035,2.128,2.2218,2.3155,2.4093,2.5031,2.5863,2.5863,2.5863,2.5863,1.0565,1.1593,1.2385,1.2594,1.2798,1.2904,1.301,1.3108,1.3204,1.33,1.3395,1.3489
2.5904,2.5904,2.5904,2.5904,2.5904,2.5904,2.5904,2.5904,2.5904,2.5505,2.5904,2.5904,2.5904,2.5904,2.4262,2.293,2.2579,2.2236,2.2058,2.1879,2.1714,2.1553,2.1393,2.1233,2.1074
2.5945,2.5945,2.5945,2.5945,2.5945,2.5945,2.5945,2.5945,2.5945,2.5945,2.5945,2.5945,2.5945,2.5945,2.5945,2.5945,2.5945,2.5945,2.5945,2.5945,2.5945,2.5945,2.5945,2.5945,2.5945
2.2517,2.373,2.4934,2.5986,2.5986,2.5986,2.5986,2.5986,2.5986,2.5986,2.2203,1.2567,0.3856,1.3563,1.4882,1.5899,1.6167,1.6429,1.6565,1.6702,1.6827,1.6951,1.7073,1.7195,1.7316
2.6027,2.6027,2.6027,2.6027,2.6027,2.6027,2.6027,2.6027,2.6027,2.6027,2.6027,2.6027,2.6027,1.5071,1.4068,1.3296,1.3093,1.2894,1.279,1.2687,1.2591,1.2498,1.2405,1.2312,1.222
2.3913,2.5202,2.6068,2.6068,2.6068,2.6068,2.6068,2.6068,2.6068,2.6068,2.6068,2.6068,2.6068,0.5535,1.3321,1.6885,1.717,1.7448,1.7593,1.7738,1.7871,1.8002,1.8132,1.8261,1.8391
2.611,2.611,2.611,2.611,2.611,2.611,2.611,2.611,2.611,2.611,2.611,2.611,2.611,2.611,2.611,2.611,2.611,2.611,2.611,2.611,2.611,2.611,2.611,2.611,2.611
2.6152,2.6152,2.6152,2.6152,2.6152,2.6152,2.6152,2.6152,2.6152,2.6152,2.6152,2.6152,2.6152,2.6152,1.2125,2.0157,2.0548,2.0236,2.0074,1.9911,1.9761,1.9614,1.9468,1.9323,1.9178
1.7198,1.8125,1.9044,1.9953,2.0865,2.1784,2.2703,2.3623,2.4543,2.5463,2.6193,2.6193,1.3535,1.0359,1.1367,1.2143,1.2348,1.2548,1.2652,1.2757,1.2852,1.2947,1.304,1.3133,1.3226
2.6235,2.6235,2.6235,2.6235,2.6235,2.6235,2.6235,2.6235,2.6235,2.6235,2.5402,1.4377,1.9409,1.8168,1.696,1.6029,1.5783,1.5544,1.5419,1.5294,1.5179,1.5066,1.4954,1.4842,1.4731
2.6277,2.6277,2.6277,2.6277,2.6277,2.6277,2.6277,2.6277,2.6277,2.6277,2.6277,2.6277,2.6277,2.6277,2.6277,2.6277,2.6277,2.6277,2.6277,2.6277,2.6277,2.6277,2.6277,2.6277,2.6277
2.632,2.632,2.632,2.632,2.632,2.632,2.632,2.632,2.632,2.3592,1.6441,0.9305,1.8758,2.0841,2.2869,2.4431,2.4844,2.5245,2.5455,2.5665,2.5858,2.6047,2.6235,2.632,2.632
2.6362,2.6362,2.6362,2.6362,2.6362,2.6362,2.6362,2.6362,2.6362,2.6362,2.6362,2.6362,2.6362,0.9812,1.4682,1.3876,1.3663,1.3456,1.3348,1.324,1.314,1.3043,1.2946,1.2849,1.2753
1.8604,1.9607,2.0601,2.1585,2.2571,2.3566,2.456,2.5555,2.6405,2.6405,2.6405,2.6405,2.6405,0.7389,1.2297,1.3137,1.3358,1.3574,1.3687,1.38,1.3904,1.4005,1.4107,1.4207,1.4308
2.6447,2.6447,2.6447,2.6447,2.6447,2.6447,2.6447,2.6447,2.6447,2.6447,2.6447,2.6447,2.6447,2.6447,2.6447,2.6447,2.6447,2.6447,2.6447,2.6447,2.6447,2.6447,2.6447,2.6447,2.6447
2.649,2.649,2.649,2.649,2.649,2.649,2.649,2.649,2.649,2.649,2.649,2.649,2.649,2.649,2.649,2.649,2.3027,2.649,2.649,2.649,2.649,2.649,2.649,2.649,2.649
1.9167,2.02,2.1224,2.2238,2.3254,2.4278,2.5302,2.6327,2.6533,2.6533,2.6533,1.7104,0.4007,1.1545,1.2668,1.3534,1.3762,1.3985,1.4101,1.4217,1.4324,1.4429,1.4533,1.4637,1.474
2.6576,2.6576,2.6576,2.6576,2.6576,2.6576,2.6576,2.6576,2.6576,2.6576,2.6576,2.6576,0.9943,1.5357,1.4336,1.3549,1.3341,1.3139,1.3033,1.2928,1.283,1.2735,1.264,1.2546,1.2452
2.6619,2.6619,2.6619,2.6619,2.6619,2.6619,2.6619,2.6619,2.6619,2.6619,2.6619,2.6619,2.6619,2.6619,1.1006,1.8412,2.2138,2.2496,2.2683,2.287,2.3042,2.3211,2.3378,2.3545,2.3712
2.6662,2.6662,2.6662,2.6662,2.6662,2.6662,2.6662,2.6662,2.6662,2.0678,1.441,2.6662,2.6662,2.6662,2.6662,2.6662,2.6662,2.6662,2.6662,2.6662,2.6662,2.6662,2.6662,2.6662,2.6662
2.6706,2.6706,2.6706,2.6706,2.6706,2.6706,2.6706,2.6706,2.6706,2.6706,2.6706,2.6706,2.6706,2.6706,1.4876,1.6654,1.6399,1.615,1.602,1.589,1.5771,1.5653,1.5537,1.5421,1.5305
1.687,1.7779,1.8681,1.9572,2.0467,2.1368,2.227,2.3172,2.4074,2.4977,2.5879,2.6749,2.6749,1.0161,1.115,1.1912,1.2113,1.2309,1.2411,1.2513,1.2607,1.27,1.2791,1.2883,1.2974
2.6793,2.6793,2.6793,2.6793,2.6793,2.6793,2.6793,2.6793,2.6793,2.6793,1.9452,2.4639,2.3115,2.1636,2.0197,1.9089,1.8796,1.8511,1.8362,1.8213,1.8076,1.7942,1.7809,1.7676,1.7543
2.6837,2.6837,2.6837,2.6837,2.6837,2.6837,2.6837,2.6837,2.6837,2.6837,2.6837,2.6837,2.6837,2.6837,2.6837,2.6837,2.6837,2.6837,2.6837,2.6837,2.6837,2.6837,2.6837,2.6837,2.6837
2.5177,2.6534,2.6881,2.6881,2.6881,2.6881,2.6881,2.6881,2.6881,2.6881,1.8983,1.0744,1.3649,1.5165,1.6641,1.7777,1.8077,1.837,1.8522,1.8675,1.8815,1.8953,1.909,1.9226,1.9362
2.6925,2.6925,2.6925,2.6925,2.6925,2.6925,2.6925,2.6925,2.6925,2.6925,2.6925,2.6925,2.6925,1.4845,1.3857,1.3097,1.2896,1.27,1.2598,1.2496,1.2402,1.231,1.2218,1.2127,1.2036
2.0906,2.2032,2.315,2.4255,2.5363,2.648,2.697,2.697,2.697,2.697,2.697,2.697,2.697,0.5033,1.3818,1.4761,1.5011,1.5253,1.538,1.5507,1.5623,1.5738,1.5851,1.5965,1.6078
2.7014,2.7014,2.7014,2.7014,2.7014,2.7014,2.7014,2.7014,2.7014,2.7014,2.7014,2.7014,2.7014,2.7014,2.7014,2.7014,2.7014,2.7014,2.7014,2.7014,2.7014,2.7014,2.7014,2.7014,2.7014
2.7059,2.7059,2.7059,2.7059,2.7059,2.7059,2.7059,2.7059,2.7059,2.7059,2.7059,2.7059,2.7059,2.7059,2.7059,1.7962,2.4317,2.3948,2.3755,2.3563,2.3386,2.3212,2.3039,2.2867,2.2696
1.7354,1.8289,1.9216,2.0134,2.1054,2.1981,2.2908,2.3837,2.4765,2.5693,2.6622,2.7103,0.6882,1.0453,1.147,1.2253,1.246,1.2662,1.2767,1.2872,1.2969,1.3064,1.3158,1.3252,1.3346
2.7148,2.7148,2.7148,2.7148,2.7148,2.7148,2.7148,2.7148,2.7148,2.7148,2.7148,1.7711,1.7591,1.6466,1.5371,1.4527,1.4304,1.4087,1.3974,1.3861,1.3757,1.3654,1.3553,1.3452,1.3351
2.7193,2.7193,2.7193,2.7193,2.7193,2.7193,2.7193,2.7193,2.7193,2.7193,2.7193,2.7193,2.7193,2.7193,2.7193,1.6292,2.2902,2.7193,2.7193,2.7193,2.7193,2.7193,2.7193,2.7193,2.7193
2.7239,2.7239,2.7239,2.7239,2.7239,2.7239,2.7239,2.7239,2.7239,2.171,1.5129,0.8563,2.4398,2.7108,2.7239,2.7239,2.7239,2.7239,2.7239,2.7239,2.7239,2.7239,2.7239,2.7239,2.7239
2.7284,2.7284,2.7284,2.7284,2.7284,2.7284,2.7284,2.7284,2.7284,2.7284,2.7284,2.7284,2.7284,0.9433,1.5205,1.437,1.415,1.3935,1.3823,1.3711,1.3608,1.3507,1.3407,1.3307,1.3207
1.7362,1.8297,1.9225,2.0143,2.1064,2.1991,2.2919,2.3848,2.4776,2.5705,2.6634,2.7329,2.7329,1.0407,1.1475,1.2259,1.2466,1.2668,1.2773,1.2878,1.2975,1.307,1.3164,1.3258,1.3352
2.7375,2.7375,2.7375,2.7375,2.7375,2.7375,2.7375,2.7375,2.7375,2.4166,2.7375,2.7375,2.7375,2.7375,2.6692,2.5227,2.484,2.4463,2.4267,2.407,2.3889,2.3711,2.3535,2.336,2.3184
2.7421,2.7421,2.7421,2.7421,2.7421,2.7421,2.7421,2.7421,2.7421,2.7421,2.7421,2.7421,2.7421,2.7421,2.7421,2.7421,2.7421,2.7421,2.7421,2.7421,2.7421,2.7421,2.7421,2.7421,2.7421
2.0453,2.1555,2.2648,2.373,2.4814,2.5907,2.7,2.7467,2.7467,2.7467,2.3914,1.3535,0.3502,1.232,1.3518,1.4442,1.4686,1.4923,1.5047,1.5171,1.5285,1.5397,1.5508,1.5619,1.5729
2.7513,2.7513,2.7513,2.7513,2.7513,2.7513,2.7513,2.7513,2.7513,2.7513,2.7513,2.7513,1.5944,1.4703,1.3725,1.2972,1.2773,1.2579,1.2478,1.2377,1.2284,1.2192,1.2102,1.2012,1.1921
2.5323,2.6688,2.7559,2.7559,2.7559,2.7559,2.7559,2.7559,2.7559,2.7559,2.7559,2.7559,2.7559,2.7559,1.1951,1.7881,1.8183,1.8477,1.863,1.8784,1.8925,1.9063,1.9201,1.9338,1.9475
2.7606,2.7606,2.7606,2.7606,2.7606,2.7606,2.7606,2.7606,2.6112,2.0038,2.7606,2.7606,2.7606,2.7606,2.7606,2.7606,2.7606,2.7606,2.7606,2.7606,2.7606,2.7606,2.7606,2.7606,2.7606
2.7652,2.7652,2.7652,2.7652,2.7652,2.7652,2.7652,2.7652,2.7652,2.7652,2.7652,2.7652,2.7652,2.7652,1.2582,1.8448,1.8165,1.789,1.7746,1.7602,1.747,1.734,1.7211,1.7083,1.6954
1.6543,1.7435,1.8319,1.9194,2.0071,2.0955,2.1839,2.2724,2.3608,2.4493,2.5378,2.6349,2.7376,0.9965,1.0934,1.1681,1.1878,1.207,1.2171,1.2271,1.2363,1.2454,1.2544,1.2633,1.2723
2.7746,2.7746,2.7746,2.7746,2.7746,2.7746,2.7746,2.7746,2.7746,2.7746,2.2057,1.3459,2.0029,1.8748,1.7501,1.654,1.6287,1.604,1.5911,1.5782,1.5663,1.5547,1.5431,1.5316,1.5201
2.7793,2.7793,2.7793,2.7793,2.7793,2.7793,2.7793,2.7793,2.7793,2.7793,2.7793,2.7793,2.7793,2.7793,2.7793,2.7793,2.7793,2.7793,2.7793,2.7793,2.7793,2.7793,2.7793,2.7793,2.7793
2.784,2.784,2.784,2.784,2.784,2.784,2.784,2.784,2.784,2.4093,1.6789,0.9502,1.592,1.7688,1.9409,2.0735,2.1085,2.1426,2.1604,2.1782,2.1946,2.2107,2.2266,2.2425,2.2584
2.7888,2.7888,2.7888,2.7888,2.7888,2.7888,2.7888,2.7888,2.7888,2.7888,2.7888,2.7888,2.7888,1.2792,1.3918,1.3154,1.2952,1.2756,1.2653,1.2551,1.2457,1.2364,1.2272,1.218,1.2089
1.8823,1.9837,2.0843,2.1838,2.2836,2.3842,2.4848,2.5855,2.6862,2.7869,2.7935,2.7935,2.7935,0.6083,1.2441,1.3291,1.3515,1.3734,1.3848,1.3962,1.4067,1.417,1.4272,1.4374,1.4476
2.7983,2.7983,2.7983,2.7983,2.7983,2.7983,2.7983,2.7983,2.7983,2.7983,2.7983,2.7983,2.7983,2.7983,2.7983,2.7983,2.7983,2.7983,2.7983,2.7983,2.7983,2.7983,2.7983,2.7983,2.7983
2.8031,2.8031,2.8031,2.8031,2.8031,2.8031,2.8031,2.8031,2.8031,2.8031,2.8031,2.8031,2.8031,2.8031,2.8031,1.6432,2.31,2.8031,2.8031,2.8031,2.8031,2.8031,2.8031,2.8031,2.8031
1.7877,1.8841,1.9796,2.0741,2.1689,2.2644,2.36,2.4556,2.5512,2.6469,2.7425,1.9712,0.4618,1.0768,1.1816,1.2623,1.2836,1.3044,1.3152,1.326,1.336,1.3458,1.3555,1.3652,1.3748
2.8127,2.8127,2.8127,2.8127,2.8127,2.8127,2.8127,2.8127,2.8127,2.8127,2.8127,2.395,1.6328,1.5284,1.4267,1.3484,1.3278,1.3076,1.2971,1.2866,1.2769,1.2674,1.258,1.2486,1.2392
2.8175,2.8175,2.8175,2.8175,2.8175,2.8175,2.8175,2.8175,2.8175,2.8175,2.8175,2.8175,2.8175,2.8175,1.0172,1.7017,2.3921,2.5099,2.5307,2.5516,2.5708,2.5896,2.6083,2.6269,2.6455
2.8224,2.8224,2.8224,2.8224,2.8224,2.8224,2.8224,2.8224,2.6617,2.0425,1.4234,0.8056,2.8224,2.8224,2.8224,2.8224,2.8224,2.8224,2.8224,2.8224,2.8224,2.8224,2.8224,2.8224,2.8224
2.8273,2.8273,2.8273,2.8273,2.8273,2.8273,2.8273,2.8273,2.8273,2.8273,2.8273,2.8273,2.8273,2.8273,1.6121,1.5236,1.5002,1.4775,1.4656,1.4537,1.4428,1.4321,1.4214,1.4108,1.4002
1.6544,1.7435,1.832,1.9194,2.0071,2.0955,2.1839,2.2724,2.3609,2.4494,2.5379,2.6349,2.7377,0.9965,1.0935,1.1681,1.1879,1.2071,1.2171,1.2271,1.2364,1.2454,1.2544,1.2634,1.2723
2.8371,2.8371,2.8371,2.8371,2.8371,2.8371,2.8371,2.8371,2.8371,2.5242,1.8143,2.6338,2.4709,2.3128,2.159,2.0405,2.0092,1.9788,1.9628,1.9469,1.9323,1.9179,1.9037,1.8895,1.8753
2.842,2.842,2.842,2.842,2.842,2.842,2.842,2.842,2.842,2.842,2.842,2.842,2.842,2.842,2.842,2.842,2.842,2.842,2.842,2.842,2.842,2.842,2.842,2.842,2.842
2.2461,2.3672,2.4872,2.606,2.725,2.8451,2.8469,2.8469,2.8469,2.8469,1.9985,1.1311,0.3846,1.3529,1.4846,1.586,1.6127,1.6388,1.6524,1.666,1.6786,1.6909,1.7031,1.7152,1.7274
2.8519,2.8519,2.8519,2.8519,2.8519,2.8519,2.8519,2.8519,2.8519,2.8519,2.8519,2.8519,2.8519,1.4353,1.3399,1.2663,1.2469,1.228,1.2181,1.2083,1.1992,1.1903,1.1814,1.1726,1.1638
2.1729,2.29,2.4061,2.521,2.6362,2.7523,2.8568,2.8568,2.8568,2.8568,2.8568,2.8568,2.8568,0.5029,1.3411,1.5343,1.5602,1.5854,1.5986,1.6117,1.6239,1.6358,1.6476,1.6593,1.6711
2.8618,2.8618,2.8618,2.8618,2.8618,2.8618,2.8618,2.8618,2.8618,2.8618,2.8618,2.8618,2.8618,2.8618,2.8618,2.8618,2.8618,2.8618,2.8618,2.8618,2.8618,2.8618,2.8618,2.8618,2.8618
2.8668,2.8668,2.8668,2.8668,2.8668,2.8668,2.8668,2.8668,2.8668,2.8668,2.8668,2.8668,2.8668,2.8668,1.2341,1.8464,2.0915,2.0597,2.0432,2.0266,2.0114,1.9964,1.9816,1.9668,1.952
1.6539,1.743,1.8314,1.9188,2.0065,2.0949,2.1833,2.2717,2.3602,2.4487,2.5371,2.6341,0.9503,0.9962,1.0931,1.1678,1.1875,1.2067,1.2167,1.2268,1.236,1.245,1.254,1.263,1.2719
2.8769,2.8769,2.8769,2.8769,2.8769,2.8769,2.8769,2.8769,2.8769,2.8769,2.6212,1.4835,1.7906,1.6761,1.5646,1.4787,1.456,1.434,1.4224,1.4109,1.4003,1.3899,1.3795,1.3693,1.359
2.882,2.882,2.882,2.882,2.882,2.882,2.882,2.882,2.882,2.882,2.882,2.882,2.882,2.882,2.882,2.882,2.166,2.7912,2.882,2.882,2.882,2.882,2.882,2.882,2.882
2.887,2.887,2.887,2.887,2.887,2.887,2.887,2.887,2.8543,2.1903,1.5264,0.8639,1.9705,2.1894,2.4024,2.5665,2.6099,2.6521,2.6741,2.6961,2.7164,2.7363,2.7561,2.7757,2.7954
2.8921,2.8921,2.8921,2.8921,2.8921,2.8921,2.8921,2.8921,2.8921,2.8921,2.8921,2.8921,2.8921,0.8849,1.4264,1.3481,1.3275,1.3073,1.2968,1.2863,1.2766,1.2672,1.2577,1.2483,1.239
1.7373,1.8309,1.9238,2.0156,2.1078,2.2006,2.2934,2.3864,2.4793,2.5722,2.6652,2.767,2.8749,0.7958,1.1483,1.2267,1.2474,1.2676,1.2781,1.2886,1.2983,1.3078,1.3173,1.3267,1.3361
2.9024,2.9024,2.9024,2.9024,2.9024,2.9024,2.9024,2.9024,2.9024,2.9024,2.9024,2.9024,2.9024,2.9024,2.9024,2.8592,2.8153,2.7726,2.7503,2.7281,2.7076,2.6874,2.6674,2.6475,2.6277
2.9075,2.9075,2.9075,2.9075,2.9075,2.9075,2.9075,2.9075,2.9075,2.9075,2.9075,2.9075,2.9075,2.9075,2.9075,2.9075,2.253,2.7859,2.9075,2.9075,2.9075,2.9075,2.9075,2.9075,2.9075
1.8837,1.9852,2.0859,2.1855,2.2854,2.386,2.4867,2.5874,2.6882,2.789,2.6368,1.4924,0.3496,1.1346,1.245,1.3301,1.3525,1.3744,1.3858,1.3972,1.4077,1.4181,1.4283,1.4385,1.4487
2.9179,2.9179,2.9179,2.9179,2.9179,2.9179,2.9179,2.9179,2.9179,2.9179,2.9179,2.9179,0.9383,1.4493,1.3529,1.2786,1.259,1.2399,1.23,1.22,1.2108,1.2018,1.1929,1.184,1.1751
2.7343,2.8817,2.9231,2.9231,2.9231,2.9231,2.9231,2.9231,2.9231,2.9231,2.9231,2.9231,2.9231,2.9231,1.0888,1.8214,1.9633,1.995,2.0116,2.0282,2.0434,2.0584,2.0732,2.088,2.1028
2.9283,2.9283,2.9283,2.9283,2.9283,2.9283,2.9283,2.9283,2.5555,1.961,1.3666,2.9283,2.9283,2.9283,2.9283,2.9283,2.9283,2.9283,2.9283,2.9283,2.9283,2.9283,2.9283,2.9283,2.9283
2.9336,2.9336,2.9336,2.9336,2.9336,2.9336,2.9336,2.9336,2.9336,2.9336,2.9336,2.9336,2.9336,2.9336,1.336,1.6597,1.6342,1.6094,1.5965,1.5836,1.5717,1.56,1.5484,1.5368,1.5253
1.6076,1.6943,1.7802,1.8652,1.9504,2.0363,2.1222,2.2082,2.2942,2.3802,2.4662,2.5605,2.6603,0.9683,1.0626,1.1351,1.1543,1.173,1.1827,1.1925,1.2014,1.2102,1.219,1.2277,1.2364
2.9441,2.9441,2.9441,2.9441,2.9441,2.9441,2.9441,2.9441,2.9441,2.8055,1.955,2.2357,2.0974,1.9632,1.8327,1.7321,1.7055,1.6797,1.6661,1.6526,1.6402,1.628,1.6159,1.6039,1.5918
2.9494,2.9494,2.9494,2.9494,2.9494,2.9494,2.9494,2.9494,2.9494,2.9494,2.9494,2.9494,2.9494,2.9494,2.9494,2.9494,2.9494,2.9494,2.9494,2.9494,2.9494,2.9494,2.9494,2.9494,2.9494
2.5559,2.6936,2.8302,2.9547,2.9547,2.9547,2.9547,2.9547,2.9547,2.4933,1.7375,0.9834,1.3856,1.5395,1.6893,1.8047,1.8351,1.8648,1.8803,1.8958,1.9101,1.9241,1.9379,1.9518,1.9656
2.9601,2.9601,2.9601,2.9601,2.9601,2.9601,2.9601,2.9601,2.9601,2.9601,2.9601,2.9601,2.9601,1.4283,1.3333,1.2601,1.2408,1.222,1.2122,1.2023,1.1933,1.1844,1.1756,1.1668,1.1581
1.9278,2.0317,2.1347,2.2366,2.3388,2.4419,2.5449,2.648,2.7511,2.8542,2.9574,2.9654,2.9654,0.5173,1.2742,1.3612,1.3842,1.4066,1.4183,1.4299,1.4407,1.4512,1.4617,1.4722,1.4826
2.9708,2.9708,2.9708,2.9708,2.9708,2.9708,2.9708,2.9708,2.9708,2.9708,2.9708,2.9708,2.9708,2.9708,2.9708,2.9708,2.9708,2.9708,2.9708,2.9708,2.9708,2.9708,2.9708,2.9708,2.9708
2.9762,2.9762,2.9762,2.9762,2.9762,2.9762,2.9762,2.9762,2.9762,2.9762,2.9762,2.9762,2.9762,2.9762,2.9762,1.6674,2.3439,2.4999,2.4798,2.4597,2.4412,2.4231,2.405,2.3871,2.3692
1.6865,1.7773,1.8675,1.9566,2.046,2.1362,2.2263,2.3165,2.4067,2.4969,2.5871,2.3819,0.558,1.0158,1.1147,1.1908,1.2109,1.2305,1.2407,1.2509,1.2603,1.2696,1.2787,1.2878,1.297
2.9871,2.9871,2.9871,2.9871,2.9871,2.9871,2.9871,2.9871,2.9871,2.9871,2.9871,1.8882,1.6428,1.5377,1.4355,1.3567,1.3359,1.3156,1.305,1.2945,1.2847,1.2752,1.2657,1.2563,1.2468
2.9925,2.9925,2.9925,2.9925,2.9925,2.9925,2.9925,2.9925,2.9925,2.9925,2.9925,2.9925,2.9925,2.9925,2.9925,1.5917,2.2376,2.8834,2.9203,2.9444,2.9665,2.9883,2.9925,2.9925,2.9925
2.998,2.998,2.998,2.998,2.998,2.998,2.998,2.998,2.6568,2.0388,1.4208,0.8041,2.6821,2.98,2.998,2.998,2.998,2.998,2.998,2.998,2.998,2.998,2.998,2.998,2.998
3.0035,3.0035,3.0035,3.0035,3.0035,3.0035,3.0035,3.0035,3.0035,3.0035,3.0035,3.0035,3.0035,3.0035,1.4941,1.4121,1.3904,1.3693,1.3583,1.3473,1.3372,1.3273,1.3174,1.3076,1.2977
1.639,1.7273,1.8149,1.9015,1.9884,2.076,2.1636,2.2513,2.3389,2.4266,2.5143,2.6104,2.7122,0.9872,1.0833,1.1573,1.1768,1.1958,1.2058,1.2157,1.2248,1.2338,1.2427,1.2516,1.2605
3.0145,3.0145,3.0145,3.0145,3.0145,3.0145,3.0145,3.0145,3.0145,2.3156,3.0145,2.8749,2.6971,2.5246,2.3567,2.2273,2.1932,2.1599,2.1425,2.1252,2.1092,2.0935,2.0779,2.0624,2.047
3.0201,3.0201,3.0201,3.0201,3.0201,3.0201,3.0201,3.0201,3.0201,3.0201,3.0201,3.0201,3.0201,3.0201,3.0201,3.0201,3.0201,3.0201,3.0201,3.0201,3.0201,3.0201,3.0201,3.0201,3.0201
2.0364,2.1462,2.255,2.3627,2.4707,2.5795,2.6883,2.7972,2.9061,3.0151,2.1414,1.212,0.3487,1.2266,1.346,1.4379,1.4622,1.4858,1.4982,1.5105,1.5219,1.533,1.5441,1.5551,1.5661
3.0313,3.0313,3.0313,3.0313,3.0313,3.0313,3.0313,3.0313,3.0313,3.0313,3.0313,3.0313,2.7149,1.4017,1.3085,1.2367,1.2177,1.1992,1.1896,1.18,1.1711,1.1624,1.1537,1.1451,1.1365
2.2933,2.4169,2.5395,2.6607,2.7823,2.9049,3.0274,3.0369,3.0369,3.0369,3.0369,3.0369,3.0369,0.5308,1.1993,1.6193,1.6466,1.6733,1.6872,1.7011,1.7139,1.7264,1.7389,1.7513,1.7637
3.0425,3.0425,3.0425,3.0425,3.0425,3.0425,3.0425,3.0425,2.5013,3.0425,3.0425,3.0425,3.0425,3.0425,3.0425,3.0425,3.0425,3.0425,3.0425,3.0425,3.0425,3.0425,3.0425,3.0425,3.0425
3.0482,3.0482,3.0482,3.0482,3.0482,3.0482,3.0482,3.0482,3.0482,3.0482,3.0482,3.0482,3.0482,3.0482,1.1501,1.8685,1.8398,1.8119,1.7973,1.7828,1.7694,1.7562,1.7432,1.7302,1.7172
1.5923,1.6781,1.7632,1.8474,1.9318,2.0169,2.102,2.1871,2.2723,2.3575,2.4427,2.536,1.6183,0.9591,1.0524,1.1243,1.1433,1.1618,1.1714,1.1811,1.1899,1.1987,1.2073,1.2159,1.2245
3.0596,3.0596,3.0596,3.0596,3.0596,3.0596,3.0596,3.0596,3.0596,3.0596,2.2589,1.2784,1.8455,1.7274,1.6125,1.524,1.5007,1.4779,1.466,1.4541,1.4432,1.4325,1.4218,1.4112,1.4006
3.0653,3.0653,3.0653,3.0653,3.0653,3.0653,3.0653,3.0653,3.0653,3.0653,3.0653,3.0653,3.0653,3.0653,3.0653,3.0653,3.0653,3.0653,3.0653,3.0653,3.0653,3.0653,3.0653,3.0653,3.0653
3.0492,3.071,3.071,3.071,3.071,3.071,3.071,3.071,2.9131,2.2355,1.5578,0.8817,1.6531,1.8367,2.0154,2.1531,2.1894,2.2248,2.2433,2.2618,2.2788,2.2955,2.312,2.3285,2.345
3.0768,3.0768,3.0768,3.0768,3.0768,3.0768,3.0768,3.0768,3.0768,3.0768,3.0768,3.0768,3.0768,1.011,1.3528,1.2785,1.2589,1.2398,1.2299,1.2199,1.2107,1.2017,1.1928,1.1839,1.175
1.7575,1.8522,1.9461,2.0391,2.1322,2.2261,2.3201,2.4141,2.5081,2.6021,2.6961,2.7992,2.9083,0.6432,1.1616,1.241,1.2619,1.2823,1.293,1.3036,1.3134,1.323,1.3326,1.3421,1.3516
3.0884,3.0884,3.0884,3.0884,3.0884,3.0884,3.0884,3.0884,3.0884,3.0884,3.0884,3.0884,3.0884,3.0884,3.0884,3.0884,3.0884,3.0884,3.0884,3.0884,3.0884,3.0884,3.0884,3.0884,3.0884
3.0942,3.0942,3.0942,3.0942,3.0942,3.0942,3.0942,3.0942,3.0942,3.0942,3.0942,3.0942,3.0942,3.0942,3.0942,3.0942,2.1692,2.7953,3.0942,3.0942,3.0942,3.0942,3.0942,3.0942,3.0942
1.7563,1.851,1.9448,2.0377,2.1308,2.2247,2.3185,2.4125,2.5064,2.6004,2.6943,1.6937,0.3968,1.0579,1.1608,1.2401,1.2611,1.2815,1.2921,1.3027,1.3125,1.3222,1.3317,1.3412,1.3507
3.106,3.106,3.106,3.106,3.106,3.106,3.106,3.106,3.106,3.106,3.106,2.7004,0.9343,1.443,1.347,1.2731,1.2536,1.2345,1.2246,1.2147,1.2056,1.1966,1.1877,1.1788,1.17
3.0204,3.1119,3.1119,3.1119,3.1119,3.1119,3.1119,3.1119,3.1119,3.1119,3.1119,3.1119,3.1119,3.1119,1.0053,1.6817,2.1686,2.2037,2.222,2.2403,2.2572,2.2737,2.2901,2.3065,2.3228
3.1178,3.1178,3.1178,3.1178,3.1178,3.1178,3.1178,3.1133,2.5257,1.9382,1.3507,3.1178,3.1178,3.1178,3.1178,3.1178,3.1178,3.1178,3.1178,3.1178,3.1178,3.1178,3.1178,3.1178,3.1178
3.1237,3.1237,3.1237,3.1237,3.1237,3.1237,3.1237,3.1237,3.1237,3.1237,3.1237,3.1237,3.1237,3.1237,1.4455,1.5157,1.4924,1.4698,1.458,1.4462,1.4353,1.4246,1.414,1.4035,1.3929
1.5776,1.6626,1.7469,1.8303,1.9139,1.9982,2.0825,2.1669,2.2513,2.3357,2.4201,2.5126,2.6105,0.9502,1.0427,1.1139,1.1327,1.151,1.1606,1.1702,1.1789,1.1876,1.1962,1.2047,1.2132
3.1357,3.1357,3.1357,3.1357,3.1357,3.1357,3.1357,3.1357,3.1357,2.5297,1.7629,2.3792,2.232,2.0892,1.9503,1.8432,1.815,1.7874,1.7731,1.7587,1.7455,1.7325,1.7196,1.7068,1.694
3.1417,3.1417,3.1417,3.1417,3.1417,3.1417,3.1417,3.1417,3.1417,3.1417,3.1417,3.1417,3.1417,3.1417,3.1417,3.1417,3.1417,3.1417,3.1417,3.1417,3.1417,3.1417,3.1417,3.1417,3.1417
2.2702,2.3925,2.5139,2.6339,2.7542,2.8756,2.9969,3.1183,3.1477,2.617,1.8237,1.0322,0.3887,1.3674,1.5005,1.603,1.63,1.6564,1.6701,1.6839,1.6966,1.709,1.7213,1.7336,1.7459
3.1538,3.1538,3.1538,3.1538,3.1538,3.1538,3.1538,3.1538,3.1538,3.1538,3.1538,3.1538,3.1538,1.3818,1.2899,1.2191,1.2004,1.1822,1.1727,1.1632,1.1544,1.1459,1.1373,1.1289,1.1204
1.9998,2.1076,2.2144,2.3202,2.4262,2.533,2.6399,2.7469,2.8538,2.9608,3.0678,3.1599,3.1599,0.4628,1.3217,1.412,1.4359,1.4591,1.4712,1.4833,1.4945,1.5054,1.5163,1.5271,1.5379
3.166,3.166,3.166,3.166,3.166,3.166,3.166,3.166,3.166,3.166,3.166,3.166,3.166,3.166,3.166,3.166,3.166,3.166,3.166,3.166,3.166,3.166,3.166,3.166,3.166
3.1721,3.1721,3.1721,3.1721,3.1721,3.1721,3.1721,3.1721,3.1721,3.1721,3.1721,3.1721,3.1721,3.1721,3.1721,1.7119,2.1619,2.1291,2.112,2.0949,2.0791,2.0636,2.0483,2.033,2.0178
1.6076,1.6942,1.7802,1.8651,1.9504,2.0363,2.1222,2.2082,2.2942,2.3802,2.4662,2.5604,0.7243,0.9683,1.0625,1.1351,1.1543,1.1729,1.1827,1.1924,1.2014,1.2102,1.2189,1.2276,1.2363
3.1845,3.1845,3.1845,3.1845,3.1845,3.1845,3.1845,3.1845,3.1845,3.1845,2.7528,1.558,1.6711,1.5642,1.4602,1.38,1.3589,1.3383,1.3275,1.3167,1.3068,1.2971,1.2875,1.2779,1.2683
3.1907,3.1907,3.1907,3.1907,3.1907,3.1907,3.1907,3.1907,3.1907,3.1907,3.1907,3.1907,3.1907,3.1907,3.1907,1.6076,2.1161,2.7268,3.1907,3.1907,3.1907,3.1907,3.1907,3.1907,3.1907
3.1969,3.1969,3.1969,3.1969,3.1969,3.1969,3.1969,3.1969,2.6797,2.0563,1.433,0.811,2.1143,2.3491,2.5777,2.7538,2.8003,2.8456,2.8692,2.8928,2.9146,2.9359,2.9571,2.9782,2.9993
3.2031,3.2031,3.2031,3.2031,3.2031,3.2031,3.2031,3.2031,3.2031,3.2031,3.2031,3.2031,3.2031,0.8692,1.401,1.3241,1.3038,1.284,1.2737,1.2634,1.2539,1.2446,1.2353,1.2261,1.2169
1.64,1.7284,1.8161,1.9028,1.9897,2.0774,2.165,2.2527,2.3405,2.4282,2.5159,2.6121,2.7139,0.881,1.084,1.158,1.1776,1.1966,1.2066,1.2165,1.2256,1.2346,1.2435,1.2524,1.2613
3.2157,3.2157,3.2157,3.2157,3.2157,3.2157,3.2157,3.2157,2.8033,3.2157,3.2157,3.2157,3.0188,2.8258,2.6378,2.493,2.4548,2.4176,2.3981,2.3787,2.3608,2.3433,2.3258,2.3085,2.2912
3.222,3.222,3.222,3.222,3.222,3.222,3.222,3.222,3.222,3.222,3.222,3.222,3.222,3.222,3.222,3.222,3.222,2.6436,3.222,3.222,3.222,3.222,3.222,3.222,3.222
1.8724,1.9733,2.0733,2.1723,2.2716,2.3716,2.4717,2.5718,2.672,2.7721,2.3415,1.3252,0.3206,1.1278,1.2375,1.3221,1.3444,1.3661,1.3775,1.3888,1.3993,1.4095,1.4197,1.4298,1.4399
3.2347,3.2347,3.2347,3.2347,3.2347,3.2347,3.2347,3.2347,3.2347,3.2347,3.2347,3.2347,1.1759,1.382,1.2901,1.2193,1.2006,1.1824,1.1729,1.1634,1.1547,1.1461,1.1375,1.1291,1.1206
2.4621,2.5947,2.7263,2.8565,2.987,3.1186,3.2411,3.2411,3.2411,3.2411,3.2411,3.2411,3.2411,3.2411,1.0897,1.7384,1.7678,1.7964,1.8113,1.8262,1.84,1.8534,1.8668,1.8801,1.8934
3.2476,3.2476,3.2476,3.2476,3.2476,3.2476,3.2476,3.0183,2.4487,1.8791,1.3095,3.2476,3.2476,3.2476,3.2476,3.2476,3.2476,3.2476,3.2476,3.2476,3.2476,3.2476,3.2476,3.2476,3.2476
3.254,3.254,3.254,3.254,3.254,3.254,3.254,3.254,3.254,3.254,3.254,3.254,3.254,3.254,1.2164,1.6743,1.6487,1.6237,1.6106,1.5976,1.5856,1.5738,1.5621,1.5504,1.5388
1.5478,1.6312,1.7139,1.7957,1.8778,1.9605,2.0432,2.126,2.2088,2.2916,2.3744,2.4651,2.5612,0.9323,1.023,1.0929,1.1113,1.1293,1.1387,1.1481,1.1567,1.1652,1.1736,1.1819,1.1903
3.267,3.267,3.267,3.267,3.267,3.267,3.267,3.267,3.267,2.8566,1.9906,1.2951,1.9273,1.804,1.684,1.5916,1.5672,1.5434,1.531,1.5186,1.5072,1.496,1.4849,1.4738,1.4627
3.2735,3.2735,3.2735,3.2735,3.2735,3.2735,3.2735,3.2735,3.2735,3.2735,3.2735,3.2735,3.2735,3.2735,3.2735,3.2735,3.2735,3.2735,3.2735,3.2735,3.2735,3.2735,3.2735,3.2735,3.2735
2.6316,2.7734,2.9141,3.0532,3.1928,3.2801,3.2801,3.2801,3.0091,2.3091,1.6092,0.9107,1.4267,1.5851,1.7394,1.8582,1.8895,1.9201,1.9361,1.952,1.9667,1.9811,1.9954,2.0096,2.0239
3.2867,3.2867,3.2867,3.2867,3.2867,3.2867,3.2867,3.2867,3.2867,3.2867,3.2867,3.2867,3.236,1.3838,1.2959,1.2248,1.206,1.1877,1.1782,1.1686,1.1599,1.1512,1.1427,1.1341,1.1256
1.7978,1.8947,1.9908,2.0858,2.1811,2.2772,2.3733,2.4694,2.5656,2.6618,2.7579,2.8634,2.975,0.5401,1.1882,1.2694,1.2908,1.3117,1.3226,1.3335,1.3435,1.3534,1.3632,1.3729,1.3826
3.2999,3.2999,3.2999,3.2999,3.2999,3.2999,3.2999,3.2999,3.2999,3.2999,3.2999,3.2999,3.2999,3.2999,3.2999,3.2999,3.2999,3.2999,3.2999,3.2999,3.2999,3.2999,3.2999,3.2999,3.2999
3.3066,3.3066,3.3066,3.3066,3.3066,3.3066,3.3066,3.3066,3.3066,3.3066,3.3066,3.3066,3.3066,3.3066,3.3066,1.5646,2.1994,2.6588,2.6375,2.6161,2.5964,2.5771,2.558,2.5389,2.5198
1.6559,1.7451,1.8336,1.9211,2.0089,2.0974,2.1859,2.2745,2.3631,2.4516,2.5402,1.9964,0.4677,0.9974,1.0944,1.1692,1.1889,1.2082,1.2182,1.2282,1.2375,1.2465,1.2555,1.2645,1.2734
3.32,3.32,3.32,3.32,3.32,3.32,3.32,3.32,3.32,3.32,3.32,2.0609,1.5503,1.4512,1.3547,1.2803,1.2607,1.2416,1.2316,1.2216,1.2124,1.2034,1.1944,1.1855,1.1766
3.3267,3.3267,3.3267,3.3267,3.3267,3.3267,3.3267,3.3267,3.3267,3.3267,3.3267,3.3267,3.3267,3.3267,0.9953,1.5715,2.2091,2.5036,2.5244,2.5452,2.5643,2.5831,2.6018,2.6203,2.6389
3.3335,3.3335,3.3335,3.3335,3.3335,3.3335,3.3335,3.1069,2.5206,1.9343,1.3479,0.7629,3.0465,3.3335,3.3335,3.3335,3.3335,3.3335,3.3335,3.3335,3.3335,3.3335,3.3335,3.3335,3.3335
3.3403,3.3403,3.3403,3.3403,3.3403,3.3403,3.3403,3.3403,3.3403,3.3403,3.3403,3.3403,3.3403,3.3403,1.4839,1.4024,1.3809,1.36,1.3491,1.3381,1.3281,1.3182,1.3084,1.2986,1.2889
1.5628,1.647,1.7305,1.8131,1.896,1.9795,2.063,2.1466,2.2302,2.3138,2.3974,2.489,2.5861,0.9413,1.0329,1.1035,1.1221,1.1402,1.1497,1.1592,1.1679,1.1765,1.185,1.1934,1.2019
3.3539,3.3539,3.3539,3.3539,3.3539,3.3539,3.3539,3.3539,3.0166,2.3149,2.7292,2.5785,2.419,2.2643,2.1137,1.9977,1.967,1.9372,1.9216,1.9061,1.8917,1.8777,1.8637,1.8498,1.8359
3.3608,3.3608,3.3608,3.3608,3.3608,3.3608,3.3608,3.3608,3.3608,3.3608,3.3608,3.3608,3.3608,3.3608,3.3608,3.3608,3.3608,3.3608,3.3608,3.3608,3.3608,3.3608,3.3608,3.3608,3.3608
2.051,2.1615,2.2711,2.3795,2.4883,2.5979,2.7075,2.8172,2.9269,2.7901,1.9443,1.1004,0.3512,1.2354,1.3556,1.4482,1.4726,1.4964,1.5089,1.5213,1.5327,1.544,1.5551,1.5662,1.5773
3.3747,3.3747,3.3747,3.3747,3.3747,3.3747,3.3747,3.3747,3.3747,3.3747,3.3303,3.2405,3.1455,1.3494,1.2597,1.1905,1.1723,1.1545,1.1452,1.1359,1.1274,1.119,1.1107,1.1024,1.0941
2.1031,2.2165,2.3289,2.4401,2.5516,2.664,2.7763,2.8888,3.0013,3.1138,3.2263,3.3497,3.3816,0.4868,1.2183,1.485,1.5101,1.5345,1.5472,1.56,1.5717,1.5832,1.5947,1.606,1.6174
3.3886,3.3886,3.3886,3.3886,3.3886,3.3886,3.3886,3.3886,3.3886,3.3886,3.3886,3.3886,3.3886,3.3886,3.3886,3.3886,3.3886,3.3886,3.3886,3.3886,3.3886,3.3886,3.3886,3.3886,3.3886
3.3956,3.3956,3.3956,3.3956,3.3956,3.3956,3.3956,3.3956,3.3956,3.3956,3.3956,3.3956,3.3956,3.3956,1.114,1.7794,1.8879,1.8593,1.8443,1.8294,1.8156,1.8021,1.7887,1.7754,1.7621
1.5474,1.6308,1.7135,1.7954,1.8774,1.9601,2.0428,2.1256,2.2083,2.2911,2.3739,2.4646,1.0679,0.9321,1.0228,1.0926,1.1111,1.1291,1.1384,1.1478,1.1564,1.1649,1.1733,1.1817,1.1901
3.4098,3.4098,3.4098,3.4098,3.4098,3.4098,3.4098,3.4098,3.4098,3.368,2.3471,1.3284,1.7192,1.6093,1.5022,1.4198,1.398,1.3768,1.3658,1.3547,1.3445,1.3345,1.3246,1.3147,1.3048
3.4169,3.4169,3.4169,3.4169,3.4169,3.4169,3.4169,3.4169,3.4169,3.4169,3.4169,3.4169,3.4169,3.4169,3.4169,3.4169,3.4169,2.605,3.1887,3.4169,3.4169,3.4169,3.4169,3.4169,3.4169
3.2196,3.3931,3.424,3.424,3.424,3.424,3.424,3.367,2.7316,2.0962,1.4607,0.8267,1.7454,1.9393,2.128,2.2733,2.3117,2.3491,2.3686,2.3881,2.4061,2.4237,2.4412,2.4586,2.476
3.4312,3.4312,3.4312,3.4312,3.4312,3.4312,3.4312,3.4312,3.4312,3.4312,3.4312,3.4157,3.3155,0.8321,1.3278,1.2549,1.2357,1.2169,1.2071,1.1974,1.1884,1.1795,1.1707,1.162,1.1533
1.6577,1.747,1.8356,1.9233,2.0112,2.0997,2.1883,2.277,2.3657,2.4543,2.543,2.6402,2.7432,0.6941,1.0956,1.1705,1.1902,1.2095,1.2195,1.2296,1.2388,1.2479,1.2569,1.2659,1.2749
3.4456,3.4456,3.4456,3.4456,3.4456,3.4456,3.4456,3.2469,3.4456,3.4456,3.4456,3.4456,3.4456,3.2653,3.0482,2.8809,2.8367,2.7937,2.7712,2.7488,2.7281,2.7078,2.6877,2.6676,2.6476
3.4529,3.4529,3.4529,3.4529,3.4529,3.4529,3.4529,3.4529,3.4529,3.4529,3.4529,3.4529,3.4529,3.4529,3.4529,3.4529,2.0572,2.651,3.245,3.4529,3.4529,3.4529,3.4529,3.4529,3.4529
1.7429,1.8369,1.93,2.0222,2.1146,2.2077,2.3009,2.3941,2.4873,2.5806,2.6237,1.485,0.3479,1.0498,1.152,1.2307,1.2515,1.2717,1.2823,1.2928,1.3025,1.3121,1.3216,1.331,1.3404
3.4675,3.4675,3.4675,3.4675,3.4675,3.4675,3.4675,3.4675,3.4675,3.4675,3.3948,3.1725,0.8906,1.3755,1.284,1.2136,1.195,1.1768,1.1674,1.1579,1.1492,1.1407,1.1322,1.1237,1.1153
2.6959,2.8412,2.9853,3.1278,3.2708,3.4148,3.4749,3.4749,3.4749,3.4749,3.4749,3.4749,3.4749,3.4749,1.0039,1.6794,1.9357,1.967,1.9834,1.9997,2.0147,2.0295,2.0441,2.0587,2.0733
3.4823,3.4823,3.4823,3.4823,3.4823,3.4823,3.4823,2.9823,2.4195,1.8567,1.2939,3.4823,3.4823,3.4823,3.4823,3.4823,3.4823,3.4823,3.4823,3.4823,3.4823,3.4823,3.4823,3.4823,3.4823
3.4897,3.4897,3.4897,3.4897,3.4897,3.4897,3.4897,3.4897,3.4897,3.4897,3.4897,3.4897,3.4897,3.4897,1.308,1.5241,1.5007,1.478,1.4661,1.4542,1.4433,1.4325,1.4219,1.4113,1.4007
1.5184,1.6003,1.6814,1.7617,1.8422,1.9233,2.0045,2.0857,2.1669,2.2482,2.3294,2.4184,2.5127,0.9146,1.0036,1.0722,1.0903,1.1079,1.1171,1.1263,1.1348,1.1431,1.1513,1.1595,1.1678
3.5046,3.5046,3.5046,3.5046,3.5046,3.5046,3.5046,3.5046,3.3413,2.5641,1.7868,2.1765,2.0419,1.9113,1.7842,1.6862,1.6604,1.6352,1.6221,1.6089,1.5968,1.5849,1.5732,1.5614,1.5497
3.5121,3.5121,3.5121,3.5121,3.5121,3.5121,3.5121,3.5121,3.5121,3.5121,3.5121,3.5121,3.5121,3.5121,3.5121,3.5121,3.5121,3.5121,3.5121,3.5121,3.5121,3.5121,3.5121,3.5121,3.5121
2.3225,2.4477,2.5718,2.6946,2.8178,2.9419,3.066,3.1902,3.1483,2.4159,1.6836,0.9529,1.2591,1.3989,1.5351,1.6399,1.6676,1.6946,1.7087,1.7227,1.7357,1.7484,1.761,1.7736,1.7861
3.5272,3.5272,3.5272,3.5272,3.5272,3.5272,3.5272,3.5272,3.4764,3.3949,3.3134,3.2241,3.1295,1.3426,1.2533,1.1845,1.1663,1.1486,1.1394,1.1302,1.1217,1.1133,1.1051,1.0968,1.0886
1.8606,1.9608,2.0603,2.1586,2.2573,2.3567,2.4561,2.5557,2.6552,2.7547,2.8542,2.9633,3.0789,0.4667,1.2297,1.3137,1.3359,1.3575,1.3688,1.3801,1.3904,1.4006,1.4107,1.4208,1.4309
3.5425,3.5425,3.5425,3.5425,3.5425,3.5425,3.5425,3.5425,3.5425,3.5425,3.5425,3.5425,3.5425,3.5425,3.5425,3.5425,3.5425,3.5425,3.5425,3.5425,3.5425,3.5425,3.5425,3.5425,3.5425
3.5502,3.5502,3.5502,3.5502,3.5502,3.5502,3.5502,3.5502,3.5502,3.5502,3.5502,3.5502,3.5502,3.5502,3.5502,1.6036,2.2543,2.2343,2.2163,2.1984,2.1818,2.1656,2.1495,2.1335,2.1175
1.5772,1.6622,1.7465,1.8299,1.9135,1.9978,2.0821,2.1664,2.2508,2.3352,2.4196,2.4834,0.5818,0.95,1.0425,1.1137,1.1325,1.1508,1.1603,1.1699,1.1787,1.1873,1.1959,1.2044,1.213
3.5656,3.5656,3.5656,3.5656,3.5656,3.5656,3.5656,3.5656,3.5656,3.5656,2.9434,1.6659,1.575,1.4743,1.3763,1.3007,1.2808,1.2613,1.2512,1.2411,1.2317,1.2226,1.2135,1.2044,1.1954
3.5734,3.5734,3.5734,3.5734,3.5734,3.5734,3.5734,3.5734,3.5734,3.5734,3.5734,3.5734,3.5734,3.5734,3.5734,1.4845,2.0868,2.6892,2.9755,3.0,3.0226,3.0447,3.0667,3.0886,3.1104
3.5812,3.5812,3.5812,3.5812,3.5812,3.5812,3.5812,3.1308,2.5399,1.9491,1.3583,0.7687,2.3212,2.579,2.8299,3.0233,3.0743,3.124,3.15,3.1759,3.1998,3.2232,3.2465,3.2697,3.2928
3.589,3.589,3.589,3.589,3.589,3.589,3.589,3.589,3.589,3.589,3.589,3.5739,3.469,3.3673,1.3892,1.313,1.2929,1.2733,1.263,1.2528,1.2434,1.2341,1.2249,1.2158,1.2067
1.5627,1.6469,1.7305,1.8131,1.8959,1.9794,2.0629,2.1465,2.2301,2.3137,2.3973,2.4889,2.586,0.9413,1.0329,1.1034,1.122,1.1402,1.1497,1.1591,1.1679,1.1764,1.1849,1.1934,1.2018
3.6048,3.6048,3.6048,3.6048,3.6048,3.6048,3.6048,3.4469,2.7964,2.1459,3.0224,2.8555,2.6789,2.5075,2.3408,2.2123,2.1784,2.1453,2.1281,2.1108,2.095,2.0794,2.0639,2.0485,2.0331
3.6128,3.6128,3.6128,3.6128,3.6128,3.6128,3.6128,3.6128,3.6128,3.6128,3.6128,3.6128,3.6128,3.6128,3.6128,3.6128,3.6128,3.6128,3.0988,3.6128,3.6128,3.6128,3.6128,3.6128,3.6128
1.88,1.9814,2.0818,2.1812,2.2809,2.3814,2.4818,2.5824,2.683,2.7835,2.1101,1.1943,0.3219,1.1324,1.2426,1.3275,1.3499,1.3717,1.3831,1.3945,1.405,1.4153,1.4255,1.4357,1.4458
3.6288,3.6288,3.6288,3.6288,3.6288,3.6288,3.6049,3.5242,3.4435,3.3628,3.282,3.1935,1.7345,1.3299,1.2414,1.1733,1.1553,1.1378,1.1286,1.1195,1.1111,1.1028,1.0946,1.0864,1.0783
2.2457,2.3667,2.4868,2.6055,2.7246,2.8446,2.9646,3.0847,3.2048,3.3249,3.4451,3.5768,3.6368,3.6368,1.1024,1.5857,1.6124,1.6385,1.6521,1.6658,1.6783,1.6906,1.7028,1.7149,1.7271
3.6449,3.6449,3.6449,3.6449,3.6449,3.6449,3.4687,2.918,2.3673,1.8167,3.6449,3.6449,3.6449,3.6449,3.6449,3.6449,3.6449,3.6449,3.6449,3.6449,3.6449,3.6449,3.6449,3.6449,3.6449
3.6531,3.6531,3.6531,3.6531,3.6531,3.6531,3.6531,3.6531,3.6531,3.6531,3.6531,3.6531,3.6531,3.6531,1.1205,1.7084,1.6822,1.6567,1.6434,1.63,1.6178,1.6058,1.5938,1.5819,1.57
1.5034,1.5844,1.6647,1.7442,1.8239,1.9043,1.9846,2.065,2.1454,2.2259,2.3063,2.3944,2.1503,0.9055,0.9936,1.0615,1.0794,1.0969,1.106,1.1151,1.1235,1.1317,1.1399,1.148,1.1562
3.6694,3.6694,3.6694,3.6694,3.6694,3.6694,3.6694,3.6694,3.6694,2.9446,2.052,1.203,1.7902,1.6757,1.5642,1.4784,1.4557,1.4336,1.4221,1.4106,1.4,1.3896,1.3792,1.3689,1.3587
3.6777,3.6777,3.6777,3.6777,3.6777,3.6777,3.6777,3.6777,3.6777,3.6777,3.6777,3.6777,3.6777,3.6777,3.6777,3.6777,3.6777,3.6777,3.6777,3.6383,3.6777,3.6777,3.6777,3.6777,3.6777
2.7472,2.8953,3.0421,3.1874,3.333,3.4798,3.6266,3.4702,2.8153,2.1604,1.5055,0.8521,1.4893,1.6548,1.8158,1.9398,1.9726,2.0045,2.0211,2.0378,2.0531,2.0681,2.0831,2.0979,2.1128
3.6943,3.6943,3.6943,3.6943,3.6943,3.6943,3.6905,3.6078,3.5252,3.4425,3.3599,3.2693,3.1734,1.0745,1.2709,1.2011,1.1827,1.1648,1.1554,1.146,1.1374,1.129,1.1206,1.1122,1.1039
1.6929,1.7841,1.8746,1.9641,2.0539,2.1443,2.2348,2.3253,2.4159,2.5064,2.597,2.6963,2.8014,0.5731,1.1189,1.1953,1.2155,1.2352,1.2454,1.2557,1.2651,1.2744,1.2836,1.2928,1.3019
3.711,3.711,3.711,3.711,3.711,3.711,3.711,3.711,3.711,3.711,3.711,3.711,3.711,3.711,3.6786,3.4767,3.4234,3.3715,3.3444,3.3173,3.2924,3.2679,3.2436,3.2194,3.1952
3.7194,3.7194,3.7194,3.7194,3.7194,3.7194,3.7194,3.7194,3.7194,3.7194,3.7194,3.7194,3.7194,3.7194,3.7194,1.5556,2.0832,2.6845,2.8614,2.8382,2.8169,2.796,2.7752,2.7545,2.7338
1.6407,1.7291,1.8168,1.9036,1.9905,2.0782,2.1659,2.2536,2.3414,2.4292,2.5169,1.7165,0.4021,0.9882,1.0844,1.1585,1.178,1.1971,1.207,1.217,1.2261,1.2351,1.244,1.2529,1.2618
3.7364,3.7364,3.7364,3.7364,3.7364,3.7364,3.7364,3.6623,3.5784,3.4945,3.4106,2.3105,0.8947,1.382,1.29,1.2192,1.2005,1.1823,1.1728,1.1633,1.1546,1.146,1.1375,1.129,1.1205
3.0233,3.1863,3.3478,3.5077,3.668,3.7449,3.7449,3.7449,3.7449,3.7449,3.7449,3.7449,3.7449,3.7449,0.9361,1.566,2.1708,2.2059,2.2242,2.2425,2.2594,2.276,2.2924,2.3087,2.3251
3.7535,3.7535,3.7535,3.7535,3.7535,3.7535,3.535,2.9738,2.4126,1.8514,1.2902,0.7302,3.6072,3.7535,3.7535,3.7535,3.7535,3.7535,3.7535,3.7535,3.7535,3.7535,3.7535,3.7535,3.7535
3.7621,3.7621,3.7621,3.7621,3.7621,3.7621,3.7621,3.7621,3.7621,3.7621,3.7621,3.7621,3.7155,3.6066,1.4339,1.4063,1.3847,1.3637,1.3528,1.3418,1.3317,1.3218,1.312,1.3022,1.2924
1.5031,1.5841,1.6645,1.7439,1.8236,1.904,1.9843,2.0647,2.1451,2.2255,2.3059,2.3941,2.4874,0.9054,0.9935,1.0614,1.0793,1.0967,1.1058,1.1149,1.1233,1.1316,1.1397,1.1479,1.156
3.7795,3.7795,3.7795,3.7795,3.7795,3.7795,3.7795,3.7547,3.0461,2.3375,1.629,2.3436,2.1986,2.058,1.9211,1.8157,1.7879,1.7607,1.7466,1.7324,1.7194,1.7066,1.6939,1.6813,1.6687
3.7882,3.7882,3.7882,3.7882,3.7882,3.7882,3.7882,3.7882,3.7882,3.7882,3.7882,3.7882,3.7882,3.7882,3.7882,3.7882,3.7882,3.7882,3.7882,3.7882,3.7882,3.7882,3.7882,3.7882,3.7882
2.0876,2.2001,2.3117,2.4221,2.5327,2.6443,2.7559,2.8675,2.9792,2.5634,1.7864,1.011,0.3575,1.2574,1.3798,1.474,1.4989,1.5232,1.5358,1.5485,1.5601,1.5716,1.5829,1.5942,1.6055
3.8058,3.8058,3.8058,3.7894,3.7106,3.6311,3.5517,3.4721,3.3926,3.3131,3.2335,3.1464,3.054,1.3102,1.2231,1.1559,1.1382,1.1209,1.1119,1.1029,1.0946,1.0865,1.0784,1.0704,1.0623
1.9497,2.0548,2.159,2.2621,2.3654,2.4696,2.5738,2.6781,2.7824,2.8867,2.991,3.1053,3.2264,0.4512,1.2517,1.3767,1.3999,1.4226,1.4344,1.4462,1.4571,1.4677,1.4783,1.4889,1.4994
3.8236,3.8236,3.8236,3.8236,3.8236,3.8236,3.8236,3.8236,3.8236,3.8236,3.8236,3.8236,3.8236,3.8236,3.8236,3.8236,3.8236,3.8236,3.8236,3.8236,3.8236,3.8236,3.8236,3.8236,3.8236
3.8325,3.8325,3.8325,3.8325,3.8325,3.8325,3.8325,3.8325,3.8325,3.8325,3.8325,3.8325,3.8325,3.8325,3.8325,1.6624,1.9619,1.9322,1.9167,1.9011,1.8868,1.8728,1.8589,1.845,1.8312
1.5167,1.5985,1.6795,1.7597,1.8401,1.9212,2.0022,2.0834,2.1645,2.2456,2.3268,2.4157,0.7891,0.9136,1.0025,1.071,1.089,1.1066,1.1158,1.125,1.1335,1.1418,1.15,1.1582,1.1664
3.8505,3.8505,3.8505,3.8505,3.8505,3.8505,3.8505,3.8505,3.8505,3.5507,2.4743,1.4004,1.617,1.5136,1.4129,1.3354,1.3149,1.295,1.2846,1.2742,1.2646,1.2552,1.2458,1.2365,1.2273
3.8596,3.8596,3.8596,3.8596,3.8596,3.8596,3.8596,3.8596,3.8596,3.8596,3.8596,3.8596,3.8596,3.8596,3.8596,3.8596,1.9912,2.5659,3.1408,3.7158,3.7543,3.7818,3.8091,3.8362,3.8596
3.4594,3.6458,3.8307,3.8687,3.8687,3.8687,3.7874,3.1862,2.5849,1.9836,1.3823,0.7823,1.8754,2.0837,2.2865,2.4427,2.4839,2.5241,2.545,2.566,2.5853,2.6042,2.623,2.6417,2.6604
3.8779,3.8779,3.8779,3.8779,3.8779,3.8779,3.8175,3.732,3.6465,3.561,3.4755,3.3818,3.2826,0.8156,1.3146,1.2424,1.2234,1.2048,1.1952,1.1855,1.1766,1.1678,1.1591,1.1505,1.1418
1.5775,1.6625,1.7468,1.8302,1.9138,1.9981,2.0824,2.1668,2.2511,2.3355,2.4199,2.5124,2.6104,0.7662,1.0426,1.1138,1.1326,1.151,1.1605,1.1701,1.1789,1.1875,1.1961,1.2046,1.2131
3.8963,3.8963,3.8963,3.8963,3.8963,3.8963,3.8423,3.2323,2.6223,3.611,3.4378,3.248,3.0471,2.8522,2.6625,2.5164,2.4778,2.4402,2.4206,2.401,2.3829,2.3652,2.3476,2.3301,2.3126
3.9056,3.9056,3.9056,3.9056,3.9056,3.9056,3.9056,3.9056,3.9056,3.9056,3.9056,3.9056,3.9056,3.9056,3.9056,3.9056,3.9056,2.5359,3.1041,3.6723,3.9056,3.9056,3.9056,3.9056,3.9056
1.7455,1.8396,1.9329,2.0252,2.1177,2.211,2.3043,2.3976,2.491,2.5844,2.3389,1.3238,0.3101,1.0514,1.1537,1.2325,1.2533,1.2736,1.2842,1.2947,1.3045,1.314,1.3235,1.333,1.3424
3.9243,3.9243,3.9038,3.8245,3.7449,3.6647,3.5845,3.5043,3.424,3.3437,3.2635,3.1755,0.9242,1.3223,1.2344,1.1666,1.1487,1.1313,1.1222,1.1131,1.1048,1.0965,1.0884,1.0803,1.0722
2.44,2.5715,2.702,2.831,2.9603,3.0907,3.2211,3.3516,3.4821,3.6127,3.7432,3.8863,3.9337,3.9337,1.012,1.693,1.752,1.7803,1.7951,1.8099,1.8235,1.8369,1.8501,1.8633,1.8765
3.9432,3.9432,3.9432,3.9432,3.9432,3.9432,3.4244,2.8807,2.3371,1.7934,1.2498,3.9432,3.9432,3.9432,3.9432,3.9432,3.9432,3.9432,3.9432,3.9432,3.9432,3.9432,3.9432,3.9432,3.9432
3.9527,3.9527,3.9527,3.9527,3.9527,3.9527,3.9527,3.9527,3.9527,3.9527,3.9527,3.9527,3.9527,3.9527,1.198,1.548,1.5242,1.5011,1.489,1.477,1.4659,1.455,1.4441,1.4334,1.4226
1.4736,1.553,1.6318,1.7097,1.7878,1.8666,1.9453,2.0241,2.1029,2.1818,2.2606,2.347,2.4385,0.8876,0.974,1.0405,1.0581,1.0752,1.0841,1.093,1.1013,1.1093,1.1173,1.1253,1.1333
3.9719,3.9719,3.9719,3.9719,3.9719,3.9719,3.9719,3.9719,3.4231,2.6268,1.8306,2.0131,1.8885,1.7677,1.6502,1.5596,1.5357,1.5124,1.5002,1.4881,1.4769,1.4659,1.455,1.4442,1.4333
3.9815,3.9815,3.9815,3.9815,3.9815,3.9815,3.9815,3.9815,3.9815,3.9815,3.9815,3.9815,3.9815,3.9815,3.9815,3.9815,3.9815,3.9815,3.9815,3.9815,3.9815,3.9815,3.9815,3.9815,3.9815
2.4041,2.5337,2.6621,2.7892,2.9167,3.0452,3.1736,3.3022,2.9359,2.253,1.57,0.8886,1.3033,1.4481,1.589,1.6975,1.7262,1.7541,1.7687,1.7832,1.7966,1.8098,1.8229,1.8359,1.8489
4.001,3.9625,3.8828,3.8039,3.7247,3.645,3.5652,3.4854,3.4056,3.3257,3.2459,3.1584,3.0657,1.3152,1.2277,1.1604,1.1426,1.1252,1.1162,1.1071,1.0988,1.0906,1.0825,1.0745,1.0664
1.7475,1.8417,1.9351,2.0275,2.1201,2.2135,2.3069,2.4004,2.4939,2.5873,2.6808,2.7833,2.8918,0.4893,1.155,1.2339,1.2547,1.275,1.2856,1.2962,1.306,1.3155,1.325,1.3345,1.3439
4.0206,4.0206,4.0206,4.0206,4.0206,4.0206,4.0206,4.0206,4.0206,4.0206,4.0206,4.0206,4.0206,4.0206,4.0206,4.0206,4.0206,4.0206,4.0206,4.0206,4.0206,4.0206,4.0206,4.0206,4.0206
4.0305,4.0305,4.0305,4.0305,4.0305,4.0305,4.0305,4.0305,4.0305,4.0305,4.0305,4.0305,4.0305,4.0305,4.0305,1.5158,2.1309,2.3815,2.3624,2.3432,2.3256,2.3083,2.2911,2.2741,2.257
1.5603,1.6444,1.7278,1.8103,1.8931,1.9764,2.0598,2.1433,2.2267,2.3102,2.3937,2.0698,0.4849,0.9398,1.0313,1.1018,1.1203,1.1385,1.1479,1.1574,1.1661,1.1746,1.1831,1.1916,1.2
4.0504,4.0504,4.0504,4.0504,3.9696,3.8846,3.7996,3.7146,3.6295,3.5444,3.2092,1.8163,1.4975,1.4017,1.3085,1.2366,1.2177,1.1992,1.1896,1.1799,1.1711,1.1624,1.1537,1.1451,1.1365
3.4951,3.6834,3.8702,4.055,4.0605,4.0605,4.0605,4.0605,4.0605,4.0605,4.0605,4.0605,4.0605,4.0605,4.0605,1.4765,2.0755,2.5501,2.5713,2.5925,2.612,2.6311,2.6501,2.669,2.6879
4.0706,4.0706,4.0706,4.0706,4.0706,4.0706,3.5573,2.9926,2.4278,1.8631,1.2983,0.7348,2.6173,2.908,3.191,3.4089,3.4665,3.5225,3.5518,3.5811,3.608,3.6344,3.6607,3.6868,3.7129
4.0807,4.0807,4.0807,4.0807,4.0807,4.0807,4.0353,3.945,3.8546,3.7642,3.6739,3.5748,3.4699,3.3682,1.3896,1.3133,1.2932,1.2736,1.2634,1.2531,1.2437,1.2344,1.2253,1.2161,1.207
1.5013,1.5822,1.6624,1.7418,1.8214,1.9016,1.9819,2.0622,2.1425,2.2228,2.3031,2.3911,2.4843,0.9043,0.9923,1.0601,1.078,1.0954,1.1045,1.1136,1.122,1.1302,1.1383,1.1465,1.1546
4.1011,4.1011,4.1011,4.1011,4.1011,4.1011,4.1011,3.4694,2.8147,2.1599,2.7219,2.5716,2.4125,2.2582,2.108,1.9923,1.9618,1.932,1.9165,1.9009,1.8867,1.8726,1.8587,1.8448,1.831
4.1114,4.1114,4.1114,4.1114,4.1114,4.1114,4.1114,4.1114,4.1114,4.1114,4.1114,4.1114,4.1114,4.1114,4.1114,4.1114,4.1114,4.1114,4.1114,4.1114,4.0867,4.1114,4.1114,4.1114,4.1114
1.9057,2.0084,2.1102,2.211,2.312,2.4138,2.5157,2.6176,2.7195,2.7634,1.9257,1.0899,0.3263,1.1479,1.2595,1.3456,1.3683,1.3904,1.402,1.4135,1.4242,1.4346,1.4449,1.4553,1.4656
3.9651,3.8862,3.8079,3.7306,3.653,3.5747,3.4965,3.4182,3.3399,3.2616,3.1833,3.0975,3.0066,1.2899,1.2041,1.138,1.1205,1.1035,1.0947,1.0858,1.0776,1.0696,1.0617,1.0538,1.0458
2.0714,2.183,2.2937,2.4032,2.5131,2.6237,2.7344,2.8452,2.956,3.0668,3.1776,3.2991,3.4277,0.4794,1.1264,1.4626,1.4873,1.5113,1.5239,1.5364,1.548,1.5593,1.5706,1.5818,1.593
4.1531,4.1531,4.1531,4.1531,4.1531,3.9168,3.3801,2.8435,4.1531,4.1531,4.1531,4.1531,4.1531,4.1531,4.1531,4.1531,4.1531,4.1531,4.1531,4.1531,4.1531,4.1531,4.1531,4.1531,4.1531
4.1637,4.1637,4.1637,4.1637,4.1637,4.1637,4.1637,4.1637,4.1637,4.1637,4.1637,4.1637,4.1637,4.1637,1.0427,1.7444,1.7352,1.7089,1.6951,1.6814,1.6688,1.6563,1.644,1.6318,1.6195
1.4718,1.5512,1.6298,1.7076,1.7857,1.8643,1.943,2.0217,2.1004,2.1792,2.2579,2.3442,1.2679,0.8865,0.9728,1.0393,1.0568,1.0739,1.0828,1.0917,1.0999,1.108,1.116,1.124,1.1319
4.1849,4.1849,4.1849,4.1849,4.1849,4.1849,4.1849,4.1641,4.0039,3.0725,2.1411,1.2118,1.6787,1.5713,1.4668,1.3863,1.365,1.3443,1.3335,1.3227,1.3128,1.303,1.2933,1.2837,1.274
4.1956,4.1956,4.1956,4.1956,4.1956,4.1956,4.1956,4.1956,4.1956,4.1956,4.1956,4.1956,4.1956,4.1956,4.1956,4.1956,4.1956,2.4714,3.0251,3.5789,4.1327,4.1956,4.1956,4.1956,4.1956
2.9085,3.0653,3.2207,3.3745,3.5287,3.6841,3.8395,3.2759,2.6577,2.0395,1.4213,0.8044,1.5768,1.7519,1.9224,2.0537,2.0884,2.1221,2.1398,2.1574,2.1736,2.1895,2.2053,2.2211,2.2368
4.137,4.0547,3.973,3.8923,3.8113,3.7297,3.6481,3.5664,3.4847,3.403,3.3213,3.2318,3.137,0.8752,1.2563,1.1873,1.1691,1.1514,1.1421,1.1329,1.1244,1.116,1.1077,1.0994,1.0912
1.6078,1.6944,1.7804,1.8654,1.9506,2.0365,2.1224,2.2084,2.2944,2.3804,2.4664,2.5607,2.6606,0.6186,1.0627,1.1352,1.1544,1.1731,1.1828,1.1926,1.2015,1.2103,1.2191,1.2278,1.2365
4.2391,4.2391,4.2391,4.2391,4.2391,4.2194,3.6413,4.2391,4.2391,4.2391,4.0499,3.8263,3.5896,3.36,3.1365,2.9644,2.919,2.8747,2.8516,2.8285,2.8072,2.7863,2.7656,2.745,2.7244
4.2501,4.2501,4.2501,4.2501,4.2501,4.2501,4.2501,4.2501,4.2501,4.2501,4.2501,4.2501,4.2501,4.2501,4.2501,4.2501,1.9895,2.5637,3.1382,3.1491,3.1254,3.1022,3.0791,3.0562,3.0332
1.6392,1.7276,1.8152,1.9019,1.9888,2.0764,2.164,2.2516,2.3393,2.427,2.5147,1.5062,0.3529,0.9874,1.0834,1.1575,1.177,1.196,1.206,1.2159,1.225,1.234,1.2429,1.2518,1.2607
4.0781,3.9969,3.9165,3.8369,3.7571,3.6766,3.5962,3.5157,3.4351,3.3546,3.2741,2.6771,0.8589,1.3266,1.2384,1.1704,1.1525,1.135,1.1259,1.1168,1.1084,1.1001,1.0919,1.0838,1.0757
2.7065,2.8524,2.9971,3.1401,3.2836,3.4283,3.5729,3.7177,3.8624,4.0072,4.152,4.2834,4.2834,4.2834,0.9409,1.574,1.9433,1.9748,1.9912,2.0076,2.0227,2.0375,2.0522,2.0668,2.0815
4.2946,4.2946,4.2946,4.2946,4.2946,3.9517,3.4103,2.8689,2.3274,1.786,1.2446,4.0096,4.2946,4.2946,4.2946,4.2946,4.2946,4.2946,4.2946,4.2946,4.2946,4.2946,4.2946,4.2946,4.2946
4.3059,4.3059,4.3059,4.3059,4.3059,4.3059,4.3059,4.2739,4.176,4.0781,3.9802,3.8729,3.7593,3.6491,1.303,1.4229,1.401,1.3798,1.3687,1.3576,1.3474,1.3374,1.3274,1.3175,1.3076
1.457,1.5355,1.6134,1.6904,1.7677,1.8455,1.9234,2.0013,2.0793,2.1572,2.2351,2.3206,2.411,0.8776,0.963,1.0288,1.0461,1.0631,1.0719,1.0807,1.0889,1.0968,1.1048,1.1126,1.1205
4.3287,4.3287,4.3287,4.3287,4.3287,4.3287,4.3287,3.8275,3.1052,2.3829,1.6605,2.1548,2.0215,1.8922,1.7663,1.6694,1.6438,1.6189,1.6059,1.5928,1.5809,1.5691,1.5574,1.5458,1.5342
4.3401,4.3401,4.3401,4.3401,4.3401,4.3401,4.3401,4.3401,4.3401,4.3401,4.3401,4.3401,4.3401,4.3401,4.3401,4.3401,4.3401,4.3401,4.3401,4.3401,4.3401,4.3401,4.3401,4.3401,4.3401
2.1467,2.2624,2.3771,2.4906,2.6044,2.7191,2.8339,2.9487,3.0635,2.3797,1.6583,0.9386,1.1638,1.293,1.4189,1.5158,1.5414,1.5663,1.5793,1.5923,1.6043,1.616,1.6277,1.6393,1.6509
3.9405,3.8621,3.7844,3.7075,3.6304,3.5526,3.4749,3.3971,3.3193,3.2415,3.1636,3.0783,2.988,1.2819,1.1966,1.1309,1.1136,1.0967,1.0879,1.0791,1.071,1.063,1.0551,1.0472,1.0394
1.8248,1.9231,2.0206,2.1171,2.2139,2.3114,2.4089,2.5065,2.6041,2.7017,2.7993,2.9063,3.0196,0.4285,1.2061,1.2885,1.3102,1.3314,1.3425,1.3535,1.3637,1.3737,1.3836,1.3935,1.4033
4.3866,4.3866,4.3866,4.3866,4.3866,4.3866,4.3866,4.3866,4.3866,4.3866,4.3866,4.3866,4.3866,4.3866,4.3866,4.3866,4.3866,4.3866,4.3866,4.3866,4.3866,4.3866,4.3866,4.3866,4.3866
4.3984,4.3984,4.3984,4.3984,4.3984,4.3984,4.3984,4.3984,4.3984,4.3984,4.3984,4.3984,4.3984,4.3984,4.3984,1.5669,2.0652,2.0338,2.0175,2.0011,1.9861,1.9713,1.9567,1.9421,1.9275
1.4981,1.5789,1.6589,1.7381,1.8176,1.8976,1.9777,2.0578,2.138,2.2181,2.2982,2.3861,0.6228,0.9024,0.9902,1.0578,1.0757,1.0931,1.1022,1.1112,1.1196,1.1278,1.1359,1.144,1.1521
4.4135,4.3257,4.2386,4.1525,4.0661,3.979,3.892,3.8048,3.7177,3.6305,2.6485,1.499,1.5338,1.4357,1.3403,1.2667,1.2473,1.2284,1.2185,1.2086,1.1995,1.1906,1.1817,1.1729,1.1641
4.2106,4.4341,4.4341,4.4341,4.4341,4.4341,4.4341,4.4341,4.4341,4.4341,4.4341,4.4341,4.4341,4.4341,4.4341,1.4114,1.9767,2.5472,3.0977,3.1232,3.1467,3.1698,3.1927,3.2154,3.2382
3.7894,3.9936,4.1961,4.3964,4.4461,4.1869,3.6133,3.0397,2.466,1.8924,1.3187,0.7464,2.0543,2.2825,2.5046,2.6756,2.7208,2.7648,2.7878,2.8108,2.8319,2.8526,2.8732,2.8937,2.9142
4.3203,4.2344,4.1491,4.0648,3.9802,3.895,3.8098,3.7245,3.6392,3.5539,3.4686,3.375,3.276,0.8139,1.312,1.2399,1.2209,1.2024,1.1928,1.1831,1.1742,1.1655,1.1568,1.1482,1.1395
1.513,1.5945,1.6754,1.7554,1.8356,1.9164,1.9973,2.0782,2.1591,2.2401,2.321,2.4097,2.5037,0.8687,1.0,1.0683,1.0863,1.1039,1.1131,1.1222,1.1307,1.139,1.1472,1.1554,1.1635
4.4826,4.4826,4.4826,4.4826,4.4826,4.4689,3.8566,3.2444,2.6321,2.1426,3.0558,2.887,2.7084,2.5352,2.3666,2.2367,2.2024,2.169,2.1516,2.1341,2.1181,2.1023,2.0867,2.0711,2.0556
4.4949,4.4949,4.4949,4.4949,4.4949,4.4949,4.4949,4.4949,4.4949,4.4949,4.4949,4.4949,4.4949,4.4949,4.4949,4.4949,4.4949,4.4949,2.9922,3.5399,4.0876,4.4949,4.4949,4.4949,4.4949
1.7631,1.8581,1.9523,2.0455,2.139,2.2332,2.3274,2.4217,2.516,2.6103,2.1147,1.1968,0.3019,1.0619,1.1653,1.2449,1.2659,1.2864,1.2971,1.3077,1.3176,1.3272,1.3368,1.3463,1.3559
3.9373,3.8589,3.7813,3.7044,3.6274,3.5497,3.472,3.3943,3.3165,3.2388,3.161,3.0758,1.2574,1.2808,1.1956,1.13,1.1127,1.0958,1.087,1.0782,1.0701,1.0621,1.0542,1.0464,1.0385
2.2351,2.3556,2.475,2.5932,2.7117,2.8311,2.9506,3.0701,3.1897,3.3092,3.4288,3.5599,3.6987,3.8332,1.0294,1.5782,1.6048,1.6308,1.6443,1.6579,1.6704,1.6826,1.6947,1.7068,1.7189
4.5448,4.5448,4.5448,4.5448,4.3906,3.8616,3.3325,2.8034,2.2744,1.7453,4.5448,4.5448,4.5448,4.5448,4.5448,4.5448,4.5448,4.5448,4.5448,4.5448,4.5448,4.5448,4.5448,4.5448,4.5448
4.5574,4.5574,4.5574,4.5574,4.5574,4.5574,4.5574,4.5574,4.5574,4.5495,4.4403,4.3206,4.1938,4.0709,1.109,1.5873,1.563,1.5393,1.5269,1.5145,1.5032,1.492,1.4809,1.4698,1.4588
1.4407,1.5184,1.5954,1.6716,1.7479,1.8249,1.9019,1.979,2.056,2.1331,2.2102,2.2947,2.3841,0.8678,0.9522,1.0173,1.0345,1.0512,1.0599,1.0687,1.0767,1.0846,1.0924,1.1002,1.108
4.5829,4.5829,4.5829,4.5829,4.5829,4.5751,4.475,4.3681,3.5438,2.7194,1.8951,1.1851,1.7636,1.6508,1.541,1.4564,1.4341,1.4124,1.401,1.3897,1.3792,1.369,1.3588,1.3486,1.3385
4.5958,4.5958,4.5958,4.5958,4.5958,4.5958,4.5958,4.5958,4.5958,4.5958,4.5958,4.5958,4.5958,4.5958,4.5958,4.5958,4.5958,4.5958,4.5958,4.5958,4.0514,4.5542,4.5958,4.5958,4.5958
2.5179,2.6536,2.7882,2.9213,3.0548,3.1894,3.3239,3.4051,2.7625,2.1199,1.4773,0.8361,1.365,1.5166,1.6642,1.7779,1.8079,1.8372,1.8524,1.8677,1.8817,1.8955,1.9092,1.9228,1.9364
3.9901,3.9108,3.832,3.7542,3.6761,3.5974,3.5186,3.4399,3.3611,3.2823,3.2035,3.1171,3.0256,1.1765,1.2117,1.1452,1.1276,1.1105,1.1016,1.0927,1.0845,1.0764,1.0684,1.0604,1.0525
1.6553,1.7445,1.8329,1.9204,2.0082,2.0967,2.1851,2.2736,2.3622,2.4507,2.5393,2.6363,2.7391,0.5201,1.094,1.1688,1.1885,1.2077,1.2178,1.2278,1.237,1.2461,1.2551,1.264,1.273
4.6479,4.6479,4.6479,4.6479,4.6479,4.6479,4.6479,4.6479,4.6479,4.6479,4.6479,4.6479,4.4438,4.1596,3.8829,3.6698,3.6136,3.5588,3.5301,3.5015,3.4752,3.4494,3.4237,3.3982,3.3727
4.6612,4.6612,4.6612,4.6612,4.6612,4.6612,4.6612,4.6612,4.6612,4.6612,4.6612,4.6612,4.6612,4.6612,4.6612,1.4444,2.0305,2.5816,2.5608,2.5401,2.521,2.5022,2.4836,2.4651,2.4466
1.5555,1.6394,1.7225,1.8047,1.8872,1.9703,2.0534,2.1367,2.2199,2.3031,2.3863,1.7735,0.4155,0.9369,1.0281,1.0983,1.1169,1.135,1.1444,1.1538,1.1625,1.171,1.1795,1.1879,1.1963
4.1285,4.0463,3.9649,3.8843,3.8035,3.7221,3.6406,3.5591,3.4776,3.3961,3.3145,2.0251,1.4348,1.343,1.2537,1.1849,1.1667,1.149,1.1398,1.1306,1.1221,1.1137,1.1054,1.0972,1.0889
3.0801,3.2461,3.4107,3.5735,3.7368,3.9014,4.066,4.2308,4.3955,4.5603,4.7013,4.7013,4.7013,4.7013,0.8934,1.48,2.0805,2.2473,2.266,2.2846,2.3018,2.3187,2.3354,2.3521,2.3687
4.7148,4.7148,4.7148,4.7148,4.5139,3.97,3.4261,2.8821,2.3382,1.7943,1.2504,0.7077,3.0513,3.3902,3.7201,3.9742,4.0413,4.1066,4.1408,4.1749,4.2062,4.2371,4.2677,4.2981,4.3285
4.6146,4.5228,4.4318,4.3417,4.2514,4.1604,4.0694,3.9782,3.8871,3.796,3.7049,3.605,3.4992,3.3966,1.4013,1.3244,1.3041,1.2843,1.274,1.2637,1.2542,1.2449,1.2356,1.2264,1.2172
1.453,1.5313,1.609,1.6858,1.7628,1.8405,1.9181,1.9958,2.0736,2.1513,2.229,2.3142,2.4044,0.8752,0.9604,1.026,1.0433,1.0602,1.069,1.0778,1.0859,1.0938,1.1017,1.1096,1.1174
4.7559,4.7559,4.7559,4.7559,4.7559,4.7559,4.1867,3.5221,2.8574,2.1927,1.6156,2.3454,2.2003,2.0596,1.9226,1.8171,1.7892,1.7621,1.7479,1.7337,1.7207,1.7079,1.6952,1.6826,1.6699
4.7697,4.7697,4.7697,4.7697,4.7697,4.7697,4.7697,4.7697,4.7697,4.7697,4.7697,4.7697,4.7697,4.7697,4.7697,4.7697,4.7697,4.7697,4.7697,4.7697,4.7697,4.7697,4.7697,4.7697,4.7697
1.9492,2.0543,2.1584,2.2615,2.3648,2.469,2.5732,2.6774,2.7817,2.5497,1.7768,1.0056,0.3338,1.1741,1.2883,1.3763,1.3996,1.4222,1.434,1.4458,1.4567,1.4674,1.478,1.4885,1.499
3.8737,3.7966,3.7202,3.6446,3.5688,3.4924,3.416,3.3395,3.263,3.1865,3.11,3.0261,2.9374,1.2601,1.1763,1.1118,1.0947,1.0781,1.0695,1.0608,1.0528,1.045,1.0372,1.0295,1.0217
1.9295,2.0335,2.1366,2.2386,2.3409,2.444,2.5471,2.6503,2.7535,2.8568,2.96,3.0731,3.1929,0.4466,1.1623,1.3624,1.3854,1.4078,1.4195,1.4312,1.442,1.4525,1.463,1.4734,1.4839
4.8259,4.8259,4.8259,4.8259,4.8259,4.8259,4.8259,4.8259,4.8259,4.8259,4.8259,4.8259,4.8259,4.8259,4.8259,4.8259,4.8259,4.8259,4.8259,4.8259,4.8259,4.8259,4.8259,4.8259,4.8259
4.8402,4.8402,4.8402,4.8402,4.8402,4.8402,4.8402,4.8402,4.8402,4.8402,4.8402,4.8402,4.8402,4.7127,1.0677,1.6381,1.8094,1.782,1.7677,1.7533,1.7402,1.7272,1.7144,1.7016,1.6888
1.4514,1.5296,1.6072,1.6839,1.7609,1.8384,1.916,1.9936,2.0713,2.1489,2.2265,2.3116,0.8911,0.8742,0.9593,1.0248,1.0421,1.059,1.0678,1.0766,1.0847,1.0926,1.1005,1.1083,1.1162
4.5677,4.4769,4.3868,4.2976,4.2082,4.1181,4.028,3.9378,3.8476,3.2462,2.2622,1.2803,1.5875,1.4859,1.3871,1.311,1.2909,1.2713,1.2611,1.2508,1.2414,1.2322,1.223,1.2139,1.2048
4.8835,4.8835,4.8835,4.8835,4.8835,4.8835,4.8835,4.8835,4.8835,4.8835,4.8835,4.8835,4.8835,4.8835,4.8835,4.8835,1.9003,2.4488,2.9975,3.5462,4.0303,4.0599,4.0892,4.1184,4.1475
3.1257,3.2941,3.4612,3.6265,3.7922,3.9592,3.7057,3.1174,2.5291,1.9408,1.3525,0.7655,1.6945,1.8827,2.0659,2.207,2.2443,2.2806,2.2995,2.3185,2.3359,2.353,2.37,2.3869,2.4038
4.1198,4.0378,3.9566,3.8762,3.7955,3.7143,3.633,3.5516,3.4703,3.3889,3.3076,3.2184,3.124,0.7761,1.2511,1.1824,1.1643,1.1466,1.1374,1.1282,1.1197,1.1114,1.1031,1.0949,1.0867
1.5387,1.6217,1.7039,1.7853,1.8668,1.9491,2.0313,2.1136,2.1959,2.2782,2.3605,2.4508,2.5463,0.6806,1.017,1.0865,1.1048,1.1227,1.132,1.1414,1.1499,1.1584,1.1667,1.1751,1.1834
4.9424,4.9424,4.9424,4.9424,4.8031,4.2243,3.6456,3.0668,3.8876,3.7097,3.5319,3.3369,3.1304,2.9302,2.7353,2.5852,2.5456,2.5069,2.4868,2.4666,2.4481,2.4299,2.4118,2.3938,2.3759
4.9573,4.9573,4.9573,4.9573,4.9573,4.9573,4.9573,4.9573,4.9573,4.9573,4.9573,4.9573,4.9573,4.9573,4.9573,4.9573,1.9142,2.4667,3.0194,3.572,3.5624,3.5359,3.5096,3.4834,3.4573
1.6506,1.7395,1.8278,1.915,2.0025,2.0907,2.1789,2.2672,2.3555,2.4438,2.3748,1.3441,0.3149,0.9942,1.0909,1.1655,1.1851,1.2043,1.2143,1.2243,1.2335,1.2426,1.2515,1.2605,1.2694
3.9433,3.8649,3.7871,3.7101,3.633,3.5552,3.4774,3.3995,3.3217,3.2438,3.1659,3.0806,0.8306,1.2828,1.1975,1.1318,1.1144,1.0975,1.0887,1.0799,1.0717,1.0638,1.0559,1.048,1.0401
2.456,2.5883,2.7196,2.8494,2.9797,3.1109,3.2421,3.3735,3.5049,3.6362,3.7676,3.9117,4.0641,4.212,0.9534,1.5949,1.7634,1.7919,1.8068,1.8217,1.8354,1.8489,1.8622,1.8755,1.8888
5.0181,5.0181,5.0181,4.8917,4.3656,3.8395,3.3135,2.7874,2.2614,1.7354,1.2093,5.0181,5.0181,5.0181,5.0181,5.0181,5.0181,5.0181,5.0181,5.0181,5.0181,5.0181,5.0181,5.0181,5.0181
5.0335,4.9585,4.8587,4.76,4.661,4.5612,4.4614,4.3615,4.2616,4.1617,4.0618,3.9523,3.8363,3.7238,1.1977,1.452,1.4298,1.4081,1.3967,1.3854,1.375,1.3648,1.3546,1.3445,1.3344
1.4223,1.4989,1.575,1.6501,1.7256,1.8016,1.8776,1.9536,2.0297,2.1058,2.1819,2.2653,2.3536,0.8567,0.9401,1.0043,1.0212,1.0377,1.0464,1.055,1.0629,1.0707,1.0784,1.0861,1.0938
5.0646,5.0646,5.0646,5.0646,4.9772,4.8707,4.681,3.9378,3.1947,2.4516,1.7084,2.0014,1.8776,1.7575,1.6406,1.5505,1.5268,1.5036,1.4915,1.4794,1.4683,1.4574,1.4466,1.4358,1.425
5.0803,5.0803,5.0803,5.0803,5.0803,5.0803,5.0803,5.0803,5.0803,5.0803,5.0803,5.0803,5.0803,5.0803,5.0803,5.0803,5.0803,5.0803,5.0803,5.0803,5.0803,5.0803,5.0803,5.0803,5.0803
2.2299,2.3501,2.4693,2.5872,2.7054,2.8246,2.9437,3.063,2.9054,2.2295,1.5537,0.8793,1.2089,1.3432,1.4739,1.5745,1.6011,1.627,1.6405,1.654,1.6665,1.6787,1.6908,1.7029,1.7149
3.8825,3.8052,3.7286,3.6529,3.5769,3.5003,3.4237,3.347,3.2704,3.1937,3.117,3.033,2.944,1.263,1.179,1.1143,1.0972,1.0806,1.0719,1.0632,1.0552,1.0474,1.0396,1.0318,1.0241
1.7225,1.8153,1.9073,1.9984,2.0897,2.1818,2.2738,2.3659,2.4581,2.5502,2.6424,2.7434,2.8503,0.4503,1.1384,1.2162,1.2367,1.2567,1.2672,1.2776,1.2872,1.2967,1.306,1.3153,1.3247
5.1441,5.1441,5.1441,5.1441,5.1441,5.1441,5.1441,5.1441,5.1441,5.1441,5.1441,5.1441,5.1441,5.1441,5.1441,4.9122,4.8369,4.7636,4.7253,4.687,4.6517,4.6172,4.5828,4.5486,4.5145
5.1603,5.1603,5.1603,5.1603,5.1603,5.1603,5.1603,5.1603,5.1603,5.1603,5.1603,5.1603,5.1603,5.1603,5.1603,1.4888,2.0929,2.1698,2.1524,2.1349,2.1189,2.1031,2.0875,2.0719,2.0563
1.4904,1.5707,1.6503,1.7291,1.8081,1.8878,1.9674,2.0472,2.1269,2.2066,2.2863,2.1918,0.5135,0.8977,0.9851,1.0523,1.0701,1.0874,1.0964,1.1055,1.1138,1.1219,1.13,1.1381,1.1462
4.2186,4.1346,4.0514,3.9691,3.8865,3.8033,3.7201,3.6368,3.5535,3.4702,2.8827,1.6316,1.4661,1.3723,1.2811,1.2107,1.1922,1.1741,1.1647,1.1552,1.1465,1.138,1.1296,1.1211,1.1127
3.6247,3.8201,4.0138,4.2054,4.3976,4.5913,4.785,4.9789,5.1728,5.2095,5.2095,5.2095,5.2095,5.2095,5.2095,1.4061,1.9766,2.5471,2.6667,2.6886,2.7088,2.7287,2.7484,2.768,2.7876
4.2449,4.4736,4.7005,4.9249,4.5753,4.024,3.4727,2.9213,2.37,1.8187,1.2674,0.7173,2.3012,2.5568,2.8056,2.9973,3.0479,3.0972,3.1229,3.1486,3.1723,3.1955,3.2186,3.2416,3.2645
4.344,4.2576,4.1719,4.0871,4.0021,3.9164,3.8307,3.7449,3.6592,3.5734,3.4876,3.3936,3.294,3.1974,1.3192,1.2468,1.2276,1.209,1.1993,1.1896,1.1806,1.1719,1.1631,1.1545,1.1458
1.4615,1.5403,1.6184,1.6957,1.7732,1.8513,1.9294,2.0076,2.0857,2.1639,2.2421,2.3278,2.4186,0.8803,0.966,1.032,1.0494,1.0664,1.0752,1.0841,1.0922,1.1002,1.1082,1.1161,1.124
5.2767,5.2767,5.2767,5.2767,5.1399,4.5206,3.9012,3.2819,2.6625,2.0432,2.7564,2.6042,2.4431,2.2868,2.1347,2.0176,1.9866,1.9565,1.9408,1.925,1.9106,1.8964,1.8823,1.8682,1.8542
5.2937,5.2937,5.2937,5.2937,5.2937,5.2937,5.2937,5.2937,5.2937,5.2937,5.2937,5.2937,5.2937,5.2937,5.2937,5.2937,5.2937,5.2937,5.2937,3.4363,3.968,4.4997,5.0314,5.2937,5.2937
1.7954,1.8921,1.9881,2.083,2.1782,2.2741,2.3701,2.4661,2.5621,2.6582,1.9353,1.0953,0.3074,1.0814,1.1866,1.2677,1.2891,1.31,1.3208,1.3317,1.3417,1.3516,1.3613,1.371,1.3807
3.8401,3.7637,3.688,3.613,3.5379,3.4621,3.3864,3.3105,3.2347,3.1589,3.083,2.9999,2.0419,1.2492,1.1661,1.1021,1.0852,1.0688,1.0602,1.0516,1.0437,1.0359,1.0282,1.0206,1.0129
2.0691,2.1806,2.2912,2.4006,2.5103,2.6208,2.7314,2.8421,2.9527,3.0634,3.1741,3.2954,3.4239,0.4789,1.0562,1.461,1.4856,1.5097,1.5222,1.5347,1.5463,1.5576,1.5689,1.58,1.5912
5.363,5.363,5.3393,4.8207,4.3022,3.7838,3.2654,2.747,2.2286,5.363,5.363,5.363,5.363,5.363,5.363,5.363,5.363,5.363,5.363,5.363,5.363,5.363,5.363,5.363,5.363
5.3806,5.3806,5.3806,5.3806,5.2747,5.1618,5.0489,4.9358,4.8228,4.7097,4.5966,4.4727,4.3415,4.2142,1.0363,1.6432,1.618,1.5935,1.5807,1.5679,1.5561,1.5445,1.533,1.5216,1.5102
1.4183,1.4947,1.5705,1.6455,1.7207,1.7965,1.8723,1.9481,2.024,2.0998,2.1757,2.2589,1.621,0.8543,0.9374,1.0014,1.0183,1.0348,1.0434,1.052,1.0599,1.0677,1.0754,1.0831,1.0907
4.7801,4.685,4.5907,4.4974,4.4039,4.3096,4.2153,4.1209,3.7078,2.8453,1.9828,1.1222,1.6613,1.555,1.4516,1.3719,1.3509,1.3304,1.3197,1.309,1.2992,1.2895,1.2799,1.2704,1.2608
5.4342,5.4342,5.4342,5.4342,5.4342,5.4342,5.4342,5.4342,5.4342,5.4342,5.4342,5.4342,5.4342,5.4342,5.4342,5.4342,5.4342,5.4342,2.9075,3.4397,3.9719,4.5042,5.0364,5.4342,5.4342
2.6696,2.8135,2.9562,3.0973,3.2388,3.3815,3.5241,3.2299,2.6204,2.0108,1.4013,0.7931,1.4472,1.608,1.7645,1.885,1.9168,1.9478,1.964,1.9802,1.9951,2.0097,2.0242,2.0386,2.0531
3.9654,3.8865,3.8082,3.7308,3.6532,3.575,3.4968,3.4185,3.3402,3.2619,3.1836,3.0977,3.0069,0.9419,1.2042,1.1381,1.1206,1.1036,1.0948,1.0859,1.0777,1.0697,1.0618,1.0538,1.0459
1.5799,1.665,1.7495,1.833,1.9168,2.0012,2.0856,2.1701,2.2546,2.3391,2.4237,2.5163,2.6144,0.561,1.0442,1.1156,1.1344,1.1527,1.1623,1.1719,1.1807,1.1893,1.1979,1.2065,1.215
5.5072,5.5072,5.5072,5.138,4.5854,4.0329,5.1013,4.8875,4.6737,4.4599,4.246,4.0116,3.7634,3.5227,3.2884,3.1079,3.0603,3.0139,2.9896,2.9654,2.9431,2.9212,2.8995,2.8779,2.8563
5.5258,5.5258,5.5258,5.5258,5.5258,5.5258,5.5258,5.5258,5.5258,5.5258,5.5258,5.5258,5.5258,5.5258,5.5258,5.5258,1.949,2.5116,2.8295,2.8066,2.7855,2.7648,2.7442,2.7238,2.7033
1.562,1.6461,1.7296,1.8122,1.895,1.9785,2.0619,2.1455,2.229,2.3126,2.3961,1.5531,0.3638,0.9408,1.0324,1.1029,1.1215,1.1396,1.1491,1.1586,1.1673,1.1758,1.1843,1.1928,1.2012
3.9838,3.9046,3.826,3.7482,3.6703,3.5917,3.5131,3.4344,3.3558,3.2771,3.1984,2.3202,0.8391,1.296,1.2098,1.1434,1.1259,1.1088,1.0999,1.0909,1.0827,1.0747,1.0667,1.0587,1.0508
2.7588,2.9075,3.0549,3.2008,3.347,3.4944,3.6419,3.7894,3.937,4.0846,4.2321,4.3939,4.5652,4.7313,0.8935,1.4947,1.9808,2.0129,2.0296,2.0463,2.0617,2.0768,2.0918,2.1067,2.1216
5.6014,5.6014,5.4327,4.9051,4.3775,3.85,3.3225,2.795,2.2676,1.7401,1.2126,0.7492,3.7216,4.1349,4.5373,4.8473,4.9291,5.0088,5.0504,5.092,5.1303,5.1679,5.2052,5.2423,5.2794
4.69,4.5967,4.5042,4.4127,4.3209,4.2284,4.1359,4.0432,3.9506,3.858,3.7654,3.6639,3.5564,3.4521,1.3167,1.3461,1.3254,1.3053,1.2948,1.2843,1.2747,1.2652,1.2558,1.2464,1.2371
1.4158,1.4921,1.5678,1.6427,1.7177,1.7934,1.8691,1.9448,2.0205,2.0963,2.172,2.255,2.3429,0.8528,0.9358,0.9997,1.0166,1.033,1.0416,1.0502,1.0581,1.0658,1.0735,1.0812,1.0889
5.6594,5.6594,5.6072,5.4933,5.379,4.9659,4.2855,3.6052,2.9248,2.2444,1.5641,2.1629,2.0291,1.8993,1.773,1.6757,1.65,1.625,1.6119,1.5988,1.5868,1.575,1.5633,1.5517,1.54
5.679,5.679,5.679,5.679,5.679,5.679,5.679,5.679,5.679,5.679,5.679,5.679,5.679,5.679,5.679,5.679,5.679,5.679,5.679,5.679,5.679,5.679,5.679,5.679,5.679
2.0116,2.12,2.2276,2.3339,2.4406,2.5481,2.6556,2.7632,2.8708,2.3756,1.6555,0.937,0.3445,1.2117,1.3296,1.4204,1.4444,1.4677,1.4799,1.4921,1.5033,1.5144,1.5253,1.5362,1.547
3.8098,3.734,3.6589,3.5845,3.51,3.4348,3.3596,3.2844,3.2092,3.134,3.0587,2.9762,2.8889,1.2394,1.1569,1.0934,1.0767,1.0603,1.0518,1.0433,1.0355,1.0278,1.0201,1.0125,1.0049
1.8133,1.911,2.0079,2.1037,2.1999,2.2968,2.3937,2.4907,2.5877,2.6846,2.7816,2.888,3.0006,0.4197,1.1985,1.2803,1.3019,1.323,1.334,1.345,1.3551,1.365,1.3749,1.3847,1.3945
5.7589,5.7589,5.7589,5.7589,5.7589,5.7589,5.7589,5.7589,5.7589,5.7589,5.7589,5.7589,5.7589,5.7589,5.7589,5.7589,5.7589,5.7589,5.7589,5.7589,5.7589,5.7589,5.7589,5.7589,5.7589
5.7792,5.7792,5.7792,5.7792,5.7792,5.7792,5.7792,5.7792,5.6874,5.5541,5.4208,5.2746,5.1198,4.9698,4.8237,1.5508,1.9081,1.8792,1.8641,1.849,1.8351,1.8214,1.8079,1.7944,1.7809
1.4409,1.5186,1.5956,1.6718,1.7481,1.8251,1.9021,1.9792,2.0563,2.1334,2.2104,2.2949,0.6844,0.8679,0.9524,1.0174,1.0346,1.0513,1.0601,1.0688,1.0768,1.0847,1.0925,1.1003,1.1081
4.3528,4.2662,4.1804,4.0954,4.0102,3.9243,3.8385,3.7525,3.6666,3.4755,2.4219,1.3708,1.5128,1.416,1.3218,1.2493,1.2301,1.2115,1.2017,1.192,1.183,1.1742,1.1655,1.1568,1.1481
4.4716,4.7125,4.9515,5.1879,5.425,5.664,5.841,5.841,5.841,5.841,5.841,5.841,5.841,5.841,5.841,5.841,1.8959,2.4431,2.9905,3.3168,3.3417,3.3662,3.3905,3.4147,3.4389
3.4154,3.5994,3.782,3.9625,4.1436,4.1163,3.5523,2.9884,2.4244,1.8604,1.2965,0.7338,1.8515,2.0572,2.2574,2.4116,2.4523,2.4919,2.5126,2.5333,2.5524,2.5711,2.5896,2.6081,2.6266
4.1314,4.0492,3.9677,3.8871,3.8062,3.7247,3.6432,3.5617,3.4801,3.3985,3.3169,3.2275,3.1328,0.7783,1.2546,1.1857,1.1676,1.1499,1.1406,1.1314,1.1229,1.1145,1.1062,1.098,1.0897
1.4831,1.563,1.6423,1.7207,1.7993,1.8785,1.9578,2.0371,2.1165,2.1958,2.2751,2.3621,2.4542,0.7659,0.9802,1.0472,1.0649,1.0821,1.0911,1.1001,1.1083,1.1165,1.1245,1.1325,1.1406
5.9255,5.9255,5.9255,5.4271,4.8434,4.2598,3.6761,3.0925,2.5089,3.2949,3.1369,2.9637,2.7804,2.6025,2.4294,2.2961,2.2609,2.2266,2.2087,2.1908,2.1743,2.1582,2.1421,2.1261,2.1102
5.947,5.947,5.947,5.947,5.947,5.947,5.947,5.947,5.947,5.947,5.947,5.947,5.947,5.947,5.947,5.947,5.947,2.3896,2.925,3.4604,3.9958,4.1719,4.1409,4.11,4.0791
1.6745,1.7647,1.8542,1.9428,2.0315,2.121,2.2105,2.3001,2.3896,2.4792,2.1496,1.2166,0.2867,1.0086,1.1068,1.1824,1.2023,1.2218,1.2319,1.2421,1.2514,1.2606,1.2697,1.2787,1.2878
3.8387,3.7623,3.6866,3.6117,3.5365,3.4608,3.3851,3.3093,3.2335,3.1577,3.0819,2.9988,0.9813,1.2488,1.1657,1.1017,1.0848,1.0684,1.0598,1.0512,1.0433,1.0355,1.0278,1.0202,1.0125
2.255,2.3765,2.497,2.6162,2.7358,2.8563,2.9768,3.0974,3.218,3.3386,3.4593,3.5915,3.7315,3.8673,0.9737,1.5922,1.6191,1.6453,1.6589,1.6726,1.6852,1.6975,1.7098,1.722,1.7342
6.0346,5.8135,5.299,4.7843,4.2698,3.7552,3.2407,2.7263,2.2118,1.6973,1.1828,6.0346,6.0346,6.0346,6.0346,6.0346,6.0346,6.0346,6.0346,6.0346,6.0346,6.0346,6.0346,6.0346,6.0346
5.2067,5.1031,5.0004,4.8988,4.7969,4.6941,4.5914,4.4886,4.3858,4.283,4.1802,4.0675,3.9481,3.8324,1.1121,1.4943,1.4714,1.4491,1.4375,1.4258,1.4151,1.4046,1.3941,1.3837,1.3733
1.3975,1.4728,1.5475,1.6214,1.6955,1.7702,1.8449,1.9196,1.9944,2.0691,2.1439,2.2258,2.3126,0.8418,0.9237,0.9868,1.0034,1.0197,1.0281,1.0366,1.0444,1.0521,1.0596,1.0672,1.0748
5.0636,4.9629,4.863,4.7641,4.665,4.5651,4.4653,4.089,3.3173,2.5456,1.774,1.8758,1.7598,1.6472,1.5377,1.4533,1.431,1.4093,1.398,1.3866,1.3762,1.366,1.3558,1.3457,1.3356
6.1249,6.1249,6.1249,6.1249,6.1249,6.1249,6.1249,6.1249,6.1249,6.1249,6.1249,6.1249,6.1249,6.1249,6.1249,6.1249,6.1249,6.1249,6.1249,6.1249,6.1249,6.1249,6.1249,5.4476,5.9683
2.3405,2.4667,2.5917,2.7155,2.8396,2.9646,3.0897,3.2149,2.7448,2.1063,1.4678,0.8307,1.2688,1.4098,1.547,1.6526,1.6805,1.7077,1.7219,1.7361,1.7491,1.7619,1.7747,1.7873,1.8
3.8505,3.7739,3.6979,3.6228,3.5474,3.4714,3.3955,3.3195,3.2434,3.1674,3.0914,3.008,2.9197,1.2526,1.1693,1.1051,1.0882,1.0717,1.063,1.0544,1.0465,1.0387,1.031,1.0233,1.0156
1.6385,1.7268,1.8144,1.901,1.9879,2.0754,2.163,2.2506,2.3383,2.4259,2.5136,2.6097,2.7114,0.4791,1.083,1.1569,1.1765,1.1955,1.2054,1.2154,1.2245,1.2335,1.2424,1.2512,1.2601
6.2178,6.0156,6.2178,6.2178,6.2178,6.2178,6.2178,6.2178,5.9535,5.6811,5.4087,5.1101,4.7939,4.4873,4.1889,3.959,3.8983,3.8391,3.8083,3.7774,3.749,3.7211,3.6935,3.6659,3.6384
6.2415,6.2415,6.2415,6.2415,6.2415,6.2415,6.2415,6.2415,6.2415,6.2415,6.2415,6.2415,6.2415,6.2126,6.03,1.425,2.0032,2.3491,2.3302,2.3113,2.294,2.2769,2.26,2.2431,2.2263
1.4927,1.5731,1.6529,1.7318,1.811,1.8907,1.9705,2.0504,2.1302,2.21,2.2899,1.8651,0.4369,0.8991,0.9866,1.054,1.0718,1.0891,1.0982,1.1072,1.1155,1.1237,1.1318,1.1399,1.148
4.0607,3.9799,3.8998,3.8205,3.741,3.6609,3.5808,3.5007,3.4205,3.3403,3.1983,1.8101,1.4112,1.321,1.2331,1.1654,1.1476,1.1302,1.1211,1.112,1.1036,1.0954,1.0873,1.0792,1.0711
3.1868,3.3586,3.5289,3.6974,3.8663,4.0366,4.2069,4.3774,4.5478,4.7183,4.8888,5.0757,5.2735,5.4654,0.9243,1.4158,1.9903,2.3252,2.3445,2.3638,2.3816,2.399,2.4164,2.4336,2.4508
4.888,5.1515,5.4127,4.9607,4.4272,3.8937,3.3602,2.8268,2.2933,1.7598,1.2264,0.6941,2.6499,2.9442,3.2307,3.4514,3.5097,3.5664,3.5961,3.6257,3.6529,3.6797,3.7063,3.7327,3.7591
4.3994,4.3119,4.2251,4.1393,4.0532,3.9664,3.8796,3.7927,3.7058,3.619,3.5321,3.4369,3.336,3.2382,1.336,1.2627,1.2433,1.2244,1.2146,1.2048,1.1957,1.1868,1.178,1.1692,1.1604
1.4213,1.4978,1.5738,1.6489,1.7243,1.8002,1.8762,1.9522,2.0282,2.1043,2.1803,2.2636,2.3519,0.8561,0.9394,1.0035,1.0205,1.037,1.0456,1.0542,1.0621,1.0699,1.0776,1.0853,1.093
6.4125,6.2939,6.1672,5.8701,5.2387,4.6074,3.9762,3.3449,2.7137,2.0824,2.518,2.3789,2.2318,2.089,1.9501,1.843,1.8148,1.7873,1.7729,1.7585,1.7453,1.7323,1.7194,1.7066,1.6938
6.4377,6.4377,6.4377,6.4377,6.4377,6.4377,6.4377,6.4377,6.4377,6.4377,6.4377,6.4377,6.4377,6.4377,6.4377,6.4377,6.4377,6.4377,6.4377,6.4377,6.4377,4.4046,4.9161,5.4356,5.9551
1.843,1.9424,2.0409,2.1383,2.236,2.3345,2.433,2.5316,2.6302,2.5689,1.7902,1.0132,0.3156,1.1101,1.2181,1.3014,1.3233,1.3447,1.3559,1.3671,1.3773,1.3874,1.3975,1.4074,1.4174
3.7696,3.6946,3.6202,3.5466,3.4729,3.3985,3.3241,3.2497,3.1753,3.1008,3.0264,2.9448,2.8584,1.2263,1.1447,1.0819,1.0653,1.0491,1.0407,1.0323,1.0245,1.0169,1.0093,1.0018,0.9943
1.9335,2.0377,2.141,2.2433,2.3458,2.4491,2.5524,2.6558,2.7593,2.8627,2.9661,3.0795,3.1995,0.4475,1.0933,1.3652,1.3883,1.4107,1.4225,1.4342,1.445,1.4555,1.466,1.4765,1.487
6.2877,5.7766,5.2654,4.754,4.2427,3.7314,3.2202,6.5405,6.5405,6.5405,6.5405,6.5405,6.5405,6.5405,6.5405,6.5405,6.5405,6.5405,6.5405,6.5405,6.5405,6.5405,6.5405,6.5405,6.5405
5.9844,5.8654,5.7473,5.6305,5.5134,5.3954,5.2773,5.1591,5.041,4.9228,4.8046,4.6751,4.5379,4.4049,0.9979,1.634,1.6912,1.6656,1.6522,1.6388,1.6265,1.6144,1.6024,1.5904,1.5785
1.4051,1.4809,1.556,1.6303,1.7047,1.7798,1.8549,1.9301,2.0052,2.0804,2.1556,2.238,1.0496,0.8464,0.9287,0.9922,1.0089,1.0252,1.0337,1.0423,1.0501,1.0578,1.0654,1.073,1.0806
4.5382,4.448,4.3584,4.2699,4.181,4.0915,4.002,3.9124,3.8228,3.01,2.0976,1.1872,1.5772,1.4763,1.3781,1.3025,1.2825,1.2631,1.2529,1.2428,1.2334,1.2243,1.2151,1.2061,1.197
5.9357,6.2556,6.5728,6.6467,6.6467,6.6467,6.6467,6.6467,6.6467,6.6467,6.6467,6.6467,6.6467,6.6467,6.6467,6.6467,6.6467,2.3645,2.8942,3.424,3.9538,4.4684,4.5006,4.5327,4.5648
2.8679,3.0224,3.1757,3.3273,3.4794,3.6326,3.6689,3.0864,2.504,1.9215,1.339,0.7579,1.5547,1.7274,1.8955,2.025,2.0592,2.0925,2.1099,2.1272,2.1432,2.1589,2.1745,2.19,2.2055
3.9667,3.8878,3.8095,3.7321,3.6545,3.5762,3.498,3.4197,3.3413,3.263,3.1847,3.0988,3.0079,0.7852,1.2046,1.1385,1.121,1.104,1.0951,1.0863,1.0781,1.0701,1.0621,1.0542,1.0463
1.5186,1.6004,1.6816,1.7619,1.8424,1.9236,2.0047,2.0859,2.1672,2.2484,2.3296,2.4187,2.513,0.6153,1.0037,1.0723,1.0904,1.108,1.1172,1.1264,1.1349,1.1432,1.1515,1.1597,1.1679
6.7563,6.2778,5.7222,5.1665,4.6108,4.0552,3.4996,2.9564,4.0581,3.8724,3.6867,3.4832,3.2677,3.0587,2.8553,2.6986,2.6572,2.6169,2.5958,2.5748,2.5555,2.5364,2.5176,2.4988,2.48
6.7843,6.7843,6.7843,6.7843,6.7843,6.7843,6.7843,6.7843,6.7843,6.7843,6.7843,6.7843,6.7843,6.7843,6.7843,6.7843,1.8836,2.4272,2.9711,3.1724,3.1485,3.1251,3.1019,3.0787,3.0556
1.5793,1.6644,1.7488,1.8323,1.9161,2.0005,2.0849,2.1693,2.2538,2.3383,2.4228,1.3844,0.3243,0.9513,1.0438,1.1152,1.134,1.1523,1.1619,1.1715,1.1803,1.1889,1.1975,1.206,1.2146
3.8696,3.7926,3.7163,3.6408,3.565,3.4887,3.4124,3.3359,3.2595,3.1831,3.1067,2.7537,0.815,1.2588,1.1751,1.1106,1.0936,1.077,1.0683,1.0597,1.0517,1.0439,1.0361,1.0284,1.0207
2.5053,2.6403,2.7742,2.9067,3.0395,3.1734,3.3073,3.4413,3.5753,3.7093,3.8433,3.9902,4.1458,4.2966,0.9089,1.5205,1.7988,1.8279,1.8431,1.8583,1.8723,1.886,1.8996,1.9132,1.9267
6.3321,5.8174,5.3025,4.7875,4.2726,3.7578,3.2429,2.7281,2.2132,1.6984,1.1836,4.3013,4.8577,5.3972,5.9224,6.327,6.4338,6.5378,6.5921,6.6464,6.6964,6.7455,6.7942,6.8427,6.8911
4.8033,4.7078,4.613,4.5193,4.4253,4.3305,4.2358,4.1409,4.0461,3.9512,3.8564,3.7524,3.6423,3.5355,1.2127,1.3786,1.3575,1.3369,1.3261,1.3154,1.3055,1.2958,1.2861,1.2765,1.267
1.3884,1.4632,1.5374,1.6109,1.6845,1.7587,1.8329,1.9071,1.9814,2.0557,2.1299,2.2113,2.2975,0.8363,0.9177,0.9804,0.9969,1.013,1.0214,1.0299,1.0376,1.0452,1.0527,1.0603,1.0678
5.4375,5.3293,5.2221,5.1159,5.0095,4.9023,4.423,3.7208,3.0186,2.3164,1.6142,2.0144,1.8897,1.7689,1.6512,1.5606,1.5367,1.5134,1.5012,1.489,1.4778,1.4668,1.4559,1.4451,1.4342
7.0167,7.0167,7.0167,7.0167,7.0167,7.0167,7.0167,7.0167,7.0167,7.0167,7.0167,7.0167,7.0167,7.0167,7.0167,7.0167,7.0167,7.0167,7.0167,7.0167,7.0167,7.0167,7.0167,7.0167,7.0167
2.0949,2.2078,2.3198,2.4305,2.5416,2.6535,2.7655,2.8775,2.9097,2.2329,1.556,0.8807,1.1357,1.2618,1.3846,1.4792,1.5042,1.5285,1.5412,1.5539,1.5656,1.577,1.5884,1.5998,1.6111
3.7707,3.6956,3.6212,3.5477,3.4739,3.3995,3.3251,3.2506,3.1762,3.1017,3.0273,2.9456,2.8592,1.2266,1.145,1.0822,1.0656,1.0494,1.041,1.0326,1.0248,1.0172,1.0096,1.0021,0.9946
1.7177,1.8103,1.9021,1.9929,2.084,2.1758,2.2676,2.3595,2.4514,2.5432,2.6351,2.7359,2.8425,0.4201,1.1353,1.2129,1.2334,1.2533,1.2637,1.2741,1.2837,1.2931,1.3025,1.3117,1.321
7.139,7.139,7.139,7.139,7.139,7.139,7.139,7.139,7.139,7.139,7.139,7.139,6.7257,6.2956,5.8768,5.5543,5.4691,5.3862,5.3429,5.2996,5.2597,5.2206,5.1818,5.1431,5.1045
7.1702,7.0622,6.92,6.7794,6.6383,6.4962,6.3541,6.2118,6.0695,5.9272,5.7849,5.629,5.4638,5.3036,5.1477,1.4792,2.0363,2.0054,1.9893,1.9732,1.9583,1.9438,1.9293,1.9149,1.9006
1.4397,1.5173,1.5942,1.6703,1.7467,1.8236,1.9005,1.9775,2.0545,2.1316,2.2086,2.293,0.5551,0.8672,0.9516,1.0166,1.0337,1.0504,1.0592,1.0679,1.0759,1.0838,1.0916,1.0994,1.1072
4.1775,4.0944,4.0119,3.9304,3.8486,3.7662,3.6838,3.6013,3.5189,3.4364,2.6312,1.4892,1.4518,1.359,1.2686,1.199,1.1806,1.1627,1.1533,1.144,1.1354,1.1269,1.1185,1.1102,1.1019
3.8225,4.0285,4.2328,4.4348,4.6375,4.8418,5.046,5.2505,5.4549,5.6594,5.8639,6.0881,6.3254,6.5556,6.7796,1.3543,1.9038,2.4533,2.8121,2.8353,2.8566,2.8775,2.8983,2.919,2.9397
3.8043,4.0094,4.2127,4.4138,4.5169,3.9726,3.4283,2.8841,2.3398,1.7955,1.2512,0.7082,2.0624,2.2915,2.5145,2.6862,2.7316,2.7757,2.7988,2.8219,2.8431,2.8639,2.8846,2.9052,2.9257
4.171,4.088,4.0057,3.9243,3.8427,3.7604,3.6781,3.5958,3.5134,3.4311,3.3487,3.2584,3.1628,0.7858,1.2666,1.1971,1.1788,1.1609,1.1515,1.1422,1.1336,1.1252,1.1168,1.1085,1.1002
1.4388,1.5163,1.5932,1.6693,1.7456,1.8225,1.8994,1.9763,2.0533,2.1302,2.2072,2.2916,2.3809,0.8666,0.951,1.0159,1.0331,1.0498,1.0585,1.0672,1.0752,1.0831,1.0909,1.0987,1.1065
7.215,6.6963,6.1037,5.5109,4.9182,4.3256,3.7329,3.1403,2.5477,1.9837,2.829,2.6728,2.5075,2.3471,2.191,2.0707,2.039,2.0081,1.9919,1.9758,1.9609,1.9463,1.9319,1.9175,1.9031
7.4304,7.4304,7.4304,7.4304,7.4304,7.4304,7.4304,7.4304,7.4304,7.4304,7.4304,7.4304,7.4304,7.4304,7.4304,7.4304,7.4304,7.4304,2.8517,3.3737,3.8957,4.4177,4.9397,5.0874,5.0492
1.7113,1.8035,1.895,1.9854,2.0762,2.1676,2.2591,2.3506,2.4421,2.5337,1.9697,1.1148,0.293,1.0308,1.1311,1.2083,1.2287,1.2486,1.259,1.2693,1.2789,1.2882,1.2975,1.3068,1.3161
3.7603,3.6855,3.6113,3.5379,3.4644,3.3902,3.316,3.2417,3.1675,3.0932,3.019,2.9376,1.4179,1.2233,1.1419,1.0792,1.0627,1.0466,1.0382,1.0297,1.022,1.0144,1.0069,0.9993,0.9918
2.092,2.2048,2.3166,2.4272,2.5381,2.6499,2.7617,2.8736,2.9855,3.0974,3.2093,3.332,3.4619,3.5878,1.0023,1.4772,1.5021,1.5264,1.5391,1.5518,1.5634,1.5749,1.5862,1.5976,1.6089
6.2275,5.7213,5.2149,4.7085,4.202,3.6957,3.1893,2.683,2.1767,1.6703,7.5677,7.5677,7.5677,7.5677,7.5677,7.5677,7.5677,7.5677,7.5677,7.5677,7.5677,7.5677,7.5677,7.5677,7.5677
5.4043,5.2968,5.1902,5.0847,4.9789,4.8723,4.7657,4.659,4.5523,4.4456,4.3388,4.2219,4.098,3.9779,1.0422,1.5511,1.5273,1.5041,1.492,1.4799,1.4688,1.4579,1.447,1.4362,1.4255
1.3817,1.4562,1.53,1.6031,1.6763,1.7501,1.824,1.8979,1.9718,2.0457,2.1196,2.2006,2.2864,0.8322,0.9132,0.9756,0.9921,1.0081,1.0165,1.0249,1.0326,1.0401,1.0477,1.0551,1.0626
4.7852,4.69,4.5956,4.5022,4.4086,4.3142,4.2198,4.1253,3.4774,2.6685,1.8596,1.1175,1.663,1.5567,1.4531,1.3734,1.3523,1.3318,1.3211,1.3104,1.3006,1.2909,1.2813,1.2717,1.2622
7.7101,7.7101,7.7101,7.7101,7.7101,7.7101,7.7101,7.7101,7.7101,7.7101,7.7101,7.7101,7.7101,7.7101,7.7101,7.7101,7.7101,7.7101,7.7101,3.3423,3.8595,4.3766,4.8938,5.4109,5.9281
2.4835,2.6174,2.7501,2.8814,3.0131,3.1458,3.2785,3.2206,2.6128,2.005,1.3972,0.7908,1.3464,1.4959,1.6415,1.7536,1.7832,1.812,1.8271,1.8421,1.856,1.8696,1.8831,1.8965,1.91
3.8427,3.7663,3.6904,3.6154,3.5402,3.4644,3.3886,3.3128,3.2369,3.161,3.0851,3.0019,2.9139,1.0381,1.1669,1.1029,1.086,1.0695,1.0609,1.0523,1.0444,1.0366,1.0289,1.0212,1.0136
1.5698,1.6544,1.7383,1.8213,1.9046,1.9884,2.0723,2.1563,2.2403,2.3242,2.4082,2.5003,2.5978,0.5163,1.0376,1.1084,1.1272,1.1454,1.1549,1.1644,1.1732,1.1818,1.1903,1.1988,1.2073
6.5669,6.0331,5.4991,4.9651,4.431,5.6729,5.4449,5.2166,4.9884,4.7602,4.5319,4.2817,4.0168,3.7599,3.5098,3.3172,3.2664,3.2168,3.1909,3.1651,3.1413,3.1179,3.0947,3.0717,3.0486
7.8959,7.8959,7.8959,7.8959,7.8959,7.8959,7.8959,7.8959,7.8263,7.6428,7.4593,7.2582,7.0453,6.8387,6.6377,1.3945,1.9305,2.4877,2.5651,2.5443,2.5252,2.5064,2.4878,2.4692,2.4507
1.5048,1.5859,1.6663,1.7459,1.8257,1.9061,1.9865,2.067,2.1475,2.228,2.3085,1.6259,0.3809,0.9064,0.9946,1.0625,1.0805,1.0979,1.1071,1.1162,1.1246,1.1328,1.141,1.1491,1.1573
3.9343,3.856,3.7784,3.7016,3.6246,3.547,3.4694,3.3917,3.314,3.2363,3.1587,2.055,1.3673,1.2799,1.1947,1.1292,1.1119,1.095,1.0862,1.0774,1.0693,1.0613,1.0534,1.0456,1.0377
2.8505,3.0042,3.1565,3.3072,3.4583,3.6107,3.763,3.9155,4.0679,4.2204,4.3729,4.5401,4.7171,4.8887,0.858,1.4353,2.0176,2.0798,2.0971,2.1144,2.1303,2.1459,2.1614,2.1768,2.1922
5.8357,5.8698,5.3503,4.8307,4.3111,3.7916,3.2721,2.7527,2.2332,1.7137,1.1942,0.6759,3.1637,3.5151,3.8571,4.1206,4.1901,4.2579,4.2933,4.3286,4.3612,4.3931,4.4249,4.4564,4.488
4.4871,4.3978,4.3093,4.2217,4.1339,4.0454,3.9569,3.8683,3.7797,3.6911,3.6025,3.5053,3.4025,3.3027,1.3476,1.2878,1.2681,1.2488,1.2388,1.2288,1.2195,1.2105,1.2015,1.1925,1.1835
1.3907,1.4656,1.54,1.6135,1.6872,1.7615,1.8358,1.9102,1.9846,2.059,2.1334,2.215,2.3013,0.8377,0.9192,0.982,0.9985,1.0147,1.0231,1.0315,1.0393,1.0469,1.0545,1.062,1.0695
5.9316,5.8136,5.6965,5.5808,5.3795,4.7312,4.083,3.4348,2.7866,2.1384,1.5137,2.1974,2.0614,1.9296,1.8012,1.7024,1.6763,1.6509,1.6376,1.6243,1.6121,1.6001,1.5882,1.5764,1.5645
8.2125,8.2125,8.2125,8.2125,8.2125,8.2125,8.2125,8.2125,8.2125,8.2125,8.2125,8.2125,8.2125,8.2125,8.2125,8.2125,8.2125,8.2125,8.2125,8.2125,8.2125,8.2125,8.2125,8.2125,8.2125
1.9073,2.0101,2.112,2.2128,2.314,2.4159,2.5178,2.6198,2.7218,2.3992,1.6719,0.9463,0.3266,1.1488,1.2606,1.3467,1.3694,1.3916,1.4032,1.4147,1.4254,1.4358,1.4462,1.4565,1.4668
3.7229,3.6488,3.5754,3.5027,3.4299,3.3564,3.283,3.2095,3.136,3.0625,2.9889,2.9083,2.823,1.2111,1.1305,1.0685,1.0521,1.0362,1.0278,1.0195,1.0118,1.0043,0.9968,0.9894,0.982
1.8223,1.9205,2.0179,2.1142,2.2108,2.3082,2.4056,2.503,2.6005,2.698,2.7955,2.9023,3.0155,0.4217,1.1417,1.2867,1.3084,1.3296,1.3406,1.3517,1.3618,1.3718,1.3817,1.3916,1.4014
8.3806,8.3806,8.3806,8.3806,8.3806,8.3806,8.3806,8.3806,8.3806,8.3806,8.3806,8.3806,8.3806,8.3806,8.3806,8.3806,8.3806,8.3806,8.3806,8.3806,8.3806,8.3806,8.3806,8.3806,8.3806
6.3185,6.1928,6.0682,5.9448,5.8212,5.6965,5.5719,5.4471,5.3224,5.1976,5.0728,4.936,4.7912,4.6508,1.0537,1.552,1.7857,1.7586,1.7444,1.7303,1.7173,1.7045,1.6918,1.6792,1.6666
1.4007,1.4762,1.551,1.6251,1.6993,1.7742,1.849,1.924,1.9989,2.0738,2.1487,2.2309,0.774,0.8437,0.9258,0.989,1.0057,1.022,1.0305,1.039,1.0468,1.0544,1.062,1.0696,1.0772
4.3399,4.2536,4.168,4.0833,3.9983,3.9127,3.8271,3.7414,3.6557,3.2221,2.2454,1.2708,1.5083,1.4118,1.3179,1.2456,1.2265,1.2079,1.1982,1.1885,1.1795,1.1708,1.1621,1.1534,1.1447
4.8433,5.1043,5.3632,5.6193,5.876,6.1349,6.3937,6.6527,6.9118,7.1709,7.43,7.714,8.0147,8.3064,8.5556,8.5556,1.8379,2.3683,2.899,3.4297,3.6195,3.6461,3.6724,3.6986,3.7248
3.1263,3.2947,3.4618,3.6271,3.7928,3.9599,3.53,2.9696,2.4092,1.8488,1.2884,0.7292,1.6948,1.883,2.0663,2.2074,2.2447,2.281,2.2999,2.3189,2.3363,2.3534,2.3704,2.3873,2.4042
3.9933,3.9139,3.8351,3.7571,3.679,3.6002,3.5214,3.4426,3.3637,3.2849,3.206,3.1196,3.0281,0.7523,1.2127,1.1461,1.1285,1.1114,1.1025,1.0935,1.0853,1.0773,1.0692,1.0613,1.0533
1.4693,1.5485,1.627,1.7047,1.7826,1.8611,1.9396,2.0182,2.0968,2.1754,2.254,2.3401,2.4314,0.6881,0.9711,1.0375,1.055,1.072,1.0809,1.0898,1.098,1.1061,1.1141,1.122,1.13
6.9161,6.3539,5.7916,5.2291,4.6667,4.1043,3.542,2.9797,2.4541,3.4299,3.2654,3.0851,2.8943,2.7091,2.529,2.3902,2.3535,2.3178,2.2992,2.2805,2.2634,2.2466,2.2299,2.2132,2.1966
8.785,8.785,8.785,8.785,8.785,8.785,8.785,8.785,8.785,8.785,8.785,8.785,8.785,8.785,8.785,8.785,8.785,2.3606,2.8896,3.4185,3.6618,3.6345,3.6075,3.5806,3.5537
1.6078,1.6944,1.7804,1.8654,1.9506,2.0365,2.1225,2.2085,2.2945,2.3805,2.2131,1.2526,0.2934,0.9684,1.0627,1.1353,1.1544,1.1731,1.1828,1.1926,1.2015,1.2104,1.2191,1.2278,1.2365
3.782,3.7067,3.6321,3.5583,3.4843,3.4097,3.3351,3.2604,3.1857,3.111,3.0363,2.9545,0.8045,1.2303,1.1485,1.0854,1.0688,1.0526,1.0441,1.0357,1.0279,1.0202,1.0126,1.0051,0.9976
2.3025,2.4266,2.5496,2.6714,2.7934,2.9165,3.0395,3.1627,3.2858,3.409,3.5322,3.6672,3.8102,3.9488,0.9313,1.5579,1.6532,1.68,1.6939,1.7079,1.7207,1.7333,1.7458,1.7583,1.7707
6.2181,5.7126,5.207,4.7013,4.1957,3.6901,3.1845,2.6789,2.1734,1.6678,1.1622,6.3227,7.1405,7.9336,8.7056,8.9775,8.9775,8.9775,8.9775,8.9775,8.9775,8.9775,8.9775,8.9775,8.9775
4.9573,4.8587,4.7609,4.6641,4.5671,4.4693,4.3715,4.2736,4.1757,4.0779,3.98,3.8726,3.759,3.6488,1.1282,1.4228,1.401,1.3797,1.3686,1.3575,1.3473,1.3373,1.3273,1.3175,1.3076
1.3697,1.4436,1.5168,1.5892,1.6618,1.735,1.8082,1.8815,1.9547,2.028,2.1013,2.1816,2.2666,0.825,0.9053,0.9672,0.9835,0.9994,1.0077,1.016,1.0236,1.0311,1.0386,1.046,1.0534
5.1092,5.0076,4.9068,4.807,4.7071,4.6063,4.5055,3.8724,3.1416,2.4108,1.68,1.8927,1.7756,1.6621,1.5515,1.4664,1.4439,1.422,1.4106,1.3991,1.3886,1.3783,1.368,1.3578,1.3476
9.1787,9.1787,9.1787,9.1787,9.1787,9.1787,9.1787,9.1787,9.1787,9.1787,9.1787,9.1787,9.1787,9.1787,9.1787,9.1787,9.1787,9.1787,9.1787,9.1787,9.1787,9.1787,9.1787,9.1787,9.1787
2.2022,2.3208,2.4385,2.555,2.6717,2.7894,2.9071,3.0249,2.757,2.1156,1.4743,0.8344,1.1938,1.3264,1.4555,1.5549,1.5812,1.6068,1.6201,1.6335,1.6457,1.6578,1.6698,1.6817,1.6936
3.7544,3.6797,3.6056,3.5324,3.4589,3.3848,3.3108,3.2366,3.1625,3.0883,3.0142,2.9329,2.8469,1.2213,1.1401,1.0775,1.061,1.0449,1.0365,1.0281,1.0204,1.0128,1.0053,0.9978,0.9903
1.6393,1.7277,1.8153,1.902,1.9889,2.0765,2.1641,2.2518,2.3395,2.4272,2.5149,2.611,2.7128,0.447,1.0835,1.1575,1.1771,1.1961,1.206,1.216,1.2251,1.2341,1.243,1.2519,1.2607
8.9695,8.6667,8.3663,8.0693,7.7714,7.4711,7.1708,6.8703,6.5697,6.2691,5.9685,5.639,5.2901,4.9518,4.6224,4.3687,4.3018,4.2365,4.2024,4.1684,4.137,4.1063,4.0757,4.0453,4.015
7.7906,7.6356,7.4819,7.3299,7.1774,7.0237,6.87,6.7162,6.5624,6.4085,6.2547,6.086,5.9075,5.7343,5.5658,1.4208,1.9972,2.1683,2.1508,2.1334,2.1174,2.1016,2.086,2.0704,2.0549
1.4474,1.5254,1.6027,1.6793,1.756,1.8333,1.9107,1.9881,2.0655,2.143,2.2204,1.9952,0.4674,0.8718,0.9566,1.022,1.0392,1.0561,1.0648,1.0736,1.0817,1.0896,1.0975,1.1053,1.1131
4.0357,3.9554,3.8758,3.797,3.7181,3.6385,3.5588,3.4792,3.3995,3.3198,2.9068,1.6452,1.4026,1.3129,1.2255,1.1583,1.1405,1.1232,1.1142,1.1052,1.0968,1.0887,1.0806,1.0725,1.0645
3.3453,3.5256,3.7043,3.8812,4.0586,4.2373,4.4161,4.595,4.774,4.9529,5.1319,5.328,5.5357,5.7372,5.9332,1.3687,1.924,2.4408,2.4611,2.4813,2.5,2.5183,2.5365,2.5546,2.5727
4.3376,4.5713,4.8032,4.9158,4.3871,3.8584,3.3298,2.8012,2.2725,1.7439,1.2153,0.6878,2.3515,2.6127,2.8669,3.0627,3.1144,3.1648,3.1911,3.2174,3.2416,3.2653,3.2889,3.3124,3.3358
4.2388,4.1545,4.0708,3.9881,3.9052,3.8215,3.7379,3.6542,3.5705,3.4868,3.4031,3.3114,3.2142,3.12,1.2872,1.2166,1.1979,1.1797,1.1703,1.1608,1.152,1.1435,1.135,1.1265,1.118
1.4045,1.4802,1.5552,1.6295,1.704,1.779,1.8541,1.9292,2.0043,2.0794,2.1546,2.2369,2.3241,0.846,0.9283,0.9917,1.0084,1.0247,1.0333,1.0418,1.0496,1.0573,1.0649,1.0725,1.0801
6.5925,6.4614,6.2409,5.6348,5.0288,4.4228,3.8168,3.2109,2.6049,1.999,2.585,2.4422,2.2911,2.1446,2.002,1.8921,1.8631,1.8348,1.8201,1.8053,1.7918,1.7784,1.7652,1.752,1.7389
9.8997,9.8997,9.8997,9.8997,9.8997,9.8997,9.8997,9.8997,9.8997,9.8997,9.8997,9.8997,9.8997,9.8997,9.8997,9.8997,9.8997,9.8997,9.8997,9.8997,3.8211,4.3331,4.8452,5.3572,5.8692
1.7617,1.8567,1.9508,2.044,2.1374,2.2315,2.3257,2.4199,2.5141,2.6084,1.8245,1.0326,0.3017,1.0612,1.1644,1.2439,1.2649,1.2854,1.2961,1.3068,1.3166,1.3262,1.3358,1.3453,1.3549
3.7056,3.6319,3.5588,3.4864,3.4139,3.3408,3.2677,3.1945,3.1214,3.0482,2.975,2.8948,2.6356,1.2055,1.1253,1.0635,1.0472,1.0313,1.023,1.0148,1.0071,0.9996,0.9922,0.9848,0.9774
1.959,2.0646,2.1693,2.2729,2.3768,2.4814,2.5861,2.6909,2.7957,2.9005,3.0053,3.1202,3.2418,0.4534,1.0399,1.3833,1.4066,1.4294,1.4412,1.4531,1.464,1.4748,1.4854,1.496,1.5066
6.1651,5.664,5.1627,4.6613,4.1599,3.6587,3.1574,2.6561,2.1549,10.0,10.0,10.0,10.0,10.0,10.0,10.0,10.0,10.0,10.0,10.0,10.0,10.0,10.0,10.0,10.0
5.6589,5.5463,5.4347,5.3242,5.2135,5.1018,4.9902,4.8785,4.7667,4.655,4.5432,4.4207,4.291,4.1652,0.9848,1.6241,1.5992,1.575,1.5623,1.5496,1.538,1.5266,1.5152,1.5039,1.4926
1.3742,1.4482,1.5217,1.5943,1.6672,1.7406,1.814,1.8875,1.961,2.0346,2.1081,2.1886,1.307,0.8277,0.9082,0.9703,0.9867,1.0026,1.011,1.0193,1.0269,1.0345,1.0419,1.0494,1.0568
4.5566,4.466,4.3761,4.2871,4.198,4.1081,4.0182,3.9282,3.6819,2.8254,1.9689,1.1144,1.5836,1.4823,1.3837,1.3078,1.2877,1.2682,1.258,1.2478,1.2384,1.2292,1.2201,1.211,1.2019
6.7145,7.0764,7.4353,7.7902,8.1462,8.505,8.8638,9.223,9.5822,9.9413,10.0,10.0,10.0,10.0,10.0,10.0,10.0,2.4087,2.8229,3.3397,3.8564,4.3732,4.8899,5.1275,5.1638
2.6665,2.8102,2.9528,3.0937,3.2351,3.3776,3.5201,3.0875,2.5048,1.9222,1.3395,0.7581,1.4456,1.6061,1.7624,1.8828,1.9146,1.9456,1.9617,1.9779,1.9928,2.0074,2.0219,2.0363,2.0507
3.8582,3.7815,3.7054,3.6301,3.5545,3.4784,3.4023,3.3261,3.25,3.1738,3.0976,3.0141,2.9256,0.852,1.1716,1.1073,1.0904,1.0738,1.0652,1.0566,1.0486,1.0408,1.0331,1.0254,1.0177
1.5141,1.5957,1.6766,1.7567,1.8369,1.9179,1.9988,2.0798,2.1607,2.2417,2.3227,2.4115,2.5055,0.5647,1.0007,1.0691,1.0871,1.1047,1.1139,1.1231,1.1315,1.1398,1.148,1.1562,1.1644
6.6268,6.0881,5.5493,5.0104,4.4715,3.9327,3.3939,4.498,4.3012,4.1044,3.9076,3.6919,3.4634,3.2419,3.0263,2.8602,2.8164,2.7736,2.7513,2.729,2.7085,2.6884,2.6684,2.6485,2.6286
10.0,10.0,10.0,9.813,9.6089,9.4032,9.1974,8.9915,8.7855,8.5796,8.3736,8.1478,7.9088,7.6769,7.4513,7.2774,1.8723,2.4127,2.8795,2.8561,2.8347,2.8136,2.7927,2.7718,2.751
1.5267,1.609,1.6906,1.7713,1.8523,1.9339,2.0154,2.0971,2.1788,2.2604,2.3421,1.4452,0.3386,0.9196,1.0091,1.078,1.0962,1.1139,1.1232,1.1325,1.141,1.1493,1.1576,1.1659,1.1741
3.8355,3.7592,3.6835,3.6087,3.5336,3.4579,3.3823,3.3065,3.2308,3.1551,3.0793,2.4018,0.8078,1.2477,1.1647,1.1008,1.0839,1.0675,1.0589,1.0503,1.0424,1.0347,1.027,1.0193,1.0117
2.587,2.7264,2.8647,3.0015,3.1386,3.2769,3.4151,3.5535,3.6919,3.8303,3.9687,4.1204,4.281,4.4368,0.8756,1.4647,1.8575,1.8876,1.9032,1.9189,1.9333,1.9475,1.9616,1.9756,1.9896
6.2593,5.7505,5.2415,4.7325,4.2235,3.7146,3.2056,2.6967,2.1878,1.6789,1.17,3.5206,3.976,4.4176,4.8474,5.1785,5.266,5.3511,5.3956,5.44,5.4809,5.5211,5.561,5.6006,5.6403
4.6088,4.5172,4.4262,4.3363,4.2461,4.1552,4.0642,3.9732,3.8822,3.7912,3.7002,3.6004,3.4948,3.3924,1.242,1.3228,1.3025,1.2827,1.2724,1.2621,1.2526,1.2433,1.2341,1.2248,1.2157
1.3689,1.4426,1.5158,1.5882,1.6607,1.7339,1.807,1.8803,1.9535,2.0267,2.0999,2.1802,2.2652,0.8245,0.9047,0.9665,0.9829,0.9988,1.0071,1.0153,1.023,1.0305,1.0379,1.0453,1.0527
5.5333,5.4232,5.314,5.206,5.0978,4.8952,4.2245,3.5539,2.8832,2.2125,1.5418,2.0498,1.923,1.8,1.6803,1.5881,1.5637,1.54,1.5276,1.5153,1.5039,1.4927,1.4816,1.4705,1.4595
10.0,10.0,10.0,10.0,10.0,10.0,10.0,10.0,10.0,10.0,10.0,10.0,10.0,10.0,10.0,10.0,10.0,10.0,10.0,10.0,10.0,10.0,10.0,10.0,10.0
1.9902,2.0974,2.2038,2.309,2.4145,2.5209,2.6272,2.7337,2.8401,2.2602,1.575,0.8914,0.3408,1.1987,1.3154,1.4052,1.429,1.4521,1.4641,1.4762,1.4873,1.4982,1.509,1.5198,1.5305
3.6984,3.6248,3.5518,3.4797,3.4073,3.3343,3.2614,3.1883,3.1153,3.0423,2.9692,2.8892,2.8044,1.2031,1.1231,1.0615,1.0452,1.0293,1.0211,1.0128,1.0052,0.9977,0.9903,0.9829,0.9755
1.7309,1.8242,1.9167,2.0082,2.1,2.1925,2.285,2.3776,2.4702,2.5628,2.6554,2.7569,2.8643,0.4006,1.1441,1.2222,1.2428,1.2629,1.2734,1.2839,1.2936,1.303,1.3125,1.3218,1.3312
10.0,10.0,10.0,10.0,10.0,10.0,10.0,10.0,9.7883,9.3404,8.8926,8.4016,7.8818,7.3777,6.887,6.509,6.4092,6.312,6.2613,6.2105,6.1638,6.118,6.0725,6.0272,5.9819
6.7435,6.6094,6.4763,6.3447,6.2127,6.0797,5.9467,5.8135,5.6804,5.5472,5.414,5.2681,5.1135,4.9636,4.8177,1.4848,1.9058,1.8768,1.8618,1.8467,1.8328,1.8192,1.8056,1.7922,1.7787
1.4046,1.4803,1.5553,1.6296,1.704,1.7791,1.8542,1.9293,2.0044,2.0795,2.1547,2.237,0.6132,0.846,0.9283,0.9917,1.0085,1.0248,1.0333,1.0418,1.0497,1.0573,1.065,1.0726,1.0802
4.1785,4.0954,4.013,3.9314,3.8496,3.7672,3.6848,3.6023,3.5198,3.4372,2.4353,1.3783,1.4522,1.3593,1.2689,1.1993,1.1809,1.163,1.1536,1.1443,1.1357,1.1272,1.1188,1.1105,1.1022
4.0978,4.3187,4.5377,4.7543,4.9716,5.1906,5.4095,5.6287,5.8479,6.0671,6.2863,6.5266,6.7811,7.0278,7.268,1.3736,1.8521,2.3866,2.9214,3.0396,3.0624,3.0848,3.1071,3.1293,3.1514
3.4658,3.6526,3.8378,4.021,4.2048,3.9611,3.4184,2.8757,2.333,1.7903,1.2476,0.7061,1.8789,2.0876,2.2907,2.4472,2.4885,2.5287,2.5497,2.5707,2.5901,2.609,2.6279,2.6466,2.6654
4.0452,3.9647,3.8849,3.8059,3.7268,3.647,3.5672,3.4873,3.4074,3.3276,3.2477,3.1601,3.0674,0.7621,1.2284,1.161,1.1432,1.1258,1.1168,1.1077,1.0994,1.0912,1.0831,1.075,1.067
1.4304,1.5075,1.584,1.6596,1.7354,1.8118,1.8883,1.9648,2.0413,2.1178,2.1943,2.2782,2.367,0.7879,0.9454,1.01,1.0271,1.0437,1.0523,1.061,1.069,1.0768,1.0846,1.0923,1.1001
7.0453,6.4726,5.8998,5.3268,4.7539,4.181,3.6082,3.0354,2.4625,3.0881,2.94,2.7777,2.6059,2.4392,2.277,2.152,2.119,2.0868,2.0701,2.0533,2.0379,2.0227,2.0077,1.9927,1.9777
10.0,10.0,10.0,10.0,10.0,10.0,10.0,10.0,10.0,10.0,10.0,10.0,10.0,10.0,10.0,10.0,10.0,2.3097,2.8272,3.3448,3.8623,4.3798,4.3586,4.3261,4.2936
1.6479,1.7367,1.8248,1.9119,1.9993,2.0874,2.1754,2.2636,2.3517,2.4399,2.0281,1.1478,0.2822,0.9926,1.0892,1.1636,1.1832,1.2024,1.2124,1.2223,1.2315,1.2406,1.2495,1.2584,1.2673
3.7182,3.6442,3.5708,3.4983,3.4255,3.3522,3.2788,3.2054,3.132,3.0586,2.9851,2.9046,1.0845,1.2096,1.1291,1.0671,1.0508,1.0348,1.0265,1.0182,1.0105,1.003,0.9956,0.9881,0.9807
2.1386,2.2539,2.3682,2.4812,2.5946,2.7089,2.8232,2.9376,3.052,3.1664,3.2808,3.4062,3.539,3.6677,0.9611,1.5101,1.5355,1.5604,1.5733,1.5863,1.5982,1.6099,1.6216,1.6331,1.6447
6.1417,5.6424,5.1431,4.6436,4.1441,3.6448,3.1454,2.646,2.1467,1.6473,10.0,10.0,10.0,10.0,10.0,10.0,10.0,10.0,10.0,10.0,10.0,10.0,10.0,10.0,10.0
5.1564,5.0539,4.9521,4.8515,4.7506,4.6489,4.5471,4.4453,4.3435,4.2417,4.1398,4.0282,3.91,3.7954,1.0592,1.4799,1.4572,1.4351,1.4236,1.4121,1.4014,1.391,1.3807,1.3704,1.3601
1.3591,1.4324,1.505,1.5769,1.649,1.7216,1.7942,1.8669,1.9396,2.0123,2.085,2.1647,2.2491,0.8187,0.8983,0.9597,0.9759,0.9917,0.9999,1.0081,1.0157,1.0232,1.0306,1.0379,1.0453
4.8399,4.7436,4.6481,4.5537,4.459,4.3635,4.268,4.0654,3.2982,2.531,1.7637,1.1303,1.682,1.5745,1.4697,1.3891,1.3678,1.347,1.3362,1.3254,1.3154,1.3056,1.2959,1.2863,1.2766
10.0,10.0,10.0,10.0,10.0,10.0,10.0,10.0,10.0,10.0,10.0,10.0,10.0,10.0,10.0,10.0,10.0,10.0,10.0,10.0,10.0,4.294,4.8014,5.3088,5.8162
2.338,2.464,2.589,2.7126,2.8366,2.9615,3.0864,3.2115,2.6317,2.0195,1.4073,0.7965,1.2675,1.4083,1.5453,1.6509,1.6787,1.7059,1.7201,1.7342,1.7473,1.7601,1.7728,1.7854,1.7981
3.7601,3.6853,3.6111,3.5377,3.4641,3.39,3.3158,3.2415,3.1673,3.093,3.0188,2.9374,2.8512,1.1746,1.1418,1.0792,1.0626,1.0465,1.0381,1.0297,1.0219,1.0143,1.0068,0.9993,0.9918
1.5754,1.6603,1.7445,1.8278,1.9113,1.9955,2.0796,2.1639,2.2482,2.3324,2.4167,2.5091,2.6069,0.4814,1.0412,1.1124,1.1311,1.1494,1.159,1.1685,1.1773,1.1859,1.1945,1.203,1.2115
6.4078,5.8869,5.3659,4.9398,6.414,6.1662,5.9184,5.6703,5.4222,5.1741,4.926,4.6541,4.3661,4.0869,3.8151,3.6057,3.5504,3.4965,3.4684,3.4403,3.4145,3.3891,3.3639,3.3388,3.3137
8.5484,8.3783,8.2096,8.0428,7.8755,7.7069,7.5382,7.3694,7.2007,7.0319,6.863,6.678,6.4821,6.292,6.1071,1.3736,1.9309,2.3792,2.36,2.3409,2.3233,2.306,2.2889,2.2718,2.2548
1.464,1.5429,1.6211,1.6985,1.7762,1.8544,1.9326,2.0109,2.0892,2.1676,2.2459,1.7274,0.4047,0.8818,0.9676,1.0337,1.0512,1.0682,1.077,1.0859,1.0941,1.1021,1.1101,1.118,1.1259
3.9232,3.8452,3.7678,3.6912,3.6144,3.537,3.4596,3.3822,3.3047,3.2272,3.1497,1.8539,1.3635,1.2763,1.1914,1.126,1.1087,1.0919,1.0831,1.0743,1.0663,1.0583,1.0505,1.0426,1.0348
2.9834,3.1442,3.3037,3.4614,3.6196,3.779,3.9384,4.098,4.2576,4.4172,4.5768,4.7517,4.937,5.1166,0.8654,1.3919,1.9566,2.1768,2.1949,2.213,2.2296,2.2459,2.2621,2.2783,2.2944
5.0949,5.3694,5.3201,4.8034,4.2868,3.7702,3.2537,2.7371,2.2206,1.704,1.1875,0.6721,2.762,3.0688,3.3674,3.5974,3.6582,3.7173,3.7482,3.7791,3.8075,3.8354,3.8631,3.8907,3.9182
4.336,4.2498,4.1642,4.0796,3.9947,3.9092,3.8237,3.738,3.6524,3.5668,3.4812,3.3873,3.2879,3.1915,1.3167,1.2445,1.2254,1.2068,1.1971,1.1874,1.1785,1.1697,1.161,1.1523,1.1437
1.3791,1.4534,1.5271,1.6,1.6731,1.7468,1.8205,1.8943,1.9681,2.0418,2.1156,2.1965,2.2821,0.8307,0.9115,0.9738,0.9902,1.0062,1.0146,1.0229,1.0306,1.0382,1.0457,1.0531,1.0606
6.093,5.9718,5.8516,5.7327,5.1776,4.5537,3.9298,3.3059,2.682,2.0582,1.5549,2.2572,2.1175,1.9821,1.8503,1.7487,1.7219,1.6958,1.6822,1.6685,1.656,1.6437,1.6315,1.6193,1.6071
10.0,10.0,10.0,10.0,10.0,10.0,10.0,10.0,10.0,10.0,10.0,10.0,10.0,10.0,10.0,10.0,10.0,10.0,10.0,10.0,10.0,10.0,10.0,5.2851,5.7903
1.8273,1.9258,2.0234,2.12,2.2169,2.3145,2.4122,2.5099,2.6077,2.4488,1.7065,0.9658,0.3129,1.1006,1.2077,1.2902,1.312,1.3332,1.3443,1.3554,1.3656,1.3756,1.3855,1.3954,1.4053
3.6727,3.5996,3.5271,3.4555,3.3836,3.3111,3.2387,3.1662,3.0936,3.0211,2.9486,2.8691,2.7849,1.1947,1.1153,1.0541,1.0379,1.0222,1.014,1.0057,0.9982,0.9907,0.9834,0.976,0.9687
1.8502,1.9499,2.0488,2.1466,2.2447,2.3435,2.4424,2.5414,2.6403,2.7393,2.8383,2.9468,3.0617,0.4282,1.0879,1.3064,1.3284,1.3499,1.3611,1.3724,1.3827,1.3928,1.4029,1.4129,1.4229
6.1384,5.6394,5.1403,4.6411,4.1419,3.6428,10.0,10.0,10.0,10.0,10.0,10.0,10.0,10.0,10.0,10.0,10.0,10.0,10.0,10.0,10.0,10.0,10.0,10.0,10.0
5.9804,5.8615,5.7435,5.6267,5.5097,5.3917,5.2738,5.1557,5.0376,4.9195,4.8014,4.6719,4.5349,4.4019,0.9973,1.5687,1.6901,1.6645,1.6511,1.6377,1.6254,1.6133,1.6013,1.5894,1.5774
1.3746,1.4486,1.5221,1.5948,1.6677,1.7411,1.8146,1.8881,1.9616,2.0351,2.1087,2.1893,0.9058,0.8279,0.9085,0.9706,0.987,1.0029,1.0113,1.0196,1.0272,1.0348,1.0422,1.0497,1.0571
4.3697,4.2828,4.1966,4.1113,4.0258,3.9396,3.8534,3.7671,3.6808,3.0239,2.1073,1.1927,1.5186,1.4215,1.327,1.2541,1.2349,1.2162,1.2064,1.1966,1.1876,1.1788,1.17,1.1613,1.1526
5.357,5.6456,5.9319,6.2152,6.4992,6.7854,7.0717,7.3582,7.6448,7.9313,8.2179,8.532,8.8646,9.1872,9.5012,9.743,1.8595,2.3178,2.8372,3.3565,3.8759,4.0327,4.0618,4.0908,4.1198
2.9008,3.0572,3.2122,3.3656,3.5194,3.6744,3.542,2.9796,2.4173,1.855,1.2927,0.7316,1.5726,1.7473,1.9173,2.0483,2.0828,2.1165,2.1341,2.1517,2.1679,2.1838,2.1995,2.2152,2.2309
3.8969,3.8194,3.7425,3.6665,3.5902,3.5133,3.4364,3.3595,3.2826,3.2056,3.1286,3.0443,2.955,0.7342,1.1834,1.1184,1.1013,1.0846,1.0759,1.0671,1.0591,1.0512,1.0434,1.0356,1.0279
1.4696,1.5488,1.6273,1.705,1.783,1.8615,1.94,2.0186,2.0972,2.1758,2.2545,2.3406,2.4319,0.6282,0.9713,1.0377,1.0552,1.0723,1.0812,1.0901,1.0983,1.1063,1.1143,1.1223,1.1302
6.7284,6.1814,5.6343,5.0871,4.54,3.9929,3.4459,2.8988,3.7921,3.6186,3.4451,3.2549,3.0535,2.8582,2.6681,2.5217,2.483,2.4454,2.4257,2.406,2.388,2.3702,2.3526,2.335,2.3175
10.0,10.0,10.0,10.0,10.0,10.0,10.0,10.0,10.0,9.8661,9.6293,9.3696,9.0947,8.8281,8.5686,8.3687,1.8269,2.3542,2.8817,3.2844,3.2598,3.2355,3.2114,3.1875,3.1636
1.5589,1.6429,1.7262,1.8086,1.8913,1.9746,2.0579,2.1413,2.2246,2.308,2.3062,1.3052,0.3058,0.939,1.0303,1.1007,1.1193,1.1374,1.1468,1.1563,1.165,1.1735,1.182,1.1904,1.1989
3.7613,3.6865,3.6122,3.5388,3.4652,3.391,3.3168,3.2426,3.1683,3.094,3.0197,2.9196,0.7922,1.2236,1.1422,1.0795,1.063,1.0468,1.0384,1.03,1.0223,1.0147,1.0071,0.9996,0.9921
2.3775,2.5056,2.6327,2.7584,2.8844,3.0114,3.1385,3.2657,3.3928,3.52,3.6472,3.7866,3.9342,4.0774,0.8995,1.5048,1.7071,1.7347,1.7491,1.7635,1.7767,1.7898,1.8027,1.8155,1.8284
6.1676,5.6662,5.1648,4.6632,4.1616,3.6601,3.1587,2.6572,2.1557,1.6543,1.1528,4.8009,5.4218,6.024,6.6102,7.0618,7.181,7.2971,7.3577,7.4183,7.4741,7.5289,7.5832,7.6373,7.6914
4.7679,4.673,4.5789,4.4859,4.3926,4.2985,4.2045,4.1103,4.0162,3.922,3.8279,3.7247,3.6154,3.5094,1.1567,1.3684,1.3474,1.327,1.3163,1.3056,1.2958,1.2862,1.2766,1.2671,1.2576
1.3551,1.4281,1.5005,1.5722,1.644,1.7164,1.7889,1.8613,1.9338,2.0063,2.0788,2.1583,2.2424,0.8162,0.8956,0.9568,0.973,0.9887,0.9969,1.0051,1.0127,1.0201,1.0275,1.0348,1.0421
5.2082,5.1046,5.0018,4.9002,4.7982,4.6955,4.4051,3.7057,3.0064,2.3071,1.6077,1.9294,1.81,1.6943,1.5816,1.4948,1.4719,1.4495,1.4379,1.4262,1.4155,1.405,1.3945,1.3841,1.3737
10.0,10.0,10.0,10.0,10.0,10.0,10.0,10.0,10.0,10.0,10.0,10.0,10.0,10.0,10.0,10.0,10.0,10.0,10.0,10.0,10.0,10.0,10.0,10.0,10.0
2.0947,2.2076,2.3195,2.4303,2.5413,2.6533,2.7652,2.8772,2.7969,2.1463,1.4957,0.8465,1.1356,1.2617,1.3845,1.479,1.504,1.5283,1.541,1.5537,1.5654,1.5769,1.5883,1.5996,1.6109
3.695,3.6215,3.5486,3.4765,3.4041,3.3313,3.2584,3.1854,3.1124,3.0395,2.9665,2.8865,2.8018,1.202,1.1221,1.0605,1.0442,1.0284,1.0201,1.0118,1.0042,0.9968,0.9894,0.982,0.9746
1.6562,1.7455,1.834,1.9215,2.0093,2.0978,2.1863,2.2749,2.3635,2.4521,2.5407,2.6378,2.7407,0.422,1.0947,1.1694,1.1892,1.2084,1.2184,1.2285,1.2377,1.2468,1.2558,1.2647,1.2737
10.0,9.8081,9.4682,9.132,8.7949,8.4551,8.1153,7.7751,7.435,7.0948,6.7546,6.3817,5.9869,5.6039,5.2312,4.9441,4.8683,4.7945,4.7559,4.7174,4.6819,4.6471,4.6125,4.5781,4.5438
7.2827,7.1378,6.9941,6.852,6.7095,6.5658,6.4221,6.2783,6.1345,5.9907,5.8469,5.6893,5.5223,5.3605,5.2029,1.4302,2.0104,2.0269,2.0106,1.9943,1.9793,1.9646,1.95,1.9355,1.9209
1.4167,1.493,1.5687,1.6436,1.7188,1.7945,1.8702,1.9459,2.0217,2.0975,2.1733,2.1722,0.5089,0.8533,0.9363,1.0003,1.0172,1.0336,1.0422,1.0508,1.0587,1.0665,1.0742,1.0818,1.0895
4.049,3.9684,3.8885,3.8095,3.7303,3.6504,3.5705,3.4906,3.4106,3.3307,2.6807,1.5172,1.4072,1.3172,1.2296,1.1621,1.1443,1.1269,1.1178,1.1088,1.1005,1.0923,1.0841,1.0761,1.068
3.562,3.7539,3.9443,4.1326,4.3214,4.5118,4.7021,4.8926,5.0832,5.2737,5.4643,5.6731,5.8943,6.1088,6.3175,1.3357,1.8776,2.4195,2.6205,2.6421,2.6619,2.6814,2.7008,2.7201,2.7393
3.9203,4.1316,4.3411,4.5483,4.3882,3.8594,3.3306,2.8019,2.2731,1.7443,1.2156,0.688,2.1253,2.3613,2.5911,2.7681,2.8148,2.8603,2.8841,2.9079,2.9297,2.9512,2.9725,2.9937,3.0149
4.1232,4.0411,3.9598,3.8793,3.7986,3.7173,3.636,3.5545,3.4731,3.3917,3.3103,3.221,3.1265,3.0349,1.2521,1.1834,1.1652,1.1476,1.1383,1.1291,1.1206,1.1123,1.104,1.0958,1.0875
1.4009,1.4763,1.5512,1.6253,1.6995,1.7744,1.8493,1.9242,1.9991,2.0741,2.149,2.2311,2.3181,0.8438,0.9259,0.9891,1.0058,1.0221,1.0306,1.0391,1.0469,1.0546,1.0622,1.0698,1.0773
6.8454,6.6364,6.0491,5.4616,4.8742,4.2868,3.6995,3.1122,2.5248,1.9375,2.6841,2.5359,2.379,2.2269,2.0788,1.9647,1.9346,1.9052,1.8899,1.8746,1.8605,1.8467,1.8329,1.8192,1.8056
10.0,10.0,10.0,10.0,10.0,10.0,10.0,10.0,10.0,10.0,10.0,10.0,10.0,10.0,10.0,10.0,10.0,10.0,10.0,3.2916,3.8009,4.3103,4.8196,5.3289,5.4826
1.7007,1.7924,1.8833,1.9732,2.0633,2.1542,2.2451,2.3361,2.427,2.518,1.8795,1.0638,0.2912,1.0244,1.1241,1.2009,1.2211,1.2409,1.2512,1.2615,1.271,1.2803,1.2895,1.2987,1.3079
3.6763,3.6032,3.5307,3.4589,3.387,3.3144,3.2419,3.1693,3.0967,3.0241,2.9515,2.872,1.6905,1.1959,1.1164,1.0551,1.039,1.0232,1.015,1.0067,0.9992,0.9917,0.9844,0.977,0.9697
2.0054,2.1134,2.2206,2.3266,2.4329,2.5401,2.6473,2.7545,2.8618,2.9691,3.0763,3.1939,3.3184,0.4641,0.9992,1.416,1.4399,1.4632,1.4753,1.4875,1.4986,1.5096,1.5205,1.5314,1.5422
6.1006,5.6047,5.1087,4.6125,4.1164,3.6204,3.1244,2.6284,2.1323,1.6363,10.0,10.0,10.0,10.0,10.0,10.0,10.0,10.0,10.0,10.0,10.0,10.0,10.0,10.0,10.0
5.4075,5.3,5.1933,5.0877,4.9819,4.8752,4.7686,4.6618,4.555,4.4482,4.3414,4.2244,4.1004,3.9802,1.0028,1.552,1.5282,1.505,1.4929,1.4808,1.4697,1.4588,1.4479,1.4371,1.4263
1.3563,1.4294,1.5018,1.5735,1.6455,1.7179,1.7904,1.8629,1.9355,2.008,2.0806,2.1601,1.7701,0.8169,0.8964,0.9576,0.9738,0.9896,0.9978,1.006,1.0136,1.021,1.0284,1.0357,1.043
4.6195,4.5276,4.4365,4.3463,4.2559,4.1648,4.0737,3.9824,3.4946,2.6817,1.8688,1.0788,1.6054,1.5028,1.4028,1.3258,1.3055,1.2857,1.2754,1.265,1.2555,1.2462,1.2369,1.2277,1.2185
7.8471,8.27,8.6894,9.1043,9.5203,9.9397,10.0,10.0,10.0,10.0,10.0,10.0,10.0,10.0,10.0,10.0,10.0,10.0,2.8626,3.2874,3.7961,4.3048,4.8134,5.3221,5.8308
2.5092,2.6444,2.7785,2.9112,3.0442,3.1783,3.3124,3.118,2.5296,1.9412,1.3527,0.7656,1.3603,1.5114,1.6584,1.7717,1.8016,1.8308,1.846,1.8612,1.8752,1.8889,1.9025,1.9161,1.9297
3.7875,3.7121,3.6374,3.5635,3.4894,3.4147,3.3399,3.2652,3.1904,3.1156,3.0408,2.9588,2.872,0.9434,1.1502,1.087,1.0704,1.0541,1.0457,1.0372,1.0294,1.0217,1.0141,1.0066,0.999
1.5238,1.6059,1.6874,1.7679,1.8487,1.9301,2.0116,2.0931,2.1746,2.2561,2.3376,2.427,2.5216,0.5253,1.0072,1.0759,1.0941,1.1118,1.121,1.1303,1.1388,1.1471,1.1554,1.1636,1.1719
6.4865,5.9592,5.4318,4.9043,4.3768,3.8494,5.0532,4.8414,4.6296,4.4178,4.2059,3.9737,3.7279,3.4895,3.2574,3.0786,3.0314,2.9854,2.9614,2.9374,2.9153,2.8936,2.8721,2.8507,2.8293
9.5426,9.3527,9.1645,8.9782,8.7915,8.6032,8.415,8.2265,8.0381,7.8497,7.6612,7.4547,7.236,7.0238,6.8174,1.4322,1.8784,2.4205,2.6345,2.6132,2.5935,2.5742,2.5551,2.536,2.517
1.4898,1.5701,1.6497,1.7284,1.8074,1.887,1.9667,2.0463,2.126,2.2057,2.2854,1.5283,0.358,0.8973,0.9847,1.0519,1.0697,1.087,1.096,1.105,1.1133,1.1215,1.1296,1.1377,1.1457
3.8367,3.7604,3.6847,3.6098,3.5347,3.459,3.3833,3.3076,3.2318,3.1561,3.0803,2.141,0.8081,1.2481,1.1651,1.1012,1.0843,1.0678,1.0592,1.0507,1.0428,1.035,1.0273,1.0196,1.012
2.7028,2.8485,2.9929,3.1358,3.2791,3.4236,3.568,3.7126,3.8571,4.0017,4.1463,4.3048,4.4726,4.6354,0.8515,1.4244,1.9407,1.972,1.9884,2.0048,2.0199,2.0347,2.0494,2.064,2.0786
6.2315,5.7364,5.2287,4.7209,4.2132,3.7055,3.1978,2.6901,2.1824,1.6748,1.1671,0.6801,3.3782,3.7534,4.1187,4.4,4.4743,4.5467,4.5844,4.6222,4.6569,4.6911,4.7249,4.7586,4.7923
4.465,4.3762,4.2881,4.201,4.1136,4.0255,3.9374,3.8492,3.7611,3.6729,3.5847,3.4881,3.3857,3.2865,1.286,1.2815,1.2618,1.2427,1.2327,1.2227,1.2135,1.2045,1.1955,1.1866,1.1777
1.3619,1.4353,1.5081,1.5801,1.6523,1.725,1.7978,1.8707,1.9435,2.0164,2.0892,2.1691,2.2536,0.8203,0.9001,0.9616,0.9778,0.9937,1.0019,1.0102,1.0178,1.0252,1.0326,1.04,1.0474
5.6891,5.5759,5.4637,5.3526,5.2413,4.722,4.075,3.4281,2.7811,2.1342,1.4872,2.1076,1.9772,1.8507,1.7276,1.6328,1.6078,1.5834,1.5706,1.5579,1.5462,1.5347,1.5233,1.5119,1.5006
10.0,10.0,10.0,10.0,10.0,10.0,10.0,10.0,10.0,10.0,10.0,10.0,10.0,10.0,10.0,10.0,10.0,10.0,10.0,10.0,10.0,10.0,10.0,10.0,10.0
1.91,2.0129,2.115,2.216,2.3172,2.4193,2.5214,2.6235,2.7257,2.3106,1.6102,0.9113,0.327,1.1505,1.2624,1.3486,1.3714,1.3936,1.4052,1.4167,1.4274,1.4378,1.4482,1.4586,1.4689
3.6605,3.5876,3.5154,3.444,3.3723,3.3001,3.2279,3.1556,3.0834,3.0111,2.9388,2.8596,2.7757,1.1908,1.1116,1.0506,1.0345,1.0188,1.0106,1.0024,0.9949,0.9875,0.9801,0.9728,0.9655
1.7611,1.856,1.9502,2.0433,2.1367,2.2308,2.3249,2.4191,2.5133,2.6075,2.7017,2.805,2.9143,0.4076,1.1479,1.2435,1.2645,1.285,1.2956,1.3063,1.3161,1.3258,1.3354,1.3449,1.3544
10.0,10.0,10.0,10.0,10.0,10.0,10.0,10.0,10.0,10.0,10.0,10.0,9.6759,9.0571,8.4547,7.9907,7.8682,7.7488,7.6865,7.6242,7.5669,7.5106,7.4548,7.3992,7.3436
6.3833,6.2563,6.1304,6.0058,5.8809,5.7549,5.629,5.503,5.3769,5.2509,5.1248,4.9867,4.8403,4.6985,4.5603,1.5045,1.804,1.7766,1.7623,1.748,1.7349,1.722,1.7092,1.6964,1.6837
1.3828,1.4573,1.5312,1.6043,1.6776,1.7515,1.8254,1.8994,1.9733,2.0473,2.1213,2.2024,0.6942,0.8329,0.9139,0.9764,0.9929,1.0089,1.0173,1.0257,1.0334,1.041,1.0485,1.056,1.0634
4.2186,4.1347,4.0515,3.9691,3.8866,3.8033,3.7201,3.6368,3.5535,3.275,2.2822,1.2917,1.4661,1.3724,1.2811,1.2108,1.1922,1.1741,1.1647,1.1552,1.1466,1.138,1.1296,1.1211,1.1127
4.4687,4.7096,4.9484,5.1847,5.4216,5.6604,5.8992,6.1382,6.3772,6.6163,6.8553,7.1174,7.3949,7.6639,7.9258,8.1276,1.8182,2.343,2.868,3.3147,3.3396,3.3641,3.3884,3.4125,3.4367
3.2034,3.3761,3.5473,3.7166,3.8865,3.986,3.4399,2.8938,2.3477,1.8015,1.2554,0.7105,1.7366,1.9295,2.1173,2.2619,2.3001,2.3373,2.3567,2.3761,2.394,2.4115,2.429,2.4463,2.4636
3.9594,3.8806,3.8025,3.7252,3.6477,3.5696,3.4915,3.4133,3.3351,3.257,3.1788,3.0931,3.0023,0.7459,1.2023,1.1364,1.1189,1.102,1.0931,1.0842,1.0761,1.0681,1.0601,1.0522,1.0443
1.4351,1.5124,1.5891,1.665,1.741,1.8177,1.8944,1.9712,2.0479,2.1247,2.2015,2.2856,2.3747,0.7133,0.9485,1.0133,1.0304,1.0471,1.0558,1.0645,1.0725,1.0803,1.0881,1.0959,1.1036
6.8735,6.3147,5.7559,5.1969,4.6379,4.079,3.5202,2.9613,2.4025,3.2484,3.0926,2.9219,2.7411,2.5658,2.3951,2.2637,2.229,2.1952,2.1775,2.1599,2.1436,2.1277,2.1119,2.0961,2.0804
10.0,10.0,10.0,10.0,10.0,10.0,10.0,10.0,10.0,10.0,10.0,10.0,10.0,10.0,10.0,9.929,9.8664,2.3107,2.8284,3.3461,3.8639,3.8388,3.8102,3.7818,3.7534
1.602,1.6883,1.7739,1.8586,1.9435,2.0291,2.1147,2.2004,2.2861,2.3718,2.1115,1.195,0.28,0.9649,1.0588,1.1311,1.1502,1.1688,1.1785,1.1883,1.1972,1.206,1.2147,1.2233,1.232
3.7096,3.6358,3.5626,3.4902,3.4176,3.3445,3.2713,3.198,3.1248,3.0515,2.9783,2.898,0.8807,1.2068,1.1265,1.0647,1.0484,1.0325,1.0242,1.0159,1.0082,1.0007,0.9933,0.9859,0.9785
2.2091,2.3282,2.4463,2.563,2.6802,2.7982,2.9163,3.0344,3.1526,3.2708,3.389,3.5185,3.6557,3.7887,0.9305,1.5566,1.5862,1.6118,1.6252,1.6386,1.6509,1.663,1.675,1.687,1.6989
6.1115,5.6147,5.1178,4.6208,4.1238,3.6269,3.1299,2.633,2.1361,1.6392,1.1423,7.6557,8.6459,9.6062,10.0,10.0,10.0,10.0,10.0,10.0,10.0,10.0,10.0,10.0,10.0
4.9689,4.8701,4.772,4.675,4.5778,4.4798,4.3818,4.2836,4.1855,4.0874,3.9893,3.8817,3.7678,3.6574,1.0873,1.4261,1.4042,1.3829,1.3718,1.3607,1.3505,1.3404,1.3305,1.3205,1.3106
1.349,1.4217,1.4938,1.5651,1.6366,1.7087,1.7808,1.8529,1.9251,1.9972,2.0694,2.1485,2.2323,0.8125,0.8916,0.9525,0.9686,0.9842,0.9924,1.0006,1.0081,1.0155,1.0228,1.0301,1.0374
4.9427,4.8444,4.7469,4.6504,4.5537,4.4562,4.3587,3.8957,3.1605,2.4253,1.6901,1.8311,1.7178,1.6079,1.501,1.4186,1.3968,1.3756,1.3646,1.3535,1.3434,1.3334,1.3234,1.3136,1.3037
10.0,10.0,10.0,10.0,10.0,10.0,10.0,10.0,10.0,10.0,10.0,10.0,10.0,10.0,10.0,10.0,10.0,10.0,10.0,10.0,10.0,10.0,10.0,10.0,10.0
2.2251,2.345,2.464,2.5816,2.6996,2.8185,2.9374,3.0564,2.6758,2.0533,1.4309,0.8099,1.2063,1.3403,1.4707,1.5712,1.5977,1.6235,1.637,1.6505,1.6629,1.6751,1.6872,1.6992,1.7112
3.7123,3.6385,3.5652,3.4928,3.4201,3.3469,3.2737,3.2004,3.1271,3.0538,2.9805,2.9001,2.815,1.2077,1.1273,1.0655,1.0491,1.0332,1.0249,1.0166,1.009,1.0015,0.994,0.9866,0.9792
1.5956,1.6816,1.7669,1.8512,1.9358,2.0211,2.1064,2.1917,2.2771,2.3624,2.4478,2.5413,2.6404,0.4542,1.0546,1.1267,1.1457,1.1642,1.1739,1.1835,1.1924,1.2012,1.2099,1.2185,1.2271
6.309,7.9289,7.6541,7.3824,7.1098,6.8351,6.5604,6.2854,6.0104,5.7354,5.4604,5.159,4.8398,4.5302,4.2289,3.9968,3.9356,3.8759,3.8447,3.8135,3.7849,3.7567,3.7288,3.701,3.6732
7.9703,7.8117,7.6545,7.4989,7.3429,7.1857,7.0285,6.8711,6.7137,6.5563,6.3989,6.2264,6.0437,5.8666,5.6941,1.3865,1.949,2.2183,2.2004,2.1826,2.1662,2.1501,2.1341,2.1182,2.1023
1.4372,1.5147,1.5915,1.6675,1.7437,1.8205,1.8973,1.9742,2.0511,2.1279,2.2048,1.8628,0.4364,0.8657,0.9499,1.0148,1.032,1.0487,1.0574,1.0661,1.0741,1.082,1.0898,1.0975,1.1053
3.9476,3.8691,3.7912,3.7141,3.6369,3.559,3.4811,3.4032,3.3252,3.2473,3.0028,1.6995,1.3719,1.2842,1.1988,1.133,1.1156,1.0987,1.0899,1.081,1.0729,1.0649,1.057,1.0491,1.0412
3.1625,3.3329,3.5019,3.6691,3.8368,4.0058,4.1748,4.3439,4.5131,4.6823,4.8515,5.0369,5.2333,5.4237,0.9173,1.3622,1.9149,2.3074,2.3266,2.3458,2.3634,2.3807,2.3979,2.415,2.4321
4.5471,4.7922,5.0352,4.8192,4.3008,3.7826,3.2643,2.7461,2.2279,1.7096,1.1914,0.6743,2.4651,2.7389,3.0054,3.2107,3.2649,3.3177,3.3453,3.3728,3.3982,3.4231,3.4478,3.4724,3.497
4.229,4.1449,4.0614,3.9789,3.8961,3.8127,3.7293,3.6458,3.5623,3.4788,3.3953,3.3037,3.2068,3.1128,1.2842,1.2137,1.1951,1.177,1.1676,1.1581,1.1494,1.1408,1.1324,1.1239,1.1155
1.3798,1.4542,1.5279,1.6009,1.674,1.7477,1.8215,1.8953,1.9691,2.0429,2.1167,2.1976,2.2833,0.8311,0.912,0.9743,0.9907,1.0067,1.0151,1.0235,1.0312,1.0387,1.0462,1.0537,1.0611
6.3256,6.1998,6.075,5.6369,5.0306,4.4244,3.8182,3.212,2.6059,1.9997,2.4803,2.3434,2.1984,2.0578,1.9209,1.8155,1.7877,1.7605,1.7464,1.7322,1.7192,1.7064,1.6937,1.6811,1.6685
10.0,10.0,10.0,10.0,10.0,10.0,10.0,10.0,10.0,10.0,10.0,10.0,10.0,10.0,10.0,10.0,10.0,10.0,10.0,10.0,10.0,4.2657,4.7698,5.2738,5.7779
1.7676,1.8629,1.9574,2.0508,2.1445,2.239,2.3335,2.428,2.5226,2.5247,1.7594,0.9958,0.3027,1.0647,1.1683,1.2481,1.2692,1.2897,1.3004,1.3111,1.321,1.3307,1.3403,1.3498,1.3594
3.6553,3.5825,3.5104,3.4391,3.3676,3.2954,3.2233,3.1512,3.079,3.0068,2.9346,2.8555,2.7717,1.1891,1.11,1.0491,1.033,1.0173,1.0091,1.001,0.9934,0.9861,0.9787,0.9714,0.9641
1.8968,1.999,2.1004,2.2007,2.3013,2.4026,2.504,2.6054,2.7069,2.8084,2.9098,3.0211,3.1388,0.439,1.047,1.3393,1.3619,1.384,1.3955,1.407,1.4175,1.4279,1.4382,1.4485,1.4587
6.0935,5.5982,5.1027,4.6072,4.1116,3.6162,3.1207,2.6253,10.0,10.0,10.0,10.0,10.0,10.0,10.0,10.0,10.0,10.0,10.0,10.0,10.0,10.0,10.0,10.0,10.0
5.72,5.6063,5.4934,5.3818,5.2698,5.157,5.0441,4.9312,4.8183,4.7053,4.5923,4.4685,4.3374,4.2103,0.9568,1.6007,1.6165,1.592,1.5792,1.5664,1.5546,1.5431,1.5316,1.5202,1.5087
1.3609,1.4343,1.507,1.579,1.6511,1.7238,1.7966,1.8694,1.9422,2.015,2.0878,2.1676,1.1077,0.8197,0.8995,0.9609,0.9772,0.993,1.0012,1.0095,1.0171,1.0245,1.0319,1.0393,1.0466
4.4405,4.3522,4.2646,4.1779,4.091,4.0034,3.9158,3.8281,3.7398,2.8699,1.9999,1.1319,1.5432,1.4445,1.3485,1.2745,1.2549,1.2359,1.2259,1.216,1.2069,1.1979,1.189,1.1801,1.1713
6.066,6.3929,6.7171,7.0378,7.3594,7.6836,8.0077,8.3322,8.6567,8.9812,9.3057,9.6614,10.0,10.0,10.0,10.0,10.0,2.2887,2.8015,3.3143,3.8271,4.3399,4.5995,4.6323,4.6651
2.7252,2.8721,3.0178,3.1618,3.3063,3.452,3.5864,3.017,2.4476,1.8783,1.3089,0.7408,1.4774,1.6415,1.8012,1.9243,1.9568,1.9884,2.0049,2.0214,2.0366,2.0516,2.0664,2.0811,2.0958
3.837,3.7606,3.6849,3.6101,3.535,3.4593,3.3836,3.3078,3.2321,3.1563,3.0805,2.9975,2.9095,0.791,1.1652,1.1012,1.0844,1.0679,1.0593,1.0507,1.0428,1.0351,1.0274,1.0197,1.0121
1.4832,1.5631,1.6424,1.7208,1.7994,1.8787,1.9579,2.0373,2.1166,2.1959,2.2753,2.3623,2.4543,0.5819,0.9803,1.0473,1.0649,1.0822,1.0911,1.1001,1.1084,1.1165,1.1246,1.1326,1.1406
6.6049,6.068,5.531,4.9938,4.4567,3.9197,3.3826,4.2408,4.0553,3.8697,3.6842,3.4808,3.2654,3.0566,2.8533,2.6967,2.6553,2.6151,2.594,2.573,2.5537,2.5347,2.5158,2.4971,2.4783
10.0,10.0,10.0,10.0,10.0,9.8058,9.5913,9.3765,9.1618,8.947,8.7322,8.4967,8.2474,8.0057,7.7704,7.5891,1.8382,2.3688,2.8996,2.9785,2.9561,2.9341,2.9123,2.8905,2.8688
1.5253,1.6075,1.689,1.7696,1.8505,1.932,2.0135,2.0951,2.1767,2.2583,2.3399,1.3763,0.3224,0.9187,1.0081,1.077,1.0952,1.1129,1.1221,1.1314,1.1399,1.1482,1.1565,1.1648,1.173
3.7739,3.6988,3.6244,3.5507,3.4768,3.4024,3.328,3.2534,3.1789,3.1044,3.0299,2.5533,0.7949,1.2277,1.146,1.0831,1.0665,1.0503,1.0419,1.0335,1.0257,1.0181,1.0105,1.003,0.9954
2.4817,2.6154,2.7481,2.8793,3.0108,3.1434,3.2761,3.4088,3.5415,3.6743,3.8071,3.9526,4.1067,4.2561,0.877,1.4671,1.7819,1.8107,1.8257,1.8408,1.8546,1.8682,1.8817,1.8951,1.9085
6.1716,5.6699,5.1681,4.6662,4.1643,3.6625,3.1607,2.6589,2.1571,1.6553,1.1536,3.8851,4.3876,4.8749,5.3493,5.7147,5.8112,5.9052,5.9542,6.0033,6.0484,6.0927,6.1367,6.1805,6.2242
4.6293,4.5372,4.4458,4.3555,4.2649,4.1736,4.0822,3.9908,3.8994,3.808,3.7166,3.6164,3.5103,3.4074,1.1981,1.3286,1.3083,1.2884,1.2781,1.2677,1.2582,1.2488,1.2395,1.2303,1.221
1.3524,1.4253,1.4976,1.5691,1.6408,1.713,1.7853,1.8577,1.93,2.0023,2.0747,2.154,2.238,0.8146,0.8939,0.9549,0.971,0.9868,0.995,1.0031,1.0107,1.0181,1.0254,1.0328,1.0401
5.3612,5.2546,5.1488,5.0442,4.9393,4.8335,4.2568,3.581,2.9052,2.2294,1.5536,1.9861,1.8632,1.7441,1.6281,1.5387,1.5151,1.4921,1.4801,1.4681,1.4571,1.4463,1.4355,1.4248,1.4141
10.0,10.0,10.0,10.0,10.0,10.0,10.0,10.0,10.0,10.0,10.0,10.0,10.0,10.0,10.0,10.0,10.0,10.0,10.0,10.0,10.0,10.0,10.0,10.0,10.0
2.0128,2.1212,2.2288,2.3352,2.4419,2.5495,2.6571,2.7647,2.8644,2.1981,1.5318,0.8669,1.0912,1.2124,1.3303,1.4212,1.4452,1.4686,1.4808,1.493,1.5042,1.5152,1.5262,1.537,1.5479
3.6685,3.5956,3.5232,3.4516,3.3798,3.3074,3.235,3.1626,3.0902,3.0177,2.9453,2.8659,2.7818,1.1934,1.114,1.0529,1.0367,1.021,1.0128,1.0046,0.9971,0.9896,0.9823,0.975,0.9676
1.6888,1.7798,1.87,1.9593,2.0489,2.1391,2.2293,2.3197,2.41,2.5003,2.5907,2.6897,2.7946,0.4027,1.1162,1.1924,1.2126,1.2322,1.2424,1.2526,1.2621,1.2713,1.2805,1.2896,1.2987
10.0,10.0,10.0,10.0,10.0,9.8602,9.4639,9.0672,8.6705,8.2738,7.8771,7.4422,6.9818,6.5352,6.1006,5.7657,5.6774,5.5912,5.5463,5.5013,5.46,5.4194,5.3791,5.339,5.2989
6.8879,6.7509,6.615,6.4806,6.3458,6.2099,6.074,5.938,5.802,5.666,5.53,5.3809,5.223,5.0699,4.9208,1.4527,1.9466,1.917,1.9016,1.8862,1.872,1.8581,1.8443,1.8305,1.8168
1.3989,1.4743,1.5491,1.623,1.6972,1.772,1.8467,1.9216,1.9964,2.0712,2.146,2.2281,0.5647,0.8426,0.9246,0.9878,1.0044,1.0207,1.0292,1.0377,1.0455,1.0531,1.0607,1.0683,1.0758
4.0988,4.0173,3.9364,3.8564,3.7762,3.6953,3.6145,3.5335,3.4526,3.3717,2.5052,1.4179,1.4245,1.3334,1.2447,1.1764,1.1583,1.1408,1.1316,1.1224,1.114,1.1057,1.0975,1.0893,1.0811
3.8487,4.0561,4.2618,4.4653,4.6693,4.875,5.0807,5.2865,5.4924,5.6983,5.9041,6.1298,6.3688,6.6005,6.8261,1.3151,1.8486,2.3822,2.8314,2.8548,2.8762,2.8973,2.9182,2.939,2.9598
3.6008,3.7948,3.9873,4.1777,4.3686,3.8947,3.3611,2.8275,2.2939,1.7603,1.2267,0.6943,1.9521,2.1689,2.3799,2.5425,2.5854,2.6272,2.649,2.6709,2.691,2.7107,2.7302,2.7497,2.7692
4.0469,3.9664,3.8865,3.8076,3.7284,3.6485,3.5687,3.4888,3.4089,3.329,3.249,3.1614,3.0687,0.7624,1.2289,1.1615,1.1437,1.1263,1.1173,1.1082,1.0999,1.0917,1.0836,1.0755,1.0674
1.4096,1.4855,1.5609,1.6354,1.7101,1.7854,1.8608,1.9362,2.0116,2.087,2.1624,2.245,2.3325,0.831,0.9316,0.9953,1.0121,1.0285,1.037,1.0455,1.0534,1.0611,1.0688,1.0764,1.084
7.0656,6.4912,5.9168,5.3421,4.7675,4.1931,3.6186,3.0441,2.4696,1.9763,2.8185,2.6629,2.4981,2.3384,2.1828,2.063,2.0314,2.0006,1.9845,1.9684,1.9536,1.9391,1.9247,1.9103,1.896
10.0,10.0,10.0,10.0,10.0,10.0,10.0,10.0,10.0,10.0,10.0,10.0,10.0,10.0,10.0,10.0,10.0,10.0,2.7919,3.303,3.814,4.3251,4.7203,4.6851,4.6499
1.6571,1.7464,1.835,1.9226,2.0105,2.099,2.1876,2.2762,2.3648,2.4535,1.9564,1.1073,0.2837,0.9981,1.0953,1.1701,1.1898,1.2091,1.2191,1.2292,1.2384,1.2475,1.2565,1.2654,1.2744
3.6792,3.606,3.5334,3.4616,3.3896,3.3171,3.2445,3.1718,3.0992,3.0265,2.9539,2.8742,1.2481,1.1969,1.1173,1.056,1.0398,1.024,1.0158,1.0075,1.0,0.9925,0.9851,0.9778,0.9705
2.0732,2.1849,2.2957,2.4053,2.5152,2.626,2.7368,2.8477,2.9586,3.0695,3.1804,3.302,3.4307,3.5555,0.9693,1.4639,1.4886,1.5126,1.5252,1.5378,1.5493,1.5607,1.572,1.5832,1.5944
6.0896,5.5945,5.0994,4.6042,4.1089,3.6138,3.1187,2.6236,2.1285,1.6333,10.0,10.0,10.0,10.0,10.0,10.0,10.0,10.0,10.0,10.0,10.0,10.0,10.0,10.0,10.0
5.2186,5.1148,5.0118,4.91,4.8079,4.7049,4.602,4.4989,4.3959,4.2928,4.1898,4.0768,3.9572,3.8412,1.031,1.4978,1.4748,1.4524,1.4408,1.4291,1.4183,1.4078,1.3973,1.3869,1.3765
1.3503,1.4231,1.4952,1.5666,1.6382,1.7104,1.7825,1.8547,1.927,1.9992,2.0714,2.1506,2.2344,0.8133,0.8925,0.9534,0.9695,0.9852,0.9934,1.0016,1.0091,1.0165,1.0238,1.0311,1.0384
4.7269,4.6329,4.5396,4.4474,4.3549,4.2616,4.1684,4.0751,3.3514,2.5718,1.7922,1.1039,1.6428,1.5377,1.4354,1.3567,1.3359,1.3156,1.305,1.2944,1.2847,1.2752,1.2657,1.2562,1.2468
9.563,10.0,10.0,10.0,10.0,10.0,10.0,10.0,10.0,10.0,10.0,10.0,10.0,10.0,10.0,10.0,10.0,10.0,10.0,10.0,3.7694,4.2745,4.7796,5.2847,5.7898
2.3875,2.5162,2.6438,2.77,2.8966,3.0242,3.1517,3.1776,2.578,1.9783,1.3786,0.7802,1.2943,1.4381,1.578,1.6858,1.7143,1.742,1.7565,1.7709,1.7842,1.7973,1.8103,1.8232,1.8361
3.7507,3.6761,3.6021,3.5289,3.4555,3.3815,3.3075,3.2334,3.1594,3.0853,3.0112,2.9301,2.8441,1.0687,1.139,1.0765,1.06,1.0439,1.0355,1.0271,1.0194,1.0118,1.0043,0.9968,0.9893
1.5474,1.6307,1.7134,1.7952,1.8773,1.96,2.0427,2.1254,2.2082,2.291,2.3737,2.4645,2.5606,0.4947,1.0227,1.0926,1.111,1.129,1.1384,1.1477,1.1564,1.1648,1.1733,1.1816,1.19
6.4053,5.8846,5.3638,4.8429,4.3845,5.7597,5.5282,5.2965,5.0648,4.8331,4.6013,4.3473,4.0783,3.8175,3.5636,3.368,3.3164,3.2661,3.2398,3.2136,3.1894,3.1657,3.1421,3.1187,3.0953
8.858,8.6818,8.507,8.3342,8.1608,7.9861,7.8113,7.6364,7.4615,7.2866,7.1117,6.9199,6.7169,6.52,6.3283,1.3525,1.9012,2.4499,2.4455,2.4257,2.4075,2.3896,2.3718,2.3541,2.3364
1.4667,1.5457,1.6241,1.7016,1.7794,1.8578,1.9362,2.0146,2.0931,2.1715,2.25,1.6379,0.3837,0.8834,0.9694,1.0356,1.0531,1.0701,1.079,1.0879,1.0961,1.1041,1.1121,1.12,1.1279
3.8717,3.7947,3.7183,3.6427,3.5669,3.4906,3.4142,3.3377,3.2613,3.1848,3.1084,1.9446,1.3456,1.2595,1.1757,1.1112,1.0942,1.0776,1.0689,1.0602,1.0523,1.0444,1.0367,1.0289,1.0212
2.8569,3.0109,3.1636,3.3146,3.4661,3.6188,3.7714,3.9242,4.077,4.2299,4.3827,4.5502,4.7276,4.8996,0.8355,1.3977,1.9648,2.0845,2.1018,2.1191,2.135,2.1507,2.1662,2.1817,2.1971
5.4511,5.7448,5.2615,4.7506,4.2396,3.7287,3.2179,2.707,2.1961,1.6853,1.1744,0.6647,2.9551,3.2834,3.6029,3.849,3.9139,3.9772,4.0103,4.0433,4.0737,4.1036,4.1332,4.1627,4.1921
4.3654,4.2786,4.1924,4.1072,4.0218,3.9357,3.8496,3.7634,3.6772,3.591,3.5048,3.4103,3.3102,3.2132,1.3257,1.2529,1.2337,1.215,1.2052,1.1954,1.1865,1.1776,1.1689,1.1602,1.1514
1.3667,1.4404,1.5134,1.5857,1.6582,1.7312,1.8042,1.8773,1.9504,2.0236,2.0967,2.1768,2.2617,0.8232,0.9033,0.965,0.9813,0.9972,1.0055,1.0138,1.0214,1.0289,1.0363,1.0437,1.0511
5.9084,5.7909,5.6743,5.559,5.2275,4.5976,3.9677,3.3378,2.7079,2.078,1.5078,2.1888,2.0534,1.9221,1.7942,1.6958,1.6698,1.6444,1.6312,1.618,1.6058,1.5939,1.582,1.5702,1.5584
10.0,10.0,10.0,10.0,10.0,10.0,10.0,10.0,10.0,10.0,10.0,10.0,10.0,10.0,10.0,10.0,10.0,10.0,10.0,10.0,10.0,10.0,10.0,10.0,10.0
1.8508,1.9506,2.0495,2.1473,2.2455,2.3444,2.4433,2.5423,2.6413,2.3851,1.6621,0.9407,0.3169,1.1148,1.2233,1.3068,1.3289,1.3504,1.3616,1.3728,1.3832,1.3933,1.4034,1.4134,1.4234
3.6544,3.5817,3.5096,3.4383,3.3667,3.2947,3.2226,3.1504,3.0782,3.0061,2.9339,2.8548,2.7711,1.1888,1.1097,1.0488,1.0327,1.0171,1.0089,1.0007,0.9932,0.9858,0.9785,0.9712,0.9639
1.8087,1.9062,2.0028,2.0984,2.1943,2.291,2.3876,2.4844,2.5811,2.6779,2.7746,2.8807,2.993,0.4186,1.106,1.2771,1.2987,1.3197,1.3306,1.3416,1.3517,1.3616,1.3714,1.3812,1.391
6.1201,5.6226,10.0,10.0,10.0,10.0,10.0,10.0,10.0,10.0,10.0,10.0,10.0,10.0,10.0,10.0,10.0,10.0,10.0,10.0,9.9346,9.8607,9.7874,9.7144,9.6414
6.1072,5.9857,5.8652,5.746,5.6265,5.506,5.3855,5.265,5.1444,5.0238,4.9032,4.771,4.631,4.4952,1.0184,1.5384,1.7259,1.6997,1.6861,1.6724,1.6598,1.6475,1.6352,1.6231,1.6109
1.3732,1.4472,1.5206,1.5932,1.666,1.7394,1.8128,1.8862,1.9597,2.0331,2.1066,2.1871,0.8089,0.8271,0.9076,0.9696,0.986,1.0019,1.0103,1.0186,1.0262,1.0338,1.0412,1.0487,1.0561
4.2974,4.2119,4.1271,4.0433,3.9592,3.8744,3.7896,3.7048,3.6199,3.1052,2.1639,1.2247,1.4935,1.398,1.305,1.2334,1.2145,1.1961,1.1864,1.1768,1.168,1.1593,1.1507,1.1421,1.1335
4.9648,5.2324,5.4977,5.7602,6.0234,6.2887,6.554,6.8196,7.0852,7.3508,7.6163,7.9075,8.2157,8.5147,8.8057,9.0298,1.8007,2.3204,2.8403,3.3602,3.7103,3.7375,3.7645,3.7913,3.8182
3.0005,3.1622,3.3225,3.4812,3.6402,3.8006,3.4922,2.9378,2.3834,1.829,1.2746,0.7214,1.6266,1.8073,1.9831,2.1186,2.1544,2.1892,2.2074,2.2256,2.2423,2.2587,2.2751,2.2913,2.3075
3.9096,3.8318,3.7547,3.6784,3.6019,3.5248,3.4476,3.3704,3.2932,3.216,3.1388,3.0542,2.9646,0.7365,1.1872,1.1221,1.1049,1.0881,1.0794,1.0706,1.0626,1.0547,1.0468,1.039,1.0312
1.4524,1.5306,1.6083,1.6851,1.7621,1.8397,1.9173,1.995,2.0727,2.1503,2.228,2.3132,2.4034,0.6564,0.9599,1.0255,1.0428,1.0597,1.0685,1.0773,1.0854,1.0933,1.1012,1.1091,1.117
6.7657,6.2157,5.6656,5.1154,4.5652,4.0151,3.465,2.9149,2.4751,3.4592,3.2933,3.1115,2.919,2.7323,2.5506,2.4106,2.3736,2.3376,2.3188,2.3,2.2827,2.2658,2.2489,2.2321,2.2154
10.0,10.0,10.0,10.0,10.0,10.0,10.0,10.0,10.0,10.0,10.0,9.9424,9.6507,9.3678,9.0925,8.8804,1.8542,2.3318,2.8542,3.3767,3.459,3.4333,3.4078,3.3824,3.357
1.5714,1.6561,1.7401,1.8232,1.9065,1.9904,2.0744,2.1585,2.2425,2.3266,2.2228,1.258,0.2947,0.9465,1.0386,1.1096,1.1283,1.1465,1.1561,1.1656,1.1743,1.1829,1.1915,1.2,1.2085
3.7333,3.659,3.5853,3.5125,3.4394,3.3658,3.2921,3.2184,3.1447,3.071,2.9972,2.9164,0.7863,1.2145,1.1337,1.0715,1.055,1.039,1.0307,1.0223,1.0146,1.0071,0.9996,0.9922,0.9847
2.3056,2.4298,2.5531,2.675,2.7972,2.9204,3.0436,3.1669,3.2903,3.4136,3.5369,3.6721,3.8153,3.9541,0.9092,1.521,1.6554,1.6822,1.6962,1.7102,1.723,1.7356,1.7482,1.7607,1.7731
6.1341,5.6355,5.1367,4.6379,4.139,3.6403,3.1415,2.6428,2.144,1.6453,1.1466,5.5854,6.3079,7.0085,7.6905,8.2158,8.3545,8.4896,8.5601,8.6306,8.6955,8.7592,8.8225,8.8854,8.9483
4.8337,4.7375,4.6422,4.5478,4.4532,4.3579,4.2625,4.1671,4.0716,3.9762,3.8807,3.7761,3.6653,3.5579,1.1272,1.3873,1.366,1.3453,1.3345,1.3237,1.3137,1.304,1.2943,1.2846,1.275
1.3504,1.4232,1.4954,1.5668,1.6384,1.7105,1.7827,1.8549,1.9272,1.9994,2.0717,2.1508,2.2347,0.8134,0.8926,0.9535,0.9696,0.9853,0.9935,1.0017,1.0092,1.0166,1.0239,1.0313,1.0386
5.0956,4.9942,4.8936,4.7942,4.6945,4.594,4.4814,3.7699,3.0585,2.347,1.6356,1.8877,1.7709,1.6576,1.5474,1.4624,1.44,1.4182,1.4068,1.3954,1.3849,1.3746,1.3644,1.3542,1.344
10.0,10.0,10.0,10.0,10.0,10.0,10.0,10.0,10.0,10.0,10.0,10.0,10.0,10.0,10.0,10.0,10.0,10.0,10.0,10.0,10.0,10.0,10.0,10.0,10.0
2.1397,2.255,2.3693,2.4824,2.5959,2.7102,2.8246,2.939,2.7457,2.107,1.4683,0.831,1.16,1.2888,1.4142,1.5108,1.5363,1.5612,1.5741,1.5871,1.599,1.6107,1.6224,1.6339,1.6455
3.697,3.6234,3.5505,3.4783,3.406,3.3331,3.2601,3.1871,3.1141,3.0411,2.9681,2.8881,2.8034,1.2027,1.1227,1.0611,1.0448,1.0289,1.0207,1.0124,1.0048,0.9973,0.9899,0.9825,0.9751
1.6307,1.7186,1.8058,1.892,1.9784,2.0656,2.1527,2.24,2.3272,2.4144,2.5017,2.5973,2.6985,0.4332,1.0778,1.1515,1.1709,1.1898,1.1997,1.2096,1.2187,1.2276,1.2365,1.2453,1.2541
9.3002,8.9862,8.6748,8.3668,8.0579,7.7466,7.4352,7.1236,6.8119,6.5003,6.1886,5.8469,5.4852,5.1343,4.7929,4.5298,4.4604,4.3927,4.3574,4.3221,4.2896,4.2577,4.226,4.1945,4.163
7.5237,7.374,7.2256,7.0788,6.9315,6.7831,6.6347,6.4861,6.3376,6.189,6.0404,5.8775,5.7051,5.5379,5.3751,1.4119,1.9848,2.094,2.0772,2.0603,2.0448,2.0296,2.0145,1.9995,1.9845
1.4234,1.5001,1.5761,1.6514,1.7269,1.8029,1.879,1.9551,2.0312,2.1074,2.1835,2.0413,0.4782,0.8573,0.9408,1.005,1.022,1.0385,1.0471,1.0558,1.0637,1.0715,1.0792,1.0869,1.0946
4.0071,3.9274,3.8483,3.7701,3.6917,3.6126,3.5336,3.4545,3.3754,3.2962,2.7932,1.5809,1.3926,1.3035,1.2168,1.1501,1.1324,1.1152,1.1063,1.0973,1.0891,1.081,1.0729,1.0649,1.0569
3.3965,3.5795,3.761,3.9406,4.1207,4.3021,4.4837,4.6653,4.847,5.0287,5.2104,5.4095,5.6204,5.8249,6.024,1.3449,1.8906,2.4363,2.4987,2.5193,2.5382,2.5568,2.5753,2.5937,2.612
4.1361,4.359,4.58,4.7987,4.3526,3.8281,3.3037,2.7792,2.2547,1.7302,1.2057,0.6824,2.2423,2.4913,2.7337,2.9205,2.9698,3.0178,3.0429,3.0679,3.091,3.1136,3.1361,3.1585,3.1808
4.1617,4.0789,3.9968,3.9155,3.8341,3.752,3.6699,3.5877,3.5055,3.4234,3.3412,3.2511,3.1557,3.0632,1.2638,1.1944,1.1761,1.1583,1.149,1.1396,1.1311,1.1227,1.1143,1.106,1.0977
1.3925,1.4675,1.542,1.6156,1.6894,1.7638,1.8382,1.9127,1.9872,2.0617,2.1362,2.2178,2.3043,0.8387,0.9204,0.9832,0.9998,1.016,1.0244,1.0329,1.0406,1.0483,1.0558,1.0634,1.0709
6.637,6.505,6.1213,5.5268,4.9323,4.338,3.7436,3.1493,2.555,1.9606,2.6024,2.4587,2.3066,2.1591,2.0155,1.9049,1.8757,1.8472,1.8324,1.8175,1.8038,1.7904,1.7771,1.7639,1.7506
10.0,10.0,10.0,10.0,10.0,10.0,10.0,10.0,10.0,10.0,10.0,10.0,10.0,10.0,10.0,10.0,10.0,10.0,10.0,3.2788,3.7861,4.2934,4.8007,5.308,5.8154
1.7259,1.8189,1.9112,2.0024,2.0939,2.1862,2.2784,2.3707,2.463,2.5554,1.8321,1.0369,0.2955,1.0396,1.1407,1.2187,1.2392,1.2593,1.2697,1.2802,1.2898,1.2993,1.3087,1.318,1.3273
3.6693,3.5963,3.5239,3.4523,3.3805,3.3081,3.2358,3.1633,3.0908,3.0184,2.9459,2.8665,2.1595,1.1937,1.1143,1.0531,1.037,1.0212,1.013,1.0048,0.9973,0.9899,0.9825,0.9752,0.9678
1.9633,2.0691,2.1741,2.2779,2.3819,2.4869,2.5918,2.6968,2.8018,2.9068,3.0119,3.127,3.2489,0.4544,1.0173,1.3863,1.4097,1.4325,1.4444,1.4563,1.4672,1.478,1.4887,1.4993,1.5099
6.1011,5.6052,5.1091,4.6129,4.1168,3.6207,3.1246,2.6286,2.1325,10.0,10.0,10.0,10.0,10.0,10.0,10.0,10.0,10.0,10.0,10.0,10.0,10.0,10.0,10.0,10.0
5.5262,5.4163,5.3072,5.1994,5.0912,4.9822,4.8732,4.7641,4.655,4.5458,4.4367,4.3171,4.1904,4.0676,0.9854,1.586,1.5617,1.538,1.5257,1.5133,1.5019,1.4908,1.4797,1.4686,1.4576
1.3591,1.4323,1.505,1.5768,1.6489,1.7215,1.7941,1.8668,1.9395,2.0122,2.0849,2.1646,1.4424,0.8186,0.8983,0.9596,0.9758,0.9916,0.9999,1.0081,1.0157,1.0231,1.0305,1.0379,1.0452
4.5536,4.463,4.3731,4.2843,4.1952,4.1053,4.0155,3.9256,3.5874,2.7529,1.9184,1.0858,1.5825,1.4813,1.3828,1.3069,1.2869,1.2673,1.2572,1.247,1.2376,1.2284,1.2193,1.2102,1.2011
7.0638,7.4444,7.822,8.1954,8.5699,8.9474,9.3248,9.7027,10.0,10.0,10.0,10.0,10.0,10.0,10.0,10.0,10.0,10.0,2.7902,3.3009,3.8117,4.3224,4.8332,5.3439,5.4324
2.5903,2.7299,2.8684,3.0053,3.1426,3.2811,3.4195,3.0821,2.5005,1.9188,1.3372,0.7568,1.4043,1.5602,1.7121,1.829,1.8599,1.89,1.9057,1.9214,1.9358,1.95,1.9641,1.9781,1.9921
3.8109,3.7351,3.6599,3.5855,3.511,3.4358,3.3606,3.2854,3.2101,3.1348,3.0596,2.9771,2.8897,0.8799,1.1573,1.0938,1.077,1.0606,1.0521,1.0436,1.0357,1.028,1.0204,1.0128,1.0052
1.5101,1.5915,1.6722,1.752,1.8321,1.9128,1.9935,2.0742,2.155,2.2358,2.3166,2.4051,2.4989,0.5463,0.9981,1.0663,1.0843,1.1018,1.1109,1.1201,1.1285,1.1368,1.145,1.1532,1.1613
6.5408,6.0091,5.4773,4.9453,4.4134,3.8816,3.4058,4.6,4.3987,4.1975,3.9962,3.7756,3.542,3.3154,3.0949,2.9251,2.8802,2.8365,2.8137,2.7909,2.7699,2.7493,2.7289,2.7085,2.6882
10.0,9.8275,9.6296,9.4339,9.2377,9.0399,8.8421,8.6441,8.4461,8.2481,8.0501,7.8331,7.6032,7.3804,7.1634,6.9963,1.8658,2.4043,2.7682,2.7458,2.7252,2.7049,2.6848,2.6648,2.6448
1.5057,1.5868,1.6673,1.7469,1.8267,1.9072,1.9877,2.0682,2.1487,2.2293,2.3098,1.469,0.3441,0.9069,0.9952,1.0632,1.0811,1.0986,1.1077,1.1168,1.1252,1.1335,1.1417,1.1498,1.158
3.8194,3.7435,3.6681,3.5936,3.5188,3.4435,3.3681,3.2927,3.2173,3.1419,3.0664,2.2857,0.8045,1.2425,1.1599,1.0962,1.0794,1.063,1.0545,1.0459,1.0381,1.0303,1.0227,1.0151,1.0074
2.619,2.7602,2.9001,3.0386,3.1775,3.3174,3.4574,3.5975,3.7375,3.8776,4.0177,4.1713,4.3339,4.4916,0.8627,1.4432,1.8805,1.9109,1.9268,1.9427,1.9573,1.9716,1.9858,2.0,2.0142
6.229,5.7226,5.2161,4.7096,4.203,3.6966,3.1901,2.6836,2.1772,1.6707,1.1643,0.7471,3.711,4.1231,4.5243,4.8334,4.915,4.9945,5.036,5.0775,5.1156,5.1531,5.1903,5.2273,5.2643
4.5362,4.4459,4.3564,4.2679,4.1791,4.0896,4.0001,3.9106,3.821,3.7314,3.6419,3.5437,3.4397,3.3389,1.2537,1.3019,1.2819,1.2625,1.2523,1.2422,1.2329,1.2237,1.2146,1.2055,1.1965
1.3614,1.4347,1.5075,1.5795,1.6517,1.7244,1.7971,1.87,1.9428,2.0156,2.0884,2.1683,2.2528,0.82,0.8998,0.9613,0.9775,0.9933,1.0015,1.0098,1.0174,1.0248,1.0322,1.0396,1.047
5.5728,5.4619,5.352,5.2432,5.1341,4.8118,4.1525,3.4933,2.834,2.1748,1.5155,2.0645,1.9367,1.8129,1.6923,1.5994,1.5749,1.551,1.5385,1.5261,1.5146,1.5033,1.4922,1.481,1.4699
10.0,10.0,10.0,10.0,10.0,10.0,10.0,10.0,10.0,10.0,10.0,10.0,10.0,10.0,10.0,10.0,10.0,10.0,10.0,10.0,10.0,10.0,4.75,5.252,5.754
1.9531,2.0584,2.1628,2.266,2.3696,2.4739,2.5783,2.6828,2.7873,2.2723,1.5835,0.8962,0.3344,1.1764,1.2909,1.3791,1.4024,1.425,1.4369,1.4487,1.4596,1.4703,1.4809,1.4915,1.502
3.6737,3.6006,3.5281,3.4564,3.3845,3.3121,3.2396,3.1671,3.0945,3.022,2.9494,2.8699,2.7857,1.1951,1.1156,1.0544,1.0382,1.0225,1.0142,1.006,0.9985,0.991,0.9837,0.9763,0.969
1.7378,1.8315,1.9243,2.0162,2.1083,2.2012,2.2941,2.387,2.48,2.5729,2.6659,2.7678,2.8757,0.4022,1.1486,1.2271,1.2478,1.2679,1.2785,1.289,1.2987,1.3082,1.3177,1.3271,1.3365
6.1808,5.6784,5.1758,4.6732,10.0,10.0,10.0,10.0,10.0,10.0,9.5439,9.017,8.4591,7.9181,7.3914,6.9858,6.8787,6.7743,6.7199,6.6654,6.6153,6.5661,6.5173,6.4687,6.4201
6.5875,6.4564,6.3265,6.1979,6.069,5.939,5.8091,5.679,5.5489,5.4188,5.2888,5.1461,4.9952,4.8487,4.7062,1.4889,1.8617,1.8334,1.8187,1.8039,1.7904,1.7771,1.7638,1.7507,1.7375
1.3934,1.4685,1.543,1.6166,1.6905,1.765,1.8394,1.914,1.9885,2.063,2.1376,2.2193,0.6404,0.8393,0.921,0.9839,1.0005,1.0167,1.0251,1.0336,1.0413,1.049,1.0565,1.0641,1.0716
4.1861,4.1028,4.0202,3.9385,3.8566,3.774,3.6914,3.6088,3.5261,3.4016,2.3705,1.3416,1.4548,1.3618,1.2712,1.2014,1.183,1.1651,1.1557,1.1463,1.1377,1.1293,1.1209,1.1125,1.1041
4.2245,4.4522,4.6779,4.9013,5.1253,5.351,5.5767,5.8027,6.0287,6.2547,6.4806,6.7284,6.9907,7.245,7.4926,7.6834,1.8361,2.366,2.8962,3.1335,3.1571,3.1802,3.2032,3.226,3.2488
3.3564,3.5372,3.7166,3.8941,4.072,3.9649,3.4216,2.8784,2.3352,1.792,1.2488,0.7068,1.8196,2.0216,2.2184,2.3699,2.4099,2.4489,2.4692,2.4896,2.5083,2.5267,2.5449,2.5631,2.5812
4.0072,3.9275,3.8484,3.7702,3.6918,3.6127,3.5337,3.4546,3.3754,3.2963,3.2172,3.1304,3.0386,0.7549,1.2169,1.1501,1.1325,1.1153,1.1063,1.0973,1.0891,1.081,1.073,1.065,1.057
1.4307,1.5078,1.5843,1.6599,1.7357,1.8122,1.8886,1.9652,2.0417,2.1182,2.1948,2.2787,2.3675,0.757,0.9456,1.0102,1.0273,1.0439,1.0525,1.0612,1.0692,1.077,1.0848,1.0925,1.1003
6.9731,6.4062,5.8393,5.2722,4.7051,4.1381,3.5712,3.0042,2.4373,3.1445,2.9937,2.8284,2.6534,2.4837,2.3185,2.1913,2.1577,2.1249,2.1079,2.0908,2.0751,2.0596,2.0443,2.0291,2.0138
10.0,10.0,10.0,10.0,10.0,10.0,10.0,10.0,10.0,10.0,10.0,10.0,10.0,10.0,10.0,10.0,10.0,2.3086,2.8258,3.3431,3.8604,4.1607,4.1297,4.0989,4.0682
1.6294,1.7172,1.8043,1.8904,1.9768,2.0639,2.151,2.2381,2.3253,2.4124,2.0581,1.1648,0.279,0.9814,1.0769,1.1505,1.1699,1.1888,1.1987,1.2086,1.2177,1.2266,1.2355,1.2443,1.2531
3.7139,3.64,3.5668,3.4943,3.4216,3.3483,3.2751,3.2017,3.1284,3.0551,2.9817,2.9013,0.9965,1.2082,1.1278,1.0659,1.0496,1.0337,1.0253,1.017,1.0094,1.0019,0.9944,0.987,0.9796
2.1647,2.2814,2.3971,2.5115,2.6263,2.742,2.8576,2.9734,3.0892,3.205,3.3208,3.4478,3.5822,3.7125,0.9491,1.5285,1.5543,1.5794,1.5926,1.6057,1.6177,1.6296,1.6414,1.6531,1.6648
6.1309,5.6325,5.134,4.6354,4.1368,3.6384,3.1399,2.6414,2.1429,1.6444,1.146,9.989,10.0,10.0,10.0,10.0,10.0,10.0,10.0,10.0,10.0,10.0,10.0,10.0,10.0
5.085,4.9839,4.8835,4.7843,4.6848,4.5845,4.4842,4.3838,4.2833,4.1829,4.0825,3.9724,3.8559,3.7429,1.0701,1.4594,1.4371,1.4153,1.4039,1.3925,1.382,1.3718,1.3616,1.3514,1.3413
1.3559,1.429,1.5015,1.5732,1.645,1.7175,1.79,1.8625,1.935,2.0076,2.0801,2.1596,2.2438,0.8167,0.8962,0.9574,0.9736,0.9893,0.9975,1.0058,1.0133,1.0207,1.0281,1.0354,1.0428
4.8819,4.7848,4.6884,4.5932,4.4976,4.4013,4.305,4.0019,3.2467,2.4914,1.7362,1.8085,1.6966,1.5881,1.4825,1.4011,1.3796,1.3587,1.3478,1.3369,1.3268,1.317,1.3072,1.2974,1.2877
10.0,10.0,10.0,10.0,10.0,10.0,10.0,10.0,10.0,10.0,10.0,10.0,10.0,10.0,10.0,10.0,10.0,10.0,10.0,10.0,3.7753,4.2812,4.7871,5.293,5.7988
2.2962,2.42,2.5427,2.6641,2.7858,2.9085,3.0312,3.1541,2.6511,2.0344,1.4177,0.8024,1.2448,1.3831,1.5177,1.6214,1.6487,1.6754,1.6893,1.7032,1.716,1.7286,1.7411,1.7535,1.7659
3.7465,3.672,3.5981,3.525,3.4516,3.3777,3.3038,3.2298,3.1559,3.0819,3.0079,2.9268,2.8409,1.2188,1.1377,1.0753,1.0588,1.0427,1.0343,1.026,1.0182,1.0107,1.0032,0.9957,0.9882
1.5853,1.6708,1.7555,1.8393,1.9233,2.0081,2.0928,2.1776,2.2624,2.3472,2.432,2.525,2.6234,0.4713,1.0478,1.1194,1.1383,1.1567,1.1663,1.1759,1.1847,1.1934,1.202,1.2106,1.2192
6.3804,5.8617,5.3429,4.824,4.3052,3.7864,6.1574,5.8993,5.6412,5.3831,5.125,4.8421,4.5425,4.252,3.9692,3.7513,3.6938,3.6378,3.6085,3.5793,3.5524,3.526,3.4997,3.4736,3.4476
8.3341,8.1683,8.0039,7.8413,7.6782,7.5138,7.3493,7.1848,7.0202,6.8556,6.6911,6.5107,6.3196,6.1344,5.9541,1.381,1.9413,2.3195,2.3009,2.2823,2.2651,2.2483,2.2315,2.2149,2.1983
1.4567,1.5352,1.613,1.69,1.7673,1.8451,1.9229,2.0009,2.0788,2.1567,2.2346,1.7801,0.417,0.8774,0.9628,1.0285,1.0459,1.0628,1.0716,1.0805,1.0886,1.0966,1.1045,1.1124,1.1202
3.9412,3.8628,3.7851,3.7081,3.631,3.5533,3.4755,3.3977,3.3199,3.242,3.1642,1.7959,1.3697,1.2821,1.1968,1.1312,1.1138,1.0969,1.0881,1.0793,1.0712,1.0632,1.0553,1.0474,1.0396
3.0565,3.2212,3.3846,3.5462,3.7082,3.8716,4.0349,4.1984,4.3619,4.5254,4.6889,4.8681,5.0579,5.242,0.8866,1.3838,1.9452,2.2301,2.2486,2.2672,2.2842,2.3009,2.3176,2.3341,2.3506
4.8843,5.1475,5.3406,4.822,4.3033,3.7848,3.2662,2.7477,2.2292,1.7106,1.1921,0.6747,2.6479,2.942,3.2282,3.4488,3.507,3.5637,3.5933,3.6229,3.6501,3.6769,3.7034,3.7298,3.7562
4.3067,4.2211,4.1361,4.052,3.9677,3.8828,3.7978,3.7128,3.6278,3.5427,3.4577,3.3644,3.2657,3.17,1.3078,1.2361,1.2171,1.1986,1.189,1.1794,1.1705,1.1618,1.1532,1.1446,1.136
1.3835,1.4581,1.532,1.6051,1.6785,1.7524,1.8264,1.9004,1.9744,2.0484,2.1224,2.2035,2.2894,0.8333,0.9144,0.9769,0.9934,1.0094,1.0178,1.0262,1.0339,1.0415,1.049,1.0565,1.064
6.1993,6.0759,5.9536,5.7561,5.137,4.518,3.899,3.28,2.661,2.042,2.4308,2.2966,2.1545,2.0167,1.8825,1.7792,1.7519,1.7254,1.7115,1.6976,1.6849,1.6723,1.6599,1.6475,1.6352
10.0,10.0,10.0,10.0,10.0,10.0,10.0,10.0,10.0,10.0,10.0,10.0,10.0,10.0,10.0,10.0,10.0,10.0,10.0,3.3437,3.7794,4.2859,4.7923,5.2987,5.8052
1.8106,1.9081,2.0049,2.1006,2.1966,2.2934,2.3901,2.487,2.5838,2.486,1.7324,0.9805,0.31,1.0906,1.1967,1.2784,1.3,1.321,1.332,1.343,1.3531,1.363,1.3728,1.3826,1.3924
3.6799,3.6066,3.534,3.4622,3.3902,3.3176,3.245,3.1724,3.0997,3.027,2.9544,2.8747,2.7904,1.1971,1.1175,1.0561,1.0399,1.0242,1.0159,1.0077,1.0001,0.9927,0.9853,0.978,0.9706
1.8751,1.9761,2.0763,2.1755,2.2749,2.3751,2.4753,2.5756,2.6759,2.7762,2.8765,2.9864,3.1029,0.434,1.0762,1.324,1.3463,1.3681,1.3795,1.3908,1.4013,1.4115,1.4217,1.4319,1.442
6.1467,5.6471,5.1473,4.6474,4.1475,3.6478,3.148,10.0,10.0,10.0,10.0,10.0,10.0,10.0,10.0,10.0,10.0,10.0,10.0,10.0,10.0,10.0,10.0,10.0,10.0
5.9041,5.7867,5.6702,5.555,5.4394,5.3229,5.2065,5.0899,4.9733,4.8567,4.7401,4.6123,4.477,4.3458,0.9846,1.5876,1.6685,1.6432,1.63,1.6168,1.6047,1.5927,1.5809,1.5691,1.5573
1.3756,1.4497,1.5232,1.5959,1.6689,1.7424,1.8159,1.8895,1.963,2.0366,2.1102,2.1909,0.9777,0.8286,0.9092,0.9713,0.9877,1.0037,1.012,1.0203,1.028,1.0355,1.043,1.0504,1.0579
4.4173,4.3294,4.2422,4.156,4.0696,3.9824,3.8953,3.8081,3.7209,2.9774,2.0749,1.1743,1.5352,1.437,1.3414,1.2678,1.2483,1.2294,1.2195,1.2096,1.2005,1.1916,1.1828,1.1739,1.1651
5.6342,5.9378,6.2389,6.5368,6.8355,7.1366,7.4377,7.739,8.0404,8.3418,8.6432,8.9736,9.3234,9.6627,9.9929,10.0,10.0,2.318,2.8374,3.3568,3.8762,4.2414,4.272,4.3025,4.333
2.8459,2.9993,3.1514,3.3018,3.4527,3.6048,3.577,3.0091,2.4412,1.8734,1.3055,0.7389,1.5428,1.7142,1.881,2.0095,2.0434,2.0764,2.0937,2.1109,2.1268,2.1424,2.1578,2.1732,2.1886
3.8945,3.817,3.7402,3.6642,3.5879,3.5111,3.4343,3.3574,3.2805,3.2036,3.1267,3.0424,2.9531,0.7523,1.1826,1.1177,1.1006,1.0839,1.0752,1.0665,1.0585,1.0506,1.0428,1.035,1.0272
1.4829,1.5628,1.642,1.7204,1.7991,1.8783,1.9575,2.0369,2.1162,2.1955,2.2748,2.3618,2.4539,0.6131,0.9801,1.047,1.0647,1.0819,1.0909,1.0999,1.1082,1.1163,1.1244,1.1324,1.1404
6.7189,6.1727,5.6264,5.08,4.5336,3.9873,3.441,2.8947,3.9104,3.7315,3.5526,3.3564,3.1488,2.9474,2.7514,2.6003,2.5605,2.5216,2.5014,2.4811,2.4624,2.4441,2.426,2.4079,2.3898
10.0,10.0,10.0,10.0,10.0,10.0,10.0,10.0,9.7799,9.5506,9.3213,9.07,8.8039,8.5458,8.2946,8.1011,1.842,2.3737,2.9056,3.1794,3.1555,3.132,3.1088,3.0856,3.0624
1.5553,1.6392,1.7223,1.8045,1.887,1.9701,2.0532,2.1364,2.2196,2.3028,2.3668,1.3395,0.3138,0.9368,1.028,1.0982,1.1167,1.1348,1.1442,1.1537,1.1623,1.1709,1.1793,1.1877,1.1961
3.7898,3.7144,3.6396,3.5656,3.4915,3.4167,3.3419,3.2671,3.1923,3.1174,3.0426,2.7857,0.7982,1.2328,1.1508,1.0877,1.071,1.0548,1.0463,1.0378,1.03,1.0223,1.0147,1.0072,0.9996
2.4318,2.5628,2.6928,2.8214,2.9503,3.0802,3.2102,3.3403,3.4703,3.6004,3.7305,3.8731,4.0241,4.1705,0.8966,1.4999,1.7461,1.7743,1.789,1.8038,1.8173,1.8306,1.8439,1.857,1.8702
6.2103,5.7055,5.2005,4.6955,4.1904,3.6855,3.1805,2.6756,2.1707,1.6657,1.1608,4.4347,5.0083,5.5645,6.106,6.5231,6.6332,6.7405,6.7965,6.8525,6.904,6.9546,7.0048,7.0548,7.1047
4.7465,4.6521,4.5584,4.4658,4.3729,4.2793,4.1856,4.0919,3.9982,3.9044,3.8107,3.708,3.5992,3.4937,1.1802,1.3623,1.3414,1.321,1.3104,1.2998,1.29,1.2804,1.2709,1.2614,1.252
1.3636,1.4371,1.51,1.5821,1.6544,1.7273,1.8001,1.8731,1.946,2.019,2.0919,2.1719,2.2565,0.8214,0.9013,0.9629,0.9791,0.9949,1.0032,1.0115,1.0191,1.0265,1.034,1.0413,1.0487
5.3037,5.1982,5.0935,4.99,4.8862,4.7816,4.379,3.6838,2.9886,2.2934,1.5982,1.9648,1.8432,1.7253,1.6106,1.5222,1.4989,1.4761,1.4642,1.4524,1.4415,1.4307,1.4201,1.4095,1.3989
10.0,10.0,10.0,10.0,10.0,10.0,10.0,10.0,10.0,10.0,10.0,10.0,10.0,10.0,10.0,10.0,10.0,10.0,2.8544,3.2645,3.7696,4.2747,4.7798,5.285,5.7901
2.0785,2.1905,2.3016,2.4115,2.5217,2.6327,2.7438,2.855,2.8438,2.1823,1.5208,0.8607,1.1268,1.2519,1.3738,1.4676,1.4924,1.5165,1.5291,1.5417,1.5533,1.5647,1.576,1.5872,1.5985
3.7138,3.6399,3.5666,3.4941,3.4214,3.3482,3.2749,3.2016,3.1283,3.0549,2.9816,2.9012,2.8161,1.2081,1.1278,1.0659,1.0495,1.0336,1.0253,1.017,1.0093,1.0018,0.9944,0.987,0.9796
1.6819,1.7725,1.8624,1.9513,2.0405,2.1304,2.2202,2.3102,2.4002,2.4901,2.5801,2.6787,2.7832,0.4178,1.1116,1.1876,1.2076,1.2271,1.2373,1.2475,1.2569,1.2661,1.2753,1.2844,1.2934
6.2775,5.7672,5.2568,4.7462,4.2358,3.7253,3.2149,2.7769,7.9267,7.564,7.2014,6.8038,6.3828,5.9746,5.5772,5.2711,5.1903,5.1116,5.0705,5.0294,4.9916,4.9545,4.9176,4.8809,4.8443
7.1871,7.0441,6.9023,6.762,6.6214,6.4796,6.3378,6.1959,6.054,5.9121,5.7701,5.6146,5.4498,5.2901,5.1346,1.4508,2.0311,2.0003,1.9842,1.9681,1.9533,1.9388,1.9244,1.91,1.8957
1.422,1.4987,1.5747,1.6498,1.7252,1.8012,1.8772,1.9533,2.0293,2.1054,2.1815,2.2649,0.5334,0.8565,0.9399,1.0041,1.021,1.0375,1.0462,1.0548,1.0627,1.0705,1.0782,1.0859,1.0936
4.1037,4.0221,3.9411,3.861,3.7807,3.6997,3.6188,3.5378,3.4567,3.3757,2.634,1.4908,1.4262,1.335,1.2462,1.1778,1.1597,1.1421,1.133,1.1238,1.1153,1.107,1.0988,1.0906,1.0824
3.6991,3.8985,4.0962,4.2917,4.4879,4.6855,4.8832,5.0811,5.2789,5.4768,5.6747,5.8916,6.1213,6.344,6.5608,1.3397,1.8833,2.4268,2.7214,2.7438,2.7644,2.7847,2.8048,2.8248,2.8448
3.8269,4.0332,4.2377,4.44,4.4439,3.9084,3.373,2.8375,2.302,1.7665,1.231,0.6967,2.0747,2.3051,2.5294,2.7022,2.7478,2.7922,2.8154,2.8386,2.86,2.8809,2.9017,2.9224,2.9431
4.1322,4.05,3.9685,3.8879,3.807,3.7255,3.644,3.5624,3.4808,3.3992,3.3176,3.2281,3.1334,3.0416,1.2548,1.186,1.1678,1.1501,1.1408,1.1316,1.1231,1.1147,1.1064,1.0982,1.0899
1.4176,1.494,1.5698,1.6448,1.7199,1.7957,1.8714,1.9473,2.0231,2.0989,2.1748,2.2579,2.3459,0.8539,0.937,1.001,1.0179,1.0343,1.0429,1.0515,1.0594,1.0672,1.0749,1.0826,1.0902
7.0405,6.6447,6.0567,5.4685,4.8803,4.2922,3.7041,3.1161,2.528,1.94,2.7606,2.6082,2.4468,2.2903,2.138,2.0207,1.9897,1.9595,1.9437,1.928,1.9135,1.8993,1.8851,1.8711,1.857
10.0,10.0,10.0,10.0,10.0,10.0,10.0,10.0,10.0,10.0,10.0,10.0,10.0,10.0,10.0,10.0,10.0,10.0,2.8138,3.3289,3.844,4.359,4.8741,5.2226,5.1834
1.701,1.7926,1.8835,1.9735,2.0637,2.1545,2.2454,2.3364,2.4274,2.5184,1.9276,1.0909,0.2913,1.0245,1.1242,1.201,1.2213,1.2411,1.2514,1.2617,1.2712,1.2805,1.2897,1.2989,1.3081
3.7156,3.6417,3.5684,3.4959,3.4232,3.3499,3.2766,3.2032,3.1298,3.0565,2.9831,2.9026,1.5046,1.2087,1.1283,1.0664,1.0501,1.0341,1.0258,1.0175,1.0098,1.0023,0.9949,0.9875,0.98
2.0522,2.1628,2.2724,2.3809,2.4897,2.5994,2.7091,2.8188,2.9286,3.0384,3.1482,3.2685,3.3959,3.5195,0.9981,1.449,1.4735,1.4973,1.5098,1.5222,1.5336,1.5449,1.556,1.5671,1.5782
6.1621,5.6612,5.1601,4.659,4.1579,3.6569,3.1558,2.6548,2.1538,1.6528,8.9321,8.9321,8.9321,8.9321,8.9321,8.9321,8.9321,8.9321,8.9321,8.9321,8.9321,8.9321,8.9321,8.9321,8.9321
5.3924,5.2851,5.1787,5.0735,4.968,4.8616,4.7552,4.6487,4.5423,4.4358,4.3293,4.2126,4.089,3.9691,1.0245,1.5476,1.5239,1.5008,1.4887,1.4767,1.4656,1.4547,1.4439,1.4331,1.4223
1.3691,1.4429,1.5161,1.5884,1.661,1.7342,1.8073,1.8806,1.9538,2.027,2.1003,2.1806,2.0816,0.8247,0.9049,0.9667,0.983,0.9989,1.0072,1.0155,1.0232,1.0307,1.0381,1.0455,1.0529
4.7129,4.6191,4.5261,4.4341,4.3419,4.2489,4.156,4.0629,3.4777,2.6687,1.8597,1.1006,1.6379,1.5331,1.4312,1.3526,1.3319,1.3117,1.3011,1.2906,1.2809,1.2714,1.2619,1.2525,1.2431
8.5211,8.9803,9.4357,9.8862,10.0,10.0,10.0,10.0,10.0,10.0,10.0,10.0,10.0,10.0,10.0,10.0,10.0,10.0,2.8033,3.3165,3.8296,4.3428,4.856,5.3691,5.8823
2.4903,2.6245,2.7576,2.8892,3.0212,3.1543,3.2874,3.1774,2.5778,1.9782,1.3785,0.7802,1.35,1.5,1.6459,1.7584,1.788,1.817,1.832,1.8471,1.861,1.8747,1.8882,1.9017,1.9151
3.8185,3.7425,3.6672,3.5926,3.5179,3.4426,3.3673,3.2919,3.2165,3.1411,3.0657,2.983,2.8955,0.9994,1.1596,1.0959,1.0791,1.0627,1.0542,1.0457,1.0378,1.0301,1.0224,1.0148,1.0072
1.5513,1.6349,1.7178,1.7999,1.8821,1.965,2.0479,2.1309,2.2139,2.2968,2.3798,2.4708,2.5671,0.5194,1.0253,1.0954,1.1139,1.1319,1.1413,1.1507,1.1593,1.1678,1.1763,1.1847,1.193
6.535,6.0037,5.4724,4.9409,4.4095,3.8781,3.3468,2.8155,4.8456,4.6239,4.4022,4.1592,3.9018,3.6523,3.4094,3.2222,3.1729,3.1247,3.0996,3.0745,3.0514,3.0287,3.0062,2.9837,2.9613
9.3855,9.1988,9.0136,8.8304,8.6467,8.4616,8.2764,8.0911,7.9058,7.7205,7.5351,7.332,7.1168,6.9082,6.7052,1.4087,1.9107,2.4622,2.5912,2.5702,2.5508,2.5319,2.513,2.4943,2.4756
1.4997,1.5806,1.6607,1.74,1.8195,1.8997,1.9798,2.06,2.1402,2.2205,2.3007,1.5883,0.3721,0.9033,0.9912,1.059,1.0768,1.0942,1.1033,1.1124,1.1208,1.129,1.1372,1.1453,1.1534
3.8998,3.8222,3.7453,3.6691,3.5928,3.5159,3.439,3.362,3.285,3.2079,3.1309,2.0882,1.3553,1.2686,1.1843,1.1193,1.1021,1.0854,1.0767,1.0679,1.0599,1.052,1.0442,1.0364,1.0286
2.7959,2.9465,3.096,3.2438,3.392,3.5414,3.6908,3.8404,3.9899,4.1395,4.2891,4.453,4.6266,4.7949,0.8564,1.4327,2.0075,2.0399,2.0569,2.0738,2.0894,2.1047,2.1199,2.1351,2.1502
5.9874,5.8267,5.3111,4.7953,4.2795,3.7638,3.2481,2.7325,2.2168,1.7011,1.1855,0.6709,3.2459,3.6064,3.9573,4.2277,4.299,4.3686,4.4048,4.4411,4.4745,4.5073,4.5398,4.5722,4.6046
4.4863,4.3971,4.3086,4.221,4.1332,4.0447,3.9562,3.8676,3.779,3.6905,3.6019,3.5047,3.4019,3.3022,1.3259,1.2876,1.2679,1.2486,1.2386,1.2286,1.2193,1.2103,1.2013,1.1923,1.1833
1.3825,1.457,1.5308,1.6039,1.6772,1.7511,1.825,1.8989,1.9729,2.0468,2.1208,2.2018,2.2877,0.8327,0.9137,0.9761,0.9926,1.0087,1.0171,1.0254,1.0331,1.0407,1.0482,1.0557,1.0632
5.8512,5.7348,5.6194,5.5052,5.388,4.7388,4.0895,3.4403,2.791,2.1418,1.4932,2.1676,2.0335,1.9035,1.7769,1.6793,1.6536,1.6285,1.6154,1.6023,1.5903,1.5784,1.5667,1.555,1.5433
10.0,10.0,10.0,10.0,10.0,10.0,10.0,10.0,10.0,10.0,10.0,10.0,10.0,10.0,10.0,10.0,10.0,2.3076,2.7774,3.2858,3.7942,4.3026,4.811,5.3194,5.8278
1.914,2.0171,2.1194,2.2206,2.3221,2.4244,2.5266,2.629,2.7314,2.372,1.653,0.9355,0.3277,1.1529,1.265,1.3514,1.3743,1.3965,1.4081,1.4197,1.4304,1.4408,1.4512,1.4616,1.4719
3.7112,3.6374,3.5642,3.4918,3.4191,3.3459,3.2727,3.1994,3.1261,3.0529,2.9796,2.8992,2.8142,1.2073,1.127,1.0651,1.0488,1.0329,1.0246,1.0163,1.0087,1.0012,0.9937,0.9863,0.9789
1.8052,1.9025,1.9989,2.0944,2.1901,2.2865,2.383,2.4796,2.5761,2.6727,2.7693,2.8751,2.9872,0.4178,1.1482,1.2746,1.2961,1.3171,1.328,1.339,1.349,1.3589,1.3687,1.3785,1.3883
6.2278,5.7215,5.2151,4.7086,4.2022,3.6958,3.1895,2.6831,2.2567,7.8986,7.8986,7.8986,7.8986,7.8986,7.8986,7.8986,7.8986,7.8986,7.8986,7.8986,7.8986,7.8986,7.8986,7.8986,7.8986
6.3698,6.2431,6.1174,5.9931,5.8684,5.7428,5.6171,5.4913,5.3656,5.2398,5.114,4.9761,4.8301,4.6885,4.5507,1.5402,1.8001,1.7728,1.7586,1.7443,1.7312,1.7183,1.7056,1.6928,1.6801
1.4002,1.4757,1.5505,1.6246,1.6988,1.7736,1.8484,1.9233,1.9982,2.0731,2.148,2.2302,0.7452,0.8434,0.9255,0.9887,1.0054,1.0216,1.0301,1.0386,1.0464,1.0541,1.0617,1.0693,1.0768
4.3143,4.2284,4.1433,4.0591,3.9747,3.8896,3.8045,3.7193,3.6341,3.2578,2.2702,1.2849,1.4994,1.4035,1.3101,1.2382,1.2192,1.2007,1.1911,1.1814,1.1726,1.1638,1.1552,1.1466,1.138
4.719,4.9733,5.2255,5.475,5.7252,5.9774,6.2296,6.482,6.7344,6.9868,7.2393,7.516,7.809,8.0931,8.3697,8.5828,1.8399,2.371,2.9022,3.4335,3.5266,3.5525,3.5781,3.6036,3.6292
3.1724,3.3434,3.5129,3.6807,3.8489,4.0184,3.5147,2.9567,2.3987,1.8407,1.2828,0.726,1.7198,1.9109,2.0968,2.24,2.2778,2.3147,2.3339,2.3531,2.3708,2.3882,2.4054,2.4226,2.4398
4.0037,3.924,3.845,3.7669,3.6885,3.6096,3.5306,3.4515,3.3725,3.2934,3.2144,3.1277,3.0359,0.7543,1.2158,1.1491,1.1315,1.1143,1.1053,1.0964,1.0881,1.08,1.072,1.064,1.056
1.4651,1.5441,1.6224,1.6999,1.7775,1.8558,1.9341,2.0125,2.0909,2.1692,2.2476,2.3335,2.4245,0.7017,0.9684,1.0345,1.052,1.069,1.0779,1.0868,1.0949,1.103,1.1109,1.1188,1.1268
6.9447,6.3801,5.8155,5.2507,4.6859,4.1213,3.5566,2.992,2.4273,3.3807,3.2186,3.0409,2.8527,2.6703,2.4927,2.3559,2.3198,2.2846,2.2662,2.2478,2.2309,2.2144,2.1979,2.1815,2.1651
10.0,10.0,10.0,10.0,10.0,10.0,10.0,10.0,10.0,10.0,10.0,10.0,10.0,10.0,9.8899,9.6591,9.5982,2.3574,2.8856,3.4138,3.7624,3.7344,3.7066,3.679,3.6514
1.617,1.7042,1.7906,1.8761,1.9618,2.0482,2.1346,2.2211,2.3076,2.3941,2.1891,1.2389,0.2902,0.974,1.0688,1.1418,1.161,1.1798,1.1896,1.1994,1.2084,1.2173,1.2261,1.2348,1.2436
3.7822,3.707,3.6324,3.5585,3.4845,3.4099,3.3353,3.2606,3.1859,3.1113,3.0366,2.9547,0.8379,1.2304,1.1486,1.0855,1.0689,1.0527,1.0442,1.0357,1.028,1.0203,1.0127,1.0052,0.9976
2.2839,2.4069,2.529,2.6498,2.7708,2.8929,3.0149,3.1371,3.2593,3.3814,3.5036,3.6375,3.7793,3.9168,0.9382,1.5695,1.6398,1.6664,1.6802,1.6941,1.7068,1.7193,1.7317,1.7441,1.7564
6.2273,5.721,5.2147,4.7083,4.2019,3.6955,3.1892,2.6829,2.1766,1.6703,1.164,6.8233,7.3707,7.3707,7.3707,7.3707,7.3707,7.3707,7.3707,7.3707,7.3707,7.3707,7.3707,7.3707,7.3707
5.0034,4.9039,4.8051,4.7075,4.6096,4.5109,4.4122,4.3134,4.2146,4.1158,4.017,3.9087,3.794,3.6828,1.1217,1.436,1.414,1.3925,1.3813,1.3701,1.3598,1.3497,1.3397,1.3297,1.3197
1.3737,1.4477,1.5211,1.5938,1.6666,1.74,1.8134,1.8869,1.9604,2.0338,2.1073,2.1879,2.2732,0.8274,0.9079,0.97,0.9863,1.0023,1.0106,1.0189,1.0266,1.0341,1.0416,1.049,1.0564
5.0906,4.9893,4.8888,4.7895,4.6899,4.5894,4.489,3.9163,3.1772,2.4381,1.6991,1.8858,1.7692,1.656,1.5459,1.461,1.4386,1.4168,1.4054,1.394,1.3835,1.3732,1.363,1.3529,1.3427
10.0,10.0,10.0,10.0,10.0,10.0,10.0,10.0,10.0,10.0,10.0,10.0,10.0,10.0,10.0,10.0,10.0,2.2814,2.7925,3.3037,3.8149,4.326,4.8372,5.3484,5.8596
2.2322,2.3525,2.4718,2.5899,2.7082,2.8275,2.9468,3.0662,2.7521,2.1119,1.4717,0.8329,1.2101,1.3445,1.4754,1.5762,1.6028,1.6287,1.6422,1.6558,1.6682,1.6804,1.6926,1.7046,1.7167
3.7758,3.7007,3.6262,3.5525,3.4786,3.4041,3.3296,3.2551,3.1805,3.106,3.0314,2.9497,2.8631,1.2283,1.1466,1.0837,1.0671,1.0509,1.0424,1.034,1.0262,1.0186,1.011,1.0035,0.9959
1.6393,1.7276,1.8152,1.9019,1.9888,2.0764,2.164,2.2517,2.3394,2.4271,2.5148,2.6109,2.7127,0.4544,1.0835,1.1575,1.177,1.1961,1.206,1.2159,1.2251,1.234,1.243,1.2518,1.2607
6.4127,5.8914,5.37,4.8485,4.327,3.8056,3.2842,2.7628,2.2414,6.1203,5.8269,5.5052,5.1646,4.8342,4.5127,4.265,4.1997,4.1359,4.1027,4.0694,4.0389,4.0088,3.979,3.9493,3.9197
7.944,7.7859,7.6292,7.4741,7.3187,7.162,7.0053,6.8484,6.6915,6.5347,6.3778,6.2058,6.0238,5.8472,5.6753,1.4231,2.0004,2.2109,2.1932,2.1754,2.159,2.143,2.1271,2.1112,2.0953
1.4598,1.5385,1.6165,1.6937,1.7711,1.8491,1.9271,2.0052,2.0833,2.1614,2.2395,1.9649,0.4603,0.8793,0.9649,1.0308,1.0482,1.0651,1.074,1.0828,1.091,1.099,1.1069,1.1148,1.1227
4.0484,3.9679,3.888,3.809,3.7297,3.6499,3.57,3.4901,3.4101,3.3302,2.9766,1.6847,1.407,1.317,1.2294,1.1619,1.1441,1.1267,1.1177,1.1086,1.1003,1.0921,1.084,1.0759,1.0678
3.3127,3.4912,3.6683,3.8434,4.0191,4.1961,4.3731,4.5503,4.7275,4.9047,5.0819,5.2762,5.4819,5.6813,5.8755,1.3825,1.9435,2.417,2.4371,2.4572,2.4757,2.4938,2.5118,2.5297,2.5476
4.4688,4.7096,4.9485,4.9386,4.4074,3.8763,3.3452,2.8142,2.2831,1.752,1.2209,0.691,2.4226,2.6917,2.9536,3.1554,3.2086,3.2605,3.2876,3.3147,3.3396,3.3641,3.3884,3.4126,3.4367
4.2884,4.2031,4.1185,4.0348,3.9509,3.8663,3.7817,3.697,3.6123,3.5276,3.443,3.3501,3.2518,3.1565,1.3023,1.2308,1.2119,1.1935,1.1839,1.1744,1.1655,1.1569,1.1483,1.1397,1.1311
1.413,1.4892,1.5647,1.6394,1.7143,1.7898,1.8654,1.9409,2.0165,2.0921,2.1677,2.2506,2.3383,0.8511,0.9339,0.9977,1.0146,1.031,1.0396,1.0481,1.056,1.0637,1.0714,1.0791,1.0867
6.5747,6.4439,6.3142,5.7102,5.096,4.482,3.8679,3.2538,2.6398,2.0257,2.578,2.4356,2.2849,2.1388,1.9966,1.887,1.858,1.8299,1.8151,1.8004,1.7869,1.7736,1.7604,1.7473,1.7342
10.0,10.0,10.0,10.0,10.0,10.0,10.0,10.0,10.0,10.0,10.0,10.0,10.0,10.0,10.0,10.0,10.0,2.3023,2.8182,3.334,3.8499,4.3658,4.8816,5.3975,5.9134
1.7885,1.8848,1.9804,2.075,2.1698,2.2654,2.3609,2.4566,2.5523,2.6178,1.8243,1.0325,0.3062,1.0772,1.1821,1.2628,1.2841,1.3049,1.3157,1.3266,1.3366,1.3463,1.3561,1.3657,1.3754
3.7387,3.6644,3.5906,3.5176,3.4444,3.3707,3.2969,3.2231,3.1493,3.0755,3.0016,2.9207,2.835,1.2162,1.1353,1.073,1.0566,1.0406,1.0322,1.0238,1.0161,1.0086,1.0011,0.9936,0.9861
1.9631,2.0689,2.1738,2.2776,2.3817,2.4866,2.5915,2.6965,2.8015,2.9065,3.0115,3.1266,3.2485,0.4543,1.0577,1.3861,1.4095,1.4323,1.4442,1.4561,1.4671,1.4778,1.4885,1.4991,1.5097
6.229,5.7226,5.2162,4.7096,4.203,3.6966,3.1901,2.6836,2.1772,6.6524,6.6524,6.6524,6.6524,6.6524,6.6524,6.6524,6.6524,6.6524,6.6524,6.6524,6.6524,6.6524,6.6524,6.6524,6.6524
5.7682,5.6534,5.5396,5.427,5.3141,5.2004,5.0866,4.9727,4.8588,4.7449,4.631,4.5061,4.3739,4.2457,0.9888,1.6542,1.6301,1.6054,1.5925,1.5796,1.5677,1.556,1.5445,1.533,1.5214
1.3904,1.4653,1.5396,1.6131,1.6868,1.7611,1.8354,1.9098,1.9841,2.0585,2.1329,2.2144,1.2425,0.8375,0.9189,0.9817,0.9983,1.0144,1.0229,1.0313,1.039,1.0467,1.0542,1.0617,1.0692
4.5833,4.4921,4.4017,4.3123,4.2226,4.1322,4.0417,3.9512,3.7623,2.8871,2.0119,1.1387,1.5929,1.491,1.3918,1.3154,1.2953,1.2756,1.2654,1.2551,1.2457,1.2364,1.2272,1.2181,1.2089
6.5572,6.9106,7.261,7.6077,7.9553,8.3057,8.6561,9.0069,9.3576,9.7084,10.0,10.0,10.0,10.0,10.0,10.0,1.8661,2.3367,2.8602,3.3838,3.9074,4.4309,4.9545,5.0074,5.0428
2.7328,2.8801,3.0261,3.1706,3.3155,3.4615,3.6076,3.1108,2.5238,1.9367,1.3496,0.7638,1.4815,1.6461,1.8062,1.9296,1.9622,1.9939,2.0105,2.0271,2.0423,2.0573,2.0721,2.0869,2.1017
3.9148,3.837,3.7597,3.6833,3.6067,3.5295,3.4523,3.375,3.2976,3.2203,3.143,3.0583,2.9686,0.8417,1.1888,1.1236,1.1064,1.0896,1.0808,1.0721,1.064,1.0561,1.0482,1.0404,1.0326
1.528,1.6103,1.692,1.7727,1.8538,1.9354,2.017,2.0988,2.1805,2.2622,2.344,2.4336,2.5285,0.5809,1.0099,1.0789,1.0971,1.1148,1.1241,1.1334,1.1419,1.1502,1.1585,1.1668,1.1751
6.734,6.1866,5.6391,5.0914,4.5438,3.9963,3.4488,2.9012,2.3537,1.8327,3.8864,3.6718,3.4447,3.2244,3.0099,2.8447,2.8011,2.7586,2.7364,2.7143,2.6938,2.6738,2.6539,2.6341,2.6144
10.0,10.0,10.0,10.0,9.9345,9.7218,9.5091,9.2962,9.0832,8.8703,8.6574,8.4239,8.1768,7.9371,7.7038,7.5241,1.8923,2.4385,2.9771,2.9529,2.9307,2.9089,2.8873,2.8658,2.8443
1.5538,1.6376,1.7206,1.8028,1.8851,1.9682,2.0512,2.1343,2.2174,2.3005,2.3837,1.4439,0.3383,0.9359,1.027,1.0971,1.1157,1.1337,1.1431,1.1525,1.1612,1.1697,1.1782,1.1866,1.195
3.8822,3.8049,3.7283,3.6526,3.5766,3.5,3.4234,3.3468,3.2701,3.1934,3.1168,2.5024,0.8177,1.2629,1.1789,1.1142,1.0971,1.0805,1.0718,1.0631,1.0551,1.0473,1.0395,1.0317,1.024
2.5938,2.7336,2.8722,3.0093,3.1468,3.2854,3.4241,3.5628,3.7015,3.8403,3.979,4.1311,4.2922,4.4484,0.8925,1.4931,1.8624,1.8925,1.9082,1.9239,1.9384,1.9526,1.9667,1.9807,1.9947
6.3446,5.8288,5.3129,4.797,4.281,3.7652,3.2493,2.7334,2.2176,1.7017,1.1859,3.7202,4.2014,4.6681,5.1223,5.4722,5.5646,5.6546,5.7016,5.7485,5.7917,5.8342,5.8763,5.9182,5.9601
4.7062,4.6126,4.5197,4.4279,4.3358,4.2429,4.1501,4.0572,3.9642,3.8713,3.7784,3.6765,3.5686,3.464,1.2488,1.3507,1.33,1.3098,1.2993,1.2888,1.2791,1.2696,1.2601,1.2507,1.2413
1.3895,1.4644,1.5386,1.6121,1.6857,1.76,1.8342,1.9086,1.9829,2.0572,2.1315,2.213,2.2993,0.8369,0.9184,0.9811,0.9977,1.0138,1.0222,1.0306,1.0384,1.046,1.0535,1.0611,1.0686
5.5764,5.4655,5.3555,5.2466,5.1375,5.0079,4.3218,3.6356,2.9495,2.2634,1.5773,2.0658,1.938,1.8141,1.6934,1.6005,1.5759,1.552,1.5395,1.5271,1.5156,1.5043,1.4931,1.482,1.4709
10.0,10.0,10.0,10.0,10.0,10.0,10.0,10.0,10.0,10.0,10.0,10.0,10.0,10.0,10.0,10.0,1.7779,2.2911,2.8044,3.3178,3.8311,4.3445,4.8578,5.3712,5.8846
2.0401,2.1501,2.2591,2.3669,2.4751,2.5841,2.6931,2.8023,2.9114,2.2825,1.5906,0.9002,0.3493,1.2288,1.3484,1.4405,1.4648,1.4885,1.5009,1.5132,1.5246,1.5358,1.5469,1.5579,1.5689
3.7646,3.6897,3.6154,3.542,3.4683,3.394,3.3198,3.2454,3.1711,3.0968,3.0224,2.9409,2.8546,1.2247,1.1432,1.0805,1.0639,1.0478,1.0393,1.0309,1.0232,1.0156,1.008,1.0005,0.993
1.7513,1.8457,1.9393,2.0319,2.1248,2.2184,2.3119,2.4056,2.4993,2.593,2.6867,2.7894,2.8981,0.4073,1.1575,1.2366,1.2575,1.2778,1.2884,1.2991,1.3088,1.3184,1.3279,1.3374,1.3469
6.3467,5.8308,5.3147,4.7986,4.2825,3.7664,3.2504,2.7344,2.2183,1.7319,6.0617,6.0617,6.0617,6.0617,6.0617,6.0617,6.0617,6.0617,6.0617,6.0492,6.0038,5.9591,5.9148,5.8707,5.8266
6.9475,6.8092,6.6722,6.5366,6.4006,6.2636,6.1265,5.9893,5.8522,5.715,5.5778,5.4274,5.2681,5.1137,4.9634,1.5049,1.9634,1.9336,1.9181,1.9025,1.8882,1.8742,1.8602,1.8464,1.8325
1.4338,1.5111,1.5877,1.6635,1.7395,1.8161,1.8927,1.9694,2.0461,2.1228,2.1995,2.2836,0.6071,0.8636,0.9477,1.0124,1.0295,1.0461,1.0548,1.0635,1.0715,1.0794,1.0871,1.0949,1.1026
4.242,4.1576,4.0739,3.9912,3.9081,3.8245,3.7408,3.657,3.5733,3.4895,2.5172,1.4247,1.4743,1.38,1.2882,1.2175,1.1988,1.1806,1.1711,1.1617,1.1529,1.1443,1.1358,1.1274,1.1189
4.0916,4.3121,4.5308,4.7471,4.964,5.1826,5.4013,5.6201,5.839,6.0579,6.2767,6.5167,6.7707,7.0171,7.2569,1.3715,1.8934,2.4399,2.9865,3.0349,3.0577,3.0801,3.1024,3.1245,3.1466
3.598,3.7919,3.9842,4.1744,4.3652,4.0275,3.4757,2.9239,2.3721,1.8203,1.2685,0.718,1.9505,2.1672,2.3781,2.5405,2.5834,2.6252,2.647,2.6688,2.6889,2.7086,2.7281,2.7476,2.767
4.1417,4.0593,3.9776,3.8967,3.8157,3.734,3.6523,3.5705,3.4887,3.4069,3.3251,3.2355,3.1405,0.7803,1.2577,1.1887,1.1705,1.1527,1.1434,1.1342,1.1256,1.1173,1.109,1.1007,1.0924
1.4566,1.5351,1.6129,1.6899,1.7672,1.845,1.9228,2.0007,2.0787,2.1566,2.2345,2.3199,2.4103,0.823,0.9627,1.0285,1.0458,1.0628,1.0716,1.0804,1.0885,1.0965,1.1044,1.1123,1.1202
7.2247,6.6374,6.05,5.4624,4.8749,4.2875,3.7001,3.1126,2.5252,1.9378,2.9631,2.7995,2.6263,2.4583,2.2948,2.1688,2.1356,2.1032,2.0863,2.0694,2.0538,2.0386,2.0234,2.0083,1.9932
10.0,10.0,10.0,10.0,10.0,10.0,10.0,10.0,10.0,10.0,10.0,10.0,10.0,10.0,10.0,10.0,1.8278,2.3554,2.8832,3.4109,3.9387,4.4664,4.6001,4.5658,4.5315
1.6927,1.7839,1.8744,1.9639,2.0536,2.1441,2.2345,2.3251,2.4156,2.5062,2.0503,1.1604,0.2898,1.0196,1.1188,1.1952,1.2154,1.235,1.2453,1.2556,1.265,1.2743,1.2835,1.2926,1.3018
3.7971,3.7216,3.6467,3.5726,3.4982,3.4233,3.3484,3.2735,3.1985,3.1235,3.0485,2.9663,1.1703,1.2352,1.1531,1.0898,1.0731,1.0568,1.0483,1.0398,1.032,1.0243,1.0167,1.0091,1.0015
2.1675,2.2843,2.4002,2.5148,2.6297,2.7455,2.8613,2.9773,3.0932,3.2091,3.3251,3.4522,3.5868,3.7173,0.989,1.5305,1.5563,1.5815,1.5946,1.6077,1.6198,1.6317,1.6435,1.6552,1.6669
6.281,5.7704,5.2597,4.7489,4.2381,3.7274,3.2167,2.706,2.1954,1.6847,5.7459,5.7459,5.7459,5.7459,5.7459,5.7459,5.7459,5.7459,5.7459,5.7459,5.7459,5.7459,5.7459,5.7459,5.7459
5.3163,5.2106,5.1057,5.0019,4.8979,4.793,4.6881,4.5832,4.4782,4.3732,4.2682,4.1531,4.0313,3.9131,1.0759,1.5258,1.5024,1.4796,1.4677,1.4558,1.4449,1.4342,1.4235,1.4129,1.4023
1.3919,1.4669,1.5413,1.6149,1.6887,1.7631,1.8375,1.9119,1.9864,2.0608,2.1353,2.2169,2.3033,0.8384,0.92,0.9828,0.9994,1.0156,1.024,1.0325,1.0402,1.0478,1.0554,1.0629,1.0705
4.9258,4.8278,4.7306,4.6345,4.5381,4.4409,4.3438,4.2005,3.4078,2.6151,1.8224,1.1504,1.7119,1.6024,1.4958,1.4137,1.3921,1.3709,1.3599,1.3489,1.3388,1.3288,1.3189,1.3091,1.2993
10.0,10.0,10.0,10.0,10.0,10.0,10.0,10.0,10.0,10.0,10.0,10.0,10.0,10.0,10.0,10.0,1.8022,2.3223,2.8427,3.363,3.8834,4.4037,4.9241,5.4444,5.6552
2.4218,2.5523,2.6818,2.8098,2.9382,3.0676,3.197,3.3074,2.6832,2.0591,1.4349,0.8121,1.3129,1.4587,1.6007,1.71,1.7389,1.767,1.7817,1.7964,1.8099,1.8231,1.8363,1.8494,1.8625
3.8617,3.7849,3.7087,3.6333,3.5577,3.4816,3.4054,3.3291,3.2529,3.1766,3.1004,3.0168,2.9283,1.1636,1.1727,1.1083,1.0913,1.0748,1.0661,1.0575,1.0496,1.0417,1.034,1.0263,1.0186
1.6089,1.6956,1.7816,1.8667,1.952,2.038,2.1239,2.21,2.2961,2.3821,2.4682,2.5625,2.6624,0.5001,1.0634,1.1361,1.1552,1.1739,1.1837,1.1934,1.2024,1.2112,1.2199,1.2286,1.2373
6.5905,6.0548,5.5189,4.9829,4.447,3.9111,3.3752,2.8394,2.3036,1.7677,4.9348,4.6623,4.3739,4.0941,3.8218,3.6121,3.5567,3.5027,3.4746,3.4464,3.4205,3.3951,3.3698,3.3447,3.3196
8.9148,8.7375,8.5616,8.3876,8.2131,8.0373,7.8614,7.6854,7.5094,7.3333,7.1573,6.9643,6.76,6.5618,6.3689,1.4051,1.9752,2.4812,2.4612,2.4413,2.4229,2.4049,2.387,2.3692,2.3514
1.508,1.5893,1.6699,1.7496,1.8295,1.9101,1.9907,2.0714,2.152,2.2327,2.3134,1.7418,0.4081,0.9083,0.9967,1.0648,1.0828,1.1003,1.1094,1.1186,1.127,1.1352,1.1434,1.1516,1.1597
4.0193,3.9393,3.86,3.7816,3.7029,3.6236,3.5443,3.465,3.3856,3.3062,3.2269,1.9434,1.3968,1.3075,1.2205,1.1535,1.1359,1.1186,1.1096,1.1006,1.0924,1.0843,1.0762,1.0682,1.0601
3.022,3.1849,3.3464,3.5062,3.6664,3.8279,3.9894,4.151,4.3127,4.4743,4.636,4.8132,5.0008,5.1828,0.8766,1.4359,2.0185,2.205,2.2233,2.2416,2.2584,2.275,2.2914,2.3078,2.3241
5.3833,5.6734,5.4584,4.9283,4.3982,3.8682,3.3382,2.8083,2.2783,1.7483,1.2184,0.6896,2.9184,3.2426,3.5581,3.8011,3.8653,3.9278,3.9604,3.9931,4.0231,4.0526,4.0818,4.1109,4.14
4.4805,4.3914,4.303,4.2155,4.1279,4.0395,3.9511,3.8626,3.7741,3.6857,3.5972,3.5002,3.3975,3.2979,1.3606,1.2859,1.2662,1.247,1.237,1.227,1.2177,1.2087,1.1997,1.1907,1.1818
1.417,1.4933,1.5691,1.644,1.7191,1.7948,1.8706,1.9464,2.0221,2.0979,2.1737,2.2568,2.3448,0.8535,0.9365,1.0005,1.0174,1.0339,1.0425,1.051,1.0589,1.0667,1.0744,1.0821,1.0897
6.2102,6.0866,5.9641,5.8429,5.3594,4.7136,4.0678,3.422,2.7762,2.1304,1.5427,2.3006,2.1583,2.0202,1.8859,1.7824,1.755,1.7284,1.7145,1.7006,1.6878,1.6753,1.6628,1.6504,1.638
10.0,10.0,10.0,10.0,10.0,10.0,10.0,10.0,10.0,10.0,10.0,10.0,10.0,10.0,10.0,10.0,1.8001,2.3196,2.8394,3.3591,3.8789,4.3986,4.9184,5.3794,5.3794
1.895,1.9971,2.0984,2.1986,2.299,2.4003,2.5016,2.6029,2.7043,2.5018,1.7434,0.9867,0.3245,1.1414,1.2525,1.338,1.3606,1.3826,1.3941,1.4056,1.4162,1.4265,1.4368,1.4471,1.4573
3.7843,3.709,3.6344,3.5605,3.4864,3.4118,3.3371,3.2624,3.1877,3.113,3.0382,2.9563,2.8696,1.2311,1.1492,1.0861,1.0695,1.0532,1.0448,1.0363,1.0285,1.0209,1.0133,1.0057,0.9982
1.8941,1.9962,2.0974,2.1976,2.298,2.3992,2.5004,2.6017,2.7031,2.8044,2.9057,3.0168,3.1344,0.4384,1.1305,1.3374,1.36,1.382,1.3935,1.405,1.4155,1.4259,1.4362,1.4464,1.4567
6.334,5.8191,5.3041,4.789,4.2739,3.7589,3.2439,2.7289,2.2139,1.6989,5.2998,5.2998,5.2998,5.2998,5.2998,5.2998,5.2998,5.2998,5.2998,5.2998,5.2998,5.2998,5.2998,5.2998,5.2998
6.2293,6.1054,5.9825,5.8609,5.739,5.6161,5.4932,5.3702,5.2472,5.1242,5.0012,4.8663,4.7235,4.5851,1.0388,1.609,1.7604,1.7337,1.7198,1.7058,1.693,1.6804,1.6679,1.6555,1.6431
1.4204,1.4969,1.5728,1.6479,1.7232,1.7991,1.875,1.951,2.027,2.103,2.179,2.2622,0.8955,0.8555,0.9388,1.0029,1.0198,1.0363,1.045,1.0536,1.0615,1.0693,1.077,1.0847,1.0923
4.4898,4.4004,4.3119,4.2242,4.1364,4.0478,3.9592,3.8706,3.7819,3.1584,2.201,1.2457,1.5604,1.4606,1.3634,1.2886,1.2688,1.2496,1.2395,1.2295,1.2202,1.2112,1.2022,1.1932,1.1842
5.3793,5.6692,5.9567,6.2411,6.5263,6.8138,7.1012,7.389,7.6767,7.9645,8.2522,8.5677,8.9017,9.2256,9.5409,9.7837,1.8613,2.3986,2.936,3.4734,4.0108,4.0495,4.0788,4.1079,4.137
3.0401,3.2039,3.3664,3.5271,3.6883,3.8507,3.6452,3.0665,2.4878,1.9091,1.3304,0.753,1.6481,1.8311,2.0093,2.1466,2.1828,2.2181,2.2365,2.2549,2.2719,2.2885,2.3051,2.3215,2.3379
4.0386,3.9582,3.8786,3.7997,3.7207,3.641,3.5614,3.4816,3.4019,3.3221,3.2424,3.155,3.0624,0.7608,1.2264,1.1591,1.1413,1.124,1.115,1.1059,1.0976,1.0895,1.0814,1.0733,1.0652
1.5148,1.5964,1.6774,1.7575,1.8378,1.9187,1.9997,2.0807,2.1617,2.2428,2.3238,2.4126,2.5067,0.6613,1.0012,1.0696,1.0876,1.1052,1.1144,1.1236,1.132,1.1403,1.1486,1.1568,1.165
6.9836,6.4159,5.8481,5.2801,4.7122,4.1444,3.5766,3.0088,2.441,1.8731,3.5067,3.3131,3.1081,2.9093,2.7158,2.5667,2.5274,2.4891,2.469,2.449,2.4306,2.4126,2.3946,2.3768,2.3589
10.0,10.0,10.0,10.0,10.0,10.0,10.0,10.0,10.0,10.0,10.0,9.9258,9.6345,9.3521,9.0772,8.8655,1.8859,2.4303,2.9748,3.4794,3.4532,3.4276,3.4021,3.3767,3.3513
1.6206,1.7079,1.7945,1.8802,1.9661,2.0527,2.1393,2.226,2.3127,2.3994,2.3565,1.3337,0.3124,0.9761,1.0711,1.1443,1.1636,1.1824,1.1923,1.2021,1.2111,1.22,1.2288,1.2376,1.2463
3.8885,3.8111,3.7344,3.6585,3.5824,3.5057,3.429,3.3522,3.2754,3.1986,3.1219,3.0377,0.819,1.265,1.1808,1.116,1.0989,1.0822,1.0735,1.0648,1.0568,1.049,1.0412,1.0334,1.0256
2.4368,2.5681,2.6983,2.8271,2.9563,3.0865,3.2168,3.3471,3.4774,3.6078,3.7381,3.881,4.0323,4.1791,0.9367,1.567,1.7496,1.7779,1.7927,1.8075,1.821,1.8344,1.8476,1.8608,1.874
6.3854,5.8663,5.3471,4.8278,4.3085,3.7894,3.2702,2.751,2.2318,1.7127,1.1935,5.0568,5.0568,5.0568,5.0568,5.0568,5.0568,5.0568,5.0568,5.0568,5.0568,5.0568,5.0568,5.0568,5.0568
4.9739,4.875,4.7768,4.6798,4.5824,4.4843,4.3862,4.288,4.1898,4.0915,3.9933,3.8856,3.7716,3.6611,1.1885,1.4275,1.4057,1.3843,1.3732,1.3621,1.3518,1.3418,1.3318,1.3219,1.3119
1.4049,1.4806,1.5557,1.63,1.7045,1.7796,1.8547,1.9298,2.005,2.0801,2.1553,2.2376,2.3249,0.8462,0.9286,0.992,1.0088,1.0251,1.0336,1.0421,1.0499,1.0576,1.0653,1.0729,1.0805
5.3634,5.2567,5.1509,5.0462,4.9413,4.8355,4.6045,3.8735,3.1425,2.4115,1.6805,1.9869,1.864,1.7448,1.6287,1.5393,1.5157,1.4927,1.4807,1.4687,1.4577,1.4469,1.4361,1.4254,1.4147
10.0,10.0,10.0,10.0,10.0,10.0,10.0,10.0,10.0,10.0,10.0,10.0,10.0,10.0,10.0,10.0,1.806,2.3273,2.8487,3.3702,3.8916,4.4131,4.9346,4.9864,4.9864
2.1943,2.3126,2.4299,2.5459,2.6622,2.7795,2.8967,3.0141,2.8859,2.2146,1.5433,0.8735,1.1896,1.3217,1.4503,1.5494,1.5756,1.601,1.6143,1.6276,1.6399,1.6519,1.6638,1.6757,1.6876
3.8418,3.7654,3.6896,3.6146,3.5394,3.4636,3.3878,3.312,3.2361,3.1603,3.0844,3.0012,2.9132,1.2498,1.1666,1.1026,1.0857,1.0692,1.0606,1.0521,1.0441,1.0364,1.0287,1.021,1.0133
1.712,1.8043,1.8958,1.9863,2.0771,2.1686,2.26,2.3516,2.4432,2.5348,2.6264,2.7268,2.8331,0.4432,1.1316,1.2089,1.2293,1.2491,1.2595,1.2699,1.2794,1.2888,1.2981,1.3074,1.3166
6.5074,5.9784,5.4493,4.9201,4.3909,3.8618,3.3327,2.8036,2.2745,1.7454,4.918,4.918,4.918,4.918,4.918,4.918,4.8933,4.8191,4.7803,4.7416,4.706,4.671,4.6362,4.6016,4.5671
7.6718,7.5192,7.3678,7.2181,7.068,6.9166,6.7653,6.6138,6.4623,6.3108,6.1593,5.9932,5.8174,5.6469,5.4809,1.4809,2.0817,2.1352,2.118,2.1009,2.0851,2.0696,2.0542,2.0389,2.0236
1.4773,1.5569,1.6358,1.7139,1.7923,1.8712,1.9501,2.0292,2.1082,2.1872,2.2662,2.2071,0.517,0.8898,0.9764,1.0431,1.0607,1.0779,1.0868,1.0958,1.104,1.1121,1.1201,1.1281,1.1361
4.1992,4.1157,4.0329,3.9509,3.8687,3.7859,3.703,3.6201,3.5372,3.4543,2.8349,1.6045,1.4594,1.366,1.2752,1.2052,1.1867,1.1687,1.1593,1.1499,1.1413,1.1328,1.1244,1.116,1.1076
3.6424,3.8387,4.0333,4.2259,4.419,4.6136,4.8083,5.0031,5.1979,5.3928,5.5876,5.8012,6.0274,6.2467,6.4602,1.3949,1.9608,2.5268,2.6796,2.7017,2.722,2.742,2.7618,2.7815,2.8012
4.1677,4.3923,4.6151,4.8354,4.558,4.0088,3.4595,2.9103,2.3611,1.8118,1.2626,0.7146,2.2594,2.5103,2.7546,2.9428,2.9925,3.0409,3.0661,3.0914,3.1146,3.1374,3.1601,3.1826,3.2052
4.3128,4.227,4.1419,4.0577,3.9733,3.8882,3.8031,3.718,3.6328,3.5477,3.4625,3.3691,3.2703,3.1744,1.3097,1.2378,1.2188,1.2003,1.1907,1.181,1.1721,1.1634,1.1548,1.1462,1.1376
1.4572,1.5358,1.6137,1.6907,1.768,1.8458,1.9237,2.0016,2.0796,2.1575,2.2355,2.321,2.4114,0.8777,0.9632,1.0289,1.0463,1.0632,1.0721,1.0809,1.089,1.097,1.1049,1.1128,1.1207
7.0551,6.9147,6.3376,5.7221,5.1067,4.4913,3.876,3.2606,2.6453,2.0299,1.4146,2.6136,2.4519,2.2951,2.1424,2.0249,1.9938,1.9636,1.9478,1.932,1.9175,1.9032,1.8891,1.875,1.8609
10.0,10.0,10.0,10.0,10.0,10.0,10.0,10.0,10.0,10.0,10.0,10.0,10.0,10.0,10.0,1.3631,1.8376,2.368,2.8985,3.4291,3.9597,4.4903,4.7707,4.7707,4.7707
1.785,1.8812,1.9765,2.0709,2.1656,2.2609,2.3563,2.4518,2.5473,2.6428,1.9424,1.0994,0.3056,1.0751,1.1798,1.2603,1.2816,1.3024,1.3132,1.324,1.3339,1.3437,1.3534,1.3631,1.3727
3.8354,3.7591,3.6834,3.6086,3.5335,3.4579,3.3822,3.3065,3.2307,3.155,3.0793,2.9962,1.9245,1.2477,1.1647,1.1008,1.0839,1.0675,1.0589,1.0503,1.0424,1.0347,1.027,1.0193,1.0116
2.0774,2.1893,2.3003,2.4102,2.5203,2.6313,2.7423,2.8534,2.9646,3.0757,3.1868,3.3086,3.4376,0.4808,1.0507,1.4668,1.4916,1.5157,1.5283,1.5409,1.5525,1.5638,1.5751,1.5864,1.5976
6.3737,5.8556,5.3374,4.819,4.3007,3.7825,3.2642,2.746,2.2278,1.7096,4.708,4.708,4.708,4.708,4.708,4.708,4.708,4.708,4.708,4.708,4.708,4.708,4.708,4.708,4.708
5.698,5.5847,5.4723,5.3611,5.2495,5.1371,5.0247,4.9122,4.7997,4.6872,4.5747,4.4513,4.3207,4.1941,1.041,1.6354,1.6103,1.5859,1.5731,1.5604,1.5486,1.5371,1.5257,1.5143,1.5029
1.419,1.4955,1.5713,1.6463,1.7216,1.7974,1.8732,1.9491,2.025,2.1009,2.1768,2.2601,1.7027,0.8547,0.9379,1.002,1.0189,1.0353,1.0439,1.0525,1.0605,1.0682,1.0759,1.0836,1.0913
4.8044,4.7089,4.6141,4.5203,4.4263,4.3315,4.2367,4.1419,3.6911,2.8325,1.9739,1.122,1.6697,1.5629,1.459,1.3789,1.3578,1.3372,1.3264,1.3157,1.3058,1.2961,1.2864,1.2768,1.2672
7.8755,8.2999,8.7208,9.1371,9.5547,9.9755,10.0,10.0,10.0,10.0,10.0,10.0,10.0,10.0,10.0,1.3277,1.8458,2.3786,2.9115,3.4445,3.9774,4.5104,4.647,4.647,4.647
2.6576,2.8009,2.9429,3.0834,3.2243,3.3663,3.5083,3.2485,2.6355,2.0224,1.4094,0.7977,1.4408,1.6008,1.7565,1.8765,1.9082,1.9391,1.9552,1.9713,1.9861,2.0007,2.0151,2.0295,2.0439
3.9742,3.8952,3.8168,3.7392,3.6614,3.583,3.5046,3.4261,3.3477,3.2692,3.1907,3.1047,3.0136,0.9611,1.2069,1.1406,1.1231,1.1061,1.0972,1.0883,1.0801,1.0721,1.0641,1.0562,1.0483
1.5902,1.6759,1.7609,1.845,1.9293,2.0142,2.0992,2.1843,2.2693,2.3544,2.4395,2.5327,2.6314,0.5583,1.051,1.1228,1.1418,1.1602,1.1699,1.1795,1.1884,1.1971,1.2057,1.2143,1.2229
6.8166,6.2624,5.7082,5.1538,4.5995,4.0452,3.491,2.9368,2.3826,1.8283,1.3107,4.0808,3.8283,3.5835,3.3451,3.1615,3.1131,3.0658,3.0412,3.0166,2.9939,2.9716,2.9495,2.9275,2.9055
10.0,9.9851,9.7841,9.5853,9.3859,9.1849,8.9839,8.7828,8.5816,8.3804,8.1793,7.9587,7.7252,7.4988,7.2783,1.3966,1.9633,2.53,2.8127,2.7899,2.7689,2.7483,2.7279,2.7075,2.6872
1.568,1.6525,1.7363,1.8192,1.9023,1.9861,2.0699,2.1538,2.2377,2.3215,2.4054,1.5777,0.3696,0.9445,1.0364,1.1072,1.1258,1.1441,1.1536,1.1631,1.1718,1.1804,1.1889,1.1974,1.2059
4.0163,3.9364,3.8571,3.7787,3.7001,3.6209,3.5417,3.4624,3.3831,3.3038,3.2245,2.3008,0.8459,1.3065,1.2196,1.1527,1.135,1.1178,1.1088,1.0998,1.0916,1.0834,1.0754,1.0674,1.0594
2.8009,2.9518,3.1015,3.2496,3.3981,3.5478,3.6975,3.8473,3.9971,4.1469,4.2968,4.461,4.6349,4.8036,0.8976,1.5016,2.0111,2.0436,2.0606,2.0776,2.0932,2.1085,2.1237,2.1389,2.154
6.5459,6.0138,5.4816,4.9492,4.4169,3.8846,3.3524,2.8202,2.288,1.7557,1.2235,0.739,3.6707,4.0784,4.4752,4.5153,4.5153,4.5153,4.5153,4.5153,4.5153,4.5153,4.5153,4.5153,4.5153
4.7151,4.6213,4.5283,4.4363,4.344,4.251,4.1579,4.0648,3.9717,3.8786,3.7855,3.6834,3.5754,3.4706,1.3367,1.3533,1.3325,1.3123,1.3018,1.2912,1.2815,1.272,1.2625,1.2531,1.2437
1.4298,1.5069,1.5833,1.6589,1.7347,1.8111,1.8875,1.964,2.0405,2.1169,2.1934,2.2773,2.3661,0.8612,0.945,1.0096,1.0266,1.0432,1.0519,1.0606,1.0685,1.0764,1.0841,1.0919,1.0996
5.9284,5.8105,5.6935,5.5778,5.4618,4.9956,4.3111,3.6267,2.9423,2.2579,1.5734,2.1962,2.0603,1.9286,1.8003,1.7015,1.6754,1.65,1.6367,1.6235,1.6113,1.5993,1.5874,1.5755,1.5637
10.0,10.0,10.0,10.0,10.0,10.0,10.0,10.0,10.0,10.0,10.0,10.0,10.0,10.0,10.0,1.2982,1.8249,2.3516,2.8785,3.4054,3.9323,4.4591,4.4591,4.4591,4.4591
2.0247,2.1338,2.242,2.3491,2.4564,2.5646,2.6728,2.7811,2.8894,2.4132,1.6817,0.9518,0.3467,1.2195,1.3382,1.4296,1.4538,1.4773,1.4895,1.5018,1.5131,1.5242,1.5352,1.5462,1.5571
3.8542,3.7775,3.7014,3.6262,3.5508,3.4748,3.3987,3.3226,3.2465,3.1704,3.0943,3.0109,2.9225,1.2538,1.1704,1.1062,1.0892,1.0727,1.0641,1.0554,1.0475,1.0397,1.032,1.0243,1.0166
1.8429,1.9423,2.0408,2.1382,2.2359,2.3344,2.4329,2.5314,2.63,2.7286,2.8272,2.9353,3.0497,0.4265,1.2181,1.3013,1.3233,1.3447,1.3558,1.367,1.3773,1.3874,1.3974,1.4073,1.4173
6.4809,5.954,5.4271,4.9,4.373,3.846,3.3191,2.7922,2.2652,1.7383,1.2584,4.4043,4.4043,4.4043,4.4043,4.4043,4.4043,4.4043,4.4043,4.4043,4.4043,4.4043,4.4043,4.4043,4.4043
6.7993,6.6641,6.5299,6.3972,6.2642,6.13,5.9959,5.8616,5.7274,5.5931,5.4588,5.3117,5.1558,5.0047,4.8576,1.5772,1.9215,1.8924,1.8772,1.862,1.848,1.8342,1.8206,1.807,1.7934
1.4602,1.5389,1.6169,1.6941,1.7715,1.8496,1.9276,2.0057,2.0838,2.1619,2.24,2.3257,0.7082,0.8795,0.9651,1.031,1.0484,1.0654,1.0742,1.0831,1.0912,1.0992,1.1072,1.1151,1.123
4.4301,4.342,4.2546,4.1681,4.0814,3.994,3.9067,3.8192,3.7317,3.4993,2.4385,1.3801,1.5396,1.4412,1.3453,1.2715,1.252,1.233,1.2231,1.2132,1.204,1.1951,1.1862,1.1774,1.1685
4.6064,4.8547,5.1009,5.3444,5.5886,5.8348,6.0809,6.3273,6.5737,6.8201,7.0666,7.3367,7.6227,7.9001,8.1701,1.3679,1.9229,2.4779,3.0331,3.4168,3.4425,3.4677,3.4928,3.5177,3.5426
3.4363,3.6215,3.8052,3.9868,4.169,4.1926,3.6182,3.0438,2.4694,1.8949,1.3205,0.7474,1.8629,2.0698,2.2712,2.4264,2.4673,2.5072,2.528,2.5489,2.568,2.5868,2.6055,2.6241,2.6427
4.1937,4.1103,4.0275,3.9457,3.8636,3.7809,3.6982,3.6154,3.5325,3.4497,3.3669,3.2761,3.18,0.7901,1.2735,1.2036,1.1852,1.1672,1.1578,1.1484,1.1398,1.1313,1.1229,1.1145,1.1062
1.5118,1.5933,1.6741,1.754,1.8342,1.9149,1.9957,2.0766,2.1575,2.2383,2.3192,2.4079,2.5017,0.7693,0.9992,1.0675,1.0855,1.1031,1.1122,1.1214,1.1298,1.1381,1.1463,1.1545,1.1627
7.2919,6.6991,6.1062,5.5132,4.9202,4.3273,3.7345,3.1416,2.5487,1.9558,1.363,3.0443,2.8559,2.6733,2.4955,2.3585,2.3224,2.2871,2.2687,2.2503,2.2334,2.2168,2.2003,2.1839,2.1675
10.0,10.0,10.0,10.0,10.0,10.0,10.0,10.0,10.0,10.0,10.0,10.0,10.0,10.0,10.0,1.3458,1.8919,2.4379,2.9842,3.5304,4.0767,4.1753,4.1442,4.1133,4.0824
1.7023,1.7941,1.8851,1.9751,2.0653,2.1563,2.2472,2.3383,2.4294,2.5204,2.2074,1.2493,0.2927,1.0254,1.1251,1.202,1.2223,1.2421,1.2524,1.2627,1.2722,1.2815,1.2908,1.3,1.3092
3.9197,3.8417,3.7644,3.6879,3.6112,3.5339,3.4565,3.3792,3.3018,3.2244,3.1469,3.0621,0.9735,1.2751,1.1903,1.125,1.1077,1.0909,1.0822,1.0734,1.0653,1.0574,1.0495,1.0417,1.0339
2.3158,2.4406,2.5644,2.6868,2.8096,2.9334,3.0571,3.181,3.3048,3.4287,3.5526,3.6884,3.8322,3.9716,0.9905,1.6352,1.6628,1.6897,1.7037,1.7177,1.7307,1.7433,1.7559,1.7685,1.781
6.4671,5.9414,5.4155,4.8896,4.3637,3.8379,3.312,2.7862,2.2604,1.7346,1.2088,4.2352,4.2352,4.2352,4.2352,4.2352,4.2352,4.2352,4.2352,4.2352,4.2352,4.2352,4.2352,4.2352,4.2352
5.2998,5.1944,5.0898,4.9864,4.8826,4.7781,4.6736,4.5689,4.4643,4.3596,4.2549,4.1402,4.0187,3.9009,1.1425,1.5211,1.4978,1.475,1.4632,1.4513,1.4404,1.4297,1.4191,1.4085,1.3979
1.4295,1.5066,1.583,1.6585,1.7343,1.8107,1.8871,1.9636,2.04,2.1165,2.193,2.2768,2.3656,0.861,0.9448,1.0094,1.0264,1.043,1.0517,1.0603,1.0683,1.0761,1.0839,1.0916,1.0994
5.2045,5.101,4.9983,4.8967,4.7949,4.6922,4.5895,4.164,3.3782,2.5923,1.8065,1.928,1.8088,1.6931,1.5805,1.4937,1.4708,1.4485,1.4369,1.4252,1.4145,1.404,1.3935,1.3832,1.3728
10.0,10.0,10.0,10.0,10.0,10.0,10.0,10.0,10.0,10.0,10.0,10.0,10.0,10.0,10.0,1.3133,1.8461,2.379,2.912,3.445,3.9781,4.1857,4.1857,4.1857,4.1857
2.3841,2.5126,2.64,2.7661,2.8925,3.0199,3.1473,3.2748,2.8229,2.1662,1.5096,0.8544,1.2925,1.436,1.5758,1.6834,1.7118,1.7395,1.754,1.7684,1.7817,1.7948,1.8077,1.8206,1.8335
3.9455,3.867,3.7892,3.7122,3.635,3.5571,3.4793,3.4014,3.3235,3.2456,3.1677,3.0823,2.9918,1.2835,1.1981,1.1324,1.115,1.0981,1.0893,1.0805,1.0723,1.0644,1.0564,1.0486,1.0407
1.6863,1.7772,1.8673,1.9565,2.0459,2.136,2.2261,2.3163,2.4065,2.4967,2.5869,2.6858,2.7905,0.488,1.1146,1.1907,1.2108,1.2304,1.2406,1.2508,1.2602,1.2695,1.2786,1.2877,1.2969
6.7153,6.1694,5.6234,5.0773,4.5312,3.9852,3.4392,2.8932,2.3472,1.8012,1.2552,4.1374,4.1374,4.1374,4.1374,4.1323,4.069,4.0073,3.975,3.9428,3.9132,3.8841,3.8552,3.8264,3.7977
8.594,8.4231,8.2535,8.0858,7.9176,7.748,7.5785,7.4088,7.2391,7.0694,6.8997,6.7137,6.5167,6.3257,6.1397,1.4677,2.0632,2.3919,2.3726,2.3534,2.3357,2.3184,2.3011,2.284,2.2668
1.5321,1.6147,1.6966,1.7776,1.8588,1.9407,2.0226,2.1045,2.1865,2.2684,2.3504,1.9411,0.4547,0.9229,1.0127,1.0818,1.1001,1.1179,1.1272,1.1365,1.145,1.1534,1.1617,1.17,1.1783
4.1856,4.1023,4.0198,3.9381,3.8562,3.7736,3.691,3.6084,3.5257,3.4431,3.2528,1.841,1.4547,1.3616,1.2711,1.2013,1.1829,1.1649,1.1556,1.1462,1.1376,1.1291,1.1207,1.1124,1.104
3.3124,3.4909,3.6679,3.8431,4.0187,4.1957,4.3727,4.5499,4.727,4.9042,5.0814,5.2757,5.4813,5.6808,0.9608,1.4544,2.0445,2.4168,2.4369,2.457,2.4754,2.4936,2.5116,2.5295,2.5474
4.9589,5.2262,5.4912,5.1176,4.5672,4.0169,3.4665,2.9162,2.3658,1.8155,1.2652,0.716,2.6883,2.9869,3.2776,3.5015,3.5606,3.6182,3.6482,3.6783,3.7059,3.7331,3.76,3.7869,3.8137
4.5228,4.4328,4.3436,4.2553,4.1668,4.0776,3.9884,3.8991,3.8098,3.7205,3.6311,3.5332,3.4296,3.329,1.3735,1.2981,1.2782,1.2588,1.2487,1.2385,1.2292,1.2201,1.211,1.202,1.193
1.4675,1.5465,1.625,1.7026,1.7804,1.8588,1.9372,2.0157,2.0942,2.1727,2.2512,2.3372,2.4284,0.8839,0.9699,1.0362,1.0537,1.0707,1.0796,1.0885,1.0967,1.1047,1.1127,1.1206,1.1286
6.6708,6.5381,6.4065,6.039,5.3894,4.74,4.0906,3.4412,2.7918,2.1423,1.4929,2.4713,2.3184,2.1701,2.0257,1.9146,1.8852,1.8566,1.8417,1.8268,1.813,1.7995,1.7862,1.7728,1.7595
9.7935,9.7935,9.7935,9.7935,9.7935,9.7935,9.7935,9.7935,9.7935,9.7935,9.7935,9.7935,9.7935,9.7935,9.7935,1.3227,1.8594,2.396,2.9329,3.4697,4.0066,4.0326,4.0326,4.0326,4.0326
1.8973,1.9995,2.1009,2.2012,2.3018,2.4032,2.5046,2.6061,2.7075,2.6693,1.8601,1.0528,0.3249,1.1428,1.254,1.3396,1.3623,1.3843,1.3958,1.4073,1.4179,1.4283,1.4386,1.4488,1.4591
3.899,3.8214,3.7445,3.6684,3.5921,3.5152,3.4383,3.3613,3.2843,3.2073,3.1303,3.0459,2.9565,1.2684,1.184,1.119,1.1019,1.0852,1.0764,1.0677,1.0597,1.0518,1.044,1.0362,1.0284
2.0099,2.1182,2.2256,2.3319,2.4384,2.5458,2.6532,2.7607,2.8682,2.9758,3.0833,3.2011,3.3259,0.4652,1.126,1.4192,1.4431,1.4665,1.4786,1.4908,1.502,1.513,1.524,1.5348,1.5457
6.5094,5.9802,5.451,4.9216,4.3922,3.863,3.3337,2.8045,2.2752,1.7459,1.2167,3.9878,3.9878,3.9878,3.9878,3.9878,3.9878,3.9878,3.9878,3.9878,3.9878,3.9878,3.9878,3.9878,3.9878
6.1661,6.0434,5.9217,5.8014,5.6807,5.5591,5.4374,5.3157,5.1939,5.0722,4.9504,4.8169,4.6756,4.5386,1.0282,1.6995,1.7426,1.7161,1.7023,1.6885,1.6758,1.6634,1.651,1.6387,1.6264
1.456,1.5344,1.6122,1.6892,1.7664,1.8442,1.922,1.9999,2.0778,2.1556,2.2335,2.3189,1.1229,0.877,0.9623,1.028,1.0454,1.0623,1.0711,1.08,1.0881,1.096,1.104,1.1118,1.1197
4.7233,4.6293,4.5362,4.444,4.3515,4.2584,4.1652,4.0719,3.9787,3.1018,2.1615,1.2234,1.6415,1.5365,1.4343,1.3556,1.3348,1.3146,1.304,1.2934,1.2837,1.2742,1.2647,1.2553,1.2458
6.2828,6.6214,6.9572,7.2893,7.6224,7.9582,8.2939,8.63,8.966,9.3021,9.578,9.578,9.578,9.578,9.578,1.3537,1.9029,2.4521,3.0015,3.551,3.9439,3.9439,3.9439,3.9439,3.9439
2.9548,3.114,3.272,3.4282,3.5848,3.7427,3.8213,3.2147,2.608,2.0013,1.3947,0.7893,1.6019,1.7798,1.953,2.0864,2.1216,2.1559,2.1738,2.1917,2.2082,2.2244,2.2404,2.2564,2.2724
4.1173,4.0354,3.9541,3.8738,3.7932,3.712,3.6308,3.5495,3.4682,3.3869,3.3056,3.2164,3.1221,0.8276,1.2503,1.1817,1.1636,1.1459,1.1367,1.1275,1.119,1.1107,1.1024,1.0942,1.086
1.5829,1.6682,1.7529,1.8365,1.9205,2.005,2.0896,2.1743,2.259,2.3437,2.4283,2.5212,2.6194,0.6335,1.0462,1.1177,1.1366,1.155,1.1645,1.1741,1.183,1.1916,1.2002,1.2088,1.2174
7.0986,6.5215,5.9443,5.367,4.7898,4.2126,3.6354,3.0583,2.4811,1.904,1.3268,3.6644,3.4377,3.2178,3.0038,2.8389,2.7954,2.753,2.7309,2.7088,2.6884,2.6684,2.6485,2.6288,2.6091
9.448,9.448,9.448,9.448,9.448,9.448,9.448,9.448,9.448,9.448,9.448,9.3013,9.0284,8.7637,8.5061,1.3979,1.965,2.5322,3.0995,3.2605,3.236,3.2119,3.188,3.1642,3.1405
1.6419,1.7304,1.8182,1.905,1.992,2.0798,2.1675,2.2554,2.3432,2.431,2.5189,1.4552,0.3409,0.989,1.0852,1.1594,1.1789,1.198,1.208,1.2179,1.2271,1.2361,1.245,1.2539,1.2627
4.0403,3.96,3.8803,3.8014,3.7223,3.6426,3.5629,3.4831,3.4034,3.3236,3.2438,2.8195,0.851,1.3144,1.2269,1.1596,1.1418,1.1245,1.1155,1.1064,1.0981,1.0899,1.0818,1.0738,1.0657
2.6328,2.7747,2.9154,3.0546,3.1942,3.3349,3.4756,3.6164,3.7572,3.8981,4.0389,4.1933,4.3568,4.5153,0.9456,1.582,1.8904,1.921,1.9369,1.9529,1.9676,1.982,1.9963,2.0105,2.0248
6.6173,6.0794,5.5413,5.0032,4.465,3.927,3.389,2.8509,2.3129,1.7749,1.2369,3.8486,3.8486,3.8486,3.8486,3.8486,3.8486,3.8486,3.8486,3.8486,3.8486,3.8486,3.8486,3.8486,3.8486
5.0009,4.9014,4.8028,4.7052,4.6073,4.5086,4.41,4.3113,4.2125,4.1138,4.015,3.9067,3.7921,3.681,1.2745,1.4353,1.4133,1.3918,1.3807,1.3695,1.3592,1.3491,1.339,1.329,1.3191
1.4522,1.5305,1.6081,1.6849,1.7619,1.8395,1.9171,1.9948,2.0725,2.1502,2.2278,2.313,2.4032,0.8747,0.9599,1.0254,1.0427,1.0596,1.0684,1.0772,1.0853,1.0932,1.1011,1.109,1.1168
5.717,5.6033,5.4905,5.3789,5.267,5.1543,4.6076,3.8761,3.1446,2.4131,1.6816,1.0908,1.9869,1.8598,1.7361,1.6408,1.6157,1.5912,1.5784,1.5656,1.5538,1.5422,1.5308,1.5194,1.508
9.2473,9.2473,9.2473,9.2473,9.2473,9.2473,9.2473,9.2473,9.2473,9.2473,9.2473,9.2473,9.2473,9.2473,9.2473,1.3247,1.8621,2.3996,2.9372,3.4749,3.8077,3.8077,3.8077,3.8077,3.8077
2.1834,2.301,2.4177,2.5332,2.6489,2.7656,2.8823,2.9991,3.0609,2.3489,1.6369,0.9264,1.1837,1.3151,1.4431,1.5417,1.5677,1.5931,1.6063,1.6195,1.6317,1.6436,1.6555,1.6673,1.6791
3.9511,3.8725,3.7945,3.7174,3.6401,3.5621,3.4842,3.4062,3.3282,3.2501,3.1721,3.0866,2.996,1.2853,1.1998,1.134,1.1166,1.0997,1.0908,1.082,1.0738,1.0659,1.0579,1.05,1.0422
1.8081,1.9056,2.0022,2.0978,2.1937,2.2903,2.3869,2.4836,2.5803,2.6771,2.7738,2.8798,2.9921,0.4379,1.1951,1.2767,1.2983,1.3193,1.3302,1.3412,1.3513,1.3612,1.371,1.3808,1.3905
6.6751,6.1324,5.5897,5.0469,4.504,3.9613,3.4186,2.8758,2.3331,1.7904,1.2477,3.7677,3.7677,3.7677,3.7677,3.7677,3.7677,3.7677,3.7677,3.7677,3.7677,3.7677,3.7677,3.7677,3.7677
7.5119,7.3625,7.2143,7.0677,6.9207,6.7725,6.6243,6.476,6.3276,6.1793,6.0309,5.8683,5.6962,5.5292,5.3667,1.5582,2.1229,2.0907,2.0739,2.0571,2.0416,2.0264,2.0114,1.9964,1.9814
1.5112,1.5927,1.6734,1.7533,1.8335,1.9142,1.995,2.0758,2.1566,2.2375,2.3183,2.407,0.5929,0.9103,0.9988,1.0671,1.0851,1.1026,1.1118,1.121,1.1294,1.1377,1.1459,1.154,1.1622
4.4038,4.3162,4.2293,4.1434,4.0572,3.9703,3.8835,3.7965,3.7095,3.6226,2.742,1.5519,1.5305,1.4326,1.3373,1.2639,1.2445,1.2257,1.2158,1.206,1.1969,1.188,1.1792,1.1704,1.1616
4.0714,4.2908,4.5084,4.7237,4.9395,5.1571,5.3747,5.5924,5.8102,6.028,6.2458,6.4846,6.7373,6.9825,7.2211,1.4229,2.0002,2.5775,2.9953,3.02,3.0427,3.065,3.0871,3.1091,3.1311
3.9598,4.1732,4.3848,4.5942,4.7656,4.1914,3.6171,3.0429,2.4686,1.8944,1.3201,0.7472,2.1467,2.3851,2.6172,2.796,2.8432,2.8892,2.9132,2.9372,2.9593,2.9809,3.0025,3.0239,3.0453
4.3857,4.2984,4.2119,4.1263,4.0405,3.954,3.8674,3.7809,3.6943,3.6076,3.521,3.4261,3.3256,0.8262,1.3318,1.2587,1.2394,1.2206,1.2108,1.201,1.192,1.1831,1.1743,1.1655,1.1568
1.5193,1.6012,1.6824,1.7627,1.8433,1.9245,2.0056,2.0869,2.1682,2.2495,2.3307,2.4198,2.5142,0.9151,1.0042,1.0728,1.0909,1.1085,1.1177,1.1269,1.1354,1.1437,1.152,1.1602,1.1684
7.67,7.0465,6.4229,5.7991,5.1754,4.5517,3.9281,3.3045,2.6809,2.0573,1.4336,2.8421,2.6662,2.4957,2.3297,2.2018,2.1681,2.1352,2.118,2.1009,2.0851,2.0696,2.0542,2.0389,2.0235
8.9386,8.9386,8.9386,8.9386,8.9386,8.9386,8.9386,8.9386,8.9386,8.9386,8.9386,8.9386,8.9386,8.9386,8.9386,1.3593,1.9107,2.4622,3.0139,3.5656,3.6806,3.6806,3.6806,3.6806,3.6806
1.8021,1.8992,1.9955,2.0908,2.1863,2.2826,2.3789,2.4753,2.5717,2.6681,2.0944,1.1854,0.3086,1.0854,1.1911,1.2724,1.2939,1.3148,1.3258,1.3367,1.3467,1.3566,1.3664,1.3761,1.3859
3.9778,3.8987,3.8202,3.7426,3.6647,3.5863,3.5078,3.4292,3.3507,3.2721,3.1936,3.1075,1.4387,1.294,1.208,1.1417,1.1242,1.1071,1.0982,1.0893,1.0811,1.0731,1.0651,1.0571,1.0492
2.225,2.345,2.4639,2.5815,2.6995,2.8184,2.9373,3.0563,3.1753,3.2943,3.4134,3.5438,3.682,3.816,1.0561,1.5711,1.5976,1.6234,1.6369,1.6504,1.6628,1.675,1.6871,1.6991,1.7112
6.5937,6.0577,5.5215,4.9853,4.4491,3.913,3.3769,2.8408,2.3047,1.7686,1.2325,3.6432,3.6432,3.6432,3.6432,3.6432,3.6432,3.6432,3.6432,3.6432,3.6432,3.6432,3.6432,3.6432,3.6432
5.6978,5.5845,5.472,5.3608,5.2493,5.1369,5.0245,4.912,4.7995,4.687,4.5745,4.4511,4.3206,4.1939,1.109,1.6353,1.6102,1.5858,1.5731,1.5603,1.5486,1.5371,1.5256,1.5143,1.5029
1.4643,1.5432,1.6214,1.6989,1.7765,1.8547,1.933,2.0113,2.0896,2.168,2.2463,2.3322,2.4231,0.882,0.9678,1.0339,1.0514,1.0684,1.0772,1.0861,1.0943,1.1023,1.1103,1.1182,1.1261
5.0949,4.9935,4.893,4.7936,4.6939,4.5934,4.4929,4.3923,3.6677,2.8145,1.9614,1.1101,1.7707,1.6574,1.5472,1.4623,1.4398,1.418,1.4066,1.3952,1.3847,1.3744,1.3642,1.354,1.3439
8.7587,8.7587,8.7587,8.7587,8.7587,8.7587,8.7587,8.7587,8.7587,8.7587,8.7587,8.7587,8.7587,8.7587,8.7587,1.3515,1.8998,2.4482,2.9967,3.5453,3.6065,3.6065,3.6065,3.6065,3.6065
2.6199,2.761,2.9011,3.0396,3.1785,3.3185,3.4585,3.4314,2.7838,2.1363,1.4887,0.8426,1.4203,1.578,1.7316,1.8499,1.8811,1.9115,1.9274,1.9433,1.9579,1.9722,1.9865,2.0006,2.0148
4.0797,3.9986,3.9181,3.8384,3.7586,3.6781,3.5976,3.5171,3.4365,3.356,3.2754,3.1871,3.0936,1.1245,1.2389,1.1709,1.1529,1.1355,1.1263,1.1172,1.1088,1.1006,1.0924,1.0842,1.0761
1.6739,1.7641,1.8535,1.942,2.0308,2.1202,2.2097,2.2992,2.3887,2.4783,2.5678,2.666,2.7699,0.5446,1.1063,1.1819,1.2019,1.2213,1.2314,1.2416,1.2509,1.2601,1.2692,1.2782,1.2873
6.9781,6.4108,5.8434,5.2759,4.7085,4.1411,3.5737,3.0064,2.439,1.8717,1.3043,3.5706,3.5706,3.5706,3.5706,3.5706,3.5239,3.4705,3.4426,3.4147,3.389,3.3638,3.3388,3.3139,3.289
8.6499,8.6499,8.6499,8.6499,8.6499,8.6499,8.6349,8.4415,8.2482,8.0548,7.8614,7.6495,7.425,7.2074,6.9955,1.4655,2.0601,2.6547,2.7034,2.6815,2.6613,2.6415,2.6219,2.6023,2.5828
1.6004,1.6866,1.7722,1.8568,1.9416,2.0272,2.1127,2.1983,2.2839,2.3695,2.4551,1.751,0.4102,0.964,1.0578,1.13,1.1491,1.1677,1.1774,1.1871,1.196,1.2048,1.2135,1.2221,1.2308
4.202,4.1185,4.0355,3.9535,3.8713,3.7884,3.7055,3.6225,3.5396,3.4566,3.3736,2.1619,1.4604,1.367,1.276,1.206,1.1875,1.1695,1.1601,1.1507,1.1421,1.1336,1.1251,1.1167,1.1084
3.0674,3.2328,3.3967,3.5589,3.7215,3.8854,4.0493,4.2134,4.3775,4.5416,4.7057,4.8855,5.076,5.2607,0.9132,1.5277,2.1476,2.2381,2.2567,2.2753,2.2924,2.3092,2.3258,2.3424,2.359
6.1153,6.2748,5.7195,5.164,4.6086,4.0533,3.4979,2.9426,2.3873,1.832,1.2766,0.7225,3.3152,3.5267,3.5267,3.5267,3.5267,3.5267,3.5267,3.5267,3.5267,3.5267,3.5267,3.5267,3.5267
4.7797,4.6847,4.5904,4.4971,4.4035,4.3092,4.2149,4.1206,4.0262,3.9318,3.8374,3.7339,3.6244,3.5181,1.4499,1.3718,1.3508,1.3303,1.3196,1.3089,1.2991,1.2894,1.2798,1.2703,1.2607
1.488,1.5682,1.6477,1.7264,1.8053,1.8848,1.9643,2.0439,2.1235,2.2031,2.2827,2.3699,2.4623,0.8963,0.9835,1.0507,1.0684,1.0857,1.0947,1.1037,1.112,1.1202,1.1282,1.1363,1.1443
6.3828,6.2558,6.1299,6.0053,5.7344,5.0434,4.3524,3.6614,2.9704,2.2795,1.5885,1.0002,2.2183,2.0764,1.9383,1.8319,1.8038,1.7765,1.7622,1.7479,1.7348,1.7219,1.709,1.6963,1.6836
8.4814,8.4814,8.4814,8.4814,8.4814,8.4814,8.4814,8.4814,8.4814,8.4814,8.4814,8.4814,8.4814,8.4814,8.4814,1.3476,1.8943,2.441,2.988,3.4923,3.4923,3.4923,3.4923,3.4923,3.4923
2.0344,2.144,2.2527,2.3603,2.4681,2.5768,2.6855,2.7944,2.9032,2.5827,1.7998,1.0187,0.3483,1.2254,1.3446,1.4364,1.4607,1.4843,1.4966,1.509,1.5203,1.5315,1.5425,1.5535,1.5645
3.9908,3.9114,3.8326,3.7547,3.6766,3.5979,3.5192,3.4404,3.3616,3.2828,3.204,3.1176,3.0261,1.2982,1.2119,1.1454,1.1278,1.1107,1.1018,1.0928,1.0846,1.0766,1.0686,1.0606,1.0526
1.9628,2.0686,2.1735,2.2772,2.3813,2.4862,2.5911,2.696,2.801,2.906,3.011,3.1261,3.248,0.4543,1.2184,1.3859,1.4093,1.4321,1.444,1.4559,1.4668,1.4776,1.4882,1.4989,1.5095
6.6936,6.1495,5.6052,5.0609,4.5165,3.9723,3.428,2.8838,2.3396,1.7954,1.2511,3.4586,3.4586,3.4586,3.4586,3.4586,3.4586,3.4586,3.4586,3.4586,3.4586,3.4586,3.4586,3.4586,3.4586
6.7448,6.6106,6.4775,6.3459,6.2139,6.0808,5.9478,5.8146,5.6814,5.5482,5.415,5.269,5.1144,4.9645,0.9999,1.6728,1.9061,1.8772,1.8621,1.847,1.8331,1.8195,1.806,1.7925,1.779
1.5042,1.5853,1.6657,1.7452,1.825,1.9053,1.9857,2.0662,2.1467,2.2271,2.3076,2.3958,0.8514,0.906,0.9942,1.0621,1.0801,1.0975,1.1066,1.1158,1.1241,1.1324,1.1406,1.1487,1.1568
4.6812,4.5881,4.4957,4.4044,4.3128,4.2204,4.1281,4.0356,3.9432,3.4395,2.3969,1.3566,1.6269,1.5228,1.4216,1.3435,1.3229,1.3029,1.2924,1.2819,1.2723,1.2628,1.2534,1.2441,1.2347
5.2958,5.5812,5.8642,6.1442,6.4249,6.7079,6.9909,7.2742,7.5575,7.8407,8.124,8.3192,8.3192,8.3192,8.3192,1.4054,1.9755,2.5457,3.1161,3.4256,3.4256,3.4256,3.4256,3.4256,3.4256
3.3358,3.5155,3.6938,3.8702,4.047,4.2253,3.8107,3.2057,2.6008,1.9958,1.3908,0.7871,1.8084,2.0093,2.2048,2.3554,2.3951,2.4339,2.4541,2.4743,2.4929,2.5112,2.5293,2.5473,2.5654
4.2962,4.2108,4.126,4.0421,3.9581,3.8733,3.7886,3.7037,3.6189,3.5341,3.4492,3.3562,3.2578,0.8094,1.3046,1.233,1.2141,1.1957,1.1861,1.1765,1.1677,1.159,1.1503,1.1418,1.1332
1.5875,1.673,1.7579,1.8418,1.926,2.0108,2.0956,2.1805,2.2654,2.3504,2.4353,2.5284,2.6269,0.7333,1.0492,1.1209,1.1398,1.1583,1.1679,1.1775,1.1864,1.1951,1.2037,1.2123,1.2208
7.4471,6.8417,6.2362,5.6306,5.025,4.4195,3.814,3.2085,2.603,1.9975,1.392,3.3607,3.1528,2.9511,2.7548,2.6036,2.5637,2.5248,2.5045,2.4842,2.4656,2.4472,2.429,2.4109,2.3928
8.221,8.221,8.221,8.221,8.221,8.221,8.221,8.221,8.221,8.221,8.221,8.221,8.221,8.221,8.221,1.4092,1.981,2.5528,3.1248,3.3851,3.3851,3.3851,3.3851,3.3851,3.3851
1.7327,1.826,1.9186,2.0102,2.1021,2.1947,2.2873,2.38,2.4726,2.5653,2.4098,1.3639,0.3195,1.0436,1.1452,1.2234,1.2441,1.2642,1.2747,1.2852,1.2949,1.3043,1.3138,1.3231,1.3325
4.0936,4.0121,3.9314,3.8515,3.7714,3.6906,3.6099,3.529,3.4482,3.3674,3.2865,3.1979,0.8622,1.3317,1.2431,1.1749,1.1569,1.1393,1.1302,1.121,1.1126,1.1043,1.0961,1.0879,1.0797
2.5073,2.6424,2.7764,2.9089,3.0419,3.1758,3.3098,3.4439,3.578,3.7122,3.8463,3.9933,4.149,4.3,1.0043,1.6802,1.8002,1.8294,1.8446,1.8598,1.8737,1.8875,1.9011,1.9147,1.9282
6.7367,6.189,5.6413,5.0934,4.5456,3.9978,3.4501,2.9024,2.3546,1.8069,1.2592,3.3535,3.3535,3.3535,3.3535,3.3535,3.3535,3.3535,3.3535,3.3535,3.3535,3.3535,3.3535,3.3535,3.3535
5.3499,5.2435,5.138,5.0336,4.9288,4.8233,4.7178,4.6121,4.5065,4.4009,4.2952,4.1794,4.0568,3.9379,1.2289,1.5355,1.5119,1.489,1.477,1.465,1.454,1.4432,1.4325,1.4218,1.4111
1.4854,1.5654,1.6448,1.7233,1.8021,1.8815,1.9608,2.0403,2.1198,2.1992,2.2787,2.3658,2.458,0.8947,0.9818,1.0488,1.0665,1.0838,1.0928,1.1018,1.1101,1.1182,1.1263,1.1343,1.1423
5.5682,5.4574,5.3475,5.2389,5.1299,5.0201,4.9102,4.1815,3.3924,2.6032,1.8141,1.0267,1.9351,1.8114,1.6909,1.5981,1.5736,1.5497,1.5373,1.5248,1.5133,1.5021,1.4909,1.4798,1.4687
8.0686,8.0686,8.0686,8.0686,8.0686,8.0686,8.0686,8.0686,8.0686,8.0686,8.0686,8.0686,8.0686,8.0686,8.0686,1.3612,1.9135,2.4657,3.0182,3.3224,3.3224,3.3224,3.3224,3.3224,3.3224
2.3789,2.5071,2.6343,2.7601,2.8862,3.0133,3.1404,3.2677,3.0066,2.3072,1.6078,0.91,1.2897,1.4329,1.5723,1.6798,1.7081,1.7357,1.7502,1.7646,1.7778,1.7909,1.8038,1.8167,1.8295
4.0791,3.9979,3.9174,3.8378,3.758,3.6775,3.5971,3.5165,3.436,3.3554,3.2749,3.1866,3.0931,1.327,1.2387,1.1707,1.1528,1.1353,1.1262,1.117,1.1086,1.1004,1.0922,1.0841,1.0759
1.7891,1.8855,1.9811,2.0757,2.1705,2.2661,2.3618,2.4574,2.5531,2.6488,2.7446,2.8495,2.9605,0.483,1.1825,1.2633,1.2846,1.3054,1.3162,1.327,1.337,1.3468,1.3565,1.3662,1.3759
6.9244,6.3615,5.7985,5.2353,4.6722,4.1092,3.5462,2.9832,2.4202,1.8573,1.2943,3.2918,3.2918,3.2918,3.2918,3.2918,3.2918,3.2918,3.2918,3.2918,3.2918,3.2918,3.2918,3.2918,3.2918
7.9762,7.9762,7.9762,7.9184,7.7537,7.5877,7.4216,7.2555,7.0893,6.9231,6.7569,6.5747,6.3818,6.1947,0.9384,1.5518,2.1814,2.3424,2.3235,2.3047,2.2874,2.2704,2.2535,2.2367,2.2199
1.5755,1.6604,1.7446,1.8279,1.9114,1.9956,2.0798,2.1641,2.2483,2.3326,2.4169,2.2045,0.5164,0.949,1.0413,1.1124,1.1312,1.1495,1.1591,1.1686,1.1774,1.186,1.1946,1.2031,1.2116
4.4117,4.3239,4.2369,4.1508,4.0644,3.9774,3.8904,3.8032,3.7161,3.629,3.1378,1.7759,1.5332,1.4351,1.3397,1.2662,1.2468,1.2278,1.218,1.2081,1.199,1.1901,1.1813,1.1724,1.1636
3.6901,3.8889,4.0861,4.2812,4.4769,4.674,4.8712,5.0686,5.266,5.4634,5.6608,5.8772,6.1063,6.3285,0.932,1.4911,2.0961,2.6924,2.7147,2.7371,2.7577,2.7779,2.7979,2.8179,2.8378
4.6738,4.9257,5.1755,5.3786,4.8001,4.2216,3.6432,3.0648,2.4865,1.9081,1.3297,0.7526,2.5338,2.8152,3.0891,3.2545,3.2545,3.2545,3.2545,3.2545,3.2545,3.2545,3.2545,3.2545,3.2545
4.622,4.5301,4.4389,4.3487,4.2582,4.167,4.0759,3.9846,3.8933,3.8021,3.7108,3.6107,3.5048,3.4021,1.4036,1.3265,1.3062,1.2864,1.2761,1.2657,1.2562,1.2469,1.2376,1.2283,1.2191
1.5381,1.621,1.7032,1.7845,1.8661,1.9483,2.0305,2.1127,2.195,2.2773,2.3596,2.4498,2.5453,0.9265,1.0166,1.0861,1.1044,1.1223,1.1316,1.1409,1.1495,1.1579,1.1663,1.1746,1.1829
7.2662,7.1216,6.8107,6.1492,5.4878,4.8266,4.1653,3.504,2.8427,2.1815,1.5202,0.9236,2.5253,2.3638,2.2065,2.0854,2.0535,2.0223,2.0061,1.9898,1.9748,1.9602,1.9456,1.9311,1.9166
7.8326,7.8326,7.8326,7.8326,7.8326,7.8326,7.8326,7.8326,7.8326,7.8326,7.8326,7.8326,7.8326,7.8326,0.9215,1.3828,1.9439,2.5049,3.0662,3.2252,3.2252,3.2252,3.2252,3.2252,3.2252
1.924,2.0277,2.1305,2.2322,2.3342,2.437,2.5399,2.6428,2.7457,2.8486,2.0114,1.1384,0.3294,1.1589,1.2717,1.3585,1.3815,1.4038,1.4155,1.4271,1.4378,1.4484,1.4588,1.4692,1.4796
4.0659,3.9851,3.9048,3.8255,3.7459,3.6657,3.5855,3.5052,3.4249,3.3446,3.2643,3.1763,2.6787,1.3227,1.2347,1.1669,1.1491,1.1316,1.1225,1.1134,1.1051,1.0968,1.0887,1.0806,1.0725
2.1607,2.2771,2.3926,2.5069,2.6214,2.7369,2.8523,2.9679,3.0835,3.1991,3.3146,3.4414,3.5755,0.5001,1.1364,1.5257,1.5514,1.5765,1.5896,1.6027,1.6147,1.6266,1.6383,1.65,1.6617
6.7712,6.2208,5.6702,5.1196,4.5689,4.0184,3.4678,2.9173,2.3667,1.8162,1.2656,3.1964,3.1964,3.1964,3.1964,3.1964,3.1964,3.1964,3.1964,3.1964,3.1964,3.1964,3.1964,3.1964,3.1964
6.1873,6.0642,5.9421,5.8214,5.7003,5.5782,5.4562,5.334,5.2118,5.0897,4.9675,4.8335,4.6917,4.5542,1.0868,1.7758,1.7486,1.722,1.7082,1.6944,1.6816,1.6691,1.6567,1.6443,1.632
1.5107,1.5921,1.6729,1.7528,1.8329,1.9136,1.9943,2.0751,2.1559,2.2367,2.3176,2.4061,1.4963,0.91,0.9985,1.0667,1.0847,1.1023,1.1114,1.1206,1.129,1.1373,1.1455,1.1537,1.1618
5.0323,4.9322,4.8329,4.7347,4.6362,4.5369,4.4377,4.3383,4.027,3.0903,2.1535,1.2188,1.7489,1.6371,1.5282,1.4443,1.4222,1.4006,1.3893,1.3781,1.3677,1.3575,1.3474,1.3374,1.3273
7.5639,7.6941,7.6941,7.6941,7.6941,7.6941,7.6941,7.6941,7.6941,7.6941,7.6941,7.6941,7.6941,7.6941,0.9052,1.401,1.9694,2.5378,3.1065,3.1682,3.1682,3.1682,3.1682,3.1682,3.1682
2.9166,3.0738,3.2297,3.3839,3.5385,3.6944,3.8502,3.4126,2.7686,2.1245,1.4805,0.8379,1.5812,1.7568,1.9277,2.0594,2.0942,2.1281,2.1457,2.1634,2.1797,2.1956,2.2115,2.2273,2.243
4.2498,4.1653,4.0814,3.9985,3.9153,3.8315,3.7476,3.6637,3.5798,3.4959,3.4119,3.32,3.2225,0.9544,1.2905,1.2197,1.201,1.1828,1.1733,1.1638,1.155,1.1464,1.1379,1.1294,1.1209
1.675,1.7652,1.8547,1.9433,2.0321,2.1216,2.2111,2.3007,2.3903,2.4799,2.5695,2.6677,2.7717,0.6174,1.1071,1.1827,1.2026,1.2221,1.2322,1.2424,1.2517,1.2609,1.27,1.2791,1.2881
7.3062,6.7122,6.1182,5.524,4.9299,4.3358,3.7418,3.1477,2.5537,1.9597,1.3656,3.1404,3.1404,3.1404,3.1404,3.1404,3.1404,3.0994,3.0745,3.0495,3.0266,3.0041,2.9818,2.9595,2.9373
7.6101,7.6101,7.6101,7.6101,7.6101,7.6101,7.6101,7.6101,7.6101,7.6101,7.6101,7.6101,7.6101,7.6101,0.8953,1.4747,2.0731,2.6714,3.1336,3.119,3.0955,3.0725,3.0497,3.0269,3.0042
1.6848,1.7756,1.8656,1.9547,2.044,2.134,2.2241,2.3142,2.4043,2.4944,2.5846,1.6132,0.3779,1.0148,1.1135,1.1896,1.2097,1.2293,1.2395,1.2497,1.2591,1.2683,1.2775,1.2866,1.2957
4.2508,4.1662,4.0824,3.9994,3.9162,3.8324,3.7485,3.6646,3.5806,3.4967,3.4128,2.6156,0.8914,1.3828,1.2908,1.22,1.2013,1.1831,1.1736,1.1641,1.1553,1.1467,1.1382,1.1297,1.1212
2.8869,3.0425,3.1968,3.3494,3.5024,3.6567,3.811,3.9654,4.1198,4.2742,4.4287,4.598,4.7772,4.951,0.967,1.6178,2.0728,2.1064,2.1238,2.1413,2.1574,2.1733,2.1889,2.2046,2.2202
6.9438,6.3793,5.8147,5.25,4.6853,4.1208,3.5562,2.9916,2.427,1.8625,1.2979,3.1064,3.1064,3.1064,3.1064,3.1064,3.1064,3.1064,3.1064,3.1064,3.1064,3.1064,3.1064,3.1064,3.1064
5.0944,4.993,4.8925,4.7931,4.6934,4.5929,4.4924,4.3918,4.2912,4.1906,4.09,3.9797,3.863,3.7497,1.3861,1.4621,1.4397,1.4179,1.4065,1.3951,1.3846,1.3743,1.3641,1.3539,1.3437
1.52,1.602,1.6832,1.7636,1.8442,1.9254,2.0066,2.0879,2.1692,2.2505,2.3318,2.421,2.5154,0.9156,1.0047,1.0733,1.0914,1.1091,1.1183,1.1275,1.136,1.1443,1.1526,1.1608,1.169
6.1777,6.0548,5.9329,5.8123,5.6914,5.4149,4.673,3.9311,3.1892,2.4474,1.7055,0.9653,2.147,2.0097,1.876,1.773,1.7459,1.7194,1.7055,1.6917,1.679,1.6665,1.6541,1.6418,1.6295
7.4793,7.4793,7.4793,7.4793,7.4793,7.4793,7.4793,7.4793,7.4793,7.4793,7.4793,7.4793,7.4793,7.4793,0.8799,1.3831,1.9442,2.5053,3.0667,3.0797,3.0797,3.0797,3.0797,3.0797,3.0797
2.2028,2.3215,2.4392,2.5557,2.6725,2.7902,2.9079,3.0257,3.1435,2.5248,1.7595,0.9958,0.3772,1.3268,1.4559,1.5554,1.5816,1.6072,1.6206,1.6339,1.6462,1.6582,1.6702,1.6821,1.694
4.115,4.0332,3.952,3.8717,3.7911,3.71,3.6288,3.5475,3.4663,3.385,3.3038,3.2147,3.1204,1.3387,1.2496,1.181,1.1629,1.1453,1.1361,1.1269,1.1184,1.1101,1.1018,1.0936,1.0854
1.935,2.0392,2.1427,2.245,2.3476,2.4509,2.5543,2.6578,2.7613,2.8649,2.9684,3.0818,3.202,0.4478,1.2789,1.3663,1.3893,1.4118,1.4235,1.4353,1.446,1.4566,1.4672,1.4776,1.4881
6.9346,6.3709,5.807,5.2431,4.6791,4.1153,3.5515,2.9876,2.4238,1.86,1.2962,3.0535,3.0535,3.0535,3.0535,3.0535,3.0535,3.0535,3.0535,3.0535,3.0535,3.0535,3.0535,3.0535,3.0535
7.3998,7.3204,7.1731,7.0273,6.8811,6.7338,6.5864,6.439,6.2915,6.144,5.9965,5.8348,5.6636,5.4976,0.9929,1.6611,2.1108,2.0788,2.0621,2.0453,2.03,2.0149,1.9999,1.985,1.9701
1.5659,1.6503,1.734,1.8168,1.8998,1.9835,2.0671,2.1509,2.2347,2.3184,2.4022,2.494,0.697,0.9432,1.035,1.1057,1.1243,1.1425,1.152,1.1615,1.1702,1.1788,1.1873,1.1958,1.2043
4.6788,4.5857,4.4934,4.4021,4.3105,4.2182,4.126,4.0336,3.9412,3.8488,2.6969,1.5264,1.6261,1.5221,1.4208,1.3428,1.3223,1.3022,1.2917,1.2813,1.2716,1.2622,1.2528,1.2434,1.2341
4.6412,4.8913,5.1393,5.3847,5.6308,5.8788,6.1268,6.375,6.6233,6.8715,7.1198,7.3529,7.3529,7.3529,0.8789,1.4703,2.0668,2.6634,3.0277,3.0277,3.0277,3.0277,3.0277,3.0277,3.0277
3.8353,4.0419,4.2469,4.4497,4.653,4.4394,3.8312,3.2229,2.6147,2.0065,1.3983,0.7914,2.0792,2.3101,2.5349,2.708,2.7538,2.7983,2.8215,2.8448,2.8662,2.8872,2.908,2.9288,2.9495
4.5185,4.4286,4.3395,4.2513,4.1628,4.0737,3.9846,3.8954,3.8061,3.7169,3.6277,3.5299,3.4263,0.8513,1.3721,1.2968,1.277,1.2576,1.2475,1.2374,1.2281,1.2189,1.2099,1.2008,1.1918
1.6047,1.6912,1.7769,1.8618,1.9468,2.0326,2.1183,2.2042,2.29,2.3758,2.4617,2.5558,2.6554,0.8702,1.0606,1.1331,1.1522,1.1708,1.1805,1.1903,1.1992,1.208,1.2167,1.2254,1.2341
7.2913,7.2366,6.5961,5.9555,5.315,4.6745,4.0341,3.3936,2.7532,2.1127,1.4723,0.8578,2.945,2.7567,2.5733,2.4321,2.3948,2.3585,2.3395,2.3206,2.3031,2.286,2.269,2.2521,2.2352
7.2761,7.2761,7.2761,7.2761,7.2761,7.2761,7.2761,7.2761,7.2761,7.2761,7.2761,7.2761,7.2761,7.2761,0.856,1.4318,2.0127,2.5937,2.996,2.996,2.996,2.996,2.996,2.996,2.996
1.844,1.9434,2.042,2.1395,2.2372,2.3358,2.4343,2.5329,2.6316,2.7302,2.292,1.2972,0.3158,1.1107,1.2188,1.3021,1.324,1.3454,1.3566,1.3678,1.3781,1.3882,1.3982,1.4082,1.4181
4.1795,4.0963,4.0139,3.9323,3.8505,3.768,3.6856,3.6031,3.5205,3.438,3.3555,3.265,1.1798,1.3596,1.2692,1.1995,1.1811,1.1632,1.1539,1.1445,1.1359,1.1275,1.1191,1.1107,1.1024
2.4176,2.5479,2.6771,2.8049,2.9331,3.0623,3.1915,3.3208,3.4501,3.5794,3.7088,3.8505,4.0006,4.1462,1.0763,1.7071,1.7359,1.764,1.7786,1.7933,1.8067,1.82,1.8331,1.8462,1.8593
6.9107,6.3489,5.787,5.225,4.663,4.1011,3.5392,2.9774,2.4155,1.8536,1.2917,2.9712,2.9712,2.9712,2.9712,2.9712,2.9712,2.9712,2.9712,2.9712,2.9712,2.9712,2.9712,2.9712,2.9712
5.7787,5.6637,5.5497,5.4369,5.3238,5.2099,5.0959,4.9818,4.8677,4.7535,4.6394,4.5143,4.3819,4.2534,1.198,1.6585,1.6331,1.6083,1.5954,1.5825,1.5706,1.5589,1.5473,1.5357,1.5242
1.5309,1.6134,1.6952,1.7762,1.8573,1.9391,2.0209,2.1028,2.1847,2.2666,2.3485,2.4383,2.5333,0.9221,1.0118,1.081,1.0992,1.117,1.1263,1.1355,1.1441,1.1525,1.1608,1.1691,1.1773
5.4779,5.3689,5.2608,5.1539,5.0467,4.9386,4.8306,4.5586,3.6983,2.838,1.9777,1.1193,1.9038,1.782,1.6635,1.5722,1.5481,1.5246,1.5123,1.5001,1.4888,1.4777,1.4667,1.4558,1.4449
7.1564,7.1564,7.1564,7.1564,7.1564,7.1564,7.1564,7.1564,7.1564,7.1564,7.1564,7.1564,7.1564,7.1564,0.8425,1.4095,1.9814,2.5532,2.9468,2.9468,2.9468,2.9468,2.9468,2.9468,2.9468
2.6227,2.764,2.9042,3.0428,3.1819,3.322,3.4622,3.6024,2.9809,2.2875,1.5941,0.9022,1.4218,1.5797,1.7334,1.8518,1.8831,1.9136,1.9295,1.9453,1.96,1.9743,1.9886,2.0028,2.0169
4.244,4.1595,4.0758,3.993,3.9099,3.8262,3.7425,3.6587,3.5749,3.4911,3.4073,3.3154,3.2181,1.3564,1.2888,1.218,1.1994,1.1812,1.1717,1.1622,1.1534,1.1449,1.1364,1.1279,1.1194
1.786,1.8822,1.9777,2.0721,2.1668,2.2622,2.3576,2.4532,2.5487,2.6442,2.7398,2.8445,2.9554,0.54,1.1804,1.2611,1.2823,1.3031,1.3139,1.3247,1.3347,1.3445,1.3542,1.3638,1.3735
7.0981,6.6512,6.0625,5.4738,4.885,4.2964,3.7077,3.1191,2.5305,1.9418,1.3532,0.8351,2.9227,2.9227,2.9227,2.9227,2.9227,2.9227,2.9227,2.9227,2.9227,2.9227,2.9227,2.9227,2.9227
7.0836,7.0836,7.0836,7.0836,7.0836,7.0836,7.0836,7.0836,7.0836,7.0836,7.0836,7.0836,7.0836,7.0559,0.9317,1.5587,2.191,2.668,2.6465,2.6251,2.6054,2.586,2.5668,2.5476,2.5285
1.6557,1.7449,1.8334,1.921,2.0087,2.0972,2.1857,2.2743,2.3628,2.4514,2.54,1.9797,0.4638,0.9973,1.0943,1.1691,1.1888,1.2081,1.2181,1.2281,1.2374,1.2464,1.2554,1.2644,1.2733
4.4561,4.3675,4.2795,4.1926,4.1054,4.0175,3.9296,3.8416,3.7536,3.6656,3.5776,2.0764,1.5487,1.4496,1.3532,1.2789,1.2593,1.2402,1.2302,1.2203,1.2111,1.2021,1.1932,1.1843,1.1754
3.4162,3.6002,3.7828,3.9634,4.1446,4.3271,4.5097,4.6924,4.8751,5.0578,5.2406,5.4409,5.653,5.8587,0.9419,1.5757,2.215,2.4925,2.5132,2.5339,2.553,2.5717,2.5902,2.6087,2.6272
5.6905,5.9971,6.0488,5.4614,4.874,4.2866,3.6993,3.112,2.5247,1.9374,1.3501,0.7641,2.8932,2.8932,2.8932,2.8932,2.8932,2.8932,2.8932,2.8932,2.8932,2.8932,2.8932,2.8932,2.8932
4.9131,4.8154,4.7184,4.6225,4.5264,4.4295,4.3326,4.2355,4.1385,4.0415,3.9445,3.8381,3.7255,3.6163,1.492,1.4101,1.3885,1.3674,1.3564,1.3454,1.3353,1.3254,1.3155,1.3057,1.2959
1.5696,1.6542,1.7381,1.8211,1.9043,1.9882,2.072,2.156,2.24,2.3239,2.4079,2.4999,2.5974,0.9454,1.0374,1.1083,1.127,1.1452,1.1547,1.1643,1.173,1.1816,1.1901,1.1986,1.2071
6.9765,6.8377,6.7001,6.5639,5.8718,5.1643,4.4567,3.7492,3.0416,2.3341,1.6266,0.9206,2.4246,2.2695,2.1186,2.0023,1.9716,1.9417,1.9261,1.9105,1.8961,1.882,1.868,1.8541,1.8402
6.9702,6.9702,6.9702,6.9702,6.9702,6.9702,6.9702,6.9702,6.9702,6.9702,6.9702,6.9702,6.9702,6.9702,0.8476,1.4179,1.9932,2.5685,2.8701,2.8701,2.8701,2.8701,2.8701,2.8701,2.8701
2.0739,2.1857,2.2965,2.4061,2.5161,2.6269,2.7377,2.8487,2.9596,2.8052,1.9548,1.1064,0.3551,1.2492,1.3707,1.4644,1.4891,1.5132,1.5257,1.5383,1.5499,1.5612,1.5725,1.5837,1.5949
4.1889,4.1055,4.0229,3.9411,3.8592,3.7765,3.6939,3.6112,3.5285,3.4458,3.363,3.2724,3.1764,1.3627,1.272,1.2022,1.1838,1.1658,1.1565,1.1471,1.1385,1.13,1.1216,1.1132,1.1049
2.1208,2.2351,2.3484,2.4606,2.573,2.6863,2.7997,2.9131,3.0265,3.14,3.2534,3.3778,3.5095,0.4908,1.2355,1.4975,1.5228,1.5474,1.5602,1.5731,1.5849,1.5965,1.6081,1.6195,1.631
6.9148,6.439,5.8691,5.2991,4.7292,4.1593,3.5894,3.0196,2.4497,1.8799,1.31,0.8135,2.8473,2.8473,2.8473,2.8473,2.8473,2.8473,2.8473,2.8473,2.8473,2.8473,2.8473,2.8473,2.8473
6.7956,6.6604,6.5264,6.3937,6.2607,6.1267,5.9926,5.8584,5.7243,5.5901,5.4559,5.3088,5.153,5.0019,1.0757,1.7996,1.9205,1.8913,1.8761,1.8609,1.847,1.8332,1.8196,1.806,1.7924
1.5711,1.6558,1.7398,1.8228,1.9061,1.9901,2.074,2.1581,2.2421,2.3262,2.4102,2.5023,1.065,0.9463,1.0384,1.1094,1.1281,1.1463,1.1559,1.1654,1.1741,1.1827,1.1913,1.1998,1.2083
5.0171,4.9173,4.8183,4.7204,4.6222,4.5232,4.4242,4.3252,4.2261,3.437,2.3952,1.3556,1.7436,1.6321,1.5236,1.4399,1.4179,1.3963,1.3851,1.3739,1.3636,1.3534,1.3434,1.3333,1.3233
6.2469,6.5835,6.8603,6.8603,6.8603,6.8603,6.8603,6.8603,6.8603,6.8603,6.8603,6.8603,6.8603,6.8603,0.8751,1.4641,2.0581,2.6521,2.8248,2.8248,2.8248,2.8248,2.8248,2.8248,2.8248
3.2969,3.4745,3.6507,3.825,3.9998,4.176,4.0705,3.4243,2.778,2.1318,1.4856,0.8408,1.7873,1.9858,2.179,2.3279,2.3672,2.4055,2.4254,2.4454,2.4638,2.4819,2.4998,2.5176,2.5354
4.4635,4.3747,4.2866,4.1995,4.1122,4.0241,3.9361,3.8479,3.7598,3.6717,3.5835,3.4869,3.3846,0.8417,1.3554,1.281,1.2614,1.2423,1.2323,1.2223,1.2131,1.2041,1.1951,1.1862,1.1773
1.6906,1.7817,1.872,1.9614,2.051,2.1414,2.2317,2.3221,2.4126,2.503,2.5934,2.6926,2.7975,0.7135,1.1174,1.1937,1.2138,1.2335,1.2437,1.254,1.2634,1.2727,1.2818,1.291,1.3001
6.8066,6.8066,6.4601,5.8327,5.2054,4.5781,3.9509,3.3236,2.6964,2.0692,1.4419,0.8161,2.8027,2.8027,2.8027,2.8027,2.8027,2.8027,2.8027,2.7925,2.7715,2.7509,2.7304,2.7101,2.6897
6.7934,6.7934,6.7934,6.7934,6.7934,6.7934,6.7934,6.7934,6.7934,6.7934,6.7934,6.7934,6.7934,6.7934,0.8946,1.4966,2.1038,2.711,2.7973,2.7973,2.7973,2.7973,2.7973,2.7973,2.7973
1.7891,1.8855,1.9811,2.0757,2.1706,2.2662,2.3618,2.4575,2.5532,2.6489,2.6753,1.5142,0.3547,1.0776,1.1825,1.2633,1.2846,1.3054,1.3162,1.3271,1.337,1.3468,1.3566,1.3662,1.3759
4.3359,4.2496,4.1641,4.0795,3.9946,3.9091,3.8235,3.7379,3.6523,3.5667,3.4811,3.2952,0.7961,1.4105,1.3167,1.2444,1.2253,1.2068,1.1971,1.1874,1.1784,1.1697,1.161,1.1523,1.1437
2.7582,2.9068,3.0542,3.2001,3.3463,3.4937,3.6411,3.7886,3.9361,4.0837,4.2312,4.393,4.5642,4.7303,1.0333,1.7287,1.9804,2.0124,2.0292,2.0459,2.0613,2.0764,2.0914,2.1063,2.1212
6.7408,6.5389,5.9602,5.3814,4.8026,4.2239,3.6451,3.0664,2.4878,1.9091,1.3304,0.793,2.7756,2.7756,2.7756,2.7756,2.7756,2.7756,2.7756,2.7756,2.7756,2.7756,2.7756,2.7756,2.7756
5.4819,5.3728,5.2647,5.1577,5.0504,4.9422,4.8341,4.7259,4.6176,4.5094,4.4011,4.2824,4.1568,4.035,1.3424,1.5733,1.5492,1.5257,1.5134,1.5012,1.4899,1.4788,1.4678,1.4569,1.4459
1.5655,1.6499,1.7336,1.8163,1.8993,1.983,2.0666,2.1504,2.2341,2.3179,2.4016,2.4934,2.5906,0.943,1.0347,1.1054,1.1241,1.1422,1.1517,1.1612,1.1699,1.1785,1.187,1.1955,1.204
6.0482,5.9279,5.8086,5.6905,5.5722,5.4528,5.0687,4.264,3.4593,2.6546,1.8499,1.047,2.102,1.9675,1.8367,1.7359,1.7093,1.6833,1.6698,1.6563,1.6438,1.6316,1.6195,1.6074,1.5953
6.689,6.689,6.689,6.689,6.689,6.689,6.689,6.689,6.689,6.689,6.689,6.689,6.689,6.689,0.8555,1.4311,2.0118,2.5924,2.7543,2.7543,2.7543,2.7543,2.7543,2.7543,2.7543
2.4118,2.5417,2.6706,2.7982,2.926,3.0549,3.1838,3.3128,3.2505,2.4943,1.7382,0.9838,1.3075,1.4527,1.594,1.7029,1.7317,1.7597,1.7743,1.7889,1.8024,1.8156,1.8287,1.8417,1.8548
4.2782,4.1931,4.1087,4.0252,3.9414,3.8571,3.7727,3.6882,3.6037,3.5192,3.4347,3.3421,3.2441,1.3917,1.2992,1.2279,1.209,1.1907,1.1811,1.1716,1.1627,1.1541,1.1455,1.137,1.1284
1.9265,2.0303,2.1332,2.2351,2.3372,2.4402,2.5431,2.6462,2.7492,2.8523,2.9553,3.0683,3.1879,0.4861,1.2733,1.3603,1.3832,1.4056,1.4173,1.4289,1.4397,1.4502,1.4607,1.4711,1.4815
6.6379,6.6379,6.0662,5.4771,4.888,4.299,3.71,3.121,2.532,1.943,1.354,0.7809,2.7333,2.7333,2.7333,2.7333,2.7333,2.7333,2.7333,2.7333,2.7333,2.7333,2.7333,2.7333,2.7333
6.6253,6.6253,6.6253,6.6253,6.6253,6.6253,6.6253,6.6253,6.6253,6.6253,6.6253,6.5543,6.362,6.1755,0.9953,1.6651,2.3407,2.3351,2.3163,2.2976,2.2803,2.2633,2.2465,2.2297,2.213
1.6439,1.7325,1.8203,1.9073,1.9944,2.0823,2.1701,2.258,2.346,2.4339,2.5218,2.5621,0.6002,0.9902,1.0865,1.1607,1.1803,1.1994,1.2094,1.2194,1.2285,1.2375,1.2465,1.2553,1.2642
4.7189,4.625,4.5319,4.4398,4.3475,4.2544,4.1613,4.0681,3.975,3.8818,3.0873,1.7473,1.64,1.5351,1.433,1.3544,1.3336,1.3134,1.3028,1.2922,1.2825,1.273,1.2635,1.2541,1.2447
4.1925,4.4185,4.6426,4.8642,5.0865,5.3105,5.5346,5.7588,5.9831,6.2073,6.4316,6.5877,6.5877,6.5877,0.9274,1.5515,2.181,2.7126,2.7126,2.7126,2.7126,2.7126,2.7126,2.7126,2.7126
4.5095,4.7525,4.9935,5.2319,5.1196,4.5027,3.8858,3.2689,2.652,2.0351,1.4182,0.8027,2.4447,2.7075,2.7075,2.7075,2.7075,2.7075,2.7075,2.7075,2.7075,2.7075,2.7075,2.7075,2.7075
4.7946,4.6992,4.6046,4.511,4.4172,4.3226,4.228,4.1334,4.0387,3.944,3.8493,3.7455,3.6356,0.7721,1.456,1.3761,1.355,1.3344,1.3237,1.313,1.3031,1.2934,1.2838,1.2742,1.2646
1.6361,1.7243,1.8118,1.8983,1.985,2.0724,2.1599,2.2474,2.3349,2.4224,2.5099,2.6059,2.7075,0.9855,1.0814,1.1553,1.1748,1.1938,1.2037,1.2136,1.2227,1.2317,1.2406,1.2494,1.2583
6.5382,6.5382,6.5382,6.3573,5.6736,4.9899,4.3062,3.6226,2.9389,2.2553,1.5716,0.8895,2.6922,2.6187,2.4445,2.3104,2.275,2.2404,2.2224,2.2044,2.1879,2.1716,2.1554,2.1394,2.1233
6.526,6.526,6.526,6.526,6.526,6.526,6.526,6.526,6.526,6.526,6.526,6.526,6.526,6.526,0.877,1.4672,2.0625,2.6578,2.6872,2.6872,2.6872,2.6872,2.6872,2.6872,2.6872
1.9815,2.0883,2.1942,2.299,2.404,2.5099,2.6158,2.7218,2.8278,2.9338,2.2109,1.2513,0.3393,1.1935,1.3097,1.3991,1.4227,1.4458,1.4578,1.4698,1.4808,1.4917,1.5024,1.5132,1.5239
4.3035,4.2179,4.133,4.049,3.9648,3.8799,3.795,3.71,3.625,3.54,3.4551,3.3619,1.8815,1.4,1.3069,1.2351,1.2162,1.1977,1.1881,1.1785,1.1696,1.1609,1.1523,1.1437,1.1351
2.3602,2.4874,2.6136,2.7383,2.8635,2.9896,3.1157,3.242,3.3682,3.4945,3.6207,3.7591,3.9057,4.0478,1.1652,1.6665,1.6947,1.7221,1.7364,1.7507,1.7638,1.7768,1.7896,1.8024,1.8151
6.4774,6.4774,5.9871,5.4056,4.8242,4.2429,3.6616,3.0803,2.499,1.9177,1.3364,0.762,2.6672,2.6672,2.6672,2.6672,2.6672,2.6672,2.6672,2.6672,2.6672,2.6672,2.6672,2.6672,2.6672
6.3106,6.185,6.0605,5.9374,5.8139,5.6894,5.5649,5.4403,5.3157,5.1911,5.0664,4.9298,4.7852,4.6449,1.1812,1.8112,1.7834,1.7563,1.7422,1.7281,1.7151,1.7024,1.6897,1.6771,1.6645
1.5913,1.677,1.7621,1.8462,1.9306,2.0156,2.1007,2.1858,2.2709,2.356,2.4411,2.5345,2.1957,0.9585,1.0518,1.1236,1.1426,1.161,1.1707,1.1803,1.1892,1.1979,1.2066,1.2152,1.2238
5.4457,5.3374,5.2299,5.1237,5.0171,4.9097,4.8022,4.6947,4.0806,3.1314,2.1822,1.235,1.8926,1.7715,1.6537,1.563,1.539,1.5156,1.5035,1.4913,1.4801,1.4691,1.4581,1.4473,1.4364
6.4295,6.4295,6.4295,6.4295,6.4295,6.4295,6.4295,6.4295,6.4295,6.4295,6.4295,6.4295,6.4295,6.4295,0.8799,1.4721,2.0693,2.6475,2.6475,2.6475,2.6475,2.6475,2.6475,2.6475,2.6475
2.9309,3.0889,3.2455,3.4005,3.5559,3.7125,3.8691,3.6792,2.9849,2.2906,1.5962,0.9034,1.5889,1.7654,1.9372,2.0695,2.1044,2.1385,2.1563,2.174,2.1904,2.2064,2.2223,2.2382,2.254
4.454,4.3654,4.2776,4.1906,4.1035,4.0156,3.9277,3.8398,3.7518,3.6639,3.5759,3.4795,3.3774,1.1303,1.3526,1.2783,1.2587,1.2396,1.2297,1.2197,1.2105,1.2015,1.1926,1.1837,1.1748
1.7999,1.8969,1.9931,2.0883,2.1837,2.2799,2.3761,2.4723,2.5686,2.6649,2.7612,2.8667,2.9785,0.6135,1.1896,1.2709,1.2924,1.3133,1.3242,1.3351,1.3451,1.355,1.3648,1.3745,1.3842
6.3824,6.3824,6.3824,5.7739,5.1529,4.532,3.911,3.2901,2.6692,2.0483,1.4274,0.8079,2.628,2.628,2.628,2.628,2.628,2.628,2.628,2.628,2.628,2.628,2.628,2.628,2.628
6.3707,6.3707,6.3707,6.3707,6.3707,6.3707,6.3707,6.3707,6.3707,6.3707,6.3707,6.3707,6.3707,6.3707,0.9445,1.5801,2.2211,2.6232,2.6232,2.6232,2.6232,2.6232,2.6232,2.6232,2.6232
1.7559,1.8505,1.9444,2.0372,2.1303,2.2241,2.3179,2.4119,2.5058,2.5997,2.6936,1.8232,0.4271,1.0576,1.1605,1.2398,1.2607,1.2811,1.2918,1.3024,1.3122,1.3218,1.3314,1.3409,1.3504
4.5419,4.4516,4.362,4.2733,4.1844,4.0948,4.0052,3.9155,3.8259,3.7362,3.6465,2.4945,0.7468,1.4775,1.3793,1.3036,1.2836,1.2641,1.2539,1.2438,1.2344,1.2252,1.2161,1.2071,1.198
3.2232,3.397,3.5692,3.7396,3.9105,4.0828,4.255,4.4274,4.5998,4.7722,4.9447,5.1337,5.3338,5.5279,1.0046,1.6807,2.3143,2.3518,2.3713,2.3908,2.4088,2.4265,2.444,2.4614,2.4788
6.3244,6.3244,6.197,5.5951,4.9933,4.3916,3.7899,3.1883,2.5866,1.9849,1.3832,0.7829,2.6042,2.6042,2.6042,2.6042,2.6042,2.6042,2.6042,2.6042,2.6042,2.6042,2.6042,2.6042,2.6042
5.2736,5.1687,5.0647,4.9617,4.8585,4.7545,4.6505,4.5463,4.4422,4.3381,4.2339,4.1198,3.9989,3.8817,1.5339,1.5136,1.4904,1.4677,1.4559,1.4441,1.4333,1.4226,1.4121,1.4015,1.391
1.616,1.7031,1.7894,1.8749,1.9605,2.0469,2.1332,2.2197,2.3061,2.3926,2.479,2.5738,2.6741,0.9734,1.0681,1.141,1.1603,1.1791,1.1889,1.1986,1.2077,1.2165,1.2253,1.234,1.2428
6.2902,6.2902,6.2902,6.2902,6.2547,5.5824,4.8176,4.0528,3.2879,2.5231,1.7583,0.9951,2.3594,2.2085,2.0617,1.9485,1.9186,1.8895,1.8743,1.8591,1.8452,1.8314,1.8178,1.8043,1.7907
6.2788,6.2788,6.2788,6.2788,6.2788,6.2788,6.2788,6.2788,6.2788,6.2788,6.2788,6.2788,6.2788,6.2788,0.8768,1.4668,2.0619,2.5854,2.5854,2.5854,2.5854,2.5854,2.5854,2.5854,2.5854
2.26,2.3818,2.5026,2.6221,2.7419,2.8626,2.9834,3.1043,3.2252,2.7593,1.9229,1.0883,0.387,1.3613,1.4937,1.5958,1.6227,1.649,1.6626,1.6763,1.6889,1.7013,1.7136,1.7258,1.738
4.3538,4.2672,4.1813,4.0963,4.0111,3.9252,3.8394,3.7534,3.6674,3.5814,3.4955,3.4012,3.3014,1.4163,1.3221,1.2496,1.2304,1.2117,1.202,1.1923,1.1833,1.1745,1.1658,1.1571,1.1484
2.105,2.2184,2.3309,2.4422,2.5538,2.6663,2.7788,2.8914,3.004,3.1166,3.2292,3.3526,3.4833,0.4872,1.3592,1.4863,1.5114,1.5358,1.5486,1.5614,1.5731,1.5846,1.5961,1.6074,1.6188
6.2338,6.2338,6.1292,5.5339,4.9387,4.3436,3.7485,3.1534,2.5583,1.9632,1.3681,0.7743,2.5669,2.5669,2.5669,2.5669,2.5669,2.5669,2.5669,2.5669,2.5669,2.5669,2.5669,2.5669,2.5669
6.2227,6.2227,6.2227,6.2227,6.2227,6.2227,6.2227,6.2227,6.2227,6.2209,6.0716,5.9078,5.7345,5.5664,1.0759,1.8,2.1372,2.1048,2.0879,2.0709,2.0554,2.0401,2.0249,2.0098,1.9947
1.6487,1.7375,1.8256,1.9128,2.0002,2.0883,2.1764,2.2646,2.3528,2.441,2.5292,2.6258,0.846,0.9931,1.0897,1.1641,1.1838,1.2029,1.2129,1.2229,1.2321,1.2411,1.2501,1.259,1.2679
5.0524,4.9519,4.8522,4.7536,4.6548,4.5551,4.4554,4.3557,4.2559,3.8809,2.7045,1.5306,1.7559,1.6436,1.5343,1.4501,1.4278,1.4062,1.3949,1.3836,1.3732,1.363,1.3528,1.3427,1.3327
5.421,5.7131,6.0029,6.1895,6.1895,6.1895,6.1895,6.1895,6.1895,6.1895,6.1895,6.1895,6.1895,6.1895,0.9229,1.544,2.1704,2.5486,2.5486,2.5486,2.5486,2.5486,2.5486,2.5486,2.5486
3.795,3.9995,4.2024,4.403,4.6042,4.7791,4.1244,3.4696,2.8148,2.16,1.5053,0.8519,2.0574,2.2859,2.5083,2.5441,2.5441,2.5441,2.5441,2.5441,2.5441,2.5441,2.5441,2.5441,2.5441
4.7319,4.6377,4.5444,4.452,4.3594,4.2661,4.1727,4.0793,3.9859,3.8924,3.799,3.6965,3.5881,0.7652,1.4369,1.3581,1.3373,1.317,1.3064,1.2958,1.2861,1.2765,1.267,1.2575,1.2481
1.7226,1.8155,1.9075,1.9986,2.0899,2.182,2.274,2.3662,2.4583,2.5505,2.6426,2.7436,2.8506,0.8441,1.1386,1.2163,1.2369,1.2569,1.2673,1.2777,1.2874,1.2968,1.3061,1.3155,1.3248
6.1458,6.1458,6.1458,6.1458,5.5492,4.8805,4.2118,3.5432,2.8745,2.2058,1.5372,0.87,2.5306,2.5306,2.5306,2.5306,2.5306,2.5306,2.5306,2.5306,2.5306,2.5306,2.5306,2.5306,2.5173
6.135,6.135,6.135,6.135,6.135,6.135,6.135,6.135,6.135,6.135,6.135,6.135,6.135,6.135,0.9164,1.533,2.155,2.5262,2.5262,2.5262,2.5262,2.5262,2.5262,2.5262,2.5262
1.9188,2.0222,2.1248,2.2262,2.328,2.4305,2.5331,2.6357,2.7383,2.841,2.555,1.4461,0.3388,1.1558,1.2682,1.3549,1.3777,1.4,1.4117,1.4233,1.434,1.4445,1.4549,1.4653,1.4757
4.4638,4.375,4.2869,4.1998,4.1124,4.0244,3.9363,3.8482,3.76,3.6719,3.5837,3.4871,1.0315,1.4521,1.3555,1.2811,1.2615,1.2423,1.2324,1.2224,1.2132,1.2042,1.1952,1.1863,1.1774
2.6743,2.8184,2.9613,3.1027,3.2445,3.3874,3.5303,3.6733,3.8164,3.9594,4.1025,4.2593,4.4254,4.5864,1.1157,1.8665,1.9202,1.9512,1.9674,1.9836,1.9985,2.0132,2.0277,2.0422,2.0566
6.092,6.092,6.092,5.567,4.9683,4.3696,3.7709,3.1722,2.5736,1.9749,1.3763,0.7789,2.5085,2.5085,2.5085,2.5085,2.5085,2.5085,2.5085,2.5085,2.5085,2.5085,2.5085,2.5085,2.5085
5.9638,5.8451,5.7275,5.6111,5.4944,5.3767,5.2591,5.1413,5.0236,4.9058,4.788,4.6589,4.5222,4.3897,1.3172,1.7116,1.6854,1.6598,1.6465,1.6331,1.6209,1.6088,1.5968,1.5849,1.573
1.6273,1.715,1.8019,1.888,1.9742,2.0612,2.1481,2.2352,2.3222,2.4093,2.4963,2.5917,2.6928,0.9802,1.0755,1.149,1.1684,1.1873,1.1972,1.207,1.2161,1.225,1.2338,1.2426,1.2514
5.9926,5.8734,5.7551,5.6382,5.5209,5.4027,5.2845,4.6797,3.7966,2.9134,2.0303,1.1491,2.0826,1.9494,1.8198,1.7199,1.6935,1.6678,1.6544,1.641,1.6287,1.6166,1.6046,1.5926,1.5806
6.0497,6.0497,6.0497,6.0497,6.0497,6.0497,6.0497,6.0497,6.0497,6.0497,6.0497,6.0497,6.0497,6.0497,0.8934,1.4947,2.1011,2.4911,2.4911,2.4911,2.4911,2.4911,2.4911,2.4911,2.4911
2.6748,2.8189,2.9619,3.1033,3.2451,3.388,3.531,3.674,3.2473,2.4919,1.7365,0.9828,1.45,1.6111,1.7679,1.8886,1.9205,1.9516,1.9678,1.984,1.9989,2.0136,2.0281,2.0426,2.057
4.4895,4.4002,4.3116,4.224,4.1361,4.0476,3.959,3.8704,3.7817,3.6931,3.6044,3.5072,3.4043,1.4605,1.3633,1.2885,1.2688,1.2495,1.2395,1.2294,1.2202,1.2111,1.2021,1.1931,1.1842
1.9385,2.043,2.1466,2.2491,2.3519,2.4554,2.559,2.6627,2.7664,2.8701,2.9738,3.0875,3.2079,0.5462,1.2813,1.3688,1.3919,1.4144,1.4261,1.4379,1.4487,1.4593,1.4699,1.4803,1.4908
6.0079,6.0079,6.0079,5.776,5.1547,4.5336,3.9124,3.2913,2.6702,2.049,1.4279,0.8082,2.4739,2.4739,2.4739,2.4739,2.4739,2.4739,2.4739,2.4739,2.4739,2.4739,2.4739,2.4739,2.4739
5.9976,5.9976,5.9976,5.9976,5.9976,5.9976,5.9976,5.9976,5.9976,5.9976,5.9976,5.9976,5.9976,5.9976,1.008,1.6864,2.3706,2.4696,2.4696,2.4696,2.4696,2.4696,2.4696,2.4696,2.4696
1.7425,1.8364,1.9295,2.0216,2.114,2.2071,2.3003,2.3935,2.4867,2.5799,2.6731,2.2909,0.5367,1.0496,1.1517,1.2304,1.2511,1.2714,1.2819,1.2925,1.3022,1.3117,1.3212,1.3306,1.3401
4.8072,4.7116,4.6167,4.5229,4.4288,4.334,4.2392,4.1443,4.0493,3.9544,3.6092,2.0427,0.7032,1.5638,1.4598,1.3797,1.3585,1.3379,1.3272,1.3164,1.3065,1.2968,1.2872,1.2776,1.268
3.8851,4.0945,4.3021,4.5075,4.7135,4.9211,5.1287,5.3365,5.5443,5.7522,5.96,5.9668,5.9668,5.9668,0.9884,1.6535,2.3244,2.4569,2.4569,2.4569,2.4569,2.4569,2.4569,2.4569,2.4569
5.4553,5.7493,5.9565,5.8759,5.2439,4.612,3.9801,3.3483,2.7164,2.0845,1.4526,0.8221,2.4527,2.4527,2.4527,2.4527,2.4527,2.4527,2.4527,2.4527,2.4527,2.4527,2.4527,2.4527,2.4527
5.1395,5.0373,4.9359,4.8356,4.735,4.6336,4.5322,4.4307,4.3293,4.2278,4.1263,4.015,3.8972,0.6996,1.5607,1.4751,1.4525,1.4304,1.4189,1.4074,1.3968,1.3865,1.3761,1.3659,1.3556
1.6845,1.7753,1.8653,1.9544,2.0437,2.1337,2.2237,2.3138,2.4039,2.494,2.5841,2.6829,2.7875,1.0146,1.1134,1.1894,1.2095,1.2291,1.2393,1.2495,1.2589,1.2681,1.2772,1.2864,1.2955
5.9261,5.9261,5.9261,5.9261,5.9261,5.3831,4.6456,3.9081,3.1705,2.433,1.6955,0.9596,2.4402,2.4402,2.3601,2.2306,2.1964,2.1631,2.1457,2.1283,2.1123,2.0966,2.081,2.0655,2.05
5.9161,5.9161,5.9161,5.9161,5.9161,5.9161,5.9161,5.9161,5.9161,5.9161,5.9161,5.9161,5.9161,5.9161,0.9074,1.518,2.134,2.436,2.436,2.436,2.436,2.436,2.436,2.436,2.436
2.153,2.269,2.3841,2.4979,2.612,2.7271,2.8421,2.9573,3.0725,3.104,2.1631,1.2242,0.3687,1.2968,1.423,1.5202,1.5459,1.5709,1.5839,1.597,1.609,1.6208,1.6325,1.6441,1.6557
4.4741,4.3851,4.2968,4.2095,4.122,4.0337,3.9454,3.8571,3.7688,3.6804,3.592,3.4952,3.3926,1.4555,1.3587,1.2841,1.2644,1.2452,1.2352,1.2252,1.216,1.207,1.198,1.189,1.1801
2.334,2.4598,2.5845,2.7079,2.8316,2.9564,3.0811,3.2059,3.3308,3.4556,3.5805,3.7173,3.8623,0.5402,1.2764,1.648,1.6758,1.7029,1.7171,1.7312,1.7442,1.757,1.7697,1.7823,1.7949
5.8761,5.8761,5.8761,5.6468,5.0394,4.4322,3.8249,3.2177,2.6104,2.0032,1.396,0.7901,2.4196,2.4196,2.4196,2.4196,2.4196,2.4196,2.4196,2.4196,2.4196,2.4196,2.4196,2.4196,2.4196
5.8662,5.8662,5.8662,5.8662,5.8662,5.8662,5.8662,5.8662,5.8662,5.7415,5.6036,5.4525,5.2926,5.1374,1.1785,1.9715,1.9725,1.9426,1.927,1.9113,1.897,1.8829,1.8689,1.8549,1.841
1.6702,1.7603,1.8495,1.9378,2.0264,2.1156,2.2049,2.2942,2.3836,2.4729,2.5623,2.6602,1.4074,1.006,1.1039,1.1793,1.1993,1.2187,1.2288,1.2389,1.2482,1.2574,1.2664,1.2755,1.2845
5.4754,5.3665,5.2585,5.1516,5.0444,4.9364,4.8284,4.7203,4.5663,3.5041,2.4419,1.382,1.9029,1.7812,1.6627,1.5715,1.5474,1.5239,1.5117,1.4994,1.4881,1.4771,1.4661,1.4551,1.4442
5.8367,5.8367,5.8367,5.8367,5.8367,5.8367,5.8367,5.8367,5.8367,5.8367,5.8367,5.8367,5.8367,5.8367,0.9281,1.5526,2.1826,2.4034,2.4034,2.4034,2.4034,2.4034,2.4034,2.4034,2.4034
3.3286,3.508,3.6859,3.8618,4.0383,4.2162,4.3941,3.7245,3.0216,2.3187,1.6159,0.9145,1.8045,2.0049,2.2,2.3503,2.39,2.3993,2.3993,2.3993,2.3993,2.3993,2.3993,2.3993,2.3993
4.7215,4.6276,4.5344,4.4423,4.3499,4.2567,4.1636,4.0704,3.9771,3.8839,3.7907,3.6884,3.5802,0.989,1.4338,1.3551,1.3343,1.3141,1.3035,1.293,1.2832,1.2737,1.2642,1.2548,1.2454
1.8333,1.9321,2.03,2.127,2.2242,2.3221,2.4201,2.5182,2.6162,2.7143,2.8124,2.9199,3.0337,0.7106,1.2117,1.2945,1.3163,1.3376,1.3487,1.3598,1.37,1.3801,1.39,1.4,1.4099
5.7978,5.7978,5.7978,5.7978,5.4912,4.8295,4.1678,3.5062,2.8445,2.1828,1.5211,0.8609,2.3873,2.3873,2.3873,2.3873,2.3873,2.3873,2.3873,2.3873,2.3873,2.3873,2.3873,2.3873,2.3873
5.7882,5.7882,5.7882,5.7882,5.7882,5.7882,5.7882,5.7882,5.7882,5.7882,5.7882,5.7882,5.7882,5.7882,0.9674,1.6185,2.2751,2.3834,2.3834,2.3834,2.3834,2.3834,2.3834,2.3834,2.3834
1.8817,1.9832,2.0837,2.1832,2.283,2.3835,2.4841,2.5847,2.6854,2.7861,2.8867,1.7171,0.4022,1.1334,1.2437,1.3287,1.3511,1.373,1.3844,1.3958,1.4063,1.4166,1.4268,1.437,1.4472
4.677,4.5839,4.4916,4.4004,4.3088,4.2166,4.1243,4.032,3.9396,3.8473,3.7549,3.1055,0.7275,1.5215,1.4203,1.3423,1.3217,1.3017,1.2912,1.2808,1.2711,1.2617,1.2523,1.243,1.2336
3.0966,3.2635,3.429,3.5927,3.7569,3.9224,4.0878,4.2535,4.4191,4.5848,4.7504,4.932,5.1243,5.3107,1.0832,1.8122,2.2234,2.2594,2.2781,2.2969,2.3142,2.3311,2.348,2.3647,2.3715
5.75,5.75,5.75,5.75,5.1678,4.5451,3.9224,3.2997,2.677,2.0542,1.4315,0.8102,2.3676,2.3676,2.3676,2.3676,2.3676,2.3676,2.3676,2.3676,2.3676,2.3676,2.3676,2.3676,2.3676
5.7249,5.611,5.4981,5.3863,5.2743,5.1614,5.0484,4.9354,4.8224,4.7093,4.5962,4.4723,4.3411,0.6754,1.4958,1.6431,1.6179,1.5933,1.5805,1.5677,1.5559,1.5444,1.5329,1.5215,1.51
1.6806,1.7712,1.861,1.9499,2.039,2.1288,2.2186,2.3085,2.3984,2.4883,2.5782,2.6767,2.7811,1.0123,1.1108,1.1867,1.2067,1.2262,1.2364,1.2466,1.256,1.2652,1.2743,1.2834,1.2925
5.7216,5.7216,5.7216,5.7216,5.7216,5.7216,5.2701,4.4334,3.5968,2.7601,1.9234,1.0886,2.3282,2.1793,2.0343,1.9227,1.8932,1.8645,1.8495,1.8345,1.8207,1.8072,1.7937,1.7803,1.767
5.7122,5.7122,5.7122,5.7122,5.7122,5.7122,5.7122,5.7122,5.7122,5.7122,5.7122,5.7122,5.7122,5.7122,0.9163,1.5328,2.1547,2.3521,2.3521,2.3521,2.3521,2.3521,2.3521,2.3521,2.3521
2.4943,2.6288,2.7621,2.894,3.0262,3.1595,3.2928,3.4262,3.5596,2.7493,1.9159,1.0843,1.3522,1.5024,1.6486,1.7612,1.791,1.8199,1.8351,1.8502,1.8641,1.8777,1.8913,1.9048,1.9183
4.5716,4.4807,4.3905,4.3012,4.2118,4.1216,4.0314,3.9411,3.8509,3.7606,3.6703,3.5713,3.4666,1.4872,1.3883,1.3121,1.292,1.2724,1.2621,1.2519,1.2425,1.2333,1.2241,1.215,1.2058
2.1147,2.2286,2.3417,2.4535,2.5656,2.6786,2.7916,2.9047,3.0178,3.1309,3.244,3.368,3.4993,0.4995,1.3977,1.4932,1.5184,1.5429,1.5557,1.5686,1.5803,1.5919,1.6034,1.6149,1.6263
5.675,5.675,5.675,5.675,5.2109,4.583,3.9551,3.3272,2.6993,2.0714,1.4435,0.817,2.3368,2.3368,2.3368,2.3368,2.3368,2.3368,2.3368,2.3368,2.3368,2.3368,2.3368,2.3368,2.3368
5.6657,5.6657,5.6657,5.6657,5.6657,5.6657,5.6657,5.6657,5.6657,5.6657,5.6657,5.6657,5.6657,5.6657,1.0887,1.8213,2.333,2.333,2.333,2.333,2.3231,2.3059,2.2887,2.2716,2.2546
1.7482,1.8424,1.9358,2.0283,2.1209,2.2144,2.3078,2.4013,2.4948,2.5883,2.6818,2.7844,0.7186,1.053,1.1555,1.2344,1.2552,1.2755,1.2861,1.2967,1.3065,1.316,1.3255,1.335,1.3444
5.1454,5.0431,4.9416,4.8411,4.7404,4.6389,4.5374,4.4358,4.3342,4.2326,3.1094,1.7598,0.6644,1.6739,1.5625,1.4768,1.4541,1.4321,1.4206,1.409,1.3985,1.3881,1.3777,1.3675,1.3572
4.8847,5.1479,5.409,5.6382,5.6382,5.6382,5.6382,5.6382,5.6382,5.6382,5.6382,5.6382,5.6382,5.6382,0.9837,1.6457,2.3134,2.3216,2.3216,2.3216,2.3216,2.3216,2.3216,2.3216,2.3216
4.467,4.7077,4.9464,5.1826,5.4194,4.8958,4.225,3.5543,2.8835,2.2128,1.542,0.8727,2.3179,2.3179,2.3179,2.3179,2.3179,2.3179,2.3179,2.3179,2.3179,2.3179,2.3179,2.3179,2.3179
5.0712,4.9703,4.8703,4.7713,4.672,4.572,4.472,4.3718,4.2717,4.1715,4.0714,3.9616,3.8454,0.714,1.54,1.4555,1.4331,1.4114,1.4001,1.3887,1.3783,1.368,1.3578,1.3477,1.3376
1.7743,1.87,1.9648,2.0586,2.1527,2.2475,2.3423,2.4372,2.5321,2.627,2.722,2.826,2.9362,1.029,1.1727,1.2529,1.274,1.2946,1.3054,1.3161,1.326,1.3357,1.3454,1.355,1.3646
5.6019,5.6019,5.6019,5.6019,5.6019,5.2614,4.5405,3.8197,3.0988,2.378,1.6571,0.9379,2.3067,2.3067,2.3067,2.3067,2.3067,2.3067,2.3067,2.3067,2.3067,2.3067,2.3067,2.3067,2.3067
5.5929,5.5929,5.5929,5.5929,5.5929,5.5929,5.5929,5.5929,5.5929,5.5929,5.5929,5.5929,5.5929,5.5929,0.9488,1.5872,2.2312,2.303,2.303,2.303,2.303,2.303,2.303,2.303,2.303
2.082,2.1942,2.3055,2.4155,2.5259,2.6372,2.7484,2.8598,2.9712,3.0825,2.4821,1.4048,0.3565,1.2541,1.3761,1.4701,1.4949,1.5191,1.5317,1.5443,1.5559,1.5673,1.5786,1.5899,1.6012
4.6447,4.5523,4.4607,4.37,4.2791,4.1875,4.0959,4.0042,3.9124,3.8207,3.729,3.6285,1.5173,1.511,1.4105,1.3331,1.3126,1.2927,1.2823,1.2719,1.2624,1.253,1.2437,1.2344,1.2251
2.6324,2.7742,2.9149,3.0541,3.1936,3.3343,3.475,3.6158,3.7566,3.8974,4.0382,4.1926,4.356,4.5145,1.2194,1.8587,1.8901,1.9206,1.9366,1.9525,1.9672,1.9816,1.9959,2.0102,2.0244
5.5572,5.5572,5.5572,5.5572,5.1948,4.5688,3.9429,3.3169,2.6909,2.065,1.439,0.8144,2.2883,2.2883,2.2883,2.2883,2.2883,2.2883,2.2883,2.2883,2.2883,2.2883,2.2883,2.2883,2.2883
5.5484,5.5484,5.5484,5.5484,5.5484,5.5484,5.5484,5.5484,5.5359,5.4061,5.2764,5.1341,4.9835,4.8374,1.3104,1.8862,1.8573,1.8291,1.8144,1.7997,1.7862,1.7729,1.7597,1.7466,1.7335
1.7097,1.8018,1.8932,1.9835,2.0742,2.1655,2.2569,2.3484,2.4398,2.5313,2.6227,2.723,2.8291,1.0298,1.13,1.2072,1.2276,1.2474,1.2578,1.2681,1.2777,1.287,1.2963,1.3056,1.3148
5.5307,5.5307,5.5307,5.5307,5.5307,5.4228,5.3041,5.1854,4.2248,3.242,2.2593,1.2787,2.0904,1.9567,1.8266,1.7263,1.6998,1.6741,1.6606,1.6471,1.6348,1.6226,1.6105,1.5985,1.5865
5.522,5.522,5.522,5.522,5.522,5.522,5.522,5.522,5.522,5.522,5.522,5.522,5.522,5.522,0.9432,1.5779,2.2181,2.2738,2.2738,2.2738,2.2738,2.2738,2.2738,2.2738,2.2738
3.012,3.1743,3.3353,3.4945,3.6542,3.8152,3.9761,4.0485,3.2845,2.5205,1.7564,0.9941,1.6329,1.8142,1.9908,2.1268,2.1627,2.1976,2.2159,2.2341,2.2509,2.2674,2.2702,2.2702,2.2702
4.763,4.6683,4.5743,4.4814,4.3881,4.2942,4.2002,4.1062,4.0121,3.9181,3.824,3.7209,3.6117,1.386,1.4464,1.367,1.3461,1.3256,1.315,1.3043,1.2945,1.2849,1.2753,1.2658,1.2563
1.9741,2.0805,2.186,2.2904,2.395,2.5005,2.606,2.7116,2.8172,2.9228,3.0284,3.1442,3.2667,0.6243,1.3048,1.3939,1.4174,1.4404,1.4523,1.4643,1.4753,1.4861,1.4968,1.5075,1.5182
5.4872,5.4872,5.4872,5.4872,5.4872,4.8343,4.172,3.5096,2.8473,2.185,1.5226,0.8618,2.2594,2.2594,2.2594,2.2594,2.2594,2.2594,2.2594,2.2594,2.2594,2.2594,2.2594,2.2594,2.2594
5.4785,5.4785,5.4785,5.4785,5.4785,5.4785,5.4785,5.4785,5.4785,5.4785,5.4785,5.4785,5.4785,5.4785,1.0329,1.7279,2.2559,2.2559,2.2559,2.2559,2.2559,2.2559,2.2559,2.2559,2.2559
1.868,1.9687,2.0685,2.1673,2.2663,2.3662,2.466,2.5659,2.6658,2.7657,2.8657,2.1129,0.495,1.1252,1.2347,1.319,1.3413,1.363,1.3743,1.3856,1.396,1.4062,1.4164,1.4265,1.4366
4.9537,4.8551,4.7574,4.6607,4.5638,4.466,4.3683,4.2705,4.1727,4.0749,3.977,2.4518,0.6425,1.6115,1.5043,1.4217,1.3999,1.3787,1.3676,1.3565,1.3463,1.3363,1.3264,1.3165,1.3066
3.6846,3.8832,4.0801,4.2749,4.4703,4.6672,4.8641,5.0612,5.2583,5.4528,5.4528,5.4528,5.4528,5.4528,1.0657,1.7828,2.2453,2.2453,2.2453,2.2453,2.2453,2.2453,2.2453,2.2453,2.2453
5.4443,5.4443,5.4443,5.4443,5.4325,4.7779,4.1233,3.4687,2.8141,2.1595,1.5049,0.8517,2.2418,2.2418,2.2418,2.2418,2.2418,2.2418,2.2418,2.2418,2.2418,2.2418,2.2418,2.2418,2.2418
5.4358,5.4358,5.3549,5.246,5.1369,5.0269,4.9169,4.8068,4.6967,4.5866,4.4765,4.3558,4.228,0.6395,1.6932,1.6003,1.5757,1.5518,1.5394,1.5269,1.5154,1.5041,1.493,1.4818,1.4707
1.754,1.8485,1.9423,2.035,2.128,2.2217,2.3154,2.4092,2.5031,2.5969,2.6907,2.7936,2.9025,1.0565,1.1593,1.2385,1.2594,1.2798,1.2904,1.301,1.3108,1.3204,1.3299,1.3394,1.3489
5.4188,5.4188,5.4188,5.4188,5.4188,5.4188,5.0746,4.269,3.4633,2.6577,1.8521,1.0482,2.2313,2.2313,2.2313,2.1895,2.156,2.1232,2.1062,2.0891,2.0734,2.058,2.0427,2.0274,2.0122
5.4104,5.4104,5.4104,5.4104,5.4104,5.4104,5.4104,5.4104,5.4104,5.4104,5.4104,5.4104,5.4104,5.4104,0.9495,1.5885,2.2278,2.2278,2.2278,2.2278,2.2278,2.2278,2.2278,2.2278,2.2278
2.3702,2.4979,2.6246,2.7499,2.8755,3.0022,3.1288,3.2556,3.3824,3.0827,2.1482,1.2158,0.4058,1.4276,1.5665,1.6736,1.7018,1.7293,1.7437,1.7581,1.7713,1.7842,1.7971,1.81,1.8228
4.7044,4.6108,4.518,4.4262,4.3341,4.2413,4.1485,4.0556,3.9627,3.8698,3.7769,3.6751,3.5673,1.5304,1.4286,1.3502,1.3295,1.3093,1.2988,1.2883,1.2786,1.2691,1.2596,1.2502,1.2409
2.3405,2.4666,2.5917,2.7154,2.8395,2.9646,3.0896,3.2148,3.34,3.4652,3.5904,3.7277,3.873,0.5417,1.4179,1.6526,1.6805,1.7077,1.7218,1.736,1.7491,1.7619,1.7746,1.7873,1.7999
5.377,5.377,5.377,5.377,5.3245,4.6829,4.0413,3.3997,2.7581,2.1165,1.4749,0.8348,2.2141,2.2141,2.2141,2.2141,2.2141,2.2141,2.2141,2.2141,2.2141,2.2141,2.2141,2.2141,2.2141
5.3687,5.3687,5.3687,5.3687,5.3687,5.3687,5.3687,5.3687,5.3687,5.3687,5.3687,5.3687,5.3687,5.3687,1.1915,1.9933,2.2106,2.1813,2.1638,2.1463,2.1301,2.1143,2.0986,2.0829,2.0673
1.7734,1.869,1.9637,2.0575,2.1515,2.2463,2.341,2.4359,2.5308,2.6256,2.7205,2.8245,1.0715,1.0682,1.1721,1.2522,1.2733,1.2939,1.3047,1.3154,1.3253,1.335,1.3446,1.3542,1.3638
5.3522,5.3522,5.3522,5.2463,5.1371,5.0271,4.9171,4.807,4.6969,3.9879,2.779,1.5728,1.9379,1.8139,1.6933,1.6003,1.5758,1.5519,1.5394,1.527,1.5155,1.5042,1.493,1.4819,1.4708
5.344,5.344,5.344,5.344,5.344,5.344,5.344,5.344,5.344,5.344,5.344,5.344,5.344,5.344,0.9904,1.6568,2.2005,2.2005,2.2005,2.2005,2.2005,2.2005,2.2005,2.2005,2.2005
3.8546,4.0624,4.2684,4.4722,4.6765,4.8825,4.5379,3.8175,3.0971,2.3766,1.6562,0.9374,2.0897,2.1971,2.1971,2.1971,2.1971,2.1971,2.1971,2.1971,2.1971,2.1971,2.1971,2.1971,2.1971
5.0648,4.964,4.8641,4.7653,4.6661,4.5662,4.4663,4.3663,4.2663,4.1663,4.0663,3.9566,3.8406,0.8988,1.538,1.4536,1.4313,1.4096,1.3983,1.387,1.3765,1.3663,1.3561,1.346,1.3359
1.8902,1.992,2.0931,2.193,2.2932,2.3942,2.4952,2.5963,2.6974,2.7985,2.8997,3.0105,3.1279,0.8429,1.2493,1.3346,1.3572,1.3791,1.3906,1.402,1.4126,1.4229,1.4332,1.4434,1.4536
5.3114,5.3114,5.3114,5.3114,5.3114,5.2095,4.4958,3.782,3.0683,2.3545,1.6408,0.9287,2.187,2.187,2.187,2.187,2.187,2.187,2.187,2.187,2.187,2.187,2.187,2.187,2.187
5.3033,5.3033,5.3033,5.3033,5.3033,5.3033,5.3033,5.3033,5.3033,5.3033,5.3033,5.3033,5.3033,5.3033,1.003,1.6779,2.1837,2.1837,2.1837,2.1837,2.1837,2.1837,2.1837,2.1837,2.1837
2.042,2.152,2.2611,2.3691,2.4774,2.5865,2.6956,2.8048,2.914,3.0233,2.9188,1.652,0.387,1.2299,1.3496,1.4418,1.4662,1.4899,1.5022,1.5146,1.526,1.5372,1.5483,1.5593,1.5704
4.8741,4.7772,4.681,4.5859,4.4905,4.3943,4.2982,4.2019,4.1057,4.0095,3.9132,3.8077,0.9518,1.5856,1.4801,1.3989,1.3775,1.3566,1.3457,1.3348,1.3247,1.3149,1.3051,1.2954,1.2856
3.0297,3.193,3.3549,3.5151,3.6757,3.8376,3.9995,4.1616,4.3237,4.4857,4.6478,4.8255,5.0136,5.196,1.1832,1.9794,2.1738,2.1738,2.1738,2.1738,2.1738,2.1738,2.1738,2.1738,2.1738
5.2712,5.2712,5.2712,5.2712,5.2712,4.7605,4.1083,3.4561,2.8039,2.1516,1.4994,0.8486,2.1705,2.1705,2.1705,2.1705,2.1705,2.1705,2.1705,2.1705,2.1705,2.1705,2.1705,2.1705,2.1705
5.2632,5.2632,5.2632,5.2632,5.2632,5.2632,5.2632,5.2632,5.2632,5.1817,5.0573,4.921,4.7766,0.6192,1.4827,1.8079,1.7802,1.7532,1.7391,1.725,1.712,1.6993,1.6867,1.6741,1.6615
1.769,1.8643,1.9588,2.0524,2.1461,2.2407,2.3352,2.4298,2.5244,2.6191,2.7137,2.8174,2.9273,1.0655,1.1692,1.249,1.2701,1.2907,1.3014,1.3121,1.322,1.3317,1.3413,1.3509,1.3604
5.2473,5.2473,5.2473,5.2473,5.2473,5.2473,5.2473,4.9194,3.991,3.0626,2.1343,1.2079,2.1607,2.1607,2.0379,1.926,1.8965,1.8677,1.8527,1.8377,1.8239,1.8103,1.7969,1.7835,1.7701
5.2394,5.2394,5.2394,5.2394,5.2394,5.2394,5.2394,5.2394,5.2394,5.2394,5.2394,5.2394,5.2394,5.2394,0.9691,1.6213,2.1574,2.1574,2.1574,2.1574,2.1574,2.1574,2.1574,2.1574,2.1574
2.7953,2.946,3.0954,3.2432,3.3914,3.5407,3.6901,3.8396,3.621,2.7787,1.9364,1.0959,1.5154,1.6837,1.8476,1.9738,2.0071,2.0396,2.0565,2.0734,2.089,2.1043,2.1195,2.1346,2.1498
4.859,4.7624,4.6665,4.5717,4.4766,4.3807,4.2849,4.1889,4.093,3.997,3.9011,3.7959,3.6845,1.5807,1.4756,1.3946,1.3732,1.3524,1.3415,1.3306,1.3206,1.3108,1.301,1.2913,1.2816
2.1537,2.2698,2.3849,2.4988,2.613,2.7281,2.8431,2.9583,3.0736,3.1888,3.304,3.4303,3.564,0.5665,1.4235,1.5207,1.5464,1.5714,1.5845,1.5975,1.6095,1.6213,1.633,1.6447,1.6563
5.2081,5.2081,5.2081,5.2081,5.2081,4.8955,4.2248,3.5541,2.8833,2.2126,1.5419,0.8727,2.1445,2.1445,2.1445,2.1445,2.1445,2.1445,2.1445,2.1445,2.1445,2.1445,2.1445,2.1445,2.1445
5.2003,5.2003,5.2003,5.2003,5.2003,5.2003,5.2003,5.2003,5.2003,5.2003,5.2003,5.2003,5.2003,5.2003,1.1164,1.8677,2.1413,2.1413,2.1413,2.1413,2.1413,2.1413,2.1413,2.1413,2.1413
1.8771,1.9782,2.0785,2.1778,2.2773,2.3776,2.4779,2.5783,2.6787,2.7791,2.8795,2.7339,0.6405,1.1306,1.2406,1.3254,1.3478,1.3696,1.3809,1.3923,1.4028,1.413,1.4233,1.4334,1.4436
5.1848,5.1848,5.0987,4.9951,4.8912,4.7864,4.6817,4.5769,4.472,4.3672,3.6555,2.0689,0.61,1.7271,1.6122,1.5237,1.5004,1.4776,1.4657,1.4538,1.4429,1.4322,1.4215,1.4109,1.4003
4.5438,4.7887,5.0315,5.1771,5.1771,5.1771,5.1771,5.1771,5.1771,5.1771,5.1771,5.1771,5.1771,5.1771,1.062,1.7766,2.1317,2.1317,2.1317,2.1317,2.1317,2.1317,2.1317,2.1317,2.1317
5.1694,5.1694,5.1694,5.1694,5.1694,5.0804,4.3844,3.6883,2.9923,2.2962,1.6002,0.9056,2.1286,2.1286,2.1286,2.1286,2.1286,2.1286,2.1286,2.1286,2.1286,2.1286,2.1286,2.1286,2.1286
5.1617,5.1617,5.1617,5.1617,5.073,4.9644,4.8558,4.747,4.6383,4.5296,4.4208,4.3016,4.1754,0.6826,1.6721,1.5804,1.5561,1.5325,1.5202,1.5079,1.4966,1.4854,1.4744,1.4634,1.4524
1.8512,1.9509,2.0499,2.1477,2.2459,2.3448,2.4437,2.5428,2.6418,2.7408,2.8398,2.9484,3.0633,1.115,1.2235,1.3071,1.3292,1.3507,1.3619,1.3731,1.3834,1.3936,1.4036,1.4136,1.4236
5.1465,5.1465,5.1465,5.1465,5.1465,5.1465,4.9613,4.1737,3.386,2.5984,1.8107,1.0248,2.1191,2.1191,2.1191,2.1191,2.1191,2.1191,2.1191,2.1191,2.1191,2.1191,2.1191,2.1191,2.1191
5.1389,5.1389,5.1389,5.1389,5.1389,5.1389,5.1389,5.1389,5.1389,5.1389,5.1389,5.1389,5.1389,5.1389,0.995,1.6645,2.116,2.116,2.116,2.116,2.116,2.116,2.116,2.116,2.116
2.2909,2.4143,2.5368,2.6579,2.7793,2.9017,3.0242,3.1467,3.2692,3.3918,2.455,1.3894,0.3923,1.3799,1.5141,1.6176,1.6449,1.6715,1.6854,1.6992,1.712,1.7246,1.737,1.7494,1.7618
4.8951,4.7977,4.7012,4.6056,4.5098,4.4133,4.3167,4.22,4.1234,4.0267,3.9301,3.8241,2.7025,1.5924,1.4865,1.4049,1.3834,1.3624,1.3515,1.3405,1.3304,1.3205,1.3107,1.3009,1.2912
2.634,2.776,2.9167,3.056,3.1956,3.3364,3.4771,3.618,3.7589,3.8998,4.0407,4.1952,4.3587,0.6019,1.3523,1.8599,1.8912,1.9218,1.9378,1.9538,1.9685,1.9829,1.9972,2.0114,2.0257
5.1087,5.1087,5.1087,5.1087,5.1087,4.8389,4.1759,3.5129,2.85,2.187,1.5241,0.8626,2.1036,2.1036,2.1036,2.1036,2.1036,2.1036,2.1036,2.1036,2.1036,2.1036,2.1036,2.1036,2.1036
5.1012,5.1012,5.1012,5.1012,5.1012,5.1012,5.1012,5.1012,5.1012,5.1012,5.1012,5.1012,5.1012,0.6001,1.3239,2.1005,2.0788,2.0473,2.0308,2.0144,1.9992,1.9843,1.9696,1.9549,1.9402
1.8196,1.9177,2.0149,2.1111,2.2076,2.3048,2.4021,2.4994,2.5967,2.6941,2.7914,2.8981,2.0204,1.096,1.2027,1.2848,1.3065,1.3276,1.3387,1.3497,1.3598,1.3698,1.3797,1.3895,1.3994
5.0863,5.0863,5.0863,5.0863,5.0863,5.0863,5.0863,5.0863,4.7809,3.6688,2.5567,1.447,2.0944,1.9932,1.8606,1.7585,1.7316,1.7053,1.6916,1.6779,1.6653,1.6529,1.6406,1.6284,1.6161
5.0789,5.0789,5.0789,5.0789,5.0789,5.0789,5.0789,5.0789,5.0789,5.0789,5.0789,5.0789,5.0789,5.0789,1.0089,1.6878,2.0913,2.0913,2.0913,2.0913,2.0913,2.0913,2.0913,2.0913,2.0913
3.4553,3.6415,3.8262,4.0089,4.1921,4.3767,4.5614,4.154,3.3701,2.5861,1.8022,1.02,1.8732,2.0813,2.0883,2.0883,2.0883,2.0883,2.0883,2.0883,2.0883,2.0883,2.0883,2.0883,2.0883
5.0641,5.0188,4.9178,4.8179,4.7177,4.6166,4.5156,4.4145,4.3134,4.2123,4.1112,4.0003,3.8829,1.2032,1.555,1.4697,1.4471,1.4252,1.4137,1.4023,1.3917,1.3814,1.3711,1.3609,1.3507
2.0387,2.1486,2.2576,2.3653,2.4734,2.5824,2.6913,2.8004,2.9094,3.0185,3.1275,3.2471,3.3737,0.7291,1.3475,1.4395,1.4638,1.4875,1.4999,1.5122,1.5236,1.5348,1.5458,1.5569,1.5679
5.0495,5.0495,5.0495,5.0495,5.0495,5.0495,4.5092,3.7933,3.0775,2.3616,1.6457,0.9314,2.0792,2.0792,2.0792,2.0792,2.0792,2.0792,2.0792,2.0792,2.0792,2.0792,2.0792,2.0792,2.0792
5.0421,5.0421,5.0421,5.0421,5.0421,5.0421,5.0421,5.0421,5.0421,5.0421,5.0421,5.0421,5.0421,5.0421,1.073,1.7951,2.0762,2.0762,2.0762,2.0762,2.0762,2.0762,2.0762,2.0762,2.0762
2.0304,2.1399,2.2484,2.3557,2.4634,2.5719,2.6804,2.789,2.8976,3.0062,3.1148,2.0043,0.4695,1.223,1.342,1.4337,1.4579,1.4815,1.4938,1.5061,1.5174,1.5285,1.5396,1.5505,1.5615
5.0276,5.0276,4.97,4.869,4.7677,4.6657,4.5636,4.4614,4.3592,4.257,4.1548,3.0452,0.7134,1.6835,1.5715,1.4853,1.4625,1.4403,1.4287,1.4172,1.4065,1.396,1.3857,1.3753,1.365
3.5751,3.7678,3.9589,4.1479,4.3374,4.5285,4.7195,4.9107,5.0203,5.0203,5.0203,5.0203,5.0203,5.0203,1.1654,1.9496,2.0672,2.0672,2.0672,2.0672,2.0672,2.0672,2.0672,2.0672,2.0672
5.0131,5.0131,5.0131,5.0131,5.0131,5.0131,4.3304,3.6429,2.9554,2.2679,1.5805,0.8945,2.0642,2.0642,2.0642,2.0642,2.0642,2.0642,2.0642,2.0642,2.0642,2.0642,2.0642,2.0642,2.0642
5.0059,5.0059,5.0059,5.0059,5.0059,5.0059,5.0059,5.0059,5.0059,5.0059,4.9281,4.7953,4.6546,0.5889,1.713,1.7617,1.7347,1.7084,1.6947,1.6809,1.6683,1.6559,1.6436,1.6313,1.6191
1.8515,1.9513,2.0502,2.1481,2.2463,2.3452,2.4441,2.5432,2.6422,2.7412,2.8403,2.9489,3.0638,1.1152,1.2237,1.3073,1.3294,1.3509,1.3621,1.3733,1.3837,1.3938,1.4039,1.4139,1.4239
4.9915,4.9915,4.9915,4.9915,4.9915,4.9915,4.9915,4.7349,3.8413,2.9478,2.0542,1.1626,2.0553,2.0553,2.0553,2.0553,2.0553,2.0553,2.0553,2.0553,2.0553,2.0553,2.0414,2.0262,2.011
4.9844,4.9844,4.9844,4.9844,4.9844,4.9844,4.9844,4.9844,4.9844,4.9844,4.9844,4.9844,4.9844,4.9844,1.0073,1.6851,2.0524,2.0524,2.0524,2.0524,2.0524,2.0524,2.0524,2.0524,2.0524
2.6514,2.7943,2.936,3.0762,3.2168,3.3585,3.5001,3.642,3.7838,3.1133,2.1696,1.2279,0.454,1.597,1.7524,1.8722,1.9038,1.9345,1.9506,1.9667,1.9815,1.996,2.0104,2.0247,2.0391
4.9702,4.9157,4.8167,4.7188,4.6207,4.5217,4.4228,4.3238,4.2247,4.1257,4.0266,3.9181,3.8031,1.6316,1.523,1.4395,1.4174,1.3959,1.3847,1.3734,1.3631,1.353,1.3429,1.3329,1.3229
2.3848,2.5133,2.6408,2.7669,2.8933,3.0208,3.1482,3.2758,3.4033,3.5309,3.6585,3.7983,3.9464,0.5519,1.5762,1.6839,1.7123,1.74,1.7545,1.7689,1.7822,1.7953,1.8083,1.8212,1.834
4.956,4.956,4.956,4.956,4.956,4.956,4.3299,3.6425,2.9551,2.2677,1.5803,0.8944,2.0407,2.0407,2.0407,2.0407,2.0407,2.0407,2.0407,2.0407,2.0407,2.0407,2.0407,2.0407,2.0407
4.949,4.949,4.949,4.949,4.949,4.949,4.949,4.949,4.949,4.949,4.949,4.949,4.949,4.949,1.2235,2.0378,2.0378,2.0378,2.0378,2.0378,2.0378,2.0378,2.0378,2.0378,2.0378
1.9097,2.0126,2.1147,2.2157,2.3169,2.419,2.521,2.6232,2.7253,2.8275,2.9296,3.0416,0.8956,1.1503,1.2622,1.3484,1.3712,1.3934,1.405,1.4165,1.4272,1.4376,1.448,1.4583,1.4687
4.9349,4.9349,4.9349,4.9349,4.9349,4.9349,4.9349,4.9349,4.8562,4.6339,3.2293,1.8277,0.5806,1.8754,1.7507,1.6546,1.6292,1.6045,1.5916,1.5787,1.5669,1.5552,1.5436,1.5321,1.5206
4.928,4.928,4.928,4.928,4.928,4.928,4.928,4.928,4.928,4.928,4.928,4.928,4.928,4.928,1.0721,1.7936,2.0292,2.0292,2.0292,2.0292,2.0292,2.0292,2.0292,2.0292,2.0292
4.5739,4.8204,4.921,4.921,4.921,4.921,4.7211,3.9716,3.2221,2.4726,1.7231,0.9752,2.0263,2.0263,2.0263,2.0263,2.0263,2.0263,2.0263,2.0263,2.0263,2.0263,2.0263,2.0263,2.0263
4.914,4.914,4.914,4.914,4.914,4.914,4.8618,4.753,4.6441,4.5352,4.4263,4.307,4.1806,0.8443,1.6742,1.5823,1.5581,1.5344,1.5221,1.5098,1.4984,1.4873,1.4762,1.4652,1.4542
1.9779,2.0845,2.1902,2.2947,2.3996,2.5053,2.611,2.7168,2.8226,2.9284,3.0342,3.1502,3.273,1.0309,1.3073,1.3966,1.4201,1.4431,1.4551,1.4671,1.4781,1.4889,1.4997,1.5104,1.5211
4.9002,4.9002,4.9002,4.9002,4.9002,4.9002,4.9002,4.1413,3.3597,2.5782,1.7967,1.0169,2.0177,2.0177,2.0177,2.0177,2.0177,2.0177,2.0177,2.0177,2.0177,2.0177,2.0177,2.0177,2.0177
4.8933,4.8933,4.8933,4.8933,4.8933,4.8933,4.8933,4.8933,4.8933,4.8933,4.8933,4.8933,4.8933,4.8933,1.0552,1.7653,2.0149,2.0149,2.0149,2.0149,2.0149,2.0149,2.0149,2.0149,2.0149
2.2503,2.3716,2.4918,2.6108,2.7301,2.8504,2.9706,3.091,3.2114,3.3317,2.8709,1.6248,0.3853,1.3554,1.4873,1.5889,1.6157,1.6419,1.6555,1.6692,1.6817,1.694,1.7063,1.7184,1.7306
4.8796,4.8796,4.8796,4.8501,4.7492,4.6475,4.5458,4.444,4.3422,4.2404,4.1386,4.027,1.342,1.6769,1.5654,1.4795,1.4568,1.4347,1.4232,1.4116,1.401,1.3906,1.3803,1.37,1.3597
3.0235,3.1865,3.3481,3.5079,3.6682,3.8298,3.9914,4.1531,4.3148,4.4765,4.6383,4.8156,4.8728,0.5733,1.3132,2.0064,2.0064,2.0064,2.0064,2.0064,2.0064,2.0064,2.0064,2.0064,2.0064
4.866,4.866,4.866,4.866,4.866,4.866,4.3671,3.6738,2.9804,2.2871,1.5938,0.9021,2.0036,2.0036,2.0036,2.0036,2.0036,2.0036,2.0036,2.0036,2.0036,2.0036,2.0036,2.0036,2.0036
4.8592,4.8592,4.8592,4.8592,4.8592,4.8592,4.8592,4.8592,4.8592,4.8592,4.8592,4.8592,4.8592,0.5717,1.4969,2.0008,1.9918,1.9616,1.9458,1.93,1.9155,1.9013,1.8871,1.8731,1.859
1.8898,1.9916,2.0926,2.1926,2.2927,2.3937,2.4947,2.5958,2.6969,2.798,2.8991,3.0099,3.1272,1.1383,1.249,1.3344,1.3569,1.3788,1.3903,1.4017,1.4123,1.4226,1.4329,1.4431,1.4533
4.8457,4.8457,4.8457,4.8457,4.8457,4.8457,4.8457,4.8457,4.5073,3.4589,2.4104,1.3642,1.9953,1.9953,1.9953,1.9633,1.9332,1.9039,1.8886,1.8733,1.8592,1.8454,1.8317,1.818,1.8043
4.8389,4.8389,4.8389,4.8389,4.8389,4.8389,4.8389,4.8389,4.8389,4.8389,4.8389,4.8389,4.8389,4.8389,1.0405,1.7407,1.9925,1.9925,1.9925,1.9925,1.9925,1.9925,1.9925,1.9925,1.9925
3.1925,3.3646,3.5352,3.704,3.8733,4.0439,4.2145,4.3852,3.7217,2.856,1.9902,1.1264,1.7307,1.923,1.9897,1.9897,1.9897,1.9897,1.9897,1.9897,1.9897,1.9897,1.9897,1.9897,1.9897
4.8255,4.8255,4.8255,4.8255,4.8255,4.7273,4.6239,4.5204,4.4168,4.3133,4.2097,4.0962,3.976,1.7058,1.5923,1.5049,1.4818,1.4594,1.4476,1.4359,1.4251,1.4145,1.404,1.3935,1.383
2.2298,2.35,2.4692,2.587,2.7053,2.8244,2.9436,3.0628,3.1821,3.3014,3.4207,3.5514,3.6899,0.6561,1.4738,1.5745,1.601,1.6269,1.6404,1.654,1.6664,1.6786,1.6907,1.7028,1.7148
4.8122,4.8122,4.8122,4.8122,4.8122,4.8122,4.5829,3.8553,3.1277,2.4002,1.6726,0.9466,1.9815,1.9815,1.9815,1.9815,1.9815,1.9815,1.9815,1.9815,1.9815,1.9815,1.9815,1.9815,1.9815
4.8055,4.8055,4.8055,4.8055,4.8055,4.8055,4.8055,4.8055,4.8055,4.8055,4.8055,4.8055,4.8055,4.8055,1.1634,1.9463,1.9787,1.9787,1.9787,1.9787,1.9787,1.9787,1.9787,1.9787,1.9787
2.0473,2.1576,2.267,2.3752,2.4838,2.5932,2.7026,2.8121,2.9216,3.0311,3.1406,2.5363,0.5942,1.2331,1.3531,1.4456,1.47,1.4937,1.5061,1.5186,1.53,1.5412,1.5523,1.5634,1.5744
4.7923,4.7923,4.7923,4.7923,4.7923,4.7923,4.7923,4.7923,4.6886,4.5787,4.4208,2.5021,0.5862,1.8107,1.6903,1.5975,1.573,1.5492,1.5367,1.5243,1.5128,1.5016,1.4904,1.4793,1.4682
4.355,4.5897,4.7857,4.7857,4.7857,4.7857,4.7857,4.7857,4.7857,4.7857,4.7857,4.7857,4.7857,4.7857,1.165,1.9489,1.9706,1.9706,1.9706,1.9706,1.9706,1.9706,1.9706,1.9706,1.9706
4.7791,4.7791,4.7791,4.7791,4.7791,4.7791,4.6227,3.8888,3.1549,2.421,1.6871,0.9549,1.9679,1.9679,1.9679,1.9679,1.9679,1.9679,1.9679,1.9679,1.9679,1.9679,1.9679,1.9679,1.9679
4.7726,4.7726,4.7726,4.7726,4.7726,4.7726,4.7726,4.7726,4.7726,4.7726,4.7726,4.7481,4.6088,0.6689,1.8457,1.7444,1.7177,1.6916,1.678,1.6644,1.6519,1.6396,1.6274,1.6153,1.6032
1.9623,2.0681,2.1729,2.2767,2.3807,2.4856,2.5904,2.6954,2.8004,2.9053,3.0103,3.1254,3.2472,1.182,1.297,1.3856,1.409,1.4318,1.4436,1.4555,1.4665,1.4772,1.4879,1.4985,1.5091
4.7595,4.7595,4.7595,4.7595,4.7595,4.7595,4.7595,4.6384,3.763,2.8877,2.0123,1.1389,1.9598,1.9598,1.9598,1.9598,1.9598,1.9598,1.9598,1.9598,1.9598,1.9598,1.9598,1.9598,1.9598
4.753,4.753,4.753,4.753,4.753,4.753,4.753,4.753,4.753,4.753,4.753,4.753,4.753,4.753,1.0602,1.7736,1.9571,1.9571,1.9571,1.9571,1.9571,1.9571,1.9571,1.9571,1.9571
2.5654,2.7037,2.8408,2.9764,3.1124,3.2495,3.3866,3.5238,3.661,3.5553,2.4776,1.4023,0.4393,1.5452,1.6956,1.8114,1.842,1.8718,1.8873,1.9029,1.9172,1.9312,1.9452,1.9545,1.9545
4.7401,4.7401,4.7401,4.7401,4.7401,4.7265,4.6231,4.5196,4.416,4.3125,4.209,4.0955,3.9753,1.7054,1.592,1.5046,1.4816,1.4591,1.4474,1.4356,1.4249,1.4143,1.4037,1.3933,1.3828
2.6864,2.8312,2.9748,3.1168,3.2592,3.4028,3.5464,3.69,3.8337,3.9774,4.1212,4.2787,4.4455,0.5569,1.5277,1.8969,1.9289,1.9492,1.9492,1.9492,1.9492,1.9492,1.9492,1.9492,1.9492
4.7272,4.7272,4.7272,4.7272,4.7272,4.7272,4.4949,3.7813,3.0677,2.3541,1.6405,0.9285,1.9465,1.9465,1.9465,1.9465,1.9465,1.9465,1.9465,1.9465,1.9465,1.9465,1.9465,1.9465,1.9465
4.7208,4.7208,4.7208,4.7208,4.7208,4.7208,4.7208,4.7208,4.7208,4.7208,4.7208,4.7208,4.7208,0.5554,1.3623,1.9439,1.9439,1.9439,1.9439,1.9439,1.9439,1.9439,1.9439,1.9439,1.9439
1.9686,2.0747,2.1799,2.284,2.3884,2.4936,2.5988,2.7041,2.8093,2.9147,3.02,3.1354,1.4425,1.1858,1.3011,1.39,1.4135,1.4363,1.4483,1.4602,1.4712,1.482,1.4927,1.5033,1.514
4.708,4.708,4.708,4.708,4.708,4.708,4.708,4.708,4.708,4.2404,2.955,1.6724,0.5539,1.9386,1.9296,1.8237,1.7957,1.7685,1.7543,1.74,1.727,1.7141,1.7014,1.6887,1.676
4.7017,4.7017,4.7017,4.7017,4.7017,4.7017,4.7017,4.7017,4.7017,4.7017,4.7017,4.7017,4.7017,4.7017,1.0972,1.8355,1.936,1.936,1.936,1.936,1.936,1.936,1.936,1.936,1.936
4.0579,4.2766,4.4935,4.6953,4.6953,4.6953,4.6953,4.3379,3.5192,2.7006,1.882,1.0651,1.9334,1.9334,1.9334,1.9334,1.9334,1.9334,1.9334,1.9334,1.9334,1.9334,1.9334,1.9334,1.9334
4.689,4.689,4.689,4.689,4.689,4.689,4.689,4.689,4.689,4.6057,4.4951,4.3739,4.2456,1.0979,1.7002,1.6069,1.5823,1.5583,1.5458,1.5332,1.5217,1.5104,1.4992,1.488,1.4768
2.1425,2.2579,2.3724,2.4857,2.5993,2.7138,2.8282,2.9428,3.0574,3.1721,3.2867,3.4123,3.5453,0.8748,1.416,1.5128,1.5383,1.5632,1.5762,1.5892,1.6011,1.6128,1.6245,1.6361,1.6477
4.6764,4.6764,4.6764,4.6764,4.6764,4.6764,4.6764,4.1711,3.3839,2.5968,1.8096,1.0242,1.9256,1.9256,1.9256,1.9256,1.9256,1.9256,1.9256,1.9256,1.9256,1.9256,1.9256,1.9256,1.9256
4.6702,4.6702,4.6702,4.6702,4.6702,4.6702,4.6702,4.6702,4.6702,4.6702,4.6702,4.6702,4.6702,4.6702,1.1343,1.8976,1.923,1.923,1.923,1.923,1.923,1.923,1.923,1.923,1.923
2.2462,2.3672,2.4873,2.6061,2.7251,2.8452,2.9652,3.0853,3.2055,3.3257,3.4458,1.9557,0.4582,1.353,1.4846,1.586,1.6128,1.6389,1.6525,1.6661,1.6786,1.6909,1.7031,1.7153,1.7274
4.6577,4.6577,4.6577,4.6577,4.6577,4.6577,4.6577,4.6577,4.6336,4.525,4.4163,3.9628,0.9284,1.7895,1.6704,1.5788,1.5546,1.531,1.5187,1.5064,1.495,1.4839,1.4729,1.4619,1.4509
3.555,3.7466,3.9366,4.1245,4.313,4.503,4.6514,4.6514,4.6514,4.6514,4.6514,4.6514,4.6514,0.5472,1.2977,1.9153,1.9153,1.9153,1.9153,1.9153,1.9153,1.9153,1.9153,1.9153,1.9153
4.6452,4.6452,4.6452,4.6452,4.6452,4.6452,4.6275,3.8929,3.1582,2.4236,1.6889,0.9559,1.9127,1.9127,1.9127,1.9127,1.9127,1.9127,1.9127,1.9127,1.9127,1.9127,1.9127,1.9127,1.9127
4.639,4.639,4.639,4.639,4.639,4.639,4.639,4.639,4.639,4.639,4.639,4.639,4.639,0.5693,1.7281,1.9102,1.9102,1.9102,1.9009,1.8855,1.8713,1.8574,1.8436,1.8298,1.8161
1.9888,2.096,2.2023,2.3074,2.4129,2.5192,2.6254,2.7318,2.8382,2.9446,3.051,3.1676,3.2911,1.1979,1.3145,1.4043,1.428,1.4511,1.4631,1.4752,1.4863,1.4972,1.508,1.5187,1.5295
4.6267,4.6267,4.6267,4.6267,4.6267,4.6267,4.6267,4.6267,4.3443,3.3338,2.3232,1.3149,1.9051,1.9051,1.9051,1.9051,1.9051,1.9051,1.9051,1.9051,1.9051,1.9051,1.9051,1.9051,1.9051
4.6206,4.6206,4.6206,4.6206,4.6206,4.6206,4.6206,4.6206,4.6206,4.6206,4.6206,4.6206,4.6206,4.6206,1.0876,1.8194,1.9026,1.9026,1.9026,1.9026,1.9026,1.9026,1.9026,1.9026,1.9026
3.0274,3.1906,3.3524,3.5124,3.673,3.8347,3.9965,4.1584,4.1809,3.2083,2.2358,1.2654,1.6412,1.8235,1.9001,1.9001,1.9001,1.9001,1.9001,1.9001,1.9001,1.9001,1.9001,1.9001,1.9001
4.6083,4.6083,4.6083,4.6083,4.6083,4.6083,4.6083,4.6083,4.5849,4.4774,4.3699,4.2521,4.1273,1.7707,1.6529,1.5622,1.5382,1.5149,1.5027,1.4905,1.4793,1.4683,1.4574,1.4465,1.4357
2.4781,2.6117,2.7441,2.8752,3.0065,3.139,3.2714,3.404,3.5365,3.6691,3.8016,3.947,4.1008,0.6097,1.6379,1.7498,1.7793,1.8081,1.8231,1.8382,1.852,1.8655,1.879,1.8924,1.895
4.5962,4.5962,4.5962,4.5962,4.5962,4.5962,4.5962,3.9737,3.2238,2.4739,1.724,0.9757,1.8925,1.8925,1.8925,1.8925,1.8925,1.8925,1.8925,1.8925,1.8925,1.8925,1.8925,1.8925,1.8925
4.5901,4.5901,4.5901,4.5901,4.5901,4.5901,4.5901,4.5901,4.5901,4.5901,4.5901,4.5901,4.5901,0.54,1.2808,1.89,1.89,1.89,1.89,1.89,1.89,1.89,1.89,1.89,1.89
2.0945,2.2074,2.3194,2.4301,2.5411,2.6531,2.765,2.877,2.9891,3.1011,3.2131,3.336,0.799,1.2616,1.3844,1.4789,1.5039,1.5282,1.5409,1.5536,1.5653,1.5768,1.5881,1.5995,1.6108
4.578,4.578,4.578,4.578,4.578,4.578,4.578,4.578,4.578,4.578,3.8541,2.1813,0.5386,1.8851,1.8449,1.7436,1.7169,1.6908,1.6773,1.6637,1.6512,1.6389,1.6267,1.6146,1.6024
4.572,4.572,4.572,4.572,4.572,4.572,4.572,4.572,4.572,4.572,4.572,4.572,4.572,0.5379,1.1825,1.8826,1.8826,1.8826,1.8826,1.8826,1.8826,1.8826,1.8826,1.8826,1.8826
4.566,4.566,4.566,4.566,4.566,4.566,4.566,4.2111,3.4164,2.6217,1.8269,1.034,1.8801,1.8801,1.8801,1.8801,1.8801,1.8801,1.8801,1.8801,1.8801,1.8801,1.8801,1.8801,1.8801
4.5601,4.5601,4.5601,4.5601,4.5601,4.5601,4.5601,4.5601,4.5601,4.5601,4.5601,4.5601,4.5601,0.8193,1.8575,1.7556,1.7287,1.7024,1.6887,1.6751,1.6625,1.6501,1.6378,1.6256,1.6134
2.1092,2.2229,2.3356,2.4472,2.559,2.6717,2.7844,2.8972,3.01,3.1229,3.2357,3.3594,3.4904,1.2705,1.3941,1.4893,1.5145,1.539,1.5517,1.5645,1.5763,1.5878,1.5993,1.6107,1.6221
4.5481,4.5481,4.5481,4.5481,4.5481,4.5481,4.5481,4.5481,3.7514,2.8787,2.0061,1.1354,1.8728,1.8728,1.8728,1.8728,1.8728,1.8728,1.8728,1.8728,1.8728,1.8728,1.8728,1.8728,1.8728
4.5422,4.5422,4.5422,4.5422,4.5422,4.5422,4.5422,4.5422,4.5422,4.5422,4.5422,4.5422,4.5422,4.5422,1.1315,1.8703,1.8703,1.8703,1.8703,1.8703,1.8703,1.8703,1.8703,1.8703,1.8703
2.5302,2.6666,2.8018,2.9356,3.0698,3.205,3.3402,3.4755,3.6109,3.7462,2.8951,1.6385,0.4333,1.5241,1.6724,1.7866,1.8167,1.8461,1.8615,1.8679,1.8679,1.8679,1.8679,1.8679,1.8679
4.5304,4.5304,4.5304,4.5304,4.5304,4.5304,4.5304,4.5304,4.5304,4.5304,4.4615,4.3412,2.1521,1.8078,1.6875,1.5949,1.5705,1.5466,1.5342,1.5218,1.5103,1.4991,1.488,1.4769,1.4658
3.0885,3.2549,3.42,3.5833,3.747,3.912,4.0771,4.2423,4.4075,4.5245,4.5245,4.5245,4.5245,0.5323,1.4882,1.863,1.863,1.863,1.863,1.863,1.863,1.863,1.863,1.863,1.863
4.5186,4.5186,4.5186,4.5186,4.5186,4.5186,4.5186,3.9811,3.2298,2.4785,1.7272,0.9775,1.8606,1.8606,1.8606,1.8606,1.8606,1.8606,1.8606,1.8606,1.8606,1.8606,1.8606,1.8606,1.8606
4.5128,4.5128,4.5128,4.5128,4.5128,4.5128,4.5128,4.5128,4.5128,4.5128,4.5128,4.5128,4.5128,0.5309,1.5453,1.8582,1.8582,1.8582,1.8582,1.8582,1.8582,1.8582,1.8582,1.8582,1.8582
2.0586,2.1695,2.2796,2.3884,2.4975,2.6075,2.7175,2.8277,2.9378,3.0479,3.158,3.2787,3.3401,1.24,1.3606,1.4536,1.4781,1.502,1.5145,1.527,1.5384,1.5497,1.5609,1.572,1.5832
4.5011,4.5011,4.5011,4.5011,4.5011,4.5011,4.5011,4.5011,4.5011,3.997,2.7854,1.5764,0.5295,1.8534,1.8534,1.8534,1.8534,1.8534,1.8534,1.8534,1.8534,1.8534,1.8534,1.8534,1.8534
4.4953,4.4953,4.4953,4.4953,4.4953,4.4953,4.4953,4.4953,4.4953,4.4953,4.4953,4.4953,4.4953,0.5289,1.1394,1.851,1.851,1.851,1.851,1.851,1.851,1.851,1.851,1.851,1.851
3.737,3.9384,4.1381,4.3357,4.4895,4.4895,4.4895,4.4895,3.9073,2.9984,2.0895,1.1826,1.8486,1.8486,1.8486,1.8486,1.8486,1.8486,1.8486,1.8486,1.8486,1.8486,1.8486,1.8486,1.8486
4.4837,4.4837,4.4837,4.4837,4.4837,4.4837,4.4837,4.4837,4.4837,4.4837,4.4837,4.4837,4.3774,1.5406,1.753,1.6568,1.6314,1.6067,1.5937,1.5808,1.569,1.5573,1.5457,1.5342,1.5227
2.3576,2.4846,2.6107,2.7353,2.8603,2.9863,3.1123,3.2384,3.3645,3.4906,3.6167,3.755,3.9013,0.7807,1.5582,1.6647,1.6928,1.7202,1.7344,1.7487,1.7619,1.7748,1.7876,1.8004,1.8131
4.4722,4.4722,4.4722,4.4722,4.4722,4.4722,4.4722,4.2681,3.4626,2.6572,1.8517,1.048,1.8415,1.8415,1.8415,1.8415,1.8415,1.8415,1.8415,1.8415,1.8415,1.8415,1.8415,1.8415,1.8415
4.4665,4.4665,4.4665,4.4665,4.4665,4.4665,4.4665,4.4665,4.4665,4.4665,4.4665,4.4665,4.4665,0.5255,1.2381,1.8391,1.8391,1.8391,1.8391,1.8391,1.8391,1.8391,1.8391,1.8391,1.8391
2.2797,2.4026,2.5244,2.645,2.7658,2.8877,3.0095,3.1314,3.2534,3.3753,3.4973,2.4444,0.5726,1.3732,1.5068,1.6097,1.6369,1.6634,1.6772,1.691,1.7037,1.7162,1.7286,1.7409,1.7532
4.455,4.455,4.455,4.455,4.455,4.455,4.455,4.455,4.455,4.455,4.455,3.142,0.7361,1.8344,1.8096,1.7103,1.684,1.6585,1.6452,1.6318,1.6196,1.6075,1.5956,1.5837,1.5718
4.308,4.4493,4.4493,4.4493,4.4493,4.4493,4.4493,4.4493,4.4493,4.4493,4.4493,4.4493,4.4493,0.5235,1.3054,1.8321,1.8321,1.8321,1.8321,1.8321,1.8321,1.8321,1.8321,1.8321,1.8321
4.4437,4.4437,4.4437,4.4437,4.4437,4.4437,4.4437,4.1871,3.3969,2.6067,1.8165,1.0281,1.8297,1.8297,1.8297,1.8297,1.8297,1.8297,1.8297,1.8297,1.8297,1.8297,1.8297,1.8297,1.8297
4.438,4.438,4.438,4.438,4.438,4.438,4.438,4.438,4.438,4.438,4.438,4.438,4.438,0.6742,1.8274,1.8274,1.8274,1.8274,1.8274,1.8274,1.8274,1.8274,1.8274,1.8223,1.8086
2.1244,2.2389,2.3525,2.4648,2.5774,2.6909,2.8045,2.9181,3.0317,3.1454,3.259,3.3836,3.5155,1.2796,1.4041,1.5001,1.5254,1.55,1.5629,1.5758,1.5876,1.5993,1.6108,1.6223,1.6338
4.4267,4.4267,4.4267,4.4267,4.4267,4.4267,4.4267,4.4267,4.2771,3.2822,2.2873,1.2945,1.8228,1.8228,1.8228,1.8228,1.8228,1.8228,1.8228,1.8228,1.8228,1.8228,1.8228,1.8228,1.8228
4.4211,4.4211,4.4211,4.4211,4.4211,4.4211,4.4211,4.4211,4.4211,4.4211,4.4211,4.4211,4.4211,0.5201,1.1539,1.8204,1.8204,1.8204,1.8204,1.8204,1.8204,1.8204,1.8204,1.8204,1.8204
2.9407,3.0992,3.2564,3.4119,3.5678,3.7249,3.8821,4.0394,4.1967,3.6782,2.5632,1.4507,0.5035,1.7713,1.8181,1.8181,1.8181,1.8181,1.8181,1.8181,1.8181,1.8181,1.8181,1.8181,1.8181
4.4099,4.4099,4.4099,4.4099,4.4099,4.4099,4.4099,4.4099,4.4099,4.4099,4.4099,4.4099,4.3499,1.8158,1.742,1.6464,1.6212,1.5966,1.5838,1.5709,1.5591,1.5475,1.536,1.5246,1.5131
2.8065,2.9578,3.1078,3.2561,3.4049,3.5549,3.7049,3.855,4.0051,4.1553,4.3054,4.4043,4.4043,0.5826,1.7685,1.8135,1.8135,1.8135,1.8135,1.8135,1.8135,1.8135,1.8135,1.8135,1.8135
4.3987,4.3987,4.3987,4.3987,4.3987,4.3987,4.3987,4.1597,3.3747,2.5897,1.8047,1.0214,1.8112,1.8112,1.8112,1.8112,1.8112,1.8112,1.8112,1.8112,1.8112,1.8112,1.8112,1.8112,1.8112
4.3932,4.3932,4.3932,4.3932,4.3932,4.3932,4.3932,4.3932,4.3932,4.3932,4.3932,4.3932,4.3932,0.5168,1.4353,1.809,1.809,1.809,1.809,1.809,1.809,1.809,1.809,1.809,1.809
2.1773,2.2947,2.411,2.5262,2.6416,2.7579,2.8743,2.9908,3.1072,3.2237,3.3402,3.4678,1.1858,1.3115,1.4391,1.5374,1.5633,1.5886,1.6018,1.615,1.6272,1.6391,1.6509,1.6627,1.6745
4.3821,4.3821,4.3821,4.3821,4.3821,4.3821,4.3821,4.3821,4.3821,4.3821,3.5123,1.9879,0.5155,1.8044,1.8044,1.8044,1.8044,1.8044,1.8044,1.8044,1.8044,1.8044,1.8044,1.7926,1.7791
4.3766,4.3766,4.3766,4.3766,4.3766,4.3766,4.3766,4.3766,4.3766,4.3766,4.3766,4.3766,4.3766,0.5149,1.2203,1.8021,1.8021,1.8021,1.8021,1.8021,1.8021,1.8021,1.8021,1.8021,1.8021
4.3711,4.3711,4.3711,4.3711,4.3711,4.3711,4.3711,4.3711,3.7613,2.8863,2.0114,1.1384,1.7999,1.7999,1.7999,1.7999,1.7999,1.7999,1.7999,1.7999,1.7999,1.7999,1.7999,1.7999,1.7999
4.3656,4.3656,4.3656,4.3656,4.3656,4.3656,4.3656,4.3656,4.3656,4.3656,4.3656,4.3656,4.3656,1.0486,1.7976,1.7976,1.7701,1.7432,1.7292,1.7152,1.7023,1.6896,1.6771,1.6645,1.6521
2.3043,2.4285,2.5516,2.6735,2.7956,2.9188,3.0419,3.1652,3.2884,3.4117,3.535,3.6701,3.8132,1.0883,1.523,1.6271,1.6545,1.6813,1.6952,1.7092,1.7221,1.7347,1.7472,1.7597,1.7721
4.3547,4.3547,4.3547,4.3547,4.3547,4.3547,4.3547,4.3547,3.8088,2.9228,2.0368,1.1528,1.7931,1.7931,1.7931,1.7931,1.7931,1.7931,1.7931,1.7931,1.7931,1.7931,1.7931,1.7931,1.7931
4.3493,4.3493,4.3493,4.3493,4.3493,4.3493,4.3493,4.3493,4.3493,4.3493,4.3493,4.3493,4.3493,0.5117,1.2273,1.7909,1.7909,1.7909,1.7909,1.7909,1.7909,1.7909,1.7909,1.7909,1.7909
2.545,2.6822,2.8182,2.9527,3.0877,3.2237,3.3597,3.4958,3.6319,3.7681,3.4809,1.9701,0.4615,1.5329,1.6821,1.7886,1.7886,1.7886,1.7886,1.7886,1.7886,1.7886,1.7886,1.7886,1.7886
4.3384,4.3384,4.3384,4.3384,4.3384,4.3384,4.3384,4.3384,4.3384,4.3384,4.3384,4.3384,1.293,1.7864,1.7864,1.7179,1.6916,1.6659,1.6525,1.6392,1.6268,1.6147,1.6027,1.5908,1.5788
3.6401,3.8363,4.0308,4.2233,4.333,4.333,4.333,4.333,4.333,4.333,4.333,4.333,4.333,0.5098,1.481,1.7842,1.7842,1.7842,1.7842,1.7842,1.7842,1.7842,1.7842,1.7842,1.7842
4.3277,4.3277,4.3277,4.3277,4.3277,4.3277,4.3277,4.2595,3.4557,2.6518,1.848,1.0459,1.782,1.782,1.782,1.782,1.782,1.782,1.782,1.782,1.782,1.782,1.782,1.782,1.782
4.3223,4.3223,4.3223,4.3223,4.3223,4.3223,4.3223,4.3223,4.3223,4.3223,4.3223,4.3223,4.3223,0.5905,1.7798,1.7798,1.7798,1.7798,1.7798,1.7798,1.7798,1.7798,1.7798,1.7798,1.7798
2.188,2.3059,2.4229,2.5385,2.6546,2.7715,2.8884,3.0054,3.1225,3.2395,3.3566,3.4849,3.6207,1.3179,1.4462,1.5449,1.571,1.5964,1.6097,1.623,1.6352,1.6471,1.659,1.6709,1.6827
4.3116,4.3116,4.3116,4.3116,4.3116,4.3116,4.3116,4.3116,4.3116,3.8713,2.6978,1.5269,0.5072,1.7754,1.7754,1.7754,1.7754,1.7754,1.7754,1.7754,1.7754,1.7754,1.7754,1.7754,1.7754
4.3062,4.3062,4.3062,4.3062,4.3062,4.3062,4.3062,4.3062,4.3062,4.3062,4.3062,4.3062,4.3062,0.5066,1.203,1.7732,1.7732,1.7732,1.7732,1.7732,1.7732,1.7732,1.7732,1.7732,1.7732
3.5541,3.7457,3.9356,4.1235,4.3009,4.3009,4.3009,4.3009,4.3009,3.3946,2.3656,1.3389,0.506,1.771,1.771,1.771,1.771,1.771,1.771,1.771,1.771,1.771,1.771,1.771,1.771
4.2956,4.2956,4.2956,4.2956,4.2956,4.2956,4.2956,4.2956,4.2956,4.2956,4.2956,4.2956,4.2956,1.7688,1.7688,1.7375,1.7109,1.6849,1.6714,1.6578,1.6453,1.6331,1.621,1.6089,1.5968
2.6432,2.7856,2.9269,3.0666,3.2068,3.348,3.4893,3.6306,3.772,3.9134,4.0548,4.2098,4.2903,0.7253,1.747,1.7666,1.7666,1.7666,1.7666,1.7666,1.7666,1.7666,1.7666,1.7666,1.7666
4.285,4.285,4.285,4.285,4.285,4.285,4.285,4.285,3.6057,2.767,1.9282,1.0913,1.7644,1.7644,1.7644,1.7644,1.7644,1.7644,1.7644,1.7644,1.7644,1.7644,1.7644,1.7644,1.7644
4.2798,4.2798,4.2798,4.2798,4.2798,4.2798,4.2798,4.2798,4.2798,4.2798,4.2798,4.2798,4.2798,0.5035,1.376,1.7623,1.7623,1.7623,1.7623,1.7623,1.7623,1.7623,1.7623,1.7623,1.7623
2.3564,2.4833,2.6093,2.7339,2.8588,2.9847,3.1106,3.2367,3.3627,3.4887,3.6148,3.2185,0.754,1.4193,1.5574,1.6638,1.6919,1.7193,1.7335,1.7478,1.7601,1.7601,1.7601,1.7601,1.7601
4.2693,4.2693,4.2693,4.2693,4.2693,4.2693,4.2693,4.2693,4.2693,4.2693,4.2693,2.6996,0.6324,1.7579,1.7579,1.7579,1.7579,1.7579,1.7579,1.7579,1.7579,1.7579,1.7579,1.7462,1.7331
4.2641,4.2641,4.2641,4.2641,4.2641,4.2641,4.2641,4.2641,4.2641,4.2641,4.2641,4.2641,4.2641,0.5017,1.3384,1.7558,1.7558,1.7558,1.7558,1.7558,1.7558,1.7558,1.7558,1.7558,1.7558
4.2588,4.2588,4.2588,4.2588,4.2588,4.2588,4.2588,4.2588,3.7181,2.8532,1.9883,1.1253,1.7536,1.7536,1.7536,1.7536,1.7536,1.7536,1.7536,1.7536,1.7536,1.7536,1.7536,1.7536,1.7536
4.2536,4.2536,4.2536,4.2536,4.2536,4.2536,4.2536,4.2536,4.2536,4.2536,4.2536,4.2536,4.2536,0.8248,1.7515,1.7515,1.7515,1.7515,1.7515,1.7515,1.7515,1.7515,1.7515,1.7515,1.7515
2.3092,2.4337,2.5571,2.6792,2.8016,2.925,3.0484,3.1719,3.2954,3.419,3.5425,3.6779,3.8213,1.3909,1.5263,1.6305,1.6581,1.6849,1.6989,1.7129,1.7257,1.7384,1.7494,1.7494,1.7494
4.2433,4.2433,4.2433,4.2433,4.2433,4.2433,4.2433,4.2433,4.2433,3.303,2.3018,1.3027,0.4992,1.7472,1.7472,1.7472,1.7472,1.7472,1.7472,1.7472,1.7472,1.7472,1.7472,1.7472,1.7472
4.2381,4.2381,4.2381,4.2381,4.2381,4.2381,4.2381,4.2381,4.2381,4.2381,4.2381,4.2381,4.2381,0.4986,1.246,1.7451,1.7451,1.7451,1.7451,1.7451,1.7451,1.7451,1.7451,1.7451,1.7451
2.9259,3.0836,3.24,3.3947,3.5498,3.7061,3.8625,4.019,4.1755,4.2329,3.0126,1.7051,0.498,1.743,1.743,1.743,1.743,1.743,1.743,1.743,1.743,1.743,1.743,1.743,1.743
4.2278,4.2278,4.2278,4.2278,4.2278,4.2278,4.2278,4.2278,4.2278,4.2278,4.2278,4.2278,4.2278,1.7409,1.7409,1.7409,1.739,1.7127,1.6989,1.6851,1.6725,1.66,1.6477,1.6354,1.6231
3.252,3.4273,3.6011,3.773,3.9455,4.1192,4.2227,4.2227,4.2227,4.2227,4.2227,4.2227,4.2227,0.5719,1.7361,1.7388,1.7388,1.7388,1.7388,1.7388,1.7388,1.7388,1.7388,1.7388,1.7388
4.2176,4.2176,4.2176,4.2176,4.2176,4.2176,4.2176,4.2176,3.5965,2.7599,1.9233,1.0885,1.7366,1.7366,1.7366,1.7366,1.7366,1.7366,1.7366,1.7366,1.7366,1.7366,1.7366,1.7366,1.7366
4.2125,4.2125,4.2125,4.2125,4.2125,4.2125,4.2125,4.2125,4.2125,4.2125,4.2125,4.2125,4.2125,0.5414,1.6434,1.7345,1.7345,1.7345,1.7345,1.7345,1.7345,1.7345,1.7345,1.7345,1.7345
2.3052,2.4294,2.5526,2.6745,2.7967,2.9199,3.0431,3.1664,3.2897,3.413,3.5363,3.6715,2.14,1.3885,1.5236,1.6277,1.6552,1.6819,1.6959,1.7099,1.7227,1.7324,1.7324,1.7324,1.7324
4.2023,4.2023,4.2023,4.2023,4.2023,4.2023,4.2023,4.2023,4.2023,4.2023,3.323,1.8808,0.4944,1.7304,1.7304,1.7304,1.7304,1.7304,1.7304,1.7304,1.7304,1.7304,1.7304,1.7304,1.7304
4.1972,4.1972,4.1972,4.1972,4.1972,4.1972,4.1972,4.1972,4.1972,4.1972,4.1972,4.1972,4.1972,0.4938,1.2832,1.7283,1.7283,1.7283,1.7283,1.7283,1.7283,1.7283,1.7283,1.7283,1.7283
4.1922,4.1922,4.1922,4.1922,4.1922,4.1922,4.1922,4.1922,4.1922,3.2417,2.259,1.2786,0.4932,1.7262,1.7262,1.7262,1.7262,1.7262,1.7262,1.7262,1.7262,1.7262,1.7262,1.7262,1.7262
4.1871,4.1871,4.1871,4.1871,4.1871,4.1871,4.1871,4.1871,4.1871,4.1871,4.1871,4.1871,4.1871,1.4294,1.7241,1.7241,1.7241,1.7241,1.7241,1.7241,1.7241,1.7241,1.7241,1.7241,1.7241
2.567,2.7054,2.8426,2.9783,3.1144,3.2515,3.3887,3.526,3.6633,3.8006,3.938,4.0885,4.1821,0.9644,1.6967,1.722,1.722,1.722,1.722,1.722,1.722,1.722,1.722,1.722,1.722
4.1771,4.1771,4.1771,4.1771,4.1771,4.1771,4.1771,4.1771,3.9467,3.0286,2.1106,1.1945,1.72,1.72,1.72,1.72,1.72,1.72,1.72,1.72,1.72,1.72,1.72,1.72,1.72
4.1721,4.1721,4.1721,4.1721,4.1721,4.1721,4.1721,4.1721,4.1721,4.1721,4.1721,4.1721,4.1721,0.4908,1.357,1.7179,1.7179,1.7179,1.7179,1.7179,1.7179,1.7179,1.7179,1.7179,1.7179
2.6154,2.7563,2.8961,3.0344,3.173,3.3128,3.4525,3.5924,3.7323,3.8722,4.0121,2.4582,0.5759,1.5753,1.7159,1.7159,1.7159,1.7159,1.7159,1.7159,1.7159,1.7159,1.7159,1.7159,1.7159
4.1621,4.1621,4.1621,4.1621,4.1621,4.1621,4.1621,4.1621,4.1621,4.1621,4.1621,4.161,0.9748,1.7138,1.7138,1.7138,1.7138,1.7138,1.7138,1.7138,1.7138,1.7138,1.7138,1.7138,1.7138
4.1571,4.1571,4.1571,4.1571,4.1571,4.1571,4.1571,4.1571,4.1571,4.1571,4.1571,4.1571,4.1571,0.4968,1.508,1.7118,1.7118,1.7118,1.7118,1.7118,1.7118,1.7118,1.7118,1.7118,1.7118
4.1522,4.1522,4.1522,4.1522,4.1522,4.1522,4.1522,4.1522,3.7691,2.8923,2.0156,1.1408,1.7097,1.7097,1.7097,1.7097,1.7097,1.7097,1.7097,1.7097,1.7097,1.7097,1.7097,1.7097,1.7097
4.1472,4.1472,4.1472,4.1472,4.1472,4.1472,4.1472,4.1472,4.1472,4.1472,4.1472,4.1472,4.1472,0.7044,1.7077,1.7077,1.7077,1.7077,1.7077,1.7077,1.7077,1.7077,1.7077,1.7077,1.7077
2.3711,2.4989,2.6256,2.751,2.8767,3.0034,3.1301,3.2569,3.3837,3.5106,3.6374,3.7765,3.9237,1.4282,1.5672,1.6742,1.7025,1.7057,1.7057,1.7057,1.7057,1.7057,1.7057,1.7057,1.7057
4.1374,4.1374,4.1374,4.1374,4.1374,4.1374,4.1374,4.1374,4.1374,3.8533,2.6853,1.5198,0.4867,1.7036,1.7036,1.7036,1.7036,1.7036,1.7036,1.7036,1.7036,1.7036,1.7036,1.7036,1.7036
4.1325,4.1325,4.1325,4.1325,4.1325,4.1325,4.1325,4.1325,4.1325,4.1325,4.1325,4.1325,4.1325,0.4862,1.2954,1.7016,1.7016,1.7016,1.7016,1.7016,1.7016,1.7016,1.7016,1.7016,1.7016
3.4861,3.6739,3.8602,4.0445,4.1276,4.1276,4.1276,4.1276,4.1276,3.9365,2.7432,1.5526,0.4856,1.6996,1.6996,1.6996,1.6996,1.6996,1.6996,1.6996,1.6996,1.6996,1.6996,1.6996,1.6996
4.1227,4.1227,4.1227,4.1227,4.1227,4.1227,4.1227,4.1227,4.1227,4.1227,4.1227,4.1227,4.1227,1.6976,1.6976,1.6976,1.6976,1.6976,1.6976,1.6976,1.6976,1.6976,1.6976,1.6976,1.6976
3.0321,3.1955,3.3576,3.5179,3.6786,3.8406,4.0027,4.1178,4.1178,4.1178,4.1178,4.1178,4.1178,0.6985,1.6956,1.6956,1.6956,1.6956,1.6956,1.6956,1.6956,1.6956,1.6956,1.6956,1.6956
4.1129,4.1129,4.1129,4.1129,4.1129,4.1129,4.1129,4.1129,3.8327,2.9412,2.0496,1.16,1.6936,1.6936,1.6936,1.6936,1.6936,1.6936,1.6936,1.6936,1.6936,1.6936,1.6936,1.6936,1.6936
4.1081,4.1081,4.1081,4.1081,4.1081,4.1081,4.1081,4.1081,4.1081,4.1081,4.1081,4.1081,4.1081,0.5151,1.5637,1.6916,1.6916,1.6916,1.6916,1.6916,1.6916,1.6916,1.6916,1.6916,1.6916
2.4877,2.6218,2.7547,2.8863,3.0181,3.1511,3.284,3.4171,3.5501,3.6832,3.8163,3.9622,1.0734,1.4984,1.6442,1.6896,1.6896,1.6896,1.6896,1.6896,1.6896,1.6896,1.6896,1.6896,1.6896
4.0984,4.0984,4.0984,4.0984,4.0984,4.0984,4.0984,4.0984,4.0984,4.0984,4.0984,2.4592,0.5761,1.6876,1.6876,1.6876,1.6876,1.6876,1.6876,1.6876,1.6876,1.6876,1.6876,1.6876,1.6876
4.0936,4.0936,4.0936,4.0936,4.0936,4.0936,4.0936,4.0936,4.0936,4.0936,4.0936,4.0936,4.0936,0.4816,1.4029,1.6856,1.6856,1.6856,1.6856,1.6856,1.6856,1.6856,1.6856,1.6856,1.6856
4.0888,4.0888,4.0888,4.0888,4.0888,4.0888,4.0888,4.0888,4.0888,3.1909,2.2236,1.2585,0.481,1.6836,1.6836,1.6836,1.6836,1.6836,1.6836,1.6836,1.6836,1.6836,1.6836,1.6836,1.6836
4.084,4.084,4.084,4.084,4.084,4.084,4.084,4.084,4.084,4.084,4.084,4.084,4.084,1.0531,1.6816,1.6816,1.6816,1.6816,1.6816,1.6816,1.6816,1.6816,1.6816,1.6816,1.6816
2.5644,2.7026,2.8397,2.9752,3.1112,3.2482,3.3853,3.5224,3.6596,3.7968,3.9339,4.0792,4.0792,1.4262,1.6797,1.6797,1.6797,1.6797,1.6797,1.6797,1.6797,1.6797,1.6797,1.6797,1.6797
4.0744,4.0744,4.0744,4.0744,4.0744,4.0744,4.0744,4.0744,4.0744,3.4059,2.3735,1.3433,0.4793,1.6777,1.6777,1.6777,1.6777,1.6777,1.6777,1.6777,1.6777,1.6777,1.6777,1.6777,1.6777
4.0697,4.0697,4.0697,4.0697,4.0697,4.0697,4.0697,4.0697,4.0697,4.0697,4.0697,4.0697,4.0697,0.4788,1.3745,1.6757,1.6757,1.6757,1.6757,1.6757,1.6757,1.6757,1.6757,1.6757,1.6757
2.9881,3.1491,3.3088,3.4668,3.6252,3.7848,3.9445,4.0649,4.0649,4.0649,3.655,2.0686,0.4846,1.6738,1.6738,1.6738,1.6738,1.6738,1.6738,1.6738,1.6738,1.6738,1.6738,1.6738,1.6738
4.0602,4.0602,4.0602,4.0602,4.0602,4.0602,4.0602,4.0602,4.0602,4.0602,4.0602,4.0602,2.0085,1.6718,1.6718,1.6718,1.6718,1.6718,1.6718,1.6718,1.6718,1.6718,1.6718,1.6718,1.6718
3.879,4.0554,4.0554,4.0554,4.0554,4.0554,4.0554,4.0554,4.0554,4.0554,4.0554,4.0554,4.0554,0.5776,1.6699,1.6699,1.6699,1.6699,1.6699,1.6699,1.6699,1.6699,1.6699,1.6699,1.6699
4.0507,4.0507,4.0507,4.0507,4.0507,4.0507,4.0507,4.0507,3.9178,3.0065,2.0951,1.1858,1.6679,1.6679,1.6679,1.6679,1.6679,1.6679,1.6679,1.6679,1.6679,1.6679,1.6679,1.6679,1.6679
4.046,4.046,4.046,4.046,4.046,4.046,4.046,4.046,4.046,4.046,4.046,4.046,4.046,0.6369,1.666,1.666,1.666,1.666,1.666,1.666,1.666,1.666,1.666,1.666,1.666
2.4957,2.6302,2.7635,2.8955,3.0278,3.1611,3.2945,3.428,3.5615,3.695,3.8285,3.9748,4.0413,1.5032,1.6495,1.6641,1.6641,1.6641,1.6641,1.6641,1.6641,1.6641,1.6641,1.6641,1.6641
4.0366,4.0366,4.0366,4.0366,4.0366,4.0366,4.0366,4.0366,4.0366,4.0366,3.2587,1.8443,0.4749,1.6621,1.6621,1.6621,1.6621,1.6621,1.6621,1.6621,1.6621,1.6621,1.6621,1.6621,1.6621
4.032,4.032,4.032,4.032,4.032,4.032,4.032,4.032,4.032,4.032,4.032,4.032,4.032,0.4743,1.3805,1.6602,1.6602,1.6602,1.6602,1.6602,1.6602,1.6602,1.6602,1.6602,1.6602
4.0273,4.0273,4.0273,4.0273,4.0273,4.0273,4.0273,4.0273,4.0273,3.7333,2.6016,1.4725,0.4738,1.6583,1.6583,1.6583,1.6583,1.6583,1.6583,1.6583,1.6583,1.6583,1.6583,1.6583,1.6583
4.0226,4.0226,4.0226,4.0226,4.0226,4.0226,4.0226,4.0226,4.0226,4.0226,4.0226,4.0226,4.0226,1.6564,1.6564,1.6564,1.6564,1.6564,1.6564,1.6564,1.6564,1.6564,1.6564,1.6564,1.6564
2.9309,3.0888,3.2455,3.4004,3.5558,3.7124,3.8691,4.018,4.018,4.018,4.018,4.018,4.018,0.9015,1.6545,1.6545,1.6545,1.6545,1.6545,1.6545,1.6545,1.6545,1.6545,1.6545,1.6545
4.0134,4.0134,4.0134,4.0134,4.0134,4.0134,4.0134,4.0134,4.0134,3.2154,2.2407,1.2682,0.4722,1.6526,1.6526,1.6526,1.6526,1.6526,1.6526,1.6526,1.6526,1.6526,1.6526,1.6526,1.6526
4.0088,4.0088,4.0088,4.0088,4.0088,4.0088,4.0088,4.0088,4.0088,4.0088,4.0088,4.0088,4.0088,0.5065,1.5374,1.6507,1.6507,1.6507,1.6507,1.6507,1.6507,1.6507,1.6507,1.6507,1.6507
2.7566,2.9051,3.0524,3.1982,3.3443,3.4916,3.6389,3.7864,3.9338,4.0041,4.0041,3.226,0.7557,1.6488,1.6488,1.6488,1.6488,1.6488,1.6488,1.6488,1.6488,1.6488,1.6488,1.6488,1.6488
3.9995,3.9995,3.9995,3.9995,3.9995,3.9995,3.9995,3.9995,3.9995,3.9995,3.9995,3.5243,0.8256,1.6469,1.6469,1.6469,1.6469,1.6469,1.6469,1.6469,1.6469,1.6469,1.6469,1.6469,1.6469
3.995,3.995,3.995,3.995,3.995,3.995,3.995,3.995,3.995,3.995,3.995,3.995,3.995,0.5195,1.5768,1.645,1.645,1.645,1.645,1.645,1.645,1.645,1.645,1.645,1.645
3.9904,3.9904,3.9904,3.9904,3.9904,3.9904,3.9904,3.9904,3.9904,3.2324,2.2525,1.2749,0.4695,1.6431,1.6431,1.6431,1.6431,1.6431,1.6431,1.6431,1.6431,1.6431,1.6431,1.6431,1.6431
3.9858,3.9858,3.9858,3.9858,3.9858,3.9858,3.9858,3.9858,3.9858,3.9858,3.9858,3.9858,3.9858,0.8715,1.6412,1.6412,1.6412,1.6412,1.6412,1.6412,1.6412,1.6412,1.6412,1.6412,1.6412
2.6333,2.7752,2.916,3.0552,3.1948,3.3355,3.4762,3.6171,3.7579,3.8988,3.9812,3.9812,3.9812,1.5861,1.6393,1.6393,1.6393,1.6393,1.6393,1.6393,1.6393,1.6393,1.6393,1.6393,1.6393
3.9767,3.9767,3.9767,3.9767,3.9767,3.9767,3.9767,3.9767,3.9767,3.9531,2.7548,1.5592,0.4678,1.6375,1.6375,1.6375,1.6375,1.6375,1.6375,1.6375,1.6375,1.6375,1.6375,1.6375,1.6375
3.9722,3.9722,3.9722,3.9722,3.9722,3.9722,3.9722,3.9722,3.9722,3.9722,3.9722,3.9722,3.9722,0.4711,1.43,1.6356,1.6356,1.6356,1.6356,1.6356,1.6356,1.6356,1.6356,1.6356,1.6356
3.534,3.7244,3.9133,3.9676,3.9676,3.9676,3.9676,3.9676,3.9676,3.9676,3.2815,1.8572,0.4668,1.6337,1.6337,1.6337,1.6337,1.6337,1.6337,1.6337,1.6337,1.6337,1.6337,1.6337,1.6337
3.9631,3.9631,3.9631,3.9631,3.9631,3.9631,3.9631,3.9631,3.9631,3.9631,3.9631,3.9631,3.9631,1.6319,1.6319,1.6319,1.6319,1.6319,1.6319,1.6319,1.6319,1.6319,1.6319,1.6319,1.6319
3.583,3.7761,3.9586,3.9586,3.9586,3.9586,3.9586,3.9586,3.9586,3.9586,3.9586,3.9586,3.9586,0.698,1.63,1.63,1.63,1.63,1.63,1.63,1.63,1.63,1.63,1.63,1.63
3.9541,3.9541,3.9541,3.9541,3.9541,3.9541,3.9541,3.9541,3.9541,3.2083,2.2358,1.2654,0.4652,1.6282,1.6282,1.6282,1.6282,1.6282,1.6282,1.6282,1.6282,1.6282,1.6282,1.6282,1.6282
3.9496,3.9496,3.9496,3.9496,3.9496,3.9496,3.9496,3.9496,3.9496,3.9496,3.9496,3.9496,3.9496,0.6025,1.6263,1.6263,1.6263,1.6263,1.6263,1.6263,1.6263,1.6263,1.6263,1.6263,1.6263
2.6972,2.8425,2.9867,3.1293,3.2723,3.4164,3.5605,3.7048,3.8491,3.9452,3.9452,3.9452,1.7471,1.6245,1.6245,1.6245,1.6245,1.6245,1.6245,1.6245,1.6245,1.6245,1.6245,1.6245,1.6245
3.9407,3.9407,3.9407,3.9407,3.9407,3.9407,3.9407,3.9407,3.9407,3.9407,3.9407,2.3574,0.5523,1.6226,1.6226,1.6226,1.6226,1.6226,1.6226,1.6226,1.6226,1.6226,1.6226,1.6226,1.6226
3.9362,3.9362,3.9362,3.9362,3.9362,3.9362,3.9362,3.9362,3.9362,3.9362,3.9362,3.9362,3.9362,0.4979,1.5114,1.6208,1.6208,1.6208,1.6208,1.6208,1.6208,1.6208,1.6208,1.6208,1.6208
3.9318,3.9318,3.9318,3.9318,3.9318,3.9318,3.9318,3.9318,3.9318,3.67,2.5575,1.4475,0.4626,1.619,1.619,1.619,1.619,1.619,1.619,1.619,1.619,1.619,1.619,1.619,1.619
3.9274,3.9274,3.9274,3.9274,3.9274,3.9274,3.9274,3.9274,3.9274,3.9274,3.9274,3.9274,3.9274,1.4286,1.6171,1.6171,1.6171,1.6171,1.6171,1.6171,1.6171,1.6171,1.6171,1.6171,1.6171
2.9287,3.0865,3.243,3.3978,3.5531,3.7096,3.8661,3.9229,3.9229,3.9229,3.9229,3.9229,3.9229,1.262,1.6153,1.6153,1.6153,1.6153,1.6153,1.6153,1.6153,1.6153,1.6153,1.6153,1.6153
3.9185,3.9185,3.9185,3.9185,3.9185,3.9185,3.9185,3.9185,3.9185,3.6181,2.5213,1.427,0.461,1.6135,1.6135,1.6135,1.6135,1.6135,1.6135,1.6135,1.6135,1.6135,1.6135,1.6135,1.6135
3.9141,3.9141,3.9141,3.9141,3.9141,3.9141,3.9141,3.9141,3.9141,3.9141,3.9141,3.9141,3.9141,0.5138,1.5595,1.6117,1.6117,1.6117,1.6117,1.6117,1.6117,1.6117,1.6117,1.6117,1.6117
3.1486,3.3183,3.4865,3.653,3.8199,3.9097,3.9097,3.9097,3.9097,3.9097,3.9097,2.6189,0.6135,1.6099,1.6099,1.6099,1.6099,1.6099,1.6099,1.6099,1.6099,1.6099,1.6099,1.6099,1.6099
3.9053,3.9053,3.9053,3.9053,3.9053,3.9053,3.9053,3.9053,3.9053,3.9053,3.9053,3.9053,1.4017,1.6081,1.6081,1.6081,1.6081,1.6081,1.6081,1.6081,1.6081,1.6081,1.6081,1.6081,1.6081
3.901,3.901,3.901,3.901,3.901,3.901,3.901,3.901,3.901,3.901,3.901,3.901,3.901,0.6031,1.6063,1.6063,1.6063,1.6063,1.6063,1.6063,1.6063,1.6063,1.6063,1.6063,1.6063
3.8966,3.8966,3.8966,3.8966,3.8966,3.8966,3.8966,3.8966,3.8966,3.3709,2.3491,1.3295,0.4584,1.6045,1.6045,1.6045,1.6045,1.6045,1.6045,1.6045,1.6045,1.6045,1.6045,1.6045,1.6045
3.8922,3.8922,3.8922,3.8922,3.8922,3.8922,3.8922,3.8922,3.8922,3.8922,3.8922,3.8922,3.8922,0.777,1.6027,1.6027,1.6027,1.6027,1.6027,1.6027,1.6027,1.6027,1.6027,1.6027,1.6027
2.7824,2.9324,3.0811,3.2282,3.3757,3.5244,3.6731,3.8219,3.8879,3.8879,3.8879,3.8879,3.8879,1.6009,1.6009,1.6009,1.6009,1.6009,1.6009,1.6009,1.6009,1.6009,1.6009,1.6009,1.6009
3.8835,3.8835,3.8835,3.8835,3.8835,3.8835,3.8835,3.8835,3.8835,3.8835,3.3233,1.8809,0.4569,1.5991,1.5991,1.5991,1.5991,1.5991,1.5991,1.5991,1.5991,1.5991,1.5991,1.5991,1.5991
3.8792,3.8792,3.8792,3.8792,3.8792,3.8792,3.8792,3.8792,3.8792,3.8792,3.8792,3.8792,3.8792,0.5042,1.5306,1.5973,1.5973,1.5973,1.5973,1.5973,1.5973,1.5973,1.5973,1.5973,1.5973
3.8749,3.8749,3.8749,3.8749,3.8749,3.8749,3.8749,3.8749,3.8749,3.8749,3.0989,1.7539,0.4559,1.5955,1.5955,1.5955,1.5955,1.5955,1.5955,1.5955,1.5955,1.5955,1.5955,1.5955,1.5955
3.8706,3.8706,3.8706,3.8706,3.8706,3.8706,3.8706,3.8706,3.8706,3.8706,3.8706,3.8706,3.8706,1.5938,1.5938,1.5938,1.5938,1.5938,1.5938,1.5938,1.5938,1.5938,1.5938,1.5938,1.5938
3.4594,3.6458,3.8307,3.8663,3.8663,3.8663,3.8663,3.8663,3.8663,3.8663,3.8663,3.8663,3.8663,0.8869,1.592,1.592,1.592,1.592,1.592,1.592,1.592,1.592,1.592,1.592,1.592
3.862,3.862,3.862,3.862,3.862,3.862,3.862,3.862,3.862,3.5242,2.4559,1.39,0.4544,1.5902,1.5902,1.5902,1.5902,1.5902,1.5902,1.5902,1.5902,1.5902,1.5902,1.5902,1.5902
3.8577,3.8577,3.8577,3.8577,3.8577,3.8577,3.8577,3.8577,3.8577,3.8577,3.8577,3.8577,3.8577,0.5931,1.5885,1.5885,1.5885,1.5885,1.5885,1.5885,1.5885,1.5885,1.5885,1.5885,1.5885
3.0028,3.1646,3.3251,3.4838,3.643,3.8035,3.8535,3.8535,3.8535,3.8535,3.8535,3.8535,1.0679,1.5867,1.5867,1.5867,1.5867,1.5867,1.5867,1.5867,1.5867,1.5867,1.5867,1.5867,1.5867
3.8492,3.8492,3.8492,3.8492,3.8492,3.8492,3.8492,3.8492,3.8492,3.8492,3.8492,3.2455,0.7603,1.585,1.585,1.585,1.585,1.585,1.585,1.585,1.585,1.585,1.585,1.585,1.585
3.8449,3.8449,3.8449,3.8449,3.8449,3.8449,3.8449,3.8449,3.8449,3.8449,3.8449,3.8449,3.8449,0.5621,1.5832,1.5832,1.5832,1.5832,1.5832,1.5832,1.5832,1.5832,1.5832,1.5832,1.5832
3.8407,3.8407,3.8407,3.8407,3.8407,3.8407,3.8407,3.8407,3.8407,3.7349,2.6027,1.4731,0.4518,1.5815,1.5815,1.5815,1.5815,1.5815,1.5815,1.5815,1.5815,1.5815,1.5815,1.5815,1.5815
3.8365,3.8365,3.8365,3.8365,3.8365,3.8365,3.8365,3.8365,3.8365,3.8365,3.8365,3.8365,3.8365,1.1342,1.5797,1.5797,1.5797,1.5797,1.5797,1.5797,1.5797,1.5797,1.5797,1.5797,1.5797
3.025,3.188,3.3497,3.5096,3.67,3.8317,3.8323,3.8323,3.8323,3.8323,3.8323,3.8323,3.8323,1.578,1.578,1.578,1.578,1.578,1.578,1.578,1.578,1.578,1.578,1.578,1.578
3.828,3.828,3.828,3.828,3.828,3.828,3.828,3.828,3.828,3.828,2.9353,1.6613,0.4504,1.5763,1.5763,1.5763,1.5763,1.5763,1.5763,1.5763,1.5763,1.5763,1.5763,1.5763,1.5763
3.8238,3.8238,3.8238,3.8238,3.8238,3.8238,3.8238,3.8238,3.8238,3.8238,3.8238,3.8238,3.8238,0.5382,1.5745,1.5745,1.5745,1.5745,1.5745,1.5745,1.5745,1.5745,1.5745,1.5745,1.5745
3.7301,3.8196,3.8196,3.8196,3.8196,3.8196,3.8196,3.8196,3.8196,3.8196,3.8196,2.3194,0.5434,1.5728,1.5728,1.5728,1.5728,1.5728,1.5728,1.5728,1.5728,1.5728,1.5728,1.5728,1.5728
3.8155,3.8155,3.8155,3.8155,3.8155,3.8155,3.8155,3.8155,3.8155,3.8155,3.8155,3.8155,3.8155,1.5711,1.5711,1.5711,1.5711,1.5711,1.5711,1.5711,1.5711,1.5711,1.5711,1.5711,1.5711
3.8113,3.8113,3.8113,3.8113,3.8113,3.8113,3.8113,3.8113,3.8113,3.8113,3.8113,3.8113,3.8113,0.7285,1.5693,1.5693,1.5693,1.5693,1.5693,1.5693,1.5693,1.5693,1.5693,1.5693,1.5693
3.8071,3.8071,3.8071,3.8071,3.8071,3.8071,3.8071,3.8071,3.8071,3.6277,2.5281,1.4308,0.4479,1.5676,1.5676,1.5676,1.5676,1.5676,1.5676,1.5676,1.5676,1.5676,1.5676,1.5676,1.5676
3.8029,3.8029,3.8029,3.8029,3.8029,3.8029,3.8029,3.8029,3.8029,3.8029,3.8029,3.8029,3.8029,0.7337,1.5659,1.5659,1.5659,1.5659,1.5659,1.5659,1.5659,1.5659,1.5659,1.5659,1.5659
3.0343,3.1978,3.36,3.5204,3.6813,3.7988,3.7988,3.7988,3.7988,3.7988,3.7988,3.7988,3.7988,1.5642,1.5642,1.5642,1.5642,1.5642,1.5642,1.5642,1.5642,1.5642,1.5642,1.5642,1.5642
3.7947,3.7947,3.7947,3.7947,3.7947,3.7947,3.7947,3.7947,3.7947,3.7947,3.7947,2.3852,0.5588,1.5625,1.5625,1.5625,1.5625,1.5625,1.5625,1.5625,1.5625,1.5625,1.5625,1.5625,1.5625
3.7905,3.7905,3.7905,3.7905,3.7905,3.7905,3.7905,3.7905,3.7905,3.7905,3.7905,3.7905,3.7905,0.5573,1.5608,1.5608,1.5608,1.5608,1.5608,1.5608,1.5608,1.5608,1.5608,1.5608,1.5608
3.7864,3.7864,3.7864,3.7864,3.7864,3.7864,3.7864,3.7864,3.7864,3.7864,3.0615,1.7327,0.4455,1.5591,1.5591,1.5591,1.5591,1.5591,1.5591,1.5591,1.5591,1.5591,1.5591,1.5591,1.5591
3.7823,3.7823,3.7823,3.7823,3.7823,3.7823,3.7823,3.7823,3.7823,3.7823,3.7823,3.7823,3.7823,1.5574,1.5574,1.5574,1.5574,1.5574,1.5574,1.5574,1.5574,1.5574,1.5574,1.5574,1.5574
3.4819,3.6696,3.7782,3.7782,3.7782,3.7782,3.7782,3.7782,3.7782,3.7782,3.7782,3.7782,3.7782,1.2086,1.5557,1.5557,1.5557,1.5557,1.5557,1.5557,1.5557,1.5557,1.5557,1.5557,1.5557
3.7741,3.7741,3.7741,3.7741,3.7741,3.7741,3.7741,3.7741,3.7741,3.7741,2.7905,1.5793,0.444,1.554,1.554,1.554,1.554,1.554,1.554,1.554,1.554,1.554,1.554,1.554,1.554
3.77,3.77,3.77,3.77,3.77,3.77,3.77,3.77,3.77,3.77,3.77,3.77,3.77,0.6072,1.5524,1.5524,1.5524,1.5524,1.5524,1.5524,1.5524,1.5524,1.5524,1.5524,1.5524
3.4628,3.6494,3.7659,3.7659,3.7659,3.7659,3.7659,3.7659,3.7659,3.7659,3.7659,3.5261,0.8261,1.5507,1.5507,1.5507,1.5507,1.5507,1.5507,1.5507,1.5507,1.5507,1.5507,1.5507,1.5507
3.7619,3.7619,3.7619,3.7619,3.7619,3.7619,3.7619,3.7619,3.7619,3.7619,3.7619,3.7619,1.1806,1.549,1.549,1.549,1.549,1.549,1.549,1.549,1.549,1.549,1.549,1.549,1.549
3.7578,3.7578,3.7578,3.7578,3.7578,3.7578,3.7578,3.7578,3.7578,3.7578,3.7578,3.7578,3.7578,0.6586,1.5473,1.5473,1.5473,1.5473,1.5473,1.5473,1.5473,1.5473,1.5473,1.5473,1.5473
3.7537,3.7537,3.7537,3.7537,3.7537,3.7537,3.7537,3.7537,3.7537,3.7537,2.7476,1.5551,0.4416,1.5457,1.5457,1.5457,1.5457,1.5457,1.5457,1.5457,1.5457,1.5457,1.5457,1.5457,1.5457
3.7497,3.7497,3.7497,3.7497,3.7497,3.7497,3.7497,3.7497,3.7497,3.7497,3.7497,3.7497,3.7497,0.9989,1.544,1.544,1.544,1.544,1.544,1.544,1.544,1.544,1.544,1.544,1.544
3.2394,3.414,3.5872,3.7457,3.7457,3.7457,3.7457,3.7457,3.7457,3.7457,3.7457,3.7457,3.7457,1.5423,1.5423,1.5423,1.5423,1.5423,1.5423,1.5423,1.5423,1.5423,1.5423,1.5423,1.5423
3.7416,3.7416,3.7416,3.7416,3.7416,3.7416,3.7416,3.7416,3.7416,3.7416,3.5656,2.0181,0.4728,1.5407,1.5407,1.5407,1.5407,1.5407,1.5407,1.5407,1.5407,1.5407,1.5407,1.5407,1.5407
3.7376,3.7376,3.7376,3.7376,3.7376,3.7376,3.7376,3.7376,3.7376,3.7376,3.7376,3.7376,3.7376,0.5845,1.539,1.539,1.539,1.539,1.539,1.539,1.539,1.539,1.539,1.539,1.539
3.7336,3.7336,3.7336,3.7336,3.7336,3.7336,3.7336,3.7336,3.7336,3.7336,3.7336,2.1962,0.5145,1.5374,1.5374,1.5374,1.5374,1.5374,1.5374,1.5374,1.5374,1.5374,1.5374,1.5374,1.5374
3.7296,3.7296,3.7296,3.7296,3.7296,3.7296,3.7296,3.7296,3.7296,3.7296,3.7296,3.7296,3.7296,1.5357,1.5357,1.5357,1.5357,1.5357,1.5357,1.5357,1.5357,1.5357,1.5357,1.5357,1.5357
3.7256,3.7256,3.7256,3.7256,3.7256,3.7256,3.7256,3.7256,3.7256,3.7256,3.7256,3.7256,3.7256,0.9268,1.5341,1.5341,1.5341,1.5341,1.5341,1.5341,1.5341,1.5341,1.5341,1.5341,1.5341
3.7216,3.7216,3.7216,3.7216,3.7216,3.7216,3.7216,3.7216,3.7216,3.7216,2.8224,1.5974,0.4378,1.5324,1.5324,1.5324,1.5324,1.5324,1.5324,1.5324,1.5324,1.5324,1.5324,1.5324,1.5324
3.7177,3.7177,3.7177,3.7177,3.7177,3.7177,3.7177,3.7177,3.7177,3.7177,3.7177,3.7177,3.7177,0.7301,1.5308,1.5308,1.5308,1.5308,1.5308,1.5308,1.5308,1.5308,1.5308,1.5308,1.5308
3.4358,3.6209,3.7137,3.7137,3.7137,3.7137,3.7137,3.7137,3.7137,3.7137,3.7137,3.7137,1.702,1.5292,1.5292,1.5292,1.5292,1.5292,1.5292,1.5292,1.5292,1.5292,1.5292,1.5292,1.5292
3.7097,3.7097,3.7097,3.7097,3.7097,3.7097,3.7097,3.7097,3.7097,3.7097,3.7097,3.2414,0.7594,1.5275,1.5275,1.5275,1.5275,1.5275,1.5275,1.5275,1.5275,1.5275,1.5275,1.5275,1.5275
3.7058,3.7058,3.7058,3.7058,3.7058,3.7058,3.7058,3.7058,3.7058,3.7058,3.7058,3.7058,3.7058,0.6402,1.5259,1.5259,1.5259,1.5259,1.5259,1.5259,1.5259,1.5259,1.5259,1.5259,1.5259
3.7019,3.7019,3.7019,3.7019,3.7019,3.7019,3.7019,3.7019,3.7019,3.7019,3.1667,1.7923,0.4355,1.5243,1.5243,1.5243,1.5243,1.5243,1.5243,1.5243,1.5243,1.5243,1.5243,1.5243,1.5243
3.6979,3.6979,3.6979,3.6979,3.6979,3.6979,3.6979,3.6979,3.6979,3.6979,3.6979,3.6979,3.6979,1.5227,1.5227,1.5227,1.5227,1.5227,1.5227,1.5227,1.5227,1.5227,1.5227,1.5227,1.5227
3.6634,3.694,3.694,3.694,3.694,3.694,3.694,3.694,3.694,3.694,3.694,3.694,3.694,1.5211,1.5211,1.5211,1.5211,1.5211,1.5211,1.5211,1.5211,1.5211,1.5211,1.5211,1.5211
3.6901,3.6901,3.6901,3.6901,3.6901,3.6901,3.6901,3.6901,3.6901,3.6901,3.3077,1.872,0.4386,1.5194,1.5194,1.5194,1.5194,1.5194,1.5194,1.5194,1.5194,1.5194,1.5194,1.5194,1.5194
3.6862,3.6862,3.6862,3.6862,3.6862,3.6862,3.6862,3.6862,3.6862,3.6862,3.6862,3.6862,3.6862,0.6492,1.5178,1.5178,1.5178,1.5178,1.5178,1.5178,1.5178,1.5178,1.5178,1.5178,1.5178
3.6823,3.6823,3.6823,3.6823,3.6823,3.6823,3.6823,3.6823,3.6823,3.6823,3.6823,3.0959,0.7253,1.5162,1.5162,1.5162,1.5162,1.5162,1.5162,1.5162,1.5162,1.5162,1.5162,1.5162,1.5162
3.6784,3.6784,3.6784,3.6784,3.6784,3.6784,3.6784,3.6784,3.6784,3.6784,3.6784,3.6784,2.3443,1.5146,1.5146,1.5146,1.5146,1.5146,1.5146,1.5146,1.5146,1.5146,1.5146,1.5146,1.5146
3.6745,3.6745,3.6745,3.6745,3.6745,3.6745,3.6745,3.6745,3.6745,3.6745,3.6745,3.6745,3.6745,0.8094,1.513,1.513,1.513,1.513,1.513,1.513,1.513,1.513,1.513,1.513,1.513
3.6706,3.6706,3.6706,3.6706,3.6706,3.6706,3.6706,3.6706,3.6706,3.6706,3.0283,1.7139,0.4318,1.5114,1.5114,1.5114,1.5114,1.5114,1.5114,1.5114,1.5114,1.5114,1.5114,1.5114,1.5114
3.6668,3.6668,3.6668,3.6668,3.6668,3.6668,3.6668,3.6668,3.6668,3.6668,3.6668,3.6668,3.6668,0.953,1.5098,1.5098,1.5098,1.5098,1.5098,1.5098,1.5098,1.5098,1.5098,1.5098,1.5098
3.6238,3.6629,3.6629,3.6629,3.6629,3.6629,3.6629,3.6629,3.6629,3.6629,3.6629,3.6629,3.6629,1.5083,1.5083,1.5083,1.5083,1.5083,1.5083,1.5083,1.5083,1.5083,1.5083,1.5083,1.5083
3.6591,3.6591,3.6591,3.6591,3.6591,3.6591,3.6591,3.6591,3.6591,3.6591,3.6591,2.5948,0.6079,1.5067,1.5067,1.5067,1.5067,1.5067,1.5067,1.5067,1.5067,1.5067,1.5067,1.5067,1.5067
3.6552,3.6552,3.6552,3.6552,3.6552,3.6552,3.6552,3.6552,3.6552,3.6552,3.6552,3.6552,3.6552,0.6636,1.5051,1.5051,1.5051,1.5051,1.5051,1.5051,1.5051,1.5051,1.5051,1.5051,1.5051
3.6514,3.6514,3.6514,3.6514,3.6514,3.6514,3.6514,3.6514,3.6514,3.6514,3.6514,2.215,0.5189,1.5035,1.5035,1.5035,1.5035,1.5035,1.5035,1.5035,1.5035,1.5035,1.5035,1.5035,1.5035
3.6476,3.6476,3.6476,3.6476,3.6476,3.6476,3.6476,3.6476,3.6476,3.6476,3.6476,3.6476,3.6476,1.5019,1.5019,1.5019,1.5019,1.5019,1.5019,1.5019,1.5019,1.5019,1.5019,1.5019,1.5019
3.6437,3.6437,3.6437,3.6437,3.6437,3.6437,3.6437,3.6437,3.6437,3.6437,3.6437,3.6437,3.6437,1.2681,1.5004,1.5004,1.5004,1.5004,1.5004,1.5004,1.5004,1.5004,1.5004,1.5004,1.5004
3.6399,3.6399,3.6399,3.6399,3.6399,3.6399,3.6399,3.6399,3.6399,3.6399,3.3038,1.8698,0.438,1.4988,1.4988,1.4988,1.4988,1.4988,1.4988,1.4988,1.4988,1.4988,1.4988,1.4988,1.4988
3.6361,3.6361,3.6361,3.6361,3.6361,3.6361,3.6361,3.6361,3.6361,3.6361,3.6361,3.6361,3.6361,0.7687,1.4972,1.4972,1.4972,1.4972,1.4972,1.4972,1.4972,1.4972,1.4972,1.4972,1.4972
3.6323,3.6323,3.6323,3.6323,3.6323,3.6323,3.6323,3.6323,3.6323,3.6323,3.6323,3.6323,1.2301,1.4957,1.4957,1.4957,1.4957,1.4957,1.4957,1.4957,1.4957,1.4957,1.4957,1.4957,1.4957
3.6286,3.6286,3.6286,3.6286,3.6286,3.6286,3.6286,3.6286,3.6286,3.6286,3.6286,3.6286,1.1474,1.4941,1.4941,1.4941,1.4941,1.4941,1.4941,1.4941,1.4941,1.4941,1.4941,1.4941,1.4941
3.6248,3.6248,3.6248,3.6248,3.6248,3.6248,3.6248,3.6248,3.6248,3.6248,3.6248,3.6248,3.6248,0.7746,1.4926,1.4926,1.4926,1.4926,1.4926,1.4926,1.4926,1.4926,1.4926,1.4926,1.4926
3.621,3.621,3.621,3.621,3.621,3.621,3.621,3.621,3.621,3.621,3.4591,1.9577,0.4586,1.491,1.491,1.491,1.491,1.491,1.491,1.491,1.491,1.491,1.491,1.491,1.491
3.6172,3.6172,3.6172,3.6172,3.6172,3.6172,3.6172,3.6172,3.6172,3.6172,3.6172,3.6172,3.6172,1.4034,1.4895,1.4895,1.4895,1.4895,1.4895,1.4895,1.4895,1.4895,1.4895,1.4895,1.4895
3.6135,3.6135,3.6135,3.6135,3.6135,3.6135,3.6135,3.6135,3.6135,3.6135,3.6135,3.6135,3.6135,1.4879,1.4879,1.4879,1.4879,1.4879,1.4879,1.4879,1.4879,1.4879,1.4879,1.4879,1.4879
3.6097,3.6097,3.6097,3.6097,3.6097,3.6097,3.6097,3.6097,3.6097,3.6097,3.6097,2.3521,0.551,1.4864,1.4864,1.4864,1.4864,1.4864,1.4864,1.4864,1.4864,1.4864,1.4864,1.4864,1.4864
3.606,3.606,3.606,3.606,3.606,3.606,3.606,3.606,3.606,3.606,3.606,3.606,3.606,0.7336,1.4848,1.4848,1.4848,1.4848,1.4848,1.4848,1.4848,1.4848,1.4848,1.4848,1.4848
3.6023,3.6023,3.6023,3.6023,3.6023,3.6023,3.6023,3.6023,3.6023,3.6023,3.6023,3.0033,0.7036,1.4833,1.4833,1.4833,1.4833,1.4833,1.4833,1.4833,1.4833,1.4833,1.4833,1.4833,1.4833
3.5986,3.5986,3.5986,3.5986,3.5986,3.5986,3.5986,3.5986,3.5986,3.5986,3.5986,3.5986,3.5986,1.4818,1.4818,1.4818,1.4818,1.4818,1.4818,1.4818,1.4818,1.4818,1.4818,1.4818,1.4818
3.5948,3.5948,3.5948,3.5948,3.5948,3.5948,3.5948,3.5948,3.5948,3.5948,3.5948,3.5948,3.5948,1.065,1.4802,1.4802,1.4802,1.4802,1.4802,1.4802,1.4802,1.4802,1.4802,1.4802,1.4802
3.5911,3.5911,3.5911,3.5911,3.5911,3.5911,3.5911,3.5911,3.5911,3.5911,3.5384,2.0026,0.4691,1.4787,1.4787,1.4787,1.4787,1.4787,1.4787,1.4787,1.4787,1.4787,1.4787,1.4787,1.4787
3.5874,3.5874,3.5874,3.5874,3.5874,3.5874,3.5874,3.5874,3.5874,3.5874,3.5874,3.5874,3.5874,0.9856,1.4772,1.4772,1.4772,1.4772,1.4772,1.4772,1.4772,1.4772,1.4772,1.4772,1.4772
3.5837,3.5837,3.5837,3.5837,3.5837,3.5837,3.5837,3.5837,3.5837,3.5837,3.5837,3.5837,3.4328,1.4757,1.4757,1.4757,1.4757,1.4757,1.4757,1.4757,1.4757,1.4757,1.4757,1.4757,1.4757
3.5801,3.5801,3.5801,3.5801,3.5801,3.5801,3.5801,3.5801,3.5801,3.5801,3.5801,3.5801,0.8502,1.4741,1.4741,1.4741,1.4741,1.4741,1.4741,1.4741,1.4741,1.4741,1.4741,1.4741,1.4741
3.5764,3.5764,3.5764,3.5764,3.5764,3.5764,3.5764,3.5764,3.5764,3.5764,3.5764,3.5764,3.5764,0.8026,1.4726,1.4726,1.4726,1.4726,1.4726,1.4726,1.4726,1.4726,1.4726,1.4726,1.4726
3.5727,3.5727,3.5727,3.5727,3.5727,3.5727,3.5727,3.5727,3.5727,3.5727,3.5727,2.4078,0.5641,1.4711,1.4711,1.4711,1.4711,1.4711,1.4711,1.4711,1.4711,1.4711,1.4711,1.4711,1.4711
3.569,3.569,3.569,3.569,3.569,3.569,3.569,3.569,3.569,3.569,3.569,3.569,3.569,1.4696,1.4696,1.4696,1.4696,1.4696,1.4696,1.4696,1.4696,1.4696,1.4696,1.4696,1.4696
3.5654,3.5654,3.5654,3.5654,3.5654,3.5654,3.5654,3.5654,3.5654,3.5654,3.5654,3.5654,3.5654,1.4681,1.4681,1.4681,1.4681,1.4681,1.4681,1.4681,1.4681,1.4681,1.4681,1.4681,1.4681
3.5617,3.5617,3.5617,3.5617,3.5617,3.5617,3.5617,3.5617,3.5617,3.5617,3.5617,2.348,0.5501,1.4666,1.4666,1.4666,1.4666,1.4666,1.4666,1.4666,1.4666,1.4666,1.4666,1.4666,1.4666
3.5581,3.5581,3.5581,3.5581,3.5581,3.5581,3.5581,3.5581,3.5581,3.5581,3.5581,3.5581,3.5581,0.8727,1.4651,1.4651,1.4651,1.4651,1.4651,1.4651,1.4651,1.4651,1.4651,1.4651,1.4651
3.5545,3.5545,3.5545,3.5545,3.5545,3.5545,3.5545,3.5545,3.5545,3.5545,3.5545,3.5545,1.0998,1.4636,1.4636,1.4636,1.4636,1.4636,1.4636,1.4636,1.4636,1.4636,1.4636,1.4636,1.4636
3.5508,3.5508,3.5508,3.5508,3.5508,3.5508,3.5508,3.5508,3.5508,3.5508,3.5508,3.5508,2.0971,1.4621,1.4621,1.4621,1.4621,1.4621,1.4621,1.4621,1.4621,1.4621,1.4621,1.4621,1.4621
3.5472,3.5472,3.5472,3.5472,3.5472,3.5472,3.5472,3.5472,3.5472,3.5472,3.5472,3.5472,3.5472,1.0152,1.4606,1.4606,1.4606,1.4606,1.4606,1.4606,1.4606,1.4606,1.4606,1.4606,1.4606
3.5436,3.5436,3.5436,3.5436,3.5436,3.5436,3.5436,3.5436,3.5436,3.5436,3.5436,2.3157,0.5425,1.4591,1.4591,1.4591,1.4591,1.4591,1.4591,1.4591,1.4591,1.4591,1.4591,1.4591,1.4591
3.54,3.54,3.54,3.54,3.54,3.54,3.54,3.54,3.54,3.54,3.54,3.54,3.54,1.4122,1.4577,1.4577,1.4577,1.4577,1.4577,1.4577,1.4577,1.4577,1.4577,1.4577,1.4577
3.5364,3.5364,3.5364,3.5364,3.5364,3.5364,3.5364,3.5364,3.5364,3.5364,3.5364,3.5364,3.5364,1.4562,1.4562,1.4562,1.4562,1.4562,1.4562,1.4562,1.4562,1.4562,1.4562,1.4562,1.4562
3.5328,3.5328,3.5328,3.5328,3.5328,3.5328,3.5328,3.5328,3.5328,3.5328,3.5328,3.2457,0.7604,1.4547,1.4547,1.4547,1.4547,1.4547,1.4547,1.4547,1.4547,1.4547,1.4547,1.4547,1.4547
3.5292,3.5292,3.5292,3.5292,3.5292,3.5292,3.5292,3.5292,3.5292,3.5292,3.5292,3.5292,3.5292,0.9046,1.4532,1.4532,1.4532,1.4532,1.4532,1.4532,1.4532,1.4532,1.4532,1.4532,1.4532
3.5257,3.5257,3.5257,3.5257,3.5257,3.5257,3.5257,3.5257,3.5257,3.5257,3.5257,3.2679,0.7656,1.4517,1.4517,1.4517,1.4517,1.4517,1.4517,1.4517,1.4517,1.4517,1.4517,1.4517,1.4517
3.5221,3.5221,3.5221,3.5221,3.5221,3.5221,3.5221,3.5221,3.5221,3.5221,3.5221,3.5221,3.5221,1.4503,1.4503,1.4503,1.4503,1.4503,1.4503,1.4503,1.4503,1.4503,1.4503,1.4503,1.4503
3.5185,3.5185,3.5185,3.5185,3.5185,3.5185,3.5185,3.5185,3.5185,3.5185,3.5185,3.5185,3.5185,1.4488,1.4488,1.4488,1.4488,1.4488,1.4488,1.4488,1.4488,1.4488,1.4488,1.4488,1.4488
3.515,3.515,3.515,3.515,3.515,3.515,3.515,3.515,3.515,3.515,3.515,2.5819,0.6049,1.4473,1.4473,1.4473,1.4473,1.4473,1.4473,1.4473,1.4473,1.4473,1.4473,1.4473,1.4473
3.5114,3.5114,3.5114,3.5114,3.5114,3.5114,3.5114,3.5114,3.5114,3.5114,3.5114,3.5114,3.5114,1.1425,1.4459,1.4459,1.4459,1.4459,1.4459,1.4459,1.4459,1.4459,1.4459,1.4459,1.4459
3.5079,3.5079,3.5079,3.5079,3.5079,3.5079,3.5079,3.5079,3.5079,3.5079,3.5079,3.5079,2.2711,1.4444,1.4444,1.4444,1.4444,1.4444,1.4444,1.4444,1.4444,1.4444,1.4444,1.4444,1.4444
3.5044,3.5044,3.5044,3.5044,3.5044,3.5044,3.5044,3.5044,3.5044,3.5044,3.5044,3.5044,1.3789,1.443,1.443,1.443,1.443,1.443,1.443,1.443,1.443,1.443,1.443,1.443,1.443
3.5009,3.5009,3.5009,3.5009,3.5009,3.5009,3.5009,3.5009,3.5009,3.5009,3.5009,3.5009,3.5009,1.0879,1.4415,1.4415,1.4415,1.4415,1.4415,1.4415,1.4415,1.4415,1.4415,1.4415,1.4415
3.4973,3.4973,3.4973,3.4973,3.4973,3.4973,3.4973,3.4973,3.4973,3.4973,3.4973,2.9599,0.6934,1.4401,1.4401,1.4401,1.4401,1.4401,1.4401,1.4401,1.4401,1.4401,1.4401,1.4401,1.4401
3.4938,3.4938,3.4938,3.4938,3.4938,3.4938,3.4938,3.4938,3.4938,3.4938,3.4938,3.4938,3.4938,1.4386,1.4386,1.4386,1.4386,1.4386,1.4386,1.4386,1.4386,1.4386,1.4386,1.4386,1.4386
3.4903,3.4903,3.4903,3.4903,3.4903,3.4903,3.4903,3.4903,3.4903,3.4903,3.4903,3.4903,3.4903,1.4372,1.4372,1.4372,1.4372,1.4372,1.4372,1.4372,1.4372,1.4372,1.4372,1.4372,1.4372
3.4868,3.4868,3.4868,3.4868,3.4868,3.4868,3.4868,3.4868,3.4868,3.4868,3.4868,3.3758,0.7908,1.4358,1.4358,1.4358,1.4358,1.4358,1.4358,1.4358,1.4358,1.4358,1.4358,1.4358,1.4358
3.4833,3.4833,3.4833,3.4833,3.4833,3.4833,3.4833,3.4833,3.4833,3.4833,3.4833,3.4833,3.4833,1.1396,1.4343,1.4343,1.4343,1.4343,1.4343,1.4343,1.4343,1.4343,1.4343,1.4343,1.4343
3.4799,3.4799,3.4799,3.4799,3.4799,3.4799,3.4799,3.4799,3.4799,3.4799,3.4799,3.4799,1.2129,1.4329,1.4329,1.4329,1.4329,1.4329,1.4329,1.4329,1.4329,1.4329,1.4329,1.4329,1.4329
3.4764,3.4764,3.4764,3.4764,3.4764,3.4764,3.4764,3.4764,3.4764,3.4764,3.4764,3.4764,3.4764,1.4315,1.4315,1.4315,1.4315,1.4315,1.4315,1.4315,1.4315,1.4315,1.4315,1.4315,1.4315
3.4729,3.4729,3.4729,3.4729,3.4729,3.4729,3.4729,3.4729,3.4729,3.4729,3.4729,3.4729,3.4729,1.43,1.43,1.43,1.43,1.43,1.43,1.43,1.43,1.43,1.43,1.43,1.43
3.4695,3.4695,3.4695,3.4695,3.4695,3.4695,3.4695,3.4695,3.4695,3.4695,3.4695,3.235,0.7578,1.4286,1.4286,1.4286,1.4286,1.4286,1.4286,1.4286,1.4286,1.4286,1.4286,1.4286,1.4286
3.466,3.466,3.466,3.466,3.466,3.466,3.466,3.466,3.466,3.466,3.466,3.466,3.466,1.4272,1.4272,1.4272,1.4272,1.4272,1.4272,1.4272,1.4272,1.4272,1.4272,1.4272,1.4272
3.4626,3.4626,3.4626,3.4626,3.4626,3.4626,3.4626,3.4626,3.4626,3.4626,3.4626,3.4626,3.4626,1.4258,1.4258,1.4258,1.4258,1.4258,1.4258,1.4258,1.4258,1.4258,1.4258,1.4258,1.4258
3.4591,3.4591,3.4591,3.4591,3.4591,3.4591,3.4591,3.4591,3.4591,3.4591,3.4591,3.4591,1.2951,1.4243,1.4243,1.4243,1.4243,1.4243,1.4243,1.4243,1.4243,1.4243,1.4243,1.4243,1.4243
3.4557,3.4557,3.4557,3.4557,3.4557,3.4557,3.4557,3.4557,3.4557,3.4557,3.4557,3.4557,3.4557,1.3709,1.4229,1.4229,1.4229,1.4229,1.4229,1.4229,1.4229,1.4229,1.4229,1.4229,1.4229
3.4523,3.4523,3.4523,3.4523,3.4523,3.4523,3.4523,3.4523,3.4523,3.4523,3.4523,3.4523,1.0523,1.4215,1.4215,1.4215,1.4215,1.4215,1.4215,1.4215,1.4215,1.4215,1.4215,1.4215,1.4215
3.4488,3.4488,3.4488,3.4488,3.4488,3.4488,3.4488,3.4488,3.4488,3.4488,3.4488,3.4488,3.4488,1.4201,1.4201,1.4201,1.4201,1.4201,1.4201,1.4201,1.4201,1.4201,1.4201,1.4201,1.4201
3.4454,3.4454,3.4454,3.4454,3.4454,3.4454,3.4454,3.4454,3.4454,3.4454,3.4454,3.4454,3.4454,1.4187,1.4187,1.4187,1.4187,1.4187,1.4187,1.4187,1.4187,1.4187,1.4187,1.4187,1.4187
3.442,3.442,3.442,3.442,3.442,3.442,3.442,3.442,3.442,3.442,3.442,3.442,1.0197,1.4173,1.4173,1.4173,1.4173,1.4173,1.4173,1.4173,1.4173,1.4173,1.4173,1.4173,1.4173
3.4386,3.4386,3.4386,3.4386,3.4386,3.4386,3.4386,3.4386,3.4386,3.4386,3.4386,3.4386,3.4386,1.4159,1.4159,1.4159,1.4159,1.4159,1.4159,1.4159,1.4159,1.4159,1.4159,1.4159,1.4159
3.4352,3.4352,3.4352,3.4352,3.4352,3.4352,3.4352,3.4352,3.4352,3.4352,3.4352,3.4352,2.6676,1.4145,1.4145,1.4145,1.4145,1.4145,1.4145,1.4145,1.4145,1.4145,1.4145,1.4145,1.4145
3.4318,3.4318,3.4318,3.4318,3.4318,3.4318,3.4318,3.4318,3.4318,3.4318,3.4318,3.4318,3.3783,1.4131,1.4131,1.4131,1.4131,1.4131,1.4131,1.4131,1.4131,1.4131,1.4131,1.4131,1.4131
3.4285,3.4285,3.4285,3.4285,3.4285,3.4285,3.4285,3.4285,3.4285,3.4285,3.4285,3.4285,3.4285,1.4117,1.4117,1.4117,1.4117,1.4117,1.4117,1.4117,1.4117,1.4117,1.4117,1.4117,1.4117
3.4251,3.4251,3.4251,3.4251,3.4251,3.4251,3.4251,3.4251,3.4251,3.4251,3.4251,3.4251,1.2875,1.4103,1.4103,1.4103,1.4103,1.4103,1.4103,1.4103,1.4103,1.4103,1.4103,1.4103,1.4103
3.4217,3.4217,3.4217,3.4217,3.4217,3.4217,3.4217,3.4217,3.4217,3.4217,3.4217,3.4217,3.4217,1.4089,1.4089,1.4089,1.4089,1.4089,1.4089,1.4089,1.4089,1.4089,1.4089,1.4089,1.4089
3.4184,3.4184,3.4184,3.4184,3.4184,3.4184,3.4184,3.4184,3.4184,3.4184,3.4184,3.4184,3.4184,1.4076,1.4076,1.4076,1.4076,1.4076,1.4076,1.4076,1.4076,1.4076,1.4076,1.4076,1.4076
3.415,3.415,3.415,3.415,3.415,3.415,3.415,3.415,3.415,3.415,3.415,3.415,2.0538,1.4062,1.4062,1.4062,1.4062,1.4062,1.4062,1.4062,1.4062,1.4062,1.4062,1.4062,1.4062
3.4117,3.4117,3.4117,3.4117,3.4117,3.4117,3.4117,3.4117,3.4117,3.4117,3.4117,3.4117,3.4117,1.4048,1.4048,1.4048,1.4048,1.4048,1.4048,1.4048,1.4048,1.4048,1.4048,1.4048,1.4048
3.4083,3.4083,3.4083,3.4083,3.4083,3.4083,3.4083,3.4083,3.4083,3.4083,3.4083,3.4083,3.1444,1.4034,1.4034,1.4034,1.4034,1.4034,1.4034,1.4034,1.4034,1.4034,1.4034,1.4034,1.4034
3.405,3.405,3.405,3.405,3.405,3.405,3.405,3.405,3.405,3.405,3.405,3.405,3.405,1.4021,1.4021,1.4021,1.4021,1.4021,1.4021,1.4021,1.4021,1.4021,1.4021,1.4021,1.4021
3.4017,3.4017,3.4017,3.4017,3.4017,3.4017,3.4017,3.4017,3.4017,3.4017,3.4017,3.4017,3.4017,1.4007,1.4007,1.4007,1.4007,1.4007,1.4007,1.4007,1.4007,1.4007,1.4007,1.4007,1.4007
